PNU,지번주소,도로명주소,용도군_tier1,대장_주용도,mgmBldrgstPk,매칭,원후보수,다중후보_미해결
1123010100101020031,서울특별시 동대문구 신설동,서울특별시 동대문구 천호대로 7-10 (신설동),근린생활2,제2종근린생활시설,1007118561,지번,1,False
1123010300101350022,서울특별시 동대문구 제기동,서울특별시 동대문구 제기로 23 (제기동),근린생활1,제1종근린생활시설,1007110796,지번,1,False
1123010700103130000,서울특별시 동대문구 청량리동,서울특별시 동대문구 홍릉로 20-1 (청량리동),근린생활2,제2종근린생활시설,1007114483,지번,1,False
1123010500104670080,서울특별시 동대문구 답십리동,서울특별시 동대문구 황물로 77-1 (답십리동),근린생활1,제1종근린생활시설,1007110652,지번,1,False
1123010400101300027,서울특별시 동대문구 전농동,서울특별시 동대문구 서울시립대로28길 19 (전농동),근린생활1,제1종근린생활시설,1007122833,지번,1,False
1123010300101330020,서울특별시 동대문구 제기동,서울특별시 동대문구 약령시로9길 43 (제기동),근린생활2,제2종근린생활시설,1007126176,지번,1,False
1123010600101070008,서울특별시 동대문구 장안동,서울특별시 동대문구 사가정로 207 (장안동),근린생활1,제1종근린생활시설,1007126799,지번,1,False
1123010300109900026,서울특별시 동대문구 제기동,서울특별시 동대문구 고산자로38길 15-5 (제기동),근린생활1,제1종근린생활시설,100712240,지번,1,False
1123010300111260009,서울특별시 동대문구 제기동,서울특별시 동대문구 약령중앙로 8 (제기동),근린생활1,제1종근린생활시설,1007119055,지번,1,False
1123010500107700000,서울특별시 동대문구 답십리동,서울특별시 동대문구 한천로 107-9 (답십리동),근린생활2,제2종근린생활시설,1007112740,지번,1,False
1123010700100500014,서울특별시 동대문구 청량리동,서울특별시 동대문구 왕산로 249-1 (청량리동),근린생활2,제2종근린생활시설,1007114890,지번,1,False
1123011000102880014,서울특별시 동대문구 이문동,서울특별시 동대문구 휘경로 3-3 (이문동),근린생활2,제2종근린생활시설,1007115324,지번,1,False
1123010400106020004,서울특별시 동대문구 전농동,서울특별시 동대문구 왕산로 278-1 (전농동),근린생활1,제1종근린생활시설,1007117052,지번,1,False
1123010100100810097,서울특별시 동대문구 신설동,서울특별시 동대문구 한빛로1길 5 (신설동),근린생활2,제2종근린생활시설,1007123498,지번,1,False
1123010900100290001,서울특별시 동대문구 휘경동,서울특별시 동대문구 망우로 82 (휘경동),근린생활1,제1종근린생활시설,100712387,지번,13,False
1123010300111400005,서울특별시 동대문구 제기동,서울특별시 동대문구 왕산로 117 (제기동),판매시설,판매시설,1007130658,지번,1,False
1123010400102950029,서울특별시 동대문구 전농동,서울특별시 동대문구 사가정로 104 (전농동),판매시설,판매시설,100711881,지번,1,False
1123011000103490060,서울특별시 동대문구 이문동,서울특별시 동대문구 이문로9가길 14 (이문동),근린생활2,제2종근린생활시설,10071100182786,지번,1,False
1123010200100390689,서울특별시 동대문구 용두동,서울특별시 동대문구 고산자로28길 49 (용두동),근린생활1,제1종근린생활시설,1007110782,지번,1,False
1123010600103110003,서울특별시 동대문구 장안동,서울특별시 동대문구 장한로 172 (장안동),근린생활1,제1종근린생활시설,1007120546,지번,1,False
1123010900101490029,서울특별시 동대문구 휘경동,서울특별시 동대문구 외대역동로12길 13 (휘경동),근린생활1,제1종근린생활시설,1007128235,지번,1,False
1123010600103770009,서울특별시 동대문구 장안동,서울특별시 동대문구 장한로13길 11-6 (장안동),근린생활1,제1종근린생활시설,1007113555,지번,1,False
1123010600103420014,서울특별시 동대문구 장안동,서울특별시 동대문구 장한로26길 32 (장안동),근린생활2,제2종근린생활시설,1007112345,지번,1,False
1123010200101290376,서울특별시 동대문구 용두동,서울특별시 동대문구 무학로20길 36 (용두동),근린생활1,제1종근린생활시설,1007112634,지번,1,False
1123010900102930012,서울특별시 동대문구 휘경동,서울특별시 동대문구 망우로18가길 46 (휘경동),근린생활2,제2종근린생활시설,1007131151,지번,1,False
1123010400106880003,서울특별시 동대문구 전농동,서울특별시 동대문구 사가정로17길 15 (전농동),근린생활2,제2종근린생활시설,10071100199070,지번,1,False
1123010400100420050,서울특별시 동대문구 전농동,서울특별시 동대문구 사가정로 164 (전농동),근린생활1,제1종근린생활시설,1007117204,지번,1,False
1123010500100590007,서울특별시 동대문구 답십리동,서울특별시 동대문구 답십리로58길 24 (답십리동),근린생활2,제2종근린생활시설,1007127300,지번,1,False
1123010400102950093,서울특별시 동대문구 전농동,서울특별시 동대문구 전농로 151 (전농동),근린생활1,제1종근린생활시설,1007112864,지번,1,False
1123010600103610002,서울특별시 동대문구 장안동,서울특별시 동대문구 장한로14길 8 (장안동),근린생활1,제1종근린생활시설,1007126098,지번,1,False
1123011000102910037,서울특별시 동대문구 이문동,서울특별시 동대문구 이문로 125 (이문동),근린생활1,제1종근린생활시설,1007119427,지번,1,False
1123010600104630009,서울특별시 동대문구 장안동,서울특별시 동대문구 천호대로85길 18 (장안동),근린생활1,제1종근린생활시설,1007136733,지번,1,False
1123010400106470001,서울특별시 동대문구 전농동,서울특별시 동대문구 서울시립대로 36 (전농동),판매시설,판매시설,1007120743,지번,1,False
1123010300109510001,서울특별시 동대문구 제기동,서울특별시 동대문구 약령시로 70 (제기동),근린생활1,제1종근린생활시설,100717181,지번,2,False
1123011000101700125,서울특별시 동대문구 이문동,,근린생활2,제2종근린생활시설,1007131307,지번,1,False
1123011000103350005,서울특별시 동대문구 이문동,서울특별시 동대문구 이문로 75 (이문동),근린생활2,제2종근린생활시설,1007129867,지번,1,False
1123010200102380171,서울특별시 동대문구 용두동,서울특별시 동대문구 천호대로9길 8 (용두동),근린생활2,제2종근린생활시설,10071100182387,지번,1,False
1123010800100230001,서울특별시 동대문구 회기동,서울특별시 동대문구 회기로21길 30-2 (회기동),근린생활1,제1종근린생활시설,100718987,지번,1,False
1123010700106720000,서울특별시 동대문구 청량리동,서울특별시 동대문구 홍릉로 37 (청량리동),근린생활2,제2종근린생활시설,1007116077,지번,1,False
1123010200107500019,서울특별시 동대문구 용두동,서울특별시 동대문구 안암로16길 30 (용두동),근린생활2,제2종근린생활시설,1007131663,지번,1,False
1123010300107680000,서울특별시 동대문구 제기동,,근린생활1,제1종근린생활시설,100715608,지번,4,False
1123010300107680000,서울특별시 동대문구 제기동,,근린생활1,제1종근린생활시설,100715609,지번,4,False
1123010300107680000,서울특별시 동대문구 제기동,서울특별시 동대문구 약령시로 91-1 (제기동),근린생활1,제2종근린생활시설,100715610,지번,4,False
1123010300107680000,서울특별시 동대문구 제기동,,근린생활1,제1종근린생활시설,100715611,지번,4,False
1123010500102670002,서울특별시 동대문구 답십리동,서울특별시 동대문구 전농로 43 (답십리동),근린생활1,제1종근린생활시설,1007116868,지번,1,False
1123010500104670009,서울특별시 동대문구 답십리동,서울특별시 동대문구 황물로1길 3 (답십리동),근린생활2,제2종근린생활시설,1007120785,지번,1,False
1123010900103480000,서울특별시 동대문구 휘경동,서울특별시 동대문구 한천로 326 (휘경동),근린생활1,제1종근린생활시설,100713401,지번,3,False
1123010400106200070,서울특별시 동대문구 전농동,서울특별시 동대문구 왕산로 178 (전농동),근린생활1,제1종근린생활시설,100714010,지번,2,False
1123010400106200070,서울특별시 동대문구 전농동,서울특별시 동대문구 왕산로 178 (전농동),근린생활1,제1종근린생활시설,100714011,지번,2,False
1123011000101630043,서울특별시 동대문구 이문동,서울특별시 동대문구 이문로38길 49 (이문동),근린생활2,제2종근린생활시설,1007112289,지번,1,False
1123010300108920128,서울특별시 동대문구 제기동,서울특별시 동대문구 약령서길 32 (제기동),근린생활1,제1종근린생활시설,1007126301,지번,1,False
1123010800100160071,서울특별시 동대문구 회기동,서울특별시 동대문구 경희대로 7 (회기동),근린생활1,제1종근린생활시설,100719586,지번,1,False
1123010600103940011,서울특별시 동대문구 장안동,서울특별시 동대문구 답십리로66길 95 (장안동),근린생활1,제1종근린생활시설,100718250,지번,1,False
1123010500104680033,서울특별시 동대문구 답십리동,서울특별시 동대문구 답십리로38길 47-6 (답십리동),근린생활2,제2종근린생활시설,1007135896,지번,1,False
1123010100101030009,서울특별시 동대문구 신설동,서울특별시 동대문구 천호대로 14-1 (신설동),근린생활2,제2종근린생활시설,1007113850,지번,1,False
1123010700107690001,서울특별시 동대문구 청량리동,서울특별시 동대문구 왕산로37길 7 (청량리동),근린생활1,제2종근린생활시설,100712894,지번,3,False
1123010700107690001,서울특별시 동대문구 청량리동,,근린생활1,제1종근린생활시설,100712895,지번,3,False
1123010700107690001,서울특별시 동대문구 청량리동,서울특별시 동대문구 경동시장로2길 52 (청량리동),근린생활1,제2종근린생활시설,100712896,지번,3,False
1123010200100390831,서울특별시 동대문구 용두동,서울특별시 동대문구 왕산로32길 60-3 (용두동),근린생활2,공동주택,1000000000000007286106,지번,1,False
1123010600103470001,서울특별시 동대문구 장안동,서울특별시 동대문구 장한로26가길 81 (장안동),근린생활1,제1종근린생활시설,1007118555,지번,1,False
1123010300108880041,서울특별시 동대문구 제기동,서울특별시 동대문구 약령서길 74 (제기동),근린생활1,제1종근린생활시설,100711441,지번,2,False
1123010300108880041,서울특별시 동대문구 제기동,서울특별시 동대문구 약령서길 76 (제기동),근린생활1,제1종근린생활시설,100711442,지번,2,False
1123010600104310001,서울특별시 동대문구 장안동,서울특별시 동대문구 천호대로83길 46 (장안동),근린생활2,제2종근린생활시설,1007125372,지번,1,False
1123010200107880000,서울특별시 동대문구 용두동,서울특별시 동대문구 왕산로 122 (용두동),판매시설,판매시설,1007115236,지번,1,False
1123010600103010003,서울특별시 동대문구 장안동,서울특별시 동대문구 장한로 199 (장안동),근린생활2,제2종근린생활시설,1007117923,지번,1,False
1123010300101360039,서울특별시 동대문구 제기동,서울특별시 동대문구 고산자로62길 3 (제기동),판매시설,판매시설,1007136409,지번,1,False
1123010900100340003,서울특별시 동대문구 휘경동,서울특별시 동대문구 외대역동로 19 (휘경동),근린생활2,제2종근린생활시설,100713366,지번,1,False
1123010600103690003,서울특별시 동대문구 장안동,서울특별시 동대문구 장한로25길 2 (장안동),근린생활1,제1종근린생활시설,10071100194825,지번,1,False
1123010700102490000,서울특별시 동대문구 청량리동,서울특별시 동대문구 왕산로 211-1 (청량리동),근린생활2,제2종근린생활시설,1007134282,지번,1,False
1123011000100820041,서울특별시 동대문구 이문동,서울특별시 동대문구 휘경로 33-4 (이문동),근린생활2,단독주택,1007111219,지번,1,False
1123010100101040049,서울특별시 동대문구 신설동,서울특별시 동대문구 난계로30길 24 (신설동),근린생활2,제2종근린생활시설,100719651,지번,1,False
1123010600100930086,서울특별시 동대문구 장안동,서울특별시 동대문구 한천로46길 56-4 (장안동),근린생활2,제2종근린생활시설,10071100186866,지번,1,False
1123010600100930075,서울특별시 동대문구 장안동,,근린생활2,제2종근린생활시설,1007122868,지번,1,False
1123010300109580000,서울특별시 동대문구 제기동,서울특별시 동대문구 약령중앙로 42-8 (제기동),근린생활2,제2종근린생활시설,1007124608,지번,1,False
1123010600103340007,서울특별시 동대문구 장안동,서울특별시 동대문구 장한로26길 55 (장안동),근린생활2,제2종근린생활시설,1007114581,지번,1,False
1123010900102610001,서울특별시 동대문구 휘경동,서울특별시 동대문구 망우로21길 34 (휘경동),근린생활1,제1종근린생활시설,100716959,지번,1,False
1123010300111380000,서울특별시 동대문구 제기동,서울특별시 동대문구 왕산로 123 (제기동),근린생활1,제1종근린생활시설,1007122553,지번,1,False
1123010400106430105,서울특별시 동대문구 전농동,서울특별시 동대문구 답십리로 54 (전농동),근린생활1,제1종근린생활시설,1007124992,지번,1,False
1123010200100520007,서울특별시 동대문구 용두동,서울특별시 동대문구 왕산로26길 13 (용두동),근린생활1,제2종근린생활시설,100715463,지번,3,False
1123010200100520007,서울특별시 동대문구 용두동,서울특별시 동대문구 왕산로26길 13 (용두동),근린생활1,제1종근린생활시설,100715464,지번,3,False
1123010200100520007,서울특별시 동대문구 용두동,서울특별시 동대문구 왕산로26길 13 (용두동),근린생활1,제1종근린생활시설,100715465,지번,3,False
1123010200107300005,서울특별시 동대문구 용두동,서울특별시 동대문구 안암로 50 (용두동),근린생활1,제1종근린생활시설,1007131411,지번,1,False
1123011000102550260,서울특별시 동대문구 이문동,서울특별시 동대문구 이문로 174 (이문동),근린생활2,제2종근린생활시설,1007133329,지번,1,False
1123010300109570001,서울특별시 동대문구 제기동,서울특별시 동대문구 약령중앙로 46 (제기동),근린생활2,제2종근린생활시설,1007118967,지번,1,False
1123010300108280001,서울특별시 동대문구 제기동,서울특별시 동대문구 약령동길 111 (제기동),근린생활1,제1종근린생활시설,100719318,지번,1,False
1123011000100820025,서울특별시 동대문구 이문동,서울특별시 동대문구 휘경로 31 (이문동),근린생활1,제1종근린생활시설,1007115459,지번,1,False
1123010300108220001,서울특별시 동대문구 제기동,서울특별시 동대문구 약령동길 127 (제기동),근린생활2,제2종근린생활시설,1007134961,지번,1,False
1123010400100250004,서울특별시 동대문구 전농동,서울특별시 동대문구 전농로 118 (전농동),근린생활2,제2종근린생활시설,1007124669,지번,1,False
1123010300109440001,서울특별시 동대문구 제기동,서울특별시 동대문구 고산자로 469 (제기동),근린생활2,제2종근린생활시설,1007127727,지번,1,False
1123010600104350003,서울특별시 동대문구 장안동,서울특별시 동대문구 천호대로85길 63 (장안동),근린생활1,제1종근린생활시설,100712016,지번,2,False
1123010300101360154,서울특별시 동대문구 제기동,서울특별시 동대문구 안암로20가길 15 (제기동),근린생활2,제2종근린생활시설,1007123289,지번,1,False
1123010900103190037,서울특별시 동대문구 휘경동,서울특별시 동대문구 회기로 190-1 (휘경동),근린생활2,제2종근린생활시설,10071100200786,지번,1,False
1123010300111400036,서울특별시 동대문구 제기동,서울특별시 동대문구 약령중앙로 9 (제기동),근린생활1,제1종근린생활시설,1007133703,지번,1,False
1123010600102390006,서울특별시 동대문구 장안동,서울특별시 동대문구 한천로6가길 10-1 (장안동),근린생활1,제1종근린생활시설,1007136411,지번,1,False
1123010400101500000,서울특별시 동대문구 전농동,서울특별시 동대문구 서울시립대로 160 (전농동),근린생활2,제2종근린생활시설,1007131801,지번,1,False
1123010600101940054,서울특별시 동대문구 장안동,서울특별시 동대문구 답십리로64길 117 (장안동),근린생활1,제1종근린생활시설,100717869,지번,1,False
1123011000103050059,서울특별시 동대문구 이문동,서울특별시 동대문구 휘경로 12 (이문동),근린생활2,제2종근린생활시설,1007133600,지번,1,False
1123010800101050008,서울특별시 동대문구 회기동,서울특별시 동대문구 회기로 128-1 (회기동),근린생활2,제2종근린생활시설,1007124639,지번,1,False
1123010400105300081,서울특별시 동대문구 전농동,서울특별시 동대문구 서울시립대로 80 (전농동),근린생활2,제2종근린생활시설,100719519,지번,1,False
1123010600104930000,서울특별시 동대문구 장안동,서울특별시 동대문구 한천로 156 (장안동),근린생활1,제1종근린생활시설,100716728,지번,1,False
1123010700107350000,서울특별시 동대문구 청량리동,서울특별시 동대문구 왕산로37길 48 (청량리동),근린생활2,제2종근린생활시설,1007114091,지번,1,False
1123010300106550001,서울특별시 동대문구 제기동,,근린생활1,제1종근린생활시설,1007131548,지번,1,False
1123011000100540000,서울특별시 동대문구 이문동,서울특별시 동대문구 한천로58길 107 (이문동),근린생활1,제2종근린생활시설,100713230,지번,8,False
1123011000100540000,서울특별시 동대문구 이문동,서울특별시 동대문구 한천로58길 107 (이문동),근린생활1,제1종근린생활시설,100713236,지번,8,False
1123011000102250002,서울특별시 동대문구 이문동,서울특별시 동대문구 이문로54길 46 (이문동),근린생활1,제1종근린생활시설,1007131096,지번,1,False
1123011000102200020,서울특별시 동대문구 이문동,서울특별시 동대문구 신이문로 44 (이문동),근린생활2,제1종근린생활시설,100713864,지번,2,False
1123011000102200020,서울특별시 동대문구 이문동,서울특별시 동대문구 신이문로 44 (이문동),근린생활2,제2종근린생활시설,100713865,지번,2,False
1123011000101800005,서울특별시 동대문구 이문동,서울특별시 동대문구 한천로 451 (이문동),근린생활1,제1종근린생활시설,1007128887,지번,1,False
1123011000102470001,서울특별시 동대문구 이문동,서울특별시 동대문구 이문로 206 (이문동),근린생활1,제1종근린생활시설,1007115770,지번,1,False
1123010500104850123,서울특별시 동대문구 답십리동,서울특별시 동대문구 천호대로71길 32-1 (답십리동),근린생활1,제1종근린생활시설,1007130002,지번,1,False
1123011000102560013,서울특별시 동대문구 이문동,서울특별시 동대문구 신이문로 3 (이문동),근린생활1,제1종근린생활시설,1007122217,지번,1,False
1123011000102380006,서울특별시 동대문구 이문동,서울특별시 동대문구 신이문로 25 (이문동),근린생활2,제2종근린생활시설,100717981,지번,1,False
1123011000102550226,서울특별시 동대문구 이문동,서울특별시 동대문구 신이문로 5-1 (이문동),근린생활1,제1종근린생활시설,1007117464,지번,1,False
1123010200100330001,서울특별시 동대문구 용두동,서울특별시 동대문구 천호대로 133 (용두동),판매시설,판매시설,1007118846,지번,1,False
1123011000102370002,서울특별시 동대문구 이문동,서울특별시 동대문구 신이문로24길 4 (이문동),근린생활1,제1종근린생활시설,1007132952,지번,1,False
1123011000102380014,서울특별시 동대문구 이문동,서울특별시 동대문구 신이문로 23 (이문동),근린생활1,제1종근린생활시설,1007113145,지번,1,False
1123011000102550393,서울특별시 동대문구 이문동,서울특별시 동대문구 신이문로 7 (이문동),근린생활1,제1종근린생활시설,1007110827,지번,1,False
1123011000102200359,서울특별시 동대문구 이문동,서울특별시 동대문구 신이문로 43 (이문동),근린생활1,제1종근린생활시설,1007112207,지번,1,False
1123011000102500001,서울특별시 동대문구 이문동,서울특별시 동대문구 이문로 200 (이문동),판매시설,판매시설,1007124801,지번,1,False
1123011000102380016,서울특별시 동대문구 이문동,서울특별시 동대문구 신이문로 19-1 (이문동),근린생활1,제1종근린생활시설,100713102,지번,2,False
1123011000102560024,서울특별시 동대문구 이문동,서울특별시 동대문구 이문로 187 (이문동),근린생활1,제1종근린생활시설,1007113782,지번,1,False
1123011000102470004,서울특별시 동대문구 이문동,서울특별시 동대문구 이문로 204-5 (이문동),근린생활1,제1종근린생활시설,1007132348,지번,1,False
1123011000102370008,서울특별시 동대문구 이문동,서울특별시 동대문구 신이문로 34-1 (이문동),근린생활1,제1종근린생활시설,1007129746,지번,1,False
1123011000100630009,서울특별시 동대문구 이문동,서울특별시 동대문구 한천로58길 75-7 (이문동),근린생활1,제1종근린생활시설,100719038,지번,1,False
1123011000102380019,서울특별시 동대문구 이문동,서울특별시 동대문구 신이문로 24 (이문동),근린생활2,제2종근린생활시설,100713308,지번,3,False
1123011000102380019,서울특별시 동대문구 이문동,서울특별시 동대문구 이문로 24 (이문동),근린생활2,제1종근린생활시설,100713309,지번,3,False
1123011000102380019,서울특별시 동대문구 이문동,서울특별시 동대문구 신이문로 24 (이문동),근린생활2,제2종근린생활시설,100713310,지번,3,False
1123011000102510005,서울특별시 동대문구 이문동,서울특별시 동대문구 이문로 203 (이문동),근린생활1,제1종근린생활시설,1007129697,지번,1,False
1123011000102090012,서울특별시 동대문구 이문동,서울특별시 동대문구 한천로 505 (이문동),근린생활2,제2종근린생활시설,1007117820,지번,1,False
1123011000102550261,서울특별시 동대문구 이문동,서울특별시 동대문구 이문로 172 (이문동),근린생활2,공동주택,10071100230732,지번,1,False
1123011000104280000,서울특별시 동대문구 이문동,서울특별시 동대문구 신이문로 9 (이문동),근린생활2,제2종근린생활시설,10071100183518,지번,5,False
1123011000102550257,서울특별시 동대문구 이문동,서울특별시 동대문구 이문로 176-1 (이문동),근린생활2,제2종근린생활시설,1007116289,지번,1,False
1123011000102370133,서울특별시 동대문구 이문동,서울특별시 동대문구 신이문로 28 (이문동),근린생활1,제1종근린생활시설,1007130127,지번,1,False
1123011000100070000,서울특별시 동대문구 이문동,서울특별시 동대문구 한천로 472 (이문동),근린생활1,제1종근린생활시설,100714164,지번,8,False
1123011000100070000,서울특별시 동대문구 이문동,서울특별시 동대문구 한천로 472 (이문동),근린생활1,제1종근린생활시설,100714175,지번,8,False
1123011000102560371,서울특별시 동대문구 이문동,서울특별시 동대문구 이문로 186 (이문동),근린생활2,제2종근린생활시설,100717191,지번,1,False
1123011000102560373,서울특별시 동대문구 이문동,서울특별시 동대문구 이문로 188 (이문동),근린생활2,제2종근린생활시설,1007120402,지번,1,False
1123011000101750018,서울특별시 동대문구 이문동,서울특별시 동대문구 한천로 443-1 (이문동),근린생활1,제1종근린생활시설,1007127187,지번,1,False
1123011000102370001,서울특별시 동대문구 이문동,서울특별시 동대문구 신이문로 27-5 (이문동),근린생활1,제1종근린생활시설,1007111901,지번,1,False
1123011000102370010,서울특별시 동대문구 이문동,서울특별시 동대문구 신이문로 36-1 (이문동),근린생활1,제1종근린생활시설,100714297,지번,2,False
1123011000102200029,서울특별시 동대문구 이문동,서울특별시 동대문구 신이문로 40 (이문동),근린생활1,제1종근린생활시설,100717326,지번,1,False
1123011000102550023,서울특별시 동대문구 이문동,서울특별시 동대문구 이문로 193 (이문동),근린생활1,제1종근린생활시설,1007133941,지번,1,False
1123011000101690025,서울특별시 동대문구 이문동,서울특별시 동대문구 신이문로24길 36 (이문동),근린생활2,제2종근린생활시설,1007119555,지번,1,False
1123011000102200010,서울특별시 동대문구 이문동,서울특별시 동대문구 한천로 481-5 (이문동),근린생활2,제2종근린생활시설,100711394,지번,2,False
1123011000102200010,서울특별시 동대문구 이문동,서울특별시 동대문구 한천로 481-5 (이문동),근린생활2,제2종근린생활시설,100711395,지번,2,False
1123010500104690029,서울특별시 동대문구 답십리동,서울특별시 동대문구 황물로 59-2 (답십리동),근린생활1,제1종근린생활시설,1007123877,지번,1,False
1123010500100160013,서울특별시 동대문구 답십리동,서울특별시 동대문구 한천로11길 28 (답십리동),근린생활1,제1종근린생활시설,1007123633,지번,1,False
1123011000102550222,서울특별시 동대문구 이문동,서울특별시 동대문구 신이문로 6-1 (이문동),근린생활1,제1종근린생활시설,1007115938,지번,1,False
1123011000102560136,서울특별시 동대문구 이문동,서울특별시 동대문구 이문로46길 22 (이문동),근린생활2,제2종근린생활시설,1007128693,지번,1,False
1123011000102370116,서울특별시 동대문구 이문동,서울특별시 동대문구 신이문로 34 (이문동),근린생활1,제1종근린생활시설,1007119691,지번,1,False
1123011000102200113,서울특별시 동대문구 이문동,서울특별시 동대문구 신이문로 37 (이문동),근린생활2,제2종근린생활시설,1007110155,지번,1,False
1123011000102420028,서울특별시 동대문구 이문동,서울특별시 동대문구 신이문로9길 5-2 (이문동),근린생활2,제2종근린생활시설,1007118946,지번,1,False
1123011000102550167,서울특별시 동대문구 이문동,서울특별시 동대문구 이문로46길 8 (이문동),근린생활2,제2종근린생활시설,1007110905,지번,1,False
1123011000102370127,서울특별시 동대문구 이문동,서울특별시 동대문구 신이문로 32 (이문동),근린생활2,제2종근린생활시설,1007126204,지번,1,False
1123011000100630004,서울특별시 동대문구 이문동,서울특별시 동대문구 한천로58길 75-13 (이문동),근린생활1,제1종근린생활시설,1007133931,지번,1,False
1123011000102550158,서울특별시 동대문구 이문동,서울특별시 동대문구 이문로42길 7 (이문동),근린생활1,제1종근린생활시설,100714253,지번,2,False
1123011000102370114,서울특별시 동대문구 이문동,서울특별시 동대문구 신이문로 29-1 (이문동),근린생활1,제1종근린생활시설,1007113951,지번,1,False
1123011000102370013,서울특별시 동대문구 이문동,서울특별시 동대문구 신이문로 38 (이문동),근린생활1,제1종근린생활시설,1007116928,지번,1,False
1123011000102550121,서울특별시 동대문구 이문동,서울특별시 동대문구 이문로 191 (이문동),근린생활2,제2종근린생활시설,1007110859,지번,1,False
1123011000102510018,서울특별시 동대문구 이문동,서울특별시 동대문구 이문로 196 (이문동),근린생활1,제1종근린생활시설,1007121935,지번,1,False
1123011000102190009,서울특별시 동대문구 이문동,서울특별시 동대문구 한천로63길 5 (이문동),근린생활2,제2종근린생활시설,10071100191441,지번,1,False
1123011000102190034,서울특별시 동대문구 이문동,서울특별시 동대문구 한천로63길 9 (이문동),근린생활2,제2종근린생활시설,100719628,지번,1,False
1123011000102280010,서울특별시 동대문구 이문동,서울특별시 동대문구 이문로 204-7 (이문동),근린생활2,제2종근린생활시설,1007110265,지번,1,False
1123011000101820007,서울특별시 동대문구 이문동,서울특별시 동대문구 한천로 453 (이문동),근린생활1,제1종근린생활시설,100718438,지번,1,False
1123011000102370017,서울특별시 동대문구 이문동,서울특별시 동대문구 신이문로 36 (이문동),근린생활1,제1종근린생활시설,100718511,지번,1,False
1123011000102560365,서울특별시 동대문구 이문동,서울특별시 동대문구 이문로50길 16 (이문동),근린생활2,제2종근린생활시설,10071100188837,지번,1,False
1123011000102200105,서울특별시 동대문구 이문동,서울특별시 동대문구 신이문로 39 (이문동),근린생활2,제2종근린생활시설,1007136362,지번,1,False
1123011000102370137,서울특별시 동대문구 이문동,서울특별시 동대문구 신이문로 27 (이문동),근린생활2,제1종근린생활시설,10071100237592,지번,1,False
1123011000102200179,서울특별시 동대문구 이문동,서울특별시 동대문구 신이문로 41-1 (이문동),근린생활1,제1종근린생활시설,100718193,지번,1,False
1123011000102550187,서울특별시 동대문구 이문동,서울특별시 동대문구 이문로 162 (이문동),근린생활1,제2종근린생활시설,1000000000000002437812,지번,1,False
1123011000102170028,서울특별시 동대문구 이문동,서울특별시 동대문구 한천로 479 (이문동),근린생활1,제1종근린생활시설,1007134268,지번,1,False
1123011000102460024,서울특별시 동대문구 이문동,서울특별시 동대문구 이문로54길 6 (이문동),근린생활1,제1종근린생활시설,1007133968,지번,1,False
1123011000102460023,서울특별시 동대문구 이문동,서울특별시 동대문구 이문로54길 4 (이문동),근린생활2,제2종근린생활시설,1007118806,지번,1,False
1123011000102200129,서울특별시 동대문구 이문동,서울특별시 동대문구 신이문로25길 1 (이문동),근린생활1,제1종근린생활시설,1007116486,지번,1,False
1123011000102550251,서울특별시 동대문구 이문동,서울특별시 동대문구 신이문로 4 (이문동),근린생활1,제1종근린생활시설,1007128518,지번,1,False
1123011000102200003,서울특별시 동대문구 이문동,서울특별시 동대문구 한천로63길 11 (이문동),근린생활1,제1종근린생활시설,1007116924,지번,1,False
1123011000102490050,서울특별시 동대문구 이문동,서울특별시 동대문구 신이문로9길 47 (이문동),근린생활1,제1종근린생활시설,1007136031,지번,1,False
1123011000102170010,서울특별시 동대문구 이문동,서울특별시 동대문구 한천로 485 (이문동),근린생활2,제2종근린생활시설,1007114826,지번,1,False
1123011000102200340,서울특별시 동대문구 이문동,서울특별시 동대문구 신이문로 39-15 (이문동),근린생활1,제1종근린생활시설,1007133717,지번,1,False
1123011000102370131,서울특별시 동대문구 이문동,서울특별시 동대문구 신이문로 30 (이문동),근린생활1,제1종근린생활시설,1007117663,지번,1,False
1123011000101670029,서울특별시 동대문구 이문동,서울특별시 동대문구 이문로42길 69-2 (이문동),근린생활2,제2종근린생활시설,100714300,지번,2,False
1123011000101750007,서울특별시 동대문구 이문동,서울특별시 동대문구 외대역동로27길 80 (이문동),근린생활1,제1종근린생활시설,1007134033,지번,1,False
1123011000102370101,서울특별시 동대문구 이문동,서울특별시 동대문구 신이문로 35 (이문동),근린생활1,제1종근린생활시설,1007134916,지번,1,False
1123011000102090013,서울특별시 동대문구 이문동,서울특별시 동대문구 한천로66길 29 (이문동),근린생활,공동주택,10071100214554,지번,1,False
1123011000102540024,서울특별시 동대문구 이문동,서울특별시 동대문구 이문로 194 (이문동),근린생활1,제1종근린생활시설,1007120837,지번,1,False
1123011000102180018,서울특별시 동대문구 이문동,서울특별시 동대문구 한천로 489 (이문동),근린생활1,제1종근린생활시설,1007117378,지번,1,False
1123011000102360002,서울특별시 동대문구 이문동,서울특별시 동대문구 신이문로23길 23 (이문동),근린생활2,제2종근린생활시설,1007119468,지번,1,False
1123011000102200014,서울특별시 동대문구 이문동,서울특별시 동대문구 신이문로 40-1 (이문동),근린생활2,제2종근린생활시설,1007117174,지번,1,False
1123011000102170008,서울특별시 동대문구 이문동,서울특별시 동대문구 신이문로 43-1 (이문동),근린생활2,제2종근린생활시설,1007123965,지번,1,False
1123011000102500003,서울특별시 동대문구 이문동,서울특별시 동대문구 이문로 202 (이문동),근린생활1,제1종근린생활시설,1007126666,지번,1,False
1123011000102550229,서울특별시 동대문구 이문동,서울특별시 동대문구 신이문로 6 (이문동),근린생활1,제1종근린생활시설,100716887,지번,1,False
1123011000102360012,서울특별시 동대문구 이문동,서울특별시 동대문구 신이문로23길 19 (이문동),근린생활2,제2종근린생활시설,1007123734,지번,1,False
1123011000100380046,서울특별시 동대문구 이문동,서울특별시 동대문구 한천로58길 75-19 (이문동),근린생활2,제2종근린생활시설,100717759,지번,1,False
1123011000102550255,서울특별시 동대문구 이문동,서울특별시 동대문구 이문로 180 (이문동),근린생활1,제1종근린생활시설,1007112635,지번,1,False
1123011000101750004,서울특별시 동대문구 이문동,서울특별시 동대문구 이문로42길 91 (이문동),근린생활2,제2종근린생활시설,1007123574,지번,1,False
1123011000101830003,서울특별시 동대문구 이문동,서울특별시 동대문구 한천로 457-1 (이문동),근린생활2,제2종근린생활시설,1007114529,지번,1,False
1123011000102190012,서울특별시 동대문구 이문동,서울특별시 동대문구 한천로 487 (이문동),근린생활1,제1종근린생활시설,1007114485,지번,1,False
1123011000102640445,서울특별시 동대문구 이문동,서울특별시 동대문구 천장산로 47 (이문동),근린생활1,제1종근린생활시설,1007133199,지번,1,False
1123011000102550258,서울특별시 동대문구 이문동,서울특별시 동대문구 이문로 176 (이문동),근린생활1,제1종근린생활시설,1007125729,지번,1,False
1123011000102380015,서울특별시 동대문구 이문동,서울특별시 동대문구 신이문로 21 (이문동),근린생활1,제1종근린생활시설,1007134021,지번,1,False
1123011000101750011,서울특별시 동대문구 이문동,서울특별시 동대문구 이문로42길 92 (이문동),근린생활1,제1종근린생활시설,1007134373,지번,1,False
1123011000102170015,서울특별시 동대문구 이문동,서울특별시 동대문구 한천로63길 5-9 (이문동),근린생활2,제2종근린생활시설,1007110445,지번,1,False
1123011000102170014,서울특별시 동대문구 이문동,서울특별시 동대문구 한천로63길 5-7 (이문동),근린생활2,제2종근린생활시설,1007122328,지번,1,False
1123011000102170012,서울특별시 동대문구 이문동,서울특별시 동대문구 한천로63길 5-11 (이문동),근린생활2,제2종근린생활시설,100711396,지번,2,False
1123010300107300011,서울특별시 동대문구 제기동,서울특별시 동대문구 약령중앙로 72-2 (제기동),근린생활1,제1종근린생활시설,1007115523,지번,1,False
1123010300107310001,서울특별시 동대문구 제기동,서울특별시 동대문구 약령중앙로 70-1 (제기동),근린생활1,제1종근린생활시설,100715407,지번,1,False
1123010300107310003,서울특별시 동대문구 제기동,서울특별시 동대문구 약령중앙로 70 (제기동),근린생활1,제1종근린생활시설,100715406,지번,1,False
1123010300109330005,서울특별시 동대문구 제기동,서울특별시 동대문구 고산자로 463 (제기동),근린생활1,제1종근린생활시설,100714161,지번,1,False
1123010700107430002,서울특별시 동대문구 청량리동,서울특별시 동대문구 홍릉로 5 (청량리동),근린생활1,제1종근린생활시설,1007119895,지번,1,False
1123010300104760005,서울특별시 동대문구 제기동,서울특별시 동대문구 왕산로35길 58 (제기동),근린생활1,제1종근린생활시설,1007133948,지번,1,False
1123010300106360003,서울특별시 동대문구 제기동,서울특별시 동대문구 왕산로33길 27 (제기동),근린생활1,제1종근린생활시설,1007112152,지번,2,False
1123010300106360003,서울특별시 동대문구 제기동,서울특별시 동대문구 왕산로33길 27 (제기동),근린생활1,제1종근린생활시설,1007133203,지번,2,False
1123010300106540003,서울특별시 동대문구 제기동,서울특별시 동대문구 왕산로 165 (제기동),근린생활2,제2종근린생활시설,1007134176,지번,1,False
1123010300109920003,서울특별시 동대문구 제기동,서울특별시 동대문구 경동시장로 11 (제기동),근린생활1,제1종근린생활시설,1007123179,지번,1,False
1123010300103450028,서울특별시 동대문구 제기동,서울특별시 동대문구 약령시로 121 (제기동),근린생활2,제2종근린생활시설,1007130139,지번,1,False
1123010300107970003,서울특별시 동대문구 제기동,서울특별시 동대문구 고산자로 488-1 (제기동),근린생활1,제1종근린생활시설,1007117871,지번,1,False
1123010300107150007,서울특별시 동대문구 제기동,서울특별시 동대문구 약령동길 155 (제기동),근린생활2,제2종근린생활시설,100711561,지번,1,False
1123010300106640009,서울특별시 동대문구 제기동,서울특별시 동대문구 제기로 53-6 (제기동),근린생활1,제1종근린생활시설,1007126759,지번,1,False
1123010700107410000,서울특별시 동대문구 청량리동,서울특별시 동대문구 왕산로37길 10 (청량리동),근린생활2,제2종근린생활시설,100712886,지번,6,False
1123010700107410000,서울특별시 동대문구 청량리동,서울특별시 동대문구 왕산로37길 16 (청량리동),근린생활2,제1종근린생활시설,100712887,지번,6,False
1123010700107410000,서울특별시 동대문구 청량리동,,근린생활2,제1종근린생활시설,100712888,지번,6,False
1123010700107410000,서울특별시 동대문구 청량리동,서울특별시 동대문구 왕산로37길 12 (청량리동),근린생활2,제2종근린생활시설,100712889,지번,6,False
1123010700107410000,서울특별시 동대문구 청량리동,,근린생활2,제2종근린생활시설,100712890,지번,6,False
1123010700107410000,서울특별시 동대문구 청량리동,,근린생활2,제1종근린생활시설,1007130158,지번,6,False
1123010400106200028,서울특별시 동대문구 전농동,서울특별시 동대문구 왕산로40길 8 (전농동),근린생활1,제1종근린생활시설,1007123433,지번,1,False
1123010300104760003,서울특별시 동대문구 제기동,서울특별시 동대문구 왕산로35길 60 (제기동),근린생활1,제1종근린생활시설,1007125115,지번,1,False
1123010400106450001,서울특별시 동대문구 전농동,서울특별시 동대문구 황물로 15 (전농동),근린생활2,제2종근린생활시설,1007121691,지번,1,False
1123010700102840008,서울특별시 동대문구 청량리동,서울특별시 동대문구 왕산로41길 13 (청량리동),근린생활1,제1종근린생활시설,1007110623,지번,1,False
1123010700102840001,서울특별시 동대문구 청량리동,서울특별시 동대문구 왕산로41길 15 (청량리동),근린생활2,제2종근린생활시설,1007114939,지번,1,False
1123010300108970002,서울특별시 동대문구 제기동,,근린생활1,제1종근린생활시설,100713815,지번,3,False
1123010300108970002,서울특별시 동대문구 제기동,,근린생활1,제1종근린생활시설,100713816,지번,3,False
1123010300108970002,서울특별시 동대문구 제기동,,근린생활1,제1종근린생활시설,100713817,지번,3,False
1123010200101180100,서울특별시 동대문구 용두동,서울특별시 동대문구 무학로30길 6 (용두동),근린생활1,단독주택,10071100215532,지번,1,False
1123010700103680000,서울특별시 동대문구 청량리동,서울특별시 동대문구 홍릉로 58 (청량리동),근린생활2,창고시설,100716002,본번,1,False
1123010300105910010,서울특별시 동대문구 제기동,서울특별시 동대문구 약령시로 102 (제기동),근린생활1,제1종근린생활시설,10071100241853,지번,1,False
1123010400106440032,서울특별시 동대문구 전농동,서울특별시 동대문구 서울시립대로3길 26 (전농동),근린생활1,제1종근린생활시설,1007124807,지번,1,False
1123010300109570003,서울특별시 동대문구 제기동,서울특별시 동대문구 약령중앙로 42-3 (제기동),근린생활2,제2종근린생활시설,1007119295,지번,1,False
1123010300107300005,서울특별시 동대문구 제기동,서울특별시 동대문구 약령동길 147 (제기동),근린생활1,제1종근린생활시설,1007130462,지번,1,False
1123010200100140017,서울특별시 동대문구 용두동,서울특별시 동대문구 왕산로 160-1 (용두동),근린생활1,제1종근린생활시설,1007119307,지번,1,False
1123010200100140018,서울특별시 동대문구 용두동,서울특별시 동대문구 왕산로 160-2 (용두동),근린생활1,제1종근린생활시설,1007113567,지번,1,False
1123010700106400000,서울특별시 동대문구 청량리동,서울특별시 동대문구 홍릉로 47 (청량리동),근린생활2,제2종근린생활시설,10071100241874,지번,2,False
1123010700106400000,서울특별시 동대문구 청량리동,서울특별시 동대문구 홍릉로 47 (청량리동),근린생활2,제2종근린생활시설,100716773,지번,2,False
1123010300102850009,서울특별시 동대문구 제기동,서울특별시 동대문구 제기로 78 (제기동),근린생활1,제1종근린생활시설,1007121832,지번,1,False
1123010400106200026,서울특별시 동대문구 전농동,,근린생활1,제1종근린생활시설,100715936,지번,2,False
1123010400106200026,서울특별시 동대문구 전농동,,근린생활1,제1종근린생활시설,100715937,지번,2,False
1123010700106940000,서울특별시 동대문구 청량리동,서울특별시 동대문구 홍릉로 29 (청량리동),근린생활1,제1종근린생활시설,1007117482,지번,1,False
1123010700106950000,서울특별시 동대문구 청량리동,서울특별시 동대문구 홍릉로 27-1 (청량리동),근린생활2,제2종근린생활시설,1007121817,지번,1,False
1123010700102850000,서울특별시 동대문구 청량리동,서울특별시 동대문구 왕산로41길 24 (청량리동),근린생활1,제1종근린생활시설,1007117890,지번,1,False
1123010700107030000,서울특별시 동대문구 청량리동,서울특별시 동대문구 홍릉로5길 6 (청량리동),근린생활1,제1종근린생활시설,1007122792,지번,1,False
1123010700103220000,서울특별시 동대문구 청량리동,서울특별시 동대문구 홍릉로 36 (청량리동),근린생활1,제1종근린생활시설,100716876,지번,1,False
1123010700102970000,서울특별시 동대문구 청량리동,서울특별시 동대문구 홍릉로 14-2 (청량리동),근린생활2,제2종근린생활시설,1007131440,지번,1,False
1123010400105880001,서울특별시 동대문구 전농동,서울특별시 동대문구 답십리로11길 30-22 (전농동),판매시설,제2종근린생활시설,100715201,지번,8,False
1123010400105880001,서울특별시 동대문구 전농동,서울특별시 동대문구 답십리로11길 30-22 (전농동),판매시설,판매시설,100715204,지번,8,False
1123010400105880001,서울특별시 동대문구 전농동,서울특별시 동대문구 답십리로11길 30-22 (전농동),판매시설,제2종근린생활시설,100715215,지번,8,False
1123010400105880001,서울특별시 동대문구 전농동,서울특별시 동대문구 답십리로11길 30-22 (전농동),판매시설,판매시설,100715219,지번,8,False
1123010400105880001,서울특별시 동대문구 전농동,서울특별시 동대문구 답십리로11길 30-22 (전농동),판매시설,제2종근린생활시설,100715221,지번,8,False
1123010400105880001,서울특별시 동대문구 전농동,서울특별시 동대문구 답십리로11길 30-22 (전농동),판매시설,판매시설,100715222,지번,8,False
1123010700103490000,서울특별시 동대문구 청량리동,서울특별시 동대문구 홍릉로 44-1 (청량리동),근린생활1,제1종근린생활시설,1007131610,지번,1,False
1123010700102920001,서울특별시 동대문구 청량리동,서울특별시 동대문구 홍릉로 14 (청량리동),판매시설,판매시설,1007131300,지번,1,False
1123010300108990010,서울특별시 동대문구 제기동,서울특별시 동대문구 고산자로40길 23 (제기동),근린생활1,제1종근린생활시설,1007122651,지번,1,False
1123010300108990004,서울특별시 동대문구 제기동,서울특별시 동대문구 고산자로40길 15 (제기동),근린생활1,제1종근린생활시설,100712213,지번,2,False
1123010300108990004,서울특별시 동대문구 제기동,서울특별시 동대문구 고산자로40길 15 (제기동),근린생활1,제1종근린생활시설,100712214,지번,2,False
1123010300108970001,서울특별시 동대문구 제기동,서울특별시 동대문구 약령시로14길 41 (제기동),근린생활1,제1종근린생활시설,1007116976,지번,1,False
1123010300109140001,서울특별시 동대문구 제기동,서울특별시 동대문구 약령시로14길 38 (제기동),근린생활2,제2종근린생활시설,1007126580,지번,1,False
1123010300108440006,서울특별시 동대문구 제기동,서울특별시 동대문구 약령시로14길 8 (제기동),근린생활1,제1종근린생활시설,1007120299,지번,1,False
1123010300111090001,서울특별시 동대문구 제기동,서울특별시 동대문구 약령중앙로 20-13 (제기동),근린생활1,제1종근린생활시설,100714658,지번,2,False
1123010300111090001,서울특별시 동대문구 제기동,서울특별시 동대문구 약령중앙로 20-13 (제기동),근린생활1,제1종근린생활시설,100714659,지번,2,False
1123010300111010000,서울특별시 동대문구 제기동,서울특별시 동대문구 약령중앙로 24-8 (제기동),근린생활2,제2종근린생활시설,1007134038,지번,1,False
1123010300106900000,서울특별시 동대문구 제기동,서울특별시 동대문구 약령시로13길 46 (제기동),근린생활1,제1종근린생활시설,100711851,지번,1,False
1123010300105580001,서울특별시 동대문구 제기동,서울특별시 동대문구 경동시장로12길 28 (제기동),근린생활1,제1종근린생활시설,1007123649,지번,1,False
1123010300105940000,서울특별시 동대문구 제기동,서울특별시 동대문구 경동시장로 42 (제기동),근린생활1,제1종근린생활시설,100716903,지번,1,False
1123010300106200002,서울특별시 동대문구 제기동,서울특별시 동대문구 경동시장로 40 (제기동),근린생활1,제1종근린생활시설,100718638,지번,1,False
1123010300106510000,서울특별시 동대문구 제기동,서울특별시 동대문구 왕산로33길 5 (제기동),근린생활1,제1종근린생활시설,1007114135,지번,1,False
1123010300110040000,서울특별시 동대문구 제기동,서울특별시 동대문구 왕산로 157 (제기동),근린생활2,제2종근린생활시설,1007121615,지번,1,False
1123010300103450008,서울특별시 동대문구 제기동,서울특별시 동대문구 약령시로 115 (제기동),근린생활1,제1종근린생활시설,1007124292,지번,1,False
1123010700105820000,서울특별시 동대문구 청량리동,서울특별시 동대문구 홍릉로 55 (청량리동),근린생활2,제2종근린생활시설,1007133196,지번,1,False
1123010300109970000,서울특별시 동대문구 제기동,서울특별시 동대문구 고산자로36길 34 (제기동),근린생활1,제1종근린생활시설,100715655,지번,1,False
1123010300111580050,서울특별시 동대문구 제기동,서울특별시 동대문구 왕산로 91 (제기동),근린생활2,업무시설,10071100262995,지번,1,False
1123010300110100000,서울특별시 동대문구 제기동,서울특별시 동대문구 왕산로 153-1 (제기동),근린생활1,제1종근린생활시설,100717252,지번,1,False
1123010300106300008,서울특별시 동대문구 제기동,서울특별시 동대문구 홍릉로1길 44 (제기동),근린생활1,제1종근린생활시설,1007127296,지번,1,False
1123010300106210007,서울특별시 동대문구 제기동,,근린생활1,제1종근린생활시설,100715521,지번,3,False
1123010300106350002,서울특별시 동대문구 제기동,서울특별시 동대문구 왕산로35길 17 (제기동),근린생활1,제1종근린생활시설,1007128625,지번,1,False
1123010700106130000,서울특별시 동대문구 청량리동,서울특별시 동대문구 약령시로17길 36 (청량리동),근린생활1,제1종근린생활시설,1007115543,지번,1,False
1123010300102880000,서울특별시 동대문구 제기동,,근린생활1,제2종근린생활시설,100714029,지번,19,False
1123010300102880000,서울특별시 동대문구 제기동,,근린생활1,제1종근린생활시설,100714051,지번,19,False
1123010700107570000,서울특별시 동대문구 청량리동,서울특별시 동대문구 왕산로 189-2 (청량리동),근린생활2,제2종근린생활시설,1007113407,지번,1,False
1123010300103690000,서울특별시 동대문구 제기동,서울특별시 동대문구 제기로20길 46 (제기동),근린생활1,단독주택,10071100249134,지번,1,False
1123010300106130000,서울특별시 동대문구 제기동,서울특별시 동대문구 경동시장로12길 16 (제기동),근린생활1,단독주택,1007132921,지번,1,False
1123010300106470014,서울특별시 동대문구 제기동,서울특별시 동대문구 경동시장로 12-1 (제기동),근린생활1,제1종근린생활시설,100718766,지번,1,False
1123010300103450023,서울특별시 동대문구 제기동,서울특별시 동대문구 약령시로 117-10 (제기동),근린생활2,제2종근린생활시설,1007119276,지번,1,False
1123010300106200022,서울특별시 동대문구 제기동,서울특별시 동대문구 경동시장로 36-1 (제기동),근린생활1,제1종근린생활시설,1007132735,지번,1,False
1123010400106200002,서울특별시 동대문구 전농동,서울특별시 동대문구 왕산로40길 2 (전농동),근린생활1,제1종근린생활시설,1007118774,지번,1,False
1123010200100260038,서울특별시 동대문구 용두동,서울특별시 동대문구 왕산로28길 23 (용두동),근린생활2,제2종근린생활시설,100712910,지번,1,False
1123010200100260037,서울특별시 동대문구 용두동,서울특별시 동대문구 왕산로28길 21 (용두동),근린생활1,제1종근린생활시설,100712912,지번,1,False
1123010200100260012,서울특별시 동대문구 용두동,서울특별시 동대문구 왕산로28길 19 (용두동),근린생활2,제2종근린생활시설,100712911,지번,1,False
1123010300109900009,서울특별시 동대문구 제기동,서울특별시 동대문구 고산자로38길 21-13 (제기동),근린생활1,제1종근린생활시설,100714673,지번,1,False
1123010300109890017,서울특별시 동대문구 제기동,서울특별시 동대문구 고산자로38길 25-6 (제기동),근린생활1,제1종근린생활시설,1007117163,지번,1,False
1123010300109110000,서울특별시 동대문구 제기동,서울특별시 동대문구 약령시로14길 32 (제기동),근린생활1,제1종근린생활시설,1007125885,지번,1,False
1123010300109130000,서울특별시 동대문구 제기동,서울특별시 동대문구 약령시로14길 36 (제기동),근린생활1,제1종근린생활시설,1007127028,지번,1,False
1123010300101480074,서울특별시 동대문구 제기동,서울특별시 동대문구 안암로 84-12 (제기동),근린생활2,제2종근린생활시설,1007129017,지번,1,False
1123010700107720000,서울특별시 동대문구 청량리동,서울특별시 동대문구 경동시장로2길 51 (청량리동),근린생활2,제2종근린생활시설,1007112089,지번,1,False
1123010300104860019,서울특별시 동대문구 제기동,서울특별시 동대문구 왕산로37길 33-4 (제기동),근린생활1,제2종근린생활시설,100715378,지번,2,False
1123010300104860019,서울특별시 동대문구 제기동,서울특별시 동대문구 왕산로37길 35 (제기동),근린생활1,제1종근린생활시설,100715379,지번,2,False
1123010200100390402,서울특별시 동대문구 용두동,서울특별시 동대문구 고산자로30길 43 (용두동),근린생활2,제2종근린생활시설,1007121152,지번,1,False
1123010200100390574,서울특별시 동대문구 용두동,서울특별시 동대문구 고산자로30길 67 (용두동),근린생활2,제2종근린생활시설,1007111688,지번,1,False
1123010300105790000,서울특별시 동대문구 제기동,서울특별시 동대문구 경동시장로10길 21 (제기동),근린생활1,제1종근린생활시설,100718952,지번,1,False
1123010300104380009,서울특별시 동대문구 제기동,서울특별시 동대문구 약령시로 122 (제기동),근린생활2,제2종근린생활시설,1007122565,지번,1,False
1123010700107820000,서울특별시 동대문구 청량리동,서울특별시 동대문구 경동시장로8길 46 (청량리동),근린생활1,제2종근린생활시설,100713646,지번,2,False
1123010700107820000,서울특별시 동대문구 청량리동,서울특별시 동대문구 경동시장로8길 46 (청량리동),근린생활1,제1종근린생활시설,100713647,지번,2,False
1123010300104800002,서울특별시 동대문구 제기동,,근린생활1,제1종근린생활시설,1007117683,지번,1,False
1123010300105300003,서울특별시 동대문구 제기동,서울특별시 동대문구 왕산로35길 47 (제기동),근린생활1,제1종근린생활시설,1007118091,지번,2,False
1123010300105300003,서울특별시 동대문구 제기동,서울특별시 동대문구 왕산로35길 49 (제기동),근린생활1,제1종근린생활시설,100715495,지번,2,False
1123010300106210010,서울특별시 동대문구 제기동,서울특별시 동대문구 왕산로33길 41 (제기동),근린생활1,제1종근린생활시설,1007121925,지번,1,False
1123010200100120005,서울특별시 동대문구 용두동,서울특별시 동대문구 고산자로32길 67 (용두동),근린생활1,단독주택,1007114396,지번,1,False
1123010700106250000,서울특별시 동대문구 청량리동,서울특별시 동대문구 약령시로17길 26 (청량리동),근린생활1,제1종근린생활시설,100716992,지번,1,False
1123010700106590000,서울특별시 동대문구 청량리동,서울특별시 동대문구 홍릉로 39-2 (청량리동),근린생활1,제1종근린생활시설,1007121082,지번,1,False
1123010300106350021,서울특별시 동대문구 제기동,서울특별시 동대문구 왕산로 175-1 (제기동),근린생활2,제1종근린생활시설,100715393,지번,7,False
1123010300106350021,서울특별시 동대문구 제기동,,근린생활2,제2종근린생활시설,100715394,지번,7,False
1123010300106350021,서울특별시 동대문구 제기동,,근린생활2,제1종근린생활시설,100715395,지번,7,False
1123010300106350021,서울특별시 동대문구 제기동,,근린생활2,제1종근린생활시설,100715396,지번,7,False
1123010300106350021,서울특별시 동대문구 제기동,,근린생활2,제1종근린생활시설,100715398,지번,7,False
1123010300106350021,서울특별시 동대문구 제기동,서울특별시 동대문구 왕산로 177 (제기동),근린생활2,제1종근린생활시설,100715399,지번,7,False
1123010700102840002,서울특별시 동대문구 청량리동,서울특별시 동대문구 왕산로41길 17 (청량리동),근린생활2,제2종근린생활시설,1007111200,지번,1,False
1123010300108960000,서울특별시 동대문구 제기동,서울특별시 동대문구 약령시로14길 29 (제기동),근린생활1,제1종근린생활시설,1007124821,지번,1,False
1123010300108960002,서울특별시 동대문구 제기동,서울특별시 동대문구 경동시장로9길 20 (제기동),근린생활1,제1종근린생활시설,100712212,지번,3,False
1123010300108960002,서울특별시 동대문구 제기동,서울특별시 동대문구 경동시장로9길 22 (제기동),근린생활1,제1종근린생활시설,100715422,지번,3,False
1123010300108960004,서울특별시 동대문구 제기동,서울특별시 동대문구 고산자로42길 12 (제기동),근린생활1,제1종근린생활시설,1007115933,지번,1,False
1123010300108950001,서울특별시 동대문구 제기동,서울특별시 동대문구 약령시로14길 21 (제기동),근린생활1,제1종근린생활시설,1007119767,지번,1,False
1123010300108460013,서울특별시 동대문구 제기동,서울특별시 동대문구 경동시장로9나길 2 (제기동),근린생활1,제1종근린생활시설,1007121411,지번,1,False
1123010300108460026,서울특별시 동대문구 제기동,서울특별시 동대문구 경동시장로9가길 25 (제기동),근린생활1,제1종근린생활시설,1007131184,지번,1,False
1123010300109920021,서울특별시 동대문구 제기동,서울특별시 동대문구 경동시장로3길 10-3 (제기동),근린생활1,제1종근린생활시설,1007131358,지번,1,False
1123010300109880008,서울특별시 동대문구 제기동,서울특별시 동대문구 고산자로38길 21-14 (제기동),근린생활1,제1종근린생활시설,100719551,지번,1,False
1123010300109890008,서울특별시 동대문구 제기동,서울특별시 동대문구 고산자로38길 21-6 (제기동),근린생활1,제1종근린생활시설,1007131309,지번,1,False
1123010300107680008,서울특별시 동대문구 제기동,서울특별시 동대문구 약령시로 89-1 (제기동),근린생활1,제1종근린생활시설,1007133259,지번,1,False
1123010300105040000,서울특별시 동대문구 제기동,서울특별시 동대문구 약령시로 108 (제기동),근린생활2,제2종근린생활시설,1000000000000004075339,지번,1,False
1123010700106310000,서울특별시 동대문구 청량리동,서울특별시 동대문구 약령시로17길 16 (청량리동),근린생활2,제2종근린생활시설,1007112013,지번,1,False
1123010700104450033,서울특별시 동대문구 청량리동,서울특별시 동대문구 홍릉로 68 (청량리동),근린생활2,제2종근린생활시설,1007113200,지번,1,False
1123010200100120013,서울특별시 동대문구 용두동,서울특별시 동대문구 고산자로34길 52-3 (용두동),근린생활1,제1종근린생활시설,1007114775,지번,1,False
1123010300106180000,서울특별시 동대문구 제기동,서울특별시 동대문구 경동시장로10길 13 (제기동),근린생활1,제1종근린생활시설,1007124939,지번,1,False
1123010300106300001,서울특별시 동대문구 제기동,서울특별시 동대문구 왕산로35길 27 (제기동),근린생활1,제1종근린생활시설,1007136219,지번,1,False
1123010300105050004,서울특별시 동대문구 제기동,서울특별시 동대문구 홍릉로5길 42-7 (제기동),근린생활2,제2종근린생활시설,100712151,지번,1,False
1123010300106200046,서울특별시 동대문구 제기동,서울특별시 동대문구 경동시장로 32 (제기동),근린생활1,제1종근린생활시설,1007117749,지번,1,False
1123010700103760000,서울특별시 동대문구 청량리동,서울특별시 동대문구 홍릉로 60-1 (청량리동),근린생활1,제1종근린생활시설,1007122703,지번,1,False
1123010700105200003,서울특별시 동대문구 청량리동,서울특별시 동대문구 제기로 85 (청량리동),근린생활1,제1종근린생활시설,100712880,지번,2,False
1123010300106320008,서울특별시 동대문구 제기동,서울특별시 동대문구 왕산로33길 32 (제기동),근린생활1,제1종근린생활시설,1007116607,지번,1,False
1123010300109890023,서울특별시 동대문구 제기동,서울특별시 동대문구 고산자로38길 31-4 (제기동),근린생활1,제1종근린생활시설,1007133468,지번,1,False
1123010300110050000,서울특별시 동대문구 제기동,서울특별시 동대문구 왕산로 155-1 (제기동),근린생활1,제1종근린생활시설,1007119858,지번,1,False
1123010700104450023,서울특별시 동대문구 청량리동,서울특별시 동대문구 제기로 96 (청량리동),근린생활2,제2종근린생활시설,1007136144,지번,1,False
1123010300106350020,서울특별시 동대문구 제기동,서울특별시 동대문구 왕산로 179 (제기동),근린생활1,제1종근린생활시설,1007126790,지번,1,False
1123010300104860004,서울특별시 동대문구 제기동,서울특별시 동대문구 홍릉로3길 13 (제기동),근린생활1,제1종근린생활시설,100712144,지번,1,False
1123010300106350017,서울특별시 동대문구 제기동,서울특별시 동대문구 왕산로35길 13 (제기동),판매시설,판매시설,1007115704,지번,1,False
1123010700101990169,서울특별시 동대문구 청량리동,서울특별시 동대문구 홍릉로 84 (청량리동),근린생활2,제2종근린생활시설,1007110523,지번,1,False
1123010300105650000,서울특별시 동대문구 제기동,서울특별시 동대문구 경동시장로12길 32 (제기동),근린생활1,제1종근린생활시설,1007131951,지번,1,False
1123010700105190000,서울특별시 동대문구 청량리동,서울특별시 동대문구 홍릉로 71 (청량리동),근린생활2,제2종근린생활시설,1007114077,지번,1,False
1123010700101990171,서울특별시 동대문구 청량리동,서울특별시 동대문구 홍릉로 80 (청량리동),근린생활2,제2종근린생활시설,1007135721,지번,1,False
1123010700103160000,서울특별시 동대문구 청량리동,서울특별시 동대문구 홍릉로 22-1 (청량리동),근린생활1,제1종근린생활시설,1007131418,지번,1,False
1123010700102790000,서울특별시 동대문구 청량리동,서울특별시 동대문구 홍릉로 6 (청량리동),근린생활2,제2종근린생활시설,1007123114,지번,1,False
1123010700103240000,서울특별시 동대문구 청량리동,서울특별시 동대문구 홍릉로 36-2 (청량리동),근린생활1,제1종근린생활시설,1007135608,지번,1,False
1123010700107050001,서울특별시 동대문구 청량리동,서울특별시 동대문구 홍릉로 23 (청량리동),근린생활1,제1종근린생활시설,100717074,지번,1,False
1123010700103660000,서울특별시 동대문구 청량리동,서울특별시 동대문구 홍릉로 50 (청량리동),근린생활2,제2종근린생활시설,100719924,지번,1,False
1123010700103430000,서울특별시 동대문구 청량리동,서울특별시 동대문구 홍릉로 40 (청량리동),근린생활1,제1종근린생활시설,1007127499,지번,1,False
1123010700102250004,서울특별시 동대문구 청량리동,서울특별시 동대문구 약령시로 133 (청량리동),근린생활1,제1종근린생활시설,1007118488,지번,1,False
1123010700107530000,서울특별시 동대문구 청량리동,서울특별시 동대문구 왕산로 191-1 (청량리동),근린생활1,제1종근린생활시설,1007123601,지번,1,False
1123010300108990008,서울특별시 동대문구 제기동,서울특별시 동대문구 고산자로40길 19 (제기동),근린생활1,제1종근린생활시설,1007113914,지번,1,False
1123010300108990000,서울특별시 동대문구 제기동,서울특별시 동대문구 약령시로14길 43 (제기동),근린생활1,제1종근린생활시설,10071100208324,지번,1,False
1123010300109140003,서울특별시 동대문구 제기동,서울특별시 동대문구 약령시로14길 40 (제기동),근린생활1,제1종근린생활시설,1007136429,지번,1,False
1123010300108940000,서울특별시 동대문구 제기동,서울특별시 동대문구 약령시로14길 15 (제기동),근린생활1,제1종근린생활시설,100712211,지번,1,False
1123010300111410014,서울특별시 동대문구 제기동,서울특별시 동대문구 약령중앙로 27-7 (제기동),근린생활1,제1종근린생활시설,1007127838,지번,1,False
1123010300107760000,서울특별시 동대문구 제기동,서울특별시 동대문구 약령시로13길 27 (제기동),근린생활1,제1종근린생활시설,1007122261,지번,1,False
1123010300109010002,서울특별시 동대문구 제기동,서울특별시 동대문구 약령시로14길 22 (제기동),근린생활1,제1종근린생활시설,1007131967,지번,1,False
1123010300108960001,서울특별시 동대문구 제기동,서울특별시 동대문구 약령시로14길 33 (제기동),근린생활1,제1종근린생활시설,1007121651,지번,1,False
1123010200100260039,서울특별시 동대문구 용두동,서울특별시 동대문구 왕산로28길 25 (용두동),근린생활2,제2종근린생활시설,100712913,지번,1,False
1123010300106460017,서울특별시 동대문구 제기동,서울특별시 동대문구 경동시장로 18 (제기동),근린생활1,제1종근린생활시설,1007110674,지번,1,False
1123010300103480001,서울특별시 동대문구 제기동,서울특별시 동대문구 약령시로 105 (제기동),근린생활1,제1종근린생활시설,1007132539,지번,1,False
1123010200100120019,서울특별시 동대문구 용두동,서울특별시 동대문구 고산자로34길 52-11 (용두동),근린생활1,제1종근린생활시설,1007114214,지번,1,False
1123010200100200090,서울특별시 동대문구 용두동,서울특별시 동대문구 고산자로34길 44 (용두동),근린생활1,제1종근린생활시설,1007129785,지번,1,False
1123010700107730000,서울특별시 동대문구 청량리동,서울특별시 동대문구 왕산로37길 11 (청량리동),근린생활1,제1종근린생활시설,100712891,지번,14,False
1123010700107730000,서울특별시 동대문구 청량리동,,근린생활1,제1종근린생활시설,100713634,지번,14,False
1123010700107730000,서울특별시 동대문구 청량리동,서울특별시 동대문구 홍릉로1길 15 (청량리동),근린생활1,제1종근린생활시설,100713635,지번,14,False
1123010700107730000,서울특별시 동대문구 청량리동,서울특별시 동대문구 홍릉로1길 17 (청량리동),근린생활1,제1종근린생활시설,100713636,지번,14,False
1123010700107730000,서울특별시 동대문구 청량리동,,근린생활1,제1종근린생활시설,100713639,지번,14,False
1123010700107730000,서울특별시 동대문구 청량리동,서울특별시 동대문구 홍릉로1길 13 (청량리동),근린생활1,제1종근린생활시설,100713641,지번,14,False
1123010700107730000,서울특별시 동대문구 청량리동,,근린생활1,제1종근린생활시설,100713642,지번,14,False
1123010700107730000,서울특별시 동대문구 청량리동,,근린생활1,제1종근린생활시설,100713643,지번,14,False
1123010700107730000,서울특별시 동대문구 청량리동,,근린생활1,제1종근린생활시설,100713644,지번,14,False
1123010700107730000,서울특별시 동대문구 청량리동,서울특별시 동대문구 왕산로35길 14 (청량리동),근린생활1,제1종근린생활시설,100713645,지번,14,False
1123010300106350011,서울특별시 동대문구 제기동,서울특별시 동대문구 왕산로33길 18 (제기동),근린생활1,제1종근린생활시설,10071100262726,지번,1,False
1123010300104780004,서울특별시 동대문구 제기동,서울특별시 동대문구 홍릉로3길 20 (제기동),근린생활1,제1종근린생활시설,1007121494,지번,1,False
1123010300104860022,서울특별시 동대문구 제기동,서울특별시 동대문구 경동시장로10길 53 (제기동),근린생활2,제2종근린생활시설,1007133457,지번,1,False
1123010300104860029,서울특별시 동대문구 제기동,서울특별시 동대문구 경동시장로10길 51 (제기동),근린생활1,제1종근린생활시설,1007115522,지번,1,False
1123010300104860027,서울특별시 동대문구 제기동,서울특별시 동대문구 경동시장로10길 47 (제기동),근린생활1,제1종근린생활시설,1007128971,지번,1,False
1123010700102050838,서울특별시 동대문구 청량리동,서울특별시 동대문구 회기로 52 (청량리동),근린생활2,제2종근린생활시설,1007120331,지번,1,False
1123010700105590000,서울특별시 동대문구 청량리동,서울특별시 동대문구 홍릉로 61 (청량리동),근린생활1,제1종근린생활시설,1007119789,지번,1,False
1123010200100090007,서울특별시 동대문구 용두동,서울특별시 동대문구 답십리로 4 (용두동),근린생활1,제1종근린생활시설,1007130931,지번,1,False
1123010300104380003,서울특별시 동대문구 제기동,서울특별시 동대문구 약령시로 120 (제기동),근린생활1,제1종근린생활시설,1007120398,지번,1,False
1123010400106200020,서울특별시 동대문구 전농동,서울특별시 동대문구 왕산로 184 (전농동),근린생활1,업무시설,10071100267615,지번,1,False
1123010300106320025,서울특별시 동대문구 제기동,서울특별시 동대문구 홍릉로1길 48 (제기동),근린생활1,제1종근린생활시설,1007120172,지번,1,False
1123010700106180001,서울특별시 동대문구 청량리동,서울특별시 동대문구 홍릉로 49 (청량리동),근린생활1,제1종근린생활시설,1007110538,지번,1,False
1123010700106000000,서울특별시 동대문구 청량리동,서울특별시 동대문구 홍릉로 53-1 (청량리동),근린생활1,제1종근린생활시설,1007130445,지번,1,False
1123010300105910015,서울특별시 동대문구 제기동,서울특별시 동대문구 약령시로 104-1 (제기동),근린생활2,제2종근린생활시설,1007124465,지번,2,False
1123010300105910015,서울특별시 동대문구 제기동,서울특별시 동대문구 왕산로33길 77 (제기동),근린생활2,제1종근린생활시설,1007124466,지번,2,False
1123010300104860020,서울특별시 동대문구 제기동,서울특별시 동대문구 경동시장로10길 57 (제기동),근린생활2,제2종근린생활시설,1007133019,지번,1,False
1123010700106750000,서울특별시 동대문구 청량리동,서울특별시 동대문구 약령시로 125 (청량리동),근린생활1,업무시설,1000000000000000096733,지번,1,False
1123010700106760000,서울특별시 동대문구 청량리동,서울특별시 동대문구 홍릉로 33 (청량리동),근린생활2,제2종근린생활시설,1007111409,지번,1,False
1123010700103180012,서울특별시 동대문구 청량리동,서울특별시 동대문구 홍릉로 32 (청량리동),근린생활1,제1종근린생활시설,1007121331,지번,1,False
1123010700102880000,서울특별시 동대문구 청량리동,서울특별시 동대문구 홍릉로 12 (청량리동),근린생활2,제2종근린생활시설,1007129679,지번,1,False
1123010700103180007,서울특별시 동대문구 청량리동,서울특별시 동대문구 홍릉로 34 (청량리동),근린생활1,제1종근린생활시설,1007130524,지번,1,False
1123010700102250003,서울특별시 동대문구 청량리동,서울특별시 동대문구 약령시로21길 3 (청량리동),근린생활2,제2종근린생활시설,1007121416,지번,1,False
1123010300108220004,서울특별시 동대문구 제기동,서울특별시 동대문구 약령동길 123 (제기동),근린생활2,제2종근린생활시설,1007127625,지번,1,False
1123010300107150008,서울특별시 동대문구 제기동,서울특별시 동대문구 약령동길 157 (제기동),근린생활1,제1종근린생활시설,100711566,지번,1,False
1123010300106820002,서울특별시 동대문구 제기동,서울특별시 동대문구 고산자로50길 13 (제기동),근린생활1,제1종근린생활시설,1007122244,지번,1,False
1123010300111400045,서울특별시 동대문구 제기동,서울특별시 동대문구 약령서1길 28 (제기동),근린생활1,제1종근린생활시설,1007130313,지번,1,False
1123010300101350027,서울특별시 동대문구 제기동,서울특별시 동대문구 제기로 23-2 (제기동),근린생활2,제2종근린생활시설,1007112759,지번,1,False
1123010300109920015,서울특별시 동대문구 제기동,서울특별시 동대문구 경동시장로3길 10-6 (제기동),근린생활1,제1종근린생활시설,1007120222,지번,1,False
1123010300106980000,서울특별시 동대문구 제기동,,근린생활2,제2종근린생활시설,100715547,지번,12,False
1123010300106980000,서울특별시 동대문구 제기동,서울특별시 동대문구 고산자로 508-3 (제기동),근린생활2,제2종근린생활시설,100715549,지번,12,False
1123010300106980000,서울특별시 동대문구 제기동,,근린생활2,제1종근린생활시설,100715552,지번,12,False
1123010300106980000,서울특별시 동대문구 제기동,서울특별시 동대문구 고산자로50길 6 (제기동),근린생활2,제1종근린생활시설,100715554,지번,12,False
1123010200107090009,서울특별시 동대문구 용두동,서울특별시 동대문구 왕산로 114-1 (용두동),근린생활1,제1종근린생활시설,1007113108,지번,1,False
1123010300107710004,서울특별시 동대문구 제기동,서울특별시 동대문구 약령시로 85-1 (제기동),근린생활1,제1종근린생활시설,1007118425,지번,1,False
1123010300108870173,서울특별시 동대문구 제기동,서울특별시 동대문구 약령서길 86 (제기동),근린생활1,제1종근린생활시설,1007136554,지번,1,False
1123010300106320023,서울특별시 동대문구 제기동,서울특별시 동대문구 홍릉로1가길 6 (제기동),근린생활2,제2종근린생활시설,100714060,지번,2,False
1123010300106320023,서울특별시 동대문구 제기동,서울특별시 동대문구 홍릉로1가길 6 (제기동),근린생활2,제1종근린생활시설,100714061,지번,2,False
1123010300105900000,서울특별시 동대문구 제기동,서울특별시 동대문구 왕산로33길 38 (제기동),근린생활2,제2종근린생활시설,1007126781,지번,1,False
1123010300105750000,서울특별시 동대문구 제기동,서울특별시 동대문구 홍릉로3길 37 (제기동),근린생활1,제1종근린생활시설,1007135700,지번,1,False
1123010300105960003,서울특별시 동대문구 제기동,서울특별시 동대문구 왕산로33길 67 (제기동),근린생활1,제1종근린생활시설,1007123448,지번,1,False
1123010300105220000,서울특별시 동대문구 제기동,서울특별시 동대문구 왕산로33길 70 (제기동),근린생활1,제1종근린생활시설,100715384,지번,1,False
1123010300105910008,서울특별시 동대문구 제기동,서울특별시 동대문구 약령시로 100-1 (제기동),근린생활2,제2종근린생활시설,1007110810,지번,1,False
1123010300106220000,서울특별시 동대문구 제기동,서울특별시 동대문구 경동시장로10길 10 (제기동),근린생활1,공동주택,10071100211733,지번,2,True
1123010300106220000,서울특별시 동대문구 제기동,서울특별시 동대문구 경동시장로10길 10 (제기동),근린생활1,공동주택,10071100211744,지번,2,True
1123010300106540001,서울특별시 동대문구 제기동,서울특별시 동대문구 왕산로 167 (제기동),근린생활1,제1종근린생활시설,1007121461,지번,1,False
1123010300109930000,서울특별시 동대문구 제기동,서울특별시 동대문구 경동시장로 9 (제기동),근린생활1,제1종근린생활시설,100715432,지번,1,False
1123010300109880014,서울특별시 동대문구 제기동,서울특별시 동대문구 경동시장로 19 (제기동),근린생활1,제1종근린생활시설,1007118487,지번,1,False
1123010700105200014,서울특별시 동대문구 청량리동,서울특별시 동대문구 제기로 85 (청량리동),근린생활1,제1종근린생활시설,100713632,지번,2,False
1123010700105200014,서울특별시 동대문구 청량리동,서울특별시 동대문구 제기로 85 (청량리동),근린생활1,제2종근린생활시설,100713633,지번,2,False
1123010700105170000,서울특별시 동대문구 청량리동,서울특별시 동대문구 홍릉로 69 (청량리동),근린생활2,제2종근린생활시설,1007114452,지번,1,False
1123010300102890007,서울특별시 동대문구 제기동,서울특별시 동대문구 경동시장로 82-1 (제기동),근린생활2,제2종근린생활시설,1007125194,지번,1,False
1123010300106300010,서울특별시 동대문구 제기동,서울특별시 동대문구 왕산로35길 21 (제기동),근린생활1,제1종근린생활시설,100719115,지번,1,False
1123010300102870033,서울특별시 동대문구 제기동,서울특별시 동대문구 약령시로17길 59-11 (제기동),근린생활1,제1종근린생활시설,100717018,지번,1,False
1123010200100200018,서울특별시 동대문구 용두동,서울특별시 동대문구 고산자로34길 40 (용두동),근린생활2,제2종근린생활시설,1007112531,지번,1,False
1123010200100200070,서울특별시 동대문구 용두동,서울특별시 동대문구 왕산로30길 18 (용두동),근린생활1,제1종근린생활시설,1007114503,지번,1,False
1123010300102870031,서울특별시 동대문구 제기동,서울특별시 동대문구 약령시로17길 59-15 (제기동),근린생활1,제1종근린생활시설,1007121781,지번,1,False
1123010700103750000,서울특별시 동대문구 청량리동,서울특별시 동대문구 홍릉로 60 (청량리동),근린생활2,제2종근린생활시설,1007111047,지번,1,False
1123010300106460008,서울특별시 동대문구 제기동,서울특별시 동대문구 경동시장로 18-8 (제기동),근린생활1,제1종근린생활시설,1007129981,지번,1,False
1123010700105200060,서울특별시 동대문구 청량리동,서울특별시 동대문구 제기로 69 (청량리동),근린생활1,제1종근린생활시설,1007111357,지번,1,False
1123010700107440000,서울특별시 동대문구 청량리동,서울특별시 동대문구 홍릉로 3 (청량리동),근린생활1,제2종근린생활시설,100716122,지번,2,False
1123010700107440000,서울특별시 동대문구 청량리동,서울특별시 동대문구 홍릉로 3 (청량리동),근린생활1,제1종근린생활시설,100716123,지번,2,False
1123010700103520000,서울특별시 동대문구 청량리동,서울특별시 동대문구 홍릉로 46 (청량리동),근린생활2,제2종근린생활시설,1007117394,지번,1,False
1123010700107420000,서울특별시 동대문구 청량리동,서울특별시 동대문구 홍릉로 7 (청량리동),근린생활2,제2종근린생활시설,1007132600,지번,1,False
1123010700103050000,서울특별시 동대문구 청량리동,서울특별시 동대문구 홍릉로 18 (청량리동),근린생활2,제2종근린생활시설,1007127953,지번,1,False
1123010200101000005,서울특별시 동대문구 용두동,서울특별시 동대문구 왕산로 92 (용두동),근린생활2,업무시설,10071100256975,지번,1,False
1123010700103670005,서울특별시 동대문구 청량리동,서울특별시 동대문구 홍릉로12길 4 (청량리동),근린생활1,제1종근린생활시설,1007111741,지번,1,False
1123010700107710000,서울특별시 동대문구 청량리동,서울특별시 동대문구 왕산로37길 3 (청량리동),근린생활1,제1종근린생활시설,1007121584,지번,1,False
1123010300111290000,서울특별시 동대문구 제기동,서울특별시 동대문구 약령중앙로2길 5 (제기동),근린생활1,제1종근린생활시설,100715662,지번,2,False
1123010300111290000,서울특별시 동대문구 제기동,서울특별시 동대문구 약령중앙로2길 5 (제기동),근린생활1,제1종근린생활시설,100715663,지번,2,False
1123010300108870149,서울특별시 동대문구 제기동,서울특별시 동대문구 약령서길 92 (제기동),근린생활1,제1종근린생활시설,1007113116,지번,1,False
1123010200100270021,서울특별시 동대문구 용두동,서울특별시 동대문구 고산자로32길 16 (용두동),근린생활2,제2종근린생활시설,10071100189137,지번,2,False
1123010300101380010,서울특별시 동대문구 제기동,서울특별시 동대문구 제기로6길 11 (제기동),근린생활2,단독주택,10071100253675,지번,1,False
1123010200101180123,서울특별시 동대문구 용두동,서울특별시 동대문구 천호대로17길 51 (용두동),근린생활2,제2종근린생활시설,1007121346,지번,1,False
1123010300109920030,서울특별시 동대문구 제기동,서울특별시 동대문구 경동시장로3길 16-7 (제기동),근린생활1,제1종근린생활시설,1007115848,지번,1,False
1123010200100140020,서울특별시 동대문구 용두동,서울특별시 동대문구 왕산로 162-1 (용두동),근린생활1,제1종근린생활시설,1007124058,지번,1,False
1123010200100120009,서울특별시 동대문구 용두동,서울특별시 동대문구 고산자로34길 60 (용두동),근린생활1,제1종근린생활시설,1007117641,지번,1,False
1123010300104420000,서울특별시 동대문구 제기동,서울특별시 동대문구 홍릉로5길 14 (제기동),근린생활1,제1종근린생활시설,1007119968,지번,1,False
1123010300105840000,서울특별시 동대문구 제기동,,근린생활1,제1종근린생활시설,100715503,지번,6,False
1123010300105840000,서울특별시 동대문구 제기동,,근린생활1,제1종근린생활시설,100715505,지번,6,False
1123010300105840000,서울특별시 동대문구 제기동,서울특별시 동대문구 홍릉로3길 41 (제기동),근린생활1,제1종근린생활시설,100715507,지번,6,False
1123010300106200038,서울특별시 동대문구 제기동,서울특별시 동대문구 경동시장로10가길 23 (제기동),근린생활1,제1종근린생활시설,1007113000,지번,1,False
1123010300106200033,서울특별시 동대문구 제기동,서울특별시 동대문구 경동시장로 34 (제기동),근린생활1,제1종근린생활시설,1007118184,지번,1,False
1123010300106350034,서울특별시 동대문구 제기동,서울특별시 동대문구 경동시장로2길 30 (제기동),근린생활1,제1종근린생활시설,1007122191,지번,1,False
1123010300103480002,서울특별시 동대문구 제기동,서울특별시 동대문구 약령시로 107 (제기동),근린생활2,제2종근린생활시설,100712132,지번,2,False
1123010300105960002,서울특별시 동대문구 제기동,서울특별시 동대문구 왕산로33길 67-1 (제기동),근린생활1,제1종근린생활시설,10071100217852,지번,1,False
1123010300106200116,서울특별시 동대문구 제기동,서울특별시 동대문구 경동시장로 26 (제기동),근린생활2,제2종근린생활시설,1007125105,지번,1,False
1123010300106480000,서울특별시 동대문구 제기동,서울특별시 동대문구 왕산로33길 17 (제기동),판매시설,판매시설,1007121667,지번,1,False
1123010300102860005,서울특별시 동대문구 제기동,서울특별시 동대문구 홍릉로17길 15 (제기동),근린생활1,공동주택,10071100206164,지번,2,True
1123010300102860005,서울특별시 동대문구 제기동,서울특별시 동대문구 홍릉로17길 15 (제기동),근린생활1,공동주택,10071100206173,지번,2,True
1123010700107660000,서울특별시 동대문구 청량리동,서울특별시 동대문구 왕산로 183 (청량리동),근린생활1,제1종근린생활시설,1007126458,지번,1,False
1123010300104290009,서울특별시 동대문구 제기동,서울특별시 동대문구 약령시로 99-1 (제기동),근린생활1,제1종근린생활시설,1007134134,지번,1,False
1123010700105640000,서울특별시 동대문구 청량리동,서울특별시 동대문구 홍릉로 59 (청량리동),근린생활1,제1종근린생활시설,1007127359,지번,1,False
1123010700102050705,서울특별시 동대문구 청량리동,서울특별시 동대문구 홍릉로 115-3 (청량리동),근린생활2,제2종근린생활시설,100712854,지번,2,False
1123010700102050719,서울특별시 동대문구 청량리동,서울특별시 동대문구 회기로 50 (청량리동),근린생활1,제1종근린생활시설,1007116187,지번,1,False
1123010700102050707,서울특별시 동대문구 청량리동,서울특별시 동대문구 회기로 48 (청량리동),근린생활1,제1종근린생활시설,1007122675,지번,1,False
1123010700102050713,서울특별시 동대문구 청량리동,서울특별시 동대문구 회기로8길 48 (청량리동),근린생활2,제2종근린생활시설,1007126235,지번,1,False
1123010700102050562,서울특별시 동대문구 청량리동,서울특별시 동대문구 회기로8길 42 (청량리동),근린생활2,제2종근린생활시설,1007113289,지번,1,False
1123010700106040000,서울특별시 동대문구 청량리동,서울특별시 동대문구 홍릉로 51-1 (청량리동),근린생활1,제1종근린생활시설,100718321,지번,1,False
1123010700102150033,서울특별시 동대문구 청량리동,서울특별시 동대문구 홍릉로10길 18 (청량리동),근린생활2,제2종근린생활시설,100717302,지번,1,False
1123010700103590000,서울특별시 동대문구 청량리동,서울특별시 동대문구 홍릉로 48-1 (청량리동),근린생활2,제2종근린생활시설,1007121997,지번,1,False
1123010700104460000,서울특별시 동대문구 청량리동,서울특별시 동대문구 제기로 106 (청량리동),근린생활2,제2종근린생활시설,1007114346,지번,1,False
1123010700107500000,서울특별시 동대문구 청량리동,서울특별시 동대문구 왕산로 193 (청량리동),근린생활1,제1종근린생활시설,1007117166,지번,1,False
1123010300108990002,서울특별시 동대문구 제기동,서울특별시 동대문구 고산자로40길 9 (제기동),근린생활1,제1종근린생활시설,1007126635,지번,1,False
1123010200101020200,서울특별시 동대문구 용두동,서울특별시 동대문구 천호대로17길 48 (용두동),근린생활1,제1종근린생활시설,100711431,지번,2,False
1123010200101020200,서울특별시 동대문구 용두동,서울특별시 동대문구 천호대로17길 46-6 (용두동),근린생활1,제1종근린생활시설,100711432,지번,2,False
1123010200100270028,서울특별시 동대문구 용두동,서울특별시 동대문구 왕산로28길 37 (용두동),근린생활2,제2종근린생활시설,1007110018,지번,1,False
1123010300108950014,서울특별시 동대문구 제기동,서울특별시 동대문구 경동시장로9나길 15 (제기동),근린생활1,제1종근린생활시설,1007135571,지번,1,False
1123010300110820000,서울특별시 동대문구 제기동,서울특별시 동대문구 약령중앙로 26 (제기동),근린생활,문화및집회시설,10071100234612,지번,1,False
1123010300106460014,서울특별시 동대문구 제기동,서울특별시 동대문구 경동시장로 16 (제기동),근린생활1,제1종근린생활시설,1007122429,지번,1,False
1123010300109930007,서울특별시 동대문구 제기동,서울특별시 동대문구 경동시장로3길 7 (제기동),근린생활1,제1종근린생활시설,100717781,지번,1,False
1123010300105150000,서울특별시 동대문구 제기동,서울특별시 동대문구 약령시로 112 (제기동),근린생활1,제1종근린생활시설,100715380,지번,2,False
1123010300106460000,서울특별시 동대문구 제기동,,근린생활1,제2종근린생활시설,100712164,지번,8,False
1123010300106460000,서울특별시 동대문구 제기동,,근린생활1,제1종근린생활시설,100712167,지번,8,False
1123010300106460000,서울특별시 동대문구 제기동,,근린생활1,제2종근린생활시설,100712169,지번,8,False
1123010300106460000,서울특별시 동대문구 제기동,,근린생활1,제2종근린생활시설,100712170,지번,8,False
1123010300106460000,서울특별시 동대문구 제기동,,근린생활1,제1종근린생활시설,100712171,지번,8,False
1123010300106550000,서울특별시 동대문구 제기동,서울특별시 동대문구 왕산로 163-1 (제기동),판매시설,판매시설,1007120021,지번,1,False
1123010300106440000,서울특별시 동대문구 제기동,서울특별시 동대문구 경동시장로 18-5 (제기동),근린생활1,제1종근린생활시설,100715529,지번,2,False
1123010300106440000,서울특별시 동대문구 제기동,서울특별시 동대문구 경동시장로8길 6 (제기동),근린생활1,제1종근린생활시설,100715530,지번,2,False
1123010300106500000,서울특별시 동대문구 제기동,서울특별시 동대문구 왕산로33길 13 (제기동),판매시설,판매시설,1007123953,지번,1,False
1123010300106470016,서울특별시 동대문구 제기동,서울특별시 동대문구 경동시장로 12 (제기동),근린생활,근린생활시설,1007119260,지번,1,False
1123010300106200080,서울특별시 동대문구 제기동,서울특별시 동대문구 경동시장로 28 (제기동),근린생활1,제1종근린생활시설,100718092,지번,1,False
1123010300106200082,서울특별시 동대문구 제기동,서울특별시 동대문구 경동시장로 30 (제기동),근린생활1,제1종근린생활시설,1007125580,지번,1,False
1123010300108970015,서울특별시 동대문구 제기동,서울특별시 동대문구 경동시장로9길 5 (제기동),근린생활1,제1종근린생활시설,1007133052,지번,1,False
1123010300109950003,서울특별시 동대문구 제기동,서울특별시 동대문구 고산자로36길 31-4 (제기동),근린생활2,제2종근린생활시설,1007115132,지번,1,False
1123010300108990015,서울특별시 동대문구 제기동,서울특별시 동대문구 고산자로40길 27-4 (제기동),근린생활1,제1종근린생활시설,10071100267475,지번,1,False
1123010300108460014,서울특별시 동대문구 제기동,서울특별시 동대문구 경동시장로9길 6 (제기동),근린생활2,제1종근린생활시설,10071100266315,지번,1,False
1123010300106820028,서울특별시 동대문구 제기동,서울특별시 동대문구 경동시장로23길 1 (제기동),근린생활1,제1종근린생활시설,1007134653,지번,1,False
1123010300109920013,서울특별시 동대문구 제기동,서울특별시 동대문구 경동시장로3길 10 (제기동),근린생활1,제1종근린생활시설,1007130442,지번,1,False
1123010300109920009,서울특별시 동대문구 제기동,서울특별시 동대문구 경동시장로3길 6-7 (제기동),근린생활1,제1종근린생활시설,1007136078,지번,1,False
1123010300106820027,서울특별시 동대문구 제기동,서울특별시 동대문구 경동시장로 73 (제기동),근린생활1,제1종근린생활시설,1007126830,지번,1,False
1123010200102350013,서울특별시 동대문구 용두동,서울특별시 동대문구 천호대로13길 22 (용두동),근린생활1,제1종근린생활시설,1007133520,지번,1,False
1123010300108870043,서울특별시 동대문구 제기동,서울특별시 동대문구 약령서길 120 (제기동),근린생활2,제2종근린생활시설,1007121421,지번,1,False
1123010300101360185,서울특별시 동대문구 제기동,서울특별시 동대문구 안암로22길 19 (제기동),근린생활2,제2종근린생활시설,1007119672,지번,1,False
1123010300101380003,서울특별시 동대문구 제기동,서울특별시 동대문구 제기로6길 9-3 (제기동),근린생활1,공동주택,10071100216512,지번,1,False
1123010200100400006,서울특별시 동대문구 용두동,서울특별시 동대문구 천호대로27길 52 (용두동),근린생활2,제2종근린생활시설,1007118117,지번,1,False
1123010300105150003,서울특별시 동대문구 제기동,서울특별시 동대문구 약령시로 114-2 (제기동),근린생활2,제2종근린생활시설,1007131631,지번,1,False
1123010300106370003,서울특별시 동대문구 제기동,서울특별시 동대문구 경동시장로 18-13 (제기동),근린생활1,제1종근린생활시설,1007112276,지번,1,False
1123010300106300000,서울특별시 동대문구 제기동,서울특별시 동대문구 왕산로35길 27 (제기동),근린생활1,제1종근린생활시설,1007115763,지번,1,False
1123010700106330000,서울특별시 동대문구 청량리동,서울특별시 동대문구 홍릉로 39-26 (청량리동),근린생활1,제1종근린생활시설,1007111768,지번,1,False
1123010300109920006,서울특별시 동대문구 제기동,서울특별시 동대문구 고산자로38길 32 (제기동),근린생활1,제1종근린생활시설,1007112491,지번,1,False
1123010200100390545,서울특별시 동대문구 용두동,서울특별시 동대문구 천호대로45나길 32 (용두동),근린생활2,제2종근린생활시설,1007128743,지번,1,False
1123010700105200011,서울특별시 동대문구 청량리동,서울특별시 동대문구 제기로 67 (청량리동),근린생활1,제1종근린생활시설,100716117,지번,1,False
1123010700107780000,서울특별시 동대문구 청량리동,서울특별시 동대문구 왕산로35길 24 (청량리동),근린생활1,제1종근린생활시설,1007111350,지번,1,False
1123010200100390077,서울특별시 동대문구 용두동,서울특별시 동대문구 천호대로45가길 46 (용두동),근린생활1,제1종근린생활시설,1007132648,지번,1,False
1123010300101220139,서울특별시 동대문구 제기동,서울특별시 동대문구 고산자로54길 91 (제기동),근린생활1,제1종근린생활시설,1007125003,지번,1,False
1123010300102890001,서울특별시 동대문구 제기동,서울특별시 동대문구 제기로 74-1 (제기동),근린생활1,제1종근린생활시설,1007130391,지번,1,False
1123010400106220001,서울특별시 동대문구 전농동,서울특별시 동대문구 답십리로 9 (전농동),근린생활1,제1종근린생활시설,100715945,지번,1,False
1123010300101820027,서울특별시 동대문구 제기동,서울특별시 동대문구 약령시로 32 (제기동),근린생활2,제2종근린생활시설,100714262,지번,2,False
1123010300101820027,서울특별시 동대문구 제기동,서울특별시 동대문구 약령시로 32 (제기동),근린생활2,제2종근린생활시설,100714263,지번,2,False
1123010300108870085,서울특별시 동대문구 제기동,서울특별시 동대문구 약령서길 110 (제기동),근린생활1,제1종근린생활시설,1007122610,지번,1,False
1123010300108590026,서울특별시 동대문구 제기동,서울특별시 동대문구 정릉천동로 142 (제기동),근린생활1,제1종근린생활시설,100715620,지번,1,False
1123010300108600011,서울특별시 동대문구 제기동,서울특별시 동대문구 약령중앙로 77 (제기동),근린생활2,제2종근린생활시설,1007123867,지번,1,False
1123010300108180001,서울특별시 동대문구 제기동,서울특별시 동대문구 약령시로 73 (제기동),근린생활2,제2종근린생활시설,1007127157,지번,1,False
1123010200102340063,서울특별시 동대문구 용두동,서울특별시 동대문구 무학로35길 8 (용두동),근린생활2,제2종근린생활시설,1007129669,지번,1,False
1123010300108950013,서울특별시 동대문구 제기동,서울특별시 동대문구 경동시장로9나길 13 (제기동),근린생활1,제1종근린생활시설,1007118538,지번,1,False
1123010300108440001,서울특별시 동대문구 제기동,서울특별시 동대문구 고산자로 482 (제기동),근린생활2,제2종근린생활시설,100713701,지번,3,False
1123010300108440001,서울특별시 동대문구 제기동,서울특별시 동대문구 고산자로44길 3 (제기동),근린생활2,제2종근린생활시설,100713702,지번,3,False
1123010300107680007,서울특별시 동대문구 제기동,서울특별시 동대문구 약령시로 89 (제기동),근린생활1,제1종근린생활시설,1007116738,지번,1,False
1123010300108860015,서울특별시 동대문구 제기동,서울특별시 동대문구 약령중앙로 57-1 (제기동),근린생활2,제2종근린생활시설,10071100232972,지번,1,False
1123010300108870124,서울특별시 동대문구 제기동,서울특별시 동대문구 약령시로 64-1 (제기동),근린생활1,제1종근린생활시설,1007118096,지번,1,False
1123010200100400040,서울특별시 동대문구 용두동,서울특별시 동대문구 고산자로 407 (용두동),근린생활2,단독주택,1007117416,지번,1,False
1123010300109880027,서울특별시 동대문구 제기동,서울특별시 동대문구 고산자로38길 31-5 (제기동),근린생활2,제2종근린생활시설,100715430,지번,1,False
1123010300108940001,서울특별시 동대문구 제기동,서울특별시 동대문구 약령시로14길 19-1 (제기동),근린생활1,제1종근린생활시설,1007124679,지번,1,False
1123010200100140010,서울특별시 동대문구 용두동,서울특별시 동대문구 고산자로34길 41 (용두동),근린생활1,제1종근린생활시설,1007132594,지번,1,False
1123010300104820000,서울특별시 동대문구 제기동,서울특별시 동대문구 경동시장로12길 46 (제기동),근린생활2,제2종근린생활시설,1007121249,지번,1,False
1123010300104860026,서울특별시 동대문구 제기동,서울특별시 동대문구 경동시장로10길 49 (제기동),근린생활1,제1종근린생활시설,1007114229,지번,1,False
1123010300106050001,서울특별시 동대문구 제기동,서울특별시 동대문구 왕산로33길 55 (제기동),근린생활1,제1종근린생활시설,1007122258,지번,1,False
1123010300105940002,서울특별시 동대문구 제기동,서울특별시 동대문구 경동시장로14길 3 (제기동),근린생활1,제1종근린생활시설,1007121143,지번,1,False
1123010300106510003,서울특별시 동대문구 제기동,서울특별시 동대문구 경동시장로 4-1 (제기동),근린생활1,제1종근린생활시설,1007113610,지번,1,False
1123010300110000000,서울특별시 동대문구 제기동,서울특별시 동대문구 왕산로 159-1 (제기동),근린생활1,제1종근린생활시설,100712266,지번,2,False
1123010700102050776,서울특별시 동대문구 청량리동,서울특별시 동대문구 회기로 44 (청량리동),근린생활2,제2종근린생활시설,1007120968,지번,1,False
1123010700101990172,서울특별시 동대문구 청량리동,서울특별시 동대문구 홍릉로 86 (청량리동),근린생활2,제2종근린생활시설,1007117980,지번,1,False
1123010400106210001,서울특별시 동대문구 전농동,서울특별시 동대문구 왕산로 176 (전농동),근린생활1,제1종근린생활시설,1007128955,지번,1,False
1123010300106150002,서울특별시 동대문구 제기동,서울특별시 동대문구 왕산로33길 49 (제기동),근린생활1,공동주택,1000000000000007028936,지번,1,False
1123010300106200024,서울특별시 동대문구 제기동,서울특별시 동대문구 경동시장로 36 (제기동),근린생활1,제1종근린생활시설,1007111613,지번,1,False
1123010300106350029,서울특별시 동대문구 제기동,서울특별시 동대문구 왕산로35길 7 (제기동),근린생활1,제1종근린생활시설,1007121654,지번,1,False
1123010300102890005,서울특별시 동대문구 제기동,서울특별시 동대문구 제기로 68-1 (제기동),근린생활1,공동주택,10071100238839,지번,1,False
1123010300106900004,서울특별시 동대문구 제기동,서울특별시 동대문구 경동시장로21길 14-1 (제기동),근린생활1,제1종근린생활시설,100711855,지번,1,False
1123010200101180118,서울특별시 동대문구 용두동,서울특별시 동대문구 왕산로16길 35 (용두동),근린생활1,제1종근린생활시설,1007115647,지번,1,False
1123010200101020133,서울특별시 동대문구 용두동,서울특별시 동대문구 천호대로17길 44 (용두동),근린생활1,제1종근린생활시설,1007128818,지번,1,False
1123010200101020068,서울특별시 동대문구 용두동,서울특별시 동대문구 무학로30길 31 (용두동),근린생활1,제1종근린생활시설,1007120397,지번,1,False
1123010300102280001,서울특별시 동대문구 제기동,서울특별시 동대문구 약령시로7길 14 (제기동),근린생활1,공동주택,1000000000000001848043,지번,1,False
1123010300107680001,서울특별시 동대문구 제기동,서울특별시 동대문구 경동시장로 49 (제기동),근린생활1,제1종근린생활시설,1007116013,지번,1,False
1123010300109950007,서울특별시 동대문구 제기동,서울특별시 동대문구 고산자로36길 29 (제기동),근린생활1,제1종근린생활시설,100719544,지번,1,False
1123010300109900017,서울특별시 동대문구 제기동,서울특별시 동대문구 고산자로38길 17 (제기동),근린생활1,제1종근린생활시설,100712228,지번,1,False
1123010300108960011,서울특별시 동대문구 제기동,서울특별시 동대문구 경동시장로9나길 1 (제기동),근린생활1,제1종근린생활시설,1007126169,지번,1,False
1123010300108460000,서울특별시 동대문구 제기동,서울특별시 동대문구 고산자로44길 22 (제기동),근린생활1,제1종근린생활시설,1007132252,지번,1,False
1123010300107260008,서울특별시 동대문구 제기동,서울특별시 동대문구 약령동길 144 (제기동),근린생활1,제1종근린생활시설,100717232,지번,1,False
1123010300107140023,서울특별시 동대문구 제기동,서울특별시 동대문구 고산자로 511 (제기동),근린생활1,제1종근린생활시설,100715586,지번,1,False
1123010300108860013,서울특별시 동대문구 제기동,서울특별시 동대문구 약령중앙로 61 (제기동),근린생활1,제1종근린생활시설,1007111173,지번,1,False
1123010300108860004,서울특별시 동대문구 제기동,서울특별시 동대문구 약령중앙로 69 (제기동),근린생활2,제2종근린생활시설,1007111396,지번,1,False
1123010300109880017,서울특별시 동대문구 제기동,서울특별시 동대문구 경동시장로 15-2 (제기동),근린생활1,제1종근린생활시설,1007129308,지번,1,False
1123010200100140006,서울특별시 동대문구 용두동,서울특별시 동대문구 왕산로30길 5 (용두동),근린생활2,제2종근린생활시설,1007114141,지번,1,False
1123010300104830000,서울특별시 동대문구 제기동,서울특별시 동대문구 홍릉로3길 26-1 (제기동),근린생활1,제2종근린생활시설,100711583,지번,7,False
1123010300104830000,서울특별시 동대문구 제기동,서울특별시 동대문구 홍릉로3길 28 (제기동),근린생활1,제1종근린생활시설,100711584,지번,7,False
1123010300104830000,서울특별시 동대문구 제기동,서울특별시 동대문구 홍릉로3길 24 (제기동),근린생활1,제2종근린생활시설,100711587,지번,7,False
1123010300104830000,서울특별시 동대문구 제기동,서울특별시 동대문구 왕산로35길 48 (제기동),근린생활1,제1종근린생활시설,100711588,지번,7,False
1123010300104690000,서울특별시 동대문구 제기동,서울특별시 동대문구 왕산로37길 53 (제기동),근린생활1,제1종근린생활시설,1007127353,지번,1,False
1123010300104860009,서울특별시 동대문구 제기동,,근린생활1,제1종근린생활시설,100712145,지번,2,False
1123010300104860009,서울특별시 동대문구 제기동,,근린생활1,제1종근린생활시설,100712146,지번,2,False
1123010300105860005,서울특별시 동대문구 제기동,서울특별시 동대문구 홍릉로1가길 17-2 (제기동),근린생활1,제1종근린생활시설,1007115711,지번,1,False
1123010300106360002,서울특별시 동대문구 제기동,서울특별시 동대문구 왕산로33길 31 (제기동),근린생활1,제1종근린생활시설,100719953,지번,1,False
1123010300104980001,서울특별시 동대문구 제기동,서울특별시 동대문구 홍릉로5길 40 (제기동),근린생활1,제1종근린생활시설,1007136854,지번,1,False
1123010300108460035,서울특별시 동대문구 제기동,서울특별시 동대문구 경동시장로9가길 18 (제기동),근린생활1,제1종근린생활시설,1007136768,지번,1,False
1123010300108460038,서울특별시 동대문구 제기동,서울특별시 동대문구 경동시장로9가길 16 (제기동),근린생활1,제1종근린생활시설,1007113126,지번,1,False
1123010300108460034,서울특별시 동대문구 제기동,서울특별시 동대문구 경동시장로9가길 20 (제기동),근린생활1,제1종근린생활시설,1007126167,지번,1,False
1123010700103980000,서울특별시 동대문구 청량리동,서울특별시 동대문구 홍릉로 62 (청량리동),근린생활1,제1종근린생활시설,100717653,지번,1,False
1123010300106200028,서울특별시 동대문구 제기동,서울특별시 동대문구 경동시장로 34-1 (제기동),근린생활1,제1종근린생활시설,1007125760,지번,1,False
1123010300108990017,서울특별시 동대문구 제기동,서울특별시 동대문구 고산자로40길 27 (제기동),근린생활1,제1종근린생활시설,10071100267415,지번,1,False
1123010200101050037,서울특별시 동대문구 용두동,서울특별시 동대문구 무학로34길 39 (용두동),근린생활1,제1종근린생활시설,1007124738,지번,1,False
1123010300107400011,서울특별시 동대문구 제기동,서울특별시 동대문구 고산자로48길 17 (제기동),근린생활1,제1종근린생활시설,1007113495,지번,1,False
1123010300108120000,서울특별시 동대문구 제기동,서울특별시 동대문구 약령동길 124 (제기동),근린생활1,제1종근린생활시설,100715614,지번,2,False
1123010300108120000,서울특별시 동대문구 제기동,서울특별시 동대문구 약령동길 120 (제기동),근린생활1,제1종근린생활시설,100715615,지번,2,False
1123010200102360019,서울특별시 동대문구 용두동,서울특별시 동대문구 천호대로13길 59 (용두동),근린생활1,제1종근린생활시설,10071100236352,지번,1,False
1123010300107810004,서울특별시 동대문구 제기동,서울특별시 동대문구 고산자로 494 (제기동),근린생활1,단독주택,100718451,지번,1,False
1123010300108210000,서울특별시 동대문구 제기동,서울특별시 동대문구 약령중앙로12길 16 (제기동),근린생활1,제2종근린생활시설,100712188,지번,2,False
1123010300108210000,서울특별시 동대문구 제기동,서울특별시 동대문구 약령중앙로12길 12 (제기동),근린생활1,제1종근린생활시설,100712189,지번,2,False
1123010200100390011,서울특별시 동대문구 용두동,서울특별시 동대문구 고산자로30길 22 (용두동),근린생활2,제2종근린생활시설,1007130760,지번,1,False
1123010300108860005,서울특별시 동대문구 제기동,서울특별시 동대문구 약령중앙로 67-1 (제기동),근린생활1,제1종근린생활시설,1007115963,지번,1,False
1123010300108130001,서울특별시 동대문구 제기동,서울특별시 동대문구 약령동길 128 (제기동),근린생활2,제2종근린생활시설,1007130190,지번,1,False
1123010300101390003,서울특별시 동대문구 제기동,서울특별시 동대문구 제기로 9-3 (제기동),근린생활2,제2종근린생활시설,1007136870,지번,1,False
1123010700107690002,서울특별시 동대문구 청량리동,서울특별시 동대문구 왕산로35길 8 (청량리동),근린생활1,제1종근린생활시설,1007116854,지번,1,False
1123010300103450020,서울특별시 동대문구 제기동,서울특별시 동대문구 약령시로 117 (제기동),근린생활1,제1종근린생활시설,100711379,지번,2,False
1123010300103450020,서울특별시 동대문구 제기동,서울특별시 동대문구 약령시로 117-1 (제기동),근린생활1,제2종근린생활시설,100711380,지번,2,False
1123010300106420000,서울특별시 동대문구 제기동,서울특별시 동대문구 경동시장로 18-7 (제기동),근린생활1,제1종근린생활시설,100718529,지번,1,False
1123010200100140019,서울특별시 동대문구 용두동,서울특별시 동대문구 왕산로 162 (용두동),근린생활1,제1종근린생활시설,100712512,지번,1,False
1123010700107810000,서울특별시 동대문구 청량리동,서울특별시 동대문구 왕산로35길 24-3 (청량리동),근린생활1,제1종근린생활시설,1007113166,지번,1,False
1123010300102850005,서울특별시 동대문구 제기동,서울특별시 동대문구 제기로 82-1 (제기동),근린생활1,제1종근린생활시설,1007125397,지번,1,False
1123010300104640000,서울특별시 동대문구 제기동,서울특별시 동대문구 약령시로 116 (제기동),근린생활2,제2종근린생활시설,100715373,지번,2,False
1123010700105200043,서울특별시 동대문구 청량리동,서울특별시 동대문구 제기로 77-1 (청량리동),근린생활2,제2종근린생활시설,1007132152,지번,1,False
1123010300105850005,서울특별시 동대문구 제기동,서울특별시 동대문구 왕산로35길 33 (제기동),근린생활1,제1종근린생활시설,1007115674,지번,1,False
1123010300103480000,서울특별시 동대문구 제기동,서울특별시 동대문구 약령시로15길 4 (제기동),근린생활1,제1종근린생활시설,1007120227,지번,1,False
1123010700105200046,서울특별시 동대문구 청량리동,서울특별시 동대문구 제기로 75-1 (청량리동),근린생활1,제1종근린생활시설,1007111912,지번,1,False
1123010700105200047,서울특별시 동대문구 청량리동,서울특별시 동대문구 제기로 75 (청량리동),근린생활1,제1종근린생활시설,1007127335,지번,1,False
1123010700104000000,서울특별시 동대문구 청량리동,서울특별시 동대문구 홍릉로 64-1 (청량리동),근린생활1,제1종근린생활시설,1007130392,지번,1,False
1123010300102890002,서울특별시 동대문구 제기동,서울특별시 동대문구 제기로 74 (제기동),근린생활2,제2종근린생활시설,10071100182926,지번,1,False
1123010300106350016,서울특별시 동대문구 제기동,서울특별시 동대문구 경동시장로2길 31 (제기동),근린생활1,제1종근린생활시설,100716658,지번,1,False
1123010700104930000,서울특별시 동대문구 청량리동,서울특별시 동대문구 홍릉로 76 (청량리동),근린생활2,제2종근린생활시설,100716848,지번,1,False
1123010300102870006,서울특별시 동대문구 제기동,서울특별시 동대문구 홍릉로15길 30 (제기동),근린생활1,제1종근린생활시설,1007133193,지번,1,False
1123010300108870077,서울특별시 동대문구 제기동,서울특별시 동대문구 약령서길 112 (제기동),근린생활1,제1종근린생활시설,1007114157,지번,1,False
1123010300108960005,서울특별시 동대문구 제기동,서울특별시 동대문구 고산자로42길 16 (제기동),근린생활1,제1종근린생활시설,1007126763,지번,1,False
1123010300107630003,서울특별시 동대문구 제기동,서울특별시 동대문구 고산자로46길 13 (제기동),근린생활1,단독주택,10071100237372,지번,1,False
1123010200100260022,서울특별시 동대문구 용두동,서울특별시 동대문구 왕산로28길 17 (용두동),근린생활1,제1종근린생활시설,100712908,지번,1,False
1123010300109930017,서울특별시 동대문구 제기동,서울특별시 동대문구 왕산로29길 16 (제기동),근린생활1,제1종근린생활시설,1007118532,지번,1,False
1123010300109920025,서울특별시 동대문구 제기동,서울특별시 동대문구 경동시장로3길 16-4 (제기동),근린생활1,제1종근린생활시설,1007125708,지번,1,False
1123010300107570000,서울특별시 동대문구 제기동,서울특별시 동대문구 약령시로13길 18 (제기동),근린생활1,제1종근린생활시설,1007133372,지번,1,False
1123010300108870168,서울특별시 동대문구 제기동,서울특별시 동대문구 약령서길 90 (제기동),근린생활1,제1종근린생활시설,1007136278,지번,1,False
1123010300108220014,서울특별시 동대문구 제기동,서울특별시 동대문구 약령중앙로12길 7 (제기동),근린생활1,제1종근린생활시설,1007129045,지번,1,False
1123010300107760013,서울특별시 동대문구 제기동,서울특별시 동대문구 고산자로48길 4 (제기동),근린생활1,제1종근린생활시설,100716602,지번,1,False
1123010300106200115,서울특별시 동대문구 제기동,서울특별시 동대문구 경동시장로 26 (제기동),근린생활1,제1종근린생활시설,1007120638,지번,1,False
1123010300104780006,서울특별시 동대문구 제기동,서울특별시 동대문구 홍릉로3길 16 (제기동),근린생활1,제1종근린생활시설,1007123313,지번,1,False
1123010700106870000,서울특별시 동대문구 청량리동,서울특별시 동대문구 약령시로 123 (청량리동),근린생활1,제1종근린생활시설,1007115022,지번,1,False
1123010700104110000,서울특별시 동대문구 청량리동,서울특별시 동대문구 홍릉로 64-2 (청량리동),근린생활1,제1종근린생활시설,1007127644,지번,1,False
1123010300102890003,서울특별시 동대문구 제기동,서울특별시 동대문구 제기로 72 (제기동),근린생활1,제1종근린생활시설,1007136107,지번,1,False
1123010700106020000,서울특별시 동대문구 청량리동,서울특별시 동대문구 홍릉로 53 (청량리동),근린생활2,제2종근린생활시설,1007121035,지번,1,False
1123010300104860007,서울특별시 동대문구 제기동,서울특별시 동대문구 왕산로35길 40 (제기동),근린생활1,제1종근린생활시설,100714891,지번,2,False
1123010300104860007,서울특별시 동대문구 제기동,서울특별시 동대문구 왕산로35길 38 (제기동),근린생활1,제1종근린생활시설,100714892,지번,2,False
1123010700103990000,서울특별시 동대문구 청량리동,서울특별시 동대문구 홍릉로 64 (청량리동),근린생활2,제2종근린생활시설,1007133252,지번,1,False
1123010300109920000,서울특별시 동대문구 제기동,서울특별시 동대문구 경동시장로 13-1 (제기동),근린생활2,제1종근린생활시설,100715647,지번,11,False
1123010300109920000,서울특별시 동대문구 제기동,서울특별시 동대문구 경동시장로 13-1 (제기동),근린생활2,제2종근린생활시설,100715651,지번,11,False
1123010300106200027,서울특별시 동대문구 제기동,서울특별시 동대문구 경동시장로12길 4 (제기동),근린생활1,제1종근린생활시설,10071100181444,지번,1,False
1123010300106350018,서울특별시 동대문구 제기동,서울특별시 동대문구 왕산로35길 7 (제기동),근린생활1,제1종근린생활시설,100717399,지번,1,False
1123010700106730004,서울특별시 동대문구 청량리동,서울특별시 동대문구 약령시로17길 6-1 (청량리동),근린생활1,제1종근린생활시설,1007132486,지번,1,False
1123010300105850004,서울특별시 동대문구 제기동,서울특별시 동대문구 홍릉로1가길 22 (제기동),근린생활2,제2종근린생활시설,100719992,지번,1,False
1123010300105850002,서울특별시 동대문구 제기동,서울특별시 동대문구 왕산로35길 31 (제기동),근린생활2,제2종근린생활시설,1007135685,지번,1,False
1123010300109880021,서울특별시 동대문구 제기동,서울특별시 동대문구 고산자로40길 24 (제기동),근린생활1,제1종근린생활시설,1007114111,지번,1,False
1123010300108970013,서울특별시 동대문구 제기동,서울특별시 동대문구 경동시장로9길 7 (제기동),근린생활1,제1종근린생활시설,1007117266,지번,1,False
1123010300108440004,서울특별시 동대문구 제기동,서울특별시 동대문구 약령시로14길 4 (제기동),근린생활1,제1종근린생활시설,1007127308,지번,1,False
1123010200100230006,서울특별시 동대문구 용두동,서울특별시 동대문구 고산자로34길 11 (용두동),근린생활2,제2종근린생활시설,100715455,지번,3,False
1123010200100230006,서울특별시 동대문구 용두동,서울특별시 동대문구 고산자로34길 11 (용두동),근린생활2,제1종근린생활시설,100715457,지번,3,False
1123010300101480022,서울특별시 동대문구 제기동,서울특별시 동대문구 무학로42길 45 (제기동),근린생활1,제1종근린생활시설,1007111881,지번,1,False
1123010200102310004,서울특별시 동대문구 용두동,서울특별시 동대문구 한빛로 62 (용두동),근린생활2,제2종근린생활시설,1007125028,지번,1,False
1123010300101580002,서울특별시 동대문구 제기동,서울특별시 동대문구 약령시로3길 50-2 (제기동),근린생활2,제2종근린생활시설,1007134719,지번,1,False
1123010300101480016,서울특별시 동대문구 제기동,서울특별시 동대문구 약령시로 10-1 (제기동),근린생활2,제2종근린생활시설,1007110465,지번,1,False
1123010300101480015,서울특별시 동대문구 제기동,서울특별시 동대문구 약령시로 12 (제기동),근린생활2,제2종근린생활시설,1007117577,지번,1,False
1123010300101460010,서울특별시 동대문구 제기동,서울특별시 동대문구 안암로 110 (제기동),근린생활1,제2종근린생활시설,1007120777,지번,1,False
1123010700106560000,서울특별시 동대문구 청량리동,서울특별시 동대문구 홍릉로 39-6 (청량리동),근린생활1,제2종근린생활시설,1000000000000007439705,지번,1,False
1123010200100140011,서울특별시 동대문구 용두동,서울특별시 동대문구 고산자로34길 43 (용두동),근린생활1,제1종근린생활시설,1007115583,지번,1,False
1123010300105910000,서울특별시 동대문구 제기동,,근린생활1,제1종근린생활시설,100711867,지번,4,False
1123010300103460009,서울특별시 동대문구 제기동,서울특별시 동대문구 약령시로 113 (제기동),근린생활1,제1종근린생활시설,100712112,지번,1,False
1123010300106350013,서울특별시 동대문구 제기동,서울특별시 동대문구 경동시장로2길 21 (제기동),근린생활1,제1종근린생활시설,1007120839,지번,1,False
1123010700105420000,서울특별시 동대문구 청량리동,서울특별시 동대문구 약령시로17길 56 (청량리동),근린생활2,제2종근린생활시설,1007117355,지번,1,False
1123010300105770000,서울특별시 동대문구 제기동,서울특별시 동대문구 경동시장로10길 23 (제기동),근린생활2,제2종근린생활시설,100712278,지번,2,False
1123010300105770000,서울특별시 동대문구 제기동,서울특별시 동대문구 홍릉로3길 41-1 (제기동),근린생활2,제1종근린생활시설,100712279,지번,2,False
1123010700105570000,서울특별시 동대문구 청량리동,서울특별시 동대문구 홍릉로 61-2 (청량리동),근린생활2,제2종근린생활시설,1007132914,지번,1,False
1123010700105200055,서울특별시 동대문구 청량리동,서울특별시 동대문구 제기로 73 (청량리동),근린생활1,제1종근린생활시설,1007128623,지번,1,False
1123010200100090002,서울특별시 동대문구 용두동,서울특별시 동대문구 답십리로 10 (용두동),근린생활1,숙박시설,1007122413,지번,1,False
1123010700105050000,서울특별시 동대문구 청량리동,서울특별시 동대문구 제기로 86 (청량리동),근린생활2,제2종근린생활시설,1007116508,지번,1,False
1123010300109920001,서울특별시 동대문구 제기동,서울특별시 동대문구 경동시장로 13 (제기동),근린생활1,제1종근린생활시설,1007132725,지번,1,False
1123010700104450034,서울특별시 동대문구 청량리동,서울특별시 동대문구 홍릉로18길 1 (청량리동),근린생활1,제1종근린생활시설,1007130479,지번,1,False
1123010200100200080,서울특별시 동대문구 용두동,서울특별시 동대문구 고산자로34가길 21 (용두동),근린생활2,제2종근린생활시설,1007123730,지번,1,False
1123010300109950009,서울특별시 동대문구 제기동,서울특별시 동대문구 왕산로29길 14 (제기동),근린생활1,제1종근린생활시설,1007115720,지번,1,False
1123010300109920019,서울특별시 동대문구 제기동,서울특별시 동대문구 경동시장로3길 10-7 (제기동),근린생활1,제1종근린생활시설,1007111410,지번,1,False
1123010300109900028,서울특별시 동대문구 제기동,서울특별시 동대문구 고산자로38길 13 (제기동),근린생활1,제1종근린생활시설,100712222,지번,1,False
1123010300109890003,서울특별시 동대문구 제기동,서울특별시 동대문구 고산자로38길 21-3 (제기동),근린생활1,제1종근린생활시설,100715640,지번,1,False
1123010300109580004,서울특별시 동대문구 제기동,서울특별시 동대문구 약령동길 75 (제기동),근린생활1,제1종근린생활시설,1007115557,지번,1,False
1123010300108860022,서울특별시 동대문구 제기동,서울특별시 동대문구 약령시로 65 (제기동),근린생활2,제2종근린생활시설,1007116039,지번,1,False
1123010300111260005,서울특별시 동대문구 제기동,서울특별시 동대문구 약령중앙로 10 (제기동),근린생활1,제1종근린생활시설,1007125648,지번,1,False
1123010300111520013,서울특별시 동대문구 제기동,서울특별시 동대문구 약령시로 5-1 (제기동),근린생활2,제2종근린생활시설,10071100186225,지번,1,False
1123010300111080000,서울특별시 동대문구 제기동,서울특별시 동대문구 약령동길 41 (제기동),근린생활1,제1종근린생활시설,1007132535,지번,1,False
1123010300111310000,서울특별시 동대문구 제기동,서울특별시 동대문구 약령중앙로2길 10 (제기동),근린생활2,제2종근린생활시설,1007116656,지번,1,False
1123010200101180018,서울특별시 동대문구 용두동,서울특별시 동대문구 무학로32길 15 (용두동),근린생활2,제2종근린생활시설,1007136382,지번,1,False
1123010200100400037,서울특별시 동대문구 용두동,서울특별시 동대문구 고산자로 409-1 (용두동),근린생활1,제1종근린생활시설,1007133354,지번,1,False
1123010300101480043,서울특별시 동대문구 제기동,서울특별시 동대문구 약령시로 9 (제기동),근린생활2,제2종근린생활시설,1007112753,지번,1,False
1123010700105200033,서울특별시 동대문구 청량리동,서울특별시 동대문구 제기로 85 (청량리동),근린생활1,제1종근린생활시설,100716972,지번,1,False
1123010300105200000,서울특별시 동대문구 제기동,서울특별시 동대문구 왕산로33길 64 (제기동),근린생활1,제1종근린생활시설,100714897,지번,2,False
1123010300104870000,서울특별시 동대문구 제기동,서울특별시 동대문구 약령시로 114 (제기동),근린생활1,제1종근린생활시설,1007121224,지번,1,False
1123010300104330004,서울특별시 동대문구 제기동,서울특별시 동대문구 약령시로 97 (제기동),근린생활2,제2종근린생활시설,100716677,지번,1,False
1123010700105140000,서울특별시 동대문구 청량리동,서울특별시 동대문구 홍릉로17길 2 (청량리동),근린생활2,제2종근린생활시설,1007123064,지번,1,False
1123010300104260002,서울특별시 동대문구 제기동,서울특별시 동대문구 약령시로 101-1 (제기동),근린생활1,제1종근린생활시설,1007129820,지번,1,False
1123010300106510001,서울특별시 동대문구 제기동,서울특별시 동대문구 경동시장로 4-1 (제기동),근린생활1,제1종근린생활시설,1007123150,지번,1,False
1123010300103210000,서울특별시 동대문구 제기동,서울특별시 동대문구 홍릉로15길 43 (제기동),근린생활1,제1종근린생활시설,1007127635,지번,1,False
1123010300106200093,서울특별시 동대문구 제기동,서울특별시 동대문구 경동시장로10가길 5 (제기동),근린생활1,제1종근린생활시설,1007134687,지번,1,False
1123010300105850001,서울특별시 동대문구 제기동,서울특별시 동대문구 경동시장로8길 33 (제기동),근린생활1,제1종근린생활시설,1007131504,지번,1,False
1123010300106470008,서울특별시 동대문구 제기동,서울특별시 동대문구 홍릉로1길 68-6 (제기동),근린생활1,제1종근린생활시설,1007110953,지번,1,False
1123010700105740000,서울특별시 동대문구 청량리동,서울특별시 동대문구 홍릉로15길 9 (청량리동),근린생활1,제1종근린생활시설,1007133001,지번,1,False
1123010700107770000,서울특별시 동대문구 청량리동,서울특별시 동대문구 홍릉로1길 26 (청량리동),근린생활1,제1종근린생활시설,1007131833,지번,1,False
1123010700102830000,서울특별시 동대문구 청량리동,서울특별시 동대문구 홍릉로 8-1 (청량리동),근린생활1,제1종근린생활시설,1007120036,지번,1,False
1123010300108340000,서울특별시 동대문구 제기동,서울특별시 동대문구 약령중앙로 54 (제기동),근린생활1,제1종근린생활시설,1007116330,지번,1,False
1123010200100230038,서울특별시 동대문구 용두동,서울특별시 동대문구 고산자로34길 19 (용두동),근린생활1,제1종근린생활시설,1007116702,지번,1,False
1123010200100260021,서울특별시 동대문구 용두동,서울특별시 동대문구 왕산로28길 15 (용두동),근린생활2,제2종근린생활시설,100712909,지번,1,False
1123010300109900024,서울특별시 동대문구 제기동,서울특별시 동대문구 고산자로38길 15-9 (제기동),근린생활1,제1종근린생활시설,100712238,지번,1,False
1123010300109920020,서울특별시 동대문구 제기동,서울특별시 동대문구 경동시장로3길 10-5 (제기동),근린생활2,제2종근린생활시설,1007127882,지번,1,False
1123010300101390008,서울특별시 동대문구 제기동,서울특별시 동대문구 제기로 12 (제기동),근린생활2,제2종근린생활시설,1007122301,지번,1,False
1123010300104860018,서울특별시 동대문구 제기동,서울특별시 동대문구 왕산로37길 37 (제기동),근린생활1,제1종근린생활시설,1007131496,지번,1,False
1123010300104780010,서울특별시 동대문구 제기동,서울특별시 동대문구 홍릉로3길 12 (제기동),근린생활1,제1종근린생활시설,1007129827,지번,1,False
1123010300104780008,서울특별시 동대문구 제기동,서울특별시 동대문구 왕산로37길 47 (제기동),근린생활2,제2종근린생활시설,1007120543,지번,1,False
1123010700106610000,서울특별시 동대문구 청량리동,서울특별시 동대문구 홍릉로 39 (청량리동),근린생활1,제1종근린생활시설,100719895,지번,1,False
1123010700107020001,서울특별시 동대문구 청량리동,서울특별시 동대문구 홍릉로5길 8 (청량리동),근린생활2,제2종근린생활시설,100717001,지번,1,False
1123010300104860017,서울특별시 동대문구 제기동,서울특별시 동대문구 왕산로37길 39 (제기동),근린생활1,제1종근린생활시설,1007129148,지번,1,False
1123010300104380011,서울특별시 동대문구 제기동,서울특별시 동대문구 왕산로37길 65 (제기동),근린생활2,제2종근린생활시설,1007118911,지번,1,False
1123010200100390526,서울특별시 동대문구 용두동,서울특별시 동대문구 천호대로45나길 48 (용두동),근린생활1,제1종근린생활시설,1007111079,지번,1,False
1123010200100140003,서울특별시 동대문구 용두동,서울특별시 동대문구 왕산로 154-1 (용두동),근린생활1,제1종근린생활시설,1007112884,지번,1,False
1123010300105850006,서울특별시 동대문구 제기동,서울특별시 동대문구 경동시장로10길 36 (제기동),근린생활1,제1종근린생활시설,1007113708,지번,1,False
1123010300106200110,서울특별시 동대문구 제기동,서울특별시 동대문구 경동시장로 26-1 (제기동),근린생활1,제1종근린생활시설,1007116648,지번,1,False
1123010700105670000,서울특별시 동대문구 청량리동,서울특별시 동대문구 홍릉로15길 6 (청량리동),근린생활1,제1종근린생활시설,10071100232612,지번,1,False
1123010700102050361,서울특별시 동대문구 청량리동,서울특별시 동대문구 제기로17길 22 (청량리동),근린생활2,제2종근린생활시설,1007121510,지번,1,False
1123010300109120000,서울특별시 동대문구 제기동,서울특별시 동대문구 약령시로14길 34 (제기동),근린생활1,제1종근린생활시설,1007110586,지번,1,False
1123010300107630010,서울특별시 동대문구 제기동,서울특별시 동대문구 고산자로46길 21 (제기동),근린생활1,제1종근린생활시설,1007136464,지번,1,False
1123010300107570014,서울특별시 동대문구 제기동,서울특별시 동대문구 고산자로46길 25 (제기동),근린생활1,제1종근린생활시설,1007121872,지번,1,False
1123010300109890007,서울특별시 동대문구 제기동,서울특별시 동대문구 고산자로38길 21-4 (제기동),근린생활1,제1종근린생활시설,1007128461,지번,1,False
1123010300102890004,서울특별시 동대문구 제기동,서울특별시 동대문구 제기로 70 (제기동),근린생활1,제1종근린생활시설,1007135393,지번,1,False
1123010700105630000,서울특별시 동대문구 청량리동,서울특별시 동대문구 홍릉로 59-1 (청량리동),근린생활1,제1종근린생활시설,1007133643,지번,1,False
1123010300106350035,서울특별시 동대문구 제기동,,근린생활2,제2종근린생활시설,100711568,지번,2,False
1123010300104780005,서울특별시 동대문구 제기동,서울특별시 동대문구 홍릉로3길 18 (제기동),근린생활1,제1종근린생활시설,1007134422,지번,1,False
1123010700107840000,서울특별시 동대문구 청량리동,서울특별시 동대문구 경동시장로8길 44 (청량리동),근린생활1,제1종근린생활시설,1007127731,지번,1,False
1123010700106230000,서울특별시 동대문구 청량리동,서울특별시 동대문구 약령시로17길 28 (청량리동),근린생활1,제1종근린생활시설,100717005,지번,1,False
1123010300106710001,서울특별시 동대문구 제기동,서울특별시 동대문구 제기로 41 (제기동),근린생활1,제1종근린생활시설,100715531,지번,1,False
1123010300111250006,서울특별시 동대문구 제기동,서울특별시 동대문구 약령동길 17 (제기동),근린생활1,제1종근린생활시설,100712254,지번,1,False
1123010300109890000,서울특별시 동대문구 제기동,서울특별시 동대문구 고산자로38길 21-9 (제기동),근린생활1,제2종근린생활시설,100712227,지번,3,False
1123010300109890000,서울특별시 동대문구 제기동,서울특별시 동대문구 고산자로38길 21-9 (제기동),근린생활1,제1종근린생활시설,100715638,지번,3,False
1123010300111410031,서울특별시 동대문구 제기동,서울특별시 동대문구 약령중앙로 23-6 (제기동),근린생활1,제1종근린생활시설,1007111576,지번,2,False
1123010300111410031,서울특별시 동대문구 제기동,서울특별시 동대문구 약령중앙로 25 (제기동),근린생활1,제1종근린생활시설,1007123446,지번,2,False
1123010300110260000,서울특별시 동대문구 제기동,서울특별시 동대문구 약령시로14길 56 (제기동),근린생활1,제1종근린생활시설,1007115018,지번,1,False
1123010300108380007,서울특별시 동대문구 제기동,서울특별시 동대문구 고산자로44길 19 (제기동),근린생활1,제1종근린생활시설,1007136852,지번,1,False
1123010300108950000,서울특별시 동대문구 제기동,서울특별시 동대문구 약령시로14길 19 (제기동),근린생활1,제1종근린생활시설,1007111574,지번,1,False
1123010300109370000,서울특별시 동대문구 제기동,서울특별시 동대문구 고산자로 461 (제기동),근린생활1,제1종근린생활시설,1007122821,지번,1,False
1123010300109480000,서울특별시 동대문구 제기동,서울특별시 동대문구 약령동길 97 (제기동),근린생활1,제1종근린생활시설,100719033,지번,1,False
1123010300110980003,서울특별시 동대문구 제기동,서울특별시 동대문구 약령중앙로 24-2 (제기동),근린생활1,제1종근린생활시설,1007124450,지번,1,False
1123010300110170000,서울특별시 동대문구 제기동,서울특별시 동대문구 왕산로 139-10 (제기동),근린생활2,제2종근린생활시설,1007118182,지번,1,False
1123010300101370436,서울특별시 동대문구 제기동,서울특별시 동대문구 안암로 136 (제기동),근린생활1,제1종근린생활시설,1007123924,지번,1,False
1123010300111150009,서울특별시 동대문구 제기동,서울특별시 동대문구 약령중앙로4길 6-3 (제기동),근린생활1,제1종근린생활시설,1007123151,지번,1,False
1123010200100240002,서울특별시 동대문구 용두동,서울특별시 동대문구 고산자로 428 (용두동),근린생활2,제2종근린생활시설,1007127772,지번,1,False
1123010300101370097,서울특별시 동대문구 제기동,서울특별시 동대문구 안암로 140 (제기동),근린생활2,공동주택,10071100236457,지번,2,True
1123010300101370097,서울특별시 동대문구 제기동,서울특별시 동대문구 안암로 140 (제기동),근린생활2,공동주택,10071100236482,지번,2,True
1123010200107290001,서울특별시 동대문구 용두동,서울특별시 동대문구 안암로 58 (용두동),근린생활2,제2종근린생활시설,1007120959,지번,1,False
1123010300101370041,서울특별시 동대문구 제기동,서울특별시 동대문구 안암로24길 4 (제기동),근린생활2,제2종근린생활시설,1007128929,지번,1,False
1123010200101040031,서울특별시 동대문구 용두동,서울특별시 동대문구 무학로36길 40 (용두동),근린생활2,제2종근린생활시설,1007118924,지번,1,False
1123010200100230017,서울특별시 동대문구 용두동,서울특별시 동대문구 고산자로34길 31 (용두동),근린생활1,제1종근린생활시설,1007123548,지번,1,False
1123010300108030004,서울특별시 동대문구 제기동,서울특별시 동대문구 약령중앙로12길 17 (제기동),근린생활1,단독주택,1007119275,지번,1,False
1123010300109920033,서울특별시 동대문구 제기동,서울특별시 동대문구 경동시장로3길 18 (제기동),근린생활1,제1종근린생활시설,1007134441,지번,1,False
1123010200100400004,서울특별시 동대문구 용두동,서울특별시 동대문구 고산자로29길 6 (용두동),근린생활2,제2종근린생활시설,100718368,지번,1,False
1123010200100920001,서울특별시 동대문구 용두동,,근린생활2,제2종근린생활시설,100715466,지번,2,False
1123010200100920001,서울특별시 동대문구 용두동,서울특별시 동대문구 정릉천동로 62-1 (용두동),근린생활2,제1종근린생활시설,100715467,지번,2,False
1123010300111410045,서울특별시 동대문구 제기동,서울특별시 동대문구 약령중앙로 23 (제기동),근린생활1,제1종근린생활시설,1007114101,지번,1,False
1123010300109900010,서울특별시 동대문구 제기동,서울특별시 동대문구 고산자로38길 21-11 (제기동),근린생활1,제1종근린생활시설,100712225,지번,1,False
1123010300111090003,서울특별시 동대문구 제기동,서울특별시 동대문구 약령중앙로 20-7 (제기동),근린생활2,제2종근린생활시설,1007117153,지번,1,False
1123010200100520012,서울특별시 동대문구 용두동,서울특별시 동대문구 왕산로26가길 17 (용두동),근린생활1,제1종근린생활시설,1007118500,지번,1,False
1123010300109070005,서울특별시 동대문구 제기동,서울특별시 동대문구 고산자로 472 (제기동),근린생활1,제1종근린생활시설,1007131092,지번,1,False
1123010200100400002,서울특별시 동대문구 용두동,서울특별시 동대문구 고산자로 413 (용두동),근린생활2,제2종근린생활시설,100716963,지번,1,False
1123010700106530001,서울특별시 동대문구 청량리동,서울특별시 동대문구 홍릉로 43 (청량리동),근린생활1,제1종근린생활시설,1007133765,지번,1,False
1123010300108470007,서울특별시 동대문구 제기동,서울특별시 동대문구 경동시장로9가길 2 (제기동),근린생활1,제1종근린생활시설,100719894,지번,1,False
1123010300102480001,서울특별시 동대문구 제기동,서울특별시 동대문구 약령시로5길 6 (제기동),근린생활1,제1종근린생활시설,1007113383,지번,1,False
1123010300100570000,서울특별시 동대문구 제기동,서울특별시 동대문구 약령시로9길 19 (제기동),근린생활1,제1종근린생활시설,1007111617,지번,1,False
1123010300108320000,서울특별시 동대문구 제기동,서울특별시 동대문구 약령시로 67-1 (제기동),근린생활1,제1종근린생활시설,1007122428,지번,1,False
1123010200102360011,서울특별시 동대문구 용두동,서울특별시 동대문구 천호대로13길 61 (용두동),근린생활1,제1종근린생활시설,1007120792,지번,1,False
1123010300109550000,서울특별시 동대문구 제기동,서울특별시 동대문구 약령중앙로10길 8 (제기동),근린생활1,제1종근린생활시설,1007124826,지번,1,False
1123010300108900006,서울특별시 동대문구 제기동,서울특별시 동대문구 약령중앙로 33-6 (제기동),근린생활1,제1종근린생활시설,1007117812,지번,1,False
1123010300108920161,서울특별시 동대문구 제기동,서울특별시 동대문구 약령서길 55 (제기동),판매시설,판매시설,100719320,지번,1,False
1123010300111520005,서울특별시 동대문구 제기동,서울특별시 동대문구 약령시로 5-3 (제기동),근린생활2,제2종근린생활시설,1007127975,지번,1,False
1123010300111520007,서울특별시 동대문구 제기동,서울특별시 동대문구 안암로 80-1 (제기동),근린생활2,제2종근린생활시설,1007112222,지번,1,False
1123010200101020070,서울특별시 동대문구 용두동,서울특별시 동대문구 천호대로17길 28 (용두동),근린생활2,제2종근린생활시설,1007128399,지번,1,False
1123010300109300009,서울특별시 동대문구 제기동,서울특별시 동대문구 고산자로 475 (제기동),근린생활1,제1종근린생활시설,100718772,지번,1,False
1123010300108920110,서울특별시 동대문구 제기동,서울특별시 동대문구 정릉천동로 114-9 (제기동),근린생활1,제1종근린생활시설,1007129246,지번,1,False
1123010200102340042,서울특별시 동대문구 용두동,서울특별시 동대문구 무학로 131 (용두동),근린생활2,제2종근린생활시설,1007125101,지번,1,False
1123010200101190015,서울특별시 동대문구 용두동,서울특별시 동대문구 무학로 140 (용두동),근린생활1,제1종근린생활시설,100715473,지번,2,False
1123010200101050003,서울특별시 동대문구 용두동,서울특별시 동대문구 왕산로16나길 35 (용두동),근린생활1,제1종근린생활시설,1007123118,지번,1,False
1123010200101020161,서울특별시 동대문구 용두동,서울특별시 동대문구 왕산로22길 25 (용두동),근린생활2,제2종근린생활시설,1007114309,지번,1,False
1123010200100260020,서울특별시 동대문구 용두동,서울특별시 동대문구 왕산로28길 29 (용두동),근린생활2,제2종근린생활시설,1007125417,지번,1,False
1123010300108440000,서울특별시 동대문구 제기동,서울특별시 동대문구 고산자로 484 (제기동),근린생활1,제1종근린생활시설,1007127414,지번,1,False
1123010300109570002,서울특별시 동대문구 제기동,서울특별시 동대문구 약령중앙로 44 (제기동),근린생활1,제1종근린생활시설,1007130063,지번,1,False
1123010300111200003,서울특별시 동대문구 제기동,서울특별시 동대문구 약령동길 25 (제기동),근린생활2,제2종근린생활시설,100712245,지번,1,False
1123010300107400004,서울특별시 동대문구 제기동,서울특별시 동대문구 고산자로48길 13 (제기동),근린생활1,제1종근린생활시설,10071100181835,지번,1,False
1123010200101380057,서울특별시 동대문구 용두동,서울특별시 동대문구 왕산로19길 29 (용두동),근린생활2,제2종근린생활시설,1007135028,지번,1,False
1123010300101480010,서울특별시 동대문구 제기동,서울특별시 동대문구 약령시로 4 (제기동),근린생활2,제2종근린생활시설,1007126810,지번,1,False
1123010700106570000,서울특별시 동대문구 청량리동,서울특별시 동대문구 홍릉로 41 (청량리동),근린생활1,제1종근린생활시설,1007136367,지번,1,False
1123010300101420003,서울특별시 동대문구 제기동,서울특별시 동대문구 안암로 120 (제기동),근린생활1,제1종근린생활시설,1007114593,지번,1,False
1123010300101370544,서울특별시 동대문구 제기동,서울특별시 동대문구 제기로 2 (제기동),근린생활2,제2종근린생활시설,1007125803,지번,1,False
1123010300109010005,서울특별시 동대문구 제기동,서울특별시 동대문구 고산자로42길 5 (제기동),근린생활2,제2종근린생활시설,1007128997,지번,1,False
1123010700103390000,서울특별시 동대문구 청량리동,서울특별시 동대문구 홍릉로8길 6 (청량리동),근린생활1,제1종근린생활시설,1007125968,지번,1,False
1123010300101360268,서울특별시 동대문구 제기동,서울특별시 동대문구 고산자로 549-1 (제기동),근린생활1,제1종근린생활시설,1007126857,지번,1,False
1123010700102050086,서울특별시 동대문구 청량리동,서울특별시 동대문구 홍릉로 87 (청량리동),근린생활2,제2종근린생활시설,100718260,지번,1,False
1123010300109020000,서울특별시 동대문구 제기동,서울특별시 동대문구 고산자로 474 (제기동),근린생활1,제1종근린생활시설,100719090,지번,1,False
1123010200100400001,서울특별시 동대문구 용두동,서울특별시 동대문구 고산자로 413-1 (용두동),근린생활2,제2종근린생활시설,1007132809,지번,1,False
1123010300108380002,서울특별시 동대문구 제기동,서울특별시 동대문구 경동시장로 39 (제기동),근린생활1,제1종근린생활시설,1007117561,지번,1,False
1123010300108380022,서울특별시 동대문구 제기동,서울특별시 동대문구 약령시로 92 (제기동),근린생활1,제1종근린생활시설,100715413,지번,1,False
1123010300107150005,서울특별시 동대문구 제기동,서울특별시 동대문구 약령중앙로 80 (제기동),근린생활1,제1종근린생활시설,100711562,지번,1,False
1123010300101370040,서울특별시 동대문구 제기동,서울특별시 동대문구 안암로22길 5 (제기동),근린생활1,제1종근린생활시설,1007125322,지번,1,False
1123010200100920007,서울특별시 동대문구 용두동,서울특별시 동대문구 왕산로 104 (용두동),근린생활1,제1종근린생활시설,100715468,지번,1,False
1123010300109850001,서울특별시 동대문구 제기동,서울특별시 동대문구 약령중앙로 32 (제기동),근린생활1,제1종근린생활시설,1007131908,지번,1,False
1123010300110520003,서울특별시 동대문구 제기동,서울특별시 동대문구 왕산로 129 (제기동),근린생활1,제1종근린생활시설,1007117680,지번,1,False
1123010300111400023,서울특별시 동대문구 제기동,서울특별시 동대문구 약령중앙로 15-1 (제기동),근린생활1,제1종근린생활시설,1007133463,지번,1,False
1123010300111400003,서울특별시 동대문구 제기동,서울특별시 동대문구 약령서1길 26-3 (제기동),근린생활1,제1종근린생활시설,1007134714,지번,1,False
1123010200100400003,서울특별시 동대문구 용두동,서울특별시 동대문구 고산자로 411 (용두동),근린생활2,제2종근린생활시설,1007112131,지번,1,False
1123010300110770001,서울특별시 동대문구 제기동,서울특별시 동대문구 고산자로 459 (제기동),근린생활1,제1종근린생활시설,1007135331,지번,1,False
1123010300109300008,서울특별시 동대문구 제기동,서울특별시 동대문구 고산자로 473 (제기동),근린생활1,제1종근린생활시설,1007120217,지번,1,False
1123010300111150012,서울특별시 동대문구 제기동,서울특별시 동대문구 약령중앙로4길 4 (제기동),근린생활1,제1종근린생활시설,1007129961,지번,1,False
1123010300111520012,서울특별시 동대문구 제기동,서울특별시 동대문구 약령시로 3 (제기동),근린생활2,제2종근린생활시설,1007124863,지번,1,False
1123010300101370066,서울특별시 동대문구 제기동,서울특별시 동대문구 안암로22길 2 (제기동),근린생활1,제1종근린생활시설,100718240,지번,1,False
1123010300101370423,서울특별시 동대문구 제기동,서울특별시 동대문구 안암로 150 (제기동),근린생활1,제1종근린생활시설,1007117696,지번,1,False
1123010300101370038,서울특별시 동대문구 제기동,서울특별시 동대문구 안암로22길 9 (제기동),근린생활1,제1종근린생활시설,1007130041,지번,1,False
1123010200101120004,서울특별시 동대문구 용두동,서울특별시 동대문구 왕산로 76 (용두동),근린생활1,제1종근린생활시설,1007136008,지번,1,False
1123010200101040026,서울특별시 동대문구 용두동,서울특별시 동대문구 무학로36길 32 (용두동),근린생활2,제2종근린생활시설,100718676,지번,1,False
1123010200107270006,서울특별시 동대문구 용두동,서울특별시 동대문구 안암로16길 5 (용두동),근린생활2,제2종근린생활시설,1007115821,지번,1,False
1123010200101180122,서울특별시 동대문구 용두동,서울특별시 동대문구 무학로34길 20 (용두동),근린생활2,제2종근린생활시설,1007125943,지번,1,False
1123010200107400002,서울특별시 동대문구 용두동,서울특별시 동대문구 무학로49길 7 (용두동),근린생활2,제2종근린생활시설,100718206,지번,1,False
1123010200107280006,서울특별시 동대문구 용두동,서울특별시 동대문구 안암로 60 (용두동),근린생활2,제2종근린생활시설,1007136824,지번,1,False
1123010300108900017,서울특별시 동대문구 제기동,서울특별시 동대문구 약령중앙로 31-1 (제기동),근린생활1,제1종근린생활시설,1007134555,지번,1,False
1123010200100260026,서울특별시 동대문구 용두동,서울특별시 동대문구 고산자로34길 16 (용두동),근린생활2,제2종근린생활시설,1007118954,지번,1,False
1123010200100230007,서울특별시 동대문구 용두동,서울특별시 동대문구 왕산로 140 (용두동),근린생활1,제1종근린생활시설,1007135494,지번,1,False
1123010300111410016,서울특별시 동대문구 제기동,서울특별시 동대문구 약령중앙로 25-12 (제기동),근린생활1,제1종근린생활시설,100712257,지번,2,False
1123010300111410016,서울특별시 동대문구 제기동,서울특별시 동대문구 약령중앙로 25-10 (제기동),근린생활1,제1종근린생활시설,100712258,지번,2,False
1123010300109930013,서울특별시 동대문구 제기동,서울특별시 동대문구 경동시장로3길 13 (제기동),근린생활1,제1종근린생활시설,1007135321,지번,1,False
1123010200100230043,서울특별시 동대문구 용두동,서울특별시 동대문구 왕산로 146 (용두동),근린생활2,제2종근린생활시설,1007123744,지번,1,False
1123010300108460021,서울특별시 동대문구 제기동,서울특별시 동대문구 경동시장로9가길 17 (제기동),근린생활1,제1종근린생활시설,1007130000,지번,1,False
1123010700107080000,서울특별시 동대문구 청량리동,서울특별시 동대문구 홍릉로 21 (청량리동),근린생활2,제2종근린생활시설,100717734,지번,1,False
1123010200107240002,서울특별시 동대문구 용두동,서울특별시 동대문구 안암로6길 15 (용두동),근린생활2,제1종근린생활시설,1007117301,본번,1,False
1123010200107230006,서울특별시 동대문구 용두동,서울특별시 동대문구 무학로49길 86 (용두동),근린생활2,제2종근린생활시설,10071100188838,지번,1,False
1123010100100970019,서울특별시 동대문구 신설동,서울특별시 동대문구 하정로 45 (신설동),근린생활1,제1종근린생활시설,1007117540,지번,1,False
1123010300108380024,서울특별시 동대문구 제기동,서울특별시 동대문구 약령시로 92-2 (제기동),근린생활1,제1종근린생활시설,100715415,지번,1,False
1123010300108220013,서울특별시 동대문구 제기동,서울특별시 동대문구 약령동길 117 (제기동),근린생활1,제1종근린생활시설,1007114488,지번,1,False
1123010300111060000,서울특별시 동대문구 제기동,서울특별시 동대문구 약령중앙로 24-10 (제기동),근린생활1,제1종근린생활시설,1007115891,지번,1,False
1123010300108900036,서울특별시 동대문구 제기동,서울특별시 동대문구 약령중앙로 29-5 (제기동),근린생활1,제1종근린생활시설,1007136652,지번,1,False
1123010300101370046,서울특별시 동대문구 제기동,서울특별시 동대문구 안암로 154 (제기동),근린생활1,제1종근린생활시설,100712280,지번,2,False
1123010300101370046,서울특별시 동대문구 제기동,서울특별시 동대문구 안암로 154 (제기동),근린생활1,제2종근린생활시설,100712281,지번,2,False
1123010300111410036,서울특별시 동대문구 제기동,서울특별시 동대문구 약령중앙로 19-19 (제기동),근린생활1,제1종근린생활시설,1007121538,지번,1,False
1123010300108860010,서울특별시 동대문구 제기동,서울특별시 동대문구 약령중앙로 63 (제기동),근린생활2,제2종근린생활시설,1007133673,지번,1,False
1123010200101020199,서울특별시 동대문구 용두동,서울특별시 동대문구 천호대로17길 50 (용두동),근린생활1,공동주택,10071100226252,지번,1,False
1123010200100240007,서울특별시 동대문구 용두동,서울특별시 동대문구 고산자로 428-1 (용두동),근린생활1,제1종근린생활시설,100712905,지번,2,False
1123010200100240007,서울특별시 동대문구 용두동,서울특별시 동대문구 고산자로 428-1 (용두동),근린생활1,제1종근린생활시설,100712906,지번,2,False
1123010300108380014,서울특별시 동대문구 제기동,서울특별시 동대문구 약령시로14길 3 (제기동),근린생활1,제1종근린생활시설,100712194,지번,2,False
1123010300108380014,서울특별시 동대문구 제기동,서울특별시 동대문구 약령시로 84 (제기동),근린생활1,제1종근린생활시설,100712195,지번,2,False
1123010300111400012,서울특별시 동대문구 제기동,서울특별시 동대문구 약령서1길 30-1 (제기동),근린생활1,제1종근린생활시설,1007132845,지번,1,False
1123010300108920102,서울특별시 동대문구 제기동,서울특별시 동대문구 정릉천동로 108-1 (제기동),근린생활2,제2종근린생활시설,1007130484,지번,1,False
1123010200100520001,서울특별시 동대문구 용두동,서울특별시 동대문구 천호대로27길 73 (용두동),근린생활1,제1종근린생활시설,1007111571,지번,1,False
1123010300110700000,서울특별시 동대문구 제기동,서울특별시 동대문구 약령동길 42 (제기동),근린생활1,제1종근린생활시설,1007122865,지번,1,False
1123010300109300002,서울특별시 동대문구 제기동,서울특별시 동대문구 약령동길 86 (제기동),근린생활2,제2종근린생활시설,1007128826,지번,1,False
1123010300109280009,서울특별시 동대문구 제기동,서울특별시 동대문구 고산자로 481-1 (제기동),근린생활2,제2종근린생활시설,1007114049,지번,1,False
1123010300109580003,서울특별시 동대문구 제기동,서울특별시 동대문구 약령중앙로8길 9 (제기동),근린생활2,제2종근린생활시설,1007130325,지번,1,False
1123010300111150001,서울특별시 동대문구 제기동,서울특별시 동대문구 약령동길 31 (제기동),근린생활2,제2종근린생활시설,1007127665,지번,1,False
1123010300111580043,서울특별시 동대문구 제기동,서울특별시 동대문구 왕산로23길 29 (제기동),근린생활2,제2종근린생활시설,1007130732,지번,1,False
1123010200107270001,서울특별시 동대문구 용두동,서울특별시 동대문구 안암로 70 (용두동),근린생활2,제2종근린생활시설,1007133067,지번,1,False
1123010300108860009,서울특별시 동대문구 제기동,서울특별시 동대문구 약령중앙로 65 (제기동),근린생활1,제1종근린생활시설,1007128215,지번,1,False
1123010300107140007,서울특별시 동대문구 제기동,서울특별시 동대문구 약령동길 166-5 (제기동),근린생활1,제1종근린생활시설,100715592,지번,1,False
1123010300101360235,서울특별시 동대문구 제기동,서울특별시 동대문구 고산자로 559-1 (제기동),근린생활1,제1종근린생활시설,1007110850,지번,1,False
1123010200100390968,서울특별시 동대문구 용두동,서울특별시 동대문구 고산자로28길 25-1 (용두동),근린생활1,제1종근린생활시설,1007133630,지번,1,False
1123010300110680000,서울특별시 동대문구 제기동,서울특별시 동대문구 약령동길 38 (제기동),근린생활1,제1종근린생활시설,100719740,지번,1,False
1123010300111580045,서울특별시 동대문구 제기동,서울특별시 동대문구 왕산로23길 23 (제기동),근린생활1,제1종근린생활시설,1007110719,지번,1,False
1123010300108230000,서울특별시 동대문구 제기동,서울특별시 동대문구 약령중앙로 68-2 (제기동),근린생활1,제1종근린생활시설,100715616,지번,1,False
1123010200102350002,서울특별시 동대문구 용두동,서울특별시 동대문구 무학로 123 (용두동),근린생활1,제1종근린생활시설,1007127266,지번,1,False
1123010300111200002,서울특별시 동대문구 제기동,서울특별시 동대문구 약령중앙로 14-8 (제기동),근린생활1,제1종근린생활시설,100715016,지번,2,False
1123010300111200002,서울특별시 동대문구 제기동,서울특별시 동대문구 약령중앙로 14-8 (제기동),근린생활1,제1종근린생활시설,100715018,지번,2,False
1123010300108890035,서울특별시 동대문구 제기동,서울특별시 동대문구 약령중앙로 35 (제기동),근린생활1,제1종근린생활시설,1007127484,지번,1,False
1123010300109900030,서울특별시 동대문구 제기동,서울특별시 동대문구 고산자로38길 13 (제기동),근린생활1,제1종근린생활시설,100712223,지번,1,False
1123010300109920008,서울특별시 동대문구 제기동,서울특별시 동대문구 고산자로38길 30 (제기동),근린생활1,제1종근린생활시설,1007120963,지번,1,False
1123010200100390028,서울특별시 동대문구 용두동,서울특별시 동대문구 고산자로30길 33 (용두동),근린생활1,제1종근린생활시설,1007115168,지번,1,False
1123010300110120000,서울특별시 동대문구 제기동,서울특별시 동대문구 왕산로 151 (제기동),근린생활1,제1종근린생활시설,1007134826,지번,1,False
1123010300107400021,서울특별시 동대문구 제기동,서울특별시 동대문구 경동시장로 61-1 (제기동),근린생활2,제2종근린생활시설,1007130362,지번,1,False
1123010300107570012,서울특별시 동대문구 제기동,서울특별시 동대문구 경동시장로 53 (제기동),근린생활1,공동주택,10071100261775,지번,1,False
1123010300111420003,서울특별시 동대문구 제기동,서울특별시 동대문구 회기로 34 (제기동),근린생활2,제2종근린생활시설,1007116311,지번,1,False
1123010300108920071,서울특별시 동대문구 제기동,서울특별시 동대문구 왕산로 109 (제기동),판매시설,판매시설,1007119372,지번,1,False
1123010200102100003,서울특별시 동대문구 용두동,서울특별시 동대문구 한빛로 54 (용두동),근린생활1,제1종근린생활시설,1007127949,지번,1,False
1123010200102310025,서울특별시 동대문구 용두동,서울특별시 동대문구 무학로37길 11 (용두동),근린생활2,제2종근린생활시설,1007130192,지번,1,False
1123010300107150001,서울특별시 동대문구 제기동,서울특별시 동대문구 약령중앙로 84 (제기동),근린생활2,제2종근린생활시설,100711556,지번,1,False
1123010200101190003,서울특별시 동대문구 용두동,서울특별시 동대문구 무학로36길 10 (용두동),근린생활1,제1종근린생활시설,100717389,지번,1,False
1123010200100900009,서울특별시 동대문구 용두동,서울특별시 동대문구 왕산로26길 4 (용두동),근린생활2,제2종근린생활시설,100711675,지번,2,False
1123010200100900009,서울특별시 동대문구 용두동,서울특별시 동대문구 왕산로26길 4 (용두동),근린생활2,제2종근린생활시설,100711676,지번,2,False
1123010300109710004,서울특별시 동대문구 제기동,서울특별시 동대문구 약령중앙로 34-3 (제기동),근린생활1,공동주택,10071100209562,지번,1,False
1123010200102340011,서울특별시 동대문구 용두동,서울특별시 동대문구 천호대로13길 62 (용두동),근린생활2,제2종근린생활시설,1007126378,지번,1,False
1123010300109200000,서울특별시 동대문구 제기동,서울특별시 동대문구 고산자로 466-1 (제기동),근린생활2,제2종근린생활시설,1007113232,지번,1,False
1123010200101190006,서울특별시 동대문구 용두동,서울특별시 동대문구 왕산로16길 16 (용두동),근린생활2,제2종근린생활시설,1007126376,지번,1,False
1123010200101180003,서울특별시 동대문구 용두동,서울특별시 동대문구 천호대로17길 41 (용두동),근린생활1,제1종근린생활시설,1007135446,지번,1,False
1123010200101180007,서울특별시 동대문구 용두동,서울특별시 동대문구 무학로32길 27 (용두동),근린생활2,제2종근린생활시설,1007111264,지번,1,False
1123010300109400000,서울특별시 동대문구 제기동,서울특별시 동대문구 약령동길 62 (제기동),근린생활1,제1종근린생활시설,1007119211,지번,1,False
1123010300109300003,서울특별시 동대문구 제기동,서울특별시 동대문구 약령동길 84 (제기동),근린생활1,제1종근린생활시설,1007112365,지번,1,False
1123010300111150008,서울특별시 동대문구 제기동,서울특별시 동대문구 약령중앙로4길 8 (제기동),근린생활1,제1종근린생활시설,1007122341,지번,1,False
1123010300108920009,서울특별시 동대문구 제기동,서울특별시 동대문구 약령서1길 5 (제기동),근린생활1,제1종근린생활시설,1007130058,지번,1,False
1123010300101370369,서울특별시 동대문구 제기동,서울특별시 동대문구 제기로5길 10 (제기동),근린생활1,제1종근린생활시설,1007113973,지번,1,False
1123010300107140000,서울특별시 동대문구 제기동,서울특별시 동대문구 약령동길 170 (제기동),근린생활1,제1종근린생활시설,10071100187713,지번,2,False
1123010200102350010,서울특별시 동대문구 용두동,서울특별시 동대문구 천호대로13길 28 (용두동),근린생활2,제2종근린생활시설,1007126173,지번,1,False
1123010200101050043,서울특별시 동대문구 용두동,서울특별시 동대문구 무학로34길 31 (용두동),근린생활2,제2종근린생활시설,1007114314,지번,1,False
1123010300110670000,서울특별시 동대문구 제기동,서울특별시 동대문구 고산자로 451 (제기동),근린생활1,제1종근린생활시설,100718992,지번,1,False
1123010200101020146,서울특별시 동대문구 용두동,서울특별시 동대문구 무학로34길 46 (용두동),근린생활2,제2종근린생활시설,10071100182688,지번,1,False
1123010300108950011,서울특별시 동대문구 제기동,서울특별시 동대문구 고산자로42길 13-2 (제기동),근린생활2,제2종근린생활시설,1007123644,지번,1,False
1123010300111410051,서울특별시 동대문구 제기동,서울특별시 동대문구 약령중앙로 21-1 (제기동),근린생활1,제1종근린생활시설,1007114738,지번,1,False
1123010300101370173,서울특별시 동대문구 제기동,서울특별시 동대문구 제기로 2-1 (제기동),근린생활2,제2종근린생활시설,1007116780,지번,1,False
1123010300111150016,서울특별시 동대문구 제기동,서울특별시 동대문구 약령중앙로 16 (제기동),근린생활1,제1종근린생활시설,1007136596,지번,1,False
1123010300107250002,서울특별시 동대문구 제기동,서울특별시 동대문구 약령동길 150 (제기동),근린생활2,제2종근린생활시설,1007113305,지번,1,False
1123010300107210000,서울특별시 동대문구 제기동,서울특별시 동대문구 고산자로 507 (제기동),근린생활1,제1종근린생활시설,100715595,지번,2,False
1123010300108920060,서울특별시 동대문구 제기동,서울특별시 동대문구 약령서길 115-1 (제기동),근린생활2,제2종근린생활시설,1007114062,지번,1,False
1123010200101190061,서울특별시 동대문구 용두동,서울특별시 동대문구 무학로 136 (용두동),근린생활1,제1종근린생활시설,1007113932,지번,1,False
1123010200100270004,서울특별시 동대문구 용두동,서울특별시 동대문구 고산자로 410 (용두동),근린생활1,제1종근린생활시설,1007121381,지번,1,False
1123010300109430000,서울특별시 동대문구 제기동,서울특별시 동대문구 고산자로 467 (제기동),근린생활1,제1종근린생활시설,1007133119,지번,1,False
1123010300102410014,서울특별시 동대문구 제기동,서울특별시 동대문구 약령시로 43 (제기동),근린생활2,제2종근린생활시설,1007127113,지번,1,False
1123010300101370007,서울특별시 동대문구 제기동,서울특별시 동대문구 안암로22길 15 (제기동),근린생활1,단독주택,10071100244833,지번,1,False
1123010300109290004,서울특별시 동대문구 제기동,서울특별시 동대문구 고산자로 479 (제기동),근린생활1,제1종근린생활시설,100715627,지번,2,False
1123010300109290004,서울특별시 동대문구 제기동,서울특별시 동대문구 고산자로 481 (제기동),근린생활1,제1종근린생활시설,100715628,지번,2,False
1123010300109580002,서울특별시 동대문구 제기동,서울특별시 동대문구 약령동길 77 (제기동),근린생활1,제1종근린생활시설,1007116265,지번,1,False
1123010300111180000,서울특별시 동대문구 제기동,서울특별시 동대문구 약령중앙로 14-7 (제기동),근린생활2,제2종근린생활시설,1007113267,지번,1,False
1123010300111260002,서울특별시 동대문구 제기동,서울특별시 동대문구 약령중앙로 10-8 (제기동),근린생활1,제1종근린생활시설,1007126910,지번,1,False
1123010300111410035,서울특별시 동대문구 제기동,서울특별시 동대문구 약령중앙로 19-14 (제기동),근린생활1,제1종근린생활시설,1007114412,지번,1,False
1123010300101350025,서울특별시 동대문구 제기동,서울특별시 동대문구 제기로 19-3 (제기동),근린생활1,제1종근린생활시설,1007127943,지번,1,False
1123010300101370424,서울특별시 동대문구 제기동,서울특별시 동대문구 안암로 148-1 (제기동),근린생활1,제1종근린생활시설,100719638,지번,1,False
1123010300109900025,서울특별시 동대문구 제기동,서울특별시 동대문구 고산자로38길 15-7 (제기동),근린생활1,제1종근린생활시설,100712234,지번,1,False
1123010300111410019,서울특별시 동대문구 제기동,서울특별시 동대문구 약령중앙로 27-1 (제기동),근린생활2,제2종근린생활시설,100715664,지번,2,False
1123010300111410019,서울특별시 동대문구 제기동,서울특별시 동대문구 약령중앙로 27-1 (제기동),근린생활2,제2종근린생활시설,100715665,지번,2,False
1123010200107120004,서울특별시 동대문구 용두동,서울특별시 동대문구 왕산로 110 (용두동),근린생활2,제2종근린생활시설,1007121711,지번,1,False
1123010300111120002,서울특별시 동대문구 제기동,서울특별시 동대문구 약령중앙로 20 (제기동),근린생활1,제1종근린생활시설,1007114964,지번,1,False
1123010300109860002,서울특별시 동대문구 제기동,서울특별시 동대문구 약령중앙로 34-6 (제기동),근린생활1,제1종근린생활시설,1007112791,지번,1,False
1123010300111400039,서울특별시 동대문구 제기동,서울특별시 동대문구 약령서1길 20 (제기동),근린생활1,제1종근린생활시설,1007122104,지번,1,False
1123010200102340016,서울특별시 동대문구 용두동,서울특별시 동대문구 무학로 139-1 (용두동),근린생활1,제1종근린생활시설,1007130548,지번,1,False
1123010300111440001,서울특별시 동대문구 제기동,서울특별시 동대문구 회기로 26 (제기동),근린생활1,제1종근린생활시설,1007135884,지번,1,False
1123010200101180050,서울특별시 동대문구 용두동,서울특별시 동대문구 무학로30길 26 (용두동),근린생활2,제2종근린생활시설,1007134170,지번,1,False
1123010300111120011,서울특별시 동대문구 제기동,서울특별시 동대문구 약령중앙로 18-1 (제기동),근린생활1,제1종근린생활시설,1007126931,지번,1,False
1123010300101350004,서울특별시 동대문구 제기동,,근린생활2,제2종근린생활시설,1007110936,지번,1,False
1123010200101190027,서울특별시 동대문구 용두동,서울특별시 동대문구 왕산로16길 44 (용두동),근린생활1,제1종근린생활시설,1007119201,지번,1,False
1123010300108920105,서울특별시 동대문구 제기동,서울특별시 동대문구 약령시로 60 (제기동),근린생활2,제2종근린생활시설,1007124640,지번,1,False
1123010300111580040,서울특별시 동대문구 제기동,서울특별시 동대문구 왕산로19라길 3 (제기동),근린생활2,공동주택,10071100226273,지번,1,False
1123010200101180099,서울특별시 동대문구 용두동,,근린생활2,제2종근린생활시설,1007115577,지번,1,False
1123010200101050001,서울특별시 동대문구 용두동,서울특별시 동대문구 왕산로16가길 36 (용두동),근린생활2,제2종근린생활시설,1007119887,지번,1,False
1123010300109300004,서울특별시 동대문구 제기동,서울특별시 동대문구 약령동길 82 (제기동),근린생활1,제1종근린생활시설,1007128709,지번,1,False
1123010300109010004,서울특별시 동대문구 제기동,서울특별시 동대문구 약령시로14길 24 (제기동),근린생활1,제1종근린생활시설,1007133561,지번,1,False
1123010300109500003,서울특별시 동대문구 제기동,서울특별시 동대문구 약령중앙로10길 1 (제기동),근린생활2,제2종근린생활시설,1007132695,지번,1,False
1123010300109280002,서울특별시 동대문구 제기동,서울특별시 동대문구 약령중앙로10길 17 (제기동),근린생활1,제1종근린생활시설,1007127723,지번,1,False
1123010300111300000,서울특별시 동대문구 제기동,서울특별시 동대문구 약령중앙로2길 13 (제기동),근린생활1,제1종근린생활시설,100716865,지번,1,False
1123010300107150000,서울특별시 동대문구 제기동,서울특별시 동대문구 약령중앙로 88 (제기동),근린생활1,제1종근린생활시설,100711564,지번,2,False
1123010200100230020,서울특별시 동대문구 용두동,서울특별시 동대문구 왕산로 142 (용두동),근린생활1,제1종근린생활시설,1007136115,지번,1,False
1123010300110160000,서울특별시 동대문구 제기동,서울특별시 동대문구 왕산로 143 (제기동),근린생활2,제2종근린생활시설,1007125786,지번,1,False
1123010300101480050,서울특별시 동대문구 제기동,서울특별시 동대문구 약령시로 14 (제기동),근린생활2,제2종근린생활시설,1007119627,지번,1,False
1123010300101490008,서울특별시 동대문구 제기동,서울특별시 동대문구 약령시로 16 (제기동),근린생활2,제2종근린생활시설,1007136128,지번,1,False
1123010300111310001,서울특별시 동대문구 제기동,서울특별시 동대문구 약령중앙로2길 14 (제기동),근린생활1,제1종근린생활시설,1007133593,지번,1,False
1123010300108180000,서울특별시 동대문구 제기동,서울특별시 동대문구 고산자로 487 (제기동),근린생활2,제2종근린생활시설,1007120910,지번,1,False
1123010300101480051,서울특별시 동대문구 제기동,서울특별시 동대문구 약령시로 12-1 (제기동),근린생활2,제2종근린생활시설,1007130979,지번,1,False
1123010300107420000,서울특별시 동대문구 제기동,서울특별시 동대문구 경동시장로 57 (제기동),근린생활1,제1종근린생활시설,1007113927,지번,1,False
1123010300109530000,서울특별시 동대문구 제기동,서울특별시 동대문구 약령중앙로10길 10 (제기동),근린생활1,제2종근린생활시설,10071100257995,지번,1,False
1123010300102420000,서울특별시 동대문구 제기동,서울특별시 동대문구 약령시로 41 (제기동),근린생활1,제1종근린생활시설,100717761,지번,1,False
1123010300111190002,서울특별시 동대문구 제기동,서울특별시 동대문구 약령동길 27 (제기동),근린생활1,제1종근린생활시설,100718091,지번,1,False
1123010300111400040,서울특별시 동대문구 제기동,서울특별시 동대문구 약령서1길 22 (제기동),근린생활1,제1종근린생활시설,1007117965,지번,1,False
1123010200102340019,서울특별시 동대문구 용두동,서울특별시 동대문구 무학로 139 (용두동),근린생활2,제2종근린생활시설,100717950,지번,1,False
1123010300109220000,서울특별시 동대문구 제기동,서울특별시 동대문구 고산자로 468 (제기동),근린생활1,제1종근린생활시설,1007114627,지번,1,False
1123010300108920029,서울특별시 동대문구 제기동,서울특별시 동대문구 약령서길 54 (제기동),근린생활2,제2종근린생활시설,100718667,지번,1,False
1123010300108920116,서울특별시 동대문구 제기동,서울특별시 동대문구 정릉천동로 114 (제기동),근린생활2,제2종근린생활시설,1007114872,지번,1,False
1123010300101420012,서울특별시 동대문구 제기동,서울특별시 동대문구 안암로 122-1 (제기동),근린생활1,제1종근린생활시설,1007122500,지번,1,False
1123010300107310005,서울특별시 동대문구 제기동,서울특별시 동대문구 약령중앙로 68-1 (제기동),근린생활2,제2종근린생활시설,1007126247,지번,1,False
1123010300108920006,서울특별시 동대문구 제기동,서울특별시 동대문구 약령서길 20 (제기동),근린생활1,제1종근린생활시설,1007113986,지번,1,False
1123010300108600003,서울특별시 동대문구 제기동,서울특별시 동대문구 약령중앙로 81 (제기동),근린생활1,제1종근린생활시설,1007136373,지번,1,False
1123010200101190012,서울특별시 동대문구 용두동,서울특별시 동대문구 왕산로16길 22-1 (용두동),근린생활1,제1종근린생활시설,1007115489,지번,1,False
1123010200101120078,서울특별시 동대문구 용두동,서울특별시 동대문구 무학로34길 11 (용두동),근린생활2,제2종근린생활시설,1007119762,지번,1,False
1123010200100520015,서울특별시 동대문구 용두동,서울특별시 동대문구 천호대로27길 71 (용두동),근린생활1,제1종근린생활시설,1007118980,지번,1,False
1123010200100390951,서울특별시 동대문구 용두동,서울특별시 동대문구 고산자로28길 21 (용두동),근린생활2,제2종근린생활시설,1007113537,지번,1,False
1123010300109300001,서울특별시 동대문구 제기동,서울특별시 동대문구 약령동길 88 (제기동),근린생활2,제2종근린생활시설,100719885,지번,1,False
1123010300111150014,서울특별시 동대문구 제기동,서울특별시 동대문구 약령중앙로 14-3 (제기동),근린생활1,제1종근린생활시설,1007125145,지번,1,False
1123010300108870192,서울특별시 동대문구 제기동,서울특별시 동대문구 약령서길 78 (제기동),근린생활1,제1종근린생활시설,1007132528,지번,1,False
1123010300108920111,서울특별시 동대문구 제기동,서울특별시 동대문구 정릉천동로 114-3 (제기동),근린생활2,제2종근린생활시설,1007125113,지번,1,False
1123010200101190036,서울특별시 동대문구 용두동,서울특별시 동대문구 무학로 134-1 (용두동),근린생활2,제2종근린생활시설,1007115147,지번,1,False
1123010200101040001,서울특별시 동대문구 용두동,서울특별시 동대문구 왕산로 90 (용두동),근린생활1,제1종근린생활시설,1007120044,지번,1,False
1123010300108440003,서울특별시 동대문구 제기동,서울특별시 동대문구 약령시로 82 (제기동),근린생활2,제2종근린생활시설,100719285,지번,1,False
1123010200101300024,서울특별시 동대문구 용두동,서울특별시 동대문구 왕산로 67 (용두동),근린생활1,업무시설,1000000000000001456882,지번,1,False
1123010200101700004,서울특별시 동대문구 용두동,서울특별시 동대문구 무학로 176 (용두동),근린생활1,제1종근린생활시설,100719709,지번,1,False
1123010300108890007,서울특별시 동대문구 제기동,서울특별시 동대문구 약령중앙로 45 (제기동),근린생활1,제1종근린생활시설,1007114637,지번,1,False
1123010200100260011,서울특별시 동대문구 용두동,서울특별시 동대문구 왕산로28길 27 (용두동),근린생활2,제2종근린생활시설,100712286,지번,1,False
1123010300101360061,서울특별시 동대문구 제기동,서울특별시 동대문구 고산자로 554 (제기동),근린생활1,제1종근린생활시설,100719482,지번,1,False
1123010300101200274,서울특별시 동대문구 제기동,서울특별시 동대문구 고산자로52길 3 (제기동),근린생활1,제1종근린생활시설,1007126136,지번,1,False
1123010300101370260,서울특별시 동대문구 제기동,서울특별시 동대문구 안암로20길 7-4 (제기동),근린생활1,제1종근린생활시설,1007111156,지번,1,False
1123010300109170000,서울특별시 동대문구 제기동,서울특별시 동대문구 고산자로 464 (제기동),근린생활1,제1종근린생활시설,1007123439,지번,1,False
1123010300108890010,서울특별시 동대문구 제기동,서울특별시 동대문구 약령중앙로 43 (제기동),근린생활1,제1종근린생활시설,1007128127,지번,1,False
1123010300111580044,서울특별시 동대문구 제기동,서울특별시 동대문구 왕산로19라길 18 (제기동),근린생활1,제1종근린생활시설,100712375,지번,2,False
1123010300111580044,서울특별시 동대문구 제기동,서울특별시 동대문구 왕산로19라길 18 (제기동),근린생활1,제2종근린생활시설,100712376,지번,2,False
1123010300111400001,서울특별시 동대문구 제기동,서울특별시 동대문구 약령중앙로 17-1 (제기동),근린생활1,제1종근린생활시설,1007130272,지번,1,False
1123010200102310022,서울특별시 동대문구 용두동,서울특별시 동대문구 무학로37길 2 (용두동),근린생활2,제2종근린생활시설,1007127062,지번,1,False
1123010200100530006,서울특별시 동대문구 용두동,,근린생활2,제1종근린생활시설,100712931,지번,13,False
1123010200100530006,서울특별시 동대문구 용두동,서울특별시 동대문구 왕산로26길 23 (용두동),근린생활2,제2종근린생활시설,100712933,지번,13,False
1123010300110510001,서울특별시 동대문구 제기동,서울특별시 동대문구 왕산로 131 (제기동),근린생활1,제1종근린생활시설,1007114431,지번,1,False
1123010300111240005,서울특별시 동대문구 제기동,서울특별시 동대문구 약령중앙로 10-17 (제기동),근린생활1,제1종근린생활시설,100715017,지번,2,False
1123010300111240005,서울특별시 동대문구 제기동,서울특별시 동대문구 약령중앙로 10-15 (제기동),근린생활1,제1종근린생활시설,100715020,지번,2,False
1123010300108890008,서울특별시 동대문구 제기동,서울특별시 동대문구 약령중앙로 43-2 (제기동),근린생활1,제1종근린생활시설,1007131750,지번,1,False
1123010300107970002,서울특별시 동대문구 제기동,서울특별시 동대문구 고산자로46길 2 (제기동),근린생활2,제2종근린생활시설,100718197,지번,1,False
1123010200101180001,서울특별시 동대문구 용두동,서울특별시 동대문구 왕산로22길 72 (용두동),근린생활2,업무시설,10071100259395,지번,1,False
1123010300108160001,서울특별시 동대문구 제기동,서울특별시 동대문구 고산자로 497 (제기동),근린생활1,제1종근린생활시설,1007126357,지번,1,False
1123010300111480018,서울특별시 동대문구 제기동,서울특별시 동대문구 회기로 6 (제기동),근린생활1,제1종근린생활시설,1007132288,지번,1,False
1123010200102330023,서울특별시 동대문구 용두동,서울특별시 동대문구 왕산로 45 (용두동),근린생활1,공동주택,10071100235052,지번,1,False
1123010300110800001,서울특별시 동대문구 제기동,서울특별시 동대문구 약령중앙로6길 16 (제기동),근린생활1,제1종근린생활시설,1007119476,지번,1,False
1123010300108920040,서울특별시 동대문구 제기동,서울특별시 동대문구 약령중앙로 25-11 (제기동),근린생활2,제2종근린생활시설,1007127013,지번,1,False
1123010300108890011,서울특별시 동대문구 제기동,서울특별시 동대문구 약령중앙로 41-1 (제기동),근린생활1,제1종근린생활시설,1007119303,지번,1,False
1123010200101300010,서울특별시 동대문구 용두동,서울특별시 동대문구 무학로 160 (용두동),근린생활1,제1종근린생활시설,1007129512,지번,1,False
1123010300108330000,서울특별시 동대문구 제기동,서울특별시 동대문구 약령시로 67 (제기동),근린생활2,제2종근린생활시설,1007124849,지번,1,False
1123010200101190058,서울특별시 동대문구 용두동,서울특별시 동대문구 무학로 138 (용두동),근린생활1,제2종근린생활시설,10071100259695,지번,1,False
1123010200100240005,서울특별시 동대문구 용두동,서울특별시 동대문구 왕산로 136 (용두동),근린생활1,제1종근린생활시설,1007132118,지번,1,False
1123010300108380019,서울특별시 동대문구 제기동,서울특별시 동대문구 약령시로 86 (제기동),근린생활1,제1종근린생활시설,100712193,지번,1,False
1123010300101370015,서울특별시 동대문구 제기동,서울특별시 동대문구 안암로 162-1 (제기동),근린생활1,제1종근린생활시설,1007126143,지번,1,False
1123010200102350003,서울특별시 동대문구 용두동,서울특별시 동대문구 무학로 121-1 (용두동),근린생활1,제1종근린생활시설,1007121469,지번,1,False
1123010200107120068,서울특별시 동대문구 용두동,서울특별시 동대문구 왕산로 106 (용두동),근린생활1,제1종근린생활시설,1007115805,지번,1,False
1123010300101350090,서울특별시 동대문구 제기동,서울특별시 동대문구 제기로 16 (제기동),판매시설,공동주택,10071100253215,지번,2,True
1123010300101350090,서울특별시 동대문구 제기동,서울특별시 동대문구 제기로 16 (제기동),판매시설,공동주택,10071100253228,지번,2,True
1123010300109620001,서울특별시 동대문구 제기동,서울특별시 동대문구 약령중앙로 40-1 (제기동),근린생활1,제1종근린생활시설,1007119446,지번,1,False
1123010300108160000,서울특별시 동대문구 제기동,서울특별시 동대문구 고산자로 497-1 (제기동),근린생활1,제1종근린생활시설,100718963,지번,1,False
1123010200102020000,서울특별시 동대문구 용두동,,근린생활2,제1종근린생활시설,1007132122,본번,1,False
1123010300109000000,서울특별시 동대문구 제기동,서울특별시 동대문구 고산자로44길 2 (제기동),근린생활1,제1종근린생활시설,1007115026,지번,1,False
1123010200100390955,서울특별시 동대문구 용두동,서울특별시 동대문구 왕산로32길 96 (용두동),근린생활2,제2종근린생활시설,1007110395,지번,1,False
1123010300109620000,서울특별시 동대문구 제기동,서울특별시 동대문구 약령중앙로 40 (제기동),근린생활1,제1종근린생활시설,100717493,지번,1,False
1123010300109390000,서울특별시 동대문구 제기동,서울특별시 동대문구 약령동길 60 (제기동),근린생활1,제1종근린생활시설,1007134193,지번,1,False
1123010300108590001,서울특별시 동대문구 제기동,서울특별시 동대문구 정릉천동로 158 (제기동),근린생활1,제1종근린생활시설,1007136625,지번,1,False
1123010300101220431,서울특별시 동대문구 제기동,,근린생활1,제1종근린생활시설,100714448,지번,4,False
1123010200101300004,서울특별시 동대문구 용두동,서울특별시 동대문구 왕산로 71 (용두동),근린생활1,업무시설,10071100232872,지번,1,False
1123010300111260007,서울특별시 동대문구 제기동,서울특별시 동대문구 약령중앙로 8-1 (제기동),근린생활1,제1종근린생활시설,1007113989,지번,1,False
1123010300101370437,서울특별시 동대문구 제기동,서울특별시 동대문구 안암로 134 (제기동),근린생활1,제1종근린생활시설,1007125134,지번,1,False
1123010300101220426,서울특별시 동대문구 제기동,서울특별시 동대문구 고산자로56길 18 (제기동),근린생활1,제1종근린생활시설,1007124339,지번,1,False
1123010300108920094,서울특별시 동대문구 제기동,서울특별시 동대문구 정릉천동로 120 (제기동),근린생활2,제2종근린생활시설,10071100183006,지번,1,False
1123010200101040020,서울특별시 동대문구 용두동,서울특별시 동대문구 무학로36길 34 (용두동),근린생활2,제2종근린생활시설,100711680,지번,1,False
1123010300111580047,서울특별시 동대문구 제기동,서울특별시 동대문구 왕산로23길 17 (제기동),근린생활1,제1종근린생활시설,1007134156,지번,1,False
1123010300111410033,서울특별시 동대문구 제기동,서울특별시 동대문구 약령중앙로 23-2 (제기동),근린생활1,제1종근린생활시설,1007112669,지번,1,False
1123010300101360256,서울특별시 동대문구 제기동,서울특별시 동대문구 고산자로62길 6 (제기동),근린생활2,제2종근린생활시설,1007130176,지번,1,False
1123010300109580001,서울특별시 동대문구 제기동,서울특별시 동대문구 약령동길 79 (제기동),근린생활1,제1종근린생활시설,100717352,지번,1,False
1123010200101020144,서울특별시 동대문구 용두동,서울특별시 동대문구 무학로34길 44 (용두동),근린생활1,제1종근린생활시설,1007115981,지번,1,False
1123010200100240006,서울특별시 동대문구 용두동,서울특별시 동대문구 고산자로 430 (용두동),근린생활1,제1종근린생활시설,100718812,지번,1,False
1123010300109610001,서울특별시 동대문구 제기동,서울특별시 동대문구 약령중앙로8길 7 (제기동),근린생활1,제1종근린생활시설,1007121112,지번,1,False
1123010300109670002,서울특별시 동대문구 제기동,서울특별시 동대문구 약령동길 69 (제기동),근린생활1,제1종근린생활시설,100714066,지번,1,False
1123010300109790000,서울특별시 동대문구 제기동,서울특별시 동대문구 약령중앙로6길 11 (제기동),근린생활1,제1종근린생활시설,100712217,지번,4,False
1123010300109790000,서울특별시 동대문구 제기동,,근린생활1,제1종근린생활시설,100712218,지번,4,False
1123010300109790000,서울특별시 동대문구 제기동,,근린생활1,제1종근린생활시설,100712220,지번,4,False
1123010300109780000,서울특별시 동대문구 제기동,,근린생활1,제1종근린생활시설,100715632,지번,3,False
1123010300109780000,서울특별시 동대문구 제기동,,근린생활1,제1종근린생활시설,100715633,지번,3,False
1123010300109780000,서울특별시 동대문구 제기동,,근린생활1,제1종근린생활시설,100715634,지번,3,False
1123010300111410053,서울특별시 동대문구 제기동,서울특별시 동대문구 약령중앙로 19-4 (제기동),근린생활1,제1종근린생활시설,1007128270,지번,1,False
1123010300111210000,서울특별시 동대문구 제기동,,근린생활1,제2종근린생활시설,100715658,지번,4,False
1123010300111210000,서울특별시 동대문구 제기동,,근린생활1,제1종근린생활시설,100715659,지번,4,False
1123010300111210000,서울특별시 동대문구 제기동,서울특별시 동대문구 약령중앙로 14 (제기동),근린생활1,제2종근린생활시설,100715661,지번,4,False
1123010300111400015,서울특별시 동대문구 제기동,서울특별시 동대문구 약령서1길 26 (제기동),근린생활1,제1종근린생활시설,100719820,지번,1,False
1123010200102320032,서울특별시 동대문구 용두동,서울특별시 동대문구 무학로37길 34 (용두동),근린생활1,제2종근린생활시설,10071100226592,지번,1,False
1123010300110360000,서울특별시 동대문구 제기동,서울특별시 동대문구 고산자로36길 3 (제기동),판매시설,판매및영업시설,1007124540,지번,1,False
1123010300108920048,서울특별시 동대문구 제기동,서울특별시 동대문구 약령서길 36 (제기동),근린생활1,제1종근린생활시설,1007127705,지번,1,False
1123010200102300001,서울특별시 동대문구 용두동,서울특별시 동대문구 왕산로 95 (용두동),근린생활1,제1종근린생활시설,1007127999,지번,1,False
1123010200102310018,서울특별시 동대문구 용두동,서울특별시 동대문구 왕산로13길 22 (용두동),근린생활1,제1종근린생활시설,1007127380,지번,1,False
1123010300108370000,서울특별시 동대문구 제기동,서울특별시 동대문구 약령중앙로 56 (제기동),근린생활2,제2종근린생활시설,1007115650,지번,1,False
1123010300101370082,서울특별시 동대문구 제기동,서울특별시 동대문구 제기로5길 25 (제기동),근린생활2,제2종근린생활시설,1007121824,지번,1,False
1123010300101370039,서울특별시 동대문구 제기동,서울특별시 동대문구 안암로22길 7-3 (제기동),근린생활2,제2종근린생활시설,1007135175,지번,1,False
1123010300101220118,서울특별시 동대문구 제기동,서울특별시 동대문구 고산자로 531 (제기동),근린생활1,제1종근린생활시설,1007121478,지번,1,False
1123010200100270001,서울특별시 동대문구 용두동,서울특별시 동대문구 왕산로28길 35 (용두동),근린생활1,제1종근린생활시설,1007132522,지번,1,False
1123010300110800000,서울특별시 동대문구 제기동,서울특별시 동대문구 약령동길 52 (제기동),근린생활1,제1종근린생활시설,1007123542,지번,1,False
1123010200101300016,서울특별시 동대문구 용두동,서울특별시 동대문구 무학로 158 (용두동),근린생활1,제2종근린생활시설,10071100237092,지번,1,False
1123010300111580058,서울특별시 동대문구 제기동,서울특별시 동대문구 왕산로23길 35 (제기동),근린생활2,제2종근린생활시설,1007123173,지번,1,False
1123010300102360000,서울특별시 동대문구 제기동,서울특별시 동대문구 약령시로5길 4-5 (제기동),근린생활2,제2종근린생활시설,1007130737,지번,1,False
1123010200102350004,서울특별시 동대문구 용두동,서울특별시 동대문구 무학로 121 (용두동),근린생활1,제1종근린생활시설,1007136341,지번,1,False
1123010300111090006,서울특별시 동대문구 제기동,서울특별시 동대문구 약령중앙로4길 9 (제기동),근린생활1,제1종근린생활시설,100712243,지번,2,False
1123010300111090006,서울특별시 동대문구 제기동,서울특별시 동대문구 약령중앙로4길 9 (제기동),근린생활1,제1종근린생활시설,100712244,지번,2,False
1123010300111150006,서울특별시 동대문구 제기동,서울특별시 동대문구 약령중앙로4길 8-1 (제기동),근린생활2,제2종근린생활시설,1007132327,지번,1,False
1123010300111400004,서울특별시 동대문구 제기동,서울특별시 동대문구 약령중앙로 7-4 (제기동),근린생활2,제2종근린생활시설,1007131443,지번,1,False
1123010200101180048,서울특별시 동대문구 용두동,서울특별시 동대문구 무학로30길 22 (용두동),근린생활1,제1종근린생활시설,1007131127,지번,1,False
1123010200102310006,서울특별시 동대문구 용두동,서울특별시 동대문구 한빛로 60 (용두동),근린생활1,제1종근린생활시설,1007119293,지번,1,False
1123010300111480005,서울특별시 동대문구 제기동,서울특별시 동대문구 회기로 8 (제기동),근린생활1,제1종근린생활시설,1007115124,지번,1,False
1123010300109300006,서울특별시 동대문구 제기동,서울특별시 동대문구 약령중앙로8길 15 (제기동),근린생활1,제1종근린생활시설,1007131434,지번,1,False
1123010300108920008,서울특별시 동대문구 제기동,서울특별시 동대문구 약령서길 14 (제기동),근린생활1,제1종근린생활시설,1007123444,지번,1,False
1123010300102740014,서울특별시 동대문구 제기동,서울특별시 동대문구 왕산로19바길 28 (제기동),근린생활2,제2종근린생활시설,1007121181,지번,1,False
1123010300111420006,서울특별시 동대문구 제기동,서울특별시 동대문구 회기로 28 (제기동),근린생활1,제1종근린생활시설,1007135034,지번,1,False
1123010300101220392,서울특별시 동대문구 제기동,서울특별시 동대문구 고산자로56길 60 (제기동),근린생활1,단독주택,100714454,지번,3,True
1123010300101220392,서울특별시 동대문구 제기동,서울특별시 동대문구 고산자로56길 62 (제기동),근린생활1,단독주택,100714455,지번,3,True
1123010300101220392,서울특별시 동대문구 제기동,서울특별시 동대문구 고산자로56길 60 (제기동),근린생활1,단독주택,100714456,지번,3,True
1123010300111090009,서울특별시 동대문구 제기동,서울특별시 동대문구 약령중앙로4길 7 (제기동),근린생활1,제1종근린생활시설,100718004,지번,1,False
1123010300109520000,서울특별시 동대문구 제기동,서울특별시 동대문구 약령시로 68 (제기동),근린생활1,제1종근린생활시설,100717629,지번,1,False
1123010300111400049,서울특별시 동대문구 제기동,서울특별시 동대문구 약령서1길 32 (제기동),근린생활1,제1종근린생활시설,1007116249,지번,1,False
1123010300107150006,서울특별시 동대문구 제기동,서울특별시 동대문구 약령중앙로 76-1 (제기동),근린생활1,제1종근린생활시설,100711567,지번,1,False
1123010300111400050,서울특별시 동대문구 제기동,서울특별시 동대문구 약령서1길 34 (제기동),근린생활1,제1종근린생활시설,1007113922,지번,1,False
1123010200101300015,서울특별시 동대문구 용두동,서울특별시 동대문구 한빛로 72 (용두동),근린생활2,제2종근린생활시설,1007126166,지번,1,False
1123010300111530028,서울특별시 동대문구 제기동,서울특별시 동대문구 무학로 198-1 (제기동),근린생활2,제2종근린생활시설,1007130937,지번,1,False
1123010300101360257,서울특별시 동대문구 제기동,서울특별시 동대문구 고산자로62길 4 (제기동),근린생활1,제1종근린생활시설,1007120795,지번,1,False
1123010300101360259,서울특별시 동대문구 제기동,서울특별시 동대문구 고산자로 558 (제기동),근린생활1,제1종근린생활시설,1007112083,지번,1,False
1123010300111390000,서울특별시 동대문구 제기동,서울특별시 동대문구 약령중앙로 4 (제기동),근린생활1,제1종근린생활시설,1007119699,지번,1,False
1123010300100670292,서울특별시 동대문구 제기동,서울특별시 동대문구 제기로6길 18 (제기동),근린생활2,제2종근린생활시설,100714677,지번,2,False
1123010300108900035,서울특별시 동대문구 제기동,서울특별시 동대문구 약령중앙로 27-6 (제기동),근린생활1,제1종근린생활시설,1007115733,지번,1,False
1123010300111410029,서울특별시 동대문구 제기동,서울특별시 동대문구 약령중앙로 19-21 (제기동),근린생활1,제1종근린생활시설,1007117215,지번,1,False
1123010300108920046,서울특별시 동대문구 제기동,서울특별시 동대문구 약령서1길 36 (제기동),근린생활1,제1종근린생활시설,1007132608,지번,1,False
1123010300108860020,서울특별시 동대문구 제기동,서울특별시 동대문구 약령중앙로 53 (제기동),근린생활1,제1종근린생활시설,1007122502,지번,1,False
1123010200101020004,서울특별시 동대문구 용두동,서울특별시 동대문구 왕산로22길 43 (용두동),근린생활2,제2종근린생활시설,1007120078,지번,1,False
1123010300110770003,서울특별시 동대문구 제기동,서울특별시 동대문구 약령동길 50 (제기동),근린생활1,제1종근린생활시설,1007126963,지번,1,False
1123010300111400026,서울특별시 동대문구 제기동,서울특별시 동대문구 약령중앙로 15 (제기동),근린생활1,제1종근린생활시설,1007115060,지번,1,False
1123010300108280002,서울특별시 동대문구 제기동,서울특별시 동대문구 약령중앙로12길 6 (제기동),근린생활1,단독주택,10071100242173,지번,1,False
1123010300108900019,서울특별시 동대문구 제기동,서울특별시 동대문구 약령중앙로 31 (제기동),근린생활1,제1종근린생활시설,100718152,지번,1,False
1123010300109440000,서울특별시 동대문구 제기동,서울특별시 동대문구 약령동길 72 (제기동),근린생활1,근린생활시설,100714160,지번,1,False
1123010200102310027,서울특별시 동대문구 용두동,서울특별시 동대문구 왕산로13길 6 (용두동),근린생활1,제1종근린생활시설,1007119158,지번,1,False
1123010200100230027,서울특별시 동대문구 용두동,서울특별시 동대문구 왕산로28길 7 (용두동),근린생활2,제2종근린생활시설,1007133754,지번,1,False
1123010300101350097,서울특별시 동대문구 제기동,서울특별시 동대문구 안암로22길 24 (제기동),근린생활1,제1종근린생활시설,1007126849,지번,1,False
1123010300111400019,서울특별시 동대문구 제기동,서울특별시 동대문구 약령중앙로 17 (제기동),근린생활1,제1종근린생활시설,1007118564,지번,1,False
1123010300109200001,서울특별시 동대문구 제기동,,근린생활2,제2종근린생활시설,1007122781,지번,1,False
1123010300107140018,서울특별시 동대문구 제기동,서울특별시 동대문구 고산자로 511-1 (제기동),근린생활1,제1종근린생활시설,100715571,지번,1,False
1123010200100240004,서울특별시 동대문구 용두동,서울특별시 동대문구 왕산로 138 (용두동),근린생활2,제2종근린생활시설,1007135544,지번,1,False
1123010300102500000,서울특별시 동대문구 제기동,서울특별시 동대문구 약령시로 37 (제기동),근린생활1,제1종근린생활시설,1007136698,지번,1,False
1123010200102340051,서울특별시 동대문구 용두동,서울특별시 동대문구 천호대로13길 36 (용두동),근린생활1,제1종근린생활시설,1007120097,지번,1,False
1123010200102340038,서울특별시 동대문구 용두동,서울특별시 동대문구 무학로 133-2 (용두동),근린생활2,제2종근린생활시설,1007120572,지번,1,False
1123010200100390949,서울특별시 동대문구 용두동,서울특별시 동대문구 고산자로30길 24 (용두동),근린생활2,제2종근린생활시설,100716527,지번,1,False
1123010300109300007,서울특별시 동대문구 제기동,서울특별시 동대문구 고산자로 471 (제기동),근린생활2,제2종근린생활시설,1007132447,지번,1,False
1123010300101770001,서울특별시 동대문구 제기동,서울특별시 동대문구 약령시로2길 59 (제기동),근린생활2,제2종근린생활시설,100718373,지번,1,False
1123010300101480088,서울특별시 동대문구 제기동,서울특별시 동대문구 약령시로 2-1 (제기동),근린생활2,제2종근린생활시설,100714394,지번,1,False
1123010300101510008,서울특별시 동대문구 제기동,서울특별시 동대문구 약령시로 22 (제기동),근린생활2,제2종근린생활시설,1007129798,지번,1,False
1123010200101190047,서울특별시 동대문구 용두동,서울특별시 동대문구 무학로 128 (용두동),근린생활1,제1종근린생활시설,1007121263,지번,1,False
1123010200100270003,서울특별시 동대문구 용두동,서울특별시 동대문구 고산자로 414 (용두동),판매시설,판매시설,1007126796,지번,1,False
1123010300109730000,서울특별시 동대문구 제기동,서울특별시 동대문구 약령중앙로 38 (제기동),근린생활1,제1종근린생활시설,1007110485,지번,1,False
1123010200107260001,서울특별시 동대문구 용두동,서울특별시 동대문구 무학로 201 (용두동),근린생활2,제2종근린생활시설,100714499,지번,1,False
1123010300101370091,서울특별시 동대문구 제기동,서울특별시 동대문구 안암로 144-1 (제기동),근린생활1,제1종근린생활시설,1007113487,지번,1,False
1123010300108860016,서울특별시 동대문구 제기동,서울특별시 동대문구 약령중앙로 57 (제기동),근린생활2,제2종근린생활시설,100715417,지번,2,False
1123010300108860016,서울특별시 동대문구 제기동,서울특별시 동대문구 약령중앙로 57 (제기동),근린생활2,제2종근린생활시설,100715418,지번,2,False
1123010200101840002,서울특별시 동대문구 용두동,서울특별시 동대문구 무학로 178-1 (용두동),근린생활2,제2종근린생활시설,1000000000000002586749,지번,1,False
1123010300101650018,서울특별시 동대문구 제기동,서울특별시 동대문구 약령시로 24 (제기동),근린생활1,제1종근린생활시설,1007134062,지번,1,False
1123010300108590007,서울특별시 동대문구 제기동,서울특별시 동대문구 정릉천동로 156 (제기동),근린생활2,제2종근린생활시설,1007120568,지번,1,False
1123010300109490000,서울특별시 동대문구 제기동,서울특별시 동대문구 약령중앙로10길 9 (제기동),근린생활1,제1종근린생활시설,1007130466,지번,1,False
1123010300111090004,서울특별시 동대문구 제기동,서울특별시 동대문구 약령중앙로 20-5 (제기동),근린생활2,제2종근린생활시설,1007133745,지번,1,False
1123010200102340003,서울특별시 동대문구 용두동,서울특별시 동대문구 무학로35길 3 (용두동),근린생활2,제2종근린생활시설,1007116428,지번,1,False
1123010300108920107,서울특별시 동대문구 제기동,서울특별시 동대문구 약령시로 58 (제기동),근린생활2,제2종근린생활시설,1007133238,지번,1,False
1123010300107760003,서울특별시 동대문구 제기동,서울특별시 동대문구 약령시로13길 21 (제기동),근린생활1,제1종근린생활시설,1007112045,지번,1,False
1123010200107110004,서울특별시 동대문구 용두동,서울특별시 동대문구 왕산로 112-4 (용두동),근린생활2,제2종근린생활시설,100715852,지번,2,False
1123010300109930016,서울특별시 동대문구 제기동,서울특별시 동대문구 왕산로29길 18 (제기동),근린생활2,제2종근린생활시설,1007135918,지번,1,False
1123010300109900023,서울특별시 동대문구 제기동,서울특별시 동대문구 약령시로14길 57 (제기동),근린생활1,제1종근린생활시설,100712221,지번,1,False
1123010300109900006,서울특별시 동대문구 제기동,서울특별시 동대문구 약령시로14길 51 (제기동),근린생활1,제1종근린생활시설,100712232,지번,1,False
1123010300109700000,서울특별시 동대문구 제기동,서울특별시 동대문구 약령중앙로 34-5 (제기동),근린생활1,제1종근린생활시설,1007117071,지번,1,False
1123010300111000000,서울특별시 동대문구 제기동,서울특별시 동대문구 약령중앙로 24-6 (제기동),근린생활1,제1종근린생활시설,1007126487,지번,1,False
1123010300110500000,서울특별시 동대문구 제기동,서울특별시 동대문구 고산자로 435 (제기동),근린생활1,제1종근린생활시설,100711983,지번,1,False
1123010200100450011,서울특별시 동대문구 용두동,서울특별시 동대문구 고산자로 417 (용두동),근린생활2,제2종근린생활시설,100717554,지번,1,False
1123010300109920029,서울특별시 동대문구 제기동,서울특별시 동대문구 고산자로38길 20 (제기동),근린생활1,제1종근린생활시설,1007114819,지번,1,False
1123010300101370060,서울특별시 동대문구 제기동,서울특별시 동대문구 안암로 146 (제기동),근린생활1,단독주택,1007130262,지번,1,False
1123010300110190000,서울특별시 동대문구 제기동,서울특별시 동대문구 고산자로36길 3 (제기동),판매시설,판매시설,1007131188,지번,1,False
1123010300101350086,서울특별시 동대문구 제기동,서울특별시 동대문구 제기로 15 (제기동),근린생활1,제1종근린생활시설,1007134528,지번,1,False
1123010200101190044,서울특별시 동대문구 용두동,서울특별시 동대문구 무학로32길 5 (용두동),근린생활2,제2종근린생활시설,1007112268,지번,1,False
1123010200101120001,서울특별시 동대문구 용두동,서울특별시 동대문구 왕산로 78 (용두동),근린생활1,제1종근린생활시설,10071100216612,지번,1,False
1123010300111230001,서울특별시 동대문구 제기동,서울특별시 동대문구 약령중앙로 10-3 (제기동),근린생활1,제1종근린생활시설,1007121036,지번,1,False
1123010300111230002,서울특별시 동대문구 제기동,서울특별시 동대문구 약령중앙로 12 (제기동),근린생활2,제2종근린생활시설,1007134032,지번,1,False
1123010300111410021,서울특별시 동대문구 제기동,서울특별시 동대문구 약령중앙로 27 (제기동),근린생활2,제2종근린생활시설,1007127316,지번,1,False
1123010300111580049,서울특별시 동대문구 제기동,서울특별시 동대문구 왕산로 87 (제기동),근린생활1,제1종근린생활시설,1007110906,지번,1,False
1123010200101300007,서울특별시 동대문구 용두동,서울특별시 동대문구 한빛로 78 (용두동),근린생활2,제2종근린생활시설,1007135761,지번,1,False
1123010300107190003,서울특별시 동대문구 제기동,서울특별시 동대문구 고산자로 503-1 (제기동),근린생활2,제1종근린생활시설,100712178,지번,2,False
1123010300107190003,서울특별시 동대문구 제기동,서울특별시 동대문구 고산자로 503-1 (제기동),근린생활2,제2종근린생활시설,100712180,지번,2,False
1123010200100450005,서울특별시 동대문구 용두동,서울특별시 동대문구 고산자로 415 (용두동),근린생활2,제2종근린생활시설,1007129854,지번,1,False
1123010300108920028,서울특별시 동대문구 제기동,서울특별시 동대문구 약령서길 58 (제기동),근린생활1,제1종근린생활시설,100717672,지번,1,False
1123010300101370160,서울특별시 동대문구 제기동,서울특별시 동대문구 제기로 5 (제기동),근린생활1,제1종근린생활시설,1007120112,지번,1,False
1123010200101020196,서울특별시 동대문구 용두동,서울특별시 동대문구 왕산로22길 11 (용두동),근린생활2,제2종근린생활시설,1007123088,지번,1,False
1123010200100390944,서울특별시 동대문구 용두동,서울특별시 동대문구 고산자로30길 28 (용두동),근린생활1,제1종근린생활시설,1007123946,지번,1,False
1123010300109260000,서울특별시 동대문구 제기동,서울특별시 동대문구 고산자로 470 (제기동),근린생활1,제1종근린생활시설,1007128534,지번,1,False
1123010300109300010,서울특별시 동대문구 제기동,서울특별시 동대문구 고산자로 477 (제기동),근린생활2,제2종근린생활시설,1007131023,지번,1,False
1123010300110540001,서울특별시 동대문구 제기동,서울특별시 동대문구 고산자로 441 (제기동),근린생활1,제1종근린생활시설,100715656,지번,1,False
1123010200101930078,서울특별시 동대문구 용두동,서울특별시 동대문구 무학로 189 (용두동),근린생활1,제1종근린생활시설,1007124986,지번,1,False
1123010300101370122,서울특별시 동대문구 제기동,서울특별시 동대문구 안암로 134-5 (제기동),근린생활1,제1종근린생활시설,1007120180,지번,1,False
1123010200102340035,서울특별시 동대문구 용두동,서울특별시 동대문구 천호대로13길 56 (용두동),근린생활1,제1종근린생활시설,1007112195,지번,1,False
1123010300108920012,서울특별시 동대문구 제기동,서울특별시 동대문구 약령서길 28 (제기동),근린생활1,제1종근린생활시설,1007132043,지번,1,False
1123010300108920011,서울특별시 동대문구 제기동,서울특별시 동대문구 약령서길 22 (제기동),근린생활1,제1종근린생활시설,1007110185,지번,1,False
1123010300108950003,서울특별시 동대문구 제기동,서울특별시 동대문구 약령시로14길 25 (제기동),근린생활1,제1종근린생활시설,1007111119,지번,1,False
1123010300107970001,서울특별시 동대문구 제기동,서울특별시 동대문구 약령시로13길 7 (제기동),근린생활2,제2종근린생활시설,1007134159,지번,1,False
1123010300106710002,서울특별시 동대문구 제기동,서울특별시 동대문구 제기로 43 (제기동),근린생활2,제2종근린생활시설,1007134008,지번,1,False
1123010700103110000,서울특별시 동대문구 청량리동,서울특별시 동대문구 홍릉로 20 (청량리동),근린생활2,제2종근린생활시설,1007117648,지번,1,False
1123010700103670001,서울특별시 동대문구 청량리동,서울특별시 동대문구 홍릉로 54 (청량리동),근린생활1,제1종근린생활시설,1007124803,지번,1,False
1123010400106200001,서울특별시 동대문구 전농동,서울특별시 동대문구 왕산로 194 (전농동),근린생활2,제2종근린생활시설,1007129425,지번,1,False
1123010300101220478,서울특별시 동대문구 제기동,서울특별시 동대문구 고산자로60길 39 (제기동),근린생활2,제2종근린생활시설,1007123898,지번,1,False
1123010200101120071,서울특별시 동대문구 용두동,서울특별시 동대문구 천호대로17길 59 (용두동),근린생활2,제2종근린생활시설,1007123188,지번,1,False
1123010300108990003,서울특별시 동대문구 제기동,,근린생활1,제1종근린생활시설,1007116290,지번,1,False
1123010300109300000,서울특별시 동대문구 제기동,서울특별시 동대문구 약령중앙로10길 16 (제기동),근린생활1,제1종근린생활시설,1007112947,지번,1,False
1123010300109540000,서울특별시 동대문구 제기동,,근린생활1,제1종근린생활시설,100715629,지번,3,False
1123010300109540000,서울특별시 동대문구 제기동,,근린생활1,제2종근린생활시설,100715630,지번,3,False
1123010300109540000,서울특별시 동대문구 제기동,,근린생활1,제1종근린생활시설,100715631,지번,3,False
1123010300111100000,서울특별시 동대문구 제기동,서울특별시 동대문구 약령중앙로4길 3 (제기동),근린생활1,창고시설,10071100214452,지번,1,False
1123010300111410005,서울특별시 동대문구 제기동,서울특별시 동대문구 약령중앙로 27-4 (제기동),근린생활1,제1종근린생활시설,1007130525,지번,1,False
1123010300109950010,서울특별시 동대문구 제기동,서울특별시 동대문구 고산자로36길 25 (제기동),근린생활2,제2종근린생활시설,1007128510,지번,1,False
1123010300110980002,서울특별시 동대문구 제기동,서울특별시 동대문구 약령중앙로 22 (제기동),근린생활1,제1종근린생활시설,1007129016,지번,1,False
1123010200100450006,서울특별시 동대문구 용두동,서울특별시 동대문구 고산자로31길 6 (용두동),근린생활1,제1종근린생활시설,1007114307,지번,1,False
1123010300109920034,서울특별시 동대문구 제기동,서울특별시 동대문구 경동시장로3길 18-1 (제기동),근린생활1,제1종근린생활시설,1007135712,지번,1,False
1123010300111410042,서울특별시 동대문구 제기동,서울특별시 동대문구 약령중앙로 23-1 (제기동),근린생활1,제1종근린생활시설,1007114195,지번,1,False
1123010300108890009,서울특별시 동대문구 제기동,서울특별시 동대문구 약령중앙로 43-1 (제기동),근린생활1,제1종근린생활시설,1007131968,지번,1,False
1123010300102520000,서울특별시 동대문구 제기동,서울특별시 동대문구 왕산로23길 89 (제기동),근린생활1,제1종근린생활시설,100714131,지번,5,False
1123010300107140024,서울특별시 동대문구 제기동,서울특별시 동대문구 고산자로 509 (제기동),근린생활2,제2종근린생활시설,100715591,지번,1,False
1123010300101370161,서울특별시 동대문구 제기동,서울특별시 동대문구 제기로 3-1 (제기동),근린생활1,제1종근린생활시설,1007134126,지번,1,False
1123010200101040002,서울특별시 동대문구 용두동,서울특별시 동대문구 왕산로 88 (용두동),근린생활1,숙박시설,1000000000000001950347,지번,1,False
1123010300111400030,서울특별시 동대문구 제기동,서울특별시 동대문구 약령중앙로 13 (제기동),근린생활1,제1종근린생활시설,1007131011,지번,1,False
1123010300108920003,서울특별시 동대문구 제기동,서울특별시 동대문구 약령서길 46 (제기동),근린생활1,공동주택,1000000000000005796537,지번,1,False
1123010200102310002,서울특별시 동대문구 용두동,서울특별시 동대문구 한빛로 66 (용두동),근린생활2,제2종근린생활시설,1007120479,지번,1,False
1123010300101370045,서울특별시 동대문구 제기동,서울특별시 동대문구 안암로 156 (제기동),근린생활2,제2종근린생활시설,1007119882,지번,1,False
1123010300101370016,서울특별시 동대문구 제기동,서울특별시 동대문구 안암로 162 (제기동),근린생활1,제1종근린생활시설,100714654,지번,2,False
1123010300101370016,서울특별시 동대문구 제기동,서울특별시 동대문구 안암로 162 (제기동),근린생활1,제1종근린생활시설,100714655,지번,2,False
1123010200102340045,서울특별시 동대문구 용두동,서울특별시 동대문구 무학로 129 (용두동),근린생활2,제2종근린생활시설,1007111681,지번,1,False
1123010300108920062,서울특별시 동대문구 제기동,서울특별시 동대문구 정릉천동로 112-9 (제기동),근린생활1,제1종근린생활시설,1007114751,지번,1,False
1123010200102340046,서울특별시 동대문구 용두동,서울특별시 동대문구 무학로 125-1 (용두동),근린생활1,제1종근린생활시설,1007132158,지번,1,False
1123010200101120029,서울특별시 동대문구 용두동,서울특별시 동대문구 무학로36길 16 (용두동),근린생활2,제2종근린생활시설,1007124876,지번,1,False
1123010300111410059,서울특별시 동대문구 제기동,서울특별시 동대문구 약령중앙로 19-1 (제기동),근린생활1,제1종근린생활시설,1007114843,지번,1,False
1123010300101420008,서울특별시 동대문구 제기동,서울특별시 동대문구 안암로 122 (제기동),근린생활2,제2종근린생활시설,1007117458,지번,1,False
1123010300111520009,서울특별시 동대문구 제기동,서울특별시 동대문구 안암로 80 (제기동),근린생활1,제1종근린생활시설,1007135981,지번,1,False
1123010300101370018,서울특별시 동대문구 제기동,서울특별시 동대문구 안암로 160-1 (제기동),근린생활2,제2종근린생활시설,1007127707,지번,1,False
1123010300101360148,서울특별시 동대문구 제기동,서울특별시 동대문구 제기로5길 35 (제기동),근린생활2,제2종근린생활시설,100717886,지번,1,False
1123010200102340049,서울특별시 동대문구 용두동,서울특별시 동대문구 무학로 125-6 (용두동),근린생활2,제2종근린생활시설,100716832,지번,1,False
1123010200100391041,서울특별시 동대문구 용두동,서울특별시 동대문구 왕산로32길 50 (용두동),근린생활2,제2종근린생활시설,1007127210,지번,1,False
1123010200100240001,서울특별시 동대문구 용두동,서울특별시 동대문구 왕산로 138-1 (용두동),근린생활2,제2종근린생활시설,1007110347,지번,1,False
1123010200100390167,서울특별시 동대문구 용두동,서울특별시 동대문구 답십리로8길 2 (용두동),근린생활1,제1종근린생활시설,1007135466,지번,1,False
1123010200102320024,서울특별시 동대문구 용두동,서울특별시 동대문구 왕산로 47 (용두동),근린생활2,제2종근린생활시설,1007118621,지번,1,False
1123010200100900002,서울특별시 동대문구 용두동,,근린생활1,제1종근린생활시설,100711836,지번,5,False
1123010200100900002,서울특별시 동대문구 용두동,,근린생활1,제1종근린생활시설,100711837,지번,5,False
1123010200100900002,서울특별시 동대문구 용두동,,근린생활1,제1종근린생활시설,100711838,지번,5,False
1123010200100900002,서울특별시 동대문구 용두동,서울특별시 동대문구 왕산로26길 12-8 (용두동),근린생활1,제2종근린생활시설,100711839,지번,5,False
1123010200100900002,서울특별시 동대문구 용두동,,근린생활1,제2종근린생활시설,100711840,지번,5,False
1123010300108890036,서울특별시 동대문구 제기동,서울특별시 동대문구 약령중앙로 35-4 (제기동),근린생활1,제1종근린생활시설,1007132817,지번,1,False
1123010300109920022,서울특별시 동대문구 제기동,서울특별시 동대문구 경동시장로3길 12 (제기동),근린생활2,제2종근린생활시설,1007133327,지번,1,False
1123010200100240014,서울특별시 동대문구 용두동,서울특별시 동대문구 고산자로 426 (용두동),근린생활1,제1종근린생활시설,1007122658,지번,1,False
1123010300110250000,서울특별시 동대문구 제기동,서울특별시 동대문구 약령시로14길 54 (제기동),근린생활1,제1종근린생활시설,1007136496,지번,1,False
1123010300108380023,서울특별시 동대문구 제기동,서울특별시 동대문구 약령시로 92-1 (제기동),근린생활1,제1종근린생활시설,100715412,지번,1,False
1123010300110690000,서울특별시 동대문구 제기동,서울특별시 동대문구 약령동길 40 (제기동),근린생활1,제2종근린생활시설,10071100243053,지번,1,False
1123010300109500002,서울특별시 동대문구 제기동,서울특별시 동대문구 약령중앙로10길 3 (제기동),근린생활1,제1종근린생활시설,1007122683,지번,1,False
1123010300109500000,서울특별시 동대문구 제기동,서울특별시 동대문구 약령중앙로 50 (제기동),근린생활1,제1종근린생활시설,1007126191,지번,1,False
1123010300109800001,서울특별시 동대문구 제기동,서울특별시 동대문구 약령중앙로6길 7-2 (제기동),근린생활2,제2종근린생활시설,100715636,지번,1,False
1123010300109860001,서울특별시 동대문구 제기동,서울특별시 동대문구 약령중앙로 34-6 (제기동),근린생활1,제1종근린생활시설,1007133082,지번,1,False
1123010300111410025,서울특별시 동대문구 제기동,서울특별시 동대문구 약령중앙로 25-14 (제기동),근린생활1,제1종근린생활시설,1007127180,지번,1,False
1123010300108900033,서울특별시 동대문구 제기동,서울특별시 동대문구 약령중앙로 29 (제기동),근린생활1,제1종근린생활시설,1007118950,지번,1,False
1123010300108180003,서울특별시 동대문구 제기동,서울특별시 동대문구 약령시로 73-1 (제기동),근린생활1,제1종근린생활시설,1007114664,지번,1,False
1123010300111400032,서울특별시 동대문구 제기동,서울특별시 동대문구 약령중앙로 11 (제기동),근린생활1,제1종근린생활시설,1007134457,지번,1,False
1123010200102310011,서울특별시 동대문구 용두동,서울특별시 동대문구 무학로37길 9 (용두동),근린생활1,제1종근린생활시설,100715807,지번,2,False
1123010200102310011,서울특별시 동대문구 용두동,서울특별시 동대문구 무학로37길 9 (용두동),근린생활1,제2종근린생활시설,100715808,지번,2,False
1123010200106890091,서울특별시 동대문구 용두동,서울특별시 동대문구 왕산로 114 (용두동),근린생활1,제1종근린생활시설,1007134006,지번,1,False
1123010200100390729,서울특별시 동대문구 용두동,서울특별시 동대문구 왕산로32길 95 (용두동),근린생활1,단독주택,10071100228833,지번,1,False
1123010200101440010,서울특별시 동대문구 용두동,서울특별시 동대문구 왕산로 79-2 (용두동),근린생활2,제2종근린생활시설,1007120720,지번,1,False
1123010300111070000,서울특별시 동대문구 제기동,서울특별시 동대문구 약령중앙로 24-12 (제기동),근린생활1,제1종근린생활시설,1007115627,지번,1,False
1123010300110130000,서울특별시 동대문구 제기동,서울특별시 동대문구 왕산로29길 4 (제기동),근린생활2,제2종근린생활시설,1007133074,지번,1,False
1123010300111400028,서울특별시 동대문구 제기동,서울특별시 동대문구 약령중앙로 13-1 (제기동),근린생활1,제1종근린생활시설,1007131805,지번,1,False
1123010300111580031,서울특별시 동대문구 제기동,서울특별시 동대문구 왕산로19다길 11 (제기동),판매시설,판매시설,100719226,지번,1,False
1123010300107970005,서울특별시 동대문구 제기동,서울특별시 동대문구 약령시로13길 1 (제기동),근린생활2,제2종근린생활시설,1007114520,지번,1,False
1123010300111410054,서울특별시 동대문구 제기동,서울특별시 동대문구 약령중앙로 19-9 (제기동),근린생활1,제1종근린생활시설,1007130044,지번,1,False
1123010300111400017,서울특별시 동대문구 제기동,서울특별시 동대문구 약령중앙로 19-5 (제기동),근린생활1,제1종근린생활시설,1007122886,지번,1,False
1123010300101480064,서울특별시 동대문구 제기동,서울특별시 동대문구 무학로 192 (제기동),근린생활1,제1종근린생활시설,1007126602,지번,1,False
1123010200101300017,서울특별시 동대문구 용두동,서울특별시 동대문구 무학로 156 (용두동),근린생활1,제1종근린생활시설,1007133562,지번,1,False
1123010300101460020,서울특별시 동대문구 제기동,서울특별시 동대문구 안암로 104 (제기동),근린생활1,제1종근린생활시설,1007120964,지번,1,False
1123010300109650001,서울특별시 동대문구 제기동,서울특별시 동대문구 약령중앙로8길 10 (제기동),근린생활1,제1종근린생활시설,1007122608,지번,1,False
1123010300111420005,서울특별시 동대문구 제기동,서울특별시 동대문구 회기로 30 (제기동),근린생활2,제2종근린생활시설,1007113821,지번,1,False
1123010200107280002,서울특별시 동대문구 용두동,서울특별시 동대문구 안암로 62 (용두동),근린생활2,제2종근린생활시설,1007117108,지번,1,False
1123010300101710012,서울특별시 동대문구 제기동,서울특별시 동대문구 무학로44길 51 (제기동),근린생활1,제1종근린생활시설,1007121095,지번,1,False
1123010300100670195,서울특별시 동대문구 제기동,서울특별시 동대문구 제기로2길 31 (제기동),근린생활2,제2종근린생활시설,1007126883,지번,1,False
1123010300101370425,서울특별시 동대문구 제기동,서울특별시 동대문구 안암로 148 (제기동),근린생활1,제1종근린생활시설,1007124550,지번,1,False
1123010300101370426,서울특별시 동대문구 제기동,서울특별시 동대문구 안암로 146-1 (제기동),근린생활1,제1종근린생활시설,1007131814,지번,1,False
1123010200107110013,서울특별시 동대문구 용두동,서울특별시 동대문구 왕산로 112-12 (용두동),근린생활1,제1종근린생활시설,100711794,지번,2,False
1123010200100240012,서울특별시 동대문구 용두동,서울특별시 동대문구 왕산로28길 10 (용두동),근린생활1,제1종근린생활시설,100718495,지번,1,False
1123010300109890004,서울특별시 동대문구 제기동,서울특별시 동대문구 고산자로38길 19 (제기동),근린생활1,제1종근린생활시설,1007136396,지번,1,False
1123010300108430000,서울특별시 동대문구 제기동,서울특별시 동대문구 약령시로14길 7 (제기동),근린생활1,단독주택,1007124543,지번,1,False
1123010300111400035,서울특별시 동대문구 제기동,서울특별시 동대문구 약령중앙로 7 (제기동),근린생활1,제1종근린생활시설,1007117018,지번,1,False
1123010300108870125,서울특별시 동대문구 제기동,서울특별시 동대문구 약령중앙로 47-1 (제기동),근린생활1,제1종근린생활시설,1007118406,지번,1,False
1123010300109170001,서울특별시 동대문구 제기동,서울특별시 동대문구 고산자로40길 5 (제기동),근린생활1,단독주택,1007121914,지번,1,False
1123010300108890033,서울특별시 동대문구 제기동,서울특별시 동대문구 약령중앙로 35-1 (제기동),근린생활1,제1종근린생활시설,1007111000,지번,1,False
1123010200101870009,서울특별시 동대문구 용두동,,근린생활2,단독주택,100711710,본번,1,False
1123010300101350084,서울특별시 동대문구 제기동,서울특별시 동대문구 제기로 17 (제기동),근린생활2,제2종근린생활시설,1007134455,지번,1,False
1123010300111150007,서울특별시 동대문구 제기동,서울특별시 동대문구 약령중앙로4길 10-2 (제기동),근린생활1,제1종근린생활시설,1007136811,지번,1,False
1123010300101370422,서울특별시 동대문구 제기동,서울특별시 동대문구 안암로 150-1 (제기동),근린생활1,제1종근린생활시설,1007123832,지번,1,False
1123010300109920036,서울특별시 동대문구 제기동,서울특별시 동대문구 왕산로29길 26 (제기동),근린생활1,제1종근린생활시설,1007121316,지번,1,False
1123010300111180001,서울특별시 동대문구 제기동,서울특별시 동대문구 약령중앙로 14-11 (제기동),근린생활1,제1종근린생활시설,1007124019,지번,1,False
1123010200106890019,서울특별시 동대문구 용두동,서울특별시 동대문구 왕산로 112 (용두동),근린생활2,제2종근린생활시설,1007123277,지번,1,False
1123010300109920035,서울특별시 동대문구 제기동,서울특별시 동대문구 왕산로29길 24 (제기동),근린생활1,제1종근린생활시설,1007119394,지번,1,False
1123010300108900001,서울특별시 동대문구 제기동,서울특별시 동대문구 약령중앙로 33 (제기동),근린생활1,제1종근린생활시설,1007129817,지번,1,False
1123010300101370130,서울특별시 동대문구 제기동,서울특별시 동대문구 안암로 132 (제기동),근린생활2,제2종근린생활시설,1007115886,지번,1,False
1123010200102360028,서울특별시 동대문구 용두동,서울특별시 동대문구 천호대로13길 53 (용두동),근린생활2,제2종근린생활시설,1007128657,지번,1,False
1123010300111520004,서울특별시 동대문구 제기동,서울특별시 동대문구 안암로 82 (제기동),근린생활1,제1종근린생활시설,1007114173,지번,1,False
1123010300101370201,서울특별시 동대문구 제기동,서울특별시 동대문구 고산자로 549 (제기동),근린생활1,제1종근린생활시설,1007128800,지번,1,False
1123010300111490016,서울특별시 동대문구 제기동,서울특별시 동대문구 회기로2길 2 (제기동),근린생활2,제2종근린생활시설,1007115743,지번,1,False
1123010200102340030,서울특별시 동대문구 용두동,서울특별시 동대문구 무학로 137 (용두동),근린생활1,제1종근린생활시설,1007121756,지번,1,False
1123010200100390728,서울특별시 동대문구 용두동,서울특별시 동대문구 왕산로32길 99 (용두동),근린생활1,제1종근린생활시설,1007118723,지번,1,False
1123010300110460001,서울특별시 동대문구 제기동,서울특별시 동대문구 고산자로36길 4 (제기동),근린생활1,제1종근린생활시설,100718704,지번,1,False
1123010300111580041,서울특별시 동대문구 제기동,서울특별시 동대문구 왕산로19나길 11 (제기동),근린생활2,제2종근린생활시설,1007127376,지번,1,False
1123010200107270004,서울특별시 동대문구 용두동,서울특별시 동대문구 안암로 66 (용두동),근린생활2,제2종근린생활시설,1007117373,지번,1,False
1123010300107760012,서울특별시 동대문구 제기동,서울특별시 동대문구 고산자로 498 (제기동),근린생활2,제2종근린생활시설,1007131695,지번,1,False
1123010300101360230,서울특별시 동대문구 제기동,서울특별시 동대문구 고산자로 557 (제기동),근린생활2,제2종근린생활시설,1007132574,지번,1,False
1123010300101360054,서울특별시 동대문구 제기동,서울특별시 동대문구 고산자로 564 (제기동),근린생활1,제1종근린생활시설,1007133557,지번,1,False
1123010200107920002,서울특별시 동대문구 용두동,서울특별시 동대문구 고산자로31길 25 (용두동),근린생활2,제2종근린생활시설,10071100187733,지번,1,False
1123010300108890018,서울특별시 동대문구 제기동,서울특별시 동대문구 약령중앙로 39 (제기동),근린생활1,제2종근린생활시설,10071100210193,지번,1,False
1123010300108920017,서울특별시 동대문구 제기동,서울특별시 동대문구 약령서길 70 (제기동),근린생활1,제1종근린생활시설,1007132022,지번,1,False
1123010300109630000,서울특별시 동대문구 제기동,서울특별시 동대문구 약령중앙로 42 (제기동),근린생활2,제2종근린생활시설,1007135108,지번,1,False
1123010700106540000,서울특별시 동대문구 청량리동,서울특별시 동대문구 홍릉로 41-1 (청량리동),근린생활2,제2종근린생활시설,1007125117,지번,1,False
1123010200100270022,서울특별시 동대문구 용두동,서울특별시 동대문구 고산자로32길 18 (용두동),근린생활1,제1종근린생활시설,10071100189557,지번,1,False
1123010300100670300,서울특별시 동대문구 제기동,서울특별시 동대문구 약령시로3길 50-1 (제기동),근린생활2,제2종근린생활시설,100718585,지번,1,False
1123010300101710005,서울특별시 동대문구 제기동,서울특별시 동대문구 무학로44길 53 (제기동),근린생활1,제1종근린생활시설,1007123068,지번,1,False
1123010300100670209,서울특별시 동대문구 제기동,서울특별시 동대문구 안암로 116-1 (제기동),근린생활1,제1종근린생활시설,1007129565,지번,1,False
1123010300108930001,서울특별시 동대문구 제기동,서울특별시 동대문구 약령시로14길 13 (제기동),근린생활2,제2종근린생활시설,1007110780,지번,1,False
1123010300108420000,서울특별시 동대문구 제기동,서울특별시 동대문구 고산자로44길 11 (제기동),근린생활1,단독주택,1007131486,지번,1,False
1123010300109380000,서울특별시 동대문구 제기동,서울특별시 동대문구 약령중앙로6길 15 (제기동),근린생활1,제1종근린생활시설,1007111435,지번,1,False
1123010300111200001,서울특별시 동대문구 제기동,서울특별시 동대문구 약령중앙로 14-12 (제기동),근린생활1,제1종근린생활시설,100712250,지번,1,False
1123010300111240000,서울특별시 동대문구 제기동,서울특별시 동대문구 약령중앙로 10-7 (제기동),근린생활1,제1종근린생활시설,100712247,지번,1,False
1123010300108870142,서울특별시 동대문구 제기동,서울특별시 동대문구 약령서길 96 (제기동),근린생활2,제2종근린생활시설,1007122343,지번,1,False
1123010300109000005,서울특별시 동대문구 제기동,서울특별시 동대문구 약령시로14길 12 (제기동),근린생활1,제1종근린생활시설,1007134801,지번,1,False
1123010300110240000,서울특별시 동대문구 제기동,서울특별시 동대문구 약령시로14길 52 (제기동),근린생활1,제1종근린생활시설,1007131963,지번,1,False
1123010300107190002,서울특별시 동대문구 제기동,서울특별시 동대문구 고산자로 503-2 (제기동),근린생활1,제1종근린생활시설,100712179,지번,1,False
1123010200100450007,서울특별시 동대문구 용두동,서울특별시 동대문구 천호대로27길 62 (용두동),근린생활1,제1종근린생활시설,1007135485,지번,1,False
1123010200101930058,서울특별시 동대문구 용두동,서울특별시 동대문구 무학로 188-1 (용두동),근린생활1,제1종근린생활시설,1007119472,지번,1,False
1123010300101360050,서울특별시 동대문구 제기동,서울특별시 동대문구 고산자로 560 (제기동),근린생활2,제2종근린생활시설,1007127451,지번,1,False
1123010300101370144,서울특별시 동대문구 제기동,서울특별시 동대문구 제기로 7-1 (제기동),근린생활2,제2종근린생활시설,100714728,지번,3,False
1123010200100200015,서울특별시 동대문구 용두동,서울특별시 동대문구 고산자로34길 24 (용두동),근린생활1,제1종근린생활시설,1007135841,지번,1,False
1123010300108920045,서울특별시 동대문구 제기동,서울특별시 동대문구 약령서길 40 (제기동),근린생활1,제1종근린생활시설,1007135889,지번,1,False
1123010200102360009,서울특별시 동대문구 용두동,서울특별시 동대문구 무학로35길 32 (용두동),근린생활1,제1종근린생활시설,1007122068,지번,1,False
1123010300109920037,서울특별시 동대문구 제기동,서울특별시 동대문구 고산자로38길 18 (제기동),근린생활1,제1종근린생활시설,1007128208,지번,1,False
1123010300109640002,서울특별시 동대문구 제기동,서울특별시 동대문구 약령중앙로 42-2 (제기동),근린생활2,제2종근린생활시설,1007116270,지번,1,False
1123010200101930060,서울특별시 동대문구 용두동,서울특별시 동대문구 무학로 186 (용두동),근린생활1,제1종근린생활시설,1007122725,지번,1,False
1123010300100660004,서울특별시 동대문구 제기동,서울특별시 동대문구 약령시로9길 23 (제기동),근린생활1,제1종근린생활시설,1007130580,지번,1,False
1123010300111440003,서울특별시 동대문구 제기동,서울특별시 동대문구 회기로 24 (제기동),근린생활2,제2종근린생활시설,1007132571,지번,1,False
1123010200102330011,서울특별시 동대문구 용두동,서울특별시 동대문구 왕산로11길 11 (용두동),근린생활1,제1종근린생활시설,1007135246,지번,1,False
1123010300111150015,서울특별시 동대문구 제기동,서울특별시 동대문구 약령중앙로 18 (제기동),근린생활1,제1종근린생활시설,1007131950,지번,1,False
1123010200101190037,서울특별시 동대문구 용두동,서울특별시 동대문구 무학로 134 (용두동),근린생활1,제1종근린생활시설,100717199,지번,1,False
1123010300111340000,서울특별시 동대문구 제기동,서울특별시 동대문구 약령중앙로2길 2 (제기동),근린생활2,제2종근린생활시설,1007111152,지번,1,False
1123010200101930017,서울특별시 동대문구 용두동,서울특별시 동대문구 무학로44길 8 (용두동),근린생활1,제1종근린생활시설,1007123477,지번,1,False
1123010200107270002,서울특별시 동대문구 용두동,서울특별시 동대문구 안암로 68 (용두동),근린생활1,제1종근린생활시설,1007132341,지번,1,False
1123010300101460047,서울특별시 동대문구 제기동,서울특별시 동대문구 안암로 108 (제기동),근린생활1,제1종근린생활시설,1007114399,지번,1,False
1123010200101180112,서울특별시 동대문구 용두동,서울특별시 동대문구 무학로34길 16 (용두동),근린생활2,제2종근린생활시설,1007136521,지번,1,False
1123010700104450032,서울특별시 동대문구 청량리동,서울특별시 동대문구 홍릉로 70 (청량리동),근린생활1,제1종근린생활시설,1007111668,지번,1,False
1123010200102310005,서울특별시 동대문구 용두동,서울특별시 동대문구 무학로37길 12 (용두동),판매시설,판매시설,1007116994,지번,1,False
1123010200101190034,서울특별시 동대문구 용두동,서울특별시 동대문구 무학로34길 4-1 (용두동),근린생활1,제1종근린생활시설,1007135953,지번,1,False
1123010300108890021,서울특별시 동대문구 제기동,서울특별시 동대문구 약령중앙로 37-2 (제기동),근린생활1,제1종근린생활시설,100718584,지번,1,False
1123010300107150002,서울특별시 동대문구 제기동,서울특별시 동대문구 약령동길 163 (제기동),근린생활2,제2종근린생활시설,100711563,지번,1,False
1123010300107570005,서울특별시 동대문구 제기동,서울특별시 동대문구 경동시장로15길 11 (제기동),근린생활2,제2종근린생활시설,10071100194163,지번,1,False
1123010300107480002,서울특별시 동대문구 제기동,서울특별시 동대문구 고산자로48길 12 (제기동),근린생활1,제1종근린생활시설,1007129439,지번,1,False
1123010300108960010,서울특별시 동대문구 제기동,서울특별시 동대문구 경동시장로9길 16 (제기동),근린생활1,제1종근린생활시설,1007134132,지번,1,False
1123010200100240013,서울특별시 동대문구 용두동,서울특별시 동대문구 고산자로34길 7 (용두동),근린생활1,제1종근린생활시설,100711649,지번,2,False
1123010200100240013,서울특별시 동대문구 용두동,서울특별시 동대문구 고산자로34길 5 (용두동),근린생활1,제1종근린생활시설,100711650,지번,2,False
1123010300110230000,서울특별시 동대문구 제기동,서울특별시 동대문구 약령시로14길 50 (제기동),근린생활1,제1종근린생활시설,1007127750,지번,1,False
1123010300108380010,서울특별시 동대문구 제기동,서울특별시 동대문구 약령시로 88-1 (제기동),근린생활1,제1종근린생활시설,1007131979,지번,1,False
1123010300108380020,서울특별시 동대문구 제기동,서울특별시 동대문구 약령시로 86-1 (제기동),근린생활1,제1종근린생활시설,100712196,지번,1,False
1123010300109450000,서울특별시 동대문구 제기동,서울특별시 동대문구 약령시로 72 (제기동),근린생활1,제1종근린생활시설,1007122155,지번,1,False
1123010200100230026,서울특별시 동대문구 용두동,서울특별시 동대문구 왕산로28길 5 (용두동),근린생활1,제1종근린생활시설,100718446,지번,1,False
1123010200107390001,서울특별시 동대문구 용두동,서울특별시 동대문구 안암로16길 14 (용두동),근린생활2,제2종근린생활시설,1007125428,지번,1,False
1123010200101870057,서울특별시 동대문구 용두동,,근린생활2,단독주택,100711710,본번,1,False
1123010300101460011,서울특별시 동대문구 제기동,서울특별시 동대문구 안암로 102 (제기동),근린생활2,제2종근린생활시설,1007135106,지번,1,False
1123010300101480017,서울특별시 동대문구 제기동,서울특별시 동대문구 약령시로 10 (제기동),근린생활1,제1종근린생활시설,1007113609,지번,1,False
1123010300101480018,서울특별시 동대문구 제기동,서울특별시 동대문구 약령시로 8-1 (제기동),근린생활1,제1종근린생활시설,1007118017,지번,1,False
1123010300111480010,서울특별시 동대문구 제기동,서울특별시 동대문구 회기로4길 16 (제기동),근린생활2,제2종근린생활시설,1007135154,지번,1,False
1123010200107500012,서울특별시 동대문구 용두동,서울특별시 동대문구 안암로14길 25 (용두동),근린생활2,제2종근린생활시설,1007129266,지번,1,False
1123010300101460035,서울특별시 동대문구 제기동,서울특별시 동대문구 안암로 106 (제기동),근린생활2,제2종근린생활시설,10071100229544,지번,1,False
1123010200107380002,서울특별시 동대문구 용두동,서울특별시 동대문구 무학로47길 10 (용두동),근린생활2,제2종근린생활시설,1007116736,지번,1,False
1123010300101820025,서울특별시 동대문구 제기동,서울특별시 동대문구 약령시로 34 (제기동),근린생활1,제1종근린생활시설,1007135253,지번,1,False
1123010300109250000,서울특별시 동대문구 제기동,서울특별시 동대문구 고산자로42길 4 (제기동),근린생활1,제1종근린생활시설,1007135204,지번,1,False
1123010200102320018,서울특별시 동대문구 용두동,서울특별시 동대문구 무학로37길 19 (용두동),근린생활2,제2종근린생활시설,10071100182689,지번,1,False
1123010300109610002,서울특별시 동대문구 제기동,서울특별시 동대문구 약령중앙로8길 5 (제기동),근린생활1,제1종근린생활시설,100715425,지번,2,False
1123010300109610002,서울특별시 동대문구 제기동,서울특별시 동대문구 약령중앙로8길 5 (제기동),근린생활1,제2종근린생활시설,100715426,지번,2,False
1123010300108870188,서울특별시 동대문구 제기동,서울특별시 동대문구 약령서길 82 (제기동),근린생활2,제2종근린생활시설,10071100188917,지번,1,False
1123010300109410000,서울특별시 동대문구 제기동,서울특별시 동대문구 약령동길 64 (제기동),근린생활1,제1종근린생활시설,1007133397,지번,1,False
1123010300109440005,서울특별시 동대문구 제기동,서울특별시 동대문구 고산자로 463-1 (제기동),근린생활1,제1종근린생활시설,1007113876,지번,1,False
1123010300109440004,서울특별시 동대문구 제기동,서울특별시 동대문구 고산자로 465 (제기동),근린생활1,제1종근린생활시설,1007127017,지번,1,False
1123010300101370003,서울특별시 동대문구 제기동,서울특별시 동대문구 안암로24길 16 (제기동),근린생활1,제1종근린생활시설,1007130830,지번,1,False
1123010700104910000,서울특별시 동대문구 청량리동,서울특별시 동대문구 제기로 91 (청량리동),근린생활2,제2종근린생활시설,1007127426,지번,1,False
1123010300111580036,서울특별시 동대문구 제기동,서울특별시 동대문구 왕산로19라길 13 (제기동),근린생활2,제2종근린생활시설,10071100189597,지번,1,False
1123010300107100000,서울특별시 동대문구 제기동,서울특별시 동대문구 약령중앙로 85-1 (제기동),근린생활1,제1종근린생활시설,1007111317,지번,1,False
1123010300108590030,서울특별시 동대문구 제기동,서울특별시 동대문구 정릉천동로 154 (제기동),근린생활1,제1종근린생활시설,1007125269,지번,1,False
1123010200102380044,서울특별시 동대문구 용두동,서울특별시 동대문구 천호대로13길 25-15 (용두동),근린생활1,제1종근린생활시설,1007133833,지번,1,False
1123010300108870057,서울특별시 동대문구 제기동,서울특별시 동대문구 약령서길 118-14 (제기동),근린생활2,제2종근린생활시설,1007110883,지번,1,False
1123010100100920090,서울특별시 동대문구 신설동,서울특별시 동대문구 왕산로 36 (신설동),근린생활1,제1종근린생활시설,1007128722,지번,1,False
1123010200102200012,서울특별시 동대문구 용두동,서울특별시 동대문구 왕산로9길 19 (용두동),근린생활1,제1종근린생활시설,10071100184833,지번,1,False
1123010100100920094,서울특별시 동대문구 신설동,서울특별시 동대문구 천호대로7길 53 (신설동),근린생활2,제2종근린생활시설,1007112095,지번,1,False
1123010200102200020,서울특별시 동대문구 용두동,서울특별시 동대문구 왕산로9길 15 (용두동),근린생활2,제2종근린생활시설,1007119122,지번,1,False
1123010200107370020,서울특별시 동대문구 용두동,서울특별시 동대문구 무학로45길 44 (용두동),근린생활2,제2종근린생활시설,1007114847,지번,1,False
1123010200107830000,서울특별시 동대문구 용두동,서울특별시 동대문구 왕산로9길 23 (용두동),근린생활2,제2종근린생활시설,1007115782,지번,1,False
1123010700106860000,서울특별시 동대문구 청량리동,서울특별시 동대문구 약령시로17길 4 (청량리동),근린생활1,제1종근린생활시설,1007114992,지번,1,False
1123010200101020203,서울특별시 동대문구 용두동,서울특별시 동대문구 무학로34길 56 (용두동),근린생활2,제2종근린생활시설,1007117445,지번,1,False
1123010300108870123,서울특별시 동대문구 제기동,서울특별시 동대문구 약령서길 98-7 (제기동),근린생활1,제1종근린생활시설,100718744,지번,1,False
1123010300106790000,서울특별시 동대문구 제기동,서울특별시 동대문구 경동시장로 77 (제기동),근린생활1,제1종근린생활시설,100715538,지번,8,False
1123010300106790000,서울특별시 동대문구 제기동,,근린생활1,제1종근린생활시설,100715539,지번,8,False
1123010200101120095,서울특별시 동대문구 용두동,서울특별시 동대문구 왕산로16길 27-12 (용두동),근린생활2,제2종근린생활시설,1007133085,지번,1,False
1123010300109670003,서울특별시 동대문구 제기동,서울특별시 동대문구 약령중앙로 34-7 (제기동),근린생활1,제1종근린생활시설,100714067,지번,1,False
1123010300111150003,서울특별시 동대문구 제기동,서울특별시 동대문구 약령중앙로4길 12 (제기동),근린생활1,제1종근린생활시설,1007124496,지번,1,False
1123010200102330026,서울특별시 동대문구 용두동,서울특별시 동대문구 왕산로 41 (용두동),근린생활2,제2종근린생활시설,1007114372,지번,1,False
1123010200102230049,서울특별시 동대문구 용두동,서울특별시 동대문구 한빛로 48-2 (용두동),근린생활1,제1종근린생활시설,1007128348,지번,1,False
1123010200102360059,서울특별시 동대문구 용두동,서울특별시 동대문구 왕산로 42 (용두동),근린생활2,제2종근린생활시설,100716758,지번,1,False
1123010200102340015,서울특별시 동대문구 용두동,서울특별시 동대문구 무학로 139-4 (용두동),근린생활2,제2종근린생활시설,1007134652,지번,1,False
1123010300108790000,서울특별시 동대문구 제기동,서울특별시 동대문구 정릉천동로 144 (제기동),근린생활2,단독주택,10071100217972,지번,1,False
1123010200100200066,서울특별시 동대문구 용두동,,근린생활1,제1종근린생활시설,100711391,지번,7,False
1123010200100260024,서울특별시 동대문구 용두동,서울특별시 동대문구 고산자로34가길 6-1 (용두동),근린생활1,제1종근린생활시설,100711423,지번,2,False
1123010200100260024,서울특별시 동대문구 용두동,서울특별시 동대문구 고산자로34가길 8-1 (용두동),근린생활1,제2종근린생활시설,100711424,지번,2,False
1123010300111400016,서울특별시 동대문구 제기동,서울특별시 동대문구 약령중앙로 17-4 (제기동),근린생활1,창고시설,10071100237952,지번,1,False
1123010300108890028,서울특별시 동대문구 제기동,서울특별시 동대문구 약령중앙로 37-5 (제기동),근린생활1,제1종근린생활시설,1007120206,지번,1,False
1123010300108890023,서울특별시 동대문구 제기동,서울특별시 동대문구 약령중앙로 37-8 (제기동),근린생활1,제1종근린생활시설,1007112476,지번,1,False
1123010300108870145,서울특별시 동대문구 제기동,서울특별시 동대문구 약령서길 92-13 (제기동),근린생활1,제1종근린생활시설,1007116490,지번,1,False
1123010300111400025,서울특별시 동대문구 제기동,서울특별시 동대문구 약령중앙로 13-2 (제기동),근린생활1,제1종근린생활시설,100717809,지번,1,False
1123010300108900013,서울특별시 동대문구 제기동,서울특별시 동대문구 약령중앙로 31-16 (제기동),근린생활2,제2종근린생활시설,1007120551,지번,1,False
1123010200100230008,서울특별시 동대문구 용두동,서울특별시 동대문구 왕산로 142-2 (용두동),근린생활1,제1종근린생활시설,1007116618,지번,1,False
1123010300111250004,서울특별시 동대문구 제기동,서울특별시 동대문구 약령중앙로 10-20 (제기동),근린생활1,제1종근린생활시설,100712253,지번,1,False
1123010300108890032,서울특별시 동대문구 제기동,서울특별시 동대문구 약령중앙로 37-1 (제기동),근린생활1,제1종근린생활시설,1007136865,지번,1,False
1123010300111580030,서울특별시 동대문구 제기동,서울특별시 동대문구 왕산로19다길 15 (제기동),근린생활2,공동주택,10071100208705,지번,2,True
1123010300111580030,서울특별시 동대문구 제기동,서울특별시 동대문구 왕산로19다길 15 (제기동),근린생활2,공동주택,10071100208715,지번,2,True
1123010300108870136,서울특별시 동대문구 제기동,서울특별시 동대문구 약령중앙로 47 (제기동),근린생활1,제1종근린생활시설,100716663,지번,1,False
1123010200102380032,서울특별시 동대문구 용두동,서울특별시 동대문구 천호대로13길 29 (용두동),근린생활1,제1종근린생활시설,1007119077,지번,1,False
1123010300111410056,서울특별시 동대문구 제기동,서울특별시 동대문구 약령중앙로 19-7 (제기동),근린생활1,제1종근린생활시설,1007125326,지번,1,False
1123010100100920116,서울특별시 동대문구 신설동,서울특별시 동대문구 천호대로7길 33 (신설동),근린생활1,제1종근린생활시설,100712477,지번,3,False
1123010100100920116,서울특별시 동대문구 신설동,서울특별시 동대문구 천호대로7길 33 (신설동),근린생활1,제1종근린생활시설,100712479,지번,3,False
1123010200107220004,서울특별시 동대문구 용두동,서울특별시 동대문구 안암로 24-1 (용두동),근린생활1,제1종근린생활시설,1007116833,지번,1,False
1123010200102330022,서울특별시 동대문구 용두동,서울특별시 동대문구 왕산로9길 8 (용두동),근린생활2,제2종근린생활시설,1007110331,지번,1,False
1123011000101080021,서울특별시 동대문구 이문동,서울특별시 동대문구 한천로 423-1 (이문동),근린생활1,제1종근린생활시설,1007118619,지번,1,False
1123010200107090027,서울특별시 동대문구 용두동,서울특별시 동대문구 왕산로26길 6-5 (용두동),근린생활1,제1종근린생활시설,1007128234,지번,1,False
1123010300108900021,서울특별시 동대문구 제기동,서울특별시 동대문구 약령중앙로 31-6 (제기동),근린생활1,제1종근린생활시설,1007115715,지번,1,False
1123010200101020035,서울특별시 동대문구 용두동,서울특별시 동대문구 천호대로23길 19-1 (용두동),근린생활1,제1종근린생활시설,1007119650,지번,1,False
1123010200101900010,서울특별시 동대문구 용두동,서울특별시 동대문구 무학로 180 (용두동),근린생활1,제1종근린생활시설,1007116842,지번,1,False
1123010300108900022,서울특별시 동대문구 제기동,서울특별시 동대문구 약령중앙로 31-8 (제기동),근린생활1,제1종근린생활시설,1007136664,지번,1,False
1123010200107090020,서울특별시 동대문구 용두동,서울특별시 동대문구 왕산로26길 6-8 (용두동),근린생활2,단독주택,1007118836,지번,1,False
1123010300101360233,서울특별시 동대문구 제기동,서울특별시 동대문구 안암로26길 9 (제기동),근린생활2,제2종근린생활시설,1007136346,지번,1,False
1123010300100670029,서울특별시 동대문구 제기동,서울특별시 동대문구 제기로4길 14 (제기동),근린생활1,공동주택,10071100234892,지번,1,False
1123010300101370065,서울특별시 동대문구 제기동,서울특별시 동대문구 안암로20길 7-15 (제기동),근린생활1,제1종근린생활시설,1007135237,지번,1,False
1123010200101120005,서울특별시 동대문구 용두동,서울특별시 동대문구 왕산로 74-1 (용두동),근린생활1,제1종근린생활시설,1007127188,지번,1,False
1123010300111580046,서울특별시 동대문구 제기동,서울특별시 동대문구 왕산로19라길 12 (제기동),근린생활2,제2종근린생활시설,1007111164,지번,1,False
1123010200101300020,서울특별시 동대문구 용두동,서울특별시 동대문구 한빛로 76 (용두동),근린생활1,제1종근린생활시설,1007115818,지번,1,False
1123010300107740000,서울특별시 동대문구 제기동,,근린생활2,제1종근린생활시설,100711548,지번,13,False
1123010300107740000,서울특별시 동대문구 제기동,서울특별시 동대문구 고산자로46길 22 (제기동),근린생활2,제2종근린생활시설,100711552,지번,13,False
1123010200107260010,서울특별시 동대문구 용두동,서울특별시 동대문구 무학로 197 (용두동),근린생활1,제1종근린생활시설,1007115731,지번,1,False
1123010300108900020,서울특별시 동대문구 제기동,서울특별시 동대문구 약령중앙로 31-4 (제기동),근린생활1,제1종근린생활시설,1007126900,지번,1,False
1123010200100240011,서울특별시 동대문구 용두동,서울특별시 동대문구 왕산로28길 10 (용두동),근린생활2,제2종근린생활시설,1007125286,지번,1,False
1123010200101870012,서울특별시 동대문구 용두동,,근린생활2,단독주택,100711710,본번,1,False
1123010900102760040,서울특별시 동대문구 휘경동,서울특별시 동대문구 망우로16길 21 (휘경동),근린생활2,단독주택,1007132694,지번,1,False
1123010300111400041,서울특별시 동대문구 제기동,서울특별시 동대문구 약령중앙로 13-3 (제기동),근린생활1,제1종근린생활시설,1007127399,지번,1,False
1123010300111400020,서울특별시 동대문구 제기동,서울특별시 동대문구 약령중앙로 15-4 (제기동),근린생활1,제1종근린생활시설,1007112816,지번,1,False
1123010200101020201,서울특별시 동대문구 용두동,서울특별시 동대문구 왕산로22길 52-1 (용두동),근린생활2,단독주택,10071100214432,지번,1,False
1123010200100230041,서울특별시 동대문구 용두동,서울특별시 동대문구 고산자로34길 23-3 (용두동),근린생활2,제2종근린생활시설,1007135643,지번,1,False
1123010300111580055,서울특별시 동대문구 제기동,서울특별시 동대문구 왕산로19길 40 (제기동),근린생활2,제2종근린생활시설,1007111902,지번,1,False
1123010300107140005,서울특별시 동대문구 제기동,서울특별시 동대문구 고산자로 517 (제기동),근린생활1,제1종근린생활시설,100715580,지번,2,False
1123010300107140005,서울특별시 동대문구 제기동,서울특별시 동대문구 약령중앙로 92 (제기동),근린생활1,제1종근린생활시설,100715590,지번,2,False
1123010300101220415,서울특별시 동대문구 제기동,서울특별시 동대문구 회기로8가길 40 (제기동),근린생활2,제2종근린생활시설,1007133497,지번,1,False
1123010300101200382,서울특별시 동대문구 제기동,서울특별시 동대문구 고산자로52길 12 (제기동),근린생활1,제1종근린생활시설,1007120136,지번,1,False
1123010200107090032,서울특별시 동대문구 용두동,서울특별시 동대문구 왕산로26길 6-7 (용두동),근린생활1,제1종근린생활시설,1007131671,지번,1,False
1123010300108600016,서울특별시 동대문구 제기동,서울특별시 동대문구 약령중앙로 73-3 (제기동),근린생활1,제1종근린생활시설,1007133206,지번,1,False
1123010700102050285,서울특별시 동대문구 청량리동,서울특별시 동대문구 제기로17길 48 (청량리동),근린생활1,제1종근린생활시설,1007127991,지번,1,False
1123010700106850000,서울특별시 동대문구 청량리동,서울특별시 동대문구 약령시로 123-3 (청량리동),근린생활1,제1종근린생활시설,1007130717,지번,1,False
1123010300104780002,서울특별시 동대문구 제기동,서울특별시 동대문구 홍릉로3길 16-3 (제기동),근린생활2,제2종근린생활시설,1007131452,지번,1,False
1123010200100230040,서울특별시 동대문구 용두동,서울특별시 동대문구 고산자로34길 23-1 (용두동),근린생활2,제2종근린생활시설,1007133218,지번,1,False
1123010300108380000,서울특별시 동대문구 제기동,서울특별시 동대문구 약령시로 90 (제기동),근린생활1,제1종근린생활시설,100715416,지번,1,False
1123010300108870062,서울특별시 동대문구 제기동,서울특별시 동대문구 약령서길 110-4 (제기동),근린생활2,제2종근린생활시설,1007110305,지번,1,False
1123010300107270003,서울특별시 동대문구 제기동,서울특별시 동대문구 약령동길 140 (제기동),근린생활2,제2종근린생활시설,10071100188077,지번,1,False
1123010200107110008,서울특별시 동대문구 용두동,서울특별시 동대문구 왕산로 112-10 (용두동),근린생활1,제1종근린생활시설,1007126227,지번,1,False
1123010200100120004,서울특별시 동대문구 용두동,서울특별시 동대문구 왕산로32길 26 (용두동),근린생활1,제1종근린생활시설,1007114193,지번,1,False
1123010700107020002,서울특별시 동대문구 청량리동,서울특별시 동대문구 홍릉로5길 10 (청량리동),근린생활1,제1종근린생활시설,100719069,지번,1,False
1123010300106320014,서울특별시 동대문구 제기동,서울특별시 동대문구 홍릉로1가길 5-3 (제기동),근린생활2,제2종근린생활시설,1007118108,지번,1,False
1123010700102050762,서울특별시 동대문구 청량리동,서울특별시 동대문구 회기로 40-10 (청량리동),근린생활1,단독주택,1007131896,지번,1,False
1123010700102960000,서울특별시 동대문구 청량리동,서울특별시 동대문구 홍릉로 14-3 (청량리동),근린생활2,제2종근린생활시설,1007113153,지번,1,False
1123010200102340032,서울특별시 동대문구 용두동,서울특별시 동대문구 무학로33길 4 (용두동),근린생활1,제2종근린생활시설,10071100247194,지번,1,False
1123010200101300012,서울특별시 동대문구 용두동,서울특별시 동대문구 왕산로 69-2 (용두동),근린생활1,업무시설,10071100233812,지번,1,False
1123010300111250005,서울특별시 동대문구 제기동,서울특별시 동대문구 약령중앙로2길 11 (제기동),근린생활2,제2종근린생활시설,1007113135,지번,1,False
1123010300100670006,서울특별시 동대문구 제기동,서울특별시 동대문구 제기로2길 42 (제기동),근린생활2,제2종근린생활시설,1007130870,지번,1,False
1123010300101370357,서울특별시 동대문구 제기동,서울특별시 동대문구 안암로24길 19-1 (제기동),근린생활1,제1종근린생활시설,1007121742,지번,1,False
1123010700102930000,서울특별시 동대문구 청량리동,서울특별시 동대문구 홍릉로 14-1 (청량리동),근린생활2,제2종근린생활시설,1007123692,지번,1,False
1123010700104370000,서울특별시 동대문구 청량리동,서울특별시 동대문구 홍릉로12길 12 (청량리동),근린생활1,제1종근린생활시설,1007124306,지번,1,False
1123010200107120078,서울특별시 동대문구 용두동,서울특별시 동대문구 정릉천동로 60-8 (용두동),근린생활2,제2종근린생활시설,1007125604,지번,1,False
1123010300109810000,서울특별시 동대문구 제기동,서울특별시 동대문구 약령중앙로6길 5 (제기동),근린생활1,제1종근린생활시설,100715637,지번,1,False
1123010300108890025,서울특별시 동대문구 제기동,서울특별시 동대문구 약령중앙로 37-4 (제기동),근린생활1,제1종근린생활시설,1007111615,지번,1,False
1123010300108890012,서울특별시 동대문구 제기동,서울특별시 동대문구 약령중앙로 41-2 (제기동),근린생활1,제1종근린생활시설,1007120763,지번,1,False
1123010300108870151,서울특별시 동대문구 제기동,서울특별시 동대문구 약령서길 92-14 (제기동),근린생활1,제1종근린생활시설,100716930,지번,1,False
1123010300107190001,서울특별시 동대문구 제기동,서울특별시 동대문구 고산자로 505 (제기동),근린생활1,제2종근린생활시설,100712181,지번,2,False
1123010300107190001,서울특별시 동대문구 제기동,서울특별시 동대문구 고산자로 505 (제기동),근린생활1,제1종근린생활시설,100712183,지번,2,False
1123010300108030002,서울특별시 동대문구 제기동,서울특별시 동대문구 고산자로 491-1 (제기동),근린생활1,제1종근린생활시설,1007118879,지번,1,False
1123010300101670071,서울특별시 동대문구 제기동,서울특별시 동대문구 왕산로23가길 43 (제기동),근린생활2,제2종근린생활시설,10071100188538,지번,1,False
1123010300101220051,서울특별시 동대문구 제기동,서울특별시 동대문구 고산자로 535-4 (제기동),근린생활2,제2종근린생활시설,10071100188839,지번,1,False
1123010200100260023,서울특별시 동대문구 용두동,서울특별시 동대문구 왕산로28길 17-1 (용두동),근린생활2,제2종근린생활시설,1007126543,지번,1,False
1123010200100230037,서울특별시 동대문구 용두동,서울특별시 동대문구 고산자로34길 17-4 (용두동),근린생활2,제2종근린생활시설,1007115680,지번,1,False
1123010100100890088,서울특별시 동대문구 신설동,서울특별시 동대문구 하정로 50 (신설동),근린생활1,제1종근린생활시설,1007124601,지번,1,False
1123010200107640010,서울특별시 동대문구 용두동,서울특별시 동대문구 무학로49길 85 (용두동),근린생활1,제1종근린생활시설,1007127318,지번,1,False
1123010100100890076,서울특별시 동대문구 신설동,서울특별시 동대문구 왕산로3가길 1 (신설동),근린생활2,제2종근린생활시설,1007136597,지번,1,False
1123010100100200000,서울특별시 동대문구 신설동,서울특별시 동대문구 한빛로 28-1 (신설동),근린생활1,제1종근린생활시설,100712452,지번,2,False
1123010100100200000,서울특별시 동대문구 신설동,서울특별시 동대문구 한빛로 28-1 (신설동),근린생활1,제1종근린생활시설,100712453,지번,2,False
1123010100100920009,서울특별시 동대문구 신설동,서울특별시 동대문구 하정로 50-1 (신설동),근린생활1,제1종근린생활시설,1007136038,지번,1,False
1123010100100970018,서울특별시 동대문구 신설동,서울특별시 동대문구 하정로 47 (신설동),근린생활1,제1종근린생활시설,1007136005,지번,1,False
1123010300109550004,서울특별시 동대문구 제기동,서울특별시 동대문구 약령중앙로 42-7 (제기동),근린생활1,제1종근린생활시설,1007135395,지번,1,False
1123010100100910101,서울특별시 동대문구 신설동,서울특별시 동대문구 천호대로7길 45-8 (신설동),근린생활1,제1종근린생활시설,1007113601,지번,1,False
1123010200107180006,서울특별시 동대문구 용두동,서울특별시 동대문구 안암로 32 (용두동),근린생활1,제1종근린생활시설,1007112396,본번,1,False
1123010200107640005,서울특별시 동대문구 용두동,서울특별시 동대문구 안암로6길 21-10 (용두동),근린생활2,제2종근린생활시설,1007110402,지번,1,False
1123010200107230002,서울특별시 동대문구 용두동,서울특별시 동대문구 안암로 30-4 (용두동),근린생활1,제1종근린생활시설,1007130296,지번,1,False
1123010100100240001,서울특별시 동대문구 신설동,서울특별시 동대문구 한빛로 24 (신설동),근린생활2,제2종근린생활시설,1007126616,지번,1,False
1123010100100290001,서울특별시 동대문구 신설동,서울특별시 동대문구 한빛로 21 (신설동),근린생활2,제2종근린생활시설,1007113036,지번,1,False
1123010200107220006,서울특별시 동대문구 용두동,서울특별시 동대문구 안암로 22-1 (용두동),근린생활1,제1종근린생활시설,1007128774,지번,1,False
1123010200107320006,서울특별시 동대문구 용두동,서울특별시 동대문구 안암로 38 (용두동),근린생활1,제1종근린생활시설,1007123036,지번,1,False
1123010300101210001,서울특별시 동대문구 제기동,서울특별시 동대문구 제기로 53-16 (제기동),근린생활1,제2종근린생활시설,100714685,지번,4,False
1123010300101210001,서울특별시 동대문구 제기동,서울특별시 동대문구 제기로 53-11 (제기동),근린생활1,제1종근린생활시설,100714686,지번,4,False
1123010300109670005,서울특별시 동대문구 제기동,서울특별시 동대문구 약령동길 65 (제기동),근린생활1,제1종근린생활시설,100714065,지번,2,False
1123010300107710005,서울특별시 동대문구 제기동,서울특별시 동대문구 약령시로 85 (제기동),근린생활2,제2종근린생활시설,100712185,지번,1,False
1123010200102190004,서울특별시 동대문구 용두동,서울특별시 동대문구 왕산로9길 31 (용두동),근린생활2,제2종근린생활시설,100716554,지번,1,False
1123010100100920103,서울특별시 동대문구 신설동,서울특별시 동대문구 천호대로7길 41 (신설동),근린생활1,제1종근린생활시설,1007131072,지번,1,False
1123010200107300007,서울특별시 동대문구 용두동,서울특별시 동대문구 안암로 48 (용두동),근린생활1,제1종근린생활시설,1007113362,지번,1,False
1123010200107300004,서울특별시 동대문구 용두동,서울특별시 동대문구 안암로 50-1 (용두동),근린생활1,제1종근린생활시설,1007113761,지번,1,False
1123010200101870066,서울특별시 동대문구 용두동,,근린생활2,단독주택,100711710,본번,1,False
1123010300109800004,서울특별시 동대문구 제기동,서울특별시 동대문구 약령중앙로6길 7 (제기동),근린생활1,제1종근린생활시설,100714068,지번,1,False
1123010200101120089,서울특별시 동대문구 용두동,서울특별시 동대문구 왕산로16나길 14 (용두동),근린생활1,제1종근린생활시설,1007132889,지번,1,False
1123010100100920003,서울특별시 동대문구 신설동,서울특별시 동대문구 왕산로 26 (신설동),근린생활2,제2종근린생활시설,1007121475,지번,1,False
1123010100100970021,서울특별시 동대문구 신설동,서울특별시 동대문구 왕산로2길 37 (신설동),근린생활1,제1종근린생활시설,1007134385,지번,1,False
1123010100100150000,서울특별시 동대문구 신설동,서울특별시 동대문구 한빛로 32-1 (신설동),근린생활2,제2종근린생활시설,1007110239,지번,1,False
1123010100101020017,서울특별시 동대문구 신설동,서울특별시 동대문구 천호대로 11-8 (신설동),근린생활2,제2종근린생활시설,1007127531,지번,1,False
1123010200107220003,서울특별시 동대문구 용두동,서울특별시 동대문구 안암로 26 (용두동),근린생활2,제2종근린생활시설,1007133366,지번,1,False
1123010200102330030,서울특별시 동대문구 용두동,서울특별시 동대문구 왕산로9길 6 (용두동),근린생활1,제1종근린생활시설,1007119412,지번,1,False
1123010200107300001,서울특별시 동대문구 용두동,서울특별시 동대문구 안암로 52 (용두동),근린생활2,제2종근린생활시설,1007112726,지번,1,False
1123010300101740006,서울특별시 동대문구 제기동,서울특별시 동대문구 왕산로23가길 57 (제기동),근린생활1,제1종근린생활시설,1007120042,지번,1,False
1123010300107300001,서울특별시 동대문구 제기동,서울특별시 동대문구 약령중앙로 76-4 (제기동),근린생활1,제1종근린생활시설,1007115077,지번,1,False
1123010200101120022,서울특별시 동대문구 용두동,서울특별시 동대문구 천호대로17길 75 (용두동),근린생활2,제2종근린생활시설,1007114212,지번,1,False
1123010200101020120,서울특별시 동대문구 용두동,서울특별시 동대문구 왕산로22길 55 (용두동),근린생활1,제1종근린생활시설,1007121146,지번,1,False
1123010300108870022,서울특별시 동대문구 제기동,서울특별시 동대문구 약령중앙로 61-2 (제기동),근린생활1,제1종근린생활시설,1007116626,지번,1,False
1123010300108250001,서울특별시 동대문구 제기동,서울특별시 동대문구 약령중앙로12길 5 (제기동),근린생활1,제1종근린생활시설,1007124975,지번,1,False
1123010300107400007,서울특별시 동대문구 제기동,서울특별시 동대문구 경동시장로21길 15 (제기동),근린생활1,제1종근린생활시설,1007120758,지번,1,False
1123010200101050050,서울특별시 동대문구 용두동,서울특별시 동대문구 무학로34길 37 (용두동),근린생활2,제2종근린생활시설,1007134178,지번,1,False
1123010300108920018,서울특별시 동대문구 제기동,서울특별시 동대문구 약령서길 68 (제기동),근린생활1,제1종근린생활시설,100718624,지번,1,False
1123010200100200050,서울특별시 동대문구 용두동,서울특별시 동대문구 왕산로30길 30 (용두동),근린생활1,제1종근린생활시설,1007120799,지번,1,False
1123010200100200069,서울특별시 동대문구 용두동,서울특별시 동대문구 고산자로34길 36 (용두동),근린생활2,제2종근린생활시설,1007128984,지번,1,False
1123010700105200044,서울특별시 동대문구 청량리동,서울특별시 동대문구 제기로21길 3-9 (청량리동),근린생활1,제1종근린생활시설,1007122043,지번,1,False
1123010300102860009,서울특별시 동대문구 제기동,서울특별시 동대문구 홍릉로17길 23 (제기동),근린생활2,제2종근린생활시설,1007110507,지번,1,False
1123010300106200100,서울특별시 동대문구 제기동,서울특별시 동대문구 경동시장로10길 9 (제기동),근린생활1,제1종근린생활시설,1007122134,지번,1,False
1123010300107140025,서울특별시 동대문구 제기동,서울특별시 동대문구 약령동길 152-3 (제기동),근린생활1,제1종근린생활시설,100715581,지번,1,False
1123010300101340049,서울특별시 동대문구 제기동,서울특별시 동대문구 제기로 11-1 (제기동),근린생활1,제1종근린생활시설,1007124451,지번,2,False
1123010300101340049,서울특별시 동대문구 제기동,서울특별시 동대문구 제기로 11-1 (제기동),근린생활1,제1종근린생활시설,1007130309,지번,2,False
1123010200101300019,서울특별시 동대문구 용두동,서울특별시 동대문구 한빛로 74-1 (용두동),근린생활2,제2종근린생활시설,1007118893,지번,1,False
1123010200101180046,서울특별시 동대문구 용두동,서울특별시 동대문구 무학로30길 16 (용두동),근린생활1,제1종근린생활시설,1007114131,지번,1,False
1123010300101480063,서울특별시 동대문구 제기동,서울특별시 동대문구 무학로 194 (제기동),근린생활2,제2종근린생활시설,1007134074,지번,1,False
1123010300111920000,서울특별시 동대문구 제기동,서울특별시 동대문구 정릉천동로 121 (제기동),근린생활1,제1종근린생활시설,1007117370,지번,1,False
1123010300108870169,서울특별시 동대문구 제기동,서울특별시 동대문구 약령서길 88 (제기동),근린생활1,제1종근린생활시설,1007117140,지번,1,False
1123010300106000000,서울특별시 동대문구 제기동,서울특별시 동대문구 경동시장로12길 13 (제기동),근린생활1,제1종근린생활시설,100715387,지번,1,False
1123010300105920005,서울특별시 동대문구 제기동,서울특별시 동대문구 왕산로33길 73 (제기동),근린생활1,제1종근린생활시설,1007111777,지번,1,False
1123010300102870027,서울특별시 동대문구 제기동,서울특별시 동대문구 홍릉로15길 28 (제기동),근린생활1,제1종근린생활시설,1007133512,지번,1,False
1123010300105880000,서울특별시 동대문구 제기동,서울특별시 동대문구 왕산로33길 42 (제기동),근린생활1,제1종근린생활시설,100715385,지번,2,False
1123010300105880000,서울특별시 동대문구 제기동,서울특별시 동대문구 경동시장로10길 24 (제기동),근린생활1,제1종근린생활시설,100715386,지번,2,False
1123010300106200095,서울특별시 동대문구 제기동,서울특별시 동대문구 경동시장로10가길 3 (제기동),근린생활1,제1종근린생활시설,1007112953,지번,1,False
1123010700102770000,서울특별시 동대문구 청량리동,서울특별시 동대문구 홍릉로 6-1 (청량리동),근린생활1,제1종근린생활시설,1007130814,지번,1,False
1123010700104470020,서울특별시 동대문구 청량리동,서울특별시 동대문구 제기로 110 (청량리동),근린생활2,제2종근린생활시설,1007136842,지번,1,False
1123010200101180045,서울특별시 동대문구 용두동,서울특별시 동대문구 무학로30길 14 (용두동),근린생활1,제1종근린생활시설,1007112133,지번,1,False
1123010200101020117,서울특별시 동대문구 용두동,서울특별시 동대문구 천호대로17길 38 (용두동),근린생활2,제2종근린생활시설,100718630,지번,1,False
1123010300111630000,서울특별시 동대문구 제기동,서울특별시 동대문구 정릉천동로 143 (제기동),근린생활1,제1종근린생활시설,1007130195,지번,1,False
1123010200101120031,서울특별시 동대문구 용두동,서울특별시 동대문구 무학로36길 14 (용두동),근린생활2,제2종근린생활시설,1007128069,지번,1,False
1123010300108920118,서울특별시 동대문구 제기동,서울특별시 동대문구 정릉천동로 110-9 (제기동),근린생활1,제1종근린생활시설,1007110741,지번,1,False
1123010200101020121,서울특별시 동대문구 용두동,서울특별시 동대문구 왕산로22길 53 (용두동),근린생활1,제1종근린생활시설,1007118268,지번,1,False
1123010200101190022,서울특별시 동대문구 용두동,서울특별시 동대문구 왕산로16길 36 (용두동),근린생활1,제1종근린생활시설,1007133492,지번,1,False
1123010200101020116,서울특별시 동대문구 용두동,서울특별시 동대문구 무학로32길 31 (용두동),근린생활2,제2종근린생활시설,1007121294,지번,1,False
1123010200100270026,서울특별시 동대문구 용두동,서울특별시 동대문구 고산자로30길 13 (용두동),근린생활1,제1종근린생활시설,100719702,지번,1,False
1123010300101370137,서울특별시 동대문구 제기동,서울특별시 동대문구 제기로 7 (제기동),근린생활1,제1종근린생활시설,1007128416,지번,1,False
1123010300109280008,서울특별시 동대문구 제기동,서울특별시 동대문구 약령시로 76 (제기동),근린생활1,제1종근린생활시설,1007115428,지번,1,False
1123010300109900002,서울특별시 동대문구 제기동,서울특별시 동대문구 고산자로38길 15-15 (제기동),근린생활1,제1종근린생활시설,100712230,지번,1,False
1123010300106640022,서울특별시 동대문구 제기동,서울특별시 동대문구 제기로 59-1 (제기동),근린생활1,제1종근린생활시설,1007111756,지번,1,False
1123010300106310005,서울특별시 동대문구 제기동,서울특별시 동대문구 홍릉로1길 46 (제기동),근린생활1,제1종근린생활시설,1007129458,지번,1,False
1123010300106190000,서울특별시 동대문구 제기동,,근린생활1,제1종근린생활시설,100712156,지번,2,False
1123010300105750009,서울특별시 동대문구 제기동,서울특별시 동대문구 홍릉로1가길 25-4 (제기동),근린생활1,제1종근린생활시설,1007121773,지번,1,False
1123010700102030093,서울특별시 동대문구 청량리동,서울특별시 동대문구 제기로17길 9 (청량리동),근린생활1,제1종근린생활시설,1007124170,지번,1,False
1123010700107230000,서울특별시 동대문구 청량리동,서울특별시 동대문구 홍릉로3길 6-7 (청량리동),근린생활2,제2종근린생활시설,1007117898,지번,1,False
1123010700102150051,서울특별시 동대문구 청량리동,서울특별시 동대문구 홍릉로8길 31-1 (청량리동),근린생활1,제1종근린생활시설,1007111191,지번,1,False
1123010700102810000,서울특별시 동대문구 청량리동,서울특별시 동대문구 홍릉로 8 (청량리동),근린생활1,제1종근린생활시설,1007125225,지번,1,False
1123010300108940005,서울특별시 동대문구 제기동,서울특별시 동대문구 고산자로44길 16-5 (제기동),근린생활1,제1종근린생활시설,1007114615,지번,1,False
1123010300108920108,서울특별시 동대문구 제기동,서울특별시 동대문구 약령시로 56 (제기동),근린생활2,제2종근린생활시설,1007126955,지번,1,False
1123010300111710000,서울특별시 동대문구 제기동,서울특별시 동대문구 정릉천동로 139 (제기동),근린생활1,제1종근린생활시설,1007129496,지번,1,False
1123010300111700000,서울특별시 동대문구 제기동,서울특별시 동대문구 약령시로11길 46-4 (제기동),근린생활1,제1종근린생활시설,1007117046,지번,1,False
1123010300111980000,서울특별시 동대문구 제기동,서울특별시 동대문구 약령시로11길 20 (제기동),근린생활1,제1종근린생활시설,1007126032,지번,1,False
1123010300108600017,서울특별시 동대문구 제기동,서울특별시 동대문구 약령중앙로13길 6 (제기동),근린생활2,제2종근린생활시설,1007112467,지번,1,False
1123010200100260027,서울특별시 동대문구 용두동,서울특별시 동대문구 고산자로34길 18 (용두동),근린생활1,제1종근린생활시설,1007113221,지번,1,False
1123010300101320020,서울특별시 동대문구 제기동,서울특별시 동대문구 약령시로9길 33 (제기동),근린생활1,제1종근린생활시설,1007129116,지번,1,False
1123010300106320003,서울특별시 동대문구 제기동,서울특별시 동대문구 홍릉로1가길 9 (제기동),근린생활2,제2종근린생활시설,1007130825,지번,1,False
1123010200100390105,서울특별시 동대문구 용두동,서울특별시 동대문구 고산자로30길 46 (용두동),근린생활1,공동주택,1000000000000003265859,지번,1,False
1123010300105750010,서울특별시 동대문구 제기동,,근린생활1,제1종근린생활시설,100711448,지번,3,False
1123010200100390708,서울특별시 동대문구 용두동,서울특별시 동대문구 천호대로29길 44 (용두동),근린생활2,제2종근린생활시설,1007116918,지번,1,False
1123010300105400000,서울특별시 동대문구 제기동,서울특별시 동대문구 홍릉로3길 46-1 (제기동),근린생활1,제1종근린생활시설,100711976,지번,2,False
1123010300105400000,서울특별시 동대문구 제기동,서울특별시 동대문구 홍릉로3길 46-1 (제기동),근린생활1,제1종근린생활시설,100711977,지번,2,False
1123010400106200029,서울특별시 동대문구 전농동,서울특별시 동대문구 답십리로1길 39-5 (전농동),근린생활1,제1종근린생활시설,100712664,지번,2,False
1123010400106200029,서울특별시 동대문구 전농동,서울특별시 동대문구 왕산로40길 8-1 (전농동),근린생활1,제1종근린생활시설,1007128618,지번,2,False
1123010400106200006,서울특별시 동대문구 전농동,서울특별시 동대문구 왕산로 190 (전농동),근린생활1,업무시설,1000000000000001094805,지번,1,False
1123010700103080000,서울특별시 동대문구 청량리동,서울특별시 동대문구 홍릉로 20 (청량리동),근린생활1,제1종근린생활시설,1007131117,지번,1,False
1123010700102240002,서울특별시 동대문구 청량리동,서울특별시 동대문구 약령시로21길 5 (청량리동),근린생활1,제1종근린생활시설,1007118006,지번,1,False
1123010200107300008,서울특별시 동대문구 용두동,서울특별시 동대문구 안암로 46-1 (용두동),근린생활2,제2종근린생활시설,1007135319,지번,1,False
1123010200107300011,서울특별시 동대문구 용두동,서울특별시 동대문구 안암로 46 (용두동),근린생활1,제1종근린생활시설,1007133225,지번,1,False
1123010100100920005,서울특별시 동대문구 신설동,서울특별시 동대문구 하정로6길 14 (신설동),근린생활2,제2종근린생활시설,1007114273,지번,1,False
1123010100100010002,서울특별시 동대문구 신설동,서울특별시 동대문구 한빛로 42 (신설동),근린생활2,제2종근린생활시설,1007120614,지번,1,False
1123010200102340058,서울특별시 동대문구 용두동,서울특별시 동대문구 천호대로13길 48 (용두동),근린생활1,제1종근린생활시설,1007131290,지번,1,False
1123010200100260032,서울특별시 동대문구 용두동,서울특별시 동대문구 고산자로34가길 12 (용두동),근린생활1,제1종근린생활시설,100711654,지번,1,False
1123010300108860014,서울특별시 동대문구 제기동,서울특별시 동대문구 약령중앙로 59 (제기동),근린생활1,제1종근린생활시설,1007125719,지번,2,False
1123010200102350001,서울특별시 동대문구 용두동,서울특별시 동대문구 무학로 125 (용두동),근린생활1,제1종근린생활시설,1007113871,지번,1,False
1123010200101180017,서울특별시 동대문구 용두동,서울특별시 동대문구 무학로32길 19 (용두동),근린생활2,제2종근린생활시설,1007133467,지번,1,False
1123010300106820004,서울특별시 동대문구 제기동,서울특별시 동대문구 경동시장로23길 15-1 (제기동),근린생활1,제1종근린생활시설,1007128505,지번,1,False
1123010300109280000,서울특별시 동대문구 제기동,서울특별시 동대문구 약령시로 74 (제기동),근린생활2,제2종근린생활시설,1007111583,지번,1,False
1123010300109900000,서울특별시 동대문구 제기동,서울특별시 동대문구 고산자로40길 10 (제기동),근린생활1,제1종근린생활시설,100712226,지번,1,False
1123010200100200092,서울특별시 동대문구 용두동,서울특별시 동대문구 왕산로30길 15 (용두동),근린생활1,제1종근린생활시설,100711426,지번,1,False
1123010700106280000,서울특별시 동대문구 청량리동,서울특별시 동대문구 약령시로17길 18 (청량리동),근린생활1,제1종근린생활시설,1007123939,지번,1,False
1123010200100390570,서울특별시 동대문구 용두동,서울특별시 동대문구 천호대로35길 60 (용두동),근린생활1,공동주택,10071100210574,지번,1,False
1123010200100390525,서울특별시 동대문구 용두동,서울특별시 동대문구 천호대로45나길 52 (용두동),근린생활1,제1종근린생활시설,100718137,지번,1,False
1123010700100420010,서울특별시 동대문구 청량리동,서울특별시 동대문구 왕산로43가길 27 (청량리동),근린생활1,제1종근린생활시설,1007131394,지번,1,False
1123010200102360013,서울특별시 동대문구 용두동,서울특별시 동대문구 무학로35길 15 (용두동),근린생활1,제1종근린생활시설,100719072,지번,1,False
1123010200100391036,서울특별시 동대문구 용두동,서울특별시 동대문구 천호대로 165 (용두동),근린생활1,제1종근린생활시설,1007131153,지번,1,False
1123010500104820051,서울특별시 동대문구 답십리동,서울특별시 동대문구 사가정로2길 10-7 (답십리동),근린생활2,공동주택,10071100246694,지번,1,False
1123010200100390070,서울특별시 동대문구 용두동,서울특별시 동대문구 천호대로45가길 42 (용두동),근린생활1,제1종근린생활시설,1007120537,지번,1,False
1123010100100910227,서울특별시 동대문구 신설동,서울특별시 동대문구 왕산로5길 6 (신설동),근린생활2,제2종근린생활시설,1007110531,지번,1,False
1123010100100730005,서울특별시 동대문구 신설동,서울특별시 동대문구 왕산로 17-10 (신설동),근린생활2,제2종근린생활시설,1007114914,지번,1,False
1123010100100910246,서울특별시 동대문구 신설동,서울특별시 동대문구 왕산로 31 (신설동),근린생활1,제1종근린생활시설,100719707,지번,1,False
1123010200107220005,서울특별시 동대문구 용두동,서울특별시 동대문구 안암로 24 (용두동),근린생활1,제1종근린생활시설,1007128237,지번,1,False
1123010100100970022,서울특별시 동대문구 신설동,서울특별시 동대문구 왕산로2길 27 (신설동),근린생활1,제1종근린생활시설,100718040,지번,1,False
1123010100100020000,서울특별시 동대문구 신설동,서울특별시 동대문구 한빛로 40 (신설동),근린생활2,제2종근린생활시설,1007113605,지번,1,False
1123010200107320001,서울특별시 동대문구 용두동,서울특별시 동대문구 안암로 42 (용두동),근린생활2,제2종근린생활시설,100717823,지번,1,False
1123010100100980022,서울특별시 동대문구 신설동,서울특별시 동대문구 하정로5길 5 (신설동),근린생활1,제1종근린생활시설,1007119106,지번,1,False
1123010300108860012,서울특별시 동대문구 제기동,서울특별시 동대문구 약령중앙로 61-1 (제기동),근린생활1,제1종근린생활시설,1007135190,지번,1,False
1123010300102350001,서울특별시 동대문구 제기동,서울특별시 동대문구 약령시로5길 12 (제기동),근린생활2,제2종근린생활시설,100719004,지번,1,False
1123010300107010000,서울특별시 동대문구 제기동,서울특별시 동대문구 고산자로48길 1 (제기동),근린생활1,제1종근린생활시설,100715560,지번,5,False
1123010300107010000,서울특별시 동대문구 제기동,서울특별시 동대문구 고산자로48길 3 (제기동),근린생활1,제1종근린생활시설,100715561,지번,5,False
1123010300107010000,서울특별시 동대문구 제기동,서울특별시 동대문구 고산자로 502 (제기동),근린생활1,업무시설,100715562,지번,5,False
1123010300107500007,서울특별시 동대문구 제기동,서울특별시 동대문구 고산자로48길 18 (제기동),근린생활2,제2종근린생활시설,100715606,지번,1,False
1123010300101370069,서울특별시 동대문구 제기동,서울특별시 동대문구 안암로22길 8 (제기동),근린생활2,제2종근린생활시설,1007117417,지번,1,False
1123010300101380019,서울특별시 동대문구 제기동,서울특별시 동대문구 제기로 11 (제기동),근린생활2,제2종근린생활시설,1007136851,지번,1,False
1123010200100390975,서울특별시 동대문구 용두동,서울특별시 동대문구 고산자로34가길 31 (용두동),근린생활1,제1종근린생활시설,100717745,지번,1,False
1123010700105690000,서울특별시 동대문구 청량리동,서울특별시 동대문구 홍릉로15길 8 (청량리동),근린생활1,제1종근린생활시설,1007123327,지번,1,False
1123010300104860028,서울특별시 동대문구 제기동,서울특별시 동대문구 경동시장로10길 45 (제기동),근린생활1,제1종근린생활시설,100714888,지번,1,False
1123010700105340000,서울특별시 동대문구 청량리동,서울특별시 동대문구 홍릉로17길 7 (청량리동),근린생활1,제1종근린생활시설,100716118,지번,1,False
1123010200100120008,서울특별시 동대문구 용두동,서울특별시 동대문구 고산자로34길 58 (용두동),근린생활1,제1종근린생활시설,1007132243,지번,1,False
1123010200100390040,서울특별시 동대문구 용두동,서울특별시 동대문구 왕산로32길 66 (용두동),근린생활1,제1종근린생활시설,1007132990,지번,1,False
1123010200100200048,서울특별시 동대문구 용두동,서울특별시 동대문구 고산자로34길 48-3 (용두동),근린생활1,제1종근린생활시설,100717636,지번,1,False
1123010700107910000,서울특별시 동대문구 청량리동,서울특별시 동대문구 경동시장로10길 44 (청량리동),근린생활2,제2종근린생활시설,1007125431,지번,1,False
1123010300104860010,서울특별시 동대문구 제기동,서울특별시 동대문구 홍릉로3길 23 (제기동),근린생활1,제1종근린생활시설,1007126775,지번,1,False
1123010300105300000,서울특별시 동대문구 제기동,서울특별시 동대문구 경동시장로12길 36 (제기동),근린생활1,제1종근린생활시설,100715494,지번,2,False
1123010300105300000,서울특별시 동대문구 제기동,서울특별시 동대문구 경동시장로12길 36 (제기동),근린생활1,제1종근린생활시설,100715496,지번,2,False
1123010300105750013,서울특별시 동대문구 제기동,서울특별시 동대문구 경동시장로10길 27 (제기동),근린생활1,제1종근린생활시설,1007126006,지번,1,False
1123010300106290002,서울특별시 동대문구 제기동,서울특별시 동대문구 경동시장로 22 (제기동),근린생활1,제1종근린생활시설,1007133585,지번,1,False
1123010100100740002,서울특별시 동대문구 신설동,서울특별시 동대문구 한빛로 16 (신설동),근린생활1,제1종근린생활시설,1007121609,지번,1,False
1123010100100730001,서울특별시 동대문구 신설동,서울특별시 동대문구 한빛로 16-1 (신설동),근린생활2,제2종근린생활시설,1007130277,지번,1,False
1123010200107300013,서울특별시 동대문구 용두동,서울특별시 동대문구 안암로 44 (용두동),근린생활1,제1종근린생활시설,1007128038,지번,1,False
1123010100101020035,서울특별시 동대문구 신설동,서울특별시 동대문구 왕산로2길 18 (신설동),근린생활1,제1종근린생활시설,1007115517,지번,1,False
1123010100100180000,서울특별시 동대문구 신설동,서울특별시 동대문구 한빛로 30 (신설동),근린생활1,제1종근린생활시설,1007118834,지번,1,False
1123010100100230000,서울특별시 동대문구 신설동,서울특별시 동대문구 한빛로 26 (신설동),근린생활1,제1종근린생활시설,1007110751,지번,1,False
1123010100100720008,서울특별시 동대문구 신설동,서울특별시 동대문구 한빛로 20 (신설동),근린생활2,업무시설,10071100256555,지번,1,False
1123010100100970031,서울특별시 동대문구 신설동,서울특별시 동대문구 하정로3길 7-3 (신설동),근린생활1,제1종근린생활시설,100718778,지번,1,False
1123010100100980029,서울특별시 동대문구 신설동,서울특별시 동대문구 왕산로 16 (신설동),근린생활2,제2종근린생활시설,10071100186705,지번,1,False
1123010100100390001,서울특별시 동대문구 신설동,서울특별시 동대문구 한빛로 25 (신설동),근린생활1,제1종근린생활시설,1007110006,지번,1,False
1123010100100380001,서울특별시 동대문구 신설동,서울특별시 동대문구 한빛로 23 (신설동),근린생활1,제1종근린생활시설,1007136100,지번,1,False
1123010200107640001,서울특별시 동대문구 용두동,서울특별시 동대문구 무학로49길 81 (용두동),근린생활2,제2종근린생활시설,1007124723,지번,1,False
1123010300108860007,서울특별시 동대문구 제기동,서울특별시 동대문구 약령중앙로 65-1 (제기동),근린생활2,제2종근린생활시설,1007125495,지번,1,False
1123010300107400015,서울특별시 동대문구 제기동,서울특별시 동대문구 경동시장로21길 9 (제기동),근린생활1,제1종근린생활시설,1007125230,지번,1,False
1123010200101190023,서울특별시 동대문구 용두동,서울특별시 동대문구 왕산로16길 38 (용두동),근린생활1,제1종근린생활시설,1007133292,지번,1,False
1123010300109920016,서울특별시 동대문구 제기동,서울특별시 동대문구 고산자로38길 28 (제기동),근린생활1,제1종근린생활시설,1007130240,지번,1,False
1123010300108600009,서울특별시 동대문구 제기동,서울특별시 동대문구 약령중앙로 79 (제기동),근린생활2,제2종근린생활시설,1007111959,지번,1,False
1123010200101050048,서울특별시 동대문구 용두동,서울특별시 동대문구 무학로34길 39-8 (용두동),근린생활1,제1종근린생활시설,1007119541,지번,1,False
1123010200100390530,서울특별시 동대문구 용두동,서울특별시 동대문구 천호대로45나길 44 (용두동),근린생활1,제1종근린생활시설,1007133744,지번,1,False
1123010300105920000,서울특별시 동대문구 제기동,서울특별시 동대문구 경동시장로14길 9-1 (제기동),근린생활2,제2종근린생활시설,100715516,지번,3,False
1123010300109920012,서울특별시 동대문구 제기동,서울특별시 동대문구 경동시장로3길 8 (제기동),근린생활1,제1종근린생활시설,1007114994,지번,1,False
1123010300102890014,서울특별시 동대문구 제기동,서울특별시 동대문구 홍릉로17길 32 (제기동),근린생활1,제1종근린생활시설,1007131248,지번,1,False
1123010200107500018,서울특별시 동대문구 용두동,서울특별시 동대문구 무학로43길 18 (용두동),근린생활1,제1종근린생활시설,10071100185433,지번,1,False
1123010300102850033,서울특별시 동대문구 제기동,서울특별시 동대문구 제기로20길 3 (제기동),근린생활2,제2종근린생활시설,1007113327,지번,1,False
1123010200100390524,서울특별시 동대문구 용두동,서울특별시 동대문구 왕산로32길 47 (용두동),근린생활2,단독주택,10071100210773,지번,1,False
1123010300109920011,서울특별시 동대문구 제기동,서울특별시 동대문구 경동시장로3길 6-3 (제기동),근린생활1,제1종근린생활시설,1007116192,지번,1,False
1123010300102850019,서울특별시 동대문구 제기동,서울특별시 동대문구 약령시로17길 73-2 (제기동),근린생활1,제1종근린생활시설,1007112824,지번,1,False
1123010200100390417,서울특별시 동대문구 용두동,서울특별시 동대문구 천호대로31길 56 (용두동),근린생활1,제1종근린생활시설,1007116476,지번,1,False
1123010200100390540,서울특별시 동대문구 용두동,서울특별시 동대문구 천호대로33길 84 (용두동),근린생활1,제1종근린생활시설,1007129176,지번,1,False
1123010300103520000,서울특별시 동대문구 제기동,서울특별시 동대문구 경동시장로22길 12 (제기동),근린생활1,제1종근린생활시설,100718114,지번,1,False
1123010100100980009,서울특별시 동대문구 신설동,서울특별시 동대문구 하정로 55 (신설동),근린생활1,제1종근린생활시설,10071100250974,지번,1,False
1123010100100910255,서울특별시 동대문구 신설동,서울특별시 동대문구 하정로4길 9 (신설동),근린생활2,제2종근린생활시설,1007110005,지번,1,False
1123010100100920123,서울특별시 동대문구 신설동,서울특별시 동대문구 하정로 52 (신설동),근린생활2,제2종근린생활시설,1007128469,지번,1,False
1123010100100420001,서울특별시 동대문구 신설동,서울특별시 동대문구 한빛로 27 (신설동),근린생활1,제1종근린생활시설,1007130723,지번,1,False
1123010100100970016,서울특별시 동대문구 신설동,서울특별시 동대문구 하정로 49-1 (신설동),근린생활1,제1종근린생활시설,1007110668,지번,1,False
1123010200101180012,서울특별시 동대문구 용두동,서울특별시 동대문구 왕산로22길 69 (용두동),근린생활1,제1종근린생활시설,1007125945,지번,1,False
1123010300101370182,서울특별시 동대문구 제기동,서울특별시 동대문구 제기로 9-6 (제기동),근린생활1,제1종근린생활시설,1007125469,지번,1,False
1123010200101020169,서울특별시 동대문구 용두동,서울특별시 동대문구 왕산로22길 21 (용두동),근린생활1,제1종근린생활시설,1007126660,지번,1,False
1123010300108920126,서울특별시 동대문구 제기동,서울특별시 동대문구 약령서길 115-15 (제기동),근린생활1,제1종근린생활시설,1007111135,지번,1,False
1123010300108590002,서울특별시 동대문구 제기동,서울특별시 동대문구 제기로 38 (제기동),근린생활1,제1종근린생활시설,1007115179,지번,1,False
1123010300108870120,서울특별시 동대문구 제기동,서울특별시 동대문구 약령서길 100 (제기동),근린생활1,단독주택,10071100212523,지번,1,False
1123010300101360000,서울특별시 동대문구 제기동,서울특별시 동대문구 제기로5길 36 (제기동),근린생활2,제2종근린생활시설,100714412,지번,18,False
1123010300108920057,서울특별시 동대문구 제기동,,근린생활1,제1종근린생활시설,1007125197,지번,1,False
1123010200100390569,서울특별시 동대문구 용두동,서울특별시 동대문구 고산자로30길 37 (용두동),근린생활1,제1종근린생활시설,1007118293,지번,1,False
1123010300104650004,서울특별시 동대문구 제기동,서울특별시 동대문구 홍릉로5길 15-2 (제기동),근린생활1,제1종근린생활시설,100714885,지번,1,False
1123010300107680002,서울특별시 동대문구 제기동,서울특별시 동대문구 경동시장로 47-1 (제기동),근린생활1,제1종근린생활시설,1007116975,지번,1,False
1123010700102050079,서울특별시 동대문구 청량리동,,근린생활2,제2종근린생활시설,100718686,지번,1,False
1123010100100980012,서울특별시 동대문구 신설동,서울특별시 동대문구 하정로3길 14 (신설동),근린생활1,제1종근린생활시설,1007125954,지번,1,False
1123010100100980014,서울특별시 동대문구 신설동,서울특별시 동대문구 하정로3길 16 (신설동),근린생활1,제1종근린생활시설,100718424,지번,1,False
1123010100101020041,서울특별시 동대문구 신설동,서울특별시 동대문구 왕산로2길 28 (신설동),근린생활1,제1종근린생활시설,1007125871,지번,1,False
1123010100100890083,서울특별시 동대문구 신설동,서울특별시 동대문구 하정로 54 (신설동),근린생활1,제1종근린생활시설,1007134029,지번,1,False
1123010200107640011,서울특별시 동대문구 용두동,서울특별시 동대문구 무학로49길 89 (용두동),근린생활1,제1종근린생활시설,1007132143,지번,1,False
1123010200107240001,서울특별시 동대문구 용두동,서울특별시 동대문구 안암로6길 15 (용두동),근린생활1,제1종근린생활시설,1007117301,지번,1,False
1123010200107670001,서울특별시 동대문구 용두동,서울특별시 동대문구 한빛로 39 (용두동),근린생활1,공동주택,1007120359,본번,1,False
1123010200107280001,서울특별시 동대문구 용두동,서울특별시 동대문구 안암로16길 4 (용두동),근린생활1,제1종근린생활시설,1007120120,지번,1,False
1123010200101020218,서울특별시 동대문구 용두동,서울특별시 동대문구 왕산로22길 39-2 (용두동),근린생활2,제2종근린생활시설,1007114223,지번,1,False
1123010200102340028,서울특별시 동대문구 용두동,서울특별시 동대문구 무학로 137-1 (용두동),근린생활1,제1종근린생활시설,100712996,지번,2,False
1123010200102340028,서울특별시 동대문구 용두동,서울특별시 동대문구 무학로 137-1 (용두동),근린생활1,제2종근린생활시설,100712997,지번,2,False
1123010200101020071,서울특별시 동대문구 용두동,서울특별시 동대문구 천호대로17길 32 (용두동),근린생활1,제1종근린생활시설,1007115603,지번,1,False
1123010300108600001,서울특별시 동대문구 제기동,서울특별시 동대문구 제기로 40 (제기동),근린생활1,제1종근린생활시설,1007127878,지번,1,False
1123010300100670107,서울특별시 동대문구 제기동,서울특별시 동대문구 제기로2길 6 (제기동),근린생활2,제2종근린생활시설,1007125267,지번,1,False
1123010300106030000,서울특별시 동대문구 제기동,,근린생활1,제1종근린생활시설,100715519,지번,3,False
1123010300105860002,서울특별시 동대문구 제기동,서울특별시 동대문구 경동시장로10길 30 (제기동),근린생활1,제1종근린생활시설,1007132797,지번,1,False
1123010300105930001,서울특별시 동대문구 제기동,서울특별시 동대문구 경동시장로14길 7 (제기동),근린생활1,제1종근린생활시설,1007113245,지번,1,False
1123010300104290004,서울특별시 동대문구 제기동,서울특별시 동대문구 약령시로 101 (제기동),근린생활1,제1종근린생활시설,1007119137,지번,1,False
1123010300104380004,서울특별시 동대문구 제기동,서울특별시 동대문구 약령시로 122-4 (제기동),근린생활1,제1종근린생활시설,100718810,지번,1,False
1123010300104680000,서울특별시 동대문구 제기동,서울특별시 동대문구 왕산로37길 55 (제기동),근린생활1,제1종근린생활시설,1007111750,지번,1,False
1123010300104720000,서울특별시 동대문구 제기동,서울특별시 동대문구 경동시장로12길 41-8 (제기동),근린생활2,제2종근린생활시설,1007112322,지번,1,False
1123010200100390072,서울특별시 동대문구 용두동,서울특별시 동대문구 천호대로31길 70 (용두동),근린생활1,제1종근린생활시설,1007136857,지번,1,False
1123010200100390026,서울특별시 동대문구 용두동,서울특별시 동대문구 왕산로32길 76 (용두동),근린생활2,제2종근린생활시설,1007129796,지번,1,False
1123010300109920005,서울특별시 동대문구 제기동,서울특별시 동대문구 경동시장로3길 6-6 (제기동),근린생활1,제1종근린생활시설,100718879,지번,1,False
1123010700104990000,서울특별시 동대문구 청량리동,서울특별시 동대문구 홍릉로17길 10 (청량리동),근린생활1,제1종근린생활시설,1007125519,지번,1,False
1123010700102050569,서울특별시 동대문구 청량리동,서울특별시 동대문구 회기로8길 34 (청량리동),근린생활1,제1종근린생활시설,1007135053,지번,1,False
1123010700102050568,서울특별시 동대문구 청량리동,서울특별시 동대문구 회기로8길 36 (청량리동),근린생활1,제1종근린생활시설,1007130733,지번,1,False
1123010700103460001,서울특별시 동대문구 청량리동,서울특별시 동대문구 홍릉로 42 (청량리동),근린생활1,제1종근린생활시설,1007129756,지번,1,False
1123010700104260001,서울특별시 동대문구 청량리동,서울특별시 동대문구 홍릉로12길 32-1 (청량리동),근린생활1,제1종근린생활시설,1007118755,지번,1,False
1123010300100670181,서울특별시 동대문구 제기동,서울특별시 동대문구 제기로4길 17 (제기동),근린생활1,제1종근린생활시설,1007120937,지번,1,False
1123010300108920089,서울특별시 동대문구 제기동,서울특별시 동대문구 정릉천동로 134 (제기동),근린생활1,제1종근린생활시설,1007117548,지번,1,False
1123010200102340059,서울특별시 동대문구 용두동,서울특별시 동대문구 무학로33길 7 (용두동),근린생활2,제2종근린생활시설,1007110117,지번,1,False
1123010300101370117,서울특별시 동대문구 제기동,서울특별시 동대문구 안암로 134-1 (제기동),근린생활1,제1종근린생활시설,100712076,지번,2,False
1123010300101370117,서울특별시 동대문구 제기동,서울특별시 동대문구 안암로 136-1 (제기동),근린생활1,제1종근린생활시설,100712077,지번,2,False
1123010300108920127,서울특별시 동대문구 제기동,서울특별시 동대문구 약령서길 115-16 (제기동),근린생활1,제1종근린생활시설,100718087,지번,1,False
1123010300101370131,서울특별시 동대문구 제기동,서울특별시 동대문구 안암로 130 (제기동),근린생활2,제2종근린생활시설,1007114873,지번,1,False
1123010300106320024,서울특별시 동대문구 제기동,서울특별시 동대문구 홍릉로1가길 4 (제기동),근린생활1,제1종근린생활시설,1007133596,지번,1,False
1123010300106300009,서울특별시 동대문구 제기동,서울특별시 동대문구 홍릉로1길 38 (제기동),근린생활1,제1종근린생활시설,1007123026,지번,1,False
1123010300106000001,서울특별시 동대문구 제기동,서울특별시 동대문구 경동시장로10가길 22 (제기동),근린생활1,제1종근린생활시설,100715388,지번,1,False
1123010300106450000,서울특별시 동대문구 제기동,서울특별시 동대문구 경동시장로 20-1 (제기동),근린생활1,제1종근린생활시설,1007112031,지번,1,False
1123010300109880016,서울특별시 동대문구 제기동,서울특별시 동대문구 고산자로38길 31-8 (제기동),근린생활2,제2종근린생활시설,1007121626,지번,1,False
1123010300103480003,서울특별시 동대문구 제기동,서울특별시 동대문구 약령시로 109 (제기동),근린생활2,제2종근린생활시설,10071100267095,지번,1,False
1123010200100120001,서울특별시 동대문구 용두동,서울특별시 동대문구 고산자로34길 52-1 (용두동),근린생활1,제1종근린생활시설,1007121833,지번,1,False
1123010300104570000,서울특별시 동대문구 제기동,서울특별시 동대문구 왕산로35길 66 (제기동),근린생활1,제1종근린생활시설,1007121886,지번,1,False
1123010700107870000,서울특별시 동대문구 청량리동,서울특별시 동대문구 경동시장로8길 43 (청량리동),근린생활1,제1종근린생활시설,1007124059,지번,1,False
1123010700104970000,서울특별시 동대문구 청량리동,서울특별시 동대문구 약령시로17길 72 (청량리동),근린생활1,제1종근린생활시설,1007111170,지번,1,False
1123010200100390528,서울특별시 동대문구 용두동,서울특별시 동대문구 천호대로31길 78 (용두동),근린생활1,제1종근린생활시설,1007120659,지번,1,False
1123010700105120000,서울특별시 동대문구 청량리동,서울특별시 동대문구 홍릉로 67 (청량리동),근린생활1,제1종근린생활시설,100711406,지번,2,False
1123010100101020036,서울특별시 동대문구 신설동,서울특별시 동대문구 왕산로2길 22 (신설동),근린생활1,제1종근린생활시설,100718215,지번,1,False
1123010300106160001,서울특별시 동대문구 제기동,서울특별시 동대문구 왕산로33길 45 (제기동),근린생활1,제1종근린생활시설,1007121862,지번,1,False
1123010300102890013,서울특별시 동대문구 제기동,서울특별시 동대문구 제기로20길 6 (제기동),근린생활1,제1종근린생활시설,1007129350,지번,1,False
1123010100100450001,서울특별시 동대문구 신설동,서울특별시 동대문구 안암로4길 32 (신설동),근린생활2,제2종근린생활시설,1007128275,지번,1,False
1123010100100980038,서울특별시 동대문구 신설동,서울특별시 동대문구 하정로3길 10 (신설동),근린생활2,제2종근린생활시설,1007118302,지번,1,False
1123010100103960007,서울특별시 동대문구 신설동,서울특별시 동대문구 한빛로 33-2 (신설동),근린생활2,제2종근린생활시설,1007111658,지번,1,False
1123010100100210000,서울특별시 동대문구 신설동,서울특별시 동대문구 한빛로 28 (신설동),근린생활2,제2종근린생활시설,1007111781,지번,1,False
1123010100100760036,서울특별시 동대문구 신설동,서울특별시 동대문구 왕산로 15-1 (신설동),근린생활2,제2종근린생활시설,1007131279,지번,1,False
1123010100100980034,서울특별시 동대문구 신설동,서울특별시 동대문구 하정로3길 6 (신설동),근린생활1,제1종근린생활시설,1007135406,지번,1,False
1123010100103960011,서울특별시 동대문구 신설동,서울특별시 동대문구 한빛로 33 (신설동),근린생활1,제1종근린생활시설,1007117084,지번,1,False
1123010100101020046,서울특별시 동대문구 신설동,서울특별시 동대문구 천호대로 15-9 (신설동),근린생활1,제1종근린생활시설,1007118839,지번,1,False
1123010200101930011,서울특별시 동대문구 용두동,서울특별시 동대문구 무학로44길 22 (용두동),근린생활1,제1종근린생활시설,1007118422,지번,1,False
1123010200101020159,서울특별시 동대문구 용두동,서울특별시 동대문구 왕산로22길 33 (용두동),근린생활2,제2종근린생활시설,1007110441,지번,1,False
1123010200102320025,서울특별시 동대문구 용두동,서울특별시 동대문구 왕산로11길 6 (용두동),근린생활1,제1종근린생활시설,1007118157,지번,1,False
1123010200101180105,서울특별시 동대문구 용두동,서울특별시 동대문구 무학로30길 8 (용두동),근린생활2,제2종근린생활시설,1007112348,지번,1,False
1123010200101180125,서울특별시 동대문구 용두동,서울특별시 동대문구 왕산로22길 74 (용두동),근린생활2,제2종근린생활시설,100717804,지번,1,False
1123010300106310013,서울특별시 동대문구 제기동,서울특별시 동대문구 경동시장로8길 36 (제기동),근린생활1,제1종근린생활시설,1007115648,지번,1,False
1123010300106040000,서울특별시 동대문구 제기동,서울특별시 동대문구 왕산로33길 59 (제기동),근린생활1,제1종근린생활시설,1007127048,지번,1,False
1123010300105490000,서울특별시 동대문구 제기동,서울특별시 동대문구 경동시장로12길 26 (제기동),근린생활1,제1종근린생활시설,1007123658,지번,1,False
1123010300106200114,서울특별시 동대문구 제기동,서울특별시 동대문구 경동시장로 26 (제기동),근린생활1,제1종근린생활시설,1007112932,지번,1,False
1123010300106370005,서울특별시 동대문구 제기동,서울특별시 동대문구 경동시장로8길 12 (제기동),근린생활1,제1종근린생활시설,1007114846,지번,1,False
1123010300106370000,서울특별시 동대문구 제기동,서울특별시 동대문구 경동시장로8길 16 (제기동),근린생활1,제1종근린생활시설,1007123565,지번,1,False
1123010300109930005,서울특별시 동대문구 제기동,서울특별시 동대문구 경동시장로3길 5 (제기동),근린생활1,제1종근린생활시설,1007130400,지번,1,False
1123010300102860010,서울특별시 동대문구 제기동,서울특별시 동대문구 제기로20길 13 (제기동),근린생활1,제1종근린생활시설,1007129902,지번,1,False
1123010300106300006,서울특별시 동대문구 제기동,서울특별시 동대문구 홍릉로1길 42 (제기동),근린생활1,제1종근린생활시설,1007114542,지번,1,False
1123010200100120002,서울특별시 동대문구 용두동,서울특별시 동대문구 왕산로32길 24 (용두동),근린생활1,제1종근린생활시설,1007119062,지번,1,False
1123010300108380012,서울특별시 동대문구 제기동,서울특별시 동대문구 약령시로 88-2 (제기동),근린생활1,제1종근린생활시설,1007110600,지번,1,False
1123010300111400031,서울특별시 동대문구 제기동,서울특별시 동대문구 약령중앙로 11-1 (제기동),근린생활1,제1종근린생활시설,1007117721,지번,1,False
1123010300108750000,서울특별시 동대문구 제기동,서울특별시 동대문구 정릉천동로 148-1 (제기동),근린생활2,제2종근린생활시설,1007120282,지번,1,False
1123010300107300009,서울특별시 동대문구 제기동,서울특별시 동대문구 약령중앙로 72-1 (제기동),근린생활2,제2종근린생활시설,1007114265,지번,1,False
1123010300101200043,서울특별시 동대문구 제기동,서울특별시 동대문구 고산자로52길 26 (제기동),근린생활2,제2종근린생활시설,1007112046,지번,1,False
1123010200102340022,서울특별시 동대문구 용두동,서울특별시 동대문구 천호대로13길 60 (용두동),근린생활1,제1종근린생활시설,1007110835,지번,1,False
1123010200102360029,서울특별시 동대문구 용두동,서울특별시 동대문구 무학로33길 14 (용두동),근린생활1,제1종근린생활시설,1007116431,지번,1,False
1123010200102320014,서울특별시 동대문구 용두동,서울특별시 동대문구 왕산로13가길 13 (용두동),근린생활1,공동주택,10071100260615,지번,1,False
1123010300108590005,서울특별시 동대문구 제기동,서울특별시 동대문구 제기로 40-4 (제기동),근린생활1,제1종근린생활시설,1007111250,지번,1,False
1123010200100390432,서울특별시 동대문구 용두동,서울특별시 동대문구 천호대로35길 57 (용두동),근린생활1,제1종근린생활시설,1007113695,지번,1,False
1123010300108990012,서울특별시 동대문구 제기동,서울특별시 동대문구 고산자로40길 23-4 (제기동),근린생활1,제1종근린생활시설,1007125996,지번,1,False
1123010300103810000,서울특별시 동대문구 제기동,서울특별시 동대문구 경동시장로18길 1 (제기동),근린생활1,제1종근린생활시설,1007127601,지번,1,False
1123010300104650009,서울특별시 동대문구 제기동,서울특별시 동대문구 홍릉로5길 15 (제기동),근린생활1,제1종근린생활시설,100718461,지번,1,False
1123010700107900000,서울특별시 동대문구 청량리동,서울특별시 동대문구 경동시장로10길 46 (청량리동),근린생활1,제1종근린생활시설,1007113364,지번,1,False
1123010300105750006,서울특별시 동대문구 제기동,서울특별시 동대문구 홍릉로3길 39 (제기동),근린생활1,제1종근린생활시설,1007121783,지번,1,False
1123010300106050000,서울특별시 동대문구 제기동,서울특별시 동대문구 왕산로33길 57 (제기동),근린생활1,제1종근린생활시설,1007117322,지번,1,False
1123010700107890000,서울특별시 동대문구 청량리동,서울특별시 동대문구 경동시장로8길 47 (청량리동),근린생활1,제1종근린생활시설,100717854,지번,1,False
1123010300106310001,서울특별시 동대문구 제기동,서울특별시 동대문구 홍릉로1가길 12 (제기동),근린생활2,제2종근린생활시설,1007117410,지번,1,False
1123010300105920003,서울특별시 동대문구 제기동,,근린생활1,제1종근린생활시설,100711580,지번,2,False
1123010300105920003,서울특별시 동대문구 제기동,,근린생활1,제1종근린생활시설,100711581,지번,2,False
1123010300105940005,서울특별시 동대문구 제기동,서울특별시 동대문구 경동시장로14길 5 (제기동),근린생활2,제2종근린생활시설,1007122519,지번,1,False
1123010200100390418,서울특별시 동대문구 용두동,서울특별시 동대문구 천호대로31길 52 (용두동),근린생활2,제2종근린생활시설,1007112461,지번,1,False
1123010700105800000,서울특별시 동대문구 청량리동,서울특별시 동대문구 홍릉로15길 3 (청량리동),근린생활1,제1종근린생활시설,1007112064,지번,1,False
1123010200102340039,서울특별시 동대문구 용두동,서울특별시 동대문구 무학로 133-1 (용두동),근린생활1,제1종근린생활시설,1007134183,지번,1,False
1123010300108380005,서울특별시 동대문구 제기동,서울특별시 동대문구 고산자로44길 21 (제기동),근린생활1,제1종근린생활시설,1007119073,지번,1,False
1123010300101390012,서울특별시 동대문구 제기동,서울특별시 동대문구 제기로 10 (제기동),근린생활2,제2종근린생활시설,1007116263,지번,1,False
1123010200101870056,서울특별시 동대문구 용두동,,근린생활1,단독주택,100711710,본번,1,False
1123010300108920090,서울특별시 동대문구 제기동,서울특별시 동대문구 정릉천동로 136 (제기동),근린생활1,제1종근린생활시설,100715419,지번,2,False
1123010300108740000,서울특별시 동대문구 제기동,서울특별시 동대문구 정릉천동로 148-2 (제기동),근린생활1,제1종근린생활시설,1007126244,지번,1,False
1123010300107300003,서울특별시 동대문구 제기동,서울특별시 동대문구 약령중앙로 76 (제기동),근린생활1,제1종근린생활시설,100717986,지번,1,False
1123010300109920031,서울특별시 동대문구 제기동,서울특별시 동대문구 경동시장로3길 16-5 (제기동),근린생활1,제1종근린생활시설,1007119225,지번,1,False
1123010200100260005,서울특별시 동대문구 용두동,서울특별시 동대문구 고산자로34가길 20 (용두동),근린생활2,제2종근린생활시설,1007110269,지번,1,False
1123010300106200020,서울특별시 동대문구 제기동,서울특별시 동대문구 경동시장로14길 4-8 (제기동),근린생활1,제1종근린생활시설,1007110954,지번,1,False
1123010300105750004,서울특별시 동대문구 제기동,서울특별시 동대문구 홍릉로1가길 27 (제기동),근린생활1,제1종근린생활시설,1007116883,지번,1,False
1123010300106310012,서울특별시 동대문구 제기동,서울특별시 동대문구 경동시장로8길 34-1 (제기동),근린생활1,제1종근린생활시설,100712157,지번,2,False
1123010300105440000,서울특별시 동대문구 제기동,서울특별시 동대문구 왕산로33길 62 (제기동),근린생활1,제1종근린생활시설,1007127790,지번,1,False
1123010300101200140,서울특별시 동대문구 제기동,서울특별시 동대문구 제기로21길 85 (제기동),근린생활2,제2종근린생활시설,1007125893,지번,1,False
1123010200100390055,서울특별시 동대문구 용두동,서울특별시 동대문구 천호대로43길 45 (용두동),근린생활1,제1종근린생활시설,1007126087,지번,1,False
1123010200100230047,서울특별시 동대문구 용두동,서울특별시 동대문구 왕산로 150 (용두동),근린생활1,제1종근린생활시설,1007110144,지번,1,False
1123010200102350012,서울특별시 동대문구 용두동,서울특별시 동대문구 천호대로13길 26 (용두동),근린생활1,제1종근린생활시설,1007123394,지번,1,False
1123010300109890006,서울특별시 동대문구 제기동,서울특별시 동대문구 고산자로38길 21 (제기동),근린생활1,제1종근린생활시설,1007122207,지번,1,False
1123010300108720000,서울특별시 동대문구 제기동,서울특별시 동대문구 정릉천동로 150-1 (제기동),근린생활1,제1종근린생활시설,1007118849,지번,1,False
1123010300106820016,서울특별시 동대문구 제기동,서울특별시 동대문구 고산자로50길 19-1 (제기동),근린생활1,제1종근린생활시설,1007119018,지번,1,False
1123010200101870055,서울특별시 동대문구 용두동,,근린생활2,단독주택,100711710,본번,1,False
1123010300108920159,서울특별시 동대문구 제기동,서울특별시 동대문구 약령시로 59 (제기동),근린생활1,제2종근린생활시설,10071100226872,지번,1,False
1123010300107150004,서울특별시 동대문구 제기동,서울특별시 동대문구 약령중앙로 80-1 (제기동),근린생활1,제1종근린생활시설,100711558,지번,1,False
1123010300109900018,서울특별시 동대문구 제기동,서울특별시 동대문구 고산자로38길 15-6 (제기동),근린생활1,제1종근린생활시설,100712229,지번,1,False
1123010300104650014,서울특별시 동대문구 제기동,서울특별시 동대문구 왕산로37길 57 (제기동),근린생활2,제2종근린생활시설,100714879,지번,1,False
1123010300105050000,서울특별시 동대문구 제기동,서울특별시 동대문구 홍릉로5길 42-7 (제기동),근린생활2,제2종근린생활시설,100712151,본번,1,False
1123010300103450029,서울특별시 동대문구 제기동,서울특별시 동대문구 약령시로17길 3 (제기동),근린생활1,제1종근린생활시설,1007130245,지번,1,False
1123010300102870028,서울특별시 동대문구 제기동,서울특별시 동대문구 홍릉로15길 24 (제기동),근린생활1,제1종근린생활시설,100716924,지번,1,False
1123010200100200002,서울특별시 동대문구 용두동,서울특별시 동대문구 고산자로34길 52-14 (용두동),근린생활2,제2종근린생활시설,1007134048,지번,1,False
1123010300102860006,서울특별시 동대문구 제기동,서울특별시 동대문구 홍릉로17길 17 (제기동),근린생활1,공동주택,10071100214312,지번,1,False
1123010300104860006,서울특별시 동대문구 제기동,서울특별시 동대문구 왕산로35길 42 (제기동),근린생활2,제2종근린생활시설,1007130042,지번,1,False
1123010700105200075,서울특별시 동대문구 청량리동,서울특별시 동대문구 제기로 65-1 (청량리동),근린생활1,제1종근린생활시설,1007117129,지번,1,False
1123010300106200041,서울특별시 동대문구 제기동,서울특별시 동대문구 경동시장로12길 7 (제기동),근린생활1,제1종근린생활시설,10071100188316,지번,1,False
1123010700105260000,서울특별시 동대문구 청량리동,서울특별시 동대문구 홍릉로17길 3-2 (청량리동),근린생활1,제1종근린생활시설,1007117816,지번,1,False
1123010300105960001,서울특별시 동대문구 제기동,서울특별시 동대문구 왕산로33길 69 (제기동),근린생활2,제2종근린생활시설,1007110324,지번,1,False
1123010300107400003,서울특별시 동대문구 제기동,서울특별시 동대문구 약령시로13길 32 (제기동),근린생활1,제1종근린생활시설,1007115322,지번,1,False
1123010300101350021,서울특별시 동대문구 제기동,서울특별시 동대문구 제기로 19-4 (제기동),근린생활2,제2종근린생활시설,1007133573,지번,1,False
1123011000102370108,서울특별시 동대문구 이문동,서울특별시 동대문구 신이문로 31-1 (이문동),근린생활1,제1종근린생활시설,1007116667,지번,1,False
1123010300101390007,서울특별시 동대문구 제기동,서울특별시 동대문구 제기로 9-1 (제기동),근린생활2,제2종근린생활시설,1007118554,지번,1,False
1123010300109920026,서울특별시 동대문구 제기동,서울특별시 동대문구 경동시장로3길 16-6 (제기동),근린생활1,제1종근린생활시설,1007129201,지번,1,False
1123011000102550168,서울특별시 동대문구 이문동,서울특별시 동대문구 이문로46길 6 (이문동),근린생활1,제1종근린생활시설,1007116455,지번,1,False
1123010300108920093,서울특별시 동대문구 제기동,서울특별시 동대문구 약령시로 57-1 (제기동),근린생활1,제1종근린생활시설,1007123970,지번,1,False
1123010200100260010,서울특별시 동대문구 용두동,서울특별시 동대문구 고산자로32길 15 (용두동),근린생활2,제2종근린생활시설,1007119090,지번,1,False
1123010200100260006,서울특별시 동대문구 용두동,서울특별시 동대문구 고산자로32길 17 (용두동),근린생활1,제1종근린생활시설,1007134238,지번,1,False
1123010300108970009,서울특별시 동대문구 제기동,서울특별시 동대문구 경동시장로9길 9 (제기동),근린생활1,제1종근린생활시설,1007113976,지번,1,False
1123010300109920032,서울특별시 동대문구 제기동,서울특별시 동대문구 경동시장로3길 16-3 (제기동),근린생활1,제1종근린생활시설,1007129506,지번,1,False
1123010700106320000,서울특별시 동대문구 청량리동,서울특별시 동대문구 홍릉로 39-28 (청량리동),근린생활1,제1종근린생활시설,1007116786,지번,1,False
1123010300108990001,서울특별시 동대문구 제기동,서울특별시 동대문구 경동시장로 21 (제기동),근린생활1,창고시설,10071100267417,지번,1,False
1123010300104260004,서울특별시 동대문구 제기동,서울특별시 동대문구 약령시로15길 5 (제기동),근린생활2,제2종근린생활시설,1007113440,지번,1,False
1123010300102860019,서울특별시 동대문구 제기동,서울특별시 동대문구 약령시로17길 63-2 (제기동),근린생활1,제1종근린생활시설,100716572,지번,1,False
1123010300106460011,서울특별시 동대문구 제기동,서울특별시 동대문구 경동시장로6길 5-3 (제기동),근린생활1,제1종근린생활시설,100718568,지번,1,False
1123010300106460010,서울특별시 동대문구 제기동,서울특별시 동대문구 경동시장로 18-4 (제기동),근린생활1,제1종근린생활시설,100718769,지번,1,False
1123010300102850008,서울특별시 동대문구 제기동,서울특별시 동대문구 제기로 80 (제기동),근린생활1,제1종근린생활시설,1007136693,지번,1,False
1123010300104790000,서울특별시 동대문구 제기동,서울특별시 동대문구 홍릉로3길 22 (제기동),근린생활1,제1종근린생활시설,100715377,지번,2,False
1123010300108600018,서울특별시 동대문구 제기동,서울특별시 동대문구 약령중앙로 73 (제기동),근린생활1,제1종근린생활시설,1007126836,지번,1,False
1123010200101020102,서울특별시 동대문구 용두동,서울특별시 동대문구 무학로30길 51 (용두동),근린생활1,제1종근린생활시설,1007113002,지번,1,False
1123010300111420007,서울특별시 동대문구 제기동,서울특별시 동대문구 회기로8길 9 (제기동),근린생활2,제2종근린생활시설,1007118181,지번,1,False
1123010200102320012,서울특별시 동대문구 용두동,서울특별시 동대문구 무학로37길 30 (용두동),근린생활1,제1종근린생활시설,1007130034,지번,1,False
1123010300100670197,서울특별시 동대문구 제기동,서울특별시 동대문구 제기로2길 15 (제기동),근린생활1,제1종근린생활시설,100718468,지번,1,False
1123010200101190025,서울특별시 동대문구 용두동,서울특별시 동대문구 왕산로16길 42 (용두동),근린생활2,제2종근린생활시설,1007133834,지번,1,False
1123010300111510008,서울특별시 동대문구 제기동,서울특별시 동대문구 안암로 86 (제기동),근린생활2,제2종근린생활시설,10071100266375,지번,1,False
1123010300108920084,서울특별시 동대문구 제기동,서울특별시 동대문구 정릉천동로 106-1 (제기동),근린생활2,제2종근린생활시설,1007124670,지번,1,False
1123010200107410011,서울특별시 동대문구 용두동,서울특별시 동대문구 안암로16길 25-1 (용두동),근린생활1,제1종근린생활시설,1007121290,지번,1,False
1123010300102470003,서울특별시 동대문구 제기동,서울특별시 동대문구 약령시로5길 4 (제기동),근린생활2,제2종근린생활시설,1007127061,지번,1,False
1123010300109900008,서울특별시 동대문구 제기동,서울특별시 동대문구 고산자로40길 18 (제기동),근린생활1,제1종근린생활시설,100712242,지번,1,False
1123010300104410000,서울특별시 동대문구 제기동,서울특별시 동대문구 왕산로37길 63 (제기동),근린생활2,제2종근린생활시설,1007117971,지번,1,False
1123010300104860008,서울특별시 동대문구 제기동,서울특별시 동대문구 경동시장로10길 41 (제기동),근린생활2,제2종근린생활시설,1007117331,지번,1,False
1123010300108970018,서울특별시 동대문구 제기동,서울특별시 동대문구 경동시장로 25 (제기동),근린생활1,제1종근린생활시설,1007125414,지번,1,False
1123010700105730000,서울특별시 동대문구 청량리동,서울특별시 동대문구 약령시로17길 46 (청량리동),근린생활2,제2종근린생활시설,100719048,지번,1,False
1123010700107850000,서울특별시 동대문구 청량리동,서울특별시 동대문구 왕산로35길 26 (청량리동),근린생활1,제1종근린생활시설,1007119910,지번,1,False
1123010300104810000,서울특별시 동대문구 제기동,서울특별시 동대문구 경동시장로12길 48 (제기동),근린생활1,제1종근린생활시설,1007125182,지번,1,False
1123010300106200021,서울특별시 동대문구 제기동,서울특별시 동대문구 경동시장로 36-2 (제기동),근린생활1,제1종근린생활시설,1007127883,지번,1,False
1123010300101370020,서울특별시 동대문구 제기동,서울특별시 동대문구 안암로 158-1 (제기동),근린생활2,제2종근린생활시설,1007134011,지번,1,False
1123010300101220418,서울특별시 동대문구 제기동,서울특별시 동대문구 고산자로56길 34 (제기동),근린생활2,제2종근린생활시설,1007136138,지번,1,False
1123010200102100008,서울특별시 동대문구 용두동,서울특별시 동대문구 한빛로 52 (용두동),근린생활2,제2종근린생활시설,1007111557,지번,1,False
1123010200102340036,서울특별시 동대문구 용두동,서울특별시 동대문구 무학로33길 8 (용두동),근린생활2,제2종근린생활시설,100719580,지번,1,False
1123010200101190021,서울특별시 동대문구 용두동,서울특별시 동대문구 무학로34길 8 (용두동),근린생활2,제2종근린생활시설,1007132379,지번,1,False
1123010200101120063,서울특별시 동대문구 용두동,서울특별시 동대문구 왕산로16길 17 (용두동),근린생활2,제2종근린생활시설,1007121887,지번,1,False
1123010200101050044,서울특별시 동대문구 용두동,서울특별시 동대문구 천호대로17길 60 (용두동),근린생활1,제1종근린생활시설,1007131168,지번,1,False
1123010300101370316,서울특별시 동대문구 제기동,서울특별시 동대문구 제기로2길 7-4 (제기동),근린생활1,제1종근린생활시설,1007134597,지번,1,False
1123010300101220528,서울특별시 동대문구 제기동,서울특별시 동대문구 고산자로56길 40 (제기동),근린생활1,제1종근린생활시설,1007118364,지번,1,False
1123010700102030308,서울특별시 동대문구 청량리동,서울특별시 동대문구 제기로 67-6 (청량리동),근린생활2,제2종근린생활시설,100712841,지번,2,False
1123010700102030308,서울특별시 동대문구 청량리동,서울특별시 동대문구 제기로 67-6 (청량리동),근린생활2,제2종근린생활시설,100712842,지번,2,False
1123010300101370148,서울특별시 동대문구 제기동,서울특별시 동대문구 제기로2길 25-9 (제기동),근린생활1,제1종근린생활시설,10071100183568,지번,1,False
1123010300104780003,서울특별시 동대문구 제기동,서울특별시 동대문구 홍릉로3길 16-1 (제기동),근린생활1,제1종근린생활시설,1007132615,지번,1,False
1123010200101930012,서울특별시 동대문구 용두동,서울특별시 동대문구 무학로44길 20 (용두동),근린생활2,제2종근린생활시설,100718471,지번,1,False
1123010300107140017,서울특별시 동대문구 제기동,서울특별시 동대문구 고산자로 513 (제기동),근린생활1,제1종근린생활시설,100715572,지번,1,False
1123010300104860031,서울특별시 동대문구 제기동,서울특별시 동대문구 경동시장로10길 53 (제기동),근린생활2,제2종근린생활시설,1007123840,지번,1,False
1123010300105940003,서울특별시 동대문구 제기동,서울특별시 동대문구 경동시장로14길 5-1 (제기동),근린생활1,제1종근린생활시설,1007117753,지번,1,False
1123010300103450019,서울특별시 동대문구 제기동,서울특별시 동대문구 약령시로 117-3 (제기동),근린생활1,제1종근린생활시설,100712125,지번,1,False
1123010300104860033,서울특별시 동대문구 제기동,서울특별시 동대문구 홍릉로3길 17-1 (제기동),근린생활1,제1종근린생활시설,1007135316,지번,1,False
1123010300105470000,서울특별시 동대문구 제기동,서울특별시 동대문구 경동시장로12길 26-1 (제기동),근린생활1,제1종근린생활시설,1007132024,지번,1,False
1123010300101220419,서울특별시 동대문구 제기동,서울특별시 동대문구 고산자로56길 32-1 (제기동),근린생활1,제1종근린생활시설,1007110150,지번,1,False
1123010300101370180,서울특별시 동대문구 제기동,서울특별시 동대문구 제기로 9-8 (제기동),근린생활2,제2종근린생활시설,100715068,지번,2,False
1123010300101370180,서울특별시 동대문구 제기동,서울특별시 동대문구 제기로 9-8 (제기동),근린생활2,제2종근린생활시설,100715069,지번,2,False
1123010300106350019,서울특별시 동대문구 제기동,서울특별시 동대문구 왕산로 181 (제기동),근린생활1,제1종근린생활시설,1007118346,지번,1,False
1123010400104990015,서울특별시 동대문구 전농동,서울특별시 동대문구 서울시립대로 64 (전농동),근린생활2,제2종근린생활시설,100716142,지번,1,False
1123010300108890024,서울특별시 동대문구 제기동,서울특별시 동대문구 약령중앙로 37-6 (제기동),근린생활1,단독주택,1007125261,지번,1,False
1123010300106310007,서울특별시 동대문구 제기동,서울특별시 동대문구 경동시장로8길 34-11 (제기동),근린생활1,제1종근린생활시설,1007130163,지번,1,False
1123010300104650015,서울특별시 동대문구 제기동,서울특별시 동대문구 왕산로37길 55-1 (제기동),근린생활2,제2종근린생활시설,1007117535,지번,1,False
1123010300104240000,서울특별시 동대문구 제기동,서울특별시 동대문구 경동시장로 50 (제기동),근린생활1,제1종근린생활시설,100714849,지번,5,False
1123010300104240000,서울특별시 동대문구 제기동,서울특별시 동대문구 경동시장로 50 (제기동),근린생활1,제1종근린생활시설,100714871,지번,5,False
1123010300105910006,서울특별시 동대문구 제기동,서울특별시 동대문구 약령시로 98-3 (제기동),근린생활2,제2종근린생활시설,1007120079,지번,1,False
1123010300104780007,서울특별시 동대문구 제기동,서울특별시 동대문구 홍릉로3길 14 (제기동),근린생활1,제1종근린생활시설,1007113693,지번,1,False
1123010300101370433,서울특별시 동대문구 제기동,서울특별시 동대문구 안암로 138 (제기동),근린생활2,제2종근린생활시설,1007112407,지번,1,False
1123010300101370379,서울특별시 동대문구 제기동,서울특별시 동대문구 제기로5길 5 (제기동),근린생활2,제2종근린생활시설,1007131409,지번,1,False
1123010300108600028,서울특별시 동대문구 제기동,서울특별시 동대문구 제기로 40-10 (제기동),근린생활1,제1종근린생활시설,1007136116,지번,1,False
1123010300101360229,서울특별시 동대문구 제기동,서울특별시 동대문구 안암로26길 13 (제기동),근린생활2,제2종근린생활시설,10071100183902,지번,1,False
1123010300104640014,서울특별시 동대문구 제기동,서울특별시 동대문구 약령시로 116-4 (제기동),근린생활1,제1종근린생활시설,1007127446,지번,1,False
1123010300106320015,서울특별시 동대문구 제기동,서울특별시 동대문구 홍릉로1가길 5-5 (제기동),근린생활2,제2종근린생활시설,1007133767,지번,1,False
1123010300105050001,서울특별시 동대문구 제기동,서울특별시 동대문구 홍릉로5길 42-7 (제기동),근린생활1,제2종근린생활시설,100712151,본번,1,False
1123010200100200028,서울특별시 동대문구 용두동,서울특별시 동대문구 고산자로34길 52-26 (용두동),근린생활2,제2종근린생활시설,1007129060,지번,1,False
1123010200100230033,서울특별시 동대문구 용두동,서울특별시 동대문구 고산자로34길 17-3 (용두동),근린생활2,제2종근린생활시설,1007121764,지번,1,False
1123010200100200081,서울특별시 동대문구 용두동,서울특별시 동대문구 고산자로32길 25 (용두동),근린생활2,제2종근린생활시설,1007121242,지번,1,False
1123010300106200043,서울특별시 동대문구 제기동,서울특별시 동대문구 경동시장로 30-9 (제기동),근린생활1,제1종근린생활시설,1007117127,지번,1,False
1123010300101370128,서울특별시 동대문구 제기동,서울특별시 동대문구 안암로 134-2 (제기동),근린생활2,제2종근린생활시설,1007136835,지번,1,False
1123010300111530025,서울특별시 동대문구 제기동,서울특별시 동대문구 무학로 198 (제기동),근린생활1,제1종근린생활시설,100711832,지번,2,False
1123010300106310009,서울특별시 동대문구 제기동,서울특별시 동대문구 경동시장로8길 34-7 (제기동),근린생활2,제2종근린생활시설,1007127122,지번,1,False
1123010300104730001,서울특별시 동대문구 제기동,서울특별시 동대문구 경동시장로12길 41-4 (제기동),근린생활2,제2종근린생활시설,100712141,지번,1,False
1123010300106200064,서울특별시 동대문구 제기동,서울특별시 동대문구 경동시장로10가길 9 (제기동),근린생활1,제1종근린생활시설,10071100195865,지번,1,False
1123010300101360160,서울특별시 동대문구 제기동,서울특별시 동대문구 제기로5길 28 (제기동),근린생활2,제2종근린생활시설,1007122866,지번,1,False
1123010300101200264,서울특별시 동대문구 제기동,서울특별시 동대문구 고산자로52길 11-1 (제기동),근린생활1,제1종근린생활시설,1007124499,지번,1,False
1123010300104650013,서울특별시 동대문구 제기동,서울특별시 동대문구 홍릉로5길 13 (제기동),근린생활2,제2종근린생활시설,100714884,지번,1,False
1123010700106700002,서울특별시 동대문구 청량리동,서울특별시 동대문구 홍릉로 37-2 (청량리동),근린생활1,제1종근린생활시설,100716650,지번,1,False
1123010300101360081,서울특별시 동대문구 제기동,서울특별시 동대문구 고산자로 551 (제기동),근린생활1,제1종근린생활시설,1007130800,지번,1,False
1123010300108870081,서울특별시 동대문구 제기동,서울특별시 동대문구 약령시로 63-2 (제기동),근린생활2,제2종근린생활시설,100719191,지번,1,False
1123010300101460041,서울특별시 동대문구 제기동,서울특별시 동대문구 안암로 98 (제기동),근린생활1,업무시설,10071100262695,지번,1,False
1123010300100670125,서울특별시 동대문구 제기동,서울특별시 동대문구 안암로 118-10 (제기동),근린생활2,제2종근린생활시설,1007123611,지번,1,False
1123010300102150000,서울특별시 동대문구 제기동,서울특별시 동대문구 약령시로5길 33-1 (제기동),근린생활2,제2종근린생활시설,1007127862,지번,1,False
1123010300111250002,서울특별시 동대문구 제기동,서울특별시 동대문구 약령중앙로 10-16 (제기동),근린생활1,제1종근린생활시설,100712256,지번,1,False
1123010200102340061,서울특별시 동대문구 용두동,서울특별시 동대문구 왕산로 60 (용두동),근린생활2,제2종근린생활시설,100715820,지번,2,False
1123010200102340061,서울특별시 동대문구 용두동,서울특별시 동대문구 왕산로 60 (용두동),근린생활2,제2종근린생활시설,100715821,지번,2,False
1123010300108900027,서울특별시 동대문구 제기동,서울특별시 동대문구 약령중앙로 29-10 (제기동),근린생활1,제1종근린생활시설,1007126958,지번,1,False
1123010300100670102,서울특별시 동대문구 제기동,서울특별시 동대문구 제기로4가길 2 (제기동),근린생활1,제1종근린생활시설,1007120487,지번,1,False
1123010200101440031,서울특별시 동대문구 용두동,서울특별시 동대문구 왕산로 77 (용두동),근린생활1,업무시설,10071100266036,지번,1,False
1123010200101380152,서울특별시 동대문구 용두동,서울특별시 동대문구 왕산로19길 35 (용두동),근린생활2,제2종근린생활시설,1007121865,지번,1,False
1123010300111480023,서울특별시 동대문구 제기동,서울특별시 동대문구 회기로2길 19 (제기동),근린생활1,제1종근린생활시설,1007123220,지번,1,False
1123010300101220483,서울특별시 동대문구 제기동,서울특별시 동대문구 고산자로60길 27 (제기동),근린생활2,제2종근린생활시설,1007110134,지번,1,False
1123010200101190010,서울특별시 동대문구 용두동,서울특별시 동대문구 왕산로16길 20-1 (용두동),근린생활2,제2종근린생활시설,1007119744,지번,1,False
1123010200101190005,서울특별시 동대문구 용두동,서울특별시 동대문구 무학로36길 4 (용두동),근린생활2,제2종근린생활시설,1007111769,지번,1,False
1123010200107120062,서울특별시 동대문구 용두동,서울특별시 동대문구 왕산로 108 (용두동),근린생활2,제2종근린생활시설,100713075,지번,2,False
1123010200107120062,서울특별시 동대문구 용두동,서울특별시 동대문구 왕산로 108 (용두동),근린생활2,제2종근린생활시설,100713076,지번,2,False
1123010300108900016,서울특별시 동대문구 제기동,서울특별시 동대문구 약령중앙로 31-12 (제기동),근린생활1,제1종근린생활시설,1007111528,지번,1,False
1123010400101520043,서울특별시 동대문구 전농동,서울특별시 동대문구 서울시립대로29길 45 (전농동),근린생활1,제1종근린생활시설,100717273,지번,1,False
1123010300108870180,서울특별시 동대문구 제기동,서울특별시 동대문구 약령서길 84 (제기동),근린생활2,제2종근린생활시설,1007111195,지번,1,False
1123010300111480016,서울특별시 동대문구 제기동,서울특별시 동대문구 회기로2길 5 (제기동),근린생활2,제2종근린생활시설,10071100191061,지번,1,False
1123010300111580057,서울특별시 동대문구 제기동,서울특별시 동대문구 왕산로19마길 26 (제기동),근린생활2,단독주택,10071100246214,지번,1,False
1123010300108760000,서울특별시 동대문구 제기동,서울특별시 동대문구 정릉천동로 148 (제기동),근린생활1,제1종근린생활시설,1007127421,지번,1,False
1123010300108870211,서울특별시 동대문구 제기동,서울특별시 동대문구 약령서길 136-1 (제기동),근린생활1,제1종근린생활시설,1007129315,지번,1,False
1123010300101370382,서울특별시 동대문구 제기동,서울특별시 동대문구 제기로4길 7-1 (제기동),근린생활1,제1종근린생활시설,100718728,지번,1,False
1123010300101360232,서울특별시 동대문구 제기동,서울특별시 동대문구 안암로26길 11 (제기동),근린생활2,제2종근린생활시설,1007116108,지번,1,False
1123010200101190004,서울특별시 동대문구 용두동,서울특별시 동대문구 무학로36길 6 (용두동),근린생활2,제2종근린생활시설,1007117568,지번,1,False
1123010300100520009,서울특별시 동대문구 제기동,서울특별시 동대문구 약령시로9길 3-4 (제기동),근린생활1,단독주택,10071100205365,지번,1,False
1123010300101370090,서울특별시 동대문구 제기동,서울특별시 동대문구 안암로20길 4 (제기동),근린생활2,제2종근린생활시설,1007120098,지번,1,False
1123010300107140009,서울특별시 동대문구 제기동,서울특별시 동대문구 고산자로 515 (제기동),근린생활2,제2종근린생활시설,100715577,지번,1,False
1123010200101930013,서울특별시 동대문구 용두동,서울특별시 동대문구 무학로44길 18 (용두동),근린생활2,제2종근린생활시설,10071100190318,지번,1,False
1123010200101020067,서울특별시 동대문구 용두동,서울특별시 동대문구 무학로30길 32 (용두동),근린생활2,제2종근린생활시설,1007132540,지번,1,False
1123010300101350006,서울특별시 동대문구 제기동,서울특별시 동대문구 제기로 15-6 (제기동),근린생활2,제2종근린생활시설,1007116755,지번,1,False
1123010300111400021,서울특별시 동대문구 제기동,서울특별시 동대문구 약령중앙로 15-6 (제기동),근린생활1,제1종근린생활시설,1007135424,지번,1,False
1123010200101440018,서울특별시 동대문구 용두동,서울특별시 동대문구 왕산로17길 10 (용두동),근린생활1,제1종근린생활시설,1007123339,지번,1,False
1123010300111400038,서울특별시 동대문구 제기동,서울특별시 동대문구 약령서1길 16-6 (제기동),근린생활1,제1종근린생활시설,1007130103,지번,1,False
1123010300101370150,서울특별시 동대문구 제기동,서울특별시 동대문구 제기로2길 11 (제기동),근린생활2,제2종근린생활시설,1007116467,지번,1,False
1123010300102180006,서울특별시 동대문구 제기동,서울특별시 동대문구 약령시로5길 16-3 (제기동),근린생활1,제1종근린생활시설,1007131769,지번,1,False
1123010300100670066,서울특별시 동대문구 제기동,서울특별시 동대문구 제기로2가길 6 (제기동),근린생활1,단독주택,10071100241312,지번,1,False
1123010200101020090,서울특별시 동대문구 용두동,서울특별시 동대문구 무학로32길 46 (용두동),근린생활1,제1종근린생활시설,100719776,지번,1,False
1123010200101050023,서울특별시 동대문구 용두동,서울특별시 동대문구 왕산로16나길 29-7 (용두동),근린생활2,제2종근린생활시설,100719137,지번,1,False
1123010200101900018,서울특별시 동대문구 용두동,서울특별시 동대문구 무학로42길 4-4 (용두동),근린생활2,제2종근린생활시설,1007120442,지번,1,False
1123010300111580019,서울특별시 동대문구 제기동,서울특별시 동대문구 왕산로19다길 28 (제기동),근린생활2,제2종근린생활시설,1007113165,지번,1,False
1123010200101380060,서울특별시 동대문구 용두동,서울특별시 동대문구 왕산로19가길 10 (용두동),근린생활2,제2종근린생활시설,100719697,지번,1,False
1123010300101220486,서울특별시 동대문구 제기동,서울특별시 동대문구 고산자로60길 19 (제기동),근린생활1,제1종근린생활시설,100714437,지번,3,False
1123010300101420016,서울특별시 동대문구 제기동,서울특별시 동대문구 제기로2길 4 (제기동),근린생활,근린생활시설,1007117487,지번,1,False
1123010300107140013,서울특별시 동대문구 제기동,서울특별시 동대문구 약령동길 164 (제기동),근린생활1,제1종근린생활시설,100715579,지번,1,False
1123010300111490013,서울특별시 동대문구 제기동,서울특별시 동대문구 회기로2길 10 (제기동),근린생활1,제1종근린생활시설,1007116568,지번,1,False
1123010500100580041,서울특별시 동대문구 답십리동,서울특별시 동대문구 답십리로58길 25 (답십리동),근린생활1,제1종근린생활시설,1007111645,지번,1,False
1123010300108920115,서울특별시 동대문구 제기동,서울특별시 동대문구 정릉천동로 112-5 (제기동),근린생활1,제1종근린생활시설,100717309,지번,1,False
1123010300101360300,서울특별시 동대문구 제기동,서울특별시 동대문구 안암로22길 32 (제기동),근린생활1,제1종근린생활시설,1007111183,지번,1,False
1123010200102100004,서울특별시 동대문구 용두동,서울특별시 동대문구 한빛로 52-1 (용두동),근린생활1,제1종근린생활시설,1007123572,지번,1,False
1123010200102320040,서울특별시 동대문구 용두동,서울특별시 동대문구 무학로37길 26 (용두동),근린생활2,제2종근린생활시설,1007134172,지번,1,False
1123010300101370257,서울특별시 동대문구 제기동,서울특별시 동대문구 제기로5길 17 (제기동),근린생활1,제1종근린생활시설,1007125653,지번,1,False
1123010300100640001,서울특별시 동대문구 제기동,서울특별시 동대문구 약령시로9길 21-4 (제기동),근린생활1,제1종근린생활시설,1007122872,지번,1,False
1123010300101370113,서울특별시 동대문구 제기동,서울특별시 동대문구 안암로 140-2 (제기동),근린생활1,제1종근린생활시설,100716721,지번,1,False
1123010300108920095,서울특별시 동대문구 제기동,서울특별시 동대문구 정릉천동로 122 (제기동),근린생활1,공동주택,10071100206104,지번,1,False
1123010300107150010,서울특별시 동대문구 제기동,서울특별시 동대문구 약령동길 161-1 (제기동),근린생활1,제1종근린생활시설,100711559,지번,1,False
1123010300107140010,서울특별시 동대문구 제기동,서울특별시 동대문구 고산자로 513-1 (제기동),근린생활1,제1종근린생활시설,100715585,지번,1,False
1123010200102330002,서울특별시 동대문구 용두동,서울특별시 동대문구 왕산로11길 21 (용두동),근린생활1,제1종근린생활시설,1007117780,지번,1,False
1123010300101360352,서울특별시 동대문구 제기동,서울특별시 동대문구 안암로22길 35-1 (제기동),근린생활1,단독주택,10071100221173,지번,1,False
1123010300101370089,서울특별시 동대문구 제기동,서울특별시 동대문구 안암로20길 6 (제기동),근린생활1,제1종근린생활시설,1007115894,지번,1,False
1123010300101370063,서울특별시 동대문구 제기동,서울특별시 동대문구 안암로20길 7-11 (제기동),근린생활2,제2종근린생활시설,100714400,지번,2,False
1123010200107410002,서울특별시 동대문구 용두동,서울특별시 동대문구 무학로45길 7 (용두동),근린생활2,제2종근린생활시설,10071100189817,지번,1,False
1123010300101370012,서울특별시 동대문구 제기동,서울특별시 동대문구 안암로26길 10 (제기동),근린생활1,제2종근린생활시설,10071100225433,지번,1,False
1123010200101120010,서울특별시 동대문구 용두동,서울특별시 동대문구 왕산로16길 9 (용두동),근린생활,근린생활시설,1007134837,지번,1,False
1123010300111400052,서울특별시 동대문구 제기동,서울특별시 동대문구 약령서1길 16-3 (제기동),근린생활1,제1종근린생활시설,1007128233,지번,1,False
1123010200101050008,서울특별시 동대문구 용두동,서울특별시 동대문구 왕산로16나길 31 (용두동),근린생활1,제1종근린생활시설,100716939,지번,1,False
1123010300108870035,서울특별시 동대문구 제기동,서울특별시 동대문구 약령서길 122 (제기동),근린생활1,제1종근린생활시설,1007134222,지번,1,False
1123010300101370256,서울특별시 동대문구 제기동,서울특별시 동대문구 제기로5길 19 (제기동),근린생활2,제2종근린생활시설,1007132155,지번,1,False
1123010200102360038,서울특별시 동대문구 용두동,서울특별시 동대문구 무학로33길 20 (용두동),근린생활2,제2종근린생활시설,100711831,지번,2,False
1123010300107090000,서울특별시 동대문구 제기동,서울특별시 동대문구 제기로 44-8 (제기동),근린생활1,제2종근린생활시설,10071100258756,지번,1,False
1123010300101370081,서울특별시 동대문구 제기동,서울특별시 동대문구 안암로20길 9 (제기동),근린생활2,제2종근린생활시설,1007119935,지번,1,False
1123010300101220506,서울특별시 동대문구 제기동,서울특별시 동대문구 고산자로60길 41 (제기동),근린생활1,제1종근린생활시설,1007112144,지번,1,False
1123010300111480021,서울특별시 동대문구 제기동,서울특별시 동대문구 회기로2길 7 (제기동),근린생활1,제1종근린생활시설,1007123216,지번,1,False
1123010300101340036,서울특별시 동대문구 제기동,서울특별시 동대문구 제기로6가길 15 (제기동),근린생활2,제2종근린생활시설,1007118626,지번,1,False
1123010800100600110,서울특별시 동대문구 회기동,서울특별시 동대문구 회기로 113 (회기동),근린생활2,제2종근린생활시설,1007117629,지번,1,False
1123010800101030258,서울특별시 동대문구 회기동,서울특별시 동대문구 회기로12길 13 (회기동),근린생활1,제1종근린생활시설,1007120637,지번,1,False
1123010800100600129,서울특별시 동대문구 회기동,서울특별시 동대문구 회기로 120 (회기동),근린생활1,제1종근린생활시설,1007115871,지번,1,False
1123010400105300082,서울특별시 동대문구 전농동,서울특별시 동대문구 서울시립대로 80-1 (전농동),근린생활2,제2종근린생활시설,1007115990,지번,1,False
1123010400105300083,서울특별시 동대문구 전농동,서울특별시 동대문구 서울시립대로 82 (전농동),근린생활2,제2종근린생활시설,1007127956,지번,1,False
1123010100100970030,서울특별시 동대문구 신설동,서울특별시 동대문구 하정로3길 7-7 (신설동),근린생활1,제1종근린생활시설,1007113207,지번,1,False
1123010100103960006,서울특별시 동대문구 신설동,서울특별시 동대문구 안암로4길 35 (신설동),근린생활2,제2종근린생활시설,1007112914,지번,1,False
1123010700100570016,서울특별시 동대문구 청량리동,서울특별시 동대문구 제기로 132 (청량리동),근린생활2,제2종근린생활시설,1007118126,지번,1,False
1123010400105200016,서울특별시 동대문구 전농동,서울특별시 동대문구 서울시립대로 72-4 (전농동),근린생활2,제2종근린생활시설,1007111467,지번,1,False
1123010400105300088,서울특별시 동대문구 전농동,서울특별시 동대문구 서울시립대로 78-21 (전농동),근린생활2,제2종근린생활시설,1007113265,지번,1,False
1123010700100510013,서울특별시 동대문구 청량리동,서울특별시 동대문구 왕산로43가길 2 (청량리동),근린생활2,제2종근린생활시설,1007132488,지번,1,False
1123010400105000002,서울특별시 동대문구 전농동,서울특별시 동대문구 서울시립대로 66-2 (전농동),근린생활1,제1종근린생활시설,1007134243,지번,1,False
1123010700100530000,서울특별시 동대문구 청량리동,서울특별시 동대문구 왕산로45길 37 (청량리동),근린생활1,제1종근린생활시설,1007114013,지번,1,False
1123010400105970049,서울특별시 동대문구 전농동,서울특별시 동대문구 왕산로 246-1 (전농동),근린생활2,제2종근린생활시설,1007131748,지번,1,False
1123010700107490000,서울특별시 동대문구 청량리동,서울특별시 동대문구 왕산로 195 (청량리동),근린생활1,제1종근린생활시설,1007129676,지번,1,False
1123010700105200002,서울특별시 동대문구 청량리동,서울특별시 동대문구 홍릉로 75 (청량리동),근린생활2,제2종근린생활시설,1007130866,지번,1,False
1123010200100290001,서울특별시 동대문구 용두동,서울특별시 동대문구 왕산로28길 55 (용두동),근린생활1,제1종근린생활시설,10071100188498,지번,1,False
1123010800100600145,서울특별시 동대문구 회기동,서울특별시 동대문구 회기로 112 (회기동),근린생활2,업무시설,10071100209182,지번,1,False
1123010400104970049,서울특별시 동대문구 전농동,서울특별시 동대문구 서울시립대로 71 (전농동),근린생활1,제1종근린생활시설,1007122804,지번,1,False
1123010400106480092,서울특별시 동대문구 전농동,서울특별시 동대문구 답십리로 72 (전농동),근린생활1,제1종근린생활시설,100715957,지번,1,False
1123010700100520020,서울특별시 동대문구 청량리동,서울특별시 동대문구 왕산로43길 22 (청량리동),근린생활2,제2종근린생활시설,1007130666,지번,1,False
1123010400106480069,서울특별시 동대문구 전농동,서울특별시 동대문구 답십리로26길 6 (전농동),근린생활2,제2종근린생활시설,1007122907,지번,1,False
1123010700100520000,서울특별시 동대문구 청량리동,서울특별시 동대문구 왕산로45길 27 (청량리동),근린생활1,제1종근린생활시설,1007126483,지번,1,False
1123010700100330008,서울특별시 동대문구 청량리동,서울특별시 동대문구 왕산로43가길 47 (청량리동),근린생활1,제1종근린생활시설,100718094,지번,1,False
1123010700100380011,서울특별시 동대문구 청량리동,서울특별시 동대문구 제기로37길 7 (청량리동),근린생활1,제1종근린생활시설,1007119953,지번,1,False
1123010100100890039,서울특별시 동대문구 신설동,서울특별시 동대문구 왕산로3길 11 (신설동),근린생활2,제2종근린생활시설,1007123314,지번,1,False
1123010100100910121,서울특별시 동대문구 신설동,서울특별시 동대문구 하정로4길 16-18 (신설동),근린생활1,제1종근린생활시설,1007128466,지번,1,False
1123010200102230023,서울특별시 동대문구 용두동,서울특별시 동대문구 한빛로 48-1 (용두동),근린생활1,제1종근린생활시설,100711638,지번,2,False
1123010200102230023,서울특별시 동대문구 용두동,서울특별시 동대문구 한빛로 48-1 (용두동),근린생활1,제1종근린생활시설,100711639,지번,2,False
1123010100100730002,서울특별시 동대문구 신설동,서울특별시 동대문구 왕산로 17-12 (신설동),근린생활1,제1종근린생활시설,1007133685,지번,1,False
1123010200107310006,서울특별시 동대문구 용두동,서울특별시 동대문구 무학로49길 42 (용두동),근린생활2,제2종근린생활시설,10071100186346,지번,1,False
1123010700100500019,서울특별시 동대문구 청량리동,서울특별시 동대문구 왕산로 247 (청량리동),근린생활1,제1종근린생활시설,1007111784,지번,1,False
1123010400105000001,서울특별시 동대문구 전농동,서울특별시 동대문구 서울시립대로 72 (전농동),근린생활2,제2종근린생활시설,1007136465,지번,1,False
1123010800100600133,서울특별시 동대문구 회기동,서울특별시 동대문구 회기로12길 7 (회기동),근린생활1,제1종근린생활시설,1007122051,지번,1,False
1123010700100460003,서울특별시 동대문구 청량리동,서울특별시 동대문구 제기로 144 (청량리동),근린생활1,제1종근린생활시설,1007129383,지번,1,False
1123010800101030180,서울특별시 동대문구 회기동,서울특별시 동대문구 회기로12길 14 (회기동),근린생활2,제2종근린생활시설,1007115640,지번,1,False
1123010400106830000,서울특별시 동대문구 전농동,서울특별시 동대문구 서울시립대로 73 (전농동),근린생활1,제1종근린생활시설,1007134864,지번,1,False
1123010800100600138,서울특별시 동대문구 회기동,서울특별시 동대문구 회기로 118 (회기동),근린생활1,제1종근린생활시설,1007122093,지번,1,False
1123010200107640009,서울특별시 동대문구 용두동,서울특별시 동대문구 안암로6길 21-7 (용두동),근린생활2,단독주택,10071100238392,지번,1,False
1123010100100060000,서울특별시 동대문구 신설동,서울특별시 동대문구 왕산로7길 23 (신설동),근린생활2,공동주택,1000000000000001150967,지번,2,True
1123010100100060000,서울특별시 동대문구 신설동,서울특별시 동대문구 왕산로7길 23 (신설동),근린생활2,공동주택,1000000000000001151033,지번,2,True
1123010400105970017,서울특별시 동대문구 전농동,서울특별시 동대문구 왕산로 240 (전농동),근린생활2,제2종근린생활시설,100716664,지번,1,False
1123010400105970002,서울특별시 동대문구 전농동,서울특별시 동대문구 왕산로 254 (전농동),근린생활2,제2종근린생활시설,100717011,지번,1,False
1123010400106780001,서울특별시 동대문구 전농동,서울특별시 동대문구 서울시립대로9길 21 (전농동),근린생활1,제1종근린생활시설,1007126131,지번,1,False
1123010700100500017,서울특별시 동대문구 청량리동,서울특별시 동대문구 왕산로 249 (청량리동),근린생활2,제2종근린생활시설,1007117343,지번,1,False
1123010400105300064,서울특별시 동대문구 전농동,서울특별시 동대문구 답십리로23길 49 (전농동),근린생활1,제1종근린생활시설,1007131994,지번,1,False
1123010400105970003,서울특별시 동대문구 전농동,서울특별시 동대문구 왕산로 252 (전농동),근린생활2,제2종근린생활시설,1007134546,지번,1,False
1123010700100500020,서울특별시 동대문구 청량리동,서울특별시 동대문구 왕산로43길 4 (청량리동),근린생활1,제1종근린생활시설,1007125130,지번,1,False
1123010400106480035,서울특별시 동대문구 전농동,서울특별시 동대문구 답십리로 76 (전농동),근린생활2,제2종근린생활시설,1007132721,지번,1,False
1123010400106500001,서울특별시 동대문구 전농동,서울특별시 동대문구 서울시립대로 56 (전농동),근린생활1,제1종근린생활시설,10071100235932,지번,1,False
1123010700100500022,서울특별시 동대문구 청량리동,서울특별시 동대문구 왕산로43길 6 (청량리동),근린생활2,제2종근린생활시설,1007113755,지번,1,False
1123010400105970027,서울특별시 동대문구 전농동,서울특별시 동대문구 왕산로 234 (전농동),근린생활2,제2종근린생활시설,1007124449,지번,1,False
1123010700100440004,서울특별시 동대문구 청량리동,서울특별시 동대문구 왕산로45길 32 (청량리동),근린생활2,제2종근린생활시설,100717993,지번,1,False
1123010100100920102,서울특별시 동대문구 신설동,서울특별시 동대문구 하정로4길 15 (신설동),근린생활1,제1종근린생활시설,1007121987,지번,1,False
1123010700100500000,서울특별시 동대문구 청량리동,서울특별시 동대문구 왕산로45길 7 (청량리동),근린생활1,제1종근린생활시설,1007111301,지번,1,False
1123010400104970085,서울특별시 동대문구 전농동,서울특별시 동대문구 서울시립대로 62 (전농동),근린생활2,제2종근린생활시설,100716143,지번,1,False
1123010400106480063,서울특별시 동대문구 전농동,서울특별시 동대문구 답십리로 70 (전농동),근린생활2,제2종근린생활시설,1007121296,지번,1,False
1123010400106480034,서울특별시 동대문구 전농동,서울특별시 동대문구 답십리로 66 (전농동),근린생활2,제2종근린생활시설,1007125907,지번,1,False
1123010700100380009,서울특별시 동대문구 청량리동,서울특별시 동대문구 제기로 149 (청량리동),근린생활2,제2종근린생활시설,1007125159,지번,1,False
1123010700100520002,서울특별시 동대문구 청량리동,서울특별시 동대문구 왕산로45길 21 (청량리동),근린생활1,제1종근린생활시설,1007136003,지번,1,False
1123010700100510014,서울특별시 동대문구 청량리동,서울특별시 동대문구 왕산로43가길 6 (청량리동),근린생활1,제1종근린생활시설,100713693,지번,2,False
1123010200102330015,서울특별시 동대문구 용두동,서울특별시 동대문구 왕산로9길 16 (용두동),근린생활1,제1종근린생활시설,100712994,지번,2,False
1123010200102200005,서울특별시 동대문구 용두동,서울특별시 동대문구 왕산로9길 25-1 (용두동),근린생활1,제1종근린생활시설,1007124797,지번,1,False
1123010200107820000,서울특별시 동대문구 용두동,서울특별시 동대문구 왕산로9길 25 (용두동),근린생활1,제1종근린생활시설,1007117384,지번,1,False
1123010200107370007,서울특별시 동대문구 용두동,서울특별시 동대문구 무학로45길 34 (용두동),근린생활2,제2종근린생활시설,1007135944,지번,1,False
1123010700100610160,서울특별시 동대문구 청량리동,서울특별시 동대문구 제기로37길 16 (청량리동),근린생활1,제1종근린생활시설,1007124371,지번,1,False
1123010400106480176,서울특별시 동대문구 전농동,서울특별시 동대문구 답십리로 74 (전농동),근린생활2,제2종근린생활시설,100715958,지번,1,False
1123010700100500003,서울특별시 동대문구 청량리동,서울특별시 동대문구 왕산로 253 (청량리동),근린생활1,제1종근린생활시설,100718988,지번,1,False
1123010700100500004,서울특별시 동대문구 청량리동,서울특별시 동대문구 왕산로 251 (청량리동),근린생활2,제2종근린생활시설,1007122374,지번,1,False
1123010400105970007,서울특별시 동대문구 전농동,서울특별시 동대문구 왕산로 246 (전농동),근린생활2,제2종근린생활시설,100718493,지번,1,False
1123010700100510006,서울특별시 동대문구 청량리동,서울특별시 동대문구 제기로38길 56 (청량리동),근린생활2,제2종근린생활시설,100716055,지번,1,False
1123010700100510002,서울특별시 동대문구 청량리동,서울특별시 동대문구 제기로38길 50 (청량리동),근린생활2,제2종근린생활시설,1007117765,지번,1,False
1123010400105970006,서울특별시 동대문구 전농동,서울특별시 동대문구 왕산로 248 (전농동),근린생활2,제2종근린생활시설,1007116260,지번,1,False
1123010200102200004,서울특별시 동대문구 용두동,서울특별시 동대문구 왕산로9길 29 (용두동),근린생활1,근린생활시설,1007115719,지번,2,True
1123010200102200004,서울특별시 동대문구 용두동,서울특별시 동대문구 한빛로 42-5 (용두동),근린생활1,단독주택,1007131000,지번,2,True
1123010700102350006,서울특별시 동대문구 청량리동,서울특별시 동대문구 왕산로 239 (청량리동),근린생활2,업무시설,1000000000000001563531,지번,1,False
1123010700100530019,서울특별시 동대문구 청량리동,서울특별시 동대문구 왕산로43길 34 (청량리동),근린생활1,제1종근린생활시설,1007117661,지번,1,False
1123010700100400016,서울특별시 동대문구 청량리동,서울특별시 동대문구 왕산로45길 8 (청량리동),근린생활1,제1종근린생활시설,1007117897,지번,1,False
1123010400104980021,서울특별시 동대문구 전농동,서울특별시 동대문구 서울시립대로 58 (전농동),근린생활2,제2종근린생활시설,10071100256475,지번,1,False
1123010400105970026,서울특별시 동대문구 전농동,서울특별시 동대문구 왕산로 236 (전농동),근린생활2,제2종근린생활시설,1007112333,지번,1,False
1123010400105970028,서울특별시 동대문구 전농동,서울특별시 동대문구 왕산로 232-1 (전농동),근린생활2,제2종근린생활시설,1007134474,지번,1,False
1123010400106480062,서울특별시 동대문구 전농동,서울특별시 동대문구 답십리로 68 (전농동),근린생활1,제1종근린생활시설,1007112197,지번,1,False
1123010700100500021,서울특별시 동대문구 청량리동,서울특별시 동대문구 왕산로43길 8-6 (청량리동),근린생활2,제2종근린생활시설,1007115820,지번,1,False
1123010700100450016,서울특별시 동대문구 청량리동,서울특별시 동대문구 왕산로45길 48 (청량리동),근린생활1,제1종근린생활시설,100719914,지번,1,False
1123010300108600027,서울특별시 동대문구 제기동,서울특별시 동대문구 제기로 40-8 (제기동),근린생활2,제2종근린생활시설,10071100191762,지번,1,False
1123010200100270023,서울특별시 동대문구 용두동,서울특별시 동대문구 고산자로34가길 36 (용두동),근린생활2,제2종근린생활시설,10071100188256,지번,1,False
1123010200101380043,서울특별시 동대문구 용두동,서울특별시 동대문구 왕산로19길 61 (용두동),근린생활2,제2종근린생활시설,1007123863,지번,1,False
1123010300110290001,서울특별시 동대문구 제기동,서울특별시 동대문구 고산자로 458 (제기동),근린생활1,제1종근린생활시설,1007116726,지번,1,False
1123010300110340000,서울특별시 동대문구 제기동,서울특별시 동대문구 고산자로 454 (제기동),근린생활1,제1종근린생활시설,1007110322,지번,1,False
1123010700100410007,서울특별시 동대문구 청량리동,서울특별시 동대문구 제기로38길 42 (청량리동),근린생활1,제1종근린생활시설,1007135272,지번,1,False
1123010800100600143,서울특별시 동대문구 회기동,서울특별시 동대문구 회기로 114 (회기동),근린생활2,제2종근린생활시설,10071100193230,지번,1,False
1123010300110640000,서울특별시 동대문구 제기동,서울특별시 동대문구 고산자로 445 (제기동),근린생활1,근린생활시설,1007132364,본번,1,False
1123010700100550024,서울특별시 동대문구 청량리동,서울특별시 동대문구 왕산로43나길 20 (청량리동),근린생활2,제2종근린생활시설,1007136157,지번,1,False
1123010500100210078,서울특별시 동대문구 답십리동,서울특별시 동대문구 답십리로56길 102 (답십리동),근린생활1,제2종근린생활시설,1000000000000002481954,지번,1,False
1123010300101480042,서울특별시 동대문구 제기동,서울특별시 동대문구 약령시로 7-1 (제기동),근린생활1,제1종근린생활시설,100718526,지번,1,False
1123010300101370153,서울특별시 동대문구 제기동,서울특별시 동대문구 제기로 4 (제기동),근린생활1,제1종근린생활시설,1007116676,지번,1,False
1123010300108600012,서울특별시 동대문구 제기동,서울특별시 동대문구 약령중앙로 75-1 (제기동),근린생활1,제1종근린생활시설,1007115283,지번,1,False
1123010300111420008,서울특별시 동대문구 제기동,서울특별시 동대문구 회기로8길 11 (제기동),근린생활2,제2종근린생활시설,1007117430,지번,1,False
1123010200100400005,서울특별시 동대문구 용두동,서울특별시 동대문구 천호대로27길 42 (용두동),근린생활2,제2종근린생활시설,1007110669,지번,1,False
1123010400105300080,서울특별시 동대문구 전농동,서울특별시 동대문구 서울시립대로 78 (전농동),근린생활2,제2종근린생활시설,1007111286,지번,1,False
1123010800100600267,서울특별시 동대문구 회기동,서울특별시 동대문구 회기로 105 (회기동),근린생활1,제1종근린생활시설,1007114190,지번,1,False
1123010800100600113,서울특별시 동대문구 회기동,서울특별시 동대문구 회기로 111 (회기동),근린생활2,공동주택,10071100206304,지번,1,False
1123010700100460019,서울특별시 동대문구 청량리동,서울특별시 동대문구 제기로 136 (청량리동),근린생활1,제1종근린생활시설,1007123421,지번,1,False
1123010400104970065,서울특별시 동대문구 전농동,서울특별시 동대문구 서울시립대로 63-8 (전농동),근린생활1,제1종근린생활시설,1007116068,지번,1,False
1123010400104970053,서울특별시 동대문구 전농동,서울특별시 동대문구 서울시립대로7길 5 (전농동),근린생활1,제1종근린생활시설,1007129247,지번,1,False
1123010400104970056,서울특별시 동대문구 전농동,서울특별시 동대문구 서울시립대로 65-2 (전농동),근린생활2,제2종근린생활시설,1007123209,지번,1,False
1123010300101370024,서울특별시 동대문구 제기동,서울특별시 동대문구 안암로24길 5 (제기동),근린생활1,제1종근린생활시설,1007111318,지번,1,False
1123010400104970048,서울특별시 동대문구 전농동,서울특별시 동대문구 서울시립대로 71-3 (전농동),근린생활1,제1종근린생활시설,1007136714,지번,1,False
1123010700100530002,서울특별시 동대문구 청량리동,서울특별시 동대문구 왕산로45길 31 (청량리동),근린생활1,제1종근린생활시설,1007130762,지번,1,False
1123010700100510000,서울특별시 동대문구 청량리동,서울특별시 동대문구 왕산로45길 17 (청량리동),근린생활2,제2종근린생활시설,1007111041,지번,1,False
1123010700100520025,서울특별시 동대문구 청량리동,서울특별시 동대문구 왕산로43길 30 (청량리동),근린생활1,제1종근린생활시설,100719744,지번,1,False
1123010400105360013,서울특별시 동대문구 전농동,서울특별시 동대문구 서울시립대로 71-20 (전농동),근린생활1,제1종근린생활시설,1007135804,지번,1,False
1123010700100500006,서울특별시 동대문구 청량리동,서울특별시 동대문구 제기로38길 55-9 (청량리동),근린생활2,제2종근린생활시설,1007125527,지번,1,False
1123010400105340001,서울특별시 동대문구 전농동,서울특별시 동대문구 답십리로23길 45 (전농동),근린생활1,제1종근린생활시설,1007111037,지번,2,False
1123010700100500018,서울특별시 동대문구 청량리동,서울특별시 동대문구 왕산로 247-1 (청량리동),근린생활2,제2종근린생활시설,1007128140,지번,1,False
1123010700100530001,서울특별시 동대문구 청량리동,서울특별시 동대문구 왕산로45길 35 (청량리동),근린생활2,제2종근린생활시설,1007129747,지번,1,False
1123010700100480006,서울특별시 동대문구 청량리동,서울특별시 동대문구 제기로33길 3 (청량리동),근린생활1,제1종근린생활시설,1007122847,지번,1,False
1123010700100360001,서울특별시 동대문구 청량리동,서울특별시 동대문구 제기로 152-1 (청량리동),근린생활2,제2종근린생활시설,1007136406,지번,1,False
1123010800101030314,서울특별시 동대문구 회기동,서울특별시 동대문구 회기로12길 10 (회기동),근린생활1,제1종근린생활시설,1007131519,지번,1,False
1123010300108600021,서울특별시 동대문구 제기동,서울특별시 동대문구 약령중앙로 85-2 (제기동),근린생활2,제2종근린생활시설,10071100191423,지번,1,False
1123010800100600225,서울특별시 동대문구 회기동,서울특별시 동대문구 회기로 108-5 (회기동),근린생활1,제1종근린생활시설,1007114414,지번,1,False
1123010700100460001,서울특별시 동대문구 청량리동,서울특별시 동대문구 제기로 146 (청량리동),근린생활2,제2종근린생활시설,1007124417,지번,1,False
1123010100101020047,서울특별시 동대문구 신설동,서울특별시 동대문구 천호대로 15-7 (신설동),근린생활1,공동주택,1000000000000002842374,지번,1,False
1123010100100910004,서울특별시 동대문구 신설동,서울특별시 동대문구 왕산로7길 15-9 (신설동),근린생활2,제2종근린생활시설,100713963,지번,2,False
1123010700107190000,서울특별시 동대문구 청량리동,서울특별시 동대문구 홍릉로3길 6-1 (청량리동),근린생활2,제2종근린생활시설,1007131774,지번,1,False
1123010300108460028,서울특별시 동대문구 제기동,서울특별시 동대문구 경동시장로 37-1 (제기동),근린생활1,제1종근린생활시설,1007116750,지번,1,False
1123010400105360004,서울특별시 동대문구 전농동,서울특별시 동대문구 서울시립대로 71-2 (전농동),근린생활1,제1종근린생활시설,1007132487,지번,1,False
1123010700100510009,서울특별시 동대문구 청량리동,서울특별시 동대문구 제기로38길 62 (청량리동),근린생활1,제1종근린생활시설,1007110598,지번,1,False
1123010400104940006,서울특별시 동대문구 전농동,서울특별시 동대문구 서울시립대로7길 11 (전농동),근린생활1,제1종근린생활시설,100718566,지번,1,False
1123010400104950019,서울특별시 동대문구 전농동,서울특별시 동대문구 답십리로21길 17 (전농동),근린생활1,제1종근린생활시설,100718798,지번,1,False
1123010400105300085,서울특별시 동대문구 전농동,서울특별시 동대문구 서울시립대로 84 (전농동),근린생활1,제1종근린생활시설,1007112143,지번,1,False
1123010400105030018,서울특별시 동대문구 전농동,서울특별시 동대문구 답십리로23길 19 (전농동),근린생활1,제1종근린생활시설,1007110609,지번,1,False
1123010300101480006,서울특별시 동대문구 제기동,서울특별시 동대문구 안암로 84-16 (제기동),근린생활2,제2종근린생활시설,1007130610,지번,1,False
1123010300108600020,서울특별시 동대문구 제기동,서울특별시 동대문구 제기로 40-5 (제기동),근린생활2,제2종근린생활시설,10071100186206,지번,1,False
1123010400104970075,서울특별시 동대문구 전농동,서울특별시 동대문구 서울시립대로 59-1 (전농동),근린생활1,제1종근린생활시설,1007132559,지번,1,False
1123010700100520012,서울특별시 동대문구 청량리동,서울특별시 동대문구 제기로36길 39-4 (청량리동),근린생활1,제1종근린생활시설,1007127231,지번,1,False
1123010700100520013,서울특별시 동대문구 청량리동,서울특별시 동대문구 제기로36길 43 (청량리동),근린생활1,제1종근린생활시설,1007129721,지번,1,False
1123010700100520019,서울특별시 동대문구 청량리동,서울특별시 동대문구 왕산로43가길 3 (청량리동),근린생활1,제1종근린생활시설,1007113909,지번,1,False
1123010700100520023,서울특별시 동대문구 청량리동,서울특별시 동대문구 왕산로43길 24 (청량리동),근린생활1,제1종근린생활시설,1007119249,지번,1,False
1123010400106820000,서울특별시 동대문구 전농동,서울특별시 동대문구 답십리로21길 38 (전농동),근린생활1,제1종근린생활시설,1007134239,지번,1,False
1123010700100410011,서울특별시 동대문구 청량리동,서울특별시 동대문구 왕산로45길 18 (청량리동),근린생활1,제1종근린생활시설,1007114411,지번,1,False
1123010700100550026,서울특별시 동대문구 청량리동,서울특별시 동대문구 왕산로45길 47 (청량리동),근린생활1,제1종근린생활시설,1007110816,지번,1,False
1123010100100970025,서울특별시 동대문구 신설동,서울특별시 동대문구 하정로3길 7-4 (신설동),근린생활2,제2종근린생활시설,100719949,지번,1,False
1123010100100720010,서울특별시 동대문구 신설동,서울특별시 동대문구 한빛로 18 (신설동),근린생활2,제2종근린생활시설,1007130538,지번,1,False
1123010200107220001,서울특별시 동대문구 용두동,서울특별시 동대문구 안암로 28-1 (용두동),근린생활2,제2종근린생활시설,1007125406,지번,1,False
1123010100100250034,서울특별시 동대문구 신설동,서울특별시 동대문구 왕산로3길 20 (신설동),근린생활2,제2종근린생활시설,10071100189818,지번,1,False
1123010200107310007,서울특별시 동대문구 용두동,서울특별시 동대문구 무학로49길 46 (용두동),근린생활2,제2종근린생활시설,10071100188276,지번,1,False
1123010400105970031,서울특별시 동대문구 전농동,서울특별시 동대문구 왕산로 232 (전농동),근린생활1,제1종근린생활시설,1007124055,지번,1,False
1123010700100420014,서울특별시 동대문구 청량리동,서울특별시 동대문구 제기로36길 31 (청량리동),근린생활1,제1종근린생활시설,1007119240,지번,1,False
1123010400105000024,서울특별시 동대문구 전농동,서울특별시 동대문구 서울시립대로 70-1 (전농동),근린생활1,제1종근린생활시설,1007116509,지번,1,False
1123010400105670016,서울특별시 동대문구 전농동,서울특별시 동대문구 서울시립대로 88 (전농동),근린생활2,제2종근린생활시설,1007122355,지번,1,False
1123010700100540016,서울특별시 동대문구 청량리동,서울특별시 동대문구 왕산로43길 50-10 (청량리동),근린생활1,제1종근린생활시설,1007116485,지번,1,False
1123010700100450000,서울특별시 동대문구 청량리동,서울특별시 동대문구 왕산로43나길 26 (청량리동),근린생활1,제1종근린생활시설,10071100262155,지번,1,False
1123010100100910066,서울특별시 동대문구 신설동,서울특별시 동대문구 왕산로3가길 25 (신설동),근린생활1,제1종근린생활시설,1007123868,지번,1,False
1123010700102030195,서울특별시 동대문구 청량리동,서울특별시 동대문구 제기로23길 5 (청량리동),근린생활1,제1종근린생활시설,1007130689,지번,1,False
1123010300103460008,서울특별시 동대문구 제기동,서울특별시 동대문구 약령시로 113-3 (제기동),근린생활1,제1종근린생활시설,1007125607,지번,1,False
1123010700102150081,서울특별시 동대문구 청량리동,서울특별시 동대문구 홍릉로10길 15 (청량리동),근린생활1,제1종근린생활시설,1007125332,지번,1,False
1123011000102880036,서울특별시 동대문구 이문동,서울특별시 동대문구 휘경로 7 (이문동),근린생활2,제2종근린생활시설,1007118298,지번,1,False
1123010700102250014,서울특별시 동대문구 청량리동,서울특별시 동대문구 약령시로19길 6-3 (청량리동),근린생활2,제2종근린생활시설,1007116521,지번,1,False
1123010100100910318,서울특별시 동대문구 신설동,서울특별시 동대문구 하정로4길 14 (신설동),근린생활2,제2종근린생활시설,1007115573,지번,1,False
1123010700102030133,서울특별시 동대문구 청량리동,서울특별시 동대문구 홍릉로25길 5 (청량리동),근린생활1,제1종근린생활시설,1007119139,지번,1,False
1123010300106200118,서울특별시 동대문구 제기동,서울특별시 동대문구 경동시장로14길 8-8 (제기동),근린생활2,제2종근린생활시설,1007124062,지번,1,False
1123010500100500037,서울특별시 동대문구 답십리동,서울특별시 동대문구 전농로 70 (답십리동),근린생활1,제1종근린생활시설,1007122820,지번,1,False
1123010200107670006,서울특별시 동대문구 용두동,서울특별시 동대문구 한빛로 39 (용두동),근린생활2,공동주택,1007120359,본번,1,False
1123010100100970026,서울특별시 동대문구 신설동,서울특별시 동대문구 하정로3길 7 (신설동),근린생활1,제1종근린생활시설,1007135855,지번,1,False
1123010500100660039,서울특별시 동대문구 답십리동,서울특별시 동대문구 답십리로51길 3-10 (답십리동),근린생활1,제1종근린생활시설,1007122662,지번,1,False
1123010700103500000,서울특별시 동대문구 청량리동,서울특별시 동대문구 홍릉로 46-1 (청량리동),근린생활1,제1종근린생활시설,1007136096,지번,1,False
1123010100100970020,서울특별시 동대문구 신설동,서울특별시 동대문구 하정로 43 (신설동),근린생활1,제1종근린생활시설,100713796,지번,2,False
1123010100100970020,서울특별시 동대문구 신설동,서울특별시 동대문구 왕산로2길 41 (신설동),근린생활1,제1종근린생활시설,100713797,지번,2,False
1123010100100970023,서울특별시 동대문구 신설동,서울특별시 동대문구 하정로3길 11 (신설동),근린생활2,제2종근린생활시설,1007131888,지번,1,False
1123010200100390238,서울특별시 동대문구 용두동,서울특별시 동대문구 답십리로8길 19 (용두동),근린생활1,제1종근린생활시설,100716652,지번,1,False
1123010700105200057,서울특별시 동대문구 청량리동,서울특별시 동대문구 제기로 71-1 (청량리동),근린생활1,제1종근린생활시설,100712882,지번,2,False
1123010700105200056,서울특별시 동대문구 청량리동,서울특별시 동대문구 제기로 71-2 (청량리동),근린생활1,제1종근린생활시설,1007124179,지번,1,False
1123010700104450040,서울특별시 동대문구 청량리동,서울특별시 동대문구 홍릉로18길 15 (청량리동),근린생활1,제1종근린생활시설,1007135812,지번,1,False
1123010100100890049,서울특별시 동대문구 신설동,서울특별시 동대문구 왕산로 21-13 (신설동),근린생활2,제2종근린생활시설,1007133152,지번,1,False
1123010200100390670,서울특별시 동대문구 용두동,서울특별시 동대문구 천호대로35길 41 (용두동),근린생활2,공동주택,10071100215472,지번,1,False
1123010700103030000,서울특별시 동대문구 청량리동,서울특별시 동대문구 홍릉로 16-1 (청량리동),근린생활2,제2종근린생활시설,1007120602,지번,1,False
1123010700107210000,서울특별시 동대문구 청량리동,서울특별시 동대문구 홍릉로3길 6-3 (청량리동),근린생활2,제2종근린생활시설,1007116845,지번,1,False
1123010100100890074,서울특별시 동대문구 신설동,서울특별시 동대문구 왕산로3길 10 (신설동),근린생활1,제1종근린생활시설,1007110218,지번,1,False
1123010200100390566,서울특별시 동대문구 용두동,서울특별시 동대문구 천호대로35길 68 (용두동),근린생활2,공동주택,1000000000000001408283,지번,1,False
1123010100100250033,서울특별시 동대문구 신설동,서울특별시 동대문구 왕산로3가길 31 (신설동),근린생활2,제2종근린생활시설,1007121579,지번,1,False
1123010700104420012,서울특별시 동대문구 청량리동,서울특별시 동대문구 홍릉로10길 42 (청량리동),근린생활1,제1종근린생활시설,1007112283,지번,1,False
1123010700104450044,서울특별시 동대문구 청량리동,서울특별시 동대문구 제기로28길 9 (청량리동),근린생활1,제1종근린생활시설,100717231,지번,1,False
1123010700104470028,서울특별시 동대문구 청량리동,서울특별시 동대문구 제기로28길 1 (청량리동),근린생활1,제1종근린생활시설,1007112305,지번,1,False
1123010300102870034,서울특별시 동대문구 제기동,서울특별시 동대문구 제기로20길 21 (제기동),근린생활1,제1종근린생활시설,1007125589,지번,1,False
1123010300106200073,서울특별시 동대문구 제기동,서울특별시 동대문구 경동시장로 30-6 (제기동),근린생활2,제2종근린생활시설,1007124372,지번,1,False
1123010700105100000,서울특별시 동대문구 청량리동,서울특별시 동대문구 홍릉로17길 6 (청량리동),근린생활1,제1종근린생활시설,1007118342,지번,1,False
1123010200100390075,서울특별시 동대문구 용두동,서울특별시 동대문구 천호대로31길 69 (용두동),근린생활1,제1종근린생활시설,1007113838,지번,1,False
1123010200100390184,서울특별시 동대문구 용두동,서울특별시 동대문구 답십리로6길 3 (용두동),근린생활1,제1종근린생활시설,1007133969,지번,1,False
1123010200100390236,서울특별시 동대문구 용두동,서울특별시 동대문구 답십리로8길 15-1 (용두동),근린생활1,제1종근린생활시설,100716767,지번,1,False
1123010700102910000,서울특별시 동대문구 청량리동,서울특별시 동대문구 홍릉로 14 (청량리동),판매시설,판매시설,1007127935,지번,1,False
1123010200100390078,서울특별시 동대문구 용두동,서울특별시 동대문구 천호대로29길 64 (용두동),근린생활2,제2종근린생활시설,100719659,지번,1,False
1123010700103150000,서울특별시 동대문구 청량리동,서울특별시 동대문구 홍릉로 22 (청량리동),근린생활2,제2종근린생활시설,1007113111,지번,1,False
1123010200100200030,서울특별시 동대문구 용두동,서울특별시 동대문구 고산자로34길 52-18 (용두동),근린생활2,제2종근린생활시설,1007129871,지번,1,False
1123010700102030193,서울특별시 동대문구 청량리동,서울특별시 동대문구 제기로23길 5-6 (청량리동),근린생활2,제2종근린생활시설,1007118734,지번,1,False
1123010300103320000,서울특별시 동대문구 제기동,서울특별시 동대문구 경동시장로22길 17 (제기동),근린생활1,제1종근린생활시설,1007136063,지번,1,False
1123010300101220127,서울특별시 동대문구 제기동,서울특별시 동대문구 고산자로54길 92 (제기동),근린생활1,제1종근린생활시설,100718973,지번,1,False
1123010300102860021,서울특별시 동대문구 제기동,서울특별시 동대문구 약령시로17길 63-1 (제기동),근린생활2,제2종근린생활시설,1007129456,지번,1,False
1123010700103100000,서울특별시 동대문구 청량리동,서울특별시 동대문구 홍릉로 20 (청량리동),근린생활2,제2종근린생활시설,1007120305,지번,1,False
1123011000102700001,서울특별시 동대문구 이문동,서울특별시 동대문구 이문로 107 (이문동),근린생활1,제2종근린생활시설,100714086,지번,20,False
1123011000102700001,서울특별시 동대문구 이문동,서울특별시 동대문구 이문로 107 (이문동),근린생활1,제2종근린생활시설,100714098,지번,20,False
1123010100100920114,서울특별시 동대문구 신설동,서울특별시 동대문구 천호대로7길 27 (신설동),근린생활1,제1종근린생활시설,1007116882,지번,1,False
1123010800100600078,서울특별시 동대문구 회기동,서울특별시 동대문구 경희대로1나길 10 (회기동),근린생활2,제2종근린생활시설,1007116363,지번,1,False
1123010400200320020,서울특별시 동대문구 전농동,서울특별시 동대문구 전농로16길 97 (전농동),근린생활2,제1종근린생활시설,10071100250074,지번,1,False
1123010800100420021,서울특별시 동대문구 회기동,서울특별시 동대문구 경희대로3길 28 (회기동),근린생활2,제2종근린생활시설,1007110183,지번,1,False
1123010900102590000,서울특별시 동대문구 휘경동,,근린생활2,단독주택,1007128658,본번,1,False
1123010900100430082,서울특별시 동대문구 휘경동,서울특별시 동대문구 한천로 267 (휘경동),근린생활1,제1종근린생활시설,1007114839,지번,1,False
1123011000102640206,서울특별시 동대문구 이문동,서울특별시 동대문구 천장산로9길 4 (이문동),근린생활2,제2종근린생활시설,10071100186145,지번,1,False
1123011000102640039,서울특별시 동대문구 이문동,서울특별시 동대문구 천장산로6길 15 (이문동),근린생활2,제2종근린생활시설,1007123702,지번,1,False
1123011000103490037,서울특별시 동대문구 이문동,서울특별시 동대문구 이문로9길 123 (이문동),근린생활2,제2종근린생활시설,10071100187026,지번,1,False
1123011000102640209,서울특별시 동대문구 이문동,서울특별시 동대문구 천장산로 33 (이문동),근린생활2,제2종근린생활시설,10071100186405,지번,1,False
1123011000102640207,서울특별시 동대문구 이문동,서울특별시 동대문구 천장산로9길 3 (이문동),근린생활2,제2종근린생활시설,10071100186505,지번,1,False
1123011000102640208,서울특별시 동대문구 이문동,서울특별시 동대문구 천장산로 33-1 (이문동),근린생활2,제2종근린생활시설,10071100186366,지번,1,False
1123010900103120094,서울특별시 동대문구 휘경동,서울특별시 동대문구 전농로38길 82-14 (휘경동),근린생활2,제2종근린생활시설,10071100190097,지번,1,False
1123010900103120109,서울특별시 동대문구 휘경동,서울특별시 동대문구 망우로8길 18 (휘경동),근린생활1,제1종근린생활시설,10071100190057,지번,1,False
1123011000102640049,서울특별시 동대문구 이문동,서울특별시 동대문구 천장산로 40-5 (이문동),근린생활1,제1종근린생활시설,1007126323,지번,1,False
1123010900100280018,서울특별시 동대문구 휘경동,서울특별시 동대문구 망우로20가길 8 (휘경동),근린생활2,제2종근린생활시설,10071100189998,지번,1,False
1123010900103220039,서울특별시 동대문구 휘경동,,근린생활1,제1종근린생활시설,1007127294,지번,1,False
1123010900102860076,서울특별시 동대문구 휘경동,서울특별시 동대문구 망우로16길 43-2 (휘경동),근린생활2,제2종근린생활시설,10071100188497,지번,1,False
1123010900103120081,서울특별시 동대문구 휘경동,서울특별시 동대문구 전농로38길 76-14 (휘경동),근린생활2,공동주택,10071100212592,지번,1,False
1123010900102950049,서울특별시 동대문구 휘경동,서울특별시 동대문구 망우로12나길 53 (휘경동),근린생활2,제2종근린생활시설,1007110234,지번,1,False
1123010600100930033,서울특별시 동대문구 장안동,서울특별시 동대문구 한천로46길 70-10 (장안동),근린생활2,공동주택,10071100246994,지번,1,False
1123010900102810021,서울특별시 동대문구 휘경동,서울특별시 동대문구 망우로12길 15 (휘경동),근린생활2,제2종근린생활시설,10071100187006,지번,1,False
1123010400105810051,서울특별시 동대문구 전농동,서울특별시 동대문구 답십리로23길 113 (전농동),근린생활2,공동주택,1000000000000006466841,지번,1,False
1123010900101830365,서울특별시 동대문구 휘경동,서울특별시 동대문구 이문로6길 35-5 (휘경동),근린생활2,제2종근린생활시설,1007134572,지번,1,False
1123010400101030041,서울특별시 동대문구 전농동,서울특별시 동대문구 전농로38다길 4 (전농동),근린생활2,제2종근린생활시설,1007133895,지번,1,False
1123010400101990085,서울특별시 동대문구 전농동,서울특별시 동대문구 전농로25길 17-20 (전농동),근린생활1,제1종근린생활시설,1007125051,지번,1,False
1123010800100600018,서울특별시 동대문구 회기동,서울특별시 동대문구 회기로18길 17 (회기동),근린생활2,제2종근린생활시설,10071100187107,지번,1,False
1123010900101830373,서울특별시 동대문구 휘경동,서울특별시 동대문구 회기로29길 34 (휘경동),근린생활2,제2종근린생활시설,1007132101,지번,1,False
1123011000102640041,서울특별시 동대문구 이문동,서울특별시 동대문구 천장산로4길 36-1 (이문동),근린생활2,제2종근린생활시설,10071100186786,지번,1,False
1123011000102640271,서울특별시 동대문구 이문동,서울특별시 동대문구 천장산로9길 36-3 (이문동),근린생활2,제2종근린생활시설,10071100183710,지번,1,False
1123011000102640219,서울특별시 동대문구 이문동,서울특별시 동대문구 천장산로9길 11 (이문동),근린생활2,공동주택,10071100232833,지번,1,False
1123010400106480071,서울특별시 동대문구 전농동,서울특별시 동대문구 답십리로26길 7 (전농동),근린생활1,제1종근린생활시설,1007134617,지번,1,False
1123010400106440096,서울특별시 동대문구 전농동,서울특별시 동대문구 서울시립대로 41 (전농동),근린생활1,제1종근린생활시설,100719922,지번,1,False
1123010700102080031,서울특별시 동대문구 청량리동,,근린생활1,단독주택,1007116704,본번,1,False
1123010400104950002,서울특별시 동대문구 전농동,서울특별시 동대문구 답십리로21길 5 (전농동),근린생활1,제1종근린생활시설,1007111829,지번,1,False
1123010400106430060,서울특별시 동대문구 전농동,서울특별시 동대문구 서울시립대로 49-5 (전농동),근린생활2,제2종근린생활시설,1007134229,지번,1,False
1123010400106440089,서울특별시 동대문구 전농동,서울특별시 동대문구 서울시립대로 43 (전농동),근린생활1,제1종근린생활시설,1007114759,지번,1,False
1123010700100550033,서울특별시 동대문구 청량리동,서울특별시 동대문구 왕산로43길 50-3 (청량리동),근린생활1,제1종근린생활시설,1007116407,지번,1,False
1123010700100540008,서울특별시 동대문구 청량리동,서울특별시 동대문구 왕산로43길 44 (청량리동),근린생활1,제1종근린생활시설,1007110474,지번,1,False
1123010700100550035,서울특별시 동대문구 청량리동,서울특별시 동대문구 왕산로43길 54 (청량리동),근린생활1,제1종근린생활시설,1007130662,지번,1,False
1123010400106440087,서울특별시 동대문구 전농동,서울특별시 동대문구 서울시립대로3길 4 (전농동),근린생활2,제2종근린생활시설,1007115538,지번,1,False
1123010700100450017,서울특별시 동대문구 청량리동,서울특별시 동대문구 왕산로45길 50 (청량리동),근린생활1,제1종근린생활시설,100718382,지번,1,False
1123010700100550021,서울특별시 동대문구 청량리동,서울특별시 동대문구 왕산로43나길 14 (청량리동),근린생활1,제1종근린생활시설,1007121271,지번,1,False
1123010700102340002,서울특별시 동대문구 청량리동,서울특별시 동대문구 약령시로21길 30 (청량리동),근린생활2,제2종근린생활시설,100716009,지번,4,False
1123010800100600108,서울특별시 동대문구 회기동,서울특별시 동대문구 회기로 117 (회기동),근린생활1,제1종근린생활시설,100717998,지번,1,False
1123010400106430054,서울특별시 동대문구 전농동,서울특별시 동대문구 서울시립대로 49-3 (전농동),근린생활1,제1종근린생활시설,100715953,지번,2,False
1123010700100540012,서울특별시 동대문구 청량리동,서울특별시 동대문구 왕산로43길 50 (청량리동),근린생활1,제1종근린생활시설,1007112978,지번,1,False
1123010400106490001,서울특별시 동대문구 전농동,서울특별시 동대문구 서울시립대로 55 (전농동),근린생활1,제1종근린생활시설,1007132237,지번,1,False
1123010400106480001,서울특별시 동대문구 전농동,서울특별시 동대문구 서울시립대로 50 (전농동),근린생활2,제2종근린생활시설,100719607,지번,1,False
1123010400105970041,서울특별시 동대문구 전농동,서울특별시 동대문구 왕산로 226 (전농동),근린생활1,숙박시설,10071100217532,지번,1,False
1123010400104930071,서울특별시 동대문구 전농동,서울특별시 동대문구 답십리로 55 (전농동),근린생활1,제1종근린생활시설,1007136309,지번,1,False
1123010600103110004,서울특별시 동대문구 장안동,서울특별시 동대문구 장한로 170 (장안동),근린생활1,제1종근린생활시설,1007110301,지번,1,False
1123010400105030016,서울특별시 동대문구 전농동,서울특별시 동대문구 서울시립대로 72-2 (전농동),근린생활1,제1종근린생활시설,1007136184,지번,1,False
1123010700100550025,서울특별시 동대문구 청량리동,서울특별시 동대문구 왕산로45길 51 (청량리동),근린생활1,제1종근린생활시설,1007135450,지번,1,False
1123010800100600221,서울특별시 동대문구 회기동,서울특별시 동대문구 회기로 108-14 (회기동),근린생활2,제2종근린생활시설,10071100183903,지번,1,False
1123010400105910053,서울특별시 동대문구 전농동,서울특별시 동대문구 왕산로 214 (전농동),판매시설,판매시설,10071100188885,지번,1,False
1123010400106480005,서울특별시 동대문구 전농동,서울특별시 동대문구 서울시립대로 46-1 (전농동),근린생활1,제1종근린생활시설,1007116335,지번,1,False
1123010400105910001,서울특별시 동대문구 전농동,서울특별시 동대문구 왕산로 224 (전농동),근린생활2,제2종근린생활시설,1007118799,지번,1,False
1123010400106480003,서울특별시 동대문구 전농동,서울특별시 동대문구 서울시립대로 48 (전농동),근린생활1,제1종근린생활시설,1007120864,지번,1,False
1123010600103100001,서울특별시 동대문구 장안동,서울특별시 동대문구 장한로 166 (장안동),근린생활1,제1종근린생활시설,1007130134,지번,1,False
1123010700100570009,서울특별시 동대문구 청량리동,서울특별시 동대문구 왕산로43다길 11 (청량리동),근린생활1,제1종근린생활시설,1007123198,지번,1,False
1123010400104980012,서울특별시 동대문구 전농동,서울특별시 동대문구 답십리로23길 9 (전농동),근린생활1,단독주택,100718129,지번,1,False
1123010400106440001,서울특별시 동대문구 전농동,서울특별시 동대문구 황물로 5 (전농동),근린생활1,제1종근린생활시설,1007121373,지번,1,False
1123010700102600000,서울특별시 동대문구 청량리동,서울특별시 동대문구 왕산로 209 (청량리동),근린생활2,제2종근린생활시설,1007132389,지번,1,False
1123010700102120000,서울특별시 동대문구 청량리동,서울특별시 동대문구 홍릉로10길 48 (청량리동),근린생활1,제1종근린생활시설,100714226,지번,5,False
1123010700102510000,서울특별시 동대문구 청량리동,서울특별시 동대문구 왕산로 209-3 (청량리동),근린생활1,제1종근린생활시설,1007124121,지번,1,False
1123010400106440043,서울특별시 동대문구 전농동,서울특별시 동대문구 서울시립대로3길 24 (전농동),근린생활1,제1종근린생활시설,1007118429,지번,1,False
1123010700200010143,서울특별시 동대문구 청량리동,서울특별시 동대문구 회기로10길 78 (청량리동),근린생활1,제1종근린생활시설,100716367,지번,1,False
1123010700100560016,서울특별시 동대문구 청량리동,서울특별시 동대문구 왕산로43나길 13 (청량리동),근린생활1,제1종근린생활시설,1007125388,지번,1,False
1123010700100570007,서울특별시 동대문구 청량리동,서울특별시 동대문구 제기로 130 (청량리동),근린생활1,제1종근린생활시설,1007135755,지번,1,False
1123010700100550023,서울특별시 동대문구 청량리동,서울특별시 동대문구 왕산로43나길 16 (청량리동),근린생활1,제1종근린생활시설,1007132807,지번,1,False
1123010400106780004,서울특별시 동대문구 전농동,서울특별시 동대문구 답십리로15길 30 (전농동),근린생활1,제1종근린생활시설,1007123665,지번,1,False
1123010400106430048,서울특별시 동대문구 전농동,서울특별시 동대문구 서울시립대로 47 (전농동),근린생활1,제1종근린생활시설,1007111866,지번,1,False
1123010400106430051,서울특별시 동대문구 전농동,서울특별시 동대문구 서울시립대로 49 (전농동),근린생활1,제1종근린생활시설,1007113629,지번,1,False
1123010400104940014,서울특별시 동대문구 전농동,서울특별시 동대문구 답십리로19길 22-1 (전농동),근린생활2,제2종근린생활시설,1007113647,지번,1,False
1123010700102060016,서울특별시 동대문구 청량리동,서울특별시 동대문구 회기로10길 49 (청량리동),근린생활2,제2종근린생활시설,1007113514,지번,1,False
1123010400104990010,서울특별시 동대문구 전농동,서울특별시 동대문구 답십리로23길 13 (전농동),근린생활1,제1종근린생활시설,1007128650,지번,1,False
1123010400106440072,서울특별시 동대문구 전농동,서울특별시 동대문구 서울시립대로3길 10 (전농동),근린생활2,제2종근린생활시설,1007119724,지번,1,False
1123010400106430004,서울특별시 동대문구 전농동,서울특별시 동대문구 황물로 1 (전농동),근린생활2,제2종근린생활시설,100717193,지번,1,False
1123010700104440002,서울특별시 동대문구 청량리동,서울특별시 동대문구 왕산로 217 (청량리동),근린생활2,제2종근린생활시설,1007113363,지번,1,False
1123010400105910002,서울특별시 동대문구 전농동,서울특별시 동대문구 왕산로 222-1 (전농동),근린생활2,제2종근린생활시설,1007126557,지번,1,False
1123010400106440090,서울특별시 동대문구 전농동,서울특별시 동대문구 서울시립대로 45 (전농동),근린생활1,제1종근린생활시설,1007115235,지번,1,False
1123010400106430025,서울특별시 동대문구 전농동,서울특별시 동대문구 답십리로 50-1 (전농동),근린생활1,제1종근린생활시설,1007110846,지번,1,False
1123010700102550001,서울특별시 동대문구 청량리동,서울특별시 동대문구 왕산로41길 13 (청량리동),근린생활1,제1종근린생활시설,1007115239,지번,1,False
1123010400105910006,서울특별시 동대문구 전농동,서울특별시 동대문구 왕산로 222 (전농동),근린생활2,제2종근린생활시설,1007135224,지번,1,False
1123010400106440018,서울특별시 동대문구 전농동,서울특별시 동대문구 황물로 5-1 (전농동),근린생활2,제2종근린생활시설,100718654,지번,1,False
1123010400104930002,서울특별시 동대문구 전농동,서울특별시 동대문구 답십리로 45 (전농동),판매시설,판매시설,1007129875,지번,1,False
1123010400106440002,서울특별시 동대문구 전농동,서울특별시 동대문구 서울시립대로5길 27 (전농동),근린생활1,제1종근린생활시설,1007123663,지번,1,False
1123010400106430050,서울특별시 동대문구 전농동,서울특별시 동대문구 서울시립대로 47-1 (전농동),근린생활1,제1종근린생활시설,1007126168,지번,1,False
1123010400106430116,서울특별시 동대문구 전농동,서울특별시 동대문구 황물로 3 (전농동),근린생활1,제1종근린생활시설,1007123009,지번,1,False
1123010400104930072,서울특별시 동대문구 전농동,서울특별시 동대문구 답십리로 51 (전농동),근린생활1,제1종근린생활시설,100715076,지번,4,False
1123010400104930072,서울특별시 동대문구 전농동,서울특별시 동대문구 답십리로 51 (전농동),근린생활1,제1종근린생활시설,100715077,지번,4,False
1123010400104930072,서울특별시 동대문구 전농동,서울특별시 동대문구 답십리로 51 (전농동),근린생활1,제1종근린생활시설,100715078,지번,4,False
1123010700100510019,서울특별시 동대문구 청량리동,서울특별시 동대문구 왕산로43가길 16 (청량리동),근린생활1,제1종근린생활시설,1007114706,지번,1,False
1123010700100420000,서울특별시 동대문구 청량리동,서울특별시 동대문구 왕산로47길 23 (청량리동),근린생활1,제1종근린생활시설,1007126809,지번,1,False
1123010700100380012,서울특별시 동대문구 청량리동,서울특별시 동대문구 제기로37길 7-1 (청량리동),근린생활2,제2종근린생활시설,1007134141,지번,1,False
1123010400106480006,서울특별시 동대문구 전농동,서울특별시 동대문구 서울시립대로 46 (전농동),근린생활2,제2종근린생활시설,100718348,지번,1,False
1123010400106430031,서울특별시 동대문구 전농동,서울특별시 동대문구 답십리로 52 (전농동),근린생활1,제1종근린생활시설,1007113674,지번,1,False
1123010400106430036,서울특별시 동대문구 전농동,서울특별시 동대문구 답십리로 56 (전농동),근린생활2,제2종근린생활시설,1007113195,지번,1,False
1123010700100540011,서울특별시 동대문구 청량리동,서울특별시 동대문구 왕산로43길 46-1 (청량리동),근린생활1,제1종근린생활시설,1007133940,지번,1,False
1123010700102060007,서울특별시 동대문구 청량리동,서울특별시 동대문구 회기로10길 12 (청량리동),근린생활1,공동주택,10071100249495,지번,2,True
1123010700102060007,서울특별시 동대문구 청량리동,서울특별시 동대문구 회기로10길 12 (청량리동),근린생활1,공동주택,10071100249512,지번,2,True
1123010400106430007,서울특별시 동대문구 전농동,서울특별시 동대문구 답십리로 46 (전농동),근린생활1,제1종근린생활시설,1007127887,지번,1,False
1123010400106430023,서울특별시 동대문구 전농동,서울특별시 동대문구 답십리로 50 (전농동),근린생활1,제1종근린생활시설,1007110069,지번,1,False
1123010700100570000,서울특별시 동대문구 청량리동,서울특별시 동대문구 제기로 126 (청량리동),근린생활2,제2종근린생활시설,1007124126,지번,1,False
1123010700102640000,서울특별시 동대문구 청량리동,서울특별시 동대문구 왕산로 207 (청량리동),근린생활1,제1종근린생활시설,1007114990,지번,1,False
1123010700100330022,서울특별시 동대문구 청량리동,서울특별시 동대문구 제기로36길 17 (청량리동),근린생활2,제1종근린생활시설,100718232,지번,1,False
1123010400105300086,서울특별시 동대문구 전농동,서울특별시 동대문구 서울시립대로 84-1 (전농동),근린생활2,제1종근린생활시설,1007131252,지번,1,False
1123010400105300087,서울특별시 동대문구 전농동,서울특별시 동대문구 서울시립대로 86 (전농동),근린생활2,공동주택,10071100234872,지번,1,False
1123010400106440009,서울특별시 동대문구 전농동,서울특별시 동대문구 서울시립대로5길 19 (전농동),근린생활2,제2종근린생활시설,1007134100,지번,1,False
1123010400106800005,서울특별시 동대문구 전농동,서울특별시 동대문구 답십리로15길 19 (전농동),근린생활1,제1종근린생활시설,1007126701,지번,1,False
1123010700100550032,서울특별시 동대문구 청량리동,서울특별시 동대문구 왕산로43길 50-5 (청량리동),근린생활1,제1종근린생활시설,1007136310,지번,1,False
1123010700100570006,서울특별시 동대문구 청량리동,서울특별시 동대문구 왕산로43다길 5 (청량리동),근린생활1,제1종근린생활시설,100716056,지번,2,False
1123010700104440004,서울특별시 동대문구 청량리동,서울특별시 동대문구 왕산로 215-1 (청량리동),근린생활1,제1종근린생활시설,1007116913,지번,1,False
1123010700102060008,서울특별시 동대문구 청량리동,서울특별시 동대문구 회기로10길 18 (청량리동),근린생활2,제2종근린생활시설,100718404,지번,1,False
1123011000103250025,서울특별시 동대문구 이문동,서울특별시 동대문구 이문로16길 17 (이문동),근린생활1,제1종근린생활시설,1007118556,지번,1,False
1123010800100600019,서울특별시 동대문구 회기동,서울특별시 동대문구 회기로 150-1 (회기동),근린생활2,제2종근린생활시설,1007135043,지번,1,False
1123010400101030184,서울특별시 동대문구 전농동,서울특별시 동대문구 전농로37가길 4 (전농동),근린생활1,공동주택,10071100229372,지번,1,False
1123010400101030307,서울특별시 동대문구 전농동,서울특별시 동대문구 전농로37길 13-4 (전농동),근린생활1,공동주택,10071100246614,지번,1,False
1123010800100510004,서울특별시 동대문구 회기동,서울특별시 동대문구 회기로23가길 4 (회기동),근린생활1,제1종근린생활시설,1007128007,지번,1,False
1123010900101800037,서울특별시 동대문구 휘경동,,근린생활2,단독주택,1007131897,본번,1,False
1123010900101830209,서울특별시 동대문구 휘경동,서울특별시 동대문구 회기로31가길 2 (휘경동),근린생활2,제2종근린생활시설,1007136716,지번,1,False
1123010800100450078,서울특별시 동대문구 회기동,서울특별시 동대문구 회기로 149-3 (회기동),근린생활2,제2종근린생활시설,1007133930,지번,1,False
1123010400100600166,서울특별시 동대문구 전농동,서울특별시 동대문구 전농로16길 9 (전농동),근린생활1,제1종근린생활시설,100719248,지번,1,False
1123011000103210030,서울특별시 동대문구 이문동,서울특별시 동대문구 이문로 64-5 (이문동),근린생활1,제1종근린생활시설,1007133537,지번,1,False
1123010400101030139,서울특별시 동대문구 전농동,서울특별시 동대문구 전농로37길 13-7 (전농동),근린생활2,공동주택,10071100216672,지번,1,False
1123010900102460001,서울특별시 동대문구 휘경동,서울특별시 동대문구 망우로21길 20 (휘경동),근린생활2,업무시설,10071100260775,본번,1,False
1123010800100030152,서울특별시 동대문구 회기동,서울특별시 동대문구 경희대로6길 7-23 (회기동),근린생활1,제1종근린생활시설,1007114870,지번,1,False
1123010800100030251,서울특별시 동대문구 회기동,서울특별시 동대문구 회기로23가길 22 (회기동),근린생활2,제2종근린생활시설,100717789,지번,1,False
1123010400102950096,서울특별시 동대문구 전농동,서울특별시 동대문구 전농로16길 8 (전농동),근린생활1,제2종근린생활시설,100715150,지번,2,False
1123010400102950096,서울특별시 동대문구 전농동,서울특별시 동대문구 전농로 146 (전농동),근린생활1,제1종근린생활시설,100715151,지번,2,False
1123010800100500006,서울특별시 동대문구 회기동,서울특별시 동대문구 회기로23가길 6 (회기동),근린생활2,제2종근린생활시설,10071100187506,지번,1,False
1123010800100110007,서울특별시 동대문구 회기동,서울특별시 동대문구 경희대로4길 20 (회기동),근린생활1,제1종근린생활시설,1007125878,지번,1,False
1123010800100290001,서울특별시 동대문구 회기동,서울특별시 동대문구 회기로21길 38-1 (회기동),근린생활2,제2종근린생활시설,1007115810,지번,1,False
1123011000103210039,서울특별시 동대문구 이문동,서울특별시 동대문구 이문로 64-11 (이문동),근린생활2,제2종근린생활시설,10071100186185,지번,1,False
1123010800100160028,서울특별시 동대문구 회기동,서울특별시 동대문구 회기로19길 9 (회기동),근린생활1,제1종근린생활시설,1007117267,지번,1,False
1123010800100540039,서울특별시 동대문구 회기동,서울특별시 동대문구 회기로25길 23-5 (회기동),근린생활1,제1종근린생활시설,1007114845,지번,1,False
1123010800100200002,서울특별시 동대문구 회기동,서울특별시 동대문구 회기로21길 26 (회기동),근린생활2,제2종근린생활시설,1007111158,지번,1,False
1123010800100030123,서울특별시 동대문구 회기동,서울특별시 동대문구 경희대로6길 13 (회기동),근린생활1,제1종근린생활시설,100716842,지번,1,False
1123010900103400012,서울특별시 동대문구 휘경동,서울특별시 동대문구 망우로1길 9-6 (휘경동),근린생활2,제2종근린생활시설,1007136173,지번,1,False
1123010900103390000,서울특별시 동대문구 휘경동,서울특별시 동대문구 이문로 14-12 (휘경동),근린생활1,제1종근린생활시설,1007130065,지번,1,False
1123010900101830386,서울특별시 동대문구 휘경동,서울특별시 동대문구 이문로 48 (휘경동),근린생활2,제2종근린생활시설,1007125553,지번,1,False
1123010900103120116,서울특별시 동대문구 휘경동,서울특별시 동대문구 망우로8길 19 (휘경동),근린생활2,제2종근린생활시설,10071100188817,지번,1,False
1123010400102210008,서울특별시 동대문구 전농동,서울특별시 동대문구 전농로23길 78 (전농동),근린생활1,제1종근린생활시설,1007112928,지번,1,False
1123010400102130028,서울특별시 동대문구 전농동,서울특별시 동대문구 서울시립대로16길 35 (전농동),근린생활2,공동주택,1000000000000002713553,지번,1,False
1123010400101260011,서울특별시 동대문구 전농동,서울특별시 동대문구 전농로31길 28 (전농동),근린생활1,제1종근린생활시설,1007111706,지번,1,False
1123010400101030591,서울특별시 동대문구 전농동,서울특별시 동대문구 전농로38가길 4 (전농동),근린생활2,제2종근린생활시설,1007135557,지번,1,False
1123010800100570011,서울특별시 동대문구 회기동,서울특별시 동대문구 회기로 163 (회기동),근린생활2,업무시설,10071100236252,지번,1,False
1123010900103170060,서울특별시 동대문구 휘경동,서울특별시 동대문구 망우로 30-1 (휘경동),근린생활2,제2종근린생활시설,1007119065,지번,1,False
1123010900103170087,서울특별시 동대문구 휘경동,서울특별시 동대문구 망우로 38 (휘경동),근린생활,근린생활시설,1007120622,지번,1,False
1123010100100890055,서울특별시 동대문구 신설동,서울특별시 동대문구 왕산로3길 12-1 (신설동),근린생활1,제1종근린생활시설,1007116385,지번,1,False
1123010400101030015,서울특별시 동대문구 전농동,서울특별시 동대문구 전농로38길 50 (전농동),근린생활1,제1종근린생활시설,1007114246,지번,1,False
1123010800100800001,서울특별시 동대문구 회기동,서울특별시 동대문구 이문로 25 (회기동),근린생활1,제1종근린생활시설,1007128222,지번,1,False
1123010800100540024,서울특별시 동대문구 회기동,서울특별시 동대문구 회기로25길 17-10 (회기동),근린생활1,제1종근린생활시설,1007128899,지번,1,False
1123011000103410018,서울특별시 동대문구 이문동,서울특별시 동대문구 이문로 45 (이문동),근린생활1,제1종근린생활시설,1007114179,지번,1,False
1123011000103340035,서울특별시 동대문구 이문동,서울특별시 동대문구 회기로25가길 24 (이문동),근린생활2,제2종근린생활시설,10071100188757,지번,1,False
1123010400101270126,서울특별시 동대문구 전농동,서울특별시 동대문구 전농로31길 19 (전농동),근린생활1,제1종근린생활시설,100712561,지번,2,False
1123010900103350018,서울특별시 동대문구 휘경동,서울특별시 동대문구 회기로28길 12-9 (휘경동),근린생활2,제2종근린생활시설,1007116029,지번,1,False
1123010900102940350,서울특별시 동대문구 휘경동,서울특별시 동대문구 망우로18마길 4-9 (휘경동),근린생활2,제2종근린생활시설,1007110145,지번,1,False
1123010900101830303,서울특별시 동대문구 휘경동,서울특별시 동대문구 회기로29길 49-4 (휘경동),근린생활1,단독주택,10071100249075,지번,1,False
1123010800100540043,서울특별시 동대문구 회기동,서울특별시 동대문구 회기로25길 17-11 (회기동),근린생활2,제2종근린생활시설,100718500,지번,1,False
1123011000103270017,서울특별시 동대문구 이문동,서울특별시 동대문구 이문로21길 11 (이문동),근린생활2,제2종근린생활시설,10071100189157,지번,1,False
1123010900102940185,서울특별시 동대문구 휘경동,서울특별시 동대문구 망우로18라길 39-2 (휘경동),근린생활2,제2종근린생활시설,1007113563,지번,1,False
1123010500104880100,서울특별시 동대문구 답십리동,서울특별시 동대문구 전농로4가길 8 (답십리동),근린생활2,제2종근린생활시설,10071100201728,지번,1,False
1123010500104890074,서울특별시 동대문구 답십리동,서울특별시 동대문구 황물로11길 23 (답십리동),근린생활1,제1종근린생활시설,1007112798,지번,1,False
1123010500104890013,서울특별시 동대문구 답십리동,서울특별시 동대문구 천호대로75길 27 (답십리동),근린생활1,제1종근린생활시설,1007117921,지번,1,False
1123010400101990069,서울특별시 동대문구 전농동,서울특별시 동대문구 전농로23길 18 (전농동),근린생활1,단독주택,1007130382,지번,1,False
1123010400101300032,서울특별시 동대문구 전농동,서울특별시 동대문구 서울시립대로28길 26 (전농동),근린생활1,제1종근린생활시설,1007133272,지번,1,False
1123010400101520080,서울특별시 동대문구 전농동,서울특별시 동대문구 서울시립대로29길 11 (전농동),근린생활1,제1종근린생활시설,1007125933,지번,1,False
1123010400101520098,서울특별시 동대문구 전농동,서울특별시 동대문구 전농로34길 29-1 (전농동),근린생활1,제1종근린생활시설,1007111827,지번,1,False
1123010400102720002,서울특별시 동대문구 전농동,서울특별시 동대문구 서울시립대로16길 80 (전농동),근린생활1,제1종근린생활시설,1007135865,지번,1,False
1123010400101030071,서울특별시 동대문구 전농동,서울특별시 동대문구 전농로36나길 24 (전농동),근린생활2,제2종근린생활시설,1007136124,지번,1,False
1123010400101030082,서울특별시 동대문구 전농동,서울특별시 동대문구 전농로36가길 23-6 (전농동),근린생활1,제1종근린생활시설,100717216,지번,1,False
1123010500104850125,서울특별시 동대문구 답십리동,서울특별시 동대문구 황물로5길 25 (답십리동),근린생활1,제1종근린생활시설,1007121329,지번,1,False
1123010900103120219,서울특별시 동대문구 휘경동,서울특별시 동대문구 서울시립대로29가길 14 (휘경동),근린생활2,제2종근린생활시설,10071100182366,지번,1,False
1123010400101520002,서울특별시 동대문구 전농동,서울특별시 동대문구 서울시립대로 161 (전농동),근린생활1,제1종근린생활시설,1007123811,지번,2,False
1123010400102130018,서울특별시 동대문구 전농동,서울특별시 동대문구 답십리로23길 110 (전농동),근린생활1,공동주택,10071100233752,지번,1,False
1123010500104900016,서울특별시 동대문구 답십리동,서울특별시 동대문구 황물로 147 (답십리동),근린생활1,제1종근린생활시설,1007110676,지번,1,False
1123010500109540006,서울특별시 동대문구 답십리동,서울특별시 동대문구 황물로17길 33 (답십리동),근린생활1,제1종근린생활시설,1007112679,지번,1,False
1123010400102060007,서울특별시 동대문구 전농동,서울특별시 동대문구 전농로17길 49 (전농동),근린생활2,제2종근린생활시설,1007136383,지번,1,False
1123010400101380026,서울특별시 동대문구 전농동,서울특별시 동대문구 전농로29길 30 (전농동),근린생활1,제1종근린생활시설,1007111466,지번,1,False
1123010400102060155,서울특별시 동대문구 전농동,서울특별시 동대문구 전농로23길 38 (전농동),근린생활1,제1종근린생활시설,1007115540,지번,1,False
1123010400101290073,서울특별시 동대문구 전농동,서울특별시 동대문구 서울시립대로 129-3 (전농동),근린생활2,제2종근린생활시설,1007134755,지번,1,False
1123010400101290020,서울특별시 동대문구 전농동,서울특별시 동대문구 서울시립대로 129 (전농동),근린생활1,제1종근린생활시설,1007112801,지번,1,False
1123010800100030274,서울특별시 동대문구 회기동,서울특별시 동대문구 경희대로6길 7-29 (회기동),근린생활2,제2종근린생활시설,1007115765,지번,1,False
1123011000103490043,서울특별시 동대문구 이문동,서울특별시 동대문구 이문로9가길 13 (이문동),근린생활2,제2종근린생활시설,10071100187835,지번,1,False
1123010400101030049,서울특별시 동대문구 전농동,서울특별시 동대문구 전농로38가길 15-3 (전농동),근린생활2,공동주택,10071100241692,지번,1,False
1123010400102120019,서울특별시 동대문구 전농동,서울특별시 동대문구 서울시립대로16길 11 (전농동),근린생활1,공동주택,10071100235412,지번,1,False
1123010400101410240,서울특별시 동대문구 전농동,서울특별시 동대문구 전농로 197 (전농동),근린생활2,제2종근린생활시설,1007122695,지번,1,False
1123010600101680002,서울특별시 동대문구 장안동,서울특별시 동대문구 답십리로66길 48 (장안동),근린생활1,제1종근린생활시설,1007112052,지번,1,False
1123010400101520040,서울특별시 동대문구 전농동,서울특별시 동대문구 서울시립대로29길 53 (전농동),근린생활2,제2종근린생활시설,1007129339,지번,1,False
1123010800100030144,서울특별시 동대문구 회기동,서울특별시 동대문구 경희대로6길 7-37 (회기동),근린생활2,제2종근린생활시설,1007123269,지번,1,False
1123010400101300055,서울특별시 동대문구 전농동,서울특별시 동대문구 서울시립대로28길 41 (전농동),근린생활1,제1종근린생활시설,1007123345,지번,1,False
1123010400102060119,서울특별시 동대문구 전농동,서울특별시 동대문구 전농로17길 50 (전농동),근린생활1,제1종근린생활시설,1007131809,지번,1,False
1123010800100030054,서울특별시 동대문구 회기동,서울특별시 동대문구 회기로23가길 37-1 (회기동),근린생활2,제2종근린생활시설,100719712,지번,1,False
1123011000102640347,서울특별시 동대문구 이문동,서울특별시 동대문구 천장산로7길 52-8 (이문동),근린생활1,제1종근린생활시설,100719814,지번,1,False
1123010800100030278,서울특별시 동대문구 회기동,서울특별시 동대문구 경희대로6길 7-31 (회기동),근린생활2,제2종근린생활시설,1007123926,지번,1,False
1123010500100970004,서울특별시 동대문구 답십리동,서울특별시 동대문구 전농로11길 17-4 (답십리동),근린생활2,제2종근린생활시설,1007132682,지번,1,False
1123010400102220068,서울특별시 동대문구 전농동,서울특별시 동대문구 전농로23길 86 (전농동),근린생활1,제1종근린생활시설,1007115038,지번,1,False
1123010400102060163,서울특별시 동대문구 전농동,서울특별시 동대문구 답십리로23나길 62 (전농동),근린생활1,제1종근린생활시설,1007134475,지번,1,False
1123010800100030160,서울특별시 동대문구 회기동,서울특별시 동대문구 경희대로 26-10 (회기동),근린생활2,제2종근린생활시설,1007129970,지번,1,False
1123010400105580137,서울특별시 동대문구 전농동,서울특별시 동대문구 서울시립대로12길 39 (전농동),근린생활2,제2종근린생활시설,1007112359,지번,1,False
1123010400100200442,서울특별시 동대문구 전농동,서울특별시 동대문구 사가정로 156-3 (전농동),근린생활1,제1종근린생활시설,1007114711,지번,1,False
1123010400100380060,서울특별시 동대문구 전농동,서울특별시 동대문구 사가정로 136-3 (전농동),근린생활2,제2종근린생활시설,1007119515,지번,1,False
1123011000102880023,서울특별시 동대문구 이문동,서울특별시 동대문구 휘경로 3-8 (이문동),근린생활2,제2종근린생활시설,1007119727,지번,1,False
1123010900102760055,서울특별시 동대문구 휘경동,서울특별시 동대문구 망우로18길 6-3 (휘경동),근린생활2,제2종근린생활시설,1007125711,지번,1,False
1123010900102760056,서울특별시 동대문구 휘경동,서울특별시 동대문구 망우로18길 6-1 (휘경동),근린생활2,제2종근린생활시설,100717501,지번,1,False
1123011000103250038,서울특별시 동대문구 이문동,서울특별시 동대문구 이문로 88-10 (이문동),근린생활2,제2종근린생활시설,10071100182367,지번,1,False
1123011000102870022,서울특별시 동대문구 이문동,서울특별시 동대문구 이문로 100 (이문동),근린생활2,제2종근린생활시설,100713315,지번,2,False
1123010500104830021,서울특별시 동대문구 답십리동,서울특별시 동대문구 황물로 107 (답십리동),근린생활1,제1종근린생활시설,1007131810,지번,1,False
1123010500100360059,서울특별시 동대문구 답십리동,서울특별시 동대문구 답십리로48나길 7 (답십리동),근린생활1,제1종근린생활시설,1007120508,지번,1,False
1123011000101150053,서울특별시 동대문구 이문동,서울특별시 동대문구 외대역동로 120-1 (이문동),근린생활1,제1종근린생활시설,1007111445,지번,1,False
1123011000103050141,서울특별시 동대문구 이문동,서울특별시 동대문구 휘경로2가길 23 (이문동),근린생활1,제1종근린생활시설,100717619,지번,1,False
1123010900102760011,서울특별시 동대문구 휘경동,서울특별시 동대문구 망우로16길 11-3 (휘경동),근린생활1,제1종근린생활시설,1007128057,지번,1,False
1123011000100860197,서울특별시 동대문구 이문동,서울특별시 동대문구 외대역동로16길 2 (이문동),근린생활2,제2종근린생활시설,1007135042,지번,1,False
1123010900101830223,서울특별시 동대문구 휘경동,서울특별시 동대문구 이문로6길 35-1 (휘경동),근린생활2,제2종근린생활시설,10071100186625,지번,1,False
1123011000103260031,서울특별시 동대문구 이문동,서울특별시 동대문구 휘경로2길 22-9 (이문동),근린생활2,제2종근린생활시설,1007117814,지번,1,False
1123010900103190031,서울특별시 동대문구 휘경동,서울특별시 동대문구 회기로28길 17 (휘경동),근린생활1,제1종근린생활시설,1007126063,지번,1,False
1123011000101150052,서울특별시 동대문구 이문동,서울특별시 동대문구 외대역동로 120-2 (이문동),근린생활1,제1종근린생활시설,1007124415,지번,1,False
1123010900103200004,서울특별시 동대문구 휘경동,서울특별시 동대문구 회기로 185-1 (휘경동),근린생활2,제2종근린생활시설,100713212,지번,3,False
1123010900103200004,서울특별시 동대문구 휘경동,서울특별시 동대문구 회기로 185-1 (휘경동),근린생활2,제2종근린생활시설,100713213,지번,3,False
1123010900103200007,서울특별시 동대문구 휘경동,서울특별시 동대문구 이문로 30 (휘경동),근린생활1,제1종근린생활시설,1007129200,지번,3,False
1123010900103200007,서울특별시 동대문구 휘경동,서울특별시 동대문구 이문로 30 (휘경동),근린생활1,업무시설,100713215,지번,3,False
1123010900103200007,서울특별시 동대문구 휘경동,서울특별시 동대문구 이문로 30 (휘경동),근린생활1,제2종근린생활시설,100713216,지번,3,False
1123010900103340016,서울특별시 동대문구 휘경동,서울특별시 동대문구 망우로1길 37-1 (휘경동),근린생활2,제2종근린생활시설,1007135348,지번,1,False
1123011000102880068,서울특별시 동대문구 이문동,서울특별시 동대문구 휘경로 3-4 (이문동),근린생활2,제2종근린생활시설,1007110490,지번,1,False
1123011000100740004,서울특별시 동대문구 이문동,서울특별시 동대문구 외대역동로14길 43 (이문동),근린생활1,제1종근린생활시설,1007114767,지번,1,False
1123010900103190017,서울특별시 동대문구 휘경동,서울특별시 동대문구 회기로28길 3 (휘경동),근린생활2,제2종근린생활시설,100717017,지번,1,False
1123010900101830095,서울특별시 동대문구 휘경동,서울특별시 동대문구 회기로31길 23 (휘경동),근린생활1,제1종근린생활시설,1007135607,지번,1,False
1123011000103050130,서울특별시 동대문구 이문동,서울특별시 동대문구 휘경로2가길 4 (이문동),근린생활1,제1종근린생활시설,1007113880,지번,1,False
1123011000102880082,서울특별시 동대문구 이문동,서울특별시 동대문구 휘경로 9-5 (이문동),근린생활2,제2종근린생활시설,1007136335,지번,1,False
1123010800100650088,서울특별시 동대문구 회기동,서울특별시 동대문구 이문로1길 16-7 (회기동),근린생활1,제1종근린생활시설,1007130083,지번,1,False
1123011000101150047,서울특별시 동대문구 이문동,서울특별시 동대문구 외대역동로 124 (이문동),근린생활2,제2종근린생활시설,1007134227,지번,1,False
1123010400101300057,서울특별시 동대문구 전농동,서울특별시 동대문구 서울시립대로28길 35 (전농동),근린생활1,제1종근린생활시설,1007131595,지번,1,False
1123010400101030461,서울특별시 동대문구 전농동,서울특별시 동대문구 전농로38길 37 (전농동),근린생활1,제1종근린생활시설,1007136401,지번,1,False
1123010800100030115,서울특별시 동대문구 회기동,서울특별시 동대문구 경희대로6길 23-3 (회기동),근린생활2,제2종근린생활시설,1007119703,지번,1,False
1123010900102860122,서울특별시 동대문구 휘경동,서울특별시 동대문구 망우로18가길 33 (휘경동),근린생활2,제2종근린생활시설,10071100189917,지번,1,False
1123010400100460008,서울특별시 동대문구 전농동,서울특별시 동대문구 전농로16길 35 (전농동),근린생활1,제1종근린생활시설,100714163,지번,2,False
1123010800100030185,서울특별시 동대문구 회기동,서울특별시 동대문구 경희대로6길 8 (회기동),근린생활1,제1종근린생활시설,1007130841,지번,1,False
1123010900102860235,서울특별시 동대문구 휘경동,서울특별시 동대문구 망우로18길 36 (휘경동),근린생활2,제2종근린생활시설,1007121893,지번,1,False
1123010500100970005,서울특별시 동대문구 답십리동,서울특별시 동대문구 전농로 115 (답십리동),근린생활2,제2종근린생활시설,1007119784,지번,1,False
1123010500102570002,서울특별시 동대문구 답십리동,서울특별시 동대문구 전농로 67 (답십리동),근린생활2,제2종근린생활시설,1007119971,지번,1,False
1123010500102310011,서울특별시 동대문구 답십리동,서울특별시 동대문구 답십리로41길 8 (답십리동),근린생활2,제2종근린생활시설,1007128925,지번,1,False
1123010900102940203,서울특별시 동대문구 휘경동,서울특별시 동대문구 망우로18다길 32-2 (휘경동),근린생활1,공동주택,10071100205204,지번,1,False
1123010800100540001,서울특별시 동대문구 회기동,서울특별시 동대문구 회기로23다길 17 (회기동),근린생활2,제2종근린생활시설,10071100183087,지번,1,False
1123011000102640300,서울특별시 동대문구 이문동,서울특별시 동대문구 이문로9나길 6-8 (이문동),근린생활2,제2종근린생활시설,100718543,지번,1,False
1123010400102950115,서울특별시 동대문구 전농동,서울특별시 동대문구 전농로15길 8 (전농동),근린생활1,제2종근린생활시설,1007128763,지번,1,False
1123010900103340000,서울특별시 동대문구 휘경동,서울특별시 동대문구 망우로1길 39 (휘경동),근린생활2,제2종근린생활시설,1007127138,지번,1,False
1123010900102950011,서울특별시 동대문구 휘경동,서울특별시 동대문구 망우로12가길 4 (휘경동),근린생활2,제2종근린생활시설,10071100189058,지번,1,False
1123010400100550023,서울특별시 동대문구 전농동,서울특별시 동대문구 사가정로15길 31 (전농동),근린생활1,제1종근린생활시설,1007129972,지번,1,False
1123011000101160048,서울특별시 동대문구 이문동,서울특별시 동대문구 외대역동로27길 42 (이문동),근린생활1,제1종근린생활시설,1007125316,지번,1,False
1123010400102710031,서울특별시 동대문구 전농동,서울특별시 동대문구 서울시립대로16길 91 (전농동),근린생활1,제1종근린생활시설,100718513,지번,1,False
1123010400102950375,서울특별시 동대문구 전농동,서울특별시 동대문구 사가정로8길 28 (전농동),근린생활1,단독주택,1007117882,지번,1,False
1123010400100370005,서울특별시 동대문구 전농동,서울특별시 동대문구 전농로16길 22-6 (전농동),근린생활1,제1종근린생활시설,1007112814,지번,1,False
1123010400100600367,서울특별시 동대문구 전농동,서울특별시 동대문구 전농로 154 (전농동),근린생활1,제1종근린생활시설,1007120707,지번,1,False
1123010800100230002,서울특별시 동대문구 회기동,서울특별시 동대문구 회기로21길 30 (회기동),근린생활1,제1종근린생활시설,1007112334,지번,1,False
1123010800100540067,서울특별시 동대문구 회기동,서울특별시 동대문구 회기로23다길 14-2 (회기동),근린생활1,제1종근린생활시설,100719900,지번,1,False
1123011000101740011,서울특별시 동대문구 이문동,서울특별시 동대문구 외대역동로 135 (이문동),근린생활2,제2종근린생활시설,1007111203,지번,1,False
1123010400102950034,서울특별시 동대문구 전농동,서울특별시 동대문구 전농로11가길 8-8 (전농동),근린생활2,제2종근린생활시설,100712581,지번,1,False
1123010400102950028,서울특별시 동대문구 전농동,서울특별시 동대문구 사가정로 108 (전농동),근린생활2,제2종근린생활시설,1007120506,지번,1,False
1123010400102950157,서울특별시 동대문구 전농동,서울특별시 동대문구 사가정로12길 18 (전농동),근린생활2,제2종근린생활시설,1007136473,지번,1,False
1123010400102950152,서울특별시 동대문구 전농동,서울특별시 동대문구 사가정로12길 6 (전농동),근린생활2,제2종근린생활시설,1007111594,지번,1,False
1123010400102950118,서울특별시 동대문구 전농동,서울특별시 동대문구 사가정로12길 3 (전농동),근린생활1,제1종근린생활시설,1007110152,지번,1,False
1123010800100540163,서울특별시 동대문구 회기동,서울특별시 동대문구 회기로23길 57 (회기동),근린생활2,제2종근린생활시설,1007113935,지번,1,False
1123010400100150003,서울특별시 동대문구 전농동,서울특별시 동대문구 전농로 124-8 (전농동),근린생활1,제1종근린생활시설,1007133223,지번,1,False
1123010100100760055,서울특별시 동대문구 신설동,서울특별시 동대문구 왕산로 17-5 (신설동),근린생활1,제1종근린생활시설,100717480,지번,1,False
1123010800100030049,서울특별시 동대문구 회기동,서울특별시 동대문구 회기로23나길 23 (회기동),근린생활2,제2종근린생활시설,100716406,지번,2,False
1123010800100030049,서울특별시 동대문구 회기동,서울특별시 동대문구 회기로23나길 23 (회기동),근린생활2,제2종근린생활시설,100716407,지번,2,False
1123011000102640306,서울특별시 동대문구 이문동,서울특별시 동대문구 이문로9나길 6-3 (이문동),근린생활2,제2종근린생활시설,10071100187188,지번,1,False
1123010800100030117,서울특별시 동대문구 회기동,서울특별시 동대문구 경희대로6길 19 (회기동),근린생활2,단독주택,10071100245915,지번,1,False
1123010400101270222,서울특별시 동대문구 전농동,서울특별시 동대문구 전농로37길 101 (전농동),근린생활2,제2종근린생활시설,1007125619,지번,1,False
1123010800100600080,서울특별시 동대문구 회기동,서울특별시 동대문구 경희대로1나길 8 (회기동),근린생활2,제2종근린생활시설,10071100189177,지번,1,False
1123010400102060131,서울특별시 동대문구 전농동,서울특별시 동대문구 전농로17길 44 (전농동),근린생활1,제1종근린생활시설,100716588,지번,1,False
1123011000102640385,서울특별시 동대문구 이문동,서울특별시 동대문구 이문로9나길 21-12 (이문동),근린생활2,제2종근린생활시설,10071100185166,지번,1,False
1123010400101030570,서울특별시 동대문구 전농동,서울특별시 동대문구 전농로38다길 21 (전농동),근린생활1,제1종근린생활시설,100719469,지번,1,False
1123010900102860114,서울특별시 동대문구 휘경동,서울특별시 동대문구 망우로18가길 61-2 (휘경동),근린생활2,제2종근린생활시설,10071100186445,지번,1,False
1123011000103350002,서울특별시 동대문구 이문동,서울특별시 동대문구 이문로13길 14 (이문동),근린생활2,제2종근린생활시설,10071100185644,지번,1,False
1123010900102940146,서울특별시 동대문구 휘경동,서울특별시 동대문구 망우로12다길 21 (휘경동),근린생활2,제2종근린생활시설,1007120573,지번,1,False
1123010400102130026,서울특별시 동대문구 전농동,서울특별시 동대문구 전농로27길 57 (전농동),근린생활1,단독주택,10071100241893,지번,1,False
1123010500100010121,서울특별시 동대문구 답십리동,서울특별시 동대문구 답십리로59길 55 (답십리동),근린생활2,제2종근린생활시설,100717065,지번,1,False
1123010900100490299,서울특별시 동대문구 휘경동,서울특별시 동대문구 한천로46가길 7 (휘경동),근린생활2,제2종근린생활시설,1007135739,지번,1,False
1123010400105580122,서울특별시 동대문구 전농동,서울특별시 동대문구 답십리로23길 80-2 (전농동),근린생활2,단독주택,10071100231113,지번,1,False
1123010400101270138,서울특별시 동대문구 전농동,서울특별시 동대문구 서울시립대로 145 (전농동),근린생활2,제2종근린생활시설,1007126374,지번,1,False
1123010400101410035,서울특별시 동대문구 전농동,서울특별시 동대문구 전농로 201 (전농동),근린생활1,공동주택,10071100263775,지번,1,False
1123010400105580048,서울특별시 동대문구 전농동,서울특별시 동대문구 답십리로23길 94-1 (전농동),근린생활1,제1종근린생활시설,100718883,지번,1,False
1123011000102640246,서울특별시 동대문구 이문동,서울특별시 동대문구 천장산로7길 26-9 (이문동),근린생활2,제2종근린생활시설,1007121054,지번,1,False
1123011000103490010,서울특별시 동대문구 이문동,서울특별시 동대문구 이문로9가길 12 (이문동),근린생활2,제2종근린생활시설,10071100182225,지번,1,False
1123011000102640239,서울특별시 동대문구 이문동,서울특별시 동대문구 천장산로7길 26-10 (이문동),근린생활2,제2종근린생활시설,10071100185463,지번,1,False
1123011000102640034,서울특별시 동대문구 이문동,서울특별시 동대문구 천장산로6길 23 (이문동),근린생활2,제2종근린생활시설,10071100183146,지번,1,False
1123010500102620002,서울특별시 동대문구 답십리동,서울특별시 동대문구 전농로 51 (답십리동),근린생활1,제1종근린생활시설,1007130014,지번,1,False
1123010400100420051,서울특별시 동대문구 전농동,서울특별시 동대문구 사가정로 166 (전농동),근린생활1,제1종근린생활시설,1007124432,지번,1,False
1123011000102640245,서울특별시 동대문구 이문동,서울특별시 동대문구 천장산로7길 26-11 (이문동),근린생활2,제2종근린생활시설,10071100184153,지번,1,False
1123011000103460091,서울특별시 동대문구 이문동,서울특별시 동대문구 회기로25가길 9 (이문동),근린생활2,제2종근린생활시설,10071100181917,지번,1,False
1123010600101230020,서울특별시 동대문구 장안동,서울특별시 동대문구 한천로36길 30 (장안동),근린생활1,제1종근린생활시설,1007114123,지번,1,False
1123010600101230009,서울특별시 동대문구 장안동,서울특별시 동대문구 답십리로63길 66 (장안동),근린생활2,제2종근린생활시설,1007113793,지번,1,False
1123011000102640038,서울특별시 동대문구 이문동,서울특별시 동대문구 천장산로6길 19 (이문동),근린생활2,제2종근린생활시설,10071100183731,지번,1,False
1123010800101030139,서울특별시 동대문구 회기동,서울특별시 동대문구 이문로3길 71 (회기동),근린생활2,제2종근린생활시설,100717033,지번,1,False
1123010800100030212,서울특별시 동대문구 회기동,서울특별시 동대문구 경희대로6길 16 (회기동),근린생활2,제2종근린생활시설,1007111760,지번,1,False
1123010900103120133,서울특별시 동대문구 휘경동,서울특별시 동대문구 전농로38길 101-4 (휘경동),근린생활2,제2종근린생활시설,10071100185353,지번,1,False
1123010700100380030,서울특별시 동대문구 청량리동,서울특별시 동대문구 왕산로 283-1 (청량리동),근린생활1,제1종근린생활시설,1007129003,지번,1,False
1123010400105810042,서울특별시 동대문구 전농동,서울특별시 동대문구 답십리로23길 111 (전농동),근린생활1,제1종근린생활시설,1007121989,지번,1,False
1123010900101830225,서울특별시 동대문구 휘경동,서울특별시 동대문구 이문로6길 31 (휘경동),근린생활2,제2종근린생활시설,10071100187773,지번,1,False
1123011000103170020,서울특별시 동대문구 이문동,서울특별시 동대문구 휘경로2길 37-6 (이문동),근린생활2,제2종근린생활시설,1007116333,지번,1,False
1123011000101160002,서울특별시 동대문구 이문동,서울특별시 동대문구 외대역동로 127-1 (이문동),근린생활1,제1종근린생활시설,100719465,지번,1,False
1123011000100830041,서울특별시 동대문구 이문동,서울특별시 동대문구 외대역동로 91 (이문동),근린생활1,제1종근린생활시설,1007128326,지번,1,False
1123010900101830335,서울특별시 동대문구 휘경동,서울특별시 동대문구 이문로8길 23-9 (휘경동),근린생활2,제2종근린생활시설,10071100186246,지번,1,False
1123010900101830316,서울특별시 동대문구 휘경동,서울특별시 동대문구 회기로29길 68 (휘경동),근린생활2,제2종근린생활시설,1007130884,지번,1,False
1123010900102860236,서울특별시 동대문구 휘경동,서울특별시 동대문구 망우로18길 38 (휘경동),근린생활2,제2종근린생활시설,10071100184775,지번,1,False
1123010800100650039,서울특별시 동대문구 회기동,서울특별시 동대문구 이문로 7 (회기동),근린생활2,공동주택,10071100261335,지번,1,False
1123010900101830348,서울특별시 동대문구 휘경동,서울특별시 동대문구 이문로8길 9 (휘경동),근린생활2,제2종근린생활시설,10071100183730,지번,1,False
1123010900101560020,서울특별시 동대문구 휘경동,,근린생활1,단독주택,1007120406,본번,1,False
1123011000103020006,서울특별시 동대문구 이문동,,근린생활1,단독주택,1007118004,본번,1,False
1123010400100600015,서울특별시 동대문구 전농동,서울특별시 동대문구 사가정로13길 27 (전농동),근린생활1,제1종근린생활시설,1007131824,지번,1,False
1123011000101150062,서울특별시 동대문구 이문동,서울특별시 동대문구 외대역동로 130-1 (이문동),근린생활1,제1종근린생활시설,1007125043,지번,1,False
1123010400100970017,서울특별시 동대문구 전농동,서울특별시 동대문구 왕산로 302 (전농동),판매영업,판매및영업시설,100716712,지번,1,False
1123010900102530005,서울특별시 동대문구 휘경동,서울특별시 동대문구 망우로21가길 4 (휘경동),근린생활1,제1종근린생활시설,1007130021,지번,1,False
1123011000103040022,서울특별시 동대문구 이문동,서울특별시 동대문구 휘경로5길 10-2 (이문동),근린생활2,제2종근린생활시설,10071100184143,지번,1,False
1123010800100160036,서울특별시 동대문구 회기동,서울특별시 동대문구 회기로19길 23 (회기동),근린생활1,공동주택,10071100205468,지번,1,False
1123010400102950052,서울특별시 동대문구 전농동,,근린생활1,제1종근린생활시설,100715800,지번,7,False
1123010400102950052,서울특별시 동대문구 전농동,,근린생활1,제1종근린생활시설,100715801,지번,7,False
1123010400102950052,서울특별시 동대문구 전농동,,근린생활1,제1종근린생활시설,100715802,지번,7,False
1123010400102950052,서울특별시 동대문구 전농동,,근린생활1,제1종근린생활시설,100715803,지번,7,False
1123010400102950052,서울특별시 동대문구 전농동,,근린생활1,제1종근린생활시설,100715804,지번,7,False
1123010400102950052,서울특별시 동대문구 전농동,서울특별시 동대문구 전농로 147 (전농동),근린생활1,제1종근린생활시설,100715805,지번,7,False
1123010400102950052,서울특별시 동대문구 전농동,,근린생활1,제1종근린생활시설,100715806,지번,7,False
1123010400102950431,서울특별시 동대문구 전농동,서울특별시 동대문구 전농로15길 21 (전농동),근린생활1,제1종근린생활시설,1007135740,지번,3,False
1123010400102950431,서울특별시 동대문구 전농동,서울특별시 동대문구 전농로15길 21 (전농동),근린생활1,판매시설,100715074,지번,3,False
1123010400102950431,서울특별시 동대문구 전농동,서울특별시 동대문구 전농로15길 21 (전농동),근린생활1,제1종근린생활시설,100715075,지번,3,False
1123010400102950116,서울특별시 동대문구 전농동,서울특별시 동대문구 전농로29길 107 (전농동),근린생활1,제1종근린생활시설,1007134991,지번,1,False
1123010400100900007,서울특별시 동대문구 전농동,서울특별시 동대문구 전농로 155 (전농동),근린생활1,제1종근린생활시설,1007122459,지번,1,False
1123010400101830031,서울특별시 동대문구 전농동,서울특별시 동대문구 전농로 157 (전농동),근린생활1,제1종근린생활시설,1007114626,지번,1,False
1123010400101830029,서울특별시 동대문구 전농동,서울특별시 동대문구 전농로17길 6-6 (전농동),근린생활1,제1종근린생활시설,1007136765,지번,1,False
1123010400101830028,서울특별시 동대문구 전농동,서울특별시 동대문구 전농로 159 (전농동),근린생활2,제2종근린생활시설,100716922,지번,1,False
1123010400102040061,서울특별시 동대문구 전농동,서울특별시 동대문구 전농로29길 89 (전농동),근린생활1,제1종근린생활시설,1007123343,지번,1,False
1123010400101840009,서울특별시 동대문구 전농동,서울특별시 동대문구 전농로 161 (전농동),근린생활1,제1종근린생활시설,1007135241,지번,1,False
1123010400101830016,서울특별시 동대문구 전농동,서울특별시 동대문구 전농로29길 93-12 (전농동),근린생활1,제1종근린생활시설,1007123078,지번,1,False
1123010400102040126,서울특별시 동대문구 전농동,서울특별시 동대문구 전농로29길 67 (전농동),근린생활1,제1종근린생활시설,1007124008,지번,1,False
1123011000101140018,서울특별시 동대문구 이문동,서울특별시 동대문구 외대역동로 98 (이문동),근린생활1,제1종근린생활시설,100719315,지번,1,False
1123011000100860046,서울특별시 동대문구 이문동,서울특별시 동대문구 외대역동로 88 (이문동),근린생활2,제2종근린생활시설,100719480,지번,1,False
1123011000100860139,서울특별시 동대문구 이문동,서울특별시 동대문구 외대역동로 94 (이문동),근린생활2,제2종근린생활시설,1007133796,지번,1,False
1123011000100780027,서울특별시 동대문구 이문동,서울특별시 동대문구 휘경로 35-1 (이문동),근린생활1,제1종근린생활시설,1007116814,지번,1,False
1123011000101030011,서울특별시 동대문구 이문동,서울특별시 동대문구 한천로 421-1 (이문동),근린생활1,제1종근린생활시설,1007134149,지번,1,False
1123010800100250000,서울특별시 동대문구 회기동,서울특별시 동대문구 회기로21길 34 (회기동),근린생활2,제2종근린생활시설,100719845,지번,1,False
1123010800100760005,서울특별시 동대문구 회기동,서울특별시 동대문구 회기로26길 5 (회기동),근린생활2,제2종근린생활시설,1007113750,지번,1,False
1123010800100450052,서울특별시 동대문구 회기동,서울특별시 동대문구 회기로 158 (회기동),근린생활1,제1종근린생활시설,1007131646,지번,1,False
1123010800100160023,서울특별시 동대문구 회기동,서울특별시 동대문구 회기로19길 12 (회기동),근린생활1,제1종근린생활시설,100718773,지번,1,False
1123011000102870039,서울특별시 동대문구 이문동,서울특별시 동대문구 휘경로2길 16 (이문동),근린생활2,제2종근린생활시설,1007111360,지번,1,False
1123011000102910031,서울특별시 동대문구 이문동,서울특별시 동대문구 이문로 133 (이문동),근린생활1,제1종근린생활시설,1000000000000003943129,지번,1,False
1123011000102880012,서울특별시 동대문구 이문동,서울특별시 동대문구 이문로 112 (이문동),근린생활1,제1종근린생활시설,1007115713,지번,1,False
1123010800100450073,서울특별시 동대문구 회기동,서울특별시 동대문구 회기로 151-2 (회기동),근린생활1,제1종근린생활시설,1007127222,지번,1,False
1123011000103150004,서울특별시 동대문구 이문동,서울특별시 동대문구 휘경로2길 29 (이문동),근린생활1,제1종근린생활시설,100713845,지번,4,False
1123011000102910012,서울특별시 동대문구 이문동,서울특별시 동대문구 이문로 119 (이문동),근린생활1,제1종근린생활시설,1000000000000004022276,지번,1,False
1123010800100540013,서울특별시 동대문구 회기동,서울특별시 동대문구 경희대로4길 56 (회기동),근린생활1,제1종근린생활시설,1007119161,지번,1,False
1123011000103290007,서울특별시 동대문구 이문동,서울특별시 동대문구 이문로25길 17 (이문동),근린생활2,제2종근린생활시설,100717726,지번,1,False
1123011000103490011,서울특별시 동대문구 이문동,서울특별시 동대문구 이문로9길 105 (이문동),근린생활1,제1종근린생활시설,100717463,지번,1,False
1123011000103460121,서울특별시 동대문구 이문동,서울특별시 동대문구 이문로 70 (이문동),근린생활2,업무시설,1000000000000001716106,지번,1,False
1123010800100160047,서울특별시 동대문구 회기동,서울특별시 동대문구 경희대로4길 1 (회기동),근린생활1,제1종근린생활시설,1007117885,지번,1,False
1123010800100160046,서울특별시 동대문구 회기동,서울특별시 동대문구 경희대로 12-1 (회기동),근린생활1,제1종근린생활시설,1007130855,지번,1,False
1123010800100600040,서울특별시 동대문구 회기동,서울특별시 동대문구 회기로 141 (회기동),근린생활1,제1종근린생활시설,1007127801,지번,1,False
1123010800100420043,서울특별시 동대문구 회기동,서울특별시 동대문구 경희대로1길 10 (회기동),근린생활1,제1종근린생활시설,1007125502,지번,1,False
1123010800100450107,서울특별시 동대문구 회기동,서울특별시 동대문구 회기로 152 (회기동),근린생활1,제1종근린생활시설,1007135587,지번,1,False
1123011000103410060,서울특별시 동대문구 이문동,서울특별시 동대문구 회기로25길 59 (이문동),근린생활1,제1종근린생활시설,1007126981,지번,1,False
1123010800101080003,서울특별시 동대문구 회기동,서울특별시 동대문구 경희대로 19-9 (회기동),근린생활2,제2종근린생활시설,1007130719,지번,1,False
1123010800101080015,서울특별시 동대문구 회기동,서울특별시 동대문구 경희대로 17 (회기동),근린생활2,제2종근린생활시설,1007116832,지번,1,False
1123010900101830352,서울특별시 동대문구 휘경동,서울특별시 동대문구 이문로 54 (휘경동),근린생활1,제1종근린생활시설,1007126493,지번,1,False
1123010400101910003,서울특별시 동대문구 전농동,서울특별시 동대문구 전농로 177 (전농동),근린생활1,제1종근린생활시설,1007111822,지번,1,False
1123010400101030131,서울특별시 동대문구 전농동,서울특별시 동대문구 전농로37길 13-8 (전농동),근린생활2,공동주택,10071100221472,지번,1,False
1123010400101010016,서울특별시 동대문구 전농동,서울특별시 동대문구 왕산로 288-2 (전농동),근린생활2,제2종근린생활시설,1007125387,지번,1,False
1123010400101010009,서울특별시 동대문구 전농동,서울특별시 동대문구 왕산로 292 (전농동),근린생활2,제2종근린생활시설,100719979,지번,1,False
1123010400101950045,서울특별시 동대문구 전농동,서울특별시 동대문구 전농로29길 56 (전농동),근린생활1,제1종근린생활시설,1007131311,지번,1,False
1123010400102040036,서울특별시 동대문구 전농동,서울특별시 동대문구 전농로17길 19 (전농동),근린생활1,제1종근린생활시설,1007121369,지번,1,False
1123010400102040220,서울특별시 동대문구 전농동,서울특별시 동대문구 전농로19길 20 (전농동),근린생활1,제1종근린생활시설,1007114947,지번,1,False
1123010400102040200,서울특별시 동대문구 전농동,서울특별시 동대문구 전농로29길 104 (전농동),근린생활2,제2종근린생활시설,1007114718,지번,1,False
1123010400102940001,서울특별시 동대문구 전농동,서울특별시 동대문구 사가정로9길 24 (전농동),근린생활1,제1종근린생활시설,1007123740,지번,1,False
1123010900101180022,서울특별시 동대문구 휘경동,서울특별시 동대문구 휘경로 71 (휘경동),근린생활1,제1종근린생활시설,1007135161,지번,1,False
1123011000100860051,서울특별시 동대문구 이문동,서울특별시 동대문구 외대역동로 82-1 (이문동),근린생활1,제1종근린생활시설,1007135621,지번,1,False
1123010900101500013,서울특별시 동대문구 휘경동,서울특별시 동대문구 휘경로 49 (휘경동),근린생활1,제1종근린생활시설,1007127638,지번,1,False
1123011000102880039,서울특별시 동대문구 이문동,서울특별시 동대문구 휘경로 10 (이문동),근린생활1,제1종근린생활시설,1007119667,지번,1,False
1123010800100710004,서울특별시 동대문구 회기동,서울특별시 동대문구 이문로 9 (회기동),근린생활1,제1종근린생활시설,1007136542,지번,1,False
1123011000103460044,서울특별시 동대문구 이문동,서울특별시 동대문구 이문로 67 (이문동),근린생활1,제1종근린생활시설,1007112487,지번,1,False
1123010800100120001,서울특별시 동대문구 회기동,서울특별시 동대문구 회기로21길 18 (회기동),근린생활2,제2종근린생활시설,1007115873,지번,1,False
1123010900101830162,서울특별시 동대문구 휘경동,서울특별시 동대문구 회기로31나길 42 (휘경동),근린생활2,단독주택,1000000000000000064215,지번,1,False
1123011000103460120,서울특별시 동대문구 이문동,서울특별시 동대문구 이문로 72 (이문동),근린생활1,공동주택,10071100239752,지번,1,False
1123011000102880061,서울특별시 동대문구 이문동,서울특별시 동대문구 휘경로 4-6 (이문동),근린생활1,제1종근린생활시설,1007118223,지번,1,False
1123011000103050074,서울특별시 동대문구 이문동,서울특별시 동대문구 휘경로2길 5-2 (이문동),근린생활1,제1종근린생활시설,1007117312,지번,1,False
1123011000103050075,서울특별시 동대문구 이문동,서울특별시 동대문구 휘경로2길 5-4 (이문동),근린생활1,제1종근린생활시설,100718501,지번,1,False
1123011000102890001,서울특별시 동대문구 이문동,서울특별시 동대문구 휘경로 9 (이문동),근린생활1,제1종근린생활시설,1007119701,지번,1,False
1123011000103290001,서울특별시 동대문구 이문동,서울특별시 동대문구 이문로 93 (이문동),근린생활2,공동주택,10071100230612,지번,1,False
1123010800100160048,서울특별시 동대문구 회기동,서울특별시 동대문구 경희대로4길 2 (회기동),근린생활2,제2종근린생활시설,1007119326,지번,1,False
1123010800100600046,서울특별시 동대문구 회기동,서울특별시 동대문구 경희대로1길 7 (회기동),근린생활2,제2종근린생활시설,1007126603,지번,1,False
1123010800100420082,서울특별시 동대문구 회기동,서울특별시 동대문구 경희대로1길 8-18 (회기동),근린생활1,제1종근린생활시설,1007134554,지번,1,False
1123010800100420052,서울특별시 동대문구 회기동,서울특별시 동대문구 경희대로3길 11 (회기동),근린생활2,제2종근린생활시설,1007124607,지번,1,False
1123010400100600032,서울특별시 동대문구 전농동,서울특별시 동대문구 전농로20길 2 (전농동),근린생활2,제2종근린생활시설,1007123027,지번,1,False
1123010900101160001,서울특별시 동대문구 휘경동,서울특별시 동대문구 망우로 141 (휘경동),근린생활1,제1종근린생활시설,1007115476,지번,1,False
1123010900100720003,서울특별시 동대문구 휘경동,서울특별시 동대문구 망우로 113 (휘경동),근린생활1,업무시설,10071100235535,지번,1,False
1123010900101650011,서울특별시 동대문구 휘경동,서울특별시 동대문구 휘경로14길 12 (휘경동),근린생활2,단독주택,1000000000000007052455,지번,1,False
1123011000100950007,서울특별시 동대문구 이문동,서울특별시 동대문구 한천로 409-1 (이문동),근린생활2,제2종근린생활시설,1007122685,지번,1,False
1123010400102950053,서울특별시 동대문구 전농동,서울특별시 동대문구 전농로 145 (전농동),근린생활1,제1종근린생활시설,1007136930,지번,1,False
1123010400102950111,서울특별시 동대문구 전농동,서울특별시 동대문구 전농로15길 4 (전농동),근린생활1,제1종근린생활시설,1007111568,지번,1,False
1123010400100600081,서울특별시 동대문구 전농동,서울특별시 동대문구 전농로19길 5 (전농동),근린생활1,제1종근린생활시설,1007130641,지번,1,False
1123010400101830023,서울특별시 동대문구 전농동,서울특별시 동대문구 전농로17길 8 (전농동),근린생활1,제1종근린생활시설,1007116802,지번,1,False
1123010400100600325,서울특별시 동대문구 전농동,서울특별시 동대문구 전농로20길 10 (전농동),근린생활2,제2종근린생활시설,1007118123,지번,1,False
1123010400100600256,서울특별시 동대문구 전농동,서울특별시 동대문구 전농로20길 14 (전농동),근린생활2,제2종근린생활시설,1007123406,지번,1,False
1123010400100600335,서울특별시 동대문구 전농동,서울특별시 동대문구 사가정로13길 19 (전농동),근린생활1,제1종근린생활시설,1007132700,지번,1,False
1123010900101660010,서울특별시 동대문구 휘경동,,근린생활2,단독주택,1007120766,본번,1,False
1123011000103630009,서울특별시 동대문구 이문동,서울특별시 동대문구 휘경로3길 6 (이문동),근린생활1,제1종근린생활시설,1007115284,지번,1,False
1123010900102660006,서울특별시 동대문구 휘경동,서울특별시 동대문구 망우로21길 63 (휘경동),근린생활2,업무시설,10071100253294,지번,1,False
1123010900102760049,서울특별시 동대문구 휘경동,서울특별시 동대문구 망우로 78 (휘경동),근린생활1,제1종근린생활시설,1007110337,지번,1,False
1123010800100570022,서울특별시 동대문구 회기동,서울특별시 동대문구 회기로25길 11 (회기동),근린생활1,제1종근린생활시설,1007120054,지번,1,False
1123011000103350012,서울특별시 동대문구 이문동,서울특별시 동대문구 이문로13길 6-1 (이문동),근린생활2,제2종근린생활시설,1007134063,지번,1,False
1123010800100450068,서울특별시 동대문구 회기동,서울특별시 동대문구 회기로 149-16 (회기동),근린생활1,제1종근린생활시설,1007125806,지번,1,False
1123010800100610010,서울특별시 동대문구 회기동,서울특별시 동대문구 회기로 164 (회기동),근린생활2,제2종근린생활시설,1007117344,지번,1,False
1123011000103240049,서울특별시 동대문구 이문동,서울특별시 동대문구 이문로 83 (이문동),근린생활1,제1종근린생활시설,1007120944,지번,1,False
1123010800100450062,서울특별시 동대문구 회기동,서울특별시 동대문구 회기로 155 (회기동),근린생활1,제1종근린생활시설,1007128983,지번,1,False
1123010900101910019,서울특별시 동대문구 휘경동,서울특별시 동대문구 회기로 201 (휘경동),근린생활1,제1종근린생활시설,1007134741,지번,1,False
1123010800100720010,서울특별시 동대문구 회기동,서울특별시 동대문구 이문로 13-1 (회기동),근린생활2,제2종근린생활시설,1007122508,지번,1,False
1123010900103200005,서울특별시 동대문구 휘경동,서울특별시 동대문구 회기로 185 (휘경동),근린생활1,제1종근린생활시설,1007128637,지번,1,False
1123010900103200002,서울특별시 동대문구 휘경동,서울특별시 동대문구 회기로 189 (휘경동),근린생활1,제1종근린생활시설,1007117605,지번,1,False
1123010900100340044,서울특별시 동대문구 휘경동,서울특별시 동대문구 외대역동로 17 (휘경동),근린생활1,제1종근린생활시설,100719218,지번,1,False
1123011000100860079,서울특별시 동대문구 이문동,서울특별시 동대문구 외대역동로 90 (이문동),근린생활2,제2종근린생활시설,1007133742,지번,1,False
1123011000103060004,서울특별시 동대문구 이문동,서울특별시 동대문구 휘경로 24-1 (이문동),근린생활2,제2종근린생활시설,1007136576,지번,1,False
1123011000100820027,서울특별시 동대문구 이문동,서울특별시 동대문구 휘경로 31-1 (이문동),근린생활2,제2종근린생활시설,100716637,지번,1,False
1123010900101630022,서울특별시 동대문구 휘경동,서울특별시 동대문구 휘경로 34 (휘경동),근린생활1,제1종근린생활시설,1007116895,지번,1,False
1123011000101010015,서울특별시 동대문구 이문동,서울특별시 동대문구 한천로 424 (이문동),근린생활2,제2종근린생활시설,100719958,지번,1,False
1123010900100350006,서울특별시 동대문구 휘경동,서울특별시 동대문구 망우로 114 (휘경동),근린생활2,근린생활시설,1007112902,지번,1,False
1123011000103460140,서울특별시 동대문구 이문동,서울특별시 동대문구 이문로9길 52 (이문동),근린생활2,제2종근린생활시설,1007117480,지번,1,False
1123010800100310001,서울특별시 동대문구 회기동,서울특별시 동대문구 경희대로 18 (회기동),근린생활1,제1종근린생활시설,1007133183,지번,1,False
1123010400102950101,서울특별시 동대문구 전농동,서울특별시 동대문구 전농로 150 (전농동),근린생활1,제1종근린생활시설,1007133408,지번,1,False
1123010400100380037,서울특별시 동대문구 전농동,서울특별시 동대문구 사가정로 127 (전농동),근린생활1,제1종근린생활시설,1007133792,지번,1,False
1123010400100360008,서울특별시 동대문구 전농동,서울특별시 동대문구 전농로16길 34 (전농동),근린생활2,제2종근린생활시설,1007131270,지번,1,False
1123010400100900010,서울특별시 동대문구 전농동,서울특별시 동대문구 전농로 158 (전농동),근린생활1,제1종근린생활시설,1007122636,지번,1,False
1123010400100900011,서울특별시 동대문구 전농동,서울특별시 동대문구 전농로20길 5 (전농동),근린생활1,제1종근린생활시설,1007110493,지번,1,False
1123010400101840014,서울특별시 동대문구 전농동,서울특별시 동대문구 전농로 160 (전농동),근린생활1,제1종근린생활시설,1007131439,지번,1,False
1123010400101840015,서울특별시 동대문구 전농동,서울특별시 동대문구 전농로 162 (전농동),근린생활1,제1종근린생활시설,1007135672,지번,1,False
1123010800100710007,서울특별시 동대문구 회기동,서울특별시 동대문구 이문로 7 (회기동),근린생활2,제2종근린생활시설,1007131155,지번,1,False
1123011000100860047,서울특별시 동대문구 이문동,서울특별시 동대문구 외대역동로 86-1 (이문동),근린생활1,제1종근린생활시설,1007112115,지번,1,False
1123010900101500041,서울특별시 동대문구 휘경동,서울특별시 동대문구 외대역동로 76 (휘경동),근린생활1,제1종근린생활시설,1007134523,지번,1,False
1123011000103630002,서울특별시 동대문구 이문동,서울특별시 동대문구 휘경로3길 8 (이문동),근린생활1,제1종근린생활시설,1007135602,지번,1,False
1123011000100920033,서울특별시 동대문구 이문동,서울특별시 동대문구 한천로 406 (이문동),근린생활1,제1종근린생활시설,1007114952,지번,1,False
1123011000103360003,서울특별시 동대문구 이문동,서울특별시 동대문구 이문로 76 (이문동),근린생활1,제1종근린생활시설,1007124599,지번,1,False
1123010800100450121,서울특별시 동대문구 회기동,서울특별시 동대문구 회기로 160-1 (회기동),근린생활1,제1종근린생활시설,1007120074,지번,1,False
1123011000103390004,서울특별시 동대문구 이문동,서울특별시 동대문구 경희대로4길 73 (이문동),근린생활1,제1종근린생활시설,100714570,지번,2,False
1123010800100170000,서울특별시 동대문구 회기동,서울특별시 동대문구 회기로21길 22 (회기동),근린생활1,제1종근린생활시설,100719665,지번,1,False
1123010800100080005,서울특별시 동대문구 회기동,서울특별시 동대문구 경희대로4길 22 (회기동),근린생활1,제1종근린생활시설,1007116183,지번,1,False
1123010800100080004,서울특별시 동대문구 회기동,서울특별시 동대문구 경희대로4길 26 (회기동),근린생활2,제2종근린생활시설,1007127435,지번,1,False
1123011000102640171,서울특별시 동대문구 이문동,서울특별시 동대문구 천장산로 32-2 (이문동),근린생활1,제1종근린생활시설,1007130463,지번,1,False
1123011000103250026,서울특별시 동대문구 이문동,서울특별시 동대문구 이문로 84 (이문동),근린생활1,제1종근린생활시설,1007135731,지번,1,False
1123010800100610006,서울특별시 동대문구 회기동,서울특별시 동대문구 회기로 166 (회기동),근린생활2,제2종근린생활시설,10071100189857,지번,1,False
1123010800100760007,서울특별시 동대문구 회기동,서울특별시 동대문구 회기로 168 (회기동),근린생활1,제1종근린생활시설,1007133388,지번,1,False
1123010800100450053,서울특별시 동대문구 회기동,서울특별시 동대문구 회기로 150 (회기동),근린생활1,제1종근린생활시설,1007127473,지번,1,False
1123010800100160041,서울특별시 동대문구 회기동,서울특별시 동대문구 경희대로 16-1 (회기동),근린생활1,제1종근린생활시설,1007135054,지번,1,False
1123010800100420094,서울특별시 동대문구 회기동,서울특별시 동대문구 경희대로1길 8-6 (회기동),근린생활2,제2종근린생활시설,100719360,지번,1,False
1123011000103410039,서울특별시 동대문구 이문동,서울특별시 동대문구 회기로25길 60 (이문동),근린생활1,제1종근린생활시설,1007134088,지번,1,False
1123010800100130001,서울특별시 동대문구 회기동,서울특별시 동대문구 경희대로4길 18 (회기동),근린생활2,제2종근린생활시설,1007125750,지번,1,False
1123011000100770013,서울특별시 동대문구 이문동,서울특별시 동대문구 휘경로 39 (이문동),근린생활2,제2종근린생활시설,1007128873,지번,1,False
1123011000103040028,서울특별시 동대문구 이문동,서울특별시 동대문구 휘경로7길 3 (이문동),근린생활2,제2종근린생활시설,1007110164,지번,1,False
1123011000100860048,서울특별시 동대문구 이문동,서울특별시 동대문구 외대역동로 86 (이문동),근린생활1,제1종근린생활시설,1007136898,지번,1,False
1123010900100770002,서울특별시 동대문구 휘경동,서울특별시 동대문구 망우로 99 (휘경동),근린생활1,제1종근린생활시설,1007111545,지번,1,False
1123010900101540015,서울특별시 동대문구 휘경동,서울특별시 동대문구 휘경로 42 (휘경동),근린생활1,제1종근린생활시설,1007126682,지번,1,False
1123011000100960001,서울특별시 동대문구 이문동,서울특별시 동대문구 한천로 420 (이문동),근린생활2,제2종근린생활시설,1007125701,지번,1,False
1123011000103040020,서울특별시 동대문구 이문동,서울특별시 동대문구 휘경로5길 3 (이문동),근린생활2,제2종근린생활시설,1007128679,지번,1,False
1123010900103340007,서울특별시 동대문구 휘경동,서울특별시 동대문구 망우로1길 40 (휘경동),근린생활2,제2종근린생활시설,1007125763,지번,1,False
1123010900103340002,서울특별시 동대문구 휘경동,서울특별시 동대문구 망우로1길 37 (휘경동),근린생활2,제2종근린생활시설,1007121514,지번,1,False
1123010900103340013,서울특별시 동대문구 휘경동,서울특별시 동대문구 회기로28길 12-3 (휘경동),근린생활2,제2종근린생활시설,1007110613,지번,1,False
1123010400100380059,서울특별시 동대문구 전농동,서울특별시 동대문구 사가정로 138 (전농동),근린생활1,제1종근린생활시설,1007130597,지번,1,False
1123011000103020026,서울특별시 동대문구 이문동,,근린생활1,단독주택,1007118004,본번,1,False
1123010900101490027,서울특별시 동대문구 휘경동,서울특별시 동대문구 휘경로23길 14 (휘경동),근린생활1,제1종근린생활시설,100718678,지번,1,False
1123011000100880027,서울특별시 동대문구 이문동,서울특별시 동대문구 한천로55길 8 (이문동),근린생활1,제1종근린생활시설,1007127153,지번,1,False
1123011000102990007,서울특별시 동대문구 이문동,,근린생활1,단독주택,1007127073,본번,1,False
1123010900101500011,서울특별시 동대문구 휘경동,서울특별시 동대문구 휘경로23길 10 (휘경동),근린생활1,제1종근린생활시설,1007112712,지번,1,False
1123010900103190008,서울특별시 동대문구 휘경동,서울특별시 동대문구 회기로 192 (휘경동),근린생활1,제1종근린생활시설,1007136665,지번,1,False
1123010900103190001,서울특별시 동대문구 휘경동,서울특별시 동대문구 회기로 194 (휘경동),근린생활1,제1종근린생활시설,1007114051,지번,1,False
1123011000103250021,서울특별시 동대문구 이문동,서울특별시 동대문구 이문로 88-26 (이문동),근린생활1,제1종근린생활시설,1007125007,지번,1,False
1123011000102880065,서울특별시 동대문구 이문동,서울특별시 동대문구 이문로 108 (이문동),근린생활2,제2종근린생활시설,1007112001,지번,1,False
1123011000103050061,서울특별시 동대문구 이문동,서울특별시 동대문구 휘경로 14 (이문동),근린생활1,제1종근린생활시설,1007110503,지번,1,False
1123011000102880087,서울특별시 동대문구 이문동,서울특별시 동대문구 이문로30길 20 (이문동),근린생활1,업무시설,10071100244693,지번,1,False
1123010900102760039,서울특별시 동대문구 휘경동,서울특별시 동대문구 망우로16길 17-2 (휘경동),근린생활2,제2종근린생활시설,1007136571,지번,1,False
1123011000102870050,서울특별시 동대문구 이문동,서울특별시 동대문구 이문로28길 12 (이문동),근린생활2,제2종근린생활시설,1007113902,지번,1,False
1123011000102880053,서울특별시 동대문구 이문동,서울특별시 동대문구 휘경로 6-8 (이문동),근린생활1,제1종근린생활시설,1007114647,지번,1,False
1123011000103050006,서울특별시 동대문구 이문동,서울특별시 동대문구 휘경로2길 13 (이문동),근린생활1,제1종근린생활시설,1007112570,지번,1,False
1123010900101910018,서울특별시 동대문구 휘경동,서울특별시 동대문구 회기로31가길 9 (휘경동),근린생활1,공동주택,10071100211513,지번,1,False
1123011000102880030,서울특별시 동대문구 이문동,서울특별시 동대문구 이문로30길 14 (이문동),근린생활1,제1종근린생활시설,1007131455,지번,1,False
1123010900102640001,서울특별시 동대문구 휘경동,서울특별시 동대문구 망우로 75 (휘경동),근린생활2,제2종근린생활시설,1007115333,지번,1,False
1123010400100430016,서울특별시 동대문구 전농동,서울특별시 동대문구 전농로16길 77 (전농동),근린생활2,제2종근린생활시설,1007111192,지번,1,False
1123010400101410097,서울특별시 동대문구 전농동,서울특별시 동대문구 전농로 195 (전농동),근린생활1,제1종근린생활시설,1007136201,지번,1,False
1123010400101240073,서울특별시 동대문구 전농동,서울특별시 동대문구 전농로 207 (전농동),근린생활1,제1종근린생활시설,1007114656,지번,1,False
1123010700100020006,서울특별시 동대문구 청량리동,서울특별시 동대문구 왕산로 297 (청량리동),근린생활2,업무시설,10071100259315,지번,1,False
1123010400101840018,서울특별시 동대문구 전농동,서울특별시 동대문구 전농로 164 (전농동),근린생활1,제1종근린생활시설,1007116552,지번,1,False
1123010400101550000,서울특별시 동대문구 전농동,서울특별시 동대문구 전농로 192 (전농동),근린생활2,제2종근린생활시설,100715785,지번,9,False
1123010400101030353,서울특별시 동대문구 전농동,서울특별시 동대문구 전농로36나길 4 (전농동),근린생활1,제1종근린생활시설,1007124029,지번,1,False
1123010900103190004,서울특별시 동대문구 휘경동,서울특별시 동대문구 회기로 186 (휘경동),근린생활1,제1종근린생활시설,1007126036,지번,1,False
1123010800100450057,서울특별시 동대문구 회기동,서울특별시 동대문구 회기로 161 (회기동),근린생활1,제1종근린생활시설,1007111973,지번,1,False
1123011000102910090,서울특별시 동대문구 이문동,서울특별시 동대문구 천장산로 3 (이문동),근린생활1,제1종근린생활시설,1007111007,지번,1,False
1123011000103050078,서울특별시 동대문구 이문동,서울특별시 동대문구 휘경로2길 5-10 (이문동),근린생활1,제1종근린생활시설,100716949,지번,1,False
1123011000103070006,서울특별시 동대문구 이문동,서울특별시 동대문구 휘경로10길 24 (이문동),근린생활1,제1종근린생활시설,100719407,지번,1,False
1123010900102610003,서울특별시 동대문구 휘경동,서울특별시 동대문구 망우로21길 40 (휘경동),근린생활2,제2종근린생활시설,1007121876,지번,1,False
1123010400100600025,서울특별시 동대문구 전농동,서울특별시 동대문구 전농로20길 4 (전농동),근린생활1,제1종근린생활시설,100718932,지번,1,False
1123010900101140009,서울특별시 동대문구 휘경동,서울특별시 동대문구 망우로 137 (휘경동),근린생활2,제2종근린생활시설,1007120961,지번,1,False
1123010900100340049,서울특별시 동대문구 휘경동,서울특별시 동대문구 망우로 118 (휘경동),근린생활1,제1종근린생활시설,100717831,지번,1,False
1123011000101080009,서울특별시 동대문구 이문동,서울특별시 동대문구 한천로 427-2 (이문동),근린생활1,제1종근린생활시설,1007135850,지번,1,False
1123010400100380016,서울특별시 동대문구 전농동,서울특별시 동대문구 사가정로 141-1 (전농동),근린생활1,제1종근린생활시설,1007115717,지번,1,False
1123010900101620007,서울특별시 동대문구 휘경동,서울특별시 동대문구 휘경로14길 17 (휘경동),근린생활1,제1종근린생활시설,1007114851,지번,1,False
1123010900100280030,서울특별시 동대문구 휘경동,서울특별시 동대문구 망우로20길 46 (휘경동),근린생활1,단독주택,10071100240292,지번,1,False
1123011000103050097,서울특별시 동대문구 이문동,서울특별시 동대문구 휘경로 24-5 (이문동),근린생활2,제2종근린생활시설,1007131535,지번,1,False
1123010800103470005,서울특별시 동대문구 회기동,서울특별시 동대문구 회기로25길 10 (회기동),근린생활1,제2종근린생활시설,10071100218352,지번,1,False
1123010800100600026,서울특별시 동대문구 회기동,서울특별시 동대문구 회기로 144 (회기동),근린생활1,제1종근린생활시설,1007126383,지번,1,False
1123010800100160054,서울특별시 동대문구 회기동,서울특별시 동대문구 경희대로 4-1 (회기동),근린생활1,제1종근린생활시설,10071100261495,지번,1,False
1123011000103050065,서울특별시 동대문구 이문동,서울특별시 동대문구 휘경로 20 (이문동),근린생활1,제1종근린생활시설,1007136818,지번,1,False
1123011000103050080,서울특별시 동대문구 이문동,서울특별시 동대문구 휘경로2길 5-16 (이문동),근린생활2,제2종근린생활시설,100717335,지번,1,False
1123011000102880094,서울특별시 동대문구 이문동,서울특별시 동대문구 이문로 106 (이문동),근린생활2,제2종근린생활시설,1007130184,지번,1,False
1123010900101920005,서울특별시 동대문구 휘경동,서울특별시 동대문구 망우로21길 52 (휘경동),근린생활2,제2종근린생활시설,1007119143,지번,1,False
1123011000102920032,서울특별시 동대문구 이문동,서울특별시 동대문구 이문로 130 (이문동),근린생활1,제1종근린생활시설,1007123204,지번,1,False
1123011000102870018,서울특별시 동대문구 이문동,서울특별시 동대문구 이문로28길 16 (이문동),근린생활1,제1종근린생활시설,1007129519,지번,1,False
1123011000102870058,서울특별시 동대문구 이문동,서울특별시 동대문구 이문로 96 (이문동),근린생활1,제1종근린생활시설,1007133359,지번,1,False
1123011000103200012,서울특별시 동대문구 이문동,서울특별시 동대문구 이문로16길 24 (이문동),근린생활1,제1종근린생활시설,100713887,지번,2,False
1123010400101130013,서울특별시 동대문구 전농동,서울특별시 동대문구 서울시립대로29길 82 (전농동),근린생활2,제2종근린생활시설,1007115694,지번,1,False
1123010900103430016,서울특별시 동대문구 휘경동,서울특별시 동대문구 망우로 3 (휘경동),근린생활1,제1종근린생활시설,1007132680,지번,1,False
1123010400101240027,서울특별시 동대문구 전농동,서울특별시 동대문구 서울시립대로 138 (전농동),근린생활1,제1종근린생활시설,1007122644,지번,1,False
1123010900103120037,서울특별시 동대문구 휘경동,서울특별시 동대문구 망우로 13 (휘경동),근린생활1,제1종근린생활시설,1007124410,지번,1,False
1123010900102690026,서울특별시 동대문구 휘경동,서울특별시 동대문구 망우로 74 (휘경동),근린생활2,제2종근린생활시설,1007111008,지번,1,False
1123010800100160097,서울특별시 동대문구 회기동,서울특별시 동대문구 회기로19길 10 (회기동),근린생활2,제2종근린생활시설,100719521,지번,1,False
1123010800100540062,서울특별시 동대문구 회기동,서울특별시 동대문구 회기로23길 61 (회기동),근린생활1,제1종근린생활시설,1007122356,지번,1,False
1123010400100550090,서울특별시 동대문구 전농동,서울특별시 동대문구 전농로16길 11 (전농동),근린생활1,제1종근린생활시설,1007116386,지번,1,False
1123010400100600209,서울특별시 동대문구 전농동,서울특별시 동대문구 전농로20길 26 (전농동),근린생활1,제1종근린생활시설,100718546,지번,1,False
1123010400102950098,서울특별시 동대문구 전농동,서울특별시 동대문구 전농로16길 6 (전농동),근린생활2,제2종근린생활시설,1007111796,지번,1,False
1123010400100350004,서울특별시 동대문구 전농동,서울특별시 동대문구 전농로16길 16 (전농동),근린생활1,제1종근린생활시설,100715091,지번,2,False
1123010400100350004,서울특별시 동대문구 전농동,서울특별시 동대문구 전농로16길 16 (전농동),근린생활1,제1종근린생활시설,100715092,지번,2,False
1123010900102810009,서울특별시 동대문구 휘경동,서울특별시 동대문구 망우로12가길 3 (휘경동),근린생활1,제1종근린생활시설,1007126572,지번,1,False
1123010800103460013,서울특별시 동대문구 회기동,서울특별시 동대문구 이문로 41 (회기동),근린생활1,제1종근린생활시설,1007127663,지번,1,False
1123010900103280001,서울특별시 동대문구 휘경동,서울특별시 동대문구 이문로 26 (휘경동),근린생활1,제1종근린생활시설,100718516,지번,1,False
1123011000100820042,서울특별시 동대문구 이문동,서울특별시 동대문구 휘경로 33 (이문동),근린생활1,제1종근린생활시설,1007115061,지번,1,False
1123011000101200036,서울특별시 동대문구 이문동,서울특별시 동대문구 외대역동로 106 (이문동),근린생활1,제1종근린생활시설,1007130031,지번,1,False
1123011000103040024,서울특별시 동대문구 이문동,서울특별시 동대문구 휘경로5길 6 (이문동),근린생활1,제1종근린생활시설,1007133410,지번,1,False
1123011000100820001,서울특별시 동대문구 이문동,서울특별시 동대문구 휘경로 29-13 (이문동),근린생활2,제2종근린생활시설,1007119539,지번,1,False
1123011000100850065,서울특별시 동대문구 이문동,서울특별시 동대문구 외대역동로 87 (이문동),근린생활1,제1종근린생활시설,1007113839,지번,1,False
1123010900101650016,서울특별시 동대문구 휘경동,서울특별시 동대문구 휘경로14길 16 (휘경동),근린생활1,제1종근린생활시설,1007124351,지번,1,False
1123011000102880013,서울특별시 동대문구 이문동,서울특별시 동대문구 휘경로 3 (이문동),근린생활1,제1종근린생활시설,1007122613,지번,1,False
1123010800100420034,서울특별시 동대문구 회기동,서울특별시 동대문구 경희대로1길 8-14 (회기동),근린생활2,제2종근린생활시설,1007134264,지번,1,False
1123010800100610005,서울특별시 동대문구 회기동,서울특별시 동대문구 회기로 162-1 (회기동),근린생활1,제1종근린생활시설,1007116617,지번,1,False
1123010800100450106,서울특별시 동대문구 회기동,서울특별시 동대문구 회기로 154 (회기동),근린생활1,제1종근린생활시설,1007131479,지번,1,False
1123010800100450055,서울특별시 동대문구 회기동,서울특별시 동대문구 회기로 161-3 (회기동),근린생활1,제1종근린생활시설,1007120200,지번,1,False
1123011000103390001,서울특별시 동대문구 이문동,서울특별시 동대문구 경희대로4길 79 (이문동),근린생활1,제1종근린생활시설,1007116395,지번,1,False
1123010800100450102,서울특별시 동대문구 회기동,서울특별시 동대문구 회기로21길 8-6 (회기동),근린생활2,제2종근린생활시설,1007110907,지번,1,False
1123010800100160090,서울특별시 동대문구 회기동,서울특별시 동대문구 회기로21길 7 (회기동),근린생활1,제1종근린생활시설,1007122322,지번,1,False
1123010800100420031,서울특별시 동대문구 회기동,서울특별시 동대문구 경희대로1길 8-16 (회기동),근린생활1,제1종근린생활시설,100716909,지번,1,False
1123010800100420057,서울특별시 동대문구 회기동,서울특별시 동대문구 경희대로1가길 12 (회기동),근린생활2,제1종근린생활시설,100713960,지번,2,False
1123010800100420057,서울특별시 동대문구 회기동,서울특별시 동대문구 경희대로1가길 12 (회기동),근린생활2,제2종근린생활시설,100713961,지번,2,False
1123010900103210007,서울특별시 동대문구 휘경동,서울특별시 동대문구 이문로 32 (휘경동),근린생활2,제2종근린생활시설,1007120317,지번,1,False
1123010900103210057,서울특별시 동대문구 휘경동,서울특별시 동대문구 이문로 36 (휘경동),근린생활1,제1종근린생활시설,1007115281,지번,1,False
1123010900101830304,서울특별시 동대문구 휘경동,서울특별시 동대문구 이문로 62-1 (휘경동),근린생활1,제1종근린생활시설,1007122427,지번,1,False
1123010800100420046,서울특별시 동대문구 회기동,서울특별시 동대문구 경희대로1길 8-11 (회기동),근린생활2,제2종근린생활시설,1007115721,지번,1,False
1123010800100420010,서울특별시 동대문구 회기동,서울특별시 동대문구 경희대로1가길 32 (회기동),근린생활1,제1종근린생활시설,1007119976,지번,1,False
1123011000103210019,서울특별시 동대문구 이문동,서울특별시 동대문구 이문로12길 12 (이문동),근린생활2,제2종근린생활시설,1007122670,지번,1,False
1123010800100650073,서울특별시 동대문구 회기동,서울특별시 동대문구 이문로1길 25 (회기동),근린생활1,제1종근린생활시설,1007130684,지번,1,False
1123010800100420011,서울특별시 동대문구 회기동,서울특별시 동대문구 경희대로3길 14 (회기동),근린생활2,제2종근린생활시설,1007126179,지번,1,False
1123010800101080020,서울특별시 동대문구 회기동,서울특별시 동대문구 경희대로1가길 39 (회기동),근린생활2,제2종근린생활시설,1007116472,지번,1,False
1123011000102910030,서울특별시 동대문구 이문동,서울특별시 동대문구 이문로 133-1 (이문동),근린생활1,제1종근린생활시설,1007114829,지번,1,False
1123011000102640295,서울특별시 동대문구 이문동,서울특별시 동대문구 이문로9길 133 (이문동),근린생활2,제2종근린생활시설,1007134854,지번,1,False
1123011000102640223,서울특별시 동대문구 이문동,서울특별시 동대문구 천장산로7길 16 (이문동),근린생활2,제2종근린생활시설,1007110206,지번,1,False
1123010800100360025,서울특별시 동대문구 회기동,서울특별시 동대문구 경희대로 15 (회기동),근린생활1,제1종근린생활시설,1007114243,지번,1,False
1123010800100340001,서울특별시 동대문구 회기동,서울특별시 동대문구 경희대로6길 3-4 (회기동),근린생활1,제1종근린생활시설,100719204,지번,1,False
1123011000101010027,서울특별시 동대문구 이문동,서울특별시 동대문구 외대역동로 138-1 (이문동),근린생활1,제1종근린생활시설,1007128846,지번,1,False
1123010900102640003,서울특별시 동대문구 휘경동,서울특별시 동대문구 망우로21길 29 (휘경동),근린생활1,제2종근린생활시설,10071100236913,지번,1,False
1123010900102760048,서울특별시 동대문구 휘경동,서울특별시 동대문구 망우로16길 5 (휘경동),근린생활1,제1종근린생활시설,1007125186,지번,1,False
1123011000102880046,서울특별시 동대문구 이문동,서울특별시 동대문구 휘경로 6-7 (이문동),근린생활2,제2종근린생활시설,1007117859,지번,1,False
1123011000103050083,서울특별시 동대문구 이문동,서울특별시 동대문구 휘경로2가길 3 (이문동),근린생활1,제1종근린생활시설,1007134560,지번,1,False
1123010900101910003,서울특별시 동대문구 휘경동,,근린생활1,제2종근린생활시설,10071100209322,지번,1,False
1123011000103250051,서울특별시 동대문구 이문동,서울특별시 동대문구 휘경로2길 40 (이문동),근린생활2,제2종근린생활시설,100717671,지번,1,False
1123011000102960015,서울특별시 동대문구 이문동,,근린생활1,공장,1007113381,본번,1,False
1123010900102530003,서울특별시 동대문구 휘경동,서울특별시 동대문구 망우로21길 12 (휘경동),근린생활2,제2종근린생활시설,1007117732,지번,1,False
1123011000103050142,서울특별시 동대문구 이문동,서울특별시 동대문구 휘경로 24 (이문동),근린생활2,제2종근린생활시설,1007123882,지번,1,False
1123011000100860052,서울특별시 동대문구 이문동,서울특별시 동대문구 외대역동로 82 (이문동),근린생활1,제1종근린생활시설,1007133699,지번,1,False
1123010900101560004,서울특별시 동대문구 휘경동,,근린생활1,단독주택,1007120406,본번,1,False
1123011000100820010,서울특별시 동대문구 이문동,서울특별시 동대문구 휘경로 29-11 (이문동),근린생활1,제1종근린생활시설,1007132846,지번,1,False
1123010900101460066,서울특별시 동대문구 휘경동,서울특별시 동대문구 외대역동로4길 48 (휘경동),근린생활1,제1종근린생활시설,1007126717,지번,1,False
1123011000100850020,서울특별시 동대문구 이문동,서울특별시 동대문구 외대역동로 83 (이문동),근린생활1,제1종근린생활시설,1007122633,지번,1,False
1123010900103290000,서울특별시 동대문구 휘경동,서울특별시 동대문구 회기로28길 8 (휘경동),근린생활2,제2종근린생활시설,1007123815,지번,1,False
1123010800100710001,서울특별시 동대문구 회기동,서울특별시 동대문구 이문로 9-1 (회기동),근린생활1,제1종근린생활시설,1007113025,지번,1,False
1123010800103460001,서울특별시 동대문구 회기동,서울특별시 동대문구 회기로 173 (회기동),근린생활1,제1종근린생활시설,1007124317,지번,1,False
1123011000102800000,서울특별시 동대문구 이문동,서울특별시 동대문구 이문로9길 84 (이문동),근린생활1,제1종근린생활시설,1007111002,지번,5,False
1123011000103270008,서울특별시 동대문구 이문동,서울특별시 동대문구 이문로 90 (이문동),근린생활1,제1종근린생활시설,1007122558,지번,1,False
1123010900102670072,서울특별시 동대문구 휘경동,서울특별시 동대문구 망우로 41 (휘경동),근린생활1,제2종근린생활시설,10071100237872,지번,1,False
1123010800103460029,서울특별시 동대문구 회기동,서울특별시 동대문구 이문로 39 (회기동),근린생활2,제2종근린생활시설,1007121216,지번,1,False
1123011000103340087,서울특별시 동대문구 이문동,서울특별시 동대문구 이문로 77-7 (이문동),근린생활2,제2종근린생활시설,100719688,지번,1,False
1123011000101010004,서울특별시 동대문구 이문동,서울특별시 동대문구 한천로 431 (이문동),근린생활1,제1종근린생활시설,1007128995,지번,1,False
1123010700100180018,서울특별시 동대문구 청량리동,서울특별시 동대문구 왕산로 293 (청량리동),근린생활2,제2종근린생활시설,1007116869,지번,1,False
1123010400101030148,서울특별시 동대문구 전농동,서울특별시 동대문구 전농로38길 18 (전농동),근린생활2,제2종근린생활시설,1007125313,지번,1,False
1123010900103120011,서울특별시 동대문구 휘경동,서울특별시 동대문구 전농로38길 89 (휘경동),근린생활2,제2종근린생활시설,1007126074,지번,1,False
1123011000103260011,서울특별시 동대문구 이문동,서울특별시 동대문구 이문로 88-11 (이문동),근린생활2,제2종근린생활시설,1007117656,지번,1,False
1123011000102880047,서울특별시 동대문구 이문동,서울특별시 동대문구 휘경로 6-5 (이문동),근린생활1,제1종근린생활시설,1007131323,지번,1,False
1123011000102870041,서울특별시 동대문구 이문동,서울특별시 동대문구 이문로28길 4 (이문동),근린생활2,제2종근린생활시설,1007123908,지번,1,False
1123010900103190002,서울특별시 동대문구 휘경동,서울특별시 동대문구 회기로 186-1 (휘경동),근린생활2,제2종근린생활시설,1007110246,지번,1,False
1123010900103220002,서울특별시 동대문구 휘경동,서울특별시 동대문구 이문로 34 (휘경동),근린생활2,업무시설,10071100258195,지번,1,False
1123010900101540018,서울특별시 동대문구 휘경동,서울특별시 동대문구 외대역동로 67 (휘경동),근린생활1,제1종근린생활시설,1007134464,지번,1,False
1123010900101630004,서울특별시 동대문구 휘경동,서울특별시 동대문구 휘경로14길 9 (휘경동),근린생활1,제1종근린생활시설,1007111179,지번,1,False
1123010900100340046,서울특별시 동대문구 휘경동,서울특별시 동대문구 망우로20길 87 (휘경동),근린생활1,제1종근린생활시설,1007121023,지번,1,False
1123011000100830047,서울특별시 동대문구 이문동,서울특별시 동대문구 외대역동로 85-1 (이문동),근린생활1,제1종근린생활시설,1007136125,지번,1,False
1123010900101200033,서울특별시 동대문구 휘경동,서울특별시 동대문구 한천로 381 (휘경동),근린생활1,제1종근린생활시설,1007124168,지번,1,False
1123010900103210025,서울특별시 동대문구 휘경동,서울특별시 동대문구 이문로 40 (휘경동),근린생활1,제1종근린생활시설,1007120048,지번,1,False
1123011000102640210,서울특별시 동대문구 이문동,서울특별시 동대문구 천장산로 31 (이문동),근린생활1,제1종근린생활시설,1007112557,지번,1,False
1123010800100650036,서울특별시 동대문구 회기동,서울특별시 동대문구 이문로1길 8-13 (회기동),근린생활1,제1종근린생활시설,1007132767,지번,1,False
1123010900102670101,서울특별시 동대문구 휘경동,서울특별시 동대문구 망우로21길 97-9 (휘경동),근린생활2,제2종근린생활시설,1007118761,지번,1,False
1123010800100030024,서울특별시 동대문구 회기동,서울특별시 동대문구 경희대로6길 4 (회기동),근린생활1,제1종근린생활시설,1007133402,지번,1,False
1123011000102880048,서울특별시 동대문구 이문동,서울특별시 동대문구 휘경로 8 (이문동),근린생활1,제1종근린생활시설,1007121414,지번,1,False
1123011000103050062,서울특별시 동대문구 이문동,서울특별시 동대문구 휘경로 16 (이문동),근린생활1,제1종근린생활시설,1007134129,지번,1,False
1123010800100420005,서울특별시 동대문구 회기동,서울특별시 동대문구 경희대로1가길 42 (회기동),근린생활2,제2종근린생활시설,1007112336,지번,1,False
1123010800100360026,서울특별시 동대문구 회기동,서울특별시 동대문구 경희대로3길 2 (회기동),근린생활2,제2종근린생활시설,1007129980,지번,1,False
1123010900100770007,서울특별시 동대문구 휘경동,서울특별시 동대문구 망우로21길 4 (휘경동),근린생활2,제2종근린생활시설,1007116043,지번,1,False
1123010900103280000,서울특별시 동대문구 휘경동,서울특별시 동대문구 이문로 28 (휘경동),근린생활2,제2종근린생활시설,1007130636,지번,1,False
1123010900102670010,서울특별시 동대문구 휘경동,서울특별시 동대문구 망우로 57 (휘경동),근린생활2,제2종근린생활시설,1007114714,지번,1,False
1123011000103200002,서울특별시 동대문구 이문동,서울특별시 동대문구 이문로16길 30 (이문동),근린생활1,공동주택,10071100230892,지번,1,False
1123011000103170011,서울특별시 동대문구 이문동,서울특별시 동대문구 휘경로2길 39 (이문동),근린생활2,제2종근린생활시설,1007134310,지번,1,False
1123011000100850026,서울특별시 동대문구 이문동,서울특별시 동대문구 외대역동로 77 (이문동),근린생활1,제1종근린생활시설,1007119776,지번,1,False
1123011000100850023,서울특별시 동대문구 이문동,서울특별시 동대문구 외대역동로 79-1 (이문동),근린생활1,제1종근린생활시설,1007119163,지번,1,False
1123011000100850025,서울특별시 동대문구 이문동,서울특별시 동대문구 외대역동로 77-1 (이문동),근린생활1,제1종근린생활시설,1007120805,지번,1,False
1123011000103050140,서울특별시 동대문구 이문동,서울특별시 동대문구 휘경로 20-1 (이문동),근린생활1,제1종근린생활시설,1007113958,지번,1,False
1123010900102750005,서울특별시 동대문구 휘경동,서울특별시 동대문구 망우로 86 (휘경동),근린생활1,제1종근린생활시설,10071100264375,지번,1,False
1123010900101220011,서울특별시 동대문구 휘경동,서울특별시 동대문구 휘경로 69 (휘경동),근린생활1,제1종근린생활시설,1007117853,지번,1,False
1123011000100830001,서울특별시 동대문구 이문동,서울특별시 동대문구 외대역동로 93 (이문동),근린생활2,제2종근린생활시설,100719435,지번,1,False
1123011000103170016,서울특별시 동대문구 이문동,서울특별시 동대문구 휘경로2길 35 (이문동),근린생활1,제1종근린생활시설,1007121482,지번,1,False
1123011000103050063,서울특별시 동대문구 이문동,서울특별시 동대문구 휘경로 18 (이문동),근린생활1,제1종근린생활시설,100719927,지번,1,False
1123011000102830006,서울특별시 동대문구 이문동,서울특별시 동대문구 이문로25길 22 (이문동),근린생활2,제2종근린생활시설,1007122346,지번,1,False
1123010800100450049,서울특별시 동대문구 회기동,서울특별시 동대문구 회기로 149 (회기동),근린생활2,제2종근린생활시설,1007110880,지번,1,False
1123010800100450091,서울특별시 동대문구 회기동,서울특별시 동대문구 회기로23길 9 (회기동),근린생활1,제1종근린생활시설,1007127582,지번,1,False
1123010900102580000,서울특별시 동대문구 휘경동,서울특별시 동대문구 망우로21길 26 (휘경동),근린생활2,업무시설,10071100267277,지번,3,False
1123010900102580000,서울특별시 동대문구 휘경동,서울특별시 동대문구 망우로21길 26 (휘경동),근린생활2,업무시설,10071100267321,지번,3,False
1123010900102580000,서울특별시 동대문구 휘경동,서울특별시 동대문구 망우로21길 26 (휘경동),근린생활2,업무시설,10071100267367,지번,3,False
1123010800100570005,서울특별시 동대문구 회기동,서울특별시 동대문구 회기로25길 15 (회기동),근린생활2,제2종근린생활시설,100717320,지번,1,False
1123010800100160055,서울특별시 동대문구 회기동,서울특별시 동대문구 경희대로 4 (회기동),근린생활2,제2종근린생활시설,1007123489,지번,1,False
1123010800100750001,서울특별시 동대문구 회기동,서울특별시 동대문구 회기로 174-8 (회기동),근린생활1,제1종근린생활시설,1007134637,지번,1,False
1123010800100360006,서울특별시 동대문구 회기동,서울특별시 동대문구 경희대로 22 (회기동),근린생활1,제1종근린생활시설,1007133283,지번,1,False
1123011000101760004,서울특별시 동대문구 이문동,서울특별시 동대문구 한천로 437-1 (이문동),근린생활1,제1종근린생활시설,100713096,지번,1,False
1123010900100430156,서울특별시 동대문구 휘경동,서울특별시 동대문구 장안벚꽃로 331 (휘경동),근린생활1,제1종근린생활시설,1007125334,지번,1,False
1123010900102920002,서울특별시 동대문구 휘경동,서울특별시 동대문구 망우로18가길 60 (휘경동),근린생활1,제1종근린생활시설,10071100189117,지번,1,False
1123010900102860140,서울특별시 동대문구 휘경동,서울특별시 동대문구 망우로18가길 53 (휘경동),근린생활1,제1종근린생활시설,1007123321,지번,1,False
1123010900102860334,서울특별시 동대문구 휘경동,서울특별시 동대문구 망우로16길 26 (휘경동),근린생활1,제1종근린생활시설,1007112677,지번,1,False
1123010900102860336,서울특별시 동대문구 휘경동,서울특별시 동대문구 망우로12가길 33 (휘경동),근린생활1,제1종근린생활시설,10071100250414,지번,1,False
1123010900102860123,서울특별시 동대문구 휘경동,서울특별시 동대문구 망우로18가길 35 (휘경동),근린생활2,제2종근린생활시설,1007110430,지번,1,False
1123010900102860136,서울특별시 동대문구 휘경동,서울특별시 동대문구 망우로18가길 23 (휘경동),근린생활2,제2종근린생활시설,1007120381,지번,1,False
1123011000103260019,서울특별시 동대문구 이문동,서울특별시 동대문구 휘경로2길 24 (이문동),근린생활1,제1종근린생활시설,1007111691,지번,1,False
1123011000102870037,서울특별시 동대문구 이문동,서울특별시 동대문구 이문로28길 14 (이문동),근린생활2,제2종근린생활시설,100713877,지번,3,False
1123011000102880026,서울특별시 동대문구 이문동,서울특별시 동대문구 휘경로 5-1 (이문동),근린생활1,제2종근린생활시설,10071100214192,지번,1,False
1123010900102620001,서울특별시 동대문구 휘경동,서울특별시 동대문구 망우로21길 31 (휘경동),근린생활2,제2종근린생활시설,1007135702,지번,1,False
1123011000102870048,서울특별시 동대문구 이문동,서울특별시 동대문구 이문로28길 10 (이문동),근린생활1,제1종근린생활시설,1007118758,지번,1,False
1123011000102880018,서울특별시 동대문구 이문동,서울특별시 동대문구 이문로30길 8 (이문동),근린생활1,제1종근린생활시설,100717633,지번,1,False
1123011000103160003,서울특별시 동대문구 이문동,서울특별시 동대문구 휘경로2길 21 (이문동),근린생활1,제1종근린생활시설,1007132547,지번,1,False
1123010900101190009,서울특별시 동대문구 휘경동,서울특별시 동대문구 휘경로 75 (휘경동),근린생활1,제1종근린생활시설,100714605,지번,2,False
1123011000100830083,서울특별시 동대문구 이문동,서울특별시 동대문구 외대역동로 85 (이문동),근린생활1,제1종근린생활시설,1007131034,지번,1,False
1123010900100340053,서울특별시 동대문구 휘경동,서울특별시 동대문구 망우로 122-10 (휘경동),근린생활1,제1종근린생활시설,1007133045,지번,2,False
1123010900100340053,서울특별시 동대문구 휘경동,서울특별시 동대문구 망우로 118-7 (휘경동),근린생활1,제1종근린생활시설,1007133046,지번,2,False
1123010900101480064,서울특별시 동대문구 휘경동,서울특별시 동대문구 휘경로 61-3 (휘경동),근린생활1,제1종근린생활시설,100719486,지번,1,False
1123011000100780024,서울특별시 동대문구 이문동,서울특별시 동대문구 휘경로 37 (이문동),근린생활1,제1종근린생활시설,1007133081,지번,1,False
1123011000100850019,서울특별시 동대문구 이문동,서울특별시 동대문구 외대역동로 83-1 (이문동),근린생활1,제1종근린생활시설,1007112737,지번,1,False
1123010900101500012,서울특별시 동대문구 휘경동,서울특별시 동대문구 휘경로 47 (휘경동),근린생활2,제2종근린생활시설,1007131104,지번,1,False
1123011000102960000,서울특별시 동대문구 이문동,,근린생활1,공장,1007113381,본번,1,False
1123011000101160013,서울특별시 동대문구 이문동,서울특별시 동대문구 외대역동로 125 (이문동),근린생활2,제2종근린생활시설,1007132928,지번,1,False
1123010900100340048,서울특별시 동대문구 휘경동,서울특별시 동대문구 망우로 120 (휘경동),근린생활2,제2종근린생활시설,1007133507,지번,1,False
1123010800100160018,서울특별시 동대문구 회기동,서울특별시 동대문구 회기로19길 16 (회기동),근린생활1,제1종근린생활시설,10071100196872,지번,1,False
1123010800100160012,서울특별시 동대문구 회기동,서울특별시 동대문구 경희대로4길 7 (회기동),근린생활1,제1종근린생활시설,1007125093,지번,1,False
1123011000102880007,서울특별시 동대문구 이문동,서울특별시 동대문구 이문로 116 (이문동),근린생활1,공동주택,10071100250754,지번,1,False
1123011000102880064,서울특별시 동대문구 이문동,서울특별시 동대문구 이문로 104 (이문동),근린생활2,제2종근린생활시설,1007122581,지번,1,False
1123011000103200003,서울특별시 동대문구 이문동,서울특별시 동대문구 이문로16길 34 (이문동),근린생활2,제2종근린생활시설,10071100257595,지번,1,False
1123011000103410047,서울특별시 동대문구 이문동,서울특별시 동대문구 회기로25길 54 (이문동),근린생활1,단독주택,1000000000000000146058,지번,1,False
1123010800100160017,서울특별시 동대문구 회기동,서울특별시 동대문구 회기로21길 17 (회기동),근린생활1,제1종근린생활시설,100716792,지번,1,False
1123010800100160032,서울특별시 동대문구 회기동,서울특별시 동대문구 회기로19길 17 (회기동),근린생활1,제1종근린생활시설,1007135620,지번,1,False
1123010800100450116,서울특별시 동대문구 회기동,서울특별시 동대문구 회기로23길 6 (회기동),근린생활1,제1종근린생활시설,1007113978,지번,1,False
1123011000102550192,서울특별시 동대문구 이문동,서울특별시 동대문구 이문로 168 (이문동),근린생활1,업무시설,10071100249714,지번,1,False
1123010400102950143,서울특별시 동대문구 전농동,서울특별시 동대문구 전농로 129 (전농동),근린생활1,제1종근린생활시설,1007129319,지번,1,False
1123010400102950144,서울특별시 동대문구 전농동,서울특별시 동대문구 사가정로12길 13 (전농동),근린생활2,제2종근린생활시설,1007124374,지번,1,False
1123010400102950124,서울특별시 동대문구 전농동,서울특별시 동대문구 전농로 123 (전농동),근린생활1,제1종근린생활시설,1007118051,지번,1,False
1123010400102950150,서울특별시 동대문구 전농동,서울특별시 동대문구 전농로11길 4 (전농동),근린생활2,제2종근린생활시설,100716557,지번,1,False
1123010800100810000,서울특별시 동대문구 회기동,서울특별시 동대문구 회기로 176 (회기동),근린생활1,제1종근린생활시설,100716433,지번,1,False
1123011000103050064,서울특별시 동대문구 이문동,서울특별시 동대문구 휘경로 18-1 (이문동),근린생활1,제1종근린생활시설,1007110851,지번,1,False
1123011000103270001,서울특별시 동대문구 이문동,서울특별시 동대문구 이문로 91 (이문동),근린생활2,공동주택,10071100266815,지번,1,False
1123010800103460000,서울특별시 동대문구 회기동,서울특별시 동대문구 회기로 167 (회기동),근린생활2,제2종근린생활시설,1007129764,지번,1,False
1123011000103340096,서울특별시 동대문구 이문동,서울특별시 동대문구 회기로25길 107 (이문동),근린생활1,제1종근린생활시설,1007120934,지번,1,False
1123010900103200003,서울특별시 동대문구 휘경동,서울특별시 동대문구 회기로 187 (휘경동),근린생활1,제1종근린생활시설,1007136855,지번,1,False
1123011000102880054,서울특별시 동대문구 이문동,서울특별시 동대문구 이문로28길 11 (이문동),근린생활1,제1종근린생활시설,1007114409,지번,1,False
1123010900102520000,서울특별시 동대문구 휘경동,서울특별시 동대문구 망우로21가길 10 (휘경동),근린생활1,제1종근린생활시설,1007130487,지번,1,False
1123010900101500019,서울특별시 동대문구 휘경동,서울특별시 동대문구 휘경로23길 11 (휘경동),근린생활1,제1종근린생활시설,1007126639,지번,1,False
1123010900101500044,서울특별시 동대문구 휘경동,서울특별시 동대문구 외대역동로 80 (휘경동),근린생활1,제1종근린생활시설,1007123391,지번,1,False
1123010900101500027,서울특별시 동대문구 휘경동,서울특별시 동대문구 휘경로19길 10 (휘경동),근린생활1,제1종근린생활시설,1007112968,지번,1,False
1123010800100450115,서울특별시 동대문구 회기동,서울특별시 동대문구 회기로23길 8 (회기동),근린생활1,제1종근린생활시설,1007135788,지번,1,False
1123010800100520000,서울특별시 동대문구 회기동,서울특별시 동대문구 회기로 161-11 (회기동),근린생활1,제1종근린생활시설,1007119420,지번,1,False
1123010800103460015,서울특별시 동대문구 회기동,서울특별시 동대문구 경희대로4길 74 (회기동),근린생활1,제1종근린생활시설,100718484,지번,1,False
1123011000103450008,서울특별시 동대문구 이문동,서울특별시 동대문구 이문로 61 (이문동),근린생활1,제1종근린생활시설,1007121437,지번,1,False
1123011000103460045,서울특별시 동대문구 이문동,서울특별시 동대문구 이문로 65 (이문동),근린생활1,제1종근린생활시설,100714284,지번,2,False
1123011000103460045,서울특별시 동대문구 이문동,서울특별시 동대문구 이문로 65 (이문동),근린생활1,제2종근린생활시설,100714285,지번,2,False
1123011000103460041,서울특별시 동대문구 이문동,서울특별시 동대문구 이문로 69 (이문동),근린생활1,제1종근린생활시설,1007125555,지번,1,False
1123011000103310001,서울특별시 동대문구 이문동,서울특별시 동대문구 이문로25길 31 (이문동),근린생활1,제1종근린생활시설,1007136454,지번,1,False
1123010800100450070,서울특별시 동대문구 회기동,서울특별시 동대문구 회기로 153 (회기동),근린생활2,제1종근린생활시설,100716397,지번,2,False
1123010800100450070,서울특별시 동대문구 회기동,서울특별시 동대문구 회기로 153 (회기동),근린생활2,제2종근린생활시설,100716398,지번,2,False
1123010800100450074,서울특별시 동대문구 회기동,서울특별시 동대문구 회기로 151 (회기동),근린생활1,제1종근린생활시설,1007130938,지번,1,False
1123010900101830243,서울특별시 동대문구 휘경동,서울특별시 동대문구 이문로 46 (휘경동),근린생활1,제1종근린생활시설,10071100181604,지번,1,False
1123011000103210037,서울특별시 동대문구 이문동,서울특별시 동대문구 이문로12길 4-13 (이문동),근린생활1,제1종근린생활시설,1007120457,지번,1,False
1123010800100160015,서울특별시 동대문구 회기동,서울특별시 동대문구 회기로19길 18 (회기동),근린생활2,제2종근린생활시설,1007116353,지번,1,False
1123010800100600031,서울특별시 동대문구 회기동,서울특별시 동대문구 회기로 148-8 (회기동),근린생활2,제2종근린생활시설,1007114500,지번,1,False
1123010400102950134,서울특별시 동대문구 전농동,서울특별시 동대문구 전농로 131 (전농동),근린생활1,제1종근린생활시설,100718253,지번,1,False
1123010500100970002,서울특별시 동대문구 답십리동,서울특별시 동대문구 전농로 116 (답십리동),근린생활2,제2종근린생활시설,1007114659,지번,2,False
1123010500100970002,서울특별시 동대문구 답십리동,서울특별시 동대문구 전농로 116 (답십리동),근린생활2,제1종근린생활시설,1007131982,지번,2,False
1123010400100150002,서울특별시 동대문구 전농동,서울특별시 동대문구 전농로 124-5 (전농동),근린생활1,제1종근린생활시설,100715090,지번,2,False
1123010400100330032,서울특별시 동대문구 전농동,서울특별시 동대문구 전농로14길 11 (전농동),근린생활1,제1종근린생활시설,1007134952,지번,1,False
1123010400100330030,서울특별시 동대문구 전농동,서울특별시 동대문구 전농로14길 9 (전농동),근린생활1,제1종근린생활시설,1007135635,지번,1,False
1123010400100330028,서울특별시 동대문구 전농동,서울특별시 동대문구 전농로14길 3 (전농동),근린생활1,제1종근린생활시설,1007113974,지번,1,False
1123010400100390009,서울특별시 동대문구 전농동,서울특별시 동대문구 사가정로 134-4 (전농동),근린생활1,제1종근린생활시설,1007116453,지번,1,False
1123010400100390018,서울특별시 동대문구 전농동,서울특별시 동대문구 사가정로 132 (전농동),근린생활1,제1종근린생활시설,1007124974,지번,1,False
1123010400103250139,서울특별시 동대문구 전농동,서울특별시 동대문구 사가정로5길 1 (전농동),근린생활2,제2종근린생활시설,100719678,지번,1,False
1123011000103050076,서울특별시 동대문구 이문동,서울특별시 동대문구 휘경로2길 5-6 (이문동),근린생활1,제1종근린생활시설,1007112339,지번,1,False
1123011000103050077,서울특별시 동대문구 이문동,서울특별시 동대문구 휘경로2길 5-8 (이문동),근린생활1,제1종근린생활시설,1007127776,지번,1,False
1123010900102620002,서울특별시 동대문구 휘경동,서울특별시 동대문구 망우로21길 37 (휘경동),근린생활1,제2종근린생활시설,1000000000000005293834,지번,1,False
1123010900102690002,서울특별시 동대문구 휘경동,서울특별시 동대문구 망우로 83 (휘경동),근린생활2,제2종근린생활시설,100714634,지번,2,False
1123010900102690002,서울특별시 동대문구 휘경동,서울특별시 동대문구 망우로 83 (휘경동),근린생활2,제2종근린생활시설,100714635,지번,2,False
1123010900102760057,서울특별시 동대문구 휘경동,서울특별시 동대문구 망우로18길 6 (휘경동),근린생활1,제1종근린생활시설,1007125835,지번,1,False
1123010900102760003,서울특별시 동대문구 휘경동,서울특별시 동대문구 망우로16길 11-15 (휘경동),근린생활1,제1종근린생활시설,1007111421,지번,1,False
1123010900101510003,서울특별시 동대문구 휘경동,서울특별시 동대문구 휘경로 53 (휘경동),판매시설,판매시설,1007121355,지번,1,False
1123010900102810005,서울특별시 동대문구 휘경동,서울특별시 동대문구 망우로14길 10 (휘경동),근린생활2,제2종근린생활시설,1007121474,지번,1,False
1123010400101830027,서울특별시 동대문구 전농동,서울특별시 동대문구 전농로 165 (전농동),근린생활1,제1종근린생활시설,1007117516,지번,1,False
1123010400100380084,서울특별시 동대문구 전농동,서울특별시 동대문구 전농로16길 44 (전농동),근린생활2,제2종근린생활시설,1007129849,지번,1,False
1123010900103120019,서울특별시 동대문구 휘경동,서울특별시 동대문구 망우로 20 (휘경동),근린생활1,제1종근린생활시설,1007135531,지번,1,False
1123010800100450094,서울특별시 동대문구 회기동,서울특별시 동대문구 회기로21길 8-18 (회기동),근린생활1,제1종근린생활시설,1007115761,지번,1,False
1123010900101830353,서울특별시 동대문구 휘경동,서울특별시 동대문구 이문로 52 (휘경동),근린생활1,업무시설,10071100246894,지번,1,False
1123010800100160050,서울특별시 동대문구 회기동,서울특별시 동대문구 경희대로 8-1 (회기동),근린생활1,제1종근린생활시설,1007112514,지번,1,False
1123010800100160033,서울특별시 동대문구 회기동,서울특별시 동대문구 경희대로4길 6 (회기동),근린생활2,제2종근린생활시설,1007133987,지번,1,False
1123010800100010005,서울특별시 동대문구 회기동,서울특별시 동대문구 경희대로 23 (회기동),근린생활1,제1종근린생활시설,100712308,지번,72,False
1123010800100600041,서울특별시 동대문구 회기동,서울특별시 동대문구 회기로 139 (회기동),근린생활1,제1종근린생활시설,1007115558,지번,1,False
1123010800100160064,서울특별시 동대문구 회기동,서울특별시 동대문구 경희대로 1-1 (회기동),근린생활1,제1종근린생활시설,1007134094,지번,1,False
1123010800100420045,서울특별시 동대문구 회기동,서울특별시 동대문구 경희대로1길 8-7 (회기동),근린생활1,제1종근린생활시설,1007118476,지번,1,False
1123010800100160024,서울특별시 동대문구 회기동,서울특별시 동대문구 회기로 143-1 (회기동),근린생활1,제1종근린생활시설,1007131606,지번,1,False
1123010800100160053,서울특별시 동대문구 회기동,서울특별시 동대문구 경희대로 6 (회기동),근린생활1,제1종근린생활시설,100718469,지번,1,False
1123010800100160029,서울특별시 동대문구 회기동,서울특별시 동대문구 회기로19길 11 (회기동),근린생활2,제2종근린생활시설,1007131705,지번,1,False
1123010800100160035,서울특별시 동대문구 회기동,서울특별시 동대문구 경희대로4길 5 (회기동),근린생활1,제1종근린생활시설,1007112072,지번,1,False
1123010800100420139,서울특별시 동대문구 회기동,서울특별시 동대문구 경희대로3길 8 (회기동),근린생활1,제2종근린생활시설,10071100245793,지번,1,False
1123010800100160073,서울특별시 동대문구 회기동,서울특별시 동대문구 경희대로 9 (회기동),근린생활1,제1종근린생활시설,1007130664,지번,1,False
1123010800100160072,서울특별시 동대문구 회기동,서울특별시 동대문구 경희대로 7-1 (회기동),근린생활1,제1종근린생활시설,1007111819,지번,1,False
1123010800100160068,서울특별시 동대문구 회기동,서울특별시 동대문구 경희대로 3-1 (회기동),근린생활1,제1종근린생활시설,1007124370,지번,1,False
1123010800100160065,서울특별시 동대문구 회기동,서울특별시 동대문구 경희대로 3 (회기동),근린생활2,제2종근린생활시설,1007132428,지번,1,False
1123010800100420048,서울특별시 동대문구 회기동,서울특별시 동대문구 경희대로1길 8-13 (회기동),근린생활2,제2종근린생활시설,1007128170,지번,1,False
1123010800100450076,서울특별시 동대문구 회기동,서울특별시 동대문구 회기로21길 4 (회기동),근린생활1,제1종근린생활시설,1007118430,지번,1,False
1123010800100540016,서울특별시 동대문구 회기동,서울특별시 동대문구 경희대로4길 64 (회기동),근린생활1,제1종근린생활시설,1007111550,지번,1,False
1123010800100160042,서울특별시 동대문구 회기동,서울특별시 동대문구 경희대로 16 (회기동),근린생활1,제1종근린생활시설,1007125930,지번,1,False
1123010400103570020,서울특별시 동대문구 전농동,서울특별시 동대문구 전농로15길 37 (전농동),근린생활1,제1종근린생활시설,100716614,지번,1,False
1123010400102950501,서울특별시 동대문구 전농동,서울특별시 동대문구 사가정로5길 22 (전농동),근린생활1,업무시설,1000000000000004060142,지번,1,False
1123010900100430149,서울특별시 동대문구 휘경동,서울특별시 동대문구 장안벚꽃로 337 (휘경동),근린생활1,제1종근린생활시설,100719578,지번,1,False
1123010900102860073,서울특별시 동대문구 휘경동,서울특별시 동대문구 망우로18가길 25 (휘경동),근린생활1,제1종근린생활시설,1007134648,지번,1,False
1123011000100820029,서울특별시 동대문구 이문동,서울특별시 동대문구 휘경로 33-3 (이문동),근린생활1,제1종근린생활시설,1007128582,지번,1,False
1123010800100160006,서울특별시 동대문구 회기동,서울특별시 동대문구 회기로21길 9 (회기동),근린생활2,제2종근린생활시설,1007136270,지번,1,False
1123010800100160020,서울특별시 동대문구 회기동,서울특별시 동대문구 회기로21길 13 (회기동),근린생활2,제2종근린생활시설,100717090,지번,1,False
1123010800100160095,서울특별시 동대문구 회기동,서울특별시 동대문구 회기로 145 (회기동),근린생활1,제1종근린생활시설,1007117158,지번,1,False
1123011000103290010,서울특별시 동대문구 이문동,서울특별시 동대문구 이문로25길 23 (이문동),근린생활1,제1종근린생활시설,100713895,지번,1,False
1123010800100190000,서울특별시 동대문구 회기동,서울특별시 동대문구 경희대로4길 15 (회기동),근린생활1,제1종근린생활시설,1007135733,지번,1,False
1123010800100030079,서울특별시 동대문구 회기동,서울특별시 동대문구 경희대로6길 3-2 (회기동),근린생활2,제2종근린생활시설,1007127224,지번,1,False
1123010800100420006,서울특별시 동대문구 회기동,서울특별시 동대문구 경희대로3길 6 (회기동),근린생활2,제2종근린생활시설,1007117704,지번,1,False
1123010800100420037,서울특별시 동대문구 회기동,서울특별시 동대문구 경희대로1길 8-8 (회기동),근린생활2,제2종근린생활시설,1007125294,지번,1,False
1123010900102670120,서울특별시 동대문구 휘경동,서울특별시 동대문구 망우로 49-7 (휘경동),근린생활2,제2종근린생활시설,1007121509,지번,1,False
1123010800100160052,서울특별시 동대문구 회기동,서울특별시 동대문구 경희대로 6-1 (회기동),근린생활1,제1종근린생활시설,1007112744,지번,1,False
1123010800103480002,서울특별시 동대문구 회기동,서울특별시 동대문구 회기로25길 22 (회기동),근린생활1,공동주택,10071100256795,지번,1,False
1123010800100540040,서울특별시 동대문구 회기동,서울특별시 동대문구 회기로25길 21 (회기동),근린생활1,제1종근린생활시설,1007123631,지번,1,False
1123010900101910004,서울특별시 동대문구 휘경동,서울특별시 동대문구 회기로 193 (휘경동),근린생활2,제2종근린생활시설,1007121969,지번,1,False
1123010800100420059,서울특별시 동대문구 회기동,서울특별시 동대문구 경희대로1가길 8-1 (회기동),근린생활1,단독주택,10071100237812,지번,1,False
1123010800101030046,서울특별시 동대문구 회기동,서울특별시 동대문구 회기로18길 2 (회기동),근린생활1,제1종근린생활시설,1007127825,지번,1,False
1123010800100160096,서울특별시 동대문구 회기동,서울특별시 동대문구 회기로19길 6 (회기동),근린생활2,제2종근린생활시설,1007120925,지번,1,False
1123011000102880004,서울특별시 동대문구 이문동,서울특별시 동대문구 이문로 118 (이문동),근린생활2,제2종근린생활시설,1007126183,지번,1,False
1123011000102870038,서울특별시 동대문구 이문동,서울특별시 동대문구 이문로 98 (이문동),근린생활2,제2종근린생활시설,1007110223,지번,1,False
1123010800100420040,서울특별시 동대문구 회기동,서울특별시 동대문구 경희대로1길 6 (회기동),근린생활1,제1종근린생활시설,1007133971,지번,1,False
1123010800100420035,서울특별시 동대문구 회기동,서울특별시 동대문구 경희대로1길 8-12 (회기동),근린생활2,제2종근린생활시설,1007126928,지번,1,False
1123010800103460011,서울특별시 동대문구 회기동,서울특별시 동대문구 회기로 169 (회기동),근린생활2,제2종근린생활시설,1007111980,지번,1,False
1123010800100540037,서울특별시 동대문구 회기동,서울특별시 동대문구 회기로25길 23-7 (회기동),근린생활1,제1종근린생활시설,1007118698,지번,1,False
1123011000103390007,서울특별시 동대문구 이문동,서울특별시 동대문구 회기로25길 48 (이문동),근린생활1,제1종근린생활시설,1007130566,지번,1,False
1123010900102670117,서울특별시 동대문구 휘경동,서울특별시 동대문구 망우로 47 (휘경동),근린생활1,제1종근린생활시설,100719169,지번,1,False
1123010800100160056,서울특별시 동대문구 회기동,서울특별시 동대문구 경희대로 2 (회기동),근린생활1,제1종근린생활시설,1007112012,지번,1,False
1123010400102950142,서울특별시 동대문구 전농동,서울특별시 동대문구 전농로 129-1 (전농동),근린생활1,제1종근린생활시설,1007114771,지번,1,False
1123010400102950121,서울특별시 동대문구 전농동,서울특별시 동대문구 전농로 127 (전농동),근린생활1,제1종근린생활시설,1007124862,지번,1,False
1123010400100240042,서울특별시 동대문구 전농동,서울특별시 동대문구 전농로14길 49 (전농동),근린생활2,제2종근린생활시설,1007136676,지번,1,False
1123010400102040146,서울특별시 동대문구 전농동,서울특별시 동대문구 전농로17길 38 (전농동),근린생활1,제1종근린생활시설,100719823,지번,1,False
1123010400102040031,서울특별시 동대문구 전농동,서울특별시 동대문구 답십리로23나길 70 (전농동),근린생활2,제2종근린생활시설,1007130547,지번,1,False
1123010400102040034,서울특별시 동대문구 전농동,서울특별시 동대문구 전농로17길 21 (전농동),근린생활1,제1종근린생활시설,1007114239,지번,1,False
1123010400102040136,서울특별시 동대문구 전농동,서울특별시 동대문구 전농로17길 24 (전농동),근린생활1,제1종근린생활시설,1007119348,지번,1,False
1123010400102040026,서울특별시 동대문구 전농동,서울특별시 동대문구 전농로29길 92 (전농동),근린생활1,제1종근린생활시설,1007111309,지번,1,False
1123011000101080019,서울특별시 동대문구 이문동,서울특별시 동대문구 한천로 425-1 (이문동),근린생활2,제2종근린생활시설,1007124329,지번,1,False
1123011000101080045,서울특별시 동대문구 이문동,서울특별시 동대문구 한천로 427 (이문동),근린생활1,제1종근린생활시설,1007123127,지번,1,False
1123011000101080017,서울특별시 동대문구 이문동,서울특별시 동대문구 한천로 427-1 (이문동),근린생활2,제2종근린생활시설,1007131974,지번,1,False
1123011000103050003,서울특별시 동대문구 이문동,서울특별시 동대문구 휘경로2가길 1 (이문동),근린생활1,제1종근린생활시설,100719510,지번,1,False
1123010800100290002,서울특별시 동대문구 회기동,서울특별시 동대문구 회기로21길 38 (회기동),근린생활1,제1종근린생활시설,1007117119,지번,1,False
1123010900102640010,서울특별시 동대문구 휘경동,서울특별시 동대문구 망우로 71 (휘경동),근린생활1,제1종근린생활시설,1007125094,지번,1,False
1123011000102880043,서울특별시 동대문구 이문동,서울특별시 동대문구 이문로28길 15 (이문동),근린생활1,제1종근린생활시설,1007122174,지번,1,False
1123010800100450054,서울특별시 동대문구 회기동,서울특별시 동대문구 회기로 148 (회기동),근린생활1,제1종근린생활시설,1007114625,지번,1,False
1123010800100160043,서울특별시 동대문구 회기동,서울특별시 동대문구 경희대로 14 (회기동),근린생활1,제1종근린생활시설,1007134552,지번,1,False
1123010800100330001,서울특별시 동대문구 회기동,,근린생활1,제1종근린생활시설,1007128360,지번,1,False
1123010800100160069,서울특별시 동대문구 회기동,서울특별시 동대문구 경희대로 5 (회기동),근린생활1,제1종근린생활시설,100716395,지번,2,False
1123010800100160069,서울특별시 동대문구 회기동,서울특별시 동대문구 경희대로 5 (회기동),근린생활1,제1종근린생활시설,100716396,지번,2,False
1123010800100160061,서울특별시 동대문구 회기동,서울특별시 동대문구 경희대로 1 (회기동),근린생활1,제1종근린생활시설,1007135612,지번,1,False
1123010800100610018,서울특별시 동대문구 회기동,서울특별시 동대문구 회기로 160 (회기동),근린생활1,제1종근린생활시설,100717877,지번,1,False
1123010800100030076,서울특별시 동대문구 회기동,서울특별시 동대문구 경희대로6길 5 (회기동),근린생활2,제2종근린생활시설,1007134136,지번,1,False
1123011000102640410,서울특별시 동대문구 이문동,서울특별시 동대문구 천장산로7길 10-3 (이문동),근린생활2,제2종근린생활시설,1007129121,지번,1,False
1123010800100540099,서울특별시 동대문구 회기동,서울특별시 동대문구 경희대로4길 44 (회기동),근린생활1,제1종근린생활시설,1007125521,지번,1,False
1123010800100420098,서울특별시 동대문구 회기동,서울특별시 동대문구 경희대로1길 3 (회기동),근린생활2,제2종근린생활시설,1007133400,지번,1,False
1123010800100020020,서울특별시 동대문구 회기동,서울특별시 동대문구 경희대로4길 48 (회기동),근린생활1,제1종근린생활시설,1007123845,지번,1,False
1123010800100620006,서울특별시 동대문구 회기동,서울특별시 동대문구 회기로26길 14 (회기동),근린생활2,제2종근린생활시설,100719224,지번,1,False
1123010400102040225,서울특별시 동대문구 전농동,서울특별시 동대문구 서울시립대로16길 97-2 (전농동),근린생활1,제1종근린생활시설,100718554,지번,1,False
1123010400102040224,서울특별시 동대문구 전농동,서울특별시 동대문구 전농로19길 26 (전농동),근린생활1,제1종근린생활시설,1007114808,지번,1,False
1123010400102040221,서울특별시 동대문구 전농동,서울특별시 동대문구 전농로19길 22 (전농동),근린생활1,제1종근린생활시설,1007112488,지번,1,False
1123010400102040204,서울특별시 동대문구 전농동,서울특별시 동대문구 전농로19길 18 (전농동),근린생활2,제2종근린생활시설,1007125047,지번,1,False
1123010400102040203,서울특별시 동대문구 전농동,서울특별시 동대문구 전농로19길 16 (전농동),근린생활2,제2종근린생활시설,1007119023,지번,1,False
1123010400102040232,서울특별시 동대문구 전농동,서울특별시 동대문구 전농로19길 12 (전농동),근린생활1,제1종근린생활시설,1007110805,지번,1,False
1123010400102940005,서울특별시 동대문구 전농동,서울특별시 동대문구 사가정로9길 26 (전농동),근린생활1,제1종근린생활시설,1007114555,지번,1,False
1123010900101200011,서울특별시 동대문구 휘경동,서울특별시 동대문구 휘경로 73 (휘경동),근린생활1,제1종근린생활시설,1007111312,지번,1,False
1123011000103110001,서울특별시 동대문구 이문동,서울특별시 동대문구 이문로16길 18 (이문동),근린생활1,제1종근린생활시설,1007111036,지번,1,False
1123010800100760008,서울특별시 동대문구 회기동,서울특별시 동대문구 회기로 174-2 (회기동),근린생활2,제2종근린생활시설,1007122930,지번,1,False
1123010800100570009,서울특별시 동대문구 회기동,서울특별시 동대문구 회기로25길 7 (회기동),근린생활2,제2종근린생활시설,1007123180,지번,1,False
1123010900101870023,서울특별시 동대문구 휘경동,서울특별시 동대문구 회기로31길 63 (휘경동),근린생활2,제2종근린생활시설,1007125176,지번,1,False
1123011000102880044,서울특별시 동대문구 이문동,서울특별시 동대문구 이문로28길 13 (이문동),근린생활1,제1종근린생활시설,1007120467,지번,1,False
1123011000102880060,서울특별시 동대문구 이문동,서울특별시 동대문구 휘경로 4 (이문동),근린생활1,제1종근린생활시설,1007116070,지번,1,False
1123011000103160001,서울특별시 동대문구 이문동,서울특별시 동대문구 휘경로2길 17 (이문동),근린생활2,제2종근린생활시설,1007116927,지번,1,False
1123010900102690007,서울특별시 동대문구 휘경동,서울특별시 동대문구 망우로 81 (휘경동),근린생활1,제1종근린생활시설,1007112500,지번,1,False
1123010900102670110,서울특별시 동대문구 휘경동,서울특별시 동대문구 망우로16길 20 (휘경동),근린생활2,제2종근린생활시설,1007125122,지번,1,False
1123010900102760033,서울특별시 동대문구 휘경동,서울특별시 동대문구 망우로16길 15 (휘경동),근린생활1,제1종근린생활시설,1007112313,지번,1,False
1123010800103460006,서울특별시 동대문구 회기동,서울특별시 동대문구 이문로 31 (회기동),근린생활2,제2종근린생활시설,1007117776,지번,1,False
1123010800100160049,서울특별시 동대문구 회기동,서울특별시 동대문구 경희대로 10 (회기동),근린생활1,제1종근린생활시설,1007130734,지번,1,False
1123010800100600042,서울특별시 동대문구 회기동,서울특별시 동대문구 회기로 137 (회기동),근린생활1,제1종근린생활시설,1007135886,지번,1,False
1123010800100420050,서울특별시 동대문구 회기동,서울특별시 동대문구 경희대로1길 8-17 (회기동),근린생활2,제2종근린생활시설,1007128841,지번,1,False
1123010800100160010,서울특별시 동대문구 회기동,서울특별시 동대문구 회기로21길 25 (회기동),근린생활2,제2종근린생활시설,1007120281,지번,1,False
1123010900103120246,서울특별시 동대문구 휘경동,서울특별시 동대문구 망우로 28 (휘경동),근린생활1,제1종근린생활시설,1007117948,지번,1,False
1123010800100650000,서울특별시 동대문구 회기동,서울특별시 동대문구 이문로1길 21 (회기동),근린생활1,제1종근린생활시설,100713812,지번,10,False
1123010900101910007,서울특별시 동대문구 휘경동,서울특별시 동대문구 회기로 197-1 (휘경동),근린생활2,제2종근린생활시설,1007122773,지번,1,False
1123010800100650091,서울특별시 동대문구 회기동,서울특별시 동대문구 이문로1길 16-3 (회기동),근린생활1,제1종근린생활시설,1007118953,지번,1,False
1123010800100650090,서울특별시 동대문구 회기동,서울특별시 동대문구 이문로1길 26 (회기동),근린생활1,제1종근린생활시설,1007118493,지번,1,False
1123011000103370002,서울특별시 동대문구 이문동,서울특별시 동대문구 이문로 74 (이문동),근린생활1,제1종근린생활시설,1007122187,지번,1,False
1123011000103270004,서울특별시 동대문구 이문동,서울특별시 동대문구 이문로 94 (이문동),근린생활2,공동주택,10071100242454,지번,1,False
1123010400101030091,서울특별시 동대문구 전농동,서울특별시 동대문구 서울시립대로27길 40 (전농동),근린생활1,단독주택,10071100242773,지번,1,False
1123010400101030292,서울특별시 동대문구 전농동,서울특별시 동대문구 전농로 231 (전농동),근린생활1,제1종근린생활시설,1007136130,지번,1,False
1123010400101960005,서울특별시 동대문구 전농동,서울특별시 동대문구 전농로23길 11 (전농동),근린생활1,제1종근린생활시설,1007111859,지번,1,False
1123010400102040042,서울특별시 동대문구 전농동,서울특별시 동대문구 전농로17길 36 (전농동),근린생활1,제1종근린생활시설,1007110700,지번,1,False
1123010400102950073,서울특별시 동대문구 전농동,서울특별시 동대문구 사가정로 111-2 (전농동),근린생활,근린생활시설,1007128481,지번,1,False
1123010400101830005,서울특별시 동대문구 전농동,서울특별시 동대문구 전농로17길 7 (전농동),근린생활2,제2종근린생활시설,1007133973,지번,1,False
1123010400101900008,서울특별시 동대문구 전농동,서울특별시 동대문구 전농로 169 (전농동),근린생활2,제2종근린생활시설,1007129432,지번,1,False
1123010400101960015,서울특별시 동대문구 전농동,서울특별시 동대문구 전농로29길 51 (전농동),근린생활1,제1종근린생활시설,1007127513,지번,1,False
1123010900102860251,서울특별시 동대문구 휘경동,서울특별시 동대문구 망우로16길 37-6 (휘경동),근린생활2,제2종근린생활시설,10071100187406,지번,1,False
1123010900102940159,서울특별시 동대문구 휘경동,서울특별시 동대문구 망우로18마길 23 (휘경동),근린생활2,제2종근린생활시설,10071100187996,지번,1,False
1123011000103410027,서울특별시 동대문구 이문동,서울특별시 동대문구 이문로 57 (이문동),근린생활1,제1종근린생활시설,100718393,지번,1,False
1123010800100650084,서울특별시 동대문구 회기동,서울특별시 동대문구 이문로3길 15 (회기동),근린생활2,제2종근린생활시설,1007114419,지번,1,False
1123010800100030235,서울특별시 동대문구 회기동,서울특별시 동대문구 회기로23가길 34 (회기동),근린생활1,제1종근린생활시설,1007125922,지번,1,False
1123011000102640313,서울특별시 동대문구 이문동,서울특별시 동대문구 천장산로7길 29 (이문동),근린생활2,제2종근린생활시설,1007111293,지번,1,False
1123010900101830143,서울특별시 동대문구 휘경동,서울특별시 동대문구 회기로31길 3 (휘경동),근린생활2,제2종근린생활시설,1007124303,지번,1,False
1123010800100650085,서울특별시 동대문구 회기동,서울특별시 동대문구 이문로3길 19 (회기동),근린생활1,제1종근린생활시설,1007111879,지번,1,False
1123010800100420008,서울특별시 동대문구 회기동,서울특별시 동대문구 경희대로3길 10 (회기동),근린생활1,제1종근린생활시설,1007130818,지번,1,False
1123010800101080006,서울특별시 동대문구 회기동,서울특별시 동대문구 경희대로 19-5 (회기동),근린생활2,제2종근린생활시설,1007128655,지번,1,False
1123010800101080017,서울특별시 동대문구 회기동,서울특별시 동대문구 경희대로 19-3 (회기동),근린생활2,제2종근린생활시설,1007126510,지번,1,False
1123010400101410141,서울특별시 동대문구 전농동,서울특별시 동대문구 전농로 189 (전농동),근린생활1,제1종근린생활시설,1007110632,지번,1,False
1123010400101990007,서울특별시 동대문구 전농동,서울특별시 동대문구 전농로27길 14 (전농동),근린생활1,제1종근린생활시설,1007118647,지번,1,False
1123010400101240013,서울특별시 동대문구 전농동,서울특별시 동대문구 전농로 211-4 (전농동),근린생활2,제2종근린생활시설,1007131857,지번,1,False
1123010400101270112,서울특별시 동대문구 전농동,서울특별시 동대문구 서울시립대로 137-1 (전농동),근린생활2,제2종근린생활시설,1007114545,지번,1,False
1123010400101260033,서울특별시 동대문구 전농동,서울특별시 동대문구 서울시립대로27길 13 (전농동),근린생활1,제1종근린생활시설,1007129147,지번,1,False
1123010400101030293,서울특별시 동대문구 전농동,서울특별시 동대문구 전농로 229 (전농동),근린생활2,제2종근린생활시설,100716642,지번,1,False
1123010400101030087,서울특별시 동대문구 전농동,서울특별시 동대문구 서울시립대로27길 53 (전농동),근린생활1,제1종근린생활시설,1007135625,지번,1,False
1123010400101030286,서울특별시 동대문구 전농동,서울특별시 동대문구 전농로 235 (전농동),근린생활1,제1종근린생활시설,1007110948,지번,1,False
1123010400101030351,서울특별시 동대문구 전농동,서울특별시 동대문구 전농로 233-1 (전농동),근린생활1,제1종근린생활시설,1007130789,지번,1,False
1123010400101030287,서울특별시 동대문구 전농동,서울특별시 동대문구 전농로 237 (전농동),근린생활1,제1종근린생활시설,1007127528,지번,1,False
1123010400106020003,서울특별시 동대문구 전농동,서울특별시 동대문구 왕산로 280 (전농동),근린생활2,제2종근린생활시설,1007125242,지번,1,False
1123010800101050035,서울특별시 동대문구 회기동,서울특별시 동대문구 회기로 134 (회기동),근린생활1,제1종근린생활시설,1007119037,지번,1,False
1123010400101030009,서울특별시 동대문구 전농동,서울특별시 동대문구 전농로38길 41 (전농동),근린생활2,제2종근린생활시설,10071100183831,지번,1,False
1123011000102640218,서울특별시 동대문구 이문동,서울특별시 동대문구 천장산로9길 12 (이문동),근린생활2,제2종근린생활시설,10071100191283,지번,1,False
1123010600103040002,서울특별시 동대문구 장안동,서울특별시 동대문구 장한로 171 (장안동),근린생활2,제2종근린생활시설,1007118322,지번,1,False
1123010800100640058,서울특별시 동대문구 회기동,서울특별시 동대문구 회기로18길 8 (회기동),근린생활2,제2종근린생활시설,1007124725,지번,1,False
1123010200107370018,서울특별시 동대문구 용두동,서울특별시 동대문구 안암로12길 15 (용두동),근린생활2,제2종근린생활시설,100719962,지번,1,False
1123011000102640314,서울특별시 동대문구 이문동,서울특별시 동대문구 이문로9가길 35 (이문동),근린생활2,제2종근린생활시설,1007117649,지번,1,False
1123010800100650089,서울특별시 동대문구 회기동,서울특별시 동대문구 이문로1길 28 (회기동),근린생활1,제1종근린생활시설,1007118850,지번,1,False
1123010900103190013,서울특별시 동대문구 휘경동,서울특별시 동대문구 회기로 188 (휘경동),근린생활2,제2종근린생활시설,1007113224,지번,1,False
1123010200100390355,서울특별시 동대문구 용두동,서울특별시 동대문구 왕산로32길 43 (용두동),근린생활2,제2종근린생활시설,1007118281,지번,1,False
1123010400100970007,서울특별시 동대문구 전농동,서울특별시 동대문구 왕산로 306-3 (전농동),근린생활,근린생활시설,1007113873,지번,1,False
1123010400100600033,서울특별시 동대문구 전농동,서울특별시 동대문구 전농로 156 (전농동),근린생활2,제2종근린생활시설,1007128976,지번,1,False
1123010400100600010,서울특별시 동대문구 전농동,서울특별시 동대문구 전농로20길 22 (전농동),근린생활1,제1종근린생활시설,1007122758,지번,1,False
1123010400100460019,서울특별시 동대문구 전농동,서울특별시 동대문구 전농로16길 25 (전농동),근린생활2,제2종근린생활시설,1007116015,지번,1,False
1123010400100460022,서울특별시 동대문구 전농동,서울특별시 동대문구 전농로16길 17 (전농동),근린생활1,제1종근린생활시설,1007127867,지번,1,False
1123010400100460050,서울특별시 동대문구 전농동,서울특별시 동대문구 전농로16길 33 (전농동),근린생활1,제1종근린생활시설,1007132753,지번,1,False
1123010400100550009,서울특별시 동대문구 전농동,서울특별시 동대문구 사가정로15길 38-2 (전농동),근린생활1,제1종근린생활시설,1007127483,지번,1,False
1123010600100930100,서울특별시 동대문구 장안동,서울특별시 동대문구 사가정로23가길 19 (장안동),근린생활2,제2종근린생활시설,1007119359,지번,1,False
1123010600100930082,서울특별시 동대문구 장안동,서울특별시 동대문구 사가정로25가길 3 (장안동),근린생활1,제1종근린생활시설,1007112319,지번,1,False
1123010600102860005,서울특별시 동대문구 장안동,서울특별시 동대문구 사가정로 234 (장안동),근린생활1,제1종근린생활시설,100711644,지번,2,False
1123010600102860005,서울특별시 동대문구 장안동,서울특별시 동대문구 사가정로 236 (장안동),근린생활1,제1종근린생활시설,100711645,지번,2,False
1123010600100930004,서울특별시 동대문구 장안동,서울특별시 동대문구 사가정로25길 22-3 (장안동),근린생활1,제1종근린생활시설,1007135455,지번,1,False
1123010600102980014,서울특별시 동대문구 장안동,서울특별시 동대문구 장한로31길 20 (장안동),근린생활1,제1종근린생활시설,1007132485,지번,1,False
1123010600102860008,서울특별시 동대문구 장안동,서울특별시 동대문구 사가정로 238-4 (장안동),근린생활2,제2종근린생활시설,1007117774,지번,1,False
1123010600103050008,서울특별시 동대문구 장안동,서울특별시 동대문구 장한로27가길 46 (장안동),근린생활1,제1종근린생활시설,100711861,지번,2,False
1123010900103120021,서울특별시 동대문구 휘경동,서울특별시 동대문구 전농로38길 64 (휘경동),근린생활1,제1종근린생활시설,1007120012,지번,1,False
1123010900103120051,서울특별시 동대문구 휘경동,서울특별시 동대문구 전농로38길 73 (휘경동),근린생활2,제2종근린생활시설,1007129641,지번,1,False
1123010900103360004,서울특별시 동대문구 휘경동,서울특별시 동대문구 이문로 12 (휘경동),근린생활2,제2종근린생활시설,1007135173,지번,1,False
1123010800100650079,서울특별시 동대문구 회기동,서울특별시 동대문구 이문로3길 22-6 (회기동),근린생활2,제2종근린생활시설,1007112123,지번,1,False
1123011000102640236,서울특별시 동대문구 이문동,서울특별시 동대문구 천장산로7길 26-2 (이문동),근린생활2,제2종근린생활시설,1007128079,지번,1,False
1123010400102950102,서울특별시 동대문구 전농동,서울특별시 동대문구 전농로 148 (전농동),근린생활1,제1종근린생활시설,1007134875,지번,1,False
1123010400100360004,서울특별시 동대문구 전농동,서울특별시 동대문구 전농로16길 22 (전농동),근린생활1,제1종근린생활시설,1007127979,지번,1,False
1123010400100380024,서울특별시 동대문구 전농동,서울특별시 동대문구 사가정로 121 (전농동),근린생활1,제1종근린생활시설,1007119063,지번,1,False
1123010400100380012,서울특별시 동대문구 전농동,서울특별시 동대문구 사가정로 125 (전농동),근린생활1,제1종근린생활시설,1007119401,지번,1,False
1123010400100390001,서울특별시 동대문구 전농동,서울특별시 동대문구 사가정로 131 (전농동),근린생활2,제2종근린생활시설,1007125132,지번,1,False
1123010600100960025,서울특별시 동대문구 장안동,서울특별시 동대문구 한천로42길 24 (장안동),근린생활1,제1종근린생활시설,1007117554,지번,1,False
1123010400100010112,서울특별시 동대문구 전농동,서울특별시 동대문구 한천로33길 37 (전농동),근린생활1,제1종근린생활시설,1007128145,지번,1,False
1123010600102860007,서울특별시 동대문구 장안동,서울특별시 동대문구 사가정로 238 (장안동),근린생활1,제1종근린생활시설,1007128583,지번,1,False
1123010600102850006,서울특별시 동대문구 장안동,서울특별시 동대문구 사가정로 235 (장안동),근린생활1,제2종근린생활시설,10071100226172,지번,1,False
1123010600100930064,서울특별시 동대문구 장안동,서울특별시 동대문구 사가정로23가길 30 (장안동),근린생활1,제1종근린생활시설,1007120191,지번,1,False
1123011000102640375,서울특별시 동대문구 이문동,서울특별시 동대문구 천장산로7길 64 (이문동),근린생활1,제1종근린생활시설,1007110597,지번,1,False
1123010400100380100,서울특별시 동대문구 전농동,서울특별시 동대문구 전농로16길 56 (전농동),근린생활1,제1종근린생활시설,1007136265,지번,1,False
1123010400100440002,서울특별시 동대문구 전농동,서울특별시 동대문구 전농로16길 77 (전농동),근린생활1,제1종근린생활시설,100719012,지번,1,False
1123010800100700007,서울특별시 동대문구 회기동,,근린생활1,단독주택,1007122787,본번,1,False
1123010900103350015,서울특별시 동대문구 휘경동,서울특별시 동대문구 이문로 14-7 (휘경동),근린생활2,제2종근린생활시설,1007112427,지번,1,False
1123010900103170103,서울특별시 동대문구 휘경동,서울특별시 동대문구 망우로 25 (휘경동),근린생활1,제1종근린생활시설,100717325,지번,1,False
1123010900103170028,서울특별시 동대문구 휘경동,서울특별시 동대문구 망우로 27 (휘경동),근린생활1,제2종근린생활시설,10071100249094,지번,1,False
1123010900103170011,서울특별시 동대문구 휘경동,서울특별시 동대문구 망우로 29 (휘경동),근린생활1,업무시설,10071100261115,지번,1,False
1123010900102800002,서울특별시 동대문구 휘경동,서울특별시 동대문구 망우로 40 (휘경동),근린생활1,제1종근린생활시설,1000000000000001164091,지번,1,False
1123010900102810008,서울특별시 동대문구 휘경동,서울특별시 동대문구 망우로12가길 5 (휘경동),근린생활1,제1종근린생활시설,1007127086,지번,1,False
1123010700100180035,서울특별시 동대문구 청량리동,서울특별시 동대문구 왕산로 291 (청량리동),근린생활2,제2종근린생활시설,100717879,지번,1,False
1123010700100020004,서울특별시 동대문구 청량리동,서울특별시 동대문구 왕산로 299 (청량리동),근린생활1,제1종근린생활시설,1007132315,지번,1,False
1123010400100030062,서울특별시 동대문구 전농동,서울특별시 동대문구 사가정로 193-7 (전농동),근린생활2,제2종근린생활시설,1007131948,지번,1,False
1123010200100390567,서울특별시 동대문구 용두동,서울특별시 동대문구 천호대로35길 70 (용두동),근린생활1,제1종근린생활시설,1007118905,지번,1,False
1123010600100930036,서울특별시 동대문구 장안동,서울특별시 동대문구 사가정로25길 50 (장안동),근린생활2,제2종근린생활시설,1007135217,지번,1,False
1123010600103040001,서울특별시 동대문구 장안동,서울특별시 동대문구 장한로 173 (장안동),근린생활2,제2종근린생활시설,1007132037,지번,1,False
1123010600103020001,서울특별시 동대문구 장안동,서울특별시 동대문구 장한로 181 (장안동),근린생활1,제1종근린생활시설,1007133377,지번,1,False
1123010600102850004,서울특별시 동대문구 장안동,서울특별시 동대문구 사가정로 233 (장안동),근린생활2,제2종근린생활시설,1007115254,지번,1,False
1123010600102860004,서울특별시 동대문구 장안동,서울특별시 동대문구 사가정로 232 (장안동),근린생활1,단독주택,10071100240275,지번,1,False
1123010600102980001,서울특별시 동대문구 장안동,서울특별시 동대문구 장한로33길 19 (장안동),근린생활1,제1종근린생활시설,1007131435,지번,1,False
1123010600100930049,서울특별시 동대문구 장안동,서울특별시 동대문구 사가정로23가길 28 (장안동),근린생활1,제1종근린생활시설,1007127274,지번,1,False
1123010500104840035,서울특별시 동대문구 답십리동,서울특별시 동대문구 황물로 119-12 (답십리동),근린생활2,제2종근린생활시설,1007124944,지번,1,False
1123010900102860082,서울특별시 동대문구 휘경동,서울특별시 동대문구 망우로18가길 71 (휘경동),근린생활1,단독주택,10071100233772,지번,1,False
1123010900102860159,서울특별시 동대문구 휘경동,서울특별시 동대문구 망우로18가길 42 (휘경동),근린생활2,제2종근린생활시설,1007118100,지번,1,False
1123010900102550019,서울특별시 동대문구 휘경동,서울특별시 동대문구 망우로14길 24 (휘경동),근린생활1,제1종근린생활시설,1007136224,지번,1,False
1123010800100600022,서울특별시 동대문구 회기동,서울특별시 동대문구 회기로 148-5 (회기동),근린생활2,제2종근린생활시설,1007132912,지번,1,False
1123010800100600006,서울특별시 동대문구 회기동,서울특별시 동대문구 회기로 148-4 (회기동),근린생활1,제1종근린생활시설,1007124857,지번,1,False
1123010800100160057,서울특별시 동대문구 회기동,서울특별시 동대문구 회기로 143 (회기동),근린생활1,제1종근린생활시설,1007125972,지번,1,False
1123010800100160051,서울특별시 동대문구 회기동,서울특별시 동대문구 경희대로 8 (회기동),근린생활1,제1종근린생활시설,1007115748,지번,1,False
1123010900103120050,서울특별시 동대문구 휘경동,서울특별시 동대문구 망우로6길 3 (휘경동),근린생활1,제1종근린생활시설,1007127093,지번,1,False
1123010900103120026,서울특별시 동대문구 휘경동,서울특별시 동대문구 전농로38길 84 (휘경동),근린생활2,제2종근린생활시설,1007122136,지번,1,False
1123010900103120146,서울특별시 동대문구 휘경동,서울특별시 동대문구 망우로6길 45 (휘경동),근린생활1,제1종근린생활시설,1007132399,지번,1,False
1123010900102810026,서울특별시 동대문구 휘경동,서울특별시 동대문구 망우로12길 29 (휘경동),근린생활2,제2종근린생활시설,1007119946,지번,1,False
1123010900102810022,서울특별시 동대문구 휘경동,서울특별시 동대문구 망우로12길 17 (휘경동),근린생활2,제2종근린생활시설,1007132219,지번,1,False
1123010800100670001,서울특별시 동대문구 회기동,서울특별시 동대문구 이문로 3 (회기동),근린생활1,공동주택,10071100234092,본번,1,False
1123010900103170035,서울특별시 동대문구 휘경동,서울특별시 동대문구 망우로 25-2 (휘경동),근린생활2,제2종근린생활시설,1007135925,지번,1,False
1123010600100930080,서울특별시 동대문구 장안동,서울특별시 동대문구 사가정로25길 60 (장안동),근린생활1,제1종근린생활시설,1007121496,지번,1,False
1123010600100930079,서울특별시 동대문구 장안동,서울특별시 동대문구 사가정로25길 62 (장안동),근린생활1,제1종근린생활시설,1007126196,지번,1,False
1123010600103050001,서울특별시 동대문구 장안동,서울특별시 동대문구 장한로 165 (장안동),근린생활1,제1종근린생활시설,1007132816,지번,1,False
1123010600102870003,서울특별시 동대문구 장안동,서울특별시 동대문구 장한로27나길 107 (장안동),근린생활1,제1종근린생활시설,1007128372,지번,1,False
1123010600102980009,서울특별시 동대문구 장안동,서울특별시 동대문구 장한로27나길 56 (장안동),근린생활1,제1종근린생활시설,1007116446,지번,1,False
1123010600102850003,서울특별시 동대문구 장안동,서울특별시 동대문구 사가정로 231 (장안동),근린생활1,제1종근린생활시설,1007120804,지번,1,False
1123010600100930042,서울특별시 동대문구 장안동,서울특별시 동대문구 사가정로25길 28-1 (장안동),근린생활1,제1종근린생활시설,1007124804,지번,1,False
1123010600103040003,서울특별시 동대문구 장안동,서울특별시 동대문구 장한로 169 (장안동),근린생활2,의료시설,1000000000000005724285,지번,1,False
1123010600103010004,서울특별시 동대문구 장안동,서울특별시 동대문구 사가정로 238-5 (장안동),근린생활1,제1종근린생활시설,1007125792,지번,1,False
1123010600100930081,서울특별시 동대문구 장안동,서울특별시 동대문구 사가정로25길 58 (장안동),근린생활2,제2종근린생활시설,1007118254,지번,1,False
1123010400100380018,서울특별시 동대문구 전농동,서울특별시 동대문구 사가정로 143 (전농동),근린생활2,제2종근린생활시설,1007112113,지번,1,False
1123010400102180024,서울특별시 동대문구 전농동,서울특별시 동대문구 전농로27길 81-24 (전농동),근린생활2,제2종근린생활시설,100719817,지번,1,False
1123010400105580016,서울특별시 동대문구 전농동,서울특별시 동대문구 전농로27길 77-1 (전농동),근린생활1,제1종근린생활시설,1007113531,지번,1,False
1123010400105580199,서울특별시 동대문구 전농동,서울특별시 동대문구 서울시립대로14길 31 (전농동),근린생활1,제1종근린생활시설,1007124123,지번,1,False
1123010400102130030,서울특별시 동대문구 전농동,서울특별시 동대문구 전농로27길 63 (전농동),근린생활1,공동주택,1000000000000006785679,지번,1,False
1123010400102130006,서울특별시 동대문구 전농동,서울특별시 동대문구 서울시립대로16길 28 (전농동),근린생활2,제2종근린생활시설,1007134785,지번,1,False
1123010400102060005,서울특별시 동대문구 전농동,서울특별시 동대문구 전농로17길 55 (전농동),근린생활1,제1종근린생활시설,1007111403,지번,1,False
1123010400102130003,서울특별시 동대문구 전농동,서울특별시 동대문구 답십리로23나길 18 (전농동),근린생활2,제2종근린생활시설,1007112614,지번,1,False
1123010400101300143,서울특별시 동대문구 전농동,서울특별시 동대문구 서울시립대로28길 37 (전농동),근린생활1,제1종근린생활시설,1007124460,지번,1,False
1123010400105840029,서울특별시 동대문구 전농동,서울특별시 동대문구 서울시립대로 120 (전농동),근린생활1,공동주택,10071100258015,지번,1,False
1123010400101030011,서울특별시 동대문구 전농동,서울특별시 동대문구 전농로38길 35 (전농동),근린생활2,제2종근린생활시설,1007119989,지번,1,False
1123010400101030289,서울특별시 동대문구 전농동,서울특별시 동대문구 전농로 233 (전농동),근린생활1,제1종근린생활시설,1007114242,지번,1,False
1123010700100180038,서울특별시 동대문구 청량리동,서울특별시 동대문구 왕산로 287 (청량리동),근린생활1,제1종근린생활시설,1007125275,지번,1,False
1123010400101010001,서울특별시 동대문구 전농동,서울특별시 동대문구 왕산로 296 (전농동),근린생활1,제1종근린생활시설,1007116464,지번,1,False
1123010400100970003,서울특별시 동대문구 전농동,서울특별시 동대문구 왕산로 308 (전농동),근린생활1,제1종근린생활시설,1007125311,지번,1,False
1123010400100600345,서울특별시 동대문구 전농동,서울특별시 동대문구 전농로16길 7 (전농동),근린생활1,제1종근린생활시설,1007124956,지번,1,False
1123010400100600004,서울특별시 동대문구 전농동,서울특별시 동대문구 사가정로13길 63 (전농동),근린생활1,제1종근린생활시설,1007135967,지번,1,False
1123010400102950100,서울특별시 동대문구 전농동,서울특별시 동대문구 전농로 150-1 (전농동),근린생활1,제1종근린생활시설,1007120986,지번,1,False
1123010400100360017,서울특별시 동대문구 전농동,서울특별시 동대문구 전농로16길 20 (전농동),근린생활1,제1종근린생활시설,1007124342,지번,1,False
1123010400100380097,서울특별시 동대문구 전농동,서울특별시 동대문구 사가정로 123 (전농동),근린생활2,제2종근린생활시설,1007132495,지번,1,False
1123010400100360003,서울특별시 동대문구 전농동,서울특별시 동대문구 전농로16길 36 (전농동),근린생활1,제1종근린생활시설,1007113570,지번,1,False
1123010400101410145,서울특별시 동대문구 전농동,서울특별시 동대문구 전농로 187-1 (전농동),근린생활1,제1종근린생활시설,1007121662,지번,1,False
1123010400100040129,서울특별시 동대문구 전농동,서울특별시 동대문구 한천로33가길 31 (전농동),근린생활2,제2종근린생활시설,1007115430,지번,1,False
1123010600103010002,서울특별시 동대문구 장안동,서울특별시 동대문구 장한로 201 (장안동),근린생활2,제2종근린생활시설,1007128615,지번,1,False
1123010600100930005,서울특별시 동대문구 장안동,서울특별시 동대문구 사가정로25길 22-4 (장안동),근린생활1,제1종근린생활시설,1007123951,지번,1,False
1123010600100930032,서울특별시 동대문구 장안동,서울특별시 동대문구 한천로46길 70-2 (장안동),근린생활2,제2종근린생활시설,1007125989,지번,1,False
1123010600103020003,서울특별시 동대문구 장안동,서울특별시 동대문구 장한로 179 (장안동),근린생활1,제1종근린생활시설,1007128554,지번,1,False
1123010600100930078,서울특별시 동대문구 장안동,서울특별시 동대문구 한천로46길 64 (장안동),근린생활2,제2종근린생활시설,1007118097,지번,1,False
1123010800100600050,서울특별시 동대문구 회기동,서울특별시 동대문구 경희대로1길 11 (회기동),근린생활1,단독주택,1007124565,지번,1,False
1123010400101270018,서울특별시 동대문구 전농동,서울특별시 동대문구 전농로31길 35 (전농동),근린생활1,제1종근린생활시설,1007119330,지번,1,False
1123010800100420061,서울특별시 동대문구 회기동,서울특별시 동대문구 경희대로1가길 6 (회기동),근린생활2,단독주택,10071100253615,지번,1,False
1123010800101070007,서울특별시 동대문구 회기동,서울특별시 동대문구 경희대로1가길 4 (회기동),근린생활1,제2종근린생활시설,10071100231312,지번,1,False
1123010800100640043,서울특별시 동대문구 회기동,서울특별시 동대문구 이문로3길 66 (회기동),근린생활1,제1종근린생활시설,1007116866,지번,1,False
1123010800100420015,서울특별시 동대문구 회기동,서울특별시 동대문구 경희대로1가길 27 (회기동),근린생활1,제1종근린생활시설,1007119824,지번,1,False
1123010400101290062,서울특별시 동대문구 전농동,서울특별시 동대문구 서울시립대로 134-2 (전농동),근린생활2,제2종근린생활시설,1007113608,지번,1,False
1123010400102090003,서울특별시 동대문구 전농동,서울특별시 동대문구 전농로27길 31 (전농동),근린생활2,제2종근린생활시설,1007124941,지번,1,False
1123010900100710001,서울특별시 동대문구 휘경동,서울특별시 동대문구 망우로23길 6 (휘경동),근린생활1,제2종근린생활시설,1007122512,지번,4,False
1123010900100710001,서울특별시 동대문구 휘경동,서울특별시 동대문구 망우로23길 14 (휘경동),근린생활1,제2종근린생활시설,1007127405,지번,4,False
1123010900100710001,서울특별시 동대문구 휘경동,서울특별시 동대문구 망우로 123 (휘경동),근린생활1,제1종근린생활시설,1007133830,지번,4,False
1123010900100710001,서울특별시 동대문구 휘경동,서울특별시 동대문구 망우로23길 10 (휘경동),근린생활1,제2종근린생활시설,1007134497,지번,4,False
1123010400100100000,서울특별시 동대문구 전농동,서울특별시 동대문구 사가정로 148 (전농동),근린생활1,제1종근린생활시설,100715758,지번,21,False
1123010400100100000,서울특별시 동대문구 전농동,서울특별시 동대문구 사가정로 148 (전농동),근린생활1,제2종근린생활시설,100715759,지번,21,False
1123010400100100000,서울특별시 동대문구 전농동,서울특별시 동대문구 사가정로 148 (전농동),근린생활1,제1종근린생활시설,100715760,지번,21,False
1123010400100100000,서울특별시 동대문구 전농동,서울특별시 동대문구 사가정로 148 (전농동),근린생활1,제1종근린생활시설,100715761,지번,21,False
1123010400100380104,서울특별시 동대문구 전농동,서울특별시 동대문구 전농로16길 54 (전농동),근린생활1,제1종근린생활시설,1007124361,지번,1,False
1123010400100380003,서울특별시 동대문구 전농동,서울특별시 동대문구 사가정로 149 (전농동),근린생활2,제2종근린생활시설,1007123706,지번,1,False
1123010900102930125,서울특별시 동대문구 휘경동,서울특별시 동대문구 망우로18가길 68 (휘경동),근린생활1,제1종근린생활시설,1007111847,지번,1,False
1123010900102920003,서울특별시 동대문구 휘경동,서울특별시 동대문구 망우로18가길 52 (휘경동),근린생활1,제1종근린생활시설,1007110060,지번,1,False
1123010900103360031,서울특별시 동대문구 휘경동,서울특별시 동대문구 망우로 1 (휘경동),근린생활1,제1종근린생활시설,100713398,지번,1,False
1123010800100450105,서울특별시 동대문구 회기동,서울특별시 동대문구 회기로 156 (회기동),근린생활1,제1종근린생활시설,100716599,지번,1,False
1123010800100760001,서울특별시 동대문구 회기동,서울특별시 동대문구 회기로 172 (회기동),근린생활1,제1종근린생활시설,1007123141,지번,1,False
1123011000103410026,서울특별시 동대문구 이문동,서울특별시 동대문구 이문로 59 (이문동),근린생활1,제1종근린생활시설,1007131208,지번,1,False
1123011000103350013,서울특별시 동대문구 이문동,서울특별시 동대문구 이문로 73 (이문동),근린생활2,제2종근린생활시설,1007119119,지번,1,False
1123010800100160087,서울특별시 동대문구 회기동,서울특별시 동대문구 회기로21길 8 (회기동),근린생활2,제2종근린생활시설,1007123298,지번,1,False
1123010800100160085,서울특별시 동대문구 회기동,서울특별시 동대문구 회기로21길 8-5 (회기동),근린생활2,제2종근린생활시설,1007119080,지번,1,False
1123011000103240005,서울특별시 동대문구 이문동,서울특별시 동대문구 이문로 82 (이문동),근린생활2,제2종근린생활시설,100718173,지번,1,False
1123010900102670115,서울특별시 동대문구 휘경동,서울특별시 동대문구 망우로 49 (휘경동),근린생활2,제2종근린생활시설,1007127364,지번,1,False
1123010900102780000,서울특별시 동대문구 휘경동,서울특별시 동대문구 망우로 60 (휘경동),근린생활2,제2종근린생활시설,1007134764,지번,1,False
1123010400101520011,서울특별시 동대문구 전농동,서울특별시 동대문구 서울시립대로 164 (전농동),근린생활2,제2종근린생활시설,1007126162,지번,1,False
1123010400101520031,서울특별시 동대문구 전농동,서울특별시 동대문구 서울시립대로29길 24 (전농동),근린생활2,제2종근린생활시설,1007110970,지번,1,False
1123011000102640363,서울특별시 동대문구 이문동,서울특별시 동대문구 천장산로7길 62 (이문동),근린생활2,제2종근린생활시설,1007113074,지번,1,False
1123010900102860081,서울특별시 동대문구 휘경동,서울특별시 동대문구 망우로18가길 69 (휘경동),근린생활1,제1종근린생활시설,1007113987,지번,1,False
1123010900102860108,서울특별시 동대문구 휘경동,서울특별시 동대문구 망우로18가길 61-1 (휘경동),근린생활1,제1종근린생활시설,1007122202,지번,1,False
1123010900102860023,서울특별시 동대문구 휘경동,서울특별시 동대문구 망우로16길 32 (휘경동),근린생활1,단독주택,10071100235352,지번,1,False
1123010900102860001,서울특별시 동대문구 휘경동,서울특별시 동대문구 망우로18가길 3 (휘경동),근린생활1,제1종근린생활시설,1007121073,지번,1,False
1123010400100420006,서울특별시 동대문구 전농동,서울특별시 동대문구 사가정로 153 (전농동),근린생활2,제2종근린생활시설,1007122214,지번,1,False
1123010400102060145,서울특별시 동대문구 전농동,서울특별시 동대문구 전농로23길 53 (전농동),근린생활1,제1종근린생활시설,1007114624,지번,1,False
1123010400105580198,서울특별시 동대문구 전농동,서울특별시 동대문구 전농로27길 69 (전농동),근린생활1,제1종근린생활시설,1007117502,지번,1,False
1123010400101410249,서울특별시 동대문구 전농동,서울특별시 동대문구 전농로 203 (전농동),근린생활2,제2종근린생활시설,1007115850,지번,1,False
1123010900102940152,서울특별시 동대문구 휘경동,서울특별시 동대문구 망우로14가길 28 (휘경동),근린생활1,제1종근린생활시설,1007119995,지번,1,False
1123010400101270122,서울특별시 동대문구 전농동,서울특별시 동대문구 서울시립대로 139-1 (전농동),근린생활1,제1종근린생활시설,100716990,지번,1,False
1123010400101260078,서울특별시 동대문구 전농동,서울특별시 동대문구 서울시립대로27길 16 (전농동),근린생활1,제1종근린생활시설,1007111982,지번,1,False
1123010700100020005,서울특별시 동대문구 청량리동,서울특별시 동대문구 왕산로 295-3 (청량리동),근린생활2,제2종근린생활시설,1007118423,지번,1,False
1123010400101030533,서울특별시 동대문구 전농동,서울특별시 동대문구 전농로 208 (전농동),근린생활1,제1종근린생활시설,1007128778,지번,1,False
1123010400101030316,서울특별시 동대문구 전농동,서울특별시 동대문구 전농로36길 2 (전농동),근린생활1,제1종근린생활시설,1007128809,지번,1,False
1123010400101030067,서울특별시 동대문구 전농동,서울특별시 동대문구 전농로36길 8 (전농동),판매시설,공동주택,10071100212952,지번,1,False
1123010400101030059,서울특별시 동대문구 전농동,서울특별시 동대문구 전농로36길 1 (전농동),근린생활2,공동주택,10071100251874,지번,1,False
1123010400101030336,서울특별시 동대문구 전농동,서울특별시 동대문구 전농로38길 8 (전농동),근린생활2,제2종근린생활시설,1007111661,지번,1,False
1123010400101030051,서울특별시 동대문구 전농동,서울특별시 동대문구 전농로38길 12 (전농동),근린생활2,제2종근린생활시설,100712552,지번,3,False
1123010400101030493,서울특별시 동대문구 전농동,서울특별시 동대문구 전농로 232 (전농동),근린생활1,제1종근린생활시설,1007136404,지번,1,False
1123010600100930027,서울특별시 동대문구 장안동,서울특별시 동대문구 사가정로25길 66 (장안동),근린생활1,제1종근린생활시설,1007115090,지번,1,False
1123010600103050009,서울특별시 동대문구 장안동,서울특별시 동대문구 장한로31길 9 (장안동),근린생활1,제1종근린생활시설,1007130475,지번,1,False
1123010600103040004,서울특별시 동대문구 장안동,서울특별시 동대문구 장한로31길 8 (장안동),근린생활2,제2종근린생활시설,1007113953,지번,1,False
1123010600100930095,서울특별시 동대문구 장안동,서울특별시 동대문구 한천로46길 60 (장안동),근린생활2,제2종근린생활시설,1007115207,지번,1,False
1123010600102870005,서울특별시 동대문구 장안동,서울특별시 동대문구 장한로27나길 97 (장안동),근린생활2,제2종근린생활시설,1007123842,지번,1,False
1123010600103010001,서울특별시 동대문구 장안동,서울특별시 동대문구 사가정로 240 (장안동),근린생활1,제1종근린생활시설,1007115091,지번,1,False
1123010400102950007,서울특별시 동대문구 전농동,서울특별시 동대문구 사가정로 109-1 (전농동),근린생활1,업무시설,1000000000000004375669,지번,1,False
1123010400105820010,서울특별시 동대문구 전농동,서울특별시 동대문구 서울시립대로 114 (전농동),근린생활1,제1종근린생활시설,1007136175,지번,1,False
1123010400101030066,서울특별시 동대문구 전농동,서울특별시 동대문구 전농로36길 14 (전농동),근린생활1,제1종근린생활시설,1007126576,지번,1,False
1123010400101030064,서울특별시 동대문구 전농동,서울특별시 동대문구 전농로36길 20 (전농동),근린생활1,제1종근린생활시설,100719316,지번,1,False
1123010400101030057,서울특별시 동대문구 전농동,서울특별시 동대문구 전농로36길 15-1 (전농동),근린생활1,제1종근린생활시설,100715916,지번,2,False
1123010400101030319,서울특별시 동대문구 전농동,서울특별시 동대문구 전농로 230-1 (전농동),근린생활1,제1종근린생활시설,1007124506,지번,1,False
1123010400101030085,서울특별시 동대문구 전농동,서울특별시 동대문구 전농로 224 (전농동),근린생활1,제1종근린생활시설,1007126382,지번,1,False
1123010400101130026,서울특별시 동대문구 전농동,서울특별시 동대문구 서울시립대로29길 69 (전농동),근린생활1,제1종근린생활시설,1007120302,지번,1,False
1123010900103120261,서울특별시 동대문구 휘경동,서울특별시 동대문구 망우로 14 (휘경동),근린생활1,제1종근린생활시설,1007122143,지번,1,False
1123010900103120046,서울특별시 동대문구 휘경동,서울특별시 동대문구 망우로 18 (휘경동),근린생활1,제1종근린생활시설,1007131356,지번,1,False
1123010900103360008,서울특별시 동대문구 휘경동,서울특별시 동대문구 이문로 6 (휘경동),근린생활1,제1종근린생활시설,100714649,지번,1,False
1123010400101240025,서울특별시 동대문구 전농동,서울특별시 동대문구 서울시립대로28길 6 (전농동),근린생활2,제2종근린생활시설,1007132448,지번,1,False
1123010400100380025,서울특별시 동대문구 전농동,서울특별시 동대문구 사가정로 133 (전농동),근린생활2,제2종근린생활시설,1007110535,지번,1,False
1123010900103120093,서울특별시 동대문구 휘경동,서울특별시 동대문구 망우로10길 50 (휘경동),근린생활2,제2종근린생활시설,1007126716,지번,1,False
1123010900103120112,서울특별시 동대문구 휘경동,,근린생활2,제2종근린생활시설,1007134720,지번,1,False
1123010900103120136,서울특별시 동대문구 휘경동,서울특별시 동대문구 망우로10길 45 (휘경동),근린생활1,제1종근린생활시설,1007136459,지번,1,False
1123010900103120251,서울특별시 동대문구 휘경동,서울특별시 동대문구 망우로 22 (휘경동),근린생활1,제1종근린생활시설,1007131250,지번,1,False
1123010900102810024,서울특별시 동대문구 휘경동,서울특별시 동대문구 망우로12길 25 (휘경동),근린생활1,공동주택,10071100241033,지번,1,False
1123011000102640050,서울특별시 동대문구 이문동,서울특별시 동대문구 천장산로 40 (이문동),근린생활2,제2종근린생활시설,1007123266,지번,1,False
1123010400102950146,서울특별시 동대문구 전농동,서울특별시 동대문구 전농로 127-1 (전농동),근린생활2,제2종근린생활시설,1007122059,지번,1,False
1123010400102950081,서울특별시 동대문구 전농동,서울특별시 동대문구 사가정로 110 (전농동),근린생활1,제1종근린생활시설,1007113007,지번,1,False
1123010400102950005,서울특별시 동대문구 전농동,서울특별시 동대문구 전농로 133 (전농동),근린생활1,제1종근린생활시설,100716133,지번,1,False
1123010400100240043,서울특별시 동대문구 전농동,서울특별시 동대문구 전농로14길 47 (전농동),근린생활1,제1종근린생활시설,100718597,지번,1,False
1123010400100260015,서울특별시 동대문구 전농동,서울특별시 동대문구 전농로 120 (전농동),근린생활2,제2종근린생활시설,1007120626,지번,1,False
1123010400100330016,서울특별시 동대문구 전농동,서울특별시 동대문구 전농로 134 (전농동),근린생활1,제1종근린생활시설,100718141,지번,1,False
1123010400100390003,서울특별시 동대문구 전농동,서울특별시 동대문구 사가정로 134 (전농동),근린생활1,제1종근린생활시설,100717363,지번,1,False
1123010400100400000,서울특별시 동대문구 전농동,서울특별시 동대문구 사가정로 136 (전농동),근린생활2,제2종근린생활시설,100719941,지번,1,False
1123010400103570014,서울특별시 동대문구 전농동,서울특별시 동대문구 전농로15길 41 (전농동),근린생활1,제1종근린생활시설,1007110779,지번,1,False
1123010400102950060,서울특별시 동대문구 전농동,서울특별시 동대문구 사가정로 91 (전농동),근린생활2,제2종근린생활시설,1007130951,지번,1,False
1123010600101130007,서울특별시 동대문구 장안동,서울특별시 동대문구 한천로33길 42-1 (장안동),근린생활1,제1종근린생활시설,1007119566,지번,1,False
1123011000101770068,서울특별시 동대문구 이문동,서울특별시 동대문구 한천로 436 (이문동),근린생활1,제1종근린생활시설,1007115456,지번,1,False
1123010400102060104,서울특별시 동대문구 전농동,서울특별시 동대문구 전농로23길 56 (전농동),근린생활1,제1종근린생활시설,1007134830,지번,1,False
1123010400102130016,서울특별시 동대문구 전농동,서울특별시 동대문구 서울시립대로16길 16 (전농동),근린생활1,제1종근린생활시설,1007115518,지번,1,False
1123010400102060034,서울특별시 동대문구 전농동,서울특별시 동대문구 서울시립대로16길 61 (전농동),근린생활2,제2종근린생활시설,1007117723,지번,1,False
1123010400102060083,서울특별시 동대문구 전농동,서울특별시 동대문구 서울시립대로16길 71 (전농동),근린생활2,제2종근린생활시설,1007122257,지번,1,False
1123010400102060014,서울특별시 동대문구 전농동,서울특별시 동대문구 전농로23길 37 (전농동),근린생활1,제1종근린생활시설,1007110671,지번,1,False
1123010400102090080,서울특별시 동대문구 전농동,서울특별시 동대문구 전농로27길 50 (전농동),근린생활1,제1종근린생활시설,1007134898,지번,1,False
1123010400105820003,서울특별시 동대문구 전농동,서울특별시 동대문구 서울시립대로 118 (전농동),근린생활2,제2종근린생활시설,1007135453,지번,1,False
1123010400101410037,서울특별시 동대문구 전농동,서울특별시 동대문구 전농로29길 3 (전농동),근린생활2,제2종근린생활시설,1007128132,지번,1,False
1123010400105840011,서울특별시 동대문구 전농동,서울특별시 동대문구 서울시립대로 123 (전농동),근린생활2,제2종근린생활시설,100715737,지번,2,False
1123010400105840011,서울특별시 동대문구 전농동,서울특별시 동대문구 서울시립대로 123 (전농동),근린생활2,제2종근린생활시설,100715738,지번,2,False
1123010400101030347,서울특별시 동대문구 전농동,서울특별시 동대문구 전농로 219 (전농동),근린생활1,제1종근린생활시설,1007117884,지번,1,False
1123010600101130016,서울특별시 동대문구 장안동,서울특별시 동대문구 한천로 183 (장안동),근린생활1,제1종근린생활시설,1007133274,지번,1,False
1123011000101770086,서울특별시 동대문구 이문동,서울특별시 동대문구 한천로 440 (이문동),근린생활2,제2종근린생활시설,1007111659,지번,1,False
1123010400101240026,서울특별시 동대문구 전농동,서울특별시 동대문구 서울시립대로 138-1 (전농동),근린생활1,제1종근린생활시설,1007130269,지번,1,False
1123010400101410063,서울특별시 동대문구 전농동,서울특별시 동대문구 전농로 199 (전농동),근린생활1,제1종근린생활시설,1007120275,지번,1,False
1123010400101030320,서울특별시 동대문구 전농동,서울특별시 동대문구 전농로 230 (전농동),근린생활2,제2종근린생활시설,1007129806,지번,1,False
1123010900103630000,서울특별시 동대문구 휘경동,서울특별시 동대문구 서울시립대로29길 62 (휘경동),근린생활2,제2종근린생활시설,100713173,지번,4,False
1123010400101030005,서울특별시 동대문구 전농동,서울특별시 동대문구 전농로38길 47 (전농동),근린생활1,제1종근린생활시설,1007112918,지번,1,False
1123010900103120296,서울특별시 동대문구 휘경동,서울특별시 동대문구 망우로 23 (휘경동),근린생활1,제1종근린생활시설,1007133658,지번,1,False
1123010400102950123,서울특별시 동대문구 전농동,서울특별시 동대문구 전농로 125 (전농동),근린생활2,제2종근린생활시설,1007117849,지번,1,False
1123010400102950284,서울특별시 동대문구 전농동,서울특별시 동대문구 전농로 135 (전농동),근린생활2,제2종근린생활시설,1007132471,지번,1,False
1123010400101030103,서울특별시 동대문구 전농동,서울특별시 동대문구 전농로 217-3 (전농동),근린생활1,제1종근린생활시설,1007115303,지번,1,False
1123010400101230001,서울특별시 동대문구 전농동,서울특별시 동대문구 전농로 217 (전농동),근린생활2,제2종근린생활시설,1007128772,지번,1,False
1123010400101030094,서울특별시 동대문구 전농동,서울특별시 동대문구 전농로 225 (전농동),근린생활1,제1종근린생활시설,1007113261,지번,1,False
1123010400101030112,서울특별시 동대문구 전농동,서울특별시 동대문구 전농로37길 17 (전농동),근린생활1,제1종근린생활시설,1007131738,지번,1,False
1123010900103430023,서울특별시 동대문구 휘경동,서울특별시 동대문구 망우로 4 (휘경동),근린생활2,제2종근린생활시설,1007128922,지번,1,False
1123010400101530001,서울특별시 동대문구 전농동,서울특별시 동대문구 전농로30길 24 (전농동),근린생활2,제2종근린생활시설,1007133216,지번,1,False
1123010400101490001,서울특별시 동대문구 전농동,서울특별시 동대문구 전농로30길 27 (전농동),근린생활1,제1종근린생활시설,1007119434,지번,1,False
1123010400101500079,서울특별시 동대문구 전농동,서울특별시 동대문구 전농로 214 (전농동),근린생활1,제1종근린생활시설,1007126144,지번,1,False
1123010400101030273,서울특별시 동대문구 전농동,서울특별시 동대문구 전농로34길 7 (전농동),근린생활1,제1종근린생활시설,1007126390,지번,1,False
1123010400102020006,서울특별시 동대문구 전농동,서울특별시 동대문구 전농로23길 26 (전농동),근린생활1,제1종근린생활시설,100717202,지번,1,False
1123010400102040106,서울특별시 동대문구 전농동,서울특별시 동대문구 전농로23길 19 (전농동),근린생활1,제1종근린생활시설,1007128829,지번,1,False
1123010400102040104,서울특별시 동대문구 전농동,서울특별시 동대문구 전농로23길 15 (전농동),근린생활1,제1종근린생활시설,1007116881,지번,1,False
1123010400101960006,서울특별시 동대문구 전농동,서울특별시 동대문구 전농로23길 13 (전농동),근린생활1,제1종근린생활시설,1007131946,지번,1,False
1123010400102700001,서울특별시 동대문구 전농동,서울특별시 동대문구 답십리로23나길 65 (전농동),근린생활1,제1종근린생활시설,1007112783,지번,1,False
1123010400102060066,서울특별시 동대문구 전농동,서울특별시 동대문구 전농로17길 43 (전농동),근린생활1,제1종근린생활시설,1007134250,지번,1,False
1123010400100600258,서울특별시 동대문구 전농동,서울특별시 동대문구 전농로 153 (전농동),근린생활1,제1종근린생활시설,1007116366,지번,1,False
1123010400101830006,서울특별시 동대문구 전농동,서울특별시 동대문구 전농로29길 97 (전농동),근린생활2,제2종근린생활시설,1007132609,지번,1,False
1123010800101030054,서울특별시 동대문구 회기동,서울특별시 동대문구 회기로 138 (회기동),근린생활2,제2종근린생활시설,100717397,지번,1,False
1123011000101010033,서울특별시 동대문구 이문동,서울특별시 동대문구 한천로 429 (이문동),근린생활1,제1종근린생활시설,1007115529,지번,1,False
1123010900102940187,서울특별시 동대문구 휘경동,서울특별시 동대문구 망우로18다길 44 (휘경동),근린생활2,제2종근린생활시설,1007121571,지번,1,False
1123010900102940317,서울특별시 동대문구 휘경동,서울특별시 동대문구 망우로18다길 37 (휘경동),근린생활2,제2종근린생활시설,1007113603,지번,1,False
1123010400102090016,서울특별시 동대문구 전농동,서울특별시 동대문구 전농로27길 37 (전농동),근린생활2,제2종근린생활시설,1007120269,지번,1,False
1123010400101300062,서울특별시 동대문구 전농동,서울특별시 동대문구 서울시립대로28나길 4 (전농동),근린생활1,제1종근린생활시설,1007115002,지번,1,False
1123010400101240059,서울특별시 동대문구 전농동,서울특별시 동대문구 전농로 205 (전농동),근린생활2,제2종근린생활시설,1007124228,지번,1,False
1123010400101270123,서울특별시 동대문구 전농동,서울특별시 동대문구 서울시립대로27길 3 (전농동),근린생활2,제2종근린생활시설,100718205,지번,1,False
1123010400101030315,서울특별시 동대문구 전농동,서울특별시 동대문구 서울시립대로27길 26 (전농동),근린생활2,제2종근린생활시설,100717518,지번,1,False
1123010400101900002,서울특별시 동대문구 전농동,서울특별시 동대문구 전농로 173 (전농동),근린생활1,제1종근린생활시설,1007122948,지번,1,False
1123010400101910008,서울특별시 동대문구 전농동,서울특별시 동대문구 전농로 175 (전농동),근린생활1,제1종근린생활시설,1007116132,지번,1,False
1123010400101410215,서울특별시 동대문구 전농동,서울특별시 동대문구 전농로 181-2 (전농동),근린생활1,제1종근린생활시설,1007128933,지번,1,False
1123010400101290042,서울특별시 동대문구 전농동,서울특별시 동대문구 서울시립대로 122 (전농동),근린생활2,제2종근린생활시설,1007121071,지번,1,False
1123010400101290066,서울특별시 동대문구 전농동,서울특별시 동대문구 서울시립대로 130 (전농동),근린생활1,제1종근린생활시설,1007125070,지번,1,False
1123010400101300014,서울특별시 동대문구 전농동,서울특별시 동대문구 서울시립대로 134 (전농동),근린생활1,제1종근린생활시설,1007112596,지번,1,False
1123010400102020007,서울특별시 동대문구 전농동,서울특별시 동대문구 전농로23길 22 (전농동),근린생활1,제1종근린생활시설,1007111491,지번,1,False
1123010400101500008,서울특별시 동대문구 전농동,서울특별시 동대문구 서울시립대로29길 3 (전농동),근린생활1,제1종근린생활시설,1007115437,지번,1,False
1123010400101520048,서울특별시 동대문구 전농동,서울특별시 동대문구 서울시립대로29길 29 (전농동),근린생활2,제2종근린생활시설,1007110216,지번,1,False
1123010400101520014,서울특별시 동대문구 전농동,서울특별시 동대문구 서울시립대로29길 50 (전농동),근린생활2,제2종근린생활시설,1007122286,지번,1,False
1123010900103120060,서울특별시 동대문구 휘경동,서울특별시 동대문구 망우로4길 1 (휘경동),근린생활2,제2종근린생활시설,1007135973,지번,1,False
1123010400101410155,서울특별시 동대문구 전농동,서울특별시 동대문구 전농로 187 (전농동),근린생활2,제2종근린생활시설,100715924,지번,2,False
1123010600101040034,서울특별시 동대문구 장안동,서울특별시 동대문구 답십리로63길 110 (장안동),근린생활2,제2종근린생활시설,1007120086,지번,1,False
1123010200101290409,서울특별시 동대문구 용두동,서울특별시 동대문구 무학로16길 5 (용두동),근린생활1,제1종근린생활시설,1007113895,지번,1,False
1123010200101290468,서울특별시 동대문구 용두동,서울특별시 동대문구 무학로20길 6 (용두동),근린생활1,제1종근린생활시설,1007133996,지번,1,False
1123010200101290454,서울특별시 동대문구 용두동,서울특별시 동대문구 무학로20길 14 (용두동),근린생활1,제1종근린생활시설,100718792,지번,1,False
1123010200101220024,서울특별시 동대문구 용두동,서울특별시 동대문구 무학로26길 33 (용두동),근린생활2,제2종근린생활시설,1007136556,지번,1,False
1123010200101220048,서울특별시 동대문구 용두동,서울특별시 동대문구 천호대로 76-4 (용두동),근린생활1,제1종근린생활시설,1007135948,지번,1,False
1123010200101290486,서울특별시 동대문구 용두동,서울특별시 동대문구 무학로20길 34 (용두동),근린생활1,제1종근린생활시설,100717818,지번,1,False
1123010200101180043,서울특별시 동대문구 용두동,서울특별시 동대문구 무학로28길 9-4 (용두동),근린생활2,제2종근린생활시설,1007136764,지번,1,False
1123010200101180055,서울특별시 동대문구 용두동,서울특별시 동대문구 천호대로 79 (용두동),근린생활1,제1종근린생활시설,1007119169,지번,1,False
1123010200100380016,서울특별시 동대문구 용두동,서울특별시 동대문구 천호대로27길 10 (용두동),근린생활,단독주택,10071100217853,지번,1,False
1123010200100400022,서울특별시 동대문구 용두동,서울특별시 동대문구 고산자로 393-8 (용두동),근린생활1,제1종근린생활시설,1007121445,지번,1,False
1123010200100380011,서울특별시 동대문구 용두동,서울특별시 동대문구 천호대로 125 (용두동),근린생활2,제2종근린생활시설,1007125207,지번,1,False
1123010200100360007,서울특별시 동대문구 용두동,서울특별시 동대문구 천호대로 126 (용두동),근린생활1,제1종근린생활시설,100716987,지번,1,False
1123010200100380012,서울특별시 동대문구 용두동,서울특별시 동대문구 고산자로 391-7 (용두동),근린생활1,제1종근린생활시설,1007125918,지번,1,False
1123010600103150017,서울특별시 동대문구 장안동,서울특별시 동대문구 답십리로69가길 3 (장안동),근린생활1,공동주택,10071100246734,지번,1,False
1123010600103290005,서울특별시 동대문구 장안동,서울특별시 동대문구 답십리로69길 100 (장안동),근린생활1,제1종근린생활시설,1007126820,지번,1,False
1123010600103160022,서울특별시 동대문구 장안동,서울특별시 동대문구 장안벚꽃로3길 4 (장안동),근린생활1,제2종근린생활시설,10071100237432,지번,1,False
1123010200101220031,서울특별시 동대문구 용두동,서울특별시 동대문구 천호대로 90 (용두동),근린생활1,제1종근린생활시설,1007131274,지번,1,False
1123010200101220029,서울특별시 동대문구 용두동,서울특별시 동대문구 천호대로 86 (용두동),근린생활1,제1종근린생활시설,100719305,지번,1,False
1123010200101270033,서울특별시 동대문구 용두동,서울특별시 동대문구 무학로 96 (용두동),근린생활1,제1종근린생활시설,1007120583,지번,1,False
1123010200101030028,서울특별시 동대문구 용두동,서울특별시 동대문구 천호대로 85 (용두동),근린생활1,제1종근린생활시설,1007123435,지번,1,False
1123010200102350041,서울특별시 동대문구 용두동,서울특별시 동대문구 무학로 117 (용두동),근린생활1,제2종근린생활시설,10071100233372,지번,1,False
1123010100100930019,서울특별시 동대문구 신설동,서울특별시 동대문구 하정로 22 (신설동),근린생활2,제2종근린생활시설,1007132181,지번,1,False
1123010100100960036,서울특별시 동대문구 신설동,서울특별시 동대문구 하정로 25 (신설동),근린생활2,제2종근린생활시설,1007134856,지번,1,False
1123010100101140011,서울특별시 동대문구 신설동,서울특별시 동대문구 청계천로1가길 20 (신설동),근린생활1,제1종근린생활시설,1007118048,지번,1,False
1123010200100390584,서울특별시 동대문구 용두동,서울특별시 동대문구 천호대로45가길 24 (용두동),근린생활1,제1종근린생활시설,1007119782,지번,1,False
1123010200101030040,서울특별시 동대문구 용두동,서울특별시 동대문구 천호대로17길 6 (용두동),근린생활2,제2종근린생활시설,100715470,지번,2,False
1123010200107310003,서울특별시 동대문구 용두동,서울특별시 동대문구 무학로49길 38 (용두동),근린생활1,제1종근린생활시설,1007124157,지번,1,False
1123010200101180076,서울특별시 동대문구 용두동,서울특별시 동대문구 무학로28길 24 (용두동),근린생활1,제1종근린생활시설,1007130472,지번,1,False
1123010200101290083,서울특별시 동대문구 용두동,서울특별시 동대문구 무학로 92-10 (용두동),근린생활2,제2종근린생활시설,1007124250,지번,1,False
1123010200100380008,서울특별시 동대문구 용두동,서울특별시 동대문구 고산자로 391-8 (용두동),근린생활2,제2종근린생활시설,1007118740,지번,1,False
1123010200101290281,서울특별시 동대문구 용두동,서울특별시 동대문구 무학로26길 58 (용두동),근린생활2,제2종근린생활시설,1007121165,지번,1,False
1123010200101290203,서울특별시 동대문구 용두동,서울특별시 동대문구 무학로26길 48 (용두동),근린생활2,제2종근린생활시설,10071100230092,지번,1,False
1123010200101220034,서울특별시 동대문구 용두동,서울특별시 동대문구 천호대로24길 6 (용두동),근린생활1,제1종근린생활시설,1007134927,지번,1,False
1123010200101220032,서울특별시 동대문구 용두동,서울특별시 동대문구 천호대로 90 (용두동),근린생활1,제1종근린생활시설,1007114060,지번,1,False
1123010200101220033,서울특별시 동대문구 용두동,서울특별시 동대문구 천호대로24길 4 (용두동),근린생활1,제1종근린생활시설,1007129838,지번,1,False
1123010200101220023,서울특별시 동대문구 용두동,서울특별시 동대문구 무학로26길 35 (용두동),근린생활1,제1종근린생활시설,1007126634,지번,1,False
1123010200101220025,서울특별시 동대문구 용두동,서울특별시 동대문구 천호대로 82-5 (용두동),근린생활1,제1종근린생활시설,1007134383,지번,1,False
1123010200102510072,서울특별시 동대문구 용두동,서울특별시 동대문구 무학로15길 20 (용두동),근린생활2,종교시설,10071100265935,지번,1,False
1123010100100930023,서울특별시 동대문구 신설동,서울특별시 동대문구 하정로 22-7 (신설동),근린생활1,제1종근린생활시설,1007119130,지번,1,False
1123010100101140052,서울특별시 동대문구 신설동,서울특별시 동대문구 난계로28길 58 (신설동),근린생활1,제1종근린생활시설,100719131,지번,1,False
1123010200106960010,서울특별시 동대문구 용두동,서울특별시 동대문구 청계천로 549 (용두동),근린생활1,제1종근린생활시설,10071100227432,지번,1,False
1123010200101290380,서울특별시 동대문구 용두동,서울특별시 동대문구 무학로16길 33 (용두동),근린생활1,제1종근린생활시설,100718885,지번,1,False
1123010200101220009,서울특별시 동대문구 용두동,서울특별시 동대문구 무학로26길 47 (용두동),근린생활1,제1종근린생활시설,1007118239,지번,1,False
1123010200101290076,서울특별시 동대문구 용두동,서울특별시 동대문구 무학로 90 (용두동),근린생활2,제2종근린생활시설,1007134649,지번,1,False
1123010200101180091,서울특별시 동대문구 용두동,서울특별시 동대문구 천호대로 71-1 (용두동),근린생활1,제1종근린생활시설,1007110437,지번,1,False
1123010200102380005,서울특별시 동대문구 용두동,서울특별시 동대문구 천호대로13길 17 (용두동),근린생활2,제2종근린생활시설,1007119669,지번,1,False
1123010100101040009,서울특별시 동대문구 신설동,서울특별시 동대문구 천호대로4길 11 (신설동),근린생활2,제2종근린생활시설,100719433,지번,1,False
1123010100101140063,서울특별시 동대문구 신설동,서울특별시 동대문구 난계로26길 49 (신설동),근린생활1,제1종근린생활시설,1007132936,지번,1,False
1123010100101140057,서울특별시 동대문구 신설동,서울특별시 동대문구 난계로26길 55 (신설동),근린생활1,제1종근린생활시설,1007128264,지번,1,False
1123010100100960043,서울특별시 동대문구 신설동,서울특별시 동대문구 난계로28길 57 (신설동),근린생활1,제1종근린생활시설,1007116794,지번,1,False
1123010100100960023,서울특별시 동대문구 신설동,서울특별시 동대문구 난계로30길 69-5 (신설동),근린생활1,제1종근린생활시설,1007114854,지번,1,False
1123010100100960048,서울특별시 동대문구 신설동,서울특별시 동대문구 천호대로 26 (신설동),근린생활1,업무시설,1000000000000004759965,지번,4,False
1123010200101270006,서울특별시 동대문구 용두동,서울특별시 동대문구 천호대로16길 18 (용두동),근린생활2,제2종근린생활시설,1007133376,지번,1,False
1123010200101270023,서울특별시 동대문구 용두동,서울특별시 동대문구 천호대로16길 24 (용두동),근린생활2,제2종근린생활시설,100719940,지번,1,False
1123010200101270002,서울특별시 동대문구 용두동,서울특별시 동대문구 천호대로16길 26 (용두동),근린생활2,제2종근린생활시설,1007111899,지번,1,False
1123010200101270027,서울특별시 동대문구 용두동,서울특별시 동대문구 천호대로16길 30 (용두동),근린생활1,제1종근린생활시설,1007124647,지번,1,False
1123010200101270025,서울특별시 동대문구 용두동,서울특별시 동대문구 무학로 92-5 (용두동),근린생활2,제2종근린생활시설,1007129603,지번,1,False
1123010200101270013,서울특별시 동대문구 용두동,서울특별시 동대문구 무학로 96-1 (용두동),근린생활1,제1종근린생활시설,100712961,지번,2,False
1123010200101270013,서울특별시 동대문구 용두동,서울특별시 동대문구 무학로 96-1 (용두동),근린생활1,제1종근린생활시설,100712962,지번,2,False
1123010200101270035,서울특별시 동대문구 용두동,서울특별시 동대문구 무학로 94 (용두동),근린생활1,제1종근린생활시설,1007135949,지번,1,False
1123010200101030001,서울특별시 동대문구 용두동,서울특별시 동대문구 천호대로 93-1 (용두동),근린생활1,제1종근린생활시설,1007129938,지번,1,False
1123010100100960008,서울특별시 동대문구 신설동,서울특별시 동대문구 난계로30길 77 (신설동),근린생활1,제1종근린생활시설,1007125172,지번,1,False
1123010100101000026,서울특별시 동대문구 신설동,서울특별시 동대문구 청계천로 443 (신설동),근린생활1,업무시설,10071100241352,지번,1,False
1123010100100920024,서울특별시 동대문구 신설동,서울특별시 동대문구 천호대로 35 (신설동),근린생활1,제1종근린생활시설,100713792,지번,2,False
1123010100100920024,서울특별시 동대문구 신설동,서울특별시 동대문구 천호대로 35 (신설동),근린생활1,제1종근린생활시설,100713793,지번,2,False
1123010100100940055,서울특별시 동대문구 신설동,서울특별시 동대문구 하정로 18 (신설동),근린생활1,제1종근린생활시설,1007120196,지번,1,False
1123010100101140065,서울특별시 동대문구 신설동,서울특별시 동대문구 난계로26길 45 (신설동),근린생활1,제1종근린생활시설,1007118159,지번,1,False
1123010200101290411,서울특별시 동대문구 용두동,서울특별시 동대문구 무학로16길 3 (용두동),근린생활1,제1종근린생활시설,1007112366,지번,1,False
1123010200101290493,서울특별시 동대문구 용두동,서울특별시 동대문구 무학로20길 26 (용두동),근린생활1,제2종근린생활시설,10071100254635,지번,1,False
1123010200101270015,서울특별시 동대문구 용두동,서울특별시 동대문구 무학로26길 5 (용두동),근린생활2,제2종근린생활시설,1007116148,지번,1,False
1123010200101270004,서울특별시 동대문구 용두동,서울특별시 동대문구 천호대로16길 20 (용두동),근린생활1,제1종근린생활시설,1007128019,지번,1,False
1123010200101290170,서울특별시 동대문구 용두동,서울특별시 동대문구 천호대로16길 46 (용두동),근린생활2,제2종근린생활시설,1007128638,지번,1,False
1123010200102540006,서울특별시 동대문구 용두동,서울특별시 동대문구 청계천로7길 46 (용두동),근린생활1,제1종근린생활시설,1007112135,지번,1,False
1123010100100930016,서울특별시 동대문구 신설동,서울특별시 동대문구 천호대로 34 (신설동),근린생활2,제2종근린생활시설,100713981,지번,1,False
1123010200102540001,서울특별시 동대문구 용두동,서울특별시 동대문구 무학로23길 34 (용두동),근린생활1,제1종근린생활시설,1007118732,지번,1,False
1123010200101270026,서울특별시 동대문구 용두동,서울특별시 동대문구 무학로 92-9 (용두동),근린생활1,제1종근린생활시설,1007126712,지번,1,False
1123010200102500035,서울특별시 동대문구 용두동,,근린생활1,단독주택,100716597,본번,1,False
1123010200101030027,서울특별시 동대문구 용두동,서울특별시 동대문구 천호대로 87 (용두동),근린생활2,제2종근린생활시설,1007118730,지번,1,False
1123010200101020061,서울특별시 동대문구 용두동,서울특별시 동대문구 무학로28길 33 (용두동),근린생활1,제1종근린생활시설,1007132991,지번,1,False
1123010200101180062,서울특별시 동대문구 용두동,서울특별시 동대문구 천호대로 75-4 (용두동),근린생활2,단독주택,10071100239572,지번,1,False
1123010200101180066,서울특별시 동대문구 용두동,서울특별시 동대문구 천호대로 71 (용두동),근린생활2,제2종근린생활시설,1007135613,지번,1,False
1123010200101020028,서울특별시 동대문구 용두동,서울특별시 동대문구 천호대로23길 16 (용두동),근린생활1,제1종근린생활시설,1007124411,지번,1,False
1123010200101030016,서울특별시 동대문구 용두동,서울특별시 동대문구 무학로28길 52 (용두동),근린생활1,제1종근린생활시설,1007119708,지번,1,False
1123010200101180035,서울특별시 동대문구 용두동,서울특별시 동대문구 무학로28길 17 (용두동),근린생활1,제1종근린생활시설,1007127548,지번,1,False
1123010200101180065,서울특별시 동대문구 용두동,서울특별시 동대문구 무학로28길 14 (용두동),근린생활2,제2종근린생활시설,1007134024,지번,1,False
1123010200101180087,서울특별시 동대문구 용두동,서울특별시 동대문구 무학로 116 (용두동),근린생활1,제1종근린생활시설,1007117180,지번,1,False
1123010200101290052,서울특별시 동대문구 용두동,서울특별시 동대문구 무학로 84 (용두동),근린생활2,제2종근린생활시설,1007131009,지번,1,False
1123010200102520015,서울특별시 동대문구 용두동,서울특별시 동대문구 무학로23길 26 (용두동),근린생활1,제2종근린생활시설,1000000000000004884128,지번,1,False
1123010100100930005,서울특별시 동대문구 신설동,서울특별시 동대문구 천호대로 36-11 (신설동),근린생활1,제1종근린생활시설,1007115620,지번,1,False
1123010100100940026,서울특별시 동대문구 신설동,서울특별시 동대문구 난계로26길 69 (신설동),근린생활2,제2종근린생활시설,1007110458,지번,1,False
1123010100100960005,서울특별시 동대문구 신설동,서울특별시 동대문구 하정로 17 (신설동),근린생활1,제1종근린생활시설,1007122240,지번,1,False
1123010200102380179,서울특별시 동대문구 용두동,서울특별시 동대문구 천호대로9가길 16-4 (용두동),근린생활2,제2종근린생활시설,100711726,지번,2,False
1123010200102500023,서울특별시 동대문구 용두동,,근린생활2,단독주택,100716597,본번,1,False
1123010200102380025,서울특별시 동대문구 용두동,서울특별시 동대문구 무학로27길 33 (용두동),근린생활1,제1종근린생활시설,1007114736,지번,1,False
1123010200102380164,서울특별시 동대문구 용두동,서울특별시 동대문구 천호대로 49-9 (용두동),근린생활1,제1종근린생활시설,1007126552,지번,1,False
1123010200101220006,서울특별시 동대문구 용두동,서울특별시 동대문구 천호대로 94 (용두동),근린생활1,제1종근린생활시설,1007114867,지번,1,False
1123010200101290505,서울특별시 동대문구 용두동,서울특별시 동대문구 무학로16길 75 (용두동),근린생활1,제1종근린생활시설,1007129865,지번,1,False
1123010200101290208,서울특별시 동대문구 용두동,서울특별시 동대문구 천호대로16나길 15 (용두동),근린생활1,제1종근린생활시설,1007119208,지번,1,False
1123010100100930029,서울특별시 동대문구 신설동,서울특별시 동대문구 하정로 22-11 (신설동),근린생활1,제1종근린생활시설,1007112976,지번,1,False
1123010100100940037,서울특별시 동대문구 신설동,서울특별시 동대문구 하정로 6 (신설동),근린생활1,제1종근린생활시설,100718612,지번,1,False
1123010200101220049,서울특별시 동대문구 용두동,서울특별시 동대문구 무학로26길 15 (용두동),근린생활2,제2종근린생활시설,1007114046,지번,1,False
1123010200102380066,서울특별시 동대문구 용두동,서울특별시 동대문구 무학로27길 11 (용두동),근린생활2,제2종근린생활시설,1007125071,지번,1,False
1123010100100960016,서울특별시 동대문구 신설동,서울특별시 동대문구 하정로 23 (신설동),근린생활2,제2종근린생활시설,1007128584,지번,1,False
1123010200101180081,서울특별시 동대문구 용두동,서울특별시 동대문구 천호대로 67 (용두동),근린생활1,제1종근린생활시설,1007114773,지번,1,False
1123010100100960039,서울특별시 동대문구 신설동,서울특별시 동대문구 난계로30길 55 (신설동),근린생활2,제2종근린생활시설,1007122186,지번,1,False
1123010200101270018,서울특별시 동대문구 용두동,서울특별시 동대문구 천호대로 70 (용두동),근린생활1,제1종근린생활시설,1007113271,지번,1,False
1123010200101290482,서울특별시 동대문구 용두동,서울특별시 동대문구 무학로16길 71 (용두동),근린생활1,제1종근린생활시설,1007121613,지번,1,False
1123010200101030014,서울특별시 동대문구 용두동,서울특별시 동대문구 무학로28길 58-2 (용두동),근린생활1,제1종근린생활시설,100716753,지번,1,False
1123010200101030029,서울특별시 동대문구 용두동,서울특별시 동대문구 천호대로 85 (용두동),근린생활1,제1종근린생활시설,1007126358,지번,1,False
1123010200101180095,서울특별시 동대문구 용두동,서울특별시 동대문구 무학로 118 (용두동),근린생활2,제2종근린생활시설,1007122307,지번,1,False
1123010200102380069,서울특별시 동대문구 용두동,서울특별시 동대문구 천호대로13길 5 (용두동),근린생활2,제2종근린생활시설,1007135304,지번,1,False
1123010200102380127,서울특별시 동대문구 용두동,서울특별시 동대문구 천호대로 49-4 (용두동),근린생활1,제1종근린생활시설,1007125421,지번,1,False
1123010200102380116,서울특별시 동대문구 용두동,서울특별시 동대문구 천호대로 53-1 (용두동),근린생활1,제1종근린생활시설,1007131386,지번,1,False
1123010200102520163,서울특별시 동대문구 용두동,서울특별시 동대문구 천호대로12길 7 (용두동),근린생활1,제1종근린생활시설,1007127289,지번,1,False
1123010200102540003,서울특별시 동대문구 용두동,서울특별시 동대문구 청계천로7길 44 (용두동),근린생활1,제1종근린생활시설,1007112187,지번,1,False
1123010200101290414,서울특별시 동대문구 용두동,서울특별시 동대문구 무학로 72 (용두동),근린생활1,제1종근린생활시설,100719781,지번,1,False
1123010200101290480,서울특별시 동대문구 용두동,서울특별시 동대문구 무학로20길 27 (용두동),근린생활1,제1종근린생활시설,100719093,지번,1,False
1123010200101290223,서울특별시 동대문구 용두동,서울특별시 동대문구 무학로20다길 15-6 (용두동),근린생활1,제1종근린생활시설,1007127120,지번,1,False
1123010200101290245,서울특별시 동대문구 용두동,서울특별시 동대문구 무학로20다길 3 (용두동),근린생활1,제1종근린생활시설,1007120011,지번,1,False
1123010200101220027,서울특별시 동대문구 용두동,서울특별시 동대문구 천호대로 82-1 (용두동),근린생활2,제2종근린생활시설,1007121866,지번,1,False
1123010200101220052,서울특별시 동대문구 용두동,서울특별시 동대문구 천호대로 72 (용두동),근린생활1,제1종근린생활시설,1007134495,지번,1,False
1123010200101290171,서울특별시 동대문구 용두동,서울특별시 동대문구 천호대로16길 48 (용두동),근린생활1,제1종근린생활시설,1007135021,지번,1,False
1123010200101030020,서울특별시 동대문구 용두동,서울특별시 동대문구 천호대로21길 10 (용두동),근린생활1,제1종근린생활시설,1007111029,지번,1,False
1123010200101180086,서울특별시 동대문구 용두동,서울특별시 동대문구 무학로 114 (용두동),근린생활1,제1종근린생활시설,1007122485,지번,1,False
1123010200101180082,서울특별시 동대문구 용두동,서울특별시 동대문구 무학로 112 (용두동),근린생활1,제1종근린생활시설,1007133934,지번,1,False
1123010200102380155,서울특별시 동대문구 용두동,서울특별시 동대문구 천호대로9길 16-1 (용두동),근린생활1,제1종근린생활시설,1007112364,지번,1,False
1123010200102350023,서울특별시 동대문구 용두동,서울특별시 동대문구 무학로 113 (용두동),근린생활1,제1종근린생활시설,1007125925,지번,1,False
1123010200102350025,서울특별시 동대문구 용두동,서울특별시 동대문구 무학로 111 (용두동),근린생활1,제1종근린생활시설,1007118675,지번,1,False
1123010200101180042,서울특별시 동대문구 용두동,서울특별시 동대문구 무학로28길 9-2 (용두동),근린생활2,제2종근린생활시설,1007115350,지번,1,False
1123010200102380100,서울특별시 동대문구 용두동,서울특별시 동대문구 무학로27길 27-4 (용두동),근린생활1,제1종근린생활시설,1007123010,지번,1,False
1123010200102500012,서울특별시 동대문구 용두동,,근린생활1,단독주택,100716597,본번,1,False
1123010100100910131,서울특별시 동대문구 신설동,서울특별시 동대문구 하정로2길 12 (신설동),근린생활1,제1종근린생활시설,1007135218,지번,1,False
1123010100100960035,서울특별시 동대문구 신설동,서울특별시 동대문구 하정로 27 (신설동),근린생활2,제2종근린생활시설,1007110284,지번,1,False
1123010200101290098,서울특별시 동대문구 용두동,서울특별시 동대문구 무학로 78 (용두동),근린생활2,제2종근린생활시설,1007112472,지번,1,False
1123010200101220054,서울특별시 동대문구 용두동,서울특별시 동대문구 천호대로 76 (용두동),근린생활1,제1종근린생활시설,10071100182626,지번,1,False
1123010200101180093,서울특별시 동대문구 용두동,서울특별시 동대문구 무학로 116-1 (용두동),근린생활2,제2종근린생활시설,10071100183597,지번,2,False
1123010200101180093,서울특별시 동대문구 용두동,서울특별시 동대문구 무학로 116-1 (용두동),근린생활2,제2종근린생활시설,10071100183598,지번,2,False
1123010200101290358,서울특별시 동대문구 용두동,서울특별시 동대문구 무학로16길 57 (용두동),근린생활1,제1종근린생활시설,1007122520,지번,1,False
1123010200102490007,서울특별시 동대문구 용두동,서울특별시 동대문구 무학로23길 8 (용두동),근린생활1,제2종근린생활시설,1000000000000003023082,지번,1,False
1123010200102500024,서울특별시 동대문구 용두동,,근린생활1,단독주택,100716597,본번,1,False
1123010200102500050,서울특별시 동대문구 용두동,,근린생활1,단독주택,100716597,본번,1,False
1123010200102380026,서울특별시 동대문구 용두동,서울특별시 동대문구 무학로27길 17 (용두동),근린생활1,제1종근린생활시설,1007112235,지번,1,False
1123010200101220007,서울특별시 동대문구 용두동,서울특별시 동대문구 천호대로 96 (용두동),근린생활1,제1종근린생활시설,1007118733,지번,1,False
1123010100100930054,서울특별시 동대문구 신설동,서울특별시 동대문구 천호대로7길 9 (신설동),근린생활2,제2종근린생활시설,1007130877,지번,1,False
1123010100100970001,서울특별시 동대문구 신설동,서울특별시 동대문구 청계천로5길 47 (신설동),근린생활2,제2종근린생활시설,1007112741,지번,1,False
1123010100100920048,서울특별시 동대문구 신설동,서울특별시 동대문구 난계로26길 71 (신설동),근린생활1,제1종근린생활시설,1007117850,지번,1,False
1123010100101140018,서울특별시 동대문구 신설동,서울특별시 동대문구 청계천로1가길 8 (신설동),근린생활1,제1종근린생활시설,1007134488,지번,1,False
1123010200101290406,서울특별시 동대문구 용두동,서울특별시 동대문구 무학로16길 7 (용두동),근린생활1,공동주택,10071100269315,지번,1,False
1123010200101290483,서울특별시 동대문구 용두동,서울특별시 동대문구 무학로20길 20 (용두동),근린생활2,제2종근린생활시설,100717861,지번,1,False
1123010200102520001,서울특별시 동대문구 용두동,서울특별시 동대문구 천호대로14길 2 (용두동),근린생활2,제2종근린생활시설,100716929,지번,1,False
1123010200102350019,서울특별시 동대문구 용두동,서울특별시 동대문구 무학로27길 5 (용두동),근린생활1,제1종근린생활시설,1007133864,지번,1,False
1123010200102380092,서울특별시 동대문구 용두동,서울특별시 동대문구 무학로27길 21 (용두동),근린생활1,제1종근린생활시설,1007126251,지번,1,False
1123010200102500004,서울특별시 동대문구 용두동,,근린생활2,단독주택,100716597,본번,1,False
1123010200101220002,서울특별시 동대문구 용두동,서울특별시 동대문구 무학로26길 53 (용두동),근린생활2,제2종근린생활시설,1007133349,지번,1,False
1123010200101270031,서울특별시 동대문구 용두동,서울특별시 동대문구 천호대로16길 28-4 (용두동),근린생활1,제1종근린생활시설,1007129598,지번,1,False
1123010200101290469,서울특별시 동대문구 용두동,서울특별시 동대문구 무학로20길 10 (용두동),근린생활2,제2종근린생활시설,1007125257,지번,1,False
1123010200102380126,서울특별시 동대문구 용두동,서울특별시 동대문구 천호대로 49-6 (용두동),근린생활2,제2종근린생활시설,1007131457,지번,1,False
1123010200101290143,서울특별시 동대문구 용두동,서울특별시 동대문구 천호대로24길 41 (용두동),근린생활1,제1종근린생활시설,1007117351,지번,1,False
1123010200101220014,서울특별시 동대문구 용두동,서울특별시 동대문구 천호대로22길 4 (용두동),근린생활2,제2종근린생활시설,1007112163,지번,1,False
1123010100101020004,서울특별시 동대문구 신설동,서울특별시 동대문구 왕산로2길 34 (신설동),근린생활1,제1종근린생활시설,100718289,지번,1,False
1123010100101140061,서울특별시 동대문구 신설동,서울특별시 동대문구 난계로26길 51 (신설동),근린생활2,제2종근린생활시설,1007112405,지번,1,False
1123010200100380007,서울특별시 동대문구 용두동,서울특별시 동대문구 천호대로27길 4 (용두동),근린생활2,제2종근린생활시설,100718169,지번,1,False
1123010200101290359,서울특별시 동대문구 용두동,서울특별시 동대문구 무학로16길 55 (용두동),근린생활1,제1종근린생활시설,1007116482,지번,1,False
1123010200101180030,서울특별시 동대문구 용두동,서울특별시 동대문구 무학로28길 21 (용두동),근린생활1,제1종근린생활시설,1007126182,지번,1,False
1123010200102380162,서울특별시 동대문구 용두동,서울특별시 동대문구 천호대로9길 18 (용두동),근린생활2,제2종근린생활시설,1007132286,지번,1,False
1123010200101290418,서울특별시 동대문구 용두동,서울특별시 동대문구 무학로18길 6 (용두동),근린생활2,제2종근린생활시설,1007123890,지번,1,False
1123010200102540033,서울특별시 동대문구 용두동,서울특별시 동대문구 천호대로12길 8 (용두동),근린생활2,제2종근린생활시설,1007130972,지번,1,False
1123010200101290106,서울특별시 동대문구 용두동,서울특별시 동대문구 무학로 76 (용두동),근린생활1,제1종근린생활시설,100711693,지번,2,False
1123010200101290106,서울특별시 동대문구 용두동,서울특별시 동대문구 무학로 74-2 (용두동),근린생활1,제1종근린생활시설,100711694,지번,2,False
1123010200102500044,서울특별시 동대문구 용두동,,근린생활1,단독주택,100716597,본번,1,False
1123010200102510103,서울특별시 동대문구 용두동,서울특별시 동대문구 무학로15길 8 (용두동),근린생활1,단독주택,100715833,지번,1,False
1123011000102370100,서울특별시 동대문구 이문동,서울특별시 동대문구 신이문로 35-1 (이문동),근린생활1,제1종근린생활시설,1007124101,지번,1,False
1123010200101220042,서울특별시 동대문구 용두동,서울특별시 동대문구 무학로26길 21 (용두동),근린생활1,제1종근린생활시설,1007112516,지번,1,False
1123010200101180074,서울특별시 동대문구 용두동,서울특별시 동대문구 무학로28길 18 (용두동),근린생활2,제2종근린생활시설,1007121323,지번,1,False
1123010200102380074,서울특별시 동대문구 용두동,서울특별시 동대문구 무학로27길 15 (용두동),근린생활1,제1종근린생활시설,100719550,지번,1,False
1123010100100930003,서울특별시 동대문구 신설동,서울특별시 동대문구 천호대로 38 (신설동),근린생활1,제1종근린생활시설,1007125121,지번,1,False
1123010200101290355,서울특별시 동대문구 용두동,서울특별시 동대문구 무학로20길 18 (용두동),근린생활1,제1종근린생활시설,1007116987,지번,1,False
1123010300102900014,서울특별시 동대문구 제기동,서울특별시 동대문구 홍릉로17길 31-4 (제기동),근린생활1,공동주택,1000000000000002537567,지번,1,False
1123010200102380004,서울특별시 동대문구 용두동,서울특별시 동대문구 천호대로9가길 28 (용두동),근린생활2,제2종근린생활시설,1007119783,지번,1,False
1123010200102540019,서울특별시 동대문구 용두동,서울특별시 동대문구 천호대로12길 18 (용두동),근린생활1,제1종근린생활시설,1007121673,지번,1,False
1123010100101140010,서울특별시 동대문구 신설동,서울특별시 동대문구 하정로 9-3 (신설동),근린생활1,제1종근린생활시설,1007110469,지번,1,False
1123010200102550074,서울특별시 동대문구 용두동,서울특별시 동대문구 청계천로 493 (용두동),근린생활2,제2종근린생활시설,1007135404,지번,1,False
1123010200107370010,서울특별시 동대문구 용두동,서울특별시 동대문구 무학로45길 36 (용두동),근린생활2,제2종근린생활시설,1007121488,지번,1,False
1123010200101290278,서울특별시 동대문구 용두동,서울특별시 동대문구 무학로26길 58-7 (용두동),근린생활1,제1종근린생활시설,1007119861,지번,1,False
1123010200101180068,서울특별시 동대문구 용두동,서울특별시 동대문구 천호대로 71 (용두동),근린생활2,제2종근린생활시설,1007126181,지번,1,False
1123010100100900006,서울특별시 동대문구 신설동,서울특별시 동대문구 하정로2길 5 (신설동),근린생활1,제1종근린생활시설,100712468,지번,2,False
1123010100100900006,서울특별시 동대문구 신설동,서울특별시 동대문구 하정로2길 5 (신설동),근린생활1,제2종근린생활시설,100712469,지번,2,False
1123010100100920058,서울특별시 동대문구 신설동,서울특별시 동대문구 청계천로5길 21 (신설동),근린생활1,제1종근린생활시설,10071100267435,지번,1,False
1123010100100920060,서울특별시 동대문구 신설동,서울특별시 동대문구 청계천로5길 9 (신설동),근린생활2,제2종근린생활시설,1007126855,지번,1,False
1123010200101030011,서울특별시 동대문구 용두동,서울특별시 동대문구 천호대로 89 (용두동),근린생활1,제1종근린생활시설,1007120728,지번,1,False
1123010200102500008,서울특별시 동대문구 용두동,,근린생활2,단독주택,100716597,본번,1,False
1123010100101020012,서울특별시 동대문구 신설동,서울특별시 동대문구 천호대로 15 (신설동),근린생활1,제1종근린생활시설,1007116488,지번,1,False
1123010100100940044,서울특별시 동대문구 신설동,서울특별시 동대문구 난계로28길 67 (신설동),근린생활1,제1종근린생활시설,100718739,지번,1,False
1123010100101040041,서울특별시 동대문구 신설동,서울특별시 동대문구 천호대로4길 19-19 (신설동),근린생활2,제2종근린생활시설,1007116313,지번,1,False
1123010100100960024,서울특별시 동대문구 신설동,서울특별시 동대문구 난계로30길 65 (신설동),근린생활1,제1종근린생활시설,1007116819,지번,1,False
1123010200101290169,서울특별시 동대문구 용두동,서울특별시 동대문구 천호대로16길 44 (용두동),근린생활2,제2종근린생활시설,1007133553,지번,1,False
1123010200101180052,서울특별시 동대문구 용두동,서울특별시 동대문구 천호대로17길 15 (용두동),근린생활1,제1종근린생활시설,1007119706,지번,1,False
1123010200102380152,서울특별시 동대문구 용두동,서울특별시 동대문구 천호대로9가길 18 (용두동),근린생활2,제2종근린생활시설,1007118862,지번,1,False
1123010100101140022,서울특별시 동대문구 신설동,서울특별시 동대문구 청계천로1가길 12 (신설동),근린생활2,제2종근린생활시설,1007125618,지번,1,False
1123010100101140080,서울특별시 동대문구 신설동,서울특별시 동대문구 청계천로1길 10-1 (신설동),근린생활2,제2종근린생활시설,1007119345,지번,1,False
1123010200101270001,서울특별시 동대문구 용두동,서울특별시 동대문구 천호대로16길 28-3 (용두동),근린생활2,제2종근린생활시설,1007136120,지번,1,False
1123010200101180060,서울특별시 동대문구 용두동,서울특별시 동대문구 천호대로 75-2 (용두동),근린생활2,공동주택,10071100269395,지번,1,False
1123010200102500002,서울특별시 동대문구 용두동,,근린생활1,단독주택,100716597,본번,1,False
1123010100100930055,서울특별시 동대문구 신설동,서울특별시 동대문구 천호대로 39 (신설동),근린생활2,제2종근린생활시설,10071100217753,지번,2,False
1123010100100930055,서울특별시 동대문구 신설동,서울특별시 동대문구 천호대로7길 5 (신설동),근린생활2,제2종근린생활시설,1007113503,지번,2,False
1123010100100930056,서울특별시 동대문구 신설동,서울특별시 동대문구 천호대로7길 3 (신설동),근린생활2,제2종근린생활시설,1007133721,지번,1,False
1123010200107910001,서울특별시 동대문구 용두동,서울특별시 동대문구 천호대로 124 (용두동),근린생활1,제1종근린생활시설,10071100186113,지번,1,False
1123010200101020062,서울특별시 동대문구 용두동,서울특별시 동대문구 무학로28길 31 (용두동),근린생활1,제1종근린생활시설,100717957,지번,1,False
1123010200101290048,서울특별시 동대문구 용두동,서울특별시 동대문구 무학로 86 (용두동),근린생활2,제2종근린생활시설,1007135436,지번,1,False
1123010100101040010,서울특별시 동대문구 신설동,서울특별시 동대문구 난계로30길 48-2 (신설동),근린생활2,제2종근린생활시설,1007126082,지번,1,False
1123010100101040047,서울특별시 동대문구 신설동,서울특별시 동대문구 난계로30길 54 (신설동),근린생활1,제1종근린생활시설,1007135383,지번,1,False
1123010100101040013,서울특별시 동대문구 신설동,서울특별시 동대문구 난계로30길 54 (신설동),근린생활1,제1종근린생활시설,1007135230,지번,1,False
1123010100101040016,서울특별시 동대문구 신설동,서울특별시 동대문구 난계로30길 48-5 (신설동),근린생활1,제1종근린생활시설,100716743,지번,1,False
1123010100101040038,서울특별시 동대문구 신설동,서울특별시 동대문구 난계로30길 48-3 (신설동),근린생활2,제2종근린생활시설,1007118155,지번,1,False
1123010100100960034,서울특별시 동대문구 신설동,서울특별시 동대문구 하정로 27-1 (신설동),근린생활2,제2종근린생활시설,1007115777,지번,1,False
1123010100100960032,서울특별시 동대문구 신설동,서울특별시 동대문구 하정로 23-14 (신설동),근린생활2,제2종근린생활시설,100719292,지번,1,False
1123010100100940002,서울특별시 동대문구 신설동,서울특별시 동대문구 청계천로5길 43 (신설동),근린생활2,제2종근린생활시설,1007136015,지번,1,False
1123010200101030033,서울특별시 동대문구 용두동,서울특별시 동대문구 천호대로19길 12 (용두동),근린생활2,제2종근린생활시설,10071100189977,지번,1,False
1123010200102520019,서울특별시 동대문구 용두동,서울특별시 동대문구 무학로23길 30 (용두동),근린생활1,제1종근린생활시설,1007116561,지번,1,False
1123010100100940011,서울특별시 동대문구 신설동,서울특별시 동대문구 난계로28길 65 (신설동),근린생활2,제2종근린생활시설,1007119736,지번,1,False
1123010100101000025,서울특별시 동대문구 신설동,서울특별시 동대문구 청계천로 435 (신설동),근린생활1,제1종근린생활시설,100718576,지번,1,False
1123010200101290157,서울특별시 동대문구 용두동,서울특별시 동대문구 무학로20길 17 (용두동),근린생활2,제2종근린생활시설,1007125630,지번,1,False
1123010200101290165,서울특별시 동대문구 용두동,서울특별시 동대문구 천호대로16나길 4 (용두동),근린생활2,제2종근린생활시설,1007135785,지번,1,False
1123010200102500029,서울특별시 동대문구 용두동,,근린생활1,단독주택,100716597,본번,1,False
1123010100101040011,서울특별시 동대문구 신설동,서울특별시 동대문구 난계로30길 48-4 (신설동),근린생활2,제2종근린생활시설,1007114355,지번,1,False
1123010100101040012,서울특별시 동대문구 신설동,서울특별시 동대문구 난계로30길 50 (신설동),근린생활1,제1종근린생활시설,1007136675,지번,1,False
1123010100100960045,서울특별시 동대문구 신설동,서울특별시 동대문구 난계로30길 81 (신설동),근린생활1,제1종근린생활시설,1007116345,지번,1,False
1123010100100960033,서울특별시 동대문구 신설동,서울특별시 동대문구 하정로 29 (신설동),근린생활2,제2종근린생활시설,1007115928,지번,1,False
1123010200101290356,서울특별시 동대문구 용두동,서울특별시 동대문구 무학로16길 17 (용두동),근린생활1,제1종근린생활시설,1007132503,지번,1,False
1123010200101290388,서울특별시 동대문구 용두동,서울특별시 동대문구 무학로16길 25 (용두동),근린생활1,제1종근린생활시설,1007132853,지번,1,False
1123010600100920040,서울특별시 동대문구 장안동,서울특별시 동대문구 사가정로23나길 23 (장안동),근린생활1,제1종근린생활시설,1007124612,지번,1,False
1123010600103200003,서울특별시 동대문구 장안동,서울특별시 동대문구 장한로28가길 82 (장안동),근린생활1,제1종근린생활시설,1007117501,지번,1,False
1123010600103140014,서울특별시 동대문구 장안동,서울특별시 동대문구 사가정로 258 (장안동),근린생활1,제1종근린생활시설,100715868,지번,2,False
1123010600103200028,서울특별시 동대문구 장안동,서울특별시 동대문구 장한로28가길 76 (장안동),근린생활1,제1종근린생활시설,100718688,지번,1,False
1123010600103270015,서울특별시 동대문구 장안동,서울특별시 동대문구 답십리로69길 89 (장안동),근린생활1,제1종근린생활시설,1007110729,지번,1,False
1123010600103180011,서울특별시 동대문구 장안동,서울특별시 동대문구 장한로28가길 122-10 (장안동),근린생활2,제2종근린생활시설,1007111298,지번,1,False
1123010600103130003,서울특별시 동대문구 장안동,서울특별시 동대문구 장한로 200 (장안동),근린생활1,제1종근린생활시설,10071100225232,지번,1,False
1123010600100920014,서울특별시 동대문구 장안동,서울특별시 동대문구 한천로46길 76 (장안동),근린생활2,제2종근린생활시설,1007110552,지번,1,False
1123010600103120006,서울특별시 동대문구 장안동,서울특별시 동대문구 장한로28가길 79 (장안동),근린생활1,제1종근린생활시설,100712770,지번,2,False
1123010600103110008,서울특별시 동대문구 장안동,서울특별시 동대문구 장한로28가길 69 (장안동),근린생활2,제2종근린생활시설,1007118264,지번,1,False
1123010600103260001,서울특별시 동대문구 장안동,서울특별시 동대문구 장한로34길 28 (장안동),근린생활1,제1종근린생활시설,1007118082,지번,1,False
1123010600103120005,서울특별시 동대문구 장안동,서울특별시 동대문구 장한로 180 (장안동),근린생활2,제2종근린생활시설,1007116158,지번,1,False
1123010200101290345,서울특별시 동대문구 용두동,서울특별시 동대문구 무학로20길 7 (용두동),근린생활2,제2종근린생활시설,1007114766,지번,1,False
1123010200102350021,서울특별시 동대문구 용두동,서울특별시 동대문구 천호대로13길 8 (용두동),근린생활1,제1종근린생활시설,1007128083,지번,1,False
1123010200102500015,서울특별시 동대문구 용두동,,근린생활1,단독주택,100716597,본번,1,False
1123010200101180089,서울특별시 동대문구 용두동,서울특별시 동대문구 천호대로 71-5 (용두동),근린생활1,제1종근린생활시설,1007125471,지번,1,False
1123010200101220043,서울특별시 동대문구 용두동,서울특별시 동대문구 무학로26길 19 (용두동),근린생활1,제1종근린생활시설,1007116586,지번,1,False
1123010200101270019,서울특별시 동대문구 용두동,서울특별시 동대문구 천호대로16길 6 (용두동),근린생활1,제1종근린생활시설,1007118603,지번,1,False
1123010200101290100,서울특별시 동대문구 용두동,서울특별시 동대문구 무학로20길 4-2 (용두동),근린생활2,제2종근린생활시설,1007125248,지번,1,False
1123010200101030007,서울특별시 동대문구 용두동,서울특별시 동대문구 천호대로23길 7 (용두동),근린생활2,제2종근린생활시설,1007134601,지번,1,False
1123010200101180041,서울특별시 동대문구 용두동,서울특별시 동대문구 무학로28길 11 (용두동),근린생활1,제1종근린생활시설,1007121957,지번,1,False
1123010200101180077,서울특별시 동대문구 용두동,서울특별시 동대문구 무학로28길 28 (용두동),근린생활1,제1종근린생활시설,1007135315,지번,1,False
1123010200101290211,서울특별시 동대문구 용두동,서울특별시 동대문구 천호대로16나길 11 (용두동),근린생활1,제1종근린생활시설,1007125005,지번,1,False
1123010200102540007,서울특별시 동대문구 용두동,서울특별시 동대문구 청계천로7길 48 (용두동),근린생활1,제1종근린생활시설,1007112593,지번,1,False
1123010200101290206,서울특별시 동대문구 용두동,서울특별시 동대문구 천호대로16나길 21 (용두동),근린생활1,제1종근린생활시설,1007123913,지번,1,False
1123010100100940006,서울특별시 동대문구 신설동,서울특별시 동대문구 난계로28길 69-22 (신설동),근린생활2,제2종근린생활시설,1007132489,지번,1,False
1123010100100940041,서울특별시 동대문구 신설동,서울특별시 동대문구 하정로 8 (신설동),근린생활1,제1종근린생활시설,1007120321,지번,1,False
1123010100101140012,서울특별시 동대문구 신설동,서울특별시 동대문구 하정로 7 (신설동),근린생활1,제1종근린생활시설,100718522,지번,1,False
1123010200101290136,서울특별시 동대문구 용두동,서울특별시 동대문구 천호대로22길 37 (용두동),근린생활2,제2종근린생활시설,1007134659,지번,1,False
1123010200101030012,서울특별시 동대문구 용두동,서울특별시 동대문구 천호대로 93 (용두동),근린생활1,제1종근린생활시설,1007125641,지번,1,False
1123010200101290142,서울특별시 동대문구 용두동,서울특별시 동대문구 천호대로16가길 40 (용두동),근린생활1,제1종근린생활시설,1007112959,지번,1,False
1123010100100940042,서울특별시 동대문구 신설동,서울특별시 동대문구 하정로 10 (신설동),근린생활1,제1종근린생활시설,1007136871,지번,1,False
1123010600103120009,서울특별시 동대문구 장안동,서울특별시 동대문구 장한로36길 10 (장안동),근린생활1,제1종근린생활시설,1007117061,지번,1,False
1123010600103130005,서울특별시 동대문구 장안동,서울특별시 동대문구 장한로 196 (장안동),근린생활1,제1종근린생활시설,1007124189,지번,1,False
1123010600103170001,서울특별시 동대문구 장안동,서울특별시 동대문구 답십리로69길 144 (장안동),근린생활1,제1종근린생활시설,1007110294,지번,1,False
1123010200102350042,서울특별시 동대문구 용두동,서울특별시 동대문구 무학로 115-1 (용두동),근린생활1,제1종근린생활시설,100719446,지번,1,False
1123010200102500001,서울특별시 동대문구 용두동,,근린생활1,단독주택,100716597,본번,1,False
1123010200101180075,서울특별시 동대문구 용두동,서울특별시 동대문구 무학로28길 20 (용두동),근린생활1,제1종근린생활시설,1007110384,지번,1,False
1123010200101270010,서울특별시 동대문구 용두동,서울특별시 동대문구 무학로 102 (용두동),근린생활2,제2종근린생활시설,1007123369,지번,1,False
1123010200101270008,서울특별시 동대문구 용두동,서울특별시 동대문구 천호대로16길 12 (용두동),근린생활2,제2종근린생활시설,1007136848,지번,1,False
1123010100100960026,서울특별시 동대문구 신설동,서울특별시 동대문구 난계로30길 59 (신설동),근린생활2,제2종근린생활시설,100716847,지번,1,False
1123010200101290274,서울특별시 동대문구 용두동,서울특별시 동대문구 청계천로13길 13 (용두동),근린생활1,제1종근린생활시설,1007121959,지번,1,False
1123010100100920079,서울특별시 동대문구 신설동,서울특별시 동대문구 천호대로 33 (신설동),근린생활1,제1종근린생활시설,1007127350,지번,1,False
1123010100100930057,서울특별시 동대문구 신설동,서울특별시 동대문구 천호대로7길 1 (신설동),근린생활2,제2종근린생활시설,1007119418,지번,1,False
1123010100100940035,서울특별시 동대문구 신설동,서울특별시 동대문구 하정로 4 (신설동),근린생활1,제1종근린생활시설,1007131983,지번,1,False
1123010100100920050,서울특별시 동대문구 신설동,서울특별시 동대문구 난계로26길 71-8 (신설동),근린생활1,제1종근린생활시설,100712475,지번,1,False
1123010100101140067,서울특별시 동대문구 신설동,서울특별시 동대문구 난계로26길 39 (신설동),근린생활1,제1종근린생활시설,1007131996,지번,1,False
1123010100101140066,서울특별시 동대문구 신설동,서울특별시 동대문구 난계로26길 43 (신설동),근린생활1,제1종근린생활시설,1007115451,지번,1,False
1123010100101140062,서울특별시 동대문구 신설동,서울특별시 동대문구 난계로26길 49 (신설동),근린생활2,제2종근린생활시설,1007119448,지번,1,False
1123010100101140016,서울특별시 동대문구 신설동,서울특별시 동대문구 하정로 5 (신설동),근린생활1,제1종근린생활시설,1007112063,지번,1,False
1123010100100960018,서울특별시 동대문구 신설동,서울특별시 동대문구 난계로30길 61 (신설동),근린생활2,제2종근린생활시설,1007119393,지번,1,False
1123010200101290403,서울특별시 동대문구 용두동,서울특별시 동대문구 무학로16길 13 (용두동),근린생활2,제2종근린생활시설,100715478,지번,1,False
1123010600103160001,서울특별시 동대문구 장안동,서울특별시 동대문구 사가정로 274 (장안동),근린생활1,제1종근린생활시설,10071100207001,지번,1,False
1123010600103160015,서울특별시 동대문구 장안동,서울특별시 동대문구 사가정로 278 (장안동),근린생활2,제2종근린생활시설,1007122119,지번,1,False
1123010600103160025,서울특별시 동대문구 장안동,서울특별시 동대문구 장안벚꽃로 219 (장안동),근린생활1,제1종근린생활시설,1007110784,지번,1,False
1123010600103160005,서울특별시 동대문구 장안동,서울특별시 동대문구 사가정로 274-7 (장안동),근린생활1,제1종근린생활시설,1007113684,지번,1,False
1123010600103160003,서울특별시 동대문구 장안동,서울특별시 동대문구 사가정로 274-3 (장안동),근린생활1,제1종근린생활시설,1007126896,지번,1,False
1123010600103170010,서울특별시 동대문구 장안동,서울특별시 동대문구 사가정로 274-10 (장안동),근린생활1,제1종근린생활시설,1007130860,지번,1,False
1123010100101020009,서울특별시 동대문구 신설동,서울특별시 동대문구 천호대로 17 (신설동),근린생활1,제1종근린생활시설,1007123205,지번,1,False
1123010200101030035,서울특별시 동대문구 용두동,서울특별시 동대문구 천호대로19길 11 (용두동),근린생활2,제2종근린생활시설,1007128119,지번,1,False
1123010200102350020,서울특별시 동대문구 용두동,서울특별시 동대문구 천호대로13길 10 (용두동),근린생활1,제1종근린생활시설,1007128065,지번,1,False
1123010200102380079,서울특별시 동대문구 용두동,서울특별시 동대문구 천호대로 59 (용두동),근린생활1,제1종근린생활시설,1007117039,지번,1,False
1123010200102500021,서울특별시 동대문구 용두동,,근린생활2,단독주택,100716597,본번,1,False
1123010200102500039,서울특별시 동대문구 용두동,,근린생활1,단독주택,100716597,본번,1,False
1123010100100940014,서울특별시 동대문구 신설동,서울특별시 동대문구 하정로 20-1 (신설동),근린생활2,제2종근린생활시설,1007135415,지번,1,False
1123010200101270022,서울특별시 동대문구 용두동,서울특별시 동대문구 무학로 98-1 (용두동),근린생활2,제2종근린생활시설,1007114160,지번,1,False
1123010200102540011,서울특별시 동대문구 용두동,서울특별시 동대문구 천호대로 48 (용두동),근린생활2,제2종근린생활시설,1007111698,지번,1,False
1123010100100920017,서울특별시 동대문구 신설동,서울특별시 동대문구 하정로 40-3 (신설동),근린생활2,제2종근린생활시설,10071100216613,지번,1,False
1123010100100930028,서울특별시 동대문구 신설동,서울특별시 동대문구 천호대로 36-14 (신설동),근린생활1,제1종근린생활시설,1007113506,지번,1,False
1123010100100940012,서울특별시 동대문구 신설동,서울특별시 동대문구 하정로 14 (신설동),근린생활1,제1종근린생활시설,1007121652,지번,1,False
1123010200102550076,서울특별시 동대문구 용두동,서울특별시 동대문구 청계천로 485 (용두동),근린생활1,제1종근린생활시설,1007120439,지번,1,False
1123010100100940027,서울특별시 동대문구 신설동,서울특별시 동대문구 난계로26길 67-2 (신설동),근린생활1,제1종근린생활시설,1007110454,지번,1,False
1123010900101630015,서울특별시 동대문구 휘경동,서울특별시 동대문구 휘경로 32 (휘경동),근린생활1,제1종근린생활시설,1007115547,지번,1,False
1123010400103250138,서울특별시 동대문구 전농동,서울특별시 동대문구 사가정로5길 3 (전농동),근린생활1,제1종근린생활시설,1007121004,지번,1,False
1123010800103470000,서울특별시 동대문구 회기동,서울특별시 동대문구 회기로 171-1 (회기동),근린생활1,제1종근린생활시설,1007125479,지번,1,False
1123010800100600068,서울특별시 동대문구 회기동,서울특별시 동대문구 회기로13길 11 (회기동),근린생활2,제2종근린생활시설,1007129863,지번,1,False
1123010800100160013,서울특별시 동대문구 회기동,서울특별시 동대문구 경희대로4길 8 (회기동),근린생활2,제2종근린생활시설,1007117317,지번,1,False
1123010400102090042,서울특별시 동대문구 전농동,서울특별시 동대문구 전농로27길 47 (전농동),근린생활1,제1종근린생활시설,1007134872,지번,1,False
1123010800100600061,서울특별시 동대문구 회기동,서울특별시 동대문구 경희대로1가길 3 (회기동),근린생활2,제2종근린생활시설,1007114258,지번,1,False
1123010800100160081,서울특별시 동대문구 회기동,서울특별시 동대문구 회기로21길 8-11 (회기동),근린생활2,제2종근린생활시설,10071100183770,지번,1,False
1123010800100420054,서울특별시 동대문구 회기동,서울특별시 동대문구 경희대로1가길 18 (회기동),근린생활1,제1종근린생활시설,1007130735,지번,1,False
1123011000103460147,서울특별시 동대문구 이문동,서울특별시 동대문구 이문로 63 (이문동),근린생활2,제2종근린생활시설,1007113041,지번,1,False
1123010800100600048,서울특별시 동대문구 회기동,서울특별시 동대문구 회기로 135 (회기동),근린생활2,제2종근린생활시설,1007114283,지번,1,False
1123010800100600070,서울특별시 동대문구 회기동,서울특별시 동대문구 회기로13길 15 (회기동),근린생활2,제2종근린생활시설,1007116109,지번,1,False
1123010400101010019,서울특별시 동대문구 전농동,서울특별시 동대문구 왕산로 290-1 (전농동),근린생활1,제1종근린생활시설,1007136926,지번,1,False
1123010400100010105,서울특별시 동대문구 전농동,서울특별시 동대문구 한천로33길 33 (전농동),근린생활2,제2종근린생활시설,1007136750,지번,1,False
1123010600101130010,서울특별시 동대문구 장안동,서울특별시 동대문구 한천로33길 42 (장안동),근린생활2,제2종근린생활시설,1007128795,지번,1,False
1123010400100040100,서울특별시 동대문구 전농동,서울특별시 동대문구 한천로39길 23 (전농동),근린생활1,제1종근린생활시설,1007130170,지번,1,False
1123010400100030051,서울특별시 동대문구 전농동,서울특별시 동대문구 사가정로 195 (전농동),근린생활2,제2종근린생활시설,1007114103,지번,1,False
1123010400100030057,서울특별시 동대문구 전농동,서울특별시 동대문구 한천로39길 28 (전농동),근린생활2,제2종근린생활시설,1007131999,지번,1,False
1123010600103150007,서울특별시 동대문구 장안동,서울특별시 동대문구 답십리로69가길 15 (장안동),근린생활2,제2종근린생활시설,1007115181,지번,1,False
1123010600103190016,서울특별시 동대문구 장안동,서울특별시 동대문구 장한로36길 23-9 (장안동),근린생활1,제1종근린생활시설,1007114216,지번,1,False
1123011000100850021,서울특별시 동대문구 이문동,서울특별시 동대문구 외대역동로 81-1 (이문동),근린생활2,제2종근린생활시설,1007132073,지번,1,False
1123011000100820011,서울특별시 동대문구 이문동,서울특별시 동대문구 휘경로 29-9 (이문동),근린생활1,제1종근린생활시설,1007112259,지번,1,False
1123010700100380019,서울특별시 동대문구 청량리동,서울특별시 동대문구 제기로 155 (청량리동),근린생활1,제1종근린생활시설,1007135963,지번,1,False
1123010800100420023,서울특별시 동대문구 회기동,서울특별시 동대문구 경희대로3길 30 (회기동),근린생활2,제2종근린생활시설,1007112599,지번,1,False
1123010800100420071,서울특별시 동대문구 회기동,서울특별시 동대문구 경희대로3길 21 (회기동),근린생활2,제2종근린생활시설,100716702,지번,1,False
1123010800100600059,서울특별시 동대문구 회기동,서울특별시 동대문구 회기로13길 6 (회기동),근린생활2,제2종근린생활시설,1007111937,지번,1,False
1123010800101050034,서울특별시 동대문구 회기동,서울특별시 동대문구 회기로 132 (회기동),근린생활2,제2종근린생활시설,100716783,지번,1,False
1123010800100600097,서울특별시 동대문구 회기동,서울특별시 동대문구 회기로 123 (회기동),근린생활2,제2종근린생활시설,1007126747,지번,1,False
1123010800100600099,서울특별시 동대문구 회기동,서울특별시 동대문구 경희대로1길 35 (회기동),근린생활2,제2종근린생활시설,1007112526,지번,1,False
1123010400101270137,서울특별시 동대문구 전농동,서울특별시 동대문구 서울시립대로 143 (전농동),근린생활2,제2종근린생활시설,10071100187246,지번,1,False
1123010400101030123,서울특별시 동대문구 전농동,서울특별시 동대문구 전농로37길 40 (전농동),근린생활1,제1종근린생활시설,1007131561,지번,1,False
1123010400101290040,서울특별시 동대문구 전농동,서울특별시 동대문구 서울시립대로 126 (전농동),근린생활1,제1종근린생활시설,1007127988,지번,1,False
1123010800100670003,서울특별시 동대문구 회기동,서울특별시 동대문구 이문로 3 (회기동),근린생활1,공동주택,10071100234092,지번,1,False
1123010800100600121,서울특별시 동대문구 회기동,서울특별시 동대문구 회기로 124-1 (회기동),근린생활2,제2종근린생활시설,1007125542,지번,1,False
1123011000102640303,서울특별시 동대문구 이문동,서울특별시 동대문구 이문로9나길 6-13 (이문동),근린생활1,제1종근린생활시설,1007122517,지번,1,False
1123010600101270007,서울특별시 동대문구 장안동,서울특별시 동대문구 한천로36길 16 (장안동),근린생활2,제2종근린생활시설,1007124920,지번,1,False
1123010600101220001,서울특별시 동대문구 장안동,서울특별시 동대문구 답십리로65길 79 (장안동),근린생활1,제1종근린생활시설,100718126,지번,1,False
1123010600101040032,서울특별시 동대문구 장안동,서울특별시 동대문구 답십리로63길 114 (장안동),근린생활2,제2종근린생활시설,1007118142,지번,1,False
1123010600101080005,서울특별시 동대문구 장안동,서울특별시 동대문구 한천로 190 (장안동),근린생활1,제1종근린생활시설,1007114556,지번,1,False
1123010600101110012,서울특별시 동대문구 장안동,서울특별시 동대문구 한천로33길 56 (장안동),근린생활2,제2종근린생활시설,1007119227,지번,1,False
1123010900100430086,서울특별시 동대문구 휘경동,서울특별시 동대문구 한천로 265 (휘경동),근린생활2,제2종근린생활시설,1007115775,지번,1,False
1123010600101270009,서울특별시 동대문구 장안동,서울특별시 동대문구 한천로36길 14 (장안동),근린생활1,제1종근린생활시설,100716569,지번,1,False
1123010600101180040,서울특별시 동대문구 장안동,서울특별시 동대문구 한천로 184 (장안동),근린생활2,제2종근린생활시설,1007112326,지번,1,False
1123010600100970009,서울특별시 동대문구 장안동,서울특별시 동대문구 한천로 212 (장안동),근린생활1,제1종근린생활시설,1007125547,지번,1,False
1123010900100490180,서울특별시 동대문구 휘경동,서울특별시 동대문구 한천로46길 85-6 (휘경동),근린생활2,제2종근린생활시설,1007112707,지번,1,False
1123010400101280101,서울특별시 동대문구 전농동,서울특별시 동대문구 전농로37길 78 (전농동),근린생활2,제2종근린생활시설,1007113681,지번,1,False
1123010700100380021,서울특별시 동대문구 청량리동,서울특별시 동대문구 제기로 155-1 (청량리동),근린생활1,제1종근린생활시설,1007118504,지번,1,False
1123010400105300011,서울특별시 동대문구 전농동,서울특별시 동대문구 답십리로23길 66-1 (전농동),근린생활1,제1종근린생활시설,1007127570,지번,1,False
1123010900101120039,서울특별시 동대문구 휘경동,서울특별시 동대문구 망우로 133 (휘경동),근린생활1,제1종근린생활시설,1007127903,지번,1,False
1123010400105810072,서울특별시 동대문구 전농동,서울특별시 동대문구 서울시립대로 103 (전농동),근린생활1,제1종근린생활시설,1007117707,지번,1,False
1123010800100600063,서울특별시 동대문구 회기동,서울특별시 동대문구 회기로13길 14 (회기동),근린생활2,제2종근린생활시설,10071100261755,지번,1,False
1123011000102880037,서울특별시 동대문구 이문동,서울특별시 동대문구 휘경로 7-1 (이문동),근린생활1,제1종근린생활시설,1007133281,지번,1,False
1123010900103360009,서울특별시 동대문구 휘경동,서울특별시 동대문구 이문로 4 (휘경동),근린생활1,제1종근린생활시설,100713396,지번,2,False
1123010800103470008,서울특별시 동대문구 회기동,서울특별시 동대문구 회기로25길 12-1 (회기동),근린생활1,제1종근린생활시설,1007130161,지번,1,False
1123011000103050060,서울특별시 동대문구 이문동,서울특별시 동대문구 휘경로 12-1 (이문동),근린생활1,제1종근린생활시설,1007125300,지번,1,False
1123010400101830036,서울특별시 동대문구 전농동,서울특별시 동대문구 전농로29길 95 (전농동),근린생활2,제2종근린생활시설,1007134744,지번,1,False
1123011000102880079,서울특별시 동대문구 이문동,서울특별시 동대문구 이문로30길 22 (이문동),근린생활1,제1종근린생활시설,1007110084,지번,1,False
1123010900101500009,서울특별시 동대문구 휘경동,서울특별시 동대문구 외대역동로 76-1 (휘경동),근린생활2,제2종근린생활시설,1007131903,지번,1,False
1123010400100010201,서울특별시 동대문구 전농동,서울특별시 동대문구 한천로39길 17 (전농동),근린생활1,제1종근린생활시설,1007121351,지번,1,False
1123010400100040003,서울특별시 동대문구 전농동,서울특별시 동대문구 한천로39길 27 (전농동),근린생활2,제2종근린생활시설,1007131532,지번,1,False
1123010400100010171,서울특별시 동대문구 전농동,서울특별시 동대문구 한천로 229 (전농동),근린생활1,제1종근린생활시설,1007127742,지번,1,False
1123010600101220005,서울특별시 동대문구 장안동,서울특별시 동대문구 답십리로63길 76 (장안동),근린생활2,제2종근린생활시설,1007131362,지번,1,False
1123010600101170006,서울특별시 동대문구 장안동,서울특별시 동대문구 답십리로63길 95 (장안동),근린생활1,제1종근린생활시설,1007122464,지번,1,False
1123010600101090010,서울특별시 동대문구 장안동,서울특별시 동대문구 한천로40길 11 (장안동),근린생활2,제2종근린생활시설,1007119362,지번,1,False
1123010400100090087,서울특별시 동대문구 전농동,서울특별시 동대문구 사가정로20길 35 (전농동),근린생활1,제1종근린생활시설,100717701,지번,1,False
1123010600101220026,서울특별시 동대문구 장안동,서울특별시 동대문구 한천로36길 33 (장안동),근린생활1,제1종근린생활시설,1007136683,지번,1,False
1123010600101160027,서울특별시 동대문구 장안동,서울특별시 동대문구 답십리로63길 102 (장안동),근린생활1,제1종근린생활시설,1007131002,지번,1,False
1123010600101250010,서울특별시 동대문구 장안동,서울특별시 동대문구 한천로36길 5 (장안동),근린생활1,제1종근린생활시설,1007115410,지번,1,False
1123010600101240012,서울특별시 동대문구 장안동,서울특별시 동대문구 한천로36길 19 (장안동),근린생활1,제1종근린생활시설,1007126278,지번,1,False
1123010400100010172,서울특별시 동대문구 전농동,서울특별시 동대문구 한천로 225 (전농동),근린생활1,제1종근린생활시설,1007134994,지번,1,False
1123010600101070012,서울특별시 동대문구 장안동,서울특별시 동대문구 사가정로 206 (장안동),근린생활2,제2종근린생활시설,1007133623,지번,1,False
1123010600101000008,서울특별시 동대문구 장안동,서울특별시 동대문구 사가정로 221 (장안동),근린생활2,제2종근린생활시설,1007111125,지번,1,False
1123011000102950002,서울특별시 동대문구 이문동,,근린생활2,단독주택,1007115359,본번,1,False
1123010400102930008,서울특별시 동대문구 전농동,서울특별시 동대문구 전농로15길 42 (전농동),근린생활1,제1종근린생활시설,1007122614,지번,1,False
1123010800100720007,서울특별시 동대문구 회기동,서울특별시 동대문구 이문로 11 (회기동),근린생활1,제1종근린생활시설,1007134037,지번,1,False
1123010900100240000,서울특별시 동대문구 휘경동,서울특별시 동대문구 망우로 82 (휘경동),근린생활2,제2종근린생활시설,100714599,지번,1,False
1123010900102810017,서울특별시 동대문구 휘경동,서울특별시 동대문구 망우로12가길 10 (휘경동),근린생활2,제2종근린생활시설,10071100184713,지번,1,False
1123010900102810039,서울특별시 동대문구 휘경동,서울특별시 동대문구 망우로12나길 54 (휘경동),근린생활2,제2종근린생활시설,1007115051,지번,1,False
1123010900103120247,서울특별시 동대문구 휘경동,서울특별시 동대문구 망우로 24 (휘경동),근린생활1,제1종근린생활시설,1007135177,지번,1,False
1123010500100010116,서울특별시 동대문구 답십리동,서울특별시 동대문구 답십리로59길 63 (답십리동),근린생활1,제1종근린생활시설,1007133412,지번,1,False
1123010400100010073,서울특별시 동대문구 전농동,서울특별시 동대문구 한천로33길 41 (전농동),근린생활1,제1종근린생활시설,1007135866,지번,1,False
1123010600101140026,서울특별시 동대문구 장안동,서울특별시 동대문구 한천로33길 28 (장안동),근린생활1,제1종근린생활시설,1007115741,지번,1,False
1123010600101140028,서울특별시 동대문구 장안동,서울특별시 동대문구 한천로33길 26 (장안동),근린생활2,제2종근린생활시설,1007132506,지번,1,False
1123010900100490382,서울특별시 동대문구 휘경동,서울특별시 동대문구 한천로 244-7 (휘경동),근린생활1,제1종근린생활시설,100713180,지번,1,False
1123010600101080003,서울특별시 동대문구 장안동,서울특별시 동대문구 한천로 202 (장안동),근린생활2,제2종근린생활시설,1007127511,지번,1,False
1123010600103190012,서울특별시 동대문구 장안동,서울특별시 동대문구 장한로36길 23-15 (장안동),근린생활1,제1종근린생활시설,100717304,지번,1,False
1123010600100920058,서울특별시 동대문구 장안동,서울특별시 동대문구 한천로46길 74-7 (장안동),근린생활2,제2종근린생활시설,1007136565,지번,1,False
1123010800101060005,서울특별시 동대문구 회기동,서울특별시 동대문구 경희대로1나길 23 (회기동),근린생활2,제2종근린생활시설,1007124845,지번,1,False
1123010800101050009,서울특별시 동대문구 회기동,서울특별시 동대문구 회기로 130 (회기동),근린생활2,제2종근린생활시설,1007133333,지번,1,False
1123010700100300000,서울특별시 동대문구 청량리동,서울특별시 동대문구 제기로38길 13 (청량리동),근린생활1,제1종근린생활시설,1007134943,지번,1,False
1123010700100380026,서울특별시 동대문구 청량리동,서울특별시 동대문구 제기로 157 (청량리동),근린생활2,제2종근린생활시설,1007112611,지번,1,False
1123010400105580149,서울특별시 동대문구 전농동,서울특별시 동대문구 서울시립대로12길 14 (전농동),근린생활1,단독주택,10071100214392,지번,1,False
1123010400105580121,서울특별시 동대문구 전농동,서울특별시 동대문구 답십리로23길 80-1 (전농동),근린생활1,제1종근린생활시설,1007127547,지번,1,False
1123010400105580026,서울특별시 동대문구 전농동,서울특별시 동대문구 답십리로23길 98 (전농동),근린생활1,제1종근린생활시설,1007125745,지번,1,False
1123010400105710004,서울특별시 동대문구 전농동,서울특별시 동대문구 답십리로23길 99-2 (전농동),근린생활2,제2종근린생활시설,1007115541,지번,1,False
1123010400106020018,서울특별시 동대문구 전농동,서울특별시 동대문구 왕산로 266 (전농동),근린생활2,제2종근린생활시설,100714511,지번,2,False
1123010400106020018,서울특별시 동대문구 전농동,서울특별시 동대문구 왕산로 266 (전농동),근린생활2,제2종근린생활시설,100714512,지번,2,False
1123010400102950319,서울특별시 동대문구 전농동,서울특별시 동대문구 사가정로 96 (전농동),근린생활1,제1종근린생활시설,1007128290,지번,1,False
1123011000103170010,서울특별시 동대문구 이문동,서울특별시 동대문구 휘경로2길 41 (이문동),근린생활1,제1종근린생활시설,1007136827,지번,1,False
1123011000103630007,서울특별시 동대문구 이문동,서울특별시 동대문구 휘경로 21 (이문동),근린생활1,제1종근린생활시설,1007124399,지번,1,False
1123011000102950001,서울특별시 동대문구 이문동,,근린생활2,단독주택,1007115359,본번,1,False
1123010900101500025,서울특별시 동대문구 휘경동,서울특별시 동대문구 휘경로19길 11 (휘경동),근린생활1,제1종근린생활시설,1007135045,지번,1,False
1123010900101460001,서울특별시 동대문구 휘경동,서울특별시 동대문구 휘경로 55 (휘경동),근린생활1,제1종근린생활시설,1007119113,지번,1,False
1123010900102650011,서울특별시 동대문구 휘경동,서울특별시 동대문구 망우로21길 45 (휘경동),근린생활1,제1종근린생활시설,1007129843,지번,1,False
1123010400102950048,서울특별시 동대문구 전농동,서울특별시 동대문구 전농로15길 22 (전농동),판매시설,판매시설,1007123052,지번,1,False
1123011000103630017,서울특별시 동대문구 이문동,서울특별시 동대문구 이문로30길 24 (이문동),근린생활1,제2종근린생활시설,100713913,지번,2,False
1123011000103630017,서울특별시 동대문구 이문동,서울특별시 동대문구 이문로30길 26 (이문동),근린생활1,제1종근린생활시설,100713914,지번,2,False
1123010900100340011,서울특별시 동대문구 휘경동,서울특별시 동대문구 망우로 106 (휘경동),근린생활1,제1종근린생활시설,1007130197,지번,1,False
1123010600101080015,서울특별시 동대문구 장안동,,근린생활1,제1종근린생활시설,1007110707,지번,1,False
1123011000102640211,서울특별시 동대문구 이문동,서울특별시 동대문구 천장산로7길 8 (이문동),근린생활2,제2종근린생활시설,1007123630,지번,1,False
1123010400100040112,서울특별시 동대문구 전농동,서울특별시 동대문구 한천로33가길 17-2 (전농동),근린생활1,제1종근린생활시설,1007125271,지번,1,False
1123010600101250019,서울특별시 동대문구 장안동,서울특별시 동대문구 한천로 170 (장안동),근린생활1,제1종근린생활시설,1007127658,지번,1,False
1123010600101260014,서울특별시 동대문구 장안동,서울특별시 동대문구 한천로 166 (장안동),근린생활2,제2종근린생활시설,1007112696,지번,1,False
1123010400100040156,서울특별시 동대문구 전농동,서울특별시 동대문구 사가정로20길 9 (전농동),근린생활2,제2종근린생활시설,1007117978,지번,1,False
1123010600101180041,서울특별시 동대문구 장안동,서울특별시 동대문구 한천로 182 (장안동),근린생활2,제2종근린생활시설,100718110,지번,1,False
1123010600101050007,서울특별시 동대문구 장안동,서울특별시 동대문구 답십리로63길 131 (장안동),근린생활1,제1종근린생활시설,1007119842,지번,1,False
1123010900100430184,서울특별시 동대문구 휘경동,서울특별시 동대문구 한천로 279 (휘경동),근린생활2,제2종근린생활시설,1007116724,지번,1,False
1123010600100990017,서울특별시 동대문구 장안동,서울특별시 동대문구 사가정로27길 25 (장안동),근린생활1,제1종근린생활시설,1007122913,지번,1,False
1123010600101140006,서울특별시 동대문구 장안동,서울특별시 동대문구 한천로33길 36 (장안동),근린생활2,제2종근린생활시설,100715857,지번,1,False
1123010600103210002,서울특별시 동대문구 장안동,서울특별시 동대문구 장한로28가길 68 (장안동),근린생활1,제1종근린생활시설,1007123560,지번,1,False
1123010600103210012,서울특별시 동대문구 장안동,서울특별시 동대문구 장한로34길 18 (장안동),근린생활1,제1종근린생활시설,1007122180,지번,1,False
1123010600103200002,서울특별시 동대문구 장안동,서울특별시 동대문구 장한로28가길 84 (장안동),근린생활1,제1종근린생활시설,1007117628,지번,1,False
1123010600103140002,서울특별시 동대문구 장안동,서울특별시 동대문구 사가정로 254 (장안동),근린생활2,제2종근린생활시설,1007116370,지번,1,False
1123010600103190008,서울특별시 동대문구 장안동,서울특별시 동대문구 장한로36길 23-41 (장안동),근린생활1,제1종근린생활시설,100712773,지번,2,False
1123010600100920041,서울특별시 동대문구 장안동,서울특별시 동대문구 사가정로23나길 21 (장안동),근린생활1,제1종근린생활시설,1007133088,지번,1,False
1123010600103270008,서울특별시 동대문구 장안동,서울특별시 동대문구 장한로34길 29 (장안동),근린생활1,공동주택,10071100225272,지번,1,False
1123010400105580182,서울특별시 동대문구 전농동,서울특별시 동대문구 답십리로23길 93 (전농동),근린생활1,제1종근린생활시설,1007112694,지번,1,False
1123010400105670025,서울특별시 동대문구 전농동,서울특별시 동대문구 서울시립대로12길 6 (전농동),근린생활1,제1종근린생활시설,1007119560,지번,1,False
1123010700100300010,서울특별시 동대문구 청량리동,서울특별시 동대문구 제기로38길 25 (청량리동),근린생활2,제2종근린생활시설,1007117091,지번,1,False
1123010400105810047,서울특별시 동대문구 전농동,서울특별시 동대문구 서울시립대로 107 (전농동),근린생활1,제1종근린생활시설,1007135759,지번,1,False
1123010400106020023,서울특별시 동대문구 전농동,서울특별시 동대문구 왕산로 258 (전농동),근린생활1,업무시설,1000000000000003937466,지번,1,False
1123010800101070027,서울특별시 동대문구 회기동,서울특별시 동대문구 경희대로3길 29 (회기동),근린생활2,제2종근린생활시설,10071100184813,지번,1,False
1123011000103230000,서울특별시 동대문구 이문동,서울특별시 동대문구 이문로12길 3-9 (이문동),근린생활2,제2종근린생활시설,1007133401,지번,1,False
1123010900103330004,서울특별시 동대문구 휘경동,서울특별시 동대문구 이문로 20 (휘경동),근린생활1,제1종근린생활시설,1007116064,지번,1,False
1123010400102700042,서울특별시 동대문구 전농동,서울특별시 동대문구 전농로17길 37 (전농동),근린생활1,제1종근린생활시설,1007115292,지번,1,False
1123010900103340008,서울특별시 동대문구 휘경동,서울특별시 동대문구 회기로28길 14 (휘경동),근린생활2,제2종근린생활시설,1007133035,지번,1,False
1123010600101220024,서울특별시 동대문구 장안동,서울특별시 동대문구 한천로36길 27 (장안동),근린생활1,제1종근린생활시설,100712752,지번,2,False
1123010400100010092,서울특별시 동대문구 전농동,서울특별시 동대문구 한천로39길 20 (전농동),근린생활1,제2종근린생활시설,1000000000000005544662,지번,1,False
1123010500100010052,서울특별시 동대문구 답십리동,서울특별시 동대문구 한천로 165 (답십리동),근린생활2,제2종근린생활시설,1007128796,지번,1,False
1123010400100010069,서울특별시 동대문구 전농동,서울특별시 동대문구 사가정로 202 (전농동),근린생활2,제2종근린생활시설,1007114765,지번,1,False
1123010900103660000,서울특별시 동대문구 휘경동,서울특별시 동대문구 한천로 300 (휘경동),근린생활1,제1종근린생활시설,100711900,지번,10,False
1123010400100010096,서울특별시 동대문구 전농동,서울특별시 동대문구 사가정로20길 53 (전농동),근린생활1,단독주택,1000000000000006589659,지번,1,False
1123010600101130004,서울특별시 동대문구 장안동,서울특별시 동대문구 한천로 183 (장안동),근린생활1,제1종근린생활시설,100712748,지번,3,False
1123010600101130004,서울특별시 동대문구 장안동,서울특별시 동대문구 한천로 183 (장안동),근린생활1,제1종근린생활시설,100712749,지번,3,False
1123010600101130004,서울특별시 동대문구 장안동,서울특별시 동대문구 한천로 183 (장안동),근린생활1,제1종근린생활시설,100712750,지번,3,False
1123010600100940010,서울특별시 동대문구 장안동,서울특별시 동대문구 사가정로25길 23 (장안동),근린생활1,제1종근린생활시설,1007132881,지번,1,False
1123010600103120014,서울특별시 동대문구 장안동,서울특별시 동대문구 장한로34길 5 (장안동),근린생활1,제1종근린생활시설,100719686,지번,1,False
1123010600103210004,서울특별시 동대문구 장안동,서울특별시 동대문구 장한로28가길 64 (장안동),근린생활2,제2종근린생활시설,1007130837,지번,1,False
1123010600103210008,서울특별시 동대문구 장안동,서울특별시 동대문구 장한로32길 13 (장안동),근린생활2,제2종근린생활시설,1007126864,지번,1,False
1123010600103120004,서울특별시 동대문구 장안동,서울특별시 동대문구 장한로 182 (장안동),근린생활1,제1종근린생활시설,1007135256,지번,1,False
1123010600103120013,서울특별시 동대문구 장안동,서울특별시 동대문구 장한로34길 9 (장안동),근린생활1,제1종근린생활시설,1007132353,지번,1,False
1123010600103120010,서울특별시 동대문구 장안동,서울특별시 동대문구 장한로36길 6 (장안동),근린생활2,제2종근린생활시설,1007122089,지번,1,False
1123010600103200001,서울특별시 동대문구 장안동,서울특별시 동대문구 장한로36길 14 (장안동),근린생활1,제1종근린생활시설,1007116388,지번,1,False
1123010600103180001,서울특별시 동대문구 장안동,서울특별시 동대문구 장한로28가길 122-8 (장안동),근린생활1,제1종근린생활시설,1007136506,지번,1,False
1123010600103210009,서울특별시 동대문구 장안동,서울특별시 동대문구 장한로32길 17 (장안동),근린생활2,제2종근린생활시설,1007110938,지번,1,False
1123010600103110002,서울특별시 동대문구 장안동,서울특별시 동대문구 장한로 176 (장안동),근린생활2,제2종근린생활시설,1007128149,지번,1,False
1123010600100920084,서울특별시 동대문구 장안동,서울특별시 동대문구 사가정로23가길 71 (장안동),근린생활2,제2종근린생활시설,1007126992,지번,1,False
1123010600103140015,서울특별시 동대문구 장안동,서울특별시 동대문구 답십리로69길 153 (장안동),근린생활1,제1종근린생활시설,1007130807,지번,1,False
1123010600103260009,서울특별시 동대문구 장안동,서울특별시 동대문구 장한로34길 30 (장안동),근린생활1,제1종근린생활시설,1007118247,지번,1,False
1123010400105680005,서울특별시 동대문구 전농동,서울특별시 동대문구 서울시립대로12길 3 (전농동),근린생활1,제1종근린생활시설,100719523,지번,1,False
1123010700100360014,서울특별시 동대문구 청량리동,서울특별시 동대문구 제기로38길 4 (청량리동),근린생활2,제2종근린생활시설,1007120852,지번,1,False
1123010800100600092,서울특별시 동대문구 회기동,서울특별시 동대문구 회기로 127 (회기동),근린생활1,제1종근린생활시설,1007112636,지번,1,False
1123010800100600100,서울특별시 동대문구 회기동,서울특별시 동대문구 회기로 121-1 (회기동),근린생활2,제2종근린생활시설,1007114266,지번,1,False
1123010800100600065,서울특별시 동대문구 회기동,서울특별시 동대문구 회기로13길 10 (회기동),근린생활1,제1종근린생활시설,1007130257,지번,1,False
1123010800100600067,서울특별시 동대문구 회기동,서울특별시 동대문구 회기로13길 9 (회기동),근린생활2,제2종근린생활시설,100717366,지번,1,False
1123010800100420078,서울특별시 동대문구 회기동,서울특별시 동대문구 회기로13길 23 (회기동),근린생활1,제1종근린생활시설,1007131880,지번,1,False
1123010800100600060,서울특별시 동대문구 회기동,서울특별시 동대문구 경희대로1길 18 (회기동),근린생활2,제1종근린생활시설,10071100241993,지번,1,False
1123010800100420073,서울특별시 동대문구 회기동,서울특별시 동대문구 회기로13길 24 (회기동),근린생활1,제1종근린생활시설,100719884,지번,1,False
1123010800100420074,서울특별시 동대문구 회기동,서울특별시 동대문구 회기로13길 22 (회기동),근린생활2,제2종근린생활시설,1007114802,지번,1,False
1123010800101020110,서울특별시 동대문구 회기동,서울특별시 동대문구 회기로12길 29 (회기동),근린생활1,제1종근린생활시설,1007125473,지번,2,False
1123010800100600057,서울특별시 동대문구 회기동,서울특별시 동대문구 회기로 129-1 (회기동),근린생활1,제1종근린생활시설,1007129689,지번,1,False
1123010800100600055,서울특별시 동대문구 회기동,서울특별시 동대문구 경희대로1길 15 (회기동),근린생활2,제2종근린생활시설,1007135799,지번,1,False
1123010800101050011,서울특별시 동대문구 회기동,서울특별시 동대문구 회기로 128 (회기동),근린생활1,제1종근린생활시설,1007129812,지번,1,False
1123010800100600084,서울특별시 동대문구 회기동,서울특별시 동대문구 경희대로1길 34 (회기동),근린생활1,제1종근린생활시설,1007122803,지번,1,False
1123010800100770007,서울특별시 동대문구 회기동,서울특별시 동대문구 이문로 17 (회기동),근린생활2,업무시설,10071100250194,지번,1,False
1123010900103120303,서울특별시 동대문구 휘경동,서울특별시 동대문구 망우로10길 41 (휘경동),근린생활2,제2종근린생활시설,1007127367,지번,1,False
1123010900101480050,서울특별시 동대문구 휘경동,서울특별시 동대문구 휘경로 65 (휘경동),근린생활1,제1종근린생활시설,1007114331,지번,1,False
1123010500104830008,서울특별시 동대문구 답십리동,서울특별시 동대문구 황물로3길 6-9 (답십리동),근린생활2,제2종근린생활시설,1007118130,지번,1,False
1123010600100940030,서울특별시 동대문구 장안동,서울특별시 동대문구 사가정로25길 41 (장안동),근린생활2,제2종근린생활시설,1007113097,지번,1,False
1123010500100320005,서울특별시 동대문구 답십리동,서울특별시 동대문구 답십리로48다길 15-6 (답십리동),근린생활1,제1종근린생활시설,1007117767,지번,1,False
1123010600102880020,서울특별시 동대문구 장안동,서울특별시 동대문구 장한로33길 28-15 (장안동),근린생활1,제1종근린생활시설,1007115192,지번,1,False
1123010600100980003,서울특별시 동대문구 장안동,서울특별시 동대문구 사가정로25길 21 (장안동),근린생활1,제1종근린생활시설,1007120052,지번,1,False
1123010600102850001,서울특별시 동대문구 장안동,서울특별시 동대문구 사가정로 229 (장안동),근린생활1,제1종근린생활시설,1007134721,지번,1,False
1123010600100940042,서울특별시 동대문구 장안동,서울특별시 동대문구 사가정로23가길 11 (장안동),근린생활2,제2종근린생활시설,1007115205,지번,1,False
1123010600100940041,서울특별시 동대문구 장안동,서울특별시 동대문구 사가정로25길 29 (장안동),근린생활2,제2종근린생활시설,1007112506,지번,1,False
1123010900100490290,서울특별시 동대문구 휘경동,서울특별시 동대문구 한천로46가길 6 (휘경동),근린생활1,제1종근린생활시설,10071100190237,지번,1,False
1123010600103190009,서울특별시 동대문구 장안동,서울특별시 동대문구 장한로36길 23-47 (장안동),근린생활2,제2종근린생활시설,1007110756,지번,1,False
1123010600103190014,서울특별시 동대문구 장안동,서울특별시 동대문구 장한로36길 23-29 (장안동),근린생활1,제1종근린생활시설,1007128786,지번,1,False
1123010600100920013,서울특별시 동대문구 장안동,서울특별시 동대문구 한천로46길 82-2 (장안동),근린생활1,제1종근린생활시설,1007114834,지번,1,False
1123010800100600093,서울특별시 동대문구 회기동,서울특별시 동대문구 회기로 125 (회기동),근린생활1,제1종근린생활시설,1007132075,지번,1,False
1123010800100420077,서울특별시 동대문구 회기동,서울특별시 동대문구 회기로13길 21 (회기동),근린생활2,제2종근린생활시설,1007116231,지번,1,False
1123010400105680003,서울특별시 동대문구 전농동,서울특별시 동대문구 서울시립대로 94 (전농동),근린생활2,제2종근린생활시설,1007112502,지번,1,False
1123010400106020022,서울특별시 동대문구 전농동,서울특별시 동대문구 왕산로 262 (전농동),근린생활2,제2종근린생활시설,1007119365,지번,1,False
1123010700100380029,서울특별시 동대문구 청량리동,서울특별시 동대문구 왕산로 283 (청량리동),근린생활2,제2종근린생활시설,100716553,지번,1,False
1123010700100380028,서울특별시 동대문구 청량리동,서울특별시 동대문구 제기로 159-1 (청량리동),근린생활1,제1종근린생활시설,1007125539,지번,1,False
1123010800100420020,서울특별시 동대문구 회기동,서울특별시 동대문구 경희대로3길 22 (회기동),근린생활1,제1종근린생활시설,1007130427,지번,1,False
1123010800100600094,서울특별시 동대문구 회기동,서울특별시 동대문구 경희대로1길 27 (회기동),근린생활2,제2종근린생활시설,1007130102,지번,1,False
1123010800101090088,서울특별시 동대문구 회기동,서울특별시 동대문구 경희대로3길 35 (회기동),근린생활2,제2종근린생활시설,1007131007,지번,1,False
1123010800100600083,서울특별시 동대문구 회기동,서울특별시 동대문구 경희대로1길 30 (회기동),근린생활2,제2종근린생활시설,1007134349,지번,1,False
1123010800100600058,서울특별시 동대문구 회기동,서울특별시 동대문구 회기로 129 (회기동),근린생활1,제1종근린생활시설,1007129677,지번,1,False
1123010800100600071,서울특별시 동대문구 회기동,서울특별시 동대문구 회기로13길 19 (회기동),근린생활1,제1종근린생활시설,1007123024,지번,1,False
1123010900100570001,서울특별시 동대문구 휘경동,서울특별시 동대문구 한천로 264 (휘경동),근린생활1,제1종근린생활시설,1007128996,지번,1,False
1123010600101110008,서울특별시 동대문구 장안동,서울특별시 동대문구 한천로 189 (장안동),근린생활2,제2종근린생활시설,1007131163,지번,1,False
1123010400100020042,서울특별시 동대문구 전농동,서울특별시 동대문구 한천로 215 (전농동),근린생활2,제2종근린생활시설,100719441,지번,1,False
1123010600101240013,서울특별시 동대문구 장안동,서울특별시 동대문구 답십리로63길 73 (장안동),근린생활2,제2종근린생활시설,100719855,지번,1,False
1123010400100020040,서울특별시 동대문구 전농동,서울특별시 동대문구 한천로 217 (전농동),근린생활1,제1종근린생활시설,100717946,지번,1,False
1123010600101170001,서울특별시 동대문구 장안동,서울특별시 동대문구 답십리로63길 105 (장안동),근린생활1,제1종근린생활시설,1007119694,지번,1,False
1123010600101170003,서울특별시 동대문구 장안동,서울특별시 동대문구 답십리로63길 103 (장안동),근린생활1,제1종근린생활시설,1007131331,지번,1,False
1123010600100990021,서울특별시 동대문구 장안동,서울특별시 동대문구 사가정로 223 (장안동),근린생활1,제1종근린생활시설,1007112678,지번,1,False
1123010600104850000,서울특별시 동대문구 장안동,서울특별시 동대문구 한천로 162 (장안동),근린생활1,제1종근린생활시설,1007117966,지번,1,False
1123010400100020043,서울특별시 동대문구 전농동,서울특별시 동대문구 한천로 213 (전농동),근린생활2,제2종근린생활시설,100717021,지번,1,False
1123010600103200027,서울특별시 동대문구 장안동,서울특별시 동대문구 장한로28가길 80 (장안동),근린생활1,제1종근린생활시설,1007110386,지번,1,False
1123010600103200019,서울특별시 동대문구 장안동,서울특별시 동대문구 장한로34길 17-23 (장안동),근린생활1,제1종근린생활시설,1007129655,지번,1,False
1123010600103140004,서울특별시 동대문구 장안동,서울특별시 동대문구 사가정로 260 (장안동),근린생활1,제1종근린생활시설,1007110981,지번,1,False
1123010600103140003,서울특별시 동대문구 장안동,서울특별시 동대문구 사가정로 256 (장안동),근린생활1,제1종근린생활시설,100711864,지번,2,False
1123010600103200029,서울특별시 동대문구 장안동,서울특별시 동대문구 장한로34길 17-1 (장안동),근린생활1,제1종근린생활시설,1007122177,지번,1,False
1123010600100920055,서울특별시 동대문구 장안동,서울특별시 동대문구 사가정로25가길 39 (장안동),근린생활1,제1종근린생활시설,1007127242,지번,1,False
1123010600103150016,서울특별시 동대문구 장안동,서울특별시 동대문구 답십리로69길 148 (장안동),근린생활1,제1종근린생활시설,1007118807,지번,1,False
1123010600103150012,서울특별시 동대문구 장안동,서울특별시 동대문구 답십리로69길 152 (장안동),근린생활1,제1종근린생활시설,100717223,지번,1,False
1123010600103260008,서울특별시 동대문구 장안동,서울특별시 동대문구 답십리로69길 87 (장안동),근린생활1,제1종근린생활시설,1007133175,지번,1,False
1123010600100920088,서울특별시 동대문구 장안동,서울특별시 동대문구 사가정로25가길 29 (장안동),근린생활2,제2종근린생활시설,1007118841,지번,1,False
1123010600103130004,서울특별시 동대문구 장안동,서울특별시 동대문구 장한로 198 (장안동),근린생활2,제2종근린생활시설,1007117097,지번,1,False
1123010600103120001,서울특별시 동대문구 장안동,서울특별시 동대문구 장한로 190 (장안동),근린생활2,제2종근린생활시설,1007123134,지번,1,False
1123010600100930102,서울특별시 동대문구 장안동,서울특별시 동대문구 한천로46길 74-2 (장안동),근린생활1,제1종근린생활시설,1007120991,지번,1,False
1123010600103130001,서울특별시 동대문구 장안동,서울특별시 동대문구 장한로28가길 129 (장안동),근린생활2,제2종근린생활시설,1007117013,지번,1,False
1123010700100400007,서울특별시 동대문구 청량리동,서울특별시 동대문구 왕산로 263 (청량리동),근린생활2,제2종근린생활시설,100718356,지번,1,False
1123010700100400002,서울특별시 동대문구 청량리동,서울특별시 동대문구 왕산로 265 (청량리동),근린생활2,제2종근린생활시설,1007117879,지번,1,False
1123010400105580148,서울특별시 동대문구 전농동,서울특별시 동대문구 서울시립대로12길 12 (전농동),근린생활1,제1종근린생활시설,1007117908,지번,1,False
1123010400105580179,서울특별시 동대문구 전농동,서울특별시 동대문구 답십리로23길 87 (전농동),근린생활1,제1종근린생활시설,100718194,지번,1,False
1123010400105660003,서울특별시 동대문구 전농동,서울특별시 동대문구 답십리로23길 71 (전농동),근린생활1,제1종근린생활시설,1007110992,지번,1,False
1123010700100300009,서울특별시 동대문구 청량리동,서울특별시 동대문구 왕산로47길 4 (청량리동),근린생활1,제1종근린생활시설,1007126762,지번,1,False
1123010400106020009,서울특별시 동대문구 전농동,서울특별시 동대문구 왕산로 274-1 (전농동),근린생활2,제2종근린생활시설,1007116295,지번,1,False
1123010800100600053,서울특별시 동대문구 회기동,서울특별시 동대문구 회기로 131-1 (회기동),근린생활1,제1종근린생활시설,1007111903,지번,1,False
1123010400100060000,서울특별시 동대문구 전농동,서울특별시 동대문구 사가정로 190 (전농동),판매시설,판매시설,100715741,지번,18,False
1123010600102880022,서울특별시 동대문구 장안동,서울특별시 동대문구 장한로33길 34-16 (장안동),근린생활1,제1종근린생활시설,1007116745,지번,1,False
1123010600101200003,서울특별시 동대문구 장안동,서울특별시 동대문구 답십리로63길 89 (장안동),근린생활1,제1종근린생활시설,1007120868,지번,1,False
1123010900100490293,서울특별시 동대문구 휘경동,서울특별시 동대문구 한천로 244-11 (휘경동),근린생활1,제1종근린생활시설,1007110017,지번,1,False
1123010600104830000,서울특별시 동대문구 장안동,서울특별시 동대문구 한천로 164 (장안동),근린생활1,제1종근린생활시설,1007129353,지번,1,False
1123010600101200005,서울특별시 동대문구 장안동,서울특별시 동대문구 답십리로63길 85 (장안동),근린생활1,제1종근린생활시설,100719623,지번,1,False
1123010400100020071,서울특별시 동대문구 전농동,서울특별시 동대문구 사가정로21가길 7 (전농동),근린생활2,제2종근린생활시설,1007127007,지번,1,False
1123010600101140020,서울특별시 동대문구 장안동,서울특별시 동대문구 한천로 175 (장안동),근린생활2,제2종근린생활시설,1007118552,지번,1,False
1123010600102870008,서울특별시 동대문구 장안동,서울특별시 동대문구 답십리로65길 120 (장안동),근린생활1,공동주택,10071100214073,지번,2,True
1123010600102870008,서울특별시 동대문구 장안동,서울특별시 동대문구 답십리로65길 120 (장안동),근린생활1,공동주택,10071100214090,지번,2,True
1123010600102860001,서울특별시 동대문구 장안동,서울특별시 동대문구 사가정로 230 (장안동),근린생활1,제1종근린생활시설,1007128822,지번,1,False
1123010600102890026,서울특별시 동대문구 장안동,서울특별시 동대문구 장한로33길 25 (장안동),근린생활1,제1종근린생활시설,1007111809,지번,1,False
1123010600103150022,서울특별시 동대문구 장안동,서울특별시 동대문구 답십리로69가길 5 (장안동),근린생활1,제1종근린생활시설,1007114754,지번,1,False
1123010600103150004,서울특별시 동대문구 장안동,서울특별시 동대문구 사가정로 268 (장안동),근린생활2,제2종근린생활시설,100718177,지번,1,False
1123010600103150010,서울특별시 동대문구 장안동,서울특별시 동대문구 답십리로69가길 9 (장안동),근린생활1,제1종근린생활시설,1007116418,지번,1,False
1123010600103180002,서울특별시 동대문구 장안동,서울특별시 동대문구 장한로36길 23-20 (장안동),근린생활1,제1종근린생활시설,1007110568,지번,1,False
1123010600103150001,서울특별시 동대문구 장안동,서울특별시 동대문구 사가정로 262 (장안동),근린생활2,제2종근린생활시설,1007134531,지번,1,False
1123010600103120003,서울특별시 동대문구 장안동,서울특별시 동대문구 장한로 184 (장안동),근린생활2,제2종근린생활시설,1007115274,지번,1,False
1123010600103120002,서울특별시 동대문구 장안동,서울특별시 동대문구 장한로 188 (장안동),근린생활2,제2종근린생활시설,1007112101,지번,1,False
1123010600103210007,서울특별시 동대문구 장안동,서울특별시 동대문구 장한로28가길 58 (장안동),근린생활1,제1종근린생활시설,100715869,지번,2,False
1123010600103140013,서울특별시 동대문구 장안동,서울특별시 동대문구 장한로28가길 122-13 (장안동),근린생활1,제1종근린생활시설,1007117148,지번,1,False
1123010800100420079,서울특별시 동대문구 회기동,서울특별시 동대문구 회기로13길 25 (회기동),근린생활2,제2종근린생활시설,1007123375,지번,1,False
1123010400106020034,서울특별시 동대문구 전농동,서울특별시 동대문구 왕산로 266-1 (전농동),근린생활1,제1종근린생활시설,100719313,지번,1,False
1123010400106020016,서울특별시 동대문구 전농동,서울특별시 동대문구 왕산로 268 (전농동),근린생활2,제2종근린생활시설,1007130235,지번,1,False
1123010400106020015,서울특별시 동대문구 전농동,서울특별시 동대문구 왕산로 268-1 (전농동),근린생활2,제2종근린생활시설,1007113830,지번,1,False
1123010700100300008,서울특별시 동대문구 청량리동,서울특별시 동대문구 왕산로 267 (청량리동),근린생활1,제1종근린생활시설,1007128859,지번,1,False
1123010400101270359,서울특별시 동대문구 전농동,서울특별시 동대문구 서울시립대로 111 (전농동),근린생활2,공동주택,1000000000000006776872,지번,1,False
1123010400106020012,서울특별시 동대문구 전농동,서울특별시 동대문구 왕산로 272 (전농동),근린생활2,제2종근린생활시설,1007116741,지번,1,False
1123010700100300002,서울특별시 동대문구 청량리동,서울특별시 동대문구 왕산로 271 (청량리동),근린생활1,제1종근린생활시설,1007133061,지번,1,False
1123010800100420016,서울특별시 동대문구 회기동,서울특별시 동대문구 경희대로3길 20 (회기동),근린생활1,제1종근린생활시설,100719065,지번,1,False
1123010600101050012,서울특별시 동대문구 장안동,서울특별시 동대문구 답십리로63길 123 (장안동),근린생활1,제1종근린생활시설,1007113152,지번,1,False
1123010600101050009,서울특별시 동대문구 장안동,서울특별시 동대문구 답십리로63길 127 (장안동),근린생활1,제1종근린생활시설,1007122564,지번,1,False
1123010600101060023,서울특별시 동대문구 장안동,서울특별시 동대문구 한천로 202-1 (장안동),근린생활1,제1종근린생활시설,1007114723,지번,1,False
1123010400100010174,서울특별시 동대문구 전농동,서울특별시 동대문구 한천로 221 (전농동),근린생활2,제2종근린생활시설,1007127596,지번,1,False
1123010600101240009,서울특별시 동대문구 장안동,서울특별시 동대문구 한천로36길 13 (장안동),근린생활1,제1종근린생활시설,1007130225,지번,1,False
1123010600100940003,서울특별시 동대문구 장안동,서울특별시 동대문구 사가정로23가길 7 (장안동),근린생활2,제2종근린생활시설,10071100242073,지번,1,False
1123010600101200011,서울특별시 동대문구 장안동,서울특별시 동대문구 답십리로63길 75 (장안동),근린생활1,제1종근린생활시설,1007136328,지번,1,False
1123010600101070005,서울특별시 동대문구 장안동,서울특별시 동대문구 한천로 195 (장안동),근린생활2,제2종근린생활시설,10071100187146,지번,1,False
1123010800100160091,서울특별시 동대문구 회기동,서울특별시 동대문구 회기로21길 3 (회기동),근린생활2,제2종근린생활시설,1007129918,지번,1,False
1123010400101030278,서울특별시 동대문구 전농동,서울특별시 동대문구 전농로 240 (전농동),근린생활1,제1종근린생활시설,100714339,지번,1,False
1123010600103170003,서울특별시 동대문구 장안동,서울특별시 동대문구 장안벚꽃로3길 34 (장안동),근린생활1,단독주택,10071100234984,지번,1,False
1123010600103170005,서울특별시 동대문구 장안동,서울특별시 동대문구 장안벚꽃로3길 24 (장안동),근린생활1,제1종근린생활시설,1007111766,지번,1,False
1123010600103110001,서울특별시 동대문구 장안동,서울특별시 동대문구 장한로 178 (장안동),근린생활1,제1종근린생활시설,10071100189617,지번,1,False
1123010600103120012,서울특별시 동대문구 장안동,서울특별시 동대문구 장한로 186 (장안동),근린생활2,제2종근린생활시설,100717362,지번,1,False
1123010600100920081,서울특별시 동대문구 장안동,서울특별시 동대문구 사가정로23나길 6 (장안동),근린생활2,제2종근린생활시설,100719188,지번,1,False
1123010600100920085,서울특별시 동대문구 장안동,서울특별시 동대문구 사가정로23나길 2 (장안동),근린생활2,제2종근린생활시설,1007115580,지번,1,False
1123010600100920086,서울특별시 동대문구 장안동,서울특별시 동대문구 사가정로23가길 67 (장안동),근린생활2,제2종근린생활시설,1007112403,지번,1,False
1123010600103210001,서울특별시 동대문구 장안동,서울특별시 동대문구 장한로34길 16 (장안동),근린생활1,제1종근린생활시설,1007122086,지번,1,False
1123010400101270075,서울특별시 동대문구 전농동,서울특별시 동대문구 서울시립대로 117 (전농동),근린생활2,제2종근린생활시설,1007128090,지번,1,False
1123010800101050033,서울특별시 동대문구 회기동,서울특별시 동대문구 회기로 134-1 (회기동),근린생활1,제1종근린생활시설,1007128567,지번,1,False
1123010400101030115,서울특별시 동대문구 전농동,서울특별시 동대문구 전농로37길 24 (전농동),근린생활1,제1종근린생활시설,100718767,지번,1,False
1123010800100600051,서울특별시 동대문구 회기동,서울특별시 동대문구 경희대로1길 13 (회기동),근린생활1,제1종근린생활시설,1007120794,지번,1,False
1123010400100030002,서울특별시 동대문구 전농동,서울특별시 동대문구 사가정로 199-1 (전농동),근린생활1,제1종근린생활시설,1007124332,지번,1,False
1123010800101050031,서울특별시 동대문구 회기동,서울특별시 동대문구 회기로 136 (회기동),근린생활1,제1종근린생활시설,1007129416,지번,1,False
1123010600102870006,서울특별시 동대문구 장안동,서울특별시 동대문구 답십리로65길 110 (장안동),근린생활2,제2종근린생활시설,100717150,지번,1,False
1123010600101050015,서울특별시 동대문구 장안동,서울특별시 동대문구 답십리로63길 113 (장안동),근린생활2,제2종근린생활시설,1007125037,지번,1,False
1123010900100430074,서울특별시 동대문구 휘경동,서울특별시 동대문구 한천로47길 11-3 (휘경동),근린생활2,제2종근린생활시설,1007135009,지번,1,False
1123010900100430240,서울특별시 동대문구 휘경동,서울특별시 동대문구 한천로 271 (휘경동),근린생활2,제2종근린생활시설,1007125040,지번,1,False
1123010400100010168,서울특별시 동대문구 전농동,서울특별시 동대문구 한천로 231 (전농동),근린생활2,제2종근린생활시설,1007135140,지번,1,False
1123010600101070019,서울특별시 동대문구 장안동,서울특별시 동대문구 한천로 205 (장안동),근린생활2,제2종근린생활시설,1007120440,지번,1,False
1123010800100160021,서울특별시 동대문구 회기동,서울특별시 동대문구 회기로21길 14 (회기동),근린생활2,제2종근린생활시설,1007115374,지번,1,False
1123010800103510000,서울특별시 동대문구 회기동,서울특별시 동대문구 회기로26길 15 (회기동),근린생활1,제1종근린생활시설,10071100196240,지번,6,False
1123010800103480005,서울특별시 동대문구 회기동,서울특별시 동대문구 회기로25길 26 (회기동),근린생활2,제2종근린생활시설,1007116214,지번,1,False
1123011000103410061,서울특별시 동대문구 이문동,서울특별시 동대문구 회기로25길 55 (이문동),근린생활2,제2종근린생활시설,1007130959,지번,1,False
1123011000100780042,서울특별시 동대문구 이문동,서울특별시 동대문구 휘경로 35 (이문동),근린생활1,제1종근린생활시설,1007117488,지번,1,False
1123011000100920001,서울특별시 동대문구 이문동,서울특별시 동대문구 한천로 402 (이문동),근린생활1,제1종근린생활시설,1007115795,지번,1,False
1123010900101560001,서울특별시 동대문구 휘경동,,근린생활1,단독주택,1007120406,본번,1,False
1123010900100340057,서울특별시 동대문구 휘경동,서울특별시 동대문구 망우로 116 (휘경동),근린생활1,제1종근린생활시설,1007124575,지번,1,False
1123010900101240008,서울특별시 동대문구 휘경동,서울특별시 동대문구 휘경로 67 (휘경동),근린생활1,제1종근린생활시설,1007134067,지번,1,False
1123011000101170013,서울특별시 동대문구 이문동,서울특별시 동대문구 외대역동로 117 (이문동),근린생활1,제1종근린생활시설,100719022,지번,1,False
1123010900101460114,서울특별시 동대문구 휘경동,서울특별시 동대문구 휘경로14길 7 (휘경동),근린생활2,제2종근린생활시설,1007121782,지번,1,False
1123010900102680003,서울특별시 동대문구 휘경동,서울특별시 동대문구 망우로 62 (휘경동),근린생활1,제1종근린생활시설,1007124493,지번,1,False
1123010600102860011,서울특별시 동대문구 장안동,서울특별시 동대문구 답십리로65길 124-1 (장안동),근린생활1,제1종근린생활시설,1007128568,지번,1,False
1123010600101230001,서울특별시 동대문구 장안동,서울특별시 동대문구 답십리로65길 69 (장안동),근린생활1,제1종근린생활시설,1007110352,지번,1,False
1123010600101040010,서울특별시 동대문구 장안동,서울특별시 동대문구 답십리로65길 109 (장안동),근린생활1,제1종근린생활시설,1007126043,지번,1,False
1123010600101130002,서울특별시 동대문구 장안동,서울특별시 동대문구 한천로 185 (장안동),근린생활1,공동주택,10071100266636,지번,6,True
1123010600101130002,서울특별시 동대문구 장안동,서울특별시 동대문구 한천로 185 (장안동),근린생활1,공동주택,10071100266647,지번,6,True
1123010600101130002,서울특별시 동대문구 장안동,서울특별시 동대문구 한천로 185 (장안동),근린생활1,공동주택,10071100266656,지번,6,True
1123010600101130002,서울특별시 동대문구 장안동,서울특별시 동대문구 한천로 185 (장안동),근린생활1,공동주택,10071100266667,지번,6,True
1123010600101130002,서울특별시 동대문구 장안동,서울특별시 동대문구 한천로 185 (장안동),근린생활1,공동주택,10071100266682,지번,6,True
1123010600101130002,서울특별시 동대문구 장안동,서울특별시 동대문구 한천로 185 (장안동),근린생활1,공동주택,10071100266697,지번,6,True
1123010600102910009,서울특별시 동대문구 장안동,서울특별시 동대문구 답십리로65길 60 (장안동),근린생활1,제1종근린생활시설,1007129463,지번,1,False
1123010600102870001,서울특별시 동대문구 장안동,서울특별시 동대문구 답십리로65길 124 (장안동),근린생활1,제1종근린생활시설,1007122849,지번,1,False
1123010600101020007,서울특별시 동대문구 장안동,서울특별시 동대문구 답십리로65길 121 (장안동),근린생활1,제1종근린생활시설,1007114316,지번,1,False
1123010900103120115,서울특별시 동대문구 휘경동,서울특별시 동대문구 망우로8길 15 (휘경동),근린생활2,제2종근린생활시설,10071100187347,지번,1,False
1123011000100980007,서울특별시 동대문구 이문동,서울특별시 동대문구 한천로 422 (이문동),근린생활1,제1종근린생활시설,1007135839,지번,1,False
1123011000103380011,서울특별시 동대문구 이문동,서울특별시 동대문구 이문로 64 (이문동),근린생활1,제1종근린생활시설,100717467,지번,1,False
1123010400106020021,서울특별시 동대문구 전농동,서울특별시 동대문구 왕산로 262-1 (전농동),근린생활1,제1종근린생활시설,1007134160,지번,1,False
1123010400102950389,서울특별시 동대문구 전농동,서울특별시 동대문구 사가정로 92 (전농동),근린생활1,제1종근린생활시설,1007121758,지번,1,False
1123010400100260013,서울특별시 동대문구 전농동,서울특별시 동대문구 전농로 124 (전농동),근린생활2,제2종근린생활시설,1007123018,지번,1,False
1123010400102950009,서울특별시 동대문구 전농동,서울특별시 동대문구 사가정로 93 (전농동),근린생활2,제2종근린생활시설,1007120424,지번,1,False
1123010400102950310,서울특별시 동대문구 전농동,서울특별시 동대문구 전농로15길 27 (전농동),근린생활1,제1종근린생활시설,1007133227,지번,1,False
1123010400101410181,서울특별시 동대문구 전농동,서울특별시 동대문구 전농로23길 5 (전농동),근린생활1,제1종근린생활시설,100715128,지번,2,False
1123010400100590011,서울특별시 동대문구 전농동,서울특별시 동대문구 사가정로13길 58-3 (전농동),근린생활2,제2종근린생활시설,1007117740,지번,1,False
1123010400102950306,서울특별시 동대문구 전농동,서울특별시 동대문구 사가정로13길 7 (전농동),근린생활1,제1종근린생활시설,1007119741,지번,1,False
1123010400100360006,서울특별시 동대문구 전농동,서울특별시 동대문구 전농로16길 26 (전농동),근린생활2,제2종근린생활시설,1007120855,지번,1,False
1123010400100350003,서울특별시 동대문구 전농동,서울특별시 동대문구 사가정로 119 (전농동),근린생활1,제1종근린생활시설,1007128543,지번,1,False
1123010400106020017,서울특별시 동대문구 전농동,서울특별시 동대문구 왕산로 266-2 (전농동),근린생활1,제1종근린생활시설,1007120147,지번,1,False
1123010400106020014,서울특별시 동대문구 전농동,서울특별시 동대문구 왕산로 270 (전농동),근린생활1,제1종근린생활시설,1007128749,지번,1,False
1123010600101250016,서울특별시 동대문구 장안동,서울특별시 동대문구 한천로36길 3 (장안동),근린생활1,제1종근린생활시설,1007119459,지번,1,False
1123010600101180042,서울특별시 동대문구 장안동,서울특별시 동대문구 한천로 178 (장안동),근린생활2,제2종근린생활시설,1007118083,지번,1,False
1123010400100010109,서울특별시 동대문구 전농동,서울특별시 동대문구 한천로33길 31 (전농동),근린생활2,제2종근린생활시설,1007111220,지번,1,False
1123010600101130017,서울특별시 동대문구 장안동,서울특별시 동대문구 한천로33길 38 (장안동),근린생활1,제1종근린생활시설,1007114380,지번,1,False
1123010400100020001,서울특별시 동대문구 전농동,서울특별시 동대문구 한천로43길 3 (전농동),근린생활1,제1종근린생활시설,1007112262,지번,1,False
1123010400100030006,서울특별시 동대문구 전농동,서울특별시 동대문구 한천로39길 24 (전농동),근린생활1,제1종근린생활시설,1007131238,지번,1,False
1123010600102880012,서울특별시 동대문구 장안동,서울특별시 동대문구 장한로33길 30 (장안동),근린생활1,공동주택,10071100231132,지번,1,False
1123010600102880036,서울특별시 동대문구 장안동,서울특별시 동대문구 답십리로65길 100 (장안동),근린생활1,제1종근린생활시설,100718666,지번,1,False
1123010600102880035,서울특별시 동대문구 장안동,서울특별시 동대문구 답십리로65길 104 (장안동),근린생활1,제1종근린생활시설,1007110249,지번,1,False
1123011000102870044,서울특별시 동대문구 이문동,서울특별시 동대문구 이문로28길 8 (이문동),근린생활2,제2종근린생활시설,1007115449,지번,1,False
1123010900102810010,서울특별시 동대문구 휘경동,서울특별시 동대문구 망우로12길 5 (휘경동),근린생활2,제2종근린생활시설,1007132304,지번,1,False
1123010400102950024,서울특별시 동대문구 전농동,서울특별시 동대문구 사가정로 105 (전농동),근린생활1,제1종근린생활시설,1007134109,지번,1,False
1123010800100450089,서울특별시 동대문구 회기동,서울특별시 동대문구 회기로23길 7 (회기동),근린생활2,제2종근린생활시설,1007133902,지번,1,False
1123011000103050069,서울특별시 동대문구 이문동,서울특별시 동대문구 휘경로2길 5-11 (이문동),근린생활2,제2종근린생활시설,1007113216,지번,1,False
1123010900103190032,서울특별시 동대문구 휘경동,서울특별시 동대문구 회기로28길 11 (휘경동),근린생활1,제1종근린생활시설,100713210,지번,2,False
1123010800100450124,서울특별시 동대문구 회기동,서울특별시 동대문구 회기로 151-1 (회기동),근린생활2,제2종근린생활시설,1000000000000002982817,지번,1,False
1123010800100610003,서울특별시 동대문구 회기동,서울특별시 동대문구 회기로 162 (회기동),근린생활2,제2종근린생활시설,1007134233,지번,1,False
1123010900103210027,서울특별시 동대문구 휘경동,서울특별시 동대문구 이문로 34-1 (휘경동),근린생활2,제2종근린생활시설,1007136809,지번,1,False
1123010900101630018,서울특별시 동대문구 휘경동,서울특별시 동대문구 휘경로 30 (휘경동),근린생활1,제1종근린생활시설,1007123604,지번,1,False
1123010800100770008,서울특별시 동대문구 회기동,서울특별시 동대문구 이문로 23-1 (회기동),근린생활1,제2종근린생활시설,10071100210553,지번,1,False
1123010400100350005,서울특별시 동대문구 전농동,서울특별시 동대문구 사가정로13길 4 (전농동),근린생활1,제1종근린생활시설,100719329,지번,1,False
1123010400102950495,서울특별시 동대문구 전농동,서울특별시 동대문구 사가정로 98 (전농동),근린생활1,제1종근린생활시설,1007135233,지번,1,False
1123010600101160006,서울특별시 동대문구 장안동,서울특별시 동대문구 답십리로65길 93 (장안동),근린생활1,제1종근린생활시설,1007127981,지번,1,False
1123010600101040007,서울특별시 동대문구 장안동,서울특별시 동대문구 답십리로65길 115 (장안동),근린생활1,제1종근린생활시설,100717838,지번,1,False
1123010600101040006,서울특별시 동대문구 장안동,서울특별시 동대문구 답십리로65길 117 (장안동),근린생활1,제1종근린생활시설,1007121963,지번,1,False
1123010900103120121,서울특별시 동대문구 휘경동,서울특별시 동대문구 전농로38길 102 (휘경동),근린생활2,제2종근린생활시설,10071100189637,지번,1,False
1123011000103380003,서울특별시 동대문구 이문동,서울특별시 동대문구 이문로 66 (이문동),근린생활1,제1종근린생활시설,1007120014,지번,1,False
1123011000102870036,서울특별시 동대문구 이문동,서울특별시 동대문구 이문로 96-1 (이문동),근린생활1,제1종근린생활시설,1007126873,지번,1,False
1123011000103050071,서울특별시 동대문구 이문동,서울특별시 동대문구 휘경로2길 5-7 (이문동),근린생활1,제1종근린생활시설,100717271,지번,1,False
1123011000103160002,서울특별시 동대문구 이문동,서울특별시 동대문구 휘경로2길 19 (이문동),근린생활1,제1종근린생활시설,1007113515,지번,1,False
1123011000102880045,서울특별시 동대문구 이문동,서울특별시 동대문구 휘경로 6-9 (이문동),근린생활1,제1종근린생활시설,1007126156,지번,1,False
1123011000103050152,서울특별시 동대문구 이문동,서울특별시 동대문구 휘경로 17 (이문동),근린생활1,제1종근린생활시설,1007136424,지번,1,False
1123010900103730000,서울특별시 동대문구 휘경동,서울특별시 동대문구 외대역동로6길 3 (휘경동),근린생활1,제1종근린생활시설,1007113030,지번,1,False
1123011000101200020,서울특별시 동대문구 이문동,서울특별시 동대문구 외대역동로 104 (이문동),근린생활1,제1종근린생활시설,1007122963,지번,1,False
1123010900101620011,서울특별시 동대문구 휘경동,서울특별시 동대문구 휘경로14길 19 (휘경동),근린생활2,제2종근린생활시설,1007125253,지번,1,False
1123010900101120049,서울특별시 동대문구 휘경동,서울특별시 동대문구 망우로 131 (휘경동),근린생활1,제1종근린생활시설,1007117532,지번,1,False
1123010900101180001,서울특별시 동대문구 휘경동,서울특별시 동대문구 외대역동로14길 48 (휘경동),근린생활2,제2종근린생활시설,1007116636,지번,1,False
1123011000103050008,서울특별시 동대문구 이문동,서울특별시 동대문구 휘경로 22 (이문동),근린생활1,제1종근린생활시설,1007130316,지번,1,False
1123010900100750006,서울특별시 동대문구 휘경동,서울특별시 동대문구 망우로 109 (휘경동),근린생활1,업무시설,1000000000000002982169,지번,1,False
1123010400101030285,서울특별시 동대문구 전농동,서울특별시 동대문구 전농로 239 (전농동),근린생활1,제1종근린생활시설,1007122179,지번,1,False
1123010700100180019,서울특별시 동대문구 청량리동,서울특별시 동대문구 왕산로 291-1 (청량리동),근린생활1,제1종근린생활시설,10071100191203,지번,1,False
1123010900100770009,서울특별시 동대문구 휘경동,서울특별시 동대문구 망우로 93 (휘경동),근린생활2,제2종근린생활시설,1007134686,지번,1,False
1123010700100360016,서울특별시 동대문구 청량리동,서울특별시 동대문구 제기로38길 10 (청량리동),근린생활1,제1종근린생활시설,1007121330,지번,1,False
1123010400102060111,서울특별시 동대문구 전농동,서울특별시 동대문구 전농로23길 60 (전농동),근린생활2,제2종근린생활시설,1007114977,지번,1,False
1123010400101290059,서울특별시 동대문구 전농동,서울특별시 동대문구 서울시립대로 134-4 (전농동),근린생활1,제1종근린생활시설,1007111257,지번,1,False
1123010600101030001,서울특별시 동대문구 장안동,서울특별시 동대문구 사가정로 222 (장안동),근린생활1,제1종근린생활시설,1007124921,지번,1,False
1123010600101180005,서울특별시 동대문구 장안동,서울특별시 동대문구 한천로38나길 30 (장안동),근린생활1,제1종근린생활시설,1007116139,지번,1,False
1123010600101170005,서울특별시 동대문구 장안동,서울특별시 동대문구 답십리로63길 97 (장안동),근린생활1,제1종근린생활시설,100717927,지번,1,False
1123010600101180015,서울특별시 동대문구 장안동,서울특별시 동대문구 한천로38나길 29 (장안동),근린생활1,제1종근린생활시설,1007119331,지번,1,False
1123010600101250005,서울특별시 동대문구 장안동,서울특별시 동대문구 한천로36길 7 (장안동),근린생활1,제1종근린생활시설,1007122751,지번,1,False
1123010600101250003,서울특별시 동대문구 장안동,서울특별시 동대문구 한천로36길 11 (장안동),근린생활1,제1종근린생활시설,1007135536,지번,1,False
1123010600101080006,서울특별시 동대문구 장안동,서울특별시 동대문구 한천로 196 (장안동),근린생활1,제1종근린생활시설,1007133269,지번,1,False
1123010600101090019,서울특별시 동대문구 장안동,서울특별시 동대문구 한천로40길 7 (장안동),근린생활1,제1종근린생활시설,1007136450,지번,1,False
1123010600101000005,서울특별시 동대문구 장안동,서울특별시 동대문구 사가정로27길 29-2 (장안동),근린생활2,제2종근린생활시설,1007126813,지번,1,False
1123010600100980010,서울특별시 동대문구 장안동,서울특별시 동대문구 사가정로27길 24 (장안동),근린생활1,제1종근린생활시설,1007123824,지번,1,False
1123010600100980007,서울특별시 동대문구 장안동,서울특별시 동대문구 사가정로25길 15 (장안동),근린생활1,제1종근린생활시설,1007130659,지번,1,False
1123010900102930062,서울특별시 동대문구 휘경동,서울특별시 동대문구 망우로14가길 29-34 (휘경동),근린생활2,제2종근린생활시설,10071100189059,지번,1,False
1123010400102950408,서울특별시 동대문구 전농동,서울특별시 동대문구 사가정로 106 (전농동),근린생활1,제1종근린생활시설,1007128011,지번,1,False
1123010400102950089,서울특별시 동대문구 전농동,서울특별시 동대문구 사가정로 97 (전농동),근린생활1,제1종근린생활시설,1007120144,지번,1,False
1123010400100600082,서울특별시 동대문구 전농동,서울특별시 동대문구 전농로17길 3 (전농동),근린생활1,제1종근린생활시설,1007112062,지번,1,False
1123010400106010002,서울특별시 동대문구 전농동,서울특별시 동대문구 왕산로 288 (전농동),근린생활1,업무시설,10071100232372,지번,1,False
1123010400100550062,서울특별시 동대문구 전농동,서울특별시 동대문구 사가정로13가길 3 (전농동),근린생활1,제1종근린생활시설,1007117645,지번,1,False
1123010900102810019,서울특별시 동대문구 휘경동,서울특별시 동대문구 망우로12가길 2 (휘경동),근린생활1,제1종근린생활시설,1007136828,지번,1,False
1123010900102560000,서울특별시 동대문구 휘경동,서울특별시 동대문구 망우로21길 24 (휘경동),근린생활2,제2종근린생활시설,1007117742,지번,1,False
1123010900102540000,서울특별시 동대문구 휘경동,서울특별시 동대문구 망우로21길 16 (휘경동),근린생활2,제2종근린생활시설,100718203,지번,1,False
1123011000103270007,서울특별시 동대문구 이문동,서울특별시 동대문구 이문로 89 (이문동),근린생활2,공동주택,10071100254955,지번,1,False
1123010400101300130,서울특별시 동대문구 전농동,서울특별시 동대문구 서울시립대로28길 39 (전농동),근린생활1,제1종근린생활시설,100719404,지번,1,False
1123010400106010004,서울특별시 동대문구 전농동,서울특별시 동대문구 왕산로 286 (전농동),근린생활1,제1종근린생활시설,1007110497,지번,1,False
1123010400101240012,서울특별시 동대문구 전농동,서울특별시 동대문구 전농로 211 (전농동),근린생활2,제2종근린생활시설,1007129944,지번,1,False
1123010900100490077,서울특별시 동대문구 휘경동,서울특별시 동대문구 한천로46길 13 (휘경동),근린생활2,단독주택,10071100267595,지번,1,False
1123010900100350005,서울특별시 동대문구 휘경동,,근린생활2,제2종근린생활시설,10071100185014,지번,1,False
1123010800101070016,서울특별시 동대문구 회기동,서울특별시 동대문구 회기로13길 18 (회기동),근린생활1,제1종근린생활시설,1007134501,지번,1,False
1123010400101970007,서울특별시 동대문구 전농동,서울특별시 동대문구 전농로23길 8 (전농동),근린생활2,제2종근린생활시설,1007113965,지번,1,False
1123010800100030012,서울특별시 동대문구 회기동,서울특별시 동대문구 회기로23가길 12 (회기동),근린생활1,제1종근린생활시설,100718198,지번,1,False
1123010600100940011,서울특별시 동대문구 장안동,서울특별시 동대문구 사가정로23길 32 (장안동),근린생활1,공동주택,10071100205897,지번,1,False
1123010600102890018,서울특별시 동대문구 장안동,서울특별시 동대문구 답십리로65길 70 (장안동),근린생활1,제1종근린생활시설,1007132129,지번,1,False
1123010600102890010,서울특별시 동대문구 장안동,서울특별시 동대문구 장한로33길 33 (장안동),근린생활2,제2종근린생활시설,1007115375,지번,1,False
1123010600101170012,서울특별시 동대문구 장안동,서울특별시 동대문구 한천로38다길 30 (장안동),근린생활1,제1종근린생활시설,100718017,지번,1,False
1123010600101180038,서울특별시 동대문구 장안동,서울특별시 동대문구 한천로 186 (장안동),근린생활1,제1종근린생활시설,1007111950,지번,1,False
1123010600100960001,서울특별시 동대문구 장안동,서울특별시 동대문구 사가정로23길 23-2 (장안동),근린생활1,제1종근린생활시설,1007129133,지번,1,False
1123010600102890013,서울특별시 동대문구 장안동,서울특별시 동대문구 답십리로65길 80 (장안동),근린생활1,제1종근린생활시설,100717249,지번,1,False
1123010600102880034,서울특별시 동대문구 장안동,서울특별시 동대문구 답십리로65길 106 (장안동),근린생활1,제1종근린생활시설,1007124438,지번,1,False
1123010900102690020,서울특별시 동대문구 휘경동,서울특별시 동대문구 망우로 76 (휘경동),근린생활1,제1종근린생활시설,1007127112,지번,1,False
1123011000103050002,서울특별시 동대문구 이문동,서울특별시 동대문구 휘경로 13 (이문동),근린생활1,제1종근린생활시설,10071100265995,지번,1,False
1123011000103040030,서울특별시 동대문구 이문동,서울특별시 동대문구 휘경로7길 7 (이문동),근린생활1,제1종근린생활시설,1007124282,지번,1,False
1123010900101190015,서울특별시 동대문구 휘경동,서울특별시 동대문구 휘경로 78 (휘경동),근린생활1,제1종근린생활시설,1007118745,지번,1,False
1123010900101630008,서울특별시 동대문구 휘경동,서울특별시 동대문구 휘경로14길 11 (휘경동),근린생활2,제2종근린생활시설,1007129413,지번,1,False
1123011000103040031,서울특별시 동대문구 이문동,서울특별시 동대문구 휘경로7길 9 (이문동),근린생활2,제2종근린생활시설,1007122991,지번,1,False
1123010600103820003,서울특별시 동대문구 장안동,서울특별시 동대문구 장한로21길 19-9 (장안동),근린생활1,공동주택,10071100231333,지번,1,False
1123010600104530015,서울특별시 동대문구 장안동,서울특별시 동대문구 천호대로91길 28 (장안동),근린생활1,제1종근린생활시설,100718069,지번,1,False
1123010600104540005,서울특별시 동대문구 장안동,서울특별시 동대문구 천호대로93길 30 (장안동),근린생활2,제2종근린생활시설,1007132616,지번,1,False
1123010600101310004,서울특별시 동대문구 장안동,서울특별시 동대문구 답십리로63길 48 (장안동),근린생활1,제1종근린생활시설,100717593,지번,1,False
1123010600104450015,서울특별시 동대문구 장안동,서울특별시 동대문구 천호대로87길 66 (장안동),근린생활2,제2종근린생활시설,1007122215,지번,1,False
1123010600103840003,서울특별시 동대문구 장안동,서울특별시 동대문구 장한로23길 11-8 (장안동),근린생활1,제2종근린생활시설,1007111372,지번,1,False
1123010600104570011,서울특별시 동대문구 장안동,서울특별시 동대문구 천호대로93길 5 (장안동),근린생활1,제1종근린생활시설,100718931,지번,1,False
1123010600103870002,서울특별시 동대문구 장안동,서울특별시 동대문구 답십리로 260 (장안동),근린생활2,제2종근린생활시설,100718475,지번,1,False
1123010600103820009,서울특별시 동대문구 장안동,서울특별시 동대문구 답십리로68길 69 (장안동),근린생활2,제2종근린생활시설,100719406,지번,1,False
1123010600103820022,서울특별시 동대문구 장안동,서울특별시 동대문구 장한로21길 19-14 (장안동),근린생활2,제2종근린생활시설,1007113392,지번,1,False
1123010600103820011,서울특별시 동대문구 장안동,서울특별시 동대문구 답십리로68길 63 (장안동),근린생활1,제1종근린생활시설,1007119243,지번,1,False
1123010600103600003,서울특별시 동대문구 장안동,서울특별시 동대문구 장한로12길 21 (장안동),근린생활1,제1종근린생활시설,1007119374,지번,1,False
1123010600104380004,서울특별시 동대문구 장안동,서울특별시 동대문구 장한로12길 48 (장안동),근린생활2,제2종근린생활시설,1007135083,지번,1,False
1123010600104380017,서울특별시 동대문구 장안동,서울특별시 동대문구 장한로10길 41 (장안동),근린생활1,제1종근린생활시설,100715888,지번,2,False
1123010600104370001,서울특별시 동대문구 장안동,서울특별시 동대문구 장한로12길 18 (장안동),근린생활1,제1종근린생활시설,1007115178,지번,1,False
1123010600103870006,서울특별시 동대문구 장안동,서울특별시 동대문구 장한로25길 34 (장안동),근린생활2,제2종근린생활시설,1007117295,지번,1,False
1123010600104380012,서울특별시 동대문구 장안동,서울특별시 동대문구 장한로10길 31 (장안동),근린생활1,제1종근린생활시설,1007133670,지번,1,False
1123010600102950009,서울특별시 동대문구 장안동,서울특별시 동대문구 답십리로 271-3 (장안동),근린생활2,제2종근린생활시설,1007116172,지번,1,False
1123010600102950004,서울특별시 동대문구 장안동,서울특별시 동대문구 장한로27길 21 (장안동),근린생활1,제1종근린생활시설,100718800,지번,1,False
1123010600104550011,서울특별시 동대문구 장안동,서울특별시 동대문구 천호대로97길 21 (장안동),근린생활2,제2종근린생활시설,100718268,지번,1,False
1123010600103700004,서울특별시 동대문구 장안동,서울특별시 동대문구 답십리로 272-6 (장안동),근린생활1,제1종근린생활시설,1007129236,지번,1,False
1123010600103700003,서울특별시 동대문구 장안동,서울특별시 동대문구 답십리로 272 (장안동),근린생활2,제2종근린생활시설,1007122386,지번,1,False
1123010600104520001,서울특별시 동대문구 장안동,서울특별시 동대문구 천호대로89길 38 (장안동),근린생활2,제2종근린생활시설,1007135736,지번,1,False
1123010600104530010,서울특별시 동대문구 장안동,서울특별시 동대문구 장한로6길 57 (장안동),근린생활1,제1종근린생활시설,1007113878,지번,1,False
1123010600104570007,서울특별시 동대문구 장안동,서울특별시 동대문구 장한로2길 85 (장안동),근린생활1,제1종근린생활시설,1007130868,지번,1,False
1123010600103890012,서울특별시 동대문구 장안동,서울특별시 동대문구 장한로25길 47 (장안동),근린생활2,공동주택,10071100259955,지번,1,False
1123010600103730008,서울특별시 동대문구 장안동,서울특별시 동대문구 장한로21길 9 (장안동),근린생활1,제1종근린생활시설,1007127004,지번,1,False
1123010600103910016,서울특별시 동대문구 장안동,서울특별시 동대문구 한천로26길 50 (장안동),근린생활1,제1종근린생활시설,1007127280,지번,1,False
1123010600103820023,서울특별시 동대문구 장안동,서울특별시 동대문구 장한로21길 11-8 (장안동),근린생활2,제1종근린생활시설,100714012,지번,3,False
1123010600103820023,서울특별시 동대문구 장안동,서울특별시 동대문구 장한로21길 11-4 (장안동),근린생활2,제2종근린생활시설,100714014,지번,3,False
1123010600104370003,서울특별시 동대문구 장안동,서울특별시 동대문구 장한로10길 25-3 (장안동),근린생활2,제2종근린생활시설,10071100188156,지번,1,False
1123010600104570004,서울특별시 동대문구 장안동,서울특별시 동대문구 장한로6길 74 (장안동),근린생활1,제1종근린생활시설,100712687,지번,2,False
1123010600104570004,서울특별시 동대문구 장안동,서울특별시 동대문구 장한로2길 75 (장안동),근린생활1,제1종근린생활시설,100712688,지번,2,False
1123010600103730003,서울특별시 동대문구 장안동,서울특별시 동대문구 장한로 91 (장안동),근린생활2,업무시설,10071100216913,지번,1,False
1123010600103620001,서울특별시 동대문구 장안동,서울특별시 동대문구 장한로 68 (장안동),근린생활2,업무시설,10071100236172,지번,1,False
1123010600103470002,서울특별시 동대문구 장안동,서울특별시 동대문구 장한로20길 18 (장안동),근린생활1,제1종근린생활시설,1007119697,지번,1,False
1123010600103460008,서울특별시 동대문구 장안동,서울특별시 동대문구 장한로22길 20-26 (장안동),근린생활2,제2종근린생활시설,1007117403,지번,1,False
1123010600103460006,서울특별시 동대문구 장안동,서울특별시 동대문구 장한로26가길 73 (장안동),근린생활1,제1종근린생활시설,1007128172,지번,1,False
1123010600103590019,서울특별시 동대문구 장안동,서울특별시 동대문구 장한로12길 49 (장안동),근린생활2,제2종근린생활시설,100717476,지번,1,False
1123010600103820016,서울특별시 동대문구 장안동,서울특별시 동대문구 장한로21길 23 (장안동),근린생활1,제1종근린생활시설,1007132449,지번,1,False
1123010600103640010,서울특별시 동대문구 장안동,서울특별시 동대문구 장한로26가길 88 (장안동),근린생활1,업무시설,10071100238792,지번,1,False
1123010600103510009,서울특별시 동대문구 장안동,서울특별시 동대문구 장한로26가길 113 (장안동),근린생활1,제1종근린생활시설,1007111376,지번,1,False
1123010600103620011,서울특별시 동대문구 장안동,서울특별시 동대문구 장한로18길 26-20 (장안동),근린생활2,제2종근린생활시설,1007134499,지번,1,False
1123010600103600006,서울특별시 동대문구 장안동,서울특별시 동대문구 천호대로85길 100 (장안동),근린생활1,제1종근린생활시설,1007115491,지번,1,False
1123010600103600009,서울특별시 동대문구 장안동,서울특별시 동대문구 장한로12길 19 (장안동),근린생활1,제1종근린생활시설,1007125727,지번,1,False
1123010600104570012,서울특별시 동대문구 장안동,서울특별시 동대문구 장한로2길 67 (장안동),근린생활1,제1종근린생활시설,100719669,지번,1,False
1123010600103870007,서울특별시 동대문구 장안동,서울특별시 동대문구 장한로25길 40 (장안동),근린생활2,제2종근린생활시설,1007128325,지번,1,False
1123010600104120005,서울특별시 동대문구 장안동,서울특별시 동대문구 한천로2길 13 (장안동),근린생활1,제1종근린생활시설,1007125250,지번,1,False
1123010600103630008,서울특별시 동대문구 장안동,서울특별시 동대문구 장한로 72 (장안동),근린생활1,제1종근린생활시설,1007120660,지번,1,False
1123010600103470009,서울특별시 동대문구 장안동,서울특별시 동대문구 장한로18길 19 (장안동),근린생활1,제1종근린생활시설,1007128526,지번,1,False
1123010600103910037,서울특별시 동대문구 장안동,서울특별시 동대문구 답십리로68길 62 (장안동),근린생활1,제1종근린생활시설,100712006,지번,2,False
1123010600104380006,서울특별시 동대문구 장안동,서울특별시 동대문구 장한로10길 51 (장안동),근린생활1,공동주택,10071100262875,지번,1,False
1123010600104570015,서울특별시 동대문구 장안동,서울특별시 동대문구 천호대로93길 6 (장안동),근린생활1,제1종근린생활시설,1007134805,지번,1,False
1123010600103700012,서울특별시 동대문구 장안동,서울특별시 동대문구 장한로25길 20 (장안동),근린생활1,제1종근린생활시설,1007134588,지번,1,False
1123010600103740002,서울특별시 동대문구 장안동,서울특별시 동대문구 장한로 79 (장안동),근린생활2,제2종근린생활시설,100718811,지번,1,False
1123010600103830002,서울특별시 동대문구 장안동,서울특별시 동대문구 장한로21길 24 (장안동),근린생활1,제1종근린생활시설,1007121084,지번,1,False
1123010600103820012,서울특별시 동대문구 장안동,서울특별시 동대문구 답십리로68길 61 (장안동),근린생활1,제1종근린생활시설,1007125199,지번,1,False
1123010600103630013,서울특별시 동대문구 장안동,서울특별시 동대문구 장한로18길 6 (장안동),근린생활1,제1종근린생활시설,100712409,지번,2,False
1123010600103590002,서울특별시 동대문구 장안동,서울특별시 동대문구 장한로14길 30 (장안동),근린생활1,공동주택,1000000000000001069830,지번,1,False
1123010600104370006,서울특별시 동대문구 장안동,서울특별시 동대문구 장한로10길 15 (장안동),근린생활1,제1종근린생활시설,1007123268,지번,1,False
1123010600104130006,서울특별시 동대문구 장안동,서울특별시 동대문구 천호대로 353 (장안동),근린생활2,제2종근린생활시설,10071100188237,지번,3,False
1123010600104130006,서울특별시 동대문구 장안동,서울특별시 동대문구 천호대로 353 (장안동),근린생활2,제2종근린생활시설,1007126333,지번,3,False
1123010600104120006,서울특별시 동대문구 장안동,서울특별시 동대문구 한천로2길 5 (장안동),근린생활1,제2종근린생활시설,10071100265275,지번,1,False
1123010600104390001,서울특별시 동대문구 장안동,서울특별시 동대문구 장한로12길 62 (장안동),근린생활2,제2종근린생활시설,1007120294,지번,1,False
1123010600104550013,서울특별시 동대문구 장안동,서울특별시 동대문구 천호대로97길 27 (장안동),근린생활2,공동주택,1000000000000000113446,지번,1,False
1123010600104460014,서울특별시 동대문구 장안동,서울특별시 동대문구 천호대로87길 49 (장안동),근린생활1,제1종근린생활시설,1007134535,지번,1,False
1123010600104440003,서울특별시 동대문구 장안동,서울특별시 동대문구 천호대로91길 55 (장안동),근린생활1,제1종근린생활시설,1007134786,지번,1,False
1123010600104440012,서울특별시 동대문구 장안동,서울특별시 동대문구 천호대로89길 46 (장안동),근린생활1,제1종근린생활시설,1007121320,지번,1,False
1123010600104430013,서울특별시 동대문구 장안동,서울특별시 동대문구 천호대로93길 41 (장안동),근린생활1,제1종근린생활시설,1007124790,지번,1,False
1123010600104530001,서울특별시 동대문구 장안동,서울특별시 동대문구 천호대로91길 38 (장안동),근린생활1,제1종근린생활시설,1007115776,지번,1,False
1123010600104570003,서울특별시 동대문구 장안동,서울특별시 동대문구 천호대로93길 7 (장안동),근린생활1,공동주택,1000000000000000413300,지번,1,False
1123010600104370007,서울특별시 동대문구 장안동,서울특별시 동대문구 장한로10길 23 (장안동),근린생활1,제1종근린생활시설,100718291,지번,1,False
1123010600104540009,서울특별시 동대문구 장안동,서울특별시 동대문구 장한로6길 73 (장안동),근린생활1,제1종근린생활시설,1007119857,지번,1,False
1123010600103510003,서울특별시 동대문구 장안동,서울특별시 동대문구 장한로18길 26-4 (장안동),근린생활1,제1종근린생활시설,1007121596,지번,1,False
1123010600103630006,서울특별시 동대문구 장안동,서울특별시 동대문구 장한로26가길 118 (장안동),근린생활1,제1종근린생활시설,100718916,지번,1,False
1123010600104370004,서울특별시 동대문구 장안동,서울특별시 동대문구 장한로10길 17 (장안동),근린생활1,제1종근린생활시설,100714152,지번,2,False
1123010600104370004,서울특별시 동대문구 장안동,서울특별시 동대문구 장한로10길 17 (장안동),근린생활1,제1종근린생활시설,100714153,지번,2,False
1123010600104570014,서울특별시 동대문구 장안동,서울특별시 동대문구 천호대로93길 8 (장안동),근린생활1,제1종근린생활시설,1007114894,지번,1,False
1123010600103640005,서울특별시 동대문구 장안동,서울특별시 동대문구 장한로 80 (장안동),근린생활2,업무시설,10071100258635,지번,1,False
1123010600104050004,서울특별시 동대문구 장안동,서울특별시 동대문구 천호대로79길 39 (장안동),근린생활2,제2종근린생활시설,1007120735,지번,1,False
1123010600104200003,서울특별시 동대문구 장안동,서울특별시 동대문구 천호대로81길 23 (장안동),근린생활1,공동주택,10071100218192,지번,1,False
1123010600103730009,서울특별시 동대문구 장안동,서울특별시 동대문구 장한로21길 11-3 (장안동),근린생활2,제2종근린생활시설,100711880,지번,2,False
1123010600103910007,서울특별시 동대문구 장안동,서울특별시 동대문구 한천로26길 54-2 (장안동),근린생활1,공동주택,1000000000000000179039,지번,1,False
1123010600103830009,서울특별시 동대문구 장안동,서울특별시 동대문구 장한로21길 22 (장안동),근린생활2,제2종근린생활시설,100717054,지번,1,False
1123010600103830003,서울특별시 동대문구 장안동,서울특별시 동대문구 장한로21길 16 (장안동),근린생활1,제1종근린생활시설,100712897,지번,2,False
1123010600103820010,서울특별시 동대문구 장안동,서울특별시 동대문구 답십리로68길 67 (장안동),근린생활2,제2종근린생활시설,1007132115,지번,1,False
1123010600103640007,서울특별시 동대문구 장안동,서울특별시 동대문구 장한로26가길 90 (장안동),근린생활1,공동주택,10071100241232,지번,1,False
1123010600103600001,서울특별시 동대문구 장안동,서울특별시 동대문구 천호대로85길 102 (장안동),근린생활1,제1종근린생활시설,1007130107,지번,1,False
1123010600103600008,서울특별시 동대문구 장안동,서울특별시 동대문구 장한로12길 15 (장안동),근린생활1,제1종근린생활시설,1007136948,지번,1,False
1123010600104430004,서울특별시 동대문구 장안동,서울특별시 동대문구 천호대로91길 42 (장안동),근린생활2,제2종근린생활시설,1007124685,지번,1,False
1123010600104430003,서울특별시 동대문구 장안동,서울특별시 동대문구 장한로8길 61 (장안동),근린생활1,제1종근린생활시설,1007136477,지번,1,False
1123010600104190004,서울특별시 동대문구 장안동,서울특별시 동대문구 한천로6길 81 (장안동),근린생활1,제1종근린생활시설,1007135998,지번,1,False
1123010600103890010,서울특별시 동대문구 장안동,서울특별시 동대문구 답십리로66길 13 (장안동),근린생활2,제2종근린생활시설,1007117019,지번,1,False
1123010600103630007,서울특별시 동대문구 장안동,서울특별시 동대문구 장한로16길 7 (장안동),근린생활1,제1종근린생활시설,1007131302,지번,1,False
1123010600104580007,서울특별시 동대문구 장안동,서울특별시 동대문구 천호대로91길 3 (장안동),근린생활1,제1종근린생활시설,1007120872,지번,1,False
1123010600103870003,서울특별시 동대문구 장안동,서울특별시 동대문구 답십리로 262 (장안동),근린생활1,제1종근린생활시설,1007123437,지번,1,False
1123010600103870004,서울특별시 동대문구 장안동,서울특별시 동대문구 답십리로 264 (장안동),근린생활2,제2종근린생활시설,1007117024,지번,1,False
1123010600103730005,서울특별시 동대문구 장안동,서울특별시 동대문구 장한로21길 11-13 (장안동),근린생활2,제2종근린생활시설,1007121110,지번,1,False
1123010600103750001,서울특별시 동대문구 장안동,서울특별시 동대문구 장한로 73 (장안동),근린생활2,제2종근린생활시설,1007125420,지번,1,False
1123010600103510002,서울특별시 동대문구 장안동,서울특별시 동대문구 장한로18길 22 (장안동),근린생활2,제2종근린생활시설,1007131780,지번,1,False
1123010600103630002,서울특별시 동대문구 장안동,서울특별시 동대문구 장한로18길 10 (장안동),근린생활1,제1종근린생활시설,1007112890,지번,1,False
1123010600103630009,서울특별시 동대문구 장안동,서울특별시 동대문구 장한로 74 (장안동),근린생활1,제1종근린생활시설,1007122954,지번,1,False
1123010600103610001,서울특별시 동대문구 장안동,서울특별시 동대문구 장한로 60 (장안동),근린생활1,제1종근린생활시설,1007135797,지번,1,False
1123010600103610006,서울특별시 동대문구 장안동,서울특별시 동대문구 천호대로85길 97 (장안동),근린생활1,제1종근린생활시설,1007121037,지번,1,False
1123010600103610003,서울특별시 동대문구 장안동,서울특별시 동대문구 장한로12길 7 (장안동),근린생활1,제1종근린생활시설,1007126792,지번,1,False
1123010600104580001,서울특별시 동대문구 장안동,서울특별시 동대문구 천호대로89길 16 (장안동),근린생활2,제2종근린생활시설,1007111369,지번,1,False
1123010600104570001,서울특별시 동대문구 장안동,서울특별시 동대문구 천호대로91길 12 (장안동),근린생활1,제1종근린생활시설,100712424,지번,3,False
1123010600104660003,서울특별시 동대문구 장안동,서울특별시 동대문구 장한로2길 72 (장안동),근린생활2,제2종근린생활시설,1007123115,지번,1,False
1123010600103600005,서울특별시 동대문구 장안동,서울특별시 동대문구 장한로12길 25 (장안동),근린생활1,제1종근린생활시설,1007113795,지번,1,False
1123010600104430006,서울특별시 동대문구 장안동,서울특별시 동대문구 천호대로91길 52 (장안동),근린생활1,공동주택,10071100227363,지번,1,False
1123010600104580006,서울특별시 동대문구 장안동,서울특별시 동대문구 장한로2길 57 (장안동),근린생활1,제1종근린생활시설,1007130043,지번,1,False
1123010600104570016,서울특별시 동대문구 장안동,서울특별시 동대문구 장한로2길 71 (장안동),근린생활1,제1종근린생활시설,1007132835,지번,1,False
1123010600104530003,서울특별시 동대문구 장안동,서울특별시 동대문구 천호대로93길 33 (장안동),근린생활2,제2종근린생활시설,100719200,지번,1,False
1123010600103820024,서울특별시 동대문구 장안동,서울특별시 동대문구 장한로21길 17 (장안동),근린생활1,제1종근린생활시설,1007120675,지번,1,False
1123010600104440011,서울특별시 동대문구 장안동,서울특별시 동대문구 천호대로91길 41 (장안동),근린생활1,제1종근린생활시설,1007120240,지번,1,False
1123010600104510002,서울특별시 동대문구 장안동,서울특별시 동대문구 장한로8길 40 (장안동),근린생활1,제1종근린생활시설,1007132896,지번,1,False
1123010600103640001,서울특별시 동대문구 장안동,서울특별시 동대문구 장한로 88 (장안동),근린생활2,업무시설,1000000000000005883898,지번,1,False
1123010500100640018,서울특별시 동대문구 답십리동,서울특별시 동대문구 답십리로 172 (답십리동),근린생활2,제2종근린생활시설,10071100233792,지번,1,False
1123010500104960002,서울특별시 동대문구 답십리동,서울특별시 동대문구 천호대로 267 (답십리동),근린생활2,제1종근린생활시설,10071100261535,지번,1,False
1123010600102940010,서울특별시 동대문구 장안동,서울특별시 동대문구 답십리로 263 (장안동),근린생활1,제1종근린생활시설,100718162,지번,1,False
1123010600104660006,서울특별시 동대문구 장안동,서울특별시 동대문구 천호대로 457 (장안동),근린생활1,제1종근린생활시설,1007135037,지번,1,False
1123010600104460015,서울특별시 동대문구 장안동,서울특별시 동대문구 천호대로87길 47 (장안동),근린생활1,제1종근린생활시설,100718962,지번,1,False
1123010600103870005,서울특별시 동대문구 장안동,서울특별시 동대문구 답십리로68길 10 (장안동),근린생활2,제2종근린생활시설,1007128203,지번,1,False
1123010600103740008,서울특별시 동대문구 장안동,서울특별시 동대문구 한천로24길 74-9 (장안동),근린생활1,업무시설,10071100229392,지번,1,False
1123010600103630001,서울특별시 동대문구 장안동,서울특별시 동대문구 장한로 76 (장안동),근린생활1,제1종근린생활시설,100718563,지번,1,False
1123010600104660002,서울특별시 동대문구 장안동,서울특별시 동대문구 장한로2길 66 (장안동),근린생활2,제2종근린생활시설,1007132720,지번,1,False
1123010600103910001,서울특별시 동대문구 장안동,서울특별시 동대문구 한천로26길 58 (장안동),근린생활1,공동주택,10071100226392,지번,1,False
1123010600103630010,서울특별시 동대문구 장안동,서울특별시 동대문구 장한로18길 12 (장안동),근린생활1,제1종근린생활시설,1007131815,지번,1,False
1123010600104380007,서울특별시 동대문구 장안동,서울특별시 동대문구 장한로10길 47 (장안동),근린생활2,제2종근린생활시설,1007133555,지번,1,False
1123010600102940009,서울특별시 동대문구 장안동,서울특별시 동대문구 답십리로67길 7 (장안동),근린생활1,제1종근린생활시설,1007129452,지번,1,False
1123010600103740011,서울특별시 동대문구 장안동,서울특별시 동대문구 한천로24길 74-1 (장안동),근린생활2,제2종근린생활시설,1007111442,지번,1,False
1123010600104660010,서울특별시 동대문구 장안동,서울특별시 동대문구 천호대로 447 (장안동),근린생활2,제2종근린생활시설,1007114279,지번,1,False
1123010600104660007,서울특별시 동대문구 장안동,서울특별시 동대문구 천호대로 455 (장안동),근린생활1,제1종근린생활시설,1007115188,지번,1,False
1123010600102940005,서울특별시 동대문구 장안동,서울특별시 동대문구 장한로27길 43 (장안동),근린생활1,제1종근린생활시설,1007111062,지번,1,False
1123010600101430039,서울특별시 동대문구 장안동,서울특별시 동대문구 답십리로 251 (장안동),근린생활1,제1종근린생활시설,1007113180,지번,1,False
1123010600102930009,서울특별시 동대문구 장안동,서울특별시 동대문구 답십리로65길 26 (장안동),근린생활1,제1종근린생활시설,1007127947,지번,1,False
1123010600102940012,서울특별시 동대문구 장안동,서울특별시 동대문구 답십리로 259 (장안동),근린생활1,제1종근린생활시설,1007119680,지번,1,False
1123010600102930021,서울특별시 동대문구 장안동,서울특별시 동대문구 답십리로65길 18 (장안동),근린생활1,제1종근린생활시설,100717664,지번,1,False
1123010500104870018,서울특별시 동대문구 답십리동,서울특별시 동대문구 사가정로2길 139 (답십리동),근린생활1,제1종근린생활시설,1007117105,지번,1,False
1123010600104060006,서울특별시 동대문구 장안동,서울특별시 동대문구 한천로6길 47-6 (장안동),근린생활1,제1종근린생활시설,1007127052,지번,1,False
1123010600104590001,서울특별시 동대문구 장안동,서울특별시 동대문구 장한로6길 42 (장안동),근린생활2,제2종근린생활시설,100712689,지번,2,False
1123010600104590001,서울특별시 동대문구 장안동,서울특별시 동대문구 장한로6길 42 (장안동),근린생활2,제1종근린생활시설,100712690,지번,2,False
1123010600101290022,서울특별시 동대문구 장안동,서울특별시 동대문구 답십리로63길 47 (장안동),근린생활1,공동주택,10071100212772,지번,1,False
1123010600101370018,서울특별시 동대문구 장안동,서울특별시 동대문구 답십리로63길 18 (장안동),근린생활1,제1종근린생활시설,1007126560,지번,1,False
1123010600102940008,서울특별시 동대문구 장안동,서울특별시 동대문구 답십리로67길 9 (장안동),근린생활2,제2종근린생활시설,1007122844,지번,1,False
1123010600102940003,서울특별시 동대문구 장안동,서울특별시 동대문구 답십리로65길 10 (장안동),근린생활1,제1종근린생활시설,1007120904,지번,1,False
1123010600101350021,서울특별시 동대문구 장안동,서울특별시 동대문구 한천로28길 33 (장안동),근린생활1,제1종근린생활시설,100712753,지번,2,False
1123010600101430038,서울특별시 동대문구 장안동,서울특별시 동대문구 한천로28길 34 (장안동),근린생활1,제1종근린생활시설,1007117405,지번,1,False
1123010600101340013,서울특별시 동대문구 장안동,서울특별시 동대문구 답십리로63길 40 (장안동),근린생활2,제2종근린생활시설,1007136796,지번,1,False
1123010600102930001,서울특별시 동대문구 장안동,서울특별시 동대문구 답십리로65길 36 (장안동),근린생활1,제1종근린생활시설,1007124836,지번,1,False
1123010600102950007,서울특별시 동대문구 장안동,서울특별시 동대문구 답십리로67길 2 (장안동),근린생활1,제1종근린생활시설,1007128500,지번,1,False
1123010600102930016,서울특별시 동대문구 장안동,서울특별시 동대문구 장한로27길 36 (장안동),근린생활1,제1종근린생활시설,1007122743,지번,1,False
1123010600103820007,서울특별시 동대문구 장안동,서울특별시 동대문구 한천로24길 67 (장안동),근린생활2,제2종근린생활시설,100713826,지번,1,False
1123010600103820008,서울특별시 동대문구 장안동,서울특별시 동대문구 한천로24길 65 (장안동),근린생활1,제1종근린생활시설,1007126847,지번,1,False
1123010600103820005,서울특별시 동대문구 장안동,서울특별시 동대문구 장한로21길 11-10 (장안동),근린생활1,공동주택,10071100226772,지번,1,False
1123010600103870009,서울특별시 동대문구 장안동,서울특별시 동대문구 장한로25길 44 (장안동),근린생활2,제2종근린생활시설,10071100190117,지번,1,False
1123010600104660004,서울특별시 동대문구 장안동,서울특별시 동대문구 장한로2길 80 (장안동),근린생활1,공동주택,10071100249275,지번,2,True
1123010600104660004,서울특별시 동대문구 장안동,서울특별시 동대문구 장한로2길 80 (장안동),근린생활1,공동주택,10071100249311,지번,2,True
1123010500104680025,서울특별시 동대문구 답십리동,서울특별시 동대문구 서울시립대로2길 70 (답십리동),근린생활1,제1종근린생활시설,1007120512,지번,1,False
1123010500104720084,서울특별시 동대문구 답십리동,서울특별시 동대문구 답십리로 82-1 (답십리동),근린생활1,제1종근린생활시설,1007112657,지번,1,False
1123010500104700017,서울특별시 동대문구 답십리동,서울특별시 동대문구 답십리로40길 40 (답십리동),근린생활2,제2종근린생활시설,1007133785,지번,1,False
1123010600103900039,서울특별시 동대문구 장안동,서울특별시 동대문구 한천로26길 46 (장안동),근린생활1,제1종근린생활시설,1007113110,지번,1,False
1123010600103510008,서울특별시 동대문구 장안동,서울특별시 동대문구 장한로26가길 117 (장안동),근린생활2,제2종근린생활시설,1007123099,지번,1,False
1123010600103720006,서울특별시 동대문구 장안동,서울특별시 동대문구 장한로23길 11-11 (장안동),근린생활2,제2종근린생활시설,1007130724,지번,1,False
1123010600103820001,서울특별시 동대문구 장안동,서울특별시 동대문구 장한로21길 13 (장안동),근린생활1,제1종근린생활시설,1007125057,지번,1,False
1123010600102930002,서울특별시 동대문구 장안동,서울특별시 동대문구 답십리로67길 37 (장안동),근린생활1,제1종근린생활시설,1007124353,지번,1,False
1123010600102930018,서울특별시 동대문구 장안동,서울특별시 동대문구 장한로27길 42 (장안동),근린생활2,제2종근린생활시설,1007124495,지번,1,False
1123010600101370017,서울특별시 동대문구 장안동,서울특별시 동대문구 답십리로63길 20 (장안동),근린생활1,제1종근린생활시설,1007115117,지번,1,False
1123010500104900027,서울특별시 동대문구 답십리동,서울특별시 동대문구 황물로 151-1 (답십리동),근린생활1,제1종근린생활시설,1007113957,지번,1,False
1123010600104160003,서울특별시 동대문구 장안동,서울특별시 동대문구 한천로2길 100 (장안동),근린생활1,업무시설,10071100234272,지번,1,False
1123010400106480044,서울특별시 동대문구 전농동,서울특별시 동대문구 답십리로30길 6 (전농동),근린생활1,제1종근린생활시설,1007115527,지번,1,False
1123010600103820013,서울특별시 동대문구 장안동,서울특별시 동대문구 답십리로68길 57 (장안동),근린생활1,제1종근린생활시설,1007119236,지번,1,False
1123010600103590020,서울특별시 동대문구 장안동,서울특별시 동대문구 장한로14길 32 (장안동),근린생활1,제1종근린생활시설,100715881,지번,2,False
1123010600104430007,서울특별시 동대문구 장안동,서울특별시 동대문구 천호대로91길 54 (장안동),근린생활1,제1종근린생활시설,1007127673,지번,1,False
1123010600104510009,서울특별시 동대문구 장안동,서울특별시 동대문구 장한로6길 41 (장안동),근린생활1,제1종근린생활시설,1007120828,지번,1,False
1123010600104580002,서울특별시 동대문구 장안동,서울특별시 동대문구 천호대로89길 12 (장안동),근린생활1,제1종근린생활시설,1007120544,지번,1,False
1123010600103590013,서울특별시 동대문구 장안동,서울특별시 동대문구 장한로12길 25-4 (장안동),근린생활2,제2종근린생활시설,1007120268,지번,1,False
1123010600104460005,서울특별시 동대문구 장안동,서울특별시 동대문구 장한로8길 29-2 (장안동),근린생활1,제1종근린생활시설,100712050,지번,2,False
1123010500104670019,서울특별시 동대문구 답십리동,서울특별시 동대문구 사가정로 15 (답십리동),근린생활2,제2종근린생활시설,100719518,지번,1,False
1123010500104680001,서울특별시 동대문구 답십리동,서울특별시 동대문구 답십리로38길 47-1 (답십리동),근린생활1,제1종근린생활시설,1007128973,지번,1,False
1123010500110010001,서울특별시 동대문구 답십리동,서울특별시 동대문구 서울시립대로4길 45 (답십리동),근린생활1,제1종근린생활시설,10071100189446,지번,1,False
1123010200101290364,서울특별시 동대문구 용두동,서울특별시 동대문구 무학로16길 51 (용두동),근린생활1,제1종근린생활시설,1007136010,지번,1,False
1123010200102550062,서울특별시 동대문구 용두동,서울특별시 동대문구 청계천로 525 (용두동),근린생활1,제1종근린생활시설,1007127831,지번,1,False
1123010100100940004,서울특별시 동대문구 신설동,서울특별시 동대문구 청계천로5길 40 (신설동),근린생활1,제1종근린생활시설,10071100187935,지번,1,False
1123010500106450008,서울특별시 동대문구 답십리동,서울특별시 동대문구 천호대로47길 62 (답십리동),근린생활2,제2종근린생활시설,100713474,지번,2,False
1123010200100390740,서울특별시 동대문구 용두동,서울특별시 동대문구 천호대로29가길 1 (용두동),근린생활2,제2종근린생활시설,1007111641,지번,1,False
1123010200101030003,서울특별시 동대문구 용두동,서울특별시 동대문구 천호대로23길 4 (용두동),근린생활2,제2종근린생활시설,1007127167,지번,1,False
1123010200101290302,서울특별시 동대문구 용두동,서울특별시 동대문구 천호대로22길 21 (용두동),근린생활2,제2종근린생활시설,1007122659,지번,1,False
1123010200101180027,서울특별시 동대문구 용두동,서울특별시 동대문구 무학로28길 23-3 (용두동),근린생활2,제2종근린생활시설,1007112495,지번,1,False
1123010100100920016,서울특별시 동대문구 신설동,서울특별시 동대문구 하정로 40-5 (신설동),근린생활2,제2종근린생활시설,1007125522,지번,1,False
1123010500104630010,서울특별시 동대문구 답십리동,서울특별시 동대문구 서울시립대로 11 (답십리동),근린생활1,제1종근린생활시설,10071100267556,지번,3,False
1123010200100380002,서울특별시 동대문구 용두동,서울특별시 동대문구 천호대로 129 (용두동),근린생활2,제2종근린생활시설,100714126,지번,7,False
1123010200100380002,서울특별시 동대문구 용두동,서울특별시 동대문구 고산자로 391-6 (용두동),근린생활2,제2종근린생활시설,100714128,지번,7,False
1123010200100380002,서울특별시 동대문구 용두동,,근린생활2,제2종근린생활시설,100714130,지번,7,False
1123010200100380009,서울특별시 동대문구 용두동,서울특별시 동대문구 고산자로 391-6 (용두동),근린생활2,제2종근린생활시설,100719485,지번,1,False
1123010200100380001,서울특별시 동대문구 용두동,서울특별시 동대문구 고산자로 393-5 (용두동),근린생활2,제2종근린생활시설,100711656,지번,2,False
1123010200100380001,서울특별시 동대문구 용두동,서울특별시 동대문구 고산자로 391 (용두동),근린생활2,제2종근린생활시설,100711660,지번,2,False
1123010200100391049,서울특별시 동대문구 용두동,서울특별시 동대문구 천호대로 165-1 (용두동),근린생활1,제1종근린생활시설,100712917,지번,1,False
1123011000101750019,서울특별시 동대문구 이문동,서울특별시 동대문구 한천로 443 (이문동),근린생활2,제2종근린생활시설,1007128335,지번,1,False
1123010200100390813,서울특별시 동대문구 용두동,서울특별시 동대문구 천호대로 149 (용두동),근린생활2,제2종근린생활시설,1007123592,지번,1,False
1123010200100390809,서울특별시 동대문구 용두동,서울특별시 동대문구 천호대로 153-1 (용두동),근린생활2,제2종근린생활시설,1007125894,지번,1,False
1123010200100390895,서울특별시 동대문구 용두동,서울특별시 동대문구 천호대로37길 11 (용두동),근린생활1,제1종근린생활시설,100719397,지번,1,False
1123010200100390119,서울특별시 동대문구 용두동,서울특별시 동대문구 천호대로 157 (용두동),근린생활2,업무시설,1000000000000007421667,지번,2,False
1123010200100390810,서울특별시 동대문구 용두동,서울특별시 동대문구 천호대로 153 (용두동),근린생활2,제2종근린생활시설,1007114527,지번,1,False
1123010200100400028,서울특별시 동대문구 용두동,서울특별시 동대문구 고산자로 393 (용두동),근린생활1,제1종근린생활시설,100711824,지번,2,False
1123010200100400028,서울특별시 동대문구 용두동,서울특별시 동대문구 고산자로 395 (용두동),근린생활1,제2종근린생활시설,100711825,지번,2,False
1123010200100390801,서울특별시 동대문구 용두동,서울특별시 동대문구 천호대로 161 (용두동),근린생활1,제1종근린생활시설,100719969,지번,1,False
1123010200100390756,서울특별시 동대문구 용두동,서울특별시 동대문구 천호대로31길 26 (용두동),근린생활1,제1종근린생활시설,1007126888,지번,1,False
1123010500104690013,서울특별시 동대문구 답십리동,서울특별시 동대문구 황물로 65-13 (답십리동),근린생활2,제2종근린생활시설,1007118238,지번,1,False
1123010500104680016,서울특별시 동대문구 답십리동,서울특별시 동대문구 답십리로38길 59-1 (답십리동),근린생활1,제1종근린생활시설,1007110312,지번,1,False
1123010100101140081,서울특별시 동대문구 신설동,서울특별시 동대문구 청계천로1가길 4 (신설동),근린생활2,제2종근린생활시설,1007118697,지번,1,False
1123010200100390812,서울특별시 동대문구 용두동,서울특별시 동대문구 천호대로 151 (용두동),근린생활2,제2종근린생활시설,1007127747,지번,1,False
1123010500104640001,서울특별시 동대문구 답십리동,서울특별시 동대문구 서울시립대로 7 (답십리동),근린생활1,제1종근린생활시설,100713466,지번,3,False
1123010200100390805,서울특별시 동대문구 용두동,서울특별시 동대문구 천호대로 155 (용두동),근린생활1,제1종근린생활시설,1007125429,지번,1,False
1123010500104630008,서울특별시 동대문구 답십리동,서울특별시 동대문구 서울시립대로 9 (답십리동),근린생활1,제1종근린생활시설,1007132261,지번,1,False
1123010200100391035,서울특별시 동대문구 용두동,서울특별시 동대문구 천호대로 161-1 (용두동),근린생활1,제2종근린생활시설,10071100217552,지번,1,False
1123010200100391027,서울특별시 동대문구 용두동,서울특별시 동대문구 천호대로45길 3 (용두동),근린생활1,제1종근린생활시설,1007120049,지번,1,False
1123010200100380013,서울특별시 동대문구 용두동,서울특별시 동대문구 천호대로 127 (용두동),근린생활2,제2종근린생활시설,1007118915,지번,1,False
1123010200100390752,서울특별시 동대문구 용두동,서울특별시 동대문구 천호대로31길 16 (용두동),근린생활1,제1종근린생활시설,1007132842,지번,1,False
1123010500104720058,서울특별시 동대문구 답십리동,서울특별시 동대문구 답십리로30길 13 (답십리동),근린생활1,제1종근린생활시설,100716259,지번,2,False
1123010500104720058,서울특별시 동대문구 답십리동,서울특별시 동대문구 답십리로30길 13 (답십리동),근린생활1,제2종근린생활시설,100716260,지번,2,False
1123010400106470017,서울특별시 동대문구 전농동,서울특별시 동대문구 서울시립대로4길 22 (전농동),근린생활2,제2종근린생활시설,1007132015,지번,1,False
1123010400106480110,서울특별시 동대문구 전농동,서울특별시 동대문구 답십리로30길 14 (전농동),근린생활1,제1종근린생활시설,1007128758,지번,1,False
1123010500104700027,서울특별시 동대문구 답십리동,서울특별시 동대문구 서울시립대로2길 71-1 (답십리동),근린생활1,제1종근린생활시설,100716607,지번,1,False
1123010500104680010,서울특별시 동대문구 답십리동,서울특별시 동대문구 황물로 73-1 (답십리동),근린생활1,제1종근린생활시설,100713568,지번,2,False
1123010500104680010,서울특별시 동대문구 답십리동,서울특별시 동대문구 황물로 73-1 (답십리동),근린생활1,제1종근린생활시설,100713569,지번,2,False
1123010200100390120,서울특별시 동대문구 용두동,서울특별시 동대문구 천호대로31길 5 (용두동),근린생활1,제1종근린생활시설,1007115361,지번,1,False
1123010200100390112,서울특별시 동대문구 용두동,서울특별시 동대문구 천호대로35길 25 (용두동),근린생활1,제1종근린생활시설,1007130298,지번,1,False
1123010200100390811,서울특별시 동대문구 용두동,서울특별시 동대문구 천호대로29가길 10 (용두동),근린생활1,공동주택,10071100242674,지번,1,False
1123010200100390802,서울특별시 동대문구 용두동,서울특별시 동대문구 천호대로 159 (용두동),근린생활1,제1종근린생활시설,1007134203,지번,1,False
1123010400106480104,서울특별시 동대문구 전농동,서울특별시 동대문구 서울시립대로4길 5 (전농동),근린생활2,제2종근린생활시설,1007127439,지번,1,False
1123010500104650072,서울특별시 동대문구 답십리동,서울특별시 동대문구 천호대로 219 (답십리동),근린생활2,제2종근린생활시설,1007134665,지번,1,False
1123010500104650024,서울특별시 동대문구 답십리동,서울특별시 동대문구 천호대로 227 (답십리동),근린생활1,제1종근린생활시설,1007123273,지번,1,False
1123010500104650137,서울특별시 동대문구 답십리동,서울특별시 동대문구 천호대로 231 (답십리동),근린생활1,제1종근린생활시설,1007130592,지번,1,False
1123010400106470049,서울특별시 동대문구 전농동,서울특별시 동대문구 답십리로30길 36 (전농동),근린생활2,제2종근린생활시설,1007120235,지번,1,False
1123010500104680023,서울특별시 동대문구 답십리동,서울특별시 동대문구 서울시립대로2길 68 (답십리동),근린생활1,제1종근린생활시설,1007120853,지번,1,False
1123010100100920015,서울특별시 동대문구 신설동,서울특별시 동대문구 하정로 40-9 (신설동),근린생활2,제2종근린생활시설,1007136498,지번,1,False
1123010200101290200,서울특별시 동대문구 용두동,서울특별시 동대문구 천호대로16나길 32 (용두동),근린생활1,제1종근린생활시설,1007117332,지번,1,False
1123010200101290147,서울특별시 동대문구 용두동,서울특별시 동대문구 천호대로22길 40-6 (용두동),근린생활1,제1종근린생활시설,1007110655,지번,1,False
1123010200100390111,서울특별시 동대문구 용두동,서울특별시 동대문구 고산자로28길 52 (용두동),근린생활2,제2종근린생활시설,10071100189758,지번,1,False
1123010400106470047,서울특별시 동대문구 전농동,서울특별시 동대문구 답십리로30가길 6 (전농동),근린생활1,제1종근린생활시설,1007117939,지번,1,False
1123010400106470008,서울특별시 동대문구 전농동,서울특별시 동대문구 서울시립대로4길 16 (전농동),근린생활1,제1종근린생활시설,1007136722,지번,1,False
1123010400106470011,서울특별시 동대문구 전농동,서울특별시 동대문구 서울시립대로4길 18 (전농동),근린생활1,제1종근린생활시설,1007117465,지번,1,False
1123010400106470013,서울특별시 동대문구 전농동,서울특별시 동대문구 서울시립대로4길 20-1 (전농동),근린생활1,제1종근린생활시설,1007115398,지번,1,False
1123010400106470029,서울특별시 동대문구 전농동,서울특별시 동대문구 답십리로30길 28 (전농동),근린생활1,제1종근린생활시설,1007128714,지번,1,False
1123010400106460073,서울특별시 동대문구 전농동,서울특별시 동대문구 황물로 49 (전농동),근린생활1,제1종근린생활시설,1007131469,지번,1,False
1123010400106460081,서울특별시 동대문구 전농동,서울특별시 동대문구 답십리로30길 54 (전농동),근린생활2,제2종근린생활시설,1007127688,지번,1,False
1123010400106460079,서울특별시 동대문구 전농동,서울특별시 동대문구 답십리로30길 48 (전농동),근린생활2,제2종근린생활시설,1007112166,지번,1,False
1123010500104690051,서울특별시 동대문구 답십리동,서울특별시 동대문구 답십리로30길 49 (답십리동),근린생활1,제1종근린생활시설,1007120152,지번,1,False
1123010200102550047,서울특별시 동대문구 용두동,서울특별시 동대문구 청계천로7길 4 (용두동),근린생활1,제1종근린생활시설,1007127174,지번,1,False
1123010100101140045,서울특별시 동대문구 신설동,서울특별시 동대문구 난계로26길 37 (신설동),근린생활2,제2종근린생활시설,100718639,지번,1,False
1123010500104690002,서울특별시 동대문구 답십리동,서울특별시 동대문구 황물로 65-14 (답십리동),근린생활1,제1종근린생활시설,1007135751,지번,1,False
1123010400106460084,서울특별시 동대문구 전농동,서울특별시 동대문구 황물로 51 (전농동),근린생활1,제1종근린생활시설,1007134655,지번,1,False
1123010500105420008,서울특별시 동대문구 답십리동,서울특별시 동대문구 황물로 60 (답십리동),근린생활1,제1종근린생활시설,1007119920,지번,1,False
1123010500105420007,서울특별시 동대문구 답십리동,서울특별시 동대문구 황물로 58 (답십리동),근린생활1,제1종근린생활시설,1007135374,지번,1,False
1123010500104690080,서울특별시 동대문구 답십리동,서울특별시 동대문구 황물로 55-1 (답십리동),근린생활1,제1종근린생활시설,1007136925,지번,1,False
1123010500104690088,서울특별시 동대문구 답십리동,서울특별시 동대문구 황물로 59-1 (답십리동),근린생활1,제1종근린생활시설,1007131003,지번,1,False
1123010500104650001,서울특별시 동대문구 답십리동,서울특별시 동대문구 사가정로 9 (답십리동),근린생활1,제1종근린생활시설,1007116244,지번,1,False
1123010500104680013,서울특별시 동대문구 답십리동,서울특별시 동대문구 황물로 71 (답십리동),근린생활1,제1종근린생활시설,1007114040,지번,1,False
1123010500104680002,서울특별시 동대문구 답십리동,서울특별시 동대문구 답십리로38길 55 (답십리동),근린생활2,창고시설,10071100215552,지번,1,False
1123010200100390758,서울특별시 동대문구 용두동,서울특별시 동대문구 천호대로35길 19 (용두동),근린생활2,제2종근린생활시설,1007136856,지번,1,False
1123010500104690028,서울특별시 동대문구 답십리동,서울특별시 동대문구 황물로 61 (답십리동),근린생활1,제1종근린생활시설,1007127879,지번,1,False
1123010500104690009,서울특별시 동대문구 답십리동,서울특별시 동대문구 황물로 65-3 (답십리동),근린생활1,제1종근린생활시설,100716258,지번,2,False
1123010500104690060,서울특별시 동대문구 답십리동,서울특별시 동대문구 답십리로38길 58 (답십리동),근린생활1,제1종근린생활시설,1007123745,지번,1,False
1123010400106480117,서울특별시 동대문구 전농동,서울특별시 동대문구 답십리로30길 22-1 (전농동),근린생활1,제1종근린생활시설,1007134344,지번,1,False
1123010400106480116,서울특별시 동대문구 전농동,서울특별시 동대문구 답십리로30길 22 (전농동),근린생활1,제1종근린생활시설,1007114752,지번,1,False
1123010400106480112,서울특별시 동대문구 전농동,서울특별시 동대문구 답십리로30길 16 (전농동),근린생활2,제2종근린생활시설,1007136774,지번,1,False
1123010400106480118,서울특별시 동대문구 전농동,서울특별시 동대문구 서울시립대로4길 27 (전농동),근린생활2,제2종근린생활시설,1007117846,지번,1,False
1123010400106480057,서울특별시 동대문구 전농동,서울특별시 동대문구 서울시립대로4길 23 (전농동),근린생활1,제1종근린생활시설,1007127124,지번,1,False
1123010400106480017,서울특별시 동대문구 전농동,서울특별시 동대문구 서울시립대로4길 13 (전농동),근린생활2,제2종근린생활시설,1007121594,지번,1,False
1123010500104720050,서울특별시 동대문구 답십리동,서울특별시 동대문구 답십리로30길 19 (답십리동),근린생활1,제1종근린생활시설,1007116824,지번,1,False
1123010400106460044,서울특별시 동대문구 전농동,서울특별시 동대문구 황물로 43 (전농동),근린생활1,제1종근린생활시설,100717436,지번,1,False
1123010400106460052,서울특별시 동대문구 전농동,서울특별시 동대문구 서울시립대로2길 16-9 (전농동),근린생활1,제1종근린생활시설,1007114377,지번,1,False
1123010400106470073,서울특별시 동대문구 전농동,서울특별시 동대문구 서울시립대로 30 (전농동),근린생활1,제1종근린생활시설,1007111083,지번,1,False
1123010400106470069,서울특별시 동대문구 전농동,서울특별시 동대문구 서울시립대로 30-1 (전농동),근린생활2,제2종근린생활시설,1007111981,지번,1,False
1123010400106460013,서울특별시 동대문구 전농동,서울특별시 동대문구 서울시립대로2길 6-2 (전농동),근린생활1,제1종근린생활시설,1007118474,지번,1,False
1123010400106460030,서울특별시 동대문구 전농동,서울특별시 동대문구 황물로 39-1 (전농동),근린생활1,제1종근린생활시설,1007110753,지번,1,False
1123010400106460019,서울특별시 동대문구 전농동,서울특별시 동대문구 서울시립대로2길 2 (전농동),근린생활1,제1종근린생활시설,1007115966,지번,1,False
1123010400106460022,서울특별시 동대문구 전농동,서울특별시 동대문구 서울시립대로 26-1 (전농동),근린생활2,제2종근린생활시설,100712672,지번,2,False
1123010400106460022,서울특별시 동대문구 전농동,서울특별시 동대문구 서울시립대로 26-1 (전농동),근린생활2,제2종근린생활시설,100712673,지번,2,False
1123010400106460061,서울특별시 동대문구 전농동,서울특별시 동대문구 황물로 47 (전농동),근린생활2,제2종근린생활시설,1007130315,지번,1,False
1123010100101140006,서울특별시 동대문구 신설동,서울특별시 동대문구 하정로 11 (신설동),근린생활2,제2종근린생활시설,1007126241,지번,1,False
1123010500105420004,서울특별시 동대문구 답십리동,서울특별시 동대문구 황물로 54 (답십리동),근린생활1,제1종근린생활시설,100719978,지번,1,False
1123010500104690064,서울특별시 동대문구 답십리동,서울특별시 동대문구 황물로 53 (답십리동),근린생활1,제1종근린생활시설,1007115068,지번,1,False
1123010200101290293,서울특별시 동대문구 용두동,서울특별시 동대문구 무학로 84-1 (용두동),근린생활1,제1종근린생활시설,1007112662,지번,1,False
1123010200101290053,서울특별시 동대문구 용두동,서울특별시 동대문구 무학로 82 (용두동),근린생활1,제1종근린생활시설,100711835,지번,2,False
1123010200102500025,서울특별시 동대문구 용두동,,근린생활1,단독주택,100716597,본번,1,False
1123010200102500005,서울특별시 동대문구 용두동,,근린생활2,단독주택,100716597,본번,1,False
1123010500104690065,서울특별시 동대문구 답십리동,서울특별시 동대문구 황물로 55 (답십리동),근린생활1,제1종근린생활시설,1007111885,지번,1,False
1123010500100380025,서울특별시 동대문구 답십리동,서울특별시 동대문구 답십리로48나길 13 (답십리동),근린생활1,제1종근린생활시설,1007121687,지번,1,False
1123010500104690008,서울특별시 동대문구 답십리동,서울특별시 동대문구 황물로 63-1 (답십리동),근린생활2,제2종근린생활시설,1007110999,지번,1,False
1123010500104690006,서울특별시 동대문구 답십리동,서울특별시 동대문구 황물로 65 (답십리동),근린생활1,제1종근린생활시설,1007122013,지번,1,False
1123010500100140019,서울특별시 동대문구 답십리동,서울특별시 동대문구 한천로11길 49 (답십리동),근린생활1,제1종근린생활시설,1007132175,지번,1,False
1123010400106460046,서울특별시 동대문구 전농동,서울특별시 동대문구 서울시립대로2길 16-8 (전농동),근린생활1,제1종근린생활시설,1007127411,지번,1,False
1123010400106460035,서울특별시 동대문구 전농동,서울특별시 동대문구 황물로 41 (전농동),근린생활1,제1종근린생활시설,100717800,지번,1,False
1123010400106460010,서울특별시 동대문구 전농동,서울특별시 동대문구 황물로 39 (전농동),근린생활2,제2종근린생활시설,1007111216,지번,1,False
1123010400106460053,서울특별시 동대문구 전농동,서울특별시 동대문구 황물로 45 (전농동),근린생활2,제2종근린생활시설,100718498,지번,1,False
1123010500104650055,서울특별시 동대문구 답십리동,서울특별시 동대문구 천호대로 221 (답십리동),근린생활1,공동주택,10071100259115,지번,1,False
1123010200102350022,서울특별시 동대문구 용두동,서울특별시 동대문구 무학로 113-2 (용두동),근린생활1,제1종근린생활시설,1007117468,지번,1,False
1123010300106310011,서울특별시 동대문구 제기동,서울특별시 동대문구 경동시장로8길 34-3 (제기동),근린생활2,제2종근린생활시설,100715526,지번,1,False
1123010100100920049,서울특별시 동대문구 신설동,서울특별시 동대문구 난계로26길 71-6 (신설동),근린생활2,제2종근린생활시설,1007112039,지번,1,False
1123010200101290146,서울특별시 동대문구 용두동,서울특별시 동대문구 천호대로22길 40-4 (용두동),근린생활1,제1종근린생활시설,1007131275,지번,1,False
1123010500102560063,서울특별시 동대문구 답십리동,서울특별시 동대문구 전농로3길 68-1 (답십리동),근린생활1,제1종근린생활시설,1007110330,지번,1,False
1123010500100010307,서울특별시 동대문구 답십리동,서울특별시 동대문구 답십리로59가길 8 (답십리동),근린생활1,제1종근린생활시설,1007113254,지번,1,False
1123010500100010332,서울특별시 동대문구 답십리동,서울특별시 동대문구 답십리로59길 18 (답십리동),근린생활1,제1종근린생활시설,1007121713,지번,1,False
1123010500102760024,서울특별시 동대문구 답십리동,서울특별시 동대문구 전농로3길 1-2 (답십리동),근린생활2,제2종근린생활시설,1007131632,지번,1,False
1123010600104070005,서울특별시 동대문구 장안동,서울특별시 동대문구 한천로6길 47-7 (장안동),근린생활2,제2종근린생활시설,1007127036,지번,1,False
1123010500109530023,서울특별시 동대문구 답십리동,서울특별시 동대문구 황물로15다길 6 (답십리동),근린생활1,제1종근린생활시설,1007136377,지번,1,False
1123010500100590017,서울특별시 동대문구 답십리동,서울특별시 동대문구 답십리로52길 7 (답십리동),근린생활2,제2종근린생활시설,1007129050,지번,1,False
1123010500109590012,서울특별시 동대문구 답십리동,서울특별시 동대문구 황물로 187-4 (답십리동),근린생활1,제1종근린생활시설,1007122570,지번,1,False
1123010600103970001,서울특별시 동대문구 장안동,서울특별시 동대문구 장한로17길 33 (장안동),근린생활1,제1종근린생활시설,1007114871,지번,1,False
1123010500104770009,서울특별시 동대문구 답십리동,서울특별시 동대문구 사가정로 30 (답십리동),근린생활1,업무시설,10071100235452,지번,1,False
1123010500107740000,서울특별시 동대문구 답십리동,서울특별시 동대문구 답십리로60길 43-2 (답십리동),근린생활2,제2종근린생활시설,10071100186946,지번,1,False
1123010500100360058,서울특별시 동대문구 답십리동,서울특별시 동대문구 답십리로48나길 11-1 (답십리동),근린생활1,제1종근린생활시설,1007110304,지번,1,False
1123010500104900015,서울특별시 동대문구 답십리동,서울특별시 동대문구 황물로 149-3 (답십리동),근린생활1,제1종근린생활시설,1007134484,지번,1,False
1123010600105340000,서울특별시 동대문구 장안동,서울특별시 동대문구 한천로30길 6 (장안동),근린생활2,제2종근린생활시설,1007127118,지번,1,False
1123010500100620003,서울특별시 동대문구 답십리동,서울특별시 동대문구 답십리로 175-4 (답십리동),근린생활1,제1종근린생활시설,1007121081,지번,1,False
1123010500100400053,서울특별시 동대문구 답십리동,서울특별시 동대문구 답십리로56길 71 (답십리동),근린생활1,제1종근린생활시설,100717639,지번,1,False
1123010500104900042,서울특별시 동대문구 답십리동,서울특별시 동대문구 전농로 13-3 (답십리동),근린생활1,제1종근린생활시설,1007136075,지번,1,False
1123010500102530012,서울특별시 동대문구 답십리동,서울특별시 동대문구 전농로3길 78-1 (답십리동),근린생활1,제1종근린생활시설,100719950,지번,1,False
1123010500103230012,서울특별시 동대문구 답십리동,서울특별시 동대문구 황물로3길 17 (답십리동),근린생활2,제2종근린생활시설,1007117428,지번,1,False
1123010600101940038,서울특별시 동대문구 장안동,서울특별시 동대문구 답십리로64길 121 (장안동),근린생활1,제2종근린생활시설,10071100268215,지번,1,False
1123010600102390035,서울특별시 동대문구 장안동,서울특별시 동대문구 한천로6길 5-2 (장안동),근린생활1,제1종근린생활시설,100718326,지번,1,False
1123010600102390036,서울특별시 동대문구 장안동,서울특별시 동대문구 한천로6길 5-1 (장안동),근린생활1,제1종근린생활시설,1007116134,지번,1,False
1123010500102760005,서울특별시 동대문구 답십리동,서울특별시 동대문구 전농로3길 1-6 (답십리동),근린생활2,제2종근린생활시설,1007113104,지번,1,False
1123010500109570005,서울특별시 동대문구 답십리동,서울특별시 동대문구 황물로15나길 15 (답십리동),근린생활2,제2종근린생활시설,1007118933,지번,1,False
1123010600103900024,서울특별시 동대문구 장안동,서울특별시 동대문구 답십리로66길 57-7 (장안동),근린생활2,단독주택,1007113890,지번,1,False
1123010500100970008,서울특별시 동대문구 답십리동,서울특별시 동대문구 전농로 111 (답십리동),근린생활2,제1종근린생활시설,10071100235973,지번,2,False
1123010500104880025,서울특별시 동대문구 답십리동,서울특별시 동대문구 전농로2길 10 (답십리동),근린생활2,제2종근린생활시설,10071100188116,지번,1,False
1123010500109560011,서울특별시 동대문구 답십리동,서울특별시 동대문구 황물로17가길 18 (답십리동),근린생활1,제1종근린생활시설,100717913,지번,1,False
1123010500109560022,서울특별시 동대문구 답십리동,서울특별시 동대문구 황물로17길 25-7 (답십리동),근린생활1,제1종근린생활시설,1007129345,지번,1,False
1123010500109560014,서울특별시 동대문구 답십리동,서울특별시 동대문구 황물로17길 25-5 (답십리동),근린생활1,제1종근린생활시설,1007114564,지번,1,False
1123010400106550050,서울특별시 동대문구 전농동,서울특별시 동대문구 답십리로 101-7 (전농동),근린생활1,제1종근린생활시설,1007131234,지번,1,False
1123010500109540030,서울특별시 동대문구 답십리동,서울특별시 동대문구 황물로17가길 10 (답십리동),근린생활2,제2종근린생활시설,1007125219,지번,1,False
1123010500100210021,서울특별시 동대문구 답십리동,서울특별시 동대문구 답십리로56가길 20 (답십리동),근린생활1,제1종근린생활시설,1007117058,지번,1,False
1123010500109570004,서울특별시 동대문구 답십리동,서울특별시 동대문구 황물로15나길 17-1 (답십리동),근린생활1,제1종근린생활시설,1007123140,지번,1,False
1123010500104780017,서울특별시 동대문구 답십리동,,근린생활1,단독주택,1007120450,본번,1,False
1123010500102570006,서울특별시 동대문구 답십리동,서울특별시 동대문구 전농로5길 5 (답십리동),근린생활2,제2종근린생활시설,1007130602,지번,1,False
1123010300101370037,서울특별시 동대문구 제기동,서울특별시 동대문구 제기로5길 42 (제기동),근린생활2,제2종근린생활시설,1007135554,지번,1,False
1123010200107220002,서울특별시 동대문구 용두동,서울특별시 동대문구 안암로 28 (용두동),근린생활1,제1종근린생활시설,100719307,지번,1,False
1123010500104850050,서울특별시 동대문구 답십리동,서울특별시 동대문구 천호대로73길 35 (답십리동),근린생활1,제1종근린생활시설,1007118188,지번,1,False
1123010500104880102,서울특별시 동대문구 답십리동,서울특별시 동대문구 전농로4길 32 (답십리동),근린생활1,제1종근린생활시설,1007131173,지번,1,False
1123010500109640005,서울특별시 동대문구 답십리동,서울특별시 동대문구 전농로4길 42 (답십리동),근린생활1,제1종근린생활시설,1007114853,지번,1,False
1123010500109550005,서울특별시 동대문구 답십리동,서울특별시 동대문구 황물로15다길 22 (답십리동),근린생활1,제1종근린생활시설,100714002,지번,2,False
1123010500104820005,서울특별시 동대문구 답십리동,서울특별시 동대문구 사가정로2길 26 (답십리동),근린생활1,공동주택,1000000000000002191379,지번,1,False
1123010500109560024,서울특별시 동대문구 답십리동,서울특별시 동대문구 황물로15다길 25 (답십리동),근린생활1,제1종근린생활시설,1007123322,지번,1,False
1123010500109560037,서울특별시 동대문구 답십리동,서울특별시 동대문구 황물로15길 30-4 (답십리동),근린생활1,제1종근린생활시설,1007116767,지번,1,False
1123010500109570017,서울특별시 동대문구 답십리동,서울특별시 동대문구 황물로15다길 30 (답십리동),근린생활1,제1종근린생활시설,1007124352,지번,1,False
1123010500104880093,서울특별시 동대문구 답십리동,서울특별시 동대문구 전농로4가길 12 (답십리동),근린생활1,제1종근린생활시설,1007119350,지번,1,False
1123010500102490014,서울특별시 동대문구 답십리동,서울특별시 동대문구 전농로3길 106-4 (답십리동),근린생활2,제2종근린생활시설,1000000000000000485507,지번,1,False
1123010500109560009,서울특별시 동대문구 답십리동,서울특별시 동대문구 황물로17가길 16 (답십리동),근린생활2,제2종근린생활시설,100716326,지번,2,False
1123010500104880247,서울특별시 동대문구 답십리동,서울특별시 동대문구 황물로 167 (답십리동),근린생활1,제1종근린생활시설,1007122224,지번,1,False
1123010600101850017,서울특별시 동대문구 장안동,서울특별시 동대문구 답십리로64길 85 (장안동),근린생활1,제1종근린생활시설,1007119854,지번,1,False
1123010500100490034,서울특별시 동대문구 답십리동,서울특별시 동대문구 답십리로56길 30 (답십리동),근린생활1,단독주택,10071100249934,지번,1,False
1123010500100530024,서울특별시 동대문구 답십리동,서울특별시 동대문구 답십리로50길 6 (답십리동),근린생활1,제1종근린생활시설,1007113962,지번,1,False
1123010600104010004,서울특별시 동대문구 장안동,서울특별시 동대문구 장한로5길 50 (장안동),근린생활1,제1종근린생활시설,1007116462,지번,1,False
1123010500100990009,서울특별시 동대문구 답십리동,서울특별시 동대문구 전농로9길 7-11 (답십리동),근린생활2,제2종근린생활시설,1007125011,지번,1,False
1123010600104200008,서울특별시 동대문구 장안동,서울특별시 동대문구 천호대로79길 30 (장안동),근린생활2,제2종근린생활시설,100719296,지번,1,False
1123010500104680029,서울특별시 동대문구 답십리동,서울특별시 동대문구 답십리로40길 48 (답십리동),근린생활1,제1종근린생활시설,1007110868,지번,1,False
1123010300101370072,서울특별시 동대문구 제기동,서울특별시 동대문구 제기로5길 38 (제기동),근린생활1,제1종근린생활시설,1007128876,지번,1,False
1123010500104830046,서울특별시 동대문구 답십리동,서울특별시 동대문구 천호대로67길 28 (답십리동),근린생활1,제1종근린생활시설,1007128056,지번,1,False
1123010500104900022,서울특별시 동대문구 답십리동,서울특별시 동대문구 황물로 149-4 (답십리동),근린생활1,제1종근린생활시설,100719862,지번,1,False
1123010500104840040,서울특별시 동대문구 답십리동,서울특별시 동대문구 황물로 119-4 (답십리동),근린생활1,제1종근린생활시설,1007128155,지번,1,False
1123010500102370002,서울특별시 동대문구 답십리동,,근린생활1,제1종근린생활시설,1007110886,본번,1,False
1123010500102370008,서울특별시 동대문구 답십리동,,근린생활1,제1종근린생활시설,1007110886,본번,1,False
1123010500100040082,서울특별시 동대문구 답십리동,서울특별시 동대문구 답십리로60길 124 (답십리동),근린생활2,제2종근린생활시설,1007116938,지번,1,False
1123010500109590002,서울특별시 동대문구 답십리동,서울특별시 동대문구 황물로15가길 22 (답십리동),근린생활1,제1종근린생활시설,100717771,지번,1,False
1123010500109570035,서울특별시 동대문구 답십리동,서울특별시 동대문구 황물로15나길 21 (답십리동),근린생활1,제1종근린생활시설,1007136122,지번,1,False
1123010500109560036,서울특별시 동대문구 답십리동,서울특별시 동대문구 황물로15길 26 (답십리동),근린생활2,제2종근린생활시설,1007114622,지번,1,False
1123010500109570014,서울특별시 동대문구 답십리동,서울특별시 동대문구 황물로15나길 5 (답십리동),근린생활1,제1종근린생활시설,1007121493,지번,1,False
1123010500109570016,서울특별시 동대문구 답십리동,서울특별시 동대문구 황물로15나길 11 (답십리동),근린생활1,제1종근린생활시설,1007118844,지번,1,False
1123010500109570032,서울특별시 동대문구 답십리동,서울특별시 동대문구 황물로15나길 6 (답십리동),근린생활1,제1종근린생활시설,100719464,지번,1,False
1123010500109570031,서울특별시 동대문구 답십리동,서울특별시 동대문구 황물로15나길 8 (답십리동),근린생활2,제2종근린생활시설,1007118669,지번,1,False
1123010500109530009,서울특별시 동대문구 답십리동,서울특별시 동대문구 황물로15다길 9-1 (답십리동),근린생활1,제1종근린생활시설,1007129681,지번,1,False
1123010500109530007,서울특별시 동대문구 답십리동,서울특별시 동대문구 황물로15길 44-14 (답십리동),근린생활1,제1종근린생활시설,1007129712,지번,1,False
1123010500109530004,서울특별시 동대문구 답십리동,서울특별시 동대문구 황물로15길 44-16 (답십리동),근린생활1,제1종근린생활시설,1007113798,지번,1,False
1123010500104830003,서울특별시 동대문구 답십리동,서울특별시 동대문구 황물로 101-1 (답십리동),근린생활1,제1종근린생활시설,1007128556,지번,1,False
1123010500104830047,서울특별시 동대문구 답십리동,서울특별시 동대문구 황물로 101 (답십리동),근린생활1,제1종근린생활시설,1007113737,지번,1,False
1123010500104830022,서울특별시 동대문구 답십리동,서울특별시 동대문구 황물로 107-1 (답십리동),근린생활2,제2종근린생활시설,1007132644,지번,1,False
1123010500104830024,서울특별시 동대문구 답십리동,서울특별시 동대문구 황물로 109 (답십리동),근린생활2,제2종근린생활시설,1007126004,지번,1,False
1123010500104820065,서울특별시 동대문구 답십리동,서울특별시 동대문구 천호대로67길 35 (답십리동),근린생활1,공동주택,10071100255456,지번,2,True
1123010500104820065,서울특별시 동대문구 답십리동,서울특별시 동대문구 천호대로67길 35 (답십리동),근린생활1,공동주택,10071100255473,지번,2,True
1123010600101660001,서울특별시 동대문구 장안동,서울특별시 동대문구 답십리로66길 78 (장안동),근린생활1,제1종근린생활시설,10071100247315,지번,1,False
1123010500100190066,서울특별시 동대문구 답십리동,서울특별시 동대문구 한천로11길 61-3 (답십리동),근린생활2,제2종근린생활시설,100719304,지번,1,False
1123010500104880049,서울특별시 동대문구 답십리동,서울특별시 동대문구 전농로2길 3 (답십리동),근린생활2,제2종근린생활시설,1007125836,지번,1,False
1123010500104880064,서울특별시 동대문구 답십리동,서울특별시 동대문구 전농로2가길 2 (답십리동),근린생활2,제2종근린생활시설,1007125685,지번,1,False
1123010500104880059,서울특별시 동대문구 답십리동,서울특별시 동대문구 전농로2나길 13-1 (답십리동),근린생활2,제2종근린생활시설,1007136114,지번,1,False
1123010600101900082,서울특별시 동대문구 장안동,서울특별시 동대문구 한천로 70 (장안동),근린생활1,제2종근린생활시설,1007120538,지번,1,False
1123010500104750076,서울특별시 동대문구 답십리동,서울특별시 동대문구 사가정로 43 (답십리동),근린생활1,제2종근린생활시설,10071100211632,지번,1,False
1123010500104750142,서울특별시 동대문구 답십리동,서울특별시 동대문구 사가정로 37-1 (답십리동),근린생활2,제2종근린생활시설,100714962,지번,1,False
1123010500107650000,서울특별시 동대문구 답십리동,서울특별시 동대문구 한천로 107-3 (답십리동),근린생활2,제2종근린생활시설,1007125703,지번,1,False
1123010500109570023,서울특별시 동대문구 답십리동,서울특별시 동대문구 황물로17길 19 (답십리동),근린생활1,제1종근린생활시설,1007123923,지번,1,False
1123010600104600007,서울특별시 동대문구 장안동,서울특별시 동대문구 천호대로87길 13-4 (장안동),근린생활1,공동주택,10071100228432,지번,1,False
1123010500104670026,서울특별시 동대문구 답십리동,서울특별시 동대문구 답십리로40길 39 (답십리동),근린생활1,제1종근린생활시설,100718399,지번,1,False
1123010500104820001,서울특별시 동대문구 답십리동,서울특별시 동대문구 사가정로 20 (답십리동),근린생활1,제1종근린생활시설,1007124315,지번,1,False
1123010500104820072,서울특별시 동대문구 답십리동,서울특별시 동대문구 황물로 91 (답십리동),근린생활1,제1종근린생활시설,100718266,지번,1,False
1123010500104820073,서울특별시 동대문구 답십리동,서울특별시 동대문구 황물로 91-1 (답십리동),근린생활1,제1종근린생활시설,1007126898,지번,1,False
1123010500104770062,서울특별시 동대문구 답십리동,서울특별시 동대문구 사가정로2길 7-5 (답십리동),근린생활1,제1종근린생활시설,100713598,지번,1,False
1123010600103900029,서울특별시 동대문구 장안동,서울특별시 동대문구 답십리로66길 45 (장안동),근린생활2,제2종근린생활시설,1007118229,지번,1,False
1123010600104640005,서울특별시 동대문구 장안동,서울특별시 동대문구 장한로2길 20 (장안동),근린생활2,제2종근린생활시설,10071100183307,지번,1,False
1123010600104600001,서울특별시 동대문구 장안동,서울특별시 동대문구 천호대로85길 32 (장안동),근린생활2,제2종근린생활시설,1007127108,지번,1,False
1123010500104880046,서울특별시 동대문구 답십리동,서울특별시 동대문구 전농로 24 (답십리동),근린생활1,제1종근린생활시설,1007124546,지번,1,False
1123010500109560002,서울특별시 동대문구 답십리동,서울특별시 동대문구 황물로17길 27 (답십리동),근린생활1,제1종근린생활시설,100713618,지번,2,False
1123010500109560002,서울특별시 동대문구 답십리동,서울특별시 동대문구 황물로17길 27 (답십리동),근린생활1,제1종근린생활시설,100713619,지번,2,False
1123010500109560007,서울특별시 동대문구 답십리동,서울특별시 동대문구 황물로17길 25 (답십리동),근린생활1,제1종근린생활시설,1007121837,지번,1,False
1123010500109570020,서울특별시 동대문구 답십리동,서울특별시 동대문구 황물로15나길 21-1 (답십리동),근린생활1,제1종근린생활시설,1007113339,지번,1,False
1123010500109540002,서울특별시 동대문구 답십리동,서울특별시 동대문구 황물로17길 39 (답십리동),근린생활1,제1종근린생활시설,1007119474,지번,1,False
1123010500109540004,서울특별시 동대문구 답십리동,서울특별시 동대문구 황물로17길 35 (답십리동),근린생활1,제1종근린생활시설,1007129103,지번,1,False
1123010500109540035,서울특별시 동대문구 답십리동,서울특별시 동대문구 황물로17길 35 (답십리동),근린생활2,제2종근린생활시설,1007123316,지번,1,False
1123010500109560001,서울특별시 동대문구 답십리동,서울특별시 동대문구 황물로17길 29 (답십리동),근린생활1,제1종근린생활시설,1007112308,지번,1,False
1123010500104750015,서울특별시 동대문구 답십리동,서울특별시 동대문구 답십리로 104 (답십리동),근린생활2,제2종근린생활시설,1007127453,지번,1,False
1123010500100010304,서울특별시 동대문구 답십리동,서울특별시 동대문구 답십리로59가길 14 (답십리동),근린생활2,제2종근린생활시설,1007119867,지번,1,False
1123010500100010049,서울특별시 동대문구 답십리동,서울특별시 동대문구 한천로 141 (답십리동),근린생활2,제2종근린생활시설,1007127496,지번,1,False
1123010600104900000,서울특별시 동대문구 장안동,서울특별시 동대문구 한천로 158 (장안동),근린생활1,제1종근린생활시설,1007135004,지번,1,False
1123010600101380010,서울특별시 동대문구 장안동,서울특별시 동대문구 한천로30길 33 (장안동),근린생활1,제1종근린생활시설,100717462,지번,1,False
1123010600101390029,서울특별시 동대문구 장안동,서울특별시 동대문구 한천로 136 (장안동),근린생활2,제2종근린생활시설,1007115953,지번,1,False
1123010600105350000,서울특별시 동대문구 장안동,서울특별시 동대문구 한천로 146 (장안동),근린생활2,제2종근린생활시설,1007112986,지번,1,False
1123010600101400008,서울특별시 동대문구 장안동,서울특별시 동대문구 답십리로63길 1 (장안동),근린생활1,제1종근린생활시설,1007112391,지번,1,False
1123010500100020182,서울특별시 동대문구 답십리동,서울특별시 동대문구 답십리로 229 (답십리동),근린생활2,제2종근린생활시설,1007129758,지번,1,False
1123010500109570022,서울특별시 동대문구 답십리동,서울특별시 동대문구 황물로15나길 23 (답십리동),근린생활1,제1종근린생활시설,1007135162,지번,1,False
1123010500109570013,서울특별시 동대문구 답십리동,서울특별시 동대문구 황물로15나길 3 (답십리동),근린생활1,제1종근린생활시설,100717197,지번,1,False
1123010500109570033,서울특별시 동대문구 답십리동,서울특별시 동대문구 황물로15나길 2 (답십리동),근린생활2,제2종근린생활시설,1007135492,지번,1,False
1123010500109530001,서울특별시 동대문구 답십리동,서울특별시 동대문구 황물로17가길 2 (답십리동),근린생활1,제1종근린생활시설,100717934,지번,1,False
1123010500109550010,서울특별시 동대문구 답십리동,서울특별시 동대문구 황물로15길 34 (답십리동),근린생활1,제1종근린생활시설,1007110963,지번,1,False
1123010500104880326,서울특별시 동대문구 답십리동,서울특별시 동대문구 전농로 30-1 (답십리동),근린생활2,제2종근린생활시설,1007127193,지번,1,False
1123010500100040163,서울특별시 동대문구 답십리동,서울특별시 동대문구 답십리로60길 102 (답십리동),근린생활2,제2종근린생활시설,1007118873,지번,1,False
1123010500100010047,서울특별시 동대문구 답십리동,서울특별시 동대문구 한천로 145 (답십리동),근린생활1,제1종근린생활시설,1007131819,지번,1,False
1123010500100010366,서울특별시 동대문구 답십리동,서울특별시 동대문구 답십리로59길 21-1 (답십리동),근린생활2,제2종근린생활시설,100716751,지번,1,False
1123010600105220000,서울특별시 동대문구 장안동,서울특별시 동대문구 한천로 152 (장안동),근린생활1,제1종근린생활시설,1007126296,지번,1,False
1123010500100010040,서울특별시 동대문구 답십리동,서울특별시 동대문구 한천로 151-1 (답십리동),근린생활1,제1종근린생활시설,1007112727,지번,1,False
1123010500100010064,서울특별시 동대문구 답십리동,서울특별시 동대문구 한천로 153 (답십리동),근린생활1,제1종근린생활시설,1007110988,지번,1,False
1123010500100010045,서울특별시 동대문구 답십리동,서울특별시 동대문구 한천로 147 (답십리동),근린생활2,제2종근린생활시설,1007133010,지번,1,False
1123010500100990005,서울특별시 동대문구 답십리동,서울특별시 동대문구 전농로 101 (답십리동),근린생활2,제2종근린생활시설,1007132080,지번,1,False
1123010500100270013,서울특별시 동대문구 답십리동,서울특별시 동대문구 답십리로56길 103 (답십리동),근린생활1,제1종근린생활시설,100718319,지번,1,False
1123010500100210077,서울특별시 동대문구 답십리동,서울특별시 동대문구 답십리로56길 126 (답십리동),근린생활2,제2종근린생활시설,1007115366,지번,1,False
1123010500100350002,서울특별시 동대문구 답십리동,서울특별시 동대문구 전농로 54 (답십리동),근린생활1,제1종근린생활시설,1007136348,지번,1,False
1123010500100350004,서울특별시 동대문구 답십리동,서울특별시 동대문구 답십리로48길 72 (답십리동),근린생활1,제1종근린생활시설,1007131010,지번,1,False
1123010500109530016,서울특별시 동대문구 답십리동,서울특별시 동대문구 황물로15다길 7 (답십리동),근린생활1,제1종근린생활시설,1007135655,지번,1,False
1123010500100990020,서울특별시 동대문구 답십리동,서울특별시 동대문구 전농로 105 (답십리동),근린생활1,제1종근린생활시설,1007118067,지번,1,False
1123010500100980045,서울특별시 동대문구 답십리동,서울특별시 동대문구 전농로 109 (답십리동),근린생활1,제1종근린생활시설,1000000000000002538275,지번,1,False
1123010500100940001,서울특별시 동대문구 답십리동,서울특별시 동대문구 전농로 110 (답십리동),근린생활1,제1종근린생활시설,1007113315,지번,1,False
1123010600104090004,서울특별시 동대문구 장안동,서울특별시 동대문구 한천로2길 31 (장안동),근린생활1,제1종근린생활시설,1007125831,지번,1,False
1123010600104100006,서울특별시 동대문구 장안동,서울특별시 동대문구 한천로2길 27-3 (장안동),근린생활1,제1종근린생활시설,1007125143,지번,1,False
1123010500104820037,서울특별시 동대문구 답십리동,서울특별시 동대문구 황물로 89 (답십리동),근린생활2,제2종근린생활시설,1007129716,지번,1,False
1123010500104770023,서울특별시 동대문구 답십리동,서울특별시 동대문구 사가정로 28 (답십리동),근린생활1,제1종근린생활시설,1007130373,지번,1,False
1123010500100020146,서울특별시 동대문구 답십리동,서울특별시 동대문구 답십리로 233 (답십리동),근린생활2,제2종근린생활시설,100717031,지번,1,False
1123010500102650003,서울특별시 동대문구 답십리동,서울특별시 동대문구 전농로 46 (답십리동),근린생활1,제1종근린생활시설,1007126687,지번,1,False
1123010500102650004,서울특별시 동대문구 답십리동,서울특별시 동대문구 전농로 44 (답십리동),근린생활2,제2종근린생활시설,1007135373,지번,1,False
1123010500100330028,서울특별시 동대문구 답십리동,서울특별시 동대문구 답십리로48나길 2 (답십리동),근린생활1,제1종근린생활시설,1007133631,지번,1,False
1123010500100360019,서울특별시 동대문구 답십리동,서울특별시 동대문구 답십리로48가길 45 (답십리동),근린생활1,공동주택,10071100229572,지번,1,False
1123010500100360030,서울특별시 동대문구 답십리동,서울특별시 동대문구 답십리로48길 53 (답십리동),근린생활1,제1종근린생활시설,1007123788,지번,1,False
1123010500100360034,서울특별시 동대문구 답십리동,서울특별시 동대문구 답십리로48길 57 (답십리동),근린생활1,제1종근린생활시설,1007116812,지번,1,False
1123010600101890001,서울특별시 동대문구 장안동,서울특별시 동대문구 답십리로64길 104 (장안동),근린생활1,제1종근린생활시설,1007130533,지번,1,False
1123010600103980005,서울특별시 동대문구 장안동,서울특별시 동대문구 장한로17길 59 (장안동),근린생활1,제1종근린생활시설,1007123853,지번,1,False
1123010600104220005,서울특별시 동대문구 장안동,서울특별시 동대문구 장한로5길 29 (장안동),근린생활1,제1종근린생활시설,1007136849,지번,1,False
1123010600101670002,서울특별시 동대문구 장안동,서울특별시 동대문구 답십리로66길 64 (장안동),근린생활2,제2종근린생활시설,100719827,지번,1,False
1123010600104300010,서울특별시 동대문구 장안동,서울특별시 동대문구 천호대로83길 56 (장안동),근린생활2,제2종근린생활시설,1007126897,지번,1,False
1123010500100210061,서울특별시 동대문구 답십리동,서울특별시 동대문구 답십리로56길 116 (답십리동),근린생활1,제1종근린생활시설,1007115185,지번,1,False
1123010500100210071,서울특별시 동대문구 답십리동,서울특별시 동대문구 답십리로56길 124 (답십리동),근린생활1,제1종근린생활시설,100717988,지번,1,False
1123010500100210070,서울특별시 동대문구 답십리동,서울특별시 동대문구 답십리로56길 124 (답십리동),근린생활1,제1종근린생활시설,100717732,지번,1,False
1123010500100210035,서울특별시 동대문구 답십리동,서울특별시 동대문구 답십리로56가길 1 (답십리동),근린생활1,제1종근린생활시설,100712682,지번,2,False
1123010600105430000,서울특별시 동대문구 장안동,서울특별시 동대문구 한천로 142 (장안동),근린생활2,제2종근린생활시설,1007111188,지번,1,False
1123010500100030039,서울특별시 동대문구 답십리동,서울특별시 동대문구 답십리로 223 (답십리동),근린생활2,위험물저장및처리시설,1000000000000001474644,지번,1,False
1123010500100020002,서울특별시 동대문구 답십리동,서울특별시 동대문구 한천로 133 (답십리동),근린생활1,제1종근린생활시설,1007112687,지번,1,False
1123010500100010136,서울특별시 동대문구 답십리동,서울특별시 동대문구 한천로 155 (답십리동),근린생활1,제1종근린생활시설,1007131065,지번,1,False
1123010600101400002,서울특별시 동대문구 장안동,서울특별시 동대문구 답십리로63길 11 (장안동),근린생활1,제1종근린생활시설,100718939,지번,1,False
1123010500100990022,서울특별시 동대문구 답십리동,서울특별시 동대문구 전농로 105-1 (답십리동),근린생활1,제2종근린생활시설,1007124598,지번,1,False
1123010600102370009,서울특별시 동대문구 장안동,서울특별시 동대문구 한천로 26 (장안동),근린생활1,제1종근린생활시설,1007111227,지번,1,False
1123010500100360027,서울특별시 동대문구 답십리동,서울특별시 동대문구 답십리로48길 50 (답십리동),근린생활1,공동주택,1000000000000001359648,지번,1,False
1123010500102580005,서울특별시 동대문구 답십리동,서울특별시 동대문구 전농로 62 (답십리동),근린생활1,제1종근린생활시설,1007135363,지번,1,False
1123010500104900148,서울특별시 동대문구 답십리동,서울특별시 동대문구 전농로 19-1 (답십리동),근린생활2,제2종근린생활시설,1007134581,지번,1,False
1123010500100740002,서울특별시 동대문구 답십리동,서울특별시 동대문구 답십리로53길 19 (답십리동),근린생활1,제1종근린생활시설,1007124051,지번,1,False
1123010500100130019,서울특별시 동대문구 답십리동,서울특별시 동대문구 한천로11길 43 (답십리동),근린생활1,제1종근린생활시설,1007123857,지번,1,False
1123010600104140009,서울특별시 동대문구 장안동,서울특별시 동대문구 한천로2길 30 (장안동),근린생활2,제2종근린생활시설,1007115422,지번,1,False
1123010500104900050,서울특별시 동대문구 답십리동,서울특별시 동대문구 전농로 13-1 (답십리동),근린생활1,제1종근린생활시설,1007131424,지번,1,False
1123010400106550037,서울특별시 동대문구 전농동,서울특별시 동대문구 답십리로 103-1 (전농동),근린생활2,제2종근린생활시설,1007127155,지번,1,False
1123010400106550036,서울특별시 동대문구 전농동,서울특별시 동대문구 답십리로 103 (전농동),근린생활1,제1종근린생활시설,1007114462,지번,1,False
1123010400106550052,서울특별시 동대문구 전농동,서울특별시 동대문구 답십리로 101-3 (전농동),근린생활1,제1종근린생활시설,1007129271,지번,1,False
1123010500108220000,서울특별시 동대문구 답십리동,서울특별시 동대문구 답십리로60길 44 (답십리동),근린생활1,제1종근린생활시설,1007130828,지번,1,False
1123010500108240000,서울특별시 동대문구 답십리동,서울특별시 동대문구 답십리로60길 48 (답십리동),근린생활1,제1종근린생활시설,1007123925,지번,1,False
1123010500108520000,서울특별시 동대문구 답십리동,서울특별시 동대문구 답십리로60길 52 (답십리동),근린생활1,제1종근린생활시설,1007121201,지번,1,False
1123010500108640000,서울특별시 동대문구 답십리동,서울특별시 동대문구 답십리로60길 54 (답십리동),근린생활2,제2종근린생활시설,1007115348,지번,1,False
1123010500100350006,서울특별시 동대문구 답십리동,서울특별시 동대문구 전농로 50-1 (답십리동),근린생활1,제1종근린생활시설,100719165,지번,1,False
1123010500102650001,서울특별시 동대문구 답십리동,서울특별시 동대문구 전농로 48 (답십리동),근린생활1,제1종근린생활시설,1007112867,지번,1,False
1123010500104900049,서울특별시 동대문구 답십리동,서울특별시 동대문구 전농로 13 (답십리동),근린생활1,제1종근린생활시설,1007131530,지번,1,False
1123010500100210063,서울특별시 동대문구 답십리동,서울특별시 동대문구 답십리로48길 100 (답십리동),근린생활1,제1종근린생활시설,1007116660,지번,1,False
1123010500102760001,서울특별시 동대문구 답십리동,서울특별시 동대문구 전농로 32 (답십리동),근린생활2,제2종근린생활시설,1007114748,지번,1,False
1123010500100360003,서울특별시 동대문구 답십리동,서울특별시 동대문구 전농로 58-1 (답십리동),근린생활1,제2종근린생활시설,10071100233252,지번,1,False
1123010500109020000,서울특별시 동대문구 답십리동,서울특별시 동대문구 한천로 89 (답십리동),근린생활2,제2종근린생활시설,1007118550,지번,1,False
1123010500100020042,서울특별시 동대문구 답십리동,서울특별시 동대문구 한천로17길 10 (답십리동),근린생활1,제1종근린생활시설,1007118690,지번,1,False
1123010500100020248,서울특별시 동대문구 답십리동,서울특별시 동대문구 답십리로60길 74 (답십리동),근린생활1,제1종근린생활시설,1007132091,지번,1,False
1123010500109070000,서울특별시 동대문구 답십리동,서울특별시 동대문구 한천로17길 8 (답십리동),근린생활1,제1종근린생활시설,1007129816,지번,1,False
1123010600101860038,서울특별시 동대문구 장안동,서울특별시 동대문구 한천로20길 8-12 (장안동),근린생활1,제1종근린생활시설,1007135690,지번,1,False
1123010600101860047,서울특별시 동대문구 장안동,서울특별시 동대문구 한천로18길 11 (장안동),근린생활1,제1종근린생활시설,1007116697,지번,1,False
1123010600101890012,서울특별시 동대문구 장안동,서울특별시 동대문구 한천로18길 14-1 (장안동),근린생활2,제2종근린생활시설,1007126770,지번,1,False
1123010600101880019,서울특별시 동대문구 장안동,서울특별시 동대문구 한천로 82 (장안동),근린생활1,제1종근린생활시설,1007121587,지번,1,False
1123010600101880018,서울특별시 동대문구 장안동,서울특별시 동대문구 한천로 84 (장안동),근린생활2,제2종근린생활시설,1007117035,지번,1,False
1123010600101880017,서울특별시 동대문구 장안동,서울특별시 동대문구 한천로 84-1 (장안동),근린생활2,제2종근린생활시설,100717596,지번,1,False
1123010600101880008,서울특별시 동대문구 장안동,서울특별시 동대문구 한천로 86 (장안동),근린생활1,제1종근린생활시설,1007126158,지번,1,False
1123010500100330027,서울특별시 동대문구 답십리동,서울특별시 동대문구 답십리로48길 65 (답십리동),근린생활2,제2종근린생활시설,1007116404,지번,1,False
1123011000101030013,서울특별시 동대문구 이문동,서울특별시 동대문구 한천로 419 (이문동),근린생활1,제1종근린생활시설,1007133055,지번,1,False
1123010600103780005,서울특별시 동대문구 장안동,서울특별시 동대문구 장한로17길 13-8 (장안동),근린생활1,제1종근린생활시설,100718131,지번,1,False
1123010500104820018,서울특별시 동대문구 답십리동,서울특별시 동대문구 천호대로67길 41 (답십리동),근린생활1,제1종근린생활시설,1007125856,지번,1,False
1123010600104140001,서울특별시 동대문구 장안동,서울특별시 동대문구 한천로2길 26 (장안동),근린생활1,업무시설,1000000000000005830276,지번,1,False
1123010500104900058,서울특별시 동대문구 답십리동,서울특별시 동대문구 전농로 15 (답십리동),근린생활2,제2종근린생활시설,100718192,지번,1,False
1123010500104900047,서울특별시 동대문구 답십리동,서울특별시 동대문구 전농로 9 (답십리동),근린생활1,제1종근린생활시설,1007127782,지번,1,False
1123010500104900046,서울특별시 동대문구 답십리동,서울특별시 동대문구 황물로 155 (답십리동),근린생활1,제1종근린생활시설,100717628,지번,1,False
1123010500104900133,서울특별시 동대문구 답십리동,서울특별시 동대문구 전농로 19 (답십리동),근린생활1,제1종근린생활시설,100716656,지번,1,False
1123010600104090001,서울특별시 동대문구 장안동,서울특별시 동대문구 한천로6길 26 (장안동),근린생활1,공동주택,10071100245254,지번,2,True
1123010600104090001,서울특별시 동대문구 장안동,서울특별시 동대문구 한천로6길 26 (장안동),근린생활1,공동주택,10071100245275,지번,2,True
1123010600104170013,서울특별시 동대문구 장안동,서울특별시 동대문구 한천로2길 95 (장안동),근린생활1,제1종근린생활시설,1007131391,지번,1,False
1123010600101950013,서울특별시 동대문구 장안동,서울특별시 동대문구 한천로10길 60 (장안동),근린생활1,제1종근린생활시설,1007111013,지번,1,False
1123010600101900015,서울특별시 동대문구 장안동,서울특별시 동대문구 한천로14길 17 (장안동),근린생활1,제1종근린생활시설,1007112452,지번,1,False
1123010500102590022,서울특별시 동대문구 답십리동,서울특별시 동대문구 전농로 57-1 (답십리동),근린생활1,제2종근린생활시설,10071100211131,지번,1,False
1123010500102600001,서울특별시 동대문구 답십리동,서울특별시 동대문구 전농로 53 (답십리동),근린생활1,제1종근린생활시설,1007111315,지번,1,False
1123010500102630001,서울특별시 동대문구 답십리동,서울특별시 동대문구 전농로 49-7 (답십리동),근린생활2,제1종근린생활시설,10071100215453,지번,2,False
1123010500102630001,서울특별시 동대문구 답십리동,서울특별시 동대문구 전농로 47 (답십리동),근린생활2,제2종근린생활시설,1007125112,지번,2,False
1123010500102670006,서울특별시 동대문구 답십리동,서울특별시 동대문구 전농로 41-1 (답십리동),근린생활2,제2종근린생활시설,1007136047,지번,1,False
1123010500102670008,서울특별시 동대문구 답십리동,서울특별시 동대문구 전농로 39 (답십리동),근린생활2,제2종근린생활시설,1007111141,지번,1,False
1123010500102680004,서울특별시 동대문구 답십리동,서울특별시 동대문구 전농로 35 (답십리동),근린생활2,제2종근린생활시설,1007127572,지번,1,False
1123010600104160001,서울특별시 동대문구 장안동,서울특별시 동대문구 한천로2길 84 (장안동),근린생활1,공동주택,10071100259515,지번,1,False
1123010600104150016,서울특별시 동대문구 장안동,서울특별시 동대문구 한천로2길 68 (장안동),근린생활1,제1종근린생활시설,1007120034,지번,1,False
1123010600104150003,서울특별시 동대문구 장안동,서울특별시 동대문구 한천로2길 66 (장안동),근린생활1,제1종근린생활시설,1007136944,지번,1,False
1123010500100040239,서울특별시 동대문구 답십리동,서울특별시 동대문구 한천로 71 (답십리동),근린생활1,제1종근린생활시설,1007123411,지번,1,False
1123010500100020050,서울특별시 동대문구 답십리동,서울특별시 동대문구 한천로 83 (답십리동),근린생활2,제2종근린생활시설,1007135469,지번,1,False
1123010500102560050,서울특별시 동대문구 답십리동,서울특별시 동대문구 전농로3길 66 (답십리동),근린생활1,제1종근린생활시설,1007121374,지번,1,False
1123010500102560049,서울특별시 동대문구 답십리동,서울특별시 동대문구 전농로3길 64 (답십리동),근린생활1,제1종근린생활시설,1007117690,지번,1,False
1123010500102500039,서울특별시 동대문구 답십리동,서울특별시 동대문구 전농로 73-17 (답십리동),근린생활1,제1종근린생활시설,1007128701,지번,1,False
1123010500105210010,서울특별시 동대문구 답십리동,서울특별시 동대문구 답십리로 99 (답십리동),근린생활2,제2종근린생활시설,1007113917,지번,1,False
1123010500100020112,서울특별시 동대문구 답십리동,서울특별시 동대문구 답십리로60길 68 (답십리동),근린생활1,제1종근린생활시설,100713498,지번,1,False
1123010500109030000,서울특별시 동대문구 답십리동,서울특별시 동대문구 답십리로60길 67 (답십리동),근린생활2,업무시설,10071100204283,지번,3,False
1123010500109030000,서울특별시 동대문구 답십리동,서울특별시 동대문구 답십리로60길 67 (답십리동),근린생활2,업무시설,10071100204284,지번,3,False
1123010500109030000,서울특별시 동대문구 답십리동,서울특별시 동대문구 답십리로60길 67 (답십리동),근린생활2,제2종근린생활시설,1007111592,지번,3,False
1123010500100040218,서울특별시 동대문구 답십리동,서울특별시 동대문구 답십리로60길 129-3 (답십리동),근린생활2,제2종근린생활시설,1007133838,지번,1,False
1123010500100580053,서울특별시 동대문구 답십리동,서울특별시 동대문구 답십리로58길 17 (답십리동),근린생활2,제2종근린생활시설,1007128576,지번,1,False
1123010500100040265,서울특별시 동대문구 답십리동,서울특별시 동대문구 한천로 67 (답십리동),근린생활1,제1종근린생활시설,1007116703,지번,1,False
1123010500100120265,서울특별시 동대문구 답십리동,서울특별시 동대문구 전농로4길 81 (답십리동),근린생활2,제2종근린생활시설,1007127362,지번,1,False
1123010600101860034,서울특별시 동대문구 장안동,서울특별시 동대문구 한천로 90 (장안동),근린생활2,제2종근린생활시설,1007125581,지번,1,False
1123010500100360062,서울특별시 동대문구 답십리동,서울특별시 동대문구 전농로 55 (답십리동),근린생활1,제2종근린생활시설,10071100245795,지번,1,False
1123010500102670003,서울특별시 동대문구 답십리동,서울특별시 동대문구 전농로 41 (답십리동),근린생활2,제2종근린생활시설,100718090,지번,1,False
1123010500102660003,서울특별시 동대문구 답십리동,서울특별시 동대문구 전농로 37 (답십리동),근린생활2,제2종근린생활시설,1007129430,지번,1,False
1123010500102710004,서울특별시 동대문구 답십리동,서울특별시 동대문구 전농로3길 48 (답십리동),근린생활1,제1종근린생활시설,1007125067,지번,1,False
1123010500102550006,서울특별시 동대문구 답십리동,서울특별시 동대문구 전농로5길 20 (답십리동),근린생활2,제2종근린생활시설,1007129500,지번,1,False
1123010500102530023,서울특별시 동대문구 답십리동,서울특별시 동대문구 전농로5길 10 (답십리동),근린생활1,제1종근린생활시설,100719242,지번,1,False
1123010500102570003,서울특별시 동대문구 답십리동,서울특별시 동대문구 전농로 65-1 (답십리동),근린생활1,제1종근린생활시설,1007135467,지번,1,False
1123010500102570005,서울특별시 동대문구 답십리동,서울특별시 동대문구 전농로 65 (답십리동),근린생활2,제2종근린생활시설,1007136161,지번,1,False
1123010500102490024,서울특별시 동대문구 답십리동,서울특별시 동대문구 전농로3길 102 (답십리동),근린생활2,제2종근린생활시설,1007136756,지번,1,False
1123010500102490026,서울특별시 동대문구 답십리동,서울특별시 동대문구 전농로3길 100 (답십리동),근린생활1,제1종근린생활시설,1007119928,지번,1,False
1123010500100120025,서울특별시 동대문구 답십리동,서울특별시 동대문구 한천로11길 35 (답십리동),근린생활1,제1종근린생활시설,1000000000000003975352,지번,1,False
1123010500100640039,서울특별시 동대문구 답십리동,서울특별시 동대문구 답십리로 173-6 (답십리동),근린생활1,제1종근린생활시설,1007133066,지번,1,False
1123010500100640040,서울특별시 동대문구 답십리동,서울특별시 동대문구 답십리로 173-4 (답십리동),근린생활1,제1종근린생활시설,100718809,지번,1,False
1123010500104940002,서울특별시 동대문구 답십리동,서울특별시 동대문구 천호대로 295 (답십리동),판매시설,판매시설,1007127221,지번,1,False
1123010600101660006,서울특별시 동대문구 장안동,서울특별시 동대문구 답십리로64길 75 (장안동),근린생활1,제1종근린생활시설,10071100191602,지번,1,False
1123010500100040225,서울특별시 동대문구 답십리동,서울특별시 동대문구 한천로11길 6-7 (답십리동),근린생활2,제2종근린생활시설,1007121940,지번,1,False
1123010500104900048,서울특별시 동대문구 답십리동,서울특별시 동대문구 전농로 11 (답십리동),근린생활2,제2종근린생활시설,1007124099,지번,1,False
1123010500104900005,서울특별시 동대문구 답십리동,서울특별시 동대문구 전농로 17 (답십리동),근린생활2,제2종근린생활시설,1007119808,지번,1,False
1123010600104150004,서울특별시 동대문구 장안동,서울특별시 동대문구 한천로2길 72 (장안동),근린생활1,제1종근린생활시설,1007117920,지번,1,False
1123010500102500001,서울특별시 동대문구 답십리동,서울특별시 동대문구 전농로 77 (답십리동),근린생활2,제2종근린생활시설,1007114043,지번,1,False
1123010500102500037,서울특별시 동대문구 답십리동,서울특별시 동대문구 전농로 75-18 (답십리동),근린생활2,제2종근린생활시설,1007118548,지번,1,False
1123010500102500019,서울특별시 동대문구 답십리동,서울특별시 동대문구 전농로 73-18 (답십리동),근린생활2,제2종근린생활시설,1007134296,지번,1,False
1123010500109600018,서울특별시 동대문구 답십리동,서울특별시 동대문구 황물로 177 (답십리동),근린생활1,제1종근린생활시설,1007127011,지번,1,False
1123010500109600016,서울특별시 동대문구 답십리동,서울특별시 동대문구 황물로 181-7 (답십리동),근린생활1,제1종근린생활시설,1007123290,지번,1,False
1123010500109600015,서울특별시 동대문구 답십리동,서울특별시 동대문구 황물로 181 (답십리동),근린생활1,제1종근린생활시설,1007111485,지번,1,False
1123010500109590026,서울특별시 동대문구 답십리동,서울특별시 동대문구 황물로 183 (답십리동),근린생활1,제1종근린생활시설,1007130515,지번,1,False
1123010500109590018,서울특별시 동대문구 답십리동,서울특별시 동대문구 황물로 185-1 (답십리동),근린생활1,제1종근린생활시설,10071100187553,지번,1,False
1123010500102460005,서울특별시 동대문구 답십리동,서울특별시 동대문구 답십리로 146 (답십리동),근린생활2,제2종근린생활시설,1007120184,지번,1,False
1123010500102460004,서울특별시 동대문구 답십리동,서울특별시 동대문구 답십리로 144 (답십리동),근린생활1,제1종근린생활시설,1007131923,지번,1,False
1123010500102460011,서울특별시 동대문구 답십리동,서울특별시 동대문구 전농로3길 108 (답십리동),근린생활1,제1종근린생활시설,1007134098,지번,1,False
1123010500100530050,서울특별시 동대문구 답십리동,서울특별시 동대문구 전농로 81 (답십리동),근린생활2,제2종근린생활시설,1007111020,지번,1,False
1123010600104150002,서울특별시 동대문구 장안동,서울특별시 동대문구 한천로2길 56 (장안동),근린생활1,제1종근린생활시설,100719338,지번,1,False
1123010500100040248,서울특별시 동대문구 답십리동,서울특별시 동대문구 한천로 69-1 (답십리동),근린생활1,제1종근린생활시설,100716565,지번,1,False
1123010500100040045,서울특별시 동대문구 답십리동,서울특별시 동대문구 한천로11길 6-11 (답십리동),근린생활1,제1종근린생활시설,1007112335,지번,1,False
1123010500100120003,서울특별시 동대문구 답십리동,서울특별시 동대문구 한천로11길 6 (답십리동),근린생활2,제1종근린생활시설,10071100235372,지번,1,False
1123010500107250000,서울특별시 동대문구 답십리동,서울특별시 동대문구 답십리로 230 (답십리동),근린생활1,제1종근린생활시설,1007124270,지번,1,False
1123010600101450001,서울특별시 동대문구 장안동,서울특별시 동대문구 답십리로64길 16 (장안동),근린생활2,업무시설,10071100206024,지번,1,False
1123010600101460006,서울특별시 동대문구 장안동,서울특별시 동대문구 한천로26길 9 (장안동),근린생활2,제2종근린생활시설,10071100186565,지번,1,False
1123010500109570028,서울특별시 동대문구 답십리동,서울특별시 동대문구 황물로15나길 14 (답십리동),근린생활1,제1종근린생활시설,1007132645,지번,1,False
1123010500109570024,서울특별시 동대문구 답십리동,서울특별시 동대문구 황물로15나길 20 (답십리동),근린생활1,제1종근린생활시설,1007120362,지번,1,False
1123010500109580002,서울특별시 동대문구 답십리동,서울특별시 동대문구 황물로15가길 21 (답십리동),근린생활1,제1종근린생활시설,1007134545,지번,1,False
1123010500109580003,서울특별시 동대문구 답십리동,서울특별시 동대문구 황물로15가길 19 (답십리동),근린생활1,제1종근린생활시설,1007130239,지번,1,False
1123010500109580005,서울특별시 동대문구 답십리동,서울특별시 동대문구 황물로15가길 15 (답십리동),근린생활1,제1종근린생활시설,1007130064,지번,1,False
1123010500109580008,서울특별시 동대문구 답십리동,서울특별시 동대문구 황물로15가길 7 (답십리동),근린생활1,제1종근린생활시설,1007135688,지번,1,False
1123010500109580026,서울특별시 동대문구 답십리동,서울특별시 동대문구 황물로15길 14 (답십리동),근린생활2,제2종근린생활시설,1007119683,지번,1,False
1123010500109580022,서울특별시 동대문구 답십리동,서울특별시 동대문구 황물로15가길 6 (답십리동),근린생활1,제1종근린생활시설,1007121189,지번,1,False
1123010500109580019,서울특별시 동대문구 답십리동,서울특별시 동대문구 황물로15가길 8 (답십리동),근린생활2,제2종근린생활시설,1007116901,지번,1,False
1123010500109580013,서울특별시 동대문구 답십리동,서울특별시 동대문구 황물로15가길 14 (답십리동),근린생활2,제2종근린생활시설,1007111254,지번,1,False
1123010500109590001,서울특별시 동대문구 답십리동,서울특별시 동대문구 황물로17길 13 (답십리동),근린생활1,제1종근린생활시설,1007127955,지번,1,False
1123010500109580023,서울특별시 동대문구 답십리동,서울특별시 동대문구 황물로15가길 6-6 (답십리동),근린생활1,제1종근린생활시설,1007116663,지번,1,False
1123010500109580020,서울특별시 동대문구 답십리동,서울특별시 동대문구 황물로15가길 6-3 (답십리동),근린생활2,제2종근린생활시설,1007120867,지번,1,False
1123010500109580021,서울특별시 동대문구 답십리동,서울특별시 동대문구 황물로15길 10-7 (답십리동),근린생활1,제1종근린생활시설,1007122766,지번,1,False
1123010500109590006,서울특별시 동대문구 답십리동,서울특별시 동대문구 황물로17길 9-8 (답십리동),근린생활1,제1종근린생활시설,1007130124,지번,1,False
1123010600101630020,서울특별시 동대문구 장안동,서울특별시 동대문구 한천로24길 16 (장안동),근린생활1,제1종근린생활시설,1007125733,지번,1,False
1123010600101830016,서울특별시 동대문구 장안동,서울특별시 동대문구 답십리로64길 103 (장안동),근린생활2,제1종근린생활시설,10071100224492,지번,1,False
1123010500104740001,서울특별시 동대문구 답십리동,서울특별시 동대문구 답십리로 94 (답십리동),근린생활1,업무시설,1007127173,지번,1,False
1123010500104750001,서울특별시 동대문구 답십리동,서울특별시 동대문구 답십리로 100 (답십리동),근린생활2,제2종근린생활시설,1007116219,지번,1,False
1123010500104750002,서울특별시 동대문구 답십리동,서울특별시 동대문구 답십리로 100-1 (답십리동),근린생활1,제1종근린생활시설,1007115271,지번,1,False
1123010500109590009,서울특별시 동대문구 답십리동,서울특별시 동대문구 황물로17길 11 (답십리동),근린생활1,제1종근린생활시설,1007120076,지번,1,False
1123010500109590023,서울특별시 동대문구 답십리동,서울특별시 동대문구 황물로 183-7 (답십리동),근린생활1,제1종근린생활시설,1007115660,지번,1,False
1123010500109590020,서울특별시 동대문구 답십리동,서울특별시 동대문구 황물로17길 9-7 (답십리동),근린생활1,제1종근린생활시설,1007131118,지번,1,False
1123010500109590016,서울특별시 동대문구 답십리동,서울특별시 동대문구 황물로17길 9-5 (답십리동),근린생활1,제1종근린생활시설,1007133625,지번,1,False
1123010500109590017,서울특별시 동대문구 답십리동,서울특별시 동대문구 황물로 187-5 (답십리동),근린생활1,제1종근린생활시설,1007130094,지번,1,False
1123010500109630002,서울특별시 동대문구 답십리동,서울특별시 동대문구 전농로4길 48 (답십리동),근린생활1,제1종근린생활시설,1007134541,지번,1,False
1123010500104880302,서울특별시 동대문구 답십리동,서울특별시 동대문구 황물로 171 (답십리동),근린생활1,제1종근린생활시설,1007117479,지번,1,False
1123010500109860014,서울특별시 동대문구 답십리동,서울특별시 동대문구 황물로 175 (답십리동),근린생활2,제2종근린생활시설,1007125935,지번,1,False
1123010500109530018,서울특별시 동대문구 답십리동,서울특별시 동대문구 황물로15다길 3 (답십리동),근린생활1,제1종근린생활시설,1007121719,지번,1,False
1123010500104750069,서울특별시 동대문구 답십리동,서울특별시 동대문구 사가정로 45 (답십리동),근린생활2,제2종근린생활시설,100714960,지번,2,False
1123010500104830045,서울특별시 동대문구 답십리동,서울특별시 동대문구 천호대로67길 30 (답십리동),근린생활1,제1종근린생활시설,1007135581,지번,1,False
1123010500104970003,서울특별시 동대문구 답십리동,서울특별시 동대문구 고미술로 18 (답십리동),근린생활2,제2종근린생활시설,1007123800,지번,1,False
1123010500100290062,서울특별시 동대문구 답십리동,서울특별시 동대문구 답십리로48길 86 (답십리동),근린생활2,제2종근린생활시설,100719973,지번,1,False
1123010500109560025,서울특별시 동대문구 답십리동,서울특별시 동대문구 황물로15다길 23 (답십리동),근린생활1,제1종근린생활시설,1007127030,지번,1,False
1123010500102480013,서울특별시 동대문구 답십리동,서울특별시 동대문구 전농로3길 98 (답십리동),근린생활1,제1종근린생활시설,1007134086,지번,1,False
1123010500109600017,서울특별시 동대문구 답십리동,서울특별시 동대문구 황물로 179 (답십리동),근린생활1,제1종근린생활시설,1007112061,지번,1,False
1123010500109600013,서울특별시 동대문구 답십리동,서울특별시 동대문구 황물로 181-1 (답십리동),근린생활1,제1종근린생활시설,1007136536,지번,1,False
1123010500102460010,서울특별시 동대문구 답십리동,서울특별시 동대문구 전농로3길 110 (답십리동),근린생활1,제1종근린생활시설,100719501,지번,1,False
1123010500102490015,서울특별시 동대문구 답십리동,서울특별시 동대문구 전농로 83-20 (답십리동),근린생활2,제1종근린생활시설,10071100267255,지번,1,False
1123010500109580001,서울특별시 동대문구 답십리동,서울특별시 동대문구 황물로17길 17 (답십리동),근린생활1,제1종근린생활시설,1007121080,지번,1,False
1123010500109580006,서울특별시 동대문구 답십리동,서울특별시 동대문구 황물로15가길 13 (답십리동),근린생활1,제1종근린생활시설,1007126069,지번,1,False
1123010500109580011,서울특별시 동대문구 답십리동,서울특별시 동대문구 황물로15가길 3 (답십리동),근린생활2,제2종근린생활시설,1007110391,지번,1,False
1123010500109580018,서울특별시 동대문구 답십리동,서울특별시 동대문구 황물로15가길 10 (답십리동),근린생활1,제1종근린생활시설,1007122057,지번,1,False
1123010500104750143,서울특별시 동대문구 답십리동,서울특별시 동대문구 사가정로 37 (답십리동),근린생활1,제1종근린생활시설,100714964,지번,1,False
1123010500104870039,서울특별시 동대문구 답십리동,서울특별시 동대문구 천호대로75길 54 (답십리동),근린생활1,제1종근린생활시설,1007112020,지번,1,False
1123010500104870020,서울특별시 동대문구 답십리동,서울특별시 동대문구 전농로 23 (답십리동),근린생활1,제1종근린생활시설,1007121466,지번,1,False
1123010600101920030,서울특별시 동대문구 장안동,서울특별시 동대문구 한천로14길 12 (장안동),근린생활1,제2종근린생활시설,10071100238412,지번,1,False
1123010600104030007,서울특별시 동대문구 장안동,서울특별시 동대문구 장한로5길 41 (장안동),근린생활1,제1종근린생활시설,1007116555,지번,1,False
1123010600104030008,서울특별시 동대문구 장안동,서울특별시 동대문구 천호대로79길 59 (장안동),근린생활1,제1종근린생활시설,1007127934,지번,1,False
1123010600104030004,서울특별시 동대문구 장안동,서울특별시 동대문구 장한로5길 51 (장안동),근린생활1,제1종근린생활시설,1007130869,지번,1,False
1123010600104030002,서울특별시 동대문구 장안동,서울특별시 동대문구 장한로5길 55 (장안동),근린생활1,제1종근린생활시설,1007123713,지번,1,False
1123010600104030001,서울특별시 동대문구 장안동,서울특별시 동대문구 천호대로77길 84 (장안동),근린생활1,제1종근린생활시설,1007134852,지번,1,False
1123010600104030014,서울특별시 동대문구 장안동,서울특별시 동대문구 천호대로77나길 3 (장안동),근린생활1,제1종근린생활시설,1007129187,지번,1,False
1123010600104030012,서울특별시 동대문구 장안동,서울특별시 동대문구 천호대로77나길 13 (장안동),근린생활1,제1종근린생활시설,1007117773,지번,1,False
1123010600104040001,서울특별시 동대문구 장안동,서울특별시 동대문구 천호대로77나길 2 (장안동),근린생활1,제1종근린생활시설,1007122208,지번,1,False
1123010600104040018,서울특별시 동대문구 장안동,서울특별시 동대문구 천호대로77나길 4 (장안동),근린생활1,단독주택,1000000000000004643239,지번,1,False
1123010600104040003,서울특별시 동대문구 장안동,서울특별시 동대문구 천호대로77가길 9-11 (장안동),근린생활1,제1종근린생활시설,1007121815,지번,1,False
1123010500107660000,서울특별시 동대문구 답십리동,서울특별시 동대문구 한천로 103 (답십리동),근린생활1,제1종근린생활시설,1007132855,지번,1,False
1123010500107770000,서울특별시 동대문구 답십리동,서울특별시 동대문구 한천로 99 (답십리동),근린생활2,제2종근린생활시설,1007132604,지번,1,False
1123010600101860011,서울특별시 동대문구 장안동,서울특별시 동대문구 한천로20길 14-1 (장안동),근린생활2,제2종근린생활시설,1007123755,지번,1,False
1123010600103940010,서울특별시 동대문구 장안동,서울특별시 동대문구 답십리로66길 99 (장안동),근린생활1,제1종근린생활시설,1007136064,지번,1,False
1123010600103780006,서울특별시 동대문구 장안동,서울특별시 동대문구 장한로17길 13-10 (장안동),근린생활1,제1종근린생활시설,1007136040,지번,1,False
1123010600103950003,서울특별시 동대문구 장안동,서울특별시 동대문구 장한로17길 36 (장안동),근린생활1,제1종근린생활시설,100714154,지번,2,False
1123010600103950003,서울특별시 동대문구 장안동,서울특별시 동대문구 한천로18길 52 (장안동),근린생활1,제1종근린생활시설,100714155,지번,2,False
1123010600103960003,서울특별시 동대문구 장안동,서울특별시 동대문구 답십리로66길 129 (장안동),근린생활2,제2종근린생활시설,1007116356,지번,1,False
1123010600103960004,서울특별시 동대문구 장안동,서울특별시 동대문구 장한로17길 66 (장안동),근린생활2,제2종근린생활시설,1007131221,지번,1,False
1123010600104330003,서울특별시 동대문구 장안동,서울특별시 동대문구 장한로 24 (장안동),근린생활2,제2종근린생활시설,100718397,지번,1,False
1123010600104330017,서울특별시 동대문구 장안동,서울특별시 동대문구 장한로 12 (장안동),근린생활2,제2종근린생활시설,1007125516,지번,1,False
1123010600104330008,서울특별시 동대문구 장안동,서울특별시 동대문구 장한로2길 7 (장안동),근린생활2,제2종근린생활시설,1007114063,지번,1,False
1123010600104290005,서울특별시 동대문구 장안동,서울특별시 동대문구 천호대로83길 92 (장안동),근린생활2,제2종근린생활시설,1007125510,지번,1,False
1123010600101940012,서울특별시 동대문구 장안동,서울특별시 동대문구 답십리로66길 136 (장안동),근린생활2,제2종근린생활시설,1007119490,지번,1,False
1123010500100640006,서울특별시 동대문구 답십리동,서울특별시 동대문구 답십리로 174 (답십리동),근린생활2,제2종근린생활시설,1007112736,지번,1,False
1123010600101900065,서울특별시 동대문구 장안동,서울특별시 동대문구 한천로 72 (장안동),근린생활2,제2종근린생활시설,1007129710,지번,1,False
1123010500102520004,서울특별시 동대문구 답십리동,서울특별시 동대문구 전농로 73 (답십리동),근린생활2,제2종근린생활시설,1007124348,지번,1,False
1123010500102460006,서울특별시 동대문구 답십리동,서울특별시 동대문구 답십리로 148 (답십리동),근린생활2,제2종근린생활시설,1007118702,지번,1,False
1123010500104880327,서울특별시 동대문구 답십리동,서울특별시 동대문구 전농로 12 (답십리동),근린생활1,제1종근린생활시설,1007129531,지번,1,False
1123010500100580004,서울특별시 동대문구 답십리동,서울특별시 동대문구 답십리로58길 31 (답십리동),근린생활1,제1종근린생활시설,1007120289,지번,1,False
1123010500108010000,서울특별시 동대문구 답십리동,서울특별시 동대문구 한천로 95 (답십리동),근린생활2,제2종근린생활시설,1007129112,지번,1,False
1123010600104010007,서울특별시 동대문구 장안동,서울특별시 동대문구 장한로5길 50-1 (장안동),근린생활1,제1종근린생활시설,10071100186765,지번,2,False
1123010600104010007,서울특별시 동대문구 장안동,서울특별시 동대문구 장한로5길 50-1 (장안동),근린생활1,제1종근린생활시설,1007114343,지번,2,False
1123010600104010006,서울특별시 동대문구 장안동,서울특별시 동대문구 천호대로77길 94 (장안동),근린생활1,제1종근린생활시설,1007129086,지번,1,False
1123010600104010002,서울특별시 동대문구 장안동,서울특별시 동대문구 천호대로77다길 6 (장안동),근린생활1,공동주택,10071100242613,지번,1,False
1123010600101950003,서울특별시 동대문구 장안동,서울특별시 동대문구 한천로14길 32 (장안동),근린생활1,제1종근린생활시설,1007135651,지번,1,False
1123010500104890001,서울특별시 동대문구 답십리동,서울특별시 동대문구 천호대로73길 44 (답십리동),근린생활2,제2종근린생활시설,1007133156,지번,1,False
1123010500104890147,서울특별시 동대문구 답십리동,서울특별시 동대문구 천호대로73길 38 (답십리동),근린생활1,제1종근린생활시설,1007126019,지번,1,False
1123010500104850039,서울특별시 동대문구 답십리동,서울특별시 동대문구 사가정로2길 100 (답십리동),근린생활1,제1종근린생활시설,1007124403,지번,1,False
1123010600101450020,서울특별시 동대문구 장안동,서울특별시 동대문구 한천로26길 13 (장안동),근린생활1,제1종근린생활시설,1007114828,지번,1,False
1123010600101940004,서울특별시 동대문구 장안동,서울특별시 동대문구 답십리로66길 126 (장안동),근린생활1,제1종근린생활시설,1007131757,지번,1,False
1123010600101670005,서울특별시 동대문구 장안동,서울특별시 동대문구 답십리로66길 70 (장안동),근린생활1,제1종근린생활시설,1007134270,지번,1,False
1123010600103940015,서울특별시 동대문구 장안동,서울특별시 동대문구 답십리로68길 112 (장안동),근린생활1,제1종근린생활시설,1007122145,지번,1,False
1123010500100570025,서울특별시 동대문구 답십리동,서울특별시 동대문구 답십리로58길 53 (답십리동),근린생활1,제1종근린생활시설,1007119860,지번,1,False
1123010500100520003,서울특별시 동대문구 답십리동,서울특별시 동대문구 전농로 80 (답십리동),근린생활1,제1종근린생활시설,1007112563,지번,1,False
1123010500100520004,서울특별시 동대문구 답십리동,서울특별시 동대문구 전농로 78 (답십리동),근린생활2,제2종근린생활시설,1007126449,지번,1,False
1123010500100530036,서울특별시 동대문구 답십리동,서울특별시 동대문구 답십리로 166 (답십리동),근린생활2,제2종근린생활시설,1007126795,지번,1,False
1123010500100530035,서울특별시 동대문구 답십리동,서울특별시 동대문구 답십리로 164 (답십리동),근린생활1,제1종근린생활시설,1007115193,지번,1,False
1123010500101110000,서울특별시 동대문구 답십리동,서울특별시 동대문구 답십리로41길 33 (답십리동),근린생활2,제2종근린생활시설,100716509,지번,5,False
1123010500104900009,서울특별시 동대문구 답십리동,서울특별시 동대문구 천호대로75길 30-1 (답십리동),근린생활1,제1종근린생활시설,1007134013,지번,1,False
1123010500104890009,서울특별시 동대문구 답십리동,서울특별시 동대문구 천호대로73길 30 (답십리동),근린생활1,제1종근린생활시설,100713605,지번,3,False
1123010500104980004,서울특별시 동대문구 답십리동,서울특별시 동대문구 고미술로 14 (답십리동),근린생활2,제2종근린생활시설,1007128473,지번,1,False
1123010500104820055,서울특별시 동대문구 답십리동,서울특별시 동대문구 황물로 97 (답십리동),근린생활2,제2종근린생활시설,1007113084,지번,1,False
1123010500100800000,서울특별시 동대문구 답십리동,서울특별시 동대문구 답십리로57길 53 (답십리동),근린생활1,제2종근린생활시설,100716496,지번,19,False
1123010500100800000,서울특별시 동대문구 답십리동,서울특별시 동대문구 전농로10길 20 (답십리동),근린생활1,제1종근린생활시설,100716502,지번,19,False
1123010500104850062,서울특별시 동대문구 답십리동,서울특별시 동대문구 천호대로73길 25 (답십리동),근린생활2,제2종근린생활시설,100716312,지번,2,False
1123010500104850062,서울특별시 동대문구 답십리동,서울특별시 동대문구 천호대로73길 27 (답십리동),근린생활2,제2종근린생활시설,100716313,지번,2,False
1123010500103220050,서울특별시 동대문구 답십리동,서울특별시 동대문구 천호대로69길 42 (답십리동),근린생활1,제1종근린생활시설,1007118591,지번,1,False
1123010500104830014,서울특별시 동대문구 답십리동,서울특별시 동대문구 황물로3길 6-10 (답십리동),근린생활1,제1종근린생활시설,1007132411,지번,1,False
1123010500104870010,서울특별시 동대문구 답십리동,서울특별시 동대문구 사가정로2길 131 (답십리동),근린생활2,제2종근린생활시설,1007110695,지번,1,False
1123010600101920075,서울특별시 동대문구 장안동,서울특별시 동대문구 한천로 60 (장안동),근린생활1,제1종근린생활시설,1007115924,지번,1,False
1123010600104030006,서울특별시 동대문구 장안동,서울특별시 동대문구 장한로5길 43 (장안동),근린생활2,제2종근린생활시설,1007114769,지번,1,False
1123010600104030003,서울특별시 동대문구 장안동,서울특별시 동대문구 장한로5길 53 (장안동),근린생활1,제1종근린생활시설,1007131859,지번,1,False
1123010600102150015,서울특별시 동대문구 장안동,서울특별시 동대문구 천호대로77길 113 (장안동),근린생활1,제1종근린생활시설,1007116761,지번,1,False
1123010600102150017,서울특별시 동대문구 장안동,서울특별시 동대문구 천호대로77길 111 (장안동),근린생활1,제1종근린생활시설,1007129097,지번,1,False
1123010600102160006,서울특별시 동대문구 장안동,서울특별시 동대문구 천호대로77길 97 (장안동),근린생활1,제1종근린생활시설,1007117804,지번,1,False
1123010500100500022,서울특별시 동대문구 답십리동,서울특별시 동대문구 답십리로48길 24-1 (답십리동),근린생활1,제1종근린생활시설,1007128811,지번,1,False
1123010500100500031,서울특별시 동대문구 답십리동,서울특별시 동대문구 답십리로48길 34 (답십리동),근린생활1,제1종근린생활시설,1007118032,지번,1,False
1123010500100500033,서울특별시 동대문구 답십리동,서울특별시 동대문구 전농로 70-1 (답십리동),근린생활2,제2종근린생활시설,1007110368,지번,1,False
1123010500100470006,서울특별시 동대문구 답십리동,서울특별시 동대문구 답십리로48가길 34 (답십리동),근린생활2,제2종근린생활시설,1007114437,지번,1,False
1123010500100530025,서울특별시 동대문구 답십리동,서울특별시 동대문구 답십리로48길 5 (답십리동),근린생활1,제1종근린생활시설,1007112950,지번,1,False
1123010500100530027,서울특별시 동대문구 답십리동,서울특별시 동대문구 답십리로48길 7 (답십리동),근린생활1,제1종근린생활시설,100717370,지번,1,False
1123010500100530004,서울특별시 동대문구 답십리동,서울특별시 동대문구 답십리로 160 (답십리동),근린생활1,제1종근린생활시설,1007125148,지번,1,False
1123010500100640051,서울특별시 동대문구 답십리동,서울특별시 동대문구 답십리로53길 4 (답십리동),근린생활1,제1종근린생활시설,100714387,지번,2,False
1123010500104840028,서울특별시 동대문구 답십리동,서울특별시 동대문구 황물로 115-1 (답십리동),근린생활1,제1종근린생활시설,100719864,지번,1,False
1123010400106550038,서울특별시 동대문구 전농동,서울특별시 동대문구 답십리로 105 (전농동),근린생활2,제2종근린생활시설,1007127083,지번,1,False
1123010500103220013,서울특별시 동대문구 답십리동,서울특별시 동대문구 사가정로2길 60 (답십리동),근린생활2,제2종근린생활시설,1007136695,지번,1,False
1123010500100640009,서울특별시 동대문구 답십리동,서울특별시 동대문구 답십리로 170 (답십리동),근린생활2,제2종근린생활시설,1007123637,지번,1,False
1123010500109610009,서울특별시 동대문구 답십리동,서울특별시 동대문구 고미술로 99 (답십리동),판매시설,판매시설,1007113065,지번,1,False
1123010600104480001,서울특별시 동대문구 장안동,서울특별시 동대문구 천호대로85길 40 (장안동),근린생활1,제1종근린생활시설,1007128159,지번,3,False
1123010600104500006,서울특별시 동대문구 장안동,서울특별시 동대문구 천호대로87길 29 (장안동),근린생활1,제1종근린생활시설,1007130396,지번,1,False
1123010600104600011,서울특별시 동대문구 장안동,서울특별시 동대문구 장한로6길 32 (장안동),근린생활1,제1종근린생활시설,100719129,지번,1,False
1123010500100030060,서울특별시 동대문구 답십리동,서울특별시 동대문구 답십리로 214-13 (답십리동),근린생활2,제2종근린생활시설,10071100182648,지번,1,False
1123010600101460018,서울특별시 동대문구 장안동,서울특별시 동대문구 한천로 128 (장안동),근린생활1,업무시설,10071100262895,지번,1,False
1123010600101530008,서울특별시 동대문구 장안동,서울특별시 동대문구 답십리로64길 50 (장안동),근린생활1,제1종근린생활시설,1007127854,지번,1,False
1123010600101520012,서울특별시 동대문구 장안동,서울특별시 동대문구 한천로26길 12-1 (장안동),근린생활1,제1종근린생활시설,100717437,지번,1,False
1123010600101520011,서울특별시 동대문구 장안동,서울특별시 동대문구 한천로26길 16 (장안동),근린생활1,제1종근린생활시설,1007120755,지번,1,False
1123010600102160009,서울특별시 동대문구 장안동,서울특별시 동대문구 천호대로77길 91 (장안동),근린생활1,제1종근린생활시설,1007130430,지번,1,False
1123010600101900028,서울특별시 동대문구 장안동,서울특별시 동대문구 한천로 78 (장안동),근린생활1,제1종근린생활시설,1007132157,지번,1,False
1123010600101900076,서울특별시 동대문구 장안동,서울특별시 동대문구 한천로 74 (장안동),근린생활1,제1종근린생활시설,1007121704,지번,1,False
1123010600103990029,서울특별시 동대문구 장안동,서울특별시 동대문구 천호대로77길 116 (장안동),근린생활1,제1종근린생활시설,1007115431,지번,1,False
1123010600103990034,서울특별시 동대문구 장안동,서울특별시 동대문구 천호대로77길 100 (장안동),근린생활1,제1종근린생활시설,1007131657,지번,1,False
1123010600104060004,서울특별시 동대문구 장안동,서울특별시 동대문구 한천로6길 57 (장안동),근린생활1,제1종근린생활시설,1007114036,지번,1,False
1123010600104060008,서울특별시 동대문구 장안동,서울특별시 동대문구 한천로6길 47-10 (장안동),근린생활2,제2종근린생활시설,1007116789,지번,1,False
1123010600104070016,서울특별시 동대문구 장안동,서울특별시 동대문구 천호대로77길 38 (장안동),근린생활1,제1종근린생활시설,1007126180,지번,1,False
1123010600104070011,서울특별시 동대문구 장안동,서울특별시 동대문구 천호대로77길 40 (장안동),근린생활2,제2종근린생활시설,1007131143,지번,1,False
1123010600104070014,서울특별시 동대문구 장안동,서울특별시 동대문구 천호대로77길 46 (장안동),근린생활2,제2종근린생활시설,1007135692,지번,1,False
1123010600104070001,서울특별시 동대문구 장안동,서울특별시 동대문구 천호대로77길 50 (장안동),근린생활1,제1종근린생활시설,1007123528,지번,1,False
1123010500100530012,서울특별시 동대문구 답십리동,서울특별시 동대문구 답십리로48길 12 (답십리동),근린생활1,제1종근린생활시설,1007121214,지번,1,False
1123010500100530011,서울특별시 동대문구 답십리동,서울특별시 동대문구 전농로 84 (답십리동),근린생활2,제2종근린생활시설,1007131843,지번,1,False
1123010500100530007,서울특별시 동대문구 답십리동,서울특별시 동대문구 전농로 86 (답십리동),근린생활1,제1종근린생활시설,1007113337,지번,1,False
1123010500100530003,서울특별시 동대문구 답십리동,서울특별시 동대문구 답십리로 158 (답십리동),근린생활1,제1종근린생활시설,1007117063,지번,1,False
1123010500100640043,서울특별시 동대문구 답십리동,서울특별시 동대문구 답십리로 173 (답십리동),근린생활1,제1종근린생활시설,1007131835,지번,1,False
1123010600103980006,서울특별시 동대문구 장안동,서울특별시 동대문구 장한로17길 55 (장안동),근린생활2,제2종근린생활시설,1007136888,지번,1,False
1123010600104600002,서울특별시 동대문구 장안동,서울특별시 동대문구 천호대로85길 28 (장안동),근린생활1,제1종근린생활시설,1007119001,지번,1,False
1123010600103970012,서울특별시 동대문구 장안동,서울특별시 동대문구 장한로17길 37 (장안동),근린생활1,제1종근린생활시설,1007135548,지번,1,False
1123010500102420003,서울특별시 동대문구 답십리동,서울특별시 동대문구 전농로 91 (답십리동),근린생활1,제1종근린생활시설,1007117643,지번,1,False
1123010600104140008,서울특별시 동대문구 장안동,서울특별시 동대문구 천호대로 365 (장안동),근린생활1,제1종근린생활시설,1007135915,지번,1,False
1123010500102410016,서울특별시 동대문구 답십리동,서울특별시 동대문구 답십리로 145 (답십리동),근린생활1,제1종근린생활시설,1007132671,지번,1,False
1123010500100650005,서울특별시 동대문구 답십리동,서울특별시 동대문구 답십리로53길 1 (답십리동),근린생활2,제2종근린생활시설,100719378,지번,1,False
1123010500104850130,서울특별시 동대문구 답십리동,서울특별시 동대문구 황물로5길 28 (답십리동),근린생활2,제2종근린생활시설,1007134758,지번,1,False
1123010500103230006,서울특별시 동대문구 답십리동,서울특별시 동대문구 황물로3길 23 (답십리동),근린생활1,제1종근린생활시설,1007126231,지번,1,False
1123010500103220015,서울특별시 동대문구 답십리동,서울특별시 동대문구 사가정로2길 56 (답십리동),근린생활1,제1종근린생활시설,1007122921,지번,1,False
1123010500100020043,서울특별시 동대문구 답십리동,서울특별시 동대문구 한천로 77 (답십리동),근린생활1,제1종근린생활시설,1007121449,지번,1,False
1123010600104230004,서울특별시 동대문구 장안동,서울특별시 동대문구 천호대로83길 31 (장안동),근린생활1,제1종근린생활시설,1007125973,지번,1,False
1123010600104330005,서울특별시 동대문구 장안동,서울특별시 동대문구 장한로 20 (장안동),근린생활1,제1종근린생활시설,1007126948,지번,1,False
1123010600104620002,서울특별시 동대문구 장안동,서울특별시 동대문구 천호대로87길 11 (장안동),근린생활2,제2종근린생활시설,1007136726,지번,1,False
1123010600103920001,서울특별시 동대문구 장안동,서울특별시 동대문구 답십리로66길 63 (장안동),근린생활1,제1종근린생활시설,1007115014,지번,1,False
1123010600101510013,서울특별시 동대문구 장안동,서울특별시 동대문구 한천로 114 (장안동),근린생활1,제1종근린생활시설,1007130072,지번,1,False
1123010600102180002,서울특별시 동대문구 장안동,서울특별시 동대문구 장한로5길 73 (장안동),근린생활1,제1종근린생활시설,1007115299,지번,1,False
1123010600102370007,서울특별시 동대문구 장안동,서울특별시 동대문구 한천로 28 (장안동),근린생활2,제2종근린생활시설,100717618,지번,1,False
1123010600102370008,서울특별시 동대문구 장안동,서울특별시 동대문구 한천로 26-1 (장안동),근린생활2,제2종근린생활시설,1007112034,지번,1,False
1123010600104090006,서울특별시 동대문구 장안동,서울특별시 동대문구 천호대로77길 17 (장안동),근린생활1,제1종근린생활시설,1007126822,지번,1,False
1123010600104090003,서울특별시 동대문구 장안동,서울특별시 동대문구 한천로2길 27-4 (장안동),근린생활1,제1종근린생활시설,1007135707,지번,1,False
1123010600104100004,서울특별시 동대문구 장안동,서울특별시 동대문구 한천로2길 27-7 (장안동),근린생활2,제2종근린생활시설,1007116275,지번,1,False
1123010600104100002,서울특별시 동대문구 장안동,서울특별시 동대문구 한천로6길 20 (장안동),근린생활1,제1종근린생활시설,1007135444,지번,1,False
1123010600104140010,서울특별시 동대문구 장안동,서울특별시 동대문구 천호대로77길 9 (장안동),근린생활1,제1종근린생활시설,1007133823,지번,1,False
1123010600104140006,서울특별시 동대문구 장안동,서울특별시 동대문구 천호대로 373 (장안동),근린생활1,자동차관련시설,10071100238492,지번,1,False
1123010600104050012,서울특별시 동대문구 장안동,서울특별시 동대문구 천호대로77가길 9-2 (장안동),근린생활1,제1종근린생활시설,1007120977,지번,1,False
1123010600104050009,서울특별시 동대문구 장안동,서울특별시 동대문구 천호대로79길 29 (장안동),근린생활1,제1종근린생활시설,1007119631,지번,1,False
1123010600104170002,서울특별시 동대문구 장안동,서울특별시 동대문구 장한로3길 17 (장안동),근린생활1,공동주택,10071100226673,지번,2,True
1123010600104170002,서울특별시 동대문구 장안동,서울특별시 동대문구 장한로3길 17 (장안동),근린생활1,공동주택,10071100226690,지번,2,True
1123010600103960007,서울특별시 동대문구 장안동,서울특별시 동대문구 답십리로66길 125 (장안동),근린생활1,제1종근린생활시설,1007112422,지번,1,False
1123010600103940006,서울특별시 동대문구 장안동,서울특별시 동대문구 답십리로68길 110 (장안동),근린생활1,제1종근린생활시설,1007123715,지번,1,False
1123010500100500024,서울특별시 동대문구 답십리동,서울특별시 동대문구 전농로 76 (답십리동),근린생활1,제1종근린생활시설,1007110879,지번,1,False
1123010500100500027,서울특별시 동대문구 답십리동,서울특별시 동대문구 전농로 72 (답십리동),근린생활2,제2종근린생활시설,1007135958,지번,1,False
1123010500100360010,서울특별시 동대문구 답십리동,서울특별시 동대문구 전농로 68-3 (답십리동),근린생활1,제1종근린생활시설,1007123246,지번,1,False
1123010500100530009,서울특별시 동대문구 답십리동,서울특별시 동대문구 답십리로48길 8 (답십리동),근린생활1,제1종근린생활시설,1007113858,지번,1,False
1123010500100530015,서울특별시 동대문구 답십리동,서울특별시 동대문구 전농로 82 (답십리동),근린생활2,제2종근린생활시설,1000000000000002229656,지번,1,False
1123010500100640054,서울특별시 동대문구 답십리동,서울특별시 동대문구 답십리로 171 (답십리동),근린생활1,제1종근린생활시설,1007116642,지번,1,False
1123010600101690003,서울특별시 동대문구 장안동,서울특별시 동대문구 답십리로66길 34 (장안동),근린생활1,제1종근린생활시설,1007130032,지번,1,False
1123010600101940011,서울특별시 동대문구 장안동,서울특별시 동대문구 답십리로66길 132 (장안동),근린생활1,제1종근린생활시설,1007122983,지번,1,False
1123010600101670007,서울특별시 동대문구 장안동,서울특별시 동대문구 답십리로66길 72-3 (장안동),근린생활1,공동주택,10071100253534,지번,1,False
1123010600101850006,서울특별시 동대문구 장안동,서울특별시 동대문구 한천로18길 29-1 (장안동),근린생활2,제2종근린생활시설,100716625,지번,1,False
1123010600101850023,서울특별시 동대문구 장안동,서울특별시 동대문구 한천로18길 23 (장안동),근린생활1,제1종근린생활시설,100718994,지번,1,False
1123010600101840020,서울특별시 동대문구 장안동,서울특별시 동대문구 답십리로66길 94 (장안동),근린생활1,제1종근린생활시설,1007118588,지번,1,False
1123010600104300012,서울특별시 동대문구 장안동,서울특별시 동대문구 천호대로83길 72 (장안동),근린생활1,제2종근린생활시설,100713086,지번,1,False
1123010600104320002,서울특별시 동대문구 장안동,서울특별시 동대문구 장한로 11 (장안동),근린생활2,제2종근린생활시설,1007136324,지번,1,False
1123010600104320004,서울특별시 동대문구 장안동,서울특별시 동대문구 한천로2길 107 (장안동),근린생활1,업무시설,10071100218212,지번,1,False
1123010600104320008,서울특별시 동대문구 장안동,서울특별시 동대문구 천호대로83길 24 (장안동),근린생활1,제1종근린생활시설,1007117731,지번,1,False
1123010600104240010,서울특별시 동대문구 장안동,서울특별시 동대문구 장한로5길 18 (장안동),근린생활1,제1종근린생활시설,1007133763,지번,1,False
1123010600103940005,서울특별시 동대문구 장안동,서울특별시 동대문구 답십리로68길 104 (장안동),근린생활1,단독주택,10071100212132,지번,1,False
1123010600104170001,서울특별시 동대문구 장안동,서울특별시 동대문구 천호대로81길 28 (장안동),근린생활1,제1종근린생활시설,1007128773,지번,1,False
1123010600104170017,서울특별시 동대문구 장안동,서울특별시 동대문구 천호대로83길 5 (장안동),근린생활2,제2종근린생활시설,1007111349,지번,1,False
1123010600102160029,서울특별시 동대문구 장안동,서울특별시 동대문구 장한로5길 72 (장안동),근린생활1,제1종근린생활시설,1007115799,지번,1,False
1123010600102160032,서울특별시 동대문구 장안동,서울특별시 동대문구 한천로10길 32 (장안동),근린생활1,제1종근린생활시설,1007124847,지번,1,False
1123010600101950011,서울특별시 동대문구 장안동,서울특별시 동대문구 한천로14길 26 (장안동),근린생활2,제2종근린생활시설,1007118714,지번,1,False
1123010600102150051,서울특별시 동대문구 장안동,서울특별시 동대문구 한천로10길 48 (장안동),근린생활1,제1종근린생활시설,1007131074,지번,1,False
1123010600101920002,서울특별시 동대문구 장안동,서울특별시 동대문구 한천로14길 22 (장안동),근린생활1,제1종근린생활시설,1007122302,지번,1,False
1123010600101920003,서울특별시 동대문구 장안동,서울특별시 동대문구 한천로10길 55 (장안동),근린생활1,제1종근린생활시설,1007135787,지번,1,False
1123010600101920004,서울특별시 동대문구 장안동,서울특별시 동대문구 한천로10길 53 (장안동),근린생활1,제1종근린생활시설,1007124699,지번,1,False
1123010600101920015,서울특별시 동대문구 장안동,서울특별시 동대문구 한천로10길 39 (장안동),근린생활2,제2종근린생활시설,1007117194,지번,1,False
1123010600104180006,서울특별시 동대문구 장안동,서울특별시 동대문구 한천로2길 87 (장안동),근린생활1,제1종근린생활시설,1007110870,지번,1,False
1123010600104180001,서울특별시 동대문구 장안동,서울특별시 동대문구 한천로2길 75 (장안동),근린생활2,공동주택,1000000000000007067999,지번,1,False
1123010600102160005,서울특별시 동대문구 장안동,서울특별시 동대문구 천호대로77길 99 (장안동),근린생활1,제1종근린생활시설,1007125044,지번,1,False
1123010500104930001,서울특별시 동대문구 답십리동,서울특별시 동대문구 천호대로 301 (답십리동),근린생활2,업무시설,1000000000000003833348,지번,1,False
1123010500104940013,서울특별시 동대문구 답십리동,서울특별시 동대문구 천호대로 291 (답십리동),근린생활2,제2종근린생활시설,1007136198,지번,1,False
1123010500105300011,서울특별시 동대문구 답십리동,서울특별시 동대문구 고미술로 49 (답십리동),근린생활1,제1종근린생활시설,1007116087,지번,1,False
1123010500104930004,서울특별시 동대문구 답십리동,서울특별시 동대문구 천호대로 305 (답십리동),근린생활2,제2종근린생활시설,1007130059,지번,1,False
1123010500102410003,서울특별시 동대문구 답십리동,서울특별시 동대문구 답십리로 149-1 (답십리동),근린생활1,제1종근린생활시설,100718990,지번,1,False
1123010500100680004,서울특별시 동대문구 답십리동,서울특별시 동대문구 전농로 93 (답십리동),근린생활1,제1종근린생활시설,1007127256,지번,1,False
1123010600102370011,서울특별시 동대문구 장안동,서울특별시 동대문구 한천로 22 (장안동),근린생활1,제1종근린생활시설,1007131837,지번,1,False
1123010600104110002,서울특별시 동대문구 장안동,서울특별시 동대문구 한천로2길 27 (장안동),근린생활1,제1종근린생활시설,1007131304,지번,1,False
1123010600104110001,서울특별시 동대문구 장안동,서울특별시 동대문구 한천로4길 22 (장안동),근린생활1,제1종근린생활시설,1007120819,지번,1,False
1123010600104100009,서울특별시 동대문구 장안동,서울특별시 동대문구 한천로4길 13-2 (장안동),근린생활2,제2종근린생활시설,1007126720,지번,1,False
1123010600103810009,서울특별시 동대문구 장안동,서울특별시 동대문구 답십리로68길 97 (장안동),근린생활1,제1종근린생활시설,1007115814,지번,1,False
1123010600103900022,서울특별시 동대문구 장안동,서울특별시 동대문구 답십리로66길 53 (장안동),근린생활1,제1종근린생활시설,1007132564,지번,1,False
1123010600104470014,서울특별시 동대문구 장안동,서울특별시 동대문구 천호대로85길 70 (장안동),근린생활1,단독주택,10071100267275,지번,1,False
1123010600104330014,서울특별시 동대문구 장안동,서울특별시 동대문구 장한로6길 8 (장안동),근린생활1,제1종근린생활시설,1007131961,지번,1,False
1123010600104330009,서울특별시 동대문구 장안동,서울특별시 동대문구 천호대로85길 11 (장안동),근린생활1,제1종근린생활시설,1007130096,지번,1,False
1123010600104600003,서울특별시 동대문구 장안동,서울특별시 동대문구 장한로6길 18 (장안동),근린생활1,제1종근린생활시설,1007126442,지번,1,False
1123010600104600005,서울특별시 동대문구 장안동,서울특별시 동대문구 장한로6길 30 (장안동),근린생활1,제1종근린생활시설,1007135869,지번,1,False
1123010500107370000,서울특별시 동대문구 답십리동,서울특별시 동대문구 한천로 121-5 (답십리동),근린생활1,제1종근린생활시설,1007123255,지번,1,False
1123010500107340000,서울특별시 동대문구 답십리동,서울특별시 동대문구 한천로 119 (답십리동),근린생활1,제1종근린생활시설,10071100256675,지번,1,False
1123010600101410019,서울특별시 동대문구 장안동,서울특별시 동대문구 답십리로 242 (장안동),근린생활1,제1종근린생활시설,1007119061,지번,1,False
1123010600102160008,서울특별시 동대문구 장안동,서울특별시 동대문구 천호대로77길 93 (장안동),근린생활1,제1종근린생활시설,1007135520,지번,1,False
1123010600103990051,서울특별시 동대문구 장안동,서울특별시 동대문구 천호대로77다길 11-15 (장안동),근린생활1,제1종근린생활시설,1007122339,지번,1,False
1123010600104070009,서울특별시 동대문구 장안동,서울특별시 동대문구 천호대로77길 32 (장안동),근린생활1,제1종근린생활시설,1007120462,지번,1,False
1123010600104070003,서울특별시 동대문구 장안동,서울특별시 동대문구 한천로6길 47-11 (장안동),근린생활2,제2종근린생활시설,1007118592,지번,1,False
1123010600102180005,서울특별시 동대문구 장안동,서울특별시 동대문구 장한로5길 75 (장안동),근린생활1,제1종근린생활시설,1007112548,지번,1,False
1123010600104090005,서울특별시 동대문구 장안동,서울특별시 동대문구 한천로2길 37 (장안동),근린생활1,제1종근린생활시설,100718615,지번,1,False
1123010600104100012,서울특별시 동대문구 장안동,서울특별시 동대문구 한천로6길 16 (장안동),근린생활1,제1종근린생활시설,1007129207,지번,1,False
1123010600104140004,서울특별시 동대문구 장안동,서울특별시 동대문구 천호대로 377 (장안동),근린생활2,숙박시설,10071100211191,지번,1,False
1123010600104050007,서울특별시 동대문구 장안동,서울특별시 동대문구 천호대로79길 31 (장안동),근린생활2,제2종근린생활시설,1007114434,지번,1,False
1123010600104170014,서울특별시 동대문구 장안동,서울특별시 동대문구 천호대로83길 23 (장안동),근린생활1,공동주택,10071100216132,지번,1,False
1123010600104170008,서울특별시 동대문구 장안동,서울특별시 동대문구 천호대로81길 14 (장안동),근린생활2,제2종근린생활시설,1007118057,지번,1,False
1123010600104180005,서울특별시 동대문구 장안동,서울특별시 동대문구 천호대로81길 7 (장안동),근린생활2,업무시설,10071100246654,지번,1,False
1123010600104100010,서울특별시 동대문구 장안동,서울특별시 동대문구 한천로4길 13-4 (장안동),근린생활1,제1종근린생활시설,1007133110,지번,1,False
1123010600102410006,서울특별시 동대문구 장안동,서울특별시 동대문구 한천로4길 9 (장안동),근린생활1,제1종근린생활시설,1007125016,지번,1,False
1123010600102450017,서울특별시 동대문구 장안동,서울특별시 동대문구 한천로 18 (장안동),근린생활1,제1종근린생활시설,1007122012,지번,1,False
1123010600104120004,서울특별시 동대문구 장안동,서울특별시 동대문구 한천로 10 (장안동),근린생활1,제1종근린생활시설,1007125436,지번,1,False
1123010600104120001,서울특별시 동대문구 장안동,서울특별시 동대문구 한천로4길 8 (장안동),근린생활2,제2종근린생활시설,1007114512,지번,1,False
1123010600104120003,서울특별시 동대문구 장안동,서울특별시 동대문구 한천로2길 7 (장안동),근린생활2,제2종근린생활시설,1007118827,지번,1,False
1123010600104130002,서울특별시 동대문구 장안동,서울특별시 동대문구 한천로2길 8 (장안동),근린생활1,제1종근린생활시설,1007117788,지번,1,False
1123010500102410017,서울특별시 동대문구 답십리동,서울특별시 동대문구 답십리로 143 (답십리동),근린생활2,제2종근린생활시설,1007132456,지번,1,False
1123010500102410008,서울특별시 동대문구 답십리동,서울특별시 동대문구 답십리로 147 (답십리동),근린생활2,제2종근린생활시설,1007125887,지번,1,False
1123010500102410006,서울특별시 동대문구 답십리동,서울특별시 동대문구 답십리로 149 (답십리동),근린생활1,제1종근린생활시설,1007114838,지번,1,False
1123010500102430006,서울특별시 동대문구 답십리동,서울특별시 동대문구 전농로 95 (답십리동),근린생활1,업무시설,10071100263995,지번,1,False
1123010500102460029,서울특별시 동대문구 답십리동,서울특별시 동대문구 답십리로 152 (답십리동),근린생활2,제2종근린생활시설,1007123776,지번,1,False
1123010500100040013,서울특별시 동대문구 답십리동,서울특별시 동대문구 한천로17길 21 (답십리동),근린생활2,제2종근린생활시설,100713502,지번,2,False
1123010500104850044,서울특별시 동대문구 답십리동,서울특별시 동대문구 천호대로73길 37 (답십리동),근린생활1,제1종근린생활시설,1007110860,지번,1,False
1123010600104090010,서울특별시 동대문구 장안동,서울특별시 동대문구 한천로2길 43 (장안동),근린생활2,제2종근린생활시설,1007113946,지번,1,False
1123010600104080013,서울특별시 동대문구 장안동,서울특별시 동대문구 한천로2길 53 (장안동),근린생활1,제1종근린생활시설,1007124406,지번,1,False
1123010500104900122,서울특별시 동대문구 답십리동,서울특별시 동대문구 사가정로2길 142 (답십리동),근린생활1,제1종근린생활시설,1007115450,지번,1,False
1123010500100530045,서울특별시 동대문구 답십리동,서울특별시 동대문구 답십리로 168 (답십리동),근린생활1,제1종근린생활시설,100717297,지번,1,False
1123010600101530002,서울특별시 동대문구 장안동,서울특별시 동대문구 답십리로64길 28 (장안동),근린생활1,제1종근린생활시설,1007126665,지번,1,False
1123010600101830023,서울특별시 동대문구 장안동,서울특별시 동대문구 답십리로66길 108 (장안동),근린생활1,제1종근린생활시설,1007127130,지번,1,False
1123010600101670004,서울특별시 동대문구 장안동,서울특별시 동대문구 답십리로66길 66 (장안동),근린생활1,제1종근린생활시설,1007112952,지번,1,False
1123010600103750010,서울특별시 동대문구 장안동,서울특별시 동대문구 장한로17길 13-9 (장안동),근린생활1,제1종근린생활시설,1007123022,지번,1,False
1123010600104300011,서울특별시 동대문구 장안동,서울특별시 동대문구 천호대로83길 66 (장안동),근린생활1,제1종근린생활시설,1007112511,지번,1,False
1123010600104320013,서울특별시 동대문구 장안동,서울특별시 동대문구 천호대로83길 14 (장안동),근린생활1,제1종근린생활시설,1007112148,지번,1,False
1123010600104230015,서울특별시 동대문구 장안동,서울특별시 동대문구 천호대로83길 37 (장안동),근린생활1,제1종근린생활시설,1007118377,지번,1,False
1123010600104240009,서울특별시 동대문구 장안동,서울특별시 동대문구 천호대로79길 66 (장안동),근린생활2,제2종근린생활시설,1007129596,지번,1,False
1123010600104280009,서울특별시 동대문구 장안동,서울특별시 동대문구 한천로14길 74 (장안동),근린생활1,제1종근린생활시설,1007116293,지번,1,False
1123010600102150045,서울특별시 동대문구 장안동,서울특별시 동대문구 한천로10길 56 (장안동),근린생활2,제2종근린생활시설,1007131856,지번,1,False
1123010600101920020,서울특별시 동대문구 장안동,서울특별시 동대문구 한천로14길 18 (장안동),근린생활1,제1종근린생활시설,1007128288,지번,1,False
1123010600101920011,서울특별시 동대문구 장안동,서울특별시 동대문구 한천로10길 45 (장안동),근린생활1,제1종근린생활시설,100716693,지번,1,False
1123010600104080005,서울특별시 동대문구 장안동,서울특별시 동대문구 한천로6길 56 (장안동),근린생활2,공동주택,1000000000000000084608,지번,1,False
1123010600104080008,서울특별시 동대문구 장안동,서울특별시 동대문구 한천로2길 61 (장안동),근린생활2,제2종근린생활시설,1007121385,지번,1,False
1123010600104080015,서울특별시 동대문구 장안동,서울특별시 동대문구 한천로2길 57 (장안동),근린생활1,제1종근린생활시설,1007127588,지번,1,False
1123010600104080009,서울특별시 동대문구 장안동,서울특별시 동대문구 천호대로77길 18 (장안동),근린생활1,제1종근린생활시설,1007133340,지번,1,False
1123010600104080017,서울특별시 동대문구 장안동,서울특별시 동대문구 한천로6길 46 (장안동),근린생활1,공동주택,10071100245173,지번,1,False
1123010600104080001,서울특별시 동대문구 장안동,서울특별시 동대문구 천호대로77길 22 (장안동),근린생활2,제2종근린생활시설,1007130632,지번,1,False
1123010600104160004,서울특별시 동대문구 장안동,서울특별시 동대문구 한천로2길 104 (장안동),근린생활1,제1종근린생활시설,1007110233,지번,1,False
1123010600104150005,서울특별시 동대문구 장안동,서울특별시 동대문구 한천로2길 78 (장안동),근린생활2,제2종근린생활시설,1007117226,지번,1,False
1123010600104150014,서울특별시 동대문구 장안동,서울특별시 동대문구 한천로2길 62 (장안동),근린생활1,공동주택,10071100228392,지번,1,False
1123010600104190003,서울특별시 동대문구 장안동,서울특별시 동대문구 천호대로81길 17 (장안동),근린생활1,제1종근린생활시설,1007134936,지번,1,False
1123010600104190006,서울특별시 동대문구 장안동,서울특별시 동대문구 한천로6길 75 (장안동),근린생활1,제1종근린생활시설,10071100212938,지번,1,False
1123010500102370003,서울특별시 동대문구 답십리동,,근린생활2,제1종근린생활시설,1007110886,본번,1,False
1123010500102370012,서울특별시 동대문구 답십리동,,근린생활1,제1종근린생활시설,1007110886,본번,1,False
1123010500102370009,서울특별시 동대문구 답십리동,,근린생활2,제1종근린생활시설,1007110886,본번,1,False
1123010500100660022,서울특별시 동대문구 답십리동,서울특별시 동대문구 답십리로51길 11 (답십리동),근린생활1,제1종근린생활시설,1007110585,지번,1,False
1123010500100660021,서울특별시 동대문구 답십리동,서울특별시 동대문구 답십리로51길 13 (답십리동),근린생활1,단독주택,10071100239552,지번,1,False
1123010500100700008,서울특별시 동대문구 답십리동,서울특별시 동대문구 답십리로51길 31 (답십리동),근린생활1,제1종근린생활시설,100716973,지번,1,False
1123010500100700009,서울특별시 동대문구 답십리동,서울특별시 동대문구 답십리로 159-16 (답십리동),근린생활1,제1종근린생활시설,1007113852,지번,1,False
1123010600103770001,서울특별시 동대문구 장안동,서울특별시 동대문구 답십리로68길 131 (장안동),근린생활2,제2종근린생활시설,1007119797,지번,1,False
1123010600103770008,서울특별시 동대문구 장안동,서울특별시 동대문구 장한로13길 19 (장안동),근린생활1,제1종근린생활시설,1007124344,지번,1,False
1123010600101660009,서울특별시 동대문구 장안동,서울특별시 동대문구 답십리로66길 80 (장안동),근린생활1,제1종근린생활시설,1007135178,지번,1,False
1123010600104300008,서울특별시 동대문구 장안동,서울특별시 동대문구 장한로 29 (장안동),근린생활2,제2종근린생활시설,1000000000000000111887,지번,1,False
1123010600104000006,서울특별시 동대문구 장안동,서울특별시 동대문구 천호대로79길 89 (장안동),근린생활1,제1종근린생활시설,1007127536,지번,1,False
1123010600104330015,서울특별시 동대문구 장안동,서울특별시 동대문구 장한로6길 10 (장안동),근린생활1,제1종근린생활시설,1007118559,지번,1,False
1123010500100020069,서울특별시 동대문구 답십리동,서울특별시 동대문구 한천로 123 (답십리동),근린생활1,공동주택,1000000000000000062734,지번,1,False
1123010500107530000,서울특별시 동대문구 답십리동,서울특별시 동대문구 한천로 111 (답십리동),근린생활2,제2종근린생활시설,1007127303,지번,1,False
1123010600101450002,서울특별시 동대문구 장안동,서울특별시 동대문구 답십리로64길 22 (장안동),근린생활1,제1종근린생활시설,1007129008,지번,1,False
1123010600102370001,서울특별시 동대문구 장안동,서울특별시 동대문구 한천로8가길 7 (장안동),근린생활2,제2종근린생활시설,1007132340,지번,1,False
1123010600102370037,서울특별시 동대문구 장안동,서울특별시 동대문구 한천로8길 7 (장안동),근린생활1,제1종근린생활시설,1007120820,지번,1,False
1123010600102370026,서울특별시 동대문구 장안동,서울특별시 동대문구 한천로8길 15 (장안동),근린생활1,제1종근린생활시설,100718882,지번,1,False
1123010600102390001,서울특별시 동대문구 장안동,서울특별시 동대문구 한천로8길 10 (장안동),근린생활1,제1종근린생활시설,1007135000,지번,1,False
1123010600102370002,서울특별시 동대문구 장안동,서울특별시 동대문구 한천로 36 (장안동),근린생활1,제1종근린생활시설,1007125317,지번,1,False
1123010600102370004,서울특별시 동대문구 장안동,서울특별시 동대문구 한천로 34 (장안동),근린생활1,제1종근린생활시설,1007112934,지번,1,False
1123010600102370005,서울특별시 동대문구 장안동,서울특별시 동대문구 한천로 32 (장안동),근린생활2,제2종근린생활시설,100717890,지번,1,False
1123010600102370006,서울특별시 동대문구 장안동,서울특별시 동대문구 한천로 30 (장안동),근린생활2,제2종근린생활시설,1007134169,지번,1,False
1123010500100040153,서울특별시 동대문구 답십리동,서울특별시 동대문구 답십리로60길 98 (답십리동),근린생활1,제1종근린생활시설,1007135668,지번,1,False
1123010500100130024,서울특별시 동대문구 답십리동,서울특별시 동대문구 한천로11길 45 (답십리동),근린생활2,제2종근린생활시설,1007115944,지번,1,False
1123010500109570019,서울특별시 동대문구 답십리동,서울특별시 동대문구 황물로15나길 17 (답십리동),근린생활1,제1종근린생활시설,1007111408,지번,1,False
1123010500104950001,서울특별시 동대문구 답십리동,서울특별시 동대문구 천호대로 281 (답십리동),판매시설,판매시설,1007116998,지번,1,False
1123010500102430003,서울특별시 동대문구 답십리동,서울특별시 동대문구 전농로 97 (답십리동),근린생활1,제1종근린생활시설,1007135040,지번,1,False
1123010600104100008,서울특별시 동대문구 장안동,서울특별시 동대문구 한천로4길 19 (장안동),근린생활1,제1종근린생활시설,1007122578,지번,1,False
1123010600102410011,서울특별시 동대문구 장안동,서울특별시 동대문구 한천로6길 10 (장안동),근린생활2,제2종근린생활시설,1007128397,지번,1,False
1123010600102450002,서울특별시 동대문구 장안동,서울특별시 동대문구 한천로 20 (장안동),근린생활1,제1종근린생활시설,1007131441,지번,1,False
1123010600102450018,서울특별시 동대문구 장안동,서울특별시 동대문구 한천로 14 (장안동),근린생활1,제1종근린생활시설,1007128443,지번,1,False
1123010500102410010,서울특별시 동대문구 답십리동,서울특별시 동대문구 답십리로 145-1 (답십리동),근린생활2,제2종근린생활시설,1007114088,지번,1,False
1123010600104650015,서울특별시 동대문구 장안동,서울특별시 동대문구 천호대로 437 (장안동),근린생활2,업무시설,1000000000000002272646,지번,1,False
1123010600104650010,서울특별시 동대문구 장안동,서울특별시 동대문구 천호대로 435 (장안동),근린생활1,제1종근린생활시설,1007125405,지번,1,False
1123010600104300018,서울특별시 동대문구 장안동,서울특별시 동대문구 장한로 39 (장안동),근린생활1,제1종근린생활시설,1007110165,지번,1,False
1123010500100750024,서울특별시 동대문구 답십리동,서울특별시 동대문구 답십리로 183 (답십리동),근린생활1,제1종근린생활시설,1007134019,지번,1,False
1123010500100410000,서울특별시 동대문구 답십리동,서울특별시 동대문구 답십리로 184 (답십리동),근린생활2,제2종근린생활시설,100716477,지번,5,False
1123010500100620019,서울특별시 동대문구 답십리동,서울특별시 동대문구 답십리로 182 (답십리동),근린생활1,제1종근린생활시설,1007111330,지번,1,False
1123010600101500003,서울특별시 동대문구 장안동,서울특별시 동대문구 한천로 120 (장안동),근린생활1,제1종근린생활시설,1007130265,지번,1,False
1123010600103990001,서울특별시 동대문구 장안동,서울특별시 동대문구 천호대로77길 124 (장안동),근린생활2,제2종근린생활시설,1007129077,지번,1,False
1123010600104320011,서울특별시 동대문구 장안동,서울특별시 동대문구 천호대로83길 8 (장안동),근린생활1,공동주택,10071100257655,지번,1,False
1123010600104230003,서울특별시 동대문구 장안동,서울특별시 동대문구 천호대로83길 39 (장안동),근린생활1,제1종근린생활시설,1007111722,지번,1,False
1123010600104280001,서울특별시 동대문구 장안동,서울특별시 동대문구 한천로14길 66 (장안동),근린생활2,제2종근린생활시설,1007115798,지번,1,False
1123010600103980012,서울특별시 동대문구 장안동,서울특별시 동대문구 한천로14길 43 (장안동),근린생활2,제2종근린생활시설,1007135234,지번,1,False
1123010600103920004,서울특별시 동대문구 장안동,서울특별시 동대문구 한천로24길 42 (장안동),근린생활1,공동주택,10071100209894,지번,1,False
1123010600103900014,서울특별시 동대문구 장안동,서울특별시 동대문구 한천로24길 41 (장안동),근린생활1,제1종근린생활시설,1007129218,지번,1,False
1123010600104360001,서울특별시 동대문구 장안동,서울특별시 동대문구 장한로 54 (장안동),근린생활2,제2종근린생활시설,1007118523,지번,1,False
1123010600104470017,서울특별시 동대문구 장안동,서울특별시 동대문구 장한로8길 23-1 (장안동),근린생활2,제2종근린생활시설,1007119604,지번,1,False
1123010600104270003,서울특별시 동대문구 장안동,서울특별시 동대문구 장한로9길 24-5 (장안동),근린생활1,제1종근린생활시설,1007121053,지번,1,False
1123010600103750005,서울특별시 동대문구 장안동,서울특별시 동대문구 장한로13길 8 (장안동),근린생활2,제2종근린생활시설,1007120344,지번,1,False
1123010500100040073,서울특별시 동대문구 답십리동,서울특별시 동대문구 한천로17길 23 (답십리동),근린생활1,제1종근린생활시설,1007126970,지번,1,False
1123010500100020070,서울특별시 동대문구 답십리동,서울특별시 동대문구 답십리로60길 78 (답십리동),근린생활1,제1종근린생활시설,1007134980,지번,1,False
1123010500100020253,서울특별시 동대문구 답십리동,서울특별시 동대문구 답십리로60길 81 (답십리동),근린생활2,공동주택,10071100207043,지번,3,True
1123010500100020253,서울특별시 동대문구 답십리동,서울특별시 동대문구 답십리로60길 81 (답십리동),근린생활2,공동주택,10071100207054,지번,3,True
1123010500100020253,서울특별시 동대문구 답십리동,서울특별시 동대문구 답십리로60길 81 (답십리동),근린생활2,공동주택,10071100207065,지번,3,True
1123010500100020012,서울특별시 동대문구 답십리동,서울특별시 동대문구 한천로 85 (답십리동),근린생활1,제1종근린생활시설,1007124262,지번,1,False
1123010600104140013,서울특별시 동대문구 장안동,서울특별시 동대문구 한천로2길 40 (장안동),근린생활1,제1종근린생활시설,1007136074,지번,1,False
1123010600104140002,서울특별시 동대문구 장안동,서울특별시 동대문구 한천로2길 36 (장안동),근린생활1,업무시설,1000000000000004804419,지번,1,False
1123010500100040139,서울특별시 동대문구 답십리동,서울특별시 동대문구 한천로11길 6-15 (답십리동),근린생활1,제1종근린생활시설,100718734,지번,1,False
1123010500102370010,서울특별시 동대문구 답십리동,,근린생활2,제1종근린생활시설,1007110886,본번,1,False
1123010500100660109,서울특별시 동대문구 답십리동,서울특별시 동대문구 답십리로51길 9 (답십리동),근린생활1,제1종근린생활시설,1007133508,지번,1,False
1123010500100660034,서울특별시 동대문구 답십리동,서울특별시 동대문구 답십리로51길 5 (답십리동),근린생활1,제1종근린생활시설,1007112547,지번,1,False
1123010500100660041,서울특별시 동대문구 답십리동,서울특별시 동대문구 답십리로51길 3-6 (답십리동),근린생활2,제2종근린생활시설,1007134780,지번,1,False
1123010500100660040,서울특별시 동대문구 답십리동,서울특별시 동대문구 답십리로51길 3-8 (답십리동),근린생활1,제1종근린생활시설,1007110309,지번,1,False
1123010500100660045,서울특별시 동대문구 답십리동,서울특별시 동대문구 답십리로 165 (답십리동),근린생활1,제1종근린생활시설,1007110766,지번,1,False
1123010500100660053,서울특별시 동대문구 답십리동,서울특별시 동대문구 답십리로 161 (답십리동),근린생활1,제1종근린생활시설,1007119358,지번,1,False
1123010500100700018,서울특별시 동대문구 답십리동,서울특별시 동대문구 답십리로51길 35 (답십리동),근린생활1,제1종근린생활시설,1007121986,지번,1,False
1123010500100700019,서울특별시 동대문구 답십리동,서울특별시 동대문구 전농로 96-1 (답십리동),근린생활1,제1종근린생활시설,1007123320,지번,1,False
1123010500107860000,서울특별시 동대문구 답십리동,서울특별시 동대문구 한천로 101 (답십리동),근린생활1,제1종근린생활시설,1007110684,지번,1,False
1123010600103800004,서울특별시 동대문구 장안동,서울특별시 동대문구 장한로17길 16 (장안동),근린생활2,제2종근린생활시설,1007119388,지번,1,False
1123010600104290003,서울특별시 동대문구 장안동,서울특별시 동대문구 장한로 51 (장안동),근린생활2,제2종근린생활시설,1007110046,지번,1,False
1123010500200020133,서울특별시 동대문구 답십리동,서울특별시 동대문구 답십리로 187 (답십리동),근린생활1,제1종근린생활시설,1007121731,지번,1,False
1123010600104250005,서울특별시 동대문구 장안동,서울특별시 동대문구 천호대로83길 61 (장안동),근린생활2,제2종근린생활시설,1007125075,지번,1,False
1123010600103780002,서울특별시 동대문구 장안동,서울특별시 동대문구 장한로17길 13-2 (장안동),근린생활2,제2종근린생활시설,1007122076,지번,1,False
1123010600104320001,서울특별시 동대문구 장안동,서울특별시 동대문구 장한로 17 (장안동),근린생활1,제1종근린생활시설,1007112955,지번,1,False
1123010600103980002,서울특별시 동대문구 장안동,서울특별시 동대문구 한천로14길 39 (장안동),근린생활1,제1종근린생활시설,100719346,지번,1,False
1123010600101430046,서울특별시 동대문구 장안동,서울특별시 동대문구 답십리로 250-6 (장안동),근린생활1,제1종근린생활시설,1007116540,지번,1,False
1123010600101830006,서울특별시 동대문구 장안동,서울특별시 동대문구 답십리로66길 120 (장안동),근린생활1,제1종근린생활시설,1007110037,지번,1,False
1123010600101840027,서울특별시 동대문구 장안동,서울특별시 동대문구 한천로18길 33 (장안동),근린생활1,제1종근린생활시설,1007119863,지번,1,False
1123010600104320006,서울특별시 동대문구 장안동,서울특별시 동대문구 천호대로83길 18 (장안동),근린생활1,제1종근린생활시설,1007119112,지번,1,False
1123010600104280014,서울특별시 동대문구 장안동,서울특별시 동대문구 장한로9길 16 (장안동),근린생활1,제1종근린생활시설,1007112172,지번,1,False
1123010600103920006,서울특별시 동대문구 장안동,서울특별시 동대문구 한천로24길 50 (장안동),근린생활1,공동주택,10071100245194,지번,2,True
1123010600103920006,서울특별시 동대문구 장안동,서울특별시 동대문구 한천로24길 50 (장안동),근린생활1,공동주택,10071100245214,지번,2,True
1123010600101940003,서울특별시 동대문구 장안동,서울특별시 동대문구 답십리로66길 124 (장안동),근린생활2,제2종근린생활시설,1007120980,지번,1,False
1123010600101670032,서울특별시 동대문구 장안동,서울특별시 동대문구 한천로24길 24 (장안동),근린생활1,제1종근린생활시설,100719498,지번,1,False
1123010600101670041,서울특별시 동대문구 장안동,서울특별시 동대문구 답십리로64길 59 (장안동),근린생활1,제1종근린생활시설,1007111044,지번,1,False
1123010500100040122,서울특별시 동대문구 답십리동,서울특별시 동대문구 답십리로60길 122 (답십리동),근린생활1,제1종근린생활시설,1007118628,지번,1,False
1123010500100040142,서울특별시 동대문구 답십리동,서울특별시 동대문구 답십리로60길 125 (답십리동),근린생활2,제2종근린생활시설,1007117521,지번,1,False
1123010600104080006,서울특별시 동대문구 장안동,서울특별시 동대문구 한천로2길 67 (장안동),근린생활1,제1종근린생활시설,100713708,지번,3,False
1123010600104080007,서울특별시 동대문구 장안동,서울특별시 동대문구 한천로2길 63 (장안동),근린생활1,제1종근린생활시설,1007122534,지번,1,False
1123010600104080014,서울특별시 동대문구 장안동,서울특별시 동대문구 한천로2길 55 (장안동),근린생활1,제1종근린생활시설,1007136690,지번,1,False
1123010600104080002,서울특별시 동대문구 장안동,서울특별시 동대문구 한천로6길 42 (장안동),근린생활2,제2종근린생활시설,1007113172,지번,1,False
1123010500104750018,서울특별시 동대문구 답십리동,서울특별시 동대문구 답십리로 106 (답십리동),근린생활1,제1종근린생활시설,1007133847,지번,1,False
1123010500100890013,서울특별시 동대문구 답십리동,서울특별시 동대문구 답십리로51길 14-13 (답십리동),근린생활1,제1종근린생활시설,1007121442,지번,1,False
1123010500100720006,서울특별시 동대문구 답십리동,서울특별시 동대문구 답십리로51길 20-2 (답십리동),근린생활2,단독주택,10071100245693,지번,1,False
1123010500100710005,서울특별시 동대문구 답십리동,서울특별시 동대문구 답십리로51길 16 (답십리동),근린생활1,제1종근린생활시설,1007129913,지번,1,False
1123010500107940000,서울특별시 동대문구 답십리동,서울특별시 동대문구 답십리로60길 57 (답십리동),근린생활1,제1종근린생활시설,1007110390,지번,1,False
1123010500100650006,서울특별시 동대문구 답십리동,서울특별시 동대문구 답십리로 169 (답십리동),근린생활1,제1종근린생활시설,1007128548,지번,1,False
1123010500100060003,서울특별시 동대문구 답십리동,서울특별시 동대문구 한천로17길 26-3 (답십리동),근린생활1,제1종근린생활시설,1007120731,지번,1,False
1123010600104300009,서울특별시 동대문구 장안동,서울특별시 동대문구 천호대로83길 52 (장안동),근린생활1,제1종근린생활시설,1007119619,지번,1,False
1123010600104320012,서울특별시 동대문구 장안동,서울특별시 동대문구 천호대로83길 10 (장안동),근린생활1,공동주택,10071100265555,지번,1,False
1123010600104270001,서울특별시 동대문구 장안동,서울특별시 동대문구 한천로14길 48 (장안동),근린생활1,제1종근린생활시설,100719508,지번,1,False
1123010600104270010,서울특별시 동대문구 장안동,서울특별시 동대문구 한천로14길 52 (장안동),근린생활1,제1종근린생활시설,1007125535,지번,1,False
1123010600103970011,서울특별시 동대문구 장안동,서울특별시 동대문구 한천로14길 61 (장안동),근린생활2,제2종근린생활시설,1007127856,지번,1,False
1123010600103970013,서울특별시 동대문구 장안동,서울특별시 동대문구 장한로17길 39 (장안동),근린생활1,공동주택,10071100235952,지번,1,False
1123010600103960001,서울특별시 동대문구 장안동,서울특별시 동대문구 답십리로66길 119 (장안동),근린생활1,제1종근린생활시설,1007129396,지번,1,False
1123010600103940001,서울특별시 동대문구 장안동,서울특별시 동대문구 답십리로66길 91 (장안동),근린생활2,제2종근린생활시설,1007124971,지번,1,False
1123010600103920005,서울특별시 동대문구 장안동,서울특별시 동대문구 한천로24길 46 (장안동),근린생활1,공동주택,10071100231053,지번,2,True
1123010600103920005,서울특별시 동대문구 장안동,서울특별시 동대문구 한천로24길 46 (장안동),근린생활1,공동주택,10071100231064,지번,2,True
1123010600104470009,서울특별시 동대문구 장안동,서울특별시 동대문구 천호대로85길 64 (장안동),근린생활1,제1종근린생활시설,1007112650,지번,1,False
1123010600104590002,서울특별시 동대문구 장안동,서울특별시 동대문구 천호대로87길 14 (장안동),근린생활1,제1종근린생활시설,1007129490,지번,1,False
1123010600104630001,서울특별시 동대문구 장안동,서울특별시 동대문구 천호대로85길 22 (장안동),근린생활1,제1종근린생활시설,100717917,지번,1,False
1123010600104620001,서울특별시 동대문구 장안동,서울특별시 동대문구 천호대로87길 13-3 (장안동),근린생활1,제1종근린생활시설,1007114670,지번,1,False
1123010600104640006,서울특별시 동대문구 장안동,서울특별시 동대문구 장한로2길 24 (장안동),근린생활1,제1종근린생활시설,1007111414,지번,1,False
1123010600101840022,서울특별시 동대문구 장안동,서울특별시 동대문구 한천로18길 29 (장안동),근린생활1,제1종근린생활시설,1007136152,지번,1,False
1123010500100040015,서울특별시 동대문구 답십리동,서울특별시 동대문구 답십리로60길 108 (답십리동),근린생활1,제1종근린생활시설,1007126989,지번,1,False
1123010500100020201,서울특별시 동대문구 답십리동,서울특별시 동대문구 한천로 59 (답십리동),근린생활1,제1종근린생활시설,1007112186,지번,1,False
1123010100100160000,서울특별시 동대문구 신설동,서울특별시 동대문구 한빛로 32 (신설동),근린생활1,제1종근린생활시설,1007131135,지번,1,False
1123010300107400019,서울특별시 동대문구 제기동,서울특별시 동대문구 고산자로48길 23 (제기동),근린생활1,제1종근린생활시설,1007120886,지번,1,False
1123010500104900044,서울특별시 동대문구 답십리동,서울특별시 동대문구 황물로 153 (답십리동),근린생활2,제2종근린생활시설,1007113295,지번,1,False
1123010500104900057,서울특별시 동대문구 답십리동,서울특별시 동대문구 전농로 15-3 (답십리동),근린생활2,제2종근린생활시설,100719438,지번,1,False
1123010500104900029,서울특별시 동대문구 답십리동,서울특별시 동대문구 황물로 151 (답십리동),근린생활2,제2종근린생활시설,1007121378,지번,1,False
1123010500104840046,서울특별시 동대문구 답십리동,서울특별시 동대문구 천호대로71길 23 (답십리동),근린생활2,제2종근린생활시설,1007135196,지번,1,False
1123010500104840041,서울특별시 동대문구 답십리동,서울특별시 동대문구 황물로 119 (답십리동),근린생활1,제1종근린생활시설,1007116209,지번,1,False
1123010500104840039,서울특별시 동대문구 답십리동,서울특별시 동대문구 황물로 121 (답십리동),근린생활1,제1종근린생활시설,1007126578,지번,1,False
1123010500104840047,서울특별시 동대문구 답십리동,서울특별시 동대문구 황물로 121-2 (답십리동),근린생활1,제1종근린생활시설,1007134369,지번,1,False
1123010600101830002,서울특별시 동대문구 장안동,서울특별시 동대문구 한천로18길 32 (장안동),근린생활2,제2종근린생활시설,1007135575,지번,1,False
1123010500100120157,서울특별시 동대문구 답십리동,서울특별시 동대문구 한천로11가길 2 (답십리동),근린생활2,제2종근린생활시설,100718138,지번,1,False
1123010600101920073,서울특별시 동대문구 장안동,서울특별시 동대문구 한천로 62 (장안동),근린생활2,제2종근린생활시설,1007123628,지번,1,False
1123010500104730037,서울특별시 동대문구 답십리동,서울특별시 동대문구 답십리로38길 4 (답십리동),근린생활2,제2종근린생활시설,1007117161,지번,1,False
1123010500104740024,서울특별시 동대문구 답십리동,서울특별시 동대문구 답십리로40길 14 (답십리동),근린생활2,제2종근린생활시설,1007117303,지번,1,False
1123010500100120011,서울특별시 동대문구 답십리동,서울특별시 동대문구 한천로11길 19 (답십리동),근린생활1,제1종근린생활시설,100716216,지번,1,False
1123010500100160014,서울특별시 동대문구 답십리동,서울특별시 동대문구 한천로11길 30 (답십리동),근린생활1,제1종근린생활시설,1007126890,지번,1,False
1123010500100030035,서울특별시 동대문구 답십리동,서울특별시 동대문구 답십리로 222-1 (답십리동),근린생활1,제1종근린생활시설,1007113307,지번,1,False
1123010600101630026,서울특별시 동대문구 장안동,서울특별시 동대문구 한천로24길 10 (장안동),근린생활2,제2종근린생활시설,1007134378,지번,1,False
1123010600104300002,서울특별시 동대문구 장안동,서울특별시 동대문구 장한로 47 (장안동),근린생활2,제2종근린생활시설,1007112912,지번,1,False
1123010600103980007,서울특별시 동대문구 장안동,서울특별시 동대문구 장한로17길 53 (장안동),근린생활1,제1종근린생활시설,1007111031,지번,1,False
1123010600104590003,서울특별시 동대문구 장안동,서울특별시 동대문구 장한로2길 41 (장안동),근린생활1,제1종근린생활시설,1007120842,지번,1,False
1123010300102100002,서울특별시 동대문구 제기동,서울특별시 동대문구 제기로4다길 15 (제기동),근린생활2,제2종근린생활시설,10071100198381,지번,1,False
1123010500104850154,서울특별시 동대문구 답십리동,서울특별시 동대문구 사가정로2길 86 (답십리동),근린생활1,제1종근린생활시설,1007118701,지번,1,False
1123010500104890027,서울특별시 동대문구 답십리동,서울특별시 동대문구 황물로 143-1 (답십리동),근린생활1,제1종근린생활시설,1007130916,지번,1,False
1123010500104890016,서울특별시 동대문구 답십리동,서울특별시 동대문구 천호대로75길 23 (답십리동),근린생활1,제1종근린생활시설,1007113651,지번,1,False
1123010500104890015,서울특별시 동대문구 답십리동,서울특별시 동대문구 황물로 145-6 (답십리동),근린생활1,제1종근린생활시설,1007127811,지번,1,False
1123010500109570015,서울특별시 동대문구 답십리동,서울특별시 동대문구 황물로15나길 9 (답십리동),근린생활1,제1종근린생활시설,1007128965,지번,1,False
1123010500104890005,서울특별시 동대문구 답십리동,서울특별시 동대문구 천호대로75길 31 (답십리동),근린생활1,제1종근린생활시설,1007115040,지번,1,False
1123010500104900098,서울특별시 동대문구 답십리동,서울특별시 동대문구 사가정로2길 134 (답십리동),근린생활1,제1종근린생활시설,1007123610,지번,1,False
1123010500104750146,서울특별시 동대문구 답십리동,서울특별시 동대문구 사가정로 41-1 (답십리동),근린생활1,제1종근린생활시설,100716307,지번,1,False
1123010600103980011,서울특별시 동대문구 장안동,서울특별시 동대문구 한천로14길 45 (장안동),근린생활1,제1종근린생활시설,1007128334,지번,1,False
1123010600103900003,서울특별시 동대문구 장안동,서울특별시 동대문구 한천로26길 48-12 (장안동),근린생활1,제1종근린생활시설,1007124208,지번,1,False
1123010600104470007,서울특별시 동대문구 장안동,서울특별시 동대문구 천호대로85길 56 (장안동),근린생활1,제1종근린생활시설,100717317,지번,1,False
1123010500107350000,서울특별시 동대문구 답십리동,서울특별시 동대문구 한천로 115 (답십리동),근린생활1,제1종근린생활시설,1007126527,지번,1,False
1123010600104270005,서울특별시 동대문구 장안동,서울특별시 동대문구 장한로9길 32 (장안동),근린생활2,제2종근린생활시설,1007112731,지번,1,False
1123010600104500005,서울특별시 동대문구 장안동,서울특별시 동대문구 장한로6길 29 (장안동),근린생활2,제2종근린생활시설,1007117473,지번,1,False
1123010600103760004,서울특별시 동대문구 장안동,서울특별시 동대문구 한천로14길 83 (장안동),근린생활2,제2종근린생활시설,100717875,지번,1,False
1123010600103770005,서울특별시 동대문구 장안동,서울특별시 동대문구 한천로14길 69 (장안동),근린생활1,제1종근린생활시설,1007114926,지번,1,False
1123010600103760001,서울특별시 동대문구 장안동,서울특별시 동대문구 장한로13길 7 (장안동),근린생활1,제1종근린생활시설,1007110579,지번,1,False
1123010600104230014,서울특별시 동대문구 장안동,서울특별시 동대문구 천호대로83길 29 (장안동),근린생활1,제1종근린생활시설,1007110270,지번,1,False
1123010600101420011,서울특별시 동대문구 장안동,서울특별시 동대문구 답십리로64길 5 (장안동),근린생활2,제2종근린생활시설,100711622,지번,1,False
1123010600101690025,서울특별시 동대문구 장안동,서울특별시 동대문구 한천로26길 26-1 (장안동),근린생활1,제1종근린생활시설,1007118496,지번,1,False
1123010600101670029,서울특별시 동대문구 장안동,서울특별시 동대문구 한천로24길 28 (장안동),근린생활2,제2종근린생활시설,1007125909,지번,1,False
1123010600101660002,서울특별시 동대문구 장안동,서울특별시 동대문구 답십리로64길 73 (장안동),근린생활1,제1종근린생활시설,1007110682,지번,1,False
1123010600104300006,서울특별시 동대문구 장안동,서울특별시 동대문구 장한로 33 (장안동),근린생활1,제1종근린생활시설,1007129634,지번,1,False
1123010600104230013,서울특별시 동대문구 장안동,서울특별시 동대문구 천호대로81길 32 (장안동),근린생활1,제1종근린생활시설,1007114623,지번,1,False
1123010600104240011,서울특별시 동대문구 장안동,서울특별시 동대문구 천호대로77다길 46 (장안동),근린생활1,제1종근린생활시설,100717220,지번,1,False
1123010600103770003,서울특별시 동대문구 장안동,서울특별시 동대문구 장한로13길 11-4 (장안동),근린생활2,제2종근린생활시설,1007133194,지번,1,False
1123010600103900004,서울특별시 동대문구 장안동,서울특별시 동대문구 답십리로66길 41 (장안동),근린생활1,제1종근린생활시설,1007124232,지번,1,False
1123010600104650001,서울특별시 동대문구 장안동,서울특별시 동대문구 천호대로 427-4 (장안동),근린생활1,제1종근린생활시설,1007115323,지번,1,False
1123010500100030067,서울특별시 동대문구 답십리동,서울특별시 동대문구 답십리로60길 6 (답십리동),근린생활2,제2종근린생활시설,1007132918,지번,1,False
1123010600101670017,서울특별시 동대문구 장안동,서울특별시 동대문구 한천로24길 32-2 (장안동),근린생활1,제1종근린생활시설,1007126086,지번,1,False
1123010600104230011,서울특별시 동대문구 장안동,서울특별시 동대문구 천호대로81길 46 (장안동),근린생활2,제2종근린생활시설,1007111281,지번,1,False
1123010600103980010,서울특별시 동대문구 장안동,서울특별시 동대문구 한천로14길 49 (장안동),근린생활1,제1종근린생활시설,1007123919,지번,1,False
1123010500107240000,서울특별시 동대문구 답십리동,서울특별시 동대문구 한천로 127 (답십리동),근린생활1,제1종근린생활시설,100717843,지번,1,False
1123010500100660044,서울특별시 동대문구 답십리동,서울특별시 동대문구 답십리로51길 3-1 (답십리동),근린생활1,제1종근린생활시설,1007125222,지번,1,False
1123010500100660054,서울특별시 동대문구 답십리동,서울특별시 동대문구 답십리로51길 3-9 (답십리동),근린생활1,제1종근린생활시설,1007123747,지번,1,False
1123010500100700015,서울특별시 동대문구 답십리동,서울특별시 동대문구 답십리로 159-11 (답십리동),근린생활1,제1종근린생활시설,100719832,지번,1,False
1123010500100680001,서울특별시 동대문구 답십리동,서울특별시 동대문구 전농로 94 (답십리동),근린생활2,제2종근린생활시설,1007124885,지번,2,False
1123010500100680001,서울특별시 동대문구 답십리동,서울특별시 동대문구 전농로 94 (답십리동),근린생활2,제2종근린생활시설,1007132581,지번,2,False
1123010500100930008,서울특별시 동대문구 답십리동,서울특별시 동대문구 답십리로51길 38 (답십리동),근린생활1,제1종근린생활시설,1007131795,지번,1,False
1123010200101030008,서울특별시 동대문구 용두동,서울특별시 동대문구 천호대로23길 5 (용두동),근린생활1,제1종근린생활시설,1007115133,지번,1,False
1123010500100660007,서울특별시 동대문구 답십리동,서울특별시 동대문구 답십리로51길 14 (답십리동),근린생활1,제1종근린생활시설,100713519,지번,2,False
1123010500100660013,서울특별시 동대문구 답십리동,서울특별시 동대문구 답십리로 167-1 (답십리동),근린생활1,제1종근린생활시설,1007136408,지번,1,False
1123010500104890012,서울특별시 동대문구 답십리동,서울특별시 동대문구 천호대로75길 29 (답십리동),근린생활1,제1종근린생활시설,1007134853,지번,1,False
1123010500104890115,서울특별시 동대문구 답십리동,서울특별시 동대문구 천호대로75길 37 (답십리동),근린생활1,제1종근린생활시설,100718557,지번,1,False
1123010500109570027,서울특별시 동대문구 답십리동,서울특별시 동대문구 황물로15나길 16 (답십리동),근린생활1,제1종근린생활시설,1007121450,지번,1,False
1123010500104900100,서울특별시 동대문구 답십리동,서울특별시 동대문구 천호대로75길 36-2 (답십리동),근린생활1,제1종근린생활시설,1007117712,지번,1,False
1123010200101290102,서울특별시 동대문구 용두동,서울특별시 동대문구 무학로 76-1 (용두동),근린생활1,제1종근린생활시설,1007118785,지번,1,False
1123010600104360004,서울특별시 동대문구 장안동,서울특별시 동대문구 장한로 52 (장안동),근린생활1,제1종근린생활시설,1007115592,지번,1,False
1123010500104730014,서울특별시 동대문구 답십리동,서울특별시 동대문구 답십리로 90-1 (답십리동),근린생활1,제1종근린생활시설,1007116297,지번,1,False
1123010500104750046,서울특별시 동대문구 답십리동,서울특별시 동대문구 답십리로40길 3 (답십리동),근린생활2,제2종근린생활시설,1007130165,지번,1,False
1123010500104670044,서울특별시 동대문구 답십리동,서울특별시 동대문구 사가정로 35 (답십리동),근린생활1,제1종근린생활시설,100716586,지번,1,False
1123010500104890002,서울특별시 동대문구 답십리동,서울특별시 동대문구 황물로7길 23 (답십리동),근린생활1,제1종근린생활시설,1007116996,지번,1,False
1123010200101180090,서울특별시 동대문구 용두동,서울특별시 동대문구 천호대로 71-3 (용두동),근린생활1,제1종근린생활시설,1007132445,지번,1,False
1123010500104850074,서울특별시 동대문구 답십리동,서울특별시 동대문구 황물로 133 (답십리동),근린생활2,제2종근린생활시설,1007121813,지번,1,False
1123010200101380026,서울특별시 동대문구 용두동,서울특별시 동대문구 왕산로19가길 59 (용두동),근린생활2,제2종근린생활시설,1007119749,지번,1,False
1123010200101290112,서울특별시 동대문구 용두동,서울특별시 동대문구 무학로 74 (용두동),근린생활1,제1종근린생활시설,1007132614,지번,1,False
1123010500104850082,서울특별시 동대문구 답십리동,서울특별시 동대문구 천호대로71길 24 (답십리동),근린생활1,제1종근린생활시설,1007112498,지번,1,False
1123010500104850149,서울특별시 동대문구 답십리동,서울특별시 동대문구 황물로 125 (답십리동),근린생활2,제2종근린생활시설,1007134396,지번,1,False
1123010500104890149,서울특별시 동대문구 답십리동,서울특별시 동대문구 천호대로73길 42 (답십리동),근린생활1,제1종근린생활시설,1007120138,지번,1,False
1123010500104890148,서울특별시 동대문구 답십리동,서울특별시 동대문구 천호대로73길 40 (답십리동),근린생활1,제1종근린생활시설,1007135863,지번,1,False
1123010500104890144,서울특별시 동대문구 답십리동,서울특별시 동대문구 사가정로2길 106 (답십리동),근린생활1,제1종근린생활시설,1007112280,지번,1,False
1123010600101420008,서울특별시 동대문구 장안동,서울특별시 동대문구 답십리로 248 (장안동),근린생활1,제1종근린생활시설,100719687,지번,1,False
1123010600101440017,서울특별시 동대문구 장안동,서울특별시 동대문구 한천로26길 23 (장안동),근린생활2,제2종근린생활시설,1007131619,지번,1,False
1123010600101690001,서울특별시 동대문구 장안동,서울특별시 동대문구 답십리로66길 30 (장안동),근린생활2,제2종근린생활시설,1007117380,지번,1,False
1123010600101680043,서울특별시 동대문구 장안동,서울특별시 동대문구 한천로24길 21 (장안동),근린생활1,제1종근린생활시설,100719932,지번,1,False
1123010600101500012,서울특별시 동대문구 장안동,서울특별시 동대문구 한천로 118 (장안동),근린생활1,제1종근린생활시설,1007117419,지번,1,False
1123010600101520018,서울특별시 동대문구 장안동,서울특별시 동대문구 한천로26길 12 (장안동),근린생활1,제1종근린생활시설,100718853,지번,1,False
1123010600101620009,서울특별시 동대문구 장안동,서울특별시 동대문구 한천로 106 (장안동),근린생활2,제2종근린생활시설,1007127539,지번,1,False
1123010600101620004,서울특별시 동대문구 장안동,서울특별시 동대문구 한천로24길 6 (장안동),근린생활2,제2종근린생활시설,1007114735,지번,1,False
1123010600101630014,서울특별시 동대문구 장안동,서울특별시 동대문구 답십리로64길 68 (장안동),근린생활1,제1종근린생활시설,1007131755,지번,1,False
1123010600101860050,서울특별시 동대문구 장안동,서울특별시 동대문구 한천로18길 15 (장안동),근린생활2,제2종근린생활시설,1007117203,지번,1,False
1123010600101860008,서울특별시 동대문구 장안동,서울특별시 동대문구 한천로18길 19 (장안동),근린생활2,제2종근린생활시설,1007127530,지번,1,False
1123010600103990011,서울특별시 동대문구 장안동,서울특별시 동대문구 한천로14길 46 (장안동),근린생활1,제1종근린생활시설,1007135627,지번,1,False
1123010500104890110,서울특별시 동대문구 답십리동,서울특별시 동대문구 천호대로73길 32 (답십리동),근린생활1,제1종근린생활시설,1007124979,지번,1,False
1123010500104890122,서울특별시 동대문구 답십리동,서울특별시 동대문구 천호대로73길 24 (답십리동),근린생활1,제1종근린생활시설,1007110941,지번,1,False
1123010500104890124,서울특별시 동대문구 답십리동,서울특별시 동대문구 황물로 137 (답십리동),근린생활1,제1종근린생활시설,1007128934,지번,1,False
1123010500104890137,서울특별시 동대문구 답십리동,서울특별시 동대문구 황물로 139 (답십리동),근린생활1,제1종근린생활시설,1007130016,지번,1,False
1123010500104820081,서울특별시 동대문구 답십리동,서울특별시 동대문구 사가정로2길 20 (답십리동),근린생활1,제1종근린생활시설,1007136131,지번,1,False
1123010500100740005,서울특별시 동대문구 답십리동,서울특별시 동대문구 답십리로53길 25 (답십리동),근린생활2,제2종근린생활시설,1007130171,지번,1,False
1123010500100640041,서울특별시 동대문구 답십리동,서울특별시 동대문구 답십리로 173-1 (답십리동),근린생활1,제1종근린생활시설,1007125939,지번,1,False
1123010500100940009,서울특별시 동대문구 답십리동,서울특별시 동대문구 전농로 102 (답십리동),근린생활1,제1종근린생활시설,100718098,지번,1,False
1123010500104850070,서울특별시 동대문구 답십리동,서울특별시 동대문구 천호대로73길 23 (답십리동),근린생활1,제1종근린생활시설,1007118376,지번,1,False
1123010500104850073,서울특별시 동대문구 답십리동,서울특별시 동대문구 황물로 133-1 (답십리동),근린생활1,제1종근린생활시설,1007136303,지번,1,False
1123010500104840001,서울특별시 동대문구 답십리동,서울특별시 동대문구 천호대로69나길 2 (답십리동),근린생활2,제2종근린생활시설,1007133060,지번,1,False
1123010500104830006,서울특별시 동대문구 답십리동,서울특별시 동대문구 황물로3길 12-8 (답십리동),근린생활1,제1종근린생활시설,1007125038,지번,1,False
1123010500109600007,서울특별시 동대문구 답십리동,서울특별시 동대문구 황물로15길 8 (답십리동),근린생활2,제2종근린생활시설,1007124831,지번,1,False
1123010500104830026,서울특별시 동대문구 답십리동,서울특별시 동대문구 황물로 111 (답십리동),근린생활2,제2종근린생활시설,1007129937,지번,1,False
1123010500104870014,서울특별시 동대문구 답십리동,서울특별시 동대문구 사가정로2길 133 (답십리동),근린생활1,제1종근린생활시설,1007128757,지번,1,False
1123010500104870006,서울특별시 동대문구 답십리동,서울특별시 동대문구 천호대로75길 50-1 (답십리동),근린생활1,제1종근린생활시설,1007122389,지번,1,False
1123010100100810031,서울특별시 동대문구 신설동,서울특별시 동대문구 보문로 18 (신설동),근린생활1,제1종근린생활시설,1007116355,지번,1,False
1123010600104230001,서울특별시 동대문구 장안동,서울특별시 동대문구 장한로5길 19 (장안동),근린생활1,제1종근린생활시설,1007136643,지번,1,False
1123010600104230002,서울특별시 동대문구 장안동,서울특별시 동대문구 장한로5길 17 (장안동),근린생활1,제1종근린생활시설,100716787,지번,1,False
1123010600104220003,서울특별시 동대문구 장안동,서울특별시 동대문구 천호대로77나길 27 (장안동),근린생활1,제1종근린생활시설,1007127521,지번,1,False
1123010600104240007,서울특별시 동대문구 장안동,서울특별시 동대문구 장한로5길 16 (장안동),근린생활1,제1종근린생활시설,1007125609,지번,1,False
1123010600104260006,서울특별시 동대문구 장안동,서울특별시 동대문구 천호대로83길 71-2 (장안동),근린생활2,제2종근린생활시설,1007129000,지번,1,False
1123010500100040224,서울특별시 동대문구 답십리동,서울특별시 동대문구 답십리로60길 131 (답십리동),근린생활2,제2종근린생활시설,1007131494,지번,1,False
1123010500100120253,서울특별시 동대문구 답십리동,서울특별시 동대문구 한천로 45 (답십리동),근린생활2,제1종근린생활시설,100711971,지번,3,False
1123010500100120253,서울특별시 동대문구 답십리동,서울특별시 동대문구 한천로 45 (답십리동),근린생활2,제1종근린생활시설,100711972,지번,3,False
1123010500100120253,서울특별시 동대문구 답십리동,서울특별시 동대문구 한천로 45 (답십리동),근린생활2,제2종근린생활시설,100711973,지번,3,False
1123010500100160004,서울특별시 동대문구 답십리동,서울특별시 동대문구 한천로11길 16 (답십리동),근린생활1,제2종근린생활시설,10071100265835,지번,1,False
1123010600103970015,서울특별시 동대문구 장안동,서울특별시 동대문구 장한로17길 41 (장안동),근린생활1,제1종근린생활시설,1007136946,지번,1,False
1123010600104330001,서울특별시 동대문구 장안동,서울특별시 동대문구 장한로6길 4 (장안동),근린생활1,제1종근린생활시설,1007112183,지번,1,False
1123010500102500013,서울특별시 동대문구 답십리동,서울특별시 동대문구 전농로 75 (답십리동),근린생활1,제1종근린생활시설,1007120188,지번,1,False
1123010400103220031,서울특별시 동대문구 전농동,서울특별시 동대문구 사가정로 51 (전농동),근린생활2,제2종근린생활시설,100717404,지번,1,False
1123010400106550039,서울특별시 동대문구 전농동,서울특별시 동대문구 답십리로 105-1 (전농동),근린생활1,제1종근린생활시설,100717409,지번,1,False
1123010500104750028,서울특별시 동대문구 답십리동,서울특별시 동대문구 답십리로 108 (답십리동),근린생활1,제1종근린생활시설,1007119098,지번,1,False
1123010500109900000,서울특별시 동대문구 답십리동,서울특별시 동대문구 답십리로56길 21 (답십리동),근린생활2,제2종근린생활시설,100713483,지번,11,False
1123010500100620027,서울특별시 동대문구 답십리동,서울특별시 동대문구 답십리로 178-1 (답십리동),근린생활1,제1종근린생활시설,1007132000,지번,1,False
1123010400106880002,서울특별시 동대문구 전농동,서울특별시 동대문구 사가정로 137 (전농동),근린생활1,제1종근린생활시설,10071100201888,지번,1,False
1123010200101180056,서울특별시 동대문구 용두동,서울특별시 동대문구 무학로28길 22-1 (용두동),근린생활2,제2종근린생활시설,10071100191663,지번,1,False
1123010300106820022,서울특별시 동대문구 제기동,서울특별시 동대문구 경동시장로23길 5 (제기동),근린생활2,제2종근린생활시설,10071100203847,지번,2,False
1123011000103050091,서울특별시 동대문구 이문동,서울특별시 동대문구 휘경로2가길 15 (이문동),근린생활2,제2종근린생활시설,10071100196644,지번,1,False
1123010300111410048,서울특별시 동대문구 제기동,서울특별시 동대문구 약령중앙로 19-10 (제기동),근린생활1,제1종근린생활시설,10071100202996,지번,1,False
1123010700100370000,서울특별시 동대문구 청량리동,서울특별시 동대문구 제기로 148 (청량리동),근린생활2,제2종근린생활시설,10071100194805,지번,1,False
1123010700107070000,서울특별시 동대문구 청량리동,서울특별시 동대문구 홍릉로 21-1 (청량리동),근린생활2,제2종근린생활시설,1007136419,지번,1,False
1123010200102540020,서울특별시 동대문구 용두동,서울특별시 동대문구 무학로25길 35-1 (용두동),근린생활2,제2종근린생활시설,10071100193262,지번,1,False
1123010300106200008,서울특별시 동대문구 제기동,서울특별시 동대문구 경동시장로14길 8-4 (제기동),근린생활2,제2종근린생활시설,10071100195845,지번,1,False
1123010300111580027,서울특별시 동대문구 제기동,서울특별시 동대문구 왕산로19마길 23 (제기동),근린생활2,제2종근린생활시설,10071100201221,지번,1,False
1123010200102550126,서울특별시 동대문구 용두동,서울특별시 동대문구 청계천로 491 (용두동),근린생활2,제2종근린생활시설,10071100191902,지번,1,False
1123010300107570008,서울특별시 동대문구 제기동,서울특별시 동대문구 경동시장로15길 9 (제기동),근린생활2,제2종근린생활시설,10071100193302,지번,1,False
1123010300108250005,서울특별시 동대문구 제기동,서울특별시 동대문구 약령중앙로 60-1 (제기동),근린생활1,제1종근린생활시설,10071100196364,지번,1,False
1123010300108920096,서울특별시 동대문구 제기동,서울특별시 동대문구 정릉천동로 124 (제기동),근린생활2,제2종근린생활시설,10071100193943,지번,1,False
1123010400102700041,서울특별시 동대문구 전농동,서울특별시 동대문구 사가정로9길 42 (전농동),근린생활2,제2종근린생활시설,10071100191300,지번,2,False
1123010500109600008,서울특별시 동대문구 답십리동,서울특별시 동대문구 황물로 181-12 (답십리동),근린생활1,제1종근린생활시설,10071100193162,지번,1,False
1123010600103160018,서울특별시 동대문구 장안동,서울특별시 동대문구 사가정로 276-13 (장안동),근린생활2,제2종근린생활시설,10071100196042,지번,1,False
1123010300101360003,서울특별시 동대문구 제기동,서울특별시 동대문구 고산자로 568 (제기동),근린생활2,공동주택,1000000000000004202974,지번,1,False
1123010100100810128,서울특별시 동대문구 신설동,서울특별시 동대문구 보문로 20 (신설동),근린생활2,제2종근린생활시설,1007120420,지번,1,False
1123010100100530003,서울특별시 동대문구 신설동,서울특별시 동대문구 안암로 6 (신설동),근린생활1,제1종근린생활시설,100712431,지번,10,False
1123010100100810055,서울특별시 동대문구 신설동,서울특별시 동대문구 보문로 14 (신설동),근린생활1,제1종근린생활시설,1007124096,지번,1,False
1123010100101680004,서울특별시 동대문구 신설동,서울특별시 동대문구 보문로 20-2 (신설동),근린생활1,제1종근린생활시설,1007131626,지번,1,False
1123010100100810030,서울특별시 동대문구 신설동,서울특별시 동대문구 보문로 20-1 (신설동),근린생활1,제1종근린생활시설,100717520,지번,1,False
1123010100100810069,서울특별시 동대문구 신설동,서울특별시 동대문구 보문로 12-6 (신설동),근린생활1,제1종근린생활시설,1007133147,지번,1,False
1123010500104880230,서울특별시 동대문구 답십리동,서울특별시 동대문구 황물로13길 2 (답십리동),근린생활2,제2종근린생활시설,10071100191882,지번,1,False
1123010600101200006,서울특별시 동대문구 장안동,서울특별시 동대문구 답십리로63길 83 (장안동),근린생활1,제1종근린생활시설,10071100197961,지번,1,False
1123010600103160027,서울특별시 동대문구 장안동,서울특별시 동대문구 장안벚꽃로 217 (장안동),근린생활2,제2종근린생활시설,10071100194865,지번,1,False
1123010600104180009,서울특별시 동대문구 장안동,서울특별시 동대문구 한천로6길 72 (장안동),근린생활2,제2종근린생활시설,10071100191802,지번,1,False
1123010900100280003,서울특별시 동대문구 휘경동,서울특별시 동대문구 망우로20가길 27 (휘경동),근린생활2,제2종근린생활시설,10071100191120,지번,1,False
1123010900101830211,서울특별시 동대문구 휘경동,서울특별시 동대문구 회기로31나길 21 (휘경동),근린생활2,제2종근린생활시설,10071100191080,지번,1,False
1123010900102860105,서울특별시 동대문구 휘경동,서울특별시 동대문구 망우로18가길 61-7 (휘경동),근린생활2,제2종근린생활시설,10071100191401,지번,1,False
1123010300111480009,서울특별시 동대문구 제기동,서울특별시 동대문구 회기로4길 10 (제기동),근린생활2,제2종근린생활시설,1007116391,지번,1,False
1123010300101370145,서울특별시 동대문구 제기동,서울특별시 동대문구 제기로 8 (제기동),근린생활2,노유자시설,10071100187613,지번,1,False
1123010200101290495,서울특별시 동대문구 용두동,서울특별시 동대문구 무학로20길 30 (용두동),근린생활1,제1종근린생활시설,1007119036,지번,1,False
1123010100100810105,서울특별시 동대문구 신설동,서울특별시 동대문구 한빛로1길 11 (신설동),근린생활2,제2종근린생활시설,1007130730,지번,1,False
1123010100100810057,서울특별시 동대문구 신설동,서울특별시 동대문구 한빛로1길 17 (신설동),근린생활2,제2종근린생활시설,1007127767,지번,1,False
1123010100100800003,서울특별시 동대문구 신설동,서울특별시 동대문구 한빛로1길 6 (신설동),근린생활2,단독주택,10071100250394,지번,1,False
1123010100100810071,서울특별시 동대문구 신설동,서울특별시 동대문구 한빛로1길 13 (신설동),근린생활1,제1종근린생활시설,1007112807,지번,1,False
1123010100100690001,서울특별시 동대문구 신설동,서울특별시 동대문구 한빛로 13 (신설동),근린생활2,제2종근린생활시설,1007116541,지번,1,False
1123010100100760041,서울특별시 동대문구 신설동,서울특별시 동대문구 왕산로 9 (신설동),근린생활2,제2종근린생활시설,1007110050,지번,1,False
1123010600103490019,서울특별시 동대문구 장안동,서울특별시 동대문구 장한로26다길 107 (장안동),근린생활2,제2종근린생활시설,10071100196040,지번,1,False
1123010600104170016,서울특별시 동대문구 장안동,서울특별시 동대문구 천호대로83길 9 (장안동),근린생활2,제2종근린생활시설,10071100194365,지번,1,False
1123010700102060005,서울특별시 동대문구 청량리동,서울특별시 동대문구 회기로10길 15 (청량리동),근린생활2,제2종근린생활시설,10071100193282,지번,1,False
1123010800101020080,서울특별시 동대문구 회기동,서울특별시 동대문구 회기로12다길 7 (회기동),근린생활2,제2종근린생활시설,10071100191280,지번,1,False
1123010100100930015,서울특별시 동대문구 신설동,서울특별시 동대문구 하정로 26 (신설동),근린생활1,제1종근린생활시설,10071100201787,지번,2,False
1123010100100930015,서울특별시 동대문구 신설동,서울특별시 동대문구 하정로 26 (신설동),근린생활1,업무시설,1007113287,지번,2,False
1123010700100540006,서울특별시 동대문구 청량리동,서울특별시 동대문구 왕산로47길 56 (청량리동),근린생활2,제2종근린생활시설,10071100196341,지번,1,False
1123010400100460021,서울특별시 동대문구 전농동,서울특별시 동대문구 전농로16길 19 (전농동),근린생활1,공동주택,10071100235012,지번,1,False
1123010200101020021,서울특별시 동대문구 용두동,서울특별시 동대문구 무학로28길 53-5 (용두동),근린생활1,제1종근린생활시설,1007130054,지번,1,False
1123010500102760021,서울특별시 동대문구 답십리동,서울특별시 동대문구 천호대로75길 59-4 (답십리동),근린생활2,제2종근린생활시설,1007112971,지번,1,False
1123010100100840001,서울특별시 동대문구 신설동,서울특별시 동대문구 한빛로 1-1 (신설동),근린생활1,제1종근린생활시설,1007119634,지번,1,False
1123010100100760035,서울특별시 동대문구 신설동,서울특별시 동대문구 왕산로 11 (신설동),근린생활1,제1종근린생활시설,100719619,지번,1,False
1123010100100810098,서울특별시 동대문구 신설동,서울특별시 동대문구 한빛로1길 3 (신설동),근린생활2,제2종근린생활시설,1007128001,지번,1,False
1123010100100760042,서울특별시 동대문구 신설동,서울특별시 동대문구 왕산로 7-1 (신설동),근린생활1,제1종근린생활시설,1007133471,지번,1,False
1123010100100760089,서울특별시 동대문구 신설동,서울특별시 동대문구 왕산로 5 (신설동),근린생활1,제1종근린생활시설,1007114085,지번,1,False
1123010100100800004,서울특별시 동대문구 신설동,서울특별시 동대문구 한빛로 3 (신설동),근린생활1,제1종근린생활시설,1007134204,지번,1,False
1123010100100760043,서울특별시 동대문구 신설동,서울특별시 동대문구 한빛로 4 (신설동),근린생활1,제1종근린생활시설,1007118027,지번,1,False
1123011000102640115,서울특별시 동대문구 이문동,서울특별시 동대문구 천장산로 38 (이문동),근린생활2,제2종근린생활시설,10071100191100,지번,1,False
1123010600103490005,서울특별시 동대문구 장안동,서울특별시 동대문구 장한로26다길 105 (장안동),근린생활2,제2종근린생활시설,10071100197264,지번,1,False
1123010900101830141,서울특별시 동대문구 휘경동,서울특별시 동대문구 회기로31길 13 (휘경동),근린생활2,제2종근린생활시설,10071100194565,지번,1,False
1123010200101020107,서울특별시 동대문구 용두동,서울특별시 동대문구 천호대로19길 38 (용두동),근린생활2,제2종근린생활시설,10071100194305,지번,1,False
1123010200101290279,서울특별시 동대문구 용두동,서울특별시 동대문구 무학로26길 58-5 (용두동),근린생활2,제2종근린생활시설,10071100194064,지번,1,False
1123010400101270049,서울특별시 동대문구 전농동,서울특별시 동대문구 서울시립대로 131 (전농동),근린생활2,제2종근린생활시설,10071100191090,지번,1,False
1123010500104840031,서울특별시 동대문구 답십리동,서울특별시 동대문구 황물로 115 (답십리동),근린생활1,제1종근린생활시설,1007133324,지번,1,False
1123010100100800001,서울특별시 동대문구 신설동,서울특별시 동대문구 한빛로 7 (신설동),근린생활2,제2종근린생활시설,1007130552,지번,1,False
1123010100101010005,서울특별시 동대문구 신설동,서울특별시 동대문구 천호대로 3 (신설동),근린생활1,제1종근린생활시설,1007128341,지번,1,False
1123010100101020030,서울특별시 동대문구 신설동,서울특별시 동대문구 천호대로 7-6 (신설동),근린생활2,제2종근린생활시설,1007127343,지번,1,False
1123010100100810060,서울특별시 동대문구 신설동,서울특별시 동대문구 보문로 12-3 (신설동),근린생활1,제1종근린생활시설,1007118574,지번,1,False
1123010100100810079,서울특별시 동대문구 신설동,서울특별시 동대문구 보문로 10 (신설동),근린생활1,업무시설,10071100243033,지번,1,False
1123010100100810111,서울특별시 동대문구 신설동,서울특별시 동대문구 보문로 12 (신설동),근린생활2,제2종근린생활시설,100713966,지번,1,False
1123010100100710003,서울특별시 동대문구 신설동,서울특별시 동대문구 한빛로 15 (신설동),근린생활1,제1종근린생활시설,1007122529,지번,1,False
1123010100100670001,서울특별시 동대문구 신설동,서울특별시 동대문구 한빛로 11 (신설동),근린생활1,제1종근린생활시설,1007132804,지번,1,False
1123010100100810058,서울특별시 동대문구 신설동,서울특별시 동대문구 보문로 12-7 (신설동),근린생활2,제2종근린생활시설,1007110748,지번,1,False
1123010900101830135,서울특별시 동대문구 휘경동,서울특별시 동대문구 회기로31나길 9 (휘경동),근린생활2,제2종근린생활시설,10071100194275,지번,1,False
1123010900101830236,서울특별시 동대문구 휘경동,서울특별시 동대문구 이문로6길 16 (휘경동),근린생활2,제2종근린생활시설,10071100196944,지번,1,False
1123010900101830344,서울특별시 동대문구 휘경동,서울특별시 동대문구 회기로29길 45 (휘경동),근린생활2,제2종근린생활시설,10071100194785,지번,1,False
1123010900101830217,서울특별시 동대문구 휘경동,서울특별시 동대문구 이문로6길 41 (휘경동),근린생활2,제2종근린생활시설,10071100193983,지번,1,False
1123010300110710000,서울특별시 동대문구 제기동,서울특별시 동대문구 고산자로 455 (제기동),근린생활2,제2종근린생활시설,1007132623,지번,1,False
1123010900103670001,서울특별시 동대문구 휘경동,서울특별시 동대문구 한천로 329 (휘경동),근린생활1,제1종근린생활시설,10071100191180,지번,1,False
1123011000102640251,서울특별시 동대문구 이문동,서울특별시 동대문구 천장산로7길 32-8 (이문동),근린생활2,제2종근린생활시설,10071100191143,지번,1,False
1123011000102640257,서울특별시 동대문구 이문동,서울특별시 동대문구 천장산로9길 32 (이문동),근린생활2,제2종근린생활시설,10071100195926,지번,1,False
1123010500104880226,서울특별시 동대문구 답십리동,서울특별시 동대문구 황물로13길 6 (답십리동),근린생활1,제1종근린생활시설,10071100187074,지번,1,False
1123010200101030023,서울특별시 동대문구 용두동,서울특별시 동대문구 무학로28길 42 (용두동),근린생활2,제2종근린생활시설,10071100188078,지번,1,False
1123010200101180096,서울특별시 동대문구 용두동,서울특별시 동대문구 무학로 118-4 (용두동),근린생활1,제1종근린생활시설,1007128910,지번,1,False
1123010400100300003,서울특별시 동대문구 전농동,서울특별시 동대문구 사가정로 130 (전농동),근린생활1,제1종근린생활시설,1007126757,지번,1,False
1123010100100840004,서울특별시 동대문구 신설동,서울특별시 동대문구 한빛로 1 (신설동),근린생활2,제2종근린생활시설,1007134248,지번,1,False
1123010100101020027,서울특별시 동대문구 신설동,서울특별시 동대문구 천호대로 9 (신설동),근린생활2,제2종근린생활시설,1007126474,지번,1,False
1123010100101140042,서울특별시 동대문구 신설동,서울특별시 동대문구 난계로26길 7 (신설동),근린생활1,제1종근린생활시설,1007128437,지번,1,False
1123010100101170024,서울특별시 동대문구 신설동,서울특별시 동대문구 천호대로2길 38 (신설동),근린생활1,제1종근린생활시설,1007114474,지번,1,False
1123011000102880062,서울특별시 동대문구 이문동,서울특별시 동대문구 휘경로 4-8 (이문동),근린생활2,제2종근린생활시설,10071100191662,지번,1,False
1123010200107310009,서울특별시 동대문구 용두동,서울특별시 동대문구 무학로49길 48 (용두동),근린생활2,제2종근린생활시설,10071100191303,지번,1,False
1123010200101380156,서울특별시 동대문구 용두동,서울특별시 동대문구 왕산로19길 39 (용두동),근린생활2,제2종근린생활시설,10071100198061,지번,1,False
1123010200107220007,서울특별시 동대문구 용두동,서울특별시 동대문구 안암로 22 (용두동),근린생활2,제2종근린생활시설,10071100200457,지번,1,False
1123010200107370011,서울특별시 동대문구 용두동,서울특별시 동대문구 무학로45길 38 (용두동),근린생활1,제1종근린생활시설,10071100196281,지번,1,False
1123010300101360055,서울특별시 동대문구 제기동,서울특별시 동대문구 고산자로 566 (제기동),근린생활2,제2종근린생활시설,10071100195665,지번,1,False
1123010300106200053,서울특별시 동대문구 제기동,서울특별시 동대문구 경동시장로10가길 13-2 (제기동),근린생활1,제1종근린생활시설,10071100195685,지번,1,False
1123010400101270043,서울특별시 동대문구 전농동,서울특별시 동대문구 서울시립대로23길 9 (전농동),근린생활2,제2종근린생활시설,10071100194557,지번,1,False
1123011000102640343,서울특별시 동대문구 이문동,서울특별시 동대문구 천장산로9길 30-3 (이문동),근린생활2,제2종근린생활시설,10071100195986,지번,1,False
1123011000103060012,서울특별시 동대문구 이문동,서울특별시 동대문구 휘경로10길 10 (이문동),근린생활2,제2종근린생활시설,10071100195586,지번,1,False
1123011000103340039,서울특별시 동대문구 이문동,서울특별시 동대문구 회기로25가길 28-8 (이문동),근린생활2,제2종근린생활시설,10071100195503,지번,1,False
1123010200101270036,서울특별시 동대문구 용두동,서울특별시 동대문구 무학로 94-2 (용두동),근린생활2,제2종근린생활시설,10071100197701,지번,1,False
1123010500109530017,서울특별시 동대문구 답십리동,서울특별시 동대문구 황물로15다길 5 (답십리동),근린생활1,제1종근린생활시설,100714006,지번,2,False
1123010400103570005,서울특별시 동대문구 전농동,서울특별시 동대문구 전농로15길 47 (전농동),근린생활1,제1종근린생활시설,100718826,지번,1,False
1123010600103890006,서울특별시 동대문구 장안동,서울특별시 동대문구 답십리로66길 25 (장안동),근린생활1,제1종근린생활시설,1007136476,지번,1,False
1123010100101140019,서울특별시 동대문구 신설동,서울특별시 동대문구 난계로26길 33 (신설동),근린생활2,제2종근린생활시설,1007115514,지번,1,False
1123010600104630004,서울특별시 동대문구 장안동,서울특별시 동대문구 장한로2길 15 (장안동),근린생활1,제1종근린생활시설,1007112380,지번,1,False
1123010100101140026,서울특별시 동대문구 신설동,서울특별시 동대문구 난계로28길 8 (신설동),근린생활1,제1종근린생활시설,100717801,지번,1,False
1123010100101170008,서울특별시 동대문구 신설동,서울특별시 동대문구 천호대로2길 32 (신설동),근린생활2,제2종근린생활시설,100712483,지번,1,False
1123010100101170013,서울특별시 동대문구 신설동,서울특별시 동대문구 난계로 244 (신설동),근린생활1,제1종근린생활시설,100719057,지번,1,False
1123010100101140088,서울특별시 동대문구 신설동,서울특별시 동대문구 난계로26길 15 (신설동),근린생활1,제1종근린생활시설,1007122739,지번,1,False
1123010100101140089,서울특별시 동대문구 신설동,서울특별시 동대문구 난계로26길 17 (신설동),근린생활1,제1종근린생활시설,1007127472,지번,1,False
1123010100101140090,서울특별시 동대문구 신설동,서울특별시 동대문구 난계로26길 21 (신설동),근린생활1,제1종근린생활시설,1007115834,지번,1,False
1123010100101140091,서울특별시 동대문구 신설동,서울특별시 동대문구 난계로26길 23 (신설동),근린생활1,제1종근린생활시설,1007118856,지번,1,False
1123010600101110001,서울특별시 동대문구 장안동,서울특별시 동대문구 한천로 193 (장안동),판매시설,판매시설,10071100201948,지번,1,False
1123010600103410006,서울특별시 동대문구 장안동,서울특별시 동대문구 장한로26다길 40 (장안동),근린생활2,제2종근린생활시설,10071100191260,지번,1,False
1123010700106840000,서울특별시 동대문구 청량리동,서울특별시 동대문구 약령시로17길 6-2 (청량리동),근린생활2,제2종근린생활시설,10071100194306,지번,1,False
1123010900103080144,서울특별시 동대문구 휘경동,서울특별시 동대문구 망우로 56 (휘경동),근린생활1,제1종근린생활시설,10071100202497,지번,1,False
1123010200102370021,서울특별시 동대문구 용두동,서울특별시 동대문구 천호대로25길 21 (용두동),근린생활1,제1종근린생활시설,10071100200458,지번,1,False
1123010400101030046,서울특별시 동대문구 전농동,서울특별시 동대문구 전농로38나길 20 (전농동),근린생활2,제2종근린생활시설,10071100201045,지번,1,False
1123010400100460038,서울특별시 동대문구 전농동,서울특별시 동대문구 사가정로13길 18 (전농동),근린생활2,제2종근린생활시설,1007112104,지번,1,False
1123010600103910038,서울특별시 동대문구 장안동,서울특별시 동대문구 답십리로68길 42 (장안동),근린생활1,제1종근린생활시설,1007122625,지번,1,False
1123010300105030000,서울특별시 동대문구 제기동,서울특별시 동대문구 왕산로33길 74-1 (제기동),근린생활2,단독주택,100712147,본번,1,False
1123010900102950024,서울특별시 동대문구 휘경동,서울특별시 동대문구 망우로12다길 6 (휘경동),근린생활2,제2종근린생활시설,10071100187774,지번,1,False
1123010100101030001,서울특별시 동대문구 신설동,서울특별시 동대문구 천호대로 8 (신설동),근린생활2,제2종근린생활시설,1007132634,지번,1,False
1123010100101030018,서울특별시 동대문구 신설동,서울특별시 동대문구 난계로30길 19 (신설동),근린생활1,제1종근린생활시설,100716920,지번,1,False
1123010100101040024,서울특별시 동대문구 신설동,서울특별시 동대문구 난계로30길 36-8 (신설동),근린생활2,제2종근린생활시설,1007111101,지번,1,False
1123010100101040023,서울특별시 동대문구 신설동,서울특별시 동대문구 천호대로2길 23-13 (신설동),근린생활2,제2종근린생활시설,1007115004,지번,1,False
1123010100101040004,서울특별시 동대문구 신설동,서울특별시 동대문구 난계로30길 22 (신설동),근린생활1,제1종근린생활시설,1007125055,지번,1,False
1123010100101090004,서울특별시 동대문구 신설동,서울특별시 동대문구 천호대로4길 22 (신설동),근린생활1,제1종근린생활시설,10071100186806,지번,2,False
1123010100101030017,서울특별시 동대문구 신설동,서울특별시 동대문구 난계로30길 21 (신설동),근린생활2,제2종근린생활시설,1007134962,지번,1,False
1123011000102640441,서울특별시 동대문구 이문동,서울특별시 동대문구 천장산로9가길 8 (이문동),근린생활2,제2종근린생활시설,10071100198662,지번,1,False
1123011000103210055,서울특별시 동대문구 이문동,서울특별시 동대문구 이문로16길 10 (이문동),근린생활2,제2종근린생활시설,10071100197104,지번,1,False
1123011000103460053,서울특별시 동대문구 이문동,서울특별시 동대문구 이문로13길 3 (이문동),근린생활2,제2종근린생활시설,10071100194203,지번,1,False
1123010800101030288,서울특별시 동대문구 회기동,서울특별시 동대문구 회기로12나길 2-6 (회기동),근린생활2,제2종근린생활시설,10071100191281,지번,1,False
1123010900101830322,서울특별시 동대문구 휘경동,서울특별시 동대문구 이문로8길 27 (휘경동),근린생활2,제2종근린생활시설,10071100191240,지번,1,False
1123010200100290006,서울특별시 동대문구 용두동,서울특별시 동대문구 고산자로 402 (용두동),판매시설,판매시설,10071100194023,지번,1,False
1123010300101340057,서울특별시 동대문구 제기동,서울특별시 동대문구 약령시로9길 71-12 (제기동),근린생활1,제1종근린생활시설,10071100195905,지번,1,False
1123010500100620002,서울특별시 동대문구 답십리동,서울특별시 동대문구 답십리로 179 (답십리동),근린생활2,제2종근린생활시설,10071100201988,지번,1,False
1123010600104050014,서울특별시 동대문구 장안동,서울특별시 동대문구 천호대로77가길 9-8 (장안동),근린생활2,제2종근린생활시설,10071100197124,지번,1,False
1123010800100600076,서울특별시 동대문구 회기동,서울특별시 동대문구 경희대로1나길 16 (회기동),근린생활2,제2종근린생활시설,10071100199002,지번,1,False
1123010900101830129,서울특별시 동대문구 휘경동,서울특별시 동대문구 회기로31가길 14 (휘경동),근린생활2,제2종근린생활시설,10071100201748,지번,1,False
1123011000102640237,서울특별시 동대문구 이문동,서울특별시 동대문구 천장산로7길 26-4 (이문동),근린생활2,제2종근린생활시설,10071100191320,지번,1,False
1123010300106640005,서울특별시 동대문구 제기동,서울특별시 동대문구 제기로 51 (제기동),근린생활2,제2종근린생활시설,1007124689,지번,1,False
1123010500102590007,서울특별시 동대문구 답십리동,서울특별시 동대문구 전농로 61 (답십리동),근린생활1,제1종근린생활시설,1007128463,지번,1,False
1123010100101140041,서울특별시 동대문구 신설동,서울특별시 동대문구 난계로26길 11 (신설동),근린생활1,제1종근린생활시설,100717723,지번,1,False
1123010100101030020,서울특별시 동대문구 신설동,서울특별시 동대문구 천호대로2길 7 (신설동),근린생활2,제2종근린생활시설,1007119794,지번,1,False
1123010100101140039,서울특별시 동대문구 신설동,서울특별시 동대문구 난계로26길 5-3 (신설동),근린생활2,제2종근린생활시설,1007111068,지번,1,False
1123010100101170009,서울특별시 동대문구 신설동,서울특별시 동대문구 난계로 242 (신설동),근린생활1,공동주택,10071100236492,지번,1,False
1123010200101050028,서울특별시 동대문구 용두동,서울특별시 동대문구 왕산로22길 32 (용두동),근린생활1,제1종근린생활시설,1007131763,지번,1,False
1123010400101520013,서울특별시 동대문구 전농동,서울특별시 동대문구 서울시립대로29길 52 (전농동),근린생활2,제2종근린생활시설,10071100195805,지번,1,False
1123010700102220017,서울특별시 동대문구 청량리동,서울특별시 동대문구 홍릉로8길 10-2 (청량리동),근린생활1,제1종근린생활시설,10071100200546,지번,1,False
1123011000102640258,서울특별시 동대문구 이문동,서울특별시 동대문구 천장산로7길 32-13 (이문동),근린생활2,제2종근린생활시설,10071100191341,지번,1,False
1123010200101290391,서울특별시 동대문구 용두동,서울특별시 동대문구 무학로16길 19 (용두동),근린생활1,제1종근린생활시설,1007123228,지번,1,False
1123011000102640358,서울특별시 동대문구 이문동,서울특별시 동대문구 천장산로7길 58-14 (이문동),근린생활2,제2종근린생활시설,10071100195735,지번,1,False
1123011000103040016,서울특별시 동대문구 이문동,서울특별시 동대문구 휘경로3길 11-4 (이문동),근린생활2,제2종근린생활시설,10071100193942,지번,1,False
1123011000103240029,서울특별시 동대문구 이문동,서울특별시 동대문구 이문로17길 5-3 (이문동),근린생활2,제2종근린생활시설,10071100196363,지번,1,False
1123010200101270017,서울특별시 동대문구 용두동,서울특별시 동대문구 천호대로 68 (용두동),근린생활2,제2종근린생활시설,10071100197540,지번,1,False
1123010200101290300,서울특별시 동대문구 용두동,서울특별시 동대문구 천호대로22길 17 (용두동),근린생활2,제2종근린생활시설,10071100197741,지번,1,False
1123010200107330005,서울특별시 동대문구 용두동,서울특별시 동대문구 무학로51길 61 (용두동),근린생활2,제2종근린생활시설,10071100200894,지번,1,False
1123010300101480034,서울특별시 동대문구 제기동,서울특별시 동대문구 약령시로 13-1 (제기동),근린생활2,제2종근린생활시설,10071100200545,지번,1,False
1123010200101290227,서울특별시 동대문구 용두동,서울특별시 동대문구 무학로20다길 17 (용두동),근린생활1,제1종근린생활시설,1007116760,지번,1,False
1123010200101180083,서울특별시 동대문구 용두동,서울특별시 동대문구 무학로 114-2 (용두동),근린생활1,제1종근린생활시설,1007116985,지번,1,False
1123010200102350034,서울특별시 동대문구 용두동,서울특별시 동대문구 천호대로13길 16 (용두동),근린생활1,제1종근린생활시설,1007125781,지번,1,False
1123010100101030002,서울특별시 동대문구 신설동,서울특별시 동대문구 천호대로 10 (신설동),근린생활2,제2종근린생활시설,1007133404,지번,1,False
1123010100101040003,서울특별시 동대문구 신설동,서울특별시 동대문구 난계로30길 16 (신설동),근린생활1,제1종근린생활시설,1007125102,지번,1,False
1123010100101040037,서울특별시 동대문구 신설동,서울특별시 동대문구 난계로30길 28 (신설동),근린생활2,제2종근린생활시설,1007134778,지번,1,False
1123010100101040035,서울특별시 동대문구 신설동,서울특별시 동대문구 천호대로2길 23-9 (신설동),근린생활1,제1종근린생활시설,1007115965,지번,1,False
1123010100101140027,서울특별시 동대문구 신설동,서울특별시 동대문구 난계로28길 12 (신설동),근린생활2,공장,1007117566,지번,1,False
1123010100101040001,서울특별시 동대문구 신설동,서울특별시 동대문구 천호대로2길 15 (신설동),근린생활2,제2종근린생활시설,100717291,지번,1,False
1123010200107230011,서울특별시 동대문구 용두동,서울특별시 동대문구 안암로6길 7 (용두동),근린생활2,제2종근린생활시설,1007128801,지번,1,False
1123011000102640510,서울특별시 동대문구 이문동,서울특별시 동대문구 천장산로9가길 10 (이문동),근린생활2,제2종근린생활시설,10071100198663,지번,1,False
1123011000103340034,서울특별시 동대문구 이문동,서울특별시 동대문구 회기로25가길 19 (이문동),근린생활2,제2종근린생활시설,10071100194143,지번,1,False
1123010500100010090,서울특별시 동대문구 답십리동,서울특별시 동대문구 답십리로59길 27 (답십리동),근린생활2,제2종근린생활시설,10071100193982,지번,1,False
1123011000102640389,서울특별시 동대문구 이문동,서울특별시 동대문구 이문로9나길 21-9 (이문동),근린생활2,제2종근린생활시설,10071100196885,지번,1,False
1123010600100990002,서울특별시 동대문구 장안동,,근린생활1,제1종근린생활시설,10071100194254,지번,2,False
1123010600100990002,서울특별시 동대문구 장안동,서울특별시 동대문구 사가정로25길 5 (장안동),근린생활1,제1종근린생활시설,1007116468,지번,2,False
1123010700200050007,서울특별시 동대문구 청량리동,서울특별시 동대문구 회기로 37 (청량리동),근린생활2,제2종근린생활시설,100716021,지번,8,False
1123010700200050007,서울특별시 동대문구 청량리동,서울특별시 동대문구 회기로 37 (청량리동),근린생활2,제2종근린생활시설,100716025,지번,8,False
1123010300111410040,서울특별시 동대문구 제기동,서울특별시 동대문구 약령서1길 38-1 (제기동),근린생활2,제2종근린생활시설,10071100200468,지번,1,False
1123010500100290059,서울특별시 동대문구 답십리동,서울특별시 동대문구 답십리로48라길 6-14 (답십리동),근린생활2,제2종근린생활시설,10071100198821,지번,1,False
1123011000103050070,서울특별시 동대문구 이문동,서울특별시 동대문구 휘경로 16-4 (이문동),근린생활2,제2종근린생활시설,10071100197484,지번,1,False
1123011000103050151,서울특별시 동대문구 이문동,서울특별시 동대문구 휘경로 15 (이문동),근린생활1,제1종근린생활시설,10071100202369,지번,1,False
1123010200101050027,서울특별시 동대문구 용두동,서울특별시 동대문구 왕산로22길 30 (용두동),근린생활2,제2종근린생활시설,10071100190197,지번,1,False
1123010600103420001,서울특별시 동대문구 장안동,서울특별시 동대문구 장한로26길 28 (장안동),근린생활2,제2종근린생활시설,1007135877,지번,1,False
1123010600104170005,서울특별시 동대문구 장안동,서울특별시 동대문구 천호대로83길 3 (장안동),근린생활1,제2종근린생활시설,10071100257515,지번,1,False
1123010400100420082,서울특별시 동대문구 전농동,서울특별시 동대문구 사가정로 150 (전농동),근린생활2,제2종근린생활시설,1007135490,지번,1,False
1123010500100480069,서울특별시 동대문구 답십리동,서울특별시 동대문구 답십리로48가길 41 (답십리동),근린생활1,제1종근린생활시설,100713515,지번,2,False
1123010100101040029,서울특별시 동대문구 신설동,서울특별시 동대문구 천호대로4길 16 (신설동),근린생활1,제1종근린생활시설,1007131766,지번,1,False
1123010100101140092,서울특별시 동대문구 신설동,서울특별시 동대문구 난계로26길 5-14 (신설동),근린생활2,제2종근린생활시설,1007127192,지번,1,False
1123010100101040030,서울특별시 동대문구 신설동,서울특별시 동대문구 천호대로2길 23-17 (신설동),근린생활1,제1종근린생활시설,1007122446,지번,1,False
1123010100101040026,서울특별시 동대문구 신설동,서울특별시 동대문구 난계로30길 34 (신설동),근린생활1,제1종근린생활시설,1007127832,지번,1,False
1123010100101040034,서울특별시 동대문구 신설동,서울특별시 동대문구 난계로30길 32 (신설동),근린생활2,제2종근린생활시설,1007119890,지번,1,False
1123010100101020014,서울특별시 동대문구 신설동,서울특별시 동대문구 천호대로 13 (신설동),근린생활1,제1종근린생활시설,1007129257,지번,1,False
1123010100101020022,서울특별시 동대문구 신설동,서울특별시 동대문구 천호대로 11-7 (신설동),근린생활1,제2종근린생활시설,10071100239272,지번,1,False
1123010100101020033,서울특별시 동대문구 신설동,서울특별시 동대문구 왕산로2길 14 (신설동),근린생활2,제2종근린생활시설,1007123434,지번,1,False
1123010100100980017,서울특별시 동대문구 신설동,서울특별시 동대문구 왕산로2길 9 (신설동),근린생활2,제2종근린생활시설,1007135789,지번,1,False
1123010200102370067,서울특별시 동대문구 용두동,서울특별시 동대문구 천호대로 95 (용두동),근린생활2,제2종근린생활시설,10071100188076,지번,1,False
1123010200107380011,서울특별시 동대문구 용두동,서울특별시 동대문구 무학로45길 20 (용두동),근린생활2,제2종근린생활시설,1007118819,지번,1,False
1123010400100390010,서울특별시 동대문구 전농동,서울특별시 동대문구 사가정로 134-6 (전농동),근린생활2,제2종근린생활시설,10071100190217,지번,1,False
1123010400105670004,서울특별시 동대문구 전농동,서울특별시 동대문구 서울시립대로 88-7 (전농동),근린생활2,제2종근린생활시설,1007129616,지번,1,False
1123010100100710011,서울특별시 동대문구 신설동,서울특별시 동대문구 한빛로 17 (신설동),근린생활1,제1종근린생활시설,1007126500,지번,1,False
1123010700102050363,서울특별시 동대문구 청량리동,서울특별시 동대문구 제기로17길 28 (청량리동),근린생활1,제1종근린생활시설,1007131875,지번,1,False
1123010700102050349,서울특별시 동대문구 청량리동,서울특별시 동대문구 홍릉로25길 25-1 (청량리동),근린생활1,제1종근린생활시설,1007124150,지번,1,False
1123010800100030018,서울특별시 동대문구 회기동,서울특별시 동대문구 회기로23가길 14 (회기동),근린생활2,제2종근린생활시설,10071100188857,지번,1,False
1123010800101030070,서울특별시 동대문구 회기동,서울특별시 동대문구 회기로12길 5-24 (회기동),근린생활2,제2종근린생활시설,10071100184733,지번,1,False
1123010800101030269,서울특별시 동대문구 회기동,서울특별시 동대문구 회기로10가길 40 (회기동),근린생활2,제2종근린생활시설,10071100188637,지번,1,False
1123010800100600125,서울특별시 동대문구 회기동,서울특별시 동대문구 회기로 122 (회기동),근린생활2,제2종근린생활시설,1007122835,지번,1,False
1123010300106460013,서울특별시 동대문구 제기동,서울특별시 동대문구 경동시장로6길 3 (제기동),근린생활1,제1종근린생활시설,10071100191962,지번,1,False
1123010500110000000,서울특별시 동대문구 답십리동,서울특별시 동대문구 한천로37길 33 (답십리동),근린생활2,제2종근린생활시설,10071100193464,지번,10,False
1123010900101830123,서울특별시 동대문구 휘경동,서울특별시 동대문구 회기로31나길 29 (휘경동),근린생활2,제2종근린생활시설,10071100188897,지번,1,False
1123010900101870020,서울특별시 동대문구 휘경동,서울특별시 동대문구 이문로 58 (휘경동),근린생활2,제2종근린생활시설,1007124337,지번,1,False
1123010900102860006,서울특별시 동대문구 휘경동,서울특별시 동대문구 망우로18가길 13 (휘경동),근린생활2,제2종근린생활시설,10071100187554,지번,1,False
1123010900102860186,서울특별시 동대문구 휘경동,서울특별시 동대문구 망우로18가길 17 (휘경동),근린생활2,제2종근린생활시설,10071100187386,지번,1,False
1123011000103350011,서울특별시 동대문구 이문동,서울특별시 동대문구 이문로13길 12 (이문동),근린생활1,제1종근린생활시설,1007130900,지번,1,False
1123011000103410055,서울특별시 동대문구 이문동,서울특별시 동대문구 회기로25길 52 (이문동),근린생활2,제2종근린생활시설,10071100190158,지번,1,False
1123010800100570003,서울특별시 동대문구 회기동,서울특별시 동대문구 회기로25길 17-5 (회기동),근린생활2,제2종근린생활시설,10071100190218,지번,1,False
1123010100101020034,서울특별시 동대문구 신설동,서울특별시 동대문구 왕산로2길 16-2 (신설동),근린생활2,제2종근린생활시설,1007123962,지번,1,False
1123010100100310001,서울특별시 동대문구 신설동,서울특별시 동대문구 한빛로 19 (신설동),근린생활1,제1종근린생활시설,1007113905,지번,1,False
1123011000103050089,서울특별시 동대문구 이문동,서울특별시 동대문구 휘경로2가길 13 (이문동),근린생활2,제2종근린생활시설,10071100197084,지번,1,False
1123010200101180058,서울특별시 동대문구 용두동,서울특별시 동대문구 천호대로 77 (용두동),근린생활2,제2종근린생활시설,10071100188717,지번,1,False
1123010300108600022,서울특별시 동대문구 제기동,서울특별시 동대문구 약령중앙로 85 (제기동),근린생활2,제2종근린생활시설,10071100197541,지번,1,False
1123010600103380009,서울특별시 동대문구 장안동,서울특별시 동대문구 답십리로72길 68 (장안동),근린생활1,제1종근린생활시설,100715873,지번,2,False
1123010600102940006,서울특별시 동대문구 장안동,서울특별시 동대문구 장한로27길 41 (장안동),근린생활2,제2종근린생활시설,10071100197953,지번,1,False
1123011000102880063,서울특별시 동대문구 이문동,서울특별시 동대문구 휘경로 4-10 (이문동),근린생활2,제2종근린생활시설,10071100203885,지번,1,False
1123010600104560003,서울특별시 동대문구 장안동,서울특별시 동대문구 장안벚꽃로 15 (장안동),근린생활1,제1종근린생활시설,10071100203765,지번,1,False
1123010600104180002,서울특별시 동대문구 장안동,서울특별시 동대문구 한천로2길 77 (장안동),근린생활1,제1종근린생활시설,10071100203507,지번,1,False
1123010600103310004,서울특별시 동대문구 장안동,서울특별시 동대문구 답십리로 309 (장안동),근린생활1,제1종근린생활시설,10071100203576,지번,2,False
1123010600103310004,서울특별시 동대문구 장안동,서울특별시 동대문구 답십리로 309 (장안동),근린생활1,제2종근린생활시설,1007115378,지번,2,False
1123010600101330003,서울특별시 동대문구 장안동,서울특별시 동대문구 답십리로63길 33 (장안동),근린생활2,제2종근린생활시설,10071100203745,지번,1,False
1123010500100020272,서울특별시 동대문구 답십리동,서울특별시 동대문구 한천로 81-1 (답십리동),근린생활2,제2종근린생활시설,10071100203848,지번,2,False
1123011000101770107,서울특별시 동대문구 이문동,서울특별시 동대문구 한천로 442 (이문동),근린생활2,제2종근린생활시설,1007110530,지번,1,False
1123010800100600104,서울특별시 동대문구 회기동,서울특별시 동대문구 경희대로1길 41 (회기동),근린생활2,제2종근린생활시설,100717770,지번,1,False
1123010500104830015,서울특별시 동대문구 답십리동,서울특별시 동대문구 황물로 109-1 (답십리동),근린생활2,제2종근린생활시설,1007114001,지번,1,False
1123010500100020035,서울특별시 동대문구 답십리동,서울특별시 동대문구 답십리로59길 12 (답십리동),근린생활1,제1종근린생활시설,1007117415,지번,1,False
1123010400106550040,서울특별시 동대문구 전농동,서울특별시 동대문구 답십리로 107 (전농동),근린생활1,제1종근린생활시설,1007132709,지번,1,False
1123010600104120002,서울특별시 동대문구 장안동,서울특별시 동대문구 한천로2길 15 (장안동),근린생활1,제1종근린생활시설,1007113246,지번,1,False
1123010600101910003,서울특별시 동대문구 장안동,서울특별시 동대문구 답십리로64길 126 (장안동),근린생활1,제1종근린생활시설,1007136000,지번,1,False
1123010600105680000,서울특별시 동대문구 장안동,서울특별시 동대문구 장한로5길 28 (장안동),근린생활1,제1종근린생활시설,100714258,지번,2,False
1123010600103900020,서울특별시 동대문구 장안동,서울특별시 동대문구 답십리로66길 55 (장안동),근린생활2,제2종근린생활시설,1007135026,지번,1,False
1123010500109590008,서울특별시 동대문구 답십리동,서울특별시 동대문구 황물로17길 9-4 (답십리동),근린생활1,제1종근린생활시설,1007131277,지번,1,False
1123010600103370022,서울특별시 동대문구 장안동,서울특별시 동대문구 장한로26길 42 (장안동),근린생활1,제2종근린생활시설,10071100232832,지번,1,False
1123010600103300002,서울특별시 동대문구 장안동,서울특별시 동대문구 답십리로 293 (장안동),근린생활2,제2종근린생활시설,1007133164,지번,1,False
1123010600103080008,서울특별시 동대문구 장안동,서울특별시 동대문구 장한로28길 14 (장안동),근린생활2,제2종근린생활시설,1007118242,지번,1,False
1123010600103100007,서울특별시 동대문구 장안동,서울특별시 동대문구 장한로28가길 41-1 (장안동),근린생활2,단독주택,100712804,지번,1,False
1123010600103080009,서울특별시 동대문구 장안동,서울특별시 동대문구 답십리로 291-3 (장안동),근린생활2,제2종근린생활시설,1007135271,지번,1,False
1123010600103080004,서울특별시 동대문구 장안동,서울특별시 동대문구 답십리로 291-1 (장안동),근린생활1,제1종근린생활시설,100718418,지번,1,False
1123010600103540002,서울특별시 동대문구 장안동,서울특별시 동대문구 장한로14길 81 (장안동),근린생활1,제1종근린생활시설,100715004,지번,10,False
1123010600103540002,서울특별시 동대문구 장안동,서울특별시 동대문구 장한로14길 81 (장안동),근린생활1,제1종근린생활시설,100715005,지번,10,False
1123010200102350017,서울특별시 동대문구 용두동,서울특별시 동대문구 무학로 119-1 (용두동),근린생활1,제1종근린생활시설,100718470,지번,1,False
1123010600103100002,서울특별시 동대문구 장안동,서울특별시 동대문구 장한로 162 (장안동),근린생활2,제2종근린생활시설,1007124604,지번,1,False
1123010600104140011,서울특별시 동대문구 장안동,서울특별시 동대문구 한천로2길 42 (장안동),근린생활2,제2종근린생활시설,100717122,지번,1,False
1123010500102760025,서울특별시 동대문구 답십리동,서울특별시 동대문구 전농로 33 (답십리동),근린생활1,제1종근린생활시설,1007112642,지번,1,False
1123010500109550017,서울특별시 동대문구 답십리동,서울특별시 동대문구 황물로15길 32 (답십리동),근린생활1,제1종근린생활시설,10071100264535,지번,1,False
1123010600104630002,서울특별시 동대문구 장안동,서울특별시 동대문구 천호대로85길 14 (장안동),근린생활2,제2종근린생활시설,1007132525,지번,1,False
1123010600101940028,서울특별시 동대문구 장안동,서울특별시 동대문구 답십리로64길 135 (장안동),근린생활2,제2종근린생활시설,1007116547,지번,1,False
1123010500100360016,서울특별시 동대문구 답십리동,서울특별시 동대문구 답십리로48가길 42 (답십리동),근린생활2,제2종근린생활시설,1007117929,지번,1,False
1123010500104670048,서울특별시 동대문구 답십리동,서울특별시 동대문구 사가정로 31 (답십리동),근린생활1,제1종근린생활시설,1007132164,지번,1,False
1123010500104820086,서울특별시 동대문구 답십리동,서울특별시 동대문구 황물로 93 (답십리동),근린생활1,제1종근린생활시설,1007134685,지번,1,False
1123010500100020179,서울특별시 동대문구 답십리동,서울특별시 동대문구 답십리로59가길 4 (답십리동),근린생활2,제2종근린생활시설,100717159,지번,1,False
1123010500102520013,서울특별시 동대문구 답십리동,서울특별시 동대문구 전농로 71 (답십리동),근린생활1,제1종근린생활시설,1007114661,지번,1,False
1123010600103050007,서울특별시 동대문구 장안동,서울특별시 동대문구 장한로27가길 36 (장안동),근린생활1,제1종근린생활시설,100712765,지번,2,False
1123010200100390714,서울특별시 동대문구 용두동,서울특별시 동대문구 고산자로28길 39 (용두동),근린생활2,제2종근린생활시설,1007113792,지번,1,False
1123010100100900004,서울특별시 동대문구 신설동,서울특별시 동대문구 하정로2길 7 (신설동),근린생활2,제2종근린생활시설,1007118978,지번,1,False
1123010500102450002,서울특별시 동대문구 답십리동,서울특별시 동대문구 답십리로 154 (답십리동),근린생활2,제2종근린생활시설,100718711,지번,1,False
1123010500104880310,서울특별시 동대문구 답십리동,서울특별시 동대문구 황물로 173 (답십리동),근린생활1,제1종근린생활시설,1007117959,지번,1,False
1123010500100530021,서울특별시 동대문구 답십리동,서울특별시 동대문구 답십리로 162 (답십리동),근린생활2,제2종근린생활시설,1007118198,지번,1,False
1123010500105300015,서울특별시 동대문구 답십리동,서울특별시 동대문구 고미술로 71 (답십리동),근린생활1,공동주택,10071100230137,지번,1,False
1123010500102440002,서울특별시 동대문구 답십리동,서울특별시 동대문구 답십리로 151 (답십리동),근린생활1,제1종근린생활시설,1007119210,지번,1,False
1123010500100650004,서울특별시 동대문구 답십리동,서울특별시 동대문구 답십리로53길 5 (답십리동),근린생활1,제1종근린생활시설,1007122318,지번,1,False
1123010500104900087,서울특별시 동대문구 답십리동,서울특별시 동대문구 천호대로75길 42 (답십리동),근린생활1,제1종근린생활시설,1007110735,지번,1,False
1123010600102180011,서울특별시 동대문구 장안동,서울특별시 동대문구 한천로10길 18 (장안동),근린생활1,제1종근린생활시설,1007117250,지번,1,False
1123010600104170006,서울특별시 동대문구 장안동,서울특별시 동대문구 천호대로81길 8 (장안동),근린생활1,제1종근린생활시설,100716704,지번,1,False
1123010600104180010,서울특별시 동대문구 장안동,서울특별시 동대문구 한천로6길 66 (장안동),근린생활2,제2종근린생활시설,1007112253,지번,1,False
1123010600104330002,서울특별시 동대문구 장안동,서울특별시 동대문구 장한로 26 (장안동),근린생활2,제2종근린생활시설,1007133882,지번,1,False
1123010600101630017,서울특별시 동대문구 장안동,서울특별시 동대문구 한천로24길 14 (장안동),근린생활2,제2종근린생활시설,1007128697,지번,1,False
1123010600103580006,서울특별시 동대문구 장안동,서울특별시 동대문구 장한로14길 74 (장안동),근린생활1,제1종근린생활시설,100712863,지번,2,False
1123010600104400029,서울특별시 동대문구 장안동,서울특별시 동대문구 장안벚꽃로 25 (장안동),근린생활1,제1종근린생활시설,100712034,지번,2,False
1123010600103490024,서울특별시 동대문구 장안동,서울특별시 동대문구 답십리로72길 124 (장안동),근린생활1,제1종근린생활시설,1007124606,지번,1,False
1123010600103490010,서울특별시 동대문구 장안동,서울특별시 동대문구 답십리로72길 118 (장안동),근린생활1,제1종근린생활시설,1007116625,지번,1,False
1123010600103490017,서울특별시 동대문구 장안동,서울특별시 동대문구 답십리로72길 106 (장안동),근린생활1,제1종근린생활시설,1007124707,지번,1,False
1123010600103080007,서울특별시 동대문구 장안동,서울특별시 동대문구 장한로28길 12 (장안동),근린생활1,제2종근린생활시설,1007117073,지번,1,False
1123010600103560000,서울특별시 동대문구 장안동,서울특별시 동대문구 장안벚꽃로 77 (장안동),근린생활2,제2종근린생활시설,100715876,지번,2,False
1123010600103240008,서울특별시 동대문구 장안동,서울특별시 동대문구 장한로30길 31 (장안동),근린생활2,제2종근린생활시설,1007117113,지번,1,False
1123010600103300009,서울특별시 동대문구 장안동,서울특별시 동대문구 장한로28길 18 (장안동),근린생활2,제2종근린생활시설,1007134736,지번,1,False
1123010600103240011,서울특별시 동대문구 장안동,서울특별시 동대문구 답십리로69길 45 (장안동),근린생활1,제1종근린생활시설,100712807,지번,1,False
1123010600103300007,서울특별시 동대문구 장안동,서울특별시 동대문구 장한로28길 22 (장안동),근린생활2,제2종근린생활시설,100712390,지번,2,False
1123010600103240009,서울특별시 동대문구 장안동,서울특별시 동대문구 답십리로69길 49 (장안동),근린생활2,제2종근린생활시설,1007122942,지번,1,False
1123010600103300008,서울특별시 동대문구 장안동,서울특별시 동대문구 장한로28길 24 (장안동),근린생활1,제1종근린생활시설,100714352,지번,2,False
1123010600103370020,서울특별시 동대문구 장안동,서울특별시 동대문구 답십리로72길 24 (장안동),근린생활2,제2종근린생활시설,1007133704,지번,1,False
1123010100100920127,서울특별시 동대문구 신설동,서울특별시 동대문구 하정로 44 (신설동),근린생활1,제1종근린생활시설,100718870,지번,1,False
1123010100101020037,서울특별시 동대문구 신설동,서울특별시 동대문구 왕산로2길 32 (신설동),근린생활2,제2종근린생활시설,1007131019,지번,1,False
1123010500100030125,서울특별시 동대문구 답십리동,서울특별시 동대문구 답십리로 224-1 (답십리동),근린생활2,제2종근린생활시설,1007135282,지번,1,False
1123010600104290004,서울특별시 동대문구 장안동,서울특별시 동대문구 장한로9길 8 (장안동),근린생활1,제1종근린생활시설,100717287,지번,1,False
1123010600103970016,서울특별시 동대문구 장안동,서울특별시 동대문구 한천로14길 59 (장안동),근린생활1,제1종근린생활시설,100717439,지번,1,False
1123010600104330006,서울특별시 동대문구 장안동,서울특별시 동대문구 장한로 14 (장안동),근린생활1,제1종근린생활시설,1007130219,지번,1,False
1123010600104220000,서울특별시 동대문구 장안동,서울특별시 동대문구 장한로5길 37 (장안동),근린생활2,제2종근린생활시설,1007122814,지번,1,False
1123010600104630005,서울특별시 동대문구 장안동,서울특별시 동대문구 장한로2길 23 (장안동),근린생활1,제1종근린생활시설,1007114387,지번,1,False
1123010600103760005,서울특별시 동대문구 장안동,서울특별시 동대문구 장한로13길 11-3 (장안동),근린생활1,제1종근린생활시설,100717994,지번,1,False
1123010600104300001,서울특별시 동대문구 장안동,서울특별시 동대문구 천호대로83길 84 (장안동),근린생활1,제1종근린생활시설,1007124712,지번,1,False
1123010600103380002,서울특별시 동대문구 장안동,서울특별시 동대문구 장한로24길 46 (장안동),근린생활2,제2종근린생활시설,100717438,지번,1,False
1123010600103370002,서울특별시 동대문구 장안동,서울특별시 동대문구 장한로26다길 7 (장안동),근린생활2,공동주택,10071100250334,지번,1,False
1123010600103370010,서울특별시 동대문구 장안동,서울특별시 동대문구 답십리로72길 28 (장안동),근린생활1,제1종근린생활시설,100719325,지번,1,False
1123010600103370009,서울특별시 동대문구 장안동,서울특별시 동대문구 답십리로72길 32 (장안동),근린생활2,업무시설,10071100262775,지번,1,False
1123010600103350009,서울특별시 동대문구 장안동,서울특별시 동대문구 답십리로 296 (장안동),근린생활2,제2종근린생활시설,1007118721,지번,1,False
1123010600103350004,서울특별시 동대문구 장안동,서울특별시 동대문구 답십리로 300 (장안동),근린생활2,공동주택,1000000000000001266195,지번,1,False
1123010600103550001,서울특별시 동대문구 장안동,서울특별시 동대문구 장한로18길 88 (장안동),근린생활2,제2종근린생활시설,1007126924,지번,1,False
1123010600103370001,서울특별시 동대문구 장안동,서울특별시 동대문구 장한로26길 40 (장안동),근린생활2,업무시설,10071100249214,지번,1,False
1123010600103370005,서울특별시 동대문구 장안동,서울특별시 동대문구 장한로24길 39 (장안동),근린생활1,업무시설,1000000000000004799765,지번,1,False
1123010600103350003,서울특별시 동대문구 장안동,서울특별시 동대문구 답십리로 298 (장안동),근린생활1,제1종근린생활시설,1007123335,지번,1,False
1123010600103420023,서울특별시 동대문구 장안동,서울특별시 동대문구 장한로26다길 10 (장안동),근린생활1,제1종근린생활시설,1007123176,지번,1,False
1123010600103410004,서울특별시 동대문구 장안동,서울특별시 동대문구 장한로26다길 36 (장안동),근린생활1,제1종근린생활시설,1007117530,지번,1,False
1123010600103540009,서울특별시 동대문구 장안동,서울특별시 동대문구 장한로18길 78 (장안동),근린생활1,제1종근린생활시설,1007113999,지번,1,False
1123010400106480013,서울특별시 동대문구 전농동,서울특별시 동대문구 서울시립대로 42 (전농동),근린생활1,제1종근린생활시설,1007110822,지번,1,False
1123010500100970015,서울특별시 동대문구 답십리동,서울특별시 동대문구 전농로 113 (답십리동),근린생활1,제1종근린생활시설,1007126263,지번,1,False
1123010500109890001,서울특별시 동대문구 답십리동,서울특별시 동대문구 답십리로59길 33 (답십리동),근린생활2,제2종근린생활시설,100713476,지번,6,False
1123010500104940001,서울특별시 동대문구 답십리동,서울특별시 동대문구 천호대로 289 (답십리동),근린생활2,업무시설,10071100229832,지번,1,False
1123010600104130010,서울특별시 동대문구 장안동,서울특별시 동대문구 한천로2길 6 (장안동),근린생활1,제1종근린생활시설,1007125787,지번,1,False
1123010600101950002,서울특별시 동대문구 장안동,서울특별시 동대문구 천호대로77길 123 (장안동),근린생활2,제2종근린생활시설,1007130596,지번,1,False
1123010600104150018,서울특별시 동대문구 장안동,서울특별시 동대문구 한천로2길 76 (장안동),근린생활1,제1종근린생활시설,1007110994,지번,1,False
1123010500100040075,서울특별시 동대문구 답십리동,서울특별시 동대문구 한천로17길 25-1 (답십리동),근린생활2,제2종근린생활시설,1007127743,지번,1,False
1123010600103380003,서울특별시 동대문구 장안동,서울특별시 동대문구 답십리로72길 60-2 (장안동),근린생활1,제1종근린생활시설,1007135796,지번,1,False
1123010600103450003,서울특별시 동대문구 장안동,서울특별시 동대문구 장한로24길 20 (장안동),근린생활2,제1종근린생활시설,10071100247367,지번,1,False
1123010600104400009,서울특별시 동대문구 장안동,서울특별시 동대문구 장안벚꽃로 27 (장안동),근린생활1,제1종근린생활시설,1007123737,지번,1,False
1123010600103490002,서울특별시 동대문구 장안동,서울특별시 동대문구 장한로18길 46 (장안동),근린생활2,제2종근린생활시설,1007119116,지번,1,False
1123010600103450006,서울특별시 동대문구 장안동,서울특별시 동대문구 장한로26나길 50 (장안동),근린생활1,제1종근린생활시설,100712857,지번,2,False
1123010600103670002,서울특별시 동대문구 장안동,서울특별시 동대문구 장한로 120 (장안동),근린생활2,제2종근린생활시설,1007133133,지번,1,False
1123010600103060009,서울특별시 동대문구 장안동,서울특별시 동대문구 장한로27가길 18 (장안동),근린생활2,업무시설,10071100266935,지번,1,False
1123010600103050011,서울특별시 동대문구 장안동,서울특별시 동대문구 장한로27가길 32 (장안동),근린생활1,제1종근린생활시설,100715864,지번,2,False
1123010600103370017,서울특별시 동대문구 장안동,서울특별시 동대문구 답십리로72길 22 (장안동),근린생활2,제2종근린생활시설,1007118795,지번,1,False
1123010600103370015,서울특별시 동대문구 장안동,서울특별시 동대문구 답십리로72길 34 (장안동),근린생활2,제2종근린생활시설,100716576,지번,1,False
1123010600103370011,서울특별시 동대문구 장안동,서울특별시 동대문구 답십리로72길 18 (장안동),근린생활2,제2종근린생활시설,100719227,지번,1,False
1123010600103370019,서울특별시 동대문구 장안동,서울특별시 동대문구 답십리로72길 36 (장안동),근린생활2,제2종근린생활시설,1007135011,지번,1,False
1123010600103310012,서울특별시 동대문구 장안동,서울특별시 동대문구 장한로28길 44 (장안동),근린생활2,제2종근린생활시설,1007128718,지번,1,False
1123010600103290003,서울특별시 동대문구 장안동,서울특별시 동대문구 장안벚꽃로 167 (장안동),근린생활1,제2종근린생활시설,100711943,지번,28,False
1123010600103290003,서울특별시 동대문구 장안동,서울특별시 동대문구 장안벚꽃로 167 (장안동),근린생활1,제1종근린생활시설,100711944,지번,28,False
1123010600103290003,서울특별시 동대문구 장안동,서울특별시 동대문구 장안벚꽃로 167 (장안동),근린생활1,제1종근린생활시설,100711947,지번,28,False
1123010600103290003,서울특별시 동대문구 장안동,서울특별시 동대문구 장안벚꽃로 167 (장안동),근린생활1,제1종근린생활시설,100711948,지번,28,False
1123010600103350006,서울특별시 동대문구 장안동,서울특별시 동대문구 답십리로 304 (장안동),근린생활2,제2종근린생활시설,1007120747,지번,1,False
1123010600103370012,서울특별시 동대문구 장안동,서울특별시 동대문구 장한로26길 50 (장안동),근린생활1,제1종근린생활시설,1007126856,지번,1,False
1123010600103080005,서울특별시 동대문구 장안동,서울특별시 동대문구 장한로28길 8 (장안동),근린생활2,제2종근린생활시설,1007117508,지번,1,False
1123010600103090007,서울특별시 동대문구 장안동,서울특별시 동대문구 장한로28가길 17 (장안동),근린생활1,공동주택,10071100263655,지번,1,False
1123010600103080003,서울특별시 동대문구 장안동,서울특별시 동대문구 답십리로 289 (장안동),근린생활2,제2종근린생활시설,1007120653,지번,1,False
1123010600103390018,서울특별시 동대문구 장안동,서울특별시 동대문구 답십리로72길 98 (장안동),근린생활1,제1종근린생활시설,1007129613,지번,1,False
1123010600103390029,서울특별시 동대문구 장안동,서울특별시 동대문구 답십리로72길 96 (장안동),근린생활1,제1종근린생활시설,1007116875,지번,1,False
1123010700100400008,서울특별시 동대문구 청량리동,서울특별시 동대문구 왕산로 261 (청량리동),근린생활2,제2종근린생활시설,1007130008,지번,1,False
1123010700100400000,서울특별시 동대문구 청량리동,서울특별시 동대문구 제기로38길 29 (청량리동),근린생활1,제1종근린생활시설,1007114021,지번,1,False
1123010700100360002,서울특별시 동대문구 청량리동,서울특별시 동대문구 제기로 152-2 (청량리동),근린생활1,제1종근린생활시설,1007123440,지번,1,False
1123010700100380038,서울특별시 동대문구 청량리동,서울특별시 동대문구 제기로 151 (청량리동),근린생활1,제1종근린생활시설,1007132741,지번,1,False
1123010500104880017,서울특별시 동대문구 답십리동,서울특별시 동대문구 전농로 22 (답십리동),근린생활,근린생활시설,1007129537,지번,1,False
1123010500100660051,서울특별시 동대문구 답십리동,서울특별시 동대문구 답십리로 163 (답십리동),근린생활2,제2종근린생활시설,1007123155,지번,1,False
1123010500104850019,서울특별시 동대문구 답십리동,서울특별시 동대문구 천호대로71길 40 (답십리동),근린생활2,제2종근린생활시설,1007117670,지번,1,False
1123010500100100002,서울특별시 동대문구 답십리동,서울특별시 동대문구 한천로11길 18 (답십리동),근린생활1,제1종근린생활시설,1007132961,지번,1,False
1123010600101410030,서울특별시 동대문구 장안동,서울특별시 동대문구 답십리로 240 (장안동),근린생활1,제1종근린생활시설,100717332,지번,1,False
1123010600104220009,서울특별시 동대문구 장안동,서울특별시 동대문구 천호대로81길 49 (장안동),근린생활1,제1종근린생활시설,1007112486,지번,1,False
1123010600103950001,서울특별시 동대문구 장안동,서울특별시 동대문구 답십리로66길 105 (장안동),근린생활1,제1종근린생활시설,1007110864,지번,1,False
1123010600104280003,서울특별시 동대문구 장안동,서울특별시 동대문구 천호대로83길 93 (장안동),근린생활1,제1종근린생활시설,1007130128,지번,1,False
1123010600103460014,서울특별시 동대문구 장안동,서울특별시 동대문구 장한로22길 20-4 (장안동),근린생활1,제1종근린생활시설,1007114134,지번,1,False
1123010600103070003,서울특별시 동대문구 장안동,서울특별시 동대문구 장한로 139 (장안동),근린생활2,제2종근린생활시설,1007129774,지번,1,False
1123010600104560001,서울특별시 동대문구 장안동,서울특별시 동대문구 장안벚꽃로 19 (장안동),근린생활1,제1종근린생활시설,100712515,지번,2,False
1123010600103050012,서울특별시 동대문구 장안동,서울특별시 동대문구 장한로 157 (장안동),근린생활2,제2종근린생활시설,1007121299,지번,1,False
1123010600103060012,서울특별시 동대문구 장안동,서울특별시 동대문구 장한로 149 (장안동),근린생활2,제2종근린생활시설,1007136488,지번,1,False
1123010600103050004,서울특별시 동대문구 장안동,서울특별시 동대문구 장한로 155 (장안동),근린생활1,제1종근린생활시설,100717665,지번,1,False
1123010600103060011,서울특별시 동대문구 장안동,서울특별시 동대문구 장한로 149-1 (장안동),근린생활1,제1종근린생활시설,1007122266,지번,1,False
1123010600103670001,서울특별시 동대문구 장안동,서울특별시 동대문구 장한로 126 (장안동),근린생활2,제2종근린생활시설,1007118374,지번,1,False
1123010600103670007,서울특별시 동대문구 장안동,서울특별시 동대문구 장한로 124 (장안동),근린생활2,제2종근린생활시설,1007135221,지번,1,False
1123010600103390028,서울특별시 동대문구 장안동,서울특별시 동대문구 답십리로72길 92 (장안동),근린생활1,제1종근린생활시설,1007136533,지번,1,False
1123010600103090004,서울특별시 동대문구 장안동,서울특별시 동대문구 장한로28가길 1 (장안동),근린생활1,제1종근린생활시설,1007133522,지번,1,False
1123010600103380010,서울특별시 동대문구 장안동,서울특별시 동대문구 답십리로72길 74 (장안동),근린생활1,공동주택,10071100216554,지번,3,True
1123010600103380010,서울특별시 동대문구 장안동,서울특별시 동대문구 답십리로72길 74 (장안동),근린생활1,공동주택,10071100216563,지번,3,True
1123010600103380010,서울특별시 동대문구 장안동,서울특별시 동대문구 답십리로72길 74 (장안동),근린생활1,공동주택,10071100216575,지번,3,True
1123010600103420006,서울특별시 동대문구 장안동,서울특별시 동대문구 장한로24길 27 (장안동),근린생활1,제1종근린생활시설,1007120361,지번,1,False
1123010600103090005,서울특별시 동대문구 장안동,서울특별시 동대문구 장한로28가길 7 (장안동),근린생활1,제1종근린생활시설,1007110686,지번,1,False
1123010600103310001,서울특별시 동대문구 장안동,서울특별시 동대문구 답십리로69길 8 (장안동),근린생활2,제2종근린생활시설,100719525,지번,1,False
1123010600103240007,서울특별시 동대문구 장안동,서울특별시 동대문구 장한로30길 29 (장안동),근린생활1,제1종근린생활시설,1007114221,지번,1,False
1123010600103300005,서울특별시 동대문구 장안동,서울특별시 동대문구 답십리로69길 11 (장안동),근린생활2,제2종근린생활시설,100717637,지번,1,False
1123010600103300004,서울특별시 동대문구 장안동,서울특별시 동대문구 답십리로69길 7 (장안동),근린생활1,제1종근린생활시설,1007125759,지번,1,False
1123010600103350005,서울특별시 동대문구 장안동,서울특별시 동대문구 답십리로 302 (장안동),근린생활2,제2종근린생활시설,1007122069,지번,1,False
1123010400105300043,서울특별시 동대문구 전농동,서울특별시 동대문구 답십리로23길 58 (전농동),근린생활1,제1종근린생활시설,1007119668,지번,1,False
1123010400105670029,서울특별시 동대문구 전농동,서울특별시 동대문구 서울시립대로 90 (전농동),근린생활1,제1종근린생활시설,1007112579,지번,2,False
1123010600104240012,서울특별시 동대문구 장안동,서울특별시 동대문구 천호대로83길 55 (장안동),근린생활1,공동주택,10071100206324,지번,1,False
1123010700100380010,서울특별시 동대문구 청량리동,서울특별시 동대문구 제기로37길 3 (청량리동),근린생활1,제1종근린생활시설,1007119536,지번,1,False
1123010500109580016,서울특별시 동대문구 답십리동,서울특별시 동대문구 황물로15길 10-9 (답십리동),근린생활1,제1종근린생활시설,1007124952,지번,1,False
1123010600102190001,서울특별시 동대문구 장안동,서울특별시 동대문구 한천로10길 10 (장안동),근린생활2,제2종근린생활시설,100717560,지번,1,False
1123010500100020068,서울특별시 동대문구 답십리동,서울특별시 동대문구 답십리로60길 1 (답십리동),근린생활2,제2종근린생활시설,1007131723,지번,1,False
1123010600104330022,서울특별시 동대문구 장안동,서울특별시 동대문구 천호대로85길 7 (장안동),근린생활1,제1종근린생활시설,1007116435,지번,1,False
1123010600103920002,서울특별시 동대문구 장안동,서울특별시 동대문구 답십리로66길 65 (장안동),근린생활2,제2종근린생활시설,1007122957,지번,1,False
1123010600104390020,서울특별시 동대문구 장안동,서울특별시 동대문구 장한로12길 72 (장안동),근린생활2,공동주택,1000000000000002977491,지번,3,True
1123010600104390020,서울특별시 동대문구 장안동,서울특별시 동대문구 장한로12길 72 (장안동),근린생활2,공동주택,1000000000000002977506,지번,3,True
1123010600104390020,서울특별시 동대문구 장안동,서울특별시 동대문구 장한로12길 72 (장안동),근린생활2,공동주택,1000000000000002977518,지번,3,True
1123010600104400010,서울특별시 동대문구 장안동,서울특별시 동대문구 천호대로97길 56 (장안동),근린생활1,제1종근린생활시설,100715890,지번,2,False
1123010600103500013,서울특별시 동대문구 장안동,서울특별시 동대문구 장한로18길 40 (장안동),근린생활1,제1종근린생활시설,1007112190,지번,1,False
1123010600103070001,서울특별시 동대문구 장안동,서울특별시 동대문구 답십리로 271-6 (장안동),근린생활1,제1종근린생활시설,10071100239052,지번,1,False
1123010600103500003,서울특별시 동대문구 장안동,서울특별시 동대문구 장한로18길 32 (장안동),근린생활1,제2종근린생활시설,10071100216413,지번,2,False
1123010600103500003,서울특별시 동대문구 장안동,서울특별시 동대문구 장한로18길 32 (장안동),근린생활1,제1종근린생활시설,1007123461,지번,2,False
1123010600103460002,서울특별시 동대문구 장안동,서울특별시 동대문구 장한로26가길 63 (장안동),근린생활1,공동주택,10071100228872,지번,1,False
1123010600103350007,서울특별시 동대문구 장안동,서울특별시 동대문구 장한로26길 43 (장안동),근린생활1,공동주택,10071100233032,지번,1,False
1123010600103370013,서울특별시 동대문구 장안동,서울특별시 동대문구 장한로26길 46 (장안동),근린생활2,제2종근린생활시설,1007131245,지번,1,False
1123010600103420008,서울특별시 동대문구 장안동,서울특별시 동대문구 장한로24길 35 (장안동),근린생활2,업무시설,1000000000000001054607,지번,1,False
1123010600103370008,서울특별시 동대문구 장안동,서울특별시 동대문구 답십리로72길 40 (장안동),근린생활2,제2종근린생활시설,1007114744,지번,1,False
1123010600103310002,서울특별시 동대문구 장안동,서울특별시 동대문구 답십리로 303 (장안동),근린생활2,제2종근린생활시설,100719092,지번,1,False
1123010600103300001,서울특별시 동대문구 장안동,서울특별시 동대문구 답십리로 291-4 (장안동),근린생활2,제2종근린생활시설,1007115309,지번,1,False
1123010500104970009,서울특별시 동대문구 답십리동,서울특별시 동대문구 천호대로 249 (답십리동),근린생활1,업무시설,10071100260095,지번,1,False
1123010500100020168,서울특별시 동대문구 답십리동,서울특별시 동대문구 답십리로59길 8 (답십리동),근린생활2,제2종근린생활시설,1007128116,지번,1,False
1123010600104140015,서울특별시 동대문구 장안동,서울특별시 동대문구 한천로2길 32 (장안동),근린생활1,제1종근린생활시설,1007127627,지번,1,False
1123010600103470005,서울특별시 동대문구 장안동,서울특별시 동대문구 장한로20길 24 (장안동),근린생활1,제1종근린생활시설,1007113380,지번,1,False
1123010600103710004,서울특별시 동대문구 장안동,서울특별시 동대문구 장한로 121 (장안동),판매시설,업무시설,10071100258035,지번,1,False
1123010600103490013,서울특별시 동대문구 장안동,서울특별시 동대문구 장한로18길 54-1 (장안동),근린생활2,제2종근린생활시설,100719216,지번,1,False
1123010600103680004,서울특별시 동대문구 장안동,서울특별시 동대문구 답십리로 288 (장안동),근린생활1,제1종근린생활시설,1007133688,본번,1,False
1123010600103050003,서울특별시 동대문구 장안동,서울특별시 동대문구 장한로 159 (장안동),근린생활2,제2종근린생활시설,100718354,지번,1,False
1123010600103670003,서울특별시 동대문구 장안동,서울특별시 동대문구 장한로24길 7 (장안동),근린생활2,제2종근린생활시설,1007118438,지번,1,False
1123010600103450001,서울특별시 동대문구 장안동,서울특별시 동대문구 장한로26가길 29 (장안동),근린생활1,업무시설,10071100251054,지번,1,False
1123010600103060001,서울특별시 동대문구 장안동,서울특별시 동대문구 장한로 153 (장안동),근린생활1,제1종근린생활시설,1007110268,지번,1,False
1123010600103670008,서울특별시 동대문구 장안동,서울특별시 동대문구 장한로 122 (장안동),근린생활2,제2종근린생활시설,1007111540,지번,1,False
1123010600103390027,서울특별시 동대문구 장안동,서울특별시 동대문구 장한로18길 59 (장안동),근린생활1,제1종근린생활시설,1007130247,지번,1,False
1123010300102680044,서울특별시 동대문구 제기동,서울특별시 동대문구 왕산로23길 65 (제기동),근린생활1,제1종근린생활시설,1007116742,지번,1,False
1123010400106790010,서울특별시 동대문구 전농동,서울특별시 동대문구 답십리로 43 (전농동),근린생활1,제1종근린생활시설,1007132246,지번,1,False
1123010600104400027,서울특별시 동대문구 장안동,서울특별시 동대문구 천호대로97길 54 (장안동),근린생활1,제1종근린생활시설,100712030,지번,2,False
1123010600103690004,서울특별시 동대문구 장안동,서울특별시 동대문구 장한로25길 8 (장안동),근린생활2,제2종근린생활시설,1007136461,지번,1,False
1123010600103070006,서울특별시 동대문구 장안동,서울특별시 동대문구 답십리로 273 (장안동),근린생활1,제1종근린생활시설,10071100239672,지번,1,False
1123010600103660009,서울특별시 동대문구 장안동,서울특별시 동대문구 장한로22길 7 (장안동),근린생활2,제2종근린생활시설,1007124488,지번,1,False
1123010600103470006,서울특별시 동대문구 장안동,서울특별시 동대문구 장한로20길 26 (장안동),근린생활1,제1종근린생활시설,1007112891,지번,1,False
1123010600104560021,서울특별시 동대문구 장안동,서울특별시 동대문구 천호대로97길 20 (장안동),근린생활1,제1종근린생활시설,100717755,지번,1,False
1123010600103590016,서울특별시 동대문구 장안동,서울특별시 동대문구 천호대로91길 89 (장안동),근린생활2,제2종근린생활시설,1007132884,지번,1,False
1123010600103580026,서울특별시 동대문구 장안동,서울특별시 동대문구 장한로12길 55 (장안동),근린생활1,제1종근린생활시설,1007125983,지번,1,False
1123010600103410013,서울특별시 동대문구 장안동,서울특별시 동대문구 장한로26다길 58 (장안동),근린생활1,제1종근린생활시설,1007127907,지번,1,False
1123010600103460005,서울특별시 동대문구 장안동,서울특별시 동대문구 장한로26가길 69 (장안동),근린생활2,제2종근린생활시설,10071100186165,지번,1,False
1123010100101020011,서울특별시 동대문구 신설동,서울특별시 동대문구 천호대로 15-3 (신설동),근린생활2,제2종근린생활시설,1007130371,지번,1,False
1123010600104360002,서울특별시 동대문구 장안동,서울특별시 동대문구 장한로12길 8 (장안동),근린생활1,제1종근린생활시설,1007123283,지번,1,False
1123010600103750004,서울특별시 동대문구 장안동,서울특별시 동대문구 장한로 65 (장안동),근린생활1,제1종근린생활시설,1007133909,지번,1,False
1123010600104470001,서울특별시 동대문구 장안동,서울특별시 동대문구 장한로10길 16 (장안동),근린생활1,제1종근린생활시설,1007117938,지번,1,False
1123010600104590004,서울특별시 동대문구 장안동,서울특별시 동대문구 천호대로89길 3 (장안동),근린생활1,제1종근린생활시설,1007119025,지번,1,False
1123010600104580005,서울특별시 동대문구 장안동,서울특별시 동대문구 천호대로89길 4 (장안동),근린생활1,제1종근린생활시설,1007126340,지번,1,False
1123010600103750009,서울특별시 동대문구 장안동,서울특별시 동대문구 장한로 67 (장안동),근린생활2,제2종근린생활시설,1007115110,지번,1,False
1123010600103750003,서울특별시 동대문구 장안동,서울특별시 동대문구 장한로 69 (장안동),근린생활1,제1종근린생활시설,1007128094,지번,1,False
1123010600101420005,서울특별시 동대문구 장안동,서울특별시 동대문구 답십리로 247 (장안동),근린생활2,제2종근린생활시설,1007125408,지번,1,False
1123010600101380043,서울특별시 동대문구 장안동,서울특별시 동대문구 답십리로63길 15 (장안동),근린생활1,제1종근린생활시설,1007124313,지번,1,False
1123010600103900001,서울특별시 동대문구 장안동,서울특별시 동대문구 한천로26길 44 (장안동),근린생활1,제1종근린생활시설,1007115868,지번,1,False
1123010600103710010,서울특별시 동대문구 장안동,서울특별시 동대문구 장한로25길 3 (장안동),근린생활2,제1종근린생활시설,1000000000000001990993,지번,1,False
1123010600103690002,서울특별시 동대문구 장안동,서울특별시 동대문구 장한로 129 (장안동),근린생활1,제1종근린생활시설,1007135783,지번,1,False
1123010600103660007,서울특별시 동대문구 장안동,서울특별시 동대문구 장한로 110 (장안동),근린생활2,업무시설,1000000000000004196147,지번,1,False
1123010600104560011,서울특별시 동대문구 장안동,서울특별시 동대문구 장안벚꽃로 17 (장안동),근린생활2,제2종근린생활시설,1007111320,지번,1,False
1123010600103070005,서울특별시 동대문구 장안동,서울특별시 동대문구 답십리로 275 (장안동),근린생활1,제1종근린생활시설,1007131183,지번,1,False
1123010600103330002,서울특별시 동대문구 장안동,서울특별시 동대문구 장안벚꽃로 131 (장안동),근린생활2,제2종근린생활시설,1007127868,지번,1,False
1123010600103420024,서울특별시 동대문구 장안동,서울특별시 동대문구 장한로26길 24 (장안동),근린생활1,제1종근린생활시설,1007124532,지번,1,False
1123010400105300042,서울특별시 동대문구 전농동,서울특별시 동대문구 답십리로23길 60 (전농동),근린생활1,제1종근린생활시설,1007133169,지번,1,False
1123010400105300069,서울특별시 동대문구 전농동,서울특별시 동대문구 답십리로23길 63 (전농동),근린생활1,제1종근린생활시설,1007133456,지번,1,False
1123010400105300070,서울특별시 동대문구 전농동,서울특별시 동대문구 답십리로23길 65 (전농동),근린생활1,제1종근린생활시설,1007132692,지번,1,False
1123010600103150018,서울특별시 동대문구 장안동,서울특별시 동대문구 사가정로 272 (장안동),근린생활1,제1종근린생활시설,1007114763,지번,1,False
1123010600104630006,서울특별시 동대문구 장안동,서울특별시 동대문구 장한로2길 25-5 (장안동),근린생활1,제1종근린생활시설,1007117157,지번,1,False
1123010500104970006,서울특별시 동대문구 답십리동,서울특별시 동대문구 천호대로67길 8-3 (답십리동),근린생활2,제2종근린생활시설,1007131343,지번,1,False
1123010500100020148,서울특별시 동대문구 답십리동,서울특별시 동대문구 답십리로59길 6 (답십리동),근린생활1,제1종근린생활시설,1007123368,지번,1,False
1123010600103890007,서울특별시 동대문구 장안동,서울특별시 동대문구 답십리로66길 21 (장안동),근린생활2,제2종근린생활시설,1007115381,지번,1,False
1123010600104510008,서울특별시 동대문구 장안동,서울특별시 동대문구 장한로6길 37 (장안동),근린생활1,제1종근린생활시설,1007110770,지번,1,False
1123010600101430047,서울특별시 동대문구 장안동,서울특별시 동대문구 답십리로 250-8 (장안동),근린생활1,제1종근린생활시설,1007115888,지번,1,False
1123010600104360003,서울특별시 동대문구 장안동,서울특별시 동대문구 장한로10길 9 (장안동),근린생활2,제2종근린생활시설,100719630,지번,1,False
1123010600103500004,서울특별시 동대문구 장안동,서울특별시 동대문구 장한로18길 36 (장안동),근린생활1,제1종근린생활시설,1007122358,지번,1,False
1123010600104400028,서울특별시 동대문구 장안동,서울특별시 동대문구 장안벚꽃로 23 (장안동),근린생활1,공동주택,10071100211252,지번,1,False
1123010600103450002,서울특별시 동대문구 장안동,서울특별시 동대문구 장한로24길 16 (장안동),근린생활2,제2종근린생활시설,1007135251,지번,1,False
1123010600103580035,서울특별시 동대문구 장안동,서울특별시 동대문구 장한로14길 72 (장안동),근린생활1,제1종근린생활시설,100712868,지번,2,False
1123010600103490016,서울특별시 동대문구 장안동,서울특별시 동대문구 답십리로72길 114 (장안동),근린생활2,제2종근린생활시설,1007130775,지번,1,False
1123010600103090010,서울특별시 동대문구 장안동,서울특별시 동대문구 장한로 144 (장안동),근린생활1,제1종근린생활시설,1007123549,지번,1,False
1123010600103390019,서울특별시 동대문구 장안동,서울특별시 동대문구 장한로18길 57 (장안동),근린생활2,제2종근린생활시설,1007112937,지번,1,False
1123010600104400008,서울특별시 동대문구 장안동,서울특별시 동대문구 장안벚꽃로 29 (장안동),근린생활1,제1종근린생활시설,100712025,지번,3,False
1123010600104400008,서울특별시 동대문구 장안동,서울특별시 동대문구 장안벚꽃로 29 (장안동),근린생활1,제1종근린생활시설,100712026,지번,3,False
1123010600103410014,서울특별시 동대문구 장안동,서울특별시 동대문구 장한로22길 33 (장안동),근린생활1,제1종근린생활시설,1007133989,지번,1,False
1123010600103580007,서울특별시 동대문구 장안동,서울특별시 동대문구 장한로14길 76 (장안동),근린생활1,공동주택,10071100256855,지번,1,False
1123010600103400014,서울특별시 동대문구 장안동,서울특별시 동대문구 장한로22길 36 (장안동),근린생활1,제1종근린생활시설,1007123987,지번,1,False
1123010600103580027,서울특별시 동대문구 장안동,서울특별시 동대문구 장한로12길 81 (장안동),근린생활1,제1종근린생활시설,1007126343,지번,1,False
1123010600103490022,서울특별시 동대문구 장안동,서울특별시 동대문구 답십리로72길 112 (장안동),근린생활2,제2종근린생활시설,1007128039,지번,1,False
1123010600103090002,서울특별시 동대문구 장안동,서울특별시 동대문구 장한로 150 (장안동),근린생활2,제2종근린생활시설,1007116456,지번,1,False
1123010600103390001,서울특별시 동대문구 장안동,서울특별시 동대문구 장한로26다길 63 (장안동),근린생활1,제1종근린생활시설,1007122538,지번,1,False
1123010600103080001,서울특별시 동대문구 장안동,서울특별시 동대문구 장한로 140 (장안동),근린생활2,제2종근린생활시설,1007117313,지번,1,False
1123010600103770004,서울특별시 동대문구 장안동,서울특별시 동대문구 한천로14길 71 (장안동),근린생활1,제1종근린생활시설,1007122368,지번,1,False
1123010600101430008,서울특별시 동대문구 장안동,서울특별시 동대문구 답십리로 250 (장안동),근린생활1,제1종근린생활시설,1007112430,지번,1,False
1123010600103900018,서울특별시 동대문구 장안동,서울특별시 동대문구 답십리로66길 57 (장안동),근린생활1,제1종근린생활시설,1007136582,지번,1,False
1123010600103930008,서울특별시 동대문구 장안동,서울특별시 동대문구 답십리로66길 85 (장안동),근린생활2,공동주택,1000000000000003261559,지번,1,False
1123010600104220008,서울특별시 동대문구 장안동,서울특별시 동대문구 천호대로81길 47 (장안동),근린생활2,제2종근린생활시설,10071100182385,지번,1,False
1123010500100530014,서울특별시 동대문구 답십리동,서울특별시 동대문구 전농로 82-1 (답십리동),근린생활2,제2종근린생활시설,1007116700,지번,1,False
1123010600104550009,서울특별시 동대문구 장안동,서울특별시 동대문구 천호대로95길 10 (장안동),근린생활1,제2종근린생활시설,1000000000000005688121,지번,2,False
1123010600104550009,서울특별시 동대문구 장안동,서울특별시 동대문구 장한로6길 81 (장안동),근린생활1,제1종근린생활시설,100712060,지번,2,False
1123010600103720009,서울특별시 동대문구 장안동,서울특별시 동대문구 장한로23길 7 (장안동),근린생활2,공동주택,10071100216173,지번,1,False
1123010600104540003,서울특별시 동대문구 장안동,서울특별시 동대문구 천호대로93길 28-5 (장안동),근린생활1,제1종근린생활시설,1007122250,지번,1,False
1123010600104550008,서울특별시 동대문구 장안동,서울특별시 동대문구 장한로6길 83 (장안동),근린생활2,제2종근린생활시설,1007125203,지번,1,False
1123010600103440009,서울특별시 동대문구 장안동,서울특별시 동대문구 장한로24길 13 (장안동),근린생활2,제2종근린생활시설,1007117356,지번,1,False
1123010600103440003,서울특별시 동대문구 장안동,서울특별시 동대문구 장한로24길 15 (장안동),근린생활1,제1종근린생활시설,1007121147,지번,1,False
1123010600103580012,서울특별시 동대문구 장안동,서울특별시 동대문구 장한로14길 86 (장안동),근린생활1,제1종근린생활시설,1007130351,지번,1,False
1123010600103380007,서울특별시 동대문구 장안동,서울특별시 동대문구 답십리로72길 62 (장안동),근린생활1,제1종근린생활시설,1007134641,지번,1,False
1123010600103340004,서울특별시 동대문구 장안동,서울특별시 동대문구 답십리로 318 (장안동),근린생활1,제1종근린생활시설,1007123906,지번,1,False
1123010600103320001,서울특별시 동대문구 장안동,서울특별시 동대문구 답십리로 313-6 (장안동),근린생활1,제1종근린생활시설,100718506,지번,1,False
1123010600103320010,서울특별시 동대문구 장안동,서울특별시 동대문구 답십리로 313-4 (장안동),근린생활1,제1종근린생활시설,1007126838,지번,1,False
1123010600103330004,서울특별시 동대문구 장안동,서울특별시 동대문구 장한로26길 85 (장안동),근린생활2,공동주택,10071100251894,지번,1,False
1123010600103310008,서울특별시 동대문구 장안동,서울특별시 동대문구 답십리로 313-5 (장안동),근린생활1,제1종근린생활시설,1007133053,지번,1,False
1123010600103310006,서울특별시 동대문구 장안동,서울특별시 동대문구 답십리로 313-3 (장안동),근린생활1,제1종근린생활시설,1007111765,지번,1,False
1123010600103320007,서울특별시 동대문구 장안동,서울특별시 동대문구 답십리로 315 (장안동),근린생활2,제2종근린생활시설,10071100224332,지번,1,False
1123010500100530022,서울특별시 동대문구 답십리동,서울특별시 동대문구 답십리로 162-1 (답십리동),근린생활2,제2종근린생활시설,1007118015,지번,1,False
1123010500104830041,서울특별시 동대문구 답십리동,서울특별시 동대문구 천호대로67길 36 (답십리동),근린생활1,제1종근린생활시설,1007124817,지번,1,False
1123010500109530012,서울특별시 동대문구 답십리동,서울특별시 동대문구 황물로15다길 9 (답십리동),근린생활1,제1종근린생활시설,1007120791,지번,1,False
1123010600104140003,서울특별시 동대문구 장안동,서울특별시 동대문구 한천로2길 44 (장안동),근린생활2,제2종근린생활시설,10071100182388,지번,1,False
1123010500109580009,서울특별시 동대문구 답십리동,서울특별시 동대문구 황물로15가길 5 (답십리동),근린생활1,제1종근린생활시설,1007135525,지번,1,False
1123010500109590011,서울특별시 동대문구 답십리동,서울특별시 동대문구 황물로17길 5 (답십리동),근린생활1,제1종근린생활시설,1007111601,지번,1,False
1123010500109590013,서울특별시 동대문구 답십리동,서울특별시 동대문구 황물로 187 (답십리동),근린생활1,제1종근린생활시설,1007125290,지번,1,False
1123010500100360022,서울특별시 동대문구 답십리동,서울특별시 동대문구 답십리로48길 46 (답십리동),근린생활1,제1종근린생활시설,1007110314,지번,1,False
1123010600104060010,서울특별시 동대문구 장안동,서울특별시 동대문구 한천로6길 47-2 (장안동),근린생활1,제1종근린생활시설,1007118044,지번,1,False
1123010500109590004,서울특별시 동대문구 답십리동,서울특별시 동대문구 황물로15가길 18 (답십리동),근린생활1,제1종근린생활시설,10071100182326,지번,1,False
1123010500109590025,서울특별시 동대문구 답십리동,서울특별시 동대문구 황물로 183-5 (답십리동),근린생활1,제1종근린생활시설,100718408,지번,1,False
1123010600103700010,서울특별시 동대문구 장안동,서울특별시 동대문구 장한로25길 18 (장안동),근린생활1,제1종근린생활시설,1007113090,지번,1,False
1123010600103700002,서울특별시 동대문구 장안동,서울특별시 동대문구 답십리로 268 (장안동),근린생활2,제2종근린생활시설,1007132210,지번,1,False
1123010600103590017,서울특별시 동대문구 장안동,서울특별시 동대문구 천호대로91길 87 (장안동),근린생활1,제1종근린생활시설,1007127121,지번,1,False
1123010600104550003,서울특별시 동대문구 장안동,서울특별시 동대문구 장한로8길 84 (장안동),근린생활1,제1종근린생활시설,1007113109,지번,1,False
1123010600103580001,서울특별시 동대문구 장안동,서울특별시 동대문구 장한로14길 58 (장안동),근린생활1,공동주택,10071100224453,지번,3,True
1123010600103580001,서울특별시 동대문구 장안동,서울특별시 동대문구 장한로14길 58 (장안동),근린생활1,공동주택,10071100224464,지번,3,True
1123010600103580001,서울특별시 동대문구 장안동,서울특별시 동대문구 장한로14길 58 (장안동),근린생활1,공동주택,10071100224475,지번,3,True
1123010600103070002,서울특별시 동대문구 장안동,서울특별시 동대문구 장한로27길 11 (장안동),근린생활1,업무시설,10071100237172,지번,1,False
1123010600103490001,서울특별시 동대문구 장안동,서울특별시 동대문구 장한로18길 50 (장안동),근린생활2,제2종근린생활시설,1007122283,지번,1,False
1123010500109580004,서울특별시 동대문구 답십리동,서울특별시 동대문구 황물로15가길 17 (답십리동),근린생활1,제1종근린생활시설,1007114180,지번,1,False
1123010500109590003,서울특별시 동대문구 답십리동,서울특별시 동대문구 황물로15가길 20 (답십리동),근린생활1,제1종근린생활시설,100719286,지번,1,False
1123010500109600009,서울특별시 동대문구 답십리동,서울특별시 동대문구 황물로 181-10 (답십리동),근린생활1,제1종근린생활시설,1007120998,지번,1,False
1123010600104220007,서울특별시 동대문구 장안동,서울특별시 동대문구 천호대로77나길 33 (장안동),근린생활1,제1종근린생활시설,1007116527,지번,1,False
1123010600103960009,서울특별시 동대문구 장안동,서울특별시 동대문구 장한로17길 54 (장안동),근린생활2,제2종근린생활시설,1007132867,지번,1,False
1123010600103660011,서울특별시 동대문구 장안동,서울특별시 동대문구 장한로 114 (장안동),근린생활1,제1종근린생활시설,1007115653,지번,1,False
1123010600103380006,서울특별시 동대문구 장안동,서울특별시 동대문구 답십리로72길 60 (장안동),근린생활1,제1종근린생활시설,1007121051,지번,1,False
1123010600103340002,서울특별시 동대문구 장안동,서울특별시 동대문구 답십리로 310 (장안동),근린생활2,제2종근린생활시설,1007136296,지번,1,False
1123010500104700001,서울특별시 동대문구 답십리동,서울특별시 동대문구 서울시립대로2길 71-19 (답십리동),근린생활1,공동주택,10071100253187,지번,1,False
1123010200101180106,서울특별시 동대문구 용두동,서울특별시 동대문구 무학로28길 9-3 (용두동),근린생활1,제1종근린생활시설,1007117551,지번,1,False
1123010600104030010,서울특별시 동대문구 장안동,서울특별시 동대문구 천호대로79길 53 (장안동),근린생활2,제2종근린생활시설,1007111810,지번,1,False
1123010500100470012,서울특별시 동대문구 답십리동,서울특별시 동대문구 답십리로52길 33 (답십리동),근린생활1,제1종근린생활시설,1007121648,지번,1,False
1123010500100530013,서울특별시 동대문구 답십리동,서울특별시 동대문구 답십리로48길 14 (답십리동),근린생활1,제1종근린생활시설,100718061,지번,1,False
1123010500104850163,서울특별시 동대문구 답십리동,서울특별시 동대문구 황물로 131 (답십리동),근린생활1,제1종근린생활시설,1007128381,지번,1,False
1123010500104820058,서울특별시 동대문구 답십리동,서울특별시 동대문구 황물로 87 (답십리동),근린생활1,제1종근린생활시설,1007132660,지번,1,False
1123010500100570013,서울특별시 동대문구 답십리동,서울특별시 동대문구 답십리로48길 22 (답십리동),근린생활2,제2종근린생활시설,10071100186207,지번,1,False
1123010600101850024,서울특별시 동대문구 장안동,서울특별시 동대문구 한천로18길 21 (장안동),근린생활2,제2종근린생활시설,10071100181897,지번,1,False
1123010600103720004,서울특별시 동대문구 장안동,서울특별시 동대문구 장한로 109 (장안동),근린생활1,제1종근린생활시설,1007119226,지번,2,False
1123010600101410024,서울특별시 동대문구 장안동,서울특별시 동대문구 답십리로 241 (장안동),근린생활1,제1종근린생활시설,100717697,지번,1,False
1123010600103050002,서울특별시 동대문구 장안동,서울특별시 동대문구 장한로 161 (장안동),근린생활1,제1종근린생활시설,1007115846,지번,1,False
1123010600103310005,서울특별시 동대문구 장안동,서울특별시 동대문구 답십리로 311 (장안동),근린생활2,제2종근린생활시설,100719436,지번,1,False
1123010600103340003,서울특별시 동대문구 장안동,서울특별시 동대문구 답십리로 314 (장안동),근린생활2,공동주택,10071100258555,지번,1,False
1123010500100210062,서울특별시 동대문구 답십리동,서울특별시 동대문구 답십리로48길 98 (답십리동),근린생활1,제1종근린생활시설,1007118958,지번,1,False
1123010500109640001,서울특별시 동대문구 답십리동,서울특별시 동대문구 전농로4길 46 (답십리동),근린생활1,제1종근린생활시설,1007114341,지번,1,False
1123010600103440010,서울특별시 동대문구 장안동,서울특별시 동대문구 장한로26나길 18 (장안동),근린생활1,제1종근린생활시설,1007118892,지번,1,False
1123010600103310011,서울특별시 동대문구 장안동,서울특별시 동대문구 장한로28길 48 (장안동),근린생활2,제2종근린생활시설,1007114836,지번,1,False
1123010600103310010,서울특별시 동대문구 장안동,서울특별시 동대문구 장한로28길 50 (장안동),근린생활1,제1종근린생활시설,1007132323,지번,1,False
1123010600103340001,서울특별시 동대문구 장안동,서울특별시 동대문구 답십리로 308 (장안동),판매시설,판매시설,1007115553,지번,1,False
1123010600103560001,서울특별시 동대문구 장안동,서울특별시 동대문구 장안벚꽃로 87 (장안동),근린생활1,제1종근린생활시설,1007125393,지번,1,False
1123010600103310003,서울특별시 동대문구 장안동,서울특별시 동대문구 답십리로 305 (장안동),근린생활2,제2종근린생활시설,1007122006,지번,1,False
1123010600103420007,서울특별시 동대문구 장안동,서울특별시 동대문구 장한로26나길 21 (장안동),근린생활2,업무시설,10071100266535,지번,1,False
1123010600103380005,서울특별시 동대문구 장안동,서울특별시 동대문구 답십리로72길 60-3 (장안동),근린생활1,단독주택,1007128488,지번,1,False
1123010600103310009,서울특별시 동대문구 장안동,서울특별시 동대문구 장한로28길 56 (장안동),근린생활1,제1종근린생활시설,100719899,지번,1,False
1123010600101900070,서울특별시 동대문구 장안동,서울특별시 동대문구 한천로 72-31 (장안동),근린생활1,제1종근린생활시설,1007127808,지번,1,False
1123010600102410005,서울특별시 동대문구 장안동,서울특별시 동대문구 한천로6길 8 (장안동),근린생활1,제1종근린생활시설,1007130559,지번,1,False
1123010500109590007,서울특별시 동대문구 답십리동,서울특별시 동대문구 황물로17길 9-6 (답십리동),근린생활1,제1종근린생활시설,1007113368,지번,1,False
1123010500109590029,서울특별시 동대문구 답십리동,서울특별시 동대문구 황물로 187-1 (답십리동),근린생활1,제1종근린생활시설,1007125889,지번,1,False
1123010500109560038,서울특별시 동대문구 답십리동,서울특별시 동대문구 황물로15길 28 (답십리동),근린생활1,제1종근린생활시설,1007113724,지번,1,False
1123010600101910008,서울특별시 동대문구 장안동,서울특별시 동대문구 한천로14길 21 (장안동),근린생활1,제1종근린생활시설,100717571,지번,1,False
1123010500100020181,서울특별시 동대문구 답십리동,서울특별시 동대문구 답십리로 229 (답십리동),근린생활1,제1종근린생활시설,1007112408,지번,1,False
1123010500104740008,서울특별시 동대문구 답십리동,서울특별시 동대문구 답십리로38길 13 (답십리동),근린생활2,제2종근린생활시설,1007131736,지번,1,False
1123010500104970001,서울특별시 동대문구 답십리동,서울특별시 동대문구 고미술로 16 (답십리동),근린생활2,제2종근린생활시설,1007133165,지번,1,False
1123010300101480019,서울특별시 동대문구 제기동,서울특별시 동대문구 약령시로 8 (제기동),근린생활2,제2종근린생활시설,10071100196342,지번,1,False
1123010800100450077,서울특별시 동대문구 회기동,서울특별시 동대문구 회기로21길 6 (회기동),근린생활1,제1종근린생활시설,1007122587,지번,1,False
1123010600103400001,서울특별시 동대문구 장안동,서울특별시 동대문구 장한로26나길 59 (장안동),근린생활2,제2종근린생활시설,1007121102,지번,1,False
1123010100100960044,서울특별시 동대문구 신설동,서울특별시 동대문구 난계로28길 53 (신설동),근린생활1,제1종근린생활시설,1007118357,지번,1,False
1123010200101020031,서울특별시 동대문구 용두동,서울특별시 동대문구 무학로28길 45 (용두동),근린생활1,제1종근린생활시설,1007116112,지번,1,False
1123010200101220050,서울특별시 동대문구 용두동,서울특별시 동대문구 무학로26길 13 (용두동),근린생활2,제2종근린생활시설,100718295,지번,1,False
1123010200101020127,서울특별시 동대문구 용두동,서울특별시 동대문구 왕산로22길 52 (용두동),근린생활2,제2종근린생활시설,100716809,지번,1,False
1123010200101120091,서울특별시 동대문구 용두동,서울특별시 동대문구 무학로34길 23 (용두동),근린생활1,제1종근린생활시설,100716608,지번,1,False
1123010200101180088,서울특별시 동대문구 용두동,서울특별시 동대문구 무학로28길 6 (용두동),근린생활1,제1종근린생활시설,100716552,지번,1,False
1123010200101290219,서울특별시 동대문구 용두동,서울특별시 동대문구 무학로20다길 1-3 (용두동),근린생활2,제2종근린생활시설,1007136626,지번,1,False
1123010200101120013,서울특별시 동대문구 용두동,서울특별시 동대문구 무학로36길 17 (용두동),근린생활1,제1종근린생활시설,1007136437,지번,1,False
1123010200101290163,서울특별시 동대문구 용두동,서울특별시 동대문구 천호대로16나길 3 (용두동),근린생활1,제1종근린생활시설,1007136111,지번,1,False
1123010200101290175,서울특별시 동대문구 용두동,서울특별시 동대문구 무학로20길 15 (용두동),근린생활2,제2종근린생활시설,1007133264,지번,1,False
1123010500104670043,서울특별시 동대문구 답십리동,서울특별시 동대문구 서울시립대로4길 88 (답십리동),근린생활1,제1종근린생활시설,1007115346,지번,1,False
1123010600104220002,서울특별시 동대문구 장안동,서울특별시 동대문구 천호대로77나길 25 (장안동),근린생활2,제2종근린생활시설,1007127053,지번,1,False
1123010100100960022,서울특별시 동대문구 신설동,서울특별시 동대문구 난계로30길 69-9 (신설동),근린생활1,제1종근린생활시설,1007124996,지번,1,False
1123010400101030034,서울특별시 동대문구 전농동,서울특별시 동대문구 전농로38가길 34 (전농동),근린생활2,제2종근린생활시설,1007129252,지번,1,False
1123010500100580036,서울특별시 동대문구 답십리동,서울특별시 동대문구 답십리로52길 9 (답십리동),근린생활2,제2종근린생활시설,1007119549,지번,1,False
1123010500104880265,서울특별시 동대문구 답십리동,서울특별시 동대문구 황물로 167-1 (답십리동),근린생활1,제1종근린생활시설,1007128723,지번,1,False
1123010500104870026,서울특별시 동대문구 답십리동,서울특별시 동대문구 천호대로75길 56 (답십리동),근린생활1,제1종근린생활시설,1007126721,지번,1,False
1123010500104870016,서울특별시 동대문구 답십리동,서울특별시 동대문구 사가정로2길 137 (답십리동),근린생활1,제1종근린생활시설,1007126117,지번,1,False
1123010500100580016,서울특별시 동대문구 답십리동,서울특별시 동대문구 답십리로52길 13-2 (답십리동),근린생활1,제1종근린생활시설,1007136638,지번,1,False
1123010500104850155,서울특별시 동대문구 답십리동,서울특별시 동대문구 사가정로2길 88 (답십리동),근린생활1,제1종근린생활시설,1007132455,지번,1,False
1123010500104880058,서울특별시 동대문구 답십리동,서울특별시 동대문구 전농로2나길 13 (답십리동),근린생활1,제1종근린생활시설,1007131036,지번,1,False
1123010500104850058,서울특별시 동대문구 답십리동,서울특별시 동대문구 천호대로73길 31-1 (답십리동),근린생활1,제1종근린생활시설,1007129899,지번,1,False
1123010500109560023,서울특별시 동대문구 답십리동,서울특별시 동대문구 황물로15다길 27 (답십리동),근린생활1,제1종근린생활시설,1007129674,지번,1,False
1123010700100520017,서울특별시 동대문구 청량리동,서울특별시 동대문구 왕산로43가길 5 (청량리동),근린생활1,제1종근린생활시설,100718216,지번,1,False
1123010500109550007,서울특별시 동대문구 답십리동,서울특별시 동대문구 황물로15길 34-4 (답십리동),근린생활2,제2종근린생활시설,1007129502,지번,1,False
1123010500104890135,서울특별시 동대문구 답십리동,서울특별시 동대문구 황물로 137-1 (답십리동),근린생활1,제1종근린생활시설,1007114835,지번,1,False
1123011000103250048,서울특별시 동대문구 이문동,서울특별시 동대문구 휘경로2길 42 (이문동),근린생활1,제1종근린생활시설,1007115766,지번,1,False
1123010500100700021,서울특별시 동대문구 답십리동,서울특별시 동대문구 전농로 96 (답십리동),근린생활2,제2종근린생활시설,1007114905,지번,1,False
1123010500104900020,서울특별시 동대문구 답십리동,서울특별시 동대문구 황물로 149-1 (답십리동),근린생활1,제1종근린생활시설,100714981,지번,2,False
1123010500104880037,서울특별시 동대문구 답십리동,서울특별시 동대문구 전농로2나길 5 (답십리동),근린생활1,제1종근린생활시설,100714980,지번,3,False
1123010500104890105,서울특별시 동대문구 답십리동,서울특별시 동대문구 황물로 141 (답십리동),근린생활2,제2종근린생활시설,1007135343,지번,1,False
1123010500109560021,서울특별시 동대문구 답십리동,서울특별시 동대문구 황물로17길 25-6 (답십리동),근린생활1,제1종근린생활시설,1007134775,지번,1,False
1123010500104850153,서울특별시 동대문구 답십리동,서울특별시 동대문구 사가정로2길 84 (답십리동),근린생활1,제1종근린생활시설,1007134537,지번,1,False
1123010500104850005,서울특별시 동대문구 답십리동,서울특별시 동대문구 사가정로2길 92 (답십리동),근린생활1,제1종근린생활시설,1007134327,지번,1,False
1123010500100520001,서울특별시 동대문구 답십리동,서울특별시 동대문구 답십리로58길 57 (답십리동),근린생활1,제1종근린생활시설,1007134137,지번,1,False
1123010500104900043,서울특별시 동대문구 답십리동,서울특별시 동대문구 황물로 153-4 (답십리동),근린생활1,제1종근린생활시설,1007130971,지번,1,False
1123010500104890088,서울특별시 동대문구 답십리동,서울특별시 동대문구 황물로 141-1 (답십리동),근린생활1,제1종근린생활시설,1007130920,지번,1,False
1123010500100620009,서울특별시 동대문구 답십리동,서울특별시 동대문구 답십리로 179-1 (답십리동),근린생활2,제2종근린생활시설,1007130423,지번,1,False
1123010200101930059,서울특별시 동대문구 용두동,서울특별시 동대문구 무학로 188 (용두동),근린생활2,제2종근린생활시설,1007126532,지번,1,False
1123010500102560007,서울특별시 동대문구 답십리동,서울특별시 동대문구 전농로3길 52-2 (답십리동),근린생활1,제1종근린생활시설,100718443,지번,1,False
1123010500100210058,서울특별시 동대문구 답십리동,서울특별시 동대문구 답십리로48길 103 (답십리동),근린생활1,제1종근린생활시설,100718275,지번,1,False
1123010500102700007,서울특별시 동대문구 답십리동,서울특별시 동대문구 전농로3가길 1 (답십리동),근린생활1,제1종근린생활시설,100717970,지번,1,False
1123010500104900019,서울특별시 동대문구 답십리동,서울특별시 동대문구 황물로 149 (답십리동),근린생활1,제1종근린생활시설,1007117827,지번,1,False
1123010500108210000,서울특별시 동대문구 답십리동,서울특별시 동대문구 답십리로60길 42 (답십리동),근린생활1,제1종근린생활시설,1007116474,지번,1,False
1123010500100930007,서울특별시 동대문구 답십리동,서울특별시 동대문구 답십리로51길 36 (답십리동),근린생활1,제1종근린생활시설,1007117359,지번,1,False
1123010500104850055,서울특별시 동대문구 답십리동,서울특별시 동대문구 천호대로73길 31 (답십리동),근린생활1,제1종근린생활시설,1007117553,지번,1,False
1123010500104900145,서울특별시 동대문구 답십리동,서울특별시 동대문구 사가정로2길 136 (답십리동),근린생활2,제2종근린생활시설,100717780,지번,1,False
1123010500104900089,서울특별시 동대문구 답십리동,서울특별시 동대문구 사가정로2길 130 (답십리동),근린생활1,제1종근린생활시설,100717258,지번,1,False
1123010500100720004,서울특별시 동대문구 답십리동,서울특별시 동대문구 답십리로51길 20-1 (답십리동),근린생활1,제1종근린생활시설,100716937,지번,1,False
1123010500107780000,서울특별시 동대문구 답십리동,서울특별시 동대문구 한천로 97 (답십리동),근린생활2,제2종근린생활시설,100718646,지번,1,False
1123010500100590018,서울특별시 동대문구 답십리동,서울특별시 동대문구 답십리로58길 40 (답십리동),근린생활1,제1종근린생활시설,100718729,지번,1,False
1123010500100640036,서울특별시 동대문구 답십리동,서울특별시 동대문구 답십리로 175 (답십리동),근린생활1,제1종근린생활시설,100716817,지번,1,False
1123010500100350001,서울특별시 동대문구 답십리동,서울특별시 동대문구 답십리로48길 70 (답십리동),근린생활1,제1종근린생활시설,100716524,지번,1,False
1123011000102640301,서울특별시 동대문구 이문동,서울특별시 동대문구 이문로9나길 6-10 (이문동),근린생활1,제1종근린생활시설,1007122677,지번,1,False
1123010300104860002,서울특별시 동대문구 제기동,서울특별시 동대문구 왕산로35길 44 (제기동),근린생활1,제1종근린생활시설,1007111752,지번,1,False
1123011000102640275,서울특별시 동대문구 이문동,서울특별시 동대문구 천장산로7길 38-7 (이문동),근린생활2,제2종근린생활시설,10071100194766,지번,1,False
1123011000102640276,서울특별시 동대문구 이문동,서울특별시 동대문구 천장산로7길 38-3 (이문동),근린생활2,제2종근린생활시설,10071100183246,지번,1,False
1123010600103980008,서울특별시 동대문구 장안동,서울특별시 동대문구 한천로14길 53 (장안동),근린생활1,제1종근린생활시설,1007132225,지번,1,False
1123010600103350010,서울특별시 동대문구 장안동,서울특별시 동대문구 답십리로 292-3 (장안동),근린생활2,공동주택,10071100249994,지번,1,False
1123010600101530001,서울특별시 동대문구 장안동,서울특별시 동대문구 한천로26길 20 (장안동),근린생활1,제1종근린생활시설,1007115695,지번,1,False
1123010200107330008,서울특별시 동대문구 용두동,서울특별시 동대문구 무학로49길 58 (용두동),근린생활2,제2종근린생활시설,1007113308,지번,1,False
1123011000101770084,서울특별시 동대문구 이문동,서울특별시 동대문구 한천로 442-1 (이문동),근린생활2,제2종근린생활시설,1007112852,지번,1,False
1123011000101800015,서울특별시 동대문구 이문동,서울특별시 동대문구 한천로 448 (이문동),근린생활1,제1종근린생활시설,1007112549,지번,1,False
1123011000102090007,서울특별시 동대문구 이문동,서울특별시 동대문구 이문로54길 77 (이문동),근린생활1,제1종근린생활시설,1007112329,지번,1,False
1123011000102560179,서울특별시 동대문구 이문동,서울특별시 동대문구 이문로46길 14 (이문동),근린생활1,제1종근린생활시설,1007110795,지번,1,False
1123010200100390778,서울특별시 동대문구 용두동,서울특별시 동대문구 고산자로28길 62 (용두동),근린생활1,제1종근린생활시설,1007110679,지번,1,False
1123010200107370014,서울특별시 동대문구 용두동,서울특별시 동대문구 무학로45길 40 (용두동),근린생활2,제2종근린생활시설,10071100194175,지번,1,False
1123010200107220008,서울특별시 동대문구 용두동,서울특별시 동대문구 안암로 20 (용두동),근린생활1,제1종근린생활시설,1007133603,지번,1,False
1123010200107640008,서울특별시 동대문구 용두동,서울특별시 동대문구 안암로6길 23 (용두동),근린생활1,제1종근린생활시설,100719259,지번,1,False
1123010500100360028,서울특별시 동대문구 답십리동,서울특별시 동대문구 답십리로48길 52 (답십리동),근린생활1,제1종근린생활시설,1007111794,지번,1,False
1123010300108890006,서울특별시 동대문구 제기동,서울특별시 동대문구 약령중앙로 45-1 (제기동),근린생활2,제2종근린생활시설,1007124800,지번,1,False
1123010400101030042,서울특별시 동대문구 전농동,서울특별시 동대문구 전농로38다길 2 (전농동),근린생활2,제2종근린생활시설,10071100190157,지번,1,False
1123010600105350002,서울특별시 동대문구 장안동,서울특별시 동대문구 한천로 148 (장안동),근린생활2,제2종근린생활시설,1007125496,지번,1,False
1123011000102370107,서울특별시 동대문구 이문동,서울특별시 동대문구 신이문로 33 (이문동),근린생활1,제1종근린생활시설,1007136347,지번,1,False
1123010200107310004,서울특별시 동대문구 용두동,서울특별시 동대문구 무학로49길 40 (용두동),근린생활1,제1종근린생활시설,1007135941,지번,1,False
1123011000101800011,서울특별시 동대문구 이문동,서울특별시 동대문구 한천로 450 (이문동),근린생활2,제2종근린생활시설,1007135595,지번,1,False
1123010200100400014,서울특별시 동대문구 용두동,서울특별시 동대문구 천호대로27길 56 (용두동),근린생활2,제2종근린생활시설,100717398,지번,1,False
1123010800103460016,서울특별시 동대문구 회기동,서울특별시 동대문구 경희대로4길 72 (회기동),근린생활2,제2종근린생활시설,1007131828,지번,1,False
1123010200100270016,서울특별시 동대문구 용두동,서울특별시 동대문구 왕산로28길 39 (용두동),근린생활2,제2종근린생활시설,1007130222,지번,1,False
1123011000102540039,서울특별시 동대문구 이문동,서울특별시 동대문구 이문로50길 5 (이문동),근린생활1,제1종근린생활시설,1007129233,지번,1,False
1123011000102110002,서울특별시 동대문구 이문동,서울특별시 동대문구 한천로 503 (이문동),근린생활1,제1종근린생활시설,100713304,지번,1,False
1123010600102890012,서울특별시 동대문구 장안동,서울특별시 동대문구 답십리로65길 86 (장안동),근린생활1,제1종근린생활시설,1007127793,지번,1,False
1123010400102060121,서울특별시 동대문구 전농동,서울특별시 동대문구 전농로17길 52 (전농동),근린생활2,제2종근린생활시설,1007134439,지번,1,False
1123010500100120018,서울특별시 동대문구 답십리동,서울특별시 동대문구 한천로 55 (답십리동),근린생활1,제2종근린생활시설,100714251,지번,2,False
1123010500100120018,서울특별시 동대문구 답십리동,서울특별시 동대문구 한천로 55 (답십리동),근린생활1,제1종근린생활시설,100714252,지번,2,False
1123010200107380004,서울특별시 동대문구 용두동,서울특별시 동대문구 무학로49길 25 (용두동),근린생활1,제1종근린생활시설,1007132585,지번,1,False
1123010400101030312,서울특별시 동대문구 전농동,서울특별시 동대문구 전농로36길 9 (전농동),근린생활2,제2종근린생활시설,1007126957,지번,1,False
1123011000101050012,서울특별시 동대문구 이문동,서울특별시 동대문구 한천로 413 (이문동),근린생활2,제2종근린생활시설,1007124747,지번,1,False
1123011000101050018,서울특별시 동대문구 이문동,서울특별시 동대문구 한천로 409 (이문동),근린생활1,제1종근린생활시설,1007124741,지번,1,False
1123010200107320005,서울특별시 동대문구 용두동,서울특별시 동대문구 안암로 40 (용두동),근린생활1,제1종근린생활시설,1007124347,지번,1,False
1123011000102200202,서울특별시 동대문구 이문동,서울특별시 동대문구 신이문로 41 (이문동),근린생활1,제1종근린생활시설,1007128318,지번,1,False
1123010600103190011,서울특별시 동대문구 장안동,서울특별시 동대문구 장한로36길 23-23 (장안동),근린생활1,제1종근린생활시설,1007119613,지번,1,False
1123010500100400052,서울특별시 동대문구 답십리동,서울특별시 동대문구 답십리로56길 73 (답십리동),근린생활1,제1종근린생활시설,1007126256,지번,1,False
1123010500100210040,서울특별시 동대문구 답십리동,서울특별시 동대문구 답십리로48길 96 (답십리동),근린생활1,제1종근린생활시설,1007125988,지번,1,False
1123010500104690062,서울특별시 동대문구 답십리동,서울특별시 동대문구 답십리로30길 51 (답십리동),근린생활1,제1종근린생활시설,1007116238,지번,1,False
1123010500100360018,서울특별시 동대문구 답십리동,서울특별시 동대문구 답십리로48가길 46 (답십리동),근린생활1,제1종근린생활시설,10071100258595,지번,1,False
1123010500102560011,서울특별시 동대문구 답십리동,서울특별시 동대문구 전농로3길 60-2 (답십리동),근린생활1,제1종근린생활시설,1007115097,지번,1,False
1123010500100360025,서울특별시 동대문구 답십리동,서울특별시 동대문구 답십리로48길 47 (답십리동),근린생활1,제1종근린생활시설,1007115044,지번,1,False
1123010500100350005,서울특별시 동대문구 답십리동,서울특별시 동대문구 답십리로48길 74 (답십리동),근린생활1,제1종근린생활시설,1007125147,지번,1,False
1123010500100290037,서울특별시 동대문구 답십리동,서울특별시 동대문구 답십리로48다길 8 (답십리동),근린생활2,제2종근린생활시설,10071100200523,지번,1,False
1123010500100210059,서울특별시 동대문구 답십리동,서울특별시 동대문구 답십리로48길 105 (답십리동),근린생활1,제1종근린생활시설,100719691,지번,1,False
1123010600104530004,서울특별시 동대문구 장안동,서울특별시 동대문구 천호대로93길 25 (장안동),근린생활1,제1종근린생활시설,1007116193,지번,1,False
1123010200101180044,서울특별시 동대문구 용두동,서울특별시 동대문구 무학로28길 9-6 (용두동),근린생활2,제2종근린생활시설,1007131627,지번,1,False
1123010200101290250,서울특별시 동대문구 용두동,서울특별시 동대문구 무학로16길 63 (용두동),근린생활2,제2종근린생활시설,1007126424,지번,1,False
1123010200101050026,서울특별시 동대문구 용두동,서울특별시 동대문구 왕산로16나길 36 (용두동),근린생활1,제1종근린생활시설,1007122210,지번,1,False
1123010200101220035,서울특별시 동대문구 용두동,서울특별시 동대문구 무학로26길 27 (용두동),근린생활1,제1종근린생활시설,1007120788,지번,1,False
1123010200101290479,서울특별시 동대문구 용두동,서울특별시 동대문구 무학로20길 31 (용두동),근린생활1,제1종근린생활시설,1007120422,지번,1,False
1123010200101180080,서울특별시 동대문구 용두동,서울특별시 동대문구 천호대로 69 (용두동),근린생활2,제2종근린생활시설,1007129119,지번,1,False
1123010200101180078,서울특별시 동대문구 용두동,서울특별시 동대문구 천호대로17길 7 (용두동),근린생활1,제1종근린생활시설,1007129078,지번,1,False
1123010200101470001,서울특별시 동대문구 용두동,서울특별시 동대문구 무학로 163 (용두동),근린생활1,제1종근린생활시설,1007129059,지번,1,False
1123010200101220028,서울특별시 동대문구 용두동,서울특별시 동대문구 천호대로 84 (용두동),근린생활1,제1종근린생활시설,1007127803,지번,1,False
1123010200101290490,서울특별시 동대문구 용두동,서울특별시 동대문구 무학로16길 23 (용두동),근린생활1,제1종근린생활시설,1007126911,지번,1,False
1123010100100920126,서울특별시 동대문구 신설동,서울특별시 동대문구 하정로 46 (신설동),근린생활1,제1종근린생활시설,1007126684,지번,1,False
1123010200101220059,서울특별시 동대문구 용두동,서울특별시 동대문구 천호대로 82-4 (용두동),근린생활1,제1종근린생활시설,1007119533,지번,1,False
1123011000103630005,서울특별시 동대문구 이문동,서울특별시 동대문구 휘경로3길 4 (이문동),근린생활1,제1종근린생활시설,100711399,지번,2,False
1123010400100600063,서울특별시 동대문구 전농동,서울특별시 동대문구 사가정로13길 35 (전농동),근린생활1,제1종근린생활시설,1007118515,지번,1,False
1123010300108790001,서울특별시 동대문구 제기동,서울특별시 동대문구 정릉천동로 142 (제기동),근린생활1,제1종근린생활시설,100715619,지번,1,False
1123010400102950410,서울특별시 동대문구 전농동,서울특별시 동대문구 전농로 126 (전농동),근린생활2,제1종근린생활시설,1000000000000006994526,지번,1,False
1123010400100010097,서울특별시 동대문구 전농동,서울특별시 동대문구 한천로33길 27 (전농동),근린생활2,제2종근린생활시설,100717091,지번,1,False
1123010300109800000,서울특별시 동대문구 제기동,서울특별시 동대문구 약령중앙로6길 7-1 (제기동),근린생활1,제1종근린생활시설,100715635,지번,1,False
1123010300104380010,서울특별시 동대문구 제기동,서울특별시 동대문구 약령시로 122-3 (제기동),근린생활2,제2종근린생활시설,1007128705,지번,1,False
1123010500104840029,서울특별시 동대문구 답십리동,서울특별시 동대문구 황물로 113 (답십리동),근린생활1,제1종근린생활시설,1007126395,지번,1,False
1123010400101030294,서울특별시 동대문구 전농동,서울특별시 동대문구 전농로 227 (전농동),근린생활2,제2종근린생활시설,1007133813,지번,1,False
1123010800100600047,서울특별시 동대문구 회기동,서울특별시 동대문구 경희대로1길 9 (회기동),근린생활2,제2종근린생활시설,1007118465,지번,1,False
1123010500109580017,서울특별시 동대문구 답십리동,서울특별시 동대문구 황물로15가길 12-4 (답십리동),근린생활1,제1종근린생활시설,100719787,지번,1,False
1123010500104900079,서울특별시 동대문구 답십리동,서울특별시 동대문구 천호대로75길 40 (답십리동),근린생활1,제1종근린생활시설,1007126614,지번,1,False
1123010500100930006,서울특별시 동대문구 답십리동,서울특별시 동대문구 답십리로51길 24 (답십리동),근린생활1,제1종근린생활시설,1007132556,지번,1,False
1123010200100270002,서울특별시 동대문구 용두동,서울특별시 동대문구 왕산로28길 43 (용두동),근린생활1,제1종근린생활시설,10071100248774,지번,1,False
1123011000103040027,서울특별시 동대문구 이문동,서울특별시 동대문구 휘경로 25 (이문동),근린생활1,제1종근린생활시설,1007117817,지번,1,False
1123010200101120041,서울특별시 동대문구 용두동,서울특별시 동대문구 천호대로17길 71 (용두동),근린생활2,제2종근린생활시설,1007125683,지번,1,False
1123010400102040140,서울특별시 동대문구 전농동,서울특별시 동대문구 전농로29길 90 (전농동),근린생활1,제1종근린생활시설,1007129052,지번,1,False
1123010200101290353,서울특별시 동대문구 용두동,서울특별시 동대문구 무학로20길 35 (용두동),근린생활1,제1종근린생활시설,1007127236,지번,1,False
1123010600102860010,서울특별시 동대문구 장안동,서울특별시 동대문구 답십리로65길 130 (장안동),근린생활1,제1종근린생활시설,1007114366,지번,1,False
1123010200102220002,서울특별시 동대문구 용두동,서울특별시 동대문구 한빛로 48 (용두동),근린생활2,제2종근린생활시설,1007114234,지번,1,False
1123010600104260004,서울특별시 동대문구 장안동,서울특별시 동대문구 천호대로83길 81 (장안동),근린생활2,제2종근린생활시설,1007121044,지번,1,False
1123010800100030156,서울특별시 동대문구 회기동,서울특별시 동대문구 경희대로6길 7-9 (회기동),근린생활2,제2종근린생활시설,1007130668,지번,1,False
1123010300109960000,서울특별시 동대문구 제기동,서울특별시 동대문구 고산자로36길 30 (제기동),근린생활1,제1종근린생활시설,1007115524,지번,1,False
1123010800100450096,서울특별시 동대문구 회기동,서울특별시 동대문구 회기로21길 8-12 (회기동),근린생활2,제2종근린생활시설,1007113272,지번,1,False
1123010900103190026,서울특별시 동대문구 휘경동,서울특별시 동대문구 회기로28길 19 (휘경동),근린생활1,제1종근린생활시설,1007123650,지번,1,False
1123010400102090128,서울특별시 동대문구 전농동,서울특별시 동대문구 전농로27길 32 (전농동),근린생활1,제1종근린생활시설,1007121566,지번,1,False
1123010100100980008,서울특별시 동대문구 신설동,서울특별시 동대문구 하정로5길 1 (신설동),근린생활2,제2종근린생활시설,1007121920,지번,1,False
1123010500100020022,서울특별시 동대문구 답십리동,서울특별시 동대문구 답십리로 228 (답십리동),근린생활2,제2종근린생활시설,1007120769,지번,1,False
1123010600103920009,서울특별시 동대문구 장안동,서울특별시 동대문구 답십리로66길 75-5 (장안동),근린생활1,공동주택,10071100240413,지번,4,True
1123010600103920009,서울특별시 동대문구 장안동,서울특별시 동대문구 답십리로66길 75-5 (장안동),근린생활1,공동주택,10071100240426,지번,4,True
1123010600103920009,서울특별시 동대문구 장안동,서울특별시 동대문구 답십리로66길 75-5 (장안동),근린생활1,공동주택,10071100240439,지번,4,True
1123010600103920009,서울특별시 동대문구 장안동,서울특별시 동대문구 답십리로66길 75-5 (장안동),근린생활1,공동주택,10071100240451,지번,4,True
1123010700107010000,서울특별시 동대문구 청량리동,서울특별시 동대문구 왕산로37길 62 (청량리동),근린생활2,제2종근린생활시설,1007119171,지번,1,False
1123010800101050015,서울특별시 동대문구 회기동,서울특별시 동대문구 회기로16길 4 (회기동),근린생활2,제2종근린생활시설,1007134436,지번,1,False
1123010300107920001,서울특별시 동대문구 제기동,서울특별시 동대문구 고산자로48길 2 (제기동),근린생활1,제1종근린생활시설,100715409,지번,1,False
1123010300107920002,서울특별시 동대문구 제기동,서울특별시 동대문구 고산자로 498-1 (제기동),근린생활2,제2종근린생활시설,100715408,지번,1,False
1123010200101190048,서울특별시 동대문구 용두동,서울특별시 동대문구 무학로 128-1 (용두동),근린생활1,제1종근린생활시설,1007135942,지번,1,False
1123010600101050002,서울특별시 동대문구 장안동,서울특별시 동대문구 사가정로23길 9 (장안동),근린생활1,제1종근린생활시설,1007127655,지번,1,False
1123010600101950007,서울특별시 동대문구 장안동,서울특별시 동대문구 한천로14길 28 (장안동),근린생활1,제1종근린생활시설,1007135641,지번,1,False
1123010300106950009,서울특별시 동대문구 제기동,서울특별시 동대문구 약령시로13길 53 (제기동),근린생활1,제1종근린생활시설,100713948,지번,1,False
1123010500104880002,서울특별시 동대문구 답십리동,서울특별시 동대문구 전농로2가길 13 (답십리동),근린생활1,제1종근린생활시설,100714974,지번,3,False
1123010500102460012,서울특별시 동대문구 답십리동,서울특별시 동대문구 답십리로 146-4 (답십리동),근린생활2,제2종근린생활시설,1007129083,지번,1,False
1123010300101360234,서울특별시 동대문구 제기동,서울특별시 동대문구 고산자로 559 (제기동),근린생활2,제2종근린생활시설,1007123111,지번,1,False
1123010500104840048,서울특별시 동대문구 답십리동,서울특별시 동대문구 천호대로69길 26 (답십리동),근린생활1,제1종근린생활시설,10071100236232,지번,1,False
1123010600102890016,서울특별시 동대문구 장안동,서울특별시 동대문구 답십리로65길 74 (장안동),근린생활2,제2종근린생활시설,1007110847,지번,1,False
1123010600102890011,서울특별시 동대문구 장안동,서울특별시 동대문구 장한로33길 31 (장안동),근린생활1,제1종근린생활시설,1007126344,지번,1,False
1123010600102910015,서울특별시 동대문구 장안동,서울특별시 동대문구 답십리로65길 58 (장안동),근린생활1,제1종근린생활시설,1007136579,지번,1,False
1123010600103990010,서울특별시 동대문구 장안동,서울특별시 동대문구 한천로14길 42 (장안동),근린생활1,제1종근린생활시설,1007124068,지번,1,False
1123010400105580002,서울특별시 동대문구 전농동,서울특별시 동대문구 서울시립대로14길 29 (전농동),근린생활1,제1종근린생활시설,1007122947,지번,1,False
1123010600102890029,서울특별시 동대문구 장안동,서울특별시 동대문구 장한로27나길 69 (장안동),근린생활1,제1종근린생활시설,1007132404,지번,1,False
1123010200101180108,서울특별시 동대문구 용두동,서울특별시 동대문구 무학로28길 9-1 (용두동),근린생활2,제2종근린생활시설,1007131978,지번,1,False
1123010400101270071,서울특별시 동대문구 전농동,서울특별시 동대문구 서울시립대로 121 (전농동),근린생활1,제1종근린생활시설,1007128953,지번,1,False
1123010600101390002,서울특별시 동대문구 장안동,서울특별시 동대문구 한천로28길 16 (장안동),근린생활1,제1종근린생활시설,1007119368,지번,1,False
1123010400105580145,서울특별시 동대문구 전농동,서울특별시 동대문구 서울시립대로12길 17 (전농동),근린생활1,제1종근린생활시설,1007129125,지번,1,False
1123010100100940033,서울특별시 동대문구 신설동,서울특별시 동대문구 난계로26길 67-10 (신설동),근린생활2,제2종근린생활시설,1007131063,지번,1,False
1123010400106020011,서울특별시 동대문구 전농동,서울특별시 동대문구 왕산로 272-1 (전농동),근린생활2,제2종근린생활시설,1007130586,지번,1,False
1123010600101860012,서울특별시 동대문구 장안동,서울특별시 동대문구 한천로 94 (장안동),근린생활1,제1종근린생활시설,100717997,지번,1,False
1123010300101480115,서울특별시 동대문구 제기동,서울특별시 동대문구 약령시로 2 (제기동),근린생활2,제2종근린생활시설,100717006,지번,1,False
1123010500100010098,서울특별시 동대문구 답십리동,서울특별시 동대문구 한천로33길 23 (답십리동),근린생활2,제2종근린생활시설,1007136504,지번,1,False
1123010200100390069,서울특별시 동대문구 용두동,서울특별시 동대문구 천호대로45가길 40 (용두동),근린생활2,제2종근린생활시설,1007134596,지번,1,False
1123010700106820000,서울특별시 동대문구 청량리동,서울특별시 동대문구 약령시로 123-5 (청량리동),근린생활2,제2종근린생활시설,1007110355,지번,1,False
1123010900101830201,서울특별시 동대문구 휘경동,서울특별시 동대문구 회기로31가길 22-4 (휘경동),근린생활2,제2종근린생활시설,10071100199001,지번,1,False
1123010200101190042,서울특별시 동대문구 용두동,서울특별시 동대문구 무학로 130 (용두동),근린생활1,제1종근린생활시설,1007128392,지번,1,False
1123010800100570015,서울특별시 동대문구 회기동,서울특별시 동대문구 회기로25길 3 (회기동),근린생활1,제1종근린생활시설,1007110475,지번,1,False
1123010300107050005,서울특별시 동대문구 제기동,서울특별시 동대문구 약령중앙로 89 (제기동),근린생활2,제2종근린생활시설,10071100185393,지번,1,False
1123010200102380080,서울특별시 동대문구 용두동,서울특별시 동대문구 천호대로 57 (용두동),근린생활2,제2종근린생활시설,1007117408,지번,1,False
1123010200100391053,서울특별시 동대문구 용두동,서울특별시 동대문구 천호대로 163 (용두동),근린생활1,제2종근린생활시설,10071100250734,지번,1,False
1123010400106790009,서울특별시 동대문구 전농동,서울특별시 동대문구 답십리로 43-1 (전농동),근린생활1,제1종근린생활시설,1007115463,지번,1,False
1123010400102040060,서울특별시 동대문구 전농동,서울특별시 동대문구 전농로17길 34 (전농동),근린생활1,제1종근린생활시설,1007124222,지번,1,False
1123010500104750008,서울특별시 동대문구 답십리동,서울특별시 동대문구 답십리로 102 (답십리동),근린생활1,제1종근린생활시설,1007114816,지번,1,False
1123010200101900011,서울특별시 동대문구 용두동,서울특별시 동대문구 무학로 178 (용두동),근린생활1,제1종근린생활시설,1007110103,지번,1,False
1123010300106820007,서울특별시 동대문구 제기동,서울특별시 동대문구 고산자로50길 17-1 (제기동),근린생활1,제1종근린생활시설,10071100191822,지번,1,False
1123010200102350018,서울특별시 동대문구 용두동,서울특별시 동대문구 무학로 115 (용두동),근린생활1,제1종근린생활시설,1007127768,지번,1,False
1123010200102330018,서울특별시 동대문구 용두동,서울특별시 동대문구 왕산로9길 18 (용두동),근린생활1,제1종근린생활시설,1007127651,지번,1,False
1123010900100750001,서울특별시 동대문구 휘경동,서울특별시 동대문구 망우로 107 (휘경동),근린생활2,제2종근린생활시설,1007124614,지번,1,False
1123010100100980027,서울특별시 동대문구 신설동,서울특별시 동대문구 왕산로 20 (신설동),근린생활2,제2종근린생활시설,1007123571,지번,1,False
1123010200102340008,서울특별시 동대문구 용두동,서울특별시 동대문구 무학로35길 7-1 (용두동),근린생활1,제1종근린생활시설,1007134417,지번,1,False
1123010400104940021,서울특별시 동대문구 전농동,서울특별시 동대문구 서울시립대로7길 9 (전농동),근린생활1,제1종근린생활시설,1007130236,지번,1,False
1123011000103260010,서울특별시 동대문구 이문동,서울특별시 동대문구 이문로 88-13 (이문동),근린생활2,제2종근린생활시설,1007129906,지번,1,False
1123010400100380045,서울특별시 동대문구 전농동,서울특별시 동대문구 사가정로 129 (전농동),근린생활2,제2종근린생활시설,1007132659,지번,1,False
1123010500104880338,서울특별시 동대문구 답십리동,서울특별시 동대문구 전농로 20 (답십리동),근린생활2,업무시설,10071100247374,지번,1,False
1123010300102860007,서울특별시 동대문구 제기동,서울특별시 동대문구 홍릉로17길 19 (제기동),근린생활1,제1종근린생활시설,1007116430,지번,1,False
1123010400101410160,서울특별시 동대문구 전농동,,근린생활2,제2종근린생활시설,100715125,지번,2,False
1123010600102870002,서울특별시 동대문구 장안동,서울특별시 동대문구 답십리로65길 124-4 (장안동),근린생활1,제1종근린생활시설,1007134920,지번,1,False
1123010600104630008,서울특별시 동대문구 장안동,서울특별시 동대문구 장한로2길 19 (장안동),근린생활2,제2종근린생활시설,1007130501,지번,1,False
1123010500104920001,서울특별시 동대문구 답십리동,서울특별시 동대문구 천호대로 313 (답십리동),근린생활2,제2종근린생활시설,1007129279,지번,1,False
1123010400100550061,서울특별시 동대문구 전농동,서울특별시 동대문구 사가정로13길 28 (전농동),근린생활1,제1종근린생활시설,100717647,지번,1,False
1123010500104960003,서울특별시 동대문구 답십리동,서울특별시 동대문구 고미술로 36 (답십리동),근린생활2,제2종근린생활시설,1007111562,지번,1,False
1123010300111410052,서울특별시 동대문구 제기동,서울특별시 동대문구 약령중앙로 21 (제기동),근린생활2,제2종근린생활시설,1007112162,지번,1,False
1123010400105580003,서울특별시 동대문구 전농동,서울특별시 동대문구 서울시립대로14길 8 (전농동),근린생활2,제2종근린생활시설,1007121910,지번,1,False
1123010200101930015,서울특별시 동대문구 용두동,서울특별시 동대문구 무학로44길 14 (용두동),근린생활1,제1종근린생활시설,1007112575,지번,1,False
1123010200100390132,서울특별시 동대문구 용두동,서울특별시 동대문구 답십리로14길 2 (용두동),근린생활1,제1종근린생활시설,1007134913,지번,1,False
1123010200100090008,서울특별시 동대문구 용두동,서울특별시 동대문구 답십리로 8 (용두동),근린생활2,제2종근린생활시설,1007111693,지번,1,False
1123010600101860033,서울특별시 동대문구 장안동,서울특별시 동대문구 한천로 92 (장안동),근린생활2,제2종근린생활시설,100717874,지번,1,False
1123010600104630007,서울특별시 동대문구 장안동,서울특별시 동대문구 천호대로85길 26-6 (장안동),근린생활1,제1종근린생활시설,1007128739,지번,1,False
1123010300106350003,서울특별시 동대문구 제기동,서울특별시 동대문구 홍릉로1길 635-3 (제기동),근린생활1,제1종근린생활시설,1007115641,지번,1,False
1123010300109420000,서울특별시 동대문구 제기동,서울특별시 동대문구 약령동길 68 (제기동),근린생활2,제2종근린생활시설,1007114360,지번,1,False
1123010500102660001,서울특별시 동대문구 답십리동,서울특별시 동대문구 전농로 38 (답십리동),근린생활1,제1종근린생활시설,1000000000000002883145,지번,1,False
1123010500100350010,서울특별시 동대문구 답십리동,서울특별시 동대문구 전농로 50 (답십리동),근린생활1,제1종근린생활시설,1007112443,지번,1,False
1123010800100600101,서울특별시 동대문구 회기동,서울특별시 동대문구 회기로 121 (회기동),근린생활1,제1종근린생활시설,1007122402,지번,1,False
1123010400102130001,서울특별시 동대문구 전농동,서울특별시 동대문구 답십리로23나길 17 (전농동),근린생활1,제1종근린생활시설,1007117210,지번,1,False
1123010200102330019,서울특별시 동대문구 용두동,서울특별시 동대문구 왕산로9길 20 (용두동),근린생활1,제1종근린생활시설,1007133872,지번,1,False
1123010300105430000,서울특별시 동대문구 제기동,서울특별시 동대문구 왕산로33길 62 (제기동),근린생활1,제1종근린생활시설,1007114518,지번,1,False
1123010400104940015,서울특별시 동대문구 전농동,서울특별시 동대문구 서울시립대로7길 19 (전농동),근린생활1,제1종근린생활시설,1007135746,지번,1,False
1123010200102380166,서울특별시 동대문구 용두동,서울특별시 동대문구 천호대로 49-3 (용두동),근린생활2,제2종근린생활시설,1007131791,지번,1,False
1123010200102520168,서울특별시 동대문구 용두동,서울특별시 동대문구 천호대로12길 5 (용두동),근린생활2,제2종근린생활시설,100719153,지번,1,False
1123010300107050001,서울특별시 동대문구 제기동,서울특별시 동대문구 제기로 42-1 (제기동),근린생활1,제1종근린생활시설,100715568,지번,1,False
1123010300107050000,서울특별시 동대문구 제기동,서울특별시 동대문구 제기로 42 (제기동),근린생활1,제1종근린생활시설,100715565,지번,1,False
1123010300107050006,서울특별시 동대문구 제기동,서울특별시 동대문구 제기로 46 (제기동),근린생활2,제2종근린생활시설,100715563,지번,1,False
1123011000103210101,서울특별시 동대문구 이문동,서울특별시 동대문구 이문로12길 4-19 (이문동),근린생활2,제2종근린생활시설,100714564,지번,1,False
1123010300106950005,서울특별시 동대문구 제기동,서울특별시 동대문구 고산자로 512 (제기동),근린생활2,제2종근린생활시설,100713959,지번,1,False
1123010300106950006,서울특별시 동대문구 제기동,서울특별시 동대문구 고산자로50길 3 (제기동),근린생활1,제1종근린생활시설,100713958,지번,1,False
1123010300106950003,서울특별시 동대문구 제기동,서울특별시 동대문구 고산자로 512-2 (제기동),근린생활2,제2종근린생활시설,100713954,지번,1,False
1123010700105330000,서울특별시 동대문구 청량리동,서울특별시 동대문구 홍릉로17길 5 (청량리동),근린생활1,제1종근린생활시설,1007111748,지번,1,False
1123010200102380006,서울특별시 동대문구 용두동,서울특별시 동대문구 천호대로13길 15 (용두동),근린생활1,제1종근린생활시설,100718693,지번,1,False
1123010100101140017,서울특별시 동대문구 신설동,서울특별시 동대문구 청계천로1길 16 (신설동),근린생활1,제1종근린생활시설,1007136762,지번,1,False
1123010400102950016,서울특별시 동대문구 전농동,서울특별시 동대문구 사가정로13길 3 (전농동),근린생활1,제1종근린생활시설,1007133151,지번,1,False
1123010300100550007,서울특별시 동대문구 제기동,서울특별시 동대문구 정릉천동로 103 (제기동),근린생활1,제1종근린생활시설,1007133839,지번,1,False
1123010500104630004,서울특별시 동대문구 답십리동,서울특별시 동대문구 서울시립대로 15 (답십리동),근린생활1,제1종근린생활시설,100716254,지번,2,False
1123010400106020019,서울특별시 동대문구 전농동,서울특별시 동대문구 왕산로 264 (전농동),근린생활2,제2종근린생활시설,1007119165,지번,1,False
1123010300107710006,서울특별시 동대문구 제기동,서울특별시 동대문구 약령시로 83 (제기동),근린생활2,제2종근린생활시설,100712187,지번,1,False
1123010600103550000,서울특별시 동대문구 장안동,서울특별시 동대문구 장한로18길 84 (장안동),근린생활1,제1종근린생활시설,1007132524,지번,1,False
1123010500104750141,서울특별시 동대문구 답십리동,서울특별시 동대문구 사가정로 39 (답십리동),근린생활2,제2종근린생활시설,100714965,지번,1,False
1123010400103250123,서울특별시 동대문구 전농동,서울특별시 동대문구 사가정로5길 7 (전농동),근린생활2,제2종근린생활시설,1007121717,지번,1,False
1123011000100850052,서울특별시 동대문구 이문동,서울특별시 동대문구 외대역동로 75 (이문동),근린생활1,제1종근린생활시설,10071100229174,지번,2,False
1123011000100850052,서울특별시 동대문구 이문동,서울특별시 동대문구 외대역동로 75 (이문동),근린생활1,제1종근린생활시설,100719097,지번,2,False
1123010700100300012,서울특별시 동대문구 청량리동,서울특별시 동대문구 제기로38길 21 (청량리동),근린생활1,제1종근린생활시설,1007116301,지번,1,False
1123010700100530020,서울특별시 동대문구 청량리동,서울특별시 동대문구 왕산로43길 36 (청량리동),근린생활1,제1종근린생활시설,100719530,지번,1,False
1123010700100570001,서울특별시 동대문구 청량리동,서울특별시 동대문구 제기로 128-2 (청량리동),근린생활2,제2종근린생활시설,1007110680,지번,1,False
1123010600101830022,서울특별시 동대문구 장안동,서울특별시 동대문구 한천로18길 34 (장안동),근린생활1,제1종근린생활시설,1007129240,지번,1,False
1123010300109880007,서울특별시 동대문구 제기동,서울특별시 동대문구 고산자로38길 21-12 (제기동),근린생활2,제2종근린생활시설,1007110414,지번,1,False
1123010900101830200,서울특별시 동대문구 휘경동,서울특별시 동대문구 회기로31가길 18 (휘경동),근린생활2,제2종근린생활시설,1007120816,지번,1,False
1123010400100010075,서울특별시 동대문구 전농동,서울특별시 동대문구 한천로33길 35 (전농동),근린생활1,제1종근린생활시설,100718655,지번,1,False
1123010300110770002,서울특별시 동대문구 제기동,서울특별시 동대문구 고산자로 457 (제기동),근린생활2,제2종근린생활시설,1007114041,지번,1,False
1123010900101830433,서울특별시 동대문구 휘경동,서울특별시 동대문구 회기로31가길 35-1 (휘경동),근린생활2,제2종근린생활시설,1007117592,지번,1,False
1123010800100600219,서울특별시 동대문구 회기동,서울특별시 동대문구 회기로 102 (회기동),근린생활2,제2종근린생활시설,10071100185034,지번,1,False
1123010100100960031,서울특별시 동대문구 신설동,서울특별시 동대문구 하정로 23-13 (신설동),근린생활2,제2종근린생활시설,100718433,지번,1,False
1123010600104300014,서울특별시 동대문구 장안동,서울특별시 동대문구 장한로5길 8 (장안동),근린생활2,제2종근린생활시설,1007130314,지번,1,False
1123010600101660022,서울특별시 동대문구 장안동,서울특별시 동대문구 답십리로66길 88 (장안동),근린생활1,제1종근린생활시설,10071100201928,지번,1,False
1123010200102100005,서울특별시 동대문구 용두동,서울특별시 동대문구 한빛로 52-2 (용두동),근린생활2,제2종근린생활시설,1007116288,지번,1,False
1123010100101170021,서울특별시 동대문구 신설동,서울특별시 동대문구 천호대로 2 (신설동),근린생활2,제2종근린생활시설,1007132621,지번,1,False
1123010600103720001,서울특별시 동대문구 장안동,서울특별시 동대문구 장한로 115 (장안동),근린생활2,제2종근린생활시설,100717008,지번,1,False
1123010600104130003,서울특별시 동대문구 장안동,서울특별시 동대문구 한천로2길 16 (장안동),근린생활1,제1종근린생활시설,100717733,지번,1,False
1123010300108940006,서울특별시 동대문구 제기동,서울특별시 동대문구 약령시로14길 19-7 (제기동),근린생활2,제2종근린생활시설,1007121958,지번,1,False
1123010300107500010,서울특별시 동대문구 제기동,,근린생활1,제1종근린생활시설,100715604,지번,1,False
1123010300108960008,서울특별시 동대문구 제기동,서울특별시 동대문구 경동시장로9길 18-4 (제기동),근린생활1,제1종근린생활시설,1007112645,지번,1,False
1123010400102210006,서울특별시 동대문구 전농동,서울특별시 동대문구 전농로23길 76 (전농동),근린생활2,제2종근린생활시설,1007133040,지번,1,False
1123010300106350004,서울특별시 동대문구 제기동,서울특별시 동대문구 홍릉로1길 39 (제기동),근린생활2,제2종근린생활시설,100719541,지번,1,False
1123010300106470001,서울특별시 동대문구 제기동,서울특별시 동대문구 왕산로33길 21 (제기동),근린생활1,제1종근린생활시설,100718143,지번,1,False
1123010500105300027,서울특별시 동대문구 답십리동,서울특별시 동대문구 천호대로 327 (답십리동),근린생활2,제2종근린생활시설,1007136633,지번,1,False
1123010200101220004,서울특별시 동대문구 용두동,서울특별시 동대문구 천호대로24길 5 (용두동),근린생활2,제2종근린생활시설,1007122380,지번,1,False
1123010200102540027,서울특별시 동대문구 용두동,서울특별시 동대문구 청계천로7길 56 (용두동),근린생활1,제1종근린생활시설,1007130819,지번,1,False
1123010500104720046,서울특별시 동대문구 답십리동,서울특별시 동대문구 서울시립대로4길 35 (답십리동),근린생활1,제1종근린생활시설,1007118623,지번,1,False
1123010200102520159,서울특별시 동대문구 용두동,서울특별시 동대문구 천호대로 52 (용두동),근린생활2,제2종근린생활시설,1007127661,지번,1,False
1123011000102170025,서울특별시 동대문구 이문동,서울특별시 동대문구 한천로 481 (이문동),근린생활2,제2종근린생활시설,1007110657,지번,1,False
1123010700107880000,서울특별시 동대문구 청량리동,서울특별시 동대문구 경동시장로8길 45 (청량리동),근린생활1,제1종근린생활시설,1007133927,지번,1,False
1123010200101190018,서울특별시 동대문구 용두동,서울특별시 동대문구 무학로 142-2 (용두동),근린생활2,제1종근린생활시설,100715475,지번,2,False
1123010200101190018,서울특별시 동대문구 용두동,서울특별시 동대문구 무학로 142-2 (용두동),근린생활2,제2종근린생활시설,100715476,지번,2,False
1123010700107370000,서울특별시 동대문구 청량리동,서울특별시 동대문구 홍릉로3길 8 (청량리동),근린생활1,제1종근린생활시설,100716542,지번,1,False
1123011000102570017,서울특별시 동대문구 이문동,서울특별시 동대문구 이문로 147 (이문동),근린생활2,제2종근린생활시설,1007110075,지번,1,False
1123010200107180002,서울특별시 동대문구 용두동,서울특별시 동대문구 안암로 32 (용두동),근린생활1,제1종근린생활시설,1007112396,지번,1,False
1123011000102400002,서울특별시 동대문구 이문동,서울특별시 동대문구 신이문로 13 (이문동),근린생활2,제2종근린생활시설,1007117041,지번,1,False
1123010700107610000,서울특별시 동대문구 청량리동,서울특별시 동대문구 왕산로 185 (청량리동),근린생활1,제1종근린생활시설,1007121929,지번,1,False
1123010700107280000,서울특별시 동대문구 청량리동,서울특별시 동대문구 홍릉로5길 7 (청량리동),근린생활2,제2종근린생활시설,1007136608,지번,1,False
1123010300106460002,서울특별시 동대문구 제기동,서울특별시 동대문구 경동시장로6길 9-2 (제기동),근린생활1,제1종근린생활시설,1007121693,지번,1,False
1123010600101020001,서울특별시 동대문구 장안동,서울특별시 동대문구 사가정로 226 (장안동),근린생활1,제1종근린생활시설,1007121844,지번,1,False
1123010600104090008,서울특별시 동대문구 장안동,서울특별시 동대문구 한천로6길 36 (장안동),근린생활1,제1종근린생활시설,1007133622,지번,1,False
1123010600100990013,서울특별시 동대문구 장안동,서울특별시 동대문구 사가정로 225 (장안동),근린생활1,제1종근린생활시설,1007131154,지번,1,False
1123010600104310003,서울특별시 동대문구 장안동,서울특별시 동대문구 장한로 25 (장안동),근린생활1,제1종근린생활시설,1007132972,지번,1,False
1123010900100340021,서울특별시 동대문구 휘경동,서울특별시 동대문구 망우로20길 59 (휘경동),근린생활2,제2종근린생활시설,1007110976,지번,1,False
1123010100100710010,서울특별시 동대문구 신설동,,근린생활1,제1종근린생활시설,100717725,지번,1,False
1123010900103080196,서울특별시 동대문구 휘경동,,근린생활1,제1종근린생활시설,1007111969,지번,1,False
1123010700107740000,서울특별시 동대문구 청량리동,서울특별시 동대문구 왕산로37길 27 (청량리동),판매시설,판매시설,1007118415,지번,1,False
1123010100101140020,서울특별시 동대문구 신설동,서울특별시 동대문구 청계천로1길 10 (신설동),근린생활1,제1종근린생활시설,1007113280,지번,1,False
1123011000102550203,서울특별시 동대문구 이문동,서울특별시 동대문구 이문로 182 (이문동),근린생활2,제2종근린생활시설,1007120501,지번,1,False
1123010600103660001,서울특별시 동대문구 장안동,서울특별시 동대문구 장한로 116 (장안동),근린생활2,제2종근린생활시설,1007126093,지번,1,False
1123010800100160077,서울특별시 동대문구 회기동,서울특별시 동대문구 회기로21가길 22 (회기동),근린생활2,제2종근린생활시설,1007112496,지번,1,False
1123010700102350004,서울특별시 동대문구 청량리동,서울특별시 동대문구 왕산로 225 (청량리동),근린생활1,제1종근린생활시설,1007120455,지번,1,False
1123010600104310002,서울특별시 동대문구 장안동,서울특별시 동대문구 장한로 27 (장안동),근린생활2,제2종근린생활시설,100719302,지번,1,False
1123010500100010174,서울특별시 동대문구 답십리동,서울특별시 동대문구 한천로37길 23 (답십리동),근린생활2,제2종근린생활시설,1007121228,지번,1,False
1123011000102640167,서울특별시 동대문구 이문동,서울특별시 동대문구 천장산로 26-2 (이문동),근린생활1,제1종근린생활시설,1007131991,지번,1,False
1123010500104980003,서울특별시 동대문구 답십리동,서울특별시 동대문구 고미술로 12 (답십리동),근린생활2,제2종근린생활시설,1007132929,지번,1,False
1123010400105970038,서울특별시 동대문구 전농동,서울특별시 동대문구 왕산로 228 (전농동),근린생활2,제2종근린생활시설,1007116033,지번,1,False
1123010600103450014,서울특별시 동대문구 장안동,서울특별시 동대문구 장한로22길 19 (장안동),근린생활2,제2종근린생활시설,1007123279,지번,1,False
1123010300108250006,서울특별시 동대문구 제기동,서울특별시 동대문구 약령중앙로 60 (제기동),근린생활1,제1종근린생활시설,100719611,지번,1,False
1123010200101290373,서울특별시 동대문구 용두동,서울특별시 동대문구 무학로20길 37 (용두동),근린생활1,제1종근린생활시설,1007114323,지번,1,False
1123010600102390031,서울특별시 동대문구 장안동,서울특별시 동대문구 한천로6가길 3 (장안동),근린생활1,제1종근린생활시설,1007114386,지번,1,False
1123010200101290162,서울특별시 동대문구 용두동,서울특별시 동대문구 천호대로16가길 4 (용두동),근린생활2,제2종근린생활시설,1007117956,지번,1,False
1123010600101050011,서울특별시 동대문구 장안동,서울특별시 동대문구 답십리로63길 125 (장안동),근린생활1,제1종근린생활시설,100719042,지번,1,False
1123010300109880013,서울특별시 동대문구 제기동,서울특별시 동대문구 고산자로38길 31-10 (제기동),근린생활2,제2종근린생활시설,1007127160,지번,1,False
1123010700100500027,서울특별시 동대문구 청량리동,서울특별시 동대문구 왕산로43길 10 (청량리동),근린생활1,제1종근린생활시설,1007115712,지번,1,False
1123010500105420001,서울특별시 동대문구 답십리동,서울특별시 동대문구 황물로 42 (답십리동),근린생활2,제2종근린생활시설,1007126269,지번,1,False
1123010900102690009,서울특별시 동대문구 휘경동,서울특별시 동대문구 망우로 77 (휘경동),근린생활1,제1종근린생활시설,1007125565,지번,1,False
1123010900100720007,서울특별시 동대문구 휘경동,서울특별시 동대문구 망우로 117 (휘경동),근린생활1,제1종근린생활시설,1007132834,지번,1,False
1123010800100750000,서울특별시 동대문구 회기동,서울특별시 동대문구 이문로 17-26 (회기동),근린생활1,제1종근린생활시설,1007111149,지번,1,False
1123010600103780001,서울특별시 동대문구 장안동,서울특별시 동대문구 장한로17길 25 (장안동),근린생활2,제2종근린생활시설,1007117928,지번,1,False
1123010600103050014,서울특별시 동대문구 장안동,서울특별시 동대문구 장한로27가길 40 (장안동),근린생활1,제1종근린생활시설,100712803,지번,2,False
1123010600103410002,서울특별시 동대문구 장안동,서울특별시 동대문구 장한로24길 30-2 (장안동),근린생활1,제1종근린생활시설,1007112250,지번,1,False
1123010500100590010,서울특별시 동대문구 답십리동,,근린생활1,제1종근린생활시설,100716222,지번,1,False
1123010600101410010,서울특별시 동대문구 장안동,서울특별시 동대문구 답십리로 237 (장안동),근린생활2,제2종근린생활시설,1007116874,지번,1,False
1123010500105300024,서울특별시 동대문구 답십리동,서울특별시 동대문구 고미술로 93 (답십리동),근린생활1,제1종근린생활시설,1007131057,지번,1,False
1123011000100640000,서울특별시 동대문구 이문동,서울특별시 동대문구 한천로58길 47 (이문동),근린생활2,제2종근린생활시설,100713244,지번,17,False
1123010300102890006,서울특별시 동대문구 제기동,서울특별시 동대문구 제기로 68 (제기동),근린생활1,제1종근린생활시설,1007121034,지번,1,False
1123010800100540109,서울특별시 동대문구 회기동,서울특별시 동대문구 회기로23길 14 (회기동),근린생활2,제2종근린생활시설,1007125142,지번,1,False
1123010700100370009,서울특별시 동대문구 청량리동,서울특별시 동대문구 제기로 150-6 (청량리동),근린생활1,제1종근린생활시설,100719126,지번,1,False
1123010200101180085,서울특별시 동대문구 용두동,서울특별시 동대문구 무학로 114-1 (용두동),근린생활1,제1종근린생활시설,1007119329,지번,1,False
1123010500104900123,서울특별시 동대문구 답십리동,서울특별시 동대문구 전농로 21 (답십리동),근린생활1,제1종근린생활시설,1007125978,지번,1,False
1123010400102950030,서울특별시 동대문구 전농동,서울특별시 동대문구 전농로 130 (전농동),근린생활2,제2종근린생활시설,1007120378,지번,1,False
1123011000101050010,서울특별시 동대문구 이문동,서울특별시 동대문구 한천로 415 (이문동),근린생활1,제1종근린생활시설,1007134577,지번,1,False
1123010200100900001,서울특별시 동대문구 용두동,서울특별시 동대문구 왕산로 118 (용두동),근린생활2,제2종근린생활시설,1007111538,지번,1,False
1123010100101030006,서울특별시 동대문구 신설동,서울특별시 동대문구 천호대로 14 (신설동),근린생활2,제2종근린생활시설,1007132291,지번,1,False
1123011000102880055,서울특별시 동대문구 이문동,서울특별시 동대문구 이문로28길 9 (이문동),근린생활1,제1종근린생활시설,1007126750,지번,1,False
1123010300103410000,서울특별시 동대문구 제기동,,근린생활1,단독주택,100715238,지번,28,True
1123010300103410000,서울특별시 동대문구 제기동,,근린생활1,단독주택,100715242,지번,28,True
1123010300103410000,서울특별시 동대문구 제기동,,근린생활1,단독주택,100715245,지번,28,True
1123010300103410000,서울특별시 동대문구 제기동,,근린생활1,단독주택,100715247,지번,28,True
1123010300103410000,서울특별시 동대문구 제기동,,근린생활1,단독주택,100715250,지번,28,True
1123010300103410000,서울특별시 동대문구 제기동,,근린생활1,단독주택,100715258,지번,28,True
1123010300103410000,서울특별시 동대문구 제기동,,근린생활1,단독주택,100715260,지번,28,True
1123010300103410000,서울특별시 동대문구 제기동,,근린생활1,단독주택,100715265,지번,28,True
1123010300103410000,서울특별시 동대문구 제기동,,근린생활1,단독주택,100715280,지번,28,True
1123010300103410000,서울특별시 동대문구 제기동,,근린생활1,단독주택,100715283,지번,28,True
1123010300103410000,서울특별시 동대문구 제기동,,근린생활1,단독주택,100715290,지번,28,True
1123010300103410000,서울특별시 동대문구 제기동,,근린생활1,단독주택,100715294,지번,28,True
1123010300103410000,서울특별시 동대문구 제기동,,근린생활1,단독주택,100715297,지번,28,True
1123010300103410000,서울특별시 동대문구 제기동,,근린생활1,단독주택,100715300,지번,28,True
1123010300103410000,서울특별시 동대문구 제기동,,근린생활1,단독주택,100715310,지번,28,True
1123010300103410000,서울특별시 동대문구 제기동,,근린생활1,단독주택,100715315,지번,28,True
1123010300103410000,서울특별시 동대문구 제기동,,근린생활1,단독주택,100715319,지번,28,True
1123010300103410000,서울특별시 동대문구 제기동,,근린생활1,단독주택,100715323,지번,28,True
1123010300103410000,서울특별시 동대문구 제기동,,근린생활1,단독주택,100715338,지번,28,True
1123010300103410000,서울특별시 동대문구 제기동,,근린생활1,단독주택,100715339,지번,28,True
1123010300103410000,서울특별시 동대문구 제기동,,근린생활1,단독주택,100715340,지번,28,True
1123010300103410000,서울특별시 동대문구 제기동,,근린생활1,단독주택,100715344,지번,28,True
1123010300103410000,서울특별시 동대문구 제기동,,근린생활1,단독주택,100715350,지번,28,True
1123010300103410000,서울특별시 동대문구 제기동,,근린생활1,단독주택,100715352,지번,28,True
1123010300103410000,서울특별시 동대문구 제기동,,근린생활1,단독주택,100715360,지번,28,True
1123010300103410000,서울특별시 동대문구 제기동,,근린생활1,단독주택,100715363,지번,28,True
1123010300103410000,서울특별시 동대문구 제기동,,근린생활1,단독주택,100715366,지번,28,True
1123010300103410000,서울특별시 동대문구 제기동,,근린생활1,단독주택,100715368,지번,28,True
1123010500105420009,서울특별시 동대문구 답십리동,서울특별시 동대문구 황물로 62 (답십리동),근린생활1,제1종근린생활시설,1007120236,지번,1,False
1123010400105300068,서울특별시 동대문구 전농동,서울특별시 동대문구 답십리로23길 59 (전농동),근린생활1,제1종근린생활시설,1007136779,지번,1,False
1123010800100420049,서울특별시 동대문구 회기동,서울특별시 동대문구 경희대로1길 8-15 (회기동),근린생활2,제2종근린생활시설,1007124407,지번,1,False
1123010600101690002,서울특별시 동대문구 장안동,서울특별시 동대문구 답십리로66길 32 (장안동),근린생활1,제1종근린생활시설,1007121825,지번,1,False
1123010500102460023,서울특별시 동대문구 답십리동,서울특별시 동대문구 답십리로 150 (답십리동),근린생활2,제2종근린생활시설,1007130844,지번,1,False
1123010300109820001,서울특별시 동대문구 제기동,서울특별시 동대문구 약령중앙로 30 (제기동),근린생활1,제1종근린생활시설,1007136434,지번,1,False
1123010200101180051,서울특별시 동대문구 용두동,서울특별시 동대문구 천호대로17길 19 (용두동),근린생활2,제2종근린생활시설,1007135347,지번,1,False
1123010700100500001,서울특별시 동대문구 청량리동,서울특별시 동대문구 왕산로 253-1 (청량리동),근린생활1,제1종근린생활시설,1007125940,지번,1,False
1123010900101910021,서울특별시 동대문구 휘경동,서울특별시 동대문구 회기로31가길 19 (휘경동),근린생활2,제2종근린생활시설,10071100196609,지번,1,False
1123011000103040025,서울특별시 동대문구 이문동,서울특별시 동대문구 휘경로 23 (이문동),근린생활2,제2종근린생활시설,1007129376,지번,1,False
1123010100101140049,서울특별시 동대문구 신설동,서울특별시 동대문구 난계로28길 48 (신설동),근린생활1,제1종근린생활시설,1007133900,지번,1,False
1123011000103040015,서울특별시 동대문구 이문동,서울특별시 동대문구 휘경로3길 11-2 (이문동),근린생활1,제1종근린생활시설,1007134874,지번,1,False
1123010600104650009,서울특별시 동대문구 장안동,서울특별시 동대문구 천호대로 437-1 (장안동),근린생활2,제2종근린생활시설,10071100187633,지번,1,False
1123010400100380004,서울특별시 동대문구 전농동,서울특별시 동대문구 사가정로 147 (전농동),근린생활2,제2종근린생활시설,1007126190,지번,1,False
1123010500104720056,서울특별시 동대문구 답십리동,서울특별시 동대문구 답십리로30길 15 (답십리동),근린생활1,제1종근린생활시설,1007111353,지번,1,False
1123010300108890038,서울특별시 동대문구 제기동,서울특별시 동대문구 약령중앙로 35-8 (제기동),근린생활1,제1종근린생활시설,1007112613,지번,1,False
1123010600102180009,서울특별시 동대문구 장안동,서울특별시 동대문구 한천로10길 22 (장안동),근린생활1,제1종근린생활시설,1007120001,지번,2,False
1123010100100220000,서울특별시 동대문구 신설동,서울특별시 동대문구 한빛로 26-1 (신설동),근린생활1,제1종근린생활시설,1007127029,지번,1,False
1123011000102550282,서울특별시 동대문구 이문동,서울특별시 동대문구 이문로 184 (이문동),근린생활2,제2종근린생활시설,1007125514,지번,1,False
1123010500104960001,서울특별시 동대문구 답십리동,서울특별시 동대문구 천호대로 265 (답십리동),근린생활2,제2종근린생활시설,1007131454,지번,1,False
1123010400101240002,서울특별시 동대문구 전농동,서울특별시 동대문구 서울시립대로 147 (전농동),근린생활2,제2종근린생활시설,1007118596,지번,1,False
1123010400101130011,서울특별시 동대문구 전농동,서울특별시 동대문구 망우로4길 8 (전농동),근린생활2,제2종근린생활시설,100715116,지번,1,False
1123010300111090008,서울특별시 동대문구 제기동,서울특별시 동대문구 약령중앙로4길 7-1 (제기동),근린생활1,제1종근린생활시설,1007120226,지번,1,False
1123010100100890047,서울특별시 동대문구 신설동,서울특별시 동대문구 왕산로 21-9 (신설동),근린생활2,제2종근린생활시설,1007135002,지번,1,False
1123010600104010009,서울특별시 동대문구 장안동,,근린생활1,제1종근린생활시설,1007120043,지번,1,False
1123010600103060005,서울특별시 동대문구 장안동,서울특별시 동대문구 장한로27길 8 (장안동),근린생활2,제2종근린생활시설,1007131600,지번,1,False
1123010600101180035,서울특별시 동대문구 장안동,서울특별시 동대문구 한천로 180 (장안동),근린생활1,제1종근린생활시설,1007112075,지번,1,False
1123010600101390007,서울특별시 동대문구 장안동,서울특별시 동대문구 답십리로 243 (장안동),근린생활1,제1종근린생활시설,100715856,지번,1,False
1123010200102210002,서울특별시 동대문구 용두동,서울특별시 동대문구 왕산로9길 28 (용두동),근린생활1,제1종근린생활시설,1007119923,지번,1,False
1123010700100320000,서울특별시 동대문구 청량리동,서울특별시 동대문구 왕산로43가길 52 (청량리동),근린생활1,제1종근린생활시설,1007117308,지번,1,False
1123010800100160011,서울특별시 동대문구 회기동,서울특별시 동대문구 회기로21길 23 (회기동),근린생활1,제1종근린생활시설,1007129107,지번,1,False
1123010700106140000,서울특별시 동대문구 청량리동,서울특별시 동대문구 약령시로17길 34 (청량리동),근린생활1,제1종근린생활시설,1007114632,지번,1,False
1123011000102640407,서울특별시 동대문구 이문동,서울특별시 동대문구 천장산로7길 56 (이문동),근린생활2,제2종근린생활시설,1007134662,지번,1,False
1123010200107870000,서울특별시 동대문구 용두동,서울특별시 동대문구 왕산로 128 (용두동),판매시설,판매시설,1007136456,지번,1,False
1123010600104160005,서울특별시 동대문구 장안동,서울특별시 동대문구 장한로 3 (장안동),근린생활1,제1종근린생활시설,1007112111,지번,1,False
1123010200100200036,서울특별시 동대문구 용두동,서울특별시 동대문구 고산자로34길 28-1 (용두동),근린생활1,제1종근린생활시설,100712901,지번,4,False
1123010300104330005,서울특별시 동대문구 제기동,서울특별시 동대문구 약령시로 95 (제기동),근린생활1,제1종근린생활시설,100715371,지번,2,False
1123010300104330005,서울특별시 동대문구 제기동,서울특별시 동대문구 약령시로 95 (제기동),근린생활1,제1종근린생활시설,100715372,지번,2,False
1123010300103580000,서울특별시 동대문구 제기동,서울특별시 동대문구 경동시장로 64-1 (제기동),근린생활2,제2종근린생활시설,1007134518,지번,1,False
1123010300103790000,서울특별시 동대문구 제기동,서울특별시 동대문구 경동시장로 62 (제기동),근린생활1,제1종근린생활시설,100718267,지번,1,False
1123010200100390702,서울특별시 동대문구 용두동,서울특별시 동대문구 천호대로29길 32 (용두동),근린생활1,제1종근린생활시설,1007117693,지번,1,False
1123010300101370019,서울특별시 동대문구 제기동,서울특별시 동대문구 안암로 160 (제기동),근린생활1,제1종근린생활시설,1007121942,지번,1,False
1123010300109440003,서울특별시 동대문구 제기동,서울특별시 동대문구 고산자로 465-1 (제기동),근린생활1,제1종근린생활시설,1007114557,지번,1,False
1123010800100450099,서울특별시 동대문구 회기동,서울특별시 동대문구 회기로21길 8-10 (회기동),근린생활1,제1종근린생활시설,1007123206,지번,1,False
1123011000103240034,서울특별시 동대문구 이문동,서울특별시 동대문구 이문로 79 (이문동),근린생활2,제2종근린생활시설,10071100200625,지번,1,False
1123010700107380000,서울특별시 동대문구 청량리동,서울특별시 동대문구 홍릉로 13 (청량리동),판매시설,판매시설,100719366,지번,1,False
1123010800100450095,서울특별시 동대문구 회기동,서울특별시 동대문구 회기로21길 8-14 (회기동),근린생활1,제1종근린생활시설,1007124031,지번,1,False
1123010900103120034,서울특별시 동대문구 휘경동,서울특별시 동대문구 망우로 19 (휘경동),근린생활2,제2종근린생활시설,1007121692,지번,1,False
1123010900102670084,서울특별시 동대문구 휘경동,서울특별시 동대문구 망우로 66 (휘경동),근린생활2,제2종근린생활시설,1007112519,지번,1,False
1123010400101030018,서울특별시 동대문구 전농동,서울특별시 동대문구 전농로38길 48 (전농동),근린생활2,제2종근린생활시설,10071100183206,지번,1,False
1123010400106480068,서울특별시 동대문구 전농동,서울특별시 동대문구 답십리로 64 (전농동),근린생활1,제1종근린생활시설,10071100202581,지번,1,False
1123010400106020030,서울특별시 동대문구 전농동,서울특별시 동대문구 왕산로 256 (전농동),근린생활1,제1종근린생활시설,1007131387,지번,1,False
1123010800103460007,서울특별시 동대문구 회기동,서울특별시 동대문구 이문로 29 (회기동),근린생활1,제1종근린생활시설,1007131524,지번,1,False
1123010200102540010,서울특별시 동대문구 용두동,서울특별시 동대문구 천호대로12길 24 (용두동),근린생활1,제1종근린생활시설,1007123855,지번,1,False
1123010900103210026,서울특별시 동대문구 휘경동,서울특별시 동대문구 이문로 38 (휘경동),근린생활2,제2종근린생활시설,10071100200665,지번,1,False
1123010900101870004,서울특별시 동대문구 휘경동,서울특별시 동대문구 이문로 62 (휘경동),근린생활1,제1종근린생활시설,1007116188,지번,1,False
1123011000102640205,서울특별시 동대문구 이문동,서울특별시 동대문구 천장산로 39 (이문동),근린생활2,제2종근린생활시설,1007119072,지번,1,False
1123010700102660000,서울특별시 동대문구 청량리동,서울특별시 동대문구 왕산로 207 (청량리동),근린생활2,제2종근린생활시설,1007117045,지번,1,False
1123010400100600019,서울특별시 동대문구 전농동,서울특별시 동대문구 전농로16길 3 (전농동),근린생활1,제1종근린생활시설,1007127815,지번,1,False
1123010800101090096,서울특별시 동대문구 회기동,서울특별시 동대문구 경희대로1나길 50 (회기동),근린생활2,제2종근린생활시설,1007131107,지번,1,False
1123010500100020294,서울특별시 동대문구 답십리동,서울특별시 동대문구 답십리로 210-3 (답십리동),근린생활1,제1종근린생활시설,1007110593,지번,1,False
1123010600104310006,서울특별시 동대문구 장안동,서울특별시 동대문구 천호대로83길 44 (장안동),근린생활1,제1종근린생활시설,1007113712,지번,1,False
1123010600103070004,서울특별시 동대문구 장안동,서울특별시 동대문구 장한로 137 (장안동),근린생활1,제1종근린생활시설,1007114197,지번,1,False
1123011000103050073,서울특별시 동대문구 이문동,서울특별시 동대문구 휘경로2길 3 (이문동),근린생활1,제1종근린생활시설,1007135329,지번,1,False
1123010100101040015,서울특별시 동대문구 신설동,서울특별시 동대문구 천호대로4길 19-9 (신설동),근린생활2,제2종근린생활시설,1007123040,지번,1,False
1123011000103240004,서울특별시 동대문구 이문동,서울특별시 동대문구 이문로 85 (이문동),근린생활2,제2종근린생활시설,100719545,지번,1,False
1123010600102370038,서울특별시 동대문구 장안동,서울특별시 동대문구 한천로 38 (장안동),근린생활2,제2종근린생활시설,1007122745,지번,1,False
1123010800100450060,서울특별시 동대문구 회기동,서울특별시 동대문구 회기로 157 (회기동),근린생활1,제1종근린생활시설,1007129057,지번,1,False
1123010100100910226,서울특별시 동대문구 신설동,서울특별시 동대문구 왕산로 33 (신설동),근린생활2,제2종근린생활시설,1007136893,지번,1,False
1123010600103900025,서울특별시 동대문구 장안동,서울특별시 동대문구 답십리로66길 49 (장안동),근린생활1,제1종근린생활시설,100719138,지번,1,False
1123010400106550034,서울특별시 동대문구 전농동,서울특별시 동대문구 답십리로 99 (전농동),근린생활1,제1종근린생활시설,1007118216,지번,1,False
1123010600104660016,서울특별시 동대문구 장안동,서울특별시 동대문구 장한로2길 70 (장안동),근린생활2,제2종근린생활시설,1007124122,지번,1,False
1123010700103180006,서울특별시 동대문구 청량리동,서울특별시 동대문구 홍릉로 34-1 (청량리동),근린생활2,단독주택,1007127080,지번,1,False
1123010400105300027,서울특별시 동대문구 전농동,서울특별시 동대문구 답십리로23길 60-1 (전농동),근린생활1,제1종근린생활시설,1007119094,지번,1,False
1123010500104970005,서울특별시 동대문구 답십리동,서울특별시 동대문구 천호대로67길 8-5 (답십리동),근린생활2,단독주택,1007132801,지번,1,False
1123010400101030075,서울특별시 동대문구 전농동,서울특별시 동대문구 전농로36나길 10 (전농동),근린생활1,제1종근린생활시설,1007118693,지번,1,False
1123010600103140008,서울특별시 동대문구 장안동,서울특별시 동대문구 사가정로 252 (장안동),근린생활1,제1종근린생활시설,1007123069,지번,1,False
1123010800100650086,서울특별시 동대문구 회기동,서울특별시 동대문구 이문로1길 30 (회기동),근린생활2,제2종근린생활시설,10071100190017,지번,1,False
1123010600103880000,서울특별시 동대문구 장안동,서울특별시 동대문구 답십리로66길 3 (장안동),근린생활1,제1종근린생활시설,100719865,지번,1,False
1123010200100390169,서울특별시 동대문구 용두동,서울특별시 동대문구 답십리로8길 4 (용두동),근린생활2,제2종근린생활시설,1007126264,지번,1,False
1123010600101080023,서울특별시 동대문구 장안동,,근린생활2,제2종근린생활시설,1007127461,지번,1,False
1123010700102680000,서울특별시 동대문구 청량리동,서울특별시 동대문구 왕산로 205 (청량리동),근린생활1,제1종근린생활시설,1007123825,지번,1,False
1123010500107550000,서울특별시 동대문구 답십리동,서울특별시 동대문구 한천로 107-8 (답십리동),근린생활2,제2종근린생활시설,100718411,지번,1,False
1123010300101480025,서울특별시 동대문구 제기동,서울특별시 동대문구 무학로42길 39 (제기동),근린생활2,제2종근린생활시설,1007135807,지번,1,False
1123010400100010205,서울특별시 동대문구 전농동,서울특별시 동대문구 한천로 242 (전농동),근린생활1,제1종근린생활시설,10071100200685,지번,1,False
1123010500100100000,서울특별시 동대문구 답십리동,서울특별시 동대문구 한천로11길 10-1 (답십리동),근린생활2,제2종근린생활시설,100716469,지번,9,False
1123010400102700028,서울특별시 동대문구 전농동,서울특별시 동대문구 전농로17길 19-13 (전농동),근린생활1,제1종근린생활시설,1007129728,지번,1,False
1123011000102640293,서울특별시 동대문구 이문동,서울특별시 동대문구 천장산로7길 19 (이문동),근린생활2,제2종근린생활시설,1007115607,지번,1,False
1123011000101200001,서울특별시 동대문구 이문동,서울특별시 동대문구 외대역동로 114-1 (이문동),근린생활1,제1종근린생활시설,1007136036,지번,1,False
1123010600103680001,서울특별시 동대문구 장안동,서울특별시 동대문구 답십리로 288 (장안동),근린생활1,제1종근린생활시설,1007133688,지번,1,False
1123011000102570686,서울특별시 동대문구 이문동,서울특별시 동대문구 이문로 143-1 (이문동),근린생활2,제2종근린생활시설,1007136422,지번,1,False
1123010600104940000,서울특별시 동대문구 장안동,서울특별시 동대문구 한천로 154 (장안동),근린생활1,제1종근린생활시설,1007126481,지번,1,False
1123010100101140024,서울특별시 동대문구 신설동,서울특별시 동대문구 청계천로1가길 18 (신설동),근린생활1,제1종근린생활시설,100719913,지번,1,False
1123010200102320001,서울특별시 동대문구 용두동,서울특별시 동대문구 한빛로 58-2 (용두동),근린생활1,제1종근린생활시설,1007122153,지번,1,False
1123010200101270016,서울특별시 동대문구 용두동,서울특별시 동대문구 무학로 104 (용두동),근린생활2,제1종근린생활시설,1007124180,지번,1,False
1123010600104070012,서울특별시 동대문구 장안동,서울특별시 동대문구 천호대로77길 42-1 (장안동),근린생활1,제1종근린생활시설,1007129214,지번,1,False
1123010600103240001,서울특별시 동대문구 장안동,서울특별시 동대문구 답십리로69길 55 (장안동),근린생활2,제2종근린생활시설,1007111872,지번,1,False
1123010200100380019,서울특별시 동대문구 용두동,서울특별시 동대문구 고산자로 393-1 (용두동),근린생활2,제1종근린생활시설,100711658,지번,2,False
1123010200100380019,서울특별시 동대문구 용두동,서울특별시 동대문구 고산자로 393-1 (용두동),근린생활2,제2종근린생활시설,100711661,지번,2,False
1123010700106710000,서울특별시 동대문구 청량리동,서울특별시 동대문구 홍릉로 37-1 (청량리동),근린생활2,제2종근린생활시설,1007120298,지번,1,False
1123010500100970018,서울특별시 동대문구 답십리동,서울특별시 동대문구 전농로 114 (답십리동),근린생활2,제2종근린생활시설,1007129551,지번,1,False
1123010600102940007,서울특별시 동대문구 장안동,서울특별시 동대문구 장한로27길 37 (장안동),근린생활1,제1종근린생활시설,1007128217,지번,1,False
1123010500100120148,서울특별시 동대문구 답십리동,서울특별시 동대문구 한천로11길 31 (답십리동),근린생활1,제1종근린생활시설,1007120346,지번,1,False
1123010700107550000,서울특별시 동대문구 청량리동,서울특별시 동대문구 왕산로 191 (청량리동),근린생활1,제1종근린생활시설,1007123844,지번,1,False
1123011000102880020,서울특별시 동대문구 이문동,서울특별시 동대문구 이문로30길 10 (이문동),근린생활2,제2종근린생활시설,1007126959,지번,1,False
1123010900103120017,서울특별시 동대문구 휘경동,서울특별시 동대문구 망우로 21 (휘경동),근린생활1,제1종근린생활시설,100716750,지번,1,False
1123011000102880022,서울특별시 동대문구 이문동,서울특별시 동대문구 휘경로 3-10 (이문동),근린생활2,제2종근린생활시설,1007125966,지번,1,False
1123010200102380007,서울특별시 동대문구 용두동,서울특별시 동대문구 천호대로13길 13 (용두동),근린생활1,제1종근린생활시설,1007127713,지번,1,False
1123011000102880021,서울특별시 동대문구 이문동,서울특별시 동대문구 휘경로 3-12 (이문동),근린생활2,제2종근린생활시설,1007135087,지번,1,False
1123010400101240069,서울특별시 동대문구 전농동,서울특별시 동대문구 전농로 209 (전농동),근린생활2,제2종근린생활시설,1007117918,지번,1,False
1123010500102480014,서울특별시 동대문구 답십리동,서울특별시 동대문구 전농로 79-30 (답십리동),근린생활1,제1종근린생활시설,1007114449,지번,1,False
1123011000103040018,서울특별시 동대문구 이문동,서울특별시 동대문구 휘경로5길 7 (이문동),근린생활2,제2종근린생활시설,10071100193142,지번,1,False
1123011000102880040,서울특별시 동대문구 이문동,서울특별시 동대문구 휘경로2길 4 (이문동),근린생활1,제1종근린생활시설,1007134594,지번,1,False
1123010300108860018,서울특별시 동대문구 제기동,서울특별시 동대문구 약령중앙로 55 (제기동),근린생활1,제1종근린생활시설,1007111886,지번,1,False
1123010600104100001,서울특별시 동대문구 장안동,서울특별시 동대문구 한천로6길 14 (장안동),근린생활1,제1종근린생활시설,1007134922,지번,1,False
1123010200102340040,서울특별시 동대문구 용두동,서울특별시 동대문구 무학로 133 (용두동),근린생활1,제1종근린생활시설,1007126293,지번,1,False
1123010200101180079,서울특별시 동대문구 용두동,서울특별시 동대문구 천호대로17길 3 (용두동),근린생활2,제2종근린생활시설,1007128802,지번,1,False
1123010500100530006,서울특별시 동대문구 답십리동,,근린생활1,단독주택,1007118547,지번,1,False
1123010600104180011,서울특별시 동대문구 장안동,서울특별시 동대문구 한천로2길 89 (장안동),근린생활2,제2종근린생활시설,1007125738,지번,1,False
1123010900103190055,서울특별시 동대문구 휘경동,서울특별시 동대문구 회기로 194-1 (휘경동),근린생활2,제2종근린생활시설,1007133111,지번,1,False
1123010800103470006,서울특별시 동대문구 회기동,서울특별시 동대문구 회기로25길 4 (회기동),근린생활2,제2종근린생활시설,1007110380,지번,1,False
1123010600104350001,서울특별시 동대문구 장안동,서울특별시 동대문구 장한로 48 (장안동),근린생활1,제1종근린생활시설,100719815,지번,1,False
1123010600101410005,서울특별시 동대문구 장안동,서울특별시 동대문구 답십리로64길 8 (장안동),근린생활2,제2종근린생활시설,1007129737,지번,1,False
1123010300105180000,서울특별시 동대문구 제기동,서울특별시 동대문구 왕산로35길 61 (제기동),근린생활1,제1종근린생활시설,1007126479,지번,1,False
1123010200106960001,서울특별시 동대문구 용두동,서울특별시 동대문구 정릉천동로 29 (용두동),근린생활1,제1종근린생활시설,10071100187466,지번,1,False
1123010200101190049,서울특별시 동대문구 용두동,,근린생활2,제2종근린생활시설,1007127552,지번,1,False
1123010100101030013,서울특별시 동대문구 신설동,서울특별시 동대문구 난계로30길 31 (신설동),근린생활1,제1종근린생활시설,1007120514,지번,1,False
1123010600103000000,서울특별시 동대문구 장안동,서울특별시 동대문구 장한로 191 (장안동),근린생활2,제2종근린생활시설,100714985,지번,4,False
1123010500109900003,서울특별시 동대문구 답십리동,서울특별시 동대문구 답십리로56길 15 (답십리동),근린생활2,제2종근린생활시설,1007117060,지번,1,False
1123011000102880025,서울특별시 동대문구 이문동,서울특별시 동대문구 휘경로 5 (이문동),근린생활1,제1종근린생활시설,100718046,지번,1,False
1123010600103910015,서울특별시 동대문구 장안동,서울특별시 동대문구 한천로26길 48-1 (장안동),근린생활2,제2종근린생활시설,1007113677,지번,1,False
1123010200101300018,서울특별시 동대문구 용두동,서울특별시 동대문구 한빛로 74 (용두동),근린생활2,제2종근린생활시설,10071100201433,지번,1,False
1123010900101480032,서울특별시 동대문구 휘경동,서울특별시 동대문구 휘경로 63 (휘경동),근린생활2,제2종근린생활시설,1007136126,지번,1,False
1123010100100970034,서울특별시 동대문구 신설동,서울특별시 동대문구 왕산로2길 23 (신설동),근린생활2,제2종근린생활시설,1007134623,지번,1,False
1123010400100010070,서울특별시 동대문구 전농동,서울특별시 동대문구 한천로33길 61 (전농동),근린생활2,제2종근린생활시설,1007120723,지번,1,False
1123010600102160011,서울특별시 동대문구 장안동,서울특별시 동대문구 천호대로77길 89 (장안동),근린생활2,제2종근린생활시설,1007128882,지번,1,False
1123010800100420084,서울특별시 동대문구 회기동,서울특별시 동대문구 경희대로 9-1 (회기동),근린생활2,제2종근린생활시설,1007122242,지번,1,False
1123010300111580021,서울특별시 동대문구 제기동,서울특별시 동대문구 왕산로19마길 15 (제기동),근린생활1,제1종근린생활시설,100718551,지번,1,False
1123010500102560012,서울특별시 동대문구 답십리동,서울특별시 동대문구 전농로3길 56 (답십리동),근린생활1,제1종근린생활시설,1007122247,지번,1,False
1123010600103970010,서울특별시 동대문구 장안동,서울특별시 동대문구 한천로14길 63 (장안동),근린생활1,제1종근린생활시설,1007128724,지번,1,False
1123010100100760044,서울특별시 동대문구 신설동,서울특별시 동대문구 왕산로 7 (신설동),근린생활1,제1종근린생활시설,1007119836,지번,1,False
1123010800100160078,서울특별시 동대문구 회기동,서울특별시 동대문구 회기로21길 8-13 (회기동),근린생활2,제2종근린생활시설,1007118371,지번,1,False
1123010300106520002,서울특별시 동대문구 제기동,서울특별시 동대문구 왕산로 171 (제기동),근린생활1,제1종근린생활시설,1007135049,지번,1,False
1123010600103650002,서울특별시 동대문구 장안동,서울특별시 동대문구 장한로22길 8 (장안동),근린생활2,제2종근린생활시설,1007113866,지번,1,False
1123010600103080002,서울특별시 동대문구 장안동,서울특별시 동대문구 답십리로 287 (장안동),근린생활1,제1종근린생활시설,1007127561,지번,1,False
