PNU,지번주소,도로명주소,용도군_tier1,대장_주용도,mgmBldrgstPk,매칭
1165010800115850011,서울특별시 서초구 서초동,서울특별시 서초구 반포대로12길 6 (서초동),근린생활2,제2종근린생활시설,10231100190110,지번
1165010100109080008,서울특별시 서초구 방배동,서울특별시 서초구 방배로 88 (방배동),근린생활1,제1종근린생활시설,102314060,지번
1165010200103320005,서울특별시 서초구 양재동,서울특별시 서초구 강남대로8길 39-3 (양재동),근린생활2,제2종근린생활시설,102319401,지번
1165010100104510022,서울특별시 서초구 방배동,서울특별시 서초구 방배천로2안길 37 (방배동),근린생활2,제2종근린생활시설,102311120,지번
1165010800115650008,서울특별시 서초구 서초동,서울특별시 서초구 서초대로50길 94 (서초동),근린생활2,제2종근린생활시설,1023115810,지번
1165010100108140002,서울특별시 서초구 방배동,서울특별시 서초구 서초대로19길 114 (방배동),근린생활1,제1종근린생활시설,102312701,지번
1165010700107240023,서울특별시 서초구 반포동,서울특별시 서초구 사평대로55길 82-7 (반포동),근린생활2,제2종근린생활시설,1023112918,지번
1165010800113630006,서울특별시 서초구 서초동,서울특별시 서초구 강남대로37길 26 (서초동),근린생활2,제2종근린생활시설,10231100255614,지번
1165010200100200026,서울특별시 서초구 양재동,서울특별시 서초구 바우뫼로35길 9 (양재동),근린생활2,제2종근린생활시설,102318227,지번
1165010200103280010,서울특별시 서초구 양재동,서울특별시 서초구 강남대로10길 12 (양재동),근린생활2,제2종근린생활시설,102319380,지번
1165010200103650000,서울특별시 서초구 양재동,서울특별시 서초구 강남대로6길 108-4 (양재동),근린생활2,제2종근린생활시설,102319676,지번
1165010100104440015,서울특별시 서초구 방배동,서울특별시 서초구 동작대로 20 (방배동),근린생활1,제1종근린생활시설,102311036,지번
1165010100108680020,서울특별시 서초구 방배동,,근린생활2,제2종근린생활시설,102313552,지번
1165010200100120003,서울특별시 서초구 양재동,서울특별시 서초구 남부순환로350길 4 (양재동),근린생활1,제1종근린생활시설,102318100,지번
1165010200103170000,서울특별시 서초구 양재동,서울특별시 서초구 강남대로12길 23-15 (양재동),근린생활1,제1종근린생활시설,102319306,지번
1165010700100550009,서울특별시 서초구 반포동,서울특별시 서초구 고무래로8길 6 (반포동),근린생활1,제1종근린생활시설,1023112120,지번
1165010800116250012,서울특별시 서초구 서초동,서울특별시 서초구 사임당로8길 9 (서초동),근린생활2,제2종근린생활시설,1023116442,지번
1165010800116380011,서울특별시 서초구 서초동,서울특별시 서초구 서초중앙로22길 105 (서초동),근린생활2,제2종근린생활시설,1023116581,지번
1165010200102890006,서울특별시 서초구 양재동,서울특별시 서초구 논현로 31 (양재동),근린생활2,제2종근린생활시설,102319143,지번
1165010100108280004,서울특별시 서초구 방배동,서울특별시 서초구 방배천로30길 6 (방배동),근린생활2,제2종근린생활시설,102312945,지번
1165010100109080007,서울특별시 서초구 방배동,서울특별시 서초구 방배로 90 (방배동),근린생활2,제2종근린생활시설,10231100214093,지번
1165010600100630034,서울특별시 서초구 잠원동,서울특별시 서초구 신반포로33길 62 (잠원동),근린생활2,제2종근린생활시설,1023111925,지번
1165010600100630034,서울특별시 서초구 잠원동,서울특별시 서초구 신반포로33길 64 (잠원동),근린생활2,공동주택,1023111926,지번
1165010600100630034,서울특별시 서초구 잠원동,서울특별시 서초구 신반포로33길 64 (잠원동),근린생활2,공동주택,1023111927,지번
1165010200102420006,서울특별시 서초구 양재동,서울특별시 서초구 강남대로18길 15-5 (양재동),근린생활2,제2종근린생활시설,102318751,지번
1165010800114380016,서울특별시 서초구 서초동,서울특별시 서초구 효령로68길 32 (서초동),근린생활2,제2종근린생활시설,1023117432,지번
1165010200102650018,서울특별시 서초구 양재동,,근린생활2,제2종근린생활시설,102318933,지번
1165010200103010001,서울특별시 서초구 양재동,서울특별시 서초구 동산로19길 53 (양재동),근린생활2,제2종근린생활시설,102319221,지번
1165010800114850001,서울특별시 서초구 서초동,서울특별시 서초구 효령로46길 5 (서초동),근린생활1,제1종근린생활시설,1023115138,지번
1165010100108640033,서울특별시 서초구 방배동,서울특별시 서초구 도구로 117 (방배동),근린생활2,제2종근린생활시설,102313491,지번
1165010100109100001,서울특별시 서초구 방배동,서울특별시 서초구 방배로13길 7 (방배동),근린생활2,제2종근린생활시설,102314090,지번
1165010100107250000,서울특별시 서초구 방배동,서울특별시 서초구 방배로 268 (방배동),판매시설,판매시설,102316545,지번
1165010100107250000,서울특별시 서초구 방배동,서울특별시 서초구 방배로 270 (방배동),판매시설,공동주택,102316546,지번
1165010100107250000,서울특별시 서초구 방배동,서울특별시 서초구 방배로 270 (방배동),판매시설,공동주택,102316547,지번
1165010100107250000,서울특별시 서초구 방배동,서울특별시 서초구 방배로 270 (방배동),판매시설,공동주택,102316548,지번
1165010100107250000,서울특별시 서초구 방배동,서울특별시 서초구 방배로 270 (방배동),판매시설,공동주택,102316549,지번
1165010100107250000,서울특별시 서초구 방배동,서울특별시 서초구 방배로 270 (방배동),판매시설,공동주택,102316550,지번
1165010100107250000,서울특별시 서초구 방배동,서울특별시 서초구 방배로 270 (방배동),판매시설,공동주택,102316551,지번
1165010800113320004,서울특별시 서초구 서초동,서울특별시 서초구 사임당로 143 (서초동),근린생활1,제1종근린생활시설,1023117261,지번
1165010200100020030,서울특별시 서초구 양재동,서울특별시 서초구 남부순환로364길 7-24 (양재동),근린생활2,제2종근린생활시설,102317812,지번
1165010200100920001,서울특별시 서초구 양재동,서울특별시 서초구 양재천로23길 15 (양재동),근린생활2,제2종근린생활시설,102318407,지번
1165010800115550006,서울특별시 서초구 서초동,서울특별시 서초구 서초대로46길 19-7 (서초동),근린생활2,제2종근린생활시설,10231100222474,지번
1165010300106870000,서울특별시 서초구 우면동,서울특별시 서초구 성촌1길 12 (우면동),근린생활2,제2종근린생활시설,10231100238434,지번
1165010800113030010,서울특별시 서초구 서초동,서울특별시 서초구 사평대로56길 7 (서초동),근린생활2,제2종근린생활시설,1023117147,지번
1165010100107600002,서울특별시 서초구 방배동,서울특별시 서초구 방배중앙로 188 (방배동),근린생활1,제2종근린생활시설,102316578,지번
1165010100107600002,서울특별시 서초구 방배동,서울특별시 서초구 방배중앙로 196 (방배동),근린생활1,제1종근린생활시설,102316579,지번
1165010800113480013,서울특별시 서초구 서초동,서울특별시 서초구 효령로74길 36 (서초동),근린생활2,제2종근린생활시설,1023114427,지번
1165010600100510000,서울특별시 서초구 잠원동,서울특별시 서초구 잠원로 202-11 (잠원동),근린생활1,공동주택,1023111834,지번
1165010600100510000,서울특별시 서초구 잠원동,서울특별시 서초구 잠원로 204 (잠원동),근린생활1,제1종근린생활시설,1023111836,지번
1165010200100920005,서울특별시 서초구 양재동,서울특별시 서초구 양재천로23길 5 (양재동),근린생활1,제1종근린생활시설,102318410,지번
1165010700106120120,서울특별시 서초구 반포동,서울특별시 서초구 사평대로8길 8 (반포동),근린생활1,제1종근린생활시설,1023112559,지번
1165010200103530005,서울특별시 서초구 양재동,서울특별시 서초구 강남대로2길 3 (양재동),근린생활2,제2종근린생활시설,102319605,지번
1165010800115800005,서울특별시 서초구 서초동,서울특별시 서초구 서초대로48길 108 (서초동),근린생활2,제2종근린생활시설,1023115971,지번
1165010100104480003,서울특별시 서초구 방배동,서울특별시 서초구 방배천로2길 39-14 (방배동),근린생활2,제2종근린생활시설,102311054,지번
1165010700105370004,서울특별시 서초구 반포동,서울특별시 서초구 서래로10길 23 (반포동),근린생활2,제2종근린생활시설,1023112484,지번
1165010800115400001,서울특별시 서초구 서초동,서울특별시 서초구 서초대로40길 41 (서초동),근린생활1,제1종근린생활시설,1023115588,지번
1165010200102420004,서울특별시 서초구 양재동,서울특별시 서초구 강남대로18길 15-11 (양재동),근린생활2,제2종근린생활시설,102318749,지번
1165010800113180002,서울특별시 서초구 서초동,서울특별시 서초구 강남대로 405 (서초동),근린생활1,제1종근린생활시설,1023117221,지번
1165010100108240002,서울특별시 서초구 방배동,서울특별시 서초구 동광로 26 (방배동),근린생활2,제2종근린생활시설,102312896,지번
1165010600100120012,서울특별시 서초구 잠원동,,근린생활1,제1종근린생활시설,1023111219,지번
1165010200103130010,서울특별시 서초구 양재동,서울특별시 서초구 강남대로18길 16-7 (양재동),근린생활2,제2종근린생활시설,102319283,지번
1165010100107770005,서울특별시 서초구 방배동,서울특별시 서초구 방배중앙로 166 (방배동),근린생활2,제2종근린생활시설,102312241,지번
1165010800116310002,서울특별시 서초구 서초동,서울특별시 서초구 사임당로 106 (서초동),근린생활2,제2종근린생활시설,1023116555,지번
1165010700107350002,서울특별시 서초구 반포동,서울특별시 서초구 강남대로85길 21-8 (반포동),근린생활2,제2종근린생활시설,1023113163,지번
1165010800114400001,서울특별시 서초구 서초동,서울특별시 서초구 남부순환로339길 60 (서초동),근린생활2,제2종근린생활시설,1023114811,지번
1165010100107840017,서울특별시 서초구 방배동,서울특별시 서초구 방배중앙로21길 46 (방배동),근린생활2,제2종근린생활시설,10231100185228,지번
1165010800113020007,서울특별시 서초구 서초동,서울특별시 서초구 서운로26길 5 (서초동),근린생활2,제2종근린생활시설,1023114166,지번
1165010800117090005,서울특별시 서초구 서초동,서울특별시 서초구 서초대로45길 9 (서초동),근린생활2,제2종근린생활시설,1023117076,지번
1165010100108090007,서울특별시 서초구 방배동,서울특별시 서초구 서초대로25길 100 (방배동),근린생활2,제2종근린생활시설,102312631,지번
1165010700107140000,서울특별시 서초구 반포동,,근린생활2,제2종근린생활시설,1023112720,지번
1165010700100550003,서울특별시 서초구 반포동,서울특별시 서초구 고무래로 16 (반포동),근린생활1,제1종근린생활시설,1023112112,지번
1165010600100100046,서울특별시 서초구 잠원동,서울특별시 서초구 강남대로101안길 18-2 (잠원동),근린생활1,제1종근린생활시설,1023111190,지번
1165010200103440000,서울특별시 서초구 양재동,서울특별시 서초구 강남대로8길 40-45 (양재동),근린생활1,제1종근린생활시설,102319530,지번
1165010200100010013,서울특별시 서초구 양재동,서울특별시 서초구 남부순환로 2632 (양재동),근린생활1,제1종근린생활시설,102317790,지번
1165010800113640029,서울특별시 서초구 서초동,서울특별시 서초구 강남대로37길 56-18 (서초동),근린생활1,제1종근린생활시설,1023114636,지번
1165010700107230026,서울특별시 서초구 반포동,서울특별시 서초구 강남대로 509 (반포동),근린생활1,제1종근린생활시설,1000000000000003959141,지번
1165010700107230026,서울특별시 서초구 반포동,서울특별시 서초구 강남대로 509 (반포동),근린생활1,제1종근린생활시설,10231100243075,지번
1165010800114440018,서울특별시 서초구 서초동,서울특별시 서초구 효령로60길 23-14 (서초동),근린생활2,제2종근린생활시설,1023117449,지번
1165010600100190002,서울특별시 서초구 잠원동,서울특별시 서초구 나루터로12길 7 (잠원동),근린생활2,제2종근린생활시설,1023111269,지번
1165010700107050003,서울특별시 서초구 반포동,서울특별시 서초구 사평대로55길 145 (반포동),근린생활1,제1종근린생활시설,1023112637,지번
1165010700107480016,서울특별시 서초구 반포동,서울특별시 서초구 사평대로 373 (반포동),근린생활1,제1종근린생활시설,1023113353,지번
1165010800116230006,서울특별시 서초구 서초동,서울특별시 서초구 사임당로8길 38 (서초동),근린생활2,제2종근린생활시설,1023116419,지번
1165010800115450005,서울특별시 서초구 서초동,서울특별시 서초구 서초대로42길 96 (서초동),근린생활2,제2종근린생활시설,1023115622,지번
1165010100108140001,서울특별시 서초구 방배동,서울특별시 서초구 서초대로19길 120 (방배동),근린생활2,제2종근린생활시설,102312700,지번
1165010700107340026,서울특별시 서초구 반포동,서울특별시 서초구 사평대로55길 47 (반포동),근린생활1,제1종근린생활시설,1023113153,지번
1165010800114870006,서울특별시 서초구 서초동,서울특별시 서초구 효령로 208 (서초동),근린생활1,제1종근린생활시설,1023115174,지번
1165010800113630003,서울특별시 서초구 서초동,서울특별시 서초구 남부순환로347길 20 (서초동),근린생활2,제2종근린생활시설,1023114604,지번
1165010100109250010,서울특별시 서초구 방배동,서울특별시 서초구 방배로 115 (방배동),근린생활1,제1종근린생활시설,102314323,지번
1165010800113020036,서울특별시 서초구 서초동,서울특별시 서초구 서운로26길 9 (서초동),근린생활2,제2종근린생활시설,10231100242674,지번
1165010800116240009,서울특별시 서초구 서초동,서울특별시 서초구 서초중앙로12길 3 (서초동),근린생활2,제2종근린생활시설,1023116431,지번
1165010100109070010,서울특별시 서초구 방배동,서울특별시 서초구 효령로33길 55 (방배동),근린생활1,제1종근린생활시설,10231100226414,지번
1165010800113050000,서울특별시 서초구 서초동,서울특별시 서초구 강남대로 441 (서초동),근린생활1,제1종근린생활시설,1023114209,지번
1165010800113050005,서울특별시 서초구 서초동,서울특별시 서초구 강남대로 435 (서초동),근린생활1,제1종근린생활시설,10231100189208,지번
1165010700100720001,서울특별시 서초구 반포동,서울특별시 서초구 서래로8길 16 (반포동),근린생활1,제1종근린생활시설,1023112164,지번
1165010100108640021,서울특별시 서초구 방배동,서울특별시 서초구 서초대로 31 (방배동),근린생활2,제2종근린생활시설,102313482,지번
1165010300101960004,서울특별시 서초구 우면동,,근린생활1,제1종근린생활시설,1023110717,지번
1165010800113090008,서울특별시 서초구 서초동,서울특별시 서초구 강남대로69길 8 (서초동),근린생활1,제1종근린생활시설,10231100256074,지번
1165010100104380015,서울특별시 서초구 방배동,서울특별시 서초구 동작대로 72 (방배동),근린생활2,제2종근린생활시설,102311009,지번
1165010600100280003,서울특별시 서초구 잠원동,서울특별시 서초구 강남대로95길 9-25 (잠원동),근린생활1,제1종근린생활시설,1023111391,지번
1165010100109110001,서울특별시 서초구 방배동,서울특별시 서초구 방배로13길 19 (방배동),근린생활2,제2종근린생활시설,102314102,지번
1165010100109230013,서울특별시 서초구 방배동,서울특별시 서초구 효령로29길 52 (방배동),근린생활2,제2종근린생활시설,102314297,지번
1165010800115470014,서울특별시 서초구 서초동,서울특별시 서초구 반포대로24길 42-6 (서초동),근린생활1,제1종근린생활시설,1023115643,지번
1165010100109090008,서울특별시 서초구 방배동,서울특별시 서초구 효령로 117 (방배동),근린생활2,제2종근린생활시설,102314087,지번
1165010200103770000,서울특별시 서초구 양재동,서울특별시 서초구 동산로12길 3 (양재동),근린생활1,제1종근린생활시설,10231100220512,지번
1165010200103620004,서울특별시 서초구 양재동,서울특별시 서초구 강남대로2길 66 (양재동),근린생활2,제2종근린생활시설,102319664,지번
1165010100109240005,서울특별시 서초구 방배동,서울특별시 서초구 효령로31길 58 (방배동),근린생활2,제2종근린생활시설,102314302,지번
1165010100100330001,서울특별시 서초구 방배동,서울특별시 서초구 방배로42길 35 (방배동),근린생활2,제2종근린생활시설,10231614,지번
1165010200100130012,서울특별시 서초구 양재동,서울특별시 서초구 강남대로34길 5 (양재동),근린생활1,제1종근린생활시설,102318109,지번
1165010800113410004,서울특별시 서초구 서초동,서울특별시 서초구 효령로 416 (서초동),근린생활1,제1종근린생활시설,1023114368,지번
1165010200102640012,서울특별시 서초구 양재동,서울특별시 서초구 마방로10길 18-24 (양재동),근린생활1,제1종근린생활시설,102318917,지번
1165010100107560007,서울특별시 서초구 방배동,서울특별시 서초구 사평대로2길 19-19 (방배동),근린생활2,제2종근린생활시설,102312065,지번
1165010100107650027,서울특별시 서초구 방배동,서울특별시 서초구 동작대로 198 (방배동),근린생활2,제2종근린생활시설,102312144,지번
1165010200103710005,서울특별시 서초구 양재동,,근린생활2,제2종근린생활시설,102319707,지번
1165010100107910003,서울특별시 서초구 방배동,서울특별시 서초구 방배중앙로 148 (방배동),근린생활1,제1종근린생활시설,102312482,지번
1165010800113030016,서울특별시 서초구 서초동,서울특별시 서초구 서초대로77길 62 (서초동),근린생활2,제2종근린생활시설,10231100218073,지번
1165010300100660001,서울특별시 서초구 우면동,서울특별시 서초구 바우뫼로7길 16 (우면동),근린생활1,제1종근린생활시설,1023110973,지번
1165010600100120022,서울특별시 서초구 잠원동,서울특별시 서초구 강남대로 613 (잠원동),근린생활1,제1종근린생활시설,1023111225,지번
1165010700100920007,서울특별시 서초구 반포동,,근린생활2,제2종근린생활시설,1023112255,지번
1165010700107380017,서울특별시 서초구 반포동,,근린생활2,제2종근린생활시설,1023113222,지번
1165010600100690002,서울특별시 서초구 잠원동,서울특별시 서초구 신반포로 189 (잠원동),근린생활1,제1종근린생활시설,1023111948,지번
1165010100100010003,서울특별시 서초구 방배동,서울특별시 서초구 동광로27길 3 (방배동),근린생활2,제2종근린생활시설,10231100210014,지번
1165010600100380021,서울특별시 서초구 잠원동,,근린생활2,제2종근린생활시설,1023111542,지번
1165010700107350022,서울특별시 서초구 반포동,서울특별시 서초구 사평대로55길 60 (반포동),근린생활2,제2종근린생활시설,1023113177,지번
1165010800113020044,서울특별시 서초구 서초동,서울특별시 서초구 사평대로56길 10 (서초동),근린생활2,제2종근린생활시설,1023114189,지번
1165010800116580017,서울특별시 서초구 서초동,서울특별시 서초구 서초중앙로20길 21 (서초동),근린생활2,제2종근린생활시설,1023116789,지번
1165010800114890001,서울특별시 서초구 서초동,서울특별시 서초구 명달로 58 (서초동),근린생활2,제2종근린생활시설,1023115261,지번
1165010800115550010,서울특별시 서초구 서초동,서울특별시 서초구 서초대로46길 19-17 (서초동),근린생활2,제2종근린생활시설,1023115721,지번
1165010800113160019,서울특별시 서초구 서초동,서울특별시 서초구 서초대로 405 (서초동),근린생활2,제2종근린생활시설,1023114259,지번
1165010800116100018,서울특별시 서초구 서초동,서울특별시 서초구 효령로67길 55 (서초동),근린생활2,제2종근린생활시설,1023116231,지번
1165010100108090012,서울특별시 서초구 방배동,서울특별시 서초구 서초대로25길 90 (방배동),근린생활2,제2종근린생활시설,102312635,지번
1165010700107370016,서울특별시 서초구 반포동,서울특별시 서초구 강남대로79길 10 (반포동),근린생활2,제2종근린생활시설,1023113206,지번
1165010100109080002,서울특별시 서초구 방배동,서울특별시 서초구 방배로 98 (방배동),근린생활1,제1종근린생활시설,10231100227374,지번
1165010100109080002,서울특별시 서초구 방배동,서울특별시 서초구 방배로 98 (방배동),근린생활1,자동차관련시설,10231100256315,지번
1165010200100100070,서울특별시 서초구 양재동,서울특별시 서초구 남부순환로356길 42 (양재동),근린생활2,제2종근린생활시설,102318037,지번
1165010200101200010,서울특별시 서초구 양재동,서울특별시 서초구 양재천로11길 12 (양재동),근린생활2,제2종근린생활시설,102318592,지번
1165010200102780008,서울특별시 서초구 양재동,서울특별시 서초구 언남17길 4 (양재동),근린생활2,제2종근린생활시설,102319068,지번
1165010800114850007,서울특별시 서초구 서초동,서울특별시 서초구 효령로 236 (서초동),근린생활1,제1종근린생활시설,1023115142,지번
1165010800116370001,서울특별시 서초구 서초동,서울특별시 서초구 서초중앙로22길 108 (서초동),근린생활2,제2종근린생활시설,1023116570,지번
1165010100107640024,서울특별시 서초구 방배동,서울특별시 서초구 동광로1길 85-1 (방배동),근린생활2,제2종근린생활시설,102312125,지번
1165010600100410004,서울특별시 서초구 잠원동,서울특별시 서초구 신반포로 317 (잠원동),근린생활2,제2종근린생활시설,1023111779,지번
1165010800115570023,서울특별시 서초구 서초동,서울특별시 서초구 반포대로26길 43 (서초동),근린생활2,제2종근린생활시설,1023115751,지번
1165010100110010036,서울특별시 서초구 방배동,서울특별시 서초구 명달로9길 4 (방배동),근린생활2,제2종근린생활시설,102315596,지번
1165010700100600004,서울특별시 서초구 반포동,서울특별시 서초구 서초중앙로29길 28 (반포동),판매시설,제1종근린생활시설,1023113478,지번
1165010700100600004,서울특별시 서초구 반포동,서울특별시 서초구 서초중앙로29길 28 (반포동),판매시설,공동주택,1023113479,지번
1165010700100600004,서울특별시 서초구 반포동,서울특별시 서초구 서초중앙로29길 28 (반포동),판매시설,공동주택,1023113480,지번
1165010700100600004,서울특별시 서초구 반포동,서울특별시 서초구 서초중앙로29길 28 (반포동),판매시설,공동주택,1023113481,지번
1165010700100600004,서울특별시 서초구 반포동,서울특별시 서초구 서초중앙로29길 28 (반포동),판매시설,공동주택,1023113482,지번
1165010700100600004,서울특별시 서초구 반포동,서울특별시 서초구 서초중앙로29길 28 (반포동),판매시설,공동주택,1023113483,지번
1165010700100600004,서울특별시 서초구 반포동,서울특별시 서초구 서초중앙로29길 28 (반포동),판매시설,공동주택,1023113484,지번
1165010700100600004,서울특별시 서초구 반포동,서울특별시 서초구 서초중앙로29길 28 (반포동),판매시설,판매시설,1023113485,지번
1165010700100600004,서울특별시 서초구 반포동,서울특별시 서초구 서초중앙로29길 28 (반포동),판매시설,공동주택,1023113486,지번
1165010700100600004,서울특별시 서초구 반포동,서울특별시 서초구 서초중앙로29길 28 (반포동),판매시설,공동주택,1023113487,지번
1165010900101710022,서울특별시 서초구 내곡동,,근린생활1,제1종근린생활시설,1023118567,지번
1165010800113070029,서울특별시 서초구 서초동,서울특별시 서초구 서초대로77길 29 (서초동),근린생활2,제2종근린생활시설,1023114228,지번
1165010200103140008,서울특별시 서초구 양재동,,근린생활2,제2종근린생활시설,102319289,지번
1165010800115730014,서울특별시 서초구 서초동,서울특별시 서초구 반포대로30길 81 (서초동),근린생활2,제2종근린생활시설,10231100240034,지번
1165010700101050012,서울특별시 서초구 반포동,서울특별시 서초구 사평대로20길 29 (반포동),근린생활2,제2종근린생활시설,1023112317,지번
1165011000101600004,서울특별시 서초구 염곡동,서울특별시 서초구 염곡안2길 18 (염곡동),근린생활1,제1종근린생활시설,10231100211135,지번
1165010800113300013,서울특별시 서초구 서초동,서울특별시 서초구 서초대로78길 50 (서초동),근린생활2,제2종근린생활시설,1023114317,지번
1165010800113100000,서울특별시 서초구 서초동,서울특별시 서초구 서운로 207 (서초동),근린생활1,제1종근린생활시설,1023117163,지번
1165010800115820012,서울특별시 서초구 서초동,서울특별시 서초구 반포대로 70 (서초동),근린생활2,제2종근린생활시설,1023115996,지번
1165010200100870007,서울특별시 서초구 양재동,서울특별시 서초구 양재천로 143-6 (양재동),근린생활2,제2종근린생활시설,102318371,지번
1165010200100880003,서울특별시 서초구 양재동,서울특별시 서초구 양재천로 143-7 (양재동),근린생활2,제2종근린생활시설,102318376,지번
1165010200100980003,서울특별시 서초구 양재동,서울특별시 서초구 양재천로 97 (양재동),근린생활1,제1종근린생활시설,102318489,지번
1165010200101140005,서울특별시 서초구 양재동,서울특별시 서초구 강남대로23길 66 (양재동),근린생활2,제2종근린생활시설,102318556,지번
1165010200101170002,서울특별시 서초구 양재동,서울특별시 서초구 양재천로7길 1 (양재동),근린생활2,제2종근린생활시설,102318573,지번
1165010200102030014,서울특별시 서초구 양재동,서울특별시 서초구 매헌로 68 (양재동),근린생활2,제2종근린생활시설,102318656,지번
1165010800114510033,서울특별시 서초구 서초동,서울특별시 서초구 효령로52길 23 (서초동),근린생활2,제2종근린생활시설,10231100204513,지번
1165010600100650032,서울특별시 서초구 잠원동,서울특별시 서초구 잠원로 94 (잠원동),근린생활2,제2종근린생활시설,1023111937,지번
1165010600100650032,서울특별시 서초구 잠원동,서울특별시 서초구 잠원로 88 (잠원동),근린생활2,공동주택,1023111938,지번
1165010600100650032,서울특별시 서초구 잠원동,서울특별시 서초구 잠원로 88 (잠원동),근린생활2,공동주택,1023111939,지번
1165010600100650032,서울특별시 서초구 잠원동,서울특별시 서초구 잠원로 88 (잠원동),근린생활2,공동주택,1023111940,지번
1165010700107240011,서울특별시 서초구 반포동,서울특별시 서초구 사평대로55길 94 (반포동),근린생활2,제2종근린생활시설,1023112908,지번
1165010100109060005,서울특별시 서초구 방배동,서울특별시 서초구 방배로16길 16-8 (방배동),근린생활1,제1종근린생활시설,102314042,지번
1165010200102420003,서울특별시 서초구 양재동,서울특별시 서초구 강남대로18길 15-13 (양재동),근린생활2,제2종근린생활시설,102318748,지번
1165010100108110018,서울특별시 서초구 방배동,서울특별시 서초구 서초대로25길 85 (방배동),근린생활2,제2종근린생활시설,102312667,지번
1165010100108540001,서울특별시 서초구 방배동,서울특별시 서초구 방배로27길 35 (방배동),근린생활2,제2종근린생활시설,102313275,지번
1165010600100260006,서울특별시 서초구 잠원동,서울특별시 서초구 강남대로97길 23 (잠원동),근린생활2,제2종근린생활시설,1023111372,지번
1165010600100290007,서울특별시 서초구 잠원동,서울특별시 서초구 강남대로95길 9-10 (잠원동),근린생활2,제2종근린생활시설,1023111756,지번
1165010800115350012,서울특별시 서초구 서초동,서울특별시 서초구 반포대로 53 (서초동),근린생활1,제1종근린생활시설,10231100196788,지번
1165010100108580038,서울특별시 서초구 방배동,서울특별시 서초구 방배중앙로 97-1 (방배동),근린생활2,제2종근린생활시설,102313415,지번
1165010100108830028,서울특별시 서초구 방배동,서울특별시 서초구 서초대로34길 13 (방배동),근린생활1,제1종근린생활시설,102313785,지번
1165010800113630005,서울특별시 서초구 서초동,서울특별시 서초구 강남대로37길 28 (서초동),근린생활2,제2종근린생활시설,1023114606,지번
1165010600100390004,서울특별시 서초구 잠원동,서울특별시 서초구 신반포로47길 33-3 (잠원동),근린생활2,제2종근린생활시설,1023111550,지번
1165010700107060006,서울특별시 서초구 반포동,서울특별시 서초구 강남대로 545-12 (반포동),근린생활2,제2종근린생활시설,1023113864,지번
1165010200100890008,서울특별시 서초구 양재동,서울특별시 서초구 양재천로 135-8 (양재동),근린생활2,제2종근린생활시설,102318391,지번
1165010900101990006,서울특별시 서초구 내곡동,서울특별시 서초구 안골길 13 (내곡동),근린생활1,단독주택,1023118583,본번
1165010100104510012,서울특별시 서초구 방배동,서울특별시 서초구 방배천로4길 15-2 (방배동),근린생활2,제2종근린생활시설,102311112,지번
1165010100104460005,서울특별시 서초구 방배동,서울특별시 서초구 남부순환로 2121-3 (방배동),근린생활2,제2종근린생활시설,102311049,지번
1165010200100030002,서울특별시 서초구 양재동,서울특별시 서초구 논현로 163 (양재동),근린생활2,제2종근린생활시설,102317826,지번
1165010800114870133,서울특별시 서초구 서초동,서울특별시 서초구 명달로 30 (서초동),근린생활2,제2종근린생활시설,1023115247,지번
1165010100107690005,서울특별시 서초구 방배동,서울특별시 서초구 방배중앙로 178 (방배동),근린생활1,제1종근린생활시설,102312205,지번
1165010200100130014,서울특별시 서초구 양재동,서울특별시 서초구 남부순환로350길 40 (양재동),근린생활2,제2종근린생활시설,102318111,지번
1165010800113640015,서울특별시 서초구 서초동,서울특별시 서초구 강남대로37길 56-5 (서초동),근린생활2,제2종근린생활시설,10231100238674,지번
1165010200100110087,서울특별시 서초구 양재동,서울특별시 서초구 남부순환로356길 26 (양재동),근린생활2,제2종근린생활시설,102318096,지번
1165010100108570042,서울특별시 서초구 방배동,서울특별시 서초구 서초대로15길 47 (방배동),근린생활2,제2종근린생활시설,102313391,지번
1165010100109260001,서울특별시 서초구 방배동,서울특별시 서초구 방배로19길 21 (방배동),근린생활2,제2종근린생활시설,102314337,지번
1165010100104480008,서울특별시 서초구 방배동,서울특별시 서초구 청두곶길 3 (방배동),근린생활2,제2종근린생활시설,102311058,지번
1165010700100970004,서울특별시 서초구 반포동,서울특별시 서초구 서래로 13 (반포동),근린생활2,제2종근린생활시설,1023112296,지번
1165010800113300009,서울특별시 서초구 서초동,서울특별시 서초구 사임당로 173 (서초동),근린생활2,제2종근린생활시설,1023114316,지번
1165010800115570011,서울특별시 서초구 서초동,서울특별시 서초구 반포대로28길 50 (서초동),근린생활2,제2종근린생활시설,1023115742,지번
1165010200100610000,서울특별시 서초구 양재동,서울특별시 서초구 바우뫼로33길 7-20 (양재동),근린생활1,제1종근린생활시설,102318264,지번
1165010800116180003,서울특별시 서초구 서초동,서울특별시 서초구 사임당로14길 39 (서초동),근린생활1,제1종근린생활시설,1023116328,지번
1165010800114450003,서울특별시 서초구 서초동,서울특별시 서초구 효령로 304 (서초동),판매시설,판매시설,1023117450,지번
1165010100108160015,서울특별시 서초구 방배동,서울특별시 서초구 서초대로19길 86 (방배동),근린생활2,제2종근린생활시설,102312745,지번
1165010100104480002,서울특별시 서초구 방배동,서울특별시 서초구 방배천로2길 39-16 (방배동),근린생활2,제2종근린생활시설,102311053,지번
1165010200100020045,서울특별시 서초구 양재동,서울특별시 서초구 논현로 169 (양재동),근린생활2,제2종근린생활시설,102317823,지번
1165010200100160033,서울특별시 서초구 양재동,서울특별시 서초구 논현로31길 68 (양재동),근린생활1,제1종근린생활시설,102318163,지번
1165010600100480001,서울특별시 서초구 잠원동,서울특별시 서초구 강남대로95길 87 (잠원동),근린생활2,제2종근린생활시설,1023111646,지번
1165010700107390019,서울특별시 서초구 반포동,서울특별시 서초구 사평대로55길 21-2 (반포동),근린생활2,제2종근린생활시설,1023113258,지번
1165010100110240006,서울특별시 서초구 방배동,서울특별시 서초구 방배로 22 (방배동),근린생활2,제2종근린생활시설,102317647,지번
1165010200100880009,서울특별시 서초구 양재동,서울특별시 서초구 양재천로29길 12 (양재동),근린생활2,제2종근린생활시설,102318381,지번
1165010100104500015,서울특별시 서초구 방배동,서울특별시 서초구 방배천로 8 (방배동),근린생활2,제2종근린생활시설,102311094,지번
1165010200103260000,서울특별시 서초구 양재동,서울특별시 서초구 강남대로 48-3 (양재동),근린생활2,제2종근린생활시설,102319345,지번
1165010100100180021,서울특별시 서초구 방배동,서울특별시 서초구 방배로42길 11 (방배동),근린생활2,제2종근린생활시설,10231608,지번
1165010400103740001,서울특별시 서초구 원지동,서울특별시 서초구 원터4길 7 (원지동),근린생활2,제2종근린생활시설,1023111066,지번
1165010100104490009,서울특별시 서초구 방배동,서울특별시 서초구 방배천로4길 28 (방배동),근린생활2,제2종근린생활시설,102311077,지번
1165010200102040009,서울특별시 서초구 양재동,서울특별시 서초구 매헌로14길 33 (양재동),근린생활2,제2종근린생활시설,102318665,지번
1165010100107730011,서울특별시 서초구 방배동,서울특별시 서초구 방배로 238 (방배동),근린생활1,제1종근린생활시설,102312234,지번
1165010100107730012,서울특별시 서초구 방배동,서울특별시 서초구 방배로42길 36-4 (방배동),근린생활2,제2종근린생활시설,102312235,지번
1165010600100600020,서울특별시 서초구 잠원동,서울특별시 서초구 잠원로4길 38 (잠원동),근린생활2,제2종근린생활시설,1023111910,지번
1165010100108280029,서울특별시 서초구 방배동,서울특별시 서초구 방배중앙로15길 28 (방배동),근린생활2,제2종근린생활시설,102312967,지번
1165010800113070011,서울특별시 서초구 서초동,서울특별시 서초구 서초대로75길 23 (서초동),근린생활2,제2종근린생활시설,1023114220,지번
1165010100107520007,서울특별시 서초구 방배동,서울특별시 서초구 방배중앙로 215 (방배동),근린생활1,제1종근린생활시설,102312050,지번
1165010800114570001,서울특별시 서초구 서초동,서울특별시 서초구 효령로 274 (서초동),근린생활1,제1종근린생활시설,1023114956,지번
1165010100108670032,서울특별시 서초구 방배동,서울특별시 서초구 서초대로 43 (방배동),근린생활2,제2종근린생활시설,102313535,지번
1165010200100130001,서울특별시 서초구 양재동,서울특별시 서초구 강남대로 220 (양재동),근린생활1,제1종근린생활시설,102318103,지번
1165010200103630002,서울특별시 서초구 양재동,서울특별시 서초구 강남대로2길 92 (양재동),근린생활1,제1종근린생활시설,102319669,지번
1165010700100200045,서울특별시 서초구 반포동,서울특별시 서초구 잠원로 24 (반포동),판매시설,판매시설,10231100185508,지번
1165010200100100060,서울특별시 서초구 양재동,서울특별시 서초구 강남대로30길 23 (양재동),근린생활2,제2종근린생활시설,10231100206932,지번
1165010800114590009,서울특별시 서초구 서초동,서울특별시 서초구 효령로52길 8 (서초동),근린생활2,제2종근린생활시설,1023114970,지번
1165010700107060005,서울특별시 서초구 반포동,서울특별시 서초구 신반포로 336 (반포동),근린생활2,제2종근린생활시설,1023112648,지번
1165010800115320001,서울특별시 서초구 서초동,서울특별시 서초구 반포대로13길 33 (서초동),근린생활2,제2종근린생활시설,1023115551,지번
1165010800115760026,서울특별시 서초구 서초동,서울특별시 서초구 서초대로50길 63 (서초동),근린생활2,제2종근린생활시설,1023115945,지번
1165010100108560032,서울특별시 서초구 방배동,서울특별시 서초구 방배로25길 50 (방배동),근린생활2,제2종근린생활시설,102313358,지번
1165010100109100015,서울특별시 서초구 방배동,서울특별시 서초구 방배로 99 (방배동),근린생활1,제1종근린생활시설,102314101,지번
1165010100107670021,서울특별시 서초구 방배동,서울특별시 서초구 방배중앙로25길 16 (방배동),근린생활2,공동주택,1000000000000007604768,지번
1165010100108110003,서울특별시 서초구 방배동,,근린생활2,제2종근린생활시설,102312654,지번
1165010600100360013,서울특별시 서초구 잠원동,,근린생활1,제1종근린생활시설,1023111500,지번
1165010700105770020,서울특별시 서초구 반포동,서울특별시 서초구 동광로 164 (반포동),근린생활2,제2종근린생활시설,1023112525,지번
1165010100114610000,서울특별시 서초구 방배동,,근린생활2,제2종근린생활시설,102315689,지번
1165010100121120000,서울특별시 서초구 방배동,서울특별시 서초구 동광로3길 2 (방배동),근린생활2,제2종근린생활시설,102315746,지번
1165010600100120005,서울특별시 서초구 잠원동,서울특별시 서초구 강남대로 623 (잠원동),근린생활1,제1종근린생활시설,10231100220992,지번
1165010700107330040,서울특별시 서초구 반포동,서울특별시 서초구 강남대로83길 56-14 (반포동),근린생활2,제2종근린생활시설,1023113127,지번
1165010100108670028,서울특별시 서초구 방배동,서울특별시 서초구 서초대로 35 (방배동),근린생활2,제2종근린생활시설,102313531,지번
1165010100109130018,서울특별시 서초구 방배동,서울특별시 서초구 효령로29길 21 (방배동),근린생활2,제2종근린생활시설,102314147,지번
1165010800113040002,서울특별시 서초구 서초동,서울특별시 서초구 강남대로 449 (서초동),근린생활1,제1종근린생활시설,1023114205,지번
1165011100102110001,서울특별시 서초구 신원동,서울특별시 서초구 청룡마을4길 9 (신원동),근린생활1,제1종근린생활시설,10231100220133,지번
1165010600100490030,서울특별시 서초구 잠원동,서울특별시 서초구 잠원로 207 (잠원동),근린생활2,제2종근린생활시설,1023111663,지번
1165010800115710015,서울특별시 서초구 서초동,서울특별시 서초구 반포대로30길 72 (서초동),근린생활2,제2종근린생활시설,1023115887,지번
1165010700101100003,서울특별시 서초구 반포동,서울특별시 서초구 서래로5길 61 (반포동),근린생활2,제2종근린생활시설,1023112370,지번
1165010700107050009,서울특별시 서초구 반포동,서울특별시 서초구 주흥16길 25 (반포동),근린생활2,제2종근린생활시설,1023112642,지번
1165010600100500006,서울특별시 서초구 잠원동,서울특별시 서초구 나루터로 43 (잠원동),근린생활1,제1종근린생활시설,1023111666,지번
1165010200100080004,서울특별시 서초구 양재동,서울특별시 서초구 남부순환로356길 23 (양재동),근린생활2,제2종근린생활시설,102317908,지번
1165010800114860003,서울특별시 서초구 서초동,서울특별시 서초구 효령로 216 (서초동),근린생활2,제2종근린생활시설,10231100185276,지번
1165010800114510052,서울특별시 서초구 서초동,서울특별시 서초구 반포대로 16 (서초동),근린생활2,제2종근린생활시설,1023114917,지번
1165010100109080006,서울특별시 서초구 방배동,서울특별시 서초구 방배로 92 (방배동),근린생활1,제1종근린생활시설,102314058,지번
1165010100108760030,서울특별시 서초구 방배동,서울특별시 서초구 서초대로27길 13 (방배동),근린생활2,제2종근린생활시설,102313674,지번
1165010100108220001,서울특별시 서초구 방배동,서울특별시 서초구 동광로 28 (방배동),근린생활1,제1종근린생활시설,102312865,지번
1165010100107510003,서울특별시 서초구 방배동,서울특별시 서초구 방배중앙로 210 (방배동),근린생활2,제2종근린생활시설,102312042,지번
1165010700101060013,서울특별시 서초구 반포동,서울특별시 서초구 사평대로20길 3 (반포동),근린생활2,제2종근린생활시설,1023112325,지번
1165010800113170031,서울특별시 서초구 서초동,서울특별시 서초구 서초대로73길 12 (서초동),근린생활2,제2종근린생활시설,1023114271,지번
1165010600100170006,서울특별시 서초구 잠원동,서울특별시 서초구 나루터로10길 20 (잠원동),근린생활1,제1종근린생활시설,1023111260,지번
1165010800116700014,서울특별시 서초구 서초동,서울특별시 서초구 서초중앙로22길 53 (서초동),근린생활2,제2종근린생활시설,1023116909,지번
1165010100122380000,서울특별시 서초구 방배동,서울특별시 서초구 동작대로 166 (방배동),근린생활2,제2종근린생활시설,102315754,지번
1165010100110010035,서울특별시 서초구 방배동,서울특별시 서초구 명달로 53 (방배동),근린생활1,제1종근린생활시설,102315595,지번
1165010600100690005,서울특별시 서초구 잠원동,서울특별시 서초구 신반포로 195 (잠원동),근린생활2,제2종근린생활시설,1023111949,지번
1165010800113040000,서울특별시 서초구 서초동,서울특별시 서초구 강남대로 449-3 (서초동),근린생활2,제2종근린생활시설,10231100189330,지번
1165010700107350016,서울특별시 서초구 반포동,서울특별시 서초구 사평대로57길 63 (반포동),근린생활2,제2종근린생활시설,1023113171,지번
1165010800116580004,서울특별시 서초구 서초동,서울특별시 서초구 서초대로52길 25 (서초동),근린생활2,제2종근린생활시설,1023116777,지번
1165010800116120001,서울특별시 서초구 서초동,서울특별시 서초구 서리풀길 32-11 (서초동),근린생활2,제2종근린생활시설,1023116237,지번
1165010100108160018,서울특별시 서초구 방배동,,근린생활2,제2종근린생활시설,102312747,지번
1165010100109570014,서울특별시 서초구 방배동,서울특별시 서초구 도구로 67 (방배동),근린생활1,단독주택,102314960,지번
1165010100109570014,서울특별시 서초구 방배동,서울특별시 서초구 도구로 65 (방배동),근린생활1,제1종근린생활시설,102314961,지번
1165010700107320010,서울특별시 서초구 반포동,서울특별시 서초구 주흥길 18 (반포동),근린생활2,제2종근린생활시설,1023113075,지번
1165010400104180000,서울특별시 서초구 원지동,서울특별시 서초구 원터6길 2 (원지동),근린생활2,제2종근린생활시설,1023111104,지번
1165010100121040000,서울특별시 서초구 방배동,서울특별시 서초구 동광로 11 (방배동),근린생활2,제2종근린생활시설,102315744,지번
1165010200102650024,서울특별시 서초구 양재동,서울특별시 서초구 마방로6길 29 (양재동),근린생활2,제2종근린생활시설,102318939,지번
1165010800113240000,서울특별시 서초구 서초동,서울특별시 서초구 서초대로70길 20 (서초동),근린생활2,제2종근린생활시설,10231100189911,지번
1165010100108690006,서울특별시 서초구 방배동,서울특별시 서초구 방배중앙로 86 (방배동),근린생활2,제2종근린생활시설,102313560,지번
1165010700100920004,서울특별시 서초구 반포동,서울특별시 서초구 사평대로26길 22 (반포동),근린생활2,제2종근린생활시설,1023112253,지번
1165010100108110011,서울특별시 서초구 방배동,서울특별시 서초구 방배로 204 (방배동),근린생활1,제1종근린생활시설,102312660,지번
1165010600100380012,서울특별시 서초구 잠원동,서울특별시 서초구 신반포로47길 18-5 (잠원동),근린생활2,제2종근린생활시설,1023111533,지번
1165010100107930001,서울특별시 서초구 방배동,서울특별시 서초구 동광로15길 10 (방배동),근린생활1,제1종근린생활시설,102312510,지번
1165010800114750009,서울특별시 서초구 서초동,서울특별시 서초구 남부순환로317길 50 (서초동),근린생활2,제2종근린생활시설,1023115082,지번
1165010100127660006,서울특별시 서초구 방배동,,근린생활2,제2종근린생활시설,102315903,지번
1165010200100080021,서울특별시 서초구 양재동,서울특별시 서초구 강남대로34길 69 (양재동),근린생활1,제1종근린생활시설,102317921,지번
1165010200103770003,서울특별시 서초구 양재동,서울특별시 서초구 동산로 64 (양재동),근린생활2,제2종근린생활시설,102319737,지번
1165010200102780012,서울특별시 서초구 양재동,서울특별시 서초구 언남17길 18 (양재동),근린생활2,제2종근린생활시설,102319072,지번
1165010200100020046,서울특별시 서초구 양재동,서울특별시 서초구 논현로 167 (양재동),근린생활1,제1종근린생활시설,102317824,지번
1165010600100360015,서울특별시 서초구 잠원동,서울특별시 서초구 강남대로91길 8 (잠원동),근린생활2,제2종근린생활시설,1023111502,지번
1165010100100330005,서울특별시 서초구 방배동,서울특별시 서초구 방배로42길 45 (방배동),근린생활1,제1종근린생활시설,10231615,지번
1165010100108510004,서울특별시 서초구 방배동,서울특별시 서초구 방배로 178 (방배동),근린생활1,제1종근린생활시설,102313236,지번
1165010200103270005,서울특별시 서초구 양재동,서울특별시 서초구 동산로 14 (양재동),근린생활1,제1종근린생활시설,1023110319,지번
1165010700107470013,서울특별시 서초구 반포동,서울특별시 서초구 사평대로 367 (반포동),근린생활2,제2종근린생활시설,1023113344,지번
1165010100109270033,서울특별시 서초구 방배동,서울특별시 서초구 효령로29길 77 (방배동),근린생활2,제2종근린생활시설,102314375,지번
1165010800114390004,서울특별시 서초구 서초동,서울특별시 서초구 효령로66길 2 (서초동),근린생활2,제2종근린생활시설,1023114804,지번
1165010700100650001,서울특별시 서초구 반포동,서울특별시 서초구 사평대로 150 (반포동),근린생활1,제1종근린생활시설,1023113493,지번
1165010700100650001,서울특별시 서초구 반포동,서울특별시 서초구 사평대로 142 (반포동),근린생활1,공동주택,1023113494,지번
1165010700100650001,서울특별시 서초구 반포동,서울특별시 서초구 사평대로 142 (반포동),근린생활1,공동주택,1023113495,지번
1165010200102640009,서울특별시 서초구 양재동,서울특별시 서초구 마방로10길 18-16 (양재동),근린생활2,제2종근린생활시설,102318915,지번
1165010800113410002,서울특별시 서초구 서초동,서울특별시 서초구 효령로 412 (서초동),근린생활2,제2종근린생활시설,1023114366,지번
1165010200100150006,서울특별시 서초구 양재동,서울특별시 서초구 바우뫼로37길 58 (양재동),근린생활2,제2종근린생활시설,102318134,지번
1165010200103010004,서울특별시 서초구 양재동,,근린생활1,제1종근린생활시설,102319224,지번
1165010200103200005,서울특별시 서초구 양재동,서울특별시 서초구 언남길 15-8 (양재동),근린생활1,제1종근린생활시설,102319326,지번
1165010100109250003,서울특별시 서초구 방배동,서울특별시 서초구 방배로 127 (방배동),근린생활1,제1종근린생활시설,102314316,지번
1165010200100170042,서울특별시 서초구 양재동,서울특별시 서초구 강남대로30길 40 (양재동),근린생활2,제2종근린생활시설,102318200,지번
1165010200100700004,서울특별시 서초구 양재동,서울특별시 서초구 바우뫼로27길 7-17 (양재동),근린생활2,제2종근린생활시설,102318284,지번
1165010200100080009,서울특별시 서초구 양재동,서울특별시 서초구 강남대로34길 47 (양재동),근린생활2,제2종근린생활시설,102317910,지번
1165010200100880011,서울특별시 서초구 양재동,서울특별시 서초구 논현로27길 39 (양재동),근린생활1,제1종근린생활시설,102318382,지번
1165010200100890002,서울특별시 서초구 양재동,서울특별시 서초구 양재천로29길 11 (양재동),근린생활2,제2종근린생활시설,102318385,지번
1165010200100920008,서울특별시 서초구 양재동,서울특별시 서초구 양재천로 117-6 (양재동),근린생활2,제2종근린생활시설,102318412,지번
1165010200102500004,서울특별시 서초구 양재동,서울특별시 서초구 언남5길 8 (양재동),근린생활2,제2종근린생활시설,102318798,지번
1165010200102610015,서울특별시 서초구 양재동,서울특별시 서초구 마방로 26 (양재동),근린생활1,제1종근린생활시설,102318889,지번
1165010200102740005,서울특별시 서초구 양재동,서울특별시 서초구 마방로10길 34-6 (양재동),근린생활2,제2종근린생활시설,102319036,지번
1165010200102620005,서울특별시 서초구 양재동,서울특별시 서초구 마방로 42 (양재동),근린생활2,제2종근린생활시설,102318893,지번
1165010200102630002,서울특별시 서초구 양재동,서울특별시 서초구 마방로 48 (양재동),근린생활2,제2종근린생활시설,102318899,지번
1165010200102880005,서울특별시 서초구 양재동,서울특별시 서초구 논현로 39 (양재동),근린생활2,제2종근린생활시설,102319137,지번
1165010200103010007,서울특별시 서초구 양재동,서울특별시 서초구 언남16길 15 (양재동),근린생활2,제2종근린생활시설,102319226,지번
1165010200103260001,서울특별시 서초구 양재동,서울특별시 서초구 강남대로12길 6 (양재동),근린생활2,제2종근린생활시설,102319346,지번
1165010200103270020,서울특별시 서초구 양재동,서울특별시 서초구 강남대로8길 3 (양재동),근린생활2,제2종근린생활시설,102319372,지번
1165010200103680011,서울특별시 서초구 양재동,서울특별시 서초구 동산로6길 41-3 (양재동),근린생활2,제2종근린생활시설,102319693,지번
1165010200102890009,서울특별시 서초구 양재동,서울특별시 서초구 동산로 87 (양재동),근린생활2,제2종근린생활시설,102319146,지번
1165010200102910001,서울특별시 서초구 양재동,서울특별시 서초구 언남10길 30 (양재동),근린생활2,제2종근린생활시설,102319157,지번
1165010200103330008,서울특별시 서초구 양재동,서울특별시 서초구 동산로 34 (양재동),근린생활2,제2종근린생활시설,102319418,지번
1165010200103340013,서울특별시 서초구 양재동,서울특별시 서초구 강남대로8길 65-18 (양재동),근린생활2,제2종근린생활시설,102319435,지번
1165010200103950005,서울특별시 서초구 양재동,서울특별시 서초구 논현로5길 16-5 (양재동),근린생활2,제2종근린생활시설,102319815,지번
1165010200103350000,서울특별시 서초구 양재동,서울특별시 서초구 강남대로8길 65-17 (양재동),근린생활2,제2종근린생활시설,102319436,지번
1165010100107950021,서울특별시 서초구 방배동,서울특별시 서초구 방배로 225 (방배동),근린생활1,제1종근린생활시설,102312548,지번
1165010200103950007,서울특별시 서초구 양재동,서울특별시 서초구 논현로5길 22 (양재동),근린생활1,제1종근린생활시설,102319817,지번
1165010200103980013,서울특별시 서초구 양재동,서울특별시 서초구 동산로16길 33 (양재동),근린생활2,제2종근린생활시설,102319838,지번
1165010100104530024,서울특별시 서초구 방배동,서울특별시 서초구 방배천로 36 (방배동),근린생활2,제2종근린생활시설,102311153,지번
1165010200103400003,서울특별시 서초구 양재동,서울특별시 서초구 강남대로8길 40-13 (양재동),근린생활2,제2종근린생활시설,102319495,지번
1165010100104500006,서울특별시 서초구 방배동,서울특별시 서초구 방배천로4길 18 (방배동),근린생활1,제1종근린생활시설,102311086,지번
1165010100107660034,서울특별시 서초구 방배동,서울특별시 서초구 방배중앙로25길 38 (방배동),근린생활2,제2종근린생활시설,102312169,지번
1165010200102200002,서울특별시 서초구 양재동,서울특별시 서초구 매헌로1길 32 (양재동),근린생활2,제2종근린생활시설,102318719,지번
1165010100107610009,서울특별시 서초구 방배동,서울특별시 서초구 방배중앙로27길 6 (방배동),근린생활1,제1종근린생활시설,102312070,지번
1165010900100120010,서울특별시 서초구 내곡동,서울특별시 서초구 능안말3길 2 (내곡동),근린생활2,제2종근린생활시설,1023118471,지번
1165010800113640055,서울특별시 서초구 서초동,서울특별시 서초구 남부순환로347길 21-13 (서초동),근린생활2,제2종근린생활시설,1023114649,지번
1165010200100910006,서울특별시 서초구 양재동,서울특별시 서초구 양재천로23길 2 (양재동),근린생활2,제2종근린생활시설,102318402,지번
1165010800114300003,서울특별시 서초구 서초동,서울특별시 서초구 서초중앙로2길 66 (서초동),근린생활2,제2종근린생활시설,1023114742,지번
1165010600100390008,서울특별시 서초구 잠원동,서울특별시 서초구 신반포로47길 19 (잠원동),근린생활2,제2종근린생활시설,1023111553,지번
1165010600100100035,서울특별시 서초구 잠원동,,근린생활2,제2종근린생활시설,10231100220274,지번
1165010700101060002,서울특별시 서초구 반포동,서울특별시 서초구 사평대로22길 6 (반포동),근린생활1,제1종근린생활시설,1023112320,지번
1165010100104560001,서울특별시 서초구 방배동,서울특별시 서초구 방배천로16길 18 (방배동),판매시설,판매시설,102316151,지번
1165010700100520006,서울특별시 서초구 반포동,서울특별시 서초구 서초중앙로 225 (반포동),근린생활2,제2종근린생활시설,1023112092,지번
1165010100104210002,서울특별시 서초구 방배동,서울특별시 서초구 서초대로2길 8 (방배동),근린생활1,제1종근린생활시설,10231743,지번
1165010100104810009,서울특별시 서초구 방배동,서울특별시 서초구 남부순환로 2155 (방배동),근린생활1,제1종근린생활시설,102311560,지번
1165010200102460005,서울특별시 서초구 양재동,서울특별시 서초구 언남길 31 (양재동),근린생활2,제2종근린생활시설,102318769,지번
1165010800115760008,서울특별시 서초구 서초동,서울특별시 서초구 서초중앙로 95 (서초동),근린생활2,제2종근린생활시설,1023115940,지번
1165010200101140004,서울특별시 서초구 양재동,서울특별시 서초구 강남대로23길 64 (양재동),근린생활2,제2종근린생활시설,102318555,지번
1165010200103320000,서울특별시 서초구 양재동,서울특별시 서초구 강남대로8길 39-19 (양재동),근린생활2,제2종근린생활시설,102319398,지번
1165010100109830003,서울특별시 서초구 방배동,서울특별시 서초구 방배로10길 10-4 (방배동),근린생활2,제2종근린생활시설,102315507,지번
1165010100104410001,서울특별시 서초구 방배동,서울특별시 서초구 동작대로 44 (방배동),근린생활2,제2종근린생활시설,102311021,지번
1165010700100950003,서울특별시 서초구 반포동,서울특별시 서초구 서래로 39 (반포동),근린생활2,제2종근린생활시설,1023112277,지번
1165010700113130000,서울특별시 서초구 반포동,서울특별시 서초구 신반포로3길 8 (반포동),판매시설,판매시설,1023114110,지번
1165010800114840012,서울특별시 서초구 서초동,서울특별시 서초구 반포대로7길 16 (서초동),근린생활2,제2종근린생활시설,1023115136,지번
1165010800115670008,서울특별시 서초구 서초동,서울특별시 서초구 서초대로46길 99 (서초동),근린생활2,제2종근린생활시설,1023115836,지번
1165010800116710002,서울특별시 서초구 서초동,서울특별시 서초구 서초중앙로22길 17 (서초동),근린생활2,제2종근린생활시설,10231100224054,지번
1165010800116040006,서울특별시 서초구 서초동,서울특별시 서초구 효령로61길 14-13 (서초동),근린생활1,제1종근린생활시설,1023116187,지번
1165010800114610002,서울특별시 서초구 서초동,서울특별시 서초구 반포대로9길 3 (서초동),근린생활2,제2종근린생활시설,1023114988,지번
1165010800116210011,서울특별시 서초구 서초동,서울특별시 서초구 서초중앙로8길 18 (서초동),근린생활1,제1종근린생활시설,1023116396,지번
1165010200102880006,서울특별시 서초구 양재동,서울특별시 서초구 논현로 37 (양재동),근린생활1,제1종근린생활시설,102319138,지번
1165010100109800056,서울특별시 서초구 방배동,서울특별시 서초구 효령로 47 (방배동),근린생활2,제2종근린생활시설,102315482,지번
1165010600100410011,서울특별시 서초구 잠원동,서울특별시 서초구 신반포로 315 (잠원동),근린생활1,제1종근린생활시설,1023111572,지번
1165010700107360015,서울특별시 서초구 반포동,서울특별시 서초구 사평대로57길 54 (반포동),근린생활2,제2종근린생활시설,1023113195,지번
1165010600100460009,서울특별시 서초구 잠원동,서울특별시 서초구 신반포로43길 11-11 (잠원동),근린생활2,제2종근린생활시설,1023111641,지번
1165010700107250001,서울특별시 서초구 반포동,서울특별시 서초구 주흥10길 20 (반포동),근린생활2,제2종근린생활시설,1023112934,지번
1165010100107580002,서울특별시 서초구 방배동,서울특별시 서초구 방배로 269 (방배동),판매시설,판매시설,102316570,지번
1165010800115670013,서울특별시 서초구 서초동,서울특별시 서초구 서초대로48길 65 (서초동),근린생활1,제1종근린생활시설,1023117925,지번
1165010200102650010,서울특별시 서초구 양재동,서울특별시 서초구 언남11길 7-9 (양재동),근린생활2,제2종근린생활시설,102318928,지번
1165010800116240001,서울특별시 서초구 서초동,서울특별시 서초구 서초중앙로 72 (서초동),근린생활1,제1종근린생활시설,1023116425,지번
1165010200103190011,서울특별시 서초구 양재동,서울특별시 서초구 강남대로12길 23-48 (양재동),근린생활2,제2종근린생활시설,102319322,지번
1165010800115570016,서울특별시 서초구 서초동,서울특별시 서초구 반포대로28길 54 (서초동),근린생활2,제2종근린생활시설,1023115744,지번
1165010100130050000,서울특별시 서초구 방배동,서울특별시 서초구 동작대로 90 (방배동),근린생활2,제2종근린생활시설,10231100227254,지번
1165010100104440016,서울특별시 서초구 방배동,서울특별시 서초구 동작대로 18 (방배동),근린생활1,제1종근린생활시설,102311037,지번
1165010800113300015,서울특별시 서초구 서초동,서울특별시 서초구 서초대로78길 46 (서초동),근린생활2,제2종근린생활시설,1023114319,지번
1165010800115400003,서울특별시 서초구 서초동,서울특별시 서초구 서초대로40길 49 (서초동),근린생활2,제2종근린생활시설,10231100190930,지번
1165010600100220002,서울특별시 서초구 잠원동,서울특별시 서초구 나루터로12길 19 (잠원동),근린생활2,제2종근린생활시설,1023111290,지번
1165010800116270005,서울특별시 서초구 서초동,서울특별시 서초구 사임당로12길 17 (서초동),근린생활2,제2종근린생활시설,1023116455,지번
1165010100109390004,서울특별시 서초구 방배동,서울특별시 서초구 서초대로 82 (방배동),근린생활2,제2종근린생활시설,102314586,지번
1165010200103770005,서울특별시 서초구 양재동,서울특별시 서초구 동산로14길 2 (양재동),근린생활1,제1종근린생활시설,102319739,지번
1165010800116030001,서울특별시 서초구 서초동,서울특별시 서초구 서초중앙로 42 (서초동),근린생활1,제1종근린생활시설,10231100195750,지번
1165010200102150000,서울특별시 서초구 양재동,서울특별시 서초구 매헌로 16 (양재동),판매시설,판매시설,1023110171,지번
1165010700107330013,서울특별시 서초구 반포동,서울특별시 서초구 사평대로53길 27-6 (반포동),근린생활2,제2종근린생활시설,1023113103,지번
1165010600100720003,서울특별시 서초구 잠원동,서울특별시 서초구 잠원로3길 40 (잠원동),근린생활1,제1종근린생활시설,1023111714,지번
1165010100107730005,서울특별시 서초구 방배동,서울특별시 서초구 방배로42길 20 (방배동),근린생활2,제2종근린생활시설,102312228,지번
1165010100100130008,서울특별시 서초구 방배동,서울특별시 서초구 방배로42길 29 (방배동),근린생활2,제2종근린생활시설,10231590,지번
1165010800115570001,서울특별시 서초구 서초동,서울특별시 서초구 서초대로46길 35 (서초동),근린생활2,제2종근린생활시설,1023115735,지번
1165010900100012027,서울특별시 서초구 내곡동,서울특별시 서초구 샘마을1길 9-6 (내곡동),근린생활2,제2종근린생활시설,1023118390,지번
1165010100108500003,서울특별시 서초구 방배동,서울특별시 서초구 서초대로27길 57 (방배동),근린생활2,제2종근린생활시설,102313213,지번
1165010700100880012,서울특별시 서초구 반포동,서울특별시 서초구 서래로 6 (반포동),근린생활2,제2종근린생활시설,10231100236572,지번
1165010200100090011,서울특별시 서초구 양재동,서울특별시 서초구 강남대로30길 31 (양재동),근린생활2,제2종근린생활시설,102317959,지번
1165010200102910018,서울특별시 서초구 양재동,서울특별시 서초구 동산로 67 (양재동),근린생활2,제2종근린생활시설,102319172,지번
1165010800114440016,서울특별시 서초구 서초동,서울특별시 서초구 효령로60길 23-10 (서초동),근린생활2,제2종근린생활시설,10231100204752,지번
1165010200100050008,서울특별시 서초구 양재동,서울특별시 서초구 논현로31길 63 (양재동),근린생활1,제1종근린생활시설,102317854,지번
1165011100104490005,서울특별시 서초구 신원동,서울특별시 서초구 본마을1길 10 (신원동),근린생활2,제2종근린생활시설,1023119146,지번
1165010200103270007,서울특별시 서초구 양재동,서울특별시 서초구 강남대로10길 41 (양재동),근린생활2,제2종근린생활시설,102319360,지번
1165010100108370004,서울특별시 서초구 방배동,서울특별시 서초구 서초대로25길 79 (방배동),근린생활1,제1종근린생활시설,102313139,지번
1165010800115060025,서울특별시 서초구 서초동,서울특별시 서초구 반포대로23길 43 (서초동),근린생활1,제1종근린생활시설,1023115375,지번
1165010200101530000,서울특별시 서초구 양재동,서울특별시 서초구 바우뫼로 91 (양재동),판매시설,판매시설,1023110140,지번
1165010800115670005,서울특별시 서초구 서초동,서울특별시 서초구 서초대로50길 62-9 (서초동),근린생활2,제2종근린생활시설,1023115833,지번
1165010600100690022,서울특별시 서초구 잠원동,서울특별시 서초구 신반포로 219 (잠원동),근린생활1,제1종근린생활시설,1023111952,지번
1165010700107370009,서울특별시 서초구 반포동,서울특별시 서초구 강남대로 491 (반포동),근린생활1,제1종근린생활시설,1023113201,지번
1165010200100060001,서울특별시 서초구 양재동,,근린생활2,제2종근린생활시설,102317866,지번
1165010700100970002,서울특별시 서초구 반포동,서울특별시 서초구 서래로 17 (반포동),근린생활2,제2종근린생활시설,1023112294,지번
1165010100107500011,서울특별시 서초구 방배동,서울특별시 서초구 사평대로2길 10 (방배동),근린생활2,제2종근린생활시설,102316559,지번
1165010200100050004,서울특별시 서초구 양재동,서울특별시 서초구 바우뫼로 205 (양재동),근린생활2,제2종근린생활시설,102317851,지번
1165010100108980008,서울특별시 서초구 방배동,서울특별시 서초구 서초대로26길 18 (방배동),근린생활1,제1종근린생활시설,102313890,지번
1165010200102550010,서울특별시 서초구 양재동,서울특별시 서초구 언남길 43 (양재동),근린생활2,제2종근린생활시설,102318846,지번
1165010100108580040,서울특별시 서초구 방배동,서울특별시 서초구 방배중앙로15길 3 (방배동),근린생활2,제2종근린생활시설,102313417,지번
1165010200102300000,서울특별시 서초구 양재동,서울특별시 서초구 청계산로 10 (양재동),판매시설,판매시설,102318726,지번
1165010800115750011,서울특별시 서초구 서초동,서울특별시 서초구 서초대로50길 39 (서초동),근린생활2,제2종근린생활시설,1023115931,지번
1165010800117240000,서울특별시 서초구 서초동,서울특별시 서초구 반포대로 172 (서초동),근린생활1,업무시설,10231100211731,지번
1165010800117240000,서울특별시 서초구 서초동,서울특별시 서초구 반포대로 158 (서초동),근린생활1,제1종근린생활시설,1023117133,지번
1165010100108310001,서울특별시 서초구 방배동,서울특별시 서초구 방배중앙로 114 (방배동),근린생활2,제2종근린생활시설,102313023,지번
1165010200100800014,서울특별시 서초구 양재동,서울특별시 서초구 양재천로21길 3 (양재동),근린생활2,제2종근린생활시설,102318299,지번
1165010200102490003,서울특별시 서초구 양재동,서울특별시 서초구 마방로 10 (양재동),근린생활2,제2종근린생활시설,102318787,지번
1165010600100100036,서울특별시 서초구 잠원동,서울특별시 서초구 강남대로101안길 42 (잠원동),근린생활2,제2종근린생활시설,1023111185,지번
1165010100108230001,서울특별시 서초구 방배동,서울특별시 서초구 동광로8길 1 (방배동),근린생활2,제2종근린생활시설,102312885,지번
1165010200100840006,서울특별시 서초구 양재동,서울특별시 서초구 논현로 131 (양재동),근린생활1,제1종근린생활시설,102318345,지번
1165010100108110020,서울특별시 서초구 방배동,서울특별시 서초구 서초대로25길 89 (방배동),근린생활2,제2종근린생활시설,102312669,지번
1165010700100200051,서울특별시 서초구 반포동,서울특별시 서초구 사평대로45길 10-25 (반포동),근린생활2,제2종근린생활시설,10231100185468,지번
1165010100108110019,서울특별시 서초구 방배동,서울특별시 서초구 서초대로25길 87 (방배동),근린생활2,제2종근린생활시설,102312668,지번
1165010200102760001,서울특별시 서초구 양재동,서울특별시 서초구 논현로19길 17 (양재동),근린생활2,제2종근린생활시설,102319043,지번
1165010600100380013,서울특별시 서초구 잠원동,서울특별시 서초구 신반포로47길 18-3 (잠원동),근린생활2,제2종근린생활시설,1023111534,지번
1165010800115560009,서울특별시 서초구 서초동,서울특별시 서초구 반포대로28길 39 (서초동),근린생활1,제1종근린생활시설,1023115734,지번
1165010200100010008,서울특별시 서초구 양재동,서울특별시 서초구 남부순환로 2628-18 (양재동),근린생활2,제2종근린생활시설,102317788,지번
1165010200102870001,서울특별시 서초구 양재동,서울특별시 서초구 논현로11길 6-17 (양재동),근린생활1,제1종근린생활시설,102319125,지번
1165010200103940007,서울특별시 서초구 양재동,서울특별시 서초구 논현로5길 14 (양재동),근린생활2,제2종근린생활시설,102319809,지번
1165010200100110076,서울특별시 서초구 양재동,서울특별시 서초구 강남대로34길 27-4 (양재동),근린생활2,제2종근린생활시설,102318085,지번
1165010200100080034,서울특별시 서초구 양재동,서울특별시 서초구 바우뫼로39길 88-13 (양재동),근린생활2,제2종근린생활시설,102317932,지번
1165010600100250012,서울특별시 서초구 잠원동,서울특별시 서초구 나루터로12길 34 (잠원동),근린생활2,제2종근린생활시설,1023111350,지번
1165010100108770013,서울특별시 서초구 방배동,서울특별시 서초구 서초대로 117 (방배동),근린생활2,제2종근린생활시설,102313694,지번
1165010100107830024,서울특별시 서초구 방배동,서울특별시 서초구 동작대로 172 (방배동),근린생활2,제2종근린생활시설,102312389,지번
1165010200100100029,서울특별시 서초구 양재동,서울특별시 서초구 남부순환로350길 57 (양재동),근린생활1,제1종근린생활시설,102318015,지번
1165010100107690014,서울특별시 서초구 방배동,서울특별시 서초구 방배중앙로 174-2 (방배동),근린생활1,제1종근린생활시설,102312212,지번
1165010800116680003,서울특별시 서초구 서초동,서울특별시 서초구 서초대로58길 31-11 (서초동),근린생활2,제2종근린생활시설,1023116872,지번
1165010800116690015,서울특별시 서초구 서초동,서울특별시 서초구 서초대로56길 22 (서초동),근린생활2,제2종근린생활시설,1023116897,지번
1165010200103980012,서울특별시 서초구 양재동,서울특별시 서초구 동산로16길 35 (양재동),근린생활2,제2종근린생활시설,102319837,지번
1165010200100150015,서울특별시 서초구 양재동,서울특별시 서초구 남부순환로356길 78 (양재동),근린생활2,제2종근린생활시설,102318139,지번
1165010800113570021,서울특별시 서초구 서초동,서울특별시 서초구 강남대로45길 20 (서초동),근린생활1,제1종근린생활시설,1023114483,지번
1165010800113640040,서울특별시 서초구 서초동,서울특별시 서초구 서운로6길 30 (서초동),근린생활2,제2종근린생활시설,1023114639,지번
1165010100109280001,서울특별시 서초구 방배동,서울특별시 서초구 방배로19길 45 (방배동),근린생활1,제1종근린생활시설,102314378,지번
1165010800116210025,서울특별시 서초구 서초동,서울특별시 서초구 서초중앙로6길 17 (서초동),근린생활2,제2종근린생활시설,1023116406,지번
1165010800113320002,서울특별시 서초구 서초동,서울특별시 서초구 사임당로 151 (서초동),판매시설,판매시설,1023117260,지번
1165010100108760009,서울특별시 서초구 방배동,서울특별시 서초구 서초대로25길 16-1 (방배동),근린생활1,제1종근린생활시설,102313663,지번
1165010100109770008,서울특별시 서초구 방배동,서울특별시 서초구 효령로21길 42 (방배동),근린생활2,제2종근린생활시설,102315402,지번
1165010100110210010,서울특별시 서초구 방배동,서울특별시 서초구 방배로6길 15 (방배동),근린생활2,제2종근린생활시설,102315626,지번
1165010200103430014,서울특별시 서초구 양재동,서울특별시 서초구 강남대로8길 40-41 (양재동),근린생활1,제1종근린생활시설,102319529,지번
1165010200100910007,서울특별시 서초구 양재동,서울특별시 서초구 양재천로23길 6 (양재동),근린생활2,제2종근린생활시설,102318403,지번
1165010100122290000,서울특별시 서초구 방배동,서울특별시 서초구 방배중앙로21길 53 (방배동),근린생활2,제2종근린생활시설,102317697,지번
1165010100114290000,서울특별시 서초구 방배동,서울특별시 서초구 동광로12가길 9 (방배동),근린생활2,제2종근린생활시설,102315667,지번
1165010600100260004,서울특별시 서초구 잠원동,서울특별시 서초구 강남대로97길 27 (잠원동),근린생활1,제1종근린생활시설,1023111370,지번
1165010600100250025,서울특별시 서초구 잠원동,서울특별시 서초구 강남대로95길 40 (잠원동),근린생활1,제1종근린생활시설,1023111363,지번
1165010100109510013,서울특별시 서초구 방배동,서울특별시 서초구 서초대로4길 15 (방배동),근린생활1,제1종근린생활시설,102314858,지번
1165010200102910021,서울특별시 서초구 양재동,서울특별시 서초구 동산로 61 (양재동),근린생활2,제2종근린생활시설,102319175,지번
1165010100107920003,서울특별시 서초구 방배동,서울특별시 서초구 방배중앙로 140 (방배동),근린생활2,제2종근린생활시설,102312496,지번
1165010200102410009,서울특별시 서초구 양재동,서울특별시 서초구 강남대로 86 (양재동),근린생활1,제1종근린생활시설,10231100226474,지번
1165010800115850007,서울특별시 서초구 서초동,서울특별시 서초구 반포대로 42 (서초동),근린생활1,제1종근린생활시설,1023116012,지번
1165010700107310001,서울특별시 서초구 반포동,서울특별시 서초구 주흥길 38 (반포동),근린생활2,제2종근린생활시설,10231100213511,지번
1165010100107270003,서울특별시 서초구 방배동,서울특별시 서초구 사평대로6길 7 (방배동),근린생활2,제2종근린생활시설,10231100213711,지번
1165010800113420013,서울특별시 서초구 서초동,서울특별시 서초구 서운로11길 28 (서초동),근린생활1,제1종근린생활시설,1023114390,지번
1165010200100040016,서울특별시 서초구 양재동,서울특별시 서초구 바우뫼로 215 (양재동),근린생활2,제2종근린생활시설,10231100191090,지번
1165010100108990004,서울특별시 서초구 방배동,서울특별시 서초구 방배로 138 (방배동),근린생활2,제2종근린생활시설,102313896,지번
1165010200100160034,서울특별시 서초구 양재동,서울특별시 서초구 논현로31길 64 (양재동),근린생활2,제2종근린생활시설,102318164,지번
1165010800116290003,서울특별시 서초구 서초동,서울특별시 서초구 사임당로 86 (서초동),근린생활2,제2종근린생활시설,1023116513,지번
1165010100108370006,서울특별시 서초구 방배동,서울특별시 서초구 서초대로25길 77 (방배동),근린생활2,제2종근린생활시설,102313140,지번
1165010200102530013,서울특별시 서초구 양재동,서울특별시 서초구 마방로4길 15-40 (양재동),근린생활2,제2종근린생활시설,102318828,지번
1165010100109510019,서울특별시 서초구 방배동,서울특별시 서초구 서초대로 30 (방배동),근린생활2,제2종근린생활시설,102314864,지번
1165010200100820003,서울특별시 서초구 양재동,서울특별시 서초구 바우뫼로 190 (양재동),근린생활2,제2종근린생활시설,102318315,지번
1165010800115370001,서울특별시 서초구 서초동,서울특별시 서초구 반포대로 79 (서초동),근린생활2,제2종근린생활시설,1023115574,지번
1165010800117130004,서울특별시 서초구 서초동,서울특별시 서초구 법원로2길 15 (서초동),근린생활1,제1종근린생활시설,1023118244,지번
1165010700100180003,서울특별시 서초구 반포동,서울특별시 서초구 반포대로 287 (반포동),근린생활1,제1종근린생활시설,10231100192271,지번
1165010700101070001,서울특별시 서초구 반포동,서울특별시 서초구 사평대로 112 (반포동),근린생활2,제2종근린생활시설,1023112326,지번
1165010800116890001,서울특별시 서초구 서초동,서울특별시 서초구 서초대로 331 (서초동),근린생활1,제1종근린생활시설,1023116955,지번
1165010700100790007,서울특별시 서초구 반포동,서울특별시 서초구 서래로2길 39 (반포동),근린생활2,제2종근린생활시설,1023113537,지번
1165010100108650035,서울특별시 서초구 방배동,서울특별시 서초구 방배천로 112 (방배동),근린생활1,제1종근린생활시설,102313500,지번
1165010200100820017,서울특별시 서초구 양재동,서울특별시 서초구 논현로27길 72 (양재동),근린생활2,제2종근린생활시설,102318327,지번
1165010200102730008,서울특별시 서초구 양재동,서울특별시 서초구 마방로6길 7-67 (양재동),근린생활2,제2종근린생활시설,102319029,지번
1165010800113050002,서울특별시 서초구 서초동,서울특별시 서초구 강남대로 439 (서초동),근린생활1,제1종근린생활시설,1023114210,지번
1165010800114860018,서울특별시 서초구 서초동,서울특별시 서초구 남부순환로315길 100 (서초동),근린생활2,제2종근린생활시설,1023115167,지번
1165010100107670020,서울특별시 서초구 방배동,서울특별시 서초구 동광로11길 63 (방배동),근린생활2,제2종근린생활시설,102312184,지번
1165010100109410010,서울특별시 서초구 방배동,서울특별시 서초구 방배중앙로 64 (방배동),근린생활2,제2종근린생활시설,102314612,지번
1165010100108790010,서울특별시 서초구 방배동,서울특별시 서초구 서초대로29길 10-5 (방배동),근린생활2,제2종근린생활시설,102313731,지번
1165010800113030038,서울특별시 서초구 서초동,서울특별시 서초구 강남대로 453 (서초동),근린생활1,제1종근린생활시설,1023114203,지번
1165010100107930021,서울특별시 서초구 방배동,서울특별시 서초구 동광로19길 5 (방배동),근린생활2,제2종근린생활시설,102312523,지번
1165010200103160001,서울특별시 서초구 양재동,서울특별시 서초구 마방로2길 68 (양재동),근린생활2,제2종근린생활시설,102319298,지번
1165010100108370009,서울특별시 서초구 방배동,서울특별시 서초구 서초대로25길 67 (방배동),근린생활2,제2종근린생활시설,102313141,지번
1165010600100080009,서울특별시 서초구 잠원동,서울특별시 서초구 강남대로101길 34 (잠원동),근린생활2,제2종근린생활시설,1023111133,지번
1165010600100390010,서울특별시 서초구 잠원동,서울특별시 서초구 신반포로47길 9-6 (잠원동),근린생활2,제2종근린생활시설,1023111555,지번
1165010100109310018,서울특별시 서초구 방배동,서울특별시 서초구 방배중앙로 54 (방배동),근린생활2,제2종근린생활시설,102314452,지번
1165010100108090001,서울특별시 서초구 방배동,서울특별시 서초구 방배로34길 12 (방배동),근린생활2,제2종근린생활시설,102312626,지번
1165010100100170015,서울특별시 서초구 방배동,서울특별시 서초구 방배로42길 23-4 (방배동),근린생활1,제1종근린생활시설,10231606,지번
1165010600100120025,서울특별시 서초구 잠원동,,근린생활2,제2종근린생활시설,1023111226,지번
1165010700100830016,서울특별시 서초구 반포동,서울특별시 서초구 동광로49길 7 (반포동),근린생활2,제2종근린생활시설,1023112214,지번
1165010800114570002,서울특별시 서초구 서초동,서울특별시 서초구 효령로 276 (서초동),근린생활1,제1종근린생활시설,1023114957,지번
1165010700100570002,서울특별시 서초구 반포동,서울특별시 서초구 서초중앙로 253 (반포동),근린생활2,제2종근린생활시설,1023112126,지번
1165010100107920001,서울특별시 서초구 방배동,서울특별시 서초구 방배중앙로 144 (방배동),근린생활1,제1종근린생활시설,102312494,지번
1165010800113420004,서울특별시 서초구 서초동,서울특별시 서초구 효령로 406 (서초동),근린생활1,제1종근린생활시설,1023117307,지번
1165010200102700011,서울특별시 서초구 양재동,서울특별시 서초구 언남11길 16-9 (양재동),근린생활1,제1종근린생활시설,102318991,지번
1165010100108990003,서울특별시 서초구 방배동,서울특별시 서초구 방배로 140 (방배동),근린생활2,제2종근린생활시설,102313895,지번
1165010800113070018,서울특별시 서초구 서초동,서울특별시 서초구 강남대로65길 7 (서초동),근린생활2,제2종근린생활시설,1023117154,지번
1165010100108750015,서울특별시 서초구 방배동,서울특별시 서초구 서초대로25길 17 (방배동),근린생활2,제2종근린생활시설,102313655,지번
1165010300100020009,서울특별시 서초구 우면동,서울특별시 서초구 바우뫼로6길 8-4 (우면동),근린생활2,제2종근린생활시설,1023110546,지번
1165010400103770003,서울특별시 서초구 원지동,서울특별시 서초구 원터길 15 (원지동),근린생활2,제2종근린생활시설,1023111075,지번
1165010600100750010,서울특별시 서초구 잠원동,서울특별시 서초구 신반포로 157 (잠원동),근린생활1,제1종근린생활시설,1023112002,지번
1165010800115640001,서울특별시 서초구 서초동,서울특별시 서초구 서초대로48길 101 (서초동),근린생활2,제2종근린생활시설,1023115794,지번
1165010100107940019,서울특별시 서초구 방배동,서울특별시 서초구 동광로19길 19 (방배동),근린생활1,제1종근린생활시설,102312532,지번
1165010600100260002,서울특별시 서초구 잠원동,서울특별시 서초구 나루터로12길 27 (잠원동),근린생활2,제2종근린생활시설,1023111369,지번
1165010100109110011,서울특별시 서초구 방배동,서울특별시 서초구 효령로29길 6 (방배동),근린생활2,제2종근린생활시설,1000000000000005831368,지번
1165010600100690012,서울특별시 서초구 잠원동,서울특별시 서초구 신반포로 205 (잠원동),판매시설,판매시설,1023111950,지번
1165010100104670010,서울특별시 서초구 방배동,서울특별시 서초구 방배천로6길 32-2 (방배동),근린생활1,제1종근린생활시설,102311409,지번
1165010700100190003,서울특별시 서초구 반포동,서울특별시 서초구 신반포로 176 (반포동),판매시설,판매시설,1023112036,지번
1165010800114900045,서울특별시 서초구 서초동,서울특별시 서초구 효령로 173 (서초동),근린생활2,제2종근린생활시설,1023115289,지번
1165011100102410006,서울특별시 서초구 신원동,서울특별시 서초구 청룡마을4길 11 (신원동),근린생활1,제1종근린생활시설,10231100246315,지번
1165010700100580006,서울특별시 서초구 반포동,서울특별시 서초구 고무래로 10-6 (반포동),근린생활2,제2종근린생활시설,1023112135,지번
1165010100105280097,서울특별시 서초구 방배동,서울특별시 서초구 효령로 33 (방배동),근린생활2,제2종근린생활시설,102311661,지번
1165010100109510018,서울특별시 서초구 방배동,서울특별시 서초구 서초대로 28 (방배동),근린생활2,제2종근린생활시설,102314863,지번
1165010200102780002,서울특별시 서초구 양재동,서울특별시 서초구 언남19길 15 (양재동),근린생활2,제2종근린생활시설,102319065,지번
1165010100108830015,서울특별시 서초구 방배동,서울특별시 서초구 서초대로34길 31 (방배동),근린생활2,제2종근린생활시설,10231100227755,지번
1165010100104650022,서울특별시 서초구 방배동,서울특별시 서초구 방배천로6길 43 (방배동),근린생활2,제2종근린생활시설,102311392,지번
1165010100108160007,서울특별시 서초구 방배동,서울특별시 서초구 방배로31길 36 (방배동),근린생활2,제2종근린생활시설,10231100216342,지번
1165010100104420003,서울특별시 서초구 방배동,서울특별시 서초구 동작대로 36 (방배동),근린생활2,제2종근린생활시설,102311025,지번
1165010900101680007,서울특별시 서초구 내곡동,서울특별시 서초구 능안말2길 16 (내곡동),근린생활1,제1종근린생활시설,1023118560,지번
1165010100108930007,서울특별시 서초구 방배동,서울특별시 서초구 서초대로34길 22 (방배동),근린생활2,제2종근린생활시설,102313850,지번
1165010100109570004,서울특별시 서초구 방배동,서울특별시 서초구 도구로 75-1 (방배동),근린생활1,단독주택,102314954,지번
1165010100109570004,서울특별시 서초구 방배동,서울특별시 서초구 도구로 75 (방배동),근린생활1,제1종근린생활시설,102314955,지번
1165010600100580007,서울특별시 서초구 잠원동,서울특별시 서초구 나루터로 42 (잠원동),근린생활1,제1종근린생활시설,1023111679,지번
1165010600100580007,서울특별시 서초구 잠원동,서울특별시 서초구 나루터로 42 (잠원동),근린생활1,단독주택,1023111680,지번
1165010600100120017,서울특별시 서초구 잠원동,서울특별시 서초구 강남대로 617 (잠원동),근린생활2,제2종근린생활시설,1023111222,지번
1165010800116970002,서울특별시 서초구 서초동,서울특별시 서초구 서초중앙로28길 12 (서초동),근린생활2,제2종근린생활시설,1023117001,지번
1165010200100070004,서울특별시 서초구 양재동,서울특별시 서초구 남부순환로358길 52 (양재동),근린생활2,제2종근린생활시설,102317885,지번
1165010800113030031,서울특별시 서초구 서초동,서울특별시 서초구 강남대로 463 (서초동),근린생활1,제1종근린생활시설,10231100204412,지번
1165010800113570032,서울특별시 서초구 서초동,서울특별시 서초구 강남대로45길 6 (서초동),근린생활2,제2종근린생활시설,1023114487,지번
1165010800113640050,서울특별시 서초구 서초동,서울특별시 서초구 강남대로37길 40 (서초동),근린생활2,제2종근린생활시설,1023114646,지번
1165010200100890006,서울특별시 서초구 양재동,서울특별시 서초구 양재천로 135-4 (양재동),근린생활2,제2종근린생활시설,102318390,지번
1165010800114570004,서울특별시 서초구 서초동,서울특별시 서초구 반포대로10길 45 (서초동),근린생활1,제1종근린생활시설,1023114958,지번
1165010800116850008,서울특별시 서초구 서초동,서울특별시 서초구 서초중앙로24길 27 (서초동),근린생활1,제1종근린생활시설,1023118211,지번
1165010100108230016,서울특별시 서초구 방배동,서울특별시 서초구 동광로10길 18 (방배동),근린생활2,제2종근린생활시설,102312894,지번
1165010100109140015,서울특별시 서초구 방배동,서울특별시 서초구 방배로13길 41-3 (방배동),근린생활1,제1종근린생활시설,102314172,지번
1165010200100200028,서울특별시 서초구 양재동,서울특별시 서초구 강남대로 156-1 (양재동),근린생활2,제2종근린생활시설,102318229,지번
1165010700107380043,서울특별시 서초구 반포동,,근린생활2,제2종근린생활시설,1023113239,지번
1165010600100290026,서울특별시 서초구 잠원동,서울특별시 서초구 강남대로95길 9-22 (잠원동),근린생활2,제2종근린생활시설,1023111417,지번
1165010800113600025,서울특별시 서초구 서초동,서울특별시 서초구 남부순환로347길 48-8 (서초동),근린생활2,제2종근린생활시설,1023114569,지번
1165010200101190001,서울특별시 서초구 양재동,서울특별시 서초구 양재천로11길 11 (양재동),근린생활1,제1종근린생활시설,102318578,지번
1165010800114870004,서울특별시 서초구 서초동,서울특별시 서초구 효령로 204 (서초동),근린생활2,제2종근린생활시설,1023115172,지번
1165010100108790019,서울특별시 서초구 방배동,서울특별시 서초구 서초대로29길 22-18 (방배동),근린생활2,제2종근린생활시설,102317072,지번
1165010700100560001,서울특별시 서초구 반포동,서울특별시 서초구 서초중앙로 245 (반포동),근린생활1,제1종근린생활시설,1023112123,지번
1165010700100450002,서울특별시 서초구 반포동,서울특별시 서초구 서초중앙로29길 16 (반포동),근린생활2,제2종근린생활시설,1023112054,지번
1165010800116590021,서울특별시 서초구 서초동,서울특별시 서초구 서초중앙로20길 37 (서초동),근린생활2,제2종근린생활시설,1023116814,지번
1165010100107820001,서울특별시 서초구 방배동,서울특별시 서초구 동작대로 194 (방배동),근린생활1,제1종근린생활시설,102312349,지번
1165010200103060007,서울특별시 서초구 양재동,서울특별시 서초구 언남10길 21 (양재동),근린생활2,제2종근린생활시설,102319249,지번
1165010200102670003,서울특별시 서초구 양재동,서울특별시 서초구 마방로10길 18-13 (양재동),근린생활1,제1종근린생활시설,102318959,지번
1165011000101100001,서울특별시 서초구 염곡동,서울특별시 서초구 염곡안길 25 (염곡동),근린생활1,단독주택,1023118784,지번
1165010700107370018,서울특별시 서초구 반포동,서울특별시 서초구 강남대로 487 (반포동),근린생활1,제1종근린생활시설,1023113208,지번
1165010800113050003,서울특별시 서초구 서초동,서울특별시 서초구 강남대로 437 (서초동),근린생활1,제1종근린생활시설,1023114211,지번
1165010100108640026,서울특별시 서초구 방배동,서울특별시 서초구 도구로 111 (방배동),근린생활2,단독주택,102313484,지번
1165010200103970006,서울특별시 서초구 양재동,서울특별시 서초구 논현로5길 36 (양재동),근린생활2,제2종근린생활시설,102319826,지번
1165010800114430003,서울특별시 서초구 서초동,서울특별시 서초구 효령로 316 (서초동),근린생활2,제2종근린생활시설,1023114832,지번
1165010100109220017,서울특별시 서초구 방배동,서울특별시 서초구 효령로29길 39 (방배동),근린생활2,제2종근린생활시설,102314287,지번
1165010100109800043,서울특별시 서초구 방배동,서울특별시 서초구 효령로 59 (방배동),근린생활1,제1종근린생활시설,102315480,지번
1165010100115490000,서울특별시 서초구 방배동,서울특별시 서초구 동작대로 118 (방배동),근린생활1,제1종근린생활시설,102317685,지번
1165010800114510002,서울특별시 서초구 서초동,서울특별시 서초구 반포대로 30 (서초동),근린생활2,제2종근린생활시설,1023114888,지번
1165010800115760007,서울특별시 서초구 서초동,서울특별시 서초구 서초중앙로 97 (서초동),근린생활1,제1종근린생활시설,1023115939,지번
1165010600100200005,서울특별시 서초구 잠원동,서울특별시 서초구 강남대로 603 (잠원동),근린생활2,제2종근린생활시설,1023111280,지번
1165010600100210001,서울특별시 서초구 잠원동,서울특별시 서초구 강남대로99길 9 (잠원동),근린생활1,제1종근린생활시설,1023111282,지번
1165010100109080012,서울특별시 서초구 방배동,서울특별시 서초구 방배로 82 (방배동),근린생활2,제2종근린생활시설,102314063,지번
1165010100104500009,서울특별시 서초구 방배동,서울특별시 서초구 방배천로 12-11 (방배동),근린생활1,제1종근린생활시설,102311089,지번
1165010600100430001,서울특별시 서초구 잠원동,서울특별시 서초구 신반포로43길 34 (잠원동),근린생활2,제2종근린생활시설,1023111582,지번
1165010700100760009,서울특별시 서초구 반포동,서울특별시 서초구 동광로39길 46 (반포동),근린생활2,제2종근린생활시설,1023112186,지번
1165010800116970014,서울특별시 서초구 서초동,서울특별시 서초구 서초대로53길 20-4 (서초동),근린생활2,제2종근린생활시설,1023117013,지번
1165010800116600001,서울특별시 서초구 서초동,서울특별시 서초구 서초중앙로20길 14 (서초동),근린생활2,제2종근린생활시설,1023118119,지번
1165010100108510006,서울특별시 서초구 방배동,서울특별시 서초구 방배로 176-6 (방배동),근린생활2,제2종근린생활시설,102313237,지번
1165010100108510006,서울특별시 서초구 방배동,서울특별시 서초구 방배로 174 (방배동),근린생활2,제2종근린생활시설,102316947,지번
1165010100109100012,서울특별시 서초구 방배동,서울특별시 서초구 방배로 93 (방배동),근린생활2,제2종근린생활시설,102314098,지번
1165010200100200030,서울특별시 서초구 양재동,서울특별시 서초구 강남대로 156-4 (양재동),근린생활2,제2종근린생활시설,102318231,지번
1165010200100200034,서울특별시 서초구 양재동,서울특별시 서초구 바우뫼로 177 (양재동),근린생활2,제2종근린생활시설,102318234,지번
1165010200101100001,서울특별시 서초구 양재동,서울특별시 서초구 강남대로25길 27 (양재동),근린생활1,제1종근린생활시설,102318528,지번
1165010200101130008,서울특별시 서초구 양재동,서울특별시 서초구 양재천로13길 23 (양재동),근린생활2,제2종근린생활시설,102318551,지번
1165010200102470009,서울특별시 서초구 양재동,서울특별시 서초구 언남1길 18 (양재동),근린생활1,제1종근린생활시설,102318779,지번
1165010200102910013,서울특별시 서초구 양재동,서울특별시 서초구 동산로15길 7 (양재동),근린생활2,제2종근린생활시설,102319167,지번
1165010200102910023,서울특별시 서초구 양재동,서울특별시 서초구 동산로13길 10 (양재동),근린생활1,제1종근린생활시설,102319177,지번
1165010200102930004,서울특별시 서초구 양재동,서울특별시 서초구 논현로11길 46 (양재동),근린생활2,제2종근린생활시설,102319193,지번
1165010200103140000,서울특별시 서초구 양재동,서울특별시 서초구 강남대로18길 16-6 (양재동),근린생활2,제2종근린생활시설,102319285,지번
1165010200103280009,서울특별시 서초구 양재동,서울특별시 서초구 강남대로10길 8 (양재동),근린생활2,제2종근린생활시설,102319379,지번
1165010200103280011,서울특별시 서초구 양재동,서울특별시 서초구 강남대로10길 14 (양재동),근린생활2,제2종근린생활시설,102319381,지번
1165010200103530004,서울특별시 서초구 양재동,서울특별시 서초구 강남대로2길 7 (양재동),근린생활2,제2종근린생활시설,102319604,지번
1165010200103550003,서울특별시 서초구 양재동,서울특별시 서초구 강남대로6길 36-11 (양재동),근린생활1,제1종근린생활시설,102319617,지번
1165010100128770051,서울특별시 서초구 방배동,서울특별시 서초구 전원말4길 21 (방배동),근린생활1,제1종근린생활시설,102315952,지번
1165010800113600014,서울특별시 서초구 서초동,서울특별시 서초구 강남대로39길 6-21 (서초동),근린생활2,제2종근린생활시설,1023114562,지번
1165010100108550025,서울특별시 서초구 방배동,서울특별시 서초구 서초대로19길 39 (방배동),근린생활2,제2종근린생활시설,102313320,지번
1165010800116970006,서울특별시 서초구 서초동,서울특별시 서초구 서초대로53길 28 (서초동),근린생활2,제2종근린생활시설,1023117005,지번
1165010600100090006,서울특별시 서초구 잠원동,서울특별시 서초구 나루터로15길 30-9 (잠원동),근린생활2,제2종근린생활시설,1023111151,지번
1165010700107390003,서울특별시 서초구 반포동,서울특별시 서초구 사평대로55길 33 (반포동),근린생활1,제1종근린생활시설,1023113247,지번
1165010600100250024,서울특별시 서초구 잠원동,서울특별시 서초구 강남대로95길 38 (잠원동),근린생활1,제1종근린생활시설,1023111362,지번
1165010200100190011,서울특별시 서초구 양재동,서울특별시 서초구 바우뫼로39길 32-18 (양재동),근린생활2,제2종근린생활시설,102318212,지번
1165010200102450005,서울특별시 서초구 양재동,서울특별시 서초구 언남1길 4 (양재동),근린생활2,제2종근린생활시설,102318765,지번
1165010800115690014,서울특별시 서초구 서초동,서울특별시 서초구 반포대로22길 89 (서초동),근린생활2,제2종근린생활시설,1023115857,지번
1165010300106860000,서울특별시 서초구 우면동,서울특별시 서초구 성촌1길 26 (우면동),근린생활2,제2종근린생활시설,10231100238054,지번
1165010100125250000,서울특별시 서초구 방배동,서울특별시 서초구 방배선행길 1 (방배동),판매시설,공동주택,102317706,지번
1165010100125250000,서울특별시 서초구 방배동,서울특별시 서초구 방배선행길 1 (방배동),판매시설,공동주택,102317707,지번
1165010100125250000,서울특별시 서초구 방배동,서울특별시 서초구 방배선행길 1 (방배동),판매시설,공동주택,102317708,지번
1165010100125250000,서울특별시 서초구 방배동,서울특별시 서초구 방배선행길 1 (방배동),판매시설,공동주택,102317709,지번
1165010100125250000,서울특별시 서초구 방배동,서울특별시 서초구 방배선행길 1 (방배동),판매시설,공동주택,102317710,지번
1165010100125250000,서울특별시 서초구 방배동,서울특별시 서초구 방배선행길 1 (방배동),판매시설,공동주택,102317711,지번
1165010100125250000,서울특별시 서초구 방배동,서울특별시 서초구 과천대로 946 (방배동),판매시설,판매시설,102317712,지번
1165010100125250000,서울특별시 서초구 방배동,서울특별시 서초구 방배선행길 1 (방배동),판매시설,공동주택,102317713,지번
1165010100125250000,서울특별시 서초구 방배동,서울특별시 서초구 방배선행길 1 (방배동),판매시설,공동주택,102317714,지번
1165010100125250000,서울특별시 서초구 방배동,서울특별시 서초구 방배선행길 1 (방배동),판매시설,공동주택,102317715,지번
1165010600100750019,서울특별시 서초구 잠원동,서울특별시 서초구 신반포로 177 (잠원동),근린생활,근린생활시설,1023112004,지번
1165010800115110010,서울특별시 서초구 서초동,서울특별시 서초구 반포대로21길 42 (서초동),근린생활2,제2종근린생활시설,1023115471,지번
1165010700100530003,서울특별시 서초구 반포동,서울특별시 서초구 고무래로10길 17 (반포동),근린생활1,제1종근린생활시설,1023112096,지번
1165010600100470006,서울특별시 서초구 잠원동,,근린생활2,제2종근린생활시설,10231100226674,지번
1165010800113030003,서울특별시 서초구 서초동,서울특별시 서초구 사평대로 368 (서초동),근린생활1,제1종근린생활시설,1023114194,지번
1165010800113040003,서울특별시 서초구 서초동,서울특별시 서초구 강남대로 447 (서초동),근린생활1,제1종근린생활시설,1023114206,지번
1165010800115770006,서울특별시 서초구 서초동,서울특별시 서초구 반포대로24길 95 (서초동),근린생활1,제1종근린생활시설,1023115951,지번
1165010100110200004,서울특별시 서초구 방배동,서울특별시 서초구 효령로34길 76 (방배동),근린생활2,제2종근린생활시설,102315618,지번
1165010800113150000,서울특별시 서초구 서초동,서울특별시 서초구 서초대로 389 (서초동),근린생활1,제1종근린생활시설,1023117205,지번
1165010800113150000,서울특별시 서초구 서초동,서울특별시 서초구 서초대로 385 (서초동),근린생활1,공동주택,1023117206,지번
1165010800113150000,서울특별시 서초구 서초동,서울특별시 서초구 서초대로 385 (서초동),근린생활1,공동주택,1023117207,지번
1165010800113150000,서울특별시 서초구 서초동,서울특별시 서초구 서초대로 385 (서초동),근린생활1,공동주택,1023117208,지번
1165010800113150000,서울특별시 서초구 서초동,서울특별시 서초구 서초대로 385 (서초동),근린생활1,공동주택,1023117209,지번
1165010800113150000,서울특별시 서초구 서초동,서울특별시 서초구 서초대로 385 (서초동),근린생활1,공동주택,1023117210,지번
1165010800113150000,서울특별시 서초구 서초동,서울특별시 서초구 서초대로 385 (서초동),근린생활1,공동주택,1023117211,지번
1165010800113150000,서울특별시 서초구 서초동,서울특별시 서초구 서초대로 385 (서초동),근린생활1,공동주택,1023117212,지번
1165010800116480009,서울특별시 서초구 서초동,서울특별시 서초구 사임당로 97 (서초동),근린생활2,제2종근린생활시설,1023116706,지번
1165010100109100013,서울특별시 서초구 방배동,서울특별시 서초구 방배로 95 (방배동),근린생활1,제1종근린생활시설,102314099,지번
1165010700100520014,서울특별시 서초구 반포동,서울특별시 서초구 서초중앙로33길 6-8 (반포동),근린생활2,제2종근린생활시설,1023112095,지번
1165010100104740036,서울특별시 서초구 방배동,서울특별시 서초구 방배천로2길 53 (방배동),근린생활1,제1종근린생활시설,102311483,지번
1165010800114850013,서울특별시 서초구 서초동,서울특별시 서초구 반포대로9길 30 (서초동),근린생활1,제1종근린생활시설,1023115146,지번
1165010800115270007,서울특별시 서초구 서초동,서울특별시 서초구 효령로 221 (서초동),근린생활1,제1종근린생활시설,1023115530,지번
1165010800113020052,서울특별시 서초구 서초동,서울특별시 서초구 사평대로 362 (서초동),근린생활1,제1종근린생활시설,1023117146,지번
1165010700107370007,서울특별시 서초구 반포동,,근린생활2,창고시설,1000000000000007368812,지번
1165010700107370007,서울특별시 서초구 반포동,,근린생활2,제2종근린생활시설,1023113203,지번
1165010700107370007,서울특별시 서초구 반포동,,근린생활2,제2종근린생활시설,1023113976,지번
1165010600100560003,서울특별시 서초구 잠원동,서울특별시 서초구 잠원로8길 13 (잠원동),판매시설,교육연구시설,1023111676,지번
1165010600100560003,서울특별시 서초구 잠원동,서울특별시 서초구 잠원로 150 (잠원동),판매시설,공동주택,1023111859,지번
1165010600100560003,서울특별시 서초구 잠원동,서울특별시 서초구 잠원로 150 (잠원동),판매시설,공동주택,1023111860,지번
1165010600100560003,서울특별시 서초구 잠원동,서울특별시 서초구 잠원로 150 (잠원동),판매시설,공동주택,1023111861,지번
1165010600100560003,서울특별시 서초구 잠원동,서울특별시 서초구 잠원로 150 (잠원동),판매시설,공동주택,1023111862,지번
1165010600100560003,서울특별시 서초구 잠원동,서울특별시 서초구 잠원로 148 (잠원동),판매시설,판매시설,1023111863,지번
1165010600100560003,서울특별시 서초구 잠원동,서울특별시 서초구 잠원로 150 (잠원동),판매시설,공동주택,1023111864,지번
1165010600100560003,서울특별시 서초구 잠원동,서울특별시 서초구 잠원로 150 (잠원동),판매시설,공동주택,1023111865,지번
1165010600100560003,서울특별시 서초구 잠원동,서울특별시 서초구 잠원로 150 (잠원동),판매시설,공동주택,1023111866,지번
1165010200100660001,서울특별시 서초구 양재동,서울특별시 서초구 강남대로27길 9 (양재동),근린생활2,제2종근린생활시설,102318269,지번
1165010700100540002,서울특별시 서초구 반포동,서울특별시 서초구 고무래로8길 5 (반포동),근린생활2,제2종근린생활시설,1023112101,지번
1165010800114860009,서울특별시 서초구 서초동,서울특별시 서초구 효령로46길 4 (서초동),근린생활1,제1종근린생활시설,1023115161,지번
1165010800116370004,서울특별시 서초구 서초동,,근린생활2,제2종근린생활시설,1023116571,지번
1165010100110320000,서울특별시 서초구 방배동,서울특별시 서초구 방배로 47 (방배동),근린생활2,제2종근린생활시설,102315659,지번
1165010700100700001,서울특별시 서초구 반포동,서울특별시 서초구 사평대로28길 31 (반포동),판매시설,공동주택,1023113500,지번
1165010700100700001,서울특별시 서초구 반포동,서울특별시 서초구 사평대로28길 31 (반포동),판매시설,공동주택,1023113501,지번
1165010700100700001,서울특별시 서초구 반포동,서울특별시 서초구 사평대로28길 31 (반포동),판매시설,판매시설,1023113502,지번
1165010700100700001,서울특별시 서초구 반포동,서울특별시 서초구 사평대로28길 31 (반포동),판매시설,공동주택,1023113503,지번
1165010700100700001,서울특별시 서초구 반포동,서울특별시 서초구 사평대로28길 31 (반포동),판매시설,공동주택,1023113504,지번
1165010100104560017,서울특별시 서초구 방배동,서울특별시 서초구 방배천로8길 19 (방배동),근린생활2,제2종근린생활시설,102311211,지번
1165010600100340016,서울특별시 서초구 잠원동,서울특별시 서초구 강남대로95길 67 (잠원동),근린생활2,제2종근린생활시설,1023111453,지번
1165010100108100009,서울특별시 서초구 방배동,서울특별시 서초구 동광로 82-1 (방배동),근린생활2,제2종근린생활시설,102312645,지번
1165010800114380015,서울특별시 서초구 서초동,서울특별시 서초구 효령로66길 11 (서초동),근린생활1,제1종근린생활시설,1023114797,지번
1165010200100020012,서울특별시 서초구 양재동,서울특별시 서초구 남부순환로364길 8-15 (양재동),근린생활2,제2종근린생활시설,102317801,지번
1165010200100910008,서울특별시 서초구 양재동,서울특별시 서초구 양재천로23길 10 (양재동),근린생활1,제1종근린생활시설,102318404,지번
1165010700107340000,서울특별시 서초구 반포동,,근린생활2,제2종근린생활시설,1023113132,지번
1165010100110020017,서울특별시 서초구 방배동,서울특별시 서초구 명달로 25 (방배동),근린생활2,제2종근린생활시설,102315605,지번
1165010600100720002,서울특별시 서초구 잠원동,서울특별시 서초구 신반포로23길 30 (잠원동),근린생활1,제1종근린생활시설,1023111974,지번
1165010900100100000,서울특별시 서초구 내곡동,서울특별시 서초구 능안말2길 11 (내곡동),근린생활1,제1종근린생활시설,1023118465,지번
1165010600100100041,서울특별시 서초구 잠원동,서울특별시 서초구 강남대로101안길 32 (잠원동),근린생활2,제2종근린생활시설,1023111188,지번
1165010600100120001,서울특별시 서초구 잠원동,서울특별시 서초구 강남대로105길 15 (잠원동),근린생활1,제1종근린생활시설,1023111209,지번
1165010600100240002,서울특별시 서초구 잠원동,서울특별시 서초구 강남대로97길 59 (잠원동),근린생활1,제1종근린생활시설,1023111324,지번
1165010600100430004,서울특별시 서초구 잠원동,서울특별시 서초구 신반포로43길 26 (잠원동),근린생활1,제1종근린생활시설,1023111585,지번
1165010800113030036,서울특별시 서초구 서초동,서울특별시 서초구 서초대로77길 58 (서초동),근린생활2,제2종근린생활시설,10231100190090,지번
1165010600100220001,서울특별시 서초구 잠원동,서울특별시 서초구 강남대로99길 35 (잠원동),근린생활2,제2종근린생활시설,1023111289,지번
1165010600100260007,서울특별시 서초구 잠원동,서울특별시 서초구 강남대로97길 19 (잠원동),근린생활2,제2종근린생활시설,1023111373,지번
1165010600100300008,서울특별시 서초구 잠원동,서울특별시 서초구 신반포로47길 61 (잠원동),근린생활2,제2종근린생활시설,1023111426,지번
1165010100108250002,서울특별시 서초구 방배동,서울특별시 서초구 동광로 20 (방배동),근린생활2,제2종근린생활시설,102312909,지번
1165010100109010010,서울특별시 서초구 방배동,서울특별시 서초구 방배로22길 20 (방배동),근린생활2,제2종근린생활시설,102317155,지번
1165010100109110021,서울특별시 서초구 방배동,서울특별시 서초구 효령로31길 27 (방배동),근린생활2,제2종근린생활시설,102314115,지번
1165010100109350019,서울특별시 서초구 방배동,서울특별시 서초구 방배로19길 16 (방배동),근린생활2,제2종근린생활시설,102314530,지번
1165010100104450004,서울특별시 서초구 방배동,서울특별시 서초구 방배천로 5-1 (방배동),근린생활2,제2종근린생활시설,10231100191271,지번
1165010100109370023,서울특별시 서초구 방배동,서울특별시 서초구 서초대로24길 4 (방배동),근린생활2,제2종근린생활시설,102314566,지번
1165010800115630004,서울특별시 서초구 서초동,서울특별시 서초구 반포대로20길 45 (서초동),근린생활2,제2종근린생활시설,1023115789,지번
1165010700107260026,서울특별시 서초구 반포동,,근린생활2,제2종근린생활시설,1023112966,지번
1165010700100500005,서울특별시 서초구 반포동,,근린생활2,제2종근린생활시설,1023112075,지번
1165010700100540001,서울특별시 서초구 반포동,,근린생활1,제1종근린생활시설,1023112100,지번
1165010400103850006,서울특별시 서초구 원지동,서울특별시 서초구 청계산로 241 (원지동),근린생활2,제2종근린생활시설,1023111082,지번
1165010900100011387,서울특별시 서초구 내곡동,서울특별시 서초구 신흥안길 88 (내곡동),근린생활2,제2종근린생활시설,1023118339,지번
1165011100101920038,서울특별시 서초구 신원동,서울특별시 서초구 청계산로 229-4 (신원동),근린생활2,제2종근린생활시설,1023119000,지번
1165010100127260000,서울특별시 서초구 방배동,서울특별시 서초구 과천대로 892 (방배동),근린생활2,제2종근린생활시설,102315772,지번
1165011100102190001,서울특별시 서초구 신원동,서울특별시 서초구 청룡마을길 14 (신원동),근린생활2,제2종근린생활시설,1023119048,지번
1165011100102530007,서울특별시 서초구 신원동,서울특별시 서초구 청룡마을길 23-15 (신원동),근린생활1,제1종근린생활시설,1023119075,지번
1165010100129220000,서울특별시 서초구 방배동,서울특별시 서초구 과천대로 796 (방배동),근린생활2,자동차관련시설,102315971,지번
1165010100129220000,서울특별시 서초구 방배동,서울특별시 서초구 과천대로 796 (방배동),근린생활2,제2종근린생활시설,102315972,지번
1165010100129220000,서울특별시 서초구 방배동,서울특별시 서초구 과천대로 796 (방배동),근린생활2,자동차관련시설,102315973,지번
1165010800113060005,서울특별시 서초구 서초동,서울특별시 서초구 강남대로 421 (서초동),근린생활2,제2종근린생활시설,1023114216,지번
1165010600100400001,서울특별시 서초구 잠원동,서울특별시 서초구 신반포로47길 9-21 (잠원동),근린생활2,제2종근린생활시설,1023111560,지번
1165010700107220031,서울특별시 서초구 반포동,,근린생활1,제1종근린생활시설,1023113918,지번
1165010800113160028,서울특별시 서초구 서초동,서울특별시 서초구 서초대로73길 7 (서초동),근린생활2,제2종근린생활시설,1023114260,지번
1165010800113440010,서울특별시 서초구 서초동,서울특별시 서초구 서운로 43 (서초동),근린생활2,제2종근린생활시설,1023114406,지번
1165010800117140007,서울특별시 서초구 서초동,서울특별시 서초구 법원로4길 40 (서초동),근린생활2,제2종근린생활시설,1023117089,지번
1165010200100110008,서울특별시 서초구 양재동,서울특별시 서초구 남부순환로350길 19-5 (양재동),근린생활2,제2종근린생활시설,102319969,지번
1165010800113030037,서울특별시 서초구 서초동,서울특별시 서초구 서초대로77길 54 (서초동),근린생활1,제1종근린생활시설,10231100191331,지번
1165010800115690009,서울특별시 서초구 서초동,서울특별시 서초구 반포대로22길 81 (서초동),근린생활1,제1종근린생활시설,1023115852,지번
1165010800115710001,서울특별시 서초구 서초동,서울특별시 서초구 서초대로48길 13 (서초동),근린생활2,제2종근린생활시설,1023115874,지번
1165010800115710018,서울특별시 서초구 서초동,서울특별시 서초구 서초대로50길 24 (서초동),근린생활1,제1종근린생활시설,1023115890,지번
1165010800116020001,서울특별시 서초구 서초동,서울특별시 서초구 효령로 279 (서초동),근린생활1,제1종근린생활시설,1023116106,지번
1165010700111410000,서울특별시 서초구 반포동,서울특별시 서초구 신반포로 23 (반포동),판매시설,판매시설,1023114086,지번
1165010200100810002,서울특별시 서초구 양재동,서울특별시 서초구 바우뫼로 182 (양재동),근린생활2,제2종근린생활시설,102318302,지번
1165010200104010003,서울특별시 서초구 양재동,서울특별시 서초구 논현로1길 12 (양재동),근린생활2,제2종근린생활시설,102319852,지번
1165010200100070041,서울특별시 서초구 양재동,서울특별시 서초구 바우뫼로41길 58 (양재동),근린생활1,제1종근린생활시설,102317899,지번
1165010200102770006,서울특별시 서초구 양재동,서울특별시 서초구 언남길 87 (양재동),근린생활1,제1종근린생활시설,102319062,지번
1165010200102880001,서울특별시 서초구 양재동,서울특별시 서초구 논현로 47 (양재동),근린생활2,제2종근린생활시설,10231100191251,지번
1165010100104370003,서울특별시 서초구 방배동,서울특별시 서초구 방배천로18길 6 (방배동),근린생활2,제2종근린생활시설,10231986,지번
1165010900100010175,서울특별시 서초구 내곡동,서울특별시 서초구 샘마을길 3-2 (내곡동),근린생활1,제1종근린생활시설,1023118273,지번
1165010200103760001,서울특별시 서초구 양재동,서울특별시 서초구 동산로 54 (양재동),근린생활2,제2종근린생활시설,102319729,지번
1165010600100130001,서울특별시 서초구 잠원동,서울특별시 서초구 강남대로101길 17 (잠원동),근린생활2,제2종근린생활시설,1023111227,지번
1165010600100110006,서울특별시 서초구 잠원동,서울특별시 서초구 강남대로101안길 2 (잠원동),근린생활2,제2종근린생활시설,1023111200,지번
1165010800114850015,서울특별시 서초구 서초동,서울특별시 서초구 반포대로9길 36 (서초동),근린생활2,제2종근린생활시설,1023115148,지번
1165010200102680002,서울특별시 서초구 양재동,서울특별시 서초구 언남11길 34-8 (양재동),근린생활1,제1종근린생활시설,102318966,지번
1165010800115390006,서울특별시 서초구 서초동,서울특별시 서초구 반포대로 97 (서초동),근린생활2,제2종근린생활시설,10231100182596,지번
1165010800114420010,서울특별시 서초구 서초동,서울특별시 서초구 남부순환로339길 53 (서초동),근린생활1,제1종근린생활시설,1023114824,지번
1165010100108290039,서울특별시 서초구 방배동,서울특별시 서초구 방배천로34길 24 (방배동),근린생활1,제1종근린생활시설,102313003,지번
1165010700100450003,서울특별시 서초구 반포동,서울특별시 서초구 서초중앙로29길 6 (반포동),근린생활1,제1종근린생활시설,1023112055,지번
1165010700100580005,서울특별시 서초구 반포동,서울특별시 서초구 고무래로 10-8 (반포동),근린생활2,제2종근린생활시설,1023112134,지번
1165010700100580013,서울특별시 서초구 반포동,서울특별시 서초구 고무래로 14-6 (반포동),근린생활2,제2종근린생활시설,1023112140,지번
1165010700100730006,서울특별시 서초구 반포동,서울특별시 서초구 서래로6길 25 (반포동),근린생활2,제2종근린생활시설,1023112172,지번
1165010600100440013,서울특별시 서초구 잠원동,서울특별시 서초구 신반포로43길 23-18 (잠원동),근린생활2,제2종근린생활시설,1023111607,지번
1165010700100490010,서울특별시 서초구 반포동,서울특별시 서초구 서초중앙로31길 14-11 (반포동),근린생활2,제2종근린생활시설,1023112068,지번
1165010700100500004,서울특별시 서초구 반포동,서울특별시 서초구 서초중앙로31길 14 (반포동),근린생활1,제1종근린생활시설,1023112074,지번
1165010700100530007,서울특별시 서초구 반포동,서울특별시 서초구 서초중앙로33길 8 (반포동),근린생활2,제2종근린생활시설,1023112099,지번
1165010600100290012,서울특별시 서초구 잠원동,서울특별시 서초구 강남대로95길 19-10 (잠원동),근린생활2,제2종근린생활시설,1023111403,지번
1165010700100540013,서울특별시 서초구 반포동,서울특별시 서초구 고무래로10길 6 (반포동),근린생활2,제2종근린생활시설,1023112108,지번
1165010600100350003,서울특별시 서초구 잠원동,서울특별시 서초구 강남대로95길 55 (잠원동),근린생활2,제2종근린생활시설,1023111462,지번
1165010700100550008,서울특별시 서초구 반포동,서울특별시 서초구 고무래로8길 6-1 (반포동),근린생활2,제2종근린생활시설,1023112116,지번
1165010700100550008,서울특별시 서초구 반포동,서울특별시 서초구 고무래로8길 6-1 (반포동),근린생활2,제2종근린생활시설,1023112117,지번
1165010800116900002,서울특별시 서초구 서초동,서울특별시 서초구 서초대로 325 (서초동),근린생활1,제1종근린생활시설,1023116958,지번
1165010200103130004,서울특별시 서초구 양재동,서울특별시 서초구 강남대로18길 24-14 (양재동),근린생활2,제2종근린생활시설,102319278,지번
1165010700105350011,서울특별시 서초구 반포동,서울특별시 서초구 사평대로28길 16 (반포동),근린생활1,제1종근린생활시설,1023112477,지번
1165010800113440012,서울특별시 서초구 서초동,서울특별시 서초구 서운로 39 (서초동),근린생활2,제2종근린생활시설,1023114408,지번
1165010600100100044,서울특별시 서초구 잠원동,서울특별시 서초구 강남대로101안길 18-1 (잠원동),근린생활2,제2종근린생활시설,1023111729,지번
1165010100108130003,서울특별시 서초구 방배동,서울특별시 서초구 서초대로23길 114 (방배동),근린생활1,공동주택,10231100283915,지번
1165010800115480004,서울특별시 서초구 서초동,서울특별시 서초구 서초대로42길 71 (서초동),근린생활2,제2종근린생활시설,1023115647,지번
1165010700100260002,서울특별시 서초구 반포동,서울특별시 서초구 신반포로 270 (반포동),근린생활1,제1종근린생활시설,10231100185484,지번
1165010800113630007,서울특별시 서초구 서초동,서울특별시 서초구 강남대로37길 24-7 (서초동),근린생활2,제2종근린생활시설,1023114608,지번
1165010800114590008,서울특별시 서초구 서초동,서울특별시 서초구 효령로 260 (서초동),근린생활2,제2종근린생활시설,1023114969,지번
1165010800114820008,서울특별시 서초구 서초동,서울특별시 서초구 남부순환로317길 61 (서초동),근린생활2,제2종근린생활시설,1023115126,지번
1165010600100200002,서울특별시 서초구 잠원동,서울특별시 서초구 나루터로 82 (잠원동),근린생활1,제1종근린생활시설,10231100220632,지번
1165010800115110011,서울특별시 서초구 서초동,서울특별시 서초구 반포대로21길 40 (서초동),근린생활1,제2종근린생활시설,10231100261254,지번
1165010800115670009,서울특별시 서초구 서초동,서울특별시 서초구 서초대로46길 97 (서초동),근린생활2,제2종근린생활시설,1023115837,지번
1165010800115960006,서울특별시 서초구 서초동,서울특별시 서초구 효령로53길 67 (서초동),근린생활2,제2종근린생활시설,1023116082,지번
1165010800116260004,서울특별시 서초구 서초동,서울특별시 서초구 사임당로 60 (서초동),근린생활2,제2종근린생활시설,1023116446,지번
1165010800116860002,서울특별시 서초구 서초동,서울특별시 서초구 서초대로65길 13-18 (서초동),근린생활1,제1종근린생활시설,1023118212,지번
1165010800116280001,서울특별시 서초구 서초동,서울특별시 서초구 사임당로 82 (서초동),근린생활2,업무시설,10231100298110,지번
1165010800116400013,서울특별시 서초구 서초동,서울특별시 서초구 서초중앙로22길 90 (서초동),근린생활2,제2종근린생활시설,1023116604,지번
1165010100108150020,서울특별시 서초구 방배동,서울특별시 서초구 동광로18길 13 (방배동),근린생활1,제1종근린생활시설,102312726,지번
1165010800115700006,서울특별시 서초구 서초동,서울특별시 서초구 반포대로28길 76 (서초동),근린생활2,제2종근린생활시설,1023115865,지번
1165010200103920000,서울특별시 서초구 양재동,서울특별시 서초구 동산로 74 (양재동),근린생활2,제2종근린생활시설,102319785,지번
1165010100107670025,서울특별시 서초구 방배동,서울특별시 서초구 방배중앙로25길 26 (방배동),근린생활2,제2종근린생활시설,102312188,지번
1165010900100010399,서울특별시 서초구 내곡동,서울특별시 서초구 신흥안길 40-15 (내곡동),근린생활2,제2종근린생활시설,10231100198641,지번
1165010100107780027,서울특별시 서초구 방배동,서울특별시 서초구 방배중앙로 153 (방배동),근린생활2,제2종근린생활시설,102312265,지번
1165010800113420002,서울특별시 서초구 서초동,서울특별시 서초구 효령로 400 (서초동),근린생활1,제1종근린생활시설,10231100190950,지번
1165010100108300002,서울특별시 서초구 방배동,서울특별시 서초구 방배천로 158 (방배동),근린생활1,제1종근린생활시설,102313004,지번
1165010700101070064,서울특별시 서초구 반포동,서울특별시 서초구 서래로5길 35 (반포동),근린생활2,제2종근린생활시설,10231100205272,지번
1165010700107090008,서울특별시 서초구 반포동,서울특별시 서초구 사평대로55길 123 (반포동),근린생활2,제2종근린생활시설,1023112682,지번
1165010700107060003,서울특별시 서초구 반포동,서울특별시 서초구 신반포로 334 (반포동),근린생활1,제1종근린생활시설,1023112646,지번
1165010200102430008,서울특별시 서초구 양재동,서울특별시 서초구 강남대로18길 15-12 (양재동),근린생활2,제2종근린생활시설,102318760,지번
1165010600100210007,서울특별시 서초구 잠원동,서울특별시 서초구 강남대로 595 (잠원동),근린생활2,제1종근린생활시설,1023111288,지번
1165010100108200033,서울특별시 서초구 방배동,서울특별시 서초구 방배중앙로 118 (방배동),근린생활2,노유자시설,1000000000000006765565,본번
1165010200100820004,서울특별시 서초구 양재동,서울특별시 서초구 바우뫼로 192 (양재동),근린생활1,제1종근린생활시설,102318316,지번
1165010800113610000,서울특별시 서초구 서초동,서울특별시 서초구 강남대로39길 6-22 (서초동),근린생활2,제2종근린생활시설,1023114585,지번
1165010100107500020,서울특별시 서초구 방배동,서울특별시 서초구 사평대로 12 (방배동),근린생활2,업무시설,1000000000000005761280,지번
1165010100107500020,서울특별시 서초구 방배동,서울특별시 서초구 사평대로 12 (방배동),근린생활2,업무시설,1000000000000005761355,지번
1165010100107500020,서울특별시 서초구 방배동,서울특별시 서초구 사평대로 12 (방배동),근린생활2,제2종근린생활시설,1000000000000005761480,지번
1165010200103690001,서울특별시 서초구 양재동,서울특별시 서초구 강남대로8길 78 (양재동),근린생활1,제1종근린생활시설,102319696,지번
1165010700100920009,서울특별시 서초구 반포동,서울특별시 서초구 사평대로26길 30 (반포동),근린생활1,제1종근린생활시설,1023113605,지번
1165010800113480000,서울특별시 서초구 서초동,서울특별시 서초구 효령로72길 22 (서초동),근린생활1,제1종근린생활시설,1023114416,지번
1165010800114600020,서울특별시 서초구 서초동,서울특별시 서초구 반포대로9길 8 (서초동),근린생활2,제2종근린생활시설,1023114985,지번
1165010600100250022,서울특별시 서초구 잠원동,서울특별시 서초구 나루터로12길 28-18 (잠원동),근린생활2,제2종근린생활시설,1023111360,지번
1165010800114510093,서울특별시 서초구 서초동,서울특별시 서초구 남부순환로323길 7 (서초동),근린생활1,제1종근린생활시설,1023114945,지번
1165010300104750000,서울특별시 서초구 우면동,서울특별시 서초구 송동길 18 (우면동),근린생활2,제2종근린생활시설,1023110817,지번
1165010200100810012,서울특별시 서초구 양재동,서울특별시 서초구 논현로27길 104 (양재동),근린생활1,제2종근린생활시설,10231100294290,지번
1165010600100410007,서울특별시 서초구 잠원동,서울특별시 서초구 신반포로45길 9-13 (잠원동),근린생활2,제2종근린생활시설,10231100251514,지번
1165010600100370007,서울특별시 서초구 잠원동,서울특별시 서초구 강남대로 557 (잠원동),근린생활1,제1종근린생활시설,10231100231414,지번
1165010100108670031,서울특별시 서초구 방배동,서울특별시 서초구 서초대로 41 (방배동),근린생활2,제2종근린생활시설,102313534,지번
1165010800115480010,서울특별시 서초구 서초동,서울특별시 서초구 반포대로22길 19-8 (서초동),근린생활2,제2종근린생활시설,1023115651,지번
1165010400103720003,서울특별시 서초구 원지동,서울특별시 서초구 원터4길 3 (원지동),근린생활2,제2종근린생활시설,1023111064,지번
1165010100109070005,서울특별시 서초구 방배동,서울특별시 서초구 방배로 108 (방배동),근린생활1,제2종근린생활시설,10231100268315,지번
1165010700107400010,서울특별시 서초구 반포동,서울특별시 서초구 강남대로79길 52-12 (반포동),근린생활1,제1종근린생활시설,1023113276,지번
1165010700113330001,서울특별시 서초구 반포동,서울특별시 서초구 동작대로 350 (반포동),근린생활2,제2종근린생활시설,10231100191231,지번
1165010700101110015,서울특별시 서초구 반포동,서울특별시 서초구 서래로5길 62 (반포동),근린생활2,제2종근린생활시설,10231100219693,지번
1165010700100760004,서울특별시 서초구 반포동,서울특별시 서초구 사평대로28길 78 (반포동),근린생활2,공동주택,10231100288375,지번
1165010200101240006,서울특별시 서초구 양재동,서울특별시 서초구 양재천로19길 19 (양재동),근린생활,근린생활시설,102318622,지번
1165010700101070018,서울특별시 서초구 반포동,서울특별시 서초구 사평대로20길 12 (반포동),근린생활2,제2종근린생활시설,1023112334,지번
1165010200103140014,서울특별시 서초구 양재동,서울특별시 서초구 강남대로18길 10 (양재동),근린생활2,제2종근린생활시설,102319294,지번
1165010200103220002,서울특별시 서초구 양재동,서울특별시 서초구 강남대로12길 41 (양재동),근린생활2,제2종근린생활시설,102319333,지번
1165010700101130009,서울특별시 서초구 반포동,서울특별시 서초구 사평대로 74 (반포동),근린생활1,제1종근린생활시설,1023112388,지번
1165010700105490026,서울특별시 서초구 반포동,서울특별시 서초구 반포대로39길 56-14 (반포동),근린생활2,제2종근린생활시설,1023112496,지번
1165010800115150005,서울특별시 서초구 서초동,서울특별시 서초구 명달로22길 12-12 (서초동),근린생활2,제2종근린생활시설,1023115487,지번
1165010700107370008,서울특별시 서초구 반포동,서울특별시 서초구 강남대로 493 (반포동),근린생활1,제1종근린생활시설,1023113200,지번
1165010700107380028,서울특별시 서초구 반포동,서울특별시 서초구 사평대로55길 30 (반포동),근린생활2,제2종근린생활시설,1023113228,지번
1165010700107390012,서울특별시 서초구 반포동,서울특별시 서초구 사평대로55길 27 (반포동),근린생활2,제2종근린생활시설,1023113252,지번
1165010800113620027,서울특별시 서초구 서초동,서울특별시 서초구 강남대로 247 (서초동),근린생활2,업무시설,1000000000000004992466,지번
1165010800113020050,서울특별시 서초구 서초동,서울특별시 서초구 사평대로56길 4 (서초동),근린생활2,제2종근린생활시설,1023114191,지번
1165010700107470003,서울특별시 서초구 반포동,서울특별시 서초구 사평대로55길 10-11 (반포동),근린생활2,제2종근린생활시설,1023113338,지번
1165010100107690002,서울특별시 서초구 방배동,서울특별시 서초구 방배로43길 37 (방배동),근린생활2,제2종근린생활시설,102316625,지번
1165010800115810007,서울특별시 서초구 서초동,서울특별시 서초구 사임당로1길 7 (서초동),근린생활1,제1종근린생활시설,1023115988,지번
1165010800115060037,서울특별시 서초구 서초동,서울특별시 서초구 반포대로23길 37 (서초동),근린생활2,제2종근린생활시설,1023115384,지번
1165010800116650032,서울특별시 서초구 서초동,서울특별시 서초구 서초중앙로20길 38 (서초동),근린생활2,제2종근린생활시설,1023116850,지번
1165010100109240019,서울특별시 서초구 방배동,서울특별시 서초구 방배로15길 7 (방배동),근린생활2,제2종근린생활시설,10231100282615,지번
1165010600100100031,서울특별시 서초구 잠원동,서울특별시 서초구 강남대로109길 67-4 (잠원동),근린생활2,제2종근린생활시설,10231100189411,지번
1165010600100100031,서울특별시 서초구 잠원동,서울특별시 서초구 강남대로109길 67-4 (잠원동),근린생활2,제2종근린생활시설,10231100189412,지번
1165010900100010359,서울특별시 서초구 내곡동,서울특별시 서초구 신흥말길 42-6 (내곡동),근린생활2,제2종근린생활시설,1000000000000004066585,지번
1165010800114740010,서울특별시 서초구 서초동,서울특별시 서초구 반포대로3길 30 (서초동),근린생활1,제1종근린생활시설,1023115070,지번
1165010400104150002,서울특별시 서초구 원지동,서울특별시 서초구 원터길 23 (원지동),근린생활2,제2종근린생활시설,1023111101,지번
1165010200103270016,서울특별시 서초구 양재동,서울특별시 서초구 강남대로10길 13 (양재동),근린생활2,제2종근린생활시설,102319368,지번
1165010800113640041,서울특별시 서초구 서초동,서울특별시 서초구 남부순환로347길 21-12 (서초동),근린생활2,제2종근린생활시설,1023114640,지번
1165010600100140016,서울특별시 서초구 잠원동,서울특별시 서초구 나루터로 75 (잠원동),근린생활2,제2종근린생활시설,1023111249,지번
1165010600100200001,서울특별시 서초구 잠원동,서울특별시 서초구 신반포로47길 118 (잠원동),근린생활2,제2종근린생활시설,1023111276,지번
1165010600100200001,서울특별시 서초구 잠원동,서울특별시 서초구 신반포로47길 124 (잠원동),근린생활2,제2종근린생활시설,1023111277,지번
1165010600100210006,서울특별시 서초구 잠원동,서울특별시 서초구 강남대로97길 8 (잠원동),근린생활2,제2종근린생활시설,1023111286,지번
1165010600100260015,서울특별시 서초구 잠원동,서울특별시 서초구 강남대로95길 28 (잠원동),근린생활2,제2종근린생활시설,1023111381,지번
1165010600100310023,서울특별시 서초구 잠원동,서울특별시 서초구 강남대로95길 48-5 (잠원동),근린생활2,제2종근린생활시설,1023111440,지번
1165010600100330005,서울특별시 서초구 잠원동,서울특별시 서초구 강남대로95길 68 (잠원동),근린생활1,제1종근린생활시설,1023111445,지번
1165010100108620010,서울특별시 서초구 방배동,서울특별시 서초구 도구로 120-1 (방배동),근린생활1,제1종근린생활시설,102313443,지번
1165010100107640003,서울특별시 서초구 방배동,서울특별시 서초구 동광로1길 99 (방배동),근린생활2,제2종근린생활시설,10231100231454,지번
1165010800115610003,서울특별시 서초구 서초동,서울특별시 서초구 사임당로1길 57 (서초동),근린생활2,제2종근린생활시설,1023115775,지번
1165010100104740022,서울특별시 서초구 방배동,서울특별시 서초구 방배천로2길 51 (방배동),근린생활1,제1종근린생활시설,102311481,지번
1165010200102800005,서울특별시 서초구 양재동,서울특별시 서초구 언남18길 18 (양재동),근린생활2,공동주택,10231100284395,지번
1165010200103370001,서울특별시 서초구 양재동,서울특별시 서초구 강남대로10길 68-4 (양재동),근린생활1,제1종근린생활시설,102319460,지번
1165010100108200019,서울특별시 서초구 방배동,서울특별시 서초구 방배중앙로 118 (방배동),근린생활2,노유자시설,1000000000000006765565,본번
1165010200103930002,서울특별시 서초구 양재동,서울특별시 서초구 논현로 21 (양재동),근린생활2,제2종근린생활시설,102319802,지번
1165010800114240008,서울특별시 서초구 서초동,서울특별시 서초구 남부순환로 2471 (서초동),근린생활2,제2종근린생활시설,10231100295330,지번
1165010200102910020,서울특별시 서초구 양재동,서울특별시 서초구 동산로 63 (양재동),근린생활1,제1종근린생활시설,102319174,지번
1165010100115070000,서울특별시 서초구 방배동,서울특별시 서초구 동광로12가길 12 (방배동),근린생활1,제1종근린생활시설,102315695,지번
1165010800115110001,서울특별시 서초구 서초동,서울특별시 서초구 명달로22길 74 (서초동),근린생활1,제1종근린생활시설,1023115468,지번
1165010800115740015,서울특별시 서초구 서초동,서울특별시 서초구 서초중앙로 117 (서초동),근린생활1,제1종근린생활시설,10231100195890,지번
1165010800117140033,서울특별시 서초구 서초동,서울특별시 서초구 법원로4길 44 (서초동),근린생활2,제2종근린생활시설,1023117100,지번
1165010100108070017,서울특별시 서초구 방배동,서울특별시 서초구 방배로34길 31 (방배동),근린생활2,제2종근린생활시설,102312618,지번
1165010100109810052,서울특별시 서초구 방배동,서울특별시 서초구 효령로 100 (방배동),근린생활2,제2종근린생활시설,102315502,지번
1165010100109740022,서울특별시 서초구 방배동,서울특별시 서초구 방배중앙로3길 32 (방배동),근린생활1,교육연구시설,102315365,지번
1165010900100860000,서울특별시 서초구 내곡동,서울특별시 서초구 홍씨마을길 40 (내곡동),근린생활1,자동차관련시설,1000000000000006790454,지번
1165010800117150005,서울특별시 서초구 서초동,서울특별시 서초구 법원로2길 24 (서초동),근린생활2,제2종근린생활시설,10231100212087,지번
1165010200100010011,서울특별시 서초구 양재동,서울특별시 서초구 남부순환로 2626 (양재동),근린생활1,제1종근린생활시설,102317789,지번
1165010200103940000,서울특별시 서초구 양재동,서울특별시 서초구 논현로7길 7 (양재동),근린생활1,제1종근린생활시설,10231100195670,지번
1165010200103940000,서울특별시 서초구 양재동,서울특별시 서초구 논현로7길 7 (양재동),근린생활1,제2종근린생활시설,102319806,지번
1165010200103940000,서울특별시 서초구 양재동,서울특별시 서초구 논현로7길 7 (양재동),근린생활1,제1종근린생활시설,102319807,지번
1165010400103720007,서울특별시 서초구 원지동,서울특별시 서초구 원터6길 8 (원지동),근린생활2,제2종근린생활시설,1023111065,지번
1165010200102420007,서울특별시 서초구 양재동,서울특별시 서초구 강남대로18길 15-3 (양재동),근린생활1,제1종근린생활시설,102318752,지번
1165010900100012019,서울특별시 서초구 내곡동,서울특별시 서초구 샘마을길 4-3 (내곡동),근린생활2,제2종근린생활시설,1023118387,지번
1165010700108850000,서울특별시 서초구 반포동,서울특별시 서초구 신반포로 27-6 (반포동),판매시설,판매시설,1023114028,지번
1165010700108850000,서울특별시 서초구 반포동,서울특별시 서초구 신반포로 27-6 (반포동),판매시설,판매시설,1023114029,지번
1165010800114870108,서울특별시 서초구 서초동,서울특별시 서초구 명달로8길 14 (서초동),근린생활1,제1종근린생활시설,1023115227,지번
1165010100104770008,서울특별시 서초구 방배동,서울특별시 서초구 효령로 18 (방배동),근린생활2,제2종근린생활시설,102311529,지번
1165010100107510006,서울특별시 서초구 방배동,서울특별시 서초구 사평대로2길 20 (방배동),근린생활2,제2종근린생활시설,102312045,지번
1165010200102910027,서울특별시 서초구 양재동,서울특별시 서초구 동산로13길 20 (양재동),근린생활1,제2종근린생활시설,10231100272951,지번
1165010600100350012,서울특별시 서초구 잠원동,서울특별시 서초구 신반포로45길 50-2 (잠원동),근린생활2,제2종근린생활시설,1023111470,지번
1165010800114850005,서울특별시 서초구 서초동,서울특별시 서초구 효령로 232 (서초동),근린생활2,제2종근린생활시설,1023115140,지번
1165010200101100010,서울특별시 서초구 양재동,서울특별시 서초구 강남대로23길 14 (양재동),근린생활2,제2종근린생활시설,10231100220093,지번
1165010200101100010,서울특별시 서초구 양재동,서울특별시 서초구 강남대로23길 12 (양재동),근린생활2,제1종근린생활시설,102318534,지번
1165010200102670005,서울특별시 서초구 양재동,서울특별시 서초구 언남11길 34-13 (양재동),근린생활2,제2종근린생활시설,102318961,지번
1165010100108100002,서울특별시 서초구 방배동,서울특별시 서초구 동광로 78 (방배동),근린생활2,제2종근린생활시설,10231100212511,지번
1165010200102770003,서울특별시 서초구 양재동,서울특별시 서초구 논현로 67 (양재동),근린생활2,제2종근린생활시설,102319059,지번
1165010200100080022,서울특별시 서초구 양재동,서울특별시 서초구 바우뫼로41길 87 (양재동),근린생활2,제2종근린생활시설,10231100244314,지번
1165010700107070008,서울특별시 서초구 반포동,서울특별시 서초구 강남대로89길 14 (반포동),근린생활2,제2종근린생활시설,1023112658,지번
1165010100107500008,서울특별시 서초구 방배동,서울특별시 서초구 동광로19길 142 (방배동),근린생활2,업무시설,10231100268075,지번
1165010700107100010,서울특별시 서초구 반포동,서울특별시 서초구 사평대로53길 119 (반포동),근린생활2,제2종근린생활시설,1023112690,지번
1165010100104690006,서울특별시 서초구 방배동,서울특별시 서초구 효령로5길 25-2 (방배동),근린생활2,제2종근린생활시설,102311440,지번
1165010800114290009,서울특별시 서초구 서초동,서울특별시 서초구 남부순환로335길 21 (서초동),근린생활1,제1종근린생활시설,1023114740,지번
1165010800116690001,서울특별시 서초구 서초동,서울특별시 서초구 서초중앙로22길 40 (서초동),근린생활2,제2종근린생활시설,1023116887,지번
1165010100104230004,서울특별시 서초구 방배동,서울특별시 서초구 방배천로24길 25 (방배동),근린생활2,제2종근린생활시설,10231100251254,지번
1165010100104810001,서울특별시 서초구 방배동,서울특별시 서초구 효령로2길 26 (방배동),근린생활2,제2종근린생활시설,102311558,지번
1165010200100810003,서울특별시 서초구 양재동,서울특별시 서초구 바우뫼로 182-1 (양재동),근린생활2,제2종근린생활시설,102318303,지번
1165010200100020013,서울특별시 서초구 양재동,서울특별시 서초구 남부순환로364길 8-11 (양재동),근린생활2,단독주택,10231100281015,지번
1165010200103130009,서울특별시 서초구 양재동,서울특별시 서초구 강남대로18길 16-11 (양재동),근린생활2,제2종근린생활시설,10231100184345,지번
1165010200102030010,서울특별시 서초구 양재동,서울특별시 서초구 매헌로 60 (양재동),근린생활2,제2종근린생활시설,10231100231494,지번
1165010600100220013,서울특별시 서초구 잠원동,서울특별시 서초구 강남대로99길 21 (잠원동),근린생활2,제2종근린생활시설,1023111299,지번
1165010200100150027,서울특별시 서초구 양재동,서울특별시 서초구 강남대로30길 22 (양재동),근린생활2,제2종근린생활시설,102318146,지번
1165010200102170006,서울특별시 서초구 양재동,서울특별시 서초구 양재대로 159 (양재동),판매시설,판매시설,10231100185188,지번
1165010600100320009,서울특별시 서초구 잠원동,서울특별시 서초구 강남대로95길 90 (잠원동),근린생활2,제2종근린생활시설,1023111442,지번
1165010600100320009,서울특별시 서초구 잠원동,서울특별시 서초구 강남대로95길 90 (잠원동),근린생활2,창고시설,1023111443,지번
1165010100109150011,서울특별시 서초구 방배동,서울특별시 서초구 효령로 97 (방배동),근린생활2,제2종근린생활시설,102314187,지번
1165010800114710016,서울특별시 서초구 서초동,서울특별시 서초구 명달로4길 81 (서초동),근린생활2,제2종근린생활시설,10231100246174,지번
1165010800113270020,서울특별시 서초구 서초동,서울특별시 서초구 강남대로55길 9-11 (서초동),근린생활2,제2종근린생활시설,10231100249574,지번
1165010900100012050,서울특별시 서초구 내곡동,서울특별시 서초구 샘마을1길 9-3 (내곡동),근린생활2,제2종근린생활시설,1023118397,지번
1165010100100190003,서울특별시 서초구 방배동,서울특별시 서초구 방배로 254 (방배동),근린생활1,제1종근린생활시설,102316052,지번
1165010200101220000,서울특별시 서초구 양재동,서울특별시 서초구 양재천로17길 19 (양재동),근린생활2,제2종근린생활시설,102318604,지번
1165010800113580009,서울특별시 서초구 서초동,서울특별시 서초구 강남대로41길 12 (서초동),근린생활1,제1종근린생활시설,1023114521,지번
1165010600100280004,서울특별시 서초구 잠원동,서울특별시 서초구 강남대로93길 14 (잠원동),근린생활1,제1종근린생활시설,1023111392,지번
1165010100104530011,서울특별시 서초구 방배동,서울특별시 서초구 방배천로8길 8 (방배동),근린생활2,제2종근린생활시설,102311145,지번
1165010200102190001,서울특별시 서초구 양재동,서울특별시 서초구 매헌로3길 2 (양재동),근린생활2,제2종근린생활시설,102318713,지번
1165010200103300001,서울특별시 서초구 양재동,서울특별시 서초구 강남대로8길 23-1 (양재동),근린생활2,제2종근린생활시설,102319393,지번
1165010800114490008,서울특별시 서초구 서초동,서울특별시 서초구 남부순환로 2433-7 (서초동),근린생활1,제1종근린생활시설,1023114882,지번
1165010200104020001,서울특별시 서초구 양재동,서울특별시 서초구 논현로 11 (양재동),근린생활1,제1종근린생활시설,102319860,지번
1165010800114740009,서울특별시 서초구 서초동,서울특별시 서초구 반포대로3길 20 (서초동),근린생활2,제2종근린생활시설,10231100197551,지번
1165010800116430032,서울특별시 서초구 서초동,서울특별시 서초구 사임당로19길 72-3 (서초동),근린생활1,제1종근린생활시설,1023116673,지번
1165010800116060008,서울특별시 서초구 서초동,서울특별시 서초구 효령로 357 (서초동),근린생활2,업무시설,10231100207281,지번
1165010600100310013,서울특별시 서초구 잠원동,서울특별시 서초구 강남대로95길 48-17 (잠원동),근린생활2,제2종근린생활시설,1023111437,지번
1165010600100450006,서울특별시 서초구 잠원동,서울특별시 서초구 신반포로43길 23-17 (잠원동),근린생활2,제2종근린생활시설,1023111618,지번
1165010100119700000,서울특별시 서초구 방배동,서울특별시 서초구 동작대로 150 (방배동),근린생활1,제1종근린생활시설,102315738,지번
1165010100104510032,서울특별시 서초구 방배동,서울특별시 서초구 방배천로2안길 49 (방배동),근린생활2,제2종근린생활시설,10231100204792,지번
1165010100121000000,서울특별시 서초구 방배동,서울특별시 서초구 동광로 15 (방배동),근린생활2,제2종근린생활시설,102315743,지번
1165010800116660009,서울특별시 서초구 서초동,서울특별시 서초구 서초대로54길 29-30 (서초동),근린생활2,제2종근린생활시설,1023116857,지번
1165010800116660012,서울특별시 서초구 서초동,서울특별시 서초구 서초대로56길 38 (서초동),근린생활2,제2종근린생활시설,1023116860,지번
1165010800115020009,서울특별시 서초구 서초동,서울특별시 서초구 서초대로40길 48-20 (서초동),근린생활2,제2종근린생활시설,1023115340,지번
1165010600100240018,서울특별시 서초구 잠원동,서울특별시 서초구 강남대로95길 48-32 (잠원동),근린생활2,제2종근린생활시설,1023111336,지번
1165010100108510010,서울특별시 서초구 방배동,서울특별시 서초구 서초대로25길 35 (방배동),근린생활2,제2종근린생활시설,102313239,지번
1165010100114230000,서울특별시 서초구 방배동,서울특별시 서초구 동광로12가길 3 (방배동),근린생활2,제2종근린생활시설,102315663,지번
1165010600100190007,서울특별시 서초구 잠원동,서울특별시 서초구 나루터로 76 (잠원동),근린생활2,제2종근린생활시설,1023111272,지번
1165010800116970032,서울특별시 서초구 서초동,서울특별시 서초구 서초대로53길 20-19 (서초동),근린생활2,제2종근린생활시설,1000000000000007176872,지번
1165010100104370001,서울특별시 서초구 방배동,서울특별시 서초구 방배천로 68 (방배동),근린생활1,제2종근린생활시설,1000000000000004506476,지번
1165010800113650007,서울특별시 서초구 서초동,서울특별시 서초구 강남대로37길 49 (서초동),근린생활2,제2종근린생활시설,1023114658,지번
1165010800115960009,서울특별시 서초구 서초동,서울특별시 서초구 반포대로18길 37 (서초동),근린생활1,업무시설,1000000000000004001648,지번
1165010800114970013,서울특별시 서초구 서초동,서울특별시 서초구 명달로 107 (서초동),근린생활2,업무시설,10231100283266,지번
1165010100104510024,서울특별시 서초구 방배동,서울특별시 서초구 방배천로2안길 27 (방배동),근린생활2,제2종근린생활시설,10231100243344,지번
1165010200101230011,서울특별시 서초구 양재동,서울특별시 서초구 양재천로17길 22 (양재동),근린생활2,제2종근린생활시설,102318618,지번
1165010800113080022,서울특별시 서초구 서초동,서울특별시 서초구 서초대로75길 35 (서초동),근린생활2,제2종근린생활시설,1023114238,지번
1165010700100940013,서울특별시 서초구 반포동,서울특별시 서초구 사평대로22길 9 (반포동),근린생활2,제2종근린생활시설,10231100242264,지번
1165010100108720003,서울특별시 서초구 방배동,서울특별시 서초구 서초대로 85 (방배동),근린생활1,제1종근린생활시설,102313615,지번
1165010100108510003,서울특별시 서초구 방배동,서울특별시 서초구 방배로 180 (방배동),근린생활2,제2종근린생활시설,102313235,지번
1165010200103350011,서울특별시 서초구 양재동,서울특별시 서초구 강남대로10길 74-1 (양재동),근린생활1,제1종근린생활시설,102319444,지번
1165010800116100005,서울특별시 서초구 서초동,서울특별시 서초구 효령로67길 71-11 (서초동),근린생활2,제2종근린생활시설,10231100235082,지번
1165010800115450011,서울특별시 서초구 서초동,서울특별시 서초구 반포대로22길 4 (서초동),근린생활2,제2종근린생활시설,1023115628,지번
1165010200102660007,서울특별시 서초구 양재동,서울특별시 서초구 언남11길 7-4 (양재동),근린생활2,제2종근린생활시설,102318952,지번
1165010800114890004,서울특별시 서초구 서초동,서울특별시 서초구 효령로40길 4 (서초동),근린생활1,제1종근린생활시설,1023115264,지번
1165010200102830000,서울특별시 서초구 양재동,서울특별시 서초구 논현로 61 (양재동),근린생활2,제2종근린생활시설,102319103,지번
1165010100100330008,서울특별시 서초구 방배동,서울특별시 서초구 방배로42길 39 (방배동),근린생활1,제1종근린생활시설,10231616,지번
1165010200100010007,서울특별시 서초구 양재동,서울특별시 서초구 남부순환로356길 15 (양재동),판매시설,판매시설,102319869,지번
1165010400103750000,서울특별시 서초구 원지동,서울특별시 서초구 원터길 20 (원지동),근린생활2,제2종근린생활시설,1023111067,지번
1165010100108760001,서울특별시 서초구 방배동,서울특별시 서초구 방배로26길 16 (방배동),근린생활2,제2종근린생활시설,102313660,지번
1165010200100070061,서울특별시 서초구 양재동,서울특별시 서초구 강남대로30길 65 (양재동),근린생활2,제2종근린생활시설,102317905,지번
1165010900101300009,서울특별시 서초구 내곡동,서울특별시 서초구 홍씨마을길 21 (내곡동),근린생활1,제1종근린생활시설,10231100245194,지번
1165010800115840002,서울특별시 서초구 서초동,서울특별시 서초구 반포대로12길 3 (서초동),근린생활2,제2종근린생활시설,10231100216573,지번
1165010300102210006,서울특별시 서초구 우면동,서울특별시 서초구 형촌길 95 (우면동),근린생활1,제1종근린생활시설,1023110772,지번
1165010300102100004,서울특별시 서초구 우면동,서울특별시 서초구 형촌10길 3 (우면동),근린생활1,제1종근린생활시설,1023110741,지번
1165010200102580007,서울특별시 서초구 양재동,서울특별시 서초구 마방로6길 8-19 (양재동),근린생활1,제1종근린생활시설,102318870,지번
1165010300107600000,서울특별시 서초구 우면동,서울특별시 서초구 중앙로 586 (우면동),근린생활2,제2종근린생활시설,10231100250474,지번
1165010600100250032,서울특별시 서초구 잠원동,서울특별시 서초구 강남대로95길 42 (잠원동),근린생활2,제2종근린생활시설,1023111366,지번
1165010300100130008,서울특별시 서초구 우면동,서울특별시 서초구 바우뫼로4길 53 (우면동),근린생활2,제2종근린생활시설,1023110947,지번
1165010600100120009,서울특별시 서초구 잠원동,서울특별시 서초구 강남대로101길 28 (잠원동),근린생활1,제1종근린생활시설,1023111216,지번
1165010600100190003,서울특별시 서초구 잠원동,서울특별시 서초구 강남대로99길 36 (잠원동),근린생활2,제2종근린생활시설,1023111270,지번
1165011100101950012,서울특별시 서초구 신원동,서울특별시 서초구 청룡마을길 4-3 (신원동),근린생활1,제1종근린생활시설,1023119023,지번
1165010800116960008,서울특별시 서초구 서초동,서울특별시 서초구 서초대로53길 12 (서초동),근린생활2,업무시설,1000000000000003193169,지번
1165010800117170001,서울특별시 서초구 서초동,서울특별시 서초구 법원로1길 7 (서초동),근린생활1,제2종근린생활시설,1023117114,지번
1165010200103920005,서울특별시 서초구 양재동,서울특별시 서초구 동산로 84 (양재동),근린생활2,제2종근린생활시설,102319789,지번
1165010800116600027,서울특별시 서초구 서초동,서울특별시 서초구 서초중앙로20길 34-6 (서초동),근린생활2,제2종근린생활시설,1023116830,지번
1165010800113560003,서울특별시 서초구 서초동,서울특별시 서초구 서운로 34 (서초동),근린생활2,제2종근린생활시설,10231100220291,지번
1165010800115710002,서울특별시 서초구 서초동,서울특별시 서초구 서초대로48길 15 (서초동),근린생활2,제2종근린생활시설,1023115875,지번
1165010800113600018,서울특별시 서초구 서초동,서울특별시 서초구 강남대로39길 6-15 (서초동),근린생활2,제2종근린생활시설,1023114565,지번
1165010800113640047,서울특별시 서초구 서초동,서울특별시 서초구 남부순환로347길 13 (서초동),근린생활2,제2종근린생활시설,1023114643,지번
1165010100109380020,서울특별시 서초구 방배동,서울특별시 서초구 서초대로22길 16 (방배동),근린생활2,제2종근린생활시설,10231100227794,지번
1165010200100200027,서울특별시 서초구 양재동,서울특별시 서초구 강남대로 156-5 (양재동),근린생활2,제2종근린생활시설,102318228,지번
1165010200102760011,서울특별시 서초구 양재동,서울특별시 서초구 논현로17길 16 (양재동),근린생활1,제1종근린생활시설,102319053,지번
1165010200104000007,서울특별시 서초구 양재동,서울특별시 서초구 논현로5길 23-19 (양재동),근린생활1,공동주택,10231100283771,지번
1165010900100050006,서울특별시 서초구 내곡동,서울특별시 서초구 능안말1길 1 (내곡동),근린생활2,제2종근린생활시설,1023118442,지번
1165010100107830019,서울특별시 서초구 방배동,서울특별시 서초구 방배중앙로21길 60 (방배동),근린생활2,제2종근린생활시설,102312386,지번
1165010100104400005,서울특별시 서초구 방배동,서울특별시 서초구 동작대로 54 (방배동),근린생활1,제1종근린생활시설,102311018,지번
1165010800114870008,서울특별시 서초구 서초동,서울특별시 서초구 남부순환로315길 97 (서초동),근린생활2,제2종근린생활시설,1023115176,지번
1165010800115820017,서울특별시 서초구 서초동,서울특별시 서초구 반포대로18길 11 (서초동),근린생활1,제1종근린생활시설,1023115998,지번
1165010100104420004,서울특별시 서초구 방배동,서울특별시 서초구 동작대로 34 (방배동),근린생활1,제1종근린생활시설,1000000000000004846719,지번
1165010600100260012,서울특별시 서초구 잠원동,서울특별시 서초구 나루터로12길 35 (잠원동),근린생활2,제2종근린생활시설,1023111379,지번
1165010600100290004,서울특별시 서초구 잠원동,서울특별시 서초구 강남대로95길 15 (잠원동),근린생활2,제2종근린생활시설,1023111400,지번
1165010800115760006,서울특별시 서초구 서초동,서울특별시 서초구 서초중앙로 99 (서초동),근린생활1,제1종근린생활시설,1023115938,지번
1165010200102700009,서울특별시 서초구 양재동,서울특별시 서초구 언남11길 16-13 (양재동),근린생활1,제1종근린생활시설,102318989,지번
1165010600100310009,서울특별시 서초구 잠원동,서울특별시 서초구 강남대로95길 48-21 (잠원동),근린생활2,제2종근린생활시설,1023111434,지번
1165010100104420001,서울특별시 서초구 방배동,서울특별시 서초구 동작대로 40 (방배동),근린생활1,제1종근린생활시설,102311023,지번
1165010100104420002,서울특별시 서초구 방배동,서울특별시 서초구 동작대로 38 (방배동),근린생활1,제1종근린생활시설,102311024,지번
1165010800113590010,서울특별시 서초구 서초동,서울특별시 서초구 남부순환로347길 37 (서초동),근린생활2,제2종근린생활시설,10231100204372,지번
1165010200100070002,서울특별시 서초구 양재동,서울특별시 서초구 바우뫼로41길 84 (양재동),근린생활1,제1종근린생활시설,102317884,지번
1165010100104430001,서울특별시 서초구 방배동,서울특별시 서초구 동작대로 26 (방배동),근린생활2,제2종근린생활시설,102311026,지번
1165010800115660003,서울특별시 서초구 서초동,서울특별시 서초구 서초대로46길 92 (서초동),근린생활2,제2종근린생활시설,10231100198879,지번
1165010200100970006,서울특별시 서초구 양재동,서울특별시 서초구 양재천로 99-2 (양재동),근린생활2,제2종근린생활시설,102318482,지번
1165010100104430003,서울특별시 서초구 방배동,서울특별시 서초구 동작대로 24 (방배동),근린생활2,제2종근린생활시설,102311027,지번
1165010100104430004,서울특별시 서초구 방배동,서울특별시 서초구 방배천로 21 (방배동),근린생활2,제2종근린생활시설,102311028,지번
1165010100104430005,서울특별시 서초구 방배동,서울특별시 서초구 동작대로 22 (방배동),근린생활2,제2종근린생활시설,102311029,지번
1165010800114440011,서울특별시 서초구 서초동,서울특별시 서초구 효령로60길 23-5 (서초동),근린생활2,제2종근린생활시설,1023114864,지번
1165010100104440001,서울특별시 서초구 방배동,서울특별시 서초구 방배천로 19 (방배동),근린생활2,제2종근린생활시설,102311030,지번
1165010700107180008,서울특별시 서초구 반포동,서울특별시 서초구 사평대로53길 107 (반포동),근린생활2,제2종근린생활시설,1023112802,지번
1165010100104440006,서울특별시 서초구 방배동,서울특별시 서초구 방배천로 5-2 (방배동),근린생활2,제2종근린생활시설,102311032,지번
1165010100104440007,서울특별시 서초구 방배동,서울특별시 서초구 방배천로 5-4 (방배동),근린생활1,제1종근린생활시설,102311033,지번
1165010100104440008,서울특별시 서초구 방배동,서울특별시 서초구 방배천로 5-6 (방배동),근린생활2,제2종근린생활시설,102311034,지번
1165010800116290022,서울특별시 서초구 서초동,서울특별시 서초구 서리풀3길 4 (서초동),근린생활1,제1종근린생활시설,1000000000000004351339,지번
1165010200103500000,서울특별시 서초구 양재동,서울특별시 서초구 강남대로8길 16-2 (양재동),근린생활2,공동주택,10231100297851,지번
1165010200103500000,서울특별시 서초구 양재동,서울특별시 서초구 강남대로8길 16-6 (양재동),근린생활2,공동주택,10231100297862,지번
1165010200103500000,서울특별시 서초구 양재동,서울특별시 서초구 강남대로8길 16-10 (양재동),근린생활2,공동주택,10231100297873,지번
1165010200103500000,서울특별시 서초구 양재동,서울특별시 서초구 강남대로8길 16-12 (양재동),근린생활2,공동주택,10231100297884,지번
1165010700107030006,서울특별시 서초구 반포동,서울특별시 서초구 주흥길 82 (반포동),근린생활1,제1종근린생활시설,1023112609,지번
1165010100109780013,서울특별시 서초구 방배동,서울특별시 서초구 방배중앙로 13 (방배동),근린생활2,제2종근린생활시설,10231100250654,지번
1165010800114600003,서울특별시 서초구 서초동,서울특별시 서초구 효령로 246 (서초동),근린생활2,제2종근린생활시설,10231100247134,지번
1165010600100550006,서울특별시 서초구 잠원동,서울특별시 서초구 잠원로 181 (잠원동),근린생활2,제2종근린생활시설,1023111675,지번
1165010300100070003,서울특별시 서초구 우면동,서울특별시 서초구 바우뫼로6길 20 (우면동),근린생활2,공동주택,10231100269255,지번
1165010800113270017,서울특별시 서초구 서초동,서울특별시 서초구 강남대로55길 9-15 (서초동),근린생활2,제2종근린생활시설,10231100191191,지번
1165010100109410003,서울특별시 서초구 방배동,서울특별시 서초구 방배중앙로 72 (방배동),근린생활2,제2종근린생활시설,10231100181828,지번
1165010100109410003,서울특별시 서초구 방배동,서울특별시 서초구 방배중앙로 70 (방배동),근린생활2,제1종근린생활시설,102314610,지번
1165010200103440014,서울특별시 서초구 양재동,서울특별시 서초구 강남대로6길 59-14 (양재동),근린생활1,제1종근린생활시설,102319544,지번
1165010700101060008,서울특별시 서초구 반포동,서울특별시 서초구 서래로7길 16 (반포동),근린생활2,제2종근린생활시설,1023113663,지번
1165010200103670006,서울특별시 서초구 양재동,서울특별시 서초구 동산로6길 47 (양재동),근린생활2,제2종근린생활시설,102319689,지번
1165010200102070001,서울특별시 서초구 양재동,서울특별시 서초구 매헌로6길 36-8 (양재동),근린생활2,제2종근린생활시설,10231100252654,지번
1165010200101250001,서울특별시 서초구 양재동,서울특별시 서초구 양재천로19길 34 (양재동),근린생활1,제1종근린생활시설,102318627,지번
1165010200103140007,서울특별시 서초구 양재동,서울특별시 서초구 강남대로18길 16-22 (양재동),근린생활2,제2종근린생활시설,102319288,지번
1165010900100010444,서울특별시 서초구 내곡동,서울특별시 서초구 신흥안길 40-59 (내곡동),근린생활2,제2종근린생활시설,1023118300,지번
1165010800114510022,서울특별시 서초구 서초동,서울특별시 서초구 효령로52길 16 (서초동),근린생활2,제2종근린생활시설,1000000000000003625943,지번
1165010100109130019,서울특별시 서초구 방배동,서울특별시 서초구 효령로29길 23 (방배동),근린생활2,제2종근린생활시설,10231100252534,지번
1165010200100920000,서울특별시 서초구 양재동,서울특별시 서초구 논현로27길 81 (양재동),근린생활2,제2종근린생활시설,102318406,지번
1165010600100450013,서울특별시 서초구 잠원동,서울특별시 서초구 신반포로43길 11-4 (잠원동),근린생활2,제2종근린생활시설,1023111624,지번
1165010700107070010,서울특별시 서초구 반포동,서울특별시 서초구 강남대로89길 8 (반포동),근린생활1,제1종근린생활시설,1000000000000003400763,지번
1165010200102570011,서울특별시 서초구 양재동,서울특별시 서초구 언남9길 30 (양재동),근린생활2,제2종근린생활시설,102318865,지번
1165010700107340005,서울특별시 서초구 반포동,서울특별시 서초구 사평대로55길 65-7 (반포동),근린생활1,제1종근린생활시설,1023113136,지번
1165010100104440009,서울특별시 서초구 방배동,서울특별시 서초구 동작대로 10 (방배동),근린생활2,제2종근린생활시설,102311035,지번
1165010700107330000,서울특별시 서초구 반포동,서울특별시 서초구 주흥6길 30 (반포동),근린생활2,제2종근린생활시설,1023113093,지번
1165010100107780025,서울특별시 서초구 방배동,서울특별시 서초구 방배중앙로 155 (방배동),근린생활2,제2종근린생활시설,102312264,지번
1165010100108640034,서울특별시 서초구 방배동,서울특별시 서초구 도구로 119 (방배동),근린생활2,제2종근린생활시설,102313492,지번
1165010100107400000,서울특별시 서초구 방배동,서울특별시 서초구 동광로27길 103 (방배동),근린생활2,제2종근린생활시설,10231100182488,지번
1165010300100080006,서울특별시 서초구 우면동,서울특별시 서초구 바우뫼로2길 69 (우면동),근린생활2,제2종근린생활시설,1023110574,지번
1165010100104260014,서울특별시 서초구 방배동,서울특별시 서초구 방배천로22길 8 (방배동),근린생활1,공동주택,1000000000000002695124,지번
1165010800113620007,서울특별시 서초구 서초동,서울특별시 서초구 강남대로39길 15-3 (서초동),근린생활1,제1종근린생활시설,1023117373,지번
1165010100104450001,서울특별시 서초구 방배동,서울특별시 서초구 방배천로2길 2 (방배동),근린생활2,제2종근린생활시설,102311040,지번
1165010100104450005,서울특별시 서초구 방배동,서울특별시 서초구 방배천로 5-3 (방배동),근린생활1,제1종근린생활시설,102311043,지번
1165010200100090058,서울특별시 서초구 양재동,서울특별시 서초구 강남대로30길 57 (양재동),근린생활2,제2종근린생활시설,102317991,지번
1165011000101060013,서울특별시 서초구 염곡동,서울특별시 서초구 염곡말길 17-1 (염곡동),근린생활2,제2종근린생활시설,1023118772,지번
1165010600100270009,서울특별시 서초구 잠원동,서울특별시 서초구 신반포로47길 82 (잠원동),근린생활2,제2종근린생활시설,1023111386,지번
1165010100100170001,서울특별시 서초구 방배동,서울특별시 서초구 방배로42길 19 (방배동),근린생활2,제2종근린생활시설,10231601,지번
1165010200100800013,서울특별시 서초구 양재동,서울특별시 서초구 양재천로21길 7 (양재동),근린생활1,제1종근린생활시설,102318298,지번
1165010200102770001,서울특별시 서초구 양재동,서울특별시 서초구 논현로 71 (양재동),근린생활2,제2종근린생활시설,102319057,지번
1165010200102870004,서울특별시 서초구 양재동,서울특별시 서초구 논현로11길 6-7 (양재동),근린생활2,제2종근린생활시설,102319128,지번
1165010200102890004,서울특별시 서초구 양재동,서울특별시 서초구 논현로11길 7 (양재동),근린생활2,제2종근린생활시설,102319141,지번
1165010200102450002,서울특별시 서초구 양재동,서울특별시 서초구 언남3길 7 (양재동),근린생활2,제2종근린생활시설,102318764,지번
1165010200102560006,서울특별시 서초구 양재동,서울특별시 서초구 언남9길 6 (양재동),근린생활2,제2종근린생활시설,102318851,지번
1165010100104450003,서울특별시 서초구 방배동,서울특별시 서초구 남부순환로 2103 (방배동),근린생활1,제1종근린생활시설,102311041,지번
1165010200103920011,서울특별시 서초구 양재동,서울특별시 서초구 논현로 27 (양재동),근린생활2,제2종근린생활시설,102319794,지번
1165010800116730006,서울특별시 서초구 서초동,서울특별시 서초구 서초대로 308 (서초동),근린생활2,제2종근린생활시설,1023116917,지번
1165010200102910010,서울특별시 서초구 양재동,서울특별시 서초구 논현로11길 49 (양재동),근린생활2,제2종근린생활시설,102319164,지번
1165010800113600008,서울특별시 서초구 서초동,서울특별시 서초구 강남대로41길 19 (서초동),근린생활2,제2종근린생활시설,1023114556,지번
1165010200100080006,서울특별시 서초구 양재동,서울특별시 서초구 강남대로34길 43 (양재동),근린생활2,제2종근린생활시설,102319933,지번
1165010200101110005,서울특별시 서초구 양재동,서울특별시 서초구 강남대로25길 37 (양재동),근린생활1,제1종근린생활시설,102318543,지번
1165010800116120003,서울특별시 서초구 서초동,서울특별시 서초구 서리풀6길 11 (서초동),근린생활1,단독주택,10231100297110,지번
1165010200103390000,서울특별시 서초구 양재동,서울특별시 서초구 강남대로8길 41 (양재동),근린생활1,제1종근린생활시설,102319485,지번
1165010100107690020,서울특별시 서초구 방배동,서울특별시 서초구 방배로39길 46 (방배동),근린생활1,제1종근린생활시설,102312217,지번
1165010800113600019,서울특별시 서초구 서초동,서울특별시 서초구 강남대로39길 6-13 (서초동),근린생활1,제1종근린생활시설,1023114566,지번
1165010200102440006,서울특별시 서초구 양재동,서울특별시 서초구 강남대로18길 25 (양재동),근린생활1,제1종근린생활시설,102318763,지번
1165010800114580003,서울특별시 서초구 서초동,서울특별시 서초구 효령로 264 (서초동),근린생활1,제1종근린생활시설,1023114961,지번
1165010200102910026,서울특별시 서초구 양재동,서울특별시 서초구 동산로13길 18 (양재동),근린생활2,제2종근린생활시설,10231100250917,지번
1165010200103670003,서울특별시 서초구 양재동,서울특별시 서초구 동산로6길 41-14 (양재동),근린생활2,제2종근린생활시설,102319686,지번
1165010700107220001,서울특별시 서초구 반포동,서울특별시 서초구 강남대로 531 (반포동),근린생활1,제1종근린생활시설,1000000000000005159638,지번
1165010700107240027,서울특별시 서초구 반포동,서울특별시 서초구 사평대로57길 81 (반포동),근린생활2,단독주택,1023112921,지번
1165010700107220035,서울특별시 서초구 반포동,서울특별시 서초구 사평대로57길 98 (반포동),근린생활2,제2종근린생활시설,1023112887,지번
1165010800115710030,서울특별시 서초구 서초동,서울특별시 서초구 반포대로28길 77 (서초동),근린생활2,제2종근린생활시설,10231100212791,지번
1165010800116160006,서울특별시 서초구 서초동,서울특별시 서초구 서초중앙로8길 143 (서초동),근린생활1,제1종근린생활시설,1023116306,지번
1165010700100920010,서울특별시 서초구 반포동,서울특별시 서초구 서래로8길 7 (반포동),근린생활1,제1종근린생활시설,1023112257,지번
1165010200100980000,서울특별시 서초구 양재동,서울특별시 서초구 양재천로21길 18 (양재동),근린생활2,제2종근린생활시설,10231100223194,지번
1165010200103620002,서울특별시 서초구 양재동,서울특별시 서초구 강남대로2길 60 (양재동),근린생활2,제2종근린생활시설,102319662,지번
1165010800114630021,서울특별시 서초구 서초동,서울특별시 서초구 반포대로1길 8 (서초동),근린생활2,제2종근린생활시설,1023115003,지번
1165010800115210002,서울특별시 서초구 서초동,서울특별시 서초구 명달로20길 60 (서초동),근린생활1,제1종근린생활시설,1023115501,지번
1165010800117140012,서울특별시 서초구 서초동,서울특별시 서초구 서초중앙로 149-10 (서초동),근린생활2,제2종근린생활시설,1023117093,지번
1165010800117180006,서울특별시 서초구 서초동,서울특별시 서초구 서초대로 251 (서초동),근린생활2,제2종근린생활시설,1023117123,지번
1165010600100230009,서울특별시 서초구 잠원동,서울특별시 서초구 나루터로10길 21 (잠원동),근린생활1,제1종근린생활시설,1023111313,지번
1165010300100020007,서울특별시 서초구 우면동,서울특별시 서초구 바우뫼로 18 (우면동),근린생활2,제2종근린생활시설,1023110544,지번
1165010800115460004,서울특별시 서초구 서초동,서울특별시 서초구 사임당로1길 15 (서초동),근린생활2,제2종근린생활시설,10231100181772,지번
1165010600100110005,서울특별시 서초구 잠원동,서울특별시 서초구 강남대로101길 23 (잠원동),근린생활2,제2종근린생활시설,1023111199,지번
1165010800114340010,서울특별시 서초구 서초동,서울특별시 서초구 남부순환로337가길 43-9 (서초동),근린생활2,제2종근린생활시설,1023114775,지번
1165010100110210017,서울특별시 서초구 방배동,서울특별시 서초구 방배로8길 10-7 (방배동),근린생활2,제2종근린생활시설,10231100185168,지번
1165010800114660011,서울특별시 서초구 서초동,서울특별시 서초구 남부순환로 2361 (서초동),근린생활2,제2종근린생활시설,1023115022,지번
1165010800113620021,서울특별시 서초구 서초동,서울특별시 서초구 강남대로37길 12-7 (서초동),근린생활2,제2종근린생활시설,1023114597,지번
1165010100108730020,서울특별시 서초구 방배동,서울특별시 서초구 서초대로23길 21 (방배동),근린생활1,제1종근린생활시설,102313642,지번
1165010800114750004,서울특별시 서초구 서초동,서울특별시 서초구 반포대로7길 13 (서초동),근린생활1,제1종근린생활시설,1023115077,지번
1165010300107270000,서울특별시 서초구 우면동,서울특별시 서초구 태봉로 58 (우면동),근린생활1,제1종근린생활시설,10231100227774,지번
1165010800116400006,서울특별시 서초구 서초동,서울특별시 서초구 사임당로17길 119 (서초동),근린생활2,제2종근린생활시설,1023116599,지번
1165010800115740012,서울특별시 서초구 서초동,서울특별시 서초구 서초중앙로 123 (서초동),근린생활1,업무시설,10231100280255,지번
1165010200103260009,서울특별시 서초구 양재동,서울특별시 서초구 동산로 3 (양재동),근린생활2,제2종근린생활시설,102319354,지번
1165010800116170034,서울특별시 서초구 서초동,서울특별시 서초구 서초중앙로8길 127 (서초동),근린생활2,제2종근린생활시설,1023116319,지번
1165010200103130003,서울특별시 서초구 양재동,서울특별시 서초구 강남대로18길 24-12 (양재동),근린생활2,제2종근린생활시설,102319277,지번
1165010800113270008,서울특별시 서초구 서초동,서울특별시 서초구 서초대로78길 28 (서초동),근린생활2,업무시설,1000000000000005312250,지번
1165010100127320010,서울특별시 서초구 방배동,서울특별시 서초구 전원말안5길 16 (방배동),근린생활1,제1종근린생활시설,102315784,지번
1165010100108670035,서울특별시 서초구 방배동,서울특별시 서초구 서초대로 49 (방배동),근린생활1,제1종근린생활시설,102313538,지번
1165010800116580023,서울특별시 서초구 서초동,서울특별시 서초구 서초중앙로20길 29 (서초동),근린생활2,제2종근린생활시설,1023116795,지번
1165010800116590006,서울특별시 서초구 서초동,서울특별시 서초구 서초중앙로22길 28 (서초동),근린생활1,제1종근린생활시설,1023116802,지번
1165010200103140002,서울특별시 서초구 양재동,서울특별시 서초구 강남대로18길 16-8 (양재동),근린생활2,제2종근린생활시설,102319286,지번
1165010700101070007,서울특별시 서초구 반포동,서울특별시 서초구 사평대로 104 (반포동),근린생활1,제1종근린생활시설,1023112330,지번
1165010700100750001,서울특별시 서초구 반포동,서울특별시 서초구 사평대로26길 55 (반포동),근린생활1,공동주택,1000000000000002062843,지번
1165010200103470005,서울특별시 서초구 양재동,서울특별시 서초구 동산로2길 50 (양재동),근린생활2,제2종근린생활시설,102319565,지번
1165010200103910016,서울특별시 서초구 양재동,서울특별시 서초구 동산로14길 9 (양재동),근린생활2,제2종근린생활시설,102319783,지번
1165010700100750002,서울특별시 서초구 반포동,서울특별시 서초구 서래로6길 20 (반포동),근린생활2,제2종근린생활시설,1023112179,지번
1165010200103540010,서울특별시 서초구 양재동,서울특별시 서초구 강남대로6길 28-9 (양재동),근린생활2,제2종근린생활시설,102319612,지번
1165010700107430018,서울특별시 서초구 반포동,,근린생활1,근린생활시설,1023113318,지번
1165010200102680008,서울특별시 서초구 양재동,서울특별시 서초구 마방로10길 34-22 (양재동),근린생활2,제2종근린생활시설,102318972,지번
1165010200103710001,서울특별시 서초구 양재동,서울특별시 서초구 강남대로10길 94 (양재동),근린생활1,제1종근린생활시설,102319704,지번
1165010200102830003,서울특별시 서초구 양재동,서울특별시 서초구 논현로 55 (양재동),근린생활1,제1종근린생활시설,102319106,지번
1165010800116430014,서울특별시 서초구 서초동,서울특별시 서초구 사임당로19길 28-7 (서초동),근린생활2,제1종근린생활시설,10231100203920,지번
1165010200100130013,서울특별시 서초구 양재동,서울특별시 서초구 강남대로34길 7 (양재동),근린생활1,제2종근린생활시설,1000000000000001058972,지번
1165010200100180007,서울특별시 서초구 양재동,서울특별시 서초구 강남대로30길 58 (양재동),근린생활2,제2종근린생활시설,102318206,지번
1165010800116650028,서울특별시 서초구 서초동,서울특별시 서초구 서초중앙로18길 23 (서초동),근린생활2,제2종근린생활시설,1023116849,지번
1165010200102630003,서울특별시 서초구 양재동,서울특별시 서초구 마방로 50 (양재동),근린생활2,제2종근린생활시설,102318900,지번
1165010400104010001,서울특별시 서초구 원지동,서울특별시 서초구 원터3길 8 (원지동),근린생활2,제1종근린생활시설,10231100280335,지번
1165010300102210001,서울특별시 서초구 우면동,서울특별시 서초구 형촌길 99 (우면동),근린생활1,제1종근린생활시설,10231100211075,지번
1165010100107810026,서울특별시 서초구 방배동,서울특별시 서초구 동광로1길 24 (방배동),근린생활1,공동주택,1000000000000003964012,지번
1165011100102330001,서울특별시 서초구 신원동,서울특별시 서초구 청룡마을길 23-5 (신원동),근린생활2,제2종근린생활시설,1023119054,지번
1165010800115050006,서울특별시 서초구 서초동,서울특별시 서초구 명달로 130 (서초동),근린생활2,제2종근린생활시설,1023115361,지번
1165010100108800010,서울특별시 서초구 방배동,서울특별시 서초구 서초대로33길 3 (방배동),근린생활2,제2종근린생활시설,102313749,지번
1165010800113430017,서울특별시 서초구 서초동,서울특별시 서초구 효령로72길 11 (서초동),근린생활1,제1종근린생활시설,1023114400,지번
1165010800113480009,서울특별시 서초구 서초동,서울특별시 서초구 효령로74길 34-17 (서초동),근린생활2,제2종근린생활시설,1023114423,지번
1165010800113580005,서울특별시 서초구 서초동,서울특별시 서초구 강남대로43길 11 (서초동),근린생활2,제2종근린생활시설,1023114518,지번
1165010900100011225,서울특별시 서초구 내곡동,서울특별시 서초구 샘마을1길 3 (내곡동),근린생활1,제1종근린생활시설,1023118330,지번
1165010200102910019,서울특별시 서초구 양재동,서울특별시 서초구 동산로 65 (양재동),근린생활2,제2종근린생활시설,102319173,지번
1165010600100140010,서울특별시 서초구 잠원동,서울특별시 서초구 나루터로15길 7-2 (잠원동),근린생활1,제1종근린생활시설,1023111245,지번
1165010200103330001,서울특별시 서초구 양재동,서울특별시 서초구 동산로 20 (양재동),근린생활2,제2종근린생활시설,102319410,지번
1165010100109230014,서울특별시 서초구 방배동,서울특별시 서초구 방배로15길 13 (방배동),근린생활2,제2종근린생활시설,102314298,지번
1165010800114820007,서울특별시 서초구 서초동,서울특별시 서초구 남부순환로317길 65 (서초동),근린생활2,제2종근린생활시설,1023115125,지번
1165010200100130008,서울특별시 서초구 양재동,서울특별시 서초구 강남대로 212 (양재동),근린생활1,제1종근린생활시설,102319983,지번
1165010800114510087,서울특별시 서초구 서초동,서울특별시 서초구 남부순환로323길 19 (서초동),근린생활2,제2종근린생활시설,1023114940,지번
1165010800114490007,서울특별시 서초구 서초동,서울특별시 서초구 남부순환로 2433-3 (서초동),근린생활2,제2종근린생활시설,1023114880,지번
1165010800114490007,서울특별시 서초구 서초동,서울특별시 서초구 반포대로4길 62 (서초동),근린생활2,제1종근린생활시설,1023114881,지번
1165010800114640033,서울특별시 서초구 서초동,서울특별시 서초구 반포대로 5 (서초동),근린생활2,제1종근린생활시설,10231100278935,지번
1165010800114860005,서울특별시 서초구 서초동,서울특별시 서초구 효령로 220 (서초동),근린생활1,제1종근린생활시설,1023115157,지번
1165010200103390003,서울특별시 서초구 양재동,서울특별시 서초구 강남대로8길 49 (양재동),근린생활2,제2종근린생활시설,102319488,지번
1165010100108310014,서울특별시 서초구 방배동,서울특별시 서초구 방배중앙로 108 (방배동),근린생활2,제2종근린생활시설,102313030,지번
1165010800113390004,서울특별시 서초구 서초동,서울특별시 서초구 효령로 429 (서초동),근린생활2,업무시설,1000000000000002255581,지번
1165010800116580018,서울특별시 서초구 서초동,서울특별시 서초구 서초중앙로20길 23 (서초동),근린생활2,제2종근린생활시설,1023116790,지번
1165010800116580006,서울특별시 서초구 서초동,서울특별시 서초구 서초중앙로20길 15 (서초동),근린생활2,제2종근린생활시설,1023116779,지번
1165010200103470010,서울특별시 서초구 양재동,서울특별시 서초구 강남대로8길 24-7 (양재동),근린생활2,제2종근린생활시설,10231100216713,지번
1165010400103770004,서울특별시 서초구 원지동,서울특별시 서초구 원터1길 4 (원지동),근린생활2,제2종근린생활시설,1023111076,지번
1165010100107820020,서울특별시 서초구 방배동,서울특별시 서초구 동작대로 188 (방배동),근린생활2,제2종근린생활시설,102312363,지번
1165010100108530001,서울특별시 서초구 방배동,서울특별시 서초구 동광로18길 55 (방배동),근린생활1,제2종근린생활시설,1000000000000006325581,지번
1165010200102630005,서울특별시 서초구 양재동,서울특별시 서초구 마방로10길 2 (양재동),근린생활2,제2종근린생활시설,10231100298670,지번
1165010800116060005,서울특별시 서초구 서초동,서울특별시 서초구 효령로 359 (서초동),근린생활2,업무시설,1000000000000007431621,지번
1165010100121910000,서울특별시 서초구 방배동,서울특별시 서초구 방배중앙로21길 65 (방배동),근린생활2,제2종근린생활시설,102315753,지번
1165010100107660003,서울특별시 서초구 방배동,서울특별시 서초구 방배중앙로27길 25 (방배동),근린생활2,제2종근린생활시설,102312150,지번
1165010600100150008,서울특별시 서초구 잠원동,서울특별시 서초구 나루터로 65 (잠원동),근린생활1,제1종근린생활시설,1023111255,지번
1165010200100960008,서울특별시 서초구 양재동,서울특별시 서초구 양재천로 105 (양재동),근린생활2,제2종근린생활시설,102318470,지번
1165010700100940002,서울특별시 서초구 반포동,서울특별시 서초구 사평대로 122 (반포동),근린생활2,제2종근린생활시설,1023112269,지번
1165010700100970008,서울특별시 서초구 반포동,서울특별시 서초구 서래로3길 3 (반포동),근린생활2,제2종근린생활시설,1023113619,지번
1165010800115450008,서울특별시 서초구 서초동,서울특별시 서초구 반포대로20길 7-5 (서초동),근린생활2,제2종근린생활시설,1023115625,지번
1165010800116350009,서울특별시 서초구 서초동,서울특별시 서초구 서초대로64길 47 (서초동),근린생활2,제2종근린생활시설,1023116568,지번
1165010800115490012,서울특별시 서초구 서초동,서울특별시 서초구 서초대로42길 51 (서초동),근린생활2,제2종근린생활시설,1023115661,지번
1165010200100020003,서울특별시 서초구 양재동,서울특별시 서초구 남부순환로 2648 (양재동),근린생활2,제2종근린생활시설,102317798,지번
1165010100129990000,서울특별시 서초구 방배동,서울특별시 서초구 서초대로 6 (방배동),근린생활2,업무시설,10231100286675,지번
1165010700101070024,서울특별시 서초구 반포동,서울특별시 서초구 사평대로20길 12-3 (반포동),근린생활2,제2종근린생활시설,1023112337,지번
1165010200100110044,서울특별시 서초구 양재동,서울특별시 서초구 남부순환로354길 14 (양재동),근린생활2,제2종근린생활시설,102319971,지번
1165010700101070028,서울특별시 서초구 반포동,서울특별시 서초구 사평대로18길 27 (반포동),근린생활2,공동주택,10231100273575,지번
1165010200102320000,서울특별시 서초구 양재동,서울특별시 서초구 강남대로 27 (양재동),근린생활1,판매시설,10231100237875,지번
1165010700107280027,서울특별시 서초구 반포동,서울특별시 서초구 주흥7길 6 (반포동),근린생활2,제2종근린생활시설,1023113007,지번
1165010800116210013,서울특별시 서초구 서초동,서울특별시 서초구 서초중앙로8길 24 (서초동),근린생활2,제2종근린생활시설,10231100224114,지번
1165010200101220008,서울특별시 서초구 양재동,서울특별시 서초구 양재천로 73 (양재동),근린생활2,제2종근린생활시설,102318608,지번
1165010100107770011,서울특별시 서초구 방배동,서울특별시 서초구 방배중앙로 162 (방배동),근린생활2,제2종근린생활시설,10231100245234,지번
1165010200100890001,서울특별시 서초구 양재동,서울특별시 서초구 양재천로29길 15 (양재동),근린생활1,제1종근린생활시설,102318384,지번
1165010100105370000,서울특별시 서초구 방배동,서울특별시 서초구 효령로 32 (방배동),근린생활2,제2종근린생활시설,102311740,지번
1165010800116680012,서울특별시 서초구 서초동,서울특별시 서초구 사임당로17길 113 (서초동),근린생활1,제1종근린생활시설,1023116880,지번
1165010100110010009,서울특별시 서초구 방배동,서울특별시 서초구 효령로 182-8 (방배동),근린생활2,제2종근린생활시설,102315589,지번
1165010700107180009,서울특별시 서초구 반포동,서울특별시 서초구 사평대로53길 103 (반포동),근린생활2,제2종근린생활시설,1023112803,지번
1165010700100880006,서울특별시 서초구 반포동,서울특별시 서초구 서래로 4 (반포동),근린생활2,제2종근린생활시설,1023112226,지번
1165010700100900014,서울특별시 서초구 반포동,서울특별시 서초구 서래로 30 (반포동),근린생활1,제1종근린생활시설,1023112242,지번
1165010700100910008,서울특별시 서초구 반포동,서울특별시 서초구 서래로 34 (반포동),근린생활1,제1종근린생활시설,1023112249,지번
1165010800116760006,서울특별시 서초구 서초동,서울특별시 서초구 서초대로60길 18 (서초동),근린생활2,업무시설,10231100292155,지번
1165010800116690014,서울특별시 서초구 서초동,서울특별시 서초구 서초대로56길 28 (서초동),근린생활1,제1종근린생활시설,1023116896,지번
1165010800116880003,서울특별시 서초구 서초동,서울특별시 서초구 서초대로 351 (서초동),근린생활1,제1종근린생활시설,1023116954,지번
1165010200102910004,서울특별시 서초구 양재동,서울특별시 서초구 언남10길 40 (양재동),근린생활2,제2종근린생활시설,102319159,지번
1165010800113320007,서울특별시 서초구 서초동,서울특별시 서초구 사임당로 139 (서초동),근린생활1,제1종근린생활시설,1023114323,지번
1165010800115570007,서울특별시 서초구 서초동,서울특별시 서초구 반포대로28길 46 (서초동),근린생활1,제1종근린생활시설,1023117894,지번
1165010800116910001,서울특별시 서초구 서초동,서울특별시 서초구 서초중앙로24길 18 (서초동),근린생활1,제1종근린생활시설,1023116960,지번
1165010800116950007,서울특별시 서초구 서초동,서울특별시 서초구 서초대로53길 7 (서초동),근린생활2,제2종근린생활시설,1023116983,지번
1165010800116180007,서울특별시 서초구 서초동,서울특별시 서초구 서초중앙로8길 57-11 (서초동),근린생활1,제1종근린생활시설,1023116332,지번
1165010800116700013,서울특별시 서초구 서초동,서울특별시 서초구 서초대로54길 9-18 (서초동),근린생활2,제2종근린생활시설,1023116908,지번
1165010200100840010,서울특별시 서초구 양재동,서울특별시 서초구 양재천로31길 22 (양재동),근린생활2,제2종근린생활시설,102318346,지번
1165010100104220003,서울특별시 서초구 방배동,서울특별시 서초구 방배천로24길 19 (방배동),근린생활2,제2종근린생활시설,10231100219973,지번
1165010800114580001,서울특별시 서초구 서초동,서울특별시 서초구 효령로52길 1 (서초동),근린생활2,제2종근린생활시설,1023114959,지번
1165010800114430033,서울특별시 서초구 서초동,서울특별시 서초구 남부순환로339길 63 (서초동),근린생활2,제2종근린생활시설,1023114856,지번
1165010800114420019,서울특별시 서초구 서초동,서울특별시 서초구 남부순환로339길 47-1 (서초동),근린생활2,제2종근린생활시설,1023114829,지번
1165010800115550001,서울특별시 서초구 서초동,서울특별시 서초구 서초대로46길 15 (서초동),근린생활2,제2종근린생활시설,1023115713,지번
1165010800115630011,서울특별시 서초구 서초동,서울특별시 서초구 반포대로20길 27 (서초동),근린생활2,제2종근린생활시설,1023115793,지번
1165010800115710003,서울특별시 서초구 서초동,서울특별시 서초구 서초대로48길 19 (서초동),근린생활2,제2종근린생활시설,1023115876,지번
1165010200102850001,서울특별시 서초구 양재동,서울특별시 서초구 논현로13길 17 (양재동),근린생활2,제2종근린생활시설,102319115,지번
1165010100119230000,서울특별시 서초구 방배동,서울특별시 서초구 동작대로 142 (방배동),근린생활2,제2종근린생활시설,102315731,지번
1165010200103600013,서울특별시 서초구 양재동,서울특별시 서초구 강남대로6길 76 (양재동),근린생활2,제2종근린생활시설,102319655,지번
1165010300107610000,서울특별시 서초구 우면동,서울특별시 서초구 양재대로2길 100-30 (우면동),근린생활1,제1종근린생활시설,10231100220013,지번
1165010100107690019,서울특별시 서초구 방배동,서울특별시 서초구 방배로39길 42 (방배동),근린생활2,제2종근린생활시설,102312216,지번
1165010800115860001,서울특별시 서초구 서초동,서울특별시 서초구 효령로51길 8 (서초동),근린생활2,제2종근린생활시설,1023116019,지번
1165010100108290002,서울특별시 서초구 방배동,서울특별시 서초구 방배천로32길 2 (방배동),근린생활1,제1종근린생활시설,102312975,지번
1165010800116240002,서울특별시 서초구 서초동,서울특별시 서초구 사임당로 46 (서초동),근린생활2,제2종근린생활시설,1023116426,지번
1165010200103070009,서울특별시 서초구 양재동,서울특별시 서초구 동산로13길 48 (양재동),근린생활1,제1종근린생활시설,102319261,지번
1165010200103130005,서울특별시 서초구 양재동,서울특별시 서초구 강남대로16길 21 (양재동),근린생활1,제1종근린생활시설,102319279,지번
1165010800115750003,서울특별시 서초구 서초동,서울특별시 서초구 서초중앙로 113 (서초동),근린생활2,제2종근린생활시설,10231100184545,지번
1165010200103390009,서울특별시 서초구 양재동,서울특별시 서초구 강남대로8길 65-1 (양재동),근린생활2,제2종근린생활시설,102319492,지번
1165010700107280019,서울특별시 서초구 반포동,서울특별시 서초구 주흥7길 10-10 (반포동),근린생활1,제1종근린생활시설,1023112999,지번
1165010800113020008,서울특별시 서초구 서초동,서울특별시 서초구 사평대로52길 12 (서초동),근린생활1,제1종근린생활시설,1023114167,지번
1165010100108730019,서울특별시 서초구 방배동,서울특별시 서초구 서초대로23길 15-4 (방배동),근린생활2,제2종근린생활시설,1000000000000002194102,지번
1165010800116490016,서울특별시 서초구 서초동,서울특별시 서초구 사임당로 85 (서초동),근린생활1,제1종근린생활시설,1023116721,지번
1165010800116560013,서울특별시 서초구 서초동,서울특별시 서초구 서초대로52길 38 (서초동),근린생활2,제2종근린생활시설,10231100268195,지번
1165010100100330011,서울특별시 서초구 방배동,서울특별시 서초구 방배로36길 25 (방배동),근린생활1,제1종근린생활시설,10231618,지번
1165010800116580001,서울특별시 서초구 서초동,서울특별시 서초구 서초대로52길 17 (서초동),근린생활2,제2종근린생활시설,1023116774,지번
1165010800115700009,서울특별시 서초구 서초동,서울특별시 서초구 반포대로26길 69 (서초동),근린생활2,제2종근린생활시설,1023115868,지번
1165010800113080005,서울특별시 서초구 서초동,서울특별시 서초구 서초대로77길 43 (서초동),근린생활2,제2종근린생활시설,1023114230,지번
1165010800115530017,서울특별시 서초구 서초동,서울특별시 서초구 서초대로42길 7 (서초동),근린생활2,업무시설,1000000000000002190244,지번
1165010100108500033,서울특별시 서초구 방배동,서울특별시 서초구 방배로26길 15 (방배동),근린생활2,제2종근린생활시설,102313228,지번
1165010800115710012,서울특별시 서초구 서초동,서울특별시 서초구 반포대로30길 62 (서초동),근린생활2,제2종근린생활시설,1023115884,지번
1165010200100080055,서울특별시 서초구 양재동,서울특별시 서초구 강남대로34길 46 (양재동),근린생활2,제2종근린생활시설,102317943,지번
1165010800115810001,서울특별시 서초구 서초동,서울특별시 서초구 반포대로 80 (서초동),근린생활2,제2종근린생활시설,1023115982,지번
1165010800115690012,서울특별시 서초구 서초동,서울특별시 서초구 반포대로26길 66 (서초동),근린생활2,제2종근린생활시설,1023115855,지번
1165010800115720012,서울특별시 서초구 서초동,서울특별시 서초구 반포대로30길 61 (서초동),근린생활2,제2종근린생활시설,1023115909,지번
1165010800114870062,서울특별시 서초구 서초동,서울특별시 서초구 남부순환로315길 73 (서초동),근린생활1,제1종근린생활시설,1023115218,지번
1165010800114520008,서울특별시 서초구 서초동,서울특별시 서초구 반포대로4길 29 (서초동),근린생활2,제2종근린생활시설,1023114951,지번
1165010800116970016,서울특별시 서초구 서초동,서울특별시 서초구 서초중앙로26길 17 (서초동),근린생활2,제2종근린생활시설,1023117014,지번
1165010600100450017,서울특별시 서초구 잠원동,서울특별시 서초구 신반포로43길 11-18 (잠원동),근린생활1,제1종근린생활시설,1023111627,지번
1165010200100030018,서울특별시 서초구 양재동,서울특별시 서초구 바우뫼로43길 18 (양재동),근린생활2,제2종근린생활시설,102317835,지번
1165010100108980001,서울특별시 서초구 방배동,서울특별시 서초구 서초대로 108 (방배동),근린생활1,제1종근린생활시설,102317140,지번
1165010200101170000,서울특별시 서초구 양재동,서울특별시 서초구 강남대로23길 77 (양재동),근린생활1,제1종근린생활시설,102318571,지번
1165010800115850014,서울특별시 서초구 서초동,서울특별시 서초구 반포대로12길 14 (서초동),근린생활2,제2종근린생활시설,1023116016,지번
1165010100104530029,서울특별시 서초구 방배동,서울특별시 서초구 방배천로 42 (방배동),근린생활1,제1종근린생활시설,102311154,지번
1165011100101920048,서울특별시 서초구 신원동,서울특별시 서초구 청룡마을3길 2 (신원동),근린생활2,제2종근린생활시설,1023119005,지번
1165010100104630013,서울특별시 서초구 방배동,서울특별시 서초구 청두곶길 45 (방배동),근린생활2,제2종근린생활시설,102311341,지번
1165010800116210018,서울특별시 서초구 서초동,서울특별시 서초구 서초중앙로6길 15 (서초동),근린생활2,제2종근린생활시설,1023116403,지번
1165010800116210010,서울특별시 서초구 서초동,서울특별시 서초구 서초중앙로8길 16 (서초동),근린생활1,제1종근린생활시설,1023116395,지번
1165010200102880002,서울특별시 서초구 양재동,서울특별시 서초구 논현로 45 (양재동),근린생활1,제1종근린생활시설,102319134,지번
1165010200100130010,서울특별시 서초구 양재동,서울특별시 서초구 남부순환로350길 38 (양재동),근린생활,근린생활시설,102318107,지번
1165010100110200009,서울특별시 서초구 방배동,서울특별시 서초구 효령로34길 62 (방배동),근린생활1,제1종근린생활시설,102315619,지번
1165010200102910016,서울특별시 서초구 양재동,서울특별시 서초구 동산로 71 (양재동),근린생활2,제2종근린생활시설,102319170,지번
1165010200103460007,서울특별시 서초구 양재동,서울특별시 서초구 동산로2길 43 (양재동),근린생활2,제2종근린생활시설,102319559,지번
1165010800114280004,서울특별시 서초구 서초동,서울특별시 서초구 남부순환로333길 31 (서초동),근린생활2,공동주택,10231100280315,지번
1165010600100110011,서울특별시 서초구 잠원동,서울특별시 서초구 나루터로15길 30-4 (잠원동),근린생활2,제2종근린생활시설,1023111205,지번
1165010600100130010,서울특별시 서초구 잠원동,서울특별시 서초구 나루터로15길 16 (잠원동),근린생활1,제1종근린생활시설,1023111235,지번
1165010200100110077,서울특별시 서초구 양재동,서울특별시 서초구 강남대로34길 33 (양재동),근린생활1,제1종근린생활시설,102318086,지번
1165010600100360031,서울특별시 서초구 잠원동,서울특별시 서초구 강남대로93길 13-10 (잠원동),근린생활2,제2종근린생활시설,1023111517,지번
1165010200100020001,서울특별시 서초구 양재동,서울특별시 서초구 남부순환로 2644 (양재동),근린생활2,제2종근린생활시설,102317796,지번
1165010800113490014,서울특별시 서초구 서초동,서울특별시 서초구 효령로72길 36-9 (서초동),근린생활1,제1종근린생활시설,1023114441,지번
1165010100104730001,서울특별시 서초구 방배동,서울특별시 서초구 청두곶길 14 (방배동),근린생활2,공동주택,102316239,지번
1165010100104730001,서울특별시 서초구 방배동,서울특별시 서초구 청두곶길 12 (방배동),근린생활2,제2종근린생활시설,102316240,지번
1165010100108800014,서울특별시 서초구 방배동,서울특별시 서초구 서초대로 125 (방배동),근린생활2,제2종근린생활시설,102313752,지번
1165010600100310011,서울특별시 서초구 잠원동,서울특별시 서초구 강남대로95길 48-19 (잠원동),근린생활2,제2종근린생활시설,1023111435,지번
1165010200103130000,서울특별시 서초구 양재동,서울특별시 서초구 강남대로18길 20 (양재동),근린생활2,제2종근린생활시설,102319274,지번
1165010700105490003,서울특별시 서초구 반포동,서울특별시 서초구 반포대로39길 36-1 (반포동),근린생활2,제2종근린생활시설,1023112488,지번
1165010700105350002,서울특별시 서초구 반포동,서울특별시 서초구 사평대로26길 9-5 (반포동),근린생활1,제1종근린생활시설,1023112475,지번
1165010200100040003,서울특별시 서초구 양재동,서울특별시 서초구 논현로 139 (양재동),근린생활1,제1종근린생활시설,102317838,지번
1165010100104370006,서울특별시 서초구 방배동,서울특별시 서초구 방배천로16길 1 (방배동),근린생활2,제2종근린생활시설,10231989,지번
1165010300100650000,서울특별시 서초구 우면동,서울특별시 서초구 바우뫼로7길 19 (우면동),근린생활2,제2종근린생활시설,1023110670,지번
1165010200100090061,서울특별시 서초구 양재동,서울특별시 서초구 바우뫼로41길 59 (양재동),근린생활2,제2종근린생활시설,10231100242274,지번
1165010700101070100,서울특별시 서초구 반포동,서울특별시 서초구 서래로5길 34 (반포동),근린생활2,제2종근린생활시설,1023112367,지번
1165010200103140012,서울특별시 서초구 양재동,서울특별시 서초구 마방로2길 49 (양재동),근린생활2,제2종근린생활시설,102319292,지번
1165010100108280030,서울특별시 서초구 방배동,서울특별시 서초구 방배중앙로15길 30 (방배동),근린생활1,제1종근린생활시설,102312968,지번
1165010700101070088,서울특별시 서초구 반포동,서울특별시 서초구 사평대로20길 58 (반포동),근린생활1,제1종근린생활시설,1023112366,지번
1165010800113210007,서울특별시 서초구 서초동,서울특별시 서초구 서운로 136 (서초동),근린생활2,업무시설,1000000000000003091778,지번
1165010200102700015,서울특별시 서초구 양재동,서울특별시 서초구 언남11길 16-1 (양재동),근린생활1,제1종근린생활시설,102318995,지번
1165010200100090006,서울특별시 서초구 양재동,서울특별시 서초구 남부순환로356길 57-2 (양재동),근린생활1,제1종근린생활시설,102317955,지번
1165010200101170003,서울특별시 서초구 양재동,서울특별시 서초구 양재천로 55 (양재동),근린생활2,제2종근린생활시설,10231100182808,지번
1165010800116040013,서울특별시 서초구 서초동,서울특별시 서초구 서초중앙로8길 88 (서초동),근린생활1,제1종근린생활시설,1023116191,지번
1165010100114390000,서울특별시 서초구 방배동,서울특별시 서초구 동광로12길 120-10 (방배동),근린생활2,제2종근린생활시설,102315676,지번
1165010200100610001,서울특별시 서초구 양재동,서울특별시 서초구 바우뫼로27길 12 (양재동),근린생활2,제2종근린생활시설,102318265,지번
1165010800116230012,서울특별시 서초구 서초동,서울특별시 서초구 서초중앙로 56 (서초동),근린생활1,제1종근린생활시설,1023116424,지번
1165010200102780003,서울특별시 서초구 양재동,서울특별시 서초구 언남19길 11 (양재동),근린생활2,제2종근린생활시설,102319066,지번
1165010200100140012,서울특별시 서초구 양재동,서울특별시 서초구 강남대로 196 (양재동),근린생활2,제2종근린생활시설,102318124,지번
1165010800115480008,서울특별시 서초구 서초동,서울특별시 서초구 반포대로22길 19-11 (서초동),근린생활2,제2종근린생활시설,1023115649,지번
1165010200100200033,서울특별시 서초구 양재동,서울특별시 서초구 바우뫼로 179 (양재동),근린생활2,제2종근린생활시설,102318233,지번
1165010800115590013,서울특별시 서초구 서초동,서울특별시 서초구 서초대로46길 75 (서초동),근린생활1,제1종근린생활시설,1023115768,지번
1165010200103280006,서울특별시 서초구 양재동,서울특별시 서초구 강남대로8길 15-1 (양재동),근린생활2,제2종근린생활시설,102319377,지번
1165010700101110007,서울특별시 서초구 반포동,서울특별시 서초구 사평대로 94 (반포동),근린생활2,제2종근린생활시설,1023112376,지번
1165010200103520002,서울특별시 서초구 양재동,서울특별시 서초구 강남대로2길 10 (양재동),근린생활2,제2종근린생활시설,102319596,지번
1165010200103410010,서울특별시 서초구 양재동,서울특별시 서초구 강남대로8길 66-9 (양재동),근린생활2,제2종근린생활시설,102319506,지번
1165010200100060015,서울특별시 서초구 양재동,서울특별시 서초구 바우뫼로43길 15 (양재동),근린생활1,제1종근린생활시설,102317871,지번
1165010200100090060,서울특별시 서초구 양재동,서울특별시 서초구 바우뫼로41길 57 (양재동),근린생활1,제1종근린생활시설,102317993,지번
1165010300102280003,서울특별시 서초구 우면동,서울특별시 서초구 형촌3길 20 (우면동),근린생활1,제1종근린생활시설,10231100252104,지번
1165010300102280003,서울특별시 서초구 우면동,서울특별시 서초구 형촌3길 20 (우면동),근린생활1,제1종근린생활시설,1023110786,지번
1165010200100160006,서울특별시 서초구 양재동,서울특별시 서초구 바우뫼로37길 30 (양재동),근린생활2,제2종근린생활시설,102318154,지번
1165010200100840002,서울특별시 서초구 양재동,서울특별시 서초구 바우뫼로 218 (양재동),근린생활2,제2종근린생활시설,102318341,지번
1165010200101100018,서울특별시 서초구 양재동,서울특별시 서초구 양재천로17길 26 (양재동),근린생활1,제1종근린생활시설,102318539,지번
1165010200102100005,서울특별시 서초구 양재동,서울특별시 서초구 매헌로 34 (양재동),근린생활1,제1종근린생활시설,102318698,지번
1165010800117070003,서울특별시 서초구 서초동,서울특별시 서초구 서초대로45길 19 (서초동),근린생활1,제1종근린생활시설,1023117065,지번
1165010100107820002,서울특별시 서초구 방배동,서울특별시 서초구 동작대로 192 (방배동),근린생활1,단독주택,102312350,지번
1165010100107820002,서울특별시 서초구 방배동,서울특별시 서초구 동작대로 192 (방배동),근린생활1,제1종근린생활시설,102312351,지번
1165010800114420004,서울특별시 서초구 서초동,서울특별시 서초구 서초중앙로2길 76 (서초동),근린생활2,제2종근린생활시설,1023114819,지번
1165010200100110072,서울특별시 서초구 양재동,서울특별시 서초구 남부순환로350길 33 (양재동),근린생활1,제1종근린생활시설,102318082,지번
1165010200103020010,서울특별시 서초구 양재동,서울특별시 서초구 언남14길 5 (양재동),근린생활1,제1종근린생활시설,102319235,지번
1165010100107780031,서울특별시 서초구 방배동,서울특별시 서초구 방배중앙로21길 6 (방배동),근린생활2,제2종근린생활시설,102312268,지번
1165010200102600002,서울특별시 서초구 양재동,서울특별시 서초구 마방로4길 11 (양재동),근린생활2,제2종근린생활시설,102318875,지번
1165010100107930020,서울특별시 서초구 방배동,서울특별시 서초구 동광로19길 1 (방배동),근린생활1,제1종근린생활시설,102316719,지번
1165010600100360011,서울특별시 서초구 잠원동,서울특별시 서초구 강남대로93길 7 (잠원동),근린생활2,제2종근린생활시설,1023111499,지번
1165010200102930006,서울특별시 서초구 양재동,서울특별시 서초구 언남12길 47 (양재동),근린생활1,제1종근린생활시설,102319195,지번
1165010600100360010,서울특별시 서초구 잠원동,서울특별시 서초구 강남대로93길 9 (잠원동),근린생활2,제2종근린생활시설,1023111498,지번
1165010200100970000,서울특별시 서초구 양재동,서울특별시 서초구 양재천로21길 28 (양재동),근린생활2,제2종근린생활시설,102318478,지번
1165010200100200032,서울특별시 서초구 양재동,서울특별시 서초구 바우뫼로35길 3 (양재동),근린생활1,제1종근린생활시설,102318232,지번
1165010600100120004,서울특별시 서초구 잠원동,서울특별시 서초구 강남대로105길 5 (잠원동),근린생활2,제2종근린생활시설,1023111212,지번
1165010700106120139,서울특별시 서초구 반포동,서울특별시 서초구 사평대로8길 11 (반포동),근린생활2,공동주택,10231100277088,지번
1165010700107140020,서울특별시 서초구 반포동,서울특별시 서초구 주흥11길 30 (반포동),근린생활2,제2종근린생활시설,1023112733,지번
1165010600100360018,서울특별시 서초구 잠원동,서울특별시 서초구 강남대로91길 18 (잠원동),근린생활2,제2종근린생활시설,1023111505,지번
1165010200103260003,서울특별시 서초구 양재동,서울특별시 서초구 동산로 9-9 (양재동),근린생활2,제2종근린생활시설,102319348,지번
1165010200101080006,서울특별시 서초구 양재동,서울특별시 서초구 바우뫼로 158 (양재동),근린생활2,제2종근린생활시설,102318521,지번
1165010200101220005,서울특별시 서초구 양재동,서울특별시 서초구 양재천로17길 7 (양재동),근린생활2,제2종근린생활시설,102318606,지번
1165010200101250007,서울특별시 서초구 양재동,서울특별시 서초구 양재천로19길 14 (양재동),근린생활2,제2종근린생활시설,102318632,지번
1165010100108120024,서울특별시 서초구 방배동,서울특별시 서초구 방배로 199 (방배동),근린생활2,제2종근린생활시설,1000000000000001427506,지번
1165010100108110015,서울특별시 서초구 방배동,서울특별시 서초구 방배로 202 (방배동),근린생활2,제2종근린생활시설,102312664,지번
1165010700105770107,서울특별시 서초구 반포동,서울특별시 서초구 동광로 184 (반포동),근린생활2,제2종근린생활시설,1023112542,지번
1165010700106120097,서울특별시 서초구 반포동,서울특별시 서초구 사평대로 66 (반포동),근린생활2,제1종근린생활시설,10231100263755,지번
1165010200100060017,서울특별시 서초구 양재동,서울특별시 서초구 논현로31길 14 (양재동),근린생활1,제1종근린생활시설,102317872,지번
1165010200100880002,서울특별시 서초구 양재동,서울특별시 서초구 양재천로 143-11 (양재동),근린생활2,제2종근린생활시설,102318375,지번
1165010200101190009,서울특별시 서초구 양재동,서울특별시 서초구 양재천로9길 8 (양재동),근린생활1,공동주택,10231100280451,지번
1165010600100420008,서울특별시 서초구 잠원동,서울특별시 서초구 신반포로45길 9-8 (잠원동),근린생활1,제1종근린생활시설,1023111580,지번
1165010100104670004,서울특별시 서초구 방배동,서울특별시 서초구 청두곶3길 20 (방배동),근린생활2,제2종근린생활시설,102311405,지번
1165010200102230000,서울특별시 서초구 양재동,서울특별시 서초구 양재대로12길 36 (양재동),판매시설,판매시설,102318722,지번
1165010200102030012,서울특별시 서초구 양재동,서울특별시 서초구 매헌로 64 (양재동),근린생활2,제2종근린생활시설,102318654,지번
1165010800114410001,서울특별시 서초구 서초동,서울특별시 서초구 효령로68길 59 (서초동),근린생활1,제1종근린생활시설,1023114815,지번
1165010200102780001,서울특별시 서초구 양재동,서울특별시 서초구 언남19길 17 (양재동),근린생활2,공동주택,10231100268296,지번
1165010100120010000,서울특별시 서초구 방배동,서울특별시 서초구 서초대로1길 34 (방배동),근린생활2,공동주택,102317690,지번
1165010100120010000,서울특별시 서초구 방배동,서울특별시 서초구 서초대로1길 34 (방배동),근린생활2,공동주택,102317691,지번
1165010100120010000,서울특별시 서초구 방배동,서울특별시 서초구 서초대로1길 34 (방배동),근린생활2,공동주택,102317692,지번
1165010100120010000,서울특별시 서초구 방배동,서울특별시 서초구 서초대로1길 34 (방배동),근린생활2,공동주택,102317693,지번
1165010100120010000,서울특별시 서초구 방배동,서울특별시 서초구 서초대로1길 34 (방배동),근린생활2,제2종근린생활시설,102317694,지번
1165010100120010000,서울특별시 서초구 방배동,서울특별시 서초구 서초대로1길 34 (방배동),근린생활2,공동주택,102317695,지번
1165010100120010000,서울특별시 서초구 방배동,서울특별시 서초구 서초대로1길 34 (방배동),근린생활2,공동주택,102317696,지번
1165010100108110001,서울특별시 서초구 방배동,서울특별시 서초구 방배로 212 (방배동),근린생활2,제2종근린생활시설,102312652,지번
1165010800113080015,서울특별시 서초구 서초동,서울특별시 서초구 강남대로65길 10 (서초동),근린생활2,제2종근린생활시설,10231100212131,지번
1165010200102530000,서울특별시 서초구 양재동,서울특별시 서초구 마방로4길 15-56 (양재동),근린생활2,제2종근린생활시설,102318817,지번
1165010800116240008,서울특별시 서초구 서초동,서울특별시 서초구 서초중앙로12길 7 (서초동),근린생활2,제2종근린생활시설,1023116430,지번
1165010200102660003,서울특별시 서초구 양재동,서울특별시 서초구 언남11길 23 (양재동),근린생활2,제2종근린생활시설,102318948,지번
1165010800114510094,서울특별시 서초구 서초동,서울특별시 서초구 효령로52길 69 (서초동),근린생활2,제2종근린생활시설,1023114946,지번
1165010700106120121,서울특별시 서초구 반포동,서울특별시 서초구 사평대로6길 13 (반포동),근린생활2,제2종근린생활시설,1023112560,지번
1165010900100010679,서울특별시 서초구 내곡동,서울특별시 서초구 헌릉로 431 (내곡동),근린생활2,제2종근린생활시설,1023118307,지번
1165010700106120135,서울특별시 서초구 반포동,서울특별시 서초구 서래로5길 102 (반포동),근린생활1,제1종근린생활시설,1023112567,지번
1165010400103850012,서울특별시 서초구 원지동,서울특별시 서초구 청계산로 239 (원지동),근린생활1,제1종근린생활시설,10231100284015,지번
1165010800115530013,서울특별시 서초구 서초동,서울특별시 서초구 반포대로30길 13 (서초동),근린생활2,제2종근린생활시설,1023115699,지번
1165010900100011472,서울특별시 서초구 내곡동,서울특별시 서초구 헌인릉길 23 (내곡동),근린생활1,제1종근린생활시설,1023118351,지번
1165010200104020000,서울특별시 서초구 양재동,서울특별시 서초구 논현로 13 (양재동),근린생활2,제2종근린생활시설,102319859,지번
1165010600100440017,서울특별시 서초구 잠원동,서울특별시 서초구 신반포로43길 23-10 (잠원동),근린생활2,제2종근린생활시설,1023111610,지번
1165010800116690011,서울특별시 서초구 서초동,서울특별시 서초구 서초중앙로22길 54 (서초동),근린생활1,제1종근린생활시설,1023116895,지번
1165010800116750007,서울특별시 서초구 서초동,,근린생활2,업무시설,10231100281016,지번
1165010800114430017,서울특별시 서초구 서초동,서울특별시 서초구 효령로68길 74 (서초동),근린생활1,제1종근린생활시설,1023114845,지번
1165011100104480004,서울특별시 서초구 신원동,서울특별시 서초구 본마을2길 12 (신원동),근린생활1,제1종근린생활시설,1023119140,지번
1165010800116970009,서울특별시 서초구 서초동,서울특별시 서초구 서초대로53길 20-17 (서초동),근린생활1,제1종근린생활시설,1023117008,지번
1165010100108730018,서울특별시 서초구 방배동,서울특별시 서초구 서초대로19길 10-21 (방배동),근린생활2,제2종근린생활시설,102313640,지번
1165010100109240013,서울특별시 서초구 방배동,서울특별시 서초구 방배로 111 (방배동),근린생활2,제1종근린생활시설,102314310,지번
1165010100109240013,서울특별시 서초구 방배동,서울특별시 서초구 방배로15길 3 (방배동),근린생활2,제2종근린생활시설,102314311,지번
1165010800115780002,서울특별시 서초구 서초동,서울특별시 서초구 서초중앙로 79 (서초동),근린생활2,제2종근린생활시설,1023115957,지번
1165010100105110049,서울특별시 서초구 방배동,서울특별시 서초구 방배선행길 13 (방배동),근린생활1,제1종근린생활시설,10231100247814,지번
1165010700100830017,서울특별시 서초구 반포동,서울특별시 서초구 동광로 183 (반포동),근린생활,근린생활시설,1023112215,지번
1165010200102200001,서울특별시 서초구 양재동,서울특별시 서초구 매헌로1길 30 (양재동),근린생활2,제2종근린생활시설,102318718,지번
1165010100108140011,서울특별시 서초구 방배동,서울특별시 서초구 방배로33길 26-1 (방배동),근린생활1,제1종근린생활시설,102312707,지번
1165010200102560003,서울특별시 서초구 양재동,서울특별시 서초구 마방로6길 46 (양재동),근린생활2,제2종근린생활시설,102318849,지번
1165010100104670019,서울특별시 서초구 방배동,서울특별시 서초구 방배천로6길 38-1 (방배동),근린생활2,제2종근린생활시설,102311417,지번
1165010800114440020,서울특별시 서초구 서초동,서울특별시 서초구 서초중앙로2길 37 (서초동),근린생활1,제1종근린생활시설,1023114869,지번
1165010100104350018,서울특별시 서초구 방배동,서울특별시 서초구 방배천로18길 46 (방배동),근린생활2,제2종근린생활시설,10231941,지번
1165010200101060000,서울특별시 서초구 양재동,서울특별시 서초구 양재천로11길 33 (양재동),근린생활2,제2종근린생활시설,102318507,지번
1165010100109540037,서울특별시 서초구 방배동,서울특별시 서초구 도구로 89-2 (방배동),근린생활2,제2종근린생활시설,102314915,지번
1165010100108100016,서울특별시 서초구 방배동,서울특별시 서초구 방배로34길 9-4 (방배동),근린생활2,제2종근린생활시설,102312649,지번
1165010800113440009,서울특별시 서초구 서초동,서울특별시 서초구 서운로11길 3 (서초동),근린생활2,제2종근린생활시설,1023114405,지번
1165010200101120003,서울특별시 서초구 양재동,서울특별시 서초구 양재천로13길 24 (양재동),근린생활2,제2종근린생활시설,102318545,지번
1165010800116240011,서울특별시 서초구 서초동,서울특별시 서초구 서초중앙로 66 (서초동),근린생활2,제2종근린생활시설,1023116432,지번
1165011000101170008,서울특별시 서초구 염곡동,서울특별시 서초구 염곡안1길 35-3 (염곡동),근린생활1,제1종근린생활시설,1023118797,지번
1165010800115660006,서울특별시 서초구 서초동,서울특별시 서초구 서초대로50길 76 (서초동),근린생활2,제2종근린생활시설,1023115824,지번
1165010800115660010,서울특별시 서초구 서초동,서울특별시 서초구 서초대로50길 84-10 (서초동),근린생활2,제2종근린생활시설,1023115826,지번
1165010800115670010,서울특별시 서초구 서초동,서울특별시 서초구 서초대로46길 93 (서초동),근린생활2,제2종근린생활시설,1023115838,지번
1165010100121440000,서울특별시 서초구 방배동,서울특별시 서초구 동광로 16 (방배동),근린생활1,제1종근린생활시설,102315750,지번
1165010200103910000,서울특별시 서초구 양재동,서울특별시 서초구 동산로 72 (양재동),근린생활2,제2종근린생활시설,102319773,지번
1165010100109830002,서울특별시 서초구 방배동,서울특별시 서초구 방배로 68 (방배동),근린생활2,제2종근린생활시설,102315506,지번
1165010100100170010,서울특별시 서초구 방배동,서울특별시 서초구 방배로40길 16 (방배동),근린생활1,제1종근린생활시설,10231602,지번
1165010100109000012,서울특별시 서초구 방배동,서울특별시 서초구 방배로20길 25-2 (방배동),근린생활1,제1종근린생활시설,102317150,지번
1165010800114870055,서울특별시 서초구 서초동,서울특별시 서초구 반포대로9길 79 (서초동),근린생활2,제2종근린생활시설,1023115213,지번
1165010800115520006,서울특별시 서초구 서초동,서울특별시 서초구 서초대로42길 29 (서초동),근린생활2,제2종근린생활시설,1023115685,지번
1165010800115640012,서울특별시 서초구 서초동,서울특별시 서초구 반포대로24길 82 (서초동),근린생활2,제2종근린생활시설,1023115801,지번
1165010100104550001,서울특별시 서초구 방배동,서울특별시 서초구 방배천로 62 (방배동),근린생활1,제1종근린생활시설,102311186,지번
1165010900101700002,서울특별시 서초구 내곡동,서울특별시 서초구 능안말1길 11-4 (내곡동),근린생활1,제1종근린생활시설,10231100203999,지번
1165010800116210006,서울특별시 서초구 서초동,서울특별시 서초구 서초중앙로6길 5-8 (서초동),근린생활2,제2종근린생활시설,10231100297770,지번
1165010200102910002,서울특별시 서초구 양재동,서울특별시 서초구 언남10길 32 (양재동),근린생활1,제1종근린생활시설,102319158,지번
1165010700100780012,서울특별시 서초구 반포동,서울특별시 서초구 서래로2길 27 (반포동),근린생활2,제2종근린생활시설,1023112189,지번
1165010800113620013,서울특별시 서초구 서초동,서울특별시 서초구 강남대로37길 12-12 (서초동),근린생활2,제2종근린생활시설,1023114592,지번
1165010800114510007,서울특별시 서초구 서초동,서울특별시 서초구 반포대로8길 5-10 (서초동),근린생활2,제2종근린생활시설,1023114889,지번
1165010800116030070,서울특별시 서초구 서초동,서울특별시 서초구 서초중앙로6길 18-8 (서초동),근린생활1,제1종근린생활시설,1023116164,지번
1165010200103470000,서울특별시 서초구 양재동,서울특별시 서초구 강남대로8길 30 (양재동),근린생활2,제2종근린생활시설,102319561,지번
1165010200103310006,서울특별시 서초구 양재동,서울특별시 서초구 동산로2길 28 (양재동),근린생활2,제2종근린생활시설,102319396,지번
1165010700100560002,서울특별시 서초구 반포동,서울특별시 서초구 서초중앙로 239 (반포동),근린생활2,제2종근린생활시설,1023112124,지번
1165010800113420008,서울특별시 서초구 서초동,서울특별시 서초구 서운로11길 14 (서초동),근린생활2,제2종근린생활시설,1023114385,지번
1165010700107350019,서울특별시 서초구 반포동,서울특별시 서초구 사평대로57길 59 (반포동),근린생활2,제2종근린생활시설,1023113174,지번
1165010800116690003,서울특별시 서초구 서초동,서울특별시 서초구 서초대로54길 27 (서초동),근린생활2,제2종근린생활시설,1023116888,지번
1165010200103490000,서울특별시 서초구 양재동,서울특별시 서초구 강남대로8길 16-3 (양재동),근린생활1,제1종근린생활시설,102319578,지번
1165010800116020010,서울특별시 서초구 서초동,서울특별시 서초구 효령로 289 (서초동),근린생활2,제2종근린생활시설,1023116110,지번
1165010800113600035,서울특별시 서초구 서초동,서울특별시 서초구 강남대로39길 6-5 (서초동),근린생활2,제2종근린생활시설,1023114576,지번
1165010800113570056,서울특별시 서초구 서초동,서울특별시 서초구 강남대로43길 22-1 (서초동),근린생활2,제2종근린생활시설,1023114499,지번
1165010800114440010,서울특별시 서초구 서초동,서울특별시 서초구 효령로60길 23-9 (서초동),근린생활2,제2종근린생활시설,1023114863,지번
1165010800114440017,서울특별시 서초구 서초동,서울특별시 서초구 효령로60길 23-12 (서초동),근린생활2,제2종근린생활시설,1023114868,지번
1165010800115080045,서울특별시 서초구 서초동,서울특별시 서초구 명달로22길 59 (서초동),근린생활1,제1종근린생활시설,1023115462,지번
1165010800115380002,서울특별시 서초구 서초동,서울특별시 서초구 서초대로40길 83 (서초동),근린생활1,제2종근린생활시설,10231100281455,지번
1165010100104540009,서울특별시 서초구 방배동,서울특별시 서초구 방배천로8길 20 (방배동),근린생활2,제2종근린생활시설,102311169,지번
1165010100104540010,서울특별시 서초구 방배동,서울특별시 서초구 방배천로2안길 77 (방배동),근린생활2,제2종근린생활시설,102311170,지번
1165010700107360011,서울특별시 서초구 반포동,서울특별시 서초구 사평대로57길 62 (반포동),근린생활1,제1종근린생활시설,1023113192,지번
1165010100104540011,서울특별시 서초구 방배동,서울특별시 서초구 방배천로2안길 75 (방배동),근린생활2,제2종근린생활시설,1000000000000002498209,지번
1165010100104540014,서울특별시 서초구 방배동,서울특별시 서초구 방배천로2안길 69 (방배동),근린생활1,제1종근린생활시설,102311174,지번
1165010100108290022,서울특별시 서초구 방배동,서울특별시 서초구 방배천로32길 1 (방배동),근린생활2,제2종근린생활시설,102312988,지번
1165010100108490015,서울특별시 서초구 방배동,서울특별시 서초구 동광로24길 75 (방배동),근린생활2,제2종근린생활시설,102313201,지번
1165010200103190012,서울특별시 서초구 양재동,서울특별시 서초구 마방로2길 69 (양재동),근린생활2,제2종근린생활시설,102319323,지번
1165010900100120015,서울특별시 서초구 내곡동,서울특별시 서초구 능안말길 16-6 (내곡동),근린생활2,제2종근린생활시설,1023118473,지번
1165010200100880001,서울특별시 서초구 양재동,서울특별시 서초구 양재천로29길 14 (양재동),근린생활2,공동주택,10231100283236,지번
1165010200100880001,서울특별시 서초구 양재동,서울특별시 서초구 양재천로29길 14 (양재동),근린생활2,공동주택,10231100283249,지번
1165010800115470006,서울특별시 서초구 서초동,서울특별시 서초구 반포대로22길 14-3 (서초동),근린생활1,제1종근린생활시설,1023115639,지번
1165010800116030046,서울특별시 서초구 서초동,서울특별시 서초구 서초중앙로8길 38-30 (서초동),근린생활1,제1종근린생활시설,1023116144,지번
1165010800116290004,서울특별시 서초구 서초동,서울특별시 서초구 사임당로 88-8 (서초동),근린생활2,제2종근린생활시설,1023116514,지번
1165010700107380036,서울특별시 서초구 반포동,서울특별시 서초구 사평대로55길 26 (반포동),근린생활2,제2종근린생활시설,1000000000000002344456,지번
1165010700107380034,서울특별시 서초구 반포동,서울특별시 서초구 사평대로57길 21-2 (반포동),근린생활2,제2종근린생활시설,10231100279035,지번
1165010700107380045,서울특별시 서초구 반포동,서울특별시 서초구 강남대로79길 22 (반포동),근린생활2,제2종근린생활시설,1023113240,지번
1165010700107380047,서울특별시 서초구 반포동,,근린생활2,제1종근린생활시설,1000000000000005764130,지번
1165011000102070003,서울특별시 서초구 염곡동,서울특별시 서초구 탑성말1길 14 (염곡동),근린생활2,제2종근린생활시설,1023118855,지번
1165010100108220011,서울특별시 서초구 방배동,서울특별시 서초구 동광로10길 11-9 (방배동),근린생활2,제2종근린생활시설,102312874,지번
1165010100107840001,서울특별시 서초구 방배동,서울특별시 서초구 방배중앙로23길 33 (방배동),근린생활1,제1종근린생활시설,102312390,지번
1165010800113570073,서울특별시 서초구 서초동,서울특별시 서초구 강남대로43길 16 (서초동),근린생활1,제1종근린생활시설,1023114511,지번
1165010800114510072,서울특별시 서초구 서초동,서울특별시 서초구 남부순환로323길 25 (서초동),근린생활2,제2종근린생활시설,1023114929,지번
1165010100109510031,서울특별시 서초구 방배동,서울특별시 서초구 방배천로24길 41 (방배동),근린생활2,제2종근린생활시설,102314873,지번
1165010100108220004,서울특별시 서초구 방배동,서울특별시 서초구 동광로12길 8 (방배동),근린생활1,제1종근린생활시설,102312868,지번
1165010100108560041,서울특별시 서초구 방배동,서울특별시 서초구 동광로14길 72 (방배동),근린생활2,제2종근린생활시설,102313364,지번
1165010600100250001,서울특별시 서초구 잠원동,서울특별시 서초구 강남대로97길 49-3 (잠원동),근린생활2,제2종근린생활시설,1023111340,지번
1165010800113600012,서울특별시 서초구 서초동,서울특별시 서초구 강남대로41길 17 (서초동),근린생활2,제2종근린생활시설,1023114560,지번
1165010700107390000,서울특별시 서초구 반포동,서울특별시 서초구 사평대로53길 22 (반포동),근린생활1,제1종근린생활시설,1023113244,지번
1165010700107390032,서울특별시 서초구 반포동,,근린생활1,제2종근린생활시설,10231100275475,지번
1165010800115750009,서울특별시 서초구 서초동,서울특별시 서초구 서초중앙로 107 (서초동),근린생활1,제1종근린생활시설,1023115929,지번
1165010800116180001,서울특별시 서초구 서초동,서울특별시 서초구 사임당로14길 33 (서초동),근린생활2,제2종근린생활시설,1023116326,지번
1165010100104550015,서울특별시 서초구 방배동,서울특별시 서초구 방배천로4안길 61 (방배동),근린생활2,제2종근린생활시설,102311199,지번
1165011100101930010,서울특별시 서초구 신원동,서울특별시 서초구 청룡마을1길 10 (신원동),근린생활1,제1종근린생활시설,10231100251354,지번
1165010400103760013,서울특별시 서초구 원지동,서울특별시 서초구 원터길 18 (원지동),근린생활2,제2종근린생활시설,1023111072,지번
1165010100104550017,서울특별시 서초구 방배동,서울특별시 서초구 방배천로8길 5 (방배동),근린생활2,제2종근린생활시설,102311201,지번
1165010700107420017,서울특별시 서초구 반포동,서울특별시 서초구 주흥3길 9 (반포동),근린생활1,제1종근린생활시설,1023113299,지번
1165010100104550005,서울특별시 서초구 방배동,서울특별시 서초구 방배천로14길 7 (방배동),근린생활2,제2종근린생활시설,102311190,지번
1165010300106050007,서울특별시 서초구 우면동,서울특별시 서초구 식유촌길 63 (우면동),근린생활2,제2종근린생활시설,1023110885,지번
1165010100108770001,서울특별시 서초구 방배동,서울특별시 서초구 서초대로27길 30 (방배동),근린생활2,제2종근린생활시설,102313686,지번
1165010100109810029,서울특별시 서초구 방배동,서울특별시 서초구 효령로26길 9-3 (방배동),근린생활2,제2종근린생활시설,102315499,지번
1165010100108270010,서울특별시 서초구 방배동,서울특별시 서초구 동광로10길 27-8 (방배동),근린생활2,제2종근린생활시설,102312934,지번
1165010700107460000,서울특별시 서초구 반포동,서울특별시 서초구 강남대로79길 31 (반포동),근린생활2,제2종근린생활시설,1023113325,지번
1165010700107430011,서울특별시 서초구 반포동,서울특별시 서초구 주흥5길 1 (반포동),근린생활2,공동주택,10231100267975,지번
1165010700107450002,서울특별시 서초구 반포동,서울특별시 서초구 주흥1길 17 (반포동),근린생활2,제2종근린생활시설,1023113323,지번
1165010200102200003,서울특별시 서초구 양재동,서울특별시 서초구 매헌로1길 38 (양재동),근린생활2,제2종근린생활시설,102318720,지번
1165010800116700010,서울특별시 서초구 서초동,서울특별시 서초구 서초중앙로22길 47 (서초동),근린생활2,제2종근린생활시설,1023116905,지번
1165011100104890006,서울특별시 서초구 신원동,서울특별시 서초구 청계산로 117 (신원동),근린생활2,제2종근린생활시설,1023119194,지번
1165010200103580000,서울특별시 서초구 양재동,서울특별시 서초구 강남대로6길 66-4 (양재동),근린생활2,제2종근린생활시설,102319639,지번
1165010900100012299,서울특별시 서초구 내곡동,서울특별시 서초구 신흥말길 84 (내곡동),근린생활2,제2종근린생활시설,1023118418,지번
1165010700107470005,서울특별시 서초구 반포동,서울특별시 서초구 사평대로55길 10 (반포동),근린생활1,제1종근린생활시설,1023113339,지번
1165010600100240006,서울특별시 서초구 잠원동,서울특별시 서초구 강남대로97길 51 (잠원동),근린생활1,제1종근린생활시설,1023111747,지번
1165010100104540019,서울특별시 서초구 방배동,서울특별시 서초구 방배천로6길 19 (방배동),근린생활2,제2종근린생활시설,102311177,지번
1165010100108090031,서울특별시 서초구 방배동,서울특별시 서초구 방배로32길 21 (방배동),근린생활2,제2종근린생활시설,102312637,지번
1165010100104550019,서울특별시 서초구 방배동,서울특별시 서초구 방배천로8길 7 (방배동),근린생활1,제1종근린생활시설,102311202,지번
1165010100104560002,서울특별시 서초구 방배동,서울특별시 서초구 방배천로4안길 84 (방배동),근린생활1,제1종근린생활시설,102311204,지번
1165010100104550020,서울특별시 서초구 방배동,서울특별시 서초구 방배천로4안길 55 (방배동),근린생활2,제2종근린생활시설,102311203,지번
1165010600100440006,서울특별시 서초구 잠원동,서울특별시 서초구 신반포로43길 31 (잠원동),근린생활2,제2종근린생활시설,1023111601,지번
1165010100114430000,서울특별시 서초구 방배동,서울특별시 서초구 동광로12길 120-6 (방배동),근린생활2,제2종근린생활시설,10231100198379,지번
1165010200103170006,서울특별시 서초구 양재동,서울특별시 서초구 마방로2길 87 (양재동),근린생활2,제2종근린생활시설,10231100291995,지번
1165010100108110017,서울특별시 서초구 방배동,서울특별시 서초구 방배로32길 7 (방배동),근린생활2,제2종근린생활시설,102312666,지번
1165010800113640002,서울특별시 서초구 서초동,서울특별시 서초구 서운로 18 (서초동),근린생활2,제2종근린생활시설,1023114613,지번
1165010200103500006,서울특별시 서초구 양재동,서울특별시 서초구 강남대로6길 23 (양재동),근린생활2,제2종근린생활시설,102319580,지번
1165010800114890008,서울특별시 서초구 서초동,서울특별시 서초구 명달로 52-7 (서초동),근린생활2,제2종근린생활시설,1023115266,지번
1165010200103180004,서울특별시 서초구 양재동,서울특별시 서초구 강남대로12길 23-4 (양재동),근린생활2,제2종근린생활시설,102319312,지번
1165010100104560004,서울특별시 서초구 방배동,서울특별시 서초구 방배천로2안길 105 (방배동),근린생활2,제2종근린생활시설,102311206,지번
1165010100104370005,서울특별시 서초구 방배동,서울특별시 서초구 방배천로 66 (방배동),근린생활2,제2종근린생활시설,10231988,지번
1165010700107220027,서울특별시 서초구 반포동,서울특별시 서초구 강남대로 525-7 (반포동),근린생활2,제2종근린생활시설,1023112883,지번
1165010100104640027,서울특별시 서초구 방배동,서울특별시 서초구 청두곶길 35 (방배동),근린생활2,단독주택,102311373,지번
1165010100104540020,서울특별시 서초구 방배동,서울특별시 서초구 방배천로4안길 32 (방배동),근린생활1,공동주택,10231100286155,지번
1165010800114870053,서울특별시 서초구 서초동,서울특별시 서초구 남부순환로315길 89 (서초동),근린생활2,제2종근린생활시설,1023115212,지번
1165010100104540025,서울특별시 서초구 방배동,서울특별시 서초구 방배천로4안길 38 (방배동),근린생활2,제2종근린생활시설,102311180,지번
1165010800115570013,서울특별시 서초구 서초동,서울특별시 서초구 반포대로26길 41 (서초동),근린생활1,제1종근린생활시설,1023115743,지번
1165010800116420003,서울특별시 서초구 서초동,서울특별시 서초구 사임당로17길 60 (서초동),근린생활2,제2종근린생활시설,1023116621,지번
1165010800114750005,서울특별시 서초구 서초동,서울특별시 서초구 반포대로5길 4 (서초동),근린생활2,제2종근린생활시설,1023115078,지번
1165010100108290038,서울특별시 서초구 방배동,서울특별시 서초구 방배중앙로15길 16 (방배동),근린생활1,제1종근린생활시설,102313002,지번
1165010100109780011,서울특별시 서초구 방배동,서울특별시 서초구 방배중앙로 9 (방배동),근린생활1,제1종근린생활시설,102315415,지번
1165010200102420001,서울특별시 서초구 양재동,서울특별시 서초구 마방로4길 16-30 (양재동),근린생활1,제1종근린생활시설,102318746,지번
1165010100104560015,서울특별시 서초구 방배동,서울특별시 서초구 방배천로2안길 83 (방배동),근린생활1,제1종근린생활시설,102311210,지번
1165010800113440026,서울특별시 서초구 서초동,서울특별시 서초구 효령로72길 37 (서초동),근린생활2,제2종근린생활시설,1023114413,지번
1165010100109830019,서울특별시 서초구 방배동,서울특별시 서초구 방배로10길 10-8 (방배동),근린생활1,제1종근린생활시설,102315514,지번
1165010800116940006,서울특별시 서초구 서초동,서울특별시 서초구 서초대로51길 15 (서초동),근린생활2,제2종근린생활시설,1023116970,지번
1165010800116410013,서울특별시 서초구 서초동,서울특별시 서초구 서초대로64길 50 (서초동),판매시설,판매시설,1023118087,지번
1165010800116410013,서울특별시 서초구 서초동,서울특별시 서초구 사임당로23길 53 (서초동),판매시설,공동주택,1023118088,지번
1165010800116410013,서울특별시 서초구 서초동,서울특별시 서초구 사임당로23길 53 (서초동),판매시설,공동주택,1023118089,지번
1165010800116060006,서울특별시 서초구 서초동,서울특별시 서초구 효령로 361 (서초동),근린생활2,제2종근린생활시설,1023116215,지번
1165010200101130001,서울특별시 서초구 양재동,서울특별시 서초구 양재천로11길 26 (양재동),근린생활1,제1종근린생활시설,102318547,지번
1165010200101240000,서울특별시 서초구 양재동,서울특별시 서초구 강남대로23길 25 (양재동),근린생활2,제2종근린생활시설,102318619,지번
1165010200102900008,서울특별시 서초구 양재동,서울특별시 서초구 동산로 75 (양재동),근린생활1,제1종근린생활시설,102319156,지번
1165010200103130001,서울특별시 서초구 양재동,서울특별시 서초구 강남대로18길 24-6 (양재동),근린생활2,제2종근린생활시설,1000000000000003637321,지번
1165010300100020004,서울특별시 서초구 우면동,서울특별시 서초구 바우뫼로 14 (우면동),근린생활2,제2종근린생활시설,1023110542,지번
1165010200103010002,서울특별시 서초구 양재동,서울특별시 서초구 동산로19길 49 (양재동),근린생활2,제2종근린생활시설,102319222,지번
1165010100108150015,서울특별시 서초구 방배동,서울특별시 서초구 서초대로23길 97 (방배동),근린생활2,제2종근린생활시설,102312723,지번
1165010200100960016,서울특별시 서초구 양재동,서울특별시 서초구 양재천로 103-18 (양재동),근린생활2,제2종근린생활시설,102318477,지번
1165010200103010003,서울특별시 서초구 양재동,서울특별시 서초구 동산로19길 47 (양재동),근린생활2,제2종근린생활시설,102319223,지번
1165010800114670075,서울특별시 서초구 서초동,서울특별시 서초구 남부순환로315길 21 (서초동),근린생활1,제1종근린생활시설,1023115034,지번
1165010200100200012,서울특별시 서초구 양재동,서울특별시 서초구 바우뫼로37길 11 (양재동),근린생활2,제2종근린생활시설,102318221,지번
1165010100104560018,서울특별시 서초구 방배동,서울특별시 서초구 방배천로8길 15 (방배동),근린생활2,제2종근린생활시설,102311212,지번
1165010200103770002,서울특별시 서초구 양재동,서울특별시 서초구 동산로 62 (양재동),근린생활2,제2종근린생활시설,102319736,지번
1165010100107880058,서울특별시 서초구 방배동,서울특별시 서초구 동광로 21 (방배동),근린생활2,제2종근린생활시설,102312421,지번
1165010100108730007,서울특별시 서초구 방배동,서울특별시 서초구 서초대로19길 10-7 (방배동),근린생활2,제2종근린생활시설,102313632,지번
1165010200102550008,서울특별시 서초구 양재동,서울특별시 서초구 언남길 45 (양재동),근린생활1,제1종근린생활시설,102318844,지번
1165010200102550008,서울특별시 서초구 양재동,서울특별시 서초구 언남길 45 (양재동),근린생활1,단독주택,102318845,지번
1165010100104350017,서울특별시 서초구 방배동,서울특별시 서초구 방배천로18길 42 (방배동),근린생활1,단독주택,10231939,지번
1165010100104350017,서울특별시 서초구 방배동,서울특별시 서초구 방배천로18길 42-2 (방배동),근린생활1,제1종근린생활시설,10231940,지번
1165010200102640010,서울특별시 서초구 양재동,서울특별시 서초구 마방로10길 18-18 (양재동),근린생활1,제1종근린생활시설,102318916,지번
1165010800115100005,서울특별시 서초구 서초동,서울특별시 서초구 서초대로40길 96 (서초동),근린생활2,제2종근린생활시설,10231100248954,지번
1165010200102410006,서울특별시 서초구 양재동,서울특별시 서초구 마방로2길 22 (양재동),근린생활2,제2종근린생활시설,102318741,지번
1165010800114670066,서울특별시 서초구 서초동,서울특별시 서초구 남부순환로315길 39 (서초동),근린생활2,제2종근린생활시설,1023115033,지번
1165010200102460002,서울특별시 서초구 양재동,서울특별시 서초구 언남5길 7 (양재동),근린생활1,단독주택,102318767,지번
1165010200103770001,서울특별시 서초구 양재동,서울특별시 서초구 동산로 60 (양재동),근린생활2,단독주택,102319733,지번
1165010200103770001,서울특별시 서초구 양재동,서울특별시 서초구 동산로 60 (양재동),근린생활2,제2종근린생활시설,102319734,지번
1165010400104120002,서울특별시 서초구 원지동,서울특별시 서초구 원터5길 4 (원지동),근린생활2,제2종근린생활시설,1023111098,지번
1165010200100910005,서울특별시 서초구 양재동,서울특별시 서초구 양재천로 123 (양재동),근린생활2,제2종근린생활시설,10231100183468,지번
1165010100104540027,서울특별시 서초구 방배동,서울특별시 서초구 방배천로8길 16-11 (방배동),근린생활1,제1종근린생활시설,102311182,지번
1165010700107040000,서울특별시 서초구 반포동,서울특별시 서초구 신반포로 322 (반포동),근린생활2,제2종근린생활시설,1023112623,지번
1165010200103270000,서울특별시 서초구 양재동,서울특별시 서초구 동산로 2 (양재동),근린생활2,제2종근린생활시설,102319356,지번
1165010200103070008,서울특별시 서초구 양재동,서울특별시 서초구 동산로13길 42 (양재동),근린생활2,제2종근린생활시설,102319260,지번
1165010200103500010,서울특별시 서초구 양재동,서울특별시 서초구 강남대로6길 5 (양재동),근린생활2,제2종근린생활시설,102319583,지번
1165010800115710004,서울특별시 서초구 서초동,서울특별시 서초구 서초대로48길 23 (서초동),근린생활2,제2종근린생활시설,1023115877,지번
1165010100109180001,서울특별시 서초구 방배동,서울특별시 서초구 방배중앙로 18 (방배동),근린생활2,제2종근린생활시설,102314225,지번
1165010600100140008,서울특별시 서초구 잠원동,서울특별시 서초구 나루터로15길 13 (잠원동),근린생활2,제2종근린생활시설,1023111243,지번
1165010700100450011,서울특별시 서초구 반포동,서울특별시 서초구 서초중앙로29길 12 (반포동),근린생활2,제2종근린생활시설,1023112056,지번
1165010800117190003,서울특별시 서초구 서초동,서울특별시 서초구 법원로3길 25 (서초동),근린생활1,제1종근린생활시설,1023117126,지번
1165010100108130004,서울특별시 서초구 방배동,서울특별시 서초구 서초대로23길 112 (방배동),근린생활2,제2종근린생활시설,102312695,지번
1165010800114430008,서울특별시 서초구 서초동,서울특별시 서초구 효령로 322 (서초동),근린생활2,제2종근린생활시설,1023114836,지번
1165010100107680019,서울특별시 서초구 방배동,서울특별시 서초구 방배중앙로25길 6 (방배동),근린생활2,제2종근린생활시설,102312201,지번
1165010700100550006,서울특별시 서초구 반포동,서울특별시 서초구 고무래로8길 2 (반포동),근린생활2,제2종근린생활시설,1023112114,지번
1165010700101120010,서울특별시 서초구 반포동,서울특별시 서초구 서래로5길 86 (반포동),근린생활2,제2종근린생활시설,10231100212031,지번
1165010700100900004,서울특별시 서초구 반포동,서울특별시 서초구 사평대로26길 58 (반포동),근린생활2,제2종근린생활시설,1000000000000005744252,지번
1165010800115090003,서울특별시 서초구 서초동,서울특별시 서초구 반포대로23길 13 (서초동),근린생활2,제2종근린생활시설,1023115463,지번
1165010700100550007,서울특별시 서초구 반포동,서울특별시 서초구 고무래로8길 4 (반포동),근린생활2,제2종근린생활시설,1023112115,지번
1165010700100730001,서울특별시 서초구 반포동,서울특별시 서초구 동광로39길 68 (반포동),근린생활2,제2종근린생활시설,1023112171,지번
1165010700100910010,서울특별시 서초구 반포동,서울특별시 서초구 서래로 38 (반포동),근린생활1,제1종근린생활시설,1023112250,지번
1165010100107810004,서울특별시 서초구 방배동,서울특별시 서초구 방배중앙로25길 33 (방배동),근린생활1,제1종근린생활시설,102312325,지번
1165010800116400025,서울특별시 서초구 서초동,서울특별시 서초구 서초중앙로22길 92-13 (서초동),근린생활2,제2종근린생활시설,1023116610,지번
1165010800114310007,서울특별시 서초구 서초동,서울특별시 서초구 남부순환로335길 35 (서초동),근린생활1,제1종근린생활시설,1023114751,지번
1165010200103200004,서울특별시 서초구 양재동,서울특별시 서초구 언남길 15-6 (양재동),근린생활2,제2종근린생활시설,102319325,지번
1165010800115370006,서울특별시 서초구 서초동,서울특별시 서초구 반포대로 75 (서초동),근린생활2,제2종근린생활시설,10231100294412,지번
1165010800113400014,서울특별시 서초구 서초동,서울특별시 서초구 강남대로47길 20 (서초동),근린생활2,제2종근린생활시설,1023114364,지번
1165010200100090013,서울특별시 서초구 양재동,서울특별시 서초구 바우뫼로39길 63 (양재동),근린생활1,제1종근린생활시설,102317962,지번
1165010700100950011,서울특별시 서초구 반포동,서울특별시 서초구 사평대로22길 37 (반포동),근린생활2,제2종근린생활시설,1023112284,지번
1165010200103440006,서울특별시 서초구 양재동,서울특별시 서초구 강남대로6길 65-3 (양재동),근린생활2,제2종근린생활시설,102319536,지번
1165010100108780001,서울특별시 서초구 방배동,서울특별시 서초구 서초대로29길 32 (방배동),근린생활2,제2종근린생활시설,102313714,지번
1165010800115520015,서울특별시 서초구 서초동,서울특별시 서초구 반포대로30길 12-3 (서초동),근린생활1,제1종근린생활시설,1023115692,지번
1165010800115450015,서울특별시 서초구 서초동,서울특별시 서초구 반포대로 88 (서초동),근린생활1,제1종근린생활시설,1023115629,지번
1165010300106030009,서울특별시 서초구 우면동,서울특별시 서초구 식유촌길 76 (우면동),근린생활2,제2종근린생활시설,1023110879,지번
1165010800113070019,서울특별시 서초구 서초동,서울특별시 서초구 서초대로77길 27 (서초동),근린생활2,제2종근린생활시설,1023114225,지번
1165010800117080007,서울특별시 서초구 서초동,서울특별시 서초구 법원로3길 22 (서초동),근린생활2,제2종근린생활시설,1023117071,지번
1165010200103860017,서울특별시 서초구 양재동,서울특별시 서초구 동산로16길 34 (양재동),근린생활2,제2종근린생활시설,102319763,지번
1165010200103340004,서울특별시 서초구 양재동,서울특별시 서초구 동산로6길 24 (양재동),근린생활1,제1종근린생활시설,102319430,지번
1165010200103920020,서울특별시 서초구 양재동,서울특별시 서초구 논현로7길 36 (양재동),근린생활2,공동주택,10231100282635,지번
1165010200100040014,서울특별시 서초구 양재동,서울특별시 서초구 바우뫼로 211 (양재동),근린생활2,제2종근린생활시설,10231100211751,지번
1165010200102800006,서울특별시 서초구 양재동,서울특별시 서초구 동산로19길 40-1 (양재동),근린생활1,제1종근린생활시설,102319090,지번
1165010100109180006,서울특별시 서초구 방배동,서울특별시 서초구 방배중앙로 10 (방배동),근린생활2,제2종근린생활시설,102314228,지번
1165010100104780007,서울특별시 서초구 방배동,서울특별시 서초구 효령로2길 11 (방배동),근린생활1,제1종근린생활시설,102311537,지번
1165010800116660002,서울특별시 서초구 서초동,서울특별시 서초구 서초대로54길 37 (서초동),근린생활2,제2종근린생활시설,1023116852,지번
1165010100109210026,서울특별시 서초구 방배동,서울특별시 서초구 효령로25길 28 (방배동),근린생활1,제1종근린생활시설,102314275,지번
1165010100109210029,서울특별시 서초구 방배동,서울특별시 서초구 효령로27길 41 (방배동),근린생활2,제2종근린생활시설,102314276,지번
1165010800115760003,서울특별시 서초구 서초동,서울특별시 서초구 서초중앙로 105 (서초동),근린생활2,제2종근린생활시설,1023115935,지번
1165010200102900006,서울특별시 서초구 양재동,서울특별시 서초구 동산로 79 (양재동),근린생활2,제2종근린생활시설,102319154,지번
1165010800114580006,서울특별시 서초구 서초동,서울특별시 서초구 반포대로10길 35 (서초동),근린생활1,공동주택,1023117482,지번
1165010800114580006,서울특별시 서초구 서초동,서울특별시 서초구 반포대로10길 35 (서초동),근린생활1,공동주택,1023117483,지번
1165010800114580006,서울특별시 서초구 서초동,서울특별시 서초구 반포대로10길 35 (서초동),근린생활1,제1종근린생활시설,1023117484,지번
1165010100114600000,서울특별시 서초구 방배동,서울특별시 서초구 동광로12가길 27 (방배동),근린생활2,제2종근린생활시설,102315687,지번
1165010200102910012,서울특별시 서초구 양재동,서울특별시 서초구 논현로11길 45 (양재동),근린생활1,제1종근린생활시설,102319166,지번
1165010100120960000,서울특별시 서초구 방배동,서울특별시 서초구 동광로 7-4 (방배동),근린생활2,제2종근린생활시설,102315742,지번
1165010100104580025,서울특별시 서초구 방배동,서울특별시 서초구 청두곶길 50 (방배동),근린생활1,제1종근린생활시설,102311264,지번
1165010600100330004,서울특별시 서초구 잠원동,서울특별시 서초구 강남대로95길 66 (잠원동),근린생활2,제2종근린생활시설,1023111444,지번
1165010800115470015,서울특별시 서초구 서초동,서울특별시 서초구 반포대로24길 42-4 (서초동),근린생활2,제2종근린생활시설,1023115644,지번
1165010400103790000,서울특별시 서초구 원지동,서울특별시 서초구 원터2길 4 (원지동),근린생활1,제1종근린생활시설,1023111078,지번
1165010200101030007,서울특별시 서초구 양재동,서울특별시 서초구 바우뫼로18길 11 (양재동),근린생활1,제1종근린생활시설,102318502,지번
1165010200103310008,서울특별시 서초구 양재동,서울특별시 서초구 강남대로8길 23-6 (양재동),근린생활2,제2종근린생활시설,102319397,지번
1165010200103690000,서울특별시 서초구 양재동,서울특별시 서초구 동산로6길 33-1 (양재동),근린생활2,제2종근린생활시설,102319695,지번
1165010100109180017,서울특별시 서초구 방배동,서울특별시 서초구 효령로23길 33 (방배동),근린생활1,제1종근린생활시설,1000000000000001086127,지번
1165010600100120010,서울특별시 서초구 잠원동,서울특별시 서초구 강남대로101길 26 (잠원동),근린생활2,제2종근린생활시설,1023111217,지번
1165010800113630004,서울특별시 서초구 서초동,서울특별시 서초구 남부순환로347길 16 (서초동),근린생활2,업무시설,10231100293250,지번
1165010100104260006,서울특별시 서초구 방배동,서울특별시 서초구 방배천로20길 7 (방배동),근린생활2,제2종근린생활시설,10231100255854,지번
1165010100117560000,서울특별시 서초구 방배동,서울특별시 서초구 서초대로1길 19-5 (방배동),근린생활2,제2종근린생활시설,102315717,지번
1165010700106120085,서울특별시 서초구 반포동,서울특별시 서초구 사평대로 72 (반포동),근린생활2,제2종근린생활시설,10231100214353,지번
1165010200101230004,서울특별시 서초구 양재동,서울특별시 서초구 양재천로19길 11-3 (양재동),근린생활2,공동주택,10231100277075,지번
1165010100108480011,서울특별시 서초구 방배동,서울특별시 서초구 방배로26길 71-5 (방배동),근린생활2,제2종근린생활시설,10231100211336,지번
1165010700107040002,서울특별시 서초구 반포동,서울특별시 서초구 신반포로 320-3 (반포동),근린생활2,제2종근린생활시설,10231100214253,지번
1165010800114860011,서울특별시 서초구 서초동,서울특별시 서초구 효령로46길 6 (서초동),근린생활1,제1종근린생활시설,1023115162,지번
1165010200100150025,서울특별시 서초구 양재동,서울특별시 서초구 남부순환로356길 70 (양재동),근린생활2,제2종근린생활시설,102318144,지번
1165010800113570002,서울특별시 서초구 서초동,서울특별시 서초구 강남대로47길 23 (서초동),근린생활2,제2종근린생활시설,10231100252134,지번
1165010600100090004,서울특별시 서초구 잠원동,서울특별시 서초구 강남대로101길 43 (잠원동),근린생활1,제1종근린생활시설,1023111149,지번
1165010800115550016,서울특별시 서초구 서초동,서울특별시 서초구 서초대로48길 20 (서초동),근린생활2,제2종근린생활시설,1023115727,지번
1165010200100200029,서울특별시 서초구 양재동,서울특별시 서초구 강남대로 156-2 (양재동),근린생활2,제2종근린생활시설,102318230,지번
1165010200100820011,서울특별시 서초구 양재동,서울특별시 서초구 논현로27길 54 (양재동),근린생활2,제2종근린생활시설,102318323,지번
1165010200100850000,서울특별시 서초구 양재동,서울특별시 서초구 논현로27길 15 (양재동),근린생활2,제2종근린생활시설,102318353,지번
1165010100107730010,서울특별시 서초구 방배동,서울특별시 서초구 방배로 240 (방배동),근린생활1,제1종근린생활시설,102312233,지번
1165010200103980010,서울특별시 서초구 양재동,서울특별시 서초구 동산로16길 41 (양재동),근린생활2,제2종근린생활시설,102319835,지번
1165010100119290000,서울특별시 서초구 방배동,서울특별시 서초구 동작대로 140 (방배동),근린생활1,제1종근린생활시설,102315732,지번
1165010800115690005,서울특별시 서초구 서초동,서울특별시 서초구 반포대로22길 79-5 (서초동),근린생활1,제1종근린생활시설,1023115849,지번
1165010800113570019,서울특별시 서초구 서초동,서울특별시 서초구 강남대로45길 24 (서초동),근린생활2,제2종근린생활시설,1023114481,지번
1165010800113530001,서울특별시 서초구 서초동,서울특별시 서초구 서운로1길 21 (서초동),근린생활1,제1종근린생활시설,10231100185008,지번
1165010800114430034,서울특별시 서초구 서초동,서울특별시 서초구 효령로68길 66 (서초동),근린생활1,제1종근린생활시설,1023114857,지번
1165010800116710001,서울특별시 서초구 서초동,서울특별시 서초구 서초대로52길 7 (서초동),근린생활2,제2종근린생활시설,1023118144,지번
1165010100109190007,서울특별시 서초구 방배동,서울특별시 서초구 방배로13길 70 (방배동),근린생활2,제2종근린생활시설,102314241,지번
1165010800115460003,서울특별시 서초구 서초동,서울특별시 서초구 사임당로1길 13 (서초동),근린생활2,제2종근린생활시설,1023115633,지번
1165010800115860005,서울특별시 서초구 서초동,서울특별시 서초구 효령로 263 (서초동),근린생활2,제2종근린생활시설,1023116023,지번
1165010100109190023,서울특별시 서초구 방배동,서울특별시 서초구 방배중앙로 26 (방배동),근린생활2,제2종근린생활시설,102314247,지번
1165010800114510020,서울특별시 서초구 서초동,서울특별시 서초구 반포대로8길 15 (서초동),근린생활2,제2종근린생활시설,1023114899,지번
1165010800115800001,서울특별시 서초구 서초동,서울특별시 서초구 사임당로1길 10 (서초동),근린생활2,제2종근린생활시설,1023115968,지번
1165010100108270015,서울특별시 서초구 방배동,서울특별시 서초구 동광로12길 48 (방배동),근린생활2,제2종근린생활시설,102312939,지번
1165010800113570028,서울특별시 서초구 서초동,서울특별시 서초구 강남대로45길 10 (서초동),근린생활1,제1종근린생활시설,1023114485,지번
1165010800114660016,서울특별시 서초구 서초동,서울특별시 서초구 남부순환로 2379 (서초동),근린생활2,제2종근린생활시설,1023115025,지번
1165011100102410001,서울특별시 서초구 신원동,서울특별시 서초구 청룡마을4길 11-4 (신원동),근린생활1,제1종근린생활시설,1023119067,지번
1165010800113570065,서울특별시 서초구 서초동,서울특별시 서초구 강남대로43길 6 (서초동),근린생활2,업무시설,10231100277795,지번
1165010200102760012,서울특별시 서초구 양재동,서울특별시 서초구 논현로17길 20 (양재동),근린생활1,제1종근린생활시설,102319054,지번
1165010100109540002,서울특별시 서초구 방배동,서울특별시 서초구 방배천로24길 38 (방배동),근린생활1,제1종근린생활시설,102314888,지번
1165010800116900001,서울특별시 서초구 서초동,서울특별시 서초구 서초대로 323 (서초동),근린생활2,제2종근린생활시설,1023118222,지번
1165010100108720009,서울특별시 서초구 방배동,서울특별시 서초구 서초대로 95 (방배동),근린생활2,제2종근린생활시설,102313621,지번
1165010200103570004,서울특별시 서초구 양재동,서울특별시 서초구 강남대로6길 52-17 (양재동),근린생활1,제1종근린생활시설,102319637,지번
1165010200103290011,서울특별시 서초구 양재동,서울특별시 서초구 강남대로10길 32 (양재동),근린생활1,제1종근린생활시설,102319391,지번
1165010200100930015,서울특별시 서초구 양재동,서울특별시 서초구 논현로27길 91 (양재동),근린생활2,제2종근린생활시설,102318427,지번
1165010800113590013,서울특별시 서초구 서초동,서울특별시 서초구 서운로6길 29 (서초동),근린생활2,제2종근린생활시설,1023114534,지번
1165010800116580005,서울특별시 서초구 서초동,서울특별시 서초구 서초대로52길 29 (서초동),근린생활1,제1종근린생활시설,1023116778,지번
1165010800113590023,서울특별시 서초구 서초동,서울특별시 서초구 서운로6길 17 (서초동),근린생활2,제2종근린생활시설,1023114544,지번
1165010100105280059,서울특별시 서초구 방배동,서울특별시 서초구 청두곶2길 21-2 (방배동),근린생활1,제1종근린생활시설,102311633,지번
1165010800117030010,서울특별시 서초구 서초동,서울특별시 서초구 법원로4길 17 (서초동),근린생활2,제2종근린생활시설,1023117054,지번
1165010800117120008,서울특별시 서초구 서초동,서울특별시 서초구 서초대로49길 9 (서초동),근린생활2,제2종근린생활시설,1023117085,지번
1165010200102760009,서울특별시 서초구 양재동,서울특별시 서초구 논현로17길 10 (양재동),근린생활1,제1종근린생활시설,102319051,지번
1165010200103060003,서울특별시 서초구 양재동,서울특별시 서초구 언남12길 12 (양재동),근린생활1,공동주택,10231100278215,지번
1165010200102620010,서울특별시 서초구 양재동,서울특별시 서초구 마방로6길 7-5 (양재동),근린생활2,공동주택,10231100290695,지번
1165010100108540026,서울특별시 서초구 방배동,서울특별시 서초구 방배로27길 27 (방배동),근린생활1,제1종근린생활시설,102313293,지번
1165010200100070001,서울특별시 서초구 양재동,서울특별시 서초구 바우뫼로41길 88 (양재동),근린생활1,제1종근린생활시설,102317883,지번
1165010200103510007,서울특별시 서초구 양재동,서울특별시 서초구 강남대로4길 5 (양재동),근린생활1,제1종근린생활시설,102319589,지번
1165010200103520001,서울특별시 서초구 양재동,서울특별시 서초구 강남대로2길 6 (양재동),근린생활2,제2종근린생활시설,102319595,지번
1165010200100130004,서울특별시 서초구 양재동,서울특별시 서초구 강남대로 216 (양재동),근린생활2,제2종근린생활시설,102318104,지번
1165010100109570016,서울특별시 서초구 방배동,서울특별시 서초구 도구로9길 8 (방배동),근린생활1,제1종근린생활시설,102314963,지번
1165010200100090009,서울특별시 서초구 양재동,서울특별시 서초구 남부순환로356길 61 (양재동),근린생활1,제1종근린생활시설,102317957,지번
1165010200102910000,서울특별시 서초구 양재동,서울특별시 서초구 언남10길 28 (양재동),근린생활2,제2종근린생활시설,10231100222354,지번
1165010800115520021,서울특별시 서초구 서초동,서울특별시 서초구 서초대로46길 20-8 (서초동),근린생활2,제2종근린생활시설,1023117887,지번
1165010800116030067,서울특별시 서초구 서초동,서울특별시 서초구 효령로 303 (서초동),근린생활1,제1종근린생활시설,1023117972,지번
1165010100109830016,서울특별시 서초구 방배동,서울특별시 서초구 방배로10길 10-14 (방배동),근린생활2,제2종근린생활시설,102315512,지번
1165010900100050000,서울특별시 서초구 내곡동,서울특별시 서초구 능안말1길 5-1 (내곡동),근린생활1,제1종근린생활시설,10231100184444,지번
1165010800114840013,서울특별시 서초구 서초동,서울특별시 서초구 반포대로7길 20 (서초동),근린생활1,제1종근린생활시설,1023115137,지번
1165010800114860019,서울특별시 서초구 서초동,서울특별시 서초구 반포대로9길 72 (서초동),근린생활2,제2종근린생활시설,1023115168,지번
1165010800113160029,서울특별시 서초구 서초동,서울특별시 서초구 서초대로73길 9 (서초동),근린생활2,제2종근린생활시설,1023117217,지번
1165010800116200004,서울특별시 서초구 서초동,서울특별시 서초구 서초중앙로12길 38 (서초동),근린생활2,제2종근린생활시설,1023116387,지번
1165010200100100041,서울특별시 서초구 양재동,서울특별시 서초구 남부순환로350길 75 (양재동),근린생활2,제2종근린생활시설,102318024,지번
1165010200100110007,서울특별시 서초구 양재동,서울특별시 서초구 남부순환로350길 17 (양재동),근린생활2,제2종근린생활시설,102318044,지번
1165010800115640005,서울특별시 서초구 서초동,서울특별시 서초구 반포대로24길 70 (서초동),근린생활2,제2종근린생활시설,10231100190390,지번
1165010100109200027,서울특별시 서초구 방배동,서울특별시 서초구 방배로13길 56 (방배동),근린생활2,제2종근린생활시설,102314262,지번
1165010800113440029,서울특별시 서초구 서초동,서울특별시 서초구 효령로72길 33 (서초동),근린생활2,제2종근린생활시설,1023114414,지번
1165010800116190009,서울특별시 서초구 서초동,서울특별시 서초구 사임당로14길 42 (서초동),근린생활2,제2종근린생활시설,1023116380,지번
1165010800114900031,서울특별시 서초구 서초동,서울특별시 서초구 효령로 181 (서초동),근린생활2,제2종근린생활시설,1023115283,지번
1165010200102760003,서울특별시 서초구 양재동,서울특별시 서초구 논현로19길 11 (양재동),근린생활2,제2종근린생활시설,102319045,지번
1165010800117090008,서울특별시 서초구 서초동,서울특별시 서초구 법원로1길 16 (서초동),근린생활2,제2종근린생활시설,1023117077,지번
1165010800115370003,서울특별시 서초구 서초동,서울특별시 서초구 효령로49길 68 (서초동),근린생활2,제2종근린생활시설,10231100182029,지번
1165010800115370003,서울특별시 서초구 서초동,서울특별시 서초구 효령로49길 68 (서초동),근린생활2,제2종근린생활시설,1023115576,지번
1165011100103880005,서울특별시 서초구 신원동,서울특별시 서초구 본마을3길 15 (신원동),근린생활2,제2종근린생활시설,1023119116,지번
1165010700101150005,서울특별시 서초구 반포동,서울특별시 서초구 신반포로11길 40 (반포동),근린생활1,제1종근린생활시설,10231100184685,지번
1165010700101150005,서울특별시 서초구 반포동,서울특별시 서초구 신반포로11길 40 (반포동),근린생활1,제1종근린생활시설,10231100191272,지번
1165010700107330004,서울특별시 서초구 반포동,서울특별시 서초구 주흥6길 38-4 (반포동),근린생활2,제2종근린생활시설,10231100198919,지번
1165010100109350026,서울특별시 서초구 방배동,서울특별시 서초구 서초대로24길 40 (방배동),근린생활2,제2종근린생활시설,102314536,지번
1165010100108390003,서울특별시 서초구 방배동,서울특별시 서초구 방배로28길 15 (방배동),근린생활2,제2종근린생활시설,1000000000000004200104,지번
1165010200102690004,서울특별시 서초구 양재동,서울특별시 서초구 마방로10길 34-11 (양재동),근린생활1,제1종근린생활시설,102318976,지번
1165010100109350027,서울특별시 서초구 방배동,서울특별시 서초구 서초대로24길 25 (방배동),근린생활1,제1종근린생활시설,102314537,지번
1165010100109390028,서울특별시 서초구 방배동,서울특별시 서초구 방배로23길 32-1 (방배동),근린생활2,제2종근린생활시설,102314603,지번
1165010200102790003,서울특별시 서초구 양재동,서울특별시 서초구 언남17길 11 (양재동),근린생활2,제2종근린생활시설,102319076,지번
1165010100109400002,서울특별시 서초구 방배동,서울특별시 서초구 서초대로 78 (방배동),근린생활1,제1종근린생활시설,102314606,지번
1165010800115550002,서울특별시 서초구 서초동,서울특별시 서초구 반포대로30길 32 (서초동),근린생활2,제2종근린생활시설,1000000000000002365699,지번
1165010900100010355,서울특별시 서초구 내곡동,서울특별시 서초구 신흥말길 70 (내곡동),근린생활2,제2종근린생활시설,1023118288,지번
1165010800113170005,서울특별시 서초구 서초동,서울특별시 서초구 서초대로77길 15 (서초동),근린생활1,제1종근린생활시설,1023114264,지번
1165010800114760010,서울특별시 서초구 서초동,서울특별시 서초구 반포대로7길 35 (서초동),근린생활2,제2종근린생활시설,1023115086,지번
1165010100107740000,서울특별시 서초구 방배동,서울특별시 서초구 방배로 245 (방배동),근린생활1,제1종근린생활시설,102316635,지번
1165010100109360001,서울특별시 서초구 방배동,서울특별시 서초구 서초대로24길 3 (방배동),근린생활2,제2종근린생활시설,102314544,지번
1165010100109350042,서울특별시 서초구 방배동,서울특별시 서초구 방배로 137 (방배동),근린생활2,제2종근린생활시설,102314541,지번
1165010100109350044,서울특별시 서초구 방배동,서울특별시 서초구 서초대로22길 51 (방배동),근린생활1,제1종근린생활시설,102314542,지번
1165010100109350045,서울특별시 서초구 방배동,서울특별시 서초구 방배로19길 18 (방배동),근린생활2,제2종근린생활시설,102314543,지번
1165010200100090054,서울특별시 서초구 양재동,서울특별시 서초구 강남대로30길 51-8 (양재동),근린생활2,제2종근린생활시설,102317988,지번
1165010200103540009,서울특별시 서초구 양재동,서울특별시 서초구 강남대로6길 28-11 (양재동),근린생활2,제2종근린생활시설,102319611,지번
1165010100108750022,서울특별시 서초구 방배동,서울특별시 서초구 방배로26길 8 (방배동),근린생활1,제1종근린생활시설,102313658,지번
1165010200103580006,서울특별시 서초구 양재동,서울특별시 서초구 강남대로6길 66-18 (양재동),근린생활1,제1종근린생활시설,102319642,지번
1165010100108660005,서울특별시 서초구 방배동,서울특별시 서초구 서초대로 23 (방배동),근린생활2,제1종근린생활시설,1000000000000006497200,지번
1165010100109360002,서울특별시 서초구 방배동,서울특별시 서초구 서초대로24길 5 (방배동),근린생활2,제2종근린생활시설,102314545,지번
1165010100110310007,서울특별시 서초구 방배동,서울특별시 서초구 방배로 37 (방배동),근린생활2,제2종근린생활시설,102315657,지번
1165010100109360003,서울특별시 서초구 방배동,서울특별시 서초구 서초대로24길 7 (방배동),근린생활2,제2종근린생활시설,102314546,지번
1165010200103780000,서울특별시 서초구 양재동,서울특별시 서초구 동산로12길 9 (양재동),근린생활2,제2종근린생활시설,102319740,지번
1165010200102460006,서울특별시 서초구 양재동,서울특별시 서초구 언남3길 6 (양재동),근린생활2,제2종근린생활시설,102318770,지번
1165010100109260008,서울특별시 서초구 방배동,서울특별시 서초구 효령로29길 72 (방배동),근린생활2,제2종근린생활시설,102314340,지번
1165010100109260011,서울특별시 서초구 방배동,서울특별시 서초구 효령로31길 83-4 (방배동),근린생활2,제2종근린생활시설,102314342,지번
1165010200103930005,서울특별시 서초구 양재동,서울특별시 서초구 논현로 15 (양재동),근린생활1,제1종근린생활시설,102319805,지번
1165010800116590002,서울특별시 서초구 서초동,서울특별시 서초구 서초중앙로22길 22-7 (서초동),근린생활2,제2종근린생활시설,1023116799,지번
1165010200103160007,서울특별시 서초구 양재동,서울특별시 서초구 마방로2길 86 (양재동),근린생활2,제2종근린생활시설,102319303,지번
1165010800115470005,서울특별시 서초구 서초동,서울특별시 서초구 반포대로22길 14-4 (서초동),근린생활2,제2종근린생활시설,1023115638,지번
1165011100104650002,서울특별시 서초구 신원동,서울특별시 서초구 본마을4길 3 (신원동),근린생활2,제2종근린생활시설,1023119174,지번
1165011100104650002,서울특별시 서초구 신원동,서울특별시 서초구 본마을4길 3 (신원동),근린생활2,제1종근린생활시설,1023119175,지번
1165010200100160007,서울특별시 서초구 양재동,서울특별시 서초구 남부순환로356길 106 (양재동),근린생활1,제1종근린생활시설,102318155,지번
1165010200103390007,서울특별시 서초구 양재동,서울특별시 서초구 강남대로8길 39-24 (양재동),근린생활2,제2종근린생활시설,102319490,지번
1165010700107040007,서울특별시 서초구 반포동,서울특별시 서초구 신반포로 326-10 (반포동),근린생활2,제2종근린생활시설,1023112626,지번
1165010800115550008,서울특별시 서초구 서초동,서울특별시 서초구 서초대로46길 19-13 (서초동),근린생활2,제2종근린생활시설,1023115719,지번
1165010200103540008,서울특별시 서초구 양재동,서울특별시 서초구 강남대로6길 28-15 (양재동),근린생활2,제2종근린생활시설,102319610,지번
1165010200102610004,서울특별시 서초구 양재동,서울특별시 서초구 마방로 26 (양재동),근린생활2,제2종근린생활시설,102318880,지번
1165010100107880060,서울특별시 서초구 방배동,서울특별시 서초구 동광로 17-1 (방배동),근린생활2,제2종근린생활시설,102312423,지번
1165010700107050001,서울특별시 서초구 반포동,,근린생활2,제1종근린생활시설,1000000000000006609663,지번
1165010200103910001,서울특별시 서초구 양재동,서울특별시 서초구 동산로16길 8 (양재동),근린생활1,제1종근린생활시설,102319774,지번
1165010100108740015,서울특별시 서초구 방배동,서울특별시 서초구 방배로 167 (방배동),근린생활2,제2종근린생활시설,102313651,지번
1165010100108760031,서울특별시 서초구 방배동,서울특별시 서초구 서초대로27길 15 (방배동),근린생활2,제2종근린생활시설,102313675,지번
1165010100109360007,서울특별시 서초구 방배동,서울특별시 서초구 서초대로24길 17 (방배동),근린생활1,제1종근린생활시설,102314550,지번
1165010100109360008,서울특별시 서초구 방배동,서울특별시 서초구 방배로23길 8 (방배동),근린생활2,제2종근린생활시설,102314551,지번
1165010100109360011,서울특별시 서초구 방배동,서울특별시 서초구 방배로 149 (방배동),근린생활1,제1종근린생활시설,102314554,지번
1165010100109260026,서울특별시 서초구 방배동,서울특별시 서초구 방배로15길 16 (방배동),근린생활2,제2종근린생활시설,102314352,지번
1165010700101040003,서울특별시 서초구 반포동,서울특별시 서초구 서래로5길 15 (반포동),근린생활2,제2종근린생활시설,1023112310,지번
1165010100109270002,서울특별시 서초구 방배동,서울특별시 서초구 방배로19길 31 (방배동),근린생활1,제1종근린생활시설,102314355,지번
1165010100104530012,서울특별시 서초구 방배동,서울특별시 서초구 방배천로4안길 51 (방배동),근린생활2,제2종근린생활시설,102311146,지번
1165010100109370001,서울특별시 서초구 방배동,서울특별시 서초구 서초대로 94 (방배동),근린생활1,제1종근린생활시설,102314556,지번
1165010100109320029,서울특별시 서초구 방배동,서울특별시 서초구 방배로19길 52 (방배동),근린생활2,종교시설,10231100267055,지번
1165010200100080038,서울특별시 서초구 양재동,서울특별시 서초구 바우뫼로39길 92 (양재동),근린생활2,제2종근린생활시설,102317933,지번
1165010100107770006,서울특별시 서초구 방배동,서울특별시 서초구 방배중앙로 164 (방배동),근린생활2,제1종근린생활시설,102312242,지번
1165010100109370011,서울특별시 서초구 방배동,서울특별시 서초구 방배로23길 22 (방배동),근린생활2,제2종근린생활시설,102314560,지번
1165011000102080007,서울특별시 서초구 염곡동,서울특별시 서초구 탑성말1길 11-3 (염곡동),근린생활2,제2종근린생활시설,1023118862,지번
1165010400103970000,서울특별시 서초구 원지동,서울특별시 서초구 원터5길 12 (원지동),근린생활2,제2종근린생활시설,1023111084,지번
1165010200102050001,서울특별시 서초구 양재동,서울특별시 서초구 매헌로16길 24 (양재동),근린생활2,제2종근린생활시설,102318672,지번
1165010100108580032,서울특별시 서초구 방배동,서울특별시 서초구 방배중앙로 87 (방배동),근린생활1,제1종근린생활시설,102313409,지번
1165010100128770009,서울특별시 서초구 방배동,서울특별시 서초구 전원말2길 1 (방배동),근린생활1,제1종근린생활시설,102315919,지번
1165010200102890007,서울특별시 서초구 양재동,서울특별시 서초구 동산로 91 (양재동),근린생활2,제2종근린생활시설,102319144,지번
1165010200102890008,서울특별시 서초구 양재동,서울특별시 서초구 동산로 89 (양재동),근린생활2,제2종근린생활시설,102319145,지번
1165010100109340001,서울특별시 서초구 방배동,서울특별시 서초구 방배로23길 31-3 (방배동),근린생활1,제1종근린생활시설,102314493,지번
1165010200103320007,서울특별시 서초구 양재동,서울특별시 서초구 동산로2길 27 (양재동),근린생활2,제2종근린생활시설,102319402,지번
1165010900100010889,서울특별시 서초구 내곡동,서울특별시 서초구 헌인릉1길 67 (내곡동),근린생활2,제2종근린생활시설,1023118314,지번
1165010100109370016,서울특별시 서초구 방배동,서울특별시 서초구 서초대로22길 11-7 (방배동),근린생활2,제2종근린생활시설,102314563,지번
1165010700101110005,서울특별시 서초구 반포동,서울특별시 서초구 사평대로 94 (반포동),근린생활1,제1종근린생활시설,1023112375,지번
1165010200102560008,서울특별시 서초구 양재동,서울특별시 서초구 언남9길 12 (양재동),근린생활1,제1종근린생활시설,102318853,지번
1165010200100950005,서울특별시 서초구 양재동,서울특별시 서초구 양재천로 109-7 (양재동),근린생활2,제2종근린생활시설,10231100237675,지번
1165010800116130022,서울특별시 서초구 서초동,서울특별시 서초구 서리풀4길 9 (서초동),근린생활1,제1종근린생활시설,1023116275,지번
1165010800114320020,서울특별시 서초구 서초동,서울특별시 서초구 남부순환로339길 13 (서초동),근린생활2,제2종근린생활시설,1023114768,지번
1165010100108710004,서울특별시 서초구 방배동,서울특별시 서초구 서초대로15길 8-14 (방배동),근린생활2,제2종근린생활시설,102313602,지번
1165010700107320022,서울특별시 서초구 반포동,서울특별시 서초구 강남대로83길 68 (반포동),근린생활2,제2종근린생활시설,1023113085,지번
1165010700107370003,서울특별시 서초구 반포동,서울특별시 서초구 강남대로 499 (반포동),근린생활2,제2종근린생활시설,1023113198,지번
1165010100109270034,서울특별시 서초구 방배동,서울특별시 서초구 방배로19길 27 (방배동),근린생활2,제2종근린생활시설,102314376,지번
1165010700107380000,서울특별시 서초구 반포동,서울특별시 서초구 사평대로55길 42 (반포동),근린생활2,제2종근린생활시설,1023113212,지번
1165010800113060008,서울특별시 서초구 서초동,서울특별시 서초구 강남대로 415 (서초동),근린생활1,제1종근린생활시설,1023117151,지번
1165010100109370022,서울특별시 서초구 방배동,서울특별시 서초구 서초대로 96 (방배동),근린생활2,제2종근린생활시설,102314565,지번
1165010200102000000,서울특별시 서초구 양재동,서울특별시 서초구 바우뫼로12길 40 (양재동),근린생활,제2종근린생활시설,1000000000000002281927,지번
1165010200102000000,서울특별시 서초구 양재동,서울특별시 서초구 바우뫼로12길 40 (양재동),근린생활,제1종근린생활시설,10231100235974,지번
1165010200102000000,서울특별시 서초구 양재동,서울특별시 서초구 바우뫼로12길 40 (양재동),근린생활,근린생활시설,102318641,지번
1165010100109270035,서울특별시 서초구 방배동,서울특별시 서초구 방배로19길 25 (방배동),근린생활2,제2종근린생활시설,102314377,지번
1165010800115990012,서울특별시 서초구 서초동,서울특별시 서초구 서초중앙로 61 (서초동),근린생활2,제2종근린생활시설,1023116094,지번
1165010100109310001,서울특별시 서초구 방배동,서울특별시 서초구 방배중앙로 60 (방배동),근린생활2,제2종근린생활시설,102314443,지번
1165010100109300003,서울특별시 서초구 방배동,서울특별시 서초구 방배로19길 63 (방배동),근린생활1,제1종근린생활시설,102314442,지번
1165010200103350008,서울특별시 서초구 양재동,서울특별시 서초구 강남대로10길 74-9 (양재동),근린생활2,제2종근린생활시설,102319441,지번
1165010200103410005,서울특별시 서초구 양재동,서울특별시 서초구 동산로6길 46 (양재동),근린생활1,제1종근린생활시설,102319502,지번
1165010100109370032,서울특별시 서초구 방배동,서울특별시 서초구 방배로23길 14 (방배동),근린생활1,제1종근린생활시설,102314570,지번
1165010100109380002,서울특별시 서초구 방배동,서울특별시 서초구 서초대로 86 (방배동),근린생활2,제2종근린생활시설,1000000000000007129776,지번
1165010100109380010,서울특별시 서초구 방배동,서울특별시 서초구 서초대로22길 8 (방배동),근린생활2,제2종근린생활시설,102314573,지번
1165010100122540000,서울특별시 서초구 방배동,서울특별시 서초구 동광로 6 (방배동),근린생활2,제2종근린생활시설,102315760,지번
1165010100104380021,서울특별시 서초구 방배동,서울특별시 서초구 동작대로 80 (방배동),근린생활2,제2종근린생활시설,102311011,지번
1165010800114710017,서울특별시 서초구 서초동,서울특별시 서초구 남부순환로317길 31 (서초동),근린생활2,제2종근린생활시설,1023115054,지번
1165010800116390003,서울특별시 서초구 서초동,서울특별시 서초구 서초중앙로22길 83 (서초동),근린생활2,제2종근린생활시설,1023116584,지번
1165010100109350003,서울특별시 서초구 방배동,서울특별시 서초구 방배로23길 13 (방배동),근린생활1,제1종근린생활시설,102314519,지번
1165010100109350002,서울특별시 서초구 방배동,서울특별시 서초구 방배로23길 19 (방배동),근린생활2,제2종근린생활시설,102314518,지번
1165010100109350004,서울특별시 서초구 방배동,서울특별시 서초구 서초대로24길 30 (방배동),근린생활1,공동주택,10231100269035,지번
1165010800115110015,서울특별시 서초구 서초동,서울특별시 서초구 명달로28길 66 (서초동),근린생활1,공동주택,10231100279115,지번
1165010800116040003,서울특별시 서초구 서초동,서울특별시 서초구 효령로61길 18 (서초동),근린생활1,제1종근린생활시설,1023116184,지번
1165010700107390033,서울특별시 서초구 반포동,서울특별시 서초구 강남대로79길 34 (반포동),근린생활1,제1종근린생활시설,1023113266,지번
1165010800116180051,서울특별시 서초구 서초동,서울특별시 서초구 서리풀3길 15 (서초동),근린생활1,제1종근린생활시설,1023116357,지번
1165010800113400005,서울특별시 서초구 서초동,서울특별시 서초구 효령로 434 (서초동),근린생활2,제2종근린생활시설,1023114358,지번
1165010700107460002,서울특별시 서초구 반포동,서울특별시 서초구 강남대로79길 37 (반포동),근린생활2,제2종근린생활시설,10231100256015,지번
1165010200103950013,서울특별시 서초구 양재동,서울특별시 서초구 논현로7길 21 (양재동),근린생활1,제1종근린생활시설,102319822,지번
1165010900100011256,서울특별시 서초구 내곡동,서울특별시 서초구 샘마루길 11 (내곡동),근린생활2,제2종근린생활시설,1023118335,지번
1165010100109350011,서울특별시 서초구 방배동,서울특별시 서초구 서초대로24길 32 (방배동),근린생활2,제2종근린생활시설,102314526,지번
1165010100109350012,서울특별시 서초구 방배동,서울특별시 서초구 서초대로24길 38 (방배동),근린생활1,제1종근린생활시설,102314527,지번
1165010800113610008,서울특별시 서초구 서초동,서울특별시 서초구 강남대로 261 (서초동),근린생활1,제1종근린생활시설,1023114588,지번
1165010800116680013,서울특별시 서초구 서초동,서울특별시 서초구 서초대로58길 35-16 (서초동),근린생활2,제2종근린생활시설,1023116881,지번
1165010200100080032,서울특별시 서초구 양재동,서울특별시 서초구 바우뫼로41길 75 (양재동),근린생활2,제2종근린생활시설,102317931,지번
1165010200102780000,서울특별시 서초구 양재동,서울특별시 서초구 논현로17길 9 (양재동),근린생활2,제2종근린생활시설,102319063,지번
1165010800115020002,서울특별시 서초구 서초동,서울특별시 서초구 반포대로27길 21 (서초동),근린생활2,제2종근린생활시설,1023115337,지번
1165010100131380000,서울특별시 서초구 방배동,서울특별시 서초구 서초대로1길 17-10 (방배동),근린생활1,제1종근린생활시설,102315995,지번
1165010100109380017,서울특별시 서초구 방배동,서울특별시 서초구 서초대로22길 12-3 (방배동),근린생활1,제1종근린생활시설,102314577,지번
1165010100109380023,서울특별시 서초구 방배동,서울특별시 서초구 방배로23길 32-6 (방배동),근린생활2,제2종근린생활시설,102314581,지번
1165010100109380024,서울특별시 서초구 방배동,서울특별시 서초구 방배로23길 32-4 (방배동),근린생활2,제2종근린생활시설,102314582,지번
1165010100109380026,서울특별시 서초구 방배동,서울특별시 서초구 방배로23길 26 (방배동),근린생활2,제2종근린생활시설,102314584,지번
1165010800114310004,서울특별시 서초구 서초동,서울특별시 서초구 남부순환로335길 31 (서초동),근린생활2,제2종근린생활시설,1023114749,지번
1165010200103380011,서울특별시 서초구 양재동,서울특별시 서초구 강남대로8길 39-72 (양재동),근린생활2,제2종근린생활시설,102319484,지번
1165010100109280019,서울특별시 서초구 방배동,서울특별시 서초구 방배로19길 43 (방배동),근린생활2,제2종근린생활시설,102314395,지번
1165010200102660004,서울특별시 서초구 양재동,서울특별시 서초구 언남11길 19 (양재동),근린생활2,공동주택,10231100265975,지번
1165010100109290022,서울특별시 서초구 방배동,서울특별시 서초구 방배로15길 54-26 (방배동),근린생활1,제1종근린생활시설,102314423,지번
1165010100109310009,서울특별시 서초구 방배동,서울특별시 서초구 방배중앙로 58 (방배동),근린생활1,제1종근린생활시설,102314445,지번
1165010100109310010,서울특별시 서초구 방배동,서울특별시 서초구 방배중앙로 56 (방배동),근린생활2,제2종근린생활시설,102314446,지번
1165010100109310011,서울특별시 서초구 방배동,서울특별시 서초구 방배중앙로 54-5 (방배동),근린생활2,제2종근린생활시설,102314447,지번
1165010100107730003,서울특별시 서초구 방배동,서울특별시 서초구 방배로42길 18 (방배동),근린생활1,제2종근린생활시설,10231100273435,지번
1165010100108000004,서울특별시 서초구 방배동,서울특별시 서초구 동광로30길 5 (방배동),근린생활2,제2종근린생활시설,102312589,지번
1165010100114260000,서울특별시 서초구 방배동,서울특별시 서초구 동광로12가길 22 (방배동),근린생활1,제1종근린생활시설,102315665,지번
1165010100108510009,서울특별시 서초구 방배동,서울특별시 서초구 서초대로25길 33 (방배동),근린생활1,제1종근린생활시설,102313238,지번
1165010200102430004,서울특별시 서초구 양재동,서울특별시 서초구 강남대로18길 19 (양재동),근린생활2,제2종근린생활시설,102318758,지번
1165010800115030008,서울특별시 서초구 서초동,서울특별시 서초구 서초대로40길 54 (서초동),근린생활2,제2종근린생활시설,1023115347,지번
1165010200102420010,서울특별시 서초구 양재동,서울특별시 서초구 마방로2길 29 (양재동),근린생활2,제2종근린생활시설,102318755,지번
1165010200102910009,서울특별시 서초구 양재동,서울특별시 서초구 논현로11길 53 (양재동),근린생활1,제1종근린생활시설,102319163,지번
1165010100128470000,서울특별시 서초구 방배동,서울특별시 서초구 과천대로 836 (방배동),근린생활2,제2종근린생활시설,102315909,지번
1165011100104490003,서울특별시 서초구 신원동,서울특별시 서초구 본마을2길 9-3 (신원동),근린생활1,제1종근린생활시설,1023119144,지번
1165011100101920012,서울특별시 서초구 신원동,서울특별시 서초구 청룡마을3길 11 (신원동),근린생활2,제2종근린생활시설,1023118994,지번
1165010100109350020,서울특별시 서초구 방배동,서울특별시 서초구 방배로19길 14 (방배동),근린생활1,제1종근린생활시설,102314531,지번
1165011100101920081,서울특별시 서초구 신원동,서울특별시 서초구 청계산로 247 (신원동),근린생활2,제2종근린생활시설,1023119011,지번
1165010100109350023,서울특별시 서초구 방배동,서울특별시 서초구 서초대로24길 46 (방배동),근린생활2,제2종근린생활시설,102314533,지번
1165010100109350025,서울특별시 서초구 방배동,서울특별시 서초구 서초대로24길 42 (방배동),근린생활2,제2종근린생활시설,102314535,지번
1165010200102840000,서울특별시 서초구 양재동,서울특별시 서초구 논현로13길 20 (양재동),근린생활1,제1종근린생활시설,102319110,지번
1165010100108530002,서울특별시 서초구 방배동,서울특별시 서초구 동광로18길 57 (방배동),근린생활2,제2종근린생활시설,102313259,지번
1165010100108710001,서울특별시 서초구 방배동,서울특별시 서초구 서초대로15길 4 (방배동),근린생활2,제2종근린생활시설,102313600,지번
1165010200102670006,서울특별시 서초구 양재동,서울특별시 서초구 언남11길 34-11 (양재동),근린생활1,공동주택,10231100281435,지번
1165010100109280030,서울특별시 서초구 방배동,서울특별시 서초구 방배로15길 38 (방배동),근린생활2,제2종근린생활시설,102314405,지번
1165010600100440015,서울특별시 서초구 잠원동,서울특별시 서초구 신반포로43길 23-14 (잠원동),근린생활2,제2종근린생활시설,1023111609,지번
1165010800116910002,서울특별시 서초구 서초동,서울특별시 서초구 서초중앙로24길 20 (서초동),근린생활2,제2종근린생활시설,10231100191030,지번
1165010200100030008,서울특별시 서초구 양재동,서울특별시 서초구 바우뫼로43길 46 (양재동),근린생활2,제2종근린생활시설,102317830,지번
1165010600100220010,서울특별시 서초구 잠원동,서울특별시 서초구 강남대로97길 26 (잠원동),근린생활2,제2종근린생활시설,1023111296,지번
1165010800113320005,서울특별시 서초구 서초동,서울특별시 서초구 사임당로 149-5 (서초동),근린생활2,제2종근린생활시설,1023114321,지번
1165010200100060039,서울특별시 서초구 양재동,서울특별시 서초구 바우뫼로41길 16 (양재동),근린생활1,제1종근린생활시설,102317880,지번
1165010800113060004,서울특별시 서초구 서초동,서울특별시 서초구 서초대로77길 24 (서초동),근린생활1,제1종근린생활시설,10231100196876,지번
1165010800115030013,서울특별시 서초구 서초동,서울특별시 서초구 반포대로23길 22 (서초동),근린생활2,제2종근린생활시설,1023117697,지번
1165010800115660002,서울특별시 서초구 서초동,서울특별시 서초구 서초대로46길 88 (서초동),근린생활2,제2종근린생활시설,1023115822,지번
1165010100104880001,서울특별시 서초구 방배동,서울특별시 서초구 효령로2길 128 (방배동),근린생활2,제2종근린생활시설,102311570,지번
1165010800115600001,서울특별시 서초구 서초동,서울특별시 서초구 반포대로22길 34 (서초동),근린생활2,제2종근린생활시설,1023115770,지번
1165010800115710011,서울특별시 서초구 서초동,서울특별시 서초구 반포대로30길 60 (서초동),근린생활2,제2종근린생활시설,1023115883,지번
1165010800116980001,서울특별시 서초구 서초동,서울특별시 서초구 서초중앙로28길 6 (서초동),근린생활2,제2종근린생활시설,1023117021,지번
1165011000102090008,서울특별시 서초구 염곡동,서울특별시 서초구 탑성말길 6 (염곡동),근린생활1,제1종근린생활시설,1023118866,지번
1165010800115450004,서울특별시 서초구 서초동,서울특별시 서초구 서초대로42길 92 (서초동),근린생활2,제2종근린생활시설,1023115621,지번
1165010800114350006,서울특별시 서초구 서초동,서울특별시 서초구 효령로70길 36-25 (서초동),근린생활2,제2종근린생활시설,1023114780,지번
1165010100114580000,서울특별시 서초구 방배동,서울특별시 서초구 동광로12가길 28 (방배동),근린생활1,제1종근린생활시설,102315685,지번
1165010800116220001,서울특별시 서초구 서초동,서울특별시 서초구 서초중앙로12길 14 (서초동),근린생활2,제2종근린생활시설,1023116408,지번
1165010200100200009,서울특별시 서초구 양재동,서울특별시 서초구 바우뫼로37길 21 (양재동),근린생활2,제2종근린생활시설,102318219,지번
1165010200100930007,서울특별시 서초구 양재동,서울특별시 서초구 양재천로 115 (양재동),근린생활2,제2종근린생활시설,102318419,지번
1165010200102620001,서울특별시 서초구 양재동,서울특별시 서초구 마방로 36 (양재동),근린생활2,제2종근린생활시설,102318891,지번
1165010800115880006,서울특별시 서초구 서초동,서울특별시 서초구 효령로55길 19 (서초동),근린생활1,업무시설,1000000000000004987377,지번
1165010100109090005,서울특별시 서초구 방배동,서울특별시 서초구 효령로31길 14 (방배동),근린생활1,제1종근린생활시설,102314084,지번
1165010300102410001,서울특별시 서초구 우면동,,근린생활2,제2종근린생활시설,1023110790,지번
1165010800115760015,서울특별시 서초구 서초동,서울특별시 서초구 서초대로50길 59 (서초동),근린생활2,제2종근린생활시설,1023115943,지번
1165010800115760015,서울특별시 서초구 서초동,서울특별시 서초구 서초대로50길 53 (서초동),근린생활2,종교시설,1023115944,지번
1165010100110240001,서울특별시 서초구 방배동,서울특별시 서초구 방배로 32 (방배동),근린생활1,제1종근린생활시설,102317645,지번
1165010900101680004,서울특별시 서초구 내곡동,서울특별시 서초구 능안말2길 18 (내곡동),근린생활1,제1종근린생활시설,10231100248034,지번
1165010100108150029,서울특별시 서초구 방배동,서울특별시 서초구 서초대로23길 85 (방배동),근린생활2,제2종근린생활시설,102312730,지번
1165010800114510010,서울특별시 서초구 서초동,서울특별시 서초구 반포대로8길 7 (서초동),근린생활1,제1종근린생활시설,1023114890,지번
1165010200100980006,서울특별시 서초구 양재동,서울특별시 서초구 양재천로 95-8 (양재동),근린생활2,제2종근린생활시설,102318492,지번
1165010100108130006,서울특별시 서초구 방배동,서울특별시 서초구 방배로 215 (방배동),근린생활1,제1종근린생활시설,102312697,지번
1165010600100100048,서울특별시 서초구 잠원동,서울특별시 서초구 강남대로101안길 12 (잠원동),근린생활2,제2종근린생활시설,1023111192,지번
1165010100107620002,서울특별시 서초구 방배동,서울특별시 서초구 동광로11길 115 (방배동),근린생활2,제2종근린생활시설,102312073,지번
1165010100108120025,서울특별시 서초구 방배동,서울특별시 서초구 방배로 201 (방배동),근린생활2,제2종근린생활시설,102312691,지번
1165010800115310010,서울특별시 서초구 서초동,서울특별시 서초구 효령로49길 21 (서초동),근린생활2,제2종근린생활시설,10231100199060,지번
1165010800117200007,서울특별시 서초구 서초동,서울특별시 서초구 법원로3길 26 (서초동),근린생활2,제2종근린생활시설,1023117131,지번
1165010800113660002,서울특별시 서초구 서초동,서울특별시 서초구 남부순환로 2581-5 (서초동),근린생활1,제1종근린생활시설,1023114666,지번
1165010600100300005,서울특별시 서초구 잠원동,서울특별시 서초구 강남대로95길 47-7 (잠원동),근린생활2,제2종근린생활시설,1023111757,지번
1165010200102660008,서울특별시 서초구 양재동,서울특별시 서초구 언남11길 7-12 (양재동),근린생활1,공동주택,10231100278035,지번
1165010100105990000,서울특별시 서초구 방배동,서울특별시 서초구 남부순환로296길 4-9 (방배동),근린생활1,제1종근린생활시설,102312005,지번
1165010700107200001,서울특별시 서초구 반포동,서울특별시 서초구 사평대로53길 104 (반포동),근린생활1,제1종근린생활시설,1023112830,지번
1165010100110020003,서울특별시 서초구 방배동,서울특별시 서초구 명달로 47 (방배동),근린생활2,공동주택,10231100267336,지번
1165010100110020003,서울특별시 서초구 방배동,서울특별시 서초구 명달로 47 (방배동),근린생활2,공동주택,10231100267356,지번
1165010800115610002,서울특별시 서초구 서초동,서울특별시 서초구 서초대로46길 74 (서초동),근린생활2,제2종근린생활시설,10231100181771,지번
1165010200100080012,서울특별시 서초구 양재동,서울특별시 서초구 남부순환로358길 28 (양재동),근린생활2,제2종근린생활시설,102317912,지번
1165010100108540005,서울특별시 서초구 방배동,서울특별시 서초구 서초대로19길 44 (방배동),근린생활2,제2종근린생활시설,102313279,지번
1165010100114320000,서울특별시 서초구 방배동,서울특별시 서초구 동광로12가길 17 (방배동),근린생활2,제2종근린생활시설,102315670,지번
1165010800116980012,서울특별시 서초구 서초동,서울특별시 서초구 서초대로51길 20 (서초동),근린생활2,제2종근린생활시설,1023117030,지번
1165010100127360013,서울특별시 서초구 방배동,서울특별시 서초구 전원말안7길 3 (방배동),근린생활2,제2종근린생활시설,102315820,지번
1165010700107010013,서울특별시 서초구 반포동,서울특별시 서초구 신반포로 310 (반포동),근린생활2,업무시설,10231100283155,지번
1165010800116970012,서울특별시 서초구 서초동,서울특별시 서초구 서초대로55길 17 (서초동),근린생활2,제2종근린생활시설,1023117011,지번
1165010800115270005,서울특별시 서초구 서초동,서울특별시 서초구 효령로43길 14 (서초동),근린생활2,제2종근린생활시설,1023115529,지번
1165010700107220029,서울특별시 서초구 반포동,서울특별시 서초구 강남대로 525-3 (반포동),근린생활2,제2종근린생활시설,1023112884,지번
1165010700107230015,서울특별시 서초구 반포동,서울특별시 서초구 강남대로 513 (반포동),근린생활1,제1종근린생활시설,1023112899,지번
1165010700107240040,서울특별시 서초구 반포동,서울특별시 서초구 사평대로57길 87 (반포동),근린생활2,제2종근린생활시설,1023112929,지번
1165010700107430012,서울특별시 서초구 반포동,서울특별시 서초구 주흥길 19 (반포동),근린생활2,공동주택,10231100286775,지번
1165010700107430012,서울특별시 서초구 반포동,서울특별시 서초구 주흥길 19 (반포동),근린생활2,공동주택,10231100286787,지번
1165010800113600003,서울특별시 서초구 서초동,서울특별시 서초구 남부순환로347길 52 (서초동),근린생활2,제2종근린생활시설,1023114553,지번
1165010200102690000,서울특별시 서초구 양재동,서울특별시 서초구 마방로10길 34-23 (양재동),근린생활2,제2종근린생활시설,102318973,지번
1165010200102640013,서울특별시 서초구 양재동,서울특별시 서초구 마방로10길 18-28 (양재동),근린생활2,제2종근린생활시설,102318918,지번
1165010200102660005,서울특별시 서초구 양재동,서울특별시 서초구 언남11길 15 (양재동),근린생활2,제2종근린생활시설,102318950,지번
1165010100108100011,서울특별시 서초구 방배동,서울특별시 서초구 동광로22길 4 (방배동),근린생활2,제2종근린생활시설,102312647,지번
1165010700100200043,서울특별시 서초구 반포동,서울특별시 서초구 신반포로 270 (반포동),근린생활1,공동주택,10231100185670,지번
1165010700100200043,서울특별시 서초구 반포동,서울특별시 서초구 신반포로 270 (반포동),근린생활1,공동주택,10231100185752,지번
1165010700100200043,서울특별시 서초구 반포동,서울특별시 서초구 신반포로 270 (반포동),근린생활1,공동주택,10231100185869,지번
1165010700100200043,서울특별시 서초구 반포동,서울특별시 서초구 신반포로 270 (반포동),근린생활1,공동주택,10231100185922,지번
1165010700100200043,서울특별시 서초구 반포동,서울특별시 서초구 신반포로 270 (반포동),근린생활1,공동주택,10231100186010,지번
1165010700100200043,서울특별시 서초구 반포동,서울특별시 서초구 신반포로 270 (반포동),근린생활1,공동주택,10231100186096,지번
1165010700100200043,서울특별시 서초구 반포동,서울특별시 서초구 신반포로 270 (반포동),근린생활1,공동주택,10231100186151,지번
1165010700100200043,서울특별시 서초구 반포동,서울특별시 서초구 신반포로 270 (반포동),근린생활1,공동주택,10231100186236,지번
1165010700100200043,서울특별시 서초구 반포동,서울특별시 서초구 신반포로 270 (반포동),근린생활1,공동주택,10231100186289,지번
1165010700100200043,서울특별시 서초구 반포동,서울특별시 서초구 신반포로 270 (반포동),근린생활1,공동주택,10231100186344,지번
1165010700100200043,서울특별시 서초구 반포동,서울특별시 서초구 신반포로 270 (반포동),근린생활1,공동주택,10231100186430,지번
1165010700100200043,서울특별시 서초구 반포동,서울특별시 서초구 신반포로 270 (반포동),근린생활1,공동주택,10231100186506,지번
1165010700100200043,서울특별시 서초구 반포동,서울특별시 서초구 신반포로 270 (반포동),근린생활1,공동주택,10231100186561,지번
1165010700100200043,서울특별시 서초구 반포동,서울특별시 서초구 신반포로 270 (반포동),근린생활1,공동주택,10231100186634,지번
1165010700100200043,서울특별시 서초구 반포동,서울특별시 서초구 신반포로 270 (반포동),근린생활1,공동주택,10231100186720,지번
1165010700100200043,서울특별시 서초구 반포동,서울특별시 서초구 신반포로 270 (반포동),근린생활1,공동주택,10231100186793,지번
1165010700100200043,서울특별시 서초구 반포동,서울특별시 서초구 신반포로 270 (반포동),근린생활1,공동주택,10231100186875,지번
1165010700100200043,서울특별시 서초구 반포동,서울특별시 서초구 신반포로 270 (반포동),근린생활1,공동주택,10231100186951,지번
1165010700100200043,서울특별시 서초구 반포동,서울특별시 서초구 신반포로 270 (반포동),근린생활1,공동주택,10231100187004,지번
1165010700100200043,서울특별시 서초구 반포동,서울특별시 서초구 신반포로 270 (반포동),근린생활1,공동주택,10231100187057,지번
1165010700100200043,서울특별시 서초구 반포동,서울특별시 서초구 신반포로 270 (반포동),근린생활1,공동주택,10231100187110,지번
1165010700100200043,서울특별시 서초구 반포동,서울특별시 서초구 신반포로 270 (반포동),근린생활1,공동주택,10231100187196,지번
1165010700100200043,서울특별시 서초구 반포동,서울특별시 서초구 신반포로 270 (반포동),근린생활1,공동주택,10231100187282,지번
1165010700100200043,서울특별시 서초구 반포동,서울특별시 서초구 신반포로 270 (반포동),근린생활1,공동주택,10231100187355,지번
1165010700100200043,서울특별시 서초구 반포동,서울특별시 서초구 신반포로 270 (반포동),근린생활1,공동주택,10231100187441,지번
1165010700100200043,서울특별시 서초구 반포동,서울특별시 서초구 신반포로 270 (반포동),근린생활1,공동주택,10231100187529,지번
1165010700100200043,서울특별시 서초구 반포동,서울특별시 서초구 신반포로 270 (반포동),근린생활1,공동주택,10231100187615,지번
1165010700100200043,서울특별시 서초구 반포동,서울특별시 서초구 신반포로 270 (반포동),근린생활1,공동주택,10231100187703,지번
1165010700100200043,서울특별시 서초구 반포동,서울특별시 서초구 신반포로 270 (반포동),근린생활1,공동주택,10231100187789,지번
1165010700100200043,서울특별시 서초구 반포동,서울특별시 서초구 신반포로 270 (반포동),근린생활1,공동주택,10231100187848,지번
1165010700100200043,서울특별시 서초구 반포동,서울특별시 서초구 신반포로 270 (반포동),근린생활1,공동주택,10231100187956,지번
1165010700100200043,서울특별시 서초구 반포동,서울특별시 서초구 신반포로 270 (반포동),근린생활1,공동주택,10231100188003,지번
1165010700100200043,서울특별시 서초구 반포동,서울특별시 서초구 신반포로 270 (반포동),근린생활1,공동주택,10231100188108,지번
1165010700100200043,서울특별시 서초구 반포동,서울특별시 서초구 신반포로 270 (반포동),근린생활1,공동주택,10231100188221,지번
1165010700100200043,서울특별시 서초구 반포동,서울특별시 서초구 신반포로 270 (반포동),근린생활1,교육연구시설,10231100188274,지번
1165010700100200043,서울특별시 서초구 반포동,서울특별시 서초구 신반포로 270 (반포동),근린생활1,공동주택,10231100188276,지번
1165010700100200043,서울특별시 서초구 반포동,서울특별시 서초구 신반포로 270 (반포동),근린생활1,공동주택,10231100188385,지번
1165010700100200043,서울특별시 서초구 반포동,서울특별시 서초구 신반포로 270 (반포동),근린생활1,공동주택,10231100188442,지번
1165010700100200043,서울특별시 서초구 반포동,서울특별시 서초구 신반포로 270 (반포동),근린생활1,공동주택,10231100188499,지번
1165010700100200043,서울특별시 서초구 반포동,서울특별시 서초구 신반포로 270 (반포동),근린생활1,공동주택,10231100188610,지번
1165010700100200043,서울특별시 서초구 반포동,서울특별시 서초구 신반포로 270 (반포동),근린생활1,공동주택,10231100188695,지번
1165010700100200043,서울특별시 서초구 반포동,서울특별시 서초구 신반포로 270 (반포동),근린생활1,공동주택,10231100188748,지번
1165010700100200043,서울특별시 서초구 반포동,서울특별시 서초구 신반포로 270 (반포동),근린생활1,공동주택,10231100188852,지번
1165010700100200043,서울특별시 서초구 반포동,서울특별시 서초구 신반포로 270 (반포동),근린생활1,공동주택,10231100188965,지번
1165010700100200043,서울특별시 서초구 반포동,서울특별시 서초구 신반포로 270 (반포동),근린생활1,공동주택,10231100189069,지번
1165010700100200043,서울특별시 서초구 반포동,서울특별시 서초구 신반포로 270 (반포동),근린생활1,제1종근린생활시설,10231100189168,지번
1165010800116980004,서울특별시 서초구 서초동,서울특별시 서초구 서초대로51길 28 (서초동),근린생활2,제2종근린생활시설,1023117024,지번
1165010800116590001,서울특별시 서초구 서초동,서울특별시 서초구 서초중앙로22길 24 (서초동),근린생활2,제2종근린생활시설,1023116798,지번
1165010200100110064,서울특별시 서초구 양재동,서울특별시 서초구 남부순환로350길 29-19 (양재동),근린생활1,제1종근린생활시설,102318079,지번
1165010200102610013,서울특별시 서초구 양재동,서울특별시 서초구 마방로 26 (양재동),근린생활2,제2종근린생활시설,102318887,지번
1165010700107450000,서울특별시 서초구 반포동,서울특별시 서초구 사평대로 335 (반포동),판매시설,판매시설,1023113988,지번
1165010800114300010,서울특별시 서초구 서초동,서울특별시 서초구 남부순환로333길 35 (서초동),근린생활2,제2종근린생활시설,1023114746,지번
1165010200101110003,서울특별시 서초구 양재동,서울특별시 서초구 양재천로15길 24 (양재동),근린생활1,제1종근린생활시설,102318541,지번
1165010800116970033,서울특별시 서초구 서초동,서울특별시 서초구 서초대로53길 24 (서초동),근린생활2,제2종근린생활시설,10231100211335,지번
1165010100114420000,서울특별시 서초구 방배동,서울특별시 서초구 동광로12길 116 (방배동),근린생활2,제2종근린생활시설,102315679,지번
1165010200103160002,서울특별시 서초구 양재동,서울특별시 서초구 마방로2길 70 (양재동),근린생활2,제2종근린생활시설,10231100183608,지번
1165010100104360001,서울특별시 서초구 방배동,서울특별시 서초구 방배천로18길 26 (방배동),근린생활2,제2종근린생활시설,10231959,지번
1165010700105770017,서울특별시 서초구 반포동,서울특별시 서초구 동광로42길 14-9 (반포동),근린생활2,제2종근린생활시설,1023113752,지번
1165010200103070004,서울특별시 서초구 양재동,서울특별시 서초구 언남10길 14 (양재동),근린생활1,제1종근린생활시설,102319257,지번
1165010700107160016,서울특별시 서초구 반포동,서울특별시 서초구 주흥길 59 (반포동),근린생활1,공동주택,1000000000000001143586,지번
1165010800113640013,서울특별시 서초구 서초동,서울특별시 서초구 강남대로37길 58 (서초동),근린생활1,제1종근린생활시설,1023114623,지번
1165010800114620016,서울특별시 서초구 서초동,서울특별시 서초구 반포대로 13 (서초동),근린생활2,제2종근린생활시설,10231100198639,지번
1165010200103410013,서울특별시 서초구 양재동,서울특별시 서초구 강남대로8길 68 (양재동),근린생활1,제1종근린생활시설,102319508,지번
1165010100110010008,서울특별시 서초구 방배동,서울특별시 서초구 효령로 182 (방배동),근린생활2,제2종근린생활시설,102315588,지번
1165010700107360000,서울특별시 서초구 반포동,서울특별시 서초구 강남대로85길 9 (반포동),근린생활1,제1종근린생활시설,1000000000000000824487,지번
1165011100104850012,서울특별시 서초구 신원동,서울특별시 서초구 청계산로 121 (신원동),근린생활2,제2종근린생활시설,1023119182,지번
1165010700107370000,서울특별시 서초구 반포동,서울특별시 서초구 사평대로57길 44 (반포동),근린생활2,제2종근린생활시설,1023113197,지번
1165010700107380009,서울특별시 서초구 반포동,서울특별시 서초구 사평대로57길 45 (반포동),근린생활2,제2종근린생활시설,1023113216,지번
1165010200103010012,서울특별시 서초구 양재동,서울특별시 서초구 언남16길 3 (양재동),근린생활1,제1종근린생활시설,102319228,지번
1165010700100910006,서울특별시 서초구 반포동,서울특별시 서초구 서래로6길 7 (반포동),근린생활2,제2종근린생활시설,10231100244234,지번
1165010800115700010,서울특별시 서초구 서초동,서울특별시 서초구 반포대로28길 76-5 (서초동),근린생활2,제2종근린생활시설,1023115869,지번
1165010100108370014,서울특별시 서초구 방배동,서울특별시 서초구 방배로 188 (방배동),근린생활2,제2종근린생활시설,102313145,지번
1165010700107010052,서울특별시 서초구 반포동,서울특별시 서초구 주흥15길 16-4 (반포동),근린생활1,제1종근린생활시설,1023112599,지번
1165010700107040003,서울특별시 서초구 반포동,서울특별시 서초구 신반포로 320-5 (반포동),근린생활2,제2종근린생활시설,1023112625,지번
1165010100108530023,서울특별시 서초구 방배동,서울특별시 서초구 방배로25길 20 (방배동),근린생활2,제2종근린생활시설,102313274,지번
1165010100104560011,서울특별시 서초구 방배동,서울특별시 서초구 방배천로2안길 91 (방배동),근린생활2,제2종근린생활시설,102311209,지번
1165010800115450017,서울특별시 서초구 서초동,서울특별시 서초구 반포대로 84 (서초동),근린생활1,제1종근린생활시설,1023115630,지번
1165010200103270012,서울특별시 서초구 양재동,서울특별시 서초구 강남대로10길 23 (양재동),근린생활2,제2종근린생활시설,102319365,지번
1165010300100740017,서울특별시 서초구 우면동,서울특별시 서초구 바우뫼로9길 55 (우면동),근린생활1,제1종근린생활시설,1023110679,지번
1165010700100490009,서울특별시 서초구 반포동,서울특별시 서초구 서초중앙로31길 14-9 (반포동),근린생활2,제2종근린생활시설,1023112067,지번
1165010300100280009,서울특별시 서초구 우면동,서울특별시 서초구 바우뫼로11안길 12 (우면동),근린생활1,노유자시설,1023110600,본번
1165010100107610001,서울특별시 서초구 방배동,서울특별시 서초구 방배중앙로29길 7 (방배동),근린생활2,제2종근린생활시설,102312066,지번
1165010100104290001,서울특별시 서초구 방배동,,근린생활2,제2종근린생활시설,10231821,지번
1165010100108500027,서울특별시 서초구 방배동,서울특별시 서초구 서초대로27길 39 (방배동),근린생활2,제2종근린생활시설,10231100196708,지번
1165010600100250030,서울특별시 서초구 잠원동,서울특별시 서초구 강남대로95길 48-6 (잠원동),근린생활2,제2종근린생활시설,1023111365,지번
1165010100107860006,서울특별시 서초구 방배동,서울특별시 서초구 방배중앙로23길 7 (방배동),근린생활1,제1종근린생활시설,102312412,지번
1165010700100540011,서울특별시 서초구 반포동,서울특별시 서초구 고무래로10길 12 (반포동),근린생활2,제2종근린생활시설,1023112106,지번
1165010100107780008,서울특별시 서초구 방배동,서울특별시 서초구 방배중앙로 167 (방배동),근린생활1,제1종근린생활시설,102312255,지번
1165010100109220001,서울특별시 서초구 방배동,서울특별시 서초구 방배로15길 33 (방배동),근린생활2,제2종근린생활시설,102314277,지번
1165010700107400017,서울특별시 서초구 반포동,서울특별시 서초구 강남대로79길 48 (반포동),근린생활1,제1종근린생활시설,1023113279,지번
1165010700107480006,서울특별시 서초구 반포동,서울특별시 서초구 강남대로 477 (반포동),근린생활1,제1종근린생활시설,1023113350,지번
1165010700100190001,서울특별시 서초구 반포동,서울특별시 서초구 신반포로 162 (반포동),판매시설,판매시설,1023113431,지번
1165010700107330031,서울특별시 서초구 반포동,서울특별시 서초구 강남대로83길 48-3 (반포동),근린생활2,제2종근린생활시설,1023113119,지번
1165010800115610008,서울특별시 서초구 서초동,서울특별시 서초구 반포대로24길 47 (서초동),근린생활2,제2종근린생활시설,1023115779,지번
1165010200102790010,서울특별시 서초구 양재동,서울특별시 서초구 마방로10길 49 (양재동),근린생활2,제2종근린생활시설,102319082,지번
1165010800116650017,서울특별시 서초구 서초동,서울특별시 서초구 서초중앙로18길 31 (서초동),근린생활2,제2종근린생활시설,1023116842,지번
1165010100108210006,서울특별시 서초구 방배동,서울특별시 서초구 방배중앙로19길 9 (방배동),근린생활2,공동주택,10231100279855,지번
1165010800114820005,서울특별시 서초구 서초동,서울특별시 서초구 반포대로7길 34 (서초동),근린생활2,제2종근린생활시설,1023115124,지번
1165010800114600014,서울특별시 서초구 서초동,서울특별시 서초구 남부순환로317길 84 (서초동),근린생활1,제1종근린생활시설,1023114980,지번
1165010300100510001,서울특별시 서초구 우면동,서울특별시 서초구 바우뫼로11안길 38-21 (우면동),근린생활2,공장,1023110660,지번
1165010300100510001,서울특별시 서초구 우면동,서울특별시 서초구 바우뫼로11안길 38-21 (우면동),근린생활2,단독주택,1023110661,지번
1165010300100510001,서울특별시 서초구 우면동,서울특별시 서초구 바우뫼로11안길 38-21 (우면동),근린생활2,공동주택,1023110662,지번
1165010800115700014,서울특별시 서초구 서초동,서울특별시 서초구 반포대로26길 73 (서초동),근린생활2,제2종근린생활시설,1023115873,지번
1165010200100880004,서울특별시 서초구 양재동,서울특별시 서초구 양재천로 141 (양재동),근린생활2,제2종근린생활시설,102318377,지번
1165010700100960004,서울특별시 서초구 반포동,서울특별시 서초구 서래로 29 (반포동),근린생활1,제2종근린생활시설,1023112290,지번
1165010800114420005,서울특별시 서초구 서초동,서울특별시 서초구 서초중앙로2길 74 (서초동),근린생활2,제2종근린생활시설,1023114820,지번
1165010600100350030,서울특별시 서초구 잠원동,서울특별시 서초구 신반포로47길 33-6 (잠원동),근린생활2,제2종근린생활시설,10231100185315,지번
1165010200100830001,서울특별시 서초구 양재동,서울특별시 서초구 바우뫼로 204 (양재동),근린생활2,제2종근린생활시설,10231100185328,지번
1165010100104370027,서울특별시 서초구 방배동,서울특별시 서초구 방배천로16길 21 (방배동),근린생활1,제1종근린생활시설,102311005,지번
1165010800116670001,서울특별시 서초구 서초동,서울특별시 서초구 서초중앙로22길 62 (서초동),근린생활1,제1종근린생활시설,1023116863,지번
1165010100129970000,서울특별시 서초구 방배동,서울특별시 서초구 동광로12길 100 (방배동),근린생활2,제2종근린생활시설,102315985,지번
1165010700100910003,서울특별시 서초구 반포동,서울특별시 서초구 사평대로26길 40 (반포동),근린생활2,제2종근린생활시설,10231100185668,지번
1165010700100900002,서울특별시 서초구 반포동,서울특별시 서초구 서래로6길 6 (반포동),근린생활2,제2종근린생활시설,10231100231354,지번
1165010800116220018,서울특별시 서초구 서초동,서울특별시 서초구 서초중앙로8길 21 (서초동),근린생활1,제1종근린생활시설,1023116415,지번
1165010800113600000,서울특별시 서초구 서초동,서울특별시 서초구 남부순환로347길 54 (서초동),근린생활1,제1종근린생활시설,1023114550,지번
1165010200103920010,서울특별시 서초구 양재동,서울특별시 서초구 논현로 29 (양재동),근린생활2,제2종근린생활시설,102319793,지번
1165010400103830001,서울특별시 서초구 원지동,서울특별시 서초구 청계산로 231 (원지동),근린생활1,제1종근린생활시설,1023111080,지번
1165010100108360010,서울특별시 서초구 방배동,서울특별시 서초구 방배로 187 (방배동),근린생활1,제1종근린생활시설,102313135,지번
1165010200102540005,서울특별시 서초구 양재동,서울특별시 서초구 언남9길 7-4 (양재동),근린생활2,제2종근린생활시설,102318832,지번
1165010200102740003,서울특별시 서초구 양재동,서울특별시 서초구 마방로10길 30 (양재동),근린생활2,제2종근린생활시설,102319035,지번
1165010700107220021,서울특별시 서초구 반포동,서울특별시 서초구 강남대로 525 (반포동),근린생활2,제2종근린생활시설,10231100191091,지번
1165010600100100025,서울특별시 서초구 잠원동,서울특별시 서초구 강남대로109길 73-31 (잠원동),근린생활2,제2종근린생활시설,1023111176,지번
1165010800114390005,서울특별시 서초구 서초동,서울특별시 서초구 효령로66길 10 (서초동),근린생활2,제2종근린생활시설,1023114805,지번
1165010800114670001,서울특별시 서초구 서초동,서울특별시 서초구 명달로4길 4 (서초동),근린생활2,제2종근린생활시설,1023115028,지번
1165010700101070080,서울특별시 서초구 반포동,서울특별시 서초구 사평대로18길 38 (반포동),근린생활2,제2종근린생활시설,1023112363,지번
1165010700101130007,서울특별시 서초구 반포동,서울특별시 서초구 사평대로 70 (반포동),근린생활2,제2종근린생활시설,1023112387,지번
1165010800115600008,서울특별시 서초구 서초동,서울특별시 서초구 반포대로24길 35 (서초동),근린생활1,제1종근린생활시설,1023115773,지번
1165010800115500006,서울특별시 서초구 서초동,서울특별시 서초구 반포대로28길 16 (서초동),근린생활2,제2종근린생활시설,1023115667,지번
1165010200100200011,서울특별시 서초구 양재동,서울특별시 서초구 바우뫼로37길 13 (양재동),근린생활1,제1종근린생활시설,10231100216193,지번
1165010700100910002,서울특별시 서초구 반포동,서울특별시 서초구 사평대로26길 38 (반포동),근린생활2,제2종근린생활시설,1023112244,지번
1165010200102810000,서울특별시 서초구 양재동,서울특별시 서초구 언남길 86 (양재동),근린생활2,제2종근린생활시설,102319096,지번
1165010100108150006,서울특별시 서초구 방배동,서울특별시 서초구 서초대로23길 101-10 (방배동),근린생활2,제2종근린생활시설,102312717,지번
1165010200103710007,서울특별시 서초구 양재동,서울특별시 서초구 동산로6길 17-7 (양재동),근린생활2,제2종근린생활시설,102319708,지번
1165010200102910025,서울특별시 서초구 양재동,서울특별시 서초구 동산로13길 16 (양재동),근린생활2,제2종근린생활시설,10231100250854,지번
1165010800113410003,서울특별시 서초구 서초동,서울특별시 서초구 효령로 414 (서초동),근린생활2,제2종근린생활시설,1023114367,지번
1165010100128120000,서울특별시 서초구 방배동,서울특별시 서초구 과천대로 848 (방배동),근린생활1,제1종근린생활시설,102315907,지번
1165010100108570024,서울특별시 서초구 방배동,서울특별시 서초구 방배중앙로 90 (방배동),근린생활1,제1종근린생활시설,102313378,지번
1165010700105490016,서울특별시 서초구 반포동,서울특별시 서초구 반포대로39길 38 (반포동),근린생활2,제2종근린생활시설,1023112492,지번
1165010700107250021,서울특별시 서초구 반포동,서울특별시 서초구 사평대로53길 64 (반포동),근린생활2,제2종근린생활시설,1023112946,지번
1165010800114500004,서울특별시 서초구 서초동,서울특별시 서초구 남부순환로325길 1 (서초동),근린생활2,업무시설,1000000000000001803952,지번
1165010200100130009,서울특별시 서초구 양재동,서울특별시 서초구 남부순환로350길 36 (양재동),근린생활2,제2종근린생활시설,102319984,지번
1165010700107250015,서울특별시 서초구 반포동,서울특별시 서초구 사평대로55길 75-1 (반포동),근린생활2,제2종근린생활시설,1023112942,지번
1165010700107250017,서울특별시 서초구 반포동,서울특별시 서초구 사평대로55길 71 (반포동),근린생활2,제2종근린생활시설,1023112944,지번
1165010700107380005,서울특별시 서초구 반포동,서울특별시 서초구 강남대로83길 21 (반포동),근린생활1,제1종근린생활시설,1023113214,지번
1165010200101100006,서울특별시 서초구 양재동,서울특별시 서초구 강남대로25길 13 (양재동),근린생활1,제1종근린생활시설,102318531,지번
1165010600100110001,서울특별시 서초구 잠원동,서울특별시 서초구 나루터로15길 30-8 (잠원동),근린생활2,제2종근린생활시설,1023111196,지번
1165010200100140006,서울특별시 서초구 양재동,서울특별시 서초구 남부순환로350길 60 (양재동),근린생활2,제2종근린생활시설,102318119,지번
1165010200102030007,서울특별시 서초구 양재동,서울특별시 서초구 매헌로 54-1 (양재동),근린생활2,제2종근린생활시설,102318650,지번
1165010200101140000,서울특별시 서초구 양재동,서울특별시 서초구 강남대로25길 59 (양재동),근린생활2,제2종근린생활시설,102318552,지번
1165010200101160012,서울특별시 서초구 양재동,서울특별시 서초구 양재천로3길 22 (양재동),근린생활2,공동주택,1000000000000000726072,지번
1165010200101160012,서울특별시 서초구 양재동,서울특별시 서초구 양재천로3길 22 (양재동),근린생활2,공동주택,1000000000000000726088,지번
1165010200101210007,서울특별시 서초구 양재동,서울특별시 서초구 양재천로15길 1 (양재동),근린생활2,제2종근린생활시설,102318598,지번
1165010700100580009,서울특별시 서초구 반포동,서울특별시 서초구 고무래로 12 (반포동),근린생활2,제2종근린생활시설,1023112138,지번
1165010100109850021,서울특별시 서초구 방배동,서울특별시 서초구 효령로34길 23-7 (방배동),근린생활2,제2종근린생활시설,102315539,지번
1165010600100080011,서울특별시 서초구 잠원동,서울특별시 서초구 강남대로105길 14 (잠원동),근린생활2,제2종근린생활시설,1023111134,지번
1165010200100200023,서울특별시 서초구 양재동,서울특별시 서초구 강남대로 160-1 (양재동),근린생활2,제2종근린생활시설,102318226,지번
1165010200102560009,서울특별시 서초구 양재동,서울특별시 서초구 마방로6길 32-5 (양재동),근린생활1,제1종근린생활시설,102318854,지번
1165010200102560005,서울특별시 서초구 양재동,서울특별시 서초구 언남길 51 (양재동),근린생활2,제2종근린생활시설,102318850,지번
1165010200102080002,서울특별시 서초구 양재동,서울특별시 서초구 매헌로6길 39 (양재동),근린생활2,제2종근린생활시설,102318688,지번
1165010100108220021,서울특별시 서초구 방배동,서울특별시 서초구 동광로10길 21-7 (방배동),근린생활1,제1종근린생활시설,102312882,지번
1165010200102470001,서울특별시 서초구 양재동,서울특별시 서초구 마방로4길 16-17 (양재동),근린생활1,제1종근린생활시설,102318774,지번
1165010100108760045,서울특별시 서초구 방배동,서울특별시 서초구 서초대로 113 (방배동),근린생활2,제2종근린생활시설,102313685,지번
1165010800115510005,서울특별시 서초구 서초동,서울특별시 서초구 반포대로28길 31 (서초동),근린생활2,제2종근린생활시설,1023115680,지번
1165010800115690011,서울특별시 서초구 서초동,서울특별시 서초구 반포대로22길 87-5 (서초동),근린생활1,제1종근린생활시설,1023115854,지번
1165010800114430014,서울특별시 서초구 서초동,서울특별시 서초구 효령로 334 (서초동),근린생활2,제2종근린생활시설,1023114842,지번
1165010600100300001,서울특별시 서초구 잠원동,서울특별시 서초구 강남대로95길 39 (잠원동),근린생활2,제2종근린생활시설,1023111420,지번
1165010200103330016,서울특별시 서초구 양재동,서울특별시 서초구 강남대로10길 59 (양재동),근린생활2,제2종근린생활시설,102319423,지번
1165010700107370010,서울특별시 서초구 반포동,,근린생활2,제1종근린생활시설,10231100286135,지번
1165010700107410008,서울특별시 서초구 반포동,서울특별시 서초구 주흥길 10 (반포동),근린생활2,제2종근린생활시설,1023113284,지번
1165010700107420021,서울특별시 서초구 반포동,서울특별시 서초구 주흥길 9 (반포동),근린생활2,제1종근린생활시설,1000000000000001966223,지번
1165010800113170007,서울특별시 서초구 서초동,서울특별시 서초구 서초대로77길 13 (서초동),근린생활2,제2종근린생활시설,1023114265,지번
1165010700100920006,서울특별시 서초구 반포동,서울특별시 서초구 사평대로26길 26-4 (반포동),근린생활2,제2종근린생활시설,10231100242114,지번
1165010700100540012,서울특별시 서초구 반포동,서울특별시 서초구 고무래로8길 13 (반포동),근린생활2,제2종근린생활시설,1023112107,지번
1165010700100320002,서울특별시 서초구 반포동,서울특별시 서초구 서초중앙로 230 (반포동),근린생활1,제1종근린생활시설,1023113445,지번
1165010300100630000,서울특별시 서초구 우면동,서울특별시 서초구 바우뫼로7길 11 (우면동),근린생활1,노유자시설,1023110667,지번
1165010300100630000,서울특별시 서초구 우면동,서울특별시 서초구 바우뫼로7길 11 (우면동),근린생활1,공동주택,1023110964,지번
1165010300100630000,서울특별시 서초구 우면동,서울특별시 서초구 바우뫼로7길 11 (우면동),근린생활1,공동주택,1023110965,지번
1165010300100630000,서울특별시 서초구 우면동,서울특별시 서초구 바우뫼로7길 11 (우면동),근린생활1,제1종근린생활시설,1023110966,지번
1165010300100630000,서울특별시 서초구 우면동,서울특별시 서초구 바우뫼로7길 11 (우면동),근린생활1,공동주택,1023110967,지번
1165010300100630000,서울특별시 서초구 우면동,서울특별시 서초구 바우뫼로7길 11 (우면동),근린생활1,공동주택,1023110968,지번
1165010300100630000,서울특별시 서초구 우면동,서울특별시 서초구 바우뫼로7길 11 (우면동),근린생활1,공동주택,1023110969,지번
1165010300100630000,서울특별시 서초구 우면동,서울특별시 서초구 바우뫼로7길 11 (우면동),근린생활1,공동주택,1023110970,지번
1165010600100130008,서울특별시 서초구 잠원동,서울특별시 서초구 나루터로15길 12 (잠원동),근린생활2,제2종근린생활시설,1023111233,지번
1165010200102730000,서울특별시 서초구 양재동,서울특별시 서초구 마방로10길 36 (양재동),근린생활2,제2종근린생활시설,102319022,지번
1165010700100740001,서울특별시 서초구 반포동,서울특별시 서초구 서래로6길 24 (반포동),근린생활2,제2종근린생활시설,1000000000000006545659,지번
1165010700100880001,서울특별시 서초구 반포동,서울특별시 서초구 서래로 12 (반포동),근린생활2,제2종근린생활시설,1023112224,지번
1165010700100880005,서울특별시 서초구 반포동,서울특별시 서초구 서래로 2 (반포동),근린생활2,제2종근린생활시설,1023112225,지번
1165010200103320013,서울특별시 서초구 양재동,서울특별시 서초구 동산로2길 11 (양재동),근린생활2,제2종근린생활시설,102319408,지번
1165010700107010017,서울특별시 서초구 반포동,서울특별시 서초구 신반포로 314 (반포동),근린생활1,제1종근린생활시설,1023112586,지번
1165010700107070007,서울특별시 서초구 반포동,서울특별시 서초구 사평대로57길 130 (반포동),근린생활2,제2종근린생활시설,1023112657,지번
1165010800114660018,서울특별시 서초구 서초동,서울특별시 서초구 남부순환로315길 6 (서초동),근린생활2,제2종근린생활시설,1023115026,지번
1165010800115650017,서울특별시 서초구 서초동,서울특별시 서초구 서초대로48길 87 (서초동),근린생활2,제2종근린생활시설,1023115814,지번
1165010200100910002,서울특별시 서초구 양재동,서울특별시 서초구 양재천로 125-11 (양재동),근린생활1,제1종근린생활시설,102318398,지번
1165010800114750003,서울특별시 서초구 서초동,서울특별시 서초구 반포대로7길 17 (서초동),근린생활2,제2종근린생활시설,1023115076,지번
1165010200102610018,서울특별시 서초구 양재동,서울특별시 서초구 마방로6길 8-30 (양재동),근린생활2,제2종근린생활시설,1023110218,지번
1165010100128040000,서울특별시 서초구 방배동,서울특별시 서초구 과천대로 840 (방배동),근린생활2,제2종근린생활시설,102315905,지번
1165010100110210001,서울특별시 서초구 방배동,서울특별시 서초구 방배로8길 14 (방배동),근린생활2,제2종근린생활시설,102315622,지번
1165011100101920082,서울특별시 서초구 신원동,서울특별시 서초구 청계산로 249 (신원동),근린생활2,제2종근린생활시설,1023119012,지번
1165010300106100007,서울특별시 서초구 우면동,서울특별시 서초구 식유촌길 51-3 (우면동),근린생활2,제2종근린생활시설,10231100197595,지번
1165010100107730007,서울특별시 서초구 방배동,서울특별시 서초구 방배로 242 (방배동),근린생활2,제2종근린생활시설,1000000000000007492825,지번
1165010700100890005,서울특별시 서초구 반포동,서울특별시 서초구 서래로 14 (반포동),근린생활2,제2종근린생활시설,1023112229,지번
1165010700100900001,서울특별시 서초구 반포동,서울특별시 서초구 서래로6길 4 (반포동),근린생활1,제1종근린생활시설,1023112234,지번
1165010700100900003,서울특별시 서초구 반포동,서울특별시 서초구 서래로6길 10 (반포동),근린생활2,제2종근린생활시설,1023112236,지번
1165010800115690001,서울특별시 서초구 서초동,서울특별시 서초구 반포대로26길 56 (서초동),근린생활2,제2종근린생활시설,1023117929,지번
1165010200103580007,서울특별시 서초구 양재동,서울특별시 서초구 강남대로2길 53 (양재동),근린생활1,제1종근린생활시설,102319643,지번
1165010200103710003,서울특별시 서초구 양재동,서울특별시 서초구 강남대로10길 98 (양재동),근린생활2,제2종근린생활시설,102319706,지번
1165010200103720009,서울특별시 서초구 양재동,서울특별시 서초구 강남대로10길 91 (양재동),근린생활1,제1종근린생활시설,102319716,지번
1165010700105770007,서울특별시 서초구 반포동,서울특별시 서초구 동광로42길 6-6 (반포동),근린생활2,단독주택,10231100265935,지번
1165010100108790008,서울특별시 서초구 방배동,서울특별시 서초구 서초대로29길 16 (방배동),근린생활2,제2종근린생활시설,102313729,지번
1165010800115670007,서울특별시 서초구 서초동,서울특별시 서초구 서초대로50길 66 (서초동),근린생활1,제1종근린생활시설,1023115835,지번
1165010800113590046,서울특별시 서초구 서초동,서울특별시 서초구 남부순환로347길 53 (서초동),근린생활2,제2종근린생활시설,1023114549,지번
1165010200102830001,서울특별시 서초구 양재동,서울특별시 서초구 논현로 59 (양재동),근린생활2,제2종근린생활시설,102319104,지번
1165010100108390022,서울특별시 서초구 방배동,서울특별시 서초구 방배로28길 29-1 (방배동),근린생활2,제2종근린생활시설,102313170,지번
1165010700107170006,서울특별시 서초구 반포동,서울특별시 서초구 주흥13길 13-1 (반포동),근린생활1,제1종근린생활시설,1023112780,지번
1165010800115230015,서울특별시 서초구 서초동,서울특별시 서초구 반포대로21길 51 (서초동),근린생활1,공동주택,1000000000000005029050,지번
1165010200100830000,서울특별시 서초구 양재동,서울특별시 서초구 바우뫼로 202 (양재동),근린생활2,제2종근린생활시설,102318329,지번
1165010700107080014,서울특별시 서초구 반포동,서울특별시 서초구 강남대로89길 18 (반포동),근린생활1,제1종근린생활시설,1023112673,지번
1165010800114510076,서울특별시 서초구 서초동,서울특별시 서초구 반포대로4길 13 (서초동),근린생활2,제2종근린생활시설,1023114933,지번
1165010100109850012,서울특별시 서초구 방배동,서울특별시 서초구 효령로36길 10 (방배동),근린생활2,제2종근린생활시설,102315535,지번
1165010200103150000,서울특별시 서초구 양재동,서울특별시 서초구 강남대로 82 (양재동),근린생활2,제2종근린생활시설,102319295,지번
1165010100100180023,서울특별시 서초구 방배동,서울특별시 서초구 방배로42길 7 (방배동),근린생활2,제2종근린생활시설,10231609,지번
1165010800115710010,서울특별시 서초구 서초동,서울특별시 서초구 반포대로28길 65-16 (서초동),근린생활2,제2종근린생활시설,10231100292575,지번
1165010800115690015,서울특별시 서초구 서초동,서울특별시 서초구 반포대로22길 91 (서초동),근린생활1,제1종근린생활시설,1023115858,지번
1165010100108500032,서울특별시 서초구 방배동,서울특별시 서초구 방배로26길 19 (방배동),근린생활1,제1종근린생활시설,102313227,지번
1165010700107220005,서울특별시 서초구 반포동,서울특별시 서초구 강남대로 529 (반포동),근린생활2,제2종근린생활시설,1023112872,지번
1165010700107230013,서울특별시 서초구 반포동,서울특별시 서초구 강남대로 517 (반포동),근린생활2,제2종근린생활시설,1023112897,지번
1165010800115710006,서울특별시 서초구 서초동,서울특별시 서초구 반포대로28길 65-4 (서초동),근린생활2,제2종근린생활시설,1023115879,지번
1165010800115350002,서울특별시 서초구 서초동,서울특별시 서초구 반포대로15길 5 (서초동),근린생활2,제2종근린생활시설,1023115560,지번
1165010800116650018,서울특별시 서초구 서초동,서울특별시 서초구 서초중앙로18길 29 (서초동),근린생활2,제2종근린생활시설,1023116843,지번
1165010700100910004,서울특별시 서초구 반포동,서울특별시 서초구 사평대로26길 48 (반포동),근린생활2,제2종근린생활시설,1023112246,지번
1165010200100140014,서울특별시 서초구 양재동,서울특별시 서초구 강남대로30길 7 (양재동),근린생활2,제2종근린생활시설,1000000000000007044834,지번
1165010800116140027,서울특별시 서초구 서초동,서울특별시 서초구 서리풀4길 25 (서초동),근린생활1,제1종근린생활시설,1023116301,지번
1165010800116690004,서울특별시 서초구 서초동,서울특별시 서초구 서초대로54길 29 (서초동),근린생활2,제2종근린생활시설,1023116889,지번
1165010800114490010,서울특별시 서초구 서초동,서울특별시 서초구 반포대로4길 54 (서초동),근린생활2,제2종근린생활시설,1023117458,지번
1165010700107480001,서울특별시 서초구 반포동,서울특별시 서초구 강남대로 483 (반포동),근린생활1,제1종근린생활시설,1023113347,지번
1165010700105350028,서울특별시 서초구 반포동,서울특별시 서초구 사평대로26길 5 (반포동),근린생활2,제2종근린생활시설,1023112481,지번
1165010800115760010,서울특별시 서초구 서초동,서울특별시 서초구 서초대로50길 67 (서초동),근린생활2,제2종근린생활시설,1023115942,지번
1165010800115720010,서울특별시 서초구 서초동,서울특별시 서초구 반포대로30길 67 (서초동),근린생활2,제2종근린생활시설,1023115907,지번
1165010100114760000,서울특별시 서초구 방배동,서울특별시 서초구 서초대로1길 10 (방배동),근린생활2,제2종근린생활시설,102315692,지번
1165010100107810011,서울특별시 서초구 방배동,서울특별시 서초구 동광로1길 32-5 (방배동),근린생활2,제2종근린생활시설,10231100240343,지번
1165010700100920003,서울특별시 서초구 반포동,서울특별시 서초구 서래로10길 10 (반포동),근린생활2,제2종근린생활시설,1023112252,지번
1165010600100220015,서울특별시 서초구 잠원동,서울특별시 서초구 강남대로99길 23-9 (잠원동),근린생활2,제2종근린생활시설,1023111300,지번
1165010200102830002,서울특별시 서초구 양재동,서울특별시 서초구 논현로 57 (양재동),근린생활2,제2종근린생활시설,102319105,지번
1165010100107550004,서울특별시 서초구 방배동,서울특별시 서초구 방배중앙로 200 (방배동),근린생활2,제2종근린생활시설,102312061,지번
1165010100108670030,서울특별시 서초구 방배동,서울특별시 서초구 서초대로 39 (방배동),근린생활2,제2종근린생활시설,102313533,지번
1165010100107640002,서울특별시 서초구 방배동,서울특별시 서초구 방배중앙로29길 35 (방배동),근린생활2,공동주택,10231100268455,지번
1165010800113070020,서울특별시 서초구 서초동,서울특별시 서초구 서초대로77길 25 (서초동),근린생활2,제2종근린생활시설,1023114226,지번
1165010200102480004,서울특별시 서초구 양재동,서울특별시 서초구 마방로2길 15-22 (양재동),근린생활2,제2종근린생활시설,102318781,지번
1165010100108830024,서울특별시 서초구 방배동,서울특별시 서초구 서초대로 146 (방배동),근린생활2,제2종근린생활시설,10231100182288,지번
1165010200102490002,서울특별시 서초구 양재동,서울특별시 서초구 마방로 8 (양재동),근린생활1,제1종근린생활시설,102318786,지번
1165010800114420011,서울특별시 서초구 서초동,서울특별시 서초구 남부순환로339길 49 (서초동),근린생활1,제1종근린생활시설,1023114825,지번
1165010800116280060,서울특별시 서초구 서초동,서울특별시 서초구 서리풀3길 20-1 (서초동),근린생활2,제2종근린생활시설,1023116504,지번
1165010800113440011,서울특별시 서초구 서초동,서울특별시 서초구 서운로 41 (서초동),근린생활1,제1종근린생활시설,1023114407,지번
1165010700100960001,서울특별시 서초구 반포동,서울특별시 서초구 사평대로22길 41 (반포동),근린생활1,제1종근린생활시설,1023112287,지번
1165010100108670033,서울특별시 서초구 방배동,서울특별시 서초구 서초대로 45 (방배동),근린생활2,제2종근린생활시설,102313536,지번
1165010300100070002,서울특별시 서초구 우면동,서울특별시 서초구 바우뫼로6길 16 (우면동),근린생활2,제2종근린생활시설,1023110568,지번
1165010800114380008,서울특별시 서초구 서초동,서울특별시 서초구 효령로 364 (서초동),근린생활2,제2종근린생활시설,1023114794,지번
1165010200100820002,서울특별시 서초구 양재동,서울특별시 서초구 바우뫼로 188 (양재동),근린생활2,제2종근린생활시설,102318314,지번
1165010800114280013,서울특별시 서초구 서초동,서울특별시 서초구 남부순환로333길 15-4 (서초동),근린생활2,제2종근린생활시설,1023114733,지번
1165010700107030000,서울특별시 서초구 반포동,서울특별시 서초구 신반포로 316 (반포동),근린생활1,제1종근린생활시설,1023113856,지번
1165010800114430012,서울특별시 서초구 서초동,서울특별시 서초구 효령로 330-1 (서초동),근린생활2,제2종근린생활시설,1023114840,지번
1165010200102650002,서울특별시 서초구 양재동,서울특별시 서초구 언남11길 7-33 (양재동),근린생활2,공동주택,1000000000000002288786,지번
1165010800113640025,서울특별시 서초구 서초동,서울특별시 서초구 강남대로37길 56-31 (서초동),근린생활2,제2종근린생활시설,1023114633,지번
1165010400104110004,서울특별시 서초구 원지동,서울특별시 서초구 원터5길 6 (원지동),근린생활1,제1종근린생활시설,1023111097,지번
1165010800113420001,서울특별시 서초구 서초동,서울특별시 서초구 효령로 398 (서초동),근린생활2,제2종근린생활시설,1023114381,지번
1165010800113420015,서울특별시 서초구 서초동,서울특별시 서초구 효령로 396 (서초동),근린생활2,제2종근린생활시설,1023114391,지번
1165010800113610001,서울특별시 서초구 서초동,서울특별시 서초구 강남대로 267 (서초동),근린생활1,제1종근린생활시설,1023114586,지번
1165010200101150006,서울특별시 서초구 양재동,서울특별시 서초구 양재천로7길 16 (양재동),근린생활2,제2종근린생활시설,102318562,지번
1165010800115480001,서울특별시 서초구 서초동,서울특별시 서초구 반포대로24길 12 (서초동),근린생활2,제2종근린생활시설,1023115645,지번
1165010800115500002,서울특별시 서초구 서초동,서울특별시 서초구 반포대로26길 1 (서초동),근린생활1,제1종근린생활시설,1023115663,지번
1165010800115510001,서울특별시 서초구 서초동,서울특별시 서초구 반포대로28길 21-12 (서초동),근린생활2,제2종근린생활시설,1023115677,지번
1165010700101040001,서울특별시 서초구 반포동,서울특별시 서초구 서래로5길 19 (반포동),근린생활2,제2종근린생활시설,1023112308,지번
1165010700101040002,서울특별시 서초구 반포동,서울특별시 서초구 서래로5길 17 (반포동),근린생활2,제2종근린생활시설,1023112309,지번
1165010700101040004,서울특별시 서초구 반포동,서울특별시 서초구 사평대로22길 42 (반포동),근린생활1,제1종근린생활시설,1023112311,지번
1165010800113650001,서울특별시 서초구 서초동,서울특별시 서초구 강남대로37길 59 (서초동),근린생활2,제2종근린생활시설,1023114655,지번
1165010200102720008,서울특별시 서초구 양재동,서울특별시 서초구 언남길 75 (양재동),근린생활2,제2종근린생활시설,102319018,지번
1165010800114270014,서울특별시 서초구 서초동,서울특별시 서초구 남부순환로331길 6-7 (서초동),근린생활,근린생활시설,1023114721,지번
1165010200102730001,서울특별시 서초구 양재동,서울특별시 서초구 마방로10길 40 (양재동),근린생활2,제2종근린생활시설,102319023,지번
1165010200102730002,서울특별시 서초구 양재동,서울특별시 서초구 마방로10길 42 (양재동),근린생활2,제2종근린생활시설,102319024,지번
1165010200102730007,서울특별시 서초구 양재동,서울특별시 서초구 마방로6길 7-69 (양재동),근린생활2,제2종근린생활시설,102319028,지번
1165010800113650006,서울특별시 서초구 서초동,서울특별시 서초구 강남대로37길 51 (서초동),근린생활2,제2종근린생활시설,1023114657,지번
1165010600100230012,서울특별시 서초구 잠원동,서울특별시 서초구 강남대로97길 64 (잠원동),근린생활2,제2종근린생활시설,1023111315,지번
1165010700101060009,서울특별시 서초구 반포동,서울특별시 서초구 서래로7길 18 (반포동),근린생활2,제2종근린생활시설,1023112323,지번
1165010800115780005,서울특별시 서초구 서초동,서울특별시 서초구 사임당로 39 (서초동),근린생활2,제2종근린생활시설,1023115960,지번
1165010700101070003,서울특별시 서초구 반포동,서울특별시 서초구 사평대로 108 (반포동),판매시설,판매시설,1023112328,지번
1165010700101070006,서울특별시 서초구 반포동,서울특별시 서초구 사평대로 106 (반포동),근린생활2,제2종근린생활시설,1023112329,지번
1165010800113440020,서울특별시 서초구 서초동,서울특별시 서초구 서운로9길 10 (서초동),근린생활2,제2종근린생활시설,1023114409,지번
1165010700107460004,서울특별시 서초구 반포동,서울특별시 서초구 강남대로79길 43 (반포동),근린생활2,제2종근린생활시설,1023113329,지번
1165010900100012020,서울특별시 서초구 내곡동,서울특별시 서초구 샘마을길 4-1 (내곡동),근린생활2,제2종근린생활시설,1000000000000001960202,지번
1165010100108360005,서울특별시 서초구 방배동,서울특별시 서초구 방배로 189 (방배동),근린생활1,제1종근린생활시설,102313131,지번
1165010800116310004,서울특별시 서초구 서초동,서울특별시 서초구 사임당로 108 (서초동),근린생활2,제2종근린생활시설,1023116558,지번
1165010100104320025,서울특별시 서초구 방배동,서울특별시 서초구 도구로9길 32 (방배동),근린생활2,제2종근린생활시설,10231913,지번
1165010100109020001,서울특별시 서초구 방배동,서울특별시 서초구 방배로20길 4 (방배동),근린생활1,제1종근린생활시설,102313965,지번
1165010800114630002,서울특별시 서초구 서초동,서울특별시 서초구 반포대로 11 (서초동),근린생활2,업무시설,1000000000000001496219,지번
1165010100109250019,서울특별시 서초구 방배동,서울특별시 서초구 효령로31길 94 (방배동),근린생활1,제1종근린생활시설,102314330,지번
1165010800114800002,서울특별시 서초구 서초동,서울특별시 서초구 반포대로9길 73 (서초동),근린생활1,제1종근린생활시설,1023115105,지번
1165010100100130009,서울특별시 서초구 방배동,서울특별시 서초구 방배로42길 31-4 (방배동),근린생활1,제1종근린생활시설,10231591,지번
1165010200100080029,서울특별시 서초구 양재동,서울특별시 서초구 강남대로34길 68 (양재동),근린생활2,제2종근린생활시설,102317928,지번
1165010800114430010,서울특별시 서초구 서초동,서울특별시 서초구 효령로 328 (서초동),근린생활2,제2종근린생활시설,1000000000000003503923,지번
1165010800115520019,서울특별시 서초구 서초동,서울특별시 서초구 서초대로46길 20 (서초동),근린생활2,제2종근린생활시설,10231100206712,지번
1165010800114430011,서울특별시 서초구 서초동,서울특별시 서초구 효령로 330 (서초동),근린생활2,제2종근린생활시설,1023114839,지번
1165010200102780013,서울특별시 서초구 양재동,서울특별시 서초구 논현로17길 11 (양재동),근린생활2,제2종근린생활시설,102319073,지번
1165010100108140005,서울특별시 서초구 방배동,서울특별시 서초구 동광로 56-4 (방배동),근린생활1,제1종근린생활시설,102312703,지번
1165010200101030009,서울특별시 서초구 양재동,서울특별시 서초구 바우뫼로18길 5 (양재동),근린생활2,제2종근린생활시설,10231100181888,지번
1165010100104220006,서울특별시 서초구 방배동,서울특별시 서초구 방배천로24길 17 (방배동),근린생활2,제2종근린생활시설,10231100220412,지번
1165010600100380020,서울특별시 서초구 잠원동,서울특별시 서초구 신반포로49길 11 (잠원동),근린생활1,제1종근린생활시설,1023111541,지번
1165010600100250013,서울특별시 서초구 잠원동,서울특별시 서초구 나루터로12길 28-15 (잠원동),근린생활2,제2종근린생활시설,1023111351,지번
1165010800115310008,서울특별시 서초구 서초동,서울특별시 서초구 효령로49길 15 (서초동),근린생활2,제2종근린생활시설,1023115548,지번
1165010800116960004,서울특별시 서초구 서초동,서울특별시 서초구 서초대로55길 11 (서초동),근린생활2,제2종근린생활시설,1023116992,지번
1165010100108780021,서울특별시 서초구 방배동,서울특별시 서초구 서초대로29길 22 (방배동),근린생활2,제2종근린생활시설,102313719,지번
1165010100107620021,서울특별시 서초구 방배동,서울특별시 서초구 동광로11길 109 (방배동),근린생활2,제2종근린생활시설,102312090,지번
1165010300100760002,서울특별시 서초구 우면동,서울특별시 서초구 바우뫼로9길 33 (우면동),근린생활1,단독주택,10231100263615,지번
1165010800113060002,서울특별시 서초구 서초동,서울특별시 서초구 강남대로 423 (서초동),근린생활1,제1종근린생활시설,1023114214,지번
1165010800116990006,서울특별시 서초구 서초동,서울특별시 서초구 서초대로51길 27 (서초동),근린생활1,제1종근린생활시설,1023117038,지번
1165010800114590002,서울특별시 서초구 서초동,서울특별시 서초구 반포대로 38 (서초동),근린생활2,제2종근린생활시설,1023114965,지번
1165010800117060011,서울특별시 서초구 서초동,서울특별시 서초구 법원로3길 10 (서초동),근린생활2,제2종근린생활시설,1023117062,지번
1165010100108800012,서울특별시 서초구 방배동,서울특별시 서초구 서초대로 129 (방배동),근린생활1,제2종근린생활시설,10231100283975,지번
1165010100109360005,서울특별시 서초구 방배동,서울특별시 서초구 서초대로24길 11 (방배동),근린생활2,제2종근린생활시설,102314548,지번
1165010800113270007,서울특별시 서초구 서초동,서울특별시 서초구 서초대로78길 26 (서초동),근린생활2,제2종근린생활시설,10231100220053,지번
1165010100108770024,서울특별시 서초구 방배동,서울특별시 서초구 서초대로29길 17-2 (방배동),근린생활2,제2종근린생활시설,102313702,지번
1165010800115030014,서울특별시 서초구 서초동,서울특별시 서초구 반포대로23길 26 (서초동),근린생활2,제2종근린생활시설,1023115350,지번
1165010100108630003,서울특별시 서초구 방배동,서울특별시 서초구 도구로 125 (방배동),근린생활2,제2종근린생활시설,102313465,지번
1165010800115030015,서울특별시 서초구 서초동,서울특별시 서초구 반포대로23길 30 (서초동),근린생활2,제2종근린생활시설,1023115351,지번
1165010600100220019,서울특별시 서초구 잠원동,서울특별시 서초구 신반포로47길 105 (잠원동),근린생활2,제2종근린생활시설,1023111303,지번
1165010200102770004,서울특별시 서초구 양재동,서울특별시 서초구 논현로 65 (양재동),근린생활1,제1종근린생활시설,102319060,지번
1165010800115950001,서울특별시 서초구 서초동,서울특별시 서초구 효령로53길 50 (서초동),근린생활1,숙박시설,1000000000000000166636,지번
1165010100108620001,서울특별시 서초구 방배동,서울특별시 서초구 방배중앙로15길 39 (방배동),근린생활2,공동주택,10231100268355,지번
1165010100108620013,서울특별시 서초구 방배동,서울특별시 서초구 도구로 120 (방배동),근린생활2,제2종근린생활시설,102313445,지번
1165010100108780014,서울특별시 서초구 방배동,서울특별시 서초구 서초대로33길 29 (방배동),근린생활2,제2종근린생활시설,10231100245630,지번
1165010800115300012,서울특별시 서초구 서초동,서울특별시 서초구 효령로47길 15 (서초동),근린생활1,제1종근린생활시설,1023115538,지번
1165010800113410011,서울특별시 서초구 서초동,서울특별시 서초구 강남대로47길 34 (서초동),근린생활2,제2종근린생활시설,1023114373,지번
1165011100103690000,서울특별시 서초구 신원동,서울특별시 서초구 본마을길 55-6 (신원동),근린생활2,제2종근린생활시설,1023119097,지번
1165010100113440000,서울특별시 서초구 방배동,서울특별시 서초구 서초대로1길 30 (방배동),근린생활2,공동주택,102317675,지번
1165010100113440000,서울특별시 서초구 방배동,서울특별시 서초구 서초대로1길 30 (방배동),근린생활2,공동주택,102317676,지번
1165010100113440000,서울특별시 서초구 방배동,서울특별시 서초구 서초대로1길 30 (방배동),근린생활2,제2종근린생활시설,102317677,지번
1165010100113440000,서울특별시 서초구 방배동,서울특별시 서초구 서초대로1길 30 (방배동),근린생활2,공동주택,102317678,지번
1165010100113440000,서울특별시 서초구 방배동,서울특별시 서초구 서초대로1길 30 (방배동),근린생활2,공동주택,102317679,지번
1165010100113440000,서울특별시 서초구 방배동,서울특별시 서초구 서초대로1길 30 (방배동),근린생활2,공동주택,102317680,지번
1165010100113440000,서울특별시 서초구 방배동,서울특별시 서초구 서초대로1길 30 (방배동),근린생활2,제2종근린생활시설,102317681,지번
1165010100113440000,서울특별시 서초구 방배동,서울특별시 서초구 서초대로1길 30 (방배동),근린생활2,공동주택,102317682,지번
1165010100113440000,서울특별시 서초구 방배동,서울특별시 서초구 서초대로1길 30 (방배동),근린생활2,공동주택,102317683,지번
1165010100113440000,서울특별시 서초구 방배동,서울특별시 서초구 서초대로1길 30 (방배동),근린생활2,공동주택,102317684,지번
1165010800116570006,서울특별시 서초구 서초동,서울특별시 서초구 서초중앙로20길 7 (서초동),근린생활2,제2종근린생활시설,1023116769,지번
1165010600100250004,서울특별시 서초구 잠원동,서울특별시 서초구 강남대로97길 37 (잠원동),근린생활2,제2종근린생활시설,1023111343,지번
1165010800116250009,서울특별시 서초구 서초동,서울특별시 서초구 사임당로8길 17 (서초동),근린생활2,제2종근린생활시설,1023116439,지번
1165010700100810003,서울특별시 서초구 반포동,서울특별시 서초구 동광로43길 16 (반포동),근린생활1,제1종근린생활시설,1023112194,지번
1165010100104630016,서울특별시 서초구 방배동,서울특별시 서초구 방배천로8길 31 (방배동),근린생활1,제1종근린생활시설,102311343,지번
1165010800116680014,서울특별시 서초구 서초동,서울특별시 서초구 사임당로17길 107 (서초동),근린생활2,제2종근린생활시설,1023116882,지번
1165010100104390005,서울특별시 서초구 방배동,서울특별시 서초구 동작대로 62 (방배동),근린생활1,제1종근린생활시설,102311015,지번
1165010800116950012,서울특별시 서초구 서초동,서울특별시 서초구 서초중앙로24길 15 (서초동),근린생활2,제2종근린생활시설,1023116984,지번
1165010200101070005,서울특별시 서초구 양재동,서울특별시 서초구 바우뫼로 144 (양재동),근린생활1,제1종근린생활시설,1023110114,지번
1165010100104390001,서울특별시 서초구 방배동,서울특별시 서초구 동작대로 68 (방배동),근린생활2,제2종근린생활시설,102311013,지번
1165010100122560000,서울특별시 서초구 방배동,서울특별시 서초구 동작대로 156 (방배동),근린생활2,제2종근린생활시설,102315762,지번
1165010800113640048,서울특별시 서초구 서초동,서울특별시 서초구 강남대로37길 36 (서초동),근린생활2,제2종근린생활시설,1023114644,지번
1165010600100230003,서울특별시 서초구 잠원동,서울특별시 서초구 강남대로99길 57 (잠원동),근린생활2,제2종근린생활시설,1023111307,지번
1165010100104650006,서울특별시 서초구 방배동,서울특별시 서초구 방배천로6길 33-1 (방배동),근린생활1,제1종근린생활시설,102311382,지번
1165010100104650021,서울특별시 서초구 방배동,서울특별시 서초구 청두곶길 29 (방배동),근린생활1,제1종근린생활시설,102311391,지번
1165010800113590028,서울특별시 서초구 서초동,서울특별시 서초구 서운로 24 (서초동),근린생활1,제1종근린생활시설,1023114545,지번
1165010800114580004,서울특별시 서초구 서초동,서울특별시 서초구 효령로 266 (서초동),근린생활2,제2종근린생활시설,1023114962,지번
1165010100108210012,서울특별시 서초구 방배동,서울특별시 서초구 방배중앙로 119 (방배동),근린생활1,제2종근린생활시설,102312864,지번
1165010100108070009,서울특별시 서초구 방배동,서울특별시 서초구 동광로 106 (방배동),근린생활1,제2종근린생활시설,102312615,지번
1165010800115270015,서울특별시 서초구 서초동,서울특별시 서초구 효령로 225 (서초동),근린생활2,제2종근린생활시설,1023115532,지번
1165010100122550000,서울특별시 서초구 방배동,서울특별시 서초구 동작대로 158 (방배동),근린생활1,제1종근린생활시설,102315761,지번
1165010800116030015,서울특별시 서초구 서초동,서울특별시 서초구 효령로57길 1 (서초동),근린생활2,제2종근린생활시설,1023116116,지번
1165010600100130011,서울특별시 서초구 잠원동,서울특별시 서초구 강남대로101안길 5 (잠원동),근린생활2,제2종근린생활시설,1023111236,지번
1165010800113400004,서울특별시 서초구 서초동,서울특별시 서초구 효령로 432 (서초동),근린생활2,제2종근린생활시설,1023114357,지번
1165010800113570054,서울특별시 서초구 서초동,서울특별시 서초구 남부순환로347길 74 (서초동),근린생활1,제1종근린생활시설,1023114497,지번
1165010100122330000,서울특별시 서초구 방배동,서울특별시 서초구 방배중앙로21길 55 (방배동),근린생활1,공동주택,102317698,지번
1165010100122330000,서울특별시 서초구 방배동,서울특별시 서초구 방배중앙로21길 55 (방배동),근린생활1,공동주택,102317699,지번
1165010100122330000,서울특별시 서초구 방배동,서울특별시 서초구 방배중앙로21길 55 (방배동),근린생활1,제1종근린생활시설,102317702,지번
1165010100122330000,서울특별시 서초구 방배동,서울특별시 서초구 방배중앙로21길 55 (방배동),근린생활1,공동주택,102317704,지번
1165010100109850002,서울특별시 서초구 방배동,서울특별시 서초구 효령로34길 7 (방배동),근린생활1,제1종근린생활시설,102315530,지번
1165010200100030016,서울특별시 서초구 양재동,서울특별시 서초구 바우뫼로43길 22 (양재동),근린생활2,제2종근린생활시설,102317834,지번
1165010900100011973,서울특별시 서초구 내곡동,서울특별시 서초구 샘마을2길 34 (내곡동),근린생활2,제2종근린생활시설,1023118379,지번
1165010200100800012,서울특별시 서초구 양재동,서울특별시 서초구 양재천로21길 9 (양재동),근린생활2,제2종근린생활시설,102318297,지번
1165010800115480005,서울특별시 서초구 서초동,서울특별시 서초구 반포대로22길 17 (서초동),근린생활1,제1종근린생활시설,1023115648,지번
1165010200102810002,서울특별시 서초구 양재동,서울특별시 서초구 언남20길 10 (양재동),근린생활2,제2종근린생활시설,102319098,지번
1165010200102630010,서울특별시 서초구 양재동,서울특별시 서초구 마방로6길 7-39 (양재동),근린생활2,제2종근린생활시설,102318905,지번
1165010800114720018,서울특별시 서초구 서초동,서울특별시 서초구 남부순환로317길 37 (서초동),근린생활2,제2종근린생활시설,1023115057,지번
1165010800115100003,서울특별시 서초구 서초동,서울특별시 서초구 서초대로40길 88 (서초동),근린생활1,제1종근린생활시설,1023115465,지번
1165010200102990009,서울특별시 서초구 양재동,서울특별시 서초구 동산로15길 18 (양재동),근린생활2,제2종근린생활시설,102319203,지번
1165010200100040017,서울특별시 서초구 양재동,,근린생활2,업무시설,1000000000000005293628,지번
1165010200100050009,서울특별시 서초구 양재동,서울특별시 서초구 논현로31길 65 (양재동),근린생활2,공동주택,10231100259275,지번
1165010200100050009,서울특별시 서초구 양재동,서울특별시 서초구 논현로31길 65 (양재동),근린생활2,공동주택,10231100259286,지번
1165010200100100039,서울특별시 서초구 양재동,서울특별시 서초구 남부순환로350길 71 (양재동),근린생활2,제2종근린생활시설,102318023,지번
1165010200100090000,서울특별시 서초구 양재동,서울특별시 서초구 남부순환로356길 49 (양재동),근린생활1,제1종근린생활시설,102317952,지번
1165010200100100042,서울특별시 서초구 양재동,서울특별시 서초구 강남대로30길 17 (양재동),근린생활1,제2종근린생활시설,10231100272475,지번
1165010200100100048,서울특별시 서초구 양재동,서울특별시 서초구 강남대로30길 21-3 (양재동),근린생활1,제1종근린생활시설,102318030,지번
1165010200100100056,서울특별시 서초구 양재동,서울특별시 서초구 남부순환로356길 58 (양재동),근린생활1,제1종근린생활시설,102318034,지번
1165010100108640019,서울특별시 서초구 방배동,서울특별시 서초구 서초대로 29 (방배동),근린생활2,제2종근린생활시설,102313481,지번
1165010100110220001,서울특별시 서초구 방배동,서울특별시 서초구 방배로8길 4 (방배동),근린생활2,제2종근린생활시설,102317635,지번
1165010100108680012,서울특별시 서초구 방배동,서울특별시 서초구 서초대로 55 (방배동),근린생활2,제2종근린생활시설,102313547,지번
1165010800114200018,서울특별시 서초구 서초동,서울특별시 서초구 남부순환로337가길 52 (서초동),근린생활1,공동주택,1023117386,지번
1165010800114200018,서울특별시 서초구 서초동,서울특별시 서초구 남부순환로337가길 52 (서초동),근린생활1,공동주택,1023117387,지번
1165010800114200018,서울특별시 서초구 서초동,서울특별시 서초구 남부순환로337가길 66 (서초동),근린생활1,제1종근린생활시설,1023117390,지번
1165010200103430002,서울특별시 서초구 양재동,서울특별시 서초구 강남대로6길 71-9 (양재동),근린생활2,제2종근린생활시설,102319519,지번
1165010100104790004,서울특별시 서초구 방배동,서울특별시 서초구 효령로2길 10 (방배동),근린생활2,제2종근린생활시설,102311545,지번
1165010800115450003,서울특별시 서초구 서초동,서울특별시 서초구 서초대로42길 86 (서초동),근린생활1,제1종근린생활시설,1023115620,지번
1165010200102590003,서울특별시 서초구 양재동,서울특별시 서초구 마방로6길 8-53 (양재동),근린생활1,제1종근린생활시설,102318873,지번
1165010200100130021,서울특별시 서초구 양재동,서울특별시 서초구 강남대로 222-6 (양재동),근린생활2,제2종근린생활시설,102318113,지번
1165010200103000012,서울특별시 서초구 양재동,서울특별시 서초구 언남16길 35 (양재동),근린생활2,제2종근린생활시설,102319218,지번
1165010200100800002,서울특별시 서초구 양재동,서울특별시 서초구 양재천로21길 43 (양재동),근린생활2,제2종근린생활시설,102318290,지번
1165010200100180009,서울특별시 서초구 양재동,서울특별시 서초구 바우뫼로41길 39 (양재동),근린생활2,제2종근린생활시설,102318208,지번
1165010800114380001,서울특별시 서초구 서초동,서울특별시 서초구 효령로 356 (서초동),근린생활2,제2종근린생활시설,1023114792,지번
1165011000102080002,서울특별시 서초구 염곡동,서울특별시 서초구 탑성말1길 10 (염곡동),근린생활2,제2종근린생활시설,1023118858,지번
1165011100101970007,서울특별시 서초구 신원동,서울특별시 서초구 청룡마을길 3 (신원동),근린생활2,제2종근린생활시설,1023119027,지번
1165010800115350007,서울특별시 서초구 서초동,서울특별시 서초구 효령로49길 34 (서초동),근린생활1,제1종근린생활시설,1023115563,지번
1165010600100220017,서울특별시 서초구 잠원동,서울특별시 서초구 강남대로99길 19 (잠원동),근린생활2,제2종근린생활시설,1023111301,지번
1165011100101930008,서울특별시 서초구 신원동,서울특별시 서초구 청계산로 235 (신원동),근린생활2,제2종근린생활시설,1023119016,지번
1165010600100220018,서울특별시 서초구 잠원동,서울특별시 서초구 신반포로47길 107 (잠원동),근린생활1,제1종근린생활시설,1023111302,지번
1165010600100260010,서울특별시 서초구 잠원동,서울특별시 서초구 신반포로47길 87 (잠원동),근린생활1,제1종근린생활시설,1023111376,지번
1165010600100260010,서울특별시 서초구 잠원동,서울특별시 서초구 신반포로47길 87 (잠원동),근린생활1,제2종근린생활시설,1023111377,지번
1165010800115650021,서울특별시 서초구 서초동,서울특별시 서초구 반포대로24길 73 (서초동),근린생활2,제2종근린생활시설,1023115817,지번
1165010800116980003,서울특별시 서초구 서초동,서울특별시 서초구 서초대로51길 30 (서초동),근린생활2,제2종근린생활시설,1023117023,지번
1165010200100800006,서울특별시 서초구 양재동,서울특별시 서초구 양재천로21길 29 (양재동),근린생활1,제1종근린생활시설,102318294,지번
1165010100108390013,서울특별시 서초구 방배동,서울특별시 서초구 방배로28길 21 (방배동),근린생활2,제2종근린생활시설,102313163,지번
1165010200103470001,서울특별시 서초구 양재동,서울특별시 서초구 동산로2길 38 (양재동),근린생활2,제2종근린생활시설,102319562,지번
1165010100108640028,서울특별시 서초구 방배동,서울특별시 서초구 도구로 113-1 (방배동),근린생활2,제2종근린생활시설,102313486,지번
1165010200102620002,서울특별시 서초구 양재동,서울특별시 서초구 마방로 38 (양재동),근린생활1,제1종근린생활시설,1023110219,지번
1165010100108710006,서울특별시 서초구 방배동,서울특별시 서초구 서초대로15길 8-22 (방배동),근린생활2,제2종근린생활시설,102313604,지번
1165010100107670016,서울특별시 서초구 방배동,서울특별시 서초구 동광로3길 78-14 (방배동),근린생활2,제2종근린생활시설,102312180,지번
1165010100109850014,서울특별시 서초구 방배동,서울특별시 서초구 효령로36길 18 (방배동),근린생활1,제1종근린생활시설,102315537,지번
1165010100108370003,서울특별시 서초구 방배동,서울특별시 서초구 방배로32길 8 (방배동),근린생활1,제1종근린생활시설,102313138,지번
1165010100108820030,서울특별시 서초구 방배동,서울특별시 서초구 서초대로 145 (방배동),근린생활2,제2종근린생활시설,1000000000000001856586,지번
1165010200103330018,서울특별시 서초구 양재동,서울특별시 서초구 강남대로10길 53 (양재동),근린생활2,제2종근린생활시설,102319425,지번
1165010600100290010,서울특별시 서초구 잠원동,서울특별시 서초구 신반포로47길 68 (잠원동),근린생활2,제2종근린생활시설,1023111402,지번
1165010800115300001,서울특별시 서초구 서초동,서울특별시 서초구 반포대로15길 13 (서초동),근린생활2,제2종근린생활시설,1023115533,지번
1165010600100290018,서울특별시 서초구 잠원동,서울특별시 서초구 신반포로47길 66 (잠원동),근린생활1,제1종근린생활시설,1023111409,지번
1165010800113590014,서울특별시 서초구 서초동,서울특별시 서초구 서운로6길 25 (서초동),근린생활1,제1종근린생활시설,1023114535,지번
1165010200100740000,서울특별시 서초구 양재동,서울특별시 서초구 바우뫼로25길 9 (양재동),근린생활2,제2종근린생활시설,1023110075,지번
1165010200100740000,서울특별시 서초구 양재동,서울특별시 서초구 바우뫼로25길 9 (양재동),근린생활2,공동주택,1023110076,지번
1165010200100740000,서울특별시 서초구 양재동,서울특별시 서초구 바우뫼로25길 9 (양재동),근린생활2,공동주택,1023110077,지번
1165010200100740000,서울특별시 서초구 양재동,서울특별시 서초구 바우뫼로25길 9 (양재동),근린생활2,공동주택,1023110078,지번
1165010200102640005,서울특별시 서초구 양재동,서울특별시 서초구 마방로6길 7-26 (양재동),근린생활2,제2종근린생활시설,102318913,지번
1165010100104320001,서울특별시 서초구 방배동,서울특별시 서초구 청두곶길 70 (방배동),근린생활2,제2종근린생활시설,10231897,지번
1165010800115390010,서울특별시 서초구 서초동,서울특별시 서초구 반포대로 93 (서초동),근린생활,근린생활시설,1023115587,지번
1165010100109260005,서울특별시 서초구 방배동,서울특별시 서초구 방배로19길 13 (방배동),근린생활2,제2종근린생활시설,102314339,지번
1165010100109410001,서울특별시 서초구 방배동,서울특별시 서초구 서초대로 72 (방배동),근린생활1,공동주택,1000000000000007514661,지번
1165010200102880000,서울특별시 서초구 양재동,서울특별시 서초구 논현로13길 1 (양재동),근린생활2,제2종근린생활시설,102319133,지번
1165010800113570042,서울특별시 서초구 서초동,서울특별시 서초구 강남대로45길 9 (서초동),근린생활2,제2종근린생활시설,1023114490,지번
1165010800113620023,서울특별시 서초구 서초동,서울특별시 서초구 강남대로37길 12-11 (서초동),근린생활1,제2종근린생활시설,10231100268135,지번
1165010800114740014,서울특별시 서초구 서초동,서울특별시 서초구 반포대로1길 25 (서초동),근린생활2,제2종근린생활시설,1023115071,지번
1165010800115720015,서울특별시 서초구 서초동,서울특별시 서초구 반포대로30길 53 (서초동),근린생활2,제2종근린생활시설,1023115912,지번
1165010800115780001,서울특별시 서초구 서초동,서울특별시 서초구 반포대로24길 96 (서초동),근린생활1,제1종근린생활시설,1023115956,지번
1165010800114580009,서울특별시 서초구 서초동,서울특별시 서초구 반포대로10길 21 (서초동),근린생활2,제2종근린생활시설,1023114963,지번
1165010700100470008,서울특별시 서초구 반포동,서울특별시 서초구 서초중앙로29길 23 (반포동),근린생활2,제2종근린생활시설,1023112060,지번
1165010700100920012,서울특별시 서초구 반포동,서울특별시 서초구 서래로8길 1 (반포동),근린생활1,제1종근린생활시설,1023112259,지번
1165010100107830001,서울특별시 서초구 방배동,서울특별시 서초구 동작대로 180 (방배동),근린생활1,제1종근린생활시설,102312375,지번
1165010100108220022,서울특별시 서초구 방배동,서울특별시 서초구 동광로12길 6 (방배동),근린생활1,공동주택,10231100287955,지번
1165010200100110056,서울특별시 서초구 양재동,서울특별시 서초구 남부순환로350길 29-3 (양재동),근린생활2,제2종근린생활시설,102318073,지번
1165010800113650004,서울특별시 서초구 서초동,서울특별시 서초구 강남대로37길 53 (서초동),근린생활2,제2종근린생활시설,1023114656,지번
1165010800115710005,서울특별시 서초구 서초동,서울특별시 서초구 반포대로28길 63 (서초동),근린생활2,제2종근린생활시설,1023115878,지번
1165010800114430004,서울특별시 서초구 서초동,서울특별시 서초구 효령로 316-1 (서초동),근린생활1,제1종근린생활시설,1023114833,지번
1165010800114380007,서울특별시 서초구 서초동,서울특별시 서초구 효령로 358 (서초동),근린생활1,제1종근린생활시설,1023114793,지번
1165010700100160007,서울특별시 서초구 반포동,서울특별시 서초구 신반포로16길 15-14 (반포동),근린생활1,제1종근린생활시설,10231100185208,지번
1165010200103480004,서울특별시 서초구 양재동,서울특별시 서초구 강남대로8길 24-18 (양재동),근린생활2,제2종근린생활시설,102319574,지번
1165010200102870000,서울특별시 서초구 양재동,서울특별시 서초구 동산로19길 30-14 (양재동),근린생활2,제2종근린생활시설,102319124,지번
1165010700107400009,서울특별시 서초구 반포동,서울특별시 서초구 강남대로79길 52-8 (반포동),근린생활1,제1종근린생활시설,1023113275,지번
1165010100109180003,서울특별시 서초구 방배동,서울특별시 서초구 방배중앙로 16 (방배동),근린생활2,제2종근린생활시설,102314227,지번
1165010200102080007,서울특별시 서초구 양재동,서울특별시 서초구 매헌로 50 (양재동),근린생활2,제2종근린생활시설,102318690,지번
1165010600100110008,서울특별시 서초구 잠원동,서울특별시 서초구 나루터로15길 24 (잠원동),근린생활2,제2종근린생활시설,1023111202,지번
1165010700107410000,서울특별시 서초구 반포동,서울특별시 서초구 주흥길 12 (반포동),근린생활1,제1종근린생활시설,1023113281,지번
1165010200103640007,서울특별시 서초구 양재동,서울특별시 서초구 동산로8길 70 (양재동),근린생활2,제2종근린생활시설,102319675,지번
1165010100104770006,서울특별시 서초구 방배동,서울특별시 서초구 효령로 20 (방배동),근린생활1,제1종근린생활시설,102311528,지번
1165010200103270010,서울특별시 서초구 양재동,서울특별시 서초구 강남대로10길 29 (양재동),근린생활2,제2종근린생활시설,102319363,지번
1165010200103930001,서울특별시 서초구 양재동,서울특별시 서초구 논현로 23 (양재동),근린생활2,제2종근린생활시설,102319801,지번
1165010800117090010,서울특별시 서초구 서초동,서울특별시 서초구 법원로1길 20 (서초동),근린생활1,제1종근린생활시설,1023117079,지번
1165010400104080000,서울특별시 서초구 원지동,서울특별시 서초구 원터3길 3 (원지동),근린생활2,제2종근린생활시설,1023111092,지번
1165010200101190005,서울특별시 서초구 양재동,서울특별시 서초구 양재천로 65 (양재동),근린생활2,제2종근린생활시설,102318580,지번
1165010300107570000,서울특별시 서초구 우면동,서울특별시 서초구 중앙로 582 (우면동),근린생활1,제1종근린생활시설,10231100228654,지번
1165010700100820022,서울특별시 서초구 반포동,서울특별시 서초구 동광로45길 5 (반포동),근린생활2,제2종근린생활시설,10231100249694,지번
1165010800115450006,서울특별시 서초구 서초동,서울특별시 서초구 반포대로20길 7-4 (서초동),근린생활2,제2종근린생활시설,1023115623,지번
1165010800116700003,서울특별시 서초구 서초동,서울특별시 서초구 서초대로54길 15 (서초동),근린생활2,제2종근린생활시설,1023116899,지번
1165010800115520007,서울특별시 서초구 서초동,서울특별시 서초구 반포대로28길 15 (서초동),근린생활2,제2종근린생활시설,1023115686,지번
1165010800115570022,서울특별시 서초구 서초동,서울특별시 서초구 서초대로48길 32 (서초동),근린생활2,제2종근린생활시설,1023115750,지번
1165010800115790004,서울특별시 서초구 서초동,서울특별시 서초구 서초대로50길 104 (서초동),근린생활2,제2종근린생활시설,1023115963,지번
1165010800116700007,서울특별시 서초구 서초동,서울특별시 서초구 서초대로54길 9-10 (서초동),근린생활2,제2종근린생활시설,1023116902,지번
1165010100100060009,서울특별시 서초구 방배동,서울특별시 서초구 방배로42길 61 (방배동),근린생활2,제2종근린생활시설,10231100267155,지번
1165010600100080007,서울특별시 서초구 잠원동,서울특별시 서초구 강남대로101길 38 (잠원동),근린생활2,제2종근린생활시설,1023111131,지번
1165010900101640009,서울특별시 서초구 내곡동,서울특별시 서초구 능안말길 40 (내곡동),근린생활1,제1종근린생활시설,1023118542,지번
1165011000102190013,서울특별시 서초구 염곡동,서울특별시 서초구 탑성말길 18-6 (염곡동),근린생활2,제2종근린생활시설,1023118884,지번
1165010100108690015,서울특별시 서초구 방배동,서울특별시 서초구 서초대로 71 (방배동),근린생활2,제2종근린생활시설,102313563,지번
1165010200102630011,서울특별시 서초구 양재동,서울특별시 서초구 마방로6길 7-37 (양재동),근린생활1,제1종근린생활시설,102318906,지번
1165010800115230001,서울특별시 서초구 서초동,서울특별시 서초구 반포대로19길 9-4 (서초동),근린생활1,제1종근린생활시설,1023115505,지번
1165010800115880002,서울특별시 서초구 서초동,서울특별시 서초구 반포대로14길 58 (서초동),근린생활2,제2종근린생활시설,1023116027,지번
1165010200103020008,서울특별시 서초구 양재동,서울특별시 서초구 언남14길 11 (양재동),근린생활2,제2종근린생활시설,102319234,지번
1165010800116430008,서울특별시 서초구 서초동,서울특별시 서초구 사임당로19길 46 (서초동),근린생활1,제1종근린생활시설,1023116652,지번
1165010800116910009,서울특별시 서초구 서초동,서울특별시 서초구 서초대로 319 (서초동),근린생활1,제1종근린생활시설,1023116962,지번
1165010100110200002,서울특별시 서초구 방배동,서울특별시 서초구 방배로6길 10-15 (방배동),근린생활2,제2종근린생활시설,102315616,지번
1165010800115300018,서울특별시 서초구 서초동,서울특별시 서초구 효령로49길 33 (서초동),근린생활1,제2종근린생활시설,1023115542,지번
1165010800115300018,서울특별시 서초구 서초동,서울특별시 서초구 효령로49길 33 (서초동),근린생활1,제1종근린생활시설,1023115543,지번
1165010100108200016,서울특별시 서초구 방배동,서울특별시 서초구 방배중앙로 118 (방배동),근린생활2,노유자시설,1000000000000006765565,본번
1165010100108210011,서울특별시 서초구 방배동,서울특별시 서초구 방배중앙로 117 (방배동),근린생활2,제2종근린생활시설,102312863,지번
1165010200103330006,서울특별시 서초구 양재동,서울특별시 서초구 동산로 30 (양재동),근린생활2,제2종근린생활시설,102319415,지번
1165010100109290040,서울특별시 서초구 방배동,서울특별시 서초구 효령로25길 75 (방배동),근린생활2,제2종근린생활시설,102314440,지번
1165010100107780032,서울특별시 서초구 방배동,서울특별시 서초구 방배중앙로 151 (방배동),근린생활1,제1종근린생활시설,102312269,지번
1165010800116480016,서울특별시 서초구 서초동,서울특별시 서초구 사임당로 93 (서초동),근린생활2,제2종근린생활시설,1023116708,지번
1165010800117160005,서울특별시 서초구 서초동,서울특별시 서초구 법원로2길 6 (서초동),근린생활2,제2종근린생활시설,1023117110,지번
1165010800116490004,서울특별시 서초구 서초동,서울특별시 서초구 사임당로 87 (서초동),근린생활1,제1종근린생활시설,1023116713,지번
1165010100108500031,서울특별시 서초구 방배동,서울특별시 서초구 서초대로27길 33 (방배동),근린생활2,제2종근린생활시설,102313226,지번
1165010800116680005,서울특별시 서초구 서초동,서울특별시 서초구 서초대로58길 31-5 (서초동),근린생활2,제2종근린생활시설,1023116874,지번
1165010200100160002,서울특별시 서초구 양재동,서울특별시 서초구 바우뫼로37길 42-8 (양재동),근린생활2,제2종근린생활시설,102318151,지번
1165010200100160032,서울특별시 서초구 양재동,서울특별시 서초구 남부순환로356길 121 (양재동),근린생활2,제2종근린생활시설,102318162,지번
1165010100108270019,서울특별시 서초구 방배동,서울특별시 서초구 동광로12길 52 (방배동),근린생활2,제2종근린생활시설,102312942,지번
1165010200100100004,서울특별시 서초구 양재동,서울특별시 서초구 남부순환로356길 38-4 (양재동),근린생활2,제2종근린생활시설,102317998,지번
1165010200102510000,서울특별시 서초구 양재동,서울특별시 서초구 마방로4길 17 (양재동),근린생활2,제2종근린생활시설,102318801,지번
1165010800113460000,서울특별시 서초구 서초동,서울특별시 서초구 효령로72길 2 (서초동),근린생활,근린생활시설,1023117316,지번
1165010800113460000,서울특별시 서초구 서초동,서울특별시 서초구 효령로68길 13 (서초동),근린생활,공동주택,1023117317,지번
1165010800113460000,서울특별시 서초구 서초동,서울특별시 서초구 효령로72길 14 (서초동),근린생활,공동주택,1023117318,지번
1165010800113460000,서울특별시 서초구 서초동,서울특별시 서초구 효령로68길 13 (서초동),근린생활,공동주택,1023117319,지번
1165010800113460000,서울특별시 서초구 서초동,서울특별시 서초구 효령로72길 14 (서초동),근린생활,공동주택,1023117320,지번
1165010800113460000,서울특별시 서초구 서초동,서울특별시 서초구 효령로68길 9-2 (서초동),근린생활,제2종근린생활시설,1023117321,지번
1165010800113460000,서울특별시 서초구 서초동,서울특별시 서초구 효령로72길 14 (서초동),근린생활,공동주택,1023117322,지번
1165010100108390012,서울특별시 서초구 방배동,서울특별시 서초구 방배로28길 19 (방배동),근린생활2,제2종근린생활시설,102313162,지번
1165010100108580031,서울특별시 서초구 방배동,서울특별시 서초구 방배중앙로13길 2 (방배동),근린생활2,제2종근린생활시설,102313408,지번
1165010800115650009,서울특별시 서초구 서초동,서울특별시 서초구 반포대로24길 85 (서초동),근린생활2,제2종근린생활시설,1000000000000001925272,지번
1165010800114900049,서울특별시 서초구 서초동,서울특별시 서초구 효령로 165 (서초동),근린생활2,제2종근린생활시설,1023117647,지번
1165010600100180017,서울특별시 서초구 잠원동,서울특별시 서초구 강남대로99길 44 (잠원동),근린생활2,제2종근린생활시설,1023111265,지번
1165010100109150010,서울특별시 서초구 방배동,서울특별시 서초구 효령로 95 (방배동),근린생활2,제2종근린생활시설,102314186,지번
1165010200102650030,서울특별시 서초구 양재동,서울특별시 서초구 마방로6길 7-2 (양재동),근린생활2,제2종근린생활시설,102318944,지번
1165010200100140013,서울특별시 서초구 양재동,서울특별시 서초구 남부순환로350길 68 (양재동),근린생활2,제2종근린생활시설,102318125,지번
1165010700107160024,서울특별시 서초구 반포동,서울특별시 서초구 주흥9길 6 (반포동),근린생활1,제1종근린생활시설,1023112774,지번
1165010700107200003,서울특별시 서초구 반포동,서울특별시 서초구 사평대로55길 115 (반포동),근린생활2,제2종근린생활시설,1023112832,지번
1165010200103920014,서울특별시 서초구 양재동,서울특별시 서초구 논현로7길 16 (양재동),근린생활2,제2종근린생활시설,102319796,지번
1165010100105810002,서울특별시 서초구 방배동,서울특별시 서초구 남부순환로294길 31 (방배동),근린생활2,제2종근린생활시설,102311929,지번
1165010800113170013,서울특별시 서초구 서초동,서울특별시 서초구 서초대로77길 7 (서초동),근린생활2,제2종근린생활시설,1023114267,지번
1165010200100860000,서울특별시 서초구 양재동,서울특별시 서초구 논현로27길 21 (양재동),근린생활2,제2종근린생활시설,102318356,지번
1165010200101080008,서울특별시 서초구 양재동,서울특별시 서초구 바우뫼로 162 (양재동),근린생활2,제1종근린생활시설,10231100295070,지번
1165010800113020023,서울특별시 서초구 서초동,서울특별시 서초구 사평대로52길 1 (서초동),근린생활2,제2종근린생활시설,1023114172,지번
1165010200101200007,서울특별시 서초구 양재동,서울특별시 서초구 양재천로11길 6 (양재동),근린생활1,제1종근린생활시설,102318590,지번
1165010600100340018,서울특별시 서초구 잠원동,서울특별시 서초구 강남대로95길 65 (잠원동),근린생활2,제2종근린생활시설,1023111455,지번
1165010100107630001,서울특별시 서초구 방배동,서울특별시 서초구 방배중앙로29길 25 (방배동),근린생활2,제2종근린생활시설,102312092,지번
1165010600100310003,서울특별시 서초구 잠원동,서울특별시 서초구 신반포로45길 80 (잠원동),근린생활2,제2종근린생활시설,1023111428,지번
1165010200100870004,서울특별시 서초구 양재동,서울특별시 서초구 양재천로 147-3 (양재동),근린생활2,제2종근린생활시설,102318369,지번
1165010800115650019,서울특별시 서초구 서초동,서울특별시 서초구 서초대로48길 89-4 (서초동),근린생활2,제2종근린생활시설,1023117920,지번
1165010800116670005,서울특별시 서초구 서초동,서울특별시 서초구 서초대로56길 31 (서초동),근린생활1,제1종근린생활시설,1023116865,지번
1165010100108820025,서울특별시 서초구 방배동,서울특별시 서초구 서초대로 141-23 (방배동),근린생활2,제2종근린생활시설,102313768,지번
1165011100101950004,서울특별시 서초구 신원동,서울특별시 서초구 청룡마을길 4 (신원동),근린생활2,제2종근린생활시설,1023119021,지번
1165010100109810016,서울특별시 서초구 방배동,서울특별시 서초구 효령로 120 (방배동),근린생활1,제1종근린생활시설,10231100297810,지번
1165010100110010031,서울특별시 서초구 방배동,서울특별시 서초구 효령로 186 (방배동),근린생활2,제2종근린생활시설,102315591,지번
1165010100107830017,서울특별시 서초구 방배동,서울특별시 서초구 방배중앙로21길 54 (방배동),근린생활2,제2종근린생활시설,102312385,지번
1165010100109120003,서울특별시 서초구 방배동,서울특별시 서초구 효령로 107 (방배동),근린생활1,제2종근린생활시설,1000000000000003853872,지번
1165010800114390001,서울특별시 서초구 서초동,서울특별시 서초구 남부순환로339길 72 (서초동),근린생활1,제1종근린생활시설,1023114801,지번
1165010200103270017,서울특별시 서초구 양재동,서울특별시 서초구 강남대로10길 11 (양재동),근린생활2,제2종근린생활시설,102319369,지번
1165010800113580011,서울특별시 서초구 서초동,서울특별시 서초구 강남대로41길 18 (서초동),근린생활2,제2종근린생활시설,1023114522,지번
1165010200103420004,서울특별시 서초구 양재동,서울특별시 서초구 강남대로8길 66-16 (양재동),근린생활2,제2종근린생활시설,102319512,지번
1165010100110150000,서울특별시 서초구 방배동,서울특별시 서초구 방배로 16 (방배동),판매시설,판매시설,102315613,지번
1165010100110150000,서울특별시 서초구 방배동,서울특별시 서초구 방배로 14 (방배동),판매시설,공동주택,102317616,지번
1165010100110150000,서울특별시 서초구 방배동,서울특별시 서초구 방배로 14 (방배동),판매시설,공동주택,102317617,지번
1165010100110150000,서울특별시 서초구 방배동,서울특별시 서초구 방배로 14 (방배동),판매시설,공동주택,102317618,지번
1165010100110150000,서울특별시 서초구 방배동,서울특별시 서초구 방배로 14 (방배동),판매시설,공동주택,102317619,지번
1165010100110150000,서울특별시 서초구 방배동,서울특별시 서초구 방배로 14 (방배동),판매시설,공동주택,102317620,지번
1165010100110150000,서울특별시 서초구 방배동,서울특별시 서초구 방배로 14 (방배동),판매시설,공동주택,102317621,지번
1165010100116560000,서울특별시 서초구 방배동,서울특별시 서초구 서초대로1길 15 (방배동),근린생활2,제2종근린생활시설,102315711,지번
1165010100109120004,서울특별시 서초구 방배동,서울특별시 서초구 효령로 109 (방배동),근린생활2,제2종근린생활시설,102314122,지번
1165010300106040005,서울특별시 서초구 우면동,서울특별시 서초구 식유촌길 71 (우면동),근린생활2,제2종근린생활시설,1023110883,지번
1165010100109120007,서울특별시 서초구 방배동,서울특별시 서초구 효령로 115 (방배동),근린생활1,제1종근린생활시설,102314125,지번
1165010100109540031,서울특별시 서초구 방배동,서울특별시 서초구 도구로 93 (방배동),근린생활1,제1종근린생활시설,102314916,지번
1165010200103500011,서울특별시 서초구 양재동,서울특별시 서초구 강남대로8길 10 (양재동),근린생활1,제1종근린생활시설,102319584,지번
1165010800114440015,서울특별시 서초구 서초동,서울특별시 서초구 효령로60길 23-6 (서초동),근린생활2,제2종근린생활시설,1023114867,지번
1165010100107790001,서울특별시 서초구 방배동,서울특별시 서초구 방배중앙로25길 15 (방배동),근린생활1,제1종근린생활시설,102312270,지번
1165010200102900004,서울특별시 서초구 양재동,서울특별시 서초구 동산로19길 5 (양재동),근린생활2,제2종근린생활시설,102319152,지번
1165010100107670001,서울특별시 서초구 방배동,서울특별시 서초구 방배중앙로27길 17 (방배동),판매시설,판매시설,102316614,지번
1165010100109120009,서울특별시 서초구 방배동,서울특별시 서초구 효령로31길 7 (방배동),근린생활2,제2종근린생활시설,102314127,지번
1165010100109120010,서울특별시 서초구 방배동,서울특별시 서초구 방배로11길 3 (방배동),근린생활2,제2종근린생활시설,102314128,지번
1165010800113590043,서울특별시 서초구 서초동,서울특별시 서초구 서운로 26 (서초동),근린생활2,제2종근린생활시설,1023114547,지번
1165010800113630001,서울특별시 서초구 서초동,서울특별시 서초구 남부순환로347길 24 (서초동),근린생활2,제2종근린생활시설,1023114602,지번
1165010100109120011,서울특별시 서초구 방배동,서울특별시 서초구 방배로11길 9 (방배동),근린생활2,제2종근린생활시설,102314129,지번
1165010800115400007,서울특별시 서초구 서초동,서울특별시 서초구 반포대로 105 (서초동),근린생활2,제1종근린생활시설,10231100281735,지번
1165010100104640011,서울특별시 서초구 방배동,서울특별시 서초구 방배천로8길 34 (방배동),근린생활1,제1종근린생활시설,102311357,지번
1165010800115520018,서울특별시 서초구 서초동,서울특별시 서초구 서초대로46길 16 (서초동),근린생활2,제2종근린생활시설,1023115694,지번
1165010200100030006,서울특별시 서초구 양재동,서울특별시 서초구 논현로 157-6 (양재동),근린생활1,제1종근린생활시설,102317829,지번
1165010200101140001,서울특별시 서초구 양재동,서울특별시 서초구 양재천로9길 26 (양재동),근린생활2,제2종근린생활시설,102318553,지번
1165010100109100005,서울특별시 서초구 방배동,서울특별시 서초구 효령로31길 28 (방배동),근린생활1,제2종근린생활시설,10231100278395,지번
1165010100109100003,서울특별시 서초구 방배동,서울특별시 서초구 효령로31길 36 (방배동),근린생활2,제2종근린생활시설,102314092,지번
1165010100109100004,서울특별시 서초구 방배동,서울특별시 서초구 효령로31길 32 (방배동),근린생활1,제1종근린생활시설,102314093,지번
1165010600100420007,서울특별시 서초구 잠원동,서울특별시 서초구 신반포로45길 9-18 (잠원동),근린생활1,제1종근린생활시설,1023111579,지번
1165010100109130001,서울특별시 서초구 방배동,서울특별시 서초구 효령로27길 38 (방배동),근린생활1,제1종근린생활시설,102314135,지번
1165010800115710008,서울특별시 서초구 서초동,서울특별시 서초구 반포대로28길 65-10 (서초동),근린생활2,제2종근린생활시설,1023115880,지번
1165010800116650013,서울특별시 서초구 서초동,서울특별시 서초구 서초중앙로18길 37 (서초동),근린생활2,제1종근린생활시설,1023116840,지번
1165011000101080002,서울특별시 서초구 염곡동,서울특별시 서초구 염곡안길 28 (염곡동),근린생활1,제1종근린생활시설,10231100207692,지번
1165010800115650010,서울특별시 서초구 서초동,서울특별시 서초구 반포대로24길 81 (서초동),근린생활2,제2종근린생활시설,1000000000000001925356,지번
1165010200100860004,서울특별시 서초구 양재동,서울특별시 서초구 양재천로31길 5 (양재동),근린생활,제1종근린생활시설,102318360,지번
1165011000102160001,서울특별시 서초구 염곡동,서울특별시 서초구 헌릉로 164 (염곡동),근린생활2,제2종근린생활시설,1023118872,지번
1165010900100010250,서울특별시 서초구 내곡동,서울특별시 서초구 신흥말길 39 (내곡동),근린생활2,제2종근린생활시설,1023118276,지번
1165010200103270018,서울특별시 서초구 양재동,서울특별시 서초구 강남대로10길 7 (양재동),근린생활2,제2종근린생활시설,102319370,지번
1165010600100470004,서울특별시 서초구 잠원동,서울특별시 서초구 신반포로41길 7 (잠원동),근린생활2,제2종근린생활시설,1023111644,지번
1165010200103320002,서울특별시 서초구 양재동,서울특별시 서초구 강남대로8길 39-13 (양재동),근린생활2,제2종근린생활시설,102319400,지번
1165010800114500006,서울특별시 서초구 서초동,서울특별시 서초구 남부순환로 2407 (서초동),근린생활2,제2종근린생활시설,1023114886,지번
1165010800115720011,서울특별시 서초구 서초동,서울특별시 서초구 반포대로30길 63 (서초동),근린생활2,제2종근린생활시설,1023115908,지번
1165010800115760009,서울특별시 서초구 서초동,서울특별시 서초구 서초대로46길 109 (서초동),근린생활2,제2종근린생활시설,1023115941,지번
1165010800115160001,서울특별시 서초구 서초동,서울특별시 서초구 명달로 98 (서초동),근린생활2,제2종근린생활시설,1023115490,지번
1165010100117750000,서울특별시 서초구 방배동,서울특별시 서초구 서초대로1길 19-7 (방배동),근린생활2,제2종근린생활시설,102315720,지번
1165010800115760004,서울특별시 서초구 서초동,서울특별시 서초구 서초중앙로 103 (서초동),근린생활2,제2종근린생활시설,1023115936,지번
1165010800116590013,서울특별시 서초구 서초동,서울특별시 서초구 서초대로54길 24 (서초동),근린생활2,제2종근린생활시설,1023118118,지번
1165010800114800013,서울특별시 서초구 서초동,서울특별시 서초구 남부순환로315길 88-3 (서초동),근린생활1,제1종근린생활시설,1023115111,지번
1165010100109100006,서울특별시 서초구 방배동,서울특별시 서초구 방배로 83-18 (방배동),근린생활2,제2종근린생활시설,102314095,지번
1165010600100240020,서울특별시 서초구 잠원동,서울특별시 서초구 강남대로97길 49-20 (잠원동),근린생활2,공동주택,10231100286288,지번
1165010700107380002,서울특별시 서초구 반포동,서울특별시 서초구 강남대로83길 23 (반포동),근린생활2,제2종근린생활시설,1023113213,지번
1165010100109130008,서울특별시 서초구 방배동,서울특별시 서초구 효령로27길 20 (방배동),근린생활2,제2종근린생활시설,1000000000000001339500,지번
1165010100107530009,서울특별시 서초구 방배동,서울특별시 서초구 방배중앙로29길 36 (방배동),근린생활2,제2종근린생활시설,102312056,지번
1165010800116700006,서울특별시 서초구 서초동,서울특별시 서초구 서초대로54길 9-8 (서초동),근린생활2,제2종근린생활시설,1023116901,지번
1165010800115770011,서울특별시 서초구 서초동,서울특별시 서초구 서초중앙로 89 (서초동),근린생활2,제2종근린생활시설,1023115954,지번
1165010800115800011,서울특별시 서초구 서초동,서울특별시 서초구 사임당로 13 (서초동),근린생활2,제2종근린생활시설,1023115976,지번
1165010200103340006,서울특별시 서초구 양재동,서울특별시 서초구 강남대로8길 69 (양재동),근린생활1,제1종근린생활시설,102319431,지번
1165010100114210000,서울특별시 서초구 방배동,서울특별시 서초구 동광로12가길 6 (방배동),근린생활2,제2종근린생활시설,102315662,지번
1165010800113020038,서울특별시 서초구 서초동,서울특별시 서초구 사평대로56길 14 (서초동),근린생활1,제1종근린생활시설,1023114186,지번
1165010800116240012,서울특별시 서초구 서초동,서울특별시 서초구 서초중앙로 68 (서초동),근린생활2,제2종근린생활시설,1023116433,지번
1165010800116730001,서울특별시 서초구 서초동,서울특별시 서초구 서초대로 302 (서초동),근린생활1,제1종근린생활시설,1023118146,지번
1165010100109070009,서울특별시 서초구 방배동,서울특별시 서초구 방배로 104 (방배동),근린생활1,제1종근린생활시설,102317168,지번
1165010800116590017,서울특별시 서초구 서초동,서울특별시 서초구 서초대로54길 32 (서초동),근린생활2,제2종근린생활시설,1023116810,지번
1165010100109100008,서울특별시 서초구 방배동,서울특별시 서초구 방배로 89 (방배동),근린생활1,제1종근린생활시설,102314096,지번
1165010100109100011,서울특별시 서초구 방배동,서울특별시 서초구 방배로 91 (방배동),근린생활2,제2종근린생활시설,102314097,지번
1165010100116480000,서울특별시 서초구 방배동,서울특별시 서초구 동광로12가길 36 (방배동),근린생활2,제2종근린생활시설,102315708,지번
1165010800115700003,서울특별시 서초구 서초동,서울특별시 서초구 반포대로26길 61 (서초동),근린생활2,제2종근린생활시설,1023115862,지번
1165010100109100014,서울특별시 서초구 방배동,서울특별시 서초구 방배로 97 (방배동),근린생활1,제1종근린생활시설,102314100,지번
1165010100127510006,서울특별시 서초구 방배동,서울특별시 서초구 전원말안13길 4 (방배동),근린생활2,단독주택,10231100277135,지번
1165010100109130020,서울특별시 서초구 방배동,서울특별시 서초구 방배로13길 29 (방배동),근린생활2,단독주택,10231100297630,지번
1165010100109380005,서울특별시 서초구 방배동,서울특별시 서초구 서초대로 90 (방배동),근린생활1,제1종근린생활시설,102317303,지번
1165010800115710020,서울특별시 서초구 서초동,서울특별시 서초구 반포대로28길 71-17 (서초동),근린생활2,제2종근린생활시설,1023115892,지번
1165010100109130022,서울특별시 서초구 방배동,서울특별시 서초구 방배로11길 16 (방배동),근린생활2,제2종근린생활시설,102314151,지번
1165010800115810011,서울특별시 서초구 서초동,서울특별시 서초구 사임당로 5 (서초동),근린생활2,제2종근린생활시설,1023115990,지번
1165010200103050011,서울특별시 서초구 양재동,서울특별시 서초구 언남12길 1 (양재동),근린생활2,제2종근린생활시설,102319244,지번
1165010300107210000,서울특별시 서초구 우면동,서울특별시 서초구 태봉로 68 (우면동),근린생활1,제1종근린생활시설,10231100219493,지번
1165010100109110016,서울특별시 서초구 방배동,서울특별시 서초구 효령로31길 15 (방배동),근린생활2,제2종근린생활시설,102314110,지번
1165010100109110017,서울특별시 서초구 방배동,서울특별시 서초구 효령로31길 17 (방배동),근린생활2,제2종근린생활시설,102314111,지번
1165010800116210017,서울특별시 서초구 서초동,서울특별시 서초구 서초중앙로6길 21 (서초동),근린생활2,제2종근린생활시설,1000000000000004812959,지번
1165010200103050000,서울특별시 서초구 양재동,서울특별시 서초구 언남길 68 (양재동),근린생활2,제2종근린생활시설,102319237,지번
1165010800116180060,서울특별시 서초구 서초동,서울특별시 서초구 서초중앙로8길 81 (서초동),근린생활2,제2종근린생활시설,1023116365,지번
1165010800113570006,서울특별시 서초구 서초동,서울특별시 서초구 강남대로47길 13 (서초동),근린생활1,제1종근린생활시설,1023114475,지번
1165010800114430007,서울특별시 서초구 서초동,서울특별시 서초구 효령로 320 (서초동),근린생활2,제2종근린생활시설,1023114835,지번
1165010800116040035,서울특별시 서초구 서초동,서울특별시 서초구 효령로61길 20 (서초동),근린생활1,제1종근린생활시설,1023116203,지번
1165010800116300001,서울특별시 서초구 서초동,서울특별시 서초구 사임당로 92 (서초동),근린생활2,공동주택,1000000000000003434053,지번
1165010100108310003,서울특별시 서초구 방배동,서울특별시 서초구 방배로31길 65 (방배동),근린생활2,제2종근린생활시설,102313025,지번
1165010800116250010,서울특별시 서초구 서초동,서울특별시 서초구 사임당로8길 13 (서초동),근린생활2,제2종근린생활시설,1023116440,지번
1165010800117140021,서울특별시 서초구 서초동,서울특별시 서초구 서초중앙로 147 (서초동),근린생활2,제2종근린생활시설,1023118246,지번
1165010100109110018,서울특별시 서초구 방배동,서울특별시 서초구 효령로31길 19 (방배동),근린생활2,제2종근린생활시설,102314112,지번
1165010100109110019,서울특별시 서초구 방배동,서울특별시 서초구 효령로31길 21 (방배동),근린생활2,제2종근린생활시설,102314113,지번
1165010100108720007,서울특별시 서초구 방배동,서울특별시 서초구 서초대로 91 (방배동),근린생활2,제2종근린생활시설,102313619,지번
1165010100109110020,서울특별시 서초구 방배동,서울특별시 서초구 효령로31길 23 (방배동),근린생활2,제2종근린생활시설,102314114,지번
1165010200100020008,서울특별시 서초구 양재동,서울특별시 서초구 남부순환로364길 8-16 (양재동),근린생활2,제2종근린생활시설,102317799,지번
1165010800114740003,서울특별시 서초구 서초동,서울특별시 서초구 반포대로5길 11 (서초동),근린생활2,제2종근린생활시설,1023115064,지번
1165010800114900030,서울특별시 서초구 서초동,서울특별시 서초구 효령로 183 (서초동),근린생활2,제2종근린생활시설,1023115282,지번
1165010100109130030,서울특별시 서초구 방배동,서울특별시 서초구 방배로11길 22 (방배동),근린생활2,공동주택,10231100286695,지번
1165010800116370005,서울특별시 서초구 서초동,서울특별시 서초구 서초중앙로22길 122 (서초동),근린생활2,제2종근린생활시설,1023116572,지번
1165010800116590012,서울특별시 서초구 서초동,서울특별시 서초구 서초중앙로22길 34 (서초동),근린생활2,제2종근린생활시설,1023116807,지번
1165010800116420001,서울특별시 서초구 서초동,서울특별시 서초구 사임당로17길 68 (서초동),근린생활2,제2종근린생활시설,1023116620,지번
1165010800116480017,서울특별시 서초구 서초동,서울특별시 서초구 사임당로 99 (서초동),근린생활2,제2종근린생활시설,1023116709,지번
1165010200103070000,서울특별시 서초구 양재동,서울특별시 서초구 언남길 60 (양재동),근린생활2,제2종근린생활시설,102319254,지번
1165010100107650001,서울특별시 서초구 방배동,서울특별시 서초구 방배중앙로27길 47 (방배동),근린생활1,제1종근린생활시설,102312132,지번
1165010100107610002,서울특별시 서초구 방배동,서울특별시 서초구 방배중앙로29길 3 (방배동),근린생활2,제2종근린생활시설,102312067,지번
1165010200103280012,서울특별시 서초구 양재동,서울특별시 서초구 강남대로10길 16 (양재동),근린생활1,제1종근린생활시설,102319382,지번
1165010800113050006,서울특별시 서초구 서초동,서울특별시 서초구 강남대로 433 (서초동),근린생활1,제1종근린생활시설,1023114212,지번
1165010200100130006,서울특별시 서초구 양재동,서울특별시 서초구 남부순환로350길 30 (양재동),근린생활2,제2종근린생활시설,102318105,지번
1165010800115030019,서울특별시 서초구 서초동,서울특별시 서초구 서초대로38길 51 (서초동),근린생활2,제2종근린생활시설,1023115353,지번
1165010800116850010,서울특별시 서초구 서초동,서울특별시 서초구 서초중앙로 176 (서초동),근린생활2,제2종근린생활시설,1023116950,지번
1165010100107680001,서울특별시 서초구 방배동,서울특별시 서초구 방배중앙로27길 9 (방배동),근린생활1,제1종근린생활시설,102312190,지번
1165010100108130008,서울특별시 서초구 방배동,서울특별시 서초구 동광로 68 (방배동),근린생활2,제2종근린생활시설,102312699,지번
1165010100107690001,서울특별시 서초구 방배동,서울특별시 서초구 방배로43길 43 (방배동),근린생활1,제1종근린생활시설,102312203,지번
1165010100108100004,서울특별시 서초구 방배동,서울특별시 서초구 동광로 82 (방배동),근린생활2,제2종근린생활시설,102312642,지번
1165010600100260009,서울특별시 서초구 잠원동,서울특별시 서초구 신반포로47길 93 (잠원동),근린생활2,제2종근린생활시설,1023111375,지번
1165010800113410017,서울특별시 서초구 서초동,서울특별시 서초구 강남대로47길 52 (서초동),근린생활2,제2종근린생활시설,1023114378,지번
1165010800115550017,서울특별시 서초구 서초동,서울특별시 서초구 서초대로48길 16 (서초동),근린생활2,제2종근린생활시설,1023115728,지번
1165010800115070019,서울특별시 서초구 서초동,서울특별시 서초구 명달로 116 (서초동),근린생활2,제2종근린생활시설,1023115416,지번
1165010200100820001,서울특별시 서초구 양재동,서울특별시 서초구 바우뫼로 186 (양재동),근린생활2,제2종근린생활시설,102318313,지번
1165010800115070001,서울특별시 서초구 서초동,서울특별시 서초구 명달로 118 (서초동),근린생활2,제2종근린생활시설,1023115403,지번
1165010800115810009,서울특별시 서초구 서초동,서울특별시 서초구 사임당로 9 (서초동),근린생활2,제2종근린생활시설,1023115989,지번
1165010200103330017,서울특별시 서초구 양재동,서울특별시 서초구 강남대로10길 55 (양재동),근린생활1,제1종근린생활시설,102319424,지번
1165010800117060010,서울특별시 서초구 서초동,서울특별시 서초구 법원로3길 8 (서초동),근린생활2,제2종근린생활시설,1023117061,지번
1165010800116660006,서울특별시 서초구 서초동,서울특별시 서초구 서초대로54길 29-18 (서초동),근린생활2,제2종근린생활시설,1023118134,지번
1165010200102780011,서울특별시 서초구 양재동,서울특별시 서초구 언남17길 14 (양재동),근린생활2,제2종근린생활시설,102319071,지번
1165010100108710012,서울특별시 서초구 방배동,서울특별시 서초구 서초대로 75 (방배동),근린생활1,제1종근린생활시설,102313611,지번
1165010100107530008,서울특별시 서초구 방배동,서울특별시 서초구 방배중앙로29길 30 (방배동),근린생활1,제1종근린생활시설,102312055,지번
1165010200102800008,서울특별시 서초구 양재동,서울특별시 서초구 동산로19길 48 (양재동),근린생활2,제2종근린생활시설,102319092,지번
1165010200102840001,서울특별시 서초구 양재동,서울특별시 서초구 동산로19길 40-6 (양재동),근린생활1,제1종근린생활시설,102319111,지번
1165010100113450000,서울특별시 서초구 방배동,서울특별시 서초구 동광로12가길 2 (방배동),근린생활2,제2종근린생활시설,102315660,지번
1165010900100012073,서울특별시 서초구 내곡동,서울특별시 서초구 샘마을길 3-8 (내곡동),근린생활2,제2종근린생활시설,1023118398,지번
1165010800116400029,서울특별시 서초구 서초동,서울특별시 서초구 서초중앙로22길 86 (서초동),근린생활2,제2종근린생활시설,1023116613,지번
1165010700107320030,서울특별시 서초구 반포동,서울특별시 서초구 강남대로83길 60 (반포동),근린생활1,제1종근린생활시설,1023113090,지번
1165010800116240021,서울특별시 서초구 서초동,서울특별시 서초구 사임당로8길 16 (서초동),근린생활2,제2종근린생활시설,1023116434,지번
1165010800116310005,서울특별시 서초구 서초동,서울특별시 서초구 사임당로 110 (서초동),근린생활2,제2종근린생활시설,1023116559,지번
1165010100104600023,서울특별시 서초구 방배동,서울특별시 서초구 청두곶8길 3 (방배동),근린생활1,제1종근린생활시설,102311320,지번
1165010200102890005,서울특별시 서초구 양재동,서울특별시 서초구 논현로11길 3 (양재동),근린생활2,제2종근린생활시설,102319142,지번
1165010200102890011,서울특별시 서초구 양재동,서울특별시 서초구 동산로19길 4 (양재동),근린생활2,제2종근린생활시설,102319147,지번
1165010100108300003,서울특별시 서초구 방배동,서울특별시 서초구 방배천로 160 (방배동),근린생활1,제1종근린생활시설,102313005,지번
1165010100108510017,서울특별시 서초구 방배동,서울특별시 서초구 서초대로25길 53 (방배동),근린생활2,제2종근린생활시설,102313246,지번
1165010100108520001,서울특별시 서초구 방배동,서울특별시 서초구 방배로27길 9 (방배동),근린생활1,제1종근린생활시설,102313248,지번
1165010100108620032,서울특별시 서초구 방배동,서울특별시 서초구 도구로 116-2 (방배동),근린생활2,제2종근린생활시설,102313458,지번
1165010100109110012,서울특별시 서초구 방배동,서울특별시 서초구 방배로11길 8 (방배동),근린생활2,제2종근린생활시설,10231100191130,지번
1165010100109780042,서울특별시 서초구 방배동,서울특별시 서초구 효령로 79 (방배동),근린생활2,제2종근린생활시설,102315425,지번
1165010100100010001,서울특별시 서초구 방배동,서울특별시 서초구 사평대로6길 102 (방배동),근린생활2,공동주택,10231100286855,지번
1165010800116600022,서울특별시 서초구 서초동,서울특별시 서초구 서초중앙로20길 24 (서초동),근린생활2,제2종근린생활시설,1023116825,지번
1165010800116660011,서울특별시 서초구 서초동,서울특별시 서초구 서초대로56길 34 (서초동),근린생활2,제2종근린생활시설,1023116859,지번
1165010800116700016,서울특별시 서초구 서초동,서울특별시 서초구 서초대로56길 12 (서초동),근린생활2,제2종근린생활시설,1023116911,지번
1165010100109540015,서울특별시 서초구 방배동,서울특별시 서초구 서초대로4길 47 (방배동),근린생활2,제2종근린생활시설,102314899,지번
1165010800115500013,서울특별시 서초구 서초동,서울특별시 서초구 반포대로26길 21 (서초동),근린생활2,제2종근린생활시설,1023115673,지번
1165010100130090000,서울특별시 서초구 방배동,서울특별시 서초구 동광로12길 102 (방배동),근린생활2,제2종근린생활시설,102315990,지번
1165010200103230000,서울특별시 서초구 양재동,서울특별시 서초구 강남대로12길 50 (양재동),근린생활1,제1종근린생활시설,102319334,지번
1165010200103260008,서울특별시 서초구 양재동,서울특별시 서초구 동산로 1 (양재동),근린생활2,제2종근린생활시설,102319353,지번
1165010200103540001,서울특별시 서초구 양재동,서울특별시 서초구 강남대로6길 28-3 (양재동),근린생활1,제1종근린생활시설,102319607,지번
1165010800115520011,서울특별시 서초구 서초동,서울특별시 서초구 반포대로28길 21-9 (서초동),근린생활2,제2종근린생활시설,1023115689,지번
1165010800114310006,서울특별시 서초구 서초동,서울특별시 서초구 남부순환로333길 42 (서초동),근린생활1,제1종근린생활시설,1023114750,지번
1165010200101100005,서울특별시 서초구 양재동,서울특별시 서초구 강남대로25길 15 (양재동),근린생활2,제2종근린생활시설,102318530,지번
1165010200103980002,서울특별시 서초구 양재동,서울특별시 서초구 논현로5길 31-8 (양재동),근린생활1,제1종근린생활시설,102319830,지번
1165010200103410002,서울특별시 서초구 양재동,서울특별시 서초구 동산로6길 38 (양재동),근린생활2,제2종근린생활시설,102319501,지번
1165010800115160004,서울특별시 서초구 서초동,서울특별시 서초구 명달로 90 (서초동),근린생활2,제2종근린생활시설,1023115493,지번
1165010200102580000,서울특별시 서초구 양재동,서울특별시 서초구 마방로6길 8-11 (양재동),근린생활2,제2종근린생활시설,102318866,지번
1165010200101180000,서울특별시 서초구 양재동,서울특별시 서초구 양재천로9길 7 (양재동),근린생활1,제1종근린생활시설,102318575,지번
1165010100126260001,서울특별시 서초구 방배동,서울특별시 서초구 방배선행길 8 (방배동),근린생활1,제1종근린생활시설,102317730,지번
1165010800116940014,서울특별시 서초구 서초동,서울특별시 서초구 서초대로51길 9 (서초동),근린생활2,업무시설,1000000000000001925758,지번
1165010100107820030,서울특별시 서초구 방배동,서울특별시 서초구 방배중앙로23길 42-11 (방배동),근린생활1,제1종근린생활시설,102312371,지번
1165010100107840005,서울특별시 서초구 방배동,서울특별시 서초구 방배중앙로23길 27 (방배동),근린생활2,제2종근린생활시설,102312393,지번
1165010700107330001,서울특별시 서초구 반포동,서울특별시 서초구 주흥6길 32 (반포동),근린생활2,제2종근린생활시설,1023113094,지번
1165010200103010005,서울특별시 서초구 양재동,서울특별시 서초구 동산로19길 41 (양재동),근린생활2,제2종근린생활시설,102319225,지번
1165010100105280015,서울특별시 서초구 방배동,서울특별시 서초구 청두곶6길 8 (방배동),근린생활2,제2종근린생활시설,102311597,지번
1165010200103510008,서울특별시 서초구 양재동,서울특별시 서초구 강남대로4길 7 (양재동),근린생활2,제2종근린생활시설,102319590,지번
1165010700107210002,서울특별시 서초구 반포동,서울특별시 서초구 강남대로89길 15 (반포동),근린생활2,제2종근린생활시설,1023112855,지번
1165010100116490000,서울특별시 서초구 방배동,서울특별시 서초구 동광로12가길 38 (방배동),근린생활2,제2종근린생활시설,102315709,지번
1165010800116140024,서울특별시 서초구 서초동,서울특별시 서초구 사임당로20길 62 (서초동),근린생활2,제2종근린생활시설,1023116298,지번
1165010800116190010,서울특별시 서초구 서초동,서울특별시 서초구 사임당로12길 41 (서초동),근린생활2,제2종근린생활시설,1023116381,지번
1165010800114600018,서울특별시 서초구 서초동,서울특별시 서초구 반포대로9길 14 (서초동),근린생활2,제2종근린생활시설,1023114983,지번
1165010600100140003,서울특별시 서초구 잠원동,서울특별시 서초구 강남대로101안길 17 (잠원동),근린생활2,제2종근린생활시설,1023111238,지번
1165010100108490012,서울특별시 서초구 방배동,서울특별시 서초구 방배로28길 50-3 (방배동),근린생활1,제1종근린생활시설,102313198,지번
1165010100104370014,서울특별시 서초구 방배동,서울특별시 서초구 방배천로18길 20 (방배동),근린생활2,제2종근린생활시설,10231996,지번
1165010100108510011,서울특별시 서초구 방배동,서울특별시 서초구 서초대로25길 37 (방배동),근린생활2,제2종근린생활시설,102313240,지번
1165010300107660000,서울특별시 서초구 우면동,서울특별시 서초구 양재대로2길 116-6 (우면동),근린생활1,제1종근린생활시설,10231100234334,지번
1165010700113410000,서울특별시 서초구 반포동,서울특별시 서초구 서초중앙로 220 (반포동),판매시설,공동주택,10231100271536,지번
1165010700113410000,서울특별시 서초구 반포동,서울특별시 서초구 서초중앙로 220 (반포동),판매시설,공동주택,10231100271646,지번
1165010700113410000,서울특별시 서초구 반포동,서울특별시 서초구 서초중앙로 220 (반포동),판매시설,공동주택,10231100271713,지번
1165010700113410000,서울특별시 서초구 반포동,서울특별시 서초구 서초중앙로 220 (반포동),판매시설,공동주택,10231100271813,지번
1165010700113410000,서울특별시 서초구 반포동,서울특별시 서초구 서초중앙로 220 (반포동),판매시설,공동주택,10231100271855,지번
1165010700113410000,서울특별시 서초구 반포동,서울특별시 서초구 서초중앙로 220 (반포동),판매시설,공동주택,10231100271974,지번
1165010700113410000,서울특별시 서초구 반포동,서울특별시 서초구 서초중앙로 220 (반포동),판매시설,공동주택,10231100272034,지번
1165010700113410000,서울특별시 서초구 반포동,서울특별시 서초구 서초중앙로 220 (반포동),판매시설,공동주택,10231100272108,지번
1165010700113410000,서울특별시 서초구 반포동,서울특별시 서초구 서초중앙로 220 (반포동),판매시설,공동주택,10231100272175,지번
1165010700113410000,서울특별시 서초구 반포동,서울특별시 서초구 서초중앙로 220 (반포동),판매시설,공동주택,10231100272263,지번
1165010700113410000,서울특별시 서초구 반포동,서울특별시 서초구 서초중앙로 220 (반포동),판매시설,공동주택,10231100272327,지번
1165010700113410000,서울특별시 서초구 반포동,서울특별시 서초구 서초중앙로 224 (반포동),판매시설,판매시설,1023112049,지번
1165010700107210017,서울특별시 서초구 반포동,서울특별시 서초구 사평대로55길 108-9 (반포동),근린생활2,제2종근린생활시설,1023112866,지번
1165010700107340034,서울특별시 서초구 반포동,서울특별시 서초구 강남대로83길 34 (반포동),근린생활1,제1종근린생활시설,1023113159,지번
1165010700107350010,서울특별시 서초구 반포동,서울특별시 서초구 강남대로85길 21-1 (반포동),근린생활2,제2종근린생활시설,1000000000000005193430,지번
1165010200102460001,서울특별시 서초구 양재동,서울특별시 서초구 언남5길 11 (양재동),근린생활2,제2종근린생활시설,102318766,지번
1165010800116260011,서울특별시 서초구 서초동,서울특별시 서초구 서초중앙로12길 35 (서초동),근린생활2,제2종근린생활시설,1023118036,지번
1165010400103720001,서울특별시 서초구 원지동,서울특별시 서초구 원터4길 5 (원지동),근린생활2,제1종근린생활시설,1000000000000000131823,지번
1165010100109400004,서울특별시 서초구 방배동,서울특별시 서초구 서초대로16길 9 (방배동),근린생활2,공동주택,10231100271236,지번
1165010100109400004,서울특별시 서초구 방배동,서울특별시 서초구 서초대로16길 9 (방배동),근린생활2,공동주택,10231100271265,지번
1165010800114670078,서울특별시 서초구 서초동,서울특별시 서초구 남부순환로315길 17 (서초동),근린생활2,제2종근린생활시설,1023115035,지번
1165010700107220034,서울특별시 서초구 반포동,서울특별시 서초구 사평대로57길 102 (반포동),근린생활2,제2종근린생활시설,1023112886,지번
1165010800116670014,서울특별시 서초구 서초동,서울특별시 서초구 사임당로17길 95 (서초동),근린생활,제1종근린생활시설,1023116871,지번
1165010700107220036,서울특별시 서초구 반포동,서울특별시 서초구 사평대로57길 96 (반포동),근린생활2,제2종근린생활시설,1023112888,지번
1165010700107220037,서울특별시 서초구 반포동,서울특별시 서초구 강남대로 521 (반포동),근린생활1,제1종근린생활시설,1023112889,지번
1165010700107230011,서울특별시 서초구 반포동,서울특별시 서초구 사평대로57길 86 (반포동),근린생활2,제2종근린생활시설,1023112895,지번
1165010700107230012,서울특별시 서초구 반포동,서울특별시 서초구 사평대로57길 88-4 (반포동),근린생활2,제2종근린생활시설,1023112896,지번
1165010700107230021,서울특별시 서초구 반포동,서울특별시 서초구 사평대로57길 76 (반포동),근린생활2,제2종근린생활시설,1023112903,지번
1165010600100370006,서울특별시 서초구 잠원동,서울특별시 서초구 강남대로 559 (잠원동),근린생활1,제1종근린생활시설,10231100234640,지번
1165010200102780007,서울특별시 서초구 양재동,서울특별시 서초구 언남17길 2 (양재동),근린생활2,제2종근린생활시설,102319067,지번
1165010100108280020,서울특별시 서초구 방배동,서울특별시 서초구 도구로 128-3 (방배동),근린생활1,제1종근린생활시설,102312959,지번
1165010100108640029,서울특별시 서초구 방배동,서울특별시 서초구 도구로 113 (방배동),근린생활2,제2종근린생활시설,102313487,지번
1165010200100190005,서울특별시 서초구 양재동,서울특별시 서초구 논현로31길 56 (양재동),근린생활2,제2종근린생활시설,102318209,지번
1165011100104580010,서울특별시 서초구 신원동,서울특별시 서초구 본마을길 37 (신원동),근린생활1,제1종근린생활시설,1023119158,지번
1165010200103730003,서울특별시 서초구 양재동,서울특별시 서초구 동산로10길 14 (양재동),근린생활2,공동주택,10231100278595,지번
1165010800114340007,서울특별시 서초구 서초동,서울특별시 서초구 남부순환로337가길 43-8 (서초동),근린생활2,제2종근린생활시설,1023114774,지번
1165010700107240004,서울특별시 서초구 반포동,서울특별시 서초구 사평대로57길 105 (반포동),근린생활2,제2종근린생활시설,1023112907,지번
1165010300100770014,서울특별시 서초구 우면동,서울특별시 서초구 바우뫼로7길 64-23 (우면동),근린생활1,제1종근린생활시설,1023110691,지번
1165010800114870052,서울특별시 서초구 서초동,서울특별시 서초구 남부순환로315길 85 (서초동),근린생활1,제1종근린생활시설,1023115211,지번
1165010200103980004,서울특별시 서초구 양재동,서울특별시 서초구 논현로5길 31-14 (양재동),근린생활2,제2종근린생활시설,102319832,지번
1165010200100110086,서울특별시 서초구 양재동,서울특별시 서초구 남부순환로356길 24 (양재동),근린생활2,제2종근린생활시설,102318095,지번
1165010200100930008,서울특별시 서초구 양재동,서울특별시 서초구 양재천로 113-4 (양재동),근린생활2,제2종근린생활시설,102318420,지번
1165010200100940009,서울특별시 서초구 양재동,서울특별시 서초구 양재천로 111 (양재동),근린생활2,제2종근린생활시설,102318436,지번
1165010200100950009,서울특별시 서초구 양재동,서울특별시 서초구 양재천로 107-2 (양재동),근린생활1,제1종근린생활시설,102318453,지번
1165010200102710015,서울특별시 서초구 양재동,서울특별시 서초구 마방로10길 54-24 (양재동),근린생활2,제2종근린생활시설,102319011,지번
1165010800114440014,서울특별시 서초구 서초동,서울특별시 서초구 효령로60길 23-4 (서초동),근린생활2,제2종근린생활시설,1023114866,지번
1165010800115710024,서울특별시 서초구 서초동,서울특별시 서초구 반포대로28길 71-9 (서초동),근린생활2,제2종근린생활시설,1023115894,지번
1165010800115910005,서울특별시 서초구 서초동,서울특별시 서초구 반포대로14길 29 (서초동),근린생활2,업무시설,10231100275875,지번
1165010900100011969,서울특별시 서초구 내곡동,서울특별시 서초구 샘마을2길 33 (내곡동),근린생활2,제2종근린생활시설,10231100256055,지번
1165010800116670006,서울특별시 서초구 서초동,서울특별시 서초구 서초대로56길 35 (서초동),근린생활2,제2종근린생활시설,1023116866,지번
1165010400102300000,서울특별시 서초구 원지동,서울특별시 서초구 새원길 41-5 (원지동),근린생활2,제2종근린생활시설,1023111010,지번
1165010100110200005,서울특별시 서초구 방배동,서울특별시 서초구 방배로6길 10-21 (방배동),근린생활2,제2종근린생활시설,102317631,지번
1165010100109120002,서울특별시 서초구 방배동,서울특별시 서초구 효령로 105 (방배동),근린생활2,제2종근린생활시설,10231100190170,지번
1165010200102720013,서울특별시 서초구 양재동,서울특별시 서초구 언남길 65 (양재동),근린생활2,제2종근린생활시설,102319021,지번
1165010200100060021,서울특별시 서초구 양재동,서울특별시 서초구 논현로31길 22 (양재동),근린생활2,제2종근린생활시설,102317874,지번
1165010700107240038,서울특별시 서초구 반포동,서울특별시 서초구 강남대로85길 16 (반포동),근린생활1,제1종근린생활시설,1023112928,지번
1165010800116040004,서울특별시 서초구 서초동,서울특별시 서초구 효령로61길 14-5 (서초동),근린생활1,제1종근린생활시설,1023116185,지번
1165010800114510024,서울특별시 서초구 서초동,서울특별시 서초구 효령로52길 13 (서초동),근린생활2,제2종근린생활시설,1023114903,지번
1165010100105370003,서울특별시 서초구 방배동,서울특별시 서초구 효령로 36 (방배동),근린생활2,제2종근린생활시설,102311742,지번
1165010100105370005,서울특별시 서초구 방배동,서울특별시 서초구 효령로 40 (방배동),근린생활2,제2종근린생활시설,102311743,지번
1165010200100200035,서울특별시 서초구 양재동,서울특별시 서초구 바우뫼로 175 (양재동),근린생활1,제1종근린생활시설,102318235,지번
1165010200100680007,서울특별시 서초구 양재동,서울특별시 서초구 바우뫼로33길 7-8 (양재동),근린생활2,제2종근린생활시설,102318277,지번
1165010800114830001,서울특별시 서초구 서초동,서울특별시 서초구 효령로46길 15 (서초동),근린생활2,제2종근린생활시설,1023115129,지번
1165010400102380031,서울특별시 서초구 원지동,서울특별시 서초구 새원길 32 (원지동),근린생활2,제2종근린생활시설,1023111024,지번
1165010100104390004,서울특별시 서초구 방배동,서울특별시 서초구 동작대로 64 (방배동),근린생활2,제2종근린생활시설,102311014,지번
1165010100104780012,서울특별시 서초구 방배동,서울특별시 서초구 남부순환로287길 19 (방배동),근린생활2,제2종근린생활시설,102311538,지번
1165010100107920012,서울특별시 서초구 방배동,서울특별시 서초구 동광로 45-3 (방배동),근린생활2,제2종근린생활시설,102316713,지번
1165010200100690005,서울특별시 서초구 양재동,서울특별시 서초구 바우뫼로33길 7-14 (양재동),근린생활2,제2종근린생활시설,102318279,지번
1165010200101080003,서울특별시 서초구 양재동,서울특별시 서초구 바우뫼로 152 (양재동),근린생활2,제2종근린생활시설,102318518,지번
1165010200100830006,서울특별시 서초구 양재동,서울특별시 서초구 양재천로31길 21 (양재동),근린생활2,제2종근린생활시설,102318335,지번
1165010200100940000,서울특별시 서초구 양재동,서울특별시 서초구 논현로27길 97 (양재동),근린생활2,제2종근린생활시설,102318428,지번
1165010100109570010,서울특별시 서초구 방배동,서울특별시 서초구 도구로 69 (방배동),근린생활1,제1종근린생활시설,102314957,지번
1165010100114310000,서울특별시 서초구 방배동,서울특별시 서초구 동광로12가길 15 (방배동),근린생활1,제1종근린생활시설,102315669,지번
1165010800114710007,서울특별시 서초구 서초동,서울특별시 서초구 남부순환로317길 33 (서초동),근린생활2,제2종근린생활시설,1023115049,지번
1165010100107930005,서울특별시 서초구 방배동,서울특별시 서초구 동광로 57-5 (방배동),근린생활2,제2종근린생활시설,102312514,지번
1165010800115670006,서울특별시 서초구 서초동,서울특별시 서초구 서초대로50길 62-5 (서초동),근린생활1,제1종근린생활시설,1023115834,지번
1165011000100800002,서울특별시 서초구 염곡동,서울특별시 서초구 염곡안1길 11-1 (염곡동),근린생활1,제1종근린생활시설,1023118726,지번
1165010200101130000,서울특별시 서초구 양재동,서울특별시 서초구 강남대로25길 49 (양재동),근린생활1,제2종근린생활시설,10231100269175,지번
1165010200101210014,서울특별시 서초구 양재동,서울특별시 서초구 양재천로13길 16 (양재동),근린생활2,제2종근린생활시설,102318602,지번
1165010200102040001,서울특별시 서초구 양재동,서울특별시 서초구 매헌로16길 8 (양재동),근린생활1,제1종근린생활시설,102318658,지번
1165010800114810002,서울특별시 서초구 서초동,서울특별시 서초구 효령로46길 14 (서초동),근린생활1,제1종근린생활시설,1023115113,지번
1165010100114630000,서울특별시 서초구 방배동,서울특별시 서초구 동광로12가길 16 (방배동),근린생활1,제1종근린생활시설,102315690,지번
1165010900101000019,서울특별시 서초구 내곡동,서울특별시 서초구 홍씨마을길 34 (내곡동),근린생활2,단독주택,10231100285835,지번
1165010100107690004,서울특별시 서초구 방배동,서울특별시 서초구 방배중앙로 180 (방배동),근린생활2,제2종근린생활시설,102312204,지번
1165010700107310027,서울특별시 서초구 반포동,서울특별시 서초구 주흥길 30-4 (반포동),근린생활1,제1종근린생활시설,1023113061,지번
1165010100109830014,서울특별시 서초구 방배동,서울특별시 서초구 방배로10길 10-20 (방배동),근린생활1,업무시설,10231100292675,지번
1165010700107310030,서울특별시 서초구 반포동,서울특별시 서초구 주흥길 24 (반포동),근린생활2,제2종근린생활시설,1000000000000006822367,지번
1165010100122670000,서울특별시 서초구 방배동,서울특별시 서초구 동광로 1 (방배동),근린생활2,제2종근린생활시설,102315764,지번
1165010100110190001,서울특별시 서초구 방배동,서울특별시 서초구 방배로4길 10-3 (방배동),근린생활1,제1종근린생활시설,102315614,지번
1165010800115440012,서울특별시 서초구 서초동,서울특별시 서초구 반포대로22길 7 (서초동),근린생활2,제2종근린생활시설,1023115617,지번
1165010100108500002,서울특별시 서초구 방배동,서울특별시 서초구 방배로28길 20 (방배동),근린생활2,제2종근린생활시설,102313212,지번
1165010100107510007,서울특별시 서초구 방배동,서울특별시 서초구 사평대로2길 16 (방배동),근린생활1,제1종근린생활시설,102312046,지번
1165010200102630008,서울특별시 서초구 양재동,서울특별시 서초구 마방로10길 12 (양재동),근린생활2,제2종근린생활시설,102318903,지번
1165010200102660006,서울특별시 서초구 양재동,서울특별시 서초구 언남11길 13 (양재동),근린생활2,공동주택,10231100267195,지번
1165010200102680001,서울특별시 서초구 양재동,서울특별시 서초구 언남11길 34-6 (양재동),근린생활1,제1종근린생활시설,102318965,지번
1165010100107880061,서울특별시 서초구 방배동,서울특별시 서초구 동광로 17 (방배동),근린생활2,제2종근린생활시설,102312424,지번
1165010200100110054,서울특별시 서초구 양재동,서울특별시 서초구 남부순환로350길 21 (양재동),근린생활2,제2종근린생활시설,102318071,지번
1165010200102630000,서울특별시 서초구 양재동,서울특별시 서초구 마방로 44-1 (양재동),근린생활1,제1종근린생활시설,102318897,지번
1165010800115700004,서울특별시 서초구 서초동,서울특별시 서초구 반포대로26길 63 (서초동),근린생활2,제2종근린생활시설,10231100298551,지번
1165010800114900004,서울특별시 서초구 서초동,서울특별시 서초구 효령로 175 (서초동),근린생활2,제2종근린생활시설,1023115270,지번
1165010200100020039,서울특별시 서초구 양재동,서울특별시 서초구 남부순환로 2650 (양재동),근린생활2,제2종근린생활시설,102317819,지번
1165010800115050010,서울특별시 서초구 서초동,서울특별시 서초구 반포대로23길 66 (서초동),근린생활2,제2종근린생활시설,1023115362,지번
1165010800114510008,서울특별시 서초구 서초동,서울특별시 서초구 반포대로8길 5-6 (서초동),근린생활,근린생활시설,1023117461,지번
1165010200102760002,서울특별시 서초구 양재동,서울특별시 서초구 논현로19길 15 (양재동),근린생활1,제1종근린생활시설,102319044,지번
1165011000101060019,서울특별시 서초구 염곡동,서울특별시 서초구 염곡말길 17-5 (염곡동),근린생활1,제1종근린생활시설,1023118773,지번
1165010200102650028,서울특별시 서초구 양재동,서울특별시 서초구 마방로6길 17 (양재동),근린생활2,제2종근린생활시설,102318942,지번
1165010100108100003,서울특별시 서초구 방배동,서울특별시 서초구 동광로 80 (방배동),근린생활2,제2종근린생활시설,102312641,지번
1165010100108100010,서울특별시 서초구 방배동,서울특별시 서초구 동광로 84 (방배동),근린생활2,제2종근린생활시설,102312646,지번
1165010800116050009,서울특별시 서초구 서초동,서울특별시 서초구 효령로 341 (서초동),근린생활2,제2종근린생활시설,1023116209,지번
1165010900101680003,서울특별시 서초구 내곡동,서울특별시 서초구 능안말1길 15-4 (내곡동),근린생활1,제1종근린생활시설,10231100184128,지번
1165010800114870061,서울특별시 서초구 서초동,서울특별시 서초구 남부순환로315길 77-3 (서초동),근린생활2,제2종근린생활시설,1023115217,지번
1165010800116190002,서울특별시 서초구 서초동,서울특별시 서초구 서초중앙로12길 48 (서초동),근린생활2,공동주택,10231100281736,지번
1165010100108370001,서울특별시 서초구 방배동,서울특별시 서초구 방배로 196 (방배동),근린생활1,제1종근린생활시설,102313137,지번
1165010100104540008,서울특별시 서초구 방배동,서울특별시 서초구 방배천로8길 16-1 (방배동),근린생활2,제2종근린생활시설,102311168,지번
1165010100108710013,서울특별시 서초구 방배동,서울특별시 서초구 서초대로 73 (방배동),근린생활1,제1종근린생활시설,102313612,지번
1165010100108580036,서울특별시 서초구 방배동,서울특별시 서초구 방배중앙로 95 (방배동),근린생활2,제2종근린생활시설,102313413,지번
1165010100108720013,서울특별시 서초구 방배동,서울특별시 서초구 서초대로23길 5 (방배동),근린생활1,제1종근린생활시설,102313624,지번
1165010100110230006,서울특별시 서초구 방배동,서울특별시 서초구 방배로 36 (방배동),근린생활2,제2종근린생활시설,102315645,지번
1165010800113640007,서울특별시 서초구 서초동,서울특별시 서초구 서운로 10 (서초동),근린생활2,제2종근린생활시설,1023114618,지번
1165010100107670019,서울특별시 서초구 방배동,서울특별시 서초구 동광로11길 69 (방배동),근린생활1,제1종근린생활시설,102312183,지번
1165010800116240003,서울특별시 서초구 서초동,서울특별시 서초구 사임당로8길 4 (서초동),근린생활2,제2종근린생활시설,1023116427,지번
1165010100104500003,서울특별시 서초구 방배동,서울특별시 서초구 방배천로4길 10 (방배동),근린생활1,제1종근린생활시설,102311082,지번
1165010100104500007,서울특별시 서초구 방배동,서울특별시 서초구 방배천로4길 20 (방배동),근린생활2,제2종근린생활시설,102311087,지번
1165010800114970020,서울특별시 서초구 서초동,서울특별시 서초구 명달로 101 (서초동),근린생활2,공동주택,10231100281776,지번
1165010800115490010,서울특별시 서초구 서초동,서울특별시 서초구 반포대로24길 15 (서초동),근린생활2,제2종근린생활시설,1023115659,지번
1165010800114280003,서울특별시 서초구 서초동,서울특별시 서초구 남부순환로337길 35 (서초동),근린생활1,제1종근린생활시설,1023114727,지번
1165010100108760024,서울특별시 서초구 방배동,서울특별시 서초구 서초대로 115 (방배동),근린생활2,제2종근린생활시설,102313670,지번
1165010100109150013,서울특별시 서초구 방배동,서울특별시 서초구 효령로 101 (방배동),근린생활1,제1종근린생활시설,10231100247754,지번
1165010600100180002,서울특별시 서초구 잠원동,서울특별시 서초구 나루터로 58 (잠원동),근린생활2,제2종근린생활시설,1023111262,지번
1165010800115050002,서울특별시 서초구 서초동,서울특별시 서초구 명달로 134 (서초동),근린생활2,제2종근린생활시설,10231100249274,지번
1165010100108780032,서울특별시 서초구 방배동,서울특별시 서초구 서초대로33길 33 (방배동),근린생활2,공동주택,10231100259534,지번
1165010100108790018,서울특별시 서초구 방배동,서울특별시 서초구 서초대로33길 21 (방배동),근린생활2,제2종근린생활시설,102313738,지번
1165010200102930000,서울특별시 서초구 양재동,서울특별시 서초구 동산로15길 23 (양재동),근린생활1,제1종근린생활시설,102319190,지번
1165010200102910022,서울특별시 서초구 양재동,서울특별시 서초구 동산로13길 6 (양재동),근린생활1,제1종근린생활시설,102319176,지번
1165010900100010149,서울특별시 서초구 내곡동,서울특별시 서초구 샘마을길 33-7 (내곡동),근린생활2,제2종근린생활시설,1023118269,지번
1165010800114630018,서울특별시 서초구 서초동,서울특별시 서초구 반포대로 7 (서초동),근린생활1,제1종근린생활시설,1023115001,지번
1165010100108540020,서울특별시 서초구 방배동,서울특별시 서초구 동광로18길 70 (방배동),근린생활2,제2종근린생활시설,10231100257495,지번
1165010100108540020,서울특별시 서초구 방배동,서울특별시 서초구 동광로18길 70 (방배동),근린생활2,공동주택,10231100257506,지번
1165010100108820014,서울특별시 서초구 방배동,서울특별시 서초구 서초대로 141 (방배동),근린생활2,제2종근린생활시설,10231100244274,지번
1165010100108150001,서울특별시 서초구 방배동,서울특별시 서초구 방배로33길 21 (방배동),근린생활1,제1종근린생활시설,102312715,지번
1165010200103060009,서울특별시 서초구 양재동,서울특별시 서초구 언남10길 15 (양재동),근린생활2,제2종근린생활시설,102319251,지번
1165010100108750020,서울특별시 서초구 방배동,서울특별시 서초구 서초대로25길 23 (방배동),근린생활2,제2종근린생활시설,10231100284155,지번
1165010800113020002,서울특별시 서초구 서초동,서울특별시 서초구 서운로 220 (서초동),근린생활1,제1종근린생활시설,1023114163,지번
1165010200103190001,서울특별시 서초구 양재동,서울특별시 서초구 강남대로16길 14-2 (양재동),근린생활2,제2종근린생활시설,102319316,지번
1165010800116940013,서울특별시 서초구 서초동,서울특별시 서초구 서초대로51길 11 (서초동),근린생활2,업무시설,10231100288439,지번
1165010800115880012,서울특별시 서초구 서초동,서울특별시 서초구 반포대로12길 49 (서초동),근린생활2,제2종근린생활시설,1023116031,지번
1165010800115860003,서울특별시 서초구 서초동,서울특별시 서초구 효령로 261 (서초동),근린생활2,제2종근린생활시설,1023116021,지번
1165010200102650017,서울특별시 서초구 양재동,서울특별시 서초구 언남길 59 (양재동),근린생활2,공동주택,10231100286015,지번
1165010100104500008,서울특별시 서초구 방배동,서울특별시 서초구 방배천로2안길 17 (방배동),근린생활2,제2종근린생활시설,102311088,지번
1165010200100840001,서울특별시 서초구 양재동,서울특별시 서초구 바우뫼로 216 (양재동),근린생활2,제2종근린생활시설,102318340,지번
1165010600100500005,서울특별시 서초구 잠원동,서울특별시 서초구 나루터로 37 (잠원동),근린생활2,제2종근린생활시설,1023111665,지번
1165010600100500005,서울특별시 서초구 잠원동,서울특별시 서초구 잠원로14길 41 (잠원동),근린생활2,공동주택,1023111831,지번
1165010600100500005,서울특별시 서초구 잠원동,서울특별시 서초구 잠원로14길 41 (잠원동),근린생활2,공동주택,1023111832,지번
1165010600100500005,서울특별시 서초구 잠원동,서울특별시 서초구 잠원로14길 41 (잠원동),근린생활2,공동주택,1023111833,지번
1165010300100720008,서울특별시 서초구 우면동,서울특별시 서초구 바우뫼로7길 64-11 (우면동),근린생활1,제1종근린생활시설,1023110676,지번
1165010800113480010,서울특별시 서초구 서초동,서울특별시 서초구 서운로11길 71 (서초동),근린생활2,제2종근린생활시설,1023114424,지번
1165010800113480010,서울특별시 서초구 서초동,서울특별시 서초구 서운로11길 73 (서초동),근린생활2,제2종근린생활시설,1023114429,지번
1165010800115450002,서울특별시 서초구 서초동,서울특별시 서초구 서초대로42길 82 (서초동),근린생활1,제1종근린생활시설,1023115619,지번
1165010100119420000,서울특별시 서초구 방배동,서울특별시 서초구 서초대로1길 38 (방배동),근린생활2,제2종근린생활시설,102315733,지번
1165010200103070005,서울특별시 서초구 양재동,서울특별시 서초구 동산로13길 34-5 (양재동),근린생활1,제1종근린생활시설,102319258,지번
1165010200103330003,서울특별시 서초구 양재동,서울특별시 서초구 동산로 24 (양재동),근린생활2,제2종근린생활시설,102319412,지번
1165010100114600001,서울특별시 서초구 방배동,서울특별시 서초구 동광로12가길 25 (방배동),근린생활2,제2종근린생활시설,102315688,지번
1165010300106040001,서울특별시 서초구 우면동,서울특별시 서초구 식유촌길 79 (우면동),근린생활1,제1종근린생활시설,1023110882,지번
1165010100104510021,서울특별시 서초구 방배동,서울특별시 서초구 방배천로2안길 39 (방배동),근린생활1,제1종근린생활시설,102311119,지번
1165010100104510020,서울특별시 서초구 방배동,서울특별시 서초구 방배천로2안길 41 (방배동),근린생활2,제2종근린생활시설,102311118,지번
1165010200103320012,서울특별시 서초구 양재동,서울특별시 서초구 동산로2길 13 (양재동),근린생활1,제1종근린생활시설,102319407,지번
1165010100104480001,서울특별시 서초구 방배동,서울특별시 서초구 방배천로4길 42 (방배동),근린생활2,제2종근린생활시설,102311052,지번
1165010800116390004,서울특별시 서초구 서초동,서울특별시 서초구 서초중앙로22길 85 (서초동),근린생활2,제2종근린생활시설,1023116585,지번
1165010100108100007,서울특별시 서초구 방배동,서울특별시 서초구 동광로 82-4 (방배동),근린생활1,제1종근린생활시설,102312643,지번
1165010100122530000,서울특별시 서초구 방배동,서울특별시 서초구 동작대로 160 (방배동),근린생활1,제1종근린생활시설,102315759,지번
1165010700107460014,서울특별시 서초구 반포동,서울특별시 서초구 사평대로 359 (반포동),근린생활1,제2종근린생활시설,1023113333,지번
1165010200100150008,서울특별시 서초구 양재동,서울특별시 서초구 바우뫼로37길 46 (양재동),근린생활1,제1종근린생활시설,102318136,지번
1165010100104510026,서울특별시 서초구 방배동,서울특별시 서초구 방배천로2안길 23 (방배동),근린생활2,제2종근린생활시설,102311124,지번
1165010100104510023,서울특별시 서초구 방배동,서울특별시 서초구 방배천로2안길 33 (방배동),근린생활2,제2종근린생활시설,102311121,지번
1165010100104510025,서울특별시 서초구 방배동,서울특별시 서초구 방배천로2안길 25 (방배동),근린생활2,제2종근린생활시설,102311123,지번
1165010100104510031,서울특별시 서초구 방배동,서울특별시 서초구 방배천로2안길 31 (방배동),근린생활2,제2종근린생활시설,102311126,지번
1165010600100220004,서울특별시 서초구 잠원동,서울특별시 서초구 강남대로97길 32 (잠원동),근린생활2,제2종근린생활시설,1023111291,지번
1165010700100920005,서울특별시 서초구 반포동,서울특별시 서초구 사평대로26길 24 (반포동),근린생활2,제2종근린생활시설,1023113604,지번
1165010800115760001,서울특별시 서초구 서초동,서울특별시 서초구 반포대로22길 100 (서초동),근린생활2,제2종근린생활시설,1023115933,지번
1165010100104480006,서울특별시 서초구 방배동,서울특별시 서초구 청두곶길 5 (방배동),근린생활2,제2종근린생활시설,102311057,지번
1165010300100100003,서울특별시 서초구 우면동,서울특별시 서초구 바우뫼로2길 51-7 (우면동),근린생활2,제2종근린생활시설,1023110579,지번
1165010200102440004,서울특별시 서초구 양재동,서울특별시 서초구 언남길 23 (양재동),근린생활2,제2종근린생활시설,1023110185,지번
1165010800116960013,서울특별시 서초구 서초동,서울특별시 서초구 서초대로55길 3 (서초동),근린생활2,제2종근린생활시설,1023116998,지번
1165010600100230018,서울특별시 서초구 잠원동,서울특별시 서초구 강남대로97길 48 (잠원동),근린생활2,제2종근린생활시설,1000000000000003785692,지번
1165010800115650022,서울특별시 서초구 서초동,서울특별시 서초구 반포대로24길 75 (서초동),근린생활2,제2종근린생활시설,1023115818,지번
1165010800116380008,서울특별시 서초구 서초동,서울특별시 서초구 서초중앙로22길 113 (서초동),근린생활1,제1종근린생활시설,1023116580,지번
1165010100114270000,서울특별시 서초구 방배동,서울특별시 서초구 동광로12가길 19 (방배동),근린생활1,제1종근린생활시설,102315666,지번
1165010100108820003,서울특별시 서초구 방배동,서울특별시 서초구 서초대로33길 4 (방배동),근린생활2,제2종근린생활시설,102313755,지번
1165010800113590019,서울특별시 서초구 서초동,서울특별시 서초구 서운로6길 21-7 (서초동),근린생활2,제2종근린생활시설,1023114540,지번
1165010100107670024,서울특별시 서초구 방배동,서울특별시 서초구 방배중앙로25길 24 (방배동),근린생활1,제1종근린생활시설,102312187,지번
1165010100108760021,서울특별시 서초구 방배동,서울특별시 서초구 서초대로 111 (방배동),근린생활2,제2종근린생활시설,10231100294850,지번
1165010100108060015,서울특별시 서초구 방배동,서울특별시 서초구 방배로32길 47-3 (방배동),근린생활2,제2종근린생활시설,102312610,지번
1165010400102540006,서울특별시 서초구 원지동,서울특별시 서초구 새원3길 13 (원지동),근린생활1,근린생활시설,1023111049,지번
1165010100107830016,서울특별시 서초구 방배동,서울특별시 서초구 동광로1길 5 (방배동),근린생활1,제1종근린생활시설,102312384,지번
1165010100108800008,서울특별시 서초구 방배동,서울특별시 서초구 서초대로33길 9 (방배동),근린생활2,제2종근린생활시설,102313747,지번
1165010100109540022,서울특별시 서초구 방배동,서울특별시 서초구 도구로 79 (방배동),근린생활2,제2종근린생활시설,102314905,지번
1165010300102310009,서울특별시 서초구 우면동,서울특별시 서초구 형촌3길 4 (우면동),근린생활1,제1종근린생활시설,1023110788,지번
1165010100104500010,서울특별시 서초구 방배동,서울특별시 서초구 방배천로 12-9 (방배동),근린생활2,제2종근린생활시설,102311090,지번
1165010100131600000,서울특별시 서초구 방배동,서울특별시 서초구 동작대로 114 (방배동),근린생활1,제1종근린생활시설,102315999,지번
1165010100104500012,서울특별시 서초구 방배동,서울특별시 서초구 방배천로 12-5 (방배동),근린생활1,제1종근린생활시설,102311091,지번
1165010100104500013,서울특별시 서초구 방배동,서울특별시 서초구 방배천로 12-3 (방배동),근린생활2,제2종근린생활시설,102311092,지번
1165010600100220012,서울특별시 서초구 잠원동,서울특별시 서초구 강남대로99길 25 (잠원동),근린생활2,제2종근린생활시설,1023111298,지번
1165010800116690006,서울특별시 서초구 서초동,서울특별시 서초구 서초중앙로22길 42 (서초동),근린생활2,제2종근린생활시설,1023116891,지번
1165010100104510036,서울특별시 서초구 방배동,서울특별시 서초구 방배천로4안길 20 (방배동),근린생활2,제2종근린생활시설,102311131,지번
1165010300102210003,서울특별시 서초구 우면동,서울특별시 서초구 형촌길 85 (우면동),근린생활1,제1종근린생활시설,1023110771,지번
1165010200100030009,서울특별시 서초구 양재동,서울특별시 서초구 논현로 155 (양재동),근린생활2,제2종근린생활시설,102317831,지번
1165010800116300005,서울특별시 서초구 서초동,서울특별시 서초구 사임당로 98 (서초동),근린생활2,근린생활시설,1023116553,지번
1165010100104480021,서울특별시 서초구 방배동,서울특별시 서초구 방배천로2길 31 (방배동),근린생활2,제2종근린생활시설,102311068,지번
1165010100104480020,서울특별시 서초구 방배동,서울특별시 서초구 방배천로2길 29-2 (방배동),근린생활2,제2종근린생활시설,102311067,지번
1165010100109250018,서울특별시 서초구 방배동,서울특별시 서초구 효령로31길 90 (방배동),근린생활2,제2종근린생활시설,102317252,지번
1165010100108310017,서울특별시 서초구 방배동,서울특별시 서초구 방배로27길 68 (방배동),근린생활1,제1종근린생활시설,102313032,지번
1165010800116910005,서울특별시 서초구 서초동,서울특별시 서초구 서초중앙로24길 22 (서초동),근린생활2,제2종근린생활시설,1023116961,지번
1165010200102910014,서울특별시 서초구 양재동,서울특별시 서초구 동산로 73-1 (양재동),근린생활2,제2종근린생활시설,102319168,지번
1165011000101020007,서울특별시 서초구 염곡동,서울특별시 서초구 염곡안길 12 (염곡동),근린생활1,제1종근린생활시설,1023118767,지번
1165010100107500009,서울특별시 서초구 방배동,서울특별시 서초구 동광로19길 138 (방배동),근린생활2,업무시설,10231100278155,지번
1165010100107780020,서울특별시 서초구 방배동,서울특별시 서초구 방배중앙로 157 (방배동),근린생활1,제1종근린생활시설,102312261,지번
1165010100107780020,서울특별시 서초구 방배동,서울특별시 서초구 방배중앙로 157 (방배동),근린생활1,제2종근린생활시설,102312262,지번
1165010100108280011,서울특별시 서초구 방배동,서울특별시 서초구 도구로 132 (방배동),근린생활2,제2종근린생활시설,102312951,지번
1165010600100230008,서울특별시 서초구 잠원동,서울특별시 서초구 나루터로12길 18 (잠원동),근린생활2,제2종근린생활시설,1023111312,지번
1165010100104520004,서울특별시 서초구 방배동,서울특별시 서초구 방배천로 22 (방배동),근린생활2,제2종근린생활시설,102311133,지번
1165010100110020019,서울특별시 서초구 방배동,서울특별시 서초구 명달로 23-1 (방배동),근린생활2,제2종근린생활시설,102315606,지번
1165010200100140003,서울특별시 서초구 양재동,서울특별시 서초구 강남대로 204 (양재동),근린생활2,제2종근린생활시설,102318116,지번
1165010200100140011,서울특별시 서초구 양재동,서울특별시 서초구 강남대로 198 (양재동),근린생활2,제2종근린생활시설,102318123,지번
1165010100104480022,서울특별시 서초구 방배동,서울특별시 서초구 방배천로2길 39 (방배동),근린생활2,제2종근린생활시설,102311069,지번
1165010100104490004,서울특별시 서초구 방배동,서울특별시 서초구 방배천로2길 27 (방배동),근린생활2,제2종근린생활시설,102311073,지번
1165010100104490005,서울특별시 서초구 방배동,서울특별시 서초구 방배천로2길 25 (방배동),근린생활2,제2종근린생활시설,102311074,지번
1165010200102650000,서울특별시 서초구 양재동,서울특별시 서초구 언남11길 7-41 (양재동),근린생활2,제2종근린생활시설,102318921,지번
1165010100104500016,서울특별시 서초구 방배동,서울특별시 서초구 방배천로 10 (방배동),근린생활2,제2종근린생활시설,102311095,지번
1165010200100150003,서울특별시 서초구 양재동,서울특별시 서초구 강남대로 188 (양재동),근린생활2,제2종근린생활시설,102318131,지번
1165010800113640060,서울특별시 서초구 서초동,서울특별시 서초구 강남대로37길 56-6 (서초동),근린생활2,제2종근린생활시설,1023114652,지번
1165010100104500023,서울특별시 서초구 방배동,서울특별시 서초구 방배천로2안길 15 (방배동),근린생활1,제1종근린생활시설,102311097,지번
1165010100104520006,서울특별시 서초구 방배동,서울특별시 서초구 방배천로4길 1 (방배동),근린생활2,제2종근린생활시설,102311134,지번
1165010100104520009,서울특별시 서초구 방배동,서울특별시 서초구 방배천로4길 3 (방배동),근린생활2,제2종근린생활시설,102311135,지번
1165010200100970003,서울특별시 서초구 양재동,서울특별시 서초구 양재천로 103-7 (양재동),근린생활2,제2종근린생활시설,102318479,지번
1165010200100830003,서울특별시 서초구 양재동,서울특별시 서초구 바우뫼로 208 (양재동),근린생활2,제2종근린생활시설,102318332,지번
1165010200100890009,서울특별시 서초구 양재동,서울특별시 서초구 양재천로 135-10 (양재동),근린생활1,제1종근린생활시설,102318392,지번
1165010100104500002,서울특별시 서초구 방배동,서울특별시 서초구 방배천로4길 8 (방배동),근린생활1,제1종근린생활시설,102311081,지번
1165010100104490008,서울특별시 서초구 방배동,서울특별시 서초구 방배천로4길 26 (방배동),근린생활2,제2종근린생활시설,102311076,지번
1165010200103500008,서울특별시 서초구 양재동,서울특별시 서초구 강남대로6길 11 (양재동),근린생활2,제2종근린생활시설,102319582,지번
1165010100107510005,서울특별시 서초구 방배동,서울특별시 서초구 사평대로2길 22 (방배동),근린생활1,제1종근린생활시설,102312044,지번
1165010100104500024,서울특별시 서초구 방배동,서울특별시 서초구 방배천로 12-4 (방배동),근린생활2,제2종근린생활시설,102311098,지번
1165010100104500025,서울특별시 서초구 방배동,서울특별시 서초구 방배천로2길 5 (방배동),근린생활2,제2종근린생활시설,10231100282075,지번
1165010600100250038,서울특별시 서초구 잠원동,서울특별시 서초구 강남대로95길 48-4 (잠원동),근린생활2,제2종근린생활시설,1023111368,지번
1165010200103000000,서울특별시 서초구 양재동,서울특별시 서초구 동산로19길 35-1 (양재동),근린생활2,제2종근린생활시설,102319208,지번
1165010600100300007,서울특별시 서초구 잠원동,서울특별시 서초구 신반포로47길 57 (잠원동),근린생활2,제2종근린생활시설,1023111425,지번
1165010600100340020,서울특별시 서초구 잠원동,서울특별시 서초구 신반포로45길 55 (잠원동),근린생활2,제2종근린생활시설,1023111457,지번
1165010600100360026,서울특별시 서초구 잠원동,서울특별시 서초구 신반포로47길 42 (잠원동),근린생활2,제2종근린생활시설,1023111512,지번
1165010100104530002,서울특별시 서초구 방배동,서울특별시 서초구 방배천로8길 6-2 (방배동),근린생활1,제1종근린생활시설,102311137,지번
1165010900100950000,서울특별시 서초구 내곡동,서울특별시 서초구 홍씨마을길 26 (내곡동),근린생활1,단독주택,1000000000000004329636,지번
1165010100104560046,서울특별시 서초구 방배동,서울특별시 서초구 방배천로14길 16 (방배동),근린생활1,제1종근린생활시설,102311225,지번
1165010200102570006,서울특별시 서초구 양재동,서울특별시 서초구 마방로6길 32-4 (양재동),근린생활1,제1종근린생활시설,102318861,지번
1165010900100010443,서울특별시 서초구 내곡동,서울특별시 서초구 신흥안길 40-55 (내곡동),근린생활2,제2종근린생활시설,1023118299,지번
1165010100108980007,서울특별시 서초구 방배동,서울특별시 서초구 서초대로26길 24 (방배동),근린생활1,제1종근린생활시설,102313889,지번
1165010800116220019,서울특별시 서초구 서초동,서울특별시 서초구 서초중앙로8길 13 (서초동),근린생활2,제2종근린생활시설,1023116416,지번
1165010800103910000,서울특별시 서초구 서초동,서울특별시 서초구 남부순환로340길 58 (서초동),근린생활1,교육연구시설,1000000000000003812192,지번
1165010800103910000,서울특별시 서초구 서초동,서울특별시 서초구 남부순환로340길 58 (서초동),근린생활1,교육연구시설,1000000000000003812323,지번
1165010800103910000,서울특별시 서초구 서초동,서울특별시 서초구 남부순환로340길 58 (서초동),근린생활1,교육연구시설,10231100205032,지번
1165010800103910000,서울특별시 서초구 서초동,서울특별시 서초구 남부순환로340길 58 (서초동),근린생활1,업무시설,1023114136,지번
1165010800103910000,서울특별시 서초구 서초동,서울특별시 서초구 남부순환로340길 29 (서초동),근린생활1,업무시설,1023114137,지번
1165010800103910000,서울특별시 서초구 서초동,서울특별시 서초구 남부순환로340길 29 (서초동),근린생활1,노유자시설,1023114138,지번
1165010800103910000,서울특별시 서초구 서초동,서울특별시 서초구 남부순환로340길 58 (서초동),근린생활1,제1종근린생활시설,1023114139,지번
1165010800103910000,서울특별시 서초구 서초동,서울특별시 서초구 남부순환로340길 57 (서초동),근린생활1,업무시설,1023114140,지번
1165010800103910000,서울특별시 서초구 서초동,서울특별시 서초구 남부순환로340길 29 (서초동),근린생활1,제1종근린생활시설,1023114141,지번
1165010800103910000,서울특별시 서초구 서초동,서울특별시 서초구 남부순환로340길 49 (서초동),근린생활1,업무시설,1023114143,지번
1165010800103910000,서울특별시 서초구 서초동,서울특별시 서초구 남부순환로340길 29 (서초동),근린생활1,교육연구시설,1023118250,지번
1165010800113170011,서울특별시 서초구 서초동,서울특별시 서초구 서초대로77길 9 (서초동),근린생활2,제2종근린생활시설,1023117219,지번
1165010100108750021,서울특별시 서초구 방배동,서울특별시 서초구 서초대로25길 27 (방배동),근린생활2,제2종근린생활시설,102313657,지번
1165010600100370008,서울특별시 서초구 잠원동,서울특별시 서초구 신반포로49길 12 (잠원동),근린생활2,제2종근린생활시설,1023111522,지번
1165010600100380014,서울특별시 서초구 잠원동,서울특별시 서초구 신반포로47길 18-10 (잠원동),근린생활2,제2종근린생활시설,1023111535,지번
1165010100104630018,서울특별시 서초구 방배동,서울특별시 서초구 방배천로2안길 82 (방배동),근린생활2,제2종근린생활시설,10231100184384,지번
1165010100104510001,서울특별시 서초구 방배동,서울특별시 서초구 방배천로4안길 26 (방배동),근린생활2,제2종근린생활시설,102311102,지번
1165010100104510007,서울특별시 서초구 방배동,서울특별시 서초구 방배천로4안길 6 (방배동),근린생활2,제2종근린생활시설,102311107,지번
1165010100104510005,서울특별시 서초구 방배동,서울특별시 서초구 방배천로4안길 12 (방배동),근린생활1,제1종근린생활시설,102311105,지번
1165010800115100001,서울특별시 서초구 서초동,서울특별시 서초구 반포대로21길 17 (서초동),근린생활2,제2종근린생활시설,1023115464,지번
1165010100108720008,서울특별시 서초구 방배동,서울특별시 서초구 서초대로 93 (방배동),근린생활1,제1종근린생활시설,102313620,지번
1165010600100410005,서울특별시 서초구 잠원동,서울특별시 서초구 신반포로 319 (잠원동),근린생활2,제2종근린생활시설,1023111568,지번
1165010100104790005,서울특별시 서초구 방배동,서울특별시 서초구 남부순환로 2141 (방배동),근린생활1,제1종근린생활시설,102311546,지번
1165010100104790005,서울특별시 서초구 방배동,서울특별시 서초구 남부순환로 2137 (방배동),근린생활1,의료시설,102311547,지번
1165010100107680009,서울특별시 서초구 방배동,서울특별시 서초구 방배중앙로 177 (방배동),근린생활2,제2종근린생활시설,102312196,지번
1165010100107630003,서울특별시 서초구 방배동,서울특별시 서초구 동광로1길 100 (방배동),근린생활1,제1종근린생활시설,102312093,지번
1165010200102680005,서울특별시 서초구 양재동,서울특별시 서초구 마방로10길 34-12 (양재동),근린생활1,제1종근린생활시설,102318969,지번
1165010100104510008,서울특별시 서초구 방배동,서울특별시 서초구 방배천로4길 9 (방배동),근린생활2,제2종근린생활시설,102311108,지번
1165010100104510009,서울특별시 서초구 방배동,서울특별시 서초구 방배천로4길 15-3 (방배동),근린생활2,제2종근린생활시설,102311109,지번
1165010100104510010,서울특별시 서초구 방배동,서울특별시 서초구 방배천로4길 11 (방배동),근린생활1,제1종근린생활시설,102311110,지번
1165010200100910009,서울특별시 서초구 양재동,서울특별시 서초구 양재천로23길 12 (양재동),근린생활2,제2종근린생활시설,102318405,지번
1165010400104190022,서울특별시 서초구 원지동,서울특별시 서초구 원터6길 6 (원지동),근린생활2,제2종근린생활시설,1023111112,지번
1165010100107620014,서울특별시 서초구 방배동,서울특별시 서초구 방배중앙로27길 12 (방배동),근린생활2,제2종근린생활시설,1000000000000004016638,지번
1165010200102730009,서울특별시 서초구 양재동,서울특별시 서초구 마방로6길 7-65 (양재동),근린생활2,제2종근린생활시설,102319030,지번
1165010200102840003,서울특별시 서초구 양재동,서울특별시 서초구 동산로19길 40-12 (양재동),근린생활1,제1종근린생활시설,102319113,지번
1165010800116250004,서울특별시 서초구 서초동,서울특별시 서초구 사임당로10길 10 (서초동),근린생활2,제2종근린생활시설,1023116437,지번
1165010200102570003,서울특별시 서초구 양재동,서울특별시 서초구 마방로6길 22 (양재동),근린생활2,제2종근린생활시설,102318858,지번
1165010800116790005,서울특별시 서초구 서초동,서울특별시 서초구 서초대로64길 9 (서초동),근린생활1,업무시설,1023116939,지번
1165010800116790005,서울특별시 서초구 서초동,서울특별시 서초구 서초대로64길 9 (서초동),근린생활1,제1종근린생활시설,1023116940,지번
1165010100104680002,서울특별시 서초구 방배동,서울특별시 서초구 청두곶3길 19 (방배동),근린생활2,제2종근린생활시설,102311428,지번
1165010600100380026,서울특별시 서초구 잠원동,서울특별시 서초구 신반포로 333 (잠원동),근린생활1,제1종근린생활시설,1023111546,지번
1165010600100460007,서울특별시 서초구 잠원동,서울특별시 서초구 신반포로 307 (잠원동),근린생활1,제1종근린생활시설,1023111639,지번
1165010100104540001,서울특별시 서초구 방배동,서울특별시 서초구 방배천로4안길 52 (방배동),근린생활1,제1종근린생활시설,102311164,지번
1165010100108270014,서울특별시 서초구 방배동,서울특별시 서초구 동광로12길 42 (방배동),근린생활1,제1종근린생활시설,102312938,지번
1165010600100360001,서울특별시 서초구 잠원동,서울특별시 서초구 신반포로47길 56 (잠원동),근린생활2,제2종근린생활시설,10231100276015,지번
1165010100107690024,서울특별시 서초구 방배동,서울특별시 서초구 방배중앙로 168 (방배동),근린생활2,제2종근린생활시설,102312220,지번
1165010200102760000,서울특별시 서초구 양재동,서울특별시 서초구 마방로10길 33 (양재동),근린생활1,제1종근린생활시설,102319042,지번
1165010800115790005,서울특별시 서초구 서초동,서울특별시 서초구 사임당로 31 (서초동),근린생활2,제2종근린생활시설,1023115964,지번
1165010200100870009,서울특별시 서초구 양재동,서울특별시 서초구 양재천로 143-12 (양재동),근린생활2,제2종근린생활시설,102318373,지번
1165010800116390002,서울특별시 서초구 서초동,서울특별시 서초구 서초대로60길 13 (서초동),근린생활2,제2종근린생활시설,1023116583,지번
1165010800116390015,서울특별시 서초구 서초동,서울특별시 서초구 서초중앙로22길 97 (서초동),근린생활2,제2종근린생활시설,1023116594,지번
1165010200102650013,서울특별시 서초구 양재동,서울특별시 서초구 언남11길 5 (양재동),근린생활1,공동주택,1000000000000003255819,지번
1165010800113590016,서울특별시 서초구 서초동,서울특별시 서초구 서운로6길 21-4 (서초동),근린생활2,제2종근린생활시설,1023114537,지번
1165010100104540002,서울특별시 서초구 방배동,서울특별시 서초구 방배천로4안길 48 (방배동),근린생활1,제1종근린생활시설,102311165,지번
1165010800114600016,서울특별시 서초구 서초동,서울특별시 서초구 반포대로9길 18 (서초동),근린생활1,제1종근린생활시설,1023114981,지번
1165010100107610008,서울특별시 서초구 방배동,서울특별시 서초구 방배중앙로27길 2 (방배동),근린생활2,제2종근린생활시설,102312069,지번
1165010600100120003,서울특별시 서초구 잠원동,서울특별시 서초구 강남대로105길 7 (잠원동),근린생활1,제1종근린생활시설,1023111211,지번
1165010800116680017,서울특별시 서초구 서초동,서울특별시 서초구 사임당로17길 99 (서초동),근린생활2,제2종근린생활시설,1023116884,지번
1165010200103460008,서울특별시 서초구 양재동,서울특별시 서초구 동산로2길 41 (양재동),근린생활2,제2종근린생활시설,102319560,지번
1165010200103620005,서울특별시 서초구 양재동,서울특별시 서초구 강남대로2길 70 (양재동),근린생활1,제1종근린생활시설,102319665,지번
1165010200103740004,서울특별시 서초구 양재동,서울특별시 서초구 동산로10길 40 (양재동),근린생활2,제2종근린생활시설,102319723,지번
1165010200103760002,서울특별시 서초구 양재동,서울특별시 서초구 동산로12길 4 (양재동),근린생활2,제2종근린생활시설,102319730,지번
1165011100101950018,서울특별시 서초구 신원동,서울특별시 서초구 청룡마을1길 3 (신원동),근린생활2,제2종근린생활시설,1023119025,지번
1165010100108770007,서울특별시 서초구 방배동,서울특별시 서초구 서초대로27길 10-3 (방배동),근린생활1,제1종근린생활시설,102313689,지번
1165010100104380017,서울특별시 서초구 방배동,서울특별시 서초구 동작대로 74 (방배동),근린생활1,제1종근린생활시설,102311010,지번
1165010800114320003,서울특별시 서초구 서초동,서울특별시 서초구 남부순환로337가길 3-3 (서초동),근린생활2,제2종근린생활시설,1000000000000002772532,지번
1165010800114540003,서울특별시 서초구 서초동,서울특별시 서초구 남부순환로323길 38-17 (서초동),근린생활2,제2종근린생활시설,1023114953,지번
1165010800117140014,서울특별시 서초구 서초동,서울특별시 서초구 법원로2길 17-4 (서초동),근린생활2,제2종근린생활시설,1023117095,지번
1165010100107880059,서울특별시 서초구 방배동,서울특별시 서초구 동광로 19 (방배동),근린생활2,제2종근린생활시설,102312422,지번
1165010100108510002,서울특별시 서초구 방배동,서울특별시 서초구 방배로28길 6 (방배동),근린생활2,제2종근린생활시설,1000000000000004713726,지번
1165010700101010005,서울특별시 서초구 반포동,서울특별시 서초구 동광로33길 10-6 (반포동),근린생활2,제2종근린생활시설,1023112300,지번
1165010800116700009,서울특별시 서초구 서초동,서울특별시 서초구 서초중앙로22길 45 (서초동),근린생활2,제2종근린생활시설,1023116904,지번
1165010800116570010,서울특별시 서초구 서초동,서울특별시 서초구 서초중앙로22길 8 (서초동),근린생활1,제1종근린생활시설,1023116773,지번
1165010800116580022,서울특별시 서초구 서초동,서울특별시 서초구 서초중앙로20길 27 (서초동),근린생활1,제1종근린생활시설,1023116794,지번
1165010800115360001,서울특별시 서초구 서초동,서울특별시 서초구 효령로49길 52 (서초동),근린생활1,업무시설,10231100207392,지번
1165010800116750008,서울특별시 서초구 서초동,서울특별시 서초구 서초중앙로22길 63 (서초동),근린생활2,제2종근린생활시설,1023116926,지번
1165010600100190008,서울특별시 서초구 잠원동,서울특별시 서초구 나루터로 78 (잠원동),근린생활,제1종근린생활시설,10231100291715,지번
1165010800114870119,서울특별시 서초구 서초동,서울특별시 서초구 명달로 40 (서초동),근린생활2,제2종근린생활시설,1023115239,지번
1165010200100100001,서울특별시 서초구 양재동,서울특별시 서초구 강남대로34길 38 (양재동),근린생활1,제1종근린생활시설,102317995,지번
1165010200100100020,서울특별시 서초구 양재동,서울특별시 서초구 남부순환로356길 38-3 (양재동),근린생활1,제1종근린생활시설,102318010,지번
1165010100109920015,서울특별시 서초구 방배동,서울특별시 서초구 남부순환로309길 60 (방배동),근린생활2,제2종근린생활시설,102315551,지번
1165010200103330010,서울특별시 서초구 양재동,서울특별시 서초구 강남대로10길 75 (양재동),근린생활2,공동주택,10231100293090,지번
1165010200103270009,서울특별시 서초구 양재동,서울특별시 서초구 강남대로10길 33 (양재동),근린생활2,제2종근린생활시설,102319362,지번
1165010200102870007,서울특별시 서초구 양재동,서울특별시 서초구 논현로11길 16-8 (양재동),근린생활2,제2종근린생활시설,102319130,지번
1165010300100350014,서울특별시 서초구 우면동,서울특별시 서초구 바우뫼로9길 32-8 (우면동),근린생활2,노유자시설,10231100288175,지번
1165010700101060001,서울특별시 서초구 반포동,서울특별시 서초구 사평대로 116 (반포동),근린생활1,제1종근린생활시설,1023112319,지번
1165011100104980032,서울특별시 서초구 신원동,서울특별시 서초구 청계산로 99 (신원동),근린생활1,제2종근린생활시설,1023119216,지번
1165011100104980032,서울특별시 서초구 신원동,서울특별시 서초구 청계산로 99 (신원동),근린생활1,제1종근린생활시설,1023119217,지번
1165010200100200022,서울특별시 서초구 양재동,서울특별시 서초구 바우뫼로35길 17 (양재동),근린생활1,제1종근린생활시설,102318225,지번
1165010400104190000,서울특별시 서초구 원지동,서울특별시 서초구 원터6길 3 (원지동),근린생활2,제2종근린생활시설,1023111105,지번
1165010200102790005,서울특별시 서초구 양재동,서울특별시 서초구 언남17길 5 (양재동),근린생활2,제2종근린생활시설,102319078,지번
1165010200100930000,서울특별시 서초구 양재동,서울특별시 서초구 논현로27길 89 (양재동),근린생활2,제2종근린생활시설,102318416,지번
1165010200102050000,서울특별시 서초구 양재동,서울특별시 서초구 매헌로16길 20 (양재동),근린생활2,제2종근린생활시설,102318671,지번
1165010200102660000,서울특별시 서초구 양재동,서울특별시 서초구 언남11길 33 (양재동),근린생활2,제2종근린생활시설,102318945,지번
1165010800116980008,서울특별시 서초구 서초동,서울특별시 서초구 서초대로51길 24 (서초동),근린생활1,제1종근린생활시설,1023117027,지번
1165010800117090011,서울특별시 서초구 서초동,서울특별시 서초구 법원로1길 22 (서초동),근린생활2,제2종근린생활시설,1023117080,지번
1165010800114740005,서울특별시 서초구 서초동,서울특별시 서초구 반포대로5길 5 (서초동),근린생활2,제2종근린생활시설,1023115066,지번
1165010800113580001,서울특별시 서초구 서초동,서울특별시 서초구 강남대로43길 23 (서초동),근린생활1,제1종근린생활시설,1023114514,지번
1165010800115310007,서울특별시 서초구 서초동,서울특별시 서초구 반포대로13길 18 (서초동),근린생활2,제2종근린생활시설,1023115547,지번
1165010100107830021,서울특별시 서초구 방배동,서울특별시 서초구 방배중앙로21길 60-6 (방배동),근린생활1,제1종근린생활시설,102312388,지번
1165010200101190000,서울특별시 서초구 양재동,서울특별시 서초구 강남대로23길 61 (양재동),근린생활1,제1종근린생활시설,102318577,지번
1165010100104740019,서울특별시 서초구 방배동,서울특별시 서초구 청두곶길 6-1 (방배동),근린생활1,제1종근린생활시설,102311479,지번
1165010100104740013,서울특별시 서초구 방배동,서울특별시 서초구 효령로 15 (방배동),근린생활1,제1종근린생활시설,102311474,지번
1165010200103400001,서울특별시 서초구 양재동,서울특별시 서초구 강남대로8길 44 (양재동),근린생활2,제2종근린생활시설,102319493,지번
1165010700101140003,서울특별시 서초구 반포동,서울특별시 서초구 사평대로 55 (반포동),근린생활1,제1종근린생활시설,10231100195129,지번
1165010700101140003,서울특별시 서초구 반포동,서울특별시 서초구 사평대로 55 (반포동),근린생활1,운동시설,1023112393,지번
1165010800114440012,서울특별시 서초구 서초동,서울특별시 서초구 효령로60길 21 (서초동),근린생활2,제2종근린생활시설,1023114865,지번
1165010100107860008,서울특별시 서초구 방배동,서울특별시 서초구 방배중앙로21길 18 (방배동),근린생활1,제1종근린생활시설,102312414,지번
1165010800114380018,서울특별시 서초구 서초동,서울특별시 서초구 효령로 362 (서초동),근린생활1,제1종근린생활시설,1023114799,지번
1165010800115760002,서울특별시 서초구 서초동,서울특별시 서초구 반포대로22길 104 (서초동),근린생활1,제1종근린생활시설,10231100281942,지번
1165010100104530022,서울특별시 서초구 방배동,서울특별시 서초구 방배천로6길 3-10 (방배동),근린생활2,제2종근린생활시설,102311151,지번
1165010200102530007,서울특별시 서초구 양재동,서울특별시 서초구 마방로4길 15-68 (양재동),근린생활1,제1종근린생활시설,102318822,지번
1165010100104780005,서울특별시 서초구 방배동,서울특별시 서초구 효령로2길 5 (방배동),근린생활2,제2종근린생활시설,102311535,지번
1165010800113430001,서울특별시 서초구 서초동,서울특별시 서초구 효령로 384 (서초동),근린생활2,제2종근린생활시설,1023114393,지번
1165010800116400027,서울특별시 서초구 서초동,서울특별시 서초구 서초대로62길 30 (서초동),근린생활2,제2종근린생활시설,1023116612,지번
1165010600100380022,서울특별시 서초구 잠원동,서울특별시 서초구 신반포로49길 5 (잠원동),근린생활2,제2종근린생활시설,1023111543,지번
1165010200102490001,서울특별시 서초구 양재동,서울특별시 서초구 마방로 6 (양재동),근린생활2,제2종근린생활시설,102318785,지번
1165010100108750001,서울특별시 서초구 방배동,서울특별시 서초구 방배로 170 (방배동),근린생활2,제2종근린생활시설,102313652,지번
1165010100104650005,서울특별시 서초구 방배동,서울특별시 서초구 방배천로6길 27 (방배동),근린생활2,제2종근린생활시설,102311381,지번
1165010100108630001,서울특별시 서초구 방배동,서울특별시 서초구 방배천로 138 (방배동),근린생활1,제2종근린생활시설,1000000000000004224535,지번
1165010100107680014,서울특별시 서초구 방배동,서울특별시 서초구 동광로11길 72 (방배동),근린생활1,제1종근린생활시설,102312199,지번
1165010600100290023,서울특별시 서초구 잠원동,서울특별시 서초구 강남대로93길 28 (잠원동),근린생활2,제2종근린생활시설,1023111414,지번
1165010200102100000,서울특별시 서초구 양재동,서울특별시 서초구 매헌로 40 (양재동),근린생활2,제2종근린생활시설,102318695,지번
1165010800115350001,서울특별시 서초구 서초동,서울특별시 서초구 효령로49길 38 (서초동),근린생활2,제2종근린생활시설,1023115559,지번
1165010800115430003,서울특별시 서초구 서초동,서울특별시 서초구 서초대로42길 44 (서초동),근린생활2,제2종근린생활시설,1023115602,지번
1165010200101150003,서울특별시 서초구 양재동,서울특별시 서초구 양재천로9길 19 (양재동),근린생활1,제1종근린생활시설,102318560,지번
1165010100108700001,서울특별시 서초구 방배동,서울특별시 서초구 방배로25길 57 (방배동),근린생활2,제2종근린생활시설,102313569,지번
1165010200102090004,서울특별시 서초구 양재동,서울특별시 서초구 매헌로8길 7 (양재동),근린생활2,제2종근린생활시설,102318693,지번
1165010800114290003,서울특별시 서초구 서초동,서울특별시 서초구 남부순환로333길 22 (서초동),근린생활2,제2종근린생활시설,1023114736,지번
1165010800115480009,서울특별시 서초구 서초동,서울특별시 서초구 반포대로24길 20 (서초동),근린생활1,제1종근린생활시설,1023115650,지번
1165010200100110085,서울특별시 서초구 양재동,서울특별시 서초구 남부순환로356길 22 (양재동),근린생활1,제1종근린생활시설,102318094,지번
1165010300100130010,서울특별시 서초구 우면동,서울특별시 서초구 바우뫼로6길 66 (우면동),근린생활2,제2종근린생활시설,1023110588,지번
1165010100115450000,서울특별시 서초구 방배동,서울특별시 서초구 서초대로1길 11 (방배동),근린생활2,제1종근린생활시설,10231100297150,지번
1165010100108300009,서울특별시 서초구 방배동,서울특별시 서초구 방배중앙로 111 (방배동),근린생활1,제1종근린생활시설,102313008,지번
1165010800116280011,서울특별시 서초구 서초동,서울특별시 서초구 사임당로 78 (서초동),근린생활2,제2종근린생활시설,1023116463,지번
1165010200102630016,서울특별시 서초구 양재동,서울특별시 서초구 마방로 44-5 (양재동),근린생활2,제2종근린생활시설,102318909,지번
1165010800115580020,서울특별시 서초구 서초동,서울특별시 서초구 반포대로22길 53 (서초동),근린생활2,제2종근린생활시설,1023115759,지번
1165010800115620001,서울특별시 서초구 서초동,서울특별시 서초구 서초대로46길 80 (서초동),근린생활2,제2종근린생활시설,1023115782,지번
1165010200101170004,서울특별시 서초구 양재동,서울특별시 서초구 양재천로 53 (양재동),근린생활2,제2종근린생활시설,10231100287075,지번
1165010900102050001,서울특별시 서초구 내곡동,서울특별시 서초구 안골2길 3 (내곡동),근린생활1,제1종근린생활시설,1023118590,지번
1165010100107830010,서울특별시 서초구 방배동,서울특별시 서초구 동작대로 178 (방배동),근린생활1,제1종근린생활시설,102312380,지번
1165010100108650013,서울특별시 서초구 방배동,서울특별시 서초구 방배천로26길 25 (방배동),근린생활1,제1종근린생활시설,102313494,지번
1165010200102200000,서울특별시 서초구 양재동,서울특별시 서초구 매헌로1길 26 (양재동),근린생활2,제2종근린생활시설,102318717,지번
1165010600100450021,서울특별시 서초구 잠원동,서울특별시 서초구 신반포로43길 11-40 (잠원동),근린생활2,제2종근린생활시설,1023111631,지번
1165010100108290001,서울특별시 서초구 방배동,서울특별시 서초구 방배천로 152 (방배동),근린생활2,제2종근린생활시설,102312973,지번
1165010800115750012,서울특별시 서초구 서초동,서울특별시 서초구 서초대로50길 35 (서초동),근린생활2,업무시설,10231100297590,지번
1165010800115770003,서울특별시 서초구 서초동,서울특별시 서초구 서초대로50길 79 (서초동),근린생활2,제2종근린생활시설,1023115948,지번
1165010200103350009,서울특별시 서초구 양재동,서울특별시 서초구 강남대로10길 74-7 (양재동),근린생활1,제1종근린생활시설,102319442,지번
1165010200100060037,서울특별시 서초구 양재동,서울특별시 서초구 바우뫼로41길 24 (양재동),근린생활2,제2종근린생활시설,102319904,지번
1165010200103600006,서울특별시 서초구 양재동,서울특별시 서초구 강남대로2길 71 (양재동),근린생활1,제1종근린생활시설,102319652,지번
1165010800116170040,서울특별시 서초구 서초동,서울특별시 서초구 서초중앙로8길 105 (서초동),근린생활2,제2종근린생활시설,1023116323,지번
1165010800116660010,서울특별시 서초구 서초동,서울특별시 서초구 서초대로54길 29-32 (서초동),근린생활1,제1종근린생활시설,1023116858,지번
1165010200103450004,서울특별시 서초구 양재동,서울특별시 서초구 강남대로6길 59-1 (양재동),근린생활2,제2종근린생활시설,102319550,지번
1165010800114510077,서울특별시 서초구 서초동,서울특별시 서초구 반포대로 12 (서초동),근린생활2,제2종근린생활시설,1023114934,지번
1165010200103320008,서울특별시 서초구 양재동,서울특별시 서초구 동산로2길 25 (양재동),근린생활1,제1종근린생활시설,102319403,지번
1165010200101230003,서울특별시 서초구 양재동,서울특별시 서초구 양재천로19길 11-5 (양재동),근린생활2,제2종근린생활시설,102318611,지번
1165010600100420004,서울특별시 서초구 잠원동,서울특별시 서초구 신반포로45길 9-22 (잠원동),근린생활1,제1종근린생활시설,1023111780,지번
1165010800113640005,서울특별시 서초구 서초동,서울특별시 서초구 서운로 12-1 (서초동),근린생활2,업무시설,1000000000000002653947,지번
1165010800114240001,서울특별시 서초구 서초동,서울특별시 서초구 남부순환로 2469 (서초동),근린생활2,업무시설,10231100284035,지번
1165010800115800015,서울특별시 서초구 서초동,서울특별시 서초구 반포대로20길 36 (서초동),근린생활1,제1종근린생활시설,1023115979,지번
1165010100109850004,서울특별시 서초구 방배동,서울특별시 서초구 효령로36길 4 (방배동),근린생활1,제1종근린생활시설,102315531,지번
1165010800115940003,서울특별시 서초구 서초동,서울특별시 서초구 효령로55길 39 (서초동),근린생활2,제2종근린생활시설,1023116064,지번
1165010800114270015,서울특별시 서초구 서초동,서울특별시 서초구 남부순환로331길 6-11 (서초동),근린생활1,제1종근린생활시설,1023114722,지번
1165010100110010029,서울특별시 서초구 방배동,서울특별시 서초구 효령로 184 (방배동),근린생활2,제2종근린생활시설,102315590,지번
1165010700107240014,서울특별시 서초구 반포동,서울특별시 서초구 사평대로55길 98-12 (반포동),근린생활2,제2종근린생활시설,1023112911,지번
1165010700107240015,서울특별시 서초구 반포동,서울특별시 서초구 사평대로55길 98-12 (반포동),근린생활1,제1종근린생활시설,1023112912,지번
1165010700107320003,서울특별시 서초구 반포동,서울특별시 서초구 주흥6길 14 (반포동),근린생활2,제2종근린생활시설,1023113071,지번
1165010100107830002,서울특별시 서초구 방배동,서울특별시 서초구 방배중앙로23길 43-2 (방배동),근린생활2,제2종근린생활시설,102312376,지번
1165010100108720004,서울특별시 서초구 방배동,서울특별시 서초구 서초대로 87 (방배동),근린생활2,제2종근린생활시설,102313616,지번
1165010800114520001,서울특별시 서초구 서초동,서울특별시 서초구 남부순환로323길 30 (서초동),근린생활2,단독주택,10231100184694,지번
1165010700107420001,서울특별시 서초구 반포동,서울특별시 서초구 사평대로 333-18 (반포동),근린생활2,제2종근린생활시설,1023113287,지번
1165010200102570001,서울특별시 서초구 양재동,서울특별시 서초구 마방로6길 14 (양재동),근린생활2,제2종근린생활시설,102318856,지번
1165010800114270016,서울특별시 서초구 서초동,서울특별시 서초구 남부순환로331길 6-3 (서초동),근린생활2,제2종근린생활시설,1023114723,지번
1165010700107370020,서울특별시 서초구 반포동,서울특별시 서초구 강남대로 495 (반포동),근린생활1,제1종근린생활시설,1023113210,지번
1165010700107070011,서울특별시 서초구 반포동,서울특별시 서초구 강남대로 535 (반포동),근린생활1,제1종근린생활시설,10231100185108,지번
1165010700107330027,서울특별시 서초구 반포동,서울특별시 서초구 강남대로83길 48-8 (반포동),근린생활1,제1종근린생활시설,10231100209614,지번
1165010100101440020,서울특별시 서초구 방배동,서울특별시 서초구 서초대로26길 7 (방배동),근린생활1,제1종근린생활시설,1000000000000003712443,지번
1165010200102660001,서울특별시 서초구 양재동,서울특별시 서초구 언남11길 29 (양재동),근린생활2,제2종근린생활시설,102318946,지번
1165010200102790008,서울특별시 서초구 양재동,서울특별시 서초구 마방로10길 57 (양재동),근린생활2,제2종근린생활시설,102319080,지번
1165010200103270014,서울특별시 서초구 양재동,서울특별시 서초구 강남대로10길 19 (양재동),근린생활2,제2종근린생활시설,102319367,지번
1165010700107430016,서울특별시 서초구 반포동,서울특별시 서초구 주흥길 17 (반포동),근린생활1,제1종근린생활시설,1023113316,지번
1165010800116430023,서울특별시 서초구 서초동,서울특별시 서초구 사임당로19길 72-18 (서초동),근린생활1,제1종근린생활시설,1023116664,지번
1165010900200120570,서울특별시 서초구 내곡동,서울특별시 서초구 헌릉로 480 (내곡동),근린생활1,제1종근린생활시설,1023118682,지번
1165010800113600045,서울특별시 서초구 서초동,서울특별시 서초구 남부순환로347길 38 (서초동),근린생활2,제2종근린생활시설,1023114581,지번
1165010100104530001,서울특별시 서초구 방배동,서울특별시 서초구 방배천로 44 (방배동),근린생활1,제2종근린생활시설,102311136,지번
1165010200103910006,서울특별시 서초구 양재동,서울특별시 서초구 동산로16길 22 (양재동),근린생활1,공동주택,10231100275375,지번
1165010700107170000,서울특별시 서초구 반포동,서울특별시 서초구 주흥13길 17 (반포동),근린생활2,제2종근린생활시설,1023112776,지번
1165010100107510002,서울특별시 서초구 방배동,서울특별시 서초구 방배중앙로 212 (방배동),근린생활1,제1종근린생활시설,102312041,지번
1165010100108270003,서울특별시 서초구 방배동,서울특별시 서초구 동광로12길 32 (방배동),근린생활1,제1종근린생활시설,102312928,지번
1165010100108660006,서울특별시 서초구 방배동,서울특별시 서초구 서초대로 21 (방배동),근린생활2,제2종근린생활시설,102313503,지번
1165010200102990005,서울특별시 서초구 양재동,서울특별시 서초구 언남16길 46 (양재동),근린생활2,제2종근린생활시설,102319201,지번
1165010100107670006,서울특별시 서초구 방배동,서울특별시 서초구 동광로11길 73 (방배동),근린생활1,제1종근린생활시설,102312173,지번
1165010200100810010,서울특별시 서초구 양재동,서울특별시 서초구 논현로27길 96 (양재동),근린생활2,제2종근린생활시설,102318306,지번
1165010800113590015,서울특별시 서초구 서초동,서울특별시 서초구 서운로6길 21-2 (서초동),근린생활2,제2종근린생활시설,1023114536,지번
1165010600100100053,서울특별시 서초구 잠원동,서울특별시 서초구 강남대로101안길 24 (잠원동),근린생활2,제2종근린생활시설,1023111193,지번
1165010800116600026,서울특별시 서초구 서초동,서울특별시 서초구 서초중앙로20길 28 (서초동),근린생활2,제2종근린생활시설,1023116829,지번
1165011100105000004,서울특별시 서초구 신원동,서울특별시 서초구 청계산로 91 (신원동),근린생활2,제2종근린생활시설,1023119220,지번
1165010800116410012,서울특별시 서초구 서초동,,근린생활2,제2종근린생활시설,1023116617,지번
1165010800116410012,서울특별시 서초구 서초동,서울특별시 서초구 사임당로23길 45 (서초동),근린생활2,공동주택,1023118086,지번
1165011100101920041,서울특별시 서초구 신원동,서울특별시 서초구 청룡마을3길 4 (신원동),근린생활2,단독주택,10231100280836,지번
1165010100104500026,서울특별시 서초구 방배동,서울특별시 서초구 방배천로2안길 7 (방배동),근린생활1,제1종근린생활시설,102311100,지번
1165010100118750000,서울특별시 서초구 방배동,서울특별시 서초구 서초대로1길 19-2 (방배동),근린생활1,제1종근린생활시설,102315728,지번
1165010800116990012,서울특별시 서초구 서초동,서울특별시 서초구 서초대로51길 23 (서초동),근린생활2,제2종근린생활시설,1023117040,지번
1165010800117020008,서울특별시 서초구 서초동,서울특별시 서초구 법원로4길 31 (서초동),근린생활2,제2종근린생활시설,1023117050,지번
1165010800113080006,서울특별시 서초구 서초동,서울특별시 서초구 서초대로77길 41 (서초동),근린생활2,교육연구시설,10231100280435,지번
1165010900100010279,서울특별시 서초구 내곡동,서울특별시 서초구 신흥말길 23-5 (내곡동),근린생활2,제2종근린생활시설,1023118279,지번
1165010700107390009,서울특별시 서초구 반포동,서울특별시 서초구 사평대로53길 18 (반포동),근린생활2,제2종근린생활시설,1000000000000004787353,지번
1165010800115520010,서울특별시 서초구 서초동,서울특별시 서초구 반포대로28길 21-7 (서초동),근린생활2,제2종근린생활시설,1023115688,지번
1165010800113020040,서울특별시 서초구 서초동,서울특별시 서초구 사평대로56길 12 (서초동),근린생활2,제2종근린생활시설,10231100266155,지번
1165010800115800012,서울특별시 서초구 서초동,서울특별시 서초구 사임당로 11 (서초동),근린생활2,제2종근린생활시설,1023115977,지번
1165011100102100011,서울특별시 서초구 신원동,서울특별시 서초구 청룡마을4길 7-2 (신원동),근린생활2,단독주택,10231100285995,지번
1165010100108280034,서울특별시 서초구 방배동,서울특별시 서초구 방배중앙로15길 40 (방배동),근린생활2,제2종근린생활시설,102312972,지번
1165010100108820002,서울특별시 서초구 방배동,서울특별시 서초구 서초대로33길 8 (방배동),근린생활2,제2종근린생활시설,102313754,지번
1165010800116140015,서울특별시 서초구 서초동,서울특별시 서초구 서리풀6길 27 (서초동),근린생활1,제1종근린생활시설,1023116290,지번
1165010800113270034,서울특별시 서초구 서초동,서울특별시 서초구 강남대로53길 12 (서초동),근린생활2,제1종근린생활시설,10231100290475,지번
1165010100104260001,서울특별시 서초구 방배동,서울특별시 서초구 방배천로22길 4 (방배동),근린생활1,업무시설,10231100280056,지번
1165010100104260001,서울특별시 서초구 방배동,서울특별시 서초구 방배천로22길 4 (방배동),근린생활1,업무시설,10231100280106,지번
1165010800113580003,서울특별시 서초구 서초동,서울특별시 서초구 강남대로43길 17 (서초동),근린생활2,제2종근린생활시설,1023114516,지번
1165010700107340032,서울특별시 서초구 반포동,서울특별시 서초구 사평대로53길 30 (반포동),근린생활2,제2종근린생활시설,1023113157,지번
1165010700107340033,서울특별시 서초구 반포동,서울특별시 서초구 강남대로83길 36 (반포동),근린생활2,제2종근린생활시설,1023113158,지번
1165010800114300001,서울특별시 서초구 서초동,서울특별시 서초구 남부순환로337길 36 (서초동),근린생활2,제2종근린생활시설,1023114741,지번
1165010800113600027,서울특별시 서초구 서초동,서울특별시 서초구 남부순환로347길 42-3 (서초동),근린생활2,제2종근린생활시설,1023114571,지번
1165010800113550000,서울특별시 서초구 서초동,서울특별시 서초구 효령로72길 60 (서초동),근린생활1,제1종근린생활시설,1023114454,지번
1165010800113600013,서울특별시 서초구 서초동,서울특별시 서초구 강남대로41길 13 (서초동),근린생활1,제1종근린생활시설,1023114561,지번
1165010200103130007,서울특별시 서초구 양재동,서울특별시 서초구 강남대로18길 16-17 (양재동),근린생활1,제1종근린생활시설,102319280,지번
1165010800113430004,서울특별시 서초구 서초동,서울특별시 서초구 효령로74길 4 (서초동),근린생활2,제2종근린생활시설,1023114395,지번
1165010200103130008,서울특별시 서초구 양재동,서울특별시 서초구 강남대로18길 16-13 (양재동),근린생활,근린생활시설,102319281,지번
1165010200102420009,서울특별시 서초구 양재동,서울특별시 서초구 마방로2길 33 (양재동),근린생활2,제2종근린생활시설,102318754,지번
1165010200103750000,서울특별시 서초구 양재동,서울특별시 서초구 강남대로8길 106 (양재동),근린생활2,제2종근린생활시설,102319724,지번
1165010100108940007,서울특별시 서초구 방배동,서울특별시 서초구 서초대로32길 12 (방배동),근린생활2,제2종근린생활시설,102313857,지번
1165010100108930015,서울특별시 서초구 방배동,서울특별시 서초구 서초대로32길 9-3 (방배동),근린생활2,제2종근린생활시설,102313855,지번
1165010600100290014,서울특별시 서초구 잠원동,서울특별시 서초구 강남대로95길 9-16 (잠원동),근린생활1,제1종근린생활시설,1023111405,지번
1165010600100290022,서울특별시 서초구 잠원동,서울특별시 서초구 강남대로95길 19-15 (잠원동),근린생활2,제2종근린생활시설,1023111413,지번
1165010100108940002,서울특별시 서초구 방배동,서울특별시 서초구 서초대로 124 (방배동),근린생활2,제2종근린생활시설,102313856,지번
1165010800113640054,서울특별시 서초구 서초동,서울특별시 서초구 강남대로37길 46 (서초동),근린생활2,제2종근린생활시설,10231100279895,지번
1165010800114580002,서울특별시 서초구 서초동,서울특별시 서초구 효령로 262 (서초동),근린생활2,제2종근린생활시설,1023114960,지번
1165010800114510017,서울특별시 서초구 서초동,서울특별시 서초구 반포대로8길 11-8 (서초동),근린생활1,제1종근린생활시설,1023114896,지번
1165010800114510019,서울특별시 서초구 서초동,서울특별시 서초구 반포대로8길 13 (서초동),근린생활2,제2종근린생활시설,1023114898,지번
1165010800114590005,서울특별시 서초구 서초동,서울특별시 서초구 효령로 254 (서초동),근린생활2,제2종근린생활시설,1023114966,지번
1165010800114600002,서울특별시 서초구 서초동,서울특별시 서초구 효령로 244 (서초동),근린생활1,제1종근린생활시설,1000000000000003812042,지번
1165010600100110004,서울특별시 서초구 잠원동,서울특별시 서초구 강남대로101길 27 (잠원동),근린생활2,제2종근린생활시설,1023111198,지번
1165010600100140006,서울특별시 서초구 잠원동,서울특별시 서초구 강남대로101안길 13 (잠원동),근린생활1,제2종근린생활시설,1000000000000006815311,지번
1165010800115850018,서울특별시 서초구 서초동,서울특별시 서초구 효령로 259 (서초동),근린생활2,제2종근린생활시설,1000000000000003847414,지번
1165010800114510042,서울특별시 서초구 서초동,서울특별시 서초구 효령로52길 42 (서초동),근린생활2,제2종근린생활시설,1023114915,지번
1165010600100530000,서울특별시 서초구 잠원동,서울특별시 서초구 잠원로12길 4 (잠원동),근린생활1,공동주택,1023111845,지번
1165010600100530000,서울특별시 서초구 잠원동,서울특별시 서초구 잠원로12길 6 (잠원동),근린생활1,제1종근린생활시설,1023111846,지번
1165010600100530000,서울특별시 서초구 잠원동,서울특별시 서초구 잠원로12길 4 (잠원동),근린생활1,공동주택,1023111847,지번
1165010800114750006,서울특별시 서초구 서초동,서울특별시 서초구 반포대로5길 10 (서초동),근린생활2,제2종근린생활시설,1023115079,지번
1165010800114840005,서울특별시 서초구 서초동,서울특별시 서초구 반포대로1길 51 (서초동),근린생활1,제1종근린생활시설,1023115133,지번
1165010800113600046,서울특별시 서초구 서초동,서울특별시 서초구 강남대로39길 26-7 (서초동),근린생활1,제2종근린생활시설,1000000000000006373555,지번
1165010200100840003,서울특별시 서초구 양재동,서울특별시 서초구 바우뫼로 220 (양재동),근린생활2,제2종근린생활시설,102318342,지번
1165010200101200001,서울특별시 서초구 양재동,서울특별시 서초구 양재천로13길 13 (양재동),근린생활2,제2종근린생활시설,102318585,지번
1165010800115680006,서울특별시 서초구 서초동,서울특별시 서초구 서초대로50길 62-6 (서초동),근린생활2,제2종근린생활시설,1023115845,지번
1165010100105050002,서울특별시 서초구 방배동,서울특별시 서초구 남부순환로 2114 (방배동),근린생활1,근린생활시설,102311578,지번
1165010100109830042,서울특별시 서초구 방배동,서울특별시 서초구 방배로 60 (방배동),근린생활2,제2종근린생활시설,102315527,지번
1165010700107410009,서울특별시 서초구 반포동,서울특별시 서초구 주흥길 8 (반포동),근린생활2,제2종근린생활시설,1023113285,지번
1165010200102670004,서울특별시 서초구 양재동,서울특별시 서초구 마방로6길 7-46 (양재동),근린생활2,제2종근린생활시설,102318960,지번
1165010100108930011,서울특별시 서초구 방배동,서울특별시 서초구 서초대로32길 9-15 (방배동),근린생활2,제2종근린생활시설,102313852,지번
1165010100108930012,서울특별시 서초구 방배동,서울특별시 서초구 서초대로32길 9-13 (방배동),근린생활2,제2종근린생활시설,102313853,지번
1165010200100920002,서울특별시 서초구 양재동,서울특별시 서초구 양재천로23길 9 (양재동),근린생활2,제2종근린생활시설,102318408,지번
1165010800116990002,서울특별시 서초구 서초동,서울특별시 서초구 서초대로51길 31 (서초동),근린생활2,업무시설,1000000000000001402129,지번
1165010100119480000,서울특별시 서초구 방배동,서울특별시 서초구 서초대로1길 37 (방배동),근린생활2,제2종근린생활시설,102315735,지번
1165010200102900007,서울특별시 서초구 양재동,서울특별시 서초구 동산로 77 (양재동),근린생활2,제2종근린생활시설,102319155,지번
1165010200103540011,서울특별시 서초구 양재동,서울특별시 서초구 강남대로6길 28-7 (양재동),근린생활2,제2종근린생활시설,102319613,지번
1165010700107350017,서울특별시 서초구 반포동,서울특별시 서초구 사평대로57길 63-3 (반포동),근린생활2,제2종근린생활시설,1023113172,지번
1165010700100540014,서울특별시 서초구 반포동,서울특별시 서초구 고무래로10길 8 (반포동),근린생활2,제2종근린생활시설,1023112109,지번
1165010100107690023,서울특별시 서초구 방배동,서울특별시 서초구 방배중앙로 170 (방배동),근린생활1,제1종근린생활시설,102312219,지번
1165010700100720003,서울특별시 서초구 반포동,서울특별시 서초구 동광로39길 79 (반포동),근린생활2,제2종근린생활시설,1023112166,지번
1165010700107360013,서울특별시 서초구 반포동,서울특별시 서초구 사평대로57길 58 (반포동),근린생활1,제1종근린생활시설,1023113193,지번
1165010700100940008,서울특별시 서초구 반포동,서울특별시 서초구 서래로 41 (반포동),근린생활2,제2종근린생활시설,1023112274,지번
1165010700107360014,서울특별시 서초구 반포동,서울특별시 서초구 사평대로57길 56 (반포동),근린생활1,제1종근린생활시설,1023113194,지번
1165010200103950006,서울특별시 서초구 양재동,서울특별시 서초구 논현로5길 18 (양재동),근린생활2,제2종근린생활시설,102319816,지번
1165010700107420020,서울특별시 서초구 반포동,서울특별시 서초구 주흥3길 1 (반포동),근린생활2,제2종근린생활시설,1023113302,지번
1165010700107430002,서울특별시 서초구 반포동,서울특별시 서초구 주흥3길 30 (반포동),근린생활2,제2종근린생활시설,1023113306,지번
1165010800113070016,서울특별시 서초구 서초동,서울특별시 서초구 강남대로65길 9 (서초동),근린생활1,제1종근린생활시설,1023114224,지번
1165010100108740014,서울특별시 서초구 방배동,서울특별시 서초구 방배로 165 (방배동),근린생활1,제1종근린생활시설,102317051,지번
1165010800113080012,서울특별시 서초구 서초동,서울특별시 서초구 서초대로77길 35 (서초동),근린생활2,제2종근린생활시설,1023114234,지번
1165010800113160030,서울특별시 서초구 서초동,서울특별시 서초구 서초대로73길 11 (서초동),근린생활1,제1종근린생활시설,1023114261,지번
1165010800113570052,서울특별시 서초구 서초동,서울특별시 서초구 남부순환로347길 76-5 (서초동),근린생활1,제1종근린생활시설,1023114495,지번
1165010300100650001,서울특별시 서초구 우면동,서울특별시 서초구 바우뫼로7길 13 (우면동),근린생활1,제1종근린생활시설,1023110972,지번
1165010800115520005,서울특별시 서초구 서초동,서울특별시 서초구 서초대로42길 27 (서초동),근린생활2,제2종근린생활시설,1000000000000007416736,지번
1165010200103630005,서울특별시 서초구 양재동,서울특별시 서초구 강남대로2길 104 (양재동),근린생활1,제2종근린생활시설,102319670,지번
1165010800113590011,서울특별시 서초구 서초동,서울특별시 서초구 남부순환로347길 35 (서초동),근린생활2,제2종근린생활시설,1023114533,지번
1165010100108790009,서울특별시 서초구 방배동,서울특별시 서초구 서초대로29길 10 (방배동),근린생활2,제2종근린생활시설,102313730,지번
1165010800113090005,서울특별시 서초구 서초동,서울특별시 서초구 서초대로73길 50 (서초동),근린생활2,제2종근린생활시설,1023114244,지번
1165010800115380003,서울특별시 서초구 서초동,서울특별시 서초구 서초대로40길 91 (서초동),근린생활2,제2종근린생활시설,10231100255434,지번
1165010800115830007,서울특별시 서초구 서초동,서울특별시 서초구 반포대로 52 (서초동),근린생활2,제2종근린생활시설,1023116001,지번
1165010800113270011,서울특별시 서초구 서초동,서울특별시 서초구 서초대로78길 32 (서초동),근린생활2,제2종근린생활시설,1023114301,지번
1165010800113430005,서울특별시 서초구 서초동,서울특별시 서초구 서운로11길 34 (서초동),근린생활2,제2종근린생활시설,1023114396,지번
1165010800114600017,서울특별시 서초구 서초동,서울특별시 서초구 남부순환로317길 82-4 (서초동),근린생활2,제2종근린생활시설,1023114982,지번
1165010100109170004,서울특별시 서초구 방배동,서울특별시 서초구 효령로 89 (방배동),근린생활1,공동주택,10231100262514,지번
1165010800114890011,서울특별시 서초구 서초동,서울특별시 서초구 효령로40길 10 (서초동),근린생활2,제2종근린생활시설,1023115269,지번
1165010600100450024,서울특별시 서초구 잠원동,서울특별시 서초구 신반포로41길 18 (잠원동),근린생활2,제2종근린생활시설,1023111634,지번
1165010600100180003,서울특별시 서초구 잠원동,서울특별시 서초구 나루터로 60 (잠원동),근린생활2,제2종근린생활시설,1023111739,지번
1165010200100050019,서울특별시 서초구 양재동,서울특별시 서초구 바우뫼로35길 6 (양재동),근린생활2,제2종근린생활시설,102317861,지번
1165010200100070043,서울특별시 서초구 양재동,서울특별시 서초구 강남대로30길 63 (양재동),근린생활2,제2종근린생활시설,102317901,지번
1165010800114870114,서울특별시 서초구 서초동,서울특별시 서초구 명달로8길 10 (서초동),근린생활2,제2종근린생활시설,1023115232,지번
1165010700107260009,서울특별시 서초구 반포동,서울특별시 서초구 사평대로53길 65-11 (반포동),근린생활1,제1종근린생활시설,1023112959,지번
1165010800115880013,서울특별시 서초구 서초동,서울특별시 서초구 효령로53길 14 (서초동),근린생활2,제2종근린생활시설,1023116032,지번
1165010200103940013,서울특별시 서초구 양재동,서울특별시 서초구 논현로7길 11 (양재동),근린생활1,공동주택,10231100265415,지번
1165010800113400003,서울특별시 서초구 서초동,서울특별시 서초구 효령로 430 (서초동),근린생활2,제2종근린생활시설,1023114356,지번
1165010800114430013,서울특별시 서초구 서초동,서울특별시 서초구 효령로 332 (서초동),근린생활2,제2종근린생활시설,1023114841,지번
1165010200100750003,서울특별시 서초구 양재동,서울특별시 서초구 바우뫼로21길 10 (양재동),근린생활2,제2종근린생활시설,1023110079,지번
1165010300100480005,서울특별시 서초구 우면동,서울특별시 서초구 바우뫼로11안길 48 (우면동),근린생활2,제2종근린생활시설,10231100182368,지번
1165010800114760011,서울특별시 서초구 서초동,서울특별시 서초구 반포대로7길 31 (서초동),근린생활1,제1종근린생활시설,1023115087,지번
1165010200100090010,서울특별시 서초구 양재동,서울특별시 서초구 강남대로30길 29 (양재동),근린생활2,제2종근린생활시설,102317958,지번
1165010700107470001,서울특별시 서초구 반포동,서울특별시 서초구 강남대로79길 21 (반포동),근린생활1,제1종근린생활시설,1023113336,지번
1165010200102540006,서울특별시 서초구 양재동,서울특별시 서초구 마방로4길 15-72 (양재동),근린생활1,제1종근린생활시설,102318833,지번
1165010700107090001,서울특별시 서초구 반포동,서울특별시 서초구 사평대로55길 133 (반포동),근린생활1,제1종근린생활시설,1023112675,지번
1165010800115740011,서울특별시 서초구 서초동,서울특별시 서초구 반포대로30길 90 (서초동),근린생활2,제2종근린생활시설,1023115921,지번
1165010100108730009,서울특별시 서초구 방배동,서울특별시 서초구 서초대로19길 10-11 (방배동),근린생활2,제2종근린생활시설,102313634,지번
1165010100108760038,서울특별시 서초구 방배동,서울특별시 서초구 서초대로27길 25 (방배동),근린생활2,제2종근린생활시설,102313681,지번
1165010800116970001,서울특별시 서초구 서초동,서울특별시 서초구 서초중앙로28길 10 (서초동),근린생활2,제2종근린생활시설,1023117000,지번
1165010100108620009,서울특별시 서초구 방배동,서울특별시 서초구 도구로 122 (방배동),근린생활1,제1종근린생활시설,102313442,지번
1165010800114880001,서울특별시 서초구 서초동,서울특별시 서초구 명달로 52 (서초동),근린생활2,제2종근린생활시설,1023115258,지번
1165010200102410005,서울특별시 서초구 양재동,서울특별시 서초구 마방로2길 20 (양재동),근린생활2,제2종근린생활시설,102318740,지번
1165010800115500012,서울특별시 서초구 서초동,서울특별시 서초구 서초대로46길 42 (서초동),근린생활2,제2종근린생활시설,10231100211415,지번
1165010200102410007,서울특별시 서초구 양재동,서울특별시 서초구 마방로2길 26 (양재동),근린생활2,제2종근린생활시설,102318742,지번
1165010100100010138,서울특별시 서초구 방배동,서울특별시 서초구 동광로 113 (방배동),근린생활2,제2종근린생활시설,10231100214032,지번
1165010200102630009,서울특별시 서초구 양재동,서울특별시 서초구 마방로10길 18-4 (양재동),근린생활2,제2종근린생활시설,102318904,지번
1165010100109830023,서울특별시 서초구 방배동,서울특별시 서초구 방배로8길 11 (방배동),근린생활1,제2종근린생활시설,1000000000000004438337,지번
1165010100108680010,서울특별시 서초구 방배동,서울특별시 서초구 서초대로 51 (방배동),근린생활2,제2종근린생활시설,102313545,지번
1165010100108510001,서울특별시 서초구 방배동,서울특별시 서초구 방배로 184 (방배동),근린생활2,제2종근린생활시설,102313233,지번
1165010800114670089,서울특별시 서초구 서초동,서울특별시 서초구 명달로 14 (서초동),근린생활2,제2종근린생활시설,1023115037,지번
1165010200103330000,서울특별시 서초구 양재동,서울특별시 서초구 동산로 18 (양재동),근린생활2,제2종근린생활시설,102319409,지번
1165010800113080013,서울특별시 서초구 서초동,서울특별시 서초구 서초대로77길 31 (서초동),근린생활1,제1종근린생활시설,1023114235,지번
1165010200101080005,서울특별시 서초구 양재동,서울특별시 서초구 바우뫼로 156 (양재동),근린생활1,제1종근린생활시설,102318520,지번
1165010400103770012,서울특별시 서초구 원지동,서울특별시 서초구 원터1길 6 (원지동),근린생활1,제1종근린생활시설,10231100255395,지번
1165010300105950011,서울특별시 서초구 우면동,서울특별시 서초구 식유촌길 10 (우면동),근린생활1,제1종근린생활시설,1023110860,지번
1165010100117150000,서울특별시 서초구 방배동,서울특별시 서초구 서초대로 2 (방배동),근린생활1,제1종근린생활시설,10231100292275,지번
1165010100107890017,서울특별시 서초구 방배동,서울특별시 서초구 동광로11길 25 (방배동),근린생활2,제2종근린생활시설,102312435,지번
1165010700107210000,서울특별시 서초구 반포동,서울특별시 서초구 사평대로55길 120 (반포동),근린생활2,제2종근린생활시설,1023112853,지번
1165010700107220025,서울특별시 서초구 반포동,서울특별시 서초구 사평대로57길 108 (반포동),근린생활1,제2종근린생활시설,1023112881,지번
1165010700107220038,서울특별시 서초구 반포동,서울특별시 서초구 강남대로 521-4 (반포동),근린생활1,제1종근린생활시설,1023112890,지번
1165010800115550018,서울특별시 서초구 서초동,서울특별시 서초구 반포대로30길 48 (서초동),근린생활2,제2종근린생활시설,1023115729,지번
1165010100110210011,서울특별시 서초구 방배동,서울특별시 서초구 방배로6길 17 (방배동),근린생활2,제2종근린생활시설,102315627,지번
1165010200104010013,서울특별시 서초구 양재동,서울특별시 서초구 논현로5길 11 (양재동),근린생활2,제2종근린생활시설,102319858,지번
1165010100104400033,서울특별시 서초구 방배동,서울특별시 서초구 동작대로 54-1 (방배동),근린생활2,제2종근린생활시설,102311020,지번
1165010200102530015,서울특별시 서초구 양재동,서울특별시 서초구 마방로4길 15-48 (양재동),근린생활1,제1종근린생활시설,102318830,지번
1165010200103410001,서울특별시 서초구 양재동,서울특별시 서초구 동산로6길 36 (양재동),근린생활2,제2종근린생활시설,102319500,지번
1165010200100080070,서울특별시 서초구 양재동,서울특별시 서초구 남부순환로356길 37 (양재동),근린생활2,제2종근린생활시설,102317950,지번
1165010600100130009,서울특별시 서초구 잠원동,서울특별시 서초구 나루터로15길 14 (잠원동),근린생활2,제2종근린생활시설,1023111234,지번
1165010100107890002,서울특별시 서초구 방배동,서울특별시 서초구 동광로9길 15 (방배동),근린생활1,제1종근린생활시설,102312426,지번
1165010800116390012,서울특별시 서초구 서초동,서울특별시 서초구 서초대로60길 9-26 (서초동),근린생활1,제1종근린생활시설,1023116591,지번
1165010200101200011,서울특별시 서초구 양재동,서울특별시 서초구 양재천로11길 16 (양재동),근린생활2,제2종근린생활시설,102318593,지번
1165010200102900005,서울특별시 서초구 양재동,서울특별시 서초구 동산로19길 1 (양재동),근린생활2,제2종근린생활시설,102319153,지번
1165010800114290005,서울특별시 서초구 서초동,서울특별시 서초구 남부순환로335길 15 (서초동),근린생활1,제1종근린생활시설,10231100183388,지번
1165010200101100008,서울특별시 서초구 양재동,서울특별시 서초구 양재천로19길 41 (양재동),근린생활2,제2종근린생활시설,102318533,지번
1165010100109140016,서울특별시 서초구 방배동,서울특별시 서초구 효령로27길 35 (방배동),근린생활1,제2종근린생활시설,10231100263975,지번
1165010800115070039,서울특별시 서초구 서초동,서울특별시 서초구 명달로22길 11 (서초동),근린생활2,제2종근린생활시설,1023117743,지번
1165010100108670029,서울특별시 서초구 방배동,서울특별시 서초구 서초대로 37 (방배동),근린생활2,제2종근린생활시설,102313532,지번
1165010100100870006,서울특별시 서초구 방배동,서울특별시 서초구 방배로28길 32 (방배동),근린생활2,제2종근린생활시설,10231635,지번
1165010100107640032,서울특별시 서초구 방배동,서울특별시 서초구 방배중앙로27길 46 (방배동),근린생활2,제2종근린생활시설,102312129,지번
1165010800115540001,서울특별시 서초구 서초동,서울특별시 서초구 서초대로46길 3 (서초동),근린생활2,제2종근린생활시설,1023115704,지번
1165010800113640061,서울특별시 서초구 서초동,서울특별시 서초구 강남대로37길 56-4 (서초동),근린생활2,제2종근린생활시설,1023114653,지번
1165010100107820003,서울특별시 서초구 방배동,서울특별시 서초구 동작대로 190 (방배동),근린생활1,제1종근린생활시설,1000000000000000081042,지번
1165010800115550013,서울특별시 서초구 서초동,서울특별시 서초구 반포대로30길 44-3 (서초동),근린생활2,제2종근린생활시설,1023115724,지번
1165010200102910017,서울특별시 서초구 양재동,서울특별시 서초구 동산로 69 (양재동),근린생활1,제1종근린생활시설,102319171,지번
1165010200103510010,서울특별시 서초구 양재동,서울특별시 서초구 강남대로6길 24 (양재동),근린생활1,제1종근린생활시설,102319592,지번
1165010200103520003,서울특별시 서초구 양재동,서울특별시 서초구 강남대로2길 12 (양재동),근린생활1,제1종근린생활시설,102319597,지번
1165010200103290003,서울특별시 서초구 양재동,서울특별시 서초구 강남대로8길 23-11 (양재동),근린생활2,제2종근린생활시설,10231100237927,지번
1165010200102410000,서울특별시 서초구 양재동,서울특별시 서초구 마방로 2 (양재동),근린생활2,제2종근린생활시설,102318736,지번
1165010400104190003,서울특별시 서초구 원지동,서울특별시 서초구 원터6길 1 (원지동),근린생활2,제1종근린생활시설,1000000000000003070031,지번
1165010200100030019,서울특별시 서초구 양재동,서울특별시 서초구 논현로31길 6 (양재동),근린생활1,제1종근린생활시설,102317836,지번
1165010200102720009,서울특별시 서초구 양재동,서울특별시 서초구 언남길 73 (양재동),근린생활1,공동주택,10231100291756,지번
1165010800114860001,서울특별시 서초구 서초동,서울특별시 서초구 남부순환로315길 104 (서초동),근린생활2,제2종근린생활시설,1023115153,지번
1165010600100210008,서울특별시 서초구 잠원동,서울특별시 서초구 강남대로99길 7 (잠원동),근린생활2,제2종근린생활시설,10231100245094,지번
1165010100122570000,서울특별시 서초구 방배동,서울특별시 서초구 동광로 4 (방배동),근린생활2,제2종근린생활시설,10231100259694,지번
1165010800114860002,서울특별시 서초구 서초동,서울특별시 서초구 효령로 214 (서초동),근린생활2,제2종근린생활시설,1023115154,지번
1165010100109080015,서울특별시 서초구 방배동,서울특별시 서초구 효령로 131 (방배동),근린생활1,업무시설,10231100206852,지번
1165010200102440005,서울특별시 서초구 양재동,서울특별시 서초구 강남대로18길 27 (양재동),근린생활1,제1종근린생활시설,102318762,지번
1165010100108460003,서울특별시 서초구 방배동,서울특별시 서초구 방배로28길 89 (방배동),근린생활1,제1종근린생활시설,102313190,지번
1165010200100020015,서울특별시 서초구 양재동,서울특별시 서초구 남부순환로364길 8-5 (양재동),근린생활1,제1종근린생활시설,102317804,지번
1165010200100020051,서울특별시 서초구 양재동,서울특별시 서초구 남부순환로358길 62 (양재동),근린생활2,제2종근린생활시설,102317825,지번
1165010200100170022,서울특별시 서초구 양재동,서울특별시 서초구 강남대로30길 34 (양재동),근린생활2,제2종근린생활시설,102318188,지번
1165010200101130004,서울특별시 서초구 양재동,서울특별시 서초구 양재천로11길 18 (양재동),근린생활,근린생활시설,102318549,지번
1165010200104010012,서울특별시 서초구 양재동,서울특별시 서초구 논현로5길 15-5 (양재동),근린생활2,노유자시설,10231100264155,지번
1165010800115810003,서울특별시 서초구 서초동,서울특별시 서초구 반포대로20길 16-2 (서초동),근린생활2,제2종근린생활시설,1023115984,지번
1165010800113640006,서울특별시 서초구 서초동,서울특별시 서초구 서운로 12 (서초동),근린생활2,제1종근린생활시설,1000000000000001263339,지번
1165010800114390014,서울특별시 서초구 서초동,서울특별시 서초구 남부순환로339길 64 (서초동),근린생활2,제2종근린생활시설,1023114810,지번
1165010200103590007,서울특별시 서초구 양재동,서울특별시 서초구 강남대로2길 59 (양재동),근린생활2,제2종근린생활시설,102319648,지번
1165010200101130003,서울특별시 서초구 양재동,서울특별시 서초구 양재천로13길 21 (양재동),근린생활2,제2종근린생활시설,102318548,지번
1165010400102440010,서울특별시 서초구 원지동,서울특별시 서초구 새원4길 9 (원지동),근린생활2,제2종근린생활시설,1023111039,지번
1165010200103390002,서울특별시 서초구 양재동,서울특별시 서초구 강남대로8길 39-12 (양재동),근린생활2,제2종근린생활시설,102319487,지번
1165010200100810006,서울특별시 서초구 양재동,서울특별시 서초구 논현로27길 88 (양재동),근린생활2,제2종근린생활시설,102318305,지번
1165010600100360019,서울특별시 서초구 잠원동,서울특별시 서초구 강남대로93길 13-6 (잠원동),근린생활2,제2종근린생활시설,1023111506,지번
1165010100108670001,서울특별시 서초구 방배동,서울특별시 서초구 도구로 112 (방배동),근린생활2,제2종근린생활시설,102313510,지번
1165010600100360025,서울특별시 서초구 잠원동,서울특별시 서초구 강남대로93길 31-7 (잠원동),근린생활2,제2종근린생활시설,1023111511,지번
1165010200103000003,서울특별시 서초구 양재동,서울특별시 서초구 동산로19길 23 (양재동),근린생활,제2종근린생활시설,102319211,지번
1165010600100360027,서울특별시 서초구 잠원동,서울특별시 서초구 강남대로93길 23-10 (잠원동),근린생활2,제2종근린생활시설,1023111513,지번
1165011100101950011,서울특별시 서초구 신원동,서울특별시 서초구 청룡마을길 4-1 (신원동),근린생활2,제2종근린생활시설,1023119022,지번
1165010800113570020,서울특별시 서초구 서초동,서울특별시 서초구 강남대로45길 22 (서초동),근린생활2,제2종근린생활시설,1023114482,지번
1165010800113640027,서울특별시 서초구 서초동,서울특별시 서초구 서운로6길 14 (서초동),근린생활2,제2종근린생활시설,1023114634,지번
1165010800114670002,서울특별시 서초구 서초동,서울특별시 서초구 명달로4길 8 (서초동),근린생활2,제2종근린생활시설,1023115029,지번
1165010200103470011,서울특별시 서초구 양재동,서울특별시 서초구 강남대로8길 24-3 (양재동),근린생활2,제2종근린생활시설,102319569,지번
1165010200103620003,서울특별시 서초구 양재동,서울특별시 서초구 강남대로2길 64 (양재동),근린생활2,공동주택,1000000000000000548791,지번
1165010700101060010,서울특별시 서초구 반포동,서울특별시 서초구 서래로7길 20 (반포동),근린생활1,제1종근린생활시설,1023112324,지번
1165010700100490001,서울특별시 서초구 반포동,서울특별시 서초구 서초중앙로33길 15 (반포동),근린생활2,제2종근린생활시설,1023112062,지번
1165010700100490003,서울특별시 서초구 반포동,서울특별시 서초구 고무래로10길 25 (반포동),근린생활2,제2종근린생활시설,1023112064,지번
1165010700100540007,서울특별시 서초구 반포동,서울특별시 서초구 서초중앙로33길 20 (반포동),근린생활2,제2종근린생활시설,1023112103,지번
1165010200102030001,서울특별시 서초구 양재동,서울특별시 서초구 매헌로14길 12 (양재동),근린생활2,제2종근린생활시설,102318647,지번
1165010400103970006,서울특별시 서초구 원지동,서울특별시 서초구 원터5길 14 (원지동),근린생활2,제2종근린생활시설,1023111085,지번
1165010700107030002,서울특별시 서초구 반포동,서울특별시 서초구 신반포로 320 (반포동),근린생활1,제1종근린생활시설,1023112606,지번
1165010700107030009,서울특별시 서초구 반포동,서울특별시 서초구 주흥길 80 (반포동),근린생활1,공동주택,1000000000000000426080,지번
1165010100107640035,서울특별시 서초구 방배동,서울특별시 서초구 방배중앙로27길 36 (방배동),근린생활1,제1종근린생활시설,102312131,지번
1165010200102610007,서울특별시 서초구 양재동,서울특별시 서초구 마방로 26 (양재동),근린생활2,제2종근린생활시설,102318883,지번
1165010700107240026,서울특별시 서초구 반포동,서울특별시 서초구 사평대로55길 82-14 (반포동),근린생활2,제2종근린생활시설,1023112920,지번
1165010900100011132,서울특별시 서초구 내곡동,서울특별시 서초구 신흥말길 99 (내곡동),근린생활2,제2종근린생활시설,1023118325,지번
1165010700107460007,서울특별시 서초구 반포동,서울특별시 서초구 강남대로79길 53 (반포동),근린생활2,제2종근린생활시설,1023113330,지번
1165011100102510000,서울특별시 서초구 신원동,서울특별시 서초구 청룡마을4길 15 (신원동),근린생활1,제1종근린생활시설,10231100283336,지번
1165010100107770001,서울특별시 서초구 방배동,서울특별시 서초구 방배중앙로 166-1 (방배동),근린생활2,제2종근린생활시설,102312239,지번
1165010800116290021,서울특별시 서초구 서초동,서울특별시 서초구 서리풀길 19 (서초동),근린생활1,제1종근린생활시설,1023116529,지번
1165011000102170007,서울특별시 서초구 염곡동,서울특별시 서초구 탑성말길 28 (염곡동),근린생활2,제2종근린생활시설,1023118875,지번
1165010100128770013,서울특별시 서초구 방배동,서울특별시 서초구 전원말4길 2 (방배동),근린생활1,제1종근린생활시설,102315920,지번
1165010800115710009,서울특별시 서초구 서초동,서울특별시 서초구 반포대로28길 65-12 (서초동),근린생활2,제2종근린생활시설,1023115881,지번
1165010800116290009,서울특별시 서초구 서초동,서울특별시 서초구 서리풀길 31-4 (서초동),근린생활1,단독주택,1023116517,지번
1165010100110260027,서울특별시 서초구 방배동,서울특별시 서초구 남부순환로 2275-5 (방배동),근린생활2,제1종근린생활시설,10231100272395,지번
1165010600100630033,서울특별시 서초구 잠원동,서울특별시 서초구 신반포로33길 64 (잠원동),근린생활1,제1종근린생활시설,1023111692,지번
1165010800116980014,서울특별시 서초구 서초동,서울특별시 서초구 서초대로53길 27 (서초동),근린생활2,제2종근린생활시설,1023117032,지번
1165010100108730005,서울특별시 서초구 방배동,서울특별시 서초구 서초대로19길 10-1 (방배동),근린생활2,제2종근린생활시설,102313630,지번
1165010800113630010,서울특별시 서초구 서초동,서울특별시 서초구 강남대로37길 24-11 (서초동),근린생활2,제2종근린생활시설,1023114609,지번
1165010100104710013,서울특별시 서초구 방배동,서울특별시 서초구 청두곶2길 36 (방배동),근린생활2,제2종근린생활시설,102311453,지번
1165010800113640004,서울특별시 서초구 서초동,서울특별시 서초구 서운로 14 (서초동),근린생활,제2종근린생활시설,10231100286475,지번
1165010600100510045,서울특별시 서초구 잠원동,서울특별시 서초구 잠원로14길 10 (잠원동),근린생활1,제1종근린생활시설,1023111668,지번
1165010100107530012,서울특별시 서초구 방배동,서울특별시 서초구 동작대로 228 (방배동),근린생활1,제1종근린생활시설,102312058,지번
1165010300100920006,서울특별시 서초구 우면동,서울특별시 서초구 바우뫼로1길 35 (우면동),근린생활1,제1종근린생활시설,1023110692,지번
1165010200101190002,서울특별시 서초구 양재동,서울특별시 서초구 양재천로11길 7 (양재동),근린생활2,제2종근린생활시설,102318579,지번
1165010800116410007,서울특별시 서초구 서초동,서울특별시 서초구 사임당로23길 43 (서초동),근린생활2,제2종근린생활시설,1023116615,지번
1165010800116580012,서울특별시 서초구 서초동,서울특별시 서초구 서초중앙로22길 18 (서초동),근린생활1,제1종근린생활시설,1023116784,지번
1165010800116730010,서울특별시 서초구 서초동,서울특별시 서초구 서초대로 310 (서초동),근린생활1,제1종근린생활시설,1023116918,지번
1165010200102580006,서울특별시 서초구 양재동,서울특별시 서초구 마방로6길 8-21 (양재동),근린생활2,제2종근린생활시설,102318869,지번
1165010200102800010,서울특별시 서초구 양재동,서울특별시 서초구 동산로19길 54 (양재동),근린생활2,제2종근린생활시설,10231100256414,지번
1165010100122400000,서울특별시 서초구 방배동,서울특별시 서초구 동광로 5 (방배동),근린생활2,제2종근린생활시설,102315756,지번
1165010200103160003,서울특별시 서초구 양재동,서울특별시 서초구 마방로2길 74 (양재동),근린생활2,제2종근린생활시설,10231100195830,지번
1165010200102030013,서울특별시 서초구 양재동,서울특별시 서초구 매헌로 66 (양재동),근린생활2,제2종근린생활시설,102318655,지번
1165010100110230002,서울특별시 서초구 방배동,서울특별시 서초구 방배로6길 6 (방배동),근린생활2,제2종근린생활시설,102315642,지번
1165010200101200008,서울특별시 서초구 양재동,서울특별시 서초구 양재천로11길 10 (양재동),근린생활2,제2종근린생활시설,1000000000000001752503,지번
1165010200103910005,서울특별시 서초구 양재동,서울특별시 서초구 동산로16길 20 (양재동),근린생활2,제2종근린생활시설,102319777,지번
1165010100109310029,서울특별시 서초구 방배동,서울특별시 서초구 방배로19길 68 (방배동),근린생활1,제1종근린생활시설,102317285,지번
1165010200103910003,서울특별시 서초구 양재동,서울특별시 서초구 동산로16길 14 (양재동),근린생활2,제2종근린생활시설,102319776,지번
1165010800116400001,서울특별시 서초구 서초동,서울특별시 서초구 서초대로60길 25 (서초동),근린생활1,제1종근린생활시설,1023116595,지번
1165010800114750001,서울특별시 서초구 서초동,서울특별시 서초구 반포대로7길 25 (서초동),근린생활2,제2종근린생활시설,1023115074,지번
1165010100108580001,서울특별시 서초구 방배동,서울특별시 서초구 방배천로34길 27 (방배동),근린생활1,제2종근린생활시설,10231100294770,지번
1165010100108740003,서울특별시 서초구 방배동,서울특별시 서초구 서초대로23길 14 (방배동),근린생활2,제2종근린생활시설,102313646,지번
1165010700101130006,서울특별시 서초구 반포동,서울특별시 서초구 사평대로 68 (반포동),근린생활2,제2종근린생활시설,10231100231574,지번
1165010200102100004,서울특별시 서초구 양재동,서울특별시 서초구 매헌로6길 3 (양재동),근린생활1,제1종근린생활시설,10231100243994,지번
1165010800115300002,서울특별시 서초구 서초동,서울특별시 서초구 효령로45길 44 (서초동),근린생활2,제2종근린생활시설,1023115534,지번
1165010800116400002,서울특별시 서초구 서초동,서울특별시 서초구 서초대로60길 27 (서초동),근린생활1,제1종근린생활시설,1023116596,지번
1165010100108530022,서울특별시 서초구 방배동,서울특별시 서초구 방배로25길 22 (방배동),근린생활2,제2종근린생활시설,102313273,지번
1165010700100950007,서울특별시 서초구 반포동,서울특별시 서초구 서래로 33 (반포동),근린생활2,제2종근린생활시설,1023112280,지번
1165010800116950002,서울특별시 서초구 서초동,서울특별시 서초구 서초대로51길 16 (서초동),근린생활1,업무시설,1000000000000005619042,지번
1165010200100020036,서울특별시 서초구 양재동,서울특별시 서초구 남부순환로 2656 (양재동),근린생활1,제1종근린생활시설,102317816,지번
1165010700100950008,서울특별시 서초구 반포동,서울특별시 서초구 서래로 31 (반포동),근린생활1,제1종근린생활시설,1023112281,지번
1165010200100090023,서울특별시 서초구 양재동,서울특별시 서초구 바우뫼로39길 67-17 (양재동),근린생활2,제2종근린생활시설,102317971,지번
1165010200100080059,서울특별시 서초구 양재동,서울특별시 서초구 남부순환로356길 39 (양재동),근린생활1,제1종근린생활시설,102317945,지번
1165010800114870017,서울특별시 서초구 서초동,서울특별시 서초구 효령로40길 7-3 (서초동),근린생활1,제1종근린생활시설,1023115182,지번
1165010200102610005,서울특별시 서초구 양재동,서울특별시 서초구 마방로 26 (양재동),근린생활2,제2종근린생활시설,10231100224242,지번
1165010800116600003,서울특별시 서초구 서초동,서울특별시 서초구 서초중앙로20길 18 (서초동),근린생활,근린생활시설,1023116816,지번
1165010100108620038,서울특별시 서초구 방배동,서울특별시 서초구 도구로 118 (방배동),근린생활2,제2종근린생활시설,102313463,지번
1165010100108710007,서울특별시 서초구 방배동,서울특별시 서초구 서초대로19길 1 (방배동),근린생활2,제2종근린생활시설,102313605,지번
1165010100108820023,서울특별시 서초구 방배동,서울특별시 서초구 서초대로 141-19 (방배동),근린생활2,제2종근린생활시설,1000000000000002921129,지번
1165010200100050002,서울특별시 서초구 양재동,서울특별시 서초구 논현로31길 47 (양재동),근린생활1,제1종근린생활시설,102317849,지번
1165010200100080031,서울특별시 서초구 양재동,서울특별시 서초구 바우뫼로41길 77 (양재동),근린생활2,제2종근린생활시설,102317930,지번
1165010200102650021,서울특별시 서초구 양재동,서울특별시 서초구 마방로6길 37 (양재동),근린생활2,제2종근린생활시설,102318936,지번
1165010200102680000,서울특별시 서초구 양재동,서울특별시 서초구 언남11길 34-2 (양재동),근린생활2,제2종근린생활시설,102318964,지번
1165010100108670034,서울특별시 서초구 방배동,서울특별시 서초구 서초대로 47 (방배동),근린생활2,제2종근린생활시설,102313537,지번
1165010200100050022,서울특별시 서초구 양재동,서울특별시 서초구 바우뫼로35길 4 (양재동),근린생활2,제2종근린생활시설,102317863,지번
1165010100109570003,서울특별시 서초구 방배동,서울특별시 서초구 도구로 77 (방배동),근린생활1,제1종근린생활시설,102314953,지번
1165010200100140008,서울특별시 서초구 양재동,서울특별시 서초구 강남대로 200 (양재동),근린생활1,제1종근린생활시설,102318120,지번
1165010200100140002,서울특별시 서초구 양재동,서울특별시 서초구 강남대로34길 8 (양재동),근린생활2,제2종근린생활시설,102318115,지번
1165010200103610011,서울특별시 서초구 양재동,서울특별시 서초구 강남대로6길 84 (양재동),근린생활1,제1종근린생활시설,102319660,지번
1165010200102700008,서울특별시 서초구 양재동,서울특별시 서초구 언남11길 16-15 (양재동),근린생활1,제1종근린생활시설,102318988,지번
1165010200102740000,서울특별시 서초구 양재동,서울특별시 서초구 마방로10길 18-1 (양재동),근린생활2,제2종근린생활시설,102319032,지번
1165010200102810011,서울특별시 서초구 양재동,서울특별시 서초구 언남18길 3 (양재동),근린생활2,제2종근린생활시설,102319102,지번
1165010200102770002,서울특별시 서초구 양재동,서울특별시 서초구 논현로 69 (양재동),근린생활2,제2종근린생활시설,102319058,지번
1165010200102610012,서울특별시 서초구 양재동,서울특별시 서초구 마방로 26 (양재동),근린생활2,제2종근린생활시설,102318886,지번
1165010100110070002,서울특별시 서초구 방배동,서울특별시 서초구 명달로 3 (방배동),근린생활1,제1종근린생활시설,102315608,지번
1165010200100160005,서울특별시 서초구 양재동,서울특별시 서초구 바우뫼로37길 36 (양재동),근린생활2,제2종근린생활시설,102318153,지번
1165011000102190015,서울특별시 서초구 염곡동,서울특별시 서초구 탑성말길 18-5 (염곡동),근린생활2,제2종근린생활시설,10231100252434,지번
1165010200102930003,서울특별시 서초구 양재동,서울특별시 서초구 동산로15길 13 (양재동),근린생활2,제2종근린생활시설,102319192,지번
1165010200102830004,서울특별시 서초구 양재동,서울특별시 서초구 논현로 53 (양재동),근린생활2,제2종근린생활시설,102319107,지번
1165010200102880007,서울특별시 서초구 양재동,서울특별시 서초구 논현로 35 (양재동),근린생활2,제2종근린생활시설,102319139,지번
1165011100102340001,서울특별시 서초구 신원동,서울특별시 서초구 청룡마을4길 12 (신원동),근린생활2,제2종근린생활시설,1023119058,지번
1165010200102930001,서울특별시 서초구 양재동,서울특별시 서초구 동산로15길 17 (양재동),근린생활1,제1종근린생활시설,102319191,지번
1165010300101760006,서울특별시 서초구 우면동,서울특별시 서초구 성촌6길 35 (우면동),근린생활1,제1종근린생활시설,1000000000000000539211,지번
1165010800117140019,서울특별시 서초구 서초동,서울특별시 서초구 법원로2길 23 (서초동),근린생활2,제2종근린생활시설,1023117097,지번
1165010700100940017,서울특별시 서초구 반포동,서울특별시 서초구 사평대로22길 17 (반포동),근린생활2,제2종근린생활시설,1023112276,지번
1165011100104360008,서울특별시 서초구 신원동,서울특별시 서초구 본마을길 25-8 (신원동),근린생활2,제2종근린생활시설,1023119126,지번
1165010100108290004,서울특별시 서초구 방배동,서울특별시 서초구 방배천로 150 (방배동),근린생활1,제1종근린생활시설,102312976,지번
1165010700100940001,서울특별시 서초구 반포동,서울특별시 서초구 사평대로 120 (반포동),근린생활1,제1종근린생활시설,1023112268,지번
1165010800114870135,서울특별시 서초구 서초동,서울특별시 서초구 명달로 26 (서초동),근린생활2,제2종근린생활시설,1023115249,지번
1165010100117780000,서울특별시 서초구 방배동,서울특별시 서초구 동작대로 128 (방배동),근린생활1,제1종근린생활시설,102315722,지번
1165010100114590000,서울특별시 서초구 방배동,서울특별시 서초구 서초대로1길 14 (방배동),근린생활1,제1종근린생활시설,102315686,지번
1165010100116500000,서울특별시 서초구 방배동,서울특별시 서초구 동광로12가길 40 (방배동),근린생활1,제1종근린생활시설,102315710,지번
1165010100117510000,서울특별시 서초구 방배동,서울특별시 서초구 동작대로 132 (방배동),근린생활1,제1종근린생활시설,102315716,지번
1165010100108640023,서울특별시 서초구 방배동,서울특별시 서초구 도구로 109 (방배동),근린생활2,제2종근린생활시설,102313483,지번
1165010200103060004,서울특별시 서초구 양재동,서울특별시 서초구 언남12길 16 (양재동),근린생활1,제1종근린생활시설,102319248,지번
1165010200103060008,서울특별시 서초구 양재동,서울특별시 서초구 언남10길 17 (양재동),근린생활2,제2종근린생활시설,102319250,지번
1165010200103120000,서울특별시 서초구 양재동,서울특별시 서초구 강남대로18길 26 (양재동),근린생활1,제1종근린생활시설,102319271,지번
1165010600100200008,서울특별시 서초구 잠원동,서울특별시 서초구 강남대로99길 10 (잠원동),근린생활2,근린생활시설,1023111281,지번
1165010700100580008,서울특별시 서초구 반포동,서울특별시 서초구 고무래로 8 (반포동),근린생활2,제2종근린생활시설,1023112137,지번
1165010100100870079,서울특별시 서초구 방배동,서울특별시 서초구 서초대로27길 54 (방배동),근린생활2,제2종근린생활시설,10231100191274,지번
1165010200100580000,서울특별시 서초구 양재동,서울특별시 서초구 강남대로27길 106 (양재동),근린생활2,단독주택,102318253,지번
1165010200100580000,서울특별시 서초구 양재동,서울특별시 서초구 강남대로27길 106 (양재동),근린생활2,단독주택,102318254,지번
1165010200100580000,서울특별시 서초구 양재동,서울특별시 서초구 강남대로27길 106 (양재동),근린생활2,단독주택,102318255,지번
1165010200100580000,서울특별시 서초구 양재동,서울특별시 서초구 강남대로27길 106 (양재동),근린생활2,단독주택,102318256,지번
1165010200100580000,서울특별시 서초구 양재동,서울특별시 서초구 강남대로27길 106 (양재동),근린생활2,단독주택,102318257,지번
1165010200100580000,서울특별시 서초구 양재동,서울특별시 서초구 강남대로27길 106 (양재동),근린생활2,단독주택,102318258,지번
1165010200100580000,서울특별시 서초구 양재동,서울특별시 서초구 강남대로27길 106 (양재동),근린생활2,단독주택,102318259,지번
1165010200100580000,서울특별시 서초구 양재동,서울특별시 서초구 강남대로27길 106 (양재동),근린생활2,제2종근린생활시설,102318260,지번
1165010200100580000,서울특별시 서초구 양재동,서울특별시 서초구 강남대로27길 106 (양재동),근린생활2,제2종근린생활시설,102318261,지번
1165010200100580000,서울특별시 서초구 양재동,서울특별시 서초구 강남대로27길 106 (양재동),근린생활2,단독주택,102318262,지번
1165010100107730018,서울특별시 서초구 방배동,서울특별시 서초구 방배로 234-9 (방배동),근린생활1,제1종근린생활시설,102312237,지번
1165010200101030000,서울특별시 서초구 양재동,서울특별시 서초구 바우뫼로 106 (양재동),근린생활1,제1종근린생활시설,102318497,지번
1165010200102520008,서울특별시 서초구 양재동,서울특별시 서초구 언남7길 8 (양재동),근린생활2,제2종근린생활시설,102318809,지번
1165010800116270002,서울특별시 서초구 서초동,서울특별시 서초구 사임당로 66 (서초동),근린생활2,제1종근린생활시설,1023116454,지번
1165010200103190002,서울특별시 서초구 양재동,서울특별시 서초구 강남대로16길 14-4 (양재동),근린생활2,제2종근린생활시설,102319317,지번
1165010100100180027,서울특별시 서초구 방배동,서울특별시 서초구 방배로42길 3 (방배동),근린생활2,제2종근린생활시설,10231612,지번
1165010800116030053,서울특별시 서초구 서초동,서울특별시 서초구 효령로61길 15 (서초동),근린생활1,단독주택,1023116150,지번
1165010800116030053,서울특별시 서초구 서초동,서울특별시 서초구 효령로61길 15 (서초동),근린생활1,단독주택,1023116151,지번
1165010800116030053,서울특별시 서초구 서초동,서울특별시 서초구 효령로61길 15 (서초동),근린생활1,단독주택,1023116152,지번
1165010800116030053,서울특별시 서초구 서초동,서울특별시 서초구 효령로61길 15 (서초동),근린생활1,단독주택,1023116153,지번
1165010800116030053,서울특별시 서초구 서초동,서울특별시 서초구 효령로61길 15 (서초동),근린생활1,단독주택,1023116154,지번
1165010800116030053,서울특별시 서초구 서초동,서울특별시 서초구 효령로61길 15 (서초동),근린생활1,단독주택,1023116155,지번
1165010800116030053,서울특별시 서초구 서초동,서울특별시 서초구 효령로61길 15 (서초동),근린생활1,단독주택,1023116156,지번
1165010800116030053,서울특별시 서초구 서초동,서울특별시 서초구 효령로61길 15 (서초동),근린생활1,단독주택,1023116157,지번
1165010800116030053,서울특별시 서초구 서초동,서울특별시 서초구 효령로61길 15 (서초동),근린생활1,제1종근린생활시설,1023116158,지번
1165010800116030053,서울특별시 서초구 서초동,서울특별시 서초구 효령로61길 15 (서초동),근린생활1,단독주택,1023116159,지번
1165010800116030053,서울특별시 서초구 서초동,서울특별시 서초구 효령로61길 15 (서초동),근린생활1,단독주택,1023116160,지번
1165010100108280003,서울특별시 서초구 방배동,서울특별시 서초구 방배천로 146 (방배동),근린생활2,제2종근린생활시설,102312944,지번
1165010200102410010,서울특별시 서초구 양재동,서울특별시 서초구 강남대로18길 5 (양재동),근린생활2,제2종근린생활시설,102318745,지번
1165010200100800003,서울특별시 서초구 양재동,서울특별시 서초구 양재천로21길 39 (양재동),근린생활1,제1종근린생활시설,102318291,지번
1165010100104370026,서울특별시 서초구 방배동,서울특별시 서초구 방배천로16길 11-18 (방배동),근린생활2,제2종근린생활시설,102311004,지번
1165010200100800004,서울특별시 서초구 양재동,서울특별시 서초구 양재천로21길 37 (양재동),근린생활1,제1종근린생활시설,102318292,지번
1165010200100800005,서울특별시 서초구 양재동,서울특별시 서초구 양재천로21길 33 (양재동),근린생활2,제2종근린생활시설,102318293,지번
1165010200100890003,서울특별시 서초구 양재동,서울특별시 서초구 양재천로29길 7 (양재동),근린생활1,제1종근린생활시설,102318386,지번
1165010200103250006,서울특별시 서초구 양재동,서울특별시 서초구 강남대로12길 32 (양재동),근린생활1,제1종근린생활시설,102319344,지번
1165010200103260010,서울특별시 서초구 양재동,서울특별시 서초구 동산로 7 (양재동),근린생활2,제2종근린생활시설,102319355,지번
1165010800113410019,서울특별시 서초구 서초동,서울특별시 서초구 서운로 46 (서초동),근린생활2,제2종근린생활시설,1023114380,지번
1165010200103380000,서울특별시 서초구 양재동,서울특별시 서초구 강남대로10길 60-2 (양재동),근린생활1,제1종근린생활시설,102319475,지번
1165010200103390008,서울특별시 서초구 양재동,서울특별시 서초구 강남대로8길 39-26 (양재동),근린생활2,제2종근린생활시설,102319491,지번
1165010300100030001,서울특별시 서초구 우면동,서울특별시 서초구 바우뫼로6길 8-77 (우면동),근린생활2,공동주택,10231100280716,지번
1165010800116050004,서울특별시 서초구 서초동,서울특별시 서초구 효령로 349-5 (서초동),근린생활2,제2종근린생활시설,1023116207,지번
1165010200102490013,서울특별시 서초구 양재동,서울특별시 서초구 마방로2길 15-5 (양재동),근린생활2,제2종근린생활시설,102318792,지번
1165010700100910001,서울특별시 서초구 반포동,서울특별시 서초구 서래로8길 6 (반포동),근린생활1,제1종근린생활시설,1023112243,지번
1165010100109830008,서울특별시 서초구 방배동,서울특별시 서초구 효령로34길 12 (방배동),근린생활2,제2종근린생활시설,102315510,지번
1165010200100820005,서울특별시 서초구 양재동,서울특별시 서초구 바우뫼로 194 (양재동),근린생활2,제2종근린생활시설,102318317,지번
1165010200100850006,서울특별시 서초구 양재동,서울특별시 서초구 양재천로31길 12 (양재동),근린생활1,제1종근린생활시설,102318354,지번
1165010200100880007,서울특별시 서초구 양재동,서울특별시 서초구 양재천로29길 4 (양재동),근린생활1,제1종근린생활시설,102318379,지번
1165010900100010406,서울특별시 서초구 내곡동,서울특별시 서초구 신흥안길 40-41 (내곡동),근린생활2,제2종근린생활시설,1023118295,지번
1165010200103510003,서울특별시 서초구 양재동,서울특별시 서초구 강남대로6길 12 (양재동),근린생활2,제2종근린생활시설,102319586,지번
1165010100100010062,서울특별시 서초구 방배동,서울특별시 서초구 동광로27길 38 (방배동),근린생활1,제1종근린생활시설,10231540,지번
1165010100100010062,서울특별시 서초구 방배동,서울특별시 서초구 동광로27길 38 (방배동),근린생활1,공동주택,102316025,지번
1165010300102100027,서울특별시 서초구 우면동,서울특별시 서초구 형촌8길 7 (우면동),근린생활1,제1종근린생활시설,1023110751,지번
1165010200103340007,서울특별시 서초구 양재동,서울특별시 서초구 강남대로8길 65-4 (양재동),근린생활1,단독주택,10231100279055,지번
1165010100107610004,서울특별시 서초구 방배동,서울특별시 서초구 방배중앙로 191 (방배동),근린생활2,제2종근린생활시설,102316580,지번
1165010800114520007,서울특별시 서초구 서초동,서울특별시 서초구 남부순환로325길 17 (서초동),근린생활1,제1종근린생활시설,1023117470,지번
1165010200100970005,서울특별시 서초구 양재동,서울특별시 서초구 양재천로 103-1 (양재동),근린생활2,제2종근린생활시설,102318481,지번
1165010200100980005,서울특별시 서초구 양재동,서울특별시 서초구 양재천로 95-4 (양재동),근린생활2,제2종근린생활시설,102318491,지번
1165010800115720009,서울특별시 서초구 서초동,서울특별시 서초구 반포대로30길 69 (서초동),근린생활2,제2종근린생활시설,1023115906,지번
1165010200103510005,서울특별시 서초구 양재동,서울특별시 서초구 강남대로6길 18 (양재동),근린생활2,제2종근린생활시설,102319587,지번
1165010200103720003,서울특별시 서초구 양재동,서울특별시 서초구 동산로 44 (양재동),근린생활2,제2종근린생활시설,10231100285935,지번
1165010800116650009,서울특별시 서초구 서초동,서울특별시 서초구 서초중앙로18길 43 (서초동),근린생활2,제2종근린생활시설,1023116838,지번
1165010200103190009,서울특별시 서초구 양재동,서울특별시 서초구 강남대로12길 23-40 (양재동),근린생활1,제1종근린생활시설,102319321,지번
1165010200102650019,서울특별시 서초구 양재동,서울특별시 서초구 마방로6길 43 (양재동),근린생활2,제2종근린생활시설,102318934,지번
1165010700107080012,서울특별시 서초구 반포동,서울특별시 서초구 사평대로55길 126 (반포동),근린생활2,제2종근린생활시설,1023112671,지번
1165010200100820009,서울특별시 서초구 양재동,서울특별시 서초구 양재천로29길 21 (양재동),근린생활2,제2종근린생활시설,102318321,지번
1165010200103850012,서울특별시 서초구 양재동,서울특별시 서초구 논현로1길 59 (양재동),근린생활1,제2종근린생활시설,10231100279155,지번
1165010200103910002,서울특별시 서초구 양재동,서울특별시 서초구 동산로16길 10 (양재동),근린생활1,제1종근린생활시설,102319775,지번
1165010200103920009,서울특별시 서초구 양재동,서울특별시 서초구 동산로 92 (양재동),근린생활2,제2종근린생활시설,102319792,지번
1165010200103920019,서울특별시 서초구 양재동,서울특별시 서초구 논현로7길 34 (양재동),근린생활2,제2종근린생활시설,102319799,지번
1165010800116960011,서울특별시 서초구 서초동,서울특별시 서초구 서초대로53길 10 (서초동),근린생활2,제2종근린생활시설,1023116996,지번
1165010700100940014,서울특별시 서초구 반포동,서울특별시 서초구 사평대로22길 5 (반포동),근린생활2,제2종근린생활시설,1023112275,지번
1165010700101050004,서울특별시 서초구 반포동,서울특별시 서초구 사평대로22길 24 (반포동),근린생활2,제2종근린생활시설,1000000000000002982974,지번
1165010800116130012,서울특별시 서초구 서초동,서울특별시 서초구 서리풀6길 10-9 (서초동),근린생활1,제1종근린생활시설,1023116266,지번
1165010700105770092,서울특별시 서초구 반포동,서울특별시 서초구 동광로 166 (반포동),근린생활2,제2종근린생활시설,1023112540,지번
1165010100108160002,서울특별시 서초구 방배동,서울특별시 서초구 서초대로19길 94 (방배동),근린생활2,제2종근린생활시설,102316812,지번
1165010800115640013,서울특별시 서초구 서초동,서울특별시 서초구 반포대로20길 69 (서초동),근린생활2,제2종근린생활시설,1023115802,지번
1165010200102030008,서울특별시 서초구 양재동,서울특별시 서초구 매헌로 56 (양재동),근린생활1,제1종근린생활시설,102318651,지번
1165010700101060005,서울특별시 서초구 반포동,서울특별시 서초구 사평대로22길 14 (반포동),근린생활2,제2종근린생활시설,1023112321,지번
1165010600100100037,서울특별시 서초구 잠원동,서울특별시 서초구 강남대로101안길 36 (잠원동),근린생활2,제2종근린생활시설,1023111186,지번
1165010800116180002,서울특별시 서초구 서초동,서울특별시 서초구 서리풀3길 21 (서초동),근린생활1,제1종근린생활시설,1023116327,지번
1165010200100240000,서울특별시 서초구 양재동,서울특별시 서초구 강남대로 213 (양재동),근린생활2,제2종근린생활시설,10231100182830,지번
1165010200100240000,서울특별시 서초구 양재동,서울특별시 서초구 강남대로 213 (양재동),근린생활2,운동시설,102318237,지번
1165010800116670012,서울특별시 서초구 서초동,서울특별시 서초구 서초대로56길 39 (서초동),근린생활2,제2종근린생활시설,10231100183508,지번
1165010200102460004,서울특별시 서초구 양재동,서울특별시 서초구 언남5길 1 (양재동),근린생활2,제2종근린생활시설,102318768,지번
1165010800114430025,서울특별시 서초구 서초동,서울특별시 서초구 효령로68길 88 (서초동),근린생활1,제1종근린생활시설,1023114849,지번
1165010200102490014,서울특별시 서초구 양재동,서울특별시 서초구 마방로2길 9 (양재동),근린생활2,제2종근린생활시설,102318793,지번
1165010200102500000,서울특별시 서초구 양재동,서울특별시 서초구 마방로4길 18 (양재동),근린생활2,제2종근린생활시설,102318794,지번
1165010100107770019,서울특별시 서초구 방배동,서울특별시 서초구 방배로37길 56 (방배동),근린생활1,제2종근린생활시설,1000000000000006576872,지번
1165010100107640034,서울특별시 서초구 방배동,서울특별시 서초구 방배중앙로27길 38 (방배동),근린생활1,제1종근린생활시설,102312130,지번
1165010800116210007,서울특별시 서초구 서초동,서울특별시 서초구 서초중앙로8길 10 (서초동),근린생활1,제1종근린생활시설,1023116393,지번
1165010800116250011,서울특별시 서초구 서초동,서울특별시 서초구 사임당로8길 11 (서초동),근린생활2,제2종근린생활시설,1023116441,지번
1165010800114600021,서울특별시 서초구 서초동,서울특별시 서초구 반포대로 33 (서초동),근린생활2,판매시설,10231100284135,지번
1165010200102590005,서울특별시 서초구 양재동,서울특별시 서초구 마방로6길 8-45 (양재동),근린생활1,제1종근린생활시설,102318874,지번
1165010200102640014,서울특별시 서초구 양재동,서울특별시 서초구 마방로10길 18-30 (양재동),근린생활2,제2종근린생활시설,102318919,지번
1165010200102650016,서울특별시 서초구 양재동,서울특별시 서초구 언남길 61 (양재동),근린생활2,제2종근린생활시설,102318931,지번
1165010700107160003,서울특별시 서초구 반포동,서울특별시 서초구 주흥9길 14-18 (반포동),근린생활2,제2종근린생활시설,1023112760,지번
1165010700107170011,서울특별시 서초구 반포동,서울특별시 서초구 주흥길 69 (반포동),근린생활1,제1종근린생활시설,1023112784,지번
1165010100104690007,서울특별시 서초구 방배동,서울특별시 서초구 청두곶2길 10 (방배동),근린생활2,제2종근린생활시설,102311441,지번
1165010800113640031,서울특별시 서초구 서초동,서울특별시 서초구 남부순환로347길 21-20 (서초동),근린생활2,제2종근린생활시설,1023114637,지번
1165010700100920011,서울특별시 서초구 반포동,서울특별시 서초구 서래로8길 3 (반포동),근린생활2,제2종근린생활시설,1023112258,지번
1165010800116670010,서울특별시 서초구 서초동,서울특별시 서초구 서초대로58길 42 (서초동),근린생활2,제2종근린생활시설,1023116869,지번
1165010700100920014,서울특별시 서초구 반포동,서울특별시 서초구 사평대로26길 26-7 (반포동),근린생활1,제1종근린생활시설,1023112261,지번
1165010700100930005,서울특별시 서초구 반포동,서울특별시 서초구 서래로10길 9 (반포동),근린생활1,제1종근린생활시설,1023112265,지번
1165010800116280061,서울특별시 서초구 서초동,서울특별시 서초구 서리풀3길 22 (서초동),근린생활2,제2종근린생활시설,1023116505,지번
1165010200103680000,서울특별시 서초구 양재동,서울특별시 서초구 동산로6길 37 (양재동),근린생활2,제2종근린생활시설,102319690,지번
1165010100109010002,서울특별시 서초구 방배동,서울특별시 서초구 방배로 130 (방배동),근린생활2,제2종근린생활시설,102317152,지번
1165010100104690005,서울특별시 서초구 방배동,서울특별시 서초구 효령로5길 25-4 (방배동),근린생활2,제2종근린생활시설,102311439,지번
1165010100108310016,서울특별시 서초구 방배동,서울특별시 서초구 서초대로15길 57 (방배동),근린생활2,제2종근린생활시설,102313031,지번
1165010800115570020,서울특별시 서초구 서초동,서울특별시 서초구 반포대로26길 49 (서초동),근린생활2,제2종근린생활시설,1023115748,지번
1165010800116010001,서울특별시 서초구 서초동,서울특별시 서초구 효령로55길 28 (서초동),근린생활1,제1종근린생활시설,1023117965,지번
1165010800114440009,서울특별시 서초구 서초동,서울특별시 서초구 효령로60길 23-11 (서초동),근린생활2,제2종근린생활시설,1023114862,지번
1165010800114580010,서울특별시 서초구 서초동,서울특별시 서초구 효령로52길 5 (서초동),근린생활2,제2종근린생활시설,1023114964,지번
1165010800116890005,서울특별시 서초구 서초동,서울특별시 서초구 서초대로 339 (서초동),근린생활1,제1종근린생활시설,1023116956,지번
1165010100109220016,서울특별시 서초구 방배동,서울특별시 서초구 효령로29길 35 (방배동),근린생활2,제2종근린생활시설,102314286,지번
1165010100109220024,서울특별시 서초구 방배동,서울특별시 서초구 방배로13길 34 (방배동),근린생활2,제2종근린생활시설,102314291,지번
1165010700107100011,서울특별시 서초구 반포동,서울특별시 서초구 사평대로53길 117 (반포동),근린생활1,제1종근린생활시설,1023112691,지번
1165011100104360005,서울특별시 서초구 신원동,서울특별시 서초구 본마을길 25-6 (신원동),근린생활2,제2종근린생활시설,1023119125,지번
1165010200100170001,서울특별시 서초구 양재동,서울특별시 서초구 강남대로30길 28 (양재동),근린생활2,제2종근린생활시설,102318172,지번
1165010200100700005,서울특별시 서초구 양재동,서울특별시 서초구 바우뫼로27길 7-21 (양재동),근린생활1,제1종근린생활시설,102318285,지번
1165010200100070037,서울특별시 서초구 양재동,서울특별시 서초구 바우뫼로41길 72-2 (양재동),근린생활2,제1종근린생활시설,102317897,지번
1165010700107080005,서울특별시 서초구 반포동,서울특별시 서초구 사평대로55길 134 (반포동),근린생활2,제2종근린생활시설,1023112666,지번
1165010800116980011,서울특별시 서초구 서초동,서울특별시 서초구 서초대로53길 19 (서초동),근린생활2,제2종근린생활시설,1023117029,지번
1165010800116980009,서울특별시 서초구 서초동,서울특별시 서초구 서초대로51길 22 (서초동),근린생활2,제2종근린생활시설,1023117028,지번
1165010800115690008,서울특별시 서초구 서초동,서울특별시 서초구 반포대로22길 79-6 (서초동),근린생활2,제2종근린생활시설,1023115851,지번
1165010200101230010,서울특별시 서초구 양재동,서울특별시 서초구 양재천로17길 16 (양재동),근린생활1,제1종근린생활시설,102318617,지번
1165010800114420002,서울특별시 서초구 서초동,서울특별시 서초구 서초중앙로2길 82 (서초동),근린생활1,제1종근린생활시설,1023114818,지번
1165010200100090062,서울특별시 서초구 양재동,서울특별시 서초구 바우뫼로41길 61 (양재동),근린생활2,제2종근린생활시설,102317994,지번
1165010100109250005,서울특별시 서초구 방배동,서울특별시 서초구 방배로 123 (방배동),근린생활1,제1종근린생활시설,102314318,지번
1165010100107680012,서울특별시 서초구 방배동,서울특별시 서초구 방배중앙로 175 (방배동),근린생활2,제2종근린생활시설,102312197,지번
1165010100109250007,서울특별시 서초구 방배동,서울특별시 서초구 방배로 119-1 (방배동),근린생활2,제2종근린생활시설,102314320,지번
1165010100109250006,서울특별시 서초구 방배동,서울특별시 서초구 방배로 121 (방배동),근린생활1,제1종근린생활시설,102314319,지번
1165010100121330000,서울특별시 서초구 방배동,서울특별시 서초구 동광로 9 (방배동),근린생활2,제2종근린생활시설,102315748,지번
1165010800114320013,서울특별시 서초구 서초동,서울특별시 서초구 남부순환로335길 38 (서초동),근린생활2,제2종근린생활시설,1023114764,지번
1165010100108700041,서울특별시 서초구 방배동,서울특별시 서초구 서초대로15길 10 (방배동),근린생활2,제2종근린생활시설,10231100252414,지번
1165010200102090003,서울특별시 서초구 양재동,서울특별시 서초구 매헌로8길 9 (양재동),근린생활2,제2종근린생활시설,102318692,지번
1165010800116950020,서울특별시 서초구 서초동,서울특별시 서초구 서초중앙로24길 5 (서초동),근린생활2,제2종근린생활시설,1023116987,지번
1165010200101100012,서울특별시 서초구 양재동,서울특별시 서초구 강남대로23길 20 (양재동),근린생활2,공동주택,10231100295090,지번
1165010200102040000,서울특별시 서초구 양재동,서울특별시 서초구 매헌로16길 6 (양재동),근린생활2,제2종근린생활시설,102318657,지번
1165010200101230000,서울특별시 서초구 양재동,서울특별시 서초구 양재천로19길 11-13 (양재동),근린생활1,제1종근린생활시설,102318609,지번
1165010300106050001,서울특별시 서초구 우면동,서울특별시 서초구 식유촌길 69 (우면동),근린생활2,제2종근린생활시설,1023110884,지번
1165010100109230012,서울특별시 서초구 방배동,서울특별시 서초구 효령로31길 63 (방배동),근린생활2,제2종근린생활시설,102314296,지번
1165010800117070001,서울특별시 서초구 서초동,서울특별시 서초구 반포대로34길 14 (서초동),근린생활2,제2종근린생활시설,1023117064,지번
1165010200103200000,서울특별시 서초구 양재동,서울특별시 서초구 강남대로16길 24 (양재동),근린생활2,업무시설,1000000000000001273101,지번
1165010100109250008,서울특별시 서초구 방배동,서울특별시 서초구 방배로 119 (방배동),근린생활2,제2종근린생활시설,102314321,지번
1165010100109250009,서울특별시 서초구 방배동,서울특별시 서초구 방배로 117 (방배동),근린생활1,제1종근린생활시설,102314322,지번
1165010200102650003,서울특별시 서초구 양재동,서울특별시 서초구 언남11길 7-29 (양재동),근린생활1,제1종근린생활시설,102318924,지번
1165010200102650023,서울특별시 서초구 양재동,서울특별시 서초구 마방로6길 31 (양재동),근린생활1,제1종근린생활시설,102318938,지번
1165010100108140007,서울특별시 서초구 방배동,서울특별시 서초구 동광로 56-9 (방배동),근린생활2,제2종근린생활시설,102312704,지번
1165010100109700019,서울특별시 서초구 방배동,서울특별시 서초구 도구로 63 (방배동),근린생활1,제1종근린생활시설,102315320,지번
1165010200100110049,서울특별시 서초구 양재동,서울특별시 서초구 남부순환로350길 19-16 (양재동),근린생활2,제2종근린생활시설,102318068,지번
1165010200104020014,서울특별시 서초구 양재동,서울특별시 서초구 논현로1길 47 (양재동),근린생활1,제1종근린생활시설,102319866,지번
1165010800115850012,서울특별시 서초구 서초동,서울특별시 서초구 반포대로12길 10 (서초동),근린생활2,제2종근린생활시설,1023116014,지번
1165010200100920013,서울특별시 서초구 양재동,서울특별시 서초구 양재천로 117-18 (양재동),근린생활1,제1종근린생활시설,102318415,지번
1165010800113130018,서울특별시 서초구 서초동,서울특별시 서초구 서운로21길 14 (서초동),근린생활1,제1종근린생활시설,1023114253,지번
1165010800113130018,서울특별시 서초구 서초동,서울특별시 서초구 서운로21길 14 (서초동),근린생활1,단독주택,1023114254,지번
1165010800114970021,서울특별시 서초구 서초동,서울특별시 서초구 명달로 99 (서초동),근린생활2,제2종근린생활시설,1023115319,지번
1165010800115120005,서울특별시 서초구 서초동,서울특별시 서초구 명달로20길 61 (서초동),근린생활2,제2종근린생활시설,1023115478,지번
1165010700107010006,서울특별시 서초구 반포동,서울특별시 서초구 신반포로 304 (반포동),근린생활2,제2종근린생활시설,1023112577,지번
1165010700107030034,서울특별시 서초구 반포동,서울특별시 서초구 주흥16길 13 (반포동),근린생활2,제2종근린생활시설,1000000000000003598587,지번
1165010200102500001,서울특별시 서초구 양재동,서울특별시 서초구 마방로4길 22 (양재동),근린생활1,제1종근린생활시설,102318795,지번
1165010200102410004,서울특별시 서초구 양재동,서울특별시 서초구 마방로2길 18 (양재동),근린생활2,제2종근린생활시설,102318739,지번
1165010800113420007,서울특별시 서초구 서초동,서울특별시 서초구 서운로11길 10 (서초동),근린생활2,제2종근린생활시설,1023114384,지번
1165010200100150028,서울특별시 서초구 양재동,서울특별시 서초구 바우뫼로37길 44 (양재동),근린생활2,제2종근린생활시설,102318147,지번
1165010800114320023,서울특별시 서초구 서초동,서울특별시 서초구 남부순환로339길 23 (서초동),근린생활2,제2종근린생활시설,1023114770,지번
1165010800114280009,서울특별시 서초구 서초동,서울특별시 서초구 남부순환로333길 21 (서초동),근린생활2,제2종근린생활시설,1023114731,지번
1165010100109240003,서울특별시 서초구 방배동,서울특별시 서초구 효령로31길 60 (방배동),근린생활2,제2종근린생활시설,102314301,지번
1165010800115950008,서울특별시 서초구 서초동,서울특별시 서초구 효령로55길 47 (서초동),근린생활2,제2종근린생활시설,1023116073,지번
1165010200102770005,서울특별시 서초구 양재동,서울특별시 서초구 논현로 63 (양재동),근린생활2,제2종근린생활시설,102319061,지번
1165010100118470000,서울특별시 서초구 방배동,서울특별시 서초구 서초대로1길 23 (방배동),근린생활1,제1종근린생활시설,102315726,지번
1165010100109810001,서울특별시 서초구 방배동,서울특별시 서초구 효령로28길 3 (방배동),근린생활2,제2종근린생활시설,102315484,지번
1165010100109800029,서울특별시 서초구 방배동,서울특별시 서초구 효령로 49 (방배동),근린생활1,제1종근린생활시설,102315476,지번
1165010200100020028,서울특별시 서초구 양재동,서울특별시 서초구 남부순환로358길 63 (양재동),근린생활2,제2종근린생활시설,102317810,지번
1165010700107080002,서울특별시 서초구 반포동,서울특별시 서초구 사평대로57길 139 (반포동),근린생활2,제2종근린생활시설,1023112663,지번
1165010800113420000,서울특별시 서초구 서초동,서울특별시 서초구 효령로 394 (서초동),근린생활1,제1종근린생활시설,1023117306,지번
1165010700107070009,서울특별시 서초구 반포동,서울특별시 서초구 강남대로89길 10 (반포동),근린생활1,제1종근린생활시설,1023112659,지번
1165010200103510011,서울특별시 서초구 양재동,서울특별시 서초구 강남대로6길 22 (양재동),근린생활1,제1종근린생활시설,102319593,지번
1165010800115190006,서울특별시 서초구 서초동,서울특별시 서초구 명달로16길 33 (서초동),근린생활1,제1종근린생활시설,1023115498,지번
1165010700107080001,서울특별시 서초구 반포동,서울특별시 서초구 강남대로 545-15 (반포동),근린생활2,제2종근린생활시설,1023112662,지번
1165010700100510002,서울특별시 서초구 반포동,서울특별시 서초구 서초중앙로 219 (반포동),근린생활2,제2종근린생활시설,1023112083,지번
1165010700100440004,서울특별시 서초구 반포동,서울특별시 서초구 서초중앙로 195 (반포동),근린생활2,제2종근린생활시설,10231100211695,지번
1165010200100960009,서울특별시 서초구 양재동,,근린생활2,제2종근린생활시설,10231100245554,지번
1165010700100150002,서울특별시 서초구 반포동,서울특별시 서초구 신반포로16길 30 (반포동),근린생활1,운동시설,10231100181688,지번
1165010700100150002,서울특별시 서초구 반포동,서울특별시 서초구 신반포로16길 30 (반포동),근린생활1,제1종근린생활시설,10231100221462,지번
1165010700100150002,서울특별시 서초구 반포동,서울특별시 서초구 신반포로16길 30 (반포동),근린생활1,제1종근린생활시설,10231100221463,지번
1165010700100150002,서울특별시 서초구 반포동,서울특별시 서초구 신반포로16길 30 (반포동),근린생활1,제1종근린생활시설,10231100221464,지번
1165010700100150002,서울특별시 서초구 반포동,서울특별시 서초구 신반포로16길 30 (반포동),근린생활1,제1종근린생활시설,1023112031,지번
1165010200100180003,서울특별시 서초구 양재동,서울특별시 서초구 강남대로30길 48-2 (양재동),근린생활2,제2종근린생활시설,102318205,지번
1165010800115150008,서울특별시 서초구 서초동,서울특별시 서초구 명달로22길 8 (서초동),근린생활2,제2종근린생활시설,1023115488,지번
1165010100109830007,서울특별시 서초구 방배동,서울특별시 서초구 방배로10길 18 (방배동),근린생활2,제2종근린생활시설,102315509,지번
1165010800115720013,서울특별시 서초구 서초동,서울특별시 서초구 반포대로30길 57 (서초동),근린생활2,제2종근린생활시설,1023115910,지번
1165010200100100014,서울특별시 서초구 양재동,서울특별시 서초구 남부순환로350길 51 (양재동),근린생활2,제2종근린생활시설,102318005,지번
1165010200102830006,서울특별시 서초구 양재동,서울특별시 서초구 논현로 49 (양재동),근린생활2,제2종근린생활시설,102319109,지번
1165010200103320009,서울특별시 서초구 양재동,서울특별시 서초구 동산로2길 23 (양재동),근린생활2,제2종근린생활시설,102319404,지번
1165011100101950016,서울특별시 서초구 신원동,서울특별시 서초구 청룡마을1길 1 (신원동),근린생활1,제1종근린생활시설,1023119024,지번
1165010100109250022,서울특별시 서초구 방배동,서울특별시 서초구 효령로31길 86 (방배동),근린생활2,제2종근린생활시설,102314331,지번
1165010800113070004,서울특별시 서초구 서초동,서울특별시 서초구 서초대로73길 24 (서초동),근린생활2,제2종근린생활시설,1023114219,지번
1165010900100011106,서울특별시 서초구 내곡동,서울특별시 서초구 신흥말길 40 (내곡동),근린생활2,제2종근린생활시설,1023118323,지번
1165010200103160004,서울특별시 서초구 양재동,서울특별시 서초구 마방로2길 78 (양재동),근린생활2,제2종근린생활시설,1000000000000006996886,지번
1165010800115890002,서울특별시 서초구 서초동,서울특별시 서초구 효령로51길 18 (서초동),근린생활2,제2종근린생활시설,1023116034,지번
1165010200100020044,서울특별시 서초구 양재동,서울특별시 서초구 논현로 171 (양재동),근린생활2,제2종근린생활시설,102317822,지번
1165010100109240008,서울특별시 서초구 방배동,서울특별시 서초구 효령로31길 48 (방배동),근린생활1,제1종근린생활시설,102314305,지번
1165010700100580004,서울특별시 서초구 반포동,서울특별시 서초구 고무래로 6-5 (반포동),근린생활2,제2종근린생활시설,1023112133,지번
1165010100109240006,서울특별시 서초구 방배동,서울특별시 서초구 효령로31길 54 (방배동),근린생활2,제2종근린생활시설,102314303,지번
1165010100109240007,서울특별시 서초구 방배동,서울특별시 서초구 효령로31길 52 (방배동),근린생활1,제1종근린생활시설,102314304,지번
1165010100109240010,서울특별시 서초구 방배동,서울특별시 서초구 방배로13길 10 (방배동),근린생활2,제2종근린생활시설,102314307,지번
1165010800115450014,서울특별시 서초구 서초동,서울특별시 서초구 반포대로 90 (서초동),근린생활1,제1종근린생활시설,1023117866,지번
1165010800115570015,서울특별시 서초구 서초동,서울특별시 서초구 반포대로28길 56-6 (서초동),근린생활2,제2종근린생활시설,1023117895,지번
1165010300100070015,서울특별시 서초구 우면동,서울특별시 서초구 바우뫼로6길 8-7 (우면동),근린생활2,공동주택,10231100287895,지번
1165010600100480002,서울특별시 서초구 잠원동,서울특별시 서초구 신반포로41길 39 (잠원동),근린생활2,제2종근린생활시설,1023111647,지번
1165010100108360007,서울특별시 서초구 방배동,서울특별시 서초구 방배로27길 12 (방배동),근린생활1,제1종근린생활시설,102313132,지번
1165010600100500002,서울특별시 서초구 잠원동,서울특별시 서초구 잠원로14길 29 (잠원동),판매시설,판매시설,1023111830,지번
1165011100102630006,서울특별시 서초구 신원동,서울특별시 서초구 청룡마을길 43 (신원동),근린생활1,제1종근린생활시설,10231100279675,지번
1165011100102630006,서울특별시 서초구 신원동,서울특별시 서초구 청룡마을길 41 (신원동),근린생활1,제1종근린생활시설,10231100279776,지번
1165010200103000001,서울특별시 서초구 양재동,서울특별시 서초구 동산로19길 27 (양재동),근린생활2,제2종근린생활시설,102319209,지번
1165010100108070001,서울특별시 서초구 방배동,서울특별시 서초구 동광로22길 3 (방배동),근린생활2,공동주택,10231100278816,지번
1165010100108070001,서울특별시 서초구 방배동,서울특별시 서초구 동광로22길 3 (방배동),근린생활2,공동주택,10231100278828,지번
1165010800116140018,서울특별시 서초구 서초동,서울특별시 서초구 사임당로20길 56-10 (서초동),근린생활1,제1종근린생활시설,1023116292,지번
1165010100109240011,서울특별시 서초구 방배동,서울특별시 서초구 방배로 107 (방배동),근린생활1,업무시설,10231100292555,지번
1165010800116100004,서울특별시 서초구 서초동,서울특별시 서초구 효령로67길 71-9 (서초동),근린생활2,제2종근린생활시설,1023116220,지번
1165010100109240014,서울특별시 서초구 방배동,서울특별시 서초구 방배로 113 (방배동),근린생활1,제1종근린생활시설,102314312,지번
1165011100105360001,서울특별시 서초구 신원동,서울특별시 서초구 청계산로 59 (신원동),근린생활2,제2종근린생활시설,1023119235,지번
1165010100107950015,서울특별시 서초구 방배동,서울특별시 서초구 방배로37길 7 (방배동),근린생활2,제2종근린생활시설,10231100242134,지번
1165010100109360010,서울특별시 서초구 방배동,서울특별시 서초구 방배로 147 (방배동),근린생활1,제2종근린생활시설,10231100221112,지번
1165010100109360010,서울특별시 서초구 방배동,서울특별시 서초구 방배로 147 (방배동),근린생활1,제1종근린생활시설,102314553,지번
1165011100102160018,서울특별시 서초구 신원동,서울특별시 서초구 청룡마을길 13 (신원동),근린생활1,제1종근린생활시설,1023119044,지번
1165010100108360008,서울특별시 서초구 방배동,서울특별시 서초구 방배로27길 8 (방배동),근린생활2,제2종근린생활시설,10231100251634,지번
1165010700107070003,서울특별시 서초구 반포동,서울특별시 서초구 강남대로 541 (반포동),근린생활1,제1종근린생활시설,1023112654,지번
1165010700107070003,서울특별시 서초구 반포동,서울특별시 서초구 강남대로 541 (반포동),근린생활1,제1종근린생활시설,1023112655,지번
1165010800114810003,서울특별시 서초구 서초동,서울특별시 서초구 효령로46길 22 (서초동),근린생활2,제2종근린생활시설,10231100238554,지번
1165010800114890007,서울특별시 서초구 서초동,서울특별시 서초구 명달로 52-9 (서초동),근린생활2,제2종근린생활시설,1023115265,지번
1165010700107070002,서울특별시 서초구 반포동,서울특별시 서초구 강남대로 543 (반포동),근린생활1,제1종근린생활시설,1023112653,지번
1165010800115680005,서울특별시 서초구 서초동,서울특별시 서초구 서초대로50길 62-4 (서초동),근린생활2,제2종근린생활시설,1023115844,지번
1165010700107090000,서울특별시 서초구 반포동,서울특별시 서초구 주흥16길 22 (반포동),근린생활1,제1종근린생활시설,1023112674,지번
1165010700100720009,서울특별시 서초구 반포동,서울특별시 서초구 서래로6길 15 (반포동),근린생활2,제2종근린생활시설,1023112167,지번
1165010200100040011,서울특별시 서초구 양재동,서울특별시 서초구 논현로31길 31 (양재동),근린생활1,제1종근린생활시설,102317841,지번
1165010200103930003,서울특별시 서초구 양재동,서울특별시 서초구 논현로 19 (양재동),근린생활2,제1종근린생활시설,10231100269155,지번
1165010100114780000,서울특별시 서초구 방배동,서울특별시 서초구 서초대로1길 8 (방배동),근린생활2,제2종근린생활시설,10231100259214,지번
1165010100119430000,서울특별시 서초구 방배동,서울특별시 서초구 동작대로 144 (방배동),근린생활2,제2종근린생활시설,102315734,지번
1165010100122520000,서울특별시 서초구 방배동,서울특별시 서초구 동작대로 154 (방배동),근린생활1,공동주택,1000000000000003669946,지번
1165010100107510009,서울특별시 서초구 방배동,서울특별시 서초구 동광로19길 143 (방배동),근린생활2,업무시설,10231100275755,지번
1165010200103760000,서울특별시 서초구 양재동,서울특별시 서초구 동산로 52 (양재동),근린생활2,업무시설,10231100285635,지번
1165010800116890006,서울특별시 서초구 서초동,서울특별시 서초구 서초대로 341 (서초동),근린생활2,제2종근린생활시설,1023116957,지번
1165010800115700008,서울특별시 서초구 서초동,서울특별시 서초구 반포대로28길 76-10 (서초동),근린생활2,제2종근린생활시설,1023115867,지번
1165010800116040023,서울특별시 서초구 서초동,서울특별시 서초구 효령로61길 8 (서초동),근린생활1,제1종근린생활시설,1023116199,지번
1165010800116040017,서울특별시 서초구 서초동,서울특별시 서초구 서리풀길 3 (서초동),근린생활1,제2종근린생활시설,1000000000000005259575,지번
1165010800117140006,서울특별시 서초구 서초동,서울특별시 서초구 법원로4길 42 (서초동),근린생활2,제2종근린생활시설,1023117088,지번
1165010300100640002,서울특별시 서초구 우면동,서울특별시 서초구 바우뫼로 23 (우면동),근린생활1,제1종근린생활시설,1023110971,지번
1165010700107110024,서울특별시 서초구 반포동,서울특별시 서초구 주흥15길 5 (반포동),근린생활2,제2종근린생활시설,1023112707,지번
1165010800115360013,서울특별시 서초구 서초동,서울특별시 서초구 반포대로 65 (서초동),근린생활2,제2종근린생활시설,1023115571,지번
1165010100110230001,서울특별시 서초구 방배동,서울특별시 서초구 방배로 42 (방배동),근린생활2,공동주택,10231100294210,지번
1165010800117060005,서울특별시 서초구 서초동,서울특별시 서초구 서초대로45길 16 (서초동),근린생활2,제2종근린생활시설,1023117059,지번
1165010800117120004,서울특별시 서초구 서초동,서울특별시 서초구 서초대로49길 11 (서초동),근린생활1,제1종근린생활시설,1023117083,지번
1165010100104500001,서울특별시 서초구 방배동,서울특별시 서초구 방배천로 16 (방배동),근린생활2,제2종근린생활시설,102311080,지번
1165010600100100023,서울특별시 서초구 잠원동,서울특별시 서초구 나루터로15길 23 (잠원동),근린생활2,제2종근린생활시설,1000000000000007102969,지번
1165010800115230007,서울특별시 서초구 서초동,서울특별시 서초구 반포대로21길 39 (서초동),근린생활2,제2종근린생활시설,1023115509,지번
1165010700107090006,서울특별시 서초구 반포동,서울특별시 서초구 사평대로55길 125 (반포동),근린생활2,제2종근린생활시설,1023112680,지번
1165010200101090000,서울특별시 서초구 양재동,서울특별시 서초구 양재천로19길 52 (양재동),근린생활,근린생활시설,102318524,지번
1165010100109250001,서울특별시 서초구 방배동,서울특별시 서초구 방배로19길 9 (방배동),근린생활2,제2종근린생활시설,102314314,지번
1165010700107280030,서울특별시 서초구 반포동,서울특별시 서초구 주흥길 27 (반포동),근린생활2,제2종근린생활시설,1023113008,지번
1165010100109250002,서울특별시 서초구 방배동,서울특별시 서초구 방배로19길 7 (방배동),근린생활2,제2종근린생활시설,102314315,지번
1165010800115550005,서울특별시 서초구 서초동,서울특별시 서초구 서초대로46길 17 (서초동),근린생활1,제1종근린생활시설,1023115716,지번
1165010200103950009,서울특별시 서초구 양재동,서울특별시 서초구 논현로5길 24-8 (양재동),근린생활2,제2종근린생활시설,102319819,지번
1165010100108650015,서울특별시 서초구 방배동,서울특별시 서초구 방배천로26길 21 (방배동),근린생활2,제2종근린생활시설,10231100295570,지번
1165010600100220005,서울특별시 서초구 잠원동,서울특별시 서초구 강남대로99길 33 (잠원동),근린생활2,제2종근린생활시설,1023111292,지번
1165010200100080023,서울특별시 서초구 양재동,서울특별시 서초구 바우뫼로39길 96 (양재동),근린생활2,제2종근린생활시설,102317923,지번
1165010200102790002,서울특별시 서초구 양재동,서울특별시 서초구 언남17길 15 (양재동),근린생활2,제2종근린생활시설,102319075,지번
1165010600100450009,서울특별시 서초구 잠원동,서울특별시 서초구 신반포로43길 23-7 (잠원동),근린생활2,제2종근린생활시설,1023111621,지번
1165010800114840003,서울특별시 서초구 서초동,서울특별시 서초구 반포대로1길 55 (서초동),근린생활2,제2종근린생활시설,10231100235154,지번
1165010100108090011,서울특별시 서초구 방배동,서울특별시 서초구 서초대로25길 92 (방배동),근린생활2,제2종근린생활시설,102316790,지번
1165010800116300002,서울특별시 서초구 서초동,서울특별시 서초구 서리풀8길 1 (서초동),근린생활2,공동주택,10231100271195,지번
1165010800116210001,서울특별시 서초구 서초동,서울특별시 서초구 서초중앙로 50 (서초동),근린생활2,제2종근린생활시설,1023116388,지번
1165010800116260008,서울특별시 서초구 서초동,서울특별시 서초구 사임당로12길 12 (서초동),근린생활2,제2종근린생활시설,1000000000000001770150,지번
1165010100107820025,서울특별시 서초구 방배동,서울특별시 서초구 방배중앙로23길 42-3 (방배동),근린생활2,제2종근린생활시설,102312367,지번
1165010800114320025,서울특별시 서초구 서초동,서울특별시 서초구 남부순환로339길 27 (서초동),근린생활2,제2종근린생활시설,1023114771,지번
1165010100109400001,서울특별시 서초구 방배동,서울특별시 서초구 서초대로 76 (방배동),근린생활2,제2종근린생활시설,102314605,지번
1165010800114380009,서울특별시 서초구 서초동,서울특별시 서초구 효령로68길 14 (서초동),근린생활2,제2종근린생활시설,1023114795,지번
1165010800114380017,서울특별시 서초구 서초동,서울특별시 서초구 효령로 360 (서초동),근린생활1,제1종근린생활시설,1023114798,지번
1165010100109350040,서울특별시 서초구 방배동,서울특별시 서초구 방배로 141 (방배동),근린생활2,제2종근린생활시설,102314540,지번
1165010800114390008,서울특별시 서초구 서초동,서울특별시 서초구 남부순환로339길 64-21 (서초동),근린생활2,공동주택,10231100275135,지번
1165010100108710011,서울특별시 서초구 방배동,서울특별시 서초구 서초대로 77 (방배동),근린생활1,제1종근린생활시설,102313610,지번
1165010100108970002,서울특별시 서초구 방배동,서울특별시 서초구 서초대로 114 (방배동),근린생활1,제1종근린생활시설,10231100198679,지번
1165010100107520008,서울특별시 서초구 방배동,서울특별시 서초구 방배중앙로 213 (방배동),근린생활2,제2종근린생활시설,102312051,지번
1165010100107510011,서울특별시 서초구 방배동,서울특별시 서초구 동광로19길 141 (방배동),근린생활2,업무시설,10231100295750,지번
1165010200100860005,서울특별시 서초구 양재동,서울특별시 서초구 양재천로31길 1 (양재동),근린생활1,제1종근린생활시설,102318361,지번
1165010800115440003,서울특별시 서초구 서초동,서울특별시 서초구 반포대로 96 (서초동),근린생활1,제1종근린생활시설,1023115612,지번
1165010800115530014,서울특별시 서초구 서초동,서울특별시 서초구 반포대로30길 11 (서초동),근린생활2,제2종근린생활시설,1023115700,지번
1165010800115440009,서울특별시 서초구 서초동,서울특별시 서초구 반포대로24길 8 (서초동),근린생활2,제2종근린생활시설,1023115614,지번
1165010700107350015,서울특별시 서초구 반포동,서울특별시 서초구 사평대로57길 63-4 (반포동),근린생활2,제2종근린생활시설,10231100255394,지번
1165010400104140002,서울특별시 서초구 원지동,서울특별시 서초구 원터3길 2 (원지동),근린생활2,제2종근린생활시설,1023111099,지번
1165010800116470015,서울특별시 서초구 서초동,서울특별시 서초구 사임당로 113 (서초동),근린생활2,제2종근린생활시설,1023116704,지번
1165010800116430034,서울특별시 서초구 서초동,서울특별시 서초구 사임당로19길 80-8 (서초동),근린생활1,제1종근린생활시설,1023116675,지번
1165010800115710026,서울특별시 서초구 서초동,서울특별시 서초구 반포대로28길 69 (서초동),근린생활2,제2종근린생활시설,1023117933,지번
1165010800116980006,서울특별시 서초구 서초동,서울특별시 서초구 서초대로53길 25 (서초동),근린생활2,제2종근린생활시설,1023117025,지번
1165010200103050009,서울특별시 서초구 양재동,서울특별시 서초구 언남12길 7 (양재동),근린생활1,제1종근린생활시설,102319243,지번
1165010600100440001,서울특별시 서초구 잠원동,서울특별시 서초구 신반포로41길 32 (잠원동),근린생활2,제2종근린생활시설,1023111597,지번
1165010800115670011,서울특별시 서초구 서초동,서울특별시 서초구 서초대로46길 89 (서초동),근린생활2,제2종근린생활시설,1023115839,지번
1165010800117080004,서울특별시 서초구 서초동,서울특별시 서초구 서초대로41길 16 (서초동),근린생활2,제2종근린생활시설,10231100256894,지번
1165010100108760015,서울특별시 서초구 방배동,서울특별시 서초구 서초대로25길 10-1 (방배동),근린생활2,제2종근린생활시설,102313666,지번
1165010800116040007,서울특별시 서초구 서초동,서울특별시 서초구 서초중앙로8길 82 (서초동),근린생활2,제2종근린생활시설,1023116188,지번
1165010800114840001,서울특별시 서초구 서초동,서울특별시 서초구 남부순환로317길 74 (서초동),근린생활1,제1종근린생활시설,1023115131,지번
1165010800115270011,서울특별시 서초구 서초동,서울특별시 서초구 효령로 223 (서초동),근린생활2,제2종근린생활시설,1023115531,지번
1165010200100810011,서울특별시 서초구 양재동,서울특별시 서초구 논현로27길 98 (양재동),근린생활1,제1종근린생활시설,102318307,지번
1165010400103770001,서울특별시 서초구 원지동,서울특별시 서초구 원터2길 3 (원지동),근린생활1,제1종근린생활시설,1023111073,지번
1165010100108550022,서울특별시 서초구 방배동,서울특별시 서초구 서초대로19길 49 (방배동),근린생활1,제1종근린생활시설,102313318,지번
1165010800115470008,서울특별시 서초구 서초동,서울특별시 서초구 반포대로22길 14-9 (서초동),근린생활2,제2종근린생활시설,10231100189209,지번
1165010600100110003,서울특별시 서초구 잠원동,서울특별시 서초구 강남대로101길 31 (잠원동),근린생활2,제2종근린생활시설,1023111197,지번
1165010900100012006,서울특별시 서초구 내곡동,서울특별시 서초구 샘마을길 4-9 (내곡동),근린생활2,단독주택,10231100268277,지번
1165010700101070002,서울특별시 서초구 반포동,서울특별시 서초구 사평대로20길 8 (반포동),근린생활2,제2종근린생활시설,1023112327,지번
1165010600100450014,서울특별시 서초구 잠원동,서울특별시 서초구 신반포로43길 11-8 (잠원동),근린생활2,제2종근린생활시설,1023111625,지번
1165010800116700012,서울특별시 서초구 서초동,서울특별시 서초구 서초대로54길 9-14 (서초동),근린생활1,제1종근린생활시설,1023116907,지번
1165010800113490013,서울특별시 서초구 서초동,서울특별시 서초구 효령로72길 36-5 (서초동),근린생활2,제2종근린생활시설,1023114440,지번
1165010100107780018,서울특별시 서초구 방배동,서울특별시 서초구 방배중앙로 159 (방배동),근린생활1,제1종근린생활시설,102312260,지번
1165010100110020013,서울특별시 서초구 방배동,서울특별시 서초구 명달로 21 (방배동),근린생활2,제2종근린생활시설,102315603,지번
1165010800116290006,서울특별시 서초구 서초동,서울특별시 서초구 사임당로 90 (서초동),근린생활2,제2종근린생활시설,1023116515,지번
1165010300100130002,서울특별시 서초구 우면동,서울특별시 서초구 바우뫼로6길 64 (우면동),근린생활2,제2종근린생활시설,1023110584,지번
1165010200102640001,서울특별시 서초구 양재동,서울특별시 서초구 마방로6길 7-12 (양재동),근린생활2,제2종근린생활시설,102318910,지번
1165010100108670026,서울특별시 서초구 방배동,서울특별시 서초구 도구로16길 3 (방배동),근린생활2,제2종근린생활시설,102313530,지번
1165010800116350001,서울특별시 서초구 서초동,서울특별시 서초구 서초대로64길 41-4 (서초동),근린생활2,제2종근린생활시설,1023116566,지번
1165010800116400012,서울특별시 서초구 서초동,서울특별시 서초구 서초중앙로22길 92-4 (서초동),근린생활2,제2종근린생활시설,1023116603,지번
1165010200102610014,서울특별시 서초구 양재동,서울특별시 서초구 마방로 26 (양재동),근린생활2,제2종근린생활시설,10231100182588,지번
1165010200102610014,서울특별시 서초구 양재동,서울특별시 서초구 마방로 26 (양재동),근린생활2,제2종근린생활시설,102318888,지번
1165010600100410001,서울특별시 서초구 잠원동,서울특별시 서초구 신반포로43길 10 (잠원동),근린생활2,제2종근린생활시설,1023111567,지번
1165010100107630015,서울특별시 서초구 방배동,서울특별시 서초구 방배중앙로27길 32 (방배동),근린생활1,제1종근린생활시설,102312098,지번
1165010800113020004,서울특별시 서초구 서초동,서울특별시 서초구 서운로 216 (서초동),근린생활1,제1종근린생활시설,1023114164,지번
1165010200100080015,서울특별시 서초구 양재동,서울특별시 서초구 남부순환로358길 34 (양재동),근린생활1,제1종근린생활시설,102317915,지번
1165010800114660008,서울특별시 서초구 서초동,서울특별시 서초구 남부순환로315길 2 (서초동),근린생활2,제2종근린생활시설,1023115021,지번
1165010800115490006,서울특별시 서초구 서초동,서울특별시 서초구 반포대로24길 25 (서초동),근린생활2,제2종근린생활시설,10231100198479,지번
1165010200103310007,서울특별시 서초구 양재동,서울특별시 서초구 강남대로8길 25 (양재동),근린생활2,제2종근린생활시설,10231100196789,지번
1165010200101250003,서울특별시 서초구 양재동,서울특별시 서초구 양재천로19길 26 (양재동),근린생활1,제1종근린생활시설,102318629,지번
1165010600100220007,서울특별시 서초구 잠원동,서울특별시 서초구 강남대로99길 27 (잠원동),근린생활2,제2종근린생활시설,1023111293,지번
1165010600101210000,서울특별시 서초구 잠원동,서울특별시 서초구 잠원로 221-124 (잠원동),근린생활1,제1종근린생활시설,10231100184962,지번
1165010900100010273,서울특별시 서초구 내곡동,서울특별시 서초구 신흥말길 27-9 (내곡동),근린생활2,제2종근린생활시설,1023118278,지번
1165010600100120016,서울특별시 서초구 잠원동,서울특별시 서초구 강남대로101길 18-6 (잠원동),근린생활2,제2종근린생활시설,1023111221,지번
1165010100108280001,서울특별시 서초구 방배동,서울특별시 서초구 방배천로 148 (방배동),근린생활2,제2종근린생활시설,102312943,지번
1165010200102670007,서울특별시 서초구 양재동,서울특별시 서초구 언남11길 34-7 (양재동),근린생활1,제1종근린생활시설,102318963,지번
1165010200103400002,서울특별시 서초구 양재동,서울특별시 서초구 강남대로8길 46 (양재동),근린생활2,제2종근린생활시설,102319494,지번
1165010200101150000,서울특별시 서초구 양재동,서울특별시 서초구 강남대로25길 65 (양재동),근린생활1,제1종근린생활시설,102318559,지번
1165010200103470004,서울특별시 서초구 양재동,서울특별시 서초구 동산로2길 48 (양재동),근린생활2,제2종근린생활시설,102319564,지번
1165010200102620009,서울특별시 서초구 양재동,서울특별시 서초구 마방로6길 7-9 (양재동),근린생활2,제2종근린생활시설,102318895,지번
1165010800114720017,서울특별시 서초구 서초동,서울특별시 서초구 남부순환로317길 41 (서초동),근린생활2,제2종근린생활시설,10231100255694,지번
1165010100108200001,서울특별시 서초구 방배동,서울특별시 서초구 방배중앙로 118 (방배동),근린생활2,노유자시설,1000000000000006765565,본번
1165010300107250000,서울특별시 서초구 우면동,서울특별시 서초구 태봉로 62 (우면동),근린생활2,제2종근린생활시설,10231100218513,지번
1165010100109100007,서울특별시 서초구 방배동,서울특별시 서초구 방배로 83-14 (방배동),근린생활2,제2종근린생활시설,102317169,지번
1165010200101250000,서울특별시 서초구 양재동,서울특별시 서초구 양재천로19길 36 (양재동),근린생활1,제1종근린생활시설,102318626,지번
1165010200102690009,서울특별시 서초구 양재동,서울특별시 서초구 언남11길 22-3 (양재동),근린생활1,제1종근린생활시설,102318980,지번
1165010200100010014,서울특별시 서초구 양재동,서울특별시 서초구 남부순환로 2628-7 (양재동),근린생활2,제2종근린생활시설,1000000000000002970015,지번
1165010200103270013,서울특별시 서초구 양재동,서울특별시 서초구 강남대로10길 21 (양재동),근린생활2,제2종근린생활시설,102319366,지번
1165010200103320001,서울특별시 서초구 양재동,서울특별시 서초구 강남대로8길 39-15 (양재동),근린생활2,제2종근린생활시설,102319399,지번
1165010600100440021,서울특별시 서초구 잠원동,서울특별시 서초구 신반포로43길 23-4 (잠원동),근린생활2,제2종근린생활시설,1023111613,지번
1165010200103770004,서울특별시 서초구 양재동,서울특별시 서초구 동산로 66 (양재동),근린생활2,제2종근린생활시설,102319738,지번
1165010600100230022,서울특별시 서초구 잠원동,서울특별시 서초구 나루터로12길 20 (잠원동),근린생활2,제2종근린생활시설,1023111745,지번
1165010200103460004,서울특별시 서초구 양재동,서울특별시 서초구 강남대로6길 51 (양재동),근린생활2,제2종근린생활시설,10231100231594,지번
1165010600100250011,서울특별시 서초구 잠원동,서울특별시 서초구 나루터로12길 30 (잠원동),근린생활2,제2종근린생활시설,1023111349,지번
1165010200101160002,서울특별시 서초구 양재동,서울특별시 서초구 강남대로23길 82 (양재동),근린생활1,제1종근린생활시설,102318566,지번
1165010600100080008,서울특별시 서초구 잠원동,서울특별시 서초구 강남대로101길 36 (잠원동),근린생활2,제2종근린생활시설,10231100255435,지번
1165010200103060002,서울특별시 서초구 양재동,서울특별시 서초구 언남12길 8 (양재동),근린생활2,제2종근린생활시설,102319246,지번
1165010600100120020,서울특별시 서초구 잠원동,서울특별시 서초구 강남대로101길 16 (잠원동),근린생활2,제2종근린생활시설,1023111223,지번
1165010600100140009,서울특별시 서초구 잠원동,서울특별시 서초구 나루터로15길 11 (잠원동),근린생활1,제1종근린생활시설,1023111244,지번
1165010200102650022,서울특별시 서초구 양재동,서울특별시 서초구 마방로6길 33 (양재동),근린생활2,제2종근린생활시설,102318937,지번
1165010800115690006,서울특별시 서초구 서초동,서울특별시 서초구 반포대로26길 58 (서초동),근린생활2,제2종근린생활시설,1023115850,지번
1165010200103420005,서울특별시 서초구 양재동,서울특별시 서초구 강남대로6길 77 (양재동),근린생활1,제1종근린생활시설,102319513,지번
1165010800113370011,서울특별시 서초구 서초동,서울특별시 서초구 효령로79길 23 (서초동),근린생활2,제2종근린생활시설,1023114335,지번
1165010700113370004,서울특별시 서초구 반포동,서울특별시 서초구 신반포로11길 39 (반포동),근린생활1,제1종근린생활시설,10231100184914,지번
1165010200103670004,서울특별시 서초구 양재동,서울특별시 서초구 강남대로6길 95 (양재동),근린생활1,제1종근린생활시설,102319687,지번
1165010200102440007,서울특별시 서초구 양재동,서울특별시 서초구 강남대로18길 23-10 (양재동),근린생활1,공동주택,10231100297711,지번
1165010200102440007,서울특별시 서초구 양재동,서울특별시 서초구 강남대로18길 23-8 (양재동),근린생활1,공동주택,10231100297719,지번
1165010800115620007,서울특별시 서초구 서초동,서울특별시 서초구 서초대로48길 84 (서초동),근린생활2,제2종근린생활시설,10231100207900,지번
1165010800115640002,서울특별시 서초구 서초동,서울특별시 서초구 서초대로48길 103 (서초동),근린생활2,제2종근린생활시설,10231100198939,지번
1165010800115690003,서울특별시 서초구 서초동,서울특별시 서초구 반포대로22길 73 (서초동),근린생활2,제2종근린생활시설,10231100211097,지번
1165010100107640010,서울특별시 서초구 방배동,서울특별시 서초구 동작대로 218 (방배동),근린생활2,제2종근린생활시설,102312118,지번
1165010200103510004,서울특별시 서초구 양재동,서울특별시 서초구 강남대로6길 16 (양재동),근린생활2,제2종근린생활시설,10231100211811,지번
1165010100104370023,서울특별시 서초구 방배동,서울특별시 서초구 방배천로16길 17 (방배동),근린생활2,제2종근린생활시설,102311002,지번
1165010200100130020,서울특별시 서초구 양재동,서울특별시 서초구 강남대로 222-4 (양재동),근린생활1,제1종근린생활시설,10231100220432,지번
1165010200102650025,서울특별시 서초구 양재동,서울특별시 서초구 마방로6길 25 (양재동),근린생활2,제2종근린생활시설,102318940,지번
1165010200102480006,서울특별시 서초구 양재동,서울특별시 서초구 마방로4길 16-18 (양재동),근린생활2,제2종근린생활시설,102318782,지번
1165010100104370004,서울특별시 서초구 방배동,서울특별시 서초구 방배천로18길 10 (방배동),근린생활2,제2종근린생활시설,10231987,지번
1165010800113020016,서울특별시 서초구 서초동,서울특별시 서초구 사평대로 354 (서초동),근린생활2,제2종근린생활시설,1023114171,지번
1165010200103160005,서울특별시 서초구 양재동,서울특별시 서초구 마방로2길 82 (양재동),근린생활2,제2종근린생활시설,102319301,지번
1165010200103140009,서울특별시 서초구 양재동,서울특별시 서초구 마방로2길 57 (양재동),근린생활2,제2종근린생활시설,102319290,지번
1165010100108800009,서울특별시 서초구 방배동,서울특별시 서초구 서초대로33길 5 (방배동),근린생활2,제2종근린생활시설,102313748,지번
1165011000100850001,서울특별시 서초구 염곡동,서울특별시 서초구 염곡안1길 3 (염곡동),근린생활1,제1종근린생활시설,1023118735,지번
1165010200102740008,서울특별시 서초구 양재동,서울특별시 서초구 마방로10길 18-5 (양재동),근린생활1,제1종근린생활시설,102319039,지번
1165010100104370007,서울특별시 서초구 방배동,서울특별시 서초구 방배천로16길 3 (방배동),근린생활1,제1종근린생활시설,10231990,지번
1165010600100300006,서울특별시 서초구 잠원동,서울특별시 서초구 강남대로95길 47-9 (잠원동),근린생활2,제2종근린생활시설,1023111424,지번
1165010600100340011,서울특별시 서초구 잠원동,서울특별시 서초구 신반포로43길 35 (잠원동),근린생활1,제1종근린생활시설,1023111450,지번
1165010200100690004,서울특별시 서초구 양재동,서울특별시 서초구 바우뫼로33길 7-12 (양재동),근린생활1,제1종근린생활시설,102318278,지번
1165010100109780010,서울특별시 서초구 방배동,서울특별시 서초구 방배중앙로 7 (방배동),근린생활2,제2종근린생활시설,102315414,지번
1165010800114670065,서울특별시 서초구 서초동,서울특별시 서초구 명달로4길 32 (서초동),근린생활2,제2종근린생활시설,1023115032,지번
1165010100104630015,서울특별시 서초구 방배동,서울특별시 서초구 방배천로8길 35-3 (방배동),근린생활1,제1종근린생활시설,102311342,지번
1165010200100060038,서울특별시 서초구 양재동,서울특별시 서초구 바우뫼로41길 18 (양재동),근린생활2,제2종근린생활시설,102317879,지번
1165010800115550012,서울특별시 서초구 서초동,서울특별시 서초구 반포대로30길 42 (서초동),근린생활1,제1종근린생활시설,1023115723,지번
1165010800115770005,서울특별시 서초구 서초동,서울특별시 서초구 서초대로50길 93 (서초동),근린생활2,제2종근린생활시설,1023115950,지번
1165010100107780010,서울특별시 서초구 방배동,서울특별시 서초구 방배중앙로 163 (방배동),근린생활2,제2종근린생활시설,102312257,지번
1165010100107770020,서울특별시 서초구 방배동,서울특별시 서초구 방배중앙로 156 (방배동),근린생활2,제2종근린생활시설,1000000000000007126301,지번
1165010700106120140,서울특별시 서초구 반포동,서울특별시 서초구 사평대로8길 7 (반포동),근린생활1,제1종근린생활시설,1023112571,지번
1165010200100040012,서울특별시 서초구 양재동,서울특별시 서초구 바우뫼로41길 8 (양재동),근린생활2,제2종근린생활시설,102317842,지번
1165010700107240037,서울특별시 서초구 반포동,서울특별시 서초구 강남대로85길 20 (반포동),근린생활1,제2종근린생활시설,10231100283895,지번
1165010200102730005,서울특별시 서초구 양재동,서울특별시 서초구 마방로10길 54-2 (양재동),근린생활2,제2종근린생활시설,102319026,지번
1165010200102740002,서울특별시 서초구 양재동,서울특별시 서초구 마방로10길 26 (양재동),근린생활1,제1종근린생활시설,102319034,지번
1165010200102760004,서울특별시 서초구 양재동,서울특별시 서초구 논현로19길 9 (양재동),근린생활2,제2종근린생활시설,102319046,지번
1165010300100770013,서울특별시 서초구 우면동,서울특별시 서초구 바우뫼로7길 64-25 (우면동),근린생활1,제1종근린생활시설,10231100224134,지번
1165010800115650007,서울특별시 서초구 서초동,서울특별시 서초구 서초대로50길 90 (서초동),근린생활2,제2종근린생활시설,10231100269015,지번
1165010800113080007,서울특별시 서초구 서초동,서울특별시 서초구 서초대로77길 39 (서초동),근린생활2,업무시설,10231100297910,지번
1165010200100670000,서울특별시 서초구 양재동,서울특별시 서초구 강남대로 163 (양재동),근린생활2,제2종근린생활시설,1023110063,지번
1165010800113430002,서울특별시 서초구 서초동,서울특별시 서초구 효령로 386 (서초동),근린생활2,제2종근린생활시설,1023114394,지번
1165010200100910003,서울특별시 서초구 양재동,서울특별시 서초구 양재천로 125-7 (양재동),근린생활1,제1종근린생활시설,102318399,지번
1165010200102790004,서울특별시 서초구 양재동,서울특별시 서초구 언남17길 7 (양재동),근린생활2,제2종근린생활시설,102319077,지번
1165010200101250004,서울특별시 서초구 양재동,서울특별시 서초구 양재천로19길 22 (양재동),근린생활1,제1종근린생활시설,102318630,지번
1165010200103300000,서울특별시 서초구 양재동,서울특별시 서초구 강남대로8길 15-4 (양재동),근린생활1,제1종근린생활시설,102319392,지번
1165010200102800000,서울특별시 서초구 양재동,서울특별시 서초구 언남길 82 (양재동),근린생활2,제2종근린생활시설,102319084,지번
1165010200103370007,서울특별시 서초구 양재동,서울특별시 서초구 강남대로8길 39-46 (양재동),근린생활2,제2종근린생활시설,102319466,지번
1165010200102720004,서울특별시 서초구 양재동,서울특별시 서초구 마방로10길 54-9 (양재동),근린생활2,제2종근린생활시설,102319014,지번
1165010100104370022,서울특별시 서초구 방배동,서울특별시 서초구 방배천로16길 15 (방배동),근린생활1,공동주택,10231100291775,지번
1165011100104450004,서울특별시 서초구 신원동,서울특별시 서초구 본마을길 31 (신원동),근린생활1,제1종근린생활시설,1023119137,지번
1165010200100860006,서울특별시 서초구 양재동,서울특별시 서초구 양재천로 147-4 (양재동),근린생활1,제1종근린생활시설,102318362,지번
1165010200102690005,서울특별시 서초구 양재동,서울특별시 서초구 언남11길 22-13 (양재동),근린생활1,제1종근린생활시설,102318977,지번
1165010600100340014,서울특별시 서초구 잠원동,서울특별시 서초구 신반포로43길 37 (잠원동),근린생활2,제2종근린생활시설,1023111452,지번
1165010600100340024,서울특별시 서초구 잠원동,서울특별시 서초구 신반포로43길 45 (잠원동),근린생활1,제1종근린생활시설,1023111461,지번
1165010200102660011,서울특별시 서초구 양재동,서울특별시 서초구 언남11길 7-20 (양재동),근린생활1,제1종근린생활시설,102318954,지번
1165010600100350004,서울특별시 서초구 잠원동,서울특별시 서초구 신반포로45길 54 (잠원동),근린생활1,제1종근린생활시설,1023111463,지번
1165010600100360002,서울특별시 서초구 잠원동,서울특별시 서초구 강남대로93길 31-4 (잠원동),근린생활2,제2종근린생활시설,1023111490,지번
1165010800114510030,서울특별시 서초구 서초동,서울특별시 서초구 남부순환로323길 53 (서초동),근린생활2,제2종근린생활시설,1023114908,지번
1165010100107610006,서울특별시 서초구 방배동,서울특별시 서초구 방배중앙로 187 (방배동),근린생활1,제1종근린생활시설,10231100184148,지번
1165010800116950019,서울특별시 서초구 서초동,서울특별시 서초구 서초중앙로24길 7 (서초동),근린생활2,제2종근린생활시설,1023116986,지번
1165010100118350000,서울특별시 서초구 방배동,서울특별시 서초구 동작대로 138 (방배동),근린생활1,제1종근린생활시설,102315725,지번
1165010800116180013,서울특별시 서초구 서초동,서울특별시 서초구 서초중앙로8길 85 (서초동),근린생활1,제1종근린생활시설,1000000000000006924648,지번
1165010200103660013,서울특별시 서초구 양재동,서울특별시 서초구 강남대로6길 90-1 (양재동),근린생활1,제1종근린생활시설,102319684,지번
1165010200100110080,서울특별시 서초구 양재동,서울특별시 서초구 남부순환로354길 23 (양재동),근린생활2,제2종근린생활시설,102318089,지번
1165010600100360017,서울특별시 서초구 잠원동,서울특별시 서초구 강남대로91길 16 (잠원동),근린생활2,제2종근린생활시설,1023111504,지번
1165010100107650032,서울특별시 서초구 방배동,서울특별시 서초구 동광로1길 49 (방배동),근린생활1,제1종근린생활시설,102312148,지번
1165010800115690016,서울특별시 서초구 서초동,서울특별시 서초구 서초대로50길 40 (서초동),근린생활2,제2종근린생활시설,1023115859,지번
1165010200102760007,서울특별시 서초구 양재동,서울특별시 서초구 논현로17길 4 (양재동),근린생활2,제2종근린생활시설,102319049,지번
1165010800115550009,서울특별시 서초구 서초동,서울특별시 서초구 서초대로46길 19-15 (서초동),근린생활2,제2종근린생활시설,1023115720,지번
1165010200103280008,서울특별시 서초구 양재동,서울특별시 서초구 강남대로10길 6 (양재동),근린생활2,제2종근린생활시설,102319378,지번
1165010100108750023,서울특별시 서초구 방배동,서울특별시 서초구 방배로26길 6 (방배동),근린생활2,제2종근린생활시설,102313659,지번
1165010200100840017,서울특별시 서초구 양재동,서울특별시 서초구 논현로 117 (양재동),근린생활2,제2종근린생활시설,102318352,지번
1165010200100890004,서울특별시 서초구 양재동,서울특별시 서초구 양재천로29길 3 (양재동),근린생활1,제1종근린생활시설,102318387,지번
1165010100109070002,서울특별시 서초구 방배동,서울특별시 서초구 방배로16길 6 (방배동),근린생활1,제1종근린생활시설,102314047,지번
1165010100109850006,서울특별시 서초구 방배동,서울특별시 서초구 효령로 140 (방배동),근린생활2,제2종근린생활시설,102315533,지번
1165010200103480003,서울특별시 서초구 양재동,서울특별시 서초구 강남대로8길 24-16 (양재동),근린생활1,제1종근린생활시설,102319573,지번
1165010200102830005,서울특별시 서초구 양재동,서울특별시 서초구 논현로 51 (양재동),근린생활2,제2종근린생활시설,102319108,지번
1165010200100800010,서울특별시 서초구 양재동,서울특별시 서초구 양재천로21길 15 (양재동),근린생활2,제2종근린생활시설,102318296,지번
1165010900100012449,서울특별시 서초구 내곡동,서울특별시 서초구 헌인릉길 34 (내곡동),근린생활1,제1종근린생활시설,1023118429,지번
1165010200102790011,서울특별시 서초구 양재동,서울특별시 서초구 마방로10길 47 (양재동),근린생활2,제2종근린생활시설,102319083,지번
1165011100101970001,서울특별시 서초구 신원동,서울특별시 서초구 청계산로 223 (신원동),근린생활2,제2종근린생활시설,1023119026,지번
1165010100107510001,서울특별시 서초구 방배동,서울특별시 서초구 방배중앙로 214 (방배동),근린생활2,제2종근린생활시설,102312040,지번
1165010100107640030,서울특별시 서초구 방배동,서울특별시 서초구 동작대로 212 (방배동),근린생활1,제1종근린생활시설,102312128,지번
1165010100107680008,서울특별시 서초구 방배동,서울특별시 서초구 방배중앙로 179 (방배동),근린생활2,제2종근린생활시설,102312195,지번
1165010600100360003,서울특별시 서초구 잠원동,서울특별시 서초구 신반포로47길 52 (잠원동),근린생활2,제2종근린생활시설,1023111491,지번
1165010100107930012,서울특별시 서초구 방배동,서울특별시 서초구 동광로 57 (방배동),근린생활2,제2종근린생활시설,102312518,지번
1165010600100400009,서울특별시 서초구 잠원동,서울특별시 서초구 신반포로 329 (잠원동),근린생활1,제1종근린생활시설,1023111778,지번
1165010600100090016,서울특별시 서초구 잠원동,서울특별시 서초구 강남대로109길 45-16 (잠원동),근린생활2,제2종근린생활시설,1023111156,지번
1165010200100050025,서울특별시 서초구 양재동,서울특별시 서초구 바우뫼로 191 (양재동),근린생활2,제2종근린생활시설,1000000000000002989796,지번
1165010800115820019,서울특별시 서초구 서초동,서울특별시 서초구 반포대로 66 (서초동),근린생활2,제2종근린생활시설,1023115999,지번
1165010200103000006,서울특별시 서초구 양재동,서울특별시 서초구 동산로19길 13 (양재동),근린생활2,제2종근린생활시설,102319214,지번
1165010800115800006,서울특별시 서초구 서초동,서울특별시 서초구 사임당로 21 (서초동),근린생활1,제1종근린생활시설,1023115972,지번
1165010800115860006,서울특별시 서초구 서초동,서울특별시 서초구 반포대로12길 30 (서초동),근린생활2,제2종근린생활시설,1023116024,지번
1165010100104620016,서울특별시 서초구 방배동,서울특별시 서초구 청두곶길 30 (방배동),근린생활1,제1종근린생활시설,102311333,지번
1165010200102710011,서울특별시 서초구 양재동,서울특별시 서초구 마방로10길 54-16 (양재동),근린생활1,제1종근린생활시설,102319007,지번
1165010200102870003,서울특별시 서초구 양재동,서울특별시 서초구 논현로11길 6-9 (양재동),근린생활2,제2종근린생활시설,102319127,지번
1165010200102910015,서울특별시 서초구 양재동,서울특별시 서초구 동산로 73 (양재동),근린생활2,제2종근린생활시설,102319169,지번
1165010200102910029,서울특별시 서초구 양재동,서울특별시 서초구 동산로13길 30-2 (양재동),근린생활2,제2종근린생활시설,102319181,지번
1165010200100100051,서울특별시 서초구 양재동,서울특별시 서초구 남부순환로356길 48 (양재동),근린생활2,제2종근린생활시설,10231100213211,지번
1165010100104620014,서울특별시 서초구 방배동,서울특별시 서초구 청두곶길 34 (방배동),근린생활1,제1종근린생활시설,102311332,지번
1165010800114320006,서울특별시 서초구 서초동,서울특별시 서초구 남부순환로337가길 3-8 (서초동),근린생활1,제1종근린생활시설,1023114760,지번
1165010700107170003,서울특별시 서초구 반포동,서울특별시 서초구 주흥13길 15 (반포동),근린생활1,제1종근린생활시설,1023112779,지번
1165010200103310005,서울특별시 서초구 양재동,서울특별시 서초구 동산로2길 24 (양재동),근린생활2,제2종근린생활시설,102319395,지번
1165010800114440007,서울특별시 서초구 서초동,서울특별시 서초구 효령로68길 81 (서초동),근린생활2,제2종근린생활시설,1023114861,지번
1165010800114440007,서울특별시 서초구 서초동,서울특별시 서초구 효령로68길 81 (서초동),근린생활2,공동주택,1023117440,지번
1165010800114440007,서울특별시 서초구 서초동,서울특별시 서초구 효령로68길 81 (서초동),근린생활2,공동주택,1023117441,지번
1165010800114440007,서울특별시 서초구 서초동,서울특별시 서초구 효령로68길 81 (서초동),근린생활2,공동주택,1023117446,지번
1165010800114440007,서울특별시 서초구 서초동,서울특별시 서초구 효령로68길 81 (서초동),근린생활2,공동주택,1023117447,지번
1165010800114510018,서울특별시 서초구 서초동,서울특별시 서초구 반포대로8길 11-4 (서초동),근린생활2,제2종근린생활시설,1023114897,지번
1165010100108710009,서울특별시 서초구 방배동,서울특별시 서초구 서초대로 81 (방배동),근린생활1,제1종근린생활시설,102313607,지번
1165010100108710009,서울특별시 서초구 방배동,서울특별시 서초구 서초대로 81 (방배동),근린생활1,업무시설,102313608,지번
1165010100107870001,서울특별시 서초구 방배동,서울특별시 서초구 동광로3길 21 (방배동),근린생활2,제2종근린생활시설,102312418,지번
1165011000100380006,서울특별시 서초구 염곡동,서울특별시 서초구 염곡말길 58 (염곡동),근린생활2,제2종근린생활시설,1023118698,지번
1165010200104020011,서울특별시 서초구 양재동,서울특별시 서초구 논현로1길 35 (양재동),근린생활2,공동주택,10231100284355,지번
1165010100110240002,서울특별시 서초구 방배동,서울특별시 서초구 방배로4길 6 (방배동),근린생활2,제2종근린생활시설,102315647,지번
1165010100104850003,서울특별시 서초구 방배동,서울특별시 서초구 남부순환로 2183 (방배동),근린생활1,공동주택,102316305,지번
1165010100104850003,서울특별시 서초구 방배동,서울특별시 서초구 남부순환로 2183 (방배동),근린생활1,공동주택,102316306,지번
1165010100104850003,서울특별시 서초구 방배동,서울특별시 서초구 남부순환로 2183 (방배동),근린생활1,제1종근린생활시설,102316310,지번
1165010100104850003,서울특별시 서초구 방배동,서울특별시 서초구 남부순환로 2183 (방배동),근린생활1,공동주택,102316313,지번
1165010100104850003,서울특별시 서초구 방배동,서울특별시 서초구 남부순환로 2183 (방배동),근린생활1,공동주택,102316314,지번
1165010300106100013,서울특별시 서초구 우면동,서울특별시 서초구 식유촌길 51-8 (우면동),근린생활2,제2종근린생활시설,10231100277775,지번
1165010800116210026,서울특별시 서초구 서초동,서울특별시 서초구 서초중앙로6길 25 (서초동),근린생활2,제2종근린생활시설,10231100223234,지번
1165010800113370002,서울특별시 서초구 서초동,서울특별시 서초구 효령로77길 34 (서초동),근린생활2,업무시설,10231100249734,지번
1165010100108100017,서울특별시 서초구 방배동,서울특별시 서초구 방배로34길 13 (방배동),근린생활2,제2종근린생활시설,102312650,지번
1165010100108140021,서울특별시 서초구 방배동,서울특별시 서초구 방배로33길 20 (방배동),근린생활2,제2종근린생활시설,102312711,지번
1165010100108980006,서울특별시 서초구 방배동,서울특별시 서초구 방배로 146 (방배동),근린생활1,제1종근린생활시설,102313888,지번
1165010100100870072,서울특별시 서초구 방배동,서울특별시 서초구 방배로28길 28 (방배동),근린생활2,제2종근린생활시설,10231636,지번
1165011100104180000,서울특별시 서초구 신원동,서울특별시 서초구 탑성말길 30 (신원동),근린생활2,제2종근린생활시설,1023119121,지번
1165010800116240007,서울특별시 서초구 서초동,서울특별시 서초구 서초중앙로 70 (서초동),근린생활2,제2종근린생활시설,10231100184645,지번
1165010200103500007,서울특별시 서초구 양재동,서울특별시 서초구 강남대로6길 15 (양재동),근린생활2,제2종근린생활시설,102319581,지번
1165011000101260001,서울특별시 서초구 염곡동,서울특별시 서초구 염곡말길 27 (염곡동),근린생활1,제1종근린생활시설,1023118810,지번
1165010100122440000,서울특별시 서초구 방배동,서울특별시 서초구 동작대로 168 (방배동),근린생활2,제2종근린생활시설,102315757,지번
1165010800114310013,서울특별시 서초구 서초동,서울특별시 서초구 남부순환로333길 56 (서초동),근린생활2,제2종근린생활시설,1023114756,지번
1165010200100200008,서울특별시 서초구 양재동,서울특별시 서초구 바우뫼로35길 22 (양재동),근린생활1,제1종근린생활시설,102318218,지번
1165010100108100008,서울특별시 서초구 방배동,서울특별시 서초구 동광로 82-3 (방배동),근린생활2,제2종근린생활시설,102312644,지번
1165010700107330039,서울특별시 서초구 반포동,서울특별시 서초구 강남대로83길 56-16 (반포동),근린생활2,공동주택,1000000000000007582102,지번
1165010100108720005,서울특별시 서초구 방배동,서울특별시 서초구 서초대로 87-1 (방배동),근린생활2,제2종근린생활시설,102313617,지번
1165010100104750004,서울특별시 서초구 방배동,서울특별시 서초구 도구로1길 57 (방배동),근린생활2,제2종근린생활시설,102311489,지번
1165010700107190003,서울특별시 서초구 반포동,서울특별시 서초구 사평대로53길 93-19 (반포동),근린생활1,제1종근린생활시설,1023112814,지번
1165010700107350034,서울특별시 서초구 반포동,서울특별시 서초구 강남대로83길 18 (반포동),근린생활2,제2종근린생활시설,1023113188,지번
1165010100108680027,서울특별시 서초구 방배동,서울특별시 서초구 방배중앙로 83 (방배동),근린생활2,제2종근린생활시설,102313557,지번
1165010200102510006,서울특별시 서초구 양재동,서울특별시 서초구 언남길 39 (양재동),근린생활2,제2종근린생활시설,102318803,지번
1165010100110200011,서울특별시 서초구 방배동,서울특별시 서초구 효령로34길 66 (방배동),근린생활2,제2종근린생활시설,102315621,지번
1165010100107970024,서울특별시 서초구 방배동,서울특별시 서초구 동광로 101 (방배동),근린생활2,제2종근린생활시설,10231100181968,지번
1165010100109510014,서울특별시 서초구 방배동,서울특별시 서초구 서초대로4길 13 (방배동),근린생활2,제2종근린생활시설,1000000000000005717985,지번
1165010200100840014,서울특별시 서초구 양재동,서울특별시 서초구 논현로 123 (양재동),근린생활2,제2종근린생활시설,102318349,지번
1165010200102640011,서울특별시 서초구 양재동,서울특별시 서초구 마방로10길 18-20 (양재동),근린생활2,제2종근린생활시설,1023110225,지번
1165010100109510016,서울특별시 서초구 방배동,서울특별시 서초구 서초대로4길 7 (방배동),근린생활2,제2종근린생활시설,102314861,지번
1165010100109510017,서울특별시 서초구 방배동,서울특별시 서초구 서초대로4길 3 (방배동),근린생활1,제1종근린생활시설,1000000000000004878457,지번
1165010100117760000,서울특별시 서초구 방배동,서울특별시 서초구 서초대로1길 19-9 (방배동),근린생활2,제2종근린생활시설,10231100245163,지번
1165010100108800005,서울특별시 서초구 방배동,서울특별시 서초구 서초대로 127 (방배동),근린생활1,제1종근린생활시설,102313746,지번
1165010800115580007,서울특별시 서초구 서초동,서울특별시 서초구 반포대로26길 48 (서초동),근린생활2,제2종근린생활시설,1023115752,지번
1165010200100860001,서울특별시 서초구 양재동,서울특별시 서초구 양재천로31길 15 (양재동),근린생활2,제2종근린생활시설,102318357,지번
1165010200101210008,서울특별시 서초구 양재동,서울특별시 서초구 양재천로 71 (양재동),근린생활2,제2종근린생활시설,102318599,지번
1165010100108590005,서울특별시 서초구 방배동,서울특별시 서초구 방배천로30길 29 (방배동),근린생활2,제2종근린생활시설,102313421,지번
1165010100109510020,서울특별시 서초구 방배동,서울특별시 서초구 도구로 99 (방배동),근린생활2,제2종근린생활시설,102314865,지번
1165010800115760005,서울특별시 서초구 서초동,서울특별시 서초구 서초중앙로 101 (서초동),근린생활2,제2종근린생활시설,1023115937,지번
1165010800113410005,서울특별시 서초구 서초동,서울특별시 서초구 효령로 418 (서초동),근린생활2,제2종근린생활시설,1023114369,지번
1165010800113570001,서울특별시 서초구 서초동,서울특별시 서초구 남부순환로347길 92 (서초동),근린생활2,제2종근린생활시설,1023114471,지번
1165010400104010000,서울특별시 서초구 원지동,서울특별시 서초구 원터3길 6 (원지동),근린생활2,제2종근린생활시설,1023111088,지번
1165010200100010000,서울특별시 서초구 양재동,서울특별시 서초구 남부순환로 2624 (양재동),근린생활1,제1종근린생활시설,102317781,지번
1165010200100010000,서울특별시 서초구 양재동,서울특별시 서초구 남부순환로 2624 (양재동),근린생활1,단독주택,102317782,지번
1165010200101230006,서울특별시 서초구 양재동,서울특별시 서초구 양재천로19길 5 (양재동),근린생활1,제1종근린생활시설,102318614,지번
1165010200102490000,서울특별시 서초구 양재동,서울특별시 서초구 마방로 4 (양재동),근린생활1,제1종근린생활시설,102318784,지번
1165010200102650029,서울특별시 서초구 양재동,서울특별시 서초구 마방로6길 13 (양재동),근린생활2,제2종근린생활시설,102318943,지번
1165010200102740001,서울특별시 서초구 양재동,서울특별시 서초구 마방로10길 22 (양재동),근린생활2,제2종근린생활시설,102319033,지번
1165010800115520002,서울특별시 서초구 서초동,서울특별시 서초구 서초대로42길 17 (서초동),근린생활2,제2종근린생활시설,10231100213971,지번
1165011100104260002,서울특별시 서초구 신원동,서울특별시 서초구 본마을2길 9-17 (신원동),근린생활2,제2종근린생활시설,1023119122,지번
1165010200103730000,서울특별시 서초구 양재동,서울특별시 서초구 동산로 48 (양재동),근린생활2,제2종근린생활시설,102319717,지번
1165010600100360016,서울특별시 서초구 잠원동,서울특별시 서초구 강남대로91길 12 (잠원동),근린생활2,제2종근린생활시설,10231100203902,지번
1165010200103340000,서울특별시 서초구 양재동,서울특별시 서초구 강남대로10길 84 (양재동),근린생활2,제2종근린생활시설,102319426,지번
1165010800113570018,서울특별시 서초구 서초동,서울특별시 서초구 남부순환로347길 88 (서초동),근린생활1,제1종근린생활시설,1023114480,지번
1165010200102770000,서울특별시 서초구 양재동,서울특별시 서초구 논현로17길 3 (양재동),근린생활2,제2종근린생활시설,102319056,지번
1165010800115480013,서울특별시 서초구 서초동,서울특별시 서초구 반포대로22길 29 (서초동),근린생활2,제2종근린생활시설,1023115653,지번
1165010100104750026,서울특별시 서초구 방배동,서울특별시 서초구 도구로1길 45 (방배동),근린생활2,제2종근린생활시설,102311501,지번
1165010100104750018,서울특별시 서초구 방배동,서울특별시 서초구 효령로 27 (방배동),근린생활2,제2종근린생활시설,102311497,지번
1165010100104750019,서울특별시 서초구 방배동,서울특별시 서초구 효령로 25 (방배동),근린생활2,제2종근린생활시설,102311498,지번
1165010100104750020,서울특별시 서초구 방배동,서울특별시 서초구 효령로 23 (방배동),근린생활2,제2종근린생활시설,102311499,지번
1165010800116040001,서울특별시 서초구 서초동,서울특별시 서초구 서초중앙로8길 70 (서초동),근린생활1,제1종근린생활시설,1023116182,지번
1165010800116960012,서울특별시 서초구 서초동,서울특별시 서초구 서초대로53길 8 (서초동),근린생활2,제2종근린생활시설,1000000000000001040554,지번
1165010800113400009,서울특별시 서초구 서초동,서울특별시 서초구 효령로 434 (서초동),근린생활2,제2종근린생활시설,1023114360,지번
1165010100108830005,서울특별시 서초구 방배동,서울특별시 서초구 서초대로 148 (방배동),근린생활2,제2종근린생활시설,102313775,지번
1165010800116280029,서울특별시 서초구 서초동,서울특별시 서초구 사임당로14길 15 (서초동),근린생활2,제2종근린생활시설,1023116477,지번
1165010200101230009,서울특별시 서초구 양재동,서울특별시 서초구 양재천로17길 14 (양재동),근린생활2,제2종근린생활시설,102318616,지번
1165010800114250012,서울특별시 서초구 서초동,서울특별시 서초구 남부순환로 2463 (서초동),근린생활2,제2종근린생활시설,10231100184088,지번
1165010100107620013,서울특별시 서초구 방배동,서울특별시 서초구 방배중앙로27길 16 (방배동),근린생활2,제2종근린생활시설,10231100207492,지번
1165010100108710008,서울특별시 서초구 방배동,서울특별시 서초구 서초대로 83 (방배동),근린생활1,제1종근린생활시설,102313606,지번
1165010600100400004,서울특별시 서초구 잠원동,서울특별시 서초구 신반포로47길 5 (잠원동),근린생활2,제2종근린생활시설,10231100249254,지번
1165010600100130002,서울특별시 서초구 잠원동,서울특별시 서초구 강남대로101길 15 (잠원동),근린생활2,제2종근린생활시설,1023111228,지번
1165010200103000007,서울특별시 서초구 양재동,서울특별시 서초구 논현로11길 28 (양재동),근린생활1,제1종근린생활시설,102319215,지번
1165010200103070003,서울특별시 서초구 양재동,서울특별시 서초구 언남10길 12 (양재동),근린생활1,제1종근린생활시설,102319256,지번
1165010200100110055,서울특별시 서초구 양재동,서울특별시 서초구 남부순환로350길 25 (양재동),근린생활2,제2종근린생활시설,102318072,지번
1165010200100840013,서울특별시 서초구 양재동,서울특별시 서초구 논현로 125 (양재동),근린생활1,제1종근린생활시설,102318348,지번
1165010700100910007,서울특별시 서초구 반포동,서울특별시 서초구 서래로 32 (반포동),근린생활2,제2종근린생활시설,1023112248,지번
1165010800117140032,서울특별시 서초구 서초동,서울특별시 서초구 법원로2길 17-6 (서초동),근린생활2,제2종근린생활시설,10231100190150,지번
1165010800116170038,서울특별시 서초구 서초동,서울특별시 서초구 서초중앙로8길 111 (서초동),근린생활1,제1종근린생활시설,1023116322,지번
1165010100104750029,서울특별시 서초구 방배동,서울특별시 서초구 효령로 19 (방배동),근린생활1,제1종근린생활시설,102311504,지번
1165010600100380001,서울특별시 서초구 잠원동,서울특별시 서초구 신반포로47길 30 (잠원동),근린생활2,제2종근린생활시설,1023111524,지번
1165010600100380002,서울특별시 서초구 잠원동,서울특별시 서초구 강남대로91길 19 (잠원동),근린생활2,제2종근린생활시설,1023111525,지번
1165010600100380004,서울특별시 서초구 잠원동,서울특별시 서초구 신반포로47길 26 (잠원동),근린생활2,제2종근린생활시설,1023111527,지번
1165010600100380006,서울특별시 서초구 잠원동,서울특별시 서초구 신반포로47길 22 (잠원동),근린생활2,제2종근린생활시설,1023111528,지번
1165010600100350015,서울특별시 서초구 잠원동,서울특별시 서초구 신반포로47길 51-4 (잠원동),근린생활1,제1종근린생활시설,1023111473,지번
1165010700100720002,서울특별시 서초구 반포동,서울특별시 서초구 서래로8길 18 (반포동),근린생활2,제2종근린생활시설,1023112165,지번
1165010100109870002,서울특별시 서초구 방배동,서울특별시 서초구 효령로36길 22 (방배동),근린생활1,제1종근린생활시설,102315540,지번
1165010800115580008,서울특별시 서초구 서초동,서울특별시 서초구 서초대로48길 44 (서초동),근린생활1,제1종근린생활시설,1023115753,지번
1165010800115590005,서울특별시 서초구 서초동,서울특별시 서초구 서초대로46길 67-2 (서초동),근린생활1,제1종근린생활시설,1023115761,지번
1165010900100920005,서울특별시 서초구 내곡동,서울특별시 서초구 홍씨마을길 29 (내곡동),근린생활1,제1종근린생활시설,1023118511,지번
1165010200104020016,서울특별시 서초구 양재동,서울특별시 서초구 동산로16길 55 (양재동),근린생활2,제2종근린생활시설,102319868,지번
1165010600100380007,서울특별시 서초구 잠원동,서울특별시 서초구 강남대로91길 15 (잠원동),근린생활2,제2종근린생활시설,1023111529,지번
1165010600100380009,서울특별시 서초구 잠원동,서울특별시 서초구 신반포로49길 21 (잠원동),근린생활1,제2종근린생활시설,1000000000000006776558,지번
1165010600100380011,서울특별시 서초구 잠원동,서울특별시 서초구 신반포로47길 18-9 (잠원동),근린생활1,제2종근린생활시설,1000000000000006216018,지번
1165010700100550010,서울특별시 서초구 반포동,서울특별시 서초구 고무래로8길 8 (반포동),근린생활2,제2종근린생활시설,1023112121,지번
1165010600100350027,서울특별시 서초구 잠원동,서울특별시 서초구 신반포로47길 41 (잠원동),근린생활2,제2종근린생활시설,1023111483,지번
1165010600100350028,서울특별시 서초구 잠원동,서울특별시 서초구 신반포로47길 39 (잠원동),근린생활2,제2종근린생활시설,1023111484,지번
1165010200100010004,서울특별시 서초구 양재동,서울특별시 서초구 남부순환로358길 8 (양재동),근린생활2,제2종근린생활시설,102317787,지번
1165010200103710009,서울특별시 서초구 양재동,서울특별시 서초구 동산로6길 13 (양재동),근린생활2,제2종근린생활시설,102319710,지번
1165010600100380017,서울특별시 서초구 잠원동,서울특별시 서초구 신반포로47길 12 (잠원동),근린생활2,제2종근린생활시설,1023111538,지번
1165010600100380018,서울특별시 서초구 잠원동,서울특별시 서초구 신반포로47길 10 (잠원동),근린생활2,제2종근린생활시설,1023111539,지번
1165010600100380019,서울특별시 서초구 잠원동,서울특별시 서초구 신반포로49길 9 (잠원동),근린생활2,제2종근린생활시설,1023111540,지번
1165010600100380023,서울특별시 서초구 잠원동,서울특별시 서초구 신반포로47길 8 (잠원동),근린생활2,제2종근린생활시설,1023111544,지번
1165010600100400002,서울특별시 서초구 잠원동,서울특별시 서초구 신반포로47길 9-15 (잠원동),근린생활2,제2종근린생활시설,1023111561,지번
1165011100101970008,서울특별시 서초구 신원동,서울특별시 서초구 청룡마을길 1 (신원동),근린생활2,제2종근린생활시설,1023119028,지번
1165010100109060001,서울특별시 서초구 방배동,서울특별시 서초구 방배로16길 10 (방배동),근린생활2,제2종근린생활시설,10231100196168,지번
1165010200100030004,서울특별시 서초구 양재동,서울특별시 서초구 바우뫼로43길 56 (양재동),근린생활2,제2종근린생활시설,102317828,지번
1165010200101210015,서울특별시 서초구 양재동,서울특별시 서초구 양재천로13길 18 (양재동),근린생활2,제2종근린생활시설,102318603,지번
1165011100104850002,서울특별시 서초구 신원동,서울특별시 서초구 청계산로 120 (신원동),근린생활2,제2종근린생활시설,1023119181,지번
1165010800116370009,서울특별시 서초구 서초동,서울특별시 서초구 사임당로17길 143 (서초동),근린생활2,제2종근린생활시설,1023116575,지번
1165010200103290008,서울특별시 서초구 양재동,서울특별시 서초구 강남대로8길 15-12 (양재동),근린생활2,제2종근린생활시설,102319388,지번
1165010200104000013,서울특별시 서초구 양재동,서울특별시 서초구 논현로5길 21 (양재동),근린생활2,제2종근린생활시설,102319850,지번
1165010100108710003,서울특별시 서초구 방배동,서울특별시 서초구 서초대로15길 8-10 (방배동),근린생활1,제1종근린생활시설,102313601,지번
1165010800116660020,서울특별시 서초구 서초동,서울특별시 서초구 서초대로54길 39 (서초동),근린생활2,제2종근린생활시설,1023118137,지번
1165010200102730011,서울특별시 서초구 양재동,서울특별시 서초구 마방로10길 34-5 (양재동),근린생활2,제2종근린생활시설,102319031,지번
1165010200104000000,서울특별시 서초구 양재동,서울특별시 서초구 논현로5길 17 (양재동),근린생활1,제1종근린생활시설,102319841,지번
1165010100109510001,서울특별시 서초구 방배동,서울특별시 서초구 서초대로 24 (방배동),근린생활1,제1종근린생활시설,102314850,지번
1165010900100012233,서울특별시 서초구 내곡동,서울특별시 서초구 샘마을길 13 (내곡동),근린생활2,제2종근린생활시설,10231100191471,지번
1165010100108110022,서울특별시 서초구 방배동,서울특별시 서초구 서초대로25길 97 (방배동),근린생활2,제2종근린생활시설,102312670,지번
1165010100109510003,서울특별시 서초구 방배동,서울특별시 서초구 서초대로4길 4 (방배동),근린생활2,제2종근린생활시설,102314851,지번
1165010800113180001,서울특별시 서초구 서초동,서울특별시 서초구 강남대로 407 (서초동),근린생활1,제1종근린생활시설,1000000000000001402801,지번
1165010600100460004,서울특별시 서초구 잠원동,서울특별시 서초구 신반포로43길 11-15 (잠원동),근린생활2,제2종근린생활시설,1023111638,지번
1165010600100690019,서울특별시 서초구 잠원동,서울특별시 서초구 신반포로 213 (잠원동),근린생활1,제1종근린생활시설,1023111951,지번
1165010200102810005,서울특별시 서초구 양재동,서울특별시 서초구 언남20길 20 (양재동),근린생활1,제1종근린생활시설,1023110246,지번
1165010600100260011,서울특별시 서초구 잠원동,서울특별시 서초구 신반포로47길 81 (잠원동),근린생활2,제2종근린생활시설,1023111378,지번
1165010200103860023,서울특별시 서초구 양재동,서울특별시 서초구 동산로16길 52 (양재동),근린생활1,공동주택,10231100280655,지번
1165010200100810014,서울특별시 서초구 양재동,서울특별시 서초구 양재천로21길 38 (양재동),근린생활1,제2종근린생활시설,10231100296950,지번
1165010800113080010,서울특별시 서초구 서초동,서울특별시 서초구 서초대로77길 37 (서초동),근린생활2,제2종근린생활시설,1023117158,지번
1165010200103920012,서울특별시 서초구 양재동,서울특별시 서초구 논현로7길 8 (양재동),근린생활2,제2종근린생활시설,102319795,지번
1165010700100570003,서울특별시 서초구 반포동,서울특별시 서초구 서초중앙로 251 (반포동),근린생활2,제2종근린생활시설,1023112127,지번
1165010800113600034,서울특별시 서초구 서초동,서울특별시 서초구 강남대로39길 6-7 (서초동),근린생활1,제1종근린생활시설,1023114575,지번
1165010200103330015,서울특별시 서초구 양재동,서울특별시 서초구 강남대로10길 65 (양재동),근린생활2,제2종근린생활시설,102319422,지번
1165010600100400003,서울특별시 서초구 잠원동,서울특별시 서초구 신반포로47길 9-3 (잠원동),근린생활2,제2종근린생활시설,1023111562,지번
1165010200101100015,서울특별시 서초구 양재동,서울특별시 서초구 강남대로23길 26 (양재동),근린생활2,제2종근린생활시설,102318536,지번
1165010800114430032,서울특별시 서초구 서초동,서울특별시 서초구 효령로68길 112 (서초동),근린생활2,제2종근린생활시설,1023114855,지번
1165010600100400006,서울특별시 서초구 잠원동,서울특별시 서초구 신반포로45길 6 (잠원동),근린생활2,제2종근린생활시설,1023111565,지번
1165010600100400007,서울특별시 서초구 잠원동,서울특별시 서초구 신반포로 325 (잠원동),근린생활1,제1종근린생활시설,1023111566,지번
1165010600100350001,서울특별시 서초구 잠원동,서울특별시 서초구 강남대로95길 47-4 (잠원동),근린생활1,제1종근린생활시설,1023111774,지번
1165010200103360000,서울특별시 서초구 양재동,서울특별시 서초구 강남대로10길 72 (양재동),근린생활2,공동주택,1000000000000007580414,지번
1165010100104710015,서울특별시 서초구 방배동,서울특별시 서초구 청두곶2길 26 (방배동),근린생활1,제1종근린생활시설,102311454,지번
1165010100104670011,서울특별시 서초구 방배동,서울특별시 서초구 방배천로6길 32-1 (방배동),근린생활1,제1종근린생활시설,102311410,지번
1165010800115700012,서울특별시 서초구 서초동,서울특별시 서초구 서초대로50길 30 (서초동),근린생활1,제2종근린생활시설,1000000000000001553680,지번
1165010200101080004,서울특별시 서초구 양재동,서울특별시 서초구 바우뫼로 154 (양재동),근린생활2,제2종근린생활시설,102318519,지번
1165010200102790009,서울특별시 서초구 양재동,서울특별시 서초구 마방로10길 53 (양재동),근린생활2,제2종근린생활시설,102319081,지번
1165010800115700013,서울특별시 서초구 서초동,서울특별시 서초구 반포대로26길 75 (서초동),근린생활2,제2종근린생활시설,1023115872,지번
1165010200103270019,서울특별시 서초구 양재동,서울특별시 서초구 강남대로10길 5 (양재동),근린생활2,제2종근린생활시설,102319371,지번
1165010800113620009,서울특별시 서초구 서초동,서울특별시 서초구 강남대로39길 15-9 (서초동),근린생활2,제2종근린생활시설,10231100281555,지번
1165010100108520015,서울특별시 서초구 방배동,서울특별시 서초구 방배로25길 12 (방배동),근린생활1,제1종근린생활시설,102313251,지번
1165010600100270001,서울특별시 서초구 잠원동,서울특별시 서초구 강남대로97길 7 (잠원동),근린생활2,제2종근린생활시설,1000000000000000146025,지번
1165010100110210005,서울특별시 서초구 방배동,서울특별시 서초구 방배로8길 10-19 (방배동),근린생활2,제2종근린생활시설,10231100198979,지번
1165010200102060006,서울특별시 서초구 양재동,서울특별시 서초구 매헌로6길 36-9 (양재동),근린생활2,제2종근린생활시설,102318682,지번
1165010200101160005,서울특별시 서초구 양재동,서울특별시 서초구 강남대로23길 90 (양재동),근린생활2,제2종근린생활시설,1023110122,지번
1165011100101920124,서울특별시 서초구 신원동,서울특별시 서초구 청룡마을3길 13 (신원동),근린생활1,제1종근린생활시설,1023119015,지번
1165011100104320002,서울특별시 서초구 신원동,서울특별시 서초구 새원말길 12-5 (신원동),근린생활1,제1종근린생활시설,1023119124,지번
1165010100104580026,서울특별시 서초구 방배동,서울특별시 서초구 청두곶10길 1 (방배동),근린생활1,제1종근린생활시설,102311265,지번
1165010600100350024,서울특별시 서초구 잠원동,서울특별시 서초구 신반포로45길 38 (잠원동),근린생활2,제1종근린생활시설,10231100277155,지번
1165010200102780010,서울특별시 서초구 양재동,서울특별시 서초구 언남17길 12 (양재동),근린생활2,제2종근린생활시설,10231100206853,지번
1165010200100870000,서울특별시 서초구 양재동,서울특별시 서초구 논현로27길 29 (양재동),근린생활2,제2종근린생활시설,102318365,지번
1165010800115030018,서울특별시 서초구 서초동,서울특별시 서초구 반포대로23길 34 (서초동),근린생활1,제1종근린생활시설,1023115352,지번
1165010200103270001,서울특별시 서초구 양재동,서울특별시 서초구 동산로 4 (양재동),근린생활2,제2종근린생활시설,102319357,지번
1165010100104780017,서울특별시 서초구 방배동,서울특별시 서초구 효령로2길 17 (방배동),근린생활1,제1종근린생활시설,102311541,지번
1165010700100990006,서울특별시 서초구 반포동,서울특별시 서초구 동광로 125 (반포동),근린생활2,제2종근린생활시설,10231100206640,지번
1165010700100590014,서울특별시 서초구 반포동,서울특별시 서초구 고무래로 6-16 (반포동),근린생활2,제2종근린생활시설,1023112146,지번
1165010700101050001,서울특별시 서초구 반포동,서울특별시 서초구 서래로7길 19 (반포동),근린생활2,제2종근린생활시설,1023112312,지번
1165010700101070032,서울특별시 서초구 반포동,서울특별시 서초구 서래로5길 30 (반포동),근린생활2,제2종근린생활시설,1023112341,지번
1165010100104630012,서울특별시 서초구 방배동,서울특별시 서초구 청두곶9길 1 (방배동),근린생활1,제1종근린생활시설,102311340,지번
1165010700105470005,서울특별시 서초구 반포동,서울특별시 서초구 반포대로39길 36-15 (반포동),근린생활2,공동주택,10231100268795,지번
1165010700105360002,서울특별시 서초구 반포동,서울특별시 서초구 사평대로28길 22 (반포동),근린생활2,제2종근린생활시설,1023112483,지번
1165010700105770025,서울특별시 서초구 반포동,서울특별시 서초구 동광로46길 6-6 (반포동),근린생활2,제2종근린생활시설,1023112529,지번
1165010700107080003,서울특별시 서초구 반포동,서울특별시 서초구 사평대로55길 140 (반포동),근린생활1,제1종근린생활시설,1023112664,지번
1165010900100012036,서울특별시 서초구 내곡동,서울특별시 서초구 샘마을길 3-4 (내곡동),근린생활2,제2종근린생활시설,1023118391,지번
1165010100107810030,서울특별시 서초구 방배동,서울특별시 서초구 동광로3길 43-2 (방배동),근린생활2,제2종근린생활시설,102312345,지번
1165010800114270017,서울특별시 서초구 서초동,서울특별시 서초구 남부순환로331길 10 (서초동),근린생활2,제2종근린생활시설,1023114724,지번
1165010800113570070,서울특별시 서초구 서초동,서울특별시 서초구 강남대로43길 12 (서초동),근린생활2,제2종근린생활시설,1023114509,지번
1165010800113660015,서울특별시 서초구 서초동,서울특별시 서초구 남부순환로 2579 (서초동),근린생활1,제1종근린생활시설,1023114671,지번
1165010800114270019,서울특별시 서초구 서초동,서울특별시 서초구 남부순환로331길 12 (서초동),근린생활2,제2종근린생활시설,1023114725,지번
1165010100104650031,서울특별시 서초구 방배동,서울특별시 서초구 방배천로6길 33-2 (방배동),근린생활1,제2종근린생활시설,1000000000000002536799,지번
1165010100108550027,서울특별시 서초구 방배동,서울특별시 서초구 방배로25길 42-14 (방배동),근린생활2,제2종근린생활시설,10231100216733,지번
1165010700107470008,서울특별시 서초구 반포동,서울특별시 서초구 사평대로57길 7 (반포동),근린생활1,제1종근린생활시설,1023113340,지번
1165010800114760013,서울특별시 서초구 서초동,서울특별시 서초구 남부순환로317길 49 (서초동),근린생활2,제2종근린생활시설,1023115089,지번
1165010800116230011,서울특별시 서초구 서초동,서울특별시 서초구 서초중앙로 54 (서초동),근린생활2,제2종근린생활시설,1023116423,지번
1165010200103470002,서울특별시 서초구 양재동,서울특별시 서초구 동산로2길 40 (양재동),근린생활2,제2종근린생활시설,102319563,지번
1165010800116400026,서울특별시 서초구 서초동,서울특별시 서초구 사임당로17길 129 (서초동),근린생활2,제2종근린생활시설,1023116611,지번
1165010100104640012,서울특별시 서초구 방배동,서울특별시 서초구 방배천로8길 36 (방배동),근린생활1,제1종근린생활시설,102311358,지번
1165010800115240022,서울특별시 서초구 서초동,서울특별시 서초구 반포대로19길 9-7 (서초동),근린생활1,제1종근린생활시설,1023115514,지번
1165010200100050014,서울특별시 서초구 양재동,서울특별시 서초구 바우뫼로37길 8 (양재동),근린생활2,제2종근린생활시설,102317858,지번
1165010200102940001,서울특별시 서초구 양재동,서울특별시 서초구 언남12길 29-5 (양재동),근린생활1,제1종근린생활시설,102319197,지번
1165010800114310001,서울특별시 서초구 서초동,서울특별시 서초구 남부순환로333길 36 (서초동),근린생활2,제2종근린생활시설,1023114748,지번
1165010100104670024,서울특별시 서초구 방배동,서울특별시 서초구 청두곶3길 4 (방배동),근린생활1,공동주택,10231100280915,지번
1165010800113080002,서울특별시 서초구 서초동,서울특별시 서초구 서초대로75길 45 (서초동),근린생활2,제2종근린생활시설,1023114229,지번
1165010800115810002,서울특별시 서초구 서초동,서울특별시 서초구 반포대로20길 10 (서초동),근린생활2,제2종근린생활시설,1023115983,지번
1165011000102550000,서울특별시 서초구 염곡동,서울특별시 서초구 헌릉로 72 (염곡동),근린생활2,제2종근린생활시설,1023118892,지번
1165010400104190015,서울특별시 서초구 원지동,서울특별시 서초구 원터2길 13 (원지동),근린생활1,제1종근린생활시설,10231100206965,지번
1165010100109260003,서울특별시 서초구 방배동,서울특별시 서초구 방배로19길 19 (방배동),근린생활2,제2종근린생활시설,102317253,지번
1165010200101240001,서울특별시 서초구 양재동,서울특별시 서초구 강남대로23길 23 (양재동),근린생활2,제2종근린생활시설,102318620,지번
1165010200100100038,서울특별시 서초구 양재동,서울특별시 서초구 남부순환로350길 69 (양재동),근린생활2,제2종근린생활시설,102318022,지번
1165010100108760027,서울특별시 서초구 방배동,서울특별시 서초구 서초대로27길 11 (방배동),근린생활2,제2종근린생활시설,10231100245494,지번
1165010100120950000,서울특별시 서초구 방배동,서울특별시 서초구 동광로 8 (방배동),근린생활2,제2종근린생활시설,102315741,지번
1165011100102360006,서울특별시 서초구 신원동,서울특별시 서초구 청룡마을길 23-8 (신원동),근린생활1,제1종근린생활시설,1023119064,지번
1165010200103440007,서울특별시 서초구 양재동,서울특별시 서초구 강남대로6길 63 (양재동),근린생활2,제2종근린생활시설,102319537,지번
1165011100104890007,서울특별시 서초구 신원동,서울특별시 서초구 청계산로 119 (신원동),근린생활1,제1종근린생활시설,1023119196,지번
1165010800114720016,서울특별시 서초구 서초동,서울특별시 서초구 반포대로5길 25 (서초동),근린생활2,제2종근린생활시설,1023115055,지번
1165010100108210007,서울특별시 서초구 방배동,서울특별시 서초구 방배천로 153 (방배동),근린생활2,제2종근린생활시설,102312861,지번
1165010200100980004,서울특별시 서초구 양재동,서울특별시 서초구 양재천로 95-2 (양재동),근린생활2,제2종근린생활시설,102318490,지번
1165010200103980011,서울특별시 서초구 양재동,서울특별시 서초구 동산로16길 39 (양재동),근린생활2,제2종근린생활시설,102319836,지번
1165010200102650007,서울특별시 서초구 양재동,서울특별시 서초구 언남11길 7-17 (양재동),근린생활2,제2종근린생활시설,102318925,지번
1165010100108820031,서울특별시 서초구 방배동,서울특별시 서초구 서초대로 147 (방배동),근린생활1,제2종근린생활시설,1000000000000000518795,지번
1165010800116030013,서울특별시 서초구 서초동,서울특별시 서초구 효령로57길 3 (서초동),근린생활2,단독주택,10231100284416,지번
1165010800116030013,서울특별시 서초구 서초동,서울특별시 서초구 효령로57길 3 (서초동),근린생활2,제2종근린생활시설,1023116115,지번
1165010200103270002,서울특별시 서초구 양재동,서울특별시 서초구 동산로 6 (양재동),근린생활1,제1종근린생활시설,102319358,지번
1165010200102720006,서울특별시 서초구 양재동,서울특별시 서초구 마방로10길 54-1 (양재동),근린생활2,제2종근린생활시설,102319016,지번
1165010200103120008,서울특별시 서초구 양재동,서울특별시 서초구 강남대로18길 24-7 (양재동),근린생활2,제2종근린생활시설,102319273,지번
1165010300100020008,서울특별시 서초구 우면동,서울특별시 서초구 바우뫼로 20 (우면동),근린생활1,제1종근린생활시설,1023110545,지번
1165010800113590022,서울특별시 서초구 서초동,서울특별시 서초구 서운로6길 19 (서초동),근린생활1,제1종근린생활시설,1023114543,지번
1165010200103190004,서울특별시 서초구 양재동,서울특별시 서초구 강남대로16길 16 (양재동),근린생활2,제2종근린생활시설,102319319,지번
1165010200103720004,서울특별시 서초구 양재동,서울특별시 서초구 동산로 46 (양재동),근린생활1,제1종근린생활시설,102319714,지번
1165010100109360004,서울특별시 서초구 방배동,서울특별시 서초구 서초대로24길 9 (방배동),근린생활2,제2종근린생활시설,102314547,지번
1165010700100940006,서울특별시 서초구 반포동,서울특별시 서초구 서래로 45 (반포동),근린생활2,제2종근린생활시설,1023112272,지번
1165010700107380032,서울특별시 서초구 반포동,서울특별시 서초구 사평대로57길 27 (반포동),근린생활2,제2종근린생활시설,1023113231,지번
1165010800114860007,서울특별시 서초구 서초동,서울특별시 서초구 효령로 224 (서초동),근린생활1,제1종근린생활시설,1023115159,지번
1165010400103790004,서울특별시 서초구 원지동,서울특별시 서초구 원터2길 2 (원지동),근린생활2,제2종근린생활시설,1023111079,지번
1165010700107380016,서울특별시 서초구 반포동,서울특별시 서초구 사평대로55길 40 (반포동),근린생활2,제2종근린생활시설,1023113221,지번
1165010100109810032,서울특별시 서초구 방배동,서울특별시 서초구 효령로26길 9-12 (방배동),근린생활2,제2종근린생활시설,102315500,지번
1165010200102440001,서울특별시 서초구 양재동,서울특별시 서초구 언남1길 9 (양재동),근린생활2,제2종근린생활시설,102318761,지번
1165010100100330009,서울특별시 서초구 방배동,서울특별시 서초구 방배로42길 43 (방배동),근린생활2,제2종근린생활시설,10231617,지번
1165010200100080064,서울특별시 서초구 양재동,서울특별시 서초구 남부순환로356길 45 (양재동),근린생활1,제1종근린생활시설,102317948,지번
1165010400103760010,서울특별시 서초구 원지동,서울특별시 서초구 원터2길 7 (원지동),근린생활1,제1종근린생활시설,1023111070,지번
1165010800115310003,서울특별시 서초구 서초동,서울특별시 서초구 효령로49길 19 (서초동),근린생활2,제2종근린생활시설,1023115545,지번
1165010100100120034,서울특별시 서초구 방배동,서울특별시 서초구 사평대로6길 66 (방배동),근린생활2,제2종근린생활시설,10231561,지번
1165010800114660013,서울특별시 서초구 서초동,서울특별시 서초구 남부순환로 2363 (서초동),근린생활2,제2종근린생활시설,1023115023,지번
1165010900101620002,서울특별시 서초구 내곡동,서울특별시 서초구 능안말길 33 (내곡동),근린생활1,제1종근린생활시설,1023118536,지번
1165010800116130021,서울특별시 서초구 서초동,서울특별시 서초구 서리풀4길 7-6 (서초동),근린생활1,제1종근린생활시설,1023116274,지번
1165010800115740003,서울특별시 서초구 서초동,서울특별시 서초구 반포대로30길 86 (서초동),근린생활1,제2종근린생활시설,1000000000000003779776,지번
1165010900101710017,서울특별시 서초구 내곡동,서울특별시 서초구 능안말1길 7 (내곡동),근린생활1,제1종근린생활시설,10231100234714,지번
1165010200102430006,서울특별시 서초구 양재동,서울특별시 서초구 강남대로18길 15-6 (양재동),근린생활2,제2종근린생활시설,102318759,지번
1165010100104500014,서울특별시 서초구 방배동,서울특별시 서초구 방배천로 12 (방배동),근린생활2,제2종근린생활시설,102311093,지번
1165010200103180000,서울특별시 서초구 양재동,서울특별시 서초구 강남대로12길 23-16 (양재동),근린생활1,제1종근린생활시설,102319310,지번
1165010200103140011,서울특별시 서초구 양재동,서울특별시 서초구 마방로2길 51 (양재동),근린생활2,제2종근린생활시설,102319291,지번
1165010800116080001,서울특별시 서초구 서초동,서울특별시 서초구 효령로67길 48 (서초동),근린생활1,제1종근린생활시설,1023116218,지번
1165010800116180015,서울특별시 서초구 서초동,서울특별시 서초구 서초중앙로8길 89-9 (서초동),근린생활2,제2종근린생활시설,1023116339,지번
1165010800117200001,서울특별시 서초구 서초동,서울특별시 서초구 반포대로 154 (서초동),근린생활2,제2종근린생활시설,1023117128,지번
1165011100102100002,서울특별시 서초구 신원동,서울특별시 서초구 청룡마을4길 11-3 (신원동),근린생활1,제1종근린생활시설,10231100257534,지번
1165010200100150004,서울특별시 서초구 양재동,서울특별시 서초구 강남대로 186 (양재동),근린생활2,업무시설,1000000000000004040480,지번
1165010600100290001,서울특별시 서초구 잠원동,서울특별시 서초구 강남대로95길 19-4 (잠원동),근린생활2,제2종근린생활시설,1023111398,지번
1165010600100300004,서울특별시 서초구 잠원동,서울특별시 서초구 강남대로95길 47-3 (잠원동),근린생활2,제2종근린생활시설,1023111423,지번
1165010600100350009,서울특별시 서초구 잠원동,서울특별시 서초구 신반포로45길 50-10 (잠원동),근린생활2,제2종근린생활시설,1023111468,지번
1165010900100010281,서울특별시 서초구 내곡동,서울특별시 서초구 신흥말길 27-5 (내곡동),근린생활2,제2종근린생활시설,1023118280,지번
1165010200100970004,서울특별시 서초구 양재동,서울특별시 서초구 양재천로 103-3 (양재동),근린생활2,제2종근린생활시설,102318480,지번
1165010200103920001,서울특별시 서초구 양재동,서울특별시 서초구 동산로 78 (양재동),근린생활1,제1종근린생활시설,102319786,지번
1165010800113400001,서울특별시 서초구 서초동,서울특별시 서초구 효령로 426 (서초동),근린생활2,제2종근린생활시설,1023114354,지번
1165010800113400012,서울특별시 서초구 서초동,서울특별시 서초구 강남대로47길 14 (서초동),근린생활2,제2종근린생활시설,1023114362,지번
1165010800113430007,서울특별시 서초구 서초동,서울특별시 서초구 서운로11길 35 (서초동),근린생활2,제2종근린생활시설,1023114397,지번
1165010100108660027,서울특별시 서초구 방배동,서울특별시 서초구 방배천로26길 22 (방배동),근린생활2,제2종근린생활시설,102313508,지번
1165010200100020037,서울특별시 서초구 양재동,서울특별시 서초구 남부순환로 2652 (양재동),근린생활1,제1종근린생활시설,102317817,지번
1165010100108740007,서울특별시 서초구 방배동,서울특별시 서초구 서초대로 97 (방배동),근린생활2,제2종근린생활시설,102313648,지번
1165010100109060012,서울특별시 서초구 방배동,서울특별시 서초구 효령로33길 74 (방배동),근린생활2,제2종근린생활시설,102314045,지번
1165010100109070001,서울특별시 서초구 방배동,서울특별시 서초구 방배로 114 (방배동),근린생활1,제1종근린생활시설,102314046,지번
1165010800115710027,서울특별시 서초구 서초동,서울특별시 서초구 반포대로28길 73 (서초동),근린생활2,제2종근린생활시설,1023115896,지번
1165011100102330014,서울특별시 서초구 신원동,서울특별시 서초구 청룡마을길 17-1 (신원동),근린생활1,제1종근린생활시설,1023119056,지번
1165010800114750010,서울특별시 서초구 서초동,서울특별시 서초구 반포대로5길 6 (서초동),근린생활2,제2종근린생활시설,1023115083,지번
1165010400104140010,서울특별시 서초구 원지동,서울특별시 서초구 원터길 19 (원지동),근린생활2,제2종근린생활시설,1023111100,지번
1165010100109050005,서울특별시 서초구 방배동,서울특별시 서초구 방배로16길 5 (방배동),근린생활2,제2종근린생활시설,10231100204892,지번
1165010800116210009,서울특별시 서초구 서초동,서울특별시 서초구 서초중앙로8길 12 (서초동),근린생활2,제2종근린생활시설,1023116394,지번
1165010800114510095,서울특별시 서초구 서초동,서울특별시 서초구 남부순환로323길 1 (서초동),근린생활2,제2종근린생활시설,1023114947,지번
1165010800114270004,서울특별시 서초구 서초동,서울특별시 서초구 서초중앙로2길 34 (서초동),근린생활2,제2종근린생활시설,1023114716,지번
1165010100110230009,서울특별시 서초구 방배동,서울특별시 서초구 방배로4길 5 (방배동),근린생활2,제2종근린생활시설,102315646,지번
1165010700105490018,서울특별시 서초구 반포동,서울특별시 서초구 반포대로39길 47-3 (반포동),근린생활2,제2종근린생활시설,1023112494,지번
1165010200103980007,서울특별시 서초구 양재동,서울특별시 서초구 논현로1길 52 (양재동),근린생활2,제2종근린생활시설,102319833,지번
1165010700107030005,서울특별시 서초구 반포동,서울특별시 서초구 신반포로42길 12 (반포동),근린생활1,제1종근린생활시설,1023112608,지번
1165010800115770001,서울특별시 서초구 서초동,서울특별시 서초구 서초대로46길 106 (서초동),근린생활2,제2종근린생활시설,1023115946,지번
1165010800115650006,서울특별시 서초구 서초동,서울특별시 서초구 서초대로50길 84-3 (서초동),근린생활2,제2종근린생활시설,1023115808,지번
1165010800115650023,서울특별시 서초구 서초동,서울특별시 서초구 반포대로24길 77 (서초동),근린생활2,제2종근린생활시설,1023115819,지번
1165011000101000012,서울특별시 서초구 염곡동,서울특별시 서초구 염곡안길 9-4 (염곡동),근린생활1,제1종근린생활시설,10231100220153,지번
1165011000102140001,서울특별시 서초구 염곡동,서울특별시 서초구 탑성말길 17 (염곡동),근린생활2,제2종근린생활시설,1023118869,지번
1165010800115770007,서울특별시 서초구 서초동,서울특별시 서초구 서초중앙로 83 (서초동),근린생활2,제2종근린생활시설,1023115952,지번
1165010800115800008,서울특별시 서초구 서초동,서울특별시 서초구 사임당로 19 (서초동),근린생활2,제2종근린생활시설,1023115973,지번
1165010100109080033,서울특별시 서초구 방배동,서울특별시 서초구 방배로 102-4 (방배동),근린생활2,제2종근린생활시설,10231100209894,지번
1165010600100390009,서울특별시 서초구 잠원동,서울특별시 서초구 신반포로47길 17 (잠원동),근린생활2,제2종근린생활시설,1023111554,지번
1165010800115640007,서울특별시 서초구 서초동,서울특별시 서초구 반포대로20길 57 (서초동),근린생활2,제2종근린생활시설,1023115799,지번
1165010400103760012,서울특별시 서초구 원지동,서울특별시 서초구 원터4길 6 (원지동),근린생활1,제1종근린생활시설,1023111071,지번
1165010400104050000,서울특별시 서초구 원지동,서울특별시 서초구 원터3길 7 (원지동),근린생활2,제2종근린생활시설,1023111091,지번
1165010800114510074,서울특별시 서초구 서초동,서울특별시 서초구 반포대로4길 9 (서초동),근린생활1,제1종근린생활시설,1023114931,지번
1165010100104530006,서울특별시 서초구 방배동,서울특별시 서초구 방배천로 40-2 (방배동),근린생활1,제1종근린생활시설,102311141,지번
1165010800116860006,서울특별시 서초구 서초동,서울특별시 서초구 서초중앙로24길 35 (서초동),근린생활2,제2종근린생활시설,10231100182188,지번
1165010800115490020,서울특별시 서초구 서초동,서울특별시 서초구 반포대로22길 37 (서초동),근린생활2,제2종근린생활시설,10231100237674,지번
1165010800113650000,서울특별시 서초구 서초동,서울특별시 서초구 강남대로37길 65 (서초동),근린생활2,제2종근린생활시설,10231100290415,지번
1165010800115710019,서울특별시 서초구 서초동,서울특별시 서초구 반포대로28길 79 (서초동),근린생활2,제2종근린생활시설,1023115891,지번
1165010200103010000,서울특별시 서초구 양재동,서울특별시 서초구 언남길 76 (양재동),근린생활2,근린생활시설,102319220,지번
1165010100104770010,서울특별시 서초구 방배동,서울특별시 서초구 효령로4길 7 (방배동),근린생활2,제2종근린생활시설,102311531,지번
1165010200100080071,서울특별시 서초구 양재동,서울특별시 서초구 남부순환로356길 33 (양재동),근린생활2,제2종근린생활시설,102319945,지번
1165010600100390011,서울특별시 서초구 잠원동,서울특별시 서초구 신반포로47길 9-8 (잠원동),근린생활2,제2종근린생활시설,1023111556,지번
1165010600100240007,서울특별시 서초구 잠원동,서울특별시 서초구 강남대로97길 49-8 (잠원동),근린생활2,제2종근린생활시설,1023111327,지번
1165010800113590045,서울특별시 서초구 서초동,서울특별시 서초구 남부순환로347길 59 (서초동),근린생활2,제2종근린생활시설,1023114548,지번
1165010100109830001,서울특별시 서초구 방배동,서울특별시 서초구 방배로10길 4 (방배동),근린생활2,제2종근린생활시설,102315505,지번
1165010100109350001,서울특별시 서초구 방배동,서울특별시 서초구 서초대로22길 27 (방배동),근린생활2,제2종근린생활시설,102314517,지번
1165010800114640010,서울특별시 서초구 서초동,서울특별시 서초구 남부순환로319길 14 (서초동),근린생활1,제1종근린생활시설,1023115004,지번
1165010900100012433,서울특별시 서초구 내곡동,,근린생활2,창고시설,1023118419,지번
1165010900100012433,서울특별시 서초구 내곡동,,근린생활2,창고시설,1023118420,지번
1165010900100012433,서울특별시 서초구 내곡동,,근린생활2,제2종근린생활시설,1023118422,지번
1165010900100012433,서울특별시 서초구 내곡동,,근린생활2,제2종근린생활시설,1023118423,지번
1165010900100012433,서울특별시 서초구 내곡동,,근린생활2,제2종근린생활시설,1023118428,지번
1165010300100130000,서울특별시 서초구 우면동,서울특별시 서초구 바우뫼로6길 56 (우면동),근린생활,근린생활시설,1023110582,지번
1165010400103760009,서울특별시 서초구 원지동,서울특별시 서초구 원터2길 5 (원지동),근린생활1,제1종근린생활시설,1023111069,지번
1165010800115650018,서울특별시 서초구 서초동,서울특별시 서초구 서초대로48길 91 (서초동),근린생활2,제2종근린생활시설,1023115815,지번
1165010800116750003,서울특별시 서초구 서초동,서울특별시 서초구 서초대로56길 9 (서초동),근린생활1,제1종근린생활시설,1023116923,지번
1165010800116750005,서울특별시 서초구 서초동,서울특별시 서초구 서초대로56길 11 (서초동),근린생활1,제1종근린생활시설,1023116924,지번
1165010200102100006,서울특별시 서초구 양재동,서울특별시 서초구 매헌로 36 (양재동),근린생활2,제2종근린생활시설,102318699,지번
1165010200103520010,서울특별시 서초구 양재동,서울특별시 서초구 강남대로2길 36 (양재동),근린생활1,제1종근린생활시설,102319599,지번
1165010200103180003,서울특별시 서초구 양재동,서울특별시 서초구 강남대로12길 31 (양재동),근린생활2,제2종근린생활시설,102319311,지번
1165010100105930079,서울특별시 서초구 방배동,서울특별시 서초구 남부순환로297가길 9-8 (방배동),근린생활2,제2종근린생활시설,10231100198539,지번
1165010800114870137,서울특별시 서초구 서초동,서울특별시 서초구 명달로4길 9 (서초동),근린생활2,제2종근린생활시설,1023115251,지번
1165010800115380001,서울특별시 서초구 서초동,서울특별시 서초구 서초대로40길 77 (서초동),근린생활1,제1종근린생활시설,1023117861,지번
1165010800115700002,서울특별시 서초구 서초동,서울특별시 서초구 반포대로28길 70 (서초동),근린생활2,제2종근린생활시설,1023115861,지번
1165010200100830005,서울특별시 서초구 양재동,서울특별시 서초구 바우뫼로 212 (양재동),근린생활2,제1종근린생활시설,10231100273195,지번
1165010200100020020,서울특별시 서초구 양재동,서울특별시 서초구 남부순환로358길 49 (양재동),근린생활1,제1종근린생활시설,102317808,지번
1165010200100090003,서울특별시 서초구 양재동,서울특별시 서초구 남부순환로356길 55 (양재동),근린생활2,제2종근린생활시설,102317954,지번
1165010200100100021,서울특별시 서초구 양재동,서울특별시 서초구 남부순환로350길 59-19 (양재동),근린생활2,제2종근린생활시설,102318011,지번
1165010800113080014,서울특별시 서초구 서초동,서울특별시 서초구 서초대로75길 34 (서초동),근린생활2,제2종근린생활시설,1023114236,지번
1165010800115660005,서울특별시 서초구 서초동,서울특별시 서초구 서초대로46길 100 (서초동),근린생활2,제2종근린생활시설,1023115823,지번
1165010800115660008,서울특별시 서초구 서초동,서울특별시 서초구 서초대로50길 82 (서초동),근린생활1,제1종근린생활시설,1023115825,지번
1165010800115690013,서울특별시 서초구 서초동,서울특별시 서초구 반포대로26길 70 (서초동),근린생활2,제2종근린생활시설,1023115856,지번
1165010800113040004,서울특별시 서초구 서초동,서울특별시 서초구 서초대로77길 48 (서초동),근린생활2,업무시설,1000000000000003867963,지번
1165010600100230001,서울특별시 서초구 잠원동,서울특별시 서초구 강남대로99길 61 (잠원동),근린생활2,제2종근린생활시설,1023111305,지번
1165010100108640031,서울특별시 서초구 방배동,서울특별시 서초구 도구로 115 (방배동),근린생활2,제2종근린생활시설,10231100184324,지번
1165010600100390001,서울특별시 서초구 잠원동,서울특별시 서초구 신반포로45길 26 (잠원동),근린생활2,제2종근린생활시설,1023111547,지번
1165010800114730001,서울특별시 서초구 서초동,서울특별시 서초구 반포대로3길 31 (서초동),근린생활2,제2종근린생활시설,1023115058,지번
1165010900100012216,서울특별시 서초구 내곡동,서울특별시 서초구 샘마을길 4-5 (내곡동),근린생활2,제2종근린생활시설,1023118411,지번
1165010900100060020,서울특별시 서초구 내곡동,서울특별시 서초구 능안말길 1-2 (내곡동),근린생활1,제1종근린생활시설,1023118449,지번
1165010400103840001,서울특별시 서초구 원지동,서울특별시 서초구 청계산로 233 (원지동),근린생활1,제1종근린생활시설,1023111081,지번
1165010700107380041,서울특별시 서초구 반포동,서울특별시 서초구 사평대로55길 20 (반포동),근린생활2,제2종근린생활시설,1023113238,지번
1165010700107390027,서울특별시 서초구 반포동,서울특별시 서초구 강남대로79길 38 (반포동),근린생활2,제2종근린생활시설,1023113262,지번
1165010800115890001,서울특별시 서초구 서초동,서울특별시 서초구 반포대로14길 26 (서초동),근린생활2,업무시설,10231100271455,지번
1165010800114900047,서울특별시 서초구 서초동,서울특별시 서초구 효령로 169 (서초동),근린생활1,제1종근린생활시설,1023115291,지번
1165010200103920004,서울특별시 서초구 양재동,서울특별시 서초구 동산로 82 (양재동),근린생활2,제2종근린생활시설,102319788,지번
1165010800114510086,서울특별시 서초구 서초동,서울특별시 서초구 반포대로4길 12 (서초동),근린생활2,제2종근린생활시설,1023114939,지번
1165010100104670027,서울특별시 서초구 방배동,서울특별시 서초구 방배천로6길 42 (방배동),근린생활2,제2종근린생활시설,102311425,지번
1165010800114320022,서울특별시 서초구 서초동,서울특별시 서초구 남부순환로339길 19 (서초동),근린생활2,제2종근린생활시설,10231100213106,지번
1165010200103280001,서울특별시 서초구 양재동,서울특별시 서초구 강남대로10길 28 (양재동),근린생활1,공동주택,10231100292176,지번
1165010200103280001,서울특별시 서초구 양재동,서울특별시 서초구 강남대로10길 28 (양재동),근린생활1,공동주택,10231100292192,지번
1165010200103280001,서울특별시 서초구 양재동,서울특별시 서초구 강남대로10길 28 (양재동),근린생활1,공동주택,10231100292208,지번
1165010800116100001,서울특별시 서초구 서초동,서울특별시 서초구 효령로67길 63 (서초동),근린생활2,제2종근린생활시설,1000000000000007021986,지번
1165010100109520003,서울특별시 서초구 방배동,서울특별시 서초구 서초대로 14 (방배동),근린생활2,제2종근린생활시설,102314875,지번
1165010100109520005,서울특별시 서초구 방배동,서울특별시 서초구 서초대로 20 (방배동),근린생활2,제2종근린생활시설,102314877,지번
1165010800114600005,서울특별시 서초구 서초동,서울특별시 서초구 반포대로 37 (서초동),근린생활2,제2종근린생활시설,1023114976,지번
1165010200103240005,서울특별시 서초구 양재동,서울특별시 서초구 동산로 9 (양재동),근린생활1,제1종근린생활시설,10231100198640,지번
1165011100103760001,서울특별시 서초구 신원동,서울특별시 서초구 본마을4길 11 (신원동),근린생활1,제1종근린생활시설,1023119105,지번
1165010800117020010,서울특별시 서초구 서초동,서울특별시 서초구 법원로4길 41 (서초동),근린생활2,제2종근린생활시설,1023117052,지번
1165010800114320010,서울특별시 서초구 서초동,서울특별시 서초구 남부순환로337가길 9 (서초동),근린생활2,제2종근린생활시설,1023114762,지번
1165010800116390005,서울특별시 서초구 서초동,서울특별시 서초구 서초대로60길 9-6 (서초동),근린생활2,제2종근린생활시설,1023116586,지번
1165010800116980010,서울특별시 서초구 서초동,서울특별시 서초구 서초대로53길 21 (서초동),근린생활2,제2종근린생활시설,1023118236,지번
1165010100107510004,서울특별시 서초구 방배동,서울특별시 서초구 방배중앙로 208 (방배동),근린생활2,업무시설,10231100281495,지번
1165010800115630005,서울특별시 서초구 서초동,서울특별시 서초구 반포대로20길 41 (서초동),근린생활1,제1종근린생활시설,1023115790,지번
1165010800114260002,서울특별시 서초구 서초동,서울특별시 서초구 남부순환로 2449 (서초동),근린생활2,제2종근린생활시설,1023114709,지번
1165010900101630002,서울특별시 서초구 내곡동,서울특별시 서초구 능안말길 41 (내곡동),근린생활1,제1종근린생활시설,10231100198760,지번
1165010700100960003,서울특별시 서초구 반포동,서울특별시 서초구 서래로5길 3 (반포동),근린생활2,제2종근린생활시설,1023112289,지번
1165010200102710008,서울특별시 서초구 양재동,서울특별시 서초구 마방로10길 54-10 (양재동),근린생활2,제2종근린생활시설,102319004,지번
1165010800115710029,서울특별시 서초구 서초동,서울특별시 서초구 반포대로28길 71-18 (서초동),근린생활2,제2종근린생활시설,1023115898,지번
1165010800116000001,서울특별시 서초구 서초동,서울특별시 서초구 서초중앙로5길 10-24 (서초동),근린생활2,제2종근린생활시설,1023116095,지번
1165010800117140009,서울특별시 서초구 서초동,서울특별시 서초구 서초중앙로 149-5 (서초동),근린생활2,제2종근린생활시설,1023117091,지번
1165010800115650003,서울특별시 서초구 서초동,서울특별시 서초구 서초대로50길 84-11 (서초동),근린생활2,제2종근린생활시설,1023115805,지번
1165010900100060044,서울특별시 서초구 내곡동,서울특별시 서초구 능안말1길 5-3 (내곡동),근린생활1,제1종근린생활시설,10231100182868,지번
1165011000101810001,서울특별시 서초구 염곡동,서울특별시 서초구 염곡안길 6 (염곡동),근린생활1,제1종근린생활시설,1023118852,지번
1165011100100170004,서울특별시 서초구 신원동,서울특별시 서초구 새정2길 11-2 (신원동),근린생활1,제1종근린생활시설,1023118947,지번
1165010100117630000,서울특별시 서초구 방배동,서울특별시 서초구 동작대로 126 (방배동),근린생활1,제1종근린생활시설,102315718,지번
1165010800117130002,서울특별시 서초구 서초동,서울특별시 서초구 법원로4길 32 (서초동),근린생활2,제2종근린생활시설,1023117086,지번
1165010800115570006,서울특별시 서초구 서초동,서울특별시 서초구 반포대로28길 42 (서초동),근린생활2,제2종근린생활시설,10231100273035,지번
1165010200102760005,서울특별시 서초구 양재동,서울특별시 서초구 논현로19길 5 (양재동),근린생활2,제2종근린생활시설,102319047,지번
1165010700107330033,서울특별시 서초구 반포동,서울특별시 서초구 강남대로83길 48-7 (반포동),근린생활2,제2종근린생활시설,1023113121,지번
1165010800115980008,서울특별시 서초구 서초동,서울특별시 서초구 서초중앙로 63-6 (서초동),근린생활2,업무시설,10231100268575,지번
1165010700107330044,서울특별시 서초구 반포동,서울특별시 서초구 강남대로83길 56-2 (반포동),근린생활2,제2종근린생활시설,1023113131,지번
1165010100108760019,서울특별시 서초구 방배동,서울특별시 서초구 서초대로25길 8 (방배동),근린생활1,제1종근린생활시설,102313667,지번
1165010200100880008,서울특별시 서초구 양재동,서울특별시 서초구 양재천로29길 8 (양재동),근린생활2,제2종근린생활시설,102318380,지번
1165010800114290001,서울특별시 서초구 서초동,서울특별시 서초구 남부순환로333길 16 (서초동),근린생활2,제2종근린생활시설,1023114734,지번
1165010700107340004,서울특별시 서초구 반포동,서울특별시 서초구 사평대로55길 65-9 (반포동),근린생활2,제2종근린생활시설,1023113135,지번
1165010800116940007,서울특별시 서초구 서초동,서울특별시 서초구 서초대로51길 13 (서초동),근린생활2,업무시설,1000000000000007383682,지번
1165010100107780011,서울특별시 서초구 방배동,서울특별시 서초구 방배중앙로 161 (방배동),근린생활2,제2종근린생활시설,102312258,지번
1165010200100970010,서울특별시 서초구 양재동,서울특별시 서초구 양재천로21길 22 (양재동),근린생활2,제2종근린생활시설,102318486,지번
1165010100109520006,서울특별시 서초구 방배동,서울특별시 서초구 서초대로 22-6 (방배동),근린생활2,제2종근린생활시설,102314878,지번
1165011000101010005,서울특별시 서초구 염곡동,서울특별시 서초구 염곡안길 11 (염곡동),근린생활1,제1종근린생활시설,1023118766,지번
1165010200100810004,서울특별시 서초구 양재동,서울특별시 서초구 양재천로23길 23 (양재동),근린생활2,제2종근린생활시설,102318304,지번
1165010200100840012,서울특별시 서초구 양재동,서울특별시 서초구 논현로 127 (양재동),근린생활1,제1종근린생활시설,102318347,지번
1165010100109520008,서울특별시 서초구 방배동,서울특별시 서초구 서초대로 22 (방배동),근린생활2,제2종근린생활시설,102314880,지번
1165010600100200009,서울특별시 서초구 잠원동,서울특별시 서초구 강남대로 605 (잠원동),근린생활1,제1종근린생활시설,10231100198380,지번
1165010800117090001,서울특별시 서초구 서초동,서울특별시 서초구 법원로3길 23 (서초동),근린생활2,제2종근린생활시설,10231100184149,지번
1165010100108820013,서울특별시 서초구 방배동,서울특별시 서초구 서초대로 139 (방배동),근린생활2,제2종근린생활시설,10231100204111,지번
1165010800115690004,서울특별시 서초구 서초동,서울특별시 서초구 반포대로22길 77 (서초동),근린생활1,제1종근린생활시설,1023115848,지번
1165010700107470012,서울특별시 서초구 반포동,서울특별시 서초구 사평대로 365 (반포동),근린생활2,제2종근린생활시설,1023113343,지번
1165010700107480012,서울특별시 서초구 반포동,서울특별시 서초구 강남대로 475 (반포동),근린생활2,제1종근린생활시설,1000000000000002282050,지번
1165010100109350006,서울특별시 서초구 방배동,서울특별시 서초구 서초대로22길 31 (방배동),근린생활2,제2종근린생활시설,10231100204080,지번
1165010600100140005,서울특별시 서초구 잠원동,서울특별시 서초구 강남대로101안길 15-1 (잠원동),근린생활2,제2종근린생활시설,1023111240,지번
1165010800115690002,서울특별시 서초구 서초동,서울특별시 서초구 서초대로48길 45 (서초동),근린생활2,제2종근린생활시설,1023115846,지번
1165010900100010422,서울특별시 서초구 내곡동,서울특별시 서초구 신흥안길 39-6 (내곡동),근린생활2,제2종근린생활시설,1023118298,지번
1165010600100390003,서울특별시 서초구 잠원동,서울특별시 서초구 신반포로47길 33-5 (잠원동),근린생활2,제2종근린생활시설,1023111549,지번
1165010800116950001,서울특별시 서초구 서초동,서울특별시 서초구 서초중앙로26길 10 (서초동),근린생활2,제2종근린생활시설,1023116979,지번
1165010100109800030,서울특별시 서초구 방배동,서울특별시 서초구 효령로 51 (방배동),근린생활2,제2종근린생활시설,102315477,지번
1165010100109800054,서울특별시 서초구 방배동,서울특별시 서초구 효령로 39 (방배동),근린생활2,제2종근린생활시설,102315481,지번
1165010100109180004,서울특별시 서초구 방배동,서울특별시 서초구 방배중앙로 14 (방배동),근린생활2,제2종근린생활시설,102317200,지번
1165010100109800039,서울특별시 서초구 방배동,서울특별시 서초구 효령로 57 (방배동),근린생활2,제2종근린생활시설,102315479,지번
1165011000101450000,서울특별시 서초구 염곡동,서울특별시 서초구 염곡안길 54 (염곡동),근린생활1,제1종근린생활시설,10231100183790,지번
1165010100107630032,서울특별시 서초구 방배동,서울특별시 서초구 방배중앙로29길 21 (방배동),근린생활2,제2종근린생활시설,102312108,지번
1165010700107360017,서울특별시 서초구 반포동,서울특별시 서초구 강남대로 503 (반포동),근린생활1,제1종근린생활시설,1023113196,지번
1165010700107420007,서울특별시 서초구 반포동,서울특별시 서초구 주흥3길 21 (반포동),근린생활2,제2종근린생활시설,1023113292,지번
1165010700107380039,서울특별시 서초구 반포동,서울특별시 서초구 사평대로55길 24 (반포동),근린생활2,제2종근린생활시설,1023113237,지번
1165010800114740008,서울특별시 서초구 서초동,서울특별시 서초구 반포대로3길 18 (서초동),근린생활2,제2종근린생활시설,1023117562,지번
1165010300106870002,서울특별시 서초구 우면동,서울특별시 서초구 성촌1길 6 (우면동),근린생활2,제2종근린생활시설,10231100222301,지번
1165010200103260002,서울특별시 서초구 양재동,서울특별시 서초구 강남대로12길 8 (양재동),근린생활2,제2종근린생활시설,102319347,지번
1165010800115370002,서울특별시 서초구 서초동,서울특별시 서초구 반포대로 77 (서초동),근린생활2,제2종근린생활시설,1023115575,지번
1165010100108370012,서울특별시 서초구 방배동,서울특별시 서초구 방배로28길 7 (방배동),근린생활2,제2종근린생활시설,102313143,지번
1165010800116030009,서울특별시 서초구 서초동,서울특별시 서초구 서초중앙로 40-6 (서초동),근린생활2,제2종근린생활시설,1023116113,지번
1165010800115430005,서울특별시 서초구 서초동,서울특별시 서초구 서초대로42길 50 (서초동),근린생활2,제2종근린생활시설,1023115603,지번
1165010800116030020,서울특별시 서초구 서초동,서울특별시 서초구 서초중앙로 38 (서초동),근린생활1,제1종근린생활시설,1023116118,지번
1165010800115430006,서울특별시 서초구 서초동,서울특별시 서초구 서초대로42길 54 (서초동),근린생활1,제1종근린생활시설,1023115604,지번
1165010200100090029,서울특별시 서초구 양재동,,근린생활1,제1종근린생활시설,102317976,지번
1165010100109800059,서울특별시 서초구 방배동,서울특별시 서초구 효령로 61 (방배동),근린생활2,제2종근린생활시설,102315483,지번
1165010100109350021,서울특별시 서초구 방배동,서울특별시 서초구 서초대로24길 48 (방배동),근린생활2,제2종근린생활시설,102314532,지번
1165010100109100009,서울특별시 서초구 방배동,서울특별시 서초구 방배로 87 (방배동),근린생활1,제1종근린생활시설,102317170,지번
1165010200100750000,서울특별시 서초구 양재동,서울특별시 서초구 바우뫼로 135-3 (양재동),근린생활1,제1종근린생활시설,102318287,지번
1165010200102990006,서울특별시 서초구 양재동,서울특별시 서초구 논현로11길 36 (양재동),근린생활2,제2종근린생활시설,102319202,지번
1165010200103530002,서울특별시 서초구 양재동,서울특별시 서초구 강남대로2길 17 (양재동),근린생활2,제2종근린생활시설,102319603,지번
1165010200103410006,서울특별시 서초구 양재동,서울특별시 서초구 강남대로6길 83 (양재동),근린생활2,제2종근린생활시설,102319503,지번
1165010100104670002,서울특별시 서초구 방배동,서울특별시 서초구 방배천로2안길 48 (방배동),근린생활1,제1종근린생활시설,102311403,지번
1165010200102610001,서울특별시 서초구 양재동,서울특별시 서초구 마방로 16 (양재동),근린생활2,제2종근린생활시설,102318877,지번
1165010800116960002,서울특별시 서초구 서초동,서울특별시 서초구 서초중앙로26길 16 (서초동),근린생활2,제2종근린생활시설,1023116990,지번
1165010800116970011,서울특별시 서초구 서초동,서울특별시 서초구 서초중앙로28길 16 (서초동),근린생활2,제2종근린생활시설,1023117010,지번
1165010100107730017,서울특별시 서초구 방배동,서울특별시 서초구 방배로 234 (방배동),근린생활1,제1종근린생활시설,102312236,지번
1165010200100960001,서울특별시 서초구 양재동,서울특별시 서초구 양재천로 107-17 (양재동),근린생활2,제2종근린생활시설,102318464,지번
1165010200100190013,서울특별시 서초구 양재동,서울특별시 서초구 논현로31길 44 (양재동),근린생활2,제2종근린생활시설,102318214,지번
1165010800113160000,서울특별시 서초구 서초동,서울특별시 서초구 강남대로61길 27 (서초동),근린생활2,제2종근린생활시설,1023114255,지번
1165010800113600001,서울특별시 서초구 서초동,서울특별시 서초구 강남대로41길 21-4 (서초동),근린생활2,제2종근린생활시설,1023114551,지번
1165010800114850014,서울특별시 서초구 서초동,서울특별시 서초구 반포대로9길 34 (서초동),근린생활2,제2종근린생활시설,1023115147,지번
1165010800114290008,서울특별시 서초구 서초동,서울특별시 서초구 남부순환로333길 10 (서초동),근린생활1,제1종근린생활시설,10231100198270,지번
1165010600100270002,서울특별시 서초구 잠원동,서울특별시 서초구 강남대로 589 (잠원동),근린생활2,제1종근린생활시설,10231100295811,지번
1165010600100270002,서울특별시 서초구 잠원동,서울특별시 서초구 강남대로 589 (잠원동),근린생활2,업무시설,10231100295938,지번
1165010600100290009,서울특별시 서초구 잠원동,서울특별시 서초구 신반포로47길 72 (잠원동),근린생활2,제2종근린생활시설,1023111401,지번
1165010600100290019,서울특별시 서초구 잠원동,서울특별시 서초구 강남대로93길 38 (잠원동),근린생활1,제1종근린생활시설,1023111410,지번
1165010200103320011,서울특별시 서초구 양재동,서울특별시 서초구 동산로2길 17 (양재동),근린생활2,제2종근린생활시설,102319406,지번
1165010800114670045,서울특별시 서초구 서초동,서울특별시 서초구 남부순환로 2349-13 (서초동),근린생활2,제2종근린생활시설,1023115031,지번
1165010100122390000,서울특별시 서초구 방배동,서울특별시 서초구 동작대로 164 (방배동),근린생활1,제1종근린생활시설,102315755,지번
1165010100107550007,서울특별시 서초구 방배동,서울특별시 서초구 사평대로2길 19-20 (방배동),근린생활1,업무시설,10231100280495,지번
1165010100108520021,서울특별시 서초구 방배동,서울특별시 서초구 방배로 179 (방배동),근린생활2,제2종근린생활시설,102313255,지번
1165010800115450001,서울특별시 서초구 서초동,서울특별시 서초구 서초대로42길 80 (서초동),근린생활1,제1종근린생활시설,1023115618,지번
1165010200102590000,서울특별시 서초구 양재동,서울특별시 서초구 마방로6길 8-37 (양재동),근린생활2,제2종근린생활시설,102318871,지번
1165010800113600047,서울특별시 서초구 서초동,서울특별시 서초구 남부순환로347길 42-4 (서초동),근린생활2,제2종근린생활시설,1023114583,지번
1165010800116650010,서울특별시 서초구 서초동,서울특별시 서초구 서초중앙로18길 41 (서초동),근린생활2,제2종근린생활시설,1023116839,지번
1165010800116290033,서울특별시 서초구 서초동,서울특별시 서초구 사임당로18길 31-9 (서초동),근린생활1,제1종근린생활시설,1023116541,지번
1165010100104500005,서울특별시 서초구 방배동,서울특별시 서초구 방배천로 12-7 (방배동),근린생활2,제2종근린생활시설,1000000000000005207903,지번
1165010800115840003,서울특별시 서초구 서초동,서울특별시 서초구 반포대로12길 7 (서초동),근린생활1,제1종근린생활시설,1023116004,지번
1165010800115690007,서울특별시 서초구 서초동,서울특별시 서초구 반포대로26길 64 (서초동),근린생활2,제2종근린생활시설,1023117930,지번
1165010200102900000,서울특별시 서초구 양재동,서울특별시 서초구 동산로15길 6 (양재동),근린생활1,제1종근린생활시설,102319148,지번
1165010800117120005,서울특별시 서초구 서초동,서울특별시 서초구 서초대로49길 7 (서초동),근린생활2,제2종근린생활시설,1023117084,지번
1165010100108110002,서울특별시 서초구 방배동,서울특별시 서초구 방배로34길 4 (방배동),근린생활2,제2종근린생활시설,102312653,지번
1165010100110010033,서울특별시 서초구 방배동,서울특별시 서초구 효령로 182-7 (방배동),근린생활2,제2종근린생활시설,102315593,지번
1165010100100010130,서울특별시 서초구 방배동,서울특별시 서초구 동광로27길 24 (방배동),근린생활2,공동주택,1000000000000007302299,지번
1165011000102190008,서울특별시 서초구 염곡동,서울특별시 서초구 탑성말길 18-2 (염곡동),근린생활2,제2종근린생활시설,1023118879,지번
1165010800114510081,서울특별시 서초구 서초동,서울특별시 서초구 반포대로 4 (서초동),근린생활2,제2종근린생활시설,10231100246274,지번
1165011000101310001,서울특별시 서초구 염곡동,서울특별시 서초구 염곡말길 31 (염곡동),근린생활2,제2종근린생활시설,1023118813,지번
1165011100101920073,서울특별시 서초구 신원동,서울특별시 서초구 청계산로 241-1 (신원동),근린생활2,제2종근린생활시설,1023119009,지번
1165010200100970008,서울특별시 서초구 양재동,서울특별시 서초구 양재천로 99-8 (양재동),근린생활1,제1종근린생활시설,102318484,지번
1165010800114320001,서울특별시 서초구 서초동,서울특별시 서초구 남부순환로337길 16 (서초동),근린생활1,제1종근린생활시설,1023114758,지번
1165010800116180018,서울특별시 서초구 서초동,서울특별시 서초구 서초중앙로8길 89-17 (서초동),근린생활1,제1종근린생활시설,1000000000000003899972,지번
1165010100114350000,서울특별시 서초구 방배동,서울특별시 서초구 동광로12길 120-16 (방배동),근린생활2,제2종근린생활시설,102315673,지번
1165010800116130002,서울특별시 서초구 서초동,서울특별시 서초구 서리풀길 24 (서초동),근린생활1,제1종근린생활시설,1023116257,지번
1165010200103020004,서울특별시 서초구 양재동,서울특별시 서초구 언남16길 16 (양재동),근린생활1,제1종근린생활시설,102319231,지번
1165010300100080004,서울특별시 서초구 우면동,서울특별시 서초구 바우뫼로6길 46 (우면동),근린생활2,제2종근린생활시설,1023110573,지번
1165010100108140023,서울특별시 서초구 방배동,서울특별시 서초구 서초대로23길 111 (방배동),근린생활2,제2종근린생활시설,10231100196728,지번
1165010800115110012,서울특별시 서초구 서초동,서울특별시 서초구 반포대로21길 36 (서초동),근린생활2,제2종근린생활시설,10231100181808,지번
1165010700100180004,서울특별시 서초구 반포동,서울특별시 서초구 신반포로 100 (반포동),근린생활1,제1종근린생활시설,10231100192482,지번
1165010600100200010,서울특별시 서초구 잠원동,서울특별시 서초구 강남대로99길 6 (잠원동),근린생활2,제2종근린생활시설,1000000000000000785901,지번
1165010800113590009,서울특별시 서초구 서초동,서울특별시 서초구 남부순환로347길 41 (서초동),근린생활2,제2종근린생활시설,1023114531,지번
1165010800116970031,서울특별시 서초구 서초동,서울특별시 서초구 서초대로53길 20-3 (서초동),근린생활2,제2종근린생활시설,1023117016,지번
1165010800115490005,서울특별시 서초구 서초동,서울특별시 서초구 반포대로22길 35 (서초동),근린생활2,제2종근린생활시설,1023115655,지번
1165010800113020033,서울특별시 서초구 서초동,서울특별시 서초구 사평대로52길 9-2 (서초동),근린생활2,제2종근린생활시설,1023114181,지번
1165010200100100059,서울특별시 서초구 양재동,서울특별시 서초구 남부순환로356길 62 (양재동),근린생활2,제2종근린생활시설,102319968,지번
1165010800114310008,서울특별시 서초구 서초동,서울특별시 서초구 남부순환로333길 46 (서초동),근린생활2,제2종근린생활시설,10231100237654,지번
1165010800117140005,서울특별시 서초구 서초동,서울특별시 서초구 서초중앙로 151 (서초동),근린생활2,제2종근린생활시설,10231100248534,지번
1165010800115850002,서울특별시 서초구 서초동,서울특별시 서초구 반포대로 46 (서초동),근린생활2,제2종근린생활시설,10231100249125,지번
1165010800116910008,서울특별시 서초구 서초동,서울특별시 서초구 서초대로 317 (서초동),근린생활1,제1종근린생활시설,1023118223,지번
1165011100100690007,서울특별시 서초구 신원동,서울특별시 서초구 청계산로 434 (신원동),근린생활2,제2종근린생활시설,1023118977,지번
1165010600100230007,서울특별시 서초구 잠원동,서울특별시 서초구 강남대로99길 43 (잠원동),근린생활2,제2종근린생활시설,1023111311,지번
1165010600100570020,서울특별시 서초구 잠원동,서울특별시 서초구 잠원로8길 25 (잠원동),근린생활2,제2종근린생활시설,1000000000000006784242,지번
1165010700100950010,서울특별시 서초구 반포동,서울특별시 서초구 서래로5길 6 (반포동),근린생활2,제2종근린생활시설,1023112283,지번
1165010700107180001,서울특별시 서초구 반포동,서울특별시 서초구 주흥길 64-17 (반포동),근린생활2,제2종근린생활시설,1023112798,지번
1165010700107380046,서울특별시 서초구 반포동,서울특별시 서초구 강남대로79길 18 (반포동),근린생활2,제2종근린생활시설,1023113241,지번
1165010700107470011,서울특별시 서초구 반포동,서울특별시 서초구 사평대로55길 8 (반포동),근린생활2,제2종근린생활시설,1023113342,지번
1165010200100040015,서울특별시 서초구 양재동,서울특별시 서초구 바우뫼로 213 (양재동),근린생활2,제2종근린생활시설,102317844,지번
1165010200103510001,서울특별시 서초구 양재동,서울특별시 서초구 강남대로6길 4 (양재동),근린생활2,제2종근린생활시설,102319585,지번
1165010100108690024,서울특별시 서초구 방배동,서울특별시 서초구 서초대로15길 17 (방배동),근린생활2,제2종근린생활시설,102313568,지번
1165010800113590004,서울특별시 서초구 서초동,서울특별시 서초구 남부순환로347길 65 (서초동),근린생활2,제2종근린생활시설,1023114529,지번
1165010200103560001,서울특별시 서초구 양재동,서울특별시 서초구 강남대로6길 52-4 (양재동),근린생활2,제2종근린생활시설,10230100881804,지번
1165010100110230010,서울특별시 서초구 방배동,서울특별시 서초구 방배로 38 (방배동),근린생활1,제1종근린생활시설,102315644,지번
1165010800115630010,서울특별시 서초구 서초동,서울특별시 서초구 반포대로20길 29 (서초동),근린생활2,제2종근린생활시설,1023115792,지번
1165010200103060000,서울특별시 서초구 양재동,서울특별시 서초구 언남길 64 (양재동),근린생활2,제2종근린생활시설,102319245,지번
1165010200102630001,서울특별시 서초구 양재동,서울특별시 서초구 마방로 46 (양재동),근린생활2,제2종근린생활시설,102318898,지번
1165010200100110005,서울특별시 서초구 양재동,서울특별시 서초구 남부순환로350길 13 (양재동),근린생활2,제2종근린생활시설,102318042,지번
1165010200100950008,서울특별시 서초구 양재동,서울특별시 서초구 양재천로 109 (양재동),근린생활2,제2종근린생활시설,102318452,지번
1165010200101150009,서울특별시 서초구 양재동,서울특별시 서초구 양재천로7길 22 (양재동),근린생활2,제2종근린생활시설,102318563,지번
1165010200102500003,서울특별시 서초구 양재동,서울특별시 서초구 마방로4길 28 (양재동),근린생활2,제2종근린생활시설,102318797,지번
1165010200103720002,서울특별시 서초구 양재동,서울특별시 서초구 동산로 42 (양재동),근린생활1,제1종근린생활시설,102319712,지번
1165010700107080006,서울특별시 서초구 반포동,서울특별시 서초구 사평대로57길 135 (반포동),근린생활2,제2종근린생활시설,1023112667,지번
1165010600100080018,서울특별시 서초구 잠원동,서울특별시 서초구 강남대로107길 15 (잠원동),근린생활2,제2종근린생활시설,1023111138,지번
1165010700107350018,서울특별시 서초구 반포동,서울특별시 서초구 사평대로57길 57 (반포동),근린생활2,제2종근린생활시설,1023113173,지번
1165010700107060009,서울특별시 서초구 반포동,서울특별시 서초구 강남대로 547 (반포동),근린생활2,제2종근린생활시설,1023112650,지번
1165010800116170003,서울특별시 서초구 서초동,서울특별시 서초구 서리풀4길 8 (서초동),근린생활2,제2종근린생활시설,1023116309,지번
1165010200102860010,서울특별시 서초구 양재동,서울특별시 서초구 동산로19길 24 (양재동),근린생활2,제2종근린생활시설,102319121,지번
1165010700107060010,서울특별시 서초구 반포동,서울특별시 서초구 강남대로 545-4 (반포동),근린생활1,제2종근린생활시설,10231100297070,지번
1165010800114620015,서울특별시 서초구 서초동,서울특별시 서초구 반포대로 15 (서초동),근린생활2,제2종근린생활시설,1023114995,지번
1165010700107420014,서울특별시 서초구 반포동,서울특별시 서초구 주흥3길 11 (반포동),근린생활2,제2종근린생활시설,1023113296,지번
1165010200102690003,서울특별시 서초구 양재동,서울특별시 서초구 마방로10길 34-15 (양재동),근린생활2,제2종근린생활시설,102318975,지번
1165010200102180001,서울특별시 서초구 양재동,서울특별시 서초구 매헌로 25 (양재동),근린생활2,제2종근린생활시설,1023110173,지번
1165010100105280013,서울특별시 서초구 방배동,서울특별시 서초구 청두곶2길 3 (방배동),근린생활2,제2종근린생활시설,102311595,지번
1165010700107430014,서울특별시 서초구 반포동,서울특별시 서초구 주흥3길 16 (반포동),근린생활2,제2종근린생활시설,1023113315,지번
1165010600100140013,서울특별시 서초구 잠원동,서울특별시 서초구 나루터로 79 (잠원동),근린생활1,제1종근린생활시설,1023111247,지번
1165010700100760001,서울특별시 서초구 반포동,서울특별시 서초구 동광로39길 50 (반포동),근린생활2,제2종근린생활시설,1023112181,지번
1165010700100960005,서울특별시 서초구 반포동,서울특별시 서초구 서래로 25 (반포동),근린생활2,제2종근린생활시설,1023112291,지번
1165010700100950009,서울특별시 서초구 반포동,서울특별시 서초구 서래로5길 2 (반포동),근린생활2,제2종근린생활시설,10231100205292,지번
1165010800113600017,서울특별시 서초구 서초동,서울특별시 서초구 강남대로39길 6-17 (서초동),근린생활2,제2종근린생활시설,10231100275155,지번
1165010800113560007,서울특별시 서초구 서초동,서울특별시 서초구 서운로 42 (서초동),근린생활2,제2종근린생활시설,1023114468,지번
1165010800113570000,서울특별시 서초구 서초동,서울특별시 서초구 강남대로47길 25 (서초동),근린생활2,제2종근린생활시설,1023114470,지번
1165010800113570005,서울특별시 서초구 서초동,서울특별시 서초구 강남대로47길 17 (서초동),근린생활1,제1종근린생활시설,1023114474,지번
1165010700107340035,서울특별시 서초구 반포동,서울특별시 서초구 사평대로55길 45 (반포동),근린생활1,제1종근린생활시설,1023113160,지번
1165010200100110084,서울특별시 서초구 양재동,서울특별시 서초구 남부순환로356길 18-3 (양재동),근린생활1,제2종근린생활시설,102318093,지번
1165010200100460004,서울특별시 서초구 양재동,서울특별시 서초구 강남대로27길 14 (양재동),근린생활1,제1종근린생활시설,102318244,지번
1165010200100840004,서울특별시 서초구 양재동,서울특별시 서초구 바우뫼로 222 (양재동),근린생활2,제2종근린생활시설,102318343,지번
1165010200103950008,서울특별시 서초구 양재동,서울특별시 서초구 논현로5길 24-6 (양재동),근린생활1,제1종근린생활시설,102319818,지번
1165010200100900007,서울특별시 서초구 양재동,서울특별시 서초구 양재천로 129 (양재동),근린생활2,제2종근린생활시설,102318395,지번
1165010100127390017,서울특별시 서초구 방배동,서울특별시 서초구 전원말안9길 4 (방배동),근린생활1,제1종근린생활시설,102315848,지번
1165010700107460009,서울특별시 서초구 반포동,서울특별시 서초구 사평대로 349 (반포동),근린생활,근린생활시설,1023113991,지번
1165010800113080011,서울특별시 서초구 서초동,서울특별시 서초구 서초대로75길 36 (서초동),근린생활2,업무시설,1000000000000000403200,지번
1165010800113660007,서울특별시 서초구 서초동,서울특별시 서초구 강남대로 243 (서초동),근린생활2,제2종근린생활시설,1023114668,지번
1165010800114740016,서울특별시 서초구 서초동,서울특별시 서초구 반포대로3길 24 (서초동),근린생활2,제2종근린생활시설,1023115072,지번
1165010800113640046,서울특별시 서초구 서초동,서울특별시 서초구 남부순환로347길 19 (서초동),근린생활2,제2종근린생활시설,1023114642,지번
1165010800114820009,서울특별시 서초구 서초동,서울특별시 서초구 남부순환로317길 59 (서초동),근린생활2,제2종근린생활시설,1023115127,지번
1165010800113640049,서울특별시 서초구 서초동,서울특별시 서초구 강남대로37길 38 (서초동),근린생활2,제2종근린생활시설,1023114645,지번
1165010100104480013,서울특별시 서초구 방배동,서울특별시 서초구 방배천로2길 41 (방배동),근린생활1,제1종근린생활시설,102311060,지번
1165010700107350030,서울특별시 서초구 반포동,서울특별시 서초구 강남대로83길 24 (반포동),근린생활2,제2종근린생활시설,10231100248614,지번
1165010100100170011,서울특별시 서초구 방배동,서울특별시 서초구 방배로42길 23-3 (방배동),근린생활2,제2종근린생활시설,10231603,지번
1165010100108620030,서울특별시 서초구 방배동,서울특별시 서초구 방배중앙로13길 52 (방배동),근린생활1,제1종근린생활시설,102313456,지번
1165010200102420008,서울특별시 서초구 양재동,서울특별시 서초구 강남대로18길 11 (양재동),근린생활1,제1종근린생활시설,102318753,지번
1165010200102570005,서울특별시 서초구 양재동,서울특별시 서초구 마방로6길 28 (양재동),근린생활2,제2종근린생활시설,102318860,지번
1165010700107050000,서울특별시 서초구 반포동,서울특별시 서초구 신반포로 326 (반포동),근린생활1,제1종근린생활시설,1023113863,지번
1165010600100450018,서울특별시 서초구 잠원동,서울특별시 서초구 신반포로43길 11-26 (잠원동),근린생활2,제2종근린생활시설,1023111628,지번
1165010200102990013,서울특별시 서초구 양재동,서울특별시 서초구 언남12길 29-12 (양재동),근린생활2,제2종근린생활시설,102319207,지번
1165010200103190000,서울특별시 서초구 양재동,서울특별시 서초구 강남대로16길 8 (양재동),근린생활2,제2종근린생활시설,102319315,지번
1165010100108280033,서울특별시 서초구 방배동,서울특별시 서초구 방배중앙로15길 38 (방배동),근린생활2,제2종근린생활시설,102312971,지번
1165010100108300024,서울특별시 서초구 방배동,서울특별시 서초구 방배중앙로15길 2 (방배동),근린생활1,공동주택,10231100266255,지번
1165010300106010007,서울특별시 서초구 우면동,서울특별시 서초구 식유촌길 50 (우면동),근린생활2,제2종근린생활시설,10231100229734,지번
1165010700106120055,서울특별시 서초구 반포동,서울특별시 서초구 서래로5길 96 (반포동),근린생활2,제2종근린생활시설,10231100233394,지번
1165010800115590003,서울특별시 서초구 서초동,서울특별시 서초구 서초대로46길 65 (서초동),근린생활2,제2종근린생활시설,1023115760,지번
1165010600100640003,서울특별시 서초구 잠원동,서울특별시 서초구 잠원로 145-9 (잠원동),근린생활1,제1종근린생활시설,1023111693,지번
1165010600100110007,서울특별시 서초구 잠원동,서울특별시 서초구 강남대로101안길 4 (잠원동),근린생활2,제2종근린생활시설,1023111201,지번
1165010800113430016,서울특별시 서초구 서초동,서울특별시 서초구 효령로72길 15 (서초동),근린생활2,제2종근린생활시설,1023114399,지번
1165010200102180002,서울특별시 서초구 양재동,서울특별시 서초구 매헌로 23 (양재동),근린생활2,제2종근린생활시설,102318711,지번
1165010600100140017,서울특별시 서초구 잠원동,서울특별시 서초구 나루터로 73 (잠원동),근린생활2,제2종근린생활시설,1023111250,지번
1165010600100760008,서울특별시 서초구 잠원동,서울특별시 서초구 반포대로 310-3 (잠원동),근린생활1,제1종근린생활시설,1023111718,지번
1165010800115660001,서울특별시 서초구 서초동,서울특별시 서초구 서초대로46길 84 (서초동),근린생활2,제2종근린생활시설,1023115821,지번
1165010800115800010,서울특별시 서초구 서초동,서울특별시 서초구 사임당로 15 (서초동),근린생활1,제1종근린생활시설,1023115975,지번
1165010700100890008,서울특별시 서초구 반포동,서울특별시 서초구 서래로 16 (반포동),근린생활1,제1종근린생활시설,1023112231,지번
1165010700100900012,서울특별시 서초구 반포동,서울특별시 서초구 서래로 28 (반포동),근린생활2,제2종근린생활시설,1023112241,지번
1165010700100920015,서울특별시 서초구 반포동,서울특별시 서초구 서래로 46 (반포동),근린생활1,제2종근린생활시설,1000000000000000924717,지번
1165010700100930006,서울특별시 서초구 반포동,서울특별시 서초구 서래로10길 1 (반포동),근린생활1,제1종근린생활시설,1023112266,지번
1165010700100950005,서울특별시 서초구 반포동,서울특별시 서초구 서래로 37 (반포동),근린생활1,제1종근린생활시설,1023112278,지번
1165010100101410031,서울특별시 서초구 방배동,서울특별시 서초구 서초대로30길 11-3 (방배동),근린생활2,제2종근린생활시설,10231664,지번
1165010700100950012,서울특별시 서초구 반포동,서울특별시 서초구 사평대로22길 33 (반포동),근린생활2,제2종근린생활시설,1023112285,지번
1165010700100960002,서울특별시 서초구 반포동,서울특별시 서초구 서래로5길 5 (반포동),근린생활2,제2종근린생활시설,1023112288,지번
1165010200101100017,서울특별시 서초구 양재동,서울특별시 서초구 강남대로23길 30 (양재동),근린생활2,제2종근린생활시설,102318538,지번
1165010200103710002,서울특별시 서초구 양재동,서울특별시 서초구 강남대로10길 96 (양재동),근린생활1,제1종근린생활시설,102319705,지번
1165010600100270011,서울특별시 서초구 잠원동,서울특별시 서초구 강남대로95길 12 (잠원동),근린생활1,제1종근린생활시설,1023111388,지번
1165010600100290003,서울특별시 서초구 잠원동,서울특별시 서초구 강남대로95길 17 (잠원동),근린생활2,제2종근린생활시설,1023111399,지번
1165010100104530014,서울특별시 서초구 방배동,서울특별시 서초구 방배천로4안길 45 (방배동),근린생활1,제1종근린생활시설,102311147,지번
1165010600100350025,서울특별시 서초구 잠원동,서울특별시 서초구 신반포로45길 34 (잠원동),근린생활2,제2종근린생활시설,1023111481,지번
1165010600100420010,서울특별시 서초구 잠원동,서울특별시 서초구 신반포로45길 9-4 (잠원동),근린생활2,제2종근린생활시설,1023111781,지번
1165010200100070063,서울특별시 서초구 양재동,서울특별시 서초구 강남대로30길 73-3 (양재동),근린생활1,제1종근린생활시설,102317906,지번
1165010200100810017,서울특별시 서초구 양재동,서울특별시 서초구 양재천로21길 48 (양재동),근린생활2,제2종근린생활시설,102318311,지번
1165010200100040004,서울특별시 서초구 양재동,서울특별시 서초구 바우뫼로 225 (양재동),근린생활2,제2종근린생활시설,102317839,지번
1165010800113040005,서울특별시 서초구 서초동,서울특별시 서초구 강남대로 445 (서초동),근린생활1,제1종근린생활시설,1023114208,지번
1165010800116040024,서울특별시 서초구 서초동,서울특별시 서초구 효령로61길 10 (서초동),근린생활1,제1종근린생활시설,1023116200,지번
1165010200102030009,서울특별시 서초구 양재동,서울특별시 서초구 매헌로 58 (양재동),근린생활2,제2종근린생활시설,102318652,지번
1165010800116170033,서울특별시 서초구 서초동,서울특별시 서초구 서초중앙로8길 129 (서초동),근린생활2,제2종근린생활시설,10231100227814,지번
1165010700101070039,서울특별시 서초구 반포동,서울특별시 서초구 서래로5길 38 (반포동),근린생활1,제1종근린생활시설,1023112344,지번
1165010200100110083,서울특별시 서초구 양재동,서울특별시 서초구 남부순환로356길 18-5 (양재동),근린생활2,제2종근린생활시설,102318091,지번
1165010700101110010,서울특별시 서초구 반포동,서울특별시 서초구 사평대로16길 12 (반포동),근린생활2,제2종근린생활시설,1023112378,지번
1165010700101120003,서울특별시 서초구 반포동,서울특별시 서초구 사평대로 80 (반포동),근린생활2,제2종근린생활시설,1023112382,지번
1165010800117080003,서울특별시 서초구 서초동,서울특별시 서초구 서초대로41길 18 (서초동),근린생활2,제2종근린생활시설,1023117068,지번
1165010600100350033,서울특별시 서초구 잠원동,서울특별시 서초구 신반포로45길 32 (잠원동),근린생활2,제2종근린생활시설,1023111488,지번
1165010200100110002,서울특별시 서초구 양재동,서울특별시 서초구 남부순환로 2606 (양재동),근린생활2,제2종근린생활시설,102318040,지번
1165010200100150005,서울특별시 서초구 양재동,서울특별시 서초구 강남대로 184 (양재동),근린생활2,제2종근린생활시설,102318133,지번
1165010200102720007,서울특별시 서초구 양재동,서울특별시 서초구 마방로10길 58 (양재동),근린생활2,제2종근린생활시설,102319017,지번
1165011100101920104,서울특별시 서초구 신원동,서울특별시 서초구 청계산로 237 (신원동),근린생활1,제1종근린생활시설,1023119014,지번
1165010800113620026,서울특별시 서초구 서초동,서울특별시 서초구 강남대로 253 (서초동),근린생활2,숙박시설,10231100290335,지번
1165010800114290004,서울특별시 서초구 서초동,서울특별시 서초구 남부순환로333길 32 (서초동),근린생활2,제2종근린생활시설,1023114737,지번
1165010200100870005,서울특별시 서초구 양재동,서울특별시 서초구 양재천로 147-1 (양재동),근린생활2,제2종근린생활시설,102318370,지번
1165010200102520000,서울특별시 서초구 양재동,서울특별시 서초구 마방로4길 15-16 (양재동),근린생활2,공동주택,10231100292440,지번
1165010800113270035,서울특별시 서초구 서초동,서울특별시 서초구 서초대로78길 38 (서초동),근린생활2,제2종근린생활시설,1023114305,지번
1165010200100150021,서울특별시 서초구 양재동,서울특별시 서초구 강남대로30길 14 (양재동),근린생활2,제2종근린생활시설,102318141,지번
1165010800113200000,서울특별시 서초구 서초동,서울특별시 서초구 서초대로74길 3 (서초동),근린생활,근린생활시설,1023114277,지번
1165010200100150011,서울특별시 서초구 양재동,서울특별시 서초구 남부순환로356길 88 (양재동),근린생활2,공동주택,10231100281235,지번
1165010200100150022,서울특별시 서초구 양재동,서울특별시 서초구 강남대로30길 12 (양재동),근린생활2,제2종근린생활시설,102318142,지번
1165010800116700004,서울특별시 서초구 서초동,서울특별시 서초구 서초중앙로22길 43 (서초동),근린생활2,제2종근린생활시설,1023116900,지번
1165010600100360029,서울특별시 서초구 잠원동,서울특별시 서초구 강남대로91길 28 (잠원동),근린생활1,제1종근린생활시설,1023111515,지번
1165010700107240021,서울특별시 서초구 반포동,서울특별시 서초구 사평대로55길 82-11 (반포동),근린생활2,제2종근린생활시설,1000000000000006324067,지번
1165010700107100008,서울특별시 서초구 반포동,서울특별시 서초구 주흥16길 14 (반포동),근린생활2,제2종근린생활시설,10231100279595,지번
1165010600100410008,서울특별시 서초구 잠원동,서울특별시 서초구 신반포로45길 9-11 (잠원동),근린생활2,제2종근린생활시설,1023111570,지번
1165011000102150005,서울특별시 서초구 염곡동,서울특별시 서초구 탑성말길 18 (염곡동),근린생활2,제2종근린생활시설,1023118871,지번
1165010100107640001,서울특별시 서초구 방배동,서울특별시 서초구 동작대로 222 (방배동),근린생활2,제2종근린생활시설,102312110,지번
1165010700101130002,서울특별시 서초구 반포동,서울특별시 서초구 사평대로 58 (반포동),근린생활,근린생활시설,1023113713,지번
1165010200100800000,서울특별시 서초구 양재동,서울특별시 서초구 강남대로 148 (양재동),근린생활2,제2종근린생활시설,10231100243554,지번
1165010800114830002,서울특별시 서초구 서초동,서울특별시 서초구 반포대로9길 43 (서초동),근린생활2,제2종근린생활시설,1023115130,지번
1165010600100060001,서울특별시 서초구 잠원동,서울특별시 서초구 강남대로107길 6 (잠원동),근린생활2,제2종근린생활시설,1023111119,지번
1165010600100060001,서울특별시 서초구 잠원동,서울특별시 서초구 강남대로107길 6 (잠원동),근린생활2,숙박시설,1023111120,지번
1165010800116210005,서울특별시 서초구 서초동,서울특별시 서초구 서초중앙로6길 7 (서초동),근린생활2,제2종근린생활시설,1023116391,지번
1165010100104510011,서울특별시 서초구 방배동,서울특별시 서초구 방배천로4길 15 (방배동),근린생활2,제2종근린생활시설,102311111,지번
1165010800115800017,서울특별시 서초구 서초동,서울특별시 서초구 반포대로20길 40 (서초동),근린생활2,제2종근린생활시설,1023115981,지번
1165010100107650015,서울특별시 서초구 방배동,서울특별시 서초구 동작대로 200 (방배동),근린생활1,제1종근린생활시설,102312138,지번
1165010800116380007,서울특별시 서초구 서초동,서울특별시 서초구 서초중앙로22길 117 (서초동),근린생활2,제2종근린생활시설,1023116579,지번
1165010400104190017,서울특별시 서초구 원지동,서울특별시 서초구 원터2길 11 (원지동),근린생활1,제1종근린생활시설,1023111111,지번
1165010800116590020,서울특별시 서초구 서초동,서울특별시 서초구 서초중앙로20길 35 (서초동),근린생활2,제2종근린생활시설,1023116813,지번
1165010800116470013,서울특별시 서초구 서초동,서울특별시 서초구 서초대로64길 110 (서초동),근린생활2,제2종근린생활시설,1023116703,지번
1165010100108500034,서울특별시 서초구 방배동,서울특별시 서초구 서초대로25길 32 (방배동),근린생활2,제2종근린생활시설,102313229,지번
1165010700105470006,서울특별시 서초구 반포동,서울특별시 서초구 반포대로39길 56-24 (반포동),근린생활2,제2종근린생활시설,1023112487,지번
1165010100110200003,서울특별시 서초구 방배동,서울특별시 서초구 효령로34길 72 (방배동),근린생활2,제2종근린생활시설,102315617,지번
1165010800113400013,서울특별시 서초구 서초동,서울특별시 서초구 강남대로47길 18 (서초동),근린생활2,제2종근린생활시설,1023114363,지번
1165010800113490000,서울특별시 서초구 서초동,서울특별시 서초구 효령로74길 25 (서초동),근린생활1,제1종근린생활시설,1023114430,지번
1165010600100190005,서울특별시 서초구 잠원동,서울특별시 서초구 나루터로 70 (잠원동),근린생활1,제1종근린생활시설,1023111742,지번
1165010100108250001,서울특별시 서초구 방배동,서울특별시 서초구 동광로 18 (방배동),근린생활2,제2종근린생활시설,102312908,지번
1165010600100080029,서울특별시 서초구 잠원동,서울특별시 서초구 강남대로 627 (잠원동),근린생활2,제2종근린생활시설,1023111144,지번
1165010600100090019,서울특별시 서초구 잠원동,서울특별시 서초구 나루터로15길 40 (잠원동),근린생활2,제2종근린생활시설,1023111159,지번
1165010200100020011,서울특별시 서초구 양재동,서울특별시 서초구 남부순환로 2640-11 (양재동),근린생활2,제2종근린생활시설,102317800,지번
1165010200100020027,서울특별시 서초구 양재동,서울특별시 서초구 남부순환로358길 61 (양재동),근린생활2,제2종근린생활시설,102317809,지번
1165010100107680013,서울특별시 서초구 방배동,서울특별시 서초구 방배중앙로 173 (방배동),근린생활2,제2종근린생활시설,102312198,지번
1165010100108120023,서울특별시 서초구 방배동,서울특별시 서초구 방배로31길 8 (방배동),근린생활2,제2종근린생활시설,102312689,지번
1165010900100010145,서울특별시 서초구 내곡동,서울특별시 서초구 샘마을2길 28 (내곡동),근린생활2,제2종근린생활시설,10231100255954,지번
1165010200103510006,서울특별시 서초구 양재동,서울특별시 서초구 강남대로6길 20 (양재동),근린생활2,제2종근린생활시설,10231100255774,지번
1165010800113490001,서울특별시 서초구 서초동,서울특별시 서초구 효령로74길 27 (서초동),근린생활2,제2종근린생활시설,1023114431,지번
1165010700105770041,서울특별시 서초구 반포동,서울특별시 서초구 동광로 178 (반포동),근린생활2,제2종근린생활시설,1023112535,지번
1165010800113550032,서울특별시 서초구 서초동,서울특별시 서초구 서운로1길 42 (서초동),근린생활2,제2종근린생활시설,1023114462,지번
1165010800113560005,서울특별시 서초구 서초동,서울특별시 서초구 서운로 36 (서초동),근린생활2,제2종근린생활시설,1023114466,지번
1165010700105900008,서울특별시 서초구 반포동,서울특별시 서초구 동광로 119 (반포동),근린생활2,제2종근린생활시설,1023112544,지번
1165010800113570055,서울특별시 서초구 서초동,서울특별시 서초구 강남대로43길 26 (서초동),근린생활2,제2종근린생활시설,1023114498,지번
1165010800113570069,서울특별시 서초구 서초동,서울특별시 서초구 강남대로43길 10 (서초동),근린생활1,제1종근린생활시설,1023114508,지번
1165010200103120005,서울특별시 서초구 양재동,서울특별시 서초구 강남대로16길 29 (양재동),근린생활1,제1종근린생활시설,102319272,지번
1165010800113400011,서울특별시 서초구 서초동,서울특별시 서초구 강남대로47길 12 (서초동),근린생활2,제2종근린생활시설,10231100222654,지번
1165010200103160000,서울특별시 서초구 양재동,서울특별시 서초구 강남대로16길 4 (양재동),근린생활1,제1종근린생활시설,102319297,지번
1165010100115460000,서울특별시 서초구 방배동,서울특별시 서초구 동광로12가길 42 (방배동),근린생활1,제1종근린생활시설,102315704,지번
1165010100108510018,서울특별시 서초구 방배동,서울특별시 서초구 서초대로25길 55 (방배동),근린생활2,제2종근린생활시설,102313247,지번
1165010700107210001,서울특별시 서초구 반포동,서울특별시 서초구 강남대로89길 19 (반포동),근린생활2,제2종근린생활시설,1000000000000002779286,지번
1165010200100020038,서울특별시 서초구 양재동,서울특별시 서초구 남부순환로364길 7-3 (양재동),근린생활2,제2종근린생활시설,102317818,지번
1165010700107350029,서울특별시 서초구 반포동,서울특별시 서초구 사평대로55길 54 (반포동),근린생활2,제2종근린생활시설,1023113184,지번
1165010700107030019,서울특별시 서초구 반포동,서울특별시 서초구 신반포로42길 11 (반포동),근린생활1,제1종근린생활시설,1023112613,지번
1165010200100170002,서울특별시 서초구 양재동,서울특별시 서초구 남부순환로356길 69 (양재동),근린생활1,제1종근린생활시설,102318173,지번
1165010800113570072,서울특별시 서초구 서초동,서울특별시 서초구 강남대로43길 14-1 (서초동),근린생활1,제1종근린생활시설,1023114510,지번
1165010800113580002,서울특별시 서초구 서초동,서울특별시 서초구 강남대로41길 22-8 (서초동),근린생활2,제2종근린생활시설,1023114515,지번
1165010800113580017,서울특별시 서초구 서초동,서울특별시 서초구 남부순환로347길 60 (서초동),근린생활2,제2종근린생활시설,1023114527,지번
1165010800113590003,서울특별시 서초구 서초동,서울특별시 서초구 강남대로43길 31 (서초동),근린생활2,제2종근린생활시설,1023114528,지번
1165010200100820006,서울특별시 서초구 양재동,서울특별시 서초구 바우뫼로 196 (양재동),근린생활2,제2종근린생활시설,102318318,지번
1165010200100110004,서울특별시 서초구 양재동,서울특별시 서초구 남부순환로350길 11 (양재동),근린생활2,업무시설,10231100297950,지번
1165010200103530000,서울특별시 서초구 양재동,서울특별시 서초구 강남대로6길 28-12 (양재동),근린생활2,제2종근린생활시설,102319601,지번
1165010800116730002,서울특별시 서초구 서초동,서울특별시 서초구 서초대로 304 (서초동),근린생활1,제1종근린생활시설,10231100185288,지번
1165010600100090003,서울특별시 서초구 잠원동,서울특별시 서초구 강남대로101길 47 (잠원동),근린생활2,제2종근린생활시설,1023111148,지번
1165010800113570064,서울특별시 서초구 서초동,서울특별시 서초구 강남대로43길 8-3 (서초동),근린생활2,제2종근린생활시설,1023114505,지번
1165010100108820012,서울특별시 서초구 방배동,서울특별시 서초구 서초대로 139-4 (방배동),근린생활2,제2종근린생활시설,102313759,지번
1165010700107390037,서울특별시 서초구 반포동,서울특별시 서초구 사평대로55길 19 (반포동),근린생활2,제2종근린생활시설,1023113269,지번
1165010600100080001,서울특별시 서초구 잠원동,서울특별시 서초구 강남대로101길 46 (잠원동),근린생활2,제2종근린생활시설,1023111127,지번
1165010700107420018,서울특별시 서초구 반포동,서울특별시 서초구 주흥3길 6 (반포동),근린생활2,제2종근린생활시설,1023113300,지번
1165010800113630002,서울특별시 서초구 서초동,서울특별시 서초구 남부순환로347길 22 (서초동),근린생활2,제2종근린생활시설,1023114603,지번
1165010900100012003,서울특별시 서초구 내곡동,서울특별시 서초구 샘마을2길 23 (내곡동),근린생활2,제2종근린생활시설,1023118385,지번
1165010800116730005,서울특별시 서초구 서초동,서울특별시 서초구 서초대로 306 (서초동),근린생활2,제2종근린생활시설,1023116916,지번
1165010700107040018,서울특별시 서초구 반포동,서울특별시 서초구 신반포로 326-16 (반포동),근린생활2,제2종근린생활시설,1023112634,지번
1165010600100190001,서울특별시 서초구 잠원동,서울특별시 서초구 나루터로 68 (잠원동),근린생활2,제2종근린생활시설,1023111268,지번
1165010700107400014,서울특별시 서초구 반포동,서울특별시 서초구 강남대로79길 42 (반포동),근린생활1,제1종근린생활시설,1023113982,지번
1165010200100900008,서울특별시 서초구 양재동,서울특별시 서초구 양재천로 127 (양재동),근린생활2,제2종근린생활시설,10231100204612,지번
1165010800115690010,서울특별시 서초구 서초동,서울특별시 서초구 반포대로22길 85 (서초동),근린생활2,제2종근린생활시설,1023115853,지번
1165010700100720010,서울특별시 서초구 반포동,서울특별시 서초구 사평대로26길 47 (반포동),근린생활2,제2종근린생활시설,1023112168,지번
1165010800116210014,서울특별시 서초구 서초동,서울특별시 서초구 서초중앙로8길 26 (서초동),근린생활2,제2종근린생활시설,10231100221374,지번
1165010200100830002,서울특별시 서초구 양재동,서울특별시 서초구 바우뫼로 206 (양재동),근린생활2,제2종근린생활시설,10231100221234,지번
1165010800117090002,서울특별시 서초구 서초동,서울특별시 서초구 법원로3길 21 (서초동),근린생활2,제2종근린생활시설,1023117073,지번
1165010600100250037,서울특별시 서초구 잠원동,서울특별시 서초구 강남대로95길 44 (잠원동),근린생활2,제2종근린생활시설,1023111367,지번
1165010700107090009,서울특별시 서초구 반포동,서울특별시 서초구 사평대로53길 120 (반포동),근린생활2,제2종근린생활시설,1023112683,지번
1165010700107100013,서울특별시 서초구 반포동,서울특별시 서초구 주흥길 72-9 (반포동),근린생활1,제1종근린생활시설,1023112693,지번
1165010600100350032,서울특별시 서초구 잠원동,서울특별시 서초구 신반포로47길 33-8 (잠원동),근린생활2,제2종근린생활시설,1023111487,지번
1165010800113490006,서울특별시 서초구 서초동,서울특별시 서초구 효령로74길 39 (서초동),근린생활2,제2종근린생활시설,1023114434,지번
1165010100108500009,서울특별시 서초구 방배동,서울특별시 서초구 서초대로25길 50 (방배동),근린생활2,제2종근린생활시설,10231100196148,지번
1165010100114570000,서울특별시 서초구 방배동,서울특별시 서초구 동광로12가길 26 (방배동),근린생활1,제1종근린생활시설,102315684,지번
1165010700107460005,서울특별시 서초구 반포동,서울특별시 서초구 사평대로 353 (반포동),근린생활2,제2종근린생활시설,1023113990,지번
1165010600100230020,서울특별시 서초구 잠원동,서울특별시 서초구 강남대로97길 44 (잠원동),근린생활2,제2종근린생활시설,1000000000000003461667,지번
1165010800115570017,서울특별시 서초구 서초동,서울특별시 서초구 반포대로28길 56-3 (서초동),근린생활2,제2종근린생활시설,10231100263275,지번
1165010200100890000,서울특별시 서초구 양재동,서울특별시 서초구 논현로27길 47 (양재동),근린생활2,제2종근린생활시설,102318383,지번
1165010200102500002,서울특별시 서초구 양재동,서울특별시 서초구 마방로4길 24 (양재동),근린생활2,제2종근린생활시설,102318796,지번
1165010200103950004,서울특별시 서초구 양재동,서울특별시 서초구 논현로5길 16-7 (양재동),근린생활2,공동주택,10231100291935,지번
1165010700107050005,서울특별시 서초구 반포동,서울특별시 서초구 신반포로 326-11 (반포동),근린생활2,제2종근린생활시설,1023112638,지번
1165010700107050002,서울특별시 서초구 반포동,서울특별시 서초구 사평대로55길 149 (반포동),근린생활1,제2종근린생활시설,10231100289955,지번
1165010700107050006,서울특별시 서초구 반포동,서울특별시 서초구 사평대로55길 139 (반포동),근린생활2,제2종근린생활시설,1023112639,지번
1165010200102500005,서울특별시 서초구 양재동,서울특별시 서초구 언남5길 4 (양재동),근린생활2,제2종근린생활시설,102318799,지번
1165010300100470004,서울특별시 서초구 우면동,서울특별시 서초구 바우뫼로11안길 45 (우면동),근린생활1,제1종근린생활시설,1023110654,지번
1165010100120110000,서울특별시 서초구 방배동,서울특별시 서초구 서초대로1길 38-7 (방배동),근린생활2,제2종근린생활시설,102315739,지번
1165010200100820013,서울특별시 서초구 양재동,서울특별시 서초구 논현로27길 58 (양재동),근린생활1,제1종근린생활시설,102318324,지번
1165010200102500006,서울특별시 서초구 양재동,서울특별시 서초구 언남길 35 (양재동),근린생활2,제2종근린생활시설,102318800,지번
1165010700107060002,서울특별시 서초구 반포동,서울특별시 서초구 강남대로 545-18 (반포동),근린생활1,제1종근린생활시설,1023112645,지번
1165010800114390010,서울특별시 서초구 서초동,서울특별시 서초구 남부순환로339길 64-15 (서초동),근린생활2,제2종근린생활시설,1023114808,지번
1165010600100180018,서울특별시 서초구 잠원동,서울특별시 서초구 나루터로 66 (잠원동),근린생활2,제2종근린생활시설,1023111266,지번
1165010700107180000,서울특별시 서초구 반포동,서울특별시 서초구 주흥길 72-2 (반포동),근린생활2,제2종근린생활시설,1023112797,지번
1165010600100260008,서울특별시 서초구 잠원동,서울특별시 서초구 강남대로97길 17 (잠원동),근린생활2,제2종근린생활시설,1023111374,지번
1165010700105770006,서울특별시 서초구 반포동,서울특별시 서초구 동광로42길 6-2 (반포동),근린생활1,제1종근린생활시설,10231100182028,지번
1165010600100460001,서울특별시 서초구 잠원동,서울특별시 서초구 신반포로41길 10 (잠원동),근린생활2,제2종근린생활시설,10231100237594,지번
1165010800116260019,서울특별시 서초구 서초동,서울특별시 서초구 사임당로10길 11 (서초동),근린생활2,제2종근린생활시설,1023116453,지번
1165010800116280005,서울특별시 서초구 서초동,서울특별시 서초구 사임당로18길 18 (서초동),근린생활1,제1종근린생활시설,1023116460,지번
1165010800116280027,서울특별시 서초구 서초동,서울특별시 서초구 사임당로14길 7 (서초동),근린생활1,제1종근린생활시설,1023116475,지번
1165010800116280062,서울특별시 서초구 서초동,서울특별시 서초구 서리풀3길 24 (서초동),근린생활1,제1종근린생활시설,1023116506,지번
1165010800116290029,서울특별시 서초구 서초동,서울특별시 서초구 서리풀3길 10 (서초동),근린생활2,제2종근린생활시설,1023116537,지번
1165010800116400008,서울특별시 서초구 서초동,서울특별시 서초구 사임당로17길 123 (서초동),근린생활2,제2종근린생활시설,1023116601,지번
1165010800116480008,서울특별시 서초구 서초동,서울특별시 서초구 사임당로 101 (서초동),근린생활2,제2종근린생활시설,1023116705,지번
1165010800116580002,서울특별시 서초구 서초동,서울특별시 서초구 서초대로52길 19 (서초동),근린생활2,제2종근린생활시설,1023116775,지번
1165010800116580007,서울특별시 서초구 서초동,서울특별시 서초구 서초중앙로20길 17 (서초동),근린생활2,제2종근린생활시설,1023116780,지번
1165010800116580015,서울특별시 서초구 서초동,서울특별시 서초구 서초중앙로20길 19-12 (서초동),근린생활2,제2종근린생활시설,1023116787,지번
1165010100109000013,서울특별시 서초구 방배동,서울특별시 서초구 서초대로28길 50 (방배동),근린생활1,제1종근린생활시설,102313915,지번
1165010100109020007,서울특별시 서초구 방배동,서울특별시 서초구 방배로18길 9 (방배동),근린생활2,제2종근린생활시설,102313968,지번
1165010100108940021,서울특별시 서초구 방배동,서울특별시 서초구 서초대로 132 (방배동),근린생활2,제2종근린생활시설,102313863,지번
1165010100108950004,서울특별시 서초구 방배동,서울특별시 서초구 서초대로28길 9 (방배동),근린생활2,제2종근린생활시설,102313865,지번
1165010100108950010,서울특별시 서초구 방배동,서울특별시 서초구 서초대로30길 18-4 (방배동),근린생활1,제1종근린생활시설,102313868,지번
1165010100108950013,서울특별시 서초구 방배동,서울특별시 서초구 서초대로30길 12 (방배동),근린생활2,제2종근린생활시설,102313870,지번
1165010100108950015,서울특별시 서초구 방배동,서울특별시 서초구 서초대로 120 (방배동),근린생활2,제2종근린생활시설,102313871,지번
1165010100108950016,서울특별시 서초구 방배동,서울특별시 서초구 서초대로 122 (방배동),근린생활2,제2종근린생활시설,102313872,지번
1165010100108960007,서울특별시 서초구 방배동,서울특별시 서초구 서초대로 114-15 (방배동),근린생활2,제2종근린생활시설,1000000000000002665749,지번
1165010800116650005,서울특별시 서초구 서초동,서울특별시 서초구 서초중앙로20길 40 (서초동),근린생활2,제2종근린생활시설,1023116835,지번
1165010800116650007,서울특별시 서초구 서초동,서울특별시 서초구 서초대로54길 48-3 (서초동),근린생활1,제2종근린생활시설,10231100290195,지번
1165010800117060009,서울특별시 서초구 서초동,서울특별시 서초구 법원로3길 6-1 (서초동),근린생활2,제2종근린생활시설,1023117060,지번
1165010100109000037,서울특별시 서초구 방배동,서울특별시 서초구 방배로20길 33 (방배동),근린생활1,제1종근린생활시설,102313935,지번
1165010100109010005,서울특별시 서초구 방배동,서울특별시 서초구 방배로20길 11 (방배동),근린생활1,제1종근린생활시설,102313950,지번
1165010100109010012,서울특별시 서초구 방배동,서울특별시 서초구 방배로20길 25-7 (방배동),근린생활2,제2종근린생활시설,102313956,지번
1165010100108970001,서울특별시 서초구 방배동,서울특별시 서초구 서초대로26길 3 (방배동),근린생활2,제2종근린생활시설,102313885,지번
1165010100109410011,서울특별시 서초구 방배동,서울특별시 서초구 방배중앙로 62 (방배동),근린생활2,제2종근린생활시설,102317312,지번
1165010200100830004,서울특별시 서초구 양재동,서울특별시 서초구 바우뫼로 210 (양재동),근린생활2,제2종근린생활시설,102318333,지번
1165010800114510075,서울특별시 서초구 서초동,서울특별시 서초구 반포대로4길 11 (서초동),근린생활2,제2종근린생활시설,1023114932,지번
1165010100109010021,서울특별시 서초구 방배동,서울특별시 서초구 방배로20길 25-3 (방배동),근린생활1,제1종근린생활시설,102313964,지번
1165010100109020002,서울특별시 서초구 방배동,서울특별시 서초구 방배로20길 8-6 (방배동),근린생활2,제2종근린생활시설,102313966,지번
1165010100109030001,서울특별시 서초구 방배동,서울특별시 서초구 방배로20길 28 (방배동),근린생활1,공동주택,10231100275235,지번
1165010800117030009,서울특별시 서초구 서초동,서울특별시 서초구 서초대로49길 17 (서초동),근린생활2,제2종근린생활시설,10231100181857,지번
1165010700100570004,서울특별시 서초구 반포동,서울특별시 서초구 서초중앙로 249 (반포동),근린생활2,제2종근린생활시설,10231100283175,지번
1165010700100920013,서울특별시 서초구 반포동,서울특별시 서초구 서래로 44 (반포동),근린생활1,제1종근린생활시설,1023112260,지번
1165010800113300011,서울특별시 서초구 서초동,서울특별시 서초구 서초대로78길 56 (서초동),근린생활2,제2종근린생활시설,1023117245,지번
1165010100109050003,서울특별시 서초구 방배동,서울특별시 서초구 방배로 118 (방배동),근린생활1,제1종근린생활시설,10231100291635,지번
1165010100109050004,서울특별시 서초구 방배동,서울특별시 서초구 방배로 116 (방배동),근린생활1,제1종근린생활시설,102314012,지번
1165010100107960004,서울특별시 서초구 방배동,서울특별시 서초구 방배로42길 46 (방배동),근린생활2,제2종근린생활시설,10231100206793,지번
1165010800116430013,서울특별시 서초구 서초동,서울특별시 서초구 사임당로19길 28-3 (서초동),근린생활1,제1종근린생활시설,10231100210154,지번
1165010100108830025,서울특별시 서초구 방배동,서울특별시 서초구 서초대로34길 19 (방배동),근린생활2,제2종근린생활시설,10231100225186,지번
1165010100107930019,서울특별시 서초구 방배동,서울특별시 서초구 동광로 61 (방배동),근린생활2,제2종근린생활시설,10231100244095,지번
1165010700100930001,서울특별시 서초구 반포동,서울특별시 서초구 사평대로 126 (반포동),근린생활1,제1종근린생활시설,1023112264,지번
1165010700101020006,서울특별시 서초구 반포동,서울특별시 서초구 서래로1길 18 (반포동),근린생활2,제1종근린생활시설,10231100271476,지번
1165010700101070009,서울특별시 서초구 반포동,서울특별시 서초구 사평대로18길 5 (반포동),근린생활2,제1종근린생활시설,1023112332,지번
1165010700101110009,서울특별시 서초구 반포동,서울특별시 서초구 사평대로16길 10-5 (반포동),근린생활1,제1종근린생활시설,1023112377,지번
1165010700107010019,서울특별시 서초구 반포동,서울특별시 서초구 주흥17길 2 (반포동),근린생활1,제1종근린생활시설,1023112587,지번
1165010700107060008,서울특별시 서초구 반포동,서울특별시 서초구 신반포로 340 (반포동),근린생활1,제1종근린생활시설,1023112649,지번
1165010700107080000,서울특별시 서초구 반포동,서울특별시 서초구 강남대로 545-21 (반포동),근린생활2,제2종근린생활시설,1023112661,지번
1165010100109080023,서울특별시 서초구 방배동,서울특별시 서초구 효령로33길 27 (방배동),근린생활2,제2종근린생활시설,102314070,지번
1165010100109080025,서울특별시 서초구 방배동,서울특별시 서초구 효령로33길 33 (방배동),근린생활2,제2종근린생활시설,102314072,지번
1165010100109080026,서울특별시 서초구 방배동,서울특별시 서초구 효령로33길 35 (방배동),근린생활2,제2종근린생활시설,10231100288275,지번
1165010100109080028,서울특별시 서초구 방배동,서울특별시 서초구 효령로33길 39 (방배동),근린생활1,제2종근린생활시설,10231100295170,지번
1165010100109080031,서울특별시 서초구 방배동,서울특별시 서초구 효령로33길 43 (방배동),근린생활2,제2종근린생활시설,102314077,지번
1165010100109090001,서울특별시 서초구 방배동,서울특별시 서초구 방배로 83-13 (방배동),근린생활2,제2종근린생활시설,102314080,지번
1165010100109090002,서울특별시 서초구 방배동,서울특별시 서초구 방배로 83-11 (방배동),근린생활1,제1종근린생활시설,102314081,지번
1165010100109090003,서울특별시 서초구 방배동,서울특별시 서초구 효령로31길 16 (방배동),근린생활1,제1종근린생활시설,102314082,지번
1165010100109090004,서울특별시 서초구 방배동,서울특별시 서초구 방배로 83-9 (방배동),근린생활2,제2종근린생활시설,102314083,지번
1165010100109090006,서울특별시 서초구 방배동,서울특별시 서초구 방배로 83 (방배동),근린생활1,제2종근린생활시설,10231100281835,지번
1165010100109090007,서울특별시 서초구 방배동,서울특별시 서초구 효령로31길 6 (방배동),근린생활1,제1종근린생활시설,102314086,지번
1165010100109090011,서울특별시 서초구 방배동,서울특별시 서초구 효령로31길 10 (방배동),근린생활2,제2종근린생활시설,102314089,지번
1165010100109100002,서울특별시 서초구 방배동,서울특별시 서초구 효령로31길 38 (방배동),근린생활1,제1종근린생활시설,102314091,지번
1165010800114350001,서울특별시 서초구 서초동,서울특별시 서초구 효령로70길 36-27 (서초동),근린생활2,제2종근린생활시설,1023114779,지번
1165010600100190010,서울특별시 서초구 잠원동,서울특별시 서초구 나루터로 80 (잠원동),근린생활2,제1종근린생활시설,1000000000000004131620,지번
1165010800114430027,서울특별시 서초구 서초동,서울특별시 서초구 효령로68길 102 (서초동),근린생활2,제2종근린생활시설,1023114851,지번
1165010700107390035,서울특별시 서초구 반포동,서울특별시 서초구 사평대로55길 37 (반포동),근린생활2,제2종근린생활시설,1000000000000001897289,지번
1165010800113420006,서울특별시 서초구 서초동,서울특별시 서초구 서운로 45 (서초동),근린생활2,제2종근린생활시설,10231100191551,지번
1165010800114430028,서울특별시 서초구 서초동,서울특별시 서초구 효령로68길 104 (서초동),근린생활2,제2종근린생활시설,1023114852,지번
1165010800114750008,서울특별시 서초구 서초동,서울특별시 서초구 반포대로5길 16 (서초동),근린생활2,제2종근린생활시설,1023115081,지번
1165010800114900048,서울특별시 서초구 서초동,서울특별시 서초구 효령로 167 (서초동),근린생활2,제2종근린생활시설,1023115292,지번
1165010800115490011,서울특별시 서초구 서초동,서울특별시 서초구 서초대로42길 55 (서초동),근린생활2,제2종근린생활시설,1023115660,지번
1165010700107080007,서울특별시 서초구 반포동,서울특별시 서초구 사평대로57길 131 (반포동),근린생활2,제2종근린생활시설,1023112668,지번
1165010700107110028,서울특별시 서초구 반포동,서울특별시 서초구 주흥길 71 (반포동),근린생활2,제2종근린생활시설,1023112710,지번
1165010700107170010,서울특별시 서초구 반포동,서울특별시 서초구 주흥13길 9-1 (반포동),근린생활2,제2종근린생활시설,1023112783,지번
1165010700107350033,서울특별시 서초구 반포동,서울특별시 서초구 강남대로83길 22 (반포동),근린생활1,제1종근린생활시설,1023113187,지번
1165010700107370023,서울특별시 서초구 반포동,서울특별시 서초구 강남대로83길 7 (반포동),근린생활2,제2종근린생활시설,1023113211,지번
1165010700107380014,서울특별시 서초구 반포동,서울특별시 서초구 사평대로57길 39-1 (반포동),근린생활1,제1종근린생활시설,1023113220,지번
1165010700107390011,서울특별시 서초구 반포동,서울특별시 서초구 사평대로55길 29 (반포동),근린생활2,제2종근린생활시설,1023113251,지번
1165010700107470014,서울특별시 서초구 반포동,서울특별시 서초구 사평대로 369 (반포동),근린생활2,제2종근린생활시설,1023113345,지번
1165010100109050010,서울특별시 서초구 방배동,서울특별시 서초구 방배로16길 11-11 (방배동),근린생활2,제2종근린생활시설,102314018,지번
1165010100109050015,서울특별시 서초구 방배동,서울특별시 서초구 방배로16길 11 (방배동),근린생활2,제2종근린생활시설,102314022,지번
1165010100109060002,서울특별시 서초구 방배동,서울특별시 서초구 효령로33길 70 (방배동),근린생활2,제2종근린생활시설,102314040,지번
1165010100107890044,서울특별시 서초구 방배동,서울특별시 서초구 동광로11길 1 (방배동),근린생활2,제2종근린생활시설,102312455,지번
1165010100107890040,서울특별시 서초구 방배동,서울특별시 서초구 동광로 23 (방배동),근린생활2,제2종근린생활시설,102312452,지번
1165010100107890050,서울특별시 서초구 방배동,서울특별시 서초구 동광로 29 (방배동),근린생활1,제1종근린생활시설,102312458,지번
1165010100107900001,서울특별시 서초구 방배동,서울특별시 서초구 방배중앙로21길 7 (방배동),근린생활2,제2종근린생활시설,102312460,지번
1165010100107900005,서울특별시 서초구 방배동,서울특별시 서초구 동광로11길 14 (방배동),근린생활2,제2종근린생활시설,102312462,지번
1165010100107900012,서울특별시 서초구 방배동,서울특별시 서초구 동광로 35 (방배동),근린생활2,제2종근린생활시설,102312467,지번
1165010100107900013,서울특별시 서초구 방배동,서울특별시 서초구 방배중앙로 141-1 (방배동),근린생활1,제1종근린생활시설,102312468,지번
1165010100107900016,서울특별시 서초구 방배동,서울특별시 서초구 방배중앙로 141-2 (방배동),근린생활2,제2종근린생활시설,102312470,지번
1165010100109080013,서울특별시 서초구 방배동,서울특별시 서초구 효령로 127 (방배동),근린생활1,제1종근린생활시설,102314064,지번
1165010100109080021,서울특별시 서초구 방배동,서울특별시 서초구 효령로33길 23 (방배동),근린생활1,제1종근린생활시설,102314069,지번
1165010100109070003,서울특별시 서초구 방배동,서울특별시 서초구 효령로33길 71 (방배동),근린생활2,제2종근린생활시설,102314048,지번
1165010100109070007,서울특별시 서초구 방배동,서울특별시 서초구 효령로33길 59 (방배동),근린생활2,제2종근린생활시설,102314051,지번
1165010100109080001,서울특별시 서초구 방배동,서울특별시 서초구 방배로 100 (방배동),근린생활2,제2종근린생활시설,102314053,지번
1165010100109080003,서울특별시 서초구 방배동,서울특별시 서초구 방배로 96 (방배동),근린생활2,제2종근린생활시설,102314055,지번
1165010100109080005,서울특별시 서초구 방배동,서울특별시 서초구 방배로 94 (방배동),근린생활,근린생활시설,102314057,지번
1165010100109080010,서울특별시 서초구 방배동,서울특별시 서초구 방배로 84 (방배동),근린생활1,제1종근린생활시설,102314062,지번
1165010100108990009,서울특별시 서초구 방배동,서울특별시 서초구 방배로22길 19 (방배동),근린생활2,제2종근린생활시설,10231100213811,지번
1165010100107900021,서울특별시 서초구 방배동,서울특별시 서초구 방배중앙로 145-1 (방배동),근린생활2,제2종근린생활시설,102312475,지번
1165010100107900027,서울특별시 서초구 방배동,서울특별시 서초구 방배중앙로 149 (방배동),근린생활2,제2종근린생활시설,102312479,지번
1165010100107900028,서울특별시 서초구 방배동,서울특별시 서초구 방배중앙로21길 5 (방배동),근린생활2,제2종근린생활시설,102312480,지번
1165010100107920002,서울특별시 서초구 방배동,서울특별시 서초구 방배중앙로 142 (방배동),근린생활2,제2종근린생활시설,102312495,지번
1165010100107920006,서울특별시 서초구 방배동,서울특별시 서초구 방배로35길 45 (방배동),근린생활1,제1종근린생활시설,102312498,지번
1165010100107920008,서울특별시 서초구 방배동,서울특별시 서초구 방배로35길 41 (방배동),근린생활2,제2종근린생활시설,102312499,지번
1165010100107920009,서울특별시 서초구 방배동,서울특별시 서초구 동광로 43-4 (방배동),근린생활2,제2종근린생활시설,102312500,지번
1165010100107920010,서울특별시 서초구 방배동,서울특별시 서초구 동광로 43 (방배동),근린생활2,제2종근린생활시설,102312501,지번
1165010100107920011,서울특별시 서초구 방배동,서울특별시 서초구 동광로 45 (방배동),근린생활1,제1종근린생활시설,102312502,지번
1165010700100020008,서울특별시 서초구 반포동,서울특별시 서초구 신반포로15길 29 (반포동),판매시설,판매시설,1023113415,지번
1165010700100320001,서울특별시 서초구 반포동,서울특별시 서초구 고무래로 32 (반포동),근린생활1,제1종근린생활시설,1023113444,지번
1165010600100270010,서울특별시 서초구 잠원동,서울특별시 서초구 강남대로95길 16 (잠원동),근린생활2,제2종근린생활시설,10231100245934,지번
1165010700107370013,서울특별시 서초구 반포동,서울특별시 서초구 사평대로57길 28 (반포동),근린생활2,제2종근린생활시설,10231100248381,지번
1165010100107930003,서울특별시 서초구 방배동,서울특별시 서초구 동광로 53 (방배동),근린생활2,제2종근린생활시설,102312512,지번
1165010100107930004,서울특별시 서초구 방배동,서울특별시 서초구 동광로 55 (방배동),근린생활2,제2종근린생활시설,102312513,지번
1165010100107930013,서울특별시 서초구 방배동,서울특별시 서초구 동광로 59 (방배동),근린생활2,제2종근린생활시설,102312519,지번
1165010100107930023,서울특별시 서초구 방배동,서울특별시 서초구 동광로19길 9 (방배동),근린생활2,제2종근린생활시설,102312524,지번
1165010100107940012,서울특별시 서초구 방배동,서울특별시 서초구 방배로35길 14 (방배동),근린생활2,제2종근린생활시설,1000000000000003643183,지번
1165010700100600005,서울특별시 서초구 반포동,서울특별시 서초구 사평대로 240 (반포동),근린생활1,제1종근린생활시설,1023113488,지번
1165010700100600005,서울특별시 서초구 반포동,서울특별시 서초구 사평대로 240 (반포동),근린생활1,공동주택,1023113489,지번
1165010700100600005,서울특별시 서초구 반포동,서울특별시 서초구 사평대로 240 (반포동),근린생활1,공동주택,1023113490,지번
1165010700100600005,서울특별시 서초구 반포동,서울특별시 서초구 사평대로 240 (반포동),근린생활1,공동주택,1023113491,지번
1165010800113020024,서울특별시 서초구 서초동,서울특별시 서초구 사평대로 360 (서초동),근린생활2,제2종근린생활시설,1023114173,지번
1165010100104510006,서울특별시 서초구 방배동,서울특별시 서초구 방배천로4안길 10 (방배동),근린생활2,제2종근린생활시설,10231100206652,지번
1165010100107940026,서울특별시 서초구 방배동,서울특별시 서초구 방배로35길 12 (방배동),근린생활2,제2종근린생활시설,102312534,지번
1165010100107940029,서울특별시 서초구 방배동,서울특별시 서초구 동광로19길 15 (방배동),근린생활2,제2종근린생활시설,102312535,지번
1165010100107950001,서울특별시 서초구 방배동,서울특별시 서초구 방배로37길 11 (방배동),근린생활2,제2종근린생활시설,102312536,지번
1165010100107950005,서울특별시 서초구 방배동,서울특별시 서초구 동광로19길 16 (방배동),근린생활2,제2종근린생활시설,102312537,지번
1165010800113020047,서울특별시 서초구 서초동,서울특별시 서초구 사평대로56길 6 (서초동),근린생활2,제1종근린생활시설,1000000000000002074177,지번
1165010100107950010,서울특별시 서초구 방배동,서울특별시 서초구 동광로19길 10-4 (방배동),근린생활2,제2종근린생활시설,102312541,지번
1165010100107950023,서울특별시 서초구 방배동,서울특별시 서초구 방배로 221 (방배동),근린생활1,업무시설,10231100295550,지번
1165010100107950024,서울특별시 서초구 방배동,서울특별시 서초구 동광로 67 (방배동),근린생활2,제2종근린생활시설,102312551,지번
1165010100107960001,서울특별시 서초구 방배동,서울특별시 서초구 방배로 232 (방배동),근린생활2,제2종근린생활시설,102312552,지번
1165010100107960002,서울특별시 서초구 방배동,서울특별시 서초구 방배로 234-6 (방배동),근린생활1,제1종근린생활시설,102312553,지번
1165010800116380010,서울특별시 서초구 서초동,서울특별시 서초구 서초중앙로22길 107 (서초동),근린생활2,제2종근린생활시설,1023118072,지번
1165010100107960005,서울특별시 서초구 방배동,서울특별시 서초구 방배로42길 50-2 (방배동),근린생활2,제2종근린생활시설,102312556,지번
1165010200101540002,서울특별시 서초구 양재동,서울특별시 서초구 바우뫼로 91 (양재동),근린생활1,공동주택,1023110141,지번
1165010200101540002,서울특별시 서초구 양재동,서울특별시 서초구 바우뫼로 91 (양재동),근린생활1,공동주택,1023110142,지번
1165010200101540002,서울특별시 서초구 양재동,서울특별시 서초구 바우뫼로 91 (양재동),근린생활1,공동주택,1023110143,지번
1165010200101540002,서울특별시 서초구 양재동,서울특별시 서초구 바우뫼로 91 (양재동),근린생활1,공동주택,1023110144,지번
1165010200101540002,서울특별시 서초구 양재동,서울특별시 서초구 바우뫼로 91 (양재동),근린생활1,공동주택,1023110145,지번
1165010200101540002,서울특별시 서초구 양재동,서울특별시 서초구 바우뫼로 91 (양재동),근린생활1,공동주택,1023110146,지번
1165010200101540002,서울특별시 서초구 양재동,서울특별시 서초구 바우뫼로 89 (양재동),근린생활1,제1종근린생활시설,1023110147,지번
1165010200101540002,서울특별시 서초구 양재동,서울특별시 서초구 바우뫼로 91 (양재동),근린생활1,공동주택,1023110148,지번
1165010200101540002,서울특별시 서초구 양재동,서울특별시 서초구 바우뫼로 91 (양재동),근린생활1,공동주택,1023110149,지번
1165010200101540002,서울특별시 서초구 양재동,서울특별시 서초구 바우뫼로 91 (양재동),근린생활1,공동주택,1023110150,지번
1165010200101540002,서울특별시 서초구 양재동,서울특별시 서초구 바우뫼로 91 (양재동),근린생활1,공동주택,1023110151,지번
1165010200101540002,서울특별시 서초구 양재동,서울특별시 서초구 바우뫼로 99 (양재동),근린생활1,교육연구시설,102318634,지번
1165010100107960003,서울특별시 서초구 방배동,서울특별시 서초구 방배로 234-10 (방배동),근린생활1,제1종근린생활시설,102312554,지번
1165010100107960010,서울특별시 서초구 방배동,서울특별시 서초구 방배로36길 3 (방배동),근린생활1,제1종근린생활시설,10231100268975,지번
1165010100107960013,서울특별시 서초구 방배동,서울특별시 서초구 방배로36길 9 (방배동),근린생활1,제1종근린생활시설,102312561,지번
1165010100107960016,서울특별시 서초구 방배동,서울특별시 서초구 방배로36길 11 (방배동),근린생활2,제2종근린생활시설,102312563,지번
1165010100107960027,서울특별시 서초구 방배동,서울특별시 서초구 방배로36길 8 (방배동),근린생활2,제1종근린생활시설,10231100252374,지번
1165010100107960027,서울특별시 서초구 방배동,서울특별시 서초구 방배로42길 60 (방배동),근린생활2,단독주택,102312565,지번
1165010100107960027,서울특별시 서초구 방배동,서울특별시 서초구 동광로 77 (방배동),근린생활2,제2종근린생활시설,102312566,지번
1165010100107960027,서울특별시 서초구 방배동,서울특별시 서초구 방배로 226 (방배동),근린생활2,업무시설,102312567,지번
1165010100107960027,서울특별시 서초구 방배동,서울특별시 서초구 방배로36길 12 (방배동),근린생활2,단독주택,102312569,지번
1165010100107960028,서울특별시 서초구 방배동,서울특별시 서초구 동광로 75 (방배동),근린생활1,제1종근린생활시설,102312570,지번
1165010100107970007,서울특별시 서초구 방배동,서울특별시 서초구 동광로 89 (방배동),근린생활2,제2종근린생활시설,102312572,지번
1165010100107970012,서울특별시 서초구 방배동,서울특별시 서초구 동광로 95 (방배동),근린생활1,제1종근린생활시설,102312576,지번
1165010100104670006,서울특별시 서초구 방배동,서울특별시 서초구 방배천로6길 32-10 (방배동),근린생활1,제1종근린생활시설,102311406,지번
1165010800116820000,서울특별시 서초구 서초동,서울특별시 서초구 서초대로65길 13-10 (서초동),근린생활1,공동주택,1023118160,지번
1165010800116820000,서울특별시 서초구 서초동,서울특별시 서초구 서초대로65길 13-10 (서초동),근린생활1,공동주택,1023118161,지번
1165010800116820000,서울특별시 서초구 서초동,서울특별시 서초구 서초대로65길 13-10 (서초동),근린생활1,공동주택,1023118162,지번
1165010800116820000,서울특별시 서초구 서초동,서울특별시 서초구 서초대로65길 13-10 (서초동),근린생활1,공동주택,1023118163,지번
1165010800116820000,서울특별시 서초구 서초동,서울특별시 서초구 서초대로65길 13-10 (서초동),근린생활1,공동주택,1023118164,지번
1165010800116820000,서울특별시 서초구 서초동,서울특별시 서초구 서초대로65길 13-10 (서초동),근린생활1,공동주택,1023118168,지번
1165010800116820000,서울특별시 서초구 서초동,서울특별시 서초구 서초대로65길 13-10 (서초동),근린생활1,공동주택,1023118169,지번
1165010800116820000,서울특별시 서초구 서초동,서울특별시 서초구 서초대로65길 13-10 (서초동),근린생활1,공동주택,1023118170,지번
1165010800116820000,서울특별시 서초구 서초동,서울특별시 서초구 서초대로65길 13-10 (서초동),근린생활1,제1종근린생활시설,1023118171,지번
1165010800116820000,서울특별시 서초구 서초동,서울특별시 서초구 서초대로65길 13-10 (서초동),근린생활1,공동주택,1023118172,지번
1165010800116820000,서울특별시 서초구 서초동,서울특별시 서초구 서초대로65길 13-10 (서초동),근린생활1,공동주택,1023118173,지번
1165010800116820000,서울특별시 서초구 서초동,서울특별시 서초구 서초대로65길 13-10 (서초동),근린생활1,공동주택,1023118177,지번
1165010800116820000,서울특별시 서초구 서초동,서울특별시 서초구 서초대로65길 13-10 (서초동),근린생활1,공동주택,1023118178,지번
1165010800116820000,서울특별시 서초구 서초동,서울특별시 서초구 서초대로65길 13-10 (서초동),근린생활1,공동주택,1023118179,지번
1165010200103240004,서울특별시 서초구 양재동,서울특별시 서초구 동산로 13 (양재동),근린생활2,제2종근린생활시설,1023110314,지번
1165010100107970013,서울특별시 서초구 방배동,서울특별시 서초구 동광로 95-1 (방배동),근린생활1,제1종근린생활시설,102312577,지번
1165010100107970017,서울특별시 서초구 방배동,서울특별시 서초구 동광로 95-6 (방배동),근린생활2,제2종근린생활시설,102312578,지번
1165010100107970018,서울특별시 서초구 방배동,서울특별시 서초구 동광로 95-2 (방배동),근린생활2,제2종근린생활시설,102312579,지번
1165010100107970020,서울특별시 서초구 방배동,서울특별시 서초구 동광로 99 (방배동),근린생활2,제2종근린생활시설,102312581,지번
1165010100108700034,서울특별시 서초구 방배동,서울특별시 서초구 서초대로15길 8-19 (방배동),근린생활2,제2종근린생활시설,102313592,지번
1165010800113380010,서울특별시 서초구 서초동,서울특별시 서초구 강남대로51길 5 (서초동),근린생활2,제2종근린생활시설,1023114347,지번
1165010800113490012,서울특별시 서초구 서초동,서울특별시 서초구 효령로72길 40 (서초동),근린생활1,제1종근린생활시설,1023114439,지번
1165010800113490022,서울특별시 서초구 서초동,서울특별시 서초구 효령로72길 42 (서초동),근린생활2,제2종근린생활시설,1023114448,지번
1165010800113560000,서울특별시 서초구 서초동,서울특별시 서초구 강남대로47길 55 (서초동),근린생활1,제1종근린생활시설,1023114463,지번
1165010600100260014,서울특별시 서초구 잠원동,서울특별시 서초구 신반포로47길 77 (잠원동),근린생활2,제2종근린생활시설,1023111380,지번
1165010800113020037,서울특별시 서초구 서초동,서울특별시 서초구 서운로26길 11 (서초동),근린생활2,제2종근린생활시설,1023114185,지번
1165010600100210005,서울특별시 서초구 잠원동,서울특별시 서초구 강남대로97길 10 (잠원동),근린생활2,제2종근린생활시설,1000000000000001496183,지번
1165010600100290025,서울특별시 서초구 잠원동,서울특별시 서초구 강남대로95길 9-18 (잠원동),근린생활1,제1종근린생활시설,1023111416,지번
1165010600100350016,서울특별시 서초구 잠원동,서울특별시 서초구 신반포로47길 47 (잠원동),근린생활2,제2종근린생활시설,1023111474,지번
1165010600100350029,서울특별시 서초구 잠원동,서울특별시 서초구 신반포로47길 33-2 (잠원동),근린생활1,제1종근린생활시설,1023111485,지번
1165010600100370014,서울특별시 서초구 잠원동,서울특별시 서초구 신반포로 337 (잠원동),근린생활1,제1종근린생활시설,1023111523,지번
1165010600100380016,서울특별시 서초구 잠원동,서울특별시 서초구 신반포로47길 16 (잠원동),근린생활2,제2종근린생활시설,1023111537,지번
1165010200102320004,서울특별시 서초구 양재동,서울특별시 서초구 강남대로 27 (양재동),판매시설,판매시설,10231100238115,지번
1165010200102320004,서울특별시 서초구 양재동,서울특별시 서초구 강남대로 27 (양재동),판매시설,판매시설,10231100238116,지번
1165010200102320004,서울특별시 서초구 양재동,서울특별시 서초구 강남대로 27 (양재동),판매시설,판매시설,10231100238117,지번
1165010200102320004,서울특별시 서초구 양재동,서울특별시 서초구 강남대로 27 (양재동),판매시설,판매시설,10231100238118,지번
1165010200102320004,서울특별시 서초구 양재동,서울특별시 서초구 강남대로 27 (양재동),판매시설,판매시설,10231100238119,지번
1165010200102320004,서울특별시 서초구 양재동,서울특별시 서초구 강남대로 27 (양재동),판매시설,판매시설,10231100238120,지번
1165010200102320004,서울특별시 서초구 양재동,서울특별시 서초구 강남대로 27 (양재동),판매시설,판매시설,10231100238121,지번
1165010200102320004,서울특별시 서초구 양재동,서울특별시 서초구 강남대로 27 (양재동),판매시설,판매시설,10231100238122,지번
1165010200102320004,서울특별시 서초구 양재동,서울특별시 서초구 강남대로 27 (양재동),판매시설,판매시설,10231100238123,지번
1165010200102320004,서울특별시 서초구 양재동,서울특별시 서초구 강남대로 27 (양재동),판매시설,판매시설,10231100238124,지번
1165010200102320004,서울특별시 서초구 양재동,서울특별시 서초구 강남대로 27 (양재동),판매시설,판매시설,10231100238125,지번
1165010100108830006,서울특별시 서초구 방배동,서울특별시 서초구 서초대로 150 (방배동),근린생활2,제2종근린생활시설,102313776,지번
1165010100108830002,서울특별시 서초구 방배동,서울특별시 서초구 서초대로 142 (방배동),근린생활2,제2종근린생활시설,102313773,지번
1165010100108830003,서울특별시 서초구 방배동,서울특별시 서초구 서초대로 144 (방배동),근린생활2,제2종근린생활시설,102313774,지번
1165010100108830008,서울특별시 서초구 방배동,서울특별시 서초구 서초대로 152-5 (방배동),근린생활1,제1종근린생활시설,102313777,지번
1165010800113580000,서울특별시 서초구 서초동,서울특별시 서초구 남부순환로347길 64 (서초동),근린생활2,제2종근린생활시설,1023114513,지번
1165010800113640028,서울특별시 서초구 서초동,서울특별시 서초구 서운로6길 22 (서초동),근린생활2,제2종근린생활시설,1023114635,지번
1165010800114430022,서울특별시 서초구 서초동,서울특별시 서초구 효령로68길 80 (서초동),근린생활2,단독주택,10231100262934,지번
1165010100104750001,서울특별시 서초구 방배동,서울특별시 서초구 도구로1길 61 (방배동),근린생활2,제2종근린생활시설,102311485,지번
1165010800114440002,서울특별시 서초구 서초동,서울특별시 서초구 효령로60길 15 (서초동),근린생활2,제2종근린생활시설,1023114860,지번
1165010800114590010,서울특별시 서초구 서초동,서울특별시 서초구 반포대로10길 11 (서초동),근린생활2,제2종근린생활시설,1023114971,지번
1165010800115550014,서울특별시 서초구 서초동,서울특별시 서초구 반포대로30길 44-5 (서초동),근린생활2,제2종근린생활시설,10231100256234,지번
1165010600100700001,서울특별시 서초구 잠원동,서울특별시 서초구 잠원로 69 (잠원동),판매시설,판매시설,1023111705,지번
1165010600100700002,서울특별시 서초구 잠원동,서울특별시 서초구 잠원로 51 (잠원동),판매시설,판매시설,1023111706,지번
1165010600100490008,서울특별시 서초구 잠원동,서울특별시 서초구 잠원로 213-10 (잠원동),판매시설,공동주택,1023111795,지번
1165010600100490008,서울특별시 서초구 잠원동,서울특별시 서초구 잠원로 213-10 (잠원동),판매시설,공동주택,1023111796,지번
1165010600100490008,서울특별시 서초구 잠원동,서울특별시 서초구 잠원로 213-10 (잠원동),판매시설,공동주택,1023111797,지번
1165010600100490008,서울특별시 서초구 잠원동,서울특별시 서초구 잠원로 221 (잠원동),판매시설,판매시설,1023111798,지번
1165010600100490008,서울특별시 서초구 잠원동,서울특별시 서초구 잠원로 213-10 (잠원동),판매시설,공동주택,1023111799,지번
1165010600100490008,서울특별시 서초구 잠원동,서울특별시 서초구 잠원로 213-10 (잠원동),판매시설,공동주택,1023111800,지번
1165010100108830020,서울특별시 서초구 방배동,서울특별시 서초구 서초대로34길 23 (방배동),근린생활2,제2종근린생활시설,102313782,지번
1165010100108900020,서울특별시 서초구 방배동,서울특별시 서초구 서초대로30길 45 (방배동),근린생활2,제2종근린생활시설,102313800,지번
1165010800114620001,서울특별시 서초구 서초동,서울특별시 서초구 반포대로7길 7 (서초동),근린생활2,제2종근린생활시설,1023114992,지번
1165010800114740004,서울특별시 서초구 서초동,서울특별시 서초구 반포대로5길 7 (서초동),근린생활1,제1종근린생활시설,1023115065,지번
1165010800114850016,서울특별시 서초구 서초동,서울특별시 서초구 반포대로9길 38 (서초동),근린생활2,제2종근린생활시설,1023115149,지번
1165010800114860008,서울특별시 서초구 서초동,서울특별시 서초구 효령로 226 (서초동),근린생활2,제2종근린생활시설,1023115160,지번
1165010800114890009,서울특별시 서초구 서초동,서울특별시 서초구 명달로 52-5 (서초동),근린생활2,제2종근린생활시설,1023115267,지번
1165010800114900046,서울특별시 서초구 서초동,서울특별시 서초구 효령로 171 (서초동),근린생활2,제2종근린생활시설,1023115290,지번
1165010100104780001,서울특별시 서초구 방배동,서울특별시 서초구 효령로 12 (방배동),근린생활1,제1종근린생활시설,102311532,지번
1165010100104780006,서울특별시 서초구 방배동,서울특별시 서초구 효령로2길 9 (방배동),근린생활2,제2종근린생활시설,102311536,지번
1165010800116870000,서울특별시 서초구 서초동,서울특별시 서초구 서초중앙로24길 43 (서초동),근린생활1,교육연구시설,1023116951,지번
1165010800116870000,서울특별시 서초구 서초동,서울특별시 서초구 서초중앙로24길 43 (서초동),근린생활1,제1종근린생활시설,1023118213,지번
1165010800116870000,서울특별시 서초구 서초동,서울특별시 서초구 서초중앙로24길 43 (서초동),근린생활1,공동주택,1023118214,지번
1165010800116870000,서울특별시 서초구 서초동,서울특별시 서초구 서초중앙로24길 43 (서초동),근린생활1,제1종근린생활시설,1023118215,지번
1165010800116870000,서울특별시 서초구 서초동,서울특별시 서초구 서초중앙로24길 43 (서초동),근린생활1,공동주택,1023118216,지번
1165010800116870000,서울특별시 서초구 서초동,서울특별시 서초구 서초중앙로24길 43 (서초동),근린생활1,공동주택,1023118217,지번
1165010800116870000,서울특별시 서초구 서초동,서울특별시 서초구 서초중앙로24길 43 (서초동),근린생활1,공동주택,1023118218,지번
1165010800116960015,서울특별시 서초구 서초동,서울특별시 서초구 서초중앙로24길 17 (서초동),근린생활1,제1종근린생활시설,1023118232,지번
1165010600100580024,서울특별시 서초구 잠원동,서울특별시 서초구 신반포로 257 (잠원동),판매시설,판매시설,1023111884,지번
1165010800115420005,서울특별시 서초구 서초동,서울특별시 서초구 서초대로42길 12 (서초동),근린생활2,제2종근린생활시설,1023115596,지번
1165010800115470003,서울특별시 서초구 서초동,서울특별시 서초구 반포대로24길 42-18 (서초동),근린생활2,제2종근린생활시설,1023115636,지번
1165010800115500001,서울특별시 서초구 서초동,서울특별시 서초구 서초대로42길 41 (서초동),근린생활2,제2종근린생활시설,1023115662,지번
1165010800115500014,서울특별시 서초구 서초동,서울특별시 서초구 반포대로26길 19 (서초동),근린생활2,제2종근린생활시설,1023115674,지번
1165010800115510009,서울특별시 서초구 서초동,서울특별시 서초구 서초대로46길 20-7 (서초동),근린생활2,제2종근린생활시설,1023115681,지번
1165010800115520016,서울특별시 서초구 서초동,서울특별시 서초구 반포대로30길 18 (서초동),근린생활2,제2종근린생활시설,1023115693,지번
1165010800115570003,서울특별시 서초구 서초동,서울특별시 서초구 반포대로26길 29 (서초동),근린생활1,제1종근린생활시설,1023115737,지번
1165010800115610001,서울특별시 서초구 서초동,서울특별시 서초구 반포대로24길 41-14 (서초동),근린생활2,제2종근린생활시설,1023115774,지번
1165010800115630006,서울특별시 서초구 서초동,서울특별시 서초구 반포대로20길 33-2 (서초동),근린생활1,제1종근린생활시설,1023115791,지번
1165010800115700005,서울특별시 서초구 서초동,서울특별시 서초구 반포대로28길 72 (서초동),근린생활2,제2종근린생활시설,1023115864,지번
1165010900102030006,서울특별시 서초구 내곡동,서울특별시 서초구 안골4길 6 (내곡동),근린생활1,제1종근린생활시설,1023118587,지번
1165010100107730004,서울특별시 서초구 방배동,서울특별시 서초구 방배로 244 (방배동),근린생활1,제1종근린생활시설,102312227,지번
1165010100107780009,서울특별시 서초구 방배동,서울특별시 서초구 방배중앙로 165 (방배동),근린생활2,제2종근린생활시설,102312256,지번
1165010100108060011,서울특별시 서초구 방배동,서울특별시 서초구 방배로32길 47-7 (방배동),근린생활2,제2종근린생활시설,102312608,지번
1165010100108130007,서울특별시 서초구 방배동,서울특별시 서초구 동광로 70 (방배동),근린생활2,제2종근린생활시설,102312698,지번
1165010100108200026,서울특별시 서초구 방배동,서울특별시 서초구 방배중앙로 118 (방배동),근린생활2,노유자시설,1000000000000006765565,본번
1165010600100700000,서울특별시 서초구 잠원동,서울특별시 서초구 잠원로3길 25 (잠원동),판매시설,운동시설,1023111704,지번
1165010600100700000,서울특별시 서초구 잠원동,서울특별시 서초구 잠원로 37-48 (잠원동),판매시설,공동주택,1023111953,지번
1165010600100700000,서울특별시 서초구 잠원동,서울특별시 서초구 잠원로 37-6 (잠원동),판매시설,판매시설,1023111954,지번
1165010600100700000,서울특별시 서초구 잠원동,서울특별시 서초구 잠원로 37-48 (잠원동),판매시설,공동주택,1023111955,지번
1165010600100700000,서울특별시 서초구 잠원동,서울특별시 서초구 잠원로 37-48 (잠원동),판매시설,공동주택,1023111956,지번
1165010600100700000,서울특별시 서초구 잠원동,서울특별시 서초구 잠원로 37-48 (잠원동),판매시설,공동주택,1023111957,지번
1165010600100700000,서울특별시 서초구 잠원동,서울특별시 서초구 잠원로 37-48 (잠원동),판매시설,공동주택,1023111958,지번
1165010600100700000,서울특별시 서초구 잠원동,서울특별시 서초구 잠원로 37-48 (잠원동),판매시설,공동주택,1023111959,지번
1165010600100700000,서울특별시 서초구 잠원동,서울특별시 서초구 잠원로 37-48 (잠원동),판매시설,공동주택,1023111960,지번
1165010600100700000,서울특별시 서초구 잠원동,서울특별시 서초구 잠원로 37-48 (잠원동),판매시설,공동주택,1023111961,지번
1165010600100700000,서울특별시 서초구 잠원동,서울특별시 서초구 잠원로 37-48 (잠원동),판매시설,공동주택,1023111962,지번
1165010600100700000,서울특별시 서초구 잠원동,서울특별시 서초구 잠원로 37-48 (잠원동),판매시설,공동주택,1023111963,지번
1165010600100700000,서울특별시 서초구 잠원동,서울특별시 서초구 잠원로 37-48 (잠원동),판매시설,공동주택,1023111964,지번
1165010600100700000,서울특별시 서초구 잠원동,서울특별시 서초구 잠원로 37-48 (잠원동),판매시설,공동주택,1023111965,지번
1165010100108920001,서울특별시 서초구 방배동,서울특별시 서초구 서초대로32길 11 (방배동),근린생활2,제2종근린생활시설,102313831,지번
1165010100108920012,서울특별시 서초구 방배동,서울특별시 서초구 서초대로32길 35-3 (방배동),근린생활2,제2종근린생활시설,102313839,지번
1165010100108920021,서울특별시 서초구 방배동,서울특별시 서초구 서초대로34가길 18 (방배동),근린생활2,제2종근린생활시설,102313843,지번
1165010100108930001,서울특별시 서초구 방배동,서울특별시 서초구 서초대로32길 1 (방배동),근린생활1,제1종근린생활시설,102313846,지번
1165010100108930002,서울특별시 서초구 방배동,서울특별시 서초구 서초대로34길 6 (방배동),근린생활1,제1종근린생활시설,102313847,지번
1165010100108930003,서울특별시 서초구 방배동,서울특별시 서초구 서초대로34길 8 (방배동),근린생활2,제2종근린생활시설,102313848,지번
1165010800115780004,서울특별시 서초구 서초동,서울특별시 서초구 서초중앙로 75 (서초동),근린생활2,제2종근린생활시설,1023115959,지번
1165010800115820016,서울특별시 서초구 서초동,서울특별시 서초구 반포대로18길 13-3 (서초동),근린생활2,공동주택,1000000000000001774414,지번
1165010800115860002,서울특별시 서초구 서초동,서울특별시 서초구 반포대로12길 26 (서초동),근린생활2,제2종근린생활시설,1023116020,지번
1165010800115890011,서울특별시 서초구 서초동,서울특별시 서초구 반포대로14길 40 (서초동),근린생활2,업무시설,10231100290015,지번
1165010800116180024,서울특별시 서초구 서초동,서울특별시 서초구 서초중앙로8길 89-2 (서초동),근린생활1,제1종근린생활시설,1023116345,지번
1165010800116210027,서울특별시 서초구 서초동,서울특별시 서초구 서초중앙로 46 (서초동),근린생활2,제2종근린생활시설,1023116407,지번
1165010800116260009,서울특별시 서초구 서초동,서울특별시 서초구 사임당로12길 16 (서초동),근린생활2,제2종근린생활시설,1023116449,지번
1165010100108500001,서울특별시 서초구 방배동,서울특별시 서초구 방배로28길 16 (방배동),근린생활2,제2종근린생활시설,102313211,지번
1165010100108630007,서울특별시 서초구 방배동,서울특별시 서초구 도구로 123-8 (방배동),근린생활2,제2종근린생활시설,102313468,지번
1165010100108680011,서울특별시 서초구 방배동,서울특별시 서초구 서초대로 53 (방배동),근린생활2,제2종근린생활시설,102313546,지번
1165010100108680013,서울특별시 서초구 방배동,서울특별시 서초구 서초대로 57 (방배동),근린생활2,제2종근린생활시설,102313548,지번
1165010100108800003,서울특별시 서초구 방배동,서울특별시 서초구 서초대로29길 10-8 (방배동),근린생활2,제2종근린생활시설,102313745,지번
1165010100108980011,서울특별시 서초구 방배동,서울특별시 서초구 서초대로26길 10 (방배동),근린생활2,제2종근린생활시설,102313892,지번
1165010100108990001,서울특별시 서초구 방배동,서울특별시 서초구 방배로 144 (방배동),근린생활1,제1종근린생활시설,102313893,지번
1165010100108990002,서울특별시 서초구 방배동,서울특별시 서초구 방배로 142 (방배동),근린생활2,제2종근린생활시설,102313894,지번
1165010100108990005,서울특별시 서초구 방배동,서울특별시 서초구 방배로 136 (방배동),근린생활1,제1종근린생활시설,102313897,지번
1165010100108990006,서울특별시 서초구 방배동,서울특별시 서초구 방배로 134 (방배동),근린생활2,제2종근린생활시설,102313898,지번
1165010300102120002,서울특별시 서초구 우면동,서울특별시 서초구 형촌길 111 (우면동),근린생활1,제1종근린생활시설,1023110753,지번
1165010800114510088,서울특별시 서초구 서초동,서울특별시 서초구 남부순환로323길 15 (서초동),근린생활2,제2종근린생활시설,1023114941,지번
1165010800114870009,서울특별시 서초구 서초동,서울특별시 서초구 반포대로9길 80 (서초동),근린생활2,제2종근린생활시설,1023115177,지번
1165010800115780003,서울특별시 서초구 서초동,서울특별시 서초구 서초중앙로 77 (서초동),근린생활1,제1종근린생활시설,1023115958,지번
1165010200100810015,서울특별시 서초구 양재동,서울특별시 서초구 양재천로21길 42 (양재동),근린생활2,제2종근린생활시설,10231100294330,지번
1165010100107690009,서울특별시 서초구 방배동,서울특별시 서초구 방배중앙로 176 (방배동),근린생활2,제2종근린생활시설,102312208,지번
1165010800115360014,서울특별시 서초구 서초동,서울특별시 서초구 반포대로 67 (서초동),근린생활2,제2종근린생활시설,1023115572,지번
1165010200100990002,서울특별시 서초구 양재동,서울특별시 서초구 양재천로 89 (양재동),근린생활2,제2종근린생활시설,102318495,지번
1165010100108740008,서울특별시 서초구 방배동,서울특별시 서초구 서초대로 99 (방배동),근린생활1,제1종근린생활시설,102313649,지번
1165010100108740010,서울특별시 서초구 방배동,서울특별시 서초구 서초대로 101 (방배동),근린생활2,제2종근린생활시설,102313650,지번
1165010800116990015,서울특별시 서초구 서초동,서울특별시 서초구 서초중앙로26길 3 (서초동),근린생활2,제2종근린생활시설,1023117042,지번
1165010800116680008,서울특별시 서초구 서초동,서울특별시 서초구 서초대로58길 35-5 (서초동),근린생활2,제2종근린생활시설,1023116876,지번
1165010800114510025,서울특별시 서초구 서초동,서울특별시 서초구 반포대로10길 24 (서초동),근린생활2,제2종근린생활시설,1023114904,지번
1165010100109830006,서울특별시 서초구 방배동,서울특별시 서초구 방배로10길 10-3 (방배동),근린생활1,제1종근린생활시설,102315508,지번
1165010200100170034,서울특별시 서초구 양재동,서울특별시 서초구 남부순환로356길 95-15 (양재동),근린생활2,제2종근린생활시설,102318195,지번
1165010100104530033,서울특별시 서초구 방배동,서울특별시 서초구 방배천로 32 (방배동),근린생활2,제2종근린생활시설,102311155,지번
1165010200102470004,서울특별시 서초구 양재동,서울특별시 서초구 마방로4길 16-9 (양재동),근린생활2,제2종근린생활시설,102318777,지번
1165010100107770018,서울특별시 서초구 방배동,서울특별시 서초구 방배로37길 52 (방배동),근린생활1,단독주택,10231100290975,지번
1165010100110220010,서울특별시 서초구 방배동,서울특별시 서초구 방배로 56 (방배동),근린생활1,제1종근린생활시설,102315640,지번
1165010200100080003,서울특별시 서초구 양재동,서울특별시 서초구 남부순환로356길 19 (양재동),근린생활1,제1종근린생활시설,102317907,지번
1165010100104370030,서울특별시 서초구 방배동,서울특별시 서초구 방배천로16길 9 (방배동),근린생활1,제1종근린생활시설,102311006,지번
1165010200100100003,서울특별시 서초구 양재동,서울특별시 서초구 남부순환로356길 34 (양재동),근린생활1,제1종근린생활시설,102317997,지번
1165010200101250002,서울특별시 서초구 양재동,서울특별시 서초구 양재천로19길 28 (양재동),근린생활2,제2종근린생활시설,102318628,지번
1165010600100110013,서울특별시 서초구 잠원동,서울특별시 서초구 나루터로15길 22 (잠원동),근린생활2,제2종근린생활시설,1023111207,지번
1165010100108570008,서울특별시 서초구 방배동,서울특별시 서초구 방배중앙로 98 (방배동),근린생활1,제1종근린생활시설,102313368,지번
1165010600100420005,서울특별시 서초구 잠원동,서울특별시 서초구 신반포로45길 9-20 (잠원동),근린생활2,제2종근린생활시설,1023111577,지번
1165010300100640001,서울특별시 서초구 우면동,서울특별시 서초구 바우뫼로7길 3 (우면동),근린생활2,제2종근린생활시설,1023110669,지번
1165010100107690015,서울특별시 서초구 방배동,서울특별시 서초구 방배중앙로 172 (방배동),근린생활2,제2종근린생활시설,102312213,지번
1165010600100100005,서울특별시 서초구 잠원동,서울특별시 서초구 나루터로15길 37-13 (잠원동),근린생활2,제2종근린생활시설,1023111161,지번
1165010800115230002,서울특별시 서초구 서초동,서울특별시 서초구 반포대로19길 17 (서초동),근린생활1,제1종근린생활시설,1023115506,지번
1165010200103510002,서울특별시 서초구 양재동,서울특별시 서초구 강남대로6길 8 (양재동),근린생활2,제2종근린생활시설,10231100183188,지번
1165010200101250005,서울특별시 서초구 양재동,서울특별시 서초구 양재천로19길 18 (양재동),근린생활2,제2종근린생활시설,102318631,지번
1165010200103000009,서울특별시 서초구 양재동,서울특별시 서초구 언남16길 47 (양재동),근린생활2,제2종근린생활시설,10231100183928,지번
1165010600100100021,서울특별시 서초구 잠원동,서울특별시 서초구 나루터로15길 25 (잠원동),근린생활1,제2종근린생활시설,10231100290435,지번
1165010800117150001,서울특별시 서초구 서초동,서울특별시 서초구 서초대로49길 4 (서초동),근린생활2,제2종근린생활시설,1023117101,지번
1165010100117700000,서울특별시 서초구 방배동,서울특별시 서초구 동작대로 130 (방배동),근린생활1,제1종근린생활시설,102315719,지번
1165010200102680004,서울특별시 서초구 양재동,서울특별시 서초구 언남11길 34-14 (양재동),근린생활2,제2종근린생활시설,102318968,지번
1165010200103020003,서울특별시 서초구 양재동,서울특별시 서초구 언남16길 12 (양재동),근린생활2,제2종근린생활시설,102319230,지번
1165010600100230002,서울특별시 서초구 잠원동,서울특별시 서초구 나루터로10길 17 (잠원동),근린생활2,제2종근린생활시설,1023111306,지번
1165010100108630006,서울특별시 서초구 방배동,서울특별시 서초구 방배천로 132 (방배동),근린생활2,제2종근린생활시설,102313467,지번
1165010200100090001,서울특별시 서초구 양재동,서울특별시 서초구 남부순환로356길 51 (양재동),근린생활2,제2종근린생활시설,102317953,지번
1165010200100190006,서울특별시 서초구 양재동,서울특별시 서초구 논현로31길 52 (양재동),근린생활2,제2종근린생활시설,102318210,지번
1165010600100120015,서울특별시 서초구 잠원동,서울특별시 서초구 강남대로101길 20 (잠원동),근린생활2,제2종근린생활시설,1023111220,지번
1165010100108290026,서울특별시 서초구 방배동,서울특별시 서초구 방배천로32길 7 (방배동),근린생활2,제2종근린생활시설,10231100204110,지번
1165010800113560009,서울특별시 서초구 서초동,서울특별시 서초구 서운로 40 (서초동),근린생활1,제1종근린생활시설,1023114469,지번
1165010800115780006,서울특별시 서초구 서초동,서울특별시 서초구 서초대로50길 105 (서초동),근린생활2,제2종근린생활시설,1023115961,지번
1165010200103910018,서울특별시 서초구 양재동,서울특별시 서초구 동산로 68 (양재동),근린생활2,제2종근린생활시설,102319784,지번
1165010200102720005,서울특별시 서초구 양재동,서울특별시 서초구 마방로10길 54-7 (양재동),근린생활2,제2종근린생활시설,102319015,지번
1165010800114910006,서울특별시 서초구 서초동,서울특별시 서초구 명달로 73 (서초동),근린생활2,제2종근린생활시설,1023115293,지번
1165010200103310000,서울특별시 서초구 양재동,서울특별시 서초구 동산로2길 16 (양재동),근린생활1,제1종근린생활시설,102319394,지번
1165010800116680011,서울특별시 서초구 서초동,서울특별시 서초구 서초대로60길 34 (서초동),근린생활2,제2종근린생활시설,1023116879,지번
1165010100104790003,서울특별시 서초구 방배동,서울특별시 서초구 효령로2길 8 (방배동),근린생활1,제1종근린생활시설,102311544,지번
1165010100104400003,서울특별시 서초구 방배동,서울특별시 서초구 동작대로 56 (방배동),근린생활1,제1종근린생활시설,102311017,지번
1165010800115640011,서울특별시 서초구 서초동,서울특별시 서초구 반포대로20길 61 (서초동),근린생활2,제2종근린생활시설,1023115800,지번
1165010800115520020,서울특별시 서초구 서초동,서울특별시 서초구 서초대로46길 20-6 (서초동),근린생활2,제2종근린생활시설,10231100243054,지번
1165010100108720006,서울특별시 서초구 방배동,서울특별시 서초구 서초대로 89 (방배동),근린생활2,제2종근린생활시설,102313618,지번
1165010200100090059,서울특별시 서초구 양재동,서울특별시 서초구 바우뫼로41길 51 (양재동),근린생활1,제1종근린생활시설,102317992,지번
1165010800114750007,서울특별시 서초구 서초동,서울특별시 서초구 반포대로5길 14 (서초동),근린생활2,제2종근린생활시설,10231100251114,지번
1165010200102410008,서울특별시 서초구 양재동,서울특별시 서초구 마방로2길 28 (양재동),근린생활2,제2종근린생활시설,102318743,지번
1165010200103710000,서울특별시 서초구 양재동,서울특별시 서초구 동산로6길 11 (양재동),근린생활1,제1종근린생활시설,102319703,지번
1165010800114590006,서울특별시 서초구 서초동,서울특별시 서초구 효령로 256 (서초동),근린생활2,제2종근린생활시설,1023114967,지번
1165011100101920075,서울특별시 서초구 신원동,서울특별시 서초구 청계산로 245 (신원동),근린생활2,제2종근린생활시설,1023119010,지번
1165010900101680012,서울특별시 서초구 내곡동,서울특별시 서초구 홍씨마을길 5 (내곡동),근린생활1,제1종근린생활시설,1023118558,지번
1165010200101240008,서울특별시 서초구 양재동,서울특별시 서초구 양재천로19길 11-8 (양재동),근린생활1,제1종근린생활시설,102318624,지번
1165010200100960000,서울특별시 서초구 양재동,서울특별시 서초구 양재천로 107-19 (양재동),근린생활2,제2종근린생활시설,102318463,지번
1165010800116980002,서울특별시 서초구 서초동,서울특별시 서초구 서초중앙로28길 8 (서초동),근린생활1,제1종근린생활시설,1023117022,지번
1165010100109920011,서울특별시 서초구 방배동,서울특별시 서초구 남부순환로309길 58 (방배동),근린생활2,제2종근린생활시설,102315549,지번
1165010800115800003,서울특별시 서초구 서초동,서울특별시 서초구 반포대로20길 28 (서초동),근린생활2,제2종근린생활시설,1023115970,지번
1165010800116240004,서울특별시 서초구 서초동,서울특별시 서초구 사임당로8길 10 (서초동),근린생활2,제2종근린생활시설,1023116428,지번
1165010200101230007,서울특별시 서초구 양재동,서울특별시 서초구 양재천로17길 10 (양재동),근린생활2,공동주택,10231100276735,지번
1165010200103260004,서울특별시 서초구 양재동,서울특별시 서초구 동산로 9-5 (양재동),근린생활2,제2종근린생활시설,102319349,지번
1165010100109560025,서울특별시 서초구 방배동,서울특별시 서초구 서초대로4길 84 (방배동),근린생활1,제1종근린생활시설,102314949,지번
1165010200103410000,서울특별시 서초구 양재동,서울특별시 서초구 강남대로8길 70 (양재동),근린생활2,제2종근린생활시설,102319499,지번
1165010100108720002,서울특별시 서초구 방배동,서울특별시 서초구 서초대로19길 2 (방배동),근린생활2,제2종근린생활시설,102313614,지번
1165010100107680003,서울특별시 서초구 방배동,서울특별시 서초구 방배중앙로 181 (방배동),근린생활1,제2종근린생활시설,1000000000000001475292,지번
1165010200103330005,서울특별시 서초구 양재동,서울특별시 서초구 동산로 28 (양재동),근린생활1,제1종근린생활시설,102319414,지번
1165010600100130005,서울특별시 서초구 잠원동,서울특별시 서초구 강남대로101길 7 (잠원동),근린생활2,제1종근린생활시설,10231100279635,지번
1165010800113290009,서울특별시 서초구 서초동,서울특별시 서초구 사임당로 181 (서초동),근린생활1,제1종근린생활시설,1023114314,지번
1165010100107810001,서울특별시 서초구 방배동,서울특별시 서초구 방배중앙로25길 37 (방배동),근린생활1,제1종근린생활시설,102312322,지번
1165010200103860016,서울특별시 서초구 양재동,서울특별시 서초구 동산로14길 33 (양재동),근린생활2,제2종근린생활시설,102319762,지번
1165010800116470002,서울특별시 서초구 서초동,서울특별시 서초구 사임당로 105 (서초동),근린생활2,제2종근린생활시설,1023116702,지번
1165011100102610010,서울특별시 서초구 신원동,,근린생활1,노유자시설,1000000000000000413061,지번
1165010100108630004,서울특별시 서초구 방배동,서울특별시 서초구 도구로 123-2 (방배동),근린생활2,제2종근린생활시설,102313466,지번
1165010200103170008,서울특별시 서초구 양재동,서울특별시 서초구 마방로2길 81 (양재동),근린생활2,제2종근린생활시설,102319309,지번
1165010200100950000,서울특별시 서초구 양재동,서울특별시 서초구 논현로27길 103 (양재동),근린생활1,제1종근린생활시설,102318445,지번
1165010200103150003,서울특별시 서초구 양재동,서울특별시 서초구 마방로2길 50 (양재동),근린생활1,제2종근린생활시설,1000000000000004191245,지번
1165010800115230006,서울특별시 서초구 서초동,서울특별시 서초구 반포대로19길 21 (서초동),근린생활2,제2종근린생활시설,1023115508,지번
1165010800116590018,서울특별시 서초구 서초동,서울특별시 서초구 서초대로54길 34 (서초동),근린생활2,제2종근린생활시설,1023116811,지번
1165010800113080024,서울특별시 서초구 서초동,서울특별시 서초구 서초대로73길 38 (서초동),근린생활2,제2종근린생활시설,10231100181728,지번
1165010100108300022,서울특별시 서초구 방배동,서울특별시 서초구 방배중앙로 107-1 (방배동),근린생활1,제1종근린생활시설,102313020,지번
1165010200102560007,서울특별시 서초구 양재동,서울특별시 서초구 언남9길 10 (양재동),근린생활1,제1종근린생활시설,102318852,지번
1165010200102810001,서울특별시 서초구 양재동,서울특별시 서초구 언남20길 6 (양재동),근린생활2,제2종근린생활시설,102319097,지번
1165010200103270008,서울특별시 서초구 양재동,서울특별시 서초구 강남대로10길 37 (양재동),근린생활2,제2종근린생활시설,102319361,지번
1165010200103790000,서울특별시 서초구 양재동,서울특별시 서초구 동산로12길 15 (양재동),근린생활1,공동주택,10231100272815,지번
1165010200103170001,서울특별시 서초구 양재동,서울특별시 서초구 강남대로12길 23-13 (양재동),근린생활2,제2종근린생활시설,102319307,지번
1165010100108720014,서울특별시 서초구 방배동,서울특별시 서초구 서초대로23길 9 (방배동),근린생활2,제2종근린생활시설,102313625,지번
1165010100108360003,서울특별시 서초구 방배동,서울특별시 서초구 방배로 195 (방배동),근린생활2,제2종근린생활시설,102316892,지번
1165010200104020002,서울특별시 서초구 양재동,서울특별시 서초구 논현로 9 (양재동),근린생활2,공동주택,10231100285755,지번
1165010100105110069,서울특별시 서초구 방배동,서울특별시 서초구 방배선행길 12 (방배동),근린생활1,제1종근린생활시설,10231100243294,지번
1165010100109050007,서울특별시 서초구 방배동,서울특별시 서초구 방배로16길 11-3 (방배동),근린생활2,제2종근린생활시설,102314015,지번
1165010100109050001,서울특별시 서초구 방배동,서울특별시 서초구 방배로 120 (방배동),근린생활1,제1종근린생활시설,10231100213131,지번
1165010100109080019,서울특별시 서초구 방배동,서울특별시 서초구 효령로33길 15 (방배동),근린생활2,제2종근린생활시설,10231100214254,지번
1165010100104400006,서울특별시 서초구 방배동,서울특별시 서초구 동작대로 52 (방배동),근린생활2,제2종근린생활시설,102311019,지번
1165010100114240000,서울특별시 서초구 방배동,서울특별시 서초구 동광로12가길 7 (방배동),근린생활2,제2종근린생활시설,102315664,지번
1165010700100520002,서울특별시 서초구 반포동,서울특별시 서초구 고무래로10길 5 (반포동),근린생활2,제2종근린생활시설,10231100248125,지번
1165010200100900004,서울특별시 서초구 양재동,서울특별시 서초구 양재천로 131 (양재동),근린생활2,제2종근린생활시설,10231100250994,지번
1165010800113020015,서울특별시 서초구 서초동,서울특별시 서초구 사평대로52길 2 (서초동),근린생활2,제2종근린생활시설,1023114170,지번
1165010100109780032,서울특별시 서초구 방배동,서울특별시 서초구 효령로 81 (방배동),근린생활2,제2종근린생활시설,102315423,지번
1165010600100240011,서울특별시 서초구 잠원동,서울특별시 서초구 강남대로95길 48-58 (잠원동),근린생활2,제2종근린생활시설,1023111330,지번
1165010800116670013,서울특별시 서초구 서초동,서울특별시 서초구 사임당로17길 91 (서초동),근린생활2,제2종근린생활시설,1023116870,지번
1165010200102710007,서울특별시 서초구 양재동,서울특별시 서초구 언남11길 16-16 (양재동),근린생활2,제2종근린생활시설,102319003,지번
1165010800115020005,서울특별시 서초구 서초동,서울특별시 서초구 서초대로38길 41-1 (서초동),근린생활1,제1종근린생활시설,1023115339,지번
1165010100107610010,서울특별시 서초구 방배동,서울특별시 서초구 방배중앙로27길 8 (방배동),근린생활2,제2종근린생활시설,102312071,지번
1165010800115440010,서울특별시 서초구 서초동,서울특별시 서초구 서초대로42길 66 (서초동),근린생활2,제2종근린생활시설,1000000000000003347233,지번
1165010800116580003,서울특별시 서초구 서초동,서울특별시 서초구 서초대로52길 23 (서초동),근린생활2,제2종근린생활시설,1023116776,지번
1165010200100110012,서울특별시 서초구 양재동,서울특별시 서초구 남부순환로 2614-10 (양재동),근린생활2,제2종근린생활시설,1000000000000001500128,지번
1165010200100020002,서울특별시 서초구 양재동,서울특별시 서초구 남부순환로 2646 (양재동),근린생활1,제1종근린생활시설,102317797,지번
1165010200102100007,서울특별시 서초구 양재동,서울특별시 서초구 매헌로 38 (양재동),근린생활2,업무시설,10231100290175,지번
1165010800116580014,서울특별시 서초구 서초동,서울특별시 서초구 서초중앙로20길 19-11 (서초동),근린생활2,제2종근린생활시설,1023116786,지번
1165010300106100001,서울특별시 서초구 우면동,서울특별시 서초구 식유촌길 51-2 (우면동),근린생활1,제1종근린생활시설,1023110891,지번
1165010800116570003,서울특별시 서초구 서초동,,근린생활1,업무시설,1000000000000006650592,지번
1165010100107650006,서울특별시 서초구 방배동,서울특별시 서초구 동광로1길 65-1 (방배동),근린생활2,제2종근린생활시설,102312134,지번
1165010800117140008,서울특별시 서초구 서초동,서울특별시 서초구 법원로4길 36 (서초동),근린생활2,제2종근린생활시설,1023117090,지번
1165010800116280020,서울특별시 서초구 서초동,서울특별시 서초구 사임당로 74 (서초동),근린생활1,제1종근린생활시설,1023116469,지번
1165010800116260001,서울특별시 서초구 서초동,서울특별시 서초구 사임당로10길 1 (서초동),근린생활1,제1종근린생활시설,1023116443,지번
1165010700100740003,서울특별시 서초구 반포동,서울특별시 서초구 서래로6길 30 (반포동),근린생활2,제2종근린생활시설,10231100204789,지번
1165010300106860002,서울특별시 서초구 우면동,서울특별시 서초구 성촌1길 20 (우면동),근린생활2,제2종근린생활시설,10231100235954,지번
1165010900101700009,서울특별시 서초구 내곡동,서울특별시 서초구 능안말1길 11-6 (내곡동),근린생활1,제1종근린생활시설,10231100204252,지번
1165010800114760008,서울특별시 서초구 서초동,서울특별시 서초구 반포대로5길 32 (서초동),근린생활2,제2종근린생활시설,10231100184048,지번
1165010600100120021,서울특별시 서초구 잠원동,서울특별시 서초구 강남대로 615 (잠원동),근린생활2,제2종근린생활시설,1023111224,지번
1165010600100130003,서울특별시 서초구 잠원동,서울특별시 서초구 강남대로101길 11 (잠원동),근린생활2,제1종근린생활시설,1000000000000003797824,지번
1165010800113490011,서울특별시 서초구 서초동,서울특별시 서초구 효령로72길 34 (서초동),근린생활2,제2종근린생활시설,1023114438,지번
1165010800115030007,서울특별시 서초구 서초동,서울특별시 서초구 서초대로40길 50 (서초동),근린생활2,제2종근린생활시설,1023115346,지번
1165010800115770002,서울특별시 서초구 서초동,서울특별시 서초구 서초대로50길 75 (서초동),근린생활1,제1종근린생활시설,1023115947,지번
1165010800116680006,서울특별시 서초구 서초동,서울특별시 서초구 서초대로58길 27 (서초동),근린생활2,제2종근린생활시설,1023116875,지번
1165010800116700001,서울특별시 서초구 서초동,서울특별시 서초구 서초대로54길 11 (서초동),근린생활2,업무시설,1000000000000007392836,지번
1165010900100012670,서울특별시 서초구 내곡동,서울특별시 서초구 헌인릉길 9 (내곡동),근린생활1,제1종근린생활시설,1023118432,지번
1165010100108270004,서울특별시 서초구 방배동,서울특별시 서초구 동광로10길 27-7 (방배동),근린생활2,제2종근린생활시설,102312929,지번
1165010200100680000,서울특별시 서초구 양재동,서울특별시 서초구 바우뫼로33길 7-4 (양재동),근린생활2,제2종근린생활시설,102318276,지번
1165010200103480000,서울특별시 서초구 양재동,서울특별시 서초구 강남대로8길 24-8 (양재동),근린생활2,제2종근린생활시설,102319571,지번
1165010100104670003,서울특별시 서초구 방배동,서울특별시 서초구 청두곶3길 22 (방배동),근린생활2,제2종근린생활시설,102311404,지번
1165010800114870118,서울특별시 서초구 서초동,서울특별시 서초구 명달로 42 (서초동),근린생활2,공동주택,10231100266275,지번
1165010800115550003,서울특별시 서초구 서초동,서울특별시 서초구 반포대로30길 34 (서초동),근린생활2,제2종근린생활시설,1023115715,지번
1165010100104740037,서울특별시 서초구 방배동,서울특별시 서초구 방배천로2길 55 (방배동),근린생활2,제2종근린생활시설,102311484,지번
1165010100108160017,서울특별시 서초구 방배동,서울특별시 서초구 방배로31길 28 (방배동),근린생활2,제2종근린생활시설,102312746,지번
1165010300100020005,서울특별시 서초구 우면동,서울특별시 서초구 바우뫼로 16 (우면동),근린생활2,공동주택,10231100261275,지번
1165010100104480037,서울특별시 서초구 방배동,서울특별시 서초구 방배천로2길 37 (방배동),근린생활1,제1종근린생활시설,102311072,지번
1165010900101960020,서울특별시 서초구 내곡동,서울특별시 서초구 안골길 4 (내곡동),근린생활2,제2종근린생활시설,1023118578,지번
1165010100108150005,서울특별시 서초구 방배동,서울특별시 서초구 서초대로23길 101-8 (방배동),근린생활2,제2종근린생활시설,102312716,지번
1165010100108770011,서울특별시 서초구 방배동,서울특별시 서초구 서초대로27길 8 (방배동),근린생활2,제2종근린생활시설,102313692,지번
1165010800115500008,서울특별시 서초구 서초동,서울특별시 서초구 반포대로28길 24 (서초동),근린생활2,제2종근린생활시설,1023115669,지번
1165010100109920010,서울특별시 서초구 방배동,서울특별시 서초구 남부순환로309길 62 (방배동),근린생활2,제2종근린생활시설,102315548,지번
1165010100110020015,서울특별시 서초구 방배동,서울특별시 서초구 명달로 51 (방배동),근린생활2,제2종근린생활시설,102315604,지번
1165010100116470000,서울특별시 서초구 방배동,서울특별시 서초구 동광로12가길 34 (방배동),근린생활2,제2종근린생활시설,102315707,지번
1165010200100870002,서울특별시 서초구 양재동,서울특별시 서초구 양재천로 147-11 (양재동),근린생활2,제2종근린생활시설,102318367,지번
1165010100109380025,서울특별시 서초구 방배동,서울특별시 서초구 방배로23길 30 (방배동),근린생활1,제1종근린생활시설,102314583,지번
1165010600100320008,서울특별시 서초구 잠원동,서울특별시 서초구 신반포로41길 45 (잠원동),근린생활2,제2종근린생활시설,1023111441,지번
1165010700100040014,서울특별시 서초구 반포동,서울특별시 서초구 신반포로15길 14 (반포동),근린생활1,제1종근린생활시설,1023112023,지번
1165010700100470005,서울특별시 서초구 반포동,서울특별시 서초구 서초중앙로29길 26 (반포동),근린생활2,제2종근린생활시설,1023112059,지번
1165010700100490012,서울특별시 서초구 반포동,서울특별시 서초구 서초중앙로31길 20 (반포동),근린생활2,제2종근린생활시설,1023112070,지번
1165010700100540003,서울특별시 서초구 반포동,서울특별시 서초구 고무래로8길 9 (반포동),근린생활2,제2종근린생활시설,1023112102,지번
1165010700100540015,서울특별시 서초구 반포동,서울특별시 서초구 고무래로8길 7 (반포동),근린생활2,제2종근린생활시설,1023112110,지번
1165010700100550011,서울특별시 서초구 반포동,서울특별시 서초구 고무래로8길 10 (반포동),근린생활2,제2종근린생활시설,1023112122,지번
1165010700100580002,서울특별시 서초구 반포동,서울특별시 서초구 고무래로 6-7 (반포동),근린생활2,제2종근린생활시설,1023112131,지번
1165010800116750009,서울특별시 서초구 서초동,서울특별시 서초구 서초중앙로22길 67 (서초동),근린생활1,제1종근린생활시설,1023116927,지번
1165010200103460000,서울특별시 서초구 양재동,서울특별시 서초구 강남대로8길 36 (양재동),근린생활2,제2종근린생활시설,102319555,지번
1165011000101040000,서울특별시 서초구 염곡동,서울특별시 서초구 염곡안길 15 (염곡동),근린생활1,제1종근린생활시설,1023118768,지번
1165010800116700011,서울특별시 서초구 서초동,서울특별시 서초구 서초중앙로22길 47-6 (서초동),근린생활2,제2종근린생활시설,1023116906,지번
1165010200101170005,서울특별시 서초구 양재동,서울특별시 서초구 강남대로23길 87 (양재동),근린생활2,제2종근린생활시설,10231100278115,지번
1165010800115110013,서울특별시 서초구 서초동,서울특별시 서초구 반포대로21길 34 (서초동),근린생활1,제2종근린생활시설,10231100278915,지번
1165010800116100006,서울특별시 서초구 서초동,서울특별시 서초구 효령로67길 71-13 (서초동),근린생활2,제2종근린생활시설,1023116222,지번
1165010200100080018,서울특별시 서초구 양재동,서울특별시 서초구 남부순환로358길 38 (양재동),근린생활2,제2종근린생활시설,102317919,지번
1165010100108640037,서울특별시 서초구 방배동,서울특별시 서초구 도구로 119-2 (방배동),근린생활1,제1종근린생활시설,102317005,지번
1165010800115060005,서울특별시 서초구 서초동,서울특별시 서초구 명달로 122-2 (서초동),근린생활2,제2종근린생활시설,1023115364,지번
1165010100108590004,서울특별시 서초구 방배동,서울특별시 서초구 방배천로30길 27 (방배동),근린생활2,제2종근린생활시설,102313420,지번
1165010100108600006,서울특별시 서초구 방배동,서울특별시 서초구 방배천로30길 26 (방배동),근린생활1,제1종근린생활시설,102313423,지번
1165010400104190001,서울특별시 서초구 원지동,서울특별시 서초구 원터6길 5 (원지동),근린생활2,제2종근린생활시설,1023111106,지번
1165010700100570005,서울특별시 서초구 반포동,서울특별시 서초구 서초중앙로 247 (반포동),근린생활2,제2종근린생활시설,1023112129,지번
1165010800114280005,서울특별시 서초구 서초동,서울특별시 서초구 남부순환로333길 27 (서초동),근린생활1,제1종근린생활시설,1023114729,지번
1165010900100011251,서울특별시 서초구 내곡동,서울특별시 서초구 신흥안길 2-12 (내곡동),근린생활2,제2종근린생활시설,1023118334,지번
1165011000103020001,서울특별시 서초구 염곡동,서울특별시 서초구 헌릉로 15-22 (염곡동),근린생활1,제1종근린생활시설,1023118906,지번
1165010600100090020,서울특별시 서초구 잠원동,서울특별시 서초구 나루터로15길 42 (잠원동),근린생활2,제2종근린생활시설,1023111160,지번
1165010600100140007,서울특별시 서초구 잠원동,서울특별시 서초구 나루터로15길 15 (잠원동),근린생활1,제1종근린생활시설,1023111242,지번
1165010800115880011,서울특별시 서초구 서초동,서울특별시 서초구 반포대로12길 51 (서초동),근린생활2,제2종근린생활시설,1023116030,지번
1165010200103160009,서울특별시 서초구 양재동,서울특별시 서초구 마방로2길 94 (양재동),근린생활2,제2종근린생활시설,102319305,지번
1165010200102620004,서울특별시 서초구 양재동,서울특별시 서초구 마방로 40 (양재동),근린생활2,제2종근린생활시설,102318892,지번
1165010100107630030,서울특별시 서초구 방배동,서울특별시 서초구 동광로3길 119 (방배동),근린생활2,제2종근린생활시설,102316591,지번
1165010800114590011,서울특별시 서초구 서초동,서울특별시 서초구 반포대로10길 7 (서초동),근린생활2,제2종근린생활시설,1023114972,지번
1165010100108770014,서울특별시 서초구 방배동,서울특별시 서초구 서초대로 119 (방배동),근린생활2,제2종근린생활시설,102313695,지번
1165010100110220002,서울특별시 서초구 방배동,서울특별시 서초구 방배로8길 6 (방배동),근린생활2,제2종근린생활시설,102315636,지번
1165010200101160006,서울특별시 서초구 양재동,서울특별시 서초구 양재천로3길 2 (양재동),근린생활2,제2종근린생활시설,102318568,지번
1165010200102570010,서울특별시 서초구 양재동,서울특별시 서초구 언남9길 28 (양재동),근린생활2,제2종근린생활시설,102318864,지번
1165010800115110014,서울특별시 서초구 서초동,서울특별시 서초구 반포대로21길 30 (서초동),근린생활1,제1종근린생활시설,1023115475,지번
1165010200102920001,서울특별시 서초구 양재동,서울특별시 서초구 언남12길 30 (양재동),근린생활1,창고시설,102319182,지번
1165010200102920001,서울특별시 서초구 양재동,서울특별시 서초구 언남12길 30 (양재동),근린생활1,제1종근린생활시설,102319183,지번
1165010700100650002,서울특별시 서초구 반포동,서울특별시 서초구 사평대로 152 (반포동),근린생활2,제2종근린생활시설,1023112158,지번
1165010800114430016,서울특별시 서초구 서초동,서울특별시 서초구 남부순환로339길 65 (서초동),근린생활1,제1종근린생활시설,1023114844,지번
1165010800115560006,서울특별시 서초구 서초동,서울특별시 서초구 반포대로28길 51 (서초동),근린생활2,제2종근린생활시설,1023115733,지번
1165010800116570008,서울특별시 서초구 서초동,서울특별시 서초구 서초대로52길 22 (서초동),근린생활2,제2종근린생활시설,1023116771,지번
1165010800116960003,서울특별시 서초구 서초동,서울특별시 서초구 서초중앙로26길 18 (서초동),근린생활1,제1종근린생활시설,1023116991,지번
1165011100100260006,서울특별시 서초구 신원동,서울특별시 서초구 새정1길 16-3 (신원동),근린생활2,제2종근린생활시설,1023118964,지번
1165010100108290023,서울특별시 서초구 방배동,서울특별시 서초구 방배천로34길 2 (방배동),근린생활2,제2종근린생활시설,102312989,지번
1165010100109090009,서울특별시 서초구 방배동,서울특별시 서초구 방배로 81 (방배동),근린생활1,제1종근린생활시설,102314088,지번
1165010600100100019,서울특별시 서초구 잠원동,서울특별시 서초구 강남대로109길 73-33 (잠원동),근린생활2,제2종근린생활시설,1023111170,지번
1165010800114310010,서울특별시 서초구 서초동,서울특별시 서초구 남부순환로335길 41 (서초동),근린생활2,제2종근린생활시설,1023114754,지번
1165010700107050008,서울특별시 서초구 반포동,서울특별시 서초구 주흥16길 23 (반포동),근린생활2,제2종근린생활시설,1023112641,지번
1165010200100190012,서울특별시 서초구 양재동,서울특별시 서초구 바우뫼로41길 13 (양재동),근린생활1,제1종근린생활시설,102318213,지번
1165010200101380004,서울특별시 서초구 양재동,서울특별시 서초구 바우뫼로 101 (양재동),근린생활2,제2종근린생활시설,1023110138,지번
1165010100108280032,서울특별시 서초구 방배동,서울특별시 서초구 방배중앙로15길 36 (방배동),근린생활1,제1종근린생활시설,102312970,지번
1165010800113640012,서울특별시 서초구 서초동,서울특별시 서초구 강남대로37길 60 (서초동),근린생활2,제2종근린생활시설,1023114622,지번
1165010100107530002,서울특별시 서초구 방배동,서울특별시 서초구 동작대로 234 (방배동),근린생활2,제2종근린생활시설,102312052,지번
1165010100108130001,서울특별시 서초구 방배동,서울특별시 서초구 동광로 66 (방배동),근린생활2,제2종근린생활시설,102312692,지번
1165010200100120004,서울특별시 서초구 양재동,서울특별시 서초구 남부순환로350길 8 (양재동),근린생활2,제2종근린생활시설,102318101,지번
1165010200101040005,서울특별시 서초구 양재동,서울특별시 서초구 바우뫼로20길 25 (양재동),근린생활2,제2종근린생활시설,102318505,지번
1165011100104500001,서울특별시 서초구 신원동,서울특별시 서초구 본마을2길 9-6 (신원동),근린생활1,제1종근린생활시설,10231100248194,지번
1165010600100380015,서울특별시 서초구 잠원동,서울특별시 서초구 신반포로47길 18-6 (잠원동),근린생활2,제2종근린생활시설,1023111536,지번
1165010700100930007,서울특별시 서초구 반포동,서울특별시 서초구 서래로 50 (반포동),근린생활2,제2종근린생활시설,1023112267,지번
1165010700107010012,서울특별시 서초구 반포동,서울특별시 서초구 신반포로 308 (반포동),근린생활2,제2종근린생활시설,1023112582,지번
1165010800115500017,서울특별시 서초구 서초동,서울특별시 서초구 반포대로28길 18-9 (서초동),근린생활2,제2종근린생활시설,1023115676,지번
1165010600100210003,서울특별시 서초구 잠원동,서울특별시 서초구 강남대로 597 (잠원동),근린생활1,제1종근린생활시설,1023111284,지번
1165010600100430013,서울특별시 서초구 잠원동,서울특별시 서초구 신반포로45길 29-16 (잠원동),근린생활2,제2종근린생활시설,1023111592,지번
1165010200102680007,서울특별시 서초구 양재동,서울특별시 서초구 마방로10길 34-18 (양재동),근린생활2,제2종근린생활시설,102318971,지번
1165010200103740003,서울특별시 서초구 양재동,서울특별시 서초구 동산로8길 41 (양재동),근린생활2,제2종근린생활시설,102319722,지번
1165010200100990000,서울특별시 서초구 양재동,서울특별시 서초구 양재천로21길 8 (양재동),근린생활2,제2종근린생활시설,102318493,지번
1165010800116660013,서울특별시 서초구 서초동,서울특별시 서초구 서초대로56길 40 (서초동),근린생활2,업무시설,1023116861,지번
1165010800116480010,서울특별시 서초구 서초동,서울특별시 서초구 사임당로 91 (서초동),근린생활2,제2종근린생활시설,1023116707,지번
1165010800116650008,서울특별시 서초구 서초동,서울특별시 서초구 사임당로17길 65 (서초동),근린생활2,제2종근린생활시설,1023116837,지번
1165011100101920010,서울특별시 서초구 신원동,서울특별시 서초구 청룡마을1길 15 (신원동),근린생활1,제1종근린생활시설,1023118993,지번
1165010100108230002,서울특별시 서초구 방배동,서울특별시 서초구 동광로10길 2 (방배동),근린생활2,제2종근린생활시설,102312886,지번
1165010600100220020,서울특별시 서초구 잠원동,서울특별시 서초구 강남대로97길 16 (잠원동),근린생활2,제2종근린생활시설,1023111304,지번
1165010100104490006,서울특별시 서초구 방배동,서울특별시 서초구 방배천로2길 21 (방배동),근린생활2,제2종근린생활시설,102311075,지번
1165010800116220006,서울특별시 서초구 서초동,서울특별시 서초구 서초중앙로8길 17 (서초동),근린생활2,제2종근린생활시설,1023116409,지번
1165010800114870032,서울특별시 서초구 서초동,서울특별시 서초구 명달로8길 21 (서초동),근린생활2,제2종근린생활시설,1023115195,지번
1165010800115030010,서울특별시 서초구 서초동,,근린생활2,제1종근린생활시설,1023115349,지번
1165010100109840004,서울특별시 서초구 방배동,서울특별시 서초구 효령로 132 (방배동),근린생활1,제1종근린생활시설,10231100203901,지번
1165010700107160020,서울특별시 서초구 반포동,서울특별시 서초구 주흥길 55 (반포동),근린생활2,제2종근린생활시설,1023112770,지번
1165010200103560000,서울특별시 서초구 양재동,서울특별시 서초구 강남대로6길 50 (양재동),근린생활2,제2종근린생활시설,102319621,지번
1165010800113580008,서울특별시 서초구 서초동,서울특별시 서초구 강남대로41길 8 (서초동),근린생활1,제1종근린생활시설,1023114520,지번
1165010800114250013,서울특별시 서초구 서초동,서울특별시 서초구 남부순환로 2461 (서초동),근린생활1,제1종근린생활시설,1023114704,지번
1165010100108700035,서울특별시 서초구 방배동,서울특별시 서초구 서초대로15길 8-17 (방배동),근린생활2,제2종근린생활시설,1000000000000007291005,지번
1165010200104020012,서울특별시 서초구 양재동,서울특별시 서초구 논현로1길 39 (양재동),근린생활1,제1종근린생활시설,102319865,지번
1165010200103260007,서울특별시 서초구 양재동,서울특별시 서초구 강남대로 48-6 (양재동),근린생활1,제1종근린생활시설,102319352,지번
1165010700107320029,서울특별시 서초구 반포동,서울특별시 서초구 강남대로83길 64-2 (반포동),근린생활2,제2종근린생활시설,10231100197509,지번
1165010200100170043,서울특별시 서초구 양재동,서울특별시 서초구 강남대로30길 38 (양재동),근린생활2,제2종근린생활시설,102318201,지번
1165010100110010034,서울특별시 서초구 방배동,서울특별시 서초구 명달로9길 6 (방배동),근린생활2,제2종근린생활시설,102315594,지번
1165010200103340001,서울특별시 서초구 양재동,서울특별시 서초구 동산로6길 16 (양재동),근린생활2,제2종근린생활시설,102319427,지번
1165010800115020001,서울특별시 서초구 서초동,서울특별시 서초구 반포대로27길 23 (서초동),근린생활1,제1종근린생활시설,1023115336,지번
1165010100107970019,서울특별시 서초구 방배동,서울특별시 서초구 동광로 97 (방배동),근린생활2,제2종근린생활시설,102312580,지번
1165010600100680000,서울특별시 서초구 잠원동,서울특별시 서초구 잠원로 36 (잠원동),근린생활2,제2종근린생활시설,10231100216561,지번
1165010200100660000,서울특별시 서초구 양재동,서울특별시 서초구 강남대로27길 15-5 (양재동),근린생활1,제1종근린생활시설,102318268,지번
1165010600100440003,서울특별시 서초구 잠원동,,근린생활2,제2종근린생활시설,1000000000000007504481,지번
1165010700100580003,서울특별시 서초구 반포동,서울특별시 서초구 고무래로 10-7 (반포동),근린생활2,제2종근린생활시설,1023112132,지번
1165010700101070029,서울특별시 서초구 반포동,서울특별시 서초구 사평대로18길 29 (반포동),근린생활2,제2종근린생활시설,1023112339,지번
1165010800116600002,서울특별시 서초구 서초동,서울특별시 서초구 서초중앙로20길 16 (서초동),근린생활2,제2종근린생활시설,1023116815,지번
1165010700100190004,서울특별시 서초구 반포동,서울특별시 서초구 신반포로 194 (반포동),근린생활,자동차관련시설,10231100204059,지번
1165010700100190004,서울특별시 서초구 반포동,서울특별시 서초구 신반포로 194 (반포동),근린생활,제1종근린생활시설,10231100204392,지번
1165010700100190004,서울특별시 서초구 반포동,서울특별시 서초구 신반포로 194 (반포동),근린생활,업무시설,1023112041,지번
1165010700100190004,서울특별시 서초구 반포동,서울특별시 서초구 신반포로 194 (반포동),근린생활,근린생활시설,1023113432,지번
1165010800116840001,서울특별시 서초구 서초동,서울특별시 서초구 고무래로 90-7 (서초동),판매시설,판매시설,1023118183,지번
1165010800114350017,서울특별시 서초구 서초동,서울특별시 서초구 남부순환로337가길 71 (서초동),근린생활1,제1종근린생활시설,1023114787,지번
1165010700100520008,서울특별시 서초구 반포동,서울특별시 서초구 서초중앙로 229 (반포동),근린생활1,제1종근린생활시설,1023112094,지번
1165010200101200006,서울특별시 서초구 양재동,서울특별시 서초구 양재천로 67 (양재동),근린생활2,제2종근린생활시설,102318589,지번
1165010800113170000,서울특별시 서초구 서초동,서울특별시 서초구 강남대로61길 13 (서초동),근린생활2,제2종근린생활시설,1023114262,지번
1165010100109050012,서울특별시 서초구 방배동,서울특별시 서초구 방배로16길 11-12 (방배동),근린생활1,제1종근린생활시설,102314019,지번
1165010800114870003,서울특별시 서초구 서초동,서울특별시 서초구 효령로 202 (서초동),근린생활2,제2종근린생활시설,1023115171,지번
1165010100108500007,서울특별시 서초구 방배동,서울특별시 서초구 서초대로27길 55-6 (방배동),근린생활2,제2종근린생활시설,102316944,지번
1165010100108210003,서울특별시 서초구 방배동,서울특별시 서초구 방배중앙로19길 1 (방배동),근린생활2,제2종근린생활시설,102312858,지번
1165010200102480000,서울특별시 서초구 양재동,서울특별시 서초구 마방로2길 15-8 (양재동),근린생활1,제1종근린생활시설,102318780,지번
1165010600100380008,서울특별시 서초구 잠원동,서울특별시 서초구 강남대로91길 13 (잠원동),근린생활1,제1종근린생활시설,10231100185148,지번
1165010200102760013,서울특별시 서초구 양재동,서울특별시 서초구 논현로17길 22 (양재동),근린생활2,제2종근린생활시설,102319055,지번
1165010200100180008,서울특별시 서초구 양재동,서울특별시 서초구 바우뫼로41길 43 (양재동),근린생활2,제2종근린생활시설,102318207,지번
1165010700107220020,서울특별시 서초구 반포동,,근린생활1,제1종근린생활시설,10231100251927,지번
