PNU,지번주소,도로명주소,용도군_tier1,대장_주용도,mgmBldrgstPk,매칭
1153010200101470004,서울특별시 구로구 구로동,서울특별시 구로구 도림로 90 (구로동),근린생활1,제1종근린생활시설,1018111665,지번
1153010200104420088,서울특별시 구로구 구로동,서울특별시 구로구 구로중앙로26길 10 (구로동),근린생활1,제1종근린생활시설,101819713,지번
1153010200101450015,서울특별시 구로구 구로동,서울특별시 구로구 도림로 83 (구로동),근린생활2,제2종근린생활시설,1018112844,지번
1153010200107300005,서울특별시 구로구 구로동,서울특별시 구로구 구로동로26길 55 (구로동),근린생활1,제1종근린생활시설,1018113287,지번
1153010200104610003,서울특별시 구로구 구로동,서울특별시 구로구 구로동로 183 (구로동),근린생활1,제2종근린생활시설,1018115425,지번
1153010700104030089,서울특별시 구로구 개봉동,서울특별시 구로구 개봉로 21-1 (개봉동),근린생활1,제1종근린생활시설,1018113126,지번
1153010200103130073,서울특별시 구로구 구로동,서울특별시 구로구 구로동로26길 101 (구로동),근린생활1,제1종근린생활시설,1018119369,지번
1153010600101670030,서울특별시 구로구 고척동,서울특별시 구로구 고척로51길 5 (고척동),근린생활1,제1종근린생활시설,1018118570,지번
1153010300101230043,서울특별시 구로구 가리봉동,서울특별시 구로구 우마2길 16 (가리봉동),근린생활1,제1종근린생활시설,1018123103,지번
1153010300101310028,서울특별시 구로구 가리봉동,서울특별시 구로구 디지털로19길 30-4 (가리봉동),근린생활1,단독주택,101812104,지번
1153010300101310028,서울특별시 구로구 가리봉동,서울특별시 구로구 디지털로19길 36 (가리봉동),근린생활1,제1종근린생활시설,101812105,지번
1153010300101310028,서울특별시 구로구 가리봉동,서울특별시 구로구 디지털로19길 30-3 (가리봉동),근린생활1,단독주택,101812106,지번
1153010700103480010,서울특별시 구로구 개봉동,서울특별시 구로구 개봉로3길 6 (개봉동),근린생활1,제1종근린생활시설,1018112201,지번
1153010200112810000,서울특별시 구로구 구로동,서울특별시 구로구 가마산로 87 (구로동),근린생활2,공동주택,10181100183919,지번
1153010200112810000,서울특별시 구로구 구로동,서울특별시 구로구 가마산로 87 (구로동),근린생활2,제2종근린생활시설,101812294,지번
1153010200112810000,서울특별시 구로구 구로동,서울특별시 구로구 가마산로 87 (구로동),근린생활2,공동주택,101812299,지번
1153010200112810000,서울특별시 구로구 구로동,서울특별시 구로구 가마산로 87 (구로동),근린생활2,공동주택,101812300,지번
1153010200112810000,서울특별시 구로구 구로동,서울특별시 구로구 가마산로 87 (구로동),근린생활2,공동주택,101812301,지번
1153010200112810000,서울특별시 구로구 구로동,서울특별시 구로구 가마산로 87 (구로동),근린생활2,공동주택,101812302,지번
1153010200112810000,서울특별시 구로구 구로동,서울특별시 구로구 가마산로 87 (구로동),근린생활2,공동주택,101812303,지번
1153010200112810000,서울특별시 구로구 구로동,서울특별시 구로구 가마산로 87 (구로동),근린생활2,공동주택,101812304,지번
1153010200111320005,서울특별시 구로구 구로동,서울특별시 구로구 시흥대로161가길 13 (구로동),근린생활2,제2종근린생활시설,10181100192736,지번
1153010700104760000,서울특별시 구로구 개봉동,서울특별시 구로구 경인로 382 (개봉동),근린생활1,공동주택,101814394,지번
1153010700104760000,서울특별시 구로구 개봉동,서울특별시 구로구 경인로 382 (개봉동),근린생활1,공동주택,101814395,지번
1153010700104760000,서울특별시 구로구 개봉동,서울특별시 구로구 경인로 382 (개봉동),근린생활1,공동주택,101814396,지번
1153010700104760000,서울특별시 구로구 개봉동,서울특별시 구로구 경인로 382 (개봉동),근린생활1,공동주택,101814397,지번
1153010700104760000,서울특별시 구로구 개봉동,서울특별시 구로구 경인로 382 (개봉동),근린생활1,노유자시설,101814398,지번
1153010700104760000,서울특별시 구로구 개봉동,서울특별시 구로구 경인로 382 (개봉동),근린생활1,제1종근린생활시설,101814399,지번
1153010700104760000,서울특별시 구로구 개봉동,서울특별시 구로구 경인로 382 (개봉동),근린생활1,제1종근린생활시설,101814400,지번
1153010700104760000,서울특별시 구로구 개봉동,서울특별시 구로구 경인로 382 (개봉동),근린생활1,공동주택,101814401,지번
1153010700104760000,서울특별시 구로구 개봉동,서울특별시 구로구 경인로 382 (개봉동),근린생활1,공동주택,101814402,지번
1153010700104760000,서울특별시 구로구 개봉동,서울특별시 구로구 경인로 382 (개봉동),근린생활1,공동주택,101814403,지번
1153010700104760000,서울특별시 구로구 개봉동,서울특별시 구로구 경인로 382 (개봉동),근린생활1,공동주택,101814404,지번
1153010700104760000,서울특별시 구로구 개봉동,서울특별시 구로구 경인로 382 (개봉동),근린생활1,공동주택,101814405,지번
1153010700104760000,서울특별시 구로구 개봉동,서울특별시 구로구 경인로 382 (개봉동),근린생활1,공동주택,101814406,지번
1153010700104760000,서울특별시 구로구 개봉동,서울특별시 구로구 경인로 382 (개봉동),근린생활1,공동주택,101814407,지번
1153010700104760000,서울특별시 구로구 개봉동,서울특별시 구로구 경인로 382 (개봉동),근린생활1,공동주택,101814408,지번
1153010700104760000,서울특별시 구로구 개봉동,서울특별시 구로구 경인로 382 (개봉동),근린생활1,공동주택,101814409,지번
1153010700104760000,서울특별시 구로구 개봉동,서울특별시 구로구 경인로 382 (개봉동),근린생활1,공동주택,101814410,지번
1153010700104760000,서울특별시 구로구 개봉동,서울특별시 구로구 경인로 382 (개봉동),근린생활1,공동주택,101814411,지번
1153010700104760000,서울특별시 구로구 개봉동,서울특별시 구로구 경인로 382 (개봉동),근린생활1,공동주택,101814412,지번
1153010700104760000,서울특별시 구로구 개봉동,서울특별시 구로구 경인로 382 (개봉동),근린생활1,공동주택,101814413,지번
1153010700104760000,서울특별시 구로구 개봉동,서울특별시 구로구 경인로 382 (개봉동),근린생활1,공동주택,101814414,지번
1153010700104760000,서울특별시 구로구 개봉동,서울특별시 구로구 경인로 382 (개봉동),근린생활1,공동주택,101814415,지번
1153010700104760000,서울특별시 구로구 개봉동,서울특별시 구로구 경인로 382 (개봉동),근린생활1,공동주택,101814416,지번
1153010700104760000,서울특별시 구로구 개봉동,서울특별시 구로구 경인로 382 (개봉동),근린생활1,공동주택,101814417,지번
1153010700104760000,서울특별시 구로구 개봉동,서울특별시 구로구 경인로 382 (개봉동),근린생활1,공동주택,101814418,지번
1153010700104760000,서울특별시 구로구 개봉동,서울특별시 구로구 경인로 382 (개봉동),근린생활1,공동주택,101814419,지번
1153010700104760000,서울특별시 구로구 개봉동,서울특별시 구로구 경인로 382 (개봉동),근린생활1,공동주택,101814420,지번
1153010700104760000,서울특별시 구로구 개봉동,서울특별시 구로구 경인로 382 (개봉동),근린생활1,공동주택,101814421,지번
1153010700104760000,서울특별시 구로구 개봉동,서울특별시 구로구 경인로 382 (개봉동),근린생활1,공동주택,101814422,지번
1153010600100570054,서울특별시 구로구 고척동,서울특별시 구로구 경인로47다길 19-6 (고척동),근린생활2,제2종근린생활시설,101818663,지번
1153010800101370008,서울특별시 구로구 오류동,서울특별시 구로구 오류로8길 57 (오류동),근린생활1,제1종근린생활시설,1018117719,지번
1153010800101830004,서울특별시 구로구 오류동,서울특별시 구로구 오리로 1154-15 (오류동),근린생활2,제2종근린생활시설,10181100203881,지번
1153010800101490014,서울특별시 구로구 오류동,서울특별시 구로구 오류로8라길 37 (오류동),근린생활1,제1종근린생활시설,101819623,지번
1153010700101530124,서울특별시 구로구 개봉동,서울특별시 구로구 경서로 9 (개봉동),근린생활1,제1종근린생활시설,1018116187,지번
1153010800101550011,서울특별시 구로구 오류동,서울특별시 구로구 오류로8길 20 (오류동),근린생활2,제2종근린생활시설,101817590,지번
1153010200105700061,서울특별시 구로구 구로동,서울특별시 구로구 새말로 38-17 (구로동),근린생활2,제2종근린생활시설,101818898,지번
1153010700102580012,서울특별시 구로구 개봉동,서울특별시 구로구 개봉로16길 37-10 (개봉동),근린생활2,제2종근린생활시설,1018113587,지번
1153010200106850215,서울특별시 구로구 구로동,서울특별시 구로구 구일로4길 33 (구로동),판매시설,판매시설,101818204,지번
1153010700100920010,서울특별시 구로구 개봉동,서울특별시 구로구 고척로 121 (개봉동),근린생활1,제1종근린생활시설,1018118271,지번
1153010600101640034,서울특별시 구로구 고척동,서울특별시 구로구 고척로 191 (고척동),근린생활1,제1종근린생활시설,1018114805,지번
1153010700102630013,서울특별시 구로구 개봉동,서울특별시 구로구 개봉로12길 5-2 (개봉동),근린생활1,제1종근린생활시설,1018112099,지번
1153010200101440010,서울특별시 구로구 구로동,서울특별시 구로구 도림로 81 (구로동),근린생활1,제1종근린생활시설,1018121656,지번
1153010200107370008,서울특별시 구로구 구로동,서울특별시 구로구 구로동로 104 (구로동),근린생활2,제2종근린생활시설,101817889,지번
1153010600100720007,서울특별시 구로구 고척동,서울특별시 구로구 경인로 373 (고척동),근린생활1,제1종근린생활시설,1018124338,지번
1153010200112570000,서울특별시 구로구 구로동,서울특별시 구로구 도림로 107 (구로동),근린생활2,공동주택,101811798,지번
1153010200112570000,서울특별시 구로구 구로동,서울특별시 구로구 도림로 107 (구로동),근린생활2,제1종근린생활시설,101811799,지번
1153010200112570000,서울특별시 구로구 구로동,서울특별시 구로구 도림로 107 (구로동),근린생활2,제2종근린생활시설,101811800,지번
1153010200112570000,서울특별시 구로구 구로동,서울특별시 구로구 도림로 107 (구로동),근린생활2,공동주택,101811801,지번
1153010300101310014,서울특별시 구로구 가리봉동,서울특별시 구로구 디지털로 227 (가리봉동),근린생활2,제2종근린생활시설,1018120961,지번
1153010700101540115,서울특별시 구로구 개봉동,서울특별시 구로구 경인로35길 12 (개봉동),근린생활1,제1종근린생활시설,1018113574,지번
1153010800100380012,서울특별시 구로구 오류동,서울특별시 구로구 경인로23길 16 (오류동),근린생활2,제2종근린생활시설,1018119168,지번
1153010600101340031,서울특별시 구로구 고척동,서울특별시 구로구 경서로 51 (고척동),근린생활2,제2종근린생활시설,1018116490,지번
1153010200108030003,서울특별시 구로구 구로동,서울특별시 구로구 도림로 13 (구로동),근린생활1,제1종근린생활시설,1018124574,지번
1153011000100090009,서울특별시 구로구 온수동,서울특별시 구로구 부일로 875 (온수동),근린생활2,제2종근린생활시설,101816168,지번
1153010200111240040,서울특별시 구로구 구로동,서울특별시 구로구 디지털로32나길 26 (구로동),근린생활2,제2종근린생활시설,10181100214552,지번
1153010200100270006,서울특별시 구로구 구로동,서울특별시 구로구 새말로18길 32 (구로동),근린생활2,제2종근린생활시설,101816650,지번
1153010200106850124,서울특별시 구로구 구로동,서울특별시 구로구 구일로8길 92 (구로동),판매시설,판매시설,101811754,지번
1153010200106850124,서울특별시 구로구 구로동,서울특별시 구로구 구일로8길 92 (구로동),판매시설,공동주택,101811755,지번
1153010200106850124,서울특별시 구로구 구로동,서울특별시 구로구 구일로8길 92 (구로동),판매시설,공동주택,101811756,지번
1153010200106850124,서울특별시 구로구 구로동,서울특별시 구로구 구일로8길 92 (구로동),판매시설,공동주택,101811757,지번
1153010200106850124,서울특별시 구로구 구로동,서울특별시 구로구 구일로8길 92 (구로동),판매시설,공동주택,101811758,지번
1153010200106850124,서울특별시 구로구 구로동,서울특별시 구로구 구일로8길 92 (구로동),판매시설,공동주택,101811759,지번
1153010200106850124,서울특별시 구로구 구로동,서울특별시 구로구 구일로8길 92 (구로동),판매시설,공동주택,101811760,지번
1153010200101420065,서울특별시 구로구 구로동,서울특별시 구로구 구로중앙로 14 (구로동),근린생활2,제2종근린생활시설,1018119921,지번
1153010700104030206,서울특별시 구로구 개봉동,서울특별시 구로구 개봉로 71 (개봉동),근린생활2,제2종근린생활시설,101818171,지번
1153010200112800000,서울특별시 구로구 구로동,서울특별시 구로구 디지털로31길 120 (구로동),근린생활1,제1종근린생활시설,101812561,지번
1153010200112800000,서울특별시 구로구 구로동,서울특별시 구로구 디지털로31길 120 (구로동),근린생활1,제1종근린생활시설,101812562,지번
1153010200112800000,서울특별시 구로구 구로동,서울특별시 구로구 디지털로31길 120 (구로동),근린생활1,제1종근린생활시설,101812563,지번
1153010200112800000,서울특별시 구로구 구로동,서울특별시 구로구 디지털로31길 120 (구로동),근린생활1,공동주택,101812564,지번
1153010200112800000,서울특별시 구로구 구로동,서울특별시 구로구 디지털로31길 120 (구로동),근린생활1,공동주택,101812565,지번
1153010200112800000,서울특별시 구로구 구로동,서울특별시 구로구 디지털로31길 120 (구로동),근린생활1,공동주택,101812566,지번
1153010200112800000,서울특별시 구로구 구로동,서울특별시 구로구 디지털로31길 120 (구로동),근린생활1,공동주택,101812567,지번
1153010200112800000,서울특별시 구로구 구로동,서울특별시 구로구 디지털로31길 120 (구로동),근린생활1,공동주택,101812568,지번
1153010200105460016,서울특별시 구로구 구로동,서울특별시 구로구 구로중앙로28다길 48 (구로동),근린생활1,제1종근린생활시설,1018110378,지번
1153010200103130117,서울특별시 구로구 구로동,서울특별시 구로구 구로동로26길 122 (구로동),근린생활2,제2종근린생활시설,1018110297,지번
1153010700101660005,서울특별시 구로구 개봉동,서울특별시 구로구 경인로 318-7 (개봉동),근린생활2,제2종근린생활시설,1018113297,지번
1153010200111250002,서울특별시 구로구 구로동,서울특별시 구로구 디지털로32길 97-28 (구로동),근린생활2,제2종근린생활시설,1018119978,지번
1153010600102560014,서울특별시 구로구 고척동,서울특별시 구로구 경인로33길 89 (고척동),근린생활1,제1종근린생활시설,1018123682,지번
1153010600103430000,서울특별시 구로구 고척동,서울특별시 구로구 중앙로8길 11 (고척동),근린생활2,공동주택,10181100196319,지번
1153010600103430000,서울특별시 구로구 고척동,서울특별시 구로구 중앙로8길 11 (고척동),근린생활2,공동주택,10181100196359,지번
1153010600103430000,서울특별시 구로구 고척동,서울특별시 구로구 중앙로8길 11 (고척동),근린생활2,공동주택,10181100196400,지번
1153010600103430000,서울특별시 구로구 고척동,서울특별시 구로구 중앙로8길 11 (고척동),근린생활2,공동주택,10181100196478,지번
1153010600103430000,서울특별시 구로구 고척동,서울특별시 구로구 중앙로8길 11 (고척동),근린생활2,제2종근린생활시설,10181100196503,지번
1153010600103200000,서울특별시 구로구 고척동,서울특별시 구로구 중앙로12길 12 (고척동),근린생활1,공동주택,101812836,지번
1153010600103200000,서울특별시 구로구 고척동,서울특별시 구로구 중앙로12길 12 (고척동),근린생활1,제1종근린생활시설,101812837,지번
1153010600103200000,서울특별시 구로구 고척동,서울특별시 구로구 중앙로12길 12 (고척동),근린생활1,공동주택,101812838,지번
1153010600103200000,서울특별시 구로구 고척동,서울특별시 구로구 중앙로12길 12 (고척동),근린생활1,공동주택,101812839,지번
1153010600103200000,서울특별시 구로구 고척동,서울특별시 구로구 중앙로12길 12 (고척동),근린생활1,공동주택,101812840,지번
1153010600103200000,서울특별시 구로구 고척동,서울특별시 구로구 중앙로12길 12 (고척동),근린생활1,공동주택,101812841,지번
1153010800103420000,서울특별시 구로구 오류동,서울특별시 구로구 경인로8길 64 (오류동),근린생활2,공동주택,101813089,지번
1153010800103420000,서울특별시 구로구 오류동,서울특별시 구로구 경인로8길 64 (오류동),근린생활2,제2종근린생활시설,101813090,지번
1153010800103420000,서울특별시 구로구 오류동,서울특별시 구로구 경인로8길 64 (오류동),근린생활2,공동주택,101813091,지번
1153010800103420000,서울특별시 구로구 오류동,서울특별시 구로구 경인로8길 64 (오류동),근린생활2,공동주택,101813092,지번
1153010800103420000,서울특별시 구로구 오류동,서울특별시 구로구 경인로8길 64 (오류동),근린생활2,공동주택,101813093,지번
1153010800103420000,서울특별시 구로구 오류동,서울특별시 구로구 경인로8길 64 (오류동),근린생활2,공동주택,101813094,지번
1153010800103420000,서울특별시 구로구 오류동,서울특별시 구로구 경인로8길 64 (오류동),근린생활2,공동주택,101813095,지번
1153010800103420000,서울특별시 구로구 오류동,서울특별시 구로구 경인로8길 64 (오류동),근린생활2,공동주택,101813096,지번
1153010800103420000,서울특별시 구로구 오류동,서울특별시 구로구 경인로8길 64 (오류동),근린생활2,공동주택,101813097,지번
1153010800103420000,서울특별시 구로구 오류동,서울특별시 구로구 경인로8길 64 (오류동),근린생활2,공동주택,101813098,지번
1153010800103420000,서울특별시 구로구 오류동,서울특별시 구로구 경인로8길 64 (오류동),근린생활2,공동주택,101813099,지번
1153010800103420000,서울특별시 구로구 오류동,서울특별시 구로구 경인로8길 64 (오류동),근린생활2,공동주택,101813100,지번
1153010800103420000,서울특별시 구로구 오류동,서울특별시 구로구 경인로8길 64 (오류동),근린생활2,공동주택,101813101,지번
1153010100106370000,서울특별시 구로구 신도림동,서울특별시 구로구 신도림로21길 25 (신도림동),근린생활1,공동주택,101813447,지번
1153010100106370000,서울특별시 구로구 신도림동,서울특별시 구로구 신도림로21길 25 (신도림동),근린생활1,제1종근린생활시설,101813448,지번
1153010100106370000,서울특별시 구로구 신도림동,서울특별시 구로구 신도림로21길 25 (신도림동),근린생활1,공동주택,101813449,지번
1153010100106370000,서울특별시 구로구 신도림동,서울특별시 구로구 신도림로21길 25 (신도림동),근린생활1,공동주택,101813450,지번
1153010200100400006,서울특별시 구로구 구로동,서울특별시 구로구 새말로16길 40 (구로동),근린생활2,제2종근린생활시설,10181100185539,지번
1153010200111250001,서울특별시 구로구 구로동,서울특별시 구로구 시흥대로 571 (구로동),근린생활2,제2종근린생활시설,1018114698,지번
1153010600103300000,서울특별시 구로구 고척동,서울특별시 구로구 중앙로15길 132-17 (고척동),근린생활1,제1종근린생활시설,101812863,지번
1153010600103300000,서울특별시 구로구 고척동,서울특별시 구로구 중앙로15길 132-17 (고척동),근린생활1,공동주택,101812864,지번
1153010600103300000,서울특별시 구로구 고척동,서울특별시 구로구 중앙로15길 132-17 (고척동),근린생활1,공동주택,101812865,지번
1153010700100980006,서울특별시 구로구 개봉동,서울특별시 구로구 고척로25길 35 (개봉동),근린생활1,제1종근린생활시설,1018115957,지번
1153010200104920009,서울특별시 구로구 구로동,서울특별시 구로구 구로동로42길 63 (구로동),근린생활1,제1종근린생활시설,101815123,지번
1153011200102430004,서울특별시 구로구 항동,서울특별시 구로구 연동로 197 (항동),근린생활2,제2종근린생활시설,10181100263887,지번
1153010900102130021,서울특별시 구로구 궁동,서울특별시 구로구 오리로 1265 (궁동),판매시설,공동주택,101813376,지번
1153010900102130021,서울특별시 구로구 궁동,서울특별시 구로구 오리로 1265 (궁동),판매시설,공동주택,101813377,지번
1153010900102130021,서울특별시 구로구 궁동,서울특별시 구로구 오리로 1265 (궁동),판매시설,공동주택,101813378,지번
1153010900102130021,서울특별시 구로구 궁동,서울특별시 구로구 오리로 1265 (궁동),판매시설,공동주택,101813379,지번
1153010900102130021,서울특별시 구로구 궁동,서울특별시 구로구 오리로 1265 (궁동),판매시설,공동주택,101813380,지번
1153010900102130021,서울특별시 구로구 궁동,서울특별시 구로구 오리로 1265 (궁동),판매시설,공동주택,101813381,지번
1153010900102130021,서울특별시 구로구 궁동,서울특별시 구로구 오리로 1265 (궁동),판매시설,공동주택,101813382,지번
1153010900102130021,서울특별시 구로구 궁동,서울특별시 구로구 오리로 1265 (궁동),판매시설,공동주택,101813383,지번
1153010900102130021,서울특별시 구로구 궁동,서울특별시 구로구 오리로 1265 (궁동),판매시설,공동주택,101813384,지번
1153010900102130021,서울특별시 구로구 궁동,서울특별시 구로구 오리로 1265 (궁동),판매시설,공동주택,101813385,지번
1153010900102130021,서울특별시 구로구 궁동,서울특별시 구로구 오리로 1265 (궁동),판매시설,공동주택,101813386,지번
1153010900102130021,서울특별시 구로구 궁동,서울특별시 구로구 오리로 1265 (궁동),판매시설,공동주택,101813387,지번
1153010900102130021,서울특별시 구로구 궁동,서울특별시 구로구 오리로 1265 (궁동),판매시설,공동주택,101813388,지번
1153010900102130021,서울특별시 구로구 궁동,서울특별시 구로구 오리로 1265 (궁동),판매시설,공동주택,101813389,지번
1153010900102130021,서울특별시 구로구 궁동,서울특별시 구로구 오리로 1265 (궁동),판매시설,공동주택,101813390,지번
1153010900102130021,서울특별시 구로구 궁동,서울특별시 구로구 오리로 1265 (궁동),판매시설,공동주택,101813391,지번
1153010900102130021,서울특별시 구로구 궁동,서울특별시 구로구 오리로 1265 (궁동),판매시설,공동주택,101813392,지번
1153010900102130021,서울특별시 구로구 궁동,서울특별시 구로구 오리로 1265 (궁동),판매시설,공동주택,101813393,지번
1153010900102130021,서울특별시 구로구 궁동,서울특별시 구로구 오리로 1265 (궁동),판매시설,공동주택,101813394,지번
1153010900102130021,서울특별시 구로구 궁동,서울특별시 구로구 오리로 1265 (궁동),판매시설,공동주택,101813395,지번
1153010900102130021,서울특별시 구로구 궁동,서울특별시 구로구 오리로 1265 (궁동),판매시설,공동주택,101813396,지번
1153010900102130021,서울특별시 구로구 궁동,서울특별시 구로구 오리로 1265 (궁동),판매시설,공동주택,101813397,지번
1153010900102130021,서울특별시 구로구 궁동,서울특별시 구로구 오리로 1265 (궁동),판매시설,공동주택,101813398,지번
1153010900102130021,서울특별시 구로구 궁동,서울특별시 구로구 오리로 1265 (궁동),판매시설,공동주택,101813399,지번
1153010900102130021,서울특별시 구로구 궁동,서울특별시 구로구 오리로 1265 (궁동),판매시설,공동주택,101813400,지번
1153010900102130021,서울특별시 구로구 궁동,서울특별시 구로구 오리로 1265 (궁동),판매시설,공동주택,101813401,지번
1153010900102130021,서울특별시 구로구 궁동,서울특별시 구로구 오리로 1265 (궁동),판매시설,공동주택,101813402,지번
1153010900102130021,서울특별시 구로구 궁동,서울특별시 구로구 오리로 1265 (궁동),판매시설,공동주택,101813403,지번
1153010900102130021,서울특별시 구로구 궁동,서울특별시 구로구 오리로 1265 (궁동),판매시설,판매시설,101813404,지번
1153010700101530123,서울특별시 구로구 개봉동,서울특별시 구로구 경서로 11 (개봉동),근린생활1,제1종근린생활시설,1018113497,지번
1153010800103450000,서울특별시 구로구 오류동,서울특별시 구로구 경인로 158 (오류동),근린생활1,제1종근린생활시설,101812010,지번
1153010800103450000,서울특별시 구로구 오류동,서울특별시 구로구 경인로 158 (오류동),근린생활1,공동주택,101812011,지번
1153010900101140006,서울특별시 구로구 궁동,서울특별시 구로구 오리로22나길 31 (궁동),근린생활2,제2종근린생활시설,10181100223496,지번
1153010200106850216,서울특별시 구로구 구로동,서울특별시 구로구 구일로4길 29 (구로동),근린생활1,제1종근린생활시설,1018114594,지번
1153010800101910000,서울특별시 구로구 오류동,서울특별시 구로구 서해안로 2272 (오류동),근린생활2,제2종근린생활시설,10181100207732,지번
1153010700104890000,서울특별시 구로구 개봉동,서울특별시 구로구 개봉로2길 133-15 (개봉동),근린생활1,제1종근린생활시설,101812306,지번
1153010700104890000,서울특별시 구로구 개봉동,서울특별시 구로구 개봉로2길 133-15 (개봉동),근린생활1,공동주택,101812313,지번
1153010700104890000,서울특별시 구로구 개봉동,서울특별시 구로구 개봉로2길 133-15 (개봉동),근린생활1,공동주택,101812314,지번
1153010700104890000,서울특별시 구로구 개봉동,서울특별시 구로구 개봉로2길 133-15 (개봉동),근린생활1,공동주택,101812315,지번
1153010700104890000,서울특별시 구로구 개봉동,서울특별시 구로구 개봉로2길 133-15 (개봉동),근린생활1,공동주택,101812316,지번
1153010700104890000,서울특별시 구로구 개봉동,서울특별시 구로구 개봉로2길 133-15 (개봉동),근린생활1,공동주택,101812317,지번
1153010700104890000,서울특별시 구로구 개봉동,서울특별시 구로구 개봉로2길 133-15 (개봉동),근린생활1,공동주택,101812318,지번
1153010700104890000,서울특별시 구로구 개봉동,서울특별시 구로구 개봉로2길 133-15 (개봉동),근린생활1,공동주택,101812319,지번
1153010700104890000,서울특별시 구로구 개봉동,서울특별시 구로구 개봉로2길 133-15 (개봉동),근린생활1,공동주택,101812320,지번
1153010700104890000,서울특별시 구로구 개봉동,서울특별시 구로구 개봉로2길 133-15 (개봉동),근린생활1,공동주택,101812321,지번
1153010700104890000,서울특별시 구로구 개봉동,서울특별시 구로구 개봉로2길 133-15 (개봉동),근린생활1,공동주택,101812322,지번
1153010700104890000,서울특별시 구로구 개봉동,서울특별시 구로구 개봉로2길 133-15 (개봉동),근린생활1,공동주택,101812323,지번
1153011000100520000,서울특별시 구로구 온수동,서울특별시 구로구 경인로3길 77 (온수동),근린생활2,제2종근린생활시설,101818159,지번
1153010200111230003,서울특별시 구로구 구로동,서울특별시 구로구 시흥대로 577-11 (구로동),근린생활2,제2종근린생활시설,1018114107,지번
1153010300100880022,서울특별시 구로구 가리봉동,서울특별시 구로구 구로동로 23 (가리봉동),근린생활2,제2종근린생활시설,101816948,지번
1153010300101210030,서울특별시 구로구 가리봉동,서울특별시 구로구 구로동로 9-4 (가리봉동),근린생활1,제2종근린생활시설,1018113172,지번
1153010300101210030,서울특별시 구로구 가리봉동,서울특별시 구로구 구로동로 13 (가리봉동),근린생활1,제1종근린생활시설,101817312,지번
1153010600101810006,서울특별시 구로구 고척동,서울특별시 구로구 중앙로14길 15-1 (고척동),근린생활2,제2종근린생활시설,10181100183433,지번
1153010100102920126,서울특별시 구로구 신도림동,서울특별시 구로구 신도림로11다길 9 (신도림동),근린생활2,제2종근린생활시설,101819752,지번
1153010200108050022,서울특별시 구로구 구로동,서울특별시 구로구 구로동로 70 (구로동),근린생활1,제1종근린생활시설,1018116508,지번
1153010200111240016,서울특별시 구로구 구로동,서울특별시 구로구 디지털로32길 97-9 (구로동),근린생활2,제2종근린생활시설,1018118798,지번
1153010200111240037,서울특별시 구로구 구로동,서울특별시 구로구 디지털로32나길 16 (구로동),근린생활2,제2종근린생활시설,10181100219813,지번
1153010700101750018,서울특별시 구로구 개봉동,서울특별시 구로구 경인로40길 23 (개봉동),근린생활2,제2종근린생활시설,1018113393,지번
1153010300100890163,서울특별시 구로구 가리봉동,서울특별시 구로구 디지털로27길 109 (가리봉동),근린생활2,제2종근린생활시설,1018111656,지번
1153010200111240072,서울특별시 구로구 구로동,서울특별시 구로구 디지털로32길 79 (구로동),근린생활1,제1종근린생활시설,10181100201097,지번
1153010200200010011,서울특별시 구로구 구로동,서울특별시 구로구 새말로 62 (구로동),근린생활2,제2종근린생활시설,10181100236313,지번
1153010200105080007,서울특별시 구로구 구로동,서울특별시 구로구 구로동로42길 50 (구로동),근린생활1,제1종근린생활시설,10181100245513,지번
1153010200100830011,서울특별시 구로구 구로동,서울특별시 구로구 구로중앙로19길 28 (구로동),근린생활2,제2종근린생활시설,1018122437,지번
1153010600101860005,서울특별시 구로구 고척동,서울특별시 구로구 목동남로 6 (고척동),근린생활2,제2종근린생활시설,10181100241657,지번
1153010600103420000,서울특별시 구로구 고척동,서울특별시 구로구 고척로60길 30 (고척동),근린생활2,공동주택,10181100197558,지번
1153010600103420000,서울특별시 구로구 고척동,서울특별시 구로구 고척로60길 30 (고척동),근린생활2,공동주택,10181100197651,지번
1153010600103420000,서울특별시 구로구 고척동,서울특별시 구로구 고척로60길 30 (고척동),근린생활2,공동주택,10181100197714,지번
1153010600103420000,서울특별시 구로구 고척동,서울특별시 구로구 고척로60길 30 (고척동),근린생활2,공동주택,10181100197766,지번
1153010600103420000,서울특별시 구로구 고척동,서울특별시 구로구 고척로60길 30 (고척동),근린생활2,공동주택,10181100197787,지번
1153010600103420000,서울특별시 구로구 고척동,서울특별시 구로구 고척로60길 30 (고척동),근린생활2,공동주택,10181100197843,지번
1153010600103420000,서울특별시 구로구 고척동,서울특별시 구로구 고척로60길 30 (고척동),근린생활2,제2종근린생활시설,10181100197903,지번
1153010700100620009,서울특별시 구로구 개봉동,서울특별시 구로구 고척로21길 13 (개봉동),근린생활2,제2종근린생활시설,1018112785,지번
1153010600101960012,서울특별시 구로구 고척동,서울특별시 구로구 고척로 218 (고척동),근린생활1,제1종근린생활시설,1018111347,지번
1153010700103470002,서울특별시 구로구 개봉동,서울특별시 구로구 개봉로15길 7 (개봉동),근린생활1,제1종근린생활시설,1018111413,지번
1153010900101200001,서울특별시 구로구 궁동,서울특별시 구로구 오리로22다길 73-5 (궁동),근린생활2,제2종근린생활시설,1018121675,지번
1153010600100530002,서울특별시 구로구 고척동,서울특별시 구로구 경인로47길 49 (고척동),근린생활2,제2종근린생활시설,101814093,지번
1153010600100530002,서울특별시 구로구 고척동,서울특별시 구로구 경인로47길 47 (고척동),근린생활2,제1종근린생활시설,101814094,지번
1153010700102020012,서울특별시 구로구 개봉동,서울특별시 구로구 남부순환로97길 26-2 (개봉동),근린생활1,제1종근린생활시설,1018124957,지번
1153010200101480010,서울특별시 구로구 구로동,서울특별시 구로구 도림로 93 (구로동),근린생활1,제1종근린생활시설,1018124424,지번
1153010900102820009,서울특별시 구로구 궁동,서울특별시 구로구 오리로 1298 (궁동),근린생활1,제1종근린생활시설,1018116880,지번
1153010700101390120,서울특별시 구로구 개봉동,서울특별시 구로구 경인로33길 61-3 (개봉동),근린생활1,제1종근린생활시설,101816799,지번
1153010700104070019,서울특별시 구로구 개봉동,서울특별시 구로구 개봉로20길 84 (개봉동),근린생활2,제2종근린생활시설,1018114902,지번
1153010200111290001,서울특별시 구로구 구로동,서울특별시 구로구 시흥대로163길 33 (구로동),근린생활1,제1종근린생활시설,10181100230866,지번
1153010700104030059,서울특별시 구로구 개봉동,서울특별시 구로구 개봉로 51 (개봉동),근린생활1,제1종근린생활시설,1018122001,지번
1153010900101890082,서울특별시 구로구 궁동,서울특별시 구로구 부일로15길 30 (궁동),근린생활1,제1종근린생활시설,1018121392,지번
1153010800101350074,서울특별시 구로구 오류동,서울특별시 구로구 서해안로 2334 (오류동),근린생활2,제2종근린생활시설,101816315,지번
1153010700102020017,서울특별시 구로구 개봉동,서울특별시 구로구 남부순환로97길 12 (개봉동),근린생활1,제1종근린생활시설,1018112992,지번
1153010100104370001,서울특별시 구로구 신도림동,서울특별시 구로구 경인로59길 8 (신도림동),근린생활1,제1종근린생활시설,1018124069,지번
1153010200107360005,서울특별시 구로구 구로동,서울특별시 구로구 구로동로 114 (구로동),근린생활1,제1종근린생활시설,1018110975,지번
1153010100106920000,서울특별시 구로구 신도림동,서울특별시 구로구 경인로 662 (신도림동),판매시설,공동주택,10181100194390,지번
1153010100106920000,서울특별시 구로구 신도림동,서울특별시 구로구 경인로 662 (신도림동),판매시설,판매시설,10181100195619,지번
1153010300101270016,서울특별시 구로구 가리봉동,서울특별시 구로구 남부순환로105라길 8-4 (가리봉동),근린생활2,제2종근린생활시설,1018111802,지번
1153010200111240038,서울특별시 구로구 구로동,서울특별시 구로구 디지털로32나길 22 (구로동),근린생활2,제2종근린생활시설,10181100245333,지번
1153010700104030051,서울특별시 구로구 개봉동,서울특별시 구로구 개봉로 67 (개봉동),근린생활1,제1종근린생활시설,1018116935,지번
1153010200104900009,서울특별시 구로구 구로동,서울특별시 구로구 구로동로48길 23 (구로동),근린생활2,제2종근린생활시설,1018116021,지번
1153010700103030034,서울특별시 구로구 개봉동,서울특별시 구로구 개봉로17가길 43 (개봉동),근린생활2,제2종근린생활시설,1018113608,지번
1153010200101690007,서울특별시 구로구 구로동,서울특별시 구로구 도림로20길 14 (구로동),근린생활1,제1종근린생활시설,1018114313,지번
1153010100104000003,서울특별시 구로구 신도림동,서울특별시 구로구 신도림로 2 (신도림동),근린생활1,제1종근린생활시설,10181100191198,지번
1153010200106850070,서울특별시 구로구 구로동,서울특별시 구로구 구일로4길 46 (구로동),판매시설,교육연구시설,1018112069,지번
1153010200106850070,서울특별시 구로구 구로동,서울특별시 구로구 구일로4길 46 (구로동),판매시설,판매시설,101811747,지번
1153010200106850070,서울특별시 구로구 구로동,서울특별시 구로구 구일로4길 46 (구로동),판매시설,공동주택,101811748,지번
1153010200106850070,서울특별시 구로구 구로동,서울특별시 구로구 구일로4길 46 (구로동),판매시설,공동주택,101811749,지번
1153010200106850070,서울특별시 구로구 구로동,서울특별시 구로구 구일로4길 46 (구로동),판매시설,공동주택,101811750,지번
1153010200106850070,서울특별시 구로구 구로동,서울특별시 구로구 구일로4길 46 (구로동),판매시설,공동주택,101811751,지번
1153010200106850070,서울특별시 구로구 구로동,서울특별시 구로구 구일로4길 46 (구로동),판매시설,공동주택,101811752,지번
1153010200106850070,서울특별시 구로구 구로동,서울특별시 구로구 구일로4길 46 (구로동),판매시설,공동주택,101811753,지번
1153010200105570011,서울특별시 구로구 구로동,서울특별시 구로구 새말로 48 (구로동),근린생활1,제1종근린생활시설,101817426,지번
1153010200106360062,서울특별시 구로구 구로동,서울특별시 구로구 경인로54길 4 (구로동),판매시설,업무시설,101811737,지번
1153010200106360062,서울특별시 구로구 구로동,서울특별시 구로구 경인로54길 4 (구로동),판매시설,판매시설,101811738,지번
1153010200106360062,서울특별시 구로구 구로동,서울특별시 구로구 경인로54길 4 (구로동),판매시설,판매시설,101811739,지번
1153010600100920008,서울특별시 구로구 고척동,서울특별시 구로구 경인로 331 (고척동),근린생활2,제2종근린생활시설,1018117947,지번
1153010200108010035,서울특별시 구로구 구로동,서울특별시 구로구 도림로 8 (구로동),근린생활2,제2종근린생활시설,101816096,지번
1153010600100460025,서울특별시 구로구 고척동,서울특별시 구로구 경인로47길 94 (고척동),근린생활1,제1종근린생활시설,101818583,지번
1153010200106140224,서울특별시 구로구 구로동,서울특별시 구로구 경인로51길 138 (구로동),근린생활2,제2종근린생활시설,10181100227453,지번
1153011000100450000,서울특별시 구로구 온수동,서울특별시 구로구 경인로 31-32 (온수동),근린생활2,제2종근린생활시설,1018123087,지번
1153010600101340086,서울특별시 구로구 고척동,서울특별시 구로구 경서로7길 17 (고척동),근린생활1,제1종근린생활시설,101818061,지번
1153010100106410000,서울특별시 구로구 신도림동,서울특별시 구로구 신도림로19길 16 (신도림동),근린생활1,공동주택,101813459,지번
1153010100106410000,서울특별시 구로구 신도림동,서울특별시 구로구 신도림로19길 16 (신도림동),근린생활1,공동주택,101813460,지번
1153010100106410000,서울특별시 구로구 신도림동,서울특별시 구로구 신도림로19길 16 (신도림동),근린생활1,공동주택,101813461,지번
1153010100106410000,서울특별시 구로구 신도림동,서울특별시 구로구 신도림로19길 16 (신도림동),근린생활1,공동주택,101813462,지번
1153010100106410000,서울특별시 구로구 신도림동,서울특별시 구로구 신도림로19길 16 (신도림동),근린생활1,공동주택,101813463,지번
1153010100106410000,서울특별시 구로구 신도림동,서울특별시 구로구 신도림로19길 16 (신도림동),근린생활1,제1종근린생활시설,101813464,지번
1153010100106400000,서울특별시 구로구 신도림동,서울특별시 구로구 경인로66길 5 (신도림동),판매시설,판매시설,101813455,지번
1153010100106400000,서울특별시 구로구 신도림동,서울특별시 구로구 경인로66길 5 (신도림동),판매시설,공동주택,101813456,지번
1153010200111250003,서울특별시 구로구 구로동,서울특별시 구로구 시흥대로 565 (구로동),근린생활2,제2종근린생활시설,101811480,지번
1153010200111250003,서울특별시 구로구 구로동,서울특별시 구로구 디지털로32길 97-22 (구로동),근린생활2,제2종근린생활시설,101811481,지번
1153010200100300004,서울특별시 구로구 구로동,서울특별시 구로구 공원로6나길 35-21 (구로동),근린생활2,제2종근린생활시설,1018116814,지번
1153010700101730001,서울특별시 구로구 개봉동,서울특별시 구로구 경인로40길 34 (개봉동),근린생활1,제1종근린생활시설,1018118945,지번
1153010800101480002,서울특별시 구로구 오류동,서울특별시 구로구 오류로8길 64 (오류동),근린생활2,제2종근린생활시설,1018122136,지번
1153010200107070023,서울특별시 구로구 구로동,서울특별시 구로구 구로동로25길 39 (구로동),근린생활1,제1종근린생활시설,10181100201000,지번
1153010200101420076,서울특별시 구로구 구로동,서울특별시 구로구 구로중앙로 8 (구로동),근린생활1,제1종근린생활시설,1018123713,지번
1153010200106850448,서울특별시 구로구 구로동,서울특별시 구로구 구일로4길 30 (구로동),근린생활1,제1종근린생활시설,1018119691,지번
1153010100103090006,서울특별시 구로구 신도림동,서울특별시 구로구 신도림로19길 7 (신도림동),근린생활1,제1종근린생활시설,1018112163,지번
1153010200100920000,서울특별시 구로구 구로동,서울특별시 구로구 도림천로 336-1 (구로동),근린생활2,제2종근린생활시설,10181100211312,지번
1153010600102730055,서울특별시 구로구 고척동,서울특별시 구로구 경인로35길 79 (고척동),근린생활1,제1종근린생활시설,10181100272667,지번
1153010200111270050,서울특별시 구로구 구로동,서울특별시 구로구 디지털로32다길 20-6 (구로동),근린생활2,제2종근린생활시설,1018120000,지번
1153010600102530011,서울특별시 구로구 고척동,서울특별시 구로구 고척로 144 (고척동),근린생활1,제1종근린생활시설,1018119054,지번
1153010200101880026,서울특별시 구로구 구로동,서울특별시 구로구 디지털로32길 43 (구로동),판매영업,판매및영업시설,1018122009,지번
1153010200103090002,서울특별시 구로구 구로동,서울특별시 구로구 도림로 72 (구로동),근린생활1,제1종근린생활시설,1018113862,지번
1153010600100520357,서울특별시 구로구 고척동,서울특별시 구로구 중앙로 37 (고척동),판매시설,판매시설,1018118432,지번
1153010200100080017,서울특별시 구로구 구로동,서울특별시 구로구 새말로 89 (구로동),근린생활2,제2종근린생활시설,1018123524,지번
1153010200107300060,서울특별시 구로구 구로동,서울특별시 구로구 구로동로 138 (구로동),근린생활2,제2종근린생활시설,101817665,지번
1153010600101680059,서울특별시 구로구 고척동,서울특별시 구로구 고척로 203 (고척동),근린생활1,제1종근린생활시설,10181100230113,지번
1153010800100480001,서울특별시 구로구 오류동,서울특별시 구로구 경인로 196 (오류동),근린생활2,제2종근린생활시설,101816257,지번
1153010800101350067,서울특별시 구로구 오류동,서울특별시 구로구 서해안로 2320 (오류동),근린생활2,제2종근린생활시설,101815268,지번
1153010700104030203,서울특별시 구로구 개봉동,서울특별시 구로구 개봉로 17 (개봉동),근린생활1,제1종근린생활시설,101816594,지번
1153010200101110007,서울특별시 구로구 구로동,서울특별시 구로구 구로중앙로28다길 25 (구로동),근린생활2,제2종근린생활시설,1018115907,지번
1153010200100300022,서울특별시 구로구 구로동,서울특별시 구로구 공원로6나길 29-19 (구로동),근린생활2,제2종근린생활시설,1018111405,지번
1153010800103430000,서울특별시 구로구 오류동,서울특별시 구로구 오리로 1197 (오류동),근린생활2,제2종근린생활시설,101811921,지번
1153010800103430000,서울특별시 구로구 오류동,서울특별시 구로구 오리로 1197 (오류동),근린생활2,공동주택,101811927,지번
1153010800103430000,서울특별시 구로구 오류동,서울특별시 구로구 오리로 1197 (오류동),근린생활2,공동주택,101811928,지번
1153010800103430000,서울특별시 구로구 오류동,서울특별시 구로구 오리로 1197 (오류동),근린생활2,공동주택,101811929,지번
1153010800103430000,서울특별시 구로구 오류동,서울특별시 구로구 오리로 1197 (오류동),근린생활2,공동주택,101811930,지번
1153010800103430000,서울특별시 구로구 오류동,서울특별시 구로구 오리로 1197 (오류동),근린생활2,공동주택,101811931,지번
1153010800103430000,서울특별시 구로구 오류동,서울특별시 구로구 오리로 1197 (오류동),근린생활2,공동주택,101811932,지번
1153010800103430000,서울특별시 구로구 오류동,서울특별시 구로구 오리로 1197 (오류동),근린생활2,공동주택,101811933,지번
1153010800103430000,서울특별시 구로구 오류동,서울특별시 구로구 오리로 1197 (오류동),근린생활2,공동주택,101811934,지번
1153010800103430000,서울특별시 구로구 오류동,서울특별시 구로구 오리로 1197 (오류동),근린생활2,공동주택,101811935,지번
1153010800103430000,서울특별시 구로구 오류동,서울특별시 구로구 오리로 1197 (오류동),근린생활2,공동주택,101811936,지번
1153010800103430000,서울특별시 구로구 오류동,서울특별시 구로구 오리로 1197 (오류동),근린생활2,공동주택,101811937,지번
1153010800103430000,서울특별시 구로구 오류동,서울특별시 구로구 오리로 1197 (오류동),근린생활2,공동주택,101811938,지번
1153010800103430000,서울특별시 구로구 오류동,서울특별시 구로구 오리로 1197 (오류동),근린생활2,공동주택,101811939,지번
1153010800103430000,서울특별시 구로구 오류동,서울특별시 구로구 오리로 1197 (오류동),근린생활2,공동주택,101811940,지번
1153010800103430000,서울특별시 구로구 오류동,서울특별시 구로구 오리로 1197 (오류동),근린생활2,공동주택,101811941,지번
1153010800103430000,서울특별시 구로구 오류동,서울특별시 구로구 오리로 1197 (오류동),근린생활2,공동주택,101811942,지번
1153010800103430000,서울특별시 구로구 오류동,서울특별시 구로구 오리로 1197 (오류동),근린생활2,공동주택,101811943,지번
1153010800103430000,서울특별시 구로구 오류동,서울특별시 구로구 오리로 1197 (오류동),근린생활2,공동주택,101811944,지번
1153010800103430000,서울특별시 구로구 오류동,서울특별시 구로구 오리로 1197 (오류동),근린생활2,공동주택,101811945,지번
1153010800103430000,서울특별시 구로구 오류동,서울특별시 구로구 오리로 1197 (오류동),근린생활2,공동주택,101811946,지번
1153010800103430000,서울특별시 구로구 오류동,서울특별시 구로구 오리로 1197 (오류동),근린생활2,공동주택,101811947,지번
1153010800103430000,서울특별시 구로구 오류동,서울특별시 구로구 오리로 1197 (오류동),근린생활2,공동주택,101811948,지번
1153010600102710182,서울특별시 구로구 고척동,서울특별시 구로구 경인로35길 131-15 (고척동),근린생활1,제1종근린생활시설,1018112578,지번
1153010100102790011,서울특별시 구로구 신도림동,서울특별시 구로구 신도림로11라길 63 (신도림동),근린생활1,제1종근린생활시설,1018115921,지번
1153010600102530194,서울특별시 구로구 고척동,서울특별시 구로구 고척로 142-1 (고척동),근린생활1,제1종근린생활시설,1018124383,지번
1153010600100500027,서울특별시 구로구 고척동,서울특별시 구로구 경인로47길 134 (고척동),근린생활1,제1종근린생활시설,101814971,지번
1153010600102570025,서울특별시 구로구 고척동,서울특별시 구로구 경인로33길 101 (고척동),근린생활1,제1종근린생활시설,1018120330,지번
1153010300100890138,서울특별시 구로구 가리봉동,서울특별시 구로구 구로동로 34 (가리봉동),근린생활1,제1종근린생활시설,1018124654,지번
1153010600102570006,서울특별시 구로구 고척동,서울특별시 구로구 경인로33길 98-9 (고척동),근린생활1,제1종근린생활시설,101812737,지번
1153010600102570006,서울특별시 구로구 고척동,서울특별시 구로구 경인로33길 98-9 (고척동),근린생활1,단독주택,101812738,지번
1153010300100020176,서울특별시 구로구 가리봉동,서울특별시 구로구 남부순환로105길 254 (가리봉동),근린생활2,제2종근린생활시설,1000000000000000518664,지번
1153010600102530283,서울특별시 구로구 고척동,서울특별시 구로구 고척로32길 25 (고척동),근린생활1,제1종근린생활시설,1018111331,지번
1153010900102520036,서울특별시 구로구 궁동,서울특별시 구로구 오리로22가길 90 (궁동),근린생활2,제2종근린생활시설,1018121661,지번
1153011200102430005,서울특별시 구로구 항동,서울특별시 구로구 연동로 195 (항동),근린생활2,제2종근린생활시설,10181100267747,지번
1153010300100890161,서울특별시 구로구 가리봉동,서울특별시 구로구 디지털로27길 115 (가리봉동),근린생활2,제2종근린생활시설,1000000000000002538264,지번
1153010200101220020,서울특별시 구로구 구로동,서울특별시 구로구 구로중앙로14길 42 (구로동),근린생활2,제2종근린생활시설,10181100245053,지번
1153010600102710001,서울특별시 구로구 고척동,서울특별시 구로구 경인로35길 129 (고척동),근린생활2,제2종근린생활시설,1018117969,지번
1153010200106140195,서울특별시 구로구 구로동,서울특별시 구로구 경인로53나길 37 (구로동),근린생활2,제2종근린생활시설,10181100184703,지번
1153010200106140195,서울특별시 구로구 구로동,서울특별시 구로구 경인로53나길 37 (구로동),근린생활2,공장,101811283,지번
1153010200107300090,서울특별시 구로구 구로동,서울특별시 구로구 구로동로26길 11 (구로동),근린생활1,제1종근린생활시설,10181100187190,지번
1153010600102670007,서울특별시 구로구 고척동,서울특별시 구로구 고척로43길 5 (고척동),근린생활2,제2종근린생활시설,1018123697,지번
1153010600102640011,서울특별시 구로구 고척동,서울특별시 구로구 고척로 155 (고척동),근린생활1,제1종근린생활시설,1018112063,지번
1153010600102680001,서울특별시 구로구 고척동,서울특별시 구로구 고척로 162 (고척동),근린생활1,제1종근린생활시설,1018115741,지번
1153010600102580006,서울특별시 구로구 고척동,서울특별시 구로구 고척로 148-2 (고척동),근린생활2,제2종근린생활시설,1018122320,지번
1153010600102710049,서울특별시 구로구 고척동,서울특별시 구로구 경인로35길 118-4 (고척동),근린생활2,제2종근린생활시설,1018119261,지번
1153010200101360030,서울특별시 구로구 구로동,서울특별시 구로구 구로중앙로 37 (구로동),근린생활1,제1종근린생활시설,1018113981,지번
1153010600102690012,서울특별시 구로구 고척동,서울특별시 구로구 경인로35길 131-44 (고척동),근린생활2,제2종근린생활시설,101818155,지번
1153010600102690018,서울특별시 구로구 고척동,서울특별시 구로구 경인로33길 75 (고척동),근린생활1,제1종근린생활시설,101818789,지번
1153010600102730053,서울특별시 구로구 고척동,서울특별시 구로구 경인로35길 83 (고척동),근린생활1,제1종근린생활시설,101819054,지번
1153010600102730004,서울특별시 구로구 고척동,서울특별시 구로구 경인로35길 113-19 (고척동),근린생활2,제2종근린생활시설,101817022,지번
1153010600102570017,서울특별시 구로구 고척동,서울특별시 구로구 경인로33길 106 (고척동),근린생활1,제1종근린생활시설,101819602,지번
1153010700101340008,서울특별시 구로구 개봉동,서울특별시 구로구 경인로33길 51 (개봉동),근린생활1,제1종근린생활시설,10181100184022,지번
1153010600102730011,서울특별시 구로구 고척동,서울특별시 구로구 경인로33길 66 (고척동),근린생활1,제1종근린생활시설,1018119821,지번
1153010600102690010,서울특별시 구로구 고척동,서울특별시 구로구 고척로40길 33-4 (고척동),근린생활1,제1종근린생활시설,101814543,지번
1153010600102690005,서울특별시 구로구 고척동,서울특별시 구로구 경인로33길 82 (고척동),근린생활1,제1종근린생활시설,1018113073,지번
1153010600102690015,서울특별시 구로구 고척동,서울특별시 구로구 경인로35길 131-48 (고척동),근린생활1,제1종근린생활시설,1018120728,지번
1153010600102690011,서울특별시 구로구 고척동,서울특별시 구로구 고척로40길 33-6 (고척동),근린생활2,제2종근린생활시설,1018110804,지번
1153010600102580012,서울특별시 구로구 고척동,서울특별시 구로구 고척로 152 (고척동),근린생활2,제2종근린생활시설,1018116903,지번
1153010600102690013,서울특별시 구로구 고척동,서울특별시 구로구 경인로33길 76 (고척동),근린생활2,제2종근린생활시설,1018115637,지번
1153010600102560006,서울특별시 구로구 고척동,서울특별시 구로구 고척로40길 30 (고척동),근린생활1,제1종근린생활시설,101815950,지번
1153010600102570028,서울특별시 구로구 고척동,서울특별시 구로구 고척로32길 11-9 (고척동),근린생활2,제2종근린생활시설,1018119419,지번
1153010600101970004,서울특별시 구로구 고척동,서울특별시 구로구 중앙로15길 35 (고척동),근린생활2,창고시설,101812476,지번
1153010600101970004,서울특별시 구로구 고척동,서울특별시 구로구 중앙로15길 35 (고척동),근린생활2,제2종근린생활시설,101812477,지번
1153010600102730012,서울특별시 구로구 고척동,서울특별시 구로구 경인로33길 64 (고척동),근린생활1,제1종근린생활시설,1018113549,지번
1153010600102580017,서울특별시 구로구 고척동,서울특별시 구로구 고척로40길 10 (고척동),근린생활1,제1종근린생활시설,1018110434,지번
1153010700101390122,서울특별시 구로구 개봉동,서울특별시 구로구 경인로33다길 6 (개봉동),근린생활1,제1종근린생활시설,101815914,지번
1153010600102690014,서울특별시 구로구 고척동,서울특별시 구로구 경인로33길 78 (고척동),근린생활1,제1종근린생활시설,1018119574,지번
1153010600102730006,서울특별시 구로구 고척동,서울특별시 구로구 경인로33길 70 (고척동),근린생활1,제1종근린생활시설,1018119083,지번
1153010600102570010,서울특별시 구로구 고척동,서울특별시 구로구 고척로40길 22 (고척동),근린생활1,제1종근린생활시설,1018117903,지번
1153010600102710040,서울특별시 구로구 고척동,서울특별시 구로구 경인로35길 113 (고척동),근린생활2,제2종근린생활시설,1018118293,지번
1153010600102590002,서울특별시 구로구 고척동,서울특별시 구로구 고척로 152-5 (고척동),근린생활1,제1종근린생활시설,101817321,지번
1153010600102680038,서울특별시 구로구 고척동,서울특별시 구로구 경인로35길 131-32 (고척동),근린생활1,제1종근린생활시설,1018116319,지번
1153010600102710192,서울특별시 구로구 고척동,서울특별시 구로구 경인로35길 131-7 (고척동),근린생활2,제2종근린생활시설,1018121608,지번
1153010200101390036,서울특별시 구로구 구로동,서울특별시 구로구 구로중앙로 27 (구로동),근린생활1,제1종근린생활시설,101818699,지번
1153010200107170036,서울특별시 구로구 구로동,서울특별시 구로구 구로동로15길 19 (구로동),근린생활2,제2종근린생활시설,1018112238,지번
1153010600102640014,서울특별시 구로구 고척동,서울특별시 구로구 고척로40길 3-1 (고척동),근린생활1,제1종근린생활시설,1018115210,지번
1153010600102650004,서울특별시 구로구 고척동,서울특별시 구로구 고척로 157 (고척동),근린생활1,제1종근린생활시설,1018117077,지번
1153010600102560001,서울특별시 구로구 고척동,서울특별시 구로구 경인로33길 98 (고척동),근린생활1,제1종근린생활시설,1018115674,지번
1153010600102730003,서울특별시 구로구 고척동,서울특별시 구로구 경인로35길 113-17 (고척동),근린생활1,제1종근린생활시설,1018120695,지번
1153010600102680005,서울특별시 구로구 고척동,서울특별시 구로구 고척로40길 13-7 (고척동),근린생활1,제1종근린생활시설,1018121470,지번
1153010600102710037,서울특별시 구로구 고척동,서울특별시 구로구 경인로35길 113-4 (고척동),근린생활1,제1종근린생활시설,1018124471,지번
1153010600102710057,서울특별시 구로구 고척동,서울특별시 구로구 경인로35길 114-2 (고척동),근린생활1,제1종근린생활시설,101816361,지번
1153010700100670006,서울특별시 구로구 개봉동,서울특별시 구로구 고척로21길 7 (개봉동),근린생활2,제2종근린생활시설,1018121813,지번
1153010600102710064,서울특별시 구로구 고척동,서울특별시 구로구 경인로35길 108-2 (고척동),근린생활1,제1종근린생활시설,1018124190,지번
1153010200101090000,서울특별시 구로구 구로동,서울특별시 구로구 구로중앙로28길 40 (구로동),근린생활2,제2종근린생활시설,1018121404,지번
1153010600102710015,서울특별시 구로구 고척동,서울특별시 구로구 경인로35길 126 (고척동),근린생활1,제1종근린생활시설,1018123474,지번
1153010600102650007,서울특별시 구로구 고척동,서울특별시 구로구 고척로 156 (고척동),근린생활1,제1종근린생활시설,1018121203,지번
1153010600101450112,서울특별시 구로구 고척동,서울특별시 구로구 고척로52길 75 (고척동),근린생활1,제1종근린생활시설,1018121691,지번
1153010600102580005,서울특별시 구로구 고척동,서울특별시 구로구 고척로 148 (고척동),근린생활2,제2종근린생활시설,1018124459,지번
1153010600102590004,서울특별시 구로구 고척동,서울특별시 구로구 고척로 154 (고척동),근린생활1,제1종근린생활시설,101816452,지번
1153010600101640108,서울특별시 구로구 고척동,서울특별시 구로구 경인로35길 138 (고척동),근린생활1,제1종근린생활시설,1018120374,지번
1153010700100600082,서울특별시 구로구 개봉동,서울특별시 구로구 고척로 82 (개봉동),근린생활1,공동주택,101814300,지번
1153010700100600082,서울특별시 구로구 개봉동,서울특별시 구로구 고척로 82 (개봉동),근린생활1,공동주택,101814301,지번
1153010700100600082,서울특별시 구로구 개봉동,서울특별시 구로구 고척로 82 (개봉동),근린생활1,공동주택,101814302,지번
1153010700100600082,서울특별시 구로구 개봉동,서울특별시 구로구 고척로 82 (개봉동),근린생활1,공동주택,101814303,지번
1153010700100600082,서울특별시 구로구 개봉동,서울특별시 구로구 고척로 82 (개봉동),근린생활1,제1종근린생활시설,101814304,지번
1153010600102710086,서울특별시 구로구 고척동,서울특별시 구로구 경인로35길 94-2 (고척동),근린생활2,제2종근린생활시설,101819366,지번
1153010600102580011,서울특별시 구로구 고척동,서울특별시 구로구 고척로 150 (고척동),근린생활1,제1종근린생활시설,101817747,지번
1153010700101280006,서울특별시 구로구 개봉동,서울특별시 구로구 고척로30길 13-3 (개봉동),근린생활2,제2종근린생활시설,1018113565,지번
1153010200101860011,서울특별시 구로구 구로동,서울특별시 구로구 도림천로 440 (구로동),근린생활2,제2종근린생활시설,1018119940,지번
1153010600100760074,서울특별시 구로구 고척동,서울특별시 구로구 경인로 405 (고척동),판매시설,판매시설,1000000000000000112564,지번
1153010700101140006,서울특별시 구로구 개봉동,서울특별시 구로구 고척로25길 72 (개봉동),근린생활1,제1종근린생활시설,101816517,지번
1153010900100400001,서울특별시 구로구 궁동,서울특별시 구로구 오리로 1352 (궁동),근린생활1,제1종근린생활시설,10181100234193,지번
1153010700101310028,서울특별시 구로구 개봉동,서울특별시 구로구 경인로33길 67 (개봉동),근린생활2,제2종근린생활시설,10181100251187,지번
1153010200105000020,서울특별시 구로구 구로동,서울특별시 구로구 구로중앙로 135-4 (구로동),근린생활2,제2종근린생활시설,1018120589,지번
1153010600102730057,서울특별시 구로구 고척동,서울특별시 구로구 경인로35길 77 (고척동),근린생활1,제1종근린생활시설,1018122356,지번
1153010300101250004,서울특별시 구로구 가리봉동,서울특별시 구로구 우마길 22 (가리봉동),근린생활1,제1종근린생활시설,1018115624,지번
1153010700101220016,서울특별시 구로구 개봉동,서울특별시 구로구 고척로27길 7 (개봉동),근린생활1,제1종근린생활시설,1018115306,지번
1153010200101200005,서울특별시 구로구 구로동,서울특별시 구로구 구로중앙로8길 50 (구로동),근린생활1,제1종근린생활시설,10181100202020,지번
1153010700100500003,서울특별시 구로구 개봉동,서울특별시 구로구 고척로21나길 84 (개봉동),근린생활2,제2종근린생활시설,101811619,지번
1153010600100460022,서울특별시 구로구 고척동,서울특별시 구로구 경인로47길 96 (고척동),근린생활1,제1종근린생활시설,1018121282,지번
1153010600100620077,서울특별시 구로구 고척동,서울특별시 구로구 안양천로537가길 22-5 (고척동),근린생활2,제2종근린생활시설,10181100195558,지번
1153010200101360069,서울특별시 구로구 구로동,서울특별시 구로구 구로중앙로 30-3 (구로동),근린생활2,제2종근린생활시설,101811108,지번
1153010200101360069,서울특별시 구로구 구로동,서울특별시 구로구 구로중앙로 30-3 (구로동),근린생활2,자동차관련시설,101811109,지번
1153010800100810098,서울특별시 구로구 오류동,서울특별시 구로구 고척로1길 30 (오류동),근린생활1,제1종근린생활시설,10181100232308,지번
1153010200107300010,서울특별시 구로구 구로동,서울특별시 구로구 구로동로26길 47 (구로동),근린생활1,제1종근린생활시설,1018113482,지번
1153010200101130004,서울특별시 구로구 구로동,서울특별시 구로구 구로중앙로28길 35-11 (구로동),근린생활1,제1종근린생활시설,1018110992,지번
1153010700100180020,서울특별시 구로구 개봉동,서울특별시 구로구 고척로21라길 50-12 (개봉동),근린생활2,제2종근린생활시설,101818731,지번
1153010900101150003,서울특별시 구로구 궁동,서울특별시 구로구 오리로22다길 13-13 (궁동),근린생활2,제2종근린생활시설,1018123678,지번
1153010700100670027,서울특별시 구로구 개봉동,서울특별시 구로구 고척로21길 3 (개봉동),근린생활2,제2종근린생활시설,1018112103,지번
1153010700101180028,서울특별시 구로구 개봉동,서울특별시 구로구 고척로27길 54 (개봉동),근린생활1,제1종근린생활시설,101817445,지번
1153010700100680319,서울특별시 구로구 개봉동,서울특별시 구로구 고척로20길 7-13 (개봉동),근린생활1,제1종근린생활시설,1018111720,지번
1153010700100630033,서울특별시 구로구 개봉동,서울특별시 구로구 고척로19길 8 (개봉동),근린생활1,제1종근린생활시설,1018111674,지번
1153010300101240033,서울특별시 구로구 가리봉동,서울특별시 구로구 남부순환로105길 112 (가리봉동),근린생활2,제2종근린생활시설,10181100272547,지번
1153010200104860055,서울특별시 구로구 구로동,서울특별시 구로구 구로동로47길 6 (구로동),근린생활2,제2종근린생활시설,10181100266207,지번
1153010700101080027,서울특별시 구로구 개봉동,서울특별시 구로구 고척로27마길 9 (개봉동),근린생활1,제1종근린생활시설,1018112207,지번
1153010700100960001,서울특별시 구로구 개봉동,서울특별시 구로구 고척로23길 16 (개봉동),근린생활1,제1종근린생활시설,1018121445,지번
1153010700102770007,서울특별시 구로구 개봉동,서울특별시 구로구 개봉로12길 43 (개봉동),근린생활1,제1종근린생활시설,1018121747,지번
1153010700101190004,서울특별시 구로구 개봉동,서울특별시 구로구 고척로27길 38 (개봉동),근린생활1,제1종근린생활시설,101814899,지번
1153010700101260004,서울특별시 구로구 개봉동,서울특별시 구로구 고척로 129 (개봉동),근린생활2,제2종근린생활시설,1018117432,지번
1153010700101050000,서울특별시 구로구 개봉동,서울특별시 구로구 고척로27길 115 (개봉동),근린생활1,제1종근린생활시설,1018122847,지번
1153010700101130004,서울특별시 구로구 개봉동,서울특별시 구로구 고척로27다길 6 (개봉동),근린생활1,제1종근린생활시설,1018124795,지번
1153010700101260007,서울특별시 구로구 개봉동,서울특별시 구로구 고척로 127 (개봉동),근린생활1,제1종근린생활시설,1018110593,지번
1153010700101260001,서울특별시 구로구 개봉동,서울특별시 구로구 고척로 133 (개봉동),근린생활2,제2종근린생활시설,101816017,지번
1153010700101260023,서울특별시 구로구 개봉동,서울특별시 구로구 고척로 130-1 (개봉동),근린생활1,제1종근린생활시설,1018115378,지번
1153010600102530116,서울특별시 구로구 고척동,서울특별시 구로구 고척로 139 (고척동),근린생활1,제1종근린생활시설,1018124240,지번
1153010700102980072,서울특별시 구로구 개봉동,서울특별시 구로구 개봉로3길 108-11 (개봉동),근린생활1,제1종근린생활시설,10181100272187,지번
1153010700100670029,서울특별시 구로구 개봉동,서울특별시 구로구 고척로22길 8 (개봉동),근린생활2,제2종근린생활시설,101817404,지번
1153010600102530014,서울특별시 구로구 고척동,서울특별시 구로구 고척로32길 11 (고척동),근린생활1,제1종근린생활시설,1018111849,지번
1153010700101050023,서울특별시 구로구 개봉동,서울특별시 구로구 고척로27길 114 (개봉동),근린생활1,제1종근린생활시설,101814151,지번
1153010700101050023,서울특별시 구로구 개봉동,서울특별시 구로구 고척로27길 114 (개봉동),근린생활1,제1종근린생활시설,101814152,지번
1153010700100330126,서울특별시 구로구 개봉동,서울특별시 구로구 고척로21가길 4 (개봉동),근린생활1,제1종근린생활시설,101814491,지번
1153010700100330126,서울특별시 구로구 개봉동,서울특별시 구로구 고척로21가길 4 (개봉동),근린생활1,제1종근린생활시설,101814492,지번
1153010700100330188,서울특별시 구로구 개봉동,,근린생활2,제2종근린생활시설,1018115105,지번
1153010600102570007,서울특별시 구로구 고척동,서울특별시 구로구 고척로40길 20 (고척동),근린생활1,제1종근린생활시설,1018114329,지번
1153010700101320017,서울특별시 구로구 개봉동,서울특별시 구로구 경인로33마길 25 (개봉동),근린생활1,제1종근린생활시설,1018110287,지번
1153010600101680039,서울특별시 구로구 고척동,서울특별시 구로구 고척로51길 12 (고척동),근린생활1,제1종근린생활시설,1018112253,지번
1153010700101080016,서울특별시 구로구 개봉동,서울특별시 구로구 고척로27길 107 (개봉동),근린생활2,제2종근린생활시설,1018122304,지번
1153010700101080026,서울특별시 구로구 개봉동,서울특별시 구로구 고척로27마길 3-2 (개봉동),근린생활1,제1종근린생활시설,1018117831,지번
1153010200104150003,서울특별시 구로구 구로동,서울특별시 구로구 구로동로 173 (구로동),근린생활1,제1종근린생활시설,1018113100,지번
1153010200105120065,서울특별시 구로구 구로동,서울특별시 구로구 구로중앙로27길 6 (구로동),근린생활2,제2종근린생활시설,101811303,지번
1153010700100050003,서울특별시 구로구 개봉동,서울특별시 구로구 고척로21길 47 (개봉동),근린생활2,제2종근린생활시설,101816603,지번
1153010700101260032,서울특별시 구로구 개봉동,서울특별시 구로구 고척로 128 (개봉동),근린생활1,제1종근린생활시설,1018115679,지번
1153010700100380040,서울특별시 구로구 개봉동,서울특별시 구로구 고척로21가길 46 (개봉동),근린생활1,제1종근린생활시설,10181100253027,지번
1153010700104160052,서울특별시 구로구 개봉동,서울특별시 구로구 경인로31길 68 (개봉동),근린생활1,제1종근린생활시설,1018123984,지번
1153010700101130015,서울특별시 구로구 개봉동,서울특별시 구로구 고척로27길 70 (개봉동),근린생활1,제1종근린생활시설,1018117312,지번
1153010700100920003,서울특별시 구로구 개봉동,서울특별시 구로구 고척로 115-3 (개봉동),근린생활2,제2종근린생활시설,101812465,지번
1153010700100920003,서울특별시 구로구 개봉동,서울특별시 구로구 고척로 115 (개봉동),근린생활2,위험물저장및처리시설,101812466,지번
1153010100102810098,서울특별시 구로구 신도림동,서울특별시 구로구 구로중앙로42길 128-8 (신도림동),근린생활2,제2종근린생활시설,1018116107,지번
1153010100102960020,서울특별시 구로구 신도림동,서울특별시 구로구 신도림로15가길 11-4 (신도림동),근린생활2,제2종근린생활시설,1018113129,지번
1153010100104160015,서울특별시 구로구 신도림동,서울특별시 구로구 신도림로11길 4 (신도림동),근린생활1,제1종근린생활시설,1018117584,지번
1153010100102960054,서울특별시 구로구 신도림동,서울특별시 구로구 신도림로15가길 12 (신도림동),근린생활2,제2종근린생활시설,1018111458,지번
1153010100103960020,서울특별시 구로구 신도림동,서울특별시 구로구 신도림로11길 11 (신도림동),근린생활1,제1종근린생활시설,1018111834,지번
1153010100102960025,서울특별시 구로구 신도림동,서울특별시 구로구 신도림로15가길 17 (신도림동),근린생활2,제2종근린생활시설,1018116929,지번
1153010100102790003,서울특별시 구로구 신도림동,서울특별시 구로구 신도림로15길 77 (신도림동),근린생활2,제2종근린생활시설,1018120739,지번
1153010100103920013,서울특별시 구로구 신도림동,서울특별시 구로구 신도림로13길 33-4 (신도림동),근린생활1,제1종근린생활시설,1018114553,지번
1153010100103960021,서울특별시 구로구 신도림동,서울특별시 구로구 신도림로11길 15 (신도림동),근린생활2,제2종근린생활시설,101814652,지번
1153010100102920201,서울특별시 구로구 신도림동,서울특별시 구로구 구로중앙로42길 92-1 (신도림동),근린생활2,제2종근린생활시설,1018110927,지번
1153010900102320016,서울특별시 구로구 궁동,서울특별시 구로구 오리로21길 60 (궁동),근린생활2,제2종근린생활시설,1000000000000003092373,지번
1153010100102920186,서울특별시 구로구 신도림동,서울특별시 구로구 신도림로11길 54-34 (신도림동),근린생활2,제2종근린생활시설,1018111446,지번
1153010100103930019,서울특별시 구로구 신도림동,서울특별시 구로구 신도림로11길 8-10 (신도림동),근린생활1,제1종근린생활시설,1018113415,지번
1153010100102940019,서울특별시 구로구 신도림동,서울특별시 구로구 신도림로11나길 31 (신도림동),근린생활2,창고시설,101813847,지번
1153010100102940019,서울특별시 구로구 신도림동,서울특별시 구로구 신도림로11나길 27 (신도림동),근린생활2,제2종근린생활시설,101813848,지번
1153010200105700116,서울특별시 구로구 구로동,서울특별시 구로구 새말로 18-29 (구로동),근린생활2,제2종근린생활시설,1018113446,지번
1153010100103960252,서울특별시 구로구 신도림동,서울특별시 구로구 구로중앙로40길 46 (신도림동),근린생활1,제1종근린생활시설,101817446,지번
1153010100103990007,서울특별시 구로구 신도림동,서울특별시 구로구 구로중앙로40길 15 (신도림동),근린생활2,제2종근린생활시설,1018118683,지번
1153010100102920013,서울특별시 구로구 신도림동,서울특별시 구로구 신도림로11길 30 (신도림동),근린생활1,제1종근린생활시설,101817822,지번
1153010100102930115,서울특별시 구로구 신도림동,서울특별시 구로구 신도림로11라길 12 (신도림동),근린생활1,제1종근린생활시설,101812220,지번
1153010100102930028,서울특별시 구로구 신도림동,서울특별시 구로구 신도림로11라길 21 (신도림동),근린생활1,제1종근린생활시설,1018111768,지번
1153010100102930028,서울특별시 구로구 신도림동,서울특별시 구로구 신도림로11라길 21 (신도림동),근린생활1,공동주택,101813017,지번
1153010100102930028,서울특별시 구로구 신도림동,서울특별시 구로구 신도림로11라길 21 (신도림동),근린생활1,공동주택,101813018,지번
1153010100102960028,서울특별시 구로구 신도림동,서울특별시 구로구 신도림로15가길 19 (신도림동),근린생활2,제2종근린생활시설,101811115,지번
1153010100102960028,서울특별시 구로구 신도림동,서울특별시 구로구 신도림로15가길 19 (신도림동),근린생활2,제2종근린생활시설,101811116,지번
1153010100102810070,서울특별시 구로구 신도림동,,근린생활2,제2종근린생활시설,101819026,지번
1153010100102960062,서울특별시 구로구 신도림동,서울특별시 구로구 신도림로15가길 18 (신도림동),근린생활1,제1종근린생활시설,101819937,지번
1153010100102800017,서울특별시 구로구 신도림동,서울특별시 구로구 신도림로11라길 47-3 (신도림동),근린생활1,제1종근린생활시설,1018123813,지번
1153010100102800019,서울특별시 구로구 신도림동,서울특별시 구로구 신도림로11라길 45 (신도림동),근린생활1,제1종근린생활시설,1018112600,지번
1153010200100270003,서울특별시 구로구 구로동,서울특별시 구로구 새말로18길 24 (구로동),근린생활2,제2종근린생활시설,101819738,지번
1153010200100280000,서울특별시 구로구 구로동,서울특별시 구로구 공원로6나길 43-16 (구로동),근린생활1,제1종근린생활시설,101819404,지번
1153010100103950004,서울특별시 구로구 신도림동,서울특별시 구로구 신도림로11길 22-1 (신도림동),근린생활1,제1종근린생활시설,101812278,지번
1153010100103950004,서울특별시 구로구 신도림동,서울특별시 구로구 신도림로11나길 4 (신도림동),근린생활1,제2종근린생활시설,101812279,지번
1153010100102920234,서울특별시 구로구 신도림동,서울특별시 구로구 신도림로11길 38 (신도림동),근린생활1,제1종근린생활시설,101817145,지번
1153010100103960221,서울특별시 구로구 신도림동,서울특별시 구로구 구로중앙로40가길 17 (신도림동),근린생활2,제2종근린생활시설,1018122583,지번
1153010100103960130,서울특별시 구로구 신도림동,서울특별시 구로구 신도림로5길 1 (신도림동),근린생활2,제2종근린생활시설,101815234,지번
1153010200100430009,서울특별시 구로구 구로동,서울특별시 구로구 공원로8길 30-13 (구로동),근린생활2,제2종근린생활시설,1018119967,지번
1153010200100410001,서울특별시 구로구 구로동,서울특별시 구로구 공원로6나길 28 (구로동),근린생활2,제2종근린생활시설,1018124651,지번
1153010200100410016,서울특별시 구로구 구로동,서울특별시 구로구 공원로8길 45 (구로동),근린생활1,제1종근린생활시설,101817118,지번
1153010200100280002,서울특별시 구로구 구로동,서울특별시 구로구 공원로6나길 49-16 (구로동),근린생활2,제2종근린생활시설,1018121526,지번
1153010200100290002,서울특별시 구로구 구로동,서울특별시 구로구 새말로18길 20-27 (구로동),근린생활2,제2종근린생활시설,1018116647,지번
1153010200100290000,서울특별시 구로구 구로동,서울특별시 구로구 공원로6나길 35-16 (구로동),근린생활2,제2종근린생활시설,1018113086,지번
1153010700101780013,서울특별시 구로구 개봉동,서울특별시 구로구 경인로40길 12 (개봉동),근린생활1,제1종근린생활시설,1018122979,지번
1153010200100400001,서울특별시 구로구 구로동,서울특별시 구로구 공원로6나길 6 (구로동),근린생활2,제2종근린생활시설,1018117835,지번
1153010200100310000,서울특별시 구로구 구로동,서울특별시 구로구 공원로6다길 14 (구로동),근린생활1,제1종근린생활시설,101815184,지번
1153010100103950003,서울특별시 구로구 신도림동,서울특별시 구로구 신도림로11나길 8 (신도림동),근린생활2,제2종근린생활시설,1018123646,지번
1153010100102960027,서울특별시 구로구 신도림동,서울특별시 구로구 신도림로15가길 21 (신도림동),근린생활2,제2종근린생활시설,1018123137,지번
1153010100102960031,서울특별시 구로구 신도림동,서울특별시 구로구 신도림로15길 21-22 (신도림동),근린생활2,제2종근린생활시설,101816902,지번
1153010100102810029,서울특별시 구로구 신도림동,서울특별시 구로구 신도림로15길 81 (신도림동),근린생활2,제2종근린생활시설,1018111647,지번
1153010100102930025,서울특별시 구로구 신도림동,서울특별시 구로구 신도림로11라길 30 (신도림동),근린생활2,제2종근린생활시설,1018115436,지번
1153010100102810073,서울특별시 구로구 신도림동,서울특별시 구로구 구로중앙로42길 128-5 (신도림동),근린생활2,제2종근린생활시설,1018120136,지번
1153010200105460013,서울특별시 구로구 구로동,서울특별시 구로구 구로중앙로28다길 56 (구로동),근린생활2,제2종근린생활시설,1018117085,지번
1153010100104390006,서울특별시 구로구 신도림동,서울특별시 구로구 경인로 612 (신도림동),근린생활2,제2종근린생활시설,101811978,지번
1153010100104390006,서울특별시 구로구 신도림동,서울특별시 구로구 경인로 612 (신도림동),근린생활2,제2종근린생활시설,101811979,지번
1153010100104390006,서울특별시 구로구 신도림동,서울특별시 구로구 경인로 612 (신도림동),근린생활2,제1종근린생활시설,101811980,지번
1153010200105510160,서울특별시 구로구 구로동,서울특별시 구로구 구로중앙로28가길 45 (구로동),근린생활1,제1종근린생활시설,1018110247,지번
1153010200100310009,서울특별시 구로구 구로동,서울특별시 구로구 새말로16길 32 (구로동),근린생활2,제2종근린생활시설,1018114050,지번
1153010200105450020,서울특별시 구로구 구로동,서울특별시 구로구 공원로9길 20 (구로동),근린생활1,제1종근린생활시설,1018123897,지번
1153010100103960019,서울특별시 구로구 신도림동,서울특별시 구로구 신도림로11길 9 (신도림동),근린생활1,제1종근린생활시설,1018124217,지번
1153010100102930112,서울특별시 구로구 신도림동,서울특별시 구로구 신도림로11라길 16 (신도림동),근린생활1,제1종근린생활시설,1018116638,지번
1153010100103890003,서울특별시 구로구 신도림동,서울특별시 구로구 신도림로15길 7 (신도림동),근린생활1,제1종근린생활시설,1018116096,지번
1153010100102930118,서울특별시 구로구 신도림동,서울특별시 구로구 신도림로11라길 8 (신도림동),근린생활1,제1종근린생활시설,1018121220,지번
1153010200105970015,서울특별시 구로구 구로동,서울특별시 구로구 경인로56길 6 (구로동),근린생활1,제1종근린생활시설,101818570,지번
1153010200106070006,서울특별시 구로구 구로동,서울특별시 구로구 경인로55길 13 (구로동),근린생활1,제1종근린생활시설,1018112952,지번
1153010100102920229,서울특별시 구로구 신도림동,서울특별시 구로구 신도림로11길 53 (신도림동),근린생활1,제1종근린생활시설,1018115282,지번
1153010100102810096,서울특별시 구로구 신도림동,서울특별시 구로구 구로중앙로42길 128-14 (신도림동),근린생활1,제1종근린생활시설,1018110129,지번
1153010800101370046,서울특별시 구로구 오류동,서울특별시 구로구 서해안로30길 13-7 (오류동),근린생활2,제2종근린생활시설,101816031,지번
1153010200101110014,서울특별시 구로구 구로동,서울특별시 구로구 구로중앙로28다길 7 (구로동),근린생활1,제1종근린생활시설,101815609,지번
1153010200105520092,서울특별시 구로구 구로동,서울특별시 구로구 구로중앙로34길 71 (구로동),근린생활1,제1종근린생활시설,1018119353,지번
1153010200101120045,서울특별시 구로구 구로동,서울특별시 구로구 구로중앙로28길 35-14 (구로동),근린생활1,제1종근린생활시설,1018115337,지번
1153010100103800003,서울특별시 구로구 신도림동,서울특별시 구로구 경인로63길 21-24 (신도림동),근린생활1,공장,101813064,지번
1153010100103800003,서울특별시 구로구 신도림동,서울특별시 구로구 경인로63길 21-24 (신도림동),근린생활1,제1종근린생활시설,101813065,지번
1153010100104310008,서울특별시 구로구 신도림동,서울특별시 구로구 경인로 621 (신도림동),근린생활1,제1종근린생활시설,1018113156,지번
1153010100103830003,서울특별시 구로구 신도림동,서울특별시 구로구 경인로63길 21-10 (신도림동),근린생활1,제1종근린생활시설,101818303,지번
1153010200200010004,서울특별시 구로구 구로동,서울특별시 구로구 새말로 58 (구로동),근린생활2,제2종근린생활시설,10181100189464,지번
1153010100104160023,서울특별시 구로구 신도림동,서울특별시 구로구 신도림로9길 6 (신도림동),근린생활2,단독주택,101813042,지번
1153010100104160023,서울특별시 구로구 신도림동,서울특별시 구로구 신도림로9길 4 (신도림동),근린생활2,제2종근린생활시설,101813043,지번
1153010200106120009,서울특별시 구로구 구로동,서울특별시 구로구 구로중앙로 216-1 (구로동),근린생활1,제1종근린생활시설,1018117804,지번
1153010200105570005,서울특별시 구로구 구로동,서울특별시 구로구 새말로9길 40 (구로동),근린생활2,제2종근린생활시설,1018121917,지번
1153010200105460003,서울특별시 구로구 구로동,서울특별시 구로구 공원로 67 (구로동),근린생활1,제1종근린생활시설,1018122737,지번
1153010100102930077,서울특별시 구로구 신도림동,서울특별시 구로구 신도림로11라길 7-24 (신도림동),근린생활1,제1종근린생활시설,1018112687,지번
1153010100103970005,서울특별시 구로구 신도림동,서울특별시 구로구 신도림로 23 (신도림동),근린생활1,제1종근린생활시설,101819785,지번
1153010200106120022,서울특별시 구로구 구로동,서울특별시 구로구 구로중앙로 209 (구로동),근린생활1,제1종근린생활시설,1018124191,지번
1153010100103820002,서울특별시 구로구 신도림동,서울특별시 구로구 경인로63길 21-8 (신도림동),근린생활2,제2종근린생활시설,101816040,지번
1153010200105690017,서울특별시 구로구 구로동,서울특별시 구로구 새말로 22 (구로동),근린생활2,제2종근린생활시설,1018123830,지번
1153010200100300038,서울특별시 구로구 구로동,서울특별시 구로구 새말로16길 19 (구로동),근린생활2,제2종근린생활시설,1018112817,지번
1153010100102990004,서울특별시 구로구 신도림동,서울특별시 구로구 신도림로19길 56 (신도림동),근린생활1,제1종근린생활시설,1018120974,지번
1153010100102960096,서울특별시 구로구 신도림동,서울특별시 구로구 신도림로15길 27 (신도림동),근린생활2,제2종근린생활시설,101817501,지번
1153010200100400008,서울특별시 구로구 구로동,서울특별시 구로구 공원로8길 33 (구로동),근린생활2,제2종근린생활시설,101817235,지번
1153010100102810097,서울특별시 구로구 신도림동,서울특별시 구로구 구로중앙로42길 126-9 (신도림동),근린생활2,제2종근린생활시설,1018110644,지번
1153010100102940022,서울특별시 구로구 신도림동,서울특별시 구로구 신도림로13길 51 (신도림동),근린생활2,제2종근린생활시설,101816374,지번
1153010200106000061,서울특별시 구로구 구로동,서울특별시 구로구 경인로58길 5-1 (구로동),근린생활1,제1종근린생활시설,101816812,지번
1153010200105010008,서울특별시 구로구 구로동,서울특별시 구로구 구로중앙로34길 22 (구로동),근린생활1,제1종근린생활시설,1018112359,지번
1153010200105700071,서울특별시 구로구 구로동,서울특별시 구로구 새말로 34 (구로동),근린생활2,제2종근린생활시설,1018110422,지번
1153010200100300000,서울특별시 구로구 구로동,서울특별시 구로구 새말로16길 15 (구로동),근린생활1,제1종근린생활시설,1018118586,지번
1153010200100310024,서울특별시 구로구 구로동,서울특별시 구로구 공원로6나길 17-1 (구로동),근린생활1,제1종근린생활시설,1018114528,지번
1153010200105470030,서울특별시 구로구 구로동,서울특별시 구로구 공원로7길 32 (구로동),근린생활2,제2종근린생활시설,101815336,지번
1153010200105470031,서울특별시 구로구 구로동,서울특별시 구로구 공원로7길 36 (구로동),근린생활1,제1종근린생활시설,1018116780,지번
1153010200105520060,서울특별시 구로구 구로동,서울특별시 구로구 공원로11길 4 (구로동),근린생활1,제1종근린생활시설,101818369,지번
1153010200105520005,서울특별시 구로구 구로동,서울특별시 구로구 새말로12길 33 (구로동),근린생활1,제1종근린생활시설,1018117361,지번
1153010200100300023,서울특별시 구로구 구로동,서울특별시 구로구 공원로6나길 29-17 (구로동),근린생활1,제1종근린생활시설,1018111587,지번
1153010200100300039,서울특별시 구로구 구로동,서울특별시 구로구 새말로16길 17 (구로동),근린생활1,제1종근린생활시설,1018121910,지번
1153010200105470008,서울특별시 구로구 구로동,서울특별시 구로구 구로중앙로28다길 45 (구로동),근린생활2,제2종근린생활시설,1018123175,지번
1153010100102810045,서울특별시 구로구 신도림동,서울특별시 구로구 신도림로11라길 59-16 (신도림동),근린생활1,제1종근린생활시설,1018118995,지번
1153010100102960064,서울특별시 구로구 신도림동,서울특별시 구로구 신도림로15가길 20 (신도림동),근린생활2,제2종근린생활시설,1018121177,지번
1153010200105970047,서울특별시 구로구 구로동,서울특별시 구로구 경인로 544 (구로동),근린생활2,제2종근린생활시설,1018110849,지번
1153010100103960227,서울특별시 구로구 신도림동,서울특별시 구로구 신도림로 29 (신도림동),근린생활2,제2종근린생활시설,101818326,지번
1153010200105510023,서울특별시 구로구 구로동,서울특별시 구로구 구로중앙로32나길 29 (구로동),근린생활1,제1종근린생활시설,1018115259,지번
1153010200100410006,서울특별시 구로구 구로동,서울특별시 구로구 공원로6나길 44 (구로동),근린생활2,제2종근린생활시설,1018112424,지번
1153010200100230003,서울특별시 구로구 구로동,서울특별시 구로구 공원로8길 11 (구로동),근린생활1,제1종근린생활시설,1018117256,지번
1153010100103940058,서울특별시 구로구 신도림동,서울특별시 구로구 신도림로9길 23 (신도림동),근린생활2,제2종근린생활시설,1018110479,지번
1153010200100330002,서울특별시 구로구 구로동,서울특별시 구로구 공원로6다길 8 (구로동),근린생활1,제1종근린생활시설,101815739,지번
1153010200105690025,서울특별시 구로구 구로동,서울특별시 구로구 새말로 18 (구로동),근린생활2,제2종근린생활시설,1018118788,지번
1153010200105690008,서울특별시 구로구 구로동,서울특별시 구로구 새말로 19 (구로동),근린생활2,제2종근린생활시설,1018111398,지번
1153010200105460001,서울특별시 구로구 구로동,서울특별시 구로구 공원로 71 (구로동),근린생활2,제2종근린생활시설,1018120405,지번
1153010200105700060,서울특별시 구로구 구로동,서울특별시 구로구 새말로 38-11 (구로동),근린생활2,제2종근린생활시설,1018115248,지번
1153010200105970040,서울특별시 구로구 구로동,서울특별시 구로구 경인로 546-1 (구로동),근린생활1,단독주택,101811261,지번
1153010200105970040,서울특별시 구로구 구로동,서울특별시 구로구 경인로 546-1 (구로동),근린생활1,제1종근린생활시설,101811262,지번
1153010100102910086,서울특별시 구로구 신도림동,서울특별시 구로구 구로중앙로42길 54 (신도림동),근린생활2,제2종근린생활시설,1018119897,지번
1153010300101350017,서울특별시 구로구 가리봉동,서울특별시 구로구 남부순환로105길 38-12 (가리봉동),근린생활2,제2종근린생활시설,10181100229304,지번
1153010200100400003,서울특별시 구로구 구로동,서울특별시 구로구 공원로6나길 12 (구로동),근린생활2,제2종근린생활시설,101816393,지번
1153010200101120001,서울특별시 구로구 구로동,서울특별시 구로구 공원로7길 41-1 (구로동),근린생활2,제2종근린생활시설,1018114871,지번
1153010200106120002,서울특별시 구로구 구로동,서울특별시 구로구 구로중앙로 219 (구로동),근린생활1,제1종근린생활시설,101818738,지번
1153010200105720022,서울특별시 구로구 구로동,서울특별시 구로구 새말로 18-53 (구로동),근린생활1,제1종근린생활시설,1018114492,지번
1153010200100310005,서울특별시 구로구 구로동,서울특별시 구로구 새말로16길 20 (구로동),근린생활1,제1종근린생활시설,101816816,지번
1153010200100310004,서울특별시 구로구 구로동,서울특별시 구로구 새말로16길 18 (구로동),근린생활1,제1종근린생활시설,1018122046,지번
1153010200100310003,서울특별시 구로구 구로동,서울특별시 구로구 새말로16길 16 (구로동),근린생활2,제2종근린생활시설,1018110620,지번
1153010200101110041,서울특별시 구로구 구로동,서울특별시 구로구 구로중앙로28길 59 (구로동),근린생활1,제1종근린생활시설,1018119021,지번
1153010200101110003,서울특별시 구로구 구로동,서울특별시 구로구 공원로7길 19 (구로동),근린생활1,제1종근린생활시설,1018124621,지번
1153010200105540002,서울특별시 구로구 구로동,서울특별시 구로구 공원로11길 33 (구로동),근린생활2,제2종근린생활시설,101816261,지번
1153010200105450000,서울특별시 구로구 구로동,서울특별시 구로구 공원로11길 11 (구로동),근린생활1,제1종근린생활시설,1018118820,지번
1153010200105970051,서울특별시 구로구 구로동,서울특별시 구로구 경인로 542 (구로동),근린생활1,제1종근린생활시설,1018119448,지번
1153010100102910128,서울특별시 구로구 신도림동,서울특별시 구로구 신도림로11다길 20 (신도림동),근린생활2,제2종근린생활시설,101818315,지번
1153010100102820012,서울특별시 구로구 신도림동,서울특별시 구로구 구로중앙로42길 121 (신도림동),근린생활1,제1종근린생활시설,101816824,지번
1153010100102910154,서울특별시 구로구 신도림동,서울특별시 구로구 신도림로11다길 22-13 (신도림동),근린생활2,제2종근린생활시설,10181100186437,지번
1153010200105450014,서울특별시 구로구 구로동,서울특별시 구로구 공원로9길 16 (구로동),근린생활2,제2종근린생활시설,1018118334,지번
1153010200100080016,서울특별시 구로구 구로동,서울특별시 구로구 새말로 85 (구로동),근린생활2,제2종근린생활시설,101814660,지번
1153010200105520057,서울특별시 구로구 구로동,서울특별시 구로구 새말로12길 29 (구로동),근린생활1,제1종근린생활시설,1018114346,지번
1153010200100330003,서울특별시 구로구 구로동,서울특별시 구로구 공원로6다길 10 (구로동),근린생활1,제1종근린생활시설,101819321,지번
1153010200106120001,서울특별시 구로구 구로동,서울특별시 구로구 구로중앙로 210 (구로동),근린생활1,업무시설,1000000000000000108015,지번
1153010200106120001,서울특별시 구로구 구로동,서울특별시 구로구 구로중앙로 210 (구로동),근린생활1,제1종근린생활시설,1018112625,지번
1153010100103940048,서울특별시 구로구 신도림동,서울특별시 구로구 신도림로11길 8-7 (신도림동),근린생활1,제1종근린생활시설,1018111414,지번
1153010200105980014,서울특별시 구로구 구로동,서울특별시 구로구 경인로56길 7 (구로동),근린생활1,제1종근린생활시설,1018119896,지번
1153010200106120012,서울특별시 구로구 구로동,서울특별시 구로구 구로중앙로 214 (구로동),근린생활1,제1종근린생활시설,1018113106,지번
1153010100102950007,서울특별시 구로구 신도림동,서울특별시 구로구 신도림로15길 21-23 (신도림동),근린생활2,제2종근린생활시설,101815242,지번
1153010200105980006,서울특별시 구로구 구로동,서울특별시 구로구 경인로58길 15 (구로동),근린생활2,제2종근린생활시설,1018119085,지번
1153010100102930070,서울특별시 구로구 신도림동,서울특별시 구로구 구로중앙로42길 110-8 (신도림동),근린생활1,제1종근린생활시설,1018111979,지번
1153010100102900000,서울특별시 구로구 신도림동,서울특별시 구로구 신도림로11가길 36 (신도림동),근린생활1,교육연구시설,1018111856,지번
1153010100102900000,서울특별시 구로구 신도림동,서울특별시 구로구 신도림로11가길 36 (신도림동),근린생활1,공동주택,101813110,지번
1153010100102900000,서울특별시 구로구 신도림동,서울특별시 구로구 신도림로11가길 36 (신도림동),근린생활1,제1종근린생활시설,101813111,지번
1153010100102900000,서울특별시 구로구 신도림동,서울특별시 구로구 신도림로11가길 36 (신도림동),근린생활1,공동주택,101813112,지번
1153010100102900000,서울특별시 구로구 신도림동,서울특별시 구로구 신도림로11가길 36 (신도림동),근린생활1,공동주택,101813113,지번
1153010100102900000,서울특별시 구로구 신도림동,서울특별시 구로구 신도림로11가길 36 (신도림동),근린생활1,공동주택,101813114,지번
1153010100102900000,서울특별시 구로구 신도림동,서울특별시 구로구 신도림로11가길 36 (신도림동),근린생활1,공동주택,101813115,지번
1153010100102900000,서울특별시 구로구 신도림동,서울특별시 구로구 신도림로11가길 36 (신도림동),근린생활1,공동주택,101813116,지번
1153010200106060001,서울특별시 구로구 구로동,서울특별시 구로구 구로중앙로 198 (구로동),근린생활1,자동차관련시설,101811697,지번
1153010200106060001,서울특별시 구로구 구로동,서울특별시 구로구 구로중앙로 197 (구로동),근린생활1,업무시설,101811698,지번
1153010200106060001,서울특별시 구로구 구로동,서울특별시 구로구 구로중앙로 197 (구로동),근린생활1,자동차관련시설,101811699,지번
1153010200106060001,서울특별시 구로구 구로동,서울특별시 구로구 구로중앙로 197 (구로동),근린생활1,자동차관련시설,101811700,지번
1153010200106060001,서울특별시 구로구 구로동,서울특별시 구로구 구로중앙로 198 (구로동),근린생활1,자동차관련시설,101811701,지번
1153010200106060001,서울특별시 구로구 구로동,서울특별시 구로구 구로중앙로 198 (구로동),근린생활1,자동차관련시설,101811702,지번
1153010200106060001,서울특별시 구로구 구로동,서울특별시 구로구 구로중앙로 198 (구로동),근린생활1,자동차관련시설,101811703,지번
1153010200106060001,서울특별시 구로구 구로동,서울특별시 구로구 구로중앙로 198 (구로동),근린생활1,자동차관련시설,101811704,지번
1153010200106060001,서울특별시 구로구 구로동,서울특별시 구로구 구로중앙로 197 (구로동),근린생활1,업무시설,101811705,지번
1153010200106060001,서울특별시 구로구 구로동,서울특별시 구로구 구로중앙로 197 (구로동),근린생활1,자동차관련시설,101811706,지번
1153010200106060001,서울특별시 구로구 구로동,서울특별시 구로구 구로중앙로 197 (구로동),근린생활1,자동차관련시설,101811707,지번
1153010200106060001,서울특별시 구로구 구로동,서울특별시 구로구 구로중앙로 197 (구로동),근린생활1,자동차관련시설,101811708,지번
1153010200106060001,서울특별시 구로구 구로동,서울특별시 구로구 구로중앙로 198 (구로동),근린생활1,자동차관련시설,101811709,지번
1153010200106060001,서울특별시 구로구 구로동,서울특별시 구로구 구로중앙로 198 (구로동),근린생활1,자동차관련시설,101811710,지번
1153010200106060001,서울특별시 구로구 구로동,서울특별시 구로구 구로중앙로 198 (구로동),근린생활1,업무시설,101811711,지번
1153010200106060001,서울특별시 구로구 구로동,서울특별시 구로구 구로중앙로 197 (구로동),근린생활1,판매시설,101811712,지번
1153010200106060001,서울특별시 구로구 구로동,서울특별시 구로구 구로중앙로 197 (구로동),근린생활1,판매시설,101811713,지번
1153010200106060001,서울특별시 구로구 구로동,서울특별시 구로구 구로중앙로 198 (구로동),근린생활1,판매시설,101811714,지번
1153010200106060001,서울특별시 구로구 구로동,서울특별시 구로구 구로중앙로 198 (구로동),근린생활1,판매시설,101811715,지번
1153010200106060001,서울특별시 구로구 구로동,서울특별시 구로구 구로중앙로 198 (구로동),근린생활1,업무시설,101811716,지번
1153010200106060001,서울특별시 구로구 구로동,서울특별시 구로구 구로중앙로 197 (구로동),근린생활1,자동차관련시설,101811717,지번
1153010200106060001,서울특별시 구로구 구로동,서울특별시 구로구 구로중앙로 197 (구로동),근린생활1,자동차관련시설,101811718,지번
1153010200106060001,서울특별시 구로구 구로동,서울특별시 구로구 구로중앙로 197 (구로동),근린생활1,자동차관련시설,101811719,지번
1153010200106060001,서울특별시 구로구 구로동,서울특별시 구로구 구로중앙로 197 (구로동),근린생활1,자동차관련시설,101811720,지번
1153010200106060001,서울특별시 구로구 구로동,서울특별시 구로구 구로중앙로 197 (구로동),근린생활1,자동차관련시설,101811721,지번
1153010200106060001,서울특별시 구로구 구로동,서울특별시 구로구 구로중앙로 198 (구로동),근린생활1,업무시설,101811722,지번
1153010200106060001,서울특별시 구로구 구로동,서울특별시 구로구 구로중앙로 197 (구로동),근린생활1,업무시설,101811723,지번
1153010200106060001,서울특별시 구로구 구로동,서울특별시 구로구 구로중앙로 197 (구로동),근린생활1,자동차관련시설,101811724,지번
1153010200106060001,서울특별시 구로구 구로동,서울특별시 구로구 구로중앙로 197 (구로동),근린생활1,제1종근린생활시설,101811725,지번
1153010200106060001,서울특별시 구로구 구로동,서울특별시 구로구 구로중앙로 197 (구로동),근린생활1,자동차관련시설,101811726,지번
1153010200106060001,서울특별시 구로구 구로동,서울특별시 구로구 구로중앙로 197 (구로동),근린생활1,자동차관련시설,101811727,지번
1153010200106060001,서울특별시 구로구 구로동,서울특별시 구로구 구로중앙로 197 (구로동),근린생활1,자동차관련시설,101811728,지번
1153010200106060001,서울특별시 구로구 구로동,서울특별시 구로구 구로중앙로 198 (구로동),근린생활1,자동차관련시설,101811729,지번
1153010200106060001,서울특별시 구로구 구로동,서울특별시 구로구 구로중앙로 198 (구로동),근린생활1,자동차관련시설,101811730,지번
1153010200106060001,서울특별시 구로구 구로동,서울특별시 구로구 구로중앙로 198 (구로동),근린생활1,자동차관련시설,101811731,지번
1153010200106060001,서울특별시 구로구 구로동,서울특별시 구로구 구로중앙로 198 (구로동),근린생활1,자동차관련시설,101811732,지번
1153010200106060001,서울특별시 구로구 구로동,서울특별시 구로구 구로중앙로 198 (구로동),근린생활1,자동차관련시설,101811733,지번
1153010200106060001,서울특별시 구로구 구로동,서울특별시 구로구 구로중앙로 198 (구로동),근린생활1,업무시설,101812392,지번
1153010200106060001,서울특별시 구로구 구로동,서울특별시 구로구 구로중앙로 197 (구로동),근린생활1,자동차관련시설,101812393,지번
1153010200106060001,서울특별시 구로구 구로동,서울특별시 구로구 구로중앙로 197 (구로동),근린생활1,자동차관련시설,101812394,지번
1153010200106060001,서울특별시 구로구 구로동,서울특별시 구로구 구로중앙로 198 (구로동),근린생활1,자동차관련시설,101812395,지번
1153010200106060001,서울특별시 구로구 구로동,서울특별시 구로구 구로중앙로 198 (구로동),근린생활1,자동차관련시설,101812396,지번
1153010100103960248,서울특별시 구로구 신도림동,서울특별시 구로구 신도림로11가길 33 (신도림동),근린생활2,제2종근린생활시설,1018111906,지번
1153010100102920044,서울특별시 구로구 신도림동,서울특별시 구로구 신도림로11길 43 (신도림동),근린생활1,제1종근린생활시설,101817204,지번
1153010100102960065,서울특별시 구로구 신도림동,서울특별시 구로구 신도림로15길 21-26 (신도림동),근린생활1,제1종근린생활시설,1018121321,지번
1153010100102810041,서울특별시 구로구 신도림동,서울특별시 구로구 구로중앙로42길 136 (신도림동),근린생활1,제1종근린생활시설,101817097,지번
1153010100102790008,서울특별시 구로구 신도림동,서울특별시 구로구 신도림로11라길 53-3 (신도림동),근린생활2,제2종근린생활시설,1018123775,지번
1153010100102930040,서울특별시 구로구 신도림동,서울특별시 구로구 신도림로11라길 22 (신도림동),근린생활2,제2종근린생활시설,1018112280,지번
1153010100102930040,서울특별시 구로구 신도림동,서울특별시 구로구 신도림로11라길 22 (신도림동),근린생활2,공동주택,1018120573,지번
1153010200100410012,서울특별시 구로구 구로동,서울특별시 구로구 공원로8길 55 (구로동),근린생활2,제2종근린생활시설,1018119653,지번
1153010200100270002,서울특별시 구로구 구로동,서울특별시 구로구 새말로18길 20-7 (구로동),근린생활2,제2종근린생활시설,101819121,지번
1153010200100310010,서울특별시 구로구 구로동,서울특별시 구로구 새말로16길 34 (구로동),근린생활1,제1종근린생활시설,1018116861,지번
1153010200101110043,서울특별시 구로구 구로동,서울특별시 구로구 구로중앙로28길 53-12 (구로동),근린생활2,제2종근린생활시설,1018117991,지번
1153010200101110016,서울특별시 구로구 구로동,서울특별시 구로구 구로중앙로28길 65 (구로동),근린생활1,제1종근린생활시설,1018119591,지번
1153010200100070010,서울특별시 구로구 구로동,서울특별시 구로구 새말로 81 (구로동),근린생활2,제2종근린생활시설,1018116372,지번
1153010200100070012,서울특별시 구로구 구로동,서울특별시 구로구 새말로 77 (구로동),근린생활2,제2종근린생활시설,1018119298,지번
1153010200106120007,서울특별시 구로구 구로동,서울특별시 구로구 구로중앙로 217 (구로동),근린생활1,제1종근린생활시설,101817503,지번
1153010200100270004,서울특별시 구로구 구로동,서울특별시 구로구 새말로18길 28 (구로동),근린생활2,제2종근린생활시설,1018117284,지번
1153010700100970011,서울특별시 구로구 개봉동,서울특별시 구로구 고척로 115-36 (개봉동),근린생활2,제2종근린생활시설,10181100245293,지번
1153010100102920216,서울특별시 구로구 신도림동,서울특별시 구로구 신도림로11길 48 (신도림동),근린생활1,제1종근린생활시설,101813723,지번
1153010100102800023,서울특별시 구로구 신도림동,서울특별시 구로구 신도림로11라길 50 (신도림동),근린생활1,단독주택,101811113,지번
1153010100102800023,서울특별시 구로구 신도림동,서울특별시 구로구 신도림로11라길 50 (신도림동),근린생활1,제1종근린생활시설,101811114,지번
1153010100103980001,서울특별시 구로구 신도림동,서울특별시 구로구 신도림로 18 (신도림동),근린생활2,제2종근린생활시설,101819736,지번
1153010300100870132,서울특별시 구로구 가리봉동,서울특별시 구로구 구로동로5길 17-28 (가리봉동),근린생활2,제2종근린생활시설,1018124369,지번
1153010200100310008,서울특별시 구로구 구로동,서울특별시 구로구 새말로16길 30 (구로동),근린생활2,제2종근린생활시설,1018114293,지번
1153010200101110012,서울특별시 구로구 구로동,서울특별시 구로구 구로중앙로28다길 13 (구로동),근린생활1,제1종근린생활시설,101815202,지번
1153010200100310006,서울특별시 구로구 구로동,서울특별시 구로구 새말로16길 24 (구로동),근린생활2,제2종근린생활시설,1018124274,지번
1153010100103960150,서울특별시 구로구 신도림동,서울특별시 구로구 신도림로11가길 17 (신도림동),근린생활2,단독주택,101813067,지번
1153010100103960150,서울특별시 구로구 신도림동,서울특별시 구로구 신도림로11가길 17 (신도림동),근린생활2,제2종근린생활시설,101813068,지번
1153010200105530007,서울특별시 구로구 구로동,서울특별시 구로구 공원로7길 40 (구로동),근린생활2,제2종근린생활시설,1018119644,지번
1153010200105710019,서울특별시 구로구 구로동,서울특별시 구로구 새말로 30 (구로동),근린생활2,제2종근린생활시설,1018114110,지번
1153010100102760056,서울특별시 구로구 신도림동,서울특별시 구로구 신도림로19길 108 (신도림동),근린생활1,제1종근린생활시설,1018116535,지번
1153010100102940008,서울특별시 구로구 신도림동,서울특별시 구로구 신도림로11나길 23-7 (신도림동),근린생활1,제1종근린생활시설,1018120615,지번
1153010100103960138,서울특별시 구로구 신도림동,서울특별시 구로구 신도림로11길 9-36 (신도림동),근린생활1,제1종근린생활시설,1018111933,지번
1153010100102810037,서울특별시 구로구 신도림동,서울특별시 구로구 신도림로11라길 59-18 (신도림동),근린생활1,제1종근린생활시설,101816409,지번
1153010200100400009,서울특별시 구로구 구로동,서울특별시 구로구 공원로8길 31 (구로동),근린생활1,제1종근린생활시설,101814881,지번
1153010200101110002,서울특별시 구로구 구로동,서울특별시 구로구 공원로7길 23 (구로동),근린생활1,제1종근린생활시설,1018119514,지번
1153010200101120035,서울특별시 구로구 구로동,서울특별시 구로구 공원로7길 41-22 (구로동),근린생활2,제2종근린생활시설,1018118189,지번
1153010200105520029,서울특별시 구로구 구로동,서울특별시 구로구 새말로12길 28 (구로동),근린생활1,제1종근린생활시설,1018115703,지번
1153010200105430001,서울특별시 구로구 구로동,서울특별시 구로구 구로중앙로28길 31-23 (구로동),근린생활1,제1종근린생활시설,101819934,지번
1153010100102810125,서울특별시 구로구 신도림동,서울특별시 구로구 신도림로13길 82 (신도림동),근린생활1,제1종근린생활시설,1018124038,지번
1153010100103960211,서울특별시 구로구 신도림동,서울특별시 구로구 신도림로3길 2 (신도림동),근린생활2,제2종근린생활시설,1018111927,지번
1153010100102960050,서울특별시 구로구 신도림동,서울특별시 구로구 신도림로15가길 10 (신도림동),근린생활2,제2종근린생활시설,1018123619,지번
1153010100102950005,서울특별시 구로구 신도림동,서울특별시 구로구 신도림로15길 21-9 (신도림동),근린생활1,제1종근린생활시설,1018117782,지번
1153010100102960021,서울특별시 구로구 신도림동,서울특별시 구로구 신도림로15가길 13 (신도림동),근린생활2,제2종근린생활시설,101814884,지번
1153010100102920034,서울특별시 구로구 신도림동,서울특별시 구로구 신도림로11길 37 (신도림동),근린생활2,제2종근린생활시설,101814793,지번
1153010200105980013,서울특별시 구로구 구로동,서울특별시 구로구 경인로 548 (구로동),근린생활2,제2종근린생활시설,101818062,지번
1153010100102910183,서울특별시 구로구 신도림동,서울특별시 구로구 신도림로11다길 33 (신도림동),근린생활2,제2종근린생활시설,1018115287,지번
1153010100102920061,서울특별시 구로구 신도림동,서울특별시 구로구 신도림로11다길 6-8 (신도림동),근린생활2,제2종근린생활시설,101815668,지번
1153010200100400007,서울특별시 구로구 구로동,서울특별시 구로구 공원로8길 37 (구로동),근린생활1,제1종근린생활시설,101819007,지번
1153010200100070013,서울특별시 구로구 구로동,서울특별시 구로구 새말로 79 (구로동),근린생활2,제2종근린생활시설,101815586,지번
1153010200105460011,서울특별시 구로구 구로동,서울특별시 구로구 공원로9길 11 (구로동),근린생활1,제1종근린생활시설,1018119797,지번
1153010200105010005,서울특별시 구로구 구로동,서울특별시 구로구 구로중앙로34길 32 (구로동),근린생활1,제1종근린생활시설,1018110218,지번
1153010700101210003,서울특별시 구로구 개봉동,서울특별시 구로구 고척로25길 20 (개봉동),근린생활1,제1종근린생활시설,1018122546,지번
1153010100102960055,서울특별시 구로구 신도림동,서울특별시 구로구 신도림로15길 21-40 (신도림동),근린생활1,제1종근린생활시설,101815382,지번
1153010100102960052,서울특별시 구로구 신도림동,서울특별시 구로구 신도림로15길 21-42 (신도림동),근린생활2,제2종근린생활시설,1018112717,지번
1153010100102810036,서울특별시 구로구 신도림동,서울특별시 구로구 신도림로15길 87 (신도림동),근린생활1,제1종근린생활시설,1018117381,지번
1153010100102960058,서울특별시 구로구 신도림동,서울특별시 구로구 신도림로15가길 16 (신도림동),근린생활2,제2종근린생활시설,101817089,지번
1153010100104390004,서울특별시 구로구 신도림동,서울특별시 구로구 경인로 620 (신도림동),근린생활1,제1종근린생활시설,1018117107,지번
1153010200100400000,서울특별시 구로구 구로동,서울특별시 구로구 공원로6가길 44 (구로동),근린생활2,제2종근린생활시설,1018118036,지번
1153010200100410009,서울특별시 구로구 구로동,서울특별시 구로구 새말로18길 52 (구로동),근린생활2,제2종근린생활시설,1018112568,지번
1153010100102960063,서울특별시 구로구 신도림동,서울특별시 구로구 신도림로15길 21-32 (신도림동),근린생활1,제1종근린생활시설,1018110011,지번
1153010100102810039,서울특별시 구로구 신도림동,서울특별시 구로구 신도림로15길 91 (신도림동),근린생활2,제2종근린생활시설,1018117927,지번
1153010100103900025,서울특별시 구로구 신도림동,서울특별시 구로구 신도림로13길 18 (신도림동),근린생활1,제1종근린생활시설,101818656,지번
1153010100102810100,서울특별시 구로구 신도림동,서울특별시 구로구 구로중앙로42길 128 (신도림동),근린생활1,제1종근린생활시설,1018120610,지번
1153010200105450005,서울특별시 구로구 구로동,서울특별시 구로구 공원로9길 10 (구로동),근린생활,근린생활시설,101816284,지번
1153010100102800026,서울특별시 구로구 신도림동,서울특별시 구로구 신도림로15길 21-35 (신도림동),근린생활1,제1종근린생활시설,1018112016,지번
1153010100104160013,서울특별시 구로구 신도림동,서울특별시 구로구 신도림로13길 3 (신도림동),근린생활2,제2종근린생활시설,1018116664,지번
1153010600101720035,서울특별시 구로구 고척동,서울특별시 구로구 경서로 81 (고척동),근린생활2,제2종근린생활시설,1018115606,지번
1153010200101130002,서울특별시 구로구 구로동,서울특별시 구로구 구로중앙로28길 35-17 (구로동),근린생활1,제1종근린생활시설,1018121792,지번
1153010800103380000,서울특별시 구로구 오류동,서울특별시 구로구 고척로 49 (오류동),근린생활2,제2종근린생활시설,101813247,지번
1153010800103380000,서울특별시 구로구 오류동,서울특별시 구로구 고척로 49 (오류동),근린생활2,공동주택,101813248,지번
1153010800103380000,서울특별시 구로구 오류동,서울특별시 구로구 고척로 49 (오류동),근린생활2,공동주택,101813249,지번
1153010800103380000,서울특별시 구로구 오류동,서울특별시 구로구 고척로 49 (오류동),근린생활2,공동주택,101813250,지번
1153010800103380000,서울특별시 구로구 오류동,서울특별시 구로구 고척로 49 (오류동),근린생활2,공동주택,101813251,지번
1153010800103380000,서울특별시 구로구 오류동,서울특별시 구로구 고척로 49 (오류동),근린생활2,공동주택,101813252,지번
1153010800103380000,서울특별시 구로구 오류동,서울특별시 구로구 고척로 49 (오류동),근린생활2,공동주택,101813253,지번
1153010800103380000,서울특별시 구로구 오류동,서울특별시 구로구 고척로 49 (오류동),근린생활2,공동주택,101813254,지번
1153010800103380000,서울특별시 구로구 오류동,서울특별시 구로구 고척로 49 (오류동),근린생활2,공동주택,101813255,지번
1153010800103380000,서울특별시 구로구 오류동,서울특별시 구로구 고척로 49 (오류동),근린생활2,공동주택,101813256,지번
1153010800103380000,서울특별시 구로구 오류동,서울특별시 구로구 고척로 49 (오류동),근린생활2,공동주택,101813257,지번
1153010800103380000,서울특별시 구로구 오류동,서울특별시 구로구 고척로 49 (오류동),근린생활2,공동주택,101813258,지번
1153010800103380000,서울특별시 구로구 오류동,서울특별시 구로구 고척로 49 (오류동),근린생활2,공동주택,101813259,지번
1153010200105690009,서울특별시 구로구 구로동,서울특별시 구로구 새말로 17 (구로동),근린생활2,제2종근린생활시설,10181100191195,지번
1153010200105710028,서울특별시 구로구 구로동,서울특별시 구로구 새말로8가길 7 (구로동),근린생활2,제2종근린생활시설,10181100191335,지번
1153010200105120012,서울특별시 구로구 구로동,서울특별시 구로구 구로중앙로27길 18 (구로동),근린생활1,제1종근린생활시설,1018124623,지번
1153010700100330046,서울특별시 구로구 개봉동,서울특별시 구로구 고척로21나길 22 (개봉동),근린생활1,제1종근린생활시설,1018112056,지번
1153010700100200001,서울특별시 구로구 개봉동,서울특별시 구로구 고척로21나길 48-80 (개봉동),판매시설,판매시설,101814288,지번
1153010700100200001,서울특별시 구로구 개봉동,서울특별시 구로구 고척로21나길 48-68 (개봉동),판매시설,공동주택,101814289,지번
1153010700100200001,서울특별시 구로구 개봉동,서울특별시 구로구 고척로21나길 48-68 (개봉동),판매시설,공동주택,101814290,지번
1153010700100200001,서울특별시 구로구 개봉동,서울특별시 구로구 고척로21나길 48-80 (개봉동),판매시설,공동주택,101814291,지번
1153010700100200001,서울특별시 구로구 개봉동,서울특별시 구로구 고척로21나길 48-80 (개봉동),판매시설,공동주택,101814292,지번
1153010700100330032,서울특별시 구로구 개봉동,서울특별시 구로구 고척로19길 41 (개봉동),근린생활2,제2종근린생활시설,1018116543,지번
1153010600100980023,서울특별시 구로구 고척동,서울특별시 구로구 경서로3길 4 (고척동),근린생활2,제2종근린생활시설,1018120621,지번
1153010200104970003,서울특별시 구로구 구로동,서울특별시 구로구 구로동로 241 (구로동),근린생활1,제1종근린생활시설,1018112610,지번
1153010600102500011,서울특별시 구로구 고척동,서울특별시 구로구 고척로33길 98 (고척동),근린생활1,제1종근린생활시설,1018112015,지번
1153010900101120001,서울특별시 구로구 궁동,서울특별시 구로구 오리로22가길 38-8 (궁동),근린생활2,제2종근린생활시설,101819033,지번
1153010700101080013,서울특별시 구로구 개봉동,서울특별시 구로구 고척로27바길 6 (개봉동),근린생활1,제1종근린생활시설,1018122771,지번
1153010200100420000,서울특별시 구로구 구로동,서울특별시 구로구 새말로18길 64 (구로동),근린생활1,제1종근린생활시설,101812000,지번
1153010200100420000,서울특별시 구로구 구로동,서울특별시 구로구 새말로18길 64 (구로동),근린생활1,공동주택,101812001,지번
1153010200100420000,서울특별시 구로구 구로동,서울특별시 구로구 새말로18길 64 (구로동),근린생활1,공동주택,101812002,지번
1153010200100420000,서울특별시 구로구 구로동,서울특별시 구로구 새말로18길 64 (구로동),근린생활1,공동주택,101812003,지번
1153010200104090063,서울특별시 구로구 구로동,서울특별시 구로구 구로동로35가길 13 (구로동),근린생활1,제1종근린생활시설,1018123700,지번
1153010700100600101,서울특별시 구로구 개봉동,서울특별시 구로구 고척로 85 (개봉동),근린생활1,제1종근린생활시설,101814305,지번
1153010700100600101,서울특별시 구로구 개봉동,서울특별시 구로구 고척로 85 (개봉동),근린생활1,공동주택,101814306,지번
1153010700100600101,서울특별시 구로구 개봉동,서울특별시 구로구 고척로 85 (개봉동),근린생활1,공동주택,101814307,지번
1153010700100600101,서울특별시 구로구 개봉동,서울특별시 구로구 고척로 85 (개봉동),근린생활1,공동주택,101814308,지번
1153010700101260017,서울특별시 구로구 개봉동,서울특별시 구로구 고척로 134 (개봉동),근린생활2,제2종근린생활시설,1018116908,지번
1153010700100660007,서울특별시 구로구 개봉동,서울특별시 구로구 고척로 104 (개봉동),근린생활2,제2종근린생활시설,101815083,지번
1153010700100600003,서울특별시 구로구 개봉동,서울특별시 구로구 고척로 91 (개봉동),근린생활1,제1종근린생활시설,1018121188,지번
1153010700100670028,서울특별시 구로구 개봉동,서울특별시 구로구 고척로 108-3 (개봉동),근린생활1,제1종근린생활시설,1018112933,지번
1153010700100610001,서울특별시 구로구 개봉동,서울특별시 구로구 고척로19가길 5 (개봉동),근린생활1,제1종근린생활시설,1018110437,지번
1153010600102410170,서울특별시 구로구 고척동,서울특별시 구로구 고척로33길 69 (고척동),근린생활1,제1종근린생활시설,1018117363,지번
1153010700100590007,서울특별시 구로구 개봉동,서울특별시 구로구 고척로21가길 61-7 (개봉동),근린생활2,제2종근린생활시설,1018118204,지번
1153010700100640004,서울특별시 구로구 개봉동,서울특별시 구로구 고척로20길 18-3 (개봉동),근린생활1,제1종근린생활시설,1018117872,지번
1153010700100500058,서울특별시 구로구 개봉동,서울특별시 구로구 고척로21가길 84-68 (개봉동),근린생활1,제1종근린생활시설,1018118997,지번
1153010200106000073,서울특별시 구로구 구로동,서울특별시 구로구 경인로58길 5-11 (구로동),근린생활2,제2종근린생활시설,1018116637,지번
1153010200100300014,서울특별시 구로구 구로동,서울특별시 구로구 공원로6나길 29-4 (구로동),근린생활2,제2종근린생활시설,1018112531,지번
1153010900101360008,서울특별시 구로구 궁동,서울특별시 구로구 오리로22다길 34 (궁동),근린생활2,제2종근린생활시설,101818350,지번
1153010700100970005,서울특별시 구로구 개봉동,서울특별시 구로구 고척로21길 25 (개봉동),근린생활2,제2종근린생활시설,1018116785,지번
1153010700100640019,서울특별시 구로구 개봉동,서울특별시 구로구 고척로 96 (개봉동),근린생활2,제2종근린생활시설,1018114631,지번
1153010200104870055,서울특별시 구로구 구로동,서울특별시 구로구 구로동로 208-1 (구로동),근린생활1,제1종근린생활시설,1018123439,지번
1153010200108090005,서울특별시 구로구 구로동,서울특별시 구로구 구로동로 87 (구로동),근린생활2,제2종근린생활시설,1018120491,지번
1153010200108080010,서울특별시 구로구 구로동,서울특별시 구로구 구로동로9길 9 (구로동),근린생활1,제1종근린생활시설,1018119742,지번
1153010700100330020,서울특별시 구로구 개봉동,서울특별시 구로구 고척로21나길 8-3 (개봉동),근린생활1,제1종근린생활시설,1018114710,지번
1153010600102490113,서울특별시 구로구 고척동,서울특별시 구로구 고척로31길 78 (고척동),근린생활1,제1종근린생활시설,1018117573,지번
1153010600102490113,서울특별시 구로구 고척동,서울특별시 구로구 고척로31길 74 (고척동),근린생활1,공동주택,101812814,지번
1153010600102490113,서울특별시 구로구 고척동,서울특별시 구로구 고척로31길 74 (고척동),근린생활1,공동주택,101812815,지번
1153010600102490113,서울특별시 구로구 고척동,서울특별시 구로구 고척로31길 74 (고척동),근린생활1,공동주택,101812816,지번
1153010600102490113,서울특별시 구로구 고척동,서울특별시 구로구 고척로31길 74 (고척동),근린생활1,공동주택,101812817,지번
1153010700101270002,서울특별시 구로구 개봉동,서울특별시 구로구 고척로32길 4 (개봉동),근린생활1,제1종근린생활시설,1018115897,지번
1153010700100330123,서울특별시 구로구 개봉동,서울특별시 구로구 고척로21가길 6-6 (개봉동),근린생활2,제2종근린생활시설,101816013,지번
1153010900101310000,서울특별시 구로구 궁동,서울특별시 구로구 오리로22다길 40-14 (궁동),근린생활2,제2종근린생활시설,1018116079,지번
1153010900100700013,서울특별시 구로구 궁동,서울특별시 구로구 오리로21가길 79 (궁동),근린생활2,제2종근린생활시설,1018114537,지번
1153010700101320019,서울특별시 구로구 개봉동,서울특별시 구로구 고척로30길 40 (개봉동),근린생활1,제1종근린생활시설,101819848,지번
1153010700100800025,서울특별시 구로구 개봉동,서울특별시 구로구 경인로31길 3 (개봉동),근린생활1,제1종근린생활시설,1018110163,지번
1153010700100600071,서울특별시 구로구 개봉동,서울특별시 구로구 고척로 92 (개봉동),근린생활1,제1종근린생활시설,1018121535,지번
1153010900101320002,서울특별시 구로구 궁동,서울특별시 구로구 오리로22다길 40-19 (궁동),근린생활2,제2종근린생활시설,1018119219,지번
1153010700103320001,서울특별시 구로구 개봉동,서울특별시 구로구 개봉로17길 41 (개봉동),근린생활2,제2종근린생활시설,1018110144,지번
1153010700101260022,서울특별시 구로구 개봉동,서울특별시 구로구 고척로 132 (개봉동),근린생활2,제2종근린생활시설,101818951,지번
1153010700100380010,서울특별시 구로구 개봉동,서울특별시 구로구 고척로21나길 42 (개봉동),근린생활2,제2종근린생활시설,1018115819,지번
1153010700104820000,서울특별시 구로구 개봉동,서울특별시 구로구 고척로27길 126 (개봉동),근린생활2,제2종근린생활시설,1018116653,지번
1153010700100600070,서울특별시 구로구 개봉동,서울특별시 구로구 고척로 94-4 (개봉동),근린생활2,제2종근린생활시설,1018110962,지번
1153010700100600004,서울특별시 구로구 개봉동,서울특별시 구로구 고척로 89 (개봉동),근린생활1,제1종근린생활시설,1018124535,지번
1153010700100620003,서울특별시 구로구 개봉동,서울특별시 구로구 고척로21가길 3 (개봉동),근린생활1,제1종근린생활시설,1018124475,지번
1153010700101050020,서울특별시 구로구 개봉동,서울특별시 구로구 고척로25길 102 (개봉동),근린생활2,제2종근린생활시설,1018117144,지번
1153010700101280020,서울특별시 구로구 개봉동,서울특별시 구로구 경인로31길 98 (개봉동),근린생활2,제2종근린생활시설,1018119348,지번
1153010700100330012,서울특별시 구로구 개봉동,서울특별시 구로구 고척로21나길 7 (개봉동),근린생활1,제1종근린생활시설,1018116541,지번
1153010600102530111,서울특별시 구로구 고척동,서울특별시 구로구 고척로 137 (고척동),근린생활1,제1종근린생활시설,1018117551,지번
1153010700101020008,서울특별시 구로구 개봉동,서울특별시 구로구 고척로25길 53 (개봉동),근린생활2,제2종근린생활시설,1018110553,지번
1153010200101440003,서울특별시 구로구 구로동,서울특별시 구로구 도림로 83-8 (구로동),근린생활2,제2종근린생활시설,101815250,지번
1153010200104670041,서울특별시 구로구 구로동,서울특별시 구로구 구로동로43길 44 (구로동),근린생활1,제1종근린생활시설,101814992,지번
1153010200104460029,서울특별시 구로구 구로동,서울특별시 구로구 구로동로38길 44 (구로동),근린생활1,제1종근린생활시설,101815175,지번
1153010200107420018,서울특별시 구로구 구로동,서울특별시 구로구 구로동로26길 70 (구로동),근린생활1,제1종근린생활시설,101816307,지번
1153010700100330112,서울특별시 구로구 개봉동,서울특별시 구로구 고척로21나길 48-14 (개봉동),근린생활1,제1종근린생활시설,1018119246,지번
1153010700101050014,서울특별시 구로구 개봉동,서울특별시 구로구 고척로25길 116 (개봉동),근린생활1,제1종근린생활시설,1018122683,지번
1153010700100970003,서울특별시 구로구 개봉동,서울특별시 구로구 고척로21길 31 (개봉동),근린생활1,제1종근린생활시설,1018124379,지번
1153010700100050002,서울특별시 구로구 개봉동,서울특별시 구로구 고척로21길 49 (개봉동),근린생활1,제1종근린생활시설,101817362,지번
1153010700100330026,서울특별시 구로구 개봉동,서울특별시 구로구 고척로19길 30 (개봉동),근린생활2,제2종근린생활시설,1018114568,지번
1153010700101300022,서울특별시 구로구 개봉동,서울특별시 구로구 고척로30길 26 (개봉동),근린생활2,제2종근린생활시설,1018117758,지번
1153010700101260033,서울특별시 구로구 개봉동,서울특별시 구로구 고척로 126 (개봉동),근린생활1,제1종근린생활시설,1018118533,지번
1153010200105000027,서울특별시 구로구 구로동,서울특별시 구로구 구로중앙로 135-6 (구로동),근린생활2,제2종근린생활시설,1018115884,지번
1153010200104970004,서울특별시 구로구 구로동,서울특별시 구로구 구로동로49길 4 (구로동),근린생활1,제1종근린생활시설,1018114763,지번
1153010200104970005,서울특별시 구로구 구로동,서울특별시 구로구 구로동로 240 (구로동),근린생활1,제1종근린생활시설,1018111451,지번
1153010600102530200,서울특별시 구로구 고척동,서울특별시 구로구 고척로 142 (고척동),근린생활1,제1종근린생활시설,1018115093,지번
1153010600102500118,서울특별시 구로구 고척동,서울특별시 구로구 고척로27바길 41 (고척동),근린생활1,제1종근린생활시설,1018118808,지번
1153010200101130003,서울특별시 구로구 구로동,서울특별시 구로구 구로중앙로28길 35-13 (구로동),근린생활2,제2종근린생활시설,1018110338,지번
1153010700100620004,서울특별시 구로구 개봉동,서울특별시 구로구 고척로21가길 7 (개봉동),근린생활1,제1종근린생활시설,1018114912,지번
1153010700101050017,서울특별시 구로구 개봉동,서울특별시 구로구 고척로25길 110 (개봉동),근린생활2,제2종근린생활시설,1018115106,지번
1153010700104030144,서울특별시 구로구 개봉동,서울특별시 구로구 개봉로 38-1 (개봉동),근린생활2,제2종근린생활시설,10181100264367,지번
1153010700100330157,서울특별시 구로구 개봉동,서울특별시 구로구 고척로21나길 14 (개봉동),근린생활2,제2종근린생활시설,101818216,지번
1153010700101280013,서울특별시 구로구 개봉동,서울특별시 구로구 고척로30길 13-6 (개봉동),근린생활1,제1종근린생활시설,101818732,지번
1153010700101260024,서울특별시 구로구 개봉동,서울특별시 구로구 고척로30길 6 (개봉동),근린생활2,제2종근린생활시설,1018117895,지번
1153010600101940016,서울특별시 구로구 고척동,서울특별시 구로구 고척로 232-1 (고척동),근린생활1,제1종근린생활시설,10181100192716,지번
1153010700100330151,서울특별시 구로구 개봉동,서울특별시 구로구 고척로21나길 32-2 (개봉동),근린생활1,제1종근린생활시설,1018121812,지번
1153010700100680001,서울특별시 구로구 개봉동,서울특별시 구로구 고척로22길 16 (개봉동),근린생활2,제2종근린생활시설,1018119090,지번
1153010700101090024,서울특별시 구로구 개봉동,서울특별시 구로구 고척로27길 84 (개봉동),근린생활1,제1종근린생활시설,101814712,지번
1153010200104460012,서울특별시 구로구 구로동,서울특별시 구로구 가마산로19길 12 (구로동),근린생활2,제2종근린생활시설,1018123903,지번
1153010200104970007,서울특별시 구로구 구로동,서울특별시 구로구 구로동로 238-1 (구로동),근린생활2,제2종근린생활시설,1018124042,지번
1153010600102530372,서울특별시 구로구 고척동,서울특별시 구로구 고척로33길 35 (고척동),근린생활1,제1종근린생활시설,1018118931,지번
1153010700100970004,서울특별시 구로구 개봉동,서울특별시 구로구 고척로21길 29 (개봉동),근린생활2,제2종근린생활시설,1018117801,지번
1153010700100660032,서울특별시 구로구 개봉동,서울특별시 구로구 고척로 102 (개봉동),근린생활2,제2종근린생활시설,1018118345,지번
1153010700100330079,서울특별시 구로구 개봉동,서울특별시 구로구 고척로21나길 32-1 (개봉동),근린생활1,제1종근린생활시설,101818574,지번
1153010700100670016,서울특별시 구로구 개봉동,서울특별시 구로구 고척로19길 2 (개봉동),근린생활2,제2종근린생활시설,101815318,지번
1153010700101260030,서울특별시 구로구 개봉동,서울특별시 구로구 고척로 130 (개봉동),근린생활1,제1종근린생활시설,1018123910,지번
1153010700101240013,서울특별시 구로구 개봉동,서울특별시 구로구 고척로 123-2 (개봉동),근린생활1,제1종근린생활시설,1018110403,지번
1153010200101090004,서울특별시 구로구 구로동,서울특별시 구로구 구로중앙로28길 66 (구로동),근린생활1,제1종근린생활시설,1018116821,지번
1153011000100520001,서울특별시 구로구 온수동,서울특별시 구로구 경인로3길 69 (온수동),근린생활2,제2종근린생활시설,1018122629,지번
1153010600100620135,서울특별시 구로구 고척동,서울특별시 구로구 경인로47길 6 (고척동),근린생활1,제1종근린생활시설,1018121524,지번
1153010200104140027,서울특별시 구로구 구로동,서울특별시 구로구 가마산로 195 (구로동),근린생활1,제1종근린생활시설,1018123405,지번
1153010700100330054,서울특별시 구로구 개봉동,서울특별시 구로구 고척로21나길 25 (개봉동),근린생활1,제1종근린생활시설,1018120843,지번
1153010700100330095,서울특별시 구로구 개봉동,서울특별시 구로구 고척로21가길 44-4 (개봉동),근린생활1,제1종근린생활시설,1018119650,지번
1153010700101050021,서울특별시 구로구 개봉동,서울특별시 구로구 고척로27길 93-60 (개봉동),근린생활1,제1종근린생활시설,101819043,지번
1153010200105010022,서울특별시 구로구 구로동,서울특별시 구로구 구로중앙로32가길 19 (구로동),근린생활1,제1종근린생활시설,101818548,지번
1153010200100290026,서울특별시 구로구 구로동,서울특별시 구로구 공원로6나길 35-12 (구로동),근린생활2,제2종근린생활시설,1018116860,지번
1153010700101180026,서울특별시 구로구 개봉동,서울특별시 구로구 고척로27길 51 (개봉동),근린생활1,제1종근린생활시설,1018123699,지번
1153010700101300021,서울특별시 구로구 개봉동,서울특별시 구로구 경인로31길 88 (개봉동),근린생활1,제1종근린생활시설,1018116631,지번
1153010700100330031,서울특별시 구로구 개봉동,서울특별시 구로구 고척로21나길 18 (개봉동),근린생활1,제1종근린생활시설,1018110361,지번
1153010700101260021,서울특별시 구로구 개봉동,서울특별시 구로구 고척로30길 5 (개봉동),근린생활2,제2종근린생활시설,1018110334,지번
1153010700100620008,서울특별시 구로구 개봉동,서울특별시 구로구 고척로21길 17-1 (개봉동),근린생활1,제1종근린생활시설,1018118801,지번
1153010700100330025,서울특별시 구로구 개봉동,서울특별시 구로구 고척로19길 34 (개봉동),근린생활1,제1종근린생활시설,1018122268,지번
1153010200105110060,서울특별시 구로구 구로동,서울특별시 구로구 구로중앙로27가길 5-1 (구로동),근린생활1,제1종근린생활시설,1018124649,지번
1153010700100970028,서울특별시 구로구 개봉동,서울특별시 구로구 고척로23길 34 (개봉동),근린생활2,제2종근린생활시설,1018118661,지번
1153010700101150046,서울특별시 구로구 개봉동,서울특별시 구로구 고척로25길 88 (개봉동),근린생활2,제2종근린생활시설,1018113298,지번
1153010700100330078,서울특별시 구로구 개봉동,서울특별시 구로구 고척로21나길 33 (개봉동),근린생활2,제2종근린생활시설,1018110008,지번
1153010600102530216,서울특별시 구로구 고척동,서울특별시 구로구 고척로 141 (고척동),근린생활1,제1종근린생활시설,1018119522,지번
1153010600102530097,서울특별시 구로구 고척동,서울특별시 구로구 고척로33길 14 (고척동),근린생활1,제1종근린생활시설,1018121189,지번
1153010600100390005,서울특별시 구로구 고척동,서울특별시 구로구 목동남로 30 (고척동),근린생활1,제1종근린생활시설,1018123733,지번
1153010600100520220,서울특별시 구로구 고척동,서울특별시 구로구 경인로47길 42 (고척동),근린생활2,제2종근린생활시설,1018117418,지번
1153010200107200006,서울특별시 구로구 구로동,서울특별시 구로구 구로동로15길 10 (구로동),근린생활1,제1종근린생활시설,1018116070,지번
1153010600100460011,서울특별시 구로구 고척동,서울특별시 구로구 경인로47길 100 (고척동),근린생활1,제1종근린생활시설,1018118235,지번
1153010200107300018,서울특별시 구로구 구로동,서울특별시 구로구 구로동로26길 29 (구로동),근린생활1,제1종근린생활시설,1018116173,지번
1153010600100520074,서울특별시 구로구 고척동,서울특별시 구로구 중앙로8길 30 (고척동),근린생활2,제2종근린생활시설,1018118126,지번
1153010600100510011,서울특별시 구로구 고척동,서울특별시 구로구 중앙로10길 16 (고척동),근린생활1,제1종근린생활시설,101816247,지번
1153010600100510018,서울특별시 구로구 고척동,서울특별시 구로구 경인로47길 107 (고척동),근린생활1,제1종근린생활시설,101819012,지번
1153010600100570082,서울특별시 구로구 고척동,서울특별시 구로구 경인로47다길 38 (고척동),근린생활2,제2종근린생활시설,101816794,지번
1153010600101450019,서울특별시 구로구 고척동,서울특별시 구로구 경서로7길 27-5 (고척동),근린생활2,제2종근린생활시설,1018113264,지번
1153010600100460019,서울특별시 구로구 고척동,서울특별시 구로구 경인로47다길 4 (고척동),근린생활2,제2종근린생활시설,101819187,지번
1153010600100500050,서울특별시 구로구 고척동,서울특별시 구로구 경인로47길 95-1 (고척동),근린생활2,제2종근린생활시설,1018110085,지번
1153010600100460021,서울특별시 구로구 고척동,서울특별시 구로구 경인로47다길 8 (고척동),근린생활1,제1종근린생활시설,1018111483,지번
1153010600100430035,서울특별시 구로구 고척동,서울특별시 구로구 경인로47길 126-23 (고척동),근린생활2,제2종근린생활시설,1018118736,지번
1153010600100510001,서울특별시 구로구 고척동,서울특별시 구로구 중앙로10길 21 (고척동),근린생활1,제1종근린생활시설,1018119481,지번
1153010600100430041,서울특별시 구로구 고척동,서울특별시 구로구 경인로47길 126-5 (고척동),근린생활1,제1종근린생활시설,1018124377,지번
1153010600100460039,서울특별시 구로구 고척동,서울특별시 구로구 경인로47길 126 (고척동),근린생활1,제1종근린생활시설,1018114294,지번
1153010600100500071,서울특별시 구로구 고척동,서울특별시 구로구 중앙로 60 (고척동),근린생활1,제1종근린생활시설,10181100184979,지번
1153010600102180002,서울특별시 구로구 고척동,서울특별시 구로구 고척로47길 56-10 (고척동),근린생활1,제1종근린생활시설,1018122545,지번
1153010600101590006,서울특별시 구로구 고척동,서울특별시 구로구 고척로 206 (고척동),근린생활2,제2종근린생활시설,101819882,지번
1153010600101410001,서울특별시 구로구 고척동,서울특별시 구로구 중앙로5길 62 (고척동),판매시설,노유자시설,1018124790,지번
1153010600101410001,서울특별시 구로구 고척동,서울특별시 구로구 중앙로5길 62 (고척동),판매시설,판매시설,101812791,지번
1153010600101410001,서울특별시 구로구 고척동,서울특별시 구로구 중앙로5길 62 (고척동),판매시설,공동주택,101812792,지번
1153010600101410001,서울특별시 구로구 고척동,서울특별시 구로구 중앙로5길 62 (고척동),판매시설,공동주택,101812793,지번
1153010600101410001,서울특별시 구로구 고척동,서울특별시 구로구 중앙로5길 62 (고척동),판매시설,공동주택,101812794,지번
1153010600101410001,서울특별시 구로구 고척동,서울특별시 구로구 중앙로5길 62 (고척동),판매시설,공동주택,101812795,지번
1153010600101410001,서울특별시 구로구 고척동,서울특별시 구로구 중앙로5길 62 (고척동),판매시설,공동주택,101812796,지번
1153010600101600002,서울특별시 구로구 고척동,서울특별시 구로구 고척로 204 (고척동),근린생활1,제1종근린생활시설,101815526,지번
1153010600101600006,서울특별시 구로구 고척동,서울특별시 구로구 고척로 202 (고척동),근린생활1,제1종근린생활시설,1018110576,지번
1153010600101760029,서울특별시 구로구 고척동,서울특별시 구로구 중앙로 83 (고척동),근린생활2,제2종근린생활시설,1018122681,지번
1153010600102180007,서울특별시 구로구 고척동,서울특별시 구로구 중앙로15길 77 (고척동),근린생활1,제1종근린생활시설,10181100183839,지번
1153010600103390002,서울특별시 구로구 고척동,서울특별시 구로구 중앙로15길 22 (고척동),근린생활1,제1종근린생활시설,10181100186509,지번
1153010600101370008,서울특별시 구로구 고척동,서울특별시 구로구 경서로 62-1 (고척동),근린생활1,제1종근린생활시설,1018118681,지번
1153010600100520088,서울특별시 구로구 고척동,서울특별시 구로구 경인로47가길 13 (고척동),근린생활1,제1종근린생활시설,101815607,지번
1153010600100510017,서울특별시 구로구 고척동,서울특별시 구로구 경인로47길 101 (고척동),근린생활1,제1종근린생활시설,1018124505,지번
1153010600100510010,서울특별시 구로구 고척동,서울특별시 구로구 중앙로10길 8 (고척동),근린생활1,제1종근린생활시설,1018119034,지번
1153010600100460055,서울특별시 구로구 고척동,서울특별시 구로구 경인로47길 122 (고척동),근린생활1,제1종근린생활시설,1018123453,지번
1153010600100460066,서울특별시 구로구 고척동,서울특별시 구로구 경인로47다길 3 (고척동),근린생활1,제1종근린생활시설,1018114074,지번
1153010600100510016,서울특별시 구로구 고척동,서울특별시 구로구 경인로47길 113 (고척동),근린생활1,제1종근린생활시설,1018115902,지번
1153010600100430044,서울특별시 구로구 고척동,서울특별시 구로구 중앙로14가길 46 (고척동),근린생활1,제1종근린생활시설,1018119400,지번
1153010600101720078,서울특별시 구로구 고척동,서울특별시 구로구 경서로 83 (고척동),근린생활1,제1종근린생활시설,1018122925,지번
1153010600100460067,서울특별시 구로구 고척동,서울특별시 구로구 경인로47길 116 (고척동),근린생활1,제1종근린생활시설,1018122243,지번
1153010600100550001,서울특별시 구로구 고척동,서울특별시 구로구 중앙로 45 (고척동),근린생활1,제1종근린생활시설,1018121546,지번
1153010600100980059,서울특별시 구로구 고척동,서울특별시 구로구 경서로3길 12 (고척동),근린생활1,제1종근린생활시설,1018121281,지번
1153010600101290013,서울특별시 구로구 고척동,서울특별시 구로구 경서로 35 (고척동),근린생활1,제1종근린생활시설,101818370,지번
1153010600100550005,서울특별시 구로구 고척동,,근린생활1,제1종근린생활시설,1018116839,지번
1153010600100520212,서울특별시 구로구 고척동,서울특별시 구로구 경인로47길 40 (고척동),근린생활1,제1종근린생활시설,101812169,지번
1153010600100520212,서울특별시 구로구 고척동,서울특별시 구로구 경인로47길 44-12 (고척동),근린생활1,제2종근린생활시설,101812170,지번
1153010200111300012,서울특별시 구로구 구로동,서울특별시 구로구 시흥대로163길 17-7 (구로동),근린생활1,제1종근린생활시설,10181100183533,지번
1153010200106140010,서울특별시 구로구 구로동,서울특별시 구로구 경인로51길 147 (구로동),근린생활2,제2종근린생활시설,1018116255,지번
1153010600100500048,서울특별시 구로구 고척동,서울특별시 구로구 중앙로 64 (고척동),판매시설,판매시설,101811352,지번
1153010600100500048,서울특별시 구로구 고척동,서울특별시 구로구 중앙로 64 (고척동),판매시설,의료시설,101811353,지번
1153010600100760201,서울특별시 구로구 고척동,,근린생활2,제2종근린생활시설,101812614,지번
1153010600100760201,서울특별시 구로구 고척동,,근린생활2,제2종근린생활시설,101812615,지번
1153010700104520002,서울특별시 구로구 개봉동,서울특별시 구로구 고척로52길 86 (개봉동),근린생활2,제2종근린생활시설,101817751,지번
1153010200105960004,서울특별시 구로구 구로동,서울특별시 구로구 경인로54길 19 (구로동),근린생활1,제1종근린생활시설,1018113329,지번
1153010200105980004,서울특별시 구로구 구로동,서울특별시 구로구 경인로58길 13 (구로동),근린생활1,제1종근린생활시설,1018115131,지번
1153010100104330029,서울특별시 구로구 신도림동,서울특별시 구로구 경인로 619-60 (신도림동),근린생활1,제1종근린생활시설,101819701,지번
1153010200100300001,서울특별시 구로구 구로동,서울특별시 구로구 공원로6나길 29-21 (구로동),근린생활1,제1종근린생활시설,101818411,지번
1153010600101450167,서울특별시 구로구 고척동,서울특별시 구로구 고척로52길 91-9 (고척동),근린생활1,제1종근린생활시설,101818899,지번
1153010600100620022,서울특별시 구로구 고척동,서울특별시 구로구 안양천로537가길 42 (고척동),근린생활2,제2종근린생활시설,1018110368,지번
1153010600100520041,서울특별시 구로구 고척동,서울특별시 구로구 경인로47길 66-4 (고척동),근린생활2,단독주택,101812164,지번
1153010600100520041,서울특별시 구로구 고척동,서울특별시 구로구 경인로47길 66 (고척동),근린생활2,단독주택,101812165,지번
1153010600100520041,서울특별시 구로구 고척동,서울특별시 구로구 경인로47길 64 (고척동),근린생활2,제2종근린생활시설,101812166,지번
1153010600102180011,서울특별시 구로구 고척동,서울특별시 구로구 고척로55길 36 (고척동),근린생활2,제2종근린생활시설,101817214,지번
1153010600100460009,서울특별시 구로구 고척동,서울특별시 구로구 경인로47길 102 (고척동),근린생활,근린생활시설,1018118081,지번
1153010600100520200,서울특별시 구로구 고척동,서울특별시 구로구 경인로47길 18 (고척동),근린생활1,제1종근린생활시설,1018124720,지번
1153010600100520349,서울특별시 구로구 고척동,서울특별시 구로구 경인로47가길 7 (고척동),근린생활1,제1종근린생활시설,1018116092,지번
1153010600100620134,서울특별시 구로구 고척동,서울특별시 구로구 경인로47길 8 (고척동),근린생활2,제2종근린생활시설,1018113015,지번
1153010600102260011,서울특별시 구로구 고척동,서울특별시 구로구 중앙로15길 100-56 (고척동),근린생활2,제2종근린생활시설,1018117750,지번
1153010600100520215,서울특별시 구로구 고척동,서울특별시 구로구 경인로47길 36 (고척동),근린생활1,제1종근린생활시설,1018116406,지번
1153010600100760179,서울특별시 구로구 고척동,서울특별시 구로구 경인로47길 27 (고척동),근린생활1,제1종근린생활시설,1018114199,지번
1153010600103050000,서울특별시 구로구 고척동,서울특별시 구로구 고척로52길 67 (고척동),근린생활1,제1종근린생활시설,1018115772,지번
1153010600101950029,서울특별시 구로구 고척동,서울특별시 구로구 고척로 221 (고척동),근린생활1,제1종근린생활시설,101812721,지번
1153010600101950029,서울특별시 구로구 고척동,서울특별시 구로구 고척로 221-3 (고척동),근린생활1,단독주택,101812722,지번
1153010800102710000,서울특별시 구로구 오류동,서울특별시 구로구 서해안로 2233 (오류동),근린생활2,제2종근린생활시설,1000000000000000084736,지번
1153010600100520035,서울특별시 구로구 고척동,서울특별시 구로구 경인로47가길 9 (고척동),근린생활1,제1종근린생활시설,1018117978,지번
1153010600100510008,서울특별시 구로구 고척동,서울특별시 구로구 경인로47길 91 (고척동),근린생활1,제1종근린생활시설,101819729,지번
1153010600100720028,서울특별시 구로구 고척동,서울특별시 구로구 경인로 381 (고척동),근린생활2,제2종근린생활시설,1018122010,지번
1153010600101670020,서울특별시 구로구 고척동,서울특별시 구로구 고척로47길 16-20 (고척동),근린생활1,제1종근린생활시설,1018117898,지번
1153010200108070012,서울특별시 구로구 구로동,서울특별시 구로구 구로동로8길 1 (구로동),근린생활1,제1종근린생활시설,101819373,지번
1153010200107700032,서울특별시 구로구 구로동,서울특별시 구로구 도림로 41-1 (구로동),근린생활1,제1종근린생활시설,1018115762,지번
1153010600100760003,서울특별시 구로구 고척동,서울특별시 구로구 중앙로6길 41 (고척동),근린생활2,제2종근린생활시설,1018122210,지번
1153010600100520213,서울특별시 구로구 고척동,서울특별시 구로구 경인로47길 36 (고척동),근린생활1,제1종근린생활시설,101818227,지번
1153010600100520217,서울특별시 구로구 고척동,서울특별시 구로구 경인로47길 34-1 (고척동),근린생활1,제1종근린생활시설,1018119211,지번
1153010600100790002,서울특별시 구로구 고척동,서울특별시 구로구 중앙로5길 6 (고척동),근린생활1,제1종근린생활시설,101815267,지번
1153010200111270007,서울특별시 구로구 구로동,서울특별시 구로구 디지털로32다길 20-7 (구로동),근린생활2,제2종근린생활시설,1018121279,지번
1153010600100520223,서울특별시 구로구 고척동,서울특별시 구로구 경인로47길 44 (고척동),근린생활1,제1종근린생활시설,1018121836,지번
1153010600100620098,서울특별시 구로구 고척동,서울특별시 구로구 경인로47길 10 (고척동),근린생활1,제1종근린생활시설,1018124858,지번
1153010600101340032,서울특별시 구로구 고척동,서울특별시 구로구 경서로 49 (고척동),근린생활1,제1종근린생활시설,1018114898,지번
1153010600101940005,서울특별시 구로구 고척동,서울특별시 구로구 고척로 228-7 (고척동),근린생활1,제1종근린생활시설,1018110110,지번
1153010600101680060,서울특별시 구로구 고척동,서울특별시 구로구 고척로 205 (고척동),근린생활2,제2종근린생활시설,10181100245073,지번
1153010600100520346,서울특별시 구로구 고척동,서울특별시 구로구 중앙로 32 (고척동),근린생활2,제2종근린생활시설,1018119215,지번
1153010600100520061,서울특별시 구로구 고척동,서울특별시 구로구 경인로47길 73 (고척동),근린생활1,제1종근린생활시설,1018110783,지번
1153010200101300069,서울특별시 구로구 구로동,서울특별시 구로구 구로중앙로8길 17 (구로동),근린생활1,제1종근린생활시설,101819402,지번
1153010600100520042,서울특별시 구로구 고척동,서울특별시 구로구 경인로47길 68 (고척동),근린생활2,제2종근린생활시설,101819689,지번
1153010600100760088,서울특별시 구로구 고척동,서울특별시 구로구 경인로47길 31 (고척동),근린생활2,제2종근린생활시설,101818345,지번
1153010600100520199,서울특별시 구로구 고척동,서울특별시 구로구 경인로47길 22 (고척동),근린생활2,제2종근린생활시설,1018112182,지번
1153010600100520048,서울특별시 구로구 고척동,서울특별시 구로구 경인로47길 67 (고척동),근린생활1,제1종근린생활시설,1018116806,지번
1153010600101610082,서울특별시 구로구 고척동,서울특별시 구로구 고척로 194-12 (고척동),근린생활1,제1종근린생활시설,101814606,지번
1153010600101700009,서울특별시 구로구 고척동,서울특별시 구로구 고척로54길 29 (고척동),근린생활1,제1종근린생활시설,1018122123,지번
1153010600100520197,서울특별시 구로구 고척동,서울특별시 구로구 경인로47길 26 (고척동),근린생활2,제2종근린생활시설,101818148,지번
1153010600100520401,서울특별시 구로구 고척동,서울특별시 구로구 경인로47길 54 (고척동),근린생활1,제1종근린생활시설,101816408,지번
1153010600100520241,서울특별시 구로구 고척동,서울특별시 구로구 경인로47길 48 (고척동),근린생활2,제2종근린생활시설,1018115567,지번
1153010600100520340,서울특별시 구로구 고척동,서울특별시 구로구 중앙로 34 (고척동),근린생활1,제1종근린생활시설,1018112028,지번
1153010600100520383,서울특별시 구로구 고척동,서울특별시 구로구 중앙로6길 9 (고척동),근린생활2,제2종근린생활시설,1018119229,지번
1153010600100520196,서울특별시 구로구 고척동,서울특별시 구로구 경인로47길 30 (고척동),근린생활1,제1종근린생활시설,101818038,지번
1153010600100520058,서울특별시 구로구 고척동,서울특별시 구로구 중앙로8길 10-11 (고척동),근린생활2,단독주택,101812167,지번
1153010600100520058,서울특별시 구로구 고척동,서울특별시 구로구 중앙로8길 10-11 (고척동),근린생활2,제2종근린생활시설,101812168,지번
1153010600100760104,서울특별시 구로구 고척동,서울특별시 구로구 경인로47길 45 (고척동),근린생활2,제2종근린생활시설,1018123531,지번
1153010600100620035,서울특별시 구로구 고척동,서울특별시 구로구 안양천로537나길 40 (고척동),근린생활1,제1종근린생활시설,101816432,지번
1153010800100060076,서울특별시 구로구 오류동,서울특별시 구로구 고척로 5-1 (오류동),근린생활2,제2종근린생활시설,1018116216,지번
1153010100102910097,서울특별시 구로구 신도림동,서울특별시 구로구 신도림로11가길 20 (신도림동),근린생활2,제2종근린생활시설,1018110138,지번
1153010200106070004,서울특별시 구로구 구로동,서울특별시 구로구 경인로53길 16 (구로동),근린생활2,제2종근린생활시설,1018120453,지번
1153010100102920183,서울특별시 구로구 신도림동,서울특별시 구로구 신도림로11길 48-27 (신도림동),근린생활2,제2종근린생활시설,101813721,지번
1153010100102920183,서울특별시 구로구 신도림동,서울특별시 구로구 신도림로11길 48-25 (신도림동),근린생활2,제2종근린생활시설,101813722,지번
1153010100102910132,서울특별시 구로구 신도림동,서울특별시 구로구 신도림로11다길 24 (신도림동),근린생활2,제2종근린생활시설,10181100181625,지번
1153010800101420086,서울특별시 구로구 오류동,서울특별시 구로구 서해안로34가길 12 (오류동),근린생활1,제1종근린생활시설,1018116547,지번
1153011000100570014,서울특별시 구로구 온수동,서울특별시 구로구 부일로1길 9 (온수동),근린생활2,제2종근린생활시설,101818820,지번
1153010100102800021,서울특별시 구로구 신도림동,서울특별시 구로구 신도림로11라길 46 (신도림동),근린생활2,제2종근린생활시설,101819468,지번
1153010100102910089,서울특별시 구로구 신도림동,서울특별시 구로구 신도림로11가길 14 (신도림동),근린생활2,제2종근린생활시설,1018123702,지번
1153010800102450007,서울특별시 구로구 오류동,서울특별시 구로구 오리로13길 82 (오류동),근린생활1,제1종근린생활시설,101818048,지번
1153010800100130194,서울특별시 구로구 오류동,서울특별시 구로구 고척로6길 29 (오류동),근린생활1,제1종근린생활시설,101818290,지번
1153010100102920024,서울특별시 구로구 신도림동,서울특별시 구로구 신도림로11길 29 (신도림동),근린생활1,제1종근린생활시설,1018118625,지번
1153010100102960032,서울특별시 구로구 신도림동,서울특별시 구로구 신도림로15길 21-20 (신도림동),근린생활2,제2종근린생활시설,1018119271,지번
1153010200105970005,서울특별시 구로구 구로동,서울특별시 구로구 경인로 536 (구로동),근린생활2,제2종근린생활시설,101818528,지번
1153010100102920080,서울특별시 구로구 신도림동,서울특별시 구로구 신도림로7길 53 (신도림동),근린생활2,제2종근린생활시설,101819075,지번
1153010600100570164,서울특별시 구로구 고척동,서울특별시 구로구 경인로47다길 16 (고척동),근린생활1,제1종근린생활시설,1018118653,지번
1153010100102910157,서울특별시 구로구 신도림동,서울특별시 구로구 신도림로11다길 22-14 (신도림동),근린생활2,제2종근린생활시설,1018110660,지번
1153010100102960015,서울특별시 구로구 신도림동,서울특별시 구로구 신도림로15가길 11-1 (신도림동),근린생활2,단독주택,101813849,지번
1153010100102960015,서울특별시 구로구 신도림동,서울특별시 구로구 신도림로15가길 11 (신도림동),근린생활2,제2종근린생활시설,101813850,지번
1153010100102960017,서울특별시 구로구 신도림동,서울특별시 구로구 신도림로15가길 11-3 (신도림동),근린생활2,제2종근린생활시설,1018119633,지번
1153010200106110001,서울특별시 구로구 구로동,서울특별시 구로구 구로중앙로 223 (구로동),근린생활2,제2종근린생활시설,1018110926,지번
1153010100102960008,서울특별시 구로구 신도림동,서울특별시 구로구 신도림로15가길 5 (신도림동),근린생활2,제2종근린생활시설,101816987,지번
1153010100102810121,서울특별시 구로구 신도림동,서울특별시 구로구 구로중앙로42길 126-6 (신도림동),근린생활2,제2종근린생활시설,1018113540,지번
1153010100102810072,서울특별시 구로구 신도림동,서울특별시 구로구 신도림로15길 87-8 (신도림동),근린생활1,제1종근린생활시설,1018122749,지번
1153010100102940004,서울특별시 구로구 신도림동,서울특별시 구로구 신도림로11라길 36 (신도림동),근린생활1,제1종근린생활시설,101815943,지번
1153010200100300029,서울특별시 구로구 구로동,서울특별시 구로구 공원로6나길 29-3 (구로동),근린생활1,제1종근린생활시설,1000000000000000066318,지번
1153010200100830003,서울특별시 구로구 구로동,서울특별시 구로구 가마산로 246 (구로동),근린생활1,제1종근린생활시설,1000000000000000068141,지번
1153010800102310010,서울특별시 구로구 오류동,서울특별시 구로구 오리로13길 4 (오류동),근린생활2,제2종근린생활시설,1018114610,지번
1153010800101350056,서울특별시 구로구 오류동,서울특별시 구로구 서해안로 2330-30 (오류동),근린생활2,제2종근린생활시설,1018116210,지번
1153010800100270092,서울특별시 구로구 오류동,서울특별시 구로구 고척로16길 60 (오류동),근린생활1,제1종근린생활시설,1018114923,지번
1153010100102960106,서울특별시 구로구 신도림동,서울특별시 구로구 신도림로15길 33 (신도림동),근린생활2,제2종근린생활시설,101816486,지번
1153010100103850003,서울특별시 구로구 신도림동,서울특별시 구로구 경인로63길 21-15 (신도림동),근린생활2,제2종근린생활시설,1018113476,지번
1153010800101350069,서울특별시 구로구 오류동,서울특별시 구로구 서해안로26길 6 (오류동),근린생활2,제2종근린생활시설,1000000000000000132145,지번
1153010100102920136,서울특별시 구로구 신도림동,서울특별시 구로구 신도림로11다길 12 (신도림동),근린생활1,제1종근린생활시설,101817339,지번
1153010100104390016,서울특별시 구로구 신도림동,서울특별시 구로구 경인로62길 3 (신도림동),근린생활1,제1종근린생활시설,101819669,지번
1153010100106490000,서울특별시 구로구 신도림동,서울특별시 구로구 신도림로 56-13 (신도림동),근린생활1,제1종근린생활시설,101812049,지번
1153010100106490000,서울특별시 구로구 신도림동,서울특별시 구로구 신도림로 56-13 (신도림동),근린생활1,공동주택,101812050,지번
1153010100106490000,서울특별시 구로구 신도림동,서울특별시 구로구 신도림로 56-13 (신도림동),근린생활1,공동주택,101812051,지번
1153010100106490000,서울특별시 구로구 신도림동,서울특별시 구로구 신도림로 56-13 (신도림동),근린생활1,공동주택,101812052,지번
1153010100106490000,서울특별시 구로구 신도림동,서울특별시 구로구 신도림로 56-13 (신도림동),근린생활1,공동주택,101812053,지번
1153010100106490000,서울특별시 구로구 신도림동,서울특별시 구로구 신도림로 56-13 (신도림동),근린생활1,공동주택,101812054,지번
1153010100106490000,서울특별시 구로구 신도림동,서울특별시 구로구 신도림로 56-13 (신도림동),근린생활1,공동주택,101812055,지번
1153010800101360040,서울특별시 구로구 오류동,서울특별시 구로구 서해안로26길 11-2 (오류동),근린생활1,제1종근린생활시설,1018114579,지번
1153010100103800021,서울특별시 구로구 신도림동,서울특별시 구로구 경인로63길 21-44 (신도림동),근린생활2,제2종근린생활시설,1018119242,지번
1153010100103830002,서울특별시 구로구 신도림동,서울특별시 구로구 경인로63길 21-6 (신도림동),근린생활1,제1종근린생활시설,101815322,지번
1153011000100610025,서울특별시 구로구 온수동,서울특별시 구로구 부일로1길 31-1 (온수동),근린생활1,제1종근린생활시설,1018112397,지번
1153010100102810139,서울특별시 구로구 신도림동,서울특별시 구로구 구로중앙로42길 135 (신도림동),근린생활1,제1종근린생활시설,1018112919,지번
1153010100102930081,서울특별시 구로구 신도림동,서울특별시 구로구 신도림로11라길 20 (신도림동),근린생활1,제1종근린생활시설,1018120105,지번
1153010100102920065,서울특별시 구로구 신도림동,서울특별시 구로구 신도림로11다길 6-11 (신도림동),근린생활2,제2종근린생활시설,1018116603,지번
1153010200106090030,서울특별시 구로구 구로동,서울특별시 구로구 경인로53길 40 (구로동),근린생활1,제1종근린생활시설,1018113867,지번
1153010800100090004,서울특별시 구로구 오류동,서울특별시 구로구 고척로 4-5 (오류동),근린생활2,제2종근린생활시설,1018122019,지번
1153010100103940043,서울특별시 구로구 신도림동,서울특별시 구로구 신도림로11길 8 (신도림동),근린생활1,제1종근린생활시설,101819646,지번
1153010100102930075,서울특별시 구로구 신도림동,서울특별시 구로구 신도림로11라길 7-28 (신도림동),근린생활2,제2종근린생활시설,101817066,지번
1153010100103960034,서울특별시 구로구 신도림동,서울특별시 구로구 신도림로11길 9-4 (신도림동),근린생활2,제2종근린생활시설,1018118545,지번
1153010100102920003,서울특별시 구로구 신도림동,서울특별시 구로구 신도림로11길 44 (신도림동),근린생활1,제1종근린생활시설,1018110220,지번
1153010200105930008,서울특별시 구로구 구로동,서울특별시 구로구 경인로58길 25 (구로동),근린생활1,제1종근린생활시설,1018119846,지번
1153010100103830004,서울특별시 구로구 신도림동,서울특별시 구로구 경인로63길 21-12 (신도림동),근린생활2,제2종근린생활시설,101816997,지번
1153010200105960006,서울특별시 구로구 구로동,서울특별시 구로구 경인로54길 15 (구로동),근린생활1,제1종근린생활시설,1018119659,지번
1153010200101110017,서울특별시 구로구 구로동,서울특별시 구로구 공원로7길 23-29 (구로동),근린생활1,제1종근린생활시설,1018123648,지번
1153010200100280010,서울특별시 구로구 구로동,서울특별시 구로구 공원로6나길 49-2 (구로동),근린생활1,제1종근린생활시설,1018118391,지번
1153010200100410007,서울특별시 구로구 구로동,서울특별시 구로구 공원로6나길 46 (구로동),근린생활1,제1종근린생활시설,1018114004,지번
1153010200100400012,서울특별시 구로구 구로동,서울특별시 구로구 공원로8길 23 (구로동),근린생활1,제1종근린생활시설,1018113218,지번
1153010100103800007,서울특별시 구로구 신도림동,서울특별시 구로구 경인로63길 21-30 (신도림동),근린생활2,제2종근린생활시설,1018117809,지번
1153010100103890001,서울특별시 구로구 신도림동,서울특별시 구로구 신도림로15길 20 (신도림동),근린생활2,제2종근린생활시설,101813865,지번
1153010100103890001,서울특별시 구로구 신도림동,서울특별시 구로구 신도림로15길 20 (신도림동),근린생활2,창고시설,101813866,지번
1153010200101120014,서울특별시 구로구 구로동,서울특별시 구로구 구로중앙로28길 53-39 (구로동),근린생활1,제1종근린생활시설,1018113512,지번
1153010200101110004,서울특별시 구로구 구로동,서울특별시 구로구 구로중앙로28다길 33 (구로동),근린생활1,제1종근린생활시설,1018114258,지번
1153010200101110015,서울특별시 구로구 구로동,서울특별시 구로구 구로중앙로28다길 5 (구로동),근린생활1,제1종근린생활시설,1018121499,지번
1153010200107800079,서울특별시 구로구 구로동,서울특별시 구로구 도림로12길 1 (구로동),근린생활1,제1종근린생활시설,1018118262,지번
1153010200108060060,서울특별시 구로구 구로동,서울특별시 구로구 구로동로8길 18 (구로동),근린생활1,제1종근린생활시설,1018118980,지번
1153010200101120042,서울특별시 구로구 구로동,서울특별시 구로구 구로중앙로28길 35-8 (구로동),근린생활2,제2종근린생활시설,1018119757,지번
1153010200105520006,서울특별시 구로구 구로동,서울특별시 구로구 새말로12길 32 (구로동),근린생활1,제1종근린생활시설,101816662,지번
1153010200105520073,서울특별시 구로구 구로동,서울특별시 구로구 공원로11길 42 (구로동),근린생활2,제2종근린생활시설,1018118372,지번
1153010200105450006,서울특별시 구로구 구로동,서울특별시 구로구 공원로9길 14 (구로동),근린생활1,제1종근린생활시설,1018116635,지번
1153010200108070053,서울특별시 구로구 구로동,서울특별시 구로구 구로동로 88-1 (구로동),근린생활1,제1종근린생활시설,1018124478,지번
1153010100103300051,서울특별시 구로구 신도림동,서울특별시 구로구 경인로67길 67-29 (신도림동),근린생활1,제1종근린생활시설,1018124092,지번
1153010200105980011,서울특별시 구로구 구로동,서울특별시 구로구 경인로58길 4 (구로동),근린생활2,제2종근린생활시설,1018116227,지번
1153010100102930072,서울특별시 구로구 신도림동,서울특별시 구로구 신도림로11길 48-30 (신도림동),근린생활1,제1종근린생활시설,1018120830,지번
1153010800100810096,서울특별시 구로구 오류동,서울특별시 구로구 경인로15길 19 (오류동),근린생활1,제1종근린생활시설,1018111866,지번
1153010100103950007,서울특별시 구로구 신도림동,서울특별시 구로구 신도림로11나길 10 (신도림동),근린생활2,제2종근린생활시설,1018111591,지번
1153010800100090226,서울특별시 구로구 오류동,서울특별시 구로구 고척로 6-2 (오류동),근린생활1,제1종근린생활시설,1018111424,지번
1153011000100610031,서울특별시 구로구 온수동,서울특별시 구로구 부일로1가길 12-1 (온수동),근린생활1,제1종근린생활시설,101819440,지번
1153010100102930093,서울특별시 구로구 신도림동,서울특별시 구로구 신도림로11라길 13 (신도림동),근린생활1,제1종근린생활시설,1018119375,지번
1153010100102930110,서울특별시 구로구 신도림동,서울특별시 구로구 신도림로11라길 7 (신도림동),근린생활1,제1종근린생활시설,1018122215,지번
1153010100103960061,서울특별시 구로구 신도림동,서울특별시 구로구 신도림로11가길 9 (신도림동),근린생활2,제2종근린생활시설,101817796,지번
1153010100102910059,서울특별시 구로구 신도림동,서울특별시 구로구 신도림로5길 46 (신도림동),근린생활2,제2종근린생활시설,1018118614,지번
1153010100102920070,서울특별시 구로구 신도림동,서울특별시 구로구 신도림로11다길 6-13 (신도림동),근린생활2,제2종근린생활시설,1018120959,지번
1153010200100280008,서울특별시 구로구 구로동,서울특별시 구로구 새말로18길 36-1 (구로동),근린생활2,제2종근린생활시설,101817166,지번
1153010200100230006,서울특별시 구로구 구로동,서울특별시 구로구 공원로6가길 49 (구로동),근린생활1,제1종근린생활시설,1018111997,지번
1153010200105540017,서울특별시 구로구 구로동,서울특별시 구로구 공원로11길 43 (구로동),근린생활1,제1종근린생활시설,1018121643,지번
1153010200100080012,서울특별시 구로구 구로동,서울특별시 구로구 새말로 83 (구로동),근린생활1,제1종근린생활시설,1018120602,지번
1153010100102910072,서울특별시 구로구 신도림동,서울특별시 구로구 신도림로11다길 22-18 (신도림동),근린생활2,제2종근린생활시설,1018120750,지번
1153010800100090060,서울특별시 구로구 오류동,서울특별시 구로구 고척로6길 58-4 (오류동),근린생활1,제1종근린생활시설,1018115992,지번
1153010800101460005,서울특별시 구로구 오류동,서울특별시 구로구 오류로8길 92-5 (오류동),근린생활2,제2종근린생활시설,1018115469,지번
1153010800100400004,서울특별시 구로구 오류동,서울특별시 구로구 경인로 195 (오류동),근린생활1,제1종근린생활시설,1018118563,지번
1153010800100340015,서울특별시 구로구 오류동,서울특별시 구로구 경인로25길 12 (오류동),근린생활2,제2종근린생활시설,1018118547,지번
1153010100102910026,서울특별시 구로구 신도림동,서울특별시 구로구 신도림로7길 31 (신도림동),근린생활2,제2종근린생활시설,1018116388,지번
1153010100102910034,서울특별시 구로구 신도림동,서울특별시 구로구 신도림로7길 35 (신도림동),근린생활2,제2종근린생활시설,1018115206,지번
1153010800100390003,서울특별시 구로구 오류동,서울특별시 구로구 경인로19가길 14-8 (오류동),근린생활1,제1종근린생활시설,1018115622,지번
1153010200100220001,서울특별시 구로구 구로동,서울특별시 구로구 새말로 75 (구로동),근린생활2,제2종근린생활시설,1018110381,지번
1153010200105520008,서울특별시 구로구 구로동,서울특별시 구로구 공원로 91 (구로동),근린생활2,제2종근린생활시설,1018124029,지번
1153010100103960074,서울특별시 구로구 신도림동,서울특별시 구로구 신도림로7길 2 (신도림동),근린생활2,제2종근린생활시설,1018115771,지번
1153010100103960082,서울특별시 구로구 신도림동,서울특별시 구로구 신도림로 35 (신도림동),근린생활2,제2종근린생활시설,1018110442,지번
1153010100102930060,서울특별시 구로구 신도림동,서울특별시 구로구 구로중앙로42길 110-15 (신도림동),근린생활2,제2종근린생활시설,1018119992,지번
1153010600100620065,서울특별시 구로구 고척동,서울특별시 구로구 안양천로537나길 30 (고척동),근린생활2,제2종근린생활시설,101812586,지번
1153010200105970053,서울특별시 구로구 구로동,서울특별시 구로구 경인로 540 (구로동),근린생활1,제1종근린생활시설,101811263,지번
1153010200105970053,서울특별시 구로구 구로동,서울특별시 구로구 경인로 540 (구로동),근린생활1,제1종근린생활시설,101811264,지번
1153010200105430019,서울특별시 구로구 구로동,서울특별시 구로구 구로중앙로28가길 8 (구로동),근린생활1,제1종근린생활시설,1018115056,지번
1153010200105960007,서울특별시 구로구 구로동,서울특별시 구로구 경인로 536 (구로동),근린생활2,제2종근린생활시설,101811316,지번
1153010200105960007,서울특별시 구로구 구로동,서울특별시 구로구 경인로 536 (구로동),근린생활2,창고시설,101811317,지번
1153010100102910052,서울특별시 구로구 신도림동,서울특별시 구로구 신도림로5길 44 (신도림동),근린생활2,제2종근린생활시설,1018117981,지번
1153010200107040058,서울특별시 구로구 구로동,서울특별시 구로구 구로동로 149-1 (구로동),근린생활1,제1종근린생활시설,1018118239,지번
1153010100102960081,서울특별시 구로구 신도림동,서울특별시 구로구 신도림로15가길 8 (신도림동),근린생활2,제2종근린생활시설,1018124317,지번
1153010100102960080,서울특별시 구로구 신도림동,서울특별시 구로구 신도림로15가길 6-1 (신도림동),근린생활2,제2종근린생활시설,101817513,지번
1153010100102960099,서울특별시 구로구 신도림동,서울특별시 구로구 신도림로15길 21-18 (신도림동),근린생활1,제1종근린생활시설,101811117,지번
1153010100102960099,서울특별시 구로구 신도림동,서울특별시 구로구 신도림로15길 21-18 (신도림동),근린생활1,공장,101811118,지번
1153010100102960105,서울특별시 구로구 신도림동,서울특별시 구로구 신도림로15길 35 (신도림동),근린생활2,제2종근린생활시설,101817366,지번
1153010100103800038,서울특별시 구로구 신도림동,서울특별시 구로구 경인로63길 21-33 (신도림동),근린생활2,제2종근린생활시설,1018114682,지번
1153010600100570044,서울특별시 구로구 고척동,서울특별시 구로구 경인로47다길 27 (고척동),근린생활1,제1종근린생활시설,1018118191,지번
1153010800100600004,서울특별시 구로구 오류동,서울특별시 구로구 경인로20가길 53 (오류동),근린생활1,제1종근린생활시설,1018115438,지번
1153010100102820013,서울특별시 구로구 신도림동,서울특별시 구로구 구로중앙로42길 117 (신도림동),근린생활1,제1종근린생활시설,1018112923,지번
1153010100103960153,서울특별시 구로구 신도림동,서울특별시 구로구 신도림로11가길 19-5 (신도림동),근린생활1,제1종근린생활시설,1018119777,지번
1153010100102910020,서울특별시 구로구 신도림동,서울특별시 구로구 신도림로7길 30 (신도림동),근린생활1,제1종근린생활시설,1018119283,지번
1153010800100900008,서울특별시 구로구 오류동,서울특별시 구로구 경인로 115 (오류동),근린생활1,제1종근린생활시설,1018114970,지번
1153010200105970028,서울특별시 구로구 구로동,서울특별시 구로구 경인로 544-5 (구로동),근린생활1,제1종근린생활시설,1018115353,지번
1153010100102910149,서울특별시 구로구 신도림동,서울특별시 구로구 신도림로11다길 22-12 (신도림동),근린생활2,제2종근린생활시설,1018111469,지번
1153010800100060122,서울특별시 구로구 오류동,서울특별시 구로구 고척로3길 35 (오류동),근린생활1,제1종근린생활시설,1018115325,지번
1153010100102920199,서울특별시 구로구 신도림동,서울특별시 구로구 구로중앙로42길 100 (신도림동),근린생활2,제2종근린생활시설,1018124118,지번
1153011000100510002,서울특별시 구로구 온수동,서울특별시 구로구 경인로3길 60 (온수동),근린생활2,제2종근린생활시설,101819218,지번
1153010100102920209,서울특별시 구로구 신도림동,서울특별시 구로구 구로중앙로42길 88 (신도림동),근린생활1,제1종근린생활시설,1018112230,지번
1153010100102910114,서울특별시 구로구 신도림동,서울특별시 구로구 신도림로5길 32 (신도림동),근린생활1,제1종근린생활시설,1018121805,지번
1153010800101350094,서울특별시 구로구 오류동,서울특별시 구로구 서해안로 2340 (오류동),근린생활1,제1종근린생활시설,101819150,지번
1153010600101340037,서울특별시 구로구 고척동,서울특별시 구로구 경서로 39-5 (고척동),근린생활2,제2종근린생활시설,101814551,지번
1153010600101340065,서울특별시 구로구 고척동,서울특별시 구로구 경서로5길 12 (고척동),근린생활1,제1종근린생활시설,101812668,지번
1153010600101700008,서울특별시 구로구 고척동,서울특별시 구로구 고척로54길 31 (고척동),근린생활2,제2종근린생활시설,1018118644,지번
1153010100102910178,서울특별시 구로구 신도림동,,근린생활1,공장,1018114011,지번
1153010100102920138,서울특별시 구로구 신도림동,서울특별시 구로구 신도림로7길 43 (신도림동),근린생활1,제1종근린생활시설,1018116685,지번
1153010100102910060,서울특별시 구로구 신도림동,서울특별시 구로구 신도림로5길 50 (신도림동),근린생활2,제2종근린생활시설,1018124855,지번
1153010100102930071,서울특별시 구로구 신도림동,서울특별시 구로구 신도림로11길 48-32 (신도림동),근린생활1,제1종근린생활시설,1018122326,지번
1153010200105700142,서울특별시 구로구 구로동,서울특별시 구로구 새말로 44 (구로동),근린생활2,제2종근린생활시설,1018119949,지번
1153010200106120010,서울특별시 구로구 구로동,서울특별시 구로구 구로중앙로 215 (구로동),근린생활1,제1종근린생활시설,1018114034,지번
1153010100103960038,서울특별시 구로구 신도림동,서울특별시 구로구 신도림로11길 9-1 (신도림동),근린생활1,제1종근린생활시설,101816934,지번
1153010800101560114,서울특별시 구로구 오류동,서울특별시 구로구 오류로8나길 25-5 (오류동),근린생활2,제2종근린생활시설,101817430,지번
1153010200101360083,서울특별시 구로구 구로동,서울특별시 구로구 구로중앙로 26 (구로동),근린생활,근린생활시설,1018113925,지번
1153010800101350029,서울특별시 구로구 오류동,서울특별시 구로구 서해안로 2328-1 (오류동),근린생활2,제2종근린생활시설,101817294,지번
1153010200103130011,서울특별시 구로구 구로동,서울특별시 구로구 구로동로26길 121 (구로동),근린생활1,제1종근린생활시설,1018110506,지번
1153010200101390080,서울특별시 구로구 구로동,서울특별시 구로구 구로동로28가길 29 (구로동),근린생활1,제1종근린생활시설,1018116666,지번
1153010200101310008,서울특별시 구로구 구로동,서울특별시 구로구 구로중앙로14길 11-3 (구로동),근린생활1,제1종근린생활시설,1018116642,지번
1153010200101380026,서울특별시 구로구 구로동,서울특별시 구로구 구로중앙로 28 (구로동),근린생활1,제1종근린생활시설,1018122517,지번
1153010200101360005,서울특별시 구로구 구로동,서울특별시 구로구 구로중앙로14길 3 (구로동),근린생활1,제1종근린생활시설,1018116636,지번
1153010200107050022,서울특별시 구로구 구로동,서울특별시 구로구 가마산로 170 (구로동),근린생활2,제2종근린생활시설,101813990,지번
1153010200101510000,서울특별시 구로구 구로동,서울특별시 구로구 도림로 101 (구로동),근린생활1,제1종근린생활시설,101818929,지번
1153010200101300032,서울특별시 구로구 구로동,서울특별시 구로구 구로중앙로14길 24 (구로동),근린생활1,제1종근린생활시설,1018114775,지번
1153010200105010012,서울특별시 구로구 구로동,서울특별시 구로구 구로중앙로34길 30 (구로동),근린생활1,제1종근린생활시설,101817542,지번
1153010200100300032,서울특별시 구로구 구로동,서울특별시 구로구 새말로16길 29 (구로동),근린생활1,제1종근린생활시설,101817574,지번
1153010200103130080,서울특별시 구로구 구로동,서울특별시 구로구 도림로17길 46 (구로동),근린생활1,제1종근린생활시설,101815970,지번
1153010200103170174,서울특별시 구로구 구로동,서울특별시 구로구 구로동로28길 64-5 (구로동),근린생활1,제1종근린생활시설,1018122270,지번
1153010200104630021,서울특별시 구로구 구로동,서울특별시 구로구 구로동로43길 15 (구로동),근린생활1,제1종근린생활시설,101817558,지번
1153010200101390087,서울특별시 구로구 구로동,서울특별시 구로구 구로중앙로9길 16 (구로동),근린생활1,제1종근린생활시설,101815646,지번
1153010200100880001,서울특별시 구로구 구로동,서울특별시 구로구 구로중앙로15길 9 (구로동),근린생활1,제1종근린생활시설,1018114503,지번
1153010200105270005,서울특별시 구로구 구로동,서울특별시 구로구 구로중앙로28길 17 (구로동),근린생활2,제2종근린생활시설,1018115363,지번
1153010200101420092,서울특별시 구로구 구로동,서울특별시 구로구 구로중앙로12길 7 (구로동),근린생활1,제1종근린생활시설,101818134,지번
1153010200103130049,서울특별시 구로구 구로동,서울특별시 구로구 구로동로26길 111 (구로동),근린생활1,제1종근린생활시설,1018111823,지번
1153010200101360007,서울특별시 구로구 구로동,서울특별시 구로구 구로중앙로 34 (구로동),근린생활1,제1종근린생활시설,1018115531,지번
1153010200101390033,서울특별시 구로구 구로동,서울특별시 구로구 구로중앙로7길 14 (구로동),근린생활1,제1종근린생활시설,1018114044,지번
1153010200103130006,서울특별시 구로구 구로동,서울특별시 구로구 도림로19길 11 (구로동),근린생활1,제1종근린생활시설,101817570,지번
1153010200101530006,서울특별시 구로구 구로동,서울특별시 구로구 도림로 102 (구로동),근린생활1,제1종근린생활시설,1018110891,지번
1153010200111320002,서울특별시 구로구 구로동,서울특별시 구로구 시흥대로161길 16 (구로동),근린생활2,제2종근린생활시설,1018117681,지번
1153010200108120000,서울특별시 구로구 구로동,서울특별시 구로구 디지털로34길 56 (구로동),근린생활1,제1종근린생활시설,1018124420,지번
1153010200111320001,서울특별시 구로구 구로동,서울특별시 구로구 시흥대로161길 14 (구로동),근린생활2,제2종근린생활시설,1018118671,지번
1153010200111320037,서울특별시 구로구 구로동,서울특별시 구로구 시흥대로161가길 21 (구로동),근린생활2,제2종근린생활시설,10181100190365,지번
1153010200111300018,서울특별시 구로구 구로동,서울특별시 구로구 디지털로32가길 43 (구로동),근린생활2,제2종근린생활시설,1018115484,지번
1153010200111300063,서울특별시 구로구 구로동,서울특별시 구로구 시흥대로161가길 4 (구로동),근린생활2,제2종근린생활시설,10181100181644,지번
1153010200101420068,서울특별시 구로구 구로동,서울특별시 구로구 구로중앙로 7 (구로동),근린생활2,제2종근린생활시설,1018117137,지번
1153010800100810109,서울특별시 구로구 오류동,서울특별시 구로구 고척로1길 46 (오류동),근린생활2,제2종근린생활시설,1000000000000001975949,지번
1153010200101360046,서울특별시 구로구 구로동,서울특별시 구로구 구로중앙로 33 (구로동),근린생활1,제1종근린생활시설,1018114361,지번
1153010200107300014,서울특별시 구로구 구로동,서울특별시 구로구 구로동로26길 37 (구로동),근린생활1,제1종근린생활시설,1018111985,지번
1153010200107300074,서울특별시 구로구 구로동,서울특별시 구로구 구로동로26길 5 (구로동),근린생활2,제2종근린생활시설,1018111838,지번
1153010200103170053,서울특별시 구로구 구로동,서울특별시 구로구 구로동로28길 84-17 (구로동),근린생활2,제2종근린생활시설,1018116454,지번
1153010200103170053,서울특별시 구로구 구로동,서울특별시 구로구 구로동로28길 84-17 (구로동),근린생활2,공동주택,101817625,지번
1153010200103270058,서울특별시 구로구 구로동,서울특별시 구로구 구로동로26길 81 (구로동),근린생활1,제1종근린생활시설,101816609,지번
1153010200103130001,서울특별시 구로구 구로동,서울특별시 구로구 구로동로26길 133 (구로동),근린생활1,제1종근린생활시설,1018110916,지번
1153010200103130007,서울특별시 구로구 구로동,서울특별시 구로구 구로동로26길 123 (구로동),근린생활1,제1종근린생활시설,1018123171,지번
1153010200100870001,서울특별시 구로구 구로동,서울특별시 구로구 구로중앙로 43 (구로동),근린생활1,제1종근린생활시설,101813517,지번
1153010200100870001,서울특별시 구로구 구로동,서울특별시 구로구 구로중앙로 47 (구로동),근린생활1,제1종근린생활시설,101813518,지번
1153010200100870001,서울특별시 구로구 구로동,서울특별시 구로구 구로중앙로19나길 49 (구로동),근린생활1,제1종근린생활시설,101813519,지번
1153010200100870001,서울특별시 구로구 구로동,서울특별시 구로구 구로중앙로 43 (구로동),근린생활1,제1종근린생활시설,101813520,지번
1153010200111290047,서울특별시 구로구 구로동,서울특별시 구로구 디지털로32가길 90 (구로동),근린생활2,제2종근린생활시설,10181100260407,지번
1153010200111300040,서울특별시 구로구 구로동,서울특별시 구로구 시흥대로161가길 18 (구로동),근린생활2,제2종근린생활시설,10181100184039,지번
1153010100104330003,서울특별시 구로구 신도림동,서울특별시 구로구 경인로 631 (신도림동),근린생활1,제1종근린생활시설,101811128,지번
1153010200107070007,서울특별시 구로구 구로동,서울특별시 구로구 구로동로25길 33-16 (구로동),근린생활2,제2종근린생활시설,1018115237,지번
1153010200103130002,서울특별시 구로구 구로동,서울특별시 구로구 구로동로26길 129 (구로동),근린생활1,제1종근린생활시설,1018112879,지번
1153010200111300033,서울특별시 구로구 구로동,서울특별시 구로구 시흥대로161가길 16-6 (구로동),근린생활2,제2종근린생활시설,10181100191437,지번
1153010200111300033,서울특별시 구로구 구로동,서울특별시 구로구 시흥대로161가길 16-8 (구로동),근린생활2,제2종근린생활시설,10181100191438,지번
1153010200111300045,서울특별시 구로구 구로동,서울특별시 구로구 시흥대로161가길 18-5 (구로동),근린생활2,제2종근린생활시설,101819797,지번
1153010200111290049,서울특별시 구로구 구로동,서울특별시 구로구 디지털로32가길 92 (구로동),근린생활2,제2종근린생활시설,10181100183823,지번
1153010200111300056,서울특별시 구로구 구로동,서울특별시 구로구 디지털로32가길 55 (구로동),근린생활1,제1종근린생활시설,1018114574,지번
1153010200101300007,서울특별시 구로구 구로동,서울특별시 구로구 구로중앙로8길 16 (구로동),근린생활1,제1종근린생활시설,1018117117,지번
1153010200107070026,서울특별시 구로구 구로동,서울특별시 구로구 가마산로 162-4 (구로동),근린생활2,제2종근린생활시설,101813996,지번
1153010200107070026,서울특별시 구로구 구로동,서울특별시 구로구 가마산로 162-3 (구로동),근린생활2,제2종근린생활시설,101813997,지번
1153010200103130083,서울특별시 구로구 구로동,서울특별시 구로구 구로동로26길 98 (구로동),근린생활1,제1종근린생활시설,1018123227,지번
1153010200111290077,서울특별시 구로구 구로동,서울특별시 구로구 디지털로32가길 46-5 (구로동),근린생활2,제2종근린생활시설,1018110290,지번
1153010200111320035,서울특별시 구로구 구로동,서울특별시 구로구 시흥대로161가길 23-5 (구로동),근린생활2,제2종근린생활시설,10181100200786,지번
1153010200107260004,서울특별시 구로구 구로동,서울특별시 구로구 구로동로 125 (구로동),근린생활1,제1종근린생활시설,101814021,지번
1153010200107260004,서울특별시 구로구 구로동,서울특별시 구로구 구로동로 125 (구로동),근린생활1,제1종근린생활시설,101814022,지번
1153010200107070022,서울특별시 구로구 구로동,서울특별시 구로구 가마산로 164 (구로동),근린생활1,제1종근린생활시설,1018116931,지번
1153010200107290022,서울특별시 구로구 구로동,서울특별시 구로구 구로동로23길 8 (구로동),근린생활1,제1종근린생활시설,101811333,지번
1153010200107290022,서울특별시 구로구 구로동,서울특별시 구로구 구로동로23길 8 (구로동),근린생활1,제2종근린생활시설,101811334,지번
1153010200101230013,서울특별시 구로구 구로동,서울특별시 구로구 구로중앙로8길 30 (구로동),근린생활1,제1종근린생활시설,101815495,지번
1153010200104260107,서울특별시 구로구 구로동,서울특별시 구로구 가마산로15길 14 (구로동),근린생활1,제1종근린생활시설,101818259,지번
1153010200103130005,서울특별시 구로구 구로동,서울특별시 구로구 구로동로26길 125 (구로동),근린생활1,제1종근린생활시설,101819749,지번
1153010200103130074,서울특별시 구로구 구로동,서울특별시 구로구 구로동로26길 101-3 (구로동),근린생활1,제1종근린생활시설,101817636,지번
1153010200107350044,서울특별시 구로구 구로동,서울특별시 구로구 구로동로22길 16-3 (구로동),근린생활1,제1종근린생활시설,1018113341,지번
1153010200101160013,서울특별시 구로구 구로동,서울특별시 구로구 구로중앙로14길 33 (구로동),근린생활2,제2종근린생활시설,101816653,지번
1153010200101520018,서울특별시 구로구 구로동,서울특별시 구로구 도림로 96 (구로동),근린생활1,제1종근린생활시설,1018124448,지번
1153010200105970068,서울특별시 구로구 구로동,서울특별시 구로구 경인로54길 35 (구로동),근린생활1,제1종근린생활시설,1018113090,지번
1153010200104040001,서울특별시 구로구 구로동,서울특별시 구로구 가마산로11길 2 (구로동),근린생활1,제1종근린생활시설,1018113176,지번
1153010200107080023,서울특별시 구로구 구로동,서울특별시 구로구 구로동로17길 38 (구로동),근린생활1,제1종근린생활시설,1018113313,지번
1153010200103170021,서울특별시 구로구 구로동,서울특별시 구로구 구로동로28길 100 (구로동),근린생활2,제2종근린생활시설,1018123346,지번
1153010200103170038,서울특별시 구로구 구로동,서울특별시 구로구 구로동로28길 86 (구로동),근린생활1,제1종근린생활시설,1018120939,지번
1153010200101230019,서울특별시 구로구 구로동,서울특별시 구로구 구로중앙로8길 41 (구로동),근린생활2,제2종근린생활시설,1018119052,지번
1153010200107300015,서울특별시 구로구 구로동,서울특별시 구로구 구로동로26길 35 (구로동),근린생활1,제1종근린생활시설,1018124700,지번
1153010200101310016,서울특별시 구로구 구로동,서울특별시 구로구 구로중앙로14길 7 (구로동),근린생활1,제1종근린생활시설,1018121688,지번
1153010200101290026,서울특별시 구로구 구로동,서울특별시 구로구 구로중앙로12길 17 (구로동),근린생활2,제2종근린생활시설,1018112111,지번
1153010300100130080,서울특별시 구로구 가리봉동,서울특별시 구로구 구로동로7나길 9 (가리봉동),근린생활1,제1종근린생활시설,10181100253127,지번
1153010200104050002,서울특별시 구로구 구로동,서울특별시 구로구 벚꽃로 428 (구로동),근린생활2,제2종근린생활시설,101812073,지번
1153010200104050002,서울특별시 구로구 구로동,서울특별시 구로구 벚꽃로 428 (구로동),근린생활2,제2종근린생활시설,101812074,지번
1153010200107340009,서울특별시 구로구 구로동,서울특별시 구로구 구로동로14길 53-1 (구로동),근린생활1,제1종근린생활시설,1018121411,지번
1153010200103130104,서울특별시 구로구 구로동,,근린생활1,제1종근린생활시설,101811158,지번
1153010200103130104,서울특별시 구로구 구로동,,근린생활1,제1종근린생활시설,101811159,지번
1153010200101440011,서울특별시 구로구 구로동,서울특별시 구로구 도림로 83-6 (구로동),근린생활1,공동주택,101815428,지번
1153010200107340001,서울특별시 구로구 구로동,서울특별시 구로구 구로동로26길 42 (구로동),근린생활1,제1종근린생활시설,1018117579,지번
1153010200111320053,서울특별시 구로구 구로동,서울특별시 구로구 시흥대로161길 40 (구로동),근린생활2,제2종근린생활시설,101816904,지번
1153010200101220007,서울특별시 구로구 구로동,서울특별시 구로구 구로중앙로8길 41-24 (구로동),근린생활1,제1종근린생활시설,1018118129,지번
1153010200100870000,서울특별시 구로구 구로동,서울특별시 구로구 구로중앙로15길 5 (구로동),근린생활1,제1종근린생활시설,1018112362,지번
1153010200107300032,서울특별시 구로구 구로동,서울특별시 구로구 구로동로26길 55-4 (구로동),근린생활1,제1종근린생활시설,101814035,지번
1153010200107300032,서울특별시 구로구 구로동,서울특별시 구로구 구로동로26길 57 (구로동),근린생활1,단독주택,101814036,지번
1153010200111300054,서울특별시 구로구 구로동,서울특별시 구로구 디지털로32가길 59 (구로동),근린생활2,제2종근린생활시설,10181100182124,지번
1153010200111290081,서울특별시 구로구 구로동,서울특별시 구로구 디지털로32가길 40 (구로동),근린생활2,제2종근린생활시설,1018123862,지번
1153010200101520001,서울특별시 구로구 구로동,서울특별시 구로구 도림로 99 (구로동),근린생활2,제2종근린생활시설,101818992,지번
1153010200101470006,서울특별시 구로구 구로동,서울특별시 구로구 도림로 94 (구로동),근린생활1,제1종근린생활시설,1018115043,지번
1153010200107420019,서울특별시 구로구 구로동,서울특별시 구로구 구로동로26길 66 (구로동),근린생활2,제2종근린생활시설,1018117802,지번
1153010200107610008,서울특별시 구로구 구로동,서울특별시 구로구 구로동로8길 96 (구로동),근린생활2,제2종근린생활시설,101817547,지번
1153010200101360015,서울특별시 구로구 구로동,,근린생활1,단독주택,101813542,지번
1153010200101360015,서울특별시 구로구 구로동,서울특별시 구로구 구로중앙로 32 (구로동),근린생활1,제1종근린생활시설,101813543,지번
1153010200101360015,서울특별시 구로구 구로동,서울특별시 구로구 구로중앙로14길 4 (구로동),근린생활1,제1종근린생활시설,101813544,지번
1153010200105470024,서울특별시 구로구 구로동,서울특별시 구로구 공원로7길 22 (구로동),근린생활1,제1종근린생활시설,1018114707,지번
1153010200101310017,서울특별시 구로구 구로동,서울특별시 구로구 구로중앙로14길 11 (구로동),근린생활1,제1종근린생활시설,101817122,지번
1153010800100090183,서울특별시 구로구 오류동,서울특별시 구로구 고척로 8 (오류동),근린생활2,제2종근린생활시설,101814732,지번
1153010200107340011,서울특별시 구로구 구로동,서울특별시 구로구 구로동로22길 27-3 (구로동),근린생활1,제1종근린생활시설,1018111872,지번
1153010200107340011,서울특별시 구로구 구로동,서울특별시 구로구 구로동로22길 27-4 (구로동),근린생활1,공동주택,1018118195,지번
1153010200107330002,서울특별시 구로구 구로동,서울특별시 구로구 구로동로26길 26 (구로동),근린생활1,제1종근린생활시설,1018112745,지번
1153010200103940021,서울특별시 구로구 구로동,서울특별시 구로구 가마산로 163 (구로동),근린생활1,제1종근린생활시설,1018117232,지번
1153010200104030007,서울특별시 구로구 구로동,서울특별시 구로구 가마산로 179 (구로동),근린생활1,제1종근린생활시설,101817966,지번
1153010200101530003,서울특별시 구로구 구로동,서울특별시 구로구 도림로 104 (구로동),근린생활2,제2종근린생활시설,1018121921,지번
1153010200101380003,서울특별시 구로구 구로동,서울특별시 구로구 구로중앙로 22 (구로동),근린생활2,제2종근린생활시설,1018119029,지번
1153010200107070003,서울특별시 구로구 구로동,서울특별시 구로구 가마산로 162-2 (구로동),근린생활2,제2종근린생활시설,1018117151,지번
1153010200107290024,서울특별시 구로구 구로동,서울특별시 구로구 구로동로 127 (구로동),근린생활1,제1종근린생활시설,101817301,지번
1153010200100840011,서울특별시 구로구 구로동,서울특별시 구로구 구로중앙로19길 25-4 (구로동),근린생활1,제1종근린생활시설,101816643,지번
1153010200107340005,서울특별시 구로구 구로동,서울특별시 구로구 구로동로14길 55 (구로동),근린생활1,제1종근린생활시설,1018122765,지번
1153010200103170022,서울특별시 구로구 구로동,,근린생활1,공동주택,101811527,지번
1153010200103170022,서울특별시 구로구 구로동,서울특별시 구로구 구로동로28길 84-6 (구로동),근린생활1,제1종근린생활시설,1018123432,지번
1153010200101340031,서울특별시 구로구 구로동,서울특별시 구로구 구로동로28길 111 (구로동),근린생활2,제2종근린생활시설,1018112161,지번
1153010200101470001,서울특별시 구로구 구로동,서울특별시 구로구 구로중앙로 4 (구로동),근린생활2,제2종근린생활시설,101818793,지번
1153010200104260142,서울특별시 구로구 구로동,서울특별시 구로구 가마산로 215 (구로동),근린생활1,제1종근린생활시설,1018124782,지번
1153010200101410014,서울특별시 구로구 구로동,서울특별시 구로구 도림로 75 (구로동),근린생활2,제2종근린생활시설,101816735,지번
1153010200107260001,서울특별시 구로구 구로동,서울특별시 구로구 구로동로 125-4 (구로동),근린생활1,제1종근린생활시설,101819884,지번
1153010200103130014,서울특별시 구로구 구로동,서울특별시 구로구 구로동로26길 119 (구로동),근린생활1,제1종근린생활시설,1018118744,지번
1153010200100850027,서울특별시 구로구 구로동,서울특별시 구로구 구로중앙로19길 19-9 (구로동),근린생활1,제1종근린생활시설,1018110239,지번
1153010200103940059,서울특별시 구로구 구로동,서울특별시 구로구 가마산로 159-1 (구로동),근린생활1,제1종근린생활시설,1018118525,지번
1153010200107290001,서울특별시 구로구 구로동,서울특별시 구로구 구로동로 133 (구로동),근린생활1,제1종근린생활시설,101814030,지번
1153010200107290001,서울특별시 구로구 구로동,서울특별시 구로구 구로동로 133 (구로동),근린생활1,제1종근린생활시설,101814031,지번
1153010200107300050,서울특별시 구로구 구로동,서울특별시 구로구 구로동로26길 47-1 (구로동),근린생활1,제1종근린생활시설,1018111260,지번
1153010200101300039,서울특별시 구로구 구로동,서울특별시 구로구 구로중앙로14길 19 (구로동),근린생활2,제2종근린생활시설,101815881,지번
1153010200103130050,서울특별시 구로구 구로동,서울특별시 구로구 구로동로26길 107 (구로동),근린생활1,제1종근린생활시설,1018120976,지번
1153010200103130062,서울특별시 구로구 구로동,서울특별시 구로구 구로동로26길 105-2 (구로동),근린생활1,제1종근린생활시설,1018115021,지번
1153010200101390124,서울특별시 구로구 구로동,서울특별시 구로구 구로중앙로 23 (구로동),근린생활2,제2종근린생활시설,101816092,지번
1153010200101390128,서울특별시 구로구 구로동,서울특별시 구로구 구로중앙로 21 (구로동),근린생활2,제2종근린생활시설,1018115278,지번
1153010800100500003,서울특별시 구로구 오류동,서울특별시 구로구 경인로 202-1 (오류동),근린생활1,제1종근린생활시설,101816463,지번
1153010200107300027,서울특별시 구로구 구로동,서울특별시 구로구 구로동로28길 16-7 (구로동),근린생활1,제1종근린생활시설,1018111017,지번
1153011000101300004,서울특별시 구로구 온수동,서울특별시 구로구 부일로9길 135-4 (온수동),근린생활2,제2종근린생활시설,101816195,지번
1153010200104290043,서울특별시 구로구 구로동,서울특별시 구로구 구로동로28길 51 (구로동),근린생활1,제1종근린생활시설,1018115520,지번
1153010600102560020,서울특별시 구로구 고척동,서울특별시 구로구 경인로33바길 9 (고척동),근린생활1,제1종근린생활시설,1018111609,지번
1153010700100800023,서울특별시 구로구 개봉동,서울특별시 구로구 경인로 277 (개봉동),근린생활1,제1종근린생활시설,1018111320,지번
1153010200111290082,서울특별시 구로구 구로동,서울특별시 구로구 디지털로32가길 86-7 (구로동),근린생활2,제2종근린생활시설,10181100184559,지번
1153010200111290045,서울특별시 구로구 구로동,서울특별시 구로구 디지털로32가길 86-9 (구로동),근린생활2,제2종근린생활시설,10181100184560,지번
1153010600101640067,서울특별시 구로구 고척동,서울특별시 구로구 고척로 189 (고척동),근린생활1,제1종근린생활시설,1018116663,지번
1153010600101340117,서울특별시 구로구 고척동,서울특별시 구로구 경서로5길 1 (고척동),근린생활2,제2종근린생활시설,101817999,지번
1153010600101850015,서울특별시 구로구 고척동,서울특별시 구로구 중앙로13길 13 (고척동),근린생활2,제2종근린생활시설,101815511,지번
1153010200111300031,서울특별시 구로구 구로동,서울특별시 구로구 시흥대로161가길 10 (구로동),근린생활1,제1종근린생활시설,10181100182005,지번
1153010200111300030,서울특별시 구로구 구로동,서울특별시 구로구 시흥대로161가길 12 (구로동),근린생활1,제1종근린생활시설,1018119275,지번
1153010200111290076,서울특별시 구로구 구로동,서울특별시 구로구 디지털로32가길 86-13 (구로동),근린생활2,제2종근린생활시설,10181100183513,지번
1153010200111300051,서울특별시 구로구 구로동,서울특별시 구로구 디지털로32가길 69 (구로동),근린생활2,제2종근린생활시설,1018124517,지번
1153010200111300066,서울특별시 구로구 구로동,서울특별시 구로구 시흥대로161가길 26 (구로동),근린생활2,제2종근린생활시설,1018117059,지번
1153010200111290026,서울특별시 구로구 구로동,서울특별시 구로구 디지털로32가길 76-17 (구로동),근린생활2,제2종근린생활시설,10181100191830,지번
1153010200111300014,서울특별시 구로구 구로동,서울특별시 구로구 시흥대로163길 25 (구로동),근린생활1,제1종근린생활시설,10181100184659,지번
1153010200111320042,서울특별시 구로구 구로동,서울특별시 구로구 디지털로32가길 73 (구로동),근린생활2,제2종근린생활시설,10181100189625,지번
1153010200111300029,서울특별시 구로구 구로동,서울특별시 구로구 디지털로32다길 64 (구로동),근린생활2,제2종근린생활시설,10181100184279,지번
1153010200111290002,서울특별시 구로구 구로동,서울특별시 구로구 디지털로32가길 42 (구로동),근린생활2,제2종근린생활시설,1018118220,지번
1153010600101640069,서울특별시 구로구 고척동,서울특별시 구로구 고척로 187 (고척동),근린생활2,제2종근린생활시설,1018112882,지번
1153010600100500092,서울특별시 구로구 고척동,서울특별시 구로구 중앙로 65 (고척동),근린생활1,제1종근린생활시설,1018120594,지번
1153010600101640061,서울특별시 구로구 고척동,서울특별시 구로구 고척로 179 (고척동),근린생활2,제2종근린생활시설,101816061,지번
1153010600102250011,서울특별시 구로구 고척동,서울특별시 구로구 중앙로15길 126 (고척동),근린생활2,제2종근린생활시설,1018118603,지번
1153010600101640041,서울특별시 구로구 고척동,서울특별시 구로구 고척로 183-1 (고척동),근린생활2,제2종근린생활시설,1018115163,지번
1153010600100980063,서울특별시 구로구 고척동,서울특별시 구로구 경서로3길 18 (고척동),근린생활2,제2종근린생활시설,1018114888,지번
1153010600102260000,서울특별시 구로구 고척동,서울특별시 구로구 중앙로15길 120 (고척동),근린생활2,제2종근린생활시설,1018124865,지번
1153010600102240001,서울특별시 구로구 고척동,서울특별시 구로구 중앙로15길 107 (고척동),근린생활1,제1종근린생활시설,1018122294,지번
1153010600101730035,서울특별시 구로구 고척동,서울특별시 구로구 경서로 82-20 (고척동),근린생활1,제1종근린생활시설,101815007,지번
1153010600101630016,서울특별시 구로구 고척동,서울특별시 구로구 고척로52길 12 (고척동),근린생활1,제1종근린생활시설,1018113285,지번
1153010600101940027,서울특별시 구로구 고척동,서울특별시 구로구 고척로 230 (고척동),근린생활1,제1종근린생활시설,1018121510,지번
1153010600102150010,서울특별시 구로구 고척동,서울특별시 구로구 중앙로15길 80 (고척동),근린생활1,제1종근린생활시설,1018116498,지번
1153010600101640074,서울특별시 구로구 고척동,서울특별시 구로구 고척로 184 (고척동),근린생활1,제1종근린생활시설,1018123615,지번
1153010600101640089,서울특별시 구로구 고척동,서울특별시 구로구 고척로 178 (고척동),근린생활1,업무시설,101812513,지번
1153010600101640089,서울특별시 구로구 고척동,서울특별시 구로구 고척로 176 (고척동),근린생활1,제1종근린생활시설,101812514,지번
1153010600101640052,서울특별시 구로구 고척동,서울특별시 구로구 고척로 181 (고척동),근린생활1,제1종근린생활시설,1018114635,지번
1153010600101640091,서울특별시 구로구 고척동,서울특별시 구로구 고척로 177 (고척동),근린생활1,제1종근린생활시설,1018115712,지번
1153010600200090014,서울특별시 구로구 고척동,서울특별시 구로구 고척로45길 1 (고척동),근린생활1,자동차관련시설,10181100226993,지번
1153010600200090014,서울특별시 구로구 고척동,서울특별시 구로구 고척로45길 31 (고척동),근린생활1,문화및집회시설,101814045,지번
1153010600200090014,서울특별시 구로구 고척동,서울특별시 구로구 고척로45길 37 (고척동),근린생활1,제1종근린생활시설,101814046,지번
1153010600200090014,서울특별시 구로구 고척동,서울특별시 구로구 고척로45길 39 (고척동),근린생활1,문화및집회시설,101814047,지번
1153010600200090014,서울특별시 구로구 고척동,서울특별시 구로구 고척로45길 31 (고척동),근린생활1,교육연구시설,101814048,지번
1153010200111290070,서울특별시 구로구 구로동,서울특별시 구로구 디지털로32가길 66 (구로동),근린생활2,제2종근린생활시설,10181100189766,지번
1153010200111290066,서울특별시 구로구 구로동,서울특별시 구로구 디지털로32가길 76-15 (구로동),근린생활2,제2종근린생활시설,1018114925,지번
1153010200111290014,서울특별시 구로구 구로동,서울특별시 구로구 디지털로32가길 62 (구로동),근린생활2,제2종근린생활시설,10181100189064,지번
1153010600100410002,서울특별시 구로구 고척동,서울특별시 구로구 중앙로14길 27 (고척동),근린생활2,제2종근린생활시설,1018115320,지번
1153010200111290010,서울특별시 구로구 구로동,서울특별시 구로구 디지털로32가길 56 (구로동),근린생활2,제2종근린생활시설,10181100200113,지번
1153010600101610073,서울특별시 구로구 고척동,서울특별시 구로구 고척로 196 (고척동),근린생활2,제2종근린생활시설,1018112178,지번
1153010600100500093,서울특별시 구로구 고척동,서울특별시 구로구 중앙로 63 (고척동),근린생활1,제1종근린생활시설,1018116130,지번
1153010600101940001,서울특별시 구로구 고척동,서울특별시 구로구 고척로 233 (고척동),근린생활2,제2종근린생활시설,1018112074,지번
1153010600102380002,서울특별시 구로구 고척동,서울특별시 구로구 중앙로15길 128 (고척동),근린생활1,제1종근린생활시설,1018110194,지번
1153010600103310000,서울특별시 구로구 고척동,서울특별시 구로구 중앙로15길 125 (고척동),근린생활1,제1종근린생활시설,101812866,지번
1153010600103310000,서울특별시 구로구 고척동,서울특별시 구로구 중앙로15길 125 (고척동),근린생활1,공동주택,101812867,지번
1153010600103310000,서울특별시 구로구 고척동,서울특별시 구로구 중앙로15길 125 (고척동),근린생활1,공동주택,101812868,지번
1153010600103310000,서울특별시 구로구 고척동,서울특별시 구로구 중앙로15길 125 (고척동),근린생활1,공동주택,101812869,지번
1153010600103310000,서울특별시 구로구 고척동,서울특별시 구로구 중앙로15길 125 (고척동),근린생활1,공동주택,101812870,지번
1153010600101700007,서울특별시 구로구 고척동,서울특별시 구로구 고척로54길 35 (고척동),근린생활2,제2종근린생활시설,1018117957,지번
1153010600101590007,서울특별시 구로구 고척동,서울특별시 구로구 고척로 208 (고척동),근린생활1,제1종근린생활시설,1018113523,지번
1153010600101970001,서울특별시 구로구 고척동,서울특별시 구로구 중앙로15길 29 (고척동),근린생활1,제1종근린생활시설,1018116204,지번
1153010700103150009,서울특별시 구로구 개봉동,서울특별시 구로구 개봉로1다길 13 (개봉동),근린생활1,제1종근린생활시설,1018119330,지번
1153010700103680017,서울특별시 구로구 개봉동,서울특별시 구로구 개봉로1나길 36 (개봉동),근린생활2,제2종근린생활시설,1018119224,지번
1153010700103120009,서울특별시 구로구 개봉동,서울특별시 구로구 개봉로3가길 84 (개봉동),근린생활2,제2종근린생활시설,1018116110,지번
1153010700103610005,서울특별시 구로구 개봉동,서울특별시 구로구 개봉로3길 63 (개봉동),근린생활1,제1종근린생활시설,1018113026,지번
1153010200111300058,서울특별시 구로구 구로동,서울특별시 구로구 디지털로32가길 51 (구로동),근린생활1,제1종근린생활시설,1018112833,지번
1153010600102410182,서울특별시 구로구 고척동,서울특별시 구로구 고척로33다길 27 (고척동),근린생활2,제2종근린생활시설,10181100271887,지번
1153010200111300057,서울특별시 구로구 구로동,서울특별시 구로구 디지털로32가길 53 (구로동),근린생활2,제2종근린생활시설,1018118552,지번
1153010600102200016,서울특별시 구로구 고척동,서울특별시 구로구 중앙로15길 87 (고척동),근린생활2,제2종근린생활시설,101815269,지번
1153010600101340033,서울특별시 구로구 고척동,서울특별시 구로구 경서로 47 (고척동),근린생활1,제1종근린생활시설,1018119321,지번
1153010600101610011,서울특별시 구로구 고척동,서울특별시 구로구 고척로48길 3 (고척동),근린생활2,제2종근린생활시설,101819509,지번
1153010600102240009,서울특별시 구로구 고척동,서울특별시 구로구 중앙로15길 103 (고척동),근린생활1,제1종근린생활시설,1018119988,지번
1153010600100010003,서울특별시 구로구 고척동,서울특별시 구로구 중앙로17길 10 (고척동),근린생활2,제2종근린생활시설,101817087,지번
1153010700103550019,서울특별시 구로구 개봉동,서울특별시 구로구 개봉로3길 94 (개봉동),근린생활1,제1종근린생활시설,1018117390,지번
1153010700103520027,서울특별시 구로구 개봉동,서울특별시 구로구 개봉로5길 30 (개봉동),근린생활2,제2종근린생활시설,101815823,지번
1153010700100330045,서울특별시 구로구 개봉동,서울특별시 구로구 고척로21나길 23 (개봉동),근린생활2,제2종근린생활시설,101815272,지번
1153010700100800019,서울특별시 구로구 개봉동,서울특별시 구로구 경인로31길 5-11 (개봉동),근린생활2,제2종근린생활시설,1018115355,지번
1153010600101830002,서울특별시 구로구 고척동,서울특별시 구로구 목동남로 8-1 (고척동),근린생활1,제1종근린생활시설,1018115479,지번
1153010600101960002,서울특별시 구로구 고척동,서울특별시 구로구 고척로54길 23 (고척동),근린생활2,제2종근린생활시설,101817790,지번
1153010200101390074,서울특별시 구로구 구로동,서울특별시 구로구 구로중앙로 25 (구로동),근린생활2,제2종근린생활시설,1018110846,지번
1153010700104510000,서울특별시 구로구 개봉동,서울특별시 구로구 고척로52길 84-2 (개봉동),근린생활1,제1종근린생활시설,101817928,지번
1153010700104510003,서울특별시 구로구 개봉동,서울특별시 구로구 고척로52길 80 (개봉동),근린생활1,제1종근린생활시설,1018113605,지번
1153010600101450099,서울특별시 구로구 고척동,서울특별시 구로구 고척로52길 81 (고척동),근린생활1,제1종근린생활시설,1018116382,지번
1153010600103030000,서울특별시 구로구 고척동,서울특별시 구로구 고척로52길 63 (고척동),근린생활1,제1종근린생활시설,1018119573,지번
1153010600101340040,서울특별시 구로구 고척동,서울특별시 구로구 경서로 43-1 (고척동),근린생활2,제2종근린생활시설,1018116232,지번
1153010600101950020,서울특별시 구로구 고척동,서울특별시 구로구 고척로 225-4 (고척동),근린생활2,제2종근린생활시설,1018119269,지번
1153010600101950012,서울특별시 구로구 고척동,서울특별시 구로구 고척로 224-4 (고척동),근린생활1,제1종근린생활시설,101812716,지번
1153010600101950012,서울특별시 구로구 고척동,서울특별시 구로구 고척로 224 (고척동),근린생활1,제1종근린생활시설,101812717,지번
1153010700103560007,서울특별시 구로구 개봉동,서울특별시 구로구 개봉로3길 80 (개봉동),근린생활1,단독주택,101811156,지번
1153010700103560007,서울특별시 구로구 개봉동,서울특별시 구로구 개봉로3길 82 (개봉동),근린생활1,제1종근린생활시설,101811157,지번
1153010700103560009,서울특별시 구로구 개봉동,서울특별시 구로구 개봉로3길 76 (개봉동),근린생활2,제2종근린생활시설,1018124948,지번
1153010700103140006,서울특별시 구로구 개봉동,서울특별시 구로구 개봉로1길 116 (개봉동),근린생활1,제1종근린생활시설,1018118783,지번
1153010700103570014,서울특별시 구로구 개봉동,서울특별시 구로구 개봉로3길 66 (개봉동),근린생활2,단독주택,101814274,지번
1153010700103570014,서울특별시 구로구 개봉동,서울특별시 구로구 개봉로3길 64 (개봉동),근린생활2,제2종근린생활시설,101814275,지번
1153010700103610007,서울특별시 구로구 개봉동,서울특별시 구로구 개봉로3길 69 (개봉동),근린생활1,제1종근린생활시설,1018119467,지번
1153010600101940004,서울특별시 구로구 고척동,서울특별시 구로구 중앙로15길 13 (고척동),근린생활1,제1종근린생활시설,1018112173,지번
1153010600101880002,서울특별시 구로구 고척동,서울특별시 구로구 중앙로 105 (고척동),근린생활1,제1종근린생활시설,1018114687,지번
1153010600101930009,서울특별시 구로구 고척동,서울특별시 구로구 고척로 228-13 (고척동),근린생활1,제1종근린생활시설,1018111428,지번
1153010600101960020,서울특별시 구로구 고척동,서울특별시 구로구 고척로 216 (고척동),근린생활1,제1종근린생활시설,101815136,지번
1153010600101340034,서울특별시 구로구 고척동,서울특별시 구로구 경서로5길 3 (고척동),근린생활2,제2종근린생활시설,101816299,지번
1153010600101450225,서울특별시 구로구 고척동,서울특별시 구로구 고척로52길 93 (고척동),근린생활1,제1종근린생활시설,101817027,지번
1153010700102890002,서울특별시 구로구 개봉동,서울특별시 구로구 개봉로12길 8 (개봉동),근린생활1,제1종근린생활시설,101818453,지번
1153010700101530013,서울특별시 구로구 개봉동,서울특별시 구로구 고척로52길 108 (개봉동),근린생활2,제2종근린생활시설,101816194,지번
1153010700104500002,서울특별시 구로구 개봉동,서울특별시 구로구 고척로52길 66 (개봉동),근린생활1,제1종근린생활시설,101819038,지번
1153010200112580000,서울특별시 구로구 구로동,서울특별시 구로구 경인로53길 15 (구로동),판매시설,판매시설,101811802,지번
1153010200112580000,서울특별시 구로구 구로동,서울특별시 구로구 경인로53길 15 (구로동),판매시설,판매시설,101811803,지번
1153010200112580000,서울특별시 구로구 구로동,서울특별시 구로구 경인로53길 15 (구로동),판매시설,업무시설,101811804,지번
1153010200112580000,서울특별시 구로구 구로동,서울특별시 구로구 경인로53길 15 (구로동),판매시설,업무시설,101811805,지번
1153010200112580000,서울특별시 구로구 구로동,서울특별시 구로구 경인로53길 15 (구로동),판매시설,판매및영업시설,101811806,지번
1153010700104030133,서울특별시 구로구 개봉동,서울특별시 구로구 개봉로 39-1 (개봉동),근린생활1,제1종근린생활시설,101818549,지번
1153010600100410026,서울특별시 구로구 고척동,서울특별시 구로구 중앙로14길 19 (고척동),근린생활2,제2종근린생활시설,1018113589,지번
1153010600101700001,서울특별시 구로구 고척동,서울특별시 구로구 고척로 228-12 (고척동),근린생활1,제1종근린생활시설,1018110124,지번
1153010600101710010,서울특별시 구로구 고척동,서울특별시 구로구 고척로60길 31 (고척동),근린생활2,제2종근린생활시설,1018122068,지번
1153010700103570013,서울특별시 구로구 개봉동,서울특별시 구로구 개봉로3길 68 (개봉동),근린생활2,단독주택,101814272,지번
1153010700103570013,서울특별시 구로구 개봉동,서울특별시 구로구 개봉로3길 68-1 (개봉동),근린생활2,제2종근린생활시설,101814273,지번
1153010600101940007,서울특별시 구로구 고척동,서울특별시 구로구 고척로 231 (고척동),근린생활2,제2종근린생활시설,1018113266,지번
1153010600103090000,서울특별시 구로구 고척동,서울특별시 구로구 고척로52마길 52-1 (고척동),근린생활1,제1종근린생활시설,101811991,지번
1153010600103090000,서울특별시 구로구 고척동,서울특별시 구로구 고척로52마길 52-1 (고척동),근린생활1,단독주택,101811992,지번
1153010600101560015,서울특별시 구로구 고척동,서울특별시 구로구 고척로54길 24 (고척동),근린생활1,제1종근린생활시설,101812799,지번
1153010600101560015,서울특별시 구로구 고척동,서울특별시 구로구 고척로52나길 39 (고척동),근린생활1,공동주택,101812800,지번
1153010600101560015,서울특별시 구로구 고척동,서울특별시 구로구 고척로52나길 39 (고척동),근린생활1,공동주택,101812801,지번
1153010600101950018,서울특별시 구로구 고척동,서울특별시 구로구 고척로 227 (고척동),근린생활1,제1종근린생활시설,101816783,지번
1153010600101330002,서울특별시 구로구 고척동,서울특별시 구로구 경서로5길 9 (고척동),근린생활2,제2종근린생활시설,1018124247,지번
1153010600102160005,서울특별시 구로구 고척동,서울특별시 구로구 중앙로15길 57 (고척동),근린생활1,제1종근린생활시설,1018117442,지번
1153010600101930007,서울특별시 구로구 고척동,서울특별시 구로구 고척로60길 15 (고척동),근린생활1,제1종근린생활시설,1018120226,지번
1153010900100780002,서울특별시 구로구 궁동,서울특별시 구로구 오리로21가길 23-14 (궁동),근린생활2,제2종근린생활시설,101816581,지번
1153010600101600033,서울특별시 구로구 고척동,서울특별시 구로구 고척로 200 (고척동),근린생활1,제1종근린생활시설,1018122523,지번
1153010600102560007,서울특별시 구로구 고척동,서울특별시 구로구 경인로33길 88 (고척동),근린생활1,제1종근린생활시설,101815304,지번
1153010600101850017,서울특별시 구로구 고척동,서울특별시 구로구 고척로60길 12 (고척동),근린생활1,제1종근린생활시설,1018119057,지번
1153010600101740006,서울특별시 구로구 고척동,서울특별시 구로구 중앙로 77 (고척동),근린생활1,제1종근린생활시설,101819503,지번
1153010700103140109,서울특별시 구로구 개봉동,서울특별시 구로구 개봉로1길 150 (개봉동),근린생활2,제2종근린생활시설,1018111683,지번
1153010700103080013,서울특별시 구로구 개봉동,서울특별시 구로구 개봉로17나길 82 (개봉동),근린생활1,제1종근린생활시설,101819717,지번
1153010700104160140,서울특별시 구로구 개봉동,서울특별시 구로구 고척로25길 7 (개봉동),근린생활1,제1종근린생활시설,101819888,지번
1153010600102210001,서울특별시 구로구 고척동,서울특별시 구로구 중앙로15길 90 (고척동),근린생활1,제1종근린생활시설,1018122708,지번
1153010600102160003,서울특별시 구로구 고척동,서울특별시 구로구 중앙로15길 65 (고척동),근린생활2,제2종근린생활시설,1018123031,지번
1153010600102190003,서울특별시 구로구 고척동,서울특별시 구로구 중앙로15길 73 (고척동),근린생활2,제2종근린생활시설,101815553,지번
1153010600102710109,서울특별시 구로구 고척동,서울특별시 구로구 경인로35길 122 (고척동),근린생활2,제2종근린생활시설,1018115356,지번
1153010600102260032,서울특별시 구로구 고척동,서울특별시 구로구 중앙로15길 124 (고척동),근린생활1,제1종근린생활시설,1018110605,지번
1153010600101340030,서울특별시 구로구 고척동,서울특별시 구로구 경서로 53 (고척동),근린생활1,제1종근린생활시설,1018111111,지번
1153010200108350000,서울특별시 구로구 구로동,서울특별시 구로구 디지털로32가길 86-11 (구로동),근린생활2,공장,101811470,지번
1153010200108350000,서울특별시 구로구 구로동,서울특별시 구로구 디지털로32가길 86-11 (구로동),근린생활2,제2종근린생활시설,101811471,지번
1153010600102180006,서울특별시 구로구 고척동,서울특별시 구로구 고척로55길 22-9 (고척동),근린생활2,제2종근린생활시설,101819217,지번
1153010600103390001,서울특별시 구로구 고척동,서울특별시 구로구 중앙로 109 (고척동),근린생활1,제1종근린생활시설,10181100186504,지번
1153010600101640036,서울특별시 구로구 고척동,서울특별시 구로구 고척로 188 (고척동),근린생활2,제2종근린생활시설,1018113606,지번
1153010700103560008,서울특별시 구로구 개봉동,서울특별시 구로구 개봉로3길 78 (개봉동),근린생활1,제1종근린생활시설,101816884,지번
1153010300101220002,서울특별시 구로구 가리봉동,서울특별시 구로구 구로동로 18 (가리봉동),근린생활1,제1종근린생활시설,1018120908,지번
1153010200107390058,서울특별시 구로구 구로동,서울특별시 구로구 구로동로14길 18-1 (구로동),근린생활1,제1종근린생활시설,1018120304,지번
1153010200108000001,서울특별시 구로구 구로동,서울특별시 구로구 도림로8길 2 (구로동),근린생활2,제2종근린생활시설,1018111382,지번
1153010300101270018,서울특별시 구로구 가리봉동,서울특별시 구로구 남부순환로105길 62 (가리봉동),근린생활2,제2종근린생활시설,101818142,지번
1153010300100880039,서울특별시 구로구 가리봉동,서울특별시 구로구 구로동로 19 (가리봉동),근린생활1,제1종근린생활시설,1018118456,지번
1153010200101450023,서울특별시 구로구 구로동,서울특별시 구로구 도림로20길 30 (구로동),근린생활1,제1종근린생활시설,101811517,지번
1153010200101450023,서울특별시 구로구 구로동,서울특별시 구로구 도림로20길 30 (구로동),근린생활1,공동주택,101811518,지번
1153010300101210038,서울특별시 구로구 가리봉동,서울특별시 구로구 구로동로 9 (가리봉동),근린생활1,제1종근린생활시설,101818146,지번
1153010300101350010,서울특별시 구로구 가리봉동,서울특별시 구로구 디지털로 218 (가리봉동),근린생활1,제1종근린생활시설,1018113130,지번
1153010200107380074,서울특별시 구로구 구로동,서울특별시 구로구 구로동로12길 5 (구로동),근린생활2,제2종근린생활시설,101818262,지번
1153010300101250034,서울특별시 구로구 가리봉동,서울특별시 구로구 남부순환로105길 100 (가리봉동),근린생활1,제1종근린생활시설,1018112897,지번
1153010200107710033,서울특별시 구로구 구로동,서울특별시 구로구 도림로 31-1 (구로동),근린생활1,제1종근린생활시설,1018121325,지번
1153010200103130150,서울특별시 구로구 구로동,서울특별시 구로구 도림로 67 (구로동),근린생활1,제1종근린생활시설,1018112836,지번
1153010200107790034,서울특별시 구로구 구로동,서울특별시 구로구 도림로 44 (구로동),근린생활1,제1종근린생활시설,1018118526,지번
1153010300100890158,서울특별시 구로구 가리봉동,서울특별시 구로구 디지털로27길 123 (가리봉동),근린생활2,제2종근린생활시설,1018124854,지번
1153010300101360077,서울특별시 구로구 가리봉동,서울특별시 구로구 남부순환로107길 1 (가리봉동),근린생활2,제2종근린생활시설,1018114084,지번
1153010300101070030,서울특별시 구로구 가리봉동,서울특별시 구로구 디지털로27길 97 (가리봉동),근린생활1,제1종근린생활시설,101815835,지번
1153010600102500109,서울특별시 구로구 고척동,서울특별시 구로구 고척로33길 106 (고척동),근린생활2,제2종근린생활시설,1018123997,지번
1153010200101700002,서울특별시 구로구 구로동,서울특별시 구로구 도림로20가길 27 (구로동),근린생활2,제2종근린생활시설,10181100182413,지번
1153010600102710188,서울특별시 구로구 고척동,서울특별시 구로구 경인로35길 131-23 (고척동),근린생활1,제1종근린생활시설,1018124279,지번
1153010200107690255,서울특별시 구로구 구로동,서울특별시 구로구 구로동로22길 89 (구로동),근린생활2,제2종근린생활시설,101811070,지번
1153010200107690255,서울특별시 구로구 구로동,,근린생활2,제1종근린생활시설,101811071,지번
1153010200107150007,서울특별시 구로구 구로동,서울특별시 구로구 구로동로 91 (구로동),근린생활1,제1종근린생활시설,1018117762,지번
1153010300101220021,서울특별시 구로구 가리봉동,서울특별시 구로구 우마길 1 (가리봉동),근린생활1,제1종근린생활시설,101819019,지번
1153010300101220028,서울특별시 구로구 가리봉동,서울특별시 구로구 우마1길 5 (가리봉동),근린생활1,제1종근린생활시설,1018111881,지번
1153010200107710038,서울특별시 구로구 구로동,서울특별시 구로구 도림로 31 (구로동),근린생활1,제1종근린생활시설,1018120255,지번
1153010200107360004,서울특별시 구로구 구로동,서울특별시 구로구 구로동로 116 (구로동),근린생활1,제1종근린생활시설,1018112530,지번
1153010200107790041,서울특별시 구로구 구로동,서울특별시 구로구 도림로 46 (구로동),근린생활2,제2종근린생활시설,1018121733,지번
1153010200107250042,서울특별시 구로구 구로동,서울특별시 구로구 구로동로19길 4 (구로동),근린생활1,제1종근린생활시설,1018120173,지번
1153010200107330023,서울특별시 구로구 구로동,서울특별시 구로구 구로동로22길 11 (구로동),근린생활1,제1종근린생활시설,1018111564,지번
1153010200107250009,서울특별시 구로구 구로동,서울특별시 구로구 구로동로19길 2 (구로동),근린생활1,제1종근린생활시설,1018110693,지번
1153010200108080043,서울특별시 구로구 구로동,서울특별시 구로구 구로동로 73 (구로동),근린생활1,제1종근린생활시설,1018123876,지번
1153010600102600018,서울특별시 구로구 고척동,서울특별시 구로구 고척로 153 (고척동),근린생활1,제1종근린생활시설,1018123408,지번
1153010600100520203,서울특별시 구로구 고척동,서울특별시 구로구 경인로47가길 5 (고척동),근린생활2,제2종근린생활시설,1018123629,지번
1153010200107200005,서울특별시 구로구 구로동,서울특별시 구로구 구로동로17길 3-8 (구로동),근린생활2,제2종근린생활시설,1018120260,지번
1153010300101230038,서울특별시 구로구 가리봉동,서울특별시 구로구 우마길 13 (가리봉동),근린생활2,제2종근린생활시설,1018120297,지번
1153010200107350175,서울특별시 구로구 구로동,서울특별시 구로구 구로동로20길 17 (구로동),근린생활1,제1종근린생활시설,101818395,지번
1153010200107230021,서울특별시 구로구 구로동,서울특별시 구로구 구로동로21가길 17-4 (구로동),근린생활2,제2종근린생활시설,101819723,지번
1153010300101330034,서울특별시 구로구 가리봉동,서울특별시 구로구 디지털로 239 (가리봉동),근린생활2,제2종근린생활시설,1000000000000002683773,지번
1153010300101340114,서울특별시 구로구 가리봉동,서울특별시 구로구 디지털로 230-1 (가리봉동),근린생활2,단독주택,101812119,지번
1153010300101340114,서울특별시 구로구 가리봉동,서울특별시 구로구 디지털로 230 (가리봉동),근린생활2,제2종근린생활시설,101812120,지번
1153010200107910055,서울특별시 구로구 구로동,서울특별시 구로구 도림로10길 25 (구로동),근린생활1,제1종근린생활시설,1018112263,지번
1153010200107160008,서울특별시 구로구 구로동,서울특별시 구로구 구로동로15길 1-7 (구로동),근린생활2,제2종근린생활시설,101812228,지번
1153010200107160008,서울특별시 구로구 구로동,서울특별시 구로구 구로동로 99 (구로동),근린생활2,제2종근린생활시설,101812229,지번
1153010300101210047,서울특별시 구로구 가리봉동,서울특별시 구로구 남부순환로105길 138 (가리봉동),근린생활1,제1종근린생활시설,1018111762,지번
1153010200107790017,서울특별시 구로구 구로동,서울특별시 구로구 도림로 40-1 (구로동),근린생활1,제1종근린생활시설,1018116038,지번
1153010300101270020,서울특별시 구로구 가리봉동,서울특별시 구로구 남부순환로105라길 6 (가리봉동),근린생활2,제2종근린생활시설,1018123097,지번
1153010200103900170,서울특별시 구로구 구로동,서울특별시 구로구 가마산로 136 (구로동),근린생활2,제2종근린생활시설,1018114250,지번
1153010300101250016,서울특별시 구로구 가리봉동,서울특별시 구로구 남부순환로105길 76 (가리봉동),근린생활2,제2종근린생활시설,1018111172,지번
1153010300101220015,서울특별시 구로구 가리봉동,서울특별시 구로구 구로동로 14 (가리봉동),근린생활1,제1종근린생활시설,1018118985,지번
1153010200107170001,서울특별시 구로구 구로동,서울특별시 구로구 구로동로15길 9 (구로동),근린생활1,제1종근린생활시설,1018123382,지번
1153010200107350005,서울특별시 구로구 구로동,서울특별시 구로구 구로동로22길 16 (구로동),근린생활1,제1종근린생활시설,1018120859,지번
1153010300101350080,서울특별시 구로구 가리봉동,서울특별시 구로구 디지털로20길 10 (가리봉동),근린생활2,제2종근린생활시설,1018111821,지번
1153010300101230078,서울특별시 구로구 가리봉동,서울특별시 구로구 우마길 15 (가리봉동),근린생활1,제1종근린생활시설,1018113082,지번
1153010200103940120,서울특별시 구로구 구로동,서울특별시 구로구 가마산로 153-1 (구로동),근린생활1,제1종근린생활시설,1018122463,지번
1153010300101250003,서울특별시 구로구 가리봉동,서울특별시 구로구 우마길 20 (가리봉동),근린생활2,제2종근린생활시설,101818007,지번
1153010200107350093,서울특별시 구로구 구로동,서울특별시 구로구 구로동로22길 28-3 (구로동),근린생활1,제1종근린생활시설,1018124779,지번
1153010200107660002,서울특별시 구로구 구로동,서울특별시 구로구 도림로 65 (구로동),근린생활1,제1종근린생활시설,1018118218,지번
1153010200107350024,서울특별시 구로구 구로동,서울특별시 구로구 구로동로 118-1 (구로동),근린생활2,제2종근린생활시설,101819883,지번
1153010200107360016,서울특별시 구로구 구로동,서울특별시 구로구 구로동로 110-1 (구로동),근린생활2,제2종근린생활시설,1018110948,지번
1153010200107360014,서울특별시 구로구 구로동,서울특별시 구로구 구로동로 110 (구로동),근린생활1,제1종근린생활시설,1018114543,지번
1153010200108050023,서울특별시 구로구 구로동,서울특별시 구로구 구로동로 76 (구로동),근린생활1,제1종근린생활시설,1018123125,지번
1153010200107370014,서울특별시 구로구 구로동,서울특별시 구로구 구로동로14길 5 (구로동),근린생활1,제1종근린생활시설,101819213,지번
1153010200107390053,서울특별시 구로구 구로동,서울특별시 구로구 구로동로20길 24-14 (구로동),근린생활2,제2종근린생활시설,1018112075,지번
1153010300101310027,서울특별시 구로구 가리봉동,서울특별시 구로구 디지털로19길 30 (가리봉동),근린생활1,제1종근린생활시설,1018118520,지번
1153010300101270014,서울특별시 구로구 가리봉동,서울특별시 구로구 남부순환로105길 58 (가리봉동),근린생활1,제1종근린생활시설,101819027,지번
1153010300101320080,서울특별시 구로구 가리봉동,서울특별시 구로구 우마3길 29 (가리봉동),근린생활1,제1종근린생활시설,101814761,지번
1153010200107360009,서울특별시 구로구 구로동,서울특별시 구로구 구로동로20길 6-8 (구로동),근린생활1,제1종근린생활시설,101815754,지번
1153010300101270023,서울특별시 구로구 가리봉동,서울특별시 구로구 남부순환로105라길 8 (가리봉동),근린생활1,제1종근린생활시설,101815457,지번
1153010200107200009,서울특별시 구로구 구로동,서울특별시 구로구 구로동로15길 12 (구로동),근린생활2,단독주택,101814008,지번
1153010200107200009,서울특별시 구로구 구로동,,근린생활2,제1종근린생활시설,101814009,지번
1153010200107200009,서울특별시 구로구 구로동,서울특별시 구로구 구로동로17길 5-10 (구로동),근린생활2,제2종근린생활시설,101814010,지번
1153010300101260059,서울특별시 구로구 가리봉동,서울특별시 구로구 우마길 27 (가리봉동),근린생활2,제2종근린생활시설,1018118190,지번
1153010200107360125,서울특별시 구로구 구로동,,근린생활1,제1종근린생활시설,1018119914,지번
1153010300101180020,서울특별시 구로구 가리봉동,서울특별시 구로구 우마2길 41 (가리봉동),근린생활1,제1종근린생활시설,101812327,지번
1153010200107700034,서울특별시 구로구 구로동,서울특별시 구로구 도림로 41 (구로동),근린생활1,제1종근린생활시설,1018118172,지번
1153010200107130013,서울특별시 구로구 구로동,서울특별시 구로구 구로동로13길 23-6 (구로동),근린생활1,제1종근린생활시설,1018116072,지번
1153010300100090001,서울특별시 구로구 가리봉동,서울특별시 구로구 남부순환로105길 228 (가리봉동),근린생활2,제2종근린생활시설,1018124097,지번
1153010200103900071,서울특별시 구로구 구로동,서울특별시 구로구 가마산로 140 (구로동),근린생활1,제1종근린생활시설,101813737,지번
1153010200107670153,서울특별시 구로구 구로동,서울특별시 구로구 도림로 51 (구로동),근린생활2,제2종근린생활시설,101811068,지번
1153010300101100009,서울특별시 구로구 가리봉동,서울특별시 구로구 우마2길 21 (가리봉동),근린생활1,제1종근린생활시설,101817265,지번
1153010300101270027,서울특별시 구로구 가리봉동,서울특별시 구로구 남부순환로105라길 12 (가리봉동),근린생활1,제1종근린생활시설,101815071,지번
1153010200107220008,서울특별시 구로구 구로동,서울특별시 구로구 구로동로17길 2 (구로동),근린생활1,제1종근린생활시설,101814013,지번
1153010200107220008,서울특별시 구로구 구로동,서울특별시 구로구 구로동로17길 2 (구로동),근린생활1,제1종근린생활시설,101814014,지번
1153010200107360158,서울특별시 구로구 구로동,,근린생활1,제1종근린생활시설,1018117111,지번
1153010300101210021,서울특별시 구로구 가리봉동,서울특별시 구로구 구로동로 15 (가리봉동),근린생활2,제2종근린생활시설,1018110809,지번
1153010200103900004,서울특별시 구로구 구로동,서울특별시 구로구 벚꽃로 390 (구로동),근린생활2,제2종근린생활시설,101816029,지번
1153010200108000033,서울특별시 구로구 구로동,서울특별시 구로구 도림로6길 1 (구로동),근린생활1,제1종근린생활시설,1018116040,지번
1153010600100490013,서울특별시 구로구 고척동,서울특별시 구로구 중앙로14나길 6-39 (고척동),근린생활2,제2종근린생활시설,1018112770,지번
1153010200102560001,서울특별시 구로구 구로동,서울특별시 구로구 디지털로31길 90 (구로동),판매시설,공동주택,101812024,지번
1153010200102560001,서울특별시 구로구 구로동,서울특별시 구로구 디지털로31길 90 (구로동),판매시설,공동주택,101812025,지번
1153010200102560001,서울특별시 구로구 구로동,서울특별시 구로구 디지털로31길 90 (구로동),판매시설,공동주택,101812026,지번
1153010200102560001,서울특별시 구로구 구로동,서울특별시 구로구 디지털로31길 90 (구로동),판매시설,공동주택,101812027,지번
1153010200102560001,서울특별시 구로구 구로동,서울특별시 구로구 디지털로31길 90 (구로동),판매시설,공동주택,101812028,지번
1153010200102560001,서울특별시 구로구 구로동,서울특별시 구로구 디지털로31길 90 (구로동),판매시설,공동주택,101812029,지번
1153010200102560001,서울특별시 구로구 구로동,서울특별시 구로구 디지털로31길 90 (구로동),판매시설,공동주택,101812030,지번
1153010200102560001,서울특별시 구로구 구로동,서울특별시 구로구 디지털로31길 90 (구로동),판매시설,공동주택,101812031,지번
1153010200102560001,서울특별시 구로구 구로동,서울특별시 구로구 디지털로31길 90 (구로동),판매시설,공동주택,101812032,지번
1153010200102560001,서울특별시 구로구 구로동,서울특별시 구로구 디지털로31길 90 (구로동),판매시설,공동주택,101812033,지번
1153010200102560001,서울특별시 구로구 구로동,서울특별시 구로구 디지털로31길 90 (구로동),판매시설,공동주택,101812034,지번
1153010200102560001,서울특별시 구로구 구로동,서울특별시 구로구 디지털로31길 90 (구로동),판매시설,공동주택,101812035,지번
1153010200102560001,서울특별시 구로구 구로동,서울특별시 구로구 디지털로31길 90 (구로동),판매시설,공동주택,101812036,지번
1153010200102560001,서울특별시 구로구 구로동,서울특별시 구로구 디지털로31길 90 (구로동),판매시설,공동주택,101812037,지번
1153010200102560001,서울특별시 구로구 구로동,서울특별시 구로구 디지털로31길 90 (구로동),판매시설,판매시설,101812039,지번
1153010200102560001,서울특별시 구로구 구로동,서울특별시 구로구 디지털로31길 90 (구로동),판매시설,공동주택,101812044,지번
1153010200102560001,서울특별시 구로구 구로동,서울특별시 구로구 디지털로31길 90 (구로동),판매시설,공동주택,101812045,지번
1153010200102560001,서울특별시 구로구 구로동,서울특별시 구로구 디지털로31길 86 (구로동),판매시설,제1종근린생활시설,101817748,지번
1153010200107360032,서울특별시 구로구 구로동,서울특별시 구로구 구로동로20길 18-7 (구로동),근린생활1,제1종근린생활시설,1018110238,지번
1153010200107360080,서울특별시 구로구 구로동,서울특별시 구로구 구로동로20길 10 (구로동),근린생활1,제1종근린생활시설,101815831,지번
1153010200107390061,서울특별시 구로구 구로동,서울특별시 구로구 구로동로14길 24 (구로동),근린생활1,제1종근린생활시설,1018113211,지번
1153010200107350030,서울특별시 구로구 구로동,서울특별시 구로구 구로동로22길 8-4 (구로동),근린생활1,제1종근린생활시설,1018112804,지번
1153010300101250014,서울특별시 구로구 가리봉동,서울특별시 구로구 남부순환로105라길 5 (가리봉동),근린생활2,제2종근린생활시설,1018116312,지번
1153010200107350089,서울특별시 구로구 구로동,서울특별시 구로구 구로동로14길 41 (구로동),근린생활1,제1종근린생활시설,1018124912,지번
1153010300101210027,서울특별시 구로구 가리봉동,서울특별시 구로구 구로동로 9-10 (가리봉동),근린생활1,제1종근린생활시설,1018118446,지번
1153010200107350006,서울특별시 구로구 구로동,서울특별시 구로구 구로동로22길 14 (구로동),근린생활1,제1종근린생활시설,1018119930,지번
1153010200107810003,서울특별시 구로구 구로동,서울특별시 구로구 디지털로27다길 57 (구로동),근린생활1,제1종근린생활시설,1018116492,지번
1153010300100260011,서울특별시 구로구 가리봉동,서울특별시 구로구 남부순환로105길 186 (가리봉동),근린생활2,제2종근린생활시설,1018117919,지번
1153010200107770001,서울특별시 구로구 구로동,서울특별시 구로구 디지털로27다길 65 (구로동),근린생활1,제1종근린생활시설,101811450,지번
1153010200107160026,서울특별시 구로구 구로동,서울특별시 구로구 구로동로15길 5-1 (구로동),근린생활2,제2종근린생활시설,1018111338,지번
1153010300101220025,서울특별시 구로구 가리봉동,서울특별시 구로구 우마1길 11 (가리봉동),근린생활1,제1종근린생활시설,1018117585,지번
1153010200101660039,서울특별시 구로구 구로동,서울특별시 구로구 도림로20길 40 (구로동),근린생활1,제1종근린생활시설,1018118517,지번
1153010200107800078,서울특별시 구로구 구로동,서울특별시 구로구 도림로 34 (구로동),근린생활1,제1종근린생활시설,1018117168,지번
1153010200107220026,서울특별시 구로구 구로동,서울특별시 구로구 구로동로17길 8-3 (구로동),근린생활1,제1종근린생활시설,101815683,지번
1153010200107350038,서울특별시 구로구 구로동,서울특별시 구로구 구로동로14길 35 (구로동),근린생활1,제1종근린생활시설,1018114507,지번
1153010300101100013,서울특별시 구로구 가리봉동,서울특별시 구로구 우마1가길 14-2 (가리봉동),근린생활1,제1종근린생활시설,1018124658,지번
1153010300101260056,서울특별시 구로구 가리봉동,서울특별시 구로구 남부순환로105라길 11 (가리봉동),근린생활2,제2종근린생활시설,1018114474,지번
1153010300101260048,서울특별시 구로구 가리봉동,서울특별시 구로구 남부순환로105라길 15-8 (가리봉동),근린생활1,제1종근린생활시설,1018119462,지번
1153010300100260033,서울특별시 구로구 가리봉동,서울특별시 구로구 구로동로5길 37 (가리봉동),근린생활1,제1종근린생활시설,1018113125,지번
1153010300101260052,서울특별시 구로구 가리봉동,서울특별시 구로구 우마길 23-8 (가리봉동),근린생활1,제1종근린생활시설,1018117067,지번
1153010300101230077,서울특별시 구로구 가리봉동,서울특별시 구로구 우마3길 3 (가리봉동),근린생활1,제1종근린생활시설,10181100182064,지번
1153010300101250006,서울특별시 구로구 가리봉동,서울특별시 구로구 우마길 24 (가리봉동),근린생활2,제2종근린생활시설,101818035,지번
1153010200107350160,서울특별시 구로구 구로동,서울특별시 구로구 구로동로22길 20-7 (구로동),근린생활1,제1종근린생활시설,1018114275,지번
1153010300101270005,서울특별시 구로구 가리봉동,서울특별시 구로구 디지털로19길 13 (가리봉동),근린생활2,제2종근린생활시설,1018121988,지번
1153010200107340017,서울특별시 구로구 구로동,서울특별시 구로구 구로동로22길 17-4 (구로동),근린생활1,제1종근린생활시설,1018111236,지번
1153010300101310019,서울특별시 구로구 가리봉동,서울특별시 구로구 디지털로 221 (가리봉동),근린생활2,제2종근린생활시설,1018124027,지번
1153010200108090003,서울특별시 구로구 구로동,서울특별시 구로구 구로동로11길 1-5 (구로동),근린생활1,제1종근린생활시설,101819080,지번
1153010200107810001,서울특별시 구로구 구로동,서울특별시 구로구 디지털로27다길 61 (구로동),근린생활2,제2종근린생활시설,1018119704,지번
1153010200107360115,서울특별시 구로구 구로동,서울특별시 구로구 구로동로20길 18-26 (구로동),근린생활1,제1종근린생활시설,1018123164,지번
1153010200107350032,서울특별시 구로구 구로동,서울특별시 구로구 구로동로 118-2 (구로동),근린생활1,제1종근린생활시설,1018116288,지번
1153010200107710010,서울특별시 구로구 구로동,서울특별시 구로구 도림로 35-1 (구로동),근린생활1,제1종근린생활시설,101811448,지번
1153010200107710010,서울특별시 구로구 구로동,서울특별시 구로구 도림로 35-1 (구로동),근린생활1,숙박시설,101811449,지번
1153010300101220004,서울특별시 구로구 가리봉동,서울특별시 구로구 구로동로 14-5 (가리봉동),근린생활1,제1종근린생활시설,1018113667,지번
1153010300101270008,서울특별시 구로구 가리봉동,서울특별시 구로구 디지털로19길 7 (가리봉동),근린생활1,제1종근린생활시설,101815294,지번
1153010200107400072,서울특별시 구로구 구로동,서울특별시 구로구 구로동로14길 36 (구로동),근린생활1,제1종근린생활시설,1018111745,지번
1153010200103900010,서울특별시 구로구 구로동,서울특별시 구로구 가마산로 138 (구로동),근린생활1,제1종근린생활시설,101812366,지번
1153010200107350021,서울특별시 구로구 구로동,서울특별시 구로구 구로동로 122 (구로동),근린생활2,제2종근린생활시설,101815591,지번
1153010200107220038,서울특별시 구로구 구로동,서울특별시 구로구 구로동로17길 12 (구로동),근린생활1,제1종근린생활시설,101814015,지번
1153010200107220038,서울특별시 구로구 구로동,서울특별시 구로구 구로동로17길 12 (구로동),근린생활1,단독주택,101814016,지번
1153010300101260042,서울특별시 구로구 가리봉동,서울특별시 구로구 디지털로19길 29 (가리봉동),근린생활1,제1종근린생활시설,101815303,지번
1153010300101260046,서울특별시 구로구 가리봉동,서울특별시 구로구 남부순환로105라길 17 (가리봉동),근린생활1,제1종근린생활시설,1018111403,지번
1153010300101050021,서울특별시 구로구 가리봉동,서울특별시 구로구 우마1길 16 (가리봉동),근린생활1,제1종근린생활시설,101817877,지번
1153010200107210011,서울특별시 구로구 구로동,서울특별시 구로구 구로동로 103 (구로동),근린생활1,제1종근린생활시설,1018118347,지번
1153010300101310020,서울특별시 구로구 가리봉동,서울특별시 구로구 디지털로 219 (가리봉동),근린생활2,제2종근린생활시설,1018111959,지번
1153010200107350036,서울특별시 구로구 구로동,서울특별시 구로구 구로동로14길 35-1 (구로동),근린생활1,제1종근린생활시설,1018118891,지번
1153010300101270017,서울특별시 구로구 가리봉동,서울특별시 구로구 남부순환로105길 58-5 (가리봉동),근린생활1,제1종근린생활시설,1018118694,지번
1153010300101270019,서울특별시 구로구 가리봉동,서울특별시 구로구 남부순환로105길 66 (가리봉동),근린생활2,제2종근린생활시설,1018121810,지번
1153010300101220034,서울특별시 구로구 가리봉동,서울특별시 구로구 구로동로 16 (가리봉동),근린생활1,제1종근린생활시설,1018115871,지번
1153010300101270004,서울특별시 구로구 가리봉동,서울특별시 구로구 디지털로19길 15 (가리봉동),근린생활1,제1종근린생활시설,1018118202,지번
1153010300101220032,서울특별시 구로구 가리봉동,서울특별시 구로구 우마길 3 (가리봉동),근린생활2,제2종근린생활시설,1018122389,지번
1153010300101210032,서울특별시 구로구 가리봉동,서울특별시 구로구 구로동로 9-17 (가리봉동),근린생활1,제1종근린생활시설,1018113688,지번
1153010200107080060,서울특별시 구로구 구로동,서울특별시 구로구 구로동로17길 30 (구로동),근린생활1,제1종근린생활시설,1018124666,지번
1153010200101690004,서울특별시 구로구 구로동,서울특별시 구로구 도림로20길 10 (구로동),근린생활2,제2종근린생활시설,1018111937,지번
1153010200107350194,서울특별시 구로구 구로동,,근린생활1,제1종근린생활시설,1018115086,지번
1153010300100840009,서울특별시 구로구 가리봉동,서울특별시 구로구 남부순환로105길 154 (가리봉동),근린생활2,제2종근린생활시설,1018121464,지번
1153010200107250005,서울특별시 구로구 구로동,,근린생활2,단독주택,101814019,지번
1153010200107250005,서울특별시 구로구 구로동,,근린생활2,제2종근린생활시설,101814020,지번
1153010300100020175,서울특별시 구로구 가리봉동,서울특별시 구로구 남부순환로105길 258 (가리봉동),근린생활1,제1종근린생활시설,1018110614,지번
1153010200107210001,서울특별시 구로구 구로동,서울특별시 구로구 구로동로 107-1 (구로동),근린생활1,제1종근린생활시설,1018123406,지번
1153010200107350022,서울특별시 구로구 구로동,서울특별시 구로구 구로동로22길 8-2 (구로동),근린생활1,제1종근린생활시설,1018116853,지번
1153010200104130104,서울특별시 구로구 구로동,서울특별시 구로구 구로동로 157-6 (구로동),근린생활1,제1종근린생활시설,1018123051,지번
1153010300101240009,서울특별시 구로구 가리봉동,서울특별시 구로구 우마길 10-2 (가리봉동),근린생활1,제1종근린생활시설,1018117870,지번
1153010200107300016,서울특별시 구로구 구로동,서울특별시 구로구 구로동로26길 33 (구로동),근린생활2,제2종근린생활시설,101814032,지번
1153010200101480013,서울특별시 구로구 구로동,서울특별시 구로구 도림로23길 2 (구로동),근린생활1,제1종근린생활시설,1018124676,지번
1153010200107290002,서울특별시 구로구 구로동,서울특별시 구로구 구로동로25길 3 (구로동),근린생활1,제1종근린생활시설,1018112913,지번
1153010200107340015,서울특별시 구로구 구로동,서울특별시 구로구 구로동로26길 36 (구로동),근린생활1,제1종근린생활시설,1018124449,지번
1153010200104150009,서울특별시 구로구 구로동,서울특별시 구로구 구로동로 171 (구로동),근린생활2,제2종근린생활시설,101817722,지번
1153010200100800001,서울특별시 구로구 구로동,서울특별시 구로구 가마산로 220 (구로동),근린생활1,제1종근린생활시설,1018111371,지번
1153010200101470003,서울특별시 구로구 구로동,서울특별시 구로구 도림로 92 (구로동),근린생활2,제2종근린생활시설,1018112930,지번
1153010200107320002,서울특별시 구로구 구로동,서울특별시 구로구 구로동로 126 (구로동),근린생활2,제2종근린생활시설,1018120248,지번
1153010300101270001,서울특별시 구로구 가리봉동,서울특별시 구로구 남부순환로105라길 18 (가리봉동),근린생활1,제1종근린생활시설,1018116226,지번
1153010300100010008,서울특별시 구로구 가리봉동,서울특별시 구로구 구로동로7길 94-2 (가리봉동),근린생활1,제1종근린생활시설,1018112701,지번
1153010200103900186,서울특별시 구로구 구로동,서울특별시 구로구 가마산로 144 (구로동),근린생활1,제1종근린생활시설,1018112762,지번
1153010600102560029,서울특별시 구로구 고척동,서울특별시 구로구 경인로33길 79 (고척동),근린생활1,제1종근린생활시설,101819193,지번
1153010200107260003,서울특별시 구로구 구로동,서울특별시 구로구 구로동로 125-1 (구로동),근린생활1,제1종근린생활시설,101817059,지번
1153010200104310003,서울특별시 구로구 구로동,서울특별시 구로구 가마산로21길 1 (구로동),근린생활1,제1종근린생활시설,1018110519,지번
1153010200100820010,서울특별시 구로구 구로동,서울특별시 구로구 가마산로22길 14 (구로동),근린생활1,제1종근린생활시설,1018114332,지번
1153010200104160025,서울특별시 구로구 구로동,서울특별시 구로구 구로동로 170 (구로동),근린생활1,제1종근린생활시설,1018120597,지번
1153010200101410005,서울특별시 구로구 구로동,서울특별시 구로구 도림로 73 (구로동),근린생활1,제1종근린생활시설,1018121089,지번
1153010300101240002,서울특별시 구로구 가리봉동,서울특별시 구로구 우마길 6 (가리봉동),근린생활1,제1종근린생활시설,1018123542,지번
1153010300101240046,서울특별시 구로구 가리봉동,서울특별시 구로구 구로동로 6 (가리봉동),근린생활1,제1종근린생활시설,101816005,지번
1153010200107300024,서울특별시 구로구 구로동,서울특별시 구로구 구로동로26길 25-3 (구로동),근린생활1,창고시설,101814033,지번
1153010200107300024,서울특별시 구로구 구로동,서울특별시 구로구 구로동로26길 23 (구로동),근린생활1,제1종근린생활시설,101814034,지번
1153010200107040038,서울특별시 구로구 구로동,서울특별시 구로구 가마산로 180-2 (구로동),근린생활1,제1종근린생활시설,1018123036,지번
1153010200107040048,서울특별시 구로구 구로동,서울특별시 구로구 가마산로 174-9 (구로동),근린생활2,제2종근린생활시설,101813987,지번
1153010200107310001,서울특별시 구로구 구로동,서울특별시 구로구 구로동로26길 8 (구로동),근린생활1,제1종근린생활시설,1018121890,지번
1153010200104130072,서울특별시 구로구 구로동,서울특별시 구로구 가마산로12길 20 (구로동),근린생활1,제1종근린생활시설,101818913,지번
1153010200104300000,서울특별시 구로구 구로동,서울특별시 구로구 가마산로 219 (구로동),근린생활2,제2종근린생활시설,1018110165,지번
1153010200104130068,서울특별시 구로구 구로동,서울특별시 구로구 구로동로 163 (구로동),근린생활1,제1종근린생활시설,1018120351,지번
1153010200104140020,서울특별시 구로구 구로동,서울특별시 구로구 구로동로 165-1 (구로동),근린생활1,제1종근린생활시설,101816340,지번
1153010200107400068,서울특별시 구로구 구로동,서울특별시 구로구 구로동로14길 40 (구로동),근린생활1,제1종근린생활시설,1018120085,지번
1153010200107400066,서울특별시 구로구 구로동,서울특별시 구로구 구로동로14길 46 (구로동),근린생활1,제1종근린생활시설,1018114064,지번
1153010200107340019,서울특별시 구로구 구로동,서울특별시 구로구 구로동로22길 23 (구로동),근린생활1,제1종근린생활시설,101814039,지번
1153010200107340019,서울특별시 구로구 구로동,서울특별시 구로구 구로동로22길 23 (구로동),근린생활1,제1종근린생활시설,101814040,지번
1153010300100880038,서울특별시 구로구 가리봉동,서울특별시 구로구 구로동로 21 (가리봉동),근린생활2,제2종근린생활시설,1018117616,지번
1153010200101420077,서울특별시 구로구 구로동,서울특별시 구로구 구로중앙로 6 (구로동),근린생활2,제2종근린생활시설,1018117664,지번
1153010200103130030,서울특별시 구로구 구로동,서울특별시 구로구 구로동로26길 115 (구로동),근린생활1,제1종근린생활시설,1018111479,지번
1153010200100800018,서울특별시 구로구 구로동,서울특별시 구로구 구로동로28길 9 (구로동),근린생활1,제1종근린생활시설,1018122808,지번
1153010200101470009,서울특별시 구로구 구로동,서울특별시 구로구 도림로 89 (구로동),근린생활1,제1종근린생활시설,1018112573,지번
1153010200105700009,서울특별시 구로구 구로동,서울특별시 구로구 새말로 36 (구로동),근린생활2,제2종근린생활시설,1018123186,지번
1153010300101270006,서울특별시 구로구 가리봉동,서울특별시 구로구 남부순환로105라길 18 (가리봉동),근린생활2,제2종근린생활시설,1018111637,지번
1153010300101240001,서울특별시 구로구 가리봉동,서울특별시 구로구 구로동로 8 (가리봉동),근린생활1,제1종근린생활시설,101816341,지번
1153010200101230017,서울특별시 구로구 구로동,서울특별시 구로구 구로중앙로8길 39-1 (구로동),근린생활2,제2종근린생활시설,1018113853,지번
1153010200101380015,서울특별시 구로구 구로동,서울특별시 구로구 구로중앙로 16 (구로동),근린생활1,제1종근린생활시설,1018114732,지번
1153010200101260028,서울특별시 구로구 구로동,서울특별시 구로구 도림로 103 (구로동),근린생활1,제1종근린생활시설,1018121693,지번
1153010200101450001,서울특별시 구로구 구로동,서울특별시 구로구 도림로 85 (구로동),근린생활1,제1종근린생활시설,101816462,지번
1153010200107310003,서울특별시 구로구 구로동,서울특별시 구로구 구로동로 132 (구로동),근린생활1,제1종근린생활시설,1018117808,지번
1153010200107330011,서울특별시 구로구 구로동,서울특별시 구로구 구로동로 126-16 (구로동),근린생활1,제1종근린생활시설,1018113271,지번
1153010200104290071,서울특별시 구로구 구로동,,근린생활2,제2종근린생활시설,1018120928,지번
1153010200104290071,서울특별시 구로구 구로동,서울특별시 구로구 가마산로20길 19 (구로동),근린생활2,공동주택,101818758,지번
1153010200104130034,서울특별시 구로구 구로동,서울특별시 구로구 구로동로 153 (구로동),근린생활1,제1종근린생활시설,1018115407,지번
1153010200104260021,서울특별시 구로구 구로동,서울특별시 구로구 가마산로 213 (구로동),근린생활1,제1종근린생활시설,1018114767,지번
1153010200105580004,서울특별시 구로구 구로동,서울특별시 구로구 새말로9길 36 (구로동),근린생활2,제2종근린생활시설,1018110993,지번
1153010200104120006,서울특별시 구로구 구로동,서울특별시 구로구 구로동로35길 46 (구로동),근린생활1,제1종근린생활시설,101816126,지번
1153010200104430095,서울특별시 구로구 구로동,서울특별시 구로구 구로중앙로25길 16 (구로동),근린생활1,제1종근린생활시설,101815688,지번
1153010200108090001,서울특별시 구로구 구로동,서울특별시 구로구 구로동로 89-1 (구로동),근린생활2,제2종근린생활시설,1018112641,지번
1153010200108090002,서울특별시 구로구 구로동,서울특별시 구로구 구로동로 89 (구로동),근린생활2,제2종근린생활시설,1018124929,지번
1153010300101310026,서울특별시 구로구 가리봉동,서울특별시 구로구 디지털로19길 24 (가리봉동),근린생활1,제1종근린생활시설,1018115836,지번
1153010300101310049,서울특별시 구로구 가리봉동,서울특별시 구로구 디지털로19길 22 (가리봉동),근린생활1,제1종근린생활시설,1018121515,지번
1153010200107420022,서울특별시 구로구 구로동,서울특별시 구로구 구로동로26길 62 (구로동),근린생활1,제1종근린생활시설,101819145,지번
1153010200107300025,서울특별시 구로구 구로동,서울특별시 구로구 구로동로26길 21 (구로동),근린생활1,제1종근린생활시설,101815893,지번
1153010200101290002,서울특별시 구로구 구로동,서울특별시 구로구 구로중앙로14길 32 (구로동),근린생활2,제2종근린생활시설,1018119763,지번
1153010200104020034,서울특별시 구로구 구로동,서울특별시 구로구 가마산로 167 (구로동),근린생활2,제2종근린생활시설,1018124558,지번
1153010200107300093,서울특별시 구로구 구로동,서울특별시 구로구 구로동로28길 12 (구로동),근린생활1,제1종근린생활시설,1018112430,지번
1153010200101390035,서울특별시 구로구 구로동,서울특별시 구로구 구로중앙로7길 25 (구로동),근린생활1,제1종근린생활시설,101816000,지번
1153010300101260018,서울특별시 구로구 가리봉동,서울특별시 구로구 디지털로19길 31 (가리봉동),근린생활1,제1종근린생활시설,101817063,지번
1153010200107370003,서울특별시 구로구 구로동,서울특별시 구로구 구로동로 106-2 (구로동),근린생활2,제2종근린생활시설,101816957,지번
1153010200107360173,서울특별시 구로구 구로동,서울특별시 구로구 구로동로18길 9 (구로동),근린생활1,제1종근린생활시설,101815675,지번
1153010200107130007,서울특별시 구로구 구로동,서울특별시 구로구 구로동로13길 23-4 (구로동),근린생활1,제1종근린생활시설,1018118894,지번
1153010600101610058,서울특별시 구로구 고척동,서울특별시 구로구 고척로 192 (고척동),근린생활1,제1종근린생활시설,1018121181,지번
1153010200104130010,서울특별시 구로구 구로동,서울특별시 구로구 구로동로 157 (구로동),근린생활1,제1종근린생활시설,1018123459,지번
1153010700100070019,서울특별시 구로구 개봉동,서울특별시 구로구 고척로21다길 17 (개봉동),근린생활1,제1종근린생활시설,1018121201,지번
1153010200101420019,서울특별시 구로구 구로동,서울특별시 구로구 구로중앙로12길 5 (구로동),근린생활1,제1종근린생활시설,1018118752,지번
1153010200100820009,서울특별시 구로구 구로동,서울특별시 구로구 가마산로22길 12 (구로동),근린생활2,제2종근린생활시설,101819179,지번
1153010200100840014,서울특별시 구로구 구로동,서울특별시 구로구 가마산로22길 13 (구로동),근린생활1,제1종근린생활시설,1018116479,지번
1153010200107300026,서울특별시 구로구 구로동,서울특별시 구로구 구로동로28길 24 (구로동),근린생활2,제2종근린생활시설,1018116927,지번
1153010200103170093,서울특별시 구로구 구로동,서울특별시 구로구 구로동로28길 93 (구로동),근린생활1,제1종근린생활시설,101816011,지번
1153010200107330010,서울특별시 구로구 구로동,서울특별시 구로구 구로동로 126-20 (구로동),근린생활1,제1종근린생활시설,1018121138,지번
1153010200107330021,서울특별시 구로구 구로동,서울특별시 구로구 구로동로22길 5-26 (구로동),근린생활1,제1종근린생활시설,1018122361,지번
1153010300101210008,서울특별시 구로구 가리봉동,서울특별시 구로구 구로동로 17-1 (가리봉동),근린생활1,제1종근린생활시설,1018120041,지번
1153010200107350013,서울특별시 구로구 구로동,서울특별시 구로구 구로동로22길 8-9 (구로동),근린생활2,제2종근린생활시설,1018122642,지번
1153010200103270009,서울특별시 구로구 구로동,서울특별시 구로구 구로동로26길 79 (구로동),근린생활1,제1종근린생활시설,101813728,지번
1153010200103270009,서울특별시 구로구 구로동,서울특별시 구로구 구로동로26길 79 (구로동),근린생활1,창고시설,101813729,지번
1153010200101440015,서울특별시 구로구 구로동,서울특별시 구로구 도림로 79 (구로동),근린생활1,제1종근린생활시설,1018112814,지번
1153010200101380014,서울특별시 구로구 구로동,서울특별시 구로구 구로중앙로 18 (구로동),근린생활2,제2종근린생활시설,1018111944,지번
1153010200103130097,서울특별시 구로구 구로동,서울특별시 구로구 구로동로26길 108 (구로동),근린생활1,제1종근린생활시설,1018121437,지번
1153010200107300012,서울특별시 구로구 구로동,서울특별시 구로구 구로동로26길 41-5 (구로동),근린생활1,제1종근린생활시설,1018117656,지번
1153010200100840000,서울특별시 구로구 구로동,서울특별시 구로구 가마산로22길 9 (구로동),근린생활1,제1종근린생활시설,1018114303,지번
1153010300101220016,서울특별시 구로구 가리봉동,서울특별시 구로구 구로동로 12 (가리봉동),근린생활2,제2종근린생활시설,1018123328,지번
1153010300101270011,서울특별시 구로구 가리봉동,서울특별시 구로구 남부순환로105길 52 (가리봉동),근린생활2,제1종근린생활시설,1000000000000006758437,지번
1153010200107260006,서울특별시 구로구 구로동,서울특별시 구로구 구로동로 121-4 (구로동),근린생활1,제1종근린생활시설,101815312,지번
1153010200100820008,서울특별시 구로구 구로동,서울특별시 구로구 가마산로20가길 27 (구로동),근린생활2,제2종근린생활시설,101815931,지번
1153010200101420062,서울특별시 구로구 구로동,서울특별시 구로구 구로중앙로 17 (구로동),근린생활1,제1종근린생활시설,1018124098,지번
1153010200107300004,서울특별시 구로구 구로동,서울특별시 구로구 구로동로26길 65 (구로동),근린생활1,제1종근린생활시설,1018111770,지번
1153010200107330022,서울특별시 구로구 구로동,서울특별시 구로구 구로동로22길 15-1 (구로동),근린생활1,제1종근린생활시설,1018111008,지번
1153010200100820004,서울특별시 구로구 구로동,서울특별시 구로구 가마산로22길 10 (구로동),근린생활1,제1종근린생활시설,1018110810,지번
1153010200107350162,서울특별시 구로구 구로동,서울특별시 구로구 구로동로22길 20-35 (구로동),근린생활1,제1종근린생활시설,1018121213,지번
1153010300101230015,서울특별시 구로구 가리봉동,서울특별시 구로구 우마1길 12-15 (가리봉동),근린생활1,제1종근린생활시설,1018112871,지번
1153010200103940081,서울특별시 구로구 구로동,서울특별시 구로구 가마산로 151-13 (구로동),근린생활2,제2종근린생활시설,1018112587,지번
1153010200107260005,서울특별시 구로구 구로동,서울특별시 구로구 구로동로 123-1 (구로동),근린생활1,제1종근린생활시설,101814023,지번
1153010200107260005,서울특별시 구로구 구로동,서울특별시 구로구 구로동로 123-3 (구로동),근린생활1,단독주택,101814024,지번
1153010200107040007,서울특별시 구로구 구로동,서울특별시 구로구 구로동로 145 (구로동),근린생활1,제1종근린생활시설,101811301,지번
1153010200107040007,서울특별시 구로구 구로동,서울특별시 구로구 구로동로 145-6 (구로동),근린생활1,제1종근린생활시설,101811302,지번
1153010200103130095,서울특별시 구로구 구로동,서울특별시 구로구 구로동로26길 106 (구로동),근린생활1,제1종근린생활시설,101817873,지번
1153010200107310006,서울특별시 구로구 구로동,서울특별시 구로구 구로동로 128 (구로동),근린생활1,제1종근린생활시설,1018114319,지번
1153010200107060003,서울특별시 구로구 구로동,서울특별시 구로구 구로동로25길 21 (구로동),근린생활1,제1종근린생활시설,101818217,지번
1153010200107300076,서울특별시 구로구 구로동,서울특별시 구로구 구로동로28길 2 (구로동),근린생활2,제2종근린생활시설,101815720,지번
1153010300101230072,서울특별시 구로구 가리봉동,서울특별시 구로구 우마2길 12-8 (가리봉동),근린생활1,제1종근린생활시설,1018117209,지번
1153010200107360008,서울특별시 구로구 구로동,서울특별시 구로구 구로동로 112-1 (구로동),근린생활1,제1종근린생활시설,1018117684,지번
1153010200107220039,서울특별시 구로구 구로동,서울특별시 구로구 구로동로17길 16 (구로동),근린생활2,공동주택,10181100211132,지번
1153010200101400001,서울특별시 구로구 구로동,서울특별시 구로구 구로중앙로7길 29 (구로동),근린생활1,제1종근린생활시설,1018112266,지번
1153010200101360021,서울특별시 구로구 구로동,서울특별시 구로구 구로중앙로 30 (구로동),근린생활2,제2종근린생활시설,101819762,지번
1153010200101420074,서울특별시 구로구 구로동,서울특별시 구로구 구로중앙로 12 (구로동),근린생활2,제2종근린생활시설,1018119287,지번
1153010200104260012,서울특별시 구로구 구로동,서울특별시 구로구 구로동로 164 (구로동),근린생활1,제1종근린생활시설,1018120212,지번
1153010300101050010,서울특별시 구로구 가리봉동,서울특별시 구로구 구로동로2가길 28 (가리봉동),근린생활1,제1종근린생활시설,1018110139,지번
1153010200103130111,서울특별시 구로구 구로동,서울특별시 구로구 구로동로26길 116 (구로동),근린생활1,제1종근린생활시설,1018110994,지번
1153010200107640253,서울특별시 구로구 구로동,서울특별시 구로구 구로동로26길 76 (구로동),근린생활1,제1종근린생활시설,101816455,지번
1153010200100820001,서울특별시 구로구 구로동,서울특별시 구로구 가마산로 232-5 (구로동),근린생활1,제1종근린생활시설,1018120331,지번
1153010200107300030,서울특별시 구로구 구로동,서울특별시 구로구 구로동로26길 57-3 (구로동),근린생활1,제1종근린생활시설,101819734,지번
1153010200107300086,서울특별시 구로구 구로동,서울특별시 구로구 구로동로28길 10 (구로동),근린생활2,제2종근린생활시설,1018113753,지번
1153010200104130001,서울특별시 구로구 구로동,서울특별시 구로구 가마산로12길 8-3 (구로동),근린생활2,제2종근린생활시설,1018114765,지번
1153010300101240013,서울특별시 구로구 가리봉동,서울특별시 구로구 우마길 14 (가리봉동),근린생활,근린생활시설,101818619,지번
1153010300101250020,서울특별시 구로구 가리봉동,서울특별시 구로구 남부순환로105길 80 (가리봉동),근린생활2,제2종근린생활시설,1018119470,지번
1153010200104290068,서울특별시 구로구 구로동,서울특별시 구로구 가마산로20나길 11 (구로동),근린생활1,제1종근린생활시설,1018120328,지번
1153010200103940006,서울특별시 구로구 구로동,서울특별시 구로구 가마산로 165-1 (구로동),근린생활1,제1종근린생활시설,1018119302,지번
1153010200101360026,서울특별시 구로구 구로동,서울특별시 구로구 구로중앙로 29 (구로동),근린생활1,제1종근린생활시설,1018110901,지번
1153010200103990005,서울특별시 구로구 구로동,서울특별시 구로구 벚꽃로 418 (구로동),근린생활1,제1종근린생활시설,101816347,지번
1153010300101210018,서울특별시 구로구 가리봉동,서울특별시 구로구 구로동로 15-6 (가리봉동),근린생활2,제2종근린생활시설,101813982,지번
1153010300101210018,서울특별시 구로구 가리봉동,서울특별시 구로구 구로동로 15-4 (가리봉동),근린생활2,단독주택,101813983,지번
1153010300101330038,서울특별시 구로구 가리봉동,서울특별시 구로구 디지털로 235 (가리봉동),근린생활1,제1종근린생활시설,10181100227074,지번
1153010300101330038,서울특별시 구로구 가리봉동,서울특별시 구로구 디지털로 233 (가리봉동),근린생활1,제1종근린생활시설,1018116470,지번
1153010200107540004,서울특별시 구로구 구로동,서울특별시 구로구 구로동로 137 (구로동),근린생활1,제1종근린생활시설,101811065,지번
1153010200107540004,서울특별시 구로구 구로동,서울특별시 구로구 구로동로 137 (구로동),근린생활1,제1종근린생활시설,101811066,지번
1153010200107540004,서울특별시 구로구 구로동,서울특별시 구로구 구로동로 137 (구로동),근린생활1,위험물저장및처리시설,101811067,지번
1153010200107050002,서울특별시 구로구 구로동,서울특별시 구로구 구로동로29길 13 (구로동),근린생활1,제1종근린생활시설,1018120369,지번
1153010200107290014,서울특별시 구로구 구로동,서울특별시 구로구 구로동로 129-1 (구로동),근린생활1,제1종근린생활시설,1018121528,지번
1153010200107280001,서울특별시 구로구 구로동,서울특별시 구로구 구로동로25길 7 (구로동),근린생활1,제1종근린생활시설,1018119041,지번
1153010200107280001,서울특별시 구로구 구로동,서울특별시 구로구 구로동로25길 7 (구로동),근린생활1,단독주택,1018121018,지번
1153010200106850504,서울특별시 구로구 구로동,서울특별시 구로구 구일로2길 28 (구로동),근린생활2,제2종근린생활시설,10181100270847,지번
1153010200107350079,서울특별시 구로구 구로동,서울특별시 구로구 구로동로22길 16-24 (구로동),근린생활1,제1종근린생활시설,101815473,지번
1153010200101340018,서울특별시 구로구 구로동,서울특별시 구로구 구로동로28길 112 (구로동),근린생활1,제1종근린생활시설,101818060,지번
1153010200101810014,서울특별시 구로구 구로동,서울특별시 구로구 디지털로35길 17 (구로동),근린생활2,제2종근린생활시설,1018120067,지번
1153010200112560000,서울특별시 구로구 구로동,서울특별시 구로구 디지털로 319 (구로동),근린생활1,제1종근린생활시설,101811792,지번
1153010200112560000,서울특별시 구로구 구로동,서울특별시 구로구 디지털로 319 (구로동),근린생활1,공동주택,101811793,지번
1153010200112560000,서울특별시 구로구 구로동,서울특별시 구로구 디지털로 319 (구로동),근린생활1,공동주택,101811794,지번
1153010200112560000,서울특별시 구로구 구로동,서울특별시 구로구 디지털로 319 (구로동),근린생활1,공동주택,101811795,지번
1153010200112560000,서울특별시 구로구 구로동,서울특별시 구로구 디지털로 319 (구로동),근린생활1,공동주택,101811796,지번
1153010200112560000,서울특별시 구로구 구로동,서울특별시 구로구 디지털로 319 (구로동),근린생활1,공동주택,101811797,지번
1153010200111290050,서울특별시 구로구 구로동,서울특별시 구로구 디지털로32가길 100 (구로동),근린생활2,제2종근린생활시설,10181100182734,지번
1153010200108050019,서울특별시 구로구 구로동,서울특별시 구로구 구로동로 74 (구로동),근린생활1,제1종근린생활시설,1018116779,지번
1153010200107960071,서울특별시 구로구 구로동,서울특별시 구로구 도림로10길 26 (구로동),근린생활1,제1종근린생활시설,1018122675,지번
1153010300100890002,서울특별시 구로구 가리봉동,서울특별시 구로구 디지털로27길 131 (가리봉동),근린생활2,제2종근린생활시설,1018120828,지번
1153010200105510159,서울특별시 구로구 구로동,서울특별시 구로구 구로중앙로34길 36 (구로동),근린생활1,제1종근린생활시설,1018122490,지번
1153010200106140003,서울특별시 구로구 구로동,서울특별시 구로구 경인로53길 103 (구로동),근린생활2,제2종근린생활시설,101815411,지번
1153010300101070051,서울특별시 구로구 가리봉동,서울특별시 구로구 디지털로27길 89 (가리봉동),근린생활2,제2종근린생활시설,1018112517,지번
1153010300101360023,서울특별시 구로구 가리봉동,서울특별시 구로구 디지털로24가길 38-3 (가리봉동),근린생활2,제2종근린생활시설,1018124257,지번
1153010200106850212,서울특별시 구로구 구로동,서울특별시 구로구 구일로4길 66 (구로동),판매영업,판매및영업시설,101816854,지번
1153010200106850213,서울특별시 구로구 구로동,서울특별시 구로구 구일로4길 57 (구로동),근린생활1,제1종근린생활시설,1018123919,지번
1153010200108080036,서울특별시 구로구 구로동,서울특별시 구로구 구로동로7길 14 (구로동),근린생활2,제2종근린생활시설,1018116701,지번
1153010300100250064,서울특별시 구로구 가리봉동,서울특별시 구로구 구로동로 35 (가리봉동),근린생활1,제1종근린생활시설,101815108,지번
1153010200108050002,서울특별시 구로구 구로동,서울특별시 구로구 도림로3길 1 (구로동),근린생활2,제2종근린생활시설,101819874,지번
1153010200106850214,서울특별시 구로구 구로동,서울특별시 구로구 구일로4길 49 (구로동),근린생활2,제2종근린생활시설,1018122080,지번
1153010200108050004,서울특별시 구로구 구로동,서울특별시 구로구 도림로 5 (구로동),근린생활2,제2종근린생활시설,1018123651,지번
1153010200111290062,서울특별시 구로구 구로동,서울특별시 구로구 디지털로32가길 94 (구로동),근린생활2,제2종근린생활시설,10181100183713,지번
1153010200108010052,서울특별시 구로구 구로동,서울특별시 구로구 도림로 4-5 (구로동),근린생활1,제1종근린생활시설,1018115506,지번
1153010300101070014,서울특별시 구로구 가리봉동,서울특별시 구로구 디지털로27길 83-3 (가리봉동),근린생활1,제1종근린생활시설,1018116399,지번
1153010200106850217,서울특별시 구로구 구로동,서울특별시 구로구 구일로4길 26 (구로동),근린생활1,제1종근린생활시설,1018118929,지번
1153010200107480001,서울특별시 구로구 구로동,서울특별시 구로구 도림로 29 (구로동),근린생활1,제1종근린생활시설,1018115731,지번
1153010200107010022,서울특별시 구로구 구로동,서울특별시 구로구 가마산로 91-30 (구로동),근린생활2,자동차관련시설,10181100215572,지번
1153010200107010022,서울특별시 구로구 구로동,서울특별시 구로구 가마산로 91-30 (구로동),근린생활2,자동차관련시설,10181100233513,지번
1153010200107010022,서울특별시 구로구 구로동,서울특별시 구로구 가마산로 91-30 (구로동),근린생활2,제2종근린생활시설,101811299,지번
1153010200107010022,서울특별시 구로구 구로동,서울특별시 구로구 가마산로 91-30 (구로동),근린생활2,자동차관련시설,101811300,지번
1153010200108060078,서울특별시 구로구 구로동,서울특별시 구로구 구로동로 78 (구로동),근린생활1,제1종근린생활시설,1018119712,지번
1153010300100130069,서울특별시 구로구 가리봉동,서울특별시 구로구 구로동로7길 53 (가리봉동),근린생활1,제1종근린생활시설,1018113506,지번
1153010300101350075,서울특별시 구로구 가리봉동,서울특별시 구로구 남부순환로105가길 7 (가리봉동),근린생활2,제2종근린생활시설,101818521,지번
1153010200108050020,서울특별시 구로구 구로동,서울특별시 구로구 구로동로 72 (구로동),근린생활1,제1종근린생활시설,101818935,지번
1153010300101150121,서울특별시 구로구 가리봉동,서울특별시 구로구 디지털로27길 69 (가리봉동),근린생활2,제2종근린생활시설,1018123257,지번
1153010200108080047,서울특별시 구로구 구로동,서울특별시 구로구 구로동로7길 26 (구로동),근린생활1,제1종근린생활시설,1018120377,지번
1153010300101350074,서울특별시 구로구 가리봉동,서울특별시 구로구 디지털로20길 24 (가리봉동),근린생활1,제1종근린생활시설,1018114856,지번
1153010200107120005,서울특별시 구로구 구로동,서울특별시 구로구 구로동로7다길 12 (구로동),근린생활2,제2종근린생활시설,1018123494,지번
1153010300101070043,서울특별시 구로구 가리봉동,서울특별시 구로구 우마1길 53 (가리봉동),근린생활1,제1종근린생활시설,1018118641,지번
1153010200108030009,서울특별시 구로구 구로동,서울특별시 구로구 도림로3길 20 (구로동),근린생활1,제1종근린생활시설,101811339,지번
1153010200108030009,서울특별시 구로구 구로동,서울특별시 구로구 도림로3길 20 (구로동),근린생활1,숙박시설,101811340,지번
1153010300100890162,서울특별시 구로구 가리봉동,서울특별시 구로구 디지털로27길 105 (가리봉동),근린생활2,제2종근린생활시설,1018118784,지번
1153010300101070021,서울특별시 구로구 가리봉동,서울특별시 구로구 디지털로27길 93 (가리봉동),근린생활2,제2종근린생활시설,1018111971,지번
1153010200102520046,서울특별시 구로구 구로동,서울특별시 구로구 디지털로27길 54 (구로동),근린생활1,제1종근린생활시설,101819572,지번
1153010300100890025,서울특별시 구로구 가리봉동,서울특별시 구로구 디지털로27길 127 (가리봉동),근린생활1,제1종근린생활시설,101816833,지번
1153010800101350072,서울특별시 구로구 오류동,서울특별시 구로구 서해안로26길 7 (오류동),근린생활2,제2종근린생활시설,10181100245553,지번
1153010200111300035,서울특별시 구로구 구로동,서울특별시 구로구 시흥대로161가길 16-10 (구로동),근린생활2,제2종근린생활시설,10181100191157,지번
1153010200107940033,서울특별시 구로구 구로동,서울특별시 구로구 도림로 18 (구로동),근린생활2,제2종근린생활시설,101816623,지번
1153010300101370001,서울특별시 구로구 가리봉동,서울특별시 구로구 남부순환로 1303 (가리봉동),근린생활1,제1종근린생활시설,1018113259,지번
1153010300100250159,서울특별시 구로구 가리봉동,서울특별시 구로구 구로동로5길 11 (가리봉동),근린생활1,제1종근린생활시설,101815041,지번
1153010200107370001,서울특별시 구로구 구로동,서울특별시 구로구 구로동로 108 (구로동),근린생활1,제1종근린생활시설,1018115448,지번
1153010200107220006,서울특별시 구로구 구로동,서울특별시 구로구 구로동로 109 (구로동),근린생활1,제1종근린생활시설,1018114400,지번
1153010200103390059,서울특별시 구로구 구로동,서울특별시 구로구 구로동로28길 17 (구로동),근린생활1,제1종근린생활시설,1018119820,지번
1153010300101150011,서울특별시 구로구 가리봉동,서울특별시 구로구 디지털로27길 53 (가리봉동),근린생활2,제2종근린생활시설,101818500,지번
1153010300100130035,서울특별시 구로구 가리봉동,서울특별시 구로구 구로동로7길 66 (가리봉동),근린생활1,제1종근린생활시설,1018119946,지번
1153010200107100052,서울특별시 구로구 구로동,서울특별시 구로구 구로동로13길 56 (구로동),근린생활1,제1종근린생활시설,101815969,지번
1153010300100250049,서울특별시 구로구 가리봉동,서울특별시 구로구 구로동로 33 (가리봉동),근린생활2,제2종근린생활시설,101813968,지번
1153010300101240031,서울특별시 구로구 가리봉동,서울특별시 구로구 남부순환로105길 108 (가리봉동),근린생활2,제2종근린생활시설,1018119984,지번
1153010200108010060,서울특별시 구로구 구로동,,근린생활1,제1종근린생활시설,1018110285,지번
1153010200107220005,서울특별시 구로구 구로동,서울특별시 구로구 구로동로 111 (구로동),근린생활1,제1종근린생활시설,1018115430,지번
1153010200107670162,서울특별시 구로구 구로동,서울특별시 구로구 도림로 49 (구로동),근린생활2,제2종근린생활시설,1018113240,지번
1153010200107360007,서울특별시 구로구 구로동,서울특별시 구로구 구로동로 112-2 (구로동),근린생활1,제1종근린생활시설,101817090,지번
1153010300100880037,서울특별시 구로구 가리봉동,서울특별시 구로구 구로동로 21-1 (가리봉동),근린생활1,제1종근린생활시설,1018117515,지번
1153010200107220004,서울특별시 구로구 구로동,서울특별시 구로구 구로동로 111-1 (구로동),근린생활2,제2종근린생활시설,101816383,지번
1153010200107130044,서울특별시 구로구 구로동,서울특별시 구로구 구로동로7길 60 (구로동),근린생활1,제1종근린생활시설,1018112072,지번
1153010600100720001,서울특별시 구로구 고척동,서울특별시 구로구 경인로 385 (고척동),근린생활2,제2종근린생활시설,101816116,지번
1153010200107480061,서울특별시 구로구 구로동,서울특별시 구로구 도림로 21 (구로동),근린생활1,제1종근린생활시설,1018110758,지번
1153010200103130119,서울특별시 구로구 구로동,서울특별시 구로구 도림로 69 (구로동),근린생활1,제1종근린생활시설,1018121520,지번
1153010200107400037,서울특별시 구로구 구로동,서울특별시 구로구 구로동로22길 36 (구로동),근린생활2,제2종근린생활시설,101816688,지번
1153010200107430030,서울특별시 구로구 구로동,서울특별시 구로구 구로동로22길 50 (구로동),근린생활1,제1종근린생활시설,101815301,지번
1153010200108090050,서울특별시 구로구 구로동,서울특별시 구로구 구로동로7길 40 (구로동),근린생활1,제1종근린생활시설,1018118251,지번
1153010600100570181,서울특별시 구로구 고척동,서울특별시 구로구 경인로47다길 37-10 (고척동),근린생활1,제1종근린생활시설,10181100259027,지번
1153010200107160004,서울특별시 구로구 구로동,서울특별시 구로구 구로동로 99-2 (구로동),근린생활2,제2종근린생활시설,101816822,지번
1153010300101360083,서울특별시 구로구 가리봉동,서울특별시 구로구 남부순환로105길 4 (가리봉동),근린생활1,제1종근린생활시설,1018124730,지번
1153010200107210010,서울특별시 구로구 구로동,서울특별시 구로구 구로동로 105 (구로동),근린생활2,제2종근린생활시설,1018112455,지번
1153010200108080002,서울특별시 구로구 구로동,서울특별시 구로구 구로동로 81-1 (구로동),근린생활2,제2종근린생활시설,101819922,지번
1153010200107380071,서울특별시 구로구 구로동,서울특별시 구로구 구로동로 96 (구로동),근린생활2,제2종근린생활시설,1018112335,지번
1153010200107940049,서울특별시 구로구 구로동,서울특별시 구로구 도림로8길 1 (구로동),근린생활2,제2종근린생활시설,1018124351,지번
1153010200107940049,서울특별시 구로구 구로동,서울특별시 구로구 도림로8길 1 (구로동),근린생활2,단독주택,1018124352,지번
1153010200108070014,서울특별시 구로구 구로동,서울특별시 구로구 구로동로 82 (구로동),근린생활1,제1종근린생활시설,1018110023,지번
1153010200108080001,서울특별시 구로구 구로동,서울특별시 구로구 구로동로 83 (구로동),근린생활2,제2종근린생활시설,1018118579,지번
1153010200107700031,서울특별시 구로구 구로동,서울특별시 구로구 구로동로22길 90 (구로동),근린생활2,제2종근린생활시설,101811446,지번
1153010200107700031,서울특별시 구로구 구로동,서울특별시 구로구 구로동로22길 90 (구로동),근린생활2,단독주택,101811447,지번
1153010700102610001,서울특별시 구로구 개봉동,서울특별시 구로구 개봉로18길 8 (개봉동),근린생활1,제1종근린생활시설,101819972,지번
1153010700104030050,서울특별시 구로구 개봉동,서울특별시 구로구 개봉로 69 (개봉동),근린생활2,제2종근린생활시설,1018110548,지번
1153010200107800027,서울특별시 구로구 구로동,서울특별시 구로구 도림로 36 (구로동),근린생활2,제2종근린생활시설,101817765,지번
1153010300101350009,서울특별시 구로구 가리봉동,서울특별시 구로구 디지털로 224 (가리봉동),근린생활2,제2종근린생활시설,1018124704,지번
1153010300101350009,서울특별시 구로구 가리봉동,,근린생활2,제2종근린생활시설,101818319,지번
1153010200107380058,서울특별시 구로구 구로동,서울특별시 구로구 구로동로 98 (구로동),근린생활1,제1종근린생활시설,1018120664,지번
1153010300101360078,서울특별시 구로구 가리봉동,서울특별시 구로구 남부순환로 1279 (가리봉동),근린생활1,제1종근린생활시설,1018122475,지번
1153010200108010019,서울특별시 구로구 구로동,서울특별시 구로구 도림로 10 (구로동),근린생활1,제1종근린생활시설,1018115213,지번
1153010300101350003,서울특별시 구로구 가리봉동,서울특별시 구로구 디지털로20길 6 (가리봉동),근린생활2,제2종근린생활시설,1018122358,지번
1153010300101350058,서울특별시 구로구 가리봉동,서울특별시 구로구 남부순환로105길 26 (가리봉동),근린생활2,제2종근린생활시설,1018115974,지번
1153010200107380067,서울특별시 구로구 구로동,서울특별시 구로구 구로동로12길 7 (구로동),근린생활2,제2종근린생활시설,101819438,지번
1153010700102710008,서울특별시 구로구 개봉동,서울특별시 구로구 개봉로11나길 23 (개봉동),근린생활1,제1종근린생활시설,10181100225854,지번
1153010200107160010,서울특별시 구로구 구로동,서울특별시 구로구 구로동로 97 (구로동),근린생활1,제1종근린생활시설,1018112269,지번
1153010600101950013,서울특별시 구로구 고척동,서울특별시 구로구 고척로 228-6 (고척동),근린생활2,제2종근린생활시설,1018117774,지번
1153010200107190046,서울특별시 구로구 구로동,서울특별시 구로구 구로동로15길 34 (구로동),근린생활1,제1종근린생활시설,1018124938,지번
1153010200107930001,서울특별시 구로구 구로동,서울특별시 구로구 도림로 32 (구로동),근린생활1,제1종근린생활시설,101811454,지번
1153010200104000037,서울특별시 구로구 구로동,서울특별시 구로구 벚꽃로 410 (구로동),근린생활2,제2종근린생활시설,101817511,지번
1153010300101070004,서울특별시 구로구 가리봉동,서울특별시 구로구 디지털로27길 79 (가리봉동),근린생활1,제1종근린생활시설,1018114612,지번
1153010200107370006,서울특별시 구로구 구로동,서울특별시 구로구 구로동로 106 (구로동),근린생활1,제1종근린생활시설,1018113987,지번
1153010200107480058,서울특별시 구로구 구로동,서울특별시 구로구 도림로 23 (구로동),근린생활1,제1종근린생활시설,1018117433,지번
1153010300100880003,서울특별시 구로구 가리봉동,서울특별시 구로구 구로동로 27 (가리봉동),근린생활2,제2종근린생활시설,1018112489,지번
1153010200112780001,서울특별시 구로구 구로동,서울특별시 구로구 디지털로31길 81 (구로동),근린생활1,제1종근린생활시설,1018122805,지번
1153010200107200026,서울특별시 구로구 구로동,서울특별시 구로구 구로동로17길 9-12 (구로동),근린생활1,제1종근린생활시설,1018121280,지번
1153010200107260008,서울특별시 구로구 구로동,서울특별시 구로구 구로동로21길 2 (구로동),근린생활2,제2종근린생활시설,1018119616,지번
1153010300100020177,서울특별시 구로구 가리봉동,서울특별시 구로구 남부순환로105길 248 (가리봉동),근린생활1,제1종근린생활시설,101819260,지번
1153010200107360003,서울특별시 구로구 구로동,서울특별시 구로구 구로동로20길 6 (구로동),근린생활1,제1종근린생활시설,1018124746,지번
1153010200107790039,서울특별시 구로구 구로동,서울특별시 구로구 도림로 44-4 (구로동),근린생활2,제2종근린생활시설,101816351,지번
1153010200101360079,서울특별시 구로구 구로동,서울특별시 구로구 구로동로28길 125 (구로동),근린생활1,제1종근린생활시설,1018110332,지번
1153010200107800026,서울특별시 구로구 구로동,서울특별시 구로구 도림로 38 (구로동),근린생활1,제1종근린생활시설,101816024,지번
1153010200108010057,서울특별시 구로구 구로동,,근린생활1,제1종근린생활시설,1018110331,지번
1153010300101150004,서울특별시 구로구 가리봉동,서울특별시 구로구 우마2길 75 (가리봉동),근린생활1,제1종근린생활시설,1018118883,지번
1153010300101340117,서울특별시 구로구 가리봉동,서울특별시 구로구 디지털로 236 (가리봉동),근린생활2,제2종근린생활시설,1018119341,지번
1153010200107480016,서울특별시 구로구 구로동,서울특별시 구로구 도림로 25-1 (구로동),근린생활1,제1종근린생활시설,1018115804,지번
1153010200107790005,서울특별시 구로구 구로동,서울특별시 구로구 도림로14길 15 (구로동),근린생활2,제2종근린생활시설,101818381,지번
1153010300100890140,서울특별시 구로구 가리봉동,서울특별시 구로구 구로동로 32 (가리봉동),근린생활1,제1종근린생활시설,1018114795,지번
1153010300101330051,서울특별시 구로구 가리봉동,서울특별시 구로구 디지털로21길 18 (가리봉동),근린생활2,제2종근린생활시설,101819840,지번
1153010200108050003,서울특별시 구로구 구로동,서울특별시 구로구 도림로 7 (구로동),근린생활2,제1종근린생활시설,101812544,지번
1153010200108050003,서울특별시 구로구 구로동,서울특별시 구로구 도림로 7 (구로동),근린생활2,제2종근린생활시설,101812545,지번
1153010200108050012,서울특별시 구로구 구로동,서울특별시 구로구 도림로 5-1 (구로동),근린생활1,제1종근린생활시설,101818520,지번
1153010600101450219,서울특별시 구로구 고척동,서울특별시 구로구 고척로52길 89 (고척동),근린생활1,제1종근린생활시설,101817375,지번
1153010700100970006,서울특별시 구로구 개봉동,서울특별시 구로구 고척로21가길 2 (개봉동),근린생활1,제1종근린생활시설,101815209,지번
1153010200107250001,서울특별시 구로구 구로동,서울특별시 구로구 구로동로21길 1 (구로동),근린생활1,제1종근린생활시설,101817892,지번
1153010700104030078,서울특별시 구로구 개봉동,서울특별시 구로구 개봉로 37 (개봉동),근린생활1,제1종근린생활시설,10181100183979,지번
1153010200104160023,서울특별시 구로구 구로동,서울특별시 구로구 구로동로 174-9 (구로동),근린생활1,제1종근린생활시설,101811168,지번
1153010200104160023,서울특별시 구로구 구로동,서울특별시 구로구 구로동로 174-9 (구로동),근린생활1,제1종근린생활시설,101811169,지번
1153010200104160023,서울특별시 구로구 구로동,서울특별시 구로구 구로동로 174-9 (구로동),근린생활1,제1종근린생활시설,101814784,지번
1153010600102730059,서울특별시 구로구 고척동,서울특별시 구로구 경인로35길 71 (고척동),근린생활1,제1종근린생활시설,101819693,지번
1153010200106420040,서울특별시 구로구 구로동,서울특별시 구로구 구일로 166 (구로동),근린생활2,제2종근린생활시설,1018110639,지번
1153010200105320061,서울특별시 구로구 구로동,서울특별시 구로구 구로중앙로26가길 21-1 (구로동),근린생활2,제2종근린생활시설,1018112609,지번
1153010200107250002,서울특별시 구로구 구로동,서울특별시 구로구 구로동로 119-2 (구로동),근린생활1,제1종근린생활시설,1018112773,지번
1153010200104670042,서울특별시 구로구 구로동,서울특별시 구로구 구로동로43길 48 (구로동),근린생활2,제2종근린생활시설,1018113410,지번
1153010200111260010,서울특별시 구로구 구로동,서울특별시 구로구 디지털로32다길 9 (구로동),근린생활2,제2종근린생활시설,10181100190266,지번
1153010200105970036,서울특별시 구로구 구로동,서울특별시 구로구 경인로 540-5 (구로동),근린생활1,제1종근린생활시설,1018111377,지번
1153010200100980006,서울특별시 구로구 구로동,서울특별시 구로구 가마산로26길 14 (구로동),근린생활2,제2종근린생활시설,101813527,지번
1153010200100980006,서울특별시 구로구 구로동,서울특별시 구로구 가마산로26길 10 (구로동),근린생활2,제2종근린생활시설,101813528,지번
1153010200107230025,서울특별시 구로구 구로동,서울특별시 구로구 구로동로17길 28 (구로동),근린생활1,제1종근린생활시설,1018111281,지번
1153010200100850000,서울특별시 구로구 구로동,서울특별시 구로구 구로중앙로19길 19 (구로동),근린생활1,제1종근린생활시설,1018114412,지번
1153010200104420017,서울특별시 구로구 구로동,서울특별시 구로구 구로중앙로21길 10-5 (구로동),근린생활1,제1종근린생활시설,1018118185,지번
1153010200104250003,서울특별시 구로구 구로동,서울특별시 구로구 구로동로38길 25 (구로동),근린생활1,제1종근린생활시설,1018114244,지번
1153010300101230035,서울특별시 구로구 가리봉동,서울특별시 구로구 우마길 11-1 (가리봉동),근린생활2,제2종근린생활시설,101816733,지번
1153010200104340005,서울특별시 구로구 구로동,서울특별시 구로구 가마산로21길 15 (구로동),근린생활1,제1종근린생활시설,1018115435,지번
1153010200105370091,서울특별시 구로구 구로동,서울특별시 구로구 구로중앙로22길 62-6 (구로동),근린생활2,제2종근린생활시설,10181100191136,지번
1153010200100940010,서울특별시 구로구 구로동,서울특별시 구로구 가마산로26길 23 (구로동),근린생활1,제1종근린생활시설,101818865,지번
1153010700102780021,서울특별시 구로구 개봉동,서울특별시 구로구 개봉로12길 13 (개봉동),근린생활2,제2종근린생활시설,1018119350,지번
1153010700102780025,서울특별시 구로구 개봉동,서울특별시 구로구 개봉로12길 15 (개봉동),근린생활1,제1종근린생활시설,101816339,지번
1153010800101650003,서울특별시 구로구 오류동,서울특별시 구로구 서해안로24길 21-4 (오류동),근린생활2,제2종근린생활시설,101816336,지번
1153010700104030127,서울특별시 구로구 개봉동,서울특별시 구로구 개봉로 41 (개봉동),근린생활1,제1종근린생활시설,101816105,지번
1153010200101160021,서울특별시 구로구 구로동,서울특별시 구로구 가마산로26길 52 (구로동),근린생활2,제2종근린생활시설,1018117404,지번
1153010200105150012,서울특별시 구로구 구로동,서울특별시 구로구 구로중앙로27길 8 (구로동),근린생활2,제2종근린생활시설,1018113068,지번
1153010200107300059,서울특별시 구로구 구로동,서울특별시 구로구 구로동로26길 3 (구로동),근린생활1,제1종근린생활시설,1018110409,지번
1153010700102790011,서울특별시 구로구 개봉동,서울특별시 구로구 개봉로12길 18 (개봉동),근린생활2,제2종근린생활시설,101819310,지번
1153010700102650011,서울특별시 구로구 개봉동,서울특별시 구로구 개봉로14길 13 (개봉동),근린생활1,제1종근린생활시설,1018113456,지번
1153010200107390064,서울특별시 구로구 구로동,서울특별시 구로구 구로동로20길 24 (구로동),근린생활1,제1종근린생활시설,10181100204760,지번
1153010200106140197,서울특별시 구로구 구로동,서울특별시 구로구 경인로53가길 23 (구로동),근린생활2,제2종근린생활시설,10181100205640,지번
1153010700104030148,서울특별시 구로구 개봉동,서울특별시 구로구 개봉로 36 (개봉동),근린생활1,제1종근린생활시설,101816583,지번
1153010700103110020,서울특별시 구로구 개봉동,서울특별시 구로구 개봉로17아길 51-12 (개봉동),근린생활2,제2종근린생활시설,1018115904,지번
1153010700101390014,서울특별시 구로구 개봉동,서울특별시 구로구 경인로 285 (개봉동),근린생활2,제2종근린생활시설,101818464,지번
1153010200104230009,서울특별시 구로구 구로동,서울특별시 구로구 구로동로40길 10 (구로동),근린생활2,제2종근린생활시설,101815448,지번
1153010200100850002,서울특별시 구로구 구로동,서울특별시 구로구 구로중앙로19길 13 (구로동),근린생활1,제1종근린생활시설,101816057,지번
1153010200105510097,서울특별시 구로구 구로동,서울특별시 구로구 구로중앙로32가길 40 (구로동),근린생활2,제2종근린생활시설,10181100204704,지번
1153010700102790001,서울특별시 구로구 개봉동,서울특별시 구로구 개봉로2길 65 (개봉동),근린생활1,제1종근린생활시설,1018119181,지번
1153010800100680035,서울특별시 구로구 오류동,서울특별시 구로구 서해안로 2329 (오류동),근린생활1,제1종근린생활시설,10181100249227,지번
1153010200105470025,서울특별시 구로구 구로동,서울특별시 구로구 공원로7길 24 (구로동),근린생활2,제2종근린생활시설,1018112090,지번
1153010700101390020,서울특별시 구로구 개봉동,서울특별시 구로구 경인로33길 2 (개봉동),근린생활1,제1종근린생활시설,1018120383,지번
1153010700103060050,서울특별시 구로구 개봉동,서울특별시 구로구 개봉로19길 93 (개봉동),근린생활2,제2종근린생활시설,1018117318,지번
1153010200101020000,서울특별시 구로구 구로동,서울특별시 구로구 가마산로25길 21 (구로동),근린생활1,자동차관련시설,10181100182169,지번
1153010200101020000,서울특별시 구로구 구로동,서울특별시 구로구 가마산로25길 33 (구로동),근린생활1,제2종근린생활시설,101813531,지번
1153010200101020000,서울특별시 구로구 구로동,서울특별시 구로구 가마산로25길 21 (구로동),근린생활1,제1종근린생활시설,101813533,지번
1153010700104030091,서울특별시 구로구 개봉동,서울특별시 구로구 개봉로 19 (개봉동),근린생활1,제1종근린생활시설,1018117371,지번
1153010700104030079,서울특별시 구로구 개봉동,서울특별시 구로구 개봉로 35 (개봉동),근린생활1,제1종근린생활시설,101816138,지번
1153010700104030083,서울특별시 구로구 개봉동,서울특별시 구로구 개봉로 27 (개봉동),근린생활2,제2종근린생활시설,1018121741,지번
1153010200100970015,서울특별시 구로구 구로동,서울특별시 구로구 가마산로26길 7-7 (구로동),근린생활2,단독주택,101813523,지번
1153010200100970015,서울특별시 구로구 구로동,서울특별시 구로구 가마산로26길 7-3 (구로동),근린생활2,제2종근린생활시설,101813524,지번
1153010200100970017,서울특별시 구로구 구로동,서울특별시 구로구 가마산로26길 11 (구로동),근린생활1,제1종근린생활시설,1018122841,지번
1153010200100730012,서울특별시 구로구 구로동,서울특별시 구로구 구로중앙로14길 63 (구로동),근린생활1,제1종근린생활시설,1018115855,지번
1153010200100950005,서울특별시 구로구 구로동,서울특별시 구로구 구로중앙로18길 54 (구로동),근린생활2,제2종근린생활시설,1018110795,지번
1153010200100950006,서울특별시 구로구 구로동,서울특별시 구로구 구로중앙로18길 50 (구로동),근린생활1,제1종근린생활시설,1018119108,지번
1153010700102260002,서울특별시 구로구 개봉동,서울특별시 구로구 경인로 286 (개봉동),근린생활2,제2종근린생활시설,101815029,지번
1153010700103440013,서울특별시 구로구 개봉동,서울특별시 구로구 개봉로11길 30 (개봉동),근린생활2,제2종근린생활시설,1018124153,지번
1153010200100950009,서울특별시 구로구 구로동,서울특별시 구로구 구로중앙로18길 44 (구로동),근린생활2,제2종근린생활시설,1018113055,지번
1153010700101370021,서울특별시 구로구 개봉동,서울특별시 구로구 경인로33길 41 (개봉동),근린생활1,제1종근린생활시설,101815035,지번
1153010200100950011,서울특별시 구로구 구로동,서울특별시 구로구 가마산로26길 19 (구로동),근린생활1,제1종근린생활시설,1018114693,지번
1153010600100500095,서울특별시 구로구 고척동,서울특별시 구로구 중앙로 67 (고척동),근린생활2,제2종근린생활시설,101816385,지번
1153010700101390032,서울특별시 구로구 개봉동,서울특별시 구로구 경인로33길 18 (개봉동),근린생활1,제1종근린생활시설,1018115314,지번
1153010700100330030,서울특별시 구로구 개봉동,서울특별시 구로구 고척로21나길 17 (개봉동),근린생활1,제1종근린생활시설,101817098,지번
1153010700103470008,서울특별시 구로구 개봉동,서울특별시 구로구 개봉로11길 10-48 (개봉동),근린생활2,제2종근린생활시설,101816518,지번
1153010300100130044,서울특별시 구로구 가리봉동,서울특별시 구로구 구로동로7길 47 (가리봉동),근린생활1,제1종근린생활시설,101817052,지번
1153010700101380004,서울특별시 구로구 개봉동,서울특별시 구로구 경인로33길 33 (개봉동),근린생활2,제2종근린생활시설,1018120762,지번
1153010700104030090,서울특별시 구로구 개봉동,서울특별시 구로구 개봉로 21 (개봉동),근린생활2,제2종근린생활시설,101818551,지번
1153010700104030088,서울특별시 구로구 개봉동,서울특별시 구로구 개봉로 23 (개봉동),근린생활1,제1종근린생활시설,1018118061,지번
1153010700103510013,서울특별시 구로구 개봉동,서울특별시 구로구 개봉로11길 35-9 (개봉동),근린생활2,제2종근린생활시설,10181100191696,지번
1153010700103480001,서울특별시 구로구 개봉동,서울특별시 구로구 개봉로11길 7 (개봉동),근린생활2,제2종근린생활시설,1018112516,지번
1153010700102780019,서울특별시 구로구 개봉동,서울특별시 구로구 개봉로12길 33 (개봉동),근린생활2,제2종근린생활시설,1018116858,지번
1153010200101000000,서울특별시 구로구 구로동,서울특별시 구로구 가마산로23길 27 (구로동),근린생활1,제1종근린생활시설,1018116612,지번
1153010200100950008,서울특별시 구로구 구로동,서울특별시 구로구 구로중앙로18길 46 (구로동),근린생활1,제1종근린생활시설,1018113175,지번
1153010200100850029,서울특별시 구로구 구로동,서울특별시 구로구 구로중앙로19길 19-5 (구로동),근린생활1,제1종근린생활시설,1018122519,지번
1153010200100950000,서울특별시 구로구 구로동,서울특별시 구로구 구로중앙로18길 64 (구로동),근린생활2,제2종근린생활시설,1018114338,지번
1153010700103490001,서울특별시 구로구 개봉동,서울특별시 구로구 개봉로11길 13 (개봉동),근린생활2,제2종근린생활시설,1018112945,지번
1153010200104480032,서울특별시 구로구 구로동,서울특별시 구로구 구로중앙로21길 50 (구로동),근린생활2,제2종근린생활시설,1018113364,지번
1153010200100850022,서울특별시 구로구 구로동,서울특별시 구로구 구로중앙로19나길 4 (구로동),근린생활1,제1종근린생활시설,1018110500,지번
1153010200101420075,서울특별시 구로구 구로동,서울특별시 구로구 구로중앙로 10 (구로동),근린생활1,제1종근린생활시설,1018119078,지번
1153010700101380000,서울특별시 구로구 개봉동,서울특별시 구로구 경인로33길 37 (개봉동),근린생활1,제1종근린생활시설,101815964,지번
1153010200104420042,서울특별시 구로구 구로동,서울특별시 구로구 구로중앙로21길 4 (구로동),근린생활2,제2종근린생활시설,1018120488,지번
1153010200100810004,서울특별시 구로구 구로동,서울특별시 구로구 가마산로 228 (구로동),근린생활1,제1종근린생활시설,10181100262887,지번
1153010200101140010,서울특별시 구로구 구로동,서울특별시 구로구 가마산로26길 45 (구로동),근린생활2,제2종근린생활시설,1018123829,지번
1153010700101390107,서울특별시 구로구 개봉동,서울특별시 구로구 경인로33길 10 (개봉동),근린생활1,제1종근린생활시설,1018118508,지번
1153010700101390072,서울특별시 구로구 개봉동,서울특별시 구로구 경인로33길 27-10 (개봉동),근린생활2,제2종근린생활시설,1018115527,지번
1153010200104420034,서울특별시 구로구 구로동,서울특별시 구로구 구로중앙로21길 6 (구로동),근린생활2,제2종근린생활시설,101816302,지번
1153010700103290024,서울특별시 구로구 개봉동,서울특별시 구로구 개봉로17길 17 (개봉동),근린생활2,제2종근린생활시설,101815894,지번
1153010700103490013,서울특별시 구로구 개봉동,서울특별시 구로구 개봉로11길 7-18 (개봉동),근린생활1,제1종근린생활시설,101819329,지번
1153010700103610008,서울특별시 구로구 개봉동,서울특별시 구로구 개봉로1나길 60 (개봉동),근린생활2,제2종근린생활시설,101819300,지번
1153010700104030117,서울특별시 구로구 개봉동,서울특별시 구로구 개봉로 47 (개봉동),근린생활1,제1종근린생활시설,1018123575,지번
1153010700104030226,서울특별시 구로구 개봉동,서울특별시 구로구 개봉로 70 (개봉동),근린생활1,제1종근린생활시설,1018115104,지번
1153010700104030138,서울특별시 구로구 개봉동,서울특별시 구로구 개봉로 50 (개봉동),근린생활1,제1종근린생활시설,1018120466,지번
1153010700104030136,서울특별시 구로구 개봉동,서울특별시 구로구 개봉로 52-2 (개봉동),근린생활1,제1종근린생활시설,1018119432,지번
1153010700103570033,서울특별시 구로구 개봉동,서울특별시 구로구 개봉로3길 46 (개봉동),근린생활2,제2종근린생활시설,1018111779,지번
1153010700103570022,서울특별시 구로구 개봉동,서울특별시 구로구 개봉로3길 40 (개봉동),근린생활1,제1종근린생활시설,1018117816,지번
1153010700103680011,서울특별시 구로구 개봉동,서울특별시 구로구 개봉로1나길 16 (개봉동),근린생활1,제1종근린생활시설,1018118553,지번
1153010700103270003,서울특별시 구로구 개봉동,서울특별시 구로구 개봉로17길 18-48 (개봉동),근린생활2,제2종근린생활시설,10181100191676,지번
1153010700102650024,서울특별시 구로구 개봉동,서울특별시 구로구 개봉로16길 24 (개봉동),근린생활2,제2종근린생활시설,1018114602,지번
1153010700104030053,서울특별시 구로구 개봉동,서울특별시 구로구 개봉로 63 (개봉동),근린생활1,제1종근린생활시설,1018116109,지번
1153010700102780034,서울특별시 구로구 개봉동,서울특별시 구로구 개봉로12길 25 (개봉동),근린생활1,제1종근린생활시설,1018121679,지번
1153010700104030169,서울특별시 구로구 개봉동,서울특별시 구로구 개봉로 24-1 (개봉동),근린생활1,제1종근린생활시설,1018118955,지번
1153010700104030093,서울특별시 구로구 개봉동,서울특별시 구로구 개봉로 13 (개봉동),근린생활1,제1종근린생활시설,1018111295,지번
1153010700103670014,서울특별시 구로구 개봉동,서울특별시 구로구 개봉로1길 70 (개봉동),근린생활2,제2종근린생활시설,101819224,지번
1153010200101340040,서울특별시 구로구 구로동,서울특별시 구로구 구로동로28길 109 (구로동),근린생활1,제1종근린생활시설,1018123435,지번
1153010700103590013,서울특별시 구로구 개봉동,서울특별시 구로구 개봉로3길 35 (개봉동),근린생활1,제1종근린생활시설,101815127,지번
1153010700103580020,서울특별시 구로구 개봉동,서울특별시 구로구 개봉로3길 26 (개봉동),근린생활2,제2종근린생활시설,1018121399,지번
1153010200101410023,서울특별시 구로구 구로동,서울특별시 구로구 도림로19길 6 (구로동),근린생활2,제2종근린생활시설,1018123023,지번
1153010700103580017,서울특별시 구로구 개봉동,서울특별시 구로구 개봉로3길 34 (개봉동),근린생활1,제1종근린생활시설,1018110377,지번
1153010200101390207,서울특별시 구로구 구로동,서울특별시 구로구 구로동로28길 114 (구로동),근린생활1,제1종근린생활시설,1018123112,지번
1153010200107340014,서울특별시 구로구 구로동,서울특별시 구로구 구로동로22길 17-10 (구로동),근린생활1,제1종근린생활시설,1018117317,지번
1153010700103230004,서울특별시 구로구 개봉동,서울특별시 구로구 개봉로17라길 25 (개봉동),근린생활1,제1종근린생활시설,1018124715,지번
1153010200107350048,서울특별시 구로구 구로동,서울특별시 구로구 구로동로22길 16-3 (구로동),근린생활1,제1종근린생활시설,1018118906,지번
1153010700104030044,서울특별시 구로구 개봉동,서울특별시 구로구 개봉로 66 (개봉동),근린생활1,제1종근린생활시설,101818637,지번
1153010700103290035,서울특별시 구로구 개봉동,서울특별시 구로구 개봉로17길 13 (개봉동),근린생활2,제2종근린생활시설,1018113651,지번
1153010700102790006,서울특별시 구로구 개봉동,서울특별시 구로구 개봉로12길 32 (개봉동),근린생활2,제2종근린생활시설,1018115594,지번
1153010700104030198,서울특별시 구로구 개봉동,서울특별시 구로구 개봉로 24 (개봉동),근린생활1,제1종근린생활시설,1018123906,지번
1153010200106120025,서울특별시 구로구 구로동,서울특별시 구로구 구로중앙로 216 (구로동),근린생활1,제1종근린생활시설,1018116862,지번
1153010700103480012,서울특별시 구로구 개봉동,서울특별시 구로구 개봉로11길 7-3 (개봉동),근린생활1,제1종근린생활시설,1018110150,지번
1153010200107200041,서울특별시 구로구 구로동,서울특별시 구로구 구로동로15길 18 (구로동),근린생활1,제1종근린생활시설,1018120501,지번
1153010200106140201,서울특별시 구로구 구로동,서울특별시 구로구 경인로53길 87 (구로동),근린생활2,제2종근린생활시설,1018120395,지번
1153010700103580002,서울특별시 구로구 개봉동,서울특별시 구로구 개봉로11길 7-70 (개봉동),근린생활1,제1종근린생활시설,101817690,지번
1153010700103680010,서울특별시 구로구 개봉동,서울특별시 구로구 개봉로3가길 52 (개봉동),근린생활2,제2종근린생활시설,101814790,지번
1153010800101360018,서울특별시 구로구 오류동,서울특별시 구로구 오류로8길 51 (오류동),근린생활1,제1종근린생활시설,10181100252947,지번
1153010700102590034,서울특별시 구로구 개봉동,서울특별시 구로구 개봉로16가길 10-37 (개봉동),근린생활2,제2종근린생활시설,101818601,지번
1153010700104070017,서울특별시 구로구 개봉동,서울특별시 구로구 개봉로20길 74 (개봉동),근린생활1,제1종근린생활시설,101817112,지번
1153010700104030058,서울특별시 구로구 개봉동,서울특별시 구로구 개봉로 51-1 (개봉동),근린생활1,제1종근린생활시설,101816846,지번
1153010200106000071,서울특별시 구로구 구로동,서울특별시 구로구 경인로53길 8 (구로동),근린생활1,업무시설,101811270,지번
1153010200106000071,서울특별시 구로구 구로동,서울특별시 구로구 경인로 535 (구로동),근린생활1,제1종근린생활시설,101811271,지번
1153010200106000071,서울특별시 구로구 구로동,서울특별시 구로구 경인로 533 (구로동),근린생활1,제1종근린생활시설,1018116613,지번
1153010200105970026,서울특별시 구로구 구로동,서울특별시 구로구 경인로58길 26 (구로동),근린생활1,제1종근린생활시설,1018118621,지번
1153010700102780035,서울특별시 구로구 개봉동,서울특별시 구로구 개봉로12길 27 (개봉동),근린생활1,제1종근린생활시설,1018115838,지번
1153010700103700035,서울특별시 구로구 개봉동,서울특별시 구로구 개봉로3가길 55 (개봉동),근린생활1,제1종근린생활시설,101818848,지번
1153010700103660005,서울특별시 구로구 개봉동,서울특별시 구로구 개봉로1가길 17 (개봉동),근린생활1,제1종근린생활시설,1018124264,지번
1153010700102900003,서울특별시 구로구 개봉동,서울특별시 구로구 개봉로 8 (개봉동),근린생활2,제2종근린생활시설,1018116537,지번
1153010700104030095,서울특별시 구로구 개봉동,서울특별시 구로구 개봉로 9 (개봉동),근린생활1,제1종근린생활시설,101818372,지번
1153010700102900005,서울특별시 구로구 개봉동,서울특별시 구로구 개봉로 6 (개봉동),근린생활1,제1종근린생활시설,101816641,지번
1153010700103020003,서울특별시 구로구 개봉동,서울특별시 구로구 개봉로17가길 38 (개봉동),근린생활2,제2종근린생활시설,1018120970,지번
1153010700104030229,서울특별시 구로구 개봉동,서울특별시 구로구 개봉로20길 26 (개봉동),근린생활2,제2종근린생활시설,1018120465,지번
1153010700103580016,서울특별시 구로구 개봉동,서울특별시 구로구 개봉로3길 36 (개봉동),근린생활1,제1종근린생활시설,1018124380,지번
1153010700104030189,서울특별시 구로구 개봉동,서울특별시 구로구 개봉로6길 5-5 (개봉동),근린생활1,제1종근린생활시설,1018119711,지번
1153010700103700040,서울특별시 구로구 개봉동,서울특별시 구로구 개봉로1나길 1 (개봉동),근린생활2,제2종근린생활시설,1018123367,지번
1153010700103260011,서울특별시 구로구 개봉동,서울특별시 구로구 개봉로17길 26 (개봉동),근린생활2,제2종근린생활시설,1018111222,지번
1153010700101980025,서울특별시 구로구 개봉동,서울특별시 구로구 개봉로20길 113 (개봉동),근린생활1,제1종근린생활시설,1018121843,지번
1153010700102590032,서울특별시 구로구 개봉동,서울특별시 구로구 개봉로16가길 10-39 (개봉동),근린생활2,제2종근린생활시설,1018115264,지번
1153010700101980031,서울특별시 구로구 개봉동,서울특별시 구로구 개봉로20길 91-16 (개봉동),근린생활2,제2종근린생활시설,10181100189945,지번
1153010700103600006,서울특별시 구로구 개봉동,서울특별시 구로구 개봉로3길 43 (개봉동),근린생활1,제1종근린생활시설,101815106,지번
1153010200105970041,서울특별시 구로구 구로동,서울특별시 구로구 경인로56길 4 (구로동),근린생활1,제1종근린생활시설,1018120334,지번
1153010200107380073,서울특별시 구로구 구로동,서울특별시 구로구 구로동로 94 (구로동),근린생활1,제1종근린생활시설,1018119860,지번
1153010700102900006,서울특별시 구로구 개봉동,서울특별시 구로구 개봉로 4 (개봉동),근린생활2,제2종근린생활시설,10181100183579,지번
1153010700102620020,서울특별시 구로구 개봉동,서울특별시 구로구 개봉로16길 27 (개봉동),근린생활2,제2종근린생활시설,1018123111,지번
1153010700102590020,서울특별시 구로구 개봉동,서울특별시 구로구 개봉로18길 29 (개봉동),근린생활1,제1종근린생활시설,1018113905,지번
1153010700104030057,서울특별시 구로구 개봉동,서울특별시 구로구 개봉로 53 (개봉동),근린생활1,제1종근린생활시설,101816598,지번
1153010700104030107,서울특별시 구로구 개봉동,서울특별시 구로구 개봉로 54 (개봉동),근린생활2,제2종근린생활시설,1018122871,지번
1153010100103940032,서울특별시 구로구 신도림동,서울특별시 구로구 신도림로9길 29-4 (신도림동),근린생활2,제2종근린생활시설,1018117040,지번
1153010700103590037,서울특별시 구로구 개봉동,서울특별시 구로구 개봉로3길 29 (개봉동),근린생활2,제2종근린생활시설,1018111373,지번
1153010700103580021,서울특별시 구로구 개봉동,서울특별시 구로구 개봉로3길 20-1 (개봉동),근린생활2,제2종근린생활시설,101811649,지번
1153010700103580021,서울특별시 구로구 개봉동,서울특별시 구로구 개봉로3길 24 (개봉동),근린생활2,제1종근린생활시설,101811650,지번
1153010700103680009,서울특별시 구로구 개봉동,서울특별시 구로구 개봉로3가길 46 (개봉동),근린생활2,제2종근린생활시설,101817374,지번
1153010700103240001,서울특별시 구로구 개봉동,서울특별시 구로구 개봉로17길 34 (개봉동),근린생활1,제1종근린생활시설,101815611,지번
1153010700103310024,서울특별시 구로구 개봉동,서울특별시 구로구 개봉로17길 37 (개봉동),근린생활1,제1종근린생활시설,1018112806,지번
1153010200106830003,서울특별시 구로구 구로동,서울특별시 구로구 서부샛길 876 (구로동),근린생활1,제1종근린생활시설,101816525,지번
1153010700102630022,서울특별시 구로구 개봉동,서울특별시 구로구 개봉로16길 6 (개봉동),근린생활2,제2종근린생활시설,101814610,지번
1153010700102650001,서울특별시 구로구 개봉동,서울특별시 구로구 개봉로16길 26 (개봉동),근린생활2,제2종근린생활시설,1018124002,지번
1153010700104030219,서울특별시 구로구 개봉동,서울특별시 구로구 개봉로20길 30 (개봉동),근린생활1,제1종근린생활시설,101816910,지번
1153010200107160013,서울특별시 구로구 구로동,서울특별시 구로구 구로동로15길 3 (구로동),근린생활1,제1종근린생활시설,1018119417,지번
1153010700103700001,서울특별시 구로구 개봉동,서울특별시 구로구 개봉로1나길 5 (개봉동),근린생활1,제1종근린생활시설,1018119178,지번
1153010200105690006,서울특별시 구로구 구로동,서울특별시 구로구 새말로 21 (구로동),근린생활2,제2종근린생활시설,1018119385,지번
1153010700104030069,서울특별시 구로구 개봉동,서울특별시 구로구 개봉로 44-1 (개봉동),근린생활1,제1종근린생활시설,1018123055,지번
1153010700102550003,서울특별시 구로구 개봉동,서울특별시 구로구 개봉로2길 133-19 (개봉동),근린생활2,제2종근린생활시설,1018123579,지번
1153010700102630003,서울특별시 구로구 개봉동,서울특별시 구로구 개봉로12길 9-33 (개봉동),근린생활1,제1종근린생활시설,1018121620,지번
1153010700102550001,서울특별시 구로구 개봉동,서울특별시 구로구 개봉로2길 133-29 (개봉동),근린생활2,제2종근린생활시설,101819050,지번
1153010700102600020,서울특별시 구로구 개봉동,서울특별시 구로구 개봉로16가길 26 (개봉동),근린생활1,제1종근린생활시설,1018119690,지번
1153010700102610006,서울특별시 구로구 개봉동,서울특별시 구로구 개봉로16가길 17 (개봉동),근린생활1,업무시설,1000000000000000447374,지번
1153010700104030125,서울특별시 구로구 개봉동,서울특별시 구로구 개봉로 43 (개봉동),근린생활1,제1종근린생활시설,1018117200,지번
1153010900102830004,서울특별시 구로구 궁동,서울특별시 구로구 오리로 1295 (궁동),근린생활2,제2종근린생활시설,10181100256287,지번
1153010700103300001,서울특별시 구로구 개봉동,서울특별시 구로구 개봉로17길 21 (개봉동),근린생활2,제2종근린생활시설,1018117964,지번
1153010700104030068,서울특별시 구로구 개봉동,서울특별시 구로구 개봉로 48 (개봉동),근린생활2,제2종근린생활시설,101814954,지번
1153010700101980006,서울특별시 구로구 개봉동,서울특별시 구로구 개봉로20길 91-10 (개봉동),근린생활1,제1종근린생활시설,1018121254,지번
1153010700104030065,서울특별시 구로구 개봉동,서울특별시 구로구 개봉로 56 (개봉동),근린생활2,제2종근린생활시설,1018117340,지번
1153010700103580027,서울특별시 구로구 개봉동,서울특별시 구로구 개봉로3길 18 (개봉동),근린생활2,제2종근린생활시설,1018122492,지번
1153010700103300032,서울특별시 구로구 개봉동,서울특별시 구로구 개봉로17길 23 (개봉동),근린생활1,제1종근린생활시설,1018121590,지번
1153010200105980030,서울특별시 구로구 구로동,서울특별시 구로구 경인로58길 16-6 (구로동),근린생활1,제1종근린생활시설,101818928,지번
1153010700102600001,서울특별시 구로구 개봉동,서울특별시 구로구 개봉로18길 16 (개봉동),근린생활2,제2종근린생활시설,101818882,지번
1153010700104060002,서울특별시 구로구 개봉동,서울특별시 구로구 개봉로18길 39 (개봉동),근린생활1,제1종근린생활시설,1018123493,지번
1153010700103040006,서울특별시 구로구 개봉동,서울특별시 구로구 개봉로17다길 15 (개봉동),근린생활1,제1종근린생활시설,1018115742,지번
1153010700103270022,서울특별시 구로구 개봉동,서울특별시 구로구 개봉로17길 18 (개봉동),근린생활1,제2종근린생활시설,1018111650,지번
1153010700103030012,서울특별시 구로구 개봉동,서울특별시 구로구 개봉로17라길 50 (개봉동),근린생활2,제2종근린생활시설,10181100191135,지번
1153010700102760014,서울특별시 구로구 개봉동,,근린생활2,제2종근린생활시설,1018116944,지번
1153010700104030176,서울특별시 구로구 개봉동,서울특별시 구로구 개봉로11길 10-14 (개봉동),근린생활2,제2종근린생활시설,1018112682,지번
1153010700103600004,서울특별시 구로구 개봉동,서울특별시 구로구 개봉로1가길 28 (개봉동),근린생활1,제1종근린생활시설,1018113316,지번
1153010700102590016,서울특별시 구로구 개봉동,서울특별시 구로구 개봉로16가길 10-35 (개봉동),근린생활2,제2종근린생활시설,101818873,지번
1153010700102620031,서울특별시 구로구 개봉동,서울특별시 구로구 개봉로16길 21 (개봉동),근린생활1,제1종근린생활시설,1018120935,지번
1153010700102770017,서울특별시 구로구 개봉동,서울특별시 구로구 개봉로2길 69 (개봉동),근린생활2,제2종근린생활시설,101818705,지번
1153010700103480009,서울특별시 구로구 개봉동,서울특별시 구로구 개봉로11길 7-29 (개봉동),근린생활1,제1종근린생활시설,101816090,지번
1153010600100520047,서울특별시 구로구 고척동,서울특별시 구로구 중앙로8길 10-17 (고척동),근린생활1,제1종근린생활시설,1018113741,지번
1153010600100620121,서울특별시 구로구 고척동,서울특별시 구로구 안양천로537길 72 (고척동),근린생활2,제2종근린생활시설,101811366,지번
1153010600100620121,서울특별시 구로구 고척동,서울특별시 구로구 안양천로537길 72 (고척동),근린생활2,단독주택,101811367,지번
1153010200101280029,서울특별시 구로구 구로동,서울특별시 구로구 구로중앙로8길 22-2 (구로동),근린생활1,제1종근린생활시설,1018113314,지번
1153010700103480007,서울특별시 구로구 개봉동,서울특별시 구로구 개봉로11길 7-25 (개봉동),근린생활1,제1종근린생활시설,1018115982,지번
1153010600100570087,서울특별시 구로구 고척동,서울특별시 구로구 경인로47다길 34 (고척동),근린생활2,제2종근린생활시설,1018113277,지번
1153010700103020021,서울특별시 구로구 개봉동,서울특별시 구로구 개봉로19길 43 (개봉동),근린생활1,제1종근린생활시설,1018119966,지번
1153010700102600021,서울특별시 구로구 개봉동,서울특별시 구로구 개봉로16가길 10-1 (개봉동),근린생활1,제1종근린생활시설,1018118263,지번
1153010700103320011,서울특별시 구로구 개봉동,서울특별시 구로구 개봉로15길 42 (개봉동),근린생활1,제1종근린생활시설,1018115492,지번
1153010700103230039,서울특별시 구로구 개봉동,서울특별시 구로구 개봉로17길 42 (개봉동),근린생활1,제1종근린생활시설,1018117851,지번
1153010700103590001,서울특별시 구로구 개봉동,서울특별시 구로구 개봉로 7 (개봉동),근린생활2,제2종근린생활시설,101817409,지번
1153010700103700032,서울특별시 구로구 개봉동,서울특별시 구로구 개봉로1길 90 (개봉동),근린생활1,제1종근린생활시설,1018121828,지번
1153010700103270023,서울특별시 구로구 개봉동,서울특별시 구로구 개봉로17길 14 (개봉동),근린생활1,제1종근린생활시설,1018110037,지번
1153010200107290012,서울특별시 구로구 구로동,서울특별시 구로구 구로동로 131 (구로동),근린생활1,제1종근린생활시설,1018117591,지번
1153010700102890001,서울특별시 구로구 개봉동,서울특별시 구로구 개봉로12길 10 (개봉동),근린생활1,제1종근린생활시설,101817287,지번
1153010700103570034,서울특별시 구로구 개봉동,서울특별시 구로구 개봉로3길 44 (개봉동),근린생활1,제1종근린생활시설,101819763,지번
1153010700103700013,서울특별시 구로구 개봉동,서울특별시 구로구 개봉로1길 96 (개봉동),근린생활2,제2종근린생활시설,1018116400,지번
1153010700102890025,서울특별시 구로구 개봉동,서울특별시 구로구 개봉로6길 12-8 (개봉동),근린생활1,제1종근린생활시설,1018120112,지번
1153010700103260010,서울특별시 구로구 개봉동,서울특별시 구로구 개봉로17길 22 (개봉동),근린생활1,제1종근린생활시설,1018120372,지번
1153010200101110008,서울특별시 구로구 구로동,서울특별시 구로구 구로중앙로28다길 21 (구로동),근린생활2,제2종근린생활시설,1018122116,지번
1153010700103300024,서울특별시 구로구 개봉동,서울특별시 구로구 개봉로17길 25 (개봉동),근린생활1,제1종근린생활시설,1018120446,지번
1153010700104070015,서울특별시 구로구 개봉동,서울특별시 구로구 개봉로20길 66 (개봉동),근린생활1,제1종근린생활시설,101816536,지번
1153010700103300012,서울특별시 구로구 개봉동,서울특별시 구로구 개봉로15길 22 (개봉동),근린생활2,제2종근린생활시설,1018113840,지번
1153010700102550037,서울특별시 구로구 개봉동,서울특별시 구로구 개봉로2길 133-25 (개봉동),근린생활1,제1종근린생활시설,1018115645,지번
1153010700104070018,서울특별시 구로구 개봉동,서울특별시 구로구 개봉로20길 78 (개봉동),근린생활1,제1종근린생활시설,1018115920,지번
1153010200107310007,서울특별시 구로구 구로동,서울특별시 구로구 구로동로 130 (구로동),근린생활1,제1종근린생활시설,1018116149,지번
1153010200107210014,서울특별시 구로구 구로동,서울특별시 구로구 구로동로 107 (구로동),근린생활1,제1종근린생활시설,1018115857,지번
1153010200107150001,서울특별시 구로구 구로동,서울특별시 구로구 구로동로 95 (구로동),근린생활2,제2종근린생활시설,1018115588,지번
1153010700104030171,서울특별시 구로구 개봉동,서울특별시 구로구 개봉로 22 (개봉동),근린생활1,제1종근린생활시설,1018113584,지번
1153010700103650010,서울특별시 구로구 개봉동,서울특별시 구로구 개봉로3가길 44-2 (개봉동),근린생활1,제1종근린생활시설,101814840,지번
1153010700104030187,서울특별시 구로구 개봉동,서울특별시 구로구 개봉로 18 (개봉동),근린생활1,제1종근린생활시설,101815024,지번
1153010700103310043,서울특별시 구로구 개봉동,서울특별시 구로구 개봉로15길 28-19 (개봉동),근린생활2,제2종근린생활시설,101815534,지번
1153010700102610011,서울특별시 구로구 개봉동,서울특별시 구로구 개봉로16길 9 (개봉동),근린생활1,제1종근린생활시설,1018110449,지번
1153010700102620029,서울특별시 구로구 개봉동,서울특별시 구로구 개봉로16길 17 (개봉동),근린생활1,제1종근린생활시설,1018122338,지번
1153010700103400008,서울특별시 구로구 개봉동,서울특별시 구로구 개봉로15길 58-2 (개봉동),근린생활1,제1종근린생활시설,101811151,지번
1153010700103400008,서울특별시 구로구 개봉동,서울특별시 구로구 개봉로15길 58-2 (개봉동),근린생활1,노유자시설,101811152,지번
1153010700104030222,서울특별시 구로구 개봉동,서울특별시 구로구 개봉로20길 14 (개봉동),근린생활2,제2종근린생활시설,1018114266,지번
1153010700104650011,서울특별시 구로구 개봉동,서울특별시 구로구 경인로35길 64 (개봉동),근린생활1,제1종근린생활시설,1018111121,지번
1153010200105050016,서울특별시 구로구 구로동,서울특별시 구로구 구로중앙로31길 26 (구로동),근린생활2,제2종근린생활시설,1018124070,지번
1153010600100980084,서울특별시 구로구 고척동,서울특별시 구로구 경서로3길 1 (고척동),근린생활1,제1종근린생활시설,101819120,지번
1153010200105280001,서울특별시 구로구 구로동,서울특별시 구로구 구로중앙로28길 24 (구로동),근린생활1,제1종근린생활시설,1018111581,지번
1153010700101480001,서울특별시 구로구 개봉동,서울특별시 구로구 경인로35길 49 (개봉동),근린생활2,제2종근린생활시설,1018110517,지번
1153010700101480001,서울특별시 구로구 개봉동,서울특별시 구로구 경인로35길 51 (개봉동),근린생활2,제1종근린생활시설,101817754,지번
1153010200106360001,서울특별시 구로구 구로동,서울특별시 구로구 경인로 518 (구로동),근린생활1,공장,101811284,지번
1153010200106360001,서울특별시 구로구 구로동,서울특별시 구로구 경인로 518 (구로동),근린생활1,공장,101811285,지번
1153010200106360001,서울특별시 구로구 구로동,서울특별시 구로구 경인로 518 (구로동),근린생활1,창고시설,101811286,지번
1153010200106360001,서울특별시 구로구 구로동,서울특별시 구로구 경인로 518 (구로동),근린생활1,창고시설,101811287,지번
1153010200106360001,서울특별시 구로구 구로동,서울특별시 구로구 경인로 518 (구로동),근린생활1,공장,101811288,지번
1153010200106360001,서울특별시 구로구 구로동,서울특별시 구로구 경인로 518 (구로동),근린생활1,창고시설,101811289,지번
1153010200106360001,서울특별시 구로구 구로동,서울특별시 구로구 경인로 518 (구로동),근린생활1,창고시설,101811290,지번
1153010200106360001,서울특별시 구로구 구로동,서울특별시 구로구 경인로 518 (구로동),근린생활1,공장,101811291,지번
1153010200106360001,서울특별시 구로구 구로동,서울특별시 구로구 경인로 518 (구로동),근린생활1,창고시설,101811292,지번
1153010200106360001,서울특별시 구로구 구로동,서울특별시 구로구 경인로 518 (구로동),근린생활1,제1종근린생활시설,101811293,지번
1153010200106360001,서울특별시 구로구 구로동,서울특별시 구로구 경인로 518 (구로동),근린생활1,창고시설,101811294,지번
1153010200100850025,서울특별시 구로구 구로동,서울특별시 구로구 구로중앙로19나길 10 (구로동),근린생활1,제1종근린생활시설,101814601,지번
1153010200104310010,서울특별시 구로구 구로동,서울특별시 구로구 가마산로19길 6-3 (구로동),근린생활2,제2종근린생활시설,1018119477,지번
1153010200105300029,서울특별시 구로구 구로동,,근린생활1,제1종근린생활시설,1018124514,지번
1153010200105290004,서울특별시 구로구 구로동,서울특별시 구로구 구로중앙로28나길 4 (구로동),근린생활2,제2종근린생활시설,1018113954,지번
1153010200104090071,서울특별시 구로구 구로동,서울특별시 구로구 구로동로35가길 7 (구로동),근린생활1,제1종근린생활시설,1018118299,지번
1153010200104370000,서울특별시 구로구 구로동,서울특별시 구로구 가마산로 225 (구로동),근린생활1,제1종근린생활시설,1018112405,지번
1153010200100830009,서울특별시 구로구 구로동,서울특별시 구로구 구로중앙로19길 22 (구로동),근린생활1,제1종근린생활시설,1018122674,지번
1153010200105390010,서울특별시 구로구 구로동,서울특별시 구로구 구로중앙로22길 75 (구로동),근린생활1,제1종근린생활시설,1018114538,지번
1153010700101490020,서울특별시 구로구 개봉동,서울특별시 구로구 경인로35길 38 (개봉동),근린생활1,제1종근린생활시설,101814726,지번
1153010700102020019,서울특별시 구로구 개봉동,서울특별시 구로구 남부순환로97길 20-10 (개봉동),근린생활1,제1종근린생활시설,101815655,지번
1153010600103130009,서울특별시 구로구 고척동,서울특별시 구로구 경인로35길 72 (고척동),근린생활2,제2종근린생활시설,1018124286,지번
1153010200100820003,서울특별시 구로구 구로동,서울특별시 구로구 가마산로22길 8-2 (구로동),근린생활1,제1종근린생활시설,1018122432,지번
1153010200100840001,서울특별시 구로구 구로동,서울특별시 구로구 구로중앙로19길 27 (구로동),근린생활1,제1종근린생활시설,101818334,지번
1153010200104090078,서울특별시 구로구 구로동,서울특별시 구로구 구로동로35가길 5 (구로동),근린생활1,제1종근린생활시설,1018115400,지번
1153010200104960022,서울특별시 구로구 구로동,서울특별시 구로구 구로동로49길 5-1 (구로동),근린생활2,제2종근린생활시설,1018119165,지번
1153010600100720006,서울특별시 구로구 고척동,서울특별시 구로구 경인로 377 (고척동),근린생활1,제1종근린생활시설,1018113498,지번
1153010700101710015,서울특별시 구로구 개봉동,서울특별시 구로구 개봉로23가길 31 (개봉동),근린생활2,제2종근린생활시설,1018124690,지번
1153010700101560005,서울특별시 구로구 개봉동,서울특별시 구로구 경인로 319 (개봉동),근린생활1,제1종근린생활시설,101815747,지번
1153010700103530042,서울특별시 구로구 개봉동,서울특별시 구로구 개봉로 128 (개봉동),근린생활2,제2종근린생활시설,1018114497,지번
1153010700101700040,서울특별시 구로구 개봉동,서울특별시 구로구 경인로 340-1 (개봉동),근린생활2,제2종근린생활시설,1018121109,지번
1153010700104030217,서울특별시 구로구 개봉동,서울특별시 구로구 남부순환로95길 34 (개봉동),근린생활2,제2종근린생활시설,101816520,지번
1153010700101610025,서울특별시 구로구 개봉동,서울특별시 구로구 경인로 322 (개봉동),근린생활1,제1종근린생활시설,1018116867,지번
1153010700101820001,서울특별시 구로구 개봉동,서울특별시 구로구 개봉로23가길 70 (개봉동),근린생활2,제2종근린생활시설,10181100187644,지번
1153010700103530031,서울특별시 구로구 개봉동,서울특별시 구로구 개봉로23길 46 (개봉동),근린생활1,제1종근린생활시설,1018111724,지번
1153010700103530028,서울특별시 구로구 개봉동,서울특별시 구로구 개봉로 125 (개봉동),근린생활1,제1종근린생활시설,101817724,지번
1153010800101590002,서울특별시 구로구 오류동,서울특별시 구로구 오류로 71 (오류동),근린생활1,제1종근린생활시설,1018110427,지번
1153010700101410081,서울특별시 구로구 개봉동,서울특별시 구로구 경인로35길 63 (개봉동),근린생활2,제2종근린생활시설,1018113700,지번
1153010600100760271,서울특별시 구로구 고척동,서울특별시 구로구 중앙로1길 18-10 (고척동),근린생활2,제2종근린생활시설,10181100184340,지번
1153010600100720005,서울특별시 구로구 고척동,서울특별시 구로구 경인로43길 9 (고척동),근린생활1,제1종근린생활시설,101816366,지번
1153010700101810005,서울특별시 구로구 개봉동,서울특별시 구로구 경인로40길 41 (개봉동),근린생활2,제2종근린생활시설,101819542,지번
1153010200104950009,서울특별시 구로구 구로동,서울특별시 구로구 구로중앙로 135-3 (구로동),근린생활1,제1종근린생활시설,1018119433,지번
1153010200105390001,서울특별시 구로구 구로동,서울특별시 구로구 구로중앙로22길 80 (구로동),근린생활1,제1종근린생활시설,101817383,지번
1153010700102030013,서울특별시 구로구 개봉동,서울특별시 구로구 남부순환로95길 8-5 (개봉동),근린생활1,제1종근린생활시설,1018115226,지번
1153010700102030012,서울특별시 구로구 개봉동,서울특별시 구로구 남부순환로95길 8-9 (개봉동),근린생활2,제2종근린생활시설,1018110267,지번
1153010700103530001,서울특별시 구로구 개봉동,서울특별시 구로구 경인로 330 (개봉동),근린생활2,제2종근린생활시설,1018115872,지번
1153010200105160006,서울특별시 구로구 구로동,서울특별시 구로구 구로중앙로 112 (구로동),근린생활1,제1종근린생활시설,101816206,지번
1153010200105050017,서울특별시 구로구 구로동,서울특별시 구로구 구로중앙로31길 30 (구로동),근린생활2,제2종근린생활시설,101815740,지번
1153010700101460005,서울특별시 구로구 개봉동,서울특별시 구로구 경인로 315 (개봉동),근린생활1,제1종근린생활시설,1018120076,지번
1153010200101120016,서울특별시 구로구 구로동,서울특별시 구로구 공원로7길 41-29 (구로동),근린생활1,제1종근린생활시설,101817989,지번
1153010600100940008,서울특별시 구로구 고척동,서울특별시 구로구 경서로 6 (고척동),판매시설,판매시설,1018117526,지번
1153010800100560049,서울특별시 구로구 오류동,서울특별시 구로구 경인로22길 48-1 (오류동),근린생활1,제1종근린생활시설,10181100235753,지번
1153010700101540109,서울특별시 구로구 개봉동,서울특별시 구로구 경인로35길 28 (개봉동),근린생활1,제1종근린생활시설,101816332,지번
1153010200105300060,서울특별시 구로구 구로동,서울특별시 구로구 구로중앙로28길 3 (구로동),근린생활1,제1종근린생활시설,1018120183,지번
1153010200105000010,서울특별시 구로구 구로동,서울특별시 구로구 구로중앙로31길 6 (구로동),근린생활1,제1종근린생활시설,1018115455,지번
1153010200105060001,서울특별시 구로구 구로동,서울특별시 구로구 구로중앙로31길 38 (구로동),근린생활2,제2종근린생활시설,1018113394,지번
1153010600100690034,서울특별시 구로구 고척동,서울특별시 구로구 경인로 398 (고척동),근린생활2,제2종근린생활시설,101813046,지번
1153010600100690034,서울특별시 구로구 고척동,서울특별시 구로구 경인로 398 (고척동),근린생활2,제2종근린생활시설,101813047,지번
1153010700101530121,서울특별시 구로구 개봉동,서울특별시 구로구 경서로1길 5 (개봉동),근린생활1,제1종근린생활시설,1018111750,지번
1153010700103530004,서울특별시 구로구 개봉동,서울특별시 구로구 개봉로 124 (개봉동),근린생활1,제1종근린생활시설,1018116262,지번
1153010700101460024,서울특별시 구로구 개봉동,서울특별시 구로구 경인로 313 (개봉동),근린생활1,제1종근린생활시설,1018123410,지번
1153010600100720015,서울특별시 구로구 고척동,서울특별시 구로구 경인로43길 11 (고척동),근린생활1,제1종근린생활시설,1018117159,지번
1153010700101700030,서울특별시 구로구 개봉동,서울특별시 구로구 경인로38길 13 (개봉동),근린생활1,제1종근린생활시설,101814319,지번
1153010700101700030,서울특별시 구로구 개봉동,서울특별시 구로구 경인로38길 13 (개봉동),근린생활1,공동주택,101814320,지번
1153010700101700038,서울특별시 구로구 개봉동,서울특별시 구로구 경인로 338 (개봉동),근린생활2,제2종근린생활시설,101814979,지번
1153010200105190020,서울특별시 구로구 구로동,서울특별시 구로구 구로중앙로32가길 10-2 (구로동),근린생활2,제2종근린생활시설,10181100183213,지번
1153010200104960118,서울특별시 구로구 구로동,서울특별시 구로구 구로동로 229 (구로동),근린생활1,제1종근린생활시설,1018110224,지번
1153010700101700053,서울특별시 구로구 개봉동,서울특별시 구로구 개봉로24길 42 (개봉동),근린생활1,제1종근린생활시설,1018111023,지번
1153010700101610018,서울특별시 구로구 개봉동,서울특별시 구로구 경인로 320 (개봉동),근린생활1,제1종근린생활시설,101815229,지번
1153010700103530034,서울특별시 구로구 개봉동,서울특별시 구로구 개봉로23가길 2 (개봉동),근린생활2,제2종근린생활시설,101816759,지번
1153010800100310305,서울특별시 구로구 오류동,서울특별시 구로구 고척로18길 83 (오류동),근린생활2,제2종근린생활시설,10181100252867,지번
1153010200107370005,서울특별시 구로구 구로동,서울특별시 구로구 구로동로18길 10 (구로동),근린생활1,제1종근린생활시설,1018113048,지번
1153010200105000017,서울특별시 구로구 구로동,서울특별시 구로구 구로중앙로31길 2 (구로동),근린생활1,제1종근린생활시설,1018119618,지번
1153010200104940016,서울특별시 구로구 구로동,서울특별시 구로구 구로중앙로31길 2-6 (구로동),근린생활1,제1종근린생활시설,101815015,지번
1153010200105280007,서울특별시 구로구 구로동,서울특별시 구로구 구로중앙로28길 31 (구로동),근린생활2,제2종근린생활시설,101818354,지번
1153010700101610038,서울특별시 구로구 개봉동,서울특별시 구로구 개봉로24길 8 (개봉동),근린생활1,제1종근린생활시설,101818518,지번
1153010700103530014,서울특별시 구로구 개봉동,서울특별시 구로구 경인로 324 (개봉동),근린생활2,제2종근린생활시설,1018119329,지번
1153010700103530027,서울특별시 구로구 개봉동,서울특별시 구로구 개봉로 127 (개봉동),근린생활2,제2종근린생활시설,101818207,지번
1153010200106850155,서울특별시 구로구 구로동,서울특별시 구로구 구일로8길 56 (구로동),근린생활1,제1종근린생활시설,1018124468,지번
1153010700101440012,서울특별시 구로구 개봉동,서울특별시 구로구 경인로 304 (개봉동),근린생활2,제2종근린생활시설,1018115064,지번
1153010700101460013,서울특별시 구로구 개봉동,서울특별시 구로구 경인로 312 (개봉동),근린생활1,제1종근린생활시설,1018116426,지번
1153010700101530083,서울특별시 구로구 개봉동,서울특별시 구로구 경서로1길 34 (개봉동),근린생활2,제2종근린생활시설,1018121982,지번
1153010200105160004,서울특별시 구로구 구로동,서울특별시 구로구 구로중앙로 116 (구로동),근린생활2,제2종근린생활시설,1018121343,지번
1153010200104940020,서울특별시 구로구 구로동,서울특별시 구로구 구로동로50길 10 (구로동),근린생활1,제1종근린생활시설,101814785,지번
1153010600100970033,서울특별시 구로구 고척동,서울특별시 구로구 경서로 15 (고척동),근린생활1,제1종근린생활시설,1018117243,지번
1153010700104640009,서울특별시 구로구 개봉동,서울특별시 구로구 경인로35길 56 (개봉동),근린생활2,제2종근린생활시설,1018115143,지번
1153010700104650010,서울특별시 구로구 개봉동,서울특별시 구로구 경인로35길 62 (개봉동),근린생활1,제1종근린생활시설,1018115862,지번
1153010700104150000,서울특별시 구로구 개봉동,서울특별시 구로구 경인로40길 47 (개봉동),판매영업,판매및영업시설,10181100184759,지번
1153010700104170013,서울특별시 구로구 개봉동,서울특별시 구로구 개봉로23가길 101 (개봉동),근린생활1,제1종근린생활시설,101818990,지번
1153010200101060008,서울특별시 구로구 구로동,서울특별시 구로구 가마산로27길 14 (구로동),근린생활1,제1종근린생활시설,101816800,지번
1153010700103530026,서울특별시 구로구 개봉동,서울특별시 구로구 개봉로 123 (개봉동),근린생활1,제1종근린생활시설,1018118362,지번
1153010700101700039,서울특별시 구로구 개봉동,서울특별시 구로구 경인로 340 (개봉동),근린생활2,제2종근린생활시설,1018110185,지번
1153010200105050020,서울특별시 구로구 구로동,서울특별시 구로구 구로동로42길 60-24 (구로동),근린생활1,제1종근린생활시설,1018111816,지번
1153010600100760028,서울특별시 구로구 고척동,서울특별시 구로구 중앙로 9 (고척동),근린생활2,제2종근린생활시설,10181100204758,지번
1153010200105370060,서울특별시 구로구 구로동,서울특별시 구로구 구로중앙로22길 71 (구로동),근린생활1,제1종근린생활시설,1018110184,지번
1153010200105300026,서울특별시 구로구 구로동,서울특별시 구로구 구로중앙로28길 8 (구로동),근린생활1,제1종근린생활시설,1018122477,지번
1153010200101120041,서울특별시 구로구 구로동,서울특별시 구로구 구로중앙로28길 35-2 (구로동),근린생활2,제2종근린생활시설,1018123420,지번
1153010200101200000,서울특별시 구로구 구로동,서울특별시 구로구 도림천로 344 (구로동),판매시설,판매시설,1018122576,지번
1153010200104870026,서울특별시 구로구 구로동,서울특별시 구로구 구로동로42길 5 (구로동),근린생활2,제2종근린생활시설,1018122742,지번
1153010200104660314,서울특별시 구로구 구로동,서울특별시 구로구 구로동로35가길 25 (구로동),근린생활1,제1종근린생활시설,101816127,지번
1153010200101040011,서울특별시 구로구 구로동,서울특별시 구로구 가마산로 277 (구로동),판매시설,판매시설,1018121028,지번
1153010200104420178,서울특별시 구로구 구로동,서울특별시 구로구 구로중앙로 82-1 (구로동),근린생활1,제1종근린생활시설,101815780,지번
1153010200104160022,서울특별시 구로구 구로동,서울특별시 구로구 구로동로 174-8 (구로동),근린생활1,제1종근린생활시설,1018115470,지번
1153010200107370004,서울특별시 구로구 구로동,서울특별시 구로구 구로동로 106-1 (구로동),근린생활1,제1종근린생활시설,101811051,지번
1153010200107370004,서울특별시 구로구 구로동,서울특별시 구로구 구로동로 106-1 (구로동),근린생활1,단독주택,101811052,지번
1153010200105070006,서울특별시 구로구 구로동,서울특별시 구로구 구로동로42길 56 (구로동),근린생활2,제2종근린생활시설,1018113018,지번
1153010200104860017,서울특별시 구로구 구로동,서울특별시 구로구 구로동로 214-21 (구로동),근린생활2,제2종근린생활시설,1018112723,지번
1153010200107300100,서울특별시 구로구 구로동,서울특별시 구로구 구로동로28길 26 (구로동),근린생활1,제1종근린생활시설,1018110411,지번
1153010200104870076,서울특별시 구로구 구로동,서울특별시 구로구 구로동로42길 13 (구로동),근린생활1,제1종근린생활시설,1018124030,지번
1153010200105130040,서울특별시 구로구 구로동,서울특별시 구로구 구로중앙로 103 (구로동),근린생활2,제2종근린생활시설,1018119993,지번
1153010200105400008,서울특별시 구로구 구로동,서울특별시 구로구 구로중앙로22길 85-4 (구로동),근린생활1,제1종근린생활시설,1018110143,지번
1153010200104610004,서울특별시 구로구 구로동,서울특별시 구로구 구로동로 189 (구로동),근린생활1,제1종근린생활시설,1018110525,지번
1153010200105310004,서울특별시 구로구 구로동,서울특별시 구로구 구로중앙로26길 24 (구로동),근린생활2,제2종근린생활시설,1018114330,지번
1153010700101750016,서울특별시 구로구 개봉동,서울특별시 구로구 경인로 364 (개봉동),근린생활2,제2종근린생활시설,1018123565,지번
1153010200100830008,서울특별시 구로구 구로동,서울특별시 구로구 구로중앙로19길 20 (구로동),근린생활1,제1종근린생활시설,101818651,지번
1153010200104420076,서울특별시 구로구 구로동,서울특별시 구로구 구로중앙로 86 (구로동),근린생활1,제1종근린생활시설,1018117853,지번
1153010200105060004,서울특별시 구로구 구로동,서울특별시 구로구 구로중앙로27길 28-37 (구로동),근린생활1,제1종근린생활시설,1018114026,지번
1153010200105130019,서울특별시 구로구 구로동,서울특별시 구로구 구로중앙로25길 10 (구로동),근린생활1,제1종근린생활시설,1018112950,지번
1153010200104860007,서울특별시 구로구 구로동,서울특별시 구로구 구로동로 218 (구로동),근린생활2,제2종근린생활시설,1018113924,지번
1153010700102020013,서울특별시 구로구 개봉동,서울특별시 구로구 남부순환로97길 20-1 (개봉동),근린생활2,제2종근린생활시설,1018115303,지번
1153010700102030016,서울특별시 구로구 개봉동,서울특별시 구로구 남부순환로95길 8-10 (개봉동),근린생활2,제2종근린생활시설,1018115670,지번
1153010700102030015,서울특별시 구로구 개봉동,서울특별시 구로구 남부순환로95길 10 (개봉동),근린생활1,제1종근린생활시설,1018122375,지번
1153010200104420209,서울특별시 구로구 구로동,서울특별시 구로구 구로중앙로22길 7 (구로동),근린생활1,제1종근린생활시설,1018122929,지번
1153010200100830007,서울특별시 구로구 구로동,서울특별시 구로구 구로중앙로19길 16 (구로동),근린생활1,제1종근린생활시설,1018124378,지번
1153010200104540025,서울특별시 구로구 구로동,서울특별시 구로구 구로동로42길 28 (구로동),근린생활1,제1종근린생활시설,1018115366,지번
1153010200104470007,서울특별시 구로구 구로동,서울특별시 구로구 구로동로38길 32 (구로동),근린생활1,제1종근린생활시설,1018111513,지번
1153010200104860030,서울특별시 구로구 구로동,서울특별시 구로구 구로동로 212 (구로동),근린생활2,제2종근린생활시설,1018119241,지번
1153010200104860028,서울특별시 구로구 구로동,서울특별시 구로구 구로동로 214 (구로동),근린생활1,제1종근린생활시설,101818786,지번
1153010200104610005,서울특별시 구로구 구로동,서울특별시 구로구 구로동로 179 (구로동),근린생활2,제2종근린생활시설,101815252,지번
1153010200104540023,서울특별시 구로구 구로동,서울특별시 구로구 구로동로42길 12 (구로동),근린생활1,제1종근린생활시설,1018122154,지번
1153010200101040005,서울특별시 구로구 구로동,서울특별시 구로구 가마산로27길 11-9 (구로동),근린생활1,제1종근린생활시설,1018119817,지번
1153010200106850147,서울특별시 구로구 구로동,서울특별시 구로구 구일로10길 53 (구로동),판매시설,공동주택,101811761,지번
1153010200106850147,서울특별시 구로구 구로동,서울특별시 구로구 구일로10길 53 (구로동),판매시설,판매시설,101811762,지번
1153010200106850147,서울특별시 구로구 구로동,서울특별시 구로구 구일로10길 53 (구로동),판매시설,공동주택,101811763,지번
1153010200106420046,서울특별시 구로구 구로동,서울특별시 구로구 구일로 154-17 (구로동),근린생활1,제1종근린생활시설,101811743,지번
1153010200106420046,서울특별시 구로구 구로동,서울특별시 구로구 구일로 154-17 (구로동),근린생활1,공동주택,101811744,지번
1153010200106420046,서울특별시 구로구 구로동,서울특별시 구로구 구일로 154-17 (구로동),근린생활1,공동주택,101811745,지번
1153010200106420046,서울특별시 구로구 구로동,서울특별시 구로구 구일로 154-17 (구로동),근린생활1,공동주택,101811746,지번
1153010700101710010,서울특별시 구로구 개봉동,서울특별시 구로구 개봉로24길 43-4 (개봉동),근린생활1,제1종근린생활시설,101819622,지번
1153010200108010016,서울특별시 구로구 구로동,서울특별시 구로구 도림로 12-2 (구로동),근린생활2,제2종근린생활시설,1018114972,지번
1153010200100840002,서울특별시 구로구 구로동,서울특별시 구로구 구로중앙로19길 25 (구로동),근린생활1,제1종근린생활시설,1018120606,지번
1153010200100800004,서울특별시 구로구 구로동,서울특별시 구로구 가마산로 222 (구로동),근린생활1,제1종근린생활시설,1018113920,지번
1153010200100840015,서울특별시 구로구 구로동,서울특별시 구로구 가마산로22길 11 (구로동),근린생활1,제1종근린생활시설,1018114603,지번
1153010200105030024,서울특별시 구로구 구로동,서울특별시 구로구 구로동로42길 60-3 (구로동),근린생활2,제2종근린생활시설,1018114245,지번
1153010200106850140,서울특별시 구로구 구로동,서울특별시 구로구 구일로10길 93 (구로동),판매시설,판매시설,101819098,지번
1153010200100850001,서울특별시 구로구 구로동,서울특별시 구로구 구로중앙로19길 17 (구로동),근린생활1,제1종근린생활시설,101818180,지번
1153010200106850154,서울특별시 구로구 구로동,서울특별시 구로구 구일로10길 49 (구로동),근린생활2,제2종근린생활시설,1018111418,지번
1153010700101700043,서울특별시 구로구 개봉동,서울특별시 구로구 경인로38길 20 (개봉동),근린생활2,제2종근린생활시설,1018115735,지번
1153010700101440005,서울특별시 구로구 개봉동,서울특별시 구로구 경인로 310 (개봉동),근린생활1,공장,1000000000000006663433,지번
1153010200104660045,서울특별시 구로구 구로동,서울특별시 구로구 구로동로41길 36 (구로동),근린생활1,제1종근린생활시설,1018116192,지번
1153010200104870064,서울특별시 구로구 구로동,서울특별시 구로구 구로동로 208 (구로동),근린생활2,제2종근린생활시설,1018118294,지번
1153010200100740030,서울특별시 구로구 구로동,서울특별시 구로구 구로중앙로18길 68 (구로동),근린생활,공동주택,101811509,지번
1153010200100740030,서울특별시 구로구 구로동,서울특별시 구로구 구로중앙로18길 68 (구로동),근린생활,공동주택,101811510,지번
1153010200100740030,서울특별시 구로구 구로동,서울특별시 구로구 구로중앙로18길 68 (구로동),근린생활,공동주택,101811511,지번
1153010200100740030,서울특별시 구로구 구로동,서울특별시 구로구 구로중앙로18길 68 (구로동),근린생활,근린생활시설,101811512,지번
1153010200106420030,서울특별시 구로구 구로동,서울특별시 구로구 구일로8길 131 (구로동),근린생활1,제1종근린생활시설,1018120587,지번
1153010600102530064,서울특별시 구로구 고척동,서울특별시 구로구 고척로33길 20 (고척동),근린생활1,제1종근린생활시설,1018110502,지번
1153010200105050010,서울특별시 구로구 구로동,서울특별시 구로구 구로동로42길 58 (구로동),근린생활2,제2종근린생활시설,1018110201,지번
1153010800101820017,서울특별시 구로구 오류동,서울특별시 구로구 오리로 1160 (오류동),근린생활2,제2종근린생활시설,10181100205580,지번
1153010700100680175,서울특별시 구로구 개봉동,서울특별시 구로구 고척로22길 20 (개봉동),근린생활1,제1종근린생활시설,1018110811,지번
1153010200104910049,서울특별시 구로구 구로동,서울특별시 구로구 구로동로42길 59-1 (구로동),근린생활2,제2종근린생활시설,1018113814,지번
1153010200104920005,서울특별시 구로구 구로동,서울특별시 구로구 구로동로42길 69 (구로동),근린생활1,제1종근린생활시설,1018119445,지번
1153010200104430051,서울특별시 구로구 구로동,서울특별시 구로구 구로중앙로25길 28 (구로동),근린생활1,제1종근린생활시설,101818183,지번
1153010200104200042,서울특별시 구로구 구로동,서울특별시 구로구 구로동로38길 5 (구로동),근린생활2,제2종근린생활시설,1018112651,지번
1153010200100840003,서울특별시 구로구 구로동,서울특별시 구로구 구로중앙로19길 23 (구로동),근린생활1,제1종근린생활시설,101815063,지번
1153010200105050026,서울특별시 구로구 구로동,서울특별시 구로구 구로동로42길 60-4 (구로동),근린생활1,제1종근린생활시설,101819144,지번
1153010200100830010,서울특별시 구로구 구로동,서울특별시 구로구 구로중앙로19길 24 (구로동),근린생활1,제1종근린생활시설,1018124793,지번
1153010200104860010,서울특별시 구로구 구로동,서울특별시 구로구 구로동로 216 (구로동),근린생활1,제1종근린생활시설,1018111962,지번
1153010200107910058,서울특별시 구로구 구로동,서울특별시 구로구 도림로10길 23 (구로동),근린생활1,제1종근린생활시설,1018118950,지번
1153010200108080021,서울특별시 구로구 구로동,서울특별시 구로구 구로동로 79-1 (구로동),근린생활2,제2종근린생활시설,1018117029,지번
1153010200100950001,서울특별시 구로구 구로동,서울특별시 구로구 구로중앙로18길 60 (구로동),근린생활1,제1종근린생활시설,1018112196,지번
1153010200100860003,서울특별시 구로구 구로동,서울특별시 구로구 구로중앙로 55 (구로동),근린생활2,제2종근린생활시설,101816044,지번
1153010200104090055,서울특별시 구로구 구로동,서울특별시 구로구 구로동로35가길 14 (구로동),근린생활1,제1종근린생활시설,1018114733,지번
1153010200104870028,서울특별시 구로구 구로동,서울특별시 구로구 구로동로 210 (구로동),근린생활1,제1종근린생활시설,1018114959,지번
1153010200104540000,서울특별시 구로구 구로동,서울특별시 구로구 구로동로42길 30-5 (구로동),근린생활2,제2종근린생활시설,1018111511,지번
1153010200104200051,서울특별시 구로구 구로동,서울특별시 구로구 구로동로38길 10 (구로동),근린생활1,제1종근린생활시설,1018120320,지번
1153010700101730003,서울특별시 구로구 개봉동,서울특별시 구로구 개봉로23가길 37 (개봉동),근린생활,근린생활시설,101817988,지번
1153010200104900011,서울특별시 구로구 구로동,서울특별시 구로구 구로동로42길 51 (구로동),근린생활1,제1종근린생활시설,1018123819,지번
1153010200105130045,서울특별시 구로구 구로동,서울특별시 구로구 구로중앙로26길 30 (구로동),근린생활1,제1종근린생활시설,1018120518,지번
1153010200105310003,서울특별시 구로구 구로동,서울특별시 구로구 구로중앙로26길 28-2 (구로동),근린생활2,제2종근린생활시설,1018113650,지번
1153010200104620000,서울특별시 구로구 구로동,서울특별시 구로구 구로동로 197 (구로동),근린생활1,제1종근린생활시설,1018119218,지번
1153010200104510009,서울특별시 구로구 구로동,서울특별시 구로구 구로중앙로27다길 1 (구로동),근린생활1,제1종근린생활시설,1018118719,지번
1153010200104860037,서울특별시 구로구 구로동,서울특별시 구로구 구로동로 209-1 (구로동),근린생활2,제2종근린생활시설,1018115431,지번
1153010200107970081,서울특별시 구로구 구로동,서울특별시 구로구 디지털로27길 102 (구로동),근린생활1,제1종근린생활시설,1018121912,지번
1153010200108010051,서울특별시 구로구 구로동,서울특별시 구로구 도림로 6 (구로동),근린생활2,제2종근린생활시설,101817763,지번
1153010200105300008,서울특별시 구로구 구로동,서울특별시 구로구 구로중앙로28길 6 (구로동),근린생활2,제2종근린생활시설,1018116996,지번
1153010200100800005,서울특별시 구로구 구로동,서울특별시 구로구 가마산로20길 4 (구로동),근린생활1,제1종근린생활시설,101815471,지번
1153010200104200036,서울특별시 구로구 구로동,서울특별시 구로구 구로동로38길 8 (구로동),근린생활1,제1종근린생활시설,101818628,지번
1153010200101040001,서울특별시 구로구 구로동,서울특별시 구로구 가마산로27길 11-23 (구로동),근린생활2,제2종근린생활시설,1018122842,지번
1153010200100860005,서울특별시 구로구 구로동,서울특별시 구로구 구로중앙로 51 (구로동),근린생활1,제1종근린생활시설,1018124587,지번
1153010200107330005,서울특별시 구로구 구로동,서울특별시 구로구 구로동로22길 17-17 (구로동),근린생활1,제1종근린생활시설,1018113935,지번
1153010200105980010,서울특별시 구로구 구로동,서울특별시 구로구 경인로58길 18 (구로동),근린생활1,제1종근린생활시설,1018113878,지번
1153010200105470010,서울특별시 구로구 구로동,서울특별시 구로구 구로중앙로28다길 41 (구로동),근린생활1,제1종근린생활시설,1018113757,지번
1153010200104420083,서울특별시 구로구 구로동,서울특별시 구로구 구로중앙로26길 2 (구로동),근린생활2,제2종근린생활시설,1018123192,지번
1153010200104340007,서울특별시 구로구 구로동,서울특별시 구로구 구로동로38길 40 (구로동),근린생활1,제1종근린생활시설,1018115961,지번
1153010200100860000,서울특별시 구로구 구로동,서울특별시 구로구 구로중앙로19길 5 (구로동),근린생활1,제1종근린생활시설,1018116569,지번
1153010200104870091,서울특별시 구로구 구로동,서울특별시 구로구 구로동로42길 15 (구로동),근린생활1,제1종근린생활시설,1018119451,지번
1153010200100830012,서울특별시 구로구 구로동,서울특별시 구로구 가마산로22길 5 (구로동),근린생활1,제1종근린생활시설,1018116269,지번
1153010200104090054,서울특별시 구로구 구로동,서울특별시 구로구 구로동로35가길 10-3 (구로동),근린생활2,제2종근린생활시설,101817544,지번
1153010200105320013,서울특별시 구로구 구로동,서울특별시 구로구 구로중앙로26가길 30 (구로동),근린생활1,제1종근린생활시설,1018120790,지번
1153010200107290003,서울특별시 구로구 구로동,서울특별시 구로구 구로동로25길 5 (구로동),근린생활1,제1종근린생활시설,1018110825,지번
1153010200104480029,서울특별시 구로구 구로동,서울특별시 구로구 구로중앙로27나길 36 (구로동),근린생활1,제1종근린생활시설,1018110215,지번
1153010200100830002,서울특별시 구로구 구로동,서울특별시 구로구 가마산로 244 (구로동),근린생활1,제1종근린생활시설,101816080,지번
1153010200100980017,서울특별시 구로구 구로동,서울특별시 구로구 구로중앙로 58 (구로동),근린생활1,제1종근린생활시설,1018114714,지번
1153010200105970035,서울특별시 구로구 구로동,서울특별시 구로구 경인로 544-6 (구로동),근린생활1,제1종근린생활시설,1018110749,지번
1153010200104370001,서울특별시 구로구 구로동,서울특별시 구로구 가마산로 229 (구로동),근린생활1,제1종근린생활시설,1018115740,지번
1153010200104430080,서울특별시 구로구 구로동,서울특별시 구로구 구로중앙로25길 20-2 (구로동),근린생활1,제1종근린생활시설,1018119288,지번
1153010200105050022,서울특별시 구로구 구로동,서울특별시 구로구 구로동로42길 60-22 (구로동),근린생활1,제1종근린생활시설,1018114890,지번
1153010200105050013,서울특별시 구로구 구로동,서울특별시 구로구 구로동로42길 60 (구로동),근린생활1,제1종근린생활시설,101818158,지번
1153010200104200004,서울특별시 구로구 구로동,서울특별시 구로구 구로동로 184 (구로동),근린생활1,제1종근린생활시설,1018115887,지번
1153010200104170003,서울특별시 구로구 구로동,서울특별시 구로구 구로동로 174-3 (구로동),근린생활2,제2종근린생활시설,1018113261,지번
1153010200101000003,서울특별시 구로구 구로동,서울특별시 구로구 가마산로23길 19 (구로동),근린생활1,제1종근린생활시설,1018124811,지번
1153010200104910055,서울특별시 구로구 구로동,서울특별시 구로구 구로동로 222 (구로동),근린생활2,제2종근린생활시설,10181100182373,지번
1153010200105030025,서울특별시 구로구 구로동,서울특별시 구로구 구로동로42길 68 (구로동),근린생활1,제1종근린생활시설,1018112160,지번
1153010200104420046,서울특별시 구로구 구로동,서울특별시 구로구 구로중앙로26가길 8 (구로동),근린생활2,제2종근린생활시설,1018113324,지번
1153010200105130034,서울특별시 구로구 구로동,서울특별시 구로구 구로중앙로27가길 23 (구로동),근린생활1,제1종근린생활시설,1018112466,지번
1153010800100060049,서울특별시 구로구 오류동,서울특별시 구로구 고척로 17 (오류동),근린생활1,제1종근린생활시설,1018110746,지번
1153010900102040000,서울특별시 구로구 궁동,서울특별시 구로구 부일로15가길 7 (궁동),근린생활2,제2종근린생활시설,10181100189645,지번
1153010900102810002,서울특별시 구로구 궁동,서울특별시 구로구 부일로17길 131 (궁동),근린생활1,제1종근린생활시설,1018116815,지번
1153010900102800009,서울특별시 구로구 궁동,서울특별시 구로구 부일로11길 110 (궁동),근린생활2,제2종근린생활시설,1018118628,지번
1153010600102410000,서울특별시 구로구 고척동,서울특별시 구로구 고척로27바길 37-12 (고척동),근린생활2,제2종근린생활시설,10181100240773,지번
1153010800100270046,서울특별시 구로구 오류동,서울특별시 구로구 경인로25길 34 (오류동),근린생활1,제1종근린생활시설,1018118962,지번
1153010800100230015,서울특별시 구로구 오류동,서울특별시 구로구 경인로19길 36 (오류동),근린생활2,제2종근린생활시설,1018123694,지번
1153010800101370006,서울특별시 구로구 오류동,서울특별시 구로구 오류로8길 63 (오류동),근린생활1,제1종근린생활시설,1018116507,지번
1153010800101350026,서울특별시 구로구 오류동,서울특별시 구로구 서해안로 2332-1 (오류동),근린생활2,제2종근린생활시설,1018111378,지번
1153010800101350073,서울특별시 구로구 오류동,서울특별시 구로구 서해안로 2338 (오류동),근린생활1,제1종근린생활시설,1018110986,지번
1153010800101560029,서울특별시 구로구 오류동,서울특별시 구로구 오류로 64 (오류동),근린생활1,제1종근린생활시설,1018121330,지번
1153010900101710001,서울특별시 구로구 궁동,서울특별시 구로구 부일로11길 59 (궁동),근린생활1,공동주택,101811949,지번
1153010900101710001,서울특별시 구로구 궁동,서울특별시 구로구 부일로11길 59 (궁동),근린생활1,제1종근린생활시설,101811950,지번
1153010900101710001,서울특별시 구로구 궁동,서울특별시 구로구 부일로11길 51 (궁동),근린생활1,공동주택,101811951,지번
1153010900101710001,서울특별시 구로구 궁동,서울특별시 구로구 부일로11길 59 (궁동),근린생활1,공동주택,101811952,지번
1153010900101710001,서울특별시 구로구 궁동,서울특별시 구로구 부일로11길 52 (궁동),근린생활1,공동주택,101811953,지번
1153010900101710001,서울특별시 구로구 궁동,서울특별시 구로구 부일로11길 64 (궁동),근린생활1,공동주택,101811954,지번
1153010900101900119,서울특별시 구로구 궁동,서울특별시 구로구 부일로15길 50 (궁동),근린생활1,제1종근린생활시설,101817619,지번
1153010900101890042,서울특별시 구로구 궁동,서울특별시 구로구 부일로15길 36-2 (궁동),근린생활1,제1종근린생활시설,101819142,지번
1153010800100810059,서울특별시 구로구 오류동,서울특별시 구로구 경인로15길 29 (오류동),근린생활1,제1종근린생활시설,1018122635,지번
1153010900102830005,서울특별시 구로구 궁동,서울특별시 구로구 오리로 1293 (궁동),근린생활1,제1종근린생활시설,1018122045,지번
1153011000100410002,서울특별시 구로구 온수동,서울특별시 구로구 경인로 37 (온수동),근린생활1,제1종근린생활시설,1000000000000000073535,지번
1153011000100410002,서울특별시 구로구 온수동,서울특별시 구로구 경인로 37 (온수동),근린생활1,업무시설,1000000000000003929460,지번
1153010900102840013,서울특별시 구로구 궁동,서울특별시 구로구 오리로17길 35 (궁동),근린생활1,제1종근린생활시설,10181100182473,지번
1153010800100060103,서울특별시 구로구 오류동,서울특별시 구로구 경인로15길 48 (오류동),근린생활1,제1종근린생활시설,101819721,지번
1153010900102780002,서울특별시 구로구 궁동,서울특별시 구로구 오리로 1309 (궁동),근린생활1,제1종근린생활시설,1018119829,지번
1153010900102130042,서울특별시 구로구 궁동,서울특별시 구로구 오리로15길 32 (궁동),근린생활1,제1종근린생활시설,1018117610,지번
1153010900102780003,서울특별시 구로구 궁동,서울특별시 구로구 오리로 1307-1 (궁동),근린생활2,제2종근린생활시설,1018121192,지번
1153010800101590003,서울특별시 구로구 오류동,서울특별시 구로구 오류로 73 (오류동),근린생활1,제1종근린생활시설,1018118792,지번
1153010800101500025,서울특별시 구로구 오류동,서울특별시 구로구 오류로8라길 20-4 (오류동),근린생활1,제1종근린생활시설,101819784,지번
1153010800100810039,서울특별시 구로구 오류동,서울특별시 구로구 경인로11길 14-2 (오류동),근린생활1,제1종근린생활시설,1018111041,지번
1153010900102070024,서울특별시 구로구 궁동,서울특별시 구로구 부일로15길 25-5 (궁동),근린생활2,제2종근린생활시설,101818987,지번
1153010900102110013,서울특별시 구로구 궁동,서울특별시 구로구 부일로11길 43 (궁동),근린생활2,제2종근린생활시설,1018119987,지번
1153010900101990006,서울특별시 구로구 궁동,서울특별시 구로구 부일로 965 (궁동),근린생활1,제1종근린생활시설,101817253,지번
1153010900101880010,서울특별시 구로구 궁동,서울특별시 구로구 부일로15길 26 (궁동),근린생활2,제2종근린생활시설,1018110586,지번
1153010800101450027,서울특별시 구로구 오류동,서울특별시 구로구 오류로8길 104 (오류동),근린생활1,제1종근린생활시설,1018112590,지번
1153010900101970031,서울특별시 구로구 궁동,서울특별시 구로구 경인로9길 4 (궁동),근린생활2,제2종근린생활시설,1018112270,지번
1153010900101570004,서울특별시 구로구 궁동,서울특별시 구로구 부일로17길 146 (궁동),근린생활2,제2종근린생활시설,10181100182170,지번
1153010800100810030,서울특별시 구로구 오류동,서울특별시 구로구 경인로 159 (오류동),근린생활1,제1종근린생활시설,101817348,지번
1153010900101870010,서울특별시 구로구 궁동,서울특별시 구로구 부일로17길 73 (궁동),근린생활1,제1종근린생활시설,1018117245,지번
1153010900102540003,서울특별시 구로구 궁동,서울특별시 구로구 부일로15길 44 (궁동),근린생활1,제1종근린생활시설,101818195,지번
1153010800100060007,서울특별시 구로구 오류동,서울특별시 구로구 고척로 2 (오류동),근린생활2,제2종근린생활시설,1018120352,지번
1153010800100810006,서울특별시 구로구 오류동,서울특별시 구로구 경인로15길 7 (오류동),근린생활2,제2종근린생활시설,101818632,지번
1153010900102790008,서울특별시 구로구 궁동,서울특별시 구로구 오리로 1304 (궁동),근린생활2,제2종근린생활시설,101815649,지번
1153010800101500015,서울특별시 구로구 오류동,서울특별시 구로구 오류로8라길 44 (오류동),근린생활2,제2종근린생활시설,1018118306,지번
1153010800101470089,서울특별시 구로구 오류동,서울특별시 구로구 오류로8길 90 (오류동),근린생활2,제2종근린생활시설,1018123296,지번
1153010900101400003,서울특별시 구로구 궁동,서울특별시 구로구 부일로17길 158-3 (궁동),근린생활1,제1종근린생활시설,1018121560,지번
1153010800100810142,서울특별시 구로구 오류동,서울특별시 구로구 경인로13길 5 (오류동),근린생활1,제1종근린생활시설,101819324,지번
1153010800100060032,서울특별시 구로구 오류동,서울특별시 구로구 고척로3길 14 (오류동),근린생활1,제1종근린생활시설,101818962,지번
1153010800100090032,서울특별시 구로구 오류동,서울특별시 구로구 고척로 9 (오류동),근린생활1,제1종근린생활시설,1018114078,지번
1153010900102120010,서울특별시 구로구 궁동,서울특별시 구로구 오리로 1270 (궁동),근린생활1,제1종근린생활시설,1018114222,지번
1153010800100810020,서울특별시 구로구 오류동,서울특별시 구로구 경인로11길 18 (오류동),근린생활2,제2종근린생활시설,1018110043,지번
1153010900101890023,서울특별시 구로구 궁동,서울특별시 구로구 부일로 967 (궁동),근린생활1,제1종근린생활시설,101814547,지번
1153010800100230036,서울특별시 구로구 오류동,서울특별시 구로구 경인로19길 12 (오류동),근린생활1,제1종근린생활시설,1018117289,지번
1153010800100090177,서울특별시 구로구 오류동,서울특별시 구로구 고척로 11 (오류동),근린생활1,제1종근린생활시설,101818824,지번
1153010800100550050,서울특별시 구로구 오류동,서울특별시 구로구 경인로 216 (오류동),근린생활2,제2종근린생활시설,1018123761,지번
1153010800101500042,서울특별시 구로구 오류동,서울특별시 구로구 오류로8라길 20-8 (오류동),근린생활1,단독주택,101811550,지번
1153010800101500042,서울특별시 구로구 오류동,서울특별시 구로구 오류로8라길 20-8 (오류동),근린생활1,단독주택,101811551,지번
1153010800101500042,서울특별시 구로구 오류동,서울특별시 구로구 오류로8라길 20-8 (오류동),근린생활1,단독주택,101811552,지번
1153010800101500042,서울특별시 구로구 오류동,서울특별시 구로구 오류로8라길 20-8 (오류동),근린생활1,단독주택,101811553,지번
1153010800101500042,서울특별시 구로구 오류동,서울특별시 구로구 오류로8라길 20-8 (오류동),근린생활1,제1종근린생활시설,101813185,지번
1153010800101500042,서울특별시 구로구 오류동,서울특별시 구로구 오류로8라길 20-8 (오류동),근린생활1,공동주택,101813186,지번
1153010800101500042,서울특별시 구로구 오류동,서울특별시 구로구 오류로8라길 20-8 (오류동),근린생활1,공동주택,101813187,지번
1153010800101500042,서울특별시 구로구 오류동,서울특별시 구로구 오류로8라길 20-8 (오류동),근린생활1,공동주택,101813188,지번
1153010800101500042,서울특별시 구로구 오류동,서울특별시 구로구 오류로8라길 20-8 (오류동),근린생활1,공동주택,101813189,지번
1153010800100810026,서울특별시 구로구 오류동,서울특별시 구로구 고척로1길 23 (오류동),근린생활1,제1종근린생활시설,101815048,지번
1153010800100810053,서울특별시 구로구 오류동,서울특별시 구로구 경인로15길 1 (오류동),근린생활2,제2종근린생활시설,101815173,지번
1153010800100130141,서울특별시 구로구 오류동,서울특별시 구로구 고척로6길 23 (오류동),근린생활1,제1종근린생활시설,101816447,지번
1153010800101700012,서울특별시 구로구 오류동,서울특별시 구로구 오류로 54-3 (오류동),근린생활1,제1종근린생활시설,1018122117,지번
1153010900101690014,서울특별시 구로구 궁동,서울특별시 구로구 부일로11길 86 (궁동),근린생활2,제2종근린생활시설,1018116634,지번
1153010800100810022,서울특별시 구로구 오류동,서울특별시 구로구 경인로11길 22 (오류동),근린생활1,제1종근린생활시설,1018112683,지번
1153010900102830001,서울특별시 구로구 궁동,서울특별시 구로구 오리로 1301 (궁동),근린생활2,제2종근린생활시설,1018110348,지번
1153011000100430001,서울특별시 구로구 온수동,서울특별시 구로구 경인로 27 (온수동),근린생활1,제1종근린생활시설,1018116890,지번
1153011000100070005,서울특별시 구로구 온수동,서울특별시 구로구 부일로7길 38 (온수동),근린생활1,공동주택,1018118356,본번
1153010800100110000,서울특별시 구로구 오류동,서울특별시 구로구 고척로6길 58-1 (오류동),근린생활2,제2종근린생활시설,101815188,지번
1153010800100340003,서울특별시 구로구 오류동,서울특별시 구로구 경인로 219 (오류동),근린생활1,제1종근린생활시설,101812236,지번
1153010900102830003,서울특별시 구로구 궁동,서울특별시 구로구 오리로 1297 (궁동),근린생활1,제1종근린생활시설,1018112592,지번
1153010800100060017,서울특별시 구로구 오류동,서울특별시 구로구 경인로 169 (오류동),근린생활2,제2종근린생활시설,101813322,지번
1153010800100060017,서울특별시 구로구 오류동,서울특별시 구로구 경인로 169 (오류동),근린생활2,제1종근린생활시설,101813323,지번
1153010900102830007,서울특별시 구로구 궁동,서울특별시 구로구 오리로 1289 (궁동),근린생활1,제1종근린생활시설,1018124367,지번
1153010800101350065,서울특별시 구로구 오류동,서울특별시 구로구 서해안로 2322 (오류동),근린생활2,제2종근린생활시설,1018116829,지번
1153011000100350013,서울특별시 구로구 온수동,서울특별시 구로구 경인로 43 (온수동),근린생활2,제2종근린생활시설,1018114743,지번
1153010900102850001,서울특별시 구로구 궁동,서울특별시 구로구 오리로 1283 (궁동),근린생활2,제2종근린생활시설,1018115704,지번
1153010800100330055,서울특별시 구로구 오류동,서울특별시 구로구 경인로 226 (오류동),근린생활2,제2종근린생활시설,1018116737,지번
1153010900101920010,서울특별시 구로구 궁동,,근린생활1,단독주택,1018118484,지번
1153010900101920010,서울특별시 구로구 궁동,서울특별시 구로구 부일로19길 62-1 (궁동),근린생활1,단독주택,101813351,지번
1153010900101920010,서울특별시 구로구 궁동,서울특별시 구로구 부일로19길 62-3 (궁동),근린생활1,제1종근린생활시설,101813352,지번
1153010900102070043,서울특별시 구로구 궁동,서울특별시 구로구 부일로15가길 12 (궁동),근린생활2,제2종근린생활시설,1018124645,지번
1153010800100410001,서울특별시 구로구 오류동,서울특별시 구로구 경인로 193 (오류동),근린생활1,제1종근린생활시설,1018121020,지번
1153010900100830000,서울특별시 구로구 궁동,서울특별시 구로구 오리로21가길 7 (궁동),근린생활1,단독주택,101813337,지번
1153010900100830000,서울특별시 구로구 궁동,서울특별시 구로구 오리로21가길 7 (궁동),근린생활1,제1종근린생활시설,101813338,지번
1153010900102780006,서울특별시 구로구 궁동,서울특별시 구로구 오리로 1303 (궁동),근린생활2,제2종근린생활시설,1018116402,지번
1153010800101560099,서울특별시 구로구 오류동,서울특별시 구로구 오류로 72 (오류동),근린생활1,제1종근린생활시설,1018112537,지번
1153010800101700000,서울특별시 구로구 오류동,서울특별시 구로구 오류로 62 (오류동),근린생활1,제1종근린생활시설,101817627,지번
1153010800100470001,서울특별시 구로구 오류동,서울특별시 구로구 경인로 192 (오류동),판매시설,판매시설,101817882,지번
1153010900101480001,서울특별시 구로구 궁동,서울특별시 구로구 오리로22길 65 (궁동),근린생활2,제2종근린생활시설,1018116157,지번
1153010900100830001,서울특별시 구로구 궁동,서울특별시 구로구 오리로21가길 5 (궁동),근린생활2,제2종근린생활시설,1018117911,지번
1153010800100330073,서울특별시 구로구 오류동,서울특별시 구로구 경인로 228 (오류동),근린생활2,제2종근린생활시설,1018124294,지번
1153010700103350001,서울특별시 구로구 개봉동,서울특별시 구로구 서해안로34가길 22 (개봉동),근린생활1,제1종근린생활시설,101814367,지번
1153010700103350001,서울특별시 구로구 개봉동,서울특별시 구로구 서해안로34가길 22 (개봉동),근린생활1,공동주택,101814368,지번
1153010700100730007,서울특별시 구로구 개봉동,서울특별시 구로구 고척로22길 74 (개봉동),근린생활2,제2종근린생활시설,1018120914,지번
1153010800101680007,서울특별시 구로구 오류동,서울특별시 구로구 오류로 54 (오류동),근린생활2,제2종근린생활시설,101818493,지번
1153010800101700011,서울특별시 구로구 오류동,서울특별시 구로구 오류로 60 (오류동),근린생활2,제2종근린생활시설,101815052,지번
1153010900102850000,서울특별시 구로구 궁동,서울특별시 구로구 오리로 1285 (궁동),근린생활1,제1종근린생활시설,1018120460,지번
1153010900101440000,서울특별시 구로구 궁동,서울특별시 구로구 오리로22길 51-15 (궁동),근린생활2,제2종근린생활시설,101815226,지번
1153010800100770019,서울특별시 구로구 오류동,서울특별시 구로구 경인로 152 (오류동),근린생활2,제2종근린생활시설,101818484,지번
1153010800100110050,서울특별시 구로구 오류동,서울특별시 구로구 고척로 28 (오류동),근린생활2,제2종근린생활시설,1018114773,지번
1153010200111300015,서울특별시 구로구 구로동,서울특별시 구로구 시흥대로163길 21 (구로동),근린생활2,제2종근린생활시설,10181100184660,지번
1153010200111300005,서울특별시 구로구 구로동,서울특별시 구로구 시흥대로163길 17-5 (구로동),근린생활2,제2종근린생활시설,10181100182593,지번
1153011000100440010,서울특별시 구로구 온수동,서울특별시 구로구 경인로 23 (온수동),근린생활1,제1종근린생활시설,1018121093,지번
1153010800102360005,서울특별시 구로구 오류동,서울특별시 구로구 경인로6길 30 (오류동),근린생활1,공동주택,101813224,지번
1153010800102360005,서울특별시 구로구 오류동,서울특별시 구로구 경인로6길 30 (오류동),근린생활1,공동주택,101813225,지번
1153010800102360005,서울특별시 구로구 오류동,서울특별시 구로구 경인로6길 30 (오류동),근린생활1,공동주택,101813226,지번
1153010800102360005,서울특별시 구로구 오류동,서울특별시 구로구 경인로6길 30 (오류동),근린생활1,공동주택,101813227,지번
1153010800102360005,서울특별시 구로구 오류동,서울특별시 구로구 경인로6길 30 (오류동),근린생활1,공동주택,101813228,지번
1153010800102360005,서울특별시 구로구 오류동,서울특별시 구로구 경인로6길 30 (오류동),근린생활1,공동주택,101813229,지번
1153010800102360005,서울특별시 구로구 오류동,서울특별시 구로구 경인로6길 30 (오류동),근린생활1,공동주택,101813230,지번
1153010800102360005,서울특별시 구로구 오류동,서울특별시 구로구 경인로6길 30 (오류동),근린생활1,제1종근린생활시설,101813231,지번
1153010900101700011,서울특별시 구로구 궁동,서울특별시 구로구 오리로 1286 (궁동),근린생활1,제1종근린생활시설,1018115242,지번
1153010800100040001,서울특별시 구로구 오류동,서울특별시 구로구 경인로15길 80-4 (오류동),근린생활1,제1종근린생활시설,1018112705,지번
1153010800100770001,서울특별시 구로구 오류동,서울특별시 구로구 경인로 164 (오류동),근린생활1,제1종근린생활시설,1018113785,지번
1153010700100600091,서울특별시 구로구 개봉동,서울특별시 구로구 고척로12길 16 (개봉동),근린생활1,제1종근린생활시설,101815346,지번
1153010900102120003,서울특별시 구로구 궁동,서울특별시 구로구 오리로15길 42 (궁동),근린생활2,제2종근린생활시설,101816498,지번
1153010800101830001,서울특별시 구로구 오류동,서울특별시 구로구 오리로 1154-5 (오류동),근린생활2,제2종근린생활시설,10181100196718,지번
1153011000100420002,서울특별시 구로구 온수동,서울특별시 구로구 경인로 31-3 (온수동),근린생활2,제2종근린생활시설,1018110329,지번
1153010200111260015,서울특별시 구로구 구로동,서울특별시 구로구 시흥대로 543 (구로동),근린생활1,제1종근린생활시설,1018111170,지번
1153010200111240055,서울특별시 구로구 구로동,서울특별시 구로구 디지털로32나길 17-8 (구로동),근린생활2,단독주택,101811476,지번
1153010200111240055,서울특별시 구로구 구로동,서울특별시 구로구 디지털로32나길 17-8 (구로동),근린생활2,제2종근린생활시설,101811477,지번
1153010200111260036,서울특별시 구로구 구로동,서울특별시 구로구 디지털로32다길 15 (구로동),근린생활1,제1종근린생활시설,101817031,지번
1153010200111240065,서울특별시 구로구 구로동,서울특별시 구로구 디지털로32나길 17-19 (구로동),근린생활2,제2종근린생활시설,1018110382,지번
1153010200111260016,서울특별시 구로구 구로동,서울특별시 구로구 시흥대로 541 (구로동),근린생활2,제2종근린생활시설,1018115759,지번
1153010900102120014,서울특별시 구로구 궁동,서울특별시 구로구 오리로 1262 (궁동),근린생활2,제2종근린생활시설,101817402,지번
1153010800100110048,서울특별시 구로구 오류동,서울특별시 구로구 고척로 24 (오류동),근린생활1,제1종근린생활시설,1018113656,지번
1153010200111240054,서울특별시 구로구 구로동,서울특별시 구로구 디지털로32나길 17-12 (구로동),근린생활2,제2종근린생활시설,1018110719,지번
1153010200111230001,서울특별시 구로구 구로동,서울특별시 구로구 시흥대로 577 (구로동),근린생활2,제2종근린생활시설,1018113489,지번
1153010200111240063,서울특별시 구로구 구로동,서울특별시 구로구 디지털로32나길 17-5 (구로동),근린생활2,제2종근린생활시설,1018112639,지번
1153010200111240083,서울특별시 구로구 구로동,서울특별시 구로구 디지털로32나길 23 (구로동),근린생활2,제2종근린생활시설,1018111012,지번
1153010900102790000,서울특별시 구로구 궁동,서울특별시 구로구 오리로 1316 (궁동),근린생활2,제2종근린생활시설,1018120613,지번
1153010200111240001,서울특별시 구로구 구로동,서울특별시 구로구 디지털로32길 97-39 (구로동),근린생활2,제2종근린생활시설,1018118423,지번
1153010200111240002,서울특별시 구로구 구로동,서울특별시 구로구 디지털로32길 97-33 (구로동),근린생활2,제2종근린생활시설,1018123954,지번
1153010200111250006,서울특별시 구로구 구로동,서울특별시 구로구 시흥대로 561 (구로동),근린생활2,제1종근린생활시설,1018114401,지번
1153010200111240020,서울특별시 구로구 구로동,서울특별시 구로구 디지털로32길 97-3 (구로동),근린생활2,제2종근린생활시설,1018117642,지번
1153010200111240021,서울특별시 구로구 구로동,서울특별시 구로구 디지털로32길 93 (구로동),근린생활1,제1종근린생활시설,1018123535,지번
1153010200111240019,서울특별시 구로구 구로동,서울특별시 구로구 디지털로32길 97-5 (구로동),근린생활2,제2종근린생활시설,101819954,지번
1153010900102830002,서울특별시 구로구 궁동,서울특별시 구로구 오리로 1299 (궁동),근린생활2,제2종근린생활시설,1018119295,지번
1153010700102790030,서울특별시 구로구 개봉동,서울특별시 구로구 개봉로2길 61 (개봉동),근린생활2,제2종근린생활시설,10181100260707,지번
1153010200111240006,서울특별시 구로구 구로동,서울특별시 구로구 디지털로32길 97-27 (구로동),근린생활2,제2종근린생활시설,1018111822,지번
1153010200111240007,서울특별시 구로구 구로동,서울특별시 구로구 디지털로32길 97-21 (구로동),근린생활2,제2종근린생활시설,1018110596,지번
1153010200111270001,서울특별시 구로구 구로동,서울특별시 구로구 디지털로32길 96 (구로동),근린생활2,제2종근린생활시설,1018119446,지번
1153010700101410080,서울특별시 구로구 개봉동,서울특별시 구로구 경인로35길 67 (개봉동),근린생활2,제2종근린생활시설,1018110624,지번
1153010200111240071,서울특별시 구로구 구로동,서울특별시 구로구 디지털로32나길 7 (구로동),근린생활2,제2종근린생활시설,1018118148,지번
1153010200111260029,서울특별시 구로구 구로동,서울특별시 구로구 시흥대로 545 (구로동),근린생활1,제1종근린생활시설,1018116158,지번
1153010900102120018,서울특별시 구로구 궁동,서울특별시 구로구 오리로 1268 (궁동),근린생활2,제2종근린생활시설,1018120926,지번
1153010200111240057,서울특별시 구로구 구로동,서울특별시 구로구 디지털로32나길 17 (구로동),근린생활2,제2종근린생활시설,1018120402,지번
1153010200111240084,서울특별시 구로구 구로동,서울특별시 구로구 디지털로32나길 19 (구로동),근린생활1,제1종근린생활시설,1018116026,지번
1153010200111240056,서울특별시 구로구 구로동,서울특별시 구로구 디지털로32나길 17-6 (구로동),근린생활2,제2종근린생활시설,101817465,지번
1153010200111260001,서울특별시 구로구 구로동,서울특별시 구로구 시흥대로 551 (구로동),근린생활1,제1종근린생활시설,1018115416,지번
1153010200111260035,서울특별시 구로구 구로동,서울특별시 구로구 디지털로32다길 13 (구로동),근린생활1,제1종근린생활시설,1018117918,지번
1153010200111260014,서울특별시 구로구 구로동,서울특별시 구로구 시흥대로 545-1 (구로동),근린생활2,제2종근린생활시설,101811484,지번
1153010200111240059,서울특별시 구로구 구로동,서울특별시 구로구 디지털로32나길 11 (구로동),근린생활1,제1종근린생활시설,1018115983,지번
1153010200111240034,서울특별시 구로구 구로동,서울특별시 구로구 디지털로32나길 8 (구로동),근린생활2,제2종근린생활시설,1018116154,지번
1153010200111240012,서울특별시 구로구 구로동,서울특별시 구로구 디지털로32길 97-19 (구로동),근린생활2,제2종근린생활시설,1018116934,지번
1153010200111240011,서울특별시 구로구 구로동,서울특별시 구로구 디지털로32길 97-15 (구로동),근린생활1,제1종근린생활시설,1018112123,지번
1153010200111240049,서울특별시 구로구 구로동,서울특별시 구로구 디지털로32나길 51 (구로동),근린생활2,제2종근린생활시설,1018117752,지번
1153010200111240041,서울특별시 구로구 구로동,서울특별시 구로구 디지털로32나길 34 (구로동),근린생활2,제2종근린생활시설,1018123209,지번
1153010200111240052,서울특별시 구로구 구로동,서울특별시 구로구 디지털로32나길 17-26 (구로동),근린생활2,제2종근린생활시설,1018118596,지번
1153010200111240069,서울특별시 구로구 구로동,서울특별시 구로구 디지털로32나길 17-23 (구로동),근린생활2,제2종근린생활시설,101811478,지번
1153010200111240069,서울특별시 구로구 구로동,서울특별시 구로구 디지털로32나길 17-23 (구로동),근린생활2,제2종근린생활시설,101811479,지번
1153010200111270034,서울특별시 구로구 구로동,서울특별시 구로구 디지털로32다길 14-6 (구로동),근린생활1,제1종근린생활시설,1018119681,지번
1153010200111270029,서울특별시 구로구 구로동,서울특별시 구로구 디지털로32가길 17-5 (구로동),근린생활2,제2종근린생활시설,1018123944,지번
1153010200111300002,서울특별시 구로구 구로동,서울특별시 구로구 시흥대로163길 17 (구로동),근린생활2,제2종근린생활시설,10181100192017,지번
1153010200111270006,서울특별시 구로구 구로동,서울특별시 구로구 디지털로32다길 20 (구로동),근린생활1,제1종근린생활시설,10181100183959,지번
1153010200111270035,서울특별시 구로구 구로동,서울특별시 구로구 디지털로32길 86 (구로동),근린생활1,제1종근린생활시설,101817428,지번
1153010200111270018,서울특별시 구로구 구로동,서울특별시 구로구 시흥대로163길 12 (구로동),근린생활1,제1종근린생활시설,1018121831,지번
1153010200111310012,서울특별시 구로구 구로동,서울특별시 구로구 디지털로32다길 49 (구로동),근린생활2,제2종근린생활시설,1018121577,지번
1153010200111270033,서울특별시 구로구 구로동,서울특별시 구로구 디지털로32가길 1 (구로동),근린생활2,제2종근린생활시설,101817843,지번
1153010200111270030,서울특별시 구로구 구로동,서울특별시 구로구 디지털로32가길 13 (구로동),근린생활2,제2종근린생활시설,1018112387,지번
1153010200111310010,서울특별시 구로구 구로동,서울특별시 구로구 디지털로32다길 51 (구로동),근린생활2,제2종근린생활시설,1018110698,지번
1153010200111300008,서울특별시 구로구 구로동,서울특별시 구로구 디지털로32다길 46 (구로동),근린생활2,제2종근린생활시설,1018114956,지번
1153010200111300001,서울특별시 구로구 구로동,서울특별시 구로구 시흥대로163길 15 (구로동),근린생활2,제2종근린생활시설,1018110099,지번
1153010200111270005,서울특별시 구로구 구로동,서울특별시 구로구 디지털로32다길 14 (구로동),근린생활2,제2종근린생활시설,1018124579,지번
1153010200111270026,서울특별시 구로구 구로동,서울특별시 구로구 디지털로32가길 9 (구로동),근린생활1,제1종근린생활시설,1018123101,지번
1153010200111260030,서울특별시 구로구 구로동,서울특별시 구로구 디지털로32다길 21 (구로동),근린생활1,제1종근린생활시설,1018118928,지번
1153010200111260037,서울특별시 구로구 구로동,서울특별시 구로구 디지털로32다길 23 (구로동),근린생활1,제1종근린생활시설,1018112845,지번
1153010200111260018,서울특별시 구로구 구로동,서울특별시 구로구 디지털로32다길 27 (구로동),근린생활2,제2종근린생활시설,1018116578,지번
1153010200111260031,서울특별시 구로구 구로동,서울특별시 구로구 디지털로32다길 31 (구로동),근린생활2,제2종근린생활시설,101817250,지번
1153010200111300007,서울특별시 구로구 구로동,서울특별시 구로구 디지털로32다길 40 (구로동),근린생활2,제2종근린생활시설,10181100190525,지번
1153010200111260008,서울특별시 구로구 구로동,서울특별시 구로구 시흥대로 549 (구로동),근린생활2,제2종근린생활시설,101811482,지번
1153010200111260008,서울특별시 구로구 구로동,서울특별시 구로구 시흥대로 549 (구로동),근린생활2,창고시설,101811483,지번
1153010900102800001,서울특별시 구로구 궁동,서울특별시 구로구 오리로22길 12 (궁동),근린생활2,제2종근린생활시설,101818236,지번
1153010200111240042,서울특별시 구로구 구로동,서울특별시 구로구 디지털로32나길 38 (구로동),근린생활2,제2종근린생활시설,1018112521,지번
1153010200111240081,서울특별시 구로구 구로동,서울특별시 구로구 디지털로32나길 27-8 (구로동),근린생활2,제2종근린생활시설,101817564,지번
1153010700104030019,서울특별시 구로구 개봉동,서울특별시 구로구 남부순환로95길 44 (개봉동),근린생활2,제2종근린생활시설,1018120216,지번
1153010200111270019,서울특별시 구로구 구로동,서울특별시 구로구 시흥대로163길 16 (구로동),근린생활1,제1종근린생활시설,1018117409,지번
1153010200111310006,서울특별시 구로구 구로동,서울특별시 구로구 시흥대로 529 (구로동),근린생활2,제2종근린생활시설,10181100182853,지번
1153010200111270013,서울특별시 구로구 구로동,서울특별시 구로구 디지털로32다길 26-8 (구로동),근린생활2,제2종근린생활시설,1018117395,지번
1153010700103140159,서울특별시 구로구 개봉동,서울특별시 구로구 개봉로1길 204 (개봉동),근린생활2,제2종근린생활시설,101816761,지번
1153010900101970006,서울특별시 구로구 궁동,서울특별시 구로구 경인로 143 (궁동),근린생활2,제2종근린생활시설,1018116448,지번
1153010800101080075,서울특별시 구로구 오류동,서울특별시 구로구 경인로 18 (오류동),근린생활,근린생활시설,101818257,지번
1153010800101560100,서울특별시 구로구 오류동,서울특별시 구로구 오류로 70 (오류동),근린생활2,제1종근린생활시설,101812975,지번
1153010800101560100,서울특별시 구로구 오류동,서울특별시 구로구 오류로 70 (오류동),근린생활2,제2종근린생활시설,101812976,지번
1153010800101560100,서울특별시 구로구 오류동,서울특별시 구로구 오류로8길 6 (오류동),근린생활2,제1종근린생활시설,101812977,지번
1153011000100090001,서울특별시 구로구 온수동,서울특별시 구로구 부일로 883 (온수동),근린생활2,제2종근린생활시설,101813425,지번
1153011000100090001,서울특별시 구로구 온수동,서울특별시 구로구 부일로 883 (온수동),근린생활2,자동차관련시설,101813426,지번
1153010700103140160,서울특별시 구로구 개봉동,서울특별시 구로구 개봉로1길 204 (개봉동),근린생활1,제1종근린생활시설,101819483,지번
1153010800101870011,서울특별시 구로구 오류동,서울특별시 구로구 오리로10길 20 (오류동),근린생활1,제1종근린생활시설,1018123928,지번
1153010800102090000,서울특별시 구로구 오류동,서울특별시 구로구 서해안로18길 24 (오류동),근린생활1,제1종근린생활시설,101815152,지번
1153010800102540002,서울특별시 구로구 오류동,서울특별시 구로구 오리로13길 51 (오류동),근린생활2,제2종근린생활시설,1018121952,지번
1153010800101550007,서울특별시 구로구 오류동,서울특별시 구로구 오류로8길 34 (오류동),근린생활1,제1종근린생활시설,1018119386,지번
1153010800100360001,서울특별시 구로구 오류동,,근린생활2,제2종근린생활시설,1018110082,지번
1153010800101850005,서울특별시 구로구 오류동,서울특별시 구로구 서해안로20길 31 (오류동),근린생활1,제1종근린생활시설,1018121544,지번
1153010800102170022,서울특별시 구로구 오류동,서울특별시 구로구 오리로9길 8 (오류동),근린생활1,제1종근린생활시설,1018112588,지번
1153011100100580001,서울특별시 구로구 천왕동,서울특별시 구로구 광남로 20 (천왕동),근린생활1,제1종근린생활시설,1018113361,지번
1153010900102020004,서울특별시 구로구 궁동,서울특별시 구로구 부일로15가길 3 (궁동),근린생활1,제2종근린생활시설,101812233,지번
1153010900102020004,서울특별시 구로구 궁동,서울특별시 구로구 부일로15가길 3 (궁동),근린생활1,운동시설,101812234,지번
1153010800101660009,서울특별시 구로구 오류동,서울특별시 구로구 오류로 55 (오류동),근린생활1,제1종근린생활시설,1018122514,지번
1153010800101350028,서울특별시 구로구 오류동,서울특별시 구로구 서해안로 2330 (오류동),근린생활1,제1종근린생활시설,1018113167,지번
1153010800101350088,서울특별시 구로구 오류동,서울특별시 구로구 서해안로 2336 (오류동),근린생활2,제2종근린생활시설,1018123411,지번
1153010800102170078,서울특별시 구로구 오류동,서울특별시 구로구 오리로 1181-23 (오류동),근린생활2,제2종근린생활시설,1018123052,지번
1153010800101560023,서울특별시 구로구 오류동,서울특별시 구로구 오류로8나길 9-5 (오류동),근린생활2,교육연구시설,10181100251847,지번
1153010800101560023,서울특별시 구로구 오류동,서울특별시 구로구 오류로8나길 9-5 (오류동),근린생활2,제2종근린생활시설,1018121210,지번
1153010800101560096,서울특별시 구로구 오류동,서울특별시 구로구 오류로8길 8 (오류동),근린생활2,제2종근린생활시설,101814965,지번
1153010800101080074,서울특별시 구로구 오류동,서울특별시 구로구 경인로 22 (오류동),근린생활1,제1종근린생활시설,101818871,지번
1153010800100400001,서울특별시 구로구 오류동,서울특별시 구로구 경인로 199 (오류동),근린생활1,제1종근린생활시설,101814656,지번
1153011100100070003,서울특별시 구로구 천왕동,서울특별시 구로구 오리로 1083 (천왕동),근린생활1,제1종근린생활시설,1018117068,지번
1153010800101360053,서울특별시 구로구 오류동,서울특별시 구로구 서해안로26길 18 (오류동),근린생활2,제2종근린생활시설,1018121042,지번
1153010800101560000,서울특별시 구로구 오류동,서울특별시 구로구 오류로8길 16 (오류동),근린생활2,제2종근린생활시설,1018113198,지번
1153010900102110010,서울특별시 구로구 궁동,서울특별시 구로구 부일로11길 38 (궁동),근린생활1,제1종근린생활시설,1018115781,지번
1153010800100130013,서울특별시 구로구 오류동,서울특별시 구로구 경인로19길 29 (오류동),근린생활2,제2종근린생활시설,101816879,지번
1153010800100130054,서울특별시 구로구 오류동,서울특별시 구로구 고척로6길 63 (오류동),근린생활2,제2종근린생활시설,1018121319,지번
1153010800102230005,서울특별시 구로구 오류동,서울특별시 구로구 오리로 1189 (오류동),근린생활1,제1종근린생활시설,1018120061,지번
1153010800100380001,서울특별시 구로구 오류동,서울특별시 구로구 경인로23길 8 (오류동),근린생활1,제1종근린생활시설,1018121596,지번
1153010900101880004,서울특별시 구로구 궁동,서울특별시 구로구 부일로15길 12 (궁동),근린생활2,제2종근린생활시설,1018115084,지번
1153010900101880003,서울특별시 구로구 궁동,서울특별시 구로구 부일로15길 16 (궁동),근린생활1,제1종근린생활시설,1018118635,지번
1153010800101440036,서울특별시 구로구 오류동,서울특별시 구로구 오류로8길 118 (오류동),근린생활1,제1종근린생활시설,1018115326,지번
1153010700103090032,서울특별시 구로구 개봉동,서울특별시 구로구 서해안로34가길 19 (개봉동),근린생활1,제1종근린생활시설,1018123144,지번
1153010800100540005,서울특별시 구로구 오류동,서울특별시 구로구 경인로20가길 5 (오류동),근린생활2,제2종근린생활시설,10181100185299,지번
1153011100100100042,서울특별시 구로구 천왕동,서울특별시 구로구 오리로 1097-6 (천왕동),근린생활2,제2종근린생활시설,1018114577,지번
1153010800102170020,서울특별시 구로구 오류동,서울특별시 구로구 오리로9길 22 (오류동),근린생활2,제2종근린생활시설,1018124828,지번
1153010800102450001,서울특별시 구로구 오류동,서울특별시 구로구 오리로13길 64 (오류동),근린생활1,제1종근린생활시설,1018120450,지번
1153010800101720076,서울특별시 구로구 오류동,서울특별시 구로구 오류로 45 (오류동),근린생활1,제1종근린생활시설,1018122014,지번
1153010800102170069,서울특별시 구로구 오류동,서울특별시 구로구 오리로9길 63 (오류동),근린생활2,제2종근린생활시설,101812983,지번
1153010800102170069,서울특별시 구로구 오류동,서울특별시 구로구 오리로9길 65 (오류동),근린생활2,단독주택,101812984,지번
1153010700103140033,서울특별시 구로구 개봉동,서울특별시 구로구 개봉로1길 190 (개봉동),근린생활2,제2종근린생활시설,1018120089,지번
1153010800101720050,서울특별시 구로구 오류동,서울특별시 구로구 오류로 39-1 (오류동),근린생활2,제2종근린생활시설,1018117824,지번
1153010900101890069,서울특별시 구로구 궁동,서울특별시 구로구 부일로 969 (궁동),근린생활1,제1종근린생활시설,1018111636,지번
1153010800100130021,서울특별시 구로구 오류동,서울특별시 구로구 경인로19길 23 (오류동),근린생활,제1종근린생활시설,101819560,지번
1153010800100270100,서울특별시 구로구 오류동,서울특별시 구로구 경인로25길 46 (오류동),근린생활1,제1종근린생활시설,101819573,지번
1153010300101260027,서울특별시 구로구 가리봉동,서울특별시 구로구 우마길 23 (가리봉동),근린생활2,제2종근린생활시설,10181100237002,지번
1153010800101830008,서울특별시 구로구 오류동,서울특별시 구로구 오리로 1154-7 (오류동),근린생활2,제2종근린생활시설,10181100182361,지번
1153010800101870008,서울특별시 구로구 오류동,서울특별시 구로구 서해안로20길 29 (오류동),근린생활1,제1종근린생활시설,101817332,지번
1153010800100400002,서울특별시 구로구 오류동,서울특별시 구로구 경인로 197 (오류동),근린생활1,제1종근린생활시설,101813330,지번
1153010800100060005,서울특별시 구로구 오류동,서울특별시 구로구 경인로 183 (오류동),근린생활2,제2종근린생활시설,1018119080,지번
1153010800101720023,서울특별시 구로구 오류동,서울특별시 구로구 오리로10길 44-19 (오류동),근린생활1,제1종근린생활시설,1018120958,지번
1153010800102230003,서울특별시 구로구 오류동,서울특별시 구로구 오리로 1187 (오류동),근린생활1,제1종근린생활시설,1018116518,지번
1153010800100090158,서울특별시 구로구 오류동,서울특별시 구로구 고척로6길 50 (오류동),근린생활1,제1종근린생활시설,1018122433,지번
1153010800100060015,서울특별시 구로구 오류동,서울특별시 구로구 고척로3길 11 (오류동),근린생활2,제2종근린생활시설,10181100196184,지번
1153010800100230046,서울특별시 구로구 오류동,서울특별시 구로구 경인로19길 32 (오류동),근린생활2,제2종근린생활시설,1018118103,지번
1153010800100370007,서울특별시 구로구 오류동,서울특별시 구로구 경인로 211-1 (오류동),근린생활1,제1종근린생활시설,1018113519,지번
1153010800100230003,서울특별시 구로구 오류동,서울특별시 구로구 경인로19길 48-1 (오류동),근린생활1,제1종근린생활시설,1018117242,지번
1153011000100220006,서울특별시 구로구 온수동,서울특별시 구로구 부일로1길 26-15 (온수동),근린생활1,제1종근린생활시설,1018122445,지번
1153010800101660008,서울특별시 구로구 오류동,서울특별시 구로구 오류로 59 (오류동),근린생활2,제2종근린생활시설,1018111283,지번
1153010800100380007,서울특별시 구로구 오류동,서울특별시 구로구 경인로19가길 14-1 (오류동),근린생활1,제1종근린생활시설,1018118232,지번
1153010800100380007,서울특별시 구로구 오류동,서울특별시 구로구 경인로19가길 14-1 (오류동),근린생활1,공동주택,101813149,지번
1153010800100380007,서울특별시 구로구 오류동,서울특별시 구로구 경인로19가길 14-1 (오류동),근린생활1,제1종근린생활시설,101813150,지번
1153010800100380007,서울특별시 구로구 오류동,서울특별시 구로구 경인로19가길 14-1 (오류동),근린생활1,제1종근린생활시설,101813151,지번
1153010800100380007,서울특별시 구로구 오류동,서울특별시 구로구 경인로19가길 14-1 (오류동),근린생활1,제1종근린생활시설,101813152,지번
1153010800100380007,서울특별시 구로구 오류동,서울특별시 구로구 경인로19가길 14-1 (오류동),근린생활1,제1종근린생활시설,101813153,지번
1153010800100380007,서울특별시 구로구 오류동,서울특별시 구로구 경인로19가길 14-1 (오류동),근린생활1,제1종근린생활시설,101813154,지번
1153011000100610028,서울특별시 구로구 온수동,서울특별시 구로구 부일로1가길 18 (온수동),근린생활2,제2종근린생활시설,1018110550,지번
1153010800100370003,서울특별시 구로구 오류동,서울특별시 구로구 경인로 203-1 (오류동),근린생활1,제1종근린생활시설,1018121837,지번
1153010800100370003,서울특별시 구로구 오류동,서울특별시 구로구 경인로 203-1 (오류동),근린생활1,제1종근린생활시설,101816082,지번
1153010800100380005,서울특별시 구로구 오류동,서울특별시 구로구 경인로 203 (오류동),근린생활1,제1종근린생활시설,1018122247,지번
1153010800100390005,서울특별시 구로구 오류동,서울특별시 구로구 경인로 201 (오류동),근린생활1,제1종근린생활시설,101817327,지번
1153010800100340030,서울특별시 구로구 오류동,서울특별시 구로구 경인로 217-1 (오류동),근린생활2,제2종근린생활시설,101812235,지번
1153010800100900009,서울특별시 구로구 오류동,서울특별시 구로구 경인로 115 (오류동),근린생활2,제2종근린생활시설,1018112341,지번
1153010800100900009,서울특별시 구로구 오류동,서울특별시 구로구 경인로 115 (오류동),근린생활2,제1종근린생활시설,101813332,지번
1153010800100900009,서울특별시 구로구 오류동,서울특별시 구로구 경인로 115 (오류동),근린생활2,제1종근린생활시설,101813333,지번
1153010800100230016,서울특별시 구로구 오류동,서울특별시 구로구 경인로19길 34 (오류동),근린생활1,제1종근린생활시설,1018110882,지번
1153010800100250006,서울특별시 구로구 오류동,서울특별시 구로구 경인로25길 31 (오류동),근린생활1,제1종근린생활시설,1018113854,지번
1153010800100550052,서울특별시 구로구 오류동,서울특별시 구로구 경인로 212 (오류동),근린생활1,제1종근린생활시설,101818438,지번
1153010800100560040,서울특별시 구로구 오류동,서울특별시 구로구 경인로20가길 13 (오류동),근린생활2,제2종근린생활시설,1018113563,지번
1153010800101350076,서울특별시 구로구 오류동,서울특별시 구로구 서해안로26길 10 (오류동),근린생활1,제1종근린생활시설,101816981,지번
1153010800101360017,서울특별시 구로구 오류동,서울특별시 구로구 서해안로28길 20 (오류동),근린생활2,제2종근린생활시설,101818489,지번
1153010900102090019,서울특별시 구로구 궁동,서울특별시 구로구 부일로15길 29-10 (궁동),근린생활1,제1종근린생활시설,1018119857,지번
1153010800100250027,서울특별시 구로구 오류동,서울특별시 구로구 경인로19길 26-15 (오류동),근린생활1,제1종근린생활시설,1018115730,지번
1153010800100370012,서울특별시 구로구 오류동,서울특별시 구로구 경인로 205 (오류동),근린생활2,제2종근린생활시설,1018115700,지번
1153010800100340012,서울특별시 구로구 오류동,서울특별시 구로구 경인로 215 (오류동),근린생활2,제2종근린생활시설,1018111410,지번
1153010800100600008,서울특별시 구로구 오류동,서울특별시 구로구 경인로22길 52 (오류동),근린생활1,제1종근린생활시설,1018118793,지번
1153010800100360007,서울특별시 구로구 오류동,서울특별시 구로구 경인로25길 9 (오류동),근린생활2,제2종근린생활시설,101814858,지번
1153010800101470003,서울특별시 구로구 오류동,서울특별시 구로구 오류로8라길 50 (오류동),근린생활2,제2종근린생활시설,101812965,지번
1153010800101470003,서울특별시 구로구 오류동,서울특별시 구로구 오류로8라길 50 (오류동),근린생활2,창고시설,101812966,지번
1153010800101470003,서울특별시 구로구 오류동,서울특별시 구로구 오류로8라길 50 (오류동),근린생활2,단독주택,101812967,지번
1153010800101380028,서울특별시 구로구 오류동,서울특별시 구로구 서해안로32길 7 (오류동),근린생활1,제1종근린생활시설,1018110690,지번
1153010800100370001,서울특별시 구로구 오류동,서울특별시 구로구 경인로 211 (오류동),근린생활1,제1종근린생활시설,1018116285,지번
1153010800100100020,서울특별시 구로구 오류동,서울특별시 구로구 경인로 187-1 (오류동),근린생활2,제2종근린생활시설,1018115774,지번
1153010900102300029,서울특별시 구로구 궁동,서울특별시 구로구 부일로 917 (궁동),근린생활2,제2종근린생활시설,1018110895,지번
1153010800100600002,서울특별시 구로구 오류동,서울특별시 구로구 경인로22길 56 (오류동),근린생활2,제2종근린생활시설,1018112286,지번
1153010800101560028,서울특별시 구로구 오류동,서울특별시 구로구 오류로 66 (오류동),근린생활2,제2종근린생활시설,1018110399,지번
1153010800101100005,서울특별시 구로구 오류동,서울특별시 구로구 경인로 59 (오류동),근린생활2,제2종근린생활시설,1018115869,지번
1153010800100060344,서울특별시 구로구 오류동,서울특별시 구로구 고척로1길 5 (오류동),근린생활2,제2종근린생활시설,1018121338,지번
1153010800100810009,서울특별시 구로구 오류동,서울특별시 구로구 경인로 163 (오류동),근린생활1,제1종근린생활시설,1018124017,지번
1153010800100090190,서울특별시 구로구 오류동,서울특별시 구로구 고척로 6-1 (오류동),근린생활1,제1종근린생활시설,1018120049,지번
1153010900101890025,서울특별시 구로구 궁동,서울특별시 구로구 부일로15길 4 (궁동),근린생활1,제1종근린생활시설,1018116207,지번
1153010800100060231,서울특별시 구로구 오류동,서울특별시 구로구 고척로1길 14-42 (오류동),근린생활1,제1종근린생활시설,1018110646,지번
1153010800100060303,서울특별시 구로구 오류동,서울특별시 구로구 경인로 176-4 (오류동),근린생활1,제1종근린생활시설,1018119560,지번
1153010800101350010,서울특별시 구로구 오류동,서울특별시 구로구 서해안로28길 5 (오류동),근린생활1,제1종근린생활시설,1018110507,지번
1153010800101550010,서울특별시 구로구 오류동,서울특별시 구로구 오류로8길 22 (오류동),근린생활2,제2종근린생활시설,1018116803,지번
1153010800101360041,서울특별시 구로구 오류동,서울특별시 구로구 서해안로26길 12 (오류동),근린생활1,제1종근린생활시설,1018112026,지번
1153010800101360021,서울특별시 구로구 오류동,서울특별시 구로구 오류로8길 49 (오류동),근린생활2,제2종근린생활시설,1018119625,지번
1153010800100270045,서울특별시 구로구 오류동,서울특별시 구로구 고척로16길 72 (오류동),근린생활2,제2종근린생활시설,101816291,지번
1153010900102020001,서울특별시 구로구 궁동,서울특별시 구로구 부일로15길 13 (궁동),근린생활1,제1종근린생활시설,1018112958,지번
1153010800100340004,서울특별시 구로구 오류동,서울특별시 구로구 경인로25길 16 (오류동),근린생활2,제2종근린생활시설,1018112502,지번
1153010800100550009,서울특별시 구로구 오류동,서울특별시 구로구 경인로22길 11 (오류동),근린생활2,제2종근린생활시설,1018117623,지번
1153010900102070009,서울특별시 구로구 궁동,서울특별시 구로구 부일로15가길 26 (궁동),근린생활1,제1종근린생활시설,1018113695,지번
1153010800101360016,서울특별시 구로구 오류동,서울특별시 구로구 오류로8길 53 (오류동),근린생활1,제1종근린생활시설,1018121999,지번
1153010800101350057,서울특별시 구로구 오류동,서울특별시 구로구 서해안로 2328 (오류동),근린생활1,제1종근린생활시설,1018113114,지번
1153010800101360023,서울특별시 구로구 오류동,서울특별시 구로구 오류로8길 45 (오류동),근린생활1,제1종근린생활시설,1018116643,지번
1153010900102070025,서울특별시 구로구 궁동,서울특별시 구로구 부일로15길 25 (궁동),근린생활1,제1종근린생활시설,1018111694,지번
1153010900102080016,서울특별시 구로구 궁동,서울특별시 구로구 부일로15길 29 (궁동),근린생활2,제2종근린생활시설,101818835,지번
1153010800100330049,서울특별시 구로구 오류동,서울특별시 구로구 경인로 226-3 (오류동),근린생활2,제2종근린생활시설,101819202,지번
1153010800100330084,서울특별시 구로구 오류동,서울특별시 구로구 경인로 230 (오류동),근린생활1,제1종근린생활시설,1018124726,지번
1153010800100300001,서울특별시 구로구 오류동,서울특별시 구로구 경인로25길 22 (오류동),근린생활2,제2종근린생활시설,1018120670,지번
1153010900101980003,서울특별시 구로구 궁동,서울특별시 구로구 부일로 983 (궁동),근린생활1,제1종근린생활시설,101819355,지번
1153010600101970002,서울특별시 구로구 고척동,서울특별시 구로구 중앙로15길 37 (고척동),근린생활1,제1종근린생활시설,1018112386,지번
1153010900102070022,서울특별시 구로구 궁동,서울특별시 구로구 부일로15길 23 (궁동),근린생활1,제1종근린생활시설,1018116063,지번
1153010800100390009,서울특별시 구로구 오류동,서울특별시 구로구 경인로19가길 10-1 (오류동),근린생활2,제2종근린생활시설,1018116843,지번
1153010800100060044,서울특별시 구로구 오류동,서울특별시 구로구 경인로 173 (오류동),근린생활2,제2종근린생활시설,101817568,지번
1153010800100240017,서울특별시 구로구 오류동,서울특별시 구로구 경인로19길 36-20 (오류동),근린생활1,제1종근린생활시설,1018118768,지번
1153010800100250009,서울특별시 구로구 오류동,서울특별시 구로구 경인로25길 25 (오류동),근린생활1,제1종근린생활시설,101815660,지번
1153010800100120009,서울특별시 구로구 오류동,서울특별시 구로구 경인로 193-31 (오류동),근린생활1,제1종근린생활시설,1018123061,지번
1153010800100310010,서울특별시 구로구 오류동,서울특별시 구로구 경인로27길 10 (오류동),근린생활2,제2종근린생활시설,101818724,지번
1153010100104330006,서울특별시 구로구 신도림동,서울특별시 구로구 경인로61길 6 (신도림동),근린생활1,제1종근린생활시설,1018115150,지번
1153010900102040009,서울특별시 구로구 궁동,서울특별시 구로구 부일로 951 (궁동),근린생활1,제1종근린생활시설,1018121379,지번
1153010200104140007,서울특별시 구로구 구로동,서울특별시 구로구 구로동로 165 (구로동),근린생활2,제2종근린생활시설,101812372,지번
1153010800100350002,서울특별시 구로구 오류동,서울특별시 구로구 경인로25길 5 (오류동),근린생활1,업무시설,1000000000000005566953,본번
1153010800100100014,서울특별시 구로구 오류동,서울특별시 구로구 고척로 4-15 (오류동),근린생활2,제2종근린생활시설,1018124827,지번
1153010800101370004,서울특별시 구로구 오류동,서울특별시 구로구 서해안로30길 16 (오류동),근린생활1,제1종근린생활시설,1018123501,지번
1153010800100080001,서울특별시 구로구 오류동,서울특별시 구로구 경인로15길 16 (오류동),근린생활2,제2종근린생활시설,101814514,지번
1153010900101890040,서울특별시 구로구 궁동,서울특별시 구로구 부일로17길 17-16 (궁동),근린생활1,제1종근린생활시설,1018122495,지번
1153010800100380011,서울특별시 구로구 오류동,서울특별시 구로구 경인로19가길 14-7 (오류동),근린생활1,제1종근린생활시설,101818056,지번
1153010900102070004,서울특별시 구로구 궁동,서울특별시 구로구 부일로 941 (궁동),근린생활1,제1종근린생활시설,1018121779,지번
1153010900102040011,서울특별시 구로구 궁동,서울특별시 구로구 부일로 953 (궁동),근린생활1,제1종근린생활시설,1018111148,지번
1153010900102070059,서울특별시 구로구 궁동,서울특별시 구로구 부일로 943 (궁동),근린생활1,제1종근린생활시설,1018112159,지번
1153010800101360034,서울특별시 구로구 오류동,서울특별시 구로구 오류로8길 39 (오류동),근린생활1,제1종근린생활시설,1018113659,지번
1153010800101350027,서울특별시 구로구 오류동,서울특별시 구로구 서해안로 2332 (오류동),근린생활2,제2종근린생활시설,1018115214,지번
1153010800101480011,서울특별시 구로구 오류동,서울특별시 구로구 오류로8길 54 (오류동),근린생활1,제1종근린생활시설,101815951,지번
1153010800100510038,서울특별시 구로구 오류동,서울특별시 구로구 경인로20길 8 (오류동),근린생활2,제2종근린생활시설,101812917,지번
1153010800100900005,서울특별시 구로구 오류동,서울특별시 구로구 경인로 107 (오류동),근린생활1,제1종근린생활시설,101819820,지번
1153010900102830006,서울특별시 구로구 궁동,서울특별시 구로구 오리로 1291 (궁동),근린생활1,제1종근린생활시설,1018116201,지번
1153010900101860000,서울특별시 구로구 궁동,서울특별시 구로구 부일로17길 88 (궁동),근린생활2,제2종근린생활시설,101813347,지번
1153010800101370022,서울특별시 구로구 오류동,서울특별시 구로구 오류로8길 89 (오류동),근린생활1,제1종근린생활시설,1018113919,지번
1153010800101200001,서울특별시 구로구 오류동,서울특별시 구로구 경인로 100 (오류동),근린생활1,제1종근린생활시설,101817677,지번
1153010800102230001,서울특별시 구로구 오류동,서울특별시 구로구 오리로 1198 (오류동),근린생활1,제1종근린생활시설,101812985,지번
1153010800102230001,서울특별시 구로구 오류동,서울특별시 구로구 오리로 1198 (오류동),근린생활1,공장,101812986,지번
1153010800100060055,서울특별시 구로구 오류동,서울특별시 구로구 경인로15길 32 (오류동),근린생활1,제1종근린생활시설,1018116835,지번
1153010800100660004,서울특별시 구로구 오류동,서울특별시 구로구 경인로20나길 17 (오류동),근린생활2,제2종근린생활시설,101812929,지번
1153010800101380005,서울특별시 구로구 오류동,서울특별시 구로구 서해안로32길 11 (오류동),근린생활1,제1종근린생활시설,1018110625,지번
1153010800101380005,서울특별시 구로구 오류동,서울특별시 구로구 서해안로32길 13 (오류동),근린생활1,단독주택,101818889,지번
1153010800101550008,서울특별시 구로구 오류동,서울특별시 구로구 오류로8길 26 (오류동),근린생활1,제1종근린생활시설,101816724,지번
1153010800100060065,서울특별시 구로구 오류동,서울특별시 구로구 고척로3길 5-10 (오류동),근린생활2,제2종근린생활시설,101817477,지번
1153010800100230029,서울특별시 구로구 오류동,서울특별시 구로구 경인로19길 22 (오류동),근린생활2,제2종근린생활시설,1018112480,지번
1153010800100060316,서울특별시 구로구 오류동,서울특별시 구로구 고척로3길 20 (오류동),근린생활1,단독주택,101811413,지번
1153010800100060316,서울특별시 구로구 오류동,서울특별시 구로구 고척로3길 18 (오류동),근린생활1,제1종근린생활시설,101811414,지번
1153010800100230010,서울특별시 구로구 오류동,서울특별시 구로구 경인로19길 48-8 (오류동),근린생활1,제1종근린생활시설,101811415,지번
1153010800100230010,서울특별시 구로구 오류동,서울특별시 구로구 경인로19길 42 (오류동),근린생활1,제1종근린생활시설,101811416,지번
1153010800100310007,서울특별시 구로구 오류동,서울특별시 구로구 경인로 225 (오류동),근린생활2,제2종근린생활시설,1018120516,지번
1153010800100540007,서울특별시 구로구 오류동,서울특별시 구로구 경인로20길 7 (오류동),근린생활2,제2종근린생활시설,101818801,지번
1153010800100240008,서울특별시 구로구 오류동,서울특별시 구로구 경인로19길 36-7 (오류동),근린생활2,제2종근린생활시설,101819790,지번
1153010800100350001,서울특별시 구로구 오류동,서울특별시 구로구 경인로25길 5 (오류동),근린생활1,업무시설,1000000000000005566953,지번
1153011100100100032,서울특별시 구로구 천왕동,서울특별시 구로구 오리로 1097-7 (천왕동),근린생활2,제2종근린생활시설,1018122249,지번
1153010800100560039,서울특별시 구로구 오류동,서울특별시 구로구 경인로20가길 15 (오류동),근린생활2,제2종근린생활시설,1018110209,지번
1153010800101370056,서울특별시 구로구 오류동,서울특별시 구로구 서해안로30길 13-8 (오류동),근린생활1,제1종근린생활시설,1018122130,지번
1153010800100510009,서울특별시 구로구 오류동,서울특별시 구로구 경인로20길 4 (오류동),근린생활1,제1종근린생활시설,101811542,지번
1153010800100510009,서울특별시 구로구 오류동,서울특별시 구로구 경인로20길 4 (오류동),근린생활1,제1종근린생활시설,101811543,지번
1153010900102070019,서울특별시 구로구 궁동,서울특별시 구로구 부일로11길 3 (궁동),근린생활2,제2종근린생활시설,1018112003,지번
1153010800101370005,서울특별시 구로구 오류동,서울특별시 구로구 오류로8길 65 (오류동),근린생활2,제2종근린생활시설,101814672,지번
1153010800102310003,서울특별시 구로구 오류동,서울특별시 구로구 오리로13길 10 (오류동),근린생활2,제2종근린생활시설,1018123270,지번
1153010800100440007,서울특별시 구로구 오류동,서울특별시 구로구 경인로 182 (오류동),근린생활1,제1종근린생활시설,101815311,지번
1153010800101420024,서울특별시 구로구 오류동,서울특별시 구로구 오류로8길 103 (오류동),근린생활2,제2종근린생활시설,1018123943,지번
1153010800101600000,서울특별시 구로구 오류동,서울특별시 구로구 서해안로 2293 (오류동),근린생활2,제2종근린생활시설,10181100187744,지번
1153010800101200006,서울특별시 구로구 오류동,서울특별시 구로구 경인로 98 (오류동),근린생활1,제1종근린생활시설,101812944,지번
1153010800101200006,서울특별시 구로구 오류동,서울특별시 구로구 경인로 98 (오류동),근린생활1,동물및식물관련시설,101812945,지번
1153010800101550001,서울특별시 구로구 오류동,서울특별시 구로구 오류로8길 30 (오류동),근린생활2,제2종근린생활시설,1018121657,지번
1153010800100740008,서울특별시 구로구 오류동,서울특별시 구로구 경인로8길 31 (오류동),근린생활2,제2종근린생활시설,1018117304,지번
1153010800101470002,서울특별시 구로구 오류동,서울특별시 구로구 오류로8길 72 (오류동),근린생활2,제2종근린생활시설,1018112644,지번
1153010800101450023,서울특별시 구로구 오류동,서울특별시 구로구 오류로8길 108-2 (오류동),근린생활1,제1종근린생활시설,1018113527,지번
1153010800100100001,서울특별시 구로구 오류동,서울특별시 구로구 경인로 191 (오류동),근린생활1,제1종근린생활시설,10181100205062,지번
1153010800100100001,서울특별시 구로구 오류동,서울특별시 구로구 경인로 191 (오류동),근린생활1,제1종근린생활시설,1018113720,지번
1153010300101360098,서울특별시 구로구 가리봉동,서울특별시 구로구 남부순환로107길 5 (가리봉동),근린생활2,제2종근린생활시설,10181100227127,지번
1153010600100600002,서울특별시 구로구 고척동,서울특별시 구로구 안양천로539길 6 (고척동),근린생활1,제1종근린생활시설,10181100224613,지번
1153010600101890000,서울특별시 구로구 고척동,서울특별시 구로구 고척로 239 (고척동),근린생활1,제1종근린생활시설,10181100227013,지번
1153010200108070015,서울특별시 구로구 구로동,서울특별시 구로구 구로동로 84 (구로동),근린생활2,제2종근린생활시설,1018120191,지번
1153010700104030227,서울특별시 구로구 개봉동,서울특별시 구로구 개봉로 68 (개봉동),근린생활2,제2종근린생활시설,1018117081,지번
1153010300101350040,서울특별시 구로구 가리봉동,서울특별시 구로구 디지털로20길 16 (가리봉동),근린생활2,제2종근린생활시설,10181100229073,지번
1153010300101350046,서울특별시 구로구 가리봉동,서울특별시 구로구 남부순환로105나길 9 (가리봉동),근린생활1,제1종근린생활시설,10181100228893,지번
1153010800101940013,서울특별시 구로구 오류동,서울특별시 구로구 서해안로 2267 (오류동),근린생활2,제2종근린생활시설,10181100213292,지번
1153010200101390280,서울특별시 구로구 구로동,서울특별시 구로구 구로동로28길 118 (구로동),근린생활2,제2종근린생활시설,10181100209752,지번
1153010600102260026,서울특별시 구로구 고척동,서울특별시 구로구 중앙로15길 100-9 (고척동),근린생활2,제2종근린생활시설,1018115090,지번
1153010200100270011,서울특별시 구로구 구로동,서울특별시 구로구 새말로18길 36-10 (구로동),근린생활2,제2종근린생활시설,1018117042,지번
1153010200103170012,서울특별시 구로구 구로동,서울특별시 구로구 구로동로28가길 8 (구로동),근린생활2,제2종근린생활시설,1018122273,지번
1153010800102830008,서울특별시 구로구 오류동,서울특별시 구로구 서해안로 2211 (오류동),근린생활2,제2종근린생활시설,10181100216369,지번
1153010900102820002,서울특별시 구로구 궁동,서울특별시 구로구 부일로11길 101 (궁동),근린생활2,제2종근린생활시설,10181100211652,지번
1153010200101120000,서울특별시 구로구 구로동,서울특별시 구로구 구로중앙로28길 31-48 (구로동),근린생활2,제2종근린생활시설,1018117589,지번
1153011000101200021,서울특별시 구로구 온수동,서울특별시 구로구 부일로1길 62 (온수동),근린생활1,제1종근린생활시설,10181100221353,지번
1153010200107220016,서울특별시 구로구 구로동,서울특별시 구로구 구로동로17길 8 (구로동),근린생활2,제2종근린생활시설,1018110870,지번
1153010200103170014,서울특별시 구로구 구로동,서울특별시 구로구 구로동로28길 64-2 (구로동),근린생활1,제1종근린생활시설,1018117775,지번
1153010200100910031,서울특별시 구로구 구로동,서울특별시 구로구 구로중앙로14길 61 (구로동),근린생활2,제2종근린생활시설,10181100222813,지번
1153010700104030164,서울특별시 구로구 개봉동,서울특별시 구로구 개봉로12길 4 (개봉동),근린생활1,제1종근린생활시설,1018121491,지번
1153010200100400005,서울특별시 구로구 구로동,서울특별시 구로구 공원로6나길 18 (구로동),근린생활2,제2종근린생활시설,1018120474,지번
1153010200104090060,서울특별시 구로구 구로동,서울특별시 구로구 구로동로 175 (구로동),근린생활1,제1종근린생활시설,10181100211892,지번
1153010200104910054,서울특별시 구로구 구로동,서울특별시 구로구 구로동로 224 (구로동),근린생활2,제2종근린생활시설,10181100213312,지번
1153010800101350011,서울특별시 구로구 오류동,서울특별시 구로구 서해안로 2316 (오류동),근린생활2,제2종근린생활시설,1018114857,지번
1153010100103300048,서울특별시 구로구 신도림동,서울특별시 구로구 경인로67길 67-25 (신도림동),근린생활1,제1종근린생활시설,10181100220973,지번
1153010100103300048,서울특별시 구로구 신도림동,서울특별시 구로구 경인로67길 67-33 (신도림동),근린생활1,제2종근린생활시설,1018115593,지번
1153010200111250007,서울특별시 구로구 구로동,서울특별시 구로구 시흥대로 559 (구로동),근린생활1,제1종근린생활시설,1018114798,지번
1153010200108030004,서울특별시 구로구 구로동,서울특별시 구로구 도림로 11 (구로동),근린생활2,제2종근린생활시설,1018119800,지번
1153010200104240017,서울특별시 구로구 구로동,서울특별시 구로구 구로동로38길 19 (구로동),근린생활1,제1종근린생활시설,1018121362,지번
1153010200106080002,서울특별시 구로구 구로동,서울특별시 구로구 경인로53길 22 (구로동),근린생활1,제1종근린생활시설,10181100211292,지번
1153010100103970002,서울특별시 구로구 신도림동,서울특별시 구로구 신도림로 20 (신도림동),근린생활2,제2종근린생활시설,101817161,지번
1153010800101500013,서울특별시 구로구 오류동,서울특별시 구로구 오류로8라길 24 (오류동),근린생활1,제1종근린생활시설,1018114403,지번
1153010200103900168,서울특별시 구로구 구로동,서울특별시 구로구 구로동로17길 67 (구로동),근린생활2,제2종근린생활시설,101815139,지번
1153010200104670012,서울특별시 구로구 구로동,서울특별시 구로구 구로동로43길 37 (구로동),근린생활2,제2종근린생활시설,1000000000000002446396,지번
1153010900101360001,서울특별시 구로구 궁동,서울특별시 구로구 오리로22다길 36 (궁동),근린생활2,제2종근린생활시설,10181100226253,지번
1153011100100070014,서울특별시 구로구 천왕동,서울특별시 구로구 오리로 1077 (천왕동),근린생활2,제2종근린생활시설,10181100229933,지번
1153010100103190004,서울특별시 구로구 신도림동,서울특별시 구로구 신도림로21가길 31 (신도림동),근린생활2,제2종근린생활시설,10181100185341,지번
1153010600103390019,서울특별시 구로구 고척동,서울특별시 구로구 중앙로15길 19 (고척동),근린생활2,제2종근린생활시설,10181100217272,지번
1153010200111240013,서울특별시 구로구 구로동,서울특별시 구로구 디지털로32길 97-13 (구로동),근린생활2,제2종근린생활시설,10181100200880,지번
1153010200111290065,서울특별시 구로구 구로동,서울특별시 구로구 디지털로32가길 76-9 (구로동),근린생활2,제2종근린생활시설,10181100203900,지번
1153010200111320018,서울특별시 구로구 구로동,서울특별시 구로구 시흥대로161가길 19-15 (구로동),근린생활2,제2종근린생활시설,10181100202621,지번
1153010200111320018,서울특별시 구로구 구로동,서울특별시 구로구 시흥대로161가길 19-15 (구로동),근린생활2,제2종근린생활시설,10181100202622,지번
1153010200105440000,서울특별시 구로구 구로동,서울특별시 구로구 공원로 83 (구로동),근린생활2,제2종근린생활시설,1018122022,지번
1153010700100630035,서울특별시 구로구 개봉동,서울특별시 구로구 고척로 101 (개봉동),근린생활1,제1종근린생활시설,1018110061,지번
1153010200101820001,서울특별시 구로구 구로동,서울특별시 구로구 디지털로35길 7 (구로동),근린생활2,제2종근린생활시설,10181100205000,지번
1153010800101820022,서울특별시 구로구 오류동,서울특별시 구로구 오리로 1158 (오류동),근린생활2,제2종근린생활시설,10181100204073,지번
1153010700102030007,서울특별시 구로구 개봉동,서울특별시 구로구 남부순환로97길 3 (개봉동),근린생활1,제1종근린생활시설,10181100208833,지번
1153011000100060000,서울특별시 구로구 온수동,서울특별시 구로구 부일로9길 69 (온수동),근린생활2,제2종근린생활시설,1018120570,지번
1153010200105470027,서울특별시 구로구 구로동,서울특별시 구로구 공원로11가길 19 (구로동),근린생활1,제1종근린생활시설,1018114377,지번
1153010700100680050,서울특별시 구로구 개봉동,서울특별시 구로구 고척로20길 7-12 (개봉동),근린생활2,제2종근린생활시설,10181100194325,지번
1153010600100570007,서울특별시 구로구 고척동,서울특별시 구로구 경인로47다길 41 (고척동),근린생활1,제1종근린생활시설,1018116036,지번
1153010200106000006,서울특별시 구로구 구로동,서울특별시 구로구 경인로 537 (구로동),근린생활2,제2종근린생활시설,101811272,지번
1153010200106000006,서울특별시 구로구 구로동,서울특별시 구로구 경인로 537 (구로동),근린생활2,업무시설,101811273,지번
1153010200106140066,서울특별시 구로구 구로동,서울특별시 구로구 경인로53길 135 (구로동),근린생활2,제2종근린생활시설,101816419,지번
1153010600100850015,서울특별시 구로구 고척동,서울특별시 구로구 경인로 367 (고척동),근린생활2,공장,1000000000000006990293,지번
1153010900100400004,서울특별시 구로구 궁동,서울특별시 구로구 오리로 1349 (궁동),근린생활1,제1종근린생활시설,10181100216412,지번
1153010800102030020,서울특별시 구로구 오류동,서울특별시 구로구 서해안로18길 1-1 (오류동),근린생활2,제2종근린생활시설,10181100211672,지번
1153010700104070012,서울특별시 구로구 개봉동,서울특별시 구로구 개봉로20길 54 (개봉동),근린생활1,제1종근린생활시설,101817776,지번
1153010200100310023,서울특별시 구로구 구로동,서울특별시 구로구 공원로6나길 17-5 (구로동),근린생활2,제2종근린생활시설,10181100190995,지번
1153010200101820025,서울특별시 구로구 구로동,서울특별시 구로구 디지털로35길 5 (구로동),근린생활2,제2종근린생활시설,10181100205980,지번
1153010200101250116,서울특별시 구로구 구로동,서울특별시 구로구 도림천로 378 (구로동),근린생활2,제2종근린생활시설,10181100201022,지번
1153010200111320010,서울특별시 구로구 구로동,서울특별시 구로구 시흥대로161가길 19-7 (구로동),근린생활2,제2종근린생활시설,10181100206300,지번
1153010800101650007,서울특별시 구로구 오류동,서울특별시 구로구 오류로 51 (오류동),근린생활1,제1종근린생활시설,1018110438,지번
1153010200107360011,서울특별시 구로구 구로동,서울특별시 구로구 구로동로18길 5 (구로동),근린생활1,제1종근린생활시설,1018116064,지번
1153010200111270020,서울특별시 구로구 구로동,서울특별시 구로구 시흥대로163길 18 (구로동),근린생활2,제2종근린생활시설,10181100187824,지번
1153010200111290017,서울특별시 구로구 구로동,서울특별시 구로구 디지털로32가길 70 (구로동),근린생활2,제2종근린생활시설,10181100189085,지번
1153010200101030010,서울특별시 구로구 구로동,서울특별시 구로구 가마산로 267 (구로동),근린생활1,제1종근린생활시설,10181100209832,지번
1153010900100980003,서울특별시 구로구 궁동,서울특별시 구로구 오리로17길 89 (궁동),근린생활2,제2종근린생활시설,10181100202460,지번
1153010700102610016,서울특별시 구로구 개봉동,서울특별시 구로구 개봉로18길 10 (개봉동),근린생활2,제2종근린생활시설,1018118924,지번
1153010200104940065,서울특별시 구로구 구로동,서울특별시 구로구 구로동로 228 (구로동),근린생활1,제1종근린생활시설,1018118200,지번
1153011000100410006,서울특별시 구로구 온수동,서울특별시 구로구 경인로 33 (온수동),근린생활2,제2종근린생활시설,101815851,지번
1153010200104480085,서울특별시 구로구 구로동,서울특별시 구로구 구로동로40길 41 (구로동),근린생활2,단독주택,10181100204300,지번
1153010200104700001,서울특별시 구로구 구로동,서울특별시 구로구 벚꽃로 470 (구로동),근린생활2,제2종근린생활시설,10181100201001,지번
1153010200111290056,서울특별시 구로구 구로동,서울특별시 구로구 디지털로32가길 76-1 (구로동),근린생활2,제2종근린생활시설,10181100196961,지번
1153011100100390001,서울특별시 구로구 천왕동,서울특별시 구로구 오리로 1073-7 (천왕동),근린생활1,제1종근린생활시설,10181100223373,지번
1153010100103880005,서울특별시 구로구 신도림동,서울특별시 구로구 신도림로 57 (신도림동),근린생활2,제2종근린생활시설,10181100223374,지번
1153010200100270000,서울특별시 구로구 구로동,서울특별시 구로구 새말로18길 20-11 (구로동),근린생활1,제1종근린생활시설,101815900,지번
1153010700103100038,서울특별시 구로구 개봉동,서울특별시 구로구 서해안로34가길 11-5 (개봉동),근린생활1,제1종근린생활시설,101818888,지번
1153010200101450008,서울특별시 구로구 구로동,서울특별시 구로구 도림로 82 (구로동),근린생활2,제2종근린생활시설,1018117812,지번
1153010200101000010,서울특별시 구로구 구로동,서울특별시 구로구 구로중앙로 76 (구로동),근린생활2,위험물저장및처리시설,10181100205021,지번
1153010200101000010,서울특별시 구로구 구로동,서울특별시 구로구 구로중앙로 76 (구로동),근린생활2,위험물저장및처리시설,10181100205022,지번
1153010200101000010,서울특별시 구로구 구로동,서울특별시 구로구 구로중앙로 76 (구로동),근린생활2,제2종근린생활시설,101813530,지번
1153010200103270019,서울특별시 구로구 구로동,서울특별시 구로구 구로동로26길 73 (구로동),근린생활1,제1종근린생활시설,1018123833,지번
1153010200105700108,서울특별시 구로구 구로동,서울특별시 구로구 새말로 18-45 (구로동),근린생활2,제2종근린생활시설,10181100221193,지번
1153010700103270038,서울특별시 구로구 개봉동,서울특별시 구로구 개봉로17가길 15 (개봉동),근린생활2,제2종근린생활시설,10181100224873,지번
1153010200100310017,서울특별시 구로구 구로동,서울특별시 구로구 공원로6나길 17-20 (구로동),근린생활2,제2종근린생활시설,10181100206822,지번
1153010700103700031,서울특별시 구로구 개봉동,서울특별시 구로구 개봉로3가길 59 (개봉동),근린생활2,제2종근린생활시설,101814644,지번
1153010200104700002,서울특별시 구로구 구로동,서울특별시 구로구 벚꽃로 468 (구로동),근린생활2,제2종근린생활시설,10181100201021,지번
1153010200111300004,서울특별시 구로구 구로동,서울특별시 구로구 시흥대로163길 17-3 (구로동),근린생활2,제2종근린생활시설,10181100192876,지번
1153011000100230027,서울특별시 구로구 온수동,서울특별시 구로구 부일로 855 (온수동),근린생활1,제1종근린생활시설,10181100226073,지번
1153010200107150004,서울특별시 구로구 구로동,서울특별시 구로구 구로동로 93 (구로동),근린생활1,제1종근린생활시설,1018115809,지번
1153010700101280001,서울특별시 구로구 개봉동,서울특별시 구로구 고척로30길 13-11 (개봉동),근린생활2,제2종근린생활시설,10181100201721,지번
1153010200111320014,서울특별시 구로구 구로동,서울특별시 구로구 시흥대로161길 24 (구로동),근린생활2,제2종근린생활시설,10181100190867,지번
1153010100102760032,서울특별시 구로구 신도림동,서울특별시 구로구 경인로67나길 45 (신도림동),근린생활1,업무시설,10181100217914,지번
1153010100102760032,서울특별시 구로구 신도림동,서울특별시 구로구 경인로67나길 45 (신도림동),근린생활1,제1종근린생활시설,10181100218012,지번
1153010600100730020,서울특별시 구로구 고척동,서울특별시 구로구 경인로 393 (고척동),근린생활2,제2종근린생활시설,10181100225853,지번
1153010200101120015,서울특별시 구로구 구로동,서울특별시 구로구 구로중앙로28길 49 (구로동),근린생활1,제1종근린생활시설,10181100207500,지번
1153011000101000095,서울특별시 구로구 온수동,서울특별시 구로구 부일로815번길 56-33 (온수동),근린생활2,제2종근린생활시설,101812510,지번
1153010200105190000,서울특별시 구로구 구로동,서울특별시 구로구 구로중앙로32길 12 (구로동),근린생활2,제2종근린생활시설,10181100192016,지번
1153011000100220014,서울특별시 구로구 온수동,서울특별시 구로구 부일로1길 4 (온수동),근린생활1,제1종근린생활시설,1018114935,지번
1153011000100220005,서울특별시 구로구 온수동,서울특별시 구로구 부일로1길 26-13 (온수동),근린생활2,제2종근린생활시설,101813644,지번
1153010200101250098,서울특별시 구로구 구로동,서울특별시 구로구 도림천로 376 (구로동),근린생활2,제2종근린생활시설,10181100200960,지번
1153011200100120018,서울특별시 구로구 항동,서울특별시 구로구 연동로 271 (항동),근린생활2,제2종근린생활시설,1018110499,지번
1153011000100450051,서울특별시 구로구 온수동,서울특별시 구로구 경인로3길 61 (온수동),근린생활2,제2종근린생활시설,1018113192,지번
1153011000100530004,서울특별시 구로구 온수동,서울특별시 구로구 경인로3길 82 (온수동),근린생활2,제2종근린생활시설,1018110627,지번
1153010700103270051,서울특별시 구로구 개봉동,서울특별시 구로구 개봉로17길 12 (개봉동),근린생활1,제1종근린생활시설,10181100208612,지번
1153010800100060072,서울특별시 구로구 오류동,서울특별시 구로구 고척로1길 14-29 (오류동),근린생활2,제2종근린생활시설,10181100205120,지번
1153011000100540002,서울특별시 구로구 온수동,서울특별시 구로구 경인로3길 93 (온수동),근린생활2,제2종근린생활시설,1018114617,지번
1153011000100450034,서울특별시 구로구 온수동,서울특별시 구로구 경인로3길 97 (온수동),근린생활1,제1종근린생활시설,101819682,지번
1153011000100450031,서울특별시 구로구 온수동,서울특별시 구로구 경인로3길 97 (온수동),근린생활1,공동주택,101813609,지번
1153011000100450031,서울특별시 구로구 온수동,서울특별시 구로구 경인로3길 97 (온수동),근린생활1,공동주택,101813610,지번
1153011000100450031,서울특별시 구로구 온수동,서울특별시 구로구 경인로3길 97 (온수동),근린생활1,공동주택,101813611,지번
1153011000100450031,서울특별시 구로구 온수동,서울특별시 구로구 경인로3길 97 (온수동),근린생활1,공동주택,101813612,지번
1153011000100450031,서울특별시 구로구 온수동,서울특별시 구로구 경인로3길 97 (온수동),근린생활1,공동주택,101813613,지번
1153011000100450031,서울특별시 구로구 온수동,서울특별시 구로구 경인로3길 97 (온수동),근린생활1,공동주택,101813614,지번
1153011000100450031,서울특별시 구로구 온수동,서울특별시 구로구 경인로3길 97 (온수동),근린생활1,공동주택,101813615,지번
1153011000100450031,서울특별시 구로구 온수동,서울특별시 구로구 경인로3길 97 (온수동),근린생활1,공동주택,101813616,지번
1153011000100450031,서울특별시 구로구 온수동,서울특별시 구로구 경인로3길 97 (온수동),근린생활1,공동주택,101813617,지번
1153011000100450031,서울특별시 구로구 온수동,서울특별시 구로구 경인로3길 97 (온수동),근린생활1,공동주택,101813618,지번
1153011000100450031,서울특별시 구로구 온수동,서울특별시 구로구 경인로3길 97 (온수동),근린생활1,제1종근린생활시설,101816639,지번
1153011000100570001,서울특별시 구로구 온수동,서울특별시 구로구 부일로 847 (온수동),근린생활2,제2종근린생활시설,1018123182,지번
1153011000100590004,서울특별시 구로구 온수동,서울특별시 구로구 부일로1가길 13 (온수동),근린생활2,제2종근린생활시설,101812517,지번
1153011000100590004,서울특별시 구로구 온수동,서울특별시 구로구 부일로1가길 7 (온수동),근린생활2,제1종근린생활시설,101812518,지번
1153011200100010000,서울특별시 구로구 항동,,근린생활1,단독주택,101813655,지번
1153011200100010000,서울특별시 구로구 항동,,근린생활1,단독주택,101813656,지번
1153011200100010000,서울특별시 구로구 항동,,근린생활1,단독주택,101813657,지번
1153011200100010000,서울특별시 구로구 항동,서울특별시 구로구 연동로 306 (항동),근린생활1,공동주택,101813697,지번
1153011200100010000,서울특별시 구로구 항동,서울특별시 구로구 연동로 306 (항동),근린생활1,제1종근린생활시설,101813698,지번
1153011200100010000,서울특별시 구로구 항동,서울특별시 구로구 연동로 306 (항동),근린생활1,공동주택,101813699,지번
1153011200100010000,서울특별시 구로구 항동,서울특별시 구로구 연동로 306 (항동),근린생활1,공동주택,101813700,지번
1153011200100010000,서울특별시 구로구 항동,서울특별시 구로구 연동로 306 (항동),근린생활1,공동주택,101813701,지번
1153011200100010000,서울특별시 구로구 항동,서울특별시 구로구 연동로 306 (항동),근린생활1,공동주택,101813702,지번
1153011200100010000,서울특별시 구로구 항동,서울특별시 구로구 연동로 306 (항동),근린생활1,공동주택,101813703,지번
1153011200100010000,서울특별시 구로구 항동,서울특별시 구로구 연동로 306 (항동),근린생활1,공동주택,101813704,지번
1153010800101080029,서울특별시 구로구 오류동,서울특별시 구로구 연동로 324 (오류동),근린생활1,제1종근린생활시설,1018110154,지번
1153011200102330000,서울특별시 구로구 항동,서울특별시 구로구 연동로13길 25 (항동),근린생활1,제1종근린생활시설,101812075,지번
1153011200102330000,서울특별시 구로구 항동,서울특별시 구로구 연동로13길 25 (항동),근린생활1,공동주택,101812080,지번
1153011200102330000,서울특별시 구로구 항동,서울특별시 구로구 연동로13길 25 (항동),근린생활1,공동주택,101812081,지번
1153011200102330000,서울특별시 구로구 항동,서울특별시 구로구 연동로13길 25 (항동),근린생활1,공동주택,101812082,지번
1153011200102330000,서울특별시 구로구 항동,서울특별시 구로구 연동로13길 25 (항동),근린생활1,공동주택,101812083,지번
1153011200102330000,서울특별시 구로구 항동,서울특별시 구로구 연동로13길 25 (항동),근린생활1,공동주택,101812084,지번
1153011200102330000,서울특별시 구로구 항동,서울특별시 구로구 연동로13길 25 (항동),근린생활1,공동주택,101812085,지번
1153011200102330000,서울특별시 구로구 항동,서울특별시 구로구 연동로13길 25 (항동),근린생활1,공동주택,101812086,지번
1153011200102330000,서울특별시 구로구 항동,서울특별시 구로구 연동로13길 25 (항동),근린생활1,공동주택,101812087,지번
1153011200102330000,서울특별시 구로구 항동,서울특별시 구로구 연동로13길 25 (항동),근린생활1,공동주택,101812088,지번
1153011200102330000,서울특별시 구로구 항동,서울특별시 구로구 연동로13길 25 (항동),근린생활1,공동주택,101812089,지번
1153011200102330000,서울특별시 구로구 항동,서울특별시 구로구 연동로13길 25 (항동),근린생활1,공동주택,101812090,지번
1153011000100450024,서울특별시 구로구 온수동,서울특별시 구로구 경인로 15-20 (온수동),근린생활1,제1종근린생활시설,1018119772,지번
1153011000100210001,서울특별시 구로구 온수동,서울특별시 구로구 부일로1길 23 (온수동),근린생활1,제1종근린생활시설,1018112634,지번
1153011000100590018,서울특별시 구로구 온수동,서울특별시 구로구 부일로 833 (온수동),근린생활2,창고시설,101812222,지번
1153011000100590018,서울특별시 구로구 온수동,서울특별시 구로구 부일로 833 (온수동),근린생활2,제2종근린생활시설,101812223,지번
1153011000100590005,서울특별시 구로구 온수동,서울특별시 구로구 부일로 831 (온수동),근린생활2,제2종근린생활시설,1018118254,지번
1153010700104160040,서울특별시 구로구 개봉동,서울특별시 구로구 경인로31길 41 (개봉동),근린생활1,제1종근린생활시설,1018123059,지번
1153011000100440001,서울특별시 구로구 온수동,서울특별시 구로구 경인로 31-9 (온수동),판매시설,공동주택,101811955,지번
1153011000100440001,서울특별시 구로구 온수동,서울특별시 구로구 경인로 31-9 (온수동),판매시설,공동주택,101811956,지번
1153011000100440001,서울특별시 구로구 온수동,서울특별시 구로구 경인로 31-9 (온수동),판매시설,공동주택,101811957,지번
1153011000100440001,서울특별시 구로구 온수동,서울특별시 구로구 경인로 19 (온수동),판매시설,판매시설,101811958,지번
1153011000100440001,서울특별시 구로구 온수동,서울특별시 구로구 경인로 31-9 (온수동),판매시설,공동주택,101811959,지번
1153011000100440001,서울특별시 구로구 온수동,서울특별시 구로구 경인로 31-9 (온수동),판매시설,공동주택,101811960,지번
1153011000100440001,서울특별시 구로구 온수동,서울특별시 구로구 경인로 31-9 (온수동),판매시설,공동주택,101811961,지번
1153011000100440001,서울특별시 구로구 온수동,서울특별시 구로구 경인로 31-9 (온수동),판매시설,공동주택,101811962,지번
1153011000100440001,서울특별시 구로구 온수동,서울특별시 구로구 경인로 31-9 (온수동),판매시설,공동주택,101811963,지번
1153011000100440001,서울특별시 구로구 온수동,서울특별시 구로구 경인로 31-10 (온수동),판매시설,공동주택,101811964,지번
1153010200100310013,서울특별시 구로구 구로동,서울특별시 구로구 공원로6나길 17-8 (구로동),근린생활2,제2종근린생활시설,10181100204841,지번
1153010200100410014,서울특별시 구로구 구로동,서울특별시 구로구 공원로8길 49 (구로동),근린생활2,제2종근린생활시설,10181100197280,지번
1153010200101030000,서울특별시 구로구 구로동,서울특별시 구로구 가마산로23길 10 (구로동),근린생활2,제2종근린생활시설,10181100192376,지번
1153011000100610001,서울특별시 구로구 온수동,서울특별시 구로구 부일로1가길 8 (온수동),근린생활2,제2종근린생활시설,1018120073,지번
1153010200100310014,서울특별시 구로구 구로동,서울특별시 구로구 공원로6나길 17-12 (구로동),근린생활2,제2종근린생활시설,10181100204840,지번
1153011000100230010,서울특별시 구로구 온수동,서울특별시 구로구 부일로1길 22 (온수동),근린생활2,제2종근린생활시설,1018119460,지번
1153010900102410016,서울특별시 구로구 궁동,서울특별시 구로구 부일로9길 116 (궁동),근린생활1,제1종근린생활시설,1018112353,지번
1153010900102380000,서울특별시 구로구 궁동,서울특별시 구로구 부일로9길 98 (궁동),근린생활2,공동주택,101813405,지번
1153010900102380000,서울특별시 구로구 궁동,서울특별시 구로구 부일로9길 90-10 (궁동),근린생활2,공동주택,101813406,지번
1153010900102380000,서울특별시 구로구 궁동,서울특별시 구로구 부일로9길 90-10 (궁동),근린생활2,공동주택,101813407,지번
1153010900102380000,서울특별시 구로구 궁동,서울특별시 구로구 부일로9길 92 (궁동),근린생활2,제2종근린생활시설,101813408,지번
1153010900102380000,서울특별시 구로구 궁동,서울특별시 구로구 부일로9길 98 (궁동),근린생활2,공동주택,101813409,지번
1153010900102380000,서울특별시 구로구 궁동,서울특별시 구로구 부일로9길 98 (궁동),근린생활2,공동주택,101813410,지번
1153011000101300003,서울특별시 구로구 온수동,서울특별시 구로구 부일로9길 135-6 (온수동),근린생활2,제2종근린생활시설,1018114774,지번
1153011000100590006,서울특별시 구로구 온수동,서울특별시 구로구 부일로1가길 21 (온수동),근린생활2,제2종근린생활시설,10181100189386,지번
1153011000101550001,서울특별시 구로구 온수동,서울특별시 구로구 부일로9길 135 (온수동),근린생활1,제1종근린생활시설,10181100188946,지번
1153011000100050001,서울특별시 구로구 온수동,서울특별시 구로구 부일로9길 87 (온수동),근린생활2,제2종근린생활시설,101819519,지번
1153010200111300043,서울특별시 구로구 구로동,서울특별시 구로구 시흥대로161가길 22 (구로동),근린생활2,제2종근린생활시설,10181100196239,지번
1153010200111290008,서울특별시 구로구 구로동,서울특별시 구로구 디지털로32가길 54 (구로동),근린생활2,제2종근린생활시설,10181100201099,지번
1153011000100100005,서울특별시 구로구 온수동,서울특별시 구로구 부일로 871-10 (온수동),근린생활2,제2종근린생활시설,1018113820,지번
1153011000100100002,서울특별시 구로구 온수동,서울특별시 구로구 부일로7길 7 (온수동),근린생활1,제1종근린생활시설,1018115031,지번
1153011000101000005,서울특별시 구로구 온수동,서울특별시 구로구 부일로1나길 22-26 (온수동),근린생활2,제2종근린생활시설,101813441,지번
1153011000101000005,서울특별시 구로구 온수동,서울특별시 구로구 부일로1나길 22-26 (온수동),근린생활2,공장,101813442,지번
1153011000101000005,서울특별시 구로구 온수동,서울특별시 구로구 부일로1나길 22-26 (온수동),근린생활2,공장,101813443,지번
1153011000100450001,서울특별시 구로구 온수동,서울특별시 구로구 경인로 11 (온수동),근린생활1,제1종근린생활시설,101816214,지번
1153011000101000073,서울특별시 구로구 온수동,서울특별시 구로구 부일로1가길 50 (온수동),근린생활2,제2종근린생활시설,101813601,지번
1153011000101000073,서울특별시 구로구 온수동,서울특별시 구로구 부일로1가길 54 (온수동),근린생활2,공장,101813602,지번
1153010200111290022,서울특별시 구로구 구로동,서울특별시 구로구 디지털로32가길 76-29 (구로동),근린생활2,제2종근린생활시설,10181100192616,지번
1153010200111290063,서울특별시 구로구 구로동,서울특별시 구로구 디지털로32가길 96 (구로동),근린생활2,제2종근린생활시설,10181100207460,지번
1153010600100980078,서울특별시 구로구 고척동,서울특별시 구로구 고척로52길 109 (고척동),근린생활1,제1종근린생활시설,1018118073,지번
1153010200101270045,서울특별시 구로구 구로동,서울특별시 구로구 구로중앙로12길 38 (구로동),근린생활1,제1종근린생활시설,1018116693,지번
1153010600101610055,서울특별시 구로구 고척동,서울특별시 구로구 고척로 190 (고척동),근린생활2,제2종근린생활시설,10181100206540,지번
1153010600101650005,서울특별시 구로구 고척동,서울특별시 구로구 고척로 195 (고척동),근린생활1,제1종근린생활시설,10181100207161,지번
1153011000100610018,서울특별시 구로구 온수동,서울특별시 구로구 부일로1가길 18-10 (온수동),근린생활1,제1종근린생활시설,1018123902,지번
1153010700100380009,서울특별시 구로구 개봉동,서울특별시 구로구 고척로21나길 40 (개봉동),근린생활2,제2종근린생활시설,10181100192598,지번
1153010200111290005,서울특별시 구로구 구로동,서울특별시 구로구 디지털로32가길 46-3 (구로동),근린생활2,제2종근린생활시설,10181100192178,지번
1153010200111290029,서울특별시 구로구 구로동,서울특별시 구로구 디지털로32가길 76-11 (구로동),근린생활2,제2종근린생활시설,10181100201098,지번
1153011000101000004,서울특별시 구로구 온수동,서울특별시 구로구 부일로1나길 22-36 (온수동),근린생활1,제1종근린생활시설,1018117583,지번
1153010800102690003,서울특별시 구로구 오류동,서울특별시 구로구 서해안로 2239 (오류동),근린생활2,제2종근린생활시설,10181100208672,지번
1153010200111290012,서울특별시 구로구 구로동,서울특별시 구로구 디지털로32가길 56-3 (구로동),근린생활2,제2종근린생활시설,10181100204820,지번
1153010200111290046,서울특별시 구로구 구로동,서울특별시 구로구 디지털로32가길 86-5 (구로동),근린생활2,제2종근린생활시설,10181100207921,지번
1153010200111300044,서울특별시 구로구 구로동,서울특별시 구로구 시흥대로161가길 18-3 (구로동),근린생활2,제2종근린생활시설,10181100196183,지번
1153010200111320009,서울특별시 구로구 구로동,서울특별시 구로구 시흥대로161가길 19-3 (구로동),근린생활2,제2종근린생활시설,10181100200871,지번
1153010200111320032,서울특별시 구로구 구로동,서울특별시 구로구 시흥대로161가길 23-9 (구로동),근린생활2,제2종근린생활시설,10181100194296,지번
1153011000100450032,서울특별시 구로구 온수동,서울특별시 구로구 경인로 5 (온수동),근린생활1,제1종근린생활시설,1018118400,지번
1153011000100450032,서울특별시 구로구 온수동,서울특별시 구로구 경인로 15-7 (온수동),근린생활1,공동주택,101813619,지번
1153011000100450032,서울특별시 구로구 온수동,서울특별시 구로구 경인로 15-7 (온수동),근린생활1,공동주택,101813620,지번
1153011000100450032,서울특별시 구로구 온수동,서울특별시 구로구 경인로 15-7 (온수동),근린생활1,공동주택,101813621,지번
1153011000100450032,서울특별시 구로구 온수동,서울특별시 구로구 경인로 15-7 (온수동),근린생활1,공동주택,101813622,지번
1153011000100450032,서울특별시 구로구 온수동,서울특별시 구로구 경인로 15-7 (온수동),근린생활1,공동주택,101813623,지번
1153011000100450032,서울특별시 구로구 온수동,서울특별시 구로구 경인로 15-7 (온수동),근린생활1,공동주택,101813624,지번
1153011000100450032,서울특별시 구로구 온수동,서울특별시 구로구 경인로 15-7 (온수동),근린생활1,공동주택,101813625,지번
1153011000100450032,서울특별시 구로구 온수동,서울특별시 구로구 경인로 15-7 (온수동),근린생활1,공동주택,101813626,지번
1153011000100450032,서울특별시 구로구 온수동,서울특별시 구로구 경인로 15-7 (온수동),근린생활1,공동주택,101813627,지번
1153011000100450032,서울특별시 구로구 온수동,서울특별시 구로구 경인로 15-7 (온수동),근린생활1,공동주택,101813628,지번
1153011000100450032,서울특별시 구로구 온수동,서울특별시 구로구 경인로 15-7 (온수동),근린생활1,공동주택,101813629,지번
1153011000100450032,서울특별시 구로구 온수동,서울특별시 구로구 경인로 15-7 (온수동),근린생활1,공동주택,101813630,지번
1153011000100220001,서울특별시 구로구 온수동,서울특별시 구로구 부일로1길 30 (온수동),근린생활2,제2종근린생활시설,101816974,지번
1153011000101200006,서울특별시 구로구 온수동,서울특별시 구로구 부일로1길 48 (온수동),근린생활2,제2종근린생활시설,101818351,지번
1153011000101200002,서울특별시 구로구 온수동,서울특별시 구로구 부일로1길 58 (온수동),근린생활2,제2종근린생활시설,1018111315,지번
1153010800101370061,서울특별시 구로구 오류동,서울특별시 구로구 오류로8길 79 (오류동),근린생활1,제1종근린생활시설,1018119199,지번
1153010800100250017,서울특별시 구로구 오류동,서울특별시 구로구 경인로23길 25 (오류동),근린생활1,제1종근린생활시설,1018120439,지번
1153010800101930012,서울특별시 구로구 오류동,서울특별시 구로구 서해안로21길 38 (오류동),근린생활2,제2종근린생활시설,10181100222913,지번
1153010800101910002,서울특별시 구로구 오류동,서울특별시 구로구 서해안로 2271 (오류동),근린생활2,제2종근린생활시설,10181100220753,지번
1153010800102690001,서울특별시 구로구 오류동,서울특별시 구로구 서해안로 2243 (오류동),근린생활2,제2종근린생활시설,10181100212795,지번
1153010800102030018,서울특별시 구로구 오류동,서울특별시 구로구 서해안로 2262-1 (오류동),근린생활1,제1종근린생활시설,10181100203813,지번
1153010800101430010,서울특별시 구로구 오류동,서울특별시 구로구 오류로8길 142-2 (오류동),근린생활2,제2종근린생활시설,10181100192566,지번
1153010800101600002,서울특별시 구로구 오류동,서울특별시 구로구 서해안로 2295 (오류동),근린생활1,제1종근린생활시설,10181100186457,지번
1153011100100100021,서울특별시 구로구 천왕동,서울특별시 구로구 오리로3길 9-7 (천왕동),근린생활2,제2종근린생활시설,10181100183253,지번
1153010800101450092,서울특별시 구로구 오류동,서울특별시 구로구 오류로8바길 54 (오류동),근린생활2,제2종근린생활시설,1018114134,지번
1153011000100570009,서울특별시 구로구 온수동,서울특별시 구로구 부일로1길 7 (온수동),근린생활1,제1종근린생활시설,1018113468,지번
1153010200103130089,서울특별시 구로구 구로동,서울특별시 구로구 구로동로26길 102 (구로동),근린생활1,제1종근린생활시설,1018111196,지번
1153010200105030003,서울특별시 구로구 구로동,서울특별시 구로구 구로동로42길 73 (구로동),근린생활1,제1종근린생활시설,1018111464,지번
1153010200105150010,서울특별시 구로구 구로동,서울특별시 구로구 구로중앙로 113 (구로동),근린생활1,제1종근린생활시설,1018112744,지번
1153010200104340017,서울특별시 구로구 구로동,서울특별시 구로구 구로동로38길 42 (구로동),근린생활1,제1종근린생활시설,1018112704,지번
1153010200104870085,서울특별시 구로구 구로동,서울특별시 구로구 구로동로42길 3 (구로동),근린생활1,제1종근린생활시설,1018111924,지번
1153010200104690028,서울특별시 구로구 구로동,서울특별시 구로구 벚꽃로76길 20-10 (구로동),근린생활1,제1종근린생활시설,101811178,지번
1153010200104690028,서울특별시 구로구 구로동,서울특별시 구로구 벚꽃로76길 20-10 (구로동),근린생활1,단독주택,101811179,지번
1153010200103270022,서울특별시 구로구 구로동,서울특별시 구로구 구로동로28길 64-9 (구로동),근린생활2,제2종근린생활시설,1018113457,지번
1153010200104290041,서울특별시 구로구 구로동,서울특별시 구로구 구로동로28길 59 (구로동),근린생활1,제1종근린생활시설,1018113381,지번
1153010200104260068,서울특별시 구로구 구로동,서울특별시 구로구 가마산로 207 (구로동),근린생활1,제1종근린생활시설,1018113352,지번
1153010200104480028,서울특별시 구로구 구로동,서울특별시 구로구 구로중앙로27나길 32 (구로동),근린생활1,제1종근린생활시설,1018113288,지번
1153010200104420180,서울특별시 구로구 구로동,서울특별시 구로구 구로중앙로 80 (구로동),근린생활1,제1종근린생활시설,1018113917,지번
1153010200100230008,서울특별시 구로구 구로동,서울특별시 구로구 공원로8길 13 (구로동),근린생활2,제2종근린생활시설,1018113586,지번
1153010700103140094,서울특별시 구로구 개봉동,서울특별시 구로구 개봉로1라길 10-4 (개봉동),근린생활1,제1종근린생활시설,1018114884,지번
1153010700104030103,서울특별시 구로구 개봉동,서울특별시 구로구 개봉로 57 (개봉동),근린생활1,제1종근린생활시설,1018115381,지번
1153010700104030046,서울특별시 구로구 개봉동,서울특별시 구로구 개봉로 58 (개봉동),근린생활2,제2종근린생활시설,1018116804,지번
1153010700100380027,서울특별시 구로구 개봉동,서울특별시 구로구 고척로21나길 45 (개봉동),근린생활1,제1종근린생활시설,1018116558,지번
1153010700103570032,서울특별시 구로구 개봉동,서울특별시 구로구 개봉로3길 50 (개봉동),근린생활1,제1종근린생활시설,1018116557,지번
1153010700103580022,서울특별시 구로구 개봉동,서울특별시 구로구 개봉로3길 20 (개봉동),근린생활2,제2종근린생활시설,1018116513,지번
1153010700104030063,서울특별시 구로구 개봉동,서울특별시 구로구 개봉로 43-1 (개봉동),근린생활1,제1종근린생활시설,1018116377,지번
1153010700104030062,서울특별시 구로구 개봉동,서울특별시 구로구 개봉로 45 (개봉동),근린생활1,제1종근린생활시설,1018115860,지번
1153010700104030147,서울특별시 구로구 개봉동,서울특별시 구로구 개봉로 38 (개봉동),근린생활2,제2종근린생활시설,1018115778,지번
1153010700103590012,서울특별시 구로구 개봉동,서울특별시 구로구 개봉로3길 33 (개봉동),근린생활1,제1종근린생활시설,1018115639,지번
1153010700103280012,서울특별시 구로구 개봉동,서울특별시 구로구 개봉로15길 8 (개봉동),근린생활1,제1종근린생활시설,1018119529,지번
1153010700103680014,서울특별시 구로구 개봉동,서울특별시 구로구 개봉로1나길 26 (개봉동),근린생활2,제2종근린생활시설,1018119456,지번
1153010700103250019,서울특별시 구로구 개봉동,서울특별시 구로구 개봉로17나길 29 (개봉동),근린생활2,제2종근린생활시설,1018119213,지번
1153010700103470007,서울특별시 구로구 개봉동,서울특별시 구로구 개봉로11길 10-50 (개봉동),근린생활1,제1종근린생활시설,1018119183,지번
1153010700103590044,서울특별시 구로구 개봉동,서울특별시 구로구 개봉로1가길 18 (개봉동),근린생활1,제1종근린생활시설,1018117461,지번
1153010200104420195,서울특별시 구로구 구로동,서울특별시 구로구 구로중앙로 81-1 (구로동),근린생활1,제1종근린생활시설,1018113552,지번
1153010200100490004,서울특별시 구로구 구로동,서울특별시 구로구 공원로 22 (구로동),근린생활2,제2종근린생활시설,1018113474,지번
1153010200103940004,서울특별시 구로구 구로동,서울특별시 구로구 가마산로 161 (구로동),근린생활1,제1종근린생활시설,1018111217,지번
1153010200105070005,서울특별시 구로구 구로동,서울특별시 구로구 구로동로42길 54-3 (구로동),근린생활1,제1종근린생활시설,1018110589,지번
1153010200104290053,서울특별시 구로구 구로동,서울특별시 구로구 구로동로28길 45 (구로동),근린생활1,제1종근린생활시설,1018116502,지번
1153010200105100000,서울특별시 구로구 구로동,서울특별시 구로구 구로중앙로27길 21 (구로동),근린생활2,제2종근린생활시설,1018116729,지번
1153010200105160005,서울특별시 구로구 구로동,서울특별시 구로구 구로중앙로 110 (구로동),근린생활1,제1종근린생활시설,1018117492,지번
1153010200104480031,서울특별시 구로구 구로동,서울특별시 구로구 구로중앙로27나길 38 (구로동),근린생활1,제1종근린생활시설,1018117553,지번
1153011000100860009,서울특별시 구로구 온수동,서울특별시 구로구 부일로1길 128-32 (온수동),근린생활2,제2종근린생활시설,1018117942,지번
1153010200104860053,서울특별시 구로구 구로동,서울특별시 구로구 구로동로 217 (구로동),근린생활1,제1종근린생활시설,1018116376,지번
1153010200105010009,서울특별시 구로구 구로동,서울특별시 구로구 구로중앙로34길 26 (구로동),근린생활1,제1종근린생활시설,1018116202,지번
1153010200105110071,서울특별시 구로구 구로동,서울특별시 구로구 구로중앙로27가길 5-2 (구로동),근린생활1,제1종근린생활시설,1018116008,지번
1153010200104900010,서울특별시 구로구 구로동,서울특별시 구로구 구로동로48길 19 (구로동),근린생활2,제2종근린생활시설,1018115924,지번
1153010200104160010,서울특별시 구로구 구로동,서울특별시 구로구 구로동로 166 (구로동),근린생활1,제1종근린생활시설,1018115916,지번
1153010700104160146,서울특별시 구로구 개봉동,서울특별시 구로구 개봉로23가길 30 (개봉동),근린생활2,제2종근린생활시설,1018120759,지번
1153010700103480013,서울특별시 구로구 개봉동,서울특별시 구로구 개봉로 15-8 (개봉동),근린생활1,제1종근린생활시설,1018120640,지번
1153010700103100006,서울특별시 구로구 개봉동,서울특별시 구로구 서해안로34길 10-1 (개봉동),근린생활2,제2종근린생활시설,1018120487,지번
1153010700103020022,서울특별시 구로구 개봉동,서울특별시 구로구 개봉로17길 8 (개봉동),근린생활2,제2종근린생활시설,1018120368,지번
1153010700103590011,서울특별시 구로구 개봉동,서울특별시 구로구 개봉로3길 31 (개봉동),근린생활1,제1종근린생활시설,1018120324,지번
1153010700104030101,서울특별시 구로구 개봉동,서울특별시 구로구 개봉로 46 (개봉동),근린생활1,제1종근린생활시설,1018123941,지번
1153010700104030143,서울특별시 구로구 개봉동,서울특별시 구로구 개봉로 40 (개봉동),근린생활1,제1종근린생활시설,1018120880,지번
1153010700104160013,서울특별시 구로구 개봉동,서울특별시 구로구 개봉로23가길 28 (개봉동),근린생활2,제2종근린생활시설,1018124969,지번
1153010700104030225,서울특별시 구로구 개봉동,서울특별시 구로구 개봉로 72 (개봉동),근린생활1,제1종근린생활시설,1018124847,지번
1153010700104030094,서울특별시 구로구 개봉동,서울특별시 구로구 개봉로 11 (개봉동),근린생활1,제1종근린생활시설,1018124835,지번
1153010700103680012,서울특별시 구로구 개봉동,서울특별시 구로구 개봉로1나길 20 (개봉동),근린생활1,제1종근린생활시설,1018124817,지번
1153010700104030092,서울특별시 구로구 개봉동,서울특별시 구로구 개봉로 17-1 (개봉동),근린생활2,제2종근린생활시설,1018124457,지번
1153010700103610004,서울특별시 구로구 개봉동,서울특별시 구로구 개봉로3길 61 (개봉동),근린생활2,제2종근린생활시설,1018124454,지번
1153010700104030166,서울특별시 구로구 개봉동,서울특별시 구로구 개봉로 24-2 (개봉동),근린생활1,제1종근린생활시설,1018122415,지번
1153010200100300031,서울특별시 구로구 구로동,서울특별시 구로구 새말로16길 33 (구로동),근린생활1,제1종근린생활시설,1018115699,지번
1153010200104310011,서울특별시 구로구 구로동,서울특별시 구로구 가마산로21길 7 (구로동),근린생활1,제1종근린생활시설,1018115658,지번
1153010200104420177,서울특별시 구로구 구로동,서울특별시 구로구 구로중앙로 84 (구로동),근린생활1,제1종근린생활시설,1018114378,지번
1153010200104140022,서울특별시 구로구 구로동,서울특별시 구로구 구로동로35길 21 (구로동),근린생활1,제1종근린생활시설,1018118071,지번
1153010200104960119,서울특별시 구로구 구로동,서울특별시 구로구 구로동로 235 (구로동),근린생활1,제1종근린생활시설,1018118059,지번
1153010200105130044,서울특별시 구로구 구로동,서울특별시 구로구 구로중앙로26길 32 (구로동),근린생활1,제1종근린생활시설,1018117998,지번
1153010200104910002,서울특별시 구로구 구로동,서울특별시 구로구 구로동로42길 59-12 (구로동),근린생활1,제1종근린생활시설,1018115471,지번
1153010200104240016,서울특별시 구로구 구로동,서울특별시 구로구 구로동로38길 21 (구로동),근린생활1,제1종근린생활시설,1018115126,지번
1153010200111310009,서울특별시 구로구 구로동,서울특별시 구로구 디지털로32다길 55 (구로동),근린생활1,제1종근린생활시설,101811498,지번
1153010200111310009,서울특별시 구로구 구로동,서울특별시 구로구 시흥대로 527 (구로동),근린생활1,제1종근린생활시설,101811499,지번
1153010200104160028,서울특별시 구로구 구로동,서울특별시 구로구 구로동로 168 (구로동),근린생활1,제1종근린생활시설,1018114914,지번
1153010700103590014,서울특별시 구로구 개봉동,서울특별시 구로구 개봉로3가길 7 (개봉동),근린생활1,제1종근린생활시설,1018122051,지번
1153010700103240008,서울특별시 구로구 개봉동,서울특별시 구로구 개봉로17라길 14 (개봉동),근린생활2,제2종근린생활시설,1018121783,지번
1153010700102890005,서울특별시 구로구 개봉동,서울특별시 구로구 개봉로10길 9 (개봉동),근린생활1,제1종근린생활시설,1018121564,지번
1153010700103440029,서울특별시 구로구 개봉동,서울특별시 구로구 개봉로11길 28-15 (개봉동),근린생활2,제2종근린생활시설,1018121195,지번
1153010700100330037,서울특별시 구로구 개봉동,서울특별시 구로구 고척로21나길 20 (개봉동),근린생활1,제1종근린생활시설,1018123212,지번
1153010700102790019,서울특별시 구로구 개봉동,서울특별시 구로구 개봉로10길 15 (개봉동),근린생활2,제2종근린생활시설,1018123093,지번
1153010700103560013,서울특별시 구로구 개봉동,서울특별시 구로구 개봉로3길 86 (개봉동),근린생활1,제1종근린생활시설,1018124057,지번
1153010700103430013,서울특별시 구로구 개봉동,서울특별시 구로구 개봉로11길 40 (개봉동),근린생활1,제1종근린생활시설,101814625,지번
1153010200111300026,서울특별시 구로구 구로동,서울특별시 구로구 디지털로32다길 58 (구로동),근린생활2,제2종근린생활시설,101814980,지번
1153010700102800031,서울특별시 구로구 개봉동,서울특별시 구로구 개봉로2길 49 (개봉동),근린생활2,제2종근린생활시설,101815005,지번
1153010700103600007,서울특별시 구로구 개봉동,서울특별시 구로구 개봉로3길 47-5 (개봉동),근린생활1,제1종근린생활시설,1018113398,지번
1153010200105490018,서울특별시 구로구 구로동,서울특별시 구로구 구로중앙로28길 31-51 (구로동),근린생활1,제1종근린생활시설,1018112994,지번
1153010600102670015,서울특별시 구로구 고척동,서울특별시 구로구 경인로35길 147 (고척동),근린생활1,제1종근린생활시설,1018111583,지번
1153010800100530012,서울특별시 구로구 오류동,서울특별시 구로구 경인로 202-2 (오류동),근린생활1,제1종근린생활시설,101815174,지번
1153010200107370016,서울특별시 구로구 구로동,서울특별시 구로구 구로동로 102 (구로동),근린생활1,제1종근린생활시설,101814635,지번
1153010700103590009,서울특별시 구로구 개봉동,서울특별시 구로구 개봉로3길 25 (개봉동),근린생활1,제1종근린생활시설,101815478,지번
1153010200104130107,서울특별시 구로구 구로동,서울특별시 구로구 가마산로 198 (구로동),근린생활2,제2종근린생활시설,101815853,지번
1153010700104030131,서울특별시 구로구 개봉동,서울특별시 구로구 개봉로 39-2 (개봉동),근린생활1,제1종근린생활시설,101817144,지번
1153010800101870024,서울특별시 구로구 오류동,서울특별시 구로구 서해안로20길 24 (오류동),근린생활1,제1종근린생활시설,1018118412,지번
1153010800100510013,서울특별시 구로구 오류동,서울특별시 구로구 경인로 198-3 (오류동),근린생활1,제1종근린생활시설,1018113177,지번
1153010800103150011,서울특별시 구로구 오류동,서울특별시 구로구 고척로6길 53 (오류동),근린생활1,제1종근린생활시설,1018113028,지번
1153010800101370023,서울특별시 구로구 오류동,서울특별시 구로구 오류로8길 87 (오류동),근린생활2,제2종근린생활시설,1018112654,지번
1153010800102030019,서울특별시 구로구 오류동,서울특별시 구로구 서해안로 2262 (오류동),근린생활1,제1종근린생활시설,1018118486,지번
1153011000101000026,서울특별시 구로구 온수동,서울특별시 구로구 부일로815번길 24 (온수동),근린생활2,제2종근린생활시설,1018118398,지번
1153010800103310042,서울특별시 구로구 오류동,서울특별시 구로구 경인로 115 (오류동),근린생활2,제2종근린생활시설,1018117677,지번
1153010800100360002,서울특별시 구로구 오류동,서울특별시 구로구 경인로25길 19 (오류동),근린생활1,제2종근린생활시설,101812901,지번
1153010800100360002,서울특별시 구로구 오류동,서울특별시 구로구 경인로25길 19 (오류동),근린생활1,제1종근린생활시설,101812902,지번
1153010800101370058,서울특별시 구로구 오류동,서울특별시 구로구 오류로8길 77 (오류동),근린생활1,제1종근린생활시설,1018124607,지번
1153010800100080011,서울특별시 구로구 오류동,서울특별시 구로구 고척로1길 19 (오류동),근린생활1,제1종근린생활시설,1018124408,지번
1153010800101380027,서울특별시 구로구 오류동,서울특별시 구로구 서해안로 2356 (오류동),근린생활2,제2종근린생활시설,1018123636,지번
1153010700100980029,서울특별시 구로구 개봉동,서울특별시 구로구 고척로25길 33-15 (개봉동),근린생활2,제2종근린생활시설,1018110125,지번
1153010700101130014,서울특별시 구로구 개봉동,서울특별시 구로구 고척로27길 68 (개봉동),근린생활1,제1종근린생활시설,1018113370,지번
1153010800100230035,서울특별시 구로구 오류동,서울특별시 구로구 경인로19길 16 (오류동),근린생활2,제2종근린생활시설,1018123521,지번
1153010800101370043,서울특별시 구로구 오류동,서울특별시 구로구 오류로8길 83 (오류동),근린생활1,제1종근린생활시설,1018123374,지번
1153010800101360028,서울특별시 구로구 오류동,서울특별시 구로구 오류로8길 43 (오류동),근린생활1,제1종근린생활시설,1018124162,지번
1153011000101000037,서울특별시 구로구 온수동,서울특별시 구로구 부일로1가길 42-4 (온수동),근린생활1,제1종근린생활시설,1018123357,지번
1153010800101420028,서울특별시 구로구 오류동,서울특별시 구로구 오류로8길 115 (오류동),근린생활1,제1종근린생활시설,1018123248,지번
1153010800101870009,서울특별시 구로구 오류동,서울특별시 구로구 서해안로20길 30 (오류동),근린생활2,제2종근린생활시설,1018122787,지번
1153010200104950025,서울특별시 구로구 구로동,,근린생활1,제1종근린생활시설,1018118414,지번
1153010200104660177,서울특별시 구로구 구로동,서울특별시 구로구 구로동로35가길 26 (구로동),근린생활1,제1종근린생활시설,1018117869,지번
1153010200105030004,서울특별시 구로구 구로동,서울특별시 구로구 구로중앙로31길 18 (구로동),근린생활2,제2종근린생활시설,1018116864,지번
1153010200105300025,서울특별시 구로구 구로동,서울특별시 구로구 구로중앙로28길 10 (구로동),근린생활1,제1종근린생활시설,1018118769,지번
1153010200104140014,서울특별시 구로구 구로동,서울특별시 구로구 가마산로12가길 1 (구로동),근린생활2,제2종근린생활시설,1018121211,지번
1153010100102920204,서울특별시 구로구 신도림동,서울특별시 구로구 구로중앙로42길 92-9 (신도림동),근린생활2,제2종근린생활시설,1018120872,지번
1153010200105280006,서울특별시 구로구 구로동,서울특별시 구로구 구로중앙로28길 25 (구로동),근린생활1,제1종근린생활시설,1018120791,지번
1153010200103920058,서울특별시 구로구 구로동,서울특별시 구로구 구로동로21나길 7 (구로동),근린생활1,제1종근린생활시설,1018120683,지번
1153010200104420041,서울특별시 구로구 구로동,서울특별시 구로구 구로중앙로 73 (구로동),근린생활1,제1종근린생활시설,1018120667,지번
1153010200104420179,서울특별시 구로구 구로동,서울특별시 구로구 구로중앙로 82 (구로동),근린생활1,제1종근린생활시설,1018120662,지번
1153010700101700041,서울특별시 구로구 개봉동,서울특별시 구로구 경인로 342 (개봉동),근린생활2,제2종근린생활시설,1018120197,지번
1153010700103500022,서울특별시 구로구 개봉동,서울특별시 구로구 개봉로11길 27 (개봉동),근린생활1,제1종근린생활시설,1018124594,지번
1153011000100550004,서울특별시 구로구 온수동,서울특별시 구로구 경인로3길 86 (온수동),근린생활2,제2종근린생활시설,1018110299,지번
1153010600100760150,서울특별시 구로구 고척동,서울특별시 구로구 경인로47길 58 (고척동),근린생활1,제1종근린생활시설,1018113578,지번
1153010200107160001,서울특별시 구로구 구로동,서울특별시 구로구 구로동로 101-2 (구로동),근린생활2,제2종근린생활시설,101817490,지번
1153010200104960017,서울특별시 구로구 구로동,서울특별시 구로구 구로동로 229-1 (구로동),근린생활2,제2종근린생활시설,1018120083,지번
1153010200105320125,서울특별시 구로구 구로동,서울특별시 구로구 구로중앙로26가길 3 (구로동),근린생활1,제1종근린생활시설,1018122574,지번
1153010200104610002,서울특별시 구로구 구로동,서울특별시 구로구 구로동로 191 (구로동),근린생활1,제1종근린생활시설,1018122485,지번
1153010200104260209,서울특별시 구로구 구로동,서울특별시 구로구 가마산로15길 17-1 (구로동),근린생활1,제1종근린생활시설,1018121652,지번
1153010200103940118,서울특별시 구로구 구로동,서울특별시 구로구 가마산로 155 (구로동),근린생활2,제2종근린생활시설,1018121568,지번
1153010200104120002,서울특별시 구로구 구로동,서울특별시 구로구 구로동로35길 40 (구로동),근린생활2,제2종근린생활시설,1018121521,지번
1153010200104030003,서울특별시 구로구 구로동,서울특별시 구로구 가마산로 177-1 (구로동),근린생활1,제1종근린생활시설,1018121506,지번
1153010200104170001,서울특별시 구로구 구로동,서울특별시 구로구 구로동로 180 (구로동),근린생활1,제1종근린생활시설,1018121299,지번
1153010200104300016,서울특별시 구로구 구로동,서울특별시 구로구 가마산로 217 (구로동),근린생활2,제2종근린생활시설,1018119980,지번
1153010200101440007,서울특별시 구로구 구로동,서울특별시 구로구 구로중앙로 5 (구로동),근린생활2,제2종근린생활시설,1018119852,지번
1153010200100290016,서울특별시 구로구 구로동,서울특별시 구로구 공원로6나길 39-13 (구로동),근린생활2,제2종근린생활시설,1018119649,지번
1153010200104290119,서울특별시 구로구 구로동,서울특별시 구로구 구로동로28길 63 (구로동),근린생활2,제2종근린생활시설,1018119485,지번
1153010200104630064,서울특별시 구로구 구로동,서울특별시 구로구 구로동로41길 11 (구로동),근린생활1,제1종근린생활시설,1018119143,지번
1153010800100550051,서울특별시 구로구 오류동,서울특별시 구로구 경인로 214 (오류동),근린생활1,제1종근린생활시설,1018119157,지번
1153010200104460014,서울특별시 구로구 구로동,서울특별시 구로구 가마산로19길 18 (구로동),근린생활1,제1종근린생활시설,1018119318,지번
1153010200105130020,서울특별시 구로구 구로동,서울특별시 구로구 구로중앙로25길 12 (구로동),근린생활1,제1종근린생활시설,1018119431,지번
1153010200106000014,서울특별시 구로구 구로동,서울특별시 구로구 경인로 556 (구로동),근린생활2,제2종근린생활시설,1018119390,지번
1153010200104420012,서울특별시 구로구 구로동,서울특별시 구로구 구로중앙로 77 (구로동),근린생활1,제1종근린생활시설,101814585,지번
1153010200104420176,서울특별시 구로구 구로동,서울특별시 구로구 구로중앙로 84-1 (구로동),근린생활1,제1종근린생활시설,1018122746,지번
1153010200104130022,서울특별시 구로구 구로동,서울특별시 구로구 가마산로12길 2-3 (구로동),근린생활1,제1종근린생활시설,1018123197,지번
1153010200104130053,서울특별시 구로구 구로동,서울특별시 구로구 가마산로12길 2 (구로동),근린생활1,제1종근린생활시설,101813915,지번
1153010200103970029,서울특별시 구로구 구로동,서울특별시 구로구 벚꽃로70길 2 (구로동),근린생활2,제2종근린생활시설,101813741,지번
1153010200103970029,서울특별시 구로구 구로동,서울특별시 구로구 벚꽃로70길 2 (구로동),근린생활2,창고시설,101813742,지번
1153010200104670075,서울특별시 구로구 구로동,서울특별시 구로구 구로동로43길 33 (구로동),근린생활1,제1종근린생활시설,1018124956,지번
1153010200103940116,서울특별시 구로구 구로동,서울특별시 구로구 가마산로 157 (구로동),근린생활1,제1종근린생활시설,1018124947,지번
1153010200100410015,서울특별시 구로구 구로동,서울특별시 구로구 공원로8길 47 (구로동),근린생활1,제1종근린생활시설,1018124869,지번
1153010200100410008,서울특별시 구로구 구로동,서울특별시 구로구 공원로6나길 50 (구로동),근린생활1,제1종근린생활시설,101818101,지번
1153010200105120011,서울특별시 구로구 구로동,서울특별시 구로구 구로중앙로27길 28-14 (구로동),근린생활2,제2종근린생활시설,101817961,지번
1153010200104920018,서울특별시 구로구 구로동,서울특별시 구로구 구로동로42길 65 (구로동),근린생활1,제1종근린생활시설,101817874,지번
1153010200104540035,서울특별시 구로구 구로동,서울특별시 구로구 구로동로42길 24-2 (구로동),근린생활1,제1종근린생활시설,101817770,지번
1153010200104460063,서울특별시 구로구 구로동,서울특별시 구로구 가마산로19길 10 (구로동),근린생활2,제2종근린생활시설,101817666,지번
1153010200103130085,서울특별시 구로구 구로동,서울특별시 구로구 구로동로26길 100 (구로동),근린생활1,제1종근린생활시설,101817638,지번
1153010700100050004,서울특별시 구로구 개봉동,서울특별시 구로구 고척로21길 43 (개봉동),근린생활2,제2종근린생활시설,101819735,지번
1153010200104140016,서울특별시 구로구 구로동,서울특별시 구로구 가마산로12길 14 (구로동),근린생활2,제2종근린생활시설,101819695,지번
1153010200105190004,서울특별시 구로구 구로동,서울특별시 구로구 구로중앙로32길 14 (구로동),근린생활2,제2종근린생활시설,101819252,지번
1153010200103170051,서울특별시 구로구 구로동,서울특별시 구로구 구로동로28길 70-2 (구로동),근린생활1,제1종근린생활시설,101819174,지번
1153010200103920047,서울특별시 구로구 구로동,서울특별시 구로구 가마산로 152 (구로동),근린생활1,제1종근린생활시설,101818677,지번
1153010200105070004,서울특별시 구로구 구로동,서울특별시 구로구 구로중앙로27길 28-1 (구로동),근린생활2,제2종근린생활시설,101818572,지번
1153010200104000057,서울특별시 구로구 구로동,서울특별시 구로구 벚꽃로 422 (구로동),근린생활2,제2종근린생활시설,101818366,지번
1153010200100300036,서울특별시 구로구 구로동,서울특별시 구로구 새말로16길 23 (구로동),근린생활1,제1종근린생활시설,101817481,지번
1153010200104260013,서울특별시 구로구 구로동,서울특별시 구로구 가마산로 209 (구로동),근린생활2,제2종근린생활시설,101817395,지번
1153010200104140026,서울특별시 구로구 구로동,서울특별시 구로구 가마산로 193 (구로동),근린생활2,제2종근린생활시설,101817357,지번
1153010200104860050,서울특별시 구로구 구로동,서울특별시 구로구 구로동로 215-1 (구로동),근린생활1,제1종근린생활시설,101817147,지번
1153010200105160014,서울특별시 구로구 구로동,서울특별시 구로구 구로중앙로28길 1-1 (구로동),근린생활2,제2종근린생활시설,101816865,지번
1153010200104050033,서울특별시 구로구 구로동,서울특별시 구로구 벚꽃로 424 (구로동),근린생활2,제2종근린생활시설,101816821,지번
1153010200103170115,서울특별시 구로구 구로동,서울특별시 구로구 구로동로28길 90 (구로동),근린생활2,제2종근린생활시설,101816778,지번
1153010200104540031,서울특별시 구로구 구로동,서울특별시 구로구 구로동로42길 16-2 (구로동),근린생활2,제2종근린생활시설,101816691,지번
1153010200104200028,서울특별시 구로구 구로동,서울특별시 구로구 구로동로38길 11-11 (구로동),근린생활2,제2종근린생활시설,101816607,지번
1153010200100290025,서울특별시 구로구 구로동,서울특별시 구로구 공원로6나길 35-10 (구로동),근린생활2,제2종근린생활시설,101816538,지번
1153010200104660073,서울특별시 구로구 구로동,서울특별시 구로구 구로동로35가길 29 (구로동),근린생활1,제1종근린생활시설,101816460,지번
1153010200101820026,서울특별시 구로구 구로동,서울특별시 구로구 디지털로 315 (구로동),근린생활2,제2종근린생활시설,101816262,지번
1153010200108080014,서울특별시 구로구 구로동,서울특별시 구로구 구로동로 81 (구로동),근린생활1,제1종근린생활시설,101811466,지번
1153010200108080014,서울특별시 구로구 구로동,서울특별시 구로구 구로동로 81 (구로동),근린생활1,제1종근린생활시설,101811467,지번
1153010600100520079,서울특별시 구로구 고척동,서울특별시 구로구 경인로47길 88 (고척동),근린생활1,제1종근린생활시설,1018114859,지번
1153010200101130006,서울특별시 구로구 구로동,서울특별시 구로구 구로중앙로28길 35-5 (구로동),근린생활1,제1종근린생활시설,1018124568,지번
1153010100104160020,서울특별시 구로구 신도림동,서울특별시 구로구 신도림로11길 3 (신도림동),근린생활1,제1종근린생활시설,1018124265,지번
1153010200101390082,서울특별시 구로구 구로동,서울특별시 구로구 구로중앙로 13 (구로동),근린생활1,자동차관련시설,1018123825,지번
1153010200101390082,서울특별시 구로구 구로동,서울특별시 구로구 구로중앙로 13 (구로동),근린생활1,제1종근린생활시설,1018123826,지번
1153010200101120028,서울특별시 구로구 구로동,서울특별시 구로구 구로중앙로28길 35-36 (구로동),근린생활1,제1종근린생활시설,1018123643,지번
1153010200107290013,서울특별시 구로구 구로동,서울특별시 구로구 구로동로 129-2 (구로동),근린생활1,제1종근린생활시설,101815663,지번
1153010300100890008,서울특별시 구로구 가리봉동,서울특별시 구로구 구로동로 29 (가리봉동),근린생활1,단독주택,1018121983,지번
1153010300100890008,서울특별시 구로구 가리봉동,서울특별시 구로구 구로동로 29 (가리봉동),근린생활1,제1종근린생활시설,101815521,지번
1153010200101110046,서울특별시 구로구 구로동,서울특별시 구로구 구로중앙로28길 53-16 (구로동),근린생활1,제1종근린생활시설,101814998,지번
1153010200104420212,서울특별시 구로구 구로동,서울특별시 구로구 구로중앙로22길 3 (구로동),근린생활1,제1종근린생활시설,101815462,지번
1153010200107300088,서울특별시 구로구 구로동,서울특별시 구로구 구로동로26길 7 (구로동),근린생활1,제1종근린생활시설,1018121336,지번
1153010200107300048,서울특별시 구로구 구로동,서울특별시 구로구 구로동로26길 51 (구로동),근린생활1,제1종근린생활시설,101816612,지번
1153010200105690016,서울특별시 구로구 구로동,서울특별시 구로구 새말로 22 (구로동),근린생활2,제2종근린생활시설,101816439,지번
1153010200105970027,서울특별시 구로구 구로동,서울특별시 구로구 경인로58길 28 (구로동),근린생활2,제2종근린생활시설,101815559,지번
1153010200105710016,서울특별시 구로구 구로동,서울특별시 구로구 새말로8길 3 (구로동),근린생활2,제2종근린생활시설,101815552,지번
1153010800100090005,서울특별시 구로구 오류동,서울특별시 구로구 고척로 4-8 (오류동),근린생활2,제2종근린생활시설,101815504,지번
1153010200107200017,서울특별시 구로구 구로동,서울특별시 구로구 구로동로17길 9 (구로동),근린생활1,제1종근린생활시설,101815069,지번
1153010200107290019,서울특별시 구로구 구로동,서울특별시 구로구 구로동로 129 (구로동),근린생활1,제1종근린생활시설,101814866,지번
1153010200107280003,서울특별시 구로구 구로동,서울특별시 구로구 구로동로25길 11 (구로동),근린생활1,제1종근린생활시설,101814027,지번
1153010200107280003,서울특별시 구로구 구로동,서울특별시 구로구 구로동로25길 11 (구로동),근린생활1,단독주택,101814028,지번
1153010600102560004,서울특별시 구로구 고척동,서울특별시 구로구 경인로33길 92 (고척동),근린생활1,제1종근린생활시설,1018115941,지번
1153010700101090027,서울특별시 구로구 개봉동,서울특별시 구로구 고척로27길 81 (개봉동),근린생활2,제2종근린생활시설,1018124873,지번
1153010200107380065,서울특별시 구로구 구로동,서울특별시 구로구 구로동로 96-1 (구로동),근린생활1,제1종근린생활시설,101819995,지번
1153010200105450018,서울특별시 구로구 구로동,서울특별시 구로구 공원로11길 19 (구로동),근린생활1,제1종근린생활시설,101819890,지번
1153010200105970044,서울특별시 구로구 구로동,서울특별시 구로구 경인로 544-3 (구로동),근린생활1,제1종근린생활시설,101819808,지번
1153010200107310005,서울특별시 구로구 구로동,서울특별시 구로구 구로동로 130-1 (구로동),근린생활1,제1종근린생활시설,101819557,지번
1153010200105540022,서울특별시 구로구 구로동,서울특별시 구로구 공원로11가길 22 (구로동),근린생활1,제1종근린생활시설,101819535,지번
1153010200105700148,서울특별시 구로구 구로동,서울특별시 구로구 새말로8길 13 (구로동),근린생활1,제1종근린생활시설,101819399,지번
1153010200107140017,서울특별시 구로구 구로동,서울특별시 구로구 구로동로13길 23-3 (구로동),근린생활1,제1종근린생활시설,101819253,지번
1153010200105970050,서울특별시 구로구 구로동,서울특별시 구로구 경인로 540-3 (구로동),근린생활1,제1종근린생활시설,101817956,지번
1153010200105700106,서울특별시 구로구 구로동,서울특별시 구로구 새말로 18-43 (구로동),근린생활1,제1종근린생활시설,101817934,지번
1153010700104030221,서울특별시 구로구 개봉동,서울특별시 구로구 개봉로20길 18 (개봉동),근린생활1,제1종근린생활시설,1018113491,지번
1153010600101940003,서울특별시 구로구 고척동,서울특별시 구로구 고척로 229 (고척동),근린생활2,제2종근린생활시설,1018112407,지번
1153010300101240003,서울특별시 구로구 가리봉동,서울특별시 구로구 우마길 8 (가리봉동),근린생활2,제2종근린생활시설,1018116552,지번
1153010600100570093,서울특별시 구로구 고척동,서울특별시 구로구 경인로47다길 28 (고척동),근린생활1,제1종근린생활시설,101814599,지번
1153010300101260054,서울특별시 구로구 가리봉동,서울특별시 구로구 남부순환로105라길 15 (가리봉동),근린생활1,제1종근린생활시설,101818509,지번
1153010700104030055,서울특별시 구로구 개봉동,서울특별시 구로구 개봉로 57-1 (개봉동),근린생활2,제2종근린생활시설,1018111954,지번
1153010700103610003,서울특별시 구로구 개봉동,서울특별시 구로구 개봉로3길 59 (개봉동),근린생활2,제2종근린생활시설,1018112381,지번
1153010700103610006,서울특별시 구로구 개봉동,서울특별시 구로구 개봉로3길 67 (개봉동),근린생활2,제2종근린생활시설,1018113109,지번
1153010700104030119,서울특별시 구로구 개봉동,서울특별시 구로구 개봉로 45-1 (개봉동),근린생활1,제1종근린생활시설,1018115813,지번
1153010200104910037,서울특별시 구로구 구로동,서울특별시 구로구 구로동로50길 32-1 (구로동),근린생활2,제2종근린생활시설,10181100192356,지번
1153010200105970079,서울특별시 구로구 구로동,서울특별시 구로구 경인로 531 (구로동),근린생활1,제1종근린생활시설,1018115019,지번
1153010200105700115,서울특별시 구로구 구로동,서울특별시 구로구 새말로 18-31 (구로동),근린생활1,제1종근린생활시설,1018117713,지번
1153010200107300091,서울특별시 구로구 구로동,서울특별시 구로구 구로동로28길 20-10 (구로동),근린생활1,제1종근린생활시설,1018122402,지번
1153010200107050025,서울특별시 구로구 구로동,서울특별시 구로구 구로동로25길 16 (구로동),근린생활1,제1종근린생활시설,1018121601,지번
1153010200107380063,서울특별시 구로구 구로동,서울특별시 구로구 구로동로 96-2 (구로동),근린생활2,제2종근린생활시설,1018121496,지번
1153010200106140091,서울특별시 구로구 구로동,서울특별시 구로구 경인로53길 109 (구로동),근린생활2,제2종근린생활시설,1018123630,지번
1153010200105510061,서울특별시 구로구 구로동,서울특별시 구로구 구로중앙로32가길 78 (구로동),근린생활1,제1종근린생활시설,1018123523,지번
1153010200105510127,서울특별시 구로구 구로동,서울특별시 구로구 구로중앙로32가길 54 (구로동),근린생활1,제1종근린생활시설,1018123276,지번
1153010200107160005,서울특별시 구로구 구로동,서울특별시 구로구 구로동로 99-1 (구로동),근린생활2,제2종근린생활시설,1018122621,지번
1153010200107350058,서울특별시 구로구 구로동,서울특별시 구로구 구로동로22길 16-13 (구로동),근린생활1,제1종근린생활시설,1018122595,지번
1153010700103600001,서울특별시 구로구 개봉동,서울특별시 구로구 개봉로3길 41 (개봉동),근린생활2,제2종근린생활시설,1018114458,지번
1153010700103070038,서울특별시 구로구 개봉동,서울특별시 구로구 서해안로34길 32 (개봉동),근린생활2,제2종근린생활시설,1018114351,지번
1153010700103030035,서울특별시 구로구 개봉동,서울특별시 구로구 개봉로19길 51 (개봉동),근린생활2,제2종근린생활시설,1018113932,지번
1153010700103440031,서울특별시 구로구 개봉동,서울특별시 구로구 개봉로11길 34 (개봉동),근린생활1,제1종근린생활시설,1018113838,지번
1153010700100330074,서울특별시 구로구 개봉동,서울특별시 구로구 고척로21가길 32 (개봉동),근린생활2,제2종근린생활시설,1018113738,지번
1153010700103530032,서울특별시 구로구 개봉동,서울특별시 구로구 개봉로23길 42-1 (개봉동),근린생활1,제1종근린생활시설,1018113576,지번
1153010700103490015,서울특별시 구로구 개봉동,서울특별시 구로구 개봉로11길 7-42 (개봉동),근린생활1,제1종근린생활시설,1018113242,지번
1153010700102890006,서울특별시 구로구 개봉동,서울특별시 구로구 개봉로10길 7 (개봉동),근린생활1,제1종근린생활시설,1018113158,지번
1153010700103570037,서울특별시 구로구 개봉동,서울특별시 구로구 개봉로3길 70 (개봉동),근린생활1,제1종근린생활시설,1018112468,지번
1153010700100330071,서울특별시 구로구 개봉동,서울특별시 구로구 고척로21나길 31 (개봉동),근린생활1,제1종근린생활시설,1018112198,지번
1153010700103450026,서울특별시 구로구 개봉동,서울특별시 구로구 개봉로15길 25 (개봉동),근린생활1,제1종근린생활시설,1018111921,지번
1153010700103480008,서울특별시 구로구 개봉동,서울특별시 구로구 개봉로11길 7-27 (개봉동),근린생활1,제1종근린생활시설,1018111128,지번
1153010200100260000,서울특별시 구로구 구로동,서울특별시 구로구 새말로 102 (구로동),근린생활1,업무시설,1018117548,지번
1153010200100260000,서울특별시 구로구 구로동,서울특별시 구로구 새말로 102 (구로동),근린생활1,제1종근린생활시설,1018117549,지번
1153010200107380050,서울특별시 구로구 구로동,서울특별시 구로구 구로동로 96-4 (구로동),근린생활1,제1종근린생활시설,1018120627,지번
1153010200104260069,서울특별시 구로구 구로동,서울특별시 구로구 가마산로 205 (구로동),근린생활1,제1종근린생활시설,1018119696,지번
1153010200107380061,서울특별시 구로구 구로동,서울특별시 구로구 구로동로 96-2 (구로동),근린생활2,제2종근린생활시설,1018124916,지번
1153010200105700084,서울특별시 구로구 구로동,서울특별시 구로구 새말로 28 (구로동),근린생활1,제1종근린생활시설,1018124871,지번
1153010200107300089,서울특별시 구로구 구로동,서울특별시 구로구 구로동로26길 9 (구로동),근린생활1,제1종근린생활시설,1018124856,지번
1153010200107340007,서울특별시 구로구 구로동,서울특별시 구로구 구로동로14길 53 (구로동),근린생활1,제1종근린생활시설,1018124766,지번
1153010200105980009,서울특별시 구로구 구로동,서울특별시 구로구 경인로58길 8 (구로동),근린생활1,제1종근린생활시설,1018124696,지번
1153010200107200001,서울특별시 구로구 구로동,서울특별시 구로구 구로동로17길 5 (구로동),근린생활1,제1종근린생활시설,1018124297,지번
1153010200106000012,서울특별시 구로구 구로동,서울특별시 구로구 경인로 552 (구로동),근린생활2,제2종근린생활시설,1018123949,지번
1153010200107380059,서울특별시 구로구 구로동,서울특별시 구로구 구로동로 96-2 (구로동),근린생활2,제2종근린생활시설,1018123845,지번
1153010200107040030,서울특별시 구로구 구로동,서울특별시 구로구 가마산로 182 (구로동),근린생활1,제1종근린생활시설,1018123751,지번
1153010200105540027,서울특별시 구로구 구로동,서울특별시 구로구 새말로12길 41 (구로동),근린생활1,제1종근린생활시설,1018123690,지번
1153010700100640095,서울특별시 구로구 개봉동,서울특별시 구로구 고척로18길 15 (개봉동),근린생활2,제2종근린생활시설,10181100229793,지번
1153010900101890073,서울특별시 구로구 궁동,서울특별시 구로구 부일로17길 5 (궁동),근린생활2,제2종근린생활시설,10181100196298,지번
1153010600100520242,서울특별시 구로구 고척동,서울특별시 구로구 경인로47길 50 (고척동),근린생활1,제1종근린생활시설,1018121247,지번
1153010200105170000,서울특별시 구로구 구로동,서울특별시 구로구 구로중앙로30길 1 (구로동),근린생활2,제2종근린생활시설,101812276,지번
1153010200105170000,서울특별시 구로구 구로동,서울특별시 구로구 구로중앙로30길 1 (구로동),근린생활2,제2종근린생활시설,101812277,지번
1153010200100300016,서울특별시 구로구 구로동,서울특별시 구로구 공원로6나길 29-10 (구로동),근린생활2,제2종근린생활시설,10181100203065,지번
1153010200105200007,서울특별시 구로구 구로동,서울특별시 구로구 구로중앙로32가길 10 (구로동),근린생활2,제2종근린생활시설,101815150,지번
1153010700103530018,서울특별시 구로구 개봉동,서울특별시 구로구 개봉로23길 6 (개봉동),근린생활2,제2종근린생활시설,101816911,지번
1153010100102920014,서울특별시 구로구 신도림동,서울특별시 구로구 신도림로11길 32 (신도림동),근린생활1,제1종근린생활시설,101817024,지번
1153010900102040006,서울특별시 구로구 궁동,서울특별시 구로구 부일로 945 (궁동),근린생활2,제2종근린생활시설,1018117149,지번
1153010100102930062,서울특별시 구로구 신도림동,서울특별시 구로구 구로중앙로42길 110-9 (신도림동),근린생활1,제1종근린생활시설,1018116956,지번
1153010900101890029,서울특별시 구로구 궁동,서울특별시 구로구 부일로15길 10 (궁동),근린생활1,제1종근린생활시설,1018116916,지번
1153010900102090020,서울특별시 구로구 궁동,서울특별시 구로구 부일로15길 29-8 (궁동),근린생활1,제1종근린생활시설,1018116826,지번
1153010200100860007,서울특별시 구로구 구로동,서울특별시 구로구 구로중앙로15길 8 (구로동),근린생활1,제1종근린생활시설,101816889,지번
1153010300101240015,서울특별시 구로구 가리봉동,서울특별시 구로구 우마길 16-10 (가리봉동),근린생활2,제2종근린생활시설,10181100223533,지번
1153011000100090008,서울특별시 구로구 온수동,서울특별시 구로구 부일로7길 3 (온수동),근린생활2,제2종근린생활시설,10181100239488,지번
1153010600101360007,서울특별시 구로구 고척동,서울특별시 구로구 경서로 53-1 (고척동),근린생활1,제1종근린생활시설,1018119698,지번
1153010600101360006,서울특별시 구로구 고척동,서울특별시 구로구 경서로 55 (고척동),근린생활1,제1종근린생활시설,1018118862,지번
1153010700101020011,서울특별시 구로구 개봉동,서울특별시 구로구 고척로25길 63 (개봉동),근린생활2,제2종근린생활시설,1018116772,지번
1153010600101680063,서울특별시 구로구 고척동,서울특별시 구로구 고척로 207 (고척동),근린생활2,제2종근린생활시설,10181100235453,지번
1153010200103920079,서울특별시 구로구 구로동,서울특별시 구로구 구로동로21길 48 (구로동),근린생활2,제2종근린생활시설,1018119198,지번
1153010600101930026,서울특별시 구로구 고척동,서울특별시 구로구 고척로52나길 62 (고척동),근린생활2,제2종근린생활시설,1018117704,지번
1153010200104300021,서울특별시 구로구 구로동,서울특별시 구로구 가마산로19길 11 (구로동),근린생활2,제2종근린생활시설,10181100272348,지번
1153010800101450029,서울특별시 구로구 오류동,서울특별시 구로구 오류로8마길 3 (오류동),근린생활1,제1종근린생활시설,1018115600,지번
1153010700100680128,서울특별시 구로구 개봉동,서울특별시 구로구 고척로22길 22 (개봉동),근린생활1,제1종근린생활시설,1018118178,지번
1153010700101080004,서울특별시 구로구 개봉동,서울특별시 구로구 고척로27길 111 (개봉동),근린생활1,제1종근린생활시설,1018117846,지번
1153010600101800003,서울특별시 구로구 고척동,서울특별시 구로구 중앙로14길 15 (고척동),근린생활2,제2종근린생활시설,1018114029,지번
1153010300101250039,서울특별시 구로구 가리봉동,서울특별시 구로구 우마길 24-1 (가리봉동),근린생활1,제1종근린생활시설,1018115091,지번
1153011000100230026,서울특별시 구로구 온수동,서울특별시 구로구 부일로 853 (온수동),근린생활2,제2종근린생활시설,1018114943,지번
1153010200104120053,서울특별시 구로구 구로동,서울특별시 구로구 구로동로35길 38 (구로동),근린생활1,제1종근린생활시설,1018111069,지번
1153010600100520092,서울특별시 구로구 고척동,서울특별시 구로구 경인로47길 60 (고척동),근린생활2,제2종근린생활시설,1018123067,지번
1153010100103940017,서울특별시 구로구 신도림동,서울특별시 구로구 신도림로11길 5 (신도림동),근린생활1,제1종근린생활시설,1018117570,지번
1153011100100330000,서울특별시 구로구 천왕동,서울특별시 구로구 오리로3길 13 (천왕동),근린생활2,제2종근린생활시설,10181100233154,지번
1153010200107130006,서울특별시 구로구 구로동,서울특별시 구로구 구로동로13길 27 (구로동),근린생활1,제1종근린생활시설,1018117389,지번
1153010200108010001,서울특별시 구로구 구로동,서울특별시 구로구 도림로6길 2 (구로동),근린생활2,제2종근린생활시설,1018113622,지번
1153010200100860004,서울특별시 구로구 구로동,서울특별시 구로구 구로중앙로 53 (구로동),근린생활2,제2종근린생활시설,1018123077,지번
1153010200111320004,서울특별시 구로구 구로동,서울특별시 구로구 시흥대로161길 20 (구로동),근린생활2,제2종근린생활시설,10181100191831,지번
1153010200111320003,서울특별시 구로구 구로동,서울특별시 구로구 시흥대로161길 18 (구로동),근린생활2,제2종근린생활시설,10181100192036,지번
1153010200104260052,서울특별시 구로구 구로동,서울특별시 구로구 가마산로 211 (구로동),근린생활1,제1종근린생활시설,10181100235033,지번
1153010200107050016,서울특별시 구로구 구로동,서울특별시 구로구 구로동로25길 38 (구로동),근린생활1,제1종근린생활시설,101818126,지번
1153010800101350086,서울특별시 구로구 오류동,서울특별시 구로구 서해안로30길 12 (오류동),근린생활1,제1종근린생활시설,101818089,지번
1153010700100330001,서울특별시 구로구 개봉동,서울특별시 구로구 고척로21길 39 (개봉동),근린생활1,제1종근린생활시설,101817414,지번
1153010700100990002,서울특별시 구로구 개봉동,서울특별시 구로구 고척로23길 50 (개봉동),근린생활1,제1종근린생활시설,101816859,지번
1153010100104320030,서울특별시 구로구 신도림동,서울특별시 구로구 경인로 624 (신도림동),근린생활2,제2종근린생활시설,10181100237373,지번
1153010600100760139,서울특별시 구로구 고척동,서울특별시 구로구 경인로47길 11 (고척동),근린생활1,제1종근린생활시설,1018119492,지번
1153010200104600003,서울특별시 구로구 구로동,서울특별시 구로구 구로동로42길 4 (구로동),근린생활1,제1종근린생활시설,1018116346,지번
1153010700103290041,서울특별시 구로구 개봉동,서울특별시 구로구 개봉로17길 15 (개봉동),근린생활1,제1종근린생활시설,1018122631,지번
1153010300100870108,서울특별시 구로구 가리봉동,서울특별시 구로구 남부순환로105길 166 (가리봉동),근린생활1,제1종근린생활시설,101815822,지번
1153010300100300024,서울특별시 구로구 가리봉동,서울특별시 구로구 남부순환로105길 198 (가리봉동),근린생활1,제1종근린생활시설,101812416,지번
1153011200100140002,서울특별시 구로구 항동,서울특별시 구로구 연동로13길 18-17 (항동),근린생활2,제2종근린생활시설,1018123042,지번
1153010100102800024,서울특별시 구로구 신도림동,서울특별시 구로구 신도림로11라길 54 (신도림동),근린생활1,제1종근린생활시설,101815446,지번
1153010200104260167,서울특별시 구로구 구로동,서울특별시 구로구 가마산로 204 (구로동),근린생활2,제2종근린생활시설,1018111233,지번
1153010600100520240,서울특별시 구로구 고척동,서울특별시 구로구 경인로47길 44-1 (고척동),근린생활1,제1종근린생활시설,1018110022,지번
1153010200100330001,서울특별시 구로구 구로동,서울특별시 구로구 공원로6가길 52 (구로동),근린생활1,제1종근린생활시설,1018116427,지번
1153010200111270009,서울특별시 구로구 구로동,서울특별시 구로구 디지털로32다길 20-5 (구로동),근린생활2,제2종근린생활시설,101816499,지번
1153010800101500035,서울특별시 구로구 오류동,서울특별시 구로구 오류로8길 50 (오류동),근린생활1,제1종근린생활시설,1018111612,지번
1153010800100060137,서울특별시 구로구 오류동,서울특별시 구로구 고척로3길 3 (오류동),근린생활2,제2종근린생활시설,1018110826,지번
1153010200101290038,서울특별시 구로구 구로동,서울특별시 구로구 구로중앙로14길 27 (구로동),근린생활2,제2종근린생활시설,1018110634,지번
1153010700101660009,서울특별시 구로구 개봉동,서울특별시 구로구 경인로 318-15 (개봉동),근린생활1,제1종근린생활시설,1018124853,지번
1153010200104260091,서울특별시 구로구 구로동,서울특별시 구로구 가마산로 206 (구로동),근린생활1,제1종근린생활시설,10181100272987,지번
1153010900102120008,서울특별시 구로구 궁동,서울특별시 구로구 오리로15길 22 (궁동),근린생활2,제2종근린생활시설,10181100182084,지번
1153010200111300024,서울특별시 구로구 구로동,서울특별시 구로구 디지털로32다길 46-13 (구로동),근린생활2,제2종근린생활시설,10181100191236,지번
1153010200111300068,서울특별시 구로구 구로동,서울특별시 구로구 디지털로32다길 46-9 (구로동),근린생활2,제2종근린생활시설,10181100191196,지번
1153010100104160026,서울특별시 구로구 신도림동,서울특별시 구로구 신도림로11길 2 (신도림동),근린생활2,제2종근린생활시설,1018115533,지번
1153010200105570017,서울특별시 구로구 구로동,서울특별시 구로구 새말로 52 (구로동),근린생활2,제2종근린생활시설,1018122499,지번
1153010200111320034,서울특별시 구로구 구로동,서울특별시 구로구 시흥대로161가길 23-7 (구로동),근린생활2,제2종근린생활시설,10181100230493,지번
1153010600102600019,서울특별시 구로구 고척동,서울특별시 구로구 고척로 151 (고척동),근린생활1,제1종근린생활시설,101816021,지번
1153010200104460030,서울특별시 구로구 구로동,서울특별시 구로구 구로동로38길 46 (구로동),근린생활2,제2종근린생활시설,1018122295,지번
1153011100100400010,서울특별시 구로구 천왕동,서울특별시 구로구 오리로 1073 (천왕동),근린생활2,제2종근린생활시설,10181100240434,지번
1153011100100400001,서울특별시 구로구 천왕동,서울특별시 구로구 오리로 1071 (천왕동),근린생활1,제1종근린생활시설,10181100240433,지번
1153010800100310100,서울특별시 구로구 오류동,서울특별시 구로구 경인로27길 20-5 (오류동),근린생활1,제1종근린생활시설,10181100249807,지번
1153010700102640027,서울특별시 구로구 개봉동,서울특별시 구로구 개봉로12길 9-30 (개봉동),근린생활2,제2종근린생활시설,101817496,지번
1153010200104860045,서울특별시 구로구 구로동,서울특별시 구로구 구로동로 213 (구로동),근린생활1,제1종근린생활시설,1018113311,지번
1153011000100090012,서울특별시 구로구 온수동,서울특별시 구로구 부일로 871 (온수동),근린생활2,제2종근린생활시설,1000000000000002883322,지번
1153011000101160005,서울특별시 구로구 온수동,서울특별시 구로구 부일로1길 26-1 (온수동),근린생활2,제2종근린생활시설,10181100271907,지번
1153010700102590015,서울특별시 구로구 개봉동,서울특별시 구로구 개봉로16가길 10-41 (개봉동),근린생활2,제2종근린생활시설,1018115010,지번
1153010200111320008,서울특별시 구로구 구로동,서울특별시 구로구 시흥대로161가길 19 (구로동),근린생활2,제2종근린생활시설,10181100200641,지번
1153010100103930007,서울특별시 구로구 신도림동,서울특별시 구로구 신도림로11길 8-14 (신도림동),근린생활2,제2종근린생활시설,1018118595,지번
1153010300101100007,서울특별시 구로구 가리봉동,서울특별시 구로구 우마1가길 16 (가리봉동),근린생활2,제2종근린생활시설,10181100227033,지번
1153010300101310011,서울특별시 구로구 가리봉동,서울특별시 구로구 디지털로 231 (가리봉동),근린생활2,제2종근린생활시설,10181100233873,지번
1153010700103070048,서울특별시 구로구 개봉동,서울특별시 구로구 개봉로19길 133 (개봉동),근린생활2,제2종근린생활시설,10181100233933,지번
1153010600100520049,서울특별시 구로구 고척동,서울특별시 구로구 경인로47길 76 (고척동),근린생활2,제2종근린생활시설,10181100234313,지번
1153010600101690008,서울특별시 구로구 고척동,서울특별시 구로구 고척로 212 (고척동),근린생활1,제1종근린생활시설,10181100233573,지번
1153010200108080038,서울특별시 구로구 구로동,서울특별시 구로구 구로동로 77 (구로동),근린생활2,제2종근린생활시설,10181100232193,지번
1153010800102400001,서울특별시 구로구 오류동,서울특별시 구로구 오리로13길 40 (오류동),근린생활2,제2종근린생활시설,1018112098,지번
1153010300101240025,서울특별시 구로구 가리봉동,서울특별시 구로구 우마길 16-16 (가리봉동),근린생활2,제2종근린생활시설,10181100267707,지번
1153010100102950006,서울특별시 구로구 신도림동,서울특별시 구로구 신도림로13길 46 (신도림동),근린생활1,제1종근린생활시설,1018113732,지번
1153010100102920181,서울특별시 구로구 신도림동,서울특별시 구로구 신도림로11길 48-23 (신도림동),근린생활2,제2종근린생활시설,1018115996,지번
1153010100102960078,서울특별시 구로구 신도림동,서울특별시 구로구 신도림로11라길 62-1 (신도림동),근린생활2,제2종근린생활시설,1018116062,지번
1153010100103960127,서울특별시 구로구 신도림동,서울특별시 구로구 신도림로11길 9-34 (신도림동),근린생활1,제1종근린생활시설,101816273,지번
1153010100103830008,서울특별시 구로구 신도림동,서울특별시 구로구 경인로63길 21-20 (신도림동),근린생활1,제1종근린생활시설,101816442,지번
1153010100102810069,서울특별시 구로구 신도림동,서울특별시 구로구 신도림로11라길 59-9 (신도림동),근린생활1,제1종근린생활시설,101816367,지번
1153010100103020005,서울특별시 구로구 신도림동,서울특별시 구로구 신도림로21가길 40 (신도림동),근린생활1,제1종근린생활시설,101816769,지번
1153010100102920123,서울특별시 구로구 신도림동,서울특별시 구로구 신도림로11다길 5 (신도림동),근린생활1,제1종근린생활시설,101816510,지번
1153010100104390015,서울특별시 구로구 신도림동,서울특별시 구로구 경인로 616 (신도림동),근린생활1,제1종근린생활시설,1018116607,지번
1153010100102930047,서울특별시 구로구 신도림동,서울특별시 구로구 신도림로11나길 13 (신도림동),근린생활2,제2종근린생활시설,1018116385,지번
1153010100102920208,서울특별시 구로구 신도림동,서울특별시 구로구 구로중앙로42길 92 (신도림동),근린생활2,제2종근린생활시설,1018116322,지번
1153010200100850023,서울특별시 구로구 구로동,서울특별시 구로구 구로중앙로19나길 6 (구로동),근린생활1,제1종근린생활시설,101818998,지번
1153010200107320006,서울특별시 구로구 구로동,서울특별시 구로구 구로동로22길 5 (구로동),근린생활2,제2종근린생활시설,10181100230933,지번
1153010100102930054,서울특별시 구로구 신도림동,서울특별시 구로구 구로중앙로42길 110-35 (신도림동),근린생활2,제2종근린생활시설,101817964,지번
1153010100104390005,서울특별시 구로구 신도림동,서울특별시 구로구 경인로 618 (신도림동),근린생활1,제1종근린생활시설,1018117876,지번
1153010100102810159,서울특별시 구로구 신도림동,서울특별시 구로구 구로중앙로42길 126-11 (신도림동),근린생활1,제1종근린생활시설,1018117576,지번
1153010100104390017,서울특별시 구로구 신도림동,서울특별시 구로구 경인로62길 5 (신도림동),근린생활2,제2종근린생활시설,1018117545,지번
1153010800100100005,서울특별시 구로구 오류동,서울특별시 구로구 경인로 189 (오류동),근린생활1,제1종근린생활시설,1018117314,지번
1153010100103300042,서울특별시 구로구 신도림동,서울특별시 구로구 경인로67길 51 (신도림동),근린생활2,공동주택,1000000000000004937520,지번
1153010100102920056,서울특별시 구로구 신도림동,서울특별시 구로구 신도림로11다길 6-5 (신도림동),근린생활2,제2종근린생활시설,101819627,지번
1153010100102910037,서울특별시 구로구 신도림동,서울특별시 구로구 신도림로11다길 13 (신도림동),근린생활1,제1종근린생활시설,101819530,지번
1153010100102920133,서울특별시 구로구 신도림동,서울특별시 구로구 신도림로11다길 10 (신도림동),근린생활1,제1종근린생활시설,101819496,지번
1153010100102910124,서울특별시 구로구 신도림동,서울특별시 구로구 신도림로11다길 23 (신도림동),근린생활2,제2종근린생활시설,1018118617,지번
1153010100102910113,서울특별시 구로구 신도림동,서울특별시 구로구 신도림로5길 34 (신도림동),근린생활2,제2종근린생활시설,1018118366,지번
1153010600101850019,서울특별시 구로구 고척동,서울특별시 구로구 중앙로13길 29 (고척동),근린생활1,제1종근린생활시설,1018119066,지번
1153010600102690007,서울특별시 구로구 고척동,서울특별시 구로구 고척로40길 33-5 (고척동),근린생활1,제1종근린생활시설,101815676,지번
1153010800100340001,서울특별시 구로구 오류동,서울특별시 구로구 경인로25길 18 (오류동),근린생활1,제1종근린생활시설,101812897,지번
1153010100102810033,서울특별시 구로구 신도림동,서울특별시 구로구 신도림로15길 83 (신도림동),근린생활2,제2종근린생활시설,1018119894,지번
1153010900101890094,서울특별시 구로구 궁동,서울특별시 구로구 부일로17길 49 (궁동),근린생활2,제2종근린생활시설,1018122352,지번
1153010100103940014,서울특별시 구로구 신도림동,서울특별시 구로구 신도림로11길 8-3 (신도림동),근린생활1,제1종근린생활시설,1018122176,지번
1153010100102920032,서울특별시 구로구 신도림동,서울특별시 구로구 신도림로11길 35 (신도림동),근린생활2,제2종근린생활시설,1018113533,지번
1153010100102930073,서울특별시 구로구 신도림동,서울특별시 구로구 신도림로11라길 7-27 (신도림동),근린생활1,제1종근린생활시설,1018113464,지번
1153010900100770008,서울특별시 구로구 궁동,서울특별시 구로구 오리로21가길 47-10 (궁동),근린생활2,제2종근린생활시설,101812718,지번
1153010900100770008,서울특별시 구로구 궁동,서울특별시 구로구 오리로21가길 47-10 (궁동),근린생활2,제2종근린생활시설,101812719,지번
1153010200100980001,서울특별시 구로구 구로동,서울특별시 구로구 가마산로 260 (구로동),근린생활2,제2종근린생활시설,1018124683,지번
1153010100103300049,서울특별시 구로구 신도림동,서울특별시 구로구 경인로67길 67-31 (신도림동),근린생활1,제1종근린생활시설,1018113092,지번
1153010100102930114,서울특별시 구로구 신도림동,서울특별시 구로구 신도림로11라길 12-3 (신도림동),근린생활1,제1종근린생활시설,101815383,지번
1153010100104260030,서울특별시 구로구 신도림동,서울특별시 구로구 경인로 620-1 (신도림동),근린생활1,제1종근린생활시설,101815244,지번
1153010100102960057,서울특별시 구로구 신도림동,서울특별시 구로구 신도림로15가길 14 (신도림동),근린생활2,제2종근린생활시설,101815030,지번
1153010100103930026,서울특별시 구로구 신도림동,서울특별시 구로구 신도림로9길 20 (신도림동),근린생활1,제1종근린생활시설,1018114647,지번
1153010100102860007,서울특별시 구로구 신도림동,서울특별시 구로구 구로중앙로42길 33 (신도림동),근린생활1,제1종근린생활시설,1018114615,지번
1153010100102920017,서울특별시 구로구 신도림동,서울특별시 구로구 신도림로11길 34 (신도림동),근린생활1,제1종근린생활시설,101816117,지번
1153010900102380003,서울특별시 구로구 궁동,서울특별시 구로구 부일로9길 90-2 (궁동),근린생활1,제1종근린생활시설,101816101,지번
1153010100102960030,서울특별시 구로구 신도림동,서울특별시 구로구 신도림로15길 21-24 (신도림동),근린생활2,제2종근린생활시설,101816001,지번
1153010100102910036,서울특별시 구로구 신도림동,서울특별시 구로구 신도림로11다길 15 (신도림동),근린생활1,제1종근린생활시설,101815762,지번
1153010300101240004,서울특별시 구로구 가리봉동,서울특별시 구로구 우마길 10 (가리봉동),근린생활2,제2종근린생활시설,10181100236596,지번
1153010700104580000,서울특별시 구로구 개봉동,서울특별시 구로구 경인로35길 56-38 (개봉동),근린생활1,제1종근린생활시설,101818825,지번
1153010100102960093,서울특별시 구로구 신도림동,서울특별시 구로구 신도림로15길 24 (신도림동),근린생활2,제2종근린생활시설,1018115011,지번
1153010100102820014,서울특별시 구로구 신도림동,서울특별시 구로구 구로중앙로42길 113 (신도림동),근린생활2,제2종근린생활시설,1018114719,지번
1153010100102810074,서울특별시 구로구 신도림동,서울특별시 구로구 구로중앙로42길 128-1 (신도림동),근린생활2,제2종근린생활시설,1018114049,지번
1153010100102810119,서울특별시 구로구 신도림동,서울특별시 구로구 구로중앙로42길 126-12 (신도림동),근린생활2,제2종근린생활시설,1018113874,지번
1153010100102960013,서울특별시 구로구 신도림동,서울특별시 구로구 신도림로15가길 9 (신도림동),근린생활2,제2종근린생활시설,1018124301,지번
1153010100102920210,서울특별시 구로구 신도림동,서울특별시 구로구 구로중앙로42길 92-10 (신도림동),근린생활2,제2종근린생활시설,1018124062,지번
1153010100102800012,서울특별시 구로구 신도림동,서울특별시 구로구 신도림로11라길 47 (신도림동),근린생활2,제2종근린생활시설,1018124009,지번
1153010100103940038,서울특별시 구로구 신도림동,서울특별시 구로구 신도림로9길 15-4 (신도림동),근린생활1,제1종근린생활시설,1018123689,지번
1153010800102770004,서울특별시 구로구 오류동,서울특별시 구로구 서해안로 2225 (오류동),근린생활1,제1종근린생활시설,10181100233693,지번
1153010300101230002,서울특별시 구로구 가리봉동,서울특별시 구로구 우마길 7 (가리봉동),근린생활1,제1종근린생활시설,101818659,지번
1153010300101230070,서울특별시 구로구 가리봉동,서울특별시 구로구 우마3길 11 (가리봉동),근린생활2,제2종근린생활시설,101815442,지번
1153010200107400053,서울특별시 구로구 구로동,서울특별시 구로구 구로동로20길 23 (구로동),근린생활1,제1종근린생활시설,101813920,지번
1153010200107400053,서울특별시 구로구 구로동,서울특별시 구로구 구로동로20길 23 (구로동),근린생활1,제1종근린생활시설,101813921,지번
1153010900101870016,서울특별시 구로구 궁동,서울특별시 구로구 부일로13길 52 (궁동),근린생활2,제2종근린생활시설,1018123599,지번
1153010900100320009,서울특별시 구로구 궁동,서울특별시 구로구 오리로 1356 (궁동),근린생활1,제1종근린생활시설,1018123544,지번
1153010100103960060,서울특별시 구로구 신도림동,서울특별시 구로구 신도림로11가길 3-2 (신도림동),근린생활1,제1종근린생활시설,1018121710,지번
1153010100102960026,서울특별시 구로구 신도림동,서울특별시 구로구 신도림로15가길 15-4 (신도림동),근린생활2,제2종근린생활시설,1018121309,지번
1153010100104160022,서울특별시 구로구 신도림동,서울특별시 구로구 신도림로9길 2 (신도림동),근린생활1,제1종근린생활시설,1018120969,지번
1153010100103960140,서울특별시 구로구 신도림동,서울특별시 구로구 신도림로11길 9-38 (신도림동),근린생활1,제1종근린생활시설,1018120916,지번
1153010100103960089,서울특별시 구로구 신도림동,서울특별시 구로구 신도림로11길 9-32 (신도림동),근린생활2,제2종근린생활시설,1018120831,지번
1153010100102810137,서울특별시 구로구 신도림동,서울특별시 구로구 구로중앙로42길 137 (신도림동),근린생활1,제1종근린생활시설,101819914,지번
1153010100102810047,서울특별시 구로구 신도림동,서울특별시 구로구 신도림로11라길 59-12 (신도림동),근린생활2,제2종근린생활시설,1018119792,지번
1153010900102300010,서울특별시 구로구 궁동,서울특별시 구로구 부일로 901 (궁동),근린생활1,제1종근린생활시설,1018119729,지번
1153010100102940009,서울특별시 구로구 신도림동,서울특별시 구로구 신도림로11나길 23-5 (신도림동),근린생활2,제2종근린생활시설,101817593,지번
1153010800100540004,서울특별시 구로구 오류동,서울특별시 구로구 경인로 204 (오류동),근린생활1,제1종근린생활시설,10181100270987,지번
1153010300101240032,서울특별시 구로구 가리봉동,서울특별시 구로구 남부순환로105길 110 (가리봉동),근린생활2,제2종근린생활시설,10181100236973,지번
1153010300101260036,서울특별시 구로구 가리봉동,서울특별시 구로구 우마길 19 (가리봉동),근린생활2,제2종근린생활시설,10181100228444,지번
1153010200107450074,서울특별시 구로구 구로동,서울특별시 구로구 구로동로8길 27 (구로동),근린생활1,노유자시설,101811061,지번
1153010200107450074,서울특별시 구로구 구로동,서울특별시 구로구 구로동로8길 27 (구로동),근린생활1,제1종근린생활시설,101811062,지번
1153010200107660207,서울특별시 구로구 구로동,서울특별시 구로구 도림로 57 (구로동),근린생활2,제2종근린생활시설,1018115162,지번
1153010200107670180,서울특별시 구로구 구로동,서울특별시 구로구 도림로 55 (구로동),근린생활2,제2종근린생활시설,1018120477,지번
1153010200107640261,서울특별시 구로구 구로동,서울특별시 구로구 구로동로26길 78 (구로동),근린생활1,제1종근린생활시설,1018119362,지번
1153010200107540002,서울특별시 구로구 구로동,서울특별시 구로구 구로동로29길 3 (구로동),근린생활1,제1종근린생활시설,1018117555,지번
1153010200107690267,서울특별시 구로구 구로동,서울특별시 구로구 도림로 47-1 (구로동),근린생활2,제2종근린생활시설,1018117193,지번
1153010200107410021,서울특별시 구로구 구로동,서울특별시 구로구 구로동로26길 58 (구로동),근린생활2,제2종근린생활시설,1018114435,지번
1153010200107480008,서울특별시 구로구 구로동,서울특별시 구로구 도림로 27-1 (구로동),근린생활1,제1종근린생활시설,1018123086,지번
1153010200107660238,서울특별시 구로구 구로동,서울특별시 구로구 도림로 63 (구로동),근린생활1,제1종근린생활시설,1018122508,지번
1153010200107690265,서울특별시 구로구 구로동,,근린생활2,제2종근린생활시설,1000000000000001229454,지번
1153010200107690265,서울특별시 구로구 구로동,서울특별시 구로구 도림로 47 (구로동),근린생활2,제2종근린생활시설,101812403,지번
1153010300101150113,서울특별시 구로구 가리봉동,서울특별시 구로구 디지털로27길 57 (가리봉동),근린생활1,제1종근린생활시설,101818431,지번
1153010700100150001,서울특별시 구로구 개봉동,서울특별시 구로구 고척로19길 69-52 (개봉동),근린생활1,제1종근린생활시설,1018118730,지번
1153010200100410004,서울특별시 구로구 구로동,서울특별시 구로구 공원로6나길 38 (구로동),근린생활1,제1종근린생활시설,101815325,지번
1153010300101230001,서울특별시 구로구 가리봉동,서울특별시 구로구 우마길 5 (가리봉동),근린생활2,제2종근린생활시설,10181100263347,지번
1153010300101250008,서울특별시 구로구 가리봉동,서울특별시 구로구 우마길 24-5 (가리봉동),근린생활1,제1종근린생활시설,101811687,지번
1153010200106120013,서울특별시 구로구 구로동,서울특별시 구로구 구로중앙로 212 (구로동),근린생활2,제2종근린생활시설,1018124627,지번
1153010700101820002,서울특별시 구로구 개봉동,서울특별시 구로구 개봉로23가길 86 (개봉동),근린생활2,자동차관련시설,10181100205880,지번
1153010700101820002,서울특별시 구로구 개봉동,서울특별시 구로구 개봉로23가길 86 (개봉동),근린생활2,자동차관련시설,101814202,지번
1153010200111240095,서울특별시 구로구 구로동,서울특별시 구로구 디지털로32나길 17-22 (구로동),근린생활2,제2종근린생활시설,1018122160,지번
1153010700101180023,서울특별시 구로구 개봉동,서울특별시 구로구 고척로27길 42 (개봉동),근린생활2,제2종근린생활시설,1018110249,지번
1153010700102580031,서울특별시 구로구 개봉동,서울특별시 구로구 개봉로16길 37-8 (개봉동),근린생활2,제2종근린생활시설,1018111599,지번
1153010300101050034,서울특별시 구로구 가리봉동,서울특별시 구로구 우마1길 24 (가리봉동),근린생활1,제1종근린생활시설,1018111137,지번
1153010700101490021,서울특별시 구로구 개봉동,서울특별시 구로구 경인로35길 40 (개봉동),근린생활1,제1종근린생활시설,1018110950,지번
1153010300100130047,서울특별시 구로구 가리봉동,서울특별시 구로구 구로동로7길 41 (가리봉동),근린생활1,제1종근린생활시설,1018110182,지번
1153010700101390034,서울특별시 구로구 개봉동,서울특별시 구로구 경인로31길 10 (개봉동),근린생활1,제1종근린생활시설,1018110288,지번
1153010700101540111,서울특별시 구로구 개봉동,서울특별시 구로구 경인로35길 24 (개봉동),근린생활1,제1종근린생활시설,1018113692,지번
1153010300101150111,서울특별시 구로구 가리봉동,서울특별시 구로구 디지털로27길 51 (가리봉동),근린생활1,제1종근린생활시설,1018118014,지번
1153010700102620030,서울특별시 구로구 개봉동,서울특별시 구로구 개봉로16길 19 (개봉동),근린생활2,제2종근린생활시설,1018117630,지번
1153010700102550036,서울특별시 구로구 개봉동,서울특별시 구로구 개봉로2길 133-27 (개봉동),근린생활2,제2종근린생활시설,1018117520,지번
1153010200107240024,서울특별시 구로구 구로동,서울특별시 구로구 구로동로21길 11-12 (구로동),근린생활2,제2종근린생활시설,10181100266107,지번
1153010200101090007,서울특별시 구로구 구로동,서울특별시 구로구 가마산로27길 77-12 (구로동),근린생활2,제2종근린생활시설,10181100268967,지번
1153010700103170021,서울특별시 구로구 개봉동,서울특별시 구로구 개봉로17아길 41-6 (개봉동),근린생활2,제2종근린생활시설,1018112491,지번
1153010200105440001,서울특별시 구로구 구로동,서울특별시 구로구 공원로 81 (구로동),근린생활2,제2종근린생활시설,1018118084,지번
1153010200107260025,서울특별시 구로구 구로동,서울특별시 구로구 구로동로21길 10 (구로동),근린생활1,제1종근린생활시설,1018118588,지번
1153010700100470000,서울특별시 구로구 개봉동,서울특별시 구로구 고척로21나길 91 (개봉동),근린생활2,제2종근린생활시설,1018110905,지번
1153010700101250001,서울특별시 구로구 개봉동,서울특별시 구로구 고척로31길 5 (개봉동),근린생활2,제2종근린생활시설,1018117165,지번
1153010700102580014,서울특별시 구로구 개봉동,서울특별시 구로구 개봉로16길 41 (개봉동),근린생활1,제1종근린생활시설,1018116827,지번
1153010700101540105,서울특별시 구로구 개봉동,서울특별시 구로구 경인로35길 34 (개봉동),근린생활1,제1종근린생활시설,1018111780,지번
1153010300101320021,서울특별시 구로구 가리봉동,서울특별시 구로구 디지털로21길 30 (가리봉동),근린생활2,제2종근린생활시설,1018116487,지번
1153010700101310009,서울특별시 구로구 개봉동,서울특별시 구로구 경인로33마길 12 (개봉동),근린생활1,제1종근린생활시설,1018111671,지번
1153010700101320023,서울특별시 구로구 개봉동,서울특별시 구로구 경인로33마길 19-1 (개봉동),근린생활2,제2종근린생활시설,1018116252,지번
1153010700102590029,서울특별시 구로구 개봉동,서울특별시 구로구 개봉로18길 35 (개봉동),근린생활2,제2종근린생활시설,1018115994,지번
1153010700101160009,서울특별시 구로구 개봉동,서울특별시 구로구 고척로27가길 11 (개봉동),근린생활1,제1종근린생활시설,1018115538,지번
1153010300101260043,서울특별시 구로구 가리봉동,서울특별시 구로구 디지털로19길 27 (가리봉동),근린생활1,제1종근린생활시설,1018113207,지번
1153010300101150053,서울특별시 구로구 가리봉동,서울특별시 구로구 디지털로27길 71 (가리봉동),근린생활1,제1종근린생활시설,1018113168,지번
1153010300100260029,서울특별시 구로구 가리봉동,서울특별시 구로구 구로동로5길 39-11 (가리봉동),근린생활1,제1종근린생활시설,1018113016,지번
1153010300101070044,서울특별시 구로구 가리봉동,서울특별시 구로구 우마1길 51 (가리봉동),근린생활1,제1종근린생활시설,1018112559,지번
1153010700102610012,서울특별시 구로구 개봉동,서울특별시 구로구 개봉로16길 7 (개봉동),근린생활2,제2종근린생활시설,1018112190,지번
1153010800101420085,서울특별시 구로구 오류동,서울특별시 구로구 서해안로34가길 8 (오류동),근린생활2,제2종근린생활시설,1000000000000003019906,지번
1153010100104160036,서울특별시 구로구 신도림동,서울특별시 구로구 경인로59길 57 (신도림동),근린생활1,제1종근린생활시설,1018119555,지번
1153010300101350012,서울특별시 구로구 가리봉동,서울특별시 구로구 남부순환로105길 38 (가리봉동),근린생활1,제1종근린생활시설,1000000000000002446038,지번
1153010300101210024,서울특별시 구로구 가리봉동,서울특별시 구로구 구로동로 9-16 (가리봉동),근린생활1,제1종근린생활시설,1018111864,지번
1153010700101270003,서울특별시 구로구 개봉동,서울특별시 구로구 고척로32길 6 (개봉동),근린생활1,제1종근린생활시설,1018113531,지번
1153010700102600008,서울특별시 구로구 개봉동,서울특별시 구로구 개봉로18길 40 (개봉동),근린생활1,제1종근린생활시설,1018113217,지번
1153010700101390063,서울특별시 구로구 개봉동,서울특별시 구로구 경인로31길 48 (개봉동),근린생활1,제1종근린생활시설,1018115489,지번
1153010300101350011,서울특별시 구로구 가리봉동,서울특별시 구로구 남부순환로105길 42 (가리봉동),근린생활1,제1종근린생활시설,1018115418,지번
1153010300100890066,서울특별시 구로구 가리봉동,서울특별시 구로구 구로동로 24-1 (가리봉동),근린생활1,제1종근린생활시설,1018115221,지번
1153010300101340101,서울특별시 구로구 가리봉동,서울특별시 구로구 디지털로20길 9 (가리봉동),근린생활1,제1종근린생활시설,1018115209,지번
1153010300101310034,서울특별시 구로구 가리봉동,서울특별시 구로구 디지털로19길 42 (가리봉동),근린생활1,제1종근린생활시설,1018114162,지번
1153010700101250002,서울특별시 구로구 개봉동,서울특별시 구로구 고척로31길 3 (개봉동),근린생활1,제1종근린생활시설,1018121062,지번
1153010700101090017,서울특별시 구로구 개봉동,서울특별시 구로구 고척로27길 83 (개봉동),근린생활1,제1종근린생활시설,1018123136,지번
1153010700101980016,서울특별시 구로구 개봉동,서울특별시 구로구 개봉로20길 97 (개봉동),근린생활1,제1종근린생활시설,1018123119,지번
1153010300100010009,서울특별시 구로구 가리봉동,서울특별시 구로구 구로동로7길 98 (가리봉동),근린생활2,제2종근린생활시설,1018122603,지번
1153010700102760021,서울특별시 구로구 개봉동,서울특별시 구로구 개봉로2길 87-15 (개봉동),근린생활2,제2종근린생활시설,1018122562,지번
1153010300101360072,서울특별시 구로구 가리봉동,서울특별시 구로구 남부순환로105가길 16 (가리봉동),근린생활1,제1종근린생활시설,1018122444,지번
1153010300101070054,서울특별시 구로구 가리봉동,서울특별시 구로구 디지털로27길 77 (가리봉동),근린생활,근린생활시설,1018122134,지번
1153010700101090030,서울특별시 구로구 개봉동,서울특별시 구로구 고척로25길 90 (개봉동),근린생활2,제2종근린생활시설,1018122038,지번
1153010700102640031,서울특별시 구로구 개봉동,서울특별시 구로구 개봉로12길 9-40 (개봉동),근린생활1,제1종근린생활시설,1018121600,지번
1153010300100250175,서울특별시 구로구 가리봉동,서울특별시 구로구 구로동로7길 5-1 (가리봉동),근린생활1,제1종근린생활시설,1018121469,지번
1153010700101410082,서울특별시 구로구 개봉동,서울특별시 구로구 경인로35길 61 (개봉동),근린생활1,제1종근린생활시설,101817311,지번
1153010700102020018,서울특별시 구로구 개봉동,서울특별시 구로구 남부순환로97길 20-6 (개봉동),근린생활1,제1종근린생활시설,101817100,지번
1153010300101210025,서울특별시 구로구 가리봉동,서울특별시 구로구 구로동로 9-14 (가리봉동),근린생활1,제1종근린생활시설,1018120496,지번
1153010700101540049,서울특별시 구로구 개봉동,서울특별시 구로구 경인로35길 22 (개봉동),근린생활1,제1종근린생활시설,1018120158,지번
1153010300101150058,서울특별시 구로구 가리봉동,서울특별시 구로구 디지털로27길 75 (가리봉동),근린생활1,제1종근린생활시설,1018119425,지번
1153010300101360084,서울특별시 구로구 가리봉동,서울특별시 구로구 남부순환로105길 6 (가리봉동),근린생활1,제1종근린생활시설,1018119391,지번
1153010300100250294,서울특별시 구로구 가리봉동,서울특별시 구로구 구로동로5길 2 (가리봉동),근린생활2,제2종근린생활시설,101816111,지번
1153010300101310022,서울특별시 구로구 가리봉동,서울특별시 구로구 디지털로19길 12 (가리봉동),근린생활2,제2종근린생활시설,1018119094,지번
1153010700101390024,서울특별시 구로구 개봉동,서울특별시 구로구 경인로35가길 8 (개봉동),근린생활1,제1종근린생활시설,1018119076,지번
1153010700101530054,서울특별시 구로구 개봉동,서울특별시 구로구 고척로52길 112 (개봉동),근린생활1,제1종근린생활시설,101816045,지번
1153010200104960166,서울특별시 구로구 구로동,서울특별시 구로구 구로동로47길 10 (구로동),근린생활2,제2종근린생활시설,1018116503,지번
1153010700104030175,서울특별시 구로구 개봉동,서울특별시 구로구 개봉로 20 (개봉동),근린생활1,제1종근린생활시설,1018115807,지번
1153010200104960002,서울특별시 구로구 구로동,서울특별시 구로구 구로동로 223-1 (구로동),근린생활1,제1종근린생활시설,10181100241673,지번
1153010600100520221,서울특별시 구로구 고척동,서울특별시 구로구 경인로47길 42-1 (고척동),근린생활1,제1종근린생활시설,1018118869,지번
1153010200104260076,서울특별시 구로구 구로동,서울특별시 구로구 가마산로 208 (구로동),근린생활1,제1종근린생활시설,10181100272347,지번
1153010200105130043,서울특별시 구로구 구로동,서울특별시 구로구 구로중앙로26길 34 (구로동),근린생활1,제1종근린생활시설,1018120945,지번
1153010100103060013,서울특별시 구로구 신도림동,서울특별시 구로구 신도림로 67 (신도림동),근린생활2,제2종근린생활시설,1018110457,지번
1153010300101360095,서울특별시 구로구 가리봉동,서울특별시 구로구 남부순환로105가길 20 (가리봉동),근린생활1,제1종근린생활시설,1018117100,지번
1153010200111320051,서울특별시 구로구 구로동,서울특별시 구로구 시흥대로161길 36-7 (구로동),근린생활1,제1종근린생활시설,1018114609,지번
1153010200106000059,서울특별시 구로구 구로동,서울특별시 구로구 경인로 554 (구로동),근린생활1,제1종근린생활시설,1018114138,지번
1153010600102530022,서울특별시 구로구 고척동,서울특별시 구로구 고척로32길 3 (고척동),근린생활1,제1종근린생활시설,101819800,지번
1153010600100520085,서울특별시 구로구 고척동,서울특별시 구로구 경인로47길 82 (고척동),근린생활1,제1종근린생활시설,101818593,지번
1153010700103530015,서울특별시 구로구 개봉동,서울특별시 구로구 개봉로 121 (개봉동),근린생활1,제1종근린생활시설,101816077,지번
1153010200107810025,서울특별시 구로구 구로동,서울특별시 구로구 도림로12길 21 (구로동),근린생활1,공동주택,101812287,지번
1153010200107810025,서울특별시 구로구 구로동,서울특별시 구로구 도림로12길 21 (구로동),근린생활1,제1종근린생활시설,101812288,지번
1153010200103130122,서울특별시 구로구 구로동,서울특별시 구로구 도림로17길 14 (구로동),근린생활2,제2종근린생활시설,101818653,지번
1153010200107000055,서울특별시 구로구 구로동,서울특별시 구로구 구일로2길 45 (구로동),근린생활2,제2종근린생활시설,10181100260967,지번
1153010200107000055,서울특별시 구로구 구로동,서울특별시 구로구 구일로2길 45 (구로동),근린생활2,종교시설,1018111675,지번
1153010700101250003,서울특별시 구로구 개봉동,서울특별시 구로구 고척로 133-1 (개봉동),근린생활1,제1종근린생활시설,101818915,지번
1153010700101390095,서울특별시 구로구 개봉동,서울특별시 구로구 경인로33길 30 (개봉동),근린생활2,제2종근린생활시설,1018114614,지번
1153010600101640040,서울특별시 구로구 고척동,서울특별시 구로구 고척로 185 (고척동),근린생활1,제1종근린생활시설,1018119995,지번
1153010600101940002,서울특별시 구로구 고척동,서울특별시 구로구 고척로 232 (고척동),근린생활1,제1종근린생활시설,10181100190085,지번
1153010700101090029,서울특별시 구로구 개봉동,서울특별시 구로구 고척로25길 94 (개봉동),근린생활2,제2종근린생활시설,101815270,지번
1153010300100250050,서울특별시 구로구 가리봉동,서울특별시 구로구 구로동로 31 (가리봉동),근린생활1,제1종근린생활시설,101815037,지번
1153010700102580025,서울특별시 구로구 개봉동,서울특별시 구로구 개봉로16길 39 (개봉동),근린생활1,제1종근린생활시설,1018118500,지번
1153010700101540106,서울특별시 구로구 개봉동,서울특별시 구로구 경인로35길 32 (개봉동),근린생활1,제1종근린생활시설,1018124288,지번
1153010700101390116,서울특별시 구로구 개봉동,서울특별시 구로구 경인로 287 (개봉동),근린생활2,제2종근린생활시설,1018123165,지번
1153010700101610011,서울특별시 구로구 개봉동,서울특별시 구로구 개봉로24길 9 (개봉동),근린생활1,제1종근린생활시설,1018122627,지번
1153010300101210026,서울특별시 구로구 가리봉동,서울특별시 구로구 구로동로 9-12 (가리봉동),근린생활1,제1종근린생활시설,101817897,지번
1153010700101390017,서울특별시 구로구 개봉동,서울특별시 구로구 경인로33길 15 (개봉동),근린생활1,제1종근린생활시설,1018121185,지번
1153010700102620009,서울특별시 구로구 개봉동,서울특별시 구로구 개봉로16가길 10-4 (개봉동),근린생활1,제1종근린생활시설,101817855,지번
1153010300100890143,서울특별시 구로구 가리봉동,서울특별시 구로구 구로동로 24 (가리봉동),근린생활1,제1종근린생활시설,101818218,지번
1153010700101790024,서울특별시 구로구 개봉동,서울특별시 구로구 경인로40길 20 (개봉동),근린생활2,제2종근린생활시설,101819833,지번
1153010700101540053,서울특별시 구로구 개봉동,서울특별시 구로구 경인로35길 16-4 (개봉동),근린생활2,제2종근린생활시설,101818092,지번
1153011100100100011,서울특별시 구로구 천왕동,서울특별시 구로구 오리로1길 4 (천왕동),근린생활1,제1종근린생활시설,10181100256047,지번
1153010600100520216,서울특별시 구로구 고척동,서울특별시 구로구 경인로47길 36 (고척동),근린생활1,제1종근린생활시설,1018113494,지번
1153010600101850009,서울특별시 구로구 고척동,서울특별시 구로구 중앙로 93 (고척동),근린생활2,제2종근린생활시설,1018110570,지번
1153010200100290012,서울특별시 구로구 구로동,서울특별시 구로구 공원로6나길 39-6 (구로동),근린생활2,제2종근린생활시설,10181100249687,지번
1153010800101720065,서울특별시 구로구 오류동,서울특별시 구로구 오리로10길 44-1 (오류동),근린생활1,제1종근린생활시설,10181100249787,지번
1153010200101040007,서울특별시 구로구 구로동,서울특별시 구로구 가마산로27길 7 (구로동),근린생활1,제1종근린생활시설,1018123818,지번
1153010200104290167,서울특별시 구로구 구로동,서울특별시 구로구 구로동로28길 49 (구로동),근린생활1,제1종근린생활시설,1018115025,지번
1153010700101020002,서울특별시 구로구 개봉동,서울특별시 구로구 고척로23길 60 (개봉동),근린생활2,제2종근린생활시설,10181100244974,지번
1153010200103270055,서울특별시 구로구 구로동,서울특별시 구로구 구로동로28길 64-13 (구로동),근린생활1,단독주택,101819979,지번
1153010600102500060,서울특별시 구로구 고척동,서울특별시 구로구 고척로33길 101 (고척동),근린생활1,제1종근린생활시설,1018122877,지번
1153010600101670054,서울특별시 구로구 고척동,서울특별시 구로구 고척로47길 41 (고척동),근린생활1,제1종근린생활시설,1018122678,지번
1153010600102710189,서울특별시 구로구 고척동,서울특별시 구로구 경인로35길 131-25 (고척동),근린생활1,제1종근린생활시설,1018122677,지번
1153010700100800016,서울특별시 구로구 개봉동,서울특별시 구로구 경인로31길 5 (개봉동),근린생활2,제2종근린생활시설,1018122552,지번
1153010700100630012,서울특별시 구로구 개봉동,서울특별시 구로구 고척로 93 (개봉동),근린생활1,제1종근린생활시설,1018122030,지번
1153010700100080026,서울특별시 구로구 개봉동,서울특별시 구로구 고척로21다길 20 (개봉동),근린생활2,제2종근린생활시설,1018122004,지번
1153010700100660011,서울특별시 구로구 개봉동,서울특별시 구로구 고척로 103 (개봉동),근린생활2,제2종근린생활시설,1018123153,지번
1153010600102530156,서울특별시 구로구 고척동,서울특별시 구로구 고척로 143 (고척동),근린생활1,제1종근린생활시설,101815223,지번
1153010600100410003,서울특별시 구로구 고척동,서울특별시 구로구 중앙로14길 23 (고척동),근린생활2,제2종근린생활시설,101816988,지번
1153010800100060006,서울특별시 구로구 오류동,서울특별시 구로구 경인로 179 (오류동),근린생활2,제2종근린생활시설,101817165,지번
1153010600102410130,서울특별시 구로구 고척동,서울특별시 구로구 고척로27다길 28 (고척동),근린생활1,제1종근린생활시설,101818967,지번
1153010700100980034,서울특별시 구로구 개봉동,서울특별시 구로구 고척로25길 31 (개봉동),근린생활1,제1종근린생활시설,101817432,지번
1153010700100980008,서울특별시 구로구 개봉동,서울특별시 구로구 고척로25길 33-26 (개봉동),근린생활1,제1종근린생활시설,101819916,지번
1153010600102690008,서울특별시 구로구 고척동,서울특별시 구로구 경인로35길 131-42 (고척동),근린생활1,제1종근린생활시설,101815378,지번
1153010600100510023,서울특별시 구로구 고척동,서울특별시 구로구 중앙로8길 19 (고척동),근린생활2,제2종근린생활시설,101816404,지번
1153010600101640037,서울특별시 구로구 고척동,서울특별시 구로구 고척로 186 (고척동),근린생활1,제1종근린생활시설,101816421,지번
1153010700101150002,서울특별시 구로구 개봉동,서울특별시 구로구 고척로27길 67 (개봉동),근린생활1,제1종근린생활시설,101815729,지번
1153010700101150015,서울특별시 구로구 개봉동,서울특별시 구로구 고척로27길 63-3 (개봉동),근린생활1,제1종근린생활시설,101816444,지번
1153010200100280003,서울특별시 구로구 구로동,서울특별시 구로구 새말로18길 20-15 (구로동),근린생활1,제1종근린생활시설,101817509,지번
1153010200108300001,서울특별시 구로구 구로동,서울특별시 구로구 디지털로26길 98 (구로동),근린생활1,제1종근린생활시설,10181100229195,지번
1153010200101380008,서울특별시 구로구 구로동,서울특별시 구로구 구로중앙로 24 (구로동),근린생활1,제1종근린생활시설,1018118258,지번
1153010700102900001,서울특별시 구로구 개봉동,서울특별시 구로구 개봉로 8-14 (개봉동),근린생활1,제1종근린생활시설,1018117236,지번
1153010200107690254,서울특별시 구로구 구로동,서울특별시 구로구 구로동로22길 87 (구로동),근린생활2,제2종근린생활시설,101813923,지번
1153010200105300030,서울특별시 구로구 구로동,서울특별시 구로구 구로중앙로28길 7 (구로동),근린생활2,제2종근린생활시설,1018119945,지번
1153010300101070008,서울특별시 구로구 가리봉동,서울특별시 구로구 디지털로27길 83 (가리봉동),근린생활1,제1종근린생활시설,1018119110,지번
1153010200101110006,서울특별시 구로구 구로동,서울특별시 구로구 구로중앙로28다길 27 (구로동),근린생활1,제1종근린생활시설,1018119086,지번
1153010600102730058,서울특별시 구로구 고척동,서울특별시 구로구 경인로35길 75 (고척동),근린생활1,제1종근린생활시설,1018118276,지번
1153010200105290002,서울특별시 구로구 구로동,서울특별시 구로구 구로중앙로28길 34 (구로동),근린생활2,제2종근린생활시설,10181100217712,지번
1153010200102520045,서울특별시 구로구 구로동,서울특별시 구로구 디지털로27길 52 (구로동),근린생활1,제1종근린생활시설,101815715,지번
1153010700100630032,서울특별시 구로구 개봉동,서울특별시 구로구 고척로 100 (개봉동),근린생활1,제1종근린생활시설,101818123,지번
1153010200101300016,서울특별시 구로구 구로동,서울특별시 구로구 구로중앙로8길 15 (구로동),근린생활1,제1종근린생활시설,1018110599,지번
1153010100102920037,서울특별시 구로구 신도림동,서울특별시 구로구 신도림로11길 39 (신도림동),근린생활1,제1종근린생활시설,1018122779,지번
1153010200104670033,서울특별시 구로구 구로동,서울특별시 구로구 구로동로43길 41-8 (구로동),근린생활2,제2종근린생활시설,1018120525,지번
1153010700100660005,서울특별시 구로구 개봉동,서울특별시 구로구 고척로 108 (개봉동),근린생활2,제2종근린생활시설,1018114832,지번
1153010700100980035,서울특별시 구로구 개봉동,서울특별시 구로구 고척로25길 33 (개봉동),근린생활1,제1종근린생활시설,1018114761,지번
1153010600102500127,서울특별시 구로구 고척동,서울특별시 구로구 고척로27마길 15 (고척동),근린생활1,제1종근린생활시설,1018115919,지번
1153010600102410167,서울특별시 구로구 고척동,서울특별시 구로구 고척로27라길 28 (고척동),근린생활1,제1종근린생활시설,1018112696,지번
1153010600101700010,서울특별시 구로구 고척동,서울특별시 구로구 고척로54길 25 (고척동),근린생활2,제2종근린생활시설,1018116155,지번
1153010600102570022,서울특별시 구로구 고척동,서울특별시 구로구 경인로33길 105 (고척동),근린생활1,제1종근린생활시설,1018117425,지번
1153010600101850034,서울특별시 구로구 고척동,서울특별시 구로구 고척로60길 13 (고척동),근린생활1,제1종근린생활시설,1018117562,지번
1153010600102730005,서울특별시 구로구 고척동,서울특별시 구로구 경인로33길 72 (고척동),근린생활1,제1종근린생활시설,1018120200,지번
1153010700100670022,서울특별시 구로구 개봉동,서울특별시 구로구 고척로 107 (개봉동),근린생활1,제1종근린생활시설,1018120066,지번
1153010700104030195,서울특별시 구로구 개봉동,서울특별시 구로구 개봉로 12 (개봉동),근린생활1,제1종근린생활시설,101815466,지번
1153010300101240011,서울특별시 구로구 가리봉동,서울특별시 구로구 우마길 14 (가리봉동),근린생활1,제1종근린생활시설,1018122363,지번
1153010700104030183,서울특별시 구로구 개봉동,서울특별시 구로구 개봉로 15 (개봉동),근린생활1,제1종근린생활시설,1018118910,지번
1153010700102770005,서울특별시 구로구 개봉동,서울특별시 구로구 개봉로2길 75 (개봉동),근린생활1,제1종근린생활시설,1018116266,지번
1153010700100920009,서울특별시 구로구 개봉동,서울특별시 구로구 고척로 119 (개봉동),근린생활2,제2종근린생활시설,1018116722,지번
1153010200111240036,서울특별시 구로구 구로동,,근린생활1,제1종근린생활시설,101811474,지번
1153010200111240036,서울특별시 구로구 구로동,서울특별시 구로구 디지털로32나길 14 (구로동),근린생활1,숙박시설,101811475,지번
1153010200100410013,서울특별시 구로구 구로동,서울특별시 구로구 공원로8길 53 (구로동),근린생활1,제1종근린생활시설,1018118815,지번
1153010200105470011,서울특별시 구로구 구로동,서울특별시 구로구 공원로7길 18 (구로동),근린생활1,제1종근린생활시설,1018124767,지번
1153010200100400011,서울특별시 구로구 구로동,서울특별시 구로구 공원로8길 25 (구로동),근린생활1,제1종근린생활시설,101815687,지번
1153010700101320048,서울특별시 구로구 개봉동,서울특별시 구로구 고척로30길 58 (개봉동),근린생활1,제1종근린생활시설,1018113190,지번
1153010200101360040,서울특별시 구로구 구로동,서울특별시 구로구 구로중앙로 31 (구로동),근린생활1,제1종근린생활시설,1018115767,지번
1153010700101360002,서울특별시 구로구 개봉동,서울특별시 구로구 경인로33길 50 (개봉동),근린생활1,제1종근린생활시설,1018123654,지번
1153010200105300023,서울특별시 구로구 구로동,서울특별시 구로구 구로중앙로28길 16 (구로동),근린생활2,제2종근린생활시설,1018111015,지번
1153010700104030022,서울특별시 구로구 개봉동,서울특별시 구로구 개봉로19길 39 (개봉동),근린생활2,제2종근린생활시설,1018119678,지번
1153010600101920000,서울특별시 구로구 고척동,서울특별시 구로구 고척로 237 (고척동),근린생활1,제1종근린생활시설,1018110028,지번
1153010800100520007,서울특별시 구로구 오류동,서울특별시 구로구 경인로20길 10 (오류동),근린생활1,제1종근린생활시설,1018123178,지번
1153010600102710128,서울특별시 구로구 고척동,서울특별시 구로구 경인로35길 131 (고척동),근린생활1,제1종근린생활시설,1018116373,지번
1153010600100520201,서울특별시 구로구 고척동,서울특별시 구로구 경인로47길 14 (고척동),근린생활1,제1종근린생활시설,1018117897,지번
1153010700101610004,서울특별시 구로구 개봉동,서울특별시 구로구 경인로 334 (개봉동),판매시설,판매시설,10181100182112,지번
1153010600100760181,서울특별시 구로구 고척동,서울특별시 구로구 경인로47길 23 (고척동),근린생활2,제2종근린생활시설,1018120631,지번
1153010200111320028,서울특별시 구로구 구로동,서울특별시 구로구 시흥대로161길 32 (구로동),근린생활2,제2종근린생활시설,10181100206521,지번
1153010600100720049,서울특별시 구로구 고척동,서울특별시 구로구 경인로 387 (고척동),근린생활1,제1종근린생활시설,10181100266006,지번
1153010200107320001,서울특별시 구로구 구로동,서울특별시 구로구 구로동로 126-2 (구로동),근린생활2,제2종근린생활시설,1018119684,지번
1153010200106420108,서울특별시 구로구 구로동,서울특별시 구로구 구일로 110 (구로동),근린생활2,제2종근린생활시설,1018115299,지번
1153010200111240047,서울특별시 구로구 구로동,서울특별시 구로구 디지털로32나길 29 (구로동),근린생활2,제2종근린생활시설,1018115765,지번
1153010200100820007,서울특별시 구로구 구로동,서울특별시 구로구 가마산로 232-11 (구로동),근린생활1,제1종근린생활시설,1018114327,지번
1153010300101210042,서울특별시 구로구 가리봉동,서울특별시 구로구 구로동로 5 (가리봉동),근린생활1,제1종근린생활시설,1018119780,지번
1153010300101210042,서울특별시 구로구 가리봉동,서울특별시 구로구 구로동로 5-5 (가리봉동),근린생활1,제2종근린생활시설,101818798,지번
1153010200103900190,서울특별시 구로구 구로동,,근린생활1,단독주택,1018114592,지번
1153010200103900190,서울특별시 구로구 구로동,서울특별시 구로구 구로동로17길 62 (구로동),근린생활1,제1종근린생활시설,1018124156,지번
1153010100106460000,서울특별시 구로구 신도림동,서울특별시 구로구 경인로65길 16-15 (신도림동),근린생활2,제2종근린생활시설,101811599,지번
1153010100106460000,서울특별시 구로구 신도림동,서울특별시 구로구 경인로65길 16-15 (신도림동),근린생활2,공동주택,101811600,지번
1153010100106460000,서울특별시 구로구 신도림동,서울특별시 구로구 경인로65길 16-15 (신도림동),근린생활2,공동주택,101811601,지번
1153010100106460000,서울특별시 구로구 신도림동,서울특별시 구로구 경인로65길 16-15 (신도림동),근린생활2,공동주택,101811602,지번
1153010100106460000,서울특별시 구로구 신도림동,서울특별시 구로구 경인로65길 16-15 (신도림동),근린생활2,공동주택,101811603,지번
1153010100106460000,서울특별시 구로구 신도림동,서울특별시 구로구 경인로65길 16-15 (신도림동),근린생활2,공동주택,101811604,지번
1153010100106460000,서울특별시 구로구 신도림동,서울특별시 구로구 경인로65길 16-15 (신도림동),근린생활2,공동주택,101811605,지번
1153010100106460000,서울특별시 구로구 신도림동,서울특별시 구로구 경인로65길 16-15 (신도림동),근린생활2,공동주택,101811606,지번
1153010100106460000,서울특별시 구로구 신도림동,서울특별시 구로구 경인로65길 16-15 (신도림동),근린생활2,공동주택,101811607,지번
1153010100106460000,서울특별시 구로구 신도림동,서울특별시 구로구 경인로65길 16-15 (신도림동),근린생활2,공동주택,101811608,지번
1153010100106460000,서울특별시 구로구 신도림동,서울특별시 구로구 경인로65길 16-15 (신도림동),근린생활2,공동주택,101811609,지번
1153010100106460000,서울특별시 구로구 신도림동,서울특별시 구로구 경인로65길 16-15 (신도림동),근린생활2,공동주택,101811610,지번
1153010100106460000,서울특별시 구로구 신도림동,서울특별시 구로구 경인로65길 16-15 (신도림동),근린생활2,공동주택,101811611,지번
1153010100106460000,서울특별시 구로구 신도림동,서울특별시 구로구 경인로65길 16-15 (신도림동),근린생활2,공동주택,101811612,지번
1153010100106460000,서울특별시 구로구 신도림동,서울특별시 구로구 경인로65길 16-15 (신도림동),근린생활2,공동주택,101811613,지번
1153010100106460000,서울특별시 구로구 신도림동,서울특별시 구로구 경인로65길 16-15 (신도림동),근린생활2,공동주택,101811614,지번
1153010200111240022,서울특별시 구로구 구로동,서울특별시 구로구 디지털로32길 91 (구로동),근린생활1,제1종근린생활시설,1018110304,지번
1153011200102420004,서울특별시 구로구 항동,서울특별시 구로구 서해안로 2104 (항동),근린생활1,제1종근린생활시설,10181100262647,지번
1153010200104430049,서울특별시 구로구 구로동,서울특별시 구로구 구로중앙로25길 26 (구로동),근린생활1,제1종근린생활시설,101817844,지번
1153010700104030108,서울특별시 구로구 개봉동,서울특별시 구로구 개봉로 49 (개봉동),근린생활2,제2종근린생활시설,1018121992,지번
1153010200101000006,서울특별시 구로구 구로동,서울특별시 구로구 가마산로23길 9 (구로동),근린생활1,제1종근린생활시설,101815734,지번
1153010700103310001,서울특별시 구로구 개봉동,서울특별시 구로구 개봉로17길 31 (개봉동),근린생활1,제1종근린생활시설,101819094,지번
1153010600100940007,서울특별시 구로구 고척동,서울특별시 구로구 경서로 12 (고척동),근린생활1,제1종근린생활시설,1018110784,지번
1153010600102710038,서울특별시 구로구 고척동,서울특별시 구로구 경인로35길 115 (고척동),근린생활1,제1종근린생활시설,1018120633,지번
1153010200105730000,서울특별시 구로구 구로동,서울특별시 구로구 구로중앙로 152 (구로동),판매시설,판매시설,1018117974,지번
1153010600100390006,서울특별시 구로구 고척동,서울특별시 구로구 중앙로14길 31 (고척동),근린생활2,제2종근린생활시설,1018119146,지번
1153010200105070001,서울특별시 구로구 구로동,서울특별시 구로구 구로중앙로27길 28-5 (구로동),근린생활2,제2종근린생활시설,1018114468,지번
1153010200100300034,서울특별시 구로구 구로동,서울특별시 구로구 새말로16길 27 (구로동),근린생활1,제1종근린생활시설,1018113043,지번
1153010200107040059,서울특별시 구로구 구로동,서울특별시 구로구 구로동로 149 (구로동),근린생활1,제1종근린생활시설,1018111855,지번
1153010200106850220,서울특별시 구로구 구로동,서울특별시 구로구 구일로 64 (구로동),근린생활1,제1종근린생활시설,1018111784,지번
1153010200100730010,서울특별시 구로구 구로동,서울특별시 구로구 도림천로 336 (구로동),근린생활2,제2종근린생활시설,1018117038,지번
1153010600101740023,서울특별시 구로구 고척동,서울특별시 구로구 중앙로 76 (고척동),근린생활1,제1종근린생활시설,1018118093,지번
1153010200107310004,서울특별시 구로구 구로동,서울특별시 구로구 구로동로 130-2 (구로동),근린생활1,제1종근린생활시설,101815009,지번
1153010800100310064,서울특별시 구로구 오류동,서울특별시 구로구 경인로 227 (오류동),근린생활1,제1종근린생활시설,101816331,지번
1153010200108190000,서울특별시 구로구 구로동,서울특별시 구로구 디지털로26길 144 (구로동),근린생활1,제1종근린생활시설,101818636,지번
1153010200104860044,서울특별시 구로구 구로동,서울특별시 구로구 구로동로 211 (구로동),근린생활1,제1종근린생활시설,1018111880,지번
1153010600100520060,서울특별시 구로구 고척동,서울특별시 구로구 중앙로8길 10-15 (고척동),근린생활2,제2종근린생활시설,10181100250907,지번
1153010200100410005,서울특별시 구로구 구로동,서울특별시 구로구 공원로6나길 40 (구로동),근린생활2,제2종근린생활시설,1018117154,지번
1153010600102600034,서울특별시 구로구 고척동,서울특별시 구로구 고척로 149 (고척동),근린생활1,제1종근린생활시설,1018117414,지번
1153010700101240022,서울특별시 구로구 개봉동,서울특별시 구로구 고척로 123-1 (개봉동),근린생활2,제2종근린생활시설,1018124589,지번
1153010200111240058,서울특별시 구로구 구로동,서울특별시 구로구 디지털로32나길 15 (구로동),근린생활2,제2종근린생활시설,1018121920,지번
1153010200100950010,서울특별시 구로구 구로동,서울특별시 구로구 구로중앙로18길 40 (구로동),근린생활1,제1종근린생활시설,1018123874,지번
1153010200111240050,서울특별시 구로구 구로동,서울특별시 구로구 디지털로32나길 17-38 (구로동),근린생활2,제2종근린생활시설,1018119521,지번
1153010800100970004,서울특별시 구로구 오류동,서울특별시 구로구 경인로 83 (오류동),판매시설,공동주택,101813161,지번
1153010800100970004,서울특별시 구로구 오류동,서울특별시 구로구 경인로 83 (오류동),판매시설,판매시설,101813162,지번
1153010800100970004,서울특별시 구로구 오류동,서울특별시 구로구 경인로 83 (오류동),판매시설,공동주택,101813163,지번
1153010800100970004,서울특별시 구로구 오류동,서울특별시 구로구 경인로 83 (오류동),판매시설,공동주택,101813164,지번
1153010800100970004,서울특별시 구로구 오류동,서울특별시 구로구 경인로 83 (오류동),판매시설,공동주택,101813165,지번
1153010800100970004,서울특별시 구로구 오류동,서울특별시 구로구 경인로 83 (오류동),판매시설,공동주택,101813166,지번
1153010800100970004,서울특별시 구로구 오류동,서울특별시 구로구 경인로 83 (오류동),판매시설,공동주택,101813167,지번
1153010800100970004,서울특별시 구로구 오류동,서울특별시 구로구 경인로 83 (오류동),판매시설,공동주택,101813168,지번
1153010800100970004,서울특별시 구로구 오류동,서울특별시 구로구 경인로 83 (오류동),판매시설,공동주택,101813169,지번
1153010800100970004,서울특별시 구로구 오류동,서울특별시 구로구 경인로 83 (오류동),판매시설,공동주택,101813170,지번
1153010800100970004,서울특별시 구로구 오류동,서울특별시 구로구 경인로 83 (오류동),판매시설,공동주택,101813171,지번
1153010800100970004,서울특별시 구로구 오류동,서울특별시 구로구 경인로 83 (오류동),판매시설,공동주택,101813172,지번
1153010800100970004,서울특별시 구로구 오류동,서울특별시 구로구 경인로 83 (오류동),판매시설,공동주택,101813173,지번
1153010800100970004,서울특별시 구로구 오류동,서울특별시 구로구 경인로 83 (오류동),판매시설,공동주택,101813174,지번
1153010800100970004,서울특별시 구로구 오류동,서울특별시 구로구 경인로 83 (오류동),판매시설,공동주택,101813175,지번
1153010800100970004,서울특별시 구로구 오류동,서울특별시 구로구 경인로 83 (오류동),판매시설,공동주택,101813176,지번
1153010200111270032,서울특별시 구로구 구로동,서울특별시 구로구 디지털로32길 82 (구로동),근린생활1,제1종근린생활시설,101819341,지번
1153010200103140000,서울특별시 구로구 구로동,서울특별시 구로구 구로중앙로7길 28 (구로동),판매시설,공동주택,101811522,지번
1153010200103140000,서울특별시 구로구 구로동,서울특별시 구로구 구로중앙로7길 28 (구로동),판매시설,공동주택,101811523,지번
1153010200103140000,서울특별시 구로구 구로동,서울특별시 구로구 구로중앙로7길 28 (구로동),판매시설,공동주택,101811524,지번
1153010200103140000,서울특별시 구로구 구로동,서울특별시 구로구 구로중앙로7길 28 (구로동),판매시설,공동주택,101811525,지번
1153010200103140000,서울특별시 구로구 구로동,서울특별시 구로구 구로중앙로7길 28 (구로동),판매시설,판매시설,101811526,지번
1153010600101340042,서울특별시 구로구 고척동,서울특별시 구로구 경서로 41 (고척동),근린생활1,제1종근린생활시설,1018124413,지번
1153010600100500052,서울특별시 구로구 고척동,서울특별시 구로구 중앙로8길 17 (고척동),근린생활2,제2종근린생활시설,1018117717,지번
1153010600103400001,서울특별시 구로구 고척동,서울특별시 구로구 중앙로12길 17-8 (고척동),근린생활1,공동주택,10181100185963,지번
1153010600103400001,서울특별시 구로구 고척동,서울특별시 구로구 중앙로12길 17-8 (고척동),근린생활1,제1종근린생활시설,10181100185994,지번
1153010600103400001,서울특별시 구로구 고척동,서울특별시 구로구 중앙로12길 17-8 (고척동),근린생활1,공동주택,10181100186005,지번
1153010600103400001,서울특별시 구로구 고척동,서울특별시 구로구 중앙로12길 17-8 (고척동),근린생활1,공동주택,10181100186039,지번
1153010600103400001,서울특별시 구로구 고척동,서울특별시 구로구 중앙로12길 17-8 (고척동),근린생활1,공동주택,10181100186071,지번
1153010600103400001,서울특별시 구로구 고척동,서울특별시 구로구 중앙로12길 17-8 (고척동),근린생활1,공동주택,10181100186101,지번
1153010700101570013,서울특별시 구로구 개봉동,서울특별시 구로구 경인로 323 (개봉동),근린생활2,제1종근린생활시설,1018113573,지번
1153010700101570013,서울특별시 구로구 개봉동,서울특별시 구로구 경인로 319-7 (개봉동),근린생활2,제2종근린생활시설,101814188,지번
1153010200100290004,서울특별시 구로구 구로동,서울특별시 구로구 공원로6나길 43-13 (구로동),근린생활2,제2종근린생활시설,101816774,지번
1153010800101650005,서울특별시 구로구 오류동,서울특별시 구로구 서해안로24길 27 (오류동),근린생활1,제1종근린생활시설,1018121798,지번
1153010700104160168,서울특별시 구로구 개봉동,서울특별시 구로구 고척로27길 27 (개봉동),근린생활1,제1종근린생활시설,1018116897,지번
1153010800101820019,서울특별시 구로구 오류동,서울특별시 구로구 오리로 1158-1 (오류동),근린생활2,제2종근린생활시설,10181100204682,지번
1153010700101750008,서울특별시 구로구 개봉동,서울특별시 구로구 경인로40길 25 (개봉동),근린생활1,공동주택,101811653,지번
1153010700101750008,서울특별시 구로구 개봉동,서울특별시 구로구 경인로40길 25 (개봉동),근린생활1,제1종근린생활시설,101811654,지번
1153010200105600000,서울특별시 구로구 구로동,서울특별시 구로구 새말로9길 45 (구로동),판매시설,공동주택,101811693,지번
1153010200105600000,서울특별시 구로구 구로동,서울특별시 구로구 새말로9길 45 (구로동),판매시설,판매시설,101811694,지번
1153010200105600000,서울특별시 구로구 구로동,서울특별시 구로구 새말로9길 45 (구로동),판매시설,공동주택,101811695,지번
1153010200105600000,서울특별시 구로구 구로동,서울특별시 구로구 새말로9길 45 (구로동),판매시설,공동주택,101811696,지번
1153010200100030025,서울특별시 구로구 구로동,서울특별시 구로구 새말로 97 (구로동),판매시설,판매시설,1018115157,지번
1153010600100360002,서울특별시 구로구 고척동,서울특별시 구로구 중앙로14길 17 (고척동),근린생활2,제2종근린생활시설,1018114755,지번
1153010200106140033,서울특별시 구로구 구로동,서울특별시 구로구 구로중앙로 237 (구로동),판매시설,판매시설,101816928,지번
1153010200104870047,서울특별시 구로구 구로동,서울특별시 구로구 구로중앙로27길 64-1 (구로동),근린생활2,제2종근린생활시설,1018120527,지번
1153010600101680068,서울특별시 구로구 고척동,서울특별시 구로구 고척로 209 (고척동),근린생활1,제1종근린생활시설,1018119750,지번
1153010200100860008,서울특별시 구로구 구로동,서울특별시 구로구 구로중앙로19가길 13 (구로동),근린생활2,제2종근린생활시설,10181100216832,지번
1153010800101460004,서울특별시 구로구 오류동,서울특별시 구로구 오류로8길 96 (오류동),근린생활1,제1종근린생활시설,1018124665,지번
1153010200100410000,서울특별시 구로구 구로동,서울특별시 구로구 공원로6나길 26 (구로동),근린생활2,제2종근린생활시설,101814542,지번
1153010700100840008,서울특별시 구로구 개봉동,서울특별시 구로구 고척로30길 66 (개봉동),근린생활2,제2종근린생활시설,101819480,지번
1153010700104030191,서울특별시 구로구 개봉동,서울특별시 구로구 개봉로 14 (개봉동),근린생활2,제2종근린생활시설,1018121348,지번
1153010100103750001,서울특별시 구로구 신도림동,서울특별시 구로구 경인로65길 44 (신도림동),근린생활1,제1종근린생활시설,1018113598,지번
1153010200101550075,서울특별시 구로구 구로동,서울특별시 구로구 도림로26길 10 (구로동),근린생활1,제1종근린생활시설,1018119886,지번
1153010200101120005,서울특별시 구로구 구로동,서울특별시 구로구 구로중앙로28길 53-59 (구로동),근린생활2,제2종근린생활시설,101817212,지번
1153010100106420000,서울특별시 구로구 신도림동,서울특별시 구로구 신도림로 16 (신도림동),근린생활1,공동주택,101813465,지번
1153010100106420000,서울특별시 구로구 신도림동,서울특별시 구로구 신도림로 16 (신도림동),근린생활1,공동주택,101813466,지번
1153010100106420000,서울특별시 구로구 신도림동,서울특별시 구로구 신도림로 16 (신도림동),근린생활1,공동주택,101813467,지번
1153010100106420000,서울특별시 구로구 신도림동,서울특별시 구로구 신도림로 16 (신도림동),근린생활1,공동주택,101813468,지번
1153010100106420000,서울특별시 구로구 신도림동,서울특별시 구로구 신도림로 16 (신도림동),근린생활1,공동주택,101813469,지번
1153010100106420000,서울특별시 구로구 신도림동,서울특별시 구로구 신도림로 16 (신도림동),근린생활1,공동주택,101813470,지번
1153010100106420000,서울특별시 구로구 신도림동,서울특별시 구로구 신도림로 16 (신도림동),근린생활1,공동주택,101813471,지번
1153010100106420000,서울특별시 구로구 신도림동,서울특별시 구로구 신도림로 16 (신도림동),근린생활1,공동주택,101813472,지번
1153010100106420000,서울특별시 구로구 신도림동,서울특별시 구로구 신도림로 16 (신도림동),근린생활1,공동주택,101813473,지번
1153010100106420000,서울특별시 구로구 신도림동,서울특별시 구로구 신도림로 16 (신도림동),근린생활1,공동주택,101813474,지번
1153010100106420000,서울특별시 구로구 신도림동,서울특별시 구로구 신도림로 16 (신도림동),근린생활1,공동주택,101813475,지번
1153010100106420000,서울특별시 구로구 신도림동,서울특별시 구로구 신도림로 16 (신도림동),근린생활1,공동주택,101813476,지번
1153010100106420000,서울특별시 구로구 신도림동,서울특별시 구로구 신도림로 16 (신도림동),근린생활1,공동주택,101813477,지번
1153010100106420000,서울특별시 구로구 신도림동,서울특별시 구로구 신도림로 16 (신도림동),근린생활1,공동주택,101813478,지번
1153010100106420000,서울특별시 구로구 신도림동,서울특별시 구로구 신도림로 16 (신도림동),근린생활1,공동주택,101813479,지번
1153010100106420000,서울특별시 구로구 신도림동,서울특별시 구로구 신도림로 16 (신도림동),근린생활1,공동주택,101813480,지번
1153010100106420000,서울특별시 구로구 신도림동,서울특별시 구로구 신도림로 16 (신도림동),근린생활1,공동주택,101813481,지번
1153010100106420000,서울특별시 구로구 신도림동,서울특별시 구로구 신도림로 16 (신도림동),근린생활1,공동주택,101813482,지번
1153010100106420000,서울특별시 구로구 신도림동,서울특별시 구로구 신도림로 16 (신도림동),근린생활1,공동주택,101813483,지번
1153010100106420000,서울특별시 구로구 신도림동,서울특별시 구로구 신도림로 16 (신도림동),근린생활1,공동주택,101813484,지번
1153010100106420000,서울특별시 구로구 신도림동,서울특별시 구로구 신도림로 16 (신도림동),근린생활1,공동주택,101813485,지번
1153010100106420000,서울특별시 구로구 신도림동,서울특별시 구로구 신도림로 16 (신도림동),근린생활1,공동주택,101813486,지번
1153010100106420000,서울특별시 구로구 신도림동,서울특별시 구로구 신도림로 16 (신도림동),근린생활1,공동주택,101813487,지번
1153010100106420000,서울특별시 구로구 신도림동,서울특별시 구로구 신도림로 16 (신도림동),근린생활1,공동주택,101813488,지번
1153010100106420000,서울특별시 구로구 신도림동,서울특별시 구로구 신도림로 16 (신도림동),근린생활1,공동주택,101813489,지번
1153010100106420000,서울특별시 구로구 신도림동,서울특별시 구로구 신도림로 16 (신도림동),근린생활1,공동주택,101813490,지번
1153010100106420000,서울특별시 구로구 신도림동,서울특별시 구로구 신도림로 16 (신도림동),근린생활1,공동주택,101813491,지번
1153010100106420000,서울특별시 구로구 신도림동,서울특별시 구로구 신도림로 16 (신도림동),근린생활1,공동주택,101813492,지번
1153010100106420000,서울특별시 구로구 신도림동,서울특별시 구로구 신도림로 16 (신도림동),근린생활1,제1종근린생활시설,101813493,지번
1153010200111240051,서울특별시 구로구 구로동,서울특별시 구로구 디지털로32나길 17-28 (구로동),근린생활2,제2종근린생활시설,101815587,지번
1153010200111250009,서울특별시 구로구 구로동,서울특별시 구로구 시흥대로 557 (구로동),근린생활2,제2종근린생활시설,1000000000000004965971,지번
1153010200111250009,서울특별시 구로구 구로동,서울특별시 구로구 시흥대로 557 (구로동),근린생활2,제2종근린생활시설,1018114217,지번
1153010800100550014,서울특별시 구로구 오류동,서울특별시 구로구 경인로 208 (오류동),근린생활2,제2종근린생활시설,1018117569,지번
1153010200104130080,서울특별시 구로구 구로동,서울특별시 구로구 구로동로 159 (구로동),근린생활2,제2종근린생활시설,101815712,지번
1153010300101220010,서울특별시 구로구 가리봉동,서울특별시 구로구 구로동로 10 (가리봉동),근린생활2,제2종근린생활시설,101816424,지번
1153010200107220001,서울특별시 구로구 구로동,서울특별시 구로구 구로동로 115 (구로동),근린생활2,제2종근린생활시설,10181100228673,지번
1153010700104030054,서울특별시 구로구 개봉동,서울특별시 구로구 개봉로 59 (개봉동),근린생활1,제1종근린생활시설,1018116488,지번
1153010200111270036,서울특별시 구로구 구로동,서울특별시 구로구 디지털로32다길 16 (구로동),근린생활1,제1종근린생활시설,1018114463,지번
1153010800101480003,서울특별시 구로구 오류동,서울특별시 구로구 오류로8길 60 (오류동),근린생활2,제2종근린생활시설,1018121056,지번
1153010200101540007,서울특별시 구로구 구로동,서울특별시 구로구 도림천로12길 3 (구로동),근린생활2,제2종근린생활시설,1018115900,지번
1153010200106040019,서울특별시 구로구 구로동,서울특별시 구로구 경인로 565 (구로동),근린생활2,제2종근린생활시설,1018111548,지번
1153010700100980022,서울특별시 구로구 개봉동,서울특별시 구로구 고척로25길 33-58 (개봉동),근린생활1,제1종근린생활시설,1018110109,지번
1153010200111240023,서울특별시 구로구 구로동,서울특별시 구로구 디지털로32길 87 (구로동),근린생활2,제2종근린생활시설,1018111505,지번
1153010600100570130,서울특별시 구로구 고척동,서울특별시 구로구 경인로47다길 43 (고척동),근린생활2,제2종근린생활시설,1018117231,지번
1153011000100620017,서울특별시 구로구 온수동,서울특별시 구로구 부일로1길 37 (온수동),근린생활2,제2종근린생활시설,10181100245013,지번
1153010800101370024,서울특별시 구로구 오류동,서울특별시 구로구 오류로8길 85 (오류동),근린생활1,제1종근린생활시설,1018123616,지번
1153010200111250005,서울특별시 구로구 구로동,서울특별시 구로구 시흥대로 563 (구로동),판매시설,판매시설,1018115701,지번
1153010200104760038,서울특별시 구로구 구로동,서울특별시 구로구 구로동로47길 21 (구로동),근린생활2,제2종근린생활시설,1018110533,지번
1153010200107140023,서울특별시 구로구 구로동,서울특별시 구로구 구로동로7길 54 (구로동),근린생활1,제1종근린생활시설,1018111956,지번
1153010200108030005,서울특별시 구로구 구로동,서울특별시 구로구 도림로 9 (구로동),근린생활1,제1종근린생활시설,1018121416,지번
1153010200103170087,서울특별시 구로구 구로동,서울특별시 구로구 구로동로28길 94 (구로동),근린생활1,제1종근린생활시설,1018115665,지번
1153010700103610001,서울특별시 구로구 개봉동,서울특별시 구로구 개봉로3길 51 (개봉동),판매시설,판매시설,1018112288,지번
1153010700101660010,서울특별시 구로구 개봉동,서울특별시 구로구 경인로 318-9 (개봉동),근린생활2,제2종근린생활시설,1018117594,지번
1153010200111250014,서울특별시 구로구 구로동,서울특별시 구로구 디지털로32길 97-16 (구로동),근린생활1,제1종근린생활시설,1018111873,지번
1153010200104810007,서울특별시 구로구 구로동,서울특별시 구로구 구로동로 203 (구로동),근린생활1,제1종근린생활시설,1018118781,지번
1153010100106480000,서울특별시 구로구 신도림동,서울특별시 구로구 경인로59길 7 (신도림동),근린생활1,제1종근린생활시설,101811916,지번
1153010100106480000,서울특별시 구로구 신도림동,서울특별시 구로구 경인로59길 7 (신도림동),근린생활1,공동주택,101811917,지번
1153010100106480000,서울특별시 구로구 신도림동,서울특별시 구로구 경인로59길 7 (신도림동),근린생활1,공동주택,101811918,지번
1153010200107710022,서울특별시 구로구 구로동,서울특별시 구로구 도림로 33 (구로동),근린생활1,제1종근린생활시설,101817278,지번
1153010700101260009,서울특별시 구로구 개봉동,서울특별시 구로구 고척로 123 (개봉동),근린생활1,제1종근린생활시설,101819546,지번
1153010700103700005,서울특별시 구로구 개봉동,서울특별시 구로구 개봉로3가길 67 (개봉동),근린생활2,단독주택,1018118569,지번
1153010900102070021,서울특별시 구로구 궁동,서울특별시 구로구 부일로15길 21 (궁동),근린생활2,제2종근린생활시설,1018116280,지번
1153010900101980008,서울특별시 구로구 궁동,서울특별시 구로구 부일로 991 (궁동),근린생활2,제2종근린생활시설,1018116757,지번
1153010700104810000,서울특별시 구로구 개봉동,서울특별시 구로구 개봉로20길 6 (개봉동),근린생활1,노유자시설,1018111250,지번
1153010700104810000,서울특별시 구로구 개봉동,서울특별시 구로구 개봉로20길 6 (개봉동),근린생활1,공동주택,101814439,지번
1153010700104810000,서울특별시 구로구 개봉동,서울특별시 구로구 개봉로20길 6 (개봉동),근린생활1,공동주택,101814440,지번
1153010700104810000,서울특별시 구로구 개봉동,서울특별시 구로구 개봉로20길 6 (개봉동),근린생활1,공동주택,101814441,지번
1153010700104810000,서울특별시 구로구 개봉동,서울특별시 구로구 개봉로20길 6 (개봉동),근린생활1,공동주택,101814442,지번
1153010700104810000,서울특별시 구로구 개봉동,서울특별시 구로구 개봉로20길 6 (개봉동),근린생활1,공동주택,101814443,지번
1153010700104810000,서울특별시 구로구 개봉동,서울특별시 구로구 개봉로20길 6 (개봉동),근린생활1,제1종근린생활시설,101814444,지번
1153010700104810000,서울특별시 구로구 개봉동,서울특별시 구로구 개봉로20길 6 (개봉동),근린생활1,제1종근린생활시설,101814445,지번
1153010700104810000,서울특별시 구로구 개봉동,서울특별시 구로구 개봉로20길 6 (개봉동),근린생활1,공동주택,101814446,지번
1153010700104810000,서울특별시 구로구 개봉동,서울특별시 구로구 개봉로20길 6 (개봉동),근린생활1,공동주택,101814447,지번
1153010700104810000,서울특별시 구로구 개봉동,서울특별시 구로구 개봉로20길 6 (개봉동),근린생활1,공동주택,101814448,지번
1153010700104810000,서울특별시 구로구 개봉동,서울특별시 구로구 개봉로20길 6 (개봉동),근린생활1,공동주택,101814449,지번
1153010700104810000,서울특별시 구로구 개봉동,서울특별시 구로구 개봉로20길 6 (개봉동),근린생활1,공동주택,101814450,지번
1153010700104810000,서울특별시 구로구 개봉동,서울특별시 구로구 개봉로20길 6 (개봉동),근린생활1,공동주택,101814451,지번
1153010700104810000,서울특별시 구로구 개봉동,서울특별시 구로구 개봉로20길 6 (개봉동),근린생활1,공동주택,101814452,지번
1153010700104810000,서울특별시 구로구 개봉동,서울특별시 구로구 개봉로20길 6 (개봉동),근린생활1,공동주택,101814453,지번
1153010700104810000,서울특별시 구로구 개봉동,서울특별시 구로구 개봉로20길 6 (개봉동),근린생활1,공동주택,101814454,지번
1153010700104810000,서울특별시 구로구 개봉동,서울특별시 구로구 개봉로20길 6 (개봉동),근린생활1,공동주택,101814455,지번
1153010700104810000,서울특별시 구로구 개봉동,서울특별시 구로구 개봉로20길 6 (개봉동),근린생활1,공동주택,101814456,지번
1153010700104810000,서울특별시 구로구 개봉동,서울특별시 구로구 개봉로20길 6 (개봉동),근린생활1,공동주택,101814457,지번
1153010700104810000,서울특별시 구로구 개봉동,서울특별시 구로구 개봉로20길 6 (개봉동),근린생활1,공동주택,101814458,지번
1153010700104810000,서울특별시 구로구 개봉동,서울특별시 구로구 개봉로20길 6 (개봉동),근린생활1,공동주택,101814459,지번
1153010700104810000,서울특별시 구로구 개봉동,서울특별시 구로구 개봉로20길 6 (개봉동),근린생활1,공동주택,101814460,지번
1153010700104810000,서울특별시 구로구 개봉동,서울특별시 구로구 개봉로20길 6 (개봉동),근린생활1,공동주택,101814461,지번
1153010700104810000,서울특별시 구로구 개봉동,서울특별시 구로구 개봉로20길 6 (개봉동),근린생활1,공동주택,101814462,지번
1153010700104810000,서울특별시 구로구 개봉동,서울특별시 구로구 개봉로20길 6 (개봉동),근린생활1,공동주택,101814463,지번
1153010700104810000,서울특별시 구로구 개봉동,서울특별시 구로구 개봉로20길 6 (개봉동),근린생활1,공동주택,101814464,지번
1153010700104810000,서울특별시 구로구 개봉동,서울특별시 구로구 개봉로20길 6 (개봉동),근린생활1,공동주택,101814465,지번
1153010700104810000,서울특별시 구로구 개봉동,서울특별시 구로구 개봉로20길 6 (개봉동),근린생활1,공동주택,101814466,지번
1153010700104810000,서울특별시 구로구 개봉동,서울특별시 구로구 개봉로20길 6 (개봉동),근린생활1,공동주택,101814467,지번
1153010700104810000,서울특별시 구로구 개봉동,서울특별시 구로구 개봉로20길 6 (개봉동),근린생활1,공동주택,101814468,지번
1153010700104810000,서울특별시 구로구 개봉동,서울특별시 구로구 개봉로20길 6 (개봉동),근린생활1,공동주택,101814469,지번
1153010700104810000,서울특별시 구로구 개봉동,서울특별시 구로구 개봉로20길 6 (개봉동),근린생활1,공동주택,101814470,지번
1153010700104810000,서울특별시 구로구 개봉동,서울특별시 구로구 개봉로20길 6 (개봉동),근린생활1,공동주택,101814471,지번
1153010200104030002,서울특별시 구로구 구로동,서울특별시 구로구 가마산로 181 (구로동),근린생활1,제1종근린생활시설,101819737,지번
1153010200107010132,서울특별시 구로구 구로동,서울특별시 구로구 남부순환로 1082-58 (구로동),근린생활2,제2종근린생활시설,1018115275,지번
