PNU,지번주소,도로명주소,용도군_tier1,대장_주용도,mgmBldrgstPk,매칭
1129013900102610005,서울특별시 성북구 석관동,서울특별시 성북구 화랑로32길 111 (석관동),근린생활2,제2종근린생활시설,1009141914,지번
1129011200100940000,서울특별시 성북구 삼선동2가,서울특별시 성북구 삼선교로10길 15-3 (삼선동2가),근린생활1,제1종근린생활시설,100918343,지번
1129010100101140008,서울특별시 성북구 성북동,서울특별시 성북구 성북로23길 9 (성북동),근린생활1,제1종근린생활시설,10091100269951,지번
1129011300100950000,서울특별시 성북구 삼선동3가,서울특별시 성북구 보문로29길 119 (삼선동3가),근린생활2,제2종근린생활시설,10091100273131,지번
1129012500101010027,서울특별시 성북구 안암동5가,서울특별시 성북구 개운사길 18 (안암동5가),근린생활2,제2종근린생활시설,1009113513,지번
1129010900101060000,서울특별시 성북구 동소문동6가,서울특별시 성북구 동소문로 83-1 (동소문동6가),근린생활2,제2종근린생활시설,100916885,지번
1129013300104650001,서울특별시 성북구 정릉동,서울특별시 성북구 정릉로 250 (정릉동),근린생활1,제1종근린생활시설,1009119544,지번
1129013300104650001,서울특별시 성북구 정릉동,서울특별시 성북구 정릉로 250 (정릉동),근린생활1,단독주택,1009119545,지번
1129013300104650001,서울특별시 성북구 정릉동,서울특별시 성북구 정릉로 250 (정릉동),근린생활1,단독주택,1009119546,지번
1129011500102990011,서울특별시 성북구 삼선동5가,서울특별시 성북구 보문로31길 6 (삼선동5가),근린생활2,제2종근린생활시설,100919925,지번
1129012500100430000,서울특별시 성북구 안암동5가,서울특별시 성북구 고려대로 113 (안암동5가),근린생활2,제2종근린생활시설,1009113386,지번
1129013800100640008,서울특별시 성북구 장위동,서울특별시 성북구 돌곶이로 105 (장위동),근린생활1,제1종근린생활시설,1009132992,지번
1129010200100680001,서울특별시 성북구 성북동1가,서울특별시 성북구 성북로 19-1 (성북동1가),근린생활1,제1종근린생활시설,100914392,지번
1129013400105300017,서울특별시 성북구 길음동,서울특별시 성북구 길음로 2 (길음동),근린생활2,제2종근린생활시설,1009123673,지번
1129013900103840023,서울특별시 성북구 석관동,서울특별시 성북구 화랑로40길 43 (석관동),근린생활2,제2종근린생활시설,1009143948,지번
1129010700102710000,서울특별시 성북구 동소문동4가,서울특별시 성북구 동소문로 69 (동소문동4가),근린생활2,제2종근린생활시설,100916604,지번
1129011500102980014,서울특별시 성북구 삼선동5가,서울특별시 성북구 보문로 163 (삼선동5가),근린생활2,제2종근린생활시설,100919906,지번
1129013400112860000,서울특별시 성북구 길음동,서울특별시 성북구 길음로9길 50 (길음동),근린생활2,공동주택,10091100206027,지번
1129013400112860000,서울특별시 성북구 길음동,서울특별시 성북구 길음로9길 50 (길음동),근린생활2,공동주택,10091100206084,지번
1129013400112860000,서울특별시 성북구 길음동,서울특별시 성북구 길음로9길 50 (길음동),근린생활2,공동주택,10091100206135,지번
1129013400112860000,서울특별시 성북구 길음동,서울특별시 성북구 길음로9길 50 (길음동),근린생활2,공동주택,10091100206178,지번
1129013400112860000,서울특별시 성북구 길음동,서울특별시 성북구 길음로9길 50 (길음동),근린생활2,공동주택,10091100206231,지번
1129013400112860000,서울특별시 성북구 길음동,서울특별시 성북구 길음로9길 50 (길음동),근린생활2,공동주택,10091100206290,지번
1129013400112860000,서울특별시 성북구 길음동,서울특별시 성북구 길음로9길 50 (길음동),근린생활2,공동주택,10091100206345,지번
1129013400112860000,서울특별시 성북구 길음동,서울특별시 성북구 길음로9길 50 (길음동),근린생활2,공동주택,10091100206400,지번
1129013400112860000,서울특별시 성북구 길음동,서울특별시 성북구 길음로9길 50 (길음동),근린생활2,공동주택,10091100206512,지번
1129013400112860000,서울특별시 성북구 길음동,서울특별시 성북구 길음로9길 50 (길음동),근린생활2,공동주택,10091100206569,지번
1129013400112860000,서울특별시 성북구 길음동,서울특별시 성북구 길음로9길 50 (길음동),근린생활2,공동주택,10091100206620,지번
1129013400112860000,서울특별시 성북구 길음동,서울특별시 성북구 길음로9길 50 (길음동),근린생활2,노유자시설,10091100206659,지번
1129013400112860000,서울특별시 성북구 길음동,서울특별시 성북구 길음로9길 50 (길음동),근린생활2,제2종근린생활시설,10091100206661,지번
1129013400112860000,서울특별시 성북구 길음동,서울특별시 성북구 길음로9길 50 (길음동),근린생활2,공동주택,10091100206729,지번
1129013400112860000,서울특별시 성북구 길음동,서울특별시 성북구 길음로9길 50 (길음동),근린생활2,공동주택,10091100206788,지번
1129013400112860000,서울특별시 성북구 길음동,서울특별시 성북구 길음로9길 50 (길음동),근린생활2,공동주택,10091100206901,지번
1129013400112860000,서울특별시 성북구 길음동,서울특별시 성북구 길음로9길 50 (길음동),근린생활2,공동주택,10091100207013,지번
1129011400103670000,서울특별시 성북구 삼선동4가,서울특별시 성북구 보문로34길 15 (삼선동4가),근린생활2,제2종근린생활시설,100919538,지번
1129010700100200000,서울특별시 성북구 동소문동4가,서울특별시 성북구 동소문로 35-9 (동소문동4가),근린생활2,제2종근린생활시설,100916448,지번
1129010800101180003,서울특별시 성북구 동소문동5가,서울특별시 성북구 동소문로20길 36 (동소문동5가),근린생활2,제2종근린생활시설,100916780,지번
1129013600100800047,서울특별시 성북구 하월곡동,서울특별시 성북구 월계로10길 20 (하월곡동),근린생활2,제2종근린생활시설,1009129685,지번
1129013300104050008,서울특별시 성북구 정릉동,서울특별시 성북구 정릉로23길 48-3 (정릉동),근린생활2,제2종근린생활시설,1009119268,지번
1129013900102480005,서울특별시 성북구 석관동,서울특별시 성북구 돌곶이로 64 (석관동),근린생활1,제1종근린생활시설,1009141831,지번
1129010100100150131,서울특별시 성북구 성북동,서울특별시 성북구 선잠로5가길 45 (성북동),근린생활1,제1종근린생활시설,100912121,지번
1129011900101390000,서울특별시 성북구 동선동4가,서울특별시 성북구 동소문로23길 8-8 (동선동4가),근린생활1,제1종근린생활시설,10091100192708,지번
1129013400100200001,서울특별시 성북구 길음동,서울특별시 성북구 동소문로 315 (길음동),판매영업,판매및영업시설,1009122943,지번
1129013600102130000,서울특별시 성북구 하월곡동,서울특별시 성북구 동소문로 314-21 (하월곡동),근린생활2,제2종근린생활시설,1009131137,지번
1129010600100010000,서울특별시 성북구 동소문동3가,서울특별시 성북구 동소문로8길 15 (동소문동3가),근린생활1,제1종근린생활시설,100916364,지번
1129011700101280000,서울특별시 성북구 동선동2가,서울특별시 성북구 동소문로22길 57-4 (동선동2가),근린생활1,제1종근린생활시설,1009110580,지번
1129011400102700000,서울특별시 성북구 삼선동4가,서울특별시 성북구 삼선교로23가길 12 (삼선동4가),근린생활2,제2종근린생활시설,100919406,지번
1129013400111600000,서울특별시 성북구 길음동,서울특별시 성북구 삼양로 34 (길음동),근린생활1,제1종근린생활시설,1009124572,지번
1129013400112450001,서울특별시 성북구 길음동,서울특별시 성북구 삼양로 29 (길음동),근린생활1,제1종근린생활시설,1000000000000007000837,지번
1129011600101200008,서울특별시 성북구 동선동1가,서울특별시 성북구 동소문로 128 (동선동1가),근린생활2,제2종근린생활시설,1009110395,지번
1129010700100750002,서울특별시 성북구 동소문동4가,서울특별시 성북구 동소문로 47 (동소문동4가),근린생활1,제1종근린생활시설,100916616,지번
1129013900100770051,서울특별시 성북구 석관동,서울특별시 성북구 한천로70길 20-1 (석관동),근린생활2,제2종근린생활시설,1009140783,지번
1129013700100070267,서울특별시 성북구 상월곡동,서울특별시 성북구 화랑로19길 70-9 (상월곡동),근린생활1,제1종근린생활시설,1009131458,지번
1129013700100070295,서울특별시 성북구 상월곡동,서울특별시 성북구 화랑로25길 21 (상월곡동),근린생활1,제1종근린생활시설,1009131462,지번
1129013000100030014,서울특별시 성북구 보문동1가,서울특별시 성북구 고려대로5길 61 (보문동1가),근린생활2,제2종근린생활시설,1000000000000007292134,지번
1129011500103450000,서울특별시 성북구 삼선동5가,서울특별시 성북구 고려대로1길 69 (삼선동5가),근린생활2,제2종근린생활시설,1000000000000001706177,지번
1129013800100640082,서울특별시 성북구 장위동,서울특별시 성북구 돌곶이로 99 (장위동),근린생활1,제1종근린생활시설,10091100255770,지번
1129011000100020008,서울특별시 성북구 동소문동7가,서울특별시 성북구 아리랑로 37-2 (동소문동7가),근린생활1,제1종근린생활시설,100917062,지번
1129010400100250000,서울특별시 성북구 동소문동1가,서울특별시 성북구 동소문로 7-5 (동소문동1가),근린생활2,제2종근린생활시설,100915952,지번
1129013600100880003,서울특별시 성북구 하월곡동,서울특별시 성북구 동소문로 310 (하월곡동),근린생활1,제1종근린생활시설,1009130178,지번
1129011600100590000,서울특별시 성북구 동선동1가,서울특별시 성북구 동소문로22길 46 (동선동1가),근린생활1,제1종근린생활시설,1009110137,지번
1129013700100070108,서울특별시 성북구 상월곡동,서울특별시 성북구 화랑로25길 13 (상월곡동),근린생활2,제2종근린생활시설,1009131409,지번
1129013500100450166,서울특별시 성북구 종암동,서울특별시 성북구 종암로 71 (종암동),근린생활2,제2종근린생활시설,1009126977,지번
1129013500100090088,서울특별시 성북구 종암동,서울특별시 성북구 월곡로 49 (종암동),근린생활2,제2종근린생활시설,1009126352,지번
1129013900103330001,서울특별시 성북구 석관동,서울특별시 성북구 화랑로32길 146-35 (석관동),근린생활1,제1종근린생활시설,10091100192407,지번
1129013900103330001,서울특별시 성북구 석관동,서울특별시 성북구 화랑로32길 146-35 (석관동),근린생활1,문화및집회시설,1009143253,지번
1129011600100010002,서울특별시 성북구 동선동1가,서울특별시 성북구 동소문로 106 (동선동1가),판매시설,판매시설,10091100185624,지번
1129012800100430000,서울특별시 성북구 보문동6가,서울특별시 성북구 보문로21가길 29 (보문동6가),근린생활1,제1종근린생활시설,10091100244714,지번
1129012500101010053,서울특별시 성북구 안암동5가,서울특별시 성북구 고려대로 89 (안암동5가),근린생활1,제1종근린생활시설,1009113524,지번
1129011000100050000,서울특별시 성북구 동소문동7가,서울특별시 성북구 아리랑로5길 1 (동소문동7가),근린생활2,제2종근린생활시설,100917080,지번
1129013300103950004,서울특별시 성북구 정릉동,서울특별시 성북구 보국문로11길 26 (정릉동),근린생활1,제1종근린생활시설,1009119068,지번
1129011700100240000,서울특별시 성북구 동선동2가,서울특별시 성북구 보문로30라길 18 (동선동2가),근린생활2,제2종근린생활시설,10091100255451,지번
1129013800102160002,서울특별시 성북구 장위동,서울특별시 성북구 돌곶이로 211 (장위동),근린생활2,제2종근린생활시설,10091100266211,지번
1129010100101030000,서울특별시 성북구 성북동,서울특별시 성북구 성북로 105 (성북동),근린생활1,제1종근린생활시설,100912541,지번
1129012500101460005,서울특별시 성북구 안암동5가,서울특별시 성북구 고려대로24길 6 (안암동5가),근린생활2,제2종근린생활시설,1009113841,지번
1129011700103490000,서울특별시 성북구 동선동2가,서울특별시 성북구 보문로32길 102-19 (동선동2가),근린생활2,제2종근린생활시설,10091100242775,지번
1129012700102520004,서울특별시 성북구 보문동5가,서울특별시 성북구 보문로 69 (보문동5가),근린생활2,제2종근린생활시설,1009114434,지번
1129013300102270033,서울특별시 성북구 정릉동,서울특별시 성북구 길음로15가길 3 (정릉동),근린생활2,제2종근린생활시설,1009118065,지번
1129012500101010066,서울특별시 성북구 안암동5가,서울특별시 성북구 개운사길 21-3 (안암동5가),근린생활2,제2종근린생활시설,10091100228806,지번
1129013600100880187,서울특별시 성북구 하월곡동,서울특별시 성북구 동소문로44길 5 (하월곡동),근린생활2,제2종근린생활시설,1009130281,지번
1129013600100100011,서울특별시 성북구 하월곡동,서울특별시 성북구 화랑로 119-11 (하월곡동),근린생활1,제1종근린생활시설,1009128480,지번
1129010100100630001,서울특별시 성북구 성북동,서울특별시 성북구 성북로18길 19 (성북동),근린생활2,제2종근린생활시설,100912396,지번
1129011700100780000,서울특별시 성북구 동선동2가,서울특별시 성북구 보문로30라길 5 (동선동2가),근린생활1,제1종근린생활시설,1009110545,지번
1129010300100190098,서울특별시 성북구 돈암동,서울특별시 성북구 동소문로 190 (돈암동),근린생활1,제1종근린생활시설,100914767,지번
1129010100102400000,서울특별시 성북구 성북동,서울특별시 성북구 성북로 141 (성북동),근린생활2,제2종근린생활시설,1000000000000006629944,지번
1129010100102400000,서울특별시 성북구 성북동,서울특별시 성북구 성북로 141 (성북동),근린생활2,제2종근린생활시설,100913601,지번
1129010900101180000,서울특별시 성북구 동소문동6가,서울특별시 성북구 동소문로 93-9 (동소문동6가),근린생활1,제1종근린생활시설,100916897,지번
1129012000101450000,서울특별시 성북구 동선동5가,서울특별시 성북구 아리랑로 34 (동선동5가),근린생활1,제1종근린생활시설,1009111778,지번
1129013900103490001,서울특별시 성북구 석관동,서울특별시 성북구 화랑로 248 (석관동),근린생활1,제1종근린생활시설,10091100193508,지번
1129010100100150023,서울특별시 성북구 성북동,서울특별시 성북구 대사관로 133 (성북동),근린생활1,제1종근린생활시설,10091100223865,지번
1129011600100040001,서울특별시 성북구 동선동1가,서울특별시 성북구 동소문로22길 28 (동선동1가),근린생활1,제1종근린생활시설,1009110090,지번
1129011700100380002,서울특별시 성북구 동선동2가,서울특별시 성북구 보문로30라길 25 (동선동2가),근린생활2,제2종근린생활시설,1009110492,지번
1129013500100840040,서울특별시 성북구 종암동,서울특별시 성북구 종암로23길 16 (종암동),근린생활2,제2종근린생활시설,10091100200050,지번
1129013800100750230,서울특별시 성북구 장위동,서울특별시 성북구 장위로 159 (장위동),근린생활2,제2종근린생활시설,1009134403,지번
1129013600100460073,서울특별시 성북구 하월곡동,서울특별시 성북구 화랑로 76 (하월곡동),판매시설,판매시설,10091100197332,지번
1129013700100250015,서울특별시 성북구 상월곡동,서울특별시 성북구 화랑로 170 (상월곡동),근린생활1,제1종근린생활시설,1009131759,지번
1129011600100990000,서울특별시 성북구 동선동1가,서울특별시 성북구 동소문로20가길 24 (동선동1가),근린생활1,제1종근린생활시설,1009110442,지번
1129013800100500019,서울특별시 성북구 장위동,서울특별시 성북구 화랑로 279 (장위동),근린생활1,제1종근린생활시설,1009132752,지번
1129011600100040010,서울특별시 성북구 동선동1가,서울특별시 성북구 동소문로20길 29-7 (동선동1가),근린생활2,제2종근린생활시설,1009110099,지번
1129011600100600000,서울특별시 성북구 동선동1가,서울특별시 성북구 동소문로22길 44 (동선동1가),근린생활1,제1종근린생활시설,1009110138,지번
1129013800100640091,서울특별시 성북구 장위동,서울특별시 성북구 돌곶이로 97 (장위동),근린생활1,제1종근린생활시설,1009133043,지번
1129011600100020001,서울특별시 성북구 동선동1가,서울특별시 성북구 동소문로22길 12 (동선동1가),근린생활2,제2종근린생활시설,1009110067,지번
1129013500100790278,서울특별시 성북구 종암동,서울특별시 성북구 종암로23길 17 (종암동),근린생활2,제2종근린생활시설,10091100198450,지번
1129010500101310000,서울특별시 성북구 동소문동2가,서울특별시 성북구 동소문로2길 17 (동소문동2가),근린생활2,제2종근린생활시설,100916206,지번
1129012500100890001,서울특별시 성북구 안암동5가,서울특별시 성북구 고려대로30길 8 (안암동5가),근린생활2,제2종근린생활시설,10091100254868,지번
1129011600100020005,서울특별시 성북구 동선동1가,서울특별시 성북구 동소문로20가길 12 (동선동1가),근린생활1,제1종근린생활시설,10091100222392,지번
1129011600100460001,서울특별시 성북구 동선동1가,서울특별시 성북구 보문로34길 31 (동선동1가),근린생활2,제2종근린생활시설,1009110128,지번
1129012500101030120,서울특별시 성북구 안암동5가,서울특별시 성북구 고려대로24가길 22 (안암동5가),근린생활2,제2종근린생활시설,1009113644,지번
1129011600100840002,서울특별시 성북구 동선동1가,서울특별시 성북구 보문로34길 69 (동선동1가),근린생활2,제2종근린생활시설,1009110439,지번
1129010900100050001,서울특별시 성북구 동소문동6가,서울특별시 성북구 동소문로 75 (동소문동6가),근린생활2,제2종근린생활시설,100917033,지번
1129013600100810356,서울특별시 성북구 하월곡동,서울특별시 성북구 월계로 32 (하월곡동),근린생활2,판매시설,10091100211391,지번
1129013600100810356,서울특별시 성북구 하월곡동,서울특별시 성북구 월계로 30 (하월곡동),근린생활2,제2종근린생활시설,10091100244507,지번
1129013600100810356,서울특별시 성북구 하월곡동,서울특별시 성북구 월계로 30 (하월곡동),근린생활2,자동차관련시설,1009129882,지번
1129013600100810356,서울특별시 성북구 하월곡동,서울특별시 성북구 월계로 30 (하월곡동),근린생활2,창고시설,1009129883,지번
1129011800102470000,서울특별시 성북구 동선동3가,서울특별시 성북구 보문로34가길 1 (동선동3가),근린생활1,제1종근린생활시설,1009111089,지번
1129011700101350011,서울특별시 성북구 동선동2가,서울특별시 성북구 보문로34길 72-3 (동선동2가),근린생활2,제2종근린생활시설,1009110595,지번
1129011500101510015,서울특별시 성북구 삼선동5가,서울특별시 성북구 보문로29길 42 (삼선동5가),근린생활2,제2종근린생활시설,100919767,지번
1129013900101680034,서울특별시 성북구 석관동,서울특별시 성북구 화랑로 316 (석관동),근린생활1,제1종근린생활시설,1009144044,지번
1129013900101240016,서울특별시 성북구 석관동,서울특별시 성북구 돌곶이로22길 79 (석관동),근린생활2,제2종근린생활시설,1000000000000002561229,지번
1129013500100030006,서울특별시 성북구 종암동,서울특별시 성북구 월곡로10길 60 (종암동),근린생활2,제2종근린생활시설,1009125531,지번
1129010500103000003,서울특별시 성북구 동소문동2가,서울특별시 성북구 동소문로8길 14-18 (동소문동2가),근린생활1,제1종근린생활시설,100916361,지번
1129010900101630002,서울특별시 성북구 동소문동6가,서울특별시 성북구 아리랑로3길 10 (동소문동6가),근린생활1,제1종근린생활시설,10091100218172,지번
1129013700100970021,서울특별시 성북구 상월곡동,서울특별시 성북구 화랑로 146 (상월곡동),근린생활1,제1종근린생활시설,1000000000000004935736,지번
1129013900102740001,서울특별시 성북구 석관동,서울특별시 성북구 돌곶이로22길 26-2 (석관동),근린생활2,제2종근린생활시설,1000000000000002030184,지번
1129013600100180034,서울특별시 성북구 하월곡동,서울특별시 성북구 화랑로 111-13 (하월곡동),근린생활2,제2종근린생활시설,10091100202472,지번
1129012500100860132,서울특별시 성북구 안암동5가,서울특별시 성북구 고려대로28길 16 (안암동5가),근린생활1,제1종근린생활시설,1009113453,지번
1129010100101310098,서울특별시 성북구 성북동,서울특별시 성북구 창경궁로35다길 114 (성북동),근린생활2,제2종근린생활시설,1000000000000004913357,지번
1129010100101840092,서울특별시 성북구 성북동,서울특별시 성북구 성북로 18-1 (성북동),근린생활1,제1종근린생활시설,10091100233375,지번
1129013300200870396,서울특별시 성북구 정릉동,서울특별시 성북구 정릉로 180 (정릉동),근린생활2,제2종근린생활시설,1009122936,지번
1129011700100570001,서울특별시 성북구 동선동2가,서울특별시 성북구 보문로30길 43-3 (동선동2가),근린생활2,제2종근린생활시설,1009110526,지번
1129010100100150182,서울특별시 성북구 성북동,서울특별시 성북구 선잠로 99-8 (성북동),근린생활1,제1종근린생활시설,10091100268351,지번
1129013600100901133,서울특별시 성북구 하월곡동,서울특별시 성북구 오패산로1가길 60 (하월곡동),근린생활1,제1종근린생활시설,1009130686,지번
1129013300102920001,서울특별시 성북구 정릉동,서울특별시 성북구 솔샘로 73-16 (정릉동),근린생활2,제2종근린생활시설,10091100222949,지번
1129012500101020087,서울특별시 성북구 안암동5가,서울특별시 성북구 고려대로24길 32 (안암동5가),근린생활2,제2종근린생활시설,1009113580,지번
1129013300107790002,서울특별시 성북구 정릉동,서울특별시 성북구 보국문로 164 (정릉동),근린생활2,제2종근린생활시설,1009121154,지번
1129011700100710000,서울특별시 성북구 동선동2가,서울특별시 성북구 보문로30길 43-4 (동선동2가),근린생활2,제2종근린생활시설,1009110540,지번
1129013400110650000,서울특별시 성북구 길음동,서울특별시 성북구 동소문로 287-4 (길음동),근린생활2,제2종근린생활시설,1009124411,지번
1129013300104140010,서울특별시 성북구 정릉동,서울특별시 성북구 보국문로 10 (정릉동),근린생활2,제2종근린생활시설,1009119398,지번
1129013500100870007,서울특별시 성북구 종암동,서울특별시 성북구 종암로 99 (종암동),근린생활1,제1종근린생활시설,1009127514,지번
1129011600100040007,서울특별시 성북구 동선동1가,서울특별시 성북구 동소문로20다길 10 (동선동1가),근린생활2,제2종근린생활시설,10091100223495,지번
1129013800102190243,서울특별시 성북구 장위동,서울특별시 성북구 돌곶이로41길 32 (장위동),근린생활1,제1종근린생활시설,1009136669,지번
1129013800102230042,서울특별시 성북구 장위동,서울특별시 성북구 장월로23길 47-6 (장위동),근린생활1,제1종근린생활시설,1009136854,지번
1129013800102230042,서울특별시 성북구 장위동,서울특별시 성북구 장월로23길 47-8 (장위동),근린생활1,단독주택,1009136855,지번
1129013800102190244,서울특별시 성북구 장위동,서울특별시 성북구 장월로23길 56 (장위동),근린생활1,제1종근린생활시설,1009136670,지번
1129013800102160001,서울특별시 성북구 장위동,서울특별시 성북구 돌곶이로 217 (장위동),근린생활2,제2종근린생활시설,1009136475,지번
1129013800102250021,서울특별시 성북구 장위동,서울특별시 성북구 장위로29길 11-10 (장위동),근린생활2,제2종근린생활시설,1009136914,지번
1129013600100020006,서울특별시 성북구 하월곡동,서울특별시 성북구 화랑로 140 (하월곡동),근린생활1,제2종근린생활시설,10091100194968,본번
1129013500100030999,서울특별시 성북구 종암동,서울특별시 성북구 종암로28길 9 (종암동),근린생활1,제1종근린생활시설,1009125965,지번
1129013700100500004,서울특별시 성북구 상월곡동,서울특별시 성북구 장월로1길 25 (상월곡동),근린생활1,제1종근린생활시설,1009131921,지번
1129013800102250044,서울특별시 성북구 장위동,서울특별시 성북구 장위로 85 (장위동),근린생활1,제1종근린생활시설,1009136927,지번
1129012700100070000,서울특별시 성북구 보문동5가,서울특별시 성북구 보문로 91 (보문동5가),근린생활2,제2종근린생활시설,10091100223185,지번
1129011400103640000,서울특별시 성북구 삼선동4가,서울특별시 성북구 보문로34길 9 (삼선동4가),근린생활2,제2종근린생활시설,10091100222472,지번
1129013800102330249,서울특별시 성북구 장위동,서울특별시 성북구 장위로 88 (장위동),근린생활1,제1종근린생활시설,1009137834,지번
1129013800102180033,서울특별시 성북구 장위동,서울특별시 성북구 월계로 170-7 (장위동),근린생활1,제1종근린생활시설,1009136512,지번
1129013700100230114,서울특별시 성북구 상월곡동,서울특별시 성북구 화랑로 183-9 (상월곡동),근린생활2,제2종근린생활시설,10091100250207,지번
1129013800102220004,서울특별시 성북구 장위동,서울특별시 성북구 장위로15길 113 (장위동),근린생활1,제1종근린생활시설,1009136830,지번
1129013800102160042,서울특별시 성북구 장위동,서울특별시 성북구 돌곶이로 213 (장위동),근린생활1,제1종근린생활시설,1009136495,지번
1129013800102180001,서울특별시 성북구 장위동,서울특별시 성북구 월계로32길 26 (장위동),근린생활2,제2종근린생활시설,1009136498,지번
1129013800102030006,서울특별시 성북구 장위동,서울특별시 성북구 장월로32길 5 (장위동),근린생활2,제2종근린생활시설,1009136244,지번
1129013700100500008,서울특별시 성북구 상월곡동,서울특별시 성북구 장월로1길 31 (상월곡동),근린생활1,제1종근린생활시설,1009131924,지번
1129013800102210001,서울특별시 성북구 장위동,서울특별시 성북구 돌곶이로41길 18 (장위동),근린생활1,제1종근린생활시설,1009136815,지번
1129013700100500009,서울특별시 성북구 상월곡동,서울특별시 성북구 장월로1길 33 (상월곡동),근린생활1,제1종근린생활시설,1009131925,지번
1129013600200020036,서울특별시 성북구 하월곡동,,근린생활1,제1종근린생활시설,1009131398,지번
1129013800102190037,서울특별시 성북구 장위동,서울특별시 성북구 월계로 138-7 (장위동),근린생활1,제1종근린생활시설,1009136533,지번
1129013800102310325,서울특별시 성북구 장위동,서울특별시 성북구 장위로 27 (장위동),근린생활2,제2종근린생활시설,1009139886,지번
1129013800102190416,서울특별시 성북구 장위동,서울특별시 성북구 장위로15길 91-4 (장위동),근린생활2,제2종근린생활시설,1009136784,지번
1129013800102180032,서울특별시 성북구 장위동,서울특별시 성북구 월계로 172 (장위동),근린생활2,제2종근린생활시설,1009136511,지번
1129013800102180035,서울특별시 성북구 장위동,서울특별시 성북구 돌곶이로 223-1 (장위동),근린생활2,제2종근린생활시설,1009136514,지번
1129013800102180034,서울특별시 성북구 장위동,서울특별시 성북구 돌곶이로 225 (장위동),근린생활1,제1종근린생활시설,1009136513,지번
1129013800102180025,서울특별시 성북구 장위동,서울특별시 성북구 월계로 166 (장위동),근린생활1,제1종근린생활시설,1009136506,지번
1129013800102180028,서울특별시 성북구 장위동,서울특별시 성북구 월계로 170 (장위동),근린생활1,제1종근린생활시설,1009136509,지번
1129013800102180026,서울특별시 성북구 장위동,서울특별시 성북구 월계로 168 (장위동),근린생활1,제1종근린생활시설,1009136507,지번
1129013800102180024,서울특별시 성북구 장위동,서울특별시 성북구 월계로 164 (장위동),근린생활2,제2종근린생활시설,1009136505,지번
1129013900103380021,서울특별시 성북구 석관동,서울특별시 성북구 화랑로18길 25-38 (석관동),근린생활2,제2종근린생활시설,10091100245267,지번
1129013700100550076,서울특별시 성북구 상월곡동,서울특별시 성북구 장월로1길 47 (상월곡동),근린생활1,제1종근린생활시설,1009131996,지번
1129013700100550091,서울특별시 성북구 상월곡동,서울특별시 성북구 장월로1길 39-2 (상월곡동),근린생활1,제1종근린생활시설,1009132011,지번
1129013600100130026,서울특별시 성북구 하월곡동,서울특별시 성북구 화랑로 118 (하월곡동),근린생활2,제2종근린생활시설,10091100249027,지번
1129013800102190177,서울특별시 성북구 장위동,서울특별시 성북구 장위로13길 63 (장위동),근린생활2,제2종근린생활시설,1009136628,지번
1129013800102330402,서울특별시 성북구 장위동,서울특별시 성북구 장위로 86 (장위동),근린생활1,제1종근린생활시설,1009137933,지번
1129013800102250060,서울특별시 성북구 장위동,서울특별시 성북구 장위로 83 (장위동),근린생활1,제1종근린생활시설,1009136937,지번
1129013800102330403,서울특별시 성북구 장위동,서울특별시 성북구 장위로 84 (장위동),근린생활1,제1종근린생활시설,1009137934,지번
1129013800102190204,서울특별시 성북구 장위동,서울특별시 성북구 장위로15길 33-1 (장위동),근린생활1,제1종근린생활시설,1009136645,지번
1129013800102190482,서울특별시 성북구 장위동,서울특별시 성북구 월계로 134 (장위동),근린생활1,제1종근린생활시설,1009136811,지번
1129013500100970005,서울특별시 성북구 종암동,서울특별시 성북구 종암로24가길 12 (종암동),근린생활1,제1종근린생활시설,1009127605,지번
1129013700100850002,서울특별시 성북구 상월곡동,서울특별시 성북구 장월로1마길 46-6 (상월곡동),근린생활2,제2종근린생활시설,10091100248491,지번
1129013400104860014,서울특별시 성북구 길음동,서울특별시 성북구 숭인로 68-1 (길음동),근린생활2,제2종근린생활시설,1009123202,지번
1129013400104860002,서울특별시 성북구 길음동,서울특별시 성북구 숭인로 70-1 (길음동),근린생활1,제1종근린생활시설,1009123192,지번
1129013400104860002,서울특별시 성북구 길음동,서울특별시 성북구 숭인로16가길 6 (길음동),근린생활1,단독주택,1009123195,지번
1129013600100700117,서울특별시 성북구 하월곡동,서울특별시 성북구 오패산로5길 18 (하월곡동),근린생활2,제2종근린생활시설,1009129407,지번
1129013600100810406,서울특별시 성북구 하월곡동,서울특별시 성북구 오패산로 79-7 (하월곡동),근린생활2,제2종근린생활시설,1009129913,지번
1129013700200010001,서울특별시 성북구 상월곡동,서울특별시 성북구 화랑로13길 144 (상월곡동),근린생활1,자동차관련시설,10091100250367,지번
1129013700200010001,서울특별시 성북구 상월곡동,서울특별시 성북구 장월로3길 47 (상월곡동),근린생활1,제1종근린생활시설,1009132260,지번
1129013800102190226,서울특별시 성북구 장위동,서울특별시 성북구 장위로15길 73 (장위동),근린생활1,제1종근린생활시설,1009136664,지번
1129013600100210121,서울특별시 성북구 하월곡동,서울특별시 성북구 화랑로13길 42-19 (하월곡동),근린생활1,제1종근린생활시설,1009128653,지번
1129013600100410065,서울특별시 성북구 하월곡동,서울특별시 성북구 월곡로16길 7 (하월곡동),근린생활2,제2종근린생활시설,1009129022,지번
1129013600100210073,서울특별시 성북구 하월곡동,서울특별시 성북구 장월로1마길 1-7 (하월곡동),근린생활1,제1종근린생활시설,1009128641,지번
1129013700100550105,서울특별시 성북구 상월곡동,서울특별시 성북구 화랑로15길 12 (상월곡동),근린생활2,제2종근린생활시설,1009132020,지번
1129013500101240014,서울특별시 성북구 종암동,서울특별시 성북구 정릉로 442-3 (종암동),근린생활2,제2종근린생활시설,1009128058,지번
1129013600101290000,서울특별시 성북구 하월곡동,서울특별시 성북구 월계로 6-2 (하월곡동),근린생활2,제2종근린생활시설,1009131107,지번
1129013600100810399,서울특별시 성북구 하월곡동,서울특별시 성북구 오패산로17길 10-15 (하월곡동),근린생활2,제2종근린생활시설,1009129907,지번
1129013600100710014,서울특별시 성북구 하월곡동,서울특별시 성북구 오패산로3길 38 (하월곡동),근린생활2,제2종근린생활시설,1009129452,지번
1129013400109380006,서울특별시 성북구 길음동,서울특별시 성북구 동소문로 305 (길음동),근린생활1,제2종근린생활시설,1009124265,지번
1129013400109380006,서울특별시 성북구 길음동,서울특별시 성북구 동소문로 303 (길음동),근린생활1,제1종근린생활시설,1009124266,지번
1129011100102860000,서울특별시 성북구 삼선동1가,서울특별시 성북구 삼선교로10바길 34-26 (삼선동1가),근린생활2,제2종근린생활시설,10091100249067,지번
1129013800102150045,서울특별시 성북구 장위동,서울특별시 성북구 돌곶이로39길 12 (장위동),근린생활2,제2종근린생활시설,10091100248054,지번
1129013500100030543,서울특별시 성북구 종암동,서울특별시 성북구 종암로 145 (종암동),근린생활2,제2종근린생활시설,1009125830,지번
1129013600200020087,서울특별시 성북구 하월곡동,,근린생활1,제1종근린생활시설,1009131400,지번
1129013500101040005,서울특별시 성북구 종암동,서울특별시 성북구 종암로24가길 53 (종암동),근린생활2,공동주택,1009128371,지번
1129013500101040005,서울특별시 성북구 종암동,서울특별시 성북구 종암로24가길 53 (종암동),근린생활2,제2종근린생활시설,1009128372,지번
1129010300100020020,서울특별시 성북구 돈암동,서울특별시 성북구 정릉로52길 49 (돈암동),근린생활2,제2종근린생활시설,100914608,지번
1129013500101240066,서울특별시 성북구 종암동,서울특별시 성북구 정릉로 454-4 (종암동),근린생활2,제2종근린생활시설,1009128088,지번
1129013600100880677,서울특별시 성북구 하월곡동,서울특별시 성북구 동소문로 302 (하월곡동),근린생활2,제2종근린생활시설,1009130496,지번
1129013600100200004,서울특별시 성북구 하월곡동,서울특별시 성북구 장월로1길 106 (하월곡동),근린생활1,제1종근린생활시설,1009128601,지번
1129013600100710012,서울특별시 성북구 하월곡동,서울특별시 성북구 오패산로3길 36-12 (하월곡동),근린생활1,제1종근린생활시설,1009129450,지번
1129013600100960147,서울특별시 성북구 하월곡동,서울특별시 성북구 화랑로 55 (하월곡동),근린생활2,제2종근린생활시설,1009131074,지번
1129013400100320023,서울특별시 성북구 길음동,서울특별시 성북구 숭인로16길 12 (길음동),근린생활1,제1종근린생활시설,1009123065,지번
1129011700100530000,서울특별시 성북구 동선동2가,서울특별시 성북구 보문로30길 31 (동선동2가),근린생활2,제2종근린생활시설,1009110518,지번
1129013300101050002,서울특별시 성북구 정릉동,서울특별시 성북구 아리랑로19길 21-1 (정릉동),근린생활1,제1종근린생활시설,10091100247608,지번
1129013800102310174,서울특별시 성북구 장위동,서울특별시 성북구 장위로 25-1 (장위동),근린생활1,제1종근린생활시설,1009139842,지번
1129013900103010001,서울특별시 성북구 석관동,서울특별시 성북구 돌곶이로 50 (석관동),근린생활2,제2종근린생활시설,10091100230367,지번
1129013900103010030,서울특별시 성북구 석관동,서울특별시 성북구 돌곶이로 48 (석관동),근린생활2,제2종근린생활시설,10091100229762,지번
1129011700100720000,서울특별시 성북구 동선동2가,서울특별시 성북구 보문로30길 43 (동선동2가),근린생활1,제1종근린생활시설,10091100231633,지번
1129013300108200026,서울특별시 성북구 정릉동,서울특별시 성북구 보국문로 194 (정릉동),근린생활2,제1종근린생활시설,1009121248,지번
1129013300108200026,서울특별시 성북구 정릉동,서울특별시 성북구 보국문로 194 (정릉동),근린생활2,제2종근린생활시설,1009122590,지번
1129010100100230044,서울특별시 성북구 성북동,서울특별시 성북구 선잠로5길 38 (성북동),근린생활1,제1종근린생활시설,10091100220012,지번
1129013600100760021,서울특별시 성북구 하월곡동,서울특별시 성북구 오패산로17길 6 (하월곡동),근린생활1,제1종근린생활시설,1009129560,지번
1129013400104890054,서울특별시 성북구 길음동,서울특별시 성북구 도봉로3길 9-6 (길음동),근린생활1,제1종근린생활시설,1009123278,지번
1129013600100901816,서울특별시 성북구 하월곡동,서울특별시 성북구 화랑로1길 53 (하월곡동),근린생활1,제1종근린생활시설,1009131008,지번
1129013400104850014,서울특별시 성북구 길음동,서울특별시 성북구 숭인로 66 (길음동),근린생활1,제1종근린생활시설,1009123190,지번
1129013800102240012,서울특별시 성북구 장위동,서울특별시 성북구 장위로21다길 53 (장위동),근린생활1,제1종근린생활시설,10091100250647,지번
1129013600100760013,서울특별시 성북구 하월곡동,서울특별시 성북구 오패산로 77 (하월곡동),근린생활1,제1종근린생활시설,1009129555,지번
1129013600100900497,서울특별시 성북구 하월곡동,서울특별시 성북구 오패산로1가길 30 (하월곡동),근린생활1,제1종근린생활시설,1009130642,지번
1129010300100020007,서울특별시 성북구 돈암동,서울특별시 성북구 정릉로52길 30 (돈암동),근린생활1,제1종근린생활시설,100914604,지번
1129013800102310259,서울특별시 성북구 장위동,서울특별시 성북구 장위로8길 20 (장위동),근린생활1,제1종근린생활시설,1009137347,지번
1129013600100901391,서울특별시 성북구 하월곡동,서울특별시 성북구 종암로36나길 6 (하월곡동),근린생활2,제2종근린생활시설,1009130785,지번
1129013400104890042,서울특별시 성북구 길음동,서울특별시 성북구 도봉로3길 9-7 (길음동),근린생활1,제1종근린생활시설,1009123270,지번
1129013300103920047,서울특별시 성북구 정릉동,서울특별시 성북구 정릉로21길 54 (정릉동),근린생활2,제2종근린생활시설,10091100266792,지번
1129013500100820042,서울특별시 성북구 종암동,서울특별시 성북구 종암로25길 22-18 (종암동),근린생활2,제2종근린생활시설,1009127466,지번
1129013500101240065,서울특별시 성북구 종암동,서울특별시 성북구 정릉로 454-2 (종암동),근린생활1,제1종근린생활시설,1009128087,지번
1129013600101700000,서울특별시 성북구 하월곡동,서울특별시 성북구 종암로40길 25-8 (하월곡동),근린생활2,제2종근린생활시설,1009131124,지번
1129013500100820043,서울특별시 성북구 종암동,서울특별시 성북구 종암로21길 67 (종암동),근린생활1,제1종근린생활시설,1009127467,지번
1129013400104890058,서울특별시 성북구 길음동,서울특별시 성북구 도봉로3길 9-10 (길음동),근린생활1,제1종근린생활시설,1009123282,지번
1129013400104890036,서울특별시 성북구 길음동,서울특별시 성북구 도봉로3가길 3 (길음동),근린생활2,제2종근린생활시설,1009123266,지번
1129013400104890035,서울특별시 성북구 길음동,서울특별시 성북구 도봉로3가길 1 (길음동),근린생활1,제1종근린생활시설,1009123265,지번
1129011400103470000,서울특별시 성북구 삼선동4가,서울특별시 성북구 삼선교로23길 26 (삼선동4가),근린생활1,제1종근린생활시설,10091100221904,지번
1129010300100020080,서울특별시 성북구 돈암동,서울특별시 성북구 정릉로52길 21 (돈암동),근린생활2,제2종근린생활시설,10091100198610,지번
1129013400104890094,서울특별시 성북구 길음동,서울특별시 성북구 도봉로1길 4 (길음동),근린생활1,제1종근린생활시설,1009123293,지번
1129011400100390001,서울특별시 성북구 삼선동4가,서울특별시 성북구 삼선교로23가길 43 (삼선동4가),근린생활2,제2종근린생활시설,10091100220212,지번
1129013600101370000,서울특별시 성북구 하월곡동,서울특별시 성북구 종암로 214-14 (하월곡동),근린생활1,제1종근린생활시설,1009131113,지번
1129010100100750001,서울특별시 성북구 성북동,서울특별시 성북구 선잠로 39 (성북동),근린생활2,제2종근린생활시설,10091100268371,지번
1129013500101240063,서울특별시 성북구 종암동,서울특별시 성북구 정릉로 452 (종암동),근린생활2,제2종근린생활시설,1009128086,지번
1129013400105170011,서울특별시 성북구 길음동,서울특별시 성북구 동소문로 305-4 (길음동),근린생활2,제2종근린생활시설,1009123571,지번
1129013700100750043,서울특별시 성북구 상월곡동,서울특별시 성북구 장월로1라길 11 (상월곡동),근린생활2,제2종근린생활시설,1009132121,지번
1129012500100860001,서울특별시 성북구 안암동5가,서울특별시 성북구 고려대로28길 17-3 (안암동5가),근린생활2,제2종근린생활시설,10091100255712,지번
1129010800100870000,서울특별시 성북구 동소문동5가,서울특별시 성북구 보문로40길 50 (동소문동5가),근린생활1,제1종근린생활시설,100916756,지번
1129013600100130009,서울특별시 성북구 하월곡동,서울특별시 성북구 월곡로18가길 57 (하월곡동),근린생활2,제2종근린생활시설,1009128517,지번
1129011400100120000,서울특별시 성북구 삼선동4가,서울특별시 성북구 동소문로10길 30 (삼선동4가),근린생활1,제1종근린생활시설,100919283,지번
1129013600100340058,서울특별시 성북구 하월곡동,서울특별시 성북구 월곡로14길 1 (하월곡동),근린생활2,제2종근린생활시설,1009128844,지번
1129012500101340063,서울특별시 성북구 안암동5가,서울특별시 성북구 안암로 57-1 (안암동5가),근린생활1,제1종근린생활시설,1009113813,지번
1129013400110700003,서울특별시 성북구 길음동,서울특별시 성북구 동소문로 271-4 (길음동),근린생활1,제1종근린생활시설,1009124422,지번
1129012600101050000,서울특별시 성북구 보문동4가,서울특별시 성북구 안암로1길 62 (보문동4가),근린생활2,제2종근린생활시설,10091100233588,지번
1129010100101840029,서울특별시 성북구 성북동,서울특별시 성북구 성북로6길 8-1 (성북동),근린생활2,제2종근린생활시설,10091100233053,지번
1129013600100100013,서울특별시 성북구 하월곡동,서울특별시 성북구 화랑로 119-7 (하월곡동),근린생활2,제2종근린생활시설,1009128482,지번
1129013600100130010,서울특별시 성북구 하월곡동,서울특별시 성북구 월곡로18가길 53 (하월곡동),근린생활1,제1종근린생활시설,1009128518,지번
1129012500101030149,서울특별시 성북구 안암동5가,서울특별시 성북구 고려대로24가길 13 (안암동5가),근린생활1,제1종근린생활시설,1009113654,지번
1129011700100380001,서울특별시 성북구 동선동2가,서울특별시 성북구 보문로30라길 23 (동선동2가),근린생활2,제2종근린생활시설,10091100221992,지번
1129010100102150001,서울특별시 성북구 성북동,서울특별시 성북구 성북로23길 24 (성북동),근린생활1,제1종근린생활시설,10091100227473,지번
1129013600100100017,서울특별시 성북구 하월곡동,서울특별시 성북구 화랑로 115-6 (하월곡동),근린생활2,제2종근린생활시설,1009128484,지번
1129013700100670000,서울특별시 성북구 상월곡동,서울특별시 성북구 장월로1다길 16 (상월곡동),근린생활1,제1종근린생활시설,1009132074,지번
1129013700100670000,서울특별시 성북구 상월곡동,서울특별시 성북구 장월로1다길 16 (상월곡동),근린생활1,단독주택,1009132075,지번
1129010100101830016,서울특별시 성북구 성북동,서울특별시 성북구 성북로6가길 7 (성북동),근린생활2,제2종근린생활시설,10091100254767,지번
1129013300107150011,서울특별시 성북구 정릉동,서울특별시 성북구 솔샘로9길 4-15 (정릉동),근린생활2,제2종근린생활시설,10091100220482,지번
1129013600100410062,서울특별시 성북구 하월곡동,서울특별시 성북구 월곡로18길 8 (하월곡동),근린생활2,제2종근린생활시설,1009129020,지번
1129013900103430030,서울특별시 성북구 석관동,서울특별시 성북구 화랑로 232 (석관동),근린생활1,제1종근린생활시설,10091100219985,지번
1129013400105250115,서울특별시 성북구 길음동,서울특별시 성북구 동소문로41길 3 (길음동),근린생활1,제1종근린생활시설,1009123628,지번
1129013500100310038,서울특별시 성북구 종암동,서울특별시 성북구 종암로3길 37-9 (종암동),근린생활2,제2종근린생활시설,10091100193327,지번
1129010200100540000,서울특별시 성북구 성북동1가,서울특별시 성북구 성북로 15-20 (성북동1가),근린생활2,제2종근린생활시설,10091100190796,지번
1129013600100400085,서울특별시 성북구 하월곡동,서울특별시 성북구 월곡로18길 12-7 (하월곡동),근린생활1,제1종근린생활시설,1009128981,지번
1129013600100410063,서울특별시 성북구 하월곡동,서울특별시 성북구 월곡로18길 8-4 (하월곡동),근린생활2,제2종근린생활시설,1009129021,지번
1129013800102300042,서울특별시 성북구 장위동,서울특별시 성북구 장위로15길 34-57 (장위동),근린생활2,제2종근린생활시설,1009137036,지번
1129013800102300049,서울특별시 성북구 장위동,서울특별시 성북구 장위로21나길 11 (장위동),근린생활2,제2종근린생활시설,1009137043,지번
1129013100101300000,서울특별시 성북구 보문동2가,서울특별시 성북구 보문로 107 (보문동2가),근린생활1,제1종근린생활시설,10091100223305,지번
1129013600100210056,서울특별시 성북구 하월곡동,서울특별시 성북구 화랑로13길 42 (하월곡동),근린생활2,제2종근린생활시설,10091100219213,지번
1129013600100130020,서울특별시 성북구 하월곡동,서울특별시 성북구 월곡로18가길 34 (하월곡동),근린생활2,제2종근린생활시설,1009128526,지번
1129010100100680004,서울특별시 성북구 성북동,서울특별시 성북구 성북로 102 (성북동),근린생활2,제2종근린생활시설,10091100224507,지번
1129012100101000000,서울특별시 성북구 안암동1가,서울특별시 성북구 고려대로7길 56-12 (안암동1가),근린생활2,제2종근린생활시설,1009111985,지번
1129013500100280053,서울특별시 성북구 종암동,서울특별시 성북구 회기로3가길 17 (종암동),근린생활1,제1종근린생활시설,1009126705,지번
1129011600100850115,서울특별시 성북구 동선동1가,서울특별시 성북구 동소문로24가길 16 (동선동1가),근린생활2,제2종근린생활시설,1009110344,지번
1129012300101100024,서울특별시 성북구 안암동3가,서울특별시 성북구 안암로5길 72 (안암동3가),근린생활2,제2종근린생활시설,1009112848,지번
1129012400100410032,서울특별시 성북구 안암동4가,서울특별시 성북구 안암로9길 11 (안암동4가),근린생활1,제1종근린생활시설,1009113175,지번
1129013500101240056,서울특별시 성북구 종암동,서울특별시 성북구 정릉로 448-11 (종암동),근린생활2,제2종근린생활시설,10091100221332,지번
1129013700100570023,서울특별시 성북구 상월곡동,서울특별시 성북구 화랑로15길 26-6 (상월곡동),근린생활2,제2종근린생활시설,10091100231373,지번
1129011400103410001,서울특별시 성북구 삼선동4가,서울특별시 성북구 삼선교로23길 8 (삼선동4가),근린생활2,제2종근린생활시설,10091100232535,지번
1129012400100410037,서울특별시 성북구 안암동4가,서울특별시 성북구 안암로 17 (안암동4가),근린생활2,제2종근린생활시설,10091100251557,지번
1129010200100350029,서울특별시 성북구 성북동1가,서울특별시 성북구 성북로 5-7 (성북동1가),근린생활2,제2종근린생활시설,10091100258910,지번
1129013600100530007,서울특별시 성북구 하월곡동,서울특별시 성북구 화랑로5길 66-6 (하월곡동),근린생활2,제2종근린생활시설,1009129146,지번
1129013300104030009,서울특별시 성북구 정릉동,서울특별시 성북구 보국문로 40-3 (정릉동),근린생활1,제1종근린생활시설,10091100233373,지번
1129012500101040244,서울특별시 성북구 안암동5가,서울특별시 성북구 안암로 83 (안암동5가),근린생활2,제2종근린생활시설,10091100230333,지번
1129013600100270097,서울특별시 성북구 하월곡동,서울특별시 성북구 화랑로11길 17-5 (하월곡동),근린생활2,제2종근린생활시설,10091100234174,지번
1129013800100750330,서울특별시 성북구 장위동,서울특별시 성북구 돌곶이로 153 (장위동),근린생활1,제1종근린생활시설,1009134443,지번
1129011600100960000,서울특별시 성북구 동선동1가,서울특별시 성북구 동소문로20가길 28-8 (동선동1가),근린생활2,제2종근린생활시설,10091100212411,지번
1129012500100860110,서울특별시 성북구 안암동5가,서울특별시 성북구 고려대로28길 20 (안암동5가),근린생활2,제2종근린생활시설,1009113442,지번
1129013600100290064,서울특별시 성북구 하월곡동,서울특별시 성북구 화랑로 75 (하월곡동),근린생활2,제2종근린생활시설,10091100219452,지번
1129013600100901490,서울특별시 성북구 하월곡동,서울특별시 성북구 종암로38길 41-2 (하월곡동),근린생활1,제1종근린생활시설,1009130840,지번
1129013900101760068,서울특별시 성북구 석관동,서울특별시 성북구 화랑로40길 6-5 (석관동),근린생활2,제2종근린생활시설,10091100238074,지번
1129013500100290029,서울특별시 성북구 종암동,서울특별시 성북구 북악산로 1064 (종암동),근린생활2,제2종근린생활시설,10091100245407,지번
1129013500100300070,서울특별시 성북구 종암동,서울특별시 성북구 회기로3길 3 (종암동),근린생활2,제2종근린생활시설,10091100246829,지번
1129013600100150012,서울특별시 성북구 하월곡동,서울특별시 성북구 월곡로18길 25-28 (하월곡동),근린생활1,제1종근린생활시설,1009128543,지번
1129013600100270096,서울특별시 성북구 하월곡동,서울특별시 성북구 화랑로11길 17-7 (하월곡동),근린생활2,제2종근린생활시설,1009128744,지번
1129013500100030994,서울특별시 성북구 종암동,서울특별시 성북구 종암로30길 4 (종암동),근린생활1,제1종근린생활시설,1009125963,지번
1129013600100901595,서울특별시 성북구 하월곡동,서울특별시 성북구 오패산로3가길 30 (하월곡동),근린생활2,제2종근린생활시설,1009130892,지번
1129013600100800046,서울특별시 성북구 하월곡동,서울특별시 성북구 월계로10길 18 (하월곡동),근린생활2,제2종근린생활시설,1009129684,지번
1129013800103200002,서울특별시 성북구 장위동,서울특별시 성북구 한천로99길 45 (장위동),근린생활2,제2종근린생활시설,10091100254827,지번
1129013600100810460,서울특별시 성북구 하월곡동,서울특별시 성북구 오패산로3길 162-8 (하월곡동),근린생활2,제2종근린생활시설,1009129953,지번
1129013600100600110,서울특별시 성북구 하월곡동,서울특별시 성북구 오패산로 26 (하월곡동),근린생활2,제2종근린생활시설,1009129244,지번
1129010200100350007,서울특별시 성북구 성북동1가,서울특별시 성북구 성북로5길 9-7 (성북동1가),근린생활2,제2종근린생활시설,10091100238574,지번
1129013600100901130,서울특별시 성북구 하월곡동,서울특별시 성북구 오패산로1길 5 (하월곡동),근린생활1,제1종근린생활시설,1009130682,지번
1129013600100210058,서울특별시 성북구 하월곡동,서울특별시 성북구 화랑로13길 40 (하월곡동),근린생활1,제2종근린생활시설,1000000000000007323154,지번
1129010200101090006,서울특별시 성북구 성북동1가,서울특별시 성북구 성북로5길 36 (성북동1가),근린생활2,제2종근린생활시설,100914500,지번
1129013600100150023,서울특별시 성북구 하월곡동,서울특별시 성북구 월곡로18가길 26 (하월곡동),근린생활1,제1종근린생활시설,1009128552,지번
1129013600100901272,서울특별시 성북구 하월곡동,서울특별시 성북구 오패산로1가길 14 (하월곡동),근린생활2,제2종근린생활시설,1009130724,지번
1129013800102310378,서울특별시 성북구 장위동,서울특별시 성북구 장위로16길 5-3 (장위동),근린생활1,제1종근린생활시설,1009137418,지번
1129013600100901667,서울특별시 성북구 하월곡동,서울특별시 성북구 오패산로3가길 4 (하월곡동),근린생활1,제1종근린생활시설,1009130940,지번
1129013600100900932,서울특별시 성북구 하월곡동,,근린생활2,제2종근린생활시설,1009130673,지번
1129013800102310446,서울특별시 성북구 장위동,서울특별시 성북구 장위로16길 43 (장위동),근린생활1,제1종근린생활시설,1009137466,지번
1129013700100770001,서울특별시 성북구 상월곡동,서울특별시 성북구 장월로1나길 18 (상월곡동),근린생활2,제2종근린생활시설,1009132128,지번
1129013600100730044,서울특별시 성북구 하월곡동,서울특별시 성북구 화랑로13길 94 (하월곡동),근린생활2,제2종근린생활시설,1009129494,지번
1129013600100210045,서울특별시 성북구 하월곡동,서울특별시 성북구 장월로1마길 1-22 (하월곡동),근린생활2,제2종근린생활시설,1009128622,지번
1129013600100810403,서울특별시 성북구 하월곡동,서울특별시 성북구 오패산로17길 12-16 (하월곡동),근린생활2,제2종근린생활시설,1009129911,지번
1129013500100030341,서울특별시 성북구 종암동,서울특별시 성북구 월곡로5나길 8 (종암동),근린생활2,제2종근린생활시설,10091100268051,지번
1129013600100901742,서울특별시 성북구 하월곡동,서울특별시 성북구 화랑로1길 38-5 (하월곡동),근린생활2,제2종근린생활시설,1009130960,지번
1129013600100470038,서울특별시 성북구 하월곡동,서울특별시 성북구 화랑로5길 12-8 (하월곡동),근린생활2,제2종근린생활시설,1009129058,지번
1129011100101800000,서울특별시 성북구 삼선동1가,서울특별시 성북구 삼선교로4길 13 (삼선동1가),근린생활2,제2종근린생활시설,100917658,지번
1129013800102380158,서울특별시 성북구 장위동,서울특별시 성북구 장월로 99-3 (장위동),근린생활1,제1종근린생활시설,1009138463,지번
1129013800102460150,서울특별시 성북구 장위동,서울특별시 성북구 장월로5길 41 (장위동),근린생활2,제2종근린생활시설,1009138728,지번
1129013600100460084,서울특별시 성북구 하월곡동,서울특별시 성북구 화랑로5길 4 (하월곡동),근린생활1,제1종근린생활시설,1009129053,지번
1129013600100470055,서울특별시 성북구 하월곡동,서울특별시 성북구 화랑로5길 16 (하월곡동),근린생활1,제1종근린생활시설,1009129069,지번
1129013600100260001,서울특별시 성북구 하월곡동,서울특별시 성북구 화랑로11길 37 (하월곡동),근린생활1,단독주택,1009128694,지번
1129013600100260001,서울특별시 성북구 하월곡동,서울특별시 성북구 화랑로11길 37 (하월곡동),근린생활1,제2종근린생활시설,1009128695,지번
1129013600100260001,서울특별시 성북구 하월곡동,서울특별시 성북구 화랑로11길 37 (하월곡동),근린생활1,제1종근린생활시설,1009128696,지번
1129013700100480002,서울특별시 성북구 상월곡동,서울특별시 성북구 장월로1길 17 (상월곡동),근린생활2,제2종근린생활시설,1009131915,지번
1129013800102340032,서울특별시 성북구 장위동,서울특별시 성북구 장월로23길 29-2 (장위동),근린생활1,제1종근린생활시설,1009138134,지번
1129013900101230003,서울특별시 성북구 석관동,서울특별시 성북구 한천로76길 10-25 (석관동),근린생활1,제1종근린생활시설,1009140989,지번
1129013900100770065,서울특별시 성북구 석관동,서울특별시 성북구 한천로68길 35 (석관동),근린생활1,제1종근린생활시설,1009140789,지번
1129013600100680006,서울특별시 성북구 하월곡동,서울특별시 성북구 오패산로 6-14 (하월곡동),근린생활2,제2종근린생활시설,10091100198930,지번
1129013900100570012,서울특별시 성북구 석관동,서울특별시 성북구 돌곶이로8길 71 (석관동),근린생활1,제1종근린생활시설,1009140319,지번
1129013900101180015,서울특별시 성북구 석관동,서울특별시 성북구 한천로76나길 18-15 (석관동),근린생활2,제2종근린생활시설,1009140881,지번
1129013300104200009,서울특별시 성북구 정릉동,서울특별시 성북구 정릉로 241-23 (정릉동),근린생활2,제2종근린생활시설,1009119444,지번
1129013600100810323,서울특별시 성북구 하월곡동,서울특별시 성북구 오패산로19길 31 (하월곡동),근린생활1,제1종근린생활시설,1009129866,지번
1129013600100880494,서울특별시 성북구 하월곡동,서울특별시 성북구 동소문로46길 31 (하월곡동),근린생활1,제1종근린생활시설,1009130428,지번
1129013400105180012,서울특별시 성북구 길음동,서울특별시 성북구 동소문로43길 1 (길음동),근린생활1,제1종근린생활시설,1009123580,지번
1129010300106330000,서울특별시 성북구 돈암동,서울특별시 성북구 정릉로 388 (돈암동),근린생활1,공동주택,100915727,지번
1129010300106330000,서울특별시 성북구 돈암동,서울특별시 성북구 정릉로 388 (돈암동),근린생활1,제1종근린생활시설,100915730,지번
1129010300106330000,서울특별시 성북구 돈암동,서울특별시 성북구 정릉로 388 (돈암동),근린생활1,공동주택,100915735,지번
1129010300106330000,서울특별시 성북구 돈암동,서울특별시 성북구 정릉로 388 (돈암동),근린생활1,공동주택,100915736,지번
1129010300106330000,서울특별시 성북구 돈암동,서울특별시 성북구 정릉로 388 (돈암동),근린생활1,공동주택,100915737,지번
1129010300106330000,서울특별시 성북구 돈암동,서울특별시 성북구 정릉로 388 (돈암동),근린생활1,공동주택,100915738,지번
1129010300106330000,서울특별시 성북구 돈암동,서울특별시 성북구 정릉로 388 (돈암동),근린생활1,공동주택,100915739,지번
1129010300106330000,서울특별시 성북구 돈암동,서울특별시 성북구 정릉로 388 (돈암동),근린생활1,공동주택,100915740,지번
1129010300106330000,서울특별시 성북구 돈암동,서울특별시 성북구 정릉로 388 (돈암동),근린생활1,공동주택,100915741,지번
1129010300106330000,서울특별시 성북구 돈암동,서울특별시 성북구 정릉로 388 (돈암동),근린생활1,공동주택,100915742,지번
1129013600100670013,서울특별시 성북구 하월곡동,서울특별시 성북구 오패산로 12 (하월곡동),근린생활1,제1종근린생활시설,1009129312,지번
1129013600102280001,서울특별시 성북구 하월곡동,서울특별시 성북구 오패산로16가길 76 (하월곡동),근린생활2,제2종근린생활시설,10091100199708,지번
1129013600200020001,서울특별시 성북구 하월곡동,,근린생활1,제1종근린생활시설,10091100193309,지번
1129013600200020001,서울특별시 성북구 하월곡동,서울특별시 성북구 화랑로13길 144 (하월곡동),근린생활1,제2종근린생활시설,10091100224466,지번
1129013600200020001,서울특별시 성북구 하월곡동,,근린생활1,방송통신시설,1009131392,지번
1129013600200020001,서울특별시 성북구 하월곡동,서울특별시 성북구 화랑로13가길 110 (하월곡동),근린생활1,수련시설,1009131393,지번
1129013600200020001,서울특별시 성북구 하월곡동,,근린생활1,제1종근린생활시설,1009131394,지번
1129013600200020001,서울특별시 성북구 하월곡동,,근린생활1,운동시설,1009131395,지번
1129013600200020001,서울특별시 성북구 하월곡동,,근린생활1,제1종근린생활시설,1009131403,지번
1129013800100660296,서울특별시 성북구 장위동,서울특별시 성북구 돌곶이로27길 62 (장위동),근린생활2,제2종근린생활시설,1009139446,지번
1129013400105250175,서울특별시 성북구 길음동,서울특별시 성북구 동소문로 273 (길음동),근린생활1,제1종근린생활시설,1009123658,지번
1129013400110700012,서울특별시 성북구 길음동,서울특별시 성북구 동소문로 271 (길음동),근린생활1,제1종근린생활시설,1009124426,지번
1129013400105250172,서울특별시 성북구 길음동,서울특별시 성북구 동소문로 275-2 (길음동),근린생활2,제2종근린생활시설,1009123655,지번
1129013400100210034,서울특별시 성북구 길음동,서울특별시 성북구 도봉로1길 8 (길음동),근린생활1,제1종근린생활시설,1009122953,지번
1129013600100740012,서울특별시 성북구 하월곡동,서울특별시 성북구 오패산로3길 64 (하월곡동),근린생활1,제1종근린생활시설,1009129519,지번
1129013500101240129,서울특별시 성북구 종암동,서울특별시 성북구 종암로 147 (종암동),근린생활1,제1종근린생활시설,10091100197950,지번
1129013900103320512,서울특별시 성북구 석관동,서울특별시 성북구 돌곶이로11길 23-3 (석관동),근린생활2,제2종근린생활시설,10091100187475,지번
1129013600100600175,서울특별시 성북구 하월곡동,서울특별시 성북구 화랑로5길 41 (하월곡동),근린생활1,제1종근린생활시설,1009129277,지번
1129013600100670025,서울특별시 성북구 하월곡동,서울특별시 성북구 오패산로 8 (하월곡동),근린생활1,제1종근린생활시설,1009129317,지번
1129013500100030637,서울특별시 성북구 종암동,서울특별시 성북구 종암로28길 71 (종암동),근린생활1,제1종근린생활시설,1009125874,지번
1129013600100960076,서울특별시 성북구 하월곡동,서울특별시 성북구 오패산로3길 83 (하월곡동),근린생활2,제2종근린생활시설,1009131062,지번
1129013600100960076,서울특별시 성북구 하월곡동,서울특별시 성북구 오패산로3길 95 (하월곡동),근린생활2,노유자시설,1009131063,지번
1129013600100960076,서울특별시 성북구 하월곡동,서울특별시 성북구 오패산로3길 87 (하월곡동),근린생활2,교육연구시설,1009131064,지번
1129013500100830004,서울특별시 성북구 종암동,서울특별시 성북구 종암로21길 41 (종암동),근린생활1,제1종근린생활시설,1009127479,지번
1129013900103380253,서울특별시 성북구 석관동,서울특별시 성북구 화랑로22가길 37-5 (석관동),근린생활2,제2종근린생활시설,1009143414,지번
1129013400105180005,서울특별시 성북구 길음동,서울특별시 성북구 동소문로 291 (길음동),근린생활1,제1종근린생활시설,1009123577,지번
1129013500101240071,서울특별시 성북구 종암동,서울특별시 성북구 종암로21길 112 (종암동),근린생활1,제1종근린생활시설,1009128096,지번
1129013600100901385,서울특별시 성북구 하월곡동,서울특별시 성북구 종암로38길 52 (하월곡동),근린생활1,제1종근린생활시설,1009130779,지번
1129013600100820154,서울특별시 성북구 하월곡동,서울특별시 성북구 오패산로3길 130 (하월곡동),근린생활1,제1종근린생활시설,1009130042,지번
1129013500100030170,서울특별시 성북구 종암동,서울특별시 성북구 종암로 124 (종암동),근린생활1,제1종근린생활시설,1009125625,지번
1129013600100810461,서울특별시 성북구 하월곡동,서울특별시 성북구 오패산로3길 154 (하월곡동),근린생활1,제1종근린생활시설,1009129954,지번
1129013800100500008,서울특별시 성북구 장위동,서울특별시 성북구 돌곶이로28길 63 (장위동),근린생활2,제2종근린생활시설,1009132749,지번
1129013800100650169,서울특별시 성북구 장위동,서울특별시 성북구 돌곶이로25길 85 (장위동),근린생활2,제2종근린생활시설,1009133130,지번
1129013800100650211,서울특별시 성북구 장위동,서울특별시 성북구 화랑로 225 (장위동),근린생활1,제1종근린생활시설,1009133149,지번
1129013800100910002,서울특별시 성북구 장위동,서울특별시 성북구 장위로 163 (장위동),근린생활2,제2종근린생활시설,1009134873,지번
1129013800100660287,서울특별시 성북구 장위동,서울특별시 성북구 돌곶이로27길 46 (장위동),근린생활1,제1종근린생활시설,1009133302,지번
1129013800100650171,서울특별시 성북구 장위동,서울특별시 성북구 화랑로 207 (장위동),근린생활2,제2종근린생활시설,1009133131,지번
1129013800100650177,서울특별시 성북구 장위동,서울특별시 성북구 화랑로 201 (장위동),근린생활1,제1종근린생활시설,1009133134,지번
1129013400100310002,서울특별시 성북구 길음동,서울특별시 성북구 도봉로 29 (길음동),근린생활1,제1종근린생활시설,1009123053,지번
1129013600100810366,서울특별시 성북구 하월곡동,서울특별시 성북구 월계로 30 (하월곡동),근린생활2,제2종근린생활시설,1009129889,지번
1129013500100030982,서울특별시 성북구 종암동,,근린생활1,판매시설,10091100183556,지번
1129013500100030982,서울특별시 성북구 종암동,,근린생활1,제1종근린생활시설,1009128188,지번
1129013800102150013,서울특별시 성북구 장위동,서울특별시 성북구 돌곶이로39길 6 (장위동),근린생활1,제1종근린생활시설,1009136465,지번
1129013800101810003,서울특별시 성북구 장위동,서울특별시 성북구 한천로99길 62 (장위동),근린생활1,제1종근린생활시설,1009135975,지번
1129013900102550010,서울특별시 성북구 석관동,서울특별시 성북구 돌곶이로23길 3 (석관동),근린생활2,제2종근린생활시설,1009141863,지번
1129013900103380033,서울특별시 성북구 석관동,서울특별시 성북구 화랑로22가길 34 (석관동),근린생활2,제2종근린생활시설,1009144217,지번
1129013900103400061,서울특별시 성북구 석관동,서울특별시 성북구 화랑로24길 22-6 (석관동),근린생활2,제2종근린생활시설,1009144233,지번
1129013700100070119,서울특별시 성북구 상월곡동,서울특별시 성북구 화랑로21길 64 (상월곡동),근린생활1,제1종근린생활시설,1009131418,지번
1129013600100050022,서울특별시 성북구 하월곡동,서울특별시 성북구 화랑로15길 31 (하월곡동),근린생활2,제2종근린생활시설,1009128468,지번
1129013600100100006,서울특별시 성북구 하월곡동,서울특별시 성북구 화랑로 119-8 (하월곡동),근린생활1,제1종근린생활시설,1009128478,지번
1129013700100550106,서울특별시 성북구 상월곡동,서울특별시 성북구 화랑로15길 18 (상월곡동),근린생활1,제1종근린생활시설,1009132021,지번
1129013700100070143,서울특별시 성북구 상월곡동,서울특별시 성북구 화랑로19길 68 (상월곡동),근린생활1,제1종근린생활시설,1000000000000000410780,지번
1129013800100640129,서울특별시 성북구 장위동,서울특별시 성북구 돌곶이로 93 (장위동),근린생활1,제1종근린생활시설,1009133059,지번
1129013900100770036,서울특별시 성북구 석관동,서울특별시 성북구 한천로76가길 45 (석관동),근린생활1,제1종근린생활시설,1009140773,지번
1129013900100670011,서울특별시 성북구 석관동,서울특별시 성북구 한천로71길 9-8 (석관동),근린생활1,제1종근린생활시설,1009140642,지번
1129013900103200002,서울특별시 성북구 석관동,서울특별시 성북구 돌곶이로8길 25 (석관동),근린생활1,제1종근린생활시설,1009142734,지번
1129013900101270075,서울특별시 성북구 석관동,서울특별시 성북구 한천로78길 47 (석관동),근린생활1,제1종근린생활시설,1009141091,지번
1129013900101260005,서울특별시 성북구 석관동,서울특별시 성북구 한천로76길 19 (석관동),근린생활1,제1종근린생활시설,1009141038,지번
1129013800102380466,서울특별시 성북구 장위동,서울특별시 성북구 장월로 108-1 (장위동),근린생활1,제1종근린생활시설,1009138636,지번
1129013700100280108,서울특별시 성북구 상월곡동,서울특별시 성북구 화랑로17길 8-15 (상월곡동),근린생활1,제1종근린생활시설,1009131863,지번
1129013900101270055,서울특별시 성북구 석관동,서울특별시 성북구 한천로78길 23 (석관동),근린생활1,제1종근린생활시설,1009141071,지번
1129013900101240060,서울특별시 성북구 석관동,서울특별시 성북구 한천로76길 45 (석관동),근린생활1,제1종근린생활시설,1009141028,지번
1129013900101270054,서울특별시 성북구 석관동,서울특별시 성북구 한천로78길 27 (석관동),근린생활2,제2종근린생활시설,1009141070,지번
1129013900100580161,서울특별시 성북구 석관동,서울특별시 성북구 돌곶이로8바길 14 (석관동),근린생활1,제1종근린생활시설,1009140387,지번
1129013600100901771,서울특별시 성북구 하월곡동,서울특별시 성북구 오패산로1길 3 (하월곡동),근린생활1,제1종근린생활시설,1009130983,지번
1129013600100901975,서울특별시 성북구 하월곡동,서울특별시 성북구 화랑로1길 26 (하월곡동),근린생활1,제1종근린생활시설,1009131043,지번
1129013500100860001,서울특별시 성북구 종암동,서울특별시 성북구 종암로 113 (종암동),근린생활1,제1종근린생활시설,1009127507,지번
1129013600100700011,서울특별시 성북구 하월곡동,서울특별시 성북구 오패산로 37 (하월곡동),근린생활1,제1종근린생활시설,1009129349,지번
1129013400100210071,서울특별시 성북구 길음동,서울특별시 성북구 동소문로47길 12 (길음동),근린생활2,제2종근린생활시설,1009122962,지번
1129013600100901750,서울특별시 성북구 하월곡동,서울특별시 성북구 오패산로1길 25 (하월곡동),근린생활1,제1종근린생활시설,1009130964,지번
1129013600100901750,서울특별시 성북구 하월곡동,서울특별시 성북구 오패산로1길 25 (하월곡동),근린생활1,창고시설,1009130965,지번
1129013600100790117,서울특별시 성북구 하월곡동,서울특별시 성북구 월계로 46 (하월곡동),근린생활2,제2종근린생활시설,1009129654,지번
1129013600100771042,서울특별시 성북구 하월곡동,서울특별시 성북구 오패산로 102 (하월곡동),근린생활1,제1종근린생활시설,1009129624,지번
1129013600100820235,서울특별시 성북구 하월곡동,서울특별시 성북구 오패산로5길 69 (하월곡동),근린생활2,제2종근린생활시설,1009130078,지번
1129013600100670029,서울특별시 성북구 하월곡동,서울특별시 성북구 오패산로 10 (하월곡동),근린생활2,제2종근린생활시설,1009129318,지번
1129012500101030108,서울특별시 성북구 안암동5가,서울특별시 성북구 고려대로24가길 13-2 (안암동5가),근린생활2,제2종근린생활시설,10091100233172,지번
1129013600100901996,서울특별시 성북구 하월곡동,서울특별시 성북구 종암로32길 17 (하월곡동),근린생활1,제1종근린생활시설,1009131052,지번
1129013500100030693,서울특별시 성북구 종암동,서울특별시 성북구 종암로30길 6-1 (종암동),근린생활1,제1종근린생활시설,1009125898,지번
1129013600100840094,서울특별시 성북구 하월곡동,서울특별시 성북구 오패산로3길 149 (하월곡동),근린생활1,제1종근린생활시설,1009130161,지번
1129013600100901573,서울특별시 성북구 하월곡동,서울특별시 성북구 오패산로3가길 24 (하월곡동),근린생활1,제1종근린생활시설,1009130875,지번
1129013500100810000,서울특별시 성북구 종암동,서울특별시 성북구 종암로27길 25-4 (종암동),근린생활2,제2종근린생활시설,1009127378,지번
1129013300104090051,서울특별시 성북구 정릉동,서울특별시 성북구 보국문로 36 (정릉동),근린생활2,제2종근린생활시설,10091100248067,지번
1129013600100700205,서울특별시 성북구 하월곡동,서울특별시 성북구 오패산로 39 (하월곡동),근린생활1,제1종근린생활시설,1009129442,지번
1129013600100700205,서울특별시 성북구 하월곡동,서울특별시 성북구 오패산로 39 (하월곡동),근린생활1,제1종근린생활시설,1009131186,지번
1129013600100900121,서울특별시 성북구 하월곡동,서울특별시 성북구 종암로 174 (하월곡동),근린생활2,제2종근린생활시설,1009130585,지번
1129013900102520004,서울특별시 성북구 석관동,서울특별시 성북구 돌곶이로 59 (석관동),근린생활2,제2종근린생활시설,10091100249907,지번
1129013600100900095,서울특별시 성북구 하월곡동,서울특별시 성북구 종암로38길 6 (하월곡동),근린생활2,제2종근린생활시설,1009130568,지번
1129013600100700001,서울특별시 성북구 하월곡동,서울특별시 성북구 오패산로17길 21-19 (하월곡동),근린생활1,제1종근린생활시설,1009129346,지번
1129013800102310584,서울특별시 성북구 장위동,서울특별시 성북구 월계로 80 (장위동),근린생활1,제1종근린생활시설,1009137569,지번
1129013800102310224,서울특별시 성북구 장위동,서울특별시 성북구 장위로 10 (장위동),근린생활1,제1종근린생활시설,1009137317,지번
1129013600100700123,서울특별시 성북구 하월곡동,서울특별시 성북구 오패산로 25 (하월곡동),근린생활2,제2종근린생활시설,1009129412,지번
1129013500101240008,서울특별시 성북구 종암동,서울특별시 성북구 정릉로52길 5 (종암동),근린생활2,제2종근린생활시설,1009128056,지번
1129013600100900117,서울특별시 성북구 하월곡동,서울특별시 성북구 종암로 180-1 (하월곡동),근린생활2,제2종근린생활시설,1009130583,지번
1129012700102610004,서울특별시 성북구 보문동5가,서울특별시 성북구 보문로 63-1 (보문동5가),근린생활2,제2종근린생활시설,10091100253427,지번
1129013600100901809,서울특별시 성북구 하월곡동,서울특별시 성북구 종암로36나길 4-4 (하월곡동),근린생활1,제1종근린생활시설,1009131004,지번
1129013600100901503,서울특별시 성북구 하월곡동,서울특별시 성북구 종암로36길 41-13 (하월곡동),근린생활1,제1종근린생활시설,1009130846,지번
1129013500100030544,서울특별시 성북구 종암동,서울특별시 성북구 종암로27길 18 (종암동),근린생활1,제1종근린생활시설,1009125831,지번
1129013600100790118,서울특별시 성북구 하월곡동,서울특별시 성북구 월계로 48 (하월곡동),근린생활1,제1종근린생활시설,1009129655,지번
1129013600100900124,서울특별시 성북구 하월곡동,서울특별시 성북구 종암로 170 (하월곡동),근린생활1,제1종근린생활시설,1009130589,지번
1129013600100760005,서울특별시 성북구 하월곡동,서울특별시 성북구 오패산로 65-1 (하월곡동),근린생활1,제1종근린생활시설,1009129548,지번
1129013600100760006,서울특별시 성북구 하월곡동,서울특별시 성북구 오패산로 57 (하월곡동),근린생활1,제1종근린생활시설,1009129549,지번
1129013600100670056,서울특별시 성북구 하월곡동,서울특별시 성북구 화랑로 17 (하월곡동),근린생활2,제2종근린생활시설,1009129328,지번
1129013400100330003,서울특별시 성북구 길음동,서울특별시 성북구 도봉로 27 (길음동),근린생활2,제2종근린생활시설,1009123074,지번
1129013600100900127,서울특별시 성북구 하월곡동,서울특별시 성북구 종암로34길 3 (하월곡동),근린생활1,제1종근린생활시설,1009130590,지번
1129013600101470000,서울특별시 성북구 하월곡동,서울특별시 성북구 종암로40길 11 (하월곡동),근린생활1,제1종근린생활시설,1009131120,지번
1129013400100320000,서울특별시 성북구 길음동,서울특별시 성북구 도봉로 31-1 (길음동),근린생활1,단독주택,1009123054,지번
1129013400100320000,서울특별시 성북구 길음동,서울특별시 성북구 도봉로 31-1 (길음동),근린생활1,제1종근린생활시설,1009123055,지번
1129013500101240025,서울특별시 성북구 종암동,서울특별시 성북구 정릉로 446-1 (종암동),근린생활1,제1종근린생활시설,1009128067,지번
1129013400100320001,서울특별시 성북구 길음동,서울특별시 성북구 숭인로 72 (길음동),근린생활2,제2종근린생활시설,1009123056,지번
1129013600100900455,서울특별시 성북구 하월곡동,서울특별시 성북구 오패산로3길 3 (하월곡동),근린생활2,제2종근린생활시설,1009130640,지번
1129013500100810004,서울특별시 성북구 종암동,서울특별시 성북구 종암로21길 97 (종암동),근린생활2,제2종근린생활시설,1009127379,지번
1129013500100030556,서울특별시 성북구 종암동,서울특별시 성북구 종암로21길 81 (종암동),근린생활2,제2종근린생활시설,1009125836,지번
1129013400100330013,서울특별시 성북구 길음동,서울특별시 성북구 도봉로 25 (길음동),근린생활1,제1종근린생활시설,1009123078,지번
1129013400104890093,서울특별시 성북구 길음동,서울특별시 성북구 도봉로 7-19 (길음동),근린생활2,제2종근린생활시설,1009123292,지번
1129013600100670010,서울특별시 성북구 하월곡동,서울특별시 성북구 오패산로1길 1 (하월곡동),근린생활2,단독주택,1009129310,지번
1129013600100670010,서울특별시 성북구 하월곡동,서울특별시 성북구 오패산로 13 (하월곡동),근린생활2,제2종근린생활시설,1009129311,지번
1129013600100610001,서울특별시 성북구 하월곡동,서울특별시 성북구 오패산로10길 46 (하월곡동),근린생활2,제2종근린생활시설,1009131177,지번
1129010200101150016,서울특별시 성북구 성북동1가,서울특별시 성북구 창경궁로43길 46 (성북동1가),근린생활2,제2종근린생활시설,10091100262471,지번
1129013600100630003,서울특별시 성북구 하월곡동,서울특별시 성북구 오패산로4길 20 (하월곡동),근린생활1,제1종근린생활시설,1009129283,지번
1129013700100230107,서울특별시 성북구 상월곡동,서울특별시 성북구 화랑로 191 (상월곡동),근린생활1,제1종근린생활시설,1009131540,지번
1129013300101920270,서울특별시 성북구 정릉동,서울특별시 성북구 서경로 51 (정릉동),근린생활1,제1종근린생활시설,1009117757,지번
1129013600100590001,서울특별시 성북구 하월곡동,서울특별시 성북구 오패산로 42 (하월곡동),근린생활1,제1종근린생활시설,1009129159,지번
1129013600100640013,서울특별시 성북구 하월곡동,서울특별시 성북구 화랑로 59 (하월곡동),근린생활1,제1종근린생활시설,1009129291,지번
1129013600100510021,서울특별시 성북구 하월곡동,서울특별시 성북구 오패산로4길 35 (하월곡동),근린생활2,제2종근린생활시설,1009129124,지번
1129013600100901360,서울특별시 성북구 하월곡동,서울특별시 성북구 종암로38길 25-2 (하월곡동),근린생활1,제1종근린생활시설,1009130772,지번
1129013600100620005,서울특별시 성북구 하월곡동,서울특별시 성북구 오패산로 24 (하월곡동),근린생활1,제1종근린생활시설,1009129280,지번
1129013500100030530,서울특별시 성북구 종암동,서울특별시 성북구 종암로 118 (종암동),근린생활2,제2종근린생활시설,1009125827,지번
1129011600100760000,서울특별시 성북구 동선동1가,서울특별시 성북구 동소문로20길 41 (동선동1가),근린생활1,제1종근린생활시설,1009110150,지번
1129011700100510000,서울특별시 성북구 동선동2가,서울특별시 성북구 고려대로7길 84 (동선동2가),근린생활2,제2종근린생활시설,1009110514,지번
1129013300104880004,서울특별시 성북구 정릉동,서울특별시 성북구 아리랑로19길 46-4 (정릉동),근린생활2,제2종근린생활시설,10091100245207,지번
1129013500101120007,서울특별시 성북구 종암동,서울특별시 성북구 월곡로13길 17 (종암동),근린생활2,제2종근린생활시설,1009128005,지번
1129013600100901998,서울특별시 성북구 하월곡동,서울특별시 성북구 종암로36길 53 (하월곡동),근린생활2,제2종근린생활시설,1009131053,지번
1129013600100640004,서울특별시 성북구 하월곡동,서울특별시 성북구 화랑로5길 13 (하월곡동),근린생활2,제2종근린생활시설,1009129286,지번
1129013400105160003,서울특별시 성북구 길음동,서울특별시 성북구 동소문로 311 (길음동),근린생활1,제1종근린생활시설,1009123563,지번
1129013400105160003,서울특별시 성북구 길음동,서울특별시 성북구 동소문로 311 (길음동),근린생활1,제2종근린생활시설,1009123564,지번
1129013600100820231,서울특별시 성북구 하월곡동,서울특별시 성북구 오패산로3길 136-5 (하월곡동),판매시설,판매시설,1009130076,지번
1129013500100030692,서울특별시 성북구 종암동,서울특별시 성북구 종암로30길 6 (종암동),근린생활2,제2종근린생활시설,1009125897,지번
1129013600100760001,서울특별시 성북구 하월곡동,서울특별시 성북구 오패산로 79 (하월곡동),근린생활1,제1종근린생활시설,1009129546,지번
1129013600100710050,서울특별시 성북구 하월곡동,서울특별시 성북구 오패산로5길 9-12 (하월곡동),근린생활2,제2종근린생활시설,1009129471,지번
1129013600100790081,서울특별시 성북구 하월곡동,서울특별시 성북구 월계로12길 2 (하월곡동),근린생활2,제2종근린생활시설,1009129650,지번
1129013700100230168,서울특별시 성북구 상월곡동,서울특별시 성북구 화랑로 178 (상월곡동),근린생활2,제2종근린생활시설,1009131566,지번
1129013700100230157,서울특별시 성북구 상월곡동,서울특별시 성북구 화랑로 177-1 (상월곡동),근린생활1,제1종근린생활시설,1009131562,지번
1129013800102620001,서울특별시 성북구 장위동,서울특별시 성북구 화랑로19길 55 (장위동),근린생활2,제2종근린생활시설,1009138842,지번
1129013800100750394,서울특별시 성북구 장위동,서울특별시 성북구 장위로 121 (장위동),근린생활2,제2종근린생활시설,1009134454,지번
1129013700100230013,서울특별시 성북구 상월곡동,서울특별시 성북구 화랑로19길 66 (상월곡동),근린생활2,제2종근린생활시설,1009131489,지번
1129013800102380206,서울특별시 성북구 장위동,서울특별시 성북구 장위로 123 (장위동),근린생활1,제1종근린생활시설,1009138496,지번
1129013700100230156,서울특별시 성북구 상월곡동,서울특별시 성북구 화랑로 179 (상월곡동),근린생활1,제1종근린생활시설,1009131561,지번
1129013800102370286,서울특별시 성북구 장위동,서울특별시 성북구 장월로 138 (장위동),근린생활2,제2종근린생활시설,1009138325,지번
1129013700100240004,서울특별시 성북구 상월곡동,서울특별시 성북구 화랑로18길 25-31 (상월곡동),근린생활2,제2종근린생활시설,1009131567,지번
1129013800100680200,서울특별시 성북구 장위동,서울특별시 성북구 장월로8길 42 (장위동),근린생활2,제2종근린생활시설,1009133434,지번
1129013700100240145,서울특별시 성북구 상월곡동,서울특별시 성북구 화랑로18길 45 (상월곡동),근린생활1,제1종근린생활시설,1009131674,지번
1129013700100230143,서울특별시 성북구 상월곡동,서울특별시 성북구 화랑로 181 (상월곡동),근린생활1,제1종근린생활시설,1009131556,지번
1129013800102380207,서울특별시 성북구 장위동,서울특별시 성북구 장위로37길 8 (장위동),근린생활1,제1종근린생활시설,1009138497,지번
1129013800102380207,서울특별시 성북구 장위동,서울특별시 성북구 장위로 125 (장위동),근린생활1,제1종근린생활시설,1009138542,지번
1129013800100750156,서울특별시 성북구 장위동,서울특별시 성북구 장위로37길 3-2 (장위동),근린생활1,제1종근린생활시설,1009134378,지번
1129013800102380292,서울특별시 성북구 장위동,서울특별시 성북구 장위로 127 (장위동),근린생활2,제2종근린생활시설,1009138541,지번
1129013700100230149,서울특별시 성북구 상월곡동,서울특별시 성북구 화랑로 183 (상월곡동),근린생활1,제1종근린생활시설,1009131557,지번
1129013800102460125,서울특별시 성북구 장위동,서울특별시 성북구 장월로6길 5 (장위동),근린생활1,제1종근린생활시설,1009140037,지번
1129013600100600008,서울특별시 성북구 하월곡동,서울특별시 성북구 오패산로 40 (하월곡동),근린생활1,제1종근린생활시설,1009129168,지번
1129013500100780363,서울특별시 성북구 종암동,,근린생활2,제2종근린생활시설,1009127324,지번
1129013500100030551,서울특별시 성북구 종암동,서울특별시 성북구 종암로27길 25 (종암동),근린생활2,제2종근린생활시설,1009125833,지번
1129013800102310583,서울특별시 성북구 장위동,서울특별시 성북구 장위로 9 (장위동),근린생활1,제1종근린생활시설,1009137568,지번
1129013400100250007,서울특별시 성북구 길음동,서울특별시 성북구 도봉로 11 (길음동),근린생활2,제2종근린생활시설,1009123027,지번
1129013600100760027,서울특별시 성북구 하월곡동,서울특별시 성북구 오패산로 69 (하월곡동),근린생활1,제1종근린생활시설,1009129563,지번
1129013600100700128,서울특별시 성북구 하월곡동,서울특별시 성북구 오패산로 23 (하월곡동),근린생활2,제2종근린생활시설,1009129413,지번
1129013800100680174,서울특별시 성북구 장위동,서울특별시 성북구 화랑로19가길 8 (장위동),근린생활1,제1종근린생활시설,1009133430,지번
1129013700100230165,서울특별시 성북구 상월곡동,서울특별시 성북구 화랑로 189 (상월곡동),근린생활2,제2종근린생활시설,1009131565,지번
1129013800100680340,서울특별시 성북구 장위동,서울특별시 성북구 장월로8길 61 (장위동),근린생활2,제2종근린생활시설,1009133524,지번
1129013800102370011,서울특별시 성북구 장위동,서울특별시 성북구 장월로 136 (장위동),근린생활1,제1종근린생활시설,1009138198,지번
1129013600100900116,서울특별시 성북구 하월곡동,서울특별시 성북구 종암로 180 (하월곡동),근린생활2,제2종근린생활시설,1009130582,지번
1129013600100670037,서울특별시 성북구 하월곡동,서울특별시 성북구 오패산로 16 (하월곡동),근린생활2,제2종근린생활시설,1009129319,지번
1129013400100310001,서울특별시 성북구 길음동,서울특별시 성북구 도봉로 31 (길음동),근린생활1,제1종근린생활시설,1009123051,지번
1129013400100310001,서울특별시 성북구 길음동,서울특별시 성북구 도봉로 31 (길음동),근린생활1,제1종근린생활시설,1009123052,지번
1129013500101240026,서울특별시 성북구 종암동,서울특별시 성북구 정릉로 448 (종암동),근린생활1,제1종근린생활시설,1009128068,지번
1129013600100901688,서울특별시 성북구 하월곡동,서울특별시 성북구 종암로 188 (하월곡동),근린생활1,제1종근린생활시설,1009130951,지번
1129013900102060006,서울특별시 성북구 석관동,서울특별시 성북구 화랑로 270-14 (석관동),근린생활1,제1종근린생활시설,1009141740,지번
1129013900102270001,서울특별시 성북구 석관동,서울특별시 성북구 화랑로 270-13 (석관동),근린생활2,제2종근린생활시설,1009141785,지번
1129013900102260008,서울특별시 성북구 석관동,서울특별시 성북구 화랑로 278-18 (석관동),근린생활1,단독주택,1009141782,지번
1129013900102260008,서울특별시 성북구 석관동,서울특별시 성북구 화랑로 278-18 (석관동),근린생활1,제1종근린생활시설,1009141783,지번
1129013700100250060,서울특별시 성북구 상월곡동,서울특별시 성북구 화랑로18길 15 (상월곡동),근린생활2,제2종근린생활시설,1009131775,지번
1129013800102960036,서울특별시 성북구 장위동,서울특별시 성북구 월계로36길 15 (장위동),근린생활2,제2종근린생활시설,10091100241314,지번
1129011000100070001,서울특별시 성북구 동소문동7가,서울특별시 성북구 아리랑로5길 9 (동소문동7가),근린생활1,제1종근린생활시설,100917082,지번
1129013600100600013,서울특별시 성북구 하월곡동,서울특별시 성북구 오패산로 36 (하월곡동),근린생활2,제2종근린생활시설,1009129170,지번
1129013600100460035,서울특별시 성북구 하월곡동,서울특별시 성북구 화랑로 61 (하월곡동),근린생활2,제2종근린생활시설,1009129050,지번
1129013600100900107,서울특별시 성북구 하월곡동,서울특별시 성북구 종암로 182-1 (하월곡동),근린생활2,제2종근린생활시설,1009130578,지번
1129013700100970022,서울특별시 성북구 상월곡동,서울특별시 성북구 화랑로18길 6 (상월곡동),근린생활1,노유자시설,1009132176,지번
1129013700100970022,서울특별시 성북구 상월곡동,서울특별시 성북구 화랑로 152 (상월곡동),근린생활1,제1종근린생활시설,1009132177,지번
1129013900102020029,서울특별시 성북구 석관동,서울특별시 성북구 돌곶이로24길 10-2 (석관동),근린생활2,제2종근린생활시설,10091100238854,지번
1129012200101020000,서울특별시 성북구 안암동2가,서울특별시 성북구 고려대로13길 10-10 (안암동2가),근린생활2,제2종근린생활시설,10091100218539,지번
1129013600100880077,서울특별시 성북구 하월곡동,서울특별시 성북구 동소문로 296 (하월곡동),근린생활2,제2종근린생활시설,1009130214,지번
1129013400100330004,서울특별시 성북구 길음동,서울특별시 성북구 도봉로 23 (길음동),근린생활1,제1종근린생활시설,1009123075,지번
1129013600100760052,서울특별시 성북구 하월곡동,서울특별시 성북구 오패산로 59 (하월곡동),근린생활1,제1종근린생활시설,1009129580,지번
1129013600100901695,서울특별시 성북구 하월곡동,서울특별시 성북구 종암로 184 (하월곡동),근린생활1,제1종근린생활시설,1009130956,지번
1129013400100330006,서울특별시 성북구 길음동,서울특별시 성북구 도봉로 27-1 (길음동),근린생활1,제1종근린생활시설,1009123076,지번
1129013500100830010,서울특별시 성북구 종암동,서울특별시 성북구 종암로25길 4 (종암동),근린생활2,제2종근린생활시설,1009127483,지번
1129013800102140031,서울특별시 성북구 장위동,서울특별시 성북구 돌곶이로39길 13 (장위동),근린생활1,제1종근린생활시설,1009136421,지번
1129013800102150007,서울특별시 성북구 장위동,서울특별시 성북구 돌곶이로41길 43 (장위동),근린생활1,제1종근린생활시설,1009136461,지번
1129013600100670087,서울특별시 성북구 하월곡동,서울특별시 성북구 화랑로 37-7 (하월곡동),근린생활2,제2종근린생활시설,1009129330,지번
1129013500100800004,서울특별시 성북구 종암동,서울특별시 성북구 종암로25길 22-29 (종암동),근린생활2,제2종근린생활시설,1009127373,지번
1129013600100290141,서울특별시 성북구 하월곡동,서울특별시 성북구 화랑로9길 19-1 (하월곡동),근린생활2,제2종근린생활시설,10091100222093,지번
1129013700100290006,서울특별시 성북구 상월곡동,서울특별시 성북구 장월로2길 40 (상월곡동),근린생활1,단독주택,1009131867,지번
1129013700100290006,서울특별시 성북구 상월곡동,서울특별시 성북구 장월로2길 46 (상월곡동),근린생활1,제1종근린생활시설,1009131868,지번
1129012100100870005,서울특별시 성북구 안암동1가,서울특별시 성북구 고려대로7길 56-2 (안암동1가),근린생활1,제1종근린생활시설,1009111973,지번
1129013600100670023,서울특별시 성북구 하월곡동,서울특별시 성북구 오패산로 6-5 (하월곡동),근린생활2,제2종근린생활시설,1009129316,지번
1129011700100210000,서울특별시 성북구 동선동2가,서울특별시 성북구 보문로30라길 22 (동선동2가),근린생활2,제2종근린생활시설,10091100229455,지번
1129013600100900083,서울특별시 성북구 하월곡동,서울특별시 성북구 종암로38길 10 (하월곡동),근린생활1,제1종근린생활시설,10091100258170,지번
1129013600100500013,서울특별시 성북구 하월곡동,서울특별시 성북구 오패산로4길 32 (하월곡동),근린생활2,제2종근린생활시설,1009129116,지번
1129013600101960000,서울특별시 성북구 하월곡동,서울특별시 성북구 동소문로 324 (하월곡동),근린생활2,제2종근린생활시설,1009131133,지번
1129013400104890087,서울특별시 성북구 길음동,서울특별시 성북구 도봉로 7-6 (길음동),근린생활1,제1종근린생활시설,1009123290,지번
1129013400109380008,서울특별시 성북구 길음동,서울특별시 성북구 동소문로 301 (길음동),근린생활1,제1종근린생활시설,1009124267,지번
1129013600100770976,서울특별시 성북구 하월곡동,서울특별시 성북구 오패산로 98-23 (하월곡동),근린생활1,제1종근린생활시설,1009129621,지번
1129013400100320044,서울특별시 성북구 길음동,서울특별시 성북구 숭인로16길 4 (길음동),근린생활1,제1종근린생활시설,1009123072,지번
1129013600100900112,서울특별시 성북구 하월곡동,서울특별시 성북구 종암로 178 (하월곡동),근린생활1,제1종근린생활시설,1009130580,지번
1129013600100890007,서울특별시 성북구 하월곡동,서울특별시 성북구 동소문로 314 (하월곡동),근린생활2,제2종근린생활시설,1009130531,지번
1129013600100901558,서울특별시 성북구 하월곡동,서울특별시 성북구 오패산로3길 47 (하월곡동),근린생활2,단독주택,1009130870,지번
1129013600100901558,서울특별시 성북구 하월곡동,서울특별시 성북구 오패산로3길 47 (하월곡동),근린생활2,업무시설,1009130871,지번
1129013600100770032,서울특별시 성북구 하월곡동,서울특별시 성북구 오패산로 95 (하월곡동),근린생활1,제1종근린생활시설,1009129592,지번
1129013600100901394,서울특별시 성북구 하월곡동,서울특별시 성북구 종암로36나길 12 (하월곡동),근린생활1,제1종근린생활시설,1009130786,지번
1129013300102270178,서울특별시 성북구 정릉동,서울특별시 성북구 서경로 94 (정릉동),근린생활2,제2종근린생활시설,1009121916,지번
1129010100103300287,서울특별시 성북구 성북동,서울특별시 성북구 대사관로 21 (성북동),근린생활1,제1종근린생활시설,100913870,지번
1129013800102380205,서울특별시 성북구 장위동,서울특별시 성북구 장위로 99 (장위동),근린생활2,제2종근린생활시설,1009138495,지번
1129013500101240040,서울특별시 성북구 종암동,서울특별시 성북구 종암로21길 128 (종암동),근린생활1,제1종근린생활시설,1009128069,지번
1129013500100031237,서울특별시 성북구 종암동,서울특별시 성북구 종암로 120 (종암동),근린생활1,제1종근린생활시설,10091100204973,지번
1129013400108640018,서울특별시 성북구 길음동,서울특별시 성북구 도봉로 3 (길음동),근린생활1,제1종근린생활시설,1009124181,지번
1129013600100770217,서울특별시 성북구 하월곡동,서울특별시 성북구 오패산로 98-8 (하월곡동),근린생활2,제2종근린생활시설,1009129602,지번
1129013600100700202,서울특별시 성북구 하월곡동,서울특별시 성북구 오패산로 49 (하월곡동),근린생활2,제2종근린생활시설,1009131184,지번
1129013400105100173,서울특별시 성북구 길음동,서울특별시 성북구 동소문로 305-1 (길음동),근린생활2,제2종근린생활시설,1009123560,지번
1129013400100250002,서울특별시 성북구 길음동,서울특별시 성북구 도봉로 17 (길음동),판매영업,판매및영업시설,1009123024,지번
1129011700100230000,서울특별시 성북구 동선동2가,서울특별시 성북구 보문로30라길 20 (동선동2가),근린생활2,제2종근린생활시설,10091100233934,지번
1129013600100700224,서울특별시 성북구 하월곡동,서울특별시 성북구 오패산로 27 (하월곡동),근린생활2,제2종근린생활시설,1009129443,지번
1129013400100340006,서울특별시 성북구 길음동,서울특별시 성북구 도봉로 33 (길음동),근린생활1,제1종근린생활시설,1009123082,지번
1129013400100260070,서울특별시 성북구 길음동,서울특별시 성북구 도봉로3길 10 (길음동),근린생활1,제1종근린생활시설,1009123043,지번
1129013600100790080,서울특별시 성북구 하월곡동,서울특별시 성북구 월계로 42 (하월곡동),근린생활1,제1종근린생활시설,1009129649,지번
1129013600100670089,서울특별시 성북구 하월곡동,서울특별시 성북구 화랑로 37 (하월곡동),근린생활1,제1종근린생활시설,1009129332,지번
1129013600100760059,서울특별시 성북구 하월곡동,서울특별시 성북구 오패산로 63 (하월곡동),근린생활1,제1종근린생활시설,1009129585,지번
1129013600100760007,서울특별시 성북구 하월곡동,서울특별시 성북구 오패산로 51 (하월곡동),근린생활1,제1종근린생활시설,1009129550,지번
1129013500100030166,서울특별시 성북구 종암동,서울특별시 성북구 종암로 116 (종암동),근린생활1,제1종근린생활시설,1009125622,지번
1129013600100900076,서울특별시 성북구 하월곡동,서울특별시 성북구 종암로36길 13 (하월곡동),근린생활1,제1종근린생활시설,1009130559,지번
1129013600100770955,서울특별시 성북구 하월곡동,서울특별시 성북구 오패산로 85 (하월곡동),근린생활2,제2종근린생활시설,1009129620,지번
1129013400105180003,서울특별시 성북구 길음동,서울특별시 성북구 동소문로43길 3 (길음동),근린생활1,제1종근린생활시설,1009123576,지번
1129013800102140079,서울특별시 성북구 장위동,서울특별시 성북구 돌곶이로 197 (장위동),근린생활2,제2종근린생활시설,1009136451,지번
1129013800102140084,서울특별시 성북구 장위동,서울특별시 성북구 돌곶이로 193 (장위동),근린생활1,제1종근린생활시설,1009136455,지번
1129013800102150021,서울특별시 성북구 장위동,서울특별시 성북구 돌곶이로39길 6-1 (장위동),근린생활1,제1종근린생활시설,1009136468,지번
1129013500100030204,서울특별시 성북구 종암동,서울특별시 성북구 종암로28길 65 (종암동),근린생활1,제1종근린생활시설,1009125640,지번
1129013600100810135,서울특별시 성북구 하월곡동,서울특별시 성북구 오패산로19길 19 (하월곡동),근린생활1,제1종근린생활시설,1009129763,지번
1129013600100810222,서울특별시 성북구 하월곡동,서울특별시 성북구 오패산로19길 22 (하월곡동),근린생활1,제1종근린생활시설,1009129811,지번
1129013600100840021,서울특별시 성북구 하월곡동,서울특별시 성북구 오패산로3길 123 (하월곡동),근린생활1,제1종근린생활시설,1009130120,지번
1129013600100700054,서울특별시 성북구 하월곡동,서울특별시 성북구 오패산로13길 13-4 (하월곡동),근린생활1,제1종근린생활시설,1009129373,지번
1129013800102380170,서울특별시 성북구 장위동,서울특별시 성북구 장월로 97-1 (장위동),근린생활1,제1종근린생활시설,1009138473,지번
1129013800102380107,서울특별시 성북구 장위동,서울특별시 성북구 장월로 100 (장위동),근린생활1,제1종근린생활시설,1009138429,지번
1129013800102380400,서울특별시 성북구 장위동,서울특별시 성북구 장위로 115 (장위동),근린생활1,제1종근린생활시설,1009138598,지번
1129013800102380210,서울특별시 성북구 장위동,서울특별시 성북구 장위로 131 (장위동),근린생활1,제1종근린생활시설,1009138498,지번
1129013800100680329,서울특별시 성북구 장위동,서울특별시 성북구 장월로8길 45 (장위동),근린생활1,제1종근린생활시설,1009133517,지번
1129013600100270090,서울특별시 성북구 하월곡동,서울특별시 성북구 화랑로11길 21 (하월곡동),근린생활2,제2종근린생활시설,10091100191290,지번
1129013800102310004,서울특별시 성북구 장위동,서울특별시 성북구 장위로16길 5-25 (장위동),근린생활2,제2종근린생활시설,1009137165,지번
1129013700100850046,서울특별시 성북구 상월곡동,서울특별시 성북구 장월로1마길 42 (상월곡동),근린생활2,제2종근린생활시설,1009132160,지번
1129013600100190002,서울특별시 성북구 하월곡동,서울특별시 성북구 장월로1길 101 (하월곡동),근린생활2,제2종근린생활시설,1009128596,지번
1129013600100270131,서울특별시 성북구 하월곡동,서울특별시 성북구 오패산로4길 54 (하월곡동),근린생활1,제1종근린생활시설,1009128771,지번
1129013600100530010,서울특별시 성북구 하월곡동,서울특별시 성북구 화랑로5길 66 (하월곡동),근린생활2,제2종근린생활시설,1009129148,지번
1129013600100810085,서울특별시 성북구 하월곡동,서울특별시 성북구 오패산로17길 18 (하월곡동),근린생활2,제2종근린생활시설,1009129728,지번
1129013500100030695,서울특별시 성북구 종암동,서울특별시 성북구 종암로30길 10 (종암동),근린생활2,제2종근린생활시설,1009125900,지번
1129013500100980009,서울특별시 성북구 종암동,서울특별시 성북구 종암로22길 31 (종암동),근린생활2,제2종근린생활시설,1009127617,지번
1129013900102460012,서울특별시 성북구 석관동,서울특별시 성북구 돌곶이로22길 7 (석관동),근린생활2,제2종근린생활시설,10091100269200,지번
1129013500101240069,서울특별시 성북구 종암동,서울특별시 성북구 정릉로 454-12 (종암동),근린생활2,제2종근린생활시설,1009128094,지번
1129013500101240069,서울특별시 성북구 종암동,서울특별시 성북구 정릉로 454-10 (종암동),근린생활2,제1종근린생활시설,1009128374,지번
1129013600100820057,서울특별시 성북구 하월곡동,서울특별시 성북구 오패산로13길 30 (하월곡동),근린생활1,제1종근린생활시설,1009129986,지번
1129013600100901372,서울특별시 성북구 하월곡동,,근린생활2,제2종근린생활시설,1009130777,지번
1129013600100820062,서울특별시 성북구 하월곡동,서울특별시 성북구 오패산로13길 31 (하월곡동),근린생활1,제1종근린생활시설,1009129988,지번
1129013600100700107,서울특별시 성북구 하월곡동,서울특별시 성북구 오패산로 33 (하월곡동),근린생활1,제1종근린생활시설,1009129398,지번
1129013700100290031,서울특별시 성북구 상월곡동,서울특별시 성북구 장월로 20 (상월곡동),근린생활1,제1종근린생활시설,1009131879,지번
1129013800102250047,서울특별시 성북구 장위동,서울특별시 성북구 장위로 89 (장위동),근린생활2,제2종근린생활시설,1009136930,지번
1129013800102380101,서울특별시 성북구 장위동,서울특별시 성북구 장월로 90 (장위동),근린생활1,제1종근린생활시설,1009138424,지번
1129013600100760057,서울특별시 성북구 하월곡동,서울특별시 성북구 오패산로 63-1 (하월곡동),근린생활1,제1종근린생활시설,1009129583,지번
1129013600100901132,서울특별시 성북구 하월곡동,서울특별시 성북구 오패산로1가길 56 (하월곡동),근린생활1,제1종근린생활시설,1009130685,지번
1129013600100810294,서울특별시 성북구 하월곡동,서울특별시 성북구 오패산로19길 33 (하월곡동),근린생활1,제1종근린생활시설,1009129851,지번
1129013600100900721,서울특별시 성북구 하월곡동,서울특별시 성북구 화랑로 3 (하월곡동),근린생활1,제1종근린생활시설,1009130659,지번
1129013600100900460,서울특별시 성북구 하월곡동,서울특별시 성북구 오패산로3길 5 (하월곡동),근린생활2,제2종근린생활시설,1009130641,지번
1129013600100840010,서울특별시 성북구 하월곡동,서울특별시 성북구 월계로8길 19 (하월곡동),근린생활1,제1종근린생활시설,1009130110,지번
1129013600100830037,서울특별시 성북구 하월곡동,서울특별시 성북구 오패산로3길 118 (하월곡동),근린생활1,제1종근린생활시설,1009130083,지번
1129013600100600020,서울특별시 성북구 하월곡동,서울특별시 성북구 오패산로 34-1 (하월곡동),근린생활1,제1종근린생활시설,1009129176,지번
1129013600100600020,서울특별시 성북구 하월곡동,서울특별시 성북구 오패산로 34-1 (하월곡동),근린생활1,제1종근린생활시설,1009129266,지번
1129013600100700129,서울특별시 성북구 하월곡동,서울특별시 성북구 오패산로5길 6 (하월곡동),근린생활2,제2종근린생활시설,1009129414,지번
1129013600100460058,서울특별시 성북구 하월곡동,서울특별시 성북구 화랑로 67 (하월곡동),근린생활1,제1종근린생활시설,1009129051,지번
1129013600100460058,서울특별시 성북구 하월곡동,서울특별시 성북구 화랑로 67 (하월곡동),근린생활1,제1종근린생활시설,1009129052,지번
1129013500101030001,서울특별시 성북구 종암동,서울특별시 성북구 종암로24가길 20 (종암동),근린생활1,제1종근린생활시설,1009127786,지번
1129013600100840058,서울특별시 성북구 하월곡동,서울특별시 성북구 오패산로3길 125 (하월곡동),근린생활1,제1종근린생활시설,1009130142,지번
1129013600100520008,서울특별시 성북구 하월곡동,서울특별시 성북구 화랑로5길 54 (하월곡동),근린생활1,제1종근린생활시설,1009129131,지번
1129013800102330031,서울특별시 성북구 장위동,서울특별시 성북구 장위로 110 (장위동),근린생활2,제2종근린생활시설,1009137683,지번
1129013700100240245,서울특별시 성북구 상월곡동,서울특별시 성북구 화랑로18가길 5 (상월곡동),근린생활2,제2종근린생활시설,1009131724,지번
1129013600100170005,서울특별시 성북구 하월곡동,서울특별시 성북구 화랑로 104 (하월곡동),근린생활1,제1종근린생활시설,1009128559,지번
1129013600100270002,서울특별시 성북구 하월곡동,서울특별시 성북구 화랑로11길 37 (하월곡동),근린생활1,제1종근린생활시설,1009128712,지번
1129013600100350004,서울특별시 성북구 하월곡동,서울특별시 성북구 월곡로18길 4 (하월곡동),근린생활2,제2종근린생활시설,1009128854,지번
1129013800102310001,서울특별시 성북구 장위동,서울특별시 성북구 장위로 52 (장위동),근린생활1,제1종근린생활시설,1009137163,지번
1129013500101240047,서울특별시 성북구 종암동,서울특별시 성북구 종암로21길 116 (종암동),근린생활1,제1종근린생활시설,1009128076,지번
1129013600100900286,서울특별시 성북구 하월곡동,서울특별시 성북구 화랑로1길 25 (하월곡동),근린생활2,제2종근린생활시설,1009130639,지번
1129013600100510008,서울특별시 성북구 하월곡동,서울특별시 성북구 오패산로4길 41 (하월곡동),근린생활1,제1종근린생활시설,1009129121,지번
1129013600100960121,서울특별시 성북구 하월곡동,서울특별시 성북구 화랑로5길 36 (하월곡동),근린생활1,제1종근린생활시설,1009131071,지번
1129013600100710018,서울특별시 성북구 하월곡동,서울특별시 성북구 오패산로3길 46 (하월곡동),근린생활1,제1종근린생활시설,1009129454,지번
1129013600100810313,서울특별시 성북구 하월곡동,서울특별시 성북구 오패산로19길 37 (하월곡동),근린생활1,제1종근린생활시설,1009129862,지번
1129013600100901964,서울특별시 성북구 하월곡동,서울특별시 성북구 종암로38길 15 (하월곡동),근린생활1,제1종근린생활시설,1009131037,지번
1129013600100900043,서울특별시 성북구 하월곡동,서울특별시 성북구 종암로36길 21-13 (하월곡동),근린생활1,제1종근린생활시설,1009130543,지번
1129013600100900055,서울특별시 성북구 하월곡동,서울특별시 성북구 종암로38길 16 (하월곡동),근린생활1,제1종근린생활시설,1009130553,지번
1129010100102790001,서울특별시 성북구 성북동,서울특별시 성북구 성북로 167 (성북동),근린생활1,제1종근린생활시설,10091100236435,지번
1129011500103970000,서울특별시 성북구 삼선동5가,서울특별시 성북구 고려대로5길 83 (삼선동5가),근린생활2,제2종근린생활시설,10091100237214,지번
1129013800102310063,서울특별시 성북구 장위동,서울특별시 성북구 장위로16길 9-13 (장위동),근린생활1,제1종근린생활시설,1009137202,지번
1129013800102310025,서울특별시 성북구 장위동,서울특별시 성북구 장위로 56 (장위동),근린생활1,제1종근린생활시설,1009137175,지번
1129013800102290035,서울특별시 성북구 장위동,서울특별시 성북구 장위로 57 (장위동),근린생활1,제1종근린생활시설,1009136995,지번
1129013600100370006,서울특별시 성북구 하월곡동,서울특별시 성북구 화랑로 87 (하월곡동),근린생활1,제1종근린생활시설,1009128857,지번
1129013600100490007,서울특별시 성북구 하월곡동,서울특별시 성북구 화랑로9길 25 (하월곡동),근린생활2,제2종근린생활시설,1009129105,지번
1129013600100340044,서울특별시 성북구 하월곡동,서울특별시 성북구 월곡로 106-1 (하월곡동),근린생활1,제1종근린생활시설,1009128832,지번
1129013600100370074,서울특별시 성북구 하월곡동,서울특별시 성북구 화랑로 92 (하월곡동),근린생활2,제2종근린생활시설,1009128888,지번
1129013600100130015,서울특별시 성북구 하월곡동,서울특별시 성북구 월곡로18가길 39 (하월곡동),근린생활1,제1종근린생활시설,1009128522,지번
1129013600100170010,서울특별시 성북구 하월곡동,서울특별시 성북구 화랑로13길 10 (하월곡동),근린생활2,제2종근린생활시설,1009128561,지번
1129013600100270010,서울특별시 성북구 하월곡동,서울특별시 성북구 화랑로11길 31 (하월곡동),근린생활2,제2종근린생활시설,1009128717,지번
1129013700100290039,서울특별시 성북구 상월곡동,서울특별시 성북구 장월로2길 30 (상월곡동),근린생활2,단독주택,1009131881,지번
1129013700100290039,서울특별시 성북구 상월곡동,서울특별시 성북구 장월로2길 30 (상월곡동),근린생활2,제2종근린생활시설,1009131882,지번
1129013800102300178,서울특별시 성북구 장위동,서울특별시 성북구 장위로 47-4 (장위동),근린생활1,제1종근린생활시설,1009137119,지번
1129013800102310035,서울특별시 성북구 장위동,서울특별시 성북구 장위로 46-1 (장위동),근린생활1,제1종근린생활시설,1009137180,지번
1129013800102310062,서울특별시 성북구 장위동,서울특별시 성북구 장위로16길 5-12 (장위동),근린생활1,제1종근린생활시설,1009137201,지번
1129013800102310598,서울특별시 성북구 장위동,서울특별시 성북구 장위로16길 5-28 (장위동),근린생활1,제1종근린생활시설,1009137580,지번
1129013800102330469,서울특별시 성북구 장위동,서울특별시 성북구 장위로20길 9 (장위동),근린생활1,제1종근린생활시설,1009137981,지번
1129013600100370005,서울특별시 성북구 하월곡동,서울특별시 성북구 화랑로 88-1 (하월곡동),근린생활2,제2종근린생활시설,1009128856,지번
1129013800102370232,서울특별시 성북구 장위동,서울특별시 성북구 돌곶이로 191 (장위동),근린생활1,제1종근린생활시설,1009138305,지번
1129013800102300143,서울특별시 성북구 장위동,서울특별시 성북구 장위로 47 (장위동),근린생활1,제1종근린생활시설,1009137097,지번
1129013800102300094,서울특별시 성북구 장위동,서울특별시 성북구 장위로 43 (장위동),근린생활1,제1종근린생활시설,1009137071,지번
1129013800102310032,서울특별시 성북구 장위동,서울특별시 성북구 장위로 50-1 (장위동),근린생활1,제1종근린생활시설,1009137177,지번
1129013800102310022,서울특별시 성북구 장위동,서울특별시 성북구 장위로16길 9-15 (장위동),근린생활1,제1종근린생활시설,1009137173,지번
1129013800102290036,서울특별시 성북구 장위동,서울특별시 성북구 장위로21길 3 (장위동),근린생활1,제1종근린생활시설,1009136996,지번
1129013800102330264,서울특별시 성북구 장위동,서울특별시 성북구 장위로 60 (장위동),근린생활1,제1종근린생활시설,1009137849,지번
1129013800102290033,서울특별시 성북구 장위동,서울특별시 성북구 장위로 55 (장위동),판매시설,판매시설,1009136994,지번
1129013600100210026,서울특별시 성북구 하월곡동,서울특별시 성북구 화랑로13길 42-20 (하월곡동),근린생활2,제2종근린생활시설,1009128609,지번
1129013600100240011,서울특별시 성북구 하월곡동,서울특별시 성북구 화랑로13길 75 (하월곡동),근린생활1,제1종근린생활시설,1009128680,지번
1129013600100270062,서울특별시 성북구 하월곡동,서울특별시 성북구 화랑로11길 27 (하월곡동),근린생활1,제1종근린생활시설,1009128721,지번
1129011000100070002,서울특별시 성북구 동소문동7가,서울특별시 성북구 아리랑로5길 7 (동소문동7가),근린생활1,제1종근린생활시설,100917083,지번
1129013900103400062,서울특별시 성북구 석관동,서울특별시 성북구 화랑로24길 22-10 (석관동),근린생활2,제2종근린생활시설,1009143617,지번
1129013500100030083,서울특별시 성북구 종암동,서울특별시 성북구 종암로28길 72 (종암동),근린생활1,제1종근린생활시설,1009125570,지번
1129013600100760051,서울특별시 성북구 하월곡동,서울특별시 성북구 오패산로 61 (하월곡동),근린생활1,제1종근린생활시설,1009129579,지번
1129010300100020077,서울특별시 성북구 돈암동,서울특별시 성북구 정릉로52길 36 (돈암동),근린생활1,제1종근린생활시설,100914627,지번
1129013600100370019,서울특별시 성북구 하월곡동,서울특별시 성북구 월곡로18길 5 (하월곡동),근린생활1,제1종근린생활시설,1009128862,지번
1129013500101240061,서울특별시 성북구 종암동,서울특별시 성북구 정릉로 448-3 (종암동),근린생활1,제1종근린생활시설,1009128084,지번
1129013600100901319,서울특별시 성북구 하월곡동,서울특별시 성북구 화랑로1길 54-1 (하월곡동),근린생활1,제1종근린생활시설,1009130743,지번
1129013600100180049,서울특별시 성북구 하월곡동,서울특별시 성북구 화랑로13길 14 (하월곡동),근린생활2,제2종근린생활시설,1009128592,지번
1129013600100210088,서울특별시 성북구 하월곡동,서울특별시 성북구 화랑로13길 32 (하월곡동),근린생활2,제2종근린생활시설,1009128645,지번
1129013600100260011,서울특별시 성북구 하월곡동,서울특별시 성북구 오패산로4길 62-4 (하월곡동),근린생활1,제1종근린생활시설,1009128702,지번
1129013600100160007,서울특별시 성북구 하월곡동,서울특별시 성북구 화랑로 91 (하월곡동),근린생활1,제1종근린생활시설,1009128554,지번
1129013600100210103,서울특별시 성북구 하월곡동,서울특별시 성북구 화랑로13길 20 (하월곡동),근린생활2,제2종근린생활시설,1009128651,지번
1129013600100210078,서울특별시 성북구 하월곡동,서울특별시 성북구 화랑로13길 28 (하월곡동),근린생활,근린생활시설,1009128643,지번
1129013600100160016,서울특별시 성북구 하월곡동,서울특별시 성북구 화랑로 95 (하월곡동),근린생활2,제2종근린생활시설,1009128556,지번
1129013600100270108,서울특별시 성북구 하월곡동,서울특별시 성북구 화랑로11길 11 (하월곡동),근린생활2,제2종근린생활시설,1009128755,지번
1129013600100370093,서울특별시 성북구 하월곡동,서울특별시 성북구 화랑로 90 (하월곡동),근린생활1,제1종근린생활시설,1009128904,지번
1129013600100210077,서울특별시 성북구 하월곡동,서울특별시 성북구 화랑로13길 24 (하월곡동),근린생활2,제2종근린생활시설,1009128650,지번
1129013600100270114,서울특별시 성북구 하월곡동,서울특별시 성북구 화랑로11길 5 (하월곡동),근린생활1,제1종근린생활시설,1009128760,지번
1129013600100240001,서울특별시 성북구 하월곡동,서울특별시 성북구 화랑로5길 90 (하월곡동),근린생활2,제2종근린생활시설,1009128677,지번
1129013600100180016,서울특별시 성북구 하월곡동,서울특별시 성북구 화랑로 105 (하월곡동),근린생활2,제2종근린생활시설,1009128567,지번
1129013600100160013,서울특별시 성북구 하월곡동,서울특별시 성북구 화랑로 99 (하월곡동),근린생활1,제1종근린생활시설,1009128555,지번
1129013600100180014,서울특별시 성북구 하월곡동,서울특별시 성북구 화랑로13길 7 (하월곡동),근린생활1,제1종근린생활시설,1009128565,지번
1129013600100370015,서울특별시 성북구 하월곡동,서울특별시 성북구 화랑로 86 (하월곡동),근린생활1,제1종근린생활시설,1009131158,지번
1129013600100960089,서울특별시 성북구 하월곡동,서울특별시 성북구 화랑로5길 27 (하월곡동),근린생활1,제1종근린생활시설,1009131068,지번
1129013500100830008,서울특별시 성북구 종암동,서울특별시 성북구 종암로21길 59-3 (종암동),근린생활2,제2종근린생활시설,1009127482,지번
1129013600100200002,서울특별시 성북구 하월곡동,서울특별시 성북구 장월로1길 112 (하월곡동),근린생활1,제1종근린생활시설,1009128600,지번
1129013600100190003,서울특별시 성북구 하월곡동,서울특별시 성북구 장월로1길 107 (하월곡동),근린생활1,제1종근린생활시설,1009128597,지번
1129013600100170007,서울특별시 성북구 하월곡동,서울특별시 성북구 화랑로13길 8 (하월곡동),근린생활1,제1종근린생활시설,1009128560,지번
1129013800102460206,서울특별시 성북구 장위동,서울특별시 성북구 장월로 42 (장위동),근린생활1,제1종근린생활시설,1009138755,지번
1129013800102460089,서울특별시 성북구 장위동,서울특별시 성북구 장월로 40-17 (장위동),근린생활1,제1종근린생활시설,1009138707,지번
1129013700100250058,서울특별시 성북구 상월곡동,서울특별시 성북구 화랑로18길 21 (상월곡동),근린생활1,제1종근린생활시설,1009131774,지번
1129013600100901446,서울특별시 성북구 하월곡동,서울특별시 성북구 종암로36길 35-2 (하월곡동),근린생활1,제1종근린생활시설,1009130808,지번
1129013600100710017,서울특별시 성북구 하월곡동,서울특별시 성북구 오패산로3길 42 (하월곡동),근린생활1,제1종근린생활시설,1009129453,지번
1129013600100810138,서울특별시 성북구 하월곡동,서울특별시 성북구 오패산로19길 29 (하월곡동),근린생활1,제1종근린생활시설,1009129764,지번
1129013500100030995,서울특별시 성북구 종암동,서울특별시 성북구 종암로28길 9 (종암동),근린생활1,창고시설,1009125964,지번
1129013700100290046,서울특별시 성북구 상월곡동,서울특별시 성북구 화랑로19길 19 (상월곡동),근린생활2,제2종근린생활시설,1009131886,지번
1129013700100240151,서울특별시 성북구 상월곡동,서울특별시 성북구 화랑로18길 37 (상월곡동),근린생활1,제1종근린생활시설,1009131676,지번
1129013700100240082,서울특별시 성북구 상월곡동,서울특별시 성북구 화랑로18길 27 (상월곡동),근린생활2,제2종근린생활시설,1009131624,지번
1129013800102520035,서울특별시 성북구 장위동,서울특별시 성북구 장월로4길 27 (장위동),근린생활1,제1종근린생활시설,1009138825,지번
1129013700100270039,서울특별시 성북구 상월곡동,서울특별시 성북구 화랑로19길 34-1 (상월곡동),근린생활1,제1종근린생활시설,1009131801,지번
1129013700100270071,서울특별시 성북구 상월곡동,서울특별시 성북구 화랑로19길 20 (상월곡동),근린생활1,제1종근린생활시설,1009131816,지번
1129013700100270043,서울특별시 성북구 상월곡동,서울특별시 성북구 화랑로19길 34 (상월곡동),근린생활1,제1종근린생활시설,1009131802,지번
1129013800102250053,서울특별시 성북구 장위동,서울특별시 성북구 장위로 59 (장위동),근린생활1,제1종근린생활시설,1009136934,지번
1129013800102310066,서울특별시 성북구 장위동,서울특별시 성북구 장위로20길 18 (장위동),근린생활2,제2종근린생활시설,1009137204,지번
1129013800102310067,서울특별시 성북구 장위동,서울특별시 성북구 장위로16길 17-25 (장위동),근린생활2,제2종근린생활시설,1009137205,지번
1129013800102310034,서울특별시 성북구 장위동,서울특별시 성북구 장위로 48 (장위동),근린생활2,제2종근린생활시설,1009137179,지번
1129013800102300208,서울특별시 성북구 장위동,서울특별시 성북구 장위로11길 8 (장위동),근린생활1,제1종근린생활시설,1009137140,지번
1129013900103380611,서울특별시 성북구 석관동,서울특별시 성북구 화랑로22길 10-10 (석관동),근린생활2,제2종근린생활시설,10091100265531,지번
1129013400105310024,서울특별시 성북구 길음동,서울특별시 성북구 길음로 12 (길음동),근린생활1,제1종근린생활시설,1009123687,지번
1129013900101680060,서울특별시 성북구 석관동,서울특별시 성북구 화랑로42길 40 (석관동),근린생활2,제2종근린생활시설,10091100272831,지번
1129013800102330010,서울특별시 성북구 장위동,서울특별시 성북구 장위로 96 (장위동),근린생활1,제1종근린생활시설,1009137672,지번
1129013700100290043,서울특별시 성북구 상월곡동,서울특별시 성북구 장월로2길 28 (상월곡동),근린생활1,제1종근린생활시설,1009131883,지번
1129013800102310030,서울특별시 성북구 장위동,서울특별시 성북구 장위로16길 9-29 (장위동),근린생활2,제2종근린생활시설,1009137176,지번
1129013600100810115,서울특별시 성북구 하월곡동,서울특별시 성북구 오패산로13길 10 (하월곡동),근린생활2,제2종근린생활시설,1009129753,지번
1129013600100670094,서울특별시 성북구 하월곡동,서울특별시 성북구 화랑로 41 (하월곡동),근린생활1,제1종근린생활시설,1009129336,지번
1129013500101020001,서울특별시 성북구 종암동,서울특별시 성북구 종암로22길 34-16 (종암동),근린생활1,제1종근린생활시설,1009127760,지번
1129013900103400289,서울특별시 성북구 석관동,서울특별시 성북구 화랑로18길 73 (석관동),근린생활1,제1종근린생활시설,1009143757,지번
1129013700100280101,서울특별시 성북구 상월곡동,서울특별시 성북구 장월로 18 (상월곡동),근린생활1,제1종근린생활시설,1009131860,지번
1129013700100500001,서울특별시 성북구 상월곡동,서울특별시 성북구 장월로1길 23 (상월곡동),근린생활1,단독주택,1009131919,지번
1129013700100500001,서울특별시 성북구 상월곡동,서울특별시 성북구 장월로1길 23 (상월곡동),근린생활1,제1종근린생활시설,1009131920,지번
1129013900103380020,서울특별시 성북구 석관동,서울특별시 성북구 화랑로22가길 38 (석관동),근린생활2,제2종근린생활시설,1009144215,지번
1129013900102550002,서울특별시 성북구 석관동,서울특별시 성북구 돌곶이로 75 (석관동),근린생활2,제2종근린생활시설,1009141860,지번
1129013800102310015,서울특별시 성북구 장위동,서울특별시 성북구 장위로16길 5-15 (장위동),근린생활1,제1종근린생활시설,1009137170,지번
1129013600100730037,서울특별시 성북구 하월곡동,서울특별시 성북구 화랑로13길 92-2 (하월곡동),근린생활1,제1종근린생활시설,1009129490,지번
1129013400105180013,서울특별시 성북구 길음동,서울특별시 성북구 동소문로 295 (길음동),근린생활2,제2종근린생활시설,1009123581,지번
1129013600100400009,서울특별시 성북구 하월곡동,서울특별시 성북구 화랑로14길 96 (하월곡동),근린생활2,제2종근린생활시설,1009128953,지번
1129013600100400010,서울특별시 성북구 하월곡동,서울특별시 성북구 화랑로14길 98 (하월곡동),근린생활2,제2종근린생활시설,1009128954,지번
1129013600100210061,서울특별시 성북구 하월곡동,서울특별시 성북구 화랑로13길 38 (하월곡동),근린생활1,제1종근린생활시설,1009128633,지번
1129013600100260008,서울특별시 성북구 하월곡동,서울특별시 성북구 오패산로4길 62 (하월곡동),근린생활1,제1종근린생활시설,1009128700,지번
1129013600100210062,서울특별시 성북구 하월곡동,서울특별시 성북구 화랑로13길 36 (하월곡동),근린생활2,제2종근린생활시설,1009128634,지번
1129013600100260002,서울특별시 성북구 하월곡동,서울특별시 성북구 오패산로4길 66 (하월곡동),근린생활2,제2종근린생활시설,10091100200970,지번
1129013500100030214,서울특별시 성북구 종암동,서울특별시 성북구 종암로22길 27 (종암동),근린생활1,제1종근린생활시설,1009125647,지번
1129013800100680109,서울특별시 성북구 장위동,서울특별시 성북구 장위로40길 59 (장위동),근린생활1,제1종근린생활시설,1009133393,지번
1129013400110700011,서울특별시 성북구 길음동,서울특별시 성북구 동소문로 271-3 (길음동),근린생활1,제1종근린생활시설,1009124425,지번
1129013300102000001,서울특별시 성북구 정릉동,서울특별시 성북구 정릉로27길 61-6 (정릉동),근린생활2,제2종근린생활시설,10091100247329,지번
1129013800103050009,서울특별시 성북구 장위동,서울특별시 성북구 한천로101가길 15 (장위동),근린생활1,제1종근린생활시설,1009139195,지번
1129012800100730000,서울특별시 성북구 보문동6가,서울특별시 성북구 지봉로20길 80 (보문동6가),근린생활2,제2종근린생활시설,10091100247328,지번
1129012100100010001,서울특별시 성북구 안암동1가,서울특별시 성북구 고려대로7길 74 (안암동1가),근린생활1,제1종근린생활시설,1000000000000000067304,지번
1129013900102610258,서울특별시 성북구 석관동,서울특별시 성북구 화랑로32길 117-3 (석관동),근린생활1,제1종근린생활시설,1009142043,지번
1129013800103170000,서울특별시 성북구 장위동,서울특별시 성북구 월계로36길 27 (장위동),근린생활1,제1종근린생활시설,10091100188897,지번
1129013800103170000,서울특별시 성북구 장위동,서울특별시 성북구 월계로36길 27 (장위동),근린생활1,공동주택,10091100188911,지번
1129013800103170000,서울특별시 성북구 장위동,서울특별시 성북구 월계로36길 27 (장위동),근린생활1,공동주택,10091100188993,지번
1129013800103170000,서울특별시 성북구 장위동,서울특별시 성북구 월계로36길 27 (장위동),근린생활1,공동주택,10091100189058,지번
1129013800103170000,서울특별시 성북구 장위동,서울특별시 성북구 월계로36길 27 (장위동),근린생활1,공동주택,10091100189134,지번
1129013800103170000,서울특별시 성북구 장위동,서울특별시 성북구 월계로36길 27 (장위동),근린생활1,공동주택,10091100189202,지번
1129013800103170000,서울특별시 성북구 장위동,서울특별시 성북구 월계로36길 27 (장위동),근린생활1,공동주택,10091100189261,지번
1129013800103170000,서울특별시 성북구 장위동,서울특별시 성북구 월계로36길 27 (장위동),근린생활1,공동주택,10091100189318,지번
1129013800103170000,서울특별시 성북구 장위동,서울특별시 성북구 월계로36길 27 (장위동),근린생활1,공동주택,10091100189387,지번
1129013800103170000,서울특별시 성북구 장위동,서울특별시 성북구 월계로36길 27 (장위동),근린생활1,공동주택,10091100189462,지번
1129013800103050094,서울특별시 성북구 장위동,서울특별시 성북구 한천로101길 45 (장위동),근린생활1,제1종근린생활시설,1009139249,지번
1129013800101820011,서울특별시 성북구 장위동,서울특별시 성북구 월계로38길 59 (장위동),근린생활1,제1종근린생활시설,1009135998,지번
1129012300101030000,서울특별시 성북구 안암동3가,서울특별시 성북구 고려대로8길 73 (안암동3가),근린생활2,제2종근린생활시설,10091100245209,지번
1129013800100660312,서울특별시 성북구 장위동,서울특별시 성북구 화랑로25길 26 (장위동),근린생활1,제1종근린생활시설,1009133317,지번
1129013800102340001,서울특별시 성북구 장위동,서울특별시 성북구 장월로23길 36 (장위동),근린생활1,제1종근린생활시설,1009138117,지번
1129013600100170001,서울특별시 성북구 하월곡동,서울특별시 성북구 화랑로 103 (하월곡동),근린생활1,제1종근린생활시설,1009131153,지번
1129013600100050010,서울특별시 성북구 하월곡동,서울특별시 성북구 화랑로 129-3 (하월곡동),근린생활2,제2종근린생활시설,1009128461,지번
1129013900103380627,서울특별시 성북구 석관동,서울특별시 성북구 화랑로24길 9-9 (석관동),근린생활2,제2종근린생활시설,1009143599,지번
1129013700100460003,서울특별시 성북구 상월곡동,서울특별시 성북구 장월로1길 11 (상월곡동),근린생활2,제2종근린생활시설,1009131912,지번
1129013800102330438,서울특별시 성북구 장위동,서울특별시 성북구 장위로 106 (장위동),근린생활1,제1종근린생활시설,1009137959,지번
1129013800102330032,서울특별시 성북구 장위동,서울특별시 성북구 장위로 112 (장위동),근린생활1,제1종근린생활시설,1009137684,지번
1129013800102380200,서울특별시 성북구 장위동,서울특별시 성북구 장위로 105-1 (장위동),근린생활1,제1종근린생활시설,1009138490,지번
1129013800102330022,서울특별시 성북구 장위동,서울특별시 성북구 장위로 98-1 (장위동),근린생활1,제1종근린생활시설,1009137676,지번
1129013300102890037,서울특별시 성북구 정릉동,서울특별시 성북구 보국문로 86-3 (정릉동),근린생활2,제2종근린생활시설,1009118591,지번
1129013800102150008,서울특별시 성북구 장위동,서울특별시 성북구 돌곶이로39길 2 (장위동),근린생활1,제1종근린생활시설,1009136462,지번
1129013800102370082,서울특별시 성북구 장위동,서울특별시 성북구 돌곶이로 176 (장위동),근린생활1,제1종근린생활시설,1009138237,지번
1129013600100510005,서울특별시 성북구 하월곡동,서울특별시 성북구 오패산로4길 39 (하월곡동),근린생활2,제2종근린생활시설,1009129119,지번
1129013600100270024,서울특별시 성북구 하월곡동,서울특별시 성북구 화랑로11길 23 (하월곡동),근린생활2,제2종근린생활시설,1009128719,지번
1129013800102300091,서울특별시 성북구 장위동,서울특별시 성북구 장위로15길 16 (장위동),근린생활2,제2종근린생활시설,1009137070,지번
1129013800102310057,서울특별시 성북구 장위동,서울특별시 성북구 장위로16길 9 (장위동),근린생활2,제2종근린생활시설,1009137197,지번
1129013800102310037,서울특별시 성북구 장위동,서울특별시 성북구 장위로 44 (장위동),근린생활1,제1종근린생활시설,1009137182,지번
1129013800102310039,서울특별시 성북구 장위동,서울특별시 성북구 장위로 42 (장위동),근린생활1,제1종근린생활시설,1009137184,지번
1129013800102300175,서울특별시 성북구 장위동,서울특별시 성북구 장위로15길 3 (장위동),근린생활1,제1종근린생활시설,1009137117,지번
1129013800102310040,서울특별시 성북구 장위동,서울특별시 성북구 장위로 40 (장위동),근린생활1,제1종근린생활시설,1009137185,지번
1129013800102300193,서울특별시 성북구 장위동,서울특별시 성북구 장위로15길 10 (장위동),근린생활1,제1종근린생활시설,1009137130,지번
1129013800102990054,서울특별시 성북구 장위동,서울특별시 성북구 한천로101가길 38 (장위동),근린생활1,제1종근린생활시설,1009139173,지번
1129013800101820007,서울특별시 성북구 장위동,서울특별시 성북구 월계로38길 51 (장위동),근린생활1,제1종근린생활시설,1009135994,지번
1129013800100660111,서울특별시 성북구 장위동,서울특별시 성북구 돌곶이로27길 29-4 (장위동),근린생활1,제1종근린생활시설,1009133206,지번
1129013800102380100,서울특별시 성북구 장위동,서울특별시 성북구 장월로 88-1 (장위동),근린생활2,제2종근린생활시설,1009138423,지번
1129013800102250045,서울특별시 성북구 장위동,서울특별시 성북구 장위로 87 (장위동),근린생활2,제2종근린생활시설,1009136928,지번
1129013700100250065,서울특별시 성북구 상월곡동,서울특별시 성북구 화랑로 162-1 (상월곡동),근린생활1,제1종근린생활시설,1009131778,지번
1129013800102380377,서울특별시 성북구 장위동,서울특별시 성북구 장위로35길 30 (장위동),근린생활1,제1종근린생활시설,1009138586,지번
1129013700100260005,서울특별시 성북구 상월곡동,,근린생활2,제2종근린생활시설,1009131782,지번
1129013800100680274,서울특별시 성북구 장위동,서울특별시 성북구 장월로8가길 42 (장위동),근린생활2,제2종근린생활시설,1009133475,지번
1129013400105250162,서울특별시 성북구 길음동,서울특별시 성북구 동소문로 279 (길음동),근린생활1,제1종근린생활시설,1009123646,지번
1129013800102380425,서울특별시 성북구 장위동,서울특별시 성북구 장월로23길 5-10 (장위동),근린생활1,제1종근린생활시설,1009138612,지번
1129013800102380427,서울특별시 성북구 장위동,서울특별시 성북구 장위로31길 42-4 (장위동),근린생활2,제2종근린생활시설,1009138613,지번
1129013400110700013,서울특별시 성북구 길음동,서울특별시 성북구 동소문로 271 (길음동),근린생활1,제1종근린생활시설,1009124427,지번
1129013400105250170,서울특별시 성북구 길음동,서울특별시 성북구 동소문로 277 (길음동),근린생활2,제2종근린생활시설,1009123653,지번
1129013400105250127,서울특별시 성북구 길음동,서울특별시 성북구 동소문로 283 (길음동),근린생활1,제1종근린생활시설,1009123636,지번
1129013600100820033,서울특별시 성북구 하월곡동,서울특별시 성북구 오패산로17길 29-21 (하월곡동),근린생활1,제1종근린생활시설,1009129977,지번
1129013600100900082,서울특별시 성북구 하월곡동,서울특별시 성북구 종암로38길 12 (하월곡동),근린생활2,제2종근린생활시설,1009130560,지번
1129013500100840027,서울특별시 성북구 종암동,서울특별시 성북구 종암로21길 37-2 (종암동),근린생활1,제1종근린생활시설,1009127490,지번
1129013600100820075,서울특별시 성북구 하월곡동,서울특별시 성북구 오패산로17길 30 (하월곡동),근린생활1,제1종근린생활시설,1009129998,지번
1129013500101240022,서울특별시 성북구 종암동,서울특별시 성북구 정릉로 446 (종암동),근린생활2,제2종근린생활시설,1009128065,지번
1129013600100900750,서울특별시 성북구 하월곡동,서울특별시 성북구 종암로36나길 2 (하월곡동),근린생활2,제2종근린생활시설,1009130664,지번
1129013400105250174,서울특별시 성북구 길음동,서울특별시 성북구 동소문로 275 (길음동),근린생활1,제1종근린생활시설,1009123657,지번
1129013400110760000,서울특별시 성북구 길음동,서울특별시 성북구 동소문로 263 (길음동),근린생활1,제2종근린생활시설,1009124435,지번
1129013400110760000,서울특별시 성북구 길음동,서울특별시 성북구 동소문로 263 (길음동),근린생활1,제1종근린생활시설,1009124436,지번
1129013400110760000,서울특별시 성북구 길음동,서울특별시 성북구 삼양로 16 (길음동),근린생활1,공동주택,1009125209,지번
1129013400105240051,서울특별시 성북구 길음동,서울특별시 성북구 동소문로 287 (길음동),근린생활2,제2종근린생활시설,1009123591,지번
1129013400105250132,서울특별시 성북구 길음동,서울특별시 성북구 동소문로 279-1 (길음동),근린생활1,제1종근린생활시설,1009123640,지번
1129012500101110019,서울특별시 성북구 안암동5가,서울특별시 성북구 안암로 37 (안암동5가),근린생활2,제2종근린생활시설,10091100238374,지번
1129013400105250129,서울특별시 성북구 길음동,서울특별시 성북구 동소문로 281-2 (길음동),근린생활2,제2종근린생활시설,1009123637,지번
1129013400105250131,서울특별시 성북구 길음동,서울특별시 성북구 동소문로 281 (길음동),근린생활1,제1종근린생활시설,1009123639,지번
1129013800100750060,서울특별시 성북구 장위동,서울특별시 성북구 돌곶이로 139-1 (장위동),근린생활1,단독주택,1009134337,지번
1129013800100750060,서울특별시 성북구 장위동,서울특별시 성북구 돌곶이로 139-1 (장위동),근린생활1,제1종근린생활시설,1009134338,지번
1129011000100920000,서울특별시 성북구 동소문동7가,서울특별시 성북구 아리랑로5길 18 (동소문동7가),근린생활2,제2종근린생활시설,10091100272811,지번
1129013400105180017,서울특별시 성북구 길음동,서울특별시 성북구 동소문로43길 12 (길음동),근린생활1,제1종근린생활시설,1009123584,지번
1129013800100660197,서울특별시 성북구 장위동,서울특별시 성북구 돌곶이로25길 52 (장위동),근린생활1,제1종근린생활시설,1009133249,지번
1129013800100650145,서울특별시 성북구 장위동,서울특별시 성북구 돌곶이로25길 65 (장위동),근린생활2,제2종근린생활시설,1009133123,지번
1129013600100700003,서울특별시 성북구 하월곡동,서울특별시 성북구 오패산로 53-6 (하월곡동),근린생활1,제1종근린생활시설,1009129348,지번
1129013500100030694,서울특별시 성북구 종암동,서울특별시 성북구 종암로30길 8 (종암동),근린생활2,제2종근린생활시설,1009125899,지번
1129013600100901479,서울특별시 성북구 하월곡동,서울특별시 성북구 종암로38길 35-2 (하월곡동),근린생활1,제1종근린생활시설,1009130832,지번
1129013600100901427,서울특별시 성북구 하월곡동,서울특별시 성북구 종암로36나길 1 (하월곡동),근린생활2,제2종근린생활시설,1009130796,지번
1129013600100810204,서울특별시 성북구 하월곡동,서울특별시 성북구 오패산로19길 25 (하월곡동),근린생활1,제1종근린생활시설,1009129798,지번
1129013600100901509,서울특별시 성북구 하월곡동,서울특별시 성북구 종암로36길 21-34 (하월곡동),근린생활1,제1종근린생활시설,1009130850,지번
1129013600100710042,서울특별시 성북구 하월곡동,서울특별시 성북구 오패산로3길 56 (하월곡동),근린생활1,제1종근린생활시설,1009129467,지번
1129013800100430015,서울특별시 성북구 장위동,서울특별시 성북구 화랑로39길 20 (장위동),근린생활1,제1종근린생활시설,1009132731,지번
1129013800100750013,서울특별시 성북구 장위동,서울특별시 성북구 돌곶이로 136 (장위동),근린생활1,제1종근린생활시설,1009134320,지번
1129013800100750013,서울특별시 성북구 장위동,서울특별시 성북구 장위로43길 11-8 (장위동),근린생활1,단독주택,1009134346,지번
1129013800100660290,서울특별시 성북구 장위동,서울특별시 성북구 돌곶이로27길 52 (장위동),근린생활1,제1종근린생활시설,1009133304,지번
1129013800100740160,서울특별시 성북구 장위동,서울특별시 성북구 장위로 143 (장위동),근린생활1,제1종근린생활시설,1009134221,지번
1129013800100740139,서울특별시 성북구 장위동,서울특별시 성북구 장위로 153-1 (장위동),근린생활1,제1종근린생활시설,1009134213,지번
1129013900103380245,서울특별시 성북구 석관동,서울특별시 성북구 화랑로22가길 39 (석관동),근린생활2,제2종근린생활시설,1009143406,지번
1129013400105170005,서울특별시 성북구 길음동,서울특별시 성북구 동소문로 297 (길음동),근린생활1,제1종근린생활시설,1009123570,지번
1129013600100901448,서울특별시 성북구 하월곡동,서울특별시 성북구 종암로36길 35 (하월곡동),근린생활1,제1종근린생활시설,1009130810,지번
1129013300101920090,서울특별시 성북구 정릉동,서울특별시 성북구 서경로 37 (정릉동),근린생활1,제1종근린생활시설,10091100245747,지번
1129013800103160004,서울특별시 성북구 장위동,서울특별시 성북구 한천로101길 36 (장위동),근린생활2,제2종근린생활시설,1009140130,지번
1129013800103010000,서울특별시 성북구 장위동,서울특별시 성북구 한천로101길 59 (장위동),판매시설,판매시설,1009139187,지번
1129013800103050000,서울특별시 성북구 장위동,서울특별시 성북구 한천로101가길 5 (장위동),근린생활2,제2종근린생활시설,1009139190,지번
1129010100101760003,서울특별시 성북구 성북동,서울특별시 성북구 성북로 40-2 (성북동),근린생활2,제2종근린생활시설,10091100269201,지번
1129011600100800000,서울특별시 성북구 동선동1가,서울특별시 성북구 보문로34길 61 (동선동1가),근린생활2,제2종근린생활시설,10091100269471,지번
1129013400105250163,서울특별시 성북구 길음동,서울특별시 성북구 삼양로2길 30-26 (길음동),근린생활2,제2종근린생활시설,1009123647,지번
1129013400110700019,서울특별시 성북구 길음동,서울특별시 성북구 동소문로 269-13 (길음동),근린생활2,제2종근린생활시설,1009124429,지번
1129013400110700007,서울특별시 성북구 길음동,서울특별시 성북구 삼양로2길 12 (길음동),근린생활1,제1종근린생활시설,1009124423,지번
1129013400105170015,서울특별시 성북구 길음동,서울특별시 성북구 동소문로 309 (길음동),근린생활1,제1종근린생활시설,1009123572,지번
1129013600100100005,서울특별시 성북구 하월곡동,서울특별시 성북구 화랑로 119-10 (하월곡동),근린생활2,제2종근린생활시설,1009128477,지번
1129013400105180008,서울특별시 성북구 길음동,서울특별시 성북구 동소문로 289 (길음동),근린생활2,제2종근린생활시설,1009123578,지번
1129013800102370135,서울특별시 성북구 장위동,서울특별시 성북구 장월로 126 (장위동),근린생활1,제1종근린생활시설,1009138261,지번
1129013800102370078,서울특별시 성북구 장위동,서울특별시 성북구 장월로 128 (장위동),근린생활1,제1종근린생활시설,1009138235,지번
1129013800102370072,서울특별시 성북구 장위동,서울특별시 성북구 돌곶이로 174-1 (장위동),근린생활1,제1종근린생활시설,1009138231,지번
1129013800102370179,서울특별시 성북구 장위동,서울특별시 성북구 장월로 122 (장위동),근린생활1,제1종근린생활시설,1009138280,지번
1129013800102380131,서울특별시 성북구 장위동,서울특별시 성북구 장월로 109 (장위동),근린생활1,제1종근린생활시설,1009138447,지번
1129013800102320095,서울특별시 성북구 장위동,서울특별시 성북구 장월로21길 22-6 (장위동),근린생활1,제1종근린생활시설,1009137647,지번
1129013800100681312,서울특별시 성북구 장위동,서울특별시 성북구 화랑로19길 73 (장위동),근린생활1,제1종근린생활시설,1009134017,지번
1129013800100750566,서울특별시 성북구 장위동,서울특별시 성북구 돌곶이로 161 (장위동),근린생활1,제1종근린생활시설,1009134555,지번
1129013800100680336,서울특별시 성북구 장위동,서울특별시 성북구 장월로8길 57 (장위동),근린생활2,제2종근린생활시설,1009133522,지번
1129013600100920009,서울특별시 성북구 하월곡동,서울특별시 성북구 화랑로11길 6 (하월곡동),근린생활2,제2종근린생활시설,1009131060,지번
1129013800102300112,서울특별시 성북구 장위동,서울특별시 성북구 장위로 35 (장위동),근린생활1,제1종근린생활시설,1009137082,지번
1129013800102310381,서울특별시 성북구 장위동,서울특별시 성북구 장위로 40-1 (장위동),근린생활1,제1종근린생활시설,1009137421,지번
1129013800102310038,서울특별시 성북구 장위동,서울특별시 성북구 장위로 42-1 (장위동),근린생활1,제1종근린생활시설,1009137183,지번
1129013800102300176,서울특별시 성북구 장위동,서울특별시 성북구 장위로15길 1 (장위동),근린생활1,제1종근린생활시설,1009137118,지번
1129013400104850009,서울특별시 성북구 길음동,서울특별시 성북구 숭인로 70 (길음동),근린생활1,제1종근린생활시설,1009123188,지번
1129013500101240084,서울특별시 성북구 종암동,서울특별시 성북구 정릉로 456 (종암동),근린생활1,제1종근린생활시설,1009128098,지번
1129013600100810140,서울특별시 성북구 하월곡동,서울특별시 성북구 오패산로19길 26 (하월곡동),근린생활1,제1종근린생활시설,1009129765,지번
1129013400104850010,서울특별시 성북구 길음동,서울특별시 성북구 숭인로 68 (길음동),근린생활1,제1종근린생활시설,1009123189,지번
1129013400104850010,서울특별시 성북구 길음동,서울특별시 성북구 숭인로 68-2 (길음동),근린생활1,단독주택,1009123194,지번
1129013600100710043,서울특별시 성북구 하월곡동,서울특별시 성북구 오패산로3길 54 (하월곡동),근린생활1,제1종근린생활시설,1009129468,지번
1129013600100700067,서울특별시 성북구 하월곡동,서울특별시 성북구 오패산로13길 17 (하월곡동),근린생활1,제1종근린생활시설,1009129384,지번
1129010300100020048,서울특별시 성북구 돈암동,서울특별시 성북구 정릉로52길 51 (돈암동),근린생활2,제2종근린생활시설,100914622,지번
1129010300100020082,서울특별시 성북구 돈암동,서울특별시 성북구 정릉로52길 27 (돈암동),근린생활2,제2종근린생활시설,100914631,지번
1129013600100902008,서울특별시 성북구 하월곡동,,근린생활1,제1종근린생활시설,1009131054,지번
1129013600100901988,서울특별시 성북구 하월곡동,서울특별시 성북구 종암로32길 11 (하월곡동),근린생활1,제1종근린생활시설,1009131050,지번
1129013500100830001,서울특별시 성북구 종암동,서울특별시 성북구 종암로25길 8 (종암동),근린생활2,제2종근린생활시설,1009127477,지번
1129013500101240024,서울특별시 성북구 종암동,서울특별시 성북구 정릉로 448-12 (종암동),근린생활1,제1종근린생활시설,1009128066,지번
1129013800102310217,서울특별시 성북구 장위동,서울특별시 성북구 장위로 14 (장위동),근린생활2,제2종근린생활시설,1009137312,지번
1129013600100880500,서울특별시 성북구 하월곡동,서울특별시 성북구 동소문로46길 23 (하월곡동),근린생활1,제1종근린생활시설,1009130433,지번
1129013600100901642,서울특별시 성북구 하월곡동,서울특별시 성북구 종암로34길 6 (하월곡동),근린생활1,제1종근린생활시설,1009130928,지번
1129013600100640003,서울특별시 성북구 하월곡동,서울특별시 성북구 화랑로5길 17 (하월곡동),근린생활1,제1종근린생활시설,1009129285,지번
1129013800102460220,서울특별시 성북구 장위동,서울특별시 성북구 장월로 33 (장위동),근린생활2,제2종근린생활시설,1009138758,지번
1129013700101010002,서울특별시 성북구 상월곡동,서울특별시 성북구 장월로3길 1 (상월곡동),근린생활2,제2종근린생활시설,1009132259,지번
1129013800102330435,서울특별시 성북구 장위동,서울특별시 성북구 장월로 77 (장위동),근린생활1,제1종근린생활시설,1009137956,지번
1129013800102330235,서울특별시 성북구 장위동,서울특별시 성북구 장위로28길 2-5 (장위동),근린생활2,제2종근린생활시설,1009137828,지번
1129013800102690002,서울특별시 성북구 장위동,서울특별시 성북구 장월로 23 (장위동),근린생활1,제1종근린생활시설,1009138927,지번
1129013800100680055,서울특별시 성북구 장위동,서울특별시 성북구 장월로 76 (장위동),근린생활2,제2종근린생활시설,1009133353,지번
1129013800102330037,서울특별시 성북구 장위동,서울특별시 성북구 장월로 79 (장위동),근린생활2,제2종근린생활시설,1009137689,지번
1129012500101020066,서울특별시 성북구 안암동5가,서울특별시 성북구 고려대로24길 16 (안암동5가),근린생활2,제2종근린생활시설,1009113572,지번
1129013500100240020,서울특별시 성북구 종암동,서울특별시 성북구 북악산로29길 24 (종암동),근린생활1,제1종근린생활시설,1009126632,지번
1129012500100580003,서울특별시 성북구 안암동5가,서울특별시 성북구 고려대로 104-1 (안암동5가),근린생활2,제2종근린생활시설,1009113405,지번
1129013800102330020,서울특별시 성북구 장위동,,근린생활1,제1종근린생활시설,1009137675,지번
1129013800102330455,서울특별시 성북구 장위동,서울특별시 성북구 장위로 108 (장위동),근린생활1,제1종근린생활시설,1009137973,지번
1129013800102650013,서울특별시 성북구 장위동,서울특별시 성북구 장월로2길 1 (장위동),근린생활2,제2종근린생활시설,1009138910,지번
1129013700100460000,서울특별시 성북구 상월곡동,서울특별시 성북구 장월로1길 9 (상월곡동),근린생활1,제1종근린생활시설,1009131911,지번
1129013800100681338,서울특별시 성북구 장위동,서울특별시 성북구 장월로 74 (장위동),근린생활1,제1종근린생활시설,1009134020,지번
1129013800102520024,서울특별시 성북구 장위동,서울특별시 성북구 장월로 26-10 (장위동),근린생활2,제2종근린생활시설,1009138822,지번
1129013800102330234,서울특별시 성북구 장위동,서울특별시 성북구 장위로28길 2-1 (장위동),근린생활1,제1종근린생활시설,1009137827,지번
1129013500100100163,서울특별시 성북구 종암동,서울특별시 성북구 종암로 56 (종암동),근린생활1,제1종근린생활시설,1009126452,지번
1129013500100030090,서울특별시 성북구 종암동,서울특별시 성북구 월곡로5길 63 (종암동),근린생활1,제1종근린생활시설,1009125576,지번
1129013500100080023,서울특별시 성북구 종암동,서울특별시 성북구 월곡로 31 (종암동),근린생활2,제2종근린생활시설,1009126221,지번
1129013500100280246,서울특별시 성북구 종암동,서울특별시 성북구 월곡로10길 160 (종암동),근린생활2,제2종근린생활시설,1009126731,지번
1129012500101010041,서울특별시 성북구 안암동5가,서울특별시 성북구 고려대로 94 (안암동5가),근린생활1,제1종근린생활시설,1009113516,지번
1129013500100030089,서울특별시 성북구 종암동,서울특별시 성북구 월곡로5길 73 (종암동),근린생활2,제2종근린생활시설,1009125575,지번
1129013500100340006,서울특별시 성북구 종암동,서울특별시 성북구 종암로5길 29 (종암동),근린생활2,제2종근린생활시설,1009126881,지번
1129013500100690000,서울특별시 성북구 종암동,서울특별시 성북구 종암로19길 13 (종암동),근린생활2,제2종근린생활시설,1009127288,지번
1129013500100570039,서울특별시 성북구 종암동,서울특별시 성북구 종암로19길 93 (종암동),근린생활2,제2종근린생활시설,1009127146,지번
1129013500100700092,서울특별시 성북구 종암동,서울특별시 성북구 종암로21가길 17 (종암동),근린생활1,제1종근린생활시설,1009127295,지번
1129013500100620008,서울특별시 성북구 종암동,서울특별시 성북구 종암로19길 50 (종암동),근린생활2,제2종근린생활시설,1009127203,지번
1129013500100240015,서울특별시 성북구 종암동,서울특별시 성북구 북악산로29길 9 (종암동),근린생활2,제2종근린생활시설,1009126629,지번
1129013800100660053,서울특별시 성북구 장위동,서울특별시 성북구 돌곶이로25길 24 (장위동),근린생활1,제1종근린생활시설,1009133176,지번
1129012500101010081,서울특별시 성북구 안암동5가,서울특별시 성북구 개운사1길 23 (안암동5가),근린생활2,제2종근린생활시설,1009113537,지번
1129012500101020069,서울특별시 성북구 안암동5가,서울특별시 성북구 고려대로24길 20 (안암동5가),근린생활2,제2종근린생활시설,1009113574,지번
1129013500100310026,서울특별시 성북구 종암동,서울특별시 성북구 북악산로27길 28 (종암동),근린생활2,제2종근린생활시설,1009126811,지번
1129012500100560001,서울특별시 성북구 안암동5가,서울특별시 성북구 고려대로 103 (안암동5가),근린생활1,제1종근린생활시설,1009113403,지번
1129013500100680011,서울특별시 성북구 종암동,서울특별시 성북구 종암로19길 21 (종암동),근린생활1,제1종근린생활시설,1009127286,지번
1129012500101460018,서울특별시 성북구 안암동5가,서울특별시 성북구 고려대로 90 (안암동5가),근린생활1,제1종근린생활시설,1009113845,지번
1129012500100930015,서울특별시 성북구 안암동5가,서울특별시 성북구 고려대로28길 2 (안암동5가),근린생활1,제1종근린생활시설,1009113490,지번
1129013500100100114,서울특별시 성북구 종암동,서울특별시 성북구 종암로 80 (종암동),근린생활1,제1종근린생활시설,1009126436,지번
1129012500101460027,서울특별시 성북구 안암동5가,서울특별시 성북구 고려대로 86 (안암동5가),근린생활2,제2종근린생활시설,1009113846,지번
1129012500100590000,서울특별시 성북구 안암동5가,서울특별시 성북구 고려대로 106 (안암동5가),근린생활2,제2종근린생활시설,1009113406,지번
1129013500100880001,서울특별시 성북구 종암동,서울특별시 성북구 종암로 102 (종암동),근린생활1,제1종근린생활시설,1009127516,지번
1129013500100240019,서울특별시 성북구 종암동,서울특별시 성북구 북악산로 1057 (종암동),근린생활1,제1종근린생활시설,1009126631,지번
1129013500100310041,서울특별시 성북구 종암동,서울특별시 성북구 종암로3길 29-12 (종암동),근린생활2,제2종근린생활시설,1009126826,지번
1129013500100310039,서울특별시 성북구 종암동,서울특별시 성북구 종암로3길 29-10 (종암동),근린생활2,제2종근린생활시설,1009126824,지번
1129013500100310031,서울특별시 성북구 종암동,서울특별시 성북구 종암로3길 37-14 (종암동),근린생활2,제2종근린생활시설,1009126816,지번
1129012500101020004,서울특별시 성북구 안암동5가,서울특별시 성북구 고려대로24길 3-42 (안암동5가),근린생활2,단독주택,1009113543,지번
1129012500101020004,서울특별시 성북구 안암동5가,서울특별시 성북구 고려대로24길 3-42 (안암동5가),근린생활2,제2종근린생활시설,1009113544,지번
1129013500100170004,서울특별시 성북구 종암동,서울특별시 성북구 종암로 73 (종암동),근린생활2,제2종근린생활시설,1009126561,지번
1129013500100160015,서울특별시 성북구 종암동,서울특별시 성북구 종암로 92 (종암동),근린생활1,제1종근린생활시설,1009126548,지번
1129013500100030395,서울특별시 성북구 종암동,서울특별시 성북구 종암로 108 (종암동),근린생활1,제1종근린생활시설,1009125767,지번
1129013900100650014,서울특별시 성북구 석관동,서울특별시 성북구 돌곶이로14길 59 (석관동),근린생활1,제1종근린생활시설,1009140591,지번
1129013900101820044,서울특별시 성북구 석관동,서울특별시 성북구 한천로 578 (석관동),근린생활1,제1종근린생활시설,1009141463,지번
1129013900102480013,서울특별시 성북구 석관동,서울특별시 성북구 돌곶이로 68 (석관동),근린생활2,제2종근린생활시설,1009141837,지번
1129013800100660172,서울특별시 성북구 장위동,서울특별시 성북구 돌곶이로27길 39-2 (장위동),근린생활1,제1종근린생활시설,1009133234,지번
1129013500100250063,서울특별시 성북구 종암동,서울특별시 성북구 종암로3길 3 (종암동),근린생활1,제1종근린생활시설,1009126653,지번
1129013500100690005,서울특별시 성북구 종암동,서울특별시 성북구 종암로19길 17 (종암동),근린생활1,제1종근린생활시설,1009127289,지번
1129013500100650017,서울특별시 성북구 종암동,서울특별시 성북구 종암로19길 42 (종암동),근린생활1,제1종근린생활시설,1009127259,지번
1129013500100660013,서울특별시 성북구 종암동,서울특별시 성북구 종암로 85 (종암동),근린생활2,제2종근린생활시설,1009127266,지번
1129013500100880010,서울특별시 성북구 종암동,서울특별시 성북구 종암로 98-7 (종암동),근린생활2,제2종근린생활시설,1009127520,지번
1129013500100620014,서울특별시 성북구 종암동,서울특별시 성북구 종암로19길 62 (종암동),근린생활1,제1종근린생활시설,1009127209,지번
1129012500101020077,서울특별시 성북구 안암동5가,서울특별시 성북구 고려대로24길 8 (안암동5가),근린생활2,제2종근린생활시설,1009113579,지번
1129013500100660006,서울특별시 성북구 종암동,서울특별시 성북구 종암로 83 (종암동),근린생활1,제1종근린생활시설,1009127264,지번
1129012500101010072,서울특별시 성북구 안암동5가,서울특별시 성북구 고려대로 85 (안암동5가),근린생활1,제1종근린생활시설,1009113530,지번
1129012500101460031,서울특별시 성북구 안암동5가,서울특별시 성북구 고려대로 84 (안암동5가),근린생활1,제1종근린생활시설,1009113848,지번
1129013500100030328,서울특별시 성북구 종암동,서울특별시 성북구 월곡로5길 34 (종암동),근린생활2,제2종근린생활시설,1009125729,지번
1129013500100100134,서울특별시 성북구 종암동,서울특별시 성북구 종암로 66 (종암동),근린생활1,제1종근린생활시설,1009126442,지번
1129013500100230060,서울특별시 성북구 종암동,서울특별시 성북구 북악산로 1061 (종암동),근린생활2,제2종근린생활시설,1009126611,지번
1129013900103400177,서울특별시 성북구 석관동,서울특별시 성북구 화랑로32길 31 (석관동),근린생활1,제1종근린생활시설,1009143690,지번
1129012500101020064,서울특별시 성북구 안암동5가,서울특별시 성북구 고려대로24길 14 (안암동5가),근린생활2,제2종근린생활시설,1009113571,지번
1129013800100760168,서울특별시 성북구 장위동,서울특별시 성북구 돌곶이로 168 (장위동),근린생활2,제1종근린생활시설,1009134683,지번
1129013800100760168,서울특별시 성북구 장위동,서울특별시 성북구 돌곶이로 168 (장위동),근린생활2,제1종근린생활시설,1009134684,지번
1129013500100230059,서울특별시 성북구 종암동,서울특별시 성북구 북악산로 1059 (종암동),근린생활2,제2종근린생활시설,1009126610,지번
1129013500100310056,서울특별시 성북구 종암동,서울특별시 성북구 종암로3길 29-9 (종암동),근린생활2,제2종근린생활시설,1009126840,지번
1129013500100310046,서울특별시 성북구 종암동,서울특별시 성북구 북악산로27길 14 (종암동),근린생활2,제2종근린생활시설,1009126831,지번
1129013500100680005,서울특별시 성북구 종암동,서울특별시 성북구 종암로19길 25 (종암동),근린생활1,제1종근린생활시설,1009127284,지번
1129013500100310058,서울특별시 성북구 종암동,서울특별시 성북구 북악산로29길 7 (종암동),근린생활2,제2종근린생활시설,1009126841,지번
1129013500100030085,서울특별시 성북구 종암동,서울특별시 성북구 종암로22길 4 (종암동),근린생활1,제1종근린생활시설,1009125571,지번
1129013500100450079,서울특별시 성북구 종암동,서울특별시 성북구 종암로13길 16-10 (종암동),근린생활2,제2종근린생활시설,1009126955,지번
1129013900100850013,서울특별시 성북구 석관동,서울특별시 성북구 한천로 536 (석관동),근린생활1,제1종근린생활시설,1009140834,지번
1129013500100030329,서울특별시 성북구 종암동,서울특별시 성북구 월곡로5길 32 (종암동),근린생활1,제1종근린생활시설,1009125730,지번
1129012500101340094,서울특별시 성북구 안암동5가,서울특별시 성북구 안암로 61-6 (안암동5가),근린생활1,제1종근린생활시설,1009113819,지번
1129012500101010050,서울특별시 성북구 안암동5가,서울특별시 성북구 고려대로 92-1 (안암동5가),근린생활1,제1종근린생활시설,1009113522,지번
1129012500101040119,서울특별시 성북구 안암동5가,서울특별시 성북구 안암로 77 (안암동5가),근린생활1,제1종근린생활시설,1009113707,지번
1129013500100850007,서울특별시 성북구 종암동,서울특별시 성북구 종암로21길 17 (종암동),근린생활2,제2종근린생활시설,1009127502,지번
1129013500100100028,서울특별시 성북구 종암동,서울특별시 성북구 종암로 82 (종암동),근린생활2,제2종근린생활시설,1009126390,지번
1129013900102740012,서울특별시 성북구 석관동,서울특별시 성북구 돌곶이로22가길 12 (석관동),근린생활2,제2종근린생활시설,1009142174,지번
1129013800100750111,서울특별시 성북구 장위동,서울특별시 성북구 돌곶이로 143 (장위동),근린생활1,제1종근린생활시설,1009134359,지번
1129013700100070111,서울특별시 성북구 상월곡동,서울특별시 성북구 화랑로21가길 61 (상월곡동),근린생활1,제1종근린생활시설,1009131412,지번
1129013900100850018,서울특별시 성북구 석관동,서울특별시 성북구 한천로68길 5 (석관동),근린생활1,제1종근린생활시설,1009140837,지번
1129013900102450010,서울특별시 성북구 석관동,서울특별시 성북구 돌곶이로 76-1 (석관동),근린생활1,제1종근린생활시설,1009141822,지번
1129013900102520005,서울특별시 성북구 석관동,서울특별시 성북구 돌곶이로 61 (석관동),근린생활2,제2종근린생활시설,1009144078,지번
1129013900102500009,서울특별시 성북구 석관동,서울특별시 성북구 돌곶이로 62 (석관동),근린생활1,제1종근린생활시설,1009141846,지번
1129013900102480024,서울특별시 성북구 석관동,서울특별시 성북구 돌곶이로 66 (석관동),근린생활1,제1종근린생활시설,1009141843,지번
1129013900100630003,서울특별시 성북구 석관동,서울특별시 성북구 한천로69길 22 (석관동),근린생활1,제1종근린생활시설,1009140540,지번
1129013900100840023,서울특별시 성북구 석관동,서울특별시 성북구 한천로68길 15 (석관동),근린생활1,제1종근린생활시설,1009140826,지번
1129013900100900003,서울특별시 성북구 석관동,서울특별시 성북구 한천로 531 (석관동),근린생활2,제2종근린생활시설,1009140851,지번
1129012500101010082,서울특별시 성북구 안암동5가,서울특별시 성북구 개운사1길 29 (안암동5가),근린생활1,제1종근린생활시설,1009113538,지번
1129012500100150031,서울특별시 성북구 안암동5가,서울특별시 성북구 개운사길 22-4 (안암동5가),근린생활1,제1종근린생활시설,1009113347,지번
1129013500100280021,서울특별시 성북구 종암동,서울특별시 성북구 회기로 9-11 (종암동),근린생활2,제2종근린생활시설,1009126681,지번
1129013900103410091,서울특별시 성북구 석관동,서울특별시 성북구 화랑로 188 (석관동),근린생활1,제1종근린생활시설,1009143909,지번
1129013700100070137,서울특별시 성북구 상월곡동,서울특별시 성북구 화랑로 195-1 (상월곡동),근린생활1,제1종근린생활시설,1009131426,지번
1129013800100470002,서울특별시 성북구 장위동,서울특별시 성북구 화랑로39길 12 (장위동),근린생활1,제1종근린생활시설,1009132742,지번
1129013800100080006,서울특별시 성북구 장위동,서울특별시 성북구 화랑로 299 (장위동),근린생활2,공동주택,10091100252447,본번
1129013900102610243,서울특별시 성북구 석관동,서울특별시 성북구 화랑로32길 129 (석관동),근린생활2,제2종근린생활시설,1009142034,지번
1129013500100530005,서울특별시 성북구 종암동,서울특별시 성북구 종암로19길 43 (종암동),근린생활1,제1종근린생활시설,1009127051,지번
1129013500100530005,서울특별시 성북구 종암동,서울특별시 성북구 종암로19길 43 (종암동),근린생활1,단독주택,1009127052,지번
1129013500100530005,서울특별시 성북구 종암동,서울특별시 성북구 종암로19길 43 (종암동),근린생활1,단독주택,1009127053,지번
1129013500100280043,서울특별시 성북구 종암동,서울특별시 성북구 회기로3가길 1-11 (종암동),근린생활2,제2종근린생활시설,1009126701,지번
1129012500101360008,서울특별시 성북구 안암동5가,서울특별시 성북구 안암로9가길 87-6 (안암동5가),근린생활2,제2종근린생활시설,1009113827,지번
1129013900103400172,서울특별시 성북구 석관동,서울특별시 성북구 화랑로32길 47 (석관동),근린생활1,제1종근린생활시설,1009143689,지번
1129013600100180031,서울특별시 성북구 하월곡동,서울특별시 성북구 화랑로 111 (하월곡동),근린생활1,제1종근린생활시설,1009128579,지번
1129013700100730001,서울특별시 성북구 상월곡동,서울특별시 성북구 장월로1길 90 (상월곡동),근린생활1,제1종근린생활시설,1009132098,지번
1129013700100730001,서울특별시 성북구 상월곡동,서울특별시 성북구 장월로1길 90 (상월곡동),근린생활1,제1종근린생활시설,1009132099,지번
1129013600100350005,서울특별시 성북구 하월곡동,서울특별시 성북구 월곡로 108 (하월곡동),근린생활1,제1종근린생활시설,1009128855,지번
1129013800102370310,서울특별시 성북구 장위동,서울특별시 성북구 장월로24길 10 (장위동),근린생활1,제1종근린생활시설,1009138338,지번
1129013800102340021,서울특별시 성북구 장위동,서울특별시 성북구 장위로21다길 74 (장위동),근린생활1,제1종근린생활시설,1009138126,지번
1129013800102340020,서울특별시 성북구 장위동,서울특별시 성북구 장위로21다길 76 (장위동),근린생활1,제1종근린생활시설,1009138125,지번
1129013800102370278,서울특별시 성북구 장위동,서울특별시 성북구 장월로 117-1 (장위동),근린생활1,제1종근린생활시설,1009138323,지번
1129013300103930001,서울특별시 성북구 정릉동,서울특별시 성북구 솔샘로6길 59 (정릉동),근린생활1,제1종근린생활시설,1009119046,지번
1129013800102160020,서울특별시 성북구 장위동,서울특별시 성북구 돌곶이로41길 39 (장위동),근린생활1,제1종근린생활시설,1009136488,지번
1129013600100270099,서울특별시 성북구 하월곡동,서울특별시 성북구 화랑로11길 17 (하월곡동),근린생활1,제1종근린생활시설,1009128747,지번
1129013600100340009,서울특별시 성북구 하월곡동,서울특별시 성북구 월곡로14길 11 (하월곡동),근린생활2,제2종근린생활시설,1009128821,지번
1129013600100340009,서울특별시 성북구 하월곡동,서울특별시 성북구 월곡로14길 11 (하월곡동),근린생활2,단독주택,1009128822,지번
1129013800102310447,서울특별시 성북구 장위동,서울특별시 성북구 장위로16길 49 (장위동),근린생활1,제1종근린생활시설,1009137467,지번
1129013800102310086,서울특별시 성북구 장위동,서울특별시 성북구 장위로16길 20 (장위동),근린생활1,제1종근린생활시설,1009137220,지번
1129013800102310087,서울특별시 성북구 장위동,서울특별시 성북구 장위로16길 21 (장위동),근린생활1,제1종근린생활시설,1009137221,지번
1129013800102300174,서울특별시 성북구 장위동,서울특별시 성북구 장위로 39 (장위동),근린생활2,제2종근린생활시설,1009137116,지번
1129013800102310590,서울특별시 성북구 장위동,서울특별시 성북구 장위로 38 (장위동),근린생활2,제2종근린생활시설,1009137574,지번
1129013800102310056,서울특별시 성북구 장위동,서울특별시 성북구 장위로16길 7 (장위동),근린생활1,제1종근린생활시설,1009137196,지번
1129013800102300095,서울특별시 성북구 장위동,서울특별시 성북구 장위로15길 6 (장위동),근린생활1,제1종근린생활시설,1009137072,지번
1129013800102310616,서울특별시 성북구 장위동,서울특별시 성북구 장위로4길 78 (장위동),근린생활1,제1종근린생활시설,1009137584,지번
1129013600100100046,서울특별시 성북구 하월곡동,서울특별시 성북구 화랑로 125 (하월곡동),근린생활1,제1종근린생활시설,1009128498,지번
1129013700100570005,서울특별시 성북구 상월곡동,서울특별시 성북구 장월로1길 69 (상월곡동),근린생활1,제1종근린생활시설,1009132217,지번
1129013600100090000,서울특별시 성북구 하월곡동,서울특별시 성북구 장월로1길 87 (하월곡동),근린생활2,제2종근린생활시설,1009128476,지번
1129013600100530006,서울특별시 성북구 하월곡동,서울특별시 성북구 화랑로5길 66-3 (하월곡동),근린생활1,제1종근린생활시설,1009129145,지번
1129013800102330040,서울특별시 성북구 장위동,서울특별시 성북구 장월로 73 (장위동),근린생활1,제1종근린생활시설,1009137691,지번
1129013800102460176,서울특별시 성북구 장위동,서울특별시 성북구 장월로 39 (장위동),근린생활1,제1종근린생활시설,1009138744,지번
1129013800102460279,서울특별시 성북구 장위동,서울특별시 성북구 장월로 50 (장위동),근린생활2,제2종근린생활시설,1009138761,지번
1129013600100700045,서울특별시 성북구 하월곡동,서울특별시 성북구 오패산로5길 60 (하월곡동),근린생활2,제2종근린생활시설,1009129370,지번
1129013600100700024,서울특별시 성북구 하월곡동,서울특별시 성북구 오패산로13길 19-1 (하월곡동),근린생활2,제2종근린생활시설,1009129353,지번
1129013600100820228,서울특별시 성북구 하월곡동,,근린생활1,제1종근린생활시설,1009130074,지번
1129013600100820228,서울특별시 성북구 하월곡동,,근린생활1,단독주택,1009130075,지번
1129013600100700030,서울특별시 성북구 하월곡동,서울특별시 성북구 오패산로13길 22 (하월곡동),근린생활1,제1종근린생활시설,1009129359,지번
1129013600100901129,서울특별시 성북구 하월곡동,서울특별시 성북구 오패산로1길 9 (하월곡동),근린생활2,제2종근린생활시설,1009130681,지번
1129013600100810092,서울특별시 성북구 하월곡동,서울특별시 성북구 오패산로17길 12 (하월곡동),근린생활1,제1종근린생활시설,1009129733,지번
1129013600100810112,서울특별시 성북구 하월곡동,서울특별시 성북구 오패산로13길 12 (하월곡동),근린생활1,제1종근린생활시설,1009129751,지번
1129013600100960170,서울특별시 성북구 하월곡동,서울특별시 성북구 화랑로5길 23 (하월곡동),근린생활1,제1종근린생활시설,1009131075,지번
1129013700100260016,서울특별시 성북구 상월곡동,서울특별시 성북구 화랑로 164 (상월곡동),근린생활2,제2종근린생활시설,1009131784,지번
1129013800102380171,서울특별시 성북구 장위동,서울특별시 성북구 장월로 95 (장위동),근린생활1,제1종근린생활시설,1009138474,지번
1129013800102250048,서울특별시 성북구 장위동,서울특별시 성북구 장위로 89-1 (장위동),근린생활1,제1종근린생활시설,1009136931,지번
1129013800100681350,서울특별시 성북구 장위동,서울특별시 성북구 장월로 66 (장위동),근린생활1,제1종근린생활시설,1009133879,지번
1129013800100680920,서울특별시 성북구 장위동,서울특별시 성북구 장월로 60-1 (장위동),근린생활2,제2종근린생활시설,1009133785,지번
1129012500101020035,서울특별시 성북구 안암동5가,서울특별시 성북구 고려대로26길 42-15 (안암동5가),근린생활2,제2종근린생활시설,1000000000000002338194,지번
1129013600100840012,서울특별시 성북구 하월곡동,서울특별시 성북구 오패산로3길 139 (하월곡동),근린생활1,제1종근린생활시설,1009130111,지번
1129013400100320015,서울특별시 성북구 길음동,서울특별시 성북구 숭인로16길 14 (길음동),근린생활2,제2종근린생활시설,1009123062,지번
1129013600100800027,서울특별시 성북구 하월곡동,서울특별시 성북구 오패산로21길 8 (하월곡동),근린생활1,제1종근린생활시설,1009129669,지번
1129013400100320009,서울특별시 성북구 길음동,,근린생활2,제2종근린생활시설,1009123058,지번
1129013400100320009,서울특별시 성북구 길음동,,근린생활2,단독주택,1009123059,지번
1129013500100830023,서울특별시 성북구 종암동,서울특별시 성북구 종암로25길 3 (종암동),근린생활2,제2종근린생활시설,1009127488,지번
1129013600100700059,서울특별시 성북구 하월곡동,서울특별시 성북구 오패산로13길 15 (하월곡동),근린생활2,제2종근린생활시설,1009129377,지번
1129013600100700057,서울특별시 성북구 하월곡동,서울특별시 성북구 오패산로13길 16 (하월곡동),근린생활1,제1종근린생활시설,1009129376,지번
1129013600100750016,서울특별시 성북구 하월곡동,서울특별시 성북구 오패산로17길 11 (하월곡동),근린생활1,제1종근린생활시설,1009129530,지번
1129013600100830055,서울특별시 성북구 하월곡동,서울특별시 성북구 오패산로3길 122 (하월곡동),근린생활2,제2종근린생활시설,1009130093,지번
1129013600100810118,서울특별시 성북구 하월곡동,서울특별시 성북구 오패산로13길 7 (하월곡동),근린생활2,제2종근린생활시설,1009129755,지번
1129013500101030005,서울특별시 성북구 종암동,서울특별시 성북구 종암로24가길 16 (종암동),근린생활1,제1종근린생활시설,1009127790,지번
1129013600100620004,서울특별시 성북구 하월곡동,서울특별시 성북구 오패산로 22 (하월곡동),근린생활2,제2종근린생활시설,1009129279,지번
1129013600100840051,서울특별시 성북구 하월곡동,서울특별시 성북구 오패산로3길 135 (하월곡동),근린생활1,제1종근린생활시설,1009130140,지번
1129013600100810308,서울특별시 성북구 하월곡동,서울특별시 성북구 오패산로19길 42 (하월곡동),근린생활1,제1종근린생활시설,1009129860,지번
1129013800100660089,서울특별시 성북구 장위동,서울특별시 성북구 돌곶이로25길 32-10 (장위동),근린생활1,제1종근린생활시설,1009133192,지번
1129013800100540020,서울특별시 성북구 장위동,서울특별시 성북구 돌곶이로28길 61 (장위동),근린생활2,제2종근린생활시설,1009132799,지번
1129013800103050002,서울특별시 성북구 장위동,서울특별시 성북구 한천로101길 51 (장위동),근린생활1,제1종근린생활시설,1009139191,지번
1129013800102330079,서울특별시 성북구 장위동,서울특별시 성북구 장위로28길 41 (장위동),근린생활1,제1종근린생활시설,1009137716,지번
1129013600101780000,서울특별시 성북구 하월곡동,서울특별시 성북구 월계로 6-1 (하월곡동),근린생활2,제2종근린생활시설,1009131129,지번
1129013500101240046,서울특별시 성북구 종암동,서울특별시 성북구 정릉로 448-17 (종암동),근린생활2,제2종근린생활시설,1009128075,지번
1129013800102310206,서울특별시 성북구 장위동,서울특별시 성북구 장위로 24 (장위동),근린생활2,제2종근린생활시설,1009137304,지번
1129013800102310546,서울특별시 성북구 장위동,서울특별시 성북구 장위로 15 (장위동),근린생활1,제1종근린생활시설,1009137546,지번
1129013600100340002,서울특별시 성북구 하월곡동,서울특별시 성북구 월곡로14길 7 (하월곡동),근린생활2,제2종근린생활시설,1009128817,지번
1129013600100340011,서울특별시 성북구 하월곡동,서울특별시 성북구 월곡로14길 13 (하월곡동),근린생활1,제1종근린생활시설,1009128824,지번
1129013700100750039,서울특별시 성북구 상월곡동,서울특별시 성북구 장월로1길 96 (상월곡동),근린생활2,제2종근린생활시설,1009132118,지번
1129013600100340063,서울특별시 성북구 하월곡동,서울특별시 성북구 월곡로 104 (하월곡동),근린생활2,제2종근린생활시설,1009128849,지번
1129013800100680904,서울특별시 성북구 장위동,서울특별시 성북구 장월로 61 (장위동),근린생활1,제1종근린생활시설,1009133772,지번
1129013600100100083,서울특별시 성북구 하월곡동,서울특별시 성북구 화랑로 121 (하월곡동),근린생활2,제2종근린생활시설,1009128510,지번
1129013800102330260,서울특별시 성북구 장위동,서울특별시 성북구 장위로 68 (장위동),근린생활1,제1종근린생활시설,1009137846,지번
1129012300101090015,서울특별시 성북구 안암동3가,서울특별시 성북구 고려대로10길 70 (안암동3가),근린생활2,제2종근린생활시설,1000000000000000916679,지번
1129013600100670022,서울특별시 성북구 하월곡동,서울특별시 성북구 오패산로 6-9 (하월곡동),근린생활2,제2종근린생활시설,1009129315,지번
1129013800102380117,서울특별시 성북구 장위동,서울특별시 성북구 장월로 104 (장위동),근린생활1,제1종근린생활시설,1009138437,지번
1129013700100270052,서울특별시 성북구 상월곡동,서울특별시 성북구 화랑로19길 30 (상월곡동),근린생활2,제2종근린생활시설,1009131807,지번
1129013700100230038,서울특별시 성북구 상월곡동,서울특별시 성북구 화랑로 173 (상월곡동),근린생활1,제1종근린생활시설,1009131493,지번
1129013700100240194,서울특별시 성북구 상월곡동,서울특별시 성북구 화랑로18가길 21 (상월곡동),근린생활2,제2종근린생활시설,1009131694,지번
1129013700100250043,서울특별시 성북구 상월곡동,서울특별시 성북구 화랑로18나길 9-2 (상월곡동),근린생활1,제1종근린생활시설,1009131765,지번
1129013800102990041,서울특별시 성북구 장위동,서울특별시 성북구 한천로99길 58-22 (장위동),근린생활1,제1종근린생활시설,1009139165,지번
1129013600100770221,서울특별시 성북구 하월곡동,서울특별시 성북구 오패산로 98 (하월곡동),근린생활1,제1종근린생활시설,10091100183264,지번
1129013600101310000,서울특별시 성북구 하월곡동,서울특별시 성북구 월계로 4 (하월곡동),근린생활1,제1종근린생활시설,1009131109,지번
1129013700100720000,서울특별시 성북구 상월곡동,서울특별시 성북구 장월로1길 84 (상월곡동),근린생활2,제2종근린생활시설,1009132096,지번
1129013800102330592,서울특별시 성북구 장위동,서울특별시 성북구 장위로 78-1 (장위동),근린생활1,제1종근린생활시설,1009138070,지번
1129013600100520031,서울특별시 성북구 하월곡동,서울특별시 성북구 오패산로4길 47 (하월곡동),근린생활1,제1종근린생활시설,1009129138,지번
1129013600100480072,서울특별시 성북구 하월곡동,서울특별시 성북구 화랑로 71 (하월곡동),근린생활2,제2종근린생활시설,1009129103,지번
1129013600100060002,서울특별시 성북구 하월곡동,서울특별시 성북구 장월로1길 79 (하월곡동),근린생활2,제2종근린생활시설,1009128469,지번
1129013600100060002,서울특별시 성북구 하월곡동,서울특별시 성북구 장월로1길 79 (하월곡동),근린생활2,단독주택,1009128470,지번
1129013800102330658,서울특별시 성북구 장위동,서울특별시 성북구 장위로 70 (장위동),근린생활1,제1종근린생활시설,1009138109,지번
1129013500100030598,서울특별시 성북구 종암동,서울특별시 성북구 종암로 126-10 (종암동),근린생활2,제2종근린생활시설,1009125853,지번
1129013400100210079,서울특별시 성북구 길음동,서울특별시 성북구 동소문로 321 (길음동),근린생활1,제1종근린생활시설,1009122964,지번
1129013500101240050,서울특별시 성북구 종암동,서울특별시 성북구 종암로21길 124 (종암동),근린생활2,제2종근린생활시설,1009128077,지번
1129013500100820056,서울특별시 성북구 종암동,서울특별시 성북구 종암로21길 63 (종암동),근린생활1,제1종근린생활시설,1009127475,지번
1129013500100031113,서울특별시 성북구 종암동,서울특별시 성북구 종암로21길 81-4 (종암동),근린생활1,제1종근린생활시설,1009125987,지번
1129013800102340044,서울특별시 성북구 장위동,서울특별시 성북구 장월로23길 25-2 (장위동),근린생활1,제1종근린생활시설,1009138145,지번
1129013600100901692,서울특별시 성북구 하월곡동,서울특별시 성북구 종암로38길 9 (하월곡동),근린생활2,제2종근린생활시설,10091100185484,지번
1129013600100620001,서울특별시 성북구 하월곡동,서울특별시 성북구 오패산로4길 17 (하월곡동),근린생활1,제1종근린생활시설,10091100190035,지번
1129013600100901378,서울특별시 성북구 하월곡동,,근린생활1,제1종근린생활시설,1009130778,지번
1129013800102380458,서울특별시 성북구 장위동,서울특별시 성북구 장월로 114 (장위동),근린생활1,제1종근린생활시설,1009138630,지번
1129013800102370077,서울특별시 성북구 장위동,서울특별시 성북구 장월로 130 (장위동),근린생활1,제1종근린생활시설,1009138234,지번
1129013800102370245,서울특별시 성북구 장위동,서울특별시 성북구 돌곶이로 185 (장위동),근린생활2,제2종근린생활시설,1009138310,지번
1129013800102140013,서울특별시 성북구 장위동,서울특별시 성북구 돌곶이로37길 18 (장위동),근린생활1,제1종근린생활시설,1009136408,지번
1129013800102370295,서울특별시 성북구 장위동,서울특별시 성북구 장월로 115 (장위동),근린생활2,제2종근린생활시설,1009138331,지번
1129013600100790015,서울특별시 성북구 하월곡동,서울특별시 성북구 오패산로 101-2 (하월곡동),근린생활1,제1종근린생활시설,1009129627,지번
1129013600100760025,서울특별시 성북구 하월곡동,서울특별시 성북구 오패산로 55 (하월곡동),근린생활1,제1종근린생활시설,1009129562,지번
1129013600101330000,서울특별시 성북구 하월곡동,서울특별시 성북구 종암로 214-3 (하월곡동),근린생활2,제2종근린생활시설,1009131110,지번
1129013600100900069,서울특별시 성북구 하월곡동,서울특별시 성북구 종암로38길 12-1 (하월곡동),근린생활1,제1종근린생활시설,1009130558,지번
1129013600100820211,서울특별시 성북구 하월곡동,서울특별시 성북구 오패산로3길 136 (하월곡동),근린생활1,제1종근린생활시설,1009130064,지번
1129013800102310511,서울특별시 성북구 장위동,서울특별시 성북구 장위로 19 (장위동),근린생활2,제2종근린생활시설,1009137521,지번
1129013800102310193,서울특별시 성북구 장위동,서울특별시 성북구 월계로 90 (장위동),근린생활1,제1종근린생활시설,1009137298,지번
1129013800102310586,서울특별시 성북구 장위동,서울특별시 성북구 장위로 25 (장위동),근린생활1,제1종근린생활시설,1009137570,지번
1129013600102220000,서울특별시 성북구 하월곡동,서울특별시 성북구 오패산로 46 (하월곡동),근린생활1,제2종근린생활시설,1009131253,지번
1129013600102220000,서울특별시 성북구 하월곡동,서울특별시 성북구 오패산로 46 (하월곡동),근린생활1,제1종근린생활시설,1009131254,지번
1129013600102220000,서울특별시 성북구 하월곡동,서울특별시 성북구 오패산로 46 (하월곡동),근린생활1,공동주택,1009131258,지번
1129013600102220000,서울특별시 성북구 하월곡동,서울특별시 성북구 오패산로 46 (하월곡동),근린생활1,공동주택,1009131259,지번
1129013600102220000,서울특별시 성북구 하월곡동,서울특별시 성북구 오패산로 46 (하월곡동),근린생활1,공동주택,1009131260,지번
1129013600102220000,서울특별시 성북구 하월곡동,서울특별시 성북구 오패산로 46 (하월곡동),근린생활1,공동주택,1009131261,지번
1129013600102220000,서울특별시 성북구 하월곡동,서울특별시 성북구 오패산로 46 (하월곡동),근린생활1,공동주택,1009131262,지번
1129013600102220000,서울특별시 성북구 하월곡동,서울특별시 성북구 오패산로 46 (하월곡동),근린생활1,공동주택,1009131263,지번
1129013600102220000,서울특별시 성북구 하월곡동,서울특별시 성북구 오패산로 46 (하월곡동),근린생활1,공동주택,1009131264,지번
1129013600102220000,서울특별시 성북구 하월곡동,서울특별시 성북구 오패산로 46 (하월곡동),근린생활1,공동주택,1009131287,지번
1129013600102220000,서울특별시 성북구 하월곡동,서울특별시 성북구 오패산로 46 (하월곡동),근린생활1,공동주택,1009131288,지번
1129013600102220000,서울특별시 성북구 하월곡동,서울특별시 성북구 오패산로 46 (하월곡동),근린생활1,공동주택,1009131289,지번
1129013600102220000,서울특별시 성북구 하월곡동,서울특별시 성북구 오패산로 46 (하월곡동),근린생활1,공동주택,1009131290,지번
1129013600102220000,서울특별시 성북구 하월곡동,서울특별시 성북구 오패산로 46 (하월곡동),근린생활1,공동주택,1009131291,지번
1129013600102220000,서울특별시 성북구 하월곡동,서울특별시 성북구 오패산로 46 (하월곡동),근린생활1,공동주택,1009131292,지번
1129013600102220000,서울특별시 성북구 하월곡동,서울특별시 성북구 오패산로 46 (하월곡동),근린생활1,공동주택,1009131293,지번
1129013600102220000,서울특별시 성북구 하월곡동,서울특별시 성북구 오패산로 46 (하월곡동),근린생활1,공동주택,1009131294,지번
1129013600102220000,서울특별시 성북구 하월곡동,서울특별시 성북구 오패산로 46 (하월곡동),근린생활1,공동주택,1009131295,지번
1129013600102220000,서울특별시 성북구 하월곡동,서울특별시 성북구 오패산로 46 (하월곡동),근린생활1,공동주택,1009131296,지번
1129013600102220000,서울특별시 성북구 하월곡동,서울특별시 성북구 오패산로 46 (하월곡동),근린생활1,공동주택,1009131297,지번
1129013600102220000,서울특별시 성북구 하월곡동,서울특별시 성북구 오패산로 46 (하월곡동),근린생활1,공동주택,1009131298,지번
1129013600102220000,서울특별시 성북구 하월곡동,서울특별시 성북구 오패산로 46 (하월곡동),근린생활1,공동주택,1009131299,지번
1129013600102220000,서울특별시 성북구 하월곡동,서울특별시 성북구 오패산로 46 (하월곡동),근린생활1,공동주택,1009131300,지번
1129013600102220000,서울특별시 성북구 하월곡동,서울특별시 성북구 오패산로 46 (하월곡동),근린생활1,공동주택,1009131301,지번
1129013600102220000,서울특별시 성북구 하월곡동,서울특별시 성북구 오패산로 46 (하월곡동),근린생활1,공동주택,1009131302,지번
1129013600102220000,서울특별시 성북구 하월곡동,서울특별시 성북구 오패산로 46 (하월곡동),근린생활1,공동주택,1009131303,지번
1129013600102220000,서울특별시 성북구 하월곡동,서울특별시 성북구 오패산로 46 (하월곡동),근린생활1,공동주택,1009131304,지번
1129013600102220000,서울특별시 성북구 하월곡동,서울특별시 성북구 오패산로 46 (하월곡동),근린생활1,공동주택,1009131305,지번
1129013600102220000,서울특별시 성북구 하월곡동,서울특별시 성북구 오패산로 46 (하월곡동),근린생활1,공동주택,1009131306,지번
1129013600102220000,서울특별시 성북구 하월곡동,서울특별시 성북구 오패산로 46 (하월곡동),근린생활1,공동주택,1009131307,지번
1129013600102220000,서울특별시 성북구 하월곡동,서울특별시 성북구 오패산로 46 (하월곡동),근린생활1,공동주택,1009131308,지번
1129013600102220000,서울특별시 성북구 하월곡동,서울특별시 성북구 오패산로 46 (하월곡동),근린생활1,공동주택,1009131309,지번
1129013600100340007,서울특별시 성북구 하월곡동,서울특별시 성북구 월곡로14길 9 (하월곡동),근린생활1,제1종근린생활시설,1009128819,지번
1129013600100410001,서울특별시 성북구 하월곡동,서울특별시 성북구 월곡로18길 10 (하월곡동),근린생활1,제1종근린생활시설,1009128994,지번
1129013600100210001,서울특별시 성북구 하월곡동,서울특별시 성북구 장월로1마길 5 (하월곡동),근린생활2,제2종근린생활시설,1009128603,지번
1129013600100270109,서울특별시 성북구 하월곡동,서울특별시 성북구 화랑로11길 7 (하월곡동),근린생활2,제2종근린생활시설,1009128756,지번
1129013600100370060,서울특별시 성북구 하월곡동,서울특별시 성북구 화랑로 96 (하월곡동),근린생활2,제2종근린생활시설,1009128879,지번
1129013600100490003,서울특별시 성북구 하월곡동,서울특별시 성북구 화랑로9길 21 (하월곡동),근린생활2,제2종근린생활시설,1009129104,지번
1129013800101430007,서울특별시 성북구 장위동,서울특별시 성북구 장월로38가길 17-6 (장위동),근린생활1,제1종근린생활시설,1009135216,지번
1129013400100280004,서울특별시 성북구 길음동,서울특별시 성북구 도봉로 23-12 (길음동),근린생활1,제1종근린생활시설,1009123048,지번
1129013400100280004,서울특별시 성북구 길음동,서울특별시 성북구 도봉로 23-12 (길음동),근린생활1,제1종근린생활시설,1009123049,지번
1129013600100840050,서울특별시 성북구 하월곡동,서울특별시 성북구 오패산로3길 137 (하월곡동),근린생활1,제1종근린생활시설,1009130139,지번
1129013400105170001,서울특별시 성북구 길음동,서울특별시 성북구 동소문로 311-5 (길음동),근린생활2,제2종근린생활시설,1009123568,지번
1129013400105170001,서울특별시 성북구 길음동,서울특별시 성북구 동소문로 311-5 (길음동),근린생활2,제1종근린생활시설,1009123569,지번
1129013500100030602,서울특별시 성북구 종암동,서울특별시 성북구 종암로 126 (종암동),근린생활1,제1종근린생활시설,1009125857,지번
1129013500100820019,서울특별시 성북구 종암동,서울특별시 성북구 종암로21길 65-3 (종암동),근린생활2,제2종근린생활시설,1009127454,지번
1129013600100530012,서울특별시 성북구 하월곡동,서울특별시 성북구 화랑로5길 64 (하월곡동),근린생활1,제1종근린생활시설,1009129149,지번
1129013600100270004,서울특별시 성북구 하월곡동,서울특별시 성북구 오패산로4길 48 (하월곡동),근린생활2,제2종근린생활시설,1009128714,지번
1129013500100800001,서울특별시 성북구 종암동,서울특별시 성북구 종암로27길 13 (종암동),근린생활1,제1종근린생활시설,1009128350,지번
1129013600100010013,서울특별시 성북구 하월곡동,서울특별시 성북구 화랑로 142 (하월곡동),근린생활2,제2종근린생활시설,1009128458,지번
1129013800102380118,서울특별시 성북구 장위동,서울특별시 성북구 장월로 106 (장위동),근린생활2,제2종근린생활시설,1009138438,지번
1129013800102330261,서울특별시 성북구 장위동,서울특별시 성북구 장위로 66 (장위동),근린생활1,제1종근린생활시설,1009137847,지번
1129013400110640018,서울특별시 성북구 길음동,서울특별시 성북구 동소문로 287-26 (길음동),근린생활2,제2종근린생활시설,1009124399,지번
1129013400105250130,서울특별시 성북구 길음동,서울특별시 성북구 동소문로 281-1 (길음동),근린생활2,제2종근린생활시설,1009123638,지번
1129013600100840119,서울특별시 성북구 하월곡동,서울특별시 성북구 오패산로3길 157 (하월곡동),근린생활1,제1종근린생활시설,1009130169,지번
1129013500100030169,서울특별시 성북구 종암동,서울특별시 성북구 종암로28길 36 (종암동),근린생활1,제1종근린생활시설,1009125624,지번
1129013500101100015,서울특별시 성북구 종암동,서울특별시 성북구 월곡로 87 (종암동),근린생활2,제2종근린생활시설,1009127974,지번
1129013600100700023,서울특별시 성북구 하월곡동,서울특별시 성북구 오패산로13길 19 (하월곡동),근린생활1,제1종근린생활시설,1009129352,지번
1129013500100030201,서울특별시 성북구 종암동,서울특별시 성북구 종암로28길 61 (종암동),근린생활2,제2종근린생활시설,1009125638,지번
1129013800102380159,서울특별시 성북구 장위동,서울특별시 성북구 장월로 99-1 (장위동),근린생활1,제1종근린생활시설,1009138464,지번
1129013800102380096,서울특별시 성북구 장위동,서울특별시 성북구 장위로 111 (장위동),근린생활1,제1종근린생활시설,1009138419,지번
1129013800102330229,서울특별시 성북구 장위동,서울특별시 성북구 장위로 94 (장위동),근린생활1,제1종근린생활시설,1009137823,지번
1129013800100680922,서울특별시 성북구 장위동,서울특별시 성북구 장월로 58 (장위동),근린생활2,제2종근린생활시설,1009133786,지번
1129013800102380160,서울특별시 성북구 장위동,서울특별시 성북구 장월로 97-2 (장위동),근린생활1,제1종근린생활시설,1009138465,지번
1129013800102310168,서울특별시 성북구 장위동,서울특별시 성북구 장위로20길 50 (장위동),근린생활1,제1종근린생활시설,1009137284,지번
1129013800102310163,서울특별시 성북구 장위동,서울특별시 성북구 장위로16길 57 (장위동),근린생활1,제1종근린생활시설,1009137279,지번
1129013800102340047,서울특별시 성북구 장위동,서울특별시 성북구 돌곶이로37길 26 (장위동),근린생활1,제1종근린생활시설,1009138147,지번
1129013800102340110,서울특별시 성북구 장위동,서울특별시 성북구 돌곶이로37길 40 (장위동),근린생활1,제1종근린생활시설,1009138183,지번
1129013800102380457,서울특별시 성북구 장위동,서울특별시 성북구 장월로24길 6 (장위동),근린생활1,제1종근린생활시설,1009138629,지번
1129011600100850061,서울특별시 성북구 동선동1가,서울특별시 성북구 동소문로24길 40 (동선동1가),근린생활1,제1종근린생활시설,10091100249087,지번
1129013800102140070,서울특별시 성북구 장위동,서울특별시 성북구 돌곶이로 199 (장위동),근린생활2,제2종근린생활시설,1009136448,지번
1129013800102140029,서울특별시 성북구 장위동,서울특별시 성북구 돌곶이로 199-8 (장위동),근린생활2,제2종근린생활시설,1009136419,지번
1129013800102230037,서울특별시 성북구 장위동,서울특별시 성북구 장월로23길 46 (장위동),근린생활1,제1종근린생활시설,1009136849,지번
1129013800102230038,서울특별시 성북구 장위동,서울특별시 성북구 장월로23길 42 (장위동),근린생활1,제1종근린생활시설,1009136850,지번
1129013700100570029,서울특별시 성북구 상월곡동,서울특별시 성북구 화랑로15길 28 (상월곡동),근린생활2,제2종근린생활시설,1009132062,지번
1129013800102250083,서울특별시 성북구 장위동,서울특별시 성북구 장위로 71 (장위동),근린생활2,제2종근린생활시설,1009136950,지번
1129013800102250080,서울특별시 성북구 장위동,서울특별시 성북구 장위로 73 (장위동),근린생활1,제1종근린생활시설,1009136947,지번
1129013800102250075,서울특별시 성북구 장위동,서울특별시 성북구 장위로 77-1 (장위동),근린생활1,제1종근린생활시설,1009136946,지번
1129013800102330650,서울특별시 성북구 장위동,서울특별시 성북구 장위로 76 (장위동),근린생활2,제2종근린생활시설,1009138107,지번
1129013700100570003,서울특별시 성북구 상월곡동,서울특별시 성북구 장월로1길 57 (상월곡동),근린생활2,제2종근린생활시설,1009132048,지번
1129013600100290139,서울특별시 성북구 하월곡동,서울특별시 성북구 화랑로9길 13 (하월곡동),근린생활2,제2종근린생활시설,1009128812,지번
1129013700100600003,서울특별시 성북구 상월곡동,서울특별시 성북구 장월로1가길 6 (상월곡동),근린생활2,제2종근린생활시설,1009132065,지번
1129013700100620000,서울특별시 성북구 상월곡동,서울특별시 성북구 장월로1길 60 (상월곡동),근린생활1,제1종근린생활시설,1009132066,지번
1129013600100130001,서울특별시 성북구 하월곡동,서울특별시 성북구 화랑로 116 (하월곡동),근린생활1,제1종근린생활시설,1009128514,지번
1129013600100050011,서울특별시 성북구 하월곡동,서울특별시 성북구 화랑로15길 17 (하월곡동),근린생활1,제1종근린생활시설,1009128462,지번
1129013700100670002,서울특별시 성북구 상월곡동,서울특별시 성북구 장월로1가길 5 (상월곡동),근린생활1,제1종근린생활시설,1009132076,지번
1129013800102330033,서울특별시 성북구 장위동,서울특별시 성북구 장월로 83 (장위동),근린생활1,제1종근린생활시설,1009137685,지번
1129013800102680003,서울특별시 성북구 장위동,서울특별시 성북구 장월로 24 (장위동),근린생활1,제1종근린생활시설,1009138926,지번
1129013800102330450,서울특별시 성북구 장위동,서울특별시 성북구 장위로32길 13 (장위동),근린생활2,제2종근린생활시설,1009137970,지번
1129013400105250122,서울특별시 성북구 길음동,서울특별시 성북구 동소문로41길 3-7 (길음동),근린생활2,제2종근린생활시설,1009123634,지번
1129013800102370274,서울특별시 성북구 장위동,서울특별시 성북구 장월로 121 (장위동),근린생활1,제1종근린생활시설,1009138320,지번
1129013800102370280,서울특별시 성북구 장위동,서울특별시 성북구 장월로 117 (장위동),근린생활2,제2종근린생활시설,1009138324,지번
1129013800102380509,서울특별시 성북구 장위동,서울특별시 성북구 장월로 112 (장위동),근린생활1,제1종근린생활시설,1009138660,지번
1129013800102370214,서울특별시 성북구 장위동,서울특별시 성북구 장월로 118-1 (장위동),근린생활2,제2종근린생활시설,1009138296,지번
1129013800102360007,서울특별시 성북구 장위동,서울특별시 성북구 장월로 118 (장위동),근린생활2,제2종근린생활시설,1009138190,지번
1129013800102380314,서울특별시 성북구 장위동,서울특별시 성북구 장월로 109-1 (장위동),근린생활1,제1종근린생활시설,1009138552,지번
1129013800102340046,서울특별시 성북구 장위동,서울특별시 성북구 돌곶이로37길 24 (장위동),근린생활1,제1종근린생활시설,1009138146,지번
1129013800102380122,서울특별시 성북구 장위동,서울특별시 성북구 장월로 113 (장위동),근린생활2,제2종근린생활시설,1009138440,지번
1129013800102370275,서울특별시 성북구 장위동,서울특별시 성북구 장월로 119 (장위동),근린생활1,제1종근린생활시설,1009138321,지번
1129013800102370138,서울특별시 성북구 장위동,서울특별시 성북구 돌곶이로 173-1 (장위동),근린생활1,제1종근린생활시설,1009138263,지번
1129013800102370079,서울특별시 성북구 장위동,서울특별시 성북구 돌곶이로 178 (장위동),근린생활1,제1종근린생활시설,1009138236,지번
1129013800102370268,서울특별시 성북구 장위동,서울특별시 성북구 장월로 123 (장위동),근린생활1,제1종근린생활시설,1009138318,지번
1129013800102320140,서울특별시 성북구 장위동,서울특별시 성북구 장위로 95 (장위동),근린생활1,제1종근린생활시설,1009137669,지번
1129013900102550015,서울특별시 성북구 석관동,서울특별시 성북구 돌곶이로 71 (석관동),근린생활1,제1종근린생활시설,1009141865,지번
1129013800102370136,서울특별시 성북구 장위동,서울특별시 성북구 돌곶이로 175 (장위동),근린생활1,제1종근린생활시설,1009138262,지번
1129013700100570007,서울특별시 성북구 상월곡동,서울특별시 성북구 화랑로15길 22 (상월곡동),근린생활2,제2종근린생활시설,1009132049,지번
1129013800102250046,서울특별시 성북구 장위동,서울특별시 성북구 장위로 87-1 (장위동),근린생활1,제1종근린생활시설,1009136929,지번
1129013800102320139,서울특별시 성북구 장위동,서울특별시 성북구 장위로 95-1 (장위동),근린생활2,제2종근린생활시설,1009137668,지번
1129013800102380184,서울특별시 성북구 장위동,서울특별시 성북구 장월로 93-1 (장위동),근린생활1,제1종근린생활시설,1009138478,지번
1129013900102280000,서울특별시 성북구 석관동,서울특별시 성북구 화랑로 270-7 (석관동),근린생활2,제2종근린생활시설,1009141787,지번
1129013600100100082,서울특별시 성북구 하월곡동,서울특별시 성북구 화랑로 115 (하월곡동),근린생활1,제1종근린생활시설,1009128509,지번
1129013600100130028,서울특별시 성북구 하월곡동,서울특별시 성북구 화랑로 122 (하월곡동),근린생활1,제1종근린생활시설,1009128532,지번
1129013600100130025,서울특별시 성북구 하월곡동,서울특별시 성북구 화랑로 120 (하월곡동),근린생활1,제1종근린생활시설,1009128530,지번
1129013700100650000,서울특별시 성북구 상월곡동,,근린생활2,제2종근린생활시설,1009132072,지번
1129013700100690002,서울특별시 성북구 상월곡동,서울특별시 성북구 장월로1길 74 (상월곡동),근린생활2,제2종근린생활시설,1009132078,지번
1129013700100570017,서울특별시 성북구 상월곡동,서울특별시 성북구 장월로1길 63 (상월곡동),근린생활1,제1종근린생활시설,1009132051,지번
1129013700100640001,서울특별시 성북구 상월곡동,서울특별시 성북구 장월로1길 66 (상월곡동),근린생활1,제1종근린생활시설,1009132068,지번
1129013700100710001,서울특별시 성북구 상월곡동,서울특별시 성북구 장월로1길 80 (상월곡동),근린생활1,제1종근린생활시설,1009132082,지번
1129013700100710020,서울특별시 성북구 상월곡동,서울특별시 성북구 장월로1길 76 (상월곡동),근린생활1,제1종근린생활시설,1009132095,지번
1129013600100100014,서울특별시 성북구 하월곡동,서울특별시 성북구 화랑로 119-3 (하월곡동),근린생활2,제2종근린생활시설,1009128483,지번
1129013600100080001,서울특별시 성북구 하월곡동,서울특별시 성북구 장월로1길 85 (하월곡동),근린생활1,제1종근린생활시설,1009128475,지번
1129013600100120013,서울특별시 성북구 하월곡동,서울특별시 성북구 화랑로14길 10 (하월곡동),근린생활2,제2종근린생활시설,1009128513,지번
1129013600100100048,서울특별시 성북구 하월곡동,서울특별시 성북구 화랑로 123-4 (하월곡동),근린생활1,제1종근린생활시설,1009128500,지번
1129013500100840033,서울특별시 성북구 종암동,서울특별시 성북구 종암로21길 37 (종암동),근린생활1,제1종근린생활시설,1009127492,지번
1129013600100901352,서울특별시 성북구 하월곡동,서울특별시 성북구 종암로38길 11 (하월곡동),근린생활1,제1종근린생활시설,1009130768,지번
1129013600100760033,서울특별시 성북구 하월곡동,서울특별시 성북구 오패산로 69-9 (하월곡동),근린생활1,제1종근린생활시설,1009129568,지번
1129013600100901982,서울특별시 성북구 하월곡동,서울특별시 성북구 오패산로1길 56-4 (하월곡동),근린생활2,제2종근린생활시설,1009131049,지번
1129013600100840028,서울특별시 성북구 하월곡동,서울특별시 성북구 오패산로3길 115 (하월곡동),근린생활1,제1종근린생활시설,1009130126,지번
1129013600101390000,서울특별시 성북구 하월곡동,서울특별시 성북구 종암로 214-6 (하월곡동),근린생활1,제1종근린생활시설,1009131115,지번
1129013600100810479,서울특별시 성북구 하월곡동,서울특별시 성북구 오패산로3길 146 (하월곡동),근린생활1,제1종근린생활시설,1009129958,지번
1129013800100650216,서울특별시 성북구 장위동,서울특별시 성북구 화랑로 223 (장위동),근린생활2,제2종근린생활시설,1009133153,지번
1129013800101180002,서울특별시 성북구 장위동,서울특별시 성북구 장위로 189 (장위동),근린생활1,제1종근린생활시설,1009135076,지번
1129013700100550065,서울특별시 성북구 상월곡동,서울특별시 성북구 화랑로15가길 32 (상월곡동),근린생활2,제2종근린생활시설,10091100186214,지번
1129013500101030004,서울특별시 성북구 종암동,서울특별시 성북구 종암로24가길 18 (종암동),근린생활1,제1종근린생활시설,1009127789,지번
1129013600100901661,서울특별시 성북구 하월곡동,서울특별시 성북구 종암로38길 49 (하월곡동),근린생활2,제2종근린생활시설,1009130939,지번
1129013600100810570,서울특별시 성북구 하월곡동,서울특별시 성북구 오패산로19길 28 (하월곡동),근린생활2,제2종근린생활시설,1009129959,지번
1129013600100960078,서울특별시 성북구 하월곡동,서울특별시 성북구 오패산로3길 77 (하월곡동),근린생활1,제1종근린생활시설,1009131065,지번
1129013600100840049,서울특별시 성북구 하월곡동,서울특별시 성북구 오패산로3길 143 (하월곡동),근린생활1,제1종근린생활시설,1009130138,지번
1129013600100810221,서울특별시 성북구 하월곡동,서울특별시 성북구 월계로10길 26 (하월곡동),근린생활2,제2종근린생활시설,1009129810,지번
1129013600100810397,서울특별시 성북구 하월곡동,서울특별시 성북구 오패산로19길 5 (하월곡동),근린생활1,제1종근린생활시설,1009129905,지번
1129011600100850060,서울특별시 성북구 동선동1가,서울특별시 성북구 동소문로20다길 30-7 (동선동1가),근린생활2,제2종근린생활시설,1009110239,지번
1129013600100760016,서울특별시 성북구 하월곡동,서울특별시 성북구 오패산로 75-1 (하월곡동),근린생활2,제2종근린생활시설,1009129556,지번
1129013600100901977,서울특별시 성북구 하월곡동,서울특별시 성북구 오패산로1길 60 (하월곡동),근린생활1,제1종근린생활시설,1009131045,지번
1129013600101120000,서울특별시 성북구 하월곡동,서울특별시 성북구 종암로40길 29 (하월곡동),근린생활1,제1종근린생활시설,1009131096,지번
1129013600100900209,서울특별시 성북구 하월곡동,서울특별시 성북구 종암로 168 (하월곡동),근린생활1,제1종근린생활시설,1009130608,지번
1129013700100290074,서울특별시 성북구 상월곡동,서울특별시 성북구 장월로2길 45 (상월곡동),근린생활2,제2종근린생활시설,1009131899,지번
1129013800102380093,서울특별시 성북구 장위동,,근린생활1,단독주택,1009138416,지번
1129013800102380093,서울특별시 성북구 장위동,,근린생활1,제1종근린생활시설,1009138417,지번
1129013800102380443,서울특별시 성북구 장위동,서울특별시 성북구 장월로 108 (장위동),근린생활2,제2종근린생활시설,1009138620,지번
1129013800102380142,서울특별시 성북구 장위동,서울특별시 성북구 장월로 103 (장위동),근린생활1,제1종근린생활시설,1009138456,지번
1129013700100250038,서울특별시 성북구 상월곡동,서울특별시 성북구 화랑로 166 (상월곡동),근린생활1,제1종근린생활시설,1009131761,지번
1129013700100520002,서울특별시 성북구 상월곡동,서울특별시 성북구 화랑로 160 (상월곡동),근린생활2,제2종근린생활시설,1009131926,지번
1129013700100250036,서울특별시 성북구 상월곡동,서울특별시 성북구 화랑로 168 (상월곡동),근린생활1,제1종근린생활시설,1009131760,지번
1129013700100230159,서울특별시 성북구 상월곡동,서울특별시 성북구 화랑로 175 (상월곡동),근린생활1,제1종근린생활시설,1009131564,지번
1129013700100250063,서울특별시 성북구 상월곡동,서울특별시 성북구 화랑로 162 (상월곡동),근린생활1,제1종근린생활시설,1009131776,지번
1129013500100030773,서울특별시 성북구 종암동,서울특별시 성북구 월곡로5길 23 (종암동),근린생활1,제1종근린생활시설,1009125942,지번
1129013500100100100,서울특별시 성북구 종암동,서울특별시 성북구 종암로 84 (종암동),근린생활1,제1종근린생활시설,1009126428,지번
1129013500100100078,서울특별시 성북구 종암동,서울특별시 성북구 종암로 78 (종암동),근린생활1,제1종근린생활시설,1009126424,지번
1129013500100450031,서울특별시 성북구 종암동,서울특별시 성북구 종암로15길 1 (종암동),근린생활1,제1종근린생활시설,1009126926,지번
1129013700100240292,서울특별시 성북구 상월곡동,서울특별시 성북구 화랑로18길 25-15 (상월곡동),근린생활1,제1종근린생활시설,1009131740,지번
1129012500101040120,서울특별시 성북구 안암동5가,서울특별시 성북구 고려대로24길 52 (안암동5가),근린생활2,제2종근린생활시설,1009113708,지번
1129013500100540367,서울특별시 성북구 종암동,서울특별시 성북구 종암로9나길 38 (종암동),근린생활1,제1종근린생활시설,1009127105,지번
1129012500100110000,서울특별시 성북구 안암동5가,서울특별시 성북구 개운사길 76-4 (안암동5가),근린생활2,제2종근린생활시설,1009113260,지번
1129013500100080080,서울특별시 성북구 종암동,서울특별시 성북구 종암로6길 16 (종암동),근린생활1,제1종근린생활시설,1009126238,지번
1129012500101030101,서울특별시 성북구 안암동5가,서울특별시 성북구 고려대로24길 45 (안암동5가),근린생활1,제1종근린생활시설,1009113633,지번
1129013500100340003,서울특별시 성북구 종암동,서울특별시 성북구 종암로5길 26 (종암동),근린생활1,공동주택,1009128253,지번
1129013500100340003,서울특별시 성북구 종암동,서울특별시 성북구 종암로5길 26 (종암동),근린생활1,공동주택,1009128254,지번
1129013500100340003,서울특별시 성북구 종암동,서울특별시 성북구 종암로5길 36 (종암동),근린생활1,제1종근린생활시설,1009128255,지번
1129013500100700114,서울특별시 성북구 종암동,서울특별시 성북구 종암로19길 20 (종암동),근린생활1,제1종근린생활시설,1009127304,지번
1129013700100240012,서울특별시 성북구 상월곡동,서울특별시 성북구 화랑로18길 25-18 (상월곡동),근린생활1,제1종근린생활시설,1000000000000000566807,지번
1129012500101030039,서울특별시 성북구 안암동5가,서울특별시 성북구 고려대로26길 42-3 (안암동5가),근린생활2,제2종근린생활시설,1009113619,지번
1129012500101040045,서울특별시 성북구 안암동5가,서울특별시 성북구 안암로 73-7 (안암동5가),근린생활1,제1종근린생활시설,1009113699,지번
1129013500100100015,서울특별시 성북구 종암동,서울특별시 성북구 종암로 58 (종암동),근린생활2,제2종근린생활시설,10091100195950,지번
1129013500100100015,서울특별시 성북구 종암동,서울특별시 성북구 종암로 58 (종암동),근린생활2,위험물저장및처리시설,1009126382,지번
1129013500100450030,서울특별시 성북구 종암동,서울특별시 성북구 종암로 79 (종암동),근린생활1,제1종근린생활시설,1009126925,지번
1129012500101000014,서울특별시 성북구 안암동5가,서울특별시 성북구 고려대로 96 (안암동5가),근린생활1,제1종근린생활시설,1009113503,지번
1129013500100680001,서울특별시 성북구 종암동,서울특별시 성북구 종암로 93 (종암동),근린생활1,제1종근린생활시설,1009127280,지번
1129013500100680001,서울특별시 성북구 종암동,서울특별시 성북구 종암로19길 7 (종암동),근린생활1,제1종근린생활시설,1009127281,지번
1129013500100680001,서울특별시 성북구 종암동,서울특별시 성북구 종암로19길 5 (종암동),근린생활1,제1종근린생활시설,1009127282,지번
1129013500100680001,서울특별시 성북구 종암동,서울특별시 성북구 종암로 91 (종암동),근린생활1,제1종근린생활시설,1009127283,지번
1129013500100680001,서울특별시 성북구 종암동,서울특별시 성북구 종암로 89 (종암동),근린생활1,제1종근린생활시설,1009128315,지번
1129012500101340005,서울특별시 성북구 안암동5가,서울특별시 성북구 안암로9가길 80-7 (안암동5가),근린생활2,제2종근린생활시설,10091100187547,지번
1129013500100680004,서울특별시 성북구 종암동,서울특별시 성북구 종암로 89-1 (종암동),근린생활1,제1종근린생활시설,1009128316,지번
1129013500100080241,서울특별시 성북구 종암동,서울특별시 성북구 종암로6길 20-2 (종암동),근린생활1,제1종근린생활시설,1009126299,지번
1129012500100930005,서울특별시 성북구 안암동5가,서울특별시 성북구 고려대로28길 6 (안암동5가),근린생활2,제2종근린생활시설,10091100185894,지번
1129013500100840043,서울특별시 성북구 종암동,서울특별시 성북구 종암로21길 25 (종암동),근린생활2,제2종근린생활시설,10091100183844,지번
1129012500101010068,서울특별시 성북구 안암동5가,서울특별시 성북구 개운사1길 8 (안암동5가),근린생활2,제2종근린생활시설,1009113529,지번
1129013900103400141,서울특별시 성북구 석관동,서울특별시 성북구 화랑로32길 38 (석관동),근린생활1,제1종근린생활시설,1009143674,지번
1129013900101240027,서울특별시 성북구 석관동,서울특별시 성북구 한천로76길 22 (석관동),근린생활2,제2종근린생활시설,1009141012,지번
1129013900101270053,서울특별시 성북구 석관동,서울특별시 성북구 한천로80길 14 (석관동),근린생활1,제1종근린생활시설,1009141069,지번
1129013900103200041,서울특별시 성북구 석관동,서울특별시 성북구 돌곶이로8길 9-2 (석관동),근린생활1,제1종근린생활시설,1009142760,지번
1129013900101270068,서울특별시 성북구 석관동,서울특별시 성북구 한천로78길 35 (석관동),근린생활1,제1종근린생활시설,1009141084,지번
1129013900103380261,서울특별시 성북구 석관동,서울특별시 성북구 화랑로22다길 17 (석관동),근린생활2,제2종근린생활시설,1009143420,지번
1129013800100660001,서울특별시 성북구 장위동,서울특별시 성북구 돌곶이로27길 5 (장위동),근린생활1,제1종근린생활시설,1009133160,지번
1129013800100681109,서울특별시 성북구 장위동,서울특별시 성북구 장위로40길 61 (장위동),근린생활1,제1종근린생활시설,1009133905,지번
1129013800100750399,서울특별시 성북구 장위동,서울특별시 성북구 장위로41길 8-8 (장위동),근린생활1,제1종근린생활시설,1009134457,지번
1129013800100680735,서울특별시 성북구 장위동,서울특별시 성북구 장위로40마길 19 (장위동),근린생활2,제2종근린생활시설,1009133725,지번
1129013800100660322,서울특별시 성북구 장위동,서울특별시 성북구 화랑로25길 18 (장위동),근린생활1,제1종근린생활시설,1009133323,지번
1129013900103320075,서울특별시 성북구 석관동,서울특별시 성북구 돌곶이로15길 23 (석관동),근린생활1,제1종근린생활시설,1009142921,지번
1129013800100660309,서울특별시 성북구 장위동,서울특별시 성북구 돌곶이로27길 79 (장위동),근린생활1,제1종근린생활시설,1009133315,지번
1129013800100660282,서울특별시 성북구 장위동,서울특별시 성북구 돌곶이로27길 36 (장위동),근린생활1,제1종근린생활시설,1009139445,지번
1129013800100750031,서울특별시 성북구 장위동,서울특별시 성북구 돌곶이로 146 (장위동),근린생활1,제1종근린생활시설,1009134327,지번
1129013900100580277,서울특별시 성북구 석관동,서울특별시 성북구 돌곶이로8길 57 (석관동),근린생활1,제1종근린생활시설,1009140472,지번
1129013900103200040,서울특별시 성북구 석관동,서울특별시 성북구 돌곶이로8길 15 (석관동),근린생활2,제2종근린생활시설,1009142759,지번
1129013900103170014,서울특별시 성북구 석관동,서울특별시 성북구 돌곶이로8다길 17 (석관동),근린생활1,제1종근린생활시설,1009142707,지번
1129013900100580283,서울특별시 성북구 석관동,서울특별시 성북구 돌곶이로8길 29 (석관동),근린생활1,제1종근린생활시설,1009140477,지번
1129013900101200001,서울특별시 성북구 석관동,서울특별시 성북구 한천로76가길 21 (석관동),근린생활1,제1종근린생활시설,1009140918,지번
1129013900101270056,서울특별시 성북구 석관동,서울특별시 성북구 한천로78길 21 (석관동),근린생활1,제1종근린생활시설,1009141072,지번
1129013900101680059,서울특별시 성북구 석관동,서울특별시 성북구 화랑로42길 52-8 (석관동),근린생활2,제2종근린생활시설,10091100270132,지번
1129013900101680023,서울특별시 성북구 석관동,서울특별시 성북구 화랑로 304 (석관동),근린생활1,제1종근린생활시설,1009141297,지번
1129013900100900007,서울특별시 성북구 석관동,서울특별시 성북구 한천로 527-1 (석관동),근린생활2,제2종근린생활시설,1009140854,지번
1129013900100670044,서울특별시 성북구 석관동,서울특별시 성북구 한천로 541 (석관동),근린생활1,제1종근린생활시설,1009140655,지번
1129013900100850030,서울특별시 성북구 석관동,서울특별시 성북구 한천로68길 12 (석관동),근린생활2,제2종근린생활시설,1009140848,지번
1129013900101680033,서울특별시 성북구 석관동,서울특별시 성북구 화랑로 314 (석관동),근린생활2,제2종근린생활시설,1009141303,지번
1129013900101280008,서울특별시 성북구 석관동,서울특별시 성북구 한천로78길 32 (석관동),근린생활1,제1종근린생활시설,1009141099,지번
1129013500100280019,서울특별시 성북구 종암동,서울특별시 성북구 회기로 9-21 (종암동),근린생활2,제2종근린생활시설,10091100186234,지번
1129013900101330004,서울특별시 성북구 석관동,서울특별시 성북구 한천로78길 66 (석관동),근린생활1,제1종근린생활시설,1009141232,지번
1129013900103320604,서울특별시 성북구 석관동,서울특별시 성북구 돌곶이로 28 (석관동),근린생활1,제1종근린생활시설,1009143213,지번
1129012500101000006,서울특별시 성북구 안암동5가,서울특별시 성북구 고려대로27길 5 (안암동5가),근린생활1,제1종근린생활시설,1009113500,지번
1129013800100640087,서울특별시 성북구 장위동,서울특별시 성북구 돌곶이로 103 (장위동),근린생활1,제1종근린생활시설,1009133042,지번
1129013800100750003,서울특별시 성북구 장위동,서울특별시 성북구 장위로45가길 1 (장위동),근린생활1,제1종근린생활시설,1009134311,지번
1129013800100660316,서울특별시 성북구 장위동,서울특별시 성북구 화랑로33가길 62 (장위동),근린생활1,제1종근린생활시설,1009133321,지번
1129013800100750306,서울특별시 성북구 장위동,서울특별시 성북구 돌곶이로 152 (장위동),근린생활1,제1종근린생활시설,1009134436,지번
1129013900103410016,서울특별시 성북구 석관동,서울특별시 성북구 화랑로 186 (석관동),근린생활2,제2종근린생활시설,1009143902,지번
1129013500100140002,서울특별시 성북구 종암동,서울특별시 성북구 종암로 86-1 (종암동),근린생활1,제1종근린생활시설,1009126518,지번
1129013800100660090,서울특별시 성북구 장위동,서울특별시 성북구 돌곶이로25길 24-13 (장위동),근린생활1,제1종근린생활시설,1009133193,지번
1129013900102480026,서울특별시 성북구 석관동,서울특별시 성북구 돌곶이로22길 10 (석관동),근린생활2,제2종근린생활시설,1009141844,지번
1129013800100760182,서울특별시 성북구 장위동,서울특별시 성북구 장위로45길 33 (장위동),근린생활2,제2종근린생활시설,1009134694,지번
1129013800100650209,서울특별시 성북구 장위동,서울특별시 성북구 화랑로27길 24 (장위동),근린생활1,제1종근린생활시설,1009133148,지번
1129013800100890015,서울특별시 성북구 장위동,서울특별시 성북구 장위로49길 1-11 (장위동),근린생활2,제2종근린생활시설,1009134856,지번
1129013800100650146,서울특별시 성북구 장위동,서울특별시 성북구 돌곶이로25길 67 (장위동),근린생활1,제1종근린생활시설,1009133124,지번
1129013900100640001,서울특별시 성북구 석관동,서울특별시 성북구 한천로69길 22-24 (석관동),근린생활1,제1종근린생활시설,1009140558,지번
1129012500100150019,서울특별시 성북구 안암동5가,서울특별시 성북구 개운사길 56 (안암동5가),근린생활2,제2종근린생활시설,1009113341,지번
1129013500100030607,서울특별시 성북구 종암동,서울특별시 성북구 월곡로10길 70 (종암동),근린생활1,제1종근린생활시설,1009125859,지번
1129013900100720002,서울특별시 성북구 석관동,서울특별시 성북구 한천로 546 (석관동),근린생활1,제1종근린생활시설,1009140698,지번
1129013900100710005,서울특별시 성북구 석관동,서울특별시 성북구 한천로 565 (석관동),근린생활2,제2종근린생활시설,1009140677,지번
1129013900103890002,서울특별시 성북구 석관동,서울특별시 성북구 한천로 591 (석관동),근린생활2,제2종근린생활시설,1009143954,지번
1129013900102850023,서울특별시 성북구 석관동,서울특별시 성북구 한천로69길 38 (석관동),근린생활1,제1종근린생활시설,1009142383,지번
1129013900101120014,서울특별시 성북구 석관동,서울특별시 성북구 한천로76길 57 (석관동),근린생활1,제1종근린생활시설,1009140872,지번
1129013900101120014,서울특별시 성북구 석관동,서울특별시 성북구 한천로76길 57 (석관동),근린생활1,제2종근린생활시설,1009140873,지번
1129013500100310042,서울특별시 성북구 종암동,서울특별시 성북구 종암로3길 37-15 (종암동),근린생활2,제2종근린생활시설,1009126827,지번
1129013900102620015,서울특별시 성북구 석관동,서울특별시 성북구 화랑로32길 65 (석관동),근린생활1,제1종근린생활시설,1009142103,지번
1129013800100430030,서울특별시 성북구 장위동,서울특별시 성북구 한천로 609 (장위동),근린생활1,제1종근린생활시설,1009132733,지번
1129013900100620025,서울특별시 성북구 석관동,서울특별시 성북구 돌곶이로8다길 8 (석관동),근린생활1,제1종근린생활시설,1009140538,지번
1129013800100440003,서울특별시 성북구 장위동,서울특별시 성북구 화랑로 291 (장위동),근린생활1,제1종근린생활시설,1009132735,지번
1129013900100730003,서울특별시 성북구 석관동,서울특별시 성북구 한천로70길 6-3 (석관동),근린생활1,제1종근린생활시설,1009140705,지번
1129013900103840019,서울특별시 성북구 석관동,서울특별시 성북구 화랑로40길 37 (석관동),근린생활1,제1종근린생활시설,1009143945,지번
1129012500101360012,서울특별시 성북구 안암동5가,서울특별시 성북구 안암로9가길 94 (안암동5가),근린생활2,제2종근린생활시설,10091100186120,지번
1129013900102360013,서울특별시 성북구 석관동,서울특별시 성북구 화랑로 266 (석관동),근린생활1,제1종근린생활시설,1009141802,지번
1129013900102300003,서울특별시 성북구 석관동,서울특별시 성북구 화랑로 274 (석관동),근린생활2,제2종근린생활시설,1009141789,지번
1129013800100500020,서울특별시 성북구 장위동,서울특별시 성북구 화랑로 277 (장위동),근린생활1,제1종근린생활시설,1009132753,지번
1129013700100070112,서울특별시 성북구 상월곡동,서울특별시 성북구 화랑로25길 27 (상월곡동),근린생활1,제1종근린생활시설,1009131413,지번
1129013900100580220,서울특별시 성북구 석관동,서울특별시 성북구 돌곶이로8길 49 (석관동),근린생활2,제2종근린생활시설,1009140433,지번
1129013900101330066,서울특별시 성북구 석관동,서울특별시 성북구 한천로78길 67 (석관동),근린생활1,제1종근린생활시설,1009141270,지번
1129013900100580285,서울특별시 성북구 석관동,서울특별시 성북구 돌곶이로8길 33 (석관동),근린생활1,제1종근린생활시설,1009140479,지번
1129013900102160001,서울특별시 성북구 석관동,서울특별시 성북구 한천로81길 30 (석관동),근린생활2,제2종근린생활시설,10091100264351,지번
1129013600100600151,서울특별시 성북구 하월곡동,서울특별시 성북구 오패산로 34 (하월곡동),근린생활1,제1종근린생활시설,1009129267,지번
1129012500100120064,서울특별시 성북구 안암동5가,서울특별시 성북구 고려대로27길 24-6 (안암동5가),근린생활2,제2종근린생활시설,1009113302,지번
1129012500101010018,서울특별시 성북구 안암동5가,서울특별시 성북구 개운사길 9 (안암동5가),근린생활2,제2종근린생활시설,1009113510,지번
1129012500101040006,서울특별시 성북구 안암동5가,서울특별시 성북구 고려대로24길 58-5 (안암동5가),근린생활1,단독주택,1009113677,지번
1129012500101040006,서울특별시 성북구 안암동5가,서울특별시 성북구 고려대로24길 58-5 (안암동5가),근린생활1,제1종근린생활시설,1009113678,지번
1129012500101040030,서울특별시 성북구 안암동5가,서울특별시 성북구 고려대로24길 51 (안암동5가),근린생활2,제2종근린생활시설,1009113931,지번
1129013900103840018,서울특별시 성북구 석관동,서울특별시 성북구 화랑로40길 33 (석관동),근린생활1,제1종근린생활시설,1009143944,지번
1129013500100870004,서울특별시 성북구 종암동,서울특별시 성북구 종암로 105 (종암동),근린생활1,제1종근린생활시설,1009127512,지번
1129012500101460004,서울특별시 성북구 안암동5가,서울특별시 성북구 고려대로 88 (안암동5가),근린생활2,제2종근린생활시설,1009113840,지번
1129012500101340020,서울특별시 성북구 안암동5가,서울특별시 성북구 안암로9가길 76 (안암동5가),근린생활2,제2종근린생활시설,1009113799,지번
1129012500101020086,서울특별시 성북구 안암동5가,서울특별시 성북구 고려대로24길 28 (안암동5가),근린생활1,제1종근린생활시설,1009113928,지번
1129012500101020095,서울특별시 성북구 안암동5가,서울특별시 성북구 고려대로22길 19 (안암동5가),근린생활2,제2종근린생활시설,1009113586,지번
1129012500100150025,서울특별시 성북구 안암동5가,서울특별시 성북구 개운사길 45 (안암동5가),근린생활2,제2종근린생활시설,1009113343,지번
1129013900100710019,서울특별시 성북구 석관동,서울특별시 성북구 한천로 561 (석관동),근린생활1,제1종근린생활시설,1009140688,지번
1129013900100710019,서울특별시 성북구 석관동,서울특별시 성북구 한천로 559 (석관동),근린생활1,제2종근린생활시설,1009140689,지번
1129013900100710019,서울특별시 성북구 석관동,서울특별시 성북구 한천로73길 1-8 (석관동),근린생활1,제1종근린생활시설,1009140694,지번
1129013800100820004,서울특별시 성북구 장위동,서울특별시 성북구 장위로49길 31 (장위동),근린생활1,제1종근린생활시설,1009134797,지번
1129013800100660247,서울특별시 성북구 장위동,서울특별시 성북구 돌곶이로25길 62 (장위동),근린생활1,제1종근린생활시설,1009133274,지번
1129013800100500025,서울특별시 성북구 장위동,서울특별시 성북구 화랑로 275 (장위동),근린생활1,제1종근린생활시설,1009132754,지번
1129013800102030030,서울특별시 성북구 장위동,서울특별시 성북구 장월로 148 (장위동),근린생활1,제1종근린생활시설,1009136256,지번
1129013800102400001,서울특별시 성북구 장위동,서울특별시 성북구 장위로 127-1 (장위동),근린생활1,제1종근린생활시설,1009138674,지번
1129013800103070047,서울특별시 성북구 장위동,서울특별시 성북구 한천로 743 (장위동),근린생활1,제1종근린생활시설,1009139355,지번
1129013800102370247,서울특별시 성북구 장위동,서울특별시 성북구 돌곶이로 183 (장위동),근린생활1,제1종근린생활시설,10091100265131,지번
1129013800100660304,서울특별시 성북구 장위동,서울특별시 성북구 돌곶이로27길 82 (장위동),근린생활1,제1종근린생활시설,1009133312,지번
1129013900101310066,서울특별시 성북구 석관동,서울특별시 성북구 한천로76길 33-10 (석관동),근린생활1,제1종근린생활시설,1009141197,지번
1129012500101010019,서울특별시 성북구 안암동5가,서울특별시 성북구 개운사길 5 (안암동5가),근린생활2,제2종근린생활시설,1009113511,지번
1129012500101020036,서울특별시 성북구 안암동5가,서울특별시 성북구 고려대로24길 44 (안암동5가),근린생활2,제2종근린생활시설,1009113559,지번
1129013800100660253,서울특별시 성북구 장위동,서울특별시 성북구 돌곶이로25길 76 (장위동),근린생활1,제1종근린생활시설,1009133277,지번
1129013900103400136,서울특별시 성북구 석관동,서울특별시 성북구 화랑로32길 44 (석관동),근린생활2,제2종근린생활시설,1009143671,지번
1129013900100610004,서울특별시 성북구 석관동,서울특별시 성북구 돌곶이로8바길 11 (석관동),근린생활2,제2종근린생활시설,1009140507,지번
1129013500100700048,서울특별시 성북구 종암동,서울특별시 성북구 종암로19길 16 (종암동),근린생활2,제2종근린생활시설,1009128318,지번
1129012500100930006,서울특별시 성북구 안암동5가,서울특별시 성북구 고려대로 98 (안암동5가),근린생활2,제2종근린생활시설,1009113487,지번
1129013800100500026,서울특별시 성북구 장위동,서울특별시 성북구 돌곶이로28길 70 (장위동),근린생활1,제1종근린생활시설,1009132755,지번
1129013800100660311,서울특별시 성북구 장위동,서울특별시 성북구 화랑로25길 28 (장위동),근린생활2,제2종근린생활시설,1009133316,지번
1129013800100760049,서울특별시 성북구 장위동,서울특별시 성북구 장월로28길 34 (장위동),근린생활1,제1종근린생활시설,1009134623,지번
1129013900102930006,서울특별시 성북구 석관동,서울특별시 성북구 돌곶이로8가길 29 (석관동),근린생활1,제1종근린생활시설,1009142502,지번
1129013900101820020,서울특별시 성북구 석관동,서울특별시 성북구 한천로80길 9-1 (석관동),근린생활1,제1종근린생활시설,1009141452,지번
1129013900101240018,서울특별시 성북구 석관동,서울특별시 성북구 한천로76가길 2 (석관동),근린생활2,제2종근린생활시설,1009141005,지번
1129013900101820021,서울특별시 성북구 석관동,서울특별시 성북구 한천로80길 3-2 (석관동),근린생활1,제1종근린생활시설,1009141453,지번
1129013900103320128,서울특별시 성북구 석관동,서울특별시 성북구 돌곶이로9길 5-19 (석관동),근린생활1,제1종근린생활시설,1009142946,지번
1129013900103000017,서울특별시 성북구 석관동,서울특별시 성북구 돌곶이로22가길 30 (석관동),근린생활2,제2종근린생활시설,1009142536,지번
1129013500100210001,서울특별시 성북구 종암동,서울특별시 성북구 종암로9길 8 (종암동),근린생활1,제1종근린생활시설,1009126566,지번
1129012500101020059,서울특별시 성북구 안암동5가,서울특별시 성북구 고려대로24길 27 (안암동5가),근린생활2,제2종근린생활시설,1009113568,지번
1129013500100030291,서울특별시 성북구 종암동,서울특별시 성북구 월곡로5길 58 (종암동),근린생활2,제2종근린생활시설,1009125702,지번
1129012500100120019,서울특별시 성북구 안암동5가,서울특별시 성북구 개운사길 60-22 (안암동5가),근린생활2,제2종근린생활시설,1009113279,지번
1129012500101020037,서울특별시 성북구 안암동5가,서울특별시 성북구 고려대로24길 48 (안암동5가),근린생활1,제1종근린생활시설,1009113560,지번
1129012500100420002,서울특별시 성북구 안암동5가,서울특별시 성북구 고려대로 117 (안암동5가),근린생활2,제2종근린생활시설,1009113384,지번
1129012500101020062,서울특별시 성북구 안암동5가,서울특별시 성북구 고려대로24길 37 (안암동5가),근린생활1,제1종근린생활시설,1009113570,지번
1129013500100030726,서울특별시 성북구 종암동,서울특별시 성북구 종암로18길 21 (종암동),근린생활1,제1종근린생활시설,1009125918,지번
1129012500100150041,서울특별시 성북구 안암동5가,서울특별시 성북구 고려대로27길 25 (안암동5가),근린생활1,제1종근린생활시설,1009113352,지번
1129012500100150085,서울특별시 성북구 안암동5가,서울특별시 성북구 개운사길 22-3 (안암동5가),근린생활2,제2종근린생활시설,1009113368,지번
1129013500100540389,서울특별시 성북구 종암동,서울특별시 성북구 종암로9다길 36 (종암동),근린생활2,제2종근린생활시설,1009127115,지번
1129013800100660095,서울특별시 성북구 장위동,서울특별시 성북구 돌곶이로27길 23 (장위동),근린생활1,제1종근린생활시설,1009133197,지번
1129013900100270002,서울특별시 성북구 석관동,,근린생활1,제1종근린생활시설,1009140154,지번
1129013900101680022,서울특별시 성북구 석관동,서울특별시 성북구 화랑로40길 9 (석관동),근린생활1,제1종근린생활시설,1009141295,지번
1129013900101680022,서울특별시 성북구 석관동,서울특별시 성북구 화랑로 302 (석관동),근린생활1,제1종근린생활시설,1009141296,지번
1129012400100320000,서울특별시 성북구 안암동4가,서울특별시 성북구 안암로9가길 24-1 (안암동4가),근린생활1,제1종근린생활시설,10091100192207,지번
1129012500101040016,서울특별시 성북구 안암동5가,서울특별시 성북구 안암로 91 (안암동5가),근린생활1,제1종근린생활시설,1009113680,지번
1129013900103120002,서울특별시 성북구 석관동,서울특별시 성북구 돌곶이로8가길 19 (석관동),근린생활1,제1종근린생활시설,1009142645,지번
1129013900103320265,서울특별시 성북구 석관동,서울특별시 성북구 돌곶이로 11 (석관동),근린생활2,제2종근린생활시설,1009143020,지번
1129013500100310047,서울특별시 성북구 종암동,서울특별시 성북구 북악산로27길 12 (종암동),근린생활2,제2종근린생활시설,1009126832,지번
1129012500100860167,서울특별시 성북구 안암동5가,서울특별시 성북구 고려대로28길 27 (안암동5가),근린생활2,제2종근린생활시설,1009113468,지번
1129013900102990002,서울특별시 성북구 석관동,서울특별시 성북구 돌곶이로22가길 37 (석관동),근린생활1,제1종근린생활시설,1009142521,지번
1129013900102880003,서울특별시 성북구 석관동,서울특별시 성북구 돌곶이로18길 27-4 (석관동),근린생활1,제1종근린생활시설,1009142435,지번
1129013900101790022,서울특별시 성북구 석관동,서울특별시 성북구 한천로 592 (석관동),근린생활1,제1종근린생활시설,1009141430,지번
1129013900101920002,서울특별시 성북구 석관동,서울특별시 성북구 돌곶이로22길 63 (석관동),근린생활1,제1종근린생활시설,1009141612,지번
1129013900103320568,서울특별시 성북구 석관동,서울특별시 성북구 돌곶이로 35 (석관동),근린생활1,제1종근린생활시설,1009143192,지번
1129013900103060004,서울특별시 성북구 석관동,서울특별시 성북구 돌곶이로 36 (석관동),근린생활1,제1종근린생활시설,1009142584,지번
1129013900103060004,서울특별시 성북구 석관동,서울특별시 성북구 돌곶이로10길 3-5 (석관동),근린생활1,제2종근린생활시설,1009142594,지번
1129013900103320244,서울특별시 성북구 석관동,서울특별시 성북구 돌곶이로 30 (석관동),근린생활1,제1종근린생활시설,1009143017,지번
1129013900103080008,서울특별시 성북구 석관동,서울특별시 성북구 돌곶이로14길 15 (석관동),근린생활1,제1종근린생활시설,1009142603,지번
1129013900103080033,서울특별시 성북구 석관동,서울특별시 성북구 돌곶이로14길 15-2 (석관동),근린생활1,제1종근린생활시설,1009142625,지번
1129013900103080032,서울특별시 성북구 석관동,서울특별시 성북구 돌곶이로14길 19 (석관동),근린생활1,제1종근린생활시설,1009142624,지번
1129013900101960001,서울특별시 성북구 석관동,서울특별시 성북구 돌곶이로22나길 5 (석관동),근린생활1,제1종근린생활시설,1009141668,지번
1129012500101340041,서울특별시 성북구 안암동5가,서울특별시 성북구 안암로 65 (안암동5가),근린생활2,제2종근린생활시설,1009113806,지번
1129012500101040117,서울특별시 성북구 안암동5가,서울특별시 성북구 고려대로24길 63 (안암동5가),근린생활2,제2종근린생활시설,1009113706,지번
1129013500100300077,서울특별시 성북구 종암동,서울특별시 성북구 회기로 7 (종암동),근린생활1,제1종근린생활시설,1009126780,지번
1129013500100030432,서울특별시 성북구 종암동,서울특별시 성북구 월곡로5길 49-2 (종암동),근린생활1,제1종근린생활시설,1009125776,지번
1129012500101360006,서울특별시 성북구 안암동5가,서울특별시 성북구 안암로9가길 99 (안암동5가),근린생활2,제2종근린생활시설,1009113824,지번
1129012500101360006,서울특별시 성북구 안암동5가,서울특별시 성북구 안암로9가길 99 (안암동5가),근린생활2,단독주택,1009113825,지번
1129012500101010051,서울특별시 성북구 안암동5가,서울특별시 성북구 고려대로 92 (안암동5가),근린생활1,제1종근린생활시설,1009113523,지번
1129012500101040246,서울특별시 성북구 안암동5가,서울특별시 성북구 안암로 81-4 (안암동5가),근린생활1,제1종근린생활시설,1009113719,지번
1129012500101040290,서울특별시 성북구 안암동5가,서울특별시 성북구 안암로 73-5 (안암동5가),근린생활1,제1종근린생활시설,1009113724,지번
1129013500100030380,서울특별시 성북구 종암동,서울특별시 성북구 월곡로 56-1 (종암동),근린생활1,제1종근린생활시설,1009125765,지번
1129013500100880003,서울특별시 성북구 종암동,서울특별시 성북구 종암로 97 (종암동),근린생활1,제1종근린생활시설,1009127517,지번
1129013900102700001,서울특별시 성북구 석관동,서울특별시 성북구 돌곶이로22가길 27 (석관동),근린생활1,제1종근린생활시설,1009142161,지번
1129013900102700001,서울특별시 성북구 석관동,서울특별시 성북구 돌곶이로22가길 27 (석관동),근린생활1,제1종근린생활시설,1009142162,지번
1129013900102700001,서울특별시 성북구 석관동,서울특별시 성북구 돌곶이로22가길 27 (석관동),근린생활1,제1종근린생활시설,1009142163,지번
1129013900101920013,서울특별시 성북구 석관동,서울특별시 성북구 돌곶이로22나길 4 (석관동),근린생활2,제2종근린생활시설,1009141615,지번
1129013900103320272,서울특별시 성북구 석관동,서울특별시 성북구 돌곶이로5길 8 (석관동),근린생활1,제1종근린생활시설,1009143026,지번
1129013900102890005,서울특별시 성북구 석관동,서울특별시 성북구 돌곶이로22나길 34 (석관동),근린생활2,제2종근린생활시설,1009142453,지번
1129013900103320518,서울특별시 성북구 석관동,서울특별시 성북구 돌곶이로 9 (석관동),근린생활2,제2종근린생활시설,1009143167,지번
1129013900102610194,서울특별시 성북구 석관동,서울특별시 성북구 화랑로32길 149 (석관동),근린생활1,제1종근린생활시설,1009142007,지번
1129013900103060025,서울특별시 성북구 석관동,서울특별시 성북구 돌곶이로 34 (석관동),근린생활2,제2종근린생활시설,1009142595,지번
1129013900103320667,서울특별시 성북구 석관동,서울특별시 성북구 돌곶이로 29 (석관동),근린생활1,제1종근린생활시설,1009143246,지번
1129013500100100281,서울특별시 성북구 종암동,서울특별시 성북구 종암로 56 (종암동),근린생활1,제1종근린생활시설,1009126500,지번
1129013500100010047,서울특별시 성북구 종암동,서울특별시 성북구 월곡로 66 (종암동),근린생활1,제1종근린생활시설,1009125514,지번
1129013500100100292,서울특별시 성북구 종암동,서울특별시 성북구 종암로 56 (종암동),근린생활1,제1종근린생활시설,1009126502,지번
1129013500100190001,서울특별시 성북구 종암동,서울특별시 성북구 종암로 65 (종암동),근린생활1,제1종근린생활시설,1009128236,지번
1129013500100080074,서울특별시 성북구 종암동,서울특별시 성북구 종암로 56 (종암동),근린생활1,제1종근린생활시설,1009126235,지번
1129013500100310018,서울특별시 성북구 종암동,서울특별시 성북구 종암로3길 45-14 (종암동),근린생활2,제2종근린생활시설,1009126803,지번
1129013900103060006,서울특별시 성북구 석관동,서울특별시 성북구 돌곶이로 38 (석관동),근린생활1,제1종근린생활시설,1009142585,지번
1129012500101030114,서울특별시 성북구 안암동5가,,근린생활2,제2종근린생활시설,1009113640,지번
1129012500100150014,서울특별시 성북구 안암동5가,서울특별시 성북구 개운사길 34 (안암동5가),근린생활2,제2종근린생활시설,1009113337,지번
1129013800100660121,서울특별시 성북구 장위동,서울특별시 성북구 돌곶이로27길 39 (장위동),근린생활1,제1종근린생활시설,1009133215,지번
1129013800100660191,서울특별시 성북구 장위동,서울특별시 성북구 돌곶이로25길 40-1 (장위동),근린생활1,제1종근린생활시설,1009133245,지번
1129013800100660006,서울특별시 성북구 장위동,서울특별시 성북구 화랑로33길 40 (장위동),근린생활1,제1종근린생활시설,1009133163,지번
1129013800100680741,서울특별시 성북구 장위동,서울특별시 성북구 장위로40마길 17 (장위동),근린생활1,제1종근린생활시설,1009133729,지번
1129013700100070195,서울특별시 성북구 상월곡동,서울특별시 성북구 화랑로 195 (상월곡동),근린생활2,제2종근린생활시설,1009131457,지번
1129013800100660279,서울특별시 성북구 장위동,서울특별시 성북구 돌곶이로27길 75 (장위동),근린생활2,제2종근린생활시설,1009133300,지번
1129013800100660320,서울특별시 성북구 장위동,서울특별시 성북구 화랑로25길 14 (장위동),근린생활1,제1종근린생활시설,1009133322,지번
1129013900102380004,서울특별시 성북구 석관동,서울특별시 성북구 화랑로 262 (석관동),근린생활2,제2종근린생활시설,1009141813,지번
1129013800102380506,서울특별시 성북구 장위동,서울특별시 성북구 돌곶이로 149-2 (장위동),근린생활2,제2종근린생활시설,1009138658,지번
1129013800100750462,서울특별시 성북구 장위동,서울특별시 성북구 돌곶이로 156 (장위동),근린생활2,제2종근린생활시설,1009134496,지번
1129013800100660307,서울특별시 성북구 장위동,서울특별시 성북구 돌곶이로27길 83 (장위동),근린생활1,제1종근린생활시설,1009133313,지번
1129010500100280000,서울특별시 성북구 동소문동2가,서울특별시 성북구 동소문로6길 4-12 (동소문동2가),근린생활2,제2종근린생활시설,100916112,지번
1129013800100750595,서울특별시 성북구 장위동,서울특별시 성북구 돌곶이로 140 (장위동),근린생활2,제2종근린생활시설,1009134575,지번
1129013700100240067,서울특별시 성북구 상월곡동,서울특별시 성북구 화랑로18가길 11-4 (상월곡동),근린생활2,제2종근린생활시설,10091100236527,지번
1129013900100700017,서울특별시 성북구 석관동,서울특별시 성북구 한천로 543 (석관동),근린생활2,제2종근린생활시설,10091100217112,지번
1129013900101680031,서울특별시 성북구 석관동,서울특별시 성북구 화랑로 310 (석관동),근린생활2,제2종근린생활시설,1009141301,지번
1129012800104580001,서울특별시 성북구 보문동6가,서울특별시 성북구 동망산길 147 (보문동6가),근린생활2,제2종근린생활시설,10091100241555,지번
1129013900101890011,서울특별시 성북구 석관동,서울특별시 성북구 한천로 579 (석관동),근린생활2,제2종근린생활시설,1009141565,지번
1129013800100650194,서울특별시 성북구 장위동,서울특별시 성북구 돌곶이로25길 75 (장위동),근린생활1,제1종근린생활시설,1009133137,지번
1129013800100650192,서울특별시 성북구 장위동,서울특별시 성북구 화랑로 219 (장위동),근린생활2,제2종근린생활시설,1009133136,지번
1129013800100650147,서울특별시 성북구 장위동,서울특별시 성북구 돌곶이로25길 71 (장위동),근린생활1,제1종근린생활시설,1009133125,지번
1129013500100240009,서울특별시 성북구 종암동,서울특별시 성북구 북악산로31길 11 (종암동),근린생활2,제2종근린생활시설,1009126623,지번
1129013900102240003,서울특별시 성북구 석관동,서울특별시 성북구 화랑로 276 (석관동),근린생활2,제2종근린생활시설,1009141776,지번
1129013900103010008,서울특별시 성북구 석관동,서울특별시 성북구 돌곶이로 46 (석관동),근린생활2,제2종근린생활시설,1009142546,지번
1129013900101330062,서울특별시 성북구 석관동,서울특별시 성북구 한천로78길 71 (석관동),근린생활2,제2종근린생활시설,1009141269,지번
1129013500100031251,서울특별시 성북구 종암동,서울특별시 성북구 종암로22길 15 (종암동),근린생활2,제2종근린생활시설,1009126018,지번
1129013500101100005,서울특별시 성북구 종암동,서울특별시 성북구 월곡로 85 (종암동),근린생활1,제1종근린생활시설,1009127971,지번
1129012500100070000,서울특별시 성북구 안암동5가,서울특별시 성북구 개운사길 60-46 (안암동5가),근린생활2,제2종근린생활시설,1009113247,지번
1129012500100760001,서울특별시 성북구 안암동5가,서울특별시 성북구 고려대로30길 29 (안암동5가),근린생활2,제2종근린생활시설,1009113419,지번
1129013500100080260,서울특별시 성북구 종암동,서울특별시 성북구 월곡로 27 (종암동),근린생활1,제1종근린생활시설,1009126306,지번
1129013500100240011,서울특별시 성북구 종암동,서울특별시 성북구 북악산로29길 12 (종암동),근린생활2,제2종근린생활시설,1009126625,지번
1129013800100750010,서울특별시 성북구 장위동,서울특별시 성북구 장위로 119 (장위동),근린생활1,제1종근린생활시설,1009134316,지번
1129013800100740152,서울특별시 성북구 장위동,서울특별시 성북구 장위로 141 (장위동),근린생활1,제1종근린생활시설,1009134217,지번
1129013900102460013,서울특별시 성북구 석관동,서울특별시 성북구 돌곶이로22길 5 (석관동),근린생활2,제2종근린생활시설,1009141828,지번
1129013800102380070,서울특별시 성북구 장위동,서울특별시 성북구 돌곶이로 151 (장위동),근린생활1,제1종근린생활시설,1009138400,지번
1129013900103320119,서울특별시 성북구 석관동,서울특별시 성북구 돌곶이로3길 21 (석관동),근린생활2,제2종근린생활시설,1009142939,지번
1129013300108900001,서울특별시 성북구 정릉동,서울특별시 성북구 정릉로10길 42-7 (정릉동),근린생활2,제2종근린생활시설,10091100242474,지번
1129013500100310030,서울특별시 성북구 종암동,서울특별시 성북구 종암로3길 45-15 (종암동),근린생활2,제2종근린생활시설,1009126815,지번
1129013500100320004,서울특별시 성북구 종암동,서울특별시 성북구 종암로3길 53 (종암동),근린생활2,제2종근린생활시설,1009126846,지번
1129012500101020100,서울특별시 성북구 안암동5가,서울특별시 성북구 고려대로22길 45 (안암동5가),근린생활2,제2종근린생활시설,1009113587,지번
1129013500100660007,서울특별시 성북구 종암동,서울특별시 성북구 종암로 87-13 (종암동),근린생활2,제2종근린생활시설,10091100184884,지번
1129013500100300079,서울특별시 성북구 종암동,서울특별시 성북구 회기로 5-11 (종암동),근린생활2,제2종근린생활시설,1009126782,지번
1129012500101340058,서울특별시 성북구 안암동5가,서울특별시 성북구 안암로 59 (안암동5가),근린생활1,제1종근린생활시설,1009113811,지번
1129013500100160017,서울특별시 성북구 종암동,서울특별시 성북구 종암로18길 13 (종암동),근린생활1,제1종근린생활시설,1009126551,지번
1129012500101020055,서울특별시 성북구 안암동5가,서울특별시 성북구 고려대로24길 17 (안암동5가),근린생활2,제2종근린생활시설,1009113566,지번
1129013500100030353,서울특별시 성북구 종암동,서울특별시 성북구 월곡로5길 28 (종암동),근린생활2,제2종근린생활시설,1009125746,지번
1129013500100230021,서울특별시 성북구 종암동,서울특별시 성북구 종암로9길 9-2 (종암동),근린생활1,제1종근린생활시설,1009126586,지번
1129013500100100229,서울특별시 성북구 종암동,서울특별시 성북구 종암로 56 (종암동),근린생활1,제1종근린생활시설,1009126468,지번
1129013900101680061,서울특별시 성북구 석관동,서울특별시 성북구 화랑로42길 36 (석관동),근린생활2,제2종근린생활시설,1009141319,지번
1129013900103060007,서울특별시 성북구 석관동,서울특별시 성북구 돌곶이로 36-1 (석관동),근린생활1,제1종근린생활시설,1009142586,지번
1129013900101890006,서울특별시 성북구 석관동,서울특별시 성북구 한천로 595 (석관동),근린생활2,제2종근린생활시설,1009141563,지번
1129013900103000007,서울특별시 성북구 석관동,서울특별시 성북구 돌곶이로14길 6-1 (석관동),근린생활1,제1종근린생활시설,1009142527,지번
1129013900103320388,서울특별시 성북구 석관동,서울특별시 성북구 돌곶이로9길 13 (석관동),근린생활1,제1종근린생활시설,1009143101,지번
1129012000101470010,서울특별시 성북구 동선동5가,서울특별시 성북구 아리랑로 50 (동선동5가),근린생활2,제2종근린생활시설,10091100243707,지번
1129013500100140021,서울특별시 성북구 종암동,서울특별시 성북구 종암로 86 (종암동),근린생활1,제1종근린생활시설,1009126524,지번
1129013500100100307,서울특별시 성북구 종암동,서울특별시 성북구 종암로14길 6-26 (종암동),근린생활1,제1종근린생활시설,1009126507,지번
1129012500101040028,서울특별시 성북구 안암동5가,서울특별시 성북구 고려대로26길 42-1 (안암동5가),근린생활1,제1종근린생활시설,1009113690,지번
1129013500100100056,서울특별시 성북구 종암동,서울특별시 성북구 종암로10길 11 (종암동),근린생활1,제1종근린생활시설,1009126415,지번
1129013500100180001,서울특별시 성북구 종암동,서울특별시 성북구 종암로 69 (종암동),근린생활1,제1종근린생활시설,1009126562,지번
1129013500100280267,서울특별시 성북구 종암동,서울특별시 성북구 월곡로10길 186 (종암동),근린생활2,제2종근린생활시설,1009126745,지번
1129013900102060003,서울특별시 성북구 석관동,서울특별시 성북구 화랑로38길 21 (석관동),근린생활2,제2종근린생활시설,1009141739,지번
1129013900103000013,서울특별시 성북구 석관동,서울특별시 성북구 돌곶이로18길 14 (석관동),근린생활1,제1종근린생활시설,1009142532,지번
1129013800100450012,서울특별시 성북구 장위동,서울특별시 성북구 화랑로 281 (장위동),근린생활2,제2종근린생활시설,1009132741,지번
1129013800100430006,서울특별시 성북구 장위동,서울특별시 성북구 한천로 613 (장위동),근린생활2,제2종근린생활시설,1009132727,지번
1129012500100420003,서울특별시 성북구 안암동5가,서울특별시 성북구 고려대로 115 (안암동5가),근린생활2,제2종근린생활시설,1009113385,지번
1129013500100290028,서울특별시 성북구 종암동,서울특별시 성북구 북악산로 1062 (종암동),근린생활1,제1종근린생활시설,1009126767,지번
1129012500101040148,서울특별시 성북구 안암동5가,서울특별시 성북구 안암로 79 (안암동5가),근린생활2,제2종근린생활시설,1009113694,지번
1129013900101990017,서울특별시 성북구 석관동,서울특별시 성북구 돌곶이로22길 34 (석관동),근린생활1,제1종근린생활시설,1009141690,지번
1129013900102730005,서울특별시 성북구 석관동,서울특별시 성북구 돌곶이로22가길 18 (석관동),근린생활2,제2종근린생활시설,1009142165,지번
1129013800100430025,서울특별시 성북구 장위동,서울특별시 성북구 한천로 611 (장위동),판매시설,판매시설,1009132732,지번
1129013900103040026,서울특별시 성북구 석관동,서울특별시 성북구 돌곶이로 43 (석관동),근린생활2,제2종근린생활시설,1009142567,지번
1129013900101680056,서울특별시 성북구 석관동,서울특별시 성북구 화랑로42길 48 (석관동),근린생활1,제1종근린생활시설,1009141316,지번
1129013500100080221,서울특별시 성북구 종암동,서울특별시 성북구 종암로6길 22 (종암동),근린생활2,제2종근린생활시설,1009126297,지번
1129013500100280024,서울특별시 성북구 종암동,서울특별시 성북구 회기로 9 (종암동),근린생활1,제1종근린생활시설,1009126684,지번
1129013500100080214,서울특별시 성북구 종암동,서울특별시 성북구 종암로6길 32 (종암동),근린생활1,제1종근린생활시설,1009126292,지번
1129012500101040041,서울특별시 성북구 안암동5가,서울특별시 성북구 고려대로24길 60 (안암동5가),근린생활2,제2종근린생활시설,1009113697,지번
1129012500101020057,서울특별시 성북구 안암동5가,서울특별시 성북구 고려대로24가길 1 (안암동5가),근린생활2,제2종근린생활시설,1009113567,지번
1129012500101040034,서울특별시 성북구 안암동5가,서울특별시 성북구 고려대로24길 55 (안암동5가),근린생활1,제1종근린생활시설,1009113692,지번
1129012500101030208,서울특별시 성북구 안암동5가,서울특별시 성북구 고려대로26길 45-1 (안암동5가),근린생활1,제1종근린생활시설,1009113665,지번
1129013500100070044,서울특별시 성북구 종암동,서울특별시 성북구 종암로14길 20-28 (종암동),근린생활2,제2종근린생활시설,1009126163,지번
1129013500100310004,서울특별시 성북구 종암동,서울특별시 성북구 북악산로 1055 (종암동),근린생활2,제2종근린생활시설,1009126794,지번
1129013500100030216,서울특별시 성북구 종암동,서울특별시 성북구 종암로22길 23 (종암동),근린생활1,제1종근린생활시설,1009125648,지번
1129013900101940002,서울특별시 성북구 석관동,서울특별시 성북구 돌곶이로22길 60 (석관동),근린생활2,제2종근린생활시설,1009141651,지번
1129013900102780016,서울특별시 성북구 석관동,서울특별시 성북구 한천로73길 41 (석관동),근린생활1,제1종근린생활시설,1009142198,지번
1129013900103320027,서울특별시 성북구 석관동,서울특별시 성북구 돌곶이로 7-1 (석관동),근린생활2,제2종근린생활시설,1009142895,지번
1129013700100070135,서울특별시 성북구 상월곡동,서울특별시 성북구 화랑로 195-5 (상월곡동),근린생활1,제1종근린생활시설,1009131425,지번
1129013800100660298,서울특별시 성북구 장위동,서울특별시 성북구 돌곶이로27길 70 (장위동),근린생활1,제1종근린생활시설,1009133308,지번
1129013700100070110,서울특별시 성북구 상월곡동,서울특별시 성북구 화랑로25길 19 (상월곡동),근린생활1,제1종근린생활시설,1009131411,지번
1129013800100860008,서울특별시 성북구 장위동,서울특별시 성북구 장위로 179 (장위동),근린생활2,제2종근린생활시설,1009134820,지번
1129013800100660175,서울특별시 성북구 장위동,서울특별시 성북구 돌곶이로27길 47 (장위동),근린생활1,제1종근린생활시설,1009133236,지번
1129013700100070113,서울특별시 성북구 상월곡동,서울특별시 성북구 화랑로25길 29 (상월곡동),근린생활2,제2종근린생활시설,1009131414,지번
1129013800100760041,서울특별시 성북구 장위동,서울특별시 성북구 장월로28길 46 (장위동),근린생활1,제1종근린생활시설,1009134617,지번
1129012500101020052,서울특별시 성북구 안암동5가,서울특별시 성북구 고려대로24길 15 (안암동5가),근린생활1,제1종근린생활시설,1009113565,지번
1129012500100150065,서울특별시 성북구 안암동5가,서울특별시 성북구 고려대로27길 24-1 (안암동5가),근린생활1,제1종근린생활시설,1009113363,지번
1129012500101020028,서울특별시 성북구 안암동5가,서울특별시 성북구 고려대로24길 24 (안암동5가),근린생활2,제2종근린생활시설,1009113552,지번
1129012500101020044,서울특별시 성북구 안암동5가,서울특별시 성북구 고려대로24길 5 (안암동5가),근린생활1,제1종근린생활시설,1009113561,지번
1129013500100080124,서울특별시 성북구 종암동,서울특별시 성북구 종암로 56 (종암동),근린생활1,제1종근린생활시설,1009126251,지번
1129013500100100236,서울특별시 성북구 종암동,서울특별시 성북구 종암로 56 (종암동),근린생활1,제1종근린생활시설,1009126475,지번
1129013500100100166,서울특별시 성북구 종암동,,근린생활1,제1종근린생활시설,1009126453,지번
1129013500100030220,서울특별시 성북구 종암동,서울특별시 성북구 종암로28길 77 (종암동),근린생활1,제1종근린생활시설,1009125652,지번
1129013500100840034,서울특별시 성북구 종암동,서울특별시 성북구 종암로23길 10 (종암동),근린생활,근린생활시설,1009127493,지번
1129013800100640141,서울특별시 성북구 장위동,서울특별시 성북구 화랑로 241-8 (장위동),근린생활2,제2종근린생활시설,1009133061,지번
1129013800101360001,서울특별시 성북구 장위동,서울특별시 성북구 돌곶이로32길 78 (장위동),근린생활1,제1종근린생활시설,1009135117,지번
1129013800100750452,서울특별시 성북구 장위동,서울특별시 성북구 돌곶이로 137 (장위동),근린생활2,제2종근린생활시설,1009134491,지번
1129013500101250018,서울특별시 성북구 종암동,서울특별시 성북구 종암로19다길 11 (종암동),근린생활2,제2종근린생활시설,1009128104,지번
1129013800100660300,서울특별시 성북구 장위동,서울특별시 성북구 돌곶이로27길 74 (장위동),근린생활1,제1종근린생활시설,1009133309,지번
1129013800100750395,서울특별시 성북구 장위동,서울특별시 성북구 돌곶이로 148 (장위동),근린생활1,제1종근린생활시설,1009134455,지번
1129013800102380211,서울특별시 성북구 장위동,서울특별시 성북구 장위로 133-1 (장위동),근린생활2,제2종근린생활시설,1009138499,지번
1129013400111700008,서울특별시 성북구 길음동,서울특별시 성북구 삼양로9길 4-27 (길음동),근린생활2,제2종근린생활시설,10091100235935,지번
1129013800100660009,서울특별시 성북구 장위동,서울특별시 성북구 화랑로33길 39 (장위동),근린생활2,제2종근린생활시설,1009133164,지번
1129013800100890032,서울특별시 성북구 장위동,서울특별시 성북구 장위로 171 (장위동),근린생활1,제1종근린생활시설,1009134861,지번
1129013900102890003,서울특별시 성북구 석관동,서울특별시 성북구 돌곶이로18길 40 (석관동),근린생활1,제1종근린생활시설,1009142452,지번
1129012500101040116,서울특별시 성북구 안암동5가,,근린생활1,제1종근린생활시설,1009113705,지번
1129012500101040123,서울특별시 성북구 안암동5가,서울특별시 성북구 안암로 71 (안암동5가),근린생활2,제2종근린생활시설,1009113710,지번
1129012500101030093,서울특별시 성북구 안암동5가,서울특별시 성북구 고려대로24길 39 (안암동5가),근린생활1,제1종근린생활시설,1009113630,지번
1129012500101020060,서울특별시 성북구 안암동5가,서울특별시 성북구 고려대로24길 31 (안암동5가),근린생활1,제1종근린생활시설,1009113569,지번
1129012500101020009,서울특별시 성북구 안암동5가,서울특별시 성북구 고려대로24길 23 (안암동5가),근린생활1,제1종근린생활시설,1009113546,지번
1129012500100960000,서울특별시 성북구 안암동5가,서울특별시 성북구 고려대로 100 (안암동5가),근린생활1,제1종근린생활시설,1009113493,지번
1129013000100100000,서울특별시 성북구 보문동1가,서울특별시 성북구 보문로 140 (보문동1가),근린생활1,제1종근린생활시설,10091100237894,지번
1129013900100700007,서울특별시 성북구 석관동,서울특별시 성북구 돌곶이로14길 75-1 (석관동),근린생활1,제1종근린생활시설,1009140662,지번
1129013900101830023,서울특별시 성북구 석관동,서울특별시 성북구 한천로 560 (석관동),근린생활1,제1종근린생활시설,1009141479,지번
1129013900102810008,서울특별시 성북구 석관동,서울특별시 성북구 한천로73길 24 (석관동),근린생활2,제2종근린생활시설,1009142283,지번
1129013900101800004,서울특별시 성북구 석관동,서울특별시 성북구 한천로 588 (석관동),근린생활2,제2종근린생활시설,1009141432,지번
1129013900101320015,서울특별시 성북구 석관동,서울특별시 성북구 한천로76다길 40 (석관동),근린생활1,제1종근린생활시설,1009141201,지번
1129013900101370002,서울특별시 성북구 석관동,서울특별시 성북구 한천로66길 183 (석관동),근린생활1,제1종근린생활시설,1009141283,지번
1129013900100710010,서울특별시 성북구 석관동,서울특별시 성북구 한천로73길 6 (석관동),근린생활1,제1종근린생활시설,1009140681,지번
1129013900102800017,서울특별시 성북구 석관동,서울특별시 성북구 돌곶이로14길 49-20 (석관동),근린생활1,제1종근린생활시설,1009142271,지번
1129013900103320570,서울특별시 성북구 석관동,서울특별시 성북구 돌곶이로 15 (석관동),근린생활1,제1종근린생활시설,1009143193,지번
1129013900103320221,서울특별시 성북구 석관동,서울특별시 성북구 돌곶이로 9 (석관동),근린생활2,제2종근린생활시설,1009143009,지번
1129013900101850068,서울특별시 성북구 석관동,서울특별시 성북구 돌곶이로22길 64 (석관동),근린생활1,제1종근린생활시설,1009141541,지번
1129013900103010021,서울특별시 성북구 석관동,서울특별시 성북구 돌곶이로 44 (석관동),근린생활1,제1종근린생활시설,1009142554,지번
1129013900103320538,서울특별시 성북구 석관동,서울특별시 성북구 돌곶이로 23 (석관동),근린생활1,제1종근린생활시설,1009143180,지번
1129013900103320547,서울특별시 성북구 석관동,서울특별시 성북구 돌곶이로 13 (석관동),근린생활1,제1종근린생활시설,1009143183,지번
1129013900103170039,서울특별시 성북구 석관동,서울특별시 성북구 한천로69길 33 (석관동),근린생활2,제2종근린생활시설,1009142724,지번
1129013900100850012,서울특별시 성북구 석관동,서울특별시 성북구 한천로 538 (석관동),근린생활1,제1종근린생활시설,1009140833,지번
1129013900103100017,서울특별시 성북구 석관동,서울특별시 성북구 돌곶이로10길 15 (석관동),근린생활1,제1종근린생활시설,1009142638,지번
1129013900103320591,서울특별시 성북구 석관동,서울특별시 성북구 돌곶이로 7 (석관동),근린생활2,제2종근린생활시설,1009143205,지번
1129013500100160016,서울특별시 성북구 종암동,,근린생활2,제2종근린생활시설,1009126549,지번
1129013500100160016,서울특별시 성북구 종암동,,근린생활2,제2종근린생활시설,1009126550,지번
1129013900103840015,서울특별시 성북구 석관동,서울특별시 성북구 화랑로40길 23 (석관동),근린생활1,제1종근린생활시설,1009143941,지번
1129013900100580291,서울특별시 성북구 석관동,서울특별시 성북구 돌곶이로8길 29-5 (석관동),근린생활2,제2종근린생활시설,1009140482,지번
1129013900103200034,서울특별시 성북구 석관동,서울특별시 성북구 돌곶이로8길 19 (석관동),근린생활1,제1종근린생활시설,1009142754,지번
1129013900101830007,서울특별시 성북구 석관동,서울특별시 성북구 한천로 567 (석관동),근린생활2,제2종근린생활시설,1009141470,지번
1129013300100160195,서울특별시 성북구 정릉동,서울특별시 성북구 정릉로38가길 16 (정릉동),근린생활2,제2종근린생활시설,10091100264811,지번
1129013400110860002,서울특별시 성북구 길음동,서울특별시 성북구 삼양로4길 7 (길음동),근린생활1,제1종근린생활시설,1009124447,지번
1129013400110860001,서울특별시 성북구 길음동,서울특별시 성북구 삼양로4길 11 (길음동),근린생활2,제2종근린생활시설,1009124446,지번
1129013800101220005,서울특별시 성북구 장위동,,근린생활1,근린생활시설,1009139601,본번
1129013900103400179,서울특별시 성북구 석관동,서울특별시 성북구 화랑로32길 35 (석관동),근린생활1,제1종근린생활시설,1009143692,지번
1129013900103320446,서울특별시 성북구 석관동,서울특별시 성북구 돌곶이로9길 27-7 (석관동),근린생활1,제1종근린생활시설,1009143134,지번
1129013700100270007,서울특별시 성북구 상월곡동,서울특별시 성북구 화랑로19길 44 (상월곡동),근린생활1,제1종근린생활시설,1009131788,지번
1129013700100270007,서울특별시 성북구 상월곡동,서울특별시 성북구 화랑로19길 44 (상월곡동),근린생활1,단독주택,1009131789,지번
1129013800102370144,서울특별시 성북구 장위동,서울특별시 성북구 돌곶이로 169 (장위동),근린생활1,제1종근린생활시설,1009138267,지번
1129013700100230024,서울특별시 성북구 상월곡동,서울특별시 성북구 화랑로 187 (상월곡동),근린생활2,제2종근린생활시설,1009131490,지번
1129013700100230027,서울특별시 성북구 상월곡동,서울특별시 성북구 화랑로21길 21 (상월곡동),근린생활2,제2종근린생활시설,1009131491,지번
1129013800101670003,서울특별시 성북구 장위동,서울특별시 성북구 장월로41길 61 (장위동),근린생활1,제1종근린생활시설,1009135628,지번
1129012500100150033,서울특별시 성북구 안암동5가,서울특별시 성북구 고려대로27길 19 (안암동5가),근린생활2,제2종근린생활시설,1009113349,지번
1129013900102420001,서울특별시 성북구 석관동,서울특별시 성북구 화랑로 254 (석관동),근린생활2,제2종근린생활시설,1009141818,지번
1129013900102020032,서울특별시 성북구 석관동,서울특별시 성북구 돌곶이로24길 4 (석관동),근린생활1,제1종근린생활시설,1009141733,지번
1129013800100750491,서울특별시 성북구 장위동,서울특별시 성북구 장위로41길 2 (장위동),근린생활1,제1종근린생활시설,1009134506,지번
1129013800100750133,서울특별시 성북구 장위동,서울특별시 성북구 장위로37길 13 (장위동),근린생활1,제1종근린생활시설,1009134365,지번
1129013900103320242,서울특별시 성북구 석관동,서울특별시 성북구 돌곶이로 19 (석관동),근린생활2,제2종근린생활시설,1009143016,지번
1129013900100580003,서울특별시 성북구 석관동,서울특별시 성북구 돌곶이로8길 51 (석관동),근린생활2,제2종근린생활시설,1009140330,지번
1129013900103010003,서울특별시 성북구 석관동,서울특별시 성북구 돌곶이로 47 (석관동),근린생활1,제1종근린생활시설,1009142545,지번
1129013900102480011,서울특별시 성북구 석관동,서울특별시 성북구 돌곶이로22길 8 (석관동),근린생활2,제2종근린생활시설,1009141836,지번
1129013800100770011,서울특별시 성북구 장위동,서울특별시 성북구 돌곶이로32길 36 (장위동),근린생활1,제1종근린생활시설,1009134755,지번
1129013900102500010,서울특별시 성북구 석관동,서울특별시 성북구 돌곶이로 60 (석관동),근린생활2,제2종근린생활시설,1009141847,지번
1129013800102370145,서울특별시 성북구 장위동,서울특별시 성북구 돌곶이로 167-2 (장위동),근린생활1,제1종근린생활시설,1009138268,지번
1129013800100750567,서울특별시 성북구 장위동,서울특별시 성북구 돌곶이로 159 (장위동),근린생활1,제1종근린생활시설,1009134556,지번
1129013800100680703,서울특별시 성북구 장위동,서울특별시 성북구 장위로40라길 22 (장위동),근린생활1,제1종근린생활시설,1009133708,지번
1129013800100680701,서울특별시 성북구 장위동,서울특별시 성북구 장위로38길 45-2 (장위동),근린생활1,제1종근린생활시설,1009133707,지번
1129013900100630018,서울특별시 성북구 석관동,서울특별시 성북구 한천로69길 9-2 (석관동),근린생활1,제1종근린생활시설,1009140549,지번
1129013900101240024,서울특별시 성북구 석관동,서울특별시 성북구 한천로76길 28 (석관동),근린생활1,제1종근린생활시설,1009141009,지번
1129013900100700008,서울특별시 성북구 석관동,서울특별시 성북구 한천로 553 (석관동),근린생활1,제1종근린생활시설,1009140663,지번
1129013900100580230,서울특별시 성북구 석관동,서울특별시 성북구 돌곶이로8길 41 (석관동),근린생활1,제1종근린생활시설,1009140443,지번
1129013900101840019,서울특별시 성북구 석관동,서울특별시 성북구 돌곶이로22길 76 (석관동),근린생활1,제1종근린생활시설,1009141485,지번
1129013500100100012,서울특별시 성북구 종암동,서울특별시 성북구 종암로14길 12-16 (종암동),근린생활2,제2종근린생활시설,1009126381,지번
1129013500100030718,서울특별시 성북구 종암동,서울특별시 성북구 월곡로6길 10-2 (종암동),근린생활1,제1종근린생활시설,1009125912,지번
1129013900102450009,서울특별시 성북구 석관동,서울특별시 성북구 돌곶이로 78 (석관동),근린생활1,제1종근린생활시설,1009141821,지번
1129013900103370023,서울특별시 성북구 석관동,서울특별시 성북구 화랑로32길 17 (석관동),근린생활1,제1종근린생활시설,1009143328,지번
1129013800100680652,서울특별시 성북구 장위동,서울특별시 성북구 화랑로19가길 3 (장위동),근린생활2,제2종근린생활시설,1009133681,지번
1129013800100750159,서울특별시 성북구 장위동,서울특별시 성북구 장위로37길 3-3 (장위동),근린생활2,제2종근린생활시설,1009134379,지번
1129013800101670004,서울특별시 성북구 장위동,서울특별시 성북구 한천로99길 24-2 (장위동),근린생활1,제1종근린생활시설,1009135629,지번
1129013800102030009,서울특별시 성북구 장위동,서울특별시 성북구 장월로 144-1 (장위동),근린생활1,제1종근린생활시설,1009136245,지번
1129013900100840003,서울특별시 성북구 석관동,서울특별시 성북구 한천로70길 20-2 (석관동),근린생활1,제1종근린생활시설,1009140809,지번
1129013900102620009,서울특별시 성북구 석관동,서울특별시 성북구 화랑로32길 63 (석관동),근린생활2,제2종근린생활시설,1009142101,지번
1129013800100520003,서울특별시 성북구 장위동,서울특별시 성북구 화랑로39길 11-8 (장위동),근린생활1,제1종근린생활시설,1009132772,지번
1129013500100070017,서울특별시 성북구 종암동,서울특별시 성북구 월곡로 17-1 (종암동),근린생활1,제1종근린생활시설,1009126145,지번
1129013300102580002,서울특별시 성북구 정릉동,서울특별시 성북구 솔샘로24길 45-3 (정릉동),근린생활1,제1종근린생활시설,1009118215,지번
1129013800100750299,서울특별시 성북구 장위동,서울특별시 성북구 돌곶이로 157 (장위동),근린생활2,제2종근린생활시설,1009134433,지번
1129013800100820020,서울특별시 성북구 장위동,서울특별시 성북구 장위로49길 27 (장위동),근린생활1,제1종근린생활시설,1009134808,지번
1129013800100660303,서울특별시 성북구 장위동,서울특별시 성북구 돌곶이로27길 78 (장위동),근린생활1,제1종근린생활시설,1009133311,지번
1129013800103070044,서울특별시 성북구 장위동,서울특별시 성북구 한천로 741 (장위동),근린생활1,제1종근린생활시설,1009139353,지번
1129013500100650014,서울특별시 성북구 종암동,서울특별시 성북구 종암로19길 36 (종암동),근린생활1,제1종근린생활시설,1009127256,지번
1129012500101360025,서울특별시 성북구 안암동5가,서울특별시 성북구 안암로9가길 100 (안암동5가),근린생활1,제1종근린생활시설,1009113834,지번
1129013500100030112,서울특별시 성북구 종암동,서울특별시 성북구 월곡로 53-1 (종암동),근린생활1,제1종근린생활시설,1009125595,지번
1129013800100660297,서울특별시 성북구 장위동,서울특별시 성북구 돌곶이로27길 66 (장위동),근린생활1,제1종근린생활시설,1009133307,지번
1129010100101260027,서울특별시 성북구 성북동,서울특별시 성북구 성북로15길 15-2 (성북동),근린생활2,제2종근린생활시설,10091100238534,지번
1129011600100010001,서울특별시 성북구 동선동1가,서울특별시 성북구 동소문로22길 4 (동선동1가),근린생활1,제1종근린생활시설,1009110435,지번
1129012900100220001,서울특별시 성북구 보문동7가,서울특별시 성북구 보문로 58-3 (보문동7가),근린생활1,제1종근린생활시설,1009115195,지번
1129012900100220001,서울특별시 성북구 보문동7가,서울특별시 성북구 보문로 58-3 (보문동7가),근린생활1,제1종근린생활시설,1009115196,지번
1129013700100070303,서울특별시 성북구 상월곡동,서울특별시 성북구 화랑로21길 65 (상월곡동),근린생활1,제1종근린생활시설,1009131463,지번
1129013900102620007,서울특별시 성북구 석관동,,근린생활1,단독주택,1009142097,지번
1129013900102620007,서울특별시 성북구 석관동,,근린생활1,단독주택,1009142098,지번
1129013900102620007,서울특별시 성북구 석관동,,근린생활1,제1종근린생활시설,1009142099,지번
1129013900102620007,서울특별시 성북구 석관동,,근린생활1,단독주택,1009142100,지번
1129013900103400071,서울특별시 성북구 석관동,서울특별시 성북구 화랑로32길 53 (석관동),근린생활1,제1종근린생활시설,1009143623,지번
1129013800100680088,서울특별시 성북구 장위동,서울특별시 성북구 장위로38길 46-1 (장위동),근린생활1,제1종근린생활시설,1009133377,지번
1129013700100070127,서울특별시 성북구 상월곡동,서울특별시 성북구 화랑로19길 78 (상월곡동),근린생활1,제1종근린생활시설,1009132181,지번
1129013700100070389,서울특별시 성북구 상월곡동,서울특별시 성북구 화랑로19길 74 (상월곡동),근린생활1,제1종근린생활시설,1009131485,지번
1129013500100810108,서울특별시 성북구 종암동,서울특별시 성북구 종암로21길 87 (종암동),근린생활1,제1종근린생활시설,1009127401,지번
1129011700101730000,서울특별시 성북구 동선동2가,서울특별시 성북구 보문로30가길 3 (동선동2가),근린생활1,제1종근린생활시설,1009110648,지번
1129013800102310509,서울특별시 성북구 장위동,서울특별시 성북구 장위로 6-1 (장위동),근린생활1,제1종근린생활시설,10091100248068,지번
1129013400111250008,서울특별시 성북구 길음동,서울특별시 성북구 삼양로 84 (길음동),근린생활2,제2종근린생활시설,1009124527,지번
1129013800100750329,서울특별시 성북구 장위동,서울특별시 성북구 돌곶이로 155 (장위동),근린생활1,제1종근린생활시설,1009134442,지번
1129013800100750317,서울특별시 성북구 장위동,서울특별시 성북구 돌곶이로 158 (장위동),근린생활1,제1종근린생활시설,1009134440,지번
1129013800100680498,서울특별시 성북구 장위동,서울특별시 성북구 화랑로19가길 20-24 (장위동),근린생활1,제1종근린생활시설,1009133612,지번
1129013800100680500,서울특별시 성북구 장위동,서울특별시 성북구 장위로38길 72 (장위동),근린생활1,제1종근린생활시설,1009133613,지번
1129013800101650008,서울특별시 성북구 장위동,서울특별시 성북구 한천로99길 6 (장위동),근린생활2,제2종근린생활시설,1009135599,지번
1129013500101250070,서울특별시 성북구 종암동,서울특별시 성북구 종암로19라길 34 (종암동),근린생활1,제1종근린생활시설,1009128118,지번
1129013800100680733,서울특별시 성북구 장위동,서울특별시 성북구 장위로38길 59 (장위동),근린생활1,제1종근린생활시설,1009133723,지번
1129013800103070041,서울특별시 성북구 장위동,서울특별시 성북구 한천로 739 (장위동),근린생활2,제2종근린생활시설,1009139350,지번
1129013800102030003,서울특별시 성북구 장위동,서울특별시 성북구 장월로 148-1 (장위동),근린생활2,제2종근린생활시설,1009136242,지번
1129013700100070335,서울특별시 성북구 상월곡동,서울특별시 성북구 화랑로19길 78-4 (상월곡동),근린생활2,제2종근린생활시설,1009131469,지번
1129013800102370065,서울특별시 성북구 장위동,서울특별시 성북구 돌곶이로 170 (장위동),근린생활1,제1종근린생활시설,1009138227,지번
1129013800102370065,서울특별시 성북구 장위동,서울특별시 성북구 돌곶이로 170 (장위동),근린생활1,단독주택,1009138228,지번
1129012900100300000,서울특별시 성북구 보문동7가,서울특별시 성북구 보문로 55 (보문동7가),근린생활1,제1종근린생활시설,1009115216,지번
1129013800100680708,서울특별시 성북구 장위동,서울특별시 성북구 장위로38길 55-1 (장위동),근린생활1,제1종근린생활시설,1009133712,지번
1129013800100680161,서울특별시 성북구 장위동,,근린생활1,제1종근린생활시설,1009133423,지번
1129013800100680161,서울특별시 성북구 장위동,,근린생활1,위험물저장및처리시설,1009133424,지번
1129013800100680161,서울특별시 성북구 장위동,,근린생활1,제1종근린생활시설,1009133425,지번
1129013800102390004,서울특별시 성북구 장위동,서울특별시 성북구 돌곶이로 164 (장위동),근린생활2,제2종근린생활시설,1009138671,지번
1129013900102790015,서울특별시 성북구 석관동,서울특별시 성북구 한천로73길 40 (석관동),근린생활2,제2종근린생활시설,1009142224,지번
1129013900103320212,서울특별시 성북구 석관동,서울특별시 성북구 돌곶이로9길 14 (석관동),근린생활1,제1종근린생활시설,1009143005,지번
1129013900101680005,서울특별시 성북구 석관동,서울특별시 성북구 화랑로 300 (석관동),근린생활1,제1종근린생활시설,1009141288,지번
1129013300102920011,서울특별시 성북구 정릉동,서울특별시 성북구 솔샘로 73 (정릉동),근린생활2,제2종근린생활시설,1009118632,지번
1129013800101430038,서울특별시 성북구 장위동,서울특별시 성북구 장월로38길 4 (장위동),근린생활1,제1종근린생활시설,10091100264191,지번
1129013900102610076,서울특별시 성북구 석관동,서울특별시 성북구 화랑로32길 163-1 (석관동),근린생활2,제2종근린생활시설,1009141966,지번
1129013900101310002,서울특별시 성북구 석관동,서울특별시 성북구 한천로76다길 39 (석관동),근린생활1,제1종근린생활시설,1009141142,지번
1129013500100100079,서울특별시 성북구 종암동,서울특별시 성북구 종암로14길 6-24 (종암동),근린생활2,제2종근린생활시설,1009126425,지번
1129012500101030019,서울특별시 성북구 안암동5가,서울특별시 성북구 고려대로26길 33 (안암동5가),근린생활2,제2종근린생활시설,10091100192607,지번
1129012500101030099,서울특별시 성북구 안암동5가,서울특별시 성북구 고려대로26길 42-2 (안암동5가),근린생활1,제1종근린생활시설,1009113631,지번
1129012500101040029,서울특별시 성북구 안암동5가,서울특별시 성북구 고려대로26길 50 (안암동5가),근린생활1,제1종근린생활시설,1009113691,지번
1129013500100030362,서울특별시 성북구 종암동,서울특별시 성북구 월곡로5길 10 (종암동),근린생활1,제1종근린생활시설,1009125749,지번
1129013500100031274,서울특별시 성북구 종암동,서울특별시 성북구 월곡로5길 81 (종암동),근린생활1,제1종근린생활시설,1009126037,지번
1129013800101410014,서울특별시 성북구 장위동,서울특별시 성북구 장월로38가길 17-3 (장위동),근린생활2,제2종근린생활시설,1009135209,지번
1129013800100890003,서울특별시 성북구 장위동,서울특별시 성북구 장위로 173 (장위동),근린생활2,제2종근린생활시설,1009134845,지번
1129013800100750517,서울특별시 성북구 장위동,서울특별시 성북구 돌곶이로 163 (장위동),근린생활1,제1종근린생활시설,1009134514,지번
1129013900101820049,서울특별시 성북구 석관동,서울특별시 성북구 한천로78길 5 (석관동),근린생활1,제1종근린생활시설,1009141465,지번
1129013900101270005,서울특별시 성북구 석관동,서울특별시 성북구 한천로76길 33-9 (석관동),근린생활1,제1종근린생활시설,1009141045,지번
1129013900101330045,서울특별시 성북구 석관동,서울특별시 성북구 한천로76다길 43 (석관동),근린생활2,제2종근린생활시설,1009141262,지번
1129013900103320651,서울특별시 성북구 석관동,서울특별시 성북구 돌곶이로7길 3-7 (석관동),근린생활2,제2종근린생활시설,1009143242,지번
1129013900101830010,서울특별시 성북구 석관동,서울특별시 성북구 한천로 569 (석관동),근린생활1,제1종근린생활시설,1009141473,지번
1129013900101270014,서울특별시 성북구 석관동,서울특별시 성북구 한천로76길 33-11 (석관동),근린생활1,제1종근린생활시설,1009141046,지번
1129013900100770006,서울특별시 성북구 석관동,서울특별시 성북구 한천로70길 21 (석관동),근린생활1,제1종근린생활시설,1009140749,지번
1129013900101820027,서울특별시 성북구 석관동,서울특별시 성북구 한천로80길 3 (석관동),근린생활1,제1종근린생활시설,1009141458,지번
1129013900101240042,서울특별시 성북구 석관동,서울특별시 성북구 한천로76길 20 (석관동),근린생활2,제2종근린생활시설,1009141015,지번
1129013900100650047,서울특별시 성북구 석관동,서울특별시 성북구 한천로71길 13-4 (석관동),근린생활1,제1종근린생활시설,1009140612,지번
1129013900100700010,서울특별시 성북구 석관동,서울특별시 성북구 돌곶이로14길 78 (석관동),근린생활2,제2종근린생활시설,1009140665,지번
1129013900101280010,서울특별시 성북구 석관동,서울특별시 성북구 한천로80길 19 (석관동),근린생활1,제1종근린생활시설,1009141100,지번
1129013900101820040,서울특별시 성북구 석관동,서울특별시 성북구 한천로 584 (석관동),근린생활1,제1종근린생활시설,1009141461,지번
1129013900101190006,서울특별시 성북구 석관동,서울특별시 성북구 한천로68길 69 (석관동),근린생활1,제1종근린생활시설,1009140901,지번
1129013900101330010,서울특별시 성북구 석관동,서울특별시 성북구 한천로80길 63 (석관동),근린생활2,제2종근린생활시설,1009141235,지번
1129013800100760052,서울특별시 성북구 장위동,서울특별시 성북구 장위로45길 37 (장위동),근린생활1,제1종근린생활시설,1009134624,지번
1129013900103380244,서울특별시 성북구 석관동,서울특별시 성북구 화랑로22가길 41 (석관동),근린생활1,제1종근린생활시설,1009143405,지번
1129013800100450001,서울특별시 성북구 장위동,,근린생활2,제2종근린생활시설,1009132737,지번
1129013800100450009,서울특별시 성북구 장위동,서울특별시 성북구 화랑로 285 (장위동),근린생활1,제1종근린생활시설,1009132739,지번
1129013800100450008,서울특별시 성북구 장위동,서울특별시 성북구 화랑로 287 (장위동),근린생활1,제1종근린생활시설,1009132738,지번
1129013800100450011,서울특별시 성북구 장위동,서울특별시 성북구 화랑로 283 (장위동),근린생활2,제2종근린생활시설,1009132740,지번
1129013900100580221,서울특별시 성북구 석관동,서울특별시 성북구 돌곶이로8길 47 (석관동),근린생활2,제2종근린생활시설,1009140434,지번
1129013900100580218,서울특별시 성북구 석관동,서울특별시 성북구 돌곶이로8바길 3 (석관동),근린생활1,제1종근린생활시설,1009140432,지번
1129013900101330014,서울특별시 성북구 석관동,서울특별시 성북구 화랑로40길 54 (석관동),근린생활2,제2종근린생활시설,1009141238,지번
1129013900103320650,서울특별시 성북구 석관동,서울특별시 성북구 돌곶이로7길 3-5 (석관동),근린생활2,제2종근린생활시설,1009143241,지번
1129013900103000003,서울특별시 성북구 석관동,서울특별시 성북구 돌곶이로22가길 40 (석관동),근린생활1,제1종근린생활시설,1009142526,지번
1129013900102480003,서울특별시 성북구 석관동,서울특별시 성북구 돌곶이로 67 (석관동),근린생활1,제1종근린생활시설,1009141830,지번
1129013800100680737,서울특별시 성북구 장위동,서울특별시 성북구 장위로38길 63 (장위동),근린생활1,제1종근린생활시설,1009133727,지번
1129013900103320652,서울특별시 성북구 석관동,서울특별시 성북구 돌곶이로7길 3-9 (석관동),근린생활2,제2종근린생활시설,1009143243,지번
1129011500104000000,서울특별시 성북구 삼선동5가,서울특별시 성북구 고려대로5길 89 (삼선동5가),근린생활2,제2종근린생활시설,10091100250328,지번
1129013900102880020,서울특별시 성북구 석관동,서울특별시 성북구 돌곶이로22나길 31 (석관동),근린생활1,제1종근린생활시설,1009142448,지번
1129013900100700016,서울특별시 성북구 석관동,서울특별시 성북구 한천로 545 (석관동),근린생활1,제1종근린생활시설,1009140667,지번
1129013900102610275,서울특별시 성북구 석관동,서울특별시 성북구 화랑로32길 118 (석관동),근린생활1,제1종근린생활시설,1009142055,지번
1129013900101310050,서울특별시 성북구 석관동,서울특별시 성북구 한천로76길 33-18 (석관동),근린생활1,제1종근린생활시설,1009141181,지번
1129013900101270063,서울특별시 성북구 석관동,서울특별시 성북구 한천로80길 32 (석관동),근린생활1,제1종근린생활시설,1009141079,지번
1129013900101680055,서울특별시 성북구 석관동,서울특별시 성북구 화랑로42길 50 (석관동),근린생활1,제1종근린생활시설,10091100192087,지번
1129013900101330053,서울특별시 성북구 석관동,서울특별시 성북구 한천로78길 61 (석관동),근린생활2,제2종근린생활시설,1009141265,지번
1129013800100681155,서울특별시 성북구 장위동,서울특별시 성북구 장월로8길 64 (장위동),근린생활1,제1종근린생활시설,1009133935,지번
1129013700100270001,서울특별시 성북구 상월곡동,서울특별시 성북구 화랑로19길 64 (상월곡동),근린생활1,제1종근린생활시설,1009131786,지번
1129013700100270001,서울특별시 성북구 상월곡동,서울특별시 성북구 화랑로19길 64 (상월곡동),근린생활1,단독주택,1009131787,지번
1129013800102310225,서울특별시 성북구 장위동,서울특별시 성북구 장위로6길 2 (장위동),근린생활1,제1종근린생활시설,10091100238354,지번
1129013000100010014,서울특별시 성북구 보문동1가,서울특별시 성북구 보문로30길 12-4 (보문동1가),근린생활2,제2종근린생활시설,10091100269291,지번
1129011800100660000,서울특별시 성북구 동선동3가,서울특별시 성북구 동소문로26가길 39 (동선동3가),근린생활1,제1종근린생활시설,1009110898,지번
1129013800100660240,서울특별시 성북구 장위동,서울특별시 성북구 돌곶이로27길 59-1 (장위동),근린생활1,제1종근린생활시설,1009133269,지번
1129011800102500001,서울특별시 성북구 동선동3가,,근린생활2,단독주택,1009111114,지번
1129011800102500001,서울특별시 성북구 동선동3가,서울특별시 성북구 보문로34다길 56 (동선동3가),근린생활2,단독주택,1009111115,지번
1129011800102500001,서울특별시 성북구 동선동3가,,근린생활2,단독주택,1009111116,지번
1129011800102500001,서울특별시 성북구 동선동3가,서울특별시 성북구 동소문로26마길 8 (동선동3가),근린생활2,제2종근린생활시설,1009111117,지번
1129011800102500001,서울특별시 성북구 동선동3가,서울특별시 성북구 동소문로26마길 2-10 (동선동3가),근린생활2,단독주택,1009111118,지번
1129011800102500001,서울특별시 성북구 동선동3가,서울특별시 성북구 동소문로26마길 2-4 (동선동3가),근린생활2,단독주택,1009111119,지번
1129011800102500001,서울특별시 성북구 동선동3가,,근린생활2,단독주택,1009111120,지번
1129011800102500001,서울특별시 성북구 동선동3가,,근린생활2,단독주택,1009111121,지번
1129011800102500001,서울특별시 성북구 동선동3가,서울특별시 성북구 동소문로26마길 2-7 (동선동3가),근린생활2,단독주택,1009111122,지번
1129011800102500001,서울특별시 성북구 동선동3가,,근린생활2,단독주택,1009111123,지번
1129011800102500001,서울특별시 성북구 동선동3가,,근린생활2,단독주택,1009111124,지번
1129011800102500001,서울특별시 성북구 동선동3가,서울특별시 성북구 동소문로26마길 2-27 (동선동3가),근린생활2,단독주택,1009111125,지번
1129013800100650096,서울특별시 성북구 장위동,서울특별시 성북구 돌곶이로25길 43 (장위동),근린생활1,제1종근린생활시설,1009133101,지번
1129013800100640109,서울특별시 성북구 장위동,서울특별시 성북구 화랑로33길 8 (장위동),근린생활2,제2종근린생활시설,1009133049,지번
1129013800100650144,서울특별시 성북구 장위동,서울특별시 성북구 돌곶이로25길 63 (장위동),근린생활1,제1종근린생활시설,1009133122,지번
1129013900102760004,서울특별시 성북구 석관동,서울특별시 성북구 돌곶이로18길 27-5 (석관동),근린생활1,제1종근린생활시설,1009142181,지번
1129013800100500018,서울특별시 성북구 장위동,서울특별시 성북구 화랑로39길 5 (장위동),근린생활1,제1종근린생활시설,1009132751,지번
1129013900103380626,서울특별시 성북구 석관동,서울특별시 성북구 화랑로24길 9-11 (석관동),근린생활2,제2종근린생활시설,1009143598,지번
1129013800100760034,서울특별시 성북구 장위동,서울특별시 성북구 장위로45길 19 (장위동),근린생활1,제1종근린생활시설,1009134613,지번
1129013500100980033,서울특별시 성북구 종암동,서울특별시 성북구 월곡로7길 76 (종암동),근린생활2,제2종근린생활시설,10091100249267,지번
1129013800100750100,서울특별시 성북구 장위동,서울특별시 성북구 돌곶이로 138 (장위동),근린생활1,제1종근린생활시설,1009134356,지번
1129013300101600020,서울특별시 성북구 정릉동,서울특별시 성북구 정릉로 257 (정릉동),근린생활2,제2종근린생활시설,1009117245,지번
1129011400103320000,서울특별시 성북구 삼선동4가,서울특별시 성북구 삼선교로 85 (삼선동4가),근린생활2,제2종근린생활시설,10091100186157,지번
1129013900102260006,서울특별시 성북구 석관동,서울특별시 성북구 화랑로 278-18 (석관동),근린생활2,제2종근린생활시설,1009141780,지번
1129013900102610122,서울특별시 성북구 석관동,서울특별시 성북구 화랑로32길 114 (석관동),근린생활1,제1종근린생활시설,1009141976,지번
1129013800103070075,서울특별시 성북구 장위동,서울특별시 성북구 한천로 747 (장위동),근린생활2,제2종근린생활시설,1009139376,지번
1129013800100650217,서울특별시 성북구 장위동,서울특별시 성북구 화랑로 221 (장위동),근린생활1,제1종근린생활시설,1009133154,지번
1129013800100640075,서울특별시 성북구 장위동,서울특별시 성북구 돌곶이로25길 12-2 (장위동),근린생활1,제1종근린생활시설,1009133032,지번
1129013800102370064,서울특별시 성북구 장위동,서울특별시 성북구 돌곶이로 168-1 (장위동),근린생활2,제2종근린생활시설,10091100257910,지번
1129012400100410026,서울특별시 성북구 안암동4가,서울특별시 성북구 안암로9길 10 (안암동4가),근린생활2,제2종근린생활시설,1009113171,지번
1129012500100150053,서울특별시 성북구 안암동5가,서울특별시 성북구 개운사길 32 (안암동5가),근린생활2,제2종근린생활시설,1009113358,지번
1129013900103040027,서울특별시 성북구 석관동,서울특별시 성북구 돌곶이로 41 (석관동),근린생활1,제1종근린생활시설,1009142568,지번
1129013900103320573,서울특별시 성북구 석관동,서울특별시 성북구 돌곶이로 27 (석관동),근린생활1,제1종근린생활시설,1009143194,지번
1129013900101250011,서울특별시 성북구 석관동,서울특별시 성북구 한천로76길 35 (석관동),근린생활2,제2종근린생활시설,1009141033,지번
1129013900103320550,서울특별시 성북구 석관동,서울특별시 성북구 돌곶이로 37 (석관동),근린생활1,제1종근린생활시설,1009143184,지번
1129013900101740016,서울특별시 성북구 석관동,서울특별시 성북구 한천로 594 (석관동),근린생활2,제2종근린생활시설,1009141345,지번
1129013900102920023,서울특별시 성북구 석관동,서울특별시 성북구 돌곶이로8가길 33 (석관동),근린생활1,제1종근린생활시설,1009142479,지번
1129013300102660372,서울특별시 성북구 정릉동,서울특별시 성북구 보국문로18가길 16 (정릉동),근린생활2,제2종근린생활시설,10091100242965,지번
1129013800100660163,서울특별시 성북구 장위동,서울특별시 성북구 돌곶이로27길 39-22 (장위동),근린생활1,제1종근린생활시설,1009133231,지번
1129013800100660164,서울특별시 성북구 장위동,서울특별시 성북구 돌곶이로27길 39-20 (장위동),근린생활1,제1종근린생활시설,1009133232,지번
1129013900102610159,서울특별시 성북구 석관동,,근린생활1,제1종근린생활시설,1009142001,지번
1129013900102920022,서울특별시 성북구 석관동,서울특별시 성북구 돌곶이로8가길 35 (석관동),근린생활2,제2종근린생활시설,1009142478,지번
1129013900101820046,서울특별시 성북구 석관동,서울특별시 성북구 한천로78길 7 (석관동),근린생활2,제2종근린생활시설,1009141464,지번
1129013900101270071,서울특별시 성북구 석관동,서울특별시 성북구 한천로78길 39-1 (석관동),근린생활2,제2종근린생활시설,1009141087,지번
1129013900102880016,서울특별시 성북구 석관동,서울특별시 성북구 돌곶이로22나길 35-1 (석관동),근린생활1,제1종근린생활시설,1009142445,지번
1129013800100750001,서울특별시 성북구 장위동,서울특별시 성북구 돌곶이로 162 (장위동),근린생활1,제1종근린생활시설,1009134310,지번
1129013900102680005,서울특별시 성북구 석관동,서울특별시 성북구 돌곶이로 49 (석관동),근린생활2,제2종근린생활시설,1009142157,지번
1129013900103320649,서울특별시 성북구 석관동,서울특별시 성북구 돌곶이로5길 4 (석관동),근린생활2,제2종근린생활시설,1009143240,지번
1129013900100700014,서울특별시 성북구 석관동,서울특별시 성북구 한천로 545-1 (석관동),근린생활2,제2종근린생활시설,1009140666,지번
1129013900101900010,서울특별시 성북구 석관동,서울특별시 성북구 한천로79길 14-14 (석관동),근린생활1,제1종근린생활시설,1009141603,지번
1129013800100680134,서울특별시 성북구 장위동,서울특별시 성북구 장월로8길 60-1 (장위동),근린생활2,제2종근린생활시설,1009133407,지번
1129013900101360000,서울특별시 성북구 석관동,서울특별시 성북구 한천로66길 185 (석관동),근린생활2,제2종근린생활시설,1009141282,지번
1129013800102380156,서울특별시 성북구 장위동,서울특별시 성북구 장월로 99-7 (장위동),근린생활2,제2종근린생활시설,10091100236034,지번
1129011400101230000,서울특별시 성북구 삼선동4가,서울특별시 성북구 보문로37길 23 (삼선동4가),근린생활1,제1종근린생활시설,10091100236955,지번
1129013800100880008,서울특별시 성북구 장위동,서울특별시 성북구 장위로45길 2-27 (장위동),근린생활1,제1종근린생활시설,1009134831,지번
1129013900100650040,서울특별시 성북구 석관동,서울특별시 성북구 돌곶이로14길 66 (석관동),근린생활1,제1종근린생활시설,1009140611,지번
1129013900103220025,서울특별시 성북구 석관동,서울특별시 성북구 돌곶이로8가길 2 (석관동),근린생활2,제2종근린생활시설,1009142781,지번
1129013900103080027,서울특별시 성북구 석관동,서울특별시 성북구 돌곶이로14길 16-1 (석관동),근린생활1,제1종근린생활시설,1009142620,지번
1129013900103000028,서울특별시 성북구 석관동,서울특별시 성북구 돌곶이로 52-10 (석관동),근린생활1,제1종근린생활시설,1009142542,지번
1129013900102990008,서울특별시 성북구 석관동,서울특별시 성북구 돌곶이로14길 12 (석관동),근린생활1,제1종근린생활시설,1009142523,지번
1129013900103230003,서울특별시 성북구 석관동,서울특별시 성북구 돌곶이로 21 (석관동),근린생활2,제2종근린생활시설,1009142782,지번
1129013900102610072,서울특별시 성북구 석관동,서울특별시 성북구 화랑로32길 155 (석관동),근린생활2,제2종근린생활시설,1009141962,지번
1129012700101610010,서울특별시 성북구 보문동5가,서울특별시 성북구 지봉로20길 65 (보문동5가),근린생활2,제2종근린생활시설,10091100239314,지번
1129010100101630019,서울특별시 성북구 성북동,서울특별시 성북구 성북로 56 (성북동),근린생활1,제1종근린생활시설,100912884,지번
1129013800100680079,서울특별시 성북구 장위동,서울특별시 성북구 장위로40다길 17 (장위동),근린생활2,제2종근린생활시설,1009133371,지번
1129013900101310010,서울특별시 성북구 석관동,서울특별시 성북구 한천로78길 52 (석관동),근린생활1,제1종근린생활시설,1009141146,지번
1129013900101250010,서울특별시 성북구 석관동,서울특별시 성북구 한천로78길 12-26 (석관동),근린생활1,제1종근린생활시설,1009141032,지번
1129013900101180018,서울특별시 성북구 석관동,서울특별시 성북구 한천로76다길 8 (석관동),근린생활2,제2종근린생활시설,1009140883,지번
1129013900100900015,서울특별시 성북구 석관동,서울특별시 성북구 돌곶이로8길 75 (석관동),근린생활1,제1종근린생활시설,1009140862,지번
1129013900101760062,서울특별시 성북구 석관동,서울특별시 성북구 화랑로40길 26 (석관동),근린생활1,제1종근린생활시설,1009141394,지번
1129013900100850029,서울특별시 성북구 석관동,서울특별시 성북구 한천로68길 12-1 (석관동),근린생활1,제1종근린생활시설,1009140847,지번
1129013900103190006,서울특별시 성북구 석관동,서울특별시 성북구 돌곶이로8다길 3 (석관동),근린생활1,제1종근린생활시설,1009142729,지번
1129013900101330009,서울특별시 성북구 석관동,서울특별시 성북구 한천로80길 65 (석관동),근린생활1,제1종근린생활시설,1009141234,지번
1129013900101330061,서울특별시 성북구 석관동,서울특별시 성북구 한천로78길 53 (석관동),근린생활1,제1종근린생활시설,1009141268,지번
1129013900100580273,서울특별시 성북구 석관동,서울특별시 성북구 돌곶이로8길 59 (석관동),근린생활2,제2종근린생활시설,1009140469,지번
1129012900100920000,서울특별시 성북구 보문동7가,서울특별시 성북구 보문로13나길 9 (보문동7가),근린생활2,제2종근린생활시설,1009115281,지번
1129012900100560000,서울특별시 성북구 보문동7가,,근린생활1,단독주택,1009115244,지번
1129012900100560000,서울특별시 성북구 보문동7가,서울특별시 성북구 보문로13길 24 (보문동7가),근린생활1,제1종근린생활시설,1009115245,지번
1129012900100230007,서울특별시 성북구 보문동7가,서울특별시 성북구 안암로1길 45 (보문동7가),근린생활2,제2종근린생활시설,1009115206,지번
1129012800100820000,서울특별시 성북구 보문동6가,서울특별시 성북구 보문로13다길 27-12 (보문동6가),근린생활2,제2종근린생활시설,1009114628,지번
1129012800101540002,서울특별시 성북구 보문동6가,서울특별시 성북구 보문로13길 45 (보문동6가),근린생활2,제2종근린생활시설,1009114706,지번
1129012400100410036,서울특별시 성북구 안암동4가,서울특별시 성북구 안암로 19 (안암동4가),근린생활2,제2종근린생활시설,1009113178,지번
1129013800100890078,서울특별시 성북구 장위동,서울특별시 성북구 장위로 169-1 (장위동),근린생활1,제1종근린생활시설,1009139573,지번
1129013800100750459,서울특별시 성북구 장위동,서울특별시 성북구 돌곶이로 154-1 (장위동),근린생활1,제1종근린생활시설,1009134495,지번
1129013800100750612,서울특별시 성북구 장위동,서울특별시 성북구 돌곶이로 144 (장위동),근린생활1,제1종근린생활시설,1009134585,지번
1129013400110790000,서울특별시 성북구 길음동,서울특별시 성북구 삼양로 26 (길음동),근린생활2,제2종근린생활시설,1009124441,지번
1129013400112420013,서울특별시 성북구 길음동,,근린생활2,제2종근린생활시설,1009124715,지번
1129013400112420013,서울특별시 성북구 길음동,,근린생활2,제2종근린생활시설,1009124716,지번
1129012900101130004,서울특별시 성북구 보문동7가,서울특별시 성북구 안암로1길 11 (보문동7가),근린생활2,제2종근린생활시설,1009115311,지번
1129012900101130006,서울특별시 성북구 보문동7가,서울특별시 성북구 안암로1길 19 (보문동7가),근린생활2,제2종근린생활시설,1009115312,지번
1129012500100150080,서울특별시 성북구 안암동5가,서울특별시 성북구 고려대로27길 30-2 (안암동5가),근린생활2,제2종근린생활시설,1009113366,지번
1129013500100230006,서울특별시 성북구 종암동,서울특별시 성북구 종암로9길 15 (종암동),근린생활2,제2종근린생활시설,1009126581,지번
1129010100101680147,서울특별시 성북구 성북동,서울특별시 성북구 성북로8다길 43 (성북동),근린생활2,제2종근린생활시설,10091100255850,지번
1129013300100160013,서울특별시 성북구 정릉동,서울특별시 성북구 정릉로 340 (정릉동),근린생활2,제2종근린생활시설,1009116556,지번
1129012500101010098,서울특별시 성북구 안암동5가,서울특별시 성북구 고려대로27길 17 (안암동5가),근린생활1,제1종근린생활시설,1009113539,지번
1129013500100031249,서울특별시 성북구 종암동,서울특별시 성북구 종암로22길 12-18 (종암동),근린생활2,제2종근린생활시설,1009126016,지번
1129013500100550049,서울특별시 성북구 종암동,서울특별시 성북구 종암로19길 69 (종암동),근린생활1,제1종근린생활시설,1009127134,지번
1129013500100550049,서울특별시 성북구 종암동,서울특별시 성북구 종암로19길 69 (종암동),근린생활1,제1종근린생활시설,1009127135,지번
1129013500100030142,서울특별시 성북구 종암동,서울특별시 성북구 월곡로4길 13 (종암동),근린생활1,제1종근린생활시설,1009125609,지번
1129013300102270072,서울특별시 성북구 정릉동,서울특별시 성북구 서경로 79 (정릉동),근린생활1,제1종근린생활시설,1009121898,지번
1129011500100640002,서울특별시 성북구 삼선동5가,서울특별시 성북구 삼선교로22길 22 (삼선동5가),근린생활2,제2종근린생활시설,1000000000000003179708,지번
1129012300100300005,서울특별시 성북구 안암동3가,서울특별시 성북구 고려대로10길 23-1 (안암동3가),근린생활2,제2종근린생활시설,1009112705,지번
1129013300100240011,서울특별시 성북구 정릉동,서울특별시 성북구 동소문로35길 39 (정릉동),근린생활1,제1종근린생활시설,1009116891,지번
1129013300104640009,서울특별시 성북구 정릉동,서울특별시 성북구 정릉로26길 6-5 (정릉동),근린생활1,제1종근린생활시설,1009119531,지번
1129013300101990007,서울특별시 성북구 정릉동,서울특별시 성북구 정릉로27나길 1 (정릉동),근린생활1,제1종근린생활시설,1009117816,지번
1129013500100070101,서울특별시 성북구 종암동,서울특별시 성북구 월곡로 9 (종암동),근린생활1,제1종근린생활시설,1009126200,지번
1129012900100900003,서울특별시 성북구 보문동7가,서울특별시 성북구 보문로13길 7 (보문동7가),근린생활2,제2종근린생활시설,1009115279,지번
1129013300101670022,서울특별시 성북구 정릉동,서울특별시 성북구 정릉로27길 61 (정릉동),근린생활1,제1종근린생활시설,1009117410,지번
1129013300103980008,서울특별시 성북구 정릉동,서울특별시 성북구 보국문로11길 18-2 (정릉동),근린생활1,제1종근린생활시설,1009119141,지번
1129013300103980008,서울특별시 성북구 정릉동,서울특별시 성북구 보국문로11길 18-2 (정릉동),근린생활1,제2종근린생활시설,1009119142,지번
1129013300104630006,서울특별시 성북구 정릉동,서울특별시 성북구 정릉로26길 6-23 (정릉동),근린생활1,제1종근린생활시설,1009119527,지번
1129012500101470009,서울특별시 성북구 안암동5가,서울특별시 성북구 개운사길 21-4 (안암동5가),근린생활2,제2종근린생활시설,1009113855,지번
1129012500101460012,서울특별시 성북구 안암동5가,서울특별시 성북구 고려대로22길 6-2 (안암동5가),근린생활2,제2종근린생활시설,1009113843,지번
1129013500100300000,서울특별시 성북구 종암동,서울특별시 성북구 종암로 18 (종암동),근린생활2,제2종근린생활시설,1009126769,지번
1129013500100300000,서울특별시 성북구 종암동,서울특별시 성북구 종암로 18 (종암동),근린생활2,교육연구시설,1009126770,지번
1129012400100280002,서울특별시 성북구 안암동4가,서울특별시 성북구 안암로 29 (안암동4가),근린생활1,제1종근린생활시설,1009113144,지번
1129012500101100135,서울특별시 성북구 안암동5가,서울특별시 성북구 안암로 43 (안암동5가),근린생활2,제2종근린생활시설,1009113734,지번
1129012500101100129,서울특별시 성북구 안암동5가,서울특별시 성북구 안암로 47 (안암동5가),근린생활2,제2종근린생활시설,1009113732,지번
1129013300100160204,서울특별시 성북구 정릉동,서울특별시 성북구 정릉로38다길 4 (정릉동),근린생활1,제1종근린생활시설,1009116706,지번
1129013300100160292,서울특별시 성북구 정릉동,서울특별시 성북구 정릉로38가길 21 (정릉동),근린생활1,제1종근린생활시설,1009116780,지번
1129012400100410040,서울특별시 성북구 안암동4가,서울특별시 성북구 안암로7길 7 (안암동4가),근린생활2,제2종근린생활시설,1009113182,지번
1129013700100240055,서울특별시 성북구 상월곡동,서울특별시 성북구 화랑로18가길 45-1 (상월곡동),근린생활2,제2종근린생활시설,1009131614,지번
1129012500100120070,서울특별시 성북구 안암동5가,서울특별시 성북구 고려대로27길 20 (안암동5가),근린생활2,제2종근린생활시설,1009113305,지번
1129012500101470004,서울특별시 성북구 안암동5가,서울특별시 성북구 개운사1길 32 (안암동5가),근린생활2,제2종근린생활시설,1009113854,지번
1129012500101100126,서울특별시 성북구 안암동5가,서울특별시 성북구 안암로 47-1 (안암동5가),근린생활1,제1종근린생활시설,1009113731,지번
1129012400100150006,서울특별시 성북구 안암동4가,서울특별시 성북구 안암로7길 41 (안암동4가),근린생활1,제1종근린생활시설,1009113093,지번
1129012400100170001,서울특별시 성북구 안암동4가,서울특별시 성북구 안암로9길 27 (안암동4가),근린생활1,제1종근린생활시설,1009113116,지번
1129013500200020027,서울특별시 성북구 종암동,서울특별시 성북구 북악산로 949-34 (종암동),근린생활1,제1종근린생활시설,1009128442,지번
1129013500200020027,서울특별시 성북구 종암동,,근린생활1,제1종근린생활시설,1009128443,지번
1129012200101610035,서울특별시 성북구 안암동2가,서울특별시 성북구 고려대로17가길 4 (안암동2가),근린생활2,제2종근린생활시설,1009112656,지번
1129012500100150023,서울특별시 성북구 안암동5가,서울특별시 성북구 개운사길 51 (안암동5가),근린생활1,제1종근린생활시설,1009113342,지번
1129012500101270004,서울특별시 성북구 안암동5가,서울특별시 성북구 안암로9가길 59 (안암동5가),근린생활2,제2종근린생활시설,10091100193948,지번
1129012500101340042,서울특별시 성북구 안암동5가,,근린생활1,제2종근린생활시설,1009113807,지번
1129012500101340042,서울특별시 성북구 안암동5가,,근린생활1,제1종근린생활시설,1009113808,지번
1129012500100400009,서울특별시 성북구 안암동5가,서울특별시 성북구 안암로 107 (안암동5가),근린생활2,제2종근린생활시설,1009113380,지번
1129012500101110020,서울특별시 성북구 안암동5가,서울특별시 성북구 안암로 39 (안암동5가),근린생활1,제1종근린생활시설,1009113742,지번
1129012400100280001,서울특별시 성북구 안암동4가,서울특별시 성북구 안암로 27-6 (안암동4가),근린생활2,제2종근린생활시설,1009113143,지번
1129012400100410009,서울특별시 성북구 안암동4가,서울특별시 성북구 안암로7길 22 (안암동4가),근린생활2,제2종근린생활시설,1009113158,지번
1129012400100180003,서울특별시 성북구 안암동4가,서울특별시 성북구 안암로9길 31 (안암동4가),근린생활1,제1종근린생활시설,1009113121,지번
1129013300101640038,서울특별시 성북구 정릉동,서울특별시 성북구 보국문로2길 23 (정릉동),근린생활1,제1종근린생활시설,1009117307,지번
1129012900101090001,서울특별시 성북구 보문동7가,서울특별시 성북구 안암로1길 22 (보문동7가),근린생활2,제2종근린생활시설,1009115296,지번
1129012500100150064,서울특별시 성북구 안암동5가,서울특별시 성북구 개운사길 41-3 (안암동5가),근린생활2,제2종근린생활시설,1009113362,지번
1129012200101610039,서울특별시 성북구 안암동2가,서울특별시 성북구 고려대로17길 3 (안암동2가),근린생활2,제2종근린생활시설,1009112657,지번
1129013300104940000,서울특별시 성북구 정릉동,서울특별시 성북구 아리랑로19길 60 (정릉동),근린생활1,공동주택,1009122263,지번
1129013300104940000,서울특별시 성북구 정릉동,서울특별시 성북구 아리랑로19길 60 (정릉동),근린생활1,제1종근린생활시설,1009122264,지번
1129013300104940000,서울특별시 성북구 정릉동,서울특별시 성북구 아리랑로19길 60 (정릉동),근린생활1,공동주택,1009122265,지번
1129013300104940000,서울특별시 성북구 정릉동,서울특별시 성북구 아리랑로19길 60 (정릉동),근린생활1,공동주택,1009122266,지번
1129013300104940000,서울특별시 성북구 정릉동,서울특별시 성북구 아리랑로19길 60 (정릉동),근린생활1,공동주택,1009122267,지번
1129013300104940000,서울특별시 성북구 정릉동,서울특별시 성북구 아리랑로19길 60 (정릉동),근린생활1,공동주택,1009122268,지번
1129013300104940000,서울특별시 성북구 정릉동,서울특별시 성북구 아리랑로19길 60 (정릉동),근린생활1,공동주택,1009122269,지번
1129013300104940000,서울특별시 성북구 정릉동,서울특별시 성북구 아리랑로19길 60 (정릉동),근린생활1,공동주택,1009122270,지번
1129010100101030004,서울특별시 성북구 성북동,서울특별시 성북구 성북로21길 17 (성북동),근린생활2,제2종근린생활시설,1000000000000002254401,지번
1129011800100730000,서울특별시 성북구 동선동3가,서울특별시 성북구 동소문로26마길 39 (동선동3가),근린생활2,제2종근린생활시설,10091100198130,지번
1129012500101340035,서울특별시 성북구 안암동5가,서울특별시 성북구 안암로 69-1 (안암동5가),근린생활2,제2종근린생활시설,1009113804,지번
1129012500100850003,서울특별시 성북구 안암동5가,서울특별시 성북구 안암로 103 (안암동5가),근린생활1,제1종근린생활시설,1009113426,지번
1129013600100960264,서울특별시 성북구 하월곡동,서울특별시 성북구 종암로40길 42 (하월곡동),근린생활2,제2종근린생활시설,10091100244547,지번
1129013300101610005,서울특별시 성북구 정릉동,서울특별시 성북구 정릉로 255-4 (정릉동),근린생활2,제2종근린생활시설,1009117247,지번
1129013300101610005,서울특별시 성북구 정릉동,서울특별시 성북구 정릉로 261-10 (정릉동),근린생활2,제2종근린생활시설,1009117260,지번
1129013300101600019,서울특별시 성북구 정릉동,서울특별시 성북구 정릉로 261 (정릉동),근린생활2,제2종근린생활시설,1009117244,지번
1129013300101620034,서울특별시 성북구 정릉동,서울특별시 성북구 정릉로 261-8 (정릉동),근린생활2,제2종근린생활시설,1009117280,지번
1129013300101600013,서울특별시 성북구 정릉동,서울특별시 성북구 정릉로 261-6 (정릉동),근린생활2,제2종근린생활시설,1009117241,지번
1129012500100120008,서울특별시 성북구 안암동5가,서울특별시 성북구 개운사길 60-9 (안암동5가),근린생활2,제2종근린생활시설,10091100248159,지번
1129013400111710014,서울특별시 성북구 길음동,서울특별시 성북구 삼양로9길 10-2 (길음동),근린생활1,제1종근린생활시설,1009124620,지번
1129013300101480006,서울특별시 성북구 정릉동,서울특별시 성북구 정릉로26길 41 (정릉동),근린생활2,제2종근린생활시설,1009117174,지번
1129013300101610015,서울특별시 성북구 정릉동,서울특별시 성북구 정릉로 253 (정릉동),근린생활2,제2종근린생활시설,1009117255,지번
1129012400100410031,서울특별시 성북구 안암동4가,서울특별시 성북구 안암로9길 7 (안암동4가),근린생활2,제2종근린생활시설,1009113174,지번
1129012400100410013,서울특별시 성북구 안암동4가,서울특별시 성북구 보문로14길 40 (안암동4가),근린생활1,제1종근린생활시설,1009113161,지번
1129012400100180001,서울특별시 성북구 안암동4가,서울특별시 성북구 안암로9길 35 (안암동4가),근린생활1,제1종근린생활시설,1009113120,지번
1129012400100150010,서울특별시 성북구 안암동4가,서울특별시 성북구 안암로7길 33 (안암동4가),근린생활1,제1종근린생활시설,1009113095,지번
1129012400100410015,서울특별시 성북구 안암동4가,서울특별시 성북구 안암로9가길 2 (안암동4가),근린생활2,제2종근린생활시설,1009113162,지번
1129012400100410003,서울특별시 성북구 안암동4가,서울특별시 성북구 안암로5길 22 (안암동4가),근린생활2,제2종근린생활시설,1009113156,지번
1129012400100410016,서울특별시 성북구 안암동4가,서울특별시 성북구 안암로9길 16 (안암동4가),근린생활2,제2종근린생활시설,1009113163,지번
1129012400100150008,서울특별시 성북구 안암동4가,서울특별시 성북구 안암로7길 35 (안암동4가),근린생활2,제2종근린생활시설,1009113094,지번
1129012400100410001,서울특별시 성북구 안암동4가,서울특별시 성북구 안암로5길 30 (안암동4가),근린생활1,제1종근린생활시설,1009113154,지번
1129012400100140000,서울특별시 성북구 안암동4가,서울특별시 성북구 보문로14길 25 (안암동4가),근린생활1,제1종근린생활시설,1009113085,지번
1129012500101040019,서울특별시 성북구 안암동5가,서울특별시 성북구 안암로 87 (안암동5가),근린생활2,제2종근린생활시설,10091100193288,지번
1129012900100210004,서울특별시 성북구 보문동7가,서울특별시 성북구 보문로 62 (보문동7가),근린생활1,제1종근린생활시설,1009115194,지번
1129012400100410010,서울특별시 성북구 안암동4가,서울특별시 성북구 안암로9길 13 (안암동4가),근린생활2,제2종근린생활시설,1009113159,지번
1129012400100410034,서울특별시 성북구 안암동4가,서울특별시 성북구 안암로7길 8 (안암동4가),근린생활1,제1종근린생활시설,1009113177,지번
1129013600100880506,서울특별시 성북구 하월곡동,서울특별시 성북구 동소문로46길 19 (하월곡동),근린생활1,제1종근린생활시설,1009130438,지번
1129013300103970012,서울특별시 성북구 정릉동,서울특별시 성북구 보국문로 49-16 (정릉동),근린생활2,제2종근린생활시설,1009119111,지번
1129012800101750002,서울특별시 성북구 보문동6가,서울특별시 성북구 보문로13길 30 (보문동6가),근린생활2,제2종근린생활시설,1009114735,지번
1129012300100010000,서울특별시 성북구 안암동3가,서울특별시 성북구 고려대로8길 23 (안암동3가),근린생활2,제2종근린생활시설,10091100252347,지번
1129013300100140015,서울특별시 성북구 정릉동,서울특별시 성북구 정릉로36길 28 (정릉동),근린생활1,제1종근린생활시설,1009116527,지번
1129013300100140021,서울특별시 성북구 정릉동,서울특별시 성북구 정릉로36길 36 (정릉동),근린생활1,제1종근린생활시설,1009116531,지번
1129013300101320004,서울특별시 성북구 정릉동,서울특별시 성북구 정릉로32길 6 (정릉동),근린생활1,제1종근린생활시설,1009117108,지번
1129012500101030021,서울특별시 성북구 안암동5가,서울특별시 성북구 고려대로26길 8 (안암동5가),근린생활1,제1종근린생활시설,1009113606,지번
1129013500100880015,서울특별시 성북구 종암동,서울특별시 성북구 종암로 100 (종암동),근린생활2,제2종근린생활시설,1009127521,지번
1129013300100160014,서울특별시 성북구 정릉동,서울특별시 성북구 정릉로38나길 35 (정릉동),근린생활1,제1종근린생활시설,1009116557,지번
1129013300107160018,서울특별시 성북구 정릉동,서울특별시 성북구 솔샘로15다길 34 (정릉동),근린생활2,제2종근린생활시설,1009120639,지번
1129011800102590004,서울특별시 성북구 동선동3가,서울특별시 성북구 동소문로32길 1 (동선동3가),근린생활2,제2종근린생활시설,10091100245868,지번
1129013300200010001,서울특별시 성북구 정릉동,서울특별시 성북구 보국문로 262 (정릉동),근린생활1,업무시설,1000000000000000494804,지번
1129013300200010001,서울특별시 성북구 정릉동,서울특별시 성북구 보국문로32길 103 (정릉동),근린생활1,단독주택,1009122760,지번
1129013300200010001,서울특별시 성북구 정릉동,,근린생활1,종교시설,1009122761,지번
1129013300200010001,서울특별시 성북구 정릉동,,근린생활1,제1종근린생활시설,1009122762,지번
1129013300200010001,서울특별시 성북구 정릉동,,근린생활1,제1종근린생활시설,1009122763,지번
1129013300200010001,서울특별시 성북구 정릉동,,근린생활1,동물및식물관련시설,1009122764,지번
1129013300200010001,서울특별시 성북구 정릉동,,근린생활1,동물및식물관련시설,1009122765,지번
1129013300200010001,서울특별시 성북구 정릉동,,근린생활1,제1종근린생활시설,1009122766,지번
1129013300200010001,서울특별시 성북구 정릉동,,근린생활1,단독주택,1009122767,지번
1129013300200010001,서울특별시 성북구 정릉동,,근린생활1,단독주택,1009122768,지번
1129013300200010001,서울특별시 성북구 정릉동,,근린생활1,단독주택,1009122769,지번
1129013300200010001,서울특별시 성북구 정릉동,서울특별시 성북구 보국문로32길 109-10 (정릉동),근린생활1,단독주택,1009122770,지번
1129013300200010001,서울특별시 성북구 정릉동,,근린생활1,단독주택,1009122771,지번
1129013300200010001,서울특별시 성북구 정릉동,,근린생활1,단독주택,1009122772,지번
1129013300200010001,서울특별시 성북구 정릉동,,근린생활1,단독주택,1009122773,지번
1129013300200010001,서울특별시 성북구 정릉동,,근린생활1,단독주택,1009122774,지번
1129013300200010001,서울특별시 성북구 정릉동,,근린생활1,단독주택,1009122775,지번
1129013300200010001,서울특별시 성북구 정릉동,서울특별시 성북구 솔샘로15나길 19 (정릉동),근린생활1,단독주택,1009122776,지번
1129013300200010001,서울특별시 성북구 정릉동,,근린생활1,단독주택,1009122777,지번
1129013300200010001,서울특별시 성북구 정릉동,,근린생활1,제1종근린생활시설,1009122780,지번
1129013300200010001,서울특별시 성북구 정릉동,,근린생활1,제1종근린생활시설,1009122781,지번
1129013300200010001,서울특별시 성북구 정릉동,,근린생활1,제1종근린생활시설,1009122782,지번
1129013300200010001,서울특별시 성북구 정릉동,,근린생활1,제1종근린생활시설,1009122783,지번
1129013300200010001,서울특별시 성북구 정릉동,,근린생활1,제1종근린생활시설,1009122784,지번
1129013300200010001,서울특별시 성북구 정릉동,,근린생활1,제1종근린생활시설,1009122785,지번
1129013300200010001,서울특별시 성북구 정릉동,,근린생활1,제1종근린생활시설,1009122786,지번
1129013300200010001,서울특별시 성북구 정릉동,,근린생활1,제1종근린생활시설,1009122787,지번
1129013300200010001,서울특별시 성북구 정릉동,,근린생활1,제1종근린생활시설,1009122788,지번
1129013300200010001,서울특별시 성북구 정릉동,서울특별시 성북구 보국문로32가길 27 (정릉동),근린생활1,제1종근린생활시설,1009122789,지번
1129013300200010001,서울특별시 성북구 정릉동,서울특별시 성북구 보국문로32길 92 (정릉동),근린생활1,단독주택,1009122790,지번
1129013300200010001,서울특별시 성북구 정릉동,,근린생활1,단독주택,1009122791,지번
1129013300200010001,서울특별시 성북구 정릉동,,근린생활1,단독주택,1009122792,지번
1129013300200010001,서울특별시 성북구 정릉동,,근린생활1,단독주택,1009122793,지번
1129013300200010001,서울특별시 성북구 정릉동,서울특별시 성북구 보국문로32나길 7-1 (정릉동),근린생활1,단독주택,1009122794,지번
1129013300200010001,서울특별시 성북구 정릉동,서울특별시 성북구 보국문로32가길 27 (정릉동),근린생활1,단독주택,1009122795,지번
1129013300200010001,서울특별시 성북구 정릉동,서울특별시 성북구 보국문로 262 (정릉동),근린생활1,관광휴게시설,1009122798,지번
1129013300200010001,서울특별시 성북구 정릉동,,근린생활1,단독주택,1009122799,지번
1129013300200010001,서울특별시 성북구 정릉동,,근린생활1,종교시설,1009122800,지번
1129013300200010001,서울특별시 성북구 정릉동,,근린생활1,단독주택,1009122801,지번
1129013300200010001,서울특별시 성북구 정릉동,,근린생활1,제1종근린생활시설,1009122802,지번
1129013300200010001,서울특별시 성북구 정릉동,,근린생활1,단독주택,1009122803,지번
1129013300200010001,서울특별시 성북구 정릉동,,근린생활1,제2종근린생활시설,1009122804,지번
1129013300200010001,서울특별시 성북구 정릉동,,근린생활1,제2종근린생활시설,1009122805,지번
1129013300200010001,서울특별시 성북구 정릉동,,근린생활1,단독주택,1009122806,지번
1129013300200010001,서울특별시 성북구 정릉동,서울특별시 성북구 보국문로32나길 7 (정릉동),근린생활1,제1종근린생활시설,1009122807,지번
1129013300200010001,서울특별시 성북구 정릉동,서울특별시 성북구 보국문로32나길 2 (정릉동),근린생활1,단독주택,1009122808,지번
1129013300200010001,서울특별시 성북구 정릉동,,근린생활1,단독주택,1009122809,지번
1129013300200010001,서울특별시 성북구 정릉동,,근린생활1,제1종근린생활시설,1009122810,지번
1129012900100220013,서울특별시 성북구 보문동7가,서울특별시 성북구 보문로 58 (보문동7가),근린생활2,제2종근린생활시설,1009115200,지번
1129012900100320002,서울특별시 성북구 보문동7가,서울특별시 성북구 보문로 57 (보문동7가),근린생활2,제2종근린생활시설,1009115219,지번
1129012900100980000,서울특별시 성북구 보문동7가,서울특별시 성북구 보문로 45 (보문동7가),근린생활2,제2종근린생활시설,1000000000000007478565,지번
1129012700102330000,서울특별시 성북구 보문동5가,서울특별시 성북구 보문로15길 14 (보문동5가),근린생활1,제1종근린생활시설,1009114416,지번
1129012900100900001,서울특별시 성북구 보문동7가,서울특별시 성북구 보문로13길 5 (보문동7가),근린생활1,제1종근린생활시설,1009115277,지번
1129013300107550009,서울특별시 성북구 정릉동,서울특별시 성북구 솔샘로15가길 49 (정릉동),근린생활1,제1종근린생활시설,1009120884,지번
1129013300107160078,서울특별시 성북구 정릉동,서울특별시 성북구 솔샘로11길 55-2 (정릉동),근린생활2,제2종근린생활시설,1009120670,지번
1129013300106420003,서울특별시 성북구 정릉동,서울특별시 성북구 정릉로10가길 35-1 (정릉동),근린생활1,제1종근린생활시설,1009120110,지번
1129012500101260083,서울특별시 성북구 안암동5가,서울특별시 성북구 고려대로 76 (안암동5가),근린생활2,제2종근린생활시설,1009113774,지번
1129013500100280011,서울특별시 성북구 종암동,서울특별시 성북구 회기로 9-4 (종암동),근린생활1,제1종근린생활시설,1009126671,지번
1129013300102920007,서울특별시 성북구 정릉동,서울특별시 성북구 솔샘로 77 (정릉동),근린생활2,제2종근린생활시설,1009118629,지번
1129013500100330009,서울특별시 성북구 종암동,서울특별시 성북구 종암로3길 45 (종암동),근린생활2,제2종근린생활시설,1009126853,지번
1129013500100320008,서울특별시 성북구 종암동,서울특별시 성북구 종암로3길 47 (종암동),근린생활2,제2종근린생활시설,1009126847,지번
1129013500100330030,서울특별시 성북구 종암동,서울특별시 성북구 종암로3길 30-12 (종암동),근린생활2,제2종근린생활시설,10091100185344,지번
1129013300103960014,서울특별시 성북구 정릉동,서울특별시 성북구 정릉로21가길 41 (정릉동),근린생활1,제1종근린생활시설,1009119081,지번
1129013300100140003,서울특별시 성북구 정릉동,서울특별시 성북구 정릉로 320 (정릉동),근린생활1,제1종근린생활시설,1009116515,지번
1129013300102600005,서울특별시 성북구 정릉동,서울특별시 성북구 보국문로20길 49-6 (정릉동),근린생활1,제1종근린생활시설,1009118235,지번
1129012900100960000,서울특별시 성북구 보문동7가,서울특별시 성북구 보문로 43-4 (보문동7가),근린생활2,제2종근린생활시설,1009115284,지번
1129013500100310033,서울특별시 성북구 종암동,서울특별시 성북구 종암로3길 37-18 (종암동),근린생활2,제2종근린생활시설,1009126818,지번
1129013500100330013,서울특별시 성북구 종암동,서울특별시 성북구 종암로3길 37-6 (종암동),근린생활1,제1종근린생활시설,1009126856,지번
1129013500100310028,서울특별시 성북구 종암동,서울특별시 성북구 종암로3길 45-13 (종암동),근린생활2,제2종근린생활시설,1009126813,지번
1129012500101340002,서울특별시 성북구 안암동5가,서울특별시 성북구 안암로9가길 80-17 (안암동5가),근린생활2,제2종근린생활시설,1009113791,지번
1129013500100330076,서울특별시 성북구 종암동,서울특별시 성북구 종암로3길 30-6 (종암동),근린생활2,제2종근린생활시설,1009126878,지번
1129013500100230064,서울특별시 성북구 종암동,서울특별시 성북구 북악산로29길 32 (종암동),근린생활2,제2종근린생활시설,1009126615,지번
1129012900100700000,서울특별시 성북구 보문동7가,서울특별시 성북구 보문로13가길 7 (보문동7가),근린생활1,제1종근린생활시설,1009115255,지번
1129013500100030288,서울특별시 성북구 종암동,서울특별시 성북구 월곡로5길 62 (종암동),근린생활2,제2종근린생활시설,1009125699,지번
1129013500100080206,서울특별시 성북구 종암동,서울특별시 성북구 종암로10길 26 (종암동),근린생활1,제1종근린생활시설,1009126289,지번
1129013500100310044,서울특별시 성북구 종암동,서울특별시 성북구 종암로3길 37-17 (종암동),근린생활2,제2종근린생활시설,1009126829,지번
1129013500100330004,서울특별시 성북구 종암동,서울특별시 성북구 북악산로29길 27 (종암동),근린생활2,제2종근린생활시설,1009126851,지번
1129012500101040015,서울특별시 성북구 안암동5가,서울특별시 성북구 안암로 93 (안암동5가),근린생활2,제2종근린생활시설,10091100189681,지번
1129013500100330039,서울특별시 성북구 종암동,서울특별시 성북구 종암로3길 38-8 (종암동),근린생활2,제2종근린생활시설,1009126869,지번
1129013500100330077,서울특별시 성북구 종암동,서울특별시 성북구 북악산로29길 25 (종암동),근린생활2,제2종근린생활시설,1009126879,지번
1129013500100330042,서울특별시 성북구 종암동,서울특별시 성북구 종암로3길 36 (종암동),근린생활2,제2종근린생활시설,1009126872,지번
1129013500100230075,서울특별시 성북구 종암동,서울특별시 성북구 종암로3길 7 (종암동),근린생활2,제2종근린생활시설,1009126619,지번
1129013500100230045,서울특별시 성북구 종암동,서울특별시 성북구 북악산로31길 8 (종암동),근린생활2,제2종근린생활시설,1009126607,지번
1129013500100230034,서울특별시 성북구 종암동,서울특별시 성북구 북악산로31길 23 (종암동),근린생활2,제2종근린생활시설,10091100184944,지번
1129013300102890001,서울특별시 성북구 정릉동,서울특별시 성북구 보국문로 92-1 (정릉동),근린생활1,제1종근린생활시설,1009118574,지번
1129013300102600074,서울특별시 성북구 정릉동,서울특별시 성북구 보국문로20길 30 (정릉동),근린생활1,제1종근린생활시설,1009118261,지번
1129013500100550035,서울특별시 성북구 종암동,서울특별시 성북구 종암로19길 63 (종암동),근린생활1,제1종근린생활시설,1009127131,지번
1129012800102970000,서울특별시 성북구 보문동6가,서울특별시 성북구 보문로13라길 14 (보문동6가),근린생활1,제1종근린생활시설,1009115001,지번
1129012900100220014,서울특별시 성북구 보문동7가,서울특별시 성북구 보문로 56 (보문동7가),근린생활2,제2종근린생활시설,1009115201,지번
1129012900100220005,서울특별시 성북구 보문동7가,서울특별시 성북구 보문로 58-1 (보문동7가),근린생활2,제2종근린생활시설,1009115198,지번
1129012800100930000,서울특별시 성북구 보문동6가,서울특별시 성북구 보문로17길 29 (보문동6가),근린생활2,제2종근린생활시설,1009114637,지번
1129012800101560003,서울특별시 성북구 보문동6가,서울특별시 성북구 보문로15길 43 (보문동6가),근린생활1,제1종근린생활시설,1009114707,지번
1129013300106850120,서울특별시 성북구 정릉동,서울특별시 성북구 솔샘로4길 20-5 (정릉동),근린생활2,제2종근린생활시설,10091100192548,지번
1129013300101390039,서울특별시 성북구 정릉동,서울특별시 성북구 정릉로 272-9 (정릉동),근린생활1,제1종근린생활시설,1009117142,지번
1129013300101100022,서울특별시 성북구 정릉동,서울특별시 성북구 정릉로36길 76 (정릉동),근린생활1,제1종근린생활시설,1009116995,지번
1129013300101070023,서울특별시 성북구 정릉동,서울특별시 성북구 아리랑로19길 13 (정릉동),근린생활1,제1종근린생활시설,1009116963,지번
1129013300101450004,서울특별시 성북구 정릉동,서울특별시 성북구 정릉로26길 48 (정릉동),근린생활2,제2종근린생활시설,1009117167,지번
1129013300101100026,서울특별시 성북구 정릉동,서울특별시 성북구 정릉로36길 78 (정릉동),근린생활1,제1종근린생활시설,1009116999,지번
1129013300104160014,서울특별시 성북구 정릉동,서울특별시 성북구 정릉로 241 (정릉동),근린생활2,제2종근린생활시설,1009119420,지번
1129012900101120001,서울특별시 성북구 보문동7가,서울특별시 성북구 보문로 44 (보문동7가),근린생활2,제2종근린생활시설,1009115304,지번
1129012900100280000,서울특별시 성북구 보문동7가,서울특별시 성북구 보문로13길 8 (보문동7가),근린생활1,제1종근린생활시설,1009115214,지번
1129013300103490010,서울특별시 성북구 정릉동,서울특별시 성북구 솔샘로6길 55 (정릉동),근린생활1,제1종근린생활시설,1009118769,지번
1129013500100030251,서울특별시 성북구 종암동,서울특별시 성북구 월곡로5나길 74 (종암동),근린생활1,제1종근린생활시설,1009125675,지번
1129013500100030251,서울특별시 성북구 종암동,서울특별시 성북구 월곡로5나길 74 (종암동),근린생활1,제1종근린생활시설,1009125676,지번
1129012500101010003,서울특별시 성북구 안암동5가,서울특별시 성북구 개운사길 8 (안암동5가),근린생활2,제2종근린생활시설,1009113506,지번
1129012500100850011,서울특별시 성북구 안암동5가,서울특별시 성북구 안암로 97 (안암동5가),근린생활1,제1종근린생활시설,1009113430,지번
1129012500100850011,서울특별시 성북구 안암동5가,서울특별시 성북구 안암로 97 (안암동5가),근린생활1,제1종근린생활시설,1009113647,지번
1129012500100940002,서울특별시 성북구 안암동5가,서울특별시 성북구 고려대로 102 (안암동5가),근린생활2,제2종근린생활시설,1009113492,지번
1129013800102380187,서울특별시 성북구 장위동,서울특별시 성북구 장월로 89-10 (장위동),근린생활2,제2종근린생활시설,1009138481,지번
1129013300103720044,서울특별시 성북구 정릉동,서울특별시 성북구 솔샘로6길 46-9 (정릉동),근린생활1,제1종근린생활시설,1009118841,지번
1129013300101070026,서울특별시 성북구 정릉동,서울특별시 성북구 아리랑로19길 9-12 (정릉동),근린생활2,제2종근린생활시설,1009116965,지번
1129013500100030375,서울특별시 성북구 종암동,서울특별시 성북구 월곡로 60 (종암동),근린생활1,제1종근린생활시설,1009125760,지번
1129013500100550026,서울특별시 성북구 종암동,서울특별시 성북구 종암로19길 65 (종암동),근린생활1,제1종근린생활시설,1009127130,지번
1129013500100031268,서울특별시 성북구 종암동,서울특별시 성북구 종암로 98-15 (종암동),근린생활1,제1종근린생활시설,1009126033,지번
1129013500100031245,서울특별시 성북구 종암동,서울특별시 성북구 종암로22길 12-8 (종암동),근린생활1,제1종근린생활시설,1009126012,지번
1129011600100850056,서울특별시 성북구 동선동1가,서울특별시 성북구 동소문로24길 41-2 (동선동1가),근린생활2,제2종근린생활시설,10091100224505,지번
1129012100102370000,서울특별시 성북구 안암동1가,서울특별시 성북구 고려대로11길 39 (안암동1가),근린생활2,제2종근린생활시설,10091100222732,지번
1129010700100300000,서울특별시 성북구 동소문동4가,서울특별시 성북구 동소문로 31-38 (동소문동4가),근린생활2,제2종근린생활시설,1000000000000001266765,지번
1129010200100740002,서울특별시 성북구 성북동1가,서울특별시 성북구 성북로 21-1 (성북동1가),근린생활2,제2종근린생활시설,1000000000000001642060,지번
1129012500101010029,서울특별시 성북구 안암동5가,서울특별시 성북구 개운사길 12 (안암동5가),근린생활1,제1종근린생활시설,1009113515,지번
1129013500100530063,서울특별시 성북구 종암동,서울특별시 성북구 종암로19길 41 (종암동),근린생활1,제1종근린생활시설,1009127062,지번
1129013500100850002,서울특별시 성북구 종암동,서울특별시 성북구 종암로21길 17-2 (종암동),근린생활2,제2종근린생활시설,1009127499,지번
1129013900103070001,서울특별시 성북구 석관동,서울특별시 성북구 돌곶이로12길 11 (석관동),근린생활1,제1종근린생활시설,1009142597,지번
1129012500101600012,서울특별시 성북구 안암동5가,서울특별시 성북구 개운사길 79 (안암동5가),근린생활2,제2종근린생활시설,1009113909,지번
1129013500100230057,서울특별시 성북구 종암동,서울특별시 성북구 북악산로31길 6 (종암동),근린생활2,제2종근린생활시설,1009126609,지번
1129013500100330047,서울특별시 성북구 종암동,서울특별시 성북구 종암로3길 45-5 (종암동),근린생활2,제2종근린생활시설,1009126875,지번
1129013500100250031,서울특별시 성북구 종암동,서울특별시 성북구 종암로5길 9-19 (종암동),근린생활2,제2종근린생활시설,10091100185694,지번
1129012800104030000,서울특별시 성북구 보문동6가,서울특별시 성북구 보문로9길 36 (보문동6가),근린생활1,제1종근린생활시설,1009115068,지번
1129012900100940002,서울특별시 성북구 보문동7가,서울특별시 성북구 보문로13나길 15 (보문동7가),근린생활2,제2종근린생활시설,1009115283,지번
1129013500100460042,서울특별시 성북구 종암동,서울특별시 성북구 종암로13길 16-17 (종암동),근린생활2,제2종근린생활시설,1009127012,지번
1129012500101020046,서울특별시 성북구 안암동5가,서울특별시 성북구 고려대로24길 3-36 (안암동5가),근린생활2,제2종근린생활시설,1009113562,지번
1129012500100830001,서울특별시 성북구 안암동5가,서울특별시 성북구 안암로 109 (안암동5가),근린생활1,제1종근린생활시설,1009113424,지번
1129013500100120065,서울특별시 성북구 종암동,서울특별시 성북구 종암로6길 8 (종암동),근린생활1,제1종근린생활시설,1009126517,지번
1129013500101340006,서울특별시 성북구 종암동,서울특별시 성북구 월곡로 77 (종암동),근린생활2,제2종근린생활시설,10091100201266,지번
1129012500101360014,서울특별시 성북구 안암동5가,서울특별시 성북구 안암로9가길 97 (안암동5가),근린생활1,제1종근린생활시설,1009113829,지번
1129013500100030758,서울특별시 성북구 종암동,서울특별시 성북구 월곡로5가길 3 (종암동),근린생활1,제1종근린생활시설,1009125930,지번
1129012800101770001,서울특별시 성북구 보문동6가,서울특별시 성북구 보문로13다길 7 (보문동6가),근린생활1,제1종근린생활시설,1009114738,지번
1129012900101200001,서울특별시 성북구 보문동7가,서울특별시 성북구 보문로 37 (보문동7가),근린생활1,제1종근린생활시설,1009115321,지번
1129012800101160000,서울특별시 성북구 보문동6가,서울특별시 성북구 보문로13다길 23 (보문동6가),근린생활2,제2종근린생활시설,1009114662,지번
1129013500100230033,서울특별시 성북구 종암동,서울특별시 성북구 북악산로31길 25 (종암동),근린생활2,제2종근린생활시설,1009126597,지번
1129013500100310048,서울특별시 성북구 종암동,서울특별시 성북구 북악산로29길 5 (종암동),근린생활2,제2종근린생활시설,1009126833,지번
1129013500100230040,서울특별시 성북구 종암동,서울특별시 성북구 북악산로31길 26 (종암동),근린생활2,제2종근린생활시설,1009126602,지번
1129013300104160015,서울특별시 성북구 정릉동,서울특별시 성북구 정릉로 241-9 (정릉동),근린생활2,제2종근린생활시설,1009119421,지번
1129010100101700058,서울특별시 성북구 성북동,서울특별시 성북구 성북로10가길 21 (성북동),근린생활2,제2종근린생활시설,100913080,지번
1129012500101560000,서울특별시 성북구 안암동5가,서울특별시 성북구 개운사길 59 (안암동5가),근린생활2,종교시설,1000000000000002545426,지번
1129012500101560000,서울특별시 성북구 안암동5가,서울특별시 성북구 개운사길 59 (안암동5가),근린생활2,제2종근린생활시설,1009113887,지번
1129012500101560000,서울특별시 성북구 안암동5가,서울특별시 성북구 개운사길 59 (안암동5가),근린생활2,종교시설,1009113888,지번
1129012500101560000,서울특별시 성북구 안암동5가,서울특별시 성북구 개운사길 59 (안암동5가),근린생활2,교육연구시설,1009113889,지번
1129011900101020002,서울특별시 성북구 동선동4가,서울특별시 성북구 동소문로 115-1 (동선동4가),근린생활1,제1종근린생활시설,1009111264,지번
1129012500101100123,서울특별시 성북구 안암동5가,서울특별시 성북구 안암로 49 (안암동5가),근린생활2,제2종근린생활시설,1009113729,지번
1129013600100180038,서울특별시 성북구 하월곡동,서울특별시 성북구 화랑로 109 (하월곡동),근린생활2,제2종근린생활시설,1009128586,지번
1129012900100700003,서울특별시 성북구 보문동7가,서울특별시 성북구 보문로13가길 5 (보문동7가),근린생활1,제1종근린생활시설,1009115258,지번
1129012800101170000,서울특별시 성북구 보문동6가,서울특별시 성북구 보문로13다길 27 (보문동6가),근린생활1,제1종근린생활시설,1009114664,지번
1129013500100070041,서울특별시 성북구 종암동,서울특별시 성북구 종암로14길 20-20 (종암동),근린생활2,제2종근린생활시설,1009126162,지번
1129013500100100110,서울특별시 성북구 종암동,서울특별시 성북구 종암로14길 19-5 (종암동),근린생활2,제2종근린생활시설,10091100197630,지번
1129013500100100296,서울특별시 성북구 종암동,서울특별시 성북구 종암로14길 19-6 (종암동),근린생활2,제2종근린생활시설,10091100201010,지번
1129012200101610017,서울특별시 성북구 안암동2가,서울특별시 성북구 고려대로17길 25 (안암동2가),근린생활2,제2종근린생활시설,10091100193748,지번
1129012200101610020,서울특별시 성북구 안암동2가,서울특별시 성북구 고려대로17길 23 (안암동2가),근린생활2,제2종근린생활시설,10091100198650,지번
1129013300102600021,서울특별시 성북구 정릉동,서울특별시 성북구 보국문로16길 67-2 (정릉동),근린생활1,제1종근린생활시설,1009118244,지번
1129013300102930005,서울특별시 성북구 정릉동,서울특별시 성북구 보국문로 106 (정릉동),근린생활2,제2종근린생활시설,1009118637,지번
1129013300104520003,서울특별시 성북구 정릉동,서울특별시 성북구 아리랑로19길 44-12 (정릉동),근린생활2,제2종근린생활시설,1009119519,지번
1129013300102600027,서울특별시 성북구 정릉동,서울특별시 성북구 보국문로20길 26 (정릉동),근린생활1,제1종근린생활시설,1009118247,지번
1129013300109660124,서울특별시 성북구 정릉동,서울특별시 성북구 보국문로32길 5 (정릉동),근린생활2,제2종근린생활시설,1009121718,지번
1129011000100020005,서울특별시 성북구 동소문동7가,서울특별시 성북구 아리랑로 37-10 (동소문동7가),근린생활1,제1종근린생활시설,1000000000000002342082,지번
1129013500100330028,서울특별시 성북구 종암동,서울특별시 성북구 종암로3길 30-18 (종암동),근린생활2,제2종근린생활시설,1009126859,지번
1129013500100330031,서울특별시 성북구 종암동,서울특별시 성북구 종암로3길 30-8 (종암동),근린생활2,제2종근린생활시설,1009126862,지번
1129013500100330038,서울특별시 성북구 종암동,서울특별시 성북구 종암로3길 30-9 (종암동),근린생활2,제2종근린생활시설,1009126868,지번
1129013500100330036,서울특별시 성북구 종암동,서울특별시 성북구 종암로3길 30-13 (종암동),근린생활2,제2종근린생활시설,1009126866,지번
1129013300102270074,서울특별시 성북구 정릉동,서울특별시 성북구 서경로 75 (정릉동),근린생활2,제2종근린생활시설,1009118089,지번
1129012500101360007,서울특별시 성북구 안암동5가,서울특별시 성북구 안암로9가길 93 (안암동5가),근린생활2,제2종근린생활시설,1009113826,지번
1129013500100030088,서울특별시 성북구 종암동,서울특별시 성북구 종암로 98-18 (종암동),근린생활1,제1종근린생활시설,1009125574,지번
1129013500100850008,서울특별시 성북구 종암동,서울특별시 성북구 종암로21길 15 (종암동),근린생활1,제1종근린생활시설,1009127503,지번
1129012500101030209,서울특별시 성북구 안암동5가,서울특별시 성북구 고려대로26길 39 (안암동5가),근린생활2,제2종근린생활시설,1009113666,지번
1129012500101340028,서울특별시 성북구 안암동5가,서울특별시 성북구 안암로9가길 87-3 (안암동5가),근린생활2,제2종근린생활시설,1009113802,지번
1129012500101000016,서울특별시 성북구 안암동5가,서울특별시 성북구 고려대로27길 13 (안암동5가),근린생활2,제2종근린생활시설,1009113504,지번
1129012500100150047,서울특별시 성북구 안암동5가,서울특별시 성북구 개운사길 38 (안암동5가),근린생활2,제2종근린생활시설,1009113355,지번
1129013500100030396,서울특별시 성북구 종암동,서울특별시 성북구 종암로22길 12 (종암동),근린생활1,제1종근린생활시설,1009125768,지번
1129013500100230041,서울특별시 성북구 종암동,서울특별시 성북구 종암로5길 9-16 (종암동),근린생활2,제2종근린생활시설,1009126603,지번
1129013500100240014,서울특별시 성북구 종암동,서울특별시 성북구 북악산로31길 3 (종암동),근린생활2,제2종근린생활시설,1009126628,지번
1129013500100410028,서울특별시 성북구 종암동,서울특별시 성북구 종암로9길 42 (종암동),근린생활1,제1종근린생활시설,1009126912,지번
1129013500100030608,서울특별시 성북구 종암동,서울특별시 성북구 월곡로6길 17-14 (종암동),근린생활2,제2종근린생활시설,1009125860,지번
1129012500101040046,서울특별시 성북구 안암동5가,서울특별시 성북구 안암로 73-3 (안암동5가),근린생활2,제2종근린생활시설,1009113700,지번
1129012500101040046,서울특별시 성북구 안암동5가,서울특별시 성북구 안암로 73-3 (안암동5가),근린생활2,제2종근린생활시설,1009113701,지번
1129013500100320011,서울특별시 성북구 종암동,서울특별시 성북구 종암로5길 75 (종암동),근린생활2,제2종근린생활시설,10091100185860,지번
1129013500100290006,서울특별시 성북구 종암동,서울특별시 성북구 종암로 21 (종암동),근린생활2,제2종근린생활시설,1009126760,지번
1129012500100860149,서울특별시 성북구 안암동5가,서울특별시 성북구 고려대로28길 11 (안암동5가),근린생활1,제1종근린생활시설,1009113461,지번
1129013900102520001,서울특별시 성북구 석관동,서울특별시 성북구 돌곶이로 65 (석관동),근린생활2,제2종근린생활시설,1009141851,지번
1129013900102620018,서울특별시 성북구 석관동,서울특별시 성북구 화랑로32길 81 (석관동),근린생활1,제1종근린생활시설,1009142105,지번
1129013900102620018,서울특별시 성북구 석관동,서울특별시 성북구 화랑로32길 81 (석관동),근린생활1,단독주택,1009142106,지번
1129013500100280014,서울특별시 성북구 종암동,서울특별시 성북구 회기로 9-16 (종암동),근린생활2,제2종근린생활시설,10091100187338,지번
1129013500100230031,서울특별시 성북구 종암동,서울특별시 성북구 북악산로31길 29 (종암동),근린생활2,제2종근린생활시설,10091100191287,지번
1129013500100240010,서울특별시 성북구 종암동,서울특별시 성북구 북악산로31길 9 (종암동),근린생활2,제2종근린생활시설,1009126624,지번
1129012500101460010,서울특별시 성북구 안암동5가,서울특별시 성북구 고려대로 82 (안암동5가),근린생활1,제1종근린생활시설,1009113842,지번
1129013300103970026,서울특별시 성북구 정릉동,서울특별시 성북구 보국문로11가길 1 (정릉동),근린생활2,제1종근린생활시설,1009119122,지번
1129013300103970026,서울특별시 성북구 정릉동,서울특별시 성북구 보국문로11가길 1 (정릉동),근린생활2,제2종근린생활시설,1009119123,지번
1129013300103970026,서울특별시 성북구 정릉동,서울특별시 성북구 보국문로11가길 1 (정릉동),근린생활2,제2종근린생활시설,1009119124,지번
1129012500101110041,서울특별시 성북구 안암동5가,서울특별시 성북구 안암로 41-1 (안암동5가),근린생활1,제1종근린생활시설,10091100222512,지번
1129012600100970000,서울특별시 성북구 보문동4가,서울특별시 성북구 보문로18길 6 (보문동4가),근린생활2,제2종근린생활시설,10091100220792,지번
1129013500100450067,서울특별시 성북구 종암동,서울특별시 성북구 종암로13길 4-13 (종암동),근린생활1,제1종근린생활시설,1009126950,지번
1129013900103840017,서울특별시 성북구 석관동,서울특별시 성북구 화랑로40길 31 (석관동),근린생활1,제1종근린생활시설,1009143943,지번
1129013900100570024,서울특별시 성북구 석관동,서울특별시 성북구 돌곶이로8길 73 (석관동),근린생활1,제1종근린생활시설,1009140329,지번
1129012500101600001,서울특별시 성북구 안암동5가,서울특별시 성북구 개운사길 75-30 (안암동5가),근린생활2,제2종근린생활시설,1009113902,지번
1129011000100070004,서울특별시 성북구 동소문동7가,서울특별시 성북구 아리랑로5길 5 (동소문동7가),근린생활1,제1종근린생활시설,10091100250407,지번
1129010100101840004,서울특별시 성북구 성북동,서울특별시 성북구 성북로6길 30 (성북동),근린생활2,제2종근린생활시설,10091100236495,지번
1129013500100310040,서울특별시 성북구 종암동,서울특별시 성북구 종암로3길 37-11 (종암동),근린생활2,제2종근린생활시설,1009126825,지번
1129013500100610002,서울특별시 성북구 종암동,서울특별시 성북구 종암로19길 82 (종암동),근린생활1,제1종근린생활시설,1009127183,지번
1129013300102260049,서울특별시 성북구 정릉동,서울특별시 성북구 정릉로27길 141 (정릉동),근린생활2,제2종근린생활시설,10091100220032,지번
1129013500100280273,서울특별시 성북구 종암동,서울특별시 성북구 월곡로10길 192-1 (종암동),근린생활1,제1종근린생활시설,1009126750,지번
1129013500100300074,서울특별시 성북구 종암동,서울특별시 성북구 회기로 5-4 (종암동),근린생활2,제2종근린생활시설,1009126779,지번
1129013500100330029,서울특별시 성북구 종암동,서울특별시 성북구 종암로3길 30-14 (종암동),근린생활2,제2종근린생활시설,1009126860,지번
1129013500100230001,서울특별시 성북구 종암동,서울특별시 성북구 종암로9길 5 (종암동),근린생활2,제2종근린생활시설,1009126579,지번
1129013500100310063,서울특별시 성북구 종암동,서울특별시 성북구 종암로5길 77 (종암동),근린생활1,제1종근린생활시설,1009126843,지번
1129013800102300158,서울특별시 성북구 장위동,서울특별시 성북구 장위로21나길 18 (장위동),근린생활2,제2종근린생활시설,10091100262392,지번
1129013900102360006,서울특별시 성북구 석관동,서울특별시 성북구 화랑로 268 (석관동),근린생활1,제1종근린생활시설,1009141797,지번
1129013900103400002,서울특별시 성북구 석관동,서울특별시 성북구 화랑로32길 47-4 (석관동),근린생활1,제1종근린생활시설,1009143607,지번
1129013800100650240,서울특별시 성북구 장위동,서울특별시 성북구 돌곶이로25길 45 (장위동),근린생활1,제1종근린생활시설,1009133158,지번
1129013900101850026,서울특별시 성북구 석관동,서울특별시 성북구 한천로71길 12-14 (석관동),근린생활1,단독주택,1009141504,지번
1129013900101850026,서울특별시 성북구 석관동,서울특별시 성북구 한천로71길 12-14 (석관동),근린생활1,제1종근린생활시설,1009141505,지번
1129013900100630001,서울특별시 성북구 석관동,서울특별시 성북구 한천로69길 4 (석관동),근린생활2,제2종근린생활시설,1009140539,지번
1129012900100290000,서울특별시 성북구 보문동7가,서울특별시 성북구 보문로13길 4 (보문동7가),근린생활2,제2종근린생활시설,1009115215,지번
1129012900100930000,서울특별시 성북구 보문동7가,서울특별시 성북구 보문로13나길 11 (보문동7가),근린생활1,제1종근린생활시설,1009115282,지번
1129012900100210003,서울특별시 성북구 보문동7가,서울특별시 성북구 보문로 62-2 (보문동7가),근린생활2,제2종근린생활시설,1009115193,지번
1129012500100120031,서울특별시 성북구 안암동5가,서울특별시 성북구 고려대로27길 52-28 (안암동5가),근린생활2,제2종근린생활시설,1009113285,지번
1129012500100150082,서울특별시 성북구 안암동5가,서울특별시 성북구 개운사길 52 (안암동5가),근린생활2,제2종근린생활시설,1009113367,지번
1129013500100460090,서울특별시 성북구 종암동,서울특별시 성북구 종암로13길 24-14 (종암동),근린생활2,제2종근린생활시설,1009127033,지번
1129012500101040264,서울특별시 성북구 안암동5가,서울특별시 성북구 안암로 91-1 (안암동5가),근린생활2,제2종근린생활시설,1009113720,지번
1129012600100910004,서울특별시 성북구 보문동4가,서울특별시 성북구 보문로 62-3 (보문동4가),근린생활2,제2종근린생활시설,10091100246887,지번
1129012800102360000,서울특별시 성북구 보문동6가,서울특별시 성북구 보문로13라길 5 (보문동6가),근린생활1,제1종근린생활시설,1009114950,지번
1129012900100350000,서울특별시 성북구 보문동7가,서울특별시 성북구 보문로13다길 10 (보문동7가),근린생활2,제2종근린생활시설,1009115223,지번
1129012800101050000,서울특별시 성북구 보문동6가,서울특별시 성북구 보문로17길 39 (보문동6가),근린생활1,제1종근린생활시설,1009114649,지번
1129012500100150051,서울특별시 성북구 안암동5가,서울특별시 성북구 개운사길 36 (안암동5가),근린생활2,제2종근린생활시설,1009113357,지번
1129013900101850033,서울특별시 성북구 석관동,서울특별시 성북구 한천로73길 11 (석관동),근린생활1,제1종근린생활시설,1009141510,지번
1129013900100700020,서울특별시 성북구 석관동,서울특별시 성북구 한천로 539-1 (석관동),근린생활1,제1종근린생활시설,1009140669,지번
1129013900100890004,서울특별시 성북구 석관동,서울특별시 성북구 한천로 522 (석관동),근린생활1,제1종근린생활시설,1009140850,지번
1129013900102820015,서울특별시 성북구 석관동,서울특별시 성북구 한천로73길 15 (석관동),근린생활1,제1종근린생활시설,1009142296,지번
1129013900101270069,서울특별시 성북구 석관동,서울특별시 성북구 한천로78길 37 (석관동),근린생활1,제1종근린생활시설,1009141085,지번
1129013500100450171,서울특별시 성북구 종암동,서울특별시 성북구 종암로13길 16-18 (종암동),근린생활2,제2종근린생활시설,1009126980,지번
1129012500100130001,서울특별시 성북구 안암동5가,서울특별시 성북구 고려대로27길 46 (안암동5가),근린생활2,제2종근린생활시설,1009113325,지번
1129012800102780001,서울특별시 성북구 보문동6가,서울특별시 성북구 보문로13마길 3 (보문동6가),근린생활2,제2종근린생활시설,1009114980,지번
1129012800102780001,서울특별시 성북구 보문동6가,서울특별시 성북구 보문로13마길 3 (보문동6가),근린생활2,제2종근린생활시설,1009114981,지번
1129012900100680000,서울특별시 성북구 보문동7가,서울특별시 성북구 보문로13길 12 (보문동7가),근린생활1,제1종근린생활시설,1009115253,지번
1129012800102410000,서울특별시 성북구 보문동6가,서울특별시 성북구 보문로13라길 1 (보문동6가),근린생활1,제1종근린생활시설,1009114952,지번
1129012800101730010,서울특별시 성북구 보문동6가,서울특별시 성북구 보문로13길 48 (보문동6가),근린생활2,제2종근린생활시설,1009114728,지번
1129012800100920000,서울특별시 성북구 보문동6가,서울특별시 성북구 보문로13다길 29-2 (보문동6가),근린생활1,제1종근린생활시설,1009114636,지번
1129013900100630010,서울특별시 성북구 석관동,서울특별시 성북구 한천로 537 (석관동),근린생활1,제1종근린생활시설,1009140546,지번
1129013900101890050,서울특별시 성북구 석관동,서울특별시 성북구 한천로 585 (석관동),근린생활1,제1종근린생활시설,1009141593,지번
1129013900102920019,서울특별시 성북구 석관동,서울특별시 성북구 돌곶이로8가길 28 (석관동),근린생활1,제1종근린생활시설,1009142477,지번
1129012500101290009,서울특별시 성북구 안암동5가,서울특별시 성북구 안암로9가길 35 (안암동5가),근린생활2,제2종근린생활시설,1009113781,지번
1129012500101100138,서울특별시 성북구 안암동5가,서울특별시 성북구 안암로 51 (안암동5가),근린생활1,제1종근린생활시설,10091100249089,지번
1129012500101040023,서울특별시 성북구 안암동5가,서울특별시 성북구 고려대로26길 49 (안암동5가),근린생활1,제1종근린생활시설,10091100247207,지번
1129013300104050002,서울특별시 성북구 정릉동,서울특별시 성북구 보국문로11길 11 (정릉동),근린생활1,제1종근린생활시설,1009119261,지번
1129013300104050002,서울특별시 성북구 정릉동,서울특별시 성북구 보국문로11길 11 (정릉동),근린생활1,제1종근린생활시설,1009119262,지번
1129013900103850027,서울특별시 성북구 석관동,서울특별시 성북구 돌곶이로22길 67 (석관동),근린생활1,제1종근린생활시설,1009143953,지번
1129012500101280009,서울특별시 성북구 안암동5가,서울특별시 성북구 안암로9가길 55 (안암동5가),근린생활2,제2종근린생활시설,1009113778,지번
1129010900100820000,서울특별시 성북구 동소문동6가,서울특별시 성북구 동소문로17길 17 (동소문동6가),근린생활2,제2종근린생활시설,10091100257050,지번
1129012900100800001,서울특별시 성북구 보문동7가,서울특별시 성북구 보문로13나길 4 (보문동7가),근린생활1,제1종근린생활시설,1009115267,지번
1129012900101120003,서울특별시 성북구 보문동7가,서울특별시 성북구 보문로 42 (보문동7가),근린생활1,제1종근린생활시설,1009115306,지번
1129013900100580268,서울특별시 성북구 석관동,서울특별시 성북구 한천로 535 (석관동),근린생활1,제1종근린생활시설,1009140465,지번
1129013900102830001,서울특별시 성북구 석관동,서울특별시 성북구 한천로73길 23 (석관동),근린생활1,제1종근린생활시설,1009142329,지번
1129012500101600010,서울특별시 성북구 안암동5가,서울특별시 성북구 개운사길 83 (안암동5가),근린생활2,단독주택,1009113907,지번
1129012500101600010,서울특별시 성북구 안암동5가,서울특별시 성북구 개운사길 83 (안암동5가),근린생활2,제2종근린생활시설,1009113908,지번
1129013300101500051,서울특별시 성북구 정릉동,서울특별시 성북구 정릉로26길 55 (정릉동),근린생활2,제2종근린생활시설,1009117224,지번
1129013500100300084,서울특별시 성북구 종암동,서울특별시 성북구 회기로 5 (종암동),근린생활1,제1종근린생활시설,1009126787,지번
1129013500100230044,서울특별시 성북구 종암동,서울특별시 성북구 북악산로31길 10 (종암동),근린생활2,제2종근린생활시설,1009126606,지번
1129012500101010064,서울특별시 성북구 안암동5가,서울특별시 성북구 개운사1길 18 (안암동5가),근린생활2,제2종근린생활시설,1009113527,지번
1129013300103470002,서울특별시 성북구 정릉동,서울특별시 성북구 솔샘로18길 91 (정릉동),근린생활2,제2종근린생활시설,1009118750,지번
1129013800100660096,서울특별시 성북구 장위동,서울특별시 성북구 돌곶이로27길 23-4 (장위동),근린생활2,제2종근린생활시설,1009133198,지번
1129013500100240013,서울특별시 성북구 종암동,서울특별시 성북구 북악산로31길 7 (종암동),근린생활2,제2종근린생활시설,1009126627,지번
1129013500100300078,서울특별시 성북구 종암동,서울특별시 성북구 회기로 7-1 (종암동),근린생활1,제1종근린생활시설,1009126781,지번
1129013800100680962,서울특별시 성북구 장위동,서울특별시 성북구 장월로 69 (장위동),근린생활2,제2종근린생활시설,10091100255550,지번
1129013800100750398,서울특별시 성북구 장위동,서울특별시 성북구 장위로41길 8-10 (장위동),근린생활1,제1종근린생활시설,10091100255379,지번
1129013500100070102,서울특별시 성북구 종암동,서울특별시 성북구 월곡로 7 (종암동),근린생활2,제2종근린생활시설,1009126201,지번
1129013500100080266,서울특별시 성북구 종암동,서울특별시 성북구 월곡로 43 (종암동),근린생활2,제2종근린생활시설,1009126308,지번
1129012500101030129,서울특별시 성북구 안암동5가,서울특별시 성북구 안암로 95-8 (안암동5가),근린생활1,제1종근린생활시설,1009113646,지번
1129013300100160291,서울특별시 성북구 정릉동,서울특별시 성북구 정릉로34길 22-2 (정릉동),근린생활1,제1종근린생활시설,1009116779,지번
1129012500101560003,서울특별시 성북구 안암동5가,서울특별시 성북구 개운사길 57-3 (안암동5가),근린생활2,제2종근린생활시설,1009113890,지번
1129012500100110010,서울특별시 성북구 안암동5가,서울특별시 성북구 개운사길 76 (안암동5가),근린생활2,제2종근린생활시설,1009113264,지번
1129012500101340006,서울특별시 성북구 안암동5가,서울특별시 성북구 안암로9가길 80-1 (안암동5가),근린생활1,제1종근린생활시설,1009113792,지번
1129013300102580012,서울특별시 성북구 정릉동,서울특별시 성북구 보국문로16길 79 (정릉동),근린생활1,제1종근린생활시설,1009118220,지번
1129013500100030368,서울특별시 성북구 종암동,서울특별시 성북구 월곡로 59 (종암동),근린생활1,제1종근린생활시설,1009125756,지번
1129013500100100060,서울특별시 성북구 종암동,서울특별시 성북구 종암로14길 6-21 (종암동),근린생활1,제1종근린생활시설,1009126419,지번
1129013500100300103,서울특별시 성북구 종암동,서울특별시 성북구 회기로 3 (종암동),근린생활2,제2종근린생활시설,1009126793,지번
1129012500101040020,서울특별시 성북구 안암동5가,서울특별시 성북구 안암로 85 (안암동5가),근린생활1,단독주택,1009113683,지번
1129012500101040020,서울특별시 성북구 안암동5가,서울특별시 성북구 안암로 85 (안암동5가),근린생활1,제1종근린생활시설,1009113684,지번
1129013500100030349,서울특별시 성북구 종암동,서울특별시 성북구 월곡로5나길 2-1 (종암동),근린생활1,제1종근린생활시설,1009125745,지번
1129013500100280275,서울특별시 성북구 종암동,서울특별시 성북구 월곡로10길 194 (종암동),근린생활1,제1종근린생활시설,1009126751,지번
1129013500100030567,서울특별시 성북구 종암동,서울특별시 성북구 월곡로5나길 2 (종암동),근린생활1,제1종근린생활시설,1009125840,지번
1129013500100280282,서울특별시 성북구 종암동,서울특별시 성북구 월곡로10길 178 (종암동),근린생활2,제2종근린생활시설,1009126755,지번
1129012500101020023,서울특별시 성북구 안암동5가,서울특별시 성북구 고려대로22길 13 (안암동5가),근린생활2,제2종근린생활시설,1009113551,지번
1129012500100750001,서울특별시 성북구 안암동5가,서울특별시 성북구 고려대로30길 23 (안암동5가),근린생활2,제2종근린생활시설,1009113417,지번
1129013400111160001,서울특별시 성북구 길음동,서울특별시 성북구 숭인로2길 34 (길음동),근린생활2,제2종근린생활시설,1009124502,지번
1129013400111710003,서울특별시 성북구 길음동,서울특별시 성북구 삼양로 65 (길음동),근린생활1,제1종근린생활시설,1009124612,지번
1129013500100030953,서울특별시 성북구 종암동,서울특별시 성북구 월곡로5길 15 (종암동),근린생활1,제1종근린생활시설,1009125954,지번
1129012500101030096,서울특별시 성북구 안암동5가,서울특별시 성북구 고려대로26길 42-4 (안암동5가),근린생활2,제2종근린생활시설,1009113929,지번
1129012500101030036,서울특별시 성북구 안암동5가,서울특별시 성북구 고려대로26길 38 (안암동5가),근린생활1,제1종근린생활시설,1009113618,지번
1129013500100090054,서울특별시 성북구 종암동,서울특별시 성북구 종암로16길 64 (종암동),근린생활1,제1종근린생활시설,1009126327,지번
1129013500100160014,서울특별시 성북구 종암동,서울특별시 성북구 종암로18길 10 (종암동),근린생활1,제1종근린생활시설,1009126547,지번
1129013500100030745,서울특별시 성북구 종암동,서울특별시 성북구 월곡로5길 49 (종암동),근린생활1,제1종근린생활시설,1009125926,지번
1129013300106870006,서울특별시 성북구 정릉동,서울특별시 성북구 솔샘로1길 8 (정릉동),근린생활2,제2종근린생활시설,1009120415,지번
1129012900100690000,서울특별시 성북구 보문동7가,서울특별시 성북구 보문로13가길 3 (보문동7가),근린생활2,제2종근린생활시설,1009115254,지번
1129012900100790000,서울특별시 성북구 보문동7가,서울특별시 성북구 보문로13나길 6 (보문동7가),근린생활1,제1종근린생활시설,1009115266,지번
1129012900100430000,서울특별시 성북구 보문동7가,서울특별시 성북구 보문로13가길 11 (보문동7가),근린생활1,제1종근린생활시설,1009115231,지번
1129012800102560000,서울특별시 성북구 보문동6가,서울특별시 성북구 보문로13라길 13 (보문동6가),근린생활1,제1종근린생활시설,1009114960,지번
1129013500100570025,서울특별시 성북구 종암동,서울특별시 성북구 종암로19길 89 (종암동),근린생활2,제2종근린생활시설,1009127144,지번
1129013500100660003,서울특별시 성북구 종암동,서울특별시 성북구 종암로 87 (종암동),근린생활1,제1종근린생활시설,1009127263,지번
1129012500101020050,서울특별시 성북구 안암동5가,서울특별시 성북구 고려대로24길 11 (안암동5가),근린생활2,제2종근린생활시설,1009113564,지번
1129013500100790317,서울특별시 성북구 종암동,서울특별시 성북구 종암로21가길 18 (종암동),근린생활2,제2종근린생활시설,1009127362,지번
1129012500100550003,서울특별시 성북구 안암동5가,서울특별시 성북구 고려대로 99-10 (안암동5가),근린생활1,제1종근린생활시설,1009113401,지번
1129013500100160010,서울특별시 성북구 종암동,서울특별시 성북구 종암로 96-1 (종암동),근린생활1,제1종근린생활시설,1009126545,지번
1129013900102680011,서울특별시 성북구 석관동,서울특별시 성북구 돌곶이로 56 (석관동),근린생활1,제1종근린생활시설,1009142159,지번
1129013800100480004,서울특별시 성북구 장위동,서울특별시 성북구 화랑로39길 11-2 (장위동),근린생활1,제1종근린생활시설,1009132744,지번
1129013300107210002,서울특별시 성북구 정릉동,서울특별시 성북구 솔샘로5길 76 (정릉동),근린생활2,제2종근린생활시설,1009120742,지번
1129013500100030404,서울특별시 성북구 종암동,서울특별시 성북구 월곡로5길 39 (종암동),근린생활2,제2종근린생활시설,1009125771,지번
1129012500100120074,서울특별시 성북구 안암동5가,서울특별시 성북구 고려대로27길 14 (안암동5가),근린생활1,제1종근린생활시설,1009113307,지번
1129013500100080026,서울특별시 성북구 종암동,서울특별시 성북구 월곡로 29 (종암동),근린생활2,제2종근린생활시설,1009126224,지번
1129013800100520006,서울특별시 성북구 장위동,서울특별시 성북구 화랑로39길 11 (장위동),근린생활2,제2종근린생활시설,1009132774,지번
1129013500100160022,서울특별시 성북구 종암동,서울특별시 성북구 종암로 94 (종암동),근린생활1,제1종근린생활시설,1009126554,지번
1129012800101700000,서울특별시 성북구 보문동6가,서울특별시 성북구 보문로15길 35 (보문동6가),근린생활2,제2종근린생활시설,1009114721,지번
1129012500101360005,서울특별시 성북구 안암동5가,서울특별시 성북구 안암로 73-14 (안암동5가),근린생활1,제1종근린생활시설,1009113823,지번
1129013500100030110,서울특별시 성북구 종암동,서울특별시 성북구 월곡로 55 (종암동),근린생활2,제2종근린생활시설,1009125593,지번
1129013500100280057,서울특별시 성북구 종암동,서울특별시 성북구 회기로 15 (종암동),근린생활1,제1종근린생활시설,1009126706,지번
1129012500101010016,서울특별시 성북구 안암동5가,서울특별시 성북구 개운사길 15 (안암동5가),근린생활2,제2종근린생활시설,1009113927,지번
1129012500101040112,서울특별시 성북구 안암동5가,서울특별시 성북구 고려대로24길 47 (안암동5가),근린생활2,제2종근린생활시설,1009113704,지번
1129013500100160020,서울특별시 성북구 종암동,서울특별시 성북구 종암로 96 (종암동),근린생활1,제1종근린생활시설,1009126552,지번
1129013500100030631,서울특별시 성북구 종암동,서울특별시 성북구 종암로18길 16 (종암동),근린생활1,제1종근린생활시설,1009125870,지번
1129012500100160002,서울특별시 성북구 안암동5가,서울특별시 성북구 고려대로27길 34-8 (안암동5가),근린생활2,제2종근린생활시설,1009113373,지번
1129013500100540395,서울특별시 성북구 종암동,서울특별시 성북구 종암로9다길 40 (종암동),근린생활2,제2종근린생활시설,1009127118,지번
1129012500100910001,서울특별시 성북구 안암동5가,서울특별시 성북구 고려대로30길 4 (안암동5가),근린생활2,제2종근린생활시설,10091100247106,지번
1129011000101160000,서울특별시 성북구 동소문동7가,서울특별시 성북구 아리랑로5길 8 (동소문동7가),근린생활2,제2종근린생활시설,10091100255108,지번
1129012500101600028,서울특별시 성북구 안암동5가,서울특별시 성북구 개운사길 83-13 (안암동5가),근린생활2,제2종근린생활시설,1009113917,지번
1129012500100160001,서울특별시 성북구 안암동5가,서울특별시 성북구 고려대로27길 34-10 (안암동5가),근린생활2,제2종근린생활시설,1009113372,지번
1129012500101000011,서울특별시 성북구 안암동5가,서울특별시 성북구 고려대로27길 7 (안암동5가),근린생활2,제2종근린생활시설,1009113502,지번
1129012500101360018,서울특별시 성북구 안암동5가,서울특별시 성북구 안암로9가길 91 (안암동5가),근린생활1,제1종근린생활시설,1009113830,지번
1129013500100030086,서울특별시 성북구 종암동,서울특별시 성북구 월곡로5길 85 (종암동),근린생활1,제1종근린생활시설,1009125572,지번
1129012500101000004,서울특별시 성북구 안암동5가,서울특별시 성북구 고려대로27길 9 (안암동5가),근린생활2,제2종근린생활시설,1009113497,지번
1129013500100360003,서울특별시 성북구 종암동,서울특별시 성북구 북악산로29길 55 (종암동),근린생활1,제1종근린생활시설,1009126882,지번
1129013500100310024,서울특별시 성북구 종암동,서울특별시 성북구 종암로3길 45-20 (종암동),근린생활2,제2종근린생활시설,1009126809,지번
1129012500100110005,서울특별시 성북구 안암동5가,서울특별시 성북구 개운사길 66 (안암동5가),근린생활2,제2종근린생활시설,1009113263,지번
1129013500100310019,서울특별시 성북구 종암동,서울특별시 성북구 종암로5길 87 (종암동),근린생활2,제2종근린생활시설,1009126804,지번
1129013500100330033,서울특별시 성북구 종암동,서울특별시 성북구 북악산로29길 31 (종암동),근린생활2,제2종근린생활시설,1009126863,지번
1129013600100800074,서울특별시 성북구 하월곡동,서울특별시 성북구 오패산로 83 (하월곡동),근린생활1,제1종근린생활시설,1009129696,지번
1129013300107860010,서울특별시 성북구 정릉동,서울특별시 성북구 보국문로 177 (정릉동),근린생활1,제1종근린생활시설,1009121165,지번
1129012500101340043,서울특별시 성북구 안암동5가,서울특별시 성북구 안암로9가길 80-8 (안암동5가),근린생활2,제2종근린생활시설,1009113809,지번
1129012500100860131,서울특별시 성북구 안암동5가,서울특별시 성북구 고려대로28길 14-1 (안암동5가),근린생활2,제2종근린생활시설,1009113452,지번
1129013900103320561,서울특별시 성북구 석관동,서울특별시 성북구 돌곶이로 33-6 (석관동),근린생활1,제1종근린생활시설,1009143190,지번
1129012500100150060,서울특별시 성북구 안암동5가,서울특별시 성북구 개운사길 22-5 (안암동5가),근린생활2,제2종근린생활시설,1009113361,지번
1129013400111530003,서울특별시 성북구 길음동,서울특별시 성북구 삼양로 52 (길음동),근린생활2,제2종근린생활시설,1009124557,지번
1129013800100681147,서울특별시 성북구 장위동,서울특별시 성북구 장위로38길 46-3 (장위동),근린생활2,제2종근린생활시설,1009133931,지번
1129013900103200033,서울특별시 성북구 석관동,서울특별시 성북구 돌곶이로8길 21 (석관동),근린생활1,제1종근린생활시설,1009142753,지번
1129012500101340070,서울특별시 성북구 안암동5가,서울특별시 성북구 안암로 63 (안암동5가),근린생활2,제2종근린생활시설,1009113814,지번
1129013500100080028,서울특별시 성북구 종암동,서울특별시 성북구 월곡로 25 (종암동),근린생활2,제2종근린생활시설,1009126225,지번
1129013500100480011,서울특별시 성북구 종암동,서울특별시 성북구 종암로13가길 23 (종암동),근린생활2,제2종근린생활시설,1009127038,지번
1129013500100230032,서울특별시 성북구 종암동,서울특별시 성북구 북악산로31길 27 (종암동),근린생활2,제2종근린생활시설,1009126596,지번
1129013500100240018,서울특별시 성북구 종암동,서울특별시 성북구 북악산로29길 6 (종암동),근린생활2,제2종근린생활시설,1009126630,지번
1129012500101020032,서울특별시 성북구 안암동5가,서울특별시 성북구 고려대로24길 36 (안암동5가),근린생활1,제1종근린생활시설,1009113554,지번
1129012500101030134,서울특별시 성북구 안암동5가,서울특별시 성북구 안암로 95-3 (안암동5가),근린생활2,제2종근린생활시설,1009113648,지번
1129013500100310034,서울특별시 성북구 종암동,서울특별시 성북구 종암로3길 45-19 (종암동),근린생활2,제2종근린생활시설,1009126819,지번
1129013500100320009,서울특별시 성북구 종암동,서울특별시 성북구 종암로3길 45-6 (종암동),근린생활2,제2종근린생활시설,1009126848,지번
1129013500100310029,서울특별시 성북구 종암동,서울특별시 성북구 종암로3길 37-12 (종암동),근린생활2,제2종근린생활시설,1009126814,지번
1129012900100260000,서울특별시 성북구 보문동7가,서울특별시 성북구 보문로13가길 8 (보문동7가),근린생활1,제1종근린생활시설,1009115213,지번
1129012800104070000,서울특별시 성북구 보문동6가,서울특별시 성북구 보문로9길 50-3 (보문동6가),근린생활1,제1종근린생활시설,1009115072,지번
1129013500101330000,서울특별시 성북구 종암동,서울특별시 성북구 종암로23길 35 (종암동),근린생활1,공동주택,10091100196184,지번
1129013500101330000,서울특별시 성북구 종암동,서울특별시 성북구 종암로23길 35 (종암동),근린생활1,공동주택,10091100196229,지번
1129013500101330000,서울특별시 성북구 종암동,서울특별시 성북구 종암로23길 35 (종암동),근린생활1,공동주택,10091100196302,지번
1129013500101330000,서울특별시 성북구 종암동,서울특별시 성북구 종암로23길 35 (종암동),근린생활1,공동주택,10091100196388,지번
1129013500101330000,서울특별시 성북구 종암동,서울특별시 성북구 종암로23길 35 (종암동),근린생활1,공동주택,10091100196433,지번
1129013500101330000,서울특별시 성북구 종암동,서울특별시 성북구 종암로23길 35 (종암동),근린생활1,공동주택,10091100196506,지번
1129013500101330000,서울특별시 성북구 종암동,서울특별시 성북구 종암로23길 35 (종암동),근린생활1,공동주택,10091100196580,지번
1129013500101330000,서울특별시 성북구 종암동,서울특별시 성북구 종암로23길 35 (종암동),근린생활1,제1종근린생활시설,10091100196674,지번
1129013500101330000,서울특별시 성북구 종암동,서울특별시 성북구 종암로23길 35 (종암동),근린생활1,공동주택,10091100196691,지번
1129013500101330000,서울특별시 성북구 종암동,서울특별시 성북구 종암로23길 35 (종암동),근린생활1,공동주택,10091100196770,지번
1129013500101330000,서울특별시 성북구 종암동,서울특별시 성북구 종암로23길 35 (종암동),근린생활1,공동주택,10091100196815,지번
1129013500101330000,서울특별시 성북구 종암동,서울특별시 성북구 종암로23길 35 (종암동),근린생활1,공동주택,10091100196895,지번
1129013500101330000,서울특별시 성북구 종암동,서울특별시 성북구 종암로23길 35 (종암동),근린생활1,공동주택,10091100196970,지번
1129013500101330000,서울특별시 성북구 종암동,서울특별시 성북구 종암로23길 35 (종암동),근린생활1,공동주택,10091100197046,지번
1129013500101330000,서울특별시 성북구 종암동,서울특별시 성북구 종암로23길 35 (종암동),근린생활1,공동주택,10091100197121,지번
1129013500100280072,서울특별시 성북구 종암동,서울특별시 성북구 회기로 17 (종암동),근린생활1,제1종근린생활시설,1009126713,지번
1129010200100350038,서울특별시 성북구 성북동1가,서울특별시 성북구 성북로 5-11 (성북동1가),근린생활1,제1종근린생활시설,10091100243767,지번
1129012500100930010,서울특별시 성북구 안암동5가,서울특별시 성북구 고려대로28길 7 (안암동5가),근린생활2,제2종근린생활시설,1009113489,지번
1129012500100930009,서울특별시 성북구 안암동5가,서울특별시 성북구 고려대로28길 5 (안암동5가),근린생활2,제2종근린생활시설,1009113488,지번
1129013500100670007,서울특별시 성북구 종암동,서울특별시 성북구 종암로 87-2 (종암동),근린생활1,제1종근린생활시설,1009127277,지번
1129013500100030272,서울특별시 성북구 종암동,서울특별시 성북구 월곡로5길 68 (종암동),근린생활1,제1종근린생활시설,1009125689,지번
1129012500100860005,서울특별시 성북구 안암동5가,서울특별시 성북구 고려대로28길 7-4 (안암동5가),근린생활1,제1종근린생활시설,1009113434,지번
1129012500101040150,서울특별시 성북구 안암동5가,서울특별시 성북구 안암로 73-10 (안암동5가),근린생활1,제1종근린생활시설,1009113712,지번
1129012500101010020,서울특별시 성북구 안암동5가,서울특별시 성북구 개운사1길 14 (안암동5가),근린생활1,제1종근린생활시설,1009113512,지번
1129012900101030001,서울특별시 성북구 보문동7가,서울특별시 성북구 보문로 53 (보문동7가),근린생활1,제1종근린생활시설,1009115289,지번
1129012800101750003,서울특별시 성북구 보문동6가,서울특별시 성북구 보문로13길 30 (보문동6가),근린생활2,제2종근린생활시설,1009114736,지번
1129012800101750005,서울특별시 성북구 보문동6가,서울특별시 성북구 보문로13다길 5 (보문동6가),근린생활1,제1종근린생활시설,1009114737,지번
1129012900100010000,서울특별시 성북구 보문동7가,서울특별시 성북구 보문로 62-10 (보문동7가),근린생활1,제1종근린생활시설,1009115176,지번
1129012500101010028,서울특별시 성북구 안암동5가,서울특별시 성북구 개운사길 14 (안암동5가),근린생활1,제1종근린생활시설,1009113514,지번
1129013500100240008,서울특별시 성북구 종암동,서울특별시 성북구 북악산로29길 14 (종암동),근린생활2,제2종근린생활시설,1009126622,지번
1129013900100900009,서울특별시 성북구 석관동,서울특별시 성북구 한천로 525 (석관동),근린생활1,제1종근린생활시설,1009140856,지번
1129013900101270070,서울특별시 성북구 석관동,서울특별시 성북구 한천로78길 39 (석관동),근린생활1,제1종근린생활시설,1009141086,지번
1129013900102830003,서울특별시 성북구 석관동,서울특별시 성북구 한천로71길 20-18 (석관동),근린생활1,제1종근린생활시설,1009142330,지번
1129013500100210013,서울특별시 성북구 종암동,서울특별시 성북구 종암로9길 20-4 (종암동),근린생활2,제2종근린생활시설,1009126572,지번
1129013900102610125,서울특별시 성북구 석관동,서울특별시 성북구 화랑로32길 100-1 (석관동),근린생활1,제1종근린생활시설,1009141978,지번
1129013800100680160,서울특별시 성북구 장위동,서울특별시 성북구 화랑로19길 77-8 (장위동),근린생활2,제2종근린생활시설,1009133422,지번
1129013300107210007,서울특별시 성북구 정릉동,서울특별시 성북구 솔샘로5길 68 (정릉동),근린생활1,제1종근린생활시설,1009120744,지번
1129012500101030148,서울특별시 성북구 안암동5가,서울특별시 성북구 고려대로24가길 11 (안암동5가),근린생활2,제2종근린생활시설,1009113653,지번
1129013500100310045,서울특별시 성북구 종암동,서울특별시 성북구 종암로3길 29-18 (종암동),근린생활2,제2종근린생활시설,1009126830,지번
1129013500100230065,서울특별시 성북구 종암동,서울특별시 성북구 북악산로29길 30 (종암동),근린생활1,제1종근린생활시설,1009126616,지번
1129012500101360003,서울특별시 성북구 안암동5가,서울특별시 성북구 안암로9가길 98 (안암동5가),근린생활1,제1종근린생활시설,1009113822,지번
1129012500101030011,서울특별시 성북구 안암동5가,서울특별시 성북구 고려대로26길 25 (안암동5가),근린생활2,제2종근린생활시설,1009113599,지번
1129013500100280026,서울특별시 성북구 종암동,서울특별시 성북구 회기로3길 2 (종암동),근린생활1,제1종근린생활시설,1009126685,지번
1129013500100030369,서울특별시 성북구 종암동,서울특별시 성북구 월곡로 57-1 (종암동),근린생활2,제2종근린생활시설,1009125757,지번
1129012500100860130,서울특별시 성북구 안암동5가,서울특별시 성북구 고려대로28길 14 (안암동5가),근린생활1,제1종근린생활시설,1009113451,지번
1129013500100450141,서울특별시 성북구 종암동,서울특별시 성북구 종암로11길 8 (종암동),근린생활2,제2종근린생활시설,1009126967,지번
1129013500100280249,서울특별시 성북구 종암동,서울특별시 성북구 월곡로10길 162 (종암동),근린생활1,제1종근린생활시설,1009126732,지번
1129012500101360024,서울특별시 성북구 안암동5가,서울특별시 성북구 안암로9가길 101 (안암동5가),근린생활2,제2종근린생활시설,1009113833,지번
1129013500100030153,서울특별시 성북구 종암동,서울특별시 성북구 월곡로10길 96-9 (종암동),근린생활1,제1종근린생활시설,1009125618,지번
1129013500100030104,서울특별시 성북구 종암동,서울특별시 성북구 월곡로5길 1 (종암동),근린생활1,제1종근린생활시설,1009125588,지번
1129013300103920001,서울특별시 성북구 정릉동,서울특별시 성북구 정릉로21길 70 (정릉동),근린생활1,제1종근린생활시설,1009119010,지번
1129013300104000010,서울특별시 성북구 정릉동,서울특별시 성북구 보국문로11길 8 (정릉동),근린생활1,제1종근린생활시설,1009119149,지번
1129013300103440023,서울특별시 성북구 정릉동,서울특별시 성북구 솔샘로6마길 2 (정릉동),근린생활1,제1종근린생활시설,1009118745,지번
1129013400111700019,서울특별시 성북구 길음동,서울특별시 성북구 삼양로9길 10-26 (길음동),근린생활1,제1종근린생활시설,1009124605,지번
1129013300101320020,서울특별시 성북구 정릉동,서울특별시 성북구 정릉로36길 42 (정릉동),근린생활1,제1종근린생활시설,1009117111,지번
1129013300100160173,서울특별시 성북구 정릉동,서울특별시 성북구 정릉로38나길 1 (정릉동),근린생활2,제2종근린생활시설,1009116684,지번
1129013300100160233,서울특별시 성북구 정릉동,서울특별시 성북구 정릉로38마길 6 (정릉동),근린생활1,제1종근린생활시설,1009116730,지번
1129013300108520012,서울특별시 성북구 정릉동,서울특별시 성북구 정릉로9길 36 (정릉동),근린생활2,제2종근린생활시설,1009121451,지번
1129013300100160050,서울특별시 성북구 정릉동,서울특별시 성북구 정릉로38나길 22 (정릉동),근린생활1,제1종근린생활시설,1009116593,지번
1129013300109570002,서울특별시 성북구 정릉동,서울특별시 성북구 정릉로6길 41-3 (정릉동),근린생활1,제1종근린생활시설,1009121682,지번
1129013300100160033,서울특별시 성북구 정릉동,서울특별시 성북구 정릉로38라길 35 (정릉동),근린생활1,제1종근린생활시설,1009116577,지번
1129013300100160140,서울특별시 성북구 정릉동,서울특별시 성북구 정릉로40길 10 (정릉동),근린생활2,제2종근린생활시설,1009116660,지번
1129013300100160051,서울특별시 성북구 정릉동,서울특별시 성북구 정릉로40길 11 (정릉동),근린생활1,제1종근린생활시설,1009116594,지번
1129010900100860000,서울특별시 성북구 동소문동6가,서울특별시 성북구 아리랑로3길 23 (동소문동6가),근린생활2,제2종근린생활시설,10091100248227,지번
1129013300103720037,서울특별시 성북구 정릉동,서울특별시 성북구 솔샘로6길 30-15 (정릉동),근린생활2,제2종근린생활시설,1009118834,지번
1129012100103170005,서울특별시 성북구 안암동1가,서울특별시 성북구 고려대로13길 50 (안암동1가),근린생활2,제2종근린생활시설,10091100255186,지번
1129013300103510000,서울특별시 성북구 정릉동,서울특별시 성북구 솔샘로6마길 1 (정릉동),근린생활2,제2종근린생활시설,1009118775,지번
1129013300100160037,서울특별시 성북구 정릉동,서울특별시 성북구 정릉로38나길 34 (정릉동),근린생활1,제1종근린생활시설,1009116580,지번
1129013400112570002,서울특별시 성북구 길음동,서울특별시 성북구 삼양로 15-2 (길음동),근린생활1,제1종근린생활시설,1009124728,지번
1129013300100160482,서울특별시 성북구 정릉동,서울특별시 성북구 정릉로42길 11 (정릉동),근린생활1,제1종근린생활시설,1009116879,지번
1129013300100160156,서울특별시 성북구 정릉동,서울특별시 성북구 정릉로40길 4 (정릉동),근린생활2,제2종근린생활시설,1009116674,지번
1129013300100160138,서울특별시 성북구 정릉동,서울특별시 성북구 정릉로38라길 17 (정릉동),근린생활1,제1종근린생활시설,1009116659,지번
1129013300100160077,서울특별시 성북구 정릉동,서울특별시 성북구 정릉로38바길 20 (정릉동),근린생활1,제1종근린생활시설,1009116612,지번
1129013300100160157,서울특별시 성북구 정릉동,서울특별시 성북구 정릉로40길 2 (정릉동),근린생활1,제1종근린생활시설,1009116675,지번
1129013300100160036,서울특별시 성북구 정릉동,서울특별시 성북구 정릉로38나길 36 (정릉동),근린생활1,제1종근린생활시설,1009116579,지번
1129013700100230158,서울특별시 성북구 상월곡동,서울특별시 성북구 화랑로 177 (상월곡동),근린생활1,제1종근린생활시설,1009131563,지번
1129013700100270036,서울특별시 성북구 상월곡동,서울특별시 성북구 화랑로19길 40 (상월곡동),근린생활1,제1종근린생활시설,1009131798,지번
1129013300103930004,서울특별시 성북구 정릉동,서울특별시 성북구 정릉로21가길 35-12 (정릉동),근린생활1,제1종근린생활시설,1009119050,지번
1129013300103780005,서울특별시 성북구 정릉동,서울특별시 성북구 정릉로17길 16 (정릉동),근린생활2,제2종근린생활시설,1009118911,지번
1129013300107160137,서울특별시 성북구 정릉동,서울특별시 성북구 솔샘로5가길 3 (정릉동),근린생활1,제1종근린생활시설,1009120698,지번
1129013300102950007,서울특별시 성북구 정릉동,서울특별시 성북구 솔샘로 65-10 (정릉동),근린생활1,제1종근린생활시설,1009118647,지번
1129013300105060045,서울특별시 성북구 정릉동,서울특별시 성북구 아리랑로19길 87 (정릉동),근린생활2,제2종근린생활시설,10091100185457,지번
1129010300105380132,서울특별시 성북구 돈암동,서울특별시 성북구 아리랑로16길 20 (돈암동),근린생활2,제2종근린생활시설,100915345,지번
1129013300102660121,서울특별시 성북구 정릉동,서울특별시 성북구 보국문로16가길 20 (정릉동),근린생활1,제1종근린생활시설,1009118339,지번
1129013300101500023,서울특별시 성북구 정릉동,서울특별시 성북구 정릉로 260-4 (정릉동),근린생활1,제1종근린생활시설,1009117202,지번
1129013300104030007,서울특별시 성북구 정릉동,서울특별시 성북구 보국문로 48 (정릉동),근린생활2,제2종근린생활시설,1009119245,지번
1129013300103830079,서울특별시 성북구 정릉동,서울특별시 성북구 정릉로21길 20 (정릉동),근린생활1,제1종근린생활시설,1009118943,지번
1129013300103830077,서울특별시 성북구 정릉동,서울특별시 성북구 정릉로21가길 4 (정릉동),근린생활1,제1종근린생활시설,1009118941,지번
1129013300103100004,서울특별시 성북구 정릉동,서울특별시 성북구 보국문로 87-22 (정릉동),근린생활1,제1종근린생활시설,1009118674,지번
1129013300105060022,서울특별시 성북구 정릉동,서울특별시 성북구 아리랑로19길 83 (정릉동),근린생활1,제1종근린생활시설,1009119609,지번
1129013300101060003,서울특별시 성북구 정릉동,서울특별시 성북구 아리랑로19길 20 (정릉동),근린생활1,제1종근린생활시설,1009116949,지번
1129013300100160158,서울특별시 성북구 정릉동,서울특별시 성북구 정릉로 330-1 (정릉동),근린생활1,제1종근린생활시설,1009116676,지번
1129013300105060069,서울특별시 성북구 정릉동,서울특별시 성북구 아리랑로19길 95 (정릉동),근린생활1,제1종근린생활시설,1009119629,지번
1129013300102660378,서울특별시 성북구 정릉동,서울특별시 성북구 보국문로16가길 35 (정릉동),근린생활2,단독주택,1009118427,지번
1129013300102660378,서울특별시 성북구 정릉동,서울특별시 성북구 보국문로16가길 35 (정릉동),근린생활2,제2종근린생활시설,1009118428,지번
1129013300106840035,서울특별시 성북구 정릉동,서울특별시 성북구 솔샘로 14-1 (정릉동),근린생활1,제1종근린생활시설,1009120274,지번
1129013300106850063,서울특별시 성북구 정릉동,서울특별시 성북구 솔샘로6길 30-18 (정릉동),근린생활2,제2종근린생활시설,1009120347,지번
1129013300109160012,서울특별시 성북구 정릉동,서울특별시 성북구 정릉로10길 89 (정릉동),근린생활1,공동주택,10091100228473,본번
1129011100100250000,서울특별시 성북구 삼선동1가,서울특별시 성북구 삼선교로 12 (삼선동1가),근린생활1,제1종근린생활시설,10091100232053,지번
1129013300107860011,서울특별시 성북구 정릉동,서울특별시 성북구 보국문로 171-1 (정릉동),근린생활2,제2종근린생활시설,1009121166,지번
1129013300104000007,서울특별시 성북구 정릉동,서울특별시 성북구 보국문로11길 4-3 (정릉동),근린생활2,제2종근린생활시설,1009119147,지번
1129013300105060039,서울특별시 성북구 정릉동,서울특별시 성북구 아리랑로19길 95-4 (정릉동),근린생활2,제2종근린생활시설,1009119617,지번
1129013300106850089,서울특별시 성북구 정릉동,서울특별시 성북구 솔샘로4길 27 (정릉동),근린생활2,제2종근린생활시설,1009120373,지번
1129013300106840037,서울특별시 성북구 정릉동,서울특별시 성북구 솔샘로 14 (정릉동),근린생활1,제1종근린생활시설,1009120276,지번
1129013300106850023,서울특별시 성북구 정릉동,서울특별시 성북구 솔샘로6길 37 (정릉동),근린생활2,제2종근린생활시설,1009120316,지번
1129013300103830080,서울특별시 성북구 정릉동,서울특별시 성북구 정릉로21길 18 (정릉동),근린생활1,제1종근린생활시설,1009118944,지번
1129013300107160090,서울특별시 성북구 정릉동,서울특별시 성북구 솔샘로15길 33 (정릉동),근린생활1,제1종근린생활시설,1009120676,지번
1129013300100160045,서울특별시 성북구 정릉동,서울특별시 성북구 정릉로38라길 25 (정릉동),근린생활1,제1종근린생활시설,1009116588,지번
1129013300100160118,서울특별시 성북구 정릉동,서울특별시 성북구 정릉로40길 18 (정릉동),근린생활1,제1종근린생활시설,1009116639,지번
1129013300108470003,서울특별시 성북구 정릉동,서울특별시 성북구 정릉로9라길 8 (정릉동),근린생활1,제1종근린생활시설,1009121438,지번
1129013300106490002,서울특별시 성북구 정릉동,서울특별시 성북구 정릉로 164 (정릉동),근린생활1,제1종근린생활시설,1009120177,지번
1129013300102890044,서울특별시 성북구 정릉동,서울특별시 성북구 보국문로20길 3 (정릉동),근린생활1,제1종근린생활시설,1009118595,지번
1129013300106850027,서울특별시 성북구 정릉동,서울특별시 성북구 솔샘로6가길 57 (정릉동),근린생활1,제1종근린생활시설,1009120318,지번
1129013300103980009,서울특별시 성북구 정릉동,서울특별시 성북구 보국문로11길 18-6 (정릉동),근린생활2,제2종근린생활시설,1009119143,지번
1129013300103970019,서울특별시 성북구 정릉동,서울특별시 성북구 보국문로11가길 4 (정릉동),근린생활2,제2종근린생활시설,1009119118,지번
1129013300102890050,서울특별시 성북구 정릉동,서울특별시 성북구 보국문로 92 (정릉동),근린생활1,제1종근린생활시설,1009118597,지번
1129013300105450012,서울특별시 성북구 정릉동,서울특별시 성북구 아리랑로5길 157-1 (정릉동),근린생활1,제1종근린생활시설,1009119823,지번
1129013800102370069,서울특별시 성북구 장위동,서울특별시 성북구 돌곶이로 174 (장위동),근린생활1,제1종근린생활시설,1009138230,지번
1129013300103480001,서울특별시 성북구 정릉동,서울특별시 성북구 솔샘로18길 84 (정릉동),근린생활2,제2종근린생활시설,1009118755,지번
1129013300101610010,서울특별시 성북구 정릉동,서울특별시 성북구 정릉로 255-1 (정릉동),근린생활1,제1종근린생활시설,1009117250,지번
1129013300101610010,서울특별시 성북구 정릉동,서울특별시 성북구 정릉로 255-1 (정릉동),근린생활1,제1종근린생활시설,1009117251,지번
1129013300102580034,서울특별시 성북구 정릉동,서울특별시 성북구 솔샘로24길 43 (정릉동),근린생활1,제1종근린생활시설,1009118225,지번
1129013300100160029,서울특별시 성북구 정릉동,서울특별시 성북구 정릉로40길 3 (정릉동),근린생활1,제1종근린생활시설,1009116571,지번
1129013700100270034,서울특별시 성북구 상월곡동,서울특별시 성북구 화랑로19길 40-1 (상월곡동),근린생활1,제1종근린생활시설,1009131797,지번
1129013800102620013,서울특별시 성북구 장위동,서울특별시 성북구 화랑로19길 51-1 (장위동),근린생활1,제1종근린생활시설,1009138850,지번
1129013800102620010,서울특별시 성북구 장위동,서울특별시 성북구 화랑로19길 51-2 (장위동),근린생활1,제1종근린생활시설,1009138849,지번
1129013800100680647,서울특별시 성북구 장위동,서울특별시 성북구 화랑로19가길 3-9 (장위동),근린생활1,제1종근린생활시설,1009133675,지번
1129013300103930002,서울특별시 성북구 정릉동,서울특별시 성북구 보국문로11길 33 (정릉동),근린생활1,제1종근린생활시설,1009119047,지번
1129013300103930002,서울특별시 성북구 정릉동,서울특별시 성북구 보국문로11길 33 (정릉동),근린생활1,단독주택,1009119048,지번
1129013300106850062,서울특별시 성북구 정릉동,서울특별시 성북구 솔샘로6길 30-16 (정릉동),근린생활1,제1종근린생활시설,1009120346,지번
1129013300103720015,서울특별시 성북구 정릉동,서울특별시 성북구 솔샘로6길 46-18 (정릉동),근린생활2,제2종근린생활시설,1009118814,지번
1129013300100160006,서울특별시 성북구 정릉동,서울특별시 성북구 정릉로42길 5-3 (정릉동),근린생활1,제1종근린생활시설,1009116550,지번
1129013300106850103,서울특별시 성북구 정릉동,서울특별시 성북구 솔샘로6길 16-15 (정릉동),근린생활1,제1종근린생활시설,1009120386,지번
1129013900100900008,서울특별시 성북구 석관동,서울특별시 성북구 한천로 527 (석관동),근린생활2,제2종근린생활시설,10091100259571,지번
1129013300100160030,서울특별시 성북구 정릉동,서울특별시 성북구 정릉로38나길 21 (정릉동),근린생활2,단독주택,1009116572,지번
1129013300100160030,서울특별시 성북구 정릉동,서울특별시 성북구 정릉로38나길 21 (정릉동),근린생활2,제2종근린생활시설,1009116573,지번
1129013300100160015,서울특별시 성북구 정릉동,서울특별시 성북구 정릉로38나길 33 (정릉동),근린생활2,단독주택,1009116558,지번
1129013300100160015,서울특별시 성북구 정릉동,서울특별시 성북구 정릉로38나길 33 (정릉동),근린생활2,제2종근린생활시설,1009116559,지번
1129013300100160052,서울특별시 성북구 정릉동,서울특별시 성북구 정릉로38라길 19 (정릉동),근린생활2,제2종근린생활시설,1009116595,지번
1129012900101170002,서울특별시 성북구 보문동7가,서울특별시 성북구 보문로13나길 27 (보문동7가),근린생활2,제2종근린생활시설,1000000000000000754838,지번
1129013300106850119,서울특별시 성북구 정릉동,서울특별시 성북구 솔샘로16길 31-1 (정릉동),근린생활1,제1종근린생활시설,1009120402,지번
1129013900102200001,서울특별시 성북구 석관동,서울특별시 성북구 화랑로 280 (석관동),근린생활2,제2종근린생활시설,1009141767,지번
1129013900103370024,서울특별시 성북구 석관동,서울특별시 성북구 화랑로32길 21 (석관동),근린생활1,제1종근린생활시설,1009143329,지번
1129013900103500001,서울특별시 성북구 석관동,서울특별시 성북구 돌곶이로 77 (석관동),근린생활2,제2종근린생활시설,1009143927,지번
1129013900103480001,서울특별시 성북구 석관동,서울특별시 성북구 화랑로 246 (석관동),근린생활2,제2종근린생활시설,1009143925,지번
1129013800100640123,서울특별시 성북구 장위동,서울특별시 성북구 돌곶이로 91 (장위동),근린생활2,제2종근린생활시설,1009133055,지번
1129012500100120060,서울특별시 성북구 안암동5가,서울특별시 성북구 고려대로27길 24-10 (안암동5가),근린생활2,제2종근린생활시설,1009113300,지번
1129012600100590000,서울특별시 성북구 보문동4가,서울특별시 성북구 고려대로2길 71 (보문동4가),근린생활2,제2종근린생활시설,10091100246908,지번
1129012600100870000,서울특별시 성북구 보문동4가,서울특별시 성북구 보문로 70-1 (보문동4가),근린생활2,제2종근린생활시설,10091100245067,지번
1129012500100150038,서울특별시 성북구 안암동5가,서울특별시 성북구 고려대로27길 24-2 (안암동5가),근린생활1,제1종근린생활시설,1009113351,지번
1129012500100340001,서울특별시 성북구 안암동5가,서울특별시 성북구 안암로 119 (안암동5가),근린생활2,제2종근린생활시설,1009113375,지번
1129013900102020013,서울특별시 성북구 석관동,서울특별시 성북구 돌곶이로22길 20 (석관동),근린생활2,제2종근린생활시설,1009141720,지번
1129013800102020018,서울특별시 성북구 장위동,서울특별시 성북구 장월로32길 17 (장위동),근린생활1,제1종근린생활시설,1009136239,지번
1129013800100680162,서울특별시 성북구 장위동,서울특별시 성북구 장위로38길 73 (장위동),근린생활1,제1종근린생활시설,1009133426,지번
1129013500100250010,서울특별시 성북구 종암동,서울특별시 성북구 종암로 41 (종암동),근린생활2,제2종근린생활시설,1000000000000003340492,지번
1129013900101740007,서울특별시 성북구 석관동,서울특별시 성북구 한천로 596 (석관동),근린생활1,제1종근린생활시설,1000000000000001687531,지번
1129011600100850033,서울특별시 성북구 동선동1가,서울특별시 성북구 동소문로20나길 48 (동선동1가),근린생활2,제2종근린생활시설,10091100266551,지번
1129011000101170003,서울특별시 성북구 동소문동7가,서울특별시 성북구 아리랑로 59 (동소문동7가),근린생활2,제2종근린생활시설,10091100258310,지번
1129013900101270076,서울특별시 성북구 석관동,서울특별시 성북구 한천로78길 49 (석관동),근린생활1,제1종근린생활시설,10091100268671,지번
1129013400110930000,서울특별시 성북구 길음동,서울특별시 성북구 삼양로8길 8 (길음동),근린생활1,제1종근린생활시설,1009124472,지번
1129013400110900001,서울특별시 성북구 길음동,서울특별시 성북구 삼양로6길 9 (길음동),근린생활1,제1종근린생활시설,1009124465,지번
1129010900100710001,서울특별시 성북구 동소문동6가,서울특별시 성북구 동소문로13나길 27 (동소문동6가),근린생활2,제2종근린생활시설,10091100253227,지번
1129012500100860012,서울특별시 성북구 안암동5가,서울특별시 성북구 고려대로28길 12-3 (안암동5가),근린생활1,제1종근린생활시설,1009113437,지번
1129013400110940000,서울특별시 성북구 길음동,서울특별시 성북구 숭인로2길 84 (길음동),근린생활1,제1종근린생활시설,1009124473,지번
1129013400110940000,서울특별시 성북구 길음동,서울특별시 성북구 삼양로8길 5 (길음동),근린생활1,단독주택,1009124474,지번
1129013400110940000,서울특별시 성북구 길음동,,근린생활1,단독주택,1009124475,지번
1129013400110940000,서울특별시 성북구 길음동,서울특별시 성북구 숭인로2길 82 (길음동),근린생활1,단독주택,1009124476,지번
1129013500100310017,서울특별시 성북구 종암동,서울특별시 성북구 종암로5길 83 (종암동),근린생활2,제2종근린생활시설,10091100189774,지번
1129013300102900054,서울특별시 성북구 정릉동,서울특별시 성북구 솔샘로 71 (정릉동),근린생활2,제2종근린생활시설,1009118619,지번
1129012900100670000,서울특별시 성북구 보문동7가,서울특별시 성북구 보문로13길 14 (보문동7가),근린생활2,제2종근린생활시설,1009115252,지번
1129012500101100125,서울특별시 성북구 안암동5가,서울특별시 성북구 안암로9가길 50 (안암동5가),근린생활2,제2종근린생활시설,1009113730,지번
1129013300106850102,서울특별시 성북구 정릉동,서울특별시 성북구 솔샘로6길 16-11 (정릉동),근린생활1,제1종근린생활시설,1009120385,지번
1129012500101040021,서울특별시 성북구 안암동5가,서울특별시 성북구 고려대로26길 55 (안암동5가),근린생활2,제2종근린생활시설,1009113685,지번
1129013300101100019,서울특별시 성북구 정릉동,서울특별시 성북구 정릉로36길 72 (정릉동),근린생활1,제1종근린생활시설,1009116992,지번
1129013300100160024,서울특별시 성북구 정릉동,서울특별시 성북구 정릉로 336 (정릉동),근린생활1,제1종근린생활시설,1009116568,지번
1129013300100160069,서울특별시 성북구 정릉동,서울특별시 성북구 정릉로40길 17 (정릉동),근린생활1,제1종근린생활시설,1009116607,지번
1129013300100160141,서울특별시 성북구 정릉동,서울특별시 성북구 정릉로38나길 16 (정릉동),근린생활2,제2종근린생활시설,1009116661,지번
1129013300100160143,서울특별시 성북구 정릉동,서울특별시 성북구 정릉로38라길 15 (정릉동),근린생활1,제1종근린생활시설,1009116662,지번
1129013300107160115,서울특별시 성북구 정릉동,서울특별시 성북구 솔샘로11길 43-3 (정릉동),근린생활1,제1종근린생활시설,1009120711,지번
1129013300101450002,서울특별시 성북구 정릉동,서울특별시 성북구 정릉로26길 46 (정릉동),근린생활1,제1종근린생활시설,1009117166,지번
1129013800100760042,서울특별시 성북구 장위동,서울특별시 성북구 장월로28길 44 (장위동),근린생활1,제1종근린생활시설,1009134618,지번
1129013800100760042,서울특별시 성북구 장위동,서울특별시 성북구 장월로28길 44 (장위동),근린생활1,단독주택,1009134619,지번
1129013400111730000,서울특별시 성북구 길음동,서울특별시 성북구 삼양로9길 10-27 (길음동),근린생활1,제1종근린생활시설,10091100252267,지번
1129013300107790004,서울특별시 성북구 정릉동,서울특별시 성북구 보국문로 166 (정릉동),근린생활1,제1종근린생활시설,1009121156,지번
1129012700102600001,서울특별시 성북구 보문동5가,서울특별시 성북구 보문로13가길 24 (보문동5가),근린생활1,제1종근린생활시설,1009114448,지번
1129013300101410009,서울특별시 성북구 정릉동,서울특별시 성북구 정릉로26길 58 (정릉동),근린생활1,제1종근린생활시설,1009117158,지번
1129013300105270000,서울특별시 성북구 정릉동,서울특별시 성북구 아리랑로19가길 8 (정릉동),근린생활2,제2종근린생활시설,1009119763,지번
1129013300104110001,서울특별시 성북구 정릉동,서울특별시 성북구 보국문로8길 8 (정릉동),근린생활1,제1종근린생활시설,1009119358,지번
1129012800102650000,서울특별시 성북구 보문동6가,서울특별시 성북구 보문로13라길 23-1 (보문동6가),근린생활1,제1종근린생활시설,1009114968,지번
1129013300101410006,서울특별시 성북구 정릉동,서울특별시 성북구 정릉로26길 52 (정릉동),근린생활1,제1종근린생활시설,1009117156,지번
1129012900100450000,서울특별시 성북구 보문동7가,서울특별시 성북구 보문로15길 11 (보문동7가),근린생활2,제2종근린생활시설,1009115234,지번
1129013300100160155,서울특별시 성북구 정릉동,서울특별시 성북구 정릉로38나길 2 (정릉동),근린생활1,제1종근린생활시설,1009116673,지번
1129013400110880001,서울특별시 성북구 길음동,서울특별시 성북구 삼양로 36-14 (길음동),근린생활1,제1종근린생활시설,1009124455,지번
1129012800103680000,서울특별시 성북구 보문동6가,서울특별시 성북구 보문로13라길 18 (보문동6가),근린생활2,제2종근린생활시설,1009115043,지번
1129012800102160000,서울특별시 성북구 보문동6가,서울특별시 성북구 보문로13길 19-27 (보문동6가),근린생활1,제1종근린생활시설,1009114940,지번
1129012900101330000,서울특별시 성북구 보문동7가,서울특별시 성북구 보문로13나길 26 (보문동7가),근린생활2,제2종근린생활시설,1009115331,지번
1129012900101160000,서울특별시 성북구 보문동7가,서울특별시 성북구 보문로13나길 23 (보문동7가),근린생활1,제1종근린생활시설,1009115316,지번
1129012900101320000,서울특별시 성북구 보문동7가,서울특별시 성북구 보문로13나길 28 (보문동7가),근린생활2,제2종근린생활시설,1009115330,지번
1129013300102600028,서울특별시 성북구 정릉동,서울특별시 성북구 보국문로20길 22 (정릉동),근린생활1,제1종근린생활시설,1009118248,지번
1129013300106690003,서울특별시 성북구 정릉동,서울특별시 성북구 솔샘로1길 18 (정릉동),근린생활1,제1종근린생활시설,1009120218,지번
1129012900101140000,서울특별시 성북구 보문동7가,서울특별시 성북구 보문로13나길 19 (보문동7가),근린생활2,제2종근린생활시설,1009115314,지번
1129012800104080000,서울특별시 성북구 보문동6가,서울특별시 성북구 보문로9길 54 (보문동6가),근린생활1,제1종근린생활시설,1009115073,지번
1129012900100080000,서울특별시 성북구 보문동7가,서울특별시 성북구 보문로14길 11 (보문동7가),근린생활1,제1종근린생활시설,1009115183,지번
1129013300102840030,서울특별시 성북구 정릉동,서울특별시 성북구 보국문로 67 (정릉동),근린생활2,제2종근린생활시설,1009118545,지번
1129013300101100036,서울특별시 성북구 정릉동,서울특별시 성북구 정릉로36길 84 (정릉동),근린생활1,제1종근린생활시설,1009117004,지번
1129012700102160000,서울특별시 성북구 보문동5가,서울특별시 성북구 보문로13다길 30 (보문동5가),근린생활1,제1종근린생활시설,1009114401,지번
1129013300102270015,서울특별시 성북구 정릉동,서울특별시 성북구 서경로20길 22 (정릉동),근린생활2,제2종근린생활시설,10091100192287,지번
1129013300105060009,서울특별시 성북구 정릉동,서울특별시 성북구 아리랑로19길 79 (정릉동),근린생활2,제2종근린생활시설,1009119605,지번
1129013300108100007,서울특별시 성북구 정릉동,서울특별시 성북구 보국문로32길 86 (정릉동),근린생활2,제2종근린생활시설,1009121226,지번
1129013300102600026,서울특별시 성북구 정릉동,서울특별시 성북구 보국문로20길 32 (정릉동),근린생활1,제1종근린생활시설,1009118246,지번
1129013300102600025,서울특별시 성북구 정릉동,서울특별시 성북구 보국문로16길 65 (정릉동),근린생활1,제1종근린생활시설,1009118245,지번
1129013300106920015,서울특별시 성북구 정릉동,서울특별시 성북구 솔샘로5길 27 (정릉동),근린생활2,제2종근린생활시설,1009120454,지번
1129013300100160005,서울특별시 성북구 정릉동,서울특별시 성북구 정릉로 342 (정릉동),근린생활1,제1종근린생활시설,1009116549,지번
1129012500101340016,서울특별시 성북구 안암동5가,서울특별시 성북구 안암로 57 (안암동5가),근린생활2,제2종근린생활시설,1009113794,지번
1129012500101010047,서울특별시 성북구 안암동5가,서울특별시 성북구 개운사길 2 (안암동5가),근린생활2,제2종근린생활시설,1009113520,지번
1129012500100150032,서울특별시 성북구 안암동5가,서울특별시 성북구 개운사길 22-6 (안암동5가),근린생활2,제2종근린생활시설,1009113348,지번
1129012500100660000,서울특별시 성북구 안암동5가,서울특별시 성북구 고려대로 110 (안암동5가),근린생활2,제2종근린생활시설,1009113408,지번
1129013500100700014,서울특별시 성북구 종암동,서울특별시 성북구 종암로19길 24 (종암동),근린생활1,제1종근린생활시설,1009127291,지번
1129013500100520015,서울특별시 성북구 종암동,서울특별시 성북구 종암로9길 75 (종암동),근린생활2,제2종근린생활시설,1009127050,지번
1129013500100230061,서울특별시 성북구 종암동,서울특별시 성북구 종암로 25 (종암동),근린생활2,제2종근린생활시설,1009126612,지번
1129013800100820021,서울특별시 성북구 장위동,서울특별시 성북구 장위로49길 28 (장위동),근린생활1,제1종근린생활시설,1009134809,지번
1129012500100860002,서울특별시 성북구 안암동5가,서울특별시 성북구 고려대로28길 25 (안암동5가),근린생활2,제2종근린생활시설,1000000000000002617680,지번
1129012500100150012,서울특별시 성북구 안암동5가,서울특별시 성북구 개운사길 28 (안암동5가),근린생활2,제2종근린생활시설,1000000000000000815372,지번
1129013800100750622,서울특별시 성북구 장위동,서울특별시 성북구 돌곶이로 141-5 (장위동),근린생활1,제1종근린생활시설,1009134592,지번
1129013900102610157,서울특별시 성북구 석관동,서울특별시 성북구 화랑로32길 68-1 (석관동),근린생활1,제1종근린생활시설,1009141999,지번
1129013800100860005,서울특별시 성북구 장위동,서울특별시 성북구 장위로 177 (장위동),근린생활1,제1종근린생활시설,1009134818,지번
1129013300101410008,서울특별시 성북구 정릉동,서울특별시 성북구 정릉로26길 54 (정릉동),근린생활1,공동주택,1000000000000007107378,지번
1129013300101320115,서울특별시 성북구 정릉동,서울특별시 성북구 정릉로36길 44 (정릉동),근린생활2,제2종근린생활시설,1009117124,지번
1129012400100410020,서울특별시 성북구 안암동4가,서울특별시 성북구 안암로9길 14-7 (안암동4가),근린생활1,제1종근린생활시설,1009113167,지번
1129013300104200011,서울특별시 성북구 정릉동,서울특별시 성북구 정릉로 237-22 (정릉동),근린생활2,제2종근린생활시설,1009119446,지번
1129013800100681036,서울특별시 성북구 장위동,서울특별시 성북구 장위로40라길 2 (장위동),근린생활1,제1종근린생활시설,1009133855,지번
1129013800100660302,서울특별시 성북구 장위동,서울특별시 성북구 돌곶이로27길 76 (장위동),근린생활1,제1종근린생활시설,1009133310,지번
1129013800100680141,서울특별시 성북구 장위동,서울특별시 성북구 장위로38길 67 (장위동),근린생활1,제1종근린생활시설,1009133412,지번
1129013700100070109,서울특별시 성북구 상월곡동,서울특별시 성북구 화랑로25길 15 (상월곡동),근린생활2,제2종근린생활시설,1009131410,지번
1129013700100070319,서울특별시 성북구 상월곡동,서울특별시 성북구 화랑로25길 25 (상월곡동),근린생활1,제1종근린생활시설,1009131468,지번
1129013900103380154,서울특별시 성북구 석관동,서울특별시 성북구 화랑로32길 14 (석관동),근린생활2,제2종근린생활시설,1009143376,지번
1129012500101360043,서울특별시 성북구 안암동5가,서울특별시 성북구 고려대로22길 56 (안암동5가),근린생활1,제1종근린생활시설,1009113835,지번
1129012900101120004,서울특별시 성북구 보문동7가,서울특별시 성북구 보문로 40 (보문동7가),근린생활1,제1종근린생활시설,1009115307,지번
1129012900101080001,서울특별시 성북구 보문동7가,서울특별시 성북구 안암로3길 35 (보문동7가),근린생활1,제1종근린생활시설,1009115293,지번
1129013300104160061,서울특별시 성북구 정릉동,서울특별시 성북구 정릉로 237-16 (정릉동),근린생활1,제1종근린생활시설,1009119439,지번
1129013900102610394,서울특별시 성북구 석관동,서울특별시 성북구 화랑로32길 88 (석관동),근린생활1,제1종근린생활시설,1009142095,지번
1129013300105840000,서울특별시 성북구 정릉동,서울특별시 성북구 아리랑로19길 25 (정릉동),근린생활1,제1종근린생활시설,1009119973,지번
1129013300105830001,서울특별시 성북구 정릉동,서울특별시 성북구 아리랑로19길 27 (정릉동),근린생활1,제1종근린생활시설,1009119972,지번
1129013300101510015,서울특별시 성북구 정릉동,서울특별시 성북구 정릉로 268 (정릉동),근린생활1,제1종근린생활시설,1009117228,지번
1129013300107860023,서울특별시 성북구 정릉동,서울특별시 성북구 보국문로 181 (정릉동),근린생활1,제1종근린생활시설,1009121170,지번
1129013300106470005,서울특별시 성북구 정릉동,서울특별시 성북구 정릉로12길 14 (정릉동),근린생활1,제1종근린생활시설,1009120171,지번
1129013300101640037,서울특별시 성북구 정릉동,서울특별시 성북구 정릉로27길 19 (정릉동),근린생활2,제2종근린생활시설,1009117294,지번
1129013400111720012,서울특별시 성북구 길음동,서울특별시 성북구 삼양로9길 14 (길음동),근린생활1,제1종근린생활시설,1009124635,지번
1129013300100140024,서울특별시 성북구 정릉동,서울특별시 성북구 정릉로 308 (정릉동),근린생활1,제1종근린생활시설,1009116534,지번
1129013300101110027,서울특별시 성북구 정릉동,서울특별시 성북구 정릉로36길 73-2 (정릉동),근린생활2,제2종근린생활시설,1009117018,지번
1129013300109660001,서울특별시 성북구 정릉동,서울특별시 성북구 정릉로 242 (정릉동),근린생활2,업무시설,1009121694,지번
1129013300101420001,서울특별시 성북구 정릉동,서울특별시 성북구 정릉로26가길 8 (정릉동),근린생활1,제1종근린생활시설,1009117159,지번
1129013300106530041,서울특별시 성북구 정릉동,서울특별시 성북구 정릉로 159 (정릉동),근린생활1,제1종근린생활시설,1009122439,지번
1129013300103970039,서울특별시 성북구 정릉동,서울특별시 성북구 보국문로 59 (정릉동),근린생활1,제1종근린생활시설,1009119134,지번
1129013300104110033,서울특별시 성북구 정릉동,서울특별시 성북구 보국문로8길 4 (정릉동),근린생활2,제2종근린생활시설,1009119365,지번
1129013300102660106,서울특별시 성북구 정릉동,서울특별시 성북구 보국문로16길 40 (정릉동),근린생활2,제2종근린생활시설,1009118333,지번
1129013300104000002,서울특별시 성북구 정릉동,서울특별시 성북구 보국문로 49 (정릉동),근린생활2,제2종근린생활시설,1009119144,지번
1129013300107800000,서울특별시 성북구 정릉동,서울특별시 성북구 보국문로 167 (정릉동),근린생활1,제1종근린생활시설,1009122543,지번
1129013300107800000,서울특별시 성북구 정릉동,서울특별시 성북구 보국문로 167 (정릉동),근린생활1,공동주택,1009122544,지번
1129013300107800000,서울특별시 성북구 정릉동,서울특별시 성북구 보국문로 167 (정릉동),근린생활1,공동주택,1009122545,지번
1129013300100140009,서울특별시 성북구 정릉동,,근린생활2,제2종근린생활시설,1009116521,지번
1129013300101510008,서울특별시 성북구 정릉동,서울특별시 성북구 정릉로 266-1 (정릉동),근린생활2,제2종근린생활시설,1009117227,지번
1129013300101490003,서울특별시 성북구 정릉동,서울특별시 성북구 정릉로26길 47 (정릉동),근린생활1,제1종근린생활시설,1009117184,지번
1129013300106690006,서울특별시 성북구 정릉동,서울특별시 성북구 솔샘로1길 20 (정릉동),근린생활1,제1종근린생활시설,1009120219,지번
1129013300103930003,서울특별시 성북구 정릉동,서울특별시 성북구 보국문로11길 37 (정릉동),근린생활1,제1종근린생활시설,1009119049,지번
1129013300103500008,서울특별시 성북구 정릉동,서울특별시 성북구 솔샘로6길 52 (정릉동),근린생활1,제1종근린생활시설,1009118773,지번
1129013300102840041,서울특별시 성북구 정릉동,서울특별시 성북구 보국문로 61 (정릉동),근린생활2,제2종근린생활시설,1009118554,지번
1129013300102860008,서울특별시 성북구 정릉동,서울특별시 성북구 보국문로18길 6 (정릉동),근린생활1,제1종근린생활시설,1009118565,지번
1129013300102860008,서울특별시 성북구 정릉동,서울특별시 성북구 보국문로18길 6 (정릉동),근린생활1,단독주택,1009118567,지번
1129010300100480004,서울특별시 성북구 돈암동,서울특별시 성북구 동소문로 181 (돈암동),근린생활1,제1종근린생활시설,100915560,지번
1129010300100430003,서울특별시 성북구 돈암동,서울특별시 성북구 북악산로 860 (돈암동),근린생활2,제2종근린생활시설,100914850,지번
1129013300101100043,서울특별시 성북구 정릉동,서울특별시 성북구 아리랑로 120-10 (정릉동),근린생활2,제2종근린생활시설,1009117008,지번
1129010700102700000,서울특별시 성북구 동소문동4가,서울특별시 성북구 동소문로 67-1 (동소문동4가),근린생활2,제2종근린생활시설,100916603,지번
1129010700102050001,서울특별시 성북구 동소문동4가,서울특별시 성북구 동소문로11길 44 (동소문동4가),근린생활1,제2종근린생활시설,100916575,지번
1129010100100600042,서울특별시 성북구 성북동,서울특별시 성북구 성북로 76-3 (성북동),근린생활2,제2종근린생활시설,100912373,지번
1129013300101620023,서울특별시 성북구 정릉동,서울특별시 성북구 정릉로27길 15 (정릉동),근린생활1,제1종근린생활시설,1009117276,지번
1129013300101640040,서울특별시 성북구 정릉동,서울특별시 성북구 보국문로2길 19 (정릉동),근린생활1,제1종근린생활시설,1009117308,지번
1129010100101720007,서울특별시 성북구 성북동,서울특별시 성북구 성북로10가길 14 (성북동),근린생활2,제2종근린생활시설,100913083,지번
1129010100101730029,서울특별시 성북구 성북동,서울특별시 성북구 성북로 50-2 (성북동),근린생활1,제1종근린생활시설,100913105,지번
1129010100101730031,서울특별시 성북구 성북동,서울특별시 성북구 성북로 50 (성북동),근린생활2,제2종근린생활시설,100913107,지번
1129010100101730032,서울특별시 성북구 성북동,서울특별시 성북구 성북로 48 (성북동),근린생활2,제2종근린생활시설,100913108,지번
1129010100101700044,서울특별시 성북구 성북동,서울특별시 성북구 성북로 52-2 (성북동),근린생활2,제2종근린생활시설,100913070,지번
1129013300104830003,서울특별시 성북구 정릉동,서울특별시 성북구 정릉로26가길 21 (정릉동),근린생활1,제1종근린생활시설,1009119577,지번
1129010100100460003,서울특별시 성북구 성북동,서울특별시 성북구 선잠로 12-18 (성북동),근린생활2,제2종근린생활시설,100912294,지번
1129010100100460003,서울특별시 성북구 성북동,서울특별시 성북구 선잠로 12-18 (성북동),근린생활2,제2종근린생활시설,100912295,지번
1129010100100600034,서울특별시 성북구 성북동,서울특별시 성북구 성북로 76-1 (성북동),근린생활1,제1종근린생활시설,100912367,지번
1129013300105850002,서울특별시 성북구 정릉동,서울특별시 성북구 아리랑로19길 23 (정릉동),근린생활2,제2종근린생활시설,1009119974,지번
1129013300101070017,서울특별시 성북구 정릉동,서울특별시 성북구 아리랑로19길 9-3 (정릉동),근린생활1,제1종근린생활시설,1009116957,지번
1129013200102100000,서울특별시 성북구 보문동3가,서울특별시 성북구 보문사길 45 (보문동3가),근린생활2,제2종근린생활시설,10091100268786,지번
1129012200101300000,서울특별시 성북구 안암동2가,서울특별시 성북구 고려대로7가길 40 (안암동2가),근린생활2,제2종근린생활시설,1009112499,지번
1129010100101840031,서울특별시 성북구 성북동,서울특별시 성북구 성북로6길 8-2 (성북동),근린생활2,제2종근린생활시설,100913305,지번
1129010400100620000,서울특별시 성북구 동소문동1가,서울특별시 성북구 동소문로 25-9 (동소문동1가),근린생활2,제2종근린생활시설,100916007,지번
1129010400100320003,서울특별시 성북구 동소문동1가,서울특별시 성북구 동소문로 13 (동소문동1가),근린생활2,제2종근린생활시설,100915961,지번
1129013300109660095,서울특별시 성북구 정릉동,서울특별시 성북구 아리랑로 120-4 (정릉동),근린생활2,제2종근린생활시설,1009121713,지번
1129013300101500013,서울특별시 성북구 정릉동,서울특별시 성북구 정릉로 256 (정릉동),근린생활1,제1종근린생활시설,1009117196,지번
1129013300100140007,서울특별시 성북구 정릉동,서울특별시 성북구 정릉로36길 12 (정릉동),근린생활1,제1종근린생활시설,1009116519,지번
1129013300109660055,서울특별시 성북구 정릉동,서울특별시 성북구 아리랑로19길 3 (정릉동),근린생활2,제2종근린생활시설,1009121709,지번
1129013300101400009,서울특별시 성북구 정릉동,서울특별시 성북구 정릉로26길 61 (정릉동),근린생활2,제2종근린생활시설,1009117151,지번
1129013300101750022,서울특별시 성북구 정릉동,서울특별시 성북구 정릉로29길 8 (정릉동),근린생활1,제1종근린생활시설,1009117507,지번
1129013300104050003,서울특별시 성북구 정릉동,서울특별시 성북구 보국문로11길 7 (정릉동),근린생활1,제1종근린생활시설,1009119263,지번
1129013300102580032,서울특별시 성북구 정릉동,서울특별시 성북구 솔샘로24길 41-3 (정릉동),근린생활1,제1종근린생활시설,1009118224,지번
1129013300104160017,서울특별시 성북구 정릉동,서울특별시 성북구 보국문로 9-6 (정릉동),근린생활1,제1종근린생활시설,1009119423,지번
1129013300104160017,서울특별시 성북구 정릉동,서울특별시 성북구 정릉로 241-13 (정릉동),근린생활1,단독주택,1009119424,지번
1129013300101300002,서울특별시 성북구 정릉동,서울특별시 성북구 정릉로36길 61 (정릉동),근린생활2,제2종근린생활시설,1009117091,지번
1129010500100010001,서울특별시 성북구 동소문동2가,서울특별시 성북구 동소문로 2 (동소문동2가),근린생활1,제1종근린생활시설,100916098,지번
1129010500100380000,서울특별시 성북구 동소문동2가,서울특별시 성북구 동소문로6길 4-13 (동소문동2가),근린생활1,제1종근린생활시설,100916121,지번
1129010500100370000,서울특별시 성북구 동소문동2가,서울특별시 성북구 동소문로6길 4-15 (동소문동2가),근린생활2,제2종근린생활시설,100916120,지번
1129010500100350000,서울특별시 성북구 동소문동2가,서울특별시 성북구 동소문로6길 4-19 (동소문동2가),근린생활1,제1종근린생활시설,100916119,지번
1129010500100710000,서울특별시 성북구 동소문동2가,서울특별시 성북구 동소문로6길 10-19 (동소문동2가),근린생활1,제1종근린생활시설,100916156,지번
1129011100102230000,서울특별시 성북구 삼선동1가,서울특별시 성북구 삼선교로4길 57 (삼선동1가),근린생활1,제1종근린생활시설,100917707,지번
1129013300102660317,서울특별시 성북구 정릉동,서울특별시 성북구 보국문로16다길 16-1 (정릉동),근린생활1,제1종근린생활시설,1009118387,지번
1129013300101550002,서울특별시 성북구 정릉동,서울특별시 성북구 정릉로 260-1 (정릉동),근린생활1,제1종근린생활시설,1009117231,지번
1129013300107780011,서울특별시 성북구 정릉동,서울특별시 성북구 보국문로 158 (정릉동),근린생활1,제1종근린생활시설,1009121151,지번
1129013300101070032,서울특별시 성북구 정릉동,서울특별시 성북구 아리랑로19길 9-10 (정릉동),근린생활2,제2종근린생활시설,1009116970,지번
1129013300101060007,서울특별시 성북구 정릉동,서울특별시 성북구 아리랑로19길 24 (정릉동),근린생활2,제2종근린생활시설,1009116951,지번
1129010500100020001,서울특별시 성북구 동소문동2가,서울특별시 성북구 동소문로 16-1 (동소문동2가),근린생활1,제1종근린생활시설,100916100,지번
1129010500102270000,서울특별시 성북구 동소문동2가,서울특별시 성북구 동소문로 18-1 (동소문동2가),근린생활2,제2종근린생활시설,100916297,지번
1129010500102240000,서울특별시 성북구 동소문동2가,서울특별시 성북구 동소문로 22 (동소문동2가),근린생활1,제1종근린생활시설,100916294,지번
1129010500102870000,서울특별시 성북구 동소문동2가,서울특별시 성북구 동소문로8길 16 (동소문동2가),근린생활1,제1종근린생활시설,100916342,지번
1129010500101700000,서울특별시 성북구 동소문동2가,서울특별시 성북구 동소문로6길 15 (동소문동2가),근린생활1,제1종근린생활시설,100916244,지번
1129010100102540008,서울특별시 성북구 성북동,서울특별시 성북구 성북로28길 10 (성북동),근린생활2,제2종근린생활시설,10091100265651,지번
1129012600101070000,서울특별시 성북구 보문동4가,서울특별시 성북구 안암로3길 59 (보문동4가),근린생활1,제1종근린생활시설,1000000000000000733181,지번
1129010700101500000,서울특별시 성북구 동소문동4가,서울특별시 성북구 동소문로3길 124 (동소문동4가),근린생활2,제2종근린생활시설,10091100192588,지번
1129013300101700019,서울특별시 성북구 정릉동,서울특별시 성북구 서경로 26 (정릉동),근린생활2,제2종근린생활시설,1009117436,지번
1129010100101330050,서울특별시 성북구 성북동,서울특별시 성북구 성북로 65-6 (성북동),근린생활2,제1종근린생활시설,100912687,지번
1129010100101330050,서울특별시 성북구 성북동,서울특별시 성북구 성북로 65-6 (성북동),근린생활2,제2종근린생활시설,100912742,지번
1129010100100580026,서울특별시 성북구 성북동,서울특별시 성북구 성북로 70 (성북동),근린생활1,제1종근린생활시설,100912356,지번
1129010100100580014,서울특별시 성북구 성북동,서울특별시 성북구 성북로14길 3 (성북동),근린생활2,제2종근린생활시설,100912346,지번
1129011100101180000,서울특별시 성북구 삼선동1가,서울특별시 성북구 삼선교로8길 25 (삼선동1가),근린생활2,제2종근린생활시설,100917595,지번
1129011100101180000,서울특별시 성북구 삼선동1가,서울특별시 성북구 삼선교로8길 25 (삼선동1가),근린생활2,공동주택,100918248,지번
1129010100101760006,서울특별시 성북구 성북동,서울특별시 성북구 성북로 38 (성북동),근린생활1,제1종근린생활시설,100913141,지번
1129010500102520000,서울특별시 성북구 동소문동2가,서울특별시 성북구 동소문로 24-3 (동소문동2가),근린생활1,제1종근린생활시설,100916315,지번
1129010500101840000,서울특별시 성북구 동소문동2가,서울특별시 성북구 동소문로6길 9-42 (동소문동2가),근린생활2,제2종근린생활시설,100916258,지번
1129010600100040000,서울특별시 성북구 동소문동3가,서울특별시 성북구 동소문로2길 81 (동소문동3가),근린생활1,제1종근린생활시설,100916367,지번
1129013300102270124,서울특별시 성북구 정릉동,서울특별시 성북구 서경로 97 (정릉동),근린생활1,제1종근린생활시설,1009118113,지번
1129013300102270150,서울특별시 성북구 정릉동,서울특별시 성북구 서경로 83 (정릉동),근린생활1,제1종근린생활시설,1009118120,지번
1129013300103970032,서울특별시 성북구 정릉동,서울특별시 성북구 보국문로11가길 8-1 (정릉동),근린생활2,제2종근린생활시설,1009119130,지번
1129013600100840007,서울특별시 성북구 하월곡동,서울특별시 성북구 오패산로3길 153 (하월곡동),근린생활2,제2종근린생활시설,1009130107,지번
1129010100101330057,서울특별시 성북구 성북동,서울특별시 성북구 성북로 57-1 (성북동),근린생활1,제1종근린생활시설,100912748,지번
1129010100101310121,서울특별시 성북구 성북동,서울특별시 성북구 성북로 53-3 (성북동),근린생활2,제2종근린생활시설,100912728,지번
1129013600100830028,서울특별시 성북구 하월곡동,서울특별시 성북구 오패산로17길 40 (하월곡동),근린생활1,제1종근린생활시설,1009130080,지번
1129010100101330060,서울특별시 성북구 성북동,서울특별시 성북구 성북로 53-2 (성북동),근린생활1,제1종근린생활시설,100912751,지번
1129010100101330060,서울특별시 성북구 성북동,서울특별시 성북구 성북로 55 (성북동),근린생활1,제1종근린생활시설,100912772,지번
1129010500102510000,서울특별시 성북구 동소문동2가,서울특별시 성북구 동소문로 26 (동소문동2가),근린생활1,제1종근린생활시설,100916314,지번
1129010500102470000,서울특별시 성북구 동소문동2가,서울특별시 성북구 동소문로 28 (동소문동2가),근린생활1,제2종근린생활시설,100916310,지번
1129010500102470000,서울특별시 성북구 동소문동2가,서울특별시 성북구 동소문로 26-3 (동소문동2가),근린생활1,제1종근린생활시설,100916311,지번
1129010500100780000,서울특별시 성북구 동소문동2가,서울특별시 성북구 동소문로6길 20-32 (동소문동2가),근린생활2,제2종근린생활시설,100916162,지번
1129010500102900000,서울특별시 성북구 동소문동2가,서울특별시 성북구 동소문로8길 12 (동소문동2가),근린생활2,제2종근린생활시설,100916344,지번
1129010500102900000,서울특별시 성북구 동소문동2가,서울특별시 성북구 동소문로8길 12 (동소문동2가),근린생활2,제2종근린생활시설,100916345,지번
1129010500101720000,서울특별시 성북구 동소문동2가,서울특별시 성북구 동소문로6길 11 (동소문동2가),근린생활1,제1종근린생활시설,100916246,지번
1129010500101680000,서울특별시 성북구 동소문동2가,서울특별시 성북구 동소문로6길 17-1 (동소문동2가),근린생활2,제2종근린생활시설,100916242,지번
1129010500101530000,서울특별시 성북구 동소문동2가,서울특별시 성북구 동소문로2길 51 (동소문동2가),근린생활2,제2종근린생활시설,100916225,지번
1129010500101530000,서울특별시 성북구 동소문동2가,서울특별시 성북구 동소문로2길 51 (동소문동2가),근린생활2,제2종근린생활시설,100916226,지번
1129013300102390003,서울특별시 성북구 정릉동,서울특별시 성북구 솔샘로 111 (정릉동),근린생활1,제1종근린생활시설,1009118161,지번
1129013300102270166,서울특별시 성북구 정릉동,서울특별시 성북구 서경로 84 (정릉동),근린생활2,제2종근린생활시설,10091100189617,지번
1129013300102660538,서울특별시 성북구 정릉동,서울특별시 성북구 보국문로8길 105 (정릉동),근린생활2,제2종근린생활시설,1009118511,지번
1129013300102270000,서울특별시 성북구 정릉동,서울특별시 성북구 서경로 92 (정릉동),근린생활2,제2종근린생활시설,10091100184904,지번
1129013300103720047,서울특별시 성북구 정릉동,서울특별시 성북구 솔샘로6길 60 (정릉동),근린생활1,제1종근린생활시설,1009118843,지번
1129013300101500010,서울특별시 성북구 정릉동,서울특별시 성북구 정릉로 254-2 (정릉동),근린생활1,제1종근린생활시설,1009117193,지번
1129013300106540033,서울특별시 성북구 정릉동,서울특별시 성북구 정릉로10길 14 (정릉동),근린생활1,제1종근린생활시설,1009120198,지번
1129010100100010027,서울특별시 성북구 성북동,서울특별시 성북구 성북로14라길 19 (성북동),근린생활1,제1종근린생활시설,100911775,지번
1129010100100010027,서울특별시 성북구 성북동,서울특별시 성북구 성북로14라길 19 (성북동),근린생활1,단독주택,100911776,지번
1129012400100410038,서울특별시 성북구 안암동4가,서울특별시 성북구 안암로7길 5 (안암동4가),근린생활2,제2종근린생활시설,10091100258930,지번
1129010100101730027,서울특별시 성북구 성북동,서울특별시 성북구 성북로10가길 3 (성북동),근린생활2,제2종근린생활시설,100913103,지번
1129013600100600155,서울특별시 성북구 하월곡동,서울특별시 성북구 오패산로 30 (하월곡동),근린생활2,제2종근린생활시설,1009129269,지번
1129013600100790079,서울특별시 성북구 하월곡동,서울특별시 성북구 월계로 44 (하월곡동),근린생활2,제2종근린생활시설,1009129648,지번
1129013600100760003,서울특별시 성북구 하월곡동,서울특별시 성북구 오패산로 73 (하월곡동),근린생활2,제2종근린생활시설,1009129547,지번
1129010100101610014,서울특별시 성북구 성북동,서울특별시 성북구 성북로 60 (성북동),근린생활1,제1종근린생활시설,100912879,지번
1129011500103200000,서울특별시 성북구 삼선동5가,서울특별시 성북구 보문로 158-1 (삼선동5가),근린생활1,제1종근린생활시설,100919943,지번
1129010600100350000,서울특별시 성북구 동소문동3가,서울특별시 성북구 동소문로2길 85 (동소문동3가),근린생활2,제2종근린생활시설,100916390,지번
1129010500103010002,서울특별시 성북구 동소문동2가,서울특별시 성북구 동소문로8길 14-22 (동소문동2가),근린생활1,제1종근린생활시설,100916362,지번
1129010500102820000,서울특별시 성북구 동소문동2가,서울특별시 성북구 동소문로8길 14-24 (동소문동2가),근린생활1,제1종근린생활시설,100916337,지번
1129010500101620001,서울특별시 성북구 동소문동2가,서울특별시 성북구 동소문로6길 9-36 (동소문동2가),근린생활1,제1종근린생활시설,100916236,지번
1129010500102650000,서울특별시 성북구 동소문동2가,서울특별시 성북구 동소문로8길 8-3 (동소문동2가),근린생활1,제1종근린생활시설,100916326,지번
1129012800100910000,서울특별시 성북구 보문동6가,서울특별시 성북구 보문로13다길 29-1 (보문동6가),근린생활1,제1종근린생활시설,1000000000000002964488,지번
1129013300102270154,서울특별시 성북구 정릉동,서울특별시 성북구 서경로 87 (정릉동),근린생활1,제1종근린생활시설,1009118122,지번
1129013300102270067,서울특별시 성북구 정릉동,서울특별시 성북구 서경로 90 (정릉동),근린생활2,제2종근린생활시설,1009118087,지번
1129013300107160044,서울특별시 성북구 정릉동,서울특별시 성북구 솔샘로7길 24 (정릉동),근린생활2,제2종근린생활시설,1009120650,지번
1129013300102980004,서울특별시 성북구 정릉동,서울특별시 성북구 보국문로 95 (정릉동),근린생활1,제1종근린생활시설,1009118652,지번
1129013300106670001,서울특별시 성북구 정릉동,서울특별시 성북구 정릉로 165 (정릉동),근린생활2,제2종근린생활시설,1009120215,지번
1129013300107420001,서울특별시 성북구 정릉동,,근린생활1,제1종근린생활시설,1009120807,지번
1129011100102380001,서울특별시 성북구 삼선동1가,서울특별시 성북구 삼선교로8길 27 (삼선동1가),근린생활1,제1종근린생활시설,100917743,지번
1129010500101560000,서울특별시 성북구 동소문동2가,서울특별시 성북구 동소문로8길 14-26 (동소문동2가),근린생활1,제1종근린생활시설,100916229,지번
1129013300102900043,서울특별시 성북구 정릉동,서울특별시 성북구 솔샘로20길 4 (정릉동),근린생활2,제2종근린생활시설,1009118615,지번
1129013300102270151,서울특별시 성북구 정릉동,서울특별시 성북구 서경로 81 (정릉동),근린생활1,제1종근린생활시설,1009118121,지번
1129010100103000003,서울특별시 성북구 성북동,서울특별시 성북구 성북로26길 43 (성북동),근린생활2,제2종근린생활시설,1000000000000002186242,지번
1129010100101730028,서울특별시 성북구 성북동,서울특별시 성북구 성북로 46 (성북동),근린생활1,제1종근린생활시설,100913104,지번
1129010100101610015,서울특별시 성북구 성북동,서울특별시 성북구 성북로 58 (성북동),근린생활2,제2종근린생활시설,100912880,지번
1129010100101700045,서울특별시 성북구 성북동,서울특별시 성북구 성북로 54 (성북동),근린생활1,제1종근린생활시설,100913071,지번
1129010100101730015,서울특별시 성북구 성북동,서울특별시 성북구 성북로10가길 12 (성북동),근린생활2,제2종근린생활시설,100913092,지번
1129010100101700041,서울특별시 성북구 성북동,서울특별시 성북구 성북로 52-1 (성북동),근린생활2,제2종근린생활시설,100913069,지번
1129010100101730026,서울특별시 성북구 성북동,서울특별시 성북구 성북로 52 (성북동),근린생활1,제1종근린생활시설,100913102,지번
1129010500102220000,서울특별시 성북구 동소문동2가,서울특별시 성북구 동소문로 24 (동소문동2가),근린생활2,제2종근린생활시설,100916292,지번
1129010500102250000,서울특별시 성북구 동소문동2가,서울특별시 성북구 동소문로 20-1 (동소문동2가),근린생활2,제2종근린생활시설,100916295,지번
1129010600100390000,서울특별시 성북구 동소문동3가,서울특별시 성북구 동소문로2길 89-1 (동소문동3가),근린생활2,제2종근린생활시설,100916393,지번
1129013300108940011,서울특별시 성북구 정릉동,서울특별시 성북구 정릉로10길 27 (정릉동),근린생활1,제1종근린생활시설,1009121575,지번
1129013300108200007,서울특별시 성북구 정릉동,서울특별시 성북구 보국문로 192 (정릉동),근린생활1,제1종근린생활시설,1009121244,지번
1129013300108200008,서울특별시 성북구 정릉동,서울특별시 성북구 보국문로 190 (정릉동),근린생활2,제2종근린생활시설,1009121245,지번
1129012200101250002,서울특별시 성북구 안암동2가,서울특별시 성북구 고려대로 35-1 (안암동2가),근린생활2,제2종근린생활시설,1009112494,지번
1129010500100910000,서울특별시 성북구 동소문동2가,서울특별시 성북구 동소문로6길 14 (동소문동2가),근린생활2,제2종근린생활시설,100916173,지번
1129010500101370000,서울특별시 성북구 동소문동2가,서울특별시 성북구 동소문로2길 25 (동소문동2가),근린생활1,제1종근린생활시설,100916210,지번
1129010500101380002,서울특별시 성북구 동소문동2가,서울특별시 성북구 동소문로2길 27 (동소문동2가),근린생활2,제2종근린생활시설,100916211,지번
1129010200101040001,서울특별시 성북구 성북동1가,서울특별시 성북구 성북로5길 25 (성북동1가),근린생활2,제2종근린생활시설,100914427,지번
1129010100101730030,서울특별시 성북구 성북동,서울특별시 성북구 성북로 50-1 (성북동),근린생활1,제1종근린생활시설,100913106,지번
1129013300107710046,서울특별시 성북구 정릉동,서울특별시 성북구 보국문로 157 (정릉동),근린생활1,제1종근린생활시설,1009122531,지번
1129013300102270028,서울특별시 성북구 정릉동,서울특별시 성북구 길음로15가길 21 (정릉동),근린생활2,제2종근린생활시설,1009118060,지번
1129013300102270043,서울특별시 성북구 정릉동,서울특별시 성북구 서경로 86 (정릉동),근린생활2,제2종근린생활시설,10091100187594,지번
1129013300102270030,서울특별시 성북구 정릉동,서울특별시 성북구 서경로18길 18 (정릉동),근린생활2,제2종근린생활시설,10091100189595,지번
1129010500102290000,서울특별시 성북구 동소문동2가,서울특별시 성북구 동소문로 30 (동소문동2가),근린생활2,제2종근린생활시설,100916299,지번
1129010600100090000,서울특별시 성북구 동소문동3가,서울특별시 성북구 동소문로 34 (동소문동3가),근린생활2,제2종근린생활시설,100916371,지번
1129010600100320000,서울특별시 성북구 동소문동3가,서울특별시 성북구 동소문로 36 (동소문동3가),근린생활2,제2종근린생활시설,100916387,지번
1129010500101550000,서울특별시 성북구 동소문동2가,서울특별시 성북구 동소문로2길 55 (동소문동2가),근린생활2,제2종근린생활시설,100916228,지번
1129010200101150018,서울특별시 성북구 성북동1가,서울특별시 성북구 성북로7길 8 (성북동1가),근린생활2,제2종근린생활시설,100914542,지번
1129013300102660107,서울특별시 성북구 정릉동,서울특별시 성북구 보국문로16길 38 (정릉동),근린생활2,제2종근린생활시설,1009118334,지번
1129013300104130006,서울특별시 성북구 정릉동,서울특별시 성북구 보국문로 20 (정릉동),근린생활2,제2종근린생활시설,1009119383,지번
1129013300101600004,서울특별시 성북구 정릉동,서울특별시 성북구 정릉로 263 (정릉동),근린생활2,제2종근린생활시설,1009117240,지번
1129013300103730002,서울특별시 성북구 정릉동,서울특별시 성북구 솔샘로4길 52 (정릉동),근린생활1,제1종근린생활시설,1009118847,지번
1129013300101640002,서울특별시 성북구 정릉동,서울특별시 성북구 보국문로 6 (정릉동),근린생활1,제1종근린생활시설,1009117297,지번
1129013300104820000,서울특별시 성북구 정릉동,서울특별시 성북구 정릉로26가길 20 (정릉동),근린생활1,제1종근린생활시설,1009119575,지번
1129010100100010077,서울특별시 성북구 성북동,서울특별시 성북구 선잠로2길 211 (성북동),근린생활1,제1종근린생활시설,100911786,지번
1129010500100290000,서울특별시 성북구 동소문동2가,서울특별시 성북구 동소문로6길 4-14 (동소문동2가),근린생활2,제2종근린생활시설,100916113,지번
1129010500101630000,서울특별시 성북구 동소문동2가,서울특별시 성북구 동소문로8길 14-40 (동소문동2가),근린생활1,제1종근린생활시설,100916238,지번
1129013300106490014,서울특별시 성북구 정릉동,서울특별시 성북구 정릉로12길 9 (정릉동),근린생활2,제2종근린생활시설,1009120182,지번
1129010200101040029,서울특별시 성북구 성북동1가,서울특별시 성북구 성북로7길 34 (성북동1가),근린생활1,제1종근린생활시설,100914429,지번
1129012400100410022,서울특별시 성북구 안암동4가,서울특별시 성북구 안암로 27 (안암동4가),근린생활1,제1종근린생활시설,1009113169,지번
1129013300102540011,서울특별시 성북구 정릉동,서울특별시 성북구 솔샘로24길 30 (정릉동),근린생활2,제2종근린생활시설,1009118184,지번
1129013300102600030,서울특별시 성북구 정릉동,서울특별시 성북구 보국문로20길 16 (정릉동),근린생활1,제1종근린생활시설,1009118250,지번
1129011800100120000,서울특별시 성북구 동선동3가,서울특별시 성북구 동소문로28길 26 (동선동3가),근린생활2,제2종근린생활시설,1009110851,지번
1129011800102510004,서울특별시 성북구 동선동3가,서울특별시 성북구 동소문로26가길 46 (동선동3가),근린생활2,제2종근린생활시설,1009111130,지번
1129010400100240000,서울특별시 성북구 동소문동1가,서울특별시 성북구 동소문로 7-3 (동소문동1가),근린생활2,제2종근린생활시설,100915951,지번
1129011600101180001,서울특별시 성북구 동선동1가,서울특별시 성북구 동소문로 120 (동선동1가),근린생활2,제2종근린생활시설,1009110379,지번
1129010100101840063,서울특별시 성북구 성북동,서울특별시 성북구 성북로6길 4 (성북동),근린생활1,제1종근린생활시설,100913313,지번
1129010400100460000,서울특별시 성북구 동소문동1가,서울특별시 성북구 성북로2길 17 (동소문동1가),근린생활2,제2종근린생활시설,100915988,지번
1129010600100660000,서울특별시 성북구 동소문동3가,서울특별시 성북구 동소문로 54 (동소문동3가),근린생활2,제2종근린생활시설,100916413,지번
1129012000101600001,서울특별시 성북구 동선동5가,서울특별시 성북구 아리랑로 62 (동선동5가),근린생활1,제1종근린생활시설,1009111807,지번
1129010100101260021,서울특별시 성북구 성북동,서울특별시 성북구 성북로 77 (성북동),근린생활1,제1종근린생활시설,100912657,지번
1129010100100580023,서울특별시 성북구 성북동,서울특별시 성북구 성북로16길 14 (성북동),근린생활2,제2종근린생활시설,100912355,지번
1129013300101060002,서울특별시 성북구 정릉동,서울특별시 성북구 아리랑로19길 18 (정릉동),근린생활1,제1종근린생활시설,1009116948,지번
1129011900101110001,서울특별시 성북구 동선동4가,서울특별시 성북구 동소문로 125 (동선동4가),근린생활1,제1종근린생활시설,1009111552,지번
1129010800100750000,서울특별시 성북구 동소문동5가,서울특별시 성북구 동소문로 98 (동소문동5가),근린생활1,제1종근린생활시설,100916744,지번
1129013300109660046,서울특별시 성북구 정릉동,서울특별시 성북구 아리랑로19길 8 (정릉동),근린생활1,제1종근린생활시설,1009121707,지번
1129011400103220000,서울특별시 성북구 삼선동4가,서울특별시 성북구 삼선교로23길 7 (삼선동4가),근린생활2,제2종근린생활시설,100919451,지번
1129010400100480000,서울특별시 성북구 동소문동1가,서울특별시 성북구 성북로2길 21 (동소문동1가),근린생활2,제2종근린생활시설,100915990,지번
1129010400100190000,서울특별시 성북구 동소문동1가,서울특별시 성북구 성북로2길 8 (동소문동1가),근린생활2,제2종근린생활시설,100915945,지번
1129010400100190000,서울특별시 성북구 동소문동1가,서울특별시 성북구 성북로2길 8 (동소문동1가),근린생활2,단독주택,100915946,지번
1129010700100980000,서울특별시 성북구 동소문동4가,서울특별시 성북구 동소문로7길 14 (동소문동4가),근린생활2,제2종근린생활시설,100916491,지번
1129010900100010000,서울특별시 성북구 동소문동6가,서울특별시 성북구 동소문로 71 (동소문동6가),근린생활1,제1종근린생활시설,100916804,지번
1129010900100260000,서울특별시 성북구 동소문동6가,서울특별시 성북구 동소문로13길 12 (동소문동6가),근린생활2,제2종근린생활시설,100917036,지번
1129010400101160000,서울특별시 성북구 동소문동1가,서울특별시 성북구 성북로2길 60 (동소문동1가),근린생활2,제2종근린생활시설,100916034,지번
1129010400101130000,서울특별시 성북구 동소문동1가,서울특별시 성북구 동소문로7길 3 (동소문동1가),근린생활1,제1종근린생활시설,100916032,지번
1129013300104020002,서울특별시 성북구 정릉동,서울특별시 성북구 보국문로12길 10 (정릉동),근린생활1,제1종근린생활시설,1009119161,지번
1129013300102810003,서울특별시 성북구 정릉동,서울특별시 성북구 보국문로16길 2 (정릉동),근린생활1,제1종근린생활시설,1009118535,지번
1129013300102810009,서울특별시 성북구 정릉동,서울특별시 성북구 보국문로16길 8 (정릉동),근린생활1,제1종근린생활시설,1009118536,지번
1129013300106840059,서울특별시 성북구 정릉동,서울특별시 성북구 솔샘로 10-7 (정릉동),근린생활2,제2종근린생활시설,1009120294,지번
1129013300106740013,서울특별시 성북구 정릉동,서울특별시 성북구 솔샘로 6-13 (정릉동),근린생활2,제2종근린생활시설,1009120239,지번
1129013300107160016,서울특별시 성북구 정릉동,서울특별시 성북구 솔샘로7길 23 (정릉동),근린생활2,제2종근린생활시설,1009120637,지번
1129013300105590200,서울특별시 성북구 정릉동,서울특별시 성북구 아리랑로19다길 27-3 (정릉동),근린생활2,제2종근린생활시설,1009119917,지번
1129013300102910008,서울특별시 성북구 정릉동,서울특별시 성북구 보국문로 96 (정릉동),근린생활2,제2종근린생활시설,1009118624,지번
1129013300101740007,서울특별시 성북구 정릉동,서울특별시 성북구 서경로 4 (정릉동),근린생활2,제2종근린생활시설,1009117497,지번
1129013300101700052,서울특별시 성북구 정릉동,서울특별시 성북구 정릉로27길 42-8 (정릉동),근린생활2,제2종근린생활시설,1009117450,지번
1129010100101590006,서울특별시 성북구 성북동,서울특별시 성북구 성북로14길 8 (성북동),근린생활1,제1종근린생활시설,100912873,지번
1129013300101610013,서울특별시 성북구 정릉동,서울특별시 성북구 정릉로 255 (정릉동),근린생활2,제2종근린생활시설,1009117253,지번
1129013400112860013,서울특별시 성북구 길음동,서울특별시 성북구 정릉로 321 (길음동),근린생활1,제1종근린생활시설,10091100208094,지번
1129013400110900002,서울특별시 성북구 길음동,서울특별시 성북구 삼양로6길 5 (길음동),근린생활2,제2종근린생활시설,1009124466,지번
1129013400112430001,서울특별시 성북구 길음동,서울특별시 성북구 삼양로 35 (길음동),근린생활2,제2종근린생활시설,1009124717,지번
1129013400105310025,서울특별시 성북구 길음동,서울특별시 성북구 길음로 10 (길음동),근린생활2,제2종근린생활시설,1009123688,지번
1129013400105310033,서울특별시 성북구 길음동,서울특별시 성북구 길음로 6 (길음동),근린생활1,제1종근린생활시설,1009123691,지번
1129013400105310022,서울특별시 성북구 길음동,서울특별시 성북구 길음로 14 (길음동),근린생활2,제2종근린생활시설,1009123686,지번
1129012700102360000,서울특별시 성북구 보문동5가,서울특별시 성북구 보문로13가길 19 (보문동5가),근린생활2,제2종근린생활시설,1009114419,지번
1129012300100130000,서울특별시 성북구 안암동3가,서울특별시 성북구 고려대로8길 41 (안암동3가),근린생활2,제2종근린생활시설,10091100190016,지번
1129012300100780015,서울특별시 성북구 안암동3가,서울특별시 성북구 보문로18길 41 (안암동3가),근린생활1,제1종근린생활시설,1009112780,지번
1129013700100710015,서울특별시 성북구 상월곡동,서울특별시 성북구 장월로1나길 10 (상월곡동),근린생활2,제2종근린생활시설,1000000000000003943200,지번
1129012300100890006,서울특별시 성북구 안암동3가,서울특별시 성북구 고려대로8길 55 (안암동3가),근린생활2,제2종근린생활시설,10091100224425,지번
1129011500102870000,서울특별시 성북구 삼선동5가,서울특별시 성북구 삼선교로24길 61 (삼선동5가),근린생활2,제2종근린생활시설,10091100223974,지번
1129013400110780001,서울특별시 성북구 길음동,서울특별시 성북구 삼양로 18 (길음동),근린생활2,제2종근린생활시설,1009124439,지번
1129013400112570003,서울특별시 성북구 길음동,서울특별시 성북구 삼양로 15-1 (길음동),근린생활1,제1종근린생활시설,1009124729,지번
1129013400105310050,서울특별시 성북구 길음동,서울특별시 성북구 길음로 12 (길음동),근린생활1,제1종근린생활시설,1009123695,지번
1129013300101750025,서울특별시 성북구 정릉동,서울특별시 성북구 정릉로31나길 1 (정릉동),근린생활1,제1종근린생활시설,1009117509,지번
1129013300102840016,서울특별시 성북구 정릉동,서울특별시 성북구 보국문로 77 (정릉동),근린생활2,제2종근린생활시설,1009118543,지번
1129013300101940006,서울특별시 성북구 정릉동,서울특별시 성북구 서경로 34 (정릉동),근린생활2,제2종근린생활시설,10091100187617,지번
1129013300102850010,서울특별시 성북구 정릉동,서울특별시 성북구 보국문로 74 (정릉동),근린생활1,제1종근린생활시설,1009118558,지번
1129013300102820003,서울특별시 성북구 정릉동,서울특별시 성북구 보국문로 65 (정릉동),근린생활1,제1종근린생활시설,1009118537,지번
1129013300102660390,서울특별시 성북구 정릉동,서울특별시 성북구 보국문로16길 48 (정릉동),근린생활1,제1종근린생활시설,1009118435,지번
1129013300103500007,서울특별시 성북구 정릉동,서울특별시 성북구 솔샘로6길 46 (정릉동),근린생활2,제2종근린생활시설,1009118772,지번
1129012900100420000,서울특별시 성북구 보문동7가,서울특별시 성북구 보문로13가길 7-4 (보문동7가),근린생활1,제1종근린생활시설,1009115230,지번
1129012900100880000,서울특별시 성북구 보문동7가,서울특별시 성북구 보문로13길 19 (보문동7가),근린생활2,제2종근린생활시설,1009115275,지번
1129012900100910000,서울특별시 성북구 보문동7가,서울특별시 성북구 보문로13나길 5 (보문동7가),근린생활2,제2종근린생활시설,1009115280,지번
1129012900100220002,서울특별시 성북구 보문동7가,,근린생활1,제1종근린생활시설,1009115197,지번
1129013400112290000,서울특별시 성북구 길음동,서울특별시 성북구 삼양로 57 (길음동),근린생활1,제1종근린생활시설,1009124701,지번
1129010300100120013,서울특별시 성북구 돈암동,서울특별시 성북구 동소문로 212-66 (돈암동),근린생활2,제2종근린생활시설,100914678,지번
1129013400112330000,서울특별시 성북구 길음동,서울특별시 성북구 삼양로 55 (길음동),근린생활2,제2종근린생활시설,1009124705,지번
1129013400112260000,서울특별시 성북구 길음동,서울특별시 성북구 삼양로 59 (길음동),근린생활1,제1종근린생활시설,1009124698,지번
1129013300103730008,서울특별시 성북구 정릉동,서울특별시 성북구 정릉로21길 71 (정릉동),근린생활2,제2종근린생활시설,1009118849,지번
1129013100101310001,서울특별시 성북구 보문동2가,서울특별시 성북구 보문로 107-1 (보문동2가),근린생활1,제1종근린생활시설,1009116095,본번
1129012700100060000,서울특별시 성북구 보문동5가,서울특별시 성북구 보문로 93 (보문동5가),근린생활1,제1종근린생활시설,1009114193,지번
1129013400112390002,서울특별시 성북구 길음동,서울특별시 성북구 삼양로 47 (길음동),근린생활1,제1종근린생활시설,1009124710,지번
1129013300100160086,서울특별시 성북구 정릉동,서울특별시 성북구 정릉로40길 30 (정릉동),근린생활1,제1종근린생활시설,1009116617,지번
1129013300109660295,서울특별시 성북구 정릉동,서울특별시 성북구 정릉로 238 (정릉동),근린생활1,제1종근린생활시설,1009121727,지번
1129012800102770000,서울특별시 성북구 보문동6가,서울특별시 성북구 보문로13마길 4 (보문동6가),근린생활2,제2종근린생활시설,1009114979,지번
1129012900101220000,서울특별시 성북구 보문동7가,서울특별시 성북구 보문로 43 (보문동7가),근린생활1,제1종근린생활시설,1009115324,지번
1129012700102610001,서울특별시 성북구 보문동5가,서울특별시 성북구 보문로 65 (보문동5가),근린생활2,제2종근린생활시설,10091100250627,지번
1129013300102660184,서울특별시 성북구 정릉동,서울특별시 성북구 보국문로16길 10 (정릉동),근린생활1,제1종근린생활시설,1009118375,지번
1129013300101320122,서울특별시 성북구 정릉동,서울특별시 성북구 정릉로36길 58 (정릉동),근린생활2,제2종근린생활시설,1009117126,지번
1129013400105400002,서울특별시 성북구 길음동,서울특별시 성북구 길음로7길 36-12 (길음동),근린생활1,제1종근린생활시설,1009123785,지번
1129011900102730000,서울특별시 성북구 동선동4가,서울특별시 성북구 아리랑로4길 80 (동선동4가),근린생활2,제2종근린생활시설,10091100218012,지번
1129011100100130013,서울특별시 성북구 삼선동1가,서울특별시 성북구 삼선교로2길 4 (삼선동1가),근린생활2,제2종근린생활시설,10091100266142,지번
1129013300100160131,서울특별시 성북구 정릉동,서울특별시 성북구 정릉로38라길 8 (정릉동),근린생활1,제1종근린생활시설,1009116652,지번
1129013300104830011,서울특별시 성북구 정릉동,서울특별시 성북구 아리랑로19길 30 (정릉동),근린생활2,제2종근린생활시설,1009119581,지번
1129013300105170002,서울특별시 성북구 정릉동,서울특별시 성북구 아리랑로19나길 14 (정릉동),근린생활2,제2종근린생활시설,1009119744,지번
1129013300103440004,서울특별시 성북구 정릉동,서울특별시 성북구 솔샘로6길 53-1 (정릉동),근린생활2,제2종근린생활시설,1009118735,지번
1129013300101320125,서울특별시 성북구 정릉동,서울특별시 성북구 정릉로36길 68 (정릉동),근린생활2,제2종근린생활시설,1009117127,지번
1129013300101670004,서울특별시 성북구 정릉동,서울특별시 성북구 정릉로27가길 6 (정릉동),근린생활1,제1종근린생활시설,1009117407,지번
1129013300102660179,서울특별시 성북구 정릉동,서울특별시 성북구 보국문로18길 12 (정릉동),근린생활1,제1종근린생활시설,1009118370,지번
1129013300103650002,서울특별시 성북구 정릉동,서울특별시 성북구 솔샘로6길 35-6 (정릉동),근린생활1,제1종근린생활시설,1009118800,지번
1129013300104090036,서울특별시 성북구 정릉동,서울특별시 성북구 보국문로 34 (정릉동),근린생활2,제2종근린생활시설,1009119306,지번
1129013300106840070,서울특별시 성북구 정릉동,서울특별시 성북구 솔샘로6길 16-14 (정릉동),근린생활1,제1종근린생활시설,1009120299,지번
1129013300103730004,서울특별시 성북구 정릉동,서울특별시 성북구 솔샘로4길 46 (정릉동),근린생활2,제2종근린생활시설,1009122142,지번
1129013300104650004,서울특별시 성북구 정릉동,서울특별시 성북구 정릉로26길 21 (정릉동),근린생활2,제2종근린생활시설,1009119547,지번
1129013300100140034,서울특별시 성북구 정릉동,서울특별시 성북구 정릉로36길 24 (정릉동),근린생활1,제1종근린생활시설,1009116540,지번
1129013300107860012,서울특별시 성북구 정릉동,서울특별시 성북구 보국문로 173 (정릉동),근린생활1,제1종근린생활시설,1009121167,지번
1129013300101990016,서울특별시 성북구 정릉동,서울특별시 성북구 정릉로27길 58 (정릉동),근린생활1,제1종근린생활시설,1009117822,지번
1129013300101750035,서울특별시 성북구 정릉동,서울특별시 성북구 서경로 6 (정릉동),근린생활2,제2종근린생활시설,1009117511,지번
1129013300105240002,서울특별시 성북구 정릉동,서울특별시 성북구 아리랑로19나길 1 (정릉동),근린생활2,제2종근린생활시설,1009119759,지번
1129013300101320059,서울특별시 성북구 정릉동,서울특별시 성북구 정릉로36길 52-3 (정릉동),근린생활2,제2종근린생활시설,1009117117,지번
1129013400112790000,서울특별시 성북구 길음동,서울특별시 성북구 길음로9길 40 (길음동),근린생활1,공동주택,1009125306,지번
1129013400112790000,서울특별시 성북구 길음동,서울특별시 성북구 길음로9길 40 (길음동),근린생활1,공동주택,1009125307,지번
1129013400112790000,서울특별시 성북구 길음동,서울특별시 성북구 길음로9길 40 (길음동),근린생활1,공동주택,1009125308,지번
1129013400112790000,서울특별시 성북구 길음동,서울특별시 성북구 길음로9길 40 (길음동),근린생활1,공동주택,1009125309,지번
1129013400112790000,서울특별시 성북구 길음동,서울특별시 성북구 길음로9길 40 (길음동),근린생활1,공동주택,1009125310,지번
1129013400112790000,서울특별시 성북구 길음동,서울특별시 성북구 길음로9길 40 (길음동),근린생활1,공동주택,1009125311,지번
1129013400112790000,서울특별시 성북구 길음동,서울특별시 성북구 길음로9길 40 (길음동),근린생활1,제1종근린생활시설,1009125312,지번
1129013400112790000,서울특별시 성북구 길음동,서울특별시 성북구 길음로9길 40 (길음동),근린생활1,공동주택,1009125313,지번
1129013400112790000,서울특별시 성북구 길음동,서울특별시 성북구 길음로9길 40 (길음동),근린생활1,공동주택,1009125314,지번
1129013400112790000,서울특별시 성북구 길음동,서울특별시 성북구 길음로9길 40 (길음동),근린생활1,공동주택,1009125315,지번
1129013400112790000,서울특별시 성북구 길음동,서울특별시 성북구 길음로9길 40 (길음동),근린생활1,공동주택,1009125316,지번
1129013400112790000,서울특별시 성북구 길음동,서울특별시 성북구 길음로9길 40 (길음동),근린생활1,공동주택,1009125318,지번
1129013400112790000,서울특별시 성북구 길음동,서울특별시 성북구 길음로9길 40 (길음동),근린생활1,공동주택,1009125319,지번
1129013400112790000,서울특별시 성북구 길음동,서울특별시 성북구 길음로9길 40 (길음동),근린생활1,공동주택,1009125320,지번
1129013400112790000,서울특별시 성북구 길음동,서울특별시 성북구 길음로9길 40 (길음동),근린생활1,공동주택,1009125321,지번
1129013400112790000,서울특별시 성북구 길음동,서울특별시 성북구 길음로9길 40 (길음동),근린생활1,공동주택,1009125329,지번
1129013300100160117,서울특별시 성북구 정릉동,서울특별시 성북구 정릉로38바길 15 (정릉동),근린생활1,제1종근린생활시설,1009116638,지번
1129013400112820003,서울특별시 성북구 길음동,서울특별시 성북구 길음로 84 (길음동),근린생활1,제1종근린생활시설,1009124801,지번
1129013300100240008,서울특별시 성북구 정릉동,서울특별시 성북구 동소문로35길 47 (정릉동),근린생활1,제1종근린생활시설,1009116888,지번
1129013300102660343,서울특별시 성북구 정릉동,서울특별시 성북구 서경로 105 (정릉동),근린생활2,제2종근린생활시설,1009118405,지번
1129013300104010063,서울특별시 성북구 정릉동,서울특별시 성북구 보국문로 54 (정릉동),근린생활2,제2종근린생활시설,1009119160,지번
1129010100101280022,서울특별시 성북구 성북동,서울특별시 성북구 성북로 75 (성북동),근린생활2,제2종근린생활시설,100912677,지번
1129010100101450029,서울특별시 성북구 성북동,서울특별시 성북구 성북로14길 28 (성북동),근린생활2,제2종근린생활시설,100912793,지번
1129013300104030008,서울특별시 성북구 정릉동,서울특별시 성북구 보국문로 46 (정릉동),근린생활1,제1종근린생활시설,1009119246,지번
1129013300102860005,서울특별시 성북구 정릉동,서울특별시 성북구 보국문로16길 31 (정릉동),근린생활2,제2종근린생활시설,1009118563,지번
1129013300109660134,서울특별시 성북구 정릉동,서울특별시 성북구 보국문로 66 (정릉동),근린생활2,제2종근린생활시설,1009121719,지번
1129013300106700046,서울특별시 성북구 정릉동,서울특별시 성북구 솔샘로5길 1 (정릉동),근린생활1,제1종근린생활시설,1009120232,지번
1129010200100950000,서울특별시 성북구 성북동1가,서울특별시 성북구 성북로7길 21 (성북동1가),근린생활2,제2종근린생활시설,100914414,지번
1129010300105380192,서울특별시 성북구 돈암동,서울특별시 성북구 아리랑로12길 3 (돈암동),근린생활2,제2종근린생활시설,10091100246269,지번
1129013800102380186,서울특별시 성북구 장위동,서울특별시 성북구 장월로 89-6 (장위동),근린생활1,제1종근린생활시설,10091100258450,지번
1129012200101270001,서울특별시 성북구 안암동2가,서울특별시 성북구 고려대로7가길 44 (안암동2가),근린생활2,제2종근린생활시설,1009112496,지번
1129013300104630008,서울특별시 성북구 정릉동,서울특별시 성북구 정릉로26길 6-11 (정릉동),근린생활1,제1종근린생활시설,1009119528,지번
1129013300101100039,서울특별시 성북구 정릉동,서울특별시 성북구 정릉로36길 88 (정릉동),근린생활2,제2종근린생활시설,1009117005,지번
1129013300104160004,서울특별시 성북구 정릉동,서울특별시 성북구 보국문로 13 (정릉동),근린생활2,제2종근린생활시설,1009119409,지번
1129013300106740008,서울특별시 성북구 정릉동,서울특별시 성북구 솔샘로 5 (정릉동),근린생활2,제2종근린생활시설,1009120238,지번
1129013300103740015,서울특별시 성북구 정릉동,서울특별시 성북구 솔샘로4길 38 (정릉동),근린생활1,제1종근린생활시설,1009118863,지번
1129013300104160001,서울특별시 성북구 정릉동,서울특별시 성북구 보국문로 15 (정릉동),근린생활1,제1종근린생활시설,1009122232,지번
1129013300104160002,서울특별시 성북구 정릉동,서울특별시 성북구 보국문로 13-1 (정릉동),근린생활1,제1종근린생활시설,1009119408,지번
1129013300103960001,서울특별시 성북구 정릉동,서울특별시 성북구 보국문로11길 24 (정릉동),근린생활2,제2종근린생활시설,1009119076,지번
1129013300103970027,서울특별시 성북구 정릉동,서울특별시 성북구 보국문로11길 14 (정릉동),근린생활1,제1종근린생활시설,1009119125,지번
1129013300101750018,서울특별시 성북구 정릉동,서울특별시 성북구 정릉로31나길 11 (정릉동),근린생활2,제2종근린생활시설,1009117504,지번
1129013300101750019,서울특별시 성북구 정릉동,서울특별시 성북구 정릉로31나길 7 (정릉동),근린생활1,제1종근린생활시설,1009117505,지번
1129013300101710021,서울특별시 성북구 정릉동,서울특별시 성북구 정릉로27길 32 (정릉동),근린생활1,제1종근린생활시설,1009117476,지번
1129013300103960041,서울특별시 성북구 정릉동,서울특별시 성북구 보국문로11길 23 (정릉동),근린생활1,제2종근린생활시설,1009119098,지번
1129011600100850073,서울특별시 성북구 동선동1가,,근린생활2,단독주택,1009110254,지번
1129011600100850073,서울특별시 성북구 동선동1가,,근린생활2,제2종근린생활시설,1009110255,지번
1129011600100850073,서울특별시 성북구 동선동1가,,근린생활2,단독주택,1009110256,지번
1129011400103520005,서울특별시 성북구 삼선동4가,서울특별시 성북구 보문로 184-6 (삼선동4가),근린생활1,제1종근린생활시설,100919524,지번
1129011500100280001,서울특별시 성북구 삼선동5가,서울특별시 성북구 삼선교로24길 12 (삼선동5가),근린생활1,제1종근린생활시설,100919590,지번
1129011600100040006,서울특별시 성북구 동선동1가,서울특별시 성북구 동소문로20길 29-15 (동선동1가),근린생활1,제1종근린생활시설,1009110095,지번
1129011700101000000,서울특별시 성북구 동선동2가,서울특별시 성북구 보문로32길 56 (동선동2가),근린생활1,제1종근린생활시설,1009110563,지번
1129010400100290000,서울특별시 성북구 동소문동1가,서울특별시 성북구 동소문로 9-2 (동소문동1가),근린생활1,제1종근린생활시설,100915956,지번
1129010400100290000,서울특별시 성북구 동소문동1가,서울특별시 성북구 동소문로 9-2 (동소문동1가),근린생활1,제1종근린생활시설,100915957,지번
1129011700101350005,서울특별시 성북구 동선동2가,서울특별시 성북구 보문로30길 79 (동선동2가),근린생활1,제1종근린생활시설,1009110590,지번
1129011600100920022,서울특별시 성북구 동선동1가,서울특별시 성북구 동소문로24길 18 (동선동1가),근린생활2,제2종근린생활시설,1009110363,지번
1129013700100500006,서울특별시 성북구 상월곡동,서울특별시 성북구 장월로1길 27 (상월곡동),근린생활1,제1종근린생활시설,1009131922,지번
1129013100100410000,서울특별시 성북구 보문동2가,,근린생활1,제1종근린생활시설,1009115954,지번
1129013100100410000,서울특별시 성북구 보문동2가,,근린생활1,제2종근린생활시설,1009115955,지번
1129013100100410000,서울특별시 성북구 보문동2가,,근린생활1,단독주택,1009115956,지번
1129013100100410000,서울특별시 성북구 보문동2가,,근린생활1,제1종근린생활시설,1009115957,지번
1129013100100410000,서울특별시 성북구 보문동2가,서울특별시 성북구 보문로 131-6 (보문동2가),근린생활1,단독주택,1009115958,지번
1129013100100410000,서울특별시 성북구 보문동2가,서울특별시 성북구 보문로 131-6 (보문동2가),근린생활1,단독주택,1009115959,지번
1129013100100410000,서울특별시 성북구 보문동2가,,근린생활1,제1종근린생활시설,1009115960,지번
1129013300101750015,서울특별시 성북구 정릉동,서울특별시 성북구 정릉로31나길 8 (정릉동),근린생활1,제1종근린생활시설,1009117502,지번
1129013300101750020,서울특별시 성북구 정릉동,서울특별시 성북구 정릉로31나길 3 (정릉동),근린생활1,제1종근린생활시설,1009117506,지번
1129013300101750024,서울특별시 성북구 정릉동,서울특별시 성북구 정릉로31길 32 (정릉동),근린생활2,제2종근린생활시설,1009117508,지번
1129013300100160179,서울특별시 성북구 정릉동,서울특별시 성북구 정릉로36길 3 (정릉동),근린생활2,제2종근린생활시설,1009116687,지번
1129011200101170000,서울특별시 성북구 삼선동2가,서울특별시 성북구 삼선교로16길 8 (삼선동2가),근린생활1,제1종근린생활시설,100918365,지번
1129011200101940000,서울특별시 성북구 삼선동2가,서울특별시 성북구 삼선교로14길 39 (삼선동2가),근린생활2,제2종근린생활시설,100918433,지번
1129011600100850067,서울특별시 성북구 동선동1가,서울특별시 성북구 동소문로20나길 34-3 (동선동1가),근린생활2,제2종근린생활시설,1009110247,지번
1129011600100850153,서울특별시 성북구 동선동1가,서울특별시 성북구 동소문로20나길 26-2 (동선동1가),근린생활1,제1종근린생활시설,1009110264,지번
1129011200100580000,서울특별시 성북구 삼선동2가,서울특별시 성북구 삼선교로14길 20 (삼선동2가),근린생활2,제2종근린생활시설,100918317,지번
1129013300107160172,서울특별시 성북구 정릉동,서울특별시 성북구 솔샘로15다길 6-6 (정릉동),근린생활1,제1종근린생활시설,1009120712,지번
1129013300101920136,서울특별시 성북구 정릉동,서울특별시 성북구 서경로 61 (정릉동),근린생활1,제1종근린생활시설,1009117688,지번
1129013300107340002,서울특별시 성북구 정릉동,서울특별시 성북구 솔샘로15라길 2-7 (정릉동),근린생활2,제2종근린생활시설,1009120780,지번
1129013300100140004,서울특별시 성북구 정릉동,서울특별시 성북구 정릉로 318 (정릉동),근린생활1,제1종근린생활시설,1009116516,지번
1129013300104090021,서울특별시 성북구 정릉동,서울특별시 성북구 보국문로 32 (정릉동),근린생활1,제1종근린생활시설,1009119301,지번
1129011500102190000,서울특별시 성북구 삼선동5가,서울특별시 성북구 삼선교로24길 38 (삼선동5가),근린생활1,제1종근린생활시설,100919837,지번
1129013300107460004,서울특별시 성북구 정릉동,서울특별시 성북구 솔샘로17길 4 (정릉동),근린생활1,제1종근린생활시설,10091100255830,지번
1129013300105080167,서울특별시 성북구 정릉동,서울특별시 성북구 북악산로1길 79 (정릉동),근린생활2,제2종근린생활시설,1009119722,지번
1129013300104080003,서울특별시 성북구 정릉동,서울특별시 성북구 보국문로 33 (정릉동),근린생활1,제1종근린생활시설,10091100193788,지번
1129013300104140006,서울특별시 성북구 정릉동,서울특별시 성북구 보국문로 8 (정릉동),근린생활2,제2종근린생활시설,1009119396,지번
1129013300106840001,서울특별시 성북구 정릉동,서울특별시 성북구 솔샘로6길 16-16 (정릉동),근린생활1,제1종근린생활시설,1009120256,지번
1129010100101840071,서울특별시 성북구 성북동,서울특별시 성북구 성북로6길 9 (성북동),근린생활2,제2종근린생활시설,100913317,지번
1129012000100380000,서울특별시 성북구 동선동5가,서울특별시 성북구 동소문로23길 34 (동선동5가),근린생활1,제1종근린생활시설,1009111598,지번
1129011900100030000,서울특별시 성북구 동선동4가,서울특별시 성북구 동소문로 109 (동선동4가),근린생활1,제1종근린생활시설,1009111191,지번
1129010200100090000,서울특별시 성북구 성북동1가,서울특별시 성북구 창경궁로43길 9 (성북동1가),근린생활2,제2종근린생활시설,100914310,지번
1129012200101210019,서울특별시 성북구 안암동2가,서울특별시 성북구 고려대로 25 (안암동2가),근린생활2,제2종근린생활시설,1009112488,지번
1129011700101350025,서울특별시 성북구 동선동2가,서울특별시 성북구 보문로34길 68-6 (동선동2가),근린생활2,제2종근린생활시설,1009110608,지번
1129011700100100000,서울특별시 성북구 동선동2가,,근린생활2,제2종근린생활시설,1009110465,지번
1129011700100100000,서울특별시 성북구 동선동2가,서울특별시 성북구 동소문로22길 58-1 (동선동2가),근린생활2,제2종근린생활시설,1009110466,지번
1129011700100100000,서울특별시 성북구 동선동2가,서울특별시 성북구 동소문로22길 56-1 (동선동2가),근린생활2,제2종근린생활시설,1009110467,지번
1129011700100100000,서울특별시 성북구 동선동2가,,근린생활2,제1종근린생활시설,1009110468,지번
1129011000100010006,서울특별시 성북구 동소문동7가,서울특별시 성북구 아리랑로 29-2 (동소문동7가),근린생활2,제2종근린생활시설,100917050,지번
1129011900100380000,서울특별시 성북구 동선동4가,서울특별시 성북구 아리랑로 10 (동선동4가),근린생활1,제1종근린생활시설,1009111215,지번
1129012200101390014,서울특별시 성북구 안암동2가,서울특별시 성북구 고려대로 21 (안암동2가),근린생활2,제2종근린생활시설,1009112514,지번
1129010300106060258,서울특별시 성북구 돈암동,서울특별시 성북구 성북로4길 177 (돈암동),근린생활2,제2종근린생활시설,100915450,지번
1129013300105080011,서울특별시 성북구 정릉동,서울특별시 성북구 북악산로1길 9 (정릉동),근린생활1,제1종근린생활시설,1009119662,지번
1129012200101390004,서울특별시 성북구 안암동2가,서울특별시 성북구 고려대로 23-1 (안암동2가),근린생활2,제2종근린생활시설,1009112509,지번
1129013300104050001,서울특별시 성북구 정릉동,서울특별시 성북구 보국문로11길 13 (정릉동),근린생활1,제1종근린생활시설,1009119260,지번
1129013300103720048,서울특별시 성북구 정릉동,서울특별시 성북구 솔샘로6길 62 (정릉동),근린생활1,제1종근린생활시설,1009118844,지번
1129013300106850100,서울특별시 성북구 정릉동,서울특별시 성북구 솔샘로4길 23 (정릉동),근린생활2,제2종근린생활시설,1009120381,지번
1129013300106850100,서울특별시 성북구 정릉동,서울특별시 성북구 솔샘로4길 23 (정릉동),근린생활2,단독주택,1009120382,지번
1129013900103320230,서울특별시 성북구 석관동,서울특별시 성북구 돌곶이로9가길 32 (석관동),근린생활2,제2종근린생활시설,1009143014,지번
1129011500100640007,서울특별시 성북구 삼선동5가,서울특별시 성북구 삼선교로18나길 17 (삼선동5가),근린생활2,제2종근린생활시설,100919649,지번
1129013000100010003,서울특별시 성북구 보문동1가,서울특별시 성북구 고려대로5길 67 (보문동1가),근린생활2,제2종근린생활시설,1009115353,지번
1129011700102710000,서울특별시 성북구 동선동2가,서울특별시 성북구 보문로32길 84 (동선동2가),근린생활2,제2종근린생활시설,10091100255330,지번
1129013800102180003,서울특별시 성북구 장위동,서울특별시 성북구 월계로32길 24 (장위동),근린생활2,제2종근린생활시설,10091100258650,지번
1129013200102090000,서울특별시 성북구 보문동3가,서울특별시 성북구 보문사길 43 (보문동3가),근린생활1,제1종근린생활시설,1009116252,지번
1129011800100240002,서울특별시 성북구 동선동3가,서울특별시 성북구 동소문로26다길 34 (동선동3가),근린생활1,제1종근린생활시설,1009110858,지번
1129013000101200000,서울특별시 성북구 보문동1가,서울특별시 성북구 보문로 124 (보문동1가),근린생활2,제2종근린생활시설,1009115682,지번
1129013200100020001,서울특별시 성북구 보문동3가,서울특별시 성북구 지봉로21길 19 (보문동3가),근린생활1,제1종근린생활시설,1009116482,지번
1129010400100130000,서울특별시 성북구 동소문동1가,서울특별시 성북구 성북로 2 (동소문동1가),근린생활1,제1종근린생활시설,100915941,지번
1129011000100140000,서울특별시 성북구 동소문동7가,서울특별시 성북구 동소문로13나길 103 (동소문동7가),근린생활1,제1종근린생활시설,100917111,지번
1129012000100370000,서울특별시 성북구 동선동5가,서울특별시 성북구 아리랑로 18-1 (동선동5가),근린생활2,제2종근린생활시설,1009111597,지번
1129011900101220003,서울특별시 성북구 동선동4가,서울특별시 성북구 동소문로 129-2 (동선동4가),근린생활2,제2종근린생활시설,1009111281,지번
1129011500104090000,서울특별시 성북구 삼선동5가,서울특별시 성북구 보문로32길 14 (삼선동5가),근린생활2,제2종근린생활시설,1009110004,지번
1129012200100600000,서울특별시 성북구 안암동2가,서울특별시 성북구 고려대로7길 12 (안암동2가),근린생활1,제1종근린생활시설,1009112319,지번
1129013900101830015,서울특별시 성북구 석관동,서울특별시 성북구 한천로 568 (석관동),근린생활1,제1종근린생활시설,10091100258350,지번
1129011500103230000,서울특별시 성북구 삼선동5가,서울특별시 성북구 보문로 156-3 (삼선동5가),근린생활1,제1종근린생활시설,100919946,지번
1129011700101110000,서울특별시 성북구 동선동2가,서울특별시 성북구 보문로32길 49 (동선동2가),근린생활2,제2종근린생활시설,1009110569,지번
1129011700101350023,서울특별시 성북구 동선동2가,서울특별시 성북구 보문로34길 68-2 (동선동2가),근린생활2,제2종근린생활시설,1009110606,지번
1129011500103570000,서울특별시 성북구 삼선동5가,서울특별시 성북구 고려대로1길 87 (삼선동5가),근린생활2,제2종근린생활시설,100919965,지번
1129011700101350029,서울특별시 성북구 동선동2가,서울특별시 성북구 보문로34길 66 (동선동2가),근린생활1,제1종근린생활시설,1009110610,지번
1129011700101350024,서울특별시 성북구 동선동2가,서울특별시 성북구 보문로34길 68-4 (동선동2가),근린생활2,제2종근린생활시설,1009110607,지번
1129013100101330000,서울특별시 성북구 보문동2가,서울특별시 성북구 보문로 111 (보문동2가),근린생활1,제1종근린생활시설,1009116098,지번
1129012200101430001,서울특별시 성북구 안암동2가,서울특별시 성북구 고려대로 24 (안암동2가),근린생활1,제1종근린생활시설,1009112552,지번
1129012600100780001,서울특별시 성북구 보문동4가,서울특별시 성북구 보문로 76 (보문동4가),근린생활1,제1종근린생활시설,1009114025,지번
1129012600100780001,서울특별시 성북구 보문동4가,,근린생활1,단독주택,1009114026,지번
1129011600100850002,서울특별시 성북구 동선동1가,,근린생활2,단독주택,1009110179,지번
1129011600100850002,서울특별시 성북구 동선동1가,,근린생활2,제1종근린생활시설,1009110180,지번
1129011600100850002,서울특별시 성북구 동선동1가,,근린생활2,제2종근린생활시설,1009110181,지번
1129011600100850002,서울특별시 성북구 동선동1가,,근린생활2,단독주택,1009110182,지번
1129011700103070000,서울특별시 성북구 동선동2가,서울특별시 성북구 보문로34길 96 (동선동2가),근린생활2,제2종근린생활시설,1009110747,지번
1129013300101500053,서울특별시 성북구 정릉동,서울특별시 성북구 정릉로26길 57 (정릉동),근린생활1,제1종근린생활시설,1009117225,지번
1129011700101350021,서울특별시 성북구 동선동2가,서울특별시 성북구 보문로34길 70 (동선동2가),근린생활1,제1종근린생활시설,1009110604,지번
1129011500102750001,서울특별시 성북구 삼선동5가,서울특별시 성북구 보문로 159 (삼선동5가),근린생활1,제1종근린생활시설,100919880,지번
1129013300101500007,서울특별시 성북구 정릉동,서울특별시 성북구 정릉로 252-5 (정릉동),근린생활1,제1종근린생활시설,1009117190,지번
1129011200101070002,서울특별시 성북구 삼선동2가,서울특별시 성북구 삼선교로14길 14-5 (삼선동2가),근린생활2,제2종근린생활시설,100918355,지번
1129012700100200000,서울특별시 성북구 보문동5가,서울특별시 성북구 지봉로20길 25 (보문동5가),근린생활1,제1종근린생활시설,1009114203,지번
1129011900102050000,서울특별시 성북구 동선동4가,서울특별시 성북구 아리랑로4길 20 (동선동4가),근린생활2,제2종근린생활시설,1009111355,지번
1129011600100020011,서울특별시 성북구 동선동1가,서울특별시 성북구 동소문로20가길 2 (동선동1가),근린생활2,제2종근린생활시설,1009110077,지번
1129010900102250000,서울특별시 성북구 동소문동6가,서울특별시 성북구 아리랑로 21 (동소문동6가),근린생활1,제1종근린생활시설,100917006,지번
1129011600101210020,서울특별시 성북구 동선동1가,서울특별시 성북구 동소문로24길 9 (동선동1가),근린생활2,제2종근린생활시설,1009110418,지번
1129012100100460000,서울특별시 성북구 안암동1가,서울특별시 성북구 고려대로7마길 18 (안암동1가),근린생활1,제1종근린생활시설,1009111930,지번
1129011000100020018,서울특별시 성북구 동소문동7가,서울특별시 성북구 아리랑로 37 (동소문동7가),근린생활2,제2종근린생활시설,100917072,지번
1129012100101050005,서울특별시 성북구 안암동1가,서울특별시 성북구 고려대로7길 46 (안암동1가),근린생활2,제2종근린생활시설,1009111991,지번
1129013000100030021,서울특별시 성북구 보문동1가,서울특별시 성북구 보문로28길 15 (보문동1가),근린생활1,제1종근린생활시설,1009115384,지번
1129013000101180000,서울특별시 성북구 보문동1가,서울특별시 성북구 보문로 126-1 (보문동1가),근린생활2,제2종근린생활시설,1009115679,지번
1129013100100990000,서울특별시 성북구 보문동2가,서울특별시 성북구 보문로 119 (보문동2가),근린생활1,제1종근린생활시설,1009116065,지번
1129013100101340000,서울특별시 성북구 보문동2가,서울특별시 성북구 보문로 113 (보문동2가),근린생활2,제2종근린생활시설,1009116099,지번
1129013100101280000,서울특별시 성북구 보문동2가,서울특별시 성북구 보문로 105 (보문동2가),근린생활2,제2종근린생활시설,1009116090,지번
1129011100100130001,서울특별시 성북구 삼선동1가,서울특별시 성북구 창경궁로 328 (삼선동1가),근린생활1,단독주택,100917471,지번
1129011100100130001,서울특별시 성북구 삼선동1가,서울특별시 성북구 창경궁로 328 (삼선동1가),근린생활1,단독주택,100917472,지번
1129011100100130001,서울특별시 성북구 삼선동1가,서울특별시 성북구 창경궁로 328 (삼선동1가),근린생활1,단독주택,100917473,지번
1129011100100130001,서울특별시 성북구 삼선동1가,서울특별시 성북구 창경궁로 328 (삼선동1가),근린생활1,제1종근린생활시설,100917474,지번
1129011100100130001,서울특별시 성북구 삼선동1가,서울특별시 성북구 창경궁로 328 (삼선동1가),근린생활1,단독주택,100917475,지번
1129010700101030019,서울특별시 성북구 동소문동4가,서울특별시 성북구 동소문로13가길 54 (동소문동4가),근린생활2,제2종근린생활시설,10091100187754,지번
1129011600100810000,서울특별시 성북구 동선동1가,서울특별시 성북구 보문로34길 63 (동선동1가),근린생활1,제1종근린생활시설,1009110155,지번
1129013000100460000,서울특별시 성북구 보문동1가,서울특별시 성북구 고려대로1길 25 (보문동1가),근린생활1,제1종근린생활시설,1009115420,지번
1129013100100850000,서울특별시 성북구 보문동2가,서울특별시 성북구 지봉로23길 6 (보문동2가),근린생활1,제1종근린생활시설,1009116048,지번
1129011500103300000,서울특별시 성북구 삼선동5가,서울특별시 성북구 보문로 154-3 (삼선동5가),근린생활1,제1종근린생활시설,100919951,지번
1129013000101220001,서울특별시 성북구 보문동1가,서울특별시 성북구 보문로 122 (보문동1가),근린생활1,제1종근린생활시설,1009115687,지번
1129012700101160002,서울특별시 성북구 보문동5가,서울특별시 성북구 지봉로20길 57 (보문동5가),근린생활1,제1종근린생활시설,1009114287,지번
1129011700101350009,서울특별시 성북구 동선동2가,서울특별시 성북구 동소문로22길 57-23 (동선동2가),근린생활2,제2종근린생활시설,1009110593,지번
1129012000100410001,서울특별시 성북구 동선동5가,서울특별시 성북구 아리랑로4가길 5 (동선동5가),근린생활2,제2종근린생활시설,1009111602,지번
1129011600100850036,서울특별시 성북구 동선동1가,서울특별시 성북구 동소문로24길 27 (동선동1가),근린생활2,제2종근린생활시설,1009110217,지번
1129013300105080182,서울특별시 성북구 정릉동,서울특별시 성북구 북악산로1길 77-6 (정릉동),근린생활2,제2종근린생활시설,1009119724,지번
1129011800101210000,서울특별시 성북구 동선동3가,서울특별시 성북구 동소문로26라길 9 (동선동3가),근린생활2,제2종근린생활시설,1009110947,지번
1129011900101760000,서울특별시 성북구 동선동4가,서울특별시 성북구 동소문로23길 16 (동선동4가),근린생활2,제2종근린생활시설,10091100207233,지번
1129011200100500000,서울특별시 성북구 삼선동2가,서울특별시 성북구 삼선교로14길 4 (삼선동2가),근린생활1,제1종근린생활시설,100918312,지번
1129011600100750000,서울특별시 성북구 동선동1가,서울특별시 성북구 동소문로20길 39 (동선동1가),근린생활1,제1종근린생활시설,1009110149,지번
1129011600100050000,서울특별시 성북구 동선동1가,서울특별시 성북구 동소문로20길 37 (동선동1가),근린생활1,제1종근린생활시설,1009110104,지번
1129012000100340000,서울특별시 성북구 동선동5가,서울특별시 성북구 아리랑로 22 (동선동5가),근린생활2,제2종근린생활시설,1009111595,지번
1129012000101340003,서울특별시 성북구 동선동5가,서울특별시 성북구 아리랑로 32 (동선동5가),근린생활1,제1종근린생활시설,1009111764,지번
1129013300100160175,서울특별시 성북구 정릉동,서울특별시 성북구 정릉로38길 4 (정릉동),근린생활2,제2종근린생활시설,1009116686,지번
1129013300104130012,서울특별시 성북구 정릉동,서울특별시 성북구 보국문로 16-1 (정릉동),근린생활2,제2종근린생활시설,1009119387,지번
1129013300103940003,서울특별시 성북구 정릉동,서울특별시 성북구 보국문로11길 30 (정릉동),근린생활1,제1종근린생활시설,1009119061,지번
1129013800100680078,서울특별시 성북구 장위동,서울특별시 성북구 장위로40다길 19 (장위동),근린생활1,제1종근린생활시설,10091100254967,지번
1129011700100110000,서울특별시 성북구 동선동2가,서울특별시 성북구 동소문로22길 54 (동선동2가),근린생활1,제1종근린생활시설,1009110469,지번
1129013800102140024,서울특별시 성북구 장위동,서울특별시 성북구 돌곶이로37길 14 (장위동),근린생활2,제2종근린생활시설,10091100259431,지번
1129010200100390000,서울특별시 성북구 성북동1가,서울특별시 성북구 성북로5길 12 (성북동1가),근린생활2,제2종근린생활시설,10091100256170,지번
1129011600100850059,서울특별시 성북구 동선동1가,서울특별시 성북구 동소문로20다길 30-9 (동선동1가),근린생활2,제2종근린생활시설,1009110238,지번
1129011700101300000,서울특별시 성북구 동선동2가,서울특별시 성북구 동소문로22길 61 (동선동2가),근린생활2,제2종근린생활시설,1009110582,지번
1129013300100160174,서울특별시 성북구 정릉동,서울특별시 성북구 정릉로 322 (정릉동),근린생활1,제1종근린생활시설,1009116685,지번
1129013300101780063,서울특별시 성북구 정릉동,서울특별시 성북구 정릉로31길 6 (정릉동),근린생활1,제1종근린생활시설,1009117540,지번
1129013300100140031,서울특별시 성북구 정릉동,서울특별시 성북구 정릉로 302 (정릉동),근린생활1,제1종근린생활시설,1009116538,지번
1129013300104260003,서울특별시 성북구 정릉동,서울특별시 성북구 정릉로 214 (정릉동),근린생활2,종교시설,1009119451,지번
1129013300104260003,서울특별시 성북구 정릉동,서울특별시 성북구 정릉로 214 (정릉동),근린생활2,제2종근린생활시설,1009119452,지번
1129013300104260003,서울특별시 성북구 정릉동,서울특별시 성북구 정릉로 214 (정릉동),근린생활2,종교시설,1009119453,지번
1129013300104130016,서울특별시 성북구 정릉동,서울특별시 성북구 보국문로 14 (정릉동),근린생활2,제2종근린생활시설,1009119390,지번
1129013300102850004,서울특별시 성북구 정릉동,서울특별시 성북구 보국문로 68-1 (정릉동),근린생활2,제2종근린생활시설,1009118557,지번
1129013300106950001,서울특별시 성북구 정릉동,서울특별시 성북구 솔샘로 19-6 (정릉동),근린생활2,제2종근린생활시설,1009120471,지번
1129013300110180000,서울특별시 성북구 정릉동,서울특별시 성북구 서경로 28 (정릉동),근린생활1,제1종근린생활시설,1009122682,지번
1129013300110180000,서울특별시 성북구 정릉동,서울특별시 성북구 서경로 28 (정릉동),근린생활1,공동주택,1009122683,지번
1129013300110180000,서울특별시 성북구 정릉동,서울특별시 성북구 서경로2길 48 (정릉동),근린생활1,공동주택,1009122684,지번
1129013300110180000,서울특별시 성북구 정릉동,서울특별시 성북구 서경로2길 48 (정릉동),근린생활1,공동주택,1009122685,지번
1129013300110180000,서울특별시 성북구 정릉동,서울특별시 성북구 서경로 28 (정릉동),근린생활1,공동주택,1009122686,지번
1129013300110180000,서울특별시 성북구 정릉동,서울특별시 성북구 서경로 28 (정릉동),근린생활1,공동주택,1009122687,지번
1129013300110180000,서울특별시 성북구 정릉동,서울특별시 성북구 서경로 28 (정릉동),근린생활1,공동주택,1009122688,지번
1129013300106690001,서울특별시 성북구 정릉동,서울특별시 성북구 솔샘로1길 14 (정릉동),근린생활2,제2종근린생활시설,1009120217,지번
1129013300104740003,서울특별시 성북구 정릉동,서울특별시 성북구 정릉로26길 34 (정릉동),근린생활1,제1종근린생활시설,1009119560,지번
1129013500100700001,서울특별시 성북구 종암동,서울특별시 성북구 종암로21길 3 (종암동),근린생활1,제1종근린생활시설,1009127290,지번
1129013100101390000,서울특별시 성북구 보문동2가,서울특별시 성북구 지봉로24길 6-18 (보문동2가),근린생활2,제2종근린생활시설,10091100183164,지번
1129011600100650000,서울특별시 성북구 동선동1가,서울특별시 성북구 동소문로20길 37-16 (동선동1가),근린생활1,제1종근린생활시설,1009110143,지번
1129011900102420001,서울특별시 성북구 동선동4가,서울특별시 성북구 동소문로25길 20-22 (동선동4가),근린생활2,제2종근린생활시설,10091100185544,지번
1129011900102410000,서울특별시 성북구 동선동4가,서울특별시 성북구 동소문로25가길 13 (동선동4가),근린생활1,제1종근린생활시설,1009111386,지번
1129012000101410005,서울특별시 성북구 동선동5가,서울특별시 성북구 아리랑로 40 (동선동5가),근린생활2,제2종근린생활시설,1009111774,지번
1129011600101210004,서울특별시 성북구 동선동1가,서울특별시 성북구 동소문로24길 13 (동선동1가),근린생활2,제2종근린생활시설,1009110420,지번
1129013300103750009,서울특별시 성북구 정릉동,서울특별시 성북구 솔샘로4길 30-5 (정릉동),근린생활2,제2종근린생활시설,1009118870,지번
1129013300101700122,서울특별시 성북구 정릉동,서울특별시 성북구 서경로 10 (정릉동),근린생활2,제2종근린생활시설,1009117462,지번
1129013300109660174,서울특별시 성북구 정릉동,서울특별시 성북구 정릉로26길 6 (정릉동),근린생활1,제1종근린생활시설,1009121722,지번
1129013300104430001,서울특별시 성북구 정릉동,서울특별시 성북구 정릉로26가길 36 (정릉동),근린생활2,제2종근린생활시설,1009119507,지번
1129013100100750017,서울특별시 성북구 보문동2가,서울특별시 성북구 지봉로 171 (보문동2가),근린생활2,제2종근린생활시설,1009116038,지번
1129011700103100000,서울특별시 성북구 동선동2가,서울특별시 성북구 보문로30나길 40 (동선동2가),근린생활1,단독주택,10091100217332,지번
1129011700101180000,서울특별시 성북구 동선동2가,서울특별시 성북구 보문로32길 57 (동선동2가),근린생활1,제1종근린생활시설,1009110574,지번
1129011800101400000,서울특별시 성북구 동선동3가,서울특별시 성북구 동소문로26길 15 (동선동3가),근린생활2,제2종근린생활시설,1009110970,지번
1129010900102210000,서울특별시 성북구 동소문동6가,서울특별시 성북구 아리랑로 19 (동소문동6가),근린생활2,제2종근린생활시설,100917004,지번
1129013300104780006,서울특별시 성북구 정릉동,서울특별시 성북구 정릉로26가길 24-2 (정릉동),근린생활1,제1종근린생활시설,1009119565,지번
1129013300101750012,서울특별시 성북구 정릉동,서울특별시 성북구 정릉로31나길 18 (정릉동),근린생활1,제1종근린생활시설,1009117499,지번
1129013300104000025,서울특별시 성북구 정릉동,서울특별시 성북구 보국문로 45 (정릉동),근린생활1,제1종근린생활시설,1009119152,지번
1129013000100010001,서울특별시 성북구 보문동1가,서울특별시 성북구 보문로30길 14 (보문동1가),근린생활2,제2종근린생활시설,1009115352,지번
1129012300100550012,서울특별시 성북구 안암동3가,서울특별시 성북구 고려대로12길 39 (안암동3가),근린생활2,제2종근린생활시설,1009112750,지번
1129010100101280012,서울특별시 성북구 성북동,서울특별시 성북구 성북로 75-1 (성북동),근린생활1,제1종근린생활시설,100912672,지번
1129012200101550001,서울특별시 성북구 안암동2가,서울특별시 성북구 고려대로 34 (안암동2가),근린생활1,제1종근린생활시설,1009112594,지번
1129013300108000064,서울특별시 성북구 정릉동,서울특별시 성북구 보국문로 152 (정릉동),근린생활1,제1종근린생활시설,1009121217,지번
1129013300107770007,서울특별시 성북구 정릉동,서울특별시 성북구 보국문로 154 (정릉동),근린생활1,제1종근린생활시설,1009121147,지번
1129013400106350168,서울특별시 성북구 길음동,서울특별시 성북구 길음로 141 (길음동),근린생활1,공동주택,1009125118,지번
1129013400106350168,서울특별시 성북구 길음동,서울특별시 성북구 길음로 141 (길음동),근린생활1,공동주택,1009125119,지번
1129013400106350168,서울특별시 성북구 길음동,서울특별시 성북구 길음로 141 (길음동),근린생활1,제1종근린생활시설,1009125120,지번
1129013400106350168,서울특별시 성북구 길음동,서울특별시 성북구 길음로 141 (길음동),근린생활1,공동주택,1009125121,지번
1129013300102390000,서울특별시 성북구 정릉동,서울특별시 성북구 솔샘로25길 28 (정릉동),근린생활1,공동주택,1009121928,지번
1129013300102390000,서울특별시 성북구 정릉동,서울특별시 성북구 솔샘로25길 28 (정릉동),근린생활1,공동주택,1009121929,지번
1129013300102390000,서울특별시 성북구 정릉동,서울특별시 성북구 솔샘로25길 28 (정릉동),근린생활1,공동주택,1009121930,지번
1129013300102390000,서울특별시 성북구 정릉동,서울특별시 성북구 솔샘로25길 28 (정릉동),근린생활1,공동주택,1009121931,지번
1129013300102390000,서울특별시 성북구 정릉동,서울특별시 성북구 솔샘로25길 11-11 (정릉동),근린생활1,공동주택,1009121932,지번
1129013300102390000,서울특별시 성북구 정릉동,서울특별시 성북구 솔샘로25길 28 (정릉동),근린생활1,공동주택,1009121937,지번
1129013300102390000,서울특별시 성북구 정릉동,서울특별시 성북구 솔샘로25길 11-11 (정릉동),근린생활1,공동주택,1009121938,지번
1129013300102390000,서울특별시 성북구 정릉동,서울특별시 성북구 솔샘로 120 (정릉동),근린생활1,공동주택,1009121939,지번
1129013300102390000,서울특별시 성북구 정릉동,서울특별시 성북구 솔샘로 120 (정릉동),근린생활1,공동주택,1009121940,지번
1129013300102390000,서울특별시 성북구 정릉동,서울특별시 성북구 솔샘로 120 (정릉동),근린생활1,공동주택,1009121941,지번
1129013300102390000,서울특별시 성북구 정릉동,서울특별시 성북구 솔샘로 120 (정릉동),근린생활1,공동주택,1009121942,지번
1129013300102390000,서울특별시 성북구 정릉동,서울특별시 성북구 솔샘로25길 28 (정릉동),근린생활1,공동주택,1009121943,지번
1129013300102390000,서울특별시 성북구 정릉동,서울특별시 성북구 솔샘로25길 28 (정릉동),근린생활1,공동주택,1009121944,지번
1129013300102390000,서울특별시 성북구 정릉동,서울특별시 성북구 솔샘로25길 28 (정릉동),근린생활1,공동주택,1009121945,지번
1129013300102390000,서울특별시 성북구 정릉동,서울특별시 성북구 솔샘로25길 28 (정릉동),근린생활1,공동주택,1009121949,지번
1129013300102390000,서울특별시 성북구 정릉동,서울특별시 성북구 솔샘로25길 28 (정릉동),근린생활1,공동주택,1009121950,지번
1129013300102390000,서울특별시 성북구 정릉동,서울특별시 성북구 솔샘로25길 28 (정릉동),근린생활1,공동주택,1009121951,지번
1129013300102390000,서울특별시 성북구 정릉동,서울특별시 성북구 솔샘로25길 28 (정릉동),근린생활1,공동주택,1009121952,지번
1129013300102390000,서울특별시 성북구 정릉동,서울특별시 성북구 솔샘로25길 28 (정릉동),근린생활1,공동주택,1009121953,지번
1129013300102390000,서울특별시 성북구 정릉동,서울특별시 성북구 솔샘로25길 28 (정릉동),근린생활1,공동주택,1009121954,지번
1129013300102390000,서울특별시 성북구 정릉동,서울특별시 성북구 서경로 166 (정릉동),근린생활1,교육연구시설,1009121960,지번
1129013300102390000,서울특별시 성북구 정릉동,서울특별시 성북구 솔샘로 116 (정릉동),근린생활1,제1종근린생활시설,1009121961,지번
1129013300102390000,서울특별시 성북구 정릉동,서울특별시 성북구 솔샘로25길 20 (정릉동),근린생활1,제1종근린생활시설,1009121962,지번
1129013300102390000,서울특별시 성북구 정릉동,서울특별시 성북구 솔샘로25길 11-11 (정릉동),근린생활1,공동주택,1009121963,지번
1129013300102390000,서울특별시 성북구 정릉동,서울특별시 성북구 솔샘로25길 28 (정릉동),근린생활1,공동주택,1009121981,지번
1129013300102390000,서울특별시 성북구 정릉동,서울특별시 성북구 솔샘로25길 28 (정릉동),근린생활1,공동주택,1009121982,지번
1129013300102390000,서울특별시 성북구 정릉동,서울특별시 성북구 솔샘로25길 28 (정릉동),근린생활1,공동주택,1009121983,지번
1129013300102390000,서울특별시 성북구 정릉동,서울특별시 성북구 솔샘로25길 28 (정릉동),근린생활1,공동주택,1009121984,지번
1129013300102390000,서울특별시 성북구 정릉동,서울특별시 성북구 솔샘로25길 28 (정릉동),근린생활1,공동주택,1009121985,지번
1129013300102390000,서울특별시 성북구 정릉동,서울특별시 성북구 솔샘로25길 28 (정릉동),근린생활1,공동주택,1009121986,지번
1129013300102390000,서울특별시 성북구 정릉동,서울특별시 성북구 솔샘로25길 28 (정릉동),근린생활1,공동주택,1009121987,지번
1129013300102270009,서울특별시 성북구 정릉동,서울특별시 성북구 서경로20길 38 (정릉동),근린생활2,제2종근린생활시설,1009118050,지번
1129013300101750014,서울특별시 성북구 정릉동,서울특별시 성북구 정릉로29길 23 (정릉동),근린생활1,제1종근린생활시설,1009117501,지번
1129013300110200000,서울특별시 성북구 정릉동,서울특별시 성북구 정릉로38마길 33 (정릉동),근린생활1,제1종근린생활시설,1009121732,지번
1129013300110200000,서울특별시 성북구 정릉동,,근린생활1,공동주택,1009122692,지번
1129013300110200000,서울특별시 성북구 정릉동,,근린생활1,공동주택,1009122693,지번
1129013300110200000,서울특별시 성북구 정릉동,,근린생활1,공동주택,1009122694,지번
1129013300110200000,서울특별시 성북구 정릉동,서울특별시 성북구 북악산로 813 (정릉동),근린생활1,공동주택,1009122695,지번
1129013300110200000,서울특별시 성북구 정릉동,서울특별시 성북구 북악산로 813 (정릉동),근린생활1,공동주택,1009122696,지번
1129013300110200000,서울특별시 성북구 정릉동,서울특별시 성북구 북악산로 813 (정릉동),근린생활1,공동주택,1009122697,지번
1129013300110200000,서울특별시 성북구 정릉동,서울특별시 성북구 북악산로 813 (정릉동),근린생활1,공동주택,1009122698,지번
1129013300110200000,서울특별시 성북구 정릉동,서울특별시 성북구 북악산로 813 (정릉동),근린생활1,공동주택,1009122699,지번
1129013300107160054,서울특별시 성북구 정릉동,서울특별시 성북구 솔샘로 26 (정릉동),근린생활1,제1종근린생활시설,1009120655,지번
1129013300105060102,서울특별시 성북구 정릉동,서울특별시 성북구 아리랑로19길 101 (정릉동),근린생활2,제2종근린생활시설,1009119646,지번
1129012200101280000,서울특별시 성북구 안암동2가,서울특별시 성북구 고려대로7가길 42 (안암동2가),근린생활1,제1종근린생활시설,1009112498,지번
1129013400111280000,서울특별시 성북구 길음동,서울특별시 성북구 삼양로 80 (길음동),근린생활2,제2종근린생활시설,1009124532,지번
1129013300102600029,서울특별시 성북구 정릉동,서울특별시 성북구 보국문로20길 18 (정릉동),근린생활1,제1종근린생활시설,1009118249,지번
1129013300104840000,서울특별시 성북구 정릉동,서울특별시 성북구 아리랑로19길 34 (정릉동),근린생활1,제1종근린생활시설,1009119582,지번
1129013300104010002,서울특별시 성북구 정릉동,서울특별시 성북구 보국문로 54-1 (정릉동),근린생활2,제2종근린생활시설,1009119154,지번
1129013300103970041,서울특별시 성북구 정릉동,서울특별시 성북구 보국문로 57 (정릉동),근린생활1,제1종근린생활시설,1009119135,지번
1129013300106700006,서울특별시 성북구 정릉동,서울특별시 성북구 솔샘로3길 10 (정릉동),근린생활2,제2종근린생활시설,1009120222,지번
1129013300106850139,서울특별시 성북구 정릉동,서울특별시 성북구 솔샘로6가길 46 (정릉동),근린생활2,제2종근린생활시설,1009120409,지번
1129013300102980002,서울특별시 성북구 정릉동,서울특별시 성북구 보국문로 91 (정릉동),근린생활2,제2종근린생활시설,1009118651,지번
1129013300107190000,서울특별시 성북구 정릉동,서울특별시 성북구 솔샘로5길 47 (정릉동),근린생활1,노유자시설,1009120737,지번
1129013300107190000,서울특별시 성북구 정릉동,서울특별시 성북구 솔샘로5길 55 (정릉동),근린생활1,제1종근린생활시설,1009120738,지번
1129013300107190000,서울특별시 성북구 정릉동,서울특별시 성북구 솔샘로5길 47 (정릉동),근린생활1,노유자시설,1009120739,지번
1129013300106530040,서울특별시 성북구 정릉동,서울특별시 성북구 정릉로 157 (정릉동),근린생활2,제2종근린생활시설,1009120196,지번
1129013300106470012,서울특별시 성북구 정릉동,서울특별시 성북구 정릉로10길 3 (정릉동),근린생활1,제1종근린생활시설,1009120174,지번
1129011300100660000,서울특별시 성북구 삼선동3가,서울특별시 성북구 보문로29길 78-1 (삼선동3가),근린생활2,제2종근린생활시설,100919074,지번
1129013300102700004,서울특별시 성북구 정릉동,서울특별시 성북구 보국문로16길 90 (정릉동),근린생활1,제1종근린생활시설,1009118532,지번
1129013300102920012,서울특별시 성북구 정릉동,서울특별시 성북구 솔샘로 73-8 (정릉동),근린생활2,제2종근린생활시설,1009118633,지번
1129013300107780006,서울특별시 성북구 정릉동,서울특별시 성북구 보국문로 160 (정릉동),근린생활1,제1종근린생활시설,1009121149,지번
1129013300107780015,서울특별시 성북구 정릉동,서울특별시 성북구 보국문로30길 8 (정릉동),근린생활1,제1종근린생활시설,1009121152,지번
1129010600100360000,서울특별시 성북구 동소문동3가,서울특별시 성북구 동소문로2길 87 (동소문동3가),근린생활1,제1종근린생활시설,100916391,지번
1129013300104030018,서울특별시 성북구 정릉동,서울특별시 성북구 보국문로 40 (정릉동),근린생활1,제1종근린생활시설,1009119248,지번
1129013300102660096,서울특별시 성북구 정릉동,서울특별시 성북구 보국문로16길 64 (정릉동),근린생활2,제2종근린생활시설,1009118327,지번
1129011300100310003,서울특별시 성북구 삼선동3가,서울특별시 성북구 삼선교로20길 36-5 (삼선동3가),근린생활2,제2종근린생활시설,100919026,지번
1129011300100420001,서울특별시 성북구 삼선동3가,서울특별시 성북구 보문로31길 61 (삼선동3가),근린생활1,제1종근린생활시설,100919040,지번
1129013300102580017,서울특별시 성북구 정릉동,서울특별시 성북구 보국문로16길 74-1 (정릉동),근린생활2,제2종근린생활시설,1009118222,지번
1129013300102660099,서울특별시 성북구 정릉동,서울특별시 성북구 보국문로16길 74 (정릉동),근린생활2,제2종근린생활시설,1009118330,지번
1129013600100900049,서울특별시 성북구 하월곡동,서울특별시 성북구 종암로36길 17 (하월곡동),근린생활1,제1종근린생활시설,1009130547,지번
1129013300103970033,서울특별시 성북구 정릉동,서울특별시 성북구 보국문로 49-26 (정릉동),근린생활2,제2종근린생활시설,1009119131,지번
1129013300104640021,서울특별시 성북구 정릉동,서울특별시 성북구 정릉로26길 16 (정릉동),근린생활1,제1종근린생활시설,1009119539,지번
1129010900102310000,서울특별시 성북구 동소문동6가,서울특별시 성북구 아리랑로 25 (동소문동6가),근린생활2,제2종근린생활시설,100917009,지번
1129011800102150006,서울특별시 성북구 동선동3가,서울특별시 성북구 보문로34나길 14 (동선동3가),근린생활2,제2종근린생활시설,1009111053,지번
1129010400101090000,서울특별시 성북구 동소문동1가,서울특별시 성북구 동소문로5길 6 (동소문동1가),근린생활1,제1종근린생활시설,100916030,지번
1129013600100670053,서울특별시 성북구 하월곡동,서울특별시 성북구 화랑로 21 (하월곡동),근린생활2,제2종근린생활시설,1009129327,지번
1129013800100650176,서울특별시 성북구 장위동,서울특별시 성북구 화랑로 203 (장위동),근린생활1,제1종근린생활시설,1009133132,지번
1129010800100630011,서울특별시 성북구 동소문동5가,서울특별시 성북구 동소문로 86-11 (동소문동5가),근린생활1,제1종근린생활시설,100916726,지번
1129010800100630011,서울특별시 성북구 동소문동5가,서울특별시 성북구 동소문로 86-11 (동소문동5가),근린생활1,단독주택,100916727,지번
1129013300103720007,서울특별시 성북구 정릉동,서울특별시 성북구 솔샘로6길 66 (정릉동),근린생활1,제1종근린생활시설,1009118809,지번
1129010800100630003,서울특별시 성북구 동소문동5가,서울특별시 성북구 동소문로18길 12 (동소문동5가),근린생활1,제1종근린생활시설,100916719,지번
1129010800101040000,서울특별시 성북구 동소문동5가,서울특별시 성북구 동소문로18길 17-11 (동소문동5가),근린생활1,제2종근린생활시설,100916770,지번
1129010800101040000,서울특별시 성북구 동소문동5가,서울특별시 성북구 동소문로20길 24 (동소문동5가),근린생활1,제1종근린생활시설,100916772,지번
1129011900101220004,서울특별시 성북구 동선동4가,서울특별시 성북구 동소문로 129-1 (동선동4가),근린생활1,제1종근린생활시설,1009111282,지번
1129011900101030000,서울특별시 성북구 동선동4가,서울특별시 성북구 동소문로 115-2 (동선동4가),근린생활1,제1종근린생활시설,1009111265,지번
1129011800100010000,서울특별시 성북구 동선동3가,,근린생활2,제1종근린생활시설,1009110827,지번
1129011800100010000,서울특별시 성북구 동선동3가,서울특별시 성북구 동소문로26가길 7 (동선동3가),근린생활2,단독주택,1009110828,지번
1129011800100010000,서울특별시 성북구 동선동3가,,근린생활2,단독주택,1009110829,지번
1129011800100010000,서울특별시 성북구 동선동3가,,근린생활2,제1종근린생활시설,1009110830,지번
1129011800100010000,서울특별시 성북구 동선동3가,서울특별시 성북구 동소문로26길 3 (동선동3가),근린생활2,제2종근린생활시설,1009110831,지번
1129011800100010000,서울특별시 성북구 동선동3가,,근린생활2,단독주택,1009110832,지번
1129011800100010000,서울특별시 성북구 동선동3가,,근린생활2,단독주택,1009110833,지번
1129011800100010000,서울특별시 성북구 동선동3가,,근린생활2,단독주택,1009110834,지번
1129011800100010000,서울특별시 성북구 동선동3가,,근린생활2,제1종근린생활시설,1009110835,지번
1129011800100010000,서울특별시 성북구 동선동3가,,근린생활2,단독주택,1009110836,지번
1129011800100010000,서울특별시 성북구 동선동3가,서울특별시 성북구 동소문로26가길 11-1 (동선동3가),근린생활2,제2종근린생활시설,1009110837,지번
1129011800100010000,서울특별시 성북구 동선동3가,서울특별시 성북구 동소문로26가길 3 (동선동3가),근린생활2,제1종근린생활시설,1009110838,지번
1129011800100010000,서울특별시 성북구 동선동3가,,근린생활2,단독주택,1009110839,지번
1129011800100010000,서울특별시 성북구 동선동3가,,근린생활2,제1종근린생활시설,1009110840,지번
1129011800100010000,서울특별시 성북구 동선동3가,,근린생활2,제2종근린생활시설,1009110841,지번
1129011800100010000,서울특별시 성북구 동선동3가,,근린생활2,제1종근린생활시설,1009110842,지번
1129011200102410000,서울특별시 성북구 삼선동2가,서울특별시 성북구 삼선교로14길 69 (삼선동2가),근린생활1,제1종근린생활시설,100918510,지번
1129013300102860017,서울특별시 성북구 정릉동,서울특별시 성북구 보국문로 76 (정릉동),근린생활1,제1종근린생활시설,1009118568,지번
1129013300103970014,서울특별시 성북구 정릉동,서울특별시 성북구 보국문로 51 (정릉동),근린생활2,제2종근린생활시설,1009119114,지번
1129013300107040021,서울특별시 성북구 정릉동,서울특별시 성북구 솔샘로12길 1 (정릉동),근린생활1,제1종근린생활시설,1009120498,지번
1129013300106740005,서울특별시 성북구 정릉동,서울특별시 성북구 솔샘로 7 (정릉동),근린생활2,제2종근린생활시설,1009120236,지번
1129013300106700010,서울특별시 성북구 정릉동,서울특별시 성북구 솔샘로3길 7 (정릉동),근린생활2,제2종근린생활시설,1009120224,지번
1129013300104070011,서울특별시 성북구 정릉동,서울특별시 성북구 보국문로 21 (정릉동),근린생활2,제2종근린생활시설,1009119276,지번
1129013300103970006,서울특별시 성북구 정릉동,서울특별시 성북구 보국문로 55 (정릉동),근린생활1,제1종근린생활시설,1009119104,지번
1129013300101990014,서울특별시 성북구 정릉동,서울특별시 성북구 정릉로27길 66-9 (정릉동),근린생활2,제2종근린생활시설,1009117821,지번
1129013300101750013,서울특별시 성북구 정릉동,서울특별시 성북구 정릉로31나길 16 (정릉동),근린생활1,제1종근린생활시설,1009117500,지번
1129013300101070015,서울특별시 성북구 정릉동,서울특별시 성북구 아리랑로 117-7 (정릉동),근린생활2,제2종근린생활시설,1009116956,지번
1129013300101070033,서울특별시 성북구 정릉동,서울특별시 성북구 아리랑로 117 (정릉동),근린생활1,제1종근린생활시설,1009116971,지번
1129013300105170001,서울특별시 성북구 정릉동,서울특별시 성북구 아리랑로19길 57 (정릉동),근린생활1,제1종근린생활시설,1009119743,지번
1129013300104060001,서울특별시 성북구 정릉동,서울특별시 성북구 보국문로 19 (정릉동),근린생활1,제1종근린생활시설,1009122198,지번
1129011200102580000,서울특별시 성북구 삼선동2가,서울특별시 성북구 삼선교로14길 68-1 (삼선동2가),근린생활1,제1종근린생활시설,100918526,지번
1129011200102630000,서울특별시 성북구 삼선동2가,서울특별시 성북구 삼선교로10길 63 (삼선동2가),근린생활1,제1종근린생활시설,100918531,지번
1129011800101600003,서울특별시 성북구 동선동3가,서울특별시 성북구 보문로34가길 33 (동선동3가),근린생활2,제2종근린생활시설,1009111162,지번
1129011600101220000,서울특별시 성북구 동선동1가,서울특별시 성북구 동소문로20가길 62 (동선동1가),근린생활2,제2종근린생활시설,1009110425,지번
1129011600101220000,서울특별시 성북구 동선동1가,서울특별시 성북구 동소문로20가길 62 (동선동1가),근린생활2,단독주택,1009110426,지번
1129011600101220000,서울특별시 성북구 동선동1가,서울특별시 성북구 동소문로20가길 62 (동선동1가),근린생활2,교육연구시설,1009110427,지번
1129011600101220000,서울특별시 성북구 동선동1가,서울특별시 성북구 동소문로20가길 62 (동선동1가),근린생활2,단독주택,1009110430,지번
1129011600101220000,서울특별시 성북구 동선동1가,서울특별시 성북구 동소문로20가길 56 (동선동1가),근린생활2,제2종근린생활시설,1009110431,지번
1129013300107710037,서울특별시 성북구 정릉동,서울특별시 성북구 보국문로 151 (정릉동),근린생활1,제1종근린생활시설,1009121122,지번
1129013300107710003,서울특별시 성북구 정릉동,서울특별시 성북구 보국문로 143 (정릉동),근린생활2,제2종근린생활시설,1009121110,지번
1129013300107710003,서울특별시 성북구 정릉동,서울특별시 성북구 보국문로 143 (정릉동),근린생활2,노유자시설,1009121111,지번
1129013300107710003,서울특별시 성북구 정릉동,서울특별시 성북구 보국문로27길 14 (정릉동),근린생활2,교육연구시설,1009122532,지번
1129013400111820001,서울특별시 성북구 길음동,서울특별시 성북구 삼양로9가길 14 (길음동),근린생활1,제1종근린생활시설,1009124664,지번
1129013400112810005,서울특별시 성북구 길음동,서울특별시 성북구 삼양로13길 51 (길음동),근린생활1,제1종근린생활시설,1009124799,지번
1129013300100160448,서울특별시 성북구 정릉동,서울특별시 성북구 정릉로 346 (정릉동),근린생활2,제2종근린생활시설,1009116869,지번
1129013400108770197,서울특별시 성북구 길음동,서울특별시 성북구 동소문로 225-13 (길음동),근린생활1,제1종근린생활시설,1009125124,지번
1129013400105480001,서울특별시 성북구 길음동,서울특별시 성북구 길음로7길 16 (길음동),근린생활1,제1종근린생활시설,1009123986,지번
1129013400108770183,서울특별시 성북구 길음동,,근린생활1,제1종근린생활시설,1009124187,지번
1129013300100160016,서울특별시 성북구 정릉동,서울특별시 성북구 정릉로 338-1 (정릉동),근린생활1,제1종근린생활시설,1009116560,지번
1129011200102700000,서울특별시 성북구 삼선동2가,서울특별시 성북구 삼선교로10길 71 (삼선동2가),근린생활1,제1종근린생활시설,100918536,지번
1129011200102070000,서울특별시 성북구 삼선동2가,서울특별시 성북구 삼선교로14길 52 (삼선동2가),근린생활2,제2종근린생활시설,100918438,지번
1129011200101980000,서울특별시 성북구 삼선동2가,서울특별시 성북구 삼선교로10길 45 (삼선동2가),근린생활1,제1종근린생활시설,100918835,지번
1129013300100160366,서울특별시 성북구 정릉동,서울특별시 성북구 정릉로32길 18-16 (정릉동),근린생활1,제1종근린생활시설,1009116845,지번
1129010600100790000,서울특별시 성북구 동소문동3가,서울특별시 성북구 동소문로 66 (동소문동3가),근린생활1,제1종근린생활시설,100916423,지번
1129010800100630002,서울특별시 성북구 동소문동5가,서울특별시 성북구 동소문로18길 10-1 (동소문동5가),근린생활1,제1종근린생활시설,100916718,지번
1129010100101770090,서울특별시 성북구 성북동,서울특별시 성북구 성북로8길 3 (성북동),근린생활1,제1종근린생활시설,100913180,지번
1129010400100100000,서울특별시 성북구 동소문동1가,서울특별시 성북구 성북로 12 (동소문동1가),근린생활1,단독주택,100915936,지번
1129010400100100000,서울특별시 성북구 동소문동1가,서울특별시 성북구 성북로 12 (동소문동1가),근린생활1,제1종근린생활시설,100915937,지번
1129010100101560032,서울특별시 성북구 성북동,서울특별시 성북구 성북로 64-16 (성북동),근린생활1,제1종근린생활시설,100912868,지번
1129013300106840062,서울특별시 성북구 정릉동,서울특별시 성북구 솔샘로 10 (정릉동),근린생활2,제2종근린생활시설,1009120296,지번
1129013300101750016,서울특별시 성북구 정릉동,서울특별시 성북구 정릉로31나길 4 (정릉동),근린생활2,제2종근린생활시설,1009117503,지번
1129013300101710014,서울특별시 성북구 정릉동,서울특별시 성북구 정릉로27길 40 (정릉동),근린생활2,제2종근린생활시설,1009117471,지번
1129013300101070001,서울특별시 성북구 정릉동,서울특별시 성북구 아리랑로 117-5 (정릉동),근린생활1,제1종근린생활시설,1009116954,지번
1129013300101070001,서울특별시 성북구 정릉동,서울특별시 성북구 아리랑로 117-5 (정릉동),근린생활1,단독주택,1009116955,지번
1129013300101120050,서울특별시 성북구 정릉동,서울특별시 성북구 아리랑로 108 (정릉동),근린생활2,제2종근린생활시설,1009117058,지번
1129011200101960000,서울특별시 성북구 삼선동2가,서울특별시 성북구 삼선교로14길 44 (삼선동2가),근린생활1,제1종근린생활시설,100918435,지번
1129011200102130001,서울특별시 성북구 삼선동2가,서울특별시 성북구 삼선교로16길 44 (삼선동2가),근린생활2,제2종근린생활시설,100918457,지번
1129011200102120001,서울특별시 성북구 삼선동2가,서울특별시 성북구 삼선교로16길 48 (삼선동2가),근린생활1,제1종근린생활시설,100918451,지번
1129013300100160304,서울특별시 성북구 정릉동,서울특별시 성북구 정릉로36길 27 (정릉동),근린생활1,제1종근린생활시설,1009116790,지번
1129013300100140037,서울특별시 성북구 정릉동,서울특별시 성북구 정릉로36길 18 (정릉동),근린생활,근린생활시설,1009116543,지번
1129010400100050000,서울특별시 성북구 동소문동1가,서울특별시 성북구 성북로 12-3 (동소문동1가),근린생활1,제1종근린생활시설,100915932,지번
1129010200100110000,서울특별시 성북구 성북동1가,서울특별시 성북구 창경궁로43길 9-2 (성북동1가),근린생활2,제2종근린생활시설,100914312,지번
1129011200100800000,서울특별시 성북구 삼선동2가,서울특별시 성북구 삼선교로 34-1 (삼선동2가),근린생활1,제1종근린생활시설,100918337,지번
1129010400100230000,서울특별시 성북구 동소문동1가,서울특별시 성북구 동소문로 7 (동소문동1가),근린생활2,제2종근린생활시설,100915950,지번
1129013300100160265,서울특별시 성북구 정릉동,서울특별시 성북구 정릉로38길 36 (정릉동),근린생활1,제1종근린생활시설,1009116759,지번
1129013300107790001,서울특별시 성북구 정릉동,서울특별시 성북구 보국문로 168 (정릉동),근린생활1,제1종근린생활시설,1009121153,지번
1129013300110280002,서울특별시 성북구 정릉동,서울특별시 성북구 서경로 153 (정릉동),근린생활1,제1종근린생활시설,1009122746,지번
1129013300100160137,서울특별시 성북구 정릉동,서울특별시 성북구 정릉로38길 17 (정릉동),근린생활1,자동차관련시설,1009116657,지번
1129013300100160137,서울특별시 성북구 정릉동,서울특별시 성북구 정릉로38길 17 (정릉동),근린생활1,제1종근린생활시설,1009116658,지번
1129013300100160206,서울특별시 성북구 정릉동,서울특별시 성북구 정릉로38가길 3 (정릉동),근린생활1,제1종근린생활시설,1009116708,지번
1129013300100160202,서울특별시 성북구 정릉동,서울특별시 성북구 정릉로38길 8 (정릉동),근린생활2,제2종근린생활시설,1009116705,지번
1129013300106850035,서울특별시 성북구 정릉동,서울특별시 성북구 솔샘로6가길 60 (정릉동),근린생활1,제1종근린생활시설,1009120324,지번
1129013300100160227,서울특별시 성북구 정릉동,서울특별시 성북구 정릉로38마길 2 (정릉동),근린생활1,제1종근린생활시설,1009116725,지번
1129013300102580013,서울특별시 성북구 정릉동,서울특별시 성북구 보국문로16길 83 (정릉동),근린생활2,제2종근린생활시설,1009118221,지번
1129013300109660269,서울특별시 성북구 정릉동,서울특별시 성북구 정릉로 298 (정릉동),근린생활2,제2종근린생활시설,1009121726,지번
1129010100101330055,서울특별시 성북구 성북동,서울특별시 성북구 성북로 59-1 (성북동),근린생활1,제1종근린생활시설,100912746,지번
1129010100101330044,서울특별시 성북구 성북동,서울특별시 성북구 성북로13길 2 (성북동),근린생활1,제1종근린생활시설,100912739,지번
1129013300106700007,서울특별시 성북구 정릉동,서울특별시 성북구 솔샘로3길 24 (정릉동),근린생활2,제2종근린생활시설,1009120223,지번
1129011500103320000,서울특별시 성북구 삼선동5가,서울특별시 성북구 보문로 154-1 (삼선동5가),근린생활2,제2종근린생활시설,10091100249647,지번
1129013300100160170,서울특별시 성북구 정릉동,서울특별시 성북구 정릉로 324 (정릉동),근린생활1,제1종근린생활시설,1009116682,지번
1129013300103950002,서울특별시 성북구 정릉동,서울특별시 성북구 보국문로11길 28 (정릉동),근린생활1,제1종근린생활시설,1009119067,지번
1129013300101380014,서울특별시 성북구 정릉동,서울특별시 성북구 정릉로 284 (정릉동),근린생활2,제2종근린생활시설,1009117133,지번
1129013300100140025,서울특별시 성북구 정릉동,서울특별시 성북구 정릉로 306 (정릉동),근린생활1,제1종근린생활시설,1009116535,지번
1129013300100160301,서울특별시 성북구 정릉동,서울특별시 성북구 정릉로38가길 33 (정릉동),근린생활2,제2종근린생활시설,1009116788,지번
1129010100100580016,서울특별시 성북구 성북동,서울특별시 성북구 성북로 74 (성북동),근린생활2,제2종근린생활시설,100912348,지번
1129013300100160323,서울특별시 성북구 정릉동,서울특별시 성북구 정릉로36길 47 (정릉동),근린생활1,제1종근린생활시설,1009116803,지번
1129013300100160314,서울특별시 성북구 정릉동,서울특별시 성북구 정릉로32길 17 (정릉동),근린생활2,단독주택,1009116794,지번
1129013300100160314,서울특별시 성북구 정릉동,서울특별시 성북구 정릉로36길 35 (정릉동),근린생활2,제2종근린생활시설,1009116795,지번
1129013300100160380,서울특별시 성북구 정릉동,서울특별시 성북구 정릉로36길 23 (정릉동),근린생활2,제2종근린생활시설,1009116854,지번
1129013300101320002,서울특별시 성북구 정릉동,서울특별시 성북구 정릉로32길 4 (정릉동),근린생활1,제1종근린생활시설,1009117107,지번
1129013300100160488,서울특별시 성북구 정릉동,서울특별시 성북구 정릉로36길 29 (정릉동),근린생활1,제1종근린생활시설,1009116881,지번
1129013300100160442,서울특별시 성북구 정릉동,서울특별시 성북구 정릉로38라길 3 (정릉동),근린생활1,제1종근린생활시설,1009116865,지번
1129013300100140033,서울특별시 성북구 정릉동,서울특별시 성북구 정릉로34길 8 (정릉동),근린생활1,제1종근린생활시설,1009116539,지번
1129013300101320132,서울특별시 성북구 정릉동,서울특별시 성북구 정릉로36길 56 (정릉동),근린생활1,제1종근린생활시설,1009117129,지번
1129013300100140006,서울특별시 성북구 정릉동,서울특별시 성북구 정릉로 316 (정릉동),근린생활1,제1종근린생활시설,1009116518,지번
1129013300100140005,서울특별시 성북구 정릉동,서울특별시 성북구 정릉로36길 8 (정릉동),근린생활1,제1종근린생활시설,1009116517,지번
1129013300110280001,서울특별시 성북구 정릉동,서울특별시 성북구 솔샘로 102 (정릉동),근린생활2,제2종근린생활시설,1009122745,지번
1129013400111340003,서울특별시 성북구 길음동,서울특별시 성북구 삼양로 76 (길음동),근린생활2,제2종근린생활시설,1009124541,지번
1129010100101330041,서울특별시 성북구 성북동,서울특별시 성북구 성북로 65 (성북동),근린생활1,제1종근린생활시설,100912735,지번
1129010100101330041,서울특별시 성북구 성북동,서울특별시 성북구 성북로 65 (성북동),근린생활1,단독주택,100912736,지번
1129010100101330043,서울특별시 성북구 성북동,서울특별시 성북구 성북로 61-1 (성북동),근린생활1,제1종근린생활시설,100912738,지번
1129013300108000006,서울특별시 성북구 정릉동,서울특별시 성북구 보국문로30길 37-6 (정릉동),근린생활2,제2종근린생활시설,1009121203,지번
1129013300108000006,서울특별시 성북구 정릉동,서울특별시 성북구 보국문로30길 37-6 (정릉동),근린생활2,제2종근린생활시설,1009121204,지번
1129013300107040012,서울특별시 성북구 정릉동,서울특별시 성북구 솔샘로 35 (정릉동),근린생활2,제2종근린생활시설,1009122482,지번
1129013400112620227,서울특별시 성북구 길음동,서울특별시 성북구 숭인로 4 (길음동),근린생활2,제2종근린생활시설,1009124746,지번
1129010100101330001,서울특별시 성북구 성북동,서울특별시 성북구 성북로 69 (성북동),근린생활2,제2종근린생활시설,100912733,지번
1129011800100600000,서울특별시 성북구 동선동3가,서울특별시 성북구 동소문로26라길 32 (동선동3가),근린생활2,제2종근린생활시설,10091100193410,지번
1129011800100640000,서울특별시 성북구 동선동3가,서울특별시 성북구 동소문로26라길 26 (동선동3가),근린생활1,제1종근린생활시설,1009110896,지번
1129010100100600046,서울특별시 성북구 성북동,서울특별시 성북구 성북로16길 7 (성북동),근린생활1,제1종근린생활시설,100912375,지번
1129010100100600048,서울특별시 성북구 성북동,서울특별시 성북구 성북로 76 (성북동),근린생활2,제2종근린생활시설,100912376,지번
1129013300109660003,서울특별시 성북구 정릉동,서울특별시 성북구 정릉로26길 6-18 (정릉동),근린생활1,제1종근린생활시설,1009121699,지번
1129013300109660193,서울특별시 성북구 정릉동,서울특별시 성북구 정릉로 240 (정릉동),근린생활1,제1종근린생활시설,1009121723,지번
1129011600100060000,서울특별시 성북구 동선동1가,서울특별시 성북구 동소문로20길 37 (동선동1가),근린생활1,제1종근린생활시설,1009110105,지번
1129011800102550000,서울특별시 성북구 동선동3가,서울특별시 성북구 동소문로26마길 40 (동선동3가),근린생활2,제2종근린생활시설,1009111134,지번
1129010800100590002,서울특별시 성북구 동소문동5가,서울특별시 성북구 동소문로18길 18 (동소문동5가),근린생활1,단독주택,100916700,지번
1129010800100590002,서울특별시 성북구 동소문동5가,서울특별시 성북구 동소문로18길 18 (동소문동5가),근린생활1,제1종근린생활시설,100916701,지번
1129013300101750039,서울특별시 성북구 정릉동,서울특별시 성북구 정릉로31나길 16-16 (정릉동),근린생활2,제2종근린생활시설,1009117514,지번
1129013400111700000,서울특별시 성북구 길음동,,근린생활2,단독주택,1009124596,지번
1129013400111700000,서울특별시 성북구 길음동,서울특별시 성북구 삼양로 75 (길음동),근린생활2,제2종근린생활시설,1009124601,지번
1129013400111790000,서울특별시 성북구 길음동,서울특별시 성북구 삼양로9길 18 (길음동),근린생활1,제1종근린생활시설,1009124656,지번
1129013300107860009,서울특별시 성북구 정릉동,서울특별시 성북구 보국문로 175 (정릉동),근린생활1,제1종근린생활시설,1009121164,지번
1129013300107860006,서울특별시 성북구 정릉동,서울특별시 성북구 보국문로 169 (정릉동),근린생활2,제2종근린생활시설,1009121163,지번
1129011500101150000,서울특별시 성북구 삼선동5가,서울특별시 성북구 보문로29길 56 (삼선동5가),근린생활2,제2종근린생활시설,100919727,지번
1129013300103720004,서울특별시 성북구 정릉동,서울특별시 성북구 솔샘로6길 36 (정릉동),근린생활2,제2종근린생활시설,1009118807,지번
1129013300106440015,서울특별시 성북구 정릉동,서울특별시 성북구 정릉로10가길 28 (정릉동),근린생활1,제1종근린생활시설,1009120144,지번
1129011100102530008,서울특별시 성북구 삼선동1가,서울특별시 성북구 삼선교로10다길 18 (삼선동1가),근린생활1,제1종근린생활시설,100917776,지번
1129011300100830000,서울특별시 성북구 삼선동3가,서울특별시 성북구 보문로31길 80 (삼선동3가),근린생활2,제2종근린생활시설,100919086,지번
1129010100101750003,서울특별시 성북구 성북동,서울특별시 성북구 성북로10길 6 (성북동),근린생활2,제2종근린생활시설,100913118,지번
1129011600100770000,서울특별시 성북구 동선동1가,서울특별시 성북구 동소문로22길 45 (동선동1가),근린생활1,제1종근린생활시설,1009110151,지번
1129013400112220000,서울특별시 성북구 길음동,서울특별시 성북구 삼양로 61-1 (길음동),근린생활2,제2종근린생활시설,10091100181385,지번
1129013400112570001,서울특별시 성북구 길음동,서울특별시 성북구 삼양로 17 (길음동),근린생활2,제2종근린생활시설,1009124727,지번
1129011500103420000,서울특별시 성북구 삼선동5가,서울특별시 성북구 보문로 148 (삼선동5가),근린생활1,제1종근린생활시설,100919957,지번
1129011500102970000,서울특별시 성북구 삼선동5가,서울특별시 성북구 보문로 151 (삼선동5가),근린생활1,제1종근린생활시설,100919896,지번
1129011500102670000,서울특별시 성북구 삼선동5가,서울특별시 성북구 삼선교로24길 51 (삼선동5가),근린생활1,제1종근린생활시설,100919873,지번
1129011500100620000,서울특별시 성북구 삼선동5가,서울특별시 성북구 보문로29가길 37 (삼선동5가),근린생활1,제1종근린생활시설,100919642,지번
1129010500102280000,서울특별시 성북구 동소문동2가,서울특별시 성북구 동소문로 18 (동소문동2가),근린생활1,제1종근린생활시설,100916298,지번
1129010400100880000,서울특별시 성북구 동소문동1가,서울특별시 성북구 동소문로 21 (동소문동1가),근린생활1,제1종근린생활시설,100916016,지번
1129011000100040000,서울특별시 성북구 동소문동7가,서울특별시 성북구 아리랑로 39 (동소문동7가),근린생활2,제2종근린생활시설,100917079,지번
1129012000101330001,서울특별시 성북구 동선동5가,서울특별시 성북구 아리랑로4가길 21-7 (동선동5가),근린생활2,제2종근린생활시설,1009111757,지번
1129011500100900003,서울특별시 성북구 삼선동5가,서울특별시 성북구 삼선교로18나길 8 (삼선동5가),근린생활2,제2종근린생활시설,10091100185116,지번
1129011700103240000,서울특별시 성북구 동선동2가,서울특별시 성북구 보문로30다길 20 (동선동2가),근린생활2,제2종근린생활시설,10091100195068,지번
1129010800100620000,서울특별시 성북구 동소문동5가,서울특별시 성북구 동소문로18길 12-6 (동소문동5가),근린생활1,제1종근린생활시설,100916716,지번
1129011100102790001,서울특별시 성북구 삼선동1가,서울특별시 성북구 삼선교로4길 91 (삼선동1가),근린생활1,제1종근린생활시설,100917963,지번
1129012000101010000,서울특별시 성북구 동선동5가,서울특별시 성북구 동소문로25길 40 (동선동5가),근린생활1,제1종근린생활시설,1009111683,지번
1129011900101380000,서울특별시 성북구 동선동4가,서울특별시 성북구 동소문로23길 8-10 (동선동4가),근린생활2,제2종근린생활시설,1009111296,지번
1129011400100850000,서울특별시 성북구 삼선동4가,서울특별시 성북구 동소문로10길 19-1 (삼선동4가),근린생활1,제1종근린생활시설,100919364,지번
1129010100100580015,서울특별시 성북구 성북동,서울특별시 성북구 성북로 72 (성북동),근린생활2,제2종근린생활시설,100912347,지번
1129010100200050001,서울특별시 성북구 성북동,서울특별시 성북구 북악산로 637 (성북동),근린생활2,제2종근린생활시설,100914254,지번
1129011000100180000,서울특별시 성북구 동소문동7가,서울특별시 성북구 동소문로13나길 115 (동소문동7가),근린생활2,제2종근린생활시설,100917116,지번
1129010200100430001,서울특별시 성북구 성북동1가,서울특별시 성북구 성북로 15 (성북동1가),근린생활1,제1종근린생활시설,100914367,지번
1129011000100870002,서울특별시 성북구 동소문동7가,서울특별시 성북구 아리랑로5길 30 (동소문동7가),근린생활2,제2종근린생활시설,100917223,지번
1129010500101500000,서울특별시 성북구 동소문동2가,서울특별시 성북구 동소문로2길 47 (동소문동2가),근린생활1,제1종근린생활시설,100916223,지번
1129013400111610000,서울특별시 성북구 길음동,서울특별시 성북구 삼양로 32-1 (길음동),근린생활2,제2종근린생활시설,10091100253448,지번
1129013400111610000,서울특별시 성북구 길음동,서울특별시 성북구 삼양로 32-1 (길음동),근린생활2,제2종근린생활시설,10091100253449,지번
1129013400112880008,서울특별시 성북구 길음동,서울특별시 성북구 동소문로47길 22 (길음동),근린생활2,제2종근린생활시설,10091100257130,지번
1129010500101350000,서울특별시 성북구 동소문동2가,서울특별시 성북구 동소문로2길 21 (동소문동2가),근린생활2,제2종근린생활시설,100916208,지번
1129010500100450000,서울특별시 성북구 동소문동2가,서울특별시 성북구 동소문로6길 4-23 (동소문동2가),근린생활2,제2종근린생활시설,100916127,지번
1129010500100750000,서울특별시 성북구 동소문동2가,서울특별시 성북구 동소문로2길 13 (동소문동2가),근린생활2,제2종근린생활시설,100916159,지번
1129011500103620000,서울특별시 성북구 삼선동5가,서울특별시 성북구 고려대로1길 93 (삼선동5가),근린생활2,제2종근린생활시설,10091100191168,지번
1129010500102130000,서울특별시 성북구 동소문동2가,서울특별시 성북구 동소문로6길 3 (동소문동2가),근린생활1,제1종근린생활시설,100916283,지번
1129012200100900000,서울특별시 성북구 안암동2가,서울특별시 성북구 고려대로11길 18 (안암동2가),근린생활1,제1종근린생활시설,1009112343,지번
1129010500100210000,서울특별시 성북구 동소문동2가,서울특별시 성북구 동소문로 16 (동소문동2가),근린생활1,제1종근린생활시설,100916109,지번
1129010500100160000,서울특별시 성북구 동소문동2가,서울특별시 성북구 동소문로 12 (동소문동2가),근린생활2,제2종근린생활시설,100916106,지번
1129010500100030000,서울특별시 성북구 동소문동2가,서울특별시 성북구 동소문로 6 (동소문동2가),근린생활1,제1종근린생활시설,100916101,지번
1129010200100350042,서울특별시 성북구 성북동1가,서울특별시 성북구 창경궁로43길 8 (성북동1가),근린생활2,제2종근린생활시설,100914359,지번
1129012700100580000,서울특별시 성북구 보문동5가,서울특별시 성북구 보문로21길 16-15 (보문동5가),근린생활2,제2종근린생활시설,10091100193308,지번
1129011400103510003,서울특별시 성북구 삼선동4가,서울특별시 성북구 보문로 182 (삼선동4가),근린생활2,제2종근린생활시설,100919519,지번
1129011600100620000,서울특별시 성북구 동선동1가,서울특별시 성북구 동소문로20길 37-22 (동선동1가),근린생활1,제1종근린생활시설,1009110140,지번
1129011700101480000,서울특별시 성북구 동선동2가,서울특별시 성북구 보문로30나길 35 (동선동2가),근린생활1,제1종근린생활시설,1009110625,지번
1129010500101970000,서울특별시 성북구 동소문동2가,서울특별시 성북구 동소문로6길 9 (동소문동2가),근린생활1,제1종근린생활시설,100916267,지번
1129010500102840000,서울특별시 성북구 동소문동2가,서울특별시 성북구 동소문로2길 61 (동소문동2가),근린생활1,제1종근린생활시설,100916339,지번
1129010500101440000,서울특별시 성북구 동소문동2가,서울특별시 성북구 동소문로6길 20-5 (동소문동2가),근린생활2,제2종근린생활시설,100916218,지번
1129011800101880000,서울특별시 성북구 동선동3가,서울특별시 성북구 보문로34가길 50 (동선동3가),근린생활2,제2종근린생활시설,10091100191288,지번
1129011600100850150,서울특별시 성북구 동선동1가,서울특별시 성북구 동소문로24길 45 (동선동1가),근린생활2,제2종근린생활시설,1009110233,지번
1129012000101650001,서울특별시 성북구 동선동5가,서울특별시 성북구 아리랑로 56 (동선동5가),근린생활1,제1종근린생활시설,1009111812,지번
1129011500100570000,서울특별시 성북구 삼선동5가,서울특별시 성북구 보문로31길 32 (삼선동5가),근린생활1,제1종근린생활시설,100919638,지번
1129011500100800000,서울특별시 성북구 삼선동5가,서울특별시 성북구 삼선교로18나길 18 (삼선동5가),근린생활2,제2종근린생활시설,100919667,지번
1129010200100760000,서울특별시 성북구 성북동1가,서울특별시 성북구 성북로7길 5 (성북동1가),근린생활1,제1종근린생활시설,100914398,지번
1129010200100430002,서울특별시 성북구 성북동1가,서울특별시 성북구 성북로 13 (성북동1가),근린생활2,제2종근린생활시설,100914368,지번
1129010600100330000,서울특별시 성북구 동소문동3가,서울특별시 성북구 동소문로 34-7 (동소문동3가),근린생활1,제1종근린생활시설,100916388,지번
1129010500101430000,서울특별시 성북구 동소문동2가,서울특별시 성북구 동소문로6길 20-7 (동소문동2가),근린생활2,제2종근린생활시설,100916217,지번
1129010500102880000,서울특별시 성북구 동소문동2가,서울특별시 성북구 동소문로8길 14 (동소문동2가),근린생활1,제1종근린생활시설,100916343,지번
1129010500102120000,서울특별시 성북구 동소문동2가,서울특별시 성북구 동소문로6길 7 (동소문동2가),근린생활,근린생활시설,10091100192408,지번
1129013000100530000,서울특별시 성북구 보문동1가,서울특별시 성북구 고려대로1길 35-1 (보문동1가),근린생활2,제2종근린생활시설,1009115428,지번
1129011100100390000,서울특별시 성북구 삼선동1가,서울특별시 성북구 삼선교로6길 8-4 (삼선동1가),근린생활1,제1종근린생활시설,100917516,지번
1129010400100170000,서울특별시 성북구 동소문동1가,서울특별시 성북구 동소문로 3 (동소문동1가),근린생활1,제1종근린생활시설,100915943,지번
1129011600100410000,서울특별시 성북구 동선동1가,서울특별시 성북구 동소문로20길 29-6 (동선동1가),근린생활2,제2종근린생활시설,1009110125,지번
1129013100100870000,서울특별시 성북구 보문동2가,서울특별시 성북구 지봉로23길 4 (보문동2가),근린생활2,제2종근린생활시설,1009116050,지번
1129012600100020002,서울특별시 성북구 보문동4가,서울특별시 성북구 보문로 102 (보문동4가),근린생활1,제1종근린생활시설,1009113954,지번
1129012300100090000,서울특별시 성북구 안암동3가,서울특별시 성북구 고려대로8길 35 (안암동3가),근린생활2,제2종근린생활시설,1009112684,지번
1129011700103060000,서울특별시 성북구 동선동2가,서울특별시 성북구 보문로34길 98 (동선동2가),근린생활2,제2종근린생활시설,1009110746,지번
1129011600101200002,서울특별시 성북구 동선동1가,서울특별시 성북구 동소문로 122 (동선동1가),근린생활2,제2종근린생활시설,1009110391,지번
1129012000100620000,서울특별시 성북구 동선동5가,서울특별시 성북구 아리랑로4가길 8-8 (동선동5가),근린생활2,제2종근린생활시설,1009111625,지번
1129011600100470000,서울특별시 성북구 동선동1가,서울특별시 성북구 보문로34길 35 (동선동1가),근린생활2,제2종근린생활시설,1009110130,지번
1129012000100010000,서울특별시 성북구 동선동5가,서울특별시 성북구 아리랑로 18 (동선동5가),근린생활2,제2종근린생활시설,1009111568,지번
1129011600100390000,서울특별시 성북구 동선동1가,서울특별시 성북구 동소문로20길 29-8 (동선동1가),근린생활2,제2종근린생활시설,1009110124,지번
1129012000100990000,서울특별시 성북구 동선동5가,서울특별시 성북구 동소문로25길 44 (동선동5가),근린생활1,제1종근린생활시설,1009111681,지번
1129011000100010001,서울특별시 성북구 동소문동7가,서울특별시 성북구 아리랑로 31-1 (동소문동7가),근린생활2,제2종근린생활시설,100917048,지번
1129010400101080000,서울특별시 성북구 동소문동1가,서울특별시 성북구 성북로2길 38 (동소문동1가),근린생활1,제1종근린생활시설,100916029,지번
1129011200100140000,서울특별시 성북구 삼선동2가,서울특별시 성북구 삼선교로 33-4 (삼선동2가),근린생활1,제1종근린생활시설,100918286,지번
1129011300100420003,서울특별시 성북구 삼선동3가,서울특별시 성북구 보문로31길 63 (삼선동3가),근린생활2,제2종근린생활시설,10091100183210,지번
1129011500103640000,서울특별시 성북구 삼선동5가,서울특별시 성북구 보문로32길 6 (삼선동5가),근린생활2,제2종근린생활시설,100919971,지번
1129011500102790000,서울특별시 성북구 삼선동5가,서울특별시 성북구 보문로 153 (삼선동5가),근린생활1,제1종근린생활시설,100919882,지번
1129010700100340001,서울특별시 성북구 동소문동4가,서울특별시 성북구 동소문로 33-1 (동소문동4가),근린생활1,제1종근린생활시설,100916463,지번
1129010900101030000,서울특별시 성북구 동소문동6가,서울특별시 성북구 동소문로 81 (동소문동6가),근린생활2,제2종근린생활시설,100916884,지번
1129011700100260000,서울특별시 성북구 동선동2가,서울특별시 성북구 동소문로22길 72 (동선동2가),근린생활2,제2종근린생활시설,1009110485,지번
1129010700100380000,서울특별시 성북구 동소문동4가,서울특별시 성북구 동소문로 35 (동소문동4가),근린생활1,제1종근린생활시설,100916465,지번
1129013100101050003,서울특별시 성북구 보문동2가,서울특별시 성북구 보문로 125 (보문동2가),근린생활1,제1종근린생활시설,1009116071,지번
1129011700100450000,서울특별시 성북구 동선동2가,서울특별시 성북구 동소문로22길 82 (동선동2가),근린생활1,제1종근린생활시설,1009110509,지번
1129011700100600000,서울특별시 성북구 동선동2가,서울특별시 성북구 고려대로7길 84-10 (동선동2가),근린생활2,제2종근린생활시설,1009110529,지번
1129011700100600000,서울특별시 성북구 동선동2가,서울특별시 성북구 고려대로7길 84-12 (동선동2가),근린생활2,제2종근린생활시설,1009110530,지번
1129013600100800023,서울특별시 성북구 하월곡동,서울특별시 성북구 오패산로21길 4 (하월곡동),근린생활1,제1종근린생활시설,1009129666,지번
1129011700100540001,서울특별시 성북구 동선동2가,서울특별시 성북구 보문로30길 33 (동선동2가),근린생활1,제1종근린생활시설,1009110519,지번
1129011700100130000,서울특별시 성북구 동선동2가,서울특별시 성북구 보문로34길 52 (동선동2가),근린생활2,제2종근린생활시설,1009110471,지번
1129011700100460000,서울특별시 성북구 동선동2가,서울특별시 성북구 동소문로22길 80 (동선동2가),근린생활2,제2종근린생활시설,1009110510,지번
1129011100100510000,서울특별시 성북구 삼선동1가,서울특별시 성북구 삼선교로 16-1 (삼선동1가),근린생활1,제1종근린생활시설,100917526,지번
1129011100100700000,서울특별시 성북구 삼선동1가,서울특별시 성북구 삼선교로10길 8 (삼선동1가),근린생활1,제1종근린생활시설,100917541,지번
1129011800101050000,서울특별시 성북구 동선동3가,서울특별시 성북구 동소문로26가길 28 (동선동3가),근린생활1,제1종근린생활시설,1009110935,지번
1129013300104080024,서울특별시 성북구 정릉동,서울특별시 성북구 보국문로 25 (정릉동),근린생활1,제1종근린생활시설,1009119284,지번
1129013300101090002,서울특별시 성북구 정릉동,서울특별시 성북구 아리랑로 115 (정릉동),근린생활1,제1종근린생활시설,1009116973,지번
1129013300103500001,서울특별시 성북구 정릉동,서울특별시 성북구 솔샘로6길 45 (정릉동),근린생활1,제1종근린생활시설,1009118771,지번
1129013300104000008,서울특별시 성북구 정릉동,서울특별시 성북구 보국문로11길 6 (정릉동),근린생활1,제1종근린생활시설,1009119148,지번
1129013300103500010,서울특별시 성북구 정릉동,서울특별시 성북구 솔샘로6길 56 (정릉동),근린생활2,제2종근린생활시설,1009118774,지번
1129010100101840081,서울특별시 성북구 성북동,서울특별시 성북구 성북로 26 (성북동),근린생활1,제1종근린생활시설,100913320,지번
1129011500102980012,서울특별시 성북구 삼선동5가,서울특별시 성북구 보문로 165 (삼선동5가),근린생활1,제1종근린생활시설,1009110059,지번
1129011600100850097,서울특별시 성북구 동선동1가,서울특별시 성북구 동소문로22길 31 (동선동1가),근린생활1,제1종근린생활시설,1009110324,지번
1129011600100850097,서울특별시 성북구 동선동1가,서울특별시 성북구 동소문로22길 29-2 (동선동1가),근린생활1,제1종근린생활시설,1009110325,지번
1129011600100850097,서울특별시 성북구 동선동1가,서울특별시 성북구 동소문로22길 31 (동선동1가),근린생활1,제2종근린생활시설,1009110326,지번
1129011600100850097,서울특별시 성북구 동선동1가,서울특별시 성북구 동소문로22길 31 (동선동1가),근린생활1,제2종근린생활시설,1009110327,지번
1129012000100680001,서울특별시 성북구 동선동5가,서울특별시 성북구 아리랑로4가길 8-7 (동선동5가),근린생활1,제1종근린생활시설,1009111628,지번
1129013800102030004,서울특별시 성북구 장위동,서울특별시 성북구 장월로 146 (장위동),근린생활1,제1종근린생활시설,10091100252007,지번
1129011400103460001,서울특별시 성북구 삼선동4가,서울특별시 성북구 보문로37길 7 (삼선동4가),근린생활1,제1종근린생활시설,100919490,지번
1129013000101260000,서울특별시 성북구 보문동1가,서울특별시 성북구 보문로 118 (보문동1가),근린생활1,제1종근린생활시설,1009115693,지번
1129013300101920178,서울특별시 성북구 정릉동,서울특별시 성북구 서경로 65 (정릉동),근린생활2,제2종근린생활시설,1009117708,지번
1129011500103280000,서울특별시 성북구 삼선동5가,서울특별시 성북구 보문로 156 (삼선동5가),근린생활1,제2종근린생활시설,10091100193267,지번
1129011500103280000,서울특별시 성북구 삼선동5가,서울특별시 성북구 보문로 156 (삼선동5가),근린생활1,제1종근린생활시설,100919950,지번
1129011500102910001,서울특별시 성북구 삼선동5가,서울특별시 성북구 보문로 149 (삼선동5가),근린생활2,제2종근린생활시설,100919892,지번
1129011100100160005,서울특별시 성북구 삼선동1가,서울특별시 성북구 삼선교로4길 8 (삼선동1가),근린생활1,제1종근린생활시설,100917492,지번
1129011100100110001,서울특별시 성북구 삼선동1가,서울특별시 성북구 창경궁로 322-6 (삼선동1가),근린생활1,제1종근린생활시설,100917318,지번
1129011900102390000,서울특별시 성북구 동선동4가,서울특별시 성북구 동소문로25길 20-16 (동선동4가),근린생활2,제2종근린생활시설,1009111385,지번
1129011900102250000,서울특별시 성북구 동선동4가,서울특별시 성북구 동소문로25길 20-23 (동선동4가),근린생활2,제2종근린생활시설,1009111372,지번
1129011200101990000,서울특별시 성북구 삼선동2가,서울특별시 성북구 삼선교로10길 47 (삼선동2가),근린생활1,제1종근린생활시설,100918437,지번
1129011100100280000,서울특별시 성북구 삼선동1가,서울특별시 성북구 삼선교로4길 7 (삼선동1가),근린생활1,제1종근린생활시설,100917510,지번
1129011100100350000,서울특별시 성북구 삼선동1가,서울특별시 성북구 삼선교로 14 (삼선동1가),근린생활2,제2종근린생활시설,100917513,지번
1129011100100800000,서울특별시 성북구 삼선동1가,서울특별시 성북구 삼선교로 22-1 (삼선동1가),근린생활2,제2종근린생활시설,100917550,지번
1129011100100710000,서울특별시 성북구 삼선동1가,서울특별시 성북구 삼선교로10길 6 (삼선동1가),근린생활2,제2종근린생활시설,100917542,지번
1129011200101400000,서울특별시 성북구 삼선동2가,서울특별시 성북구 삼선교로14길 20-1 (삼선동2가),근린생활2,단독주택,100918384,지번
1129011200101400000,서울특별시 성북구 삼선동2가,서울특별시 성북구 삼선교로14길 20-1 (삼선동2가),근린생활2,제2종근린생활시설,100918385,지번
1129011800100210000,서울특별시 성북구 동선동3가,,근린생활1,단독주택,1009110854,지번
1129011800100210000,서울특별시 성북구 동선동3가,,근린생활1,제1종근린생활시설,1009110855,지번
1129011800100210000,서울특별시 성북구 동선동3가,,근린생활1,단독주택,1009110856,지번
1129011500102980001,서울특별시 성북구 삼선동5가,서울특별시 성북구 보문로 175 (삼선동5가),근린생활2,제2종근린생활시설,100919897,지번
1129011600100920008,서울특별시 성북구 동선동1가,서울특별시 성북구 동소문로20가길 38 (동선동1가),근린생활1,제1종근린생활시설,1009110355,지번
1129011600100920008,서울특별시 성북구 동선동1가,서울특별시 성북구 동소문로20가길 38 (동선동1가),근린생활1,제1종근린생활시설,1009110356,지번
1129011800100520000,서울특별시 성북구 동선동3가,서울특별시 성북구 동소문로28길 54 (동선동3가),근린생활2,제2종근린생활시설,1009110887,지번
1129011500103660000,서울특별시 성북구 삼선동5가,서울특별시 성북구 보문로32길 10 (삼선동5가),근린생활1,제1종근린생활시설,100919972,지번
1129011900101420000,서울특별시 성북구 동선동4가,서울특별시 성북구 동소문로23길 8 (동선동4가),근린생활1,제1종근린생활시설,1009111301,지번
1129011800102430000,서울특별시 성북구 동선동3가,서울특별시 성북구 보문로34가길 5 (동선동3가),근린생활2,제2종근린생활시설,1009111086,지번
1129011500100150000,서울특별시 성북구 삼선동5가,서울특별시 성북구 삼선교로24길 6 (삼선동5가),근린생활2,제2종근린생활시설,100919584,지번
1129010900100730000,서울특별시 성북구 동소문동6가,서울특별시 성북구 동소문로17길 13 (동소문동6가),근린생활1,제1종근린생활시설,100916861,지번
1129011900101040000,서울특별시 성북구 동선동4가,서울특별시 성북구 동소문로 117 (동선동4가),근린생활1,제1종근린생활시설,1009111266,지번
1129011600100850080,서울특별시 성북구 동선동1가,서울특별시 성북구 동소문로20나길 22 (동선동1가),근린생활1,제1종근린생활시설,1009110268,지번
1129011600100850080,서울특별시 성북구 동선동1가,서울특별시 성북구 동소문로20나길 22 (동선동1가),근린생활1,제1종근린생활시설,1009110269,지번
1129011600100850080,서울특별시 성북구 동선동1가,서울특별시 성북구 동소문로20나길 22 (동선동1가),근린생활1,제1종근린생활시설,1009110270,지번
1129011900102110000,서울특별시 성북구 동선동4가,서울특별시 성북구 동소문로23길 22-3 (동선동4가),근린생활2,제2종근린생활시설,1009111360,지번
1129011500100390000,서울특별시 성북구 삼선동5가,서울특별시 성북구 삼선교로24길 26 (삼선동5가),근린생활1,제1종근린생활시설,100919608,지번
1129011400103460000,서울특별시 성북구 삼선동4가,,근린생활2,단독주택,100919484,지번
1129011400103460000,서울특별시 성북구 삼선동4가,,근린생활2,제2종근린생활시설,100919485,지번
1129011400103460000,서울특별시 성북구 삼선동4가,,근린생활2,제2종근린생활시설,100919486,지번
1129011400103460000,서울특별시 성북구 삼선동4가,,근린생활2,단독주택,100919487,지번
1129011400103460000,서울특별시 성북구 삼선동4가,,근린생활2,제2종근린생활시설,100919488,지번
1129011400103460000,서울특별시 성북구 삼선동4가,,근린생활2,단독주택,100919489,지번
1129011600101210003,서울특별시 성북구 동선동1가,서울특별시 성북구 동소문로20가길 46 (동선동1가),근린생활2,제2종근린생활시설,1009110419,지번
1129010300100420042,서울특별시 성북구 돈암동,서울특별시 성북구 북악산로 859-1 (돈암동),근린생활1,제1종근린생활시설,100914845,지번
1129010300100450053,서울특별시 성북구 돈암동,서울특별시 성북구 북악산로 855 (돈암동),근린생활1,제1종근린생활시설,100914897,지번
1129011800102590008,서울특별시 성북구 동선동3가,서울특별시 성북구 동소문로26마길 62 (동선동3가),근린생활2,제2종근린생활시설,1009111142,지번
1129010500100180000,서울특별시 성북구 동소문동2가,서울특별시 성북구 동소문로 14 (동소문동2가),근린생활1,제1종근린생활시설,100916107,지번
1129010500100110000,서울특별시 성북구 동소문동2가,서울특별시 성북구 동소문로 10 (동소문동2가),근린생활1,제1종근린생활시설,100916363,지번
1129010500100100000,서울특별시 성북구 동소문동2가,서울특별시 성북구 동소문로 8 (동소문동2가),근린생활1,제1종근린생활시설,100916105,지번
1129012300101300009,서울특별시 성북구 안암동3가,서울특별시 성북구 안암로7길 66 (안암동3가),근린생활2,제2종근린생활시설,1009112880,지번
1129010500100200000,서울특별시 성북구 동소문동2가,서울특별시 성북구 동소문로 14-1 (동소문동2가),근린생활1,제1종근린생활시설,100916108,지번
1129010500101750000,서울특별시 성북구 동소문동2가,서울특별시 성북구 동소문로6길 9-10 (동소문동2가),근린생활1,제1종근린생활시설,100916249,지번
1129013400112810007,서울특별시 성북구 길음동,서울특별시 성북구 길음로 92 (길음동),근린생활1,제1종근린생활시설,1009124800,지번
1129011600100030005,서울특별시 성북구 동선동1가,서울특별시 성북구 동소문로20나길 12 (동선동1가),근린생활2,제2종근린생활시설,1009110083,지번
1129010900102370000,서울특별시 성북구 동소문동6가,서울특별시 성북구 아리랑로 27 (동소문동6가),근린생활1,제1종근린생활시설,100917013,지번
1129012100101980000,서울특별시 성북구 안암동1가,서울특별시 성북구 고려대로7다길 39-12 (안암동1가),근린생활1,제1종근린생활시설,1009112074,지번
1129011800102320000,서울특별시 성북구 동선동3가,서울특별시 성북구 보문로34가길 2 (동선동3가),근린생활1,제1종근린생활시설,1009111072,지번
1129010900101380002,서울특별시 성북구 동소문동6가,서울특별시 성북구 동소문로 93-16 (동소문동6가),근린생활1,제1종근린생활시설,100916908,지번
1129011600100850072,서울특별시 성북구 동선동1가,서울특별시 성북구 동소문로20나길 34 (동선동1가),근린생활2,제2종근린생활시설,1009110253,지번
1129010400100390000,서울특별시 성북구 동소문동1가,서울특별시 성북구 성북로2길 20 (동소문동1가),근린생활2,제2종근린생활시설,100915967,지번
1129010100101590005,서울특별시 성북구 성북동,서울특별시 성북구 성북로14길 10 (성북동),근린생활1,제1종근린생활시설,100912872,지번
1129010700101030023,서울특별시 성북구 동소문동4가,서울특별시 성북구 동소문로13가길 58 (동소문동4가),근린생활1,제1종근린생활시설,100916504,지번
1129011100102810009,서울특별시 성북구 삼선동1가,서울특별시 성북구 삼선교로10다길 74 (삼선동1가),근린생활2,제2종근린생활시설,100918004,지번
1129011600100850043,서울특별시 성북구 동선동1가,서울특별시 성북구 동소문로24가길 10 (동선동1가),근린생활2,제2종근린생활시설,1009110224,지번
1129013300101600017,서울특별시 성북구 정릉동,서울특별시 성북구 정릉로 261 (정릉동),근린생활1,제1종근린생활시설,1009117242,지번
1129013300105080076,서울특별시 성북구 정릉동,서울특별시 성북구 북악산로1길 64 (정릉동),근린생활1,제1종근린생활시설,1009119677,지번
1129011800101770000,서울특별시 성북구 동선동3가,서울특별시 성북구 동소문로26길 18-7 (동선동3가),근린생활1,제1종근린생활시설,1009111011,지번
1129012100101290000,서울특별시 성북구 안암동1가,서울특별시 성북구 고려대로7라길 24 (안암동1가),근린생활1,제1종근린생활시설,1009112015,지번
1129012700100930000,서울특별시 성북구 보문동5가,서울특별시 성북구 보문로21길 23 (보문동5가),근린생활1,제1종근린생활시설,1009114266,지번
1129012300100890007,서울특별시 성북구 안암동3가,서울특별시 성북구 고려대로8길 61 (안암동3가),근린생활2,제2종근린생활시설,1009112799,지번
1129012700101180000,서울특별시 성북구 보문동5가,서울특별시 성북구 지봉로20길 61 (보문동5가),근린생활1,제1종근린생활시설,1009114289,지번
1129012700101800000,서울특별시 성북구 보문동5가,서울특별시 성북구 보문로19길 11 (보문동5가),근린생활2,제2종근린생활시설,1009114367,지번
1129012100100470004,서울특별시 성북구 안암동1가,서울특별시 성북구 고려대로11길 74 (안암동1가),근린생활2,제2종근린생활시설,1009111934,지번
1129011100101300000,서울특별시 성북구 삼선동1가,서울특별시 성북구 삼선교로10길 26 (삼선동1가),근린생활2,제2종근린생활시설,100917605,지번
1129013300110320000,서울특별시 성북구 정릉동,서울특별시 성북구 아리랑로19길 86 (정릉동),근린생활1,공동주택,10091100183605,지번
1129013300110320000,서울특별시 성북구 정릉동,서울특별시 성북구 아리랑로19길 86 (정릉동),근린생활1,공동주택,10091100183651,지번
1129013300110320000,서울특별시 성북구 정릉동,서울특별시 성북구 아리랑로19길 86 (정릉동),근린생활1,공동주택,10091100183720,지번
1129013300110320000,서울특별시 성북구 정릉동,서울특별시 성북구 아리랑로19길 86 (정릉동),근린생활1,공동주택,10091100183753,지번
1129013300110320000,서울특별시 성북구 정릉동,서울특별시 성북구 아리랑로19길 86 (정릉동),근린생활1,제1종근린생활시설,10091100183778,지번
1129013300102840011,서울특별시 성북구 정릉동,서울특별시 성북구 보국문로 75 (정릉동),근린생활2,제2종근린생활시설,1009118539,지번
1129012200101560000,서울특별시 성북구 안암동2가,서울특별시 성북구 고려대로 36 (안암동2가),근린생활2,제2종근린생활시설,1009112621,지번
1129011600100020004,서울특별시 성북구 동선동1가,서울특별시 성북구 동소문로20나길 13 (동선동1가),근린생활2,제2종근린생활시설,1009110072,지번
1129011600100850063,서울특별시 성북구 동선동1가,,근린생활1,단독주택,1009110242,지번
1129011600100850063,서울특별시 성북구 동선동1가,,근린생활1,단독주택,1009110243,지번
1129011600100850063,서울특별시 성북구 동선동1가,,근린생활1,제1종근린생활시설,1009110244,지번
1129011600100850083,서울특별시 성북구 동선동1가,서울특별시 성북구 동소문로20나길 26-6 (동선동1가),근린생활2,제2종근린생활시설,1009110277,지번
1129011600100850083,서울특별시 성북구 동선동1가,서울특별시 성북구 동소문로20다길 25 (동선동1가),근린생활2,단독주택,1009110278,지번
1129011600100850083,서울특별시 성북구 동선동1가,서울특별시 성북구 동소문로22길 19-8 (동선동1가),근린생활2,단독주택,1009110279,지번
1129011600100850099,서울특별시 성북구 동선동1가,서울특별시 성북구 동소문로22길 35 (동선동1가),근린생활1,제1종근린생활시설,1009110332,지번
1129010800100670003,서울특별시 성북구 동소문동5가,서울특별시 성북구 동소문로 90 (동소문동5가),근린생활1,제1종근린생활시설,100916733,지번
1129012100100100004,서울특별시 성북구 안암동1가,서울특별시 성북구 보문로30길 36 (안암동1가),근린생활2,제2종근린생활시설,1009111894,지번
1129012200101210014,서울특별시 성북구 안암동2가,서울특별시 성북구 고려대로 25-1 (안암동2가),근린생활2,제2종근린생활시설,1009112486,지번
1129011600100560000,서울특별시 성북구 동선동1가,서울특별시 성북구 보문로34길 51 (동선동1가),근린생활1,제1종근린생활시설,1009110135,지번
1129011600100850094,서울특별시 성북구 동선동1가,서울특별시 성북구 동소문로22길 29-5 (동선동1가),근린생활1,단독주택,1009110311,지번
1129011600100850094,서울특별시 성북구 동선동1가,서울특별시 성북구 동소문로22길 29-9 (동선동1가),근린생활1,제1종근린생활시설,1009110312,지번
1129011600100850094,서울특별시 성북구 동선동1가,서울특별시 성북구 동소문로22길 29-9 (동선동1가),근린생활1,단독주택,1009110313,지번
1129011600100850094,서울특별시 성북구 동선동1가,서울특별시 성북구 동소문로22길 29-7 (동선동1가),근린생활1,단독주택,1009110314,지번
1129011600100850094,서울특별시 성북구 동선동1가,서울특별시 성북구 동소문로20다길 30-8 (동선동1가),근린생활1,단독주택,1009110315,지번
1129011600100850093,서울특별시 성북구 동선동1가,서울특별시 성북구 동소문로22길 29 (동선동1가),근린생활1,제2종근린생활시설,1009110306,지번
1129011600100850093,서울특별시 성북구 동선동1가,서울특별시 성북구 동소문로22길 29 (동선동1가),근린생활1,제1종근린생활시설,1009110308,지번
1129011600100850093,서울특별시 성북구 동선동1가,서울특별시 성북구 동소문로22길 29 (동선동1가),근린생활1,단독주택,1009110309,지번
1129010800100250000,서울특별시 성북구 동소문동5가,서울특별시 성북구 동소문로 82 (동소문동5가),근린생활2,제2종근린생활시설,100916676,지번
1129012700101790000,서울특별시 성북구 보문동5가,서울특별시 성북구 지봉로24길 68 (보문동5가),근린생활2,제2종근린생활시설,1009114366,지번
1129013000101170000,서울특별시 성북구 보문동1가,,근린생활1,제2종근린생활시설,1009115677,지번
1129013000101170000,서울특별시 성북구 보문동1가,,근린생활1,제1종근린생활시설,1009115678,지번
1129013100101190000,서울특별시 성북구 보문동2가,서울특별시 성북구 지봉로24길 13 (보문동2가),근린생활1,제1종근린생활시설,1009116081,지번
1129012300101070004,서울특별시 성북구 안암동3가,서울특별시 성북구 보문로18길 25 (안암동3가),근린생활2,제2종근린생활시설,1009112821,지번
1129011800101420004,서울특별시 성북구 동선동3가,서울특별시 성북구 동소문로26길 21 (동선동3가),근린생활1,제1종근린생활시설,1009110973,지번
1129010800100090000,서울특별시 성북구 동소문동5가,서울특별시 성북구 동소문로 76 (동소문동5가),근린생활1,제1종근린생활시설,100916665,지번
1129010700101160000,서울특별시 성북구 동소문동4가,서울특별시 성북구 동소문로 51 (동소문동4가),근린생활2,제2종근린생활시설,100916515,지번
1129010800101180013,서울특별시 성북구 동소문동5가,서울특별시 성북구 동소문로20길 28-3 (동소문동5가),근린생활1,제1종근린생활시설,100916786,지번
1129011700101350022,서울특별시 성북구 동선동2가,서울특별시 성북구 보문로34길 68 (동선동2가),근린생활1,제1종근린생활시설,1009110605,지번
1129011600100850087,서울특별시 성북구 동선동1가,,근린생활2,제1종근린생활시설,1009110287,지번
1129011600100850087,서울특별시 성북구 동선동1가,서울특별시 성북구 동소문로22길 25 (동선동1가),근린생활2,제2종근린생활시설,1009110288,지번
1129011600100850087,서울특별시 성북구 동선동1가,서울특별시 성북구 동소문로20다길 22 (동선동1가),근린생활2,제1종근린생활시설,1009110289,지번
1129011600100850100,서울특별시 성북구 동선동1가,서울특별시 성북구 동소문로22길 37 (동선동1가),근린생활1,제1종근린생활시설,1009110333,지번
1129013300101100042,서울특별시 성북구 정릉동,서울특별시 성북구 정릉로36길 80 (정릉동),근린생활2,제2종근린생활시설,1009117007,지번
1129013300102990006,서울특별시 성북구 정릉동,서울특별시 성북구 보국문로 87 (정릉동),근린생활2,제2종근린생활시설,1009118654,지번
1129013300103740012,서울특별시 성북구 정릉동,서울특별시 성북구 솔샘로4길 32 (정릉동),근린생활2,제2종근린생활시설,10091100183084,지번
1129011900100780000,서울특별시 성북구 동선동4가,서울특별시 성북구 동소문로23길 19 (동선동4가),근린생활1,제1종근린생활시설,1009111242,지번
1129011900100020002,서울특별시 성북구 동선동4가,서울특별시 성북구 동소문로 107 (동선동4가),근린생활1,제1종근린생활시설,1009111189,지번
1129011200101140000,서울특별시 성북구 삼선동2가,서울특별시 성북구 삼선교로16길 10-1 (삼선동2가),근린생활2,제2종근린생활시설,100918361,지번
1129011100102690000,서울특별시 성북구 삼선동1가,서울특별시 성북구 삼선교로10나길 9 (삼선동1가),근린생활2,제2종근린생활시설,10091100192107,지번
1129010700100440000,서울특별시 성북구 동소문동4가,서울특별시 성북구 동소문로 39 (동소문동4가),근린생활2,제2종근린생활시설,100916469,지번
1129010800101110000,서울특별시 성북구 동소문동5가,서울특별시 성북구 동소문로20길 20 (동소문동5가),근린생활1,제1종근린생활시설,100916774,지번
1129011000100930002,서울특별시 성북구 동소문동7가,서울특별시 성북구 아리랑로5길 4 (동소문동7가),근린생활2,제2종근린생활시설,100917229,지번
1129013300101500017,서울특별시 성북구 정릉동,서울특별시 성북구 정릉로 258 (정릉동),근린생활2,제2종근린생활시설,1009117199,지번
1129013300101070025,서울특별시 성북구 정릉동,서울특별시 성북구 아리랑로19길 15 (정릉동),근린생활2,제2종근린생활시설,1009116964,지번
1129013300104460004,서울특별시 성북구 정릉동,,근린생활2,제2종근린생활시설,1009119510,지번
1129013300104640019,서울특별시 성북구 정릉동,서울특별시 성북구 정릉로26길 10 (정릉동),근린생활2,제2종근린생활시설,1009119537,지번
1129012200100810000,서울특별시 성북구 안암동2가,서울특별시 성북구 고려대로11길 24 (안암동2가),근린생활2,제2종근린생활시설,1009112339,지번
1129011400101040008,서울특별시 성북구 삼선동4가,서울특별시 성북구 삼선교로23길 37 (삼선동4가),근린생활2,제2종근린생활시설,100919370,지번
1129011600100850108,서울특별시 성북구 동선동1가,서울특별시 성북구 동소문로22길 39-4 (동선동1가),근린생활1,제1종근린생활시설,1009110340,지번
1129012300101100012,서울특별시 성북구 안암동3가,서울특별시 성북구 안암로7길 51 (안암동3가),근린생활1,제1종근린생활시설,1009112839,지번
1129013300100160310,서울특별시 성북구 정릉동,서울특별시 성북구 정릉로36길 33 (정릉동),근린생활1,제1종근린생활시설,1009116791,지번
1129013300100160197,서울특별시 성북구 정릉동,서울특별시 성북구 정릉로36길 15 (정릉동),근린생활2,제2종근린생활시설,1009116700,지번
1129013400112580000,서울특별시 성북구 길음동,서울특별시 성북구 삼양로 13 (길음동),근린생활2,제2종근린생활시설,1009124730,지번
1129013400112520000,서울특별시 성북구 길음동,서울특별시 성북구 삼양로 25 (길음동),근린생활1,제1종근린생활시설,1009124724,지번
1129013400111430000,서울특별시 성북구 길음동,서울특별시 성북구 삼양로 62 (길음동),근린생활2,제2종근린생활시설,1009124547,지번
1129013400112430006,서울특별시 성북구 길음동,서울특별시 성북구 삼양로 37 (길음동),근린생활1,제1종근린생활시설,1009124718,지번
1129011600100850016,서울특별시 성북구 동선동1가,서울특별시 성북구 동소문로24가길 13 (동선동1가),근린생활2,제2종근린생활시설,1009110196,지번
1129010700101150000,서울특별시 성북구 동소문동4가,서울특별시 성북구 동소문로 49 (동소문동4가),근린생활2,제2종근린생활시설,100916514,지번
1129010400100080000,서울특별시 성북구 동소문동1가,서울특별시 성북구 성북로6길 2-2 (동소문동1가),근린생활1,제1종근린생활시설,100915935,지번
1129012300101310001,서울특별시 성북구 안암동3가,서울특별시 성북구 안암로9길 73 (안암동3가),근린생활2,제2종근린생활시설,10091100185674,지번
1129012200100940017,서울특별시 성북구 안암동2가,서울특별시 성북구 고려대로13길 26 (안암동2가),근린생활2,제2종근린생활시설,10091100183124,지번
1129011200101150000,서울특별시 성북구 삼선동2가,서울특별시 성북구 삼선교로16길 10 (삼선동2가),근린생활1,제1종근린생활시설,100918363,지번
1129011100100130004,서울특별시 성북구 삼선동1가,서울특별시 성북구 삼선교로 2 (삼선동1가),근린생활1,제1종근린생활시설,100917478,지번
1129011400100290000,서울특별시 성북구 삼선동4가,서울특별시 성북구 삼선교로 51-1 (삼선동4가),근린생활2,제2종근린생활시설,10091100190202,지번
1129013300101640044,서울특별시 성북구 정릉동,서울특별시 성북구 보국문로2길 15 (정릉동),근린생활2,제2종근린생활시설,1009117310,지번
1129013300101640044,서울특별시 성북구 정릉동,서울특별시 성북구 보국문로2길 15 (정릉동),근린생활2,단독주택,1009117311,지번
1129013300105080125,서울특별시 성북구 정릉동,서울특별시 성북구 북악산로1라길 49 (정릉동),근린생활1,제1종근린생활시설,1009119698,지번
1129011600100850086,서울특별시 성북구 동선동1가,서울특별시 성북구 동소문로22길 23 (동선동1가),근린생활1,제1종근린생활시설,1009110286,지번
1129012100100470002,서울특별시 성북구 안암동1가,서울특별시 성북구 보문로30가길 12 (안암동1가),근린생활1,제1종근린생활시설,1009111933,지번
1129012100103470000,서울특별시 성북구 안암동1가,서울특별시 성북구 고려대로17가길 47 (안암동1가),근린생활1,제1종근린생활시설,1009112223,지번
1129012200101600012,서울특별시 성북구 안암동2가,서울특별시 성북구 고려대로 38 (안암동2가),근린생활2,제2종근린생활시설,1009112633,지번
1129013300101610028,서울특별시 성북구 정릉동,서울특별시 성북구 정릉로 251-26 (정릉동),근린생활2,제2종근린생활시설,1009117262,지번
1129013300104160027,서울특별시 성북구 정릉동,서울특별시 성북구 정릉로 237-2 (정릉동),근린생활2,제2종근린생활시설,1009119433,지번
1129010400101000000,서울특별시 성북구 동소문동1가,서울특별시 성북구 동소문로 25-3 (동소문동1가),근린생활2,제2종근린생활시설,100916024,지번
1129011600100200000,서울특별시 성북구 동선동1가,서울특별시 성북구 동소문로20길 37-21 (동선동1가),근린생활2,제2종근린생활시설,1009110115,지번
1129010700101240001,서울특별시 성북구 동소문동4가,서울특별시 성북구 동소문로11길 5 (동소문동4가),근린생활1,제1종근린생활시설,100916522,지번
1129011600100030004,서울특별시 성북구 동선동1가,서울특별시 성북구 동소문로20다길 15 (동선동1가),근린생활,근린생활시설,1009110082,지번
1129012100100970000,서울특별시 성북구 안암동1가,서울특별시 성북구 고려대로7길 56-18 (안암동1가),근린생활1,제1종근린생활시설,1009111983,지번
1129011100102660000,서울특별시 성북구 삼선동1가,서울특별시 성북구 삼선교로10나길 3 (삼선동1가),근린생활1,제1종근린생활시설,100917793,지번
1129011000100010011,서울특별시 성북구 동소문동7가,서울특별시 성북구 아리랑로 27-4 (동소문동7가),근린생활2,제2종근린생활시설,100917053,지번
1129011000101180004,서울특별시 성북구 동소문동7가,서울특별시 성북구 아리랑로7길 10 (동소문동7가),근린생활1,단독주택,100917256,지번
1129011000101180004,서울특별시 성북구 동소문동7가,,근린생활1,제1종근린생활시설,100917257,지번
1129012700101120000,서울특별시 성북구 보문동5가,서울특별시 성북구 보문로21길 15 (보문동5가),근린생활2,제2종근린생활시설,1009114282,지번
1129012200101230000,서울특별시 성북구 안암동2가,서울특별시 성북구 고려대로 33 (안암동2가),근린생활2,제2종근린생활시설,1009112492,지번
1129012200100940028,서울특별시 성북구 안암동2가,서울특별시 성북구 고려대로13길 30 (안암동2가),근린생활1,제1종근린생활시설,1009112375,지번
1129012200100940032,서울특별시 성북구 안암동2가,서울특별시 성북구 고려대로13길 22 (안암동2가),근린생활2,제2종근린생활시설,1009112376,지번
1129013300104160026,서울특별시 성북구 정릉동,서울특별시 성북구 정릉로 237-8 (정릉동),근린생활2,제2종근린생활시설,1009119432,지번
1129013300104740002,서울특별시 성북구 정릉동,서울특별시 성북구 정릉로26길 32 (정릉동),근린생활1,제1종근린생활시설,1009119559,지번
1129011900101080001,서울특별시 성북구 동선동4가,서울특별시 성북구 동소문로 119-2 (동선동4가),근린생활2,제2종근린생활시설,1009111270,지번
1129011700101350018,서울특별시 성북구 동선동2가,서울특별시 성북구 동소문로22길 57-17 (동선동2가),근린생활1,제1종근린생활시설,1009110601,지번
1129011700101240000,서울특별시 성북구 동선동2가,서울특별시 성북구 동소문로22길 57-12 (동선동2가),근린생활2,제2종근린생활시설,1009110577,지번
1129011400103200000,서울특별시 성북구 삼선동4가,서울특별시 성북구 삼선교로23길 1 (삼선동4가),근린생활1,제1종근린생활시설,100919448,지번
1129011600100230000,서울특별시 성북구 동선동1가,서울특별시 성북구 동소문로20길 37-23 (동선동1가),근린생활1,제1종근린생활시설,1009110116,지번
1129011500102640000,서울특별시 성북구 삼선동5가,서울특별시 성북구 삼선교로24길 43 (삼선동5가),근린생활2,제2종근린생활시설,100919871,지번
1129010400100920000,서울특별시 성북구 동소문동1가,서울특별시 성북구 동소문로5길 4 (동소문동1가),근린생활1,제1종근린생활시설,100916018,지번
1129010400100950000,서울특별시 성북구 동소문동1가,서울특별시 성북구 동소문로5길 2-7 (동소문동1가),근린생활2,제2종근린생활시설,100916021,지번
1129010400101050000,서울특별시 성북구 동소문동1가,서울특별시 성북구 성북로2길 46 (동소문동1가),근린생활2,제2종근린생활시설,100916026,지번
1129013400112530000,서울특별시 성북구 길음동,서울특별시 성북구 삼양로 23 (길음동),근린생활2,단독주택,1009123669,지번
1129013400112530000,서울특별시 성북구 길음동,서울특별시 성북구 삼양로 23 (길음동),근린생활2,제2종근린생활시설,1009124725,지번
1129013300110310001,서울특별시 성북구 정릉동,서울특별시 성북구 보국문로 116 (정릉동),근린생활1,제1종근린생활시설,10091100183873,지번
1129013300105060109,서울특별시 성북구 정릉동,서울특별시 성북구 아리랑로19다길 16 (정릉동),근린생활2,제2종근린생활시설,1009119648,지번
1129012200101550004,서울특별시 성북구 안암동2가,서울특별시 성북구 고려대로 34-16 (안암동2가),근린생활2,제2종근린생활시설,10091100193968,지번
1129011700100160000,서울특별시 성북구 동선동2가,서울특별시 성북구 고려대로7길 100 (동선동2가),근린생활1,제1종근린생활시설,1009110474,지번
1129010700100070000,서울특별시 성북구 동소문동4가,서울특별시 성북구 동소문로 31-1 (동소문동4가),근린생활1,제1종근린생활시설,100916437,지번
1129012000100270000,서울특별시 성북구 동선동5가,서울특별시 성북구 아리랑로 26 (동선동5가),근린생활1,제1종근린생활시설,1009111591,지번
1129011000100010010,서울특별시 성북구 동소문동7가,서울특별시 성북구 아리랑로 27-2 (동소문동7가),근린생활2,제2종근린생활시설,100917052,지번
1129012200101430008,서울특별시 성북구 안암동2가,서울특별시 성북구 고려대로12길 6 (안암동2가),근린생활2,제2종근린생활시설,10091100186158,지번
1129012200100970013,서울특별시 성북구 안암동2가,서울특별시 성북구 고려대로13길 14 (안암동2가),근린생활2,제2종근린생활시설,10091100183104,지번
1129012200100950012,서울특별시 성북구 안암동2가,서울특별시 성북구 보문로26길 88 (안암동2가),근린생활2,제2종근린생활시설,1009112397,지번
1129012200101430002,서울특별시 성북구 안암동2가,서울특별시 성북구 고려대로12길 4 (안암동2가),근린생활2,제2종근린생활시설,1009112553,지번
1129011600100850082,서울특별시 성북구 동선동1가,서울특별시 성북구 동소문로22길 19-3 (동선동1가),근린생활1,제1종근린생활시설,1009110274,지번
1129011600100850082,서울특별시 성북구 동선동1가,서울특별시 성북구 동소문로22길 19-5 (동선동1가),근린생활1,단독주택,1009110275,지번
1129011600100850082,서울특별시 성북구 동선동1가,서울특별시 성북구 동소문로22길 19-7 (동선동1가),근린생활1,단독주택,1009110276,지번
1129010800100590021,서울특별시 성북구 동소문동5가,서울특별시 성북구 동소문로18길 20 (동소문동5가),근린생활1,제1종근린생활시설,100916712,지번
1129010800100590021,서울특별시 성북구 동소문동5가,서울특별시 성북구 동소문로18길 20 (동소문동5가),근린생활1,제1종근린생활시설,100916713,지번
1129011600100020009,서울특별시 성북구 동선동1가,서울특별시 성북구 동소문로20가길 4 (동선동1가),근린생활2,제2종근린생활시설,1009110075,지번
1129011600100850084,서울특별시 성북구 동선동1가,서울특별시 성북구 동소문로20다길 25 (동선동1가),근린생활2,제2종근린생활시설,1009110280,지번
1129011600100850084,서울특별시 성북구 동선동1가,서울특별시 성북구 동소문로20다길 25 (동선동1가),근린생활2,단독주택,1009110281,지번
1129011600100850084,서울특별시 성북구 동선동1가,서울특별시 성북구 동소문로22길 19-4 (동선동1가),근린생활2,단독주택,1009110282,지번
1129011600100850084,서울특별시 성북구 동선동1가,서울특별시 성북구 동소문로22길 19-6 (동선동1가),근린생활2,제2종근린생활시설,1009110283,지번
1129011500101750001,서울특별시 성북구 삼선동5가,서울특별시 성북구 보문로29가길 31 (삼선동5가),근린생활2,제2종근린생활시설,100919798,지번
1129011400103340000,서울특별시 성북구 삼선동4가,서울특별시 성북구 보문로 181-1 (삼선동4가),근린생활1,제1종근린생활시설,100919464,지번
1129011500100340000,서울특별시 성북구 삼선동5가,서울특별시 성북구 보문로31길 14 (삼선동5가),근린생활1,제1종근린생활시설,100919603,지번
1129013100101080000,서울특별시 성북구 보문동2가,서울특별시 성북구 지봉로24길 3 (보문동2가),근린생활1,제1종근린생활시설,1009116074,지번
1129011700100520000,서울특별시 성북구 동선동2가,,근린생활2,단독주택,1009110515,지번
1129011700100520000,서울특별시 성북구 동선동2가,서울특별시 성북구 고려대로7길 80-1 (동선동2가),근린생활2,단독주택,1009110516,지번
1129011700100520000,서울특별시 성북구 동선동2가,,근린생활2,제2종근린생활시설,1009110517,지번
1129011700101350030,서울특별시 성북구 동선동2가,서울특별시 성북구 보문로34길 64 (동선동2가),근린생활2,제2종근린생활시설,1009110611,지번
1129013300104130014,서울특별시 성북구 정릉동,서울특별시 성북구 보국문로 16 (정릉동),근린생활2,제2종근린생활시설,1009119389,지번
1129011600100850098,서울특별시 성북구 동선동1가,,근린생활1,단독주택,1009110328,지번
1129011600100850098,서울특별시 성북구 동선동1가,,근린생활1,제1종근린생활시설,1009110329,지번
1129011600100850098,서울특별시 성북구 동선동1가,,근린생활1,제1종근린생활시설,1009110330,지번
1129011600100850098,서울특별시 성북구 동선동1가,,근린생활1,제1종근린생활시설,1009110331,지번
1129010800100070000,서울특별시 성북구 동소문동5가,서울특별시 성북구 보문로40길 1 (동소문동5가),근린생활1,제1종근린생활시설,100916662,지번
1129011200100090000,서울특별시 성북구 삼선동2가,서울특별시 성북구 동소문로8길 28 (삼선동2가),근린생활1,제1종근린생활시설,100918280,지번
1129011200100090000,서울특별시 성북구 삼선동2가,서울특별시 성북구 동소문로8길 28 (삼선동2가),근린생활1,제1종근린생활시설,100918281,지번
1129011900100760000,서울특별시 성북구 동선동4가,서울특별시 성북구 동소문로23길 21 (동선동4가),근린생활1,제1종근린생활시설,1009111241,지번
1129012000100200000,서울특별시 성북구 동선동5가,서울특별시 성북구 아리랑로 28-1 (동선동5가),근린생활2,제2종근린생활시설,1009111586,지번
1129010500102970000,서울특별시 성북구 동소문동2가,서울특별시 성북구 동소문로8길 14-12 (동소문동2가),근린생활1,제1종근린생활시설,100916353,지번
1129010500100320001,서울특별시 성북구 동소문동2가,서울특별시 성북구 동소문로6길 4-24 (동소문동2가),근린생활2,제2종근린생활시설,100916116,지번
1129011600100460002,서울특별시 성북구 동선동1가,서울특별시 성북구 동소문로20길 43 (동선동1가),근린생활1,제1종근린생활시설,1009110129,지번
1129011700100840000,서울특별시 성북구 동선동2가,서울특별시 성북구 보문로30라길 14 (동선동2가),근린생활2,제2종근린생활시설,1009110551,지번
1129011600100020008,서울특별시 성북구 동선동1가,서울특별시 성북구 동소문로20나길 9 (동선동1가),근린생활2,제2종근린생활시설,1009110074,지번
1129012300100030000,서울특별시 성북구 안암동3가,서울특별시 성북구 고려대로8길 27 (안암동3가),근린생활2,제2종근린생활시설,1009112680,지번
1129012600100360000,서울특별시 성북구 보문동4가,서울특별시 성북구 고려대로2길 50 (보문동4가),근린생활1,제1종근린생활시설,1009113975,지번
1129010700102720000,서울특별시 성북구 동소문동4가,서울특별시 성북구 동소문로13길 5 (동소문동4가),근린생활1,제1종근린생활시설,100916605,지번
1129011000100900000,서울특별시 성북구 동소문동7가,서울특별시 성북구 아리랑로5길 22 (동소문동7가),근린생활1,제1종근린생활시설,100917225,지번
1129010700101470000,서울특별시 성북구 동소문동4가,서울특별시 성북구 동소문로11길 13 (동소문동4가),근린생활2,제2종근린생활시설,100916538,지번
1129011400100570000,서울특별시 성북구 삼선동4가,서울특별시 성북구 보문로35길 39 (삼선동4가),근린생활2,제2종근린생활시설,100919337,지번
1129011700102850000,서울특별시 성북구 동선동2가,서울특별시 성북구 보문로32길 92-6 (동선동2가),근린생활1,제1종근린생활시설,1009110732,지번
1129012700102040000,서울특별시 성북구 보문동5가,서울특별시 성북구 지봉로24길 78 (보문동5가),근린생활2,제2종근린생활시설,10091100198931,지번
1129010800100510000,서울특별시 성북구 동소문동5가,서울특별시 성북구 보문로40길 21 (동소문동5가),근린생활1,제1종근린생활시설,100916684,지번
1129011600101100000,서울특별시 성북구 동선동1가,서울특별시 성북구 동소문로 116 (동선동1가),근린생활1,제1종근린생활시설,1009110375,지번
1129010800100500010,서울특별시 성북구 동소문동5가,서울특별시 성북구 보문로40길 17 (동소문동5가),근린생활2,제2종근린생활시설,100916682,지번
1129010800100500010,서울특별시 성북구 동소문동5가,서울특별시 성북구 보문로40길 17 (동소문동5가),근린생활2,제2종근린생활시설,100916683,지번
1129011600100850070,서울특별시 성북구 동선동1가,서울특별시 성북구 동소문로20나길 40 (동선동1가),근린생활2,제2종근린생활시설,1009110251,지번
1129010800100540000,서울특별시 성북구 동소문동5가,서울특별시 성북구 동소문로 84-1 (동소문동5가),근린생활1,제1종근린생활시설,100916687,지번
1129012300100290000,서울특별시 성북구 안암동3가,서울특별시 성북구 고려대로10길 22 (안암동3가),근린생활2,제2종근린생활시설,1009112701,지번
1129011800102200001,서울특별시 성북구 동선동3가,서울특별시 성북구 보문로34길 95 (동선동3가),근린생활1,제1종근린생활시설,1009111054,지번
1129011500100010001,서울특별시 성북구 삼선동5가,서울특별시 성북구 삼선교로18길 33 (삼선동5가),근린생활2,제2종근린생활시설,100919568,지번
1129011500100040000,서울특별시 성북구 삼선동5가,서울특별시 성북구 삼선교로22길 4 (삼선동5가),근린생활1,제1종근린생활시설,100919574,지번
1129013300101810012,서울특별시 성북구 정릉동,서울특별시 성북구 서경로2길 37 (정릉동),근린생활1,제1종근린생활시설,1009117555,지번
1129013300101810013,서울특별시 성북구 정릉동,서울특별시 성북구 서경로2길 33 (정릉동),근린생활1,제1종근린생활시설,1009117556,지번
1129013300101810019,서울특별시 성북구 정릉동,서울특별시 성북구 서경로2길 21 (정릉동),근린생활1,제1종근린생활시설,1009117561,지번
1129011900102760001,서울특별시 성북구 동선동4가,서울특별시 성북구 동소문로25가길 26 (동선동4가),근린생활1,단독주택,1009111429,지번
1129011900102760001,서울특별시 성북구 동선동4가,서울특별시 성북구 동소문로25가길 28 (동선동4가),근린생활1,제1종근린생활시설,1009111430,지번
1129013300110250000,서울특별시 성북구 정릉동,서울특별시 성북구 정릉로 292 (정릉동),근린생활1,공동주택,1009122714,지번
1129013300110250000,서울특별시 성북구 정릉동,서울특별시 성북구 정릉로 292 (정릉동),근린생활1,제1종근린생활시설,1009122719,지번
1129013300110250000,서울특별시 성북구 정릉동,서울특별시 성북구 정릉로 292 (정릉동),근린생활1,공동주택,1009122721,지번
1129013300110250000,서울특별시 성북구 정릉동,서울특별시 성북구 정릉로 292 (정릉동),근린생활1,공동주택,1009122722,지번
1129013300110250000,서울특별시 성북구 정릉동,서울특별시 성북구 정릉로 292 (정릉동),근린생활1,공동주택,1009122723,지번
1129013300110250000,서울특별시 성북구 정릉동,서울특별시 성북구 정릉로 292 (정릉동),근린생활1,공동주택,1009122724,지번
1129013300110250000,서울특별시 성북구 정릉동,서울특별시 성북구 정릉로 292 (정릉동),근린생활1,공동주택,1009122725,지번
1129013300110250000,서울특별시 성북구 정릉동,서울특별시 성북구 정릉로 292 (정릉동),근린생활1,공동주택,1009122726,지번
1129013300101610009,서울특별시 성북구 정릉동,서울특별시 성북구 정릉로 255-2 (정릉동),근린생활1,제1종근린생활시설,1009117249,지번
1129012200100980004,서울특별시 성북구 안암동2가,서울특별시 성북구 고려대로13길 10-2 (안암동2가),근린생활1,제1종근린생활시설,1009112435,지번
1129012700100840000,서울특별시 성북구 보문동5가,서울특별시 성북구 지봉로20길 47 (보문동5가),근린생활1,제1종근린생활시설,1009114257,지번
1129011600100850085,서울특별시 성북구 동선동1가,서울특별시 성북구 동소문로22길 19-2 (동선동1가),근린생활2,단독주택,1009110284,지번
1129011600100850085,서울특별시 성북구 동선동1가,서울특별시 성북구 동소문로22길 21 (동선동1가),근린생활2,제2종근린생활시설,1009110285,지번
1129011700102230000,서울특별시 성북구 동선동2가,서울특별시 성북구 보문로30다길 3 (동선동2가),근린생활2,제2종근린생활시설,1009110686,지번
1129011000101010000,서울특별시 성북구 동소문동7가,서울특별시 성북구 아리랑로 49 (동소문동7가),근린생활1,제1종근린생활시설,100917233,지번
1129010500101400000,서울특별시 성북구 동소문동2가,서울특별시 성북구 동소문로6길 20-13 (동소문동2가),근린생활1,단독주택,100916212,지번
1129010500101400000,서울특별시 성북구 동소문동2가,서울특별시 성북구 동소문로2길 29 (동소문동2가),근린생활1,제1종근린생활시설,100916213,지번
1129010500101690000,서울특별시 성북구 동소문동2가,서울특별시 성북구 동소문로6길 17 (동소문동2가),근린생활1,제1종근린생활시설,100916243,지번
1129010600100340000,서울특별시 성북구 동소문동3가,서울특별시 성북구 동소문로2길 83 (동소문동3가),근린생활2,제2종근린생활시설,100916389,지번
1129010800101100000,서울특별시 성북구 동소문동5가,서울특별시 성북구 동소문로20길 22 (동소문동5가),근린생활1,제1종근린생활시설,100916773,지번
1129012700100520000,서울특별시 성북구 보문동5가,서울특별시 성북구 보문로21길 24 (보문동5가),근린생활2,제2종근린생활시설,10091100193409,지번
1129012300100820001,서울특별시 성북구 안암동3가,서울특별시 성북구 고려대로12길 48 (안암동3가),근린생활1,제1종근린생활시설,1009112786,지번
1129010900101270002,서울특별시 성북구 동소문동6가,서울특별시 성북구 동소문로 87 (동소문동6가),근린생활1,제1종근린생활시설,100916900,지번
1129010600100710000,서울특별시 성북구 동소문동3가,서울특별시 성북구 동소문로 60 (동소문동3가),근린생활2,제2종근린생활시설,100916418,지번
1129012700100860000,서울특별시 성북구 보문동5가,서울특별시 성북구 지봉로20길 53 (보문동5가),근린생활1,제1종근린생활시설,1009114259,지번
1129010200100350014,서울특별시 성북구 성북동1가,서울특별시 성북구 성북로5길 9-10 (성북동1가),근린생활2,제2종근린생활시설,100914348,지번
1129010100100020005,서울특별시 성북구 성북동,서울특별시 성북구 선잠로2라길 36 (성북동),근린생활1,제1종근린생활시설,100911819,지번
1129011600100920010,서울특별시 성북구 동선동1가,서울특별시 성북구 동소문로20가길 36 (동선동1가),근린생활1,제1종근린생활시설,1009110357,지번
1129011600100850081,서울특별시 성북구 동선동1가,서울특별시 성북구 동소문로22길 19 (동선동1가),근린생활2,제2종근린생활시설,1009110271,지번
1129011600100850081,서울특별시 성북구 동선동1가,서울특별시 성북구 동소문로22길 19 (동선동1가),근린생활2,단독주택,1009110272,지번
1129011600100850081,서울특별시 성북구 동선동1가,서울특별시 성북구 동소문로22길 19 (동선동1가),근린생활2,제1종근린생활시설,1009110273,지번
1129011900101260000,서울특별시 성북구 동선동4가,서울특별시 성북구 동소문로25길 5-2 (동선동4가),근린생활1,제1종근린생활시설,1009111286,지번
1129011600100040003,서울특별시 성북구 동선동1가,서울특별시 성북구 동소문로20다길 16 (동선동1가),근린생활1,제1종근린생활시설,1009110092,지번
1129011600100160000,서울특별시 성북구 동선동1가,서울특별시 성북구 동소문로20길 37-15 (동선동1가),근린생활1,제1종근린생활시설,1009110112,지번
1129011600100850103,서울특별시 성북구 동선동1가,서울특별시 성북구 동소문로22길 39-5 (동선동1가),근린생활2,제2종근린생활시설,1009110335,지번
1129013100101270000,서울특별시 성북구 보문동2가,서울특별시 성북구 보문로 103 (보문동2가),근린생활1,제1종근린생활시설,1009116089,지번
1129012200101210018,서울특별시 성북구 안암동2가,서울특별시 성북구 고려대로11길 4 (안암동2가),근린생활2,제2종근린생활시설,1009112487,지번
1129012700100740000,서울특별시 성북구 보문동5가,서울특별시 성북구 지봉로24길 40 (보문동5가),근린생활2,제2종근린생활시설,1009114250,지번
1129011600100180000,서울특별시 성북구 동선동1가,서울특별시 성북구 동소문로20길 37-19 (동선동1가),근린생활2,제2종근린생활시설,1009110114,지번
1129010600100670001,서울특별시 성북구 동소문동3가,서울특별시 성북구 동소문로 56 (동소문동3가),근린생활1,제1종근린생활시설,100916415,지번
1129011400103190000,서울특별시 성북구 삼선동4가,서울특별시 성북구 삼선교로 81-2 (삼선동4가),근린생활1,제1종근린생활시설,100919447,지번
1129010800100200000,서울특별시 성북구 동소문동5가,서울특별시 성북구 보문로40길 11-3 (동소문동5가),근린생활1,제1종근린생활시설,100916674,지번
1129010200101180003,서울특별시 성북구 성북동1가,서울특별시 성북구 창경궁로43길 70-7 (성북동1가),근린생활2,제2종근린생활시설,100914555,지번
1129011600100040005,서울특별시 성북구 동선동1가,서울특별시 성북구 동소문로20다길 14 (동선동1가),근린생활1,제1종근린생활시설,1009110094,지번
1129010400100860000,서울특별시 성북구 동소문동1가,서울특별시 성북구 동소문로 23 (동소문동1가),근린생활2,제2종근린생활시설,100916015,지번
1129013300104160008,서울특별시 성북구 정릉동,서울특별시 성북구 보국문로 9 (정릉동),근린생활1,제1종근린생활시설,1009119414,지번
1129012800100410008,서울특별시 성북구 보문동6가,서울특별시 성북구 보문로21길 31 (보문동6가),근린생활1,제1종근린생활시설,1009114570,지번
1129011700102260000,서울특별시 성북구 동선동2가,서울특별시 성북구 보문로30나길 16-2 (동선동2가),근린생활1,제1종근린생활시설,1009110689,지번
1129011700101890000,서울특별시 성북구 동선동2가,서울특별시 성북구 보문로30가길 11-7 (동선동2가),근린생활1,제1종근린생활시설,1009110656,지번
1129012600101020001,서울특별시 성북구 보문동4가,서울특별시 성북구 안암로3길 67 (보문동4가),근린생활2,제2종근린생활시설,1009114058,지번
1129012600100140000,서울특별시 성북구 보문동4가,서울특별시 성북구 보문로 90-2 (보문동4가),근린생활2,제2종근린생활시설,1009113961,지번
1129012600100780004,서울특별시 성북구 보문동4가,서울특별시 성북구 보문로18길 1 (보문동4가),근린생활1,제1종근린생활시설,1009114027,지번
1129011100102160006,서울특별시 성북구 삼선동1가,서울특별시 성북구 삼선교로4길 47-1 (삼선동1가),근린생활1,제1종근린생활시설,100917700,지번
1129010400101400033,서울특별시 성북구 동소문동1가,서울특별시 성북구 동소문로5길 31 (동소문동1가),근린생활2,제2종근린생활시설,10091100190227,지번
1129010300106360000,서울특별시 성북구 돈암동,서울특별시 성북구 북악산로 844 (돈암동),근린생활2,공동주택,100915743,지번
1129010300106360000,서울특별시 성북구 돈암동,서울특별시 성북구 북악산로 844 (돈암동),근린생활2,공동주택,100915744,지번
1129010300106360000,서울특별시 성북구 돈암동,서울특별시 성북구 북악산로 844 (돈암동),근린생활2,공동주택,100915745,지번
1129010300106360000,서울특별시 성북구 돈암동,서울특별시 성북구 북악산로 844 (돈암동),근린생활2,공동주택,100915746,지번
1129010300106360000,서울특별시 성북구 돈암동,서울특별시 성북구 북악산로 844 (돈암동),근린생활2,공동주택,100915747,지번
1129010300106360000,서울특별시 성북구 돈암동,서울특별시 성북구 북악산로 844 (돈암동),근린생활2,공동주택,100915748,지번
1129010300106360000,서울특별시 성북구 돈암동,서울특별시 성북구 북악산로 844 (돈암동),근린생활2,공동주택,100915749,지번
1129010300106360000,서울특별시 성북구 돈암동,서울특별시 성북구 북악산로 844 (돈암동),근린생활2,공동주택,100915750,지번
1129010300106360000,서울특별시 성북구 돈암동,서울특별시 성북구 북악산로 844 (돈암동),근린생활2,공동주택,100915751,지번
1129010300106360000,서울특별시 성북구 돈암동,서울특별시 성북구 북악산로 844 (돈암동),근린생활2,공동주택,100915752,지번
1129010300106360000,서울특별시 성북구 돈암동,서울특별시 성북구 북악산로 844 (돈암동),근린생활2,공동주택,100915753,지번
1129010300106360000,서울특별시 성북구 돈암동,서울특별시 성북구 북악산로 844 (돈암동),근린생활2,공동주택,100915754,지번
1129010300106360000,서울특별시 성북구 돈암동,서울특별시 성북구 동소문로29길 28-3 (돈암동),근린생활2,제2종근린생활시설,100915756,지번
1129010300106360000,서울특별시 성북구 돈암동,서울특별시 성북구 북악산로 844 (돈암동),근린생활2,교육연구시설,100915757,지번
1129010300106360000,서울특별시 성북구 돈암동,서울특별시 성북구 북악산로 844 (돈암동),근린생활2,공동주택,100915762,지번
1129010300106360000,서울특별시 성북구 돈암동,서울특별시 성북구 북악산로 844 (돈암동),근린생활2,공동주택,100915763,지번
1129010300106360000,서울특별시 성북구 돈암동,서울특별시 성북구 북악산로 844 (돈암동),근린생활2,공동주택,100915764,지번
1129010300106360000,서울특별시 성북구 돈암동,서울특별시 성북구 북악산로 844 (돈암동),근린생활2,공동주택,100915765,지번
1129010300106360000,서울특별시 성북구 돈암동,서울특별시 성북구 북악산로 844 (돈암동),근린생활2,공동주택,100915766,지번
1129010200100350005,서울특별시 성북구 성북동1가,서울특별시 성북구 성북로 7 (성북동1가),근린생활2,제2종근린생활시설,100914343,지번
1129013400112120000,서울특별시 성북구 길음동,서울특별시 성북구 삼양로9길 9 (길음동),근린생활1,제1종근린생활시설,1009124686,지번
1129013400111250011,서울특별시 성북구 길음동,서울특별시 성북구 삼양로 86 (길음동),근린생활1,제1종근린생활시설,1009124525,지번
1129013000100350000,서울특별시 성북구 보문동1가,서울특별시 성북구 보문로 136 (보문동1가),근린생활1,제1종근린생활시설,1009115413,지번
1129011600100850075,서울특별시 성북구 동선동1가,서울특별시 성북구 동소문로20다길 29 (동선동1가),근린생활1,제1종근린생활시설,1009110259,지번
1129010200100670000,서울특별시 성북구 성북동1가,서울특별시 성북구 성북로 19-4 (성북동1가),근린생활2,제2종근린생활시설,100914391,지번
1129010200100820000,서울특별시 성북구 성북동1가,서울특별시 성북구 창경궁로43길 36 (성북동1가),근린생활1,제1종근린생활시설,100914404,지번
1129010100101770027,서울특별시 성북구 성북동,서울특별시 성북구 성북로8가길 9 (성북동),근린생활1,제1종근린생활시설,100913156,지번
1129010100101350006,서울특별시 성북구 성북동,서울특별시 성북구 성북로 47-1 (성북동),근린생활2,제2종근린생활시설,100912774,지번
1129010100101310110,서울특별시 성북구 성북동,서울특별시 성북구 성북로 45-1 (성북동),근린생활1,제1종근린생활시설,100912727,지번
1129010200100960000,서울특별시 성북구 성북동1가,서울특별시 성북구 성북로7길 19 (성북동1가),근린생활2,제2종근린생활시설,100914415,지번
1129010200101100012,서울특별시 성북구 성북동1가,서울특별시 성북구 창경궁로43길 41 (성북동1가),근린생활2,제2종근린생활시설,100914521,지번
1129010100101330058,서울특별시 성북구 성북동,서울특별시 성북구 성북로 57 (성북동),근린생활2,제2종근린생활시설,100912749,지번
1129011800101330001,서울특별시 성북구 동선동3가,서울특별시 성북구 동소문로26가길 10 (동선동3가),근린생활2,제2종근린생활시설,1009110965,지번
1129011400103380000,서울특별시 성북구 삼선동4가,서울특별시 성북구 보문로 187 (삼선동4가),근린생활1,제1종근린생활시설,100919466,지번
1129013300106900004,서울특별시 성북구 정릉동,서울특별시 성북구 솔샘로 16-11 (정릉동),근린생활1,제1종근린생활시설,1009120442,지번
1129013300102580011,서울특별시 성북구 정릉동,서울특별시 성북구 솔샘로24길 62 (정릉동),근린생활1,제1종근린생활시설,1009118219,지번
1129013400105400007,서울특별시 성북구 길음동,,근린생활2,제2종근린생활시설,1009123787,지번
1129013400105400007,서울특별시 성북구 길음동,,근린생활2,제2종근린생활시설,1009123788,지번
1129013300101400008,서울특별시 성북구 정릉동,서울특별시 성북구 정릉로26길 59 (정릉동),근린생활1,제1종근린생활시설,1009117150,지번
1129013300102950011,서울특별시 성북구 정릉동,서울특별시 성북구 보국문로 101 (정릉동),근린생활2,제2종근린생활시설,1009118650,지번
1129013400108770195,서울특별시 성북구 길음동,서울특별시 성북구 동소문로 225-3 (길음동),근린생활2,제2종근린생활시설,1009124189,지번
1129013100101420001,서울특별시 성북구 보문동2가,서울특별시 성북구 지봉로24길 6-14 (보문동2가),근린생활2,제2종근린생활시설,10091100182984,지번
1129011400103490001,서울특별시 성북구 삼선동4가,서울특별시 성북구 보문로 190 (삼선동4가),근린생활2,제1종근린생활시설,100919499,지번
1129011400103490001,서울특별시 성북구 삼선동4가,서울특별시 성북구 보문로 192 (삼선동4가),근린생활2,제2종근린생활시설,100919500,지번
1129011000100020021,서울특별시 성북구 동소문동7가,서울특별시 성북구 아리랑로 35-1 (동소문동7가),근린생활2,제2종근린생활시설,100917073,지번
1129012100102350000,서울특별시 성북구 안암동1가,서울특별시 성북구 고려대로7나길 17 (안암동1가),근린생활2,제2종근린생활시설,1009112113,지번
1129012700101590002,서울특별시 성북구 보문동5가,서울특별시 성북구 보문로 77-1 (보문동5가),근린생활1,제1종근린생활시설,1009114333,지번
1129011200101950000,서울특별시 성북구 삼선동2가,서울특별시 성북구 삼선교로16길 40-6 (삼선동2가),근린생활2,제2종근린생활시설,100918434,지번
1129013100100740001,서울특별시 성북구 보문동2가,서울특별시 성북구 지봉로23길 13 (보문동2가),근린생활2,제2종근린생활시설,1009116016,지번
1129010900101720010,서울특별시 성북구 동소문동6가,서울특별시 성북구 동소문로17길 33 (동소문동6가),근린생활1,제1종근린생활시설,100916942,지번
1129011000100020006,서울특별시 성북구 동소문동7가,서울특별시 성북구 동소문로13나길 108 (동소문동7가),근린생활2,제2종근린생활시설,100917061,지번
1129011100100980000,서울특별시 성북구 삼선동1가,서울특별시 성북구 삼선교로10가길 14 (삼선동1가),근린생활2,제2종근린생활시설,10091100208314,지번
1129010500101130003,서울특별시 성북구 동소문동2가,서울특별시 성북구 동소문로6길 20 (동소문동2가),근린생활1,제1종근린생활시설,100916189,지번
1129011700101230000,서울특별시 성북구 동선동2가,서울특별시 성북구 동소문로22길 57-16 (동선동2가),근린생활2,제2종근린생활시설,1009110576,지번
1129013000101280023,서울특별시 성북구 보문동1가,서울특별시 성북구 고려대로 1 (보문동1가),근린생활2,제2종근린생활시설,1009115698,지번
1129011600100020014,서울특별시 성북구 동선동1가,서울특별시 성북구 동소문로20나길 17 (동선동1가),근린생활1,제1종근린생활시설,1009110069,지번
1129011600101020000,서울특별시 성북구 동선동1가,서울특별시 성북구 동소문로22길 13 (동선동1가),근린생활1,제1종근린생활시설,1009110371,지번
1129011600100850078,서울특별시 성북구 동선동1가,서울특별시 성북구 동소문로20나길 30 (동선동1가),근린생활1,제1종근린생활시설,1009110262,지번
1129011600100850078,서울특별시 성북구 동선동1가,서울특별시 성북구 동소문로20나길 30 (동선동1가),근린생활1,제1종근린생활시설,1009110263,지번
1129011900101650000,서울특별시 성북구 동선동4가,서울특별시 성북구 동소문로23길 16-20 (동선동4가),근린생활1,제1종근린생활시설,10091100189807,지번
1129011600100780000,서울특별시 성북구 동선동1가,서울특별시 성북구 동소문로22길 47 (동선동1가),근린생활1,제1종근린생활시설,1009110152,지번
1129011500100280003,서울특별시 성북구 삼선동5가,서울특별시 성북구 삼선교로24길 18 (삼선동5가),근린생활2,제2종근린생활시설,100919592,지번
1129011400103440001,서울특별시 성북구 삼선동4가,서울특별시 성북구 보문로 193 (삼선동4가),근린생활2,제2종근린생활시설,100919479,지번
1129010800100530001,서울특별시 성북구 동소문동5가,서울특별시 성북구 동소문로 86-2 (동소문동5가),근린생활2,제2종근린생활시설,100916686,지번
1129011400100550000,서울특별시 성북구 삼선동4가,서울특별시 성북구 삼선교로 67-11 (삼선동4가),근린생활1,제1종근린생활시설,100919335,지번
1129011900101060002,서울특별시 성북구 동선동4가,서울특별시 성북구 동소문로 119 (동선동4가),근린생활1,제1종근린생활시설,1009111268,지번
1129011600100030003,서울특별시 성북구 동선동1가,서울특별시 성북구 동소문로20나길 16 (동선동1가),근린생활2,제2종근린생활시설,1009110081,지번
1129011800100220002,서울특별시 성북구 동선동3가,서울특별시 성북구 동소문로28길 38 (동선동3가),근린생활2,제2종근린생활시설,1009110857,지번
1129010500102260000,서울특별시 성북구 동소문동2가,서울특별시 성북구 동소문로 20 (동소문동2가),근린생활1,제1종근린생활시설,100916296,지번
1129010500100460000,서울특별시 성북구 동소문동2가,서울특별시 성북구 동소문로2길 5 (동소문동2가),근린생활2,제2종근린생활시설,100916132,지번
1129010500102830000,서울특별시 성북구 동소문동2가,서울특별시 성북구 동소문로2길 57 (동소문동2가),근린생활1,제1종근린생활시설,100916338,지번
1129010600100310000,서울특별시 성북구 동소문동3가,서울특별시 성북구 동소문로 38 (동소문동3가),근린생활1,제1종근린생활시설,100916386,지번
1129013100101010000,서울특별시 성북구 보문동2가,서울특별시 성북구 보문로 117-4 (보문동2가),근린생활1,제1종근린생활시설,1009116067,지번
1129010900101460000,서울특별시 성북구 동소문동6가,서울특별시 성북구 아리랑로3길 8 (동소문동6가),근린생활1,제1종근린생활시설,100916915,지번
1129012000100390000,서울특별시 성북구 동선동5가,서울특별시 성북구 아리랑로4길 15 (동선동5가),근린생활1,제1종근린생활시설,1009111599,지번
1129010200100350017,서울특별시 성북구 성북동1가,서울특별시 성북구 창경궁로 319 (성북동1가),근린생활2,제2종근린생활시설,100914351,지번
1129012600100150000,서울특별시 성북구 보문동4가,서울특별시 성북구 보문로 90-1 (보문동4가),근린생활1,제1종근린생활시설,1009113962,지번
1129011600100850149,서울특별시 성북구 동선동1가,서울특별시 성북구 동소문로24가길 19 (동선동1가),근린생활1,제1종근린생활시설,1009110198,지번
1129010800101000000,서울특별시 성북구 동소문동5가,서울특별시 성북구 동소문로20길 28-8 (동소문동5가),근린생활2,제2종근린생활시설,100916767,지번
1129011700100040000,서울특별시 성북구 동선동2가,서울특별시 성북구 동소문로22길 64 (동선동2가),근린생활2,제2종근린생활시설,1009110461,지번
1129013100101870000,서울특별시 성북구 보문동2가,서울특별시 성북구 지봉로24길 6-11 (보문동2가),근린생활1,제1종근린생활시설,1009116144,지번
1129011700100670000,서울특별시 성북구 동선동2가,서울특별시 성북구 보문로30라길 5-2 (동선동2가),근린생활2,제2종근린생활시설,1009110537,지번
1129010800100630010,서울특별시 성북구 동소문동5가,서울특별시 성북구 보문로40길 30 (동소문동5가),근린생활1,제1종근린생활시설,100916725,지번
1129011600100010026,서울특별시 성북구 동선동1가,서울특별시 성북구 동소문로22길 6 (동선동1가),근린생활1,제1종근린생활시설,1009110066,지번
1129011400103240002,서울특별시 성북구 삼선동4가,서울특별시 성북구 삼선교로23가길 7 (삼선동4가),근린생활2,제2종근린생활시설,100919452,지번
1129010500101710000,서울특별시 성북구 동소문동2가,서울특별시 성북구 동소문로6길 13 (동소문동2가),근린생활1,제1종근린생활시설,100916245,지번
1129010500101490000,서울특별시 성북구 동소문동2가,서울특별시 성북구 동소문로2길 45 (동소문동2가),근린생활1,제1종근린생활시설,100916222,지번
1129013600101170000,서울특별시 성북구 하월곡동,서울특별시 성북구 월계로 8 (하월곡동),근린생활1,제1종근린생활시설,1009131098,지번
1129010500100680000,서울특별시 성북구 동소문동2가,서울특별시 성북구 동소문로6길 10-13 (동소문동2가),근린생활1,제1종근린생활시설,100916153,지번
1129010500100470000,서울특별시 성북구 동소문동2가,서울특별시 성북구 동소문로2길 7 (동소문동2가),근린생활1,제1종근린생활시설,100916133,지번
1129010500100760000,서울특별시 성북구 동소문동2가,서울특별시 성북구 동소문로2길 15 (동소문동2가),근린생활2,제2종근린생활시설,100916160,지번
1129010500102860002,서울특별시 성북구 동소문동2가,서울특별시 성북구 동소문로2길 65 (동소문동2가),근린생활2,제2종근린생활시설,100916341,지번
1129010500102910000,서울특별시 성북구 동소문동2가,서울특별시 성북구 동소문로8길 10 (동소문동2가),근린생활1,단독주택,100916346,지번
1129010500102910000,서울특별시 성북구 동소문동2가,서울특별시 성북구 동소문로8길 10 (동소문동2가),근린생활1,제1종근린생활시설,100916347,지번
1129013300107710071,서울특별시 성북구 정릉동,서울특별시 성북구 보국문로 157 (정릉동),근린생활2,제2종근린생활시설,1009121130,지번
1129012200100870000,서울특별시 성북구 안암동2가,서울특별시 성북구 고려대로11길 20 (안암동2가),근린생활2,제2종근린생활시설,1009112341,지번
1129011600100850038,서울특별시 성북구 동선동1가,서울특별시 성북구 동소문로24길 31 (동선동1가),근린생활1,제1종근린생활시설,1009110219,지번
1129011900101780000,서울특별시 성북구 동선동4가,서울특별시 성북구 동소문로23길 20 (동선동4가),근린생활1,제1종근린생활시설,1009111331,지번
1129011500103150000,서울특별시 성북구 삼선동5가,서울특별시 성북구 보문로 164 (삼선동5가),근린생활2,제2종근린생활시설,10091100184524,지번
1129013300100160449,서울특별시 성북구 정릉동,서울특별시 성북구 정릉로 344-1 (정릉동),근린생활2,제2종근린생활시설,1009116870,지번
1129013300109660057,서울특별시 성북구 정릉동,서울특별시 성북구 아리랑로 119 (정릉동),근린생활1,제1종근린생활시설,1009121710,지번
1129010400101070000,서울특별시 성북구 동소문동1가,서울특별시 성북구 성북로2길 40 (동소문동1가),근린생활1,제1종근린생활시설,100916028,지번
1129010200100840000,서울특별시 성북구 성북동1가,서울특별시 성북구 창경궁로43길 34-4 (성북동1가),근린생활2,제2종근린생활시설,10091100198332,지번
1129010900100080000,서울특별시 성북구 동소문동6가,서울특별시 성북구 동소문로15길 5 (동소문동6가),근린생활2,제2종근린생활시설,100916811,지번
1129011600100020002,서울특별시 성북구 동선동1가,서울특별시 성북구 동소문로22길 14 (동선동1가),근린생활1,제1종근린생활시설,1009110070,지번
1129011600100020002,서울특별시 성북구 동선동1가,서울특별시 성북구 동소문로22길 14 (동선동1가),근린생활1,제1종근린생활시설,1009110436,지번
1129012200101210007,서울특별시 성북구 안암동2가,서울특별시 성북구 고려대로 29-1 (안암동2가),근린생활1,제1종근린생활시설,1009112483,지번
1129010700101910000,서울특별시 성북구 동소문동4가,서울특별시 성북구 동소문로11길 41 (동소문동4가),근린생활1,제1종근린생활시설,100916564,지번
1129011000100020017,서울특별시 성북구 동소문동7가,서울특별시 성북구 아리랑로 37-1 (동소문동7가),근린생활1,제1종근린생활시설,100917071,지번
1129010200100150000,서울특별시 성북구 성북동1가,서울특별시 성북구 창경궁로43길 17 (성북동1가),근린생활1,제1종근린생활시설,100914316,지번
1129010200100170000,서울특별시 성북구 성북동1가,서울특별시 성북구 성북로7길 35 (성북동1가),근린생활2,제2종근린생활시설,100914318,지번
1129010400100060000,서울특별시 성북구 동소문동1가,서울특별시 성북구 성북로6길 2-6 (동소문동1가),근린생활2,제2종근린생활시설,100915933,지번
1129010200101090003,서울특별시 성북구 성북동1가,서울특별시 성북구 성북로5길 40 (성북동1가),근린생활2,제2종근린생활시설,100914497,지번
1129010700101670000,서울특별시 성북구 동소문동4가,서울특별시 성북구 동소문로11길 23 (동소문동4가),근린생활1,제1종근린생활시설,100916548,지번
1129010500100270000,서울특별시 성북구 동소문동2가,서울특별시 성북구 동소문로6길 4-10 (동소문동2가),근린생활1,제1종근린생활시설,100916111,지번
1129010500100310000,서울특별시 성북구 동소문동2가,서울특별시 성북구 동소문로6길 4-20 (동소문동2가),근린생활1,제1종근린생활시설,100916115,지번
1129010800101180009,서울특별시 성북구 동소문동5가,서울특별시 성북구 보문로38길 53 (동소문동5가),근린생활2,제2종근린생활시설,100916784,지번
1129011600100350000,서울특별시 성북구 동선동1가,서울특별시 성북구 동소문로20길 29-12 (동선동1가),근린생활2,제2종근린생활시설,1009110123,지번
1129013200100510000,서울특별시 성북구 보문동3가,서울특별시 성북구 보문사길 6-16 (보문동3가),근린생활2,단독주택,1009116210,지번
1129013200100510000,서울특별시 성북구 보문동3가,서울특별시 성북구 보문사길 6-16 (보문동3가),근린생활2,제2종근린생활시설,1009116211,지번
1129010200100550000,서울특별시 성북구 성북동1가,서울특별시 성북구 성북로 15-18 (성북동1가),근린생활2,제2종근린생활시설,10091100198330,지번
1129010700100040000,서울특별시 성북구 동소문동4가,서울특별시 성북구 동소문로7길 6 (동소문동4가),근린생활1,제1종근린생활시설,100916435,지번
1129010900101280001,서울특별시 성북구 동소문동6가,서울특별시 성북구 동소문로 85 (동소문동6가),근린생활1,제1종근린생활시설,100916901,지번
1129011400103210000,서울특별시 성북구 삼선동4가,서울특별시 성북구 삼선교로23길 3 (삼선동4가),근린생활1,제1종근린생활시설,100919449,지번
1129011400103210000,서울특별시 성북구 삼선동4가,서울특별시 성북구 삼선교로23길 3 (삼선동4가),근린생활1,단독주택,100919450,지번
1129011900100890000,서울특별시 성북구 동선동4가,서울특별시 성북구 동소문로23길 7-5 (동선동4가),근린생활1,제1종근린생활시설,1009111253,지번
1129013300100450039,서울특별시 성북구 정릉동,서울특별시 성북구 북악산로 842 (정릉동),근린생활2,제2종근린생활시설,1009116935,지번
1129013000101310000,서울특별시 성북구 보문동1가,서울특별시 성북구 고려대로1길 7 (보문동1가),근린생활1,제1종근린생활시설,1009115701,지번
1129011100100090001,서울특별시 성북구 삼선동1가,서울특별시 성북구 창경궁로 322 (삼선동1가),근린생활1,제1종근린생활시설,100917316,지번
1129010700102260000,서울특별시 성북구 동소문동4가,서울특별시 성북구 동소문로13가길 18 (동소문동4가),근린생활1,제1종근린생활시설,100916589,지번
1129010200100660000,서울특별시 성북구 성북동1가,서울특별시 성북구 성북로 19-3 (성북동1가),근린생활1,제1종근린생활시설,100914390,지번
1129011900100870000,서울특별시 성북구 동선동4가,,근린생활2,제2종근린생활시설,1009111249,지번
1129011900100870000,서울특별시 성북구 동선동4가,,근린생활2,제2종근린생활시설,1009111250,지번
1129013100100010002,서울특별시 성북구 보문동2가,서울특별시 성북구 지봉로23길 52 (보문동2가),근린생활2,제2종근린생활시설,1009115887,지번
1129011600100850034,서울특별시 성북구 동선동1가,서울특별시 성북구 동소문로24길 23 (동선동1가),근린생활1,제1종근린생활시설,1009110216,지번
1129011900101070001,서울특별시 성북구 동선동4가,서울특별시 성북구 동소문로 119-1 (동선동4가),근린생활1,제1종근린생활시설,1009111269,지번
1129011800100760000,서울특별시 성북구 동선동3가,서울특별시 성북구 동소문로26가길 40 (동선동3가),근린생활1,제1종근린생활시설,1009110908,지번
1129011800100310000,서울특별시 성북구 동선동3가,서울특별시 성북구 동소문로26라길 25 (동선동3가),근린생활1,제1종근린생활시설,1009110865,지번
1129010100101330042,서울특별시 성북구 성북동,서울특별시 성북구 성북로 63 (성북동),근린생활1,제1종근린생활시설,100912737,지번
1129010500102110000,서울특별시 성북구 동소문동2가,서울특별시 성북구 동소문로6길 3-4 (동소문동2가),근린생활1,제1종근린생활시설,100916281,지번
1129010500100320000,서울특별시 성북구 동소문동2가,서울특별시 성북구 동소문로6길 4-22 (동소문동2가),근린생활2,제2종근린생활시설,100916117,지번
1129010600100450000,서울특별시 성북구 동소문동3가,서울특별시 성북구 동소문로2길 97 (동소문동3가),근린생활2,제2종근린생활시설,100916396,지번
1129011800101830000,서울특별시 성북구 동선동3가,서울특별시 성북구 보문로34가길 47 (동선동3가),근린생활1,제1종근린생활시설,1009111017,지번
1129011900100400000,서울특별시 성북구 동선동4가,서울특별시 성북구 아리랑로 8-5 (동선동4가),근린생활2,제2종근린생활시설,1009111218,지번
1129012000100020000,서울특별시 성북구 동선동5가,서울특별시 성북구 아리랑로4길 5 (동선동5가),근린생활2,제2종근린생활시설,1009111569,지번
1129011700100470000,서울특별시 성북구 동선동2가,서울특별시 성북구 보문로30라길 15 (동선동2가),근린생활2,제2종근린생활시설,1009110511,지번
1129010100101330059,서울특별시 성북구 성북동,서울특별시 성북구 성북로 55-1 (성북동),근린생활2,제2종근린생활시설,100912750,지번
1129011800101800000,서울특별시 성북구 동선동3가,서울특별시 성북구 보문로34가길 41 (동선동3가),근린생활1,제1종근린생활시설,1009111014,지번
1129012100100130000,서울특별시 성북구 안암동1가,서울특별시 성북구 보문로30길 40-1 (안암동1가),근린생활2,제2종근린생활시설,1009111898,지번
1129011900100420000,서울특별시 성북구 동선동4가,서울특별시 성북구 아리랑로 14 (동선동4가),근린생활2,제2종근린생활시설,1009111220,지번
1129010700101230000,서울특별시 성북구 동소문동4가,서울특별시 성북구 동소문로 59 (동소문동4가),근린생활1,제1종근린생활시설,100916521,지번
1129011700100650000,서울특별시 성북구 동선동2가,서울특별시 성북구 보문로30라길 9 (동선동2가),근린생활2,제2종근린생활시설,1009110536,지번
1129010500100950000,서울특별시 성북구 동소문동2가,서울특별시 성북구 동소문로6길 16-4 (동소문동2가),근린생활2,제2종근린생활시설,100916177,지번
1129011500101000007,서울특별시 성북구 삼선동5가,서울특별시 성북구 보문로29길 68 (삼선동5가),근린생활2,제2종근린생활시설,1009110039,지번
1129010100100010145,서울특별시 성북구 성북동,서울특별시 성북구 선잠로2라길 33 (성북동),근린생활1,제1종근린생활시설,100911815,지번
1129013300107710007,서울특별시 성북구 정릉동,서울특별시 성북구 보국문로 145 (정릉동),판매시설,판매시설,1009121112,지번
1129013300107770001,서울특별시 성북구 정릉동,서울특별시 성북구 보국문로 156 (정릉동),근린생활2,제2종근린생활시설,1009121146,지번
1129013300109660101,서울특별시 성북구 정릉동,서울특별시 성북구 보국문로32길 3 (정릉동),근린생활1,제1종근린생활시설,1009121715,지번
1129013300109660086,서울특별시 성북구 정릉동,서울특별시 성북구 아리랑로19길 16 (정릉동),근린생활1,제1종근린생활시설,1009121712,지번
1129011100102650000,서울특별시 성북구 삼선동1가,서울특별시 성북구 삼선교로10길 34 (삼선동1가),근린생활1,제1종근린생활시설,100917792,지번
1129011000100150000,서울특별시 성북구 동소문동7가,서울특별시 성북구 동소문로13나길 109 (동소문동7가),근린생활2,제2종근린생활시설,100917112,지번
1129011000100150000,서울특별시 성북구 동소문동7가,서울특별시 성북구 동소문로13나길 107 (동소문동7가),근린생활2,단독주택,100917113,지번
1129010700100140000,서울특별시 성북구 동소문동4가,서울특별시 성북구 동소문로13가길 73 (동소문동4가),근린생활1,제1종근린생활시설,100916443,지번
1129010100101550015,서울특별시 성북구 성북동,서울특별시 성북구 성북로 66 (성북동),근린생활2,제2종근린생활시설,100912857,지번
1129011400103040000,서울특별시 성북구 삼선동4가,서울특별시 성북구 삼선교로 71 (삼선동4가),근린생활2,제2종근린생활시설,100919437,지번
1129011500100140000,서울특별시 성북구 삼선동5가,서울특별시 성북구 삼선교로18길 59 (삼선동5가),근린생활1,제1종근린생활시설,100919583,지번
1129010400100940000,서울특별시 성북구 동소문동1가,서울특별시 성북구 동소문로5길 2-5 (동소문동1가),근린생활1,제1종근린생활시설,100916020,지번
1129012000100300000,서울특별시 성북구 동선동5가,서울특별시 성북구 아리랑로 24 (동선동5가),근린생활1,제1종근린생활시설,1009111593,지번
1129013300100450020,서울특별시 성북구 정릉동,서울특별시 성북구 북악산로 852 (정릉동),근린생활2,제2종근린생활시설,1009116933,지번
1129011500100010002,서울특별시 성북구 삼선동5가,서울특별시 성북구 삼선교로18길 31 (삼선동5가),근린생활2,제2종근린생활시설,100919569,지번
1129011100102970000,서울특별시 성북구 삼선동1가,서울특별시 성북구 삼선교로4길 134 (삼선동1가),근린생활1,제1종근린생활시설,100918175,지번
1129011600100040013,서울특별시 성북구 동선동1가,서울특별시 성북구 동소문로20다길 2 (동선동1가),근린생활2,제2종근린생활시설,1009110102,지번
1129011600100930000,서울특별시 성북구 동선동1가,서울특별시 성북구 동소문로20가길 34 (동선동1가),근린생활1,제2종근린생활시설,1009110366,지번
1129011600100930000,서울특별시 성북구 동선동1가,서울특별시 성북구 동소문로20가길 32 (동선동1가),근린생활1,제1종근린생활시설,1009110367,지번
1129011600100850088,서울특별시 성북구 동선동1가,서울특별시 성북구 동소문로22길 25 (동선동1가),근린생활1,제1종근린생활시설,1009110290,지번
1129011600100850088,서울특별시 성북구 동선동1가,서울특별시 성북구 동소문로20다길 24 (동선동1가),근린생활1,제1종근린생활시설,1009110291,지번
1129011600100040009,서울특별시 성북구 동선동1가,서울특별시 성북구 동소문로20다길 6 (동선동1가),근린생활2,제2종근린생활시설,1009110098,지번
1129013300101920263,서울특별시 성북구 정릉동,서울특별시 성북구 서경로 55 (정릉동),근린생활2,제2종근린생활시설,1009117753,지번
1129013300102660143,서울특별시 성북구 정릉동,서울특별시 성북구 서경로21가길 1 (정릉동),근린생활2,제2종근린생활시설,1009118350,지번
1129013300102660391,서울특별시 성북구 정릉동,서울특별시 성북구 서경로21길 9 (정릉동),근린생활2,제2종근린생활시설,1009118436,지번
1129013300102270164,서울특별시 성북구 정릉동,서울특별시 성북구 서경로18길 6 (정릉동),근린생활2,제2종근린생활시설,1009118127,지번
1129010600100250000,서울특별시 성북구 동소문동3가,서울특별시 성북구 동소문로10길 6 (동소문동3가),근린생활1,제1종근린생활시설,100916383,지번
1129010500100420000,서울특별시 성북구 동소문동2가,서울특별시 성북구 동소문로6길 4-3 (동소문동2가),근린생활2,제2종근린생활시설,100916124,지번
1129010600100480000,서울특별시 성북구 동소문동3가,서울특별시 성북구 동소문로10길 8 (동소문동3가),근린생활2,제2종근린생활시설,100916397,지번
1129010500101320000,서울특별시 성북구 동소문동2가,서울특별시 성북구 동소문로6길 20-23 (동소문동2가),근린생활1,제1종근린생활시설,100916207,지번
1129010600100110000,서울특별시 성북구 동소문동3가,서울특별시 성북구 동소문로 32 (동소문동3가),근린생활1,제1종근린생활시설,100916374,지번
1129011100102640000,서울특별시 성북구 삼선동1가,서울특별시 성북구 삼선교로10길 38 (삼선동1가),근린생활1,제1종근린생활시설,100917791,지번
1129012300100350000,서울특별시 성북구 안암동3가,서울특별시 성북구 고려대로10길 31 (안암동3가),근린생활1,제1종근린생활시설,1009112710,지번
1129011600100040004,서울특별시 성북구 동선동1가,서울특별시 성북구 동소문로20길 29-17 (동선동1가),근린생활2,제2종근린생활시설,1009110093,지번
1129011700100180001,서울특별시 성북구 동선동2가,서울특별시 성북구 보문로30라길 24 (동선동2가),근린생활1,제1종근린생활시설,1009110476,지번
1129012800100010003,서울특별시 성북구 보문동6가,서울특별시 성북구 보문사길 49 (보문동6가),근린생활1,제1종근린생활시설,1009114462,지번
1129012700101450003,서울특별시 성북구 보문동5가,서울특별시 성북구 보문로19길 6 (보문동5가),근린생활2,제2종근린생활시설,1009114318,지번
1129012700101490000,서울특별시 성북구 보문동5가,서울특별시 성북구 지봉로24길 67 (보문동5가),근린생활1,제1종근린생활시설,1009114325,지번
1129012700101810000,서울특별시 성북구 보문동5가,서울특별시 성북구 보문로19길 13 (보문동5가),근린생활1,제1종근린생활시설,1009114368,지번
1129010200100420002,서울특별시 성북구 성북동1가,서울특별시 성북구 성북로5길 2 (성북동1가),근린생활1,제1종근린생활시설,100914366,지번
1129013600100600154,서울특별시 성북구 하월곡동,서울특별시 성북구 오패산로 32 (하월곡동),근린생활1,제1종근린생활시설,1009129268,지번
1129013300100160275,서울특별시 성북구 정릉동,서울특별시 성북구 정릉로34길 26-3 (정릉동),근린생활2,제2종근린생활시설,1009116764,지번
1129011500102740001,서울특별시 성북구 삼선동5가,서울특별시 성북구 보문로 157-1 (삼선동5가),근린생활1,제1종근린생활시설,100919878,지번
1129010800100630001,서울특별시 성북구 동소문동5가,서울특별시 성북구 동소문로18길 10 (동소문동5가),근린생활1,제1종근린생활시설,100916717,지번
1129010200100120000,서울특별시 성북구 성북동1가,서울특별시 성북구 창경궁로43길 11 (성북동1가),근린생활1,제1종근린생활시설,100914313,지번
1129010400101400025,서울특별시 성북구 동소문동1가,서울특별시 성북구 성북로4길 38-2 (동소문동1가),근린생활2,제2종근린생활시설,100916061,지번
1129011600100040014,서울특별시 성북구 동선동1가,서울특별시 성북구 동소문로20길 29 (동선동1가),근린생활2,제2종근린생활시설,1009110103,지번
1129011600100040012,서울특별시 성북구 동선동1가,서울특별시 성북구 동소문로20길 29-5 (동선동1가),근린생활1,제1종근린생활시설,1009110101,지번
1129011600100040008,서울특별시 성북구 동선동1가,서울특별시 성북구 동소문로20길 29-11 (동선동1가),근린생활2,제2종근린생활시설,1009110097,지번
1129013300106460003,서울특별시 성북구 정릉동,서울특별시 성북구 정릉로10가길 25 (정릉동),근린생활2,제2종근린생활시설,1009120168,지번
1129013400111700001,서울특별시 성북구 길음동,서울특별시 성북구 삼양로 73-1 (길음동),근린생활2,제2종근린생활시설,10091100228635,지번
1129010300100480084,서울특별시 성북구 돈암동,서울특별시 성북구 동소문로 179-20 (돈암동),근린생활1,단독주택,100914955,지번
1129010300100480084,서울특별시 성북구 돈암동,서울특별시 성북구 동소문로 179-20 (돈암동),근린생활1,제1종근린생활시설,100914956,지번
1129010300100830007,서울특별시 성북구 돈암동,서울특별시 성북구 북악산로22길 29 (돈암동),근린생활2,제2종근린생활시설,100915042,지번
1129011600100660000,서울특별시 성북구 동선동1가,서울특별시 성북구 동소문로20길 37-14 (동선동1가),근린생활1,제1종근린생활시설,1009110144,지번
1129012600100290000,서울특별시 성북구 보문동4가,서울특별시 성북구 고려대로2길 56 (보문동4가),근린생활2,제2종근린생활시설,1009113971,지번
1129011800101630000,서울특별시 성북구 동선동3가,서울특별시 성북구 동소문로26길 18-14 (동선동3가),근린생활2,제2종근린생활시설,1009111000,지번
1129010200101040045,서울특별시 성북구 성북동1가,서울특별시 성북구 성북로7길 46 (성북동1가),근린생활2,제2종근린생활시설,100914439,지번
1129010200101040044,서울특별시 성북구 성북동1가,서울특별시 성북구 성북로7길 44 (성북동1가),근린생활2,제2종근린생활시설,100914438,지번
1129013300104160010,서울특별시 성북구 정릉동,서울특별시 성북구 보국문로 7-6 (정릉동),근린생활1,제1종근린생활시설,1009119415,지번
1129013300104330007,서울특별시 성북구 정릉동,서울특별시 성북구 정릉로24길 57-72 (정릉동),근린생활1,제1종근린생활시설,1009119503,지번
1129011600100630000,서울특별시 성북구 동선동1가,서울특별시 성북구 동소문로20길 37-20 (동선동1가),근린생활1,제1종근린생활시설,1009110141,지번
1129011600100330000,서울특별시 성북구 동선동1가,서울특별시 성북구 동소문로20길 29-16 (동선동1가),근린생활1,제1종근린생활시설,1009110121,지번
1129011600100070000,서울특별시 성북구 동선동1가,서울특별시 성북구 동소문로20길 37-3 (동선동1가),근린생활1,제1종근린생활시설,1009110106,지번
1129011100102880001,서울특별시 성북구 삼선동1가,서울특별시 성북구 삼선교로10바길 34-28 (삼선동1가),근린생활1,제1종근린생활시설,100918045,지번
1129011100102880001,서울특별시 성북구 삼선동1가,서울특별시 성북구 삼선교로10바길 34-28 (삼선동1가),근린생활1,제1종근린생활시설,100918046,지번
1129012000101470023,서울특별시 성북구 동선동5가,서울특별시 성북구 아리랑로 46-1 (동선동5가),근린생활1,제1종근린생활시설,1009111789,지번
1129011000101100001,서울특별시 성북구 동소문동7가,서울특별시 성북구 아리랑로7길 5 (동소문동7가),근린생활2,제2종근린생활시설,100917243,지번
1129010900100170000,서울특별시 성북구 동소문동6가,서울특별시 성북구 동소문로13길 4 (동소문동6가),근린생활2,제2종근린생활시설,100917034,지번
1129010400100200000,서울특별시 성북구 동소문동1가,서울특별시 성북구 성북로2길 4 (동소문동1가),근린생활2,제2종근린생활시설,100915947,지번
1129010100101840068,서울특별시 성북구 성북동,서울특별시 성북구 성북로 22-1 (성북동),근린생활1,제1종근린생활시설,100913314,지번
1129010900100270013,서울특별시 성북구 동소문동6가,서울특별시 성북구 동소문로15길 35 (동소문동6가),근린생활1,제1종근린생활시설,100916819,지번
1129013300102900026,서울특별시 성북구 정릉동,서울특별시 성북구 보국문로 94 (정릉동),근린생활2,제2종근린생활시설,1009118607,지번
1129011900100170000,서울특별시 성북구 동선동4가,서울특별시 성북구 아리랑로2길 5 (동선동4가),근린생활2,제2종근린생활시설,1009111199,지번
1129011600100710000,서울특별시 성북구 동선동1가,서울특별시 성북구 동소문로20길 37-8 (동선동1가),근린생활2,제2종근린생활시설,1009110147,지번
1129011600100850092,서울특별시 성북구 동선동1가,,근린생활1,제1종근린생활시설,1009110304,지번
1129011600100850092,서울특별시 성북구 동선동1가,,근린생활1,단독주택,1009110305,지번
1129012100100220000,서울특별시 성북구 안암동1가,서울특별시 성북구 고려대로7길 62 (안암동1가),근린생활2,제2종근린생활시설,1009111905,지번
1129011600100920001,서울특별시 성북구 동선동1가,서울특별시 성북구 동소문로24길 12 (동선동1가),근린생활2,제2종근린생활시설,1009110352,지번
1129011600101190007,서울특별시 성북구 동선동1가,서울특별시 성북구 동소문로20가길 57 (동선동1가),근린생활2,제2종근린생활시설,1009110384,지번
1129010100100550001,서울특별시 성북구 성북동,서울특별시 성북구 선잠로 12-11 (성북동),근린생활2,제2종근린생활시설,100912323,지번
1129011900101020001,서울특별시 성북구 동선동4가,서울특별시 성북구 아리랑로2길 24 (동선동4가),근린생활2,제2종근린생활시설,1009111263,지번
1129010300106090001,서울특별시 성북구 돈암동,서울특별시 성북구 성북로4길 52 (돈암동),근린생활1,공동주택,100915648,지번
1129010300106090001,서울특별시 성북구 돈암동,서울특별시 성북구 성북로4길 52 (돈암동),근린생활1,공동주택,100915649,지번
1129010300106090001,서울특별시 성북구 돈암동,서울특별시 성북구 성북로4길 52 (돈암동),근린생활1,공동주택,100915650,지번
1129010300106090001,서울특별시 성북구 돈암동,서울특별시 성북구 성북로4길 52 (돈암동),근린생활1,공동주택,100915651,지번
1129010300106090001,서울특별시 성북구 돈암동,서울특별시 성북구 성북로4길 52 (돈암동),근린생활1,공동주택,100915652,지번
1129010300106090001,서울특별시 성북구 돈암동,서울특별시 성북구 성북로4길 52 (돈암동),근린생활1,공동주택,100915653,지번
1129010300106090001,서울특별시 성북구 돈암동,서울특별시 성북구 성북로4길 52 (돈암동),근린생활1,판매시설,100915655,지번
1129010300106090001,서울특별시 성북구 돈암동,서울특별시 성북구 성북로4길 52 (돈암동),근린생활1,공동주택,100915656,지번
1129010300106090001,서울특별시 성북구 돈암동,서울특별시 성북구 성북로4길 52 (돈암동),근린생활1,제1종근린생활시설,100915657,지번
1129010300106090001,서울특별시 성북구 돈암동,서울특별시 성북구 성북로4길 52 (돈암동),근린생활1,운동시설,100915658,지번
1129010300106090001,서울특별시 성북구 돈암동,서울특별시 성북구 성북로4길 52 (돈암동),근린생활1,공동주택,100915659,지번
1129010300106090001,서울특별시 성북구 돈암동,서울특별시 성북구 성북로4길 52 (돈암동),근린생활1,공동주택,100915660,지번
1129010300106090001,서울특별시 성북구 돈암동,서울특별시 성북구 성북로4길 52 (돈암동),근린생활1,공동주택,100915661,지번
1129010300106090001,서울특별시 성북구 돈암동,서울특별시 성북구 성북로4길 52 (돈암동),근린생활1,공동주택,100915662,지번
1129010300106090001,서울특별시 성북구 돈암동,서울특별시 성북구 성북로4길 52 (돈암동),근린생활1,제2종근린생활시설,100915663,지번
1129010300106090001,서울특별시 성북구 돈암동,서울특별시 성북구 성북로4길 52 (돈암동),근린생활1,공동주택,100915664,지번
1129010300106090001,서울특별시 성북구 돈암동,서울특별시 성북구 성북로4길 52 (돈암동),근린생활1,공동주택,100915665,지번
1129010300106090001,서울특별시 성북구 돈암동,서울특별시 성북구 성북로4길 52 (돈암동),근린생활1,공동주택,100915666,지번
1129010300106090001,서울특별시 성북구 돈암동,서울특별시 성북구 성북로4길 52 (돈암동),근린생활1,공동주택,100915667,지번
1129010300106090001,서울특별시 성북구 돈암동,서울특별시 성북구 성북로4길 52 (돈암동),근린생활1,공동주택,100915668,지번
1129010300106090001,서울특별시 성북구 돈암동,서울특별시 성북구 성북로4길 52 (돈암동),근린생활1,공동주택,100915669,지번
1129010300106090001,서울특별시 성북구 돈암동,서울특별시 성북구 성북로4길 52 (돈암동),근린생활1,공동주택,100915670,지번
1129010300106090001,서울특별시 성북구 돈암동,서울특별시 성북구 성북로4길 52 (돈암동),근린생활1,공동주택,100915671,지번
1129010300106090001,서울특별시 성북구 돈암동,서울특별시 성북구 성북로4길 52 (돈암동),근린생활1,공동주택,100915672,지번
1129010300106090001,서울특별시 성북구 돈암동,서울특별시 성북구 성북로4길 52 (돈암동),근린생활1,공동주택,100915673,지번
1129010300106090001,서울특별시 성북구 돈암동,서울특별시 성북구 성북로4길 52 (돈암동),근린생활1,공동주택,100915674,지번
1129010300106090001,서울특별시 성북구 돈암동,서울특별시 성북구 성북로4길 52 (돈암동),근린생활1,공동주택,100915675,지번
1129010300106090001,서울특별시 성북구 돈암동,서울특별시 성북구 성북로4길 52 (돈암동),근린생활1,공동주택,100915676,지번
1129010300106090001,서울특별시 성북구 돈암동,서울특별시 성북구 성북로4길 52 (돈암동),근린생활1,공동주택,100915677,지번
1129010300106090001,서울특별시 성북구 돈암동,서울특별시 성북구 성북로4길 52 (돈암동),근린생활1,공동주택,100915678,지번
1129010300106090001,서울특별시 성북구 돈암동,서울특별시 성북구 성북로4길 52 (돈암동),근린생활1,공동주택,100915679,지번
1129010300106090001,서울특별시 성북구 돈암동,서울특별시 성북구 성북로4길 52 (돈암동),근린생활1,공동주택,100915680,지번
1129010300106090001,서울특별시 성북구 돈암동,서울특별시 성북구 성북로4길 52 (돈암동),근린생활1,공동주택,100915681,지번
1129010300106090001,서울특별시 성북구 돈암동,서울특별시 성북구 성북로4길 52 (돈암동),근린생활1,공동주택,100915682,지번
1129010300106090001,서울특별시 성북구 돈암동,서울특별시 성북구 성북로4길 52 (돈암동),근린생활1,공동주택,100915683,지번
1129010300106090001,서울특별시 성북구 돈암동,서울특별시 성북구 성북로4길 52 (돈암동),근린생활1,공동주택,100915684,지번
1129010300106090001,서울특별시 성북구 돈암동,서울특별시 성북구 성북로4길 52 (돈암동),근린생활1,공동주택,100915685,지번
1129010300106090001,서울특별시 성북구 돈암동,서울특별시 성북구 성북로4길 52 (돈암동),근린생활1,공동주택,100915686,지번
1129010300106090001,서울특별시 성북구 돈암동,서울특별시 성북구 성북로4길 52 (돈암동),근린생활1,공동주택,100915687,지번
1129010300106090001,서울특별시 성북구 돈암동,서울특별시 성북구 성북로4길 52 (돈암동),근린생활1,공동주택,100915688,지번
1129010300106090001,서울특별시 성북구 돈암동,서울특별시 성북구 성북로4길 52 (돈암동),근린생활1,공동주택,100915689,지번
1129011100102670000,서울특별시 성북구 삼선동1가,서울특별시 성북구 삼선교로10나길 5 (삼선동1가),근린생활2,제2종근린생활시설,10091100200952,지번
1129011600101210007,서울특별시 성북구 동선동1가,서울특별시 성북구 동소문로20가길 50 (동선동1가),근린생활2,제2종근린생활시설,1009110401,지번
1129011600100850071,서울특별시 성북구 동선동1가,서울특별시 성북구 동소문로20나길 38 (동선동1가),근린생활2,제2종근린생활시설,1009110252,지번
1129011700101340000,서울특별시 성북구 동선동2가,서울특별시 성북구 보문로34길 62 (동선동2가),근린생활2,제2종근린생활시설,1009110809,지번
1129013100100070001,서울특별시 성북구 보문동2가,서울특별시 성북구 지봉로23길 51 (보문동2가),근린생활2,제2종근린생활시설,1009115912,지번
1129011800101420001,서울특별시 성북구 동선동3가,서울특별시 성북구 동소문로26다길 3 (동선동3가),근린생활2,제2종근린생활시설,10091100181744,지번
1129011800101340000,서울특별시 성북구 동선동3가,서울특별시 성북구 동소문로26가길 8 (동선동3가),근린생활1,제1종근린생활시설,1009110966,지번
1129010700102670000,서울특별시 성북구 동소문동4가,서울특별시 성북구 동소문로 65-2 (동소문동4가),근린생활2,제2종근린생활시설,100916600,지번
1129011400103300000,서울특별시 성북구 삼선동4가,서울특별시 성북구 삼선교로 73-10 (삼선동4가),근린생활2,제2종근린생활시설,10091100187380,지번
1129011500103470000,서울특별시 성북구 삼선동5가,서울특별시 성북구 고려대로1길 71 (삼선동5가),근린생활2,제2종근린생활시설,10091100181724,지번
1129013100100050004,서울특별시 성북구 보문동2가,서울특별시 성북구 보문로29길 25 (보문동2가),근린생활1,제1종근린생활시설,1009115901,지번
1129011800101450000,서울특별시 성북구 동선동3가,서울특별시 성북구 동소문로26다길 15 (동선동3가),근린생활2,제2종근린생활시설,1009110980,지번
1129011400100560000,서울특별시 성북구 삼선동4가,서울특별시 성북구 보문로35길 33 (삼선동4가),근린생활2,제2종근린생활시설,100919336,지번
1129010300100480059,서울특별시 성북구 돈암동,서울특별시 성북구 동소문로 187 (돈암동),근린생활2,제2종근린생활시설,100914950,지번
1129011200100130000,서울특별시 성북구 삼선동2가,서울특별시 성북구 삼선교로11길 12 (삼선동2가),근린생활1,제1종근린생활시설,100918285,지번
1129011100100130005,서울특별시 성북구 삼선동1가,서울특별시 성북구 삼선교로 2-1 (삼선동1가),근린생활1,제1종근린생활시설,100917479,지번
1129013100100030007,서울특별시 성북구 보문동2가,서울특별시 성북구 보문로 141-2 (보문동2가),근린생활2,제2종근린생활시설,1009115895,지번
1129010100101840070,서울특별시 성북구 성북동,서울특별시 성북구 성북로 20 (성북동),근린생활2,제2종근린생활시설,100913316,지번
1129011700101350012,서울특별시 성북구 동선동2가,서울특별시 성북구 보문로34길 76 (동선동2가),근린생활1,제1종근린생활시설,1009110596,지번
1129011800101940000,서울특별시 성북구 동선동3가,서울특별시 성북구 보문로34가길 30 (동선동3가),근린생활2,제2종근린생활시설,1009111026,지번
1129012000101470013,서울특별시 성북구 동선동5가,서울특별시 성북구 아리랑로 48 (동선동5가),근린생활1,제1종근린생활시설,1009111786,지번
1129011000101170006,서울특별시 성북구 동소문동7가,서울특별시 성북구 아리랑로7길 6 (동소문동7가),근린생활2,제2종근린생활시설,100917253,지번
1129010400100300000,서울특별시 성북구 동소문동1가,서울특별시 성북구 동소문로 11 (동소문동1가),근린생활2,제2종근린생활시설,100915958,지번
1129011800100070000,서울특별시 성북구 동선동3가,서울특별시 성북구 동소문로26가길 19 (동선동3가),근린생활1,제1종근린생활시설,1009110847,지번
1129011800100040000,서울특별시 성북구 동선동3가,서울특별시 성북구 동소문로26가길 15 (동선동3가),근린생활2,제2종근린생활시설,1009110845,지번
1129012100100620000,서울특별시 성북구 안암동1가,서울특별시 성북구 보문로30가길 24 (안암동1가),근린생활1,제1종근린생활시설,1009111948,지번
1129011400103740000,서울특별시 성북구 삼선동4가,서울특별시 성북구 보문로36길 28 (삼선동4가),근린생활1,제1종근린생활시설,100919545,지번
1129010900102330000,서울특별시 성북구 동소문동6가,서울특별시 성북구 아리랑로 25-1 (동소문동6가),근린생활1,제1종근린생활시설,100917010,지번
1129011500102910002,서울특별시 성북구 삼선동5가,서울특별시 성북구 보문로 149-1 (삼선동5가),근린생활2,제2종근린생활시설,100919894,지번
1129011500102810000,서울특별시 성북구 삼선동5가,서울특별시 성북구 삼선교로24길 55 (삼선동5가),근린생활1,제1종근린생활시설,100919884,지번
1129011700101350026,서울특별시 성북구 동선동2가,서울특별시 성북구 동소문로22길 57-15 (동선동2가),근린생활2,제2종근린생활시설,1009110609,지번
1129013100101220000,서울특별시 성북구 보문동2가,서울특별시 성북구 지봉로24길 19 (보문동2가),근린생활2,제2종근린생활시설,1009116084,지번
1129012700100310000,서울특별시 성북구 보문동5가,서울특별시 성북구 지봉로24길 34-8 (보문동5가),근린생활2,제2종근린생활시설,1009114212,지번
1129012300100150000,서울특별시 성북구 안암동3가,서울특별시 성북구 보문로22길 31 (안암동3가),근린생활1,제1종근린생활시설,1009112689,지번
1129012600100540000,서울특별시 성북구 보문동4가,서울특별시 성북구 보문로22길 12 (보문동4가),근린생활1,제1종근린생활시설,1009114001,지번
1129010300100460004,서울특별시 성북구 돈암동,서울특별시 성북구 북악산로 868 (돈암동),근린생활2,제2종근린생활시설,100914919,지번
1129010400101230000,서울특별시 성북구 동소문동1가,서울특별시 성북구 동소문로 25-2 (동소문동1가),근린생활2,제2종근린생활시설,100916038,지번
1129011200100290000,서울특별시 성북구 삼선동2가,서울특별시 성북구 삼선교로11길 8 (삼선동2가),근린생활1,제1종근린생활시설,100918293,지번
1129010400100320002,서울특별시 성북구 동소문동1가,서울특별시 성북구 동소문로 15 (동소문동1가),근린생활1,제1종근린생활시설,100915960,지번
1129010400101120000,서울특별시 성북구 동소문동1가,서울특별시 성북구 동소문로 27 (동소문동1가),근린생활2,제2종근린생활시설,100916031,지번
1129011400100030000,서울특별시 성북구 삼선동4가,서울특별시 성북구 보문로35길 62 (삼선동4가),근린생활2,제2종근린생활시설,100919266,지번
1129010300100510005,서울특별시 성북구 돈암동,서울특별시 성북구 북악산로 876 (돈암동),근린생활1,제1종근린생활시설,100914960,지번
1129010300100480014,서울특별시 성북구 돈암동,서울특별시 성북구 동소문로 179-50 (돈암동),근린생활1,제1종근린생활시설,100914927,지번
1129010200100610000,서울특별시 성북구 성북동1가,서울특별시 성북구 성북로 15-6 (성북동1가),근린생활1,제1종근린생활시설,100914385,지번
1129011900101090000,서울특별시 성북구 동선동4가,서울특별시 성북구 동소문로 121 (동선동4가),근린생활1,제1종근린생활시설,1009111272,지번
1129011900102090000,서울특별시 성북구 동선동4가,서울특별시 성북구 동소문로23길 28 (동선동4가),근린생활2,제2종근린생활시설,1009111358,지번
1129011100100200000,서울특별시 성북구 삼선동1가,서울특별시 성북구 삼선교로 6-1 (삼선동1가),근린생활2,제2종근린생활시설,100917499,지번
1129011200101390000,서울특별시 성북구 삼선동2가,서울특별시 성북구 삼선교로14길 26 (삼선동2가),근린생활1,제1종근린생활시설,100918383,지번
1129011700100190000,서울특별시 성북구 동선동2가,서울특별시 성북구 보문로30라길 22-1 (동선동2가),근린생활2,제2종근린생활시설,1009110479,지번
1129011600100850101,서울특별시 성북구 동선동1가,서울특별시 성북구 동소문로22길 33-6 (동선동1가),근린생활1,제1종근린생활시설,1009110334,지번
1129011900100010000,서울특별시 성북구 동선동4가,서울특별시 성북구 동소문로 105 (동선동4가),근린생활1,제1종근린생활시설,1009111188,지번
1129011800102330000,서울특별시 성북구 동선동3가,서울특별시 성북구 보문로34길 87 (동선동3가),근린생활1,제1종근린생활시설,10091100199153,지번
1129011600100950000,서울특별시 성북구 동선동1가,서울특별시 성북구 동소문로20가길 28-6 (동선동1가),근린생활2,제2종근린생활시설,1009110369,지번
1129010300105380058,서울특별시 성북구 돈암동,서울특별시 성북구 아리랑로12길 8 (돈암동),근린생활2,제2종근린생활시설,100915312,지번
1129012300100070000,서울특별시 성북구 안암동3가,서울특별시 성북구 고려대로8길 33 (안암동3가),근린생활1,제1종근린생활시설,1009112683,지번
1129011900101900000,서울특별시 성북구 동선동4가,서울특별시 성북구 동소문로23길 16-27 (동선동4가),근린생활2,제2종근린생활시설,1009111343,지번
1129013000100090001,서울특별시 성북구 보문동1가,서울특별시 성북구 보문로 146 (보문동1가),근린생활1,제1종근린생활시설,1009115389,지번
1129013100101050001,서울특별시 성북구 보문동2가,서울특별시 성북구 보문로 127 (보문동2가),근린생활2,제2종근린생활시설,1009116070,지번
1129011500100260000,서울특별시 성북구 삼선동5가,서울특별시 성북구 삼선교로 84 (삼선동5가),근린생활2,제2종근린생활시설,100919589,지번
1129011900100120000,서울특별시 성북구 동선동4가,서울특별시 성북구 아리랑로 6-1 (동선동4가),근린생활2,제2종근린생활시설,1009111197,지번
1129010300100420025,서울특별시 성북구 돈암동,서울특별시 성북구 북악산로 861 (돈암동),근린생활2,제2종근린생활시설,100914838,지번
1129010300100830056,서울특별시 성북구 돈암동,서울특별시 성북구 동소문로26가길 56 (돈암동),근린생활1,제1종근린생활시설,100915051,지번
1129010900101540001,서울특별시 성북구 동소문동6가,서울특별시 성북구 동소문로17길 40 (동소문동6가),근린생활1,제1종근린생활시설,100916917,지번
1129010900101430001,서울특별시 성북구 동소문동6가,서울특별시 성북구 아리랑로3길 3 (동소문동6가),근린생활1,제1종근린생활시설,100916913,지번
1129010800100890000,서울특별시 성북구 동소문동5가,서울특별시 성북구 보문로40길 46 (동소문동5가),근린생활1,제1종근린생활시설,100916758,지번
1129010700100080000,서울특별시 성북구 동소문동4가,서울특별시 성북구 동소문로 31-3 (동소문동4가),근린생활2,제2종근린생활시설,100916438,지번
1129010700102730000,서울특별시 성북구 동소문동4가,서울특별시 성북구 동소문로13길 7 (동소문동4가),근린생활2,제2종근린생활시설,100916606,지번
1129011500102420000,서울특별시 성북구 삼선동5가,서울특별시 성북구 보문로29길 10 (삼선동5가),근린생활1,제1종근린생활시설,100919859,지번
1129013100100490000,서울특별시 성북구 보문동2가,서울특별시 성북구 보문로 137 (보문동2가),근린생활2,제2종근린생활시설,1009115969,지번
1129013100100020003,서울특별시 성북구 보문동2가,서울특별시 성북구 보문로27길 6 (보문동2가),근린생활1,제1종근린생활시설,1009115890,지번
1129013100101370001,서울특별시 성북구 보문동2가,서울특별시 성북구 지봉로 178 (보문동2가),근린생활2,제2종근린생활시설,1009116103,지번
1129012800100090000,서울특별시 성북구 보문동6가,서울특별시 성북구 보문로21길 34 (보문동6가),근린생활2,제2종근린생활시설,1009114471,지번
1129011500102910004,서울특별시 성북구 삼선동5가,서울특별시 성북구 보문로 147 (삼선동5가),근린생활2,제2종근린생활시설,100919890,지번
1129011100100160004,서울특별시 성북구 삼선동1가,서울특별시 성북구 삼선교로4길 6 (삼선동1가),근린생활2,제2종근린생활시설,100917491,지번
1129011100100080000,서울특별시 성북구 삼선동1가,서울특별시 성북구 창경궁로 320 (삼선동1가),근린생활2,제2종근린생활시설,100917315,지번
1129011100100140000,서울특별시 성북구 삼선동1가,서울특별시 성북구 창경궁로 326 (삼선동1가),근린생활1,제1종근린생활시설,100917481,지번
1129011800100110000,서울특별시 성북구 동선동3가,서울특별시 성북구 동소문로26다길 27 (동선동3가),근린생활2,제2종근린생활시설,1009110850,지번
1129013300109570010,서울특별시 성북구 정릉동,서울특별시 성북구 정릉로6길 23 (정릉동),근린생활1,제1종근린생활시설,1009121687,지번
1129010100100850060,서울특별시 성북구 성북동,서울특별시 성북구 성북로24길 10 (성북동),근린생활2,제2종근린생활시설,100912502,지번
1129010100100920000,서울특별시 성북구 성북동,서울특별시 성북구 성북로 122-4 (성북동),근린생활2,제2종근린생활시설,100912520,지번
1129011400102040003,서울특별시 성북구 삼선동4가,서울특별시 성북구 삼선교로23길 21 (삼선동4가),근린생활1,제1종근린생활시설,100919387,지번
1129013300108200047,서울특별시 성북구 정릉동,서울특별시 성북구 보국문로 197 (정릉동),근린생활2,제2종근린생활시설,1009121251,지번
1129013300108850006,서울특별시 성북구 정릉동,서울특별시 성북구 정릉로9가길 6 (정릉동),근린생활1,제1종근린생활시설,1009121538,지번
1129013300109040000,서울특별시 성북구 정릉동,,근린생활1,단독주택,1009121629,지번
1129013300108940008,서울특별시 성북구 정릉동,서울특별시 성북구 정릉로10길 33-7 (정릉동),근린생활2,제2종근린생활시설,1009121572,지번
1129013300108940003,서울특별시 성북구 정릉동,서울특별시 성북구 정릉로10길 39 (정릉동),근린생활1,제1종근린생활시설,1009122624,지번
1129013300108940014,서울특별시 성북구 정릉동,서울특별시 성북구 정릉로10길 47 (정릉동),근린생활1,제1종근린생활시설,1009121577,지번
1129011600100300000,서울특별시 성북구 동선동1가,서울특별시 성북구 동소문로20길 29-18 (동선동1가),근린생활2,제2종근린생활시설,1009110120,지번
1129011400102910000,서울특별시 성북구 삼선동4가,서울특별시 성북구 보문로35길 29 (삼선동4가),근린생활2,제2종근린생활시설,100919425,지번
1129010800100790000,서울특별시 성북구 동소문동5가,서울특별시 성북구 동소문로20길 16-8 (동소문동5가),근린생활2,단독주택,100916747,지번
1129010800100790000,서울특별시 성북구 동소문동5가,서울특별시 성북구 동소문로20길 16-10 (동소문동5가),근린생활2,제2종근린생활시설,100916748,지번
1129010100100080015,서울특별시 성북구 성북동,서울특별시 성북구 선잠로2길 207 (성북동),근린생활1,제1종근린생활시설,100911972,지번
1129010300105350049,서울특별시 성북구 돈암동,서울특별시 성북구 아리랑로 85-16 (돈암동),근린생활2,제2종근린생활시설,100915290,지번
1129013300108950003,서울특별시 성북구 정릉동,서울특별시 성북구 정릉로10길 44 (정릉동),근린생활2,제2종근린생활시설,1009121583,지번
1129013300108920006,서울특별시 성북구 정릉동,서울특별시 성북구 정릉로10길 42-2 (정릉동),근린생활1,제1종근린생활시설,1009121553,지번
1129013300109180000,서울특별시 성북구 정릉동,서울특별시 성북구 정릉로10길 127 (정릉동),근린생활2,제2종근린생활시설,1009121639,지번
1129013300109240002,서울특별시 성북구 정릉동,서울특별시 성북구 정릉로10다길 17 (정릉동),근린생활1,제1종근린생활시설,10091100199170,지번
1129010400101340001,서울특별시 성북구 동소문동1가,서울특별시 성북구 동소문로 25-20 (동소문동1가),근린생활2,제2종근린생활시설,100916046,지번
1129010800100590011,서울특별시 성북구 동소문동5가,서울특별시 성북구 동소문로18길 12-5 (동소문동5가),근린생활2,제2종근린생활시설,100916710,지번
1129011700100020003,서울특별시 성북구 동선동2가,서울특별시 성북구 보문로32길 31 (동선동2가),근린생활2,제2종근린생활시설,1009110455,지번
1129012700100540000,서울특별시 성북구 보문동5가,서울특별시 성북구 보문로21길 20 (보문동5가),근린생활1,제1종근린생활시설,1009114234,지번
1129012200100500000,서울특별시 성북구 안암동2가,서울특별시 성북구 고려대로7길 16-16 (안암동2가),근린생활1,제1종근린생활시설,1009112313,지번
1129013000100400000,서울특별시 성북구 보문동1가,서울특별시 성북구 보문로 132 (보문동1가),근린생활2,제2종근린생활시설,1009115417,지번
1129011200100440002,서울특별시 성북구 삼선동2가,서울특별시 성북구 삼선교로 28 (삼선동2가),근린생활1,제1종근린생활시설,100918304,지번
1129012000100560000,서울특별시 성북구 동선동5가,서울특별시 성북구 동소문로23길 38 (동선동5가),근린생활1,제1종근린생활시설,1009111619,지번
1129012500101040291,서울특별시 성북구 안암동5가,서울특별시 성북구 안암로 73 (안암동5가),근린생활1,제1종근린생활시설,1009113725,지번
1129013400112840008,서울특별시 성북구 길음동,서울특별시 성북구 서경로6길 41 (길음동),근린생활2,제2종근린생활시설,10091100204933,지번
1129013600100130017,서울특별시 성북구 하월곡동,서울특별시 성북구 월곡로18가길 46 (하월곡동),근린생활2,제2종근린생활시설,10091100211092,지번
1129011800102250000,서울특별시 성북구 동선동3가,서울특별시 성북구 보문로34다길 11 (동선동3가),근린생활2,제2종근린생활시설,10091100195130,지번
1129011600100090000,서울특별시 성북구 동선동1가,서울특별시 성북구 동소문로20길 37-7 (동선동1가),근린생활2,제2종근린생활시설,1009110108,지번
1129012200101210003,서울특별시 성북구 안암동2가,서울특별시 성북구 고려대로 29 (안암동2가),근린생활2,제2종근린생활시설,1009112481,지번
1129012000100450000,서울특별시 성북구 동선동5가,서울특별시 성북구 아리랑로4가길 13 (동선동5가),근린생활2,제2종근린생활시설,1009111605,지번
1129013300101200008,서울특별시 성북구 정릉동,서울특별시 성북구 북악산로 829 (정릉동),근린생활2,제2종근린생활시설,1009117082,지번
1129012000101470016,서울특별시 성북구 동선동5가,서울특별시 성북구 아리랑로6가길 11 (동선동5가),근린생활2,제2종근린생활시설,1009111788,지번
1129012000101470009,서울특별시 성북구 동선동5가,서울특별시 성북구 아리랑로 46 (동선동5가),근린생활2,제2종근린생활시설,1009111785,지번
1129012200100980001,서울특별시 성북구 안암동2가,서울특별시 성북구 고려대로13길 8 (안암동2가),근린생활1,제1종근린생활시설,1009112434,지번
1129011900100990000,서울특별시 성북구 동선동4가,서울특별시 성북구 동소문로 115 (동선동4가),근린생활2,제2종근린생활시설,1009111261,지번
1129010100102560008,서울특별시 성북구 성북동,서울특별시 성북구 성북로 140-4 (성북동),근린생활2,제2종근린생활시설,100913625,지번
1129013900101680069,서울특별시 성북구 석관동,서울특별시 성북구 화랑로42길 52-24 (석관동),근린생활2,제2종근린생활시설,10091100198870,지번
1129010200100370000,서울특별시 성북구 성북동1가,서울특별시 성북구 창경궁로43길 22 (성북동1가),근린생활1,제1종근린생활시설,100914362,지번
1129010700101310000,서울특별시 성북구 동소문동4가,서울특별시 성북구 동소문로 47-4 (동소문동4가),근린생활1,제1종근린생활시설,100916528,지번
1129010100102600038,서울특별시 성북구 성북동,서울특별시 성북구 성북로28길 9 (성북동),근린생활2,제2종근린생활시설,100913642,지번
1129010100103300105,서울특별시 성북구 성북동,서울특별시 성북구 대사관로 40 (성북동),근린생활2,제2종근린생활시설,10091100229415,지번
1129010100103300105,서울특별시 성북구 성북동,서울특별시 성북구 대사관로 40 (성북동),근린생활2,제2종근린생활시설,100913812,지번
1129011600101200014,서울특별시 성북구 동선동1가,서울특별시 성북구 동소문로 124 (동선동1가),근린생활1,제1종근린생활시설,1009110397,지번
1129010300100020081,서울특별시 성북구 돈암동,서울특별시 성북구 정릉로52길 23 (돈암동),근린생활2,제2종근린생활시설,10091100214312,지번
1129010300200060001,서울특별시 성북구 돈암동,서울특별시 성북구 북악산로 949-73 (돈암동),근린생활1,제1종근린생활시설,10091100195108,지번
1129010300200060001,서울특별시 성북구 돈암동,서울특별시 성북구 북악산로 949-73 (돈암동),근린생활1,제1종근린생활시설,10091100210471,지번
1129010900100020000,서울특별시 성북구 동소문동6가,서울특별시 성북구 동소문로 71-1 (동소문동6가),근린생활2,제2종근린생활시설,10091100210851,지번
1129013300102270176,서울특별시 성북구 정릉동,서울특별시 성북구 서경로 94-1 (정릉동),근린생활1,제1종근린생활시설,10091100202634,지번
1129012900100320004,서울특별시 성북구 보문동7가,서울특별시 성북구 보문로 59 (보문동7가),근린생활2,제2종근린생활시설,10091100216085,지번
1129013900101270067,서울특별시 성북구 석관동,서울특별시 성북구 한천로78길 33 (석관동),근린생활2,제2종근린생활시설,1009141083,지번
1129010100100150116,서울특별시 성북구 성북동,서울특별시 성북구 선잠로8길 30 (성북동),근린생활1,제1종근린생활시설,100912112,지번
1129010100101250017,서울특별시 성북구 성북동,서울특별시 성북구 성북로 89 (성북동),근린생활1,제1종근린생활시설,100912647,지번
1129013300108520002,서울특별시 성북구 정릉동,서울특별시 성북구 정릉로9길 48 (정릉동),근린생활2,제2종근린생활시설,10091100210491,지번
1129013300200120003,서울특별시 성북구 정릉동,서울특별시 성북구 솔샘로25길 121-49 (정릉동),근린생활1,제1종근린생활시설,10091100212041,지번
1129013500100031087,서울특별시 성북구 종암동,서울특별시 성북구 월곡로8길 14 (종암동),근린생활2,제2종근린생활시설,10091100202893,지번
1129013500100310014,서울특별시 성북구 종암동,서울특별시 성북구 종암로5길 92 (종암동),근린생활2,제2종근린생활시설,10091100202270,지번
1129013600100280020,서울특별시 성북구 하월곡동,서울특별시 성북구 화랑로11길 17-12 (하월곡동),근린생활2,제2종근린생활시설,10091100202430,지번
1129010100103250004,서울특별시 성북구 성북동,서울특별시 성북구 선잠로5길 37 (성북동),근린생활1,제1종근린생활시설,100913800,지번
1129010100103140009,서울특별시 성북구 성북동,서울특별시 성북구 선잠로5길 69 (성북동),근린생활1,제1종근린생활시설,100913756,지번
1129010100100150194,서울특별시 성북구 성북동,서울특별시 성북구 선잠로 92-14 (성북동),근린생활1,제1종근린생활시설,100912147,지번
1129010100102660001,서울특별시 성북구 성북동,서울특별시 성북구 성북로 148-3 (성북동),근린생활2,제2종근린생활시설,100913657,지번
1129010100101220007,서울특별시 성북구 성북동,서울특별시 성북구 혜화로 88 (성북동),근린생활2,제2종근린생활시설,100912622,지번
1129013500100860004,서울특별시 성북구 종암동,서울특별시 성북구 종암로 109 (종암동),근린생활2,제2종근린생활시설,1009127509,지번
1129010100100450009,서울특별시 성북구 성북동,서울특별시 성북구 선잠로2길 20-4 (성북동),근린생활2,제2종근린생활시설,100912292,지번
1129013300108980014,서울특별시 성북구 정릉동,서울특별시 성북구 정릉로10길 68 (정릉동),근린생활2,제2종근린생활시설,1009121613,지번
1129013300108920007,서울특별시 성북구 정릉동,서울특별시 성북구 정릉로10길 42-6 (정릉동),근린생활2,제2종근린생활시설,1009121554,지번
1129013300108940004,서울특별시 성북구 정릉동,서울특별시 성북구 정릉로10길 51 (정릉동),근린생활1,제1종근린생활시설,1009121568,지번
1129010100103210000,서울특별시 성북구 성북동,서울특별시 성북구 대사관로 98 (성북동),근린생활,근린생활시설,100913759,지번
1129010100102640000,서울특별시 성북구 성북동,서울특별시 성북구 성북로 154 (성북동),근린생활2,제2종근린생활시설,100913656,지번
1129010100102630000,서울특별시 성북구 성북동,서울특별시 성북구 성북로 148-5 (성북동),근린생활2,제2종근린생활시설,100913655,지번
1129010100102320007,서울특별시 성북구 성북동,서울특별시 성북구 성북로 149-1 (성북동),근린생활2,제2종근린생활시설,1000000000000002921039,지번
1129013300108840001,서울특별시 성북구 정릉동,서울특별시 성북구 정릉로9길 26 (정릉동),근린생활1,제1종근린생활시설,1009121534,지번
1129013300108820004,서울특별시 성북구 정릉동,서울특별시 성북구 정릉로8길 55 (정릉동),근린생활2,제2종근린생활시설,1009121530,지번
1129013300108920009,서울특별시 성북구 정릉동,서울특별시 성북구 정릉로10길 36 (정릉동),근린생활1,제1종근린생활시설,1009121555,지번
1129013300108940005,서울특별시 성북구 정릉동,서울특별시 성북구 정릉로10길 55 (정릉동),근린생활1,제1종근린생활시설,1009121569,지번
1129013600100290091,서울특별시 성북구 하월곡동,서울특별시 성북구 화랑로 77 (하월곡동),근린생활2,제2종근린생활시설,1009128794,지번
1129012200101390033,서울특별시 성북구 안암동2가,서울특별시 성북구 고려대로7길 4 (안암동2가),근린생활2,제2종근린생활시설,10091100212853,지번
1129013900103380156,서울특별시 성북구 석관동,서울특별시 성북구 화랑로30길 26 (석관동),근린생활2,제2종근린생활시설,10091100192308,지번
1129013900103210004,서울특별시 성북구 석관동,서울특별시 성북구 돌곶이로8길 3 (석관동),근린생활1,제1종근린생활시설,10091100185224,지번
1129010800100800000,서울특별시 성북구 동소문동5가,서울특별시 성북구 동소문로20길 16-6 (동소문동5가),근린생활2,제2종근린생활시설,100916749,지번
1129010800100590001,서울특별시 성북구 동소문동5가,서울특별시 성북구 동소문로18길 12-3 (동소문동5가),근린생활1,제1종근린생활시설,100916698,지번
1129013300108200004,서울특별시 성북구 정릉동,서울특별시 성북구 보국문로 195 (정릉동),근린생활2,제2종근린생활시설,1009121242,지번
1129013300109520001,서울특별시 성북구 정릉동,서울특별시 성북구 정릉로6가길 31-2 (정릉동),근린생활2,제2종근린생활시설,1009121665,지번
1129012200101180002,서울특별시 성북구 안암동2가,서울특별시 성북구 고려대로 47 (안암동2가),근린생활2,제2종근린생활시설,1009112463,지번
1129010100102660002,서울특별시 성북구 성북동,서울특별시 성북구 성북로 152-1 (성북동),근린생활2,제2종근린생활시설,100913658,지번
1129010100102790002,서울특별시 성북구 성북동,서울특별시 성북구 성북로31길 5 (성북동),근린생활1,제1종근린생활시설,100913670,지번
1129010100102810001,서울특별시 성북구 성북동,서울특별시 성북구 성북로31길 9 (성북동),근린생활1,제1종근린생활시설,100913672,지번
1129011400103500006,서울특별시 성북구 삼선동4가,서울특별시 성북구 보문로36길 12 (삼선동4가),근린생활2,제2종근린생활시설,100919507,지번
1129012000100590001,서울특별시 성북구 동선동5가,서울특별시 성북구 아리랑로4길 23 (동선동5가),근린생활2,제2종근린생활시설,10091100184441,지번
1129012000100040000,서울특별시 성북구 동선동5가,서울특별시 성북구 동소문로23길 31 (동선동5가),근린생활2,제2종근린생활시설,1009111571,지번
1129011000100940001,서울특별시 성북구 동소문동7가,서울특별시 성북구 아리랑로 45 (동소문동7가),근린생활2,제2종근린생활시설,100917231,지번
1129011600100940000,서울특별시 성북구 동선동1가,서울특별시 성북구 동소문로20가길 28 (동선동1가),근린생활2,제2종근린생활시설,1009110368,지번
1129011500101900000,서울특별시 성북구 삼선동5가,서울특별시 성북구 보문로31길 29 (삼선동5가),근린생활1,제1종근린생활시설,100919813,지번
1129011200102160000,서울특별시 성북구 삼선동2가,서울특별시 성북구 삼선교로14길 45 (삼선동2가),근린생활2,제2종근린생활시설,10091100197890,지번
1129010100102560002,서울특별시 성북구 성북동,서울특별시 성북구 성북로 138 (성북동),근린생활2,제2종근린생활시설,100913621,지번
1129010100102560002,서울특별시 성북구 성북동,서울특별시 성북구 성북로 138 (성북동),근린생활2,제2종근린생활시설,100913622,지번
1129010100102560004,서울특별시 성북구 성북동,서울특별시 성북구 성북로26길 13 (성북동),근린생활2,제2종근린생활시설,100913624,지번
1129010100102480000,서울특별시 성북구 성북동,서울특별시 성북구 성북로26길 8 (성북동),근린생활1,제1종근린생활시설,100913613,지번
1129010200100350035,서울특별시 성북구 성북동1가,서울특별시 성북구 창경궁로 327 (성북동1가),근린생활1,제1종근린생활시설,100914356,지번
1129013300108850009,서울특별시 성북구 정릉동,서울특별시 성북구 정릉로9길 16 (정릉동),근린생활2,제2종근린생활시설,1009121541,지번
1129011200100100000,서울특별시 성북구 삼선동2가,서울특별시 성북구 삼선교로 35-11 (삼선동2가),근린생활2,제2종근린생활시설,100918282,지번
1129011900101210000,서울특별시 성북구 동선동4가,서울특별시 성북구 동소문로 129 (동선동4가),근린생활1,제1종근린생활시설,1009111278,지번
1129011900101210000,서울특별시 성북구 동선동4가,서울특별시 성북구 동소문로 127-2 (동선동4가),근린생활1,제1종근린생활시설,1009111279,지번
1129011800101000002,서울특별시 성북구 동선동3가,서울특별시 성북구 동소문로26길 35 (동선동3가),근린생활2,제2종근린생활시설,10091100191229,지번
1129011800100080000,서울특별시 성북구 동선동3가,서울특별시 성북구 동소문로26다길 23 (동선동3가),근린생활1,제1종근린생활시설,1009110848,지번
1129011800100350000,서울특별시 성북구 동선동3가,서울특별시 성북구 동소문로26라길 33 (동선동3가),근린생활2,제2종근린생활시설,1009110869,지번
1129011800101060000,서울특별시 성북구 동선동3가,서울특별시 성북구 동소문로26다길 20 (동선동3가),근린생활1,제1종근린생활시설,1009110936,지번
1129011900102720000,서울특별시 성북구 동선동4가,서울특별시 성북구 아리랑로4길 78 (동선동4가),근린생활2,제2종근린생활시설,10091100192147,지번
1129011400103100000,서울특별시 성북구 삼선동4가,서울특별시 성북구 삼선교로 73 (삼선동4가),근린생활2,제2종근린생활시설,100919440,지번
1129011900100910000,서울특별시 성북구 동선동4가,서울특별시 성북구 아리랑로2길 15 (동선동4가),근린생활1,제1종근린생활시설,1009111255,지번
1129013000101190000,서울특별시 성북구 보문동1가,서울특별시 성북구 보문로 126 (보문동1가),근린생활1,단독주택,1009115680,지번
1129013000101190000,서울특별시 성북구 보문동1가,서울특별시 성북구 보문로 126 (보문동1가),근린생활1,제1종근린생활시설,1009115681,지번
1129012000101410001,서울특별시 성북구 동선동5가,서울특별시 성북구 아리랑로6길 4 (동선동5가),근린생활1,제1종근린생활시설,1009111771,지번
1129011500102610000,서울특별시 성북구 삼선동5가,서울특별시 성북구 삼선교로24길 37 (삼선동5가),근린생활2,제2종근린생활시설,100919869,지번
1129011200100110000,서울특별시 성북구 삼선동2가,서울특별시 성북구 삼선교로11길 18 (삼선동2가),근린생활2,제2종근린생활시설,100918283,지번
1129010100101840002,서울특별시 성북구 성북동,서울특별시 성북구 성북로8길 8 (성북동),근린생활1,제1종근린생활시설,100913290,지번
1129010100101840002,서울특별시 성북구 성북동,서울특별시 성북구 성북로8길 8-4 (성북동),근린생활1,제2종근린생활시설,100913291,지번
1129010700101270000,서울특별시 성북구 동소문동4가,서울특별시 성북구 동소문로13가길 35 (동소문동4가),근린생활1,제1종근린생활시설,100916526,지번
1129011900102070000,서울특별시 성북구 동선동4가,서울특별시 성북구 아리랑로4길 18 (동선동4가),근린생활1,제1종근린생활시설,1009111356,지번
1129011600100480000,서울특별시 성북구 동선동1가,서울특별시 성북구 보문로34길 39 (동선동1가),근린생활2,제2종근린생활시설,1009110131,지번
1129013300200010214,서울특별시 성북구 정릉동,서울특별시 성북구 정릉로6길 48 (정릉동),근린생활1,제1종근린생활시설,1009122827,지번
1129013300104040003,서울특별시 성북구 정릉동,서울특별시 성북구 보국문로11길 5 (정릉동),근린생활1,제1종근린생활시설,10091100214112,지번
1129013900101270061,서울특별시 성북구 석관동,서울특별시 성북구 한천로80길 36 (석관동),근린생활1,제1종근린생활시설,1009141077,지번
1129013800100750200,서울특별시 성북구 장위동,서울특별시 성북구 장위로 161-1 (장위동),근린생활1,제1종근린생활시설,1009134395,지번
1129013300108940001,서울특별시 성북구 정릉동,서울특별시 성북구 정릉로10길 33 (정릉동),근린생활1,제1종근린생활시설,1009121567,지번
1129013300108940015,서울특별시 성북구 정릉동,서울특별시 성북구 정릉로10길 31 (정릉동),근린생활1,제1종근린생활시설,1009121578,지번
1129013300108970016,서울특별시 성북구 정릉동,서울특별시 성북구 정릉로8다길 52 (정릉동),근린생활2,제2종근린생활시설,1009121601,지번
1129010100100940001,서울특별시 성북구 성북동,서울특별시 성북구 성북로 122 (성북동),근린생활1,제1종근린생활시설,100912523,지번
1129010200100480000,서울특별시 성북구 성북동1가,서울특별시 성북구 창경궁로43길 26 (성북동1가),근린생활1,제1종근린생활시설,100914375,지번
1129013300109570017,서울특별시 성북구 정릉동,서울특별시 성북구 정릉로6길 45 (정릉동),근린생활1,제1종근린생활시설,1009121688,지번
1129010100103300507,서울특별시 성북구 성북동,서울특별시 성북구 대사관로13길 17-19 (성북동),근린생활1,제1종근린생활시설,100914006,지번
1129010100103300508,서울특별시 성북구 성북동,서울특별시 성북구 대사관로13길 17-13 (성북동),근린생활1,제1종근린생활시설,100914007,지번
1129010100103300088,서울특별시 성북구 성북동,서울특별시 성북구 대사관로13길 42 (성북동),근린생활1,제1종근린생활시설,100913807,지번
1129010100100750004,서울특별시 성북구 성북동,서울특별시 성북구 선잠로 35 (성북동),근린생활1,제1종근린생활시설,100912437,지번
1129010100100020022,서울특별시 성북구 성북동,서울특별시 성북구 선잠로2길 47 (성북동),근린생활1,제1종근린생활시설,100911829,지번
1129010100100020022,서울특별시 성북구 성북동,서울특별시 성북구 선잠로2길 47 (성북동),근린생활1,단독주택,100911830,지번
1129011700101420003,서울특별시 성북구 동선동2가,서울특별시 성북구 보문로32길 69 (동선동2가),근린생활2,제2종근린생활시설,10091100185076,지번
1129012000100260000,서울특별시 성북구 동선동5가,서울특별시 성북구 아리랑로 26-1 (동선동5가),근린생활1,제1종근린생활시설,1009111590,지번
1129011600100540000,서울특별시 성북구 동선동1가,서울특별시 성북구 보문로34길 45 (동선동1가),근린생활2,제2종근린생활시설,1009110133,지번
1129013100101360000,서울특별시 성북구 보문동2가,서울특별시 성북구 지봉로 184 (보문동2가),근린생활1,제1종근린생활시설,10091100189694,지번
1129010100100300001,서울특별시 성북구 성북동,서울특별시 성북구 선잠로 42 (성북동),근린생활1,제1종근린생활시설,100912255,지번
1129010100100450005,서울특별시 성북구 성북동,서울특별시 성북구 선잠로2길 22 (성북동),근린생활2,제2종근린생활시설,100912291,지번
1129010100101840086,서울특별시 성북구 성북동,서울특별시 성북구 성북로 22 (성북동),근린생활1,제1종근린생활시설,100913323,지번
1129011400100670000,서울특별시 성북구 삼선동4가,서울특별시 성북구 보문로35길 54 (삼선동4가),근린생활1,제1종근린생활시설,100919348,지번
1129011000101030000,서울특별시 성북구 동소문동7가,서울특별시 성북구 아리랑로 51 (동소문동7가),근린생활1,제1종근린생활시설,100917235,지번
1129013800102290060,서울특별시 성북구 장위동,서울특별시 성북구 장위로21길 7 (장위동),근린생활2,제2종근린생활시설,1009137005,지번
1129013300105450005,서울특별시 성북구 정릉동,서울특별시 성북구 북악산로 762-12 (정릉동),근린생활2,단독주택,1009119821,지번
1129010800100680000,서울특별시 성북구 동소문동5가,서울특별시 성북구 보문로40길 31 (동소문동5가),근린생활1,제1종근린생활시설,100916737,지번
1129011400100250000,서울특별시 성북구 삼선동4가,서울특별시 성북구 삼선교로 49 (삼선동4가),근린생활2,제2종근린생활시설,10091100184885,지번
1129013100100550000,서울특별시 성북구 보문동2가,서울특별시 성북구 지봉로21길 30 (보문동2가),근린생활2,제2종근린생활시설,10091100184966,지번
1129013300109570008,서울특별시 성북구 정릉동,서울특별시 성북구 정릉로6길 27 (정릉동),근린생활1,제1종근린생활시설,1009121686,지번
1129013300109390002,서울특별시 성북구 정릉동,서울특별시 성북구 정릉로8가길 126 (정릉동),근린생활2,제2종근린생활시설,1009121652,지번
1129013300109390002,서울특별시 성북구 정릉동,서울특별시 성북구 정릉로8가길 126 (정릉동),근린생활2,제2종근린생활시설,1009121653,지번
1129011900101220002,서울특별시 성북구 동선동4가,서울특별시 성북구 동소문로25길 1 (동선동4가),근린생활1,제1종근린생활시설,1009111280,지번
1129011800101870000,서울특별시 성북구 동선동3가,서울특별시 성북구 동소문로26길 28 (동선동3가),근린생활1,제1종근린생활시설,1009111019,지번
1129011800101900002,서울특별시 성북구 동선동3가,서울특별시 성북구 보문로34나길 43 (동선동3가),근린생활1,제1종근린생활시설,1009111022,지번
1129011800101390000,서울특별시 성북구 동선동3가,서울특별시 성북구 동소문로26길 13 (동선동3가),근린생활2,제2종근린생활시설,1009110969,지번
1129010700101030027,서울특별시 성북구 동소문동4가,서울특별시 성북구 동소문로13가길 46 (동소문동4가),근린생활2,제2종근린생활시설,100916505,지번
1129012000101660000,서울특별시 성북구 동선동5가,서울특별시 성북구 아리랑로 58 (동선동5가),근린생활2,제2종근린생활시설,1009111813,지번
1129013300109570003,서울특별시 성북구 정릉동,서울특별시 성북구 정릉로6길 37 (정릉동),근린생활1,제1종근린생활시설,1009121683,지번
1129011400100730000,서울특별시 성북구 삼선동4가,서울특별시 성북구 삼선교로23길 23 (삼선동4가),근린생활1,공동주택,100919558,지번
1129011400100730000,서울특별시 성북구 삼선동4가,서울특별시 성북구 삼선교로23길 23 (삼선동4가),근린생활1,제1종근린생활시설,100919559,지번
1129011400100730000,서울특별시 성북구 삼선동4가,서울특별시 성북구 삼선교로23길 23 (삼선동4가),근린생활1,공동주택,100919560,지번
1129011400100730000,서울특별시 성북구 삼선동4가,서울특별시 성북구 삼선교로23길 23 (삼선동4가),근린생활1,공동주택,100919561,지번
1129011400100730000,서울특별시 성북구 삼선동4가,서울특별시 성북구 삼선교로23길 23 (삼선동4가),근린생활1,공동주택,100919562,지번
1129011400100730000,서울특별시 성북구 삼선동4가,서울특별시 성북구 삼선교로23길 23 (삼선동4가),근린생활1,공동주택,100919563,지번
1129010800101180016,서울특별시 성북구 동소문동5가,서울특별시 성북구 보문로38길 43 (동소문동5가),근린생활2,제2종근린생활시설,100916788,지번
1129011600100870000,서울특별시 성북구 동선동1가,서울특별시 성북구 동소문로22길 15 (동선동1가),근린생활1,제1종근린생활시설,1009110348,지번
1129010800101180015,서울특별시 성북구 동소문동5가,서울특별시 성북구 동소문로20길 32 (동소문동5가),근린생활1,제1종근린생활시설,100916787,지번
1129011900100980002,서울특별시 성북구 동선동4가,서울특별시 성북구 동소문로 113 (동선동4가),근린생활2,제2종근린생활시설,1009111260,지번
1129013300108940007,서울특별시 성북구 정릉동,서울특별시 성북구 정릉로10길 33-5 (정릉동),근린생활2,제2종근린생활시설,1009121571,지번
1129010600100820000,서울특별시 성북구 동소문동3가,서울특별시 성북구 보문로39길 4 (동소문동3가),근린생활2,제2종근린생활시설,100916427,지번
1129010900101070000,서울특별시 성북구 동소문동6가,서울특별시 성북구 동소문로17길 1 (동소문동6가),근린생활2,제2종근린생활시설,100916886,지번
1129010100101070001,서울특별시 성북구 성북동,서울특별시 성북구 성북로 111 (성북동),근린생활2,제2종근린생활시설,100912542,지번
1129010100100970031,서울특별시 성북구 성북동,서울특별시 성북구 성북로 108 (성북동),근린생활1,제1종근린생활시설,100912533,지번
1129010600100770000,서울특별시 성북구 동소문동3가,서울특별시 성북구 동소문로 64 (동소문동3가),근린생활2,제2종근린생활시설,100916422,지번
1129012000101640000,서울특별시 성북구 동선동5가,서울특별시 성북구 아리랑로 56 (동선동5가),근린생활2,제2종근린생활시설,1009111811,지번
1129010900101580000,서울특별시 성북구 동소문동6가,서울특별시 성북구 동소문로17길 28 (동소문동6가),근린생활1,제1종근린생활시설,100916922,지번
1129010100100370024,서울특별시 성북구 성북동,서울특별시 성북구 선잠로2길 19 (성북동),근린생활2,제2종근린생활시설,100912278,지번
1129012300101370066,서울특별시 성북구 안암동3가,서울특별시 성북구 보문로22길 62 (안암동3가),근린생활2,제2종근린생활시설,1009113001,지번
1129010700101350000,서울특별시 성북구 동소문동4가,서울특별시 성북구 동소문로13가길 40 (동소문동4가),근린생활1,제1종근린생활시설,100916530,지번
1129010400100610000,서울특별시 성북구 동소문동1가,서울특별시 성북구 성북로2길 47 (동소문동1가),근린생활2,제2종근린생활시설,10091100189594,지번
1129012000101410002,서울특별시 성북구 동선동5가,서울특별시 성북구 아리랑로 38 (동선동5가),근린생활2,제2종근린생활시설,1009111772,지번
1129011900100040000,서울특별시 성북구 동선동4가,서울특별시 성북구 동소문로 109-3 (동선동4가),근린생활1,제1종근린생활시설,1009111192,지번
1129011800102140001,서울특별시 성북구 동선동3가,서울특별시 성북구 보문로34다길 25 (동선동3가),근린생활2,제2종근린생활시설,1009111047,지번
1129011700101040000,서울특별시 성북구 동선동2가,서울특별시 성북구 보문로30길 61 (동선동2가),근린생활2,제2종근린생활시설,10091100183209,지번
1129010100101310080,서울특별시 성북구 성북동,서울특별시 성북구 창경궁로35다길 130 (성북동),근린생활2,제2종근린생활시설,100912716,지번
1129010100100750034,서울특별시 성북구 성북동,서울특별시 성북구 선잠로 9-26 (성북동),근린생활2,제2종근린생활시설,100912454,지번
1129010100100450004,서울특별시 성북구 성북동,서울특별시 성북구 선잠로2길 26 (성북동),근린생활1,제1종근린생활시설,100912290,지번
1129010700102690000,서울특별시 성북구 동소문동4가,서울특별시 성북구 동소문로 67 (동소문동4가),근린생활1,제1종근린생활시설,100916601,지번
1129012100101720000,서울특별시 성북구 안암동1가,서울특별시 성북구 보문로30가길 40 (안암동1가),근린생활1,제1종근린생활시설,1009112054,지번
1129012200101390026,서울특별시 성북구 안암동2가,서울특별시 성북구 고려대로 19 (안암동2가),근린생활2,제2종근린생활시설,1009112520,지번
1129011100100750000,서울특별시 성북구 삼선동1가,서울특별시 성북구 삼선교로 26 (삼선동1가),근린생활1,제1종근린생활시설,100917545,지번
1129012000101560001,서울특별시 성북구 동선동5가,서울특별시 성북구 아리랑로 52 (동선동5가),근린생활2,제2종근린생활시설,1009111800,지번
1129013000100500000,서울특별시 성북구 보문동1가,서울특별시 성북구 고려대로1길 31 (보문동1가),근린생활2,제2종근린생활시설,1009115424,지번
1129013100100960000,서울특별시 성북구 보문동2가,서울특별시 성북구 보문로 117-5 (보문동2가),근린생활1,제1종근린생활시설,1009116062,지번
1129010100100150210,서울특별시 성북구 성북동,서울특별시 성북구 선잠로5가길 58 (성북동),근린생활1,제1종근린생활시설,100912150,지번
1129010100102560003,서울특별시 성북구 성북동,서울특별시 성북구 성북로26길 13 (성북동),근린생활2,제2종근린생활시설,100913623,지번
1129011100100450000,서울특별시 성북구 삼선동1가,서울특별시 성북구 삼선교로6길 3 (삼선동1가),근린생활1,제1종근린생활시설,100917520,지번
1129011500100640005,서울특별시 성북구 삼선동5가,서울특별시 성북구 삼선교로18나길 13 (삼선동5가),근린생활2,제2종근린생활시설,10091100202230,지번
1129012300100860000,서울특별시 성북구 안암동3가,서울특별시 성북구 보문로22길 28 (안암동3가),근린생활2,제2종근린생활시설,1009112792,지번
1129010100103300487,서울특별시 성북구 성북동,서울특별시 성북구 대사관로3길 27-9 (성북동),근린생활1,제1종근린생활시설,100913992,지번
1129012100103120000,서울특별시 성북구 안암동1가,서울특별시 성북구 보문로26길 73 (안암동1가),근린생활1,제1종근린생활시설,1009112185,지번
1129012200100970010,서울특별시 성북구 안암동2가,서울특별시 성북구 고려대로13길 18-20 (안암동2가),근린생활2,제2종근린생활시설,10091100185246,지번
1129013300109570005,서울특별시 성북구 정릉동,서울특별시 성북구 정릉로6길 31 (정릉동),근린생활1,제1종근린생활시설,1009121685,지번
1129013400110760001,서울특별시 성북구 길음동,서울특별시 성북구 삼양로 16 (길음동),근린생활2,제2종근린생활시설,1009124437,지번
1129012200101180008,서울특별시 성북구 안암동2가,서울특별시 성북구 고려대로 51 (안암동2가),근린생활1,제1종근린생활시설,1009112465,지번
1129012400100410018,서울특별시 성북구 안암동4가,서울특별시 성북구 안암로9가길 6 (안암동4가),근린생활2,제2종근린생활시설,1009113165,지번
1129010100101840084,서울특별시 성북구 성북동,서울특별시 성북구 성북로 24 (성북동),근린생활1,제1종근린생활시설,100913321,지번
1129011200101270000,서울특별시 성북구 삼선동2가,서울특별시 성북구 삼선교로14길 9 (삼선동2가),근린생활2,제2종근린생활시설,100918372,지번
1129011500101000004,서울특별시 성북구 삼선동5가,서울특별시 성북구 삼선교로20길 53 (삼선동5가),근린생활1,제1종근린생활시설,100919714,지번
1129010100101120001,서울특별시 성북구 성북동,서울특별시 성북구 성북로23길 15 (성북동),근린생활1,제1종근린생활시설,100912565,지번
1129010100102430005,서울특별시 성북구 성북동,서울특별시 성북구 성북로 127 (성북동),근린생활2,제2종근린생활시설,100913606,지번
1129010100101140002,서울특별시 성북구 성북동,서울특별시 성북구 성북로 115 (성북동),근린생활1,제1종근린생활시설,100912613,지번
1129012200101180007,서울특별시 성북구 안암동2가,서울특별시 성북구 고려대로 49 (안암동2가),근린생활1,제1종근린생활시설,1009112464,지번
1129013300107780001,서울특별시 성북구 정릉동,서울특별시 성북구 보국문로30길 12 (정릉동),근린생활2,단독주택,10091100215833,지번
1129013300107780001,서울특별시 성북구 정릉동,서울특별시 성북구 보국문로30길 12 (정릉동),근린생활2,제2종근린생활시설,10091100215834,지번
1129010100100970024,서울특별시 성북구 성북동,서울특별시 성북구 성북로 118-5 (성북동),근린생활2,제2종근린생활시설,100912529,지번
1129011200102600000,서울특별시 성북구 삼선동2가,서울특별시 성북구 삼선교로14길 66 (삼선동2가),근린생활1,제1종근린생활시설,100918528,지번
1129011600100020003,서울특별시 성북구 동선동1가,서울특별시 성북구 동소문로20가길 14 (동선동1가),근린생활2,제2종근린생활시설,1009110071,지번
1129012800100510000,서울특별시 성북구 보문동6가,서울특별시 성북구 지봉로20길 74-2 (보문동6가),근린생활1,제1종근린생활시설,1009114596,지번
1129011100100110059,서울특별시 성북구 삼선동1가,서울특별시 성북구 삼선교로2길 23 (삼선동1가),근린생활1,제1종근린생활시설,100917381,지번
1129011500103260000,서울특별시 성북구 삼선동5가,서울특별시 성북구 보문로 156-1 (삼선동5가),근린생활1,제1종근린생활시설,100919948,지번
1129011500103240000,서울특별시 성북구 삼선동5가,서울특별시 성북구 보문로 156-2 (삼선동5가),근린생활1,제1종근린생활시설,100919947,지번
1129011500103160000,서울특별시 성북구 삼선동5가,서울특별시 성북구 보문로 162 (삼선동5가),근린생활2,제2종근린생활시설,100919940,지번
1129011700101450000,서울특별시 성북구 동선동2가,서울특별시 성북구 보문로30나길 33 (동선동2가),근린생활2,제2종근린생활시설,1009110624,지번
1129011800102260004,서울특별시 성북구 동선동3가,서울특별시 성북구 보문로34가길 18 (동선동3가),근린생활1,제1종근린생활시설,1009111062,지번
1129010400100960000,서울특별시 성북구 동소문동1가,서울특별시 성북구 동소문로 21-1 (동소문동1가),근린생활1,제1종근린생활시설,100916022,지번
1129011500102990009,서울특별시 성북구 삼선동5가,서울특별시 성북구 삼선교로24길 27-1 (삼선동5가),근린생활1,단독주택,100919921,지번
1129011500102990009,서울특별시 성북구 삼선동5가,서울특별시 성북구 삼선교로24길 27 (삼선동5가),근린생활1,제1종근린생활시설,100919922,지번
1129012100100860000,서울특별시 성북구 안암동1가,서울특별시 성북구 고려대로7라길 39 (안암동1가),근린생활1,제1종근린생활시설,1009111970,지번
1129012100102450002,서울특별시 성북구 안암동1가,서울특별시 성북구 보문로26길 41 (안암동1가),근린생활2,제2종근린생활시설,1009112123,지번
1129011100100440000,서울특별시 성북구 삼선동1가,서울특별시 성북구 삼선교로 16 (삼선동1가),근린생활1,제1종근린생활시설,100917519,지번
1129013600100180044,서울특별시 성북구 하월곡동,서울특별시 성북구 장월로1길 111-5 (하월곡동),근린생활2,제2종근린생활시설,10091100198730,지번
1129013600101650000,서울특별시 성북구 하월곡동,서울특별시 성북구 월계로 14 (하월곡동),근린생활2,제2종근린생활시설,10091100211451,지번
1129013500100520014,서울특별시 성북구 종암동,서울특별시 성북구 종암로19길 51-27 (종암동),근린생활2,제2종근린생활시설,10091100208235,지번
1129013900102680003,서울특별시 성북구 석관동,서울특별시 성북구 돌곶이로 51 (석관동),근린생활2,제2종근린생활시설,10091100214212,지번
1129011800102520002,서울특별시 성북구 동선동3가,서울특별시 성북구 동소문로26가길 47 (동선동3가),근린생활2,제2종근린생활시설,10091100183324,지번
1129010100100150218,서울특별시 성북구 성북동,서울특별시 성북구 대사관로 141-24 (성북동),근린생활1,제1종근린생활시설,100912153,지번
1129011700101350019,서울특별시 성북구 동선동2가,서울특별시 성북구 보문로34길 68-5 (동선동2가),근린생활1,제1종근린생활시설,1009110602,지번
1129011500102990002,서울특별시 성북구 삼선동5가,서울특별시 성북구 삼선교로24길 9 (삼선동5가),근린생활2,제2종근린생활시설,100919913,지번
1129013300106840012,서울특별시 성북구 정릉동,서울특별시 성북구 솔샘로 11 (정릉동),근린생활2,제2종근린생활시설,10091100227851,지번
1129013600100901470,서울특별시 성북구 하월곡동,서울특별시 성북구 종암로38길 31-4 (하월곡동),근린생활1,제1종근린생활시설,10091100237234,지번
1129011400103460002,서울특별시 성북구 삼선동4가,서울특별시 성북구 보문로37길 3 (삼선동4가),근린생활2,제2종근린생활시설,100919491,지번
1129011400100090007,서울특별시 성북구 삼선동4가,서울특별시 성북구 삼선교로23가길 72 (삼선동4가),근린생활2,제2종근린생활시설,100919278,지번
1129011400103120000,서울특별시 성북구 삼선동4가,서울특별시 성북구 삼선교로 75-1 (삼선동4가),근린생활2,제2종근린생활시설,10091100187502,지번
1129010800100670005,서울특별시 성북구 동소문동5가,서울특별시 성북구 동소문로 88 (동소문동5가),근린생활1,제1종근린생활시설,100916734,지번
1129011100103000003,서울특별시 성북구 삼선동1가,서울특별시 성북구 삼선교로4길 146-9 (삼선동1가),근린생활1,제1종근린생활시설,100918212,지번
1129011600100850017,서울특별시 성북구 동선동1가,서울특별시 성북구 동소문로24가길 17 (동선동1가),근린생활1,제1종근린생활시설,1009110197,지번
1129011700101350020,서울특별시 성북구 동선동2가,서울특별시 성북구 보문로34길 68-3 (동선동2가),근린생활1,제1종근린생활시설,1009110603,지번
1129013000100560000,서울특별시 성북구 보문동1가,서울특별시 성북구 보문로28길 6 (보문동1가),근린생활2,제2종근린생활시설,1009115431,지번
1129010100101830028,서울특별시 성북구 성북동,서울특별시 성북구 성북로8길 18-1 (성북동),근린생활1,제1종근린생활시설,100913284,지번
1129011600100850104,서울특별시 성북구 동선동1가,서울특별시 성북구 동소문로22길 39 (동선동1가),근린생활1,제1종근린생활시설,1009110336,지번
1129010200100750003,서울특별시 성북구 성북동1가,서울특별시 성북구 성북로7길 3 (성북동1가),근린생활2,제2종근린생활시설,100914397,지번
1129011700101500000,서울특별시 성북구 동선동2가,서울특별시 성북구 보문로30나길 37 (동선동2가),근린생활2,제2종근린생활시설,1009110627,지번
1129011600100030008,서울특별시 성북구 동선동1가,서울특별시 성북구 동소문로20다길 7 (동선동1가),근린생활1,제1종근린생활시설,1009110086,지번
1129011600100030006,서울특별시 성북구 동선동1가,서울특별시 성북구 동소문로20다길 11 (동선동1가),근린생활2,제2종근린생활시설,1009110084,지번
1129011900100070000,서울특별시 성북구 동선동4가,서울특별시 성북구 아리랑로 4 (동선동4가),근린생활1,제1종근린생활시설,1009111195,지번
1129010800100080001,서울특별시 성북구 동소문동5가,서울특별시 성북구 동소문로 74 (동소문동5가),근린생활1,제1종근린생활시설,100916664,지번
1129011500100220000,서울특별시 성북구 삼선동5가,서울특별시 성북구 삼선교로 80 (삼선동5가),근린생활1,제1종근린생활시설,100919588,지번
1129012600100750000,서울특별시 성북구 보문동4가,서울특별시 성북구 보문로 80 (보문동4가),근린생활2,제2종근린생활시설,1009114020,지번
1129011400102770000,서울특별시 성북구 삼선동4가,서울특별시 성북구 삼선교로23길 15 (삼선동4가),근린생활2,제2종근린생활시설,100919413,지번
1129011400103380001,서울특별시 성북구 삼선동4가,서울특별시 성북구 보문로 185 (삼선동4가),근린생활2,제2종근린생활시설,100919467,지번
1129010700100830000,서울특별시 성북구 동소문동4가,서울특별시 성북구 동소문로3길 78 (동소문동4가),근린생활1,제1종근린생활시설,100916480,지번
1129012200101220002,서울특별시 성북구 안암동2가,서울특별시 성북구 고려대로 31-2 (안암동2가),근린생활1,제1종근린생활시설,1009112490,지번
1129012100103130002,서울특별시 성북구 안암동1가,서울특별시 성북구 보문로26길 75 (안암동1가),근린생활2,제2종근린생활시설,1009112186,지번
1129012200101550008,서울특별시 성북구 안암동2가,서울특별시 성북구 고려대로 34-12 (안암동2가),근린생활2,제2종근린생활시설,1009112600,지번
1129011700101310000,서울특별시 성북구 동선동2가,서울특별시 성북구 동소문로22길 57-1 (동선동2가),근린생활1,제1종근린생활시설,1009110583,지번
1129011500102740004,서울특별시 성북구 삼선동5가,서울특별시 성북구 보문로 159-4 (삼선동5가),근린생활1,제1종근린생활시설,100919879,지번
1129011500103670000,서울특별시 성북구 삼선동5가,서울특별시 성북구 고려대로1길 94 (삼선동5가),근린생활1,제1종근린생활시설,100919973,지번
1129012700100020000,서울특별시 성북구 보문동5가,서울특별시 성북구 보문로23길 7 (보문동5가),근린생활1,제1종근린생활시설,1009114185,지번
1129012700101560001,서울특별시 성북구 보문동5가,서울특별시 성북구 보문로 73 (보문동5가),근린생활2,제2종근린생활시설,1009114329,지번
1129012700101550000,서울특별시 성북구 보문동5가,서울특별시 성북구 지봉로24길 79 (보문동5가),근린생활1,제1종근린생활시설,1009114328,지번
1129013300100450013,서울특별시 성북구 정릉동,서울특별시 성북구 북악산로 852-2 (정릉동),근린생활1,제1종근린생활시설,1009116931,지번
1129010800100900000,서울특별시 성북구 동소문동5가,서울특별시 성북구 동소문로18길 9 (동소문동5가),근린생활1,제1종근린생활시설,100916759,지번
1129013100100950000,서울특별시 성북구 보문동2가,서울특별시 성북구 보문로 117 (보문동2가),근린생활1,제1종근린생활시설,1009116061,지번
1129013100100400000,서울특별시 성북구 보문동2가,서울특별시 성북구 보문로 131-9 (보문동2가),근린생활2,단독주택,1009115947,지번
1129013100100400000,서울특별시 성북구 보문동2가,,근린생활2,단독주택,1009115948,지번
1129013100100400000,서울특별시 성북구 보문동2가,서울특별시 성북구 보문로 131-7 (보문동2가),근린생활2,단독주택,1009115949,지번
1129013100100400000,서울특별시 성북구 보문동2가,,근린생활2,단독주택,1009115950,지번
1129013100100400000,서울특별시 성북구 보문동2가,서울특별시 성북구 보문로 129-6 (보문동2가),근린생활2,단독주택,1009115951,지번
1129013100100400000,서울특별시 성북구 보문동2가,,근린생활2,제2종근린생활시설,1009115952,지번
1129013100100400000,서울특별시 성북구 보문동2가,,근린생활2,단독주택,1009115953,지번
1129013100101820000,서울특별시 성북구 보문동2가,서울특별시 성북구 지봉로24길 12 (보문동2가),근린생활2,제2종근린생활시설,1009116140,지번
1129012700100370000,서울특별시 성북구 보문동5가,서울특별시 성북구 보문로23길 19 (보문동5가),근린생활2,제2종근린생활시설,1009114219,지번
1129012300101000008,서울특별시 성북구 안암동3가,서울특별시 성북구 고려대로8길 69 (안암동3가),근린생활1,제1종근린생활시설,1009112815,지번
1129012600100940000,서울특별시 성북구 보문동4가,서울특별시 성북구 안암로1길 71 (보문동4가),근린생활2,제2종근린생활시설,1009114050,지번
1129010800100640001,서울특별시 성북구 동소문동5가,서울특별시 성북구 동소문로18길 4 (동소문동5가),근린생활1,제1종근린생활시설,100916730,지번
1129011900100110000,서울특별시 성북구 동선동4가,서울특별시 성북구 아리랑로 6 (동선동4가),근린생활1,제1종근린생활시설,1009111196,지번
1129011600100150000,서울특별시 성북구 동선동1가,서울특별시 성북구 동소문로20길 37-13 (동선동1가),근린생활2,제2종근린생활시설,1009110111,지번
1129011600101110000,서울특별시 성북구 동선동1가,서울특별시 성북구 동소문로20가길 33 (동선동1가),근린생활2,제2종근린생활시설,1009110376,지번
1129011700101400000,서울특별시 성북구 동선동2가,서울특별시 성북구 보문로34길 56 (동선동2가),근린생활1,제1종근린생활시설,1009110613,지번
1129010800100920000,서울특별시 성북구 동소문동5가,서울특별시 성북구 동소문로18길 17-3 (동소문동5가),근린생활1,제1종근린생활시설,100916761,지번
1129011600100020012,서울특별시 성북구 동선동1가,서울특별시 성북구 동소문로20나길 3 (동선동1가),근린생활2,제2종근린생활시설,1009110078,지번
1129011600100030011,서울특별시 성북구 동선동1가,서울특별시 성북구 동소문로20나길 2 (동선동1가),근린생활2,제2종근린생활시설,1009110088,지번
1129011600100040011,서울특별시 성북구 동선동1가,서울특별시 성북구 동소문로20다길 4 (동선동1가),근린생활2,제2종근린생활시설,1009110100,지번
1129012100100780000,서울특별시 성북구 안암동1가,서울특별시 성북구 보문로30가길 32 (안암동1가),근린생활1,제1종근린생활시설,1009111962,지번
1129011300100130000,서울특별시 성북구 삼선동3가,서울특별시 성북구 삼선교로 64-1 (삼선동3가),근린생활1,제1종근린생활시설,100918877,지번
1129010700102050000,서울특별시 성북구 동소문동4가,서울특별시 성북구 동소문로13길 39-1 (동소문동4가),근린생활1,제1종근린생활시설,100916574,지번
1129010900100250001,서울특별시 성북구 동소문동6가,서울특별시 성북구 동소문로13나길 15-17 (동소문동6가),근린생활2,제2종근린생활시설,100916816,지번
1129010900101100000,서울특별시 성북구 동소문동6가,서울특별시 성북구 동소문로15길 8 (동소문동6가),근린생활1,제1종근린생활시설,100916890,지번
1129012200101200010,서울특별시 성북구 안암동2가,서울특별시 성북구 고려대로11길 6 (안암동2가),근린생활2,제2종근린생활시설,1009112479,지번
1129011500101970000,서울특별시 성북구 삼선동5가,서울특별시 성북구 보문로29가길 30 (삼선동5가),근린생활1,제1종근린생활시설,100919819,지번
1129011700100930000,서울특별시 성북구 동선동2가,서울특별시 성북구 보문로32길 50-3 (동선동2가),근린생활1,제1종근린생활시설,1009110558,지번
1129011700102030000,서울특별시 성북구 동선동2가,서울특별시 성북구 보문로30가길 19 (동선동2가),근린생활2,제2종근린생활시설,1009110668,지번
1129011700101420007,서울특별시 성북구 동선동2가,서울특별시 성북구 보문로32길 73 (동선동2가),근린생활1,제1종근린생활시설,1009110621,지번
1129011700101420006,서울특별시 성북구 동선동2가,서울특별시 성북구 보문로30나길 27 (동선동2가),근린생활2,제2종근린생활시설,1009110620,지번
1129011700101420001,서울특별시 성북구 동선동2가,서울특별시 성북구 보문로30나길 29-1 (동선동2가),근린생활2,제2종근린생활시설,1009110615,지번
1129011500103400000,서울특별시 성북구 삼선동5가,서울특별시 성북구 보문로 150 (삼선동5가),근린생활2,제2종근린생활시설,100919956,지번
1129011500102620003,서울특별시 성북구 삼선동5가,서울특별시 성북구 삼선교로24길 41 (삼선동5가),근린생활1,제1종근린생활시설,100919870,지번
1129011500103930000,서울특별시 성북구 삼선동5가,서울특별시 성북구 고려대로5길 75 (삼선동5가),근린생활2,제2종근린생활시설,100919996,지번
1129010400101010000,서울특별시 성북구 동소문동1가,서울특별시 성북구 성북로2길 50 (동소문동1가),근린생활2,제2종근린생활시설,100916025,지번
1129010400100490000,서울특별시 성북구 동소문동1가,서울특별시 성북구 성북로2길 27 (동소문동1가),근린생활1,제1종근린생활시설,100915991,지번
1129011100103030000,서울특별시 성북구 삼선동1가,서울특별시 성북구 삼선교로4길 147 (삼선동1가),근린생활1,교육연구시설,100918235,지번
1129011100103030000,서울특별시 성북구 삼선동1가,서울특별시 성북구 삼선교로4길 147 (삼선동1가),근린생활1,교육연구시설,100918236,지번
1129011100103030000,서울특별시 성북구 삼선동1가,서울특별시 성북구 삼선교로4길 147 (삼선동1가),근린생활1,제1종근린생활시설,100918237,지번
1129011100103030000,서울특별시 성북구 삼선동1가,서울특별시 성북구 삼선교로4길 147 (삼선동1가),근린생활1,교육연구시설,100918238,지번
1129011100103030000,서울특별시 성북구 삼선동1가,서울특별시 성북구 삼선교로4길 147 (삼선동1가),근린생활1,교육연구시설,100918239,지번
1129011100103030000,서울특별시 성북구 삼선동1가,서울특별시 성북구 삼선교로4길 147 (삼선동1가),근린생활1,교육연구시설,100918240,지번
1129011100103030000,서울특별시 성북구 삼선동1가,서울특별시 성북구 삼선교로4길 147 (삼선동1가),근린생활1,교육연구시설,100918241,지번
1129011400101040007,서울특별시 성북구 삼선동4가,서울특별시 성북구 보문로37길 9 (삼선동4가),근린생활2,제2종근린생활시설,100919369,지번
1129011000100100005,서울특별시 성북구 동소문동7가,서울특별시 성북구 아리랑로 27-24 (동소문동7가),근린생활2,제2종근린생활시설,100917095,지번
1129011000100100005,서울특별시 성북구 동소문동7가,서울특별시 성북구 아리랑로 27-24 (동소문동7가),근린생활2,제1종근린생활시설,100917096,지번
1129011000100100005,서울특별시 성북구 동소문동7가,서울특별시 성북구 아리랑로 27-24 (동소문동7가),근린생활2,노유자시설,100917097,지번
1129012000101480000,서울특별시 성북구 동선동5가,서울특별시 성북구 아리랑로6가길 17 (동선동5가),근린생활2,제2종근린생활시설,1009111790,지번
1129010700101030017,서울특별시 성북구 동소문동4가,서울특별시 성북구 동소문로13가길 52 (동소문동4가),근린생활2,제2종근린생활시설,100916501,지번
1129010400100280000,서울특별시 성북구 동소문동1가,서울특별시 성북구 동소문로 9-1 (동소문동1가),근린생활1,제1종근린생활시설,100915954,지번
1129011500102760000,서울특별시 성북구 삼선동5가,서울특별시 성북구 보문로 161 (삼선동5가),근린생활2,제2종근린생활시설,100919881,지번
1129012100102140000,서울특별시 성북구 안암동1가,서울특별시 성북구 고려대로13길 45 (안암동1가),근린생활1,제1종근린생활시설,1009112090,지번
1129012100101050006,서울특별시 성북구 안암동1가,서울특별시 성북구 고려대로7길 48 (안암동1가),근린생활2,제2종근린생활시설,1009111992,지번
1129011100100880000,서울특별시 성북구 삼선동1가,서울특별시 성북구 삼선교로10길 14 (삼선동1가),근린생활2,제2종근린생활시설,100917566,지번
1129011500100280004,서울특별시 성북구 삼선동5가,서울특별시 성북구 삼선교로24길 22 (삼선동5가),근린생활2,제2종근린생활시설,100919593,지번
1129010800100550003,서울특별시 성북구 동소문동5가,서울특별시 성북구 보문로 202 (동소문동5가),근린생활1,제1종근린생활시설,100916688,지번
1129010700102490000,서울특별시 성북구 동소문동4가,서울특별시 성북구 동소문로3길 148 (동소문동4가),근린생활2,제2종근린생활시설,100916594,지번
1129010800101180005,서울특별시 성북구 동소문동5가,서울특별시 성북구 보문로38길 49 (동소문동5가),근린생활2,제2종근린생활시설,100916782,지번
1129010800101070000,서울특별시 성북구 동소문동5가,서울특별시 성북구 동소문로20길 28-4 (동소문동5가),근린생활2,제2종근린생활시설,100916771,지번
1129012000100700031,서울특별시 성북구 동선동5가,서울특별시 성북구 동소문로29길 47-10 (동선동5가),근린생활2,제2종근린생활시설,1009111645,지번
1129012700100140000,서울특별시 성북구 보문동5가,서울특별시 성북구 보문로 95 (보문동5가),근린생활2,제2종근린생활시설,1009114199,지번
1129011100100890000,서울특별시 성북구 삼선동1가,서울특별시 성북구 삼선교로10길 10 (삼선동1가),근린생활2,제2종근린생활시설,100917567,지번
1129011500100610000,서울특별시 성북구 삼선동5가,서울특별시 성북구 보문로31길 24 (삼선동5가),근린생활1,제1종근린생활시설,100919641,지번
1129012100101990000,서울특별시 성북구 안암동1가,서울특별시 성북구 고려대로7다길 22 (안암동1가),근린생활1,제1종근린생활시설,1009112075,지번
1129012200101390001,서울특별시 성북구 안암동2가,서울특별시 성북구 고려대로11길 5 (안암동2가),근린생활2,제2종근린생활시설,1009112508,지번
1129012100102270001,서울특별시 성북구 안암동1가,서울특별시 성북구 고려대로7다길 8 (안암동1가),근린생활2,제2종근린생활시설,1009112103,지번
1129011700101350015,서울특별시 성북구 동선동2가,서울특별시 성북구 보문로34길 72-4 (동선동2가),근린생활2,제2종근린생활시설,1009110599,지번
1129011700101350013,서울특별시 성북구 동선동2가,서울특별시 성북구 보문로34길 72 (동선동2가),근린생활1,제1종근린생활시설,1009110597,지번
1129011500102990010,서울특별시 성북구 삼선동5가,서울특별시 성북구 삼선교로24길 29 (삼선동5가),근린생활2,제2종근린생활시설,100919923,지번
1129011500102990010,서울특별시 성북구 삼선동5가,서울특별시 성북구 삼선교로24길 31 (삼선동5가),근린생활2,제2종근린생활시설,100919924,지번
1129011700101350010,서울특별시 성북구 동선동2가,서울특별시 성북구 보문로34길 72-5 (동선동2가),근린생활2,제2종근린생활시설,1009110594,지번
1129010400101150000,서울특별시 성북구 동소문동1가,서울특별시 성북구 동소문로7길 5 (동소문동1가),근린생활2,제2종근린생활시설,100916033,지번
1129010200100080000,서울특별시 성북구 성북동1가,서울특별시 성북구 창경궁로43길 7 (성북동1가),근린생활2,제2종근린생활시설,100914309,지번
1129010300100460003,서울특별시 성북구 돈암동,서울특별시 성북구 북악산로 866 (돈암동),근린생활2,제2종근린생활시설,100914918,지번
1129010100101790151,서울특별시 성북구 성북동,서울특별시 성북구 성북로4길 63 (성북동),근린생활2,제2종근린생활시설,100913251,지번
1129010800100850000,서울특별시 성북구 동소문동5가,서울특별시 성북구 동소문로20길 12 (동소문동5가),근린생활1,제1종근린생활시설,100916753,지번
1129011600100580000,서울특별시 성북구 동선동1가,서울특별시 성북구 동소문로22길 48 (동선동1가),근린생활1,제1종근린생활시설,1009110136,지번
1129012700100760000,서울특별시 성북구 보문동5가,서울특별시 성북구 지봉로24길 36 (보문동5가),근린생활1,제1종근린생활시설,1009114251,지번
1129012700101560003,서울특별시 성북구 보문동5가,서울특별시 성북구 보문로17길 4 (보문동5가),근린생활1,제1종근린생활시설,1009114330,지번
1129012700101630000,서울특별시 성북구 보문동5가,서울특별시 성북구 지봉로20길 69 (보문동5가),근린생활2,제2종근린생활시설,1009114351,지번
1129013100100030001,서울특별시 성북구 보문동2가,서울특별시 성북구 보문로29길 1 (보문동2가),근린생활2,제2종근린생활시설,1009115891,지번
1129013900101680002,서울특별시 성북구 석관동,서울특별시 성북구 화랑로40길 61 (석관동),근린생활2,제2종근린생활시설,10091100214673,지번
1129011900101370000,서울특별시 성북구 동선동4가,서울특별시 성북구 동소문로23길 8-12 (동선동4가),근린생활2,제2종근린생활시설,1009111295,지번
1129011200101200000,서울특별시 성북구 삼선동2가,서울특별시 성북구 삼선교로16길 4 (삼선동2가),근린생활2,제2종근린생활시설,10091100186334,지번
1129010800100170000,서울특별시 성북구 동소문동5가,서울특별시 성북구 동소문로 80 (동소문동5가),근린생활1,제1종근린생활시설,100916672,지번
1129013100101520000,서울특별시 성북구 보문동2가,서울특별시 성북구 지봉로 178-3 (보문동2가),근린생활2,제2종근린생활시설,1009116117,지번
1129011200100060000,서울특별시 성북구 삼선동2가,서울특별시 성북구 삼선교로11길 24 (삼선동2가),근린생활1,제1종근린생활시설,100918277,지번
1129011200100220000,서울특별시 성북구 삼선동2가,서울특별시 성북구 삼선교로 39 (삼선동2가),근린생활2,제2종근린생활시설,100918834,지번
1129013100101240000,서울특별시 성북구 보문동2가,서울특별시 성북구 지봉로24길 21 (보문동2가),근린생활1,제1종근린생활시설,1009116086,지번
1129010100102320012,서울특별시 성북구 성북동,서울특별시 성북구 성북로27길 12 (성북동),근린생활2,문화및집회시설,100913592,지번
1129010100102130036,서울특별시 성북구 성북동,서울특별시 성북구 성북로27길 40 (성북동),근린생활1,제1종근린생활시설,100913407,지번
1129013100100750013,서울특별시 성북구 보문동2가,서울특별시 성북구 지봉로 177-1 (보문동2가),근린생활1,제1종근린생활시설,1009116035,지번
1129011200100180000,서울특별시 성북구 삼선동2가,서울특별시 성북구 삼선교로 37 (삼선동2가),근린생활2,제2종근린생활시설,100918290,지번
1129011300100560001,서울특별시 성북구 삼선동3가,서울특별시 성북구 보문로29길 101 (삼선동3가),근린생활1,제1종근린생활시설,100919060,지번
1129013100100070002,서울특별시 성북구 보문동2가,서울특별시 성북구 보문로29길 17 (보문동2가),근린생활1,제1종근린생활시설,1009115913,지번
1129013000101270000,서울특별시 성북구 보문동1가,서울특별시 성북구 보문로 116 (보문동1가),근린생활2,제2종근린생활시설,1009115694,지번
1129011100100110117,서울특별시 성북구 삼선동1가,서울특별시 성북구 삼선교로2가길 11 (삼선동1가),근린생활1,제1종근린생활시설,100917421,지번
1129011100100110123,서울특별시 성북구 삼선동1가,서울특별시 성북구 삼선교로4가길 13-1 (삼선동1가),근린생활1,제1종근린생활시설,100917426,지번
1129011100100110054,서울특별시 성북구 삼선동1가,서울특별시 성북구 삼선교로4가길 11 (삼선동1가),근린생활1,제1종근린생활시설,100917379,지번
1129011100100190000,서울특별시 성북구 삼선동1가,서울특별시 성북구 삼선교로 8 (삼선동1가),근린생활1,제1종근린생활시설,100917498,지번
1129011100100170000,서울특별시 성북구 삼선동1가,서울특별시 성북구 삼선교로 10 (삼선동1가),근린생활1,제1종근린생활시설,100917496,지번
1129011100100110185,서울특별시 성북구 삼선동1가,서울특별시 성북구 삼선교로2길 11 (삼선동1가),근린생활1,제1종근린생활시설,100917462,지번
1129011100100210000,서울특별시 성북구 삼선동1가,서울특별시 성북구 삼선교로 6 (삼선동1가),근린생활1,제1종근린생활시설,100917500,지번
1129011100100210000,서울특별시 성북구 삼선동1가,서울특별시 성북구 삼선교로 6 (삼선동1가),근린생활1,단독주택,100917502,지번
1129011300101010001,서울특별시 성북구 삼선동3가,서울특별시 성북구 보문로29길 111 (삼선동3가),근린생활2,제2종근린생활시설,100919142,지번
1129012100100520000,서울특별시 성북구 안암동1가,서울특별시 성북구 보문로30가길 16 (안암동1가),근린생활1,제1종근린생활시설,1009111940,지번
1129010400100400000,서울특별시 성북구 동소문동1가,서울특별시 성북구 성북로2길 18 (동소문동1가),근린생활2,제2종근린생활시설,100915968,지번
1129010400100270000,서울특별시 성북구 동소문동1가,서울특별시 성북구 동소문로 9 (동소문동1가),근린생활1,제1종근린생활시설,100915953,지번
1129010700101000000,서울특별시 성북구 동소문동4가,서울특별시 성북구 동소문로13가길 78 (동소문동4가),근린생활2,제2종근린생활시설,100916493,지번
1129010900102290000,서울특별시 성북구 동소문동6가,서울특별시 성북구 아리랑로 23 (동소문동6가),근린생활1,제1종근린생활시설,100917008,지번
1129010900101430002,서울특별시 성북구 동소문동6가,서울특별시 성북구 아리랑로 7-1 (동소문동6가),근린생활1,제1종근린생활시설,100916914,지번
1129012000100030002,서울특별시 성북구 동선동5가,서울특별시 성북구 아리랑로4길 7 (동선동5가),근린생활1,제1종근린생활시설,1009111570,지번
1129011900101590000,서울특별시 성북구 동선동4가,서울특별시 성북구 동소문로25길 13 (동선동4가),근린생활1,제1종근린생활시설,1009111315,지번
1129011900102100000,서울특별시 성북구 동선동4가,서울특별시 성북구 동소문로23길 26 (동선동4가),근린생활1,제1종근린생활시설,1009111359,지번
1129011600100030001,서울특별시 성북구 동선동1가,서울특별시 성북구 동소문로20나길 18 (동선동1가),근린생활2,제2종근린생활시설,1009110079,지번
1129011600100430000,서울특별시 성북구 동선동1가,서울특별시 성북구 동소문로20길 31 (동선동1가),근린생활1,제1종근린생활시설,1009110126,지번
1129010800100630006,서울특별시 성북구 동소문동5가,서울특별시 성북구 보문로40길 38 (동소문동5가),근린생활1,제1종근린생활시설,100916721,지번
1129011600100690000,서울특별시 성북구 동선동1가,서울특별시 성북구 동소문로20길 37-10 (동선동1가),근린생활2,제2종근린생활시설,1009110146,지번
1129010600100830000,서울특별시 성북구 동소문동3가,서울특별시 성북구 동소문로 68 (동소문동3가),근린생활1,제1종근린생활시설,100916428,지번
1129011600100920025,서울특별시 성북구 동선동1가,서울특별시 성북구 동소문로24길 20 (동선동1가),근린생활2,제2종근린생활시설,1009110364,지번
1129011000100070003,서울특별시 성북구 동소문동7가,서울특별시 성북구 동소문로13나길 116 (동소문동7가),근린생활1,제1종근린생활시설,100917084,지번
1129011200101890000,서울특별시 성북구 삼선동2가,서울특별시 성북구 삼선교로14길 35 (삼선동2가),근린생활1,제1종근린생활시설,100918429,지번
1129010100101830004,서울특별시 성북구 성북동,서울특별시 성북구 성북로8길 14 (성북동),근린생활1,제1종근린생활시설,100913264,지번
1129010700101170000,서울특별시 성북구 동소문동4가,서울특별시 성북구 동소문로 51-1 (동소문동4가),근린생활2,제2종근린생활시설,100916516,지번
1129012100101950000,서울특별시 성북구 안암동1가,서울특별시 성북구 고려대로13길 55 (안암동1가),근린생활1,제1종근린생활시설,1009112072,지번
1129011500102720000,서울특별시 성북구 삼선동5가,서울특별시 성북구 보문로 157 (삼선동5가),근린생활1,제1종근린생활시설,100919877,지번
1129011300100060003,서울특별시 성북구 삼선동3가,서울특별시 성북구 삼선교로18길 9 (삼선동3가),근린생활2,제2종근린생활시설,100918872,지번
1129011100100730000,서울특별시 성북구 삼선동1가,서울특별시 성북구 삼선교로10길 4 (삼선동1가),근린생활1,제1종근린생활시설,100917543,지번
1129011200100420000,서울특별시 성북구 삼선동2가,서울특별시 성북구 삼선교로 30-1 (삼선동2가),근린생활1,제1종근린생활시설,100918301,지번
1129011200101300000,서울특별시 성북구 삼선동2가,서울특별시 성북구 삼선교로16길 22 (삼선동2가),근린생활1,제1종근린생활시설,100918375,지번
1129010300100740345,서울특별시 성북구 돈암동,서울특별시 성북구 북악산로 902 (돈암동),근린생활1,제1종근린생활시설,100915025,지번
1129010900101300000,서울특별시 성북구 동소문동6가,서울특별시 성북구 동소문로 97 (동소문동6가),근린생활1,단독주택,100916902,지번
1129010900101300000,서울특별시 성북구 동소문동6가,서울특별시 성북구 동소문로 97 (동소문동6가),근린생활1,제1종근린생활시설,100916903,지번
1129011900102130001,서울특별시 성북구 동선동4가,서울특별시 성북구 아리랑로4길 22 (동선동4가),근린생활1,제1종근린생활시설,1009111362,지번
1129013100100970000,서울특별시 성북구 보문동2가,서울특별시 성북구 보문로 117-1 (보문동2가),근린생활2,제2종근린생활시설,1009116063,지번
1129013300105590110,서울특별시 성북구 정릉동,서울특별시 성북구 아리랑로19다길 29 (정릉동),근린생활1,제1종근린생활시설,1009119901,지번
1129013300105590110,서울특별시 성북구 정릉동,서울특별시 성북구 아리랑로19다길 32 (정릉동),근린생활1,공동주택,1009122394,지번
1129013300110350006,서울특별시 성북구 정릉동,서울특별시 성북구 북악산로 851 (정릉동),근린생활1,제1종근린생활시설,10091100191980,지번
1129012600100410000,서울특별시 성북구 보문동4가,서울특별시 성북구 고려대로2길 53 (보문동4가),근린생활1,제1종근린생활시설,1009113981,지번
1129012000101540000,서울특별시 성북구 동선동5가,서울특별시 성북구 아리랑로 54 (동선동5가),근린생활2,제2종근린생활시설,1009111797,지번
1129012000100670000,서울특별시 성북구 동선동5가,서울특별시 성북구 아리랑로4가길 14 (동선동5가),근린생활2,제2종근린생활시설,1009111627,지번
1129011900102940000,서울특별시 성북구 동선동4가,서울특별시 성북구 동소문로27길 7 (동선동4가),근린생활2,단독주택,1009111454,지번
1129011900102940000,서울특별시 성북구 동선동4가,,근린생활2,단독주택,1009111455,지번
1129011900102940000,서울특별시 성북구 동선동4가,서울특별시 성북구 동소문로27길 3 (동선동4가),근린생활2,단독주택,1009111456,지번
1129011900102940000,서울특별시 성북구 동선동4가,서울특별시 성북구 동소문로27길 3 (동선동4가),근린생활2,업무시설,1009111457,지번
1129011900102940000,서울특별시 성북구 동선동4가,,근린생활2,단독주택,1009111458,지번
1129011900102940000,서울특별시 성북구 동선동4가,서울특별시 성북구 동소문로25길 6-10 (동선동4가),근린생활2,단독주택,1009111459,지번
1129011900102940000,서울특별시 성북구 동선동4가,,근린생활2,단독주택,1009111460,지번
1129011900102940000,서울특별시 성북구 동선동4가,서울특별시 성북구 동소문로27길 1 (동선동4가),근린생활2,제2종근린생활시설,1009111461,지번
1129011900102940000,서울특별시 성북구 동선동4가,서울특별시 성북구 동소문로27길 5 (동선동4가),근린생활2,업무시설,1009111462,지번
1129011900102940000,서울특별시 성북구 동선동4가,서울특별시 성북구 동소문로25길 6 (동선동4가),근린생활2,단독주택,1009111463,지번
1129011900102940000,서울특별시 성북구 동선동4가,서울특별시 성북구 동소문로27길 13-1 (동선동4가),근린생활2,단독주택,1009111464,지번
1129012100102530000,서울특별시 성북구 안암동1가,서울특별시 성북구 보문로26길 51 (안암동1가),근린생활2,제2종근린생활시설,1009112132,지번
1129013100100890000,서울특별시 성북구 보문동2가,서울특별시 성북구 지봉로 181 (보문동2가),근린생활1,제1종근린생활시설,1009116052,지번
1129013300105560009,서울특별시 성북구 정릉동,서울특별시 성북구 북악산로3길 2 (정릉동),근린생활1,제1종근린생활시설,1009119845,지번
1129011100102820003,서울특별시 성북구 삼선동1가,서울특별시 성북구 삼선교로10다길 58 (삼선동1가),근린생활2,제2종근린생활시설,100918007,지번
1129012100100430000,서울특별시 성북구 안암동1가,서울특별시 성북구 고려대로11길 65 (안암동1가),근린생활1,공동주택,10091100217902,지번
1129011400103500005,서울특별시 성북구 삼선동4가,서울특별시 성북구 보문로36길 16 (삼선동4가),근린생활2,제2종근린생활시설,100919505,지번
1129010800100840000,서울특별시 성북구 동소문동5가,서울특별시 성북구 동소문로20길 14 (동소문동5가),근린생활1,제1종근린생활시설,100916752,지번
1129013100101000000,서울특별시 성북구 보문동2가,서울특별시 성북구 보문로 119-1 (보문동2가),근린생활1,제1종근린생활시설,1009116066,지번
1129011600100110000,서울특별시 성북구 동선동1가,서울특별시 성북구 동소문로20길 37-11 (동선동1가),근린생활1,제1종근린생활시설,1009110110,지번
1129012700100690001,서울특별시 성북구 보문동5가,서울특별시 성북구 보문로21길 16 (보문동5가),근린생활2,제2종근린생활시설,10091100191487,지번
1129012700101070000,서울특별시 성북구 보문동5가,서울특별시 성북구 지봉로24길 50 (보문동5가),근린생활2,제2종근린생활시설,1009114278,지번
1129012000101400001,서울특별시 성북구 동선동5가,서울특별시 성북구 동소문로23길 65 (동선동5가),근린생활2,제2종근린생활시설,1009111768,지번
1129012000101400001,서울특별시 성북구 동선동5가,서울특별시 성북구 동소문로23길 65 (동선동5가),근린생활2,단독주택,1009111769,지번
1129012000101400001,서울특별시 성북구 동선동5가,서울특별시 성북구 동소문로23길 65 (동선동5가),근린생활2,단독주택,1009111770,지번
1129010100101840048,서울특별시 성북구 성북동,서울특별시 성북구 성북로8길 4 (성북동),근린생활1,제1종근린생활시설,100913312,지번
1129010200100350008,서울특별시 성북구 성북동1가,서울특별시 성북구 성북로5길 9-3 (성북동1가),근린생활2,제2종근린생활시설,100914345,지번
1129011600100040002,서울특별시 성북구 동선동1가,서울특별시 성북구 동소문로22길 30 (동선동1가),근린생활2,제2종근린생활시설,1009110091,지번
1129011600100490000,서울특별시 성북구 동선동1가,서울특별시 성북구 보문로34길 43 (동선동1가),근린생활2,제2종근린생활시설,1009110132,지번
1129010700101200000,서울특별시 성북구 동소문동4가,서울특별시 성북구 동소문로 55 (동소문동4가),근린생활2,제2종근린생활시설,100916518,지번
1129010700102300000,서울특별시 성북구 동소문동4가,서울특별시 성북구 동소문로13가길 16 (동소문동4가),근린생활1,제1종근린생활시설,100916643,지번
1129011900102550000,서울특별시 성북구 동선동4가,서울특별시 성북구 동소문로25길 20-18 (동선동4가),근린생활2,제2종근린생활시설,1009111397,지번
1129011700100620000,서울특별시 성북구 동선동2가,서울특별시 성북구 보문로30라길 5-10 (동선동2가),근린생활2,제2종근린생활시설,1009110533,지번
1129012600100620000,서울특별시 성북구 보문동4가,서울특별시 성북구 고려대로2길 77 (보문동4가),근린생활2,제2종근린생활시설,1009114009,지번
1129010200100650000,서울특별시 성북구 성북동1가,서울특별시 성북구 성북로 19 (성북동1가),근린생활1,제1종근린생활시설,100914389,지번
1129012100100200000,서울특별시 성북구 안암동1가,서울특별시 성북구 고려대로7길 64 (안암동1가),근린생활1,제1종근린생활시설,1009111904,지번
1129013100102170000,서울특별시 성북구 보문동2가,서울특별시 성북구 보문로23길 12 (보문동2가),근린생활2,제2종근린생활시설,1009116169,지번
1129013100101230000,서울특별시 성북구 보문동2가,서울특별시 성북구 지봉로24길 19-1 (보문동2가),근린생활2,제2종근린생활시설,1009116085,지번
1129013100101250000,서울특별시 성북구 보문동2가,서울특별시 성북구 보문로23길 4 (보문동2가),근린생활1,제1종근린생활시설,1009116087,지번
1129011100100110100,서울특별시 성북구 삼선동1가,서울특별시 성북구 삼선교로2길 36-1 (삼선동1가),근린생활1,제1종근린생활시설,100917410,지번
1129013100101310002,서울특별시 성북구 보문동2가,서울특별시 성북구 보문로 107-1 (보문동2가),근린생활1,제1종근린생활시설,1009116095,지번
1129012600100090001,서울특별시 성북구 보문동4가,서울특별시 성북구 고려대로2길 34 (보문동4가),근린생활1,제1종근린생활시설,1009113957,지번
1129012600100090001,서울특별시 성북구 보문동4가,서울특별시 성북구 고려대로2길 34 (보문동4가),근린생활1,제2종근린생활시설,1009113958,지번
1129013600100600012,서울특별시 성북구 하월곡동,서울특별시 성북구 오패산로 38 (하월곡동),근린생활2,제2종근린생활시설,1009129169,지번
1129011300100010000,서울특별시 성북구 삼선동3가,서울특별시 성북구 삼선교로16길 1 (삼선동3가),근린생활1,제1종근린생활시설,100918860,지번
1129011400100370000,서울특별시 성북구 삼선동4가,서울특별시 성북구 동소문로10길 34-16 (삼선동4가),근린생활1,제1종근린생활시설,100919307,지번
1129010100101450118,서울특별시 성북구 성북동,서울특별시 성북구 북악산로 637 (성북동),근린생활2,제2종근린생활시설,100912828,지번
1129011100100150002,서울특별시 성북구 삼선동1가,서울특별시 성북구 삼선교로2길 7-3 (삼선동1가),근린생활1,제1종근린생활시설,100917482,지번
1129011100100230000,서울특별시 성북구 삼선동1가,서울특별시 성북구 삼선교로2길 3 (삼선동1가),근린생활1,제1종근린생활시설,100917507,지번
1129011100100230000,서울특별시 성북구 삼선동1가,서울특별시 성북구 삼선교로2길 3 (삼선동1가),근린생활1,단독주택,100917508,지번
1129011100100220002,서울특별시 성북구 삼선동1가,서울특별시 성북구 삼선교로 4 (삼선동1가),근린생활1,제1종근린생활시설,100917506,지번
1129011100100220001,서울특별시 성북구 삼선동1가,서울특별시 성북구 삼선교로 4-1 (삼선동1가),근린생활1,제1종근린생활시설,100917505,지번
1129011900101500000,서울특별시 성북구 동선동4가,서울특별시 성북구 동소문로23길 8-11 (동선동4가),근린생활2,제2종근린생활시설,10091100187834,지번
1129011800101150000,서울특별시 성북구 동선동3가,서울특별시 성북구 동소문로26다길 16 (동선동3가),근린생활2,제2종근린생활시설,10091100181404,지번
1129010200100740001,서울특별시 성북구 성북동1가,서울특별시 성북구 성북로 23 (성북동1가),근린생활2,제2종근린생활시설,100914396,지번
1129010400101340003,서울특별시 성북구 동소문동1가,서울특별시 성북구 동소문로 25-18 (동소문동1가),근린생활2,제2종근린생활시설,10091100185413,지번
1129011900100880000,서울특별시 성북구 동선동4가,서울특별시 성북구 아리랑로2길 23 (동선동4가),근린생활1,제1종근린생활시설,1009111251,지번
1129011900100880000,서울특별시 성북구 동선동4가,서울특별시 성북구 아리랑로2길 23 (동선동4가),근린생활1,제1종근린생활시설,1009111252,지번
1129012000101000000,서울특별시 성북구 동선동5가,서울특별시 성북구 동소문로25길 42 (동선동5가),근린생활1,제1종근린생활시설,1009111682,지번
1129011600100020006,서울특별시 성북구 동선동1가,서울특별시 성북구 동소문로20나길 11 (동선동1가),근린생활2,제2종근린생활시설,1009110073,지번
1129011700101390000,서울특별시 성북구 동선동2가,서울특별시 성북구 보문로34길 60 (동선동2가),근린생활2,제2종근린생활시설,1009110612,지번
1129012000101170018,서울특별시 성북구 동선동5가,서울특별시 성북구 아리랑로4가길 25 (동선동5가),근린생활2,제2종근린생활시설,10091100186320,지번
1129010300105790008,서울특별시 성북구 돈암동,서울특별시 성북구 아리랑로5길 54 (돈암동),근린생활1,제1종근린생활시설,100915390,지번
1129011000100110000,서울특별시 성북구 동소문동7가,서울특별시 성북구 동소문로13나길 103 (동소문동7가),근린생활1,제1종근린생활시설,100917110,지번
1129011000100950000,서울특별시 성북구 동소문동7가,서울특별시 성북구 아리랑로 47 (동소문동7가),근린생활2,제2종근린생활시설,100917232,지번
1129012000100470000,서울특별시 성북구 동선동5가,서울특별시 성북구 동소문로25길 49 (동선동5가),근린생활2,제2종근린생활시설,10091100191227,지번
1129010100101790034,서울특별시 성북구 성북동,서울특별시 성북구 성북로8길 46 (성북동),근린생활1,제1종근린생활시설,100913214,지번
1129010400101400048,서울특별시 성북구 동소문동1가,서울특별시 성북구 동소문로5길 21 (동소문동1가),근린생활1,제1종근린생활시설,100916072,지번
1129010700102780002,서울특별시 성북구 동소문동4가,서울특별시 성북구 동소문로13길 39-2 (동소문동4가),근린생활2,제2종근린생활시설,100916654,지번
1129011300100980001,서울특별시 성북구 삼선동3가,서울특별시 성북구 보문로29다길 8-18 (삼선동3가),근린생활1,제1종근린생활시설,100919136,지번
1129011800102440000,서울특별시 성북구 동선동3가,서울특별시 성북구 보문로34가길 3 (동선동3가),근린생활1,제1종근린생활시설,1009111087,지번
1129013100100750015,서울특별시 성북구 보문동2가,서울특별시 성북구 지봉로 175 (보문동2가),근린생활1,제1종근린생활시설,1009116036,지번
1129012000101720015,서울특별시 성북구 동선동5가,서울특별시 성북구 아리랑로6다길 5 (동선동5가),근린생활2,제2종근린생활시설,1009111822,지번
1129012000101080000,서울특별시 성북구 동선동5가,서울특별시 성북구 아리랑로4가길 28 (동선동5가),근린생활2,제2종근린생활시설,1009111685,지번
1129013300108540002,서울특별시 성북구 정릉동,서울특별시 성북구 정릉로9길 56 (정릉동),근린생활2,제2종근린생활시설,1009121454,지번
1129013300108400022,서울특별시 성북구 정릉동,서울특별시 성북구 보국문로29길 130 (정릉동),근린생활2,제2종근린생활시설,1009121383,지번
1129011600100850090,서울특별시 성북구 동선동1가,,근린생활2,제2종근린생활시설,1009110297,지번
1129011600100850090,서울특별시 성북구 동선동1가,서울특별시 성북구 동소문로22길 25-3 (동선동1가),근린생활2,단독주택,1009110298,지번
1129011600100850090,서울특별시 성북구 동선동1가,서울특별시 성북구 동소문로22길 25-7 (동선동1가),근린생활2,단독주택,1009110299,지번
1129011600100850090,서울특별시 성북구 동선동1가,,근린생활2,단독주택,1009110300,지번
1129011600100610000,서울특별시 성북구 동선동1가,서울특별시 성북구 동소문로20길 37-24 (동선동1가),근린생활1,제1종근린생활시설,1009110139,지번
1129010600100760000,서울특별시 성북구 동소문동3가,서울특별시 성북구 동소문로 62 (동소문동3가),근린생활1,제1종근린생활시설,100916421,지번
1129011800101300003,서울특별시 성북구 동선동3가,서울특별시 성북구 동소문로26다길 8-2 (동선동3가),근린생활1,제1종근린생활시설,1009110957,지번
1129011900102740000,서울특별시 성북구 동선동4가,서울특별시 성북구 아리랑로4길 82 (동선동4가),근린생활2,제2종근린생활시설,10091100195294,지번
1129013300108440001,서울특별시 성북구 정릉동,서울특별시 성북구 정릉로9다길 20 (정릉동),근린생활2,제2종근린생활시설,1009121434,지번
1129013300109180001,서울특별시 성북구 정릉동,서울특별시 성북구 정릉로10길 127 (정릉동),근린생활2,제2종근린생활시설,1009121640,지번
1129013300108240017,서울특별시 성북구 정릉동,서울특별시 성북구 보국문로40길 9 (정릉동),근린생활2,제2종근린생활시설,1009121278,지번
1129011600100850077,서울특별시 성북구 동선동1가,서울특별시 성북구 동소문로20나길 32 (동선동1가),근린생활1,제1종근린생활시설,1009110261,지번
1129011200101190000,서울특별시 성북구 삼선동2가,서울특별시 성북구 삼선교로 40-1 (삼선동2가),근린생활2,제2종근린생활시설,100918366,지번
1129011400100660000,서울특별시 성북구 삼선동4가,서울특별시 성북구 보문로35길 56 (삼선동4가),근린생활1,제1종근린생활시설,100919347,지번
1129012400100190005,서울특별시 성북구 안암동4가,서울특별시 성북구 안암로9길 37 (안암동4가),근린생활1,제1종근린생활시설,1009113126,지번
1129010800100630007,서울특별시 성북구 동소문동5가,서울특별시 성북구 보문로40길 36 (동소문동5가),근린생활2,제2종근린생활시설,100916722,지번
1129010800100980002,서울특별시 성북구 동소문동5가,서울특별시 성북구 동소문로20길 28-10 (동소문동5가),근린생활1,제1종근린생활시설,100916765,지번
1129013900101310044,서울특별시 성북구 석관동,서울특별시 성북구 한천로78길 46 (석관동),근린생활2,제2종근린생활시설,10091100202530,지번
1129013900103380101,서울특별시 성북구 석관동,서울특별시 성북구 화랑로32가길 5 (석관동),근린생활2,제2종근린생활시설,10091100205393,지번
1129013900100580007,서울특별시 성북구 석관동,서울특별시 성북구 돌곶이로8길 65 (석관동),근린생활1,제1종근린생활시설,1009140332,지번
1129011800102590014,서울특별시 성북구 동선동3가,서울특별시 성북구 동소문로26마길 56 (동선동3가),근린생활2,제2종근린생활시설,1009111146,지번
1129011700102370000,서울특별시 성북구 동선동2가,서울특별시 성북구 보문로30나길 8-9 (동선동2가),근린생활2,제2종근린생활시설,10091100217392,지번
1129011900100730000,서울특별시 성북구 동선동4가,서울특별시 성북구 동소문로23길 25 (동선동4가),근린생활2,제2종근린생활시설,10091100217252,지번
1129012500100150057,서울특별시 성북구 안암동5가,서울특별시 성북구 개운사길 30 (안암동5가),근린생활1,제1종근린생활시설,10091100217634,지번
1129013400112760003,서울특별시 성북구 길음동,서울특별시 성북구 동소문로 258 (길음동),근린생활1,제1종근린생활시설,1009124795,지번
1129013400110770001,서울특별시 성북구 길음동,서울특별시 성북구 삼양로2길 6-6 (길음동),근린생활2,제2종근린생활시설,1009124438,지번
1129012500101330005,서울특별시 성북구 안암동5가,서울특별시 성북구 안암로9가길 66 (안암동5가),근린생활2,제2종근린생활시설,10091100213832,지번
1129012600100610000,서울특별시 성북구 보문동4가,서울특별시 성북구 고려대로2길 75 (보문동4가),근린생활2,제2종근린생활시설,10091100208095,지번
1129013600100730020,서울특별시 성북구 하월곡동,서울특별시 성북구 화랑로13길 79-4 (하월곡동),근린생활2,제2종근린생활시설,10091100199250,지번
1129013900104080001,서울특별시 성북구 석관동,서울특별시 성북구 화랑로 210-6 (석관동),근린생활2,제2종근린생활시설,10091100202330,지번
1129010200100350001,서울특별시 성북구 성북동1가,서울특별시 성북구 성북로 11 (성북동1가),근린생활1,제1종근린생활시설,10091100208954,지번
1129013900103320589,서울특별시 성북구 석관동,서울특별시 성북구 돌곶이로3길 11 (석관동),근린생활2,제2종근린생활시설,10091100211093,지번
1129013900100700009,서울특별시 성북구 석관동,서울특별시 성북구 한천로 549 (석관동),근린생활2,제2종근린생활시설,10091100197270,지번
1129013600100880681,서울특별시 성북구 하월곡동,서울특별시 성북구 종암로 201 (하월곡동),근린생활2,제2종근린생활시설,1009130500,지번
1129012500101010078,서울특별시 성북구 안암동5가,서울특별시 성북구 개운사1길 19 (안암동5가),근린생활2,제2종근린생활시설,10091100217632,지번
1129012200101610007,서울특별시 성북구 안암동2가,서울특별시 성북구 고려대로17길 31 (안암동2가),근린생활2,제2종근린생활시설,10091100217476,지번
1129013500100030686,서울특별시 성북구 종암동,서울특별시 성북구 종암로 122 (종암동),근린생활1,제1종근린생활시설,10091100227068,지번
1129011000101090000,서울특별시 성북구 동소문동7가,서울특별시 성북구 아리랑로 53 (동소문동7가),근린생활1,제1종근린생활시설,10091100205353,지번
1129011800100290000,서울특별시 성북구 동선동3가,서울특별시 성북구 동소문로26가길 29 (동선동3가),근린생활2,제2종근린생활시설,10091100214843,지번
1129011900100460000,서울특별시 성북구 동선동4가,서울특별시 성북구 동소문로23길 23-10 (동선동4가),근린생활2,제2종근린생활시설,10091100211091,지번
1129011900101340000,서울특별시 성북구 동선동4가,서울특별시 성북구 동소문로25길 5-5 (동선동4가),근린생활2,제2종근린생활시설,10091100210831,지번
1129012500101030107,서울특별시 성북구 안암동5가,서울특별시 성북구 고려대로24가길 17 (안암동5가),근린생활2,제2종근린생활시설,10091100229107,지번
1129011700101420002,서울특별시 성북구 동선동2가,서울특별시 성북구 보문로30나길 29 (동선동2가),근린생활2,제2종근린생활시설,1009110616,지번
1129013300109570018,서울특별시 성북구 정릉동,서울특별시 성북구 정릉로6길 47 (정릉동),근린생활1,제1종근린생활시설,1009121689,지번
1129013300109470001,서울특별시 성북구 정릉동,서울특별시 성북구 정릉로6가길 60-20 (정릉동),근린생활2,제2종근린생활시설,1009121662,지번
1129013300108410015,서울특별시 성북구 정릉동,서울특별시 성북구 정릉로9나길 78-7 (정릉동),근린생활2,제2종근린생활시설,1009121408,지번
1129012800100990000,서울특별시 성북구 보문동6가,서울특별시 성북구 보문로17길 33 (보문동6가),근린생활2,제2종근린생활시설,10091100214073,지번
1129012900100050000,서울특별시 성북구 보문동7가,서울특별시 성북구 안암로1길 52 (보문동7가),근린생활2,제2종근린생활시설,10091100214072,지번
1129013100100750006,서울특별시 성북구 보문동2가,서울특별시 성북구 지봉로21길 8 (보문동2가),근린생활2,제2종근린생활시설,10091100198550,지번
1129013100101810000,서울특별시 성북구 보문동2가,서울특별시 성북구 지봉로24길 14 (보문동2가),근린생활1,제1종근린생활시설,1009116139,지번
1129013300102270017,서울특별시 성북구 정릉동,서울특별시 성북구 서경로18길 46 (정릉동),근린생활2,제2종근린생활시설,10091100202450,지번
1129013300102270077,서울특별시 성북구 정릉동,서울특별시 성북구 서경로15길 35 (정릉동),근린생활2,제2종근린생활시설,10091100207293,지번
1129010100100310001,서울특별시 성북구 성북동,서울특별시 성북구 선잠로 46 (성북동),근린생활1,제1종근린생활시설,100912256,지번
1129010100101140004,서울특별시 성북구 성북동,서울특별시 성북구 성북로23길 3 (성북동),근린생활1,제1종근린생활시설,100912614,지번
1129012400100410008,서울특별시 성북구 안암동4가,서울특별시 성북구 보문로14길 38 (안암동4가),근린생활2,제2종근린생활시설,10091100210514,지번
1129010100101260003,서울특별시 성북구 성북동,서울특별시 성북구 성북로 81 (성북동),근린생활1,제1종근린생활시설,100912651,지번
1129010900101550000,서울특별시 성북구 동소문동6가,서울특별시 성북구 동소문로17길 34 (동소문동6가),근린생활2,제2종근린생활시설,100916919,지번
1129010800100590007,서울특별시 성북구 동소문동5가,서울특별시 성북구 동소문로 86-15 (동소문동5가),근린생활2,제2종근린생활시설,100916706,지번
1129010700102120000,서울특별시 성북구 동소문동4가,서울특별시 성북구 동소문로11길 24 (동소문동4가),근린생활2,제2종근린생활시설,10091100195190,지번
1129012100100570000,서울특별시 성북구 안암동1가,서울특별시 성북구 보문로30가길 20-7 (안암동1가),근린생활2,제2종근린생활시설,10091100195631,지번
1129012100100480000,서울특별시 성북구 안암동1가,서울특별시 성북구 고려대로11길 68 (안암동1가),근린생활2,제2종근린생활시설,10091100195210,지번
1129012100100250003,서울특별시 성북구 안암동1가,서울특별시 성북구 고려대로7길 56-9 (안암동1가),근린생활2,제2종근린생활시설,10091100193408,지번
1129012100100250001,서울특별시 성북구 안암동1가,서울특별시 성북구 고려대로7길 56-11 (안암동1가),근린생활2,제2종근린생활시설,10091100192327,지번
1129011900102230001,서울특별시 성북구 동선동4가,서울특별시 성북구 동소문로25길 20-17 (동선동4가),근린생활2,제2종근린생활시설,10091100193688,지번
1129010200100350020,서울특별시 성북구 성북동1가,서울특별시 성북구 창경궁로 321 (성북동1가),근린생활2,제2종근린생활시설,10091100207253,지번
1129013600100500001,서울특별시 성북구 하월곡동,서울특별시 성북구 화랑로7길 39 (하월곡동),근린생활2,제2종근린생활시설,10091100210492,지번
1129012800101630000,서울특별시 성북구 보문동6가,서울특별시 성북구 보문로13다길 9 (보문동6가),근린생활1,제1종근린생활시설,10091100212051,지번
1129013100100640012,서울특별시 성북구 보문동2가,서울특별시 성북구 지봉로21길 22 (보문동2가),근린생활2,제2종근린생활시설,10091100198410,지번
1129013100100640015,서울특별시 성북구 보문동2가,서울특별시 성북구 지봉로23길 13-26 (보문동2가),근린생활2,제2종근린생활시설,10091100213123,지번
1129013300108350006,서울특별시 성북구 정릉동,서울특별시 성북구 보국문로35길 63-5 (정릉동),근린생활2,제2종근린생활시설,1009121307,지번
1129013600100270009,서울특별시 성북구 하월곡동,서울특별시 성북구 화랑로11길 35 (하월곡동),근린생활1,제1종근린생활시설,1009128716,지번
1129012600100500000,서울특별시 성북구 보문동4가,서울특별시 성북구 고려대로6길 60 (보문동4가),근린생활2,제2종근린생활시설,10091100207273,지번
1129013100101370009,서울특별시 성북구 보문동2가,서울특별시 성북구 지봉로 172 (보문동2가),근린생활2,제2종근린생활시설,1009116107,지번
1129013300101070020,서울특별시 성북구 정릉동,서울특별시 성북구 아리랑로19길 11 (정릉동),근린생활2,제2종근린생활시설,10091100208994,지번
1129013300102270048,서울특별시 성북구 정릉동,서울특별시 성북구 서경로18길 25 (정릉동),근린생활2,제2종근린생활시설,10091100208054,지번
1129013300102270190,서울특별시 성북구 정릉동,서울특별시 성북구 서경로20길 23 (정릉동),근린생활2,제2종근린생활시설,10091100200951,지번
1129010100102170047,서울특별시 성북구 성북동,서울특별시 성북구 성북로23길 81 (성북동),근린생활1,제1종근린생활시설,100913450,지번
1129013300108970034,서울특별시 성북구 정릉동,서울특별시 성북구 정릉로10다길 28 (정릉동),근린생활2,제2종근린생활시설,10091100221932,지번
1129012200101430004,서울특별시 성북구 안암동2가,서울특별시 성북구 고려대로 22-3 (안암동2가),근린생활2,제2종근린생활시설,10091100184924,지번
1129011500100240000,서울특별시 성북구 삼선동5가,서울특별시 성북구 삼선교로 82 (삼선동5가),근린생활2,제2종근린생활시설,10091100190967,지번
1129011500102440000,서울특별시 성북구 삼선동5가,서울특별시 성북구 삼선교로24길 60 (삼선동5가),근린생활1,제1종근린생활시설,100919861,지번
1129013300107720024,서울특별시 성북구 정릉동,서울특별시 성북구 보국문로28길 22-5 (정릉동),근린생활2,제2종근린생활시설,10091100234854,지번
1129013300102580042,서울특별시 성북구 정릉동,서울특별시 성북구 솔샘로24길 47 (정릉동),근린생활1,제1종근린생활시설,10091100211951,지번
1129013300102580042,서울특별시 성북구 정릉동,서울특별시 성북구 솔샘로24길 47 (정릉동),근린생활1,단독주택,10091100212852,지번
1129010200101090009,서울특별시 성북구 성북동1가,서울특별시 성북구 성북로7길 24 (성북동1가),근린생활2,제2종근린생활시설,10091100210351,지번
1129012700102530000,서울특별시 성북구 보문동5가,서울특별시 성북구 보문로13가길 30 (보문동5가),근린생활2,제2종근린생활시설,10091100202210,지번
1129010800100670007,서울특별시 성북구 동소문동5가,서울특별시 성북구 보문로40길 29 (동소문동5가),근린생활1,제1종근린생활시설,100916736,지번
1129010800100590005,서울특별시 성북구 동소문동5가,서울특별시 성북구 동소문로18길 24-6 (동소문동5가),근린생활2,제2종근린생활시설,100916704,지번
1129011900101940000,서울특별시 성북구 동선동4가,서울특별시 성북구 동소문로25길 23 (동선동4가),근린생활2,제2종근린생활시설,10091100197331,지번
1129011900101910000,서울특별시 성북구 동선동4가,서울특별시 성북구 동소문로23길 16-29 (동선동4가),근린생활2,제2종근린생활시설,10091100195293,지번
1129011400103700000,서울특별시 성북구 삼선동4가,서울특별시 성북구 보문로36길 36 (삼선동4가),근린생활2,제2종근린생활시설,10091100198710,지번
1129010100102090008,서울특별시 성북구 성북동,서울특별시 성북구 성북로23가길 1 (성북동),근린생활1,제1종근린생활시설,100913350,지번
1129012300101350000,서울특별시 성북구 안암동3가,서울특별시 성북구 안암로9길 30 (안암동3가),근린생활1,공동주택,10091100249047,지번
1129012300101350000,서울특별시 성북구 안암동3가,서울특별시 성북구 안암로9길 30 (안암동3가),근린생활1,제1종근린생활시설,1009112948,지번
1129012300101350000,서울특별시 성북구 안암동3가,서울특별시 성북구 안암로9길 30 (안암동3가),근린생활1,공동주택,1009113066,지번
1129012300101350000,서울특별시 성북구 안암동3가,서울특별시 성북구 안암로9길 30 (안암동3가),근린생활1,공동주택,1009113067,지번
1129012300100410003,서울특별시 성북구 안암동3가,서울특별시 성북구 고려대로10길 39 (안암동3가),근린생활2,제2종근린생활시설,10091100198073,지번
1129012200101600005,서울특별시 성북구 안암동2가,서울특별시 성북구 고려대로14길 8-1 (안암동2가),근린생활2,제2종근린생활시설,10091100193577,지번
1129013500100840039,서울특별시 성북구 종암동,서울특별시 성북구 종암로23길 14 (종암동),근린생활1,제1종근린생활시설,10091100200051,지번
1129013500100830006,서울특별시 성북구 종암동,서울특별시 성북구 종암로21길 53 (종암동),근린생활2,제2종근린생활시설,1009127480,지번
1129010100100630003,서울특별시 성북구 성북동,서울특별시 성북구 성북로 82 (성북동),근린생활2,제2종근린생활시설,100912397,지번
1129010100100420003,서울특별시 성북구 성북동,서울특별시 성북구 선잠로2길 5 (성북동),근린생활1,단독주택,100912285,지번
1129010100100420003,서울특별시 성북구 성북동,서울특별시 성북구 선잠로 16 (성북동),근린생활1,제1종근린생활시설,100912286,지번
1129011300100680006,서울특별시 성북구 삼선동3가,서울특별시 성북구 보문로29길 92 (삼선동3가),근린생활2,제2종근린생활시설,100919079,지번
1129011700101550000,서울특별시 성북구 동선동2가,서울특별시 성북구 보문로30길 84 (동선동2가),근린생활2,제2종근린생활시설,10091100231893,지번
1129011200102210000,서울특별시 성북구 삼선동2가,서울특별시 성북구 삼선교로14길 49 (삼선동2가),근린생활2,제2종근린생활시설,10091100212951,지번
1129011900101300000,서울특별시 성북구 동선동4가,서울특별시 성북구 동소문로23길 8-16 (동선동4가),근린생활2,제2종근린생활시설,10091100211332,지번
1129010100100150154,서울특별시 성북구 성북동,서울특별시 성북구 선잠로8길 12 (성북동),근린생활2,제2종근린생활시설,100912132,지번
1129011500100280005,서울특별시 성북구 삼선동5가,서울특별시 성북구 삼선교로18길 58 (삼선동5가),근린생활2,제2종근린생활시설,10091100189995,지번
1129011400100390007,서울특별시 성북구 삼선동4가,서울특별시 성북구 삼선교로 59-3 (삼선동4가),근린생활1,제1종근린생활시설,100919323,지번
1129011400100380005,서울특별시 성북구 삼선동4가,서울특별시 성북구 삼선교로 55 (삼선동4가),근린생활2,제2종근린생활시설,100919314,지번
1129010400100830000,서울특별시 성북구 동소문동1가,서울특별시 성북구 동소문로 25 (동소문동1가),근린생활1,제1종근린생활시설,100916014,지번
1129010200100350016,서울특별시 성북구 성북동1가,서울특별시 성북구 성북로5길 9-14 (성북동1가),근린생활2,제2종근린생활시설,10091100233193,지번
1129013300102840013,서울특별시 성북구 정릉동,서울특별시 성북구 보국문로 69 (정릉동),근린생활2,제2종근린생활시설,10091100233213,지번
1129012200100970016,서울특별시 성북구 안암동2가,서울특별시 성북구 고려대로13길 10-3 (안암동2가),근린생활2,제2종근린생활시설,10091100195109,지번
1129012200100950017,서울특별시 성북구 안암동2가,서울특별시 성북구 고려대로17가길 41 (안암동2가),근린생활2,제2종근린생활시설,10091100195490,지번
1129012100103430000,서울특별시 성북구 안암동1가,서울특별시 성북구 보문로26길 83-6 (안암동1가),근린생활2,제2종근린생활시설,10091100197970,지번
1129012100102120000,서울특별시 성북구 안암동1가,서울특별시 성북구 고려대로7나길 41 (안암동1가),근린생활2,제2종근린생활시설,10091100198471,지번
1129010100100010016,서울특별시 성북구 성북동,서울특별시 성북구 선잠로2다길 13-5 (성북동),근린생활1,제1종근린생활시설,100911769,지번
1129012100102270003,서울특별시 성북구 안암동1가,서울특별시 성북구 고려대로7길 40 (안암동1가),근린생활2,제2종근린생활시설,10091100225168,지번
1129010100100520000,서울특별시 성북구 성북동,서울특별시 성북구 선잠로 12-6 (성북동),근린생활1,제1종근린생활시설,100912320,지번
1129013800100500001,서울특별시 성북구 장위동,서울특별시 성북구 돌곶이로28길 75 (장위동),근린생활2,제2종근린생활시설,10091100224528,지번
1129013300101100041,서울특별시 성북구 정릉동,서울특별시 성북구 정릉로36길 76-17 (정릉동),근린생활1,제1종근린생활시설,10091100224247,지번
1129010500100740000,서울특별시 성북구 동소문동2가,서울특별시 성북구 동소문로2길 11 (동소문동2가),근린생활1,제1종근린생활시설,100916158,지번
1129012100103180005,서울특별시 성북구 안암동1가,서울특별시 성북구 고려대로13길 46 (안암동1가),근린생활1,제1종근린생활시설,1009112199,지번
1129010100101000001,서울특별시 성북구 성북동,서울특별시 성북구 성북로 106 (성북동),근린생활1,제1종근린생활시설,100912539,지번
1129010100100610003,서울특별시 성북구 성북동,서울특별시 성북구 성북로18길 10 (성북동),근린생활1,제1종근린생활시설,100912378,지번
1129010100101250018,서울특별시 성북구 성북동,서울특별시 성북구 성북로 89-1 (성북동),근린생활2,제2종근린생활시설,100912648,지번
1129010100100630046,서울특별시 성북구 성북동,서울특별시 성북구 성북로 90 (성북동),근린생활1,제1종근린생활시설,100912404,지번
1129013300102270196,서울특별시 성북구 정릉동,서울특별시 성북구 서경로18길 48 (정릉동),근린생활2,제2종근린생활시설,10091100215032,지번
1129010300105930000,서울특별시 성북구 돈암동,서울특별시 성북구 흥천사길 49-23 (돈암동),근린생활2,노유자시설,10091100216352,지번
1129010300105930000,서울특별시 성북구 돈암동,서울특별시 성북구 흥천사길 49-23 (돈암동),근린생활2,제2종근린생활시설,100915433,지번
1129013900101260007,서울특별시 성북구 석관동,서울특별시 성북구 한천로76길 15 (석관동),근린생활2,제2종근린생활시설,1009141039,지번
1129013800100740050,서울특별시 성북구 장위동,서울특별시 성북구 장위로 145 (장위동),근린생활2,제2종근린생활시설,1009134154,지번
1129013700100240261,서울특별시 성북구 상월곡동,서울특별시 성북구 화랑로18길 25-25 (상월곡동),근린생활1,제1종근린생활시설,1009131728,지번
1129013300102660141,서울특별시 성북구 정릉동,서울특별시 성북구 보국문로16다길 16 (정릉동),근린생활2,제2종근린생활시설,10091100195670,지번
1129013400110820000,서울특별시 성북구 길음동,서울특별시 성북구 삼양로2길 11 (길음동),근린생활1,제1종근린생활시설,1009124443,지번
1129010100103300215,서울특별시 성북구 성북동,서울특별시 성북구 대사관로 75 (성북동),근린생활1,제1종근린생활시설,100913827,지번
1129013600100280015,서울특별시 성북구 하월곡동,서울특별시 성북구 화랑로9길 26 (하월곡동),근린생활2,제2종근린생활시설,10091100207953,지번
1129011500101030000,서울특별시 성북구 삼선동5가,서울특별시 성북구 보문로29나길 33 (삼선동5가),근린생활1,제1종근린생활시설,100919715,지번
1129013200102210000,서울특별시 성북구 보문동3가,,근린생활2,제2종근린생활시설,1009116312,지번
1129012700100720000,서울특별시 성북구 보문동5가,서울특별시 성북구 지봉로24길 42 (보문동5가),근린생활1,제1종근린생활시설,1009114248,지번
1129012700100720000,서울특별시 성북구 보문동5가,서울특별시 성북구 지봉로24길 42 (보문동5가),근린생활1,단독주택,1009114249,지번
1129012700100790000,서울특별시 성북구 보문동5가,서울특별시 성북구 지봉로24길 34-5 (보문동5가),근린생활1,제1종근린생활시설,1009114253,지번
1129013300102660093,서울특별시 성북구 정릉동,서울특별시 성북구 보국문로16가길 1 (정릉동),근린생활2,제2종근린생활시설,1009118325,지번
1129013300102660092,서울특별시 성북구 정릉동,서울특별시 성북구 보국문로16가길 7 (정릉동),근린생활2,제2종근린생활시설,1009118324,지번
1129013300101700096,서울특별시 성북구 정릉동,서울특별시 성북구 서경로 30 (정릉동),근린생활2,제2종근린생활시설,1009117454,지번
1129010300105240000,서울특별시 성북구 돈암동,서울특별시 성북구 아리랑로 89 (돈암동),근린생활1,단독주택,100915241,지번
1129010300105240000,서울특별시 성북구 돈암동,서울특별시 성북구 아리랑로 89 (돈암동),근린생활1,공동주택,100915579,지번
1129010300105240000,서울특별시 성북구 돈암동,서울특별시 성북구 아리랑로 89 (돈암동),근린생활1,공동주택,100915580,지번
1129010300105240000,서울특별시 성북구 돈암동,서울특별시 성북구 아리랑로 89 (돈암동),근린생활1,공동주택,100915581,지번
1129010300105240000,서울특별시 성북구 돈암동,서울특별시 성북구 아리랑로 89 (돈암동),근린생활1,공동주택,100915582,지번
1129010300105240000,서울특별시 성북구 돈암동,서울특별시 성북구 아리랑로 89 (돈암동),근린생활1,공동주택,100915583,지번
1129010300105240000,서울특별시 성북구 돈암동,서울특별시 성북구 아리랑로 89 (돈암동),근린생활1,공동주택,100915584,지번
1129010300105240000,서울특별시 성북구 돈암동,서울특별시 성북구 아리랑로 89 (돈암동),근린생활1,공동주택,100915585,지번
1129010300105240000,서울특별시 성북구 돈암동,서울특별시 성북구 아리랑로 89 (돈암동),근린생활1,공동주택,100915592,지번
1129010300105240000,서울특별시 성북구 돈암동,서울특별시 성북구 아리랑로 89 (돈암동),근린생활1,제1종근린생활시설,100915601,지번
1129010300105240000,서울특별시 성북구 돈암동,서울특별시 성북구 아리랑로 89 (돈암동),근린생활1,공동주택,100915602,지번
1129010300105240000,서울특별시 성북구 돈암동,서울특별시 성북구 아리랑로 89 (돈암동),근린생활1,공동주택,100915603,지번
1129010300105240000,서울특별시 성북구 돈암동,서울특별시 성북구 아리랑로 89 (돈암동),근린생활1,공동주택,100915604,지번
1129011600100850057,서울특별시 성북구 동선동1가,서울특별시 성북구 동소문로20다길 30-11 (동선동1가),근린생활2,제2종근린생활시설,1009110236,지번
1129012700100180000,서울특별시 성북구 보문동5가,서울특별시 성북구 보문로23길 5 (보문동5가),근린생활1,제1종근린생활시설,1009114202,지번
1129013300102890033,서울특별시 성북구 정릉동,서울특별시 성북구 보국문로 86 (정릉동),근린생활2,제2종근린생활시설,1009118589,지번
1129013300103030006,서울특별시 성북구 정릉동,서울특별시 성북구 보국문로 81 (정릉동),근린생활2,제2종근린생활시설,1009118663,지번
1129013300105060021,서울특별시 성북구 정릉동,서울특별시 성북구 아리랑로19길 109 (정릉동),근린생활2,제2종근린생활시설,1009119608,지번
1129013300110180001,서울특별시 성북구 정릉동,서울특별시 성북구 서경로2길 48 (정릉동),근린생활1,제1종근린생활시설,1009122689,지번
1129013300107160056,서울특별시 성북구 정릉동,서울특별시 성북구 솔샘로 27 (정릉동),근린생활2,제2종근린생활시설,1009120656,지번
1129010100101450127,서울특별시 성북구 성북동,서울특별시 성북구 성북로14길 217 (성북동),근린생활1,제1종근린생활시설,100912832,지번
1129010200100910000,서울특별시 성북구 성북동1가,서울특별시 성북구 창경궁로43길 27 (성북동1가),근린생활1,제1종근린생활시설,100914412,지번
1129012800100420005,서울특별시 성북구 보문동6가,서울특별시 성북구 보문로19길 29 (보문동6가),근린생활1,제1종근린생활시설,1009114574,지번
1129011700100580000,서울특별시 성북구 동선동2가,서울특별시 성북구 보문로30길 43-5 (동선동2가),근린생활2,제2종근린생활시설,1009110527,지번
1129011800102480000,서울특별시 성북구 동선동3가,서울특별시 성북구 동소문로24가길 21 (동선동3가),근린생활2,제2종근린생활시설,1009111090,지번
1129011700101520000,서울특별시 성북구 동선동2가,서울특별시 성북구 보문로30나길 41 (동선동2가),근린생활1,제1종근린생활시설,1009110629,지번
1129011700100970000,서울특별시 성북구 동선동2가,서울특별시 성북구 보문로30라길 4 (동선동2가),근린생활2,제2종근린생활시설,1009110562,지번
1129013000101490001,서울특별시 성북구 보문동1가,,근린생활1,단독주택,1009115750,본번
1129012600100020001,서울특별시 성북구 보문동4가,,근린생활2,제1종근린생활시설,1009113951,지번
1129012600100020001,서울특별시 성북구 보문동4가,,근린생활2,제2종근린생활시설,1009113952,지번
1129012600100020001,서울특별시 성북구 보문동4가,서울특별시 성북구 보문로 102-6 (보문동4가),근린생활2,제1종근린생활시설,1009113953,지번
1129012300101100027,서울특별시 성북구 안암동3가,서울특별시 성북구 안암로5길 70 (안암동3가),근린생활1,제1종근린생활시설,1009112849,지번
1129012700102520002,서울특별시 성북구 보문동5가,서울특별시 성북구 보문로 71 (보문동5가),근린생활1,제1종근린생활시설,1009114432,지번
1129011600100850095,서울특별시 성북구 동선동1가,,근린생활1,단독주택,1009110316,지번
1129011600100850095,서울특별시 성북구 동선동1가,서울특별시 성북구 동소문로22길 33-9 (동선동1가),근린생활1,제1종근린생활시설,1009110317,지번
1129011600100850095,서울특별시 성북구 동선동1가,,근린생활1,단독주택,1009110318,지번
1129011600100850095,서울특별시 성북구 동선동1가,서울특별시 성북구 동소문로22길 29-10 (동선동1가),근린생활1,제1종근린생활시설,1009110319,지번
1129011700103090000,서울특별시 성북구 동선동2가,서울특별시 성북구 보문로30나길 42 (동선동2가),근린생활1,제1종근린생활시설,1009110749,지번
1129010900100720000,서울특별시 성북구 동소문동6가,서울특별시 성북구 동소문로17길 11 (동소문동6가),근린생활2,제2종근린생활시설,100916860,지번
1129011700100830000,서울특별시 성북구 동선동2가,서울특별시 성북구 동소문로22길 69 (동선동2가),근린생활1,제1종근린생활시설,1009110550,지번
1129012700102050001,서울특별시 성북구 보문동5가,서울특별시 성북구 지봉로24길 70-3 (보문동5가),근린생활1,제1종근린생활시설,1009114389,지번
1129013900100570023,서울특별시 성북구 석관동,서울특별시 성북구 돌곶이로8길 67 (석관동),근린생활2,제2종근린생활시설,10091100232273,지번
1129011200101520001,서울특별시 성북구 삼선동2가,서울특별시 성북구 삼선교로10길 25 (삼선동2가),근린생활1,제1종근린생활시설,100918395,지번
1129011200101540000,서울특별시 성북구 삼선동2가,서울특별시 성북구 삼선교로10길 37 (삼선동2가),근린생활1,제1종근린생활시설,100918397,지번
1129012200101400003,서울특별시 성북구 안암동2가,서울특별시 성북구 고려대로8길 7-2 (안암동2가),근린생활1,제1종근린생활시설,1009112529,지번
1129011700101350004,서울특별시 성북구 동선동2가,서울특별시 성북구 보문로30길 81 (동선동2가),근린생활2,제2종근린생활시설,1009110589,지번
1129010100101840090,서울특별시 성북구 성북동,서울특별시 성북구 성북로 18 (성북동),근린생활2,제2종근린생활시설,10091100232547,지번
1129011200100440001,서울특별시 성북구 삼선동2가,서울특별시 성북구 삼선교로10길 3 (삼선동2가),근린생활2,제2종근린생활시설,100918303,지번
1129011200100430000,서울특별시 성북구 삼선동2가,서울특별시 성북구 삼선교로 30 (삼선동2가),근린생활2,제2종근린생활시설,100918302,지번
1129011200101490000,서울특별시 성북구 삼선동2가,서울특별시 성북구 삼선교로10길 19 (삼선동2가),근린생활1,제1종근린생활시설,100918393,지번
1129011200101500000,서울특별시 성북구 삼선동2가,서울특별시 성북구 삼선교로10길 23 (삼선동2가),근린생활1,제1종근린생활시설,100918394,지번
1129011200101580000,서울특별시 성북구 삼선동2가,서울특별시 성북구 삼선교로10길 29 (삼선동2가),근린생활2,제2종근린생활시설,100918402,지번
1129011200101590000,서울특별시 성북구 삼선동2가,서울특별시 성북구 삼선교로10길 33 (삼선동2가),근린생활2,제2종근린생활시설,100918403,지번
1129011200101530000,서울특별시 성북구 삼선동2가,서울특별시 성북구 삼선교로10길 39 (삼선동2가),근린생활1,제1종근린생활시설,100918396,지번
1129011200100390000,서울특별시 성북구 삼선동2가,서울특별시 성북구 삼선교로 36-1 (삼선동2가),근린생활2,제2종근린생활시설,100918299,지번
1129011200100510000,서울특별시 성북구 삼선동2가,서울특별시 성북구 삼선교로14길 6 (삼선동2가),근린생활2,제2종근린생활시설,100918313,지번
1129011200100520000,서울특별시 성북구 삼선동2가,서울특별시 성북구 삼선교로14길 12 (삼선동2가),근린생활2,제2종근린생활시설,100918314,지번
1129013100101550000,서울특별시 성북구 보문동2가,서울특별시 성북구 지봉로 178-1 (보문동2가),근린생활,공동주택,10091100218152,지번
1129011700101350008,서울특별시 성북구 동선동2가,서울특별시 성북구 동소문로22길 57-25 (동선동2가),근린생활2,제2종근린생활시설,1009110592,지번
1129011700101350007,서울특별시 성북구 동선동2가,서울특별시 성북구 보문로30길 77 (동선동2가),근린생활2,제2종근린생활시설,1009110591,지번
1129011700101580000,서울특별시 성북구 동선동2가,서울특별시 성북구 보문로30길 80 (동선동2가),근린생활1,제1종근린생활시설,1009110636,지번
1129011600100080000,서울특별시 성북구 동선동1가,서울특별시 성북구 동소문로20길 37-5 (동선동1가),근린생활1,제1종근린생활시설,1009110107,지번
1129010700102050003,서울특별시 성북구 동소문동4가,서울특별시 성북구 동소문로13길 37 (동소문동4가),근린생활2,제2종근린생활시설,10091100189616,지번
1129012100103610001,서울특별시 성북구 안암동1가,서울특별시 성북구 고려대로17가길 78 (안암동1가),근린생활1,제1종근린생활시설,1009112267,지번
1129012100103170001,서울특별시 성북구 안암동1가,서울특별시 성북구 고려대로17가길 77 (안암동1가),근린생활1,제1종근린생활시설,1009112191,지번
1129012100103170013,서울특별시 성북구 안암동1가,서울특별시 성북구 고려대로17가길 75 (안암동1가),근린생활2,제2종근린생활시설,1009112194,지번
1129013400110780002,서울특별시 성북구 길음동,서울특별시 성북구 삼양로 20 (길음동),근린생활1,제1종근린생활시설,1009124440,지번
1129010600100630001,서울특별시 성북구 동소문동3가,서울특별시 성북구 동소문로 50 (동소문동3가),근린생활2,제2종근린생활시설,100916409,지번
1129010400100510002,서울특별시 성북구 동소문동1가,서울특별시 성북구 동소문로3길 44 (동소문동1가),근린생활1,제1종근린생활시설,100915997,지번
1129011200101730000,서울특별시 성북구 삼선동2가,서울특별시 성북구 삼선교로16길 38 (삼선동2가),근린생활1,제1종근린생활시설,100918417,지번
1129011200101720000,서울특별시 성북구 삼선동2가,서울특별시 성북구 삼선교로16길 40 (삼선동2가),근린생활1,제1종근린생활시설,100918416,지번
1129010700101920000,서울특별시 성북구 동소문동4가,서울특별시 성북구 동소문로13길 39-15 (동소문동4가),근린생활2,제2종근린생활시설,100916565,지번
1129010900100620000,서울특별시 성북구 동소문동6가,서울특별시 성북구 동소문로15길 36 (동소문동6가),근린생활1,제1종근린생활시설,100916848,지번
1129013600100370090,서울특별시 성북구 하월곡동,서울특별시 성북구 화랑로 90-10 (하월곡동),근린생활2,제2종근린생활시설,10091100197671,지번
1129013300100140018,서울특별시 성북구 정릉동,서울특별시 성북구 정릉로36길 28-5 (정릉동),근린생활1,제1종근린생활시설,10091100222492,지번
1129011700100020005,서울특별시 성북구 동선동2가,서울특별시 성북구 보문로32길 27 (동선동2가),근린생활2,제2종근린생활시설,1009110456,지번
1129011500104100000,서울특별시 성북구 삼선동5가,서울특별시 성북구 보문로32길 12 (삼선동5가),근린생활1,제1종근린생활시설,1009110005,지번
1129011200101230000,서울특별시 성북구 삼선동2가,서울특별시 성북구 삼선교로 40 (삼선동2가),근린생활1,제1종근린생활시설,100918369,지번
1129011200101210000,서울특별시 성북구 삼선동2가,서울특별시 성북구 삼선교로 42 (삼선동2가),근린생활2,제2종근린생활시설,100918368,지번
1129011200101100000,서울특별시 성북구 삼선동2가,서울특별시 성북구 삼선교로16길 14 (삼선동2가),근린생활1,제1종근린생활시설,100918359,지번
1129011200101310000,서울특별시 성북구 삼선동2가,서울특별시 성북구 삼선교로16길 20 (삼선동2가),근린생활1,제1종근린생활시설,100918376,지번
1129011200101800000,서울특별시 성북구 삼선동2가,서울특별시 성북구 삼선교로16길 30 (삼선동2가),근린생활1,제1종근린생활시설,100918422,지번
1129011000100880000,서울특별시 성북구 동소문동7가,서울특별시 성북구 아리랑로5길 26 (동소문동7가),근린생활1,제1종근린생활시설,100917224,지번
1129010100101840079,서울특별시 성북구 성북동,서울특별시 성북구 성북로 28 (성북동),근린생활2,제2종근린생활시설,100913318,지번
1129010200100350010,서울특별시 성북구 성북동1가,서울특별시 성북구 성북로5길 9-4 (성북동1가),근린생활1,제1종근린생활시설,100914346,지번
1129010400100420000,서울특별시 성북구 동소문동1가,서울특별시 성북구 동소문로3길 4 (동소문동1가),근린생활1,제1종근린생활시설,100915970,지번
1129010100103300610,서울특별시 성북구 성북동,서울특별시 성북구 대사관로13길 120 (성북동),근린생활2,제2종근린생활시설,10091100191248,지번
1129011200101920000,서울특별시 성북구 삼선동2가,서울특별시 성북구 삼선교로14길 37 (삼선동2가),근린생활2,제2종근린생활시설,100918431,지번
1129011700101630000,서울특별시 성북구 동선동2가,서울특별시 성북구 보문로30길 74-1 (동선동2가),근린생활1,제1종근린생활시설,1009110640,지번
1129010600100680000,서울특별시 성북구 동소문동3가,서울특별시 성북구 동소문로 58 (동소문동3가),근린생활2,제2종근린생활시설,100916416,지번
1129010800101160000,서울특별시 성북구 동소문동5가,서울특별시 성북구 동소문로20길 16-7 (동소문동5가),근린생활2,제2종근린생활시설,100916778,지번
1129012100101300000,서울특별시 성북구 안암동1가,서울특별시 성북구 고려대로11길 50 (안암동1가),근린생활1,제1종근린생활시설,1009112016,지번
1129013300101390058,서울특별시 성북구 정릉동,서울특별시 성북구 정릉로 272 (정릉동),근린생활1,제1종근린생활시설,10091100224245,지번
1129013300102890030,서울특별시 성북구 정릉동,서울특별시 성북구 보국문로 90 (정릉동),근린생활2,제2종근린생활시설,10091100224487,지번
1129013300102890030,서울특별시 성북구 정릉동,서울특별시 성북구 보국문로22길 3 (정릉동),근린생활2,단독주택,1009118587,지번
1129010400100220002,서울특별시 성북구 동소문동1가,서울특별시 성북구 동소문로 3-1 (동소문동1가),근린생활2,제2종근린생활시설,100915949,지번
1129010400100320001,서울특별시 성북구 동소문동1가,서울특별시 성북구 성북로2길 32 (동소문동1가),근린생활2,제2종근린생활시설,100915959,지번
1129013000100030005,서울특별시 성북구 보문동1가,서울특별시 성북구 고려대로1길 50 (보문동1가),근린생활1,제1종근린생활시설,1009115371,지번
1129013000100140000,서울특별시 성북구 보문동1가,서울특별시 성북구 보문로28길 5 (보문동1가),근린생활1,제1종근린생활시설,1009115396,지번
1129013100102180000,서울특별시 성북구 보문동2가,서울특별시 성북구 지봉로24길 18 (보문동2가),근린생활1,제1종근린생활시설,1009116170,지번
1129013100102150000,서울특별시 성북구 보문동2가,서울특별시 성북구 보문로23길 14 (보문동2가),근린생활1,제1종근린생활시설,1009116168,지번
1129011700101640000,서울특별시 성북구 동선동2가,서울특별시 성북구 보문로30길 74 (동선동2가),근린생활2,제2종근린생활시설,10091100236114,지번
1129013300103830098,서울특별시 성북구 정릉동,서울특별시 성북구 보국문로11길 21-16 (정릉동),근린생활2,제2종근린생활시설,10091100195291,지번
1129011600101210018,서울특별시 성북구 동선동1가,서울특별시 성북구 동소문로24길 13-13 (동선동1가),근린생활2,제2종근린생활시설,10091100213772,지번
1129011800101600002,서울특별시 성북구 동선동3가,서울특별시 성북구 동소문로26나길 21 (동선동3가),근린생활2,제2종근린생활시설,10091100207374,지번
1129012200101410008,서울특별시 성북구 안암동2가,서울특별시 성북구 고려대로10길 9-1 (안암동2가),근린생활2,제2종근린생활시설,10091100214725,지번
1129012300100780012,서울특별시 성북구 안암동3가,서울특별시 성북구 고려대로12길 68 (안암동3가),근린생활2,제2종근린생활시설,10091100208635,지번
1129012400100160010,서울특별시 성북구 안암동4가,서울특별시 성북구 안암로7길 44 (안암동4가),근린생활2,제2종근린생활시설,10091100208134,지번
1129011400103460005,서울특별시 성북구 삼선동4가,서울특별시 성북구 보문로37길 1 (삼선동4가),근린생활1,제1종근린생활시설,100919493,지번
1129010900100750000,서울특별시 성북구 동소문동6가,서울특별시 성북구 동소문로17길 15 (동소문동6가),근린생활2,제2종근린생활시설,100916862,지번
1129010800100610000,서울특별시 성북구 동소문동5가,서울특별시 성북구 동소문로18길 12-8 (동소문동5가),근린생활2,제2종근린생활시설,100916715,지번
1129010800100600000,서울특별시 성북구 동소문동5가,서울특별시 성북구 동소문로18길 12-10 (동소문동5가),근린생활1,제1종근린생활시설,100916714,지번
1129010800101130000,서울특별시 성북구 동소문동5가,서울특별시 성북구 동소문로20길 16-3 (동소문동5가),근린생활1,제1종근린생활시설,100916776,지번
1129010800101170000,서울특별시 성북구 동소문동5가,서울특별시 성북구 동소문로20길 16-9 (동소문동5가),근린생활2,제2종근린생활시설,100916779,지번
1129012800100410001,서울특별시 성북구 보문동6가,서울특별시 성북구 지봉로20길 48 (보문동6가),근린생활2,제2종근린생활시설,1009114565,지번
1129012600100670000,서울특별시 성북구 보문동4가,서울특별시 성북구 고려대로6길 78 (보문동4가),근린생활1,제1종근린생활시설,1009114013,지번
1129012600100390000,서울특별시 성북구 보문동4가,서울특별시 성북구 고려대로2길 49 (보문동4가),근린생활1,제1종근린생활시설,1009113979,지번
1129011400103400000,서울특별시 성북구 삼선동4가,서울특별시 성북구 삼선교로23길 10 (삼선동4가),근린생활1,제1종근린생활시설,100919472,지번
1129012700100340000,서울특별시 성북구 보문동5가,서울특별시 성북구 지봉로24길 34-2 (보문동5가),근린생활1,제1종근린생활시설,1009114215,지번
1129012600100380001,서울특별시 성북구 보문동4가,서울특별시 성북구 고려대로2길 45 (보문동4가),근린생활1,제1종근린생활시설,1009113977,지번
1129012600100370000,서울특별시 성북구 보문동4가,서울특별시 성북구 고려대로2길 46 (보문동4가),근린생활1,제1종근린생활시설,1009113976,지번
1129012600100880000,서울특별시 성북구 보문동4가,서울특별시 성북구 보문로 70 (보문동4가),근린생활2,제2종근린생활시설,1009114040,지번
1129010300100320011,서울특별시 성북구 돈암동,서울특별시 성북구 동소문로 199 (돈암동),근린생활1,제1종근린생활시설,100914797,지번
1129013300103850004,서울특별시 성북구 정릉동,서울특별시 성북구 정릉로19길 18 (정릉동),근린생활2,제2종근린생활시설,10091100234314,지번
1129010600100380000,서울특별시 성북구 동소문동3가,서울특별시 성북구 동소문로2길 89 (동소문동3가),근린생활2,제2종근린생활시설,10091100221852,지번
1129012600100700000,서울특별시 성북구 보문동4가,서울특별시 성북구 고려대로6길 72 (보문동4가),근린생활2,제2종근린생활시설,10091100233453,지번
1129012700100080000,서울특별시 성북구 보문동5가,서울특별시 성북구 지봉로24길 39-1 (보문동5가),근린생활1,제1종근린생활시설,1009114195,지번
1129012300100140000,서울특별시 성북구 안암동3가,서울특별시 성북구 보문로22길 29 (안암동3가),근린생활1,제1종근린생활시설,1009112688,지번
1129011800102590003,서울특별시 성북구 동선동3가,서울특별시 성북구 동소문로32길 7-3 (동선동3가),근린생활1,제1종근린생활시설,10091100232033,지번
1129012500100120105,서울특별시 성북구 안암동5가,서울특별시 성북구 개운사길 76-18 (안암동5가),근린생활2,제2종근린생활시설,10091100232533,지번
1129013300100160182,서울특별시 성북구 정릉동,서울특별시 성북구 정릉로38가길 6 (정릉동),근린생활1,제1종근린생활시설,10091100218892,지번
1129012500100920000,서울특별시 성북구 안암동5가,서울특별시 성북구 고려대로 102-2 (안암동5가),근린생활2,제2종근린생활시설,10091100212751,지번
1129012500101600005,서울특별시 성북구 안암동5가,서울특별시 성북구 개운사길 75-32 (안암동5가),근린생활2,제2종근린생활시설,10091100212334,지번
1129010100100910000,서울특별시 성북구 성북동,서울특별시 성북구 성북로24길 4 (성북동),근린생활2,제2종근린생활시설,100912518,지번
1129010400100510012,서울특별시 성북구 동소문동1가,서울특별시 성북구 동소문로 21-13 (동소문동1가),근린생활2,제2종근린생활시설,10091100216052,지번
1129013300103830002,서울특별시 성북구 정릉동,서울특별시 성북구 보국문로11길 21-20 (정릉동),근린생활2,제2종근린생활시설,10091100195530,지번
1129013300102660140,서울특별시 성북구 정릉동,서울특별시 성북구 보국문로16다길 14 (정릉동),근린생활2,제2종근린생활시설,10091100195430,지번
1129013300102660018,서울특별시 성북구 정릉동,서울특별시 성북구 보국문로16가길 83 (정릉동),근린생활2,제2종근린생활시설,10091100197770,지번
1129013300102270078,서울특별시 성북구 정릉동,서울특별시 성북구 서경로15길 37 (정릉동),근린생활2,제2종근린생활시설,10091100197850,지번
1129011500102700000,서울특별시 성북구 삼선동5가,서울특별시 성북구 보문로 155 (삼선동5가),근린생활2,제2종근린생활시설,10091100219372,지번
1129011800102590013,서울특별시 성북구 동선동3가,서울특별시 성북구 동소문로26마길 58 (동선동3가),근린생활2,제2종근린생활시설,1009111145,지번
1129011200101470000,서울특별시 성북구 삼선동2가,서울특별시 성북구 삼선교로10길 15-4 (삼선동2가),근린생활1,제1종근린생활시설,100918392,지번
1129010100103300160,서울특별시 성북구 성북동,서울특별시 성북구 대사관로8길 76 (성북동),근린생활1,제1종근린생활시설,10091100220592,지번
1129010200100750000,서울특별시 성북구 성북동1가,서울특별시 성북구 성북로 25 (성북동1가),근린생활2,제2종근린생활시설,100912434,지번
1129010200100470000,서울특별시 성북구 성북동1가,서울특별시 성북구 창경궁로43길 24 (성북동1가),근린생활2,제2종근린생활시설,100914374,지번
1129010300106030001,서울특별시 성북구 돈암동,서울특별시 성북구 흥천사길 7 (돈암동),근린생활1,제1종근린생활시설,100915449,지번
1129010400100350000,서울특별시 성북구 동소문동1가,서울특별시 성북구 성북로2길 24 (동소문동1가),근린생활1,제1종근린생활시설,100915963,지번
1129010400100900000,서울특별시 성북구 동소문동1가,서울특별시 성북구 동소문로 19 (동소문동1가),근린생활1,제1종근린생활시설,100916017,지번
1129013300106740007,서울특별시 성북구 정릉동,서울특별시 성북구 솔샘로1길 9 (정릉동),근린생활2,제2종근린생활시설,1009120237,지번
1129013300101700020,서울특별시 성북구 정릉동,서울특별시 성북구 서경로 26-4 (정릉동),근린생활2,제2종근린생활시설,1009117437,지번
1129013400112800006,서울특별시 성북구 길음동,서울특별시 성북구 길음로 103 (길음동),근린생활1,제1종근린생활시설,1009125405,지번
1129013300200860002,서울특별시 성북구 정릉동,서울특별시 성북구 정릉로 202 (정릉동),근린생활2,단독주택,1009122921,지번
1129013300200860002,서울특별시 성북구 정릉동,서울특별시 성북구 정릉로 202 (정릉동),근린생활2,제2종근린생활시설,1009122922,지번
1129013300107120066,서울특별시 성북구 정릉동,서울특별시 성북구 솔샘로16길 3 (정릉동),근린생활1,제1종근린생활시설,1009120608,지번
1129013300101130050,서울특별시 성북구 정릉동,서울특별시 성북구 북악산로 816 (정릉동),근린생활1,제1종근린생활시설,1009117070,지번
1129010100100460026,서울특별시 성북구 성북동,서울특별시 성북구 선잠로2길 14-4 (성북동),근린생활1,제1종근린생활시설,100912307,지번
1129010100100430001,서울특별시 성북구 성북동,서울특별시 성북구 선잠로2길 9 (성북동),근린생활2,제2종근린생활시설,100912287,지번
1129010400100720000,서울특별시 성북구 동소문동1가,서울특별시 성북구 동소문로 17 (동소문동1가),근린생활1,제1종근린생활시설,100916013,지번
1129010500100620000,서울특별시 성북구 동소문동2가,서울특별시 성북구 동소문로6길 12-1 (동소문동2가),근린생활1,제1종근린생활시설,100916147,지번
1129010100100970029,서울특별시 성북구 성북동,서울특별시 성북구 성북로 114 (성북동),근린생활2,제2종근린생활시설,100912531,지번
1129011700101350014,서울특별시 성북구 동선동2가,서울특별시 성북구 보문로34길 72-2 (동선동2가),근린생활2,제2종근린생활시설,1009110598,지번
1129011100101780000,서울특별시 성북구 삼선동1가,서울특별시 성북구 삼선교로6길 8-5 (삼선동1가),근린생활1,제1종근린생활시설,100917657,지번
1129011100101950000,서울특별시 성북구 삼선동1가,서울특별시 성북구 삼선교로6길 32-4 (삼선동1가),근린생활1,제1종근린생활시설,100917672,지번
1129010100101260004,서울특별시 성북구 성북동,,근린생활1,제1종근린생활시설,100912652,지번
1129010100101260004,서울특별시 성북구 성북동,,근린생활1,단독주택,100912653,지번
1129010100100620006,서울특별시 성북구 성북동,서울특별시 성북구 성북로18길 14-6 (성북동),근린생활2,제2종근린생활시설,100912384,지번
1129011500103990000,서울특별시 성북구 삼선동5가,서울특별시 성북구 고려대로5길 87 (삼선동5가),근린생활2,제2종근린생활시설,10091100236655,지번
1129010100101220004,서울특별시 성북구 성북동,서울특별시 성북구 성북로 95-4 (성북동),근린생활2,제2종근린생활시설,100912620,지번
1129010100101220004,서울특별시 성북구 성북동,서울특별시 성북구 성북로 97 (성북동),근린생활2,제2종근린생활시설,100912621,지번
1129012300101300002,서울특별시 성북구 안암동3가,서울특별시 성북구 안암로9길 47 (안암동3가),근린생활2,제2종근린생활시설,1009112875,지번
1129012200101190019,서울특별시 성북구 안암동2가,서울특별시 성북구 고려대로 43 (안암동2가),근린생활1,제1종근린생활시설,1009112469,지번
1129012500100150016,서울특별시 성북구 안암동5가,서울특별시 성북구 개운사길 42-4 (안암동5가),근린생활2,제2종근린생활시설,10091100193988,지번
1129012400100230004,서울특별시 성북구 안암동4가,서울특별시 성북구 안암로9가길 25 (안암동4가),근린생활2,제2종근린생활시설,10091100198810,지번
1129012300101080008,서울특별시 성북구 안암동3가,서울특별시 성북구 고려대로8길 69-11 (안암동3가),근린생활1,제1종근린생활시설,10091100197210,지번
1129012300100850000,서울특별시 성북구 안암동3가,서울특별시 성북구 보문로22길 36 (안암동3가),근린생활2,제2종근린생활시설,10091100193689,지번
1129013500100100023,서울특별시 성북구 종암동,서울특별시 성북구 종암로14길 11 (종암동),근린생활2,제2종근린생활시설,10091100213873,지번
1129010100102600033,서울특별시 성북구 성북동,서울특별시 성북구 성북로28길 17 (성북동),근린생활2,제2종근린생활시설,100913641,지번
1129011200101290000,서울특별시 성북구 삼선동2가,서울특별시 성북구 삼선교로16길 26 (삼선동2가),근린생활2,제2종근린생활시설,10091100202310,지번
1129011400103330002,서울특별시 성북구 삼선동4가,서울특별시 성북구 삼선교로 87 (삼선동4가),근린생활1,제1종근린생활시설,10091100204673,지번
1129013300104130010,서울특별시 성북구 정릉동,서울특별시 성북구 보국문로 18 (정릉동),근린생활2,제2종근린생활시설,10091100189674,지번
1129013300104070003,서울특별시 성북구 정릉동,서울특별시 성북구 보국문로 23 (정릉동),근린생활1,제1종근린생활시설,10091100191447,지번
1129013300103960008,서울특별시 성북구 정릉동,서울특별시 성북구 정릉로21가길 40 (정릉동),근린생활2,제2종근린생활시설,10091100198670,지번
1129013300103880007,서울특별시 성북구 정릉동,서울특별시 성북구 보국문로11길 21-12 (정릉동),근린생활2,제2종근린생활시설,10091100194048,지번
1129013300109210000,서울특별시 성북구 정릉동,서울특별시 성북구 정릉로10길 107 (정릉동),근린생활2,단독주택,10091100257430,지번
1129013300109210000,서울특별시 성북구 정릉동,서울특별시 성북구 정릉로10길 107 (정릉동),근린생활2,제2종근린생활시설,1009121641,지번
1129013300108530007,서울특별시 성북구 정릉동,서울특별시 성북구 정릉로9길 37 (정릉동),근린생활2,제2종근린생활시설,1009121452,지번
1129011400100230000,서울특별시 성북구 삼선동4가,,근린생활2,단독주택,100919288,지번
1129011400100230000,서울특별시 성북구 삼선동4가,,근린생활2,단독주택,100919289,지번
1129011400100230000,서울특별시 성북구 삼선동4가,,근린생활2,제2종근린생활시설,100919290,지번
1129012200101390009,서울특별시 성북구 안암동2가,서울특별시 성북구 고려대로 23 (안암동2가),근린생활2,제2종근린생활시설,1009112512,지번
1129013800102300234,서울특별시 성북구 장위동,서울특별시 성북구 장위로21다길 25 (장위동),근린생활1,제1종근린생활시설,10091100244088,지번
1129010200100350031,서울특별시 성북구 성북동1가,서울특별시 성북구 성북로 5-1 (성북동1가),근린생활2,제2종근린생활시설,10091100247407,지번
1129010700102560000,서울특별시 성북구 동소문동4가,서울특별시 성북구 동소문로 65-3 (동소문동4가),근린생활1,제1종근린생활시설,10091100210891,지번
1129013600100180032,서울특별시 성북구 하월곡동,서울특별시 성북구 화랑로 111-9 (하월곡동),근린생활2,제2종근린생활시설,10091100215022,지번
1129013600100810466,서울특별시 성북구 하월곡동,서울특별시 성북구 오패산로3길 164 (하월곡동),근린생활2,제2종근린생활시설,10091100216172,지번
1129013600100840126,서울특별시 성북구 하월곡동,서울특별시 성북구 오패산로3길 147 (하월곡동),근린생활2,제2종근린생활시설,10091100214752,지번
1129013300102270038,서울특별시 성북구 정릉동,서울특별시 성북구 서경로 80 (정릉동),근린생활2,제2종근린생활시설,1009118066,지번
1129012900100440002,서울특별시 성북구 보문동7가,서울특별시 성북구 보문로13가길 13 (보문동7가),근린생활2,제2종근린생활시설,10091100194928,지번
1129012800100740000,서울특별시 성북구 보문동6가,서울특별시 성북구 지봉로20길 78 (보문동6가),근린생활2,제2종근린생활시설,10091100194008,지번
1129012500101030017,서울특별시 성북구 안암동5가,서울특별시 성북구 고려대로26길 45-16 (안암동5가),근린생활2,제2종근린생활시설,10091100197711,지번
1129012500101000009,서울특별시 성북구 안암동5가,서울특별시 성북구 고려대로 95 (안암동5가),근린생활1,제1종근린생활시설,1009113501,지번
1129012500100570000,서울특별시 성북구 안암동5가,서울특별시 성북구 고려대로 104 (안암동5가),근린생활2,제2종근린생활시설,1009113404,지번
1129012400100150007,서울특별시 성북구 안암동4가,서울특별시 성북구 안암로7길 39 (안암동4가),근린생활2,제2종근린생활시설,1009113187,지번
1129013500100200005,서울특별시 성북구 종암동,서울특별시 성북구 종암로 63 (종암동),근린생활2,제2종근린생활시설,10091100211671,지번
1129010100102980001,서울특별시 성북구 성북동,서울특별시 성북구 성북로26길 41 (성북동),근린생활1,제1종근린생활시설,100913718,지번
1129013800100760152,서울특별시 성북구 장위동,서울특별시 성북구 돌곶이로 166 (장위동),근린생활2,제2종근린생활시설,1009134681,지번
1129013800100760152,서울특별시 성북구 장위동,서울특별시 성북구 돌곶이로 166 (장위동),근린생활2,제1종근린생활시설,1009134682,지번
1129012800100320000,서울특별시 성북구 보문동6가,서울특별시 성북구 보문로23길 33 (보문동6가),근린생활1,제1종근린생활시설,1009114491,지번
1129012600100660000,서울특별시 성북구 보문동4가,서울특별시 성북구 고려대로6길 80 (보문동4가),근린생활1,제1종근린생활시설,1009114012,지번
1129013900103320269,서울특별시 성북구 석관동,서울특별시 성북구 돌곶이로5길 6 (석관동),근린생활1,제1종근린생활시설,1009143023,지번
1129013800102370051,서울특별시 성북구 장위동,서울특별시 성북구 장월로 130-1 (장위동),근린생활1,제1종근린생활시설,1009138219,지번
1129013600100150019,서울특별시 성북구 하월곡동,서울특별시 성북구 월곡로18길 25-19 (하월곡동),근린생활2,제2종근린생활시설,10091100209900,지번
1129012300100970000,서울특별시 성북구 안암동3가,서울특별시 성북구 고려대로10길 48 (안암동3가),근린생활1,제1종근린생활시설,1009112810,지번
1129013900102990003,서울특별시 성북구 석관동,서울특별시 성북구 돌곶이로14길 11 (석관동),근린생활2,제2종근린생활시설,1009142522,지번
1129013800100680303,서울특별시 성북구 장위동,서울특별시 성북구 장위로38길 56-2 (장위동),근린생활1,제1종근린생활시설,1009133498,지번
1129013800100680303,서울특별시 성북구 장위동,서울특별시 성북구 장위로38길 56-2 (장위동),근린생활1,단독주택,1009133499,지번
1129013300109660173,서울특별시 성북구 정릉동,서울특별시 성북구 정릉로31길 30 (정릉동),근린생활2,제2종근린생활시설,1009121721,지번
1129012700100030002,서울특별시 성북구 보문동5가,서울특별시 성북구 지봉로24길 33 (보문동5가),근린생활2,제2종근린생활시설,10091100185673,지번
1129013800101360036,서울특별시 성북구 장위동,서울특별시 성북구 한천로 675 (장위동),근린생활1,제1종근린생활시설,10091100257990,지번
1129011500103980000,서울특별시 성북구 삼선동5가,서울특별시 성북구 고려대로5길 85 (삼선동5가),근린생활2,제2종근린생활시설,100919999,지번
1129011100101030000,서울특별시 성북구 삼선동1가,서울특별시 성북구 삼선교로10길 16 (삼선동1가),근린생활1,제1종근린생활시설,100917581,지번
1129013800101360040,서울특별시 성북구 장위동,서울특별시 성북구 한천로 667 (장위동),근린생활2,제2종근린생활시설,10091100254739,지번
1129013500100650013,서울특별시 성북구 종암동,서울특별시 성북구 종암로21가길 36-1 (종암동),근린생활2,제2종근린생활시설,10091100256090,지번
1129013900100580284,서울특별시 성북구 석관동,서울특별시 성북구 돌곶이로8길 31 (석관동),근린생활2,제2종근린생활시설,10091100202470,지번
1129010100100460016,서울특별시 성북구 성북동,서울특별시 성북구 선잠로2가길 3 (성북동),근린생활1,제1종근린생활시설,100912303,지번
1129010700100760000,서울특별시 성북구 동소문동4가,서울특별시 성북구 동소문로13가길 76 (동소문동4가),근린생활2,제2종근린생활시설,10091100204917,지번
1129013300106700070,서울특별시 성북구 정릉동,서울특별시 성북구 정릉로15길 29 (정릉동),근린생활2,제2종근린생활시설,10091100193717,지번
1129013500100030202,서울특별시 성북구 종암동,서울특별시 성북구 종암로22길 27-15 (종암동),근린생활1,제1종근린생활시설,1009125639,지번
1129013500100310012,서울특별시 성북구 종암동,서울특별시 성북구 종암로3길 29-13 (종암동),근린생활2,제2종근린생활시설,1009126797,지번
1129013600100760008,서울특별시 성북구 하월곡동,서울특별시 성북구 오패산로 71 (하월곡동),근린생활2,제2종근린생활시설,1009129551,지번
1129013600100670044,서울특별시 성북구 하월곡동,서울특별시 성북구 오패산로 11-20 (하월곡동),근린생활2,제2종근린생활시설,10091100207633,지번
1129011600100850040,서울특별시 성북구 동선동1가,서울특별시 성북구 동소문로24길 37 (동선동1가),근린생활1,제1종근린생활시설,1009110221,지번
1129012500101040153,서울특별시 성북구 안암동5가,서울특별시 성북구 안암로 73-9 (안암동5가),근린생활1,제1종근린생활시설,1009113714,지번
1129010800100520003,서울특별시 성북구 동소문동5가,서울특별시 성북구 보문로40길 23 (동소문동5가),근린생활1,제1종근린생활시설,100916685,지번
1129010200100160001,서울특별시 성북구 성북동1가,서울특별시 성북구 성북로5길 17 (성북동1가),근린생활2,제2종근린생활시설,100914317,지번
1129013300104430002,서울특별시 성북구 정릉동,서울특별시 성북구 아리랑로19길 44-6 (정릉동),근린생활2,제2종근린생활시설,10091100238035,지번
1129013300103880005,서울특별시 성북구 정릉동,서울특별시 성북구 보국문로11길 21-8 (정릉동),근린생활2,제2종근린생활시설,10091100194029,지번
1129013300103880004,서울특별시 성북구 정릉동,서울특별시 성북구 보국문로11길 21-6 (정릉동),근린생활2,제2종근린생활시설,10091100194030,지번
1129013300103880001,서울특별시 성북구 정릉동,서울특별시 성북구 보국문로11길 21-4 (정릉동),근린생활2,제2종근린생활시설,10091100194888,지번
1129011500101000003,서울특별시 성북구 삼선동5가,서울특별시 성북구 보문로29길 64 (삼선동5가),근린생활2,제2종근린생활시설,10091100202635,지번
1129011600101220001,서울특별시 성북구 동선동1가,서울특별시 성북구 동소문로26나길 10 (동선동1가),근린생활2,제2종근린생활시설,10091100212711,지번
1129011800101740000,서울특별시 성북구 동선동3가,서울특별시 성북구 동소문로26길 18-1 (동선동3가),근린생활2,제2종근린생활시설,10091100205034,지번
1129012000100700043,서울특별시 성북구 동선동5가,서울특별시 성북구 동소문로25길 34 (동선동5가),근린생활2,제2종근린생활시설,10091100207413,지번
1129012100102780000,서울특별시 성북구 안암동1가,서울특별시 성북구 보문로26길 61-5 (안암동1가),근린생활2,제2종근린생활시설,10091100211051,지번
1129013300108880001,서울특별시 성북구 정릉동,,근린생활1,제1종근린생활시설,1009121542,지번
1129013800100660286,서울특별시 성북구 장위동,서울특별시 성북구 돌곶이로27길 42 (장위동),근린생활1,제1종근린생활시설,1009133301,지번
1129010100101760001,서울특별시 성북구 성북동,서울특별시 성북구 성북로 44 (성북동),근린생활2,제2종근린생활시설,10091100237454,지번
1129012300101370067,서울특별시 성북구 안암동3가,서울특별시 성북구 안암로9나길 51 (안암동3가),근린생활2,제2종근린생활시설,10091100215532,지번
1129012400100410019,서울특별시 성북구 안암동4가,서울특별시 성북구 안암로9가길 10 (안암동4가),근린생활2,제2종근린생활시설,10091100214992,지번
1129012500100860185,서울특별시 성북구 안암동5가,서울특별시 성북구 고려대로28길 17 (안암동5가),근린생활2,제2종근린생활시설,10091100216772,지번
1129012500101030116,서울특별시 성북구 안암동5가,서울특별시 성북구 고려대로28길 12-9 (안암동5가),근린생활2,제2종근린생활시설,10091100204994,지번
1129010100101260026,서울특별시 성북구 성북동,서울특별시 성북구 성북로15길 15-4 (성북동),근린생활2,제2종근린생활시설,100912659,지번
1129010100100360001,서울특별시 성북구 성북동,서울특별시 성북구 선잠로2길 29-1 (성북동),근린생활2,제2종근린생활시설,100912272,지번
1129011400103690000,서울특별시 성북구 삼선동4가,서울특별시 성북구 보문로36길 38 (삼선동4가),근린생활2,제2종근린생활시설,10091100198651,지번
1129013800102140080,서울특별시 성북구 장위동,서울특별시 성북구 돌곶이로 195 (장위동),근린생활2,제2종근린생활시설,1009136452,지번
1129010100101330038,서울특별시 성북구 성북동,서울특별시 성북구 성북로 67 (성북동),근린생활1,제1종근린생활시설,100912734,지번
1129013300102850011,서울특별시 성북구 정릉동,서울특별시 성북구 보국문로 72 (정릉동),근린생활2,제2종근린생활시설,1009118559,지번
1129010100100020055,서울특별시 성북구 성북동,서울특별시 성북구 선잠로2라길 42 (성북동),근린생활2,제2종근린생활시설,100911848,지번
1129010700101030006,서울특별시 성북구 동소문동4가,서울특별시 성북구 동소문로13가길 62-6 (동소문동4가),근린생활2,제2종근린생활시설,10091100185754,지번
1129013300106750001,서울특별시 성북구 정릉동,서울특별시 성북구 정릉로 169 (정릉동),근린생활2,제2종근린생활시설,1009120240,지번
1129013600100740011,서울특별시 성북구 하월곡동,서울특별시 성북구 오패산로13길 33 (하월곡동),근린생활1,제1종근린생활시설,1009129518,지번
1129013500100030095,서울특별시 성북구 종암동,서울특별시 성북구 월곡로5가길 2 (종암동),근린생활1,제1종근린생활시설,1009125580,지번
1129010100103300478,서울특별시 성북구 성북동,서울특별시 성북구 성북로 189 (성북동),근린생활1,제1종근린생활시설,100913989,지번
1129013600100760017,서울특별시 성북구 하월곡동,서울특별시 성북구 오패산로 75 (하월곡동),근린생활1,제1종근린생활시설,1009129557,지번
1129012200100950006,서울특별시 성북구 안암동2가,서울특별시 성북구 고려대로17가길 21 (안암동2가),근린생활1,제1종근린생활시설,1009112391,지번
1129011600100640000,서울특별시 성북구 동선동1가,서울특별시 성북구 동소문로20길 37-18 (동선동1가),근린생활2,제2종근린생활시설,1009110142,지번
1129011600100280000,서울특별시 성북구 동선동1가,서울특별시 성북구 동소문로20길 29-20 (동선동1가),근린생활1,제1종근린생활시설,1009110119,지번
1129012100100870003,서울특별시 성북구 안암동1가,서울특별시 성북구 고려대로7라길 7 (안암동1가),근린생활2,제2종근린생활시설,10091100199230,지번
1129013400105310021,서울특별시 성북구 길음동,서울특별시 성북구 길음로 14-2 (길음동),근린생활1,제1종근린생활시설,1009123685,지번
1129013300109660223,서울특별시 성북구 정릉동,서울특별시 성북구 보국문로 205 (정릉동),근린생활2,제2종근린생활시설,1009121724,지번
1129013900100580271,서울특별시 성북구 석관동,서울특별시 성북구 돌곶이로8길 63 (석관동),근린생활1,제1종근린생활시설,1009140468,지번
1129011400103720000,서울특별시 성북구 삼선동4가,서울특별시 성북구 보문로36길 32 (삼선동4가),근린생활2,제2종근린생활시설,10091100193629,지번
1129013500100310015,서울특별시 성북구 종암동,서울특별시 성북구 종암로3길 45-8 (종암동),근린생활2,제2종근린생활시설,1009126800,지번
1129013400108770182,서울특별시 성북구 길음동,서울특별시 성북구 동소문로 225 (길음동),근린생활1,제1종근린생활시설,1009124186,지번
1129011600100850055,서울특별시 성북구 동선동1가,서울특별시 성북구 동소문로24길 49 (동선동1가),근린생활2,제2종근린생활시설,1009110232,지번
1129013300107100002,서울특별시 성북구 정릉동,서울특별시 성북구 솔샘로14가길 1 (정릉동),근린생활2,제2종근린생활시설,1009120514,지번
1129013000100020000,서울특별시 성북구 보문동1가,서울특별시 성북구 고려대로1길 62 (보문동1가),근린생활2,제2종근린생활시설,10091100270331,지번
1129013900102500012,서울특별시 성북구 석관동,서울특별시 성북구 돌곶이로18길 3-9 (석관동),근린생활1,제1종근린생활시설,10091100270313,지번
1129010100101610004,서울특별시 성북구 성북동,서울특별시 성북구 성북로 64 (성북동),근린생활2,제2종근린생활시설,100912874,지번
1129013600100810293,서울특별시 성북구 하월곡동,서울특별시 성북구 오패산로19길 35 (하월곡동),근린생활1,제1종근린생활시설,1009129850,지번
1129013600100770213,서울특별시 성북구 하월곡동,서울특별시 성북구 오패산로 98-14 (하월곡동),근린생활2,제2종근린생활시설,1009129601,지번
1129013300104040014,서울특별시 성북구 정릉동,서울특별시 성북구 보국문로 43 (정릉동),근린생활1,제1종근린생활시설,1009119257,지번
1129013100100640013,서울특별시 성북구 보문동2가,서울특별시 성북구 보문로25길 19-6 (보문동2가),근린생활2,제2종근린생활시설,1009116004,지번
1129012500101010046,서울특별시 성북구 안암동5가,서울특별시 성북구 고려대로24길 3-3 (안암동5가),근린생활2,제2종근린생활시설,1009113519,지번
1129012200101440001,서울특별시 성북구 안암동2가,서울특별시 성북구 고려대로 26 (안암동2가),근린생활1,제1종근린생활시설,1009112567,지번
1129013400111350000,서울특별시 성북구 길음동,서울특별시 성북구 삼양로 74 (길음동),근린생활1,제1종근린생활시설,1009124542,지번
1129013400100320037,서울특별시 성북구 길음동,서울특별시 성북구 숭인로16길 6 (길음동),근린생활1,제1종근린생활시설,1009123070,지번
1129013400104860001,서울특별시 성북구 길음동,서울특별시 성북구 숭인로 70-2 (길음동),근린생활2,제2종근린생활시설,1009123191,지번
1129010700101210000,서울특별시 성북구 동소문동4가,서울특별시 성북구 동소문로 57 (동소문동4가),근린생활2,제2종근린생활시설,100916519,지번
1129013800102680002,서울특별시 성북구 장위동,서울특별시 성북구 장월로 26 (장위동),근린생활1,제1종근린생활시설,1009138925,지번
1129011500102980004,서울특별시 성북구 삼선동5가,서울특별시 성북구 보문로 173-2 (삼선동5가),근린생활1,제1종근린생활시설,100919902,지번
1129013800102330048,서울특별시 성북구 장위동,서울특별시 성북구 장월로11길 25 (장위동),근린생활2,제2종근린생활시설,1009137694,지번
1129011500102980002,서울특별시 성북구 삼선동5가,서울특별시 성북구 보문로 173 (삼선동5가),근린생활2,제2종근린생활시설,100919899,지번
1129013400111710000,서울특별시 성북구 길음동,서울특별시 성북구 삼양로 69 (길음동),근린생활1,제1종근린생활시설,1009124598,지번
1129010100101240004,서울특별시 성북구 성북동,서울특별시 성북구 성북로 95-1 (성북동),근린생활2,제2종근린생활시설,100912631,지번
1129011600100850089,서울특별시 성북구 동선동1가,,근린생활2,제1종근린생활시설,1009110292,지번
1129011600100850089,서울특별시 성북구 동선동1가,,근린생활2,단독주택,1009110293,지번
1129011600100850089,서울특별시 성북구 동선동1가,,근린생활2,단독주택,1009110294,지번
1129011600100850089,서울특별시 성북구 동선동1가,서울특별시 성북구 동소문로20다길 28 (동선동1가),근린생활2,제1종근린생활시설,1009110295,지번
1129011600100850089,서울특별시 성북구 동선동1가,서울특별시 성북구 동소문로20다길 28 (동선동1가),근린생활2,제2종근린생활시설,1009110296,지번
1129013500100100303,서울특별시 성북구 종암동,서울특별시 성북구 종암로 64 (종암동),근린생활1,제1종근린생활시설,10091100219872,지번
1129012100100100003,서울특별시 성북구 안암동1가,서울특별시 성북구 보문로30길 36-4 (안암동1가),근린생활2,제2종근린생활시설,10091100216136,지번
1129013800100660323,서울특별시 성북구 장위동,서울특별시 성북구 화랑로25길 20 (장위동),근린생활1,제1종근린생활시설,1009133324,지번
1129012500100860111,서울특별시 성북구 안암동5가,서울특별시 성북구 고려대로24가길 29 (안암동5가),근린생활2,제2종근린생활시설,1009113443,지번
1129010100102120003,서울특별시 성북구 성북동,서울특별시 성북구 성북로23길 47 (성북동),근린생활1,단독주택,100913384,지번
1129010100102120003,서울특별시 성북구 성북동,서울특별시 성북구 성북로23길 47 (성북동),근린생활1,제1종근린생활시설,100913385,지번
1129013800100500038,서울특별시 성북구 장위동,서울특별시 성북구 화랑로35길 12 (장위동),근린생활2,제2종근린생활시설,1009132756,지번
1129013600100370017,서울특별시 성북구 하월곡동,서울특별시 성북구 월곡로 114 (하월곡동),근린생활2,제2종근린생활시설,1009128860,지번
1129013300104140003,서울특별시 성북구 정릉동,서울특별시 성북구 보국문로 12 (정릉동),근린생활1,제1종근린생활시설,1009119393,지번
1129013800102300206,서울특별시 성북구 장위동,서울특별시 성북구 장위로 33 (장위동),근린생활1,제1종근린생활시설,1009137139,지번
1129013300102890034,서울특별시 성북구 정릉동,서울특별시 성북구 보국문로 90-1 (정릉동),근린생활1,제1종근린생활시설,1009118590,지번
1129013000101220002,서울특별시 성북구 보문동1가,서울특별시 성북구 보문로 120-2 (보문동1가),근린생활1,제1종근린생활시설,1009115688,지번
1129013000101220002,서울특별시 성북구 보문동1가,서울특별시 성북구 보문로 120-2 (보문동1가),근린생활1,제1종근린생활시설,1009115689,지번
1129013000101220002,서울특별시 성북구 보문동1가,서울특별시 성북구 보문로 120-2 (보문동1가),근린생활1,제1종근린생활시설,1009115690,지번
1129010900102560000,서울특별시 성북구 동소문동6가,서울특별시 성북구 동소문로13나길 72 (동소문동6가),근린생활2,제2종근린생활시설,10091100205414,지번
1129010900102600000,서울특별시 성북구 동소문동6가,서울특별시 성북구 동소문로17길 41-6 (동소문동6가),근린생활2,제2종근린생활시설,10091100207493,지번
1129011100101050000,서울특별시 성북구 삼선동1가,서울특별시 성북구 삼선교로10길 14-7 (삼선동1가),근린생활2,제2종근린생활시설,10091100208014,지번
1129011200101050000,서울특별시 성북구 삼선동2가,서울특별시 성북구 삼선교로 29 (삼선동2가),근린생활2,제2종근린생활시설,10091100216472,지번
1129011200102660000,서울특별시 성북구 삼선동2가,서울특별시 성북구 삼선교로10길 67 (삼선동2가),근린생활2,제2종근린생활시설,10091100211131,지번
1129011100103000006,서울특별시 성북구 삼선동1가,서울특별시 성북구 삼선교로4길 152 (삼선동1가),근린생활1,제1종근린생활시설,100918214,지번
1129012400100300001,서울특별시 성북구 안암동4가,서울특별시 성북구 안암로 35 (안암동4가),근린생활2,제2종근린생활시설,10091100211691,지번
1129012500100120024,서울특별시 성북구 안암동5가,서울특별시 성북구 고려대로27길 52-7 (안암동5가),근린생활2,제2종근린생활시설,10091100214512,지번
1129012500100120166,서울특별시 성북구 안암동5가,서울특별시 성북구 고려대로27길 52-9 (안암동5가),근린생활2,제2종근린생활시설,10091100214552,지번
1129013300100450072,서울특별시 성북구 정릉동,서울특별시 성북구 북악산로 850 (정릉동),근린생활1,제1종근린생활시설,1009116938,지번
1129010700100090000,서울특별시 성북구 동소문동4가,서울특별시 성북구 동소문로 31-5 (동소문동4가),근린생활2,제2종근린생활시설,100916439,지번
1129010900102170002,서울특별시 성북구 동소문동6가,서울특별시 성북구 동소문로17길 41-4 (동소문동6가),근린생활2,제2종근린생활시설,10091100207693,지번
1129013300108920001,서울특별시 성북구 정릉동,서울특별시 성북구 정릉로10길 4-18 (정릉동),근린생활2,제2종근린생활시설,10091100193207,지번
1129013100100320001,서울특별시 성북구 보문동2가,서울특별시 성북구 지봉로23길 44 (보문동2가),근린생활1,제1종근린생활시설,1009115928,지번
1129013300103100002,서울특별시 성북구 정릉동,서울특별시 성북구 보국문로 87-6 (정릉동),근린생활1,제1종근린생활시설,10091100257550,지번
1129012800100750000,서울특별시 성북구 보문동6가,서울특별시 성북구 지봉로20길 74-1 (보문동6가),근린생활2,제2종근린생활시설,10091100194988,지번
1129012800100420031,서울특별시 성북구 보문동6가,서울특별시 성북구 보문로19길 41-3 (보문동6가),근린생활2,제2종근린생활시설,10091100197690,지번
1129012500101030111,서울특별시 성북구 안암동5가,서울특별시 성북구 고려대로26길 5 (안암동5가),근린생활2,제2종근린생활시설,1009113638,지번
1129012500101030027,서울특별시 성북구 안암동5가,서울특별시 성북구 고려대로24길 3-28 (안암동5가),근린생활2,제2종근린생활시설,10091100191207,지번
1129012500101010043,서울특별시 성북구 안암동5가,서울특별시 성북구 고려대로 91-1 (안암동5가),근린생활1,제1종근린생활시설,1009113518,지번
1129012500100860046,서울특별시 성북구 안암동5가,서울특별시 성북구 고려대로28길 26 (안암동5가),근린생활2,제2종근린생활시설,1009113440,지번
1129010100101240003,서울특별시 성북구 성북동,서울특별시 성북구 혜화로 82-2 (성북동),근린생활2,제2종근린생활시설,100912630,지번
1129013300109050008,서울특별시 성북구 정릉동,서울특별시 성북구 정릉로10라길 17 (정릉동),근린생활1,제1종근린생활시설,1009122646,지번
1129013300108920010,서울특별시 성북구 정릉동,서울특별시 성북구 정릉로10길 34 (정릉동),근린생활1,제1종근린생활시설,1009121556,지번
1129013600100370103,서울특별시 성북구 하월곡동,서울특별시 성북구 화랑로 94-5 (하월곡동),근린생활2,제2종근린생활시설,10091100199110,지번
1129013600100170002,서울특별시 성북구 하월곡동,서울특별시 성북구 화랑로11길 36 (하월곡동),근린생활2,제2종근린생활시설,1009128558,지번
1129010100100680005,서울특별시 성북구 성북동,서울특별시 성북구 성북로 100 (성북동),근린생활1,제1종근린생활시설,100912430,지번
1129010100100190000,서울특별시 성북구 성북동,서울특별시 성북구 선잠로 49 (성북동),근린생활1,제1종근린생활시설,100912161,지번
1129010100103300542,서울특별시 성북구 성북동,서울특별시 성북구 대사관로 32 (성북동),근린생활1,제1종근린생활시설,100914027,지번
1129010700101380001,서울특별시 성북구 동소문동4가,서울특별시 성북구 동소문로13가길 32 (동소문동4가),근린생활2,제2종근린생활시설,10091100202490,지번
1129011000101040000,서울특별시 성북구 동소문동7가,서울특별시 성북구 아리랑로 51-2 (동소문동7가),근린생활2,제2종근린생활시설,10091100216162,지번
1129010700100120000,서울특별시 성북구 동소문동4가,서울특별시 성북구 동소문로13가길 77 (동소문동4가),근린생활2,제2종근린생활시설,10091100185550,지번
1129010500100020000,서울특별시 성북구 동소문동2가,서울특별시 성북구 동소문로 4 (동소문동2가),근린생활1,제1종근린생활시설,100916099,지번
1129013500100230054,서울특별시 성북구 종암동,서울특별시 성북구 종암로5길 9-18 (종암동),근린생활2,제2종근린생활시설,10091100198991,지번
1129013500100230036,서울특별시 성북구 종암동,서울특별시 성북구 북악산로31길 36 (종암동),근린생활2,제2종근린생활시설,10091100195250,지번
1129013500100230028,서울특별시 성북구 종암동,서울특별시 성북구 북악산로31길 37 (종암동),근린생활2,제2종근린생활시설,10091100193828,지번
1129013500100230026,서울특별시 성북구 종암동,서울특별시 성북구 종암로3길 13 (종암동),근린생활2,제2종근린생활시설,1009126590,지번
1129012600100020003,서울특별시 성북구 보문동4가,서울특별시 성북구 보문로 100-1 (보문동4가),근린생활1,제1종근린생활시설,1009113955,지번
1129013100100390002,서울특별시 성북구 보문동2가,서울특별시 성북구 보문로 129 (보문동2가),근린생활2,제2종근린생활시설,1009115944,지번
1129013100100390002,서울특별시 성북구 보문동2가,서울특별시 성북구 보문로 129 (보문동2가),근린생활2,제2종근린생활시설,1009115945,지번
1129012200100490000,서울특별시 성북구 안암동2가,서울특별시 성북구 고려대로7길 12-21 (안암동2가),근린생활1,단독주택,1009112311,지번
1129012200100490000,서울특별시 성북구 안암동2가,서울특별시 성북구 고려대로11길 13 (안암동2가),근린생활1,제1종근린생활시설,1009112312,지번
1129011300100100000,서울특별시 성북구 삼선동3가,서울특별시 성북구 삼선교로18길 23 (삼선동3가),근린생활2,제2종근린생활시설,100918874,지번
1129010100100750037,서울특별시 성북구 성북동,서울특별시 성북구 선잠로 9-10 (성북동),근린생활2,제2종근린생활시설,10091100204893,지번
1129011000100840001,서울특별시 성북구 동소문동7가,서울특별시 성북구 아리랑로5길 24 (동소문동7가),근린생활2,제2종근린생활시설,100917218,지번
1129011600101190009,서울특별시 성북구 동선동1가,서울특별시 성북구 동소문로20가길 51 (동선동1가),근린생활2,제2종근린생활시설,1009110386,지번
1129010700100160000,서울특별시 성북구 동소문동4가,서울특별시 성북구 동소문로13가길 71 (동소문동4가),근린생활2,제2종근린생활시설,100916445,지번
1129010100200250020,서울특별시 성북구 성북동,,근린생활1,제1종근린생활시설,100914268,지번
1129011700101920000,서울특별시 성북구 동선동2가,서울특별시 성북구 보문로30가길 11-4 (동선동2가),근린생활2,제2종근린생활시설,10091100199030,지번
1129011800102530000,서울특별시 성북구 동선동3가,서울특별시 성북구 동소문로26가길 43 (동선동3가),근린생활2,제2종근린생활시설,10091100199051,지번
1129011800102340000,서울특별시 성북구 동선동3가,서울특별시 성북구 보문로34나길 3 (동선동3가),근린생활2,제2종근린생활시설,1009111075,지번
1129011800101360000,서울특별시 성북구 동선동3가,서울특별시 성북구 동소문로26길 9 (동선동3가),근린생활2,제2종근린생활시설,1009110967,지번
1129011800100680000,서울특별시 성북구 동선동3가,서울특별시 성북구 동소문로26마길 29 (동선동3가),근린생활2,제2종근린생활시설,10091100195110,지번
1129011800100540000,서울특별시 성북구 동선동3가,서울특별시 성북구 동소문로26라길 42 (동선동3가),근린생활2,제2종근린생활시설,10091100193789,지번
1129011700103050000,서울특별시 성북구 동선동2가,서울특별시 성북구 보문로34길 100 (동선동2가),근린생활2,제2종근린생활시설,10091100198671,지번
1129011700102600000,서울특별시 성북구 동선동2가,서울특별시 성북구 보문로30나길 8-21 (동선동2가),근린생활2,제2종근린생활시설,10091100199190,지번
1129011700102300000,서울특별시 성북구 동선동2가,서울특별시 성북구 보문로30가길 11-13 (동선동2가),근린생활2,제2종근린생활시설,10091100193608,지번
1129010100102170095,서울특별시 성북구 성북동,서울특별시 성북구 성북로23길 154 (성북동),근린생활1,제1종근린생활시설,100913488,지번
1129010100101110023,서울특별시 성북구 성북동,서울특별시 성북구 성북로23길 22-13 (성북동),근린생활1,제1종근린생활시설,100912561,지번
1129013300102660163,서울특별시 성북구 정릉동,서울특별시 성북구 서경로21나길 21 (정릉동),근린생활2,제2종근린생활시설,10091100210551,지번
1129013300106650011,서울특별시 성북구 정릉동,서울특별시 성북구 정릉로15길 41 (정릉동),근린생활2,제2종근린생활시설,10091100202370,지번
1129010100102960008,서울특별시 성북구 성북동,서울특별시 성북구 성북로28길 31 (성북동),근린생활2,제2종근린생활시설,100913715,지번
1129011700100120000,서울특별시 성북구 동선동2가,서울특별시 성북구 보문로34길 54 (동선동2가),근린생활1,제1종근린생활시설,10091100198070,지번
1129010100101610008,서울특별시 성북구 성북동,서울특별시 성북구 성북로 64-8 (성북동),근린생활2,제2종근린생활시설,100912876,지번
1129011400100110000,서울특별시 성북구 삼선동4가,서울특별시 성북구 삼선교로23가길 58 (삼선동4가),근린생활2,제2종근린생활시설,10091100204693,지번
1129011500100660011,서울특별시 성북구 삼선동5가,서울특별시 성북구 보문로31길 36 (삼선동5가),근린생활2,제2종근린생활시설,10091100216844,지번
1129010100102170019,서울특별시 성북구 성북동,서울특별시 성북구 성북로23길 74 (성북동),근린생활1,제1종근린생활시설,10091100202592,지번
1129010200100130000,서울특별시 성북구 성북동1가,서울특별시 성북구 창경궁로43길 13 (성북동1가),근린생활2,제2종근린생활시설,10091100210631,지번
1129010200100530000,서울특별시 성북구 성북동1가,서울특별시 성북구 성북로 15-22 (성북동1가),근린생활2,제2종근린생활시설,10091100202673,지번
1129013300103720038,서울특별시 성북구 정릉동,서울특별시 성북구 솔샘로4길 39 (정릉동),근린생활2,제2종근린생활시설,10091100214272,지번
1129013300103970009,서울특별시 성북구 정릉동,서울특별시 성북구 보국문로11길 18-19 (정릉동),근린생활1,제1종근린생활시설,10091100211331,지번
1129013300106650012,서울특별시 성북구 정릉동,서울특별시 성북구 정릉로15길 39 (정릉동),근린생활2,제2종근린생활시설,10091100202392,지번
1129010100102600065,서울특별시 성북구 성북동,서울특별시 성북구 성북로28길 27 (성북동),근린생활2,제2종근린생활시설,100913647,지번
1129010100103500003,서울특별시 성북구 성북동,서울특별시 성북구 성북로31길 65 (성북동),근린생활1,제1종근린생활시설,100914061,지번
1129010100102090003,서울특별시 성북구 성북동,서울특별시 성북구 성북로23가길 12 (성북동),근린생활1,제1종근린생활시설,100913347,지번
1129010100101110021,서울특별시 성북구 성북동,서울특별시 성북구 성북로23길 22-9 (성북동),근린생활1,제1종근린생활시설,100912559,지번
1129010100100880000,서울특별시 성북구 성북동,서울특별시 성북구 성북로 134-4 (성북동),근린생활2,제2종근린생활시설,100912516,지번
1129012700101440000,서울특별시 성북구 보문동5가,서울특별시 성북구 지봉로24길 52-35 (보문동5가),근린생활2,제2종근린생활시설,10091100207765,지번
1129013100100030005,서울특별시 성북구 보문동2가,서울특별시 성북구 보문로 145 (보문동2가),근린생활1,제1종근린생활시설,10091100214032,지번
1129013300100160021,서울특별시 성북구 정릉동,서울특별시 성북구 정릉로 336-1 (정릉동),근린생활2,제2종근린생활시설,10091100204918,지번
1129010100103210013,서울특별시 성북구 성북동,서울특별시 성북구 선잠로5길 96 (성북동),근린생활1,제1종근린생활시설,100913761,지번
1129010900102580000,서울특별시 성북구 동소문동6가,서울특별시 성북구 동소문로13나길 68 (동소문동6가),근린생활2,제2종근린생활시설,10091100207473,지번
1129010100102750000,서울특별시 성북구 성북동,서울특별시 성북구 성북로 170 (성북동),근린생활2,제2종근린생활시설,10091100189794,지번
1129013300108190011,서울특별시 성북구 정릉동,서울특별시 성북구 보국문로 191 (정릉동),근린생활2,제2종근린생활시설,1009121240,지번
1129010100102950004,서울특별시 성북구 성북동,서울특별시 성북구 성북로28길 35 (성북동),근린생활2,제2종근린생활시설,100913708,지번
1129010700101030005,서울특별시 성북구 동소문동4가,서울특별시 성북구 동소문로13가길 62-8 (동소문동4가),근린생활2,제2종근린생활시설,10091100199152,지번
1129013500100230035,서울특별시 성북구 종암동,서울특별시 성북구 종암로3길 18 (종암동),근린생활2,제2종근린생활시설,1009126598,지번
1129013500100160008,서울특별시 성북구 종암동,서울특별시 성북구 종암로 98-8 (종암동),근린생활1,제1종근린생활시설,10091100199232,지번
1129013400112510000,서울특별시 성북구 길음동,서울특별시 성북구 삼양로 25-1 (길음동),근린생활2,제2종근린생활시설,10091100195350,지번
1129010300100190176,서울특별시 성북구 돈암동,서울특별시 성북구 동소문로 186 (돈암동),근린생활2,제2종근린생활시설,100914769,지번
1129010200100440000,서울특별시 성북구 성북동1가,서울특별시 성북구 성북로 15-5 (성북동1가),근린생활2,제2종근린생활시설,10091100197244,지번
1129010100102090012,서울특별시 성북구 성북동,서울특별시 성북구 성북로23가길 3-3 (성북동),근린생활1,제1종근린생활시설,100913354,지번
1129010100102090010,서울특별시 성북구 성북동,서울특별시 성북구 성북로23길 25-2 (성북동),근린생활1,제1종근린생활시설,100913352,지번
1129010200100800001,서울특별시 성북구 성북동1가,서울특별시 성북구 성북로7길 9 (성북동1가),근린생활2,제2종근린생활시설,10091100194908,지번
1129010200100620000,서울특별시 성북구 성북동1가,서울특별시 성북구 성북로 15-4 (성북동1가),근린생활2,제2종근린생활시설,10091100197313,지번
1129013300108240016,서울특별시 성북구 정릉동,서울특별시 성북구 보국문로40길 7-16 (정릉동),근린생활2,제2종근린생활시설,1009121277,지번
1129013100100750009,서울특별시 성북구 보문동2가,서울특별시 성북구 지봉로 175-1 (보문동2가),근린생활2,제2종근린생활시설,10091100181365,지번
1129011700102560000,서울특별시 성북구 동선동2가,서울특별시 성북구 보문로30나길 16-18 (동선동2가),근린생활2,제2종근린생활시설,10091100214245,지번
1129011800102120005,서울특별시 성북구 동선동3가,서울특별시 성북구 보문로34다길 37 (동선동3가),근린생활2,제2종근린생활시설,10091100207834,지번
1129011800102240000,서울특별시 성북구 동선동3가,서울특별시 성북구 보문로34다길 9 (동선동3가),근린생활2,제2종근린생활시설,10091100211271,지번
1129011900101430000,서울특별시 성북구 동선동4가,서울특별시 성북구 동소문로23길 6 (동선동4가),근린생활2,제2종근린생활시설,10091100215812,지번
1129011900101560000,서울특별시 성북구 동선동4가,서울특별시 성북구 동소문로23길 8-19 (동선동4가),근린생활2,제2종근린생활시설,10091100207933,지번
1129012100100610000,서울특별시 성북구 안암동1가,서울특별시 성북구 보문로30가길 24-4 (안암동1가),근린생활2,제2종근린생활시설,10091100213872,지번
1129012200101530005,서울특별시 성북구 안암동2가,서울특별시 성북구 고려대로12길 13-3 (안암동2가),근린생활2,제2종근린생활시설,10091100202150,지번
1129010200100350015,서울특별시 성북구 성북동1가,서울특별시 성북구 성북로5길 9-12 (성북동1가),근린생활2,제2종근린생활시설,10091100198612,지번
1129010100103500022,서울특별시 성북구 성북동,서울특별시 성북구 성북로31길 86 (성북동),근린생활1,제1종근린생활시설,10091100187574,지번
1129010200100350041,서울특별시 성북구 성북동1가,서울특별시 성북구 창경궁로43길 10 (성북동1가),근린생활1,제1종근린생활시설,100914358,지번
1129011400100650000,서울특별시 성북구 삼선동4가,서울특별시 성북구 보문로35길 58 (삼선동4가),근린생활1,제1종근린생활시설,100919346,지번
1129010100103300259,서울특별시 성북구 성북동,서울특별시 성북구 대사관로11가길 47 (성북동),근린생활1,제1종근린생활시설,100913846,지번
1129011500102890000,서울특별시 성북구 삼선동5가,서울특별시 성북구 삼선교로24길 63 (삼선동5가),근린생활2,제2종근린생활시설,10091100209691,지번
1129011700103520000,서울특별시 성북구 동선동2가,서울특별시 성북구 보문로30가길 41-31 (동선동2가),근린생활2,제2종근린생활시설,10091100202190,지번
1129011800101730000,서울특별시 성북구 동선동3가,서울특별시 성북구 동소문로26길 20 (동선동3가),근린생활2,제2종근린생활시설,10091100205035,지번
1129011600100920012,서울특별시 성북구 동선동1가,서울특별시 성북구 동소문로24길 14-8 (동선동1가),근린생활2,제2종근린생활시설,10091100200070,지번
1129011500103540000,서울특별시 성북구 삼선동5가,서울특별시 성북구 고려대로1길 85 (삼선동5가),근린생활2,제2종근린생활시설,10091100197810,지번
1129011500101530003,서울특별시 성북구 삼선동5가,서울특별시 성북구 보문로29가길 9 (삼선동5가),근린생활2,제2종근린생활시설,10091100197811,지번
1129011100102770016,서울특별시 성북구 삼선동1가,,근린생활1,단독주택,100917927,지번
1129011100102770016,서울특별시 성북구 삼선동1가,,근린생활1,단독주택,100917928,지번
1129011100102770016,서울특별시 성북구 삼선동1가,,근린생활1,제1종근린생활시설,100917929,지번
1129011100102770016,서울특별시 성북구 삼선동1가,,근린생활1,단독주택,100917930,지번
1129011800102150005,서울특별시 성북구 동선동3가,서울특별시 성북구 보문로34다길 15 (동선동3가),근린생활2,제2종근린생활시설,10091100205113,지번
1129011900101520000,서울특별시 성북구 동선동4가,서울특별시 성북구 동소문로23길 8-13 (동선동4가),근린생활2,제2종근린생활시설,10091100210531,지번
1129012100100560000,서울특별시 성북구 안암동1가,서울특별시 성북구 보문로30가길 20-5 (안암동1가),근린생활2,제2종근린생활시설,10091100202653,지번
1129012100102230000,서울특별시 성북구 안암동1가,서울특별시 성북구 고려대로7다길 28 (안암동1가),근린생활2,제2종근린생활시설,10091100202290,지번
1129012200101550029,서울특별시 성북구 안암동2가,서울특별시 성북구 고려대로 34-26 (안암동2가),근린생활2,제2종근린생활시설,10091100202510,지번
1129012400100290001,서울특별시 성북구 안암동4가,서울특별시 성북구 안암로 33 (안암동4가),근린생활2,제2종근린생활시설,10091100214852,지번
1129010100103500004,서울특별시 성북구 성북동,서울특별시 성북구 성북로31길 69 (성북동),근린생활1,제1종근린생활시설,100914062,지번
1129011300101150003,서울특별시 성북구 삼선동3가,서울특별시 성북구 삼선교로16가길 41 (삼선동3가),근린생활2,종교시설,10091100190608,지번
1129011300101150003,서울특별시 성북구 삼선동3가,서울특별시 성북구 삼선교로16나길 14 (삼선동3가),근린생활2,제2종근린생활시설,100919190,지번
1129012300101290000,서울특별시 성북구 안암동3가,서울특별시 성북구 안암로7길 52 (안암동3가),근린생활1,제1종근린생활시설,1009112872,지번
1129011400100170000,서울특별시 성북구 삼선동4가,서울특별시 성북구 보문로35길 67 (삼선동4가),근린생활2,제2종근린생활시설,10091100211211,지번
1129011400103520004,서울특별시 성북구 삼선동4가,서울특별시 성북구 보문로34길 7-13 (삼선동4가),근린생활2,제2종근린생활시설,10091100205333,지번
1129011400103680000,서울특별시 성북구 삼선동4가,서울특별시 성북구 보문로36길 40 (삼선동4가),근린생활2,제2종근린생활시설,10091100210751,지번
1129011400103730000,서울특별시 성북구 삼선동4가,서울특별시 성북구 보문로36길 30 (삼선동4가),근린생활2,제2종근린생활시설,10091100208034,지번
1129011600100850058,서울특별시 성북구 동선동1가,서울특별시 성북구 동소문로24길 46 (동선동1가),근린생활2,제2종근린생활시설,10091100200270,지번
1129013400105310030,서울특별시 성북구 길음동,서울특별시 성북구 길음로 8 (길음동),근린생활1,제1종근린생활시설,1009123689,지번
1129012200101190034,서울특별시 성북구 안암동2가,서울특별시 성북구 고려대로 39 (안암동2가),근린생활2,제2종근린생활시설,1009112473,지번
1129011700100170000,서울특별시 성북구 동선동2가,서울특별시 성북구 보문로30라길 30 (동선동2가),근린생활2,제2종근린생활시설,10091100207833,지번
1129012200101190033,서울특별시 성북구 안암동2가,서울특별시 성북구 고려대로7가길 52 (안암동2가),근린생활2,제2종근린생활시설,1009112472,지번
1129012200101170001,서울특별시 성북구 안암동2가,서울특별시 성북구 고려대로17가길 15 (안암동2가),근린생활2,제2종근린생활시설,1009112459,지번
1129013500100100109,서울특별시 성북구 종암동,서울특별시 성북구 종암로14길 19 (종암동),근린생활2,제2종근린생활시설,10091100202311,지번
1129013500100280252,서울특별시 성북구 종암동,서울특별시 성북구 월곡로10길 166 (종암동),근린생활2,제2종근린생활시설,10091100204733,지번
1129013500100810057,서울특별시 성북구 종암동,서울특별시 성북구 종암로21길 89-12 (종암동),근린생활2,제2종근린생활시설,10091100205064,지번
1129011800101460000,서울특별시 성북구 동선동3가,서울특별시 성북구 동소문로26나길 1 (동선동3가),근린생활2,제2종근린생활시설,10091100198111,지번
1129011700103010000,서울특별시 성북구 동선동2가,서울특별시 성북구 보문로34길 100-8 (동선동2가),근린생활2,제2종근린생활시설,10091100193928,지번
1129011700102490000,서울특별시 성북구 동선동2가,서울특별시 성북구 보문로30가길 23-17 (동선동2가),근린생활2,제2종근린생활시설,10091100193475,지번
1129011700102420000,서울특별시 성북구 동선동2가,서울특별시 성북구 보문로30가길 17-16 (동선동2가),근린생활2,제2종근린생활시설,10091100198350,지번
1129013300107160073,서울특별시 성북구 정릉동,서울특별시 성북구 솔샘로5가길 28 (정릉동),근린생활2,제2종근린생활시설,10091100204773,지번
1129013500100100117,서울특별시 성북구 종암동,서울특별시 성북구 종암로14길 19-8 (종암동),근린생활2,제2종근린생활시설,10091100200250,지번
1129013500100230058,서울특별시 성북구 종암동,서울특별시 성북구 북악산로31길 4 (종암동),근린생활2,제2종근린생활시설,10091100211031,지번
1129013500101240064,서울특별시 성북구 종암동,서울특별시 성북구 정릉로 454 (종암동),근린생활2,제2종근린생활시설,10091100204753,지번
1129011700101540000,서울특별시 성북구 동선동2가,서울특별시 성북구 보문로34길 88 (동선동2가),근린생활1,제1종근린생활시설,1009110631,지번
1129011700101540000,서울특별시 성북구 동선동2가,서울특별시 성북구 보문로34길 88 (동선동2가),근린생활1,제1종근린생활시설,1009110632,지번
1129011600100850069,서울특별시 성북구 동선동1가,서울특별시 성북구 동소문로24길 26 (동선동1가),근린생활2,제2종근린생활시설,1009110249,지번
1129011500103540001,서울특별시 성북구 삼선동5가,서울특별시 성북구 고려대로1길 83 (삼선동5가),근린생활2,제2종근린생활시설,10091100197330,지번
1129011500101520007,서울특별시 성북구 삼선동5가,서울특별시 성북구 보문로29나길 4 (삼선동5가),근린생활2,제2종근린생활시설,10091100197312,지번
1129011500101510009,서울특별시 성북구 삼선동5가,서울특별시 성북구 보문로29길 42-4 (삼선동5가),근린생활2,제2종근린생활시설,10091100195292,지번
1129011900101660000,서울특별시 성북구 동선동4가,서울특별시 성북구 동소문로23길 16-16 (동선동4가),근린생활1,제2종근린생활시설,10091100193728,지번
1129011800101600005,서울특별시 성북구 동선동3가,서울특별시 성북구 동소문로26나길 19 (동선동3가),근린생활2,제2종근린생활시설,10091100208174,지번
1129010300100190095,서울특별시 성북구 돈암동,서울특별시 성북구 동소문로34길 25 (돈암동),근린생활2,제2종근린생활시설,100914766,지번
1129010100102170077,서울특별시 성북구 성북동,서울특별시 성북구 성북로23길 162 (성북동),근린생활1,제1종근린생활시설,100913471,지번
1129012100100040006,서울특별시 성북구 안암동1가,서울특별시 성북구 보문로30길 30-6 (안암동1가),근린생활2,제2종근린생활시설,10091100202471,지번
1129012700102540000,서울특별시 성북구 보문동5가,서울특별시 성북구 보문로13가길 28 (보문동5가),근린생활2,제2종근린생활시설,10091100215552,지번
1129012800100420001,서울특별시 성북구 보문동6가,서울특별시 성북구 보문로21가길 11 (보문동6가),근린생활2,제2종근린생활시설,10091100201031,지번
1129013000100360000,서울특별시 성북구 보문동1가,서울특별시 성북구 보문로 134 (보문동1가),근린생활2,제2종근린생활시설,10091100214872,지번
1129010200101100015,서울특별시 성북구 성북동1가,서울특별시 성북구 창경궁로43길 49 (성북동1가),근린생활2,제2종근린생활시설,10091100207773,지번
1129012000101340002,서울특별시 성북구 동선동5가,서울특별시 성북구 동소문로25길 58 (동선동5가),근린생활2,제2종근린생활시설,1009111763,지번
1129011100100650000,서울특별시 성북구 삼선동1가,서울특별시 성북구 삼선교로 20-2 (삼선동1가),근린생활2,제2종근린생활시설,100917536,지번
1129010800100080000,서울특별시 성북구 동소문동5가,서울특별시 성북구 보문로40길 5 (동소문동5가),근린생활2,제2종근린생활시설,100916663,지번
1129010700101120002,서울특별시 성북구 동소문동4가,서울특별시 성북구 동소문로13가길 68 (동소문동4가),근린생활2,제2종근린생활시설,100916513,지번
1129010100101160001,서울특별시 성북구 성북동,서울특별시 성북구 성북로21길 12 (성북동),근린생활2,제1종근린생활시설,100912619,지번
1129010100100460007,서울특별시 성북구 성북동,서울특별시 성북구 선잠로2길 12 (성북동),근린생활1,제2종근린생활시설,100912298,지번
1129010100100460007,서울특별시 성북구 성북동,서울특별시 성북구 선잠로2길 12 (성북동),근린생활1,제1종근린생활시설,100912299,지번
1129010100100460007,서울특별시 성북구 성북동,서울특별시 성북구 선잠로2길 12 (성북동),근린생활1,제1종근린생활시설,100912300,지번
1129010100100480000,서울특별시 성북구 성북동,서울특별시 성북구 선잠로2길 14 (성북동),근린생활2,제2종근린생활시설,100912315,지번
1129010100100310057,서울특별시 성북구 성북동,서울특별시 성북구 선잠로 34-35 (성북동),근린생활1,제1종근린생활시설,100912267,지번
1129012800102100000,서울특별시 성북구 보문동6가,서울특별시 성북구 보문로13길 19-17 (보문동6가),근린생활2,제2종근린생활시설,10091100216973,지번
1129013300108910006,서울특별시 성북구 정릉동,,근린생활2,제2종근린생활시설,10091100205054,지번
1129013300200850012,서울특별시 성북구 정릉동,서울특별시 성북구 정릉로 232 (정릉동),근린생활1,제1종근린생활시설,10091100205013,지번
1129013900101750016,서울특별시 성북구 석관동,서울특별시 성북구 화랑로40길 6-7 (석관동),근린생활2,제2종근린생활시설,10091100246227,지번
1129012500101030047,서울특별시 성북구 안암동5가,서울특별시 성북구 고려대로26길 45-12 (안암동5가),근린생활2,제2종근린생활시설,10091100236563,지번
1129010200100350002,서울특별시 성북구 성북동1가,서울특별시 성북구 성북로 5-9 (성북동1가),근린생활2,제2종근린생활시설,10091100251667,지번
1129011900101740000,서울특별시 성북구 동선동4가,서울특별시 성북구 동소문로23길 16-4 (동선동4가),근린생활2,제2종근린생활시설,10091100257410,지번
1129012700100920000,서울특별시 성북구 보문동5가,서울특별시 성북구 보문로21길 19-2 (보문동5가),근린생활2,제2종근린생활시설,1009114265,지번
1129013300104040041,서울특별시 성북구 정릉동,서울특별시 성북구 보국문로 37 (정릉동),근린생활2,제2종근린생활시설,1009119258,지번
1129013300101110051,서울특별시 성북구 정릉동,서울특별시 성북구 정릉로32가길 37 (정릉동),근린생활2,제2종근린생활시설,1009117028,지번
1129013600100810277,서울특별시 성북구 하월곡동,서울특별시 성북구 오패산로19길 34 (하월곡동),근린생활2,제2종근린생활시설,1009129837,지번
1129013800102370010,서울특별시 성북구 장위동,서울특별시 성북구 장월로26길 4 (장위동),근린생활1,제1종근린생활시설,1009138197,지번
1129010700100180000,서울특별시 성북구 동소문동4가,서울특별시 성북구 동소문로 35-11 (동소문동4가),근린생활2,제2종근린생활시설,100916447,지번
1129011900101540000,서울특별시 성북구 동선동4가,서울특별시 성북구 동소문로23길 8-15 (동선동4가),근린생활2,제2종근린생활시설,1009111311,지번
1129013800102380203,서울특별시 성북구 장위동,서울특별시 성북구 장위로 101-1 (장위동),근린생활2,제2종근린생활시설,1009138493,지번
1129013900101190003,서울특별시 성북구 석관동,서울특별시 성북구 한천로76길 56 (석관동),근린생활1,제1종근린생활시설,1009140900,지번
1129013900103380628,서울특별시 성북구 석관동,서울특별시 성북구 화랑로24길 9-5 (석관동),근린생활2,제2종근린생활시설,1009143600,지번
1129013900103380010,서울특별시 성북구 석관동,서울특별시 성북구 화랑로32길 8 (석관동),근린생활1,제1종근린생활시설,1009143331,지번
1129010100101250001,서울특별시 성북구 성북동,서울특별시 성북구 성북로 87 (성북동),근린생활1,제1종근린생활시설,100912636,지번
1129010100102560001,서울특별시 성북구 성북동,서울특별시 성북구 성북로 136 (성북동),근린생활2,제2종근린생활시설,100913620,지번
1129010100102460000,서울특별시 성북구 성북동,서울특별시 성북구 성북로 134 (성북동),근린생활1,제1종근린생활시설,100913609,지번
1129010100101840088,서울특별시 성북구 성북동,서울특별시 성북구 성북로 16 (성북동),근린생활2,제2종근린생활시설,100913324,지번
1129010100101840080,서울특별시 성북구 성북동,서울특별시 성북구 성북로 26-1 (성북동),근린생활2,제2종근린생활시설,100913319,지번
1129010100101610011,서울특별시 성북구 성북동,서울특별시 성북구 성북로 62 (성북동),근린생활1,제1종근린생활시설,100912878,지번
1129010200100890000,서울특별시 성북구 성북동1가,서울특별시 성북구 성북로5길 20 (성북동1가),근린생활1,제1종근린생활시설,100914410,지번
1129010200100630000,서울특별시 성북구 성북동1가,서울특별시 성북구 성북로 15-1 (성북동1가),근린생활2,제2종근린생활시설,100914387,지번
1129010100100630044,서울특별시 성북구 성북동,서울특별시 성북구 성북로 84 (성북동),근린생활2,제2종근린생활시설,100912402,지번
1129010100100580017,서울특별시 성북구 성북동,서울특별시 성북구 성북로16길 4 (성북동),근린생활1,제1종근린생활시설,100912349,지번
1129012600100860000,서울특별시 성북구 보문동4가,서울특별시 성북구 보문로 72 (보문동4가),근린생활1,제1종근린생활시설,1009114038,지번
1129011000100020030,서울특별시 성북구 동소문동7가,서울특별시 성북구 아리랑로 33 (동소문동7가),근린생활1,제1종근린생활시설,100917078,지번
1129010800100030000,서울특별시 성북구 동소문동5가,서울특별시 성북구 동소문로 72 (동소문동5가),근린생활1,제1종근린생활시설,100916660,지번
1129013900103400038,서울특별시 성북구 석관동,서울특별시 성북구 화랑로32가길 13 (석관동),근린생활1,제1종근린생활시설,1009143614,지번
1129012200101390020,서울특별시 성북구 안암동2가,서울특별시 성북구 고려대로7가길 6 (안암동2가),근린생활2,제2종근린생활시설,10091100235567,지번
1129013300103880006,서울특별시 성북구 정릉동,서울특별시 성북구 보국문로11길 21-10 (정릉동),근린생활2,제2종근린생활시설,10091100194049,지번
1129013700100500007,서울특별시 성북구 상월곡동,서울특별시 성북구 장월로1길 29 (상월곡동),근린생활2,제2종근린생활시설,1009131923,지번
1129012500101010015,서울특별시 성북구 안암동5가,서울특별시 성북구 개운사길 19 (안암동5가),근린생활2,제2종근린생활시설,10091100228954,지번
1129011200101760000,서울특별시 성북구 삼선동2가,서울특별시 성북구 삼선교로16길 36 (삼선동2가),근린생활2,제2종근린생활시설,10091100211111,지번
1129013500100310051,서울특별시 성북구 종암동,서울특별시 성북구 북악산로29길 3 (종암동),근린생활2,제2종근린생활시설,10091100198305,지번
1129013900101680058,서울특별시 성북구 석관동,서울특별시 성북구 화랑로42길 44 (석관동),근린생활1,제1종근린생활시설,1009141317,지번
1129013500100230039,서울특별시 성북구 종암동,서울특별시 성북구 북악산로31길 28 (종암동),근린생활2,제2종근린생활시설,1009126601,지번
1129012800100720000,서울특별시 성북구 보문동6가,서울특별시 성북구 보문로17길 30 (보문동6가),근린생활1,제1종근린생활시설,1009114619,지번
1129012300101060000,서울특별시 성북구 안암동3가,서울특별시 성북구 고려대로8길 77 (안암동3가),근린생활1,제1종근린생활시설,1009112819,지번
1129013500100080035,서울특별시 성북구 종암동,서울특별시 성북구 월곡로 21-1 (종암동),근린생활2,제2종근린생활시설,10091100228073,지번
1129013300103030004,서울특별시 성북구 정릉동,서울특별시 성북구 보국문로 83-1 (정릉동),근린생활2,제2종근린생활시설,1009118662,지번
1129013300102860018,서울특별시 성북구 정릉동,서울특별시 성북구 보국문로 80 (정릉동),근린생활2,제2종근린생활시설,1009118570,지번
1129013300102660428,서울특별시 성북구 정릉동,서울특별시 성북구 서경로 99 (정릉동),근린생활2,제2종근린생활시설,1009118459,지번
1129013900100670015,서울특별시 성북구 석관동,서울특별시 성북구 돌곶이로14길 73 (석관동),근린생활1,제1종근린생활시설,1009140644,지번
1129013800102330605,서울특별시 성북구 장위동,서울특별시 성북구 장월로23길 15-5 (장위동),근린생활1,제1종근린생활시설,1009138081,지번
1129013700100240009,서울특별시 성북구 상월곡동,서울특별시 성북구 화랑로18길 25 (상월곡동),근린생활1,제1종근린생활시설,1009131568,지번
1129013800102150006,서울특별시 성북구 장위동,서울특별시 성북구 돌곶이로39길 16 (장위동),근린생활1,제1종근린생활시설,1009136460,지번
1129013800100750507,서울특별시 성북구 장위동,서울특별시 성북구 돌곶이로 165 (장위동),근린생활1,제1종근린생활시설,1009134507,지번
1129013800100681290,서울특별시 성북구 장위동,서울특별시 성북구 화랑로19가길 23 (장위동),근린생활1,제1종근린생활시설,1009134012,지번
1129010100101840037,서울특별시 성북구 성북동,서울특별시 성북구 성북로6가길 1 (성북동),근린생활1,제1종근린생활시설,100913307,지번
1129013600100902062,서울특별시 성북구 하월곡동,서울특별시 성북구 오패산로3길 9 (하월곡동),근린생활2,제2종근린생활시설,1009131055,지번
1129013500100090038,서울특별시 성북구 종암동,서울특별시 성북구 종암로16길 72-1 (종암동),근린생활1,제1종근린생활시설,1009126316,지번
1129013300104130032,서울특별시 성북구 정릉동,서울특별시 성북구 보국문로 24 (정릉동),근린생활2,제2종근린생활시설,1009119391,지번
1129013300104130005,서울특별시 성북구 정릉동,서울특별시 성북구 보국문로 22 (정릉동),근린생활2,제2종근린생활시설,1009119382,지번
1129013300102600071,서울특별시 성북구 정릉동,서울특별시 성북구 보국문로 82 (정릉동),근린생활2,제2종근린생활시설,1009118259,지번
1129013900102080004,서울특별시 성북구 석관동,서울특별시 성북구 돌곶이로22길 46 (석관동),근린생활1,제1종근린생활시설,1009141742,지번
1129013800102370143,서울특별시 성북구 장위동,서울특별시 성북구 돌곶이로 171 (장위동),근린생활1,제1종근린생활시설,1009138266,지번
1129013900103400022,서울특별시 성북구 석관동,서울특별시 성북구 화랑로32길 41 (석관동),근린생활1,제1종근린생활시설,1009143611,지번
1129011700100070000,서울특별시 성북구 동선동2가,서울특별시 성북구 동소문로22길 62 (동선동2가),근린생활1,제1종근린생활시설,1009110462,지번
1129010100102660011,서울특별시 성북구 성북동,서울특별시 성북구 성북로 152 (성북동),근린생활2,제2종근린생활시설,100913660,지번
1129012500101600037,서울특별시 성북구 안암동5가,서울특별시 성북구 개운사길 75-23 (안암동5가),근린생활2,제2종근린생활시설,10091100238215,지번
1129013300101650016,서울특별시 성북구 정릉동,서울특별시 성북구 정릉로27길 25 (정릉동),근린생활2,제2종근린생활시설,1009117331,지번
1129011600100100000,서울특별시 성북구 동선동1가,서울특별시 성북구 동소문로20길 37-9 (동선동1가),근린생활1,제1종근린생활시설,1009110109,지번
1129013900102920013,서울특별시 성북구 석관동,서울특별시 성북구 돌곶이로8가길 28-3 (석관동),근린생활2,제2종근린생활시설,10091100237674,지번
1129013000101450000,서울특별시 성북구 보문동1가,서울특별시 성북구 보문로26길 6 (보문동1가),근린생활2,제2종근린생활시설,1009115713,지번
1129013500100310049,서울특별시 성북구 종암동,서울특별시 성북구 종암로3길 29-15 (종암동),근린생활2,제2종근린생활시설,1009126834,지번
1129010100101280016,서울특별시 성북구 성북동,서울특별시 성북구 성북로15길 8 (성북동),근린생활1,제1종근린생활시설,100912674,지번
1129012900101340001,서울특별시 성북구 보문동7가,서울특별시 성북구 보문로13나길 10 (보문동7가),근린생활2,제2종근린생활시설,1009115332,지번
1129013800100660002,서울특별시 성북구 장위동,서울특별시 성북구 돌곶이로27길 9 (장위동),근린생활1,제1종근린생활시설,1009133161,지번
1129013800100500007,서울특별시 성북구 장위동,서울특별시 성북구 돌곶이로28길 65 (장위동),근린생활2,제2종근린생활시설,1009132748,지번
1129012200100400001,서울특별시 성북구 안암동2가,서울특별시 성북구 고려대로7길 12-1 (안암동2가),근린생활2,제2종근린생활시설,1009112302,지번
1129011700101680002,서울특별시 성북구 동선동2가,서울특별시 성북구 보문로30길 58 (동선동2가),근린생활2,제2종근린생활시설,1009110645,지번
1129011700101660000,서울특별시 성북구 동선동2가,서울특별시 성북구 보문로30길 64 (동선동2가),근린생활1,제1종근린생활시설,1009110643,지번
1129013800100750012,서울특별시 성북구 장위동,서울특별시 성북구 돌곶이로 150 (장위동),근린생활1,제1종근린생활시설,1009134319,지번
1129013900101330074,서울특별시 성북구 석관동,서울특별시 성북구 한천로78길 63 (석관동),근린생활1,제1종근린생활시설,1009141272,지번
1129011600100850106,서울특별시 성북구 동선동1가,서울특별시 성북구 동소문로22길 39-6 (동선동1가),근린생활1,제1종근린생활시설,1009110338,지번
1129013900101330057,서울특별시 성북구 석관동,서울특별시 성북구 한천로78길 57 (석관동),근린생활1,제1종근린생활시설,1009141267,지번
1129013900101280004,서울특별시 성북구 석관동,서울특별시 성북구 한천로78길 36 (석관동),근린생활1,제1종근린생활시설,1009141096,지번
1129013900100900004,서울특별시 성북구 석관동,서울특별시 성북구 한천로 529-1 (석관동),근린생활2,제2종근린생활시설,1009140852,지번
1129013900103050001,서울특별시 성북구 석관동,서울특별시 성북구 돌곶이로 42 (석관동),근린생활2,제2종근린생활시설,1009142579,지번
1129013900103040042,서울특별시 성북구 석관동,서울특별시 성북구 돌곶이로 39 (석관동),근린생활2,제2종근린생활시설,1009142578,지번
1129013900103010028,서울특별시 성북구 석관동,서울특별시 성북구 돌곶이로 52 (석관동),근린생활1,제1종근린생활시설,1009142560,지번
1129013900102680004,서울특별시 성북구 석관동,서울특별시 성북구 돌곶이로 56 (석관동),근린생활2,제2종근린생활시설,1009142156,지번
1129013900103320668,서울특별시 성북구 석관동,서울특별시 성북구 돌곶이로 33 (석관동),근린생활2,제2종근린생활시설,1009143247,지번
1129012700102350000,서울특별시 성북구 보문동5가,서울특별시 성북구 보문로15길 10 (보문동5가),근린생활1,제1종근린생활시설,1009114418,지번
1129013600100760039,서울특별시 성북구 하월곡동,서울특별시 성북구 오패산로 61-1 (하월곡동),근린생활1,제1종근린생활시설,1009129571,지번
1129012100100110005,서울특별시 성북구 안암동1가,서울특별시 성북구 보문로30길 30-4 (안암동1가),근린생활2,제2종근린생활시설,1009111895,지번
1129012100100050003,서울특별시 성북구 안암동1가,서울특별시 성북구 고려대로7마길 11 (안암동1가),근린생활2,제2종근린생활시설,1009111884,지번
1129013900103320629,서울특별시 성북구 석관동,서울특별시 성북구 돌곶이로 32 (석관동),근린생활2,제2종근린생활시설,1009143227,지번
1129013900103320606,서울특별시 성북구 석관동,서울특별시 성북구 돌곶이로 34-1 (석관동),근린생활2,제2종근린생활시설,1009143214,지번
1129013900103850024,서울특별시 성북구 석관동,서울특별시 성북구 돌곶이로22길 75 (석관동),근린생활2,제2종근린생활시설,1009143950,지번
1129013900103430060,서울특별시 성북구 석관동,서울특별시 성북구 화랑로 228 (석관동),근린생활1,제1종근린생활시설,1009143918,지번
1129013800102380201,서울특별시 성북구 장위동,서울특별시 성북구 장위로 105 (장위동),근린생활1,제1종근린생활시설,1009138491,지번
1129013800102380111,서울특별시 성북구 장위동,서울특별시 성북구 장월로 102 (장위동),근린생활1,제1종근린생활시설,1009138433,지번
1129013800102330252,서울특별시 성북구 장위동,서울특별시 성북구 장위로 78 (장위동),근린생활1,제1종근린생활시설,1009137840,지번
1129013900103320578,서울특별시 성북구 석관동,서울특별시 성북구 돌곶이로 27-1 (석관동),근린생활2,제2종근린생활시설,1009143198,지번
1129013900103320023,서울특별시 성북구 석관동,서울특별시 성북구 돌곶이로 31 (석관동),근린생활1,제1종근린생활시설,1009142893,지번
1129013900103220024,서울특별시 성북구 석관동,서울특별시 성북구 돌곶이로8길 9 (석관동),근린생활2,제2종근린생활시설,1009142780,지번
1129013900102460011,서울특별시 성북구 석관동,서울특별시 성북구 돌곶이로 74 (석관동),근린생활1,제1종근린생활시설,1009141826,지번
1129013900102020020,서울특별시 성북구 석관동,서울특별시 성북구 돌곶이로22길 12 (석관동),근린생활2,제2종근린생활시설,1009141727,지번
1129013900101930005,서울특별시 성북구 석관동,서울특별시 성북구 돌곶이로22길 53 (석관동),근린생활2,제2종근린생활시설,1009141648,지번
1129013900101920008,서울특별시 성북구 석관동,서울특별시 성북구 돌곶이로22길 50 (석관동),근린생활2,제2종근린생활시설,1009141614,지번
1129013900101830005,서울특별시 성북구 석관동,서울특별시 성북구 한천로 571 (석관동),근린생활2,제2종근린생활시설,1009141468,지번
1129013800102310036,서울특별시 성북구 장위동,서울특별시 성북구 장위로 46 (장위동),근린생활1,제1종근린생활시설,1009137181,지번
1129013800102310033,서울특별시 성북구 장위동,서울특별시 성북구 장위로 50 (장위동),근린생활1,제1종근린생활시설,1009137178,지번
1129013800102310024,서울특별시 성북구 장위동,서울특별시 성북구 장위로 58 (장위동),근린생활1,제1종근린생활시설,1009137174,지번
1129013800102310013,서울특별시 성북구 장위동,서울특별시 성북구 장위로 54 (장위동),근린생활2,제2종근린생활시설,1009137168,지번
1129013800102300188,서울특별시 성북구 장위동,서울특별시 성북구 장위로15길 4 (장위동),근린생활1,제1종근린생활시설,1009137126,지번
1129013800102300172,서울특별시 성북구 장위동,서울특별시 성북구 장위로13길 1 (장위동),근린생활2,제2종근린생활시설,1009137114,지번
1129013800102300082,서울특별시 성북구 장위동,서울특별시 성북구 장위로 51 (장위동),근린생활2,제2종근린생활시설,1009137062,지번
1129013800102300082,서울특별시 성북구 장위동,서울특별시 성북구 장위로 51 (장위동),근린생활2,노유자시설,1009137063,지번
1129013800102290037,서울특별시 성북구 장위동,서울특별시 성북구 장위로19길 4 (장위동),근린생활2,제2종근린생활시설,1009136997,지번
1129013800100850005,서울특별시 성북구 장위동,서울특별시 성북구 장위로49길 7 (장위동),근린생활1,제1종근린생활시설,1009134815,지번
1129013800102150002,서울특별시 성북구 장위동,서울특별시 성북구 돌곶이로 205 (장위동),근린생활1,제1종근린생활시설,1009136458,지번
1129013900100580186,서울특별시 성북구 석관동,서울특별시 성북구 한천로67길 21 (석관동),근린생활2,제2종근린생활시설,1009140410,지번
1129013900100580136,서울특별시 성북구 석관동,서울특별시 성북구 한천로69길 5 (석관동),근린생활1,제1종근린생활시설,1009140368,지번
1129013800102370242,서울특별시 성북구 장위동,서울특별시 성북구 돌곶이로 185-1 (장위동),근린생활2,제2종근린생활시설,1009138308,지번
1129013800102370141,서울특별시 성북구 장위동,서울특별시 성북구 돌곶이로 173 (장위동),근린생활1,제1종근린생활시설,1009138264,지번
1129013900100720005,서울특별시 성북구 석관동,서울특별시 성북구 한천로 544 (석관동),근린생활1,제1종근린생활시설,1009140699,지번
1129011500103690000,서울특별시 성북구 삼선동5가,서울특별시 성북구 고려대로1길 92 (삼선동5가),근린생활2,제2종근린생활시설,100919975,지번
1129013300107270019,서울특별시 성북구 정릉동,서울특별시 성북구 솔샘로5길 62 (정릉동),근린생활1,제1종근린생활시설,1009120772,지번
1129010500100220000,서울특별시 성북구 동소문동2가,서울특별시 성북구 동소문로6길 4 (동소문동2가),근린생활1,제1종근린생활시설,100916110,지번
1129013900103370021,서울특별시 성북구 석관동,서울특별시 성북구 화랑로32길 11 (석관동),근린생활1,제1종근린생활시설,1009143326,지번
1129011100100180000,서울특별시 성북구 삼선동1가,서울특별시 성북구 삼선교로 8-1 (삼선동1가),근린생활1,제1종근린생활시설,100917497,지번
1129010900100830000,서울특별시 성북구 동소문동6가,서울특별시 성북구 동소문로17길 19 (동소문동6가),근린생활2,제2종근린생활시설,100916869,지번
1129010700100330000,서울특별시 성북구 동소문동4가,서울특별시 성북구 동소문로 33 (동소문동4가),근린생활1,제1종근린생활시설,100916461,지번
1129010500102430000,서울특별시 성북구 동소문동2가,서울특별시 성북구 동소문로 28-2 (동소문동2가),근린생활2,제2종근린생활시설,100916289,지번
1129010500102430000,서울특별시 성북구 동소문동2가,서울특별시 성북구 동소문로 28-2 (동소문동2가),근린생활2,단독주택,100916290,지번
1129010500101160000,서울특별시 성북구 동소문동2가,서울특별시 성북구 동소문로6길 20-4 (동소문동2가),근린생활2,제2종근린생활시설,100916192,지번
1129010500101150000,서울특별시 성북구 동소문동2가,서울특별시 성북구 동소문로6길 20-2 (동소문동2가),근린생활2,제2종근린생활시설,100916191,지번
1129013500100290007,서울특별시 성북구 종암동,서울특별시 성북구 종암로 19 (종암동),근린생활2,제2종근린생활시설,1009126761,지번
1129012500100860170,서울특별시 성북구 안암동5가,서울특별시 성북구 고려대로28길 29 (안암동5가),근린생활2,제2종근린생활시설,1009113469,지번
1129010400100540000,서울특별시 성북구 동소문동1가,서울특별시 성북구 성북로2길 39 (동소문동1가),근린생활2,제2종근린생활시설,100916000,지번
1129011900100950001,서울특별시 성북구 동선동4가,서울특별시 성북구 동소문로 111 (동선동4가),근린생활2,제2종근린생활시설,1009111259,지번
1129013900103430005,서울특별시 성북구 석관동,서울특별시 성북구 화랑로30길 23 (석관동),근린생활2,제2종근린생활시설,10091100202170,지번
1129013600100901636,서울특별시 성북구 하월곡동,서울특별시 성북구 화랑로1길 34 (하월곡동),근린생활1,제1종근린생활시설,1009130927,지번
1129013600100901536,서울특별시 성북구 하월곡동,서울특별시 성북구 종암로38길 26 (하월곡동),근린생활1,제1종근린생활시설,1009130853,지번
1129013300107160094,서울특별시 성북구 정릉동,서울특별시 성북구 솔샘로15다길 6-5 (정릉동),근린생활2,제2종근린생활시설,1009120681,지번
1129013600100901992,서울특별시 성북구 하월곡동,서울특별시 성북구 종암로32길 15 (하월곡동),근린생활1,제1종근린생활시설,1009131051,지번
1129013900102660021,서울특별시 성북구 석관동,서울특별시 성북구 돌곶이로 57 (석관동),근린생활1,제1종근린생활시설,1009142152,지번
1129013900102610073,서울특별시 성북구 석관동,서울특별시 성북구 화랑로32길 161 (석관동),근린생활2,제2종근린생활시설,10091100212391,지번
1129012200100010002,서울특별시 성북구 안암동2가,서울특별시 성북구 고려대로7길 24 (안암동2가),근린생활2,제2종근린생활시설,1009112269,지번
1129012100102450003,서울특별시 성북구 안암동1가,서울특별시 성북구 보문로26길 37 (안암동1가),근린생활2,제2종근린생활시설,1009112124,지번
1129013300104830007,서울특별시 성북구 정릉동,서울특별시 성북구 아리랑로19길 28 (정릉동),근린생활1,제1종근린생활시설,1009119579,지번
1129013300103940009,서울특별시 성북구 정릉동,서울특별시 성북구 보국문로11길 34 (정릉동),근린생활1,제1종근린생활시설,1009119062,지번
1129013300103470001,서울특별시 성북구 정릉동,서울특별시 성북구 솔샘로18길 89 (정릉동),근린생활2,제2종근린생활시설,1009118749,지번
1129013900103400170,서울특별시 성북구 석관동,서울특별시 성북구 화랑로32길 43 (석관동),근린생활2,제2종근린생활시설,1009143687,지번
1129012500101020012,서울특별시 성북구 안암동5가,서울특별시 성북구 고려대로24길 35 (안암동5가),근린생활2,제2종근린생활시설,1009113548,지번
1129013300107860004,서울특별시 성북구 정릉동,서울특별시 성북구 보국문로 179 (정릉동),근린생활1,제1종근린생활시설,1009121162,지번
1129013800102380097,서울특별시 성북구 장위동,서울특별시 성북구 장월로 88 (장위동),근린생활1,제1종근린생활시설,1009138420,지번
1129010300100420011,서울특별시 성북구 돈암동,서울특별시 성북구 북악산로 857 (돈암동),근린생활1,제1종근린생활시설,100914829,지번
1129013800100860002,서울특별시 성북구 장위동,서울특별시 성북구 장위로49길 6 (장위동),근린생활1,제1종근린생활시설,1009134817,지번
1129013900102900003,서울특별시 성북구 석관동,서울특별시 성북구 돌곶이로22나길 38 (석관동),근린생활1,제1종근린생활시설,1009142460,지번
1129013900102740017,서울특별시 성북구 석관동,서울특별시 성북구 돌곶이로22가길 17 (석관동),근린생활2,제2종근린생활시설,1009142178,지번
1129013900102000012,서울특별시 성북구 석관동,서울특별시 성북구 돌곶이로22길 26-5 (석관동),근린생활1,제1종근린생활시설,1009141708,지번
1129013900101190011,서울특별시 성북구 석관동,서울특별시 성북구 한천로76길 52 (석관동),근린생활2,제2종근린생활시설,1009140906,지번
1129013900101240034,서울특별시 성북구 석관동,서울특별시 성북구 한천로 572 (석관동),근린생활2,제2종근린생활시설,1009141013,지번
1129013900102890010,서울특별시 성북구 석관동,서울특별시 성북구 돌곶이로14길 15-16 (석관동),근린생활1,제1종근린생활시설,1009142457,지번
1129013900102880007,서울특별시 성북구 석관동,서울특별시 성북구 돌곶이로18길 33 (석관동),근린생활2,단독주택,1009142438,지번
1129013900102880008,서울특별시 성북구 석관동,서울특별시 성북구 돌곶이로18길 35 (석관동),근린생활1,제1종근린생활시설,1009142439,지번
1129013500100030707,서울특별시 성북구 종암동,서울특별시 성북구 월곡로5길 39-2 (종암동),근린생활1,제1종근린생활시설,1009125904,지번
1129010200101170002,서울특별시 성북구 성북동1가,서울특별시 성북구 성북로 33 (성북동1가),근린생활1,제1종근린생활시설,100914553,지번
1129010200101150024,서울특별시 성북구 성북동1가,서울특별시 성북구 성북로9길 1 (성북동1가),근린생활2,제2종근린생활시설,100914547,지번
1129010200101150023,서울특별시 성북구 성북동1가,서울특별시 성북구 성북로 27 (성북동1가),근린생활2,제2종근린생활시설,100914546,지번
1129013500100280005,서울특별시 성북구 종암동,서울특별시 성북구 회기로 11-9 (종암동),근린생활2,제2종근린생활시설,1009126666,지번
1129013300109660112,서울특별시 성북구 정릉동,서울특별시 성북구 정릉로 282 (정릉동),근린생활1,제1종근린생활시설,1009121716,지번
1129013900103430021,서울특별시 성북구 석관동,서울특별시 성북구 화랑로 238 (석관동),근린생활1,제1종근린생활시설,1009143913,지번
1129011400100840000,서울특별시 성북구 삼선동4가,서울특별시 성북구 동소문로10길 21 (삼선동4가),근린생활1,제1종근린생활시설,100919363,지번
1129013400112490000,서울특별시 성북구 길음동,서울특별시 성북구 삼양로 27 (길음동),근린생활2,제2종근린생활시설,1009124722,지번
1129013300103630000,서울특별시 성북구 정릉동,서울특별시 성북구 솔샘로6길 41 (정릉동),근린생활1,제1종근린생활시설,1009118792,지번
1129013300103630000,서울특별시 성북구 정릉동,서울특별시 성북구 솔샘로6길 41 (정릉동),근린생활1,단독주택,1009118793,지번
1129013800102380141,서울특별시 성북구 장위동,서울특별시 성북구 장월로 105 (장위동),근린생활1,제1종근린생활시설,1009138455,지번
1129012100101050004,서울특별시 성북구 안암동1가,서울특별시 성북구 고려대로7길 44 (안암동1가),근린생활2,제2종근린생활시설,1009112242,지번
1129011100100110061,서울특별시 성북구 삼선동1가,서울특별시 성북구 삼선교로2길 23-1 (삼선동1가),근린생활2,제2종근린생활시설,100917382,지번
1129013800102360008,서울특별시 성북구 장위동,서울특별시 성북구 장월로 116 (장위동),근린생활1,제1종근린생활시설,1009138191,지번
1129013600101860001,서울특별시 성북구 하월곡동,서울특별시 성북구 종암로 214-1 (하월곡동),근린생활1,제1종근린생활시설,1009131132,지번
1129013600100900120,서울특별시 성북구 하월곡동,서울특별시 성북구 종암로 174-1 (하월곡동),근린생활2,제2종근린생활시설,1009130584,지번
1129013600100840053,서울특별시 성북구 하월곡동,서울특별시 성북구 오패산로3길 133 (하월곡동),근린생활1,제1종근린생활시설,1009130141,지번
1129011900101490000,서울특별시 성북구 동선동4가,서울특별시 성북구 동소문로23길 8-9 (동선동4가),근린생활2,제2종근린생활시설,10091100187514,지번
1129013800102370159,서울특별시 성북구 장위동,서울특별시 성북구 장월로 124 (장위동),근린생활2,제2종근린생활시설,1009138279,지번
1129012700102520009,서울특별시 성북구 보문동5가,서울특별시 성북구 보문로17길 5 (보문동5가),근린생활2,제2종근린생활시설,1000000000000003176232,지번
1129013500100790250,서울특별시 성북구 종암동,서울특별시 성북구 종암로23길 17-17 (종암동),근린생활1,제1종근린생활시설,1000000000000003969132,지번
1129013800102700367,서울특별시 성북구 장위동,서울특별시 성북구 장월로 140 (장위동),근린생활2,제2종근린생활시설,1009139019,지번
1129012500101020010,서울특별시 성북구 안암동5가,서울특별시 성북구 고려대로24길 25 (안암동5가),근린생활2,제2종근린생활시설,10091100227693,지번
1129013600100590002,서울특별시 성북구 하월곡동,서울특별시 성북구 오패산로10길 30 (하월곡동),근린생활2,제2종근린생활시설,1009131175,지번
1129013600100500003,서울특별시 성북구 하월곡동,서울특별시 성북구 화랑로7길 37 (하월곡동),근린생활2,제2종근린생활시설,1009129108,지번
1129013800102700001,서울특별시 성북구 장위동,서울특별시 성북구 한천로 724 (장위동),근린생활1,제1종근린생활시설,1009138929,지번
1129012500101040121,서울특별시 성북구 안암동5가,서울특별시 성북구 고려대로24길 56 (안암동5가),근린생활2,제2종근린생활시설,1009113709,지번
1129013500100230078,서울특별시 성북구 종암동,서울특별시 성북구 종암로9길 3 (종암동),근린생활2,제2종근린생활시설,1009126620,지번
1129010100100150070,서울특별시 성북구 성북동,서울특별시 성북구 선잠로 90 (성북동),근린생활1,제1종근린생활시설,100912089,지번
1129013300100160288,서울특별시 성북구 정릉동,서울특별시 성북구 정릉로38다길 30 (정릉동),근린생활1,제1종근린생활시설,1009116776,지번
1129013900102080006,서울특별시 성북구 석관동,서울특별시 성북구 돌곶이로22길 45 (석관동),근린생활1,제1종근린생활시설,1009141743,지번
1129010100103300301,서울특별시 성북구 성북동,서울특별시 성북구 대사관로11가길 14 (성북동),근린생활1,제1종근린생활시설,100913879,지번
1129013700100280098,서울특별시 성북구 상월곡동,서울특별시 성북구 장월로 18-1 (상월곡동),근린생활1,제1종근린생활시설,1009131857,지번
1129013800102300097,서울특별시 성북구 장위동,서울특별시 성북구 장위로15길 7 (장위동),근린생활1,제1종근린생활시설,1009137074,지번
1129013600100190007,서울특별시 성북구 하월곡동,서울특별시 성북구 화랑로 111-8 (하월곡동),근린생활2,제2종근린생활시설,1009128598,지번
1129013600100150018,서울특별시 성북구 하월곡동,서울특별시 성북구 월곡로18길 25-23 (하월곡동),근린생활2,제2종근린생활시설,10091100198990,지번
1129013500100030250,서울특별시 성북구 종암동,서울특별시 성북구 종암로22길 26 (종암동),근린생활1,단독주택,1009125673,지번
1129013500100030250,서울특별시 성북구 종암동,서울특별시 성북구 종암로22길 26-4 (종암동),근린생활1,제1종근린생활시설,1009125674,지번
1129010100101770028,서울특별시 성북구 성북동,서울특별시 성북구 성북로 34 (성북동),근린생활1,제1종근린생활시설,100913157,지번
1129013300106350003,서울특별시 성북구 정릉동,서울특별시 성북구 아리랑로19길 116 (정릉동),근린생활1,제1종근린생활시설,10091100183166,지번
1129011200102090000,서울특별시 성북구 삼선동2가,서울특별시 성북구 삼선교로14길 48 (삼선동2가),근린생활2,제2종근린생활시설,100918441,지번
1129011600100720002,서울특별시 성북구 동선동1가,서울특별시 성북구 동소문로20길 37-6 (동선동1가),근린생활2,제2종근린생활시설,1009110148,지번
1129011400103330001,서울특별시 성북구 삼선동4가,서울특별시 성북구 보문로 181 (삼선동4가),근린생활2,제2종근린생활시설,100919462,지번
1129013600100820094,서울특별시 성북구 하월곡동,서울특별시 성북구 오패산로3길 94 (하월곡동),근린생활1,제1종근린생활시설,1009130012,지번
1129013600100820094,서울특별시 성북구 하월곡동,서울특별시 성북구 오패산로3길 86-13 (하월곡동),근린생활1,단독주택,1009130020,지번
1129013900102900002,서울특별시 성북구 석관동,서울특별시 성북구 돌곶이로22나길 36 (석관동),근린생활1,제1종근린생활시설,1009142459,지번
1129011600100260000,서울특별시 성북구 동선동1가,서울특별시 성북구 동소문로22길 36 (동선동1가),근린생활1,제1종근린생활시설,1009110117,지번
1129013800100660308,서울특별시 성북구 장위동,서울특별시 성북구 돌곶이로27길 81 (장위동),근린생활1,제1종근린생활시설,1009133314,지번
1129013500100031342,서울특별시 성북구 종암동,서울특별시 성북구 종암로 129 (종암동),판매시설,판매시설,1009128192,지번
1129012500101030025,서울특별시 성북구 안암동5가,서울특별시 성북구 고려대로26길 14 (안암동5가),근린생활2,제2종근린생활시설,10091100255730,지번
1129013900103410015,서울특별시 성북구 석관동,서울특별시 성북구 화랑로 196 (석관동),근린생활2,제2종근린생활시설,1009143901,지번
1129013900102610120,서울특별시 성북구 석관동,서울특별시 성북구 화랑로32길 108 (석관동),근린생활1,제1종근린생활시설,1009141974,지번
1129013800102370026,서울특별시 성북구 장위동,서울특별시 성북구 장월로 134 (장위동),근린생활1,제1종근린생활시설,10091100267891,지번
1129013600100730021,서울특별시 성북구 하월곡동,서울특별시 성북구 화랑로13길 79-2 (하월곡동),근린생활2,제2종근린생활시설,1009129487,지번
1129012900101230000,서울특별시 성북구 보문동7가,서울특별시 성북구 보문로 43-1 (보문동7가),근린생활2,제2종근린생활시설,1009115325,지번
1129011400101040010,서울특별시 성북구 삼선동4가,서울특별시 성북구 삼선교로23길 31 (삼선동4가),근린생활1,제1종근린생활시설,100919372,지번
1129012500100150003,서울특별시 성북구 안암동5가,서울특별시 성북구 고려대로27길 34 (안암동5가),근린생활2,제2종근린생활시설,1000000000000002069143,지번
1129013500100230025,서울특별시 성북구 종암동,서울특별시 성북구 북악산로31길 40 (종암동),근린생활2,제2종근린생활시설,10091100245948,지번
1129013600100270095,서울특별시 성북구 하월곡동,서울특별시 성북구 화랑로11길 17-9 (하월곡동),근린생활2,제2종근린생활시설,10091100189874,지번
1129013400111410000,서울특별시 성북구 길음동,서울특별시 성북구 삼양로 66 (길음동),근린생활1,제1종근린생활시설,1009125219,지번
1129011700101570000,서울특별시 성북구 동선동2가,서울특별시 성북구 보문로30길 82 (동선동2가),근린생활2,제2종근린생활시설,10091100226268,지번
1129013500100230027,서울특별시 성북구 종암동,서울특별시 성북구 북악산로31길 39 (종암동),근린생활2,제2종근린생활시설,1009126591,지번
1129013800100750011,서울특별시 성북구 장위동,서울특별시 성북구 돌곶이로 149 (장위동),근린생활1,위험물저장및처리시설,1009134317,지번
1129013800100750011,서울특별시 성북구 장위동,서울특별시 성북구 돌곶이로 147 (장위동),근린생활1,제1종근린생활시설,1009134318,지번
1129010800101140002,서울특별시 성북구 동소문동5가,서울특별시 성북구 동소문로18길 17-7 (동소문동5가),근린생활1,제1종근린생활시설,1000000000000006880844,지번
1129013800100681019,서울특별시 성북구 장위동,서울특별시 성북구 장위로40마길 4 (장위동),근린생활2,제2종근린생활시설,1009133844,지번
1129010100102470001,서울특별시 성북구 성북동,서울특별시 성북구 성북로26길 6-4 (성북동),근린생활2,제2종근린생활시설,100913611,지번
1129013600100530013,서울특별시 성북구 하월곡동,서울특별시 성북구 오패산로4길 35-56 (하월곡동),근린생활2,제2종근린생활시설,1000000000000001167018,지번
1129010500102450000,서울특별시 성북구 동소문동2가,서울특별시 성북구 동소문로 28-1 (동소문동2가),근린생활2,제2종근린생활시설,100916309,지번
1129010300105800003,서울특별시 성북구 돈암동,서울특별시 성북구 아리랑로5길 58 (돈암동),근린생활2,제2종근린생활시설,100915395,지번
1129013600100700110,서울특별시 성북구 하월곡동,서울특별시 성북구 오패산로 29 (하월곡동),근린생활2,제2종근린생활시설,1009129400,지번
1129010100101240011,서울특별시 성북구 성북동,서울특별시 성북구 혜화로 84-2 (성북동),근린생활2,제2종근린생활시설,100912634,지번
1129012700100030003,서울특별시 성북구 보문동5가,서울특별시 성북구 지봉로24길 31 (보문동5가),근린생활2,제2종근린생활시설,1009114188,지번
1129010200101100010,서울특별시 성북구 성북동1가,서울특별시 성북구 창경궁로43길 41-6 (성북동1가),근린생활2,제2종근린생활시설,100914519,지번
1129013700100630002,서울특별시 성북구 상월곡동,서울특별시 성북구 장월로1가길 2 (상월곡동),근린생활1,제1종근린생활시설,1009132067,지번
1129010300105360020,서울특별시 성북구 돈암동,서울특별시 성북구 아리랑로 87 (돈암동),근린생활2,제2종근린생활시설,100915293,지번
1129013400104890050,서울특별시 성북구 길음동,서울특별시 성북구 도봉로3길 13 (길음동),근린생활2,제2종근린생활시설,1009123275,지번
1129013300103970016,서울특별시 성북구 정릉동,서울특별시 성북구 보국문로 49-1 (정릉동),근린생활1,제1종근린생활시설,1009119115,지번
1129010200101090004,서울특별시 성북구 성북동1가,서울특별시 성북구 성북로5길 38 (성북동1가),근린생활2,제2종근린생활시설,100914498,지번
1129011300101150001,서울특별시 성북구 삼선동3가,서울특별시 성북구 보문로29다길 7 (삼선동3가),근린생활1,제1종근린생활시설,10091100182912,지번
1129010100101770036,서울특별시 성북구 성북동,서울특별시 성북구 성북로 36 (성북동),근린생활2,제2종근린생활시설,100913161,지번
1129013900103400003,서울특별시 성북구 석관동,서울특별시 성북구 돌곶이로17길 30 (석관동),근린생활1,제1종근린생활시설,1009143608,지번
1129013500100030597,서울특별시 성북구 종암동,서울특별시 성북구 종암로 128 (종암동),근린생활1,제1종근린생활시설,1009125852,지번
1129013300100140014,서울특별시 성북구 정릉동,서울특별시 성북구 정릉로36길 26 (정릉동),근린생활1,제1종근린생활시설,1009116526,지번
1129013500100310053,서울특별시 성북구 종암동,서울특별시 성북구 종암로3길 37-8 (종암동),근린생활2,제2종근린생활시설,1009126838,지번
1129013600100790019,서울특별시 성북구 하월곡동,서울특별시 성북구 오패산로 99 (하월곡동),근린생활1,제1종근린생활시설,10091100207873,지번
1129013300102660110,서울특별시 성북구 정릉동,서울특별시 성북구 보국문로18길 19-5 (정릉동),근린생활2,제2종근린생활시설,10091100189982,지번
1129013600100880747,서울특별시 성북구 하월곡동,서울특별시 성북구 동소문로 304 (하월곡동),근린생활1,제1종근린생활시설,1009130213,지번
1129013600100880747,서울특별시 성북구 하월곡동,서울특별시 성북구 동소문로 306 (하월곡동),근린생활1,의료시설,1009130502,지번
1129010100102930001,서울특별시 성북구 성북동,서울특별시 성북구 성북로28길 55 (성북동),근린생활2,제2종근린생활시설,100913701,지번
1129013900101320041,서울특별시 성북구 석관동,서울특별시 성북구 한천로76다길 34 (석관동),근린생활2,제2종근린생활시설,1009144038,지번
1129010300105780001,서울특별시 성북구 돈암동,서울특별시 성북구 아리랑로5길 45 (돈암동),근린생활2,제2종근린생활시설,100915389,지번
1129011600101040000,서울특별시 성북구 동선동1가,서울특별시 성북구 동소문로22길 5 (동선동1가),근린생활1,제1종근린생활시설,1009110372,지번
1129013300101610017,서울특별시 성북구 정릉동,서울특별시 성북구 정릉로 251 (정릉동),근린생활2,제2종근린생활시설,1009117256,지번
1129013800100890009,서울특별시 성북구 장위동,서울특별시 성북구 장위로 165 (장위동),근린생활1,제1종근린생활시설,1009134850,지번
1129013900100580282,서울특별시 성북구 석관동,서울특별시 성북구 돌곶이로8길 29-3 (석관동),근린생활2,제2종근린생활시설,1009140476,지번
1129010100100450002,서울특별시 성북구 성북동,서울특별시 성북구 선잠로2길 20-9 (성북동),근린생활2,제2종근린생활시설,100912289,지번
1129011700100570000,서울특별시 성북구 동선동2가,서울특별시 성북구 보문로30길 39 (동선동2가),근린생활2,제2종근린생활시설,1009110525,지번
1129013800102270012,서울특별시 성북구 장위동,서울특별시 성북구 장위로21길 25 (장위동),근린생활2,제2종근린생활시설,1009136972,지번
1129012000101410004,서울특별시 성북구 동선동5가,서울특별시 성북구 아리랑로 42 (동선동5가),근린생활2,제2종근린생활시설,1009111773,지번
1129013500100860012,서울특별시 성북구 종암동,서울특별시 성북구 종암로 115 (종암동),근린생활1,제1종근린생활시설,1009127510,지번
1129013800100750429,서울특별시 성북구 장위동,서울특별시 성북구 돌곶이로 154 (장위동),근린생활2,제2종근린생활시설,1009134473,지번
1129013300102660112,서울특별시 성북구 정릉동,서울특별시 성북구 보국문로18길 19-7 (정릉동),근린생활1,제1종근린생활시설,1009122058,지번
1129010900101330001,서울특별시 성북구 동소문동6가,서울특별시 성북구 아리랑로 3 (동소문동6가),근린생활1,제1종근린생활시설,100916904,지번
1129010900101330001,서울특별시 성북구 동소문동6가,서울특별시 성북구 아리랑로 3 (동소문동6가),근린생활1,제1종근린생활시설,100916905,지번
1129013700100070190,서울특별시 성북구 상월곡동,서울특별시 성북구 화랑로21길 55-1 (상월곡동),근린생활1,제1종근린생활시설,1009131451,지번
1129011400100090005,서울특별시 성북구 삼선동4가,서울특별시 성북구 삼선교로11길 34 (삼선동4가),근린생활1,제1종근린생활시설,100919275,지번
1129010900100280001,서울특별시 성북구 동소문동6가,서울특별시 성북구 동소문로15길 49 (동소문동6가),근린생활2,종교시설,100916823,지번
1129010900100280001,서울특별시 성북구 동소문동6가,서울특별시 성북구 동소문로13길 96 (동소문동6가),근린생활2,제2종근린생활시설,100916824,지번
1129010900100280001,서울특별시 성북구 동소문동6가,서울특별시 성북구 동소문로15길 49 (동소문동6가),근린생활2,종교시설,100916825,지번
1129010900100280001,서울특별시 성북구 동소문동6가,서울특별시 성북구 동소문로15길 49 (동소문동6가),근린생활2,종교시설,100916826,지번
1129010100103300095,서울특별시 성북구 성북동,서울특별시 성북구 대사관로11나길 51 (성북동),근린생활1,제1종근린생활시설,10091100187674,지번
1129012500101020033,서울특별시 성북구 안암동5가,서울특별시 성북구 고려대로24길 42 (안암동5가),근린생활2,제2종근린생활시설,1009113555,지번
1129010200100860000,서울특별시 성북구 성북동1가,서울특별시 성북구 창경궁로43길 32 (성북동1가),근린생활2,제2종근린생활시설,10091100190627,지번
1129013800101650003,서울특별시 성북구 장위동,서울특별시 성북구 한천로 735 (장위동),근린생활2,제2종근린생활시설,1009135597,지번
1129013800103160003,서울특별시 성북구 장위동,서울특별시 성북구 월계로40길 7 (장위동),근린생활2,제2종근린생활시설,10091100185247,지번
1129013000100090008,서울특별시 성북구 보문동1가,서울특별시 성북구 보문로 144 (보문동1가),근린생활2,제2종근린생활시설,10091100207274,지번
1129012400100070000,서울특별시 성북구 안암동4가,서울특별시 성북구 안암로5길 40 (안암동4가),근린생활2,제2종근린생활시설,10091100222513,지번
1129012000100220000,서울특별시 성북구 동선동5가,서울특별시 성북구 아리랑로 28 (동선동5가),근린생활2,제2종근린생활시설,1009111587,지번
1129012500100860010,서울특별시 성북구 안암동5가,서울특별시 성북구 안암로 105 (안암동5가),근린생활2,제2종근린생활시설,1009113436,지번
1129010900102230000,서울특별시 성북구 동소문동6가,서울특별시 성북구 아리랑로 19-3 (동소문동6가),근린생활2,제2종근린생활시설,100917005,지번
1129012500100530000,서울특별시 성북구 안암동5가,서울특별시 성북구 고려대로 99 (안암동5가),근린생활2,제1종근린생활시설,1009113398,지번
1129012500101040035,서울특별시 성북구 안암동5가,서울특별시 성북구 안암로 81 (안암동5가),근린생활1,제1종근린생활시설,1009113693,지번
1129013900102880011,서울특별시 성북구 석관동,서울특별시 성북구 돌곶이로22나길 28 (석관동),근린생활1,제1종근린생활시설,1009142441,지번
1129011400103510004,서울특별시 성북구 삼선동4가,서울특별시 성북구 보문로 180 (삼선동4가),근린생활1,제1종근린생활시설,100919520,지번
1129013300100140039,서울특별시 성북구 정릉동,서울특별시 성북구 정릉로34길 5 (정릉동),근린생활2,제2종근린생활시설,1009116545,지번
1129013300104090095,서울특별시 성북구 정릉동,서울특별시 성북구 보국문로 38 (정릉동),근린생활2,제2종근린생활시설,1009119330,지번
1129010500100070000,서울특별시 성북구 동소문동2가,서울특별시 성북구 동소문로 4-3 (동소문동2가),근린생활2,제2종근린생활시설,100916104,지번
1129011300100570003,서울특별시 성북구 삼선동3가,서울특별시 성북구 보문로29길 97 (삼선동3가),근린생활2,제2종근린생활시설,10091100258651,지번
1129013500100570161,서울특별시 성북구 종암동,서울특별시 성북구 종암로19길 99 (종암동),근린생활1,제1종근린생활시설,1009127178,지번
1129013500101100009,서울특별시 성북구 종암동,서울특별시 성북구 월곡로 83 (종암동),근린생활2,제2종근린생활시설,1009127972,지번
1129013500100100050,서울특별시 성북구 종암동,서울특별시 성북구 종암로10길 15 (종암동),근린생활1,제1종근린생활시설,1009126410,지번
1129013100101260000,서울특별시 성북구 보문동2가,서울특별시 성북구 보문로 101 (보문동2가),근린생활2,제2종근린생활시설,1009116088,지번
1129012500101040271,서울특별시 성북구 안암동5가,서울특별시 성북구 안암로 87-5 (안암동5가),근린생활1,제1종근린생활시설,1009113722,지번
1129013600100100023,서울특별시 성북구 하월곡동,서울특별시 성북구 화랑로 113 (하월곡동),근린생활2,제2종근린생활시설,1009128489,지번
1129013400111550000,서울특별시 성북구 길음동,서울특별시 성북구 삼양로 48 (길음동),근린생활2,제2종근린생활시설,1009124560,지번
1129013500100530020,서울특별시 성북구 종암동,서울특별시 성북구 종암로19길 37 (종암동),근린생활2,제2종근린생활시설,1009127055,지번
1129011600100680000,서울특별시 성북구 동선동1가,서울특별시 성북구 동소문로20길 37-12 (동선동1가),근린생활2,제2종근린생활시설,1009110145,지번
1129013000100010009,서울특별시 성북구 보문동1가,서울특별시 성북구 보문로30길 12-7 (보문동1가),근린생활1,제1종근린생활시설,1009115357,지번
1129013500100850005,서울특별시 성북구 종암동,서울특별시 성북구 종암로21가길 4 (종암동),근린생활2,제2종근린생활시설,1009127501,지번
1129013900102840001,서울특별시 성북구 석관동,서울특별시 성북구 돌곶이로8다길 36 (석관동),근린생활1,제1종근린생활시설,1009142359,지번
1129013500100310010,서울특별시 성북구 종암동,서울특별시 성북구 종암로3길 37-7 (종암동),근린생활2,제2종근린생활시설,1009126796,지번
1129010700102480000,서울특별시 성북구 동소문동4가,서울특별시 성북구 동소문로13길 13 (동소문동4가),근린생활2,제2종근린생활시설,100916593,지번
1129013500100150027,서울특별시 성북구 종암동,서울특별시 성북구 종암로 88 (종암동),근린생활2,제2종근린생활시설,1009126537,지번
1129013600102210000,서울특별시 성북구 하월곡동,서울특별시 성북구 정릉로 395 (하월곡동),근린생활2,제2종근린생활시설,1009131142,지번
1129010600100650005,서울특별시 성북구 동소문동3가,서울특별시 성북구 동소문로 52 (동소문동3가),근린생활2,제2종근린생활시설,100916412,지번
1129013500100100184,서울특별시 성북구 종암동,서울특별시 성북구 종암로 68 (종암동),근린생활1,제1종근린생활시설,1009126455,지번
1129010100100150028,서울특별시 성북구 성북동,서울특별시 성북구 대사관로 134-25 (성북동),근린생활1,단독주택,100912053,지번
1129013400112830004,서울특별시 성북구 길음동,서울특별시 성북구 길음로 20 (길음동),근린생활1,제1종근린생활시설,1009125493,지번
1129010400100970000,서울특별시 성북구 동소문동1가,서울특별시 성북구 성북로2길 48 (동소문동1가),근린생활1,제1종근린생활시설,100916023,지번
1129010900100070002,서울특별시 성북구 동소문동6가,서울특별시 성북구 동소문로15길 1 (동소문동6가),근린생활2,제2종근린생활시설,100916809,지번
1129013300104050004,서울특별시 성북구 정릉동,서울특별시 성북구 정릉로23길 56 (정릉동),근린생활2,제2종근린생활시설,10091100230993,지번
1129012500101030028,서울특별시 성북구 안암동5가,서울특별시 성북구 고려대로24가길 8 (안암동5가),근린생활1,제1종근린생활시설,1009113612,지번
1129010100103300466,서울특별시 성북구 성북동,서울특별시 성북구 대사관로11나길 24 (성북동),근린생활1,제1종근린생활시설,100913983,지번
1129013600100180050,서울특별시 성북구 하월곡동,서울특별시 성북구 장월로1길 113 (하월곡동),근린생활1,제1종근린생활시설,10091100228733,지번
1129013300107160149,서울특별시 성북구 정릉동,서울특별시 성북구 솔샘로9길 4-26 (정릉동),근린생활2,제2종근린생활시설,1009120703,지번
1129013500100230023,서울특별시 성북구 종암동,서울특별시 성북구 종암로5길 21 (종암동),근린생활2,제2종근린생활시설,1009126588,지번
1129011100100110068,서울특별시 성북구 삼선동1가,서울특별시 성북구 삼선교로2길 25 (삼선동1가),근린생활2,제2종근린생활시설,100917389,지번
1129013400111420000,서울특별시 성북구 길음동,서울특별시 성북구 삼양로8길 3-21 (길음동),근린생활2,제2종근린생활시설,1009124546,지번
1129011600100890000,서울특별시 성북구 동선동1가,서울특별시 성북구 동소문로20나길 27 (동선동1가),근린생활2,제2종근린생활시설,1009110350,지번
1129012700101110000,서울특별시 성북구 보문동5가,서울특별시 성북구 보문로21길 13 (보문동5가),근린생활2,제2종근린생활시설,1009114281,지번
1129012800101820002,서울특별시 성북구 보문동6가,서울특별시 성북구 보문로13길 27 (보문동6가),근린생활1,제1종근린생활시설,1009114746,지번
1129013300104050007,서울특별시 성북구 정릉동,서울특별시 성북구 정릉로23길 50 (정릉동),근린생활2,제2종근린생활시설,1009119267,지번
1129013600100901971,서울특별시 성북구 하월곡동,서울특별시 성북구 화랑로1길 26-1 (하월곡동),근린생활1,제1종근린생활시설,1009131040,지번
1129013600100901970,서울특별시 성북구 하월곡동,서울특별시 성북구 오패산로3가길 45 (하월곡동),근린생활1,제1종근린생활시설,1009131039,지번
1129011400103430000,서울특별시 성북구 삼선동4가,서울특별시 성북구 보문로 189 (삼선동4가),근린생활2,제2종근린생활시설,100919477,지번
1129013300102660181,서울특별시 성북구 정릉동,서울특별시 성북구 보국문로16길 20 (정릉동),근린생활2,제2종근린생활시설,1000000000000002443227,지번
1129013600102260003,서울특별시 성북구 하월곡동,서울특별시 성북구 월곡로14길 24 (하월곡동),근린생활2,제2종근린생활시설,1009131389,지번
1129013900101930008,서울특별시 성북구 석관동,서울특별시 성북구 돌곶이로22길 47 (석관동),근린생활2,제2종근린생활시설,1000000000000003353391,지번
1129013600100340014,서울특별시 성북구 하월곡동,서울특별시 성북구 월곡로14길 17 (하월곡동),근린생활2,제2종근린생활시설,1009128828,지번
1129011600100030002,서울특별시 성북구 동선동1가,서울특별시 성북구 동소문로20다길 17 (동선동1가),근린생활2,제2종근린생활시설,1009110080,지번
1129013600100790107,서울특별시 성북구 하월곡동,서울특별시 성북구 월계로 52 (하월곡동),근린생활1,제1종근린생활시설,1009131200,지번
1129012500101460007,서울특별시 성북구 안암동5가,서울특별시 성북구 고려대로22길 5 (안암동5가),근린생활2,제2종근린생활시설,10091100181324,지번
1129011700101290000,서울특별시 성북구 동선동2가,서울특별시 성북구 동소문로22길 59 (동선동2가),근린생활1,제1종근린생활시설,1009110581,지번
1129010900101570000,서울특별시 성북구 동소문동6가,서울특별시 성북구 동소문로17길 30 (동소문동6가),근린생활2,제2종근린생활시설,100916921,지번
1129010100100150219,서울특별시 성북구 성북동,서울특별시 성북구 대사관로 147 (성북동),근린생활1,제1종근린생활시설,100912154,지번
1129013300101390007,서울특별시 성북구 정릉동,서울특별시 성북구 아리랑로 127 (정릉동),근린생활1,제1종근린생활시설,1009117138,지번
1129011600101190001,서울특별시 성북구 동선동1가,서울특별시 성북구 동소문로26길 6 (동선동1가),근린생활2,제2종근린생활시설,1009110380,지번
1129010900101680000,서울특별시 성북구 동소문동6가,서울특별시 성북구 동소문로17길 29 (동소문동6가),근린생활2,제2종근린생활시설,100916931,지번
1129012600100910002,서울특별시 성북구 보문동4가,서울특별시 성북구 보문로 64 (보문동4가),근린생활2,제2종근린생활시설,1009114046,지번
1129013600102250006,서울특별시 성북구 하월곡동,서울특별시 성북구 오패산로 84 (하월곡동),근린생활1,제1종근린생활시설,1009131371,지번
1129010900102170001,서울특별시 성북구 동소문동6가,서울특별시 성북구 아리랑로 15 (동소문동6가),근린생활2,제2종근린생활시설,100917000,지번
1129010300100020002,서울특별시 성북구 돈암동,서울특별시 성북구 정릉로52길 22 (돈암동),근린생활1,제1종근린생활시설,100915484,지번
1129010900101760000,서울특별시 성북구 동소문동6가,서울특별시 성북구 동소문로13나길 54 (동소문동6가),근린생활2,제2종근린생활시설,100916947,지번
1129010200101050011,서울특별시 성북구 성북동1가,서울특별시 성북구 성북로5길 29-19 (성북동1가),근린생활2,제2종근린생활시설,100914459,지번
1129010800101180006,서울특별시 성북구 동소문동5가,서울특별시 성북구 동소문로20길 40 (동소문동5가),근린생활2,제2종근린생활시설,100916783,지번
1129010100101840005,서울특별시 성북구 성북동,서울특별시 성북구 성북로6길 26 (성북동),근린생활2,제2종근린생활시설,100913293,지번
1129010400101400066,서울특별시 성북구 동소문동1가,서울특별시 성북구 성북로4길 17 (동소문동1가),근린생활2,제2종근린생활시설,1000000000000000398815,지번
1129010400100520000,서울특별시 성북구 동소문동1가,서울특별시 성북구 성북로2길 35 (동소문동1가),근린생활2,제2종근린생활시설,100915999,지번
1129010600100630000,서울특별시 성북구 동소문동3가,서울특별시 성북구 동소문로 48 (동소문동3가),근린생활1,제1종근린생활시설,100916408,지번
1129010900101380003,서울특별시 성북구 동소문동6가,서울특별시 성북구 동소문로17길 12 (동소문동6가),근린생활1,제1종근린생활시설,100916909,지번
1129010900101470000,서울특별시 성북구 동소문동6가,서울특별시 성북구 아리랑로 9 (동소문동6가),근린생활1,제1종근린생활시설,10091100190055,지번
1129013300101390043,서울특별시 성북구 정릉동,서울특별시 성북구 정릉로 274 (정릉동),근린생활2,제2종근린생활시설,1009117146,지번
1129012500100990000,서울특별시 성북구 안암동5가,서울특별시 성북구 고려대로27길 4 (안암동5가),근린생활1,제1종근린생활시설,1009113495,지번
1129011600100790000,서울특별시 성북구 동선동1가,서울특별시 성북구 보문로34길 59 (동선동1가),근린생활2,제2종근린생활시설,1009110153,지번
1129013900101740017,서울특별시 성북구 석관동,서울특별시 성북구 한천로 598 (석관동),근린생활2,제2종근린생활시설,1009141346,지번
1129012600100630000,서울특별시 성북구 보문동4가,서울특별시 성북구 고려대로2길 79 (보문동4가),근린생활1,제1종근린생활시설,1009114010,지번
1129012600100630000,서울특별시 성북구 보문동4가,서울특별시 성북구 고려대로2길 77 (보문동4가),근린생활1,제2종근린생활시설,1009114011,지번
1129013900102680001,서울특별시 성북구 석관동,서울특별시 성북구 돌곶이로18길 4 (석관동),근린생활1,제1종근린생활시설,1009142153,지번
1129013400112850007,서울특별시 성북구 길음동,서울특별시 성북구 길음로13길 24 (길음동),근린생활2,제2종근린생활시설,10091100198030,지번
1129010700102460000,서울특별시 성북구 동소문동4가,서울특별시 성북구 동소문로13길 9 (동소문동4가),근린생활2,제2종근린생활시설,1000000000000004330183,지번
1129011100100740000,서울특별시 성북구 삼선동1가,서울특별시 성북구 삼선교로 26-1 (삼선동1가),근린생활2,제2종근린생활시설,100917544,지번
1129013900102360001,서울특별시 성북구 석관동,서울특별시 성북구 화랑로 270 (석관동),근린생활1,제1종근린생활시설,1009141795,지번
1129011700102960000,서울특별시 성북구 동선동2가,서울특별시 성북구 보문로32길 77 (동선동2가),근린생활2,제2종근린생활시설,10091100187833,지번
1129013600101460000,서울특별시 성북구 하월곡동,서울특별시 성북구 종암로40길 9 (하월곡동),근린생활1,제1종근린생활시설,1009131119,지번
1129013000100290000,서울특별시 성북구 보문동1가,서울특별시 성북구 고려대로1길 63-1 (보문동1가),근린생활1,제1종근린생활시설,1009115410,지번
1129011200102130003,서울특별시 성북구 삼선동2가,서울특별시 성북구 삼선교로16길 46 (삼선동2가),근린생활2,제2종근린생활시설,100918458,지번
1129013600100900773,서울특별시 성북구 하월곡동,서울특별시 성북구 화랑로1길 36 (하월곡동),근린생활1,제1종근린생활시설,1009130671,지번
1129012500101020048,서울특별시 성북구 안암동5가,서울특별시 성북구 고려대로24길 9 (안암동5가),근린생활2,제2종근린생활시설,1009113563,지번
1129010600100700000,서울특별시 성북구 동소문동3가,서울특별시 성북구 동소문로 58-1 (동소문동3가),근린생활2,제2종근린생활시설,100916417,지번
1129010100101450137,서울특별시 성북구 성북동,서울특별시 성북구 성북로14길 153 (성북동),근린생활1,제1종근린생활시설,100912835,지번
1129011600100850107,서울특별시 성북구 동선동1가,서울특별시 성북구 동소문로22길 43 (동선동1가),근린생활2,제2종근린생활시설,1009110339,지번
1129011900100480000,서울특별시 성북구 동선동4가,서울특별시 성북구 아리랑로 10-23 (동선동4가),근린생활2,제2종근린생활시설,1009111226,지번
1129011200102270000,서울특별시 성북구 삼선동2가,서울특별시 성북구 삼선교로14길 57 (삼선동2가),근린생활2,제2종근린생활시설,100918472,지번
1129012500101460055,서울특별시 성북구 안암동5가,서울특별시 성북구 고려대로 80 (안암동5가),근린생활1,제1종근린생활시설,1009113850,지번
1129013600100710051,서울특별시 성북구 하월곡동,서울특별시 성북구 오패산로5길 11 (하월곡동),근린생활2,제2종근린생활시설,1009129472,지번
1129013900100710008,서울특별시 성북구 석관동,서울특별시 성북구 한천로 563 (석관동),근린생활1,제1종근린생활시설,1009140680,지번
1129011600100850152,서울특별시 성북구 동선동1가,서울특별시 성북구 동소문로20다길 33 (동선동1가),근린생활2,제2종근린생활시설,1009110258,지번
1129013900101670007,서울특별시 성북구 석관동,서울특별시 성북구 한천로66길 203 (석관동),근린생활1,제1종근린생활시설,1009141285,지번
1129012800101830000,서울특별시 성북구 보문동6가,서울특별시 성북구 보문로13길 31 (보문동6가),근린생활2,제2종근린생활시설,1009114747,지번
1129013600100270005,서울특별시 성북구 하월곡동,서울특별시 성북구 화랑로7길 32 (하월곡동),근린생활1,제1종근린생활시설,1009128715,지번
1129013800102380198,서울특별시 성북구 장위동,서울특별시 성북구 장월로 89-1 (장위동),근린생활1,제1종근린생활시설,1009138488,지번
1129010800100670001,서울특별시 성북구 동소문동5가,서울특별시 성북구 동소문로 92 (동소문동5가),근린생활1,제1종근린생활시설,10091100200230,지번
1129013500101240051,서울특별시 성북구 종암동,서울특별시 성북구 종암로21길 120 (종암동),근린생활2,제2종근린생활시설,1009128078,지번
1129012700100030001,서울특별시 성북구 보문동5가,서울특별시 성북구 보문로 99 (보문동5가),근린생활2,제2종근린생활시설,1009114186,지번
1129010100101830030,서울특별시 성북구 성북동,서울특별시 성북구 성북로6가길 11 (성북동),근린생활2,제2종근린생활시설,100913285,지번
1129013800102150042,서울특별시 성북구 장위동,서울특별시 성북구 돌곶이로 207 (장위동),근린생활2,제2종근린생활시설,1009136473,지번
1129013800102140017,서울특별시 성북구 장위동,서울특별시 성북구 돌곶이로37길 8 (장위동),근린생활2,제2종근린생활시설,10091100265511,지번
1129013900101330001,서울특별시 성북구 석관동,서울특별시 성북구 한천로78길 68 (석관동),근린생활2,제2종근린생활시설,1009141231,지번
1129011700101350001,서울특별시 성북구 동선동2가,서울특별시 성북구 보문로34길 80 (동선동2가),근린생활2,제2종근린생활시설,1009110587,지번
1129013400112850000,서울특별시 성북구 길음동,서울특별시 성북구 길음로13길 22 (길음동),근린생활1,공동주택,10091100200394,지번
1129013400112850000,서울특별시 성북구 길음동,서울특별시 성북구 길음로13길 22 (길음동),근린생활1,공동주택,10091100200453,지번
1129013400112850000,서울특별시 성북구 길음동,서울특별시 성북구 길음로13길 22 (길음동),근린생활1,제1종근린생활시설,10091100200497,지번
1129013400112850000,서울특별시 성북구 길음동,서울특별시 성북구 길음로13길 22 (길음동),근린생활1,공동주택,10091100200566,지번
1129013400112850000,서울특별시 성북구 길음동,서울특별시 성북구 길음로13길 22 (길음동),근린생활1,공동주택,10091100200657,지번
1129013400112850000,서울특별시 성북구 길음동,서울특별시 성북구 길음로13길 22 (길음동),근린생활1,공동주택,10091100200744,지번
1129013400112850000,서울특별시 성북구 길음동,서울특별시 성북구 길음로13길 22 (길음동),근린생활1,공동주택,10091100200829,지번
1129013300100160169,서울특별시 성북구 정릉동,서울특별시 성북구 정릉로 326 (정릉동),근린생활1,제1종근린생활시설,1009116681,지번
1129013500101350000,서울특별시 성북구 종암동,서울특별시 성북구 종암로24길 35 (종암동),근린생활2,공동주택,10091100209912,지번
1129013500101350000,서울특별시 성북구 종암동,서울특별시 성북구 종암로24길 35 (종암동),근린생활2,공동주택,10091100209978,지번
1129013500101350000,서울특별시 성북구 종암동,서울특별시 성북구 종암로24길 35 (종암동),근린생활2,공동주택,10091100210020,지번
1129013500101350000,서울특별시 성북구 종암동,서울특별시 성북구 종암로24길 35 (종암동),근린생활2,공동주택,10091100210097,지번
1129013500101350000,서울특별시 성북구 종암동,서울특별시 성북구 종암로24길 35 (종암동),근린생활2,공동주택,10091100210204,지번
1129013500101350000,서울특별시 성북구 종암동,서울특별시 성북구 종암로24길 35 (종암동),근린생활2,공동주택,10091100210283,지번
1129013500101350000,서울특별시 성북구 종암동,서울특별시 성북구 종암로24길 35 (종암동),근린생활2,제2종근린생활시설,10091100210331,지번
1129010900101660000,서울특별시 성북구 동소문동6가,서울특별시 성북구 동소문로17길 27 (동소문동6가),근린생활2,제2종근린생활시설,100916930,지번
1129013800102250062,서울특별시 성북구 장위동,서울특별시 성북구 장위로 77-2 (장위동),근린생활2,제2종근린생활시설,1009136939,지번
1129012500100410012,서울특별시 성북구 안암동5가,서울특별시 성북구 고려대로 114 (안암동5가),근린생활1,제1종근린생활시설,1009113383,지번
1129013700100230035,서울특별시 성북구 상월곡동,서울특별시 성북구 화랑로 180 (상월곡동),근린생활2,제2종근린생활시설,10091100224265,지번
1129012900100310000,서울특별시 성북구 보문동7가,서울특별시 성북구 보문로 55-1 (보문동7가),근린생활2,제2종근린생활시설,1009115217,지번
1129013400110850000,서울특별시 성북구 길음동,서울특별시 성북구 삼양로4길 4 (길음동),근린생활2,제2종근린생활시설,1009124445,지번
1129013600100620011,서울특별시 성북구 하월곡동,서울특별시 성북구 오패산로 20 (하월곡동),근린생활1,제1종근린생활시설,1009129281,지번
1129013600100700150,서울특별시 성북구 하월곡동,서울특별시 성북구 오패산로 31 (하월곡동),근린생활2,제2종근린생활시설,1009129423,지번
1129010300106250001,서울특별시 성북구 돈암동,서울특별시 성북구 정릉로 378 (돈암동),근린생활2,제2종근린생활시설,100915473,지번
1129011100100760000,서울특별시 성북구 삼선동1가,서울특별시 성북구 삼선교로 24-3 (삼선동1가),근린생활2,제2종근린생활시설,100917546,지번
1129013600100670132,서울특별시 성북구 하월곡동,서울특별시 성북구 오패산로 11 (하월곡동),근린생활2,제2종근린생활시설,1009129343,지번
1129011900100750000,서울특별시 성북구 동선동4가,서울특별시 성북구 동소문로23길 23 (동선동4가),근린생활1,제1종근린생활시설,1009111240,지번
1129013600100900108,서울특별시 성북구 하월곡동,서울특별시 성북구 종암로 182 (하월곡동),근린생활2,제2종근린생활시설,1009130579,지번
1129013800100640095,서울특별시 성북구 장위동,서울특별시 성북구 돌곶이로 95 (장위동),근린생활2,제2종근린생활시설,1009133045,지번
1129012000101460003,서울특별시 성북구 동선동5가,서울특별시 성북구 아리랑로 44 (동선동5가),근린생활2,제2종근린생활시설,1009111780,지번
1129013600100640011,서울특별시 성북구 하월곡동,서울특별시 성북구 화랑로5길 5 (하월곡동),근린생활1,제1종근린생활시설,1009129289,지번
1129013600100900178,서울특별시 성북구 하월곡동,서울특별시 성북구 종암로36길 14 (하월곡동),근린생활1,제1종근린생활시설,1009130604,지번
1129013900103370001,서울특별시 성북구 석관동,서울특별시 성북구 화랑로 242 (석관동),근린생활1,제1종근린생활시설,1009143319,지번
1129010300100320009,서울특별시 성북구 돈암동,서울특별시 성북구 동소문로35길 28 (돈암동),근린생활2,제2종근린생활시설,100914795,지번
1129011600100030012,서울특별시 성북구 동선동1가,서울특별시 성북구 동소문로20다길 3 (동선동1가),근린생활2,제2종근린생활시설,1009110089,지번
1129013600100700105,서울특별시 성북구 하월곡동,서울특별시 성북구 오패산로 35 (하월곡동),근린생활2,제2종근린생활시설,1009129397,지번
1129011500102650000,서울특별시 성북구 삼선동5가,서울특별시 성북구 삼선교로24길 47 (삼선동5가),근린생활2,제2종근린생활시설,100919872,지번
1129013500100870003,서울특별시 성북구 종암동,서울특별시 성북구 종암로 107 (종암동),근린생활1,제1종근린생활시설,1009127511,지번
1129011000100010005,서울특별시 성북구 동소문동7가,서울특별시 성북구 아리랑로 31 (동소문동7가),근린생활2,제2종근린생활시설,100917049,지번
1129010300100320014,서울특별시 성북구 돈암동,서울특별시 성북구 동소문로 197 (돈암동),근린생활2,제2종근린생활시설,100914798,지번
1129011800101900003,서울특별시 성북구 동선동3가,서울특별시 성북구 보문로34가길 38 (동선동3가),근린생활1,제1종근린생활시설,1009111023,지번
1129013500101250062,서울특별시 성북구 종암동,서울특별시 성북구 종암로19다길 38 (종암동),근린생활2,제2종근린생활시설,10091100195470,지번
1129012500101010104,서울특별시 성북구 안암동5가,서울특별시 성북구 개운사1길 22 (안암동5가),근린생활2,제2종근린생활시설,10091100200013,지번
1129011600100840001,서울특별시 성북구 동선동1가,서울특별시 성북구 보문로34길 77 (동선동1가),근린생활1,제1종근린생활시설,1009110165,지번
1129012700102520007,서울특별시 성북구 보문동5가,서울특별시 성북구 보문로13가길 34-1 (보문동5가),근린생활1,제1종근린생활시설,1009114436,지번
1129013300102930003,서울특별시 성북구 정릉동,서울특별시 성북구 보국문로 104 (정릉동),근린생활2,제2종근린생활시설,1009118635,지번
1129013800102380199,서울특별시 성북구 장위동,서울특별시 성북구 장위로 107 (장위동),근린생활2,제2종근린생활시설,1009138489,지번
1129013900101680011,서울특별시 성북구 석관동,서울특별시 성북구 화랑로40길 53 (석관동),근린생활2,제2종근린생활시설,1009141289,지번
1129011600100450000,서울특별시 성북구 동선동1가,서울특별시 성북구 동소문로20길 35 (동선동1가),근린생활2,제2종근린생활시설,1009110127,지번
1129013600100180008,서울특별시 성북구 하월곡동,서울특별시 성북구 화랑로13길 9 (하월곡동),근린생활1,제1종근린생활시설,1009128563,지번
1129013600100900113,서울특별시 성북구 하월곡동,서울특별시 성북구 종암로 176 (하월곡동),근린생활1,제1종근린생활시설,1009130581,지번
1129013400111250006,서울특별시 성북구 길음동,서울특별시 성북구 삼양로 88 (길음동),근린생활2,제2종근린생활시설,1009124524,지번
1129011700101350002,서울특별시 성북구 동선동2가,서울특별시 성북구 보문로34길 78 (동선동2가),근린생활2,제2종근린생활시설,1009110588,지번
1129013700100290049,서울특별시 성북구 상월곡동,서울특별시 성북구 장월로2길 24 (상월곡동),근린생활2,제2종근린생활시설,10091100255210,지번
1129013600100510030,서울특별시 성북구 하월곡동,서울특별시 성북구 화랑로5길 42 (하월곡동),근린생활2,제2종근린생활시설,1009129126,지번
1129011800102260001,서울특별시 성북구 동선동3가,서울특별시 성북구 보문로34가길 24 (동선동3가),근린생활2,제1종근린생활시설,10091100238815,지번
1129011800102260001,서울특별시 성북구 동선동3가,서울특별시 성북구 보문로34가길 24 (동선동3가),근린생활2,제2종근린생활시설,1009111060,지번
1129013400112810006,서울특별시 성북구 길음동,서울특별시 성북구 삼양로13길 45 (길음동),근린생활1,제1종근린생활시설,1009125452,지번
1129012500101020094,서울특별시 성북구 안암동5가,서울특별시 성북구 고려대로22길 23 (안암동5가),근린생활2,제2종근린생활시설,1009113585,지번
1129012300101330046,서울특별시 성북구 안암동3가,서울특별시 성북구 보문로22길 49 (안암동3가),근린생활2,제2종근린생활시설,10091100216432,지번
1129013300102860006,서울특별시 성북구 정릉동,서울특별시 성북구 보국문로18길 1 (정릉동),근린생활1,제1종근린생활시설,1009118564,지번
1129013700100270027,서울특별시 성북구 상월곡동,서울특별시 성북구 화랑로23길 30 (상월곡동),근린생활2,제2종근린생활시설,1009131795,지번
1129013700100240119,서울특별시 성북구 상월곡동,서울특별시 성북구 화랑로18라길 2 (상월곡동),근린생활1,제1종근린생활시설,1009131655,지번
1129013900102820008,서울특별시 성북구 석관동,서울특별시 성북구 한천로73길 22 (석관동),근린생활1,제1종근린생활시설,10091100258390,지번
1129013800102320138,서울특별시 성북구 장위동,서울특별시 성북구 장위로31길 3 (장위동),근린생활1,제1종근린생활시설,1009137667,지번
1129013800100750204,서울특별시 성북구 장위동,서울특별시 성북구 장위로43길 2-2 (장위동),근린생활2,제2종근린생활시설,1009134396,지번
1129013800102160041,서울특별시 성북구 장위동,서울특별시 성북구 돌곶이로 215 (장위동),근린생활1,제1종근린생활시설,1009136494,지번
1129013300100140008,서울특별시 성북구 정릉동,서울특별시 성북구 정릉로36길 16 (정릉동),근린생활2,제2종근린생활시설,1009116520,지번
1129012000100190000,서울특별시 성북구 동선동5가,서울특별시 성북구 동소문로25길 61 (동선동5가),근린생활1,제1종근린생활시설,1009111585,지번
1129013600100840034,서울특별시 성북구 하월곡동,서울특별시 성북구 오패산로3길 109 (하월곡동),근린생활2,제2종근린생활시설,1009130132,지번
1129013400112440001,서울특별시 성북구 길음동,서울특별시 성북구 삼양로 33 (길음동),근린생활2,제2종근린생활시설,1009124719,지번
1129013900102800025,서울특별시 성북구 석관동,서울특별시 성북구 돌곶이로14길 51 (석관동),근린생활1,제1종근린생활시설,1009142279,지번
1129013600100100012,서울특별시 성북구 하월곡동,서울특별시 성북구 화랑로 119-9 (하월곡동),근린생활1,제1종근린생활시설,1009128481,지번
1129012900101170001,서울특별시 성북구 보문동7가,서울특별시 성북구 보문로13나길 25 (보문동7가),근린생활2,제2종근린생활시설,10091100218540,지번
1129013800100640121,서울특별시 성북구 장위동,서울특별시 성북구 화랑로 245 (장위동),근린생활1,제1종근린생활시설,1009133054,지번
1129013300101920256,서울특별시 성북구 정릉동,서울특별시 성북구 서경로11길 6 (정릉동),근린생활2,제2종근린생활시설,10091100210371,지번
1129010200101170001,서울특별시 성북구 성북동1가,서울특별시 성북구 성북로 37 (성북동1가),근린생활1,제1종근린생활시설,100914552,지번
1129010600100220000,서울특별시 성북구 동소문동3가,서울특별시 성북구 동소문로 40 (동소문동3가),근린생활1,제1종근린생활시설,100916381,지번
1129013600100700204,서울특별시 성북구 하월곡동,서울특별시 성북구 오패산로 45 (하월곡동),근린생활1,제1종근린생활시설,1009131185,지번
1129013300101390003,서울특별시 성북구 정릉동,서울특별시 성북구 정릉로 276 (정릉동),근린생활2,제2종근린생활시설,1009117135,지번
1129013100100750012,서울특별시 성북구 보문동2가,서울특별시 성북구 지봉로 179-1 (보문동2가),근린생활2,제2종근린생활시설,1009116196,지번
1129013600100260024,서울특별시 성북구 하월곡동,서울특별시 성북구 오패산로4길 68 (하월곡동),근린생활2,제2종근린생활시설,1009128709,지번
1129011600100340000,서울특별시 성북구 동선동1가,서울특별시 성북구 동소문로20길 29-14 (동선동1가),근린생활1,제1종근린생활시설,1009110122,지번
1129013300104010046,서울특별시 성북구 정릉동,서울특별시 성북구 보국문로 50 (정릉동),근린생활1,제1종근린생활시설,1009122157,지번
1129010800100650000,서울특별시 성북구 동소문동5가,서울특별시 성북구 동소문로 94 (동소문동5가),근린생활2,제2종근린생활시설,100916731,지번
