PNU,지번주소,도로명주소,용도군_tier1,대장_주용도,mgmBldrgstPk,매칭,원후보수,다중후보_미해결
1150010300108350003,서울특별시 강서구 화곡동,서울특별시 강서구 곰달래로 215-1 (화곡동),근린생활2,제2종근린생활시설,1017116331,지번,1,False
1150010200100730001,서울특별시 강서구 등촌동,,판매시설,판매시설,10171100207088,지번,1,False
1150010300111210009,서울특별시 강서구 화곡동,서울특별시 강서구 까치산로 165 (화곡동),근린생활2,제2종근린생활시설,1017122419,지번,1,False
1150010300110650031,서울특별시 강서구 화곡동,서울특별시 강서구 강서로 171 (화곡동),근린생활1,제1종근린생활시설,1017117786,지번,1,False
1150010300103480009,서울특별시 강서구 화곡동,서울특별시 강서구 강서로 61 (화곡동),근린생활1,제1종근린생활시설,1017111172,지번,1,False
1150010900105720010,서울특별시 강서구 방화동,서울특별시 강서구 양천로 94 (방화동),근린생활2,제2종근린생활시설,1017119450,지번,1,False
1150010300107960016,서울특별시 강서구 화곡동,서울특별시 강서구 곰달래로 256 (화곡동),근린생활2,제2종근린생활시설,1017112104,지번,1,False
1150010600107190006,서울특별시 강서구 내발산동,서울특별시 강서구 강서로 267 (내발산동),판매시설,판매시설,10171100200506,지번,1,False
1150010300103600017,서울특별시 강서구 화곡동,서울특별시 강서구 월정로 156 (화곡동),근린생활2,제2종근린생활시설,1017117944,지번,1,False
1150010300111010010,서울특별시 강서구 화곡동,서울특별시 강서구 화곡로59길 51 (화곡동),근린생활2,제2종근린생활시설,1017121591,지번,1,False
1150010300103720001,서울특별시 강서구 화곡동,서울특별시 강서구 가로공원로 186 (화곡동),근린생활1,제1종근린생활시설,1017126235,지번,1,False
1150011000104600063,서울특별시 강서구 개화동,서울특별시 강서구 개화동로11길 22 (개화동),근린생활1,제1종근린생활시설,1017121408,지번,1,False
1150010300110320013,서울특별시 강서구 화곡동,서울특별시 강서구 강서로33가길 30 (화곡동),근린생활2,제2종근린생활시설,10171100209168,지번,1,False
1150010600107230000,서울특별시 강서구 내발산동,서울특별시 강서구 강서로 261 (내발산동),근린생활1,제1종근린생활시설,1017123363,지번,1,False
1150010900102850012,서울특별시 강서구 방화동,서울특별시 강서구 양천로 94-1 (방화동),근린생활2,제2종근린생활시설,1017111938,지번,1,False
1150010300103480002,서울특별시 강서구 화곡동,서울특별시 강서구 강서로17길 7 (화곡동),근린생활2,제2종근린생활시설,1017122774,지번,1,False
1150010300100240567,서울특별시 강서구 화곡동,서울특별시 강서구 화곡로 224 (화곡동),근린생활2,제2종근린생활시설,1017119815,지번,1,False
1150010300100610013,서울특별시 강서구 화곡동,서울특별시 강서구 까치산로 40-1 (화곡동),근린생활1,제1종근린생활시설,1017123433,지번,1,False
1150010500115220000,서울특별시 강서구 마곡동,서울특별시 강서구 방화대로34길 80 (마곡동),근린생활1,제1종근린생활시설,1017125407,지번,1,False
1150010500107190000,서울특별시 강서구 마곡동,서울특별시 강서구 방화대로 268 (마곡동),근린생활2,제2종근린생활시설,1017119063,지번,1,False
1150010300109880006,서울특별시 강서구 화곡동,서울특별시 강서구 화곡로53길 7-10 (화곡동),근린생활2,제2종근린생활시설,1017111809,지번,1,False
1150010500114480000,서울특별시 강서구 마곡동,서울특별시 강서구 방화대로34길 57 (마곡동),근린생활2,제2종근린생활시설,101718208,지번,1,False
1150010300109140023,서울특별시 강서구 화곡동,서울특별시 강서구 곰달래로22길 33 (화곡동),근린생활2,제2종근린생활시설,10171100224832,지번,1,False
1150010900106200111,서울특별시 강서구 방화동,서울특별시 강서구 방화동로 5 (방화동),근린생활1,제1종근린생활시설,1017115521,지번,1,False
1150010300111650001,서울특별시 강서구 화곡동,서울특별시 강서구 강서로 242 (화곡동),근린생활1,제1종근린생활시설,10171100258231,지번,1,False
1150010900106210019,서울특별시 강서구 방화동,서울특별시 강서구 개화동로 567 (방화동),근린생활2,제2종근린생활시설,1017111725,지번,1,False
1150010900102450031,서울특별시 강서구 방화동,서울특별시 강서구 방화대로33길 3 (방화동),근린생활2,제2종근린생활시설,10171100202414,지번,1,False
1150010800100600012,서울특별시 강서구 공항동,서울특별시 강서구 송정로 49 (공항동),근린생활2,제2종근린생활시설,10171100211189,지번,1,False
1150010800107270000,서울특별시 강서구 공항동,서울특별시 강서구 방화대로7나길 55 (공항동),근린생활1,제1종근린생활시설,1017111134,지번,1,False
1150010800103010048,서울특별시 강서구 공항동,서울특별시 강서구 송정로 18-22 (공항동),근린생활1,제1종근린생활시설,1017115273,지번,1,False
1150010600107220003,서울특별시 강서구 내발산동,서울특별시 강서구 강서로45길 42 (내발산동),근린생활1,제1종근린생활시설,1017128654,지번,1,False
1150010300108380016,서울특별시 강서구 화곡동,서울특별시 강서구 등촌로5길 87 (화곡동),근린생활2,제2종근린생활시설,1017115426,지번,1,False
1150010300104040005,서울특별시 강서구 화곡동,서울특별시 강서구 강서로 134 (화곡동),근린생활2,제2종근린생활시설,1017115704,지번,1,False
1150010800106590000,서울특별시 강서구 공항동,서울특별시 강서구 남부순환로11길 98-15 (공항동),근린생활1,제1종근린생활시설,1017121023,지번,1,False
1150010900102490020,서울특별시 강서구 방화동,서울특별시 강서구 방화동로 90 (방화동),근린생활2,제2종근린생활시설,1017127980,지번,1,False
1150010600106700050,서울특별시 강서구 내발산동,서울특별시 강서구 우장산로2길 21 (내발산동),근린생활2,제2종근린생활시설,1017121486,지번,1,False
1150010300103430001,서울특별시 강서구 화곡동,서울특별시 강서구 강서로13길 3 (화곡동),근린생활1,제1종근린생활시설,10171100224762,지번,1,False
1150010300110230000,서울특별시 강서구 화곡동,서울특별시 강서구 화곡로21길 78 (화곡동),판매시설,판매시설,101716338,지번,1,False
1150010200106980001,서울특별시 강서구 등촌동,,근린생활1,제1종근린생활시설,101717715,지번,1,False
1150010800106690005,서울특별시 강서구 공항동,서울특별시 강서구 방화대로7길 28 (공항동),근린생활2,제2종근린생활시설,1017121829,지번,1,False
1150010800106820013,서울특별시 강서구 공항동,서울특별시 강서구 남부순환로11가길 52 (공항동),근린생활1,제1종근린생활시설,1017122337,지번,1,False
1150010300108020004,서울특별시 강서구 화곡동,서울특별시 강서구 등촌로5가길 17 (화곡동),근린생활1,제1종근린생활시설,101715532,지번,1,False
1150010400101380009,서울특별시 강서구 가양동,서울특별시 강서구 양천로 353 (가양동),근린생활2,제2종근린생활시설,1017123749,지번,1,False
1150010600106600014,서울특별시 강서구 내발산동,서울특별시 강서구 공항대로42길 51-3 (내발산동),근린생활2,제2종근린생활시설,1017126213,지번,1,False
1150010400114790004,서울특별시 강서구 가양동,서울특별시 강서구 양천로57길 13 (가양동),근린생활1,제1종근린생활시설,1017127840,지번,1,False
1150010600106740034,서울특별시 강서구 내발산동,서울특별시 강서구 우장산로8길 36 (내발산동),근린생활2,제2종근린생활시설,101716665,지번,1,False
1150010600107500011,서울특별시 강서구 내발산동,서울특별시 강서구 강서로47길 165 (내발산동),근린생활1,제1종근린생활시설,101712819,지번,1,False
1150010400114790010,서울특별시 강서구 가양동,서울특별시 강서구 양천로57길 9-7 (가양동),판매시설,판매시설,101714982,지번,1,False
1150010800107130000,서울특별시 강서구 공항동,서울특별시 강서구 방화대로7나길 56 (공항동),근린생활1,제1종근린생활시설,101715329,지번,1,False
1150010300103700051,서울특별시 강서구 화곡동,서울특별시 강서구 가로공원로76길 35 (화곡동),근린생활2,제2종근린생활시설,1017115065,지번,1,False
1150010900106060015,서울특별시 강서구 방화동,서울특별시 강서구 금낭화로 5 (방화동),근린생활2,제2종근린생활시설,1017117730,지번,1,False
1150010900105730005,서울특별시 강서구 방화동,서울특별시 강서구 양천로18길 5 (방화동),근린생활1,제1종근린생활시설,101716652,지번,1,False
1150010300108520020,서울특별시 강서구 화곡동,서울특별시 강서구 강서로5라길 124 (화곡동),근린생활1,제1종근린생활시설,1017112062,지번,1,False
1150010200107000000,서울특별시 강서구 등촌동,서울특별시 강서구 공항대로41길 34 (등촌동),근린생활1,제1종근린생활시설,1017114811,지번,1,False
1150010300109930022,서울특별시 강서구 화곡동,서울특별시 강서구 화곡로53길 62 (화곡동),근린생활2,제2종근린생활시설,1017124774,지번,1,False
1150010300110500036,서울특별시 강서구 화곡동,서울특별시 강서구 강서로33길 24 (화곡동),근린생활2,제2종근린생활시설,1017118723,지번,1,False
1150010200106740001,서울특별시 강서구 등촌동,서울특별시 강서구 강서로 378 (등촌동),근린생활2,제2종근린생활시설,101716929,지번,1,False
1150010300105040061,서울특별시 강서구 화곡동,서울특별시 강서구 등촌로13마길 25-6 (화곡동),근린생활2,제2종근린생활시설,101716182,지번,1,False
1150010300103410068,서울특별시 강서구 화곡동,서울특별시 강서구 강서로12길 5-9 (화곡동),근린생활2,제2종근린생활시설,101719558,지번,1,False
1150010200106460032,서울특별시 강서구 등촌동,서울특별시 강서구 공항대로59길 29 (등촌동),근린생활1,제1종근린생활시설,101717631,지번,1,False
1150010600107230005,서울특별시 강서구 내발산동,서울특별시 강서구 강서로 253 (내발산동),근린생활1,제1종근린생활시설,101718420,지번,1,False
1150010300110390039,서울특별시 강서구 화곡동,서울특별시 강서구 화곡로13길 66-5 (화곡동),근린생활1,제1종근린생활시설,1017123817,지번,1,False
1150010100102660014,서울특별시 강서구 염창동,서울특별시 강서구 공항대로65길 65 (염창동),근린생활2,제2종근린생활시설,1017126622,지번,1,False
1150010600106730000,서울특별시 강서구 내발산동,서울특별시 강서구 우장산로 44 (내발산동),근린생활2,제2종근린생활시설,101718735,지번,1,False
1150010900106450011,서울특별시 강서구 방화동,서울특별시 강서구 개화동로23길 20 (방화동),근린생활1,제1종근린생활시설,101719076,지번,1,False
1150010800107170000,서울특별시 강서구 공항동,서울특별시 강서구 방화대로7나길 46 (공항동),근린생활1,제1종근린생활시설,101719324,지번,1,False
1150010300107780002,서울특별시 강서구 화곡동,서울특별시 강서구 곰달래로59길 5 (화곡동),근린생활1,제1종근린생활시설,1017125638,지번,1,False
1150010200105260003,서울특별시 강서구 등촌동,서울특별시 강서구 등촌로51길 17 (등촌동),근린생활2,제2종근린생활시설,1017114742,지번,1,False
1150010100102820020,서울특별시 강서구 염창동,서울특별시 강서구 공항대로 635 (염창동),근린생활2,제2종근린생활시설,101719020,지번,1,False
1150010800100220000,서울특별시 강서구 공항동,서울특별시 강서구 공항대로7길 19 (공항동),근린생활2,제2종근린생활시설,1017119080,지번,1,False
1150010300103410046,서울특별시 강서구 화곡동,서울특별시 강서구 강서로16길 20 (화곡동),근린생활2,제2종근린생활시설,1017115885,지번,1,False
1150010300108320009,서울특별시 강서구 화곡동,서울특별시 강서구 곰달래로49길 29 (화곡동),근린생활1,제1종근린생활시설,10171100232422,지번,1,False
1150010600106770004,서울특별시 강서구 내발산동,서울특별시 강서구 강서로 316 (내발산동),근린생활2,제2종근린생활시설,101717942,지번,1,False
1150010100102830012,서울특별시 강서구 염창동,서울특별시 강서구 공항대로 649 (염창동),근린생활2,제2종근린생활시설,1017123036,지번,1,False
1150010300100980106,서울특별시 강서구 화곡동,서울특별시 강서구 까치산로4길 50 (화곡동),근린생활2,제2종근린생활시설,101717001,지번,1,False
1150010500100140006,서울특별시 강서구 마곡동,서울특별시 강서구 양천로47나길 7 (마곡동),근린생활2,제2종근린생활시설,1017126547,지번,1,False
1150010300111170003,서울특별시 강서구 화곡동,서울특별시 강서구 공항대로46길 84 (화곡동),근린생활2,제2종근린생활시설,1017110332,지번,1,False
1150010900102510010,서울특별시 강서구 방화동,서울특별시 강서구 양천로24길 78 (방화동),근린생활1,제1종근린생활시설,1017127314,지번,1,False
1150010300108970014,서울특별시 강서구 화곡동,서울특별시 강서구 곰달래로 134 (화곡동),근린생활1,제1종근린생활시설,1017112840,지번,1,False
1150010300107790001,서울특별시 강서구 화곡동,서울특별시 강서구 곰달래로 266-1 (화곡동),근린생활2,제2종근린생활시설,1017124999,지번,1,False
1150010600106780006,서울특별시 강서구 내발산동,서울특별시 강서구 강서로 311 (내발산동),근린생활2,제2종근린생활시설,101716968,지번,1,False
1150010300103380020,서울특별시 강서구 화곡동,서울특별시 강서구 강서로18길 21 (화곡동),근린생활1,제1종근린생활시설,1017123411,지번,1,False
1150010300111180002,서울특별시 강서구 화곡동,서울특별시 강서구 공항대로46길 93 (화곡동),근린생활2,제2종근린생활시설,1017116424,지번,1,False
1150010300110430034,서울특별시 강서구 화곡동,서울특별시 강서구 강서로33길 112 (화곡동),근린생활1,제1종근린생활시설,1017127586,지번,1,False
1150010300109060013,서울특별시 강서구 화곡동,서울특별시 강서구 강서로5나길 27 (화곡동),근린생활1,제1종근린생활시설,1017110518,지번,1,False
1150010300110980006,서울특별시 강서구 화곡동,서울특별시 강서구 우장산로15길 9-4 (화곡동),근린생활2,제2종근린생활시설,101713947,지번,2,False
1150010300110980006,서울특별시 강서구 화곡동,서울특별시 강서구 우장산로15길 11 (화곡동),근린생활2,제2종근린생활시설,101713948,지번,2,False
1150010300103320024,서울특별시 강서구 화곡동,서울특별시 강서구 강서로18다길 40 (화곡동),근린생활2,제2종근린생활시설,1017116841,지번,1,False
1150011000104740058,서울특별시 강서구 개화동,서울특별시 강서구 개화동로13길 9-5 (개화동),근린생활1,제1종근린생활시설,10171100210168,지번,1,False
1150010300100240344,서울특별시 강서구 화곡동,서울특별시 강서구 화곡로46길 6 (화곡동),근린생활2,제2종근린생활시설,101718434,지번,1,False
1150010500115330000,서울특별시 강서구 마곡동,서울특별시 강서구 방화대로34길 96 (마곡동),근린생활2,제2종근린생활시설,1017127332,지번,1,False
1150010100102710011,서울특별시 강서구 염창동,서울특별시 강서구 공항대로59다길 79 (염창동),근린생활2,제2종근린생활시설,1017112523,지번,1,False
1150010100102420002,서울특별시 강서구 염창동,서울특별시 강서구 양천로 609 (염창동),근린생활1,제1종근린생활시설,1017124048,지번,2,False
1150010600107190002,서울특별시 강서구 내발산동,서울특별시 강서구 강서로 277 (내발산동),근린생활1,제1종근린생활시설,10171100181484,지번,1,False
1150010900105730007,서울특별시 강서구 방화동,서울특별시 강서구 양천로18길 9 (방화동),근린생활2,제2종근린생활시설,1017112309,지번,1,False
1150010300100840001,서울특별시 강서구 화곡동,서울특별시 강서구 우현로 9-1 (화곡동),근린생활2,제2종근린생활시설,1017111974,지번,1,False
1150010200106670002,서울특별시 강서구 등촌동,서울특별시 강서구 강서로56길 96 (등촌동),근린생활2,제2종근린생활시설,1017116748,지번,1,False
1150010400100180024,서울특별시 강서구 가양동,서울특별시 강서구 양천로 431 (가양동),판매시설,판매시설,1017127401,지번,1,False
1150010300103390014,서울특별시 강서구 화곡동,서울특별시 강서구 강서로18길 33 (화곡동),근린생활2,제2종근린생활시설,101716268,지번,1,False
1150010300100980150,서울특별시 강서구 화곡동,서울특별시 강서구 까치산로 29 (화곡동),근린생활1,제1종근린생활시설,101717704,지번,1,False
1150010300103930016,서울특별시 강서구 화곡동,서울특별시 강서구 강서로18길 44 (화곡동),근린생활1,제1종근린생활시설,101715142,지번,1,False
1150010200107760000,서울특별시 강서구 등촌동,서울특별시 강서구 양천로 366 (등촌동),근린생활1,제1종근린생활시설,10171100208989,지번,1,False
1150010300108320001,서울특별시 강서구 화곡동,서울특별시 강서구 곰달래로49길 41 (화곡동),근린생활2,제2종근린생활시설,101715964,지번,1,False
1150010400101550003,서울특별시 강서구 가양동,서울특별시 강서구 양천로49길 16 (가양동),근린생활2,제2종근린생활시설,1017110954,지번,1,False
1150010300108980006,서울특별시 강서구 화곡동,서울특별시 강서구 곰달래로24길 19 (화곡동),근린생활1,제1종근린생활시설,1017114402,지번,1,False
1150010200106320006,서울특별시 강서구 등촌동,,근린생활2,제2종근린생활시설,10171100222539,지번,1,False
1150010300103910062,서울특별시 강서구 화곡동,서울특별시 강서구 곰달래로 147 (화곡동),근린생활2,제2종근린생활시설,1017110309,지번,1,False
1150010300107810004,서울특별시 강서구 화곡동,서울특별시 강서구 등촌로 19 (화곡동),근린생활2,제2종근린생활시설,1017121873,지번,1,False
1150010300101590039,서울특별시 강서구 화곡동,서울특별시 강서구 곰달래로 161 (화곡동),근린생활2,제2종근린생활시설,1017125924,지번,1,False
1150010300103590062,서울특별시 강서구 화곡동,서울특별시 강서구 강서로17길 130 (화곡동),근린생활1,제1종근린생활시설,1017123173,지번,1,False
1150010800100530001,서울특별시 강서구 공항동,서울특별시 강서구 공항대로 24 (공항동),근린생활2,제2종근린생활시설,1017125055,지번,1,False
1150010400100270001,서울특별시 강서구 가양동,서울특별시 강서구 양천로53길 93 (가양동),근린생활1,제1종근린생활시설,10171100236142,지번,1,False
1150010100102440035,서울특별시 강서구 염창동,서울특별시 강서구 양천로69길 11 (염창동),근린생활1,제1종근린생활시설,1017122486,지번,1,False
1150010800100450039,서울특별시 강서구 공항동,서울특별시 강서구 공항대로 23 (공항동),근린생활1,제1종근린생활시설,1017124453,지번,1,False
1150010300107770011,서울특별시 강서구 화곡동,서울특별시 강서구 등촌로5길 21 (화곡동),근린생활1,제1종근린생활시설,1017115306,지번,1,False
1150010700102760018,서울특별시 강서구 외발산동,서울특별시 강서구 남부순환로 162-23 (외발산동),근린생활1,제1종근린생활시설,101717897,지번,1,False
1150010300111000001,서울특별시 강서구 화곡동,서울특별시 강서구 화곡로59길 31 (화곡동),근린생활2,제2종근린생활시설,1017114688,지번,1,False
1150010200107540000,서울특별시 강서구 등촌동,,근린생활2,제2종근린생활시설,101718903,지번,1,False
1150010300103570033,서울특별시 강서구 화곡동,서울특별시 강서구 월정로 140 (화곡동),근린생활1,제1종근린생활시설,1017111674,지번,1,False
1150010300103580005,서울특별시 강서구 화곡동,서울특별시 강서구 강서로17길 131 (화곡동),근린생활2,제2종근린생활시설,1017115717,지번,1,False
1150010200106780000,서울특별시 강서구 등촌동,서울특별시 강서구 강서로56가길 47 (등촌동),근린생활2,제2종근린생활시설,1017116625,지번,1,False
1150010300108970020,서울특별시 강서구 화곡동,서울특별시 강서구 곰달래로 140-1 (화곡동),근린생활2,제2종근린생활시설,1017118935,지번,1,False
1150010300110630000,서울특별시 강서구 화곡동,서울특별시 강서구 화곡로27가길 2 (화곡동),근린생활1,제1종근린생활시설,1017123765,지번,1,False
1150010300111290004,서울특별시 강서구 화곡동,서울특별시 강서구 공항대로48길 49 (화곡동),근린생활1,제1종근린생활시설,1017128193,지번,1,False
1150010600107190005,서울특별시 강서구 내발산동,서울특별시 강서구 강서로 271 (내발산동),근린생활2,제2종근린생활시설,1017121473,지번,1,False
1150010300103430002,서울특별시 강서구 화곡동,서울특별시 강서구 강서로 49 (화곡동),근린생활1,제1종근린생활시설,1017114826,지번,1,False
1150010300103410065,서울특별시 강서구 화곡동,서울특별시 강서구 강서로 52 (화곡동),근린생활1,제1종근린생활시설,1017121576,지번,1,False
1150010200106550038,서울특별시 강서구 등촌동,서울특별시 강서구 공항대로 425 (등촌동),근린생활1,제1종근린생활시설,1017119654,지번,1,False
1150010200106970000,서울특별시 강서구 등촌동,서울특별시 강서구 공항대로41길 75 (등촌동),근린생활1,제1종근린생활시설,1017126171,지번,1,False
1150010400100140051,서울특별시 강서구 가양동,서울특별시 강서구 화곡로 429 (가양동),근린생활2,제2종근린생활시설,1017111636,지번,1,False
1150010300109180021,서울특별시 강서구 화곡동,서울특별시 강서구 곰달래로 104 (화곡동),근린생활1,제1종근린생활시설,1017115187,지번,1,False
1150010300103760002,서울특별시 강서구 화곡동,서울특별시 강서구 가로공원로72길 4 (화곡동),근린생활1,제1종근린생활시설,1017121219,지번,1,False
1150010200106630012,서울특별시 강서구 등촌동,서울특별시 강서구 화곡로61길 114 (등촌동),근린생활1,제1종근린생활시설,101715363,지번,1,False
1150010300111170007,서울특별시 강서구 화곡동,서울특별시 강서구 공항대로46길 90 (화곡동),근린생활2,제2종근린생활시설,101717733,지번,1,False
1150010600106500021,서울특별시 강서구 내발산동,서울특별시 강서구 강서로52길 88 (내발산동),근린생활1,제1종근린생활시설,1017111787,지번,1,False
1150010300109050004,서울특별시 강서구 화곡동,서울특별시 강서구 강서로5나길 20 (화곡동),근린생활2,제2종근린생활시설,1017113708,지번,1,False
1150010400114740000,서울특별시 강서구 가양동,서울특별시 강서구 허준로 121 (가양동),근린생활2,제2종근린생활시설,101715035,지번,8,False
1150010200106720004,서울특별시 강서구 등촌동,서울특별시 강서구 강서로54길 54 (등촌동),근린생활2,제2종근린생활시설,101715418,지번,1,False
1150010900105360017,서울특별시 강서구 방화동,서울특별시 강서구 양천로14가길 24 (방화동),근린생활1,제1종근린생활시설,101719933,지번,1,False
1150010300107930009,서울특별시 강서구 화곡동,서울특별시 강서구 곰달래로 236 (화곡동),근린생활2,제2종근린생활시설,1017114552,지번,1,False
1150010500112530000,서울특별시 강서구 마곡동,서울특별시 강서구 양천로26길 26 (마곡동),근린생활2,제2종근린생활시설,1017118508,지번,1,False
1150010400114580005,서울특별시 강서구 가양동,서울특별시 강서구 허준로 12 (가양동),근린생활2,제2종근린생활시설,101718919,지번,1,False
1150010900108540000,서울특별시 강서구 방화동,서울특별시 강서구 양천로6길 74 (방화동),근린생활2,제2종근린생활시설,1017120973,지번,1,False
1150010100102730003,서울특별시 강서구 염창동,서울특별시 강서구 공항대로63길 45 (염창동),근린생활1,제1종근린생활시설,1017121048,지번,1,False
1150010300111450000,서울특별시 강서구 화곡동,서울특별시 강서구 공항대로 382 (화곡동),근린생활1,제1종근린생활시설,10171901,지번,22,False
1150010100102500023,서울특별시 강서구 염창동,서울특별시 강서구 양천로 705 (염창동),근린생활1,제1종근린생활시설,1017127476,지번,1,False
1150010300103770010,서울특별시 강서구 화곡동,서울특별시 강서구 가로공원로 183 (화곡동),근린생활1,제1종근린생활시설,1017114272,지번,1,False
1150010900106460015,서울특별시 강서구 방화동,서울특별시 강서구 개화동로23길 78 (방화동),근린생활1,제1종근린생활시설,101718879,지번,1,False
1150010500113250000,서울특별시 강서구 마곡동,서울특별시 강서구 방화대로44길 24-14 (마곡동),근린생활2,제2종근린생활시설,1017110199,지번,1,False
1150010300111170011,서울특별시 강서구 화곡동,서울특별시 강서구 공항대로46길 96 (화곡동),근린생활2,제2종근린생활시설,1017121596,지번,1,False
1150010100102460014,서울특별시 강서구 염창동,서울특별시 강서구 양천로 661 (염창동),근린생활2,제2종근린생활시설,101716974,지번,1,False
1150010900102680006,서울특별시 강서구 방화동,서울특별시 강서구 양천로24길 43 (방화동),근린생활2,제2종근린생활시설,1017113834,지번,1,False
1150010300108490020,서울특별시 강서구 화곡동,서울특별시 강서구 곰달래로 198 (화곡동),근린생활2,제2종근린생활시설,1017118413,지번,1,False
1150010300111150006,서울특별시 강서구 화곡동,서울특별시 강서구 화곡로58길 17 (화곡동),근린생활2,제2종근린생활시설,1017116852,지번,1,False
1150010300108980001,서울특별시 강서구 화곡동,서울특별시 강서구 강서로 27 (화곡동),근린생활1,제1종근린생활시설,1017120115,지번,1,False
1150010300108790014,서울특별시 강서구 화곡동,서울특별시 강서구 강서로5라길 47 (화곡동),근린생활2,제2종근린생활시설,1017117554,지번,1,False
1150010600106660003,서울특별시 강서구 내발산동,서울특별시 강서구 우장산로 5 (내발산동),근린생활2,제2종근린생활시설,10171100218177,지번,1,False
1150010300110730006,서울특별시 강서구 화곡동,서울특별시 강서구 화곡로 136 (화곡동),근린생활1,제1종근린생활시설,1017120252,지번,1,False
1150010200105670019,서울특별시 강서구 등촌동,서울특별시 강서구 등촌로13길 20 (등촌동),근린생활1,제1종근린생활시설,1017119353,지번,1,False
1150010400114900000,서울특별시 강서구 가양동,서울특별시 강서구 허준로 234 (가양동),근린생활,공동주택,101713981,지번,8,True
1150010400114900000,서울특별시 강서구 가양동,서울특별시 강서구 허준로 234 (가양동),근린생활,공동주택,101713982,지번,8,True
1150010400114900000,서울특별시 강서구 가양동,서울특별시 강서구 허준로 234 (가양동),근린생활,근린생활시설,101713983,지번,8,True
1150010400114900000,서울특별시 강서구 가양동,서울특별시 강서구 허준로 234 (가양동),근린생활,공동주택,101713984,지번,8,True
1150010400114900000,서울특별시 강서구 가양동,서울특별시 강서구 허준로 234 (가양동),근린생활,공동주택,101713985,지번,8,True
1150010400114900000,서울특별시 강서구 가양동,서울특별시 강서구 허준로 234 (가양동),근린생활,공동주택,101713986,지번,8,True
1150010400114900000,서울특별시 강서구 가양동,서울특별시 강서구 허준로 234 (가양동),근린생활,공동주택,101713987,지번,8,True
1150010400114900000,서울특별시 강서구 가양동,서울특별시 강서구 허준로 234 (가양동),근린생활,교육연구시설,101713988,지번,8,True
1150010300100240252,서울특별시 강서구 화곡동,서울특별시 강서구 초록마을로4길 2 (화곡동),근린생활2,제2종근린생활시설,1017121656,지번,1,False
1150010300103540048,서울특별시 강서구 화곡동,서울특별시 강서구 강서로17길 74 (화곡동),근린생활2,제2종근린생활시설,1017122022,지번,1,False
1150010300103410029,서울특별시 강서구 화곡동,서울특별시 강서구 강서로16길 24 (화곡동),근린생활2,제2종근린생활시설,1017117100,지번,1,False
1150010100102820017,서울특별시 강서구 염창동,서울특별시 강서구 공항대로81길 3-5 (염창동),근린생활2,제2종근린생활시설,1017111882,지번,1,False
1150010300111170000,서울특별시 강서구 화곡동,서울특별시 강서구 화곡로58길 8 (화곡동),근린생활2,제2종근린생활시설,1017122299,지번,1,False
1150010300103320025,서울특별시 강서구 화곡동,서울특별시 강서구 강서로18다길 44 (화곡동),근린생활1,제1종근린생활시설,1017122918,지번,1,False
1150010400101350001,서울특별시 강서구 가양동,서울특별시 강서구 양천로51길 11 (가양동),근린생활2,제2종근린생활시설,101715743,지번,1,False
1150010300103570045,서울특별시 강서구 화곡동,서울특별시 강서구 월정로 128 (화곡동),근린생활1,제1종근린생활시설,1017123814,지번,1,False
1150010300109860022,서울특별시 강서구 화곡동,서울특별시 강서구 화곡로 281 (화곡동),근린생활1,제1종근린생활시설,1017116115,지번,1,False
1150010300111210011,서울특별시 강서구 화곡동,서울특별시 강서구 까치산로 163 (화곡동),근린생활2,제2종근린생활시설,1017125204,지번,1,False
1150010300111230011,서울특별시 강서구 화곡동,서울특별시 강서구 까치산로26길 7 (화곡동),근린생활1,제1종근린생활시설,1017126772,지번,1,False
1150011000104180226,서울특별시 강서구 개화동,서울특별시 강서구 개화동로7길 4-17 (개화동),근린생활1,제1종근린생활시설,1017127441,지번,1,False
1150010500101230000,서울특별시 강서구 마곡동,서울특별시 강서구 양천로 201 (마곡동),근린생활1,제1종근린생활시설,1000000000000003892713,지번,9,False
1150010500101230000,서울특별시 강서구 마곡동,서울특별시 강서구 양천로 201 (마곡동),근린생활1,제1종근린생활시설,10171100211499,지번,9,False
1150010500101230000,서울특별시 강서구 마곡동,,근린생활1,제2종근린생활시설,1017126064,지번,9,False
1150010300100240197,서울특별시 강서구 화곡동,서울특별시 강서구 초록마을로3길 14 (화곡동),근린생활2,제2종근린생활시설,101717630,지번,1,False
1150010300111180018,서울특별시 강서구 화곡동,서울특별시 강서구 화곡로56길 33 (화곡동),근린생활1,제1종근린생활시설,101717775,지번,1,False
1150010300103770039,서울특별시 강서구 화곡동,서울특별시 강서구 가로공원로 179 (화곡동),근린생활1,제1종근린생활시설,101718171,지번,1,False
1150010300103430057,서울특별시 강서구 화곡동,서울특별시 강서구 강서로 39 (화곡동),근린생활2,제2종근린생활시설,101719572,지번,1,False
1150010600106530000,서울특별시 강서구 내발산동,서울특별시 강서구 강서로 360 (내발산동),근린생활2,제2종근린생활시설,1017118451,지번,1,False
1150010100102440026,서울특별시 강서구 염창동,서울특별시 강서구 양천로 651 (염창동),근린생활1,제1종근린생활시설,1017126484,지번,1,False
1150010600106990000,서울특별시 강서구 내발산동,서울특별시 강서구 강서로47길 29 (내발산동),근린생활2,제2종근린생활시설,1017114836,지번,1,False
1150010300110570009,서울특별시 강서구 화곡동,서울특별시 강서구 화곡로31길 25 (화곡동),근린생활1,제1종근린생활시설,1017111379,지번,1,False
1150010600107180013,서울특별시 강서구 내발산동,서울특별시 강서구 강서로45나길 47 (내발산동),근린생활2,제2종근린생활시설,1017117606,지번,1,False
1150010300108370010,서울특별시 강서구 화곡동,서울특별시 강서구 곰달래로 225 (화곡동),근린생활2,제2종근린생활시설,1017120639,지번,1,False
1150010300111150011,서울특별시 강서구 화곡동,서울특별시 강서구 화곡로58길 35 (화곡동),근린생활2,제2종근린생활시설,1017120526,지번,1,False
1150010200106960000,서울특별시 강서구 등촌동,서울특별시 강서구 공항대로41길 51 (등촌동),근린생활1,제1종근린생활시설,1017111559,지번,1,False
1150010300108940017,서울특별시 강서구 화곡동,서울특별시 강서구 강서로 22 (화곡동),근린생활1,제1종근린생활시설,1017127810,지번,1,False
1150010300100980209,서울특별시 강서구 화곡동,서울특별시 강서구 화곡로32길 14 (화곡동),근린생활2,제2종근린생활시설,1017127030,지번,1,False
1150010300109060021,서울특별시 강서구 화곡동,서울특별시 강서구 강서로5나길 33 (화곡동),근린생활2,제2종근린생활시설,1017114415,지번,1,False
1150010900105590005,서울특별시 강서구 방화동,서울특별시 강서구 양천로14길 16 (방화동),근린생활2,제2종근린생활시설,1017111621,지번,1,False
1150010300108970015,서울특별시 강서구 화곡동,서울특별시 강서구 곰달래로 136 (화곡동),근린생활1,제1종근린생활시설,1017112001,지번,1,False
1150010500107230001,서울특별시 강서구 마곡동,서울특별시 강서구 강서로 375 (마곡동),근린생활1,제1종근린생활시설,1017112094,지번,1,False
1150010300100830017,서울특별시 강서구 화곡동,,근린생활2,제2종근린생활시설,1017120721,지번,1,False
1150010700102230004,서울특별시 강서구 외발산동,서울특별시 강서구 남부순환로19길 50 (외발산동),근린생활1,제1종근린생활시설,1017112746,지번,1,False
1150010300109380018,서울특별시 강서구 화곡동,서울특별시 강서구 곰달래로 52 (화곡동),근린생활1,제1종근린생활시설,1017128248,지번,1,False
1150010900104820020,서울특별시 강서구 방화동,서울특별시 강서구 금낭화로15길 27 (방화동),근린생활1,제1종근린생활시설,1017119714,지번,1,False
1150010300108790006,서울특별시 강서구 화곡동,서울특별시 강서구 곰달래로30길 26 (화곡동),근린생활1,제1종근린생활시설,1017114494,지번,1,False
1150010300108880018,서울특별시 강서구 화곡동,서울특별시 강서구 국회대로7길 201 (화곡동),근린생활1,제1종근린생활시설,10171100209109,지번,1,False
1150010900106140170,서울특별시 강서구 방화동,서울특별시 강서구 개화동로23길 104 (방화동),근린생활1,제1종근린생활시설,1017111820,지번,1,False
1150010300101100010,서울특별시 강서구 화곡동,서울특별시 강서구 화곡로 210 (화곡동),근린생활1,제1종근린생활시설,1017119991,지번,1,False
1150010300109350014,서울특별시 강서구 화곡동,서울특별시 강서구 강서로5나길 152 (화곡동),근린생활2,제2종근린생활시설,1017115866,지번,1,False
1150010300108010016,서울특별시 강서구 화곡동,서울특별시 강서구 곰달래로53길 30 (화곡동),근린생활2,제2종근린생활시설,1017119567,지번,1,False
1150010300110170006,서울특별시 강서구 화곡동,서울특별시 강서구 화곡로13길 90-35 (화곡동),근린생활2,제2종근린생활시설,1017126595,지번,1,False
1150010300109030016,서울특별시 강서구 화곡동,서울특별시 강서구 곰달래로24길 23 (화곡동),근린생활2,제2종근린생활시설,1017124315,지번,1,False
1150010300108830007,서울특별시 강서구 화곡동,서울특별시 강서구 강서로5라길 85 (화곡동),근린생활1,제1종근린생활시설,1017125579,지번,1,False
1150010900104870014,서울특별시 강서구 방화동,서울특별시 강서구 양천로11길 11 (방화동),근린생활1,제1종근린생활시설,1017116950,지번,1,False
1150010200106460002,서울특별시 강서구 등촌동,서울특별시 강서구 화곡로66길 194 (등촌동),근린생활1,제1종근린생활시설,1017117047,지번,1,False
1150010300109020001,서울특별시 강서구 화곡동,서울특별시 강서구 곰달래로24길 24 (화곡동),근린생활1,제1종근린생활시설,1017125693,지번,1,False
1150010800100110019,서울특별시 강서구 공항동,서울특별시 강서구 공항대로 65 (공항동),근린생활1,제1종근린생활시설,1017125537,지번,1,False
1150010300108880014,서울특별시 강서구 화곡동,서울특별시 강서구 국회대로7길 207 (화곡동),근린생활2,제1종근린생활시설,10171100259355,지번,2,False
1150010300108880014,서울특별시 강서구 화곡동,서울특별시 강서구 국회대로7길 207 (화곡동),근린생활2,제2종근린생활시설,1017126927,지번,2,False
1150010300107960002,서울특별시 강서구 화곡동,서울특별시 강서구 곰달래로58길 8 (화곡동),근린생활2,제2종근린생활시설,1017127459,지번,1,False
1150010300108420011,서울특별시 강서구 화곡동,서울특별시 강서구 곰달래로50길 33 (화곡동),근린생활1,제1종근린생활시설,101717222,지번,1,False
1150010300110520004,서울특별시 강서구 화곡동,서울특별시 강서구 강서로 186 (화곡동),근린생활2,제2종근린생활시설,1017127515,지번,1,False
1150010200106670001,서울특별시 강서구 등촌동,서울특별시 강서구 강서로56길 92 (등촌동),근린생활2,제2종근린생활시설,101715337,지번,1,False
1150010300111170002,서울특별시 강서구 화곡동,서울특별시 강서구 공항대로46길 82 (화곡동),근린생활2,제2종근린생활시설,1017120950,지번,1,False
1150010300103390023,서울특별시 강서구 화곡동,서울특별시 강서구 강서로18가길 4 (화곡동),근린생활2,제2종근린생활시설,1017114671,지번,1,False
1150010300109790022,서울특별시 강서구 화곡동,서울특별시 강서구 화곡로44나길 53 (화곡동),근린생활1,제1종근린생활시설,1017120510,지번,1,False
1150010300109280007,서울특별시 강서구 화곡동,서울특별시 강서구 강서로5나길 124 (화곡동),근린생활1,제1종근린생활시설,101715933,지번,1,False
1150010300108450042,서울특별시 강서구 화곡동,서울특별시 강서구 국회대로7길 66 (화곡동),근린생활1,제1종근린생활시설,101718339,지번,1,False
1150010400101510010,서울특별시 강서구 가양동,서울특별시 강서구 강서로 494 (가양동),근린생활2,제2종근린생활시설,1017128559,지번,1,False
1150010300109970001,서울특별시 강서구 화곡동,서울특별시 강서구 우장산로16길 26 (화곡동),근린생활2,제2종근린생활시설,1017112247,지번,1,False
1150010200106410007,서울특별시 강서구 등촌동,서울특별시 강서구 화곡로64길 67 (등촌동),근린생활2,제2종근린생활시설,10171100199925,지번,1,False
1150010900106140119,서울특별시 강서구 방화동,서울특별시 강서구 방화동로5길 33 (방화동),근린생활1,제1종근린생활시설,1017120173,지번,1,False
1150010100102800006,서울특별시 강서구 염창동,서울특별시 강서구 공항대로71길 5 (염창동),근린생활2,제2종근린생활시설,1017126516,지번,1,False
1150010900106070211,서울특별시 강서구 방화동,서울특별시 강서구 방화동로 70 (방화동),근린생활2,제2종근린생활시설,101716386,지번,1,False
1150010900106140172,서울특별시 강서구 방화동,서울특별시 강서구 개화동로23길 94 (방화동),근린생활2,제2종근린생활시설,101718910,지번,1,False
1150010300108520008,서울특별시 강서구 화곡동,서울특별시 강서구 국회대로7길 86 (화곡동),근린생활1,제1종근린생활시설,1017110708,지번,1,False
1150010200105270001,서울특별시 강서구 등촌동,서울특별시 강서구 등촌로53길 13 (등촌동),근린생활2,제2종근린생활시설,101716970,지번,1,False
1150010300103710065,서울특별시 강서구 화곡동,서울특별시 강서구 가로공원로76길 5 (화곡동),근린생활2,제2종근린생활시설,10171100249205,지번,1,False
1150010300109030003,서울특별시 강서구 화곡동,서울특별시 강서구 강서로 17 (화곡동),근린생활2,제2종근린생활시설,1017116542,지번,1,False
1150010300109690009,서울특별시 강서구 화곡동,서울특별시 강서구 까치산로 114 (화곡동),근린생활1,제1종근린생활시설,1017128255,지번,1,False
1150010300109680009,서울특별시 강서구 화곡동,서울특별시 강서구 까치산로20길 9 (화곡동),근린생활1,제1종근린생활시설,1017122180,지번,1,False
1150010300108480022,서울특별시 강서구 화곡동,서울특별시 강서구 곰달래로 218 (화곡동),근린생활1,제1종근린생활시설,1017123409,지번,1,False
1150010300108560039,서울특별시 강서구 화곡동,서울특별시 강서구 곰달래로38길 20 (화곡동),근린생활1,제1종근린생활시설,1017123446,지번,1,False
1150010300109340009,서울특별시 강서구 화곡동,서울특별시 강서구 강서로5나길 129 (화곡동),근린생활1,제1종근린생활시설,1017123838,지번,1,False
1150010300108450017,서울특별시 강서구 화곡동,서울특별시 강서구 국회대로7길 74 (화곡동),근린생활1,제1종근린생활시설,1017126034,지번,1,False
1150010300109230016,서울특별시 강서구 화곡동,서울특별시 강서구 월정로18길 32 (화곡동),근린생활1,제1종근린생활시설,101716911,지번,1,False
1150010300104090028,서울특별시 강서구 화곡동,서울특별시 강서구 초록마을로 156-3 (화곡동),근린생활2,제2종근린생활시설,1017128080,지번,1,False
1150010300108140004,서울특별시 강서구 화곡동,서울특별시 강서구 등촌로13길 55 (화곡동),근린생활1,제1종근린생활시설,101718524,지번,1,False
1150010300109800031,서울특별시 강서구 화곡동,서울특별시 강서구 까치산로 135 (화곡동),근린생활1,제1종근린생활시설,101718710,지번,1,False
1150010300103720019,서울특별시 강서구 화곡동,서울특별시 강서구 월정로32길 35 (화곡동),근린생활1,제1종근린생활시설,1017122876,지번,1,False
1150010300107800017,서울특별시 강서구 화곡동,서울특별시 강서구 곰달래로58길 7-14 (화곡동),근린생활1,제1종근린생활시설,1017115890,지번,1,False
1150010100100560002,서울특별시 강서구 염창동,서울특별시 강서구 양천로67길 96-20 (염창동),근린생활2,제2종근린생활시설,101712435,지번,2,False
1150010100100560002,서울특별시 강서구 염창동,서울특별시 강서구 양천로67길 96-14 (염창동),근린생활2,제2종근린생활시설,101712436,지번,2,False
1150010300111190012,서울특별시 강서구 화곡동,서울특별시 강서구 까치산로27길 28 (화곡동),근린생활2,제2종근린생활시설,1017113964,지번,1,False
1150010900105750029,서울특별시 강서구 방화동,서울특별시 강서구 방화동로16길 50 (방화동),근린생활1,제1종근린생활시설,1017121102,지번,1,False
1150010200106470088,서울특별시 강서구 등촌동,서울특별시 강서구 공항대로59다길 22 (등촌동),근린생활2,제2종근린생활시설,1017111473,지번,1,False
1150010300110600021,서울특별시 강서구 화곡동,서울특별시 강서구 화곡로 193 (화곡동),근린생활1,제1종근린생활시설,1017112421,지번,1,False
1150010300110630013,서울특별시 강서구 화곡동,서울특별시 강서구 화곡로 175 (화곡동),근린생활1,제1종근린생활시설,1017117553,지번,1,False
1150010300110710041,서울특별시 강서구 화곡동,서울특별시 강서구 화곡로18길 30-22 (화곡동),근린생활2,제2종근린생활시설,1017121416,지번,1,False
1150010200106670006,서울특별시 강서구 등촌동,서울특별시 강서구 강서로56길 106 (등촌동),근린생활1,제1종근린생활시설,1017120724,지번,1,False
1150010300111150001,서울특별시 강서구 화곡동,서울특별시 강서구 화곡로58길 19-9 (화곡동),근린생활2,제2종근린생활시설,1017125987,지번,1,False
1150010300103330007,서울특별시 강서구 화곡동,서울특별시 강서구 강서로18다길 25 (화곡동),근린생활1,제1종근린생활시설,1017128268,지번,1,False
1150010900104830004,서울특별시 강서구 방화동,서울특별시 강서구 금낭화로15길 9 (방화동),근린생활2,제2종근린생활시설,101715700,지번,1,False
1150010300107930012,서울특별시 강서구 화곡동,서울특별시 강서구 곰달래로 242 (화곡동),근린생활1,제1종근린생활시설,101716561,지번,1,False
1150010300110860026,서울특별시 강서구 화곡동,서울특별시 강서구 화곡로20길 42 (화곡동),근린생활1,제1종근린생활시설,101717241,지번,1,False
1150010300110670020,서울특별시 강서구 화곡동,서울특별시 강서구 화곡로 133 (화곡동),근린생활2,제2종근린생활시설,101718823,지번,1,False
1150010600106570000,서울특별시 강서구 내발산동,서울특별시 강서구 강서로 348 (내발산동),근린생활1,제1종근린생활시설,101711778,지번,42,False
1150010600106570000,서울특별시 강서구 내발산동,서울특별시 강서구 강서로 348 (내발산동),근린생활1,제1종근린생활시설,101711779,지번,42,False
1150010900104540013,서울특별시 강서구 방화동,서울특별시 강서구 금낭화로17길 3 (방화동),근린생활1,제1종근린생활시설,1017121465,지번,1,False
1150010900106460101,서울특별시 강서구 방화동,서울특별시 강서구 개화동로23길 35 (방화동),근린생활1,제1종근린생활시설,101714749,지번,1,False
1150010100100750008,서울특별시 강서구 염창동,서울특별시 강서구 양천로67길 99 (염창동),근린생활1,제1종근린생활시설,10171100202415,지번,1,False
1150010300109140021,서울특별시 강서구 화곡동,서울특별시 강서구 강서로5나길 68 (화곡동),근린생활2,제2종근린생활시설,101718183,지번,1,False
1150010900104810002,서울특별시 강서구 방화동,서울특별시 강서구 양천로11길 21 (방화동),근린생활2,제2종근린생활시설,101717765,지번,1,False
1150010900102490086,서울특별시 강서구 방화동,서울특별시 강서구 방화대로33길 54 (방화동),근린생활2,제2종근린생활시설,10171100200642,지번,1,False
1150010900102810065,서울특별시 강서구 방화동,서울특별시 강서구 양천로24가길 3 (방화동),근린생활1,제1종근린생활시설,1017120608,지번,1,False
1150010200100580001,서울특별시 강서구 등촌동,서울특별시 강서구 양천로 442 (등촌동),근린생활1,제1종근린생활시설,1017112316,지번,1,False
1150010300103910057,서울특별시 강서구 화곡동,서울특별시 강서구 곰달래로 153 (화곡동),근린생활2,제2종근린생활시설,1017115416,지번,1,False
1150010300109760001,서울특별시 강서구 화곡동,서울특별시 강서구 까치산로 119 (화곡동),근린생활1,제1종근린생활시설,101718251,지번,1,False
1150010300108910013,서울특별시 강서구 화곡동,서울특별시 강서구 국회대로7길 196 (화곡동),근린생활2,제2종근린생활시설,1017122317,지번,1,False
1150010300108880017,서울특별시 강서구 화곡동,서울특별시 강서구 국회대로7길 195 (화곡동),근린생활2,제2종근린생활시설,1017111437,지번,1,False
1150010300108910055,서울특별시 강서구 화곡동,서울특별시 강서구 강서로5라길 26-3 (화곡동),근린생활1,제1종근린생활시설,10171100203635,지번,1,False
1150010700102160020,서울특별시 강서구 외발산동,서울특별시 강서구 남부순환로19길 70 (외발산동),근린생활2,공동주택,10171100302872,지번,1,False
1150010300109570023,서울특별시 강서구 화곡동,서울특별시 강서구 까치산로 142 (화곡동),근린생활2,제2종근린생활시설,1017128723,지번,1,False
1150010300109810003,서울특별시 강서구 화곡동,서울특별시 강서구 화곡로 288 (화곡동),근린생활2,업무시설,10171100338532,지번,1,False
1150010300109810005,서울특별시 강서구 화곡동,서울특별시 강서구 화곡로 286-5 (화곡동),근린생활2,업무시설,10171100335212,지번,1,False
1150010300109790002,서울특별시 강서구 화곡동,서울특별시 강서구 화곡로52길 18 (화곡동),근린생활1,제1종근린생활시설,1017125133,지번,1,False
1150010600107160009,서울특별시 강서구 내발산동,서울특별시 강서구 강서로45라길 51 (내발산동),근린생활2,제2종근린생활시설,10171100207977,지번,1,False
1150010200107060000,서울특별시 강서구 등촌동,서울특별시 강서구 공항대로43길 46 (등촌동),근린생활1,제1종근린생활시설,10171945,지번,1,False
1150010300111050002,서울특별시 강서구 화곡동,서울특별시 강서구 화곡로 319 (화곡동),근린생활2,제2종근린생활시설,1017110100,지번,1,False
1150010300109800027,서울특별시 강서구 화곡동,서울특별시 강서구 화곡로 308 (화곡동),근린생활1,업무시설,10171100342792,지번,1,False
1150010300111040000,서울특별시 강서구 화곡동,서울특별시 강서구 우장산로 124 (화곡동),근린생활2,제2종근린생활시설,1017127299,지번,1,False
1150010300110980008,서울특별시 강서구 화곡동,서울특별시 강서구 우장산로15길 3 (화곡동),근린생활2,제2종근린생활시설,1017111255,지번,1,False
1150010300200220083,서울특별시 강서구 화곡동,서울특별시 강서구 초록마을로 107 (화곡동),근린생활1,제1종근린생활시설,10171100216719,지번,1,False
1150010300108910005,서울특별시 강서구 화곡동,서울특별시 강서구 국회대로7길 184 (화곡동),근린생활2,제2종근린생활시설,10171100206409,지번,1,False
1150010300108960001,서울특별시 강서구 화곡동,서울특별시 강서구 곰달래로 156-1 (화곡동),근린생활2,제2종근린생활시설,101712146,지번,2,False
1150010300109580006,서울특별시 강서구 화곡동,서울특별시 강서구 까치산로22길 15 (화곡동),근린생활2,제2종근린생활시설,1017113818,지번,1,False
1150010300108880016,서울특별시 강서구 화곡동,서울특별시 강서구 국회대로7길 193 (화곡동),근린생활1,제1종근린생활시설,1017115445,지번,1,False
1150010300109770007,서울특별시 강서구 화곡동,서울특별시 강서구 화곡로50길 45 (화곡동),근린생활1,제1종근린생활시설,1017116485,지번,1,False
1150010300108880004,서울특별시 강서구 화곡동,서울특별시 강서구 국회대로 141 (화곡동),근린생활1,제1종근린생활시설,10171100203670,지번,1,False
1150010300108880002,서울특별시 강서구 화곡동,서울특별시 강서구 국회대로 143-3 (화곡동),근린생활2,제2종근린생활시설,1017110981,지번,1,False
1150010300108720021,서울특별시 강서구 화곡동,서울특별시 강서구 곰달래로 167 (화곡동),근린생활1,제1종근린생활시설,1017111347,지번,1,False
1150010300101590037,서울특별시 강서구 화곡동,서울특별시 강서구 곰달래로 165 (화곡동),근린생활2,제2종근린생활시설,1017117491,지번,1,False
1150010300109770003,서울특별시 강서구 화곡동,서울특별시 강서구 까치산로 127 (화곡동),근린생활1,제1종근린생활시설,1017124765,지번,1,False
1150010300108810014,서울특별시 강서구 화곡동,서울특별시 강서구 국회대로7길 162 (화곡동),근린생활1,제1종근린생활시설,1017112823,지번,1,False
1150010300108870016,서울특별시 강서구 화곡동,서울특별시 강서구 국회대로 147 (화곡동),근린생활2,제2종근린생활시설,10171100198674,지번,1,False
1150010300100980017,서울특별시 강서구 화곡동,서울특별시 강서구 초록마을로2길 26 (화곡동),근린생활2,제2종근린생활시설,101716576,지번,1,False
1150010300108730014,서울특별시 강서구 화곡동,서울특별시 강서구 곰달래로 172 (화곡동),근린생활2,제2종근린생활시설,101718663,지번,1,False
1150010300108810012,서울특별시 강서구 화곡동,서울특별시 강서구 국회대로7길 156-3 (화곡동),근린생활1,제1종근린생활시설,101717140,지번,1,False
1150010300104510023,서울특별시 강서구 화곡동,서울특별시 강서구 곰달래로31다길 8 (화곡동),근린생활2,제2종근린생활시설,101716000,지번,1,False
1150010300108910009,서울특별시 강서구 화곡동,서울특별시 강서구 국회대로7길 190 (화곡동),근린생활1,제1종근린생활시설,1017124991,지번,1,False
1150010300108810013,서울특별시 강서구 화곡동,서울특별시 강서구 국회대로7길 160 (화곡동),근린생활2,제2종근린생활시설,1017125678,지번,1,False
1150010300108800014,서울특별시 강서구 화곡동,서울특별시 강서구 국회대로7길 182 (화곡동),근린생활2,제2종근린생활시설,101714539,지번,1,False
1150010300108810010,서울특별시 강서구 화곡동,서울특별시 강서구 국회대로7길 154 (화곡동),근린생활1,제1종근린생활시설,101716478,지번,1,False
1150010300108720022,서울특별시 강서구 화곡동,서울특별시 강서구 곰달래로31길 8 (화곡동),근린생활1,제2종근린생활시설,10171100358614,지번,1,False
1150010300108770016,서울특별시 강서구 화곡동,서울특별시 강서구 곰달래로 164-1 (화곡동),근린생활2,제2종근린생활시설,101714986,지번,1,False
1150010300108870006,서울특별시 강서구 화곡동,서울특별시 강서구 국회대로 145 (화곡동),근린생활1,제1종근린생활시설,10171100205048,지번,1,False
1150010300108870004,서울특별시 강서구 화곡동,서울특별시 강서구 국회대로 149 (화곡동),근린생활1,제1종근린생활시설,1017125333,지번,1,False
1150010300108720011,서울특별시 강서구 화곡동,서울특별시 강서구 곰달래로 173 (화곡동),근린생활1,제1종근린생활시설,1017112785,지번,1,False
1150010300100560094,서울특별시 강서구 화곡동,서울특별시 강서구 초록마을로 93-7 (화곡동),근린생활2,제2종근린생활시설,1017112916,지번,1,False
1150010300109580012,서울특별시 강서구 화곡동,서울특별시 강서구 까치산로 134 (화곡동),근린생활2,제2종근린생활시설,1017116247,지번,1,False
1150010300108800003,서울특별시 강서구 화곡동,서울특별시 강서구 국회대로7길 168 (화곡동),근린생활2,제2종근린생활시설,101714527,지번,1,False
1150010300108870002,서울특별시 강서구 화곡동,서울특별시 강서구 국회대로 151 (화곡동),근린생활2,제2종근린생활시설,10171100181645,지번,1,False
1150010300108810009,서울특별시 강서구 화곡동,서울특별시 강서구 국회대로7길 152 (화곡동),근린생활1,제1종근린생활시설,1017124136,지번,1,False
1150010300108770001,서울특별시 강서구 화곡동,서울특별시 강서구 곰달래로 166 (화곡동),근린생활1,제1종근린생활시설,101715068,지번,1,False
1150010300109580013,서울특별시 강서구 화곡동,서울특별시 강서구 까치산로 136 (화곡동),근린생활1,제1종근린생활시설,1017121539,지번,1,False
1150010300108790015,서울특별시 강서구 화곡동,서울특별시 강서구 강서로5라길 43 (화곡동),근린생활1,제1종근린생활시설,101715757,지번,1,False
1150010300109680001,서울특별시 강서구 화곡동,서울특별시 강서구 까치산로 132 (화곡동),근린생활1,제1종근린생활시설,1017124351,지번,1,False
1150010300109800013,서울특별시 강서구 화곡동,서울특별시 강서구 화곡로52길 33 (화곡동),근린생활1,제1종근린생활시설,1017110992,지번,1,False
1150010300109800009,서울특별시 강서구 화곡동,서울특별시 강서구 화곡로44나길 65 (화곡동),근린생활1,제1종근린생활시설,1017121502,지번,1,False
1150010300109680006,서울특별시 강서구 화곡동,서울특별시 강서구 까치산로20길 9-9 (화곡동),근린생활2,제2종근린생활시설,1017127310,지번,1,False
1150010300108720020,서울특별시 강서구 화곡동,서울특별시 강서구 곰달래로 169 (화곡동),근린생활2,제2종근린생활시설,1017120783,지번,1,False
1150010300108720012,서울특별시 강서구 화곡동,서울특별시 강서구 곰달래로 175 (화곡동),근린생활1,제1종근린생활시설,1017119855,지번,1,False
1150010300109770022,서울특별시 강서구 화곡동,서울특별시 강서구 까치산로 125 (화곡동),근린생활1,제1종근린생활시설,1017117120,지번,1,False
1150010300108770015,서울특별시 강서구 화곡동,서울특별시 강서구 곰달래로 164 (화곡동),근린생활2,제2종근린생활시설,1017121652,지번,1,False
1150010300108720037,서울특별시 강서구 화곡동,서울특별시 강서구 곰달래로31길 6 (화곡동),근린생활2,제2종근린생활시설,10171100358434,지번,1,False
1150010300109770001,서울특별시 강서구 화곡동,서울특별시 강서구 화곡로44나길 58 (화곡동),근린생활2,제2종근린생활시설,1017124604,지번,1,False
1150010300108960020,서울특별시 강서구 화곡동,서울특별시 강서구 곰달래로 156 (화곡동),근린생활2,제2종근린생활시설,101717227,지번,1,False
1150010300109770008,서울특별시 강서구 화곡동,서울특별시 강서구 화곡로44나길 48 (화곡동),근린생활1,제1종근린생활시설,1017125045,지번,1,False
1150010300108880003,서울특별시 강서구 화곡동,서울특별시 강서구 국회대로 143 (화곡동),근린생활1,제1종근린생활시설,1017112521,지번,1,False
1150010300109770015,서울특별시 강서구 화곡동,서울특별시 강서구 화곡로44나길 56 (화곡동),근린생활1,제1종근린생활시설,1017114106,지번,1,False
1150010300101590036,서울특별시 강서구 화곡동,서울특별시 강서구 곰달래로31길 3 (화곡동),근린생활2,제2종근린생활시설,1017123247,지번,1,False
1150010300104500008,서울특별시 강서구 화곡동,서울특별시 강서구 곰달래로31길 24 (화곡동),근린생활2,제2종근린생활시설,1017111928,지번,1,False
1150010300108730015,서울특별시 강서구 화곡동,서울특별시 강서구 곰달래로 174 (화곡동),근린생활2,제2종근린생활시설,1017112303,지번,1,False
1150010300109680017,서울특별시 강서구 화곡동,서울특별시 강서구 까치산로 130 (화곡동),근린생활1,공동주택,10171100313493,지번,1,False
1150010300109800011,서울특별시 강서구 화곡동,서울특별시 강서구 화곡로52길 39 (화곡동),근린생활2,제2종근린생활시설,1017118634,지번,1,False
1150010300108730012,서울특별시 강서구 화곡동,서울특별시 강서구 곰달래로 168 (화곡동),근린생활2,제2종근린생활시설,1017119421,지번,1,False
1150010300101590040,서울특별시 강서구 화곡동,서울특별시 강서구 곰달래로 159 (화곡동),근린생활1,제1종근린생활시설,1017123919,지번,1,False
1150010300108720024,서울특별시 강서구 화곡동,서울특별시 강서구 곰달래로31길 16 (화곡동),근린생활1,제1종근린생활시설,1017115609,지번,1,False
1150010300109660001,서울특별시 강서구 화곡동,서울특별시 강서구 까치산로20길 12 (화곡동),근린생활1,제1종근린생활시설,101714459,지번,1,False
1150010300108800010,서울특별시 강서구 화곡동,서울특별시 강서구 국회대로7길 176 (화곡동),근린생활1,제1종근린생활시설,1017118482,지번,1,False
1150010300108730013,서울특별시 강서구 화곡동,서울특별시 강서구 곰달래로 170 (화곡동),근린생활1,제1종근린생활시설,1017126426,지번,1,False
1150010300101590032,서울특별시 강서구 화곡동,서울특별시 강서구 곰달래로27길 6 (화곡동),근린생활2,제2종근린생활시설,1017110407,지번,1,False
1150010300108800008,서울특별시 강서구 화곡동,서울특별시 강서구 국회대로7길 174 (화곡동),근린생활2,제2종근린생활시설,1017120621,지번,1,False
1150010300109670018,서울특별시 강서구 화곡동,서울특별시 강서구 까치산로20길 9-6 (화곡동),근린생활1,제1종근린생활시설,1017114134,지번,1,False
1150010300200470016,서울특별시 강서구 화곡동,서울특별시 강서구 까치산로18길 62 (화곡동),근린생활1,제1종근린생활시설,101713571,지번,3,False
1150010300200470016,서울특별시 강서구 화곡동,서울특별시 강서구 까치산로18길 62 (화곡동),근린생활1,제1종근린생활시설,101713572,지번,3,False
1150010300104100246,서울특별시 강서구 화곡동,서울특별시 강서구 초록마을로 122 (화곡동),근린생활1,제1종근린생활시설,1017115562,지번,1,False
1150010300100560058,서울특별시 강서구 화곡동,서울특별시 강서구 초록마을로22길 8-5 (화곡동),근린생활1,제1종근린생활시설,1017113961,지번,1,False
1150010300100560059,서울특별시 강서구 화곡동,서울특별시 강서구 초록마을로22길 10 (화곡동),근린생활1,제1종근린생활시설,1017117817,지번,1,False
1150010300100560097,서울특별시 강서구 화곡동,서울특별시 강서구 초록마을로 93-5 (화곡동),근린생활2,제2종근린생활시설,1017117152,지번,1,False
1150010300103760008,서울특별시 강서구 화곡동,서울특별시 강서구 월정로 196 (화곡동),근린생활2,제2종근린생활시설,101715191,지번,1,False
1150010300101560005,서울특별시 강서구 화곡동,서울특별시 강서구 곰달래로31길 77 (화곡동),근린생활2,제2종근린생활시설,1017112505,지번,1,False
1150010300104020001,서울특별시 강서구 화곡동,서울특별시 강서구 강서로 151 (화곡동),근린생활1,제1종근린생활시설,1017119780,지번,1,False
1150010300109000020,서울특별시 강서구 화곡동,서울특별시 강서구 강서로7길 34-9 (화곡동),근린생활2,제2종근린생활시설,10171100206228,지번,1,False
1150010200106740002,서울특별시 강서구 등촌동,서울특별시 강서구 강서로54길 11 (등촌동),근린생활2,제2종근린생활시설,101713228,지번,2,False
1150010200106740002,서울특별시 강서구 등촌동,서울특별시 강서구 강서로54길 11 (등촌동),근린생활2,제2종근린생활시설,101713229,지번,2,False
1150010300109150002,서울특별시 강서구 화곡동,서울특별시 강서구 곰달래로22길 28 (화곡동),근린생활1,제1종근린생활시설,10171100205068,지번,1,False
1150010300109760002,서울특별시 강서구 화곡동,서울특별시 강서구 까치산로 117 (화곡동),근린생활2,제2종근린생활시설,1017125888,지번,1,False
1150010300104090248,서울특별시 강서구 화곡동,서울특별시 강서구 초록마을로 176 (화곡동),근린생활1,제1종근린생활시설,101714368,지번,4,False
1150010600107020016,서울특별시 강서구 내발산동,서울특별시 강서구 강서로 282 (내발산동),근린생활2,제2종근린생활시설,1017120029,지번,1,False
1150010600107060003,서울특별시 강서구 내발산동,서울특별시 강서구 강서로46길 51 (내발산동),근린생활1,제1종근린생활시설,1017113160,지번,1,False
1150010300103700077,서울특별시 강서구 화곡동,서울특별시 강서구 가로공원로76길 43 (화곡동),근린생활1,근린생활시설,101717081,지번,1,False
1150010300103420099,서울특별시 강서구 화곡동,서울특별시 강서구 곰달래로 143-2 (화곡동),근린생활1,제1종근린생활시설,1017127983,지번,1,False
1150010300109350013,서울특별시 강서구 화곡동,서울특별시 강서구 강서로5나길 148-3 (화곡동),근린생활2,제2종근린생활시설,101715912,지번,1,False
1150010300103700053,서울특별시 강서구 화곡동,서울특별시 강서구 가로공원로76길 43-1 (화곡동),근린생활1,제1종근린생활시설,101713431,지번,2,False
1150010300103700045,서울특별시 강서구 화곡동,서울특별시 강서구 가로공원로78길 52 (화곡동),근린생활2,제2종근린생활시설,1017126730,지번,1,False
1150010300103730045,서울특별시 강서구 화곡동,서울특별시 강서구 가로공원로76길 42 (화곡동),근린생활1,제1종근린생활시설,1017117872,지번,1,False
1150010300110670002,서울특별시 강서구 화곡동,서울특별시 강서구 강서로33길 77-4 (화곡동),근린생활2,제2종근린생활시설,1017127253,지번,1,False
1150010300103410077,서울특별시 강서구 화곡동,서울특별시 강서구 강서로12길 5-8 (화곡동),근린생활1,제1종근린생활시설,101713784,지번,2,False
1150010300110520003,서울특별시 강서구 화곡동,서울특별시 강서구 화곡로27길 37 (화곡동),근린생활2,제2종근린생활시설,10171100210308,지번,1,False
1150010300103720050,서울특별시 강서구 화곡동,서울특별시 강서구 가로공원로74길 23 (화곡동),근린생활1,제1종근린생활시설,1017112269,지번,1,False
1150010300109220008,서울특별시 강서구 화곡동,서울특별시 강서구 월정로18길 35-3 (화곡동),근린생활2,제2종근린생활시설,10171100208288,지번,1,False
1150010300108920018,서울특별시 강서구 화곡동,서울특별시 강서구 곰달래로26길 23 (화곡동),근린생활1,제1종근린생활시설,101716379,지번,1,False
1150010300100240141,서울특별시 강서구 화곡동,서울특별시 강서구 화곡로42가길 34 (화곡동),근린생활2,제2종근린생활시설,10171100196400,지번,1,False
1150010300100610105,서울특별시 강서구 화곡동,서울특별시 강서구 까치산로10길 36 (화곡동),근린생활2,제2종근린생활시설,10171100182244,지번,1,False
1150010300103660109,서울특별시 강서구 화곡동,서울특별시 강서구 가로공원로84길 66 (화곡동),근린생활2,제2종근린생활시설,1017126003,지번,1,False
1150010300103320012,서울특별시 강서구 화곡동,서울특별시 강서구 초록마을로 157 (화곡동),근린생활2,제2종근린생활시설,1017126874,지번,1,False
1150010300103460006,서울특별시 강서구 화곡동,서울특별시 강서구 강서로13길 8 (화곡동),근린생활2,공동주택,1000000000000001250782,지번,1,False
1150010300110090010,서울특별시 강서구 화곡동,서울특별시 강서구 강서로43길 32 (화곡동),근린생활1,제1종근린생활시설,10171100204248,지번,1,False
1150010300110070003,서울특별시 강서구 화곡동,서울특별시 강서구 강서로45가길 8 (화곡동),근린생활2,제2종근린생활시설,10171100209968,지번,1,False
1150010300110740006,서울특별시 강서구 화곡동,서울특별시 강서구 화곡로26가길 24 (화곡동),근린생활2,공동주택,10171100336755,지번,1,False
1150010300103850022,서울특별시 강서구 화곡동,서울특별시 강서구 강서로20길 25 (화곡동),근린생활2,제2종근린생활시설,10171100211033,지번,1,False
1150010300104010023,서울특별시 강서구 화곡동,서울특별시 강서구 화곡로26길 69 (화곡동),근린생활2,제2종근린생활시설,10171100207926,지번,1,False
1150010300103430017,서울특별시 강서구 화곡동,서울특별시 강서구 강서로13길 37 (화곡동),근린생활2,제2종근린생활시설,101716692,지번,1,False
1150010300110790012,서울특별시 강서구 화곡동,서울특별시 강서구 강서로31길 16 (화곡동),근린생활2,제2종근린생활시설,10171100208248,지번,1,False
1150010300100290178,서울특별시 강서구 화곡동,서울특별시 강서구 까치산로16길 20 (화곡동),근린생활2,제2종근린생활시설,10171100182053,지번,1,False
1150010600106870000,서울특별시 강서구 내발산동,서울특별시 강서구 강서로47길 73 (내발산동),근린생활,근린생활시설,1017127491,지번,1,False
1150010300101050535,서울특별시 강서구 화곡동,서울특별시 강서구 까치산로2길 72 (화곡동),근린생활1,제1종근린생활시설,101718878,지번,1,False
1150010300101050204,서울특별시 강서구 화곡동,서울특별시 강서구 까치산로4나길 53 (화곡동),근린생활2,제2종근린생활시설,1000000000000001767440,지번,1,False
1150010300100730071,서울특별시 강서구 화곡동,서울특별시 강서구 화곡로43길 20-16 (화곡동),근린생활2,제2종근린생활시설,1017124293,지번,1,False
1150010300109250021,서울특별시 강서구 화곡동,서울특별시 강서구 강서로7길 94 (화곡동),근린생활1,제1종근린생활시설,10171100203134,지번,1,False
1150010300103480024,서울특별시 강서구 화곡동,서울특별시 강서구 강서로15길 24-5 (화곡동),근린생활1,제1종근린생활시설,10171100208188,지번,1,False
1150010300110300019,서울특별시 강서구 화곡동,서울특별시 강서구 강서로36길 35 (화곡동),근린생활2,제2종근린생활시설,10171100205410,지번,1,False
1150010300101110049,서울특별시 강서구 화곡동,서울특별시 강서구 화곡로33길 5-15 (화곡동),근린생활2,제2종근린생활시설,101718781,지번,1,False
1150010300101110080,서울특별시 강서구 화곡동,서울특별시 강서구 화곡로35길 5 (화곡동),근린생활2,제2종근린생활시설,10171100207488,지번,1,False
1150010300104010015,서울특별시 강서구 화곡동,서울특별시 강서구 강서로 133 (화곡동),근린생활2,제2종근린생활시설,1017113553,지번,1,False
1150010300110560031,서울특별시 강서구 화곡동,서울특별시 강서구 강서로34길 35 (화곡동),근린생활2,제2종근린생활시설,1017128588,지번,1,False
1150010300100460389,서울특별시 강서구 화곡동,서울특별시 강서구 까치산로12길 14-4 (화곡동),근린생활2,제2종근린생활시설,1017113116,지번,1,False
1150010300100610154,서울특별시 강서구 화곡동,서울특별시 강서구 까치산로10길 59 (화곡동),근린생활2,제2종근린생활시설,1017110569,지번,1,False
1150010300100610097,서울특별시 강서구 화곡동,서울특별시 강서구 초록마을로6길 30 (화곡동),근린생활2,제2종근린생활시설,101716171,지번,1,False
1150010300110090015,서울특별시 강서구 화곡동,서울특별시 강서구 강서로43길 42 (화곡동),근린생활1,제2종근린생활시설,10171100354614,지번,1,False
1150010600107140005,서울특별시 강서구 내발산동,서울특별시 강서구 강서로45길 73 (내발산동),근린생활2,제2종근린생활시설,101719165,지번,1,False
1150010300100610176,서울특별시 강서구 화곡동,서울특별시 강서구 까치산로10길 24 (화곡동),근린생활1,제1종근린생활시설,1017115010,지번,1,False
1150010300100980084,서울특별시 강서구 화곡동,서울특별시 강서구 까치산로4길 15 (화곡동),근린생활1,제1종근린생활시설,1017118701,지번,1,False
1150010300110170031,서울특별시 강서구 화곡동,서울특별시 강서구 화곡로13길 98-50 (화곡동),근린생활2,제2종근린생활시설,10171100211188,지번,1,False
1150010300100510033,서울특별시 강서구 화곡동,서울특별시 강서구 초록마을로 43-10 (화곡동),근린생활2,제2종근린생활시설,1017110472,지번,1,False
1150010300103370004,서울특별시 강서구 화곡동,서울특별시 강서구 강서로18가길 39 (화곡동),근린생활2,제2종근린생활시설,10171100210218,지번,1,False
1150010300103770052,서울특별시 강서구 화곡동,서울특별시 강서구 화곡로14길 27-1 (화곡동),근린생활2,제2종근린생활시설,1017110300,지번,1,False
1150010300100240272,서울특별시 강서구 화곡동,서울특별시 강서구 까치산로 62-13 (화곡동),근린생활2,공동주택,10171100295672,지번,1,False
1150010300100240166,서울특별시 강서구 화곡동,서울특별시 강서구 까치산로12길 7-19 (화곡동),근린생활1,제2종근린생활시설,101711768,지번,2,False
1150010300100240166,서울특별시 강서구 화곡동,서울특별시 강서구 까치산로12길 7-19 (화곡동),근린생활1,제1종근린생활시설,101711769,지번,2,False
1150010300110680023,서울특별시 강서구 화곡동,서울특별시 강서구 화곡로 119 (화곡동),근린생활2,제2종근린생활시설,1017127472,지번,1,False
1150010300110750044,서울특별시 강서구 화곡동,서울특별시 강서구 화곡로26길 23 (화곡동),근린생활2,제2종근린생활시설,1017111167,지번,1,False
1150010300110630002,서울특별시 강서구 화곡동,서울특별시 강서구 화곡로27가길 6 (화곡동),근린생활2,업무시설,1000000000000001349577,지번,1,False
1150010300110320005,서울특별시 강서구 화곡동,서울특별시 강서구 강서로33가길 50 (화곡동),근린생활1,제1종근린생활시설,101719756,지번,1,False
1150010300110490037,서울특별시 강서구 화곡동,서울특별시 강서구 화곡로25길 25 (화곡동),근린생활1,제1종근린생활시설,101716572,지번,1,False
1150010300103680028,서울특별시 강서구 화곡동,서울특별시 강서구 가로공원로80길 13 (화곡동),근린생활1,제1종근린생활시설,1017122074,지번,1,False
1150010300110470046,서울특별시 강서구 화곡동,서울특별시 강서구 강서로33길 64 (화곡동),근린생활2,제2종근린생활시설,101714818,지번,1,False
1150010300110740031,서울특별시 강서구 화곡동,서울특별시 강서구 화곡로26길 6 (화곡동),근린생활2,제2종근린생활시설,1017119633,지번,1,False
1150010300110490044,서울특별시 강서구 화곡동,서울특별시 강서구 화곡로25길 13 (화곡동),근린생활1,제1종근린생활시설,1017122585,지번,1,False
1150010300109060004,서울특별시 강서구 화곡동,서울특별시 강서구 강서로5다길 14 (화곡동),근린생활2,제2종근린생활시설,10171100207619,지번,1,False
1150010300110650004,서울특별시 강서구 화곡동,서울특별시 강서구 강서로33길 23 (화곡동),근린생활2,공동주택,10171100328512,지번,1,False
1150010300110190004,서울특별시 강서구 화곡동,서울특별시 강서구 강서로41길 38 (화곡동),근린생활1,제1종근린생활시설,1017119337,지번,1,False
1150010300103530063,서울특별시 강서구 화곡동,서울특별시 강서구 강서로17다길 24 (화곡동),근린생활2,제2종근린생활시설,1017115757,지번,1,False
1150010300101430011,서울특별시 강서구 화곡동,서울특별시 강서구 화곡로 186-22 (화곡동),근린생활1,공동주택,10171100297032,지번,1,False
1150010300103440010,서울특별시 강서구 화곡동,서울특별시 강서구 곰달래로 107-1 (화곡동),근린생활1,제1종근린생활시설,1017119541,지번,1,False
1150010300103450011,서울특별시 강서구 화곡동,서울특별시 강서구 곰달래로 99 (화곡동),근린생활2,제2종근린생활시설,1017124888,지번,1,False
1150010300110770002,서울특별시 강서구 화곡동,서울특별시 강서구 강서로31길 7 (화곡동),근린생활2,제2종근린생활시설,101715908,지번,1,False
1150010300110630011,서울특별시 강서구 화곡동,서울특별시 강서구 화곡로 181 (화곡동),근린생활1,제1종근린생활시설,1017116684,지번,1,False
1150010600107200010,서울특별시 강서구 내발산동,서울특별시 강서구 강서로 263-27 (내발산동),근린생활1,제1종근린생활시설,101714377,지번,1,False
1150010300100530010,서울특별시 강서구 화곡동,서울특별시 강서구 초록마을로 37 (화곡동),근린생활1,제2종근린생활시설,10171100358394,지번,1,False
1150010300103930001,서울특별시 강서구 화곡동,서울특별시 강서구 강서로18길 52 (화곡동),근린생활2,제2종근린생활시설,1017128831,지번,1,False
1150010300104070002,서울특별시 강서구 화곡동,서울특별시 강서구 초록마을로37길 3 (화곡동),근린생활1,제1종근린생활시설,1017123804,지번,1,False
1150010300103670035,서울특별시 강서구 화곡동,서울특별시 강서구 가로공원로 232 (화곡동),근린생활2,제2종근린생활시설,1017117664,지번,1,False
1150010300103470004,서울특별시 강서구 화곡동,서울특별시 강서구 강서로17길 45 (화곡동),근린생활2,제2종근린생활시설,101719467,지번,1,False
1150010300110750039,서울특별시 강서구 화곡동,서울특별시 강서구 강서로 155 (화곡동),근린생활1,제1종근린생활시설,1017121046,지번,1,False
1150010300109180020,서울특별시 강서구 화곡동,서울특별시 강서구 곰달래로22길 7 (화곡동),근린생활2,제2종근린생활시설,10171100204706,지번,1,False
1150010300104040004,서울특별시 강서구 화곡동,서울특별시 강서구 강서로 136 (화곡동),근린생활2,제2종근린생활시설,1017128584,지번,1,False
1150010300200600001,서울특별시 강서구 화곡동,서울특별시 강서구 우장산로10길 112 (화곡동),근린생활1,제1종근린생활시설,10171100216721,지번,11,False
1150010300104010016,서울특별시 강서구 화곡동,서울특별시 강서구 강서로 131 (화곡동),근린생활2,제2종근린생활시설,1017117252,지번,1,False
1150010300110780001,서울특별시 강서구 화곡동,서울특별시 강서구 화곡로24길 43 (화곡동),근린생활2,제2종근린생활시설,1017127387,지번,1,False
1150010300110860013,서울특별시 강서구 화곡동,서울특별시 강서구 화곡로20길 34-13 (화곡동),근린생활1,제1종근린생활시설,1017128099,지번,1,False
1150010300104000066,서울특별시 강서구 화곡동,서울특별시 강서구 화곡로24길 53 (화곡동),근린생활2,제2종근린생활시설,1017115828,지번,1,False
1150010300100240200,서울특별시 강서구 화곡동,서울특별시 강서구 초록마을로 15 (화곡동),근린생활2,공동주택,10171100359014,지번,1,False
1150010600107480005,서울특별시 강서구 내발산동,서울특별시 강서구 수명로2길 46 (내발산동),근린생활1,제1종근린생활시설,101717561,지번,1,False
1150010300104250008,서울특별시 강서구 화곡동,서울특별시 강서구 곰달래로 85 (화곡동),근린생활1,제1종근린생활시설,1017115755,지번,1,False
1150010300109820009,서울특별시 강서구 화곡동,서울특별시 강서구 화곡로 280 (화곡동),근린생활2,제2종근린생활시설,1017114910,지번,1,False
1150010300103580003,서울특별시 강서구 화곡동,서울특별시 강서구 강서로17길 137 (화곡동),근린생활2,제2종근린생활시설,1017116524,지번,1,False
1150010300110670018,서울특별시 강서구 화곡동,서울특별시 강서구 화곡로21길 7 (화곡동),근린생활2,제2종근린생활시설,1017113748,지번,1,False
1150010300110700010,서울특별시 강서구 화곡동,서울특별시 강서구 화곡로 118-1 (화곡동),근린생활2,제2종근린생활시설,101718327,지번,1,False
1150010300110060007,서울특별시 강서구 화곡동,서울특별시 강서구 강서로45가길 11 (화곡동),근린생활2,제2종근린생활시설,1017114214,지번,1,False
1150010300103710020,서울특별시 강서구 화곡동,서울특별시 강서구 가로공원로 202 (화곡동),근린생활1,제1종근린생활시설,1017120474,지번,1,False
1150010300103530055,서울특별시 강서구 화곡동,서울특별시 강서구 강서로17길 62 (화곡동),근린생활1,제2종근린생활시설,10171100303372,지번,1,False
1150010300109700001,서울특별시 강서구 화곡동,서울특별시 강서구 까치산로18길 8 (화곡동),근린생활1,제1종근린생활시설,1017115212,지번,1,False
1150010300100610107,서울특별시 강서구 화곡동,서울특별시 강서구 초록마을로 36-11 (화곡동),근린생활1,제1종근린생활시설,1017118025,지번,1,False
1150010300100240275,서울특별시 강서구 화곡동,서울특별시 강서구 초록마을로5길 25 (화곡동),근린생활1,공동주택,10171100306332,지번,1,False
1150010300103710066,서울특별시 강서구 화곡동,서울특별시 강서구 가로공원로 192 (화곡동),근린생활2,제2종근린생활시설,1017111169,지번,1,False
1150010300103980026,서울특별시 강서구 화곡동,서울특별시 강서구 강서로18길 41 (화곡동),근린생활2,제2종근린생활시설,101716697,지번,1,False
1150010300110310008,서울특별시 강서구 화곡동,서울특별시 강서구 강서로 194-9 (화곡동),근린생활2,제2종근린생활시설,1017121343,지번,1,False
1150010300110530005,서울특별시 강서구 화곡동,서울특별시 강서구 화곡로27길 26 (화곡동),근린생활1,제1종근린생활시설,1017126612,지번,1,False
1150010300103480025,서울특별시 강서구 화곡동,서울특별시 강서구 강서로17길 31 (화곡동),근린생활1,제1종근린생활시설,101716222,지번,1,False
1150010600107180018,서울특별시 강서구 내발산동,서울특별시 강서구 강서로45나길 39 (내발산동),근린생활1,공동주택,10171100330452,지번,1,False
1150010300110600024,서울특별시 강서구 화곡동,서울특별시 강서구 화곡로27가길 32 (화곡동),근린생활1,제1종근린생활시설,1017128347,지번,1,False
1150010300110640004,서울특별시 강서구 화곡동,서울특별시 강서구 화곡로 173 (화곡동),근린생활1,제1종근린생활시설,1017123028,지번,1,False
1150010300103540123,서울특별시 강서구 화곡동,서울특별시 강서구 가로공원로76가길 48 (화곡동),근린생활1,제1종근린생활시설,101714787,지번,1,False
1150010300108940018,서울특별시 강서구 화곡동,서울특별시 강서구 강서로 24 (화곡동),근린생활2,제2종근린생활시설,101718196,지번,1,False
1150010300110680022,서울특별시 강서구 화곡동,서울특별시 강서구 화곡로 121 (화곡동),근린생활2,제2종근린생활시설,1017119448,지번,1,False
1150010300103720042,서울특별시 강서구 화곡동,서울특별시 강서구 가로공원로 184-2 (화곡동),근린생활1,제2종근린생활시설,1017126679,지번,1,False
1150010300110860000,서울특별시 강서구 화곡동,서울특별시 강서구 화곡로18길 23 (화곡동),근린생활1,제1종근린생활시설,101717591,지번,1,False
1150010300103930029,서울특별시 강서구 화곡동,서울특별시 강서구 강서로18길 42 (화곡동),근린생활1,제1종근린생활시설,1017127841,지번,1,False
1150010300104240051,서울특별시 강서구 화곡동,서울특별시 강서구 강서로15길 95 (화곡동),근린생활1,제1종근린생활시설,101718563,지번,1,False
1150010300110670000,서울특별시 강서구 화곡동,서울특별시 강서구 화곡로17길 10 (화곡동),근린생활1,제1종근린생활시설,1017122412,지번,1,False
1150010300103700007,서울특별시 강서구 화곡동,서울특별시 강서구 월정로32길 48 (화곡동),근린생활1,제1종근린생활시설,1017114734,지번,1,False
1150010300110060013,서울특별시 강서구 화곡동,서울특별시 강서구 강서로45가길 19 (화곡동),근린생활1,제1종근린생활시설,1017123087,지번,1,False
1150010300100980257,서울특별시 강서구 화곡동,서울특별시 강서구 화곡로32길 18 (화곡동),근린생활1,제1종근린생활시설,1017128313,지번,1,False
1150010300100950004,서울특별시 강서구 화곡동,서울특별시 강서구 화곡로 233 (화곡동),근린생활1,제1종근린생활시설,1017124541,지번,1,False
1150010300101090033,서울특별시 강서구 화곡동,서울특별시 강서구 화곡로 198 (화곡동),근린생활1,제1종근린생활시설,1017113285,지번,1,False
1150010300101050366,서울특별시 강서구 화곡동,서울특별시 강서구 화곡로 186-42 (화곡동),근린생활1,제1종근린생활시설,1017110872,지번,1,False
1150010300104220004,서울특별시 강서구 화곡동,서울특별시 강서구 곰달래로19길 44 (화곡동),근린생활1,제1종근린생활시설,101715301,지번,1,False
1150010300109130005,서울특별시 강서구 화곡동,서울특별시 강서구 강서로5나길 88 (화곡동),근린생활2,제2종근린생활시설,1017114323,지번,1,False
1150010300101110067,서울특별시 강서구 화곡동,서울특별시 강서구 화곡로 227 (화곡동),근린생활2,제2종근린생활시설,101717960,지번,1,False
1150010300110240012,서울특별시 강서구 화곡동,서울특별시 강서구 강서로33가길 68 (화곡동),근린생활1,제1종근린생활시설,1017124060,지번,1,False
1150010300110060011,서울특별시 강서구 화곡동,서울특별시 강서구 강서로45가길 15 (화곡동),근린생활2,제2종근린생활시설,1017119917,지번,1,False
1150010300110510027,서울특별시 강서구 화곡동,서울특별시 강서구 강서로 179 (화곡동),근린생활1,제1종근린생활시설,10171100353515,지번,1,False
1150010300100530009,서울특별시 강서구 화곡동,서울특별시 강서구 초록마을로 39 (화곡동),근린생활1,제1종근린생활시설,101719703,지번,1,False
1150010300110530004,서울특별시 강서구 화곡동,서울특별시 강서구 화곡로27길 30 (화곡동),근린생활1,제1종근린생활시설,101717279,지번,1,False
1150010300101050397,서울특별시 강서구 화곡동,서울특별시 강서구 까치산로 15-1 (화곡동),근린생활1,제1종근린생활시설,1017126468,지번,1,False
1150010600107170024,서울특별시 강서구 내발산동,서울특별시 강서구 강서로 263-24 (내발산동),근린생활1,제1종근린생활시설,1017126742,지번,1,False
1150010300201620001,서울특별시 강서구 화곡동,서울특별시 강서구 까치산로2길 95 (화곡동),근린생활1,제1종근린생활시설,1017123160,지번,1,False
1150010300103510038,서울특별시 강서구 화곡동,서울특별시 강서구 강서로17가길 45 (화곡동),근린생활1,제1종근린생활시설,1017117053,지번,1,False
1150010300100980234,서울특별시 강서구 화곡동,서울특별시 강서구 까치산로 25-8 (화곡동),근린생활1,제1종근린생활시설,1017118814,지번,1,False
1150010300109100032,서울특별시 강서구 화곡동,서울특별시 강서구 강서로5나길 55 (화곡동),근린생활1,제1종근린생활시설,1017115163,지번,1,False
1150010300101050006,서울특별시 강서구 화곡동,서울특별시 강서구 까치산로 30 (화곡동),근린생활1,제1종근린생활시설,1017128563,지번,1,False
1150010300110210004,서울특별시 강서구 화곡동,서울특별시 강서구 강서로39길 30 (화곡동),근린생활1,제1종근린생활시설,1017118650,지번,1,False
1150010300103720078,서울특별시 강서구 화곡동,서울특별시 강서구 가로공원로 178 (화곡동),근린생활1,제1종근린생활시설,1017113634,지번,1,False
1150010300110710028,서울특별시 강서구 화곡동,서울특별시 강서구 화곡로18길 18-2 (화곡동),근린생활1,제1종근린생활시설,1017121947,지번,1,False
1150010300110450002,서울특별시 강서구 화곡동,서울특별시 강서구 화곡로15길 34 (화곡동),근린생활1,제1종근린생활시설,101716846,지번,1,False
1150010300110320025,서울특별시 강서구 화곡동,서울특별시 강서구 강서로 201 (화곡동),근린생활2,제2종근린생활시설,1017118575,지번,1,False
1150010600107230009,서울특별시 강서구 내발산동,서울특별시 강서구 강서로 251 (내발산동),근린생활1,제1종근린생활시설,1017119146,지번,1,False
1150010300110240000,서울특별시 강서구 화곡동,서울특별시 강서구 강서로 221 (화곡동),근린생활2,제2종근린생활시설,1017119632,지번,1,False
1150010300110060002,서울특별시 강서구 화곡동,서울특별시 강서구 강서로 247 (화곡동),근린생활1,제1종근린생활시설,1017124501,지번,1,False
1150010900101200000,서울특별시 강서구 방화동,서울특별시 강서구 양천로27길 167 (방화동),근린생활2,제2종근린생활시설,10171100201593,지번,1,False
1150010300100980091,서울특별시 강서구 화곡동,서울특별시 강서구 까치산로4길 37 (화곡동),근린생활1,제1종근린생활시설,1017118123,지번,1,False
1150010300101050064,서울특별시 강서구 화곡동,서울특별시 강서구 까치산로 28 (화곡동),근린생활2,제2종근린생활시설,1017115180,지번,1,False
1150010300110740024,서울특별시 강서구 화곡동,서울특별시 강서구 화곡로 160 (화곡동),근린생활2,제2종근린생활시설,1017113952,지번,1,False
1150010300103530095,서울특별시 강서구 화곡동,서울특별시 강서구 강서로17길 52 (화곡동),근린생활2,제2종근린생활시설,1017116925,지번,1,False
1150010300100260024,서울특별시 강서구 화곡동,서울특별시 강서구 화곡로42나길 6-13 (화곡동),근린생활2,제2종근린생활시설,10171100206748,지번,1,False
1150010300104210001,서울특별시 강서구 화곡동,서울특별시 강서구 강서로17길 85 (화곡동),근린생활2,제2종근린생활시설,1017113354,지번,1,False
1150010300100980253,서울특별시 강서구 화곡동,서울특별시 강서구 까치산로4길 34 (화곡동),근린생활1,제1종근린생활시설,1017127478,지번,1,False
1150010300100840003,서울특별시 강서구 화곡동,서울특별시 강서구 우현로 13 (화곡동),근린생활2,제2종근린생활시설,1017110015,지번,1,False
1150010300103510063,서울특별시 강서구 화곡동,서울특별시 강서구 강서로17가길 43 (화곡동),근린생활1,제1종근린생활시설,1017118639,지번,1,False
1150010300110750000,서울특별시 강서구 화곡동,서울특별시 강서구 화곡로 164 (화곡동),근린생활2,제2종근린생활시설,101718007,지번,1,False
1150010300101020013,서울특별시 강서구 화곡동,서울특별시 강서구 까치산로4길 67-5 (화곡동),근린생활1,제1종근린생활시설,101717642,지번,1,False
1150010300103470007,서울특별시 강서구 화곡동,서울특별시 강서구 강서로17길 35 (화곡동),근린생활2,제2종근린생활시설,101714574,지번,1,False
1150010300104080049,서울특별시 강서구 화곡동,서울특별시 강서구 초록마을로34길 35 (화곡동),근린생활2,제2종근린생활시설,1017119081,지번,3,False
1150010300100560451,서울특별시 강서구 화곡동,서울특별시 강서구 초록마을로8길 82 (화곡동),근린생활1,제1종근린생활시설,101715330,지번,1,False
1150010300103670063,서울특별시 강서구 화곡동,서울특별시 강서구 가로공원로 240 (화곡동),근린생활2,제2종근린생활시설,1017120104,지번,1,False
1150010300101110054,서울특별시 강서구 화곡동,서울특별시 강서구 화곡로33길 4 (화곡동),근린생활1,제1종근린생활시설,101715804,지번,1,False
1150010300100980175,서울특별시 강서구 화곡동,서울특별시 강서구 까치산로 45 (화곡동),근린생활1,제1종근린생활시설,1017116804,지번,1,False
1150010300100700060,서울특별시 강서구 화곡동,서울특별시 강서구 초록마을로 10-1 (화곡동),근린생활1,제1종근린생활시설,1017114666,지번,1,False
1150010300110240009,서울특별시 강서구 화곡동,서울특별시 강서구 강서로 211 (화곡동),근린생활1,제1종근린생활시설,10171100355614,지번,1,False
1150010300103720014,서울특별시 강서구 화곡동,서울특별시 강서구 가로공원로76길 22 (화곡동),근린생활1,제1종근린생활시설,1017113568,지번,1,False
1150010300103490023,서울특별시 강서구 화곡동,서울특별시 강서구 강서로17길 20 (화곡동),근린생활1,제1종근린생활시설,1017125684,지번,1,False
1150010300100240280,서울특별시 강서구 화곡동,서울특별시 강서구 초록마을로 25-6 (화곡동),근린생활2,제2종근린생활시설,1017125492,지번,1,False
1150010300103430051,서울특별시 강서구 화곡동,서울특별시 강서구 강서로 45 (화곡동),근린생활1,제1종근린생활시설,1017115476,지번,1,False
1150010300110760016,서울특별시 강서구 화곡동,서울특별시 강서구 강서로 158 (화곡동),근린생활2,제2종근린생활시설,1017111085,지번,1,False
1150010300101050061,서울특별시 강서구 화곡동,서울특별시 강서구 까치산로 22 (화곡동),근린생활1,제1종근린생활시설,1017127292,지번,1,False
1150010300100980060,서울특별시 강서구 화곡동,서울특별시 강서구 까치산로4길 3 (화곡동),판매시설,판매시설,1017114327,지번,1,False
1150010300110060010,서울특별시 강서구 화곡동,서울특별시 강서구 강서로 239 (화곡동),근린생활1,제1종근린생활시설,101719713,지번,1,False
1150010300103790025,서울특별시 강서구 화곡동,서울특별시 강서구 가로공원로 203 (화곡동),근린생활1,제1종근린생활시설,1017117290,지번,1,False
1150010300110320023,서울특별시 강서구 화곡동,서울특별시 강서구 강서로 199 (화곡동),근린생활1,제1종근린생활시설,1017116659,지번,1,False
1150010300110610013,서울특별시 강서구 화곡동,서울특별시 강서구 화곡로27가길 41 (화곡동),근린생활1,제1종근린생활시설,1017121622,지번,1,False
1150010300110600006,서울특별시 강서구 화곡동,서울특별시 강서구 화곡로 197 (화곡동),근린생활1,제1종근린생활시설,1017123135,지번,1,False
1150010300100610032,서울특별시 강서구 화곡동,서울특별시 강서구 까치산로8길 11 (화곡동),근린생활1,제1종근린생활시설,1017119573,지번,1,False
1150010300110600037,서울특별시 강서구 화곡동,서울특별시 강서구 화곡로29길 4 (화곡동),근린생활2,제2종근린생활시설,1017126955,지번,1,False
1150010300104010001,서울특별시 강서구 화곡동,서울특별시 강서구 강서로 145 (화곡동),근린생활2,공동주택,10171100346672,지번,1,False
1150010300110600017,서울특별시 강서구 화곡동,서울특별시 강서구 화곡로 195 (화곡동),근린생활2,제2종근린생활시설,1017117611,지번,1,False
1150010300103480001,서울특별시 강서구 화곡동,서울특별시 강서구 강서로 63 (화곡동),근린생활1,제1종근린생활시설,1017111155,지번,1,False
1150010300110910000,서울특별시 강서구 화곡동,서울특별시 강서구 화곡로13길 107 (화곡동),근린생활1,제1종근린생활시설,101711201,지번,55,False
1150010300110910000,서울특별시 강서구 화곡동,서울특별시 강서구 화곡로13길 107 (화곡동),근린생활1,제1종근린생활시설,101711264,지번,55,False
1150010300110910000,서울특별시 강서구 화곡동,서울특별시 강서구 화곡로13길 107 (화곡동),근린생활1,제1종근린생활시설,101711265,지번,55,False
1150010300110530008,서울특별시 강서구 화곡동,서울특별시 강서구 화곡로27길 20 (화곡동),근린생활1,제1종근린생활시설,1017111743,지번,1,False
1150010300104030006,서울특별시 강서구 화곡동,서울특별시 강서구 강서로 148 (화곡동),근린생활2,제2종근린생활시설,1017115921,지번,1,False
1150010300110590028,서울특별시 강서구 화곡동,서울특별시 강서구 화곡로31길 22 (화곡동),근린생활1,제1종근린생활시설,1017111933,지번,1,False
1150010300103620087,서울특별시 강서구 화곡동,서울특별시 강서구 가로공원로76길 75 (화곡동),근린생활1,제1종근린생활시설,101718841,지번,1,False
1150010300103720010,서울특별시 강서구 화곡동,서울특별시 강서구 가로공원로76길 16 (화곡동),근린생활2,제2종근린생활시설,1017121344,지번,1,False
1150010300103620044,서울특별시 강서구 화곡동,서울특별시 강서구 월정로30길 50 (화곡동),근린생활1,제1종근린생활시설,1017119117,지번,1,False
1150010300100880001,서울특별시 강서구 화곡동,서울특별시 강서구 우현로 7 (화곡동),근린생활1,제1종근린생활시설,1017117076,지번,1,False
1150010300100980226,서울특별시 강서구 화곡동,서울특별시 강서구 까치산로 37-1 (화곡동),근린생활1,제1종근린생활시설,1017123979,지번,1,False
1150010300104260004,서울특별시 강서구 화곡동,서울특별시 강서구 곰달래로 87 (화곡동),근린생활2,제2종근린생활시설,101717510,지번,1,False
1150010300110380021,서울특별시 강서구 화곡동,서울특별시 강서구 강서로41길 66 (화곡동),근린생활2,공동주택,10171100324092,지번,1,False
1150010300103620089,서울특별시 강서구 화곡동,서울특별시 강서구 가로공원로76길 81 (화곡동),근린생활2,제2종근린생활시설,101716552,지번,1,False
1150010300103420053,서울특별시 강서구 화곡동,서울특별시 강서구 곰달래로 135 (화곡동),근린생활2,제2종근린생활시설,1017127685,지번,1,False
1150010300103590006,서울특별시 강서구 화곡동,서울특별시 강서구 월정로28길 28 (화곡동),근린생활2,제2종근린생활시설,1017113400,지번,1,False
1150010300100240232,서울특별시 강서구 화곡동,서울특별시 강서구 초록마을로 4 (화곡동),근린생활2,제2종근린생활시설,1017125107,지번,1,False
1150010300100290067,서울특별시 강서구 화곡동,서울특별시 강서구 까치산로 92 (화곡동),근린생활1,제1종근린생활시설,1017115979,지번,1,False
1150010300109690008,서울특별시 강서구 화곡동,서울특별시 강서구 까치산로 110 (화곡동),근린생활1,제1종근린생활시설,1017117428,지번,1,False
1150010300103420057,서울특별시 강서구 화곡동,서울특별시 강서구 강서로 36 (화곡동),근린생활1,제1종근린생활시설,1017120459,지번,1,False
1150010300109710004,서울특별시 강서구 화곡동,서울특별시 강서구 까치산로 101 (화곡동),근린생활2,제2종근린생활시설,1017124498,지번,1,False
1150010300110320019,서울특별시 강서구 화곡동,서울특별시 강서구 강서로 195 (화곡동),근린생활2,제2종근린생활시설,1017116234,지번,1,False
1150010300100980044,서울특별시 강서구 화곡동,서울특별시 강서구 초록마을로4길 43 (화곡동),근린생활1,제1종근린생활시설,1017116735,지번,1,False
1150010300100240602,서울특별시 강서구 화곡동,서울특별시 강서구 초록마을로7길 19 (화곡동),근린생활2,제2종근린생활시설,1017126001,지번,1,False
1150010300103400003,서울특별시 강서구 화곡동,서울특별시 강서구 강서로18길 20 (화곡동),근린생활2,제2종근린생활시설,1017112751,지번,1,False
1150010300103770007,서울특별시 강서구 화곡동,서울특별시 강서구 화곡로20길 64 (화곡동),근린생활1,제1종근린생활시설,1017112311,지번,1,False
1150010600107220000,서울특별시 강서구 내발산동,서울특별시 강서구 강서로45라길 12 (내발산동),근린생활1,제1종근린생활시설,1017124380,지번,1,False
1150010300110620002,서울특별시 강서구 화곡동,서울특별시 강서구 화곡로27길 14 (화곡동),근린생활1,제1종근린생활시설,1017121991,지번,1,False
1150010600107150002,서울특별시 강서구 내발산동,서울특별시 강서구 강서로45길 92-32 (내발산동),근린생활1,제1종근린생활시설,1017120857,지번,1,False
1150010300101120047,서울특별시 강서구 화곡동,서울특별시 강서구 화곡로31길 18-3 (화곡동),근린생활2,제2종근린생활시설,101718336,지번,1,False
1150010600107140008,서울특별시 강서구 내발산동,서울특별시 강서구 강서로45길 49-10 (내발산동),근린생활2,제2종근린생활시설,101715055,지번,1,False
1150010300104030016,서울특별시 강서구 화곡동,서울특별시 강서구 강서로 138 (화곡동),근린생활1,제1종근린생활시설,1017121374,지번,1,False
1150010300101110057,서울특별시 강서구 화곡동,서울특별시 강서구 화곡로33길 5-17 (화곡동),근린생활2,제2종근린생활시설,101718759,지번,1,False
1150010300110160001,서울특별시 강서구 화곡동,서울특별시 강서구 화곡로13길 100 (화곡동),근린생활2,제2종근린생활시설,1017125683,지번,1,False
1150010600107210006,서울특별시 강서구 내발산동,서울특별시 강서구 강서로45라길 18 (내발산동),근린생활1,제1종근린생활시설,1017120765,지번,1,False
1150010300104090203,서울특별시 강서구 화곡동,서울특별시 강서구 초록마을로 148 (화곡동),근린생활1,제1종근린생활시설,1017116506,지번,1,False
1150010300103300012,서울특별시 강서구 화곡동,서울특별시 강서구 초록마을로 149 (화곡동),근린생활1,제1종근린생활시설,1017113951,지번,1,False
1150010300101050470,서울특별시 강서구 화곡동,서울특별시 강서구 까치산로 12 (화곡동),근린생활2,제2종근린생활시설,101718913,지번,1,False
1150010600107200020,서울특별시 강서구 내발산동,서울특별시 강서구 강서로45나길 27 (내발산동),근린생활1,제1종근린생활시설,1017128503,지번,1,False
1150010600107200019,서울특별시 강서구 내발산동,서울특별시 강서구 강서로 263-17 (내발산동),근린생활1,제1종근린생활시설,1017120084,지번,1,False
1150010300100240168,서울특별시 강서구 화곡동,서울특별시 강서구 까치산로 78 (화곡동),근린생활1,업무시설,1000000000000001817373,지번,1,False
1150010300103400065,서울특별시 강서구 화곡동,서울특별시 강서구 강서로18길 22 (화곡동),근린생활1,제1종근린생활시설,101715788,지번,1,False
1150010300100950140,서울특별시 강서구 화곡동,서울특별시 강서구 우현로 1-2 (화곡동),근린생활1,제1종근린생활시설,1017121569,지번,1,False
1150010300110350033,서울특별시 강서구 화곡동,서울특별시 강서구 화곡로21길 44 (화곡동),근린생활2,제2종근린생활시설,1017121833,지번,1,False
1150010300110860017,서울특별시 강서구 화곡동,서울특별시 강서구 화곡로20길 30 (화곡동),근린생활2,제2종근린생활시설,1017110400,지번,1,False
1150010300104210033,서울특별시 강서구 화곡동,서울특별시 강서구 강서로15길 114 (화곡동),근린생활1,제1종근린생활시설,101715372,지번,1,False
1150010300110260010,서울특별시 강서구 화곡동,서울특별시 강서구 강서로 208 (화곡동),근린생활1,제1종근린생활시설,10171100195889,지번,1,False
1150010300110320001,서울특별시 강서구 화곡동,서울특별시 강서구 강서로39길 3 (화곡동),근린생활1,제1종근린생활시설,1017111635,지번,1,False
1150010300110320000,서울특별시 강서구 화곡동,서울특별시 강서구 강서로33가길 58 (화곡동),근린생활2,제2종근린생활시설,10171100358435,지번,1,False
1150010300100980047,서울특별시 강서구 화곡동,서울특별시 강서구 까치산로 39 (화곡동),근린생활1,제1종근린생활시설,1017110769,지번,1,False
1150010300103720072,서울특별시 강서구 화곡동,서울특별시 강서구 가로공원로 182 (화곡동),근린생활2,제2종근린생활시설,101715761,지번,1,False
1150010300110500038,서울특별시 강서구 화곡동,서울특별시 강서구 화곡로25길 14 (화곡동),근린생활1,제1종근린생활시설,1017112124,지번,1,False
1150010300110660020,서울특별시 강서구 화곡동,서울특별시 강서구 화곡로 149 (화곡동),근린생활2,제2종근린생활시설,1017124469,지번,1,False
1150010300103450010,서울특별시 강서구 화곡동,서울특별시 강서구 곰달래로 97 (화곡동),근린생활2,제2종근린생활시설,101718478,지번,1,False
1150010300110500003,서울특별시 강서구 화곡동,서울특별시 강서구 강서로33가길 17 (화곡동),근린생활1,제1종근린생활시설,101717629,지번,1,False
1150010300110760014,서울특별시 강서구 화곡동,서울특별시 강서구 강서로 154 (화곡동),근린생활2,제2종근린생활시설,101717313,지번,1,False
1150010300101070006,서울특별시 강서구 화곡동,서울특별시 강서구 까치산로 23-9 (화곡동),근린생활2,제2종근린생활시설,1017118572,지번,1,False
1150010300103540046,서울특별시 강서구 화곡동,서울특별시 강서구 강서로17길 68 (화곡동),근린생활2,제2종근린생활시설,1017113857,지번,1,False
1150010300100950054,서울특별시 강서구 화곡동,서울특별시 강서구 화곡로 229 (화곡동),근린생활1,제1종근린생활시설,101714689,지번,1,False
1150010300103440009,서울특별시 강서구 화곡동,서울특별시 강서구 곰달래로 107 (화곡동),근린생활2,제2종근린생활시설,1017119430,지번,1,False
1150010300100840002,서울특별시 강서구 화곡동,서울특별시 강서구 우현로 11 (화곡동),근린생활1,제1종근린생활시설,1017110328,지번,1,False
1150010300110600035,서울특별시 강서구 화곡동,서울특별시 강서구 화곡로 189 (화곡동),근린생활1,제1종근린생활시설,1017121934,지번,1,False
1150010300104030012,서울특별시 강서구 화곡동,서울특별시 강서구 강서로 142 (화곡동),근린생활2,공동주택,10171100291624,지번,1,False
1150010600107230001,서울특별시 강서구 내발산동,서울특별시 강서구 강서로45나길 16 (내발산동),근린생활1,제1종근린생활시설,1017121153,지번,1,False
1150010300101430036,서울특별시 강서구 화곡동,서울특별시 강서구 화곡로 176 (화곡동),근린생활1,제1종근린생활시설,1017126619,지번,1,False
1150010300103330027,서울특별시 강서구 화곡동,서울특별시 강서구 강서로18가길 44 (화곡동),근린생활1,공동주택,10171100305632,지번,1,False
1150010300100940004,서울특별시 강서구 화곡동,서울특별시 강서구 화곡로 241 (화곡동),근린생활1,제1종근린생활시설,1017122705,지번,1,False
1150010300110430025,서울특별시 강서구 화곡동,서울특별시 강서구 화곡로13길 20 (화곡동),근린생활1,제1종근린생활시설,1017110375,지번,1,False
1150010300101100070,서울특별시 강서구 화곡동,서울특별시 강서구 화곡로 202 (화곡동),근린생활1,제1종근린생활시설,1017123854,지번,1,False
1150010300100980059,서울특별시 강서구 화곡동,서울특별시 강서구 화곡로 194-48 (화곡동),근린생활1,제1종근린생활시설,1017111944,지번,1,False
1150010300110430001,서울특별시 강서구 화곡동,서울특별시 강서구 화곡로13길 26 (화곡동),근린생활1,제1종근린생활시설,1017113186,지번,1,False
1150010300104250013,서울특별시 강서구 화곡동,서울특별시 강서구 곰달래로 77 (화곡동),근린생활2,제2종근린생활시설,1017118920,지번,1,False
1150010300100980252,서울특별시 강서구 화곡동,서울특별시 강서구 초록마을로2길 43 (화곡동),근린생활1,제1종근린생활시설,1017124955,지번,1,False
1150010300110520009,서울특별시 강서구 화곡동,서울특별시 강서구 강서로 178 (화곡동),근린생활1,제1종근린생활시설,10171100353574,지번,1,False
1150010300110830000,서울특별시 강서구 화곡동,서울특별시 강서구 화곡로20길 19-2 (화곡동),근린생활2,제2종근린생활시설,1017114072,지번,1,False
1150010300110850023,서울특별시 강서구 화곡동,서울특별시 강서구 화곡로24길 44 (화곡동),근린생활1,제1종근린생활시설,1017124538,지번,1,False
1150010300110060009,서울특별시 강서구 화곡동,서울특별시 강서구 강서로 243 (화곡동),근린생활1,제1종근린생활시설,1017115520,지번,1,False
1150010300110190030,서울특별시 강서구 화곡동,서울특별시 강서구 강서로39길 42 (화곡동),근린생활1,제1종근린생활시설,101718828,지번,1,False
1150010300100700054,서울특별시 강서구 화곡동,서울특별시 강서구 초록마을로 9 (화곡동),근린생활1,제1종근린생활시설,1017110700,지번,1,False
1150010300100610152,서울특별시 강서구 화곡동,서울특별시 강서구 까치산로 43 (화곡동),근린생활1,제1종근린생활시설,101717099,지번,1,False
1150010300103540062,서울특별시 강서구 화곡동,서울특별시 강서구 가로공원로76길 107 (화곡동),근린생활2,제2종근린생활시설,101714948,지번,1,False
1150010300100980062,서울특별시 강서구 화곡동,서울특별시 강서구 까치산로 36 (화곡동),근린생활1,제1종근린생활시설,1017118267,지번,1,False
1150010300100980157,서울특별시 강서구 화곡동,서울특별시 강서구 화곡로 194-9 (화곡동),근린생활1,제1종근린생활시설,1017119508,지번,1,False
1150010300110590045,서울특별시 강서구 화곡동,서울특별시 강서구 화곡로31길 6 (화곡동),근린생활1,제1종근린생활시설,1017114762,지번,1,False
1150010300110700001,서울특별시 강서구 화곡동,서울특별시 강서구 화곡로 112 (화곡동),근린생활2,제2종근린생활시설,1017120953,지번,1,False
1150010300101050059,서울특별시 강서구 화곡동,서울특별시 강서구 까치산로 20 (화곡동),근린생활2,제2종근린생활시설,1017116675,지번,1,False
1150010300100830023,서울특별시 강서구 화곡동,서울특별시 강서구 우현로 16 (화곡동),근린생활2,제2종근린생활시설,1017113956,지번,1,False
1150010300110570005,서울특별시 강서구 화곡동,서울특별시 강서구 화곡로31길 35 (화곡동),근린생활1,제1종근린생활시설,1017114704,지번,1,False
1150010300100240146,서울특별시 강서구 화곡동,서울특별시 강서구 까치산로 73 (화곡동),근린생활1,제1종근린생활시설,1017123648,지번,1,False
1150010300103530001,서울특별시 강서구 화곡동,서울특별시 강서구 가로공원로76가길 76 (화곡동),근린생활1,제1종근린생활시설,1017120145,지번,1,False
1150010300100510023,서울특별시 강서구 화곡동,서울특별시 강서구 초록마을로 53 (화곡동),근린생활1,제1종근린생활시설,1017116547,지번,1,False
1150010300110620004,서울특별시 강서구 화곡동,서울특별시 강서구 강서로34길 18 (화곡동),근린생활2,제2종근린생활시설,1017117181,지번,1,False
1150010300110770004,서울특별시 강서구 화곡동,서울특별시 강서구 강서로 153 (화곡동),근린생활2,제2종근린생활시설,1017121087,지번,1,False
1150010300103790001,서울특별시 강서구 화곡동,서울특별시 강서구 강서로29길 51 (화곡동),근린생활2,제2종근린생활시설,1017128521,지번,1,False
1150010300110620001,서울특별시 강서구 화곡동,서울특별시 강서구 강서로34길 14 (화곡동),근린생활2,제2종근린생활시설,1017113421,지번,1,False
1150010300109140028,서울특별시 강서구 화곡동,서울특별시 강서구 강서로5가길 58 (화곡동),근린생활2,제2종근린생활시설,10171100202013,지번,1,False
1150010300109140025,서울특별시 강서구 화곡동,서울특별시 강서구 강서로5가길 59 (화곡동),근린생활2,제2종근린생활시설,10171100201993,지번,1,False
1150010300110080013,서울특별시 강서구 화곡동,서울특별시 강서구 강서로45길 39 (화곡동),근린생활2,제2종근린생활시설,101717917,지번,1,False
1150010300103680002,서울특별시 강서구 화곡동,서울특별시 강서구 가로공원로 214-1 (화곡동),근린생활2,제2종근린생활시설,1017118277,지번,1,False
1150010300103470008,서울특별시 강서구 화곡동,서울특별시 강서구 강서로15길 40 (화곡동),근린생활1,공동주택,10171100291694,지번,1,False
1150010300103380021,서울특별시 강서구 화곡동,서울특별시 강서구 강서로18길 17 (화곡동),근린생활2,제2종근린생활시설,1017113369,지번,1,False
1150010300103430059,서울특별시 강서구 화곡동,서울특별시 강서구 강서로 35 (화곡동),근린생활2,제2종근린생활시설,1017127954,지번,1,False
1150010300103420058,서울특별시 강서구 화곡동,서울특별시 강서구 강서로 38 (화곡동),근린생활1,제1종근린생활시설,1017125325,지번,1,False
1150010300103400041,서울특별시 강서구 화곡동,서울특별시 강서구 곰달래로25길 65-27 (화곡동),근린생활2,제2종근린생활시설,1017121037,지번,1,False
1150010300103430031,서울특별시 강서구 화곡동,서울특별시 강서구 강서로 47 (화곡동),근린생활2,제2종근린생활시설,1017122519,지번,1,False
1150010300104250006,서울특별시 강서구 화곡동,서울특별시 강서구 곰달래로19가길 1 (화곡동),근린생활1,제1종근린생활시설,1017117793,지번,1,False
1150010300110410035,서울특별시 강서구 화곡동,서울특별시 강서구 화곡로13나길 1 (화곡동),근린생활1,제1종근린생활시설,1017110357,지번,1,False
1150010600107220020,서울특별시 강서구 내발산동,서울특별시 강서구 강서로45길 14 (내발산동),근린생활1,제1종근린생활시설,1017114685,지번,1,False
1150010300110320017,서울특별시 강서구 화곡동,서울특별시 강서구 강서로 191 (화곡동),근린생활2,업무시설,1000000000000002484752,지번,1,False
1150010300104090250,서울특별시 강서구 화곡동,서울특별시 강서구 초록마을로 154-1 (화곡동),근린생활2,제2종근린생활시설,1017119645,지번,1,False
1150010300100710005,서울특별시 강서구 화곡동,서울특별시 강서구 화곡로 256 (화곡동),근린생활2,제2종근린생활시설,1017122941,지번,1,False
1150010300100240149,서울특별시 강서구 화곡동,서울특별시 강서구 까치산로 75 (화곡동),근린생활2,제2종근린생활시설,101719382,지번,1,False
1150010300100590010,서울특별시 강서구 화곡동,서울특별시 강서구 초록마을로 38 (화곡동),근린생활1,제1종근린생활시설,1017128396,지번,1,False
1150010300103680003,서울특별시 강서구 화곡동,서울특별시 강서구 가로공원로 216 (화곡동),근린생활2,제2종근린생활시설,1017118753,지번,1,False
1150010300110520000,서울특별시 강서구 화곡동,서울특별시 강서구 강서로 188 (화곡동),근린생활1,제1종근린생활시설,1017127984,지번,1,False
1150010300110750037,서울특별시 강서구 화곡동,서울특별시 강서구 강서로 157 (화곡동),근린생활2,제2종근린생활시설,1017126255,지번,1,False
1150010300100550020,서울특별시 강서구 화곡동,서울특별시 강서구 초록마을로 52-1 (화곡동),근린생활2,제2종근린생활시설,101716760,지번,1,False
1150010300104000041,서울특별시 강서구 화곡동,서울특별시 강서구 가로공원로 235 (화곡동),근린생활1,제1종근린생활시설,1017128638,지번,1,False
1150010300110070002,서울특별시 강서구 화곡동,서울특별시 강서구 강서로45길 13 (화곡동),근린생활1,제1종근린생활시설,1017120431,지번,1,False
1150010300104010011,서울특별시 강서구 화곡동,서울특별시 강서구 강서로 139 (화곡동),근린생활1,제1종근린생활시설,101718238,지번,1,False
1150010300100840005,서울특별시 강서구 화곡동,서울특별시 강서구 우현로 17 (화곡동),근린생활2,제2종근린생활시설,101715444,지번,1,False
1150010300104210007,서울특별시 강서구 화곡동,서울특별시 강서구 곰달래로19길 45 (화곡동),근린생활2,제2종근린생활시설,1017120447,지번,1,False
1150010300110070001,서울특별시 강서구 화곡동,서울특별시 강서구 강서로45길 17 (화곡동),근린생활1,제1종근린생활시설,101719511,지번,1,False
1150010300103600001,서울특별시 강서구 화곡동,서울특별시 강서구 월정로28길 4 (화곡동),근린생활2,제2종근린생활시설,1017116896,지번,1,False
1150010300103700037,서울특별시 강서구 화곡동,서울특별시 강서구 월정로30길 63 (화곡동),근린생활1,제1종근린생활시설,1017126782,지번,1,False
1150010300103620096,서울특별시 강서구 화곡동,서울특별시 강서구 가로공원로78길 64 (화곡동),근린생활1,제1종근린생활시설,101717657,지번,1,False
1150010300110130014,서울특별시 강서구 화곡동,서울특별시 강서구 강서로45가길 49 (화곡동),근린생활2,제2종근린생활시설,1017128052,지번,1,False
1150010300110660001,서울특별시 강서구 화곡동,서울특별시 강서구 화곡로 137 (화곡동),근린생활1,제1종근린생활시설,1017118175,지번,1,False
1150010300103620092,서울특별시 강서구 화곡동,서울특별시 강서구 가로공원로76길 95 (화곡동),근린생활1,제1종근린생활시설,101716180,지번,1,False
1150010300110810010,서울특별시 강서구 화곡동,서울특별시 강서구 화곡로24길 18 (화곡동),근린생활2,제2종근린생활시설,1017113170,지번,1,False
1150010300103710032,서울특별시 강서구 화곡동,서울특별시 강서구 가로공원로 198 (화곡동),근린생활1,제1종근린생활시설,1017118166,지번,1,False
1150010300103390032,서울특별시 강서구 화곡동,서울특별시 강서구 강서로18가길 6 (화곡동),근린생활2,제2종근린생활시설,1017123629,지번,1,False
1150010300101020011,서울특별시 강서구 화곡동,서울특별시 강서구 까치산로4길 61 (화곡동),근린생활2,제2종근린생활시설,1017117450,지번,1,False
1150010300103450012,서울특별시 강서구 화곡동,서울특별시 강서구 곰달래로 101 (화곡동),근린생활2,제2종근린생활시설,1017110025,지번,1,False
1150010300110170000,서울특별시 강서구 화곡동,서울특별시 강서구 화곡로13길 98 (화곡동),근린생활2,제2종근린생활시설,1017127114,지번,1,False
1150010300110600030,서울특별시 강서구 화곡동,서울특별시 강서구 화곡로 191 (화곡동),근린생활2,제2종근린생활시설,101713944,지번,2,False
1150010300110100001,서울특별시 강서구 화곡동,서울특별시 강서구 강서로43길 49 (화곡동),근린생활2,제2종근린생활시설,1017116056,지번,1,False
1150010300103940040,서울특별시 강서구 화곡동,서울특별시 강서구 강서로18길 58 (화곡동),근린생활1,제1종근린생활시설,1017120411,지번,1,False
1150010300104000084,서울특별시 강서구 화곡동,서울특별시 강서구 가로공원로 219 (화곡동),근린생활2,제2종근린생활시설,101714683,지번,1,False
1150010300100590012,서울특별시 강서구 화곡동,서울특별시 강서구 초록마을로6길 6 (화곡동),근린생활2,제2종근린생활시설,1017126992,지번,1,False
1150010300110630007,서울특별시 강서구 화곡동,서울특별시 강서구 화곡로27가길 18 (화곡동),근린생활1,제1종근린생활시설,1017127842,지번,1,False
1150010300100590087,서울특별시 강서구 화곡동,서울특별시 강서구 까치산로10길 73 (화곡동),근린생활2,제2종근린생활시설,1017124423,지번,1,False
1150010300110160036,서울특별시 강서구 화곡동,서울특별시 강서구 화곡로13길 104 (화곡동),근린생활2,제2종근린생활시설,101711450,지번,2,False
1150010300110310001,서울특별시 강서구 화곡동,서울특별시 강서구 강서로 200 (화곡동),근린생활1,제1종근린생활시설,1017112612,지번,1,False
1150010300100500116,서울특별시 강서구 화곡동,서울특별시 강서구 초록마을로 59 (화곡동),근린생활1,제1종근린생활시설,1017127525,지번,1,False
1150010300110750013,서울특별시 강서구 화곡동,서울특별시 강서구 강서로 159-1 (화곡동),근린생활2,제2종근린생활시설,1017119918,지번,1,False
1150010300110080018,서울특별시 강서구 화곡동,서울특별시 강서구 강서로45길 33 (화곡동),근린생활2,제2종근린생활시설,1017121740,지번,1,False
1150010300110650008,서울특별시 강서구 화곡동,서울특별시 강서구 화곡로 153 (화곡동),근린생활1,제1종근린생활시설,1017124776,지번,1,False
1150010300109750004,서울특별시 강서구 화곡동,서울특별시 강서구 화곡로50길 34 (화곡동),근린생활1,제1종근린생활시설,101714667,지번,1,False
1150010300100720003,서울특별시 강서구 화곡동,서울특별시 강서구 화곡로 252 (화곡동),근린생활2,업무시설,10171100307772,지번,1,False
1150010300103380022,서울특별시 강서구 화곡동,서울특별시 강서구 강서로18길 15 (화곡동),근린생활2,제2종근린생활시설,101713782,지번,2,False
1150010300103380022,서울특별시 강서구 화곡동,서울특별시 강서구 강서로18길 15 (화곡동),근린생활2,제2종근린생활시설,101713783,지번,2,False
1150010300100240282,서울특별시 강서구 화곡동,서울특별시 강서구 초록마을로 27-1 (화곡동),근린생활1,제1종근린생활시설,1017125759,지번,1,False
1150010300100730011,서울특별시 강서구 화곡동,서울특별시 강서구 화곡로43길 6 (화곡동),근린생활2,제2종근린생활시설,1017128607,지번,1,False
1150010300100240192,서울특별시 강서구 화곡동,서울특별시 강서구 까치산로 69 (화곡동),근린생활1,제1종근린생활시설,101716417,지번,1,False
1150010300110860020,서울특별시 강서구 화곡동,서울특별시 강서구 화곡로20길 38 (화곡동),근린생활1,제1종근린생활시설,101714966,지번,1,False
1150010300100980089,서울특별시 강서구 화곡동,서울특별시 강서구 까치산로4길 31 (화곡동),근린생활2,제2종근린생활시설,1017116372,지번,1,False
1150010300100240486,서울특별시 강서구 화곡동,서울특별시 강서구 화곡로 226 (화곡동),근린생활2,제2종근린생활시설,1017116275,지번,1,False
1150010300103690010,서울특별시 강서구 화곡동,서울특별시 강서구 가로공원로82길 43 (화곡동),근린생활2,제2종근린생활시설,1017121918,지번,1,False
1150010300110130001,서울특별시 강서구 화곡동,서울특별시 강서구 강서로 237 (화곡동),근린생활2,제2종근린생활시설,1017124472,지번,1,False
1150010300110600004,서울특별시 강서구 화곡동,서울특별시 강서구 화곡로 201 (화곡동),근린생활1,제1종근린생활시설,1017110465,지번,1,False
1150010300103800001,서울특별시 강서구 화곡동,서울특별시 강서구 강서로29길 52 (화곡동),근린생활1,제1종근린생활시설,1017113542,지번,1,False
1150010300100980251,서울특별시 강서구 화곡동,서울특별시 강서구 까치산로4길 25 (화곡동),근린생활2,제2종근린생활시설,101713773,지번,2,False
1150010300109130004,서울특별시 강서구 화곡동,서울특별시 강서구 강서로5나길 80 (화곡동),근린생활2,제2종근린생활시설,101718544,지번,1,False
1150010300100980105,서울특별시 강서구 화곡동,서울특별시 강서구 까치산로4길 48 (화곡동),근린생활1,제1종근린생활시설,1017112990,지번,1,False
1150010300104220001,서울특별시 강서구 화곡동,서울특별시 강서구 곰달래로19길 46 (화곡동),근린생활1,제1종근린생활시설,1017121896,지번,1,False
1150010300110140018,서울특별시 강서구 화곡동,서울특별시 강서구 화곡로13길 153 (화곡동),근린생활2,제2종근린생활시설,1017119852,지번,1,False
1150010300101050080,서울특별시 강서구 화곡동,서울특별시 강서구 까치산로 14 (화곡동),근린생활1,제1종근린생활시설,10171100228451,지번,1,False
1150010300100910002,서울특별시 강서구 화곡동,서울특별시 강서구 화곡로 245 (화곡동),근린생활2,제2종근린생활시설,1017121430,지번,1,False
1150010300110500031,서울특별시 강서구 화곡동,서울특별시 강서구 강서로33길 16 (화곡동),근린생활2,제2종근린생활시설,1017116810,지번,1,False
1150010300100980262,서울특별시 강서구 화곡동,서울특별시 강서구 까치산로4길 35 (화곡동),근린생활2,제2종근린생활시설,101719896,지번,1,False
1150010600107220014,서울특별시 강서구 내발산동,서울특별시 강서구 강서로45길 34-2 (내발산동),근린생활1,제1종근린생활시설,1017110142,지번,1,False
1150010300110150004,서울특별시 강서구 화곡동,서울특별시 강서구 화곡로13길 119 (화곡동),근린생활2,제2종근린생활시설,1017126913,지번,1,False
1150010300103520005,서울특별시 강서구 화곡동,서울특별시 강서구 월정로30길 102 (화곡동),근린생활2,제2종근린생활시설,1017116085,지번,1,False
1150010300110620000,서울특별시 강서구 화곡동,서울특별시 강서구 화곡로27길 16 (화곡동),근린생활1,제1종근린생활시설,101714020,지번,1,False
1150010300104030001,서울특별시 강서구 화곡동,서울특별시 강서구 강서로 150 (화곡동),근린생활2,제2종근린생활시설,1017110012,지번,1,False
1150010300104210002,서울특별시 강서구 화곡동,서울특별시 강서구 강서로17길 81 (화곡동),근린생활2,제2종근린생활시설,1017119180,지번,1,False
1150010300110160000,서울특별시 강서구 화곡동,서울특별시 강서구 화곡로13길 108 (화곡동),근린생활1,제1종근린생활시설,1017124204,지번,1,False
1150010300101020012,서울특별시 강서구 화곡동,서울특별시 강서구 까치산로4길 65 (화곡동),근린생활1,제1종근린생활시설,1017112499,지번,1,False
1150010300110320027,서울특별시 강서구 화곡동,서울특별시 강서구 강서로 205 (화곡동),근린생활1,제1종근린생활시설,1017121018,지번,1,False
1150010300101050373,서울특별시 강서구 화곡동,서울특별시 강서구 까치산로2길 4 (화곡동),근린생활2,제2종근린생활시설,101716530,지번,1,False
1150010300110070000,서울특별시 강서구 화곡동,서울특별시 강서구 강서로45길 19 (화곡동),근린생활2,제2종근린생활시설,1017117828,지번,1,False
1150010300110750025,서울특별시 강서구 화곡동,서울특별시 강서구 강서로 159 (화곡동),근린생활2,제2종근린생활시설,1017123916,지번,1,False
1150010300100530004,서울특별시 강서구 화곡동,서울특별시 강서구 초록마을로5길 7 (화곡동),근린생활2,제2종근린생활시설,1017113838,지번,1,False
1150010300110590055,서울특별시 강서구 화곡동,서울특별시 강서구 화곡로 207 (화곡동),근린생활1,제1종근린생활시설,1017124220,지번,1,False
1150010300103720020,서울특별시 강서구 화곡동,서울특별시 강서구 월정로32길 31 (화곡동),근린생활2,제2종근린생활시설,101715131,지번,1,False
1150010300110720002,서울특별시 강서구 화곡동,서울특별시 강서구 화곡로 130 (화곡동),근린생활1,제1종근린생활시설,101717691,지번,1,False
1150010300109200001,서울특별시 강서구 화곡동,서울특별시 강서구 곰달래로 88 (화곡동),근린생활2,제2종근린생활시설,101719690,지번,1,False
1150010300103730001,서울특별시 강서구 화곡동,서울특별시 강서구 월정로32길 22 (화곡동),근린생활2,제2종근린생활시설,1017116786,지번,1,False
1150010300103770003,서울특별시 강서구 화곡동,서울특별시 강서구 화곡로20길 58 (화곡동),근린생활2,제2종근린생활시설,1017112735,지번,1,False
1150010300109700019,서울특별시 강서구 화곡동,서울특별시 강서구 까치산로 102 (화곡동),근린생활2,제2종근린생활시설,1017125076,지번,1,False
1150010300110490047,서울특별시 강서구 화곡동,서울특별시 강서구 강서로33길 32 (화곡동),근린생활2,제2종근린생활시설,1017118525,지번,1,False
1150010300101050008,서울특별시 강서구 화곡동,서울특별시 강서구 까치산로4길 10 (화곡동),근린생활1,제1종근린생활시설,1017123095,지번,1,False
1150010300110650020,서울특별시 강서구 화곡동,서울특별시 강서구 강서로33길 9 (화곡동),근린생활2,제2종근린생활시설,1017112163,지번,1,False
1150010300110340000,서울특별시 강서구 화곡동,서울특별시 강서구 강서로39길 17 (화곡동),근린생활2,제2종근린생활시설,1017121359,지번,1,False
1150010300110060001,서울특별시 강서구 화곡동,서울특별시 강서구 강서로45길 5 (화곡동),근린생활2,제2종근린생활시설,1017126189,지번,1,False
1150010300100980020,서울특별시 강서구 화곡동,서울특별시 강서구 초록마을로2길 40 (화곡동),근린생활2,제2종근린생활시설,1017121360,지번,1,False
1150010300100980049,서울특별시 강서구 화곡동,서울특별시 강서구 까치산로 41-1 (화곡동),근린생활1,제1종근린생활시설,101717116,지번,1,False
1150010300103540047,서울특별시 강서구 화곡동,서울특별시 강서구 강서로17길 70 (화곡동),근린생활1,제1종근린생활시설,1017114368,지번,1,False
1150010300101050072,서울특별시 강서구 화곡동,서울특별시 강서구 까치산로 19 (화곡동),근린생활1,제1종근린생활시설,1017122107,지번,1,False
1150010300100980083,서울특별시 강서구 화곡동,서울특별시 강서구 까치산로4길 11 (화곡동),근린생활2,제2종근린생활시설,1017117603,지번,1,False
1150010300101110081,서울특별시 강서구 화곡동,서울특별시 강서구 화곡로35길 1 (화곡동),근린생활2,업무시설,1000000000000000184855,지번,1,False
1150010300110080011,서울특별시 강서구 화곡동,서울특별시 강서구 강서로45길 45 (화곡동),근린생활1,제1종근린생활시설,1017125002,지번,1,False
1150010300100980063,서울특별시 강서구 화곡동,서울특별시 강서구 까치산로 38 (화곡동),근린생활2,제2종근린생활시설,1017118932,지번,1,False
1150010300110210000,서울특별시 강서구 화곡동,서울특별시 강서구 화곡로21길 87 (화곡동),근린생활2,제2종근린생활시설,10171100202394,지번,1,False
1150010300110300015,서울특별시 강서구 화곡동,서울특별시 강서구 화곡로31길 63 (화곡동),근린생활2,제2종근린생활시설,1017121940,지번,1,False
1150010300103680068,서울특별시 강서구 화곡동,서울특별시 강서구 가로공원로 214 (화곡동),근린생활2,제2종근린생활시설,101716522,지번,1,False
1150010300110080000,서울특별시 강서구 화곡동,서울특별시 강서구 강서로45길 49 (화곡동),근린생활2,제2종근린생활시설,1017126018,지번,1,False
1150010300110570003,서울특별시 강서구 화곡동,서울특별시 강서구 화곡로31길 41 (화곡동),근린생활2,제2종근린생활시설,1017123321,지번,1,False
1150010300100610008,서울특별시 강서구 화곡동,서울특별시 강서구 까치산로 49 (화곡동),근린생활1,제1종근린생활시설,1017113122,지번,1,False
1150010300103800010,서울특별시 강서구 화곡동,서울특별시 강서구 강서로29길 78 (화곡동),근린생활1,제1종근린생활시설,1017124168,지번,1,False
1150010300110650000,서울특별시 강서구 화곡동,서울특별시 강서구 화곡로25길 8 (화곡동),근린생활2,제2종근린생활시설,1017119212,지번,1,False
1150010300110640000,서울특별시 강서구 화곡동,서울특별시 강서구 강서로 174 (화곡동),근린생활1,업무시설,1000000000000004770092,지번,1,False
1150010300110260006,서울특별시 강서구 화곡동,서울특별시 강서구 강서로 208-1 (화곡동),근린생활1,제1종근린생활시설,1017122563,지번,1,False
1150010300110680031,서울특별시 강서구 화곡동,서울특별시 강서구 화곡로 113 (화곡동),근린생활2,제2종근린생활시설,1017126245,지번,1,False
1150010300103790077,서울특별시 강서구 화곡동,서울특별시 강서구 가로공원로 207-1 (화곡동),근린생활1,제1종근린생활시설,1017123689,지번,1,False
1150010300103380042,서울특별시 강서구 화곡동,서울특별시 강서구 강서로18길 11 (화곡동),근린생활2,제2종근린생활시설,1017112727,지번,1,False
1150010300103540065,서울특별시 강서구 화곡동,서울특별시 강서구 가로공원로76가길 2 (화곡동),근린생활1,제1종근린생활시설,1017117666,지번,1,False
1150010300109760008,서울특별시 강서구 화곡동,서울특별시 강서구 까치산로17길 6 (화곡동),근린생활2,제2종근린생활시설,101719117,지번,1,False
1150010300100980021,서울특별시 강서구 화곡동,서울특별시 강서구 초록마을로2길 42 (화곡동),근린생활1,제1종근린생활시설,1017115206,지번,1,False
1150010300110140026,서울특별시 강서구 화곡동,서울특별시 강서구 강서로45가길 54 (화곡동),근린생활1,제1종근린생활시설,101716388,지번,1,False
1150010300109210022,서울특별시 강서구 화곡동,서울특별시 강서구 곰달래로 74 (화곡동),근린생활2,제2종근린생활시설,1017117987,지번,1,False
1150010300103790026,서울특별시 강서구 화곡동,서울특별시 강서구 가로공원로 201-1 (화곡동),근린생활2,제2종근린생활시설,1017119491,지번,1,False
1150010300110730003,서울특별시 강서구 화곡동,서울특별시 강서구 화곡로 134 (화곡동),근린생활1,제1종근린생활시설,1017115860,지번,1,False
1150010300103660048,서울특별시 강서구 화곡동,서울특별시 강서구 가로공원로80길 85 (화곡동),근린생활2,제2종근린생활시설,101714468,지번,1,False
1150010300100240145,서울특별시 강서구 화곡동,서울특별시 강서구 까치산로 71-1 (화곡동),근린생활2,제2종근린생활시설,101717531,지번,1,False
1150010300101070013,서울특별시 강서구 화곡동,서울특별시 강서구 화곡로 194-26 (화곡동),근린생활2,제2종근린생활시설,1017113522,지번,1,False
1150010300101110016,서울특별시 강서구 화곡동,서울특별시 강서구 화곡로 211 (화곡동),근린생활2,제2종근린생활시설,1017121368,지번,1,False
1150010300100240538,서울특별시 강서구 화곡동,서울특별시 강서구 화곡로42길 23 (화곡동),근린생활2,업무시설,10171100204508,지번,1,False
1150010300104000050,서울특별시 강서구 화곡동,서울특별시 강서구 가로공원로 225 (화곡동),근린생활2,제2종근린생활시설,1017117029,지번,1,False
1150010300103660016,서울특별시 강서구 화곡동,서울특별시 강서구 가로공원로76가길 53 (화곡동),근린생활2,제2종근린생활시설,1017122605,지번,1,False
1150010300101090016,서울특별시 강서구 화곡동,서울특별시 강서구 화곡로 196 (화곡동),근린생활1,제1종근린생활시설,1017116132,지번,1,False
1150010300103400049,서울특별시 강서구 화곡동,서울특별시 강서구 강서로 62 (화곡동),근린생활1,제1종근린생활시설,1000000000000004096209,지번,1,False
1150010300100240171,서울특별시 강서구 화곡동,서울특별시 강서구 까치산로 76 (화곡동),근린생활2,업무시설,1000000000000007375898,지번,1,False
1150010300109150032,서울특별시 강서구 화곡동,서울특별시 강서구 곰달래로20길 31-1 (화곡동),근린생활2,제2종근린생활시설,10171100202051,지번,1,False
1150010300110240006,서울특별시 강서구 화곡동,서울특별시 강서구 강서로 215-1 (화곡동),근린생활2,제2종근린생활시설,101714905,지번,1,False
1150010300110660008,서울특별시 강서구 화곡동,서울특별시 강서구 화곡로 141 (화곡동),근린생활1,제1종근린생활시설,1017111343,지번,1,False
1150010300110590003,서울특별시 강서구 화곡동,서울특별시 강서구 화곡로31가길 34 (화곡동),근린생활1,제1종근린생활시설,1017127548,지번,1,False
1150010300110590000,서울특별시 강서구 화곡동,서울특별시 강서구 화곡로31가길 40 (화곡동),근린생활1,제1종근린생활시설,1017118788,지번,1,False
1150010300110560000,서울특별시 강서구 화곡동,서울특별시 강서구 화곡로31길 53 (화곡동),근린생활2,제2종근린생활시설,1017119113,지번,1,False
1150010300104090007,서울특별시 강서구 화곡동,서울특별시 강서구 초록마을로 158 (화곡동),근린생활1,제1종근린생활시설,1017121172,지번,1,False
1150010300104240015,서울특별시 강서구 화곡동,서울특별시 강서구 곰달래로19길 9 (화곡동),근린생활1,제1종근린생활시설,1017115108,지번,1,False
1150010300110610009,서울특별시 강서구 화곡동,서울특별시 강서구 화곡로31길 15 (화곡동),근린생활1,제1종근린생활시설,1017125507,지번,1,False
1150010300110390000,서울특별시 강서구 화곡동,서울특별시 강서구 화곡로13길 74 (화곡동),근린생활1,제1종근린생활시설,1017123230,지번,1,False
1150010300110660019,서울특별시 강서구 화곡동,서울특별시 강서구 화곡로25길 7 (화곡동),근린생활2,제2종근린생활시설,101718840,지번,1,False
1150010300110690002,서울특별시 강서구 화곡동,서울특별시 강서구 화곡로15길 9 (화곡동),근린생활2,제2종근린생활시설,101718123,지번,1,False
1150010300103400001,서울특별시 강서구 화곡동,서울특별시 강서구 강서로18길 10 (화곡동),근린생활2,제2종근린생활시설,1017117410,지번,1,False
1150010300110330031,서울특별시 강서구 화곡동,서울특별시 강서구 강서로35길 20 (화곡동),근린생활2,제2종근린생활시설,1017121800,지번,1,False
1150010300103590002,서울특별시 강서구 화곡동,서울특별시 강서구 월정로28길 14 (화곡동),근린생활2,제2종근린생활시설,1017114006,지번,1,False
1150010300110590049,서울특별시 강서구 화곡동,서울특별시 강서구 화곡로 203 (화곡동),근린생활1,제1종근린생활시설,101716684,지번,1,False
1150010300109130003,서울특별시 강서구 화곡동,서울특별시 강서구 강서로5나길 74 (화곡동),근린생활2,제2종근린생활시설,1017124268,지번,1,False
1150010300100610029,서울특별시 강서구 화곡동,서울특별시 강서구 까치산로8길 3 (화곡동),근린생활1,제1종근린생활시설,1017116749,지번,1,False
1150010300100980067,서울특별시 강서구 화곡동,서울특별시 강서구 까치산로6길 7-3 (화곡동),근린생활1,제1종근린생활시설,101716500,지번,1,False
1150010300103680006,서울특별시 강서구 화곡동,서울특별시 강서구 가로공원로84길 14 (화곡동),근린생활2,제2종근린생활시설,1017123619,지번,1,False
1150010300110150015,서울특별시 강서구 화곡동,서울특별시 강서구 화곡로13길 131 (화곡동),근린생활1,제1종근린생활시설,101715733,지번,1,False
1150010300103480015,서울특별시 강서구 화곡동,서울특별시 강서구 강서로17길 17 (화곡동),근린생활1,제1종근린생활시설,1017113192,지번,1,False
1150010300100980235,서울특별시 강서구 화곡동,서울특별시 강서구 화곡로 194-52 (화곡동),근린생활1,제1종근린생활시설,1017125566,지번,1,False
1150010300100980229,서울특별시 강서구 화곡동,서울특별시 강서구 까치산로4나길 2 (화곡동),근린생활2,제2종근린생활시설,1017111709,지번,1,False
1150010300101090018,서울특별시 강서구 화곡동,서울특별시 강서구 화곡로 194 (화곡동),근린생활1,제1종근린생활시설,1017123273,지번,1,False
1150010300100240524,서울특별시 강서구 화곡동,서울특별시 강서구 화곡로42길 4 (화곡동),근린생활1,제1종근린생활시설,1017126082,지번,1,False
1150010300110060005,서울특별시 강서구 화곡동,서울특별시 강서구 강서로45가길 9 (화곡동),근린생활1,제1종근린생활시설,1017127111,지번,1,False
1150010300100460148,서울특별시 강서구 화곡동,서울특별시 강서구 초록마을로5길 29 (화곡동),근린생활1,제1종근린생활시설,1017114650,지번,1,False
1150010300103490025,서울특별시 강서구 화곡동,서울특별시 강서구 강서로17길 16 (화곡동),근린생활2,제2종근린생활시설,101719292,지번,1,False
1150010600107200023,서울특별시 강서구 내발산동,서울특별시 강서구 강서로45나길 21 (내발산동),근린생활1,제1종근린생활시설,1017122303,지번,1,False
1150010300103540097,서울특별시 강서구 화곡동,서울특별시 강서구 강서로17다길 23 (화곡동),근린생활2,제2종근린생활시설,1017116596,지번,1,False
1150010300100730036,서울특별시 강서구 화곡동,서울특별시 강서구 화곡로43길 28 (화곡동),근린생활2,제2종근린생활시설,101717816,지번,1,False
1150010600107200002,서울특별시 강서구 내발산동,서울특별시 강서구 강서로45라길 28 (내발산동),근린생활1,제1종근린생활시설,101714965,지번,2,False
1150010600107220001,서울특별시 강서구 내발산동,서울특별시 강서구 강서로45길 46 (내발산동),근린생활2,제2종근린생활시설,1017127781,지번,1,False
1150010300101090005,서울특별시 강서구 화곡동,서울특별시 강서구 화곡로 192 (화곡동),근린생활2,제2종근린생활시설,10171100202854,지번,1,False
1150010300100500120,서울특별시 강서구 화곡동,서울특별시 강서구 초록마을로 65 (화곡동),판매시설,판매시설,101711740,지번,11,False
1150010300101020320,서울특별시 강서구 화곡동,서울특별시 강서구 까치산로4길 101-5 (화곡동),근린생활2,제2종근린생활시설,1017124517,지번,1,False
1150010300111590004,서울특별시 강서구 화곡동,서울특별시 강서구 우현로 34 (화곡동),근린생활1,제1종근린생활시설,1017120080,지번,1,False
1150010300100700059,서울특별시 강서구 화곡동,서울특별시 강서구 초록마을로 10 (화곡동),근린생활2,제2종근린생활시설,101716765,지번,1,False
1150010300100980154,서울특별시 강서구 화곡동,서울특별시 강서구 초록마을로2길 48 (화곡동),근린생활2,제2종근린생활시설,1017127674,지번,1,False
1150010300103590057,서울특별시 강서구 화곡동,서울특별시 강서구 가로공원로76길 102 (화곡동),근린생활1,제1종근린생활시설,101717464,지번,1,False
1150010300103620014,서울특별시 강서구 화곡동,서울특별시 강서구 가로공원로76가길 29 (화곡동),근린생활2,제2종근린생활시설,101714827,지번,1,False
1150010600107180019,서울특별시 강서구 내발산동,서울특별시 강서구 강서로 279-55 (내발산동),근린생활1,공동주택,10171100314192,지번,1,False
1150010300110740002,서울특별시 강서구 화곡동,서울특별시 강서구 화곡로26가길 32 (화곡동),근린생활2,제2종근린생활시설,1017123174,지번,1,False
1150010300110340012,서울특별시 강서구 화곡동,서울특별시 강서구 강서로39길 13 (화곡동),근린생활1,제1종근린생활시설,1017119993,지번,1,False
1150010300110240014,서울특별시 강서구 화곡동,서울특별시 강서구 강서로33가길 74 (화곡동),근린생활2,제2종근린생활시설,1017119831,지번,1,False
1150010300110320015,서울특별시 강서구 화곡동,서울특별시 강서구 강서로 189 (화곡동),근린생활1,제1종근린생활시설,10171100358714,지번,1,False
1150010300103450008,서울특별시 강서구 화곡동,서울특별시 강서구 곰달래로 93 (화곡동),근린생활2,제2종근린생활시설,101714781,지번,1,False
1150010300110600036,서울특별시 강서구 화곡동,서울특별시 강서구 화곡로 187 (화곡동),근린생활2,제2종근린생활시설,1017118273,지번,1,False
1150010300110140019,서울특별시 강서구 화곡동,서울특별시 강서구 강서로41길 28 (화곡동),근린생활2,제2종근린생활시설,101714934,지번,1,False
1150010300110420000,서울특별시 강서구 화곡동,서울특별시 강서구 화곡로13나길 2 (화곡동),근린생활2,제2종근린생활시설,101719121,지번,1,False
1150010300110670022,서울특별시 강서구 화곡동,서울특별시 강서구 화곡로 129 (화곡동),근린생활2,제2종근린생활시설,101717080,지번,1,False
1150010300100700020,서울특별시 강서구 화곡동,서울특별시 강서구 초록마을로 6 (화곡동),근린생활1,제1종근린생활시설,1017119209,지번,1,False
1150010300100530003,서울특별시 강서구 화곡동,서울특별시 강서구 초록마을로5길 2 (화곡동),근린생활1,제1종근린생활시설,101714975,지번,1,False
1150010300103970028,서울특별시 강서구 화곡동,서울특별시 강서구 강서로18길 61 (화곡동),근린생활2,제2종근린생활시설,1017122672,지번,1,False
1150010300100900002,서울특별시 강서구 화곡동,서울특별시 강서구 우현로 3 (화곡동),근린생활2,제2종근린생활시설,1017110200,지번,1,False
1150010300110300000,서울특별시 강서구 화곡동,서울특별시 강서구 화곡로31길 79 (화곡동),근린생활2,제2종근린생활시설,1017118746,지번,1,False
1150010300108990001,서울특별시 강서구 화곡동,서울특별시 강서구 곰달래로 124 (화곡동),근린생활2,제2종근린생활시설,1017122894,지번,1,False
1150010300107420005,서울특별시 강서구 화곡동,서울특별시 강서구 화곡로 220 (화곡동),근린생활2,제2종근린생활시설,1017125003,지번,1,False
1150010300110240025,서울특별시 강서구 화곡동,서울특별시 강서구 강서로 219 (화곡동),근린생활1,제1종근린생활시설,1017127189,지번,1,False
1150010300100980055,서울특별시 강서구 화곡동,서울특별시 강서구 화곡로 194-5 (화곡동),근린생활1,제1종근린생활시설,101718905,지번,1,False
1150010300101430000,서울특별시 강서구 화곡동,서울특별시 강서구 화곡로 178 (화곡동),근린생활1,제1종근린생활시설,1017124661,지번,1,False
1150010300103670001,서울특별시 강서구 화곡동,서울특별시 강서구 가로공원로 218 (화곡동),근린생활1,업무시설,10171100348975,지번,2,False
1150010300103670001,서울특별시 강서구 화곡동,서울특별시 강서구 가로공원로 218 (화곡동),근린생활1,업무시설,10171100349024,지번,2,False
1150010300110620020,서울특별시 강서구 화곡동,서울특별시 강서구 화곡로27가길 1 (화곡동),근린생활2,제1종근린생활시설,1017125978,지번,1,False
1150010300110760001,서울특별시 강서구 화곡동,서울특별시 강서구 화곡로 176-4 (화곡동),근린생활1,제1종근린생활시설,10171100199882,지번,1,False
1150010300103510007,서울특별시 강서구 화곡동,서울특별시 강서구 강서로17나길 78-12 (화곡동),근린생활2,제2종근린생활시설,1017126241,지번,1,False
1150010300110320011,서울특별시 강서구 화곡동,서울특별시 강서구 강서로 193 (화곡동),근린생활1,제1종근린생활시설,1017112667,지번,1,False
1150010300110350013,서울특별시 강서구 화곡동,서울특별시 강서구 화곡로21길 56 (화곡동),근린생활2,제2종근린생활시설,101716973,지번,1,False
1150010300110240011,서울특별시 강서구 화곡동,서울특별시 강서구 강서로39길 8 (화곡동),근린생활1,제1종근린생활시설,1017126198,지번,1,False
1150010300109320005,서울특별시 강서구 화곡동,서울특별시 강서구 국회대로 55 (화곡동),근린생활2,제2종근린생활시설,10171100181625,지번,1,False
1150010300100240190,서울특별시 강서구 화곡동,서울특별시 강서구 까치산로 64 (화곡동),근린생활2,공동주택,1000000000000001586272,지번,2,True
1150010300100240190,서울특별시 강서구 화곡동,서울특별시 강서구 까치산로 64 (화곡동),근린생활2,공동주택,1000000000000001586337,지번,2,True
1150010300110850022,서울특별시 강서구 화곡동,서울특별시 강서구 화곡로24길 40 (화곡동),근린생활2,제2종근린생활시설,1017112331,지번,1,False
1150010300103590063,서울특별시 강서구 화곡동,서울특별시 강서구 강서로17길 134 (화곡동),근린생활1,제1종근린생활시설,1017126646,지번,1,False
1150010300103520040,서울특별시 강서구 화곡동,서울특별시 강서구 가로공원로84길 79 (화곡동),근린생활1,제1종근린생활시설,1017128022,지번,1,False
1150010300103480012,서울특별시 강서구 화곡동,서울특별시 강서구 강서로15길 10 (화곡동),근린생활1,공동주택,10171100323272,지번,1,False
1150010300110410000,서울특별시 강서구 화곡동,서울특별시 강서구 화곡로13길 52 (화곡동),근린생활2,제2종근린생활시설,1017112724,지번,1,False
1150010300103790042,서울특별시 강서구 화곡동,서울특별시 강서구 강서로29길 85 (화곡동),근린생활1,공동주택,10171100336893,지번,2,True
1150010300103790042,서울특별시 강서구 화곡동,서울특별시 강서구 강서로29길 85 (화곡동),근린생활1,공동주택,10171100336908,지번,2,True
1150010300100240163,서울특별시 강서구 화곡동,서울특별시 강서구 까치산로14길 10 (화곡동),근린생활2,제2종근린생활시설,1017110115,지번,1,False
1150010300110360013,서울특별시 강서구 화곡동,서울특별시 강서구 화곡로21길 53 (화곡동),근린생활1,제1종근린생활시설,1017125998,지번,1,False
1150010300100240495,서울특별시 강서구 화곡동,서울특별시 강서구 초록마을로 6-1 (화곡동),근린생활1,제1종근린생활시설,1017114661,지번,1,False
1150010300103720095,서울특별시 강서구 화곡동,서울특별시 강서구 가로공원로72길 3 (화곡동),근린생활1,제1종근린생활시설,1017116384,지번,1,False
1150010300110600005,서울특별시 강서구 화곡동,서울특별시 강서구 화곡로 199 (화곡동),근린생활1,제1종근린생활시설,1017111766,지번,1,False
1150010300100830013,서울특별시 강서구 화곡동,서울특별시 강서구 우현로 14 (화곡동),근린생활1,제1종근린생활시설,101715991,지번,1,False
1150010600107230007,서울특별시 강서구 내발산동,서울특별시 강서구 강서로45길 10 (내발산동),근린생활1,제1종근린생활시설,1017114367,지번,1,False
1150010300100980207,서울특별시 강서구 화곡동,서울특별시 강서구 까치산로 33 (화곡동),근린생활1,제1종근린생활시설,1017119151,지번,1,False
1150010300100980070,서울특별시 강서구 화곡동,서울특별시 강서구 까치산로6길 9 (화곡동),근린생활1,제1종근린생활시설,101714762,지번,1,False
1150010300103680061,서울특별시 강서구 화곡동,서울특별시 강서구 가로공원로84길 16 (화곡동),근린생활1,제1종근린생활시설,101716345,지번,1,False
1150010300101140008,서울특별시 강서구 화곡동,서울특별시 강서구 화곡로 188-1 (화곡동),근린생활2,제2종근린생활시설,1017113020,지번,1,False
1150010300100240253,서울특별시 강서구 화곡동,서울특별시 강서구 초록마을로4길 1 (화곡동),근린생활2,제2종근린생활시설,1017110311,지번,1,False
1150010300103380028,서울특별시 강서구 화곡동,서울특별시 강서구 강서로20길 26 (화곡동),근린생활1,제1종근린생활시설,101719089,지번,1,False
1150010300103580007,서울특별시 강서구 화곡동,서울특별시 강서구 강서로17길 125 (화곡동),근린생활2,공동주택,10171100359274,지번,1,False
1150010300110730011,서울특별시 강서구 화곡동,서울특별시 강서구 화곡로 146 (화곡동),근린생활1,공동주택,10171100354634,지번,1,False
1150010300110750008,서울특별시 강서구 화곡동,서울특별시 강서구 화곡로26길 11 (화곡동),근린생활2,제2종근린생활시설,1017111790,지번,1,False
1150010300103370005,서울특별시 강서구 화곡동,서울특별시 강서구 강서로18가길 37-6 (화곡동),근린생활2,제2종근린생활시설,1017110523,지번,1,False
1150010300100940002,서울특별시 강서구 화곡동,서울특별시 강서구 화곡로 243-1 (화곡동),근린생활2,제2종근린생활시설,1017117884,지번,1,False
1150010300103390030,서울특별시 강서구 화곡동,서울특별시 강서구 강서로18다길 9 (화곡동),근린생활2,제2종근린생활시설,1017121568,지번,1,False
1150010300108970021,서울특별시 강서구 화곡동,서울특별시 강서구 곰달래로 142 (화곡동),근린생활2,제2종근린생활시설,1017117023,지번,1,False
1150010300103480038,서울특별시 강서구 화곡동,서울특별시 강서구 강서로15길 8 (화곡동),근린생활2,제2종근린생활시설,101718453,지번,1,False
1150010300110720001,서울특별시 강서구 화곡동,서울특별시 강서구 화곡로 128 (화곡동),근린생활1,제1종근린생활시설,1017122768,지번,1,False
1150010300100700046,서울특별시 강서구 화곡동,서울특별시 강서구 초록마을로 5 (화곡동),근린생활1,제1종근린생활시설,1017114648,지번,1,False
1150010300110320002,서울특별시 강서구 화곡동,서울특별시 강서구 강서로33가길 56 (화곡동),근린생활1,제1종근린생활시설,1017117956,지번,1,False
1150010300103590024,서울특별시 강서구 화곡동,서울특별시 강서구 가로공원로76길 94 (화곡동),근린생활1,제1종근린생활시설,1017128500,지번,1,False
1150010300110860030,서울특별시 강서구 화곡동,서울특별시 강서구 화곡로20길 46 (화곡동),근린생활1,제1종근린생활시설,1017124388,지번,1,False
1150010300108880009,서울특별시 강서구 화곡동,서울특별시 강서구 국회대로7길 213 (화곡동),근린생활2,업무시설,1000000000000001264823,지번,1,False
1150010300103400004,서울특별시 강서구 화곡동,서울특별시 강서구 강서로18길 24 (화곡동),근린생활1,제1종근린생활시설,1017120866,지번,1,False
1150010300109290003,서울특별시 강서구 화곡동,서울특별시 강서구 강서로5나길 117 (화곡동),근린생활2,제2종근린생활시설,1017128264,지번,1,False
1150010300103590086,서울특별시 강서구 화곡동,서울특별시 강서구 가로공원로76길 106 (화곡동),근린생활1,근린생활시설,101719431,지번,1,False
1150010300110860003,서울특별시 강서구 화곡동,서울특별시 강서구 화곡로18길 31 (화곡동),근린생활1,제1종근린생활시설,1017114281,지번,1,False
1150010300103730015,서울특별시 강서구 화곡동,서울특별시 강서구 월정로30길 21 (화곡동),판매시설,판매시설,101716880,지번,1,False
1150010300110850000,서울특별시 강서구 화곡동,서울특별시 강서구 화곡로20길 47 (화곡동),근린생활1,제1종근린생활시설,1017119591,지번,1,False
1150010300103420051,서울특별시 강서구 화곡동,서울특별시 강서구 곰달래로 137-1 (화곡동),근린생활2,제2종근린생활시설,1017112993,지번,1,False
1150010300108910018,서울특별시 강서구 화곡동,서울특별시 강서구 국회대로7길 204 (화곡동),근린생활1,제1종근린생활시설,101716886,지번,1,False
1150010300103410067,서울특별시 강서구 화곡동,서울특별시 강서구 강서로 46 (화곡동),근린생활1,제1종근린생활시설,1017125474,지번,1,False
1150010300103410073,서울특별시 강서구 화곡동,서울특별시 강서구 강서로 42-1 (화곡동),근린생활2,제2종근린생활시설,1017125831,지번,1,False
1150010300108960008,서울특별시 강서구 화곡동,서울특별시 강서구 강서로10길 35 (화곡동),근린생활2,제2종근린생활시설,1017120135,지번,1,False
1150010300100290030,서울특별시 강서구 화곡동,서울특별시 강서구 까치산로 93 (화곡동),근린생활2,제2종근린생활시설,1017122616,지번,1,False
1150010300100290027,서울특별시 강서구 화곡동,서울특별시 강서구 까치산로 95 (화곡동),근린생활2,제2종근린생활시설,1017120254,지번,1,False
1150010300103400031,서울특별시 강서구 화곡동,서울특별시 강서구 강서로16길 27 (화곡동),근린생활2,제2종근린생활시설,1017117160,지번,1,False
1150010300103590105,서울특별시 강서구 화곡동,서울특별시 강서구 월정로28길 28-1 (화곡동),근린생활1,공동주택,1000000000000000880845,지번,1,False
1150010300109110021,서울특별시 강서구 화곡동,서울특별시 강서구 국회대로 81 (화곡동),근린생활2,제2종근린생활시설,1017122160,지번,1,False
1150010300109050006,서울특별시 강서구 화곡동,서울특별시 강서구 강서로5나길 24 (화곡동),근린생활1,제1종근린생활시설,1017127644,지번,1,False
1150010300109070004,서울특별시 강서구 화곡동,서울특별시 강서구 국회대로 119 (화곡동),근린생활2,제2종근린생활시설,1017123745,지번,1,False
1150010300109080003,서울특별시 강서구 화곡동,서울특별시 강서구 국회대로 111 (화곡동),근린생활1,제1종근린생활시설,1017126684,지번,1,False
1150010300100240257,서울특별시 강서구 화곡동,서울특별시 강서구 까치산로 51 (화곡동),근린생활1,제1종근린생활시설,101716380,지번,1,False
1150010300109310005,서울특별시 강서구 화곡동,서울특별시 강서구 국회대로 65 (화곡동),근린생활2,제2종근린생활시설,1017128054,지번,1,False
1150010300100240198,서울특별시 강서구 화곡동,서울특별시 강서구 초록마을로3길 10 (화곡동),근린생활1,제1종근린생활시설,1017122379,지번,1,False
1150010300110370024,서울특별시 강서구 화곡동,서울특별시 강서구 강서로41길 71 (화곡동),근린생활1,제1종근린생활시설,101716936,지번,1,False
1150010300103570029,서울특별시 강서구 화곡동,서울특별시 강서구 월정로 132 (화곡동),근린생활1,제1종근린생활시설,1017125130,지번,1,False
1150010300103620073,서울특별시 강서구 화곡동,서울특별시 강서구 가로공원로76가길 5 (화곡동),근린생활1,제1종근린생활시설,1017119144,지번,1,False
1150010300103720090,서울특별시 강서구 화곡동,서울특별시 강서구 가로공원로 172 (화곡동),근린생활1,공동주택,1000000000000004459847,지번,1,False
1150010300103570028,서울특별시 강서구 화곡동,서울특별시 강서구 월정로 128-1 (화곡동),근린생활1,제1종근린생활시설,101718778,지번,1,False
1150010300110670023,서울특별시 강서구 화곡동,서울특별시 강서구 화곡로 127 (화곡동),근린생활2,제2종근린생활시설,101711728,지번,2,False
1150010300110670023,서울특별시 강서구 화곡동,서울특별시 강서구 화곡로 127 (화곡동),근린생활2,제2종근린생활시설,101711729,지번,2,False
1150010300109320007,서울특별시 강서구 화곡동,서울특별시 강서구 월정로 82 (화곡동),근린생활1,제1종근린생활시설,101715901,지번,1,False
1150010300109010015,서울특별시 강서구 화곡동,서울특별시 강서구 강서로7길 35 (화곡동),근린생활1,위락시설,10171100352134,지번,1,False
1150010300104210021,서울특별시 강서구 화곡동,서울특별시 강서구 강서로17길 105 (화곡동),근린생활1,공동주택,10171100354314,지번,1,False
1150010300103760024,서울특별시 강서구 화곡동,서울특별시 강서구 월정로 182 (화곡동),근린생활1,제1종근린생활시설,1017117257,지번,1,False
1150010300103600016,서울특별시 강서구 화곡동,서울특별시 강서구 월정로 154 (화곡동),근린생활1,제1종근린생활시설,1017118554,지번,1,False
1150010300100240154,서울특별시 강서구 화곡동,서울특별시 강서구 까치산로 79 (화곡동),근린생활2,제2종근린생활시설,1017113318,지번,1,False
1150010300109070002,서울특별시 강서구 화곡동,서울특별시 강서구 강서로5길 24 (화곡동),근린생활1,제1종근린생활시설,1017113001,지번,1,False
1150010300103400059,서울특별시 강서구 화곡동,서울특별시 강서구 곰달래로25길 77 (화곡동),근린생활1,제1종근린생활시설,101719273,지번,1,False
1150010300103400047,서울특별시 강서구 화곡동,서울특별시 강서구 강서로 64 (화곡동),근린생활1,제1종근린생활시설,101715190,지번,1,False
1150010300103800002,서울특별시 강서구 화곡동,서울특별시 강서구 강서로29길 56 (화곡동),근린생활1,제1종근린생활시설,101712328,지번,3,False
1150010900105930133,서울특별시 강서구 방화동,서울특별시 강서구 금낭화로 60-4 (방화동),근린생활1,제1종근린생활시설,1017112786,지번,1,False
1150010300103710057,서울특별시 강서구 화곡동,서울특별시 강서구 월정로32길 43 (화곡동),근린생활1,제1종근린생활시설,1017111116,지번,1,False
1150010300108940006,서울특별시 강서구 화곡동,서울특별시 강서구 강서로8길 15 (화곡동),근린생활2,제2종근린생활시설,1017113880,지번,1,False
1150010300109100029,서울특별시 강서구 화곡동,서울특별시 강서구 강서로5나길 57 (화곡동),근린생활1,제1종근린생활시설,1017122554,지번,1,False
1150010300103720024,서울특별시 강서구 화곡동,서울특별시 강서구 월정로32길 15 (화곡동),근린생활1,제1종근린생활시설,1017112669,지번,1,False
1150010300103720116,서울특별시 강서구 화곡동,서울특별시 강서구 가로공원로 176 (화곡동),근린생활2,제2종근린생활시설,1017110242,지번,1,False
1150010300109120003,서울특별시 강서구 화곡동,서울특별시 강서구 강서로5나길 91 (화곡동),근린생활1,공동주택,10171100301073,지번,2,True
1150010300109120003,서울특별시 강서구 화곡동,서울특별시 강서구 강서로5나길 91 (화곡동),근린생활1,공동주택,10171100301092,지번,2,True
1150010300109100023,서울특별시 강서구 화곡동,서울특별시 강서구 강서로5나길 65 (화곡동),근린생활2,제2종근린생활시설,101719760,지번,1,False
1150010300109110017,서울특별시 강서구 화곡동,서울특별시 강서구 국회대로 85-21 (화곡동),근린생활2,제2종근린생활시설,1017124200,지번,1,False
1150010300101090045,서울특별시 강서구 화곡동,서울특별시 강서구 화곡로 200 (화곡동),근린생활1,제1종근린생활시설,1017119222,지번,1,False
1150010300103540011,서울특별시 강서구 화곡동,서울특별시 강서구 강서로17다길 31 (화곡동),근린생활1,제1종근린생활시설,101714564,지번,1,False
1150010300104260003,서울특별시 강서구 화곡동,서울특별시 강서구 곰달래로 89 (화곡동),근린생활2,제2종근린생활시설,1017121728,지번,1,False
1150010300104250004,서울특별시 강서구 화곡동,서울특별시 강서구 곰달래로 79 (화곡동),근린생활2,제2종근린생활시설,1017121280,지번,1,False
1150010300108990005,서울특별시 강서구 화곡동,서울특별시 강서구 곰달래로24길 16 (화곡동),근린생활2,업무시설,1000000000000005308321,지번,1,False
1150010300110870009,서울특별시 강서구 화곡동,서울특별시 강서구 화곡로18길 34 (화곡동),근린생활1,제1종근린생활시설,101719874,지번,1,False
1150010300110700011,서울특별시 강서구 화곡동,서울특별시 강서구 화곡로 120 (화곡동),근린생활2,업무시설,10171100339733,지번,2,False
1150010300110700011,서울특별시 강서구 화곡동,서울특별시 강서구 화곡로 120 (화곡동),근린생활2,업무시설,10171100339794,지번,2,False
1150010300109330033,서울특별시 강서구 화곡동,서울특별시 강서구 월정로 92 (화곡동),근린생활1,제1종근린생활시설,101717459,지번,1,False
1150010300110860028,서울특별시 강서구 화곡동,서울특별시 강서구 화곡로18길 43 (화곡동),근린생활1,제1종근린생활시설,101716917,지번,1,False
1150010300103620091,서울특별시 강서구 화곡동,서울특별시 강서구 가로공원로76길 91 (화곡동),근린생활2,제2종근린생활시설,1017117629,지번,1,False
1150010300103710064,서울특별시 강서구 화곡동,서울특별시 강서구 가로공원로76길 9 (화곡동),근린생활2,제2종근린생활시설,1017128204,지번,1,False
1150010300103800005,서울특별시 강서구 화곡동,서울특별시 강서구 강서로29길 66 (화곡동),근린생활1,제1종근린생활시설,1017111315,지번,1,False
1150010300103570001,서울특별시 강서구 화곡동,서울특별시 강서구 강서로17길 147 (화곡동),근린생활1,제1종근린생활시설,1017114467,지번,1,False
1150010300108940003,서울특별시 강서구 화곡동,서울특별시 강서구 곰달래로26길 14 (화곡동),근린생활1,제1종근린생활시설,101715090,지번,1,False
1150010300103730014,서울특별시 강서구 화곡동,서울특별시 강서구 월정로30길 27 (화곡동),근린생활1,제1종근린생활시설,101718189,지번,1,False
1150010300108980011,서울특별시 강서구 화곡동,서울특별시 강서구 곰달래로 126 (화곡동),근린생활1,제1종근린생활시설,101715236,지번,1,False
1150010300109810008,서울특별시 강서구 화곡동,서울특별시 강서구 화곡로44가길 47 (화곡동),근린생활2,제2종근린생활시설,1017121642,지번,1,False
1150010300109320006,서울특별시 강서구 화곡동,서울특별시 강서구 국회대로 53 (화곡동),근린생활1,제1종근린생활시설,1017120629,지번,1,False
1150010300109150034,서울특별시 강서구 화곡동,서울특별시 강서구 곰달래로20길 27 (화곡동),근린생활2,제2종근린생활시설,1017116223,지번,1,False
1150010300100290057,서울특별시 강서구 화곡동,서울특별시 강서구 까치산로 86 (화곡동),근린생활1,공동주택,10171100349655,지번,2,True
1150010300100290057,서울특별시 강서구 화곡동,서울특별시 강서구 까치산로 86 (화곡동),근린생활1,공동주택,10171100349703,지번,2,True
1150010300110340002,서울특별시 강서구 화곡동,서울특별시 강서구 화곡로21길 68 (화곡동),근린생활1,제1종근린생활시설,1017123157,지번,1,False
1150010300103590059,서울특별시 강서구 화곡동,서울특별시 강서구 강서로17길 118 (화곡동),근린생활2,제2종근린생활시설,1017128087,지번,1,False
1150010300103400104,서울특별시 강서구 화곡동,서울특별시 강서구 곰달래로25길 75 (화곡동),근린생활1,제1종근린생활시설,1017114665,지번,1,False
1150010300103980023,서울특별시 강서구 화곡동,서울특별시 강서구 강서로18길 51 (화곡동),근린생활1,제1종근린생활시설,101718013,지번,1,False
1150010300103710041,서울특별시 강서구 화곡동,서울특별시 강서구 월정로32길 53 (화곡동),근린생활1,제1종근린생활시설,101716001,지번,1,False
1150010300103400008,서울특별시 강서구 화곡동,서울특별시 강서구 강서로18길 36 (화곡동),근린생활2,제2종근린생활시설,1017112397,지번,1,False
1150010300110670029,서울특별시 강서구 화곡동,서울특별시 강서구 화곡로 125 (화곡동),근린생활1,제2종근린생활시설,101712361,지번,2,False
1150010300110670029,서울특별시 강서구 화곡동,서울특별시 강서구 화곡로 125 (화곡동),근린생활1,제1종근린생활시설,101712362,지번,2,False
1150010300110730036,서울특별시 강서구 화곡동,서울특별시 강서구 화곡로26가길 64 (화곡동),근린생활2,단독주택,10171100354114,지번,1,False
1150010300109130006,서울특별시 강서구 화곡동,서울특별시 강서구 강서로5나길 94 (화곡동),근린생활1,제1종근린생활시설,101717500,지번,1,False
1150010300108960015,서울특별시 강서구 화곡동,서울특별시 강서구 곰달래로 148 (화곡동),근린생활2,제2종근린생활시설,1017111655,지번,1,False
1150010300108970019,서울특별시 강서구 화곡동,서울특별시 강서구 곰달래로 140 (화곡동),근린생활2,제2종근린생활시설,1017119534,지번,1,False
1150010300103420012,서울특별시 강서구 화곡동,서울특별시 강서구 강서로12길 22 (화곡동),근린생활1,제1종근린생활시설,1017118711,지번,1,False
1150010300109080005,서울특별시 강서구 화곡동,서울특별시 강서구 국회대로 107 (화곡동),근린생활1,제1종근린생활시설,101715294,지번,1,False
1150010300109110008,서울특별시 강서구 화곡동,서울특별시 강서구 국회대로 85 (화곡동),근린생활1,제1종근린생활시설,1017120732,지번,1,False
1150010300103600011,서울특별시 강서구 화곡동,서울특별시 강서구 월정로 146 (화곡동),근린생활1,제1종근린생활시설,1017115232,지번,1,False
1150010300109140020,서울특별시 강서구 화곡동,서울특별시 강서구 강서로5나길 66-1 (화곡동),근린생활2,제2종근린생활시설,1017114133,지번,1,False
1150010300109110002,서울특별시 강서구 화곡동,서울특별시 강서구 국회대로 85-41 (화곡동),근린생활1,제1종근린생활시설,1017123902,지번,1,False
1150010300110430026,서울특별시 강서구 화곡동,서울특별시 강서구 화곡로13길 18 (화곡동),근린생활2,제2종근린생활시설,1017119368,지번,1,False
1150010300103710062,서울특별시 강서구 화곡동,서울특별시 강서구 가로공원로76길 17 (화곡동),근린생활1,제1종근린생활시설,1017120925,지번,1,False
1150010300103460001,서울특별시 강서구 화곡동,서울특별시 강서구 강서로 55 (화곡동),근린생활1,제1종근린생활시설,1017114603,지번,1,False
1150010300103420013,서울특별시 강서구 화곡동,서울특별시 강서구 강서로12길 18 (화곡동),근린생활2,제2종근린생활시설,1017111158,지번,1,False
1150010300103600009,서울특별시 강서구 화곡동,서울특별시 강서구 월정로 142 (화곡동),근린생활2,제2종근린생활시설,101717810,지번,1,False
1150010300109370015,서울특별시 강서구 화곡동,서울특별시 강서구 월정로 116 (화곡동),근린생활2,업무시설,1000000000000000088173,지번,1,False
1150010300104210023,서울특별시 강서구 화곡동,서울특별시 강서구 곰달래로15길 46 (화곡동),근린생활2,제2종근린생활시설,1017112787,지번,1,False
1150010300109060022,서울특별시 강서구 화곡동,서울특별시 강서구 강서로5나길 37 (화곡동),근린생활2,제2종근린생활시설,1017117497,지번,1,False
1150010300103400060,서울특별시 강서구 화곡동,서울특별시 강서구 강서로18길 8-21 (화곡동),근린생활1,제1종근린생활시설,1017123645,지번,1,False
1150010300109710001,서울특별시 강서구 화곡동,서울특별시 강서구 까치산로17길 5 (화곡동),근린생활1,제1종근린생활시설,1017123414,지번,1,False
1150010300103420105,서울특별시 강서구 화곡동,서울특별시 강서구 곰달래로 139 (화곡동),근린생활1,제1종근린생활시설,1017127711,지번,1,False
1150010300103420098,서울특별시 강서구 화곡동,서울특별시 강서구 곰달래로 143 (화곡동),근린생활1,제1종근린생활시설,101717434,지번,1,False
1150010300103400075,서울특별시 강서구 화곡동,서울특별시 강서구 곰달래로25길 63 (화곡동),근린생활2,제2종근린생활시설,1017115214,지번,1,False
1150010300108970018,서울특별시 강서구 화곡동,서울특별시 강서구 곰달래로 138-2 (화곡동),근린생활2,제2종근린생활시설,1017115630,지번,1,False
1150010300103620114,서울특별시 강서구 화곡동,서울특별시 강서구 가로공원로76길 69 (화곡동),근린생활1,제1종근린생활시설,1017113848,지번,1,False
1150010300103730019,서울특별시 강서구 화곡동,서울특별시 강서구 가로공원로76길 50-5 (화곡동),근린생활2,제2종근린생활시설,1017115923,지번,1,False
1150010300100240128,서울특별시 강서구 화곡동,서울특별시 강서구 화곡로 234 (화곡동),근린생활1,제1종근린생활시설,101718417,지번,1,False
1150010300103760041,서울특별시 강서구 화곡동,서울특별시 강서구 월정로 198 (화곡동),근린생활2,공동주택,1000000000000000174509,지번,1,False
1150010300109350015,서울특별시 강서구 화곡동,서울특별시 강서구 강서로7길 147 (화곡동),근린생활2,업무시설,10171100325413,지번,1,False
1150010300103720002,서울특별시 강서구 화곡동,서울특별시 강서구 가로공원로 188 (화곡동),근린생활1,제1종근린생활시설,101718461,지번,1,False
1150010300103720043,서울특별시 강서구 화곡동,서울특별시 강서구 가로공원로74길 3 (화곡동),근린생활1,제1종근린생활시설,1017114949,지번,1,False
1150010300109360014,서울특별시 강서구 화곡동,서울특별시 강서구 월정로 110 (화곡동),근린생활2,제2종근린생활시설,101711367,지번,2,False
1150010300109360014,서울특별시 강서구 화곡동,서울특별시 강서구 월정로 110 (화곡동),근린생활2,제2종근린생활시설,101711370,지번,2,False
1150010300109000038,서울특별시 강서구 화곡동,서울특별시 강서구 강서로7길 44 (화곡동),근린생활1,제1종근린생활시설,1017126236,지번,1,False
1150010300109330040,서울특별시 강서구 화곡동,서울특별시 강서구 월정로 88 (화곡동),근린생활1,제1종근린생활시설,1017113877,지번,1,False
1150010300103620041,서울특별시 강서구 화곡동,서울특별시 강서구 월정로30길 58 (화곡동),근린생활1,제1종근린생활시설,101719306,지번,1,False
1150010300109060014,서울특별시 강서구 화곡동,서울특별시 강서구 강서로5나길 31 (화곡동),근린생활2,제2종근린생활시설,1017111613,지번,1,False
1150010300109100001,서울특별시 강서구 화곡동,서울특별시 강서구 강서로5나길 43 (화곡동),근린생활2,제2종근린생활시설,1017117801,지번,1,False
1150010300110700037,서울특별시 강서구 화곡동,서울특별시 강서구 화곡로14길 5 (화곡동),근린생활2,제2종근린생활시설,101717511,지번,1,False
1150010300110150040,서울특별시 강서구 화곡동,서울특별시 강서구 화곡로13길 141 (화곡동),근린생활1,제1종근린생활시설,1017122816,지번,1,False
1150010300103390007,서울특별시 강서구 화곡동,서울특별시 강서구 강서로18길 37 (화곡동),근린생활2,제2종근린생활시설,1017118931,지번,1,False
1150010300103790023,서울특별시 강서구 화곡동,서울특별시 강서구 가로공원로 205 (화곡동),근린생활2,제2종근린생활시설,101717100,지번,1,False
1150010300110700000,서울특별시 강서구 화곡동,서울특별시 강서구 화곡로 110 (화곡동),근린생활1,제1종근린생활시설,1000000000000004962841,지번,1,False
1150010300103590022,서울특별시 강서구 화곡동,서울특별시 강서구 월정로28길 34 (화곡동),근린생활1,제1종근린생활시설,1017113982,지번,1,False
1150010300110860002,서울특별시 강서구 화곡동,서울특별시 강서구 화곡로18길 27 (화곡동),근린생활2,제2종근린생활시설,1017116635,지번,1,False
1150010300100950012,서울특별시 강서구 화곡동,서울특별시 강서구 화곡로 237 (화곡동),근린생활1,제1종근린생활시설,101714958,지번,1,False
1150010300100950141,서울특별시 강서구 화곡동,서울특별시 강서구 화곡로 239 (화곡동),근린생활1,제1종근린생활시설,101716636,지번,1,False
1150010300100240251,서울특별시 강서구 화곡동,서울특별시 강서구 초록마을로 12 (화곡동),근린생활2,제2종근린생활시설,1017118523,지번,1,False
1150010300109280037,서울특별시 강서구 화곡동,서울특별시 강서구 곰달래로16길 35 (화곡동),근린생활2,제2종근린생활시설,1017124415,지번,1,False
1150010300110720007,서울특별시 강서구 화곡동,서울특별시 강서구 화곡로18길 7 (화곡동),근린생활1,제1종근린생활시설,1017120194,지번,1,False
1150010300103760019,서울특별시 강서구 화곡동,서울특별시 강서구 월정로 186 (화곡동),근린생활1,제1종근린생활시설,1017111861,지번,1,False
1150010300103730009,서울특별시 강서구 화곡동,서울특별시 강서구 가로공원로76길 48 (화곡동),근린생활1,제1종근린생활시설,1017125915,지번,1,False
1150010300103730007,서울특별시 강서구 화곡동,서울특별시 강서구 가로공원로76길 44 (화곡동),근린생활1,제1종근린생활시설,1017128078,지번,1,False
1150010300103710063,서울특별시 강서구 화곡동,서울특별시 강서구 가로공원로76길 11 (화곡동),근린생활1,제1종근린생활시설,1017123896,지번,1,False
1150010300103730005,서울특별시 강서구 화곡동,서울특별시 강서구 가로공원로76길 38 (화곡동),근린생활1,제1종근린생활시설,1017125050,지번,1,False
1150010300109040001,서울특별시 강서구 화곡동,서울특별시 강서구 강서로5길 10 (화곡동),근린생활2,제2종근린생활시설,1017124364,지번,1,False
1150010300100240019,서울특별시 강서구 화곡동,서울특별시 강서구 화곡로44길 11 (화곡동),근린생활1,공동주택,10171100338952,지번,1,False
1150010300109780014,서울특별시 강서구 화곡동,서울특별시 강서구 화곡로50길 21 (화곡동),근린생활1,제1종근린생활시설,101712802,지번,2,False
1150010300109080012,서울특별시 강서구 화곡동,서울특별시 강서구 국회대로 103 (화곡동),근린생활2,제2종근린생활시설,1017113486,지번,1,False
1150010300103410062,서울특별시 강서구 화곡동,서울특별시 강서구 강서로12길 5-24 (화곡동),근린생활1,제1종근린생활시설,101713427,지번,2,False
1150010300100610012,서울특별시 강서구 화곡동,서울특별시 강서구 까치산로 42 (화곡동),근린생활1,제1종근린생활시설,1017116321,지번,1,False
1150010300110240010,서울특별시 강서구 화곡동,서울특별시 강서구 강서로 207 (화곡동),근린생활2,제2종근린생활시설,101718267,지번,1,False
1150010300103910060,서울특별시 강서구 화곡동,서울특별시 강서구 곰달래로 149 (화곡동),근린생활2,제2종근린생활시설,101715999,지번,1,False
1150010300103620082,서울특별시 강서구 화곡동,서울특별시 강서구 월정로30길 44 (화곡동),근린생활2,제2종근린생활시설,101715662,지번,1,False
1150010300103400051,서울특별시 강서구 화곡동,서울특별시 강서구 강서로 60 (화곡동),근린생활1,제1종근린생활시설,101718326,지번,1,False
1150010300103410004,서울특별시 강서구 화곡동,서울특별시 강서구 곰달래로25길 45 (화곡동),근린생활1,제1종근린생활시설,1017124444,지번,1,False
1150010300110680024,서울특별시 강서구 화곡동,서울특별시 강서구 화곡로 117-1 (화곡동),근린생활2,제2종근린생활시설,1017111846,지번,1,False
1150010300103400052,서울특별시 강서구 화곡동,서울특별시 강서구 강서로 58 (화곡동),근린생활1,제1종근린생활시설,101719829,지번,1,False
1150010300100980223,서울특별시 강서구 화곡동,서울특별시 강서구 까치산로4길 17 (화곡동),근린생활1,제1종근린생활시설,1017116399,지번,1,False
1150010300103810012,서울특별시 강서구 화곡동,서울특별시 강서구 화곡로24길 47 (화곡동),근린생활1,제1종근린생활시설,1017123153,지번,1,False
1150010300110680001,서울특별시 강서구 화곡동,서울특별시 강서구 화곡로15길 10 (화곡동),근린생활1,제1종근린생활시설,1017128040,지번,1,False
1150010300103620183,서울특별시 강서구 화곡동,서울특별시 강서구 가로공원로76길 83 (화곡동),근린생활1,제1종근린생활시설,1017124319,지번,1,False
1150010300110740007,서울특별시 강서구 화곡동,서울특별시 강서구 화곡로 152 (화곡동),근린생활1,제1종근린생활시설,10171100324172,지번,1,False
1150010300103700054,서울특별시 강서구 화곡동,서울특별시 강서구 가로공원로76길 45 (화곡동),근린생활1,제1종근린생활시설,1017128308,지번,1,False
1150010300103620159,서울특별시 강서구 화곡동,서울특별시 강서구 가로공원로76길 65 (화곡동),근린생활1,제1종근린생활시설,101715052,지번,1,False
1150010300103410059,서울특별시 강서구 화곡동,서울특별시 강서구 강서로12길 5-14 (화곡동),근린생활1,제1종근린생활시설,1017115819,지번,1,False
1150010300109710002,서울특별시 강서구 화곡동,서울특별시 강서구 까치산로 107 (화곡동),근린생활1,제1종근린생활시설,1017121995,지번,1,False
1150010300109700020,서울특별시 강서구 화곡동,서울특별시 강서구 까치산로 102-1 (화곡동),근린생활1,제1종근린생활시설,1017114109,지번,1,False
1150010300103410060,서울특별시 강서구 화곡동,서울특별시 강서구 강서로12길 5-18 (화곡동),근린생활1,제1종근린생활시설,1017111475,지번,1,False
1150010300108970016,서울특별시 강서구 화곡동,서울특별시 강서구 곰달래로 138 (화곡동),근린생활2,제2종근린생활시설,1017119723,지번,1,False
1150010300108970017,서울특별시 강서구 화곡동,서울특별시 강서구 곰달래로 138-1 (화곡동),근린생활1,제1종근린생활시설,1017115278,지번,1,False
1150010300103770004,서울특별시 강서구 화곡동,서울특별시 강서구 화곡로20길 60 (화곡동),근린생활2,근린생활시설,1017126728,지번,1,False
1150010300100980046,서울특별시 강서구 화곡동,서울특별시 강서구 까치산로 37 (화곡동),근린생활1,제1종근린생활시설,1017121321,지번,1,False
1150010300110120000,서울특별시 강서구 화곡동,서울특별시 강서구 강서로45다길 21 (화곡동),근린생활2,제2종근린생활시설,101719007,지번,1,False
1150010300110810039,서울특별시 강서구 화곡동,서울특별시 강서구 강서로31길 52 (화곡동),근린생활2,제2종근린생활시설,101717803,지번,1,False
1150010300110660022,서울특별시 강서구 화곡동,서울특별시 강서구 화곡로 145 (화곡동),근린생활2,제2종근린생활시설,101716781,지번,1,False
1150010300110060012,서울특별시 강서구 화곡동,서울특별시 강서구 강서로 243-8 (화곡동),근린생활2,제2종근린생활시설,1017121967,지번,1,False
1150010300103790091,서울특별시 강서구 화곡동,서울특별시 강서구 가로공원로 211-1 (화곡동),근린생활2,제2종근린생활시설,1017124783,지번,1,False
1150010300103590060,서울특별시 강서구 화곡동,서울특별시 강서구 강서로17길 122 (화곡동),근린생활2,제2종근린생활시설,1017117975,지번,1,False
1150010300103920059,서울특별시 강서구 화곡동,서울특별시 강서구 강서로12길 39 (화곡동),근린생활1,제1종근린생활시설,1017111480,지번,1,False
1150010300103540063,서울특별시 강서구 화곡동,서울특별시 강서구 가로공원로76길 101 (화곡동),근린생활1,제1종근린생활시설,1017115474,지번,1,False
1150010300103790086,서울특별시 강서구 화곡동,서울특별시 강서구 가로공원로 199 (화곡동),근린생활2,제2종근린생활시설,1017123734,지번,1,False
1150010300110860016,서울특별시 강서구 화곡동,서울특별시 강서구 화곡로20길 28 (화곡동),근린생활2,제2종근린생활시설,101714993,지번,1,False
1150010300103400050,서울특별시 강서구 화곡동,서울특별시 강서구 강서로 60-1 (화곡동),근린생활2,제2종근린생활시설,1017125975,지번,1,False
1150010300110660002,서울특별시 강서구 화곡동,서울특별시 강서구 화곡로 139 (화곡동),근린생활2,제2종근린생활시설,1017115403,지번,1,False
1150010300103790087,서울특별시 강서구 화곡동,서울특별시 강서구 가로공원로 197-1 (화곡동),근린생활1,제1종근린생활시설,1017110804,지번,1,False
1150010300109360009,서울특별시 강서구 화곡동,서울특별시 강서구 월정로 106 (화곡동),근린생활2,제2종근린생활시설,1017115166,지번,1,False
1150010300103730012,서울특별시 강서구 화곡동,서울특별시 강서구 가로공원로76길 56 (화곡동),근린생활1,제1종근린생활시설,1017126345,지번,1,False
1150010300103800014,서울특별시 강서구 화곡동,서울특별시 강서구 화곡로20길 51 (화곡동),근린생활1,제1종근린생활시설,101715965,지번,1,False
1150010300103390029,서울특별시 강서구 화곡동,서울특별시 강서구 강서로18길 35 (화곡동),근린생활2,제2종근린생활시설,101719750,지번,1,False
1150010300109080032,서울특별시 강서구 화곡동,서울특별시 강서구 강서로5나길 11 (화곡동),근린생활2,제2종근린생활시설,1017121977,지번,1,False
1150010300103410094,서울특별시 강서구 화곡동,서울특별시 강서구 강서로12길 5-17 (화곡동),근린생활2,제2종근린생활시설,1017117712,지번,1,False
1150010300101050439,서울특별시 강서구 화곡동,서울특별시 강서구 까치산로2길 75 (화곡동),근린생활2,제2종근린생활시설,1017119634,지번,1,False
1150010300109060001,서울특별시 강서구 화곡동,서울특별시 강서구 강서로5나길 21 (화곡동),근린생활2,제2종근린생활시설,1017119025,지번,1,False
1150010300103430006,서울특별시 강서구 화곡동,서울특별시 강서구 강서로 47-8 (화곡동),근린생활2,제2종근린생활시설,1017114409,지번,1,False
1150010300109290004,서울특별시 강서구 화곡동,서울특별시 강서구 강서로5나길 115 (화곡동),근린생활1,제1종근린생활시설,1017110546,지번,1,False
1150010300103730013,서울특별시 강서구 화곡동,서울특별시 강서구 월정로30길 31 (화곡동),근린생활1,제2종근린생활시설,10171100250112,지번,2,False
1150010300103730013,서울특별시 강서구 화곡동,서울특별시 강서구 월정로30길 31 (화곡동),근린생활1,제1종근린생활시설,101715825,지번,2,False
1150010300109820005,서울특별시 강서구 화곡동,서울특별시 강서구 화곡로44가길 37 (화곡동),근린생활2,제2종근린생활시설,101718030,지번,1,False
1150010300109050005,서울특별시 강서구 화곡동,서울특별시 강서구 강서로5나길 22 (화곡동),근린생활1,제1종근린생활시설,1017126741,지번,1,False
1150010300101050367,서울특별시 강서구 화곡동,서울특별시 강서구 까치산로 17-1 (화곡동),근린생활1,제1종근린생활시설,101718122,지번,1,False
1150010300110260023,서울특별시 강서구 화곡동,서울특별시 강서구 화곡로31길 90 (화곡동),근린생활2,제2종근린생활시설,1017117235,지번,1,False
1150010300103490015,서울특별시 강서구 화곡동,서울특별시 강서구 강서로17길 6 (화곡동),근린생활2,제2종근린생활시설,1017115881,지번,1,False
1150010300103690053,서울특별시 강서구 화곡동,서울특별시 강서구 가로공원로82길 42-3 (화곡동),근린생활1,제1종근린생활시설,101719186,지번,1,False
1150010300103570022,서울특별시 강서구 화곡동,서울특별시 강서구 곰달래로 55-1 (화곡동),근린생활2,제2종근린생활시설,1017126303,지번,1,False
1150010300110420002,서울특별시 강서구 화곡동,서울특별시 강서구 화곡로13길 36 (화곡동),근린생활2,공동주택,10171100303448,지번,1,False
1150010300110710039,서울특별시 강서구 화곡동,서울특별시 강서구 화곡로14길 11-2 (화곡동),근린생활1,제1종근린생활시설,1000000000000001531396,지번,1,False
1150010300110660000,서울특별시 강서구 화곡동,서울특별시 강서구 화곡로21길 10 (화곡동),근린생활1,제1종근린생활시설,1017115375,지번,1,False
1150010300103910061,서울특별시 강서구 화곡동,서울특별시 강서구 곰달래로 147-1 (화곡동),근린생활2,제2종근린생활시설,1017124982,지번,1,False
1150010300109860013,서울특별시 강서구 화곡동,서울특별시 강서구 화곡로 279 (화곡동),근린생활2,제2종근린생활시설,1017118303,지번,1,False
1150010300110500033,서울특별시 강서구 화곡동,서울특별시 강서구 강서로33길 12 (화곡동),근린생활1,제1종근린생활시설,1017118983,지번,1,False
1150010300109790007,서울특별시 강서구 화곡동,서울특별시 강서구 화곡로52길 20 (화곡동),근린생활2,제2종근린생활시설,1017117422,지번,1,False
1150010300103660009,서울특별시 강서구 화곡동,서울특별시 강서구 가로공원로84길 58 (화곡동),근린생활2,제2종근린생활시설,1017120217,지번,1,False
1150010300109760009,서울특별시 강서구 화곡동,서울특별시 강서구 까치산로17길 10 (화곡동),근린생활1,제1종근린생활시설,1017120299,지번,1,False
1150010300103410095,서울특별시 강서구 화곡동,서울특별시 강서구 강서로12길 5-15 (화곡동),근린생활1,제1종근린생활시설,1017110000,지번,1,False
1150010300103420045,서울특별시 강서구 화곡동,서울특별시 강서구 곰달래로25길 5 (화곡동),근린생활1,제1종근린생활시설,1017110721,지번,1,False
1150010300103420052,서울특별시 강서구 화곡동,서울특별시 강서구 곰달래로 137 (화곡동),근린생활2,제2종근린생활시설,1017119528,지번,1,False
1150010300110190027,서울특별시 강서구 화곡동,서울특별시 강서구 강서로41길 52 (화곡동),근린생활1,제1종근린생활시설,1017119349,지번,1,False
1150010300110690000,서울특별시 강서구 화곡동,서울특별시 강서구 화곡로13길 10 (화곡동),근린생활1,제1종근린생활시설,1017122590,지번,1,False
1150010300103770042,서울특별시 강서구 화곡동,서울특별시 강서구 가로공원로 173 (화곡동),근린생활1,제1종근린생활시설,1017126906,지번,1,False
1150010300110860001,서울특별시 강서구 화곡동,서울특별시 강서구 화곡로18길 25 (화곡동),근린생활1,제1종근린생활시설,1017123219,지번,1,False
1150010300103700103,서울특별시 강서구 화곡동,서울특별시 강서구 가로공원로76길 55 (화곡동),근린생활1,제1종근린생활시설,1017114250,지번,1,False
1150010300100240322,서울특별시 강서구 화곡동,서울특별시 강서구 화곡로 232 (화곡동),근린생활2,제2종근린생활시설,1017122877,지번,1,False
1150010300109030002,서울특별시 강서구 화곡동,서울특별시 강서구 강서로 17-1 (화곡동),근린생활1,제1종근린생활시설,101718999,지번,1,False
1150010300104040003,서울특별시 강서구 화곡동,서울특별시 강서구 강서로26길 6 (화곡동),근린생활1,제1종근린생활시설,101718797,지번,1,False
1150010300110590005,서울특별시 강서구 화곡동,서울특별시 강서구 화곡로31가길 30 (화곡동),근린생활2,단독주택,1017119848,지번,1,False
1150010300100710004,서울특별시 강서구 화곡동,서울특별시 강서구 화곡로 258 (화곡동),근린생활2,제2종근린생활시설,101714737,지번,1,False
1150010300100910022,서울특별시 강서구 화곡동,서울특별시 강서구 화곡로 243 (화곡동),근린생활1,제1종근린생활시설,1017117177,지번,1,False
1150010300100240281,서울특별시 강서구 화곡동,서울특별시 강서구 초록마을로 27 (화곡동),근린생활1,제1종근린생활시설,1017121976,지번,1,False
1150010300103790049,서울특별시 강서구 화곡동,서울특별시 강서구 가로공원로 193 (화곡동),근린생활2,제2종근린생활시설,1017119234,지번,1,False
1150010300100530007,서울특별시 강서구 화곡동,서울특별시 강서구 초록마을로 33 (화곡동),근린생활2,제2종근린생활시설,1017111625,지번,1,False
1150010300104210008,서울특별시 강서구 화곡동,서울특별시 강서구 곰달래로19길 43 (화곡동),근린생활1,제1종근린생활시설,1017117826,지번,1,False
1150010300100240233,서울특별시 강서구 화곡동,서울특별시 강서구 화곡로 222 (화곡동),근린생활2,제2종근린생활시설,1017113523,지번,1,False
1150010300103540061,서울특별시 강서구 화곡동,서울특별시 강서구 강서로17길 114 (화곡동),근린생활1,제1종근린생활시설,10171100206142,지번,1,False
1150010300109750021,서울특별시 강서구 화곡동,서울특별시 강서구 화곡로50길 22 (화곡동),근린생활1,단독주택,10171100349297,지번,1,False
1150010300104240057,서울특별시 강서구 화곡동,서울특별시 강서구 강서로15길 115 (화곡동),근린생활1,제1종근린생활시설,1017122290,지번,1,False
1150010300103760001,서울특별시 강서구 화곡동,서울특별시 강서구 월정로 202 (화곡동),근린생활1,제1종근린생활시설,1017125760,지번,1,False
1150010300109050010,서울특별시 강서구 화곡동,서울특별시 강서구 강서로5나길 36 (화곡동),근린생활1,제1종근린생활시설,1017113217,지번,1,False
1150010300110830002,서울특별시 강서구 화곡동,서울특별시 강서구 화곡로20길 27 (화곡동),근린생활1,제1종근린생활시설,1017110988,지번,1,False
1150010300103410072,서울특별시 강서구 화곡동,서울특별시 강서구 강서로 42 (화곡동),근린생활2,제2종근린생활시설,1017110389,지번,1,False
1150010300103710071,서울특별시 강서구 화곡동,서울특별시 강서구 가로공원로76길 13 (화곡동),근린생활1,제1종근린생활시설,1017112466,지번,1,False
1150010300109760020,서울특별시 강서구 화곡동,서울특별시 강서구 까치산로 111 (화곡동),근린생활1,제1종근린생활시설,1017117568,지번,1,False
1150010300109700021,서울특별시 강서구 화곡동,서울특별시 강서구 까치산로 104 (화곡동),근린생활1,공동주택,10171100307072,지번,1,False
1150010300103700055,서울특별시 강서구 화곡동,서울특별시 강서구 가로공원로76길 47 (화곡동),근린생활2,제2종근린생활시설,1017114293,지번,1,False
1150010300103710058,서울특별시 강서구 화곡동,서울특별시 강서구 가로공원로76길 29 (화곡동),근린생활2,근린생활시설,1017115743,지번,1,False
1150010300103710061,서울특별시 강서구 화곡동,서울특별시 강서구 가로공원로76길 19 (화곡동),근린생활2,제2종근린생활시설,1017115211,지번,1,False
1150010300103410070,서울특별시 강서구 화곡동,서울특별시 강서구 강서로12길 5 (화곡동),근린생활1,제1종근린생활시설,1017119017,지번,1,False
1150010300103720073,서울특별시 강서구 화곡동,서울특별시 강서구 가로공원로 178-5 (화곡동),근린생활2,공동주택,10171100357814,지번,1,False
1150010300103570023,서울특별시 강서구 화곡동,서울특별시 강서구 곰달래로 55 (화곡동),근린생활1,제1종근린생활시설,101718820,지번,1,False
1150010300109010016,서울특별시 강서구 화곡동,서울특별시 강서구 강서로7길 27 (화곡동),근린생활2,제2종근린생활시설,10171100208488,지번,1,False
1150010300101110089,서울특별시 강서구 화곡동,서울특별시 강서구 화곡로 217 (화곡동),근린생활2,제2종근린생활시설,1017124396,지번,1,False
1150010300103470006,서울특별시 강서구 화곡동,서울특별시 강서구 강서로17길 37 (화곡동),근린생활2,제2종근린생활시설,101716214,지번,1,False
1150010300104090077,서울특별시 강서구 화곡동,서울특별시 강서구 초록마을로 144 (화곡동),근린생활2,제2종근린생활시설,1017112646,지번,1,False
1150010300101050378,서울특별시 강서구 화곡동,서울특별시 강서구 까치산로 11 (화곡동),근린생활2,업무시설,10171100308543,지번,1,False
1150010300110740017,서울특별시 강서구 화곡동,서울특별시 강서구 화곡로 158 (화곡동),근린생활2,제2종근린생활시설,1017122617,지번,1,False
1150010300101110075,서울특별시 강서구 화곡동,서울특별시 강서구 화곡로 223 (화곡동),근린생활2,제2종근린생활시설,1017112459,지번,1,False
1150010300103390015,서울특별시 강서구 화곡동,서울특별시 강서구 강서로18나길 1 (화곡동),근린생활2,제2종근린생활시설,1017119302,지번,1,False
1150010300103670018,서울특별시 강서구 화곡동,서울특별시 강서구 월정로30길 99 (화곡동),근린생활2,제2종근린생활시설,1017126870,지번,1,False
1150010300100980086,서울특별시 강서구 화곡동,서울특별시 강서구 까치산로4길 21 (화곡동),근린생활1,제1종근린생활시설,1017123294,지번,1,False
1150010300110430000,서울특별시 강서구 화곡동,서울특별시 강서구 화곡로13길 28 (화곡동),근린생활2,제2종근린생활시설,1017115368,지번,1,False
1150010300110080037,서울특별시 강서구 화곡동,서울특별시 강서구 강서로45길 49-5 (화곡동),근린생활1,제1종근린생활시설,101715018,지번,1,False
1150010300109080019,서울특별시 강서구 화곡동,서울특별시 강서구 강서로5나길 15 (화곡동),근린생활2,제2종근린생활시설,1017126485,지번,1,False
1150010300109760006,서울특별시 강서구 화곡동,서울특별시 강서구 까치산로 113 (화곡동),근린생활1,제1종근린생활시설,1017113681,지번,1,False
1150010300110680027,서울특별시 강서구 화곡동,서울특별시 강서구 화곡로 115 (화곡동),근린생활2,제2종근린생활시설,1017115868,지번,1,False
1150010300110670021,서울특별시 강서구 화곡동,서울특별시 강서구 화곡로 131 (화곡동),근린생활2,제2종근린생활시설,1017117336,지번,1,False
1150010300103550003,서울특별시 강서구 화곡동,서울특별시 강서구 곰달래로15길 31 (화곡동),근린생활1,제1종근린생활시설,1017112238,지번,1,False
1150010300103410092,서울특별시 강서구 화곡동,서울특별시 강서구 강서로12길 15 (화곡동),근린생활2,제2종근린생활시설,1017110796,지번,1,False
1150010300103700056,서울특별시 강서구 화곡동,서울특별시 강서구 가로공원로76길 53 (화곡동),근린생활1,제1종근린생활시설,1017125676,지번,1,False
1150010300109340016,서울특별시 강서구 화곡동,서울특별시 강서구 강서로5나길 135 (화곡동),근린생활2,제2종근린생활시설,101719859,지번,1,False
1150010300109700017,서울특별시 강서구 화곡동,서울특별시 강서구 까치산로 100 (화곡동),근린생활2,제2종근린생활시설,101716967,지번,1,False
1150010300110430033,서울특별시 강서구 화곡동,서울특별시 강서구 강서로33길 110 (화곡동),근린생활2,제2종근린생활시설,1017117924,지번,1,False
1150010300110430032,서울특별시 강서구 화곡동,서울특별시 강서구 강서로33길 106 (화곡동),근린생활2,제2종근린생활시설,1017126531,지번,1,False
1150010300109320003,서울특별시 강서구 화곡동,서울특별시 강서구 국회대로 59 (화곡동),근린생활2,제2종근린생활시설,1017115159,지번,1,False
1150010300100290182,서울특별시 강서구 화곡동,서울특별시 강서구 초록마을로3길 80 (화곡동),근린생활1,제1종근린생활시설,1017116205,지번,1,False
1150010300108980005,서울특별시 강서구 화곡동,서울특별시 강서구 강서로 21 (화곡동),근린생활1,제1종근린생활시설,1017119700,지번,1,False
1150010300100290171,서울특별시 강서구 화곡동,서울특별시 강서구 화곡로44나길 1 (화곡동),근린생활1,공동주택,10171100332272,지번,1,False
1150010300108980012,서울특별시 강서구 화곡동,서울특별시 강서구 곰달래로 126 (화곡동),근린생활2,제2종근린생활시설,1017110764,지번,1,False
1150010300109360015,서울특별시 강서구 화곡동,서울특별시 강서구 월정로 112 (화곡동),근린생활2,제2종근린생활시설,1017111338,지번,1,False
1150010300109810015,서울특별시 강서구 화곡동,서울특별시 강서구 화곡로44가길 43 (화곡동),근린생활2,제2종근린생활시설,1017125388,지번,1,False
1150010300104040027,서울특별시 강서구 화곡동,서울특별시 강서구 강서로26길 10 (화곡동),근린생활2,제2종근린생활시설,1017116656,지번,1,False
1150010300103670051,서울특별시 강서구 화곡동,서울특별시 강서구 가로공원로 236-4 (화곡동),근린생활1,업무시설,10171100309612,지번,1,False
1150010300110910010,서울특별시 강서구 화곡동,서울특별시 강서구 강서로45길 49-38 (화곡동),근린생활2,제2종근린생활시설,1017127543,지번,1,False
1150010600107230002,서울특별시 강서구 내발산동,서울특별시 강서구 강서로 259 (내발산동),근린생활1,제1종근린생활시설,1017112654,지번,1,False
1150010300103680001,서울특별시 강서구 화곡동,서울특별시 강서구 가로공원로 212 (화곡동),근린생활1,제1종근린생활시설,1017121042,지번,1,False
1150010300103380025,서울특별시 강서구 화곡동,서울특별시 강서구 강서로18길 5 (화곡동),근린생활2,제2종근린생활시설,1017121477,지번,1,False
1150010600107200016,서울특별시 강서구 내발산동,서울특별시 강서구 강서로45나길 19-10 (내발산동),근린생활2,제2종근린생활시설,1017123775,지번,1,False
1150010300110060000,서울특별시 강서구 화곡동,서울특별시 강서구 강서로45길 9 (화곡동),근린생활2,제2종근린생활시설,101717141,지번,1,False
1150010300100260008,서울특별시 강서구 화곡동,서울특별시 강서구 까치산로15길 17 (화곡동),근린생활1,제1종근린생활시설,101717435,지번,1,False
1150010300103670164,서울특별시 강서구 화곡동,서울특별시 강서구 가로공원로84길 7 (화곡동),근린생활2,제2종근린생활시설,1017120094,지번,1,False
1150010300103620083,서울특별시 강서구 화곡동,서울특별시 강서구 가로공원로76길 61 (화곡동),근린생활1,제1종근린생활시설,1017119966,지번,1,False
1150010300101110084,서울특별시 강서구 화곡동,서울특별시 강서구 화곡로 219 (화곡동),근린생활2,공동주택,10171100309213,지번,2,True
1150010300101110084,서울특별시 강서구 화곡동,서울특별시 강서구 화곡로 219 (화곡동),근린생활2,공동주택,10171100309244,지번,2,True
1150010300110760024,서울특별시 강서구 화곡동,서울특별시 강서구 강서로 156 (화곡동),근린생활2,제2종근린생활시설,10171100201356,지번,1,False
1150010300110870002,서울특별시 강서구 화곡동,서울특별시 강서구 화곡로18길 30-15 (화곡동),근린생활2,제2종근린생활시설,1017123470,지번,1,False
1150010300110720019,서울특별시 강서구 화곡동,서울특별시 강서구 화곡로20길 16 (화곡동),근린생활1,제1종근린생활시설,101716959,지번,1,False
1150010300100240346,서울특별시 강서구 화곡동,서울특별시 강서구 화곡로 270 (화곡동),근린생활1,제1종근린생활시설,101719452,지번,1,False
1150010300103400054,서울특별시 강서구 화곡동,서울특별시 강서구 강서로16길 1 (화곡동),근린생활2,제2종근린생활시설,1017114590,지번,1,False
1150010300103720006,서울특별시 강서구 화곡동,서울특별시 강서구 가로공원로76길 10 (화곡동),근린생활2,제2종근린생활시설,1017127506,지번,1,False
1150010300109340021,서울특별시 강서구 화곡동,서울특별시 강서구 월정로16길 1 (화곡동),근린생활1,제1종근린생활시설,1017115899,지번,1,False
1150010300108960012,서울특별시 강서구 화곡동,서울특별시 강서구 강서로10길 27 (화곡동),근린생활2,제2종근린생활시설,1017128267,지번,1,False
1150010300103590119,서울특별시 강서구 화곡동,서울특별시 강서구 강서로17길 140-1 (화곡동),근린생활1,제1종근린생활시설,101715709,지번,1,False
1150010300103590065,서울특별시 강서구 화곡동,서울특별시 강서구 강서로17길 140 (화곡동),근린생활2,제2종근린생활시설,1017116142,지번,1,False
1150010300103480010,서울특별시 강서구 화곡동,서울특별시 강서구 강서로 59 (화곡동),근린생활2,제1종근린생활시설,10171100356534,지번,1,False
1150010300109280006,서울특별시 강서구 화곡동,서울특별시 강서구 곰달래로18길 40 (화곡동),근린생활2,제2종근린생활시설,1017110572,지번,1,False
1150010300109270005,서울특별시 강서구 화곡동,서울특별시 강서구 강서로5나길 116 (화곡동),근린생활2,제2종근린생활시설,1017121766,지번,1,False
1150010300110860032,서울특별시 강서구 화곡동,서울특별시 강서구 화곡로20길 50 (화곡동),근린생활1,제1종근린생활시설,1017119894,지번,1,False
1150010300109360016,서울특별시 강서구 화곡동,서울특별시 강서구 월정로18길 6 (화곡동),근린생활2,업무시설,10171100356354,지번,1,False
1150010300100240057,서울특별시 강서구 화곡동,서울특별시 강서구 화곡로42나길 14-5 (화곡동),근린생활2,제2종근린생활시설,101717809,지번,1,False
1150010300103400045,서울특별시 강서구 화곡동,서울특별시 강서구 강서로18길 8-10 (화곡동),근린생활1,제1종근린생활시설,101715085,지번,1,False
1150010300109130011,서울특별시 강서구 화곡동,서울특별시 강서구 강서로5나길 90 (화곡동),근린생활1,제1종근린생활시설,1017113883,지번,1,False
1150010300103470003,서울특별시 강서구 화곡동,서울특별시 강서구 강서로17길 47 (화곡동),근린생활2,제2종근린생활시설,1017120574,지번,1,False
1150010300103510089,서울특별시 강서구 화곡동,서울특별시 강서구 강서로17가길 46 (화곡동),근린생활1,제1종근린생활시설,101711751,지번,5,False
1150010300103530036,서울특별시 강서구 화곡동,서울특별시 강서구 강서로17길 36 (화곡동),근린생활2,제2종근린생활시설,1017125512,지번,1,False
1150010300103480023,서울특별시 강서구 화곡동,서울특별시 강서구 강서로17길 29 (화곡동),근린생활1,제1종근린생활시설,101718473,지번,1,False
1150010300104010017,서울특별시 강서구 화곡동,서울특별시 강서구 가로공원로 237 (화곡동),근린생활1,제1종근린생활시설,1017125437,지번,1,False
1150010300110590001,서울특별시 강서구 화곡동,서울특별시 강서구 화곡로31가길 36 (화곡동),근린생활1,제1종근린생활시설,1017117731,지번,1,False
1150010300104000043,서울특별시 강서구 화곡동,서울특별시 강서구 가로공원로 231 (화곡동),근린생활1,제1종근린생활시설,1017114155,지번,1,False
1150010300103460003,서울특별시 강서구 화곡동,서울특별시 강서구 강서로 53 (화곡동),근린생활2,제2종근린생활시설,1017117937,지번,1,False
1150010300110730000,서울특별시 강서구 화곡동,서울특별시 강서구 화곡로 132 (화곡동),근린생활2,제2종근린생활시설,1017113387,지번,1,False
1150010300103810010,서울특별시 강서구 화곡동,서울특별시 강서구 강서로29길 38 (화곡동),근린생활2,제2종근린생활시설,1017127096,지번,1,False
1150010300100900001,서울특별시 강서구 화곡동,서울특별시 강서구 우현로 1 (화곡동),근린생활2,제2종근린생활시설,1017117030,지번,1,False
1150010300100980001,서울특별시 강서구 화곡동,서울특별시 강서구 화곡로 216 (화곡동),근린생활1,제1종근린생활시설,1017115367,지번,1,False
1150010300109750031,서울특별시 강서구 화곡동,서울특별시 강서구 화곡로50길 16 (화곡동),근린생활1,제1종근린생활시설,1017116949,지번,1,False
1150010300109100008,서울특별시 강서구 화곡동,서울특별시 강서구 강서로5나길 47 (화곡동),근린생활1,제1종근린생활시설,1017120305,지번,1,False
1150010300109040013,서울특별시 강서구 화곡동,서울특별시 강서구 강서로5나길 18 (화곡동),근린생활2,제2종근린생활시설,1017116611,지번,1,False
1150010300109380022,서울특별시 강서구 화곡동,서울특별시 강서구 곰달래로 60 (화곡동),근린생활2,제2종근린생활시설,1017126511,지번,1,False
1150010300100240557,서울특별시 강서구 화곡동,서울특별시 강서구 초록마을로3길 39 (화곡동),근린생활2,제2종근린생활시설,1017120120,지번,1,False
1150010300109310004,서울특별시 강서구 화곡동,서울특별시 강서구 국회대로 67 (화곡동),근린생활2,제2종근린생활시설,1017121159,지번,1,False
1150010300103720003,서울특별시 강서구 화곡동,서울특별시 강서구 가로공원로76길 6 (화곡동),근린생활2,제2종근린생활시설,1017121164,지번,1,False
1150010300103620126,서울특별시 강서구 화곡동,서울특별시 강서구 월정로30길 68 (화곡동),근린생활1,제1종근린생활시설,101718151,지번,1,False
1150010300109340023,서울특별시 강서구 화곡동,서울특별시 강서구 월정로 96 (화곡동),근린생활2,제2종근린생활시설,1017117413,지번,1,False
1150010300109820001,서울특별시 강서구 화곡동,서울특별시 강서구 화곡로 282 (화곡동),근린생활1,제1종근린생활시설,1017112083,지번,1,False
1150010300103620086,서울특별시 강서구 화곡동,서울특별시 강서구 가로공원로76길 73 (화곡동),근린생활1,제1종근린생활시설,1017122593,지번,1,False
1150010300103570051,서울특별시 강서구 화곡동,서울특별시 강서구 월정로 130 (화곡동),근린생활1,제1종근린생활시설,1017118985,지번,1,False
1150010300103710060,서울특별시 강서구 화곡동,서울특별시 강서구 가로공원로76길 23 (화곡동),근린생활1,제1종근린생활시설,1017123394,지번,1,False
1150010300110130018,서울특별시 강서구 화곡동,서울특별시 강서구 강서로41길 12 (화곡동),근린생활1,제1종근린생활시설,1017120279,지번,1,False
1150010300103700044,서울특별시 강서구 화곡동,서울특별시 강서구 가로공원로78길 56 (화곡동),근린생활1,제1종근린생활시설,1017127313,지번,1,False
1150010300103430005,서울특별시 강서구 화곡동,서울특별시 강서구 강서로13길 7 (화곡동),근린생활2,제2종근린생활시설,1017114531,지번,1,False
1150010300104010014,서울특별시 강서구 화곡동,서울특별시 강서구 강서로 135-1 (화곡동),근린생활1,제1종근린생활시설,1017117482,지번,1,False
1150010300100550001,서울특별시 강서구 화곡동,서울특별시 강서구 초록마을로 58 (화곡동),근린생활2,제2종근린생활시설,1017119817,지번,1,False
1150010300104040006,서울특별시 강서구 화곡동,서울특별시 강서구 강서로 132 (화곡동),근린생활2,제2종근린생활시설,101716431,지번,1,False
1150010300109340030,서울특별시 강서구 화곡동,서울특별시 강서구 강서로5나길 139 (화곡동),근린생활1,제1종근린생활시설,1017121475,지번,1,False
1150010300103580008,서울특별시 강서구 화곡동,서울특별시 강서구 강서로17길 121 (화곡동),근린생활1,제1종근린생활시설,1017119899,지번,1,False
1150010300103730008,서울특별시 강서구 화곡동,서울특별시 강서구 가로공원로76길 46 (화곡동),근린생활1,제1종근린생활시설,1017126338,지번,1,False
1150010300103420033,서울특별시 강서구 화곡동,서울특별시 강서구 강서로12길 10 (화곡동),근린생활1,제1종근린생활시설,1017127170,지번,1,False
1150010300103420050,서울특별시 강서구 화곡동,서울특별시 강서구 곰달래로 139-1 (화곡동),근린생활1,제1종근린생활시설,101714200,지번,2,False
1150010300103420050,서울특별시 강서구 화곡동,서울특별시 강서구 곰달래로 139-1 (화곡동),근린생활1,제1종근린생활시설,101714201,지번,2,False
1150010300103600022,서울특별시 강서구 화곡동,서울특별시 강서구 월정로 148-2 (화곡동),근린생활1,제1종근린생활시설,1017124871,지번,1,False
1150010300110740032,서울특별시 강서구 화곡동,서울특별시 강서구 화곡로 162 (화곡동),근린생활2,제2종근린생활시설,101715951,지번,1,False
1150010300110170024,서울특별시 강서구 화곡동,서울특별시 강서구 화곡로13길 90-45 (화곡동),근린생활1,공동주택,10171100311072,지번,1,False
1150010300109370014,서울특별시 강서구 화곡동,서울특별시 강서구 월정로 114 (화곡동),근린생활2,공동주택,10171100339352,지번,1,False
1150010600107200000,서울특별시 강서구 내발산동,서울특별시 강서구 강서로45라길 36 (내발산동),근린생활2,제2종근린생활시설,101713711,지번,1,False
1150010300100240290,서울특별시 강서구 화곡동,서울특별시 강서구 초록마을로 31 (화곡동),근린생활2,제2종근린생활시설,1017116814,지번,1,False
1150010300103400053,서울특별시 강서구 화곡동,서울특별시 강서구 강서로 56 (화곡동),근린생활1,제1종근린생활시설,1017127006,지번,1,False
1150010300103440012,서울특별시 강서구 화곡동,서울특별시 강서구 곰달래로 111 (화곡동),근린생활2,제2종근린생활시설,101717929,지번,1,False
1150010300100900003,서울특별시 강서구 화곡동,서울특별시 강서구 우현로 5 (화곡동),근린생활1,제1종근린생활시설,1017117718,지번,1,False
1150010300100940005,서울특별시 강서구 화곡동,서울특별시 강서구 화곡로 246 (화곡동),근린생활1,제1종근린생활시설,101716262,지번,1,False
1150010300103420049,서울특별시 강서구 화곡동,서울특별시 강서구 곰달래로 141 (화곡동),근린생활2,제2종근린생활시설,1017127496,지번,1,False
1150010300103720015,서울특별시 강서구 화곡동,서울특별시 강서구 가로공원로76길 26 (화곡동),근린생활2,제2종근린생활시설,1017119568,지번,1,False
1150010300108910016,서울특별시 강서구 화곡동,서울특별시 강서구 국회대로7길 200 (화곡동),근린생활2,제2종근린생활시설,101718811,지번,1,False
1150010300103730035,서울특별시 강서구 화곡동,서울특별시 강서구 가로공원로76길 50 (화곡동),근린생활1,제1종근린생활시설,101718373,지번,1,False
1150010300108940019,서울특별시 강서구 화곡동,서울특별시 강서구 강서로10길 8 (화곡동),근린생활1,제1종근린생활시설,101717977,지번,1,False
1150010300103580010,서울특별시 강서구 화곡동,서울특별시 강서구 곰달래로15길 43 (화곡동),근린생활1,제1종근린생활시설,1017120150,지번,1,False
1150010300108990010,서울특별시 강서구 화곡동,서울특별시 강서구 강서로7길 20 (화곡동),근린생활1,제1종근린생활시설,1017120119,지번,1,False
1150010300110680032,서울특별시 강서구 화곡동,서울특별시 강서구 화곡로 111 (화곡동),근린생활2,제2종근린생활시설,1017123094,지번,1,False
1150010300103590103,서울특별시 강서구 화곡동,서울특별시 강서구 가로공원로76길 88 (화곡동),근린생활2,제2종근린생활시설,1017118215,지번,1,False
1150010300109150001,서울특별시 강서구 화곡동,서울특별시 강서구 강서로7길 65 (화곡동),근린생활1,제1종근린생활시설,1017114809,지번,1,False
1150010300103410069,서울특별시 강서구 화곡동,서울특별시 강서구 강서로12길 5-5 (화곡동),근린생활1,제1종근린생활시설,101719464,지번,1,False
1150010300103700052,서울특별시 강서구 화곡동,서울특별시 강서구 가로공원로76길 39 (화곡동),근린생활1,제1종근린생활시설,1017111397,지번,1,False
1150010300103570025,서울특별시 강서구 화곡동,서울특별시 강서구 곰달래로 51 (화곡동),근린생활2,제2종근린생활시설,1017118018,지번,1,False
1150010300103710050,서울특별시 강서구 화곡동,서울특별시 강서구 가로공원로78길 6 (화곡동),근린생활2,공동주택,10171100354734,지번,1,False
1150010300103620043,서울특별시 강서구 화곡동,서울특별시 강서구 월정로30길 52 (화곡동),근린생활1,제1종근린생활시설,1017114763,지번,1,False
1150010300110840053,서울특별시 강서구 화곡동,서울특별시 강서구 강서로31길 68 (화곡동),근린생활2,제2종근린생활시설,1017116650,지번,1,False
1150010300110820000,서울특별시 강서구 화곡동,서울특별시 강서구 화곡로20길 13 (화곡동),근린생활1,제1종근린생활시설,1017116918,지번,1,False
1150010300109100028,서울특별시 강서구 화곡동,서울특별시 강서구 강서로5나길 59 (화곡동),근린생활2,제2종근린생활시설,1017126464,지번,1,False
1150010300103420100,서울특별시 강서구 화곡동,서울특별시 강서구 곰달래로 145 (화곡동),근린생활2,제2종근린생활시설,1017124471,지번,1,False
1150010300109250007,서울특별시 강서구 화곡동,서울특별시 강서구 강서로7길 90 (화곡동),근린생활1,제1종근린생활시설,101718760,지번,1,False
1150010300103410056,서울특별시 강서구 화곡동,서울특별시 강서구 강서로12길 9 (화곡동),근린생활1,제1종근린생활시설,101715714,지번,1,False
1150010300109120016,서울특별시 강서구 화곡동,서울특별시 강서구 강서로5나길 87 (화곡동),근린생활2,제2종근린생활시설,1017113003,지번,1,False
1150010300103580002,서울특별시 강서구 화곡동,서울특별시 강서구 강서로17길 139 (화곡동),근린생활2,제2종근린생활시설,1017119316,지번,1,False
1150010300109200009,서울특별시 강서구 화곡동,서울특별시 강서구 곰달래로 84-6 (화곡동),근린생활2,제2종근린생활시설,1017126576,지번,1,False
1150010300103720011,서울특별시 강서구 화곡동,서울특별시 강서구 가로공원로76길 18 (화곡동),근린생활1,단독주택,10171100343912,지번,1,False
1150010300109040012,서울특별시 강서구 화곡동,서울특별시 강서구 강서로5나길 16 (화곡동),근린생활1,제1종근린생활시설,1017111487,지번,1,False
1150010300109100009,서울특별시 강서구 화곡동,서울특별시 강서구 강서로5나길 51 (화곡동),근린생활1,제1종근린생활시설,1017125720,지번,1,False
1150010300109290001,서울특별시 강서구 화곡동,서울특별시 강서구 강서로5나길 109 (화곡동),판매시설,판매시설,1017128787,지번,1,False
1150010300109380002,서울특별시 강서구 화곡동,서울특별시 강서구 월정로20길 25 (화곡동),근린생활2,제2종근린생활시설,1017128841,지번,1,False
1150010300100240196,서울특별시 강서구 화곡동,서울특별시 강서구 까치산로 65 (화곡동),근린생활2,제2종근린생활시설,1017122333,지번,1,False
1150010300110210006,서울특별시 강서구 화곡동,서울특별시 강서구 강서로41길 41 (화곡동),근린생활2,제2종근린생활시설,1017117855,지번,1,False
1150010300100510040,서울특별시 강서구 화곡동,서울특별시 강서구 초록마을로8길 2 (화곡동),근린생활1,제1종근린생활시설,1017121666,지번,1,False
1150010300110590044,서울특별시 강서구 화곡동,서울특별시 강서구 화곡로31길 8 (화곡동),근린생활1,제1종근린생활시설,1017122390,지번,1,False
1150010300109760007,서울특별시 강서구 화곡동,서울특별시 강서구 까치산로 109 (화곡동),근린생활1,제1종근린생활시설,1017128564,지번,1,False
1150010300100980233,서울특별시 강서구 화곡동,서울특별시 강서구 화곡로 194-42 (화곡동),근린생활1,제1종근린생활시설,1017114857,지번,1,False
1150010300101100065,서울특별시 강서구 화곡동,서울특별시 강서구 화곡로 206 (화곡동),근린생활2,제2종근린생활시설,1017115103,지번,1,False
1150010300110590038,서울특별시 강서구 화곡동,서울특별시 강서구 화곡로 205-4 (화곡동),근린생활2,제2종근린생활시설,1017121806,지번,1,False
1150010300110590041,서울특별시 강서구 화곡동,서울특별시 강서구 화곡로 205-10 (화곡동),근린생활1,제1종근린생활시설,1017113746,지번,1,False
1150010300109360007,서울특별시 강서구 화곡동,서울특별시 강서구 강서로7길 146 (화곡동),근린생활1,제1종근린생활시설,1017123901,지번,1,False
1150010300103730006,서울특별시 강서구 화곡동,서울특별시 강서구 가로공원로76길 40 (화곡동),근린생활1,제1종근린생활시설,1017122326,지번,1,False
1150010300109310014,서울특별시 강서구 화곡동,서울특별시 강서구 국회대로 69 (화곡동),근린생활2,제2종근린생활시설,101715400,지번,1,False
1150010300103620169,서울특별시 강서구 화곡동,서울특별시 강서구 월정로30길 72 (화곡동),근린생활1,제1종근린생활시설,1017112889,지번,1,False
1150010300103430061,서울특별시 강서구 화곡동,서울특별시 강서구 강서로 33 (화곡동),근린생활2,제2종근린생활시설,101714885,지번,1,False
1150010300109240006,서울특별시 강서구 화곡동,서울특별시 강서구 강서로7길 104 (화곡동),근린생활2,업무시설,10171100354454,지번,1,False
1150010300110700008,서울특별시 강서구 화곡동,서울특별시 강서구 화곡로 116 (화곡동),근린생활2,제2종근린생활시설,1017123583,지번,1,False
1150010300110430031,서울특별시 강서구 화곡동,서울특별시 강서구 화곡로15길 15 (화곡동),근린생활2,제2종근린생활시설,1017124127,지번,1,False
1150010300110730035,서울특별시 강서구 화곡동,서울특별시 강서구 화곡로20길 7 (화곡동),근린생활1,제1종근린생활시설,1017118854,지번,1,False
1150010300103790022,서울특별시 강서구 화곡동,서울특별시 강서구 가로공원로 207-2 (화곡동),근린생활2,단독주택,10171100327543,지번,1,False
1150010300109100027,서울특별시 강서구 화곡동,서울특별시 강서구 강서로5나길 61 (화곡동),근린생활2,제2종근린생활시설,1017121113,지번,1,False
1150010300109110024,서울특별시 강서구 화곡동,서울특별시 강서구 국회대로 75 (화곡동),근린생활1,제1종근린생활시설,1017113263,지번,1,False
1150010300109090008,서울특별시 강서구 화곡동,서울특별시 강서구 국회대로 99-3 (화곡동),근린생활1,제1종근린생활시설,1017126497,지번,1,False
1150010300109340001,서울특별시 강서구 화곡동,서울특별시 강서구 월정로16길 27 (화곡동),근린생활1,업무시설,1000000000000007605222,지번,1,False
1150010300109090028,서울특별시 강서구 화곡동,서울특별시 강서구 국회대로 93 (화곡동),근린생활1,제1종근린생활시설,1017125544,지번,1,False
1150010300109110015,서울특별시 강서구 화곡동,서울특별시 강서구 강서로5나길 75 (화곡동),근린생활1,제1종근린생활시설,101715095,지번,1,False
1150010300103680031,서울특별시 강서구 화곡동,서울특별시 강서구 가로공원로 206 (화곡동),근린생활2,제2종근린생활시설,1017118674,지번,1,False
1150010300100950010,서울특별시 강서구 화곡동,서울특별시 강서구 화곡로 235 (화곡동),근린생활2,제2종근린생활시설,1017118466,지번,1,False
1150010300103320020,서울특별시 강서구 화곡동,서울특별시 강서구 강서로18다길 28 (화곡동),근린생활1,제1종근린생활시설,101718359,지번,1,False
1150010300103790088,서울특별시 강서구 화곡동,서울특별시 강서구 가로공원로 209-1 (화곡동),근린생활1,제1종근린생활시설,1017113922,지번,1,False
1150010300109050009,서울특별시 강서구 화곡동,서울특별시 강서구 강서로5나길 32 (화곡동),근린생활2,제2종근린생활시설,1017124172,지번,1,False
1150010300109130009,서울특별시 강서구 화곡동,서울특별시 강서구 강서로5나길 82 (화곡동),근린생활2,제2종근린생활시설,1017116511,지번,1,False
1150010300103710049,서울특별시 강서구 화곡동,서울특별시 강서구 가로공원로 194 (화곡동),근린생활2,제2종근린생활시설,1017115024,지번,1,False
1150010300103380029,서울특별시 강서구 화곡동,서울특별시 강서구 강서로20길 16 (화곡동),근린생활1,공동주택,1000000000000005791651,지번,1,False
1150010300108910017,서울특별시 강서구 화곡동,서울특별시 강서구 국회대로7길 202 (화곡동),근린생활2,제2종근린생활시설,1017118080,지번,1,False
1150010300103590061,서울특별시 강서구 화곡동,서울특별시 강서구 강서로17길 126 (화곡동),근린생활1,제1종근린생활시설,101717751,지번,1,False
1150010300109140014,서울특별시 강서구 화곡동,서울특별시 강서구 강서로5나길 60 (화곡동),근린생활2,제2종근린생활시설,101717957,지번,1,False
1150010300109150035,서울특별시 강서구 화곡동,서울특별시 강서구 강서로7길 85 (화곡동),근린생활1,제1종근린생활시설,1017115040,지번,1,False
1150010300110690003,서울특별시 강서구 화곡동,서울특별시 강서구 화곡로 109 (화곡동),근린생활2,제2종근린생활시설,1017127123,지번,1,False
1150010300103590115,서울특별시 강서구 화곡동,서울특별시 강서구 강서로17길 138 (화곡동),근린생활2,제2종근린생활시설,101717285,지번,1,False
1150010300110440031,서울특별시 강서구 화곡동,서울특별시 강서구 화곡로15길 18 (화곡동),근린생활1,제1종근린생활시설,101719398,지번,1,False
1150010300103620001,서울특별시 강서구 화곡동,서울특별시 강서구 월정로30길 60 (화곡동),근린생활2,제2종근린생활시설,101718831,지번,1,False
1150010300103690059,서울특별시 강서구 화곡동,서울특별시 강서구 월정로30길 79 (화곡동),근린생활2,단독주택,10171100320812,지번,1,False
1150010300103490014,서울특별시 강서구 화곡동,서울특별시 강서구 강서로19길 3 (화곡동),근린생활2,제2종근린생활시설,10171100203634,지번,1,False
1150010300103800011,서울특별시 강서구 화곡동,서울특별시 강서구 강서로29길 82 (화곡동),근린생활2,공동주택,10171100309453,지번,1,False
1150010300103570032,서울특별시 강서구 화곡동,서울특별시 강서구 월정로 136 (화곡동),근린생활1,제2종근린생활시설,1017126590,지번,1,False
1150010300103540001,서울특별시 강서구 화곡동,서울특별시 강서구 가로공원로76가길 32 (화곡동),근린생활1,제1종근린생활시설,1017117219,지번,1,False
1150010300109350012,서울특별시 강서구 화곡동,서울특별시 강서구 강서로5나길 148 (화곡동),근린생활2,제2종근린생활시설,1017110911,지번,1,False
1150010300109110025,서울특별시 강서구 화곡동,서울특별시 강서구 국회대로 79 (화곡동),근린생활1,제1종근린생활시설,1017118497,지번,1,False
1150010300109340026,서울특별시 강서구 화곡동,서울특별시 강서구 강서로5나길 141 (화곡동),근린생활2,제2종근린생활시설,1017127713,지번,1,False
1150010300100500115,서울특별시 강서구 화곡동,서울특별시 강서구 초록마을로 57 (화곡동),근린생활1,제1종근린생활시설,1017110869,지번,1,False
1150010300103820039,서울특별시 강서구 화곡동,서울특별시 강서구 강서로17가길 38 (화곡동),근린생활1,제1종근린생활시설,1017123232,지번,1,False
1150010300103620085,서울특별시 강서구 화곡동,서울특별시 강서구 가로공원로76길 67 (화곡동),근린생활1,제1종근린생활시설,1017113989,지번,1,False
1150010300104250025,서울특별시 강서구 화곡동,서울특별시 강서구 곰달래로 69 (화곡동),근린생활1,제1종근린생활시설,1017114285,지번,1,False
1150010300103770031,서울특별시 강서구 화곡동,서울특별시 강서구 화곡로20길 54 (화곡동),근린생활1,제1종근린생활시설,1017119892,지번,1,False
1150010300103410058,서울특별시 강서구 화곡동,서울특별시 강서구 강서로12길 5-10 (화곡동),근린생활2,제2종근린생활시설,1017126977,지번,1,False
1150010300110150027,서울특별시 강서구 화곡동,서울특별시 강서구 강서로45다길 68 (화곡동),근린생활1,제1종근린생활시설,1017119940,지번,1,False
1150010300100510029,서울특별시 강서구 화곡동,서울특별시 강서구 초록마을로 47 (화곡동),근린생활1,제1종근린생활시설,1017128724,지번,1,False
1150010300100240287,서울특별시 강서구 화곡동,서울특별시 강서구 초록마을로 29-1 (화곡동),근린생활2,제2종근린생활시설,1017121682,지번,1,False
1150010900105870032,서울특별시 강서구 방화동,서울특별시 강서구 초원로12길 55 (방화동),근린생활1,제1종근린생활시설,101717711,지번,1,False
1150010300110650009,서울특별시 강서구 화곡동,서울특별시 강서구 화곡로 157 (화곡동),근린생활1,제1종근린생활시설,10171100208249,지번,1,False
1150010300100980042,서울특별시 강서구 화곡동,서울특별시 강서구 초록마을로4길 37 (화곡동),근린생활1,제1종근린생활시설,10171100205069,지번,1,False
1150010300109790013,서울특별시 강서구 화곡동,서울특별시 강서구 화곡로52길 28 (화곡동),근린생활1,제1종근린생활시설,101717880,지번,1,False
1150010300103580009,서울특별시 강서구 화곡동,서울특별시 강서구 강서로17길 117 (화곡동),근린생활2,제2종근린생활시설,1017112194,지번,1,False
1150010300103400067,서울특별시 강서구 화곡동,서울특별시 강서구 강서로16길 11-1 (화곡동),근린생활2,제2종근린생활시설,1017121965,지번,1,False
1150010300110740000,서울특별시 강서구 화곡동,서울특별시 강서구 화곡로 148 (화곡동),근린생활2,제2종근린생활시설,1017119281,지번,1,False
1150010300103730041,서울특별시 강서구 화곡동,서울특별시 강서구 가로공원로76길 52 (화곡동),근린생활1,제1종근린생활시설,1017118473,지번,1,False
1150010300104210024,서울특별시 강서구 화곡동,서울특별시 강서구 강서로15길 116 (화곡동),근린생활1,제1종근린생활시설,1017111966,지번,1,False
1150010300103620084,서울특별시 강서구 화곡동,서울특별시 강서구 가로공원로76길 63 (화곡동),근린생활1,제1종근린생활시설,1017120789,지번,1,False
1150010300109040027,서울특별시 강서구 화곡동,서울특별시 강서구 강서로5길 16 (화곡동),근린생활2,제2종근린생활시설,1017125587,지번,1,False
1150010300103400017,서울특별시 강서구 화곡동,서울특별시 강서구 곰달래로25길 71-30 (화곡동),근린생활1,제1종근린생활시설,1017120654,지번,1,False
1150010300109850023,서울특별시 강서구 화곡동,서울특별시 강서구 화곡로53나길 21 (화곡동),근린생활2,제2종근린생활시설,1017111759,지번,1,False
1150010600106480002,서울특별시 강서구 내발산동,서울특별시 강서구 공항대로 308-9 (내발산동),근린생활2,제2종근린생활시설,1017118474,지번,1,False
1150010600106660001,서울특별시 강서구 내발산동,서울특별시 강서구 강서로50길 10 (내발산동),근린생활2,제2종근린생활시설,101716369,지번,1,False
1150010300109930002,서울특별시 강서구 화곡동,서울특별시 강서구 화곡로55길 43 (화곡동),근린생활2,제2종근린생활시설,101717668,지번,1,False
1150010200106710005,서울특별시 강서구 등촌동,서울특별시 강서구 강서로56길 56 (등촌동),근린생활1,공동주택,10171100334074,지번,3,True
1150010200106710005,서울특별시 강서구 등촌동,서울특별시 강서구 강서로56길 56 (등촌동),근린생활1,공동주택,10171100334102,지번,3,True
1150010200106710005,서울특별시 강서구 등촌동,서울특별시 강서구 강서로56길 56 (등촌동),근린생활1,공동주택,10171100334118,지번,3,True
1150010200106740006,서울특별시 강서구 등촌동,서울특별시 강서구 강서로56길 24 (등촌동),근린생활2,제2종근린생활시설,1017121413,지번,1,False
1150010200106870004,서울특별시 강서구 등촌동,서울특별시 강서구 강서로62길 35 (등촌동),근린생활1,제1종근린생활시설,10171100222583,지번,1,False
1150010300109910009,서울특별시 강서구 화곡동,서울특별시 강서구 화곡로53길 43-5 (화곡동),근린생활2,제2종근린생활시설,1017112428,지번,1,False
1150010600106650020,서울특별시 강서구 내발산동,서울특별시 강서구 우장산로 9 (내발산동),근린생활1,제1종근린생활시설,1017126800,지번,1,False
1150010300111040012,서울특별시 강서구 화곡동,서울특별시 강서구 우장산로14길 9 (화곡동),근린생활1,제1종근린생활시설,1017122293,지번,1,False
1150010600106880024,서울특별시 강서구 내발산동,서울특별시 강서구 강서로47마길 29 (내발산동),근린생활1,제1종근린생활시설,1017122505,지번,1,False
1150010200107630000,서울특별시 강서구 등촌동,서울특별시 강서구 강서로74길 12 (등촌동),근린생활1,제1종근린생활시설,101719434,지번,1,False
1150010400101460059,서울특별시 강서구 가양동,서울특별시 강서구 양천로51길 17 (가양동),근린생활2,제2종근린생활시설,1017123696,지번,1,False
1150010500113540000,서울특별시 강서구 마곡동,서울특별시 강서구 방화대로 344 (마곡동),근린생활2,제2종근린생활시설,10171100259592,지번,1,False
1150010600106690005,서울특별시 강서구 내발산동,서울특별시 강서구 우장산로2길 6 (내발산동),근린생활2,제2종근린생활시설,1017128722,지번,1,False
1150010300109890004,서울특별시 강서구 화곡동,서울특별시 강서구 화곡로53가길 18 (화곡동),근린생활1,제1종근린생활시설,1017126044,지번,1,False
1150010600107500007,서울특별시 강서구 내발산동,서울특별시 강서구 수명로 68-11 (내발산동),근린생활2,제2종근린생활시설,10171100181904,지번,1,False
1150010600106710032,서울특별시 강서구 내발산동,서울특별시 강서구 우장산로 30 (내발산동),근린생활2,제2종근린생활시설,1017115097,지번,1,False
1150010200106680000,서울특별시 강서구 등촌동,서울특별시 강서구 강서로54길 90 (등촌동),근린생활1,제1종근린생활시설,101718009,지번,1,False
1150010600106490001,서울특별시 강서구 내발산동,서울특별시 강서구 공항대로 334 (내발산동),근린생활2,제2종근린생활시설,1017124634,지번,1,False
1150010600106500023,서울특별시 강서구 내발산동,서울특별시 강서구 공항대로38길 85 (내발산동),근린생활1,제1종근린생활시설,1017119870,지번,1,False
1150010600107000000,서울특별시 강서구 내발산동,서울특별시 강서구 강서로47길 19 (내발산동),근린생활2,제2종근린생활시설,1017110469,지번,1,False
1150010200106670011,서울특별시 강서구 등촌동,서울특별시 강서구 강서로54길 103 (등촌동),근린생활1,제1종근린생활시설,1017111151,지번,1,False
1150010200106740009,서울특별시 강서구 등촌동,서울특별시 강서구 강서로54길 27 (등촌동),근린생활2,제2종근린생활시설,1017128860,지번,1,False
1150010600106700028,서울특별시 강서구 내발산동,서울특별시 강서구 우장산로4길 4-5 (내발산동),근린생활2,제2종근린생활시설,10171100203688,지번,1,False
1150010600106480007,서울특별시 강서구 내발산동,서울특별시 강서구 공항대로 322 (내발산동),근린생활2,제2종근린생활시설,101714616,지번,1,False
1150010200106720002,서울특별시 강서구 등촌동,서울특별시 강서구 공항대로 301 (등촌동),근린생활2,판매시설,10171100324853,지번,1,False
1150010600106650012,서울특별시 강서구 내발산동,서울특별시 강서구 우장산로 19-1 (내발산동),근린생활2,제2종근린생활시설,1017125093,지번,1,False
1150010600106470001,서울특별시 강서구 내발산동,서울특별시 강서구 강서로52길 43 (내발산동),근린생활2,공동주택,1000000000000002238123,본번,1,False
1150010200106730000,서울특별시 강서구 등촌동,서울특별시 강서구 강서로 374 (등촌동),근린생활2,제2종근린생활시설,1017127614,지번,1,False
1150010300110980011,서울특별시 강서구 화곡동,서울특별시 강서구 공항대로44길 63 (화곡동),근린생활2,제2종근린생활시설,1017115250,지번,1,False
1150010300110990004,서울특별시 강서구 화곡동,서울특별시 강서구 공항대로44길 66 (화곡동),근린생활2,제2종근린생활시설,1017118081,지번,1,False
1150010200108120000,서울특별시 강서구 등촌동,서울특별시 강서구 강서로74길 40 (등촌동),근린생활1,제1종근린생활시설,1017114243,지번,1,False
1150010200106710004,서울특별시 강서구 등촌동,서울특별시 강서구 강서로54길 49 (등촌동),근린생활2,제2종근린생활시설,101715224,지번,1,False
1150010600106860000,서울특별시 강서구 내발산동,서울특별시 강서구 강서로47길 86 (내발산동),근린생활2,제2종근린생활시설,1017121171,지번,1,False
1150010200106720001,서울특별시 강서구 등촌동,서울특별시 강서구 공항대로 297 (등촌동),근린생활2,판매시설,10171100340692,지번,1,False
1150010400101550004,서울특별시 강서구 가양동,서울특별시 강서구 강서로 489 (가양동),근린생활1,제1종근린생활시설,1017117104,지번,2,False
1150010600106470002,서울특별시 강서구 내발산동,서울특별시 강서구 강서로52길 43 (내발산동),근린생활2,공동주택,1000000000000002238123,본번,1,False
1150010600106700025,서울특별시 강서구 내발산동,서울특별시 강서구 우장산로4길 4 (내발산동),근린생활1,제1종근린생활시설,1017126112,지번,1,False
1150010600106510011,서울특별시 강서구 내발산동,서울특별시 강서구 공항대로38길 71 (내발산동),근린생활2,제2종근린생활시설,101719799,지번,1,False
1150010600106520002,서울특별시 강서구 내발산동,서울특별시 강서구 공항대로38길 21 (내발산동),근린생활2,제2종근린생활시설,1017123695,지번,1,False
1150010600106800000,서울특별시 강서구 내발산동,서울특별시 강서구 강서로47길 34-8 (내발산동),근린생활1,제1종근린생활시설,1017121525,지번,1,False
1150010200106630008,서울특별시 강서구 등촌동,서울특별시 강서구 화곡로63길 117 (등촌동),근린생활2,제2종근린생활시설,101719617,지번,1,False
1150010600106550006,서울특별시 강서구 내발산동,서울특별시 강서구 강서로 341 (내발산동),판매시설,판매시설,101715387,지번,1,False
1150010200107830000,서울특별시 강서구 등촌동,서울특별시 강서구 양천로 370 (등촌동),근린생활1,제1종근린생활시설,1017116440,지번,1,False
1150010200106630017,서울특별시 강서구 등촌동,서울특별시 강서구 화곡로61길 124-1 (등촌동),근린생활2,제2종근린생활시설,1017112234,지번,1,False
1150010600106550012,서울특별시 강서구 내발산동,서울특별시 강서구 강서로 333 (내발산동),근린생활2,공동주택,10171100312472,지번,1,False
1150010300109860025,서울특별시 강서구 화곡동,서울특별시 강서구 화곡로53가길 29-5 (화곡동),근린생활2,제1종근린생활시설,10171100352934,지번,1,False
1150010600106690006,서울특별시 강서구 내발산동,서울특별시 강서구 우장산로 4 (내발산동),근린생활2,제2종근린생활시설,1017126021,지번,1,False
1150010300110990003,서울특별시 강서구 화곡동,서울특별시 강서구 공항대로44길 62 (화곡동),근린생활2,제2종근린생활시설,101718126,지번,1,False
1150010400101500036,서울특별시 강서구 가양동,서울특별시 강서구 양천로 349-5 (가양동),근린생활1,제1종근린생활시설,1017123147,지번,1,False
1150010200106680011,서울특별시 강서구 등촌동,서울특별시 강서구 공항대로 323 (등촌동),근린생활2,제2종근린생활시설,1017115454,지번,1,False
1150010700102680002,서울특별시 강서구 외발산동,서울특별시 강서구 남부순환로 210 (외발산동),근린생활1,제1종근린생활시설,101718974,지번,1,False
1150010300111190003,서울특별시 강서구 화곡동,서울특별시 강서구 화곡로58길 22-8 (화곡동),근린생활2,제2종근린생활시설,1017113166,지번,1,False
1150010300111120007,서울특별시 강서구 화곡동,서울특별시 강서구 공항대로46길 43-4 (화곡동),근린생활2,제2종근린생활시설,1017111500,지번,1,False
1150010200106580007,서울특별시 강서구 등촌동,서울특별시 강서구 화곡로61길 26 (등촌동),근린생활2,제2종근린생활시설,1017114946,지번,1,False
1150010200106580009,서울특별시 강서구 등촌동,서울특별시 강서구 화곡로61길 14 (등촌동),근린생활2,제2종근린생활시설,1017121149,지번,1,False
1150010200106900005,서울특별시 강서구 등촌동,서울특별시 강서구 강서로56길 49 (등촌동),근린생활1,제1종근린생활시설,101714394,지번,1,False
1150010700102160040,서울특별시 강서구 외발산동,서울특별시 강서구 남부순환로19길 9 (외발산동),근린생활1,제2종근린생활시설,1000000000000003590381,지번,1,False
1150010700102740000,서울특별시 강서구 외발산동,서울특별시 강서구 남부순환로 224-52 (외발산동),근린생활2,제2종근린생활시설,10171100207928,지번,2,False
1150010700102740000,서울특별시 강서구 외발산동,서울특별시 강서구 남부순환로 224-52 (외발산동),근린생활2,제2종근린생활시설,1017110664,지번,2,False
1150010700102340021,서울특별시 강서구 외발산동,서울특별시 강서구 남부순환로19길 10 (외발산동),근린생활2,제2종근린생활시설,1017111210,지번,1,False
1150010700102270002,서울특별시 강서구 외발산동,서울특별시 강서구 남부순환로19길 48-7 (외발산동),근린생활1,제1종근린생활시설,1017118757,지번,1,False
1150010400114720003,서울특별시 강서구 가양동,서울특별시 강서구 허준로 95 (가양동),근린생활1,제1종근린생활시설,1017119355,지번,1,False
1150010300111200012,서울특별시 강서구 화곡동,서울특별시 강서구 화곡로58길 22-11 (화곡동),근린생활2,제2종근린생활시설,1017128779,지번,1,False
1150010300110960028,서울특별시 강서구 화곡동,서울특별시 강서구 공항대로44길 23 (화곡동),근린생활2,제2종근린생활시설,1017126743,지번,1,False
1150010300111190015,서울특별시 강서구 화곡동,서울특별시 강서구 까치산로27길 26 (화곡동),근린생활2,제1종근린생활시설,10171100318352,지번,1,False
1150010300111180012,서울특별시 강서구 화곡동,서울특별시 강서구 까치산로27길 15 (화곡동),근린생활2,제2종근린생활시설,1017116983,지번,1,False
1150010300111150004,서울특별시 강서구 화곡동,서울특별시 강서구 화곡로58길 19-5 (화곡동),근린생활2,제2종근린생활시설,1017110251,지번,1,False
1150010300111120012,서울특별시 강서구 화곡동,서울특별시 강서구 공항대로46길 51 (화곡동),근린생활2,제2종근린생활시설,1017125860,지번,1,False
1150010300110960009,서울특별시 강서구 화곡동,서울특별시 강서구 우장산로15길 39-1 (화곡동),근린생활2,제2종근린생활시설,1017118470,지번,1,False
1150010300110960019,서울특별시 강서구 화곡동,서울특별시 강서구 화곡로59길 18 (화곡동),근린생활1,제1종근린생활시설,101716783,지번,1,False
1150010300110960012,서울특별시 강서구 화곡동,서울특별시 강서구 우장산로15길 33 (화곡동),근린생활1,제1종근린생활시설,101718639,지번,1,False
1150010300109570032,서울특별시 강서구 화곡동,서울특별시 강서구 까치산로 148 (화곡동),근린생활2,제2종근린생활시설,1017117911,지번,1,False
1150010300111190001,서울특별시 강서구 화곡동,서울특별시 강서구 화곡로58길 22-6 (화곡동),근린생활1,제1종근린생활시설,1017128646,지번,1,False
1150010300111150007,서울특별시 강서구 화곡동,서울특별시 강서구 공항대로46길 61 (화곡동),근린생활2,제2종근린생활시설,101716786,지번,1,False
1150010300111100006,서울특별시 강서구 화곡동,서울특별시 강서구 공항대로46길 40 (화곡동),근린생활2,제2종근린생활시설,1017110168,지번,1,False
1150010300111120006,서울특별시 강서구 화곡동,서울특별시 강서구 공항대로46길 47 (화곡동),근린생활2,제2종근린생활시설,1017115469,지번,1,False
1150010400114720004,서울특별시 강서구 가양동,서울특별시 강서구 허준로 93 (가양동),근린생활1,제1종근린생활시설,1017120509,지번,1,False
1150010300111180003,서울특별시 강서구 화곡동,서울특별시 강서구 공항대로46길 97 (화곡동),근린생활2,제2종근린생활시설,1017115924,지번,1,False
1150010300110960017,서울특별시 강서구 화곡동,서울특별시 강서구 우장산로15길 25 (화곡동),근린생활2,제2종근린생활시설,1017112244,지번,1,False
1150010400114650000,서울특별시 강서구 가양동,서울특별시 강서구 허준로 64 (가양동),근린생활1,제1종근린생활시설,1017119718,지번,1,False
1150010700102810006,서울특별시 강서구 외발산동,,근린생활1,제1종근린생활시설,1017119754,지번,1,False
1150010700102170003,서울특별시 강서구 외발산동,서울특별시 강서구 남부순환로19길 14 (외발산동),근린생활2,제2종근린생활시설,10171100207188,지번,1,False
1150010700102160069,서울특별시 강서구 외발산동,서울특별시 강서구 남부순환로19길 82 (외발산동),근린생활1,단독주택,101717124,지번,1,False
1150010300111170019,서울특별시 강서구 화곡동,서울특별시 강서구 화곡로 328 (화곡동),근린생활2,제2종근린생활시설,101716935,지번,1,False
1150010300110960033,서울특별시 강서구 화곡동,서울특별시 강서구 공항대로44길 39 (화곡동),근린생활2,제2종근린생활시설,10171100195324,지번,1,False
1150010300111170001,서울특별시 강서구 화곡동,서울특별시 강서구 공항대로46길 78 (화곡동),근린생활2,제2종근린생활시설,1017113826,지번,1,False
1150010300111120011,서울특별시 강서구 화곡동,서울특별시 강서구 화곡로60길 15 (화곡동),근린생활2,제2종근린생활시설,1017116045,지번,1,False
1150010300111180004,서울특별시 강서구 화곡동,서울특별시 강서구 까치산로27길 23 (화곡동),근린생활2,제2종근린생활시설,1017118958,지번,1,False
1150010300111170018,서울특별시 강서구 화곡동,서울특별시 강서구 화곡로 326 (화곡동),근린생활2,제2종근린생활시설,1017121963,지번,1,False
1150010300110980015,서울특별시 강서구 화곡동,서울특별시 강서구 공항대로44길 47 (화곡동),근린생활2,제2종근린생활시설,1017124473,지번,1,False
1150010300111170013,서울특별시 강서구 화곡동,서울특별시 강서구 화곡로 316 (화곡동),근린생활1,제1종근린생활시설,1017123027,지번,1,False
1150010700102160070,서울특별시 강서구 외발산동,서울특별시 강서구 남부순환로19길 78 (외발산동),근린생활2,제2종근린생활시설,1017115968,지번,1,False
1150010600107540002,서울특별시 강서구 내발산동,서울특별시 강서구 수명로 31 (내발산동),근린생활2,제2종근린생활시설,10171100203214,지번,1,False
1150010200106580008,서울특별시 강서구 등촌동,서울특별시 강서구 화곡로61길 16 (등촌동),근린생활2,제2종근린생활시설,10171100202495,지번,2,False
1150010200106580008,서울특별시 강서구 등촌동,서울특별시 강서구 화곡로61길 16 (등촌동),근린생활2,제2종근린생활시설,10171100202496,지번,2,False
1150010300110960027,서울특별시 강서구 화곡동,서울특별시 강서구 우장산로15길 39-18 (화곡동),근린생활2,제2종근린생활시설,1017125244,지번,1,False
1150010300111190008,서울특별시 강서구 화곡동,서울특별시 강서구 공항대로46길 81 (화곡동),근린생활2,제2종근린생활시설,10171100327009,지번,1,False
1150010300111180014,서울특별시 강서구 화곡동,서울특별시 강서구 화곡로56길 29 (화곡동),근린생활2,제2종근린생활시설,1017114981,지번,1,False
1150010400114790005,서울특별시 강서구 가양동,서울특별시 강서구 양천로57길 9-8 (가양동),근린생활2,제2종근린생활시설,101715688,지번,1,False
1150010300110980017,서울특별시 강서구 화곡동,서울특별시 강서구 화곡로59길 17 (화곡동),근린생활2,제2종근린생활시설,1017114785,지번,1,False
1150010300111190010,서울특별시 강서구 화곡동,서울특별시 강서구 공항대로46길 77 (화곡동),근린생활2,제2종근린생활시설,101715515,지번,1,False
1150010300111220001,서울특별시 강서구 화곡동,서울특별시 강서구 까치산로 151 (화곡동),근린생활1,제1종근린생활시설,1017126123,지번,1,False
1150010300111150010,서울특별시 강서구 화곡동,서울특별시 강서구 공항대로46길 65 (화곡동),근린생활2,제2종근린생활시설,1017117386,지번,1,False
1150010700104260000,서울특별시 강서구 외발산동,서울특별시 강서구 방화대로 94 (외발산동),근린생활2,제2종근린생활시설,101713179,지번,9,False
1150010700104260000,서울특별시 강서구 외발산동,서울특별시 강서구 방화대로 94 (외발산동),근린생활2,제2종근린생활시설,101713180,지번,9,False
1150010700104260000,서울특별시 강서구 외발산동,서울특별시 강서구 방화대로 94 (외발산동),근린생활2,제2종근린생활시설,101713181,지번,9,False
1150010700104260000,서울특별시 강서구 외발산동,서울특별시 강서구 방화대로 94 (외발산동),근린생활2,제2종근린생활시설,101713182,지번,9,False
1150010700104260000,서울특별시 강서구 외발산동,서울특별시 강서구 방화대로 94 (외발산동),근린생활2,제2종근린생활시설,101713184,지번,9,False
1150010300111170016,서울특별시 강서구 화곡동,서울특별시 강서구 화곡로 322 (화곡동),근린생활1,제1종근린생활시설,1017116619,지번,1,False
1150010200100650020,서울특별시 강서구 등촌동,서울특별시 강서구 양천로 460 (등촌동),근린생활1,제1종근린생활시설,101715913,지번,1,False
1150010300111180010,서울특별시 강서구 화곡동,서울특별시 강서구 화곡로56길 25 (화곡동),근린생활2,제2종근린생활시설,101715024,지번,1,False
1150010300110970002,서울특별시 강서구 화곡동,서울특별시 강서구 화곡로 331 (화곡동),근린생활2,제2종근린생활시설,1017110632,지번,1,False
1150010200100650005,서울특별시 강서구 등촌동,서울특별시 강서구 공항대로43길 123 (등촌동),근린생활1,제1종근린생활시설,101718868,지번,1,False
1150010400114790007,서울특별시 강서구 가양동,서울특별시 강서구 양천로57길 9-14 (가양동),근린생활1,제1종근린생활시설,101719337,지번,1,False
1150010300111190000,서울특별시 강서구 화곡동,서울특별시 강서구 화곡로58길 18 (화곡동),근린생활1,제1종근린생활시설,101716901,지번,1,False
1150010300111190011,서울특별시 강서구 화곡동,서울특별시 강서구 공항대로46길 73 (화곡동),근린생활2,제2종근린생활시설,1017111371,지번,1,False
1150010400100330005,서울특별시 강서구 가양동,서울특별시 강서구 허준로 78 (가양동),근린생활2,제2종근린생활시설,1017125140,지번,1,False
1150010700102260001,서울특별시 강서구 외발산동,서울특별시 강서구 남부순환로19길 51 (외발산동),근린생활1,단독주택,1017120816,지번,1,False
1150010700102190001,서울특별시 강서구 외발산동,서울특별시 강서구 남부순환로19길 113 (외발산동),근린생활1,제1종근린생활시설,1017128626,지번,1,False
1150011300101500005,서울특별시 강서구 오쇠동,서울특별시 강서구 오정로 390 (오쇠동),근린생활2,제2종근린생활시설,101712524,지번,3,False
1150010300110960018,서울특별시 강서구 화곡동,서울특별시 강서구 화곡로59길 16 (화곡동),근린생활2,제2종근린생활시설,101714755,지번,1,False
1150010300111150005,서울특별시 강서구 화곡동,서울특별시 강서구 화곡로58길 19 (화곡동),근린생활1,제1종근린생활시설,1017125420,지번,1,False
1150010300111190009,서울특별시 강서구 화곡동,서울특별시 강서구 공항대로46길 85 (화곡동),근린생활2,제2종근린생활시설,1017113636,지번,1,False
1150010300110970009,서울특별시 강서구 화곡동,서울특별시 강서구 화곡로 329 (화곡동),근린생활2,업무시설,10171100350634,지번,1,False
1150010300111160003,서울특별시 강서구 화곡동,서울특별시 강서구 화곡로 330 (화곡동),근린생활2,제2종근린생활시설,1017128707,지번,1,False
1150010600107550002,서울특별시 강서구 내발산동,서울특별시 강서구 남부순환로 195 (내발산동),근린생활2,제2종근린생활시설,1017118276,지번,1,False
1150010700102340001,서울특별시 강서구 외발산동,서울특별시 강서구 남부순환로19길 5 (외발산동),근린생활2,제2종근린생활시설,101717927,지번,1,False
1150010400114780001,서울특별시 강서구 가양동,서울특별시 강서구 양천로57길 37-1 (가양동),근린생활1,제1종근린생활시설,1017118152,지번,1,False
1150010600106650009,서울특별시 강서구 내발산동,서울특별시 강서구 우장산로 21-5 (내발산동),근린생활2,제2종근린생활시설,1017124076,지번,1,False
1150010700102170001,서울특별시 강서구 외발산동,서울특별시 강서구 남부순환로19길 121 (외발산동),근린생활2,제2종근린생활시설,10171100203648,지번,1,False
1150010600106770008,서울특별시 강서구 내발산동,서울특별시 강서구 강서로 312 (내발산동),근린생활2,제2종근린생활시설,101716050,지번,1,False
1150010400114790003,서울특별시 강서구 가양동,서울특별시 강서구 양천로 443-36 (가양동),근린생활2,제2종근린생활시설,1017118886,지번,1,False
1150010300111190004,서울특별시 강서구 화곡동,서울특별시 강서구 화곡로58길 22-10 (화곡동),근린생활2,제2종근린생활시설,1017113772,지번,1,False
1150010300111200010,서울특별시 강서구 화곡동,서울특별시 강서구 까치산로27길 18 (화곡동),근린생활2,제2종근린생활시설,1017118750,지번,1,False
1150010300110980000,서울특별시 강서구 화곡동,서울특별시 강서구 화곡로59길 11 (화곡동),근린생활1,업무시설,1000000000000004803580,지번,1,False
1150010300111180006,서울특별시 강서구 화곡동,서울특별시 강서구 화곡로56길 21 (화곡동),근린생활1,제1종근린생활시설,1017116080,지번,1,False
1150010300103410018,서울특별시 강서구 화곡동,서울특별시 강서구 강서로16길 30 (화곡동),근린생활2,제2종근린생활시설,1017113612,지번,1,False
1150010700102340008,서울특별시 강서구 외발산동,서울특별시 강서구 남부순환로19길 6 (외발산동),근린생활2,제2종근린생활시설,1017112054,지번,1,False
1150010700102680008,서울특별시 강서구 외발산동,서울특별시 강서구 남부순환로 208 (외발산동),근린생활1,제1종근린생활시설,1017121687,지번,1,False
1150010700102160007,서울특별시 강서구 외발산동,서울특별시 강서구 남부순환로17길 6 (외발산동),근린생활2,제2종근린생활시설,10171100208247,지번,2,False
1150010700102300012,서울특별시 강서구 외발산동,서울특별시 강서구 남부순환로 223-29 (외발산동),근린생활2,자동차관련시설,10171100298092,지번,1,False
1150010300111160001,서울특별시 강서구 화곡동,서울특별시 강서구 공항대로46길 58 (화곡동),근린생활1,제1종근린생활시설,1017116420,지번,1,False
1150010300111150003,서울특별시 강서구 화곡동,서울특별시 강서구 화곡로58길 19-3 (화곡동),근린생활2,제2종근린생활시설,1017119788,지번,1,False
1150010300111160000,서울특별시 강서구 화곡동,서울특별시 강서구 공항대로46길 56 (화곡동),근린생활1,제1종근린생활시설,101717486,지번,1,False
1150010500107230002,서울특별시 강서구 마곡동,서울특별시 강서구 공항대로 271 (마곡동),근린생활2,제2종근린생활시설,1017117359,지번,1,False
1150010300111180001,서울특별시 강서구 화곡동,서울특별시 강서구 화곡로56길 37-11 (화곡동),근린생활2,제2종근린생활시설,1017115351,지번,1,False
1150010300111180013,서울특별시 강서구 화곡동,서울특별시 강서구 까치산로27길 17 (화곡동),근린생활1,제1종근린생활시설,1017111277,지번,1,False
1150010200107060001,서울특별시 강서구 등촌동,서울특별시 강서구 화곡로65길 63 (등촌동),근린생활1,제1종근린생활시설,1017118940,지번,1,False
1150010300111180008,서울특별시 강서구 화곡동,서울특별시 강서구 까치산로27길 21 (화곡동),근린생활2,제2종근린생활시설,1017111156,지번,1,False
1150010300111220002,서울특별시 강서구 화곡동,서울특별시 강서구 화곡로56길 37-2 (화곡동),근린생활1,제1종근린생활시설,1017114864,지번,1,False
1150010300110960010,서울특별시 강서구 화곡동,서울특별시 강서구 우장산로15길 37 (화곡동),근린생활2,제2종근린생활시설,1017119694,지번,1,False
1150010800100180065,서울특별시 강서구 공항동,서울특별시 강서구 공항대로7다길 5 (공항동),근린생활2,제2종근린생활시설,101718211,지번,1,False
1150010800100660095,서울특별시 강서구 공항동,서울특별시 강서구 공항대로2길 52 (공항동),근린생활2,제2종근린생활시설,10171100204705,지번,1,False
1150010900106460030,서울특별시 강서구 방화동,서울특별시 강서구 개화동로23길 66 (방화동),근린생활1,제1종근린생활시설,1017125554,지번,1,False
1150010900106080031,서울특별시 강서구 방화동,서울특별시 강서구 초원로16길 3-8 (방화동),근린생활1,제1종근린생활시설,1017122637,지번,1,False
1150010300109080002,서울특별시 강서구 화곡동,서울특별시 강서구 국회대로 115 (화곡동),근린생활2,제2종근린생활시설,1017125572,지번,1,False
1150010800100530063,서울특별시 강서구 공항동,서울특별시 강서구 송정로6길 9 (공항동),근린생활1,제1종근린생활시설,1017110639,지번,1,False
1150010800100220030,서울특별시 강서구 공항동,서울특별시 강서구 방화동로 32 (공항동),근린생활1,제1종근린생활시설,1017126618,지번,1,False
1150010900106090085,서울특별시 강서구 방화동,서울특별시 강서구 방화동로10길 15 (방화동),근린생활1,제1종근린생활시설,1017117832,지번,1,False
1150010800100220018,서울특별시 강서구 공항동,서울특별시 강서구 공항대로7라길 4 (공항동),근린생활1,제1종근린생활시설,101718599,지번,1,False
1150010900106060020,서울특별시 강서구 방화동,서울특별시 강서구 개화동로23길 87 (방화동),근린생활1,제1종근린생활시설,1017111065,지번,1,False
1150010900106120184,서울특별시 강서구 방화동,서울특별시 강서구 개화동로29길 45 (방화동),근린생활1,제1종근린생활시설,1017117610,지번,1,False
1150010800100140116,서울특별시 강서구 공항동,서울특별시 강서구 공항대로7길 32 (공항동),근린생활1,제1종근린생활시설,1017119827,지번,1,False
1150010900102470092,서울특별시 강서구 방화동,서울특별시 강서구 초원로 81 (방화동),근린생활2,제2종근린생활시설,1017128730,지번,1,False
1150010800113900000,서울특별시 강서구 공항동,서울특별시 강서구 방화대로21길 95 (공항동),근린생활1,제2종근린생활시설,101712215,지번,2,False
1150010800113900000,서울특별시 강서구 공항동,서울특별시 강서구 방화대로21길 95 (공항동),근린생활1,제1종근린생활시설,101712216,지번,2,False
1150010800100130005,서울특별시 강서구 공항동,서울특별시 강서구 공항대로15길 18-4 (공항동),근린생활2,제2종근린생활시설,1017124548,지번,1,False
1150010900106450016,서울특별시 강서구 방화동,서울특별시 강서구 개화동로25길 6 (방화동),근린생활1,제1종근린생활시설,1017125798,지번,1,False
1150010800100670005,서울특별시 강서구 공항동,서울특별시 강서구 남부순환로5길 47 (공항동),근린생활2,제2종근린생활시설,10171100209268,지번,1,False
1150010800100180080,서울특별시 강서구 공항동,서울특별시 강서구 방화대로21길 76 (공항동),근린생활1,제1종근린생활시설,1017111226,지번,1,False
1150010800100400025,서울특별시 강서구 공항동,서울특별시 강서구 공항대로8가길 2-3 (공항동),근린생활2,제2종근린생활시설,10171100204428,지번,1,False
1150010900102470010,서울특별시 강서구 방화동,서울특별시 강서구 초원로 77 (방화동),근린생활1,제1종근린생활시설,1017125071,지번,1,False
1150010900106120029,서울특별시 강서구 방화동,서울특별시 강서구 방화동로3가길 19-3 (방화동),근린생활2,제2종근린생활시설,1017113569,지번,1,False
1150010800106570011,서울특별시 강서구 공항동,서울특별시 강서구 방화대로7다길 24-8 (공항동),근린생활1,제1종근린생활시설,10171100205049,지번,1,False
1150010300109030001,서울특별시 강서구 화곡동,서울특별시 강서구 강서로 19 (화곡동),근린생활2,제2종근린생활시설,1017115724,지번,1,False
1150010900102170046,서울특별시 강서구 방화동,서울특별시 강서구 방화대로29길 4-17 (방화동),근린생활2,제2종근린생활시설,1017119435,지번,1,False
1150010300107990008,서울특별시 강서구 화곡동,서울특별시 강서구 곰달래로55길 5 (화곡동),근린생활2,제2종근린생활시설,1017119564,지번,1,False
1150010900106120192,서울특별시 강서구 방화동,서울특별시 강서구 개화동로27길 54 (방화동),근린생활2,제2종근린생활시설,10171100211169,지번,1,False
1150010900106120052,서울특별시 강서구 방화동,서울특별시 강서구 개화동로29길 28-1 (방화동),근린생활1,제1종근린생활시설,101715905,지번,1,False
1150010800100550106,서울특별시 강서구 공항동,서울특별시 강서구 송정로 46 (공항동),근린생활2,제2종근린생활시설,1017110174,지번,1,False
1150010300111050003,서울특별시 강서구 화곡동,서울특별시 강서구 화곡로 317 (화곡동),근린생활2,업무시설,10171100338652,지번,1,False
1150010200106670003,서울특별시 강서구 등촌동,서울특별시 강서구 강서로56길 100 (등촌동),근린생활2,제2종근린생활시설,1017123748,지번,1,False
1150010300109960007,서울특별시 강서구 화곡동,서울특별시 강서구 화곡로55길 23 (화곡동),근린생활1,제1종근린생활시설,1017118532,지번,1,False
1150010600106700051,서울특별시 강서구 내발산동,서울특별시 강서구 우장산로2길 15 (내발산동),근린생활1,제1종근린생활시설,101717598,지번,1,False
1150010600106850003,서울특별시 강서구 내발산동,서울특별시 강서구 공항대로36가길 56-7 (내발산동),근린생활1,제1종근린생활시설,101715462,지번,1,False
1150010400101500027,서울특별시 강서구 가양동,서울특별시 강서구 강서로 486 (가양동),근린생활2,제2종근린생활시설,1017115012,지번,1,False
1150010400101500011,서울특별시 강서구 가양동,서울특별시 강서구 양천로 349 (가양동),근린생활2,제2종근린생활시설,1017122474,지번,1,False
1150010600106920000,서울특별시 강서구 내발산동,서울특별시 강서구 강서로47바길 12 (내발산동),근린생활2,제2종근린생활시설,10171100194985,지번,1,False
1150010200106640000,서울특별시 강서구 등촌동,서울특별시 강서구 화곡로61길 131 (등촌동),근린생활1,업무시설,1000000000000004925096,지번,2,False
1150010200106780005,서울특별시 강서구 등촌동,서울특별시 강서구 강서로56가길 35 (등촌동),근린생활2,제2종근린생활시설,1017125563,지번,1,False
1150010600107090005,서울특별시 강서구 내발산동,서울특별시 강서구 강서로47나길 24 (내발산동),근린생활2,제2종근린생활시설,1017127531,지번,1,False
1150010200106640007,서울특별시 강서구 등촌동,서울특별시 강서구 공항대로 341 (등촌동),근린생활2,제2종근린생활시설,101716140,지번,1,False
1150010300111040005,서울특별시 강서구 화곡동,서울특별시 강서구 우장산로16길 20 (화곡동),근린생활2,제2종근린생활시설,101715737,지번,1,False
1150010300109980001,서울특별시 강서구 화곡동,서울특별시 강서구 화곡로 311 (화곡동),근린생활2,제2종근린생활시설,101713460,지번,2,False
1150010600107120004,서울특별시 강서구 내발산동,서울특별시 강서구 강서로45길 110 (내발산동),근린생활2,제2종근린생활시설,1017110316,지번,1,False
1150010600107030017,서울특별시 강서구 내발산동,서울특별시 강서구 강서로48길 28 (내발산동),근린생활1,제1종근린생활시설,1017124772,지번,1,False
1150010300109970006,서울특별시 강서구 화곡동,서울특별시 강서구 우장산로16길 36 (화곡동),근린생활2,제2종근린생활시설,101717420,지번,1,False
1150010200107500000,서울특별시 강서구 등촌동,서울특별시 강서구 양천로 360 (등촌동),근린생활2,제2종근린생활시설,101719124,지번,1,False
1150010500107220004,서울특별시 강서구 마곡동,서울특별시 강서구 강서로 377 (마곡동),근린생활2,제2종근린생활시설,10171100196441,지번,1,False
1150010600106450003,서울특별시 강서구 내발산동,서울특별시 강서구 공항대로 282 (내발산동),근린생활1,제1종근린생활시설,1017113169,지번,1,False
1150010300109860006,서울특별시 강서구 화곡동,서울특별시 강서구 화곡로 283 (화곡동),근린생활2,제2종근린생활시설,101717093,지번,1,False
1150010200106600000,서울특별시 강서구 등촌동,서울특별시 강서구 화곡로61길 59 (등촌동),근린생활2,제2종근린생활시설,1017112033,지번,1,False
1150010200106700003,서울특별시 강서구 등촌동,서울특별시 강서구 강서로54길 79 (등촌동),근린생활2,제2종근린생활시설,101718944,지번,1,False
1150010600106890013,서울특별시 강서구 내발산동,서울특별시 강서구 강서로45길 154 (내발산동),근린생활1,공동주택,1000000000000002111623,지번,1,False
1150010200106730001,서울특별시 강서구 등촌동,서울특별시 강서구 공항대로 281 (등촌동),근린생활2,제2종근린생활시설,1017119863,지번,1,False
1150010600106990018,서울특별시 강서구 내발산동,서울특별시 강서구 강서로47나길 6 (내발산동),근린생활2,제2종근린생활시설,101715686,지번,1,False
1150010600106760021,서울특별시 강서구 내발산동,서울특별시 강서구 강서로48길 33 (내발산동),근린생활2,제2종근린생활시설,1017115092,지번,1,False
1150010300111050004,서울특별시 강서구 화곡동,서울특별시 강서구 화곡로 315 (화곡동),근린생활1,제1종근린생활시설,1017110075,지번,1,False
1150010600106440002,서울특별시 강서구 내발산동,서울특별시 강서구 공항대로 272 (내발산동),근린생활2,제2종근린생활시설,10171100278892,지번,1,False
1150010200106740000,서울특별시 강서구 등촌동,서울특별시 강서구 강서로 380 (등촌동),근린생활1,제1종근린생활시설,101715669,지번,1,False
1150010200106980000,서울특별시 강서구 등촌동,서울특별시 강서구 공항대로41길 76 (등촌동),근린생활1,제1종근린생활시설,1017123962,지번,1,False
1150010600107010009,서울특별시 강서구 내발산동,서울특별시 강서구 강서로 289 (내발산동),근린생활2,제2종근린생활시설,1017120276,지번,1,False
1150010300109970010,서울특별시 강서구 화곡동,서울특별시 강서구 우장산로16길 46 (화곡동),근린생활2,제2종근린생활시설,1017121214,지번,1,False
1150010200106700001,서울특별시 강서구 등촌동,서울특별시 강서구 강서로54길 73 (등촌동),근린생활2,제2종근린생활시설,1017121464,지번,1,False
1150010300111010000,서울특별시 강서구 화곡동,서울특별시 강서구 화곡로59길 37-4 (화곡동),근린생활1,제1종근린생활시설,101715654,지번,1,False
1150010600106660000,서울특별시 강서구 내발산동,서울특별시 강서구 강서로 328 (내발산동),근린생활1,제1종근린생활시설,101719943,지번,1,False
1150010300109970012,서울특별시 강서구 화곡동,서울특별시 강서구 화곡로53길 14 (화곡동),근린생활2,제2종근린생활시설,101719353,지번,1,False
1150010200106620006,서울특별시 강서구 등촌동,서울특별시 강서구 화곡로61길 100 (등촌동),근린생활2,제2종근린생활시설,1017122827,지번,1,False
1150010600107160042,서울특별시 강서구 내발산동,서울특별시 강서구 강서로45라길 55 (내발산동),근린생활2,제2종근린생활시설,1017123759,지번,1,False
1150010200106690003,서울특별시 강서구 등촌동,서울특별시 강서구 공항대로 321 (등촌동),근린생활1,제1종근린생활시설,1017117435,지번,1,False
1150010600107190008,서울특별시 강서구 내발산동,서울특별시 강서구 강서로 275 (내발산동),근린생활,근린생활시설,1017125216,지번,1,False
1150010600107060013,서울특별시 강서구 내발산동,서울특별시 강서구 우장산로4길 83 (내발산동),근린생활1,제1종근린생활시설,1017111405,지번,1,False
1150010200106670007,서울특별시 강서구 등촌동,서울특별시 강서구 강서로56길 110 (등촌동),근린생활2,제2종근린생활시설,1017119840,지번,1,False
1150010200106960001,서울특별시 강서구 등촌동,서울특별시 강서구 공항대로41길 43 (등촌동),근린생활2,제2종근린생활시설,1017120806,지번,1,False
1150010600107410000,서울특별시 강서구 내발산동,서울특별시 강서구 강서로47길 158 (내발산동),근린생활1,제1종근린생활시설,101712811,지번,10,False
1150010200106630010,서울특별시 강서구 등촌동,서울특별시 강서구 화곡로61길 108 (등촌동),근린생활1,제2종근린생활시설,10171100333672,지번,1,False
1150010600107000014,서울특별시 강서구 내발산동,서울특별시 강서구 강서로47가길 6 (내발산동),근린생활1,제1종근린생활시설,1017118541,지번,1,False
1150010400101550008,서울특별시 강서구 가양동,서울특별시 강서구 양천로49길 4 (가양동),근린생활1,제1종근린생활시설,1017116845,지번,1,False
1150010200107510000,서울특별시 강서구 등촌동,서울특별시 강서구 강서로74길 17 (등촌동),근린생활2,제2종근린생활시설,101716317,지번,1,False
1150010600106460002,서울특별시 강서구 내발산동,서울특별시 강서구 강서로52길 13 (내발산동),근린생활2,제2종근린생활시설,1017111491,지번,1,False
1150010200100100013,서울특별시 강서구 등촌동,서울특별시 강서구 양천로 414 (등촌동),근린생활1,제2종근린생활시설,101719954,지번,1,False
1150010600106810015,서울특별시 강서구 내발산동,서울특별시 강서구 강서로47길 40 (내발산동),근린생활2,제2종근린생활시설,1017122599,지번,1,False
1150010600107020005,서울특별시 강서구 내발산동,서울특별시 강서구 강서로 292 (내발산동),근린생활1,제1종근린생활시설,101712096,지번,2,False
1150010600106480014,서울특별시 강서구 내발산동,서울특별시 강서구 공항대로42길 8 (내발산동),근린생활2,제2종근린생활시설,1017127257,지번,1,False
1150010600106460000,서울특별시 강서구 내발산동,서울특별시 강서구 공항대로 284 (내발산동),근린생활2,제2종근린생활시설,1017124088,지번,1,False
1150010300109970003,서울특별시 강서구 화곡동,서울특별시 강서구 우장산로16길 30 (화곡동),근린생활2,제2종근린생활시설,101719687,지번,1,False
1150010200106790000,서울특별시 강서구 등촌동,서울특별시 강서구 강서로56가길 69 (등촌동),근린생활1,제1종근린생활시설,1017116203,지번,1,False
1150010200106690000,서울특별시 강서구 등촌동,서울특별시 강서구 공항대로 311 (등촌동),근린생활2,제2종근린생활시설,1017125027,지번,1,False
1150010200106850000,서울특별시 강서구 등촌동,서울특별시 강서구 강서로56가길 166 (등촌동),판매시설,업무시설,10171100332593,지번,4,False
1150010200106850000,서울특별시 강서구 등촌동,서울특별시 강서구 강서로56가길 166 (등촌동),판매시설,업무시설,10171100332703,지번,4,False
1150010200106850000,서울특별시 강서구 등촌동,서울특별시 강서구 강서로56가길 166 (등촌동),판매시설,업무시설,10171100332769,지번,4,False
1150010300109930024,서울특별시 강서구 화곡동,서울특별시 강서구 우장산로 84 (화곡동),근린생활2,제2종근린생활시설,101716934,지번,1,False
1150010600107500001,서울특별시 강서구 내발산동,서울특별시 강서구 수명로 80 (내발산동),근린생활2,제2종근린생활시설,10171100195344,지번,1,False
1150010600107500002,서울특별시 강서구 내발산동,서울특별시 강서구 수명로 78 (내발산동),근린생활1,제1종근린생활시설,10171100196933,지번,1,False
1150010600106780002,서울특별시 강서구 내발산동,서울특별시 강서구 강서로 317-3 (내발산동),근린생활1,제2종근린생활시설,10171100331912,지번,1,False
1150010500107230000,서울특별시 강서구 마곡동,서울특별시 강서구 강서로 375-7 (마곡동),근린생활2,제2종근린생활시설,1017115686,지번,1,False
1150010300111030000,서울특별시 강서구 화곡동,서울특별시 강서구 우장산로 120 (화곡동),근린생활2,제2종근린생활시설,1017126997,지번,1,False
1150010600106480001,서울특별시 강서구 내발산동,서울특별시 강서구 공항대로 308-7 (내발산동),근린생활1,제1종근린생활시설,1017113121,지번,1,False
1150010600106770012,서울특별시 강서구 내발산동,서울특별시 강서구 강서로48길 9 (내발산동),근린생활1,제1종근린생활시설,1017116496,지번,1,False
1150010600106690002,서울특별시 강서구 내발산동,서울특별시 강서구 강서로 322 (내발산동),근린생활1,제1종근린생활시설,101719648,지번,1,False
1150010600106630006,서울특별시 강서구 내발산동,서울특별시 강서구 우장산로 25-1 (내발산동),근린생활1,제1종근린생활시설,1017111017,지번,1,False
1150010600106630013,서울특별시 강서구 내발산동,서울특별시 강서구 우장산로 25 (내발산동),근린생활1,제1종근린생활시설,101718610,지번,1,False
1150010600106480009,서울특별시 강서구 내발산동,서울특별시 강서구 강서로52길 93 (내발산동),근린생활1,제1종근린생활시설,1017121324,지번,1,False
1150010600106680007,서울특별시 강서구 내발산동,서울특별시 강서구 강서로 317-6 (내발산동),근린생활2,제2종근린생활시설,1017115790,지번,1,False
1150010600200190001,서울특별시 강서구 내발산동,서울특별시 강서구 우장산로10길 260 (내발산동),근린생활1,제1종근린생활시설,10171100203256,지번,3,False
1150010600200190001,서울특별시 강서구 내발산동,서울특별시 강서구 우장산로 70 (내발산동),근린생활1,제1종근린생활시설,10171100225959,지번,3,False
1150010200107650000,서울특별시 강서구 등촌동,서울특별시 강서구 강서로74길 20 (등촌동),근린생활2,제2종근린생활시설,101714704,지번,1,False
1150010300110980013,서울특별시 강서구 화곡동,서울특별시 강서구 공항대로44길 57 (화곡동),근린생활2,제2종근린생활시설,101719325,지번,1,False
1150010300109980008,서울특별시 강서구 화곡동,서울특별시 강서구 화곡로 303 (화곡동),근린생활2,제2종근린생활시설,1017118282,지번,1,False
1150010200100100014,서울특별시 강서구 등촌동,서울특별시 강서구 양천로 418 (등촌동),근린생활1,제1종근린생활시설,1017111549,지번,1,False
1150010300109880009,서울특별시 강서구 화곡동,서울특별시 강서구 화곡로53길 7-18 (화곡동),근린생활2,제2종근린생활시설,1017112800,지번,1,False
1150010600107060005,서울특별시 강서구 내발산동,서울특별시 강서구 강서로46길 47 (내발산동),근린생활2,제2종근린생활시설,101715279,지번,1,False
1150010600107500005,서울특별시 강서구 내발산동,서울특별시 강서구 수명로 74 (내발산동),근린생활1,제1종근린생활시설,101712831,지번,1,False
1150010300109970009,서울특별시 강서구 화곡동,서울특별시 강서구 우장산로16길 44 (화곡동),근린생활1,제1종근린생활시설,1017126827,지번,1,False
1150010600106820017,서울특별시 강서구 내발산동,서울특별시 강서구 공항대로36가길 46 (내발산동),근린생활1,제1종근린생활시설,1017128824,지번,1,False
1150010200106630018,서울특별시 강서구 등촌동,서울특별시 강서구 화곡로61길 128 (등촌동),근린생활1,제2종근린생활시설,10171100336932,지번,1,False
1150010600106780011,서울특별시 강서구 내발산동,서울특별시 강서구 공항대로36길 129 (내발산동),근린생활1,제1종근린생활시설,1017112367,지번,1,False
1150010600107000022,서울특별시 강서구 내발산동,서울특별시 강서구 강서로47가길 12 (내발산동),근린생활1,제1종근린생활시설,1017128010,지번,1,False
1150010600106490007,서울특별시 강서구 내발산동,서울특별시 강서구 공항대로42길 23-3 (내발산동),근린생활1,제1종근린생활시설,1017123538,지번,1,False
1150010600106590018,서울특별시 강서구 내발산동,서울특별시 강서구 공항대로42길 54-6 (내발산동),근린생활2,제2종근린생활시설,1017115264,지번,1,False
1150010600107490000,서울특별시 강서구 내발산동,서울특별시 강서구 수명로2길 105 (내발산동),근린생활1,제1종근린생활시설,10171100184048,지번,20,False
1150010200108250000,서울특별시 강서구 등촌동,서울특별시 강서구 강서로74길 42-7 (등촌동),근린생활2,제2종근린생활시설,1017113320,지번,1,False
1150010200108130000,서울특별시 강서구 등촌동,서울특별시 강서구 강서로74길 42 (등촌동),근린생활1,제1종근린생활시설,1017115627,지번,1,False
1150010600106520000,서울특별시 강서구 내발산동,서울특별시 강서구 강서로52길 16 (내발산동),근린생활2,제2종근린생활시설,1017123779,지번,1,False
1150010200107640000,서울특별시 강서구 등촌동,서울특별시 강서구 강서로74길 16 (등촌동),근린생활1,제1종근린생활시설,1017117202,지번,1,False
1150010600106770020,서울특별시 강서구 내발산동,서울특별시 강서구 강서로 310 (내발산동),근린생활1,제1종근린생활시설,1017117215,지번,1,False
1150010300111040002,서울특별시 강서구 화곡동,서울특별시 강서구 우장산로16길 10 (화곡동),근린생활2,제2종근린생활시설,101715850,지번,1,False
1150010600106490006,서울특별시 강서구 내발산동,서울특별시 강서구 공항대로42길 23 (내발산동),근린생활1,제1종근린생활시설,101717479,지번,1,False
1150010200106610002,서울특별시 강서구 등촌동,서울특별시 강서구 공항대로 353 (등촌동),근린생활2,제2종근린생활시설,10171100195492,지번,1,False
1150010300109970011,서울특별시 강서구 화곡동,서울특별시 강서구 화곡로53길 10 (화곡동),근린생활2,제2종근린생활시설,1017122937,지번,1,False
1150010400114960000,서울특별시 강서구 가양동,서울특별시 강서구 강서로 490 (가양동),근린생활1,제1종근린생활시설,101711504,지번,4,False
1150010600106670005,서울특별시 강서구 내발산동,서울특별시 강서구 공항대로36길 81 (내발산동),근린생활2,제2종근린생활시설,101719914,지번,1,False
1150010600106690003,서울특별시 강서구 내발산동,서울특별시 강서구 강서로 318-7 (내발산동),근린생활2,제2종근린생활시설,101715461,지번,1,False
1150010200107390000,서울특별시 강서구 등촌동,서울특별시 강서구 강서로74길 3 (등촌동),근린생활2,제2종근린생활시설,1017111943,지번,1,False
1150010600106810017,서울특별시 강서구 내발산동,서울특별시 강서구 강서로47길 36 (내발산동),근린생활1,제1종근린생활시설,1017121996,지번,1,False
1150010300111030007,서울특별시 강서구 화곡동,서울특별시 강서구 우장산로 116 (화곡동),근린생활2,제2종근린생활시설,101716860,지번,1,False
1150010300109880004,서울특별시 강서구 화곡동,서울특별시 강서구 화곡로53길 7-8 (화곡동),근린생활2,제2종근린생활시설,1017112645,지번,1,False
1150010300109950003,서울특별시 강서구 화곡동,서울특별시 강서구 화곡로53길 18 (화곡동),근린생활1,제1종근린생활시설,1017112714,지번,1,False
1150010200106670004,서울특별시 강서구 등촌동,서울특별시 강서구 강서로56길 102 (등촌동),근린생활2,제2종근린생활시설,10171100199709,지번,1,False
1150010300110990005,서울특별시 강서구 화곡동,서울특별시 강서구 우장산로 121 (화곡동),근린생활1,제1종근린생활시설,1017122779,지번,1,False
1150010300109880007,서울특별시 강서구 화곡동,서울특별시 강서구 화곡로53길 7-14 (화곡동),근린생활1,단독주택,10171100342712,지번,1,False
1150010600106480005,서울특별시 강서구 내발산동,서울특별시 강서구 강서로52길 83 (내발산동),근린생활1,제1종근린생활시설,1017116758,지번,1,False
1150010300109870003,서울특별시 강서구 화곡동,서울특별시 강서구 화곡로 295 (화곡동),근린생활2,업무시설,10171100356034,지번,1,False
1150010200106630023,서울특별시 강서구 등촌동,서울특별시 강서구 공항대로41길 18 (등촌동),근린생활1,제1종근린생활시설,1017115678,지번,1,False
1150010200106670000,서울특별시 강서구 등촌동,서울특별시 강서구 강서로56길 90 (등촌동),근린생활2,제2종근린생활시설,101719915,지번,1,False
1150010200106740007,서울특별시 강서구 등촌동,서울특별시 강서구 강서로56길 30 (등촌동),근린생활2,제2종근린생활시설,1017122785,지번,1,False
1150010300109870007,서울특별시 강서구 화곡동,서울특별시 강서구 화곡로 289 (화곡동),근린생활2,업무시설,10171100353194,지번,1,False
1150010600106780004,서울특별시 강서구 내발산동,서울특별시 강서구 강서로 313 (내발산동),근린생활2,제2종근린생활시설,1017120457,지번,1,False
1150010200106780004,서울특별시 강서구 등촌동,서울특별시 강서구 강서로56가길 37 (등촌동),근린생활1,제1종근린생활시설,10171100201853,지번,1,False
1150010600107190004,서울특별시 강서구 내발산동,서울특별시 강서구 강서로45나길 50 (내발산동),근린생활1,제1종근린생활시설,1017127860,지번,1,False
1150010200106630009,서울특별시 강서구 등촌동,서울특별시 강서구 화곡로63길 115 (등촌동),근린생활1,제1종근린생활시설,1017110275,지번,1,False
1150010200106620017,서울특별시 강서구 등촌동,서울특별시 강서구 화곡로63길 101 (등촌동),근린생활2,제2종근린생활시설,1017126292,지번,1,False
1150010600106770010,서울특별시 강서구 내발산동,서울특별시 강서구 강서로 306 (내발산동),근린생활1,제1종근린생활시설,1017110896,지번,1,False
1150010600106570001,서울특별시 강서구 내발산동,서울특별시 강서구 강서로 344 (내발산동),근린생활2,제2종근린생활시설,1017124808,지번,1,False
1150010600106550009,서울특별시 강서구 내발산동,서울특별시 강서구 강서로 337 (내발산동),근린생활1,제1종근린생활시설,1017125210,지번,1,False
1150010200107620000,서울특별시 강서구 등촌동,서울특별시 강서구 강서로74길 8 (등촌동),근린생활2,제2종근린생활시설,1017110402,지번,1,False
1150010200106630006,서울특별시 강서구 등촌동,서울특별시 강서구 화곡로63길 129 (등촌동),근린생활2,제2종근린생활시설,1017118058,지번,1,False
1150010600106700014,서울특별시 강서구 내발산동,서울특별시 강서구 우장산로 16 (내발산동),근린생활2,제2종근린생활시설,1017112930,지번,1,False
1150010600107010001,서울특별시 강서구 내발산동,서울특별시 강서구 강서로 299 (내발산동),근린생활1,제1종근린생활시설,1017122218,지번,1,False
1150010600106510005,서울특별시 강서구 내발산동,서울특별시 강서구 강서로52길 58 (내발산동),근린생활2,공동주택,10171100311937,지번,1,False
1150010600106870001,서울특별시 강서구 내발산동,서울특별시 강서구 강서로47길 67 (내발산동),근린생활2,제2종근린생활시설,1017116395,지번,1,False
1150010200106630002,서울특별시 강서구 등촌동,서울특별시 강서구 화곡로63길 137 (등촌동),근린생활1,제1종근린생활시설,1017121094,지번,1,False
1150010300111030002,서울특별시 강서구 화곡동,서울특별시 강서구 우장산로14길 12 (화곡동),근린생활1,제1종근린생활시설,1017121540,지번,1,False
1150010300109980005,서울특별시 강서구 화곡동,서울특별시 강서구 화곡로 305 (화곡동),근린생활2,업무시설,10171100330092,지번,1,False
1150010200106630011,서울특별시 강서구 등촌동,서울특별시 강서구 화곡로61길 112 (등촌동),근린생활2,제2종근린생활시설,1017119521,지번,1,False
1150010300111020006,서울특별시 강서구 화곡동,서울특별시 강서구 우장산로 107-1 (화곡동),근린생활2,제2종근린생활시설,1017123584,지번,1,False
1150010200106780006,서울특별시 강서구 등촌동,서울특별시 강서구 강서로56가길 31 (등촌동),근린생활2,제2종근린생활시설,1017113865,지번,1,False
1150010600106760022,서울특별시 강서구 내발산동,서울특별시 강서구 강서로48길 39 (내발산동),근린생활2,제2종근린생활시설,1017111503,지번,1,False
1150010200106630027,서울특별시 강서구 등촌동,서울특별시 강서구 화곡로63길 121 (등촌동),근린생활2,제2종근린생활시설,1017124163,지번,1,False
1150010200108270000,서울특별시 강서구 등촌동,서울특별시 강서구 강서로74길 42-11 (등촌동),근린생활2,제2종근린생활시설,10171100202894,지번,1,False
1150010200106640013,서울특별시 강서구 등촌동,서울특별시 강서구 공항대로 347 (등촌동),근린생활2,제2종근린생활시설,1017120473,지번,1,False
1150010600106800007,서울특별시 강서구 내발산동,서울특별시 강서구 강서로47길 26 (내발산동),근린생활2,제2종근린생활시설,101719424,지번,1,False
1150010200106670008,서울특별시 강서구 등촌동,서울특별시 강서구 공항대로41길 15 (등촌동),근린생활1,제1종근린생활시설,1017128436,지번,1,False
1150010600106990009,서울특별시 강서구 내발산동,서울특별시 강서구 강서로47다길 17 (내발산동),근린생활2,제2종근린생활시설,101717970,지번,1,False
1150010400101050000,서울특별시 강서구 가양동,서울특별시 강서구 양천로 361 (가양동),근린생활2,제2종근린생활시설,1017127642,지번,1,False
1150010300109860005,서울특별시 강서구 화곡동,서울특별시 강서구 화곡로 285 (화곡동),근린생활2,제2종근린생활시설,1017128680,지번,1,False
1150010800113730000,서울특별시 강서구 공항동,서울특별시 강서구 하늘길 70 (공항동),근린생활1,업무시설,101713217,지번,64,False
1150010800113730000,서울특별시 강서구 공항동,,근린생활1,제2종근린생활시설,101713241,지번,64,False
1150010800113730000,서울특별시 강서구 공항동,서울특별시 강서구 하늘길 70 (공항동),근린생활1,제1종근린생활시설,101713243,지번,64,False
1150010800113730000,서울특별시 강서구 공항동,,근린생활1,제2종근린생활시설,101713244,지번,64,False
1150010800113730000,서울특별시 강서구 공항동,,근린생활1,제2종근린생활시설,101713246,지번,64,False
1150010800113730000,서울특별시 강서구 공항동,,근린생활1,업무시설,101713253,지번,64,False
1150010800113730000,서울특별시 강서구 공항동,,근린생활1,제2종근린생활시설,101713254,지번,64,False
1150010800113730000,서울특별시 강서구 공항동,,근린생활1,제1종근린생활시설,101713270,지번,64,False
1150010800113730000,서울특별시 강서구 공항동,,근린생활1,제1종근린생활시설,101713274,지번,64,False
1150010200106790004,서울특별시 강서구 등촌동,서울특별시 강서구 강서로56가길 59 (등촌동),근린생활2,제2종근린생활시설,101717849,지번,1,False
1150010200106730003,서울특별시 강서구 등촌동,서울특별시 강서구 강서로54길 14 (등촌동),근린생활2,제2종근린생활시설,101716546,지번,1,False
1150010200106790002,서울특별시 강서구 등촌동,서울특별시 강서구 강서로56가길 63 (등촌동),근린생활2,제2종근린생활시설,1017110605,지번,1,False
1150010200106640004,서울특별시 강서구 등촌동,서울특별시 강서구 화곡로61길 123 (등촌동),근린생활1,제1종근린생활시설,1017113406,지번,1,False
1150010200106790001,서울특별시 강서구 등촌동,서울특별시 강서구 강서로56가길 65 (등촌동),근린생활2,제2종근린생활시설,101716407,지번,1,False
1150010600106770011,서울특별시 강서구 내발산동,서울특별시 강서구 강서로 304 (내발산동),근린생활2,제2종근린생활시설,1017112881,지번,1,False
1150010200106670015,서울특별시 강서구 등촌동,서울특별시 강서구 강서로54길 93 (등촌동),근린생활2,제2종근린생활시설,10171100210217,지번,1,False
1150010400101040004,서울특별시 강서구 가양동,서울특별시 강서구 양천로 367 (가양동),근린생활2,제2종근린생활시설,1017124683,지번,1,False
1150010300111000010,서울특별시 강서구 화곡동,서울특별시 강서구 화곡로59길 33 (화곡동),근린생활2,제2종근린생활시설,1017117301,지번,1,False
1150010300111030001,서울특별시 강서구 화곡동,서울특별시 강서구 우장산로14길 8 (화곡동),근린생활2,제2종근린생활시설,1017116022,지번,1,False
1150010200106630003,서울특별시 강서구 등촌동,서울특별시 강서구 화곡로63길 133 (등촌동),근린생활2,제2종근린생활시설,1017123451,지번,1,False
1150010200106790005,서울특별시 강서구 등촌동,서울특별시 강서구 강서로56가길 55 (등촌동),근린생활2,제2종근린생활시설,1017111731,지번,1,False
1150010300109960017,서울특별시 강서구 화곡동,서울특별시 강서구 화곡로55길 31 (화곡동),근린생활1,공동주택,10171100319672,지번,1,False
1150010600106710000,서울특별시 강서구 내발산동,서울특별시 강서구 우장산로 24 (내발산동),근린생활2,제2종근린생활시설,1017124975,지번,1,False
1150010600106480015,서울특별시 강서구 내발산동,서울특별시 강서구 공항대로42길 12 (내발산동),근린생활2,제2종근린생활시설,101718552,지번,1,False
1150010600106580000,서울특별시 강서구 내발산동,서울특별시 강서구 공항대로38길 80 (내발산동),근린생활2,제2종근린생활시설,1017116858,지번,1,False
1150010200106630021,서울특별시 강서구 등촌동,서울특별시 강서구 화곡로61길 130 (등촌동),근린생활2,제2종근린생활시설,1017118759,지번,1,False
1150010300109970008,서울특별시 강서구 화곡동,서울특별시 강서구 우장산로16길 42 (화곡동),근린생활1,제1종근린생활시설,1017128813,지번,1,False
1150010300111040009,서울특별시 강서구 화곡동,서울특별시 강서구 화곡로55길 12 (화곡동),근린생활2,제2종근린생활시설,1017110433,지번,1,False
1150010400101540008,서울특별시 강서구 가양동,서울특별시 강서구 양천로 345 (가양동),근린생활2,제2종근린생활시설,101719785,지번,1,False
1150010600106970006,서울특별시 강서구 내발산동,서울특별시 강서구 강서로47다길 20 (내발산동),근린생활1,제1종근린생활시설,1017119093,지번,1,False
1150010800100180005,서울특별시 강서구 공항동,서울특별시 강서구 방화동로 40 (공항동),근린생활2,제2종근린생활시설,10171100321144,지번,2,False
1150010800100180005,서울특별시 강서구 공항동,서울특별시 강서구 방화대로21길 91 (공항동),근린생활2,제2종근린생활시설,101719694,지번,2,False
1150010600106600003,서울특별시 강서구 내발산동,서울특별시 강서구 공항대로42길 33 (내발산동),근린생활2,제2종근린생활시설,1017118773,지번,1,False
1150010500107220000,서울특별시 강서구 마곡동,서울특별시 강서구 강서로 381-7 (마곡동),근린생활2,제2종근린생활시설,1017123741,지번,1,False
1150010300109960006,서울특별시 강서구 화곡동,서울특별시 강서구 화곡로55길 21 (화곡동),근린생활2,제2종근린생활시설,1017116614,지번,1,False
1150010300110990013,서울특별시 강서구 화곡동,서울특별시 강서구 공항대로44길 46 (화곡동),근린생활2,제2종근린생활시설,101715009,지번,1,False
1150010600106630010,서울특별시 강서구 내발산동,서울특별시 강서구 우장산로 31 (내발산동),근린생활1,제1종근린생활시설,1017128041,지번,1,False
1150010600107010003,서울특별시 강서구 내발산동,서울특별시 강서구 강서로 297 (내발산동),근린생활2,제2종근린생활시설,1017124526,지번,1,False
1150010400101380012,서울특별시 강서구 가양동,서울특별시 강서구 양천로 351 (가양동),근린생활2,제2종근린생활시설,1017112950,지번,1,False
1150010600106510001,서울특별시 강서구 내발산동,서울특별시 강서구 강서로52길 50 (내발산동),근린생활1,제1종근린생활시설,1017124356,지번,1,False
1150010600106670001,서울특별시 강서구 내발산동,서울특별시 강서구 강서로 329 (내발산동),근린생활1,제1종근린생활시설,1017126848,지번,1,False
1150010200106680003,서울특별시 강서구 등촌동,서울특별시 강서구 강서로54길 98 (등촌동),근린생활2,제2종근린생활시설,101715154,지번,1,False
1150010500107220002,서울특별시 강서구 마곡동,서울특별시 강서구 강서로 379 (마곡동),근린생활2,제2종근린생활시설,1017121411,지번,1,False
1150010600106590016,서울특별시 강서구 내발산동,서울특별시 강서구 공항대로42길 54 (내발산동),근린생활1,제1종근린생활시설,1017116678,지번,1,False
1150010200106730004,서울특별시 강서구 등촌동,서울특별시 강서구 공항대로 283 (등촌동),근린생활1,제1종근린생활시설,1017115310,지번,1,False
1150010200106630007,서울특별시 강서구 등촌동,서울특별시 강서구 화곡로63길 125 (등촌동),근린생활2,제2종근린생활시설,1017113896,지번,1,False
1150010800100220130,서울특별시 강서구 공항동,서울특별시 강서구 공항대로7나길 21 (공항동),근린생활1,제1종근린생활시설,101715220,지번,1,False
1150010200106720000,서울특별시 강서구 등촌동,서울특별시 강서구 강서로54길 42 (등촌동),근린생활2,제2종근린생활시설,1017119743,지번,1,False
1150010600106500016,서울특별시 강서구 내발산동,서울특별시 강서구 공항대로42길 16 (내발산동),근린생활2,제2종근린생활시설,1017114299,지번,1,False
1150010200106790006,서울특별시 강서구 등촌동,서울특별시 강서구 강서로56가길 53 (등촌동),근린생활1,제1종근린생활시설,101717450,지번,1,False
1150010300109860003,서울특별시 강서구 화곡동,서울특별시 강서구 화곡로51길 9 (화곡동),근린생활2,제2종근린생활시설,1017126075,지번,1,False
1150010300109850039,서울특별시 강서구 화곡동,서울특별시 강서구 화곡로51길 21 (화곡동),근린생활2,제2종근린생활시설,1017127738,지번,1,False
1150010600106880000,서울특별시 강서구 내발산동,서울특별시 강서구 강서로47마길 3 (내발산동),근린생활2,제2종근린생활시설,1017126399,지번,1,False
1150010300109860001,서울특별시 강서구 화곡동,서울특별시 강서구 화곡로51길 13 (화곡동),근린생활2,제2종근린생활시설,1017123973,지번,1,False
1150010300109980016,서울특별시 강서구 화곡동,서울특별시 강서구 화곡로55길 5 (화곡동),근린생활1,제1종근린생활시설,1017118708,지번,1,False
1150010600107010005,서울특별시 강서구 내발산동,서울특별시 강서구 강서로 293-1 (내발산동),근린생활2,제2종근린생활시설,1017117046,지번,1,False
1150010600107010006,서울특별시 강서구 내발산동,서울특별시 강서구 강서로 293 (내발산동),근린생활2,제2종근린생활시설,1017123559,지번,1,False
1150010200106710003,서울특별시 강서구 등촌동,서울특별시 강서구 강서로56길 50 (등촌동),근린생활2,제2종근린생활시설,1017125215,지번,1,False
1150010300111050005,서울특별시 강서구 화곡동,서울특별시 강서구 화곡로 313 (화곡동),근린생활1,제1종근린생활시설,1017121073,지번,1,False
1150010900106090201,서울특별시 강서구 방화동,서울특별시 강서구 방화동로 52 (방화동),근린생활2,제2종근린생활시설,1017119987,지번,1,False
1150010600106470000,서울특별시 강서구 내발산동,서울특별시 강서구 강서로52길 43 (내발산동),근린생활2,공동주택,1000000000000002238123,지번,1,False
1150010200106630000,서울특별시 강서구 등촌동,서울특별시 강서구 화곡로63길 139 (등촌동),근린생활1,제1종근린생활시설,101717706,지번,1,False
1150010600106480004,서울특별시 강서구 내발산동,서울특별시 강서구 공항대로 318 (내발산동),근린생활1,제1종근린생활시설,1017126024,지번,1,False
1150010300109870006,서울특별시 강서구 화곡동,서울특별시 강서구 화곡로 293 (화곡동),근린생활2,업무시설,1000000000000004206639,지번,1,False
1150010400101500037,서울특별시 강서구 가양동,서울특별시 강서구 양천로 349-7 (가양동),근린생활2,제2종근린생활시설,1017112903,지번,1,False
1150010600106780003,서울특별시 강서구 내발산동,서울특별시 강서구 강서로 315 (내발산동),근린생활2,제2종근린생활시설,1017122003,지번,1,False
1150010600107330000,서울특별시 강서구 내발산동,서울특별시 강서구 우장산로2길 21-6 (내발산동),근린생활2,제2종근린생활시설,101711830,지번,2,False
1150010600106960000,서울특별시 강서구 내발산동,서울특별시 강서구 강서로47라길 31 (내발산동),근린생활2,제2종근린생활시설,1017126949,지번,1,False
1150010300111050008,서울특별시 강서구 화곡동,서울특별시 강서구 우장산로16길 17 (화곡동),근린생활2,제2종근린생활시설,1017116475,지번,1,False
1150010200106600001,서울특별시 강서구 등촌동,서울특별시 강서구 공항대로 369 (등촌동),근린생활1,제1종근린생활시설,1017127469,지번,1,False
1150010200106600003,서울특별시 강서구 등촌동,서울특별시 강서구 화곡로61길 53 (등촌동),근린생활2,제2종근린생활시설,101714660,지번,1,False
1150010200106680007,서울특별시 강서구 등촌동,서울특별시 강서구 공항대로41길 7 (등촌동),근린생활2,제2종근린생활시설,1017119742,지번,1,False
1150010300109890006,서울특별시 강서구 화곡동,서울특별시 강서구 화곡로51길 18 (화곡동),근린생활2,제2종근린생활시설,1017117928,지번,1,False
1150010300110980010,서울특별시 강서구 화곡동,서울특별시 강서구 우장산로 123 (화곡동),근린생활2,제2종근린생활시설,1017114735,지번,1,False
1150010500107220003,서울특별시 강서구 마곡동,서울특별시 강서구 강서로 375-8 (마곡동),근린생활1,제1종근린생활시설,101711195,지번,1,False
1150010600106910000,서울특별시 강서구 내발산동,서울특별시 강서구 강서로47길 113 (내발산동),근린생활2,제2종근린생활시설,1017113495,지번,1,False
1150010600107060012,서울특별시 강서구 내발산동,서울특별시 강서구 강서로46길 39 (내발산동),근린생활2,제2종근린생활시설,1017116055,지번,1,False
1150010600107010010,서울특별시 강서구 내발산동,서울특별시 강서구 강서로 287 (내발산동),근린생활2,제2종근린생활시설,1017113282,지번,1,False
1150010200106820001,서울특별시 강서구 등촌동,서울특별시 강서구 강서로 456 (등촌동),근린생활2,제2종근린생활시설,1017115573,지번,1,False
1150010200106990003,서울특별시 강서구 등촌동,서울특별시 강서구 공항대로41길 44 (등촌동),근린생활1,제1종근린생활시설,10171100208328,지번,1,False
1150010300111020009,서울특별시 강서구 화곡동,서울특별시 강서구 화곡로59길 73 (화곡동),근린생활2,제2종근린생활시설,1017117275,지번,1,False
1150010200106780013,서울특별시 강서구 등촌동,서울특별시 강서구 강서로 392-11 (등촌동),근린생활2,제2종근린생활시설,1017117050,지번,1,False
1150010900106460095,서울특별시 강서구 방화동,서울특별시 강서구 초원로6길 21 (방화동),근린생활1,제1종근린생활시설,101719913,지번,1,False
1150010800106820001,서울특별시 강서구 공항동,서울특별시 강서구 방화대로7길 43 (공항동),근린생활1,제1종근린생활시설,1017118832,지번,1,False
1150010900106140019,서울특별시 강서구 방화동,서울특별시 강서구 방화동로 41-1 (방화동),근린생활2,제2종근린생활시설,101713755,지번,2,False
1150010800106500003,서울특별시 강서구 공항동,서울특별시 강서구 남부순환로11가길 109 (공항동),근린생활1,단독주택,10171100331994,지번,1,False
1150010800100530030,서울특별시 강서구 공항동,서울특별시 강서구 송정로 52-1 (공항동),근린생활2,제2종근린생활시설,10171100205168,지번,1,False
1150010900106200136,서울특별시 강서구 방화동,,근린생활2,제2종근린생활시설,101715212,지번,1,False
1150010800107240000,서울특별시 강서구 공항동,서울특별시 강서구 방화대로7나길 59 (공항동),근린생활2,제2종근린생활시설,1017123662,지번,1,False
1150010800100140090,서울특별시 강서구 공항동,서울특별시 강서구 방화대로21길 36 (공항동),근린생활1,제1종근린생활시설,1017127116,지번,1,False
1150010800100450034,서울특별시 강서구 공항동,서울특별시 강서구 공항대로3길 31-1 (공항동),근린생활1,제1종근린생활시설,1017123564,지번,1,False
1150010800103010062,서울특별시 강서구 공항동,서울특별시 강서구 남부순환로11가길 64 (공항동),근린생활1,제1종근린생활시설,101719060,지번,1,False
1150010800100550302,서울특별시 강서구 공항동,서울특별시 강서구 송정로 26-8 (공항동),근린생활1,제1종근린생활시설,101717513,지번,1,False
1150010900106150041,서울특별시 강서구 방화동,서울특별시 강서구 개화동로27길 31 (방화동),근린생활1,제1종근린생활시설,101715990,지번,1,False
1150010800100140132,서울특별시 강서구 공항동,서울특별시 강서구 방화대로21길 41 (공항동),근린생활1,제1종근린생활시설,1017122087,지번,1,False
1150010900106140045,서울특별시 강서구 방화동,서울특별시 강서구 방화동로 49 (방화동),근린생활1,제1종근린생활시설,101717777,지번,1,False
1150010900106070025,서울특별시 강서구 방화동,서울특별시 강서구 방화동로12길 13 (방화동),근린생활1,제1종근린생활시설,101719245,지번,1,False
1150010500103480003,서울특별시 강서구 마곡동,서울특별시 강서구 양천로30길 103 (마곡동),근린생활1,제1종근린생활시설,1017117116,지번,1,False
1150010900105980039,서울특별시 강서구 방화동,서울특별시 강서구 금낭화로 26 (방화동),근린생활2,제2종근린생활시설,1017120234,지번,1,False
1150010900106070116,서울특별시 강서구 방화동,서울특별시 강서구 방화동로12나길 2 (방화동),근린생활1,제1종근린생활시설,1017124926,지번,1,False
1150010900106470002,서울특별시 강서구 방화동,서울특별시 강서구 초원로 18 (방화동),근린생활2,제2종근린생활시설,1017112211,지번,1,False
1150010900106120216,서울특별시 강서구 방화동,서울특별시 강서구 개화동로27길 32 (방화동),근린생활2,제2종근린생활시설,1017115354,지번,1,False
1150010900106140025,서울특별시 강서구 방화동,서울특별시 강서구 방화동로 31-2 (방화동),근린생활2,제2종근린생활시설,1017112757,지번,1,False
1150010800100340007,서울특별시 강서구 공항동,서울특별시 강서구 공항대로 48 (공항동),근린생활1,제1종근린생활시설,1017126322,지번,1,False
1150010800106900003,서울특별시 강서구 공항동,서울특별시 강서구 송정로 17-3 (공항동),근린생활1,제1종근린생활시설,1017127656,지번,1,False
1150010900106090052,서울특별시 강서구 방화동,서울특별시 강서구 방화대로21길 94 (방화동),근린생활1,제1종근린생활시설,1017117269,지번,1,False
1150010800100330002,서울특별시 강서구 공항동,서울특별시 강서구 공항대로 38-4 (공항동),근린생활2,제2종근린생활시설,1017115442,지번,1,False
1150010900106070197,서울특별시 강서구 방화동,서울특별시 강서구 방화동로 66 (방화동),근린생활2,제2종근린생활시설,1017117833,지번,1,False
1150010900102490028,서울특별시 강서구 방화동,서울특별시 강서구 방화동로 80 (방화동),근린생활1,제1종근린생활시설,1017112146,지번,1,False
1150010800100220056,서울특별시 강서구 공항동,서울특별시 강서구 공항대로3길 38 (공항동),근린생활1,제1종근린생활시설,10171100202734,지번,2,False
1150010800100220056,서울특별시 강서구 공항동,서울특별시 강서구 공항대로3길 40 (공항동),근린생활1,제1종근린생활시설,1017116218,지번,2,False
1150010900106190043,서울특별시 강서구 방화동,서울특별시 강서구 방화동로 19-2 (방화동),근린생활1,제1종근린생활시설,101714904,지번,1,False
1150010900106190051,서울특별시 강서구 방화동,서울특별시 강서구 개화동로29길 60 (방화동),근린생활,근린생활시설,101715578,지번,1,False
1150010900106120174,서울특별시 강서구 방화동,서울특별시 강서구 방화동로5길 15 (방화동),근린생활2,제2종근린생활시설,101713769,지번,2,False
1150010900106120174,서울특별시 강서구 방화동,서울특별시 강서구 방화동로5길 15 (방화동),근린생활2,제1종근린생활시설,101713770,지번,2,False
1150010800100020048,서울특별시 강서구 공항동,서울특별시 강서구 방화대로21가길 16 (공항동),근린생활2,제2종근린생활시설,1017112445,지번,1,False
1150010800100530026,서울특별시 강서구 공항동,서울특별시 강서구 송정로 64 (공항동),근린생활2,제2종근린생활시설,1017118923,지번,1,False
1150010800100480027,서울특별시 강서구 공항동,서울특별시 강서구 방화동로 14 (공항동),근린생활1,제1종근린생활시설,101716430,지번,1,False
1150010800100450022,서울특별시 강서구 공항동,서울특별시 강서구 공항대로3나길 1 (공항동),근린생활1,제1종근린생활시설,1017115155,지번,1,False
1150010800100250004,서울특별시 강서구 공항동,서울특별시 강서구 공항대로7길 8 (공항동),근린생활2,제2종근린생활시설,101714782,지번,1,False
1150010800100250018,서울특별시 강서구 공항동,서울특별시 강서구 공항대로 49 (공항동),근린생활2,제2종근린생활시설,1000000000000002542335,지번,1,False
1150010800106590005,서울특별시 강서구 공항동,서울특별시 강서구 방화대로7가길 33 (공항동),근린생활1,공동주택,10171100303373,지번,1,False
1150010900106000026,서울특별시 강서구 방화동,서울특별시 강서구 초원로 50 (방화동),근린생활2,제2종근린생활시설,1017115125,지번,1,False
1150010800100420022,서울특별시 강서구 공항동,서울특별시 강서구 공항대로 34 (공항동),근린생활2,제2종근린생활시설,101717139,지번,1,False
1150010800100340083,서울특별시 강서구 공항동,서울특별시 강서구 공항대로 46 (공항동),근린생활1,제1종근린생활시설,101712699,지번,2,False
1150010800100340083,서울특별시 강서구 공항동,서울특별시 강서구 공항대로 46 (공항동),근린생활1,제1종근린생활시설,101712700,지번,2,False
1150010800106670008,서울특별시 강서구 공항동,서울특별시 강서구 남부순환로11가길 82 (공항동),근린생활1,제1종근린생활시설,1017128373,지번,1,False
1150010800107310000,서울특별시 강서구 공항동,서울특별시 강서구 방화대로7나길 51 (공항동),근린생활1,제1종근린생활시설,1017116391,지번,1,False
1150010800107370000,서울특별시 강서구 공항동,서울특별시 강서구 방화대로7길 48 (공항동),근린생활2,제2종근린생활시설,101718684,지번,1,False
1150010800106690006,서울특별시 강서구 공항동,서울특별시 강서구 방화대로7길 30 (공항동),근린생활1,제1종근린생활시설,1017115770,지번,1,False
1150010800107390000,서울특별시 강서구 공항동,서울특별시 강서구 방화대로7나길 37 (공항동),근린생활1,제1종근린생활시설,101716158,지번,1,False
1150010800106540007,서울특별시 강서구 공항동,서울특별시 강서구 남부순환로11가길 92 (공항동),근린생활1,제1종근린생활시설,1017121431,지번,1,False
1150010800106690000,서울특별시 강서구 공항동,서울특별시 강서구 방화대로7나길 33 (공항동),근린생활1,제1종근린생활시설,1017111372,지번,1,False
1150010800107350000,서울특별시 강서구 공항동,서울특별시 강서구 방화대로7나길 45 (공항동),근린생활1,제1종근린생활시설,1017126410,지번,1,False
1150010900106120117,서울특별시 강서구 방화동,서울특별시 강서구 방화동로5길 16 (방화동),근린생활2,제2종근린생활시설,1017111993,지번,1,False
1150010900106120118,서울특별시 강서구 방화동,서울특별시 강서구 방화동로7길 22 (방화동),근린생활2,제2종근린생활시설,1017111076,지번,1,False
1150010900102490221,서울특별시 강서구 방화동,서울특별시 강서구 방화동로 72 (방화동),근린생활1,제1종근린생활시설,101718253,지번,1,False
1150010900106480041,서울특별시 강서구 방화동,서울특별시 강서구 초원로 14 (방화동),근린생활2,제2종근린생활시설,101718075,지번,1,False
1150010900105980043,서울특별시 강서구 방화동,서울특별시 강서구 방화동로 81 (방화동),근린생활1,제1종근린생활시설,1017116369,지번,1,False
1150010800100600118,서울특별시 강서구 공항동,서울특별시 강서구 송정로 51 (공항동),근린생활2,제2종근린생활시설,1017117066,지번,1,False
1150010900106090030,서울특별시 강서구 방화동,서울특별시 강서구 방화동로 56 (방화동),근린생활1,제2종근린생활시설,1017120499,지번,1,False
1150010900102490036,서울특별시 강서구 방화동,서울특별시 강서구 방화동로 82 (방화동),근린생활1,제1종근린생활시설,1017126956,지번,1,False
1150010900106480012,서울특별시 강서구 방화동,서울특별시 강서구 초원로 12 (방화동),근린생활2,제2종근린생활시설,1017116994,지번,1,False
1150010800100180031,서울특별시 강서구 공항동,서울특별시 강서구 방화대로21길 67 (공항동),근린생활1,제1종근린생활시설,1017126265,지번,1,False
1150010900105890007,서울특별시 강서구 방화동,서울특별시 강서구 초원로 34-1 (방화동),근린생활2,제2종근린생활시설,1017123904,지번,1,False
1150010800106910004,서울특별시 강서구 공항동,서울특별시 강서구 송정로 13 (공항동),근린생활1,제1종근린생활시설,1017120622,지번,1,False
1150010800100520015,서울특별시 강서구 공항동,서울특별시 강서구 송정로 57 (공항동),근린생활2,제2종근린생활시설,1017125784,지번,1,False
1150010800100550036,서울특별시 강서구 공항동,서울특별시 강서구 송정로 38 (공항동),근린생활2,제2종근린생활시설,101716248,지번,1,False
1150010800113930000,서울특별시 강서구 공항동,서울특별시 강서구 방화대로21길 89 (공항동),근린생활1,제1종근린생활시설,101717557,지번,1,False
1150010800100320002,서울특별시 강서구 공항동,서울특별시 강서구 공항대로 36 (공항동),근린생활2,제2종근린생활시설,1017121983,지번,1,False
1150010800100530055,서울특별시 강서구 공항동,서울특별시 강서구 송정로6길 6 (공항동),근린생활2,제2종근린생활시설,1017122824,지번,1,False
1150010800100190011,서울특별시 강서구 공항동,서울특별시 강서구 공항대로7길 45 (공항동),근린생활1,제1종근린생활시설,101719916,지번,1,False
1150010800107280000,서울특별시 강서구 공항동,서울특별시 강서구 방화대로7나길 53 (공항동),근린생활1,제1종근린생활시설,1017121005,지번,1,False
1150010800106830001,서울특별시 강서구 공항동,서울특별시 강서구 방화대로7길 51 (공항동),근린생활1,제1종근린생활시설,1017120694,지번,1,False
1150010900105880006,서울특별시 강서구 방화동,서울특별시 강서구 양천로14길 122 (방화동),근린생활1,제1종근린생활시설,1017127704,지번,1,False
1150010800106840001,서울특별시 강서구 공항동,서울특별시 강서구 방화대로7길 57 (공항동),근린생활1,공동주택,10171100283668,지번,1,False
1150010900106480010,서울특별시 강서구 방화동,서울특별시 강서구 초원로 8 (방화동),근린생활1,제1종근린생활시설,1017117460,지번,1,False
1150010900106070152,서울특별시 강서구 방화동,서울특별시 강서구 방화동로12길 18 (방화동),근린생활1,제1종근린생활시설,101716882,지번,1,False
1150010800106870008,서울특별시 강서구 공항동,서울특별시 강서구 송정로1길 19 (공항동),근린생활2,제2종근린생활시설,1017112594,지번,1,False
1150010900105990014,서울특별시 강서구 방화동,서울특별시 강서구 초원로 52 (방화동),근린생활2,제2종근린생활시설,1017123229,지번,1,False
1150010900106080140,서울특별시 강서구 방화동,서울특별시 강서구 초원로16길 24 (방화동),근린생활1,제1종근린생활시설,1017126315,지번,1,False
1150010900106070164,서울특별시 강서구 방화동,서울특별시 강서구 초원로16길 58 (방화동),근린생활2,제2종근린생활시설,1017120664,지번,1,False
1150010800100520021,서울특별시 강서구 공항동,서울특별시 강서구 송정로 59-1 (공항동),근린생활1,제1종근린생활시설,1017115487,지번,1,False
1150010900106470014,서울특별시 강서구 방화동,서울특별시 강서구 개화동로23길 31 (방화동),근린생활2,제2종근린생활시설,101716953,지번,1,False
1150010800100530109,서울특별시 강서구 공항동,서울특별시 강서구 송정로 68 (공항동),근린생활1,제1종근린생활시설,1017111390,지번,1,False
1150010800100280001,서울특별시 강서구 공항동,서울특별시 강서구 공항대로 41 (공항동),근린생활2,근린생활시설,1017124946,지번,1,False
1150010800100480015,서울특별시 강서구 공항동,서울특별시 강서구 방화동로 16 (공항동),근린생활1,제1종근린생활시설,1017118125,지번,1,False
1150010800100530058,서울특별시 강서구 공항동,서울특별시 강서구 송정로 60 (공항동),근린생활1,제1종근린생활시설,101716987,지번,1,False
1150010800100610245,서울특별시 강서구 공항동,서울특별시 강서구 남부순환로9길 1 (공항동),근린생활1,제1종근린생활시설,1017122670,지번,1,False
1150010900106190041,서울특별시 강서구 방화동,서울특별시 강서구 방화동로3가길 20 (방화동),근린생활2,제2종근린생활시설,1017111278,지번,1,False
1150010900106030003,서울특별시 강서구 방화동,서울특별시 강서구 초원로12길 14 (방화동),근린생활2,제2종근린생활시설,101717578,지번,1,False
1150010800100340049,서울특별시 강서구 공항동,서울특별시 강서구 공항대로10가길 10 (공항동),근린생활2,제2종근린생활시설,1017126353,지번,1,False
1150010800100250008,서울특별시 강서구 공항동,서울특별시 강서구 공항대로 47 (공항동),근린생활1,제1종근린생활시설,1017111060,지번,1,False
1150010900105980110,서울특별시 강서구 방화동,서울특별시 강서구 초원로 54-1 (방화동),근린생활1,제1종근린생활시설,1017115663,지번,1,False
1150010800100270001,서울특별시 강서구 공항동,서울특별시 강서구 공항대로 43 (공항동),근린생활2,제1종근린생활시설,10171100286151,지번,1,False
1150010800113670000,서울특별시 강서구 공항동,서울특별시 강서구 방화대로6가길 5-16 (공항동),근린생활2,제2종근린생활시설,101718003,지번,1,False
1150010900106210009,서울특별시 강서구 방화동,서울특별시 강서구 개화동로31길 6 (방화동),근린생활2,제2종근린생활시설,1017122914,지번,1,False
1150010900106210014,서울특별시 강서구 방화동,서울특별시 강서구 방화동로 1 (방화동),근린생활2,제2종근린생활시설,1017121124,지번,1,False
1150010800100220111,서울특별시 강서구 공항동,서울특별시 강서구 방화동로 34 (공항동),근린생활1,제1종근린생활시설,1017125287,지번,1,False
1150010900102170058,서울특별시 강서구 방화동,서울특별시 강서구 방화동로12길 41 (방화동),근린생활2,제2종근린생활시설,1017120433,지번,1,False
1150010800106650008,서울특별시 강서구 공항동,서울특별시 강서구 방화대로7나길 26 (공항동),근린생활1,제1종근린생활시설,1017115465,지번,1,False
1150010800100340060,서울특별시 강서구 공항동,서울특별시 강서구 공항대로 50 (공항동),근린생활2,제2종근린생활시설,101718613,지번,1,False
1150010900106090199,서울특별시 강서구 방화동,서울특별시 강서구 방화동로 62 (방화동),근린생활1,제1종근린생활시설,101711443,지번,2,False
1150010900106090199,서울특별시 강서구 방화동,서울특별시 강서구 방화동로 62 (방화동),근린생활1,제1종근린생활시설,101711444,지번,2,False
1150010800100260015,서울특별시 강서구 공항동,서울특별시 강서구 공항대로7길 7 (공항동),근린생활1,제1종근린생활시설,1017124589,지번,1,False
1150010700104270000,서울특별시 강서구 외발산동,서울특별시 강서구 시장도매인로 1 (외발산동),판매시설,판매시설,1000000000000002229093,지번,16,False
1150010700104270000,서울특별시 강서구 외발산동,서울특별시 강서구 강서도매시장로 123 (외발산동),판매시설,판매시설,10171100206398,지번,16,False
1150010700104270000,서울특별시 강서구 외발산동,서울특별시 강서구 시장도매인로 28 (외발산동),판매시설,판매시설,10171100263532,지번,16,False
1150010700104270000,서울특별시 강서구 외발산동,서울특별시 강서구 발산로 40 (외발산동),판매시설,제1종근린생활시설,10171100316992,지번,16,False
1150010700104270000,서울특별시 강서구 외발산동,서울특별시 강서구 발산로 40 (외발산동),판매시설,판매시설,101713095,지번,16,False
1150010700104270000,서울특별시 강서구 외발산동,서울특별시 강서구 시장도매인로 24 (외발산동),판매시설,업무시설,101713096,지번,16,False
1150010700104270000,서울특별시 강서구 외발산동,서울특별시 강서구 시장도매인로 3 (외발산동),판매시설,판매시설,101713097,지번,16,False
1150010700104270000,서울특별시 강서구 외발산동,서울특별시 강서구 시장도매인로 15 (외발산동),판매시설,판매시설,101713098,지번,16,False
1150010700104270000,서울특별시 강서구 외발산동,서울특별시 강서구 발산로 40 (외발산동),판매시설,판매시설,101713099,지번,16,False
1150010700104270000,서울특별시 강서구 외발산동,서울특별시 강서구 발산로 40 (외발산동),판매시설,판매시설,101713100,지번,16,False
1150010700104270000,서울특별시 강서구 외발산동,서울특별시 강서구 발산로 40 (외발산동),판매시설,판매시설,101713101,지번,16,False
1150010700104270000,서울특별시 강서구 외발산동,서울특별시 강서구 발산로 40 (외발산동),판매시설,판매시설,101713102,지번,16,False
1150010700104270000,서울특별시 강서구 외발산동,서울특별시 강서구 강서도매시장로 72 (외발산동),판매시설,판매시설,101713103,지번,16,False
1150010700104270000,서울특별시 강서구 외발산동,서울특별시 강서구 강서도매시장로 7 (외발산동),판매시설,판매시설,101713104,지번,16,False
1150010700104270000,서울특별시 강서구 외발산동,서울특별시 강서구 강서도매시장로 65 (외발산동),판매시설,판매시설,101713105,지번,16,False
1150010500103580007,서울특별시 강서구 마곡동,서울특별시 강서구 양천로30길 117-12 (마곡동),근린생활1,제1종근린생활시설,10171100203948,지번,1,False
1150010800100660060,서울특별시 강서구 공항동,서울특별시 강서구 공항대로2길 36 (공항동),근린생활2,제2종근린생활시설,1017123580,지번,1,False
1150010800100450037,서울특별시 강서구 공항동,서울특별시 강서구 공항대로 19 (공항동),근린생활1,제1종근린생활시설,101714168,지번,1,False
1150010900105980037,서울특별시 강서구 방화동,서울특별시 강서구 초원로 59 (방화동),근린생활2,제2종근린생활시설,101717538,지번,1,False
1150010900105980120,서울특별시 강서구 방화동,서울특별시 강서구 금낭화로 17 (방화동),근린생활2,제2종근린생활시설,1017114521,지번,1,False
1150010900106130029,서울특별시 강서구 방화동,서울특별시 강서구 개화동로27길 10 (방화동),근린생활2,제2종근린생활시설,1017112384,지번,1,False
1150010900102490153,서울특별시 강서구 방화동,서울특별시 강서구 방화동로 92 (방화동),근린생활1,제1종근린생활시설,10171100333352,지번,1,False
1150010900106090062,서울특별시 강서구 방화동,서울특별시 강서구 방화동로 60 (방화동),근린생활2,제2종근린생활시설,1017111118,지번,1,False
1150010900105970010,서울특별시 강서구 방화동,서울특별시 강서구 금낭화로 40 (방화동),근린생활1,제1종근린생활시설,1017128287,지번,1,False
1150010800113560004,서울특별시 강서구 공항동,서울특별시 강서구 방화대로6바길 5-9 (공항동),근린생활2,제2종근린생활시설,10171100199883,지번,1,False
1150010900106190029,서울특별시 강서구 방화동,서울특별시 강서구 방화동로 19-3 (방화동),근린생활1,제1종근린생활시설,101715379,지번,1,False
1150010800100600031,서울특별시 강서구 공항동,서울특별시 강서구 송정로 37 (공항동),근린생활1,제1종근린생활시설,1017127324,지번,1,False
1150010800100520016,서울특별시 강서구 공항동,서울특별시 강서구 송정로 59 (공항동),근린생활1,제1종근린생활시설,1017127910,지번,1,False
1150010900106120135,서울특별시 강서구 방화동,서울특별시 강서구 방화동로3길 36-7 (방화동),근린생활2,제2종근린생활시설,1017116191,지번,1,False
1150010900106140023,서울특별시 강서구 방화동,서울특별시 강서구 방화동로 33-1 (방화동),근린생활2,제2종근린생활시설,1017116392,지번,1,False
1150010800103010041,서울특별시 강서구 공항동,서울특별시 강서구 남부순환로11가길 67 (공항동),근린생활1,제1종근린생활시설,1017111877,지번,1,False
1150010800100450053,서울특별시 강서구 공항동,서울특별시 강서구 방화동로 18 (공항동),근린생활1,제1종근린생활시설,1017116702,지번,1,False
1150010900106000029,서울특별시 강서구 방화동,서울특별시 강서구 초원로 46 (방화동),근린생활2,제2종근린생활시설,1017120481,지번,1,False
1150010900102470109,서울특별시 강서구 방화동,서울특별시 강서구 초원로 83 (방화동),근린생활1,제1종근린생활시설,1017111239,지번,1,False
1150010900106120061,서울특별시 강서구 방화동,서울특별시 강서구 방화동로3길 39 (방화동),근린생활2,업무시설,10171100340812,지번,1,False
1150010900105980131,서울특별시 강서구 방화동,서울특별시 강서구 금낭화로 24 (방화동),근린생활1,제1종근린생활시설,1017120482,지번,1,False
1150010800100420015,서울특별시 강서구 공항동,서울특별시 강서구 공항대로4길 16 (공항동),근린생활1,단독주택,10171100314512,지번,1,False
1150010900102470089,서울특별시 강서구 방화동,서울특별시 강서구 초원로13길 18 (방화동),근린생활1,단독주택,10171100303773,지번,1,False
1150010900105980099,서울특별시 강서구 방화동,서울특별시 강서구 방화동로 71-1 (방화동),근린생활1,제1종근린생활시설,1017121317,지번,1,False
1150010800113550017,서울특별시 강서구 공항동,서울특별시 강서구 방화대로6길 13 (공항동),근린생활2,제2종근린생활시설,1017114226,지번,1,False
1150010800106530005,서울특별시 강서구 공항동,서울특별시 강서구 남부순환로11가길 87 (공항동),근린생활1,제1종근린생활시설,1017120256,지번,1,False
1150010800107380000,서울특별시 강서구 공항동,서울특별시 강서구 방화대로7길 44 (공항동),근린생활2,제2종근린생활시설,10171100204657,지번,1,False
1150010800100350007,서울특별시 강서구 공항동,서울특별시 강서구 공항대로8길 27-28 (공항동),근린생활2,제2종근린생활시설,1017128783,지번,1,False
1150010900106210012,서울특별시 강서구 방화동,서울특별시 강서구 방화동로 1 (방화동),근린생활1,제1종근린생활시설,1017113678,지번,1,False
1150010800100650001,서울특별시 강서구 공항동,서울특별시 강서구 남부순환로3길 4 (공항동),근린생활1,제1종근린생활시설,1017113096,지번,1,False
1150010800106710004,서울특별시 강서구 공항동,서울특별시 강서구 방화대로7길 11 (공항동),근린생활2,제2종근린생활시설,1017112109,지번,1,False
1150010900105980144,서울특별시 강서구 방화동,서울특별시 강서구 금낭화로 20 (방화동),근린생활2,제2종근린생활시설,1017119352,지번,1,False
1150010900102490024,서울특별시 강서구 방화동,서울특별시 강서구 방화동로 84 (방화동),근린생활1,제1종근린생활시설,1017125796,지번,1,False
1150010900102470154,서울특별시 강서구 방화동,서울특별시 강서구 양천로24길 113 (방화동),근린생활1,제1종근린생활시설,1017112388,지번,1,False
1150010800100520004,서울특별시 강서구 공항동,서울특별시 강서구 송정로 63 (공항동),근린생활2,제2종근린생활시설,1017120008,지번,1,False
1150010900105980107,서울특별시 강서구 방화동,서울특별시 강서구 금낭화로 25 (방화동),근린생활2,제2종근린생활시설,101718078,지번,1,False
1150010800100720035,서울특별시 강서구 공항동,서울특별시 강서구 공항대로 12 (공항동),근린생활2,제2종근린생활시설,1017114479,지번,1,False
1150010900106140225,서울특별시 강서구 방화동,서울특별시 강서구 개화동로23길 99 (방화동),근린생활1,제1종근린생활시설,101717796,지번,1,False
1150010800100180028,서울특별시 강서구 공항동,서울특별시 강서구 방화대로21길 73 (공항동),근린생활1,제1종근린생활시설,1017111651,지번,1,False
1150010800107250000,서울특별시 강서구 공항동,서울특별시 강서구 방화대로7길 66 (공항동),근린생활1,제1종근린생활시설,101719258,지번,1,False
1150010800113510011,서울특별시 강서구 공항동,서울특별시 강서구 방화대로6다길 10-5 (공항동),근린생활2,제2종근린생활시설,1017117121,지번,1,False
1150010800100450008,서울특별시 강서구 공항동,서울특별시 강서구 공항대로3길 33 (공항동),근린생활2,제2종근린생활시설,1017120451,지번,1,False
1150010900106120004,서울특별시 강서구 방화동,서울특별시 강서구 방화동로 27 (방화동),근린생활1,제1종근린생활시설,101716078,지번,1,False
1150010900106140097,서울특별시 강서구 방화동,서울특별시 강서구 방화동로 45 (방화동),근린생활1,제1종근린생활시설,1017121669,지번,1,False
1150010800100500001,서울특별시 강서구 공항동,서울특별시 강서구 공항대로 20 (공항동),근린생활2,제2종근린생활시설,1017121837,지번,1,False
1150010800100180003,서울특별시 강서구 공항동,서울특별시 강서구 방화대로21길 81 (공항동),근린생활1,제1종근린생활시설,1017127245,지번,1,False
1150010900106140056,서울특별시 강서구 방화동,서울특별시 강서구 방화동로 47 (방화동),근린생활1,제1종근린생활시설,1017113036,지번,1,False
1150010800100410079,서울특별시 강서구 공항동,서울특별시 강서구 공항대로8길 38 (공항동),근린생활1,제1종근린생활시설,1017112866,지번,1,False
1150010800113460010,서울특별시 강서구 공항동,서울특별시 강서구 방화대로6바길 15-16 (공항동),근린생활2,제2종근린생활시설,1017123164,지번,1,False
1150010800100550163,서울특별시 강서구 공항동,서울특별시 강서구 공항대로8길 61 (공항동),근린생활1,제1종근린생활시설,1017113286,지번,1,False
1150010800107290000,서울특별시 강서구 공항동,서울특별시 강서구 방화대로7길 60 (공항동),근린생활1,제1종근린생활시설,1017112777,지번,1,False
1150010900106140021,서울특별시 강서구 방화동,서울특별시 강서구 방화동로 35 (방화동),근린생활1,제1종근린생활시설,1017116495,지번,1,False
1150010900105960003,서울특별시 강서구 방화동,서울특별시 강서구 초원로 51 (방화동),근린생활1,단독주택,10171100347653,지번,1,False
1150010900105460001,서울특별시 강서구 방화동,서울특별시 강서구 양천로14길 118 (방화동),근린생활1,제1종근린생활시설,101711822,지번,4,False
1150010800100530033,서울특별시 강서구 공항동,서울특별시 강서구 송정로 56 (공항동),근린생활1,제1종근린생활시설,1017110171,지번,1,False
1150010800100720023,서울특별시 강서구 공항동,서울특별시 강서구 공항대로 18 (공항동),근린생활1,제1종근린생활시설,101716568,지번,1,False
1150010800100280005,서울특별시 강서구 공항동,서울특별시 강서구 공항대로 37 (공항동),근린생활1,제1종근린생활시설,101715875,지번,1,False
1150010900106090029,서울특별시 강서구 방화동,서울특별시 강서구 방화동로 58-1 (방화동),근린생활2,제2종근린생활시설,1017124781,지번,1,False
1150010800100140069,서울특별시 강서구 공항동,서울특별시 강서구 공항대로 57 (공항동),근린생활2,제2종근린생활시설,1017116155,지번,1,False
1150010800113400002,서울특별시 강서구 공항동,서울특별시 강서구 방화대로5길 15 (공항동),근린생활1,제1종근린생활시설,1017115378,지번,1,False
1150010800100450010,서울특별시 강서구 공항동,서울특별시 강서구 방화동로 24 (공항동),근린생활2,제2종근린생활시설,1017118201,지번,1,False
1150010900105980008,서울특별시 강서구 방화동,서울특별시 강서구 방화동로 69 (방화동),근린생활1,제1종근린생활시설,1017117418,지번,1,False
1150010800100450038,서울특별시 강서구 공항동,서울특별시 강서구 공항대로 21 (공항동),근린생활1,제1종근린생활시설,1017120633,지번,1,False
1150010900106070237,서울특별시 강서구 방화동,서울특별시 강서구 방화동로12길 6 (방화동),근린생활1,제1종근린생활시설,1017114956,지번,1,False
1150010800113600008,서울특별시 강서구 공항동,서울특별시 강서구 방화대로6마길 17 (공항동),근린생활2,제2종근린생활시설,1017112507,지번,1,False
1150010900102470281,서울특별시 강서구 방화동,서울특별시 강서구 초원로 78 (방화동),근린생활2,제2종근린생활시설,1017124502,지번,1,False
1150010800100220204,서울특별시 강서구 공항동,서울특별시 강서구 공항대로3길 36 (공항동),근린생활2,제2종근린생활시설,1017115089,지번,1,False
1150010800113400005,서울특별시 강서구 공항동,서울특별시 강서구 방화대로5길 7 (공항동),근린생활1,제1종근린생활시설,101714935,지번,1,False
1150010800100570013,서울특별시 강서구 공항동,서울특별시 강서구 송정로 25 (공항동),근린생활1,제1종근린생활시설,1017128487,지번,1,False
1150010800100570017,서울특별시 강서구 공항동,서울특별시 강서구 송정로 21 (공항동),근린생활1,제1종근린생활시설,1017113620,지번,1,False
1150010800106540000,서울특별시 강서구 공항동,서울특별시 강서구 송정로4길 46 (공항동),근린생활1,제1종근린생활시설,101714485,지번,1,False
1150010800107110000,서울특별시 강서구 공항동,서울특별시 강서구 방화대로7나길 60 (공항동),근린생활1,제1종근린생활시설,1017128769,지번,1,False
1150010800100600042,서울특별시 강서구 공항동,서울특별시 강서구 송정로 39 (공항동),근린생활2,제2종근린생활시설,1017114962,지번,1,False
1150010800107230000,서울특별시 강서구 공항동,서울특별시 강서구 송정로 10 (공항동),근린생활1,제1종근린생활시설,1017123549,지번,1,False
1150010900105870063,서울특별시 강서구 방화동,서울특별시 강서구 금낭화로5길 66-6 (방화동),근린생활1,제1종근린생활시설,1017124802,지번,1,False
1150010800113590010,서울특별시 강서구 공항동,서울특별시 강서구 방화대로6길 43 (공항동),근린생활1,제1종근린생활시설,1017118148,지번,1,False
1150010800113450009,서울특별시 강서구 공항동,서울특별시 강서구 방화대로8길 56 (공항동),근린생활1,제1종근린생활시설,1017112372,지번,1,False
1150010900105980048,서울특별시 강서구 방화동,서울특별시 강서구 초원로 61-1 (방화동),근린생활1,제1종근린생활시설,101713750,지번,2,False
1150010900105970034,서울특별시 강서구 방화동,서울특별시 강서구 방화동로 87 (방화동),근린생활1,제1종근린생활시설,1017110068,지번,1,False
1150010800100450059,서울특별시 강서구 공항동,서울특별시 강서구 공항대로3길 25 (공항동),근린생활2,제2종근린생활시설,10171100196126,지번,1,False
1150010900106070172,서울특별시 강서구 방화동,서울특별시 강서구 방화동로12길 15 (방화동),근린생활2,제2종근린생활시설,1017121059,지번,1,False
1150010800100140098,서울특별시 강서구 공항동,서울특별시 강서구 방화대로21길 20 (공항동),근린생활2,제2종근린생활시설,1017118191,지번,1,False
1150010900106090189,서울특별시 강서구 방화동,서울특별시 강서구 방화동로 50-1 (방화동),근린생활1,제1종근린생활시설,1017117470,지번,1,False
1150010900106090187,서울특별시 강서구 방화동,서울특별시 강서구 방화동로 44 (방화동),근린생활1,제1종근린생활시설,1017128091,지번,1,False
1150010900102460062,서울특별시 강서구 방화동,서울특별시 강서구 방화대로33길 9 (방화동),근린생활2,제2종근린생활시설,1017127818,지번,1,False
1150010800100340040,서울특별시 강서구 공항동,서울특별시 강서구 공항대로8길 11 (공항동),근린생활1,제1종근린생활시설,1017118411,지번,1,False
1150010800106540011,서울특별시 강서구 공항동,서울특별시 강서구 남부순환로11가길 104 (공항동),근린생활1,제1종근린생활시설,1017118597,지번,1,False
1150010900105980072,서울특별시 강서구 방화동,서울특별시 강서구 금낭화로 22 (방화동),근린생활2,제2종근린생활시설,101718825,지번,1,False
1150010900106200025,서울특별시 강서구 방화동,서울특별시 강서구 방화동로 13 (방화동),근린생활2,제2종근린생활시설,1017122117,지번,2,False
1150010900106200025,서울특별시 강서구 방화동,서울특별시 강서구 개화동로31길 36 (방화동),근린생활2,제2종근린생활시설,1017122760,지번,2,False
1150010800100450072,서울특별시 강서구 공항동,서울특별시 강서구 방화동로 18-10 (공항동),근린생활1,제1종근린생활시설,1017125691,지번,1,False
1150010800100180089,서울특별시 강서구 공항동,서울특별시 강서구 방화대로21길 81-1 (공항동),근린생활1,제1종근린생활시설,101715017,지번,1,False
1150010900106050008,서울특별시 강서구 방화동,서울특별시 강서구 금낭화로3길 24 (방화동),근린생활1,제1종근린생활시설,1017118628,지번,1,False
1150010900106190049,서울특별시 강서구 방화동,서울특별시 강서구 방화동로 25 (방화동),근린생활2,제2종근린생활시설,1017128817,지번,1,False
1150010800100520005,서울특별시 강서구 공항동,서울특별시 강서구 송정로 61-3 (공항동),근린생활1,제1종근린생활시설,101712705,지번,2,False
1150010800113660005,서울특별시 강서구 공항동,서울특별시 강서구 방화대로6마길 22-3 (공항동),근린생활1,제1종근린생활시설,101715302,지번,1,False
1150010900106010003,서울특별시 강서구 방화동,서울특별시 강서구 초원로 40 (방화동),근린생활2,제2종근린생활시설,1017123227,지번,1,False
1150010900102490022,서울특별시 강서구 방화동,서울특별시 강서구 방화동로 86 (방화동),근린생활2,제2종근린생활시설,1017124821,지번,1,False
1150010900106170008,서울특별시 강서구 방화동,서울특별시 강서구 개화동로27나길 8 (방화동),근린생활2,제2종근린생활시설,101714889,지번,1,False
1150010800100570030,서울특별시 강서구 공항동,서울특별시 강서구 남부순환로9길 27 (공항동),근린생활1,제1종근린생활시설,1017117927,지번,1,False
1150010800100210023,서울특별시 강서구 공항동,서울특별시 강서구 공항대로7길 41 (공항동),근린생활2,제2종근린생활시설,1017117405,지번,1,False
1150010900102460012,서울특별시 강서구 방화동,서울특별시 강서구 양천로24길 101 (방화동),근린생활1,제1종근린생활시설,1017121210,지번,1,False
1150010800106670007,서울특별시 강서구 공항동,서울특별시 강서구 남부순환로11가길 78 (공항동),근린생활1,제1종근린생활시설,1017113663,지번,1,False
1150010800100530031,서울특별시 강서구 공항동,서울특별시 강서구 송정로 52 (공항동),근린생활2,제2종근린생활시설,1017121027,지번,1,False
1150010800113440009,서울특별시 강서구 공항동,서울특별시 강서구 방화대로8길 30 (공항동),근린생활1,제1종근린생활시설,1017119455,지번,1,False
1150010900106140147,서울특별시 강서구 방화동,서울특별시 강서구 방화동로5길 40 (방화동),근린생활1,제1종근린생활시설,1017113260,지번,1,False
1150010900106070214,서울특별시 강서구 방화동,서울특별시 강서구 방화동로 68 (방화동),근린생활2,제2종근린생활시설,101719429,지번,1,False
1150010900102170163,서울특별시 강서구 방화동,서울특별시 강서구 방화대로 291 (방화동),근린생활2,제2종근린생활시설,1017125575,지번,1,False
1150010900106000060,서울특별시 강서구 방화동,서울특별시 강서구 초원로 45 (방화동),근린생활2,제2종근린생활시설,1017120409,지번,1,False
1150010800100450013,서울특별시 강서구 공항동,서울특별시 강서구 방화동로 20 (공항동),근린생활1,제1종근린생활시설,1017121119,지번,1,False
1150010900105890009,서울특별시 강서구 방화동,서울특별시 강서구 초원로 35 (방화동),근린생활2,제2종근린생활시설,1017120283,지번,1,False
1150010900106070082,서울특별시 강서구 방화동,서울특별시 강서구 방화동로12길 23 (방화동),근린생활2,제2종근린생활시설,1017117335,지번,1,False
1150010900106470021,서울특별시 강서구 방화동,서울특별시 강서구 초원로6길 28 (방화동),근린생활2,제2종근린생활시설,1017126530,지번,1,False
1150010900105980036,서울특별시 강서구 방화동,서울특별시 강서구 초원로 60 (방화동),근린생활1,제1종근린생활시설,1017118427,지번,1,False
1150010800100510071,서울특별시 강서구 공항동,서울특별시 강서구 공항대로2길 11 (공항동),근린생활2,제2종근린생활시설,10171100349294,지번,1,False
1150010800100140083,서울특별시 강서구 공항동,서울특별시 강서구 공항대로7길 36 (공항동),근린생활2,제2종근린생활시설,1017114908,지번,1,False
1150010900105970018,서울특별시 강서구 방화동,서울특별시 강서구 금낭화로 30 (방화동),근린생활2,제2종근린생활시설,1017128009,지번,1,False
1150010800100660019,서울특별시 강서구 공항동,서울특별시 강서구 공항대로2길 39-5 (공항동),근린생활2,제2종근린생활시설,1017116491,지번,1,False
1150010900106120170,서울특별시 강서구 방화동,서울특별시 강서구 방화동로5길 19 (방화동),근린생활2,제2종근린생활시설,101719932,지번,1,False
1150010900106070153,서울특별시 강서구 방화동,서울특별시 강서구 방화동로12길 14 (방화동),근린생활1,제1종근린생활시설,1017119797,지번,1,False
1150010800106720000,서울특별시 강서구 공항동,서울특별시 강서구 방화대로7길 5 (공항동),근린생활2,제2종근린생활시설,101719574,지번,1,False
1150010800100530034,서울특별시 강서구 공항동,서울특별시 강서구 송정로 54 (공항동),근린생활1,제1종근린생활시설,1017112687,지번,1,False
1150010800100140158,서울특별시 강서구 공항동,서울특별시 강서구 공항대로7길 46-1 (공항동),근린생활1,제1종근린생활시설,1017116931,지번,1,False
1150010900106060075,서울특별시 강서구 방화동,서울특별시 강서구 금낭화로3길 7 (방화동),근린생활1,제1종근린생활시설,1017114810,지번,1,False
1150010800100410053,서울특별시 강서구 공항동,서울특별시 강서구 공항대로8길 27 (공항동),근린생활1,제1종근린생활시설,1017121184,지번,1,False
1150010900106120080,서울특별시 강서구 방화동,서울특별시 강서구 방화동로3길 32 (방화동),근린생활1,제1종근린생활시설,1017114928,지번,1,False
1150010900106460026,서울특별시 강서구 방화동,서울특별시 강서구 개화동로23길 65 (방화동),근린생활1,단독주택,1017126445,지번,1,False
1150010800100320003,서울특별시 강서구 공항동,서울특별시 강서구 공항대로 38 (공항동),근린생활1,제1종근린생활시설,1017125573,지번,1,False
1150010900106120136,서울특별시 강서구 방화동,서울특별시 강서구 개화동로29길 17-4 (방화동),근린생활2,제2종근린생활시설,10171100210708,지번,1,False
1150010900102470198,서울특별시 강서구 방화동,서울특별시 강서구 양천로24길 119 (방화동),근린생활2,제2종근린생활시설,1017110166,지번,1,False
1150010900105980033,서울특별시 강서구 방화동,서울특별시 강서구 초원로 60-1 (방화동),근린생활2,공동주택,10171100319772,지번,1,False
1150010800100140081,서울특별시 강서구 공항동,서울특별시 강서구 공항대로 59 (공항동),근린생활2,제2종근린생활시설,1017121734,지번,1,False
1150010900106210016,서울특별시 강서구 방화동,서울특별시 강서구 방화동로1길 5 (방화동),근린생활1,제1종근린생활시설,1017125243,지번,1,False
1150010900106200098,서울특별시 강서구 방화동,서울특별시 강서구 방화동로3길 14 (방화동),판매시설,판매시설,101712207,지번,2,False
1150010900106200098,서울특별시 강서구 방화동,서울특별시 강서구 방화동로3길 14 (방화동),판매시설,판매시설,101712208,지번,2,False
1150010800100530015,서울특별시 강서구 공항동,서울특별시 강서구 송정로 70 (공항동),근린생활1,제1종근린생활시설,1017120542,지번,1,False
1150010900106000028,서울특별시 강서구 방화동,서울특별시 강서구 초원로 48 (방화동),근린생활2,제2종근린생활시설,1017124418,지번,1,False
1150010800113520007,서울특별시 강서구 공항동,서울특별시 강서구 방화대로6다길 6-15 (공항동),근린생활1,제1종근린생활시설,1017121878,지번,1,False
1150010900106060073,서울특별시 강서구 방화동,서울특별시 강서구 방화동로 65 (방화동),근린생활1,제2종근린생활시설,10171100343690,지번,1,False
1150010900106060006,서울특별시 강서구 방화동,서울특별시 강서구 방화동로 63 (방화동),근린생활1,제1종근린생활시설,1017116035,지번,1,False
1150010900106140120,서울특별시 강서구 방화동,서울특별시 강서구 개화동로25길 73 (방화동),근린생활1,제1종근린생활시설,1017121455,지번,1,False
1150010800100340006,서울특별시 강서구 공항동,서울특별시 강서구 공항대로10길 8 (공항동),근린생활2,제2종근린생활시설,1017124187,지번,1,False
1150010900106050001,서울특별시 강서구 방화동,서울특별시 강서구 금낭화로 13 (방화동),근린생활1,제1종근린생활시설,1017116843,지번,1,False
1150010900106140145,서울특별시 강서구 방화동,서울특별시 강서구 개화동로23길 108 (방화동),근린생활1,제1종근린생활시설,1017127137,지번,1,False
1150010800100340039,서울특별시 강서구 공항동,서울특별시 강서구 공항대로8길 13 (공항동),근린생활1,제1종근린생활시설,1017114542,지번,1,False
1150010900106160028,서울특별시 강서구 방화동,서울특별시 강서구 방화동로3길 47 (방화동),근린생활2,제2종근린생활시설,101715022,지번,1,False
1150010900105880036,서울특별시 강서구 방화동,서울특별시 강서구 초원로 31 (방화동),근린생활2,제2종근린생활시설,1017121941,지번,1,False
1150010900106140010,서울특별시 강서구 방화동,서울특별시 강서구 개화동로25길 68 (방화동),근린생활1,제1종근린생활시설,1017123585,지번,1,False
1150010800113480006,서울특별시 강서구 공항동,,근린생활1,제1종근린생활시설,1017128428,지번,1,False
1150010800113480002,서울특별시 강서구 공항동,,근린생활1,제1종근린생활시설,1017110461,지번,1,False
1150010800100330009,서울특별시 강서구 공항동,서울특별시 강서구 공항대로 38-14 (공항동),근린생활2,제2종근린생활시설,1017114443,지번,1,False
1150010800100330010,서울특별시 강서구 공항동,서울특별시 강서구 공항대로8길 14 (공항동),근린생활2,제2종근린생활시설,1017121738,지번,1,False
1150010900105980150,서울특별시 강서구 방화동,서울특별시 강서구 금낭화로 16 (방화동),근린생활1,제1종근린생활시설,1017113024,지번,1,False
1150010800100190012,서울특별시 강서구 공항동,서울특별시 강서구 방화대로21길 49 (공항동),근린생활2,제2종근린생활시설,101712686,지번,2,False
1150010800100180078,서울특별시 강서구 공항동,서울특별시 강서구 방화대로21길 72 (공항동),근린생활1,제1종근린생활시설,1017118092,지번,1,False
1150010900106070210,서울특별시 강서구 방화동,서울특별시 강서구 방화동로12길 12 (방화동),근린생활1,제1종근린생활시설,1017125896,지번,1,False
1150010900105970030,서울특별시 강서구 방화동,서울특별시 강서구 방화동로 85 (방화동),근린생활2,제2종근린생활시설,1017111236,지번,1,False
1150010800100720009,서울특별시 강서구 공항동,서울특별시 강서구 공항대로2길 18 (공항동),근린생활1,제1종근린생활시설,101717188,지번,1,False
1150010900102470213,서울특별시 강서구 방화동,서울특별시 강서구 초원로 86 (방화동),근린생활1,제1종근린생활시설,1017128320,지번,1,False
1150010800100700223,서울특별시 강서구 공항동,서울특별시 강서구 공항대로2길 25 (공항동),근린생활2,제2종근린생활시설,101717600,지번,1,False
1150010900106140060,서울특별시 강서구 방화동,서울특별시 강서구 방화동로 49-1 (방화동),근린생활1,제1종근린생활시설,1017119373,지번,1,False
1150010800106820003,서울특별시 강서구 공항동,서울특별시 강서구 방화대로7길 37 (공항동),근린생활2,제2종근린생활시설,1017117298,지번,1,False
1150010900102490047,서울특별시 강서구 방화동,서울특별시 강서구 초원로 67 (방화동),근린생활2,제2종근린생활시설,101712555,지번,1,False
1150010800106930009,서울특별시 강서구 공항동,서울특별시 강서구 송정로 14 (공항동),근린생활1,제1종근린생활시설,1017127409,지번,1,False
1150010800100530032,서울특별시 강서구 공항동,서울특별시 강서구 송정로 50 (공항동),근린생활1,제1종근린생활시설,1017117421,지번,1,False
1150010800113570005,서울특별시 강서구 공항동,서울특별시 강서구 방화대로6바길 11-1 (공항동),근린생활1,제1종근린생활시설,1017116060,지번,1,False
1150010900105890022,서울특별시 강서구 방화동,서울특별시 강서구 초원로11길 19 (방화동),근린생활1,제1종근린생활시설,1017115794,지번,1,False
1150010800106530000,서울특별시 강서구 공항동,서울특별시 강서구 남부순환로11가길 95 (공항동),근린생활1,제1종근린생활시설,1017110832,지번,1,False
1150010800100220053,서울특별시 강서구 공항동,서울특별시 강서구 공항대로7나길 45 (공항동),근린생활1,공동주택,1000000000000007132922,지번,1,False
1150010800106820000,서울특별시 강서구 공항동,서울특별시 강서구 방화대로7길 45 (공항동),근린생활1,제1종근린생활시설,1017111072,지번,1,False
1150010800106600000,서울특별시 강서구 공항동,서울특별시 강서구 방화대로7가길 40 (공항동),근린생활1,제1종근린생활시설,1017116406,지번,1,False
1150010800100520010,서울특별시 강서구 공항동,서울특별시 강서구 송정로 63-1 (공항동),근린생활1,제1종근린생활시설,1017124723,지번,1,False
1150010800100520011,서울특별시 강서구 공항동,서울특별시 강서구 송정로 65 (공항동),근린생활1,제1종근린생활시설,10171100350564,지번,1,False
1150010900106120233,서울특별시 강서구 방화동,서울특별시 강서구 방화동로5길 9 (방화동),근린생활1,제1종근린생활시설,1017124215,지번,1,False
1150010800100190005,서울특별시 강서구 공항동,서울특별시 강서구 공항대로7다길 16 (공항동),근린생활1,제1종근린생활시설,1017116946,지번,1,False
1150010900106200156,서울특별시 강서구 방화동,서울특별시 강서구 방화동로 11-1 (방화동),근린생활2,제2종근린생활시설,1017125269,지번,1,False
1150010900105970031,서울특별시 강서구 방화동,서울특별시 강서구 금낭화로 31 (방화동),근린생활2,제2종근린생활시설,1017116700,지번,1,False
1150010800100450017,서울특별시 강서구 공항동,서울특별시 강서구 공항대로 17 (공항동),근린생활2,제2종근린생활시설,1017114395,지번,1,False
1150010900106110003,서울특별시 강서구 방화동,서울특별시 강서구 방화대로21길 90 (방화동),근린생활1,제1종근린생활시설,101711445,지번,2,False
1150010900106110003,서울특별시 강서구 방화동,서울특별시 강서구 방화대로21길 90 (방화동),근린생활1,제1종근린생활시설,101711446,지번,2,False
1150010800100530002,서울특별시 강서구 공항동,,근린생활1,제1종근린생활시설,1000000000000005032014,지번,1,False
1150010800100450104,서울특별시 강서구 공항동,서울특별시 강서구 공항대로3가길 23 (공항동),근린생활1,제1종근린생활시설,1017123684,지번,1,False
1150010800100190020,서울특별시 강서구 공항동,서울특별시 강서구 방화대로21길 56 (공항동),근린생활2,제2종근린생활시설,1017128243,지번,1,False
1150010800100220121,서울특별시 강서구 공항동,서울특별시 강서구 공항대로5길 7 (공항동),근린생활2,제2종근린생활시설,101713132,지번,2,False
1150010800100220121,서울특별시 강서구 공항동,서울특별시 강서구 공항대로5길 7 (공항동),근린생활2,제2종근린생활시설,101713133,지번,2,False
1150010800100600151,서울특별시 강서구 공항동,서울특별시 강서구 남부순환로9길 13-6 (공항동),근린생활1,제1종근린생활시설,101719415,지번,1,False
1150010900106060055,서울특별시 강서구 방화동,서울특별시 강서구 개화동로23길 79 (방화동),근린생활1,제1종근린생활시설,101716493,지번,1,False
1150010800100230001,서울특별시 강서구 공항동,서울특별시 강서구 공항대로11길 21 (공항동),근린생활1,제1종근린생활시설,101713685,지번,5,False
1150010900106120228,서울특별시 강서구 방화동,서울특별시 강서구 방화동로3길 36-4 (방화동),근린생활1,제1종근린생활시설,1017125271,지번,1,False
1150010900106120131,서울특별시 강서구 방화동,서울특별시 강서구 개화동로29길 43 (방화동),근린생활1,제1종근린생활시설,101714422,지번,2,False
1150010800100140129,서울특별시 강서구 공항동,서울특별시 강서구 공항대로7가길 21-3 (공항동),근린생활2,제2종근린생활시설,101713621,지번,2,False
1150010800100140129,서울특별시 강서구 공항동,서울특별시 강서구 공항대로7가길 21-3 (공항동),근린생활2,제2종근린생활시설,101713622,지번,2,False
1150010800100250005,서울특별시 강서구 공항동,서울특별시 강서구 공항대로7길 16 (공항동),근린생활1,제1종근린생활시설,101712645,지번,1,False
1150010800100570028,서울특별시 강서구 공항동,서울특별시 강서구 남부순환로9길 24-2 (공항동),근린생활1,제1종근린생활시설,101718717,지번,1,False
1150010900106090079,서울특별시 강서구 방화동,서울특별시 강서구 방화동로10길 9 (방화동),근린생활1,제1종근린생활시설,1017125023,지번,1,False
1150010900106120128,서울특별시 강서구 방화동,서울특별시 강서구 개화동로29길 15 (방화동),근린생활2,제2종근린생활시설,1017120636,지번,1,False
1150010800100450011,서울특별시 강서구 공항동,서울특별시 강서구 방화동로 22 (공항동),근린생활2,업무시설,1000000000000001338696,지번,1,False
1150010900105630040,서울특별시 강서구 방화동,서울특별시 강서구 금낭화로 69 (방화동),근린생활2,제2종근린생활시설,101714725,지번,1,False
1150010900105690012,서울특별시 강서구 방화동,서울특별시 강서구 양천로 72 (방화동),근린생활1,제1종근린생활시설,101716927,지번,1,False
1150010900105630063,서울특별시 강서구 방화동,서울특별시 강서구 금낭화로 73 (방화동),근린생활1,제1종근린생활시설,1017111247,지번,1,False
1150010900105930025,서울특별시 강서구 방화동,서울특별시 강서구 금낭화로 51-1 (방화동),근린생활1,제1종근린생활시설,101719845,지번,1,False
1150010500112290000,서울특별시 강서구 마곡동,서울특별시 강서구 양천로26길 75 (마곡동),근린생활1,제1종근린생활시설,1017125073,지번,1,False
1150010900104950013,서울특별시 강서구 방화동,서울특별시 강서구 양천로7길 7 (방화동),근린생활1,제1종근린생활시설,1017123238,지번,1,False
1150010900105640077,서울특별시 강서구 방화동,서울특별시 강서구 금낭화로 57 (방화동),근린생활2,제2종근린생활시설,1017110295,지번,1,False
1150010900104840023,서울특별시 강서구 방화동,서울특별시 강서구 금낭화로 91-12 (방화동),근린생활2,제2종근린생활시설,1017113134,지번,1,False
1150010900102560001,서울특별시 강서구 방화동,서울특별시 강서구 방화대로 335 (방화동),근린생활2,방송통신시설,10171100339116,지번,1,False
1150010900104940000,서울특별시 강서구 방화동,서울특별시 강서구 양천로7길 15 (방화동),근린생활2,제2종근린생활시설,1017128051,지번,1,False
1150010900105930101,서울특별시 강서구 방화동,서울특별시 강서구 금낭화로 56 (방화동),근린생활2,제2종근린생활시설,1017122844,지번,1,False
1150010900102490235,서울특별시 강서구 방화동,서울특별시 강서구 방화동로 100 (방화동),근린생활1,제1종근린생활시설,101719291,지번,1,False
1150010900105800016,서울특별시 강서구 방화동,서울특별시 강서구 방화동로16길 29 (방화동),근린생활1,제1종근린생활시설,1017125630,지번,1,False
1150010900104840016,서울특별시 강서구 방화동,서울특별시 강서구 금낭화로 91-10 (방화동),근린생활1,제1종근린생활시설,1017128795,지번,1,False
1150010900105720007,서울특별시 강서구 방화동,서울특별시 강서구 양천로 86 (방화동),근린생활1,제1종근린생활시설,1017111144,지번,1,False
1150010900105720009,서울특별시 강서구 방화동,서울특별시 강서구 양천로 90 (방화동),근린생활2,제2종근린생활시설,101717291,지번,1,False
1150010900105800133,서울특별시 강서구 방화동,서울특별시 강서구 방화동로 103-1 (방화동),근린생활2,제2종근린생활시설,1017123712,지번,1,False
1150010900102810019,서울특별시 강서구 방화동,서울특별시 강서구 양천로24가길 13 (방화동),근린생활1,제2종근린생활시설,10171100303352,지번,1,False
1150010900105930005,서울특별시 강서구 방화동,서울특별시 강서구 금낭화로 53 (방화동),근린생활2,제2종근린생활시설,1017119177,지번,1,False
1150010900105800027,서울특별시 강서구 방화동,서울특별시 강서구 방화동로 113-1 (방화동),근린생활1,제1종근린생활시설,101719026,지번,1,False
1150010900105800013,서울특별시 강서구 방화동,서울특별시 강서구 방화동로 107 (방화동),근린생활1,제1종근린생활시설,1017127664,지번,1,False
1150010900102620021,서울특별시 강서구 방화동,서울특별시 강서구 양천로24가길 67 (방화동),근린생활1,제1종근린생활시설,1017124140,지번,1,False
1150010900105600005,서울특별시 강서구 방화동,서울특별시 강서구 양천로 52 (방화동),근린생활1,제1종근린생활시설,1017121385,지번,1,False
1150010900104480043,서울특별시 강서구 방화동,서울특별시 강서구 방화대로45길 56 (방화동),근린생활2,제2종근린생활시설,101718240,지번,1,False
1150010900105750006,서울특별시 강서구 방화동,서울특별시 강서구 방화동로16길 54-4 (방화동),근린생활1,제1종근린생활시설,101717376,지번,1,False
1150010900105800143,서울특별시 강서구 방화동,서울특별시 강서구 방화동로 99 (방화동),근린생활1,제1종근린생활시설,101718016,지번,1,False
1150010900105620021,서울특별시 강서구 방화동,서울특별시 강서구 양천로16길 16 (방화동),근린생활1,제1종근린생활시설,101719156,지번,1,False
1150010900104890001,서울특별시 강서구 방화동,서울특별시 강서구 양천로 45-1 (방화동),근린생활1,제1종근린생활시설,101713692,지번,1,False
1150010900104950018,서울특별시 강서구 방화동,서울특별시 강서구 양천로 25 (방화동),근린생활1,제1종근린생활시설,101716461,지번,1,False
1150010500115270000,서울특별시 강서구 마곡동,서울특별시 강서구 방화대로34길 86 (마곡동),근린생활2,제2종근린생활시설,10171100184425,지번,1,False
1150010900105640108,서울특별시 강서구 방화동,서울특별시 강서구 금낭화로 58 (방화동),근린생활2,제2종근린생활시설,1017116038,지번,1,False
1150010900105800053,서울특별시 강서구 방화동,서울특별시 강서구 방화동로 116-1 (방화동),근린생활2,제2종근린생활시설,1017110249,지번,1,False
1150010900105690015,서울특별시 강서구 방화동,서울특별시 강서구 방화동로16길 66 (방화동),근린생활2,제2종근린생활시설,1017121130,지번,1,False
1150010900104820003,서울특별시 강서구 방화동,서울특별시 강서구 금낭화로15길 23 (방화동),근린생활2,제2종근린생활시설,101714843,지번,1,False
1150010900105930103,서울특별시 강서구 방화동,서울특별시 강서구 금낭화로 54-3 (방화동),근린생활2,제2종근린생활시설,1017113105,지번,1,False
1150010900105750010,서울특별시 강서구 방화동,서울특별시 강서구 양천로18길 18 (방화동),근린생활2,제2종근린생활시설,1017121529,지번,1,False
1150010900102490283,서울특별시 강서구 방화동,서울특별시 강서구 방화동로 98 (방화동),근린생활1,제1종근린생활시설,1017119952,지번,1,False
1150010900105800029,서울특별시 강서구 방화동,서울특별시 강서구 방화동로 111 (방화동),근린생활1,제2종근린생활시설,101713746,지번,2,False
1150010900105800029,서울특별시 강서구 방화동,서울특별시 강서구 방화동로 111 (방화동),근린생활1,제1종근린생활시설,101713747,지번,2,False
1150010900104950007,서울특별시 강서구 방화동,서울특별시 강서구 양천로3길 10 (방화동),근린생활1,제1종근린생활시설,101716013,지번,1,False
1150010900105930042,서울특별시 강서구 방화동,서울특별시 강서구 금낭화로 49 (방화동),근린생활2,제2종근린생활시설,101717845,지번,1,False
1150010900105790000,서울특별시 강서구 방화동,서울특별시 강서구 양천로24가길 59 (방화동),근린생활2,제2종근린생활시설,101711274,지번,8,False
1150010500112280000,서울특별시 강서구 마곡동,서울특별시 강서구 양천로26길 79 (마곡동),근린생활1,제1종근린생활시설,1017112725,지번,1,False
1150010900105350014,서울특별시 강서구 방화동,서울특별시 강서구 양천로 42 (방화동),근린생활2,제2종근린생활시설,101719049,지번,1,False
1150010500200030000,서울특별시 강서구 마곡동,,근린생활1,제1종근린생활시설,101717312,지번,2,False
1150010400101870007,서울특별시 강서구 가양동,서울특별시 강서구 양천로49길 34 (가양동),판매시설,업무시설,10171100337432,지번,1,False
1150010400101540005,서울특별시 강서구 가양동,서울특별시 강서구 양천로49길 20 (가양동),근린생활2,제2종근린생활시설,101711115,지번,2,False
1150010400101540005,서울특별시 강서구 가양동,서울특별시 강서구 양천로49길 20 (가양동),근린생활2,제2종근린생활시설,101711116,지번,2,False
1150010300103470005,서울특별시 강서구 화곡동,서울특별시 강서구 강서로17길 41 (화곡동),근린생활2,제2종근린생활시설,1017113986,지번,1,False
1150010400101480010,서울특별시 강서구 가양동,서울특별시 강서구 강서로 502 (가양동),근린생활2,제2종근린생활시설,1017115197,지번,1,False
1150010400101540026,서울특별시 강서구 가양동,서울특별시 강서구 강서로 493 (가양동),근린생활2,제2종근린생활시설,1017115855,지번,1,False
1150010900102490035,서울특별시 강서구 방화동,서울특별시 강서구 방화동로16길 8 (방화동),근린생활1,제1종근린생활시설,1017112682,지번,1,False
1150010900105350011,서울특별시 강서구 방화동,서울특별시 강서구 양천로 38 (방화동),근린생활1,제1종근린생활시설,1017120771,지번,1,False
1150010500112300000,서울특별시 강서구 마곡동,서울특별시 강서구 양천로28길 13 (마곡동),근린생활1,제1종근린생활시설,1017126725,지번,1,False
1150010900105800043,서울특별시 강서구 방화동,서울특별시 강서구 방화동로 105 (방화동),근린생활1,제1종근린생활시설,1017114132,지번,1,False
1150010900104860002,서울특별시 강서구 방화동,서울특별시 강서구 양천로11길 17 (방화동),근린생활2,제2종근린생활시설,1017124977,지번,1,False
1150010900105950003,서울특별시 강서구 방화동,서울특별시 강서구 금낭화로6길 3 (방화동),근린생활1,제1종근린생활시설,101713552,지번,2,False
1150010900105950003,서울특별시 강서구 방화동,서울특별시 강서구 금낭화로6길 3 (방화동),근린생활1,제1종근린생활시설,101713553,지번,2,False
1150010400101540009,서울특별시 강서구 가양동,서울특별시 강서구 강서로 495 (가양동),근린생활2,제2종근린생활시설,101719805,지번,1,False
1150010400114580007,서울특별시 강서구 가양동,서울특별시 강서구 허준로 16 (가양동),근린생활1,제1종근린생활시설,1017116639,지번,1,False
1150010400102760002,서울특별시 강서구 가양동,서울특별시 강서구 양천로49길 35 (가양동),근린생활2,제2종근린생활시설,1017123339,지번,1,False
1150010500100050034,서울특별시 강서구 마곡동,서울특별시 강서구 양천로47길 60-44 (마곡동),근린생활2,제2종근린생활시설,101711580,지번,2,False
1150010900105800162,서울특별시 강서구 방화동,서울특별시 강서구 양천로24가길 72 (방화동),근린생활1,제1종근린생활시설,101719426,지번,1,False
1150010500100140012,서울특별시 강서구 마곡동,서울특별시 강서구 양천로47길 24 (마곡동),근린생활1,제1종근린생활시설,1017119045,지번,1,False
1150010500100070008,서울특별시 강서구 마곡동,서울특별시 강서구 양천로47길 70-6 (마곡동),근린생활2,제2종근린생활시설,101719930,지번,1,False
1150010400102540001,서울특별시 강서구 가양동,서울특별시 강서구 양천로47가길 19 (가양동),근린생활2,제2종근린생활시설,10171100225418,지번,3,False
1150010400101870001,서울특별시 강서구 가양동,서울특별시 강서구 강서로 501-5 (가양동),근린생활2,제2종근린생활시설,101718753,지번,1,False
1150010400114580000,서울특별시 강서구 가양동,서울특별시 강서구 강서로 506 (가양동),근린생활2,제1종근린생활시설,101711313,지번,3,False
1150010400114580000,서울특별시 강서구 가양동,서울특별시 강서구 강서로 506 (가양동),근린생활2,제2종근린생활시설,101711314,지번,3,False
1150010400114580000,서울특별시 강서구 가양동,서울특별시 강서구 강서로 506 (가양동),근린생활2,제2종근린생활시설,101711315,지번,3,False
1150010900102810031,서울특별시 강서구 방화동,서울특별시 강서구 양천로24길 21 (방화동),근린생활1,제1종근린생활시설,1017112476,지번,1,False
1150010900102500000,서울특별시 강서구 방화동,서울특별시 강서구 방화동로14길 17 (방화동),근린생활2,제2종근린생활시설,1017110329,지번,1,False
1150010900104870017,서울특별시 강서구 방화동,서울특별시 강서구 양천로 45-8 (방화동),근린생활2,제2종근린생활시설,1017115374,지번,1,False
1150010900104510021,서울특별시 강서구 방화동,서울특별시 강서구 금낭화로16길 19 (방화동),근린생활2,제2종근린생활시설,10171100202073,지번,1,False
1150010900102620022,서울특별시 강서구 방화동,서울특별시 강서구 양천로24가길 71 (방화동),근린생활2,제2종근린생활시설,101717804,지번,1,False
1150010900105740020,서울특별시 강서구 방화동,서울특별시 강서구 양천로22길 10 (방화동),근린생활1,제1종근린생활시설,1017127070,지번,1,False
1150010900102600017,서울특별시 강서구 방화동,서울특별시 강서구 양천로24길 55 (방화동),근린생활1,제1종근린생활시설,1017125498,지번,1,False
1150010900105740029,서울특별시 강서구 방화동,서울특별시 강서구 양천로24가길 30 (방화동),근린생활1,제1종근린생활시설,1017121068,지번,2,False
1150010900105030029,서울특별시 강서구 방화동,서울특별시 강서구 개화동로19길 6-53 (방화동),근린생활2,제2종근린생활시설,1017114563,지번,1,False
1150010900105640095,서울특별시 강서구 방화동,서울특별시 강서구 금낭화로 60 (방화동),근린생활2,제2종근린생활시설,1017110447,지번,1,False
1150010900105640071,서울특별시 강서구 방화동,서울특별시 강서구 금낭화로 63 (방화동),근린생활2,제2종근린생활시설,1017124109,지번,1,False
1150010900102810002,서울특별시 강서구 방화동,서울특별시 강서구 양천로 104 (방화동),근린생활2,제2종근린생활시설,1017115279,지번,1,False
1150010900105340009,서울특별시 강서구 방화동,서울특별시 강서구 양천로 34 (방화동),근린생활2,제2종근린생활시설,1017110493,지번,1,False
1150010900104920008,서울특별시 강서구 방화동,서울특별시 강서구 양천로1길 68 (방화동),근린생활2,제2종근린생활시설,1017122281,지번,1,False
1150010900105800160,서울특별시 강서구 방화동,서울특별시 강서구 방화동로16길 16 (방화동),근린생활2,제2종근린생활시설,1017119782,지번,1,False
1150010500103270053,서울특별시 강서구 마곡동,서울특별시 강서구 방화대로34길 120 (마곡동),근린생활1,제1종근린생활시설,101712040,지번,10,False
1150010900105690017,서울특별시 강서구 방화동,서울특별시 강서구 방화동로16길 62 (방화동),근린생활1,제1종근린생활시설,1017112175,지번,1,False
1150010900105620026,서울특별시 강서구 방화동,서울특별시 강서구 양천로 60 (방화동),근린생활1,제1종근린생활시설,1017117236,지번,1,False
1150010900104530045,서울특별시 강서구 방화동,서울특별시 강서구 금낭화로 103 (방화동),근린생활1,제1종근린생활시설,1017112596,지번,1,False
1150010900105930004,서울특별시 강서구 방화동,서울특별시 강서구 금낭화로 55 (방화동),근린생활2,제2종근린생활시설,1017125696,지번,1,False
1150010900105940001,서울특별시 강서구 방화동,서울특별시 강서구 금낭화로 52 (방화동),근린생활2,제2종근린생활시설,1017114724,지번,1,False
1150010900105630050,서울특별시 강서구 방화동,서울특별시 강서구 금낭화로 71 (방화동),근린생활2,제2종근린생활시설,1017127722,지번,1,False
1150010900102490005,서울특별시 강서구 방화동,서울특별시 강서구 양천로24가길 87 (방화동),근린생활2,제2종근린생활시설,1017124282,지번,1,False
1150010900104860003,서울특별시 강서구 방화동,서울특별시 강서구 양천로11길 27 (방화동),근린생활1,제1종근린생활시설,1017122649,지번,1,False
1150010900102490008,서울특별시 강서구 방화동,서울특별시 강서구 방화동로 102 (방화동),근린생활1,제1종근린생활시설,1017113559,지번,1,False
1150010900105620010,서울특별시 강서구 방화동,서울특별시 강서구 양천로14길 3 (방화동),근린생활2,제2종근린생활시설,1017122475,지번,1,False
1150010900105670029,서울특별시 강서구 방화동,서울특별시 강서구 금낭화로 80 (방화동),근린생활2,제2종근린생활시설,1017117851,지번,1,False
1150010900102810004,서울특별시 강서구 방화동,서울특별시 강서구 양천로24가길 19 (방화동),근린생활2,제2종근린생활시설,1017110274,지번,1,False
1150010900105790001,서울특별시 강서구 방화동,서울특별시 강서구 방화동로16길 32 (방화동),근린생활1,제1종근린생활시설,1017126738,지번,1,False
1150010500103260017,서울특별시 강서구 마곡동,서울특별시 강서구 양천로30길 22 (마곡동),근린생활1,제1종근린생활시설,1017120205,지번,1,False
1150010900105940018,서울특별시 강서구 방화동,서울특별시 강서구 금낭화로 45 (방화동),근린생활2,제2종근린생활시설,1017114365,지번,1,False
1150010900102490042,서울특별시 강서구 방화동,서울특별시 강서구 방화동로16길 2 (방화동),근린생활1,제1종근린생활시설,1017118805,지번,1,False
1150010900104960010,서울특별시 강서구 방화동,서울특별시 강서구 양천로 23 (방화동),근린생활1,제1종근린생활시설,1017121437,지번,1,False
1150010900105670023,서울특별시 강서구 방화동,서울특별시 강서구 방화동로16길 31 (방화동),근린생활1,제1종근린생활시설,1017110775,지번,1,False
1150010900104950038,서울특별시 강서구 방화동,서울특별시 강서구 양천로 27 (방화동),근린생활1,제1종근린생활시설,1017123012,지번,1,False
1150010900104500007,서울특별시 강서구 방화동,서울특별시 강서구 금낭화로 93 (방화동),근린생활1,제1종근린생활시설,1017112368,지번,1,False
1150010900104510011,서울특별시 강서구 방화동,서울특별시 강서구 금낭화로16길 28 (방화동),근린생활2,제2종근린생활시설,1017121004,지번,1,False
1150010500111690000,서울특별시 강서구 마곡동,서울특별시 강서구 양천로 126 (마곡동),근린생활2,제2종근린생활시설,101715519,지번,1,False
1150010500100090000,서울특별시 강서구 마곡동,서울특별시 강서구 양천로47길 40 (마곡동),근린생활1,공장,1000000000000002849224,지번,1,False
1150010400102750005,서울특별시 강서구 가양동,서울특별시 강서구 양천로49길 29 (가양동),근린생활2,제2종근린생활시설,1017125237,지번,1,False
1150010400101840005,서울특별시 강서구 가양동,서울특별시 강서구 양천로49길 19 (가양동),근린생활2,공동주택,10171100298232,지번,1,False
1150010400101480007,서울특별시 강서구 가양동,서울특별시 강서구 강서로76길 9-18 (가양동),근린생활2,제2종근린생활시설,1017113527,지번,1,False
1150010400101980004,서울특별시 강서구 가양동,서울특별시 강서구 강서로 519-9 (가양동),근린생활1,자동차관련시설,1000000000000006957009,지번,2,True
1150010400101980004,서울특별시 강서구 가양동,서울특별시 강서구 강서로 519-9 (가양동),근린생활1,자동차관련시설,1000000000000006957010,지번,2,True
1150010900106090042,서울특별시 강서구 방화동,서울특별시 강서구 방화동로 48-1 (방화동),근린생활1,제1종근린생활시설,1017121927,지번,1,False
1150010900105980007,서울특별시 강서구 방화동,서울특별시 강서구 방화동로 69-1 (방화동),근린생활2,제2종근린생활시설,1017121545,지번,1,False
1150010900106070083,서울특별시 강서구 방화동,서울특별시 강서구 방화동로12길 19 (방화동),근린생활1,제1종근린생활시설,1017115090,지번,1,False
1150010800113670005,서울특별시 강서구 공항동,서울특별시 강서구 방화대로6마길 22 (공항동),근린생활1,제1종근린생활시설,101714987,지번,1,False
1150010800113560008,서울특별시 강서구 공항동,서울특별시 강서구 방화대로6길 39 (공항동),근린생활2,제2종근린생활시설,1017125908,지번,1,False
1150010900105960021,서울특별시 강서구 방화동,서울특별시 강서구 초원로 50-1 (방화동),근린생활2,제2종근린생활시설,1017121079,지번,1,False
1150010800100600164,서울특별시 강서구 공항동,서울특별시 강서구 송정로 35 (공항동),근린생활1,제1종근린생활시설,1017111772,지번,1,False
1150010800100530041,서울특별시 강서구 공항동,서울특별시 강서구 공항대로 28 (공항동),근린생활1,제1종근린생활시설,101719858,지번,1,False
1150010900106140034,서울특별시 강서구 방화동,서울특별시 강서구 방화동로 37 (방화동),근린생활1,제1종근린생활시설,1017117782,지번,1,False
1150010900105970025,서울특별시 강서구 방화동,서울특별시 강서구 금낭화로 29 (방화동),근린생활2,제2종근린생활시설,1017123614,지번,1,False
1150010800100140207,서울특별시 강서구 공항동,서울특별시 강서구 공항대로 55 (공항동),근린생활2,제2종근린생활시설,1017117775,지번,1,False
1150010900106140018,서울특별시 강서구 방화동,서울특별시 강서구 방화동로 43 (방화동),근린생활2,제2종근린생활시설,1017122297,지번,1,False
1150010800100600109,서울특별시 강서구 공항동,서울특별시 강서구 송정로 41 (공항동),근린생활1,제1종근린생활시설,101717907,지번,1,False
1150010400101460056,서울특별시 강서구 가양동,서울특별시 강서구 강서로76길 18 (가양동),근린생활1,제1종근린생활시설,1017112470,지번,1,False
1150010400101460063,서울특별시 강서구 가양동,서울특별시 강서구 강서로76길 21 (가양동),근린생활1,제1종근린생활시설,101719009,지번,1,False
1150010400114560004,서울특별시 강서구 가양동,서울특별시 강서구 강서로 521-8 (가양동),근린생활2,제2종근린생활시설,1017126537,지번,1,False
1150010800106550007,서울특별시 강서구 공항동,서울특별시 강서구 방화대로7다길 36 (공항동),근린생활1,제1종근린생활시설,1017115438,지번,1,False
1150010900105980030,서울특별시 강서구 방화동,서울특별시 강서구 방화동로 83 (방화동),근린생활2,제2종근린생활시설,101718160,지번,1,False
1150010900106050012,서울특별시 강서구 방화동,서울특별시 강서구 금낭화로 15 (방화동),근린생활2,제2종근린생활시설,1017112343,지번,1,False
1150010900105850006,서울특별시 강서구 방화동,서울특별시 강서구 초원로 22 (방화동),근린생활2,제2종근린생활시설,1017117913,지번,1,False
1150010800106930006,서울특별시 강서구 공항동,서울특별시 강서구 송정로 14-8 (공항동),근린생활1,제1종근린생활시설,1017125886,지번,1,False
1150010800106920001,서울특별시 강서구 공항동,서울특별시 강서구 송정로 18-6 (공항동),근린생활1,제1종근린생활시설,101717494,지번,1,False
1150010800104340002,서울특별시 강서구 공항동,서울특별시 강서구 공항대로 10 (공항동),근린생활2,제2종근린생활시설,101714908,본번,1,False
1150010800100340035,서울특별시 강서구 공항동,서울특별시 강서구 공항대로 38-9 (공항동),근린생활2,제2종근린생활시설,101717667,지번,1,False
1150010900105890019,서울특별시 강서구 방화동,서울특별시 강서구 초원로 38 (방화동),근린생활1,제1종근린생활시설,101719722,지번,1,False
1150010800100550019,서울특별시 강서구 공항동,서울특별시 강서구 송정로 24 (공항동),근린생활2,제2종근린생활시설,1017120045,지번,1,False
1150010500100070015,서울특별시 강서구 마곡동,서울특별시 강서구 양천로47길 64-1 (마곡동),근린생활2,제2종근린생활시설,1017118035,지번,1,False
1150010800100020055,서울특별시 강서구 공항동,서울특별시 강서구 초원로16길 89 (공항동),근린생활1,제1종근린생활시설,1017112768,지번,1,False
1150010800100450087,서울특별시 강서구 공항동,서울특별시 강서구 공항대로3길 11-1 (공항동),근린생활1,제1종근린생활시설,101718751,지번,1,False
1150010800100140093,서울특별시 강서구 공항동,서울특별시 강서구 방화대로21가길 2 (공항동),근린생활1,제1종근린생활시설,101718290,지번,1,False
1150010800100550024,서울특별시 강서구 공항동,서울특별시 강서구 송정로 20 (공항동),근린생활2,제2종근린생활시설,1017115669,지번,1,False
1150010900106120138,서울특별시 강서구 방화동,서울특별시 강서구 개화동로29길 20 (방화동),근린생활1,제1종근린생활시설,10171100351863,지번,1,False
1150010900105980106,서울특별시 강서구 방화동,서울특별시 강서구 초원로 56 (방화동),근린생활2,제2종근린생활시설,1017113734,지번,1,False
1150010900106080092,서울특별시 강서구 방화동,서울특별시 강서구 방화동로12길 40 (방화동),근린생활1,제1종근린생활시설,101719545,지번,1,False
1150010900106070027,서울특별시 강서구 방화동,서울특별시 강서구 방화동로12길 35 (방화동),근린생활2,제2종근린생활시설,1017121595,지번,1,False
1150010800106780001,서울특별시 강서구 공항동,서울특별시 강서구 남부순환로11길 51 (공항동),근린생활1,공동주택,10171100337652,지번,1,False
1150010900106120059,서울특별시 강서구 방화동,서울특별시 강서구 방화동로3길 35 (방화동),근린생활1,제1종근린생활시설,101715470,지번,1,False
1150010800113550013,서울특별시 강서구 공항동,서울특별시 강서구 방화대로6길 23 (공항동),근린생활2,제2종근린생활시설,1017115569,지번,1,False
1150010500103480008,서울특별시 강서구 마곡동,서울특별시 강서구 양천로30길 97 (마곡동),근린생활1,제1종근린생활시설,101717453,지번,1,False
1150011100106580002,서울특별시 강서구 과해동,,근린생활1,제1종근린생활시설,1017128018,지번,1,False
1150010900105870061,서울특별시 강서구 방화동,서울특별시 강서구 초원로8길 20-4 (방화동),근린생활1,제1종근린생활시설,1017114308,지번,1,False
1150010800106670000,서울특별시 강서구 공항동,서울특별시 강서구 남부순환로11가길 88 (공항동),근린생활1,제1종근린생활시설,1017112945,지번,1,False
1150010800100280010,서울특별시 강서구 공항동,서울특별시 강서구 공항대로 39 (공항동),근린생활1,제1종근린생활시설,1017114183,지번,1,False
1150010900106140202,서울특별시 강서구 방화동,서울특별시 강서구 방화동로5길 6 (방화동),근린생활1,제1종근린생활시설,1017128555,지번,1,False
1150010900105960025,서울특별시 강서구 방화동,서울특별시 강서구 금낭화로 37 (방화동),근린생활1,제1종근린생활시설,1017111992,지번,1,False
1150010900106140052,서울특별시 강서구 방화동,서울특별시 강서구 방화동로 45-1 (방화동),근린생활1,제1종근린생활시설,1017114703,지번,1,False
1150010900102490091,서울특별시 강서구 방화동,서울특별시 강서구 방화동로 96 (방화동),근린생활1,제1종근린생활시설,1017125775,지번,1,False
1150010800100530027,서울특별시 강서구 공항동,서울특별시 강서구 송정로 66 (공항동),근린생활2,제2종근린생활시설,1017127124,지번,1,False
1150010900106060112,서울특별시 강서구 방화동,서울특별시 강서구 방화동로 59 (방화동),근린생활1,제1종근린생활시설,1017117124,지번,1,False
1150010800100570026,서울특별시 강서구 공항동,서울특별시 강서구 송정로 19 (공항동),근린생활2,제2종근린생활시설,1017111975,지번,1,False
1150010900105980122,서울특별시 강서구 방화동,서울특별시 강서구 금낭화로 21 (방화동),근린생활2,제2종근린생활시설,101719584,지번,1,False
1150011200105590001,서울특별시 강서구 오곡동,서울특별시 강서구 개화동로2길 956 (오곡동),근린생활1,제1종근린생활시설,1017113071,지번,1,False
1150010800113600010,서울특별시 강서구 공항동,서울특별시 강서구 방화대로6마길 23 (공항동),근린생활2,제2종근린생활시설,101716146,지번,1,False
1150010900106000002,서울특별시 강서구 방화동,서울특별시 강서구 초원로 43 (방화동),근린생활2,제2종근린생활시설,1017117443,지번,1,False
1150010800100340113,서울특별시 강서구 공항동,서울특별시 강서구 공항대로10길 10 (공항동),근린생활2,제2종근린생활시설,1017127263,지번,1,False
1150010800100220175,서울특별시 강서구 공항동,서울특별시 강서구 공항대로5길 5 (공항동),근린생활2,제2종근린생활시설,1017117727,지번,1,False
1150010800100550026,서울특별시 강서구 공항동,서울특별시 강서구 송정로 26 (공항동),근린생활1,제1종근린생활시설,1017120158,지번,1,False
1150010900105870016,서울특별시 강서구 방화동,서울특별시 강서구 초원로6길 15 (방화동),근린생활2,제2종근린생활시설,101719271,지번,1,False
1150010800100220034,서울특별시 강서구 공항동,서울특별시 강서구 공항대로3길 44 (공항동),근린생활1,제1종근린생활시설,1017119662,지번,1,False
1150010800106700007,서울특별시 강서구 공항동,서울특별시 강서구 방화대로7길 10 (공항동),근린생활1,제1종근린생활시설,1017112512,지번,1,False
1150010800113510006,서울특별시 강서구 공항동,서울특별시 강서구 방화대로6다길 20-18 (공항동),근린생활2,제2종근린생활시설,1017117639,지번,1,False
1150010900106160027,서울특별시 강서구 방화동,서울특별시 강서구 방화동로3길 49 (방화동),근린생활1,제1종근린생활시설,101715013,지번,1,False
1150010900102470110,서울특별시 강서구 방화동,서울특별시 강서구 초원로 75 (방화동),근린생활1,제1종근린생활시설,101715042,지번,1,False
1150010800100550039,서울특별시 강서구 공항동,서울특별시 강서구 송정로 34 (공항동),근린생활2,제2종근린생활시설,1017122552,지번,1,False
1150010900106060096,서울특별시 강서구 방화동,서울특별시 강서구 방화동로 61 (방화동),근린생활2,제2종근린생활시설,1017122523,지번,1,False
1150010800106510009,서울특별시 강서구 공항동,서울특별시 강서구 송정로4길 51 (공항동),근린생활1,제1종근린생활시설,1017128086,지번,1,False
1150010800106690001,서울특별시 강서구 공항동,서울특별시 강서구 방화대로7나길 29 (공항동),근린생활1,제1종근린생활시설,1017110685,지번,1,False
1150010400102500001,서울특별시 강서구 가양동,서울특별시 강서구 양천로49길 43 (가양동),근린생활2,업무시설,10171100342952,지번,1,False
1150010800113640004,서울특별시 강서구 공항동,서울특별시 강서구 방화대로6가길 30 (공항동),근린생활2,제2종근린생활시설,1017121228,지번,1,False
1150010900106110015,서울특별시 강서구 방화동,서울특별시 강서구 방화대로21길 86 (방화동),근린생활1,제1종근린생활시설,1017119452,지번,1,False
1150010900105980121,서울특별시 강서구 방화동,서울특별시 강서구 금낭화로 19 (방화동),근린생활2,제2종근린생활시설,1017126323,지번,1,False
1150010900105980113,서울특별시 강서구 방화동,서울특별시 강서구 금낭화로 23 (방화동),근린생활1,제1종근린생활시설,1017111711,지번,1,False
1150010900102460036,서울특별시 강서구 방화동,서울특별시 강서구 양천로24길 108 (방화동),근린생활2,제2종근린생활시설,101718842,지번,1,False
1150010900106180014,서울특별시 강서구 방화동,서울특별시 강서구 개화동로27길 4 (방화동),근린생활2,제2종근린생활시설,1017115134,지번,1,False
1150010900106480016,서울특별시 강서구 방화동,서울특별시 강서구 초원로 16 (방화동),근린생활2,제2종근린생활시설,1017124287,지번,1,False
1150010800100510042,서울특별시 강서구 공항동,서울특별시 강서구 공항대로2가길 5 (공항동),근린생활1,노유자시설,10171100339133,지번,1,False
1150010300100880002,서울특별시 강서구 화곡동,서울특별시 강서구 우현로 9 (화곡동),근린생활2,제2종근린생활시설,1017125143,지번,1,False
1150010800106860001,서울특별시 강서구 공항동,서울특별시 강서구 방화대로7길 63 (공항동),근린생활1,제1종근린생활시설,1017128195,지번,1,False
1150010900106120144,서울특별시 강서구 방화동,서울특별시 강서구 방화동로1길 44 (방화동),근린생활2,제2종근린생활시설,1017113564,지번,1,False
1150010900106160016,서울특별시 강서구 방화동,서울특별시 강서구 방화동로3길 59 (방화동),근린생활2,제2종근린생활시설,1017124041,지번,1,False
1150010900106120087,서울특별시 강서구 방화동,서울특별시 강서구 방화동로5길 24 (방화동),근린생활2,제2종근린생활시설,1017111168,지번,1,False
1150010900106200071,서울특별시 강서구 방화동,서울특별시 강서구 방화동로3길 20 (방화동),근린생활1,제1종근린생활시설,1017123206,지번,1,False
1150010500107200000,서울특별시 강서구 마곡동,서울특별시 강서구 방화대로 266 (마곡동),근린생활2,제2종근린생활시설,1017113514,지번,1,False
1150010400101950001,서울특별시 강서구 가양동,서울특별시 강서구 양천로49길 56-2 (가양동),근린생활2,제2종근린생활시설,1017114446,지번,1,False
1150010500100140020,서울특별시 강서구 마곡동,서울특별시 강서구 양천로47길 20 (마곡동),근린생활2,제2종근린생활시설,1017115443,지번,1,False
1150010900106190001,서울특별시 강서구 방화동,서울특별시 강서구 개화동로27가길 17 (방화동),근린생활,제2종근린생활시설,1000000000000005442117,지번,2,False
1150010900106190001,서울특별시 강서구 방화동,서울특별시 강서구 개화동로27가길 17 (방화동),근린생활,제2종근린생활시설,1000000000000005442118,지번,2,False
1150010800100450009,서울특별시 강서구 공항동,서울특별시 강서구 방화동로 26-1 (공항동),근린생활1,제1종근린생활시설,1017120859,지번,1,False
1150010800100720040,서울특별시 강서구 공항동,서울특별시 강서구 공항대로2길 4 (공항동),근린생활1,제1종근린생활시설,1017122540,지번,1,False
1150010800106590013,서울특별시 강서구 공항동,서울특별시 강서구 남부순환로11길 94 (공항동),근린생활1,제1종근린생활시설,1017118130,지번,1,False
1150010800106710009,서울특별시 강서구 공항동,서울특별시 강서구 남부순환로11길 56 (공항동),근린생활1,제1종근린생활시설,1017128522,지번,1,False
1150010800107120000,서울특별시 강서구 공항동,서울특별시 강서구 방화대로7나길 58 (공항동),근린생활1,제1종근린생활시설,1017124352,지번,1,False
1150010800100720006,서울특별시 강서구 공항동,서울특별시 강서구 공항대로2길 6 (공항동),근린생활1,제1종근린생활시설,1017123187,지번,1,False
1150010800100530072,서울특별시 강서구 공항동,서울특별시 강서구 송정로 58 (공항동),근린생활2,제2종근린생활시설,1017120955,지번,1,False
1150010800100610134,서울특별시 강서구 공항동,서울특별시 강서구 남부순환로9길 11 (공항동),근린생활2,공동주택,1000000000000007006299,지번,1,False
1150010900106140131,서울특별시 강서구 방화동,서울특별시 강서구 개화동로23길 88 (방화동),근린생활1,제1종근린생활시설,101717324,지번,1,False
1150010400114580006,서울특별시 강서구 가양동,서울특별시 강서구 허준로 14 (가양동),근린생활2,제2종근린생활시설,1017116143,지번,1,False
1150010400101790001,서울특별시 강서구 가양동,서울특별시 강서구 양천로 335 (가양동),근린생활1,제1종근린생활시설,101714450,지번,1,False
1150010900105980031,서울특별시 강서구 방화동,서울특별시 강서구 초원로 61 (방화동),근린생활2,제2종근린생활시설,101713134,지번,2,False
1150010900106140017,서울특별시 강서구 방화동,서울특별시 강서구 개화동로23길 113 (방화동),근린생활1,제1종근린생활시설,101717209,지번,1,False
1150010800100450057,서울특별시 강서구 공항동,서울특별시 강서구 공항대로3길 29 (공항동),근린생활2,제2종근린생활시설,1017119245,지번,1,False
1150010800113890000,서울특별시 강서구 공항동,서울특별시 강서구 방화동로 40-1 (공항동),근린생활1,제1종근린생활시설,1017115357,지번,1,False
1150010900106480036,서울특별시 강서구 방화동,서울특별시 강서구 초원로 10 (방화동),근린생활1,제1종근린생활시설,1017112581,지번,1,False
1150010800100340050,서울특별시 강서구 공항동,서울특별시 강서구 공항대로8길 17 (공항동),근린생활1,제1종근린생활시설,1017118841,지번,1,False
1150010800100180021,서울특별시 강서구 공항동,서울특별시 강서구 방화대로21길 83 (공항동),근린생활1,제1종근린생활시설,101712683,지번,2,False
1150010800100180021,서울특별시 강서구 공항동,서울특별시 강서구 방화대로21길 83 (공항동),근린생활1,제2종근린생활시설,101712684,지번,2,False
1150010800100410048,서울특별시 강서구 공항동,서울특별시 강서구 공항대로8길 21 (공항동),근린생활1,제1종근린생활시설,101718777,지번,1,False
1150010900106160030,서울특별시 강서구 방화동,서울특별시 강서구 개화동로27길 21 (방화동),근린생활1,제1종근린생활시설,1017110084,지번,1,False
1150010900106160031,서울특별시 강서구 방화동,서울특별시 강서구 개화동로27길 19 (방화동),근린생활1,제1종근린생활시설,1017124068,지번,1,False
1150010900106100026,서울특별시 강서구 방화동,서울특별시 강서구 초원로16길 68 (방화동),근린생활1,제1종근린생활시설,1017118844,지번,1,False
1150010200106560018,서울특별시 강서구 등촌동,서울특별시 강서구 화곡로 372 (등촌동),근린생활1,제1종근린생활시설,10171100274172,지번,1,False
1150010800106540005,서울특별시 강서구 공항동,서울특별시 강서구 송정로4길 50-14 (공항동),근린생활1,제1종근린생활시설,1017128848,지번,1,False
1150010900106150093,서울특별시 강서구 방화동,서울특별시 강서구 개화동로25길 45 (방화동),근린생활1,제1종근린생활시설,1017125768,지번,1,False
1150010800100410015,서울특별시 강서구 공항동,서울특별시 강서구 공항대로8길 19 (공항동),근린생활2,제2종근린생활시설,101713868,지번,2,False
1150010800106860000,서울특별시 강서구 공항동,서울특별시 강서구 방화대로7길 67 (공항동),근린생활2,제2종근린생활시설,1017124008,지번,1,False
1150010800100620004,서울특별시 강서구 공항동,서울특별시 강서구 공항대로2길 64 (공항동),근린생활1,제1종근린생활시설,1017117265,지번,1,False
1150010800100460012,서울특별시 강서구 공항동,서울특별시 강서구 방화동로 26 (공항동),근린생활1,제1종근린생활시설,1017115319,지번,1,False
1150010800100450012,서울특별시 강서구 공항동,서울특별시 강서구 방화동로 20-1 (공항동),근린생활1,제1종근린생활시설,1017116680,지번,1,False
1150010900105890013,서울특별시 강서구 방화동,서울특별시 강서구 초원로 38-14 (방화동),근린생활2,제2종근린생활시설,1017118871,지번,4,False
1150010400102720031,서울특별시 강서구 가양동,서울특별시 강서구 양천로 311 (가양동),근린생활1,제1종근린생활시설,101717896,지번,1,False
1150010400101540014,서울특별시 강서구 가양동,서울특별시 강서구 강서로 489-4 (가양동),근린생활2,제2종근린생활시설,1017126676,지번,1,False
1150010900106200146,서울특별시 강서구 방화동,서울특별시 강서구 방화동로 15-3 (방화동),근린생활2,제2종근린생활시설,1017118283,지번,1,False
1150010800100450058,서울특별시 강서구 공항동,서울특별시 강서구 공항대로3길 27 (공항동),근린생활2,제2종근린생활시설,1017122625,지번,1,False
1150010900105980018,서울특별시 강서구 방화동,서울특별시 강서구 방화동로 77 (방화동),근린생활2,제2종근린생활시설,1017110457,지번,1,False
1150010900106200035,서울특별시 강서구 방화동,서울특별시 강서구 방화동로 11 (방화동),근린생활1,제1종근린생활시설,1017123336,지번,1,False
1150010800100500005,서울특별시 강서구 공항동,서울특별시 강서구 송정로 67 (공항동),근린생활1,공동주택,1000000000000007317850,지번,1,False
1150010800100530047,서울특별시 강서구 공항동,서울특별시 강서구 송정로 48 (공항동),근린생활2,제2종근린생활시설,1017112085,지번,1,False
1150010900106140062,서울특별시 강서구 방화동,서울특별시 강서구 방화동로7길 8 (방화동),근린생활1,제1종근린생활시설,101712209,지번,2,False
1150010900105900019,서울특별시 강서구 방화동,서울특별시 강서구 양천로14길 113 (방화동),근린생활1,제1종근린생활시설,1017125485,지번,1,False
1150010400114590009,서울특별시 강서구 가양동,서울특별시 강서구 강서로80길 117 (가양동),근린생활1,제1종근린생활시설,1017116490,지번,1,False
1150010800113430004,서울특별시 강서구 공항동,서울특별시 강서구 방화대로6나길 21 (공항동),근린생활2,제2종근린생활시설,101717680,지번,1,False
1150010900106130021,서울특별시 강서구 방화동,서울특별시 강서구 개화동로27길 16 (방화동),근린생활1,제1종근린생활시설,1017118039,지번,1,False
1150010400114590001,서울특별시 강서구 가양동,서울특별시 강서구 허준로 9 (가양동),근린생활1,제1종근린생활시설,101719246,지번,1,False
1150010400101840007,서울특별시 강서구 가양동,서울특별시 강서구 양천로49길 15 (가양동),근린생활1,제1종근린생활시설,1017124845,지번,1,False
1150010400114580008,서울특별시 강서구 가양동,서울특별시 강서구 허준로 16-8 (가양동),근린생활1,제1종근린생활시설,1017126559,지번,1,False
1150010400114580009,서울특별시 강서구 가양동,서울특별시 강서구 허준로 16-12 (가양동),근린생활1,제1종근린생활시설,1017118171,지번,1,False
1150010900106000061,서울특별시 강서구 방화동,서울특별시 강서구 초원로 47 (방화동),근린생활2,제2종근린생활시설,1017113611,지번,1,False
1150010800113500008,서울특별시 강서구 공항동,서울특별시 강서구 방화대로6다길 20-15 (공항동),근린생활1,제1종근린생활시설,1017112850,지번,1,False
1150010800113880000,서울특별시 강서구 공항동,서울특별시 강서구 방화동로 42 (공항동),근린생활1,제1종근린생활시설,101716758,지번,1,False
1150010900106060111,서울특별시 강서구 방화동,서울특별시 강서구 금낭화로 1 (방화동),근린생활1,제1종근린생활시설,1017128768,지번,1,False
1150010900106140104,서울특별시 강서구 방화동,서울특별시 강서구 방화동로5길 34 (방화동),근린생활2,제2종근린생활시설,101717163,지번,1,False
1150010800100190003,서울특별시 강서구 공항동,서울특별시 강서구 방화대로21길 60 (공항동),근린생활2,제2종근린생활시설,1017126986,지번,1,False
1150010800100210017,서울특별시 강서구 공항동,서울특별시 강서구 공항대로7길 35 (공항동),근린생활1,제1종근린생활시설,1017124257,지번,1,False
1150010800113650008,서울특별시 강서구 공항동,서울특별시 강서구 방화대로6가길 27 (공항동),근린생활1,제1종근린생활시설,1017116296,지번,1,False
1150010900106140077,서울특별시 강서구 방화동,서울특별시 강서구 방화동로 39-1 (방화동),근린생활1,제1종근린생활시설,101715189,지번,1,False
1150010900106200033,서울특별시 강서구 방화동,서울특별시 강서구 방화동로3길 6 (방화동),근린생활1,제1종근린생활시설,1017125363,지번,1,False
1150010900106120215,서울특별시 강서구 방화동,서울특별시 강서구 개화동로27길 34 (방화동),근린생활2,제2종근린생활시설,10171100211156,지번,1,False
1150010900105890021,서울특별시 강서구 방화동,서울특별시 강서구 초원로 37-1 (방화동),근린생활1,제2종근린생활시설,10171100346492,지번,1,False
1150010900106120018,서울특별시 강서구 방화동,서울특별시 강서구 개화동로29길 60 (방화동),판매시설,판매시설,101719806,지번,2,False
1150010900106140079,서울특별시 강서구 방화동,서울특별시 강서구 방화동로7길 6 (방화동),근린생활1,제1종근린생활시설,1017128544,지번,1,False
1150010400101540016,서울특별시 강서구 가양동,서울특별시 강서구 강서로 497 (가양동),근린생활2,제2종근린생활시설,101718791,지번,1,False
1150010400101510001,서울특별시 강서구 가양동,서울특별시 강서구 강서로 498 (가양동),근린생활2,제2종근린생활시설,101712050,지번,3,False
1150010400102310004,서울특별시 강서구 가양동,서울특별시 강서구 양천로47나길 48-5 (가양동),근린생활2,제2종근린생활시설,10171100200734,지번,1,False
1150010400114580010,서울특별시 강서구 가양동,서울특별시 강서구 허준로 10-25 (가양동),근린생활2,제2종근린생활시설,1017127778,지번,1,False
1150010400102380001,서울특별시 강서구 가양동,서울특별시 강서구 양천로49길 68-6 (가양동),근린생활1,업무시설,1000000000000002753558,지번,1,False
1150010700104240000,서울특별시 강서구 외발산동,서울특별시 강서구 강서도매시장로 130 (외발산동),판매시설,판매시설,101711312,지번,3,False
1150010900102470113,서울특별시 강서구 방화동,서울특별시 강서구 초원로 85 (방화동),근린생활2,제2종근린생활시설,10171100202974,지번,1,False
1150010500107180000,서울특별시 강서구 마곡동,서울특별시 강서구 방화대로 270 (마곡동),근린생활2,제2종근린생활시설,1017119989,지번,1,False
1150010500103590003,서울특별시 강서구 마곡동,서울특별시 강서구 양천로30길 123 (마곡동),근린생활1,제1종근린생활시설,1017116895,지번,1,False
1150010900102490293,서울특별시 강서구 방화동,서울특별시 강서구 방화대로33길 63 (방화동),근린생활2,제2종근린생활시설,1017113715,지번,1,False
1150010900106070219,서울특별시 강서구 방화동,서울특별시 강서구 방화동로12길 10 (방화동),근린생활2,제2종근린생활시설,101717091,지번,1,False
1150010800100700006,서울특별시 강서구 공항동,서울특별시 강서구 공항대로2길 22 (공항동),근린생활2,제2종근린생활시설,1017121567,지번,1,False
1150010800100550102,서울특별시 강서구 공항동,서울특별시 강서구 송정로 44 (공항동),근린생활2,제2종근린생활시설,1017124044,지번,1,False
1150010800100550101,서울특별시 강서구 공항동,서울특별시 강서구 송정로 42 (공항동),근린생활1,제1종근린생활시설,1017128629,지번,1,False
1150010400102770001,서울특별시 강서구 가양동,서울특별시 강서구 양천로49길 39 (가양동),근린생활1,제1종근린생활시설,1017118262,지번,1,False
1150010800100570001,서울특별시 강서구 공항동,서울특별시 강서구 송정로 27 (공항동),근린생활2,제2종근린생활시설,1017110148,지번,1,False
1150010900105800101,서울특별시 강서구 방화동,서울특별시 강서구 방화동로 93 (방화동),판매시설,판매시설,101718826,지번,1,False
1150010800100180110,서울특별시 강서구 공항동,서울특별시 강서구 방화대로21길 64 (공항동),근린생활1,제1종근린생활시설,1017114757,지번,1,False
1150010900106140008,서울특별시 강서구 방화동,서울특별시 강서구 개화동로27길 55 (방화동),근린생활1,제1종근린생활시설,1017117885,지번,1,False
1150010900106450042,서울특별시 강서구 방화동,서울특별시 강서구 개화동로25길 19 (방화동),근린생활2,제2종근린생활시설,1017126029,지번,1,False
1150010800100190016,서울특별시 강서구 공항동,서울특별시 강서구 방화대로21길 50 (공항동),근린생활2,제2종근린생활시설,1017128224,지번,1,False
1150010800100190008,서울특별시 강서구 공항동,서울특별시 강서구 공항대로7길 49 (공항동),근린생활2,제2종근린생활시설,1017126721,지번,1,False
1150010800100560009,서울특별시 강서구 공항동,서울특별시 강서구 송정로 32 (공항동),근린생활1,제1종근린생활시설,1017113813,지번,1,False
1150010900106450055,서울특별시 강서구 방화동,서울특별시 강서구 개화동로 523 (방화동),근린생활2,제2종근린생활시설,101718348,지번,1,False
1150010800100340003,서울특별시 강서구 공항동,서울특별시 강서구 공항대로 44 (공항동),근린생활2,제2종근린생활시설,101713628,지번,3,False
1150010900105890016,서울특별시 강서구 방화동,서울특별시 강서구 초원로 36-1 (방화동),근린생활1,제1종근린생활시설,1017118405,지번,1,False
1150010900106210015,서울특별시 강서구 방화동,서울특별시 강서구 방화동로 1 (방화동),근린생활2,제2종근린생활시설,101715711,지번,1,False
1150010900106010001,서울특별시 강서구 방화동,서울특별시 강서구 초원로 39 (방화동),근린생활2,제2종근린생활시설,1017124270,지번,1,False
1150010800100340037,서울특별시 강서구 공항동,서울특별시 강서구 공항대로8길 8 (공항동),근린생활1,제1종근린생활시설,1017111005,지번,1,False
1150010400200040007,서울특별시 강서구 가양동,,근린생활1,제1종근린생활시설,1017126321,지번,1,False
1150010300107790005,서울특별시 강서구 화곡동,서울특별시 강서구 곰달래로58길 7-13 (화곡동),근린생활2,제2종근린생활시설,10171100210108,지번,1,False
1150010200105090004,서울특별시 강서구 등촌동,서울특별시 강서구 등촌로53길 5-5 (등촌동),근린생활2,제2종근린생활시설,10171100210730,지번,1,False
1150010300107900005,서울특별시 강서구 화곡동,서울특별시 강서구 국회대로7길 24 (화곡동),근린생활1,제1종근린생활시설,1017118621,지번,1,False
1150010300108280008,서울특별시 강서구 화곡동,서울특별시 강서구 곰달래로53가길 3 (화곡동),근린생활2,제2종근린생활시설,1017119663,지번,1,False
1150010300107800003,서울특별시 강서구 화곡동,서울특별시 강서구 등촌로3길 16 (화곡동),근린생활2,제2종근린생활시설,10171100203949,지번,1,False
1150010300107900006,서울특별시 강서구 화곡동,서울특별시 강서구 국회대로7길 26 (화곡동),근린생활1,제1종근린생활시설,1017110889,지번,1,False
1150010200105090007,서울특별시 강서구 등촌동,서울특별시 강서구 등촌로53길 5-6 (등촌동),근린생활2,제2종근린생활시설,10171100210705,지번,1,False
1150010300108580008,서울특별시 강서구 화곡동,서울특별시 강서구 강서로10길 111 (화곡동),근린생활2,제2종근린생활시설,101712346,지번,1,False
1150010300107900009,서울특별시 강서구 화곡동,서울특별시 강서구 강서로5라길 198 (화곡동),근린생활1,제1종근린생활시설,101717407,지번,1,False
1150010300108530006,서울특별시 강서구 화곡동,서울특별시 강서구 국회대로7길 87 (화곡동),근린생활2,제2종근린생활시설,101716372,지번,1,False
1150010300108410002,서울특별시 강서구 화곡동,서울특별시 강서구 강서로8길 197 (화곡동),근린생활2,제2종근린생활시설,1017110001,지번,1,False
1150010300107780001,서울특별시 강서구 화곡동,서울특별시 강서구 곰달래로57길 10-16 (화곡동),근린생활2,제2종근린생활시설,1017115909,지번,1,False
1150010300108840002,서울특별시 강서구 화곡동,서울특별시 강서구 곰달래로36길 32 (화곡동),근린생활2,제2종근린생활시설,1017122566,지번,1,False
1150010300109590010,서울특별시 강서구 화곡동,서울특별시 강서구 까치산로24길 30 (화곡동),근린생활2,제2종근린생활시설,101716315,지번,1,False
1150010200105070004,서울특별시 강서구 등촌동,서울특별시 강서구 등촌로 227 (등촌동),근린생활2,제2종근린생활시설,101714381,지번,2,False
1150010200105070004,서울특별시 강서구 등촌동,서울특별시 강서구 등촌로 227 (등촌동),근린생활2,제2종근린생활시설,101714382,지번,2,False
1150010100102520000,서울특별시 강서구 염창동,서울특별시 강서구 양천로75길 8 (염창동),근린생활2,업무시설,10171100317933,지번,2,False
1150010100102520000,서울특별시 강서구 염창동,서울특별시 강서구 양천로75길 8 (염창동),근린생활2,업무시설,10171100317975,지번,2,False
1150010900106140233,서울특별시 강서구 방화동,서울특별시 강서구 방화동로5길 40-9 (방화동),근린생활1,제1종근린생활시설,101717364,지번,1,False
1150010900105720012,서울특별시 강서구 방화동,서울특별시 강서구 양천로 90-1 (방화동),근린생활2,제2종근린생활시설,1017111947,지번,1,False
1150010900105050006,서울특별시 강서구 방화동,서울특별시 강서구 개화동로 437 (방화동),근린생활1,제1종근린생활시설,1017126830,지번,1,False
1150010900104950002,서울특별시 강서구 방화동,서울특별시 강서구 양천로 31 (방화동),근린생활2,제2종근린생활시설,1017116818,지번,1,False
1150010500112820000,서울특별시 강서구 마곡동,서울특별시 강서구 양천로26길 18 (마곡동),근린생활1,제1종근린생활시설,101718737,지번,1,False
1150010900105710004,서울특별시 강서구 방화동,서울특별시 강서구 양천로 81 (방화동),근린생활2,제2종근린생활시설,1017111888,지번,1,False
1150010900105800147,서울특별시 강서구 방화동,서울특별시 강서구 금낭화로 54-20 (방화동),근린생활2,제2종근린생활시설,1017113310,지번,1,False
1150010900105630019,서울특별시 강서구 방화동,서울특별시 강서구 금낭화로 66 (방화동),근린생활2,제2종근린생활시설,101713169,지번,2,False
1150010900105920022,서울특별시 강서구 방화동,서울특별시 강서구 금낭화로 41 (방화동),근린생활2,제2종근린생활시설,101716854,지번,1,False
1150010100102510002,서울특별시 강서구 염창동,서울특별시 강서구 양천로75길 13 (염창동),근린생활2,제2종근린생활시설,1017128755,지번,1,False
1150010500113240000,서울특별시 강서구 마곡동,서울특별시 강서구 방화대로 348 (마곡동),근린생활1,제1종근린생활시설,101719443,지번,1,False
1150010900102850025,서울특별시 강서구 방화동,서울특별시 강서구 양천로 98 (방화동),근린생활2,제2종근린생활시설,101716693,지번,1,False
1150011000106000002,서울특별시 강서구 개화동,서울특별시 강서구 개화동로20길 142 (개화동),근린생활1,제1종근린생활시설,1017125594,지번,1,False
1150010100102630012,서울특별시 강서구 염창동,서울특별시 강서구 공항대로75길 41 (염창동),근린생활2,제2종근린생활시설,10171100197048,지번,1,False
1150010100102630015,서울특별시 강서구 염창동,서울특별시 강서구 양천로 714-10 (염창동),근린생활2,공동주택,10171100354154,지번,1,False
1150010100102750000,서울특별시 강서구 염창동,서울특별시 강서구 공항대로 553 (염창동),근린생활1,공동주택,1000000000000005575321,지번,1,False
1150010100102500008,서울특별시 강서구 염창동,서울특별시 강서구 양천로 709 (염창동),근린생활1,제1종근린생활시설,101713827,지번,1,False
1150010900105640068,서울특별시 강서구 방화동,서울특별시 강서구 금낭화로11길 10 (방화동),근린생활2,제2종근린생활시설,1017112382,지번,1,False
1150010900105930013,서울특별시 강서구 방화동,서울특별시 강서구 금낭화로 51 (방화동),근린생활2,제2종근린생활시설,101719318,지번,1,False
1150010900105800028,서울특별시 강서구 방화동,서울특별시 강서구 방화동로 113 (방화동),근린생활1,제1종근린생활시설,1017124933,지번,1,False
1150010900102490254,서울특별시 강서구 방화동,서울특별시 강서구 초원로13길 58 (방화동),근린생활1,공동주택,1000000000000002332209,지번,2,True
1150010900102490254,서울특별시 강서구 방화동,서울특별시 강서구 초원로13길 58 (방화동),근린생활1,공동주택,1000000000000002332230,지번,2,True
1150010900105670035,서울특별시 강서구 방화동,서울특별시 강서구 방화동로 124-1 (방화동),근린생활1,업무시설,10171100330393,지번,1,False
1150010900105640044,서울특별시 강서구 방화동,서울특별시 강서구 방화동로 119 (방화동),근린생활1,제1종근린생활시설,1017117433,지번,1,False
1150010900102600013,서울특별시 강서구 방화동,서울특별시 강서구 양천로24길 65 (방화동),근린생활1,제1종근린생활시설,1017115536,지번,1,False
1150010900102490070,서울특별시 강서구 방화동,서울특별시 강서구 방화동로 108 (방화동),근린생활1,제1종근린생활시설,1017111395,지번,1,False
1150010900102600034,서울특별시 강서구 방화동,서울특별시 강서구 양천로24길 63 (방화동),근린생활1,제1종근린생활시설,101717995,지번,1,False
1150010900105800135,서울특별시 강서구 방화동,서울특별시 강서구 방화동로 114 (방화동),근린생활1,제1종근린생활시설,101715577,지번,1,False
1150010900105590010,서울특별시 강서구 방화동,서울특별시 강서구 양천로14길 24 (방화동),근린생활2,제2종근린생활시설,101715540,지번,1,False
1150010500114630000,서울특별시 강서구 마곡동,서울특별시 강서구 방화대로34길 83 (마곡동),근린생활1,제1종근린생활시설,101711919,지번,3,False
1150010500114630000,서울특별시 강서구 마곡동,서울특별시 강서구 방화대로34길 83 (마곡동),근린생활1,제1종근린생활시설,101711921,지번,3,False
1150010500114630000,서울특별시 강서구 마곡동,서울특별시 강서구 방화대로34길 83 (마곡동),근린생활1,제1종근린생활시설,101711922,지번,3,False
1150010500100740000,서울특별시 강서구 마곡동,서울특별시 강서구 양천로 201 (마곡동),근린생활1,제1종근린생활시설,101711999,지번,19,False
1150010500100740000,서울특별시 강서구 마곡동,서울특별시 강서구 양천로 201 (마곡동),근린생활1,제1종근린생활시설,101712000,지번,19,False
1150010500100740000,서울특별시 강서구 마곡동,서울특별시 강서구 양천로 201 (마곡동),근린생활1,제1종근린생활시설,101712001,지번,19,False
1150010500100740000,서울특별시 강서구 마곡동,서울특별시 강서구 양천로 201 (마곡동),근린생활1,제1종근린생활시설,101712002,지번,19,False
1150010500100740000,서울특별시 강서구 마곡동,서울특별시 강서구 양천로 201 (마곡동),근린생활1,제1종근린생활시설,101712003,지번,19,False
1150010500100740000,서울특별시 강서구 마곡동,서울특별시 강서구 양천로 201 (마곡동),근린생활1,제1종근린생활시설,101712006,지번,19,False
1150010500100740000,서울특별시 강서구 마곡동,서울특별시 강서구 양천로 201 (마곡동),근린생활1,제1종근린생활시설,101712007,지번,19,False
1150010500100740000,서울특별시 강서구 마곡동,서울특별시 강서구 양천로 201 (마곡동),근린생활1,제1종근린생활시설,101712008,지번,19,False
1150010500100740000,서울특별시 강서구 마곡동,서울특별시 강서구 양천로 201 (마곡동),근린생활1,제1종근린생활시설,101712009,지번,19,False
1150010500100740000,서울특별시 강서구 마곡동,서울특별시 강서구 양천로 201 (마곡동),근린생활1,제1종근린생활시설,101712010,지번,19,False
1150010500100740000,서울특별시 강서구 마곡동,서울특별시 강서구 양천로 201 (마곡동),근린생활1,제1종근린생활시설,101712011,지번,19,False
1150010500100740000,서울특별시 강서구 마곡동,서울특별시 강서구 양천로 201 (마곡동),근린생활1,제1종근린생활시설,101712015,지번,19,False
1150010500100740000,서울특별시 강서구 마곡동,서울특별시 강서구 양천로 201 (마곡동),근린생활1,제1종근린생활시설,101712016,지번,19,False
1150010500100740000,서울특별시 강서구 마곡동,서울특별시 강서구 양천로 201 (마곡동),근린생활1,제1종근린생활시설,101712017,지번,19,False
1150010500100740000,서울특별시 강서구 마곡동,서울특별시 강서구 양천로 201 (마곡동),근린생활1,제1종근린생활시설,101712018,지번,19,False
1150010100102640011,서울특별시 강서구 염창동,서울특별시 강서구 양천로 696-1 (염창동),근린생활1,제1종근린생활시설,101714500,지번,1,False
1150010100102500011,서울특별시 강서구 염창동,서울특별시 강서구 양천로 707 (염창동),근린생활1,업무시설,1000000000000006961496,지번,1,False
1150010200105070003,서울특별시 강서구 등촌동,서울특별시 강서구 등촌로 227-2 (등촌동),근린생활1,제1종근린생활시설,101713522,지번,2,False
1150010200105070003,서울특별시 강서구 등촌동,서울특별시 강서구 등촌로 227-1 (등촌동),근린생활1,제1종근린생활시설,101713523,지번,2,False
1150010900105800034,서울특별시 강서구 방화동,서울특별시 강서구 방화동로16길 23 (방화동),근린생활1,제1종근린생활시설,1017127269,지번,1,False
1150010900105760002,서울특별시 강서구 방화동,서울특별시 강서구 양천로24가길 38 (방화동),근린생활1,제1종근린생활시설,1017123019,지번,1,False
1150010900105670002,서울특별시 강서구 방화동,서울특별시 강서구 양천로 65 (방화동),근린생활1,제1종근린생활시설,101711957,지번,2,False
1150010500112260000,서울특별시 강서구 마곡동,서울특별시 강서구 양천로26길 87 (마곡동),근린생활2,제2종근린생활시설,10171100197779,지번,1,False
1150010900104950033,서울특별시 강서구 방화동,서울특별시 강서구 양천로 27-3 (방화동),근린생활2,제2종근린생활시설,1017120824,지번,1,False
1150010900105670032,서울특별시 강서구 방화동,서울특별시 강서구 금낭화로 70 (방화동),근린생활2,제2종근린생활시설,1017125192,지번,1,False
1150010900105630025,서울특별시 강서구 방화동,서울특별시 강서구 금낭화로 75 (방화동),근린생활1,제1종근린생활시설,101715067,지번,1,False
1150010900105620023,서울특별시 강서구 방화동,서울특별시 강서구 양천로 56 (방화동),근린생활1,제1종근린생활시설,1017117674,지번,1,False
1150010900105800060,서울특별시 강서구 방화동,서울특별시 강서구 방화동로16길 22 (방화동),근린생활2,제2종근린생활시설,10171100205389,지번,1,False
1150010900105800068,서울특별시 강서구 방화동,서울특별시 강서구 방화동로16길 18-5 (방화동),근린생활1,제1종근린생활시설,1017126377,지번,1,False
1150010900105670009,서울특별시 강서구 방화동,서울특별시 강서구 양천로16길 7 (방화동),근린생활1,제1종근린생활시설,101715380,지번,1,False
1150010900105520012,서울특별시 강서구 방화동,서울특별시 강서구 양천로14길 64-3 (방화동),근린생활2,제2종근린생활시설,101715421,지번,1,False
1150010500112800000,서울특별시 강서구 마곡동,서울특별시 강서구 양천로26길 10-7 (마곡동),근린생활2,제2종근린생활시설,101715566,지번,1,False
1150010900105330009,서울특별시 강서구 방화동,서울특별시 강서구 양천로6길 15 (방화동),근린생활1,제1종근린생활시설,101715442,지번,1,False
1150010900105670003,서울특별시 강서구 방화동,서울특별시 강서구 양천로 63-1 (방화동),근린생활1,제1종근린생활시설,1017120154,지번,1,False
1150010900104840003,서울특별시 강서구 방화동,서울특별시 강서구 양천로 59 (방화동),근린생활2,제2종근린생활시설,1017110430,지번,1,False
1150010900104510003,서울특별시 강서구 방화동,서울특별시 강서구 금낭화로 97 (방화동),근린생활1,제1종근린생활시설,1017122668,지번,1,False
1150010500114680000,서울특별시 강서구 마곡동,서울특별시 강서구 양천로28길 35 (마곡동),근린생활2,제2종근린생활시설,1017112841,지번,1,False
1150010900102860024,서울특별시 강서구 방화동,서울특별시 강서구 양천로 109 (방화동),근린생활2,제2종근린생활시설,1017116833,지번,1,False
1150010900105710048,서울특별시 강서구 방화동,서울특별시 강서구 양천로 91 (방화동),근린생활1,제1종근린생활시설,1017121433,지번,1,False
1150010900102860022,서울특별시 강서구 방화동,서울특별시 강서구 양천로 101 (방화동),근린생활2,제2종근린생활시설,1017117816,지번,1,False
1150010900105530030,서울특별시 강서구 방화동,서울특별시 강서구 양천로14길 52 (방화동),근린생활2,제2종근린생활시설,101716534,지번,1,False
1150010500112540000,서울특별시 강서구 마곡동,서울특별시 강서구 양천로26길 24-5 (마곡동),근린생활2,제2종근린생활시설,101719669,지번,1,False
1150010500103260002,서울특별시 강서구 마곡동,서울특별시 강서구 양천로30길 11 (마곡동),근린생활2,제2종근린생활시설,101719264,지번,1,False
1150010900102810038,서울특별시 강서구 방화동,서울특별시 강서구 양천로24길 28 (방화동),근린생활1,제1종근린생활시설,1017111300,지번,1,False
1150010500100040006,서울특별시 강서구 마곡동,서울특별시 강서구 양천로47길 108 (마곡동),근린생활2,제2종근린생활시설,1017125251,지번,1,False
1150010100102820014,서울특별시 강서구 염창동,서울특별시 강서구 공항대로81길 3-12 (염창동),근린생활2,제2종근린생활시설,10171100210928,지번,1,False
1150010100102610013,서울특별시 강서구 염창동,서울특별시 강서구 공항대로59다길 267 (염창동),근린생활2,제2종근린생활시설,10171100204708,지번,1,False
1150010100102820013,서울특별시 강서구 염창동,서울특별시 강서구 공항대로81길 3-10 (염창동),근린생활2,제2종근린생활시설,10171100201034,지번,1,False
1150010100102820022,서울특별시 강서구 염창동,서울특별시 강서구 공항대로 629 (염창동),근린생활2,제2종근린생활시설,101718743,지번,1,False
1150010200105300022,서울특별시 강서구 등촌동,서울특별시 강서구 등촌로53길 64 (등촌동),근린생활2,제2종근린생활시설,1017127142,지번,1,False
1150010900105690044,서울특별시 강서구 방화동,서울특별시 강서구 방화동로16길 38 (방화동),근린생활1,제1종근린생활시설,1017114615,지번,1,False
1150010500115340000,서울특별시 강서구 마곡동,서울특별시 강서구 방화대로34길 102 (마곡동),근린생활2,제2종근린생활시설,101715584,지번,1,False
1150010900104880006,서울특별시 강서구 방화동,서울특별시 강서구 양천로 51 (방화동),근린생활1,제1종근린생활시설,1017121711,지번,1,False
1150010900102860023,서울특별시 강서구 방화동,서울특별시 강서구 양천로 107 (방화동),근린생활1,제1종근린생활시설,1017126205,지번,1,False
1150010900102860001,서울특별시 강서구 방화동,서울특별시 강서구 양천로23길 9 (방화동),근린생활1,제1종근린생활시설,101711639,지번,3,False
1150010900102490071,서울특별시 강서구 방화동,서울특별시 강서구 방화동로 106 (방화동),근린생활1,제1종근린생활시설,1017110085,지번,1,False
1150010500112310000,서울특별시 강서구 마곡동,서울특별시 강서구 양천로26길 73 (마곡동),근린생활2,제2종근린생활시설,1017127780,지번,1,False
1150010900102600020,서울특별시 강서구 방화동,서울특별시 강서구 양천로24길 60 (방화동),근린생활1,제1종근린생활시설,101719210,지번,1,False
1150010900105800130,서울특별시 강서구 방화동,서울특별시 강서구 방화동로 95 (방화동),근린생활2,제2종근린생활시설,10171100297099,지번,1,False
1150010900105350015,서울특별시 강서구 방화동,서울특별시 강서구 양천로 40 (방화동),근린생활2,제2종근린생활시설,101716361,지번,1,False
1150010500112430000,서울특별시 강서구 마곡동,서울특별시 강서구 양천로26길 53 (마곡동),근린생활2,제2종근린생활시설,1017112002,지번,1,False
1150010900105520018,서울특별시 강서구 방화동,서울특별시 강서구 양천로14나길 19 (방화동),근린생활2,제2종근린생활시설,101717893,지번,1,False
1150010900108680000,서울특별시 강서구 방화동,서울특별시 강서구 양천로14길 37 (방화동),근린생활1,제1종근린생활시설,101713050,지번,8,False
1150010500112470000,서울특별시 강서구 마곡동,서울특별시 강서구 양천로26길 43 (마곡동),근린생활2,제2종근린생활시설,10171100200733,지번,1,False
1150010900105620020,서울특별시 강서구 방화동,서울특별시 강서구 양천로16길 8 (방화동),근린생활2,근린생활시설,1017119796,지번,1,False
1150010900104510028,서울특별시 강서구 방화동,서울특별시 강서구 금낭화로16길 27 (방화동),근린생활2,제2종근린생활시설,1017112590,지번,1,False
1150010900105800109,서울특별시 강서구 방화동,서울특별시 강서구 양천로24가길 68 (방화동),근린생활1,단독주택,1017118323,지번,1,False
1150010900105640085,서울특별시 강서구 방화동,서울특별시 강서구 금낭화로 60-1 (방화동),근린생활1,제2종근린생활시설,10171100294015,지번,3,False
1150010500115400000,서울특별시 강서구 마곡동,서울특별시 강서구 양천로30길 50 (마곡동),근린생활2,제2종근린생활시설,101717485,지번,1,False
1150010900105800041,서울특별시 강서구 방화동,서울특별시 강서구 방화동로16길 12 (방화동),근린생활1,제1종근린생활시설,101715129,지번,1,False
1150010900105520013,서울특별시 강서구 방화동,서울특별시 강서구 양천로14길 66 (방화동),근린생활2,제2종근린생활시설,101717325,지번,1,False
1150010500112390000,서울특별시 강서구 마곡동,서울특별시 강서구 양천로26길 57 (마곡동),근린생활2,제2종근린생활시설,101717234,지번,1,False
1150010900104870008,서울특별시 강서구 방화동,서울특별시 강서구 양천로11길 8 (방화동),근린생활2,제2종근린생활시설,1017119374,지번,1,False
1150010900105470006,서울특별시 강서구 방화동,서울특별시 강서구 양천로14길 78 (방화동),근린생활2,제2종근린생활시설,1017120970,지번,1,False
1150010900105630008,서울특별시 강서구 방화동,서울특별시 강서구 양천로14길 13 (방화동),근린생활2,제2종근린생활시설,1017125358,지번,1,False
1150010900105630027,서울특별시 강서구 방화동,서울특별시 강서구 양천로14길 9 (방화동),근린생활1,제1종근린생활시설,1017123644,지번,1,False
1150010900102810066,서울특별시 강서구 방화동,서울특별시 강서구 양천로24길 10 (방화동),근린생활2,제2종근린생활시설,1017117239,지번,1,False
1150010900105570023,서울특별시 강서구 방화동,서울특별시 강서구 양천로 48-7 (방화동),근린생활2,제2종근린생활시설,1017111785,지번,1,False
1150010900102810025,서울특별시 강서구 방화동,서울특별시 강서구 양천로24길 16 (방화동),근린생활2,제2종근린생활시설,101715228,지번,1,False
1150010900105750024,서울특별시 강서구 방화동,서울특별시 강서구 양천로18길 23 (방화동),근린생활2,제2종근린생활시설,1017126324,지번,1,False
1150010900107960000,서울특별시 강서구 방화동,서울특별시 강서구 방화대로37길 15 (방화동),근린생활1,제1종근린생활시설,101712197,지번,3,False
1150010500104060001,서울특별시 강서구 마곡동,서울특별시 강서구 양천로47길 141 (마곡동),근린생활1,제1종근린생활시설,1017122945,지번,1,False
1150010100102610004,서울특별시 강서구 염창동,서울특별시 강서구 양천로 738 (염창동),근린생활2,공장,10171100358144,지번,1,False
1150010100102820008,서울특별시 강서구 염창동,서울특별시 강서구 공항대로81길 11 (염창동),근린생활2,공동주택,10171100300092,지번,1,False
1150010100102520010,서울특별시 강서구 염창동,서울특별시 강서구 양천로 717-5 (염창동),근린생활1,제1종근린생활시설,1017122079,지번,1,False
1150010500114150000,서울특별시 강서구 마곡동,서울특별시 강서구 양천로26길 54 (마곡동),근린생활2,제2종근린생활시설,1017116952,지번,1,False
1150010500114560000,서울특별시 강서구 마곡동,서울특별시 강서구 양천로28길 38 (마곡동),근린생활1,제1종근린생활시설,1017115541,지번,1,False
1150010900104830011,서울특별시 강서구 방화동,서울특별시 강서구 양천로13길 22 (방화동),근린생활1,공동주택,1000000000000001570708,지번,1,False
1150010900102880017,서울특별시 강서구 방화동,서울특별시 강서구 양천로 91-10 (방화동),근린생활1,제1종근린생활시설,1017112900,지번,1,False
1150010900105800054,서울특별시 강서구 방화동,서울특별시 강서구 방화동로 116 (방화동),근린생활2,제2종근린생활시설,1017120236,지번,1,False
1150010500115570000,서울특별시 강서구 마곡동,서울특별시 강서구 양천로30길 84 (마곡동),근린생활1,제1종근린생활시설,1017121382,지번,1,False
1150010900105670010,서울특별시 강서구 방화동,서울특별시 강서구 양천로16길 3 (방화동),근린생활1,제1종근린생활시설,1017114276,지번,1,False
1150010900105760003,서울특별시 강서구 방화동,서울특별시 강서구 방화동로16길 36 (방화동),근린생활1,제1종근린생활시설,1017110517,지번,1,False
1150010500115470000,서울특별시 강서구 마곡동,서울특별시 강서구 양천로30길 56 (마곡동),근린생활1,제1종근린생활시설,101716274,지번,1,False
1150010900102510011,서울특별시 강서구 방화동,서울특별시 강서구 양천로24길 82 (방화동),근린생활1,제1종근린생활시설,101719315,지번,1,False
1150010900102740002,서울특별시 강서구 방화동,서울특별시 강서구 방화대로 351 (방화동),근린생활2,업무시설,10171100349394,지번,1,False
1150010900105350001,서울특별시 강서구 방화동,서울특별시 강서구 양천로 48 (방화동),근린생활1,제1종근린생활시설,1017128020,지번,1,False
1150010900104500001,서울특별시 강서구 방화동,서울특별시 강서구 양천로 77 (방화동),근린생활1,공동주택,1000000000000001044149,지번,1,False
1150010900102620027,서울특별시 강서구 방화동,서울특별시 강서구 양천로24길 54-21 (방화동),근린생활1,제1종근린생활시설,1017122970,지번,1,False
1150010900105690010,서울특별시 강서구 방화동,서울특별시 강서구 방화동로16길 56 (방화동),근린생활2,제2종근린생활시설,101717874,지번,1,False
1150010900105620038,서울특별시 강서구 방화동,서울특별시 강서구 양천로14길 6 (방화동),근린생활2,제2종근린생활시설,101715398,지번,1,False
1150010900105470004,서울특별시 강서구 방화동,서울특별시 강서구 양천로14길 86-4 (방화동),근린생활1,제1종근린생활시설,1017120779,지번,1,False
1150010900105710001,서울특별시 강서구 방화동,서울특별시 강서구 양천로 87 (방화동),근린생활1,제1종근린생활시설,101711434,지번,3,False
1150010900105710001,서울특별시 강서구 방화동,서울특별시 강서구 양천로 87 (방화동),근린생활1,제1종근린생활시설,101711436,지번,3,False
1150010900105590014,서울특별시 강서구 방화동,서울특별시 강서구 양천로14길 32 (방화동),근린생활1,제1종근린생활시설,101717679,지번,1,False
1150010100102610002,서울특별시 강서구 염창동,서울특별시 강서구 양천로 736 (염창동),근린생활2,제2종근린생활시설,1017118090,지번,1,False
1150010100102520011,서울특별시 강서구 염창동,서울특별시 강서구 양천로 717 (염창동),근린생활1,의료시설,10171100350293,지번,1,False
1150010100102820011,서울특별시 강서구 염창동,서울특별시 강서구 공항대로 643 (염창동),근린생활2,제2종근린생활시설,1017116446,지번,1,False
1150010100102520002,서울특별시 강서구 염창동,서울특별시 강서구 양천로73가길 70 (염창동),근린생활1,공동주택,10171100297572,지번,1,False
1150010100102830014,서울특별시 강서구 염창동,서울특별시 강서구 공항대로 647 (염창동),근린생활2,제2종근린생활시설,1017121553,지번,1,False
1150010100102520007,서울특별시 강서구 염창동,서울특별시 강서구 양천로 719 (염창동),근린생활1,제1종근린생활시설,1017110888,지번,1,False
1150010100102820009,서울특별시 강서구 염창동,서울특별시 강서구 공항대로81길 9 (염창동),근린생활1,제1종근린생활시설,101719150,지번,1,False
1150010900104890005,서울특별시 강서구 방화동,서울특별시 강서구 양천로 41 (방화동),근린생활1,제1종근린생활시설,101714419,지번,2,False
1150010900104530044,서울특별시 강서구 방화동,서울특별시 강서구 금낭화로 105 (방화동),근린생활1,제1종근린생활시설,1017114870,지번,1,False
1150010900105630061,서울특별시 강서구 방화동,서울특별시 강서구 금낭화로 68-1 (방화동),근린생활2,제2종근린생활시설,10171100225379,지번,1,False
1150010900102850034,서울특별시 강서구 방화동,서울특별시 강서구 양천로 95 (방화동),근린생활1,제1종근린생활시설,1017123163,지번,1,False
1150010900102850009,서울특별시 강서구 방화동,서울특별시 강서구 양천로 96 (방화동),근린생활1,제1종근린생활시설,1017123093,지번,1,False
1150010900102850001,서울특별시 강서구 방화동,서울특별시 강서구 양천로 93 (방화동),근린생활2,제2종근린생활시설,1017120289,지번,1,False
1150010900102770002,서울특별시 강서구 방화동,서울특별시 강서구 방화대로 353 (방화동),근린생활2,제2종근린생활시설,10171100303552,지번,1,False
1150010500115610000,서울특별시 강서구 마곡동,서울특별시 강서구 양천로30길 86 (마곡동),근린생활2,제2종근린생활시설,1017127051,지번,1,False
1150010500112930000,서울특별시 강서구 마곡동,서울특별시 강서구 양천로26길 10-6 (마곡동),근린생활2,제2종근린생활시설,1017120357,지번,1,False
1150010900105810002,서울특별시 강서구 방화동,서울특별시 강서구 양천로14길 85-2 (방화동),근린생활1,제1종근린생활시설,1017118626,지번,1,False
1150010900104500020,서울특별시 강서구 방화동,서울특별시 강서구 양천로17길 6 (방화동),근린생활2,제2종근린생활시설,1017119719,지번,1,False
1150010900102860025,서울특별시 강서구 방화동,서울특별시 강서구 양천로 111 (방화동),근린생활1,제1종근린생활시설,1017112404,지번,1,False
1150010900105670014,서울특별시 강서구 방화동,서울특별시 강서구 양천로16길 15 (방화동),근린생활1,제1종근린생활시설,1017124049,지번,1,False
1150010900104510009,서울특별시 강서구 방화동,서울특별시 강서구 금낭화로 95 (방화동),근린생활1,제1종근린생활시설,1017121204,지번,1,False
1150010900105690011,서울특별시 강서구 방화동,서울특별시 강서구 방화동로16길 44 (방화동),근린생활1,제1종근린생활시설,1017123989,지번,1,False
1150010900104880004,서울특별시 강서구 방화동,서울특별시 강서구 양천로 55 (방화동),근린생활2,제2종근린생활시설,1017122269,지번,1,False
1150010900105670018,서울특별시 강서구 방화동,서울특별시 강서구 방화동로 124 (방화동),근린생활1,제1종근린생활시설,10171100300192,지번,1,False
1150010900105620005,서울특별시 강서구 방화동,서울특별시 강서구 양천로16길 2 (방화동),근린생활2,제2종근린생활시설,1017116981,지번,1,False
1150010900105750017,서울특별시 강서구 방화동,서울특별시 강서구 양천로18길 28 (방화동),근린생활1,제1종근린생활시설,1017113846,지번,1,False
1150010500112970000,서울특별시 강서구 마곡동,서울특별시 강서구 양천로26길 10-2 (마곡동),근린생활1,제1종근린생활시설,1017112511,지번,1,False
1150010200107150000,서울특별시 강서구 등촌동,서울특별시 강서구 등촌로 163 (등촌동),근린생활1,제1종근린생활시설,101711153,지번,31,False
1150010200107150000,서울특별시 강서구 등촌동,서울특별시 강서구 등촌로 163 (등촌동),근린생활1,제1종근린생활시설,101711154,지번,31,False
1150010100102830001,서울특별시 강서구 염창동,서울특별시 강서구 공항대로59다길 276 (염창동),근린생활2,제2종근린생활시설,1017124503,지번,1,False
1150010100102820012,서울특별시 강서구 염창동,서울특별시 강서구 공항대로81길 3-4 (염창동),근린생활2,제2종근린생활시설,1017117242,지번,1,False
1150010100102630007,서울특별시 강서구 염창동,서울특별시 강서구 양천로 714-1 (염창동),근린생활2,공동주택,10171100359834,지번,1,False
1150010100102820018,서울특별시 강서구 염창동,서울특별시 강서구 공항대로 641 (염창동),근린생활2,제2종근린생활시설,1017111059,지번,1,False
1150010100102520003,서울특별시 강서구 염창동,서울특별시 강서구 양천로73가길 74 (염창동),근린생활2,제2종근린생활시설,101714462,지번,1,False
1150010900105690047,서울특별시 강서구 방화동,서울특별시 강서구 방화동로16길 42 (방화동),근린생활1,제1종근린생활시설,1017124383,지번,1,False
1150010900102490259,서울특별시 강서구 방화동,서울특별시 강서구 방화동로14길 4 (방화동),근린생활1,제1종근린생활시설,1017119650,지번,1,False
1150010900105940014,서울특별시 강서구 방화동,서울특별시 강서구 금낭화로 47 (방화동),근린생활2,제2종근린생활시설,1017115559,지번,1,False
1150010900105720008,서울특별시 강서구 방화동,서울특별시 강서구 양천로 88 (방화동),근린생활2,제2종근린생활시설,1017111237,지번,1,False
1150010900102600040,서울특별시 강서구 방화동,서울특별시 강서구 양천로24길 69 (방화동),근린생활1,제1종근린생활시설,1017111726,지번,1,False
1150011000105660031,서울특별시 강서구 개화동,서울특별시 강서구 개화동로19길 6-7 (개화동),근린생활1,제1종근린생활시설,101716435,지번,1,False
1150010500114640000,서울특별시 강서구 마곡동,서울특별시 강서구 양천로28길 46 (마곡동),근린생활1,제1종근린생활시설,1017118135,지번,1,False
1150010900102920008,서울특별시 강서구 방화동,서울특별시 강서구 방화대로 373 (방화동),근린생활1,제1종근린생활시설,1017118697,지번,1,False
1150010900105470012,서울특별시 강서구 방화동,서울특별시 강서구 양천로14길 84-4 (방화동),근린생활2,제2종근린생활시설,101717087,지번,1,False
1150010900105800071,서울특별시 강서구 방화동,서울특별시 강서구 방화동로16길 24 (방화동),근린생활1,제1종근린생활시설,101718726,지번,1,False
1150010900102930004,서울특별시 강서구 방화동,서울특별시 강서구 방화대로 375 (방화동),근린생활2,제2종근린생활시설,10171100301332,지번,1,False
1150010900105630052,서울특별시 강서구 방화동,서울특별시 강서구 금낭화로13길 5 (방화동),근린생활1,제1종근린생활시설,1017122148,지번,1,False
1150010900104490004,서울특별시 강서구 방화동,서울특별시 강서구 방화대로45길 59 (방화동),근린생활1,제1종근린생활시설,1017121870,지번,1,False
1150010900105670016,서울특별시 강서구 방화동,서울특별시 강서구 양천로16길 11 (방화동),근린생활1,제1종근린생활시설,1017113504,지번,1,False
1150010500103260019,서울특별시 강서구 마곡동,서울특별시 강서구 양천로30길 32 (마곡동),근린생활2,제2종근린생활시설,1017125901,지번,1,False
1150010900102860017,서울특별시 강서구 방화동,서울특별시 강서구 양천로 105 (방화동),근린생활2,제2종근린생활시설,101716879,지번,1,False
1150010900105740028,서울특별시 강서구 방화동,서울특별시 강서구 양천로24가길 28-2 (방화동),근린생활2,제2종근린생활시설,1017118974,지번,1,False
1150010500115520000,서울특별시 강서구 마곡동,서울특별시 강서구 양천로30길 66 (마곡동),근린생활1,제1종근린생활시설,1017112619,지번,1,False
1150010900105590001,서울특별시 강서구 방화동,서울특별시 강서구 양천로14길 10 (방화동),근린생활1,제2종근린생활시설,1017120691,지번,1,False
1150010900105800061,서울특별시 강서구 방화동,서울특별시 강서구 방화동로 120 (방화동),근린생활2,제2종근린생활시설,1017112319,지번,1,False
1150010900105620006,서울특별시 강서구 방화동,서울특별시 강서구 양천로16길 12 (방화동),근린생활1,제1종근린생활시설,1017123982,지번,1,False
1150010900102600009,서울특별시 강서구 방화동,서울특별시 강서구 양천로24길 56 (방화동),근린생활2,제2종근린생활시설,1017114993,지번,1,False
1150010900104950034,서울특별시 강서구 방화동,서울특별시 강서구 양천로 29 (방화동),근린생활2,제2종근린생활시설,1017124011,지번,1,False
1150010100102630005,서울특별시 강서구 염창동,서울특별시 강서구 양천로 714-6 (염창동),근린생활1,업무시설,1000000000000002719396,지번,1,False
1150010100102600007,서울특별시 강서구 염창동,서울특별시 강서구 공항대로 663 (염창동),근린생활2,숙박시설,1017125496,지번,1,False
1150010100102520008,서울특별시 강서구 염창동,서울특별시 강서구 양천로 717-4 (염창동),근린생활2,제2종근린생활시설,101716162,지번,1,False
1150010100102630019,서울특별시 강서구 염창동,서울특별시 강서구 공항대로75길 53 (염창동),근린생활1,자동차관련시설,1017116934,지번,1,False
1150010100102520016,서울특별시 강서구 염창동,서울특별시 강서구 양천로 713 (염창동),근린생활2,제2종근린생활시설,1017116657,지번,1,False
1150010500114050000,서울특별시 강서구 마곡동,서울특별시 강서구 방화대로44길 55 (마곡동),근린생활1,제1종근린생활시설,101716202,지번,1,False
1150010900105580012,서울특별시 강서구 방화동,서울특별시 강서구 양천로14가길 6 (방화동),근린생활1,제1종근린생활시설,1017121378,지번,1,False
1150010900102850004,서울특별시 강서구 방화동,서울특별시 강서구 양천로 100-1 (방화동),근린생활2,제2종근린생활시설,101714194,지번,2,False
1150010900102850004,서울특별시 강서구 방화동,서울특별시 강서구 양천로 100-1 (방화동),근린생활2,제2종근린생활시설,101714195,지번,2,False
1150010500112520000,서울특별시 강서구 마곡동,서울특별시 강서구 양천로26길 38 (마곡동),근린생활1,제1종근린생활시설,101711832,지번,3,False
1150010900105700006,서울특별시 강서구 방화동,서울특별시 강서구 양천로 82-1 (방화동),근린생활2,제2종근린생활시설,1017122399,지번,1,False
1150010900105370005,서울특별시 강서구 방화동,서울특별시 강서구 양천로14가길 35 (방화동),근린생활2,공동주택,10171100195059,본번,1,False
1150010900108740000,서울특별시 강서구 방화동,서울특별시 강서구 양천로6길 57 (방화동),근린생활2,제2종근린생활시설,101711062,지번,5,False
1150010300100700052,서울특별시 강서구 화곡동,서울특별시 강서구 초록마을로 7 (화곡동),근린생활1,제1종근린생활시설,101718549,지번,1,False
1150010300104000044,서울특별시 강서구 화곡동,서울특별시 강서구 가로공원로 229 (화곡동),근린생활1,제1종근린생활시설,1017119293,지번,1,False
1150010300100550085,서울특별시 강서구 화곡동,서울특별시 강서구 초록마을로14길 24 (화곡동),근린생활2,제2종근린생활시설,101718050,지번,1,False
1150010500113020000,서울특별시 강서구 마곡동,서울특별시 강서구 방화대로44길 5-1 (마곡동),근린생활1,제1종근린생활시설,101719539,지번,1,False
1150010900108870000,서울특별시 강서구 방화동,서울특별시 강서구 양천로14가길 23 (방화동),근린생활1,제1종근린생활시설,101712960,지번,3,False
1150010500113740000,서울특별시 강서구 마곡동,서울특별시 강서구 방화대로40길 9 (마곡동),근린생활2,제2종근린생활시설,1017113313,지번,1,False
1150010900105570015,서울특별시 강서구 방화동,서울특별시 강서구 양천로 48-5 (방화동),근린생활2,제2종근린생활시설,1017119057,지번,1,False
1150010900104980004,서울특별시 강서구 방화동,서울특별시 강서구 양천로 19 (방화동),근린생활2,업무시설,10171100341072,지번,1,False
1150010900105720004,서울특별시 강서구 방화동,서울특별시 강서구 양천로 82 (방화동),근린생활2,제2종근린생활시설,1017126654,지번,1,False
1150010700102210001,서울특별시 강서구 외발산동,서울특별시 강서구 남부순환로19길 105 (외발산동),근린생활1,제1종근린생활시설,1017114599,지번,1,False
1150010200106680001,서울특별시 강서구 등촌동,서울특별시 강서구 강서로54길 94 (등촌동),근린생활2,제2종근린생활시설,1017117191,지번,1,False
1150010900102600021,서울특별시 강서구 방화동,서울특별시 강서구 양천로24길 62 (방화동),근린생활1,제1종근린생활시설,1017110865,지번,1,False
1150010900105690033,서울특별시 강서구 방화동,서울특별시 강서구 양천로18길 12 (방화동),근린생활2,제2종근린생활시설,1017122343,지번,1,False
1150010900105630021,서울특별시 강서구 방화동,서울특별시 강서구 금낭화로 68 (방화동),근린생활1,제1종근린생활시설,1017124393,지번,1,False
1150010500114670000,서울특별시 강서구 마곡동,서울특별시 강서구 양천로28길 29 (마곡동),근린생활1,제1종근린생활시설,101711172,지번,4,False
1150010900104510033,서울특별시 강서구 방화동,서울특별시 강서구 양천로17길 7 (방화동),근린생활2,제2종근린생활시설,1017124348,지번,1,False
1150010900105940015,서울특별시 강서구 방화동,서울특별시 강서구 금낭화로 45-1 (방화동),근린생활2,제2종근린생활시설,1017122550,지번,1,False
1150010500102220011,서울특별시 강서구 마곡동,서울특별시 강서구 양천로26길 107 (마곡동),근린생활1,제1종근린생활시설,1017124387,지번,1,False
1150010900102660023,서울특별시 강서구 방화동,서울특별시 강서구 방화대로41길 30 (방화동),근린생활2,제2종근린생활시설,1017117396,지번,1,False
1150010900102810036,서울특별시 강서구 방화동,서울특별시 강서구 양천로24길 20 (방화동),근린생활2,제2종근린생활시설,1017114315,지번,1,False
1150010900102470225,서울특별시 강서구 방화동,서울특별시 강서구 방화대로31길 7 (방화동),근린생활2,제2종근린생활시설,1017113847,지번,1,False
1150010300104880006,서울특별시 강서구 화곡동,서울특별시 강서구 등촌로13길 175 (화곡동),근린생활2,제2종근린생활시설,101712940,지번,3,False
1150010300104880006,서울특별시 강서구 화곡동,서울특별시 강서구 등촌로13길 175 (화곡동),근린생활2,제2종근린생활시설,101712941,지번,3,False
1150010300104880006,서울특별시 강서구 화곡동,서울특별시 강서구 등촌로13길 175 (화곡동),근린생활2,제2종근린생활시설,101712942,지번,3,False
1150010900105730002,서울특별시 강서구 방화동,서울특별시 강서구 양천로18길 8 (방화동),근린생활2,제2종근린생활시설,1017118914,지번,1,False
1150010500113420000,서울특별시 강서구 마곡동,서울특별시 강서구 방화대로44길 32 (마곡동),근린생활2,제2종근린생활시설,1017119103,지번,1,False
1150010900102810023,서울특별시 강서구 방화동,서울특별시 강서구 양천로24길 11 (방화동),근린생활2,제2종근린생활시설,1017113026,지번,1,False
1150010500114280000,서울특별시 강서구 마곡동,서울특별시 강서구 방화대로40길 34 (마곡동),근린생활2,제2종근린생활시설,1017110723,지번,1,False
1150010500112620000,서울특별시 강서구 마곡동,서울특별시 강서구 방화대로44길 29 (마곡동),근린생활2,제2종근린생활시설,1017124719,지번,1,False
1150010500112270000,서울특별시 강서구 마곡동,서울특별시 강서구 양천로26길 83 (마곡동),근린생활1,제1종근린생활시설,1017110008,지번,1,False
1150010900104830005,서울특별시 강서구 방화동,서울특별시 강서구 금낭화로 91-2 (방화동),근린생활1,제1종근린생활시설,1017122350,지번,1,False
1150010600106860008,서울특별시 강서구 내발산동,서울특별시 강서구 강서로47길 72 (내발산동),근린생활1,제1종근린생활시설,10171100214968,지번,1,False
1150010300109940005,서울특별시 강서구 화곡동,서울특별시 강서구 화곡로53길 56-10 (화곡동),근린생활1,제1종근린생활시설,1017128064,지번,1,False
1150010900106480062,서울특별시 강서구 방화동,서울특별시 강서구 초원로 16-1 (방화동),근린생활2,제2종근린생활시설,101719657,지번,1,False
1150010900102860021,서울특별시 강서구 방화동,서울특별시 강서구 양천로 99 (방화동),근린생활2,제2종근린생활시설,1017119090,지번,1,False
1150010900102590003,서울특별시 강서구 방화동,서울특별시 강서구 방화대로 337 (방화동),근린생활1,제1종근린생활시설,1017116761,지번,1,False
1150010500113130000,서울특별시 강서구 마곡동,서울특별시 강서구 방화대로 360 (마곡동),근린생활1,제1종근린생활시설,1017127282,지번,1,False
1150010500113190000,서울특별시 강서구 마곡동,서울특별시 강서구 방화대로 354 (마곡동),근린생활2,제2종근린생활시설,1017116371,지번,1,False
1150010900105800025,서울특별시 강서구 방화동,서울특별시 강서구 방화동로 115 (방화동),근린생활2,제2종근린생활시설,1017111539,지번,1,False
1150010900104500015,서울특별시 강서구 방화동,서울특별시 강서구 양천로 73 (방화동),근린생활1,제1종근린생활시설,1017120291,지번,1,False
1150010500103260011,서울특별시 강서구 마곡동,서울특별시 강서구 양천로30길 27 (마곡동),근린생활1,제2종근린생활시설,101712945,지번,5,False
1150010500103260011,서울특별시 강서구 마곡동,서울특별시 강서구 양천로30길 27 (마곡동),근린생활1,제2종근린생활시설,101712946,지번,5,False
1150010500103260011,서울특별시 강서구 마곡동,서울특별시 강서구 양천로30길 27 (마곡동),근린생활1,제1종근린생활시설,101712947,지번,5,False
1150010800106530001,서울특별시 강서구 공항동,서울특별시 강서구 남부순환로11가길 89 (공항동),근린생활2,제2종근린생활시설,1017126873,지번,1,False
1150010500112370000,서울특별시 강서구 마곡동,서울특별시 강서구 양천로28길 12-9 (마곡동),근린생활1,제1종근린생활시설,1017115224,지번,1,False
1150010900104910002,서울특별시 강서구 방화동,서울특별시 강서구 양천로7길 14 (방화동),근린생활1,제1종근린생활시설,1017121505,지번,1,False
1150010900102850042,서울특별시 강서구 방화동,서울특별시 강서구 양천로 100 (방화동),근린생활2,제2종근린생활시설,1017111267,지번,1,False
1150010900108490000,서울특별시 강서구 방화동,서울특별시 강서구 양천로 28 (방화동),근린생활2,업무시설,101711054,지번,2,False
1150010900108490000,서울특별시 강서구 방화동,서울특별시 강서구 양천로 28 (방화동),근린생활2,제2종근린생활시설,101711055,지번,2,False
1150010500112000000,서울특별시 강서구 마곡동,서울특별시 강서구 양천로26길 33-5 (마곡동),근린생활2,제2종근린생활시설,1017112580,지번,1,False
1150010900102920001,서울특별시 강서구 방화동,서울특별시 강서구 방화대로45길 6 (방화동),근린생활1,공동주택,10171100300934,지번,2,True
1150010900102920001,서울특별시 강서구 방화동,서울특별시 강서구 방화대로45길 6 (방화동),근린생활1,공동주택,10171100300949,지번,2,True
1150010900102460048,서울특별시 강서구 방화동,서울특별시 강서구 양천로24길 93 (방화동),근린생활1,제1종근린생활시설,101715402,지번,1,False
1150010300108390015,서울특별시 강서구 화곡동,서울특별시 강서구 곰달래로51길 8 (화곡동),근린생활1,제1종근린생활시설,1017114413,지번,1,False
1150010300108530001,서울특별시 강서구 화곡동,서울특별시 강서구 국회대로7길 77 (화곡동),근린생활1,제1종근린생활시설,1017120961,지번,1,False
1150010300107830002,서울특별시 강서구 화곡동,서울특별시 강서구 곰달래로60길 28 (화곡동),근린생활1,제1종근린생활시설,1017123400,지번,1,False
1150010300104700011,서울특별시 강서구 화곡동,서울특별시 강서구 곰달래로53길 100 (화곡동),근린생활1,제1종근린생활시설,1017121925,지번,1,False
1150010300108500014,서울특별시 강서구 화곡동,서울특별시 강서구 강서로10길 130 (화곡동),근린생활1,제1종근린생활시설,1017123756,지번,1,False
1150010200105260028,서울특별시 강서구 등촌동,서울특별시 강서구 등촌로51라길 33 (등촌동),근린생활1,제1종근린생활시설,1017126916,지번,1,False
1150010300107970003,서울특별시 강서구 화곡동,서울특별시 강서구 곰달래로 255 (화곡동),근린생활2,제2종근린생활시설,1017116329,지번,1,False
1150010300107780003,서울특별시 강서구 화곡동,서울특별시 강서구 곰달래로 269 (화곡동),근린생활2,제2종근린생활시설,1017118309,지번,1,False
1150010300108860001,서울특별시 강서구 화곡동,서울특별시 강서구 국회대로7길 147 (화곡동),근린생활1,제1종근린생활시설,1017128230,지번,1,False
1150010200105670006,서울특별시 강서구 등촌동,서울특별시 강서구 등촌로35길 160 (등촌동),근린생활1,제1종근린생활시설,1017125643,지번,1,False
1150010200105670005,서울특별시 강서구 등촌동,서울특별시 강서구 등촌로35길 158 (등촌동),근린생활2,제2종근린생활시설,1017114865,지번,1,False
1150010300108220024,서울특별시 강서구 화곡동,서울특별시 강서구 곰달래로49길 76 (화곡동),근린생활2,제2종근린생활시설,1017127288,지번,1,False
1150010200105660020,서울특별시 강서구 등촌동,서울특별시 강서구 등촌로 69 (등촌동),근린생활2,제2종근린생활시설,1017112113,지번,1,False
1150010200105140058,서울특별시 강서구 등촌동,서울특별시 강서구 등촌로39길 23 (등촌동),근린생활2,제2종근린생활시설,1017117517,지번,1,False
1150010300108420003,서울특별시 강서구 화곡동,서울특별시 강서구 국회대로7길 30 (화곡동),근린생활1,제1종근린생활시설,1017117147,지번,1,False
1150010300108480001,서울특별시 강서구 화곡동,서울특별시 강서구 곰달래로 224 (화곡동),근린생활1,제1종근린생활시설,1017111569,지번,1,False
1150010300108410009,서울특별시 강서구 화곡동,서울특별시 강서구 강서로8길 181 (화곡동),근린생활1,제1종근린생활시설,1017120760,지번,1,False
1150010300108450002,서울특별시 강서구 화곡동,서울특별시 강서구 곰달래로50길 32 (화곡동),근린생활1,제1종근린생활시설,101714939,지번,1,False
1150010300108810007,서울특별시 강서구 화곡동,서울특별시 강서구 국회대로7길 148 (화곡동),근린생활1,제1종근린생활시설,1017124306,지번,1,False
1150010300108000010,서울특별시 강서구 화곡동,서울특별시 강서구 곰달래로 239 (화곡동),근린생활2,제2종근린생활시설,101717918,지번,1,False
1150010300108370004,서울특별시 강서구 화곡동,서울특별시 강서구 곰달래로51길 7 (화곡동),근린생활2,제2종근린생활시설,101716109,지번,1,False
1150010300108020003,서울특별시 강서구 화곡동,서울특별시 강서구 곰달래로53길 30-24 (화곡동),근린생활1,제1종근린생활시설,1017117098,지번,1,False
1150010300108350006,서울특별시 강서구 화곡동,서울특별시 강서구 곰달래로 211 (화곡동),근린생활1,제1종근린생활시설,1017124849,지번,1,False
1150010300108740011,서울특별시 강서구 화곡동,서울특별시 강서구 곰달래로 182-1 (화곡동),근린생활1,제1종근린생활시설,101719621,지번,1,False
1150010300108450007,서울특별시 강서구 화곡동,서울특별시 강서구 국회대로7길 56 (화곡동),근린생활2,제2종근린생활시설,1017118252,지번,1,False
1150010300108550007,서울특별시 강서구 화곡동,서울특별시 강서구 국회대로7길 110 (화곡동),근린생활2,제2종근린생활시설,1017112092,지번,1,False
1150010300108710079,서울특별시 강서구 화곡동,서울특별시 강서구 곰달래로 183 (화곡동),근린생활1,제1종근린생활시설,1017111099,지번,1,False
1150010300108840008,서울특별시 강서구 화곡동,서울특별시 강서구 국회대로7길 132 (화곡동),근린생활2,제2종근린생활시설,1017127591,지번,1,False
1150010100102640013,서울특별시 강서구 염창동,서울특별시 강서구 양천로 698 (염창동),근린생활2,제2종근린생활시설,101719947,지번,1,False
1150010300108180004,서울특별시 강서구 화곡동,서울특별시 강서구 등촌로13다길 32-25 (화곡동),근린생활2,제2종근린생활시설,1017119262,지번,1,False
1150010300108380011,서울특별시 강서구 화곡동,서울특별시 강서구 곰달래로51길 18 (화곡동),근린생활1,제1종근린생활시설,101718912,지번,1,False
1150010200105150023,서울특별시 강서구 등촌동,서울특별시 강서구 등촌로39가길 28-3 (등촌동),근린생활1,제1종근린생활시설,1017116161,지번,1,False
1150010200105240004,서울특별시 강서구 등촌동,서울특별시 강서구 등촌로39길 14 (등촌동),근린생활2,제2종근린생활시설,1017115179,지번,1,False
1150010200105650019,서울특별시 강서구 등촌동,서울특별시 강서구 등촌로35길 119 (등촌동),근린생활1,제1종근린생활시설,1017124631,지번,1,False
1150010200105650020,서울특별시 강서구 등촌동,서울특별시 강서구 등촌로35길 115 (등촌동),근린생활1,제1종근린생활시설,1017119006,지번,1,False
1150010300107720084,서울특별시 강서구 화곡동,서울특별시 강서구 곰달래로59길 60 (화곡동),근린생활1,제1종근린생활시설,1017112941,지번,1,False
1150010300104660010,서울특별시 강서구 화곡동,서울특별시 강서구 곰달래로49길 126 (화곡동),근린생활1,제1종근린생활시설,101714460,지번,1,False
1150010300108220025,서울특별시 강서구 화곡동,서울특별시 강서구 곰달래로49길 80 (화곡동),근린생활1,제1종근린생활시설,1017122083,지번,1,False
1150010300108430005,서울특별시 강서구 화곡동,서울특별시 강서구 국회대로 219 (화곡동),근린생활1,제1종근린생활시설,1017123892,지번,1,False
1150010300108410022,서울특별시 강서구 화곡동,서울특별시 강서구 강서로5라길 185 (화곡동),근린생활2,제2종근린생활시설,1017127896,지번,1,False
1150010300107810008,서울특별시 강서구 화곡동,서울특별시 강서구 곰달래로60길 13 (화곡동),근린생활2,제2종근린생활시설,1017126159,지번,1,False
1150010300107860011,서울특별시 강서구 화곡동,서울특별시 강서구 곰달래로58길 46 (화곡동),근린생활1,제1종근린생활시설,101718113,지번,1,False
1150010300107760008,서울특별시 강서구 화곡동,서울특별시 강서구 곰달래로59길 8 (화곡동),근린생활1,제1종근린생활시설,101715962,지번,1,False
1150010300107790003,서울특별시 강서구 화곡동,서울특별시 강서구 곰달래로60길 4 (화곡동),근린생활2,제2종근린생활시설,1017123622,지번,1,False
1150010200105070007,서울특별시 강서구 등촌동,서울특별시 강서구 등촌로 223-1 (등촌동),근린생활2,제2종근린생활시설,101714733,지번,1,False
1150010300107750013,서울특별시 강서구 화곡동,서울특별시 강서구 곰달래로59길 28 (화곡동),근린생활1,제1종근린생활시설,1017123439,지번,1,False
1150010300108440008,서울특별시 강서구 화곡동,서울특별시 강서구 국회대로7길 69 (화곡동),근린생활2,제2종근린생활시설,1017124470,지번,1,False
1150010300108440002,서울특별시 강서구 화곡동,서울특별시 강서구 국회대로 209 (화곡동),근린생활1,제1종근린생활시설,1017124346,지번,1,False
1150010300108540004,서울특별시 강서구 화곡동,서울특별시 강서구 국회대로 177 (화곡동),근린생활1,제1종근린생활시설,101717226,지번,1,False
1150010300108520005,서울특별시 강서구 화곡동,서울특별시 강서구 국회대로7길 80 (화곡동),근린생활1,제1종근린생활시설,1017128593,지번,1,False
1150010300104720011,서울특별시 강서구 화곡동,서울특별시 강서구 등촌로13바길 38 (화곡동),근린생활1,제1종근린생활시설,1017123081,지번,1,False
1150010300108350004,서울특별시 강서구 화곡동,서울특별시 강서구 곰달래로 215 (화곡동),근린생활2,제2종근린생활시설,1017120043,지번,1,False
1150010200105140004,서울특별시 강서구 등촌동,서울특별시 강서구 등촌로39길 17-5 (등촌동),근린생활1,제1종근린생활시설,1017126847,지번,1,False
1150010300107760001,서울특별시 강서구 화곡동,서울특별시 강서구 곰달래로59길 16 (화곡동),근린생활1,제1종근린생활시설,1017111991,지번,1,False
1150010200105110013,서울특별시 강서구 등촌동,서울특별시 강서구 등촌로 191 (등촌동),근린생활1,제1종근린생활시설,1017124273,지번,1,False
1150010300108020018,서울특별시 강서구 화곡동,서울특별시 강서구 등촌로5길 46 (화곡동),근린생활1,제1종근린생활시설,101715900,지번,1,False
1150010300108400011,서울특별시 강서구 화곡동,서울특별시 강서구 강서로10길 185 (화곡동),근린생활1,제1종근린생활시설,1017111222,지번,1,False
1150010300108270018,서울특별시 강서구 화곡동,서울특별시 강서구 곰달래로53길 56 (화곡동),근린생활1,제1종근린생활시설,1017117982,지번,1,False
1150010300108450005,서울특별시 강서구 화곡동,서울특별시 강서구 국회대로7길 50 (화곡동),근린생활1,제1종근린생활시설,1017112463,지번,1,False
1150010300107750006,서울특별시 강서구 화곡동,서울특별시 강서구 등촌로 43 (화곡동),근린생활1,제1종근린생활시설,1017127690,지번,1,False
1150010300104630012,서울특별시 강서구 화곡동,서울특별시 강서구 곰달래로49길 85 (화곡동),근린생활1,공동주택,1000000000000002754881,지번,1,False
1150010300108200011,서울특별시 강서구 화곡동,서울특별시 강서구 곰달래로53길 96 (화곡동),근린생활1,제1종근린생활시설,1017123556,지번,1,False
1150010200105660026,서울특별시 강서구 등촌동,서울특별시 강서구 등촌로 67 (등촌동),근린생활1,제1종근린생활시설,101714618,지번,1,False
1150010300108140003,서울특별시 강서구 화곡동,서울특별시 강서구 등촌로13길 59 (화곡동),근린생활2,제2종근린생활시설,101716543,지번,1,False
1150010300104880049,서울특별시 강서구 화곡동,서울특별시 강서구 등촌로13길 170-9 (화곡동),근린생활2,제2종근린생활시설,1017119615,지번,1,False
1150010200105130021,서울특별시 강서구 등촌동,서울특별시 강서구 등촌로 169 (등촌동),근린생활2,제2종근린생활시설,1017117011,지번,1,False
1150010200105150044,서울특별시 강서구 등촌동,서울특별시 강서구 등촌로39가길 42 (등촌동),근린생활2,제2종근린생활시설,1017115682,지번,11,False
1150010300107810001,서울특별시 강서구 화곡동,서울특별시 강서구 등촌로 25 (화곡동),근린생활2,제2종근린생활시설,1017122196,지번,1,False
1150010300107850003,서울특별시 강서구 화곡동,서울특별시 강서구 국회대로 249-1 (화곡동),근린생활1,제1종근린생활시설,1017111670,지번,1,False
1150010300108500003,서울특별시 강서구 화곡동,서울특별시 강서구 강서로8길 149 (화곡동),근린생활1,제1종근린생활시설,1017116051,지번,1,False
1150010300108450006,서울특별시 강서구 화곡동,서울특별시 강서구 국회대로7길 52 (화곡동),근린생활2,제2종근린생활시설,101719927,지번,1,False
1150010300108450015,서울특별시 강서구 화곡동,서울특별시 강서구 국회대로7길 72 (화곡동),근린생활2,제2종근린생활시설,101717648,지번,1,False
1150010300108420004,서울특별시 강서구 화곡동,서울특별시 강서구 국회대로7길 32 (화곡동),근린생활2,제2종근린생활시설,101715852,지번,1,False
1150010300108390011,서울특별시 강서구 화곡동,서울특별시 강서구 곰달래로 233 (화곡동),근린생활2,제2종근린생활시설,1017123108,지번,1,False
1150010300108420001,서울특별시 강서구 화곡동,서울특별시 강서구 강서로5라길 194 (화곡동),근린생활2,제2종근린생활시설,1017127742,지번,1,False
1150010300108400013,서울특별시 강서구 화곡동,서울특별시 강서구 곰달래로 228 (화곡동),근린생활1,제1종근린생활시설,1017112834,지번,1,False
1150010300108520006,서울특별시 강서구 화곡동,서울특별시 강서구 국회대로7길 82 (화곡동),근린생활1,제1종근린생활시설,1017128274,지번,1,False
1150010300108520004,서울특별시 강서구 화곡동,서울특별시 강서구 국회대로7길 78 (화곡동),근린생활2,제2종근린생활시설,101717190,지번,1,False
1150010300108110013,서울특별시 강서구 화곡동,서울특별시 강서구 곰달래로53가길 8 (화곡동),근린생활1,제1종근린생활시설,1017122141,지번,1,False
1150010300107860007,서울특별시 강서구 화곡동,서울특별시 강서구 국회대로7길 6 (화곡동),근린생활1,제1종근린생활시설,101719178,지번,1,False
1150010300108580015,서울특별시 강서구 화곡동,서울특별시 강서구 곰달래로 194 (화곡동),근린생활2,제2종근린생활시설,101714857,지번,1,False
1150010300108600016,서울특별시 강서구 화곡동,서울특별시 강서구 곰달래로 193 (화곡동),근린생활1,제1종근린생활시설,1017126681,지번,1,False
1150010300108550011,서울특별시 강서구 화곡동,서울특별시 강서구 국회대로7길 114 (화곡동),근린생활2,제2종근린생활시설,1017128408,지번,1,False
1150010300108310010,서울특별시 강서구 화곡동,서울특별시 강서구 등촌로5길 100 (화곡동),근린생활1,제1종근린생활시설,1017118007,지번,1,False
1150010300104690030,서울특별시 강서구 화곡동,서울특별시 강서구 곰달래로53길 121 (화곡동),근린생활2,제2종근린생활시설,101716287,지번,1,False
1150010200105650004,서울특별시 강서구 등촌동,서울특별시 강서구 등촌로 83 (등촌동),근린생활1,제1종근린생활시설,101715331,지번,1,False
1150010200105650005,서울특별시 강서구 등촌동,서울특별시 강서구 등촌로 81 (등촌동),근린생활1,업무시설,10171100345712,지번,1,False
1150010200105110011,서울특별시 강서구 등촌동,서울특별시 강서구 등촌로 193-2 (등촌동),근린생활1,제1종근린생활시설,1017126281,지번,1,False
1150010200105140002,서울특별시 강서구 등촌동,서울특별시 강서구 등촌로39길 17 (등촌동),근린생활1,제1종근린생활시설,1017116630,지번,1,False
1150010300107750001,서울특별시 강서구 화곡동,서울특별시 강서구 등촌로 49 (화곡동),근린생활1,제1종근린생활시설,1017124330,지번,1,False
1150010200105600011,서울특별시 강서구 등촌동,서울특별시 강서구 등촌로 147 (등촌동),근린생활1,제1종근린생활시설,1017114032,지번,1,False
1150010200105600006,서울특별시 강서구 등촌동,서울특별시 강서구 등촌로 149 (등촌동),근린생활2,제2종근린생활시설,101715779,지번,1,False
1150010200105660001,서울특별시 강서구 등촌동,서울특별시 강서구 등촌로 75 (등촌동),근린생활2,제2종근린생활시설,1017122020,지번,1,False
1150010300108010008,서울특별시 강서구 화곡동,서울특별시 강서구 등촌로5길 60 (화곡동),근린생활1,제1종근린생활시설,101715060,지번,1,False
1150010300108010007,서울특별시 강서구 화곡동,서울특별시 강서구 등촌로5길 56 (화곡동),근린생활1,제1종근린생활시설,101712342,지번,2,False
1150010300108010007,서울특별시 강서구 화곡동,서울특별시 강서구 등촌로5길 56 (화곡동),근린생활1,제1종근린생활시설,101712343,지번,2,False
1150010300108560037,서울특별시 강서구 화곡동,서울특별시 강서구 강서로8길 120 (화곡동),근린생활1,제1종근린생활시설,101719393,지번,1,False
1150010300108110011,서울특별시 강서구 화곡동,서울특별시 강서구 곰달래로53길 38 (화곡동),근린생활1,제1종근린생활시설,101715946,지번,1,False
1150010300107990010,서울특별시 강서구 화곡동,서울특별시 강서구 곰달래로 245 (화곡동),근린생활2,제2종근린생활시설,1017127641,지번,1,False
1150010300107850005,서울특별시 강서구 화곡동,서울특별시 강서구 국회대로 247 (화곡동),근린생활1,제1종근린생활시설,101717901,지번,1,False
1150010300107800001,서울특별시 강서구 화곡동,서울특별시 강서구 곰달래로60길 12 (화곡동),근린생활2,제2종근린생활시설,1017125758,지번,1,False
1150010300107980022,서울특별시 강서구 화곡동,서울특별시 강서구 곰달래로57길 13 (화곡동),근린생활1,제1종근린생활시설,1017112055,지번,1,False
1150010300108450040,서울특별시 강서구 화곡동,서울특별시 강서구 국회대로7길 62 (화곡동),근린생활1,제1종근린생활시설,1017123211,지번,1,False
1150010300107890020,서울특별시 강서구 화곡동,서울특별시 강서구 곰달래로60가길 48 (화곡동),근린생활1,제1종근린생활시설,1017120595,지번,1,False
1150010300107820004,서울특별시 강서구 화곡동,서울특별시 강서구 등촌로 7 (화곡동),근린생활1,제1종근린생활시설,1017119849,지번,1,False
1150010300107820012,서울특별시 강서구 화곡동,서울특별시 강서구 곰달래로60길 29 (화곡동),근린생활2,제2종근린생활시설,1017120138,지번,1,False
1150010300107820013,서울특별시 강서구 화곡동,서울특별시 강서구 곰달래로60길 27 (화곡동),근린생활2,제2종근린생활시설,1017117163,지번,1,False
1150010300107820008,서울특별시 강서구 화곡동,서울특별시 강서구 곰달래로60길 39 (화곡동),근린생활2,제2종근린생활시설,1017123132,지번,1,False
1150010300107780008,서울특별시 강서구 화곡동,서울특별시 강서구 곰달래로57길 10 (화곡동),근린생활1,제1종근린생활시설,1017111026,지번,1,False
1150010300107820011,서울특별시 강서구 화곡동,서울특별시 강서구 곰달래로60길 33 (화곡동),근린생활2,제2종근린생활시설,101714890,지번,1,False
1150010300107760005,서울특별시 강서구 화곡동,서울특별시 강서구 등촌로 31 (화곡동),근린생활1,제1종근린생활시설,1017115004,지번,1,False
1150010300104690026,서울특별시 강서구 화곡동,서울특별시 강서구 곰달래로53길 117 (화곡동),근린생활2,제2종근린생활시설,10171100211008,지번,1,False
1150010300108490001,서울특별시 강서구 화곡동,서울특별시 강서구 곰달래로 208-1 (화곡동),근린생활2,제2종근린생활시설,101715460,지번,1,False
1150010300108480024,서울특별시 강서구 화곡동,서울특별시 강서구 곰달래로 222 (화곡동),근린생활1,제1종근린생활시설,1017127398,지번,1,False
1150010300107940013,서울특별시 강서구 화곡동,서울특별시 강서구 곰달래로 248 (화곡동),근린생활1,제1종근린생활시설,1017119787,지번,1,False
1150010300108010009,서울특별시 강서구 화곡동,서울특별시 강서구 등촌로5길 62-4 (화곡동),근린생활2,제2종근린생활시설,10171100205060,지번,1,False
1150010300107760004,서울특별시 강서구 화곡동,서울특별시 강서구 곰달래로59길 12 (화곡동),근린생활1,제1종근린생활시설,1000000000000002634619,지번,1,False
1150010300107830023,서울특별시 강서구 화곡동,서울특별시 강서구 등촌로3길 17 (화곡동),근린생활2,제2종근린생활시설,1017117847,지번,1,False
1150010300108370007,서울특별시 강서구 화곡동,서울특별시 강서구 곰달래로 227 (화곡동),근린생활1,제1종근린생활시설,1017113935,지번,1,False
1150010300108840010,서울특별시 강서구 화곡동,서울특별시 강서구 국회대로7길 136 (화곡동),근린생활1,제1종근린생활시설,1017125228,지번,1,False
1150010300108850019,서울특별시 강서구 화곡동,서울특별시 강서구 국회대로 169 (화곡동),근린생활1,제1종근린생활시설,1017124363,지번,1,False
1150010300108850009,서울특별시 강서구 화곡동,서울특별시 강서구 국회대로7길 135 (화곡동),근린생활1,제1종근린생활시설,1017116597,지번,1,False
1150010300107970004,서울특별시 강서구 화곡동,서울특별시 강서구 곰달래로 253 (화곡동),근린생활2,제2종근린생활시설,1017127684,지번,1,False
1150010300108480018,서울특별시 강서구 화곡동,서울특별시 강서구 곰달래로 216 (화곡동),근린생활1,제1종근린생활시설,1017125277,지번,1,False
1150010200105070009,서울특별시 강서구 등촌동,서울특별시 강서구 등촌로 221 (등촌동),근린생활2,제2종근린생활시설,101718732,지번,1,False
1150010200105220020,서울특별시 강서구 등촌동,서울특별시 강서구 등촌로39길 52 (등촌동),근린생활1,제1종근린생활시설,1017113640,지번,1,False
1150010300108370015,서울특별시 강서구 화곡동,서울특별시 강서구 곰달래로49길 18 (화곡동),근린생활2,제2종근린생활시설,1017120379,지번,1,False
1150010300108520043,서울특별시 강서구 화곡동,서울특별시 강서구 국회대로7길 90 (화곡동),근린생활1,제2종근린생활시설,10171100330712,지번,1,False
1150010300108480016,서울특별시 강서구 화곡동,서울특별시 강서구 곰달래로 214 (화곡동),근린생활1,제1종근린생활시설,101718799,지번,1,False
1150010300107720071,서울특별시 강서구 화곡동,서울특별시 강서구 등촌로 55 (화곡동),근린생활1,제1종근린생활시설,1017126959,지번,1,False
1150010300107750002,서울특별시 강서구 화곡동,서울특별시 강서구 등촌로 47-1 (화곡동),근린생활1,제1종근린생활시설,101719883,지번,1,False
1150010200105260001,서울특별시 강서구 등촌동,서울특별시 강서구 등촌로51길 11 (등촌동),근린생활2,제2종근린생활시설,101719208,지번,1,False
1150010300108500001,서울특별시 강서구 화곡동,서울특별시 강서구 강서로10길 154 (화곡동),근린생활2,제2종근린생활시설,1017115300,지번,1,False
1150010300107900024,서울특별시 강서구 화곡동,서울특별시 강서구 국회대로7길 20 (화곡동),근린생활2,제2종근린생활시설,1017124178,지번,1,False
1150010300108430009,서울특별시 강서구 화곡동,서울특별시 강서구 국회대로7길 31 (화곡동),근린생활1,제1종근린생활시설,1017128235,지번,1,False
1150010300108530004,서울특별시 강서구 화곡동,서울특별시 강서구 국회대로 189 (화곡동),근린생활1,제1종근린생활시설,1017116172,지번,1,False
1150010300108530003,서울특별시 강서구 화곡동,서울특별시 강서구 국회대로 195 (화곡동),근린생활1,제1종근린생활시설,101719084,지번,1,False
1150010300108390002,서울특별시 강서구 화곡동,서울특별시 강서구 곰달래로 237-5 (화곡동),근린생활1,제1종근린생활시설,101718187,지번,1,False
1150010300107930002,서울특별시 강서구 화곡동,서울특별시 강서구 강서로10길 219 (화곡동),근린생활2,제2종근린생활시설,1017118917,지번,1,False
1150010300107860012,서울특별시 강서구 화곡동,서울특별시 강서구 국회대로 243 (화곡동),근린생활2,제2종근린생활시설,101719344,지번,1,False
1150010300107950003,서울특별시 강서구 화곡동,서울특별시 강서구 곰달래로58길 16 (화곡동),근린생활1,제1종근린생활시설,1017124531,지번,1,False
1150010300107780013,서울특별시 강서구 화곡동,서울특별시 강서구 곰달래로59길 9 (화곡동),근린생활1,제1종근린생활시설,1017115402,지번,1,False
1150010300108320011,서울특별시 강서구 화곡동,서울특별시 강서구 곰달래로49길 23 (화곡동),근린생활1,제1종근린생활시설,1017125064,지번,1,False
1150010300107760007,서울특별시 강서구 화곡동,서울특별시 강서구 곰달래로 271 (화곡동),근린생활2,제2종근린생활시설,101718938,지번,1,False
1150010100102800004,서울특별시 강서구 염창동,서울특별시 강서구 공항대로71길 13 (염창동),근린생활1,제1종근린생활시설,1017126237,지번,1,False
1150010300108840009,서울특별시 강서구 화곡동,서울특별시 강서구 국회대로7길 134 (화곡동),근린생활1,제1종근린생활시설,1017118072,지번,1,False
1150010300108370001,서울특별시 강서구 화곡동,서울특별시 강서구 곰달래로51길 19 (화곡동),근린생활1,제1종근린생활시설,1017128661,지번,1,False
1150010300104780001,서울특별시 강서구 화곡동,서울특별시 강서구 등촌로13아길 25 (화곡동),근린생활2,제2종근린생활시설,1017116354,지번,1,False
1150010300107740012,서울특별시 강서구 화곡동,서울특별시 강서구 곰달래로59길 25 (화곡동),근린생활1,제1종근린생활시설,1017113576,지번,1,False
1150010300108660022,서울특별시 강서구 화곡동,서울특별시 강서구 곰달래로49길 45 (화곡동),근린생활1,공동주택,10171100310972,지번,1,False
1150010300108480017,서울특별시 강서구 화곡동,서울특별시 강서구 곰달래로 214-1 (화곡동),근린생활2,제2종근린생활시설,101715742,지번,1,False
1150010200105090006,서울특별시 강서구 등촌동,서울특별시 강서구 등촌로53길 7 (등촌동),근린생활2,제2종근린생활시설,1017118827,지번,1,False
1150010200105260026,서울특별시 강서구 등촌동,서울특별시 강서구 등촌로51가길 4 (등촌동),근린생활2,제2종근린생활시설,1017125562,지번,1,False
1150010300107770010,서울특별시 강서구 화곡동,서울특별시 강서구 등촌로5길 25 (화곡동),근린생활2,제2종근린생활시설,1017126412,지번,1,False
1150010300107740005,서울특별시 강서구 화곡동,서울특별시 강서구 곰달래로59길 37-1 (화곡동),근린생활1,제1종근린생활시설,1017110823,지번,1,False
1150010200105100015,서울특별시 강서구 등촌동,서울특별시 강서구 등촌로 205 (등촌동),근린생활2,업무시설,1000000000000002768390,지번,1,False
1150010200105140009,서울특별시 강서구 등촌동,서울특별시 강서구 등촌로39길 19 (등촌동),근린생활2,제2종근린생활시설,1017119665,지번,1,False
1150010300104560016,서울특별시 강서구 화곡동,서울특별시 강서구 등촌로13바길 112 (화곡동),근린생활2,제2종근린생활시설,1017112875,지번,1,False
1150010300108430006,서울특별시 강서구 화곡동,서울특별시 강서구 국회대로 215 (화곡동),근린생활1,제1종근린생활시설,1017119939,지번,1,False
1150010300108450041,서울특별시 강서구 화곡동,서울특별시 강서구 국회대로7길 60 (화곡동),근린생활1,제1종근린생활시설,1017111213,지번,1,False
1150010300108440017,서울특별시 강서구 화곡동,서울특별시 강서구 국회대로 207 (화곡동),근린생활1,제1종근린생활시설,1017125424,지번,1,False
1150010300108470002,서울특별시 강서구 화곡동,서울특별시 강서구 곰달래로50길 14 (화곡동),근린생활1,제1종근린생활시설,1017119661,지번,1,False
1150010300108010015,서울특별시 강서구 화곡동,서울특별시 강서구 곰달래로53길 26 (화곡동),근린생활1,제1종근린생활시설,1017118999,지번,1,False
1150010300108530011,서울특별시 강서구 화곡동,서울특별시 강서구 국회대로7길 79 (화곡동),근린생활1,제1종근린생활시설,1017120182,지번,1,False
1150010300107750008,서울특별시 강서구 화곡동,서울특별시 강서구 등촌로5길 2 (화곡동),근린생활1,제1종근린생활시설,10171100318072,지번,1,False
1150010300107810007,서울특별시 강서구 화곡동,서울특별시 강서구 곰달래로60길 17 (화곡동),근린생활1,제1종근린생활시설,1017120465,지번,1,False
1150010300108610035,서울특별시 강서구 화곡동,서울특별시 강서구 곰달래로37길 18 (화곡동),근린생활1,제1종근린생활시설,1017128131,지번,1,False
1150010300107720063,서울특별시 강서구 화곡동,서울특별시 강서구 등촌로13길 7 (화곡동),근린생활1,제1종근린생활시설,1017124213,지번,1,False
1150010300108440004,서울특별시 강서구 화곡동,서울특별시 강서구 국회대로 201 (화곡동),근린생활2,제2종근린생활시설,1017118068,지번,1,False
1150010300108300001,서울특별시 강서구 화곡동,서울특별시 강서구 등촌로5길 80 (화곡동),판매시설,판매시설,1017123150,지번,1,False
1150010300107860004,서울특별시 강서구 화곡동,서울특별시 강서구 국회대로 237 (화곡동),근린생활1,제1종근린생활시설,1017114879,지번,1,False
1150010300107940011,서울특별시 강서구 화곡동,서울특별시 강서구 곰달래로54길 5 (화곡동),근린생활1,제1종근린생활시설,1017110240,지번,1,False
1150010300108430001,서울특별시 강서구 화곡동,서울특별시 강서구 국회대로7길 15 (화곡동),근린생활1,제1종근린생활시설,10171100201138,지번,1,False
1150010300108430008,서울특별시 강서구 화곡동,서울특별시 강서구 국회대로7길 41 (화곡동),근린생활1,제1종근린생활시설,101717382,지번,1,False
1150010300107860002,서울특별시 강서구 화곡동,서울특별시 강서구 국회대로 241 (화곡동),근린생활2,제2종근린생활시설,1017119253,지번,1,False
1150010300108540003,서울특별시 강서구 화곡동,서울특별시 강서구 국회대로 179 (화곡동),근린생활1,제1종근린생활시설,101717392,지번,1,False
1150010300108400017,서울특별시 강서구 화곡동,서울특별시 강서구 곰달래로 232 (화곡동),근린생활1,제1종근린생활시설,101714849,지번,1,False
1150010300107780004,서울특별시 강서구 화곡동,서울특별시 강서구 곰달래로 267 (화곡동),근린생활1,제1종근린생활시설,101719958,지번,1,False
1150010300107790019,서울특별시 강서구 화곡동,서울특별시 강서구 곰달래로58길 7-15 (화곡동),근린생활1,제1종근린생활시설,1017125079,지번,1,False
1150010300107820001,서울특별시 강서구 화곡동,서울특별시 강서구 등촌로 15 (화곡동),근린생활2,제1종근린생활시설,10171100353974,지번,1,False
1150010300107820009,서울특별시 강서구 화곡동,서울특별시 강서구 곰달래로60길 37 (화곡동),근린생활1,제1종근린생활시설,101718631,지번,1,False
1150010300108450033,서울특별시 강서구 화곡동,서울특별시 강서구 강서로5라길 176 (화곡동),근린생활1,제1종근린생활시설,1017117904,지번,1,False
1150010300108030024,서울특별시 강서구 화곡동,서울특별시 강서구 등촌로5가길 2 (화곡동),근린생활1,제1종근린생활시설,101714595,지번,1,False
1150010300108380001,서울특별시 강서구 화곡동,서울특별시 강서구 등촌로5길 79 (화곡동),근린생활1,제1종근린생활시설,1017118229,지번,1,False
1150010300108320014,서울특별시 강서구 화곡동,서울특별시 강서구 곰달래로47길 24 (화곡동),근린생활2,제2종근린생활시설,101715847,지번,1,False
1150010200105140050,서울특별시 강서구 등촌동,서울특별시 강서구 등촌로39길 17-7 (등촌동),근린생활2,제2종근린생활시설,1017128657,지번,1,False
1150010200105130001,서울특별시 강서구 등촌동,서울특별시 강서구 등촌로 173 (등촌동),근린생활1,제1종근린생활시설,1017112579,지번,2,False
1150010200105130001,서울특별시 강서구 등촌동,서울특별시 강서구 등촌로 173 (등촌동),근린생활1,제2종근린생활시설,101713526,지번,2,False
1150010200105650006,서울특별시 강서구 등촌동,서울특별시 강서구 등촌로 79 (등촌동),근린생활2,업무시설,10171100357354,지번,1,False
1150010200105140051,서울특별시 강서구 등촌동,서울특별시 강서구 등촌로39길 17-8 (등촌동),근린생활2,제2종근린생활시설,10171100355874,지번,1,False
1150010300108340014,서울특별시 강서구 화곡동,서울특별시 강서구 곰달래로31가길 100 (화곡동),근린생활1,제1종근린생활시설,101718728,지번,1,False
1150010300108550017,서울특별시 강서구 화곡동,서울특별시 강서구 곰달래로36길 31 (화곡동),근린생활1,제1종근린생활시설,1017125659,지번,1,False
1150010100102640021,서울특별시 강서구 염창동,서울특별시 강서구 양천로 694-8 (염창동),근린생활2,공장,1017111719,지번,1,False
1150010300108420015,서울특별시 강서구 화곡동,서울특별시 강서구 강서로5라길 180 (화곡동),근린생활1,제1종근린생활시설,1017115282,지번,1,False
1150010300108450013,서울특별시 강서구 화곡동,서울특별시 강서구 국회대로7길 68 (화곡동),근린생활1,제1종근린생활시설,1017114264,지번,1,False
1150010200105070006,서울특별시 강서구 등촌동,서울특별시 강서구 등촌로 225 (등촌동),근린생활1,제1종근린생활시설,1017113735,지번,1,False
1150010300108460005,서울특별시 강서구 화곡동,서울특별시 강서구 강서로8길 178 (화곡동),근린생활2,제2종근린생활시설,1017124119,지번,1,False
1150010300108000009,서울특별시 강서구 화곡동,서울특별시 강서구 곰달래로 243 (화곡동),근린생활1,제1종근린생활시설,1017116505,지번,1,False
1150010300108110010,서울특별시 강서구 화곡동,서울특별시 강서구 곰달래로53길 32 (화곡동),근린생활1,제1종근린생활시설,1017121015,지번,1,False
1150010300108520012,서울특별시 강서구 화곡동,서울특별시 강서구 국회대로7길 92 (화곡동),근린생활2,제2종근린생활시설,1017116655,지번,1,False
1150010300108620004,서울특별시 강서구 화곡동,서울특별시 강서구 곰달래로 209 (화곡동),근린생활1,제1종근린생활시설,1017128190,지번,1,False
1150010300108350005,서울특별시 강서구 화곡동,서울특별시 강서구 곰달래로 213 (화곡동),근린생활1,제1종근린생활시설,101714875,지번,1,False
1150010300108550004,서울특별시 강서구 화곡동,서울특별시 강서구 국회대로7길 108 (화곡동),근린생활2,제2종근린생활시설,1017126095,지번,1,False
1150010300108410024,서울특별시 강서구 화곡동,서울특별시 강서구 곰달래로50길 25 (화곡동),근린생활1,제1종근린생활시설,1017114002,지번,1,False
1150010300108360005,서울특별시 강서구 화곡동,서울특별시 강서구 곰달래로 223 (화곡동),근린생활2,제2종근린생활시설,101713117,지번,2,False
1150010300108360005,서울특별시 강서구 화곡동,서울특별시 강서구 곰달래로 223 (화곡동),근린생활2,제1종근린생활시설,101713118,지번,2,False
1150010200105140003,서울특별시 강서구 등촌동,서울특별시 강서구 등촌로39길 17-3 (등촌동),근린생활1,제1종근린생활시설,1017112689,지번,1,False
1150010300107820006,서울특별시 강서구 화곡동,서울특별시 강서구 국회대로 255 (화곡동),근린생활2,제2종근린생활시설,1017113632,지번,1,False
1150010300108360001,서울특별시 강서구 화곡동,서울특별시 강서구 곰달래로49길 17 (화곡동),근린생활1,제1종근린생활시설,1017117774,지번,1,False
1150010200105240005,서울특별시 강서구 등촌동,서울특별시 강서구 등촌로39길 18 (등촌동),근린생활1,제1종근린생활시설,1017120820,지번,1,False
1150010300107720073,서울특별시 강서구 화곡동,서울특별시 강서구 등촌로 53 (화곡동),근린생활1,제1종근린생활시설,1017127089,지번,1,False
1150010200105260002,서울특별시 강서구 등촌동,서울특별시 강서구 등촌로51길 13 (등촌동),근린생활1,제1종근린생활시설,1017111458,지번,1,False
1150010300110410013,서울특별시 강서구 화곡동,서울특별시 강서구 화곡로13나길 23 (화곡동),근린생활2,단독주택,1000000000000006336479,지번,1,False
1150010300104730003,서울특별시 강서구 화곡동,서울특별시 강서구 곰달래로53길 126 (화곡동),근린생활1,제1종근린생활시설,1017116074,지번,1,False
1150010300108010014,서울특별시 강서구 화곡동,서울특별시 강서구 등촌로5길 62-3 (화곡동),근린생활1,제1종근린생활시설,101717530,지번,1,False
1150010300108480020,서울특별시 강서구 화곡동,서울특별시 강서구 곰달래로 216-1 (화곡동),근린생활2,공동주택,10171100347474,지번,1,False
1150010300107960011,서울특별시 강서구 화곡동,서울특별시 강서구 곰달래로 250 (화곡동),근린생활2,제2종근린생활시설,1017126096,지번,1,False
1150010300107980013,서울특별시 강서구 화곡동,서울특별시 강서구 등촌로5길 47 (화곡동),근린생활2,제2종근린생활시설,1017127231,지번,1,False
1150010300108430002,서울특별시 강서구 화곡동,서울특별시 강서구 국회대로 229 (화곡동),근린생활1,제1종근린생활시설,1017120894,지번,1,False
1150010300108430003,서울특별시 강서구 화곡동,서울특별시 강서구 국회대로 227 (화곡동),근린생활1,제1종근린생활시설,1017128549,지번,1,False
1150010300108000012,서울특별시 강서구 화곡동,서울특별시 강서구 곰달래로 237-4 (화곡동),근린생활2,제2종근린생활시설,1017119336,지번,1,False
1150010300108000008,서울특별시 강서구 화곡동,서울특별시 강서구 곰달래로53길 5 (화곡동),근린생활1,제1종근린생활시설,1017110678,지번,1,False
1150010300108460007,서울특별시 강서구 화곡동,서울특별시 강서구 곰달래로50길 24 (화곡동),근린생활1,제1종근린생활시설,1017111259,지번,1,False
1150010300108850002,서울특별시 강서구 화곡동,서울특별시 강서구 국회대로 171 (화곡동),근린생활1,제1종근린생활시설,1017116291,지번,1,False
1150010300107930001,서울특별시 강서구 화곡동,서울특별시 강서구 곰달래로 244 (화곡동),근린생활2,제2종근린생활시설,10171100194984,지번,1,False
1150010300108020019,서울특별시 강서구 화곡동,서울특별시 강서구 등촌로5길 52 (화곡동),근린생활2,제2종근린생활시설,101718872,지번,1,False
1150010300107850012,서울특별시 강서구 화곡동,서울특별시 강서구 국회대로 245 (화곡동),근린생활1,제1종근린생활시설,101715704,지번,1,False
1150010200105110001,서울특별시 강서구 등촌동,서울특별시 강서구 등촌로 201 (등촌동),근린생활2,제2종근린생활시설,1017111630,지번,1,False
1150010300108400016,서울특별시 강서구 화곡동,서울특별시 강서구 곰달래로 230-1 (화곡동),근린생활1,제1종근린생활시설,1017126722,지번,1,False
1150010300107990022,서울특별시 강서구 화곡동,서울특별시 강서구 등촌로5길 61 (화곡동),근린생활1,제1종근린생활시설,1017126978,지번,1,False
1150010300108220018,서울특별시 강서구 화곡동,서울특별시 강서구 곰달래로49길 60 (화곡동),근린생활1,제1종근린생활시설,1017118691,지번,1,False
1150010300108360002,서울특별시 강서구 화곡동,서울특별시 강서구 곰달래로49길 15 (화곡동),근린생활1,제1종근린생활시설,1017110211,지번,1,False
1150010200105650003,서울특별시 강서구 등촌동,서울특별시 강서구 등촌로 83-1 (등촌동),근린생활2,제2종근린생활시설,101719249,지번,1,False
1150010300108740012,서울특별시 강서구 화곡동,서울특별시 강서구 곰달래로 184 (화곡동),근린생활1,제1종근린생활시설,1017126089,지번,1,False
1150010300107790008,서울특별시 강서구 화곡동,서울특별시 강서구 곰달래로58길 7 (화곡동),근린생활2,제2종근린생활시설,101713922,지번,1,False
1150010300107950002,서울특별시 강서구 화곡동,서울특별시 강서구 곰달래로58길 14 (화곡동),근린생활1,제1종근린생활시설,1017114871,지번,1,False
1150010300107840025,서울특별시 강서구 화곡동,서울특별시 강서구 곰달래로58길 19 (화곡동),근린생활1,제1종근린생활시설,1017118075,지번,1,False
1150010300107990001,서울특별시 강서구 화곡동,서울특별시 강서구 등촌로5길 53 (화곡동),근린생활1,제1종근린생활시설,1017124626,지번,1,False
1150010300108510020,서울특별시 강서구 화곡동,서울특별시 강서구 곰달래로38길 25 (화곡동),근린생활1,제1종근린생활시설,1017118248,지번,1,False
1150010300108300002,서울특별시 강서구 화곡동,서울특별시 강서구 등촌로5길 90 (화곡동),근린생활1,공동주택,10171100314601,지번,2,True
1150010300108300002,서울특별시 강서구 화곡동,서울특별시 강서구 등촌로5길 90 (화곡동),근린생활1,공동주택,10171100314617,지번,2,True
1150010300107800027,서울특별시 강서구 화곡동,서울특별시 강서구 등촌로3길 14 (화곡동),근린생활1,제1종근린생활시설,1017113944,지번,1,False
1150010300108850006,서울특별시 강서구 화곡동,서울특별시 강서구 국회대로7길 137 (화곡동),근린생활1,제1종근린생활시설,101718036,지번,1,False
1150010100102810003,서울특별시 강서구 염창동,서울특별시 강서구 공항대로75길 27 (염창동),근린생활1,제1종근린생활시설,1017116857,지번,1,False
1150010300107790006,서울특별시 강서구 화곡동,서울특별시 강서구 곰달래로 266 (화곡동),근린생활1,제1종근린생활시설,1017115693,지번,1,False
1150010300108510001,서울특별시 강서구 화곡동,서울특별시 강서구 강서로8길 150 (화곡동),근린생활1,제1종근린생활시설,1017122230,지번,1,False
1150010300107950016,서울특별시 강서구 화곡동,서울특별시 강서구 등촌로3길 50 (화곡동),근린생활1,제1종근린생활시설,1017122942,지번,1,False
1150010300107810006,서울특별시 강서구 화곡동,서울특별시 강서구 등촌로 17 (화곡동),근린생활1,제1종근린생활시설,101715205,지번,1,False
1150010300108550012,서울특별시 강서구 화곡동,서울특별시 강서구 국회대로7길 116 (화곡동),근린생활1,제1종근린생활시설,1017120295,지번,1,False
1150010300108580013,서울특별시 강서구 화곡동,서울특별시 강서구 곰달래로 192 (화곡동),근린생활1,제1종근린생활시설,1017127709,지번,1,False
1150010300108580014,서울특별시 강서구 화곡동,서울특별시 강서구 곰달래로 192-1 (화곡동),근린생활1,제1종근린생활시설,1017118752,지번,1,False
1150010300108570001,서울특별시 강서구 화곡동,서울특별시 강서구 곰달래로38길 10 (화곡동),근린생활2,제2종근린생활시설,1017126495,지번,1,False
1150010300108550014,서울특별시 강서구 화곡동,서울특별시 강서구 국회대로7길 122 (화곡동),근린생활1,제1종근린생활시설,1017117467,지번,1,False
1150010300108710012,서울특별시 강서구 화곡동,서울특별시 강서구 곰달래로 179 (화곡동),근린생활1,제1종근린생활시설,1017126371,지번,1,False
1150010300108840011,서울특별시 강서구 화곡동,서울특별시 강서구 국회대로7길 138 (화곡동),근린생활1,제1종근린생활시설,1017119765,지번,1,False
1150010300108840005,서울특별시 강서구 화곡동,서울특별시 강서구 국회대로7길 126 (화곡동),근린생활1,제1종근린생활시설,1017126061,지번,1,False
1150010300108590012,서울특별시 강서구 화곡동,서울특별시 강서구 곰달래로 187 (화곡동),근린생활2,제2종근린생활시설,1017121683,지번,1,False
1150010200105150026,서울특별시 강서구 등촌동,서울특별시 강서구 등촌로39가길 37 (등촌동),근린생활2,제2종근린생활시설,1017118740,지번,1,False
1150010200105660035,서울특별시 강서구 등촌동,서울특별시 강서구 등촌로13길 10 (등촌동),근린생활2,제2종근린생활시설,1017116743,지번,1,False
1150010200105090003,서울특별시 강서구 등촌동,서울특별시 강서구 등촌로51길 4 (등촌동),근린생활1,제1종근린생활시설,101714480,지번,1,False
1150010300108470014,서울특별시 강서구 화곡동,서울특별시 강서구 강서로8길 153 (화곡동),근린생활1,제1종근린생활시설,1017111119,지번,1,False
1150010300108520013,서울특별시 강서구 화곡동,서울특별시 강서구 국회대로7길 96 (화곡동),근린생활1,제1종근린생활시설,1017114736,지번,1,False
1150010300107960014,서울특별시 강서구 화곡동,서울특별시 강서구 곰달래로 254 (화곡동),근린생활2,제2종근린생활시설,10171100199881,지번,1,False
1150010300108420005,서울특별시 강서구 화곡동,서울특별시 강서구 국회대로7길 34 (화곡동),근린생활2,제2종근린생활시설,1017120011,지번,1,False
1150010300107990002,서울특별시 강서구 화곡동,서울특별시 강서구 곰달래로55길 17 (화곡동),근린생활1,제1종근린생활시설,1017112497,지번,1,False
1150010300108000002,서울특별시 강서구 화곡동,서울특별시 강서구 곰달래로53길 15 (화곡동),근린생활1,제1종근린생활시설,1017121935,지번,1,False
1150010300107860005,서울특별시 강서구 화곡동,서울특별시 강서구 국회대로 235 (화곡동),근린생활1,제1종근린생활시설,1017126976,지번,1,False
1150010300108620017,서울특별시 강서구 화곡동,서울특별시 강서구 곰달래로 203 (화곡동),근린생활1,제1종근린생활시설,1017118730,지번,1,False
1150010200105110015,서울특별시 강서구 등촌동,서울특별시 강서구 등촌로47길 8 (등촌동),근린생활2,제2종근린생활시설,10171100306072,지번,1,False
1150010200105100002,서울특별시 강서구 등촌동,서울특별시 강서구 등촌로 211 (등촌동),근린생활1,공동주택,10171100298013,지번,2,True
1150010200105100002,서울특별시 강서구 등촌동,서울특별시 강서구 등촌로 211 (등촌동),근린생활1,공동주택,10171100298041,지번,2,True
1150010200105660013,서울특별시 강서구 등촌동,서울특별시 강서구 등촌로 73 (등촌동),근린생활1,제1종근린생활시설,1017127585,지번,1,False
1150010300107790010,서울특별시 강서구 화곡동,서울특별시 강서구 곰달래로 262-1 (화곡동),근린생활2,제2종근린생활시설,1017110810,지번,1,False
1150010300108610037,서울특별시 강서구 화곡동,서울특별시 강서구 곰달래로 201 (화곡동),근린생활1,제1종근린생활시설,1017120713,지번,1,False
1150010100102820023,서울특별시 강서구 염창동,서울특별시 강서구 공항대로 627 (염창동),근린생활1,제1종근린생활시설,1017111801,지번,1,False
1150010300104650001,서울특별시 강서구 화곡동,서울특별시 강서구 곰달래로49길 120 (화곡동),근린생활2,공동주택,1000000000000005029961,지번,1,False
1150010300107890032,서울특별시 강서구 화곡동,서울특별시 강서구 곰달래로54길 23 (화곡동),근린생활2,제2종근린생활시설,1017122511,지번,1,False
1150010200105240001,서울특별시 강서구 등촌동,서울특별시 강서구 등촌로39나길 20 (등촌동),근린생활2,제2종근린생활시설,1017111495,지번,1,False
1150010200105120007,서울특별시 강서구 등촌동,서울특별시 강서구 등촌로39길 6 (등촌동),근린생활1,제1종근린생활시설,1017117795,지번,1,False
1150010300107730011,서울특별시 강서구 화곡동,서울특별시 강서구 곰달래로59길 51 (화곡동),근린생활2,제2종근린생활시설,101717119,지번,1,False
1150010200105600012,서울특별시 강서구 등촌동,서울특별시 강서구 등촌로 143 (등촌동),근린생활1,제1종근린생활시설,1017123976,지번,1,False
1150010300108860006,서울특별시 강서구 화곡동,서울특별시 강서구 국회대로 161 (화곡동),근린생활2,제2종근린생활시설,1017127208,지번,1,False
1150010300107860003,서울특별시 강서구 화곡동,서울특별시 강서구 국회대로 239 (화곡동),근린생활1,제1종근린생활시설,1017110885,지번,1,False
1150010300108850010,서울특별시 강서구 화곡동,서울특별시 강서구 국회대로7길 133 (화곡동),근린생활1,제1종근린생활시설,1017127922,지번,1,False
1150010300108860005,서울특별시 강서구 화곡동,서울특별시 강서구 국회대로 163 (화곡동),근린생활1,제1종근린생활시설,101718145,지번,1,False
1150010300108180005,서울특별시 강서구 화곡동,서울특별시 강서구 등촌로13라길 32 (화곡동),근린생활1,제1종근린생활시설,1017122829,지번,1,False
1150010300108490006,서울특별시 강서구 화곡동,서울특별시 강서구 곰달래로 206 (화곡동),근린생활1,제1종근린생활시설,1017122751,지번,1,False
1150010300108490002,서울특별시 강서구 화곡동,서울특별시 강서구 곰달래로 210 (화곡동),근린생활1,창고시설,10171100332552,지번,1,False
1150010300107790011,서울특별시 강서구 화곡동,서울특별시 강서구 곰달래로 264 (화곡동),근린생활2,제2종근린생활시설,101715835,지번,1,False
1150010200105070010,서울특별시 강서구 등촌동,서울특별시 강서구 등촌로 219 (등촌동),근린생활1,제1종근린생활시설,1017120839,지번,1,False
1150010300107810002,서울특별시 강서구 화곡동,서울특별시 강서구 등촌로 23 (화곡동),근린생활2,제2종근린생활시설,1017118106,지번,1,False
1150010300107750007,서울특별시 강서구 화곡동,서울특별시 강서구 등촌로 41 (화곡동),근린생활2,제2종근린생활시설,1017120763,지번,1,False
1150010300107720064,서울특별시 강서구 화곡동,서울특별시 강서구 등촌로 61 (화곡동),근린생활2,제2종근린생활시설,1017124706,지번,1,False
1150010300108490022,서울특별시 강서구 화곡동,서울특별시 강서구 곰달래로 208 (화곡동),근린생활2,제2종근린생활시설,10171100196043,지번,1,False
1150010300108150006,서울특별시 강서구 화곡동,서울특별시 강서구 등촌로13길 75 (화곡동),근린생활1,공동주택,1000000000000002354424,지번,1,False
1150010200105280006,서울특별시 강서구 등촌동,서울특별시 강서구 등촌로51길 66 (등촌동),근린생활2,제2종근린생활시설,1017115255,지번,1,False
1150010200105610003,서울특별시 강서구 등촌동,서울특별시 강서구 등촌로 135 (등촌동),근린생활1,제1종근린생활시설,1017111510,지번,1,False
1150010300107750005,서울특별시 강서구 화곡동,서울특별시 강서구 등촌로 45 (화곡동),근린생활1,제1종근린생활시설,101718914,지번,1,False
1150010200105120019,서울특별시 강서구 등촌동,서울특별시 강서구 등촌로51가길 67 (등촌동),근린생활2,제2종근린생활시설,1017126586,지번,1,False
1150010200105130002,서울특별시 강서구 등촌동,서울특별시 강서구 등촌로39길 11-9 (등촌동),근린생활2,제2종근린생활시설,1017117113,지번,1,False
1150010300104640008,서울특별시 강서구 화곡동,서울특별시 강서구 곰달래로49길 86 (화곡동),근린생활1,제1종근린생활시설,1017114912,지번,1,False
1150010300108440012,서울특별시 강서구 화곡동,서울특별시 강서구 국회대로 203 (화곡동),근린생활2,제2종근린생활시설,1017113645,지번,1,False
1150010300104630014,서울특별시 강서구 화곡동,서울특별시 강서구 곰달래로49길 89 (화곡동),근린생활2,제2종근린생활시설,1017120541,지번,1,False
1150010300108480019,서울특별시 강서구 화곡동,서울특별시 강서구 곰달래로 216-6 (화곡동),근린생활1,제1종근린생활시설,101717441,지번,1,False
1150010200105650017,서울특별시 강서구 등촌동,서울특별시 강서구 등촌로35길 123 (등촌동),근린생활1,제1종근린생활시설,1017114353,지번,1,False
1150010100102800005,서울특별시 강서구 염창동,서울특별시 강서구 공항대로71길 9 (염창동),근린생활1,제1종근린생활시설,1017128222,지번,1,False
1150010100102820024,서울특별시 강서구 염창동,서울특별시 강서구 공항대로 625 (염창동),근린생활2,업무시설,10171100359974,지번,1,False
1150010300108400015,서울특별시 강서구 화곡동,서울특별시 강서구 곰달래로 230 (화곡동),근린생활1,제1종근린생활시설,1017116954,지번,1,False
1150010300108380012,서울특별시 강서구 화곡동,서울특별시 강서구 등촌로5길 83 (화곡동),근린생활2,제2종근린생활시설,101715350,지번,1,False
1150010300107750011,서울특별시 강서구 화곡동,서울특별시 강서구 등촌로5길 8 (화곡동),근린생활1,제1종근린생활시설,1017111562,지번,1,False
1150010300108370013,서울특별시 강서구 화곡동,서울특별시 강서구 곰달래로49길 14 (화곡동),근린생활1,제1종근린생활시설,101719868,지번,1,False
1150010300108410010,서울특별시 강서구 화곡동,서울특별시 강서구 강서로10길 184 (화곡동),근린생활2,제2종근린생활시설,101715336,지번,1,False
1150010300108310009,서울특별시 강서구 화곡동,서울특별시 강서구 곰달래로51길 23 (화곡동),근린생활2,제2종근린생활시설,1017110744,지번,1,False
1150010300108260012,서울특별시 강서구 화곡동,서울특별시 강서구 등촌로13다길 32-14 (화곡동),근린생활2,제2종근린생활시설,1017117637,지번,1,False
1150010300108400014,서울특별시 강서구 화곡동,서울특별시 강서구 곰달래로 228-1 (화곡동),근린생활2,제2종근린생활시설,1017121031,지번,1,False
1150010300108390010,서울특별시 강서구 화곡동,서울특별시 강서구 곰달래로 233-1 (화곡동),근린생활1,제1종근린생활시설,1017124959,지번,1,False
1150010300108390012,서울특별시 강서구 화곡동,서울특별시 강서구 곰달래로 231 (화곡동),근린생활2,제2종근린생활시설,1017114027,지번,1,False
1150010300107910007,서울특별시 강서구 화곡동,서울특별시 강서구 강서로5라길 203 (화곡동),근린생활2,제2종근린생활시설,1017116948,지번,1,False
1150010300107760002,서울특별시 강서구 화곡동,서울특별시 강서구 등촌로5길 5 (화곡동),근린생활1,제1종근린생활시설,1017116750,지번,1,False
1150010300108550015,서울특별시 강서구 화곡동,서울특별시 강서구 국회대로7길 124 (화곡동),근린생활1,제1종근린생활시설,1017125319,지번,1,False
1150010300108840007,서울특별시 강서구 화곡동,서울특별시 강서구 국회대로7길 130 (화곡동),근린생활1,제1종근린생활시설,1017123182,지번,1,False
1150010100102800001,서울특별시 강서구 염창동,서울특별시 강서구 공항대로71길 19 (염창동),근린생활2,제1종근린생활시설,10171100334672,지번,1,False
1150010300107760003,서울특별시 강서구 화곡동,서울특별시 강서구 등촌로 35 (화곡동),근린생활2,제2종근린생활시설,101713443,지번,2,False
1150010300107760003,서울특별시 강서구 화곡동,서울특별시 강서구 등촌로 35 (화곡동),근린생활2,제2종근린생활시설,101713444,지번,2,False
1150010200105670016,서울특별시 강서구 등촌동,서울특별시 강서구 등촌로35길 164 (등촌동),근린생활2,제2종근린생활시설,1017117544,지번,1,False
1150010300108290007,서울특별시 강서구 화곡동,서울특별시 강서구 곰달래로53길 41 (화곡동),근린생활1,공동주택,10171100343013,지번,1,False
1150010100102820034,서울특별시 강서구 염창동,서울특별시 강서구 공항대로75길 8 (염창동),근린생활2,제2종근린생활시설,10171100199544,지번,2,False
1150010100102820034,서울특별시 강서구 염창동,서울특별시 강서구 공항대로75길 8 (염창동),근린생활2,제1종근린생활시설,1017123410,지번,2,False
1150010200105240032,서울특별시 강서구 등촌동,서울특별시 강서구 등촌로39길 24 (등촌동),근린생활2,제2종근린생활시설,1017121297,지번,1,False
1150010300108480015,서울특별시 강서구 화곡동,서울특별시 강서구 곰달래로 212 (화곡동),근린생활1,제1종근린생활시설,1017124805,지번,1,False
1150010300108220017,서울특별시 강서구 화곡동,서울특별시 강서구 곰달래로49길 56 (화곡동),근린생활1,제1종근린생활시설,101717908,지번,1,False
1150010300108310020,서울특별시 강서구 화곡동,서울특별시 강서구 등촌로13다길 75 (화곡동),근린생활1,제1종근린생활시설,101717823,지번,1,False
1150010300108480023,서울특별시 강서구 화곡동,서울특별시 강서구 곰달래로 220 (화곡동),근린생활2,제2종근린생활시설,1017124216,지번,1,False
1150010300108850003,서울특별시 강서구 화곡동,서울특별시 강서구 국회대로 165 (화곡동),근린생활1,제1종근린생활시설,1017120221,지번,1,False
1150010300108810004,서울특별시 강서구 화곡동,서울특별시 강서구 국회대로7길 142 (화곡동),근린생활1,제1종근린생활시설,1017118891,지번,1,False
1150010300107960015,서울특별시 강서구 화곡동,서울특별시 강서구 곰달래로 254-1 (화곡동),근린생활1,제1종근린생활시설,1017124412,지번,1,False
1150010200105090008,서울특별시 강서구 등촌동,서울특별시 강서구 등촌로51길 8 (등촌동),근린생활1,제1종근린생활시설,101718081,지번,1,False
1150010300107770008,서울특별시 강서구 화곡동,서울특별시 강서구 곰달래로57길 12 (화곡동),근린생활1,제1종근린생활시설,1017113657,지번,1,False
1150010200105650018,서울특별시 강서구 등촌동,서울특별시 강서구 등촌로35길 121 (등촌동),근린생활1,제2종근린생활시설,10171100322732,지번,1,False
1150010200105090009,서울특별시 강서구 등촌동,서울특별시 강서구 등촌로51길 10 (등촌동),근린생활1,제1종근린생활시설,101719889,지번,1,False
1150010300107970022,서울특별시 강서구 화곡동,서울특별시 강서구 곰달래로 259 (화곡동),근린생활2,제2종근린생활시설,1017118988,지번,1,False
1150010300108030021,서울특별시 강서구 화곡동,서울특별시 강서구 곰달래로57길 23-15 (화곡동),근린생활1,단독주택,10171100331052,지번,1,False
1150010300107820007,서울특별시 강서구 화곡동,서울특별시 강서구 곰달래로60길 41 (화곡동),근린생활2,제2종근린생활시설,1017111949,지번,1,False
1150010300107770009,서울특별시 강서구 화곡동,서울특별시 강서구 곰달래로57길 18 (화곡동),근린생활2,제2종근린생활시설,101714650,지번,1,False
1150010200105090005,서울특별시 강서구 등촌동,서울특별시 강서구 등촌로53길 5 (등촌동),근린생활1,제1종근린생활시설,1017118700,지번,1,False
1150010200105650002,서울특별시 강서구 등촌동,서울특별시 강서구 등촌로 85 (등촌동),근린생활2,제2종근린생활시설,101717595,지번,1,False
1150010300108360003,서울특별시 강서구 화곡동,서울특별시 강서구 곰달래로49길 11 (화곡동),근린생활2,제2종근린생활시설,101713914,지번,2,False
1150010200105130015,서울특별시 강서구 등촌동,서울특별시 강서구 등촌로 171 (등촌동),근린생활1,제1종근린생활시설,1017123259,지번,1,False
1150010200105670017,서울특별시 강서구 등촌동,서울특별시 강서구 등촌로13길 12 (등촌동),근린생활2,제2종근린생활시설,1017122587,지번,1,False
1150010300108220023,서울특별시 강서구 화곡동,서울특별시 강서구 곰달래로49길 74 (화곡동),근린생활2,제2종근린생활시설,101718738,지번,1,False
1150010200105140001,서울특별시 강서구 등촌동,서울특별시 강서구 등촌로39길 13 (등촌동),근린생활1,제1종근린생활시설,1017110960,지번,1,False
1150010200103660141,서울특별시 강서구 등촌동,서울특별시 강서구 등촌로51길 31 (등촌동),근린생활2,제2종근린생활시설,1017127580,지번,1,False
1150010300107720085,서울특별시 강서구 화곡동,서울특별시 강서구 등촌로 59-1 (화곡동),근린생활1,제1종근린생활시설,1017111616,지번,1,False
1150010200105130006,서울특별시 강서구 등촌동,서울특별시 강서구 등촌로 167 (등촌동),근린생활1,제1종근린생활시설,1017121163,지번,1,False
1150010200105130010,서울특별시 강서구 등촌동,서울특별시 강서구 등촌로39길 7 (등촌동),근린생활1,제1종근린생활시설,1017117891,지번,1,False
1150010200105240006,서울특별시 강서구 등촌동,서울특별시 강서구 등촌로39길 22 (등촌동),근린생활1,제1종근린생활시설,101718206,지번,1,False
1150010100102750012,서울특별시 강서구 염창동,서울특별시 강서구 공항대로 561 (염창동),근린생활1,제1종근린생활시설,101714837,지번,1,False
1150010200105270003,서울특별시 강서구 등촌동,서울특별시 강서구 등촌로51길 14 (등촌동),근린생활1,제1종근린생활시설,1017111319,지번,2,False
1150010300108760001,서울특별시 강서구 화곡동,서울특별시 강서구 강서로10길 90 (화곡동),근린생활2,제2종근린생활시설,101719710,지번,1,False
1150010300107990015,서울특별시 강서구 화곡동,서울특별시 강서구 곰달래로53길 14 (화곡동),근린생활2,제2종근린생활시설,1017113815,지번,1,False
1150010300107890022,서울특별시 강서구 화곡동,서울특별시 강서구 곰달래로54길 37 (화곡동),근린생활1,제1종근린생활시설,1017119380,지번,1,False
1150010100102640031,서울특별시 강서구 염창동,서울특별시 강서구 공항대로65길 78 (염창동),근린생활2,제2종근린생활시설,101719870,지번,1,False
1150010200105140033,서울특별시 강서구 등촌동,서울특별시 강서구 등촌로39가길 19-7 (등촌동),근린생활1,제1종근린생활시설,101717864,지번,1,False
1150010300107720080,서울특별시 강서구 화곡동,서울특별시 강서구 곰달래로59길 56 (화곡동),근린생활2,제2종근린생활시설,1017117339,지번,1,False
1150010300108060011,서울특별시 강서구 화곡동,서울특별시 강서구 곰달래로57길 45-5 (화곡동),근린생활1,제1종근린생활시설,1017110287,지번,1,False
1150010200105150038,서울특별시 강서구 등촌동,서울특별시 강서구 등촌로39길 63-44 (등촌동),근린생활2,제2종근린생활시설,1017121400,지번,1,False
1150010200105210029,서울특별시 강서구 등촌동,서울특별시 강서구 등촌로39길 60 (등촌동),근린생활2,제2종근린생활시설,1017111440,지번,1,False
1150010200105320020,서울특별시 강서구 등촌동,서울특별시 강서구 등촌로55길 29-16 (등촌동),근린생활1,제1종근린생활시설,1000000000000004855173,지번,1,False
1150010200106470044,서울특별시 강서구 등촌동,서울특별시 강서구 공항대로59가길 5-1 (등촌동),근린생활2,제2종근린생활시설,1017117634,지번,1,False
1150010100102420035,서울특별시 강서구 염창동,서울특별시 강서구 양천로 613-1 (염창동),근린생활1,제1종근린생활시설,1017112668,지번,1,False
1150010100102460011,서울특별시 강서구 염창동,서울특별시 강서구 양천로 663-1 (염창동),근린생활1,제1종근린생활시설,101713174,지번,2,False
1150010100102460011,서울특별시 강서구 염창동,서울특별시 강서구 양천로 663-1 (염창동),근린생활1,제1종근린생활시설,101713175,지번,2,False
1150010100102440015,서울특별시 강서구 염창동,서울특별시 강서구 양천로69길 19 (염창동),근린생활1,제1종근린생활시설,101718699,지번,1,False
1150010300111210000,서울특별시 강서구 화곡동,서울특별시 강서구 까치산로 171 (화곡동),근린생활2,제2종근린생활시설,101716235,지번,1,False
1150010300111120020,서울특별시 강서구 화곡동,서울특별시 강서구 공항대로46길 31 (화곡동),근린생활2,제2종근린생활시설,1017116620,지번,1,False
1150010200106530014,서울특별시 강서구 등촌동,서울특별시 강서구 공항대로53가길 23 (등촌동),근린생활1,공동주택,1000000000000002118106,지번,1,False
1150010300111130000,서울특별시 강서구 화곡동,서울특별시 강서구 공항대로46길 25 (화곡동),근린생활2,제2종근린생활시설,101714508,지번,1,False
1150010300111130013,서울특별시 강서구 화곡동,서울특별시 강서구 공항대로46길 13-6 (화곡동),근린생활1,근린생활시설,101719027,지번,1,False
1150010200106460013,서울특별시 강서구 등촌동,서울특별시 강서구 공항대로59길 41 (등촌동),근린생활1,제1종근린생활시설,1017112617,지번,1,False
1150010100102500000,서울특별시 강서구 염창동,서울특별시 강서구 양천로 691-12 (염창동),근린생활2,제2종근린생활시설,101711392,지번,2,False
1150010100102500000,서울특별시 강서구 염창동,서울특별시 강서구 양천로 691-12 (염창동),근린생활2,제1종근린생활시설,101711393,지번,2,False
1150010200106460000,서울특별시 강서구 등촌동,서울특별시 강서구 화곡로66길 190 (등촌동),근린생활1,제1종근린생활시설,101719332,지번,1,False
1150010100102740000,서울특별시 강서구 염창동,서울특별시 강서구 공항대로61길 10 (염창동),근린생활1,제1종근린생활시설,1017110944,지번,1,False
1150010300111130010,서울특별시 강서구 화곡동,서울특별시 강서구 공항대로46길 21 (화곡동),근린생활2,제2종근린생활시설,1017115302,지번,1,False
1150010400114880010,서울특별시 강서구 가양동,서울특별시 강서구 허준로 202-21 (가양동),근린생활2,제2종근린생활시설,101716289,지번,1,False
1150010300111290048,서울특별시 강서구 화곡동,서울특별시 강서구 화곡로58길 73 (화곡동),근린생활1,단독주택,1017115537,지번,1,False
1150010300111310002,서울특별시 강서구 화곡동,서울특별시 강서구 화곡로58길 62 (화곡동),근린생활2,제2종근린생활시설,1017122485,지번,1,False
1150010100100980004,서울특별시 강서구 염창동,서울특별시 강서구 양천로71길 61 (염창동),근린생활1,공동주택,1000000000000001338797,본번,1,False
1150010100102420034,서울특별시 강서구 염창동,서울특별시 강서구 양천로 611 (염창동),근린생활2,제2종근린생활시설,1000000000000005016455,지번,1,False
1150010300108650001,서울특별시 강서구 화곡동,서울특별시 강서구 곰달래로45길 17 (화곡동),근린생활1,제1종근린생활시설,101716183,지번,1,False
1150010400104490009,서울특별시 강서구 가양동,서울특별시 강서구 양천로 537 (가양동),근린생활2,창고시설,101717674,지번,1,False
1150010200105330007,서울특별시 강서구 등촌동,서울특별시 강서구 공항대로58길 10 (등촌동),근린생활2,제2종근린생활시설,101712789,지번,2,False
1150010200105330007,서울특별시 강서구 등촌동,서울특별시 강서구 공항대로58길 10 (등촌동),근린생활2,제2종근린생활시설,101712790,지번,2,False
1150010100102640039,서울특별시 강서구 염창동,서울특별시 강서구 양천로 686 (염창동),근린생활1,제1종근린생활시설,1017112192,지번,1,False
1150010100102490010,서울특별시 강서구 염창동,서울특별시 강서구 양천로 683 (염창동),근린생활1,업무시설,10171100350874,지번,1,False
1150010100102650025,서울특별시 강서구 염창동,서울특별시 강서구 양천로 678 (염창동),근린생활1,제1종근린생활시설,1017122166,지번,1,False
1150010200105060012,서울특별시 강서구 등촌동,서울특별시 강서구 등촌로 233 (등촌동),근린생활2,제2종근린생활시설,101714709,지번,1,False
1150010200106470046,서울특별시 강서구 등촌동,서울특별시 강서구 공항대로59가길 7 (등촌동),근린생활1,제1종근린생활시설,1017110727,지번,1,False
1150010100100200098,서울특별시 강서구 염창동,서울특별시 강서구 양천로65길 41-31 (염창동),근린생활2,자동차관련시설,101719395,지번,1,False
1150010300111130001,서울특별시 강서구 화곡동,서울특별시 강서구 공항대로46길 13-12 (화곡동),근린생활2,제2종근린생활시설,1017116381,지번,1,False
1150010400114860000,서울특별시 강서구 가양동,서울특별시 강서구 허준로 209 (가양동),근린생활1,제1종근린생활시설,101712493,지번,13,False
1150010400114860000,서울특별시 강서구 가양동,서울특별시 강서구 허준로 209 (가양동),근린생활1,판매시설,101712499,지번,13,False
1150010200106410001,서울특별시 강서구 등촌동,서울특별시 강서구 화곡로66길 58 (등촌동),근린생활2,제2종근린생활시설,10171100201225,지번,2,False
1150010200106410001,서울특별시 강서구 등촌동,서울특별시 강서구 화곡로66길 58 (등촌동),근린생활2,업무시설,101715936,지번,2,False
1150010300111130014,서울특별시 강서구 화곡동,서울특별시 강서구 공항대로46길 17 (화곡동),근린생활1,제1종근린생활시설,101714952,지번,1,False
1150010200106490002,서울특별시 강서구 등촌동,서울특별시 강서구 공항대로 497 (등촌동),근린생활1,제1종근린생활시설,1017117863,지번,1,False
1150010200105060026,서울특별시 강서구 등촌동,서울특별시 강서구 등촌로55길 22 (등촌동),근린생활1,제1종근린생활시설,1017114372,지번,1,False
1150010200106540044,서울특별시 강서구 등촌동,서울특별시 강서구 공항대로 437 (등촌동),근린생활1,제1종근린생활시설,101714681,지번,1,False
1150010200106490011,서울특별시 강서구 등촌동,서울특별시 강서구 공항대로 503 (등촌동),근린생활2,제2종근린생활시설,1017126697,지번,1,False
1150010200106440044,서울특별시 강서구 등촌동,서울특별시 강서구 공항대로53길 16 (등촌동),근린생활1,제1종근린생활시설,1017122609,지번,1,False
1150010100102750008,서울특별시 강서구 염창동,서울특별시 강서구 공항대로65길 26 (염창동),근린생활2,제2종근린생활시설,1017118977,지번,1,False
1150010200106520015,서울특별시 강서구 등촌동,서울특별시 강서구 공항대로53가길 7 (등촌동),근린생활2,제2종근린생활시설,1017119610,지번,1,False
1150010100102440039,서울특별시 강서구 염창동,서울특별시 강서구 양천로 653 (염창동),근린생활1,제1종근린생활시설,1017114733,지번,1,False
1150010100102720009,서울특별시 강서구 염창동,서울특별시 강서구 공항대로 549 (염창동),근린생활1,제1종근린생활시설,101718973,지번,1,False
1150010100102420014,서울특별시 강서구 염창동,서울특별시 강서구 양천로 615-10 (염창동),근린생활2,제2종근린생활시설,101714336,지번,2,False
1150010100102480002,서울특별시 강서구 염창동,서울특별시 강서구 양천로 669 (염창동),근린생활2,제2종근린생활시설,1017119915,지번,1,False
1150010100101020042,서울특별시 강서구 염창동,서울특별시 강서구 양천로71길 65 (염창동),근린생활1,제1종근린생활시설,1017116304,지번,1,False
1150010100101100013,서울특별시 강서구 염창동,서울특별시 강서구 양천로73길 56-5 (염창동),근린생활2,제2종근린생활시설,1017114497,지번,1,False
1150010200106460016,서울특별시 강서구 등촌동,서울특별시 강서구 공항대로59길 37 (등촌동),근린생활1,제1종근린생활시설,1017123715,지번,1,False
1150010300111140032,서울특별시 강서구 화곡동,서울특별시 강서구 까치산로 189 (화곡동),근린생활2,제2종근린생활시설,1017116362,지번,1,False
1150010300108860007,서울특별시 강서구 화곡동,서울특별시 강서구 국회대로7길 149 (화곡동),근린생활1,제1종근린생활시설,1017118969,지번,1,False
1150010300108720017,서울특별시 강서구 화곡동,서울특별시 강서구 곰달래로 177 (화곡동),근린생활1,제1종근린생활시설,1017124476,지번,1,False
1150010300108860020,서울특별시 강서구 화곡동,서울특별시 강서구 국회대로 159 (화곡동),근린생활1,제1종근린생활시설,1017115340,지번,1,False
1150010200106330024,서울특별시 강서구 등촌동,서울특별시 강서구 공항대로59다길 39 (등촌동),근린생활1,업무시설,10171100336032,지번,2,False
1150010200106330024,서울특별시 강서구 등촌동,서울특별시 강서구 공항대로59다길 39 (등촌동),근린생활1,업무시설,10171100336163,지번,2,False
1150010400104490001,서울특별시 강서구 가양동,서울특별시 강서구 양천로 537 (가양동),근린생활2,제2종근린생활시설,101712056,지번,6,False
1150010400104490001,서울특별시 강서구 가양동,서울특별시 강서구 양천로 537 (가양동),근린생활2,판매시설,101712061,지번,6,False
1150010200106410003,서울특별시 강서구 등촌동,서울특별시 강서구 화곡로66길 76 (등촌동),근린생활2,제2종근린생활시설,1017123010,지번,1,False
1150010200105050006,서울특별시 강서구 등촌동,서울특별시 강서구 등촌로 235 (등촌동),근린생활1,제1종근린생활시설,1017115748,지번,1,False
1150010300111140029,서울특별시 강서구 화곡동,서울특별시 강서구 공항대로46길 13 (화곡동),근린생활2,제2종근린생활시설,1017127283,지번,1,False
1150010200106540050,서울특별시 강서구 등촌동,서울특별시 강서구 공항대로 441 (등촌동),근린생활1,제1종근린생활시설,1017120502,지번,1,False
1150010200106540066,서울특별시 강서구 등촌동,서울특별시 강서구 공항대로 449 (등촌동),근린생활1,제1종근린생활시설,1017118469,지번,1,False
1150010300111140022,서울특별시 강서구 화곡동,서울특별시 강서구 까치산로 191 (화곡동),근린생활2,제2종근린생활시설,1017115109,지번,1,False
1150010400114880004,서울특별시 강서구 가양동,서울특별시 강서구 허준로 202-18 (가양동),근린생활1,제1종근린생활시설,1017121061,지번,1,False
1150010200106540062,서울특별시 강서구 등촌동,서울특별시 강서구 공항대로 443 (등촌동),근린생활1,제1종근린생활시설,1017112338,지번,1,False
1150010200106330003,서울특별시 강서구 등촌동,서울특별시 강서구 양천로 616 (등촌동),근린생활1,제1종근린생활시설,1017116099,지번,1,False
1150010100102480006,서울특별시 강서구 염창동,서울특별시 강서구 양천로 675 (염창동),근린생활2,제2종근린생활시설,101719724,지번,1,False
1150010400114710000,서울특별시 강서구 가양동,서울특별시 강서구 허준로5길 42 (가양동),근린생활1,제1종근린생활시설,1017110877,지번,1,False
1150010200106350015,서울특별시 강서구 등촌동,서울특별시 강서구 공항대로59길 65 (등촌동),근린생활2,자동차관련시설,1017113718,지번,1,False
1150010100100200037,서울특별시 강서구 염창동,서울특별시 강서구 양천로63길 68 (염창동),근린생활2,제2종근린생활시설,101717551,지번,1,False
1150010200106320002,서울특별시 강서구 등촌동,서울특별시 강서구 양천로 590 (등촌동),근린생활2,제2종근린생활시설,10171990,지번,4,False
1150010200106460041,서울특별시 강서구 등촌동,서울특별시 강서구 공항대로57길 31 (등촌동),근린생활1,제1종근린생활시설,101717822,지번,1,False
1150010400114880006,서울특별시 강서구 가양동,서울특별시 강서구 허준로 202-26 (가양동),근린생활2,제2종근린생활시설,1017126035,지번,1,False
1150010100102640000,서울특별시 강서구 염창동,서울특별시 강서구 양천로 682 (염창동),근린생활2,제2종근린생활시설,1017119046,지번,1,False
1150010100102490003,서울특별시 강서구 염창동,서울특별시 강서구 양천로 691-11 (염창동),근린생활1,제1종근린생활시설,1017116196,지번,1,False
1150010100102480001,서울특별시 강서구 염창동,서울특별시 강서구 양천로71길 8 (염창동),근린생활2,제2종근린생활시설,1017117220,지번,1,False
1150010100102490005,서울특별시 강서구 염창동,서울특별시 강서구 양천로 689 (염창동),근린생활2,제2종근린생활시설,1017114569,지번,1,False
1150010200106520016,서울특별시 강서구 등촌동,서울특별시 강서구 공항대로53가길 1 (등촌동),근린생활2,제2종근린생활시설,101718992,지번,1,False
1150010100102720027,서울특별시 강서구 염창동,서울특별시 강서구 공항대로65길 37 (염창동),근린생활2,제2종근린생활시설,1017118811,지번,1,False
1150010100102490008,서울특별시 강서구 염창동,서울특별시 강서구 양천로 687 (염창동),근린생활2,제2종근린생활시설,101719691,지번,1,False
1150010200106470003,서울특별시 강서구 등촌동,서울특별시 강서구 공항대로59다길 10 (등촌동),근린생활2,제2종근린생활시설,1017124147,지번,1,False
1150010200106490010,서울특별시 강서구 등촌동,서울특별시 강서구 공항대로 501 (등촌동),근린생활2,제2종근린생활시설,1017117834,지번,1,False
1150010200106330006,서울특별시 강서구 등촌동,서울특별시 강서구 양천로 624 (등촌동),근린생활2,제1종근린생활시설,1000000000000001600381,지번,1,False
1150010100102420022,서울특별시 강서구 염창동,서울특별시 강서구 양천로 619 (염창동),근린생활1,제1종근린생활시설,101719383,지번,1,False
1150010300111260000,서울특별시 강서구 화곡동,서울특별시 강서구 공항대로48길 9 (화곡동),근린생활2,제2종근린생활시설,1017112471,지번,1,False
1150010100102730008,서울특별시 강서구 염창동,서울특별시 강서구 공항대로61길 22 (염창동),근린생활2,제2종근린생활시설,1017110247,지번,1,False
1150010200106310009,서울특별시 강서구 등촌동,서울특별시 강서구 공항대로59길 103 (등촌동),근린생활1,제1종근린생활시설,10171987,지번,4,False
1150010400114850005,서울특별시 강서구 가양동,서울특별시 강서구 허준로 221-40 (가양동),근린생활1,제1종근린생활시설,101716392,지번,1,False
1150010100102480008,서울특별시 강서구 염창동,서울특별시 강서구 양천로71길 14 (염창동),근린생활1,제1종근린생활시설,101714337,지번,2,False
1150010200106470062,서울특별시 강서구 등촌동,서울특별시 강서구 공항대로59가길 13 (등촌동),근린생활2,제2종근린생활시설,101714691,지번,1,False
1150010100102720008,서울특별시 강서구 염창동,서울특별시 강서구 공항대로65길 1-5 (염창동),근린생활2,제2종근린생활시설,1017115524,지번,1,False
1150010200106560007,서울특별시 강서구 등촌동,서울특별시 강서구 화곡로 376 (등촌동),근린생활1,제1종근린생활시설,1017120812,지번,1,False
1150010200106550042,서울특별시 강서구 등촌동,서울특별시 강서구 공항대로 431 (등촌동),근린생활1,판매시설,10171100319450,지번,1,False
1150010200106510014,서울특별시 강서구 등촌동,서울특별시 강서구 공항대로 481 (등촌동),근린생활1,제1종근린생활시설,1017116466,지번,1,False
1150010200106530016,서울특별시 강서구 등촌동,서울특별시 강서구 공항대로 461-5 (등촌동),근린생활2,제2종근린생활시설,1017116117,지번,1,False
1150010200106480000,서울특별시 강서구 등촌동,서울특별시 강서구 공항대로59길 8 (등촌동),근린생활2,제2종근린생활시설,1017126938,지번,1,False
1150010300111290009,서울특별시 강서구 화곡동,서울특별시 강서구 화곡로58길 69 (화곡동),근린생활2,제2종근린생활시설,1017121268,지번,1,False
1150010200106520009,서울특별시 강서구 등촌동,서울특별시 강서구 공항대로 465 (등촌동),근린생활1,제1종근린생활시설,101713720,지번,2,False
1150010200105080003,서울특별시 강서구 등촌동,서울특별시 강서구 등촌로55길 13 (등촌동),근린생활2,제2종근린생활시설,1017124826,지번,1,False
1150010300111290005,서울특별시 강서구 화곡동,서울특별시 강서구 화곡로58길 67 (화곡동),근린생활1,제1종근린생활시설,1017111035,지번,1,False
1150010200106510009,서울특별시 강서구 등촌동,서울특별시 강서구 공항대로 479 (등촌동),근린생활1,제1종근린생활시설,101716094,지번,1,False
1150010100102420042,서울특별시 강서구 염창동,서울특별시 강서구 양천로 617 (염창동),근린생활2,제2종근린생활시설,1017113023,지번,1,False
1150010100102640033,서울특별시 강서구 염창동,서울특별시 강서구 공항대로65길 82 (염창동),근린생활2,제2종근린생활시설,1017110867,지번,1,False
1150010100103060000,서울특별시 강서구 염창동,서울특별시 강서구 양천로73길 24 (염창동),근린생활1,제1종근린생활시설,10171100205327,지번,3,False
1150010100102410027,서울특별시 강서구 염창동,서울특별시 강서구 양천로65길 7 (염창동),근린생활2,제2종근린생활시설,1017117970,지번,1,False
1150010200106310005,서울특별시 강서구 등촌동,서울특별시 강서구 양천로 570 (등촌동),판매시설,공장,1000000000000000494234,지번,1,False
1150010200106440000,서울특별시 강서구 등촌동,서울특별시 강서구 공항대로53길 38 (등촌동),근린생활1,제1종근린생활시설,1017118047,지번,1,False
1150010200105330004,서울특별시 강서구 등촌동,서울특별시 강서구 공항대로58가길 2 (등촌동),근린생활2,제2종근린생활시설,101715152,지번,1,False
1150010200106330044,서울특별시 강서구 등촌동,서울특별시 강서구 공항대로59다길 29 (등촌동),근린생활2,제2종근린생활시설,101716902,지번,1,False
1150010400114880005,서울특별시 강서구 가양동,서울특별시 강서구 허준로 202-22 (가양동),근린생활2,제2종근린생활시설,101716766,지번,1,False
1150010100102500017,서울특별시 강서구 염창동,서울특별시 강서구 양천로 693 (염창동),근린생활1,제1종근린생활시설,101718268,지번,1,False
1150010200106440030,서울특별시 강서구 등촌동,서울특별시 강서구 공항대로55길 17 (등촌동),근린생활2,제2종근린생활시설,1017111906,지번,1,False
1150010200106470039,서울특별시 강서구 등촌동,서울특별시 강서구 공항대로59길 20 (등촌동),근린생활2,제2종근린생활시설,1017121551,지번,1,False
1150010200106450000,서울특별시 강서구 등촌동,서울특별시 강서구 화곡로66길 162 (등촌동),근린생활2,제2종근린생활시설,1017112613,지번,1,False
1150010100102650003,서울특별시 강서구 염창동,서울특별시 강서구 양천로 660 (염창동),근린생활1,제1종근린생활시설,10171100331072,지번,1,False
1150010100101070008,서울특별시 강서구 염창동,서울특별시 강서구 양천로73길 90 (염창동),근린생활1,제1종근린생활시설,101715927,지번,1,False
1150010200106540060,서울특별시 강서구 등촌동,서울특별시 강서구 공항대로 447 (등촌동),근린생활1,제1종근린생활시설,1017121361,지번,1,False
1150010100102430001,서울특별시 강서구 염창동,서울특별시 강서구 양천로65길 33 (염창동),근린생활2,제2종근린생활시설,1017114821,지번,1,False
1150010200106360000,서울특별시 강서구 등촌동,서울특별시 강서구 화곡로68길 132 (등촌동),근린생활1,제1종근린생활시설,1017124828,지번,1,False
1150010200106470027,서울특별시 강서구 등촌동,서울특별시 강서구 공항대로59길 26 (등촌동),근린생활1,제1종근린생활시설,1017110361,지번,1,False
1150010200106540081,서울특별시 강서구 등촌동,서울특별시 강서구 공항대로51길 13 (등촌동),근린생활1,제1종근린생활시설,1017116082,지번,1,False
1150010200106330043,서울특별시 강서구 등촌동,서울특별시 강서구 공항대로59다길 33 (등촌동),근린생활1,제1종근린생활시설,101714891,지번,1,False
1150010200105330003,서울특별시 강서구 등촌동,서울특별시 강서구 공항대로 508 (등촌동),근린생활2,제2종근린생활시설,1017116938,지번,1,False
1150010300111330008,서울특별시 강서구 화곡동,서울특별시 강서구 까치산로 166 (화곡동),근린생활2,제2종근린생활시설,1017117284,지번,1,False
1150010200100770020,서울특별시 강서구 등촌동,서울특별시 강서구 양천로 488 (등촌동),근린생활1,제1종근린생활시설,1017112142,지번,1,False
1150010200106390000,서울특별시 강서구 등촌동,서울특별시 강서구 화곡로 404 (등촌동),근린생활1,제1종근린생활시설,1017124148,지번,1,False
1150010100100950024,서울특별시 강서구 염창동,서울특별시 강서구 양천로73길 33 (염창동),근린생활1,제1종근린생활시설,1017125031,지번,1,False
1150010200106470064,서울특별시 강서구 등촌동,서울특별시 강서구 공항대로59가길 17 (등촌동),근린생활2,제2종근린생활시설,1017126504,지번,1,False
1150010100102420029,서울특별시 강서구 염창동,서울특별시 강서구 양천로 623 (염창동),근린생활1,제1종근린생활시설,1017123536,지번,1,False
1150010200200360004,서울특별시 강서구 등촌동,서울특별시 강서구 공항대로 484-23 (등촌동),근린생활2,제2종근린생활시설,1017118809,지번,1,False
1150010400114880007,서울특별시 강서구 가양동,서울특별시 강서구 양천로59길 42 (가양동),근린생활2,제2종근린생활시설,1017117014,지번,1,False
1150010200106530019,서울특별시 강서구 등촌동,서울특별시 강서구 공항대로 459 (등촌동),근린생활2,제2종근린생활시설,10171100201173,지번,1,False
1150010200106480011,서울특별시 강서구 등촌동,서울특별시 강서구 공항대로59가길 10 (등촌동),근린생활2,업무시설,10171100333192,지번,1,False
1150010100100950010,서울특별시 강서구 염창동,서울특별시 강서구 양천로73길 15 (염창동),근린생활2,제2종근린생활시설,10171100200233,지번,1,False
1150010100102670022,서울특별시 강서구 염창동,서울특별시 강서구 공항대로59다길 95 (염창동),근린생활1,공장,1000000000000007041954,지번,1,False
1150010100102170010,서울특별시 강서구 염창동,서울특별시 강서구 양천로67길 93-22 (염창동),근린생활1,자원순환관련시설,10171100343633,지번,1,False
1150010200106540058,서울특별시 강서구 등촌동,서울특별시 강서구 공항대로51길 17 (등촌동),근린생활1,제1종근린생활시설,1017115935,지번,1,False
1150010400114940000,서울특별시 강서구 가양동,서울특별시 강서구 양천로61길 62 (가양동),근린생활2,제2종근린생활시설,101719758,지번,1,False
1150010200106480005,서울특별시 강서구 등촌동,서울특별시 강서구 공항대로59가길 14 (등촌동),근린생활2,공동주택,10171100334712,지번,1,False
1150010100200300001,서울특별시 강서구 염창동,서울특별시 강서구 양천로61길 102 (염창동),근린생활1,제1종근린생활시설,1017113595,지번,1,False
1150010200106470007,서울특별시 강서구 등촌동,서울특별시 강서구 공항대로59길 38 (등촌동),근린생활1,제1종근린생활시설,101717347,지번,1,False
1150010300111150035,서울특별시 강서구 화곡동,서울특별시 강서구 화곡로58길 39 (화곡동),근린생활2,제2종근린생활시설,1017116929,지번,1,False
1150010300111210002,서울특별시 강서구 화곡동,서울특별시 강서구 화곡로58길 34 (화곡동),근린생활1,제1종근린생활시설,1017113005,지번,1,False
1150010200106560048,서울특별시 강서구 등촌동,서울특별시 강서구 공항대로45길 11 (등촌동),근린생활1,제1종근린생활시설,1017110937,지번,1,False
1150010200106550028,서울특별시 강서구 등촌동,서울특별시 강서구 공항대로45길 12 (등촌동),근린생활2,제2종근린생활시설,1017122524,지번,1,False
1150010200106280003,서울특별시 강서구 등촌동,서울특별시 강서구 화곡로 418 (등촌동),근린생활1,제1종근린생활시설,1017111936,지번,1,False
1150010300111150023,서울특별시 강서구 화곡동,서울특별시 강서구 화곡로60길 26 (화곡동),근린생활2,제2종근린생활시설,1017120805,지번,1,False
1150010200106440012,서울특별시 강서구 등촌동,서울특별시 강서구 공항대로55길 33 (등촌동),근린생활1,제1종근린생활시설,101714896,지번,1,False
1150010300111310006,서울특별시 강서구 화곡동,서울특별시 강서구 화곡로58길 55 (화곡동),근린생활1,제1종근린생활시설,1017115361,지번,1,False
1150010200106360021,서울특별시 강서구 등촌동,서울특별시 강서구 화곡로66길 145 (등촌동),근린생활2,제2종근린생활시설,1017122077,지번,1,False
1150010200106550037,서울특별시 강서구 등촌동,서울특별시 강서구 공항대로 423 (등촌동),근린생활2,제2종근린생활시설,1017115058,지번,1,False
1150010400100140003,서울특별시 강서구 가양동,서울특별시 강서구 양천로 489 (가양동),근린생활1,제1종근린생활시설,101711680,지번,5,False
1150010200106430074,서울특별시 강서구 등촌동,서울특별시 강서구 공항대로53가길 4 (등촌동),근린생활1,제1종근린생활시설,1017123384,지번,1,False
1150010200106540088,서울특별시 강서구 등촌동,서울특별시 강서구 공항대로49길 8 (등촌동),근린생활2,제2종근린생활시설,1017127380,지번,1,False
1150010200105080001,서울특별시 강서구 등촌동,서울특별시 강서구 등촌로55길 21 (등촌동),근린생활2,제2종근린생활시설,1017122364,지번,1,False
1150010100102640006,서울특별시 강서구 염창동,서울특별시 강서구 양천로 690 (염창동),근린생활1,제1종근린생활시설,10171100208462,지번,1,False
1150010400114800000,서울특별시 강서구 가양동,서울특별시 강서구 양천로57길 16 (가양동),근린생활2,제2종근린생활시설,1017127436,지번,1,False
1150010100102710013,서울특별시 강서구 염창동,서울특별시 강서구 양천로 646-32 (염창동),근린생활2,제2종근린생활시설,1017126857,지번,1,False
1150010100102700000,서울특별시 강서구 염창동,서울특별시 강서구 양천로 628 (염창동),근린생활1,제1종근린생활시설,1017114867,지번,1,False
1150010100102650000,서울특별시 강서구 염창동,서울특별시 강서구 양천로 658 (염창동),근린생활2,제2종근린생활시설,1017110935,지번,1,False
1150010200106530022,서울특별시 강서구 등촌동,서울특별시 강서구 공항대로 461-15 (등촌동),근린생활2,제2종근린생활시설,101716567,지번,1,False
1150010200105340003,서울특별시 강서구 등촌동,서울특별시 강서구 공항대로 478 (등촌동),근린생활1,제1종근린생활시설,1017118549,지번,1,False
1150010200106370010,서울특별시 강서구 등촌동,서울특별시 강서구 화곡로68길 120 (등촌동),판매시설,판매시설,1017123456,지번,1,False
1150010300111130003,서울특별시 강서구 화곡동,서울특별시 강서구 공항대로46길 13-20 (화곡동),근린생활2,제2종근린생활시설,10171100182265,지번,1,False
1150010300111150018,서울특별시 강서구 화곡동,서울특별시 강서구 화곡로58길 33 (화곡동),근린생활1,제1종근린생활시설,1017115744,지번,1,False
1150010300111140027,서울특별시 강서구 화곡동,서울특별시 강서구 공항대로46길 13-3 (화곡동),근린생활2,제2종근린생활시설,1017117216,지번,1,False
1150010300111130018,서울특별시 강서구 화곡동,서울특별시 강서구 공항대로46길 25-5 (화곡동),근린생활2,제2종근린생활시설,101718966,지번,1,False
1150010300111120002,서울특별시 강서구 화곡동,서울특별시 강서구 공항대로46길 25-10 (화곡동),근린생활2,제2종근린생활시설,1017114317,지번,1,False
1150010400104480000,서울특별시 강서구 가양동,서울특별시 강서구 양천로 497 (가양동),근린생활1,제1종근린생활시설,101711521,지번,3,False
1150010300111130012,서울특별시 강서구 화곡동,서울특별시 강서구 공항대로46길 13-10 (화곡동),근린생활2,제2종근린생활시설,1017124914,지번,1,False
1150010200106410008,서울특별시 강서구 등촌동,서울특별시 강서구 화곡로64길 63 (등촌동),근린생활2,업무시설,10171100351995,지번,2,False
1150010200106410008,서울특별시 강서구 등촌동,서울특별시 강서구 화곡로64길 63 (등촌동),근린생활2,업무시설,10171100352044,지번,2,False
1150010200106550021,서울특별시 강서구 등촌동,서울특별시 강서구 공항대로45나길 41 (등촌동),근린생활2,제2종근린생활시설,1017113795,지번,1,False
1150010200106540016,서울특별시 강서구 등촌동,서울특별시 강서구 공항대로51길 17-7 (등촌동),근린생활1,제1종근린생활시설,1017123935,지번,1,False
1150010200106430071,서울특별시 강서구 등촌동,서울특별시 강서구 공항대로53길 23 (등촌동),근린생활1,공동주택,10171100303392,지번,1,False
1150010300111330010,서울특별시 강서구 화곡동,서울특별시 강서구 까치산로 164 (화곡동),근린생활2,제2종근린생활시설,1017127753,지번,1,False
1150010200106530000,서울특별시 강서구 등촌동,서울특별시 강서구 공항대로51길 24 (등촌동),근린생활1,공동주택,10171100300673,지번,2,True
1150010200106530000,서울특별시 강서구 등촌동,서울특별시 강서구 공항대로51길 24 (등촌동),근린생활1,공동주택,10171100300690,지번,2,True
1150010200106540017,서울특별시 강서구 등촌동,서울특별시 강서구 공항대로49길 5-17 (등촌동),근린생활1,단독주택,10171100321672,지번,1,False
1150010200106390001,서울특별시 강서구 등촌동,서울특별시 강서구 화곡로 402 (등촌동),근린생활2,제2종근린생활시설,1017120686,지번,1,False
1150010200106560005,서울특별시 강서구 등촌동,서울특별시 강서구 화곡로 378 (등촌동),근린생활2,제2종근린생활시설,1017120092,지번,1,False
1150010200106450009,서울특별시 강서구 등촌동,서울특별시 강서구 공항대로55길 14 (등촌동),근린생활1,제1종근린생활시설,1017124980,지번,1,False
1150010200106560058,서울특별시 강서구 등촌동,서울특별시 강서구 공항대로45길 25 (등촌동),근린생활2,업무시설,10171100311468,지번,1,False
1150010100102420017,서울특별시 강서구 염창동,서울특별시 강서구 양천로 615 (염창동),근린생활2,제2종근린생활시설,101719414,지번,1,False
1150010200106470009,서울특별시 강서구 등촌동,서울특별시 강서구 공항대로59길 36 (등촌동),근린생활2,제2종근린생활시설,1017126816,지번,1,False
1150010100102420007,서울특별시 강서구 염창동,서울특별시 강서구 양천로65길 42 (염창동),근린생활2,제2종근린생활시설,1017110661,지번,1,False
1150010100102670018,서울특별시 강서구 염창동,서울특별시 강서구 양천로 646-31 (염창동),근린생활2,제2종근린생활시설,1017120984,지번,1,False
1150010200106320009,서울특별시 강서구 등촌동,서울특별시 강서구 양천로 606 (등촌동),근린생활1,제1종근린생활시설,1017120989,지번,1,False
1150010200106430031,서울특별시 강서구 등촌동,서울특별시 강서구 공항대로53길 31 (등촌동),근린생활1,제1종근린생활시설,1017120360,지번,1,False
1150010200106280007,서울특별시 강서구 등촌동,서울특별시 강서구 화곡로68길 15 (등촌동),판매시설,공장,10171100314992,지번,1,False
1150010300111120019,서울특별시 강서구 화곡동,서울특별시 강서구 공항대로46길 25-8 (화곡동),근린생활2,제2종근린생활시설,1017111083,지번,1,False
1150010200106430024,서울특별시 강서구 등촌동,서울특별시 강서구 공항대로53길 33 (등촌동),근린생활1,제1종근린생활시설,1017112121,지번,1,False
1150010300111290022,서울특별시 강서구 화곡동,서울특별시 강서구 까치산로 180 (화곡동),근린생활1,제1종근린생활시설,1017123516,지번,1,False
1150010200106430000,서울특별시 강서구 등촌동,서울특별시 강서구 화곡로66길 112 (등촌동),근린생활1,공동주택,1000000000000000309289,지번,1,False
1150010200106430054,서울특별시 강서구 등촌동,서울특별시 강서구 공항대로53가길 40 (등촌동),근린생활1,단독주택,10171100323232,지번,1,False
1150010300111210020,서울특별시 강서구 화곡동,서울특별시 강서구 까치산로 161 (화곡동),근린생활1,제1종근린생활시설,1017123887,지번,1,False
1150010300111140007,서울특별시 강서구 화곡동,서울특별시 강서구 까치산로 183 (화곡동),근린생활2,제2종근린생활시설,1017123703,지번,1,False
1150010100102730013,서울특별시 강서구 염창동,서울특별시 강서구 공항대로61길 16 (염창동),근린생활2,제2종근린생활시설,1017121943,지번,1,False
1150010100102730030,서울특별시 강서구 염창동,서울특별시 강서구 공항대로61길 10-11 (염창동),근린생활1,제1종근린생활시설,101718254,지번,1,False
1150010100102410028,서울특별시 강서구 염창동,서울특별시 강서구 양천로 603-6 (염창동),근린생활1,제1종근린생활시설,1017128752,지번,1,False
1150010200106470024,서울특별시 강서구 등촌동,서울특별시 강서구 공항대로59길 32 (등촌동),근린생활2,제2종근린생활시설,1017115940,지번,1,False
1150010200106480004,서울특별시 강서구 등촌동,서울특별시 강서구 공항대로 519 (등촌동),근린생활2,제2종근린생활시설,1017123473,지번,1,False
1150010100102420025,서울특별시 강서구 염창동,서울특별시 강서구 양천로67길 7 (염창동),근린생활1,제1종근린생활시설,101717002,지번,1,False
1150010200106540095,서울특별시 강서구 등촌동,서울특별시 강서구 화곡로64길 68 (등촌동),근린생활1,제1종근린생활시설,1017123861,지번,1,False
1150010300111310019,서울특별시 강서구 화곡동,서울특별시 강서구 까치산로 176 (화곡동),근린생활1,제1종근린생활시설,101714679,지번,1,False
1150010300111320000,서울특별시 강서구 화곡동,서울특별시 강서구 까치산로 170-1 (화곡동),근린생활1,제1종근린생활시설,1017127807,지번,1,False
1150010300111150019,서울특별시 강서구 화곡동,서울특별시 강서구 화곡로58길 29 (화곡동),근린생활2,제2종근린생활시설,1017115456,지번,1,False
1150010200106440001,서울특별시 강서구 등촌동,서울특별시 강서구 화곡로66길 142 (등촌동),근린생활2,제2종근린생활시설,1017121958,지번,1,False
1150010200106470074,서울특별시 강서구 등촌동,서울특별시 강서구 공항대로59가길 23 (등촌동),근린생활1,제1종근린생활시설,101717146,지번,1,False
1150010300111330011,서울특별시 강서구 화곡동,서울특별시 강서구 까치산로 162 (화곡동),근린생활1,제1종근린생활시설,1017120689,지번,1,False
1150010300111150033,서울특별시 강서구 화곡동,서울특별시 강서구 화곡로60길 38 (화곡동),근린생활2,제2종근린생활시설,1017128315,지번,1,False
1150010200106500000,서울특별시 강서구 등촌동,서울특별시 강서구 공항대로55길 10 (등촌동),근린생활1,제1종근린생활시설,101719551,지번,1,False
1150010400114930000,서울특별시 강서구 가양동,서울특별시 강서구 양천로61길 101 (가양동),근린생활1,제1종근린생활시설,1017120709,지번,2,False
1150010300104660009,서울특별시 강서구 화곡동,서울특별시 강서구 곰달래로49길 130 (화곡동),근린생활1,제1종근린생활시설,1017110768,지번,1,False
1150010200105070012,서울특별시 강서구 등촌동,서울특별시 강서구 등촌로55길 11-11 (등촌동),근린생활2,제2종근린생활시설,1017116982,지번,1,False
1150010300108380010,서울특별시 강서구 화곡동,서울특별시 강서구 곰달래로51길 14 (화곡동),근린생활2,제2종근린생활시설,101719817,지번,1,False
1150010200105070001,서울특별시 강서구 등촌동,서울특별시 강서구 등촌로 229 (등촌동),근린생활2,제2종근린생활시설,1000000000000000298280,지번,1,False
1150010200106520001,서울특별시 강서구 등촌동,서울특별시 강서구 공항대로53가길 15 (등촌동),근린생활1,제1종근린생활시설,1017116536,지번,1,False
1150010100100530001,서울특별시 강서구 염창동,서울특별시 강서구 양천로67가길 63 (염창동),근린생활1,제1종근린생활시설,1017125516,지번,1,False
1150010400114880001,서울특별시 강서구 가양동,서울특별시 강서구 허준로 202 (가양동),근린생활1,제1종근린생활시설,101717647,지번,1,False
1150010100100750002,서울특별시 강서구 염창동,서울특별시 강서구 양천로67길 93-9 (염창동),근린생활1,제1종근린생활시설,1017128700,지번,1,False
1150010100102970000,서울특별시 강서구 염창동,서울특별시 강서구 양천로71길 38 (염창동),근린생활1,제1종근린생활시설,101711304,지번,6,False
1150010300111310020,서울특별시 강서구 화곡동,서울특별시 강서구 까치산로 172 (화곡동),근린생활1,제1종근린생활시설,1017110265,지번,1,False
1150010300111140028,서울특별시 강서구 화곡동,서울특별시 강서구 공항대로46길 13-1 (화곡동),근린생활2,제2종근린생활시설,1017128036,지번,1,False
1150010300111320003,서울특별시 강서구 화곡동,서울특별시 강서구 까치산로 168-1 (화곡동),근린생활1,제1종근린생활시설,1017116592,지번,1,False
1150010200106290001,서울특별시 강서구 등촌동,서울특별시 강서구 양천로 532 (등촌동),근린생활2,공장,1000000000000001569662,지번,1,False
1150010400104500001,서울특별시 강서구 가양동,서울특별시 강서구 양천로59길 24 (가양동),근린생활2,제2종근린생활시설,101716725,지번,1,False
1150010200106300007,서울특별시 강서구 등촌동,서울특별시 강서구 화곡로68길 91 (등촌동),근린생활2,제2종근린생활시설,1017117942,지번,1,False
1150010300111140005,서울특별시 강서구 화곡동,서울특별시 강서구 까치산로 189-1 (화곡동),근린생활2,제2종근린생활시설,1017117390,지번,1,False
1150010100102980000,서울특별시 강서구 염창동,서울특별시 강서구 양천로71가길 22 (염창동),근린생활2,제2종근린생활시설,101711495,지번,4,False
1150010100102460010,서울특별시 강서구 염창동,서울특별시 강서구 양천로 667 (염창동),근린생활2,제2종근린생활시설,10171100354775,지번,1,False
1150010200106330029,서울특별시 강서구 등촌동,서울특별시 강서구 공항대로61길 39 (등촌동),근린생활1,제1종근린생활시설,1017113444,지번,1,False
1150010200105050001,서울특별시 강서구 등촌동,서울특별시 강서구 공항대로 510 (등촌동),근린생활2,제2종근린생활시설,1017117237,지번,1,False
1150010200105060013,서울특별시 강서구 등촌동,서울특별시 강서구 등촌로 231 (등촌동),근린생활2,제2종근린생활시설,1017119242,지번,1,False
1150010100102410031,서울특별시 강서구 염창동,서울특별시 강서구 양천로 607 (염창동),근린생활1,제1종근린생활시설,1017127687,지번,1,False
1150010100102440016,서울특별시 강서구 염창동,서울특별시 강서구 양천로69길 15 (염창동),근린생활2,제2종근린생활시설,1017116813,지번,1,False
1150010100102430004,서울특별시 강서구 염창동,서울특별시 강서구 양천로65길 37 (염창동),근린생활2,제2종근린생활시설,10171100209289,지번,1,False
1150010200106300012,서울특별시 강서구 등촌동,서울특별시 강서구 양천로 556 (등촌동),근린생활1,제1종근린생활시설,1017117875,지번,1,False
1150010100100960004,서울특별시 강서구 염창동,서울특별시 강서구 양천로73길 52 (염창동),근린생활2,제2종근린생활시설,101718875,지번,1,False
1150010100102670019,서울특별시 강서구 염창동,서울특별시 강서구 공항대로59다길 85 (염창동),근린생활2,제2종근린생활시설,1017113934,지번,1,False
1150010300111130009,서울특별시 강서구 화곡동,서울특별시 강서구 공항대로46길 25-3 (화곡동),근린생활2,제2종근린생활시설,101717646,지번,1,False
1150010200106410012,서울특별시 강서구 등촌동,서울특별시 강서구 양천로60길 60 (등촌동),근린생활1,업무시설,1000000000000003055594,지번,1,False
1150010100102410014,서울특별시 강서구 염창동,서울특별시 강서구 양천로 603-1 (염창동),근린생활2,제2종근린생활시설,1000000000000003860053,지번,1,False
1150010200106430032,서울특별시 강서구 등촌동,서울특별시 강서구 공항대로53길 27 (등촌동),근린생활1,제1종근린생활시설,101717602,지번,1,False
1150010100102460008,서울특별시 강서구 염창동,서울특별시 강서구 양천로71길 9 (염창동),근린생활1,제1종근린생활시설,1017116688,지번,1,False
1150010200106470037,서울특별시 강서구 등촌동,서울특별시 강서구 공항대로59길 22 (등촌동),근린생활2,제2종근린생활시설,1017126716,지번,1,False
1150010100102650023,서울특별시 강서구 염창동,서울특별시 강서구 양천로 674 (염창동),근린생활1,제1종근린생활시설,1017122118,지번,1,False
1150010100102730015,서울특별시 강서구 염창동,서울특별시 강서구 공항대로61길 10-1 (염창동),근린생활1,제1종근린생활시설,1017124289,지번,1,False
1150010100102640008,서울특별시 강서구 염창동,서울특별시 강서구 양천로 694 (염창동),근린생활2,제2종근린생활시설,1017127583,지번,1,False
1150010300111130016,서울특별시 강서구 화곡동,서울특별시 강서구 공항대로46길 13-18 (화곡동),근린생활2,제2종근린생활시설,1017127832,지번,1,False
1150010100102730014,서울특별시 강서구 염창동,서울특별시 강서구 공항대로61길 14 (염창동),근린생활2,제2종근린생활시설,1017114475,지번,1,False
1150010100102410015,서울특별시 강서구 염창동,서울특별시 강서구 양천로 603-7 (염창동),근린생활1,제1종근린생활시설,1017128652,지번,1,False
1150010200106320010,서울특별시 강서구 등촌동,서울특별시 강서구 양천로 608 (등촌동),근린생활2,제2종근린생활시설,101717719,지번,1,False
1150010300111140024,서울특별시 강서구 화곡동,서울특별시 강서구 까치산로 193-17 (화곡동),근린생활2,제2종근린생활시설,1017111486,지번,1,False
1150010200106540001,서울특별시 강서구 등촌동,서울특별시 강서구 화곡로64길 70 (등촌동),근린생활1,제1종근린생활시설,1017116098,지번,1,False
1150010200106550029,서울특별시 강서구 등촌동,서울특별시 강서구 공항대로45나길 4 (등촌동),근린생활2,제2종근린생활시설,1000000000000005212426,지번,1,False
1150010200106320007,서울특별시 강서구 등촌동,서울특별시 강서구 양천로 602 (등촌동),근린생활1,업무시설,10171100339292,지번,1,False
1150010100102490004,서울특별시 강서구 염창동,서울특별시 강서구 양천로 691 (염창동),근린생활1,제1종근린생활시설,1017112008,지번,1,False
1150010200106340001,서울특별시 강서구 등촌동,서울특별시 강서구 공항대로59길 80-10 (등촌동),근린생활2,제2종근린생활시설,1017111252,지번,1,False
1150010200106460003,서울특별시 강서구 등촌동,서울특별시 강서구 화곡로66길 196 (등촌동),근린생활1,제1종근린생활시설,101719228,지번,1,False
1150010100102410033,서울특별시 강서구 염창동,서울특별시 강서구 양천로63길 16 (염창동),근린생활1,제1종근린생활시설,1017115954,지번,1,False
1150010200106470084,서울특별시 강서구 등촌동,서울특별시 강서구 공항대로59가길 25-6 (등촌동),근린생활1,제1종근린생활시설,1017125332,지번,1,False
1150010100102650022,서울특별시 강서구 염창동,서울특별시 강서구 양천로 670 (염창동),근린생활1,제1종근린생활시설,1017113152,지번,1,False
1150010100101840008,서울특별시 강서구 염창동,서울특별시 강서구 양천로73가길 19 (염창동),근린생활1,공동주택,10171100357775,지번,1,False
1150010100102500019,서울특별시 강서구 염창동,서울특별시 강서구 양천로 691-8 (염창동),근린생활1,제1종근린생활시설,1017119266,지번,1,False
1150010100102500016,서울특별시 강서구 염창동,서울특별시 강서구 양천로 697 (염창동),근린생활1,제1종근린생활시설,1017128603,지번,1,False
1150010200106480010,서울특별시 강서구 등촌동,서울특별시 강서구 공항대로 521 (등촌동),근린생활1,업무시설,1000000000000000740422,지번,1,False
1150010100102710000,서울특별시 강서구 염창동,서울특별시 강서구 공항대로61길 42 (염창동),근린생활1,제1종근린생활시설,1017128729,지번,1,False
1150010300108740009,서울특별시 강서구 화곡동,서울특별시 강서구 곰달래로 180 (화곡동),근린생활1,제1종근린생활시설,1017124202,지번,1,False
1150010100102580001,서울특별시 강서구 염창동,서울특별시 강서구 양천로 731 (염창동),근린생활1,제1종근린생활시설,1017121807,지번,10,False
1150010200106550046,서울특별시 강서구 등촌동,서울특별시 강서구 화곡로64길 50 (등촌동),근린생활2,제2종근린생활시설,101711052,지번,2,False
1150010200106390006,서울특별시 강서구 등촌동,서울특별시 강서구 화곡로68길 24 (등촌동),근린생활2,업무시설,1000000000000001291764,지번,1,False
1150010300111340003,서울특별시 강서구 화곡동,서울특별시 강서구 까치산로 156 (화곡동),근린생활1,제1종근린생활시설,1017110306,지번,1,False
1150010200106470001,서울특별시 강서구 등촌동,서울특별시 강서구 공항대로59다길 6 (등촌동),근린생활1,단독주택,10171100318432,지번,1,False
1150010100102730000,서울특별시 강서구 염창동,서울특별시 강서구 공항대로61길 36 (염창동),근린생활1,제1종근린생활시설,101718786,지번,1,False
1150010200106340016,서울특별시 강서구 등촌동,서울특별시 강서구 공항대로59길 80-12 (등촌동),근린생활2,제2종근린생활시설,1017111128,지번,1,False
1150010100102740001,서울특별시 강서구 염창동,서울특별시 강서구 공항대로61길 6 (염창동),근린생활2,제2종근린생활시설,101717709,지번,1,False
1150010100102500014,서울특별시 강서구 염창동,서울특별시 강서구 양천로 699 (염창동),근린생활1,제1종근린생활시설,101715061,지번,1,False
1150010200106360007,서울특별시 강서구 등촌동,서울특별시 강서구 양천로62길 35 (등촌동),근린생활2,제2종근린생활시설,1017112322,지번,1,False
1150010200106460004,서울특별시 강서구 등촌동,서울특별시 강서구 공항대로59길 45 (등촌동),근린생활1,제1종근린생활시설,1017127025,지번,1,False
1150010200106470085,서울특별시 강서구 등촌동,서울특별시 강서구 공항대로61길 17 (등촌동),근린생활1,제1종근린생활시설,101715208,지번,1,False
1150010200106460035,서울특별시 강서구 등촌동,서울특별시 강서구 공항대로59길 27 (등촌동),근린생활1,제1종근린생활시설,101715856,지번,1,False
1150010100102720005,서울특별시 강서구 염창동,서울특별시 강서구 공항대로63길 8 (염창동),근린생활2,제2종근린생활시설,1017127291,지번,1,False
1150010100103030000,서울특별시 강서구 염창동,서울특별시 강서구 양천로71길 54 (염창동),근린생활1,제1종근린생활시설,101713155,지번,4,False
1150010200106390002,서울특별시 강서구 등촌동,서울특별시 강서구 화곡로68길 8 (등촌동),근린생활1,노유자시설,10171100343872,지번,1,False
1150010200106550034,서울특별시 강서구 등촌동,서울특별시 강서구 공항대로45길 8-3 (등촌동),근린생활2,제2종근린생활시설,101719540,지번,1,False
1150010100102410026,서울특별시 강서구 염창동,서울특별시 강서구 양천로65길 11 (염창동),근린생활1,제1종근린생활시설,101718136,지번,1,False
1150010200106540059,서울특별시 강서구 등촌동,서울특별시 강서구 공항대로51길 7 (등촌동),근린생활1,제1종근린생활시설,101715864,지번,1,False
1150010300104760039,서울특별시 강서구 화곡동,서울특별시 강서구 등촌로13자길 64-10 (화곡동),근린생활2,제2종근린생활시설,1017115101,지번,1,False
1150010300105040141,서울특별시 강서구 화곡동,서울특별시 강서구 등촌로13길 28 (화곡동),근린생활1,제1종근린생활시설,1017124046,지번,1,False
1150010200105640002,서울특별시 강서구 등촌동,서울특별시 강서구 등촌로 95 (등촌동),근린생활1,제1종근린생활시설,1017119580,지번,1,False
1150010300108080018,서울특별시 강서구 화곡동,서울특별시 강서구 등촌로13길 35 (화곡동),근린생활2,제2종근린생활시설,1017110063,지번,1,False
1150010200106550030,서울특별시 강서구 등촌동,서울특별시 강서구 공항대로45나길 6 (등촌동),근린생활2,제2종근린생활시설,1017127234,지번,1,False
1150010200106560029,서울특별시 강서구 등촌동,서울특별시 강서구 화곡로64길 16 (등촌동),근린생활2,제2종근린생활시설,1017114891,지번,1,False
1150010200106470035,서울특별시 강서구 등촌동,서울특별시 강서구 공항대로59길 20-3 (등촌동),근린생활2,제2종근린생활시설,101715574,지번,1,False
1150010300104800001,서울특별시 강서구 화곡동,서울특별시 강서구 등촌로13바길 8-22 (화곡동),근린생활2,제2종근린생활시설,101719288,지번,1,False
1150010200106300005,서울특별시 강서구 등촌동,서울특별시 강서구 양천로60길 15 (등촌동),근린생활2,제2종근린생활시설,10171100210988,지번,1,False
1150010200106420006,서울특별시 강서구 등촌동,서울특별시 강서구 화곡로64길 105 (등촌동),근린생활2,제2종근린생활시설,10171100210728,지번,1,False
1150010300111330013,서울특별시 강서구 화곡동,서울특별시 강서구 까치산로 160-5 (화곡동),근린생활1,제1종근린생활시설,1017113884,지번,1,False
1150010200105700007,서울특별시 강서구 등촌동,서울특별시 강서구 등촌로13마길 29-13 (등촌동),근린생활2,제2종근린생활시설,101718048,지번,1,False
1150010200106470036,서울특별시 강서구 등촌동,서울특별시 강서구 공항대로59길 20-1 (등촌동),근린생활2,제2종근린생활시설,10171100352174,지번,1,False
1150010200106550040,서울특별시 강서구 등촌동,서울특별시 강서구 공항대로45길 8-12 (등촌동),근린생활2,제2종근린생활시설,1017115240,지번,1,False
1150010300111130015,서울특별시 강서구 화곡동,서울특별시 강서구 공항대로46길 13-16 (화곡동),근린생활2,제2종근린생활시설,1017116454,지번,1,False
1150010300104560018,서울특별시 강서구 화곡동,서울특별시 강서구 곰달래로35길 64 (화곡동),근린생활2,제2종근린생활시설,101713934,지번,2,False
1150010200105060009,서울특별시 강서구 등촌동,서울특별시 강서구 등촌로57길 9 (등촌동),근린생활2,제2종근린생활시설,1017114795,지번,1,False
1150010200106460006,서울특별시 강서구 등촌동,서울특별시 강서구 공항대로59길 41-5 (등촌동),근린생활2,제2종근린생활시설,1017122110,지번,1,False
1150010400104480022,서울특별시 강서구 가양동,서울특별시 강서구 화곡로72길 48 (가양동),근린생활2,제2종근린생활시설,10171100207358,지번,1,False
1150010100102660006,서울특별시 강서구 염창동,서울특별시 강서구 공항대로65가길 5 (염창동),근린생활2,단독주택,10171100318652,지번,1,False
1150010100102570002,서울특별시 강서구 염창동,서울특별시 강서구 양천로77길 21 (염창동),근린생활2,제2종근린생활시설,101714339,지번,2,False
1150010100101130009,서울특별시 강서구 염창동,서울특별시 강서구 양천로75길 50 (염창동),근린생활2,제2종근린생활시설,101717682,지번,1,False
1150010100102530004,서울특별시 강서구 염창동,서울특별시 강서구 양천로75길 14 (염창동),근린생활1,공동주택,10171100323592,지번,1,False
1150010100102500027,서울특별시 강서구 염창동,서울특별시 강서구 양천로75길 7 (염창동),근린생활2,제2종근린생활시설,1017123001,지번,1,False
1150010400104480046,서울특별시 강서구 가양동,서울특별시 강서구 화곡로72길 52 (가양동),근린생활2,제2종근린생활시설,10171100207357,지번,1,False
1150010300111140000,서울특별시 강서구 화곡동,서울특별시 강서구 까치산로 193 (화곡동),근린생활2,제2종근린생활시설,1017126203,지번,1,False
1150010100101130003,서울특별시 강서구 염창동,서울특별시 강서구 양천로75길 34 (염창동),근린생활2,제2종근린생활시설,1017118956,지번,1,False
1150010200106420012,서울특별시 강서구 등촌동,서울특별시 강서구 화곡로64길 103 (등촌동),근린생활2,제2종근린생활시설,10171100210729,지번,1,False
1150010200106360015,서울특별시 강서구 등촌동,서울특별시 강서구 화곡로66길 133 (등촌동),근린생활2,제2종근린생활시설,10171100207620,지번,1,False
1150010300111310007,서울특별시 강서구 화곡동,서울특별시 강서구 화곡로58길 53 (화곡동),근린생활2,제2종근린생활시설,101715160,지번,1,False
1150010100102730006,서울특별시 강서구 염창동,서울특별시 강서구 공항대로61길 28 (염창동),근린생활1,제1종근린생활시설,101712792,지번,2,False
1150010100102840096,서울특별시 강서구 염창동,서울특별시 강서구 양천로65길 41 (염창동),근린생활2,제2종근린생활시설,10171100209288,지번,1,False
1150010300111310023,서울특별시 강서구 화곡동,서울특별시 강서구 까치산로 178-2 (화곡동),근린생활2,공동주택,10171100315872,지번,1,False
1150010900106120225,서울특별시 강서구 방화동,서울특별시 강서구 방화동로5가길 25 (방화동),근린생활2,제2종근린생활시설,10171100216679,지번,1,False
1150011000104130005,서울특별시 강서구 개화동,서울특별시 강서구 개화동로5길 3-42 (개화동),근린생활1,제1종근린생활시설,10171100228551,지번,1,False
1150010200105100006,서울특별시 강서구 등촌동,서울특별시 강서구 등촌로 203 (등촌동),근린생활2,제2종근린생활시설,10171100228611,지번,1,False
1150010300108580002,서울특별시 강서구 화곡동,서울특별시 강서구 강서로10길 121 (화곡동),근린생활1,제1종근린생활시설,10171100216401,지번,1,False
1150010300110470047,서울특별시 강서구 화곡동,서울특별시 강서구 강서로33길 66 (화곡동),근린생활2,제2종근린생활시설,10171100215600,지번,1,False
1150010700102170013,서울특별시 강서구 외발산동,서울특별시 강서구 남부순환로19길 16 (외발산동),근린생활2,제2종근린생활시설,10171100214749,지번,1,False
1150010800100340021,서울특별시 강서구 공항동,서울특별시 강서구 공항대로 54 (공항동),근린생활2,제2종근린생활시설,10171100215910,지번,1,False
1150010800100480049,서울특별시 강서구 공항동,서울특별시 강서구 방화동로 10-2 (공항동),근린생활2,제2종근린생활시설,10171100221077,지번,1,False
1150010800100570003,서울특별시 강서구 공항동,서울특별시 강서구 송정로 21-1 (공항동),근린생활2,제2종근린생활시설,10171100216559,지번,1,False
1150011000103760057,서울특별시 강서구 개화동,서울특별시 강서구 개화길 4 (개화동),근린생활2,제2종근린생활시설,1017128271,지번,1,False
1150010300104630011,서울특별시 강서구 화곡동,서울특별시 강서구 등촌로13바길 80 (화곡동),근린생활2,제2종근린생활시설,10171100225779,지번,1,False
1150010900105350012,서울특별시 강서구 방화동,서울특별시 강서구 양천로10길 6 (방화동),근린생활2,제2종근린생활시설,10171100214388,지번,1,False
1150010300109010012,서울특별시 강서구 화곡동,서울특별시 강서구 강서로5가길 56 (화곡동),근린생활2,제2종근린생활시설,10171100223719,지번,1,False
1150010300109210010,서울특별시 강서구 화곡동,서울특별시 강서구 월정로20길 35 (화곡동),근린생활2,제2종근린생활시설,10171100215900,지번,1,False
1150010900106120207,서울특별시 강서구 방화동,서울특별시 강서구 방화동로5길 15-15 (방화동),근린생활2,제2종근린생활시설,10171100224441,지번,1,False
1150010100100200145,서울특별시 강서구 염창동,서울특별시 강서구 양천로63길 42-36 (염창동),근린생활2,제2종근린생활시설,10171100218717,지번,1,False
1150010200106400005,서울특별시 강서구 등촌동,서울특별시 강서구 화곡로66길 34 (등촌동),근린생활2,제2종근린생활시설,10171100216624,지번,1,False
1150011000104180195,서울특별시 강서구 개화동,서울특별시 강서구 개화동로7길 9 (개화동),근린생활2,단독주택,101719557,지번,1,False
1150011000103370004,서울특별시 강서구 개화동,서울특별시 강서구 개화길 24 (개화동),근린생활1,제1종근린생활시설,1017113902,지번,1,False
1150011000104180017,서울특별시 강서구 개화동,서울특별시 강서구 개화동로7길 3-20 (개화동),근린생활1,제1종근린생활시설,1017126476,지번,1,False
1150010300110240008,서울특별시 강서구 화곡동,서울특별시 강서구 강서로 213 (화곡동),근린생활2,제2종근린생활시설,10171100230091,지번,1,False
1150010300110490006,서울특별시 강서구 화곡동,서울특별시 강서구 화곡로25길 33 (화곡동),근린생활2,제2종근린생활시설,10171100213888,지번,1,False
1150010300110750012,서울특별시 강서구 화곡동,서울특별시 강서구 강서로 161 (화곡동),근린생활1,제1종근린생활시설,10171100216479,지번,1,False
1150010100100790007,서울특별시 강서구 염창동,서울특별시 강서구 양천로67길 96-12 (염창동),근린생활2,제2종근린생활시설,10171100217119,지번,1,False
1150010900106200192,서울특별시 강서구 방화동,서울특별시 강서구 방화동로3길 1 (방화동),근린생활2,제2종근린생활시설,10171100214828,지번,1,False
1150010500100910000,서울특별시 강서구 마곡동,서울특별시 강서구 양천로 201 (마곡동),근린생활1,제1종근린생활시설,10171100227470,지번,47,False
1150010500100910000,서울특별시 강서구 마곡동,서울특별시 강서구 양천로 201 (마곡동),근린생활1,제1종근린생활시설,101712239,지번,47,False
1150010500100910000,서울특별시 강서구 마곡동,서울특별시 강서구 양천로 201 (마곡동),근린생활1,제1종근린생활시설,101712241,지번,47,False
1150010500100910000,서울특별시 강서구 마곡동,서울특별시 강서구 양천로 201 (마곡동),근린생활1,제1종근린생활시설,101712245,지번,47,False
1150010500100910000,서울특별시 강서구 마곡동,서울특별시 강서구 양천로 201 (마곡동),근린생활1,제1종근린생활시설,101712252,지번,47,False
1150010500100910000,서울특별시 강서구 마곡동,서울특별시 강서구 양천로 201 (마곡동),근린생활1,제1종근린생활시설,101712253,지번,47,False
1150010500100910000,서울특별시 강서구 마곡동,서울특별시 강서구 양천로 201 (마곡동),근린생활1,제1종근린생활시설,101712254,지번,47,False
1150011000104180219,서울특별시 강서구 개화동,서울특별시 강서구 개화동로7길 4-3 (개화동),근린생활1,제1종근린생활시설,1017112095,지번,1,False
1150010900104530028,서울특별시 강서구 방화동,서울특별시 강서구 양천로17길 27-8 (방화동),근린생활2,제2종근린생활시설,1017126233,지번,1,False
1150011000105590015,서울특별시 강서구 개화동,서울특별시 강서구 개화동로19길 8 (개화동),근린생활1,제1종근린생활시설,1017120274,지번,1,False
1150010600106590004,서울특별시 강서구 내발산동,서울특별시 강서구 공항대로38길 106 (내발산동),근린생활2,제2종근린생활시설,10171100219379,지번,1,False
1150010200105660024,서울특별시 강서구 등촌동,서울특별시 강서구 등촌로35길 157 (등촌동),근린생활2,제2종근린생활시설,10171100221488,지번,1,False
1150010300109360019,서울특별시 강서구 화곡동,서울특별시 강서구 월정로18길 6-3 (화곡동),근린생활2,제2종근린생활시설,10171100215601,지번,1,False
1150010200105060014,서울특별시 강서구 등촌동,서울특별시 강서구 등촌로55길 8 (등촌동),근린생활2,제2종근린생활시설,10171100216623,지번,1,False
1150011000103500001,서울특별시 강서구 개화동,서울특별시 강서구 개화길 22 (개화동),근린생활1,제1종근린생활시설,1017114419,지번,1,False
1150011000104230022,서울특별시 강서구 개화동,서울특별시 강서구 개화동로5길 3-26 (개화동),근린생활1,제1종근린생활시설,1017116922,지번,1,False
1150010900102940010,서울특별시 강서구 방화동,서울특별시 강서구 방화대로 381 (방화동),근린생활2,업무시설,1000000000000000950597,지번,1,False
1150010300110710038,서울특별시 강서구 화곡동,서울특별시 강서구 화곡로14길 13-3 (화곡동),근린생활2,제2종근린생활시설,10171100231371,지번,1,False
1150010300111020001,서울특별시 강서구 화곡동,서울특별시 강서구 우장산로 115-3 (화곡동),근린생활2,제2종근린생활시설,10171100214149,지번,1,False
1150010400102460001,서울특별시 강서구 가양동,서울특별시 강서구 양천로47가길 25-18 (가양동),근린생활2,제2종근린생활시설,10171100215369,지번,1,False
1150010200105280004,서울특별시 강서구 등촌동,서울특별시 강서구 등촌로51길 64 (등촌동),근린생활1,제1종근린생활시설,10171100216020,지번,1,False
1150010600107540001,서울특별시 강서구 내발산동,서울특별시 강서구 수명로1길 11 (내발산동),근린생활1,제1종근린생활시설,10171100221379,지번,1,False
1150010300108940013,서울특별시 강서구 화곡동,서울특별시 강서구 강서로8길 5 (화곡동),근린생활2,제2종근린생활시설,10171100232071,지번,1,False
1150010200105330036,서울특별시 강서구 등촌동,서울특별시 강서구 공항대로58가길 29 (등촌동),근린생활2,제2종근린생활시설,10171100223699,지번,1,False
1150010900102780031,서울특별시 강서구 방화동,서울특별시 강서구 양천로 112 (방화동),근린생활1,제1종근린생활시설,10171100267376,지번,1,False
1150010200105160009,서울특별시 강서구 등촌동,서울특별시 강서구 등촌로39가길 18 (등촌동),근린생활1,제1종근린생활시설,1017118738,지번,1,False
1150010200106410002,서울특별시 강서구 등촌동,서울특별시 강서구 화곡로66길 66 (등촌동),근린생활2,업무시설,10171100333893,지번,2,False
1150010200106410002,서울특별시 강서구 등촌동,서울특별시 강서구 화곡로66길 66 (등촌동),근린생활2,업무시설,10171100333947,지번,2,False
1150010800100410024,서울특별시 강서구 공항동,서울특별시 강서구 공항대로8길 18-11 (공항동),근린생활2,제2종근린생활시설,10171100219039,지번,1,False
1150010800100450062,서울특별시 강서구 공항동,서울특별시 강서구 공항대로3길 21 (공항동),근린생활2,제2종근린생활시설,10171100216699,지번,1,False
1150010800100610181,서울특별시 강서구 공항동,서울특별시 강서구 남부순환로3길 6 (공항동),근린생활2,제2종근린생활시설,10171100214768,지번,1,False
1150010900105750007,서울특별시 강서구 방화동,서울특별시 강서구 양천로18길 13 (방화동),근린생활2,제2종근린생활시설,10171100222979,지번,1,False
1150010900106120221,서울특별시 강서구 방화동,서울특별시 강서구 방화동로5가길 19 (방화동),근린생활2,제2종근린생활시설,10171100219897,지번,1,False
1150010900106130019,서울특별시 강서구 방화동,서울특별시 강서구 방화동로1길 55 (방화동),근린생활2,제2종근린생활시설,10171100213869,지번,1,False
1150010900106130018,서울특별시 강서구 방화동,서울특별시 강서구 방화동로1길 57 (방화동),근린생활2,제2종근린생활시설,10171100217159,지번,1,False
1150010300109180010,서울특별시 강서구 화곡동,서울특별시 강서구 강서로7길 20-46 (화곡동),근린생활2,제2종근린생활시설,10171100214168,지번,1,False
1150010300109280008,서울특별시 강서구 화곡동,서울특별시 강서구 강서로5나길 124-4 (화곡동),근린생활2,제2종근린생활시설,10171100220772,지번,1,False
1150010300109280021,서울특별시 강서구 화곡동,서울특별시 강서구 강서로5나길 130-6 (화곡동),근린생활1,제1종근린생활시설,10171100217419,지번,1,False
1150010300109360023,서울특별시 강서구 화곡동,서울특별시 강서구 월정로18길 14-6 (화곡동),근린생활2,제2종근린생활시설,10171100216481,지번,1,False
1150011000103740013,서울특별시 강서구 개화동,서울특별시 강서구 개화2길 21 (개화동),근린생활1,제1종근린생활시설,1017110162,지번,1,False
1150010200106780002,서울특별시 강서구 등촌동,서울특별시 강서구 강서로56가길 41 (등촌동),근린생활2,제2종근린생활시설,10171100228391,지번,1,False
1150010900102600001,서울특별시 강서구 방화동,서울특별시 강서구 양천로24길 57-9 (방화동),근린생활2,제2종근린생활시설,10171100215960,지번,1,False
1150010900106120199,서울특별시 강서구 방화동,서울특별시 강서구 방화동로5길 15-10 (방화동),근린생활2,제2종근린생활시설,10171100220697,지번,1,False
1150010300110870003,서울특별시 강서구 화곡동,서울특별시 강서구 화곡로18길 30-21 (화곡동),근린생활2,제2종근린생활시설,10171100224979,지번,1,False
1150010300111120004,서울특별시 강서구 화곡동,서울특별시 강서구 공항대로46길 43-1 (화곡동),근린생활2,제2종근린생활시설,10171100215216,지번,1,False
1150011000104180145,서울특별시 강서구 개화동,서울특별시 강서구 개화동로7길 3-16 (개화동),근린생활1,제1종근린생활시설,1017113900,지번,1,False
1150010300103380030,서울특별시 강서구 화곡동,서울특별시 강서구 강서로20길 10 (화곡동),근린생활2,제2종근린생활시설,10171100213797,지번,1,False
1150010300103420016,서울특별시 강서구 화곡동,서울특별시 강서구 강서로12길 14 (화곡동),근린생활1,제1종근린생활시설,10171100221819,지번,1,False
1150010300103590058,서울특별시 강서구 화곡동,서울특별시 강서구 가로공원로76길 108 (화곡동),근린생활2,제2종근린생활시설,10171100225019,지번,1,False
1150011000103650000,서울특별시 강서구 개화동,서울특별시 강서구 개화길 14 (개화동),근린생활2,제2종근린생활시설,1017111752,지번,1,False
1150010300108540002,서울특별시 강서구 화곡동,서울특별시 강서구 국회대로 183 (화곡동),근린생활1,제1종근린생활시설,10171100231131,지번,1,False
1150010400101870013,서울특별시 강서구 가양동,서울특별시 강서구 강서로 499 (가양동),근린생활2,제2종근린생활시설,10171100223985,지번,1,False
1150010600107200004,서울특별시 강서구 내발산동,서울특별시 강서구 강서로 263-29 (내발산동),근린생활1,제1종근린생활시설,10171100221939,지번,1,False
1150011000104210070,서울특별시 강서구 개화동,서울특별시 강서구 개화동로5길 9-11 (개화동),근린생활2,공동주택,10171100238143,지번,2,True
1150011000104210070,서울특별시 강서구 개화동,서울특별시 강서구 개화동로5길 9-11 (개화동),근린생활2,공동주택,10171100238152,지번,2,True
1150011000104120020,서울특별시 강서구 개화동,서울특별시 강서구 개화동로5길 3-54 (개화동),근린생활1,제1종근린생활시설,1017126168,지번,1,False
1150011000104180220,서울특별시 강서구 개화동,서울특별시 강서구 개화동로7길 4-7 (개화동),근린생활1,제1종근린생활시설,1017118422,지번,1,False
1150010500113030000,서울특별시 강서구 마곡동,서울특별시 강서구 양천로26길 6 (마곡동),근린생활2,제2종근린생활시설,10171100216820,지번,1,False
1150010300108450012,서울특별시 강서구 화곡동,서울특별시 강서구 국회대로7길 64 (화곡동),근린생활2,제2종근린생활시설,10171100220519,지번,1,False
1150010300103410016,서울특별시 강서구 화곡동,서울특별시 강서구 강서로16길 32 (화곡동),근린생활2,제2종근린생활시설,10171100213768,지번,1,False
1150010300103530034,서울특별시 강서구 화곡동,서울특별시 강서구 강서로17나길 9 (화곡동),근린생활2,제2종근린생활시설,10171100216480,지번,1,False
1150010900106120277,서울특별시 강서구 방화동,서울특별시 강서구 개화동로29길 29 (방화동),근린생활2,제2종근린생활시설,10171100215368,지번,1,False
1150010100102530020,서울특별시 강서구 염창동,서울특별시 강서구 양천로73가길 71 (염창동),근린생활2,제2종근린생활시설,10171100215168,지번,1,False
1150010100102530021,서울특별시 강서구 염창동,서울특별시 강서구 양천로73가길 67 (염창동),근린생활2,제2종근린생활시설,10171100215169,지번,1,False
1150010200106400013,서울특별시 강서구 등촌동,서울특별시 강서구 화곡로66길 36 (등촌동),근린생활2,제2종근린생활시설,10171100216625,지번,1,False
1150011000103760054,서울특별시 강서구 개화동,서울특별시 강서구 개화길 8 (개화동),근린생활2,제1종근린생활시설,10171100343732,지번,1,False
1150010900100260000,서울특별시 강서구 방화동,서울특별시 강서구 양천로27길 279-23 (방화동),근린생활1,제1종근린생활시설,10171100201434,지번,1,False
1150011000105590056,서울특별시 강서구 개화동,서울특별시 강서구 개화동로19길 7 (개화동),근린생활2,제2종근린생활시설,1017111109,지번,1,False
1150011000104740073,서울특별시 강서구 개화동,서울특별시 강서구 개화동로13길 12-3 (개화동),근린생활1,제1종근린생활시설,1017121167,지번,1,False
1150010900101310003,서울특별시 강서구 방화동,서울특별시 강서구 방화대로52길 33 (방화동),근린생활1,제1종근린생활시설,101716245,지번,1,False
1150010900104530027,서울특별시 강서구 방화동,서울특별시 강서구 금낭화로18길 10 (방화동),근린생활2,제2종근린생활시설,10171100235442,지번,1,False
1150010900108290004,서울특별시 강서구 방화동,서울특별시 강서구 금낭화로 135 (방화동),근린생활2,제2종근린생활시설,101717206,지번,1,False
1150010300111150028,서울특별시 강서구 화곡동,서울특별시 강서구 화곡로58길 19-6 (화곡동),근린생활2,제2종근린생활시설,1017122601,지번,1,False
1150010200106580004,서울특별시 강서구 등촌동,서울특별시 강서구 화곡로 371 (등촌동),근린생활1,제1종근린생활시설,101715354,지번,1,False
1150010300111150026,서울특별시 강서구 화곡동,서울특별시 강서구 화곡로58길 25 (화곡동),근린생활2,제2종근린생활시설,1017112577,지번,1,False
1150010300109570024,서울특별시 강서구 화곡동,서울특별시 강서구 까치산로 150 (화곡동),근린생활2,제2종근린생활시설,1017119191,지번,1,False
1150010300111150029,서울특별시 강서구 화곡동,서울특별시 강서구 화곡로60길 22 (화곡동),근린생활2,제2종근린생활시설,1017126106,지번,1,False
1150010300111110000,서울특별시 강서구 화곡동,서울특별시 강서구 화곡로 350 (화곡동),근린생활2,업무시설,10171100340092,지번,1,False
1150010900104560000,서울특별시 강서구 방화동,서울특별시 강서구 금낭화로17길 15 (방화동),근린생활1,제1종근린생활시설,1017115400,지번,1,False
1150011000104600051,서울특별시 강서구 개화동,서울특별시 강서구 개화동로11길 27 (개화동),근린생활1,단독주택,1000000000000007241597,지번,1,False
1150010900108220001,서울특별시 강서구 방화동,서울특별시 강서구 금낭화로26길 20 (방화동),근린생활2,제2종근린생활시설,1017110490,지번,1,False
1150010300108730001,서울특별시 강서구 화곡동,서울특별시 강서구 곰달래로 178 (화곡동),근린생활1,제1종근린생활시설,1017128239,지번,1,False
1150010900101290003,서울특별시 강서구 방화동,서울특별시 강서구 양천로27길 115 (방화동),근린생활2,제2종근린생활시설,1017111047,지번,2,False
1150010900101410000,서울특별시 강서구 방화동,서울특별시 강서구 방화대로52길 40 (방화동),근린생활2,제2종근린생활시설,101716404,지번,1,False
1150010300111230038,서울특별시 강서구 화곡동,서울특별시 강서구 까치산로 154 (화곡동),근린생활1,제1종근린생활시설,101716655,지번,1,False
1150010300111200001,서울특별시 강서구 화곡동,서울특별시 강서구 화곡로58길 30 (화곡동),근린생활2,제2종근린생활시설,1017120049,지번,1,False
1150010400114800008,서울특별시 강서구 가양동,서울특별시 강서구 양천로 461 (가양동),근린생활1,제1종근린생활시설,1017118676,지번,1,False
1150010900108280000,서울특별시 강서구 방화동,서울특별시 강서구 금낭화로24길 5 (방화동),근린생활1,제1종근린생활시설,1017110709,지번,1,False
1150010900103290007,서울특별시 강서구 방화동,서울특별시 강서구 금낭화로24나길 6 (방화동),근린생활1,제1종근린생활시설,1017127357,지번,1,False
1150010900201350003,서울특별시 강서구 방화동,서울특별시 강서구 금낭화로26가길 63 (방화동),근린생활1,제1종근린생활시설,10171100216720,지번,1,False
1150010900103300004,서울특별시 강서구 방화동,서울특별시 강서구 금낭화로24나길 7 (방화동),근린생활1,제1종근린생활시설,1017112929,지번,1,False
1150010900103570002,서울특별시 강서구 방화동,서울특별시 강서구 금낭화로24가길 19 (방화동),근린생활1,제1종근린생활시설,101716596,지번,1,False
1150010900101300001,서울특별시 강서구 방화동,서울특별시 강서구 방화대로52가길 26 (방화동),근린생활1,제1종근린생활시설,101715495,지번,1,False
1150010900103370003,서울특별시 강서구 방화동,서울특별시 강서구 방화대로49길 44-5 (방화동),근린생활2,공동주택,10171100295934,지번,1,False
1150010900103450009,서울특별시 강서구 방화동,서울특별시 강서구 금낭화로24길 29-5 (방화동),근린생활1,제1종근린생활시설,1017121483,지번,1,False
1150010900103120005,서울특별시 강서구 방화동,서울특별시 강서구 방화대로50길 13 (방화동),근린생활1,제1종근린생활시설,1017121741,지번,1,False
1150010900104780011,서울특별시 강서구 방화동,서울특별시 강서구 금낭화로17길 35 (방화동),근린생활1,제1종근린생활시설,101717781,지번,1,False
1150010900103240003,서울특별시 강서구 방화동,서울특별시 강서구 방화대로49길 22 (방화동),근린생활2,제2종근린생활시설,101717035,지번,1,False
1150010900108800000,서울특별시 강서구 방화동,서울특별시 강서구 금낭화로24가길 28 (방화동),근린생활2,제2종근린생활시설,101711508,지번,4,False
1150010900108210000,서울특별시 강서구 방화동,서울특별시 강서구 금낭화로26길 10 (방화동),근린생활1,제1종근린생활시설,1017123047,지번,1,False
1150010900103200007,서울특별시 강서구 방화동,서울특별시 강서구 방화대로49길 6-8 (방화동),근린생활2,제2종근린생활시설,101718024,지번,1,False
1150011000104600039,서울특별시 강서구 개화동,서울특별시 강서구 개화동로13길 56-1 (개화동),근린생활1,제1종근린생활시설,101717636,지번,1,False
1150011000104570012,서울특별시 강서구 개화동,서울특별시 강서구 개화동로11길 31-10 (개화동),근린생활1,제1종근린생활시설,1017125508,지번,1,False
1150011000105560059,서울특별시 강서구 개화동,서울특별시 강서구 개화동로17길 9-15 (개화동),근린생활1,제1종근린생활시설,1017127852,지번,1,False
1150010900108550000,서울특별시 강서구 방화동,,근린생활1,문화및집회시설,1000000000000001321644,지번,1,False
1150010900103220005,서울특별시 강서구 방화동,서울특별시 강서구 방화대로49길 6-5 (방화동),근린생활1,제1종근린생활시설,101715610,지번,1,False
1150011000102460000,서울특별시 강서구 개화동,서울특별시 강서구 개화길 86 (개화동),근린생활2,제2종근린생활시설,10171100195513,지번,1,False
1150010900101320012,서울특별시 강서구 방화동,서울특별시 강서구 방화대로50길 17 (방화동),근린생활2,제2종근린생활시설,101712137,지번,1,False
1150010900108220000,서울특별시 강서구 방화동,서울특별시 강서구 금낭화로26길 16 (방화동),근린생활1,제1종근린생활시설,1017112165,지번,1,False
1150010900103480002,서울특별시 강서구 방화동,서울특별시 강서구 방화대로47가길 70-1 (방화동),근린생활2,제2종근린생활시설,1017115119,지번,1,False
1150010900103530003,서울특별시 강서구 방화동,서울특별시 강서구 금낭화로24길 29-8 (방화동),근린생활1,제1종근린생활시설,1017122963,지번,1,False
1150011000106360011,서울특별시 강서구 개화동,서울특별시 강서구 개화동로13길 12-11 (개화동),근린생활1,제1종근린생활시설,1017127241,지번,1,False
1150010900103120004,서울특별시 강서구 방화동,서울특별시 강서구 방화대로50길 11 (방화동),근린생활1,제1종근린생활시설,1017116805,지번,1,False
1150010900103230006,서울특별시 강서구 방화동,서울특별시 강서구 방화대로49길 6-7 (방화동),근린생활1,제1종근린생활시설,1017123421,지번,1,False
1150011000105590053,서울특별시 강서구 개화동,서울특별시 강서구 개화동로19길 17 (개화동),근린생활1,제1종근린생활시설,1000000000000006911006,지번,1,False
1150011000104770022,서울특별시 강서구 개화동,서울특별시 강서구 개화동로11길 3-10 (개화동),근린생활1,제1종근린생활시설,1017122939,지번,1,False
1150010900108160000,서울특별시 강서구 방화동,서울특별시 강서구 금낭화로23길 25 (방화동),근린생활2,제2종근린생활시설,101714148,지번,6,False
1150010900103160003,서울특별시 강서구 방화동,서울특별시 강서구 방화대로 409 (방화동),근린생활2,제2종근린생활시설,1017125624,지번,1,False
1150010900103200005,서울특별시 강서구 방화동,서울특별시 강서구 방화대로49길 6-4 (방화동),근린생활2,제2종근린생활시설,1017110456,지번,1,False
1150010900101320004,서울특별시 강서구 방화동,서울특별시 강서구 방화대로52가길 13 (방화동),근린생활2,제2종근린생활시설,1017116784,지번,1,False
1150010900108290002,서울특별시 강서구 방화동,서울특별시 강서구 금낭화로 287-10 (방화동),판매시설,판매시설,101715786,지번,1,False
1150011000104770024,서울특별시 강서구 개화동,서울특별시 강서구 개화동로11길 3-6 (개화동),근린생활1,제1종근린생활시설,1000000000000002937449,지번,1,False
1150010900103500000,서울특별시 강서구 방화동,서울특별시 강서구 금낭화로24길 29-13 (방화동),근린생활2,제2종근린생활시설,1017128447,지번,1,False
1150011000102460008,서울특별시 강서구 개화동,서울특별시 강서구 개화길 78 (개화동),근린생활1,제1종근린생활시설,1017121841,지번,1,False
1150011000104740056,서울특별시 강서구 개화동,서울특별시 강서구 개화동로11길 6 (개화동),근린생활1,제1종근린생활시설,1017121071,지번,1,False
1150010500113730000,서울특별시 강서구 마곡동,서울특별시 강서구 방화대로40길 13 (마곡동),근린생활2,제2종근린생활시설,10171100277345,지번,1,False
1150010900102460017,서울특별시 강서구 방화동,서울특별시 강서구 방화대로33길 18 (방화동),근린생활1,제1종근린생활시설,1017120856,지번,1,False
1150010300100980045,서울특별시 강서구 화곡동,서울특별시 강서구 까치산로 35 (화곡동),근린생활1,제1종근린생활시설,1017125065,지번,1,False
1150010300108470003,서울특별시 강서구 화곡동,서울특별시 강서구 강서로8길 177 (화곡동),근린생활1,제1종근린생활시설,101713453,지번,1,False
1150010300100950041,서울특별시 강서구 화곡동,서울특별시 강서구 화곡로 231 (화곡동),근린생활1,제1종근린생활시설,1017110088,지번,1,False
1150010300100240552,서울특별시 강서구 화곡동,서울특별시 강서구 까치산로 71 (화곡동),근린생활1,제1종근린생활시설,101714695,지번,1,False
1150010900106200109,서울특별시 강서구 방화동,,판매시설,판매시설,1017123955,지번,1,False
1150010900106200145,서울특별시 강서구 방화동,서울특별시 강서구 방화동로 17 (방화동),근린생활1,제1종근린생활시설,1017119247,지번,1,False
1150010300107790009,서울특별시 강서구 화곡동,서울특별시 강서구 곰달래로 262 (화곡동),근린생활1,업무시설,10171100310592,지번,1,False
1150010600107010013,서울특별시 강서구 내발산동,서울특별시 강서구 강서로 283 (내발산동),근린생활1,제1종근린생활시설,101714458,지번,1,False
1150010300107780005,서울특별시 강서구 화곡동,서울특별시 강서구 곰달래로 265 (화곡동),근린생활1,제1종근린생활시설,1017127396,지번,1,False
1150010300110990000,서울특별시 강서구 화곡동,서울특별시 강서구 화곡로59길 29 (화곡동),근린생활2,제2종근린생활시설,1017126767,지번,1,False
1150010300109690012,서울특별시 강서구 화곡동,서울특별시 강서구 까치산로 120 (화곡동),근린생활1,제1종근린생활시설,1017118637,지번,1,False
1150010300109020010,서울특별시 강서구 화곡동,서울특별시 강서구 강서로7길 19 (화곡동),근린생활2,제2종근린생활시설,1017118074,지번,1,False
1150010300100240254,서울특별시 강서구 화곡동,서울특별시 강서구 까치산로 55 (화곡동),근린생활1,제1종근린생활시설,1000000000000007338512,지번,1,False
1150010300103580006,서울특별시 강서구 화곡동,서울특별시 강서구 강서로17길 127 (화곡동),근린생활,근린생활시설,101718750,지번,1,False
1150010600106540004,서울특별시 강서구 내발산동,서울특별시 강서구 강서로 349 (내발산동),근린생활1,제1종근린생활시설,101716212,지번,1,False
1150010300108970012,서울특별시 강서구 화곡동,서울특별시 강서구 강서로 26 (화곡동),근린생활2,제2종근린생활시설,1017127094,지번,1,False
1150010300110060003,서울특별시 강서구 화곡동,서울특별시 강서구 강서로 245 (화곡동),근린생활1,제1종근린생활시설,1017120842,지번,1,False
1150010300103670121,서울특별시 강서구 화곡동,서울특별시 강서구 가로공원로 228 (화곡동),근린생활1,제1종근린생활시설,1017118593,지번,1,False
1150010900106200057,서울특별시 강서구 방화동,서울특별시 강서구 방화동로3길 24 (방화동),근린생활1,제1종근린생활시설,1017116037,지번,1,False
1150010300100240199,서울특별시 강서구 화곡동,서울특별시 강서구 까치산로 63 (화곡동),근린생활2,제2종근린생활시설,10171100270894,지번,1,False
1150010300103590054,서울특별시 강서구 화곡동,서울특별시 강서구 가로공원로76길 100 (화곡동),근린생활2,제2종근린생활시설,1017111451,지번,1,False
1150010900106200134,서울특별시 강서구 방화동,서울특별시 강서구 방화동로 19-1 (방화동),근린생활1,제1종근린생활시설,101719067,지번,1,False
1150010800104340019,서울특별시 강서구 공항동,서울특별시 강서구 공항대로 10 (공항동),근린생활2,제2종근린생활시설,101714908,지번,1,False
1150010800106600014,서울특별시 강서구 공항동,서울특별시 강서구 방화대로7길 6 (공항동),근린생활1,제1종근린생활시설,1017111396,지번,1,False
1150010900103260001,서울특별시 강서구 방화동,서울특별시 강서구 방화대로49길 24 (방화동),근린생활2,제2종근린생활시설,1017110637,지번,1,False
1150010300100730014,서울특별시 강서구 화곡동,서울특별시 강서구 화곡로43길 12 (화곡동),근린생활2,제2종근린생활시설,1017113297,지번,1,False
1150010300111150008,서울특별시 강서구 화곡동,서울특별시 강서구 공항대로46길 57 (화곡동),근린생활2,제2종근린생활시설,101716292,지번,1,False
1150010900104850003,서울특별시 강서구 방화동,서울특별시 강서구 양천로11길 14 (방화동),근린생활1,제1종근린생활시설,1017121649,지번,1,False
1150010300104010012,서울특별시 강서구 화곡동,서울특별시 강서구 강서로 137 (화곡동),근린생활2,제2종근린생활시설,1017128533,지번,1,False
1150010300108310019,서울특별시 강서구 화곡동,서울특별시 강서구 곰달래로49길 40 (화곡동),근린생활2,제2종근린생활시설,1017117135,지번,1,False
1150010900105980148,서울특별시 강서구 방화동,서울특별시 강서구 초원로 64 (방화동),근린생활1,공동주택,10171100309332,지번,1,False
1150010300101590005,서울특별시 강서구 화곡동,서울특별시 강서구 곰달래로31길 15 (화곡동),근린생활2,제2종근린생활시설,10171100277892,지번,1,False
1150010300100980092,서울특별시 강서구 화곡동,서울특별시 강서구 까치산로4길 41 (화곡동),근린생활2,제2종근린생활시설,1017124378,지번,1,False
1150010900101320018,서울특별시 강서구 방화동,서울특별시 강서구 방화대로50길 17-6 (방화동),근린생활2,제2종근린생활시설,1017120146,지번,1,False
1150011000105590055,서울특별시 강서구 개화동,서울특별시 강서구 개화동로19길 9 (개화동),근린생활1,제1종근린생활시설,101714453,지번,1,False
1150010300110650014,서울특별시 강서구 화곡동,서울특별시 강서구 화곡로 161 (화곡동),근린생활1,제1종근린생활시설,101719588,지번,1,False
1150010300109350005,서울특별시 강서구 화곡동,서울특별시 강서구 강서로5나길 144 (화곡동),근린생활2,제2종근린생활시설,101717818,지번,1,False
1150010300111140026,서울특별시 강서구 화곡동,서울특별시 강서구 까치산로 193-11 (화곡동),근린생활2,단독주택,10171100352935,지번,1,False
1150010300107820005,서울특별시 강서구 화곡동,서울특별시 강서구 등촌로 3 (화곡동),근린생활1,제1종근린생활시설,1017123198,지번,1,False
1150010600107540000,서울특별시 강서구 내발산동,서울특별시 강서구 수명로1길 15 (내발산동),근린생활2,제2종근린생활시설,10171100226045,지번,1,False
1150010300103480035,서울특별시 강서구 화곡동,서울특별시 강서구 강서로15길 38-6 (화곡동),근린생활2,제2종근린생활시설,10171100247392,지번,1,False
1150010300109010014,서울특별시 강서구 화곡동,서울특별시 강서구 강서로7길 39 (화곡동),근린생활1,제1종근린생활시설,10171100236902,지번,1,False
1150010300108820023,서울특별시 강서구 화곡동,서울특별시 강서구 곰달래로30길 21 (화곡동),근린생활2,제2종근린생활시설,1017126415,지번,1,False
1150010300109090025,서울특별시 강서구 화곡동,서울특별시 강서구 국회대로 91 (화곡동),근린생활1,제1종근린생활시설,1017110477,지번,1,False
1150010300109140015,서울특별시 강서구 화곡동,서울특별시 강서구 강서로5나길 62 (화곡동),근린생활1,제1종근린생활시설,1017118219,지번,1,False
1150010300108810033,서울특별시 강서구 화곡동,서울특별시 강서구 국회대로7길 148-4 (화곡동),근린생활2,제2종근린생활시설,10171100244764,지번,1,False
1150010800100180020,서울특별시 강서구 공항동,서울특별시 강서구 방화대로21길 79 (공항동),근린생활2,제2종근린생활시설,1017117271,지번,1,False
1150010200106390011,서울특별시 강서구 등촌동,서울특별시 강서구 화곡로 398 (등촌동),판매시설,판매시설,10171100267479,지번,1,False
1150010300108710008,서울특별시 강서구 화곡동,서울특별시 강서구 곰달래로 181 (화곡동),근린생활1,제2종근린생활시설,1000000000000004354398,지번,2,False
1150010200106390007,서울특별시 강서구 등촌동,서울특별시 강서구 화곡로68길 28 (등촌동),근린생활2,제2종근린생활시설,10171100209729,지번,1,False
1150010200106300024,서울특별시 강서구 등촌동,서울특별시 강서구 양천로62길 22 (등촌동),근린생활1,제1종근린생활시설,10171100224759,지번,1,False
1150010200106300010,서울특별시 강서구 등촌동,서울특별시 강서구 양천로62길 14 (등촌동),근린생활2,제2종근린생활시설,10171100223600,지번,1,False
1150010200106300022,서울특별시 강서구 등촌동,서울특별시 강서구 양천로62길 16 (등촌동),근린생활2,제2종근린생활시설,10171100223599,지번,1,False
1150010200106310002,서울특별시 강서구 등촌동,서울특별시 강서구 화곡로68길 127 (등촌동),근린생활2,제2종근린생활시설,10171100214268,지번,1,False
1150010200106310020,서울특별시 강서구 등촌동,서울특별시 강서구 화곡로68길 129 (등촌동),근린생활2,제2종근린생활시설,10171100214228,지번,1,False
1150010200106310021,서울특별시 강서구 등촌동,서울특별시 강서구 화곡로68길 133 (등촌동),근린생활2,제2종근린생활시설,10171100211368,지번,1,False
1150010200106300023,서울특별시 강서구 등촌동,서울특별시 강서구 양천로62길 20 (등촌동),근린생활2,제2종근린생활시설,10171100224760,지번,1,False
1150010200106390003,서울특별시 강서구 등촌동,서울특별시 강서구 화곡로68길 10 (등촌동),근린생활2,제2종근린생활시설,10171100226420,지번,1,False
1150010200106390032,서울특별시 강서구 등촌동,서울특별시 강서구 화곡로68길 18 (등촌동),근린생활2,제2종근린생활시설,10171100231007,지번,1,False
1150010200106390031,서울특별시 강서구 등촌동,서울특별시 강서구 화곡로68길 12 (등촌동),근린생활2,제2종근린생활시설,10171100226419,지번,1,False
1150010200106390004,서울특별시 강서구 등촌동,서울특별시 강서구 화곡로68길 16 (등촌동),근린생활2,제2종근린생활시설,10171100231008,지번,1,False
1150010300108350002,서울특별시 강서구 화곡동,서울특별시 강서구 곰달래로 217 (화곡동),근린생활2,제2종근린생활시설,101717487,지번,1,False
1150010600107180006,서울특별시 강서구 내발산동,서울특별시 강서구 강서로45나길 51 (내발산동),근린생활1,제1종근린생활시설,1017119837,지번,1,False
1150010300110990006,서울특별시 강서구 화곡동,서울특별시 강서구 우장산로 119 (화곡동),근린생활2,제2종근린생활시설,1017127430,지번,1,False
1150010100102820026,서울특별시 강서구 염창동,서울특별시 강서구 공항대로 621 (염창동),근린생활2,제2종근린생활시설,1017127303,지번,1,False
1150010300110730008,서울특별시 강서구 화곡동,서울특별시 강서구 화곡로 138 (화곡동),근린생활2,제2종근린생활시설,1017126696,지번,1,False
1150010300110600020,서울특별시 강서구 화곡동,서울특별시 강서구 화곡로27가길 34 (화곡동),근린생활1,제1종근린생활시설,101719600,지번,1,False
1150011000102240003,서울특별시 강서구 개화동,서울특별시 강서구 개화길 48 (개화동),근린생활1,제1종근린생활시설,1017118061,지번,1,False
1150010300111070003,서울특별시 강서구 화곡동,서울특별시 강서구 공항대로46길 9 (화곡동),근린생활2,업무시설,10171100314772,지번,1,False
1150010300108940012,서울특별시 강서구 화곡동,서울특별시 강서구 강서로8길 9 (화곡동),근린생활1,공동주택,10171100341372,지번,1,False
1150010900108310012,서울특별시 강서구 방화동,서울특별시 강서구 금낭화로24나길 29 (방화동),근린생활2,제2종근린생활시설,10171100265592,지번,1,False
1150010200106300002,서울특별시 강서구 등촌동,서울특별시 강서구 양천로 550 (등촌동),근린생활1,제1종근린생활시설,10171937,지번,1,False
1150010200106390033,서울특별시 강서구 등촌동,서울특별시 강서구 공항대로45길 71 (등촌동),근린생활1,제1종근린생활시설,10171100280632,지번,1,False
1150010200106550035,서울특별시 강서구 등촌동,서울특별시 강서구 공항대로45길 10 (등촌동),근린생활2,제2종근린생활시설,10171100280246,지번,1,False
1150010500103600001,서울특별시 강서구 마곡동,서울특별시 강서구 양천로30길 123-11 (마곡동),근린생활2,제2종근린생활시설,10171100220739,지번,1,False
1150010900105640075,서울특별시 강서구 방화동,서울특별시 강서구 금낭화로 61 (방화동),근린생활2,제2종근린생활시설,1017113222,지번,1,False
1150010300100290177,서울특별시 강서구 화곡동,서울특별시 강서구 까치산로15길 6 (화곡동),근린생활1,제1종근린생활시설,1017120131,지번,1,False
1150010300110260005,서울특별시 강서구 화곡동,서울특별시 강서구 강서로 210 (화곡동),근린생활2,제2종근린생활시설,10171100266632,지번,1,False
1150010300110240016,서울특별시 강서구 화곡동,서울특별시 강서구 강서로33가길 78 (화곡동),근린생활2,제2종근린생활시설,1017122142,지번,1,False
1150010100102800014,서울특별시 강서구 염창동,서울특별시 강서구 공항대로 595 (염창동),근린생활2,제2종근린생활시설,10171100276892,지번,1,False
1150010300103700075,서울특별시 강서구 화곡동,서울특별시 강서구 가로공원로76길 51 (화곡동),근린생활1,제1종근린생활시설,10171100282392,지번,1,False
1150010500115320000,서울특별시 강서구 마곡동,서울특별시 강서구 방화대로34길 92 (마곡동),근린생활1,제1종근린생활시설,10171100265632,지번,1,False
1150010300110430027,서울특별시 강서구 화곡동,서울특별시 강서구 화곡로13길 14 (화곡동),근린생활2,공동주택,1000000000000007559463,지번,1,False
1150010400102760001,서울특별시 강서구 가양동,서울특별시 강서구 양천로49길 39-3 (가양동),근린생활1,제1종근린생활시설,1017123843,지번,1,False
1150010100102710014,서울특별시 강서구 염창동,서울특별시 강서구 공항대로59다길 83 (염창동),근린생활2,제2종근린생활시설,1017115312,지번,1,False
1150010800100550304,서울특별시 강서구 공항동,,근린생활2,제2종근린생활시설,10171100199513,지번,1,False
1150010300107720067,서울특별시 강서구 화곡동,서울특별시 강서구 등촌로 57 (화곡동),근린생활2,제2종근린생활시설,10171100279212,지번,1,False
1150010300107720074,서울특별시 강서구 화곡동,서울특별시 강서구 등촌로 49-2 (화곡동),근린생활2,제2종근린생활시설,10171100248444,지번,1,False
1150010300107810003,서울특별시 강서구 화곡동,서울특별시 강서구 등촌로 21 (화곡동),근린생활2,제2종근린생활시설,1017122929,지번,1,False
1150010100101110002,서울특별시 강서구 염창동,서울특별시 강서구 양천로73길 56-2 (염창동),근린생활2,제2종근린생활시설,1017124328,지번,1,False
1150010900106450044,서울특별시 강서구 방화동,서울특별시 강서구 개화동로25길 8 (방화동),근린생활2,제2종근린생활시설,101713565,지번,1,False
1150010300108000001,서울특별시 강서구 화곡동,서울특별시 강서구 곰달래로53길 19 (화곡동),근린생활,근린생활시설,101719616,지번,1,False
1150010300109870001,서울특별시 강서구 화곡동,서울특별시 강서구 화곡로 297 (화곡동),근린생활1,업무시설,10171100333376,지번,1,False
1150010300108460006,서울특별시 강서구 화곡동,서울특별시 강서구 곰달래로50길 22 (화곡동),근린생활1,제1종근린생활시설,1017112898,지번,1,False
1150010300107830003,서울특별시 강서구 화곡동,서울특별시 강서구 곰달래로60길 32 (화곡동),근린생활2,제2종근린생활시설,101712340,지번,1,False
1150010200105090001,서울특별시 강서구 등촌동,서울특별시 강서구 등촌로 217 (등촌동),근린생활2,제2종근린생활시설,1017113797,지번,1,False
1150010200106490013,서울특별시 강서구 등촌동,서울특별시 강서구 공항대로57길 26 (등촌동),근린생활1,업무시설,10171100351814,지번,1,False
1150010100102720012,서울특별시 강서구 염창동,서울특별시 강서구 공항대로59다길 122 (염창동),근린생활1,제1종근린생활시설,10171100215288,지번,1,False
1150010300109280038,서울특별시 강서구 화곡동,서울특별시 강서구 곰달래로16길 37 (화곡동),근린생활2,제2종근린생활시설,1017124061,지번,1,False
1150010400101380008,서울특별시 강서구 가양동,서울특별시 강서구 양천로 355 (가양동),근린생활2,제2종근린생활시설,1017117015,지번,1,False
1150010300103700039,서울특별시 강서구 화곡동,서울특별시 강서구 월정로30길 55 (화곡동),근린생활1,제1종근린생활시설,1017114537,지번,1,False
1150010300109080006,서울특별시 강서구 화곡동,서울특별시 강서구 국회대로 105 (화곡동),근린생활1,제1종근린생활시설,1017116571,지번,1,False
1150010100102410013,서울특별시 강서구 염창동,서울특별시 강서구 양천로 601 (염창동),근린생활1,제1종근린생활시설,1017128031,지번,1,False
1150010900106190012,서울특별시 강서구 방화동,서울특별시 강서구 방화동로 19-10 (방화동),근린생활2,제2종근린생활시설,1017111342,지번,1,False
1150010900106200027,서울특별시 강서구 방화동,서울특별시 강서구 개화동로31길 34 (방화동),근린생활1,제1종근린생활시설,1017117456,지번,1,False
1150010900106200034,서울특별시 강서구 방화동,서울특별시 강서구 방화동로3길 4 (방화동),근린생활2,제2종근린생활시설,1017117286,지번,1,False
1150010900106200144,서울특별시 강서구 방화동,서울특별시 강서구 개화동로31길 44 (방화동),근린생활1,제1종근린생활시설,1017114790,지번,1,False
1150010900106190037,서울특별시 강서구 방화동,서울특별시 강서구 방화동로 19-19 (방화동),근린생활1,제1종근린생활시설,1017114549,지번,1,False
1150010900106190064,서울특별시 강서구 방화동,,근린생활1,제1종근린생활시설,1017127891,지번,1,False
1150010900106190036,서울특별시 강서구 방화동,서울특별시 강서구 방화동로3가길 16 (방화동),근린생활1,제1종근린생활시설,1017128151,지번,1,False
1150010300103620071,서울특별시 강서구 화곡동,서울특별시 강서구 가로공원로76가길 9 (화곡동),근린생활2,제2종근린생활시설,1017113317,지번,1,False
1150010200106680009,서울특별시 강서구 등촌동,서울특별시 강서구 공항대로 329 (등촌동),근린생활1,제1종근린생활시설,101716966,지번,1,False
1150010900106200058,서울특별시 강서구 방화동,서울특별시 강서구 방화동로3길 20-18 (방화동),근린생활2,제2종근린생활시설,1017128718,지번,1,False
1150010900102860020,서울특별시 강서구 방화동,서울특별시 강서구 양천로 97 (방화동),근린생활1,업무시설,10171100317772,지번,1,False
1150010900106190010,서울특별시 강서구 방화동,서울특별시 강서구 방화동로 19-6 (방화동),근린생활2,제2종근린생활시설,1017127751,지번,1,False
1150010900106200150,서울특별시 강서구 방화동,,근린생활1,제1종근린생활시설,1017126572,지번,1,False
1150010900106200142,서울특별시 강서구 방화동,서울특별시 강서구 방화동로 17-1 (방화동),근린생활1,제1종근린생활시설,101719427,지번,1,False
1150010900106120021,서울특별시 강서구 방화동,서울특별시 강서구 개화동로29길 54 (방화동),근린생활2,제2종근린생활시설,101719417,지번,1,False
1150010600106650000,서울특별시 강서구 내발산동,서울특별시 강서구 강서로50길 16 (내발산동),근린생활2,제2종근린생활시설,101719338,지번,1,False
1150010900106120141,서울특별시 강서구 방화동,서울특별시 강서구 개화동로29길 32-3 (방화동),근린생활1,제1종근린생활시설,101718186,지번,1,False
1150010200106420007,서울특별시 강서구 등촌동,서울특별시 강서구 화곡로64길 97 (등촌동),근린생활2,제2종근린생활시설,10171100262635,지번,1,False
1150010300108960019,서울특별시 강서구 화곡동,서울특별시 강서구 곰달래로 154 (화곡동),근린생활1,제1종근린생활시설,101717707,지번,1,False
1150010500103260009,서울특별시 강서구 마곡동,서울특별시 강서구 양천로30길 14 (마곡동),근린생활2,제2종근린생활시설,1017112828,지번,1,False
1150010200106550000,서울특별시 강서구 등촌동,서울특별시 강서구 공항대로45길 30 (등촌동),근린생활2,제2종근린생활시설,10171100275472,지번,1,False
1150010500115550000,서울특별시 강서구 마곡동,서울특별시 강서구 양천로30길 76 (마곡동),근린생활1,제1종근린생활시설,1017116360,지번,1,False
1150010200106580005,서울특별시 강서구 등촌동,서울특별시 강서구 화곡로61길 18 (등촌동),근린생활2,제2종근린생활시설,101718130,지번,1,False
1150010300103570026,서울특별시 강서구 화곡동,서울특별시 강서구 월정로 124 (화곡동),근린생활1,제1종근린생활시설,1017110539,지번,1,False
1150010300109340015,서울특별시 강서구 화곡동,서울특별시 강서구 강서로5나길 133 (화곡동),근린생활1,제1종근린생활시설,1017126853,지번,1,False
1150010900105750020,서울특별시 강서구 방화동,서울특별시 강서구 양천로18길 15 (방화동),근린생활2,제2종근린생활시설,10171100233457,지번,1,False
1150010300107980001,서울특별시 강서구 화곡동,서울특별시 강서구 등촌로5길 41 (화곡동),근린생활2,제2종근린생활시설,10171100234314,지번,2,False
1150010300108340008,서울특별시 강서구 화곡동,서울특별시 강서구 곰달래로31가길 88 (화곡동),근린생활2,제2종근린생활시설,10171100233463,지번,3,False
1150010300108340008,서울특별시 강서구 화곡동,서울특별시 강서구 곰달래로31가길 88 (화곡동),근린생활2,제2종근린생활시설,10171100233465,지번,3,False
1150010600106980009,서울특별시 강서구 내발산동,서울특별시 강서구 강서로47길 35 (내발산동),근린생활2,제2종근린생활시설,10171100237782,지번,1,False
1150010300103620144,서울특별시 강서구 화곡동,서울특별시 강서구 월정로30길 66 (화곡동),근린생활2,제2종근린생활시설,10171100253852,지번,1,False
1150010200106610012,서울특별시 강서구 등촌동,서울특별시 강서구 공항대로 367 (등촌동),근린생활2,제2종근린생활시설,10171100232622,지번,1,False
1150010200106360006,서울특별시 강서구 등촌동,서울특별시 강서구 양천로62길 31 (등촌동),근린생활2,제2종근린생활시설,10171100211308,지번,1,False
1150010800100720038,서울특별시 강서구 공항동,서울특별시 강서구 공항대로2길 5 (공항동),근린생활2,제2종근린생활시설,10171100227589,지번,1,False
1150010200105060039,서울특별시 강서구 등촌동,서울특별시 강서구 등촌로55길 6 (등촌동),근린생활2,제2종근린생활시설,10171100249832,지번,1,False
1150010300201720004,서울특별시 강서구 화곡동,서울특별시 강서구 강서로19길 21 (화곡동),근린생활1,제2종근린생활시설,10171100219260,지번,2,False
1150010300201720004,서울특별시 강서구 화곡동,서울특별시 강서구 강서로19길 21 (화곡동),근린생활1,제1종근린생활시설,10171100219296,지번,2,False
1150010300109200015,서울특별시 강서구 화곡동,서울특별시 강서구 곰달래로18길 3 (화곡동),근린생활2,공동주택,10171100291712,지번,1,False
1150010200106610001,서울특별시 강서구 등촌동,서울특별시 강서구 공항대로 351 (등촌동),근린생활2,제2종근린생활시설,10171100225879,지번,1,False
1150010200108090000,서울특별시 강서구 등촌동,서울특별시 강서구 강서로74길 30 (등촌동),근린생활2,제2종근린생활시설,1017121183,지번,1,False
1150010200106320001,서울특별시 강서구 등촌동,서울특별시 강서구 양천로 588 (등촌동),근린생활1,제1종근린생활시설,1017114060,지번,1,False
1150010200106580010,서울특별시 강서구 등촌동,서울특별시 강서구 화곡로61길 10 (등촌동),근린생활1,제1종근린생활시설,1017116720,지번,1,False
1150010200106690002,서울특별시 강서구 등촌동,서울특별시 강서구 공항대로39길 7 (등촌동),근린생활2,제2종근린생활시설,1017117164,지번,1,False
1150010900105960032,서울특별시 강서구 방화동,서울특별시 강서구 금낭화로 35 (방화동),근린생활2,교육연구시설,10171100310572,지번,1,False
1150010300103570027,서울특별시 강서구 화곡동,서울특별시 강서구 월정로 126 (화곡동),근린생활1,제1종근린생활시설,1017121597,지번,1,False
1150010900102490110,서울특별시 강서구 방화동,서울특별시 강서구 방화대로33길 66 (방화동),근린생활2,제2종근린생활시설,10171100228471,지번,2,False
1150010300101400019,서울특별시 강서구 화곡동,서울특별시 강서구 화곡로 180 (화곡동),근린생활1,제1종근린생활시설,10171100200112,지번,1,False
1150010400101900000,서울특별시 강서구 가양동,서울특별시 강서구 강서로 505 (가양동),근린생활1,제1종근린생활시설,1017125880,지번,1,False
1150010400101910000,서울특별시 강서구 가양동,서울특별시 강서구 강서로 507 (가양동),근린생활2,제2종근린생활시설,10171100264313,지번,1,False
1150010200106740003,서울특별시 강서구 등촌동,서울특별시 강서구 강서로56길 16 (등촌동),근린생활1,제1종근린생활시설,10171100250332,지번,1,False
1150010300104030017,서울특별시 강서구 화곡동,서울특별시 강서구 강서로26길 1 (화곡동),근린생활1,제1종근린생활시설,10171100252812,지번,1,False
1150010300103720096,서울특별시 강서구 화곡동,서울특별시 강서구 가로공원로 184-9 (화곡동),근린생활2,제2종근린생활시설,10171100257472,지번,1,False
1150010300103770014,서울특별시 강서구 화곡동,서울특별시 강서구 가로공원로 181 (화곡동),근린생활1,제1종근린생활시설,1017117148,지번,1,False
1150011000104500027,서울특별시 강서구 개화동,서울특별시 강서구 개화동로9길 7 (개화동),근린생활1,제1종근린생활시설,10171100256332,지번,1,False
1150011000104710003,서울특별시 강서구 개화동,서울특별시 강서구 개화동로13길 12-5 (개화동),근린생활2,제2종근린생활시설,10171100276852,지번,1,False
1150010100102640005,서울특별시 강서구 염창동,서울특별시 강서구 양천로 688 (염창동),근린생활2,제2종근린생활시설,101713223,지번,1,False
1150011000105580088,서울특별시 강서구 개화동,서울특별시 강서구 개화동로15길 17 (개화동),근린생활1,제1종근린생활시설,10171100252412,지번,1,False
1150011000106370015,서울특별시 강서구 개화동,서울특별시 강서구 개화동로17길 9 (개화동),근린생활1,제1종근린생활시설,10171100248232,지번,1,False
1150010200106640012,서울특별시 강서구 등촌동,서울특별시 강서구 공항대로 345 (등촌동),근린생활2,제2종근린생활시설,10171100203554,지번,1,False
1150011300101150011,서울특별시 강서구 오쇠동,서울특별시 강서구 대장로 58 (오쇠동),근린생활2,제2종근린생활시설,10171100249092,지번,1,False
1150010300110720012,서울특별시 강서구 화곡동,서울특별시 강서구 화곡로18길 9-7 (화곡동),근린생활2,제2종근린생활시설,10171100219439,지번,1,False
1150010500112500000,서울특별시 강서구 마곡동,서울특별시 강서구 양천로26길 35 (마곡동),근린생활2,제2종근린생활시설,10171100235693,지번,1,False
1150010500114290000,서울특별시 강서구 마곡동,서울특별시 강서구 방화대로40길 36 (마곡동),근린생활1,제1종근린생활시설,10171100259564,지번,1,False
1150010200106510016,서울특별시 강서구 등촌동,서울특별시 강서구 공항대로 477 (등촌동),근린생활2,제2종근린생활시설,10171100235530,지번,1,False
1150010300108440015,서울특별시 강서구 화곡동,서울특별시 강서구 국회대로7길 63 (화곡동),근린생활1,제1종근린생활시설,10171100236682,지번,1,False
1150010300103420061,서울특별시 강서구 화곡동,서울특별시 강서구 강서로12길 14-10 (화곡동),근린생활2,제2종근린생활시설,10171100216403,지번,1,False
1150010100102740011,서울특별시 강서구 염창동,서울특별시 강서구 공항대로61길 10-12 (염창동),근린생활2,제2종근린생활시설,10171100214368,지번,1,False
1150010100102820015,서울특별시 강서구 염창동,서울특별시 강서구 공항대로81길 3-11 (염창동),근린생활2,제2종근린생활시설,10171100225579,지번,1,False
1150010200106740008,서울특별시 강서구 등촌동,서울특별시 강서구 강서로54길 29 (등촌동),근린생활2,제2종근린생활시설,10171100227350,지번,1,False
1150010300110980009,서울특별시 강서구 화곡동,서울특별시 강서구 우장산로 125 (화곡동),근린생활2,제2종근린생활시설,101719637,지번,1,False
1150010200106670009,서울특별시 강서구 등촌동,서울특별시 강서구 강서로54길 109 (등촌동),근린생활2,제2종근린생활시설,10171100247852,지번,1,False
1150010900106060103,서울특별시 강서구 방화동,서울특별시 강서구 방화동로 57 (방화동),근린생활1,제1종근린생활시설,10171100265152,지번,1,False
1150010900106070024,서울특별시 강서구 방화동,서울특별시 강서구 방화동로12길 9 (방화동),근린생활1,제1종근린생활시설,1017128136,지번,1,False
1150010300107960017,서울특별시 강서구 화곡동,서울특별시 강서구 곰달래로 258 (화곡동),근린생활1,제1종근린생활시설,1017122104,지번,1,False
1150010300103490027,서울특별시 강서구 화곡동,서울특별시 강서구 강서로17길 10 (화곡동),근린생활2,제2종근린생활시설,10171100224139,지번,1,False
1150010500114600000,서울특별시 강서구 마곡동,서울특별시 강서구 방화대로34길 73 (마곡동),근린생활2,제2종근린생활시설,10171100216225,지번,1,False
1150010300110700044,서울특별시 강서구 화곡동,서울특별시 강서구 화곡로 118 (화곡동),근린생활2,제2종근린생활시설,10171100250172,지번,1,False
1150010800100320007,서울특별시 강서구 공항동,서울특별시 강서구 공항대로 36-1 (공항동),근린생활1,제1종근린생활시설,101719298,지번,1,False
1150010800100410025,서울특별시 강서구 공항동,서울특별시 강서구 공항대로8길 18-9 (공항동),근린생활2,제2종근린생활시설,10171100215599,지번,1,False
1150010800100420004,서울특별시 강서구 공항동,서울특별시 강서구 공항대로 32 (공항동),근린생활2,제2종근린생활시설,1017124303,지번,1,False
1150010800100600039,서울특별시 강서구 공항동,서울특별시 강서구 송정로3길 6 (공항동),근린생활2,제2종근린생활시설,10171100248272,지번,1,False
1150010300110610010,서울특별시 강서구 화곡동,서울특별시 강서구 화곡로27가길 49 (화곡동),근린생활1,제1종근린생활시설,101718045,지번,1,False
1150010100102730019,서울특별시 강서구 염창동,서울특별시 강서구 공항대로61길 10-7 (염창동),근린생활1,제1종근린생활시설,1017127621,지번,1,False
1150010300108460008,서울특별시 강서구 화곡동,서울특별시 강서구 강서로5라길 173 (화곡동),근린생활1,제1종근린생활시설,1017123664,지번,1,False
1150010300110560001,서울특별시 강서구 화곡동,서울특별시 강서구 화곡로31길 49 (화곡동),근린생활1,제1종근린생활시설,1017116643,지번,1,False
1150010700102650001,서울특별시 강서구 외발산동,서울특별시 강서구 남부순환로 216 (외발산동),근린생활1,제1종근린생활시설,10171100264132,지번,1,False
1150010300109090032,서울특별시 강서구 화곡동,서울특별시 강서구 국회대로 85-4 (화곡동),근린생활2,제2종근린생활시설,10171100255052,지번,1,False
1150010300108800002,서울특별시 강서구 화곡동,서울특별시 강서구 곰달래로30길 34 (화곡동),근린생활1,제1종근린생활시설,10171100252452,지번,1,False
1150010200106350008,서울특별시 강서구 등촌동,서울특별시 강서구 공항대로59길 75 (등촌동),근린생활2,제2종근린생활시설,101719689,지번,1,False
1150010800106660001,서울특별시 강서구 공항동,서울특별시 강서구 방화대로7다길 31 (공항동),근린생활1,제1종근린생활시설,101717383,지번,1,False
1150010300110680025,서울특별시 강서구 화곡동,서울특별시 강서구 화곡로 117 (화곡동),근린생활2,제2종근린생활시설,1017123964,지번,1,False
1150010300100560501,서울특별시 강서구 화곡동,서울특별시 강서구 초록마을로22길 24 (화곡동),근린생활1,제1종근린생활시설,10171100251249,지번,1,False
1150010300110070004,서울특별시 강서구 화곡동,서울특별시 강서구 강서로45가길 10 (화곡동),근린생활2,제2종근린생활시설,10171100247552,지번,1,False
1150010300110260000,서울특별시 강서구 화곡동,서울특별시 강서구 강서로 216 (화곡동),근린생활2,제2종근린생활시설,10171100262826,지번,1,False
1150010300110970000,서울특별시 강서구 화곡동,서울특별시 강서구 화곡로 335 (화곡동),근린생활1,제1종근린생활시설,101713119,지번,3,False
1150010300108310012,서울특별시 강서구 화곡동,서울특별시 강서구 곰달래로49길 34 (화곡동),근린생활1,공동주택,10171100348175,지번,3,True
1150010300108310012,서울특별시 강서구 화곡동,서울특별시 강서구 곰달래로49길 34 (화곡동),근린생활1,공동주택,10171100348193,지번,3,True
1150010300108310012,서울특별시 강서구 화곡동,서울특별시 강서구 곰달래로49길 34 (화곡동),근린생활1,공동주택,10171100348209,지번,3,True
1150010300108520014,서울특별시 강서구 화곡동,서울특별시 강서구 국회대로7길 98 (화곡동),근린생활1,제1종근린생활시설,101715401,지번,1,False
1150010300108520019,서울특별시 강서구 화곡동,서울특별시 강서구 곰달래로38길 29 (화곡동),근린생활1,제1종근린생활시설,1017113468,지번,1,False
1150010300103570024,서울특별시 강서구 화곡동,서울특별시 강서구 곰달래로 53-1 (화곡동),근린생활1,제1종근린생활시설,10171100204270,지번,3,False
1150010300103570024,서울특별시 강서구 화곡동,서울특별시 강서구 곰달래로 53-1 (화곡동),근린생활1,제2종근린생활시설,10171100204271,지번,3,False
1150010300100240484,서울특별시 강서구 화곡동,서울특별시 강서구 화곡로 228 (화곡동),근린생활2,제2종근린생활시설,1017123806,지번,1,False
1150010600106440001,서울특별시 강서구 내발산동,서울특별시 강서구 공항대로36길 9 (내발산동),근린생활2,제2종근린생활시설,1017110390,지번,1,False
1150010600106450001,서울특별시 강서구 내발산동,서울특별시 강서구 공항대로 280 (내발산동),근린생활2,제2종근린생활시설,1017119287,지번,1,False
1150010300100240236,서울특별시 강서구 화곡동,서울특별시 강서구 화곡로 218 (화곡동),근린생활2,제2종근린생활시설,1017110710,지번,1,False
1150010300109090031,서울특별시 강서구 화곡동,서울특별시 강서구 국회대로 89 (화곡동),근린생활2,제2종근린생활시설,1017127522,지번,1,False
1150010100102580000,서울특별시 강서구 염창동,서울특별시 강서구 양천로77길 32 (염창동),근린생활1,제1종근린생활시설,1017122005,지번,1,False
1150010200105140010,서울특별시 강서구 등촌동,서울특별시 강서구 등촌로39길 27 (등촌동),근린생활1,제1종근린생활시설,1017113556,지번,1,False
1150010600106650024,서울특별시 강서구 내발산동,서울특별시 강서구 우장산로 7 (내발산동),근린생활1,제1종근린생활시설,10171100248737,지번,1,False
1150010600106680000,서울특별시 강서구 내발산동,서울특별시 강서구 강서로 323 (내발산동),근린생활1,의료시설,10171100351114,지번,1,False
1150010300110660010,서울특별시 강서구 화곡동,서울특별시 강서구 화곡로 143 (화곡동),근린생활1,제1종근린생활시설,1017123009,지번,1,False
1150010300110730010,서울특별시 강서구 화곡동,서울특별시 강서구 화곡로 142 (화곡동),근린생활1,제1종근린생활시설,10171100252112,지번,1,False
1150010200106720006,서울특별시 강서구 등촌동,서울특별시 강서구 강서로54길 58 (등촌동),근린생활2,제2종근린생활시설,1017123407,지번,1,False
1150010300108980003,서울특별시 강서구 화곡동,서울특별시 강서구 강서로 25 (화곡동),근린생활2,제2종근린생활시설,1017121624,지번,1,False
1150010300110650001,서울특별시 강서구 화곡동,서울특별시 강서구 화곡로25길 2 (화곡동),근린생활2,제2종근린생활시설,10171100251952,지번,1,False
1150010600106890001,서울특별시 강서구 내발산동,서울특별시 강서구 강서로45길 174 (내발산동),근린생활2,제2종근린생활시설,10171100203968,지번,1,False
1150010600106770001,서울특별시 강서구 내발산동,서울특별시 강서구 강서로 318-8 (내발산동),근린생활2,제2종근린생활시설,10171100234451,지번,1,False
1150010500100050005,서울특별시 강서구 마곡동,서울특별시 강서구 양천로47길 106 (마곡동),근린생활2,제2종근린생활시설,10171100247792,지번,1,False
1150010300103600008,서울특별시 강서구 화곡동,서울특별시 강서구 강서로17길 150 (화곡동),근린생활1,제1종근린생활시설,1017110673,지번,1,False
1150010400101460057,서울특별시 강서구 가양동,서울특별시 강서구 강서로76길 20 (가양동),근린생활1,제1종근린생활시설,1017123262,지번,1,False
1150010600107220015,서울특별시 강서구 내발산동,서울특별시 강서구 강서로45길 28 (내발산동),근린생활1,제1종근린생활시설,1017120901,지번,1,False
1150010200105100012,서울특별시 강서구 등촌동,서울특별시 강서구 등촌로51길 9 (등촌동),근린생활1,제1종근린생활시설,101715472,지번,1,False
1150010600107230004,서울특별시 강서구 내발산동,서울특별시 강서구 강서로 257 (내발산동),근린생활1,제1종근린생활시설,101716347,지번,1,False
1150010300107780006,서울특별시 강서구 화곡동,서울특별시 강서구 곰달래로 263 (화곡동),근린생활2,제2종근린생활시설,1017119402,지번,1,False
1150010600107050008,서울특별시 강서구 내발산동,서울특별시 강서구 우장산로4길 59 (내발산동),근린생활2,제2종근린생활시설,10171100206355,지번,1,False
1150010500107220001,서울특별시 강서구 마곡동,서울특별시 강서구 강서로 381 (마곡동),근린생활2,제2종근린생활시설,1017111426,지번,1,False
1150010300109800001,서울특별시 강서구 화곡동,서울특별시 강서구 화곡로 312 (화곡동),근린생활1,제1종근린생활시설,1017115137,지번,1,False
1150010300110760017,서울특별시 강서구 화곡동,서울특별시 강서구 강서로 160 (화곡동),근린생활2,제2종근린생활시설,1017124913,지번,1,False
1150010300100590011,서울특별시 강서구 화곡동,서울특별시 강서구 초록마을로 40 (화곡동),근린생활1,제1종근린생활시설,1017128431,지번,1,False
1150010900102460009,서울특별시 강서구 방화동,서울특별시 강서구 양천로24길 95 (방화동),근린생활1,제1종근린생활시설,1017118924,지번,1,False
1150010300108390004,서울특별시 강서구 화곡동,서울특별시 강서구 곰달래로 235 (화곡동),근린생활2,제2종근린생활시설,1017127453,지번,1,False
1150010800100720033,서울특별시 강서구 공항동,서울특별시 강서구 공항대로 14 (공항동),근린생활1,제1종근린생활시설,1017118712,지번,1,False
1150010600106460001,서울특별시 강서구 내발산동,서울특별시 강서구 공항대로 290 (내발산동),근린생활2,제2종근린생활시설,1017127007,지번,1,False
1150010600106780008,서울특별시 강서구 내발산동,,근린생활2,제2종근린생활시설,1017127889,지번,1,False
1150010200107050001,서울특별시 강서구 등촌동,서울특별시 강서구 화곡로63가길 26 (등촌동),근린생활1,제1종근린생활시설,101718047,지번,1,False
1150010300103400002,서울특별시 강서구 화곡동,서울특별시 강서구 강서로18길 14 (화곡동),근린생활2,제1종근린생활시설,10171100203034,지번,1,False
1150010300103430058,서울특별시 강서구 화곡동,서울특별시 강서구 강서로 43-17 (화곡동),근린생활1,제1종근린생활시설,1017123455,지번,1,False
1150010900104510046,서울특별시 강서구 방화동,서울특별시 강서구 금낭화로 96 (방화동),근린생활1,제1종근린생활시설,1017119611,지번,1,False
1150010300110980012,서울특별시 강서구 화곡동,서울특별시 강서구 공항대로44길 61 (화곡동),근린생활2,제2종근린생활시설,1017117857,지번,1,False
1150010400114880011,서울특별시 강서구 가양동,서울특별시 강서구 허준로 202-17 (가양동),근린생활2,제2종근린생활시설,1017126111,지번,1,False
1150010200105140012,서울특별시 강서구 등촌동,서울특별시 강서구 등촌로39가길 3 (등촌동),근린생활1,제1종근린생활시설,1017128391,지번,1,False
1150010900102620024,서울특별시 강서구 방화동,서울특별시 강서구 양천로24길 54-31 (방화동),근린생활2,제2종근린생활시설,101715531,지번,1,False
1150010900104870012,서울특별시 강서구 방화동,서울특별시 강서구 양천로 49 (방화동),근린생활1,제1종근린생활시설,101718818,지번,1,False
1150010600106590020,서울특별시 강서구 내발산동,서울특별시 강서구 공항대로42길 50 (내발산동),근린생활2,제2종근린생활시설,101714518,지번,1,False
1150010300103570030,서울특별시 강서구 화곡동,서울특별시 강서구 월정로 134 (화곡동),근린생활2,제2종근린생활시설,1017124406,지번,1,False
1150010200106990002,서울특별시 강서구 등촌동,서울특별시 강서구 공항대로41길 50 (등촌동),근린생활1,제1종근린생활시설,1017114065,지번,1,False
1150010600107120000,서울특별시 강서구 내발산동,서울특별시 강서구 강서로45길 118 (내발산동),근린생활2,제2종근린생활시설,1017122095,지번,1,False
1150010300103480046,서울특별시 강서구 화곡동,서울특별시 강서구 강서로15길 34 (화곡동),근린생활2,제2종근린생활시설,10171100206108,지번,1,False
1150010300103430052,서울특별시 강서구 화곡동,서울특별시 강서구 강서로 43 (화곡동),근린생활1,제1종근린생활시설,10171100204448,지번,1,False
1150010900102820001,서울특별시 강서구 방화동,서울특별시 강서구 양천로 108 (방화동),근린생활2,제2종근린생활시설,1017116290,지번,1,False
1150011000104740060,서울특별시 강서구 개화동,서울특별시 강서구 개화동로13길 7 (개화동),근린생활1,제1종근린생활시설,1017128739,지번,1,False
1150010700102680003,서울특별시 강서구 외발산동,서울특별시 강서구 남부순환로 212 (외발산동),근린생활2,제2종근린생활시설,1017123527,지번,1,False
1150010200106530005,서울특별시 강서구 등촌동,서울특별시 강서구 화곡로64길 98 (등촌동),근린생활1,제1종근린생활시설,1017122061,지번,1,False
1150010200106300006,서울특별시 강서구 등촌동,서울특별시 강서구 양천로60길 19 (등촌동),근린생활2,제2종근린생활시설,1017126184,지번,1,False
1150010600106610007,서울특별시 강서구 내발산동,서울특별시 강서구 공항대로42길 63 (내발산동),근린생활2,제2종근린생활시설,1017118217,지번,1,False
1150010300103400032,서울특별시 강서구 화곡동,서울특별시 강서구 강서로16길 23 (화곡동),근린생활1,제1종근린생활시설,1017125113,지번,1,False
1150010300100980238,서울특별시 강서구 화곡동,서울특별시 강서구 화곡로 194-15 (화곡동),근린생활1,제1종근린생활시설,1017127494,지번,1,False
1150010300110520016,서울특별시 강서구 화곡동,서울특별시 강서구 화곡로27길 33 (화곡동),근린생활2,제2종근린생활시설,101716480,지번,1,False
1150010300111170004,서울특별시 강서구 화곡동,,근린생활1,제1종근린생활시설,101717134,지번,1,False
1150010900105620035,서울특별시 강서구 방화동,,근린생활2,제2종근린생활시설,101718199,지번,1,False
1150010600107500004,서울특별시 강서구 내발산동,서울특별시 강서구 수명로 76 (내발산동),근린생활1,제1종근린생활시설,101712830,지번,1,False
1150010500112790000,서울특별시 강서구 마곡동,서울특별시 강서구 방화대로44길 15 (마곡동),근린생활2,제2종근린생활시설,101716309,지번,1,False
1150010300111170012,서울특별시 강서구 화곡동,서울특별시 강서구 공항대로46길 100 (화곡동),근린생활2,제2종근린생활시설,1017113074,지번,1,False
1150010300111210008,서울특별시 강서구 화곡동,서울특별시 강서구 까치산로 167 (화곡동),근린생활2,제2종근린생활시설,1017112047,지번,1,False
1150010200106500001,서울특별시 강서구 등촌동,서울특별시 강서구 공항대로55길 8 (등촌동),근린생활2,제2종근린생활시설,1017112678,지번,1,False
1150010300110310000,서울특별시 강서구 화곡동,서울특별시 강서구 강서로 202 (화곡동),근린생활2,제2종근린생활시설,10171100207428,지번,1,False
1150010300103400036,서울특별시 강서구 화곡동,서울특별시 강서구 강서로16길 17-1 (화곡동),근린생활2,제2종근린생활시설,101716550,지번,1,False
1150010300109030017,서울특별시 강서구 화곡동,서울특별시 강서구 강서로7길 5 (화곡동),근린생활2,제2종근린생활시설,1017127868,지번,1,False
1150010300103420055,서울특별시 강서구 화곡동,서울특별시 강서구 강서로 34 (화곡동),근린생활1,제1종근린생활시설,1017111874,지번,1,False
1150010300111190013,서울특별시 강서구 화곡동,서울특별시 강서구 공항대로46길 89 (화곡동),근린생활2,제2종근린생활시설,1017127667,지번,1,False
1150010900105980146,서울특별시 강서구 방화동,서울특별시 강서구 초원로 66 (방화동),근린생활2,제2종근린생활시설,1017114312,지번,1,False
1150010300103770019,서울특별시 강서구 화곡동,서울특별시 강서구 가로공원로 175 (화곡동),근린생활2,제2종근린생활시설,1017111046,지번,1,False
1150010300103620088,서울특별시 강서구 화곡동,서울특별시 강서구 가로공원로76길 79 (화곡동),근린생활1,제1종근린생활시설,101717038,지번,1,False
1150011000103770004,서울특별시 강서구 개화동,,근린생활2,제2종근린생활시설,101715119,지번,1,False
1150010300103620184,서울특별시 강서구 화곡동,서울특별시 강서구 가로공원로76길 85 (화곡동),근린생활1,제1종근린생활시설,101714501,지번,1,False
1150010300103710059,서울특별시 강서구 화곡동,서울특별시 강서구 가로공원로76길 27 (화곡동),근린생활1,제1종근린생활시설,1017112527,지번,1,False
1150010500103260034,서울특별시 강서구 마곡동,서울특별시 강서구 양천로30길 15 (마곡동),근린생활2,제2종근린생활시설,1017112440,지번,1,False
1150010300110480025,서울특별시 강서구 화곡동,서울특별시 강서구 화곡로21길 28 (화곡동),근린생활1,제1종근린생활시설,101715345,지번,1,False
1150010300103330002,서울특별시 강서구 화곡동,서울특별시 강서구 강서로18다길 41 (화곡동),근린생활1,제1종근린생활시설,1017125540,지번,1,False
1150010900105980163,서울특별시 강서구 방화동,서울특별시 강서구 방화동로 75 (방화동),근린생활2,제2종근린생활시설,1017119862,지번,1,False
1150010600107230008,서울특별시 강서구 내발산동,서울특별시 강서구 강서로45길 6 (내발산동),근린생활1,제1종근린생활시설,1017124874,지번,1,False
1150010200106560049,서울특별시 강서구 등촌동,서울특별시 강서구 공항대로45길 7 (등촌동),근린생활1,제1종근린생활시설,1017115190,지번,1,False
1150010300109030004,서울특별시 강서구 화곡동,서울특별시 강서구 강서로5길 4 (화곡동),근린생활2,제2종근린생활시설,101715307,지번,1,False
1150010300110590051,서울특별시 강서구 화곡동,서울특별시 강서구 화곡로 205 (화곡동),근린생활2,제2종근린생활시설,1017121641,지번,1,False
1150010300103620090,서울특별시 강서구 화곡동,서울특별시 강서구 가로공원로76길 87 (화곡동),근린생활1,제1종근린생활시설,101717869,지번,1,False
1150010300100610028,서울특별시 강서구 화곡동,서울특별시 강서구 까치산로 46 (화곡동),근린생활1,제1종근린생활시설,1017119341,지번,1,False
1150010600106770003,서울특별시 강서구 내발산동,서울특별시 강서구 강서로 312-11 (내발산동),근린생활2,제2종근린생활시설,1017125291,지번,1,False
1150010300108610009,서울특별시 강서구 화곡동,,근린생활1,제1종근린생활시설,1017116230,지번,1,False
1150010300100980048,서울특별시 강서구 화곡동,서울특별시 강서구 까치산로 41 (화곡동),근린생활1,제1종근린생활시설,101711869,지번,2,False
1150010400114720002,서울특별시 강서구 가양동,서울특별시 강서구 허준로 95-5 (가양동),근린생활1,제1종근린생활시설,1017118760,지번,1,False
1150010600107020001,서울특별시 강서구 내발산동,서울특별시 강서구 강서로48길 6 (내발산동),근린생활2,제2종근린생활시설,1017118855,지번,1,False
1150010300110670030,서울특별시 강서구 화곡동,서울특별시 강서구 화곡로 123 (화곡동),근린생활1,제1종근린생활시설,1017113878,지번,1,False
1150010100102820025,서울특별시 강서구 염창동,서울특별시 강서구 공항대로 623 (염창동),근린생활1,제1종근린생활시설,101711394,지번,1,False
1150010900108230000,서울특별시 강서구 방화동,서울특별시 강서구 금낭화로26길 22 (방화동),근린생활1,제1종근린생활시설,1017117545,지번,1,False
1150010200107050005,서울특별시 강서구 등촌동,서울특별시 강서구 화곡로63길 90 (등촌동),근린생활1,제1종근린생활시설,101717341,지번,1,False
1150010300109260001,서울특별시 강서구 화곡동,서울특별시 강서구 강서로7길 89 (화곡동),근린생활1,제1종근린생활시설,1017116618,지번,1,False
1150010700102160083,서울특별시 강서구 외발산동,서울특별시 강서구 남부순환로19길 64 (외발산동),근린생활2,제2종근린생활시설,1017126068,지번,1,False
1150010300109080008,서울특별시 강서구 화곡동,서울특별시 강서구 국회대로 101 (화곡동),근린생활2,제2종근린생활시설,1017126562,지번,1,False
1150010300111120001,서울특별시 강서구 화곡동,서울특별시 강서구 공항대로46길 35 (화곡동),근린생활2,제2종근린생활시설,101715745,지번,1,False
1150010900105630045,서울특별시 강서구 방화동,서울특별시 강서구 양천로14길 13-5 (방화동),근린생활1,제1종근린생활시설,1017113243,지번,1,False
1150010200106670010,서울특별시 강서구 등촌동,서울특별시 강서구 강서로54길 107 (등촌동),근린생활2,제2종근린생활시설,1017126835,지번,1,False
1150010500113630000,서울특별시 강서구 마곡동,서울특별시 강서구 방화대로 338 (마곡동),근린생활1,제1종근린생활시설,1017126845,지번,1,False
1150010900105010002,서울특별시 강서구 방화동,서울특별시 강서구 양천로1길 25 (방화동),근린생활2,제2종근린생활시설,1017119050,지번,1,False
1150010300103380023,서울특별시 강서구 화곡동,서울특별시 강서구 강서로18길 9 (화곡동),근린생활2,제2종근린생활시설,1017110179,지번,1,False
1150010300101590038,서울특별시 강서구 화곡동,서울특별시 강서구 곰달래로 163 (화곡동),근린생활1,제1종근린생활시설,1017128059,지번,1,False
1150010600106480011,서울특별시 강서구 내발산동,서울특별시 강서구 공항대로 326 (내발산동),근린생활2,제2종근린생활시설,1017114334,지번,1,False
1150010300110670019,서울특별시 강서구 화곡동,서울특별시 강서구 화곡로 135 (화곡동),근린생활1,제1종근린생활시설,101715542,지번,1,False
1150010200107530000,서울특별시 강서구 등촌동,서울특별시 강서구 양천로 362 (등촌동),근린생활2,제2종근린생활시설,1017119467,지번,1,False
1150010200106820002,서울특별시 강서구 등촌동,서울특별시 강서구 강서로 454 (등촌동),근린생활2,제2종근린생활시설,1017123884,지번,1,False
1150010300108960013,서울특별시 강서구 화곡동,서울특별시 강서구 곰달래로 146 (화곡동),근린생활1,제1종근린생활시설,101715983,지번,1,False
1150011000103490002,서울특별시 강서구 개화동,서울특별시 강서구 개화길 18 (개화동),근린생활1,제1종근린생활시설,1017113092,지번,1,False
1150010300103400005,서울특별시 강서구 화곡동,서울특별시 강서구 강서로18길 26 (화곡동),근린생활1,제1종근린생활시설,1017114965,지번,1,False
1150010500103480014,서울특별시 강서구 마곡동,서울특별시 강서구 양천로30길 95 (마곡동),근린생활2,제2종근린생활시설,10171100236777,지번,1,False
1150010300111280001,서울특별시 강서구 화곡동,서울특별시 강서구 까치산로 186 (화곡동),근린생활2,제2종근린생활시설,1017113941,지번,1,False
1150010300111190007,서울특별시 강서구 화곡동,서울특별시 강서구 화곡로58길 22-14 (화곡동),근린생활1,제1종근린생활시설,101716437,지번,1,False
1150010300107790002,서울특별시 강서구 화곡동,서울특별시 강서구 곰달래로 268 (화곡동),근린생활2,제2종근린생활시설,1017124105,지번,1,False
1150010300108910012,서울특별시 강서구 화곡동,서울특별시 강서구 국회대로7길 192 (화곡동),근린생활1,제1종근린생활시설,10171100209010,지번,1,False
1150010400114880008,서울특별시 강서구 가양동,서울특별시 강서구 양천로59길 46 (가양동),근린생활1,제1종근린생활시설,1017110290,지번,1,False
1150010300108710045,서울특별시 강서구 화곡동,서울특별시 강서구 곰달래로31가길 24 (화곡동),근린생활2,제2종근린생활시설,1017110801,지번,1,False
1150010300108710006,서울특별시 강서구 화곡동,서울특별시 강서구 곰달래로 185 (화곡동),근린생활1,제1종근린생활시설,1017121320,지번,1,False
1150010400101840001,서울특별시 강서구 가양동,서울특별시 강서구 양천로49길 23 (가양동),근린생활2,제2종근린생활시설,1017126665,지번,1,False
1150010300107940001,서울특별시 강서구 화곡동,서울특별시 강서구 곰달래로 248-1 (화곡동),근린생활1,제1종근린생활시설,101718449,지번,1,False
1150010900102470283,서울특별시 강서구 방화동,서울특별시 강서구 양천로24길 125 (방화동),근린생활2,제2종근린생활시설,10171100182264,지번,1,False
1150010300110570004,서울특별시 강서구 화곡동,서울특별시 강서구 화곡로31길 39 (화곡동),근린생활2,제2종근린생활시설,1017120741,지번,1,False
1150010300111260003,서울특별시 강서구 화곡동,서울특별시 강서구 공항대로48길 13-5 (화곡동),근린생활1,제1종근린생활시설,1017114397,지번,1,False
1150010900101100002,서울특별시 강서구 방화동,서울특별시 강서구 방화대로52길 33 (방화동),근린생활2,제2종근린생활시설,1017117487,지번,1,False
1150010900105690045,서울특별시 강서구 방화동,서울특별시 강서구 방화동로16길 46 (방화동),근린생활1,제1종근린생활시설,1017117612,지번,1,False
1150010300103790039,서울특별시 강서구 화곡동,서울특별시 강서구 강서로29길 77 (화곡동),근린생활2,제2종근린생활시설,1017118301,지번,1,False
1150010300103420001,서울특별시 강서구 화곡동,서울특별시 강서구 곰달래로25길 25 (화곡동),근린생활2,제2종근린생활시설,101719118,지번,1,False
1150010600106780009,서울특별시 강서구 내발산동,서울특별시 강서구 강서로 301 (내발산동),근린생활1,제1종근린생활시설,1017112708,지번,1,False
1150010200106470041,서울특별시 강서구 등촌동,서울특별시 강서구 공항대로59가길 1 (등촌동),근린생활1,제1종근린생활시설,1017124504,지번,1,False
1150010900105470008,서울특별시 강서구 방화동,서울특별시 강서구 양천로14길 74 (방화동),근린생활1,제1종근린생활시설,101715457,지번,1,False
1150010300110310004,서울특별시 강서구 화곡동,서울특별시 강서구 화곡로27길 63 (화곡동),근린생활1,제1종근린생활시설,1017111179,지번,1,False
1150010200106630014,서울특별시 강서구 등촌동,서울특별시 강서구 화곡로61길 120 (등촌동),근린생활2,제2종근린생활시설,10171100236822,지번,1,False
1150010200106890000,서울특별시 강서구 등촌동,서울특별시 강서구 강서로56길 17 (등촌동),판매시설,판매시설,10171100217150,지번,1,False
1150010300107940012,서울특별시 강서구 화곡동,서울특별시 강서구 곰달래로 246 (화곡동),근린생활1,제1종근린생활시설,1017117569,지번,1,False
1150010300111170010,서울특별시 강서구 화곡동,서울특별시 강서구 화곡로 318-1 (화곡동),판매시설,판매시설,101719119,지번,1,False
1150010900106120194,서울특별시 강서구 방화동,서울특별시 강서구 방화동로5가길 12 (방화동),근린생활2,제2종근린생활시설,101715888,지번,1,False
1150010900104510008,서울특별시 강서구 방화동,서울특별시 강서구 금낭화로15길 12 (방화동),근린생활2,제2종근린생활시설,1017121328,지번,1,False
1150010300108600004,서울특별시 강서구 화곡동,서울특별시 강서구 곰달래로37길 13 (화곡동),근린생활1,제1종근린생활시설,1017118735,지번,1,False
1150010200106970001,서울특별시 강서구 등촌동,서울특별시 강서구 공항대로41길 65 (등촌동),근린생활1,제1종근린생활시설,1017118927,지번,1,False
1150010200107050004,서울특별시 강서구 등촌동,서울특별시 강서구 화곡로63길 96 (등촌동),근린생활1,제1종근린생활시설,1017123582,지번,1,False
1150010300109760018,서울특별시 강서구 화곡동,서울특별시 강서구 화곡로44나길 40 (화곡동),근린생활1,제1종근린생활시설,1017116413,지번,1,False
1150010200105260006,서울특별시 강서구 등촌동,서울특별시 강서구 등촌로51길 23 (등촌동),근린생활2,제2종근린생활시설,10171974,지번,2,False
1150010200105260006,서울특별시 강서구 등촌동,서울특별시 강서구 등촌로51길 23 (등촌동),근린생활2,제2종근린생활시설,10171975,지번,2,False
1150010300110630016,서울특별시 강서구 화곡동,서울특별시 강서구 화곡로27길 4 (화곡동),근린생활1,제1종근린생활시설,1017126887,지번,1,False
1150010600107230006,서울특별시 강서구 내발산동,서울특별시 강서구 강서로45나길 12 (내발산동),근린생활2,제2종근린생활시설,1017112926,지번,1,False
1150010300111150000,서울특별시 강서구 화곡동,서울특별시 강서구 화곡로60길 20 (화곡동),근린생활1,제1종근린생활시설,1017126805,지번,1,False
1150010200106740004,서울특별시 강서구 등촌동,서울특별시 강서구 강서로54길 17 (등촌동),근린생활2,제2종근린생활시설,1017127185,지번,1,False
1150010200106470000,서울특별시 강서구 등촌동,서울특별시 강서구 공항대로59길 42 (등촌동),근린생활2,제2종근린생활시설,1017120837,지번,1,False
1150010200106630005,서울특별시 강서구 등촌동,서울특별시 강서구 화곡로63길 131 (등촌동),근린생활2,제2종근린생활시설,10171100182364,지번,1,False
1150010800100550038,서울특별시 강서구 공항동,서울특별시 강서구 송정로 32-1 (공항동),근린생활2,제2종근린생활시설,1017114089,지번,1,False
1150010200108100000,서울특별시 강서구 등촌동,서울특별시 강서구 강서로74길 36 (등촌동),근린생활2,제2종근린생활시설,1017122646,지번,1,False
1150010900106110160,서울특별시 강서구 방화동,서울특별시 강서구 방화대로21길 84 (방화동),근린생활2,제2종근린생활시설,1017128640,지번,1,False
1150010300110300017,서울특별시 강서구 화곡동,서울특별시 강서구 화곡로31길 57 (화곡동),근린생활2,제2종근린생활시설,1017127330,지번,1,False
1150010200106640001,서울특별시 강서구 등촌동,서울특별시 강서구 공항대로 335 (등촌동),근린생활2,제2종근린생활시설,101718943,지번,1,False
1150010300108220020,서울특별시 강서구 화곡동,서울특별시 강서구 곰달래로49길 64 (화곡동),근린생활2,제2종근린생활시설,1017112870,지번,1,False
1150010300103400007,서울특별시 강서구 화곡동,서울특별시 강서구 강서로18길 34 (화곡동),근린생활2,제2종근린생활시설,1017118146,지번,1,False
1150010300100840004,서울특별시 강서구 화곡동,서울특별시 강서구 우현로 15 (화곡동),근린생활2,제2종근린생활시설,101715246,지번,1,False
1150010600106800008,서울특별시 강서구 내발산동,서울특별시 강서구 강서로47길 30 (내발산동),근린생활1,제1종근린생활시설,1017128142,지번,1,False
1150010300103380013,서울특별시 강서구 화곡동,서울특별시 강서구 강서로18가길 7-6 (화곡동),근린생활2,제2종근린생활시설,10171100208189,지번,1,False
1150010300107730001,서울특별시 강서구 화곡동,서울특별시 강서구 곰달래로59길 67 (화곡동),근린생활2,제2종근린생활시설,101716382,지번,1,False
1150010300109350019,서울특별시 강서구 화곡동,서울특별시 강서구 월정로 102 (화곡동),근린생활1,제1종근린생활시설,1017123746,지번,1,False
1150010300103380032,서울특별시 강서구 화곡동,서울특별시 강서구 강서로20길 4 (화곡동),근린생활1,제1종근린생활시설,101718154,지번,1,False
1150010500112920000,서울특별시 강서구 마곡동,서울특별시 강서구 방화대로44길 13 (마곡동),근린생활1,제1종근린생활시설,1017124751,지번,1,False
1150010100102500007,서울특별시 강서구 염창동,서울특별시 강서구 양천로 711 (염창동),근린생활2,제2종근린생활시설,101719593,지번,1,False
1150010300108600015,서울특별시 강서구 화곡동,서울특별시 강서구 곰달래로 195 (화곡동),근린생활1,제1종근린생활시설,101715105,지번,1,False
1150010900105730003,서울특별시 강서구 방화동,서울특별시 강서구 양천로 78 (방화동),근린생활1,제1종근린생활시설,1017113996,지번,1,False
1150010200106420001,서울특별시 강서구 등촌동,서울특별시 강서구 공항대로53가길 55 (등촌동),근린생활1,제1종근린생활시설,1017113417,지번,1,False
1150010300100940000,서울특별시 강서구 화곡동,서울특별시 강서구 화곡로 248 (화곡동),근린생활2,제2종근린생활시설,101717262,지번,1,False
1150011000104420009,서울특별시 강서구 개화동,서울특별시 강서구 개화동로 275-1 (개화동),근린생활1,제1종근린생활시설,1017112312,지번,1,False
1150010200106360043,서울특별시 강서구 등촌동,서울특별시 강서구 공항대로55길 47 (등촌동),근린생활2,제2종근린생활시설,1017124615,지번,1,False
1150010300110190000,서울특별시 강서구 화곡동,서울특별시 강서구 강서로45다길 71 (화곡동),근린생활1,제1종근린생활시설,101716617,지번,1,False
1150010300111210001,서울특별시 강서구 화곡동,서울특별시 강서구 화곡로58길 36 (화곡동),근린생활2,제2종근린생활시설,1017115114,지번,1,False
1150010400114880000,서울특별시 강서구 가양동,서울특별시 강서구 허준로 198 (가양동),근린생활2,제2종근린생활시설,1017121618,지번,1,False
1150010400100300001,서울특별시 강서구 가양동,서울특별시 강서구 양천로53길 44 (가양동),근린생활2,제2종근린생활시설,10171100235122,지번,1,False
1150010300101090058,서울특별시 강서구 화곡동,서울특별시 강서구 화곡로 190 (화곡동),근린생활1,제1종근린생활시설,1017116488,지번,1,False
1150010100102490015,서울특별시 강서구 염창동,서울특별시 강서구 양천로 691-3 (염창동),근린생활2,제2종근린생활시설,1017112181,지번,1,False
1150010300110950005,서울특별시 강서구 화곡동,서울특별시 강서구 화곡로 339 (화곡동),근린생활1,제1종근린생활시설,1017118147,지번,1,False
1150010600106690000,서울특별시 강서구 내발산동,서울특별시 강서구 강서로 324 (내발산동),근린생활2,제2종근린생활시설,1017116091,지번,1,False
