PNU,지번주소,도로명주소,용도군_tier1,대장_주용도,mgmBldrgstPk,매칭
1138010200100730012,서울특별시 은평구 녹번동,서울특별시 은평구 은평로 205-5 (녹번동),근린생활2,제2종근린생활시설,101313727,지번
1138010600100830007,서울특별시 은평구 대조동,서울특별시 은평구 통일로71길 24-3 (대조동),근린생활2,공동주택,1013121938,지번
1138010600100830007,서울특별시 은평구 대조동,서울특별시 은평구 통일로71길 24-3 (대조동),근린생활2,제2종근린생활시설,1013121939,지번
1138010900100040007,서울특별시 은평구 신사동,서울특별시 은평구 은평로 37 (신사동),근린생활2,제2종근린생활시설,1013134002,지번
1138010900100020017,서울특별시 은평구 신사동,서울특별시 은평구 은평로 59 (신사동),근린생활2,제2종근린생활시설,1013133974,지번
1138010900100020017,서울특별시 은평구 신사동,서울특별시 은평구 은평로 59 (신사동),근린생활2,제2종근린생활시설,1013133975,지번
1138010700105790062,서울특별시 은평구 응암동,서울특별시 은평구 응암로21길 9 (응암동),근린생활2,제2종근린생활시설,1013126450,지번
1138010400103980010,서울특별시 은평구 갈현동,서울특별시 은평구 연서로 225 (갈현동),근린생활1,제1종근린생활시설,1013114398,지번
1138011000102090017,서울특별시 은평구 증산동,서울특별시 은평구 증산서길 63 (증산동),근린생활2,제2종근린생활시설,1013138580,지번
1138010500100270041,서울특별시 은평구 구산동,서울특별시 은평구 갈현로15길 8 (구산동),근린생활2,제2종근린생활시설,1013118221,지번
1138010200100190121,서울특별시 은평구 녹번동,서울특별시 은평구 통일로 636 (녹번동),근린생활2,제2종근린생활시설,10131100305594,지번
1138010700101090020,서울특별시 은평구 응암동,서울특별시 은평구 응암로 307-1 (응암동),근린생활2,제2종근린생활시설,1013123687,지번
1138010700104270105,서울특별시 은평구 응암동,서울특별시 은평구 응암로22길 7 (응암동),근린생활2,제2종근린생활시설,1013126130,지번
1138010600100600009,서울특별시 은평구 대조동,서울특별시 은평구 서오릉로8길 20-1 (대조동),근린생활1,제1종근린생활시설,1013119900,지번
1138010400104680002,서울특별시 은평구 갈현동,서울특별시 은평구 서오릉로 156 (갈현동),근린생활2,제2종근린생활시설,1013115453,지번
1138010300104800116,서울특별시 은평구 불광동,서울특별시 은평구 통일로92길 18-1 (불광동),근린생활2,제2종근린생활시설,1013110238,지번
1138011400100700000,서울특별시 은평구 진관동,서울특별시 은평구 진관2로 15-46 (진관동),근린생활1,제1종근린생활시설,10131100256398,지번
1138010800100070032,서울특별시 은평구 역촌동,서울특별시 은평구 연서로 124-1 (역촌동),근린생활2,제2종근린생활시설,1013130413,지번
1138010800100430066,서울특별시 은평구 역촌동,서울특별시 은평구 진흥로 23 (역촌동),근린생활2,제2종근린생활시설,10131100211119,지번
1138010500103090017,서울특별시 은평구 구산동,서울특별시 은평구 서오릉로25가길 1 (구산동),근린생활1,제1종근린생활시설,1013113827,지번
1138010100102930086,서울특별시 은평구 수색동,서울특별시 은평구 수색로 390-13 (수색동),근린생활2,제2종근린생활시설,10131100314275,지번
1138010100102930086,서울특별시 은평구 수색동,서울특별시 은평구 수색로 390-13 (수색동),근린생활2,제2종근린생활시설,101311525,지번
1138010400104110007,서울특별시 은평구 갈현동,서울특별시 은평구 통일로87길 18-6 (갈현동),근린생활1,제1종근린생활시설,1013114647,지번
1138010700100740014,서울특별시 은평구 응암동,서울특별시 은평구 은평로 208 (응암동),근린생활2,제2종근린생활시설,1013122995,지번
1138010700100370013,서울특별시 은평구 응암동,서울특별시 은평구 은평로20나길 5-23 (응암동),근린생활2,제2종근린생활시설,10131100307874,지번
1138010700100370013,서울특별시 은평구 응암동,서울특별시 은평구 은평로20나길 5-23 (응암동),근린생활2,제2종근린생활시설,10131100307875,지번
1138010700100370013,서울특별시 은평구 응암동,서울특별시 은평구 은평로20나길 5-23 (응암동),근린생활2,제2종근린생활시설,10131100307876,지번
1138010700100370013,서울특별시 은평구 응암동,서울특별시 은평구 은평로20나길 5-23 (응암동),근린생활2,제2종근린생활시설,1013122591,지번
1138010700100370013,서울특별시 은평구 응암동,서울특별시 은평구 은평로20나길 5-23 (응암동),근린생활2,제2종근린생활시설,1013122594,지번
1138010400103990005,서울특별시 은평구 갈현동,서울특별시 은평구 연서로29길 14-12 (갈현동),근린생활1,제1종근린생활시설,1013114405,지번
1138010600102250029,서울특별시 은평구 대조동,서울특별시 은평구 연서로18길 12 (대조동),근린생활2,제2종근린생활시설,1013121717,지번
1138010900100390006,서울특별시 은평구 신사동,서울특별시 은평구 가좌로 283 (신사동),근린생활2,제2종근린생활시설,1013134940,지번
1138010300103040002,서울특별시 은평구 불광동,서울특별시 은평구 통일로 830 (불광동),근린생활1,제1종근린생활시설,1013111515,지번
1138010300100130022,서울특별시 은평구 불광동,서울특별시 은평구 불광로 128 (불광동),근린생활2,제2종근린생활시설,10131100251958,지번
1138010300100130009,서울특별시 은평구 불광동,서울특별시 은평구 불광로 136 (불광동),근린생활1,제1종근린생활시설,101316142,지번
1138010700100900001,서울특별시 은평구 응암동,서울특별시 은평구 은평로 111 (응암동),판매영업,판매및영업시설,1013123195,지번
1138010300102990002,서울특별시 은평구 불광동,서울특별시 은평구 통일로78길 15 (불광동),근린생활1,제1종근린생활시설,101318137,지번
1138010300102990002,서울특별시 은평구 불광동,서울특별시 은평구 통일로78길 15-1 (불광동),근린생활1,단독주택,101318584,지번
1138010400104000013,서울특별시 은평구 갈현동,서울특별시 은평구 연서로29길 14-15 (갈현동),근린생활1,제1종근린생활시설,1013114438,지번
1138010400104240007,서울특별시 은평구 갈현동,서울특별시 은평구 갈현로 304 (갈현동),근린생활2,제2종근린생활시설,1013114848,지번
1138010700106770001,서울특별시 은평구 응암동,서울특별시 은평구 가좌로 164 (응암동),근린생활2,제2종근린생활시설,1013127629,지번
1138010700106770001,서울특별시 은평구 응암동,서울특별시 은평구 가좌로 164 (응암동),근린생활2,단독주택,1013127630,지번
1138010400103980011,서울특별시 은평구 갈현동,서울특별시 은평구 연서로29길 6 (갈현동),근린생활2,제2종근린생활시설,1013114399,지번
1138010700100880002,서울특별시 은평구 응암동,서울특별시 은평구 응암로 331-15 (응암동),근린생활2,제2종근린생활시설,1013123155,지번
1138010400105040002,서울특별시 은평구 갈현동,서울특별시 은평구 갈현로 233 (갈현동),근린생활2,제2종근린생활시설,1013115996,지번
1138010700102360033,서울특별시 은평구 응암동,서울특별시 은평구 백련산로 85 (응암동),근린생활2,제2종근린생활시설,1013124619,지번
1138010700105930037,서울특별시 은평구 응암동,서울특별시 은평구 응암로9길 19-1 (응암동),근린생활1,제1종근린생활시설,1013126851,지번
1138010600101790042,서울특별시 은평구 대조동,서울특별시 은평구 서오릉로8길 4 (대조동),근린생활,근린생활시설,1013120679,지번
1138010800100800021,서울특별시 은평구 역촌동,서울특별시 은평구 갈현로4길 5-16 (역촌동),근린생활2,제2종근린생활시설,1013132612,지번
1138010400104120010,서울특별시 은평구 갈현동,서울특별시 은평구 통일로87길 8 (갈현동),근린생활2,제2종근린생활시설,1013114669,지번
1138010700105950056,서울특별시 은평구 응암동,서울특별시 은평구 응암로9길 11 (응암동),근린생활1,제1종근린생활시설,1013126935,지번
1138010700104020074,서울특별시 은평구 응암동,서울특별시 은평구 응암로22길 28-6 (응암동),근린생활2,제2종근린생활시설,1013125800,지번
1138011000101780014,서울특별시 은평구 증산동,서울특별시 은평구 증산로3길 3 (증산동),근린생활2,제2종근린생활시설,1013138070,지번
1138010400104020001,서울특별시 은평구 갈현동,서울특별시 은평구 통일로83길 5-9 (갈현동),근린생활2,제2종근린생활시설,1013114455,지번
1138010800100510079,서울특별시 은평구 역촌동,서울특별시 은평구 갈현로 88 (역촌동),근린생활1,제1종근린생활시설,1013131895,지번
1138010900100300052,서울특별시 은평구 신사동,서울특별시 은평구 가좌로 316 (신사동),근린생활1,제1종근린생활시설,1013134773,지번
1138010400104600038,서울특별시 은평구 갈현동,서울특별시 은평구 연서로 205-3 (갈현동),근린생활2,제2종근린생활시설,1013115360,지번
1138010400103960012,서울특별시 은평구 갈현동,서울특별시 은평구 통일로 855-8 (갈현동),근린생활1,제1종근린생활시설,1013117091,지번
1138010800100190008,서울특별시 은평구 역촌동,서울특별시 은평구 역말로 82 (역촌동),근린생활2,제2종근린생활시설,1013130846,지번
1138010900103350001,서울특별시 은평구 신사동,서울특별시 은평구 가좌로 269 (신사동),근린생활2,제2종근린생활시설,1013136276,지번
1138010200100750009,서울특별시 은평구 녹번동,서울특별시 은평구 은평로21길 19-6 (녹번동),근린생활1,제1종근린생활시설,101313739,지번
1138010700101170009,서울특별시 은평구 응암동,서울특별시 은평구 응암로 287 (응암동),근린생활1,제1종근린생활시설,1013123809,지번
1138010700107470005,서울특별시 은평구 응암동,서울특별시 은평구 가좌로 177-1 (응암동),근린생활2,제2종근린생활시설,1013128067,지번
1138010200101760007,서울특별시 은평구 녹번동,서울특별시 은평구 응암로 345-1 (녹번동),근린생활2,제2종근린생활시설,101315167,지번
1138010300102810059,서울특별시 은평구 불광동,서울특별시 은평구 불광로 46 (불광동),근린생활2,제2종근린생활시설,101317632,지번
1138010500101470001,서울특별시 은평구 구산동,서울특별시 은평구 서오릉로15길 16-8 (구산동),근린생활1,제1종근린생활시설,1013118273,지번
1138011000102220004,서울특별시 은평구 증산동,서울특별시 은평구 수색로 194 (증산동),근린생활1,제1종근린생활시설,1013138726,지번
1138010400104270028,서울특별시 은평구 갈현동,서울특별시 은평구 갈현로 294 (갈현동),근린생활1,제1종근린생활시설,1013114900,지번
1138010600102190006,서울특별시 은평구 대조동,서울특별시 은평구 연서로 198 (대조동),근린생활1,제1종근린생활시설,1013121541,지번
1138010800100070020,서울특별시 은평구 역촌동,서울특별시 은평구 연서로 118 (역촌동),근린생활2,제2종근린생활시설,1013130403,지번
1138010500103410008,서울특별시 은평구 구산동,서울특별시 은평구 서오릉로17길 5-2 (구산동),근린생활2,제2종근린생활시설,1013114043,지번
1138010200101770007,서울특별시 은평구 녹번동,서울특별시 은평구 진흥로 64 (녹번동),근린생활1,제1종근린생활시설,101315184,지번
1138010200101590041,서울특별시 은평구 녹번동,서울특별시 은평구 응암로 364 (녹번동),근린생활1,제1종근린생활시설,101315056,지번
1138010300106080001,서울특별시 은평구 불광동,서울특별시 은평구 진흥로15길 22-20 (불광동),근린생활2,제2종근린생활시설,1013110800,지번
1138010300106080001,서울특별시 은평구 불광동,서울특별시 은평구 진흥로15길 22-20 (불광동),근린생활2,단독주택,1013110803,지번
1138010300106080001,서울특별시 은평구 불광동,서울특별시 은평구 진흥로15길 22-20 (불광동),근린생활2,단독주택,1013110804,지번
1138010900103670000,서울특별시 은평구 신사동,서울특별시 은평구 은평터널로 121-6 (신사동),근린생활1,공동주택,1013137496,지번
1138010900103670000,서울특별시 은평구 신사동,서울특별시 은평구 은평터널로 121-6 (신사동),근린생활1,공동주택,1013137497,지번
1138010900103670000,서울특별시 은평구 신사동,서울특별시 은평구 은평터널로 121-6 (신사동),근린생활1,제1종근린생활시설,1013137502,지번
1138010900103670000,서울특별시 은평구 신사동,서울특별시 은평구 은평터널로 121-6 (신사동),근린생활1,공동주택,1013137503,지번
1138010200100820041,서울특별시 은평구 녹번동,서울특별시 은평구 서오릉로 20 (녹번동),근린생활1,제1종근린생활시설,101313874,지번
1138010200100820041,서울특별시 은평구 녹번동,서울특별시 은평구 서오릉로 20 (녹번동),근린생활1,제1종근린생활시설,101313875,지번
1138010800100270001,서울특별시 은평구 역촌동,서울특별시 은평구 진흥로 93 (역촌동),근린생활1,제1종근린생활시설,10131100302674,지번
1138010700100850051,서울특별시 은평구 응암동,서울특별시 은평구 은평로11길 12-14 (응암동),근린생활2,제2종근린생활시설,1013123108,지번
1138010400104890024,서울특별시 은평구 갈현동,서울특별시 은평구 서오릉로 180 (갈현동),근린생활1,제1종근린생활시설,1013115768,지번
1138010500103210095,서울특별시 은평구 구산동,서울특별시 은평구 서오릉로 233 (구산동),근린생활2,제2종근린생활시설,1013113896,지번
1138011000101640001,서울특별시 은평구 증산동,서울특별시 은평구 증산로 325 (증산동),근린생활1,제1종근린생활시설,1013137865,지번
1138010600102130004,서울특별시 은평구 대조동,서울특별시 은평구 연서로20길 6 (대조동),근린생활2,제2종근린생활시설,1013121412,지번
1138010200101310038,서울특별시 은평구 녹번동,서울특별시 은평구 진흥로12가길 8-1 (녹번동),근린생활1,제1종근린생활시설,101314476,지번
1138010600100150038,서울특별시 은평구 대조동,서울특별시 은평구 통일로65길 12-8 (대조동),근린생활2,제2종근린생활시설,1013119391,지번
1138010600100140322,서울특별시 은평구 대조동,서울특별시 은평구 불광로 16-19 (대조동),근린생활2,제2종근린생활시설,10131100190451,지번
1138010900100140001,서울특별시 은평구 신사동,서울특별시 은평구 갈현로3길 5 (신사동),근린생활1,제1종근린생활시설,1013134190,지번
1138010900100250054,서울특별시 은평구 신사동,서울특별시 은평구 증산로21길 10-1 (신사동),근린생활1,제1종근린생활시설,1013134560,지번
1138010400103940018,서울특별시 은평구 갈현동,서울특별시 은평구 통일로 879-1 (갈현동),근린생활2,제2종근린생활시설,1013114360,지번
1138010800100630033,서울특별시 은평구 역촌동,서울특별시 은평구 연서로3길 6 (역촌동),근린생활2,제2종근린생활시설,1013132162,지번
1138010300102810178,서울특별시 은평구 불광동,서울특별시 은평구 통일로 712-1 (불광동),근린생활2,제2종근린생활시설,101317734,지번
1138010100103650008,서울특별시 은평구 수색동,서울특별시 은평구 수색로16길 15-15 (수색동),근린생활1,제1종근린생활시설,101312145,지번
1138010800100850050,서울특별시 은평구 역촌동,서울특별시 은평구 은평로 65-2 (역촌동),근린생활2,제2종근린생활시설,10131100228445,지번
1138010400104490019,서울특별시 은평구 갈현동,서울특별시 은평구 갈현로33길 5-1 (갈현동),근린생활2,제2종근린생활시설,1013115170,지번
1138010700104090013,서울특별시 은평구 응암동,서울특별시 은평구 응암로22길 21-6 (응암동),근린생활2,제2종근린생활시설,1000000000000001166213,지번
1138010700100990009,서울특별시 은평구 응암동,서울특별시 은평구 은평로10길 13 (응암동),근린생활1,제1종근린생활시설,1013123338,지번
1138010500103040005,서울특별시 은평구 구산동,서울특별시 은평구 서오릉로 263 (구산동),근린생활2,제2종근린생활시설,1013113719,지번
1138010400103980006,서울특별시 은평구 갈현동,서울특별시 은평구 통일로 855-9 (갈현동),근린생활2,제2종근린생활시설,1013114393,지번
1138010600102200028,서울특별시 은평구 대조동,서울특별시 은평구 연서로 178-1 (대조동),근린생활1,제1종근린생활시설,1013121587,지번
1138010300102810091,서울특별시 은평구 불광동,서울특별시 은평구 불광로 38 (불광동),근린생활1,제1종근린생활시설,101317659,지번
1138010700101100013,서울특별시 은평구 응암동,서울특별시 은평구 은평로6길 5 (응암동),근린생활2,제2종근린생활시설,1013123707,지번
1138010400104340007,서울특별시 은평구 갈현동,서울특별시 은평구 갈현로 273-1 (갈현동),근린생활,근린생활시설,1013115007,지번
1138010800102190038,서울특별시 은평구 역촌동,서울특별시 은평구 갈현로7길 34-1 (역촌동),근린생활1,제1종근린생활시설,1013132938,지번
1138010700107470006,서울특별시 은평구 응암동,서울특별시 은평구 가좌로 177 (응암동),근린생활2,제2종근린생활시설,1013128068,지번
1138010700101070002,서울특별시 은평구 응암동,서울특별시 은평구 응암로 292 (응암동),근린생활2,제2종근린생활시설,1013123655,지번
1138010400104060001,서울특별시 은평구 갈현동,서울특별시 은평구 통일로85길 7 (갈현동),근린생활1,제1종근린생활시설,1013114561,지번
1138010400104600030,서울특별시 은평구 갈현동,서울특별시 은평구 연서로25길 6 (갈현동),근린생활2,제2종근린생활시설,1013115356,지번
1138010400104600030,서울특별시 은평구 갈현동,서울특별시 은평구 연서로25길 6 (갈현동),근린생활2,제2종근린생활시설,1013115357,지번
1138010400104270027,서울특별시 은평구 갈현동,서울특별시 은평구 갈현로 292 (갈현동),근린생활1,제1종근린생활시설,1013114899,지번
1138010100100770005,서울특별시 은평구 수색동,서울특별시 은평구 수색로 228 (수색동),근린생활2,제2종근린생활시설,101311066,지번
1138010700103650009,서울특별시 은평구 응암동,서울특별시 은평구 응암로 226-1 (응암동),근린생활2,제2종근린생활시설,1013125533,지번
1138010200102120000,서울특별시 은평구 녹번동,서울특별시 은평구 은평로 197 (녹번동),근린생활1,제1종근린생활시설,101313731,지번
1138010600100840113,서울특별시 은평구 대조동,서울특별시 은평구 통일로71길 20 (대조동),근린생활1,제1종근린생활시설,10131100223201,지번
1138010300102810146,서울특별시 은평구 불광동,서울특별시 은평구 통일로66길 6-12 (불광동),근린생활2,제2종근린생활시설,10131100222160,지번
1138010300102810036,서울특별시 은평구 불광동,서울특별시 은평구 통일로66길 13 (불광동),근린생활1,제1종근린생활시설,101317610,지번
1138010400104560012,서울특별시 은평구 갈현동,서울특별시 은평구 연서로29길 7-11 (갈현동),근린생활1,제1종근린생활시설,10131100269234,지번
1138010400104330003,서울특별시 은평구 갈현동,서울특별시 은평구 갈현로 265 (갈현동),근린생활2,제2종근린생활시설,1013114977,지번
1138010500100230010,서울특별시 은평구 구산동,서울특별시 은평구 연서로9길 20 (구산동),근린생활1,제1종근린생활시설,1013118088,지번
1138010800100450023,서울특별시 은평구 역촌동,서울특별시 은평구 연서로 77 (역촌동),근린생활2,제2종근린생활시설,1013131703,지번
1138010400104560036,서울특별시 은평구 갈현동,서울특별시 은평구 연서로 219 (갈현동),근린생활2,제2종근린생활시설,1013115335,지번
1138010300103120009,서울특별시 은평구 불광동,서울특별시 은평구 통일로80길 19 (불광동),근린생활2,제2종근린생활시설,10131100212149,지번
1138010700101020058,서울특별시 은평구 응암동,서울특별시 은평구 응암로34가길 2 (응암동),근린생활2,제2종근린생활시설,1013123520,지번
1138010500100030001,서울특별시 은평구 구산동,서울특별시 은평구 서오릉로 159 (구산동),근린생활2,제2종근린생활시설,1013117644,지번
1138010500103450003,서울특별시 은평구 구산동,서울특별시 은평구 서오릉로21길 11 (구산동),근린생활1,제1종근린생활시설,1013117029,지번
1138010700101090009,서울특별시 은평구 응암동,서울특별시 은평구 은평로8길 3 (응암동),근린생활2,제2종근린생활시설,1013123680,지번
1138010700100850052,서울특별시 은평구 응암동,서울특별시 은평구 은평로11길 12-10 (응암동),근린생활1,제1종근린생활시설,1013123109,지번
1138010700101070013,서울특별시 은평구 응암동,서울특별시 은평구 응암로 282-1 (응암동),근린생활1,제1종근린생활시설,1013123660,지번
1138010100101020020,서울특별시 은평구 수색동,서울특별시 은평구 수색로 250 (수색동),근린생활1,제1종근린생활시설,101311077,지번
1138011400100690001,서울특별시 은평구 진관동,서울특별시 은평구 진관3로 22 (진관동),근린생활2,제2종근린생활시설,10131100273134,지번
1138010600100120010,서울특별시 은평구 대조동,서울특별시 은평구 불광로 21 (대조동),근린생활1,제1종근린생활시설,1013119316,지번
1138010600100120010,서울특별시 은평구 대조동,서울특별시 은평구 불광로 21 (대조동),근린생활1,위락시설,1013119317,지번
1138010400103960009,서울특별시 은평구 갈현동,서울특별시 은평구 통일로 855-20 (갈현동),판매시설,판매시설,1013114385,지번
1138010600101850004,서울특별시 은평구 대조동,서울특별시 은평구 연서로 230-5 (대조동),근린생활,근린생활시설,1013120700,지번
1138010900101850004,서울특별시 은평구 신사동,서울특별시 은평구 은평터널로 134 (신사동),근린생활2,제2종근린생활시설,1013135265,지번
1138010800100340052,서울특별시 은평구 역촌동,서울특별시 은평구 진흥로1길 27 (역촌동),근린생활2,제2종근린생활시설,1013131409,지번
1138010900100040024,서울특별시 은평구 신사동,서울특별시 은평구 은평로 39 (신사동),근린생활1,제1종근린생활시설,1013134008,지번
1138010900102830029,서울특별시 은평구 신사동,서울특별시 은평구 갈현로3길 48 (신사동),근린생활1,제1종근린생활시설,1013136157,지번
1138010600101720056,서울특별시 은평구 대조동,서울특별시 은평구 서오릉로 110 (대조동),근린생활2,제2종근린생활시설,1013120611,지번
1138010200101090020,서울특별시 은평구 녹번동,서울특별시 은평구 녹번로 55 (녹번동),근린생활2,제2종근린생활시설,101314213,지번
1138010900100080031,서울특별시 은평구 신사동,서울특별시 은평구 갈현로 10-9 (신사동),근린생활1,제1종근린생활시설,1013134103,지번
1138010300102810145,서울특별시 은평구 불광동,서울특별시 은평구 통일로66길 6-14 (불광동),근린생활2,제2종근린생활시설,10131100235418,지번
1138010600102190028,서울특별시 은평구 대조동,서울특별시 은평구 연서로 190 (대조동),근린생활2,제2종근린생활시설,1013121559,지번
1138010400105140017,서울특별시 은평구 갈현동,서울특별시 은평구 갈현로23길 18 (갈현동),근린생활1,제1종근린생활시설,1013116226,지번
1138010700101170033,서울특별시 은평구 응암동,서울특별시 은평구 응암로 275 (응암동),근린생활2,제2종근린생활시설,1013123823,지번
1138010800100430014,서울특별시 은평구 역촌동,서울특별시 은평구 진흥로 21 (역촌동),근린생활1,제1종근린생활시설,1013131636,지번
1138010700105970024,서울특별시 은평구 응암동,서울특별시 은평구 응암로11길 11-5 (응암동),근린생활2,제2종근린생활시설,1013126998,지번
1138010400103990022,서울특별시 은평구 갈현동,서울특별시 은평구 연서로29길 8-13 (갈현동),근린생활1,제1종근린생활시설,1013114422,지번
1138010700104270090,서울특별시 은평구 응암동,서울특별시 은평구 응암로22길 9-9 (응암동),근린생활2,제2종근린생활시설,10131100242185,지번
1138010700101260023,서울특별시 은평구 응암동,서울특별시 은평구 불광천길 466-1 (응암동),근린생활2,제2종근린생활시설,10131100208785,지번
1138010400100060068,서울특별시 은평구 갈현동,서울특별시 은평구 갈현로47길 14-1 (갈현동),근린생활2,제2종근린생활시설,1013112181,지번
1138011400103270003,서울특별시 은평구 진관동,서울특별시 은평구 북한산로 226 (진관동),근린생활2,제2종근린생활시설,10131100246996,지번
1138010300105410000,서울특별시 은평구 불광동,서울특별시 은평구 통일로 950 (불광동),근린생활1,제1종근린생활시설,1013110575,지번
1138010100103150013,서울특별시 은평구 수색동,서울특별시 은평구 수색로 344 (수색동),근린생활1,제1종근린생활시설,101311607,지번
1138010700107510032,서울특별시 은평구 응암동,서울특별시 은평구 응암로12길 26-10 (응암동),근린생활2,제2종근린생활시설,1013128148,지번
1138010800100070026,서울특별시 은평구 역촌동,서울특별시 은평구 연서로 120 (역촌동),근린생활1,제1종근린생활시설,1013130407,지번
1138010700100840027,서울특별시 은평구 응암동,서울특별시 은평구 서오릉로 9-5 (응암동),근린생활2,제2종근린생활시설,10131100222333,지번
1138010500103210098,서울특별시 은평구 구산동,서울특별시 은평구 서오릉로 227 (구산동),근린생활1,제1종근린생활시설,1013113899,지번
1138010400104630022,서울특별시 은평구 갈현동,서울특별시 은평구 연서로 167 (갈현동),근린생활2,제2종근린생활시설,10131100248496,지번
1138010400102420001,서울특별시 은평구 갈현동,서울특별시 은평구 갈현로29길 26-1 (갈현동),근린생활1,제1종근린생활시설,1013112885,지번
1138010400104540016,서울특별시 은평구 갈현동,서울특별시 은평구 연서로27길 16-10 (갈현동),근린생활2,제2종근린생활시설,1013115281,지번
1138010600100020007,서울특별시 은평구 대조동,서울특별시 은평구 통일로 755 (대조동),근린생활1,제1종근린생활시설,1013119159,지번
1138010500102020011,서울특별시 은평구 구산동,서울특별시 은평구 서오릉로 209 (구산동),근린생활2,제2종근린생활시설,1013118536,지번
1138010900100230003,서울특별시 은평구 신사동,서울특별시 은평구 증산로 475 (신사동),근린생활2,제2종근린생활시설,1013134470,지번
1138010300104900001,서울특별시 은평구 불광동,서울특별시 은평구 통일로 916 (불광동),근린생활2,제2종근린생활시설,1013110552,지번
1138010900100230007,서울특별시 은평구 신사동,서울특별시 은평구 증산로 469 (신사동),근린생활,근린생활시설,1013134474,지번
1138010600100140063,서울특별시 은평구 대조동,서울특별시 은평구 불광로 10 (대조동),근린생활2,제2종근린생활시설,1013119354,지번
1138010500100250046,서울특별시 은평구 구산동,서울특별시 은평구 연서로9길 26 (구산동),근린생활2,제2종근린생활시설,1013118165,지번
1138010900100020020,서울특별시 은평구 신사동,서울특별시 은평구 은평로 55 (신사동),근린생활1,제1종근린생활시설,1013133977,지번
1138010900100020020,서울특별시 은평구 신사동,서울특별시 은평구 은평로 55 (신사동),근린생활1,근린생활시설,1013133978,지번
1138010800100430051,서울특별시 은평구 역촌동,서울특별시 은평구 진흥로 15 (역촌동),근린생활1,제1종근린생활시설,1013131656,지번
1138010500103100006,서울특별시 은평구 구산동,서울특별시 은평구 서오릉로25길 5-10 (구산동),근린생활2,제2종근린생활시설,1013113847,지번
1138010800100550002,서울특별시 은평구 역촌동,서울특별시 은평구 갈현로 78 (역촌동),근린생활2,제2종근린생활시설,1013131956,지번
1138010600100140072,서울특별시 은평구 대조동,서울특별시 은평구 통일로65길 26-7 (대조동),근린생활2,제2종근린생활시설,10131100222949,지번
1138010600100030004,서울특별시 은평구 대조동,서울특별시 은평구 통일로 753 (대조동),근린생활1,제1종근린생활시설,1013119170,지번
1138010800100350012,서울특별시 은평구 역촌동,서울특별시 은평구 연서로 52-1 (역촌동),근린생활2,제2종근린생활시설,1013131418,지번
1138010600100890280,서울특별시 은평구 대조동,서울특별시 은평구 서오릉로 100 (대조동),근린생활2,제2종근린생활시설,1013120402,지번
1138010600100890280,서울특별시 은평구 대조동,서울특별시 은평구 서오릉로 100 (대조동),근린생활2,근린생활시설,1013120403,지번
1138010800100190061,서울특별시 은평구 역촌동,서울특별시 은평구 진흥로1길 60 (역촌동),근린생활1,제1종근린생활시설,1013130884,지번
1138010900102370000,서울특별시 은평구 신사동,서울특별시 은평구 가좌로11나길 19 (신사동),근린생활1,제1종근린생활시설,10131100256651,지번
1138010600102190032,서울특별시 은평구 대조동,서울특별시 은평구 연서로 188 (대조동),근린생활,근린생활시설,1013121561,지번
1138010200101520002,서울특별시 은평구 녹번동,서울특별시 은평구 서오릉로4길 11 (녹번동),근린생활2,제2종근린생활시설,10131100285894,지번
1138010900100290001,서울특별시 은평구 신사동,서울특별시 은평구 은평로 34 (신사동),근린생활2,제2종근린생활시설,1013134661,지번
1138010600101940028,서울특별시 은평구 대조동,서울특별시 은평구 연서로26길 23-1 (대조동),근린생활2,제2종근린생활시설,1013120998,지번
1138010300102390009,서울특별시 은평구 불광동,서울특별시 은평구 불광로 121 (불광동),근린생활1,제1종근린생활시설,101317229,지번
1138010600100150139,서울특별시 은평구 대조동,서울특별시 은평구 통일로 715-12 (대조동),근린생활2,제2종근린생활시설,1013119456,지번
1138010800100830069,서울특별시 은평구 역촌동,서울특별시 은평구 은평로3길 26 (역촌동),근린생활2,제2종근린생활시설,1013132754,지번
1138010200100420026,서울특별시 은평구 녹번동,서울특별시 은평구 통일로 623 (녹번동),근린생활2,제2종근린생활시설,101313577,지번
1138010200100420026,서울특별시 은평구 녹번동,서울특별시 은평구 통일로 623 (녹번동),근린생활2,제2종근린생활시설,101313578,지번
1138010800100540010,서울특별시 은평구 역촌동,서울특별시 은평구 갈현로 79 (역촌동),근린생활2,제2종근린생활시설,1013131946,지번
1138010600100770014,서울특별시 은평구 대조동,서울특별시 은평구 통일로69길 21 (대조동),근린생활1,제1종근린생활시설,1013120068,지번
1138010800100820003,서울특별시 은평구 역촌동,서울특별시 은평구 연서로3길 19 (역촌동),근린생활2,제2종근린생활시설,10131100221769,지번
1138010800100790001,서울특별시 은평구 역촌동,서울특별시 은평구 연서로3길 43 (역촌동),근린생활1,제1종근린생활시설,1013132559,지번
1138010800100070022,서울특별시 은평구 역촌동,서울특별시 은평구 연서로 116 (역촌동),근린생활2,제2종근린생활시설,1013130405,지번
1138010400104560001,서울특별시 은평구 갈현동,서울특별시 은평구 연서로 223 (갈현동),근린생활2,제2종근린생활시설,1013115311,지번
1138010400104560005,서울특별시 은평구 갈현동,서울특별시 은평구 연서로29길 3 (갈현동),근린생활2,제2종근린생활시설,1013115315,지번
1138010400104560005,서울특별시 은평구 갈현동,서울특별시 은평구 연서로29길 3 (갈현동),근린생활2,제2종근린생활시설,1013115316,지번
1138010700100970006,서울특별시 은평구 응암동,서울특별시 은평구 백련산로 169 (응암동),근린생활1,단독주택,1013123255,지번
1138010700100970006,서울특별시 은평구 응암동,서울특별시 은평구 백련산로 169 (응암동),근린생활1,제1종근린생활시설,1013123256,지번
1138010700100970006,서울특별시 은평구 응암동,서울특별시 은평구 백련산로 169 (응암동),근린생활1,제2종근린생활시설,1013123257,지번
1138010600100040002,서울특별시 은평구 대조동,서울특별시 은평구 통일로 747 (대조동),근린생활1,제1종근린생활시설,1013119206,지번
1138010500103630017,서울특별시 은평구 구산동,서울특별시 은평구 서오릉로17길 18 (구산동),근린생활1,제1종근린생활시설,1013114177,지번
1138010700100880014,서울특별시 은평구 응암동,서울특별시 은평구 응암로 331 (응암동),근린생활2,제2종근린생활시설,1013123163,지번
1138010100103150001,서울특별시 은평구 수색동,서울특별시 은평구 수색로 342 (수색동),근린생활1,제1종근린생활시설,101311598,지번
1138010400104030036,서울특별시 은평구 갈현동,서울특별시 은평구 통일로83길 17-5 (갈현동),근린생활1,제1종근린생활시설,1013114522,지번
1138010400104690006,서울특별시 은평구 갈현동,서울특별시 은평구 서오릉로 162 (갈현동),근린생활2,제2종근린생활시설,10131100279634,지번
1138010100103660005,서울특별시 은평구 수색동,서울특별시 은평구 수색로 272 (수색동),근린생활2,제2종근린생활시설,101312154,지번
1138010800100140077,서울특별시 은평구 역촌동,서울특별시 은평구 역말로 88 (역촌동),근린생활1,제1종근린생활시설,1013130717,지번
1138010800100100060,서울특별시 은평구 역촌동,서울특별시 은평구 역말로 65 (역촌동),근린생활2,제2종근린생활시설,1013130520,지번
1138011400100630000,서울특별시 은평구 진관동,서울특별시 은평구 통일로 1050 (진관동),판매시설,판매시설,10131100275215,지번
1138011400100630000,서울특별시 은평구 진관동,서울특별시 은평구 통일로 1050 (진관동),판매시설,판매시설,10131100275217,지번
1138011400100630000,서울특별시 은평구 진관동,서울특별시 은평구 통일로 1050 (진관동),판매시설,판매시설,10131100275218,지번
1138010700101150030,서울특별시 은평구 응암동,서울특별시 은평구 은평로8길 22 (응암동),근린생활2,제2종근린생활시설,1013123790,지번
1138010400103980004,서울특별시 은평구 갈현동,서울특별시 은평구 연서로29길 8-8 (갈현동),근린생활2,제2종근린생활시설,1013117092,지번
1138010700105950043,서울특별시 은평구 응암동,서울특별시 은평구 응암로9길 17 (응암동),근린생활2,제2종근린생활시설,1013126932,지번
1138010400104220005,서울특별시 은평구 갈현동,서울특별시 은평구 갈현로 309-1 (갈현동),근린생활2,제2종근린생활시설,1013114795,지번
1138010900100160015,서울특별시 은평구 신사동,서울특별시 은평구 갈현로 19 (신사동),근린생활2,제2종근린생활시설,1013134259,지번
1138010700107470014,서울특별시 은평구 응암동,서울특별시 은평구 가좌로 169 (응암동),근린생활2,제2종근린생활시설,1013128071,지번
1138010300104840059,서울특별시 은평구 불광동,서울특별시 은평구 통일로82가길 4-2 (불광동),근린생활2,제2종근린생활시설,10131100225936,지번
1138010800100080044,서울특별시 은평구 역촌동,서울특별시 은평구 연서로 94 (역촌동),근린생활2,제2종근린생활시설,1013130439,지번
1138010600101990009,서울특별시 은평구 대조동,서울특별시 은평구 연서로 208 (대조동),근린생활1,제1종근린생활시설,1013121078,지번
1138010700107500012,서울특별시 은평구 응암동,서울특별시 은평구 응암로4길 26-2 (응암동),근린생활1,제1종근린생활시설,1013128131,지번
1138010500101980001,서울특별시 은평구 구산동,서울특별시 은평구 서오릉로 175 (구산동),근린생활2,제2종근린생활시설,10131100269334,지번
1138010400104320018,서울특별시 은평구 갈현동,서울특별시 은평구 갈현로 264 (갈현동),근린생활2,제2종근린생활시설,1013114972,지번
1138010200101590035,서울특별시 은평구 녹번동,서울특별시 은평구 응암로 360 (녹번동),근린생활2,제2종근린생활시설,10131100286554,지번
1138010200101590035,서울특별시 은평구 녹번동,서울특별시 은평구 응암로 360 (녹번동),근린생활2,제2종근린생활시설,101315055,지번
1138010400103270013,서울특별시 은평구 갈현동,서울특별시 은평구 서오릉로 232 (갈현동),근린생활2,제2종근린생활시설,1013113943,지번
1138010400105010010,서울특별시 은평구 갈현동,서울특별시 은평구 연서로27길 27 (갈현동),근린생활1,제1종근린생활시설,1013115942,지번
1138010300103100028,서울특별시 은평구 불광동,서울특별시 은평구 연서로 253 (불광동),근린생활1,제1종근린생활시설,101318257,지번
1138010300103100028,서울특별시 은평구 불광동,서울특별시 은평구 연서로 253-3 (불광동),근린생활1,제1종근린생활시설,101318258,지번
1138010500100240009,서울특별시 은평구 구산동,서울특별시 은평구 갈현로16길 17 (구산동),근린생활1,제1종근린생활시설,1013118111,지번
1138010600100580001,서울특별시 은평구 대조동,서울특별시 은평구 진흥로 113 (대조동),근린생활2,제2종근린생활시설,1013119855,지번
1138010900103380001,서울특별시 은평구 신사동,서울특별시 은평구 증산로 379 (신사동),판매시설,판매시설,10131100266585,지번
1138010700106020045,서울특별시 은평구 응암동,서울특별시 은평구 응암로 180 (응암동),근린생활1,제1종근린생활시설,1013127166,지번
1138010900100220037,서울특별시 은평구 신사동,서울특별시 은평구 은평로 56 (신사동),근린생활1,제1종근린생활시설,1013134465,지번
1138010600100840007,서울특별시 은평구 대조동,서울특별시 은평구 통일로71길 8 (대조동),근린생활2,제2종근린생활시설,1013120106,지번
1138010900100380042,서울특별시 은평구 신사동,서울특별시 은평구 가좌로 306 (신사동),근린생활2,제2종근린생활시설,1013134937,지번
1138010900100040036,서울특별시 은평구 신사동,서울특별시 은평구 은평로3가길 29-2 (신사동),근린생활2,제2종근린생활시설,10131100211224,지번
1138010400104000015,서울특별시 은평구 갈현동,서울특별시 은평구 연서로29길 20-22 (갈현동),근린생활2,제2종근린생활시설,1013114440,지번
1138010600102060021,서울특별시 은평구 대조동,서울특별시 은평구 역말로9길 39 (대조동),근린생활1,제1종근린생활시설,1013121252,지번
1138010400103940022,서울특별시 은평구 갈현동,서울특별시 은평구 통일로83길 6-10 (갈현동),근린생활2,제2종근린생활시설,10131100231610,지번
1138010400105280000,서울특별시 은평구 갈현동,서울특별시 은평구 서오릉로 224 (갈현동),근린생활1,제1종근린생활시설,10131100287591,지번
1138010100103680004,서울특별시 은평구 수색동,서울특별시 은평구 수색로 264 (수색동),근린생활1,제1종근린생활시설,101312194,지번
1138010100103680028,서울특별시 은평구 수색동,서울특별시 은평구 수색로16길 3-3 (수색동),근린생활1,제1종근린생활시설,101312212,지번
1138010900102700030,서울특별시 은평구 신사동,서울특별시 은평구 갈현로3길 26 (신사동),근린생활1,제1종근린생활시설,1013136115,지번
1138010100100760027,서울특별시 은평구 수색동,서울특별시 은평구 수색로 232 (수색동),근린생활1,제1종근린생활시설,101311064,지번
1138010100100760004,서울특별시 은평구 수색동,서울특별시 은평구 수색로 234 (수색동),근린생활1,제1종근린생활시설,101311063,지번
1138010600101970002,서울특별시 은평구 대조동,서울특별시 은평구 연서로28길 10 (대조동),근린생활,근린생활시설,1013122198,지번
1138010800100270010,서울특별시 은평구 역촌동,서울특별시 은평구 진흥로 85 (역촌동),근린생활1,제1종근린생활시설,1013131221,지번
1138010100100760031,서울특별시 은평구 수색동,서울특별시 은평구 수색로 224 (수색동),근린생활2,제2종근린생활시설,101311065,지번
1138010700107540001,서울특별시 은평구 응암동,서울특별시 은평구 응암로4길 22 (응암동),근린생활1,제1종근린생활시설,1013128189,지번
1138010700107540001,서울특별시 은평구 응암동,서울특별시 은평구 응암로4길 20 (응암동),근린생활1,제1종근린생활시설,1013128190,지번
1138010700107540001,서울특별시 은평구 응암동,,근린생활1,제1종근린생활시설,1013128191,지번
1138010700107540001,서울특별시 은평구 응암동,,근린생활1,제1종근린생활시설,1013128192,지번
1138010700107540001,서울특별시 은평구 응암동,,근린생활1,단독주택,1013128193,지번
1138010700107540001,서울특별시 은평구 응암동,서울특별시 은평구 응암로4길 24 (응암동),근린생활1,제1종근린생활시설,1013130065,지번
1138010100101540016,서울특별시 은평구 수색동,서울특별시 은평구 수색로 240 (수색동),근린생활1,제2종근린생활시설,101311318,지번
1138010100101540016,서울특별시 은평구 수색동,서울특별시 은평구 수색로 240 (수색동),근린생활1,제1종근린생활시설,101311319,지번
1138010100101060006,서울특별시 은평구 수색동,서울특별시 은평구 수색로 255 (수색동),근린생활1,제1종근린생활시설,101311085,지번
1138010100101050002,서울특별시 은평구 수색동,서울특별시 은평구 은평터널로 8-6 (수색동),근린생활2,제2종근린생활시설,101311082,지번
1138010700107500004,서울특별시 은평구 응암동,서울특별시 은평구 응암로4길 32 (응암동),근린생활1,단독주택,1013128122,지번
1138010700107500004,서울특별시 은평구 응암동,서울특별시 은평구 응암로4길 34 (응암동),근린생활1,제1종근린생활시설,1013128123,지번
1138010100101060020,서울특별시 은평구 수색동,서울특별시 은평구 은평터널로 6 (수색동),근린생활2,제2종근린생활시설,101311087,지번
1138010100103680003,서울특별시 은평구 수색동,서울특별시 은평구 수색로 262-2 (수색동),근린생활1,제1종근린생활시설,101312193,지번
1138010100101050001,서울특별시 은평구 수색동,서울특별시 은평구 은평터널로 8 (수색동),근린생활2,제2종근린생활시설,101311081,지번
1138010100103690001,서울특별시 은평구 수색동,서울특별시 은평구 수색로 260-1 (수색동),근린생활1,제1종근린생활시설,101312213,지번
1138010100103690001,서울특별시 은평구 수색동,서울특별시 은평구 수색로 260-1 (수색동),근린생활1,제1종근린생활시설,101312214,지번
1138011400102050009,서울특별시 은평구 진관동,서울특별시 은평구 진관길 9 (진관동),근린생활1,제1종근린생활시설,10131100274094,지번
1138010100101430011,서울특별시 은평구 수색동,,근린생활2,단독주택,101311268,본번
1138011400102050006,서울특별시 은평구 진관동,서울특별시 은평구 진관길 5 (진관동),근린생활1,제1종근린생활시설,10131100274204,지번
1138010600100060033,서울특별시 은평구 대조동,서울특별시 은평구 통일로67길 14 (대조동),근린생활2,제2종근린생활시설,10131100275075,지번
1138010100103680027,서울특별시 은평구 수색동,서울특별시 은평구 수색로16길 3-4 (수색동),근린생활1,제1종근린생활시설,101312210,지번
1138010700101040002,서울특별시 은평구 응암동,서울특별시 은평구 응암로34길 8 (응암동),근린생활1,제1종근린생활시설,1013123576,지번
1138010100103670005,서울특별시 은평구 수색동,,근린생활,근린생활시설,10131100319076,지번
1138010100103670005,서울특별시 은평구 수색동,서울특별시 은평구 수색로16길 9-2 (수색동),근린생활,근린생활시설,101312167,지번
1138010900100020019,서울특별시 은평구 신사동,서울특별시 은평구 은평로 57 (신사동),근린생활2,제2종근린생활시설,1013133976,지번
1138010600101850006,서울특별시 은평구 대조동,서울특별시 은평구 통일로 839 (대조동),근린생활1,제1종근린생활시설,1013120703,지번
1138010600101850006,서울특별시 은평구 대조동,서울특별시 은평구 통일로 839 (대조동),근린생활1,제1종근린생활시설,1013120704,지번
1138010100103750001,서울특별시 은평구 수색동,서울특별시 은평구 수색로 277 (수색동),근린생활1,제1종근린생활시설,101312247,지번
1138010100103670002,서울특별시 은평구 수색동,서울특별시 은평구 수색로16길 7-1 (수색동),근린생활2,제2종근린생활시설,101312163,지번
1138010700100970020,서울특별시 은평구 응암동,서울특별시 은평구 은평로12길 7-20 (응암동),근린생활1,제1종근린생활시설,1013123266,지번
1138010100103690008,서울특별시 은평구 수색동,서울특별시 은평구 수색로16길 8 (수색동),근린생활1,제1종근린생활시설,101312220,지번
1138010100103750004,서울특별시 은평구 수색동,서울특별시 은평구 수색로 279-3 (수색동),근린생활2,제2종근린생활시설,101312253,지번
1138010100103750005,서울특별시 은평구 수색동,서울특별시 은평구 수색로 279-1 (수색동),근린생활2,제2종근린생활시설,101312254,지번
1138010800100340035,서울특별시 은평구 역촌동,서울특별시 은평구 연서로4길 15 (역촌동),근린생활1,제1종근린생활시설,1013131402,지번
1138010700103760001,서울특별시 은평구 응암동,서울특별시 은평구 응암로 222 (응암동),근린생활1,공동주택,1000000000000007392988,지번
1138010100103670007,서울특별시 은평구 수색동,서울특별시 은평구 수색로18길 4-19 (수색동),근린생활1,제1종근린생활시설,101312168,지번
1138010100103640009,서울특별시 은평구 수색동,서울특별시 은평구 수색로 276-1 (수색동),근린생활1,제1종근린생활시설,101312137,지번
1138010100103680005,서울특별시 은평구 수색동,서울특별시 은평구 수색로 264-1 (수색동),근린생활1,제1종근린생활시설,101312195,지번
1138010100103680026,서울특별시 은평구 수색동,서울특별시 은평구 수색로16길 3-5 (수색동),근린생활1,제1종근린생활시설,101312209,지번
1138010100103660002,서울특별시 은평구 수색동,서울특별시 은평구 수색로 270 (수색동),근린생활1,제1종근린생활시설,101312152,지번
1138010100103660001,서울특별시 은평구 수색동,서울특별시 은평구 수색로 268 (수색동),근린생활1,제1종근린생활시설,101312151,지번
1138010100103670001,서울특별시 은평구 수색동,서울특별시 은평구 수색로16길 7 (수색동),근린생활1,제1종근린생활시설,101312162,지번
1138010100103670010,서울특별시 은평구 수색동,,근린생활1,제1종근린생활시설,101312186,지번
1138010100103670003,서울특별시 은평구 수색동,서울특별시 은평구 수색로16길 9 (수색동),근린생활1,제1종근린생활시설,101312164,지번
1138010700103380011,서울특별시 은평구 응암동,서울특별시 은평구 가좌로 209 (응암동),근린생활2,제2종근린생활시설,1013125363,지번
1138010300200020000,서울특별시 은평구 불광동,서울특별시 은평구 불광로18길 23 (불광동),근린생활2,제2종근린생활시설,1013112102,지번
1138010100101430017,서울특별시 은평구 수색동,,근린생활1,단독주택,101311268,본번
1138010100103650006,서울특별시 은평구 수색동,서울특별시 은평구 수색로18길 6-2 (수색동),근린생활1,제1종근린생활시설,101312142,지번
1138010400104760009,서울특별시 은평구 갈현동,서울특별시 은평구 연서로21길 12-7 (갈현동),근린생활2,제2종근린생활시설,10131100313754,지번
1138010100103790004,서울특별시 은평구 수색동,서울특별시 은평구 수색로 295 (수색동),근린생활1,제1종근린생활시설,101312283,지번
1138010100103790006,서울특별시 은평구 수색동,서울특별시 은평구 수색로 297 (수색동),근린생활1,제1종근린생활시설,101312284,지번
1138011400102790086,서울특별시 은평구 진관동,서울특별시 은평구 대서문길 9 (진관동),근린생활2,제2종근린생활시설,10131100211769,지번
1138010800100340025,서울특별시 은평구 역촌동,서울특별시 은평구 연서로4길 9 (역촌동),근린생활2,제2종근린생활시설,10131100217882,지번
1138010100103210003,서울특별시 은평구 수색동,서울특별시 은평구 수색로22가길 7 (수색동),근린생활2,제2종근린생활시설,10131100308614,지번
1138011400103270004,서울특별시 은평구 진관동,서울특별시 은평구 북한산로 228 (진관동),근린생활2,제2종근린생활시설,10131100261018,지번
1138010200101990000,서울특별시 은평구 녹번동,서울특별시 은평구 은평로 187 (녹번동),근린생활2,제2종근린생활시설,101315214,지번
1138010300103100078,서울특별시 은평구 불광동,서울특별시 은평구 연서로31길 3-1 (불광동),근린생활2,제2종근린생활시설,101318263,지번
1138010300103100022,서울특별시 은평구 불광동,서울특별시 은평구 연서로 253-7 (불광동),근린생활2,제2종근린생활시설,101318254,지번
1138010700107330045,서울특별시 은평구 응암동,서울특별시 은평구 가좌로7나길 27-1 (응암동),근린생활1,제1종근린생활시설,1013127981,지번
1138010900100080018,서울특별시 은평구 신사동,서울특별시 은평구 갈현로 14 (신사동),근린생활1,제2종근린생활시설,1013134093,지번
1138010100103250021,서울특별시 은평구 수색동,서울특별시 은평구 수색로22길 2 (수색동),근린생활1,제1종근린생활시설,101311711,지번
1138010600101850024,서울특별시 은평구 대조동,서울특별시 은평구 연서로 226-1 (대조동),근린생활,근린생활시설,1013120716,지번
1138010400105040062,서울특별시 은평구 갈현동,서울특별시 은평구 갈현로 229 (갈현동),근린생활1,제1종근린생활시설,1013116036,지번
1138010400105030026,서울특별시 은평구 갈현동,서울특별시 은평구 갈현로 237 (갈현동),근린생활1,제1종근린생활시설,1013115989,지번
1138010900100230004,서울특별시 은평구 신사동,서울특별시 은평구 은평로 66 (신사동),근린생활1,제1종근린생활시설,1013134471,지번
1138010900103400010,서울특별시 은평구 신사동,서울특별시 은평구 증산로15길 16 (신사동),근린생활2,제2종근린생활시설,1013136419,지번
1138010100102890037,서울특별시 은평구 수색동,서울특별시 은평구 수색로 388-7 (수색동),근린생활1,제1종근린생활시설,101311505,지번
1138010100102960020,서울특별시 은평구 수색동,서울특별시 은평구 수색로 390-17 (수색동),근린생활2,제2종근린생활시설,101311531,지번
1138010100102960040,서울특별시 은평구 수색동,서울특별시 은평구 수색로 390-31 (수색동),근린생활2,제2종근린생활시설,101311537,지번
1138010700106940001,서울특별시 은평구 응암동,서울특별시 은평구 가좌로7나길 30 (응암동),근린생활1,공동주택,1013129837,지번
1138010700106940001,서울특별시 은평구 응암동,서울특별시 은평구 가좌로7나길 30 (응암동),근린생활1,공동주택,1013129838,지번
1138010700106940001,서울특별시 은평구 응암동,서울특별시 은평구 가좌로7나길 30 (응암동),근린생활1,제1종근린생활시설,1013129841,지번
1138010700106940001,서울특별시 은평구 응암동,서울특별시 은평구 가좌로7나길 30 (응암동),근린생활1,공동주택,1013129842,지번
1138010700106940001,서울특별시 은평구 응암동,서울특별시 은평구 가좌로7나길 30 (응암동),근린생활1,공동주택,1013129843,지번
1138010400105100025,서울특별시 은평구 갈현동,서울특별시 은평구 갈현로19길 10 (갈현동),근린생활2,제2종근린생활시설,1013116168,지번
1138010100103190010,서울특별시 은평구 수색동,서울특별시 은평구 수색로22길 9 (수색동),근린생활1,제1종근린생활시설,101311644,지번
1138010100102870015,서울특별시 은평구 수색동,서울특별시 은평구 수색로 390-4 (수색동),근린생활1,제1종근린생활시설,101311494,지번
1138010400104360012,서울특별시 은평구 갈현동,서울특별시 은평구 갈현로41길 9 (갈현동),근린생활1,제1종근린생활시설,1013115066,지번
1138011400100020007,서울특별시 은평구 진관동,서울특별시 은평구 북한산로 216 (진관동),근린생활2,제2종근린생활시설,10131100287989,지번
1138010700101260025,서울특별시 은평구 응암동,서울특별시 은평구 불광천길 462-3 (응암동),근린생활2,제2종근린생활시설,10131100289134,지번
1138010900103390013,서울특별시 은평구 신사동,서울특별시 은평구 증산로15길 8 (신사동),근린생활1,제1종근린생활시설,1013136401,지번
1138010300100230064,서울특별시 은평구 불광동,서울특별시 은평구 불광로18길 42 (불광동),근린생활1,제1종근린생활시설,10131100285774,지번
1138010900100400003,서울특별시 은평구 신사동,서울특별시 은평구 은평터널로 196 (신사동),근린생활2,제2종근린생활시설,1013134959,지번
1138010400105050005,서울특별시 은평구 갈현동,서울특별시 은평구 갈현로 213-1 (갈현동),근린생활2,제2종근린생활시설,1013116044,지번
1138010100102960008,서울특별시 은평구 수색동,서울특별시 은평구 수색로24길 26 (수색동),근린생활1,제1종근린생활시설,101311528,지번
1138010300105420002,서울특별시 은평구 불광동,서울특별시 은평구 불광로 78 (불광동),근린생활2,제2종근린생활시설,1013110577,지번
1138011000102210004,서울특별시 은평구 증산동,서울특별시 은평구 증산서길 14-7 (증산동),근린생활1,창고시설,10131100263083,지번
1138011000102210004,서울특별시 은평구 증산동,서울특별시 은평구 증산서길 14-7 (증산동),근린생활1,제1종근린생활시설,1013138713,지번
1138010700105920001,서울특별시 은평구 응암동,서울특별시 은평구 응암로13길 23 (응암동),근린생활1,제1종근린생활시설,1013126776,지번
1138010900100220001,서울특별시 은평구 신사동,서울특별시 은평구 은평로 60 (신사동),근린생활1,제1종근린생활시설,1000000000000002556200,지번
1138010700100960040,서울특별시 은평구 응암동,서울특별시 은평구 백련산로 177-12 (응암동),근린생활1,제1종근린생활시설,1013123252,지번
1138010300100130024,서울특별시 은평구 불광동,서울특별시 은평구 불광로 122-7 (불광동),근린생활1,제1종근린생활시설,101316153,지번
1138010300102810044,서울특별시 은평구 불광동,서울특별시 은평구 불광로 48 (불광동),근린생활1,제1종근린생활시설,101317617,지번
1138011400102190007,서울특별시 은평구 진관동,서울특별시 은평구 연서로 522 (진관동),근린생활1,제1종근린생활시설,1000000000000000130251,지번
1138010700100870031,서울특별시 은평구 응암동,서울특별시 은평구 은평로11길 5 (응암동),근린생활1,제1종근린생활시설,1013123150,지번
1138010400104000018,서울특별시 은평구 갈현동,서울특별시 은평구 연서로29길 20-12 (갈현동),근린생활2,제2종근린생활시설,10131100300575,지번
1138010700100880023,서울특별시 은평구 응암동,서울특별시 은평구 은평로9길 14-1 (응암동),근린생활1,제1종근린생활시설,1013123167,지번
1138010700101170002,서울특별시 은평구 응암동,서울특별시 은평구 은평로8길 33 (응암동),근린생활1,제1종근린생활시설,1013123804,지번
1138010700105950057,서울특별시 은평구 응암동,서울특별시 은평구 응암로9길 7-1 (응암동),근린생활1,제1종근린생활시설,1013126936,지번
1138010400103260040,서울특별시 은평구 갈현동,서울특별시 은평구 서오릉로 256 (갈현동),근린생활2,제2종근린생활시설,10131100318155,지번
1138010600102050017,서울특별시 은평구 대조동,서울특별시 은평구 통일로73길 28 (대조동),근린생활,근린생활시설,1013121218,지번
1138010300103570014,서울특별시 은평구 불광동,서울특별시 은평구 연서로 275 (불광동),근린생활1,제1종근린생활시설,101319088,지번
1138010200101440057,서울특별시 은평구 녹번동,서울특별시 은평구 진흥로 120-1 (녹번동),근린생활1,제1종근린생활시설,101314780,지번
1138010200100010063,서울특별시 은평구 녹번동,서울특별시 은평구 진흥로 272-11 (녹번동),근린생활2,제2종근린생활시설,101312684,지번
1138010600102140048,서울특별시 은평구 대조동,서울특별시 은평구 연서로20길 24-6 (대조동),근린생활1,제1종근린생활시설,1013121472,지번
1138010700107480016,서울특별시 은평구 응암동,서울특별시 은평구 가좌로 188 (응암동),근린생활1,제1종근린생활시설,1013128081,지번
1138010400104880013,서울특별시 은평구 갈현동,서울특별시 은평구 연서로17길 34 (갈현동),근린생활1,제1종근린생활시설,1013115745,지번
1138010800100550013,서울특별시 은평구 역촌동,서울특별시 은평구 갈현로 68-1 (역촌동),근린생활2,제2종근린생활시설,10131100196913,지번
1138010300103140003,서울특별시 은평구 불광동,서울특별시 은평구 연서로 269 (불광동),근린생활2,제2종근린생활시설,101318219,지번
1138010400104960001,서울특별시 은평구 갈현동,서울특별시 은평구 갈현로 206 (갈현동),근린생활1,제1종근린생활시설,1013115878,지번
1138010600101850048,서울특별시 은평구 대조동,서울특별시 은평구 연서로28길 1-1 (대조동),근린생활,근린생활시설,1013120732,지번
1138010400103910001,서울특별시 은평구 갈현동,서울특별시 은평구 통일로 929 (갈현동),근린생활2,제2종근린생활시설,1013114273,지번
1138010800100480037,서울특별시 은평구 역촌동,서울특별시 은평구 역말로 25 (역촌동),근린생활1,제1종근린생활시설,10131100271455,지번
1138010300103190010,서울특별시 은평구 불광동,서울특별시 은평구 연서로 262 (불광동),근린생활2,제2종근린생활시설,101318540,지번
1138010200100380029,서울특별시 은평구 녹번동,서울특별시 은평구 통일로 626 (녹번동),근린생활1,제1종근린생활시설,101313553,지번
1138010500100110018,서울특별시 은평구 구산동,서울특별시 은평구 갈현로 154-28 (구산동),근린생활2,제2종근린생활시설,1013117794,지번
1138010300101850002,서울특별시 은평구 불광동,서울특별시 은평구 불광로18길 7 (불광동),근린생활1,제1종근린생활시설,101316961,지번
1138010200102520000,서울특별시 은평구 녹번동,서울특별시 은평구 은평로 229 (녹번동),근린생활2,제2종근린생활시설,101315244,지번
1138010800100480002,서울특별시 은평구 역촌동,서울특별시 은평구 역말로 37 (역촌동),근린생활2,제2종근린생활시설,1013131772,지번
1138010400104750019,서울특별시 은평구 갈현동,서울특별시 은평구 연서로19길 14 (갈현동),근린생활1,제1종근린생활시설,1013115537,지번
1138010100102890010,서울특별시 은평구 수색동,서울특별시 은평구 수색로 388-4 (수색동),근린생활2,제2종근린생활시설,101311498,지번
1138010400104700014,서울특별시 은평구 갈현동,서울특별시 은평구 연서로17길 18 (갈현동),근린생활,근린생활시설,1013115477,지번
1138010100102960017,서울특별시 은평구 수색동,서울특별시 은평구 수색로 390-21 (수색동),근린생활2,제2종근린생활시설,101311530,지번
1138010700101070019,서울특별시 은평구 응암동,서울특별시 은평구 응암로 278 (응암동),근린생활1,제1종근린생활시설,10131100309094,지번
1138010700107490002,서울특별시 은평구 응암동,서울특별시 은평구 가좌로 191-24 (응암동),근린생활1,제1종근린생활시설,1013128085,지번
1138010800100420012,서울특별시 은평구 역촌동,서울특별시 은평구 진흥로1길 4-1 (역촌동),근린생활2,제2종근린생활시설,10131100213229,지번
1138010500100150038,서울특별시 은평구 구산동,서울특별시 은평구 갈현로 139 (구산동),근린생활2,제2종근린생활시설,1013117865,지번
1138010300102810177,서울특별시 은평구 불광동,서울특별시 은평구 통일로 714 (불광동),근린생활1,제1종근린생활시설,10131100300254,지번
1138010300102810149,서울특별시 은평구 불광동,서울특별시 은평구 통일로66길 6-6 (불광동),근린생활2,제2종근린생활시설,10131100227762,지번
1138010900100340022,서울특별시 은평구 신사동,서울특별시 은평구 증산로19길 6-1 (신사동),근린생활2,제2종근린생활시설,10131100182295,지번
1138010700101020001,서울특별시 은평구 응암동,서울특별시 은평구 은평로10길 12 (응암동),근린생활1,제1종근린생활시설,1013123480,지번
1138010700101020001,서울특별시 은평구 응암동,서울특별시 은평구 응암로34가길 20 (응암동),근린생활1,제2종근린생활시설,1013123481,지번
1138010400104360051,서울특별시 은평구 갈현동,서울특별시 은평구 갈현로41길 7 (갈현동),근린생활1,제1종근린생활시설,10131100182344,지번
1138010100103790008,서울특별시 은평구 수색동,서울특별시 은평구 수색로 299 (수색동),근린생활2,제2종근린생활시설,101312286,지번
1138010900103350036,서울특별시 은평구 신사동,서울특별시 은평구 가좌로 275-1 (신사동),근린생활1,제1종근린생활시설,1013136301,지번
1138010600101990018,서울특별시 은평구 대조동,서울특별시 은평구 연서로 204 (대조동),근린생활2,제2종근린생활시설,1013121085,지번
1138011000102220008,서울특별시 은평구 증산동,서울특별시 은평구 증산서길 14 (증산동),근린생활2,제2종근린생활시설,1013138732,지번
1138010400104360015,서울특별시 은평구 갈현동,서울특별시 은평구 갈현로 299 (갈현동),근린생활1,제1종근린생활시설,1013115069,지번
1138010200102800002,서울특별시 은평구 녹번동,서울특별시 은평구 통일로 586-11 (녹번동),근린생활1,제1종근린생활시설,101315251,지번
1138010700101100021,서울특별시 은평구 응암동,서울특별시 은평구 은평로8길 10-4 (응암동),근린생활2,제2종근린생활시설,10131100245465,지번
1138010700100850001,서울특별시 은평구 응암동,서울특별시 은평구 은평로13길 9-1 (응암동),근린생활1,제1종근린생활시설,1013123075,지번
1138010700100840001,서울특별시 은평구 응암동,서울특별시 은평구 서오릉로 9 (응암동),근린생활2,제2종근린생활시설,1013123059,지번
1138010600100140008,서울특별시 은평구 대조동,서울특별시 은평구 통일로 725 (대조동),근린생활1,제1종근린생활시설,1013119336,지번
1138010600100140008,서울특별시 은평구 대조동,서울특별시 은평구 통일로 725 (대조동),근린생활1,제2종근린생활시설,1013119337,지번
1138010300102200001,서울특별시 은평구 불광동,서울특별시 은평구 불광로 143 (불광동),근린생활2,제2종근린생활시설,101317036,지번
1138010300102740012,서울특별시 은평구 불광동,서울특별시 은평구 통일로 736 (불광동),근린생활2,제2종근린생활시설,101317554,지번
1138010600100150046,서울특별시 은평구 대조동,서울특별시 은평구 통일로 713 (대조동),근린생활1,제1종근린생활시설,1013119394,지번
1138010600100150046,서울특별시 은평구 대조동,서울특별시 은평구 통일로 713 (대조동),근린생활1,제1종근린생활시설,1013119395,지번
1138010200101550020,서울특별시 은평구 녹번동,서울특별시 은평구 은평로13길 12-1 (녹번동),근린생활2,제2종근린생활시설,101314936,지번
1138010200101550020,서울특별시 은평구 녹번동,서울특별시 은평구 서오릉로 15 (녹번동),근린생활2,업무시설,101314937,지번
1138010200102020000,서울특별시 은평구 녹번동,서울특별시 은평구 은평로 191 (녹번동),근린생활1,제1종근린생활시설,101315218,지번
1138010700101760003,서울특별시 은평구 응암동,서울특별시 은평구 백련산로 148 (응암동),근린생활2,제2종근린생활시설,10131100189851,지번
1138010400104300017,서울특별시 은평구 갈현동,서울특별시 은평구 통일로83길 23 (갈현동),근린생활2,제2종근린생활시설,1013114947,지번
1138010600101860002,서울특별시 은평구 대조동,서울특별시 은평구 통일로 831 (대조동),근린생활,근린생활시설,1013120765,지번
1138010200100960011,서울특별시 은평구 녹번동,서울특별시 은평구 녹번로 44-2 (녹번동),근린생활2,제2종근린생활시설,101314021,지번
1138011400102960012,서울특별시 은평구 진관동,서울특별시 은평구 북한산로 271-3 (진관동),근린생활2,제2종근린생활시설,1013139849,지번
1138010700106750019,서울특별시 은평구 응암동,서울특별시 은평구 가좌로 166 (응암동),근린생활,근린생활시설,1013127614,지번
1138010300103120129,서울특별시 은평구 불광동,서울특별시 은평구 통일로80길 9 (불광동),근린생활1,제1종근린생활시설,101318499,지번
1138010700101000017,서울특별시 은평구 응암동,서울특별시 은평구 백련산로 155 (응암동),근린생활,근린생활시설,1013123388,지번
1138010600100060028,서울특별시 은평구 대조동,서울특별시 은평구 통일로67길 12 (대조동),근린생활2,제2종근린생활시설,10131100226109,지번
1138010200101320052,서울특별시 은평구 녹번동,서울특별시 은평구 진흥로12길 9 (녹번동),근린생활2,제2종근린생활시설,101314553,지번
1138010700102410044,서울특별시 은평구 응암동,서울특별시 은평구 응암로22길 41 (응암동),근린생활2,제2종근린생활시설,1013124696,지번
1138010800100220039,서울특별시 은평구 역촌동,서울특별시 은평구 연서로 60 (역촌동),근린생활2,제2종근린생활시설,1013130997,지번
1138010700102870007,서울특별시 은평구 응암동,서울특별시 은평구 가좌로 198 (응암동),근린생활1,제1종근린생활시설,1013125171,지번
1138010100103680009,서울특별시 은평구 수색동,서울특별시 은평구 수색로 268-2 (수색동),근린생활,근린생활시설,101312198,지번
1138010600101850003,서울특별시 은평구 대조동,서울특별시 은평구 통일로 843-1 (대조동),근린생활1,제1종근린생활시설,1013120696,지번
1138011000101890018,서울특별시 은평구 증산동,서울특별시 은평구 증산서길 103 (증산동),근린생활2,제2종근린생활시설,1013138222,지번
1138010700107560001,서울특별시 은평구 응암동,서울특별시 은평구 가좌로7길 39 (응암동),근린생활1,제1종근린생활시설,1013128234,지번
1138010300103560001,서울특별시 은평구 불광동,서울특별시 은평구 연서로35길 1 (불광동),근린생활1,제1종근린생활시설,101319051,지번
1138010700100910005,서울특별시 은평구 응암동,서울특별시 은평구 은평로 93 (응암동),근린생활2,제2종근린생활시설,10131100309014,지번
1138010400105020004,서울특별시 은평구 갈현동,서울특별시 은평구 갈현로 246 (갈현동),근린생활2,제2종근린생활시설,1013115949,지번
1138010700107320002,서울특별시 은평구 응암동,서울특별시 은평구 가좌로7길 25 (응암동),근린생활1,제1종근린생활시설,10131100287274,지번
1138010400104250004,서울특별시 은평구 갈현동,서울특별시 은평구 통일로87길 21 (갈현동),근린생활2,제2종근린생활시설,1013114858,지번
1138010700107520002,서울특별시 은평구 응암동,서울특별시 은평구 응암로12길 30 (응암동),근린생활1,제1종근린생활시설,1013128153,지번
1138010400103950024,서울특별시 은평구 갈현동,서울특별시 은평구 통일로 865 (갈현동),근린생활1,제1종근린생활시설,1013114378,지번
1138010600100030041,서울특별시 은평구 대조동,서울특별시 은평구 통일로69길 12 (대조동),근린생활1,제1종근린생활시설,1013119182,지번
1138010400104000005,서울특별시 은평구 갈현동,서울특별시 은평구 연서로29길 20-6 (갈현동),근린생활1,제1종근린생활시설,1013114430,지번
1138010500103820000,서울특별시 은평구 구산동,서울특별시 은평구 서오릉로21길 36 (구산동),판매시설,공동주택,1013117073,지번
1138010500103820000,서울특별시 은평구 구산동,서울특별시 은평구 서오릉로21길 36 (구산동),판매시설,판매시설,1013117074,지번
1138010500103820000,서울특별시 은평구 구산동,서울특별시 은평구 서오릉로21길 36 (구산동),판매시설,공동주택,1013117079,지번
1138010500103820000,서울특별시 은평구 구산동,서울특별시 은평구 서오릉로21길 36 (구산동),판매시설,공동주택,1013117080,지번
1138010500103820000,서울특별시 은평구 구산동,서울특별시 은평구 서오릉로21길 36 (구산동),판매시설,공동주택,1013117081,지번
1138010400102700003,서울특별시 은평구 갈현동,서울특별시 은평구 갈현로33길 29 (갈현동),근린생활1,제1종근린생활시설,1013113064,지번
1138010900103360002,서울특별시 은평구 신사동,서울특별시 은평구 증산로 399 (신사동),근린생활2,제2종근린생활시설,1013136304,지번
1138010700101230037,서울특별시 은평구 응암동,서울특별시 은평구 불광천길 470-3 (응암동),근린생활2,제2종근린생활시설,10131100211802,지번
1138010400103940006,서울특별시 은평구 갈현동,서울특별시 은평구 통일로 875 (갈현동),근린생활1,제1종근린생활시설,1013114350,지번
1138010300103190016,서울특별시 은평구 불광동,서울특별시 은평구 연서로 254-40 (불광동),근린생활2,제2종근린생활시설,10131100228149,지번
1138010700100870018,서울특별시 은평구 응암동,서울특별시 은평구 응암로 338 (응암동),근린생활2,제2종근린생활시설,1013123143,지번
1138010300104230013,서울특별시 은평구 불광동,서울특별시 은평구 연서로 292 (불광동),근린생활1,제2종근린생활시설,101319584,본번
1138010700105920065,서울특별시 은평구 응암동,서울특별시 은평구 불광천길 318 (응암동),근린생활2,제2종근린생활시설,1013126819,지번
1138010600100380019,서울특별시 은평구 대조동,서울특별시 은평구 진흥로 133 (대조동),근린생활1,제1종근린생활시설,10131100292614,지번
1138010600100380019,서울특별시 은평구 대조동,서울특별시 은평구 진흥로 133 (대조동),근린생활1,제1종근린생활시설,1013119622,지번
1138010600100380019,서울특별시 은평구 대조동,서울특별시 은평구 진흥로 133 (대조동),근린생활1,제1종근린생활시설,1013119623,지번
1138010400104750011,서울특별시 은평구 갈현동,서울특별시 은평구 연서로19길 16 (갈현동),근린생활2,제2종근린생활시설,1013115530,지번
1138010400103930004,서울특별시 은평구 갈현동,서울특별시 은평구 통일로87길 5-9 (갈현동),근린생활1,제1종근린생활시설,1013114331,지번
1138010800100740028,서울특별시 은평구 역촌동,서울특별시 은평구 갈현로11길 21 (역촌동),근린생활2,제2종근린생활시설,1013132450,지번
1138010300102810173,서울특별시 은평구 불광동,서울특별시 은평구 통일로 718 (불광동),근린생활1,제1종근린생활시설,101317728,지번
1138010400103990010,서울특별시 은평구 갈현동,서울특별시 은평구 연서로29길 10-1 (갈현동),근린생활2,제2종근린생활시설,1013114413,지번
1138010800100800001,서울특별시 은평구 역촌동,서울특별시 은평구 연서로3길 41 (역촌동),근린생활,근린생활시설,1013132596,지번
1138010800100090006,서울특별시 은평구 역촌동,서울특별시 은평구 연서로10길 2 (역촌동),근린생활1,제1종근린생활시설,1013130458,지번
1138010400104810008,서울특별시 은평구 갈현동,서울특별시 은평구 연서로25길 8 (갈현동),근린생활1,제1종근린생활시설,10131100204102,지번
1138010400104110025,서울특별시 은평구 갈현동,서울특별시 은평구 통일로87길 10 (갈현동),근린생활1,제1종근린생활시설,1013114661,지번
1138010700107300017,서울특별시 은평구 응암동,서울특별시 은평구 가좌로7길 11 (응암동),근린생활1,제1종근린생활시설,1013127877,지번
1138010900100300001,서울특별시 은평구 신사동,서울특별시 은평구 증산로21길 29 (신사동),근린생활1,제1종근린생활시설,1013134747,지번
1138010600101870007,서울특별시 은평구 대조동,서울특별시 은평구 통일로77길 5 (대조동),근린생활1,제1종근린생활시설,1013120791,지번
1138010900100230017,서울특별시 은평구 신사동,서울특별시 은평구 증산로 471 (신사동),근린생활1,제1종근린생활시설,1013134477,지번
1138010600101980003,서울특별시 은평구 대조동,서울특별시 은평구 연서로28길 6 (대조동),근린생활,근린생활시설,1013121054,지번
1138010600101980003,서울특별시 은평구 대조동,서울특별시 은평구 연서로28길 6 (대조동),근린생활,근린생활시설,1013121055,지번
1138010900100010153,서울특별시 은평구 신사동,서울특별시 은평구 갈현로4길 42 (신사동),근린생활2,제2종근린생활시설,1013133963,지번
1138010900100120007,서울특별시 은평구 신사동,서울특별시 은평구 갈현로5길 32 (신사동),근린생활1,제1종근린생활시설,1013134163,지번
1138010800100560001,서울특별시 은평구 역촌동,서울특별시 은평구 역말로 20 (역촌동),근린생활2,제2종근린생활시설,1013131982,지번
1138010300100430000,서울특별시 은평구 불광동,서울특별시 은평구 불광로18가길 50 (불광동),근린생활2,제2종근린생활시설,101316353,지번
1138010700105900040,서울특별시 은평구 응암동,서울특별시 은평구 가좌로9길 7-2 (응암동),근린생활2,제2종근린생활시설,10131100213129,지번
1138010500100030033,서울특별시 은평구 구산동,서울특별시 은평구 연서로15길 16-2 (구산동),근린생활2,제2종근린생활시설,10131100215309,지번
1138010400104520001,서울특별시 은평구 갈현동,서울특별시 은평구 연서로29길 25 (갈현동),근린생활2,제2종근린생활시설,1013115222,지번
1138010700101110039,서울특별시 은평구 응암동,서울특별시 은평구 은평로 92-1 (응암동),근린생활2,제2종근린생활시설,10131100290494,지번
1138010800100380001,서울특별시 은평구 역촌동,서울특별시 은평구 진흥로1길 17 (역촌동),근린생활,근린생활시설,1013131508,지번
1138011400103270000,서울특별시 은평구 진관동,서울특별시 은평구 북한산로 242 (진관동),근린생활2,제2종근린생활시설,10131100267370,지번
1138010400104340008,서울특별시 은평구 갈현동,서울특별시 은평구 갈현로 273 (갈현동),근린생활2,제2종근린생활시설,1013115008,지번
1138010300102810160,서울특별시 은평구 불광동,서울특별시 은평구 통일로66길 4-13 (불광동),근린생활1,제1종근린생활시설,101317715,지번
1138011400103260000,서울특별시 은평구 진관동,서울특별시 은평구 북한산로 246-1 (진관동),근린생활2,제2종근린생활시설,10131100230186,지번
1138011400103260000,서울특별시 은평구 진관동,서울특별시 은평구 북한산로 246 (진관동),근린생활2,제2종근린생활시설,10131100230187,지번
1138010300101040058,서울특별시 은평구 불광동,서울특별시 은평구 연서로 315 (불광동),근린생활2,제2종근린생활시설,101316546,지번
1138010600100040019,서울특별시 은평구 대조동,서울특별시 은평구 통일로 745-9 (대조동),근린생활2,제2종근린생활시설,1013119218,지번
1138010100103180005,서울특별시 은평구 수색동,서울특별시 은평구 수색로22길 7 (수색동),근린생활2,제2종근린생활시설,101311633,지번
1138010300104300006,서울특별시 은평구 불광동,서울특별시 은평구 연서로 291 (불광동),근린생활2,제2종근린생활시설,101319601,지번
1138010300103560019,서울특별시 은평구 불광동,서울특별시 은평구 연서로 283-1 (불광동),근린생활1,제1종근린생활시설,101319069,지번
1138010400104230005,서울특별시 은평구 갈현동,서울특별시 은평구 갈현로 306-7 (갈현동),근린생활2,제2종근린생활시설,1013114825,지번
1138010700105890031,서울특별시 은평구 응암동,서울특별시 은평구 가좌로 241-5 (응암동),근린생활2,제2종근린생활시설,10131100217478,지번
1138010700107320015,서울특별시 은평구 응암동,서울특별시 은평구 가좌로7나길 10-1 (응암동),근린생활,근린생활시설,1013127930,지번
1138010700103260017,서울특별시 은평구 응암동,서울특별시 은평구 가좌로 220-1 (응암동),근린생활2,제2종근린생활시설,1013125249,지번
1138010300102850019,서울특별시 은평구 불광동,서울특별시 은평구 진흥로 203 (불광동),근린생활1,제2종근린생활시설,1000000000000004255823,지번
1138010300102900017,서울특별시 은평구 불광동,서울특별시 은평구 통일로 810 (불광동),근린생활1,제1종근린생활시설,101317809,지번
1138010600102240024,서울특별시 은평구 대조동,서울특별시 은평구 서오릉로 140 (대조동),근린생활1,제1종근린생활시설,1013121694,지번
1138010400103930010,서울특별시 은평구 갈현동,서울특별시 은평구 통일로 889 (갈현동),근린생활2,제2종근린생활시설,1013114337,지번
1138010400104960003,서울특별시 은평구 갈현동,서울특별시 은평구 갈현로 200 (갈현동),근린생활1,제1종근린생활시설,1013115881,지번
1138010500100190009,서울특별시 은평구 구산동,서울특별시 은평구 연서로13길 19-1 (구산동),근린생활2,제2종근린생활시설,1013117988,지번
1138010800100160036,서울특별시 은평구 역촌동,서울특별시 은평구 서오릉로 71 (역촌동),근린생활1,제1종근린생활시설,1013130775,지번
1138010400104600013,서울특별시 은평구 갈현동,서울특별시 은평구 연서로 205-2 (갈현동),근린생활2,제2종근린생활시설,1013115343,지번
1138010300102390016,서울특별시 은평구 불광동,서울특별시 은평구 불광로 111-1 (불광동),근린생활,근린생활시설,101317232,지번
1138010400104110022,서울특별시 은평구 갈현동,서울특별시 은평구 통일로87길 14 (갈현동),근린생활2,제2종근린생활시설,1013114658,지번
1138010400102410046,서울특별시 은평구 갈현동,서울특별시 은평구 갈현로29길 43 (갈현동),근린생활2,제2종근린생활시설,10131100206605,지번
1138010400104480038,서울특별시 은평구 갈현동,서울특별시 은평구 갈현로29길 8-1 (갈현동),근린생활2,제2종근린생활시설,1013115151,지번
1138010700104090038,서울특별시 은평구 응암동,서울특별시 은평구 응암로22길 25 (응암동),근린생활2,제2종근린생활시설,1013125856,지번
1138010200100830031,서울특별시 은평구 녹번동,서울특별시 은평구 은평로21길 57 (녹번동),근린생활2,제2종근린생활시설,101313896,지번
1138010400104550006,서울특별시 은평구 갈현동,서울특별시 은평구 연서로27길 10 (갈현동),근린생활2,제2종근린생활시설,1013115299,지번
1138010600102010002,서울특별시 은평구 대조동,서울특별시 은평구 연서로26길 18 (대조동),근린생활2,제2종근린생활시설,1013121119,지번
1138010900100070010,서울특별시 은평구 신사동,서울특별시 은평구 갈현로 34 (신사동),근린생활1,제1종근린생활시설,1013134071,지번
1138010600101720001,서울특별시 은평구 대조동,서울특별시 은평구 역말로 131 (대조동),근린생활1,제1종근린생활시설,1013120583,지번
1138010300104860002,서울특별시 은평구 불광동,서울특별시 은평구 통일로80길 8 (불광동),근린생활2,제2종근린생활시설,1013110535,지번
1138010700100880030,서울특별시 은평구 응암동,서울특별시 은평구 은평로9길 10 (응암동),근린생활2,제2종근린생활시설,1013128568,지번
1138010600102230015,서울특별시 은평구 대조동,서울특별시 은평구 연서로 160 (대조동),근린생활2,제2종근린생활시설,1013121661,지번
1138010400104310013,서울특별시 은평구 갈현동,서울특별시 은평구 연서로29길 22-17 (갈현동),근린생활2,제2종근린생활시설,1013114963,지번
1138010700101240001,서울특별시 은평구 응암동,서울특별시 은평구 응암로 255 (응암동),근린생활2,제1종근린생활시설,1013123968,지번
1138010200101290025,서울특별시 은평구 녹번동,서울특별시 은평구 진흥로 178 (녹번동),근린생활1,제1종근린생활시설,101314458,지번
1138010700104270130,서울특별시 은평구 응암동,서울특별시 은평구 응암로22길 3-1 (응암동),근린생활1,제1종근린생활시설,1013126150,지번
1138010700101030031,서울특별시 은평구 응암동,서울특별시 은평구 은평로10길 6-1 (응암동),근린생활2,제2종근린생활시설,10131100249577,지번
1138010700100860001,서울특별시 은평구 응암동,서울특별시 은평구 은평로13길 3-1 (응암동),근린생활1,제1종근린생활시설,1013123111,지번
1138010700101150012,서울특별시 은평구 응암동,서울특별시 은평구 은평로6길 9-11 (응암동),근린생활2,제2종근린생활시설,10131100232845,지번
1138010100102910029,서울특별시 은평구 수색동,서울특별시 은평구 수색로 390-20 (수색동),근린생활2,제2종근린생활시설,10131100319435,지번
1138010900100090017,서울특별시 은평구 신사동,서울특별시 은평구 갈현로 39 (신사동),근린생활2,제2종근린생활시설,1013134124,지번
1138010800100630069,서울특별시 은평구 역촌동,서울특별시 은평구 연서로 49 (역촌동),근린생활1,제1종근린생활시설,1013132184,지번
1138010400104600039,서울특별시 은평구 갈현동,서울특별시 은평구 연서로25길 4 (갈현동),근린생활2,제2종근린생활시설,10131100253077,지번
1138010700100990025,서울특별시 은평구 응암동,서울특별시 은평구 은평로12길 12 (응암동),근린생활,근린생활시설,1013123345,지번
1138010300104320001,서울특별시 은평구 불광동,서울특별시 은평구 연서로 303 (불광동),근린생활1,제1종근린생활시설,101319607,지번
1138010300104320001,서울특별시 은평구 불광동,서울특별시 은평구 연서로 303 (불광동),근린생활1,제1종근린생활시설,101319608,지번
1138010100103250013,서울특별시 은평구 수색동,서울특별시 은평구 수색로22길 2 (수색동),근린생활2,제1종근린생활시설,101311711,본번
1138010700100480004,서울특별시 은평구 응암동,서울특별시 은평구 은평로16길 24 (응암동),근린생활1,단독주택,1013122791,지번
1138010700100480004,서울특별시 은평구 응암동,서울특별시 은평구 은평로16길 24 (응암동),근린생활1,제1종근린생활시설,1013122792,지번
1138010700101590011,서울특별시 은평구 응암동,서울특별시 은평구 백련산로 159 (응암동),근린생활2,제2종근린생활시설,1013124056,지번
1138010700102270007,서울특별시 은평구 응암동,서울특별시 은평구 백련산로4길 25-2 (응암동),근린생활2,제2종근린생활시설,1013124509,지번
1138010300100110001,서울특별시 은평구 불광동,서울특별시 은평구 불광로 122-4 (불광동),근린생활1,제1종근린생활시설,101316121,지번
1138010300102890009,서울특별시 은평구 불광동,서울특별시 은평구 통일로 820 (불광동),근린생활1,제1종근린생활시설,101317793,지번
1138010200100070000,서울특별시 은평구 녹번동,서울특별시 은평구 통일로 684 (녹번동),근린생활,교육연구시설,10131100283854,지번
1138010200100070000,서울특별시 은평구 녹번동,서울특별시 은평구 통일로 684 (녹번동),근린생활,공공용시설,101312943,지번
1138010200100070000,서울특별시 은평구 녹번동,서울특별시 은평구 통일로 684 (녹번동),근린생활,교육연구시설,101312959,지번
1138010200100070000,서울특별시 은평구 녹번동,서울특별시 은평구 통일로 684 (녹번동),근린생활,교육연구시설,101312960,지번
1138010200100070000,서울특별시 은평구 녹번동,서울특별시 은평구 통일로 684 (녹번동),근린생활,교육연구시설,101312966,지번
1138010200100070000,서울특별시 은평구 녹번동,서울특별시 은평구 통일로 684 (녹번동),근린생활,공공용시설,101312977,지번
1138010200100070000,서울특별시 은평구 녹번동,서울특별시 은평구 통일로 684 (녹번동),근린생활,제1종근린생활시설,101314255,지번
1138010700101160003,서울특별시 은평구 응암동,서울특별시 은평구 은평로8길 19 (응암동),근린생활1,제1종근린생활시설,1013123795,지번
1138010200102600000,서울특별시 은평구 녹번동,서울특별시 은평구 은평로 233 (녹번동),근린생활1,제1종근린생활시설,101315246,지번
1138011400102770017,서울특별시 은평구 진관동,서울특별시 은평구 대서문길 36 (진관동),근린생활2,제1종근린생활시설,1013140032,지번
1138011400102770017,서울특별시 은평구 진관동,서울특별시 은평구 대서문길 36 (진관동),근린생활2,제1종근린생활시설,1013140033,지번
1138011400102770017,서울특별시 은평구 진관동,서울특별시 은평구 대서문길 36 (진관동),근린생활2,제2종근린생활시설,1013140034,지번
1138011000102090005,서울특별시 은평구 증산동,서울특별시 은평구 증산서길 75 (증산동),근린생활2,제2종근린생활시설,1013138573,지번
1138010700101490010,서울특별시 은평구 응암동,서울특별시 은평구 백련산로 166-13 (응암동),근린생활1,제1종근린생활시설,1013124042,지번
1138010400104550014,서울특별시 은평구 갈현동,서울특별시 은평구 연서로29길 7-10 (갈현동),근린생활2,제2종근린생활시설,1013115305,지번
1138010700100310002,서울특별시 은평구 응암동,서울특별시 은평구 통일로 579-4 (응암동),근린생활2,제2종근린생활시설,10131100206525,지번
1138010700101490017,서울특별시 은평구 응암동,서울특별시 은평구 백련산로 168 (응암동),근린생활2,제2종근린생활시설,1013124044,지번
1138010700100810003,서울특별시 은평구 응암동,서울특별시 은평구 은평로 192 (응암동),근린생활2,제2종근린생활시설,1013123004,지번
1138010400104310005,서울특별시 은평구 갈현동,서울특별시 은평구 연서로29길 24 (갈현동),근린생활2,제2종근린생활시설,1013114957,지번
1138010400104330020,서울특별시 은평구 갈현동,서울특별시 은평구 갈현로33길 6 (갈현동),근린생활2,제2종근린생활시설,1013114989,지번
1138010300103270001,서울특별시 은평구 불광동,서울특별시 은평구 연서로32길 16-1 (불광동),근린생활2,제2종근린생활시설,10131100281654,지번
1138010400103950007,서울특별시 은평구 갈현동,서울특별시 은평구 통일로 863 (갈현동),근린생활1,제1종근린생활시설,1013117089,지번
1138010900103420030,서울특별시 은평구 신사동,서울특별시 은평구 증산로15길 34-1 (신사동),근린생활1,제1종근린생활시설,1013136497,지번
1138010800100660057,서울특별시 은평구 역촌동,서울특별시 은평구 연서로3길 12 (역촌동),근린생활2,제2종근린생활시설,1013132265,지번
1138010300104300007,서울특별시 은평구 불광동,서울특별시 은평구 연서로 295-1 (불광동),근린생활2,제2종근린생활시설,10131100270414,지번
1138010200101180002,서울특별시 은평구 녹번동,서울특별시 은평구 진흥로 190-2 (녹번동),근린생활2,제2종근린생활시설,101314328,지번
1138010200101000038,서울특별시 은평구 녹번동,서울특별시 은평구 녹번로 34-1 (녹번동),근린생활1,제1종근린생활시설,101314089,지번
1138010800100370025,서울특별시 은평구 역촌동,서울특별시 은평구 연서로4길 10-1 (역촌동),근린생활1,제1종근린생활시설,1013131493,지번
1138010200101440063,서울특별시 은평구 녹번동,서울특별시 은평구 진흥로 116 (녹번동),근린생활1,제1종근린생활시설,101314785,지번
1138010600102060011,서울특별시 은평구 대조동,서울특별시 은평구 통일로73길 29 (대조동),근린생활1,제1종근린생활시설,1013121243,지번
1138011000101680004,서울특별시 은평구 증산동,서울특별시 은평구 증산로9길 5 (증산동),근린생활2,제2종근린생활시설,1013137937,지번
1138010800100300009,서울특별시 은평구 역촌동,서울특별시 은평구 진흥로1길 32-3 (역촌동),근린생활1,제1종근린생활시설,1013131312,지번
1138010800100510068,서울특별시 은평구 역촌동,서울특별시 은평구 역말로 13 (역촌동),근린생활1,제1종근린생활시설,1013131891,지번
1138010300100080156,서울특별시 은평구 불광동,서울특별시 은평구 불광로6길 10-10 (불광동),근린생활2,제2종근린생활시설,1013110881,지번
1138010400104100014,서울특별시 은평구 갈현동,서울특별시 은평구 통일로87길 9-9 (갈현동),근린생활1,제1종근린생활시설,1013114633,지번
1138010600100350007,서울특별시 은평구 대조동,서울특별시 은평구 진흥로13길 5 (대조동),근린생활,근린생활시설,1013119587,지번
1138010800100010037,서울특별시 은평구 역촌동,서울특별시 은평구 연서로16길 9-10 (역촌동),근린생활2,제2종근린생활시설,10131100222509,지번
1138010500100170021,서울특별시 은평구 구산동,서울특별시 은평구 연서로13길 25 (구산동),근린생활2,공동주택,10131100287455,지번
1138010500100170021,서울특별시 은평구 구산동,서울특별시 은평구 연서로13길 25 (구산동),근린생활2,공동주택,10131100287466,지번
1138010500100170021,서울특별시 은평구 구산동,서울특별시 은평구 연서로13길 25 (구산동),근린생활2,제2종근린생활시설,10131100287486,지번
1138010400104600025,서울특별시 은평구 갈현동,서울특별시 은평구 연서로25길 6-12 (갈현동),근린생활1,제1종근린생활시설,1013115352,지번
1138011400102950001,서울특별시 은평구 진관동,서울특별시 은평구 북한산로 277 (진관동),근린생활2,제2종근린생활시설,1013139842,지번
1138010900100290178,서울특별시 은평구 신사동,서울특별시 은평구 은평로 30 (신사동),근린생활1,제1종근린생활시설,10131100255991,지번
1138010700105840047,서울특별시 은평구 응암동,서울특별시 은평구 가좌로 248-1 (응암동),근린생활2,제2종근린생활시설,1013126578,지번
1138010600100150010,서울특별시 은평구 대조동,서울특별시 은평구 통일로65길 10-8 (대조동),근린생활2,제2종근린생활시설,1013119375,지번
1138010800100830054,서울특별시 은평구 역촌동,서울특별시 은평구 연서로 29-1 (역촌동),근린생활1,제1종근린생활시설,1013132746,지번
1138010600100430005,서울특별시 은평구 대조동,서울특별시 은평구 진흥로 121-5 (대조동),근린생활2,제2종근린생활시설,1013119671,지번
1138010300102810025,서울특별시 은평구 불광동,서울특별시 은평구 불광로 50-3 (불광동),근린생활2,제2종근린생활시설,10131100309117,지번
1138010300103100090,서울특별시 은평구 불광동,서울특별시 은평구 통일로 850 (불광동),근린생활1,제1종근린생활시설,101318274,지번
1138010300103100090,서울특별시 은평구 불광동,서울특별시 은평구 통일로 850 (불광동),근린생활1,제1종근린생활시설,101318275,지번
1138010300103100090,서울특별시 은평구 불광동,서울특별시 은평구 통일로 850 (불광동),근린생활1,제2종근린생활시설,101318276,지번
1138010300103100090,서울특별시 은평구 불광동,서울특별시 은평구 통일로 850 (불광동),근린생활1,제1종근린생활시설,101318277,지번
1138010300103100090,서울특별시 은평구 불광동,서울특별시 은평구 통일로 850 (불광동),근린생활1,제1종근린생활시설,101318278,지번
1138010300103100090,서울특별시 은평구 불광동,서울특별시 은평구 통일로 850 (불광동),근린생활1,제1종근린생활시설,101318279,지번
1138010300103100090,서울특별시 은평구 불광동,서울특별시 은평구 통일로 850 (불광동),근린생활1,제1종근린생활시설,101318281,지번
1138010300103100090,서울특별시 은평구 불광동,서울특별시 은평구 통일로 850 (불광동),근린생활1,제1종근린생활시설,101318282,지번
1138010300103100090,서울특별시 은평구 불광동,서울특별시 은평구 통일로 850 (불광동),근린생활1,제1종근린생활시설,101318283,지번
1138010300103100090,서울특별시 은평구 불광동,서울특별시 은평구 통일로 850 (불광동),근린생활1,제2종근린생활시설,101318284,지번
1138010300103100090,서울특별시 은평구 불광동,서울특별시 은평구 통일로 850 (불광동),근린생활1,제1종근린생활시설,101318285,지번
1138010300103100090,서울특별시 은평구 불광동,서울특별시 은평구 통일로 850 (불광동),근린생활1,제1종근린생활시설,101318286,지번
1138010300103100090,서울특별시 은평구 불광동,서울특별시 은평구 통일로 850 (불광동),근린생활1,제1종근린생활시설,101318287,지번
1138010300103100090,서울특별시 은평구 불광동,서울특별시 은평구 통일로 850 (불광동),근린생활1,제1종근린생활시설,101318288,지번
1138010300103100090,서울특별시 은평구 불광동,서울특별시 은평구 통일로 850 (불광동),근린생활1,제1종근린생활시설,101318289,지번
1138010300103100090,서울특별시 은평구 불광동,서울특별시 은평구 통일로 850 (불광동),근린생활1,제1종근린생활시설,101318290,지번
1138010300103100090,서울특별시 은평구 불광동,서울특별시 은평구 통일로 850 (불광동),근린생활1,제1종근린생활시설,101318291,지번
1138010300103100090,서울특별시 은평구 불광동,서울특별시 은평구 통일로 850 (불광동),근린생활1,제1종근린생활시설,101318292,지번
1138010400104320020,서울특별시 은평구 갈현동,서울특별시 은평구 갈현로 262 (갈현동),근린생활1,제1종근린생활시설,1013114974,지번
1138010400104000006,서울특별시 은평구 갈현동,서울특별시 은평구 연서로29길 20 (갈현동),근린생활1,제1종근린생활시설,1013114431,지번
1138010400104000006,서울특별시 은평구 갈현동,서울특별시 은평구 연서로29길 20 (갈현동),근린생활1,제1종근린생활시설,1013114432,지번
1138010600100090058,서울특별시 은평구 대조동,서울특별시 은평구 통일로67길 19 (대조동),근린생활2,제2종근린생활시설,10131100235345,지번
1138010900100030010,서울특별시 은평구 신사동,서울특별시 은평구 은평로 51-1 (신사동),근린생활2,제2종근린생활시설,1013133987,지번
1138010800100550034,서울특별시 은평구 역촌동,서울특별시 은평구 역말로 6 (역촌동),근린생활1,제1종근린생활시설,1013131976,지번
1138010800100600001,서울특별시 은평구 역촌동,서울특별시 은평구 역말로6길 8 (역촌동),근린생활1,제1종근린생활시설,1013132060,지번
1138010200101560040,서울특별시 은평구 녹번동,서울특별시 은평구 은평로11길 12-7 (녹번동),근린생활2,제2종근린생활시설,101314967,지번
1138010300101040001,서울특별시 은평구 불광동,서울특별시 은평구 연서로 319 (불광동),근린생활2,제2종근린생활시설,10131100304581,지번
1138010300106070003,서울특별시 은평구 불광동,서울특별시 은평구 진흥로15길 18-28 (불광동),근린생활2,제2종근린생활시설,1013110793,지번
1138010300106040008,서울특별시 은평구 불광동,서울특별시 은평구 진흥로15길 18-11 (불광동),근린생활2,제2종근린생활시설,1013110760,지번
1138010300106070002,서울특별시 은평구 불광동,서울특별시 은평구 진흥로15길 18-26 (불광동),근린생활2,제2종근린생활시설,1013110791,지번
1138011400102960001,서울특별시 은평구 진관동,서울특별시 은평구 북한산로 281-15 (진관동),근린생활2,제2종근린생활시설,1013139843,지번
1138011400103010000,서울특별시 은평구 진관동,서울특별시 은평구 북한산로 268 (진관동),근린생활2,제2종근린생활시설,1013139865,지번
1138010400104500025,서울특별시 은평구 갈현동,서울특별시 은평구 갈현로 249 (갈현동),근린생활2,제2종근린생활시설,10131100248746,지번
1138010100103680006,서울특별시 은평구 수색동,서울특별시 은평구 수색로 266-1 (수색동),근린생활2,제1종근린생활시설,101312196,지번
1138010100103680006,서울특별시 은평구 수색동,서울특별시 은평구 수색로 266 (수색동),근린생활2,제2종근린생활시설,101312197,지번
1138010100100720001,서울특별시 은평구 수색동,서울특별시 은평구 수색로 245 (수색동),근린생활,근린생활시설,101311059,지번
1138010200100960022,서울특별시 은평구 녹번동,서울특별시 은평구 녹번로7길 19-13 (녹번동),근린생활2,제2종근린생활시설,101314026,지번
1138010200100960022,서울특별시 은평구 녹번동,서울특별시 은평구 녹번로7길 19-13 (녹번동),근린생활2,제2종근린생활시설,101314027,지번
1138010400104650016,서울특별시 은평구 갈현동,서울특별시 은평구 서오릉로 152 (갈현동),근린생활2,제2종근린생활시설,1013115432,지번
1138010200100810008,서울특별시 은평구 녹번동,서울특별시 은평구 서오릉로4길 5 (녹번동),근린생활1,제1종근린생활시설,101313837,지번
1138010700100880012,서울특별시 은평구 응암동,서울특별시 은평구 응암로 335 (응암동),근린생활1,제1종근린생활시설,1013123162,지번
1138010400104900013,서울특별시 은평구 갈현동,서울특별시 은평구 연서로17길 46 (갈현동),근린생활1,제1종근린생활시설,1013115779,지번
1138010900100230056,서울특별시 은평구 신사동,서울특별시 은평구 증산로 465 (신사동),근린생활2,제2종근린생활시설,1013134487,지번
1138010100101060001,서울특별시 은평구 수색동,서울특별시 은평구 수색로 256 (수색동),근린생활1,제1종근린생활시설,101311084,지번
1138011400103090014,서울특별시 은평구 진관동,서울특별시 은평구 의상봉길 56-16 (진관동),근린생활2,제2종근린생활시설,10131100318395,지번
1138010100102750010,서울특별시 은평구 수색동,서울특별시 은평구 수색로 394 (수색동),근린생활2,제2종근린생활시설,10131100307594,지번
1138010300104260009,서울특별시 은평구 불광동,서울특별시 은평구 연서로38길 4-2 (불광동),근린생활2,제2종근린생활시설,101319597,지번
1138010900101600000,서울특별시 은평구 신사동,서울특별시 은평구 은평터널로 125 (신사동),근린생활,근린생활시설,1013135070,지번
1138010300102810062,서울특별시 은평구 불광동,서울특별시 은평구 불광로 44-4 (불광동),근린생활2,제2종근린생활시설,10131100224049,지번
1138010900100340048,서울특별시 은평구 신사동,서울특별시 은평구 증산로 439 (신사동),근린생활1,제1종근린생활시설,1013134843,지번
1138010400105200005,서울특별시 은평구 갈현동,서울특별시 은평구 갈현로23길 19 (갈현동),근린생활2,제2종근린생활시설,1013116349,지번
1138010200101510026,서울특별시 은평구 녹번동,서울특별시 은평구 서오릉로6가길 13 (녹번동),근린생활2,단독주택,101314818,지번
1138010400104530009,서울특별시 은평구 갈현동,서울특별시 은평구 연서로27길 16-9 (갈현동),근린생활2,제2종근린생활시설,10131100198633,지번
1138010600101980021,서울특별시 은평구 대조동,서울특별시 은평구 연서로26길 3-19 (대조동),근린생활,근린생활시설,1013121065,지번
1138010600101850010,서울특별시 은평구 대조동,서울특별시 은평구 통일로 833-4 (대조동),근린생활1,제1종근린생활시설,1013120706,지번
1138011000100920126,서울특별시 은평구 증산동,서울특별시 은평구 증산로9길 36-10 (증산동),근린생활1,제1종근린생활시설,1013137666,지번
1138010600100310009,서울특별시 은평구 대조동,서울특별시 은평구 통일로69길 35 (대조동),근린생활2,단독주택,1013119517,지번
1138010900100070022,서울특별시 은평구 신사동,서울특별시 은평구 갈현로 36 (신사동),근린생활2,제2종근린생활시설,10131100240792,지번
1138010300105090000,서울특별시 은평구 불광동,서울특별시 은평구 통일로 938 (불광동),근린생활1,제1종근린생활시설,1013110560,지번
1138010400105270015,서울특별시 은평구 갈현동,서울특별시 은평구 서오릉로 218 (갈현동),근린생활1,제1종근린생활시설,1013116483,지번
1138011400102780032,서울특별시 은평구 진관동,서울특별시 은평구 대서문길 43-10 (진관동),근린생활2,제2종근린생활시설,10131100213529,지번
1138010600101870038,서울특별시 은평구 대조동,서울특별시 은평구 통일로 815 (대조동),근린생활,근린생활시설,1013120807,지번
1138010800100630041,서울특별시 은평구 역촌동,서울특별시 은평구 연서로5길 3 (역촌동),근린생활2,제2종근린생활시설,1013132167,지번
1138010600100140140,서울특별시 은평구 대조동,서울특별시 은평구 불광로 16-4 (대조동),근린생활2,제2종근린생활시설,1013119364,지번
1138010900100410021,서울특별시 은평구 신사동,서울특별시 은평구 가좌로 327 (신사동),근린생활2,제2종근린생활시설,1013134979,지번
1138011400100290000,서울특별시 은평구 진관동,서울특별시 은평구 북한산로 2 (진관동),근린생활2,공동주택,10131100226710,지번
1138011400100290000,서울특별시 은평구 진관동,서울특별시 은평구 북한산로 2 (진관동),근린생활2,공동주택,10131100226945,지번
1138011400100290000,서울특별시 은평구 진관동,서울특별시 은평구 북한산로 2 (진관동),근린생활2,공동주택,10131100226995,지번
1138011400100290000,서울특별시 은평구 진관동,서울특별시 은평구 북한산로 2 (진관동),근린생활2,공동주택,10131100227026,지번
1138011400100290000,서울특별시 은평구 진관동,서울특별시 은평구 북한산로 2 (진관동),근린생활2,공동주택,10131100227053,지번
1138011400100290000,서울특별시 은평구 진관동,서울특별시 은평구 북한산로 2 (진관동),근린생활2,제2종근린생활시설,10131100227102,지번
1138011400100290000,서울특별시 은평구 진관동,서울특별시 은평구 북한산로 2 (진관동),근린생활2,공동주택,10131100227117,지번
1138011400100290000,서울특별시 은평구 진관동,서울특별시 은평구 북한산로 2 (진관동),근린생활2,공동주택,10131100227191,지번
1138011400100290000,서울특별시 은평구 진관동,서울특별시 은평구 북한산로 2 (진관동),근린생활2,공동주택,10131100227282,지번
1138011400100290000,서울특별시 은평구 진관동,서울특별시 은평구 북한산로 2 (진관동),근린생활2,공동주택,10131100227324,지번
1138010200100630004,서울특별시 은평구 녹번동,서울특별시 은평구 통일로 586-35 (녹번동),근린생활2,운동시설,101313689,지번
1138010200100630004,서울특별시 은평구 녹번동,서울특별시 은평구 통일로 586-37 (녹번동),근린생활2,제2종근린생활시설,101313690,지번
1138010900100380026,서울특별시 은평구 신사동,서울특별시 은평구 가좌로 298 (신사동),근린생활2,제2종근린생활시설,1013134932,지번
1138011000102090028,서울특별시 은평구 증산동,서울특별시 은평구 증산서길 71-1 (증산동),근린생활2,제2종근린생활시설,1013138589,지번
1138010500100210051,서울특별시 은평구 구산동,서울특별시 은평구 연서로 93-1 (구산동),근린생활2,제2종근린생활시설,1013118064,지번
1138010900103400027,서울특별시 은평구 신사동,서울특별시 은평구 증산로15길 24-1 (신사동),근린생활1,제1종근린생활시설,1013136434,지번
1138010300101050082,서울특별시 은평구 불광동,서울특별시 은평구 연서로 320 (불광동),근린생활,근린생활시설,101316618,지번
1138010200101950000,서울특별시 은평구 녹번동,서울특별시 은평구 은평로 193-1 (녹번동),근린생활2,제2종근린생활시설,101315212,지번
1138010400104190008,서울특별시 은평구 갈현동,서울특별시 은평구 갈현로 326 (갈현동),근린생활1,제1종근린생활시설,1013114767,지번
1138010700101160001,서울특별시 은평구 응암동,서울특별시 은평구 은평로8길 15 (응암동),근린생활2,제2종근린생활시설,10131100205144,지번
1138010200101330028,서울특별시 은평구 녹번동,서울특별시 은평구 진흥로12길 15 (녹번동),근린생활1,제1종근린생활시설,101314563,지번
1138010800100620053,서울특별시 은평구 역촌동,서울특별시 은평구 연서로 71 (역촌동),근린생활2,제2종근린생활시설,1013132147,지번
1138010700105910010,서울특별시 은평구 응암동,서울특별시 은평구 응암로13길 24 (응암동),근린생활1,제1종근린생활시설,1013126755,지번
1138010200101560004,서울특별시 은평구 녹번동,서울특별시 은평구 은평로13길 13 (녹번동),근린생활1,제1종근린생활시설,101314948,지번
1138010400104000012,서울특별시 은평구 갈현동,서울특별시 은평구 연서로29길 14-17 (갈현동),근린생활1,제1종근린생활시설,1013114437,지번
1138010800100630004,서울특별시 은평구 역촌동,서울특별시 은평구 연서로 47 (역촌동),근린생활2,제2종근린생활시설,1013132150,지번
1138010400104980003,서울특별시 은평구 갈현동,서울특별시 은평구 서오릉로 192 (갈현동),근린생활2,제2종근린생활시설,1013115911,지번
1138010600100150087,서울특별시 은평구 대조동,서울특별시 은평구 통일로65길 26 (대조동),근린생활2,제2종근린생활시설,1013121761,지번
1138010200101560008,서울특별시 은평구 녹번동,서울특별시 은평구 은평로13길 11 (녹번동),근린생활1,제1종근린생활시설,101314951,지번
1138010500102240000,서울특별시 은평구 구산동,서울특별시 은평구 갈현로11길 46 (구산동),근린생활2,공동주택,1013119096,지번
1138010500102240000,서울특별시 은평구 구산동,서울특별시 은평구 갈현로11길 46 (구산동),근린생활2,공동주택,1013119097,지번
1138010500102240000,서울특별시 은평구 구산동,서울특별시 은평구 갈현로11길 46 (구산동),근린생활2,제2종근린생활시설,1013119100,지번
1138010500102240000,서울특별시 은평구 구산동,서울특별시 은평구 갈현로11길 46 (구산동),근린생활2,공동주택,1013119101,지번
1138010500102240000,서울특별시 은평구 구산동,서울특별시 은평구 갈현로11길 46 (구산동),근린생활2,공동주택,1013119102,지번
1138010500102240000,서울특별시 은평구 구산동,서울특별시 은평구 갈현로11길 46 (구산동),근린생활2,공동주택,1013119103,지번
1138010500102240000,서울특별시 은평구 구산동,서울특별시 은평구 갈현로11길 46 (구산동),근린생활2,공동주택,1013119104,지번
1138010500102240000,서울특별시 은평구 구산동,서울특별시 은평구 갈현로11길 46 (구산동),근린생활2,공동주택,1013119105,지번
1138010500102240000,서울특별시 은평구 구산동,서울특별시 은평구 갈현로11길 46 (구산동),근린생활2,공동주택,1013119106,지번
1138010500102240000,서울특별시 은평구 구산동,서울특별시 은평구 갈현로11길 46 (구산동),근린생활2,공동주택,1013119107,지번
1138010800100350027,서울특별시 은평구 역촌동,서울특별시 은평구 연서로 42 (역촌동),근린생활2,제2종근린생활시설,1013131430,지번
1138010100103070001,서울특별시 은평구 수색동,서울특별시 은평구 수색로22길 25-21 (수색동),근린생활2,제2종근린생활시설,101311551,지번
1138010400104520012,서울특별시 은평구 갈현동,서울특별시 은평구 연서로27길 20-5 (갈현동),근린생활1,제1종근린생활시설,1013115229,지번
1138010700101210001,서울특별시 은평구 응암동,서울특별시 은평구 응암로29길 15-2 (응암동),근린생활1,제1종근린생활시설,1013123914,지번
1138010600100030006,서울특별시 은평구 대조동,서울특별시 은평구 통일로69길 7 (대조동),근린생활2,제2종근린생활시설,1013119171,지번
1138010900100090039,서울특별시 은평구 신사동,서울특별시 은평구 갈현로5길 5-9 (신사동),근린생활2,제2종근린생활시설,1013134140,지번
1138010300103190014,서울특별시 은평구 불광동,서울특별시 은평구 연서로 254-15 (불광동),근린생활2,제2종근린생활시설,10131100209564,지번
1138010800100540021,서울특별시 은평구 역촌동,서울특별시 은평구 갈현로11길 6 (역촌동),근린생활2,제2종근린생활시설,1013131950,지번
1138010400103910031,서울특별시 은평구 갈현동,서울특별시 은평구 통일로 919 (갈현동),근린생활1,제1종근린생활시설,1013114295,지번
1138011000101770024,서울특별시 은평구 증산동,서울특별시 은평구 증산로 251 (증산동),근린생활2,제2종근린생활시설,1013138067,지번
1138010900103440016,서울특별시 은평구 신사동,서울특별시 은평구 증산로15길 25 (신사동),근린생활1,제1종근린생활시설,1013136551,지번
1138010800100380009,서울특별시 은평구 역촌동,서울특별시 은평구 진흥로1길 13 (역촌동),근린생활2,제2종근린생활시설,10131100245085,지번
1138010200100590002,서울특별시 은평구 녹번동,서울특별시 은평구 통일로 598-3 (녹번동),근린생활1,제1종근린생활시설,10131100318555,지번
1138010600101980027,서울특별시 은평구 대조동,서울특별시 은평구 연서로 214 (대조동),근린생활1,제1종근린생활시설,1013121068,지번
1138010900101640001,서울특별시 은평구 신사동,,근린생활1,단독주택,1013135075,본번
1138011400103270024,서울특별시 은평구 진관동,서울특별시 은평구 북한산로 228-1 (진관동),근린생활2,제2종근린생활시설,10131100261019,지번
1138010200100420048,서울특별시 은평구 녹번동,서울특별시 은평구 통일로 631-1 (녹번동),근린생활1,제1종근린생활시설,101313581,지번
1138010200100310034,서울특별시 은평구 녹번동,서울특별시 은평구 통일로 647 (녹번동),근린생활1,제1종근린생활시설,101313500,지번
1138010700105780001,서울특별시 은평구 응암동,서울특별시 은평구 응암로21길 3-1 (응암동),근린생활2,제2종근린생활시설,10131100236305,지번
1138010200101610006,서울특별시 은평구 녹번동,서울특별시 은평구 응암로 371 (녹번동),근린생활2,제2종근린생활시설,101315087,지번
1138010200100440019,서울특별시 은평구 녹번동,서울특별시 은평구 은평로21길 3-12 (녹번동),근린생활2,제2종근린생활시설,10131100313902,지번
1138011000102090006,서울특별시 은평구 증산동,서울특별시 은평구 증산서길 73 (증산동),근린생활1,제1종근린생활시설,1013138574,지번
1138010300104840319,서울특별시 은평구 불광동,서울특별시 은평구 통일로 870 (불광동),근린생활1,제1종근린생활시설,1013111961,지번
1138010600101990028,서울특별시 은평구 대조동,서울특별시 은평구 연서로 212 (대조동),근린생활2,제2종근린생활시설,10131100264277,지번
1138010200101570037,서울특별시 은평구 녹번동,서울특별시 은평구 은평로11길 26-2 (녹번동),근린생활1,제1종근린생활시설,101315009,지번
1138010700100860025,서울특별시 은평구 응암동,서울특별시 은평구 은평로 153 (응암동),근린생활1,제1종근린생활시설,10131100224169,지번
1138010900100230034,서울특별시 은평구 신사동,서울특별시 은평구 은평로 60-9 (신사동),근린생활2,제2종근린생활시설,10131100233485,지번
1138010200101090010,서울특별시 은평구 녹번동,서울특별시 은평구 녹번로 63 (녹번동),근린생활1,제1종근린생활시설,101314205,지번
1138010400104980001,서울특별시 은평구 갈현동,서울특별시 은평구 갈현로 182 (갈현동),근린생활2,제2종근린생활시설,10131100249597,지번
1138010700105890037,서울특별시 은평구 응암동,서울특별시 은평구 가좌로 237 (응암동),근린생활1,제1종근린생활시설,1013126710,지번
1138010700105890037,서울특별시 은평구 응암동,서울특별시 은평구 가좌로 237 (응암동),근린생활1,제1종근린생활시설,1013126711,지번
1138010600101920011,서울특별시 은평구 대조동,서울특별시 은평구 통일로73길 18-1 (대조동),근린생활2,제2종근린생활시설,1013120944,지번
1138010300106430000,서울특별시 은평구 불광동,서울특별시 은평구 통일로 796 (불광동),근린생활1,공동주택,10131100224484,지번
1138010300106430000,서울특별시 은평구 불광동,서울특별시 은평구 통일로 796 (불광동),근린생활1,공동주택,10131100224505,지번
1138010300106430000,서울특별시 은평구 불광동,서울특별시 은평구 통일로 796 (불광동),근린생활1,공동주택,10131100224540,지번
1138010300106430000,서울특별시 은평구 불광동,서울특별시 은평구 통일로 796 (불광동),근린생활1,제1종근린생활시설,10131100224573,지번
1138010300106430000,서울특별시 은평구 불광동,서울특별시 은평구 통일로 796 (불광동),근린생활1,공동주택,10131100224637,지번
1138010300106430000,서울특별시 은평구 불광동,서울특별시 은평구 통일로 796 (불광동),근린생활1,공동주택,10131100224698,지번
1138010300106430000,서울특별시 은평구 불광동,서울특별시 은평구 통일로 796 (불광동),근린생활1,공동주택,10131100224731,지번
1138010300106430000,서울특별시 은평구 불광동,서울특별시 은평구 통일로 796 (불광동),근린생활1,공동주택,10131100224814,지번
1138010300106430000,서울특별시 은평구 불광동,서울특별시 은평구 통일로 796 (불광동),근린생활1,공동주택,10131100224934,지번
1138010300106430000,서울특별시 은평구 불광동,서울특별시 은평구 통일로 796 (불광동),근린생활1,공동주택,10131100225000,지번
1138010300106430000,서울특별시 은평구 불광동,서울특별시 은평구 통일로 796 (불광동),근린생활1,공동주택,10131100225052,지번
1138010300106430000,서울특별시 은평구 불광동,서울특별시 은평구 통일로 796 (불광동),근린생활1,공동주택,10131100225146,지번
1138010300106430000,서울특별시 은평구 불광동,서울특별시 은평구 통일로 796 (불광동),근린생활1,공동주택,10131100225223,지번
1138010300106430000,서울특별시 은평구 불광동,서울특별시 은평구 통일로 796 (불광동),근린생활1,공동주택,10131100225264,지번
1138010300106430000,서울특별시 은평구 불광동,서울특별시 은평구 통일로 796 (불광동),근린생활1,공동주택,10131100225371,지번
1138010300106430000,서울특별시 은평구 불광동,서울특별시 은평구 통일로 796 (불광동),근린생활1,공동주택,10131100225408,지번
1138010300102740005,서울특별시 은평구 불광동,서울특별시 은평구 불광로 37-4 (불광동),근린생활2,제2종근린생활시설,101317528,지번
1138010400104800001,서울특별시 은평구 갈현동,서울특별시 은평구 연서로25길 17 (갈현동),근린생활1,제1종근린생활시설,1013115614,지번
1138010200200010089,서울특별시 은평구 녹번동,서울특별시 은평구 진흥로 314 (녹번동),근린생활2,,10131100221879,본번
1138010200101180022,서울특별시 은평구 녹번동,서울특별시 은평구 통일로63길 14-1 (녹번동),근린생활2,제2종근린생활시설,101314344,지번
1138010700105970009,서울특별시 은평구 응암동,서울특별시 은평구 응암로11길 9 (응암동),근린생활,근린생활시설,1013126983,지번
1138010200100830043,서울특별시 은평구 녹번동,서울특별시 은평구 서오릉로2길 13 (녹번동),근린생활2,제2종근린생활시설,101313904,지번
1138010300103070008,서울특별시 은평구 불광동,서울특별시 은평구 통일로 838-4 (불광동),근린생활2,제2종근린생활시설,101318213,지번
1138010800100650004,서울특별시 은평구 역촌동,서울특별시 은평구 연서로3가길 7-1 (역촌동),근린생활1,제1종근린생활시설,1013132219,지번
1138010200100760012,서울특별시 은평구 녹번동,서울특별시 은평구 은평로21길 32 (녹번동),근린생활2,제2종근린생활시설,101313764,지번
1138010200101180027,서울특별시 은평구 녹번동,서울특별시 은평구 녹번로9길 12-1 (녹번동),근린생활1,제1종근린생활시설,101314348,지번
1138010300102810144,서울특별시 은평구 불광동,서울특별시 은평구 통일로66길 6-13 (불광동),근린생활1,제1종근린생활시설,101317701,지번
1138010300101080002,서울특별시 은평구 불광동,서울특별시 은평구 연서로 308 (불광동),근린생활2,제2종근린생활시설,101316635,지번
1138010200101170141,서울특별시 은평구 녹번동,서울특별시 은평구 통일로63길 6 (녹번동),근린생활1,제1종근린생활시설,101314326,지번
1138010700101100030,서울특별시 은평구 응암동,서울특별시 은평구 은평로8길 14 (응암동),근린생활2,제2종근린생활시설,10131100213949,지번
1138010200100280031,서울특별시 은평구 녹번동,서울특별시 은평구 통일로 663 (녹번동),근린생활1,제1종근린생활시설,101313393,지번
1138010400103910046,서울특별시 은평구 갈현동,서울특별시 은평구 통일로 915 (갈현동),근린생활2,제2종근린생활시설,1013114299,지번
1138010200100610001,서울특별시 은평구 녹번동,서울특별시 은평구 통일로 598 (녹번동),근린생활1,제1종근린생활시설,101313685,지번
1138010200100430008,서울특별시 은평구 녹번동,서울특별시 은평구 은평로21길 8 (녹번동),근린생활,근린생활시설,101313590,지번
1138010200102660000,서울특별시 은평구 녹번동,서울특별시 은평구 은평로 235-1 (녹번동),근린생활1,제1종근린생활시설,101315248,지번
1138010200102660000,서울특별시 은평구 녹번동,서울특별시 은평구 은평로 235 (녹번동),근린생활1,제1종근린생활시설,101315249,지번
1138010200102660000,서울특별시 은평구 녹번동,서울특별시 은평구 은평로 237 (녹번동),근린생활1,제1종근린생활시설,101315250,지번
1138010700100040002,서울특별시 은평구 응암동,서울특별시 은평구 은평로 228 (응암동),근린생활1,제1종근린생활시설,1013122398,지번
1138010200200120003,서울특별시 은평구 녹번동,서울특별시 은평구 통일로 627 (녹번동),근린생활1,제1종근린생활시설,101316003,지번
1138010400105030025,서울특별시 은평구 갈현동,서울특별시 은평구 갈현로 245 (갈현동),근린생활1,제1종근린생활시설,1013115988,지번
1138010300102850025,서울특별시 은평구 불광동,서울특별시 은평구 통일로 712-2 (불광동),근린생활2,제2종근린생활시설,101317756,지번
1138010200101170071,서울특별시 은평구 녹번동,서울특별시 은평구 통일로63길 1 (녹번동),근린생활1,제1종근린생활시설,101314300,지번
1138010100103670009,서울특별시 은평구 수색동,서울특별시 은평구 수색로 266-6 (수색동),근린생활1,제1종근린생활시설,101312174,지번
1138010100103670009,서울특별시 은평구 수색동,서울특별시 은평구 수색로 266-6 (수색동),근린생활1,제1종근린생활시설,101312175,지번
1138010100103670009,서울특별시 은평구 수색동,서울특별시 은평구 수색로 266-6 (수색동),근린생활1,근린생활시설,101312176,지번
1138010100103670009,서울특별시 은평구 수색동,서울특별시 은평구 수색로 266-6 (수색동),근린생활1,근린생활시설,101312177,지번
1138010100103670009,서울특별시 은평구 수색동,서울특별시 은평구 수색로 266-6 (수색동),근린생활1,제1종근린생활시설,101312178,지번
1138010100103670009,서울특별시 은평구 수색동,서울특별시 은평구 수색로 266-6 (수색동),근린생활1,근린생활시설,101312179,지번
1138010100103670009,서울특별시 은평구 수색동,서울특별시 은평구 수색로 266-6 (수색동),근린생활1,제1종근린생활시설,101312180,지번
1138010100103670009,서울특별시 은평구 수색동,서울특별시 은평구 수색로 266-6 (수색동),근린생활1,근린생활시설,101312181,지번
1138010100103670009,서울특별시 은평구 수색동,서울특별시 은평구 수색로 266-6 (수색동),근린생활1,제1종근린생활시설,101312182,지번
1138010100103670009,서울특별시 은평구 수색동,서울특별시 은평구 수색로 266-6 (수색동),근린생활1,제1종근린생활시설,101312183,지번
1138010100103670009,서울특별시 은평구 수색동,서울특별시 은평구 수색로 266-6 (수색동),근린생활1,제1종근린생활시설,101312184,지번
1138010100103670009,서울특별시 은평구 수색동,서울특별시 은평구 수색로 266-6 (수색동),근린생활1,제1종근린생활시설,101312185,지번
1138010200100820021,서울특별시 은평구 녹번동,서울특별시 은평구 녹번로 5 (녹번동),근린생활1,제1종근린생활시설,101313862,지번
1138010200100820020,서울특별시 은평구 녹번동,서울특별시 은평구 녹번로 7 (녹번동),근린생활1,제1종근린생활시설,101313861,지번
1138010200101000039,서울특별시 은평구 녹번동,서울특별시 은평구 녹번로 34 (녹번동),근린생활2,제2종근린생활시설,101314090,지번
1138010700104270106,서울특별시 은평구 응암동,서울특별시 은평구 응암로22길 5 (응암동),근린생활1,제1종근린생활시설,1013126131,지번
1138010200101170047,서울특별시 은평구 녹번동,서울특별시 은평구 녹번로 73-1 (녹번동),근린생활1,제1종근린생활시설,101314285,지번
1138010200101170013,서울특별시 은평구 녹번동,서울특별시 은평구 통일로 683 (녹번동),근린생활1,제1종근린생활시설,101314266,지번
1138010200101170054,서울특별시 은평구 녹번동,서울특별시 은평구 녹번로 71 (녹번동),근린생활1,제1종근린생활시설,101314290,지번
1138010200101170005,서울특별시 은평구 녹번동,서울특별시 은평구 통일로 683-1 (녹번동),근린생활1,제1종근린생활시설,101314265,지번
1138010200101170015,서울특별시 은평구 녹번동,서울특별시 은평구 통일로 681 (녹번동),근린생활1,제1종근린생활시설,101314268,지번
1138010200101170061,서울특별시 은평구 녹번동,서울특별시 은평구 통일로 685 (녹번동),근린생활1,제1종근린생활시설,101314295,지번
1138010200101170059,서울특별시 은평구 녹번동,서울특별시 은평구 녹번로9길 2 (녹번동),근린생활1,제1종근린생활시설,101314293,지번
1138010700105950001,서울특별시 은평구 응암동,서울특별시 은평구 응암로 169 (응암동),근린생활2,제2종근린생활시설,1013126914,지번
1138010200101550017,서울특별시 은평구 녹번동,서울특별시 은평구 은평로13길 12 (녹번동),근린생활1,제1종근린생활시설,101314934,지번
1138010200100730014,서울특별시 은평구 녹번동,서울특별시 은평구 은평로 205-1 (녹번동),근린생활2,제2종근린생활시설,101313729,지번
1138010200101090053,서울특별시 은평구 녹번동,서울특별시 은평구 녹번로 68 (녹번동),근린생활2,제2종근린생활시설,101314227,지번
1138010700102440212,서울특별시 은평구 응암동,서울특별시 은평구 백련산로 29 (응암동),근린생활2,제2종근린생활시설,10131100189054,지번
1138010200101160004,서울특별시 은평구 녹번동,서울특별시 은평구 통일로 689 (녹번동),근린생활1,제1종근린생활시설,101314260,지번
1138010600100140018,서울특별시 은평구 대조동,서울특별시 은평구 통일로 723 (대조동),근린생활,근린생활시설,1013119340,지번
1138010800100450022,서울특별시 은평구 역촌동,서울특별시 은평구 연서로 79 (역촌동),근린생활2,제2종근린생활시설,1013131702,지번
1138010600101880008,서울특별시 은평구 대조동,서울특별시 은평구 통일로 795 (대조동),근린생활1,제1종근린생활시설,1013120830,지번
1138010300103100030,서울특별시 은평구 불광동,서울특별시 은평구 연서로 251 (불광동),근린생활1,제1종근린생활시설,101318260,지번
1138010200102350000,서울특별시 은평구 녹번동,서울특별시 은평구 은평로 221 (녹번동),근린생활2,제2종근린생활시설,101315235,지번
1138010700101100057,서울특별시 은평구 응암동,서울특별시 은평구 은평로 112 (응암동),근린생활2,제2종근린생활시설,1013123714,지번
1138010400104250002,서울특별시 은평구 갈현동,서울특별시 은평구 통일로87길 19 (갈현동),근린생활2,제2종근린생활시설,1013114856,지번
1138010200101080027,서울특별시 은평구 녹번동,서울특별시 은평구 녹번로7길 21 (녹번동),근린생활1,제1종근린생활시설,101314194,지번
1138010400104610002,서울특별시 은평구 갈현동,서울특별시 은평구 연서로 193 (갈현동),근린생활1,제1종근린생활시설,1013115363,지번
1138010400104610002,서울특별시 은평구 갈현동,서울특별시 은평구 연서로 193 (갈현동),근린생활1,자동차관련시설,1013115364,지번
1138011400102780007,서울특별시 은평구 진관동,서울특별시 은평구 대서문길 29 (진관동),근린생활1,제1종근린생활시설,10131100223049,지번
1138010700103970210,서울특별시 은평구 응암동,서울특별시 은평구 응암로16길 18 (응암동),근린생활2,제2종근린생활시설,10131100272614,지번
1138010200100350101,서울특별시 은평구 녹번동,서울특별시 은평구 통일로 631 (녹번동),근린생활1,제1종근린생활시설,101313534,지번
1138011000101630006,서울특별시 은평구 증산동,서울특별시 은평구 증산로 335 (증산동),근린생활2,제2종근린생활시설,1013137860,지번
1138010400104360014,서울특별시 은평구 갈현동,서울특별시 은평구 갈현로 301 (갈현동),근린생활1,제1종근린생활시설,1013115068,지번
1138010700101190009,서울특별시 은평구 응암동,서울특별시 은평구 응암로21가길 26-1 (응암동),근린생활1,제1종근린생활시설,1013123869,지번
1138010200100820027,서울특별시 은평구 녹번동,서울특별시 은평구 서오릉로 18 (녹번동),근린생활,근린생활시설,101313869,지번
1138010200100820011,서울특별시 은평구 녹번동,서울특별시 은평구 녹번로 9 (녹번동),근린생활2,제2종근린생활시설,101313856,지번
1138010700100860008,서울특별시 은평구 응암동,서울특별시 은평구 은평로 159 (응암동),근린생활2,제2종근린생활시설,1013123114,지번
1138010700100850003,서울특별시 은평구 응암동,서울특별시 은평구 은평로13길 11-5 (응암동),근린생활1,제1종근린생활시설,1013123077,지번
1138010200101170116,서울특별시 은평구 녹번동,서울특별시 은평구 통일로 699 (녹번동),근린생활1,제1종근린생활시설,101314324,지번
1138010600100330041,서울특별시 은평구 대조동,서울특별시 은평구 서오릉로8길 28-1 (대조동),근린생활2,제2종근린생활시설,10131100205244,지번
1138010700105910039,서울특별시 은평구 응암동,서울특별시 은평구 응암로13길 30 (응암동),근린생활2,제2종근린생활시설,1013126774,지번
1138010400104000007,서울특별시 은평구 갈현동,서울특별시 은평구 연서로29길 16 (갈현동),근린생활2,제2종근린생활시설,1013114433,지번
1138010200100430007,서울특별시 은평구 녹번동,서울특별시 은평구 은평로21길 4 (녹번동),근린생활1,단독주택,101313588,지번
1138010200100430007,서울특별시 은평구 녹번동,서울특별시 은평구 은평로21길 4 (녹번동),근린생활1,제1종근린생활시설,101313589,지번
1138010200100610006,서울특별시 은평구 녹번동,서울특별시 은평구 통일로 596 (녹번동),근린생활2,제2종근린생활시설,101313686,지번
1138010700105990069,서울특별시 은평구 응암동,서울특별시 은평구 응암로11길 14-1 (응암동),근린생활2,제2종근린생활시설,10131100211445,지번
1138010700101210027,서울특별시 은평구 응암동,서울특별시 은평구 은평로4길 43 (응암동),근린생활1,제1종근린생활시설,1013123923,지번
1138010700100720008,서울특별시 은평구 응암동,서울특별시 은평구 은평로16길 6 (응암동),근린생활1,제1종근린생활시설,1013122972,지번
1138010700101170041,서울특별시 은평구 응암동,서울특별시 은평구 은평로8길 47 (응암동),근린생활1,제1종근린생활시설,1013123828,지번
1138010700101190014,서울특별시 은평구 응암동,서울특별시 은평구 응암로21가길 24 (응암동),근린생활2,제2종근린생활시설,10131100273927,지번
1138010200102010000,서울특별시 은평구 녹번동,서울특별시 은평구 은평로 189-1 (녹번동),근린생활2,제2종근린생활시설,10131100191093,지번
1138010200100280061,서울특별시 은평구 녹번동,서울특별시 은평구 통일로 667 (녹번동),근린생활1,제1종근린생활시설,101313405,지번
1138010200100280036,서울특별시 은평구 녹번동,서울특별시 은평구 통일로59길 4 (녹번동),근린생활1,제1종근린생활시설,101313395,지번
1138010300106010003,서울특별시 은평구 불광동,서울특별시 은평구 불광로2길 6-1 (불광동),근린생활1,제1종근린생활시설,1013110727,지번
1138010700100900014,서울특별시 은평구 응암동,서울특별시 은평구 은평로 101 (응암동),근린생활1,제1종근린생활시설,1013128577,지번
1138010200101940000,서울특별시 은평구 녹번동,서울특별시 은평구 은평로 187-2 (녹번동),근린생활2,제2종근린생활시설,101315211,지번
1138010200101930000,서울특별시 은평구 녹번동,서울특별시 은평구 은평로 193-2 (녹번동),근린생활2,제2종근린생활시설,101315210,지번
1138010700100810056,서울특별시 은평구 응암동,서울특별시 은평구 은평로14길 4-1 (응암동),근린생활1,제1종근린생활시설,1013123020,지번
1138010400104520017,서울특별시 은평구 갈현동,서울특별시 은평구 연서로27길 26-4 (갈현동),근린생활1,제1종근린생활시설,10131100247496,지번
1138010200100790040,서울특별시 은평구 녹번동,서울특별시 은평구 은평로 201-4 (녹번동),근린생활1,제1종근린생활시설,101313812,지번
1138010200101090011,서울특별시 은평구 녹번동,서울특별시 은평구 녹번로 61 (녹번동),근린생활1,제1종근린생활시설,101314206,지번
1138010200100160001,서울특별시 은평구 녹번동,서울특별시 은평구 통일로62길 6 (녹번동),근린생활2,제2종근린생활시설,101312991,지번
1138010700107330054,서울특별시 은평구 응암동,서울특별시 은평구 가좌로7나길 33 (응암동),근린생활1,제1종근린생활시설,1013127987,지번
1138010200101830001,서울특별시 은평구 녹번동,서울특별시 은평구 서오릉로2길 8 (녹번동),근린생활2,제2종근린생활시설,101315201,지번
1138010200101800000,서울특별시 은평구 녹번동,서울특별시 은평구 서오릉로 10 (녹번동),근린생활2,제2종근린생활시설,101315197,지번
1138010200101810000,서울특별시 은평구 녹번동,서울특별시 은평구 서오릉로 8 (녹번동),근린생활2,제2종근린생활시설,101315198,지번
1138010600100380009,서울특별시 은평구 대조동,서울특별시 은평구 진흥로 141 (대조동),근린생활2,제2종근린생활시설,1013119616,지번
1138010700100960004,서울특별시 은평구 응암동,서울특별시 은평구 백련산로 177-8 (응암동),근린생활1,제1종근린생활시설,1013123241,지번
1138010200102390000,서울특별시 은평구 녹번동,서울특별시 은평구 은평로 223 (녹번동),근린생활2,제2종근린생활시설,101315239,지번
1138010700105840050,서울특별시 은평구 응암동,서울특별시 은평구 가좌로 256 (응암동),근린생활2,제2종근린생활시설,1013126581,지번
1138010700107520022,서울특별시 은평구 응암동,서울특별시 은평구 가좌로7길 12 (응암동),근린생활2,제2종근린생활시설,1013128170,지번
1138010700100960029,서울특별시 은평구 응암동,서울특별시 은평구 은평로 158 (응암동),근린생활1,제1종근린생활시설,1013123248,지번
1138010700100860006,서울특별시 은평구 응암동,서울특별시 은평구 은평로 161 (응암동),근린생활1,제1종근린생활시설,1013123113,지번
1138010200101550042,서울특별시 은평구 녹번동,서울특별시 은평구 서오릉로 19 (녹번동),근린생활2,제2종근린생활시설,101314944,지번
1138010400104130001,서울특별시 은평구 갈현동,서울특별시 은평구 통일로89길 5 (갈현동),근린생활2,제2종근린생활시설,1013114670,지번
1138010800100400007,서울특별시 은평구 역촌동,서울특별시 은평구 진흥로5길 15 (역촌동),근린생활1,제1종근린생활시설,1013131555,지번
1138010800100320007,서울특별시 은평구 역촌동,서울특별시 은평구 진흥로1다길 2 (역촌동),근린생활2,제2종근린생활시설,1013131347,지번
1138010200101900000,서울특별시 은평구 녹번동,서울특별시 은평구 은평로 187-5 (녹번동),근린생활1,제1종근린생활시설,101315207,지번
1138010200102000000,서울특별시 은평구 녹번동,서울특별시 은평구 은평로 189 (녹번동),근린생활2,제2종근린생활시설,101315215,지번
1138010200102040000,서울특별시 은평구 녹번동,서울특별시 은평구 은평로 193-1 (녹번동),근린생활2,제2종근린생활시설,101315220,지번
1138010200100790026,서울특별시 은평구 녹번동,서울특별시 은평구 은평로 201-2 (녹번동),근린생활,근린생활시설,101313804,지번
1138010700100840029,서울특별시 은평구 응암동,서울특별시 은평구 서오릉로 9-13 (응암동),근린생활1,제1종근린생활시설,1013123070,지번
1138010300103100177,서울특별시 은평구 불광동,서울특별시 은평구 통일로80길 16-6 (불광동),근린생활2,제2종근린생활시설,101318342,지번
1138010600101870014,서울특별시 은평구 대조동,서울특별시 은평구 통일로 819 (대조동),근린생활2,제2종근린생활시설,1013120793,지번
1138010600101870014,서울특별시 은평구 대조동,서울특별시 은평구 통일로 819 (대조동),근린생활2,제1종근린생활시설,1013120795,지번
1138010800100560030,서울특별시 은평구 역촌동,서울특별시 은평구 역말로 18 (역촌동),근린생활2,제2종근린생활시설,1013131994,지번
1138010700107450004,서울특별시 은평구 응암동,서울특별시 은평구 가좌로7길 4 (응암동),근린생활1,제1종근린생활시설,1013128041,지번
1138010400104620019,서울특별시 은평구 갈현동,서울특별시 은평구 연서로21길 8 (갈현동),근린생활2,제2종근린생활시설,1013115398,지번
1138010200100810019,서울특별시 은평구 녹번동,서울특별시 은평구 서오릉로 30-11 (녹번동),근린생활2,제2종근린생활시설,101313844,지번
1138010200100820026,서울특별시 은평구 녹번동,서울특별시 은평구 서오릉로 16 (녹번동),근린생활1,제1종근린생활시설,101313868,지번
1138010300104340004,서울특별시 은평구 불광동,서울특별시 은평구 연서로37길 18 (불광동),근린생활1,단독주택,101319627,지번
1138010200100420024,서울특별시 은평구 녹번동,서울특별시 은평구 통일로 625 (녹번동),근린생활2,제2종근린생활시설,101313576,지번
1138010400105390000,서울특별시 은평구 갈현동,서울특별시 은평구 갈현로23길 41 (갈현동),근린생활2,공동주택,1013117542,지번
1138010400105390000,서울특별시 은평구 갈현동,서울특별시 은평구 갈현로23길 41 (갈현동),근린생활2,제2종근린생활시설,1013117543,지번
1138010200100830046,서울특별시 은평구 녹번동,서울특별시 은평구 서오릉로2길 11 (녹번동),근린생활2,제2종근린생활시설,101313905,지번
1138010400103980007,서울특별시 은평구 갈현동,서울특별시 은평구 통일로 855-7 (갈현동),근린생활1,제1종근린생활시설,1013114394,지번
1138010400103980007,서울특별시 은평구 갈현동,서울특별시 은평구 통일로 855-7 (갈현동),근린생활1,제2종근린생활시설,1013114395,지번
1138010300104940004,서울특별시 은평구 불광동,서울특별시 은평구 통일로92길 4 (불광동),근린생활1,제1종근린생활시설,1013110556,지번
1138010200101180001,서울특별시 은평구 녹번동,서울특별시 은평구 진흥로 190-1 (녹번동),근린생활1,제1종근린생활시설,101314327,지번
1138010600100150030,서울특별시 은평구 대조동,서울특별시 은평구 통일로65길 5 (대조동),근린생활1,제1종근린생활시설,1013119385,지번
1138010200101180020,서울특별시 은평구 녹번동,서울특별시 은평구 진흥로 190 (녹번동),근린생활1,제1종근린생활시설,101314342,지번
1138010200101180021,서울특별시 은평구 녹번동,서울특별시 은평구 진흥로 188 (녹번동),근린생활2,제2종근린생활시설,101314343,지번
1138010700103510022,서울특별시 은평구 응암동,서울특별시 은평구 응암로14길 15-29 (응암동),근린생활1,제1종근린생활시설,1013125472,지번
1138010800100430065,서울특별시 은평구 역촌동,서울특별시 은평구 진흥로 23-1 (역촌동),근린생활2,제2종근린생활시설,10131100218800,지번
1138010300102810018,서울특별시 은평구 불광동,서울특별시 은평구 진흥로15길 21 (불광동),근린생활2,제2종근린생활시설,101317594,지번
1138010300102850012,서울특별시 은평구 불광동,서울특별시 은평구 진흥로15길 5 (불광동),근린생활2,제2종근린생활시설,101317746,지번
1138010200100830008,서울특별시 은평구 녹번동,서울특별시 은평구 녹번로 12 (녹번동),근린생활2,제2종근린생활시설,101315644,지번
1138010200100790043,서울특별시 은평구 녹번동,서울특별시 은평구 은평로 203-3 (녹번동),근린생활,근린생활시설,101313814,지번
1138010200100730017,서울특별시 은평구 녹번동,서울특별시 은평구 은평로 205-7 (녹번동),근린생활2,제2종근린생활시설,101313730,지번
1138010300100240004,서울특별시 은평구 불광동,서울특별시 은평구 불광로18길 22 (불광동),근린생활2,제2종근린생활시설,101316327,지번
1138010400104310010,서울특별시 은평구 갈현동,서울특별시 은평구 연서로29길 30-4 (갈현동),근린생활2,제2종근린생활시설,1013114961,지번
1138010600100770017,서울특별시 은평구 대조동,서울특별시 은평구 통일로69길 25 (대조동),근린생활2,제2종근린생활시설,1013120070,지번
1138010300102810112,서울특별시 은평구 불광동,서울특별시 은평구 통일로66길 12 (불광동),근린생활1,제1종근린생활시설,101317674,지번
1138010800100420001,서울특별시 은평구 역촌동,서울특별시 은평구 진흥로 49 (역촌동),근린생활2,제2종근린생활시설,1013131607,지번
1138010200102260000,서울특별시 은평구 녹번동,서울특별시 은평구 은평로 219 (녹번동),근린생활1,제1종근린생활시설,101315229,지번
1138010700106000004,서울특별시 은평구 응암동,서울특별시 은평구 응암로13길 9-1 (응암동),근린생활2,제2종근린생활시설,1013127079,지번
1138010800100550032,서울특별시 은평구 역촌동,서울특별시 은평구 갈현로 72 (역촌동),근린생활2,제2종근린생활시설,1013131974,지번
1138010400103940002,서울특별시 은평구 갈현동,서울특별시 은평구 통일로 883 (갈현동),근린생활1,제1종근린생활시설,1013114346,지번
1138010400102670001,서울특별시 은평구 갈현동,서울특별시 은평구 갈현로29길 61 (갈현동),근린생활1,제1종근린생활시설,1013112997,지번
1138010400102670001,서울특별시 은평구 갈현동,서울특별시 은평구 갈현로29길 61 (갈현동),근린생활1,공동주택,1013116713,지번
1138010700104270110,서울특별시 은평구 응암동,서울특별시 은평구 응암로22길 5-10 (응암동),근린생활1,제1종근린생활시설,1013126135,지번
1138010300102810056,서울특별시 은평구 불광동,서울특별시 은평구 불광로 44-3 (불광동),근린생활2,제2종근린생활시설,101317629,지번
1138010300102440141,서울특별시 은평구 불광동,서울특별시 은평구 통일로68길 34 (불광동),근린생활1,제1종근린생활시설,101317353,지번
1138011400103270023,서울특별시 은평구 진관동,서울특별시 은평구 북한산로 228-2 (진관동),근린생활2,제2종근린생활시설,10131100261020,지번
1138010200100340002,서울특별시 은평구 녹번동,서울특별시 은평구 통일로 643 (녹번동),근린생활2,제2종근린생활시설,101313505,지번
1138010200100340002,서울특별시 은평구 녹번동,서울특별시 은평구 통일로 643 (녹번동),근린생활2,제2종근린생활시설,101313506,지번
1138010300100430005,서울특별시 은평구 불광동,서울특별시 은평구 불광로18가길 44 (불광동),근린생활2,제2종근린생활시설,10131100308874,지번
1138010200101150025,서울특별시 은평구 녹번동,서울특별시 은평구 진흥로 194 (녹번동),근린생활2,제2종근린생활시설,101314258,지번
1138011000101790001,서울특별시 은평구 증산동,서울특별시 은평구 증산로 235 (증산동),근린생활2,제2종근린생활시설,10131100310394,지번
1138010600101790036,서울특별시 은평구 대조동,서울특별시 은평구 진흥로 111 (대조동),근린생활2,제2종근린생활시설,1013120677,지번
1138010600101790036,서울특별시 은평구 대조동,서울특별시 은평구 진흥로 111 (대조동),근린생활2,제1종근린생활시설,1013120678,지번
1138010200100290087,서울특별시 은평구 녹번동,서울특별시 은평구 녹번로 60 (녹번동),근린생활2,제2종근린생활시설,101313450,지번
1138010200101550013,서울특별시 은평구 녹번동,서울특별시 은평구 서오릉로 21 (녹번동),근린생활2,제2종근린생활시설,101314931,지번
1138010300102420003,서울특별시 은평구 불광동,서울특별시 은평구 불광로 79 (불광동),근린생활2,제2종근린생활시설,101317266,지번
1138010400104660016,서울특별시 은평구 갈현동,서울특별시 은평구 연서로21길 7-7 (갈현동),근린생활2,제2종근린생활시설,1013115448,지번
1138010100103660014,서울특별시 은평구 수색동,서울특별시 은평구 수색로18길 4-12 (수색동),근린생활1,제1종근린생활시설,101312160,지번
1138010700100610003,서울특별시 은평구 응암동,서울특별시 은평구 은평로 232 (응암동),근린생활1,제1종근린생활시설,1013122897,지번
1138010600100030047,서울특별시 은평구 대조동,서울특별시 은평구 통일로69길 10 (대조동),근린생활,근린생활시설,1013119184,지번
1138010200100420022,서울특별시 은평구 녹번동,서울특별시 은평구 통일로 625-2 (녹번동),근린생활1,제1종근린생활시설,10131100290595,지번
1138011000101860001,서울특별시 은평구 증산동,서울특별시 은평구 증산로7길 17 (증산동),근린생활1,제1종근린생활시설,1013138160,지번
1138010300103120024,서울특별시 은평구 불광동,서울특별시 은평구 통일로80길 11 (불광동),근린생활2,제2종근린생활시설,101318449,지번
1138010400104120001,서울특별시 은평구 갈현동,서울특별시 은평구 통일로87길 6-11 (갈현동),근린생활1,제1종근린생활시설,1013114662,지번
1138010300102810127,서울특별시 은평구 불광동,서울특별시 은평구 진흥로15길 7 (불광동),근린생활2,제2종근린생활시설,101317688,지번
1138010600100140145,서울특별시 은평구 대조동,서울특별시 은평구 통일로 715-14 (대조동),근린생활2,제2종근린생활시설,1013119365,지번
1138010300106070005,서울특별시 은평구 불광동,서울특별시 은평구 진흥로15길 18-20 (불광동),근린생활2,제2종근린생활시설,1013110798,지번
1138010200101410055,서울특별시 은평구 녹번동,서울특별시 은평구 진흥로 138-9 (녹번동),근린생활2,제2종근린생활시설,101314667,지번
1138010300101890042,서울특별시 은평구 불광동,서울특별시 은평구 불광로16길 11 (불광동),근린생활2,제2종근린생활시설,101316975,지번
1138010400103920010,서울특별시 은평구 갈현동,서울특별시 은평구 통일로87길 6 (갈현동),근린생활1,제1종근린생활시설,1013114305,지번
1138010800100630060,서울특별시 은평구 역촌동,서울특별시 은평구 연서로 37 (역촌동),근린생활2,제2종근린생활시설,1013132182,지번
1138010700100720002,서울특별시 은평구 응암동,서울특별시 은평구 은평로 200 (응암동),근린생활2,제2종근린생활시설,1013122965,지번
1138010300102810168,서울특별시 은평구 불광동,서울특별시 은평구 통일로66길 4-6 (불광동),근린생활2,제2종근린생활시설,101317723,지번
1138010400104090009,서울특별시 은평구 갈현동,서울특별시 은평구 통일로87길 9-5 (갈현동),근린생활2,제2종근린생활시설,1013114620,지번
1138011400103230013,서울특별시 은평구 진관동,서울특별시 은평구 북한산로 256-1 (진관동),근린생활2,제2종근린생활시설,10131100318073,지번
1138010600101790005,서울특별시 은평구 대조동,서울특별시 은평구 서오릉로 90 (대조동),근린생활2,제2종근린생활시설,1013120658,지번
1138010800100810001,서울특별시 은평구 역촌동,서울특별시 은평구 연서로3길 23 (역촌동),근린생활2,제2종근린생활시설,1013132640,지번
1138010200102170000,서울특별시 은평구 녹번동,서울특별시 은평구 은평로 215-1 (녹번동),근린생활2,제2종근린생활시설,101315225,지번
1138010300102810148,서울특별시 은평구 불광동,서울특별시 은평구 통일로66길 6-8 (불광동),근린생활2,제2종근린생활시설,10131100222797,지번
1138010700100970001,서울특별시 은평구 응암동,서울특별시 은평구 백련산로 175 (응암동),근린생활2,제2종근린생활시설,1013123253,지번
1138011400102790080,서울특별시 은평구 진관동,서울특별시 은평구 대서문길 13 (진관동),근린생활2,제2종근린생활시설,10131100207025,지번
1138010400104640005,서울특별시 은평구 갈현동,서울특별시 은평구 연서로 159 (갈현동),근린생활2,제2종근린생활시설,1013115421,지번
1138010400104720011,서울특별시 은평구 갈현동,서울특별시 은평구 연서로17길 26-7 (갈현동),근린생활2,제2종근린생활시설,1013115484,지번
1138010900101800005,서울특별시 은평구 신사동,서울특별시 은평구 은평터널로 143 (신사동),근린생활2,제1종근린생활시설,1013135206,본번
1138010800100090037,서울특별시 은평구 역촌동,서울특별시 은평구 연서로 84 (역촌동),근린생활2,제2종근린생활시설,1013130474,지번
1138011000101660018,서울특별시 은평구 증산동,서울특별시 은평구 증산로9길 10 (증산동),근린생활1,제1종근린생활시설,1013137912,지번
1138010900102000137,서울특별시 은평구 신사동,서울특별시 은평구 은평터널로 169 (신사동),근린생활1,제1종근린생활시설,1013137198,지번
1138010400103980001,서울특별시 은평구 갈현동,서울특별시 은평구 통일로 855-15 (갈현동),근린생활1,제1종근린생활시설,1013114390,지번
1138010900103440013,서울특별시 은평구 신사동,서울특별시 은평구 증산로15길 31 (신사동),근린생활1,제1종근린생활시설,1013136549,지번
1138010900103420037,서울특별시 은평구 신사동,서울특별시 은평구 증산로17길 25-3 (신사동),근린생활2,제2종근린생활시설,1013136502,지번
1138011000101850016,서울특별시 은평구 증산동,서울특별시 은평구 증산서길 66 (증산동),근린생활2,제2종근린생활시설,1013138151,지번
1138010600102250013,서울특별시 은평구 대조동,서울특별시 은평구 연서로18길 6 (대조동),근린생활2,단독주택,10131100314274,지번
1138010800100300029,서울특별시 은평구 역촌동,서울특별시 은평구 진흥로1길 34 (역촌동),근린생활2,제2종근린생활시설,1013131327,지번
1138010400104120002,서울특별시 은평구 갈현동,서울특별시 은평구 통일로87길 6-7 (갈현동),근린생활1,제1종근린생활시설,1013114663,지번
1138010900103430022,서울특별시 은평구 신사동,서울특별시 은평구 증산로15길 38-1 (신사동),근린생활1,제1종근린생활시설,1013136524,지번
1138010400103940013,서울특별시 은평구 갈현동,서울특별시 은평구 통일로83길 6-18 (갈현동),근린생활2,제2종근린생활시설,10131100212248,지번
1138010900101830010,서울특별시 은평구 신사동,서울특별시 은평구 은평터널로 143-9 (신사동),근린생활1,노유자시설,1000000000000006964292,지번
1138010700102370035,서울특별시 은평구 응암동,서울특별시 은평구 응암로22길 37 (응암동),근린생활2,제2종근린생활시설,1013124636,지번
1138010400105070031,서울특별시 은평구 갈현동,서울특별시 은평구 갈현로 185 (갈현동),근린생활1,제1종근린생활시설,1013116115,지번
1138010700105840038,서울특별시 은평구 응암동,서울특별시 은평구 가좌로 246 (응암동),근린생활1,제1종근린생활시설,1013126571,지번
1138010400104690005,서울특별시 은평구 갈현동,서울특별시 은평구 서오릉로 168 (갈현동),근린생활2,제2종근린생활시설,1013115460,지번
1138010300102810117,서울특별시 은평구 불광동,서울특별시 은평구 통일로66길 10-3 (불광동),근린생활2,제2종근린생활시설,10131100227649,지번
1138010900103400011,서울특별시 은평구 신사동,서울특별시 은평구 증산로15길 18 (신사동),근린생활1,단독주택,1013136420,지번
1138010300103040001,서울특별시 은평구 불광동,서울특별시 은평구 통일로 830 (불광동),근린생활2,제1종근린생활시설,1013111515,본번
1138010900103460006,서울특별시 은평구 신사동,서울특별시 은평구 증산로15길 44 (신사동),근린생활1,제1종근린생활시설,1013136560,지번
1138010400104530008,서울특별시 은평구 갈현동,서울특별시 은평구 연서로27길 16-15 (갈현동),근린생활2,제2종근린생활시설,1013115253,지번
1138010400104540015,서울특별시 은평구 갈현동,서울특별시 은평구 연서로27길 12-9 (갈현동),근린생활2,제2종근린생활시설,1013115280,지번
1138010500103680041,서울특별시 은평구 구산동,서울특별시 은평구 서오릉로17길 18-5 (구산동),근린생활2,제2종근린생활시설,1013114216,지번
1138011000101650017,서울특별시 은평구 증산동,서울특별시 은평구 증산서길 120-1 (증산동),근린생활1,제1종근린생활시설,1013137894,지번
1138010400103990021,서울특별시 은평구 갈현동,서울특별시 은평구 연서로29길 8-11 (갈현동),근린생활1,제1종근린생활시설,1013114421,지번
1138010700107490049,서울특별시 은평구 응암동,서울특별시 은평구 응암로12길 11-6 (응암동),근린생활1,제1종근린생활시설,1013128105,지번
1138010700100840032,서울특별시 은평구 응암동,서울특별시 은평구 은평로13길 12-6 (응암동),근린생활1,제1종근린생활시설,1013123072,지번
1138010200100790032,서울특별시 은평구 녹번동,서울특별시 은평구 은평로 197-2 (녹번동),근린생활1,제1종근린생활시설,101313807,지번
1138010900103440014,서울특별시 은평구 신사동,서울특별시 은평구 증산로15길 29-1 (신사동),근린생활1,제1종근린생활시설,1013136550,지번
1138011000101850001,서울특별시 은평구 증산동,서울특별시 은평구 증산로5길 13 (증산동),근린생활1,제1종근린생활시설,1013138144,지번
1138010300102970023,서울특별시 은평구 불광동,서울특별시 은평구 통일로78길 22-18 (불광동),근린생활1,제1종근린생활시설,101318121,지번
1138011000101680008,서울특별시 은평구 증산동,서울특별시 은평구 증산로 305-1 (증산동),근린생활1,제1종근린생활시설,1013137939,지번
1138011000101950019,서울특별시 은평구 증산동,서울특별시 은평구 증산로11길 18 (증산동),근린생활1,단독주택,1013138383,본번
1138011000101750010,서울특별시 은평구 증산동,서울특별시 은평구 증산로5길 11 (증산동),근린생활2,제2종근린생활시설,1013138026,지번
1138010700107320009,서울특별시 은평구 응암동,서울특별시 은평구 가좌로7다길 7 (응암동),근린생활1,제1종근린생활시설,1013127923,지번
1138010800100850045,서울특별시 은평구 역촌동,서울특별시 은평구 은평로3길 6 (역촌동),근린생활2,제2종근린생활시설,1013132816,지번
1138011000101840009,서울특별시 은평구 증산동,서울특별시 은평구 증산로3길 12 (증산동),판매시설,판매시설,10131100298874,지번
1138011000102210008,서울특별시 은평구 증산동,서울특별시 은평구 증산서길 14-15 (증산동),근린생활1,제2종근린생활시설,1013138715,지번
1138011000102210010,서울특별시 은평구 증산동,서울특별시 은평구 증산서길 14-23 (증산동),근린생활1,제1종근린생활시설,1013138720,지번
1138010700101250012,서울특별시 은평구 응암동,서울특별시 은평구 응암로21길 12 (응암동),근린생활2,제2종근린생활시설,1013124000,지번
1138011400100020008,서울특별시 은평구 진관동,서울특별시 은평구 연서로 645 (진관동),근린생활2,제2종근린생활시설,10131100318495,지번
1138010300103100024,서울특별시 은평구 불광동,서울특별시 은평구 연서로 253-9 (불광동),근린생활1,제1종근린생활시설,101318255,지번
1138010800100480003,서울특별시 은평구 역촌동,서울특별시 은평구 역말로 35 (역촌동),근린생활2,제2종근린생활시설,1013131773,지번
1138010200100830042,서울특별시 은평구 녹번동,서울특별시 은평구 서오릉로2길 5 (녹번동),근린생활,근린생활시설,101313902,지번
1138010900100360040,서울특별시 은평구 신사동,서울특별시 은평구 가좌로 282 (신사동),근린생활1,제1종근린생활시설,1013134898,지번
1138010300106050001,서울특별시 은평구 불광동,서울특별시 은평구 진흥로15길 18 (불광동),근린생활2,단독주택,1013110768,지번
1138010300106050001,서울특별시 은평구 불광동,서울특별시 은평구 진흥로15길 18 (불광동),근린생활2,제2종근린생활시설,1013110769,지번
1138010800100350060,서울특별시 은평구 역촌동,서울특별시 은평구 연서로 54 (역촌동),근린생활2,제2종근린생활시설,1013131450,지번
1138011000101640009,서울특별시 은평구 증산동,서울특별시 은평구 증산로9길 4 (증산동),근린생활1,제1종근린생활시설,1013137867,지번
1138010900100230001,서울특별시 은평구 신사동,서울특별시 은평구 은평로 68 (신사동),근린생활2,제2종근린생활시설,1013134469,지번
1138010700100040029,서울특별시 은평구 응암동,서울특별시 은평구 은평로20길 4 (응암동),근린생활2,제2종근린생활시설,1013122407,지번
1138010800100070004,서울특별시 은평구 역촌동,서울특별시 은평구 연서로 126 (역촌동),근린생활2,제2종근린생활시설,1013130387,지번
1138011000101890068,서울특별시 은평구 증산동,서울특별시 은평구 증산로9길 25 (증산동),근린생활1,제1종근린생활시설,1013138250,지번
1138010300104840078,서울특별시 은평구 불광동,서울특별시 은평구 통일로 876 (불광동),근린생활1,제1종근린생활시설,1013110451,지번
1138010300104260004,서울특별시 은평구 불광동,서울특별시 은평구 연서로 298 (불광동),근린생활2,제2종근린생활시설,101319595,지번
1138010600101850081,서울특별시 은평구 대조동,서울특별시 은평구 통일로 841 (대조동),근린생활2,제2종근린생활시설,1013120761,지번
1138011000101890067,서울특별시 은평구 증산동,서울특별시 은평구 증산로9길 25-3 (증산동),근린생활1,제1종근린생활시설,1013138249,지번
1138011000101860007,서울특별시 은평구 증산동,서울특별시 은평구 증산로5길 16 (증산동),근린생활1,제1종근린생활시설,1013138163,지번
1138010700106740019,서울특별시 은평구 응암동,서울특별시 은평구 가좌로 176 (응암동),근린생활2,제2종근린생활시설,1013127600,지번
1138010900103390016,서울특별시 은평구 신사동,서울특별시 은평구 증산로15가길 2 (신사동),근린생활1,제1종근린생활시설,1013136403,지번
1138010900103490021,서울특별시 은평구 신사동,서울특별시 은평구 증산로17길 14 (신사동),근린생활1,제1종근린생활시설,1013136585,지번
1138010900103390017,서울특별시 은평구 신사동,서울특별시 은평구 증산로15가길 4 (신사동),근린생활1,제1종근린생활시설,1013136404,지번
1138010500100110013,서울특별시 은평구 구산동,서울특별시 은평구 갈현로 146-1 (구산동),근린생활1,제1종근린생활시설,10131100195994,지번
1138010700101110035,서울특별시 은평구 응암동,서울특별시 은평구 은평로4길 7-12 (응암동),근린생활2,제2종근린생활시설,10131100270314,지번
1138010500100140010,서울특별시 은평구 구산동,서울특별시 은평구 갈현로 151 (구산동),근린생활1,제1종근린생활시설,1013117827,지번
1138010300101680005,서울특별시 은평구 불광동,서울특별시 은평구 불광로 197-1 (불광동),근린생활2,공동주택,10131100264799,지번
1138010300101680005,서울특별시 은평구 불광동,서울특별시 은평구 불광로 197-1 (불광동),근린생활2,제2종근린생활시설,10131100264807,지번
1138010700102870001,서울특별시 은평구 응암동,서울특별시 은평구 가좌로6길 21-2 (응암동),근린생활2,제2종근린생활시설,1013125168,지번
1138010700101190001,서울특별시 은평구 응암동,서울특별시 은평구 응암로 269 (응암동),근린생활1,제1종근린생활시설,1013123863,지번
1138010400104230023,서울특별시 은평구 갈현동,서울특별시 은평구 갈현로 310 (갈현동),근린생활1,제1종근린생활시설,1013114837,지번
1138010300102550004,서울특별시 은평구 불광동,서울특별시 은평구 통일로 766 (불광동),근린생활1,제1종근린생활시설,101317429,지번
1138010300102700000,서울특별시 은평구 불광동,서울특별시 은평구 통일로68길 15 (불광동),근린생활1,제1종근린생활시설,1013111429,지번
1138010500103630012,서울특별시 은평구 구산동,서울특별시 은평구 서오릉로17길 13 (구산동),근린생활1,제1종근린생활시설,1013114176,지번
1138010100103190008,서울특별시 은평구 수색동,서울특별시 은평구 수색로22나길 4 (수색동),근린생활1,제1종근린생활시설,101311642,지번
1138010300200420024,서울특별시 은평구 불광동,서울특별시 은평구 진흥로 235 (불광동),근린생활1,제1종근린생활시설,1013112119,지번
1138010700103230006,서울특별시 은평구 응암동,서울특별시 은평구 응암로14길 4 (응암동),근린생활2,제2종근린생활시설,10131100238525,지번
1138010700103230006,서울특별시 은평구 응암동,서울특별시 은평구 응암로14길 4 (응암동),근린생활2,근린생활시설,1013125235,지번
1138010700100890004,서울특별시 은평구 응암동,서울특별시 은평구 진흥로 52 (응암동),근린생활2,제2종근린생활시설,1013123175,지번
1138010700107490021,서울특별시 은평구 응암동,서울특별시 은평구 응암로12길 23-10 (응암동),근린생활2,제2종근린생활시설,1013128093,지번
1138011000101930015,서울특별시 은평구 증산동,서울특별시 은평구 증산서길 139 (증산동),근린생활1,제1종근린생활시설,1013138334,지번
1138011000101930016,서울특별시 은평구 증산동,서울특별시 은평구 증산서길 137 (증산동),근린생활1,제1종근린생활시설,1013138335,지번
1138010900103450002,서울특별시 은평구 신사동,서울특별시 은평구 증산로15길 45 (신사동),근린생활1,제1종근린생활시설,10131100226039,지번
1138010400104220001,서울특별시 은평구 갈현동,서울특별시 은평구 갈현로 313 (갈현동),근린생활2,제2종근린생활시설,1013114792,지번
1138010300102740010,서울특별시 은평구 불광동,서울특별시 은평구 불광로 37 (불광동),근린생활2,제2종근린생활시설,101317533,지번
1138010100104150005,서울특별시 은평구 수색동,서울특별시 은평구 은평터널로 64 (수색동),근린생활1,제1종근린생활시설,101312649,지번
1138010400104970006,서울특별시 은평구 갈현동,서울특별시 은평구 갈현로 188 (갈현동),근린생활2,제2종근린생활시설,1013115903,지번
1138010700102410114,서울특별시 은평구 응암동,서울특별시 은평구 백련산로 88 (응암동),근린생활2,제2종근린생활시설,10131100242845,지번
1138010700101490016,서울특별시 은평구 응암동,서울특별시 은평구 백련산로 170 (응암동),근린생활1,제1종근린생활시설,1013124043,지번
1138010300101720009,서울특별시 은평구 불광동,서울특별시 은평구 불광로 192 (불광동),근린생활1,제1종근린생활시설,101316936,지번
1138010400104810006,서울특별시 은평구 갈현동,서울특별시 은평구 연서로25길 6-7 (갈현동),근린생활2,제2종근린생활시설,1013115652,지번
1138011000101680001,서울특별시 은평구 증산동,서울특별시 은평구 증산로 307 (증산동),근린생활1,제1종근린생활시설,1013137935,지번
1138011000101770003,서울특별시 은평구 증산동,서울특별시 은평구 증산로 257 (증산동),근린생활1,제1종근린생활시설,1013138054,지번
1138011000102380004,서울특별시 은평구 증산동,서울특별시 은평구 증산로 213 (증산동),근린생활1,제1종근린생활시설,1013138746,지번
1138010300106040001,서울특별시 은평구 불광동,서울특별시 은평구 진흥로15길 22 (불광동),근린생활2,제2종근린생활시설,1013110756,지번
1138010200101310158,서울특별시 은평구 녹번동,서울특별시 은평구 진흥로 156 (녹번동),근린생활1,제1종근린생활시설,101314514,지번
1138010400104220002,서울특별시 은평구 갈현동,서울특별시 은평구 갈현로 311 (갈현동),근린생활2,제2종근린생활시설,1013114793,지번
1138010300102740013,서울특별시 은평구 불광동,서울특별시 은평구 불광로 39 (불광동),근린생활2,제2종근린생활시설,10131100255198,지번
1138010600100600017,서울특별시 은평구 대조동,서울특별시 은평구 서오릉로8길 16 (대조동),근린생활2,제2종근린생활시설,10131100238265,지번
1138010200100810002,서울특별시 은평구 녹번동,서울특별시 은평구 서오릉로 42 (녹번동),근린생활1,제1종근린생활시설,101313836,지번
1138010800100850011,서울특별시 은평구 역촌동,서울특별시 은평구 은평로3길 18 (역촌동),근린생활2,제2종근린생활시설,10131100237765,지번
1138010300102740009,서울특별시 은평구 불광동,서울특별시 은평구 불광로 37-1 (불광동),근린생활2,제2종근린생활시설,101317532,지번
1138010300101050077,서울특별시 은평구 불광동,서울특별시 은평구 연서로40길 2 (불광동),근린생활1,제1종근린생활시설,101316613,지번
1138011000101660007,서울특별시 은평구 증산동,서울특별시 은평구 증산서길 114 (증산동),근린생활2,제2종근린생활시설,1013137904,지번
1138010900101930006,서울특별시 은평구 신사동,서울특별시 은평구 증산로17길 60 (신사동),근린생활1,제1종근린생활시설,1013135316,지번
1138010100102910025,서울특별시 은평구 수색동,서울특별시 은평구 수색로 390-24 (수색동),근린생활1,제1종근린생활시설,10131100319315,지번
1138010100102910028,서울특별시 은평구 수색동,서울특별시 은평구 수색로 390-22 (수색동),근린생활1,제1종근린생활시설,10131100319115,지번
1138011400102790071,서울특별시 은평구 진관동,서울특별시 은평구 대서문길 19 (진관동),근린생활2,제2종근린생활시설,10131100205004,지번
1138010300100160024,서울특별시 은평구 불광동,서울특별시 은평구 불광로 154 (불광동),근린생활2,제2종근린생활시설,101316166,지번
1138010300100160024,서울특별시 은평구 불광동,서울특별시 은평구 불광로 154 (불광동),근린생활2,창고시설,101316167,지번
1138010300101890009,서울특별시 은평구 불광동,서울특별시 은평구 불광로 176 (불광동),근린생활2,제2종근린생활시설,101316968,지번
1138010300101400008,서울특별시 은평구 불광동,서울특별시 은평구 연서로34길 25 (불광동),근린생활2,단독주택,101316713,지번
1138010800100760011,서울특별시 은평구 역촌동,서울특별시 은평구 갈현로7가길 11-7 (역촌동),근린생활1,제1종근린생활시설,1013132486,지번
1138010200101610005,서울특별시 은평구 녹번동,서울특별시 은평구 응암로 373 (녹번동),근린생활2,제2종근린생활시설,101315086,지번
1138010200101410087,서울특별시 은평구 녹번동,서울특별시 은평구 진흥로12나길 2 (녹번동),근린생활1,제1종근린생활시설,101314678,지번
1138010200101690025,서울특별시 은평구 녹번동,서울특별시 은평구 녹번로3길 17 (녹번동),근린생활1,제1종근린생활시설,101315149,지번
1138010200101130004,서울특별시 은평구 녹번동,서울특별시 은평구 통일로61길 8 (녹번동),근린생활1,제1종근린생활시설,101314248,지번
1138010300101040059,서울특별시 은평구 불광동,서울특별시 은평구 연서로 313 (불광동),근린생활2,제2종근린생활시설,101316547,지번
1138010300100900042,서울특별시 은평구 불광동,서울특별시 은평구 연서로 325-1 (불광동),근린생활2,제2종근린생활시설,101316459,지번
1138010400104250001,서울특별시 은평구 갈현동,서울특별시 은평구 통일로87길 17 (갈현동),근린생활1,제1종근린생활시설,1013114855,지번
1138010400104600018,서울특별시 은평구 갈현동,서울특별시 은평구 연서로 203 (갈현동),근린생활2,제2종근린생활시설,1013115346,지번
1138010300101700031,서울특별시 은평구 불광동,서울특별시 은평구 불광로 206 (불광동),근린생활2,제2종근린생활시설,101316856,지번
1138011400102660014,서울특별시 은평구 진관동,서울특별시 은평구 대서문길 51 (진관동),근린생활2,제2종근린생활시설,10131100206966,지번
1138010300106300038,서울특별시 은평구 불광동,서울특별시 은평구 진흥로19길 10 (불광동),근린생활1,제1종근린생활시설,10131100189313,지번
1138010300106300048,서울특별시 은평구 불광동,서울특별시 은평구 진흥로19길 2 (불광동),근린생활2,제2종근린생활시설,1013110844,지번
1138010800100850033,서울특별시 은평구 역촌동,서울특별시 은평구 연서로 5 (역촌동),근린생활1,제1종근린생활시설,1013132809,지번
1138010600100030016,서울특별시 은평구 대조동,서울특별시 은평구 통일로71길 32 (대조동),근린생활1,제1종근린생활시설,1013119176,지번
1138010300104220002,서울특별시 은평구 불광동,서울특별시 은평구 연서로35길 4 (불광동),근린생활,근린생활시설,101319569,지번
1138010300101230011,서울특별시 은평구 불광동,서울특별시 은평구 연서로 304 (불광동),근린생활1,제1종근린생활시설,101316659,지번
1138011000101630034,서울특별시 은평구 증산동,서울특별시 은평구 증산로11길 5 (증산동),근린생활1,제1종근린생활시설,1013137863,지번
1138011000101570004,서울특별시 은평구 증산동,서울특별시 은평구 증산로15길 21-1 (증산동),근린생활1,제1종근린생활시설,1013137784,지번
1138010300106030004,서울특별시 은평구 불광동,서울특별시 은평구 진흥로15길 26-1 (불광동),근린생활2,제2종근린생활시설,1013112047,지번
1138010300106010001,서울특별시 은평구 불광동,서울특별시 은평구 불광로2길 4-1 (불광동),근린생활2,제2종근린생활시설,1013110724,지번
1138010300106030005,서울특별시 은평구 불광동,서울특별시 은평구 진흥로15길 26 (불광동),근린생활1,제1종근린생활시설,1013110751,지번
1138010600100830009,서울특별시 은평구 대조동,서울특별시 은평구 통일로71길 26-4 (대조동),근린생활,근린생활시설,1013120082,지번
1138010600100840115,서울특별시 은평구 대조동,서울특별시 은평구 통일로71길 2 (대조동),근린생활1,제1종근린생활시설,1013120149,지번
1138010300102740019,서울특별시 은평구 불광동,,근린생활1,제1종근린생활시설,101317556,지번
1138010300103550005,서울특별시 은평구 불광동,서울특별시 은평구 연서로 284 (불광동),근린생활1,제1종근린생활시설,101319049,지번
1138010300103540006,서울특별시 은평구 불광동,서울특별시 은평구 연서로34길 2-1 (불광동),근린생활1,제1종근린생활시설,101319041,지번
1138010300102110003,서울특별시 은평구 불광동,서울특별시 은평구 연서로34길 12 (불광동),근린생활2,제2종근린생활시설,101317005,지번
1138010300102810119,서울특별시 은평구 불광동,서울특별시 은평구 통일로66길 10-5 (불광동),근린생활2,제2종근린생활시설,101317680,지번
1138010300102420074,서울특별시 은평구 불광동,서울특별시 은평구 불광로 82 (불광동),근린생활1,제1종근린생활시설,101317290,지번
1138010300102420034,서울특별시 은평구 불광동,서울특별시 은평구 불광로 67 (불광동),근린생활2,제2종근린생활시설,101317284,지번
1138010300102420009,서울특별시 은평구 불광동,서울특별시 은평구 불광로 75 (불광동),근린생활,근린생활시설,101317268,지번
1138010300102390054,서울특별시 은평구 불광동,서울특별시 은평구 불광로 99-1 (불광동),근린생활2,제2종근린생활시설,101317250,지번
1138010300102400001,서울특별시 은평구 불광동,서울특별시 은평구 불광로 99 (불광동),근린생활2,제2종근린생활시설,101317255,지번
1138010300103530021,서울특별시 은평구 불광동,서울특별시 은평구 연서로 282-3 (불광동),근린생활2,제2종근린생활시설,101319006,지번
1138010700104030021,서울특별시 은평구 응암동,서울특별시 은평구 응암로16길 29-3 (응암동),근린생활2,제2종근린생활시설,1013125820,지번
1138010300104370006,서울특별시 은평구 불광동,서울특별시 은평구 연서로37길 25 (불광동),근린생활2,제2종근린생활시설,101319664,지번
1138010900101520001,서울특별시 은평구 신사동,서울특별시 은평구 증산로15길 71 (신사동),근린생활2,제2종근린생활시설,1013135050,지번
1138010300106300046,서울특별시 은평구 불광동,서울특별시 은평구 진흥로19길 6 (불광동),근린생활2,제2종근린생활시설,10131100188955,지번
1138010300106300104,서울특별시 은평구 불광동,서울특별시 은평구 진흥로19길 2-8 (불광동),근린생활1,제1종근린생활시설,1013110849,지번
1138010300106350001,서울특별시 은평구 불광동,서울특별시 은평구 불광로2길 39 (불광동),근린생활1,제1종근린생활시설,10131100197133,지번
1138010800100450017,서울특별시 은평구 역촌동,서울특별시 은평구 연서로 85 (역촌동),근린생활2,제2종근린생활시설,1013131697,지번
1138010300102510001,서울특별시 은평구 불광동,서울특별시 은평구 통일로 752-21 (불광동),근린생활2,제2종근린생활시설,101317422,지번
1138010300102510001,서울특별시 은평구 불광동,서울특별시 은평구 통일로 752-21 (불광동),근린생활2,노유자시설,101317423,지번
1138010300102510001,서울특별시 은평구 불광동,서울특별시 은평구 통일로 752-21 (불광동),근린생활2,제2종근린생활시설,101317424,지번
1138010300102510001,서울특별시 은평구 불광동,서울특별시 은평구 통일로 752-21 (불광동),근린생활2,노유자시설,101317425,지번
1138010600100030055,서울특별시 은평구 대조동,서울특별시 은평구 통일로69길 11 (대조동),근린생활2,제2종근린생활시설,1013119191,지번
1138010600100030015,서울특별시 은평구 대조동,서울특별시 은평구 통일로71길 30 (대조동),근린생활1,제1종근린생활시설,1013119175,지번
1138010600100360003,서울특별시 은평구 대조동,서울특별시 은평구 진흥로 149 (대조동),근린생활2,제2종근린생활시설,1013119595,지번
1138010700104270117,서울특별시 은평구 응암동,서울특별시 은평구 응암로 248 (응암동),근린생활,근린생활시설,1013126142,지번
1138010300103140006,서울특별시 은평구 불광동,서울특별시 은평구 연서로 265 (불광동),근린생활1,제1종근린생활시설,101318510,지번
1138010300103530049,서울특별시 은평구 불광동,서울특별시 은평구 연서로 278 (불광동),근린생활1,제1종근린생활시설,101319021,지번
1138010300103560026,서울특별시 은평구 불광동,서울특별시 은평구 연서로 287 (불광동),근린생활1,제1종근린생활시설,101319076,지번
1138010300103570001,서울특별시 은평구 불광동,서울특별시 은평구 연서로 277 (불광동),근린생활1,제1종근린생활시설,101319081,지번
1138010300101230009,서울특별시 은평구 불광동,서울특별시 은평구 연서로 300 (불광동),근린생활2,제2종근린생활시설,101316657,지번
1138010300103560020,서울특별시 은평구 불광동,서울특별시 은평구 연서로 283 (불광동),근린생활2,제2종근린생활시설,101319070,지번
1138010300102120001,서울특별시 은평구 불광동,서울특별시 은평구 연서로34길 10 (불광동),근린생활1,제1종근린생활시설,101317007,지번
1138010300104300000,서울특별시 은평구 불광동,서울특별시 은평구 연서로 299 (불광동),근린생활2,제2종근린생활시설,101319598,지번
1138010900103430003,서울특별시 은평구 신사동,서울특별시 은평구 증산로17길 25-4 (신사동),근린생활2,제2종근린생활시설,10131100228466,지번
1138010300106000002,서울특별시 은평구 불광동,서울특별시 은평구 불광로2길 8 (불광동),근린생활1,제1종근린생활시설,1013110718,지번
1138010400104600035,서울특별시 은평구 갈현동,서울특별시 은평구 연서로25길 6-16 (갈현동),근린생활2,제2종근린생활시설,1013115358,지번
1138010300106030001,서울특별시 은평구 불광동,서울특별시 은평구 불광로2길 2 (불광동),근린생활1,제1종근린생활시설,1013110748,지번
1138010300102790006,서울특별시 은평구 불광동,서울특별시 은평구 불광로 63 (불광동),근린생활2,제2종근린생활시설,101317576,지번
1138010300101050083,서울특별시 은평구 불광동,서울특별시 은평구 연서로 318 (불광동),근린생활1,제1종근린생활시설,101316619,지번
1138010300101720017,서울특별시 은평구 불광동,서울특별시 은평구 불광로 200 (불광동),근린생활1,제1종근린생활시설,101316940,지번
1138010300101680009,서울특별시 은평구 불광동,서울특별시 은평구 연서로40길 20 (불광동),근린생활,근린생활시설,101316825,지번
1138010300101380002,서울특별시 은평구 불광동,서울특별시 은평구 연서로34길 19 (불광동),근린생활2,제2종근린생활시설,101316704,지번
1138010400104630001,서울특별시 은평구 갈현동,서울특별시 은평구 연서로 171 (갈현동),근린생활2,제2종근린생활시설,1013115412,지번
1138011000200180006,서울특별시 은평구 증산동,서울특별시 은평구 증산로5길 35-27 (증산동),근린생활1,제1종근린생활시설,1013139106,지번
1138011000200180006,서울특별시 은평구 증산동,서울특별시 은평구 증산로5길 35-27 (증산동),근린생활1,제1종근린생활시설,1013139107,지번
1138010300102420050,서울특별시 은평구 불광동,서울특별시 은평구 불광로 85 (불광동),근린생활2,제2종근린생활시설,101317289,지번
1138010300105540016,서울특별시 은평구 불광동,서울특별시 은평구 불광로2길 3 (불광동),근린생활1,제1종근린생활시설,1013110670,지번
1138011400102190009,서울특별시 은평구 진관동,서울특별시 은평구 연서로 518 (진관동),근린생활2,제2종근린생활시설,10131100320216,지번
1138010700100310010,서울특별시 은평구 응암동,서울특별시 은평구 통일로 579-20 (응암동),근린생활1,제1종근린생활시설,1013122508,지번
1138010300100110013,서울특별시 은평구 불광동,서울특별시 은평구 불광로 114 (불광동),근린생활2,제2종근린생활시설,101316128,지번
1138010300100130068,서울특별시 은평구 불광동,서울특별시 은평구 불광로13길 1 (불광동),근린생활1,제1종근린생활시설,101316163,지번
1138010300102390034,서울특별시 은평구 불광동,서울특별시 은평구 불광로9길 2 (불광동),근린생활1,제1종근린생활시설,101317235,지번
1138010400104490008,서울특별시 은평구 갈현동,서울특별시 은평구 갈현로33길 1 (갈현동),근린생활1,제1종근린생활시설,1013115162,지번
1138010400105270017,서울특별시 은평구 갈현동,서울특별시 은평구 서오릉로 220 (갈현동),근린생활1,제1종근린생활시설,1013116485,지번
1138010500100110027,서울특별시 은평구 구산동,서울특별시 은평구 갈현로 144 (구산동),근린생활2,제2종근린생활시설,1013117800,지번
1138011000102210003,서울특별시 은평구 증산동,서울특별시 은평구 증산서길 20-6 (증산동),근린생활2,제2종근린생활시설,1013138711,지번
1138010700100700012,서울특별시 은평구 응암동,서울특별시 은평구 은평로16길 22 (응암동),근린생활2,제2종근린생활시설,1013122957,지번
1138010300100080136,서울특별시 은평구 불광동,서울특별시 은평구 불광로6길 14-4 (불광동),근린생활2,제2종근린생활시설,101316078,지번
1138010300102810166,서울특별시 은평구 불광동,서울특별시 은평구 통일로66길 4-10 (불광동),근린생활2,제2종근린생활시설,101317720,지번
1138010300102810007,서울특별시 은평구 불광동,서울특별시 은평구 진흥로15길 29 (불광동),근린생활2,제2종근린생활시설,1000000000000007369957,지번
1138010300100130035,서울특별시 은평구 불광동,서울특별시 은평구 불광로 127 (불광동),근린생활1,제1종근린생활시설,101316161,지번
1138010300102220010,서울특별시 은평구 불광동,서울특별시 은평구 불광로 113-1 (불광동),근린생활2,제2종근린생활시설,101317083,지번
1138010700101140010,서울특별시 은평구 응암동,서울특별시 은평구 증산로 476 (응암동),근린생활1,제1종근린생활시설,10131100227889,지번
1138010300100080005,서울특별시 은평구 불광동,서울특별시 은평구 불광로 104-1 (불광동),근린생활1,제1종근린생활시설,101316055,지번
1138010300100080003,서울특별시 은평구 불광동,서울특별시 은평구 불광로 102 (불광동),근린생활2,제2종근린생활시설,101316053,지번
1138010800100420062,서울특별시 은평구 역촌동,서울특별시 은평구 진흥로 33 (역촌동),근린생활2,제2종근린생활시설,1000000000000006753094,지번
1138010300103530034,서울특별시 은평구 불광동,서울특별시 은평구 연서로 280-5 (불광동),근린생활1,제1종근린생활시설,101319013,지번
1138010100100370016,서울특별시 은평구 수색동,서울특별시 은평구 수색로 233 (수색동),근린생활2,제2종근린생활시설,101311056,지번
1138010600100310013,서울특별시 은평구 대조동,서울특별시 은평구 진흥로13길 14 (대조동),근린생활2,제2종근린생활시설,1013119523,지번
1138010300102810033,서울특별시 은평구 불광동,서울특별시 은평구 불광로 50-12 (불광동),근린생활2,제2종근린생활시설,101317608,지번
1138010300102810158,서울특별시 은평구 불광동,서울특별시 은평구 통일로66길 4-9 (불광동),근린생활1,제1종근린생활시설,101317713,지번
1138010700105980026,서울특별시 은평구 응암동,서울특별시 은평구 응암로 179 (응암동),근린생활1,제1종근린생활시설,1013127013,지번
1138010400104550009,서울특별시 은평구 갈현동,서울특별시 은평구 연서로27길 8-7 (갈현동),근린생활2,제2종근린생활시설,1013115302,지번
1138010300103390003,서울특별시 은평구 불광동,서울특별시 은평구 통일로78길 29 (불광동),근린생활1,제1종근린생활시설,101318771,지번
1138010300200010013,서울특별시 은평구 불광동,서울특별시 은평구 불광로18길 43 (불광동),근린생활1,제1종근린생활시설,1013112101,지번
1138010300102810098,서울특별시 은평구 불광동,서울특별시 은평구 통일로66길 1 (불광동),근린생활1,제1종근린생활시설,101317663,지번
1138010900100160033,서울특별시 은평구 신사동,서울특별시 은평구 갈현로 23 (신사동),근린생활1,제1종근린생활시설,1013134272,지번
1138010200101170017,서울특별시 은평구 녹번동,서울특별시 은평구 통일로 679 (녹번동),근린생활1,제2종근린생활시설,101314270,지번
1138010300101680001,서울특별시 은평구 불광동,서울특별시 은평구 불광로 197 (불광동),근린생활2,제2종근린생활시설,101316821,지번
1138011000101860022,서울특별시 은평구 증산동,서울특별시 은평구 증산로7길 15 (증산동),근린생활1,제1종근린생활시설,1013138173,지번
1138011000101910014,서울특별시 은평구 증산동,서울특별시 은평구 증산서길 113 (증산동),근린생활1,제1종근린생활시설,1013138277,지번
1138010300102720013,서울특별시 은평구 불광동,서울특별시 은평구 통일로68길 12-9 (불광동),근린생활2,단독주택,101317503,지번
1138010300102810074,서울특별시 은평구 불광동,서울특별시 은평구 불광로 42 (불광동),근린생활2,제2종근린생활시설,101317647,지번
1138010400104560004,서울특별시 은평구 갈현동,서울특별시 은평구 연서로27길 6 (갈현동),근린생활2,제2종근린생활시설,1013115314,지번
1138010200101310075,서울특별시 은평구 녹번동,서울특별시 은평구 진흥로 162 (녹번동),근린생활1,제1종근린생활시설,101314491,지번
1138010500100110017,서울특별시 은평구 구산동,서울특별시 은평구 갈현로 154-16 (구산동),근린생활1,제1종근린생활시설,1013117793,지번
1138010400104510018,서울특별시 은평구 갈현동,서울특별시 은평구 연서로29길 35 (갈현동),근린생활1,제1종근린생활시설,1013115217,지번
1138010400104960004,서울특별시 은평구 갈현동,서울특별시 은평구 갈현로 196 (갈현동),근린생활2,제2종근린생활시설,1013115882,지번
1138010400103980003,서울특별시 은평구 갈현동,서울특별시 은평구 연서로29길 8-10 (갈현동),근린생활1,제1종근린생활시설,1013114392,지번
1138010300102390002,서울특별시 은평구 불광동,서울특별시 은평구 불광로 123 (불광동),근린생활2,제2종근린생활시설,101317226,지번
1138010200101040025,서울특별시 은평구 녹번동,서울특별시 은평구 녹번로3가길 1 (녹번동),근린생활1,제1종근린생활시설,101314125,지번
1138010400104640022,서울특별시 은평구 갈현동,서울특별시 은평구 연서로17길 4 (갈현동),근린생활2,제2종근린생활시설,1013115430,지번
1138010200101000037,서울특별시 은평구 녹번동,서울특별시 은평구 녹번로 36 (녹번동),근린생활1,제1종근린생활시설,101314088,지번
1138010500103390011,서울특별시 은평구 구산동,서울특별시 은평구 서오릉로 221 (구산동),근린생활2,제2종근린생활시설,1013114032,지번
1138010300103190002,서울특별시 은평구 불광동,서울특별시 은평구 연서로 266 (불광동),근린생활1,제1종근린생활시설,101318536,지번
1138010300100130015,서울특별시 은평구 불광동,서울특별시 은평구 불광로 132 (불광동),근린생활2,제2종근린생활시설,101316145,지번
1138010300100110008,서울특별시 은평구 불광동,서울특별시 은평구 불광로 116 (불광동),근린생활1,제1종근린생활시설,101316125,지번
1138010300100080016,서울특별시 은평구 불광동,서울특별시 은평구 불광로 100 (불광동),근린생활2,제2종근린생활시설,101316059,지번
1138011400102780009,서울특별시 은평구 진관동,서울특별시 은평구 대서문길 33 (진관동),근린생활2,제2종근린생활시설,10131100206675,지번
1138010400104640006,서울특별시 은평구 갈현동,서울특별시 은평구 연서로17길 8-1 (갈현동),근린생활2,제2종근린생활시설,1013115422,지번
1138010400104620049,서울특별시 은평구 갈현동,서울특별시 은평구 연서로 181 (갈현동),근린생활2,제2종근린생활시설,1013115408,지번
1138010200101280002,서울특별시 은평구 녹번동,서울특별시 은평구 진흥로 176-1 (녹번동),근린생활2,제2종근린생활시설,101314451,지번
1138010600100150103,서울특별시 은평구 대조동,서울특별시 은평구 통일로65길 15-1 (대조동),근린생활1,제1종근린생활시설,1013119424,지번
1138010600100150035,서울특별시 은평구 대조동,서울특별시 은평구 통일로 715-7 (대조동),근린생활1,제1종근린생활시설,1013119389,지번
1138010300102680002,서울특별시 은평구 불광동,서울특별시 은평구 통일로68길 16 (불광동),근린생활2,제2종근린생활시설,101317464,지번
1138010600100460023,서울특별시 은평구 대조동,서울특별시 은평구 연서로18길 27-1 (대조동),근린생활1,제1종근린생활시설,1013119697,지번
1138010300102680003,서울특별시 은평구 불광동,서울특별시 은평구 통일로68길 14 (불광동),근린생활2,제2종근린생활시설,101317465,지번
1138010800100360002,서울특별시 은평구 역촌동,서울특별시 은평구 연서로4길 6 (역촌동),근린생활2,제2종근린생활시설,1013131457,지번
1138010300103390002,서울특별시 은평구 불광동,서울특별시 은평구 통일로78길 32 (불광동),근린생활2,제2종근린생활시설,101318770,지번
1138010300102420007,서울특별시 은평구 불광동,서울특별시 은평구 불광로 77 (불광동),근린생활1,제1종근린생활시설,101317267,지번
1138010400102420003,서울특별시 은평구 갈현동,서울특별시 은평구 갈현로29길 24-1 (갈현동),근린생활1,제1종근린생활시설,1013112887,지번
1138010400104050002,서울특별시 은평구 갈현동,서울특별시 은평구 갈현로36길 18-1 (갈현동),근린생활2,제2종근린생활시설,1013114543,지번
1138010300104810037,서울특별시 은평구 불광동,서울특별시 은평구 통일로 920 (불광동),근린생활1,제1종근린생활시설,1013110385,지번
1138010200101290005,서울특별시 은평구 녹번동,서울특별시 은평구 진흥로12가길 19 (녹번동),근린생활2,제2종근린생활시설,101314453,지번
1138010600100140062,서울특별시 은평구 대조동,서울특별시 은평구 불광로 12 (대조동),근린생활1,제1종근린생활시설,1013119353,지번
1138010300102450030,서울특별시 은평구 불광동,서울특별시 은평구 불광로5가길 1 (불광동),근린생활1,제1종근린생활시설,101317369,지번
1138010300102720018,서울특별시 은평구 불광동,서울특별시 은평구 통일로68길 12-19 (불광동),근린생활1,제1종근린생활시설,101317506,지번
1138010600101880001,서울특별시 은평구 대조동,서울특별시 은평구 통일로 803-1 (대조동),근린생활2,제2종근린생활시설,1013120826,지번
1138010400105190016,서울특별시 은평구 갈현동,서울특별시 은평구 갈현로23길 20-1 (갈현동),근린생활,근린생활시설,1013116343,지번
1138010400104560013,서울특별시 은평구 갈현동,서울특별시 은평구 연서로29길 7-13 (갈현동),근린생활1,제1종근린생활시설,1013115323,지번
1138010600100090017,서울특별시 은평구 대조동,서울특별시 은평구 불광로1길 2 (대조동),근린생활,근린생활시설,1013119277,지번
1138010600100030081,서울특별시 은평구 대조동,서울특별시 은평구 통일로 751 (대조동),근린생활1,제2종근린생활시설,1013119201,지번
1138010600101990027,서울특별시 은평구 대조동,서울특별시 은평구 연서로 200 (대조동),근린생활2,제2종근린생활시설,1013121094,지번
1138010600100260025,서울특별시 은평구 대조동,서울특별시 은평구 불광로 1-1 (대조동),근린생활1,제1종근린생활시설,1013119485,지번
1138010600100260004,서울특별시 은평구 대조동,서울특별시 은평구 진흥로13길 4 (대조동),근린생활1,제1종근린생활시설,1013119476,지번
1138010200101310049,서울특별시 은평구 녹번동,서울특별시 은평구 진흥로12길 3 (녹번동),근린생활2,제2종근린생활시설,101314478,지번
1138010600100260023,서울특별시 은평구 대조동,서울특별시 은평구 진흥로 151 (대조동),근린생활1,제1종근린생활시설,1013119484,지번
1138010800100590026,서울특별시 은평구 역촌동,서울특별시 은평구 역말로 36 (역촌동),근린생활2,제2종근린생활시설,1013132050,지번
1138010200101170046,서울특별시 은평구 녹번동,서울특별시 은평구 녹번로 75 (녹번동),근린생활1,제1종근린생활시설,101314284,지번
1138010100103640003,서울특별시 은평구 수색동,서울특별시 은평구 수색로18길 4-1 (수색동),근린생활2,제2종근린생활시설,101312132,지번
1138010300101840005,서울특별시 은평구 불광동,서울특별시 은평구 불광로18길 5 (불광동),근린생활2,제2종근린생활시설,101316957,지번
1138010300103570013,서울특별시 은평구 불광동,서울특별시 은평구 연서로 275-1 (불광동),근린생활2,제2종근린생활시설,101319087,지번
1138010300101280000,서울특별시 은평구 불광동,서울특별시 은평구 연서로38길 4-1 (불광동),근린생활2,제2종근린생활시설,101316679,지번
1138010400105040048,서울특별시 은평구 갈현동,서울특별시 은평구 갈현로 223-1 (갈현동),근린생활1,제1종근린생활시설,1013116028,지번
1138010600100280016,서울특별시 은평구 대조동,서울특별시 은평구 진흥로13가길 8-9 (대조동),근린생활2,제2종근린생활시설,10131100248376,지번
1138010400105060041,서울특별시 은평구 갈현동,서울특별시 은평구 갈현로23길 3 (갈현동),근린생활2,제2종근린생활시설,1013116087,지번
1138010500100230009,서울특별시 은평구 구산동,서울특별시 은평구 연서로9길 14 (구산동),근린생활1,제1종근린생활시설,1013118087,지번
1138010700101040035,서울특별시 은평구 응암동,서울특별시 은평구 응암로32길 5-5 (응암동),근린생활2,제2종근린생활시설,10131100306034,지번
1138010600100050009,서울특별시 은평구 대조동,서울특별시 은평구 통일로 745 (대조동),근린생활2,제2종근린생활시설,1013119223,지번
1138010600100110001,서울특별시 은평구 대조동,서울특별시 은평구 통일로 735-1 (대조동),근린생활1,제1종근린생활시설,1013119306,지번
1138010300102680014,서울특별시 은평구 불광동,서울특별시 은평구 통일로68길 10 (불광동),근린생활1,제1종근린생활시설,101317474,지번
1138010400103910011,서울특별시 은평구 갈현동,서울특별시 은평구 통일로 921 (갈현동),근린생활2,제2종근린생활시설,1013114283,지번
1138010300101990004,서울특별시 은평구 불광동,서울특별시 은평구 연서로34길 32 (불광동),근린생활2,제2종근린생활시설,101316988,지번
1138010800100280015,서울특별시 은평구 역촌동,서울특별시 은평구 진흥로5길 4 (역촌동),근린생활2,제2종근린생활시설,1013131261,지번
1138010300101400003,서울특별시 은평구 불광동,서울특별시 은평구 연서로34길 27 (불광동),근린생활1,제1종근린생활시설,101316710,지번
1138010300101630009,서울특별시 은평구 불광동,서울특별시 은평구 연서로38길 16-17 (불광동),근린생활1,제1종근린생활시설,101316804,지번
1138010300101470000,서울특별시 은평구 불광동,서울특별시 은평구 연서로34길 33-4 (불광동),근린생활1,제1종근린생활시설,101316748,지번
1138010200100830064,서울특별시 은평구 녹번동,서울특별시 은평구 서오릉로2길 13-6 (녹번동),근린생활2,제2종근린생활시설,101313911,지번
1138010200101310145,서울특별시 은평구 녹번동,서울특별시 은평구 진흥로 164 (녹번동),근린생활1,제1종근린생활시설,101314511,지번
1138011000101750022,서울특별시 은평구 증산동,서울특별시 은평구 증산로5길 7 (증산동),근린생활1,제1종근린생활시설,1013138036,지번
1138010200101260002,서울특별시 은평구 녹번동,서울특별시 은평구 진흥로12가길 20 (녹번동),근린생활1,제1종근린생활시설,101315808,지번
1138010300104860033,서울특별시 은평구 불광동,서울특별시 은평구 통일로80길 1 (불광동),근린생활2,제2종근린생활시설,1013110548,지번
1138010700100980036,서울특별시 은평구 응암동,서울특별시 은평구 은평로 148 (응암동),근린생활1,제1종근린생활시설,1013123316,지번
1138010900103700000,서울특별시 은평구 신사동,서울특별시 은평구 갈현로1길 36 (신사동),근린생활2,공동주택,1013137508,지번
1138010900103700000,서울특별시 은평구 신사동,서울특별시 은평구 갈현로1길 36 (신사동),근린생활2,공동주택,1013137509,지번
1138010900103700000,서울특별시 은평구 신사동,서울특별시 은평구 갈현로1길 36 (신사동),근린생활2,공동주택,1013137510,지번
1138010900103700000,서울특별시 은평구 신사동,서울특별시 은평구 갈현로1길 36 (신사동),근린생활2,공동주택,1013137511,지번
1138010900103700000,서울특별시 은평구 신사동,서울특별시 은평구 갈현로1길 36 (신사동),근린생활2,제2종근린생활시설,1013137512,지번
1138010900103700000,서울특별시 은평구 신사동,서울특별시 은평구 갈현로1길 36 (신사동),근린생활2,공동주택,1013137515,지번
1138010900103700000,서울특별시 은평구 신사동,서울특별시 은평구 갈현로1길 36 (신사동),근린생활2,공동주택,1013137516,지번
1138010300100160175,서울특별시 은평구 불광동,서울특별시 은평구 불광로14길 21 (불광동),근린생활1,제1종근린생활시설,101316224,지번
1138010800100740006,서울특별시 은평구 역촌동,서울특별시 은평구 갈현로11길 25-1 (역촌동),근린생활2,제2종근린생활시설,1013132436,지번
1138010900101510001,서울특별시 은평구 신사동,서울특별시 은평구 증산로15길 69 (신사동),근린생활2,제2종근린생활시설,1013135049,지번
1138010800100070015,서울특별시 은평구 역촌동,서울특별시 은평구 연서로 122 (역촌동),근린생활2,제2종근린생활시설,10131100307914,지번
1138010600102000001,서울특별시 은평구 대조동,서울특별시 은평구 연서로26길 6 (대조동),근린생활1,제1종근린생활시설,1013121099,지번
1138010300101700052,서울특별시 은평구 불광동,서울특별시 은평구 불광로22길 34 (불광동),근린생활2,제2종근린생활시설,101316864,지번
1138010300101570004,서울특별시 은평구 불광동,서울특별시 은평구 불광로 179 (불광동),근린생활1,제1종근린생활시설,101316778,지번
1138010900100240045,서울특별시 은평구 신사동,서울특별시 은평구 증산로23길 3 (신사동),근린생활2,제2종근린생활시설,10131100213730,지번
1138010500100110002,서울특별시 은평구 구산동,서울특별시 은평구 갈현로 154-4 (구산동),근린생활1,제1종근린생활시설,1013117785,지번
1138010900103390004,서울특별시 은평구 신사동,서울특별시 은평구 증산로15길 4 (신사동),근린생활1,제1종근린생활시설,1013136393,지번
1138010900100290168,서울특별시 은평구 신사동,서울특별시 은평구 은평로 12 (신사동),근린생활1,제1종근린생활시설,1013134731,지번
1138010600102190033,서울특별시 은평구 대조동,서울특별시 은평구 연서로22길 3 (대조동),근린생활,근린생활시설,1013121562,지번
1138010900101590004,서울특별시 은평구 신사동,서울특별시 은평구 은평터널로 127 (신사동),근린생활1,제1종근린생활시설,1013135069,지번
1138010300102810012,서울특별시 은평구 불광동,서울특별시 은평구 불광로 54 (불광동),근린생활2,제2종근린생활시설,101317585,지번
1138010600101870026,서울특별시 은평구 대조동,서울특별시 은평구 통일로75길 6-20 (대조동),근린생활1,제1종근린생활시설,1013120799,지번
1138010400104240001,서울특별시 은평구 갈현동,서울특별시 은평구 갈현로 306-8 (갈현동),근린생활1,제1종근린생활시설,1013114843,지번
1138010500102000003,서울특별시 은평구 구산동,서울특별시 은평구 서오릉로 191 (구산동),근린생활1,제1종근린생활시설,1013118524,지번
1138010500101980016,서울특별시 은평구 구산동,서울특별시 은평구 서오릉로 169 (구산동),근린생활2,제2종근린생활시설,1013118504,지번
1138010600101950013,서울특별시 은평구 대조동,서울특별시 은평구 통일로77길 10 (대조동),근린생활2,제2종근린생활시설,10131100220089,지번
1138010900101930000,서울특별시 은평구 신사동,서울특별시 은평구 은평터널로 148 (신사동),근린생활2,제2종근린생활시설,1013135312,지번
1138010200100710027,서울특별시 은평구 녹번동,서울특별시 은평구 통일로 578-4 (녹번동),근린생활1,제1종근린생활시설,101313713,지번
1138010100103660003,서울특별시 은평구 수색동,서울특별시 은평구 수색로 270-1 (수색동),근린생활1,제1종근린생활시설,101312153,지번
1138010100104130000,서울특별시 은평구 수색동,서울특별시 은평구 증산로1길 26 (수색동),근린생활2,공동주택,101312607,지번
1138010100104130000,서울특별시 은평구 수색동,서울특별시 은평구 증산로1길 26 (수색동),근린생활2,제2종근린생활시설,101312608,지번
1138010100104130000,서울특별시 은평구 수색동,서울특별시 은평구 증산로1길 26 (수색동),근린생활2,공동주택,101312614,지번
1138010100104130000,서울특별시 은평구 수색동,서울특별시 은평구 증산로1길 26 (수색동),근린생활2,공동주택,101312615,지번
1138010300106130002,서울특별시 은평구 불광동,서울특별시 은평구 진흥로 215 (불광동),근린생활2,교육연구시설,1013110811,지번
1138010300106130002,서울특별시 은평구 불광동,서울특별시 은평구 진흥로 215 (불광동),근린생활2,교육연구시설,1013110812,지번
1138010300106130002,서울특별시 은평구 불광동,서울특별시 은평구 진흥로 215 (불광동),근린생활2,제2종근린생활시설,1013110813,지번
1138010300106130002,서울특별시 은평구 불광동,서울특별시 은평구 진흥로 215 (불광동),근린생활2,교육연구시설,1013110818,지번
1138010300103190007,서울특별시 은평구 불광동,서울특별시 은평구 연서로 254-30 (불광동),근린생활2,제2종근린생활시설,10131100233618,지번
1138010100103700003,서울특별시 은평구 수색동,서울특별시 은평구 수색로 273 (수색동),판매시설,판매시설,101312223,지번
1138010400104890008,서울특별시 은평구 갈현동,서울특별시 은평구 서오릉로 182 (갈현동),근린생활2,제2종근린생활시설,1013115756,지번
1138010400104000003,서울특별시 은평구 갈현동,서울특별시 은평구 연서로29길 14-9 (갈현동),근린생활2,제2종근린생활시설,1013114428,지번
1138010400103260027,서울특별시 은평구 갈현동,서울특별시 은평구 서오릉로 248 (갈현동),근린생활2,제2종근린생활시설,1013116978,지번
1138010400103260027,서울특별시 은평구 갈현동,서울특별시 은평구 서오릉로 246-1 (갈현동),근린생활2,공동주택,1013116979,지번
1138010700106020007,서울특별시 은평구 응암동,서울특별시 은평구 응암로4길 31 (응암동),근린생활2,제2종근린생활시설,1013127146,지번
1138010300103540001,서울특별시 은평구 불광동,서울특별시 은평구 연서로34길 6 (불광동),근린생활1,제1종근린생활시설,101319039,지번
1138010300102810123,서울특별시 은평구 불광동,서울특별시 은평구 진흥로15길 11 (불광동),근린생활2,제2종근린생활시설,10131100228150,지번
1138010400104040002,서울특별시 은평구 갈현동,서울특별시 은평구 통일로83길 8 (갈현동),근린생활1,제1종근린생활시설,1013114525,지번
1138010700101040023,서울특별시 은평구 응암동,서울특별시 은평구 응암로 302 (응암동),근린생활2,제2종근린생활시설,1013123592,지번
1138010700105920034,서울특별시 은평구 응암동,서울특별시 은평구 응암로9길 18 (응암동),근린생활1,제1종근린생활시설,1013126796,지번
1138010900103490025,서울특별시 은평구 신사동,서울특별시 은평구 증산로17길 20 (신사동),근린생활2,제2종근린생활시설,1013136588,지번
1138010700105760017,서울특별시 은평구 응암동,서울특별시 은평구 응암로 234 (응암동),근린생활1,제1종근린생활시설,1013126286,지번
1138010600102130001,서울특별시 은평구 대조동,서울특별시 은평구 연서로20길 16 (대조동),근린생활1,제1종근린생활시설,1013121411,지번
1138010900102370312,서울특별시 은평구 신사동,서울특별시 은평구 가좌로11길 17 (신사동),근린생활1,제1종근린생활시설,1013137266,지번
1138011400103020010,서울특별시 은평구 진관동,서울특별시 은평구 의상봉길 24-2 (진관동),근린생활2,제2종근린생활시설,10131100307596,지번
1138010600100680004,서울특별시 은평구 대조동,서울특별시 은평구 서오릉로8길 23 (대조동),근린생활2,제2종근린생활시설,1013119947,지번
1138010600101870055,서울특별시 은평구 대조동,서울특별시 은평구 통일로73길 6 (대조동),근린생활2,제2종근린생활시설,1013120821,지번
1138010900102000004,서울특별시 은평구 신사동,서울특별시 은평구 은평터널로 181-1 (신사동),근린생활2,제2종근린생활시설,1013135325,지번
1138010900102280035,서울특별시 은평구 신사동,서울특별시 은평구 가좌로 335 (신사동),근린생활,근린생활시설,1013135474,지번
1138010400104810001,서울특별시 은평구 갈현동,서울특별시 은평구 연서로27길 9-1 (갈현동),근린생활1,제1종근린생활시설,1013115647,지번
1138010600101870024,서울특별시 은평구 대조동,서울특별시 은평구 통일로 817 (대조동),근린생활2,제2종근린생활시설,1013120797,지번
1138010400104220004,서울특별시 은평구 갈현동,서울특별시 은평구 갈현로 309-2 (갈현동),근린생활1,제1종근린생활시설,1013114794,지번
1138010600100050017,서울특별시 은평구 대조동,서울특별시 은평구 통일로 737 (대조동),근린생활1,제1종근린생활시설,1013119226,지번
1138010800100470001,서울특별시 은평구 역촌동,서울특별시 은평구 갈현로14길 32 (역촌동),근린생활1,제1종근린생활시설,10131100203764,지번
1138010900101700004,서울특별시 은평구 신사동,서울특별시 은평구 증산로15길 54 (신사동),근린생활1,단독주택,1013135151,본번
1138010400103990023,서울특별시 은평구 갈현동,서울특별시 은평구 연서로29길 14 (갈현동),근린생활1,제1종근린생활시설,1013114423,지번
1138010300104210014,서울특별시 은평구 불광동,서울특별시 은평구 연서로35길 12 (불광동),근린생활1,제1종근린생활시설,101319561,지번
1138011400103000004,서울특별시 은평구 진관동,서울특별시 은평구 북한산로 280 (진관동),근린생활2,제2종근린생활시설,1013139856,지번
1138010500103560016,서울특별시 은평구 구산동,서울특별시 은평구 서오릉로21길 33-1 (구산동),근린생활1,제1종근린생활시설,1013114157,지번
1138010900101930002,서울특별시 은평구 신사동,서울특별시 은평구 증산로17길 64 (신사동),근린생활2,제2종근린생활시설,1013135313,지번
1138010900103460001,서울특별시 은평구 신사동,서울특별시 은평구 증산로17길 39 (신사동),근린생활1,제1종근린생활시설,1013136555,지번
1138010900103430037,서울특별시 은평구 신사동,서울특별시 은평구 증산로17길 37 (신사동),근린생활1,제1종근린생활시설,1013136532,지번
1138010600102220003,서울특별시 은평구 대조동,서울특별시 은평구 연서로 172 (대조동),근린생활1,제1종근린생활시설,1013121638,지번
1138011400102050008,서울특별시 은평구 진관동,서울특별시 은평구 진관길 7 (진관동),근린생활1,제1종근린생활시설,10131100279654,지번
1138011400101940004,서울특별시 은평구 진관동,서울특별시 은평구 연서로50길 7 (진관동),근린생활1,단독주택,10131100291034,지번
1138010800100830039,서울특별시 은평구 역촌동,서울특별시 은평구 연서로 19 (역촌동),근린생활2,제2종근린생활시설,1013132742,지번
1138010700107500001,서울특별시 은평구 응암동,서울특별시 은평구 응암로12길 10 (응암동),근린생활1,제1종근린생활시설,1013128119,지번
1138010900100070024,서울특별시 은평구 신사동,서울특별시 은평구 갈현로 40 (신사동),근린생활2,제2종근린생활시설,1013134075,지번
1138010900100170016,서울특별시 은평구 신사동,서울특별시 은평구 갈현로1길 3-1 (신사동),근린생활1,제1종근린생활시설,1013134286,지번
1138010800200310001,서울특별시 은평구 역촌동,서울특별시 은평구 갈현로7길 49 (역촌동),근린생활2,의료시설,1013133884,지번
1138010600102220019,서울특별시 은평구 대조동,서울특별시 은평구 연서로 164-1 (대조동),근린생활2,제2종근린생활시설,1013121651,지번
1138010400104330034,서울특별시 은평구 갈현동,서울특별시 은평구 갈현로33길 8 (갈현동),근린생활1,제1종근린생활시설,1013114998,지번
1138010500100140001,서울특별시 은평구 구산동,서울특별시 은평구 갈현로 155 (구산동),근린생활1,제1종근린생활시설,1013117823,지번
1138010800100070001,서울특별시 은평구 역촌동,서울특별시 은평구 연서로 128 (역촌동),근린생활2,제2종근린생활시설,1013130384,지번
1138010800100480060,서울특별시 은평구 역촌동,서울특별시 은평구 역말로 37-7 (역촌동),근린생활2,제2종근린생활시설,10131100321295,지번
1138010900100290141,서울특별시 은평구 신사동,서울특별시 은평구 은평로 18-5 (신사동),근린생활1,제1종근린생활시설,1013134720,지번
1138010200102410000,서울특별시 은평구 녹번동,서울특별시 은평구 은평로 223-1 (녹번동),근린생활2,제2종근린생활시설,101315240,지번
1138010200101510067,서울특별시 은평구 녹번동,서울특별시 은평구 서오릉로4길 21 (녹번동),근린생활1,제1종근린생활시설,101314834,지번
1138010600100250008,서울특별시 은평구 대조동,서울특별시 은평구 불광로 3 (대조동),근린생활1,제1종근린생활시설,1013121770,지번
1138010800100850008,서울특별시 은평구 역촌동,서울특별시 은평구 은평로3길 18-1 (역촌동),근린생활2,제2종근린생활시설,1013132797,지번
1138010900100050021,서울특별시 은평구 신사동,서울특별시 은평구 은평로3가길 34 (신사동),근린생활1,제1종근린생활시설,1013134027,지번
1138010900100190161,서울특별시 은평구 신사동,서울특별시 은평구 가좌로 328 (신사동),근린생활1,제1종근린생활시설,1013134404,지번
1138010900100400030,서울특별시 은평구 신사동,서울특별시 은평구 은평터널로 198 (신사동),근린생활1,제1종근린생활시설,1013134971,지번
1138010900100290030,서울특별시 은평구 신사동,서울특별시 은평구 가좌로 322 (신사동),근린생활1,제1종근린생활시설,1013134675,지번
1138010900101720010,서울특별시 은평구 신사동,서울특별시 은평구 증산로15길 46 (신사동),근린생활1,제1종근린생활시설,1013135191,지번
1138010600102150037,서울특별시 은평구 대조동,서울특별시 은평구 연서로20길 25 (대조동),근린생활,근린생활시설,1013121497,지번
1138011000101570005,서울특별시 은평구 증산동,서울특별시 은평구 증산로15길 21 (증산동),근린생활1,제1종근린생활시설,1013137785,지번
1138011000101930036,서울특별시 은평구 증산동,서울특별시 은평구 증산로11길 21-1 (증산동),근린생활1,제1종근린생활시설,1013138354,지번
1138010700105790033,서울특별시 은평구 응암동,서울특별시 은평구 응암로21길 23 (응암동),근린생활1,제1종근린생활시설,1013126428,지번
1138010900101700005,서울특별시 은평구 신사동,서울특별시 은평구 증산로15길 54 (신사동),근린생활2,단독주택,1013135151,본번
1138010900101830009,서울특별시 은평구 신사동,서울특별시 은평구 은평터널로 143-13 (신사동),근린생활2,제2종근린생활시설,1013135223,지번
1138010700101100053,서울특별시 은평구 응암동,서울특별시 은평구 은평로 104 (응암동),근린생활1,제1종근린생활시설,10131100231765,지번
1138010700101090013,서울특별시 은평구 응암동,서울특별시 은평구 은평로8길 5 (응암동),근린생활2,제2종근린생활시설,1013123681,지번
1138010400104520030,서울특별시 은평구 갈현동,서울특별시 은평구 연서로29길 21-2 (갈현동),근린생활2,제2종근린생활시설,1013115244,지번
1138010500100260036,서울특별시 은평구 구산동,서울특별시 은평구 갈현로 117 (구산동),근린생활1,제1종근린생활시설,1013118194,지번
1138010600101790035,서울특별시 은평구 대조동,서울특별시 은평구 진흥로11길 1-13 (대조동),근린생활2,제2종근린생활시설,1013120676,지번
1138011000101660008,서울특별시 은평구 증산동,서울특별시 은평구 증산로9길 14 (증산동),근린생활2,제2종근린생활시설,1013137905,지번
1138011400102790072,서울특별시 은평구 진관동,서울특별시 은평구 대서문길 21 (진관동),근린생활2,제2종근린생활시설,10131100211043,지번
1138010900100120016,서울특별시 은평구 신사동,서울특별시 은평구 갈현로1길 24 (신사동),근린생활1,제1종근린생활시설,1013134168,지번
1138010700101100002,서울특별시 은평구 응암동,서울특별시 은평구 은평로 114 (응암동),근린생활1,제1종근린생활시설,1013123699,지번
1138010700104270116,서울특별시 은평구 응암동,서울특별시 은평구 응암로22길 3 (응암동),근린생활2,제2종근린생활시설,1013126141,지번
1138010900100300033,서울특별시 은평구 신사동,서울특별시 은평구 가좌로 316-1 (신사동),근린생활2,제2종근린생활시설,1013134763,지번
1138010900100170010,서울특별시 은평구 신사동,서울특별시 은평구 갈현로 7 (신사동),근린생활,근린생활시설,1013134281,지번
1138010900100390025,서울특별시 은평구 신사동,서울특별시 은평구 가좌로 301 (신사동),근린생활2,제2종근린생활시설,1013134952,지번
1138010300103100124,서울특별시 은평구 불광동,서울특별시 은평구 통일로80길 16-3 (불광동),근린생활2,제2종근린생활시설,101318299,지번
1138010800100130053,서울특별시 은평구 역촌동,서울특별시 은평구 역말로 71-1 (역촌동),근린생활1,제1종근린생활시설,1013130663,지번
1138010900100290011,서울특별시 은평구 신사동,서울특별시 은평구 은평로 26 (신사동),근린생활2,제2종근린생활시설,1013134663,지번
1138010900101960004,서울특별시 은평구 신사동,서울특별시 은평구 은평터널로 149 (신사동),근린생활2,제2종근린생활시설,1013135321,지번
1138010700101110044,서울특별시 은평구 응암동,서울특별시 은평구 은평로 90-2 (응암동),근린생활2,제2종근린생활시설,10131100223069,지번
1138010600100150111,서울특별시 은평구 대조동,서울특별시 은평구 통일로65길 13-6 (대조동),근린생활2,제2종근린생활시설,10131100204269,지번
1138010900103430036,서울특별시 은평구 신사동,서울특별시 은평구 증산로17길 37-1 (신사동),근린생활1,제1종근린생활시설,1013136531,지번
1138010900100300050,서울특별시 은평구 신사동,서울특별시 은평구 가좌로 312 (신사동),근린생활2,제2종근린생활시설,1013134771,지번
1138010900100150052,서울특별시 은평구 신사동,서울특별시 은평구 갈현로1길 8-1 (신사동),근린생활2,제2종근린생활시설,1013134245,지번
1138010900101930003,서울특별시 은평구 신사동,서울특별시 은평구 증산로17길 62 (신사동),근린생활2,제2종근린생활시설,1013135314,지번
1138010700105990033,서울특별시 은평구 응암동,서울특별시 은평구 응암로11길 4-4 (응암동),근린생활2,제1종근린생활시설,1013127045,지번
1138010700105990033,서울특별시 은평구 응암동,서울특별시 은평구 응암로11길 4-4 (응암동),근린생활2,제2종근린생활시설,1013127046,지번
1138010700105900001,서울특별시 은평구 응암동,서울특별시 은평구 가좌로 231 (응암동),근린생활1,제1종근린생활시설,1013126714,지번
1138010100104150006,서울특별시 은평구 수색동,서울특별시 은평구 은평터널로 62 (수색동),근린생활1,제1종근린생활시설,101312334,지번
1138010900102220005,서울특별시 은평구 신사동,서울특별시 은평구 은평터널로 189 (신사동),근린생활1,제1종근린생활시설,1013135425,지번
1138010400104220035,서울특별시 은평구 갈현동,서울특별시 은평구 갈현로 303 (갈현동),근린생활1,제1종근린생활시설,1013114823,지번
1138010700105760010,서울특별시 은평구 응암동,서울특별시 은평구 응암로 240 (응암동),근린생활2,제2종근린생활시설,1013126281,지번
1138010700105760010,서울특별시 은평구 응암동,서울특별시 은평구 응암로 240 (응암동),근린생활2,제2종근린생활시설,1013126282,지번
1138010400104250003,서울특별시 은평구 갈현동,서울특별시 은평구 통일로87길 19-1 (갈현동),근린생활2,제2종근린생활시설,1013114857,지번
1138010200101590024,서울특별시 은평구 녹번동,서울특별시 은평구 은평로11길 25 (녹번동),근린생활1,제1종근린생활시설,101315050,지번
1138010300103910269,서울특별시 은평구 불광동,서울특별시 은평구 통일로88가길 7-4 (불광동),근린생활2,제2종근린생활시설,10131100277854,지번
1138010200100790001,서울특별시 은평구 녹번동,서울특별시 은평구 은평로 203-16 (녹번동),근린생활2,제2종근린생활시설,1000000000000002339579,지번
1138010600101910035,서울특별시 은평구 대조동,서울특별시 은평구 역말로9길 44 (대조동),근린생활,근린생활시설,1013120923,지번
1138010600101850023,서울특별시 은평구 대조동,서울특별시 은평구 연서로28길 1 (대조동),근린생활1,제1종근린생활시설,1013120715,지번
1138010800100250153,서울특별시 은평구 역촌동,서울특별시 은평구 진흥로7길 16-1 (역촌동),근린생활1,제1종근린생활시설,1013131168,지번
1138010600102050023,서울특별시 은평구 대조동,서울특별시 은평구 연서로26길 36 (대조동),근린생활1,제1종근린생활시설,1013121223,지번
1138010900100300039,서울특별시 은평구 신사동,서울특별시 은평구 가좌로 308 (신사동),근린생활1,제1종근린생활시설,1013134765,지번
1138010900100080032,서울특별시 은평구 신사동,서울특별시 은평구 갈현로 10-7 (신사동),근린생활2,제2종근린생활시설,1013134104,지번
1138010900100080045,서울특별시 은평구 신사동,서울특별시 은평구 갈현로 22 (신사동),근린생활,근린생활시설,1013134110,지번
1138010900100200007,서울특별시 은평구 신사동,서울특별시 은평구 갈현로 10 (신사동),근린생활1,제1종근린생활시설,1013134416,지번
1138010600101980004,서울특별시 은평구 대조동,서울특별시 은평구 연서로 222 (대조동),근린생활1,제1종근린생활시설,1013121056,지번
1138010900100080022,서울특별시 은평구 신사동,서울특별시 은평구 갈현로 16 (신사동),근린생활1,제1종근린생활시설,1013134096,지번
1138010900103400016,서울특별시 은평구 신사동,서울특별시 은평구 증산로15길 20-1 (신사동),근린생활1,제1종근린생활시설,1013136425,지번
1138010900100090021,서울특별시 은평구 신사동,서울특별시 은평구 갈현로 33 (신사동),근린생활2,제2종근린생활시설,1013134127,지번
1138010900103350026,서울특별시 은평구 신사동,서울특별시 은평구 가좌로 275 (신사동),근린생활2,제2종근린생활시설,1013136295,지번
1138010900100180032,서울특별시 은평구 신사동,서울특별시 은평구 갈현로1길 9 (신사동),근린생활2,제2종근린생활시설,1013134309,지번
1138010900102290021,서울특별시 은평구 신사동,서울특별시 은평구 가좌로11길 3 (신사동),근린생활1,제1종근린생활시설,1013135483,지번
1138010900100390007,서울특별시 은평구 신사동,서울특별시 은평구 가좌로 281-2 (신사동),근린생활2,제2종근린생활시설,1013134941,지번
1138010700104270096,서울특별시 은평구 응암동,서울특별시 은평구 응암로22길 7-1 (응암동),근린생활2,제2종근린생활시설,1013126122,지번
1138010300102740003,서울특별시 은평구 불광동,서울특별시 은평구 불광로 37-7 (불광동),근린생활2,제2종근린생활시설,10131100285334,지번
1138010900103430031,서울특별시 은평구 신사동,서울특별시 은평구 증산로15길 40-1 (신사동),근린생활1,제1종근린생활시설,1013136528,지번
1138010900103480024,서울특별시 은평구 신사동,서울특별시 은평구 증산로17길 38 (신사동),근린생활,근린생활시설,1013136569,지번
1138010900100080013,서울특별시 은평구 신사동,서울특별시 은평구 갈현로 20 (신사동),근린생활,근린생활시설,1013134088,지번
1138010700101090032,서울특별시 은평구 응암동,서울특별시 은평구 은평로8길 7 (응암동),근린생활1,제1종근린생활시설,1013123695,지번
1138010900100290177,서울특별시 은평구 신사동,서울특별시 은평구 은평로 32 (신사동),근린생활1,제1종근린생활시설,1013134735,지번
1138010800102260013,서울특별시 은평구 역촌동,서울특별시 은평구 갈현로7길 37 (역촌동),근린생활2,제2종근린생활시설,1013132941,지번
1138010900103440008,서울특별시 은평구 신사동,서울특별시 은평구 증산로15길 37 (신사동),근린생활,근린생활시설,1013136546,지번
1138010900100200024,서울특별시 은평구 신사동,서울특별시 은평구 은평로 29 (신사동),근린생활1,제1종근린생활시설,1013134426,지번
1138011000101570003,서울특별시 은평구 증산동,서울특별시 은평구 증산로15길 21-2 (증산동),근린생활2,제2종근린생활시설,1013137783,지번
1138010900101540004,서울특별시 은평구 신사동,서울특별시 은평구 증산로15길 67-14 (신사동),근린생활1,제1종근린생활시설,1013135061,지번
1138010900100200004,서울특별시 은평구 신사동,서울특별시 은평구 은평로 25 (신사동),근린생활2,제2종근린생활시설,1013134413,지번
1138010900102280011,서울특별시 은평구 신사동,서울특별시 은평구 가좌로 327-4 (신사동),근린생활1,제1종근린생활시설,1013135451,지번
1138010900100200010,서울특별시 은평구 신사동,서울특별시 은평구 갈현로 6 (신사동),근린생활,근린생활시설,1013134418,지번
1138010700105990074,서울특별시 은평구 응암동,서울특별시 은평구 응암로11길 14 (응암동),근린생활2,제2종근린생활시설,1013127067,지번
1138010500100200030,서울특별시 은평구 구산동,서울특별시 은평구 연서로11길 8 (구산동),근린생활1,제1종근린생활시설,10131100257173,지번
1138011400101980001,서울특별시 은평구 진관동,서울특별시 은평구 진관길 4 (진관동),근린생활1,제1종근린생활시설,10131100299554,지번
1138010400104970013,서울특별시 은평구 갈현동,서울특별시 은평구 연서로17길 46-1 (갈현동),근린생활2,제2종근린생활시설,1013115905,지번
1138010200100830006,서울특별시 은평구 녹번동,서울특별시 은평구 은평로21길 61 (녹번동),근린생활2,제2종근린생활시설,101313883,지번
1138010200101090005,서울특별시 은평구 녹번동,서울특별시 은평구 녹번로7길 5 (녹번동),근린생활2,제2종근린생활시설,10131100224009,지번
1138010800100220001,서울특별시 은평구 역촌동,서울특별시 은평구 연서로 74 (역촌동),근린생활1,제1종근린생활시설,1013130973,지번
1138010300100700004,서울특별시 은평구 불광동,서울특별시 은평구 연서로 330 (불광동),근린생활1,제1종근린생활시설,101316389,지번
1138010700106010046,서울특별시 은평구 응암동,서울특별시 은평구 응암로12길 9-9 (응암동),근린생활1,제1종근린생활시설,1013127108,지번
1138010100103760003,서울특별시 은평구 수색동,서울특별시 은평구 수색로 281-2 (수색동),근린생활1,제2종근린생활시설,101312259,지번
1138010100103760003,서울특별시 은평구 수색동,서울특별시 은평구 수색로 281-2 (수색동),근린생활1,제1종근린생활시설,101312260,지번
1138010900103360014,서울특별시 은평구 신사동,서울특별시 은평구 증산로 395-16 (신사동),근린생활2,제2종근린생활시설,1013137385,지번
1138010900100350012,서울특별시 은평구 신사동,서울특별시 은평구 증산로 419 (신사동),근린생활2,제2종근린생활시설,1013134854,지번
1138010700105900003,서울특별시 은평구 응암동,서울특별시 은평구 가좌로 227 (응암동),근린생활1,제1종근린생활시설,1013126716,지번
1138010400103950006,서울특별시 은평구 갈현동,서울특별시 은평구 통일로 867 (갈현동),근린생활1,제1종근린생활시설,1013114371,지번
1138010600100310003,서울특별시 은평구 대조동,서울특별시 은평구 통일로69길 29 (대조동),근린생활1,제1종근린생활시설,1013119514,지번
1138011000101690012,서울특별시 은평구 증산동,서울특별시 은평구 증산로7길 6 (증산동),근린생활2,제2종근린생활시설,1013137947,지번
1138010400104610004,서울특별시 은평구 갈현동,서울특별시 은평구 연서로 189 (갈현동),근린생활2,제2종근린생활시설,10131100261398,지번
1138010700101170008,서울특별시 은평구 응암동,서울특별시 은평구 응암로 287-1 (응암동),근린생활2,제2종근린생활시설,10131100320295,지번
1138010700103350027,서울특별시 은평구 응암동,서울특별시 은평구 응암로14길 19 (응암동),근린생활2,제2종근린생활시설,1013125286,지번
1138010400104440010,서울특별시 은평구 갈현동,서울특별시 은평구 갈현로35길 12-13 (갈현동),근린생활2,제2종근린생활시설,1013115099,지번
1138010900103360013,서울특별시 은평구 신사동,서울특별시 은평구 증산로 395-12 (신사동),근린생활,근린생활시설,1013136311,지번
1138010700105910007,서울특별시 은평구 응암동,서울특별시 은평구 응암로13길 20 (응암동),근린생활1,제1종근린생활시설,10131100187923,지번
1138010700103760023,서울특별시 은평구 응암동,서울특별시 은평구 응암로 218-8 (응암동),근린생활2,제2종근린생활시설,10131100221798,지번
1138010600101990002,서울특별시 은평구 대조동,서울특별시 은평구 연서로 210 (대조동),근린생활1,제1종근린생활시설,1013121071,지번
1138010400104810002,서울특별시 은평구 갈현동,서울특별시 은평구 연서로27길 9 (갈현동),근린생활1,제1종근린생활시설,1013115648,지번
1138010700105910019,서울특별시 은평구 응암동,서울특별시 은평구 불광천길 338 (응암동),근린생활2,제2종근린생활시설,10131100211980,지번
1138010700101100017,서울특별시 은평구 응암동,서울특별시 은평구 은평로6길 5-13 (응암동),근린생활2,제2종근린생활시설,10131100209176,지번
1138010700107500003,서울특별시 은평구 응암동,서울특별시 은평구 응암로12길 12-6 (응암동),근린생활1,제1종근린생활시설,1013128121,지번
1138010700105900014,서울특별시 은평구 응암동,서울특별시 은평구 응암로13길 10 (응암동),근린생활1,제1종근린생활시설,1013126723,지번
1138010700105900014,서울특별시 은평구 응암동,서울특별시 은평구 응암로13길 10-1 (응암동),근린생활1,공동주택,1013129434,지번
1138010700104270137,서울특별시 은평구 응암동,서울특별시 은평구 응암로22길 3-8 (응암동),근린생활2,제2종근린생활시설,1013126156,지번
1138010700106010003,서울특별시 은평구 응암동,서울특별시 은평구 가좌로 213-2 (응암동),근린생활1,제1종근린생활시설,1013127084,지번
1138010400104600004,서울특별시 은평구 갈현동,서울특별시 은평구 연서로 211-1 (갈현동),근린생활2,제2종근린생활시설,1013115339,지번
1138010700103340032,서울특별시 은평구 응암동,서울특별시 은평구 응암로14길 14 (응암동),근린생활2,제2종근린생활시설,1013125269,지번
1138010900103350010,서울특별시 은평구 신사동,서울특별시 은평구 증산로 401-4 (신사동),근린생활2,제2종근린생활시설,1013136282,지번
1138010900100020003,서울특별시 은평구 신사동,서울특별시 은평구 은평로3길 3 (신사동),근린생활2,제1종근린생활시설,1013133965,지번
1138010700106960032,서울특별시 은평구 응암동,서울특별시 은평구 가좌로7길 33 (응암동),근린생활2,제2종근린생활시설,1013127679,지번
1138010700101240047,서울특별시 은평구 응암동,서울특별시 은평구 응암로21길 4 (응암동),근린생활2,제2종근린생활시설,1013123992,지번
1138011000102080001,서울특별시 은평구 증산동,서울특별시 은평구 증산로5길 27 (증산동),근린생활2,제2종근린생활시설,1013138558,지번
1138010700101100011,서울특별시 은평구 응암동,서울특별시 은평구 은평로 102-1 (응암동),근린생활1,단독주택,1013123704,지번
1138010700101100011,서울특별시 은평구 응암동,서울특별시 은평구 은평로 102-1 (응암동),근린생활1,제1종근린생활시설,1013123705,지번
1138011000101910001,서울특별시 은평구 증산동,서울특별시 은평구 증산서길 125 (증산동),근린생활1,제1종근린생활시설,1013138268,지번
1138010700101150025,서울특별시 은평구 응암동,서울특별시 은평구 은평로8길 28 (응암동),근린생활1,제1종근린생활시설,1013123789,지번
1138010700100640018,서울특별시 은평구 응암동,서울특별시 은평구 은평로 210 (응암동),근린생활1,제1종근린생활시설,1013122924,지번
1138010200102210002,서울특별시 은평구 녹번동,서울특별시 은평구 은평로 217 (녹번동),근린생활2,제2종근린생활시설,101315227,지번
1138010400105270014,서울특별시 은평구 갈현동,서울특별시 은평구 서오릉로 216 (갈현동),근린생활1,제1종근린생활시설,1013116482,지번
1138010700101110011,서울특별시 은평구 응암동,서울특별시 은평구 은평로6길 8-8 (응암동),근린생활2,제2종근린생활시설,10131100222383,지번
1138010700106000006,서울특별시 은평구 응암동,서울특별시 은평구 응암로13길 7 (응암동),근린생활1,제1종근린생활시설,1013127081,지번
1138010600101980020,서울특별시 은평구 대조동,서울특별시 은평구 연서로28길 4 (대조동),근린생활1,제1종근린생활시설,1013121064,지번
1138010400104510013,서울특별시 은평구 갈현동,서울특별시 은평구 갈현로 250 (갈현동),근린생활2,제2종근린생활시설,1013115206,지번
1138010900101890013,서울특별시 은평구 신사동,서울특별시 은평구 은평터널로5길 11-11 (신사동),근린생활1,제1종근린생활시설,1013135281,지번
1138010700105940038,서울특별시 은평구 응암동,서울특별시 은평구 응암로 155 (응암동),근린생활2,제2종근린생활시설,1013126880,지번
1138010700104270149,서울특별시 은평구 응암동,서울특별시 은평구 응암로22길 3-10 (응암동),근린생활2,제2종근린생활시설,1013126163,지번
1138010800100100099,서울특별시 은평구 역촌동,서울특별시 은평구 역말로 63 (역촌동),근린생활1,제1종근린생활시설,1013130540,지번
1138010200101440031,서울특별시 은평구 녹번동,서울특별시 은평구 서오릉로 64-13 (녹번동),근린생활2,제2종근린생활시설,10131100230125,지번
1138010700106030015,서울특별시 은평구 응암동,서울특별시 은평구 응암로4길 21-1 (응암동),근린생활1,제1종근린생활시설,1013127179,지번
1138010700106030075,서울특별시 은평구 응암동,서울특별시 은평구 응암로 172-1 (응암동),근린생활2,제2종근린생활시설,1013127218,지번
1138010400104980004,서울특별시 은평구 갈현동,서울특별시 은평구 서오릉로 196 (갈현동),근린생활2,제2종근린생활시설,10131100257458,지번
1138011400103340008,서울특별시 은평구 진관동,서울특별시 은평구 연서로 608-1 (진관동),근린생활2,제2종근린생활시설,10131100230265,지번
1138010500100030020,서울특별시 은평구 구산동,서울특별시 은평구 서오릉로 157-12 (구산동),근린생활2,제2종근린생활시설,10131100211446,지번
1138010700105930001,서울특별시 은평구 응암동,서울특별시 은평구 응암로9길 19 (응암동),근린생활1,제1종근린생활시설,1013126828,지번
1138010700107210008,서울특별시 은평구 응암동,서울특별시 은평구 응암로12길 12-29 (응암동),근린생활2,제2종근린생활시설,1013127858,지번
1138010700106960055,서울특별시 은평구 응암동,서울특별시 은평구 가좌로7다길 8-4 (응암동),근린생활1,제1종근린생활시설,1013127701,지번
1138010700106990029,서울특별시 은평구 응암동,서울특별시 은평구 가좌로7다길 10 (응암동),근린생활1,제1종근린생활시설,1013127747,지번
1138010900100350001,서울특별시 은평구 신사동,서울특별시 은평구 증산로 427 (신사동),근린생활2,제2종근린생활시설,1013134846,지번
1138010900100350001,서울특별시 은평구 신사동,서울특별시 은평구 증산로 425 (신사동),근린생활2,제2종근린생활시설,1013134847,지번
1138010400103990001,서울특별시 은평구 갈현동,서울특별시 은평구 연서로29길 14-18 (갈현동),근린생활,근린생활시설,1013114401,지번
1138010900103390005,서울특별시 은평구 신사동,서울특별시 은평구 증산로15길 4-1 (신사동),근린생활1,제1종근린생활시설,1013136394,지번
1138010700103340002,서울특별시 은평구 응암동,서울특별시 은평구 응암로14길 22 (응암동),근린생활1,제1종근린생활시설,1013125256,지번
1138010700103510023,서울특별시 은평구 응암동,서울특별시 은평구 응암로14길 15-27 (응암동),근린생활1,단독주택,1013125474,지번
1138010700100860009,서울특별시 은평구 응암동,서울특별시 은평구 은평로 157 (응암동),근린생활2,제2종근린생활시설,1013123115,지번
1138010700107510026,서울특별시 은평구 응암동,서울특별시 은평구 응암로12길 26-6 (응암동),근린생활1,제1종근린생활시설,1013128146,지번
1138010700107210004,서울특별시 은평구 응암동,서울특별시 은평구 응암로12길 12-15 (응암동),근린생활1,제1종근린생활시설,1013127855,지번
1138010700107190020,서울특별시 은평구 응암동,서울특별시 은평구 응암로12길 9-6 (응암동),근린생활1,제1종근린생활시설,1013129920,지번
1138010700105760045,서울특별시 은평구 응암동,서울특별시 은평구 응암로14길 1 (응암동),근린생활2,제2종근린생활시설,1013126295,지번
1138010900102000126,서울특별시 은평구 신사동,서울특별시 은평구 은평터널로 173 (신사동),근린생활1,제1종근린생활시설,1013135364,지번
1138010700105920062,서울특별시 은평구 응암동,서울특별시 은평구 불광천길 312 (응암동),근린생활1,제1종근린생활시설,1013126817,지번
1138010500103210023,서울특별시 은평구 구산동,서울특별시 은평구 서오릉로 239 (구산동),근린생활2,제2종근린생활시설,10131100256798,지번
1138010800100170015,서울특별시 은평구 역촌동,서울특별시 은평구 진흥로 101 (역촌동),근린생활2,제2종근린생활시설,1013130784,지번
1138010700103970180,서울특별시 은평구 응암동,서울특별시 은평구 응암로 234-2 (응암동),근린생활1,제1종근린생활시설,1013125713,지번
1138010400104020029,서울특별시 은평구 갈현동,서울특별시 은평구 연서로29길 20-25 (갈현동),근린생활1,제1종근린생활시설,1013114480,지번
1138010400104560027,서울특별시 은평구 갈현동,서울특별시 은평구 연서로 215 (갈현동),근린생활1,제1종근린생활시설,1013115329,지번
1138010700105770047,서울특별시 은평구 응암동,서울특별시 은평구 가좌로 234 (응암동),근린생활1,제1종근린생활시설,1013126318,지번
1138010700106010065,서울특별시 은평구 응암동,서울특별시 은평구 응암로 188 (응암동),근린생활1,제1종근린생활시설,1013127122,지번
1138010700106010032,서울특별시 은평구 응암동,서울특별시 은평구 응암로 184-1 (응암동),근린생활1,단독주택,1013127100,지번
1138010700106010032,서울특별시 은평구 응암동,서울특별시 은평구 응암로 184-1 (응암동),근린생활1,제1종근린생활시설,1013127101,지번
1138010600101910001,서울특별시 은평구 대조동,서울특별시 은평구 통일로73길 5-4 (대조동),근린생활1,공동주택,1000000000000001022250,지번
1138010700105990094,서울특별시 은평구 응암동,서울특별시 은평구 응암로13길 17 (응암동),근린생활2,제2종근린생활시설,1013127074,지번
1138011000101650018,서울특별시 은평구 증산동,서울특별시 은평구 증산서길 122 (증산동),근린생활,근린생활시설,1013137895,지번
1138010800100540008,서울특별시 은평구 역촌동,서울특별시 은평구 갈현로 81 (역촌동),근린생활,근린생활시설,1013131945,지번
1138010800100550020,서울특별시 은평구 역촌동,서울특별시 은평구 연서로5길 42 (역촌동),근린생활2,제2종근린생활시설,1013131969,지번
1138010700107520008,서울특별시 은평구 응암동,서울특별시 은평구 응암로12길 30-1 (응암동),근린생활2,제2종근린생활시설,1013128157,지번
1138010700107520008,서울특별시 은평구 응암동,서울특별시 은평구 응암로12길 26-11 (응암동),근린생활2,단독주택,1013128158,지번
1138010100103170009,서울특별시 은평구 수색동,서울특별시 은평구 수색로 340 (수색동),근린생활2,제2종근린생활시설,101311627,지번
1138010700106030030,서울특별시 은평구 응암동,서울특별시 은평구 응암로4길 17 (응암동),근린생활1,제1종근린생활시설,1013127186,지번
1138010700106030030,서울특별시 은평구 응암동,서울특별시 은평구 응암로4길 17 (응암동),근린생활1,제1종근린생활시설,1013127187,지번
1138010700106030030,서울특별시 은평구 응암동,서울특별시 은평구 응암로4길 17 (응암동),근린생활1,단독주택,1013127189,지번
1138010700105900009,서울특별시 은평구 응암동,서울특별시 은평구 응암로13길 4 (응암동),근린생활1,제1종근린생활시설,1013126720,지번
1138010700106030061,서울특별시 은평구 응암동,서울특별시 은평구 응암로 166 (응암동),근린생활2,제2종근린생활시설,1013127212,지번
1138010700106030045,서울특별시 은평구 응암동,서울특별시 은평구 응암로 162-6 (응암동),근린생활2,제2종근린생활시설,1013127194,지번
1138010300100110014,서울특별시 은평구 불광동,서울특별시 은평구 불광로 112 (불광동),근린생활1,제1종근린생활시설,101316129,지번
1138010800100550035,서울특별시 은평구 역촌동,서울특별시 은평구 갈현로 82 (역촌동),근린생활1,제1종근린생활시설,1013133567,지번
1138010300103100081,서울특별시 은평구 불광동,서울특별시 은평구 연서로31길 3 (불광동),근린생활1,제1종근린생활시설,101318265,지번
1138010400103920003,서울특별시 은평구 갈현동,서울특별시 은평구 통일로 907 (갈현동),근린생활1,제1종근린생활시설,1013114300,지번
1138010600100150047,서울특별시 은평구 대조동,서울특별시 은평구 통일로65길 2 (대조동),근린생활1,제1종근린생활시설,1013119396,지번
1138010700107330004,서울특별시 은평구 응암동,서울특별시 은평구 가좌로7나길 13 (응암동),근린생활2,제2종근린생활시설,1013127942,지번
1138010800100080077,서울특별시 은평구 역촌동,서울특별시 은평구 연서로 106 (역촌동),근린생활2,제2종근린생활시설,1013130450,지번
1138010800100700040,서울특별시 은평구 역촌동,서울특별시 은평구 갈현로 67-1 (역촌동),근린생활2,제2종근린생활시설,10131100318015,지번
1138010700105840012,서울특별시 은평구 응암동,서울특별시 은평구 가좌로10길 3 (응암동),근린생활2,제2종근린생활시설,1013126552,지번
1138010200101620034,서울특별시 은평구 녹번동,서울특별시 은평구 진흥로 68 (녹번동),근린생활2,제2종근린생활시설,101315113,지번
1138010900102700021,서울특별시 은평구 신사동,서울특별시 은평구 갈현로3길 24 (신사동),근린생활2,제2종근린생활시설,1013136111,지번
1138010400104540008,서울특별시 은평구 갈현동,서울특별시 은평구 연서로29길 17-3 (갈현동),근린생활2,제2종근린생활시설,1013115275,지번
1138010400104110019,서울특별시 은평구 갈현동,서울특별시 은평구 통일로87길 18-4 (갈현동),근린생활1,제1종근린생활시설,1013114655,지번
1138010400104530020,서울특별시 은평구 갈현동,서울특별시 은평구 연서로29길 21-3 (갈현동),근린생활2,제2종근린생활시설,1013115264,지번
1138010700103970089,서울특별시 은평구 응암동,서울특별시 은평구 응암로20길 3-1 (응암동),근린생활1,제1종근린생활시설,1013125675,지번
1138010400104230015,서울특별시 은평구 갈현동,서울특별시 은평구 갈현로 312-1 (갈현동),근린생활1,제1종근린생활시설,1013114834,지번
1138010400100060040,서울특별시 은평구 갈현동,서울특별시 은평구 갈현로 339 (갈현동),근린생활2,제1종근린생활시설,1013112166,지번
1138010800100780040,서울특별시 은평구 역촌동,서울특별시 은평구 갈현로7길 3 (역촌동),근린생활2,제2종근린생활시설,1013132547,지번
1138010700105970021,서울특별시 은평구 응암동,서울특별시 은평구 응암로9길 16-18 (응암동),근린생활2,제2종근린생활시설,1013126996,지번
1138010900103390011,서울특별시 은평구 신사동,서울특별시 은평구 증산로15길 6 (신사동),근린생활1,제1종근린생활시설,1013136400,지번
1138010700105970003,서울특별시 은평구 응암동,서울특별시 은평구 응암로9길 6-13 (응암동),근린생활2,제2종근린생활시설,1013126977,지번
1138010300102990001,서울특별시 은평구 불광동,서울특별시 은평구 통일로78길 11-6 (불광동),근린생활2,제2종근린생활시설,101318136,지번
1138010300104250005,서울특별시 은평구 불광동,서울특별시 은평구 연서로34길 3-8 (불광동),근린생활2,제2종근린생활시설,10131100230205,지번
1138010300102430002,서울특별시 은평구 불광동,서울특별시 은평구 불광로 83 (불광동),근린생활1,제1종근린생활시설,101317292,지번
1138010300102430002,서울특별시 은평구 불광동,서울특별시 은평구 불광로 83 (불광동),근린생활1,제1종근린생활시설,101317293,지번
1138010700103350014,서울특별시 은평구 응암동,서울특별시 은평구 응암로14길 11 (응암동),근린생활2,제2종근린생활시설,1013125275,지번
1138010200101180047,서울특별시 은평구 녹번동,서울특별시 은평구 진흥로 184 (녹번동),근린생활2,제2종근린생활시설,101314365,지번
1138010700105780036,서울특별시 은평구 응암동,서울특별시 은평구 응암로 227 (응암동),근린생활1,제1종근린생활시설,1013126353,지번
1138010700105820018,서울특별시 은평구 응암동,서울특별시 은평구 불광천길 442-29 (응암동),근린생활1,제1종근린생활시설,1013126494,지번
1138010700103650001,서울특별시 은평구 응암동,서울특별시 은평구 응암로18길 2 (응암동),근린생활2,제2종근린생활시설,1013125530,지번
1138010700103540009,서울특별시 은평구 응암동,서울특별시 은평구 응암로14길 3 (응암동),근린생활2,제2종근린생활시설,1013125502,지번
1138010700106010071,서울특별시 은평구 응암동,서울특별시 은평구 응암로 194 (응암동),근린생활1,제1종근린생활시설,1013127126,지번
1138010600102200031,서울특별시 은평구 대조동,서울특별시 은평구 연서로 178 (대조동),근린생활1,제1종근린생활시설,1013121588,지번
1138010900100240050,서울특별시 은평구 신사동,서울특별시 은평구 증산로23길 7-9 (신사동),근린생활2,제2종근린생활시설,10131100187603,지번
1138010900100390017,서울특별시 은평구 신사동,서울특별시 은평구 가좌로 279 (신사동),근린생활1,제1종근린생활시설,1013134947,지번
1138010700105910018,서울특별시 은평구 응암동,서울특별시 은평구 불광천길 334 (응암동),근린생활2,제2종근린생활시설,1013126761,지번
1138010700105920003,서울특별시 은평구 응암동,서울특별시 은평구 응암로11길 15 (응암동),근린생활1,제1종근린생활시설,1013126778,지번
1138010400104890023,서울특별시 은평구 갈현동,서울특별시 은평구 서오릉로 178 (갈현동),근린생활2,제2종근린생활시설,1013115767,지번
1138010600100040014,서울특별시 은평구 대조동,서울특별시 은평구 통일로 745-10 (대조동),근린생활2,제2종근린생활시설,10131100232645,지번
1138010200101550002,서울특별시 은평구 녹번동,서울특별시 은평구 서오릉로 29-5 (녹번동),근린생활,근린생활시설,101314922,지번
1138010600100460037,서울특별시 은평구 대조동,서울특별시 은평구 역말로9길 13 (대조동),근린생활,근린생활시설,1013119707,지번
1138010700106030059,서울특별시 은평구 응암동,서울특별시 은평구 응암로 162 (응암동),근린생활1,제1종근린생활시설,1013127208,지번
1138010700106030074,서울특별시 은평구 응암동,서울특별시 은평구 응암로 172 (응암동),근린생활1,제1종근린생활시설,1013127217,지번
1138010800100780044,서울특별시 은평구 역촌동,서울특별시 은평구 갈현로 57-1 (역촌동),근린생활2,제2종근린생활시설,1013132550,지번
1138010500100090044,서울특별시 은평구 구산동,서울특별시 은평구 연서로13길 26 (구산동),근린생활2,제2종근린생활시설,10131100199796,지번
1138011000101860008,서울특별시 은평구 증산동,서울특별시 은평구 증산서길 78 (증산동),근린생활2,제2종근린생활시설,1013138164,지번
1138010400104030001,서울특별시 은평구 갈현동,서울특별시 은평구 통일로83길 7 (갈현동),근린생활2,제2종근린생활시설,1013114494,지번
1138010700105990032,서울특별시 은평구 응암동,서울특별시 은평구 응암로11길 4-1 (응암동),근린생활1,제1종근린생활시설,1013127043,지번
1138010900101430002,서울특별시 은평구 신사동,,근린생활1,단독주택,1013135036,본번
1138010900200930008,서울특별시 은평구 신사동,,근린생활1,제1종근린생활시설,1013137526,지번
1138010200100820001,서울특별시 은평구 녹번동,서울특별시 은평구 녹번로 11 (녹번동),근린생활2,제2종근린생활시설,101313850,지번
1138010200100820001,서울특별시 은평구 녹번동,서울특별시 은평구 녹번로 11 (녹번동),근린생활2,제2종근린생활시설,101313851,지번
1138010300102810147,서울특별시 은평구 불광동,서울특별시 은평구 통일로66길 6-10 (불광동),근린생활2,제2종근린생활시설,10131100222069,지번
1138010700105760016,서울특별시 은평구 응암동,서울특별시 은평구 응암로 236 (응암동),근린생활1,제1종근린생활시설,1013126285,지번
1138010800100440034,서울특별시 은평구 역촌동,서울특별시 은평구 진흥로 11 (역촌동),근린생활1,제1종근린생활시설,1013131681,지번
1138010700103970030,서울특별시 은평구 응암동,서울특별시 은평구 응암로22길 14 (응암동),근린생활1,제1종근린생활시설,1013125628,지번
1138010700107490058,서울특별시 은평구 응암동,서울특별시 은평구 응암로12길 17-1 (응암동),근린생활2,제2종근린생활시설,1013128112,지번
1138010200100820038,서울특별시 은평구 녹번동,서울특별시 은평구 서오릉로 28 (녹번동),근린생활2,제2종근린생활시설,101313872,지번
1138010700106970014,서울특별시 은평구 응암동,서울특별시 은평구 가좌로7나길 20 (응암동),근린생활2,제2종근린생활시설,1013127715,지번
1138010100101090006,서울특별시 은평구 수색동,서울특별시 은평구 은평터널로 3 (수색동),근린생활2,제2종근린생활시설,101311090,지번
1138010700101030035,서울특별시 은평구 응암동,서울특별시 은평구 응암로 324 (응암동),근린생활1,제1종근린생활시설,1013123569,지번
1138010900100400025,서울특별시 은평구 신사동,서울특별시 은평구 은평터널로 192-5 (신사동),근린생활2,제2종근린생활시설,10131100211505,지번
1138010900100240027,서울특별시 은평구 신사동,서울특별시 은평구 증산로21길 8 (신사동),근린생활2,제2종근린생활시설,10131100217993,지번
1138010400104130009,서울특별시 은평구 갈현동,서울특별시 은평구 통일로89길 5-10 (갈현동),근린생활2,제2종근린생활시설,10131100195933,지번
1138010900103420020,서울특별시 은평구 신사동,서울특별시 은평구 증산로15길 30 (신사동),근린생활1,제1종근린생활시설,1013136489,지번
1138011000101890003,서울특별시 은평구 증산동,서울특별시 은평구 증산서길 107 (증산동),근린생활1,제1종근린생활시설,1013138213,지번
1138010300102850028,서울특별시 은평구 불광동,서울특별시 은평구 통일로 708 (불광동),근린생활1,제1종근린생활시설,101317758,지번
1138010300104420048,서울특별시 은평구 불광동,서울특별시 은평구 연서로35길 38 (불광동),근린생활2,제2종근린생활시설,101319726,지번
1138010300103560030,서울특별시 은평구 불광동,서울특별시 은평구 연서로 279 (불광동),근린생활2,제2종근린생활시설,101319079,지번
1138010700101090017,서울특별시 은평구 응암동,서울특별시 은평구 응암로 311 (응암동),근린생활2,제2종근린생활시설,1013123684,지번
1138010700107450002,서울특별시 은평구 응암동,서울특별시 은평구 가좌로 185 (응암동),근린생활,근린생활시설,1013128039,지번
1138010800100200001,서울특별시 은평구 역촌동,서울특별시 은평구 역말로 70 (역촌동),근린생활1,제1종근린생활시설,1013130902,지번
1138010700106020006,서울특별시 은평구 응암동,서울특별시 은평구 응암로12길 6-9 (응암동),근린생활1,제1종근린생활시설,1013127145,지번
1138010900100230008,서울특별시 은평구 신사동,서울특별시 은평구 증산로 467 (신사동),근린생활2,제2종근린생활시설,1013134475,지번
1138010700107190001,서울특별시 은평구 응암동,서울특별시 은평구 가좌로 211-1 (응암동),근린생활2,제2종근린생활시설,1013127834,지번
1138011000101850025,서울특별시 은평구 증산동,서울특별시 은평구 증산서길 64 (증산동),근린생활1,제1종근린생활시설,1013138158,지번
1138010700106010053,서울특별시 은평구 응암동,서울특별시 은평구 응암로12길 7 (응암동),근린생활1,제1종근린생활시설,1013127112,지번
1138011000101910008,서울특별시 은평구 증산동,서울특별시 은평구 증산서길 117-1 (증산동),근린생활1,제1종근린생활시설,1013138273,지번
1138010700105990082,서울특별시 은평구 응암동,서울특별시 은평구 응암로11길 16 (응암동),근린생활2,제2종근린생활시설,1013127068,지번
1138010900100240056,서울특별시 은평구 신사동,서울특별시 은평구 증산로21길 4 (신사동),근린생활2,제2종근린생활시설,1013134523,지번
1138010700105930013,서울특별시 은평구 응암동,서울특별시 은평구 응암로9길 19-18 (응암동),근린생활1,제1종근린생활시설,1013126836,지번
1138010500102120003,서울특별시 은평구 구산동,서울특별시 은평구 갈현로 159 (구산동),근린생활1,제1종근린생활시설,1013118611,지번
1138010300103050022,서울특별시 은평구 불광동,서울특별시 은평구 통일로78길 11-7 (불광동),근린생활2,업무시설,10131100278594,본번
1138010200101850000,서울특별시 은평구 녹번동,서울특별시 은평구 은평로 185 (녹번동),근린생활2,제2종근린생활시설,101315204,지번
1138010200101850000,서울특별시 은평구 녹번동,서울특별시 은평구 은평로 185 (녹번동),근린생활2,업무시설,101315205,지번
1138010700103970144,서울특별시 은평구 응암동,서울특별시 은평구 응암로16길 20 (응암동),근린생활,근린생활시설,1013125702,지번
1138010900103370010,서울특별시 은평구 신사동,서울특별시 은평구 증산로17길 4 (신사동),근린생활2,제2종근린생활시설,1013136325,지번
1138010700103350048,서울특별시 은평구 응암동,서울특별시 은평구 응암로14길 15-3 (응암동),근린생활2,제2종근린생활시설,1013125298,지번
1138010700105960028,서울특별시 은평구 응암동,서울특별시 은평구 응암로9길 16 (응암동),근린생활2,제2종근린생활시설,1013126970,지번
1138010700107210010,서울특별시 은평구 응암동,서울특별시 은평구 응암로12길 22 (응암동),근린생활1,제1종근린생활시설,1013127860,지번
1138010700107210010,서울특별시 은평구 응암동,서울특별시 은평구 응암로12길 22 (응암동),근린생활1,제1종근린생활시설,1013127861,지번
1138010700107210010,서울특별시 은평구 응암동,서울특별시 은평구 응암로12길 22 (응암동),근린생활1,제1종근린생활시설,1013127862,지번
1138010700107510024,서울특별시 은평구 응암동,서울특별시 은평구 응암로12길 26 (응암동),근린생활1,제1종근린생활시설,1013128144,지번
1138010700107190022,서울특별시 은평구 응암동,서울특별시 은평구 응암로12길 11 (응암동),근린생활2,제2종근린생활시설,1013127847,지번
1138010100101540002,서울특별시 은평구 수색동,서울특별시 은평구 수색로 242 (수색동),근린생활2,제2종근린생활시설,101311313,지번
1138010700105790032,서울특별시 은평구 응암동,서울특별시 은평구 불광천길 450 (응암동),근린생활2,제2종근린생활시설,1013126427,지번
1138010700105780034,서울특별시 은평구 응암동,서울특별시 은평구 응암로 229 (응암동),근린생활1,제1종근린생활시설,1013126352,지번
1138010700103280015,서울특별시 은평구 응암동,서울특별시 은평구 가좌로 213 (응암동),근린생활1,제1종근린생활시설,1013125250,지번
1138010700107490051,서울특별시 은평구 응암동,서울특별시 은평구 응암로12길 13 (응암동),근린생활2,제2종근린생활시설,1013128107,지번
1138010900103350007,서울특별시 은평구 신사동,서울특별시 은평구 증산로 403-1 (신사동),근린생활2,제2종근린생활시설,1013136280,지번
1138010700107450003,서울특별시 은평구 응암동,서울특별시 은평구 가좌로7길 2 (응암동),근린생활1,제1종근린생활시설,1013128040,지번
1138010700107530016,서울특별시 은평구 응암동,서울특별시 은평구 가좌로7길 22-1 (응암동),근린생활1,제1종근린생활시설,1013128187,지번
1138011000101880024,서울특별시 은평구 증산동,서울특별시 은평구 증산로7길 14-1 (증산동),근린생활2,제2종근린생활시설,1013138210,지번
1138011000102220005,서울특별시 은평구 증산동,서울특별시 은평구 수색로 190 (증산동),근린생활2,제2종근린생활시설,1013138727,지번
1138010900103450001,서울특별시 은평구 신사동,서울특별시 은평구 증산로15길 43 (신사동),근린생활2,제2종근린생활시설,1013136552,지번
1138010300106030003,서울특별시 은평구 불광동,서울특별시 은평구 진흥로15길 28 (불광동),근린생활1,제1종근린생활시설,1013110750,지번
1138010200101600036,서울특별시 은평구 녹번동,서울특별시 은평구 은평로11길 11-2 (녹번동),근린생활2,제2종근린생활시설,101315082,지번
1138010300103160005,서울특별시 은평구 불광동,서울특별시 은평구 연서로 270 (불광동),근린생활1,제1종근린생활시설,101318529,지번
1138010400103940005,서울특별시 은평구 갈현동,서울특별시 은평구 통일로 877 (갈현동),근린생활2,제2종근린생활시설,1013114349,지번
1138010700107330002,서울특별시 은평구 응암동,서울특별시 은평구 가좌로7나길 9 (응암동),근린생활1,제1종근린생활시설,1013127941,지번
1138010700106030055,서울특별시 은평구 응암동,서울특별시 은평구 응암로 160 (응암동),근린생활1,제1종근린생활시설,1013127207,지번
1138010300104840029,서울특별시 은평구 불광동,서울특별시 은평구 통일로 888 (불광동),근린생활2,제2종근린생활시설,1013110431,지번
1138011400102800000,서울특별시 은평구 진관동,서울특별시 은평구 대서문길 24 (진관동),근린생활1,제1종근린생활시설,1013139837,지번
1138010900100340023,서울특별시 은평구 신사동,서울특별시 은평구 증산로19길 6 (신사동),근린생활2,제2종근린생활시설,10131100212029,지번
1138010400104560032,서울특별시 은평구 갈현동,서울특별시 은평구 연서로29길 5 (갈현동),근린생활2,제2종근린생활시설,1013115333,지번
1138010700106020008,서울특별시 은평구 응암동,서울특별시 은평구 응암로4길 29-1 (응암동),근린생활2,제2종근린생활시설,1013127147,지번
1138010700106030029,서울특별시 은평구 응암동,서울특별시 은평구 응암로4길 17-1 (응암동),근린생활1,제1종근린생활시설,1013127185,지번
1138010700105920060,서울특별시 은평구 응암동,서울특별시 은평구 응암로9길 22 (응암동),근린생활2,제2종근린생활시설,1013126815,지번
1138010600101720073,서울특별시 은평구 대조동,서울특별시 은평구 서오릉로 106 (대조동),근린생활2,제2종근린생활시설,1013120625,지번
1138010700106020035,서울특별시 은평구 응암동,서울특별시 은평구 응암로 176 (응암동),근린생활1,제1종근린생활시설,1013127163,지번
1138010700105760048,서울특별시 은평구 응암동,서울특별시 은평구 응암로 204 (응암동),근린생활1,제1종근린생활시설,1013129360,지번
1138010700100870002,서울특별시 은평구 응암동,서울특별시 은평구 응암로 340-1 (응암동),근린생활1,제1종근린생활시설,1013123131,지번
1138010300104860020,서울특별시 은평구 불광동,서울특별시 은평구 통일로80길 3 (불광동),근린생활2,제2종근린생활시설,1013110540,지번
1138011000101890029,서울특별시 은평구 증산동,서울특별시 은평구 증산서길 93-1 (증산동),근린생활1,제1종근린생활시설,1013138229,지번
1138010600102260003,서울특별시 은평구 대조동,서울특별시 은평구 서오릉로 134 (대조동),근린생활1,제1종근린생활시설,1013122319,지번
1138010700105930031,서울특별시 은평구 응암동,서울특별시 은평구 불광천길 304 (응암동),근린생활1,제1종근린생활시설,1013126847,지번
1138010700107510025,서울특별시 은평구 응암동,서울특별시 은평구 응암로12길 26-1 (응암동),근린생활1,제1종근린생활시설,1013128145,지번
1138010200100010035,서울특별시 은평구 녹번동,서울특별시 은평구 진흥로 272 (녹번동),근린생활2,제2종근린생활시설,101312671,지번
1138010700106010036,서울특별시 은평구 응암동,서울특별시 은평구 응암로12길 1-8 (응암동),근린생활1,제1종근린생활시설,1013127102,지번
1138010400104190028,서울특별시 은평구 갈현동,서울특별시 은평구 갈현로 316 (갈현동),근린생활1,제1종근린생활시설,1013114783,지번
1138010700107190021,서울특별시 은평구 응암동,서울특별시 은평구 응암로12길 9 (응암동),근린생활1,제1종근린생활시설,1013127846,지번
1138010700106980000,서울특별시 은평구 응암동,서울특별시 은평구 가좌로7다길 13 (응암동),근린생활2,제2종근린생활시설,1013127723,지번
1138010600101870048,서울특별시 은평구 대조동,서울특별시 은평구 통일로73길 4 (대조동),근린생활2,제2종근린생활시설,1013120815,지번
1138010400104600017,서울특별시 은평구 갈현동,서울특별시 은평구 연서로 205 (갈현동),근린생활1,제1종근린생활시설,1013115345,지번
1138010900101930005,서울특별시 은평구 신사동,서울특별시 은평구 증산로17길 54 (신사동),근린생활2,제2종근린생활시설,10131100229765,지번
1138010400104830005,서울특별시 은평구 갈현동,서울특별시 은평구 연서로27길 13-10 (갈현동),근린생활2,제2종근린생활시설,1013115679,지번
1138010700103540008,서울특별시 은평구 응암동,서울특별시 은평구 응암로14길 1-4 (응암동),근린생활1,제1종근린생활시설,1013125501,지번
1138010700103620008,서울특별시 은평구 응암동,서울특별시 은평구 응암로16길 17-1 (응암동),근린생활1,제1종근린생활시설,1013125523,지번
1138010700105810005,서울특별시 은평구 응암동,서울특별시 은평구 가좌로10길 23 (응암동),근린생활1,제1종근린생활시설,1013126463,지번
1138010700105840048,서울특별시 은평구 응암동,서울특별시 은평구 가좌로 250 (응암동),근린생활2,제2종근린생활시설,1013126579,지번
1138010500103090044,서울특별시 은평구 구산동,서울특별시 은평구 서오릉로25가길 5-7 (구산동),근린생활1,제1종근린생활시설,10131100211656,지번
1138010400105380000,서울특별시 은평구 갈현동,서울특별시 은평구 갈현로29길 11 (갈현동),근린생활2,공동주택,1013117536,지번
1138010400105380000,서울특별시 은평구 갈현동,서울특별시 은평구 갈현로29길 11 (갈현동),근린생활2,제2종근린생활시설,1013117537,지번
1138010400105380000,서울특별시 은평구 갈현동,서울특별시 은평구 갈현로29길 11 (갈현동),근린생활2,공동주택,1013117538,지번
1138010400104110021,서울특별시 은평구 갈현동,서울특별시 은평구 통일로87길 16 (갈현동),근린생활1,제1종근린생활시설,1013114657,지번
1138010800100840012,서울특별시 은평구 역촌동,서울특별시 은평구 은평로3길 19 (역촌동),근린생활2,제2종근린생활시설,1013132763,지번
1138010900100090001,서울특별시 은평구 신사동,서울특별시 은평구 갈현로 45 (신사동),근린생활2,제2종근린생활시설,1013134112,지번
1138010400104490002,서울특별시 은평구 갈현동,서울특별시 은평구 갈현로 257-1 (갈현동),근린생활2,제2종근린생활시설,1013115156,지번
1138010200102370000,서울특별시 은평구 녹번동,서울특별시 은평구 은평로 221-1 (녹번동),근린생활2,제2종근린생활시설,101315236,지번
1138010600101910040,서울특별시 은평구 대조동,서울특별시 은평구 역말로9길 40-1 (대조동),근린생활1,제1종근린생활시설,1013120929,지번
1138011400102780024,서울특별시 은평구 진관동,서울특별시 은평구 대서문길 25-10 (진관동),근린생활2,제2종근린생활시설,10131100213549,지번
1138010800100020136,서울특별시 은평구 역촌동,서울특별시 은평구 서오릉로 115 (역촌동),근린생활2,제2종근린생활시설,1013130253,지번
1138010700106990003,서울특별시 은평구 응암동,서울특별시 은평구 가좌로7다길 8-11 (응암동),근린생활1,제1종근린생활시설,1013127728,지번
1138010700105790067,서울특별시 은평구 응암동,서울특별시 은평구 응암로21길 19-1 (응암동),근린생활1,제1종근린생활시설,1013126452,지번
1138010800100740005,서울특별시 은평구 역촌동,서울특별시 은평구 갈현로11길 25 (역촌동),근린생활1,제1종근린생활시설,1013132435,지번
1138010700102850074,서울특별시 은평구 응암동,서울특별시 은평구 가좌로 190 (응암동),근린생활2,제2종근린생활시설,1013125166,지번
1138010800100630014,서울특별시 은평구 역촌동,서울특별시 은평구 연서로 45 (역촌동),근린생활2,제2종근린생활시설,1013132154,지번
1138010400104010002,서울특별시 은평구 갈현동,서울특별시 은평구 연서로29길 20-7 (갈현동),근린생활1,제1종근린생활시설,1013114447,지번
1138010900100390020,서울특별시 은평구 신사동,서울특별시 은평구 가좌로 283-3 (신사동),근린생활2,제2종근린생활시설,1013134949,지번
1138010700106020048,서울특별시 은평구 응암동,서울특별시 은평구 응암로12길 6 (응암동),근린생활1,제1종근린생활시설,1013127167,지번
1138010300102850020,서울특별시 은평구 불광동,서울특별시 은평구 진흥로 201 (불광동),근린생활2,제2종근린생활시설,101317752,지번
1138010100103150002,서울특별시 은평구 수색동,서울특별시 은평구 수색로 342-1 (수색동),근린생활1,제1종근린생활시설,101311599,지번
1138010200101620021,서울특별시 은평구 녹번동,서울특별시 은평구 진흥로 68-9 (녹번동),근린생활2,제2종근린생활시설,101315105,지번
1138010700106730008,서울특별시 은평구 응암동,서울특별시 은평구 가좌로 182 (응암동),근린생활2,제2종근린생활시설,1013127580,지번
1138010400104510001,서울특별시 은평구 갈현동,서울특별시 은평구 갈현로 260 (갈현동),근린생활2,제2종근린생활시설,1013115195,지번
1138010300100900034,서울특별시 은평구 불광동,서울특별시 은평구 연서로 327 (불광동),근린생활1,제1종근린생활시설,101316453,지번
1138010600100150105,서울특별시 은평구 대조동,서울특별시 은평구 통일로65길 17 (대조동),근린생활1,제1종근린생활시설,1013119425,지번
1138010300106330000,서울특별시 은평구 불광동,서울특별시 은평구 불광로2길 7 (불광동),근린생활1,공동주택,1013112068,지번
1138010300106330000,서울특별시 은평구 불광동,서울특별시 은평구 불광로2길 16 (불광동),근린생활1,공동주택,1013112069,지번
1138010300106330000,서울특별시 은평구 불광동,서울특별시 은평구 불광로2길 16 (불광동),근린생활1,공동주택,1013112070,지번
1138010300106330000,서울특별시 은평구 불광동,서울특별시 은평구 불광로2길 16 (불광동),근린생활1,공동주택,1013112071,지번
1138010300106330000,서울특별시 은평구 불광동,서울특별시 은평구 불광로2길 16 (불광동),근린생활1,공동주택,1013112072,지번
1138010300106330000,서울특별시 은평구 불광동,서울특별시 은평구 불광로2길 16 (불광동),근린생활1,공동주택,1013112073,지번
1138010300106330000,서울특별시 은평구 불광동,서울특별시 은평구 불광로2길 16 (불광동),근린생활1,공동주택,1013112074,지번
1138010300106330000,서울특별시 은평구 불광동,서울특별시 은평구 불광로2길 16 (불광동),근린생활1,공동주택,1013112075,지번
1138010300106330000,서울특별시 은평구 불광동,서울특별시 은평구 불광로2길 7 (불광동),근린생활1,제1종근린생활시설,1013112085,지번
1138010300106330000,서울특별시 은평구 불광동,서울특별시 은평구 불광로2길 16 (불광동),근린생활1,공동주택,1013112086,지번
1138010300106330000,서울특별시 은평구 불광동,서울특별시 은평구 불광로2길 16 (불광동),근린생활1,공동주택,1013112087,지번
1138010300106330000,서울특별시 은평구 불광동,서울특별시 은평구 불광로2길 16 (불광동),근린생활1,공동주택,1013112088,지번
1138010300106330000,서울특별시 은평구 불광동,서울특별시 은평구 불광로2길 16 (불광동),근린생활1,공동주택,1013112089,지번
1138010300106330000,서울특별시 은평구 불광동,서울특별시 은평구 불광로2길 16 (불광동),근린생활1,공동주택,1013112090,지번
1138010300106330000,서울특별시 은평구 불광동,서울특별시 은평구 불광로2길 16 (불광동),근린생활1,공동주택,1013112091,지번
1138010300106330000,서울특별시 은평구 불광동,서울특별시 은평구 불광로2길 16 (불광동),근린생활1,공동주택,1013112092,지번
1138010400104020035,서울특별시 은평구 갈현동,서울특별시 은평구 연서로29길 20-19 (갈현동),근린생활1,제1종근린생활시설,1013114485,지번
1138010700103340015,서울특별시 은평구 응암동,서울특별시 은평구 응암로14길 20 (응암동),근린생활2,제2종근린생활시설,1013125264,지번
1138010700106000010,서울특별시 은평구 응암동,서울특별시 은평구 응암로13길 5 (응암동),근린생활2,제2종근린생활시설,1013127082,지번
1138010900100230036,서울특별시 은평구 신사동,서울특별시 은평구 은평로 60-5 (신사동),근린생활2,제2종근린생활시설,1013134483,지번
1138010400104220023,서울특별시 은평구 갈현동,서울특별시 은평구 갈현로41길 12 (갈현동),근린생활,근린생활시설,1013114812,지번
1138010700101090001,서울특별시 은평구 응암동,서울특별시 은평구 응암로 323 (응암동),근린생활1,제1종근린생활시설,1013123676,지번
1138010900100030012,서울특별시 은평구 신사동,서울특별시 은평구 은평로 49 (신사동),근린생활2,제2종근린생활시설,1013133989,지번
1138010700104270089,서울특별시 은평구 응암동,서울특별시 은평구 응암로24길 10 (응암동),근린생활1,제1종근린생활시설,1013126116,지번
1138010700101030009,서울특별시 은평구 응암동,서울특별시 은평구 응암로34가길 17 (응암동),근린생활2,제2종근린생활시설,1013123551,지번
1138010700105920072,서울특별시 은평구 응암동,서울특별시 은평구 응암로13길 27 (응암동),근린생활2,제2종근린생활시설,1013126822,지번
1138010700107520037,서울특별시 은평구 응암동,서울특별시 은평구 가좌로7길 20 (응암동),근린생활1,제1종근린생활시설,1013128177,지번
1138010400104660008,서울특별시 은평구 갈현동,서울특별시 은평구 연서로19길 14-4 (갈현동),근린생활1,제1종근린생활시설,1013115440,지번
1138010700105840049,서울특별시 은평구 응암동,서울특별시 은평구 가좌로 252 (응암동),근린생활2,제2종근린생활시설,1013126580,지번
1138010700104270083,서울특별시 은평구 응암동,서울특별시 은평구 응암로22길 11 (응암동),근린생활2,제2종근린생활시설,1013126113,지번
1138011400102050005,서울특별시 은평구 진관동,서울특별시 은평구 진관길 3 (진관동),근린생활1,제1종근린생활시설,10131100269483,지번
1138010700100710004,서울특별시 은평구 응암동,서울특별시 은평구 은평로16길 14 (응암동),근린생활2,제2종근린생활시설,1013122963,지번
1138010700103970080,서울특별시 은평구 응암동,서울특별시 은평구 응암로22길 8 (응암동),근린생활2,제2종근린생활시설,1013125668,지번
1138010700104190122,서울특별시 은평구 응암동,서울특별시 은평구 응암로22길 17 (응암동),근린생활1,제1종근린생활시설,1013126012,지번
1138010700107450016,서울특별시 은평구 응암동,서울특별시 은평구 가좌로7길 6 (응암동),근린생활1,제1종근린생활시설,1013128051,지번
1138010700107490063,서울특별시 은평구 응암동,서울특별시 은평구 응암로12길 23 (응암동),근린생활2,제2종근린생활시설,1013128116,지번
1138010400105020017,서울특별시 은평구 갈현동,서울특별시 은평구 갈현로 238 (갈현동),근린생활1,제1종근린생활시설,1013115957,지번
1138010400105270013,서울특별시 은평구 갈현동,서울특별시 은평구 서오릉로 222 (갈현동),근린생활2,제2종근린생활시설,1013116481,지번
1138010700100610004,서울특별시 은평구 응암동,서울특별시 은평구 은평로 230 (응암동),근린생활1,제1종근린생활시설,1013128480,지번
1138010700100610004,서울특별시 은평구 응암동,서울특별시 은평구 은평로 230 (응암동),근린생활1,제1종근린생활시설,1013128481,지번
1138010700100910001,서울특별시 은평구 응암동,서울특별시 은평구 은평로 99 (응암동),근린생활2,제2종근린생활시설,1013123202,지번
1138010900100230005,서울특별시 은평구 신사동,서울특별시 은평구 은평로 64 (신사동),근린생활2,제2종근린생활시설,1013134472,지번
1138010700107310005,서울특별시 은평구 응암동,서울특별시 은평구 가좌로7나길 5 (응암동),근린생활1,제1종근린생활시설,1013127886,지번
1138010700103220011,서울특별시 은평구 응암동,서울특별시 은평구 응암로14길 2 (응암동),근린생활1,제1종근린생활시설,1013125231,지번
1138010400104080001,서울특별시 은평구 갈현동,서울특별시 은평구 통일로85길 6-11 (갈현동),근린생활1,제1종근린생활시설,1013114605,지번
1138010700104190250,서울특별시 은평구 응암동,서울특별시 은평구 응암로22길 20 (응암동),근린생활,근린생활시설,1013126047,지번
1138010600100040001,서울특별시 은평구 대조동,서울특별시 은평구 통일로 749 (대조동),근린생활1,제1종근린생활시설,1013119205,지번
1138010400104960034,서울특별시 은평구 갈현동,서울특별시 은평구 갈현로 204 (갈현동),근린생활,근린생활시설,1013115896,지번
1138010400104350003,서울특별시 은평구 갈현동,서울특별시 은평구 갈현로 291-1 (갈현동),근린생활,근린생활시설,1013115034,지번
1138010700107470030,서울특별시 은평구 응암동,서울특별시 은평구 가좌로5길 22-1 (응암동),근린생활1,제1종근린생활시설,1013128077,지번
1138010700107470030,서울특별시 은평구 응암동,서울특별시 은평구 가좌로5길 22-1 (응암동),근린생활1,제1종근린생활시설,1013128078,지번
1138010600101880002,서울특별시 은평구 대조동,서울특별시 은평구 통일로 803 (대조동),근린생활2,제2종근린생활시설,1013120827,지번
1138010300104830008,서울특별시 은평구 불광동,서울특별시 은평구 통일로 904 (불광동),근린생활2,제2종근린생활시설,1013110412,지번
1138010600101900026,서울특별시 은평구 대조동,서울특별시 은평구 역말로9길 28 (대조동),근린생활1,제1종근린생활시설,1013120866,지번
1138010800100540003,서울특별시 은평구 역촌동,서울특별시 은평구 갈현로11길 4 (역촌동),근린생활1,제1종근린생활시설,1013131942,지번
1138010700106960050,서울특별시 은평구 응암동,서울특별시 은평구 가좌로7다길 2 (응암동),근린생활1,제1종근린생활시설,1013127698,지번
1138010300104510003,서울특별시 은평구 불광동,서울특별시 은평구 연서로41길 15 (불광동),근린생활2,제2종근린생활시설,1013110090,지번
1138010900100330005,서울특별시 은평구 신사동,서울특별시 은평구 증산로19길 8-3 (신사동),근린생활2,제2종근린생활시설,1000000000000002872092,지번
1138010700107460005,서울특별시 은평구 응암동,서울특별시 은평구 가좌로5길 19-1 (응암동),근린생활1,제1종근린생활시설,1013128056,지번
1138010700106970003,서울특별시 은평구 응암동,서울특별시 은평구 가좌로7다길 11 (응암동),근린생활2,제2종근린생활시설,1013127706,지번
1138010900101400001,서울특별시 은평구 신사동,서울특별시 은평구 증산로15길 35-10 (신사동),근린생활1,공동주택,1013137100,지번
1138010900101400001,서울특별시 은평구 신사동,서울특별시 은평구 증산로15길 35 (신사동),근린생활1,제1종근린생활시설,1013137101,지번
1138010900101400001,서울특별시 은평구 신사동,서울특별시 은평구 증산로15길 35-8 (신사동),근린생활1,노유자시설,1013137103,지번
1138010900101400001,서울특별시 은평구 신사동,서울특별시 은평구 증산로15길 35-10 (신사동),근린생활1,제1종근린생활시설,1013137104,지번
1138010900101400001,서울특별시 은평구 신사동,서울특별시 은평구 증산로15길 35-10 (신사동),근린생활1,공동주택,1013137105,지번
1138010900101400001,서울특별시 은평구 신사동,서울특별시 은평구 증산로15길 35-10 (신사동),근린생활1,공동주택,1013137106,지번
1138010900101400001,서울특별시 은평구 신사동,서울특별시 은평구 증산로15길 35-10 (신사동),근린생활1,공동주택,1013137107,지번
1138010900101400001,서울특별시 은평구 신사동,서울특별시 은평구 증산로15길 35-10 (신사동),근린생활1,공동주택,1013137108,지번
1138010200101410005,서울특별시 은평구 녹번동,서울특별시 은평구 진흥로 146 (녹번동),근린생활1,제1종근린생활시설,101314652,지번
1138010300100130025,서울특별시 은평구 불광동,서울특별시 은평구 불광로 124 (불광동),근린생활2,제2종근린생활시설,101316154,지번
1138010700102870008,서울특별시 은평구 응암동,서울특별시 은평구 가좌로 196 (응암동),근린생활2,제2종근린생활시설,1013125172,지번
1138011400102960010,서울특별시 은평구 진관동,서울특별시 은평구 북한산로 271-7 (진관동),근린생활2,제2종근린생활시설,1013139848,지번
1138010900103380074,서울특별시 은평구 신사동,서울특별시 은평구 증산로17길 7 (신사동),근린생활2,제2종근린생활시설,1013136390,지번
1138010300102810047,서울특별시 은평구 불광동,서울특별시 은평구 불광로 48-4 (불광동),근린생활2,제2종근린생활시설,10131100221869,지번
1138010500101990001,서울특별시 은평구 구산동,서울특별시 은평구 서오릉로 177 (구산동),근린생활1,제1종근린생활시설,1013118506,지번
1138011400201090014,서울특별시 은평구 진관동,서울특별시 은평구 연서로44길 51 (진관동),근린생활2,종교시설,1013140084,지번
1138011400201090014,서울특별시 은평구 진관동,서울특별시 은평구 연서로44길 51 (진관동),근린생활2,제2종근린생활시설,1013140085,지번
1138011400201090014,서울특별시 은평구 진관동,서울특별시 은평구 연서로44길 51 (진관동),근린생활2,제2종근린생활시설,1013140090,지번
1138010700100840025,서울특별시 은평구 응암동,서울특별시 은평구 서오릉로 9-9 (응암동),근린생활2,제2종근린생활시설,10131100220890,지번
1138010800100850047,서울특별시 은평구 역촌동,서울특별시 은평구 은평로 63 (역촌동),근린생활1,제1종근린생활시설,10131100215129,지번
1138010400104310017,서울특별시 은평구 갈현동,서울특별시 은평구 연서로29길 22-9 (갈현동),근린생활2,제2종근린생활시설,1013114966,지번
1138010700101970063,서울특별시 은평구 응암동,서울특별시 은평구 응암로32길 19 (응암동),근린생활2,제2종근린생활시설,1013124252,지번
1138010700101040005,서울특별시 은평구 응암동,서울특별시 은평구 응암로34길 4 (응암동),근린생활,근린생활시설,1013123579,지번
1138010900100180035,서울특별시 은평구 신사동,서울특별시 은평구 갈현로1길 5-4 (신사동),근린생활,근린생활시설,1013134312,지번
1138010600100150120,서울특별시 은평구 대조동,서울특별시 은평구 통일로 707 (대조동),판매시설,판매시설,1013119438,지번
1138010300104840075,서울특별시 은평구 불광동,서울특별시 은평구 통일로82길 11 (불광동),근린생활1,제1종근린생활시설,10131100195505,지번
1138010800100220066,서울특별시 은평구 역촌동,서울특별시 은평구 연서로 66-1 (역촌동),근린생활2,제2종근린생활시설,10131100211405,지번
1138010700101000010,서울특별시 은평구 응암동,서울특별시 은평구 은평로10길 17-23 (응암동),근린생활2,제2종근린생활시설,1013123381,지번
1138010800100360020,서울특별시 은평구 역촌동,서울특별시 은평구 연서로 24 (역촌동),근린생활2,제2종근린생활시설,1013131467,지번
1138010300103090000,서울특별시 은평구 불광동,서울특별시 은평구 연서로 252 (불광동),근린생활1,제1종근린생활시설,101318218,지번
1138010700101230050,서울특별시 은평구 응암동,서울특별시 은평구 응암로21가길 11 (응암동),근린생활2,제2종근린생활시설,1013123962,지번
1138010700100890002,서울특별시 은평구 응암동,서울특별시 은평구 진흥로 52-2 (응암동),근린생활1,제1종근린생활시설,1013123173,지번
1138010700106010069,서울특별시 은평구 응암동,서울특별시 은평구 응암로 192 (응암동),근린생활2,제2종근린생활시설,1013127125,지번
1138010400104060002,서울특별시 은평구 갈현동,서울특별시 은평구 통일로85길 7-1 (갈현동),근린생활2,제2종근린생활시설,1013114562,지번
1138010900100020025,서울특별시 은평구 신사동,서울특별시 은평구 은평로3길 5 (신사동),근린생활1,제1종근린생활시설,1013133979,지번
1138010400104540027,서울특별시 은평구 갈현동,서울특별시 은평구 연서로27길 14 (갈현동),근린생활2,제2종근린생활시설,1013115292,지번
1138011400102190001,서울특별시 은평구 진관동,서울특별시 은평구 연서로 532 (진관동),근린생활2,제2종근린생활시설,10131100276294,지번
1138011000101890005,서울특별시 은평구 증산동,서울특별시 은평구 증산서길 103-1 (증산동),근린생활2,제2종근린생활시설,1013138214,지번
1138011000101890005,서울특별시 은평구 증산동,서울특별시 은평구 증산서길 105 (증산동),근린생활2,제2종근린생활시설,1013138216,지번
1138010700107330044,서울특별시 은평구 응암동,서울특별시 은평구 가좌로7나길 27 (응암동),근린생활1,제1종근린생활시설,1013127980,지번
1138010600100120006,서울특별시 은평구 대조동,서울특별시 은평구 불광로 15 (대조동),근린생활1,제1종근린생활시설,10131100285034,지번
1138010800100080045,서울특별시 은평구 역촌동,서울특별시 은평구 연서로14길 8-8 (역촌동),근린생활1,제1종근린생활시설,1000000000000002930998,지번
1138010800100400050,서울특별시 은평구 역촌동,서울특별시 은평구 진흥로5길 3 (역촌동),근린생활,근린생활시설,1013131575,지번
1138010100103680011,서울특별시 은평구 수색동,서울특별시 은평구 수색로 266-6 (수색동),근린생활1,제1종근린생활시설,101312199,지번
1138010100103680011,서울특별시 은평구 수색동,서울특별시 은평구 수색로 266-6 (수색동),근린생활1,제1종근린생활시설,101312200,지번
1138010100103680011,서울특별시 은평구 수색동,서울특별시 은평구 수색로 266-6 (수색동),근린생활1,제1종근린생활시설,101312201,지번
1138010100103680011,서울특별시 은평구 수색동,서울특별시 은평구 수색로 266-6 (수색동),근린생활1,근린생활시설,101312202,지번
1138010900103360021,서울특별시 은평구 신사동,서울특별시 은평구 증산로 401-7 (신사동),근린생활1,제1종근린생활시설,1013136317,지번
1138010900100240042,서울특별시 은평구 신사동,서울특별시 은평구 증산로 455 (신사동),근린생활2,제2종근린생활시설,1013134514,지번
1138010800100020034,서울특별시 은평구 역촌동,서울특별시 은평구 서오릉로 111 (역촌동),근린생활2,제2종근린생활시설,1013130189,지번
1138010700105900027,서울특별시 은평구 응암동,서울특별시 은평구 가좌로9길 15-5 (응암동),근린생활2,제2종근린생활시설,1013126733,지번
1138010300101050099,서울특별시 은평구 불광동,서울특별시 은평구 불광로 209 (불광동),근린생활1,제1종근린생활시설,1013111056,지번
1138010900100030021,서울특별시 은평구 신사동,서울특별시 은평구 은평로 43 (신사동),근린생활,근린생활시설,1013133993,지번
1138010700102500066,서울특별시 은평구 응암동,서울특별시 은평구 가좌로7나길 33-1 (응암동),근린생활1,제1종근린생활시설,1013124984,지번
1138010200100820043,서울특별시 은평구 녹번동,서울특별시 은평구 서오릉로 22 (녹번동),근린생활1,제1종근린생활시설,101313876,지번
1138010700101050020,서울특별시 은평구 응암동,서울특별시 은평구 응암로32길 5-4 (응암동),근린생활2,제2종근린생활시설,1013123618,지번
1138010700106010062,서울특별시 은평구 응암동,서울특별시 은평구 응암로12길 1 (응암동),근린생활1,제1종근린생활시설,1013127120,지번
1138010400105070024,서울특별시 은평구 갈현동,서울특별시 은평구 갈현로 191-1 (갈현동),근린생활2,제2종근린생활시설,1013116112,지번
1138010700102410045,서울특별시 은평구 응암동,서울특별시 은평구 백련산로 85-1 (응암동),근린생활1,제1종근린생활시설,1013124697,지번
1138010100103660013,서울특별시 은평구 수색동,서울특별시 은평구 수색로18길 4-10 (수색동),근린생활,근린생활시설,101312159,지번
1138010300100130027,서울특별시 은평구 불광동,서울특별시 은평구 불광로 135 (불광동),근린생활2,제2종근린생활시설,10131100220243,지번
1138010900100270024,서울특별시 은평구 신사동,서울특별시 은평구 증산로21길 16 (신사동),근린생활2,제2종근린생활시설,1013134617,지번
1138010900100270023,서울특별시 은평구 신사동,서울특별시 은평구 증산로21가길 1 (신사동),근린생활1,제1종근린생활시설,1013134616,지번
1138010400103930018,서울특별시 은평구 갈현동,서울특별시 은평구 통일로85길 2 (갈현동),근린생활2,제2종근린생활시설,1013114345,지번
1138010800100220035,서울특별시 은평구 역촌동,서울특별시 은평구 연서로 62 (역촌동),근린생활2,제2종근린생활시설,1013130994,지번
1138010700100850004,서울특별시 은평구 응암동,서울특별시 은평구 은평로13길 11-9 (응암동),근린생활1,제1종근린생활시설,1013123078,지번
1138010300103560010,서울특별시 은평구 불광동,서울특별시 은평구 연서로 285 (불광동),근린생활1,제1종근린생활시설,101319060,지번
1138010300103560010,서울특별시 은평구 불광동,서울특별시 은평구 연서로 285 (불광동),근린생활1,제1종근린생활시설,101319061,지번
1138010700105990090,서울특별시 은평구 응암동,서울특별시 은평구 응암로13길 13-2 (응암동),근린생활1,제1종근린생활시설,1013127071,지번
1138010500100110006,서울특별시 은평구 구산동,서울특별시 은평구 갈현로 154-8 (구산동),근린생활1,제1종근린생활시설,1013117787,지번
1138010700101220009,서울특별시 은평구 응암동,서울특별시 은평구 불광천길 506-1 (응암동),근린생활2,제2종근린생활시설,10131100224069,지번
1138010900100310002,서울특별시 은평구 신사동,서울특별시 은평구 증산로21길 25 (신사동),근린생활1,제1종근린생활시설,10131100203724,지번
1138010900100310002,서울특별시 은평구 신사동,서울특별시 은평구 증산로21길 25 (신사동),근린생활1,단독주택,1013134776,지번
1138010900100310002,서울특별시 은평구 신사동,서울특별시 은평구 증산로21길 25 (신사동),근린생활1,노유자시설,1013134778,지번
1138010900100320021,서울특별시 은평구 신사동,서울특별시 은평구 증산로19길 16 (신사동),근린생활1,제1종근린생활시설,1013134807,지번
1138010700102870036,서울특별시 은평구 응암동,서울특별시 은평구 가좌로6길 23 (응암동),근린생활1,제1종근린생활시설,1013125184,지번
1138010900101830003,서울특별시 은평구 신사동,서울특별시 은평구 은평터널로 137 (신사동),근린생활2,제2종근린생활시설,1013135218,지번
1138010400103910016,서울특별시 은평구 갈현동,서울특별시 은평구 통일로 917 (갈현동),근린생활,근린생활시설,1013114286,지번
1138011000101670004,서울특별시 은평구 증산동,서울특별시 은평구 증산로9길 7-1 (증산동),근린생활2,제2종근린생활시설,1013137922,지번
1138010700103970189,서울특별시 은평구 응암동,서울특별시 은평구 응암로22길 12 (응암동),근린생활1,제1종근린생활시설,1013125715,지번
1138010800100630019,서울특별시 은평구 역촌동,서울특별시 은평구 연서로 43 (역촌동),근린생활1,제1종근린생활시설,1013132156,지번
1138010700101030024,서울특별시 은평구 응암동,서울특별시 은평구 응암로34길 7 (응암동),근린생활2,제2종근린생활시설,1013123559,지번
1138010700101030047,서울특별시 은평구 응암동,서울특별시 은평구 응암로34길 9 (응암동),근린생활2,제2종근린생활시설,1013123575,지번
1138010500100250063,서울특별시 은평구 구산동,서울특별시 은평구 연서로9길 34 (구산동),근린생활2,제2종근린생활시설,1013118174,지번
1138010700101230046,서울특별시 은평구 응암동,서울특별시 은평구 응암로21가길 11-11 (응암동),근린생활2,제2종근린생활시설,1013123959,지번
1138010900100270038,서울특별시 은평구 신사동,서울특별시 은평구 증산로21가길 11 (신사동),근린생활1,제1종근린생활시설,1013134628,지번
1138010500103670002,서울특별시 은평구 구산동,서울특별시 은평구 서오릉로15길 16-10 (구산동),근린생활2,제2종근린생활시설,1013114194,지번
1138010400100010006,서울특별시 은평구 갈현동,서울특별시 은평구 통일로 945 (갈현동),근린생활1,위험물저장및처리시설,10131100213551,지번
1138010400100010006,서울특별시 은평구 갈현동,서울특별시 은평구 통일로 945 (갈현동),근린생활1,제1종근린생활시설,10131100213552,지번
1138010200100290009,서울특별시 은평구 녹번동,서울특별시 은평구 통일로59길 8-6 (녹번동),근린생활2,제2종근린생활시설,10131100218629,지번
1138010800100850046,서울특별시 은평구 역촌동,서울특별시 은평구 은평로3길 4 (역촌동),근린생활2,제2종근린생활시설,1013132817,지번
1138010700103250005,서울특별시 은평구 응암동,서울특별시 은평구 가좌로 212-4 (응암동),근린생활2,제2종근린생활시설,1013125243,지번
1138010700101040036,서울특별시 은평구 응암동,서울특별시 은평구 응암로32길 5 (응암동),근린생활2,제2종근린생활시설,1013123599,지번
1138010700105980005,서울특별시 은평구 응암동,서울특별시 은평구 응암로 175-1 (응암동),근린생활1,제1종근린생활시설,1013127003,지번
1138010900101800004,서울특별시 은평구 신사동,서울특별시 은평구 은평터널로 143 (신사동),근린생활1,제1종근린생활시설,1013135206,지번
1138010900101550001,서울특별시 은평구 신사동,서울특별시 은평구 증산로15길 67-7 (신사동),근린생활1,공동주택,1013137112,지번
1138010900101550001,서울특별시 은평구 신사동,서울특별시 은평구 증산로15길 67-7 (신사동),근린생활1,공동주택,1013137113,지번
1138010900101550001,서울특별시 은평구 신사동,서울특별시 은평구 증산로15길 67-7 (신사동),근린생활1,제1종근린생활시설,1013137114,지번
1138010700101040004,서울특별시 은평구 응암동,서울특별시 은평구 응암로34길 4-1 (응암동),근린생활2,제2종근린생활시설,1013123578,지번
1138010700105840014,서울특별시 은평구 응암동,서울특별시 은평구 가좌로 238 (응암동),근린생활1,제1종근린생활시설,1013126553,지번
1138010200102500000,서울특별시 은평구 녹번동,서울특별시 은평구 은평로 227 (녹번동),근린생활1,제1종근린생활시설,1000000000000003181330,지번
1138010900100250026,서울특별시 은평구 신사동,서울특별시 은평구 증산로21가길 2 (신사동),근린생활1,제1종근린생활시설,1013134544,지번
1138010800100830005,서울특별시 은평구 역촌동,서울특별시 은평구 연서로3길 7 (역촌동),근린생활1,제1종근린생활시설,1013132715,지번
1138010700107450015,서울특별시 은평구 응암동,서울특별시 은평구 응암로12길 31 (응암동),근린생활1,제1종근린생활시설,1013128050,지번
1138010400104230013,서울특별시 은평구 갈현동,서울특별시 은평구 통일로89길 21 (갈현동),근린생활,근린생활시설,1013114832,지번
1138010700106030062,서울특별시 은평구 응암동,서울특별시 은평구 응암로 168 (응암동),근린생활1,제1종근린생활시설,1013127213,지번
1138010900100290120,서울특별시 은평구 신사동,서울특별시 은평구 은평로 8 (신사동),근린생활1,제1종근린생활시설,1013134714,지번
1138010300101890000,서울특별시 은평구 불광동,서울특별시 은평구 불광로18길 10 (불광동),근린생활1,제1종근린생활시설,101316964,지번
1138010700107210001,서울특별시 은평구 응암동,서울특별시 은평구 응암로12길 14 (응암동),근린생활1,제1종근린생활시설,1013127849,지번
1138010700105770001,서울특별시 은평구 응암동,서울특별시 은평구 응암로 221 (응암동),근린생활1,제1종근린생활시설,1013126299,지번
1138010600101870041,서울특별시 은평구 대조동,서울특별시 은평구 통일로 811 (대조동),근린생활2,제2종근린생활시설,1013120809,지번
1138010300101900002,서울특별시 은평구 불광동,서울특별시 은평구 불광로 173 (불광동),근린생활1,제1종근린생활시설,101316977,지번
1138010400103920001,서울특별시 은평구 갈현동,서울특별시 은평구 통일로 909 (갈현동),근린생활1,제1종근린생활시설,1013117085,지번
1138010700107330009,서울특별시 은평구 응암동,서울특별시 은평구 가좌로7나길 17 (응암동),근린생활1,제1종근린생활시설,1013127946,지번
1138010700106960051,서울특별시 은평구 응암동,서울특별시 은평구 가좌로7다길 2-1 (응암동),근린생활2,제2종근린생활시설,1013127699,지번
1138011400100760000,서울특별시 은평구 진관동,서울특별시 은평구 진관2로 29-12 (진관동),근린생활1,제1종근린생활시설,10131100282495,지번
1138010400105060031,서울특별시 은평구 갈현동,서울특별시 은평구 갈현로 201 (갈현동),근린생활1,제1종근린생활시설,1013116081,지번
1138010800100170018,서울특별시 은평구 역촌동,서울특별시 은평구 진흥로 97 (역촌동),근린생활1,제1종근린생활시설,1013130787,지번
1138010700103970094,서울특별시 은평구 응암동,서울특별시 은평구 응암로22길 6 (응암동),근린생활1,제1종근린생활시설,1013125681,지번
1138010700106000005,서울특별시 은평구 응암동,서울특별시 은평구 응암로13길 9 (응암동),근린생활,근린생활시설,1013127080,지번
1138010900100360003,서울특별시 은평구 신사동,서울특별시 은평구 가좌로 280 (신사동),근린생활2,제2종근린생활시설,1013134873,지번
1138010700105790042,서울특별시 은평구 응암동,서울특별시 은평구 응암로21길 13 (응암동),근린생활1,제1종근린생활시설,1013126436,지번
1138010900100230006,서울특별시 은평구 신사동,서울특별시 은평구 증산로 473-1 (신사동),근린생활2,제2종근린생활시설,1013134473,지번
1138011000102050003,서울특별시 은평구 증산동,서울특별시 은평구 증산로9길 27 (증산동),근린생활1,제1종근린생활시설,1013138508,지번
1138010700105850004,서울특별시 은평구 응암동,서울특별시 은평구 가좌로 253 (응암동),근린생활2,제2종근린생활시설,1013126589,지번
1138010900100240008,서울특별시 은평구 신사동,서울특별시 은평구 증산로21길 6 (신사동),근린생활2,제2종근린생활시설,1013134492,지번
1138010700107190014,서울특별시 은평구 응암동,서울특별시 은평구 응암로12길 9-24 (응암동),근린생활1,제1종근린생활시설,1013127842,지번
1138010700107450012,서울특별시 은평구 응암동,서울특별시 은평구 응암로12길 29 (응암동),근린생활1,제1종근린생활시설,1013128048,지번
1138010700105950058,서울특별시 은평구 응암동,서울특별시 은평구 응암로9길 7 (응암동),근린생활1,제1종근린생활시설,1013126937,지번
1138010500100110030,서울특별시 은평구 구산동,서울특별시 은평구 갈현로 142 (구산동),근린생활2,제2종근린생활시설,1013117802,지번
1138010600100150130,서울특별시 은평구 대조동,서울특별시 은평구 진흥로 181 (대조동),근린생활1,제1종근린생활시설,1013119450,지번
1138010800100680056,서울특별시 은평구 역촌동,서울특별시 은평구 연서로3길 36 (역촌동),근린생활2,제2종근린생활시설,10131100242507,지번
1138010800100680056,서울특별시 은평구 역촌동,서울특별시 은평구 연서로3길 36 (역촌동),근린생활2,제2종근린생활시설,10131100247196,지번
1138010700107490055,서울특별시 은평구 응암동,서울특별시 은평구 응암로12길 15 (응암동),근린생활,근린생활시설,1013128110,지번
1138010700101240020,서울특별시 은평구 응암동,서울특별시 은평구 응암로21길 8 (응암동),근린생활2,제2종근린생활시설,1013123983,지번
1138010900100020010,서울특별시 은평구 신사동,서울특별시 은평구 은평로 57-1 (신사동),근린생활2,제2종근린생활시설,1013133968,지번
1138010800100200005,서울특별시 은평구 역촌동,서울특별시 은평구 진흥로1길 57 (역촌동),근린생활1,제1종근린생활시설,1013130906,지번
1138011400103000008,서울특별시 은평구 진관동,서울특별시 은평구 북한산로 274 (진관동),근린생활2,제2종근린생활시설,1013139860,지번
1138010700106010063,서울특별시 은평구 응암동,서울특별시 은평구 응암로 184 (응암동),근린생활1,제1종근린생활시설,1013127121,지번
1138010300103100130,서울특별시 은평구 불광동,서울특별시 은평구 통일로 850 (불광동),근린생활1,제1종근린생활시설,101318301,지번
1138010300103100082,서울특별시 은평구 불광동,서울특별시 은평구 통일로 850 (불광동),근린생활1,제1종근린생활시설,101318266,지번
1138010300103100082,서울특별시 은평구 불광동,서울특별시 은평구 통일로 850 (불광동),근린생활1,제1종근린생활시설,101318267,지번
1138010300103100082,서울특별시 은평구 불광동,서울특별시 은평구 통일로 850 (불광동),근린생활1,제1종근린생활시설,101318268,지번
1138010300103100082,서울특별시 은평구 불광동,서울특별시 은평구 통일로 850 (불광동),근린생활1,제1종근린생활시설,101318269,지번
1138010300103100082,서울특별시 은평구 불광동,서울특별시 은평구 통일로 850 (불광동),근린생활1,제1종근린생활시설,101318270,지번
1138010300103100082,서울특별시 은평구 불광동,서울특별시 은평구 통일로 850 (불광동),근린생활1,제1종근린생활시설,101318271,지번
1138010300103100082,서울특별시 은평구 불광동,서울특별시 은평구 통일로 850 (불광동),근린생활1,제1종근린생활시설,101318273,지번
1138010700106960056,서울특별시 은평구 응암동,서울특별시 은평구 가좌로7다길 6 (응암동),근린생활1,제1종근린생활시설,1013127702,지번
1138010700107560002,서울특별시 은평구 응암동,서울특별시 은평구 가좌로7길 37-1 (응암동),근린생활1,제1종근린생활시설,1013128235,지번
1138010700107520036,서울특별시 은평구 응암동,서울특별시 은평구 가좌로7길 18 (응암동),근린생활2,제2종근린생활시설,1013128176,지번
1138010700104270095,서울특별시 은평구 응암동,서울특별시 은평구 응암로22길 9 (응암동),근린생활,근린생활시설,1013126121,지번
1138010300106000003,서울특별시 은평구 불광동,서울특별시 은평구 불광로2길 10 (불광동),근린생활2,제2종근린생활시설,1013110720,지번
1138010400104080003,서울특별시 은평구 갈현동,서울특별시 은평구 통일로85길 6-5 (갈현동),근린생활1,제1종근린생활시설,1013114607,지번
1138010800100010003,서울특별시 은평구 역촌동,서울특별시 은평구 서오릉로 135 (역촌동),근린생활2,제2종근린생활시설,1013130136,지번
1138010800100010003,서울특별시 은평구 역촌동,서울특별시 은평구 서오릉로 135 (역촌동),근린생활2,제2종근린생활시설,1013130137,지번
1138010700104270082,서울특별시 은평구 응암동,서울특별시 은평구 응암로22길 11-1 (응암동),근린생활1,제1종근린생활시설,1013126112,지번
1138010900103370001,서울특별시 은평구 신사동,서울특별시 은평구 증산로 395 (신사동),근린생활1,제1종근린생활시설,1013136321,지번
1138010700106950021,서울특별시 은평구 응암동,서울특별시 은평구 가좌로7길 40 (응암동),근린생활,근린생활시설,1013127659,지번
1138011400102790035,서울특별시 은평구 진관동,서울특별시 은평구 대서문길 15-3 (진관동),근린생활2,제2종근린생활시설,10131100209270,지번
1138010900100370012,서울특별시 은평구 신사동,서울특별시 은평구 가좌로 288 (신사동),근린생활2,제2종근린생활시설,1013134909,지번
1138010900100370016,서울특별시 은평구 신사동,서울특별시 은평구 가좌로 286-5 (신사동),근린생활2,제2종근린생활시설,1013134912,지번
1138010200101760017,서울특별시 은평구 녹번동,서울특별시 은평구 은평로9길 16 (녹번동),근린생활1,제1종근린생활시설,101315174,지번
1138010400104540002,서울특별시 은평구 갈현동,서울특별시 은평구 연서로29길 11-10 (갈현동),근린생활2,제2종근린생활시설,1013115270,지번
1138010800100680035,서울특별시 은평구 역촌동,서울특별시 은평구 연서로3길 40 (역촌동),근린생활2,제2종근린생활시설,1013132302,지번
1138011400102780011,서울특별시 은평구 진관동,서울특별시 은평구 대서문길 43-11 (진관동),근린생활1,제1종근린생활시설,10131100218681,지번
1138010400105080001,서울특별시 은평구 갈현동,서울특별시 은평구 갈현로 181-17 (갈현동),근린생활1,제1종근린생활시설,1013116118,지번
1138011400101820000,서울특별시 은평구 진관동,서울특별시 은평구 연서로48길 74 (진관동),근린생활1,제1종근린생활시설,10131100270277,지번
1138010300103140025,서울특별시 은평구 불광동,서울특별시 은평구 연서로 261 (불광동),근린생활2,제2종근린생활시설,101318520,지번
1138010700105990022,서울특별시 은평구 응암동,서울특별시 은평구 응암로 187 (응암동),근린생활1,제1종근린생활시설,1013127038,지번
1138010700105900006,서울특별시 은평구 응암동,서울특별시 은평구 응암로13길 2 (응암동),근린생활1,제1종근린생활시설,1013126718,지번
1138010700104270144,서울특별시 은평구 응암동,서울특별시 은평구 응암로22길 7-4 (응암동),근린생활1,제1종근린생활시설,1013126160,지번
1138010400104180020,서울특별시 은평구 갈현동,서울특별시 은평구 갈현로 330 (갈현동),근린생활1,제1종근린생활시설,1013114758,지번
1138010700105770078,서울특별시 은평구 응암동,서울특별시 은평구 응암로 211 (응암동),근린생활1,제1종근린생활시설,1013126332,지번
1138010700101110038,서울특별시 은평구 응암동,서울특별시 은평구 은평로 92-2 (응암동),근린생활2,제2종근린생활시설,10131100213809,지번
1138010700106010101,서울특별시 은평구 응암동,서울특별시 은평구 응암로12길 1-7 (응암동),근린생활1,제1종근린생활시설,1013127141,지번
1138010700103350026,서울특별시 은평구 응암동,서울특별시 은평구 응암로14길 19-1 (응암동),근린생활2,제2종근린생활시설,1013125285,지번
1138010700107530008,서울특별시 은평구 응암동,서울특별시 은평구 응암로4길 18-44 (응암동),근린생활1,제1종근린생활시설,1013128183,지번
1138010300102810082,서울특별시 은평구 불광동,서울특별시 은평구 통일로66길 5-1 (불광동),근린생활1,제1종근린생활시설,101317651,지번
1138010800100810003,서울특별시 은평구 역촌동,서울특별시 은평구 연서로3길 27 (역촌동),근린생활1,제1종근린생활시설,1013132642,지번
1138010600100770015,서울특별시 은평구 대조동,서울특별시 은평구 통일로69길 23 (대조동),근린생활,근린생활시설,1013120069,지번
1138010300100130029,서울특별시 은평구 불광동,서울특별시 은평구 불광로 133 (불광동),근린생활2,제2종근린생활시설,101316157,지번
1138010400103920029,서울특별시 은평구 갈현동,서울특별시 은평구 통일로89길 3 (갈현동),근린생활1,제1종근린생활시설,1013114321,지번
1138010700106010072,서울특별시 은평구 응암동,서울특별시 은평구 응암로 196 (응암동),근린생활1,제1종근린생활시설,1013127127,지번
1138011000101840014,서울특별시 은평구 증산동,서울특별시 은평구 증산서길 58 (증산동),근린생활1,제1종근린생활시설,1013138143,지번
1138010600100680002,서울특별시 은평구 대조동,서울특별시 은평구 역말로10길 32 (대조동),근린생활1,제1종근린생활시설,1013119946,지번
1138010600101850071,서울특별시 은평구 대조동,서울특별시 은평구 통일로 833-6 (대조동),근린생활1,제1종근린생활시설,10131100234845,지번
1138010400104310002,서울특별시 은평구 갈현동,서울특별시 은평구 연서로29길 22-15 (갈현동),근린생활2,제2종근린생활시설,1013114954,지번
1138010900100270034,서울특별시 은평구 신사동,서울특별시 은평구 증산로21가길 11-11 (신사동),근린생활2,제2종근린생활시설,10131100206954,지번
1138010400104520025,서울특별시 은평구 갈현동,서울특별시 은평구 연서로29길 21-10 (갈현동),근린생활2,제2종근린생활시설,1013115238,지번
1138010200100140004,서울특별시 은평구 녹번동,,근린생활1,제1종근린생활시설,101312987,지번
1138010200100140004,서울특별시 은평구 녹번동,,근린생활1,제2종근린생활시설,101312988,지번
1138010400104120006,서울특별시 은평구 갈현동,서울특별시 은평구 통일로87길 10-6 (갈현동),근린생활2,제2종근린생활시설,10131100208805,지번
1138010400104530012,서울특별시 은평구 갈현동,서울특별시 은평구 연서로27길 20 (갈현동),근린생활1,제1종근린생활시설,1013115257,지번
1138010200101410061,서울특별시 은평구 녹번동,서울특별시 은평구 진흥로 132 (녹번동),근린생활2,제2종근린생활시설,101314670,지번
1138010400104530010,서울특별시 은평구 갈현동,서울특별시 은평구 연서로27길 16-5 (갈현동),근린생활1,제1종근린생활시설,1013115255,지번
1138010300103820037,서울특별시 은평구 불광동,서울특별시 은평구 통일로88길 28 (불광동),근린생활2,제2종근린생활시설,101319315,지번
1138010200102330000,서울특별시 은평구 녹번동,서울특별시 은평구 은평로 219-1 (녹번동),근린생활1,제2종근린생활시설,101315230,지번
1138010200100890000,서울특별시 은평구 녹번동,서울특별시 은평구 은평로21길 36 (녹번동),근린생활2,제2종근린생활시설,101313965,지번
1138010800100270005,서울특별시 은평구 역촌동,서울특별시 은평구 진흥로 91 (역촌동),근린생활1,제1종근린생활시설,1013131217,지번
1138010200101610004,서울특별시 은평구 녹번동,서울특별시 은평구 응암로 375 (녹번동),근린생활1,제1종근린생활시설,101315085,지번
1138010200100820049,서울특별시 은평구 녹번동,서울특별시 은평구 서오릉로 24 (녹번동),근린생활2,제2종근린생활시설,101313879,지번
1138010200102060000,서울특별시 은평구 녹번동,서울특별시 은평구 은평로 193 (녹번동),근린생활2,제2종근린생활시설,101315221,지번
1138010300102420014,서울특별시 은평구 불광동,서울특별시 은평구 불광로 73-1 (불광동),근린생활2,제2종근린생활시설,101317271,지번
1138010300103110012,서울특별시 은평구 불광동,서울특별시 은평구 통일로80길 10 (불광동),근린생활1,제1종근린생활시설,101318435,지번
1138010600100330007,서울특별시 은평구 대조동,서울특별시 은평구 서오릉로8길 26-1 (대조동),근린생활1,제1종근린생활시설,1013119535,지번
1138010600100050010,서울특별시 은평구 대조동,서울특별시 은평구 통일로 743 (대조동),근린생활1,제1종근린생활시설,1013119224,지번
1138010600102120000,서울특별시 은평구 대조동,서울특별시 은평구 연서로22길 9-30 (대조동),근린생활1,제1종근린생활시설,1013121355,지번
1138010600102120000,서울특별시 은평구 대조동,서울특별시 은평구 연서로22길 9-30 (대조동),근린생활1,노유자시설,1013121356,지번
1138010400104220034,서울특별시 은평구 갈현동,서울특별시 은평구 갈현로 305 (갈현동),근린생활1,제1종근린생활시설,1013114822,지번
1138010200101550007,서울특별시 은평구 녹번동,서울특별시 은평구 서오릉로 25 (녹번동),근린생활1,제1종근린생활시설,101314927,지번
1138010400104030020,서울특별시 은평구 갈현동,서울특별시 은평구 통일로83길 13 (갈현동),근린생활,근린생활시설,1013114510,지번
1138010600100910104,서울특별시 은평구 대조동,서울특별시 은평구 역말로 159 (대조동),근린생활,근린생활시설,1013120461,지번
1138010800100480022,서울특별시 은평구 역촌동,서울특별시 은평구 역말로 33 (역촌동),근린생활2,제2종근린생활시설,1000000000000001776305,지번
1138010600101870054,서울특별시 은평구 대조동,서울특별시 은평구 통일로 809 (대조동),근린생활2,제2종근린생활시설,1013120820,지번
1138010700107210011,서울특별시 은평구 응암동,서울특별시 은평구 응암로12길 20 (응암동),근린생활1,제1종근린생활시설,1013127863,지번
1138010800100350020,서울특별시 은평구 역촌동,서울특별시 은평구 연서로 46-1 (역촌동),근린생활2,제2종근린생활시설,1013131426,지번
1138010900100290059,서울특별시 은평구 신사동,서울특별시 은평구 은평로2길 12-8 (신사동),근린생활2,제2종근린생활시설,10131100293125,지번
1138010400104260004,서울특별시 은평구 갈현동,서울특별시 은평구 통일로85길 18-5 (갈현동),근린생활2,제2종근린생활시설,10131100206955,지번
1138010700105990003,서울특별시 은평구 응암동,서울특별시 은평구 응암로13길 11-4 (응암동),근린생활2,제2종근린생활시설,1013127016,지번
1138010700105800020,서울특별시 은평구 응암동,서울특별시 은평구 불광천길 434 (응암동),근린생활2,제2종근린생활시설,1013126460,지번
1138010300102220001,서울특별시 은평구 불광동,서울특별시 은평구 불광로 119 (불광동),근린생활2,제2종근린생활시설,101317075,지번
1138010400104440007,서울특별시 은평구 갈현동,서울특별시 은평구 갈현로35길 12-13 (갈현동),근린생활2,제2종근린생활시설,1013115096,지번
1138010400102750026,서울특별시 은평구 갈현동,서울특별시 은평구 갈현로33가길 5-16 (갈현동),근린생활2,제2종근린생활시설,1013113084,지번
1138010300102850029,서울특별시 은평구 불광동,서울특별시 은평구 통일로 708-1 (불광동),근린생활1,제1종근린생활시설,101317759,지번
1138010700101040007,서울특별시 은평구 응암동,서울특별시 은평구 응암로 304 (응암동),근린생활2,제2종근린생활시설,1013123580,지번
1138011000101860013,서울특별시 은평구 증산동,서울특별시 은평구 증산서길 88 (증산동),근린생활2,제2종근린생활시설,1013138168,지번
1138010200100830025,서울특별시 은평구 녹번동,서울특별시 은평구 서오릉로2길 3 (녹번동),근린생활2,제2종근린생활시설,10131100274534,지번
1138010800100160030,서울특별시 은평구 역촌동,서울특별시 은평구 서오릉로7길 9-11 (역촌동),근린생활2,제2종근린생활시설,10131100190629,지번
1138011400102960005,서울특별시 은평구 진관동,서울특별시 은평구 북한산로 281-7 (진관동),근린생활1,제1종근린생활시설,10131100236725,지번
1138010800100400051,서울특별시 은평구 역촌동,서울특별시 은평구 진흥로5길 1 (역촌동),근린생활2,제2종근린생활시설,10131100302954,지번
1138010200100120004,서울특별시 은평구 녹번동,서울특별시 은평구 통일로 676-1 (녹번동),근린생활1,제1종근린생활시설,101312982,지번
1138010600100140132,서울특별시 은평구 대조동,서울특별시 은평구 불광로 16 (대조동),근린생활2,제2종근린생활시설,1013119359,지번
1138010800100520024,서울특별시 은평구 역촌동,서울특별시 은평구 갈현로 93 (역촌동),근린생활,근린생활시설,1013131914,지번
1138011000101670017,서울특별시 은평구 증산동,서울특별시 은평구 증산서길 106 (증산동),근린생활1,제1종근린생활시설,1013137933,지번
1138010800100520052,서울특별시 은평구 역촌동,서울특별시 은평구 갈현로15길 3 (역촌동),근린생활2,제2종근린생활시설,1013131924,지번
1138010500100160057,서울특별시 은평구 구산동,서울특별시 은평구 갈현로 128 (구산동),근린생활2,공동주택,10131100302815,지번
1138010500100160057,서울특별시 은평구 구산동,서울특별시 은평구 갈현로 128 (구산동),근린생활2,제2종근린생활시설,10131100302833,지번
1138010400104000004,서울특별시 은평구 갈현동,서울특별시 은평구 연서로29길 20-14 (갈현동),근린생활2,제2종근린생활시설,10131100223169,지번
1138011000101780012,서울특별시 은평구 증산동,서울특별시 은평구 증산로3길 5-7 (증산동),근린생활2,제2종근린생활시설,1013138068,지번
1138010300101040043,서울특별시 은평구 불광동,서울특별시 은평구 연서로 313-1 (불광동),근린생활2,제2종근린생활시설,101316535,지번
1138010600102050031,서울특별시 은평구 대조동,서울특별시 은평구 통일로73길 22-1 (대조동),근린생활2,제2종근린생활시설,1013121230,지번
1138010700100840002,서울특별시 은평구 응암동,서울특별시 은평구 은평로13길 10 (응암동),근린생활2,제2종근린생활시설,1013123060,지번
1138010200100820047,서울특별시 은평구 녹번동,서울특별시 은평구 서오릉로 26 (녹번동),근린생활1,제1종근린생활시설,101313877,지번
1138010600100380004,서울특별시 은평구 대조동,서울특별시 은평구 진흥로 143 (대조동),근린생활1,제1종근린생활시설,1013119615,지번
1138010700100810209,서울특별시 은평구 응암동,서울특별시 은평구 은평로14길 4 (응암동),근린생활2,제2종근린생활시설,10131100209332,지번
1138010700101180069,서울특별시 은평구 응암동,서울특별시 은평구 응암로29길 12-12 (응암동),근린생활2,제2종근린생활시설,10131100211989,지번
1138010400104220022,서울특별시 은평구 갈현동,서울특별시 은평구 갈현로41길 12-4 (갈현동),근린생활1,제1종근린생활시설,1013114811,지번
1138010700105760025,서울특별시 은평구 응암동,서울특별시 은평구 응암로 226 (응암동),근린생활1,제1종근린생활시설,1013126288,지번
1138010700105950060,서울특별시 은평구 응암동,서울특별시 은평구 응암로9길 5 (응암동),근린생활1,제1종근린생활시설,1013126939,지번
1138010300102810171,서울특별시 은평구 불광동,서울특별시 은평구 통일로 722 (불광동),근린생활2,제2종근린생활시설,101317726,지번
1138010400104350026,서울특별시 은평구 갈현동,서울특별시 은평구 갈현로 287 (갈현동),근린생활1,제1종근린생활시설,1013115047,지번
1138010700101030007,서울특별시 은평구 응암동,서울특별시 은평구 은평로10길 10 (응암동),근린생활1,제1종근린생활시설,1013123549,지번
1138010300104360028,서울특별시 은평구 불광동,서울특별시 은평구 연서로37길 21 (불광동),근린생활1,제1종근린생활시설,101319655,지번
1138010600102240003,서울특별시 은평구 대조동,서울특별시 은평구 연서로 150 (대조동),근린생활2,제2종근린생활시설,1013121674,지번
1138010400105050012,서울특별시 은평구 갈현동,서울특별시 은평구 갈현로 211 (갈현동),근린생활1,제1종근린생활시설,1013116049,지번
1138010300102810176,서울특별시 은평구 불광동,서울특별시 은평구 통일로 714-1 (불광동),근린생활1,제1종근린생활시설,101317732,지번
1138010500101990003,서울특별시 은평구 구산동,서울특별시 은평구 서오릉로 187 (구산동),근린생활2,제2종근린생활시설,1013118508,지번
1138010400105080014,서울특별시 은평구 갈현동,서울특별시 은평구 갈현로 181-5 (갈현동),근린생활2,제2종근린생활시설,10131100299334,지번
1138011400102780013,서울특별시 은평구 진관동,서울특별시 은평구 대서문길 43-7 (진관동),근린생활2,제2종근린생활시설,10131100211479,지번
1138010300102640004,서울특별시 은평구 불광동,서울특별시 은평구 통일로68가길 3 (불광동),근린생활2,문화및집회시설,101317453,지번
1138010300102640004,서울특별시 은평구 불광동,서울특별시 은평구 통일로68가길 3 (불광동),근린생활2,제2종근린생활시설,101317454,지번
1138010400102530005,서울특별시 은평구 갈현동,서울특별시 은평구 갈현로33길 21 (갈현동),근린생활2,제2종근린생활시설,1013112933,지번
1138010200100800030,서울특별시 은평구 녹번동,서울특별시 은평구 서오릉로 54 (녹번동),근린생활1,제1종근린생활시설,101313830,지번
1138010600100150004,서울특별시 은평구 대조동,서울특별시 은평구 통일로 717 (대조동),근린생활1,제1종근린생활시설,1013119372,지번
1138010400103910010,서울특별시 은평구 갈현동,서울특별시 은평구 통일로 921-1 (갈현동),근린생활2,제2종근린생활시설,1013114282,지번
1138010200101180062,서울특별시 은평구 녹번동,서울특별시 은평구 진흥로 180 (녹번동),근린생활2,제2종근린생활시설,10131100204924,지번
1138010700100840011,서울특별시 은평구 응암동,서울특별시 은평구 은평로 167 (응암동),근린생활2,제2종근린생활시설,1013123066,지번
1138010700107330015,서울특별시 은평구 응암동,서울특별시 은평구 가좌로7나길 21 (응암동),근린생활2,제2종근린생활시설,1013127953,지번
1138010300102390061,서울특별시 은평구 불광동,서울특별시 은평구 불광로 95 (불광동),근린생활2,제2종근린생활시설,101317254,지번
1138010300103660006,서울특별시 은평구 불광동,서울특별시 은평구 연서로33길 3 (불광동),근린생활2,제2종근린생활시설,101319134,지번
1138010900101850001,서울특별시 은평구 신사동,서울특별시 은평구 은평터널로 135 (신사동),근린생활2,제2종근린생활시설,1013137141,지번
1138011400102190004,서울특별시 은평구 진관동,서울특별시 은평구 연서로 526 (진관동),근린생활1,제1종근린생활시설,10131100287215,지번
1138011400102190003,서울특별시 은평구 진관동,서울특별시 은평구 연서로 528 (진관동),근린생활2,제2종근린생활시설,10131100286228,지번
1138011400102050004,서울특별시 은평구 진관동,서울특별시 은평구 진관길 1 (진관동),근린생활1,제1종근린생활시설,10131100284834,지번
1138010700102470102,서울특별시 은평구 응암동,서울특별시 은평구 가좌로7가길 25-55 (응암동),근린생활1,제1종근린생활시설,1013124961,지번
1138010400104220024,서울특별시 은평구 갈현동,서울특별시 은평구 갈현로41길 10-1 (갈현동),근린생활1,제1종근린생활시설,1013114813,지번
1138010500103080182,서울특별시 은평구 구산동,서울특별시 은평구 서오릉로 277 (구산동),근린생활2,제2종근린생활시설,1013113819,지번
1138010700103350038,서울특별시 은평구 응암동,서울특별시 은평구 응암로14길 23 (응암동),근린생활1,제1종근린생활시설,1013125293,지번
1138010500100270005,서울특별시 은평구 구산동,서울특별시 은평구 갈현로17길 10 (구산동),근린생활1,제1종근린생활시설,1013118203,지번
1138010700105990019,서울특별시 은평구 응암동,서울특별시 은평구 응암로 185 (응암동),근린생활1,단독주택,1013127032,지번
1138010700105990019,서울특별시 은평구 응암동,서울특별시 은평구 응암로 185 (응암동),근린생활1,제1종근린생활시설,1013127034,지번
1138010900100210020,서울특별시 은평구 신사동,서울특별시 은평구 은평로 46 (신사동),근린생활1,제1종근린생활시설,1013134443,지번
1138010300101700037,서울특별시 은평구 불광동,서울특별시 은평구 불광로 204 (불광동),근린생활1,제1종근린생활시설,101316861,지번
1138010700102390016,서울특별시 은평구 응암동,서울특별시 은평구 응암로22길 27-1 (응암동),근린생활2,제2종근린생활시설,1013124645,지번
1138010700106750018,서울특별시 은평구 응암동,서울특별시 은평구 가좌로 168 (응암동),근린생활2,제2종근린생활시설,1013127613,지번
1138010700101200039,서울특별시 은평구 응암동,서울특별시 은평구 응암로21가길 27 (응암동),근린생활2,제2종근린생활시설,1013123909,지번
1138010800100840001,서울특별시 은평구 역촌동,서울특별시 은평구 은평로3길 23 (역촌동),근린생활2,제2종근린생활시설,10131100245105,지번
1138010800100520007,서울특별시 은평구 역촌동,서울특별시 은평구 갈현로 101-1 (역촌동),근린생활2,제2종근린생활시설,1013131904,지번
1138010400104690004,서울특별시 은평구 갈현동,서울특별시 은평구 서오릉로 166 (갈현동),근린생활1,제1종근린생활시설,1013115458,지번
1138010400104330005,서울특별시 은평구 갈현동,서울특별시 은평구 갈현로 261 (갈현동),근린생활1,제1종근린생활시설,1013114979,지번
1138010300102380082,서울특별시 은평구 불광동,서울특별시 은평구 불광로3길 22-1 (불광동),근린생활1,단독주택,101317169,지번
1138010300102380082,서울특별시 은평구 불광동,서울특별시 은평구 불광로3길 22 (불광동),근린생활1,제1종근린생활시설,101317170,지번
1138010800100440029,서울특별시 은평구 역촌동,서울특별시 은평구 연서로 12 (역촌동),근린생활2,제2종근린생활시설,1013131679,지번
1138010400105070033,서울특별시 은평구 갈현동,서울특별시 은평구 갈현로 181-2 (갈현동),근린생활1,제1종근린생활시설,1013116117,지번
1138010700105910040,서울특별시 은평구 응암동,서울특별시 은평구 응암로13길 22-1 (응암동),근린생활1,제1종근린생활시설,1013126775,지번
1138010100103170001,서울특별시 은평구 수색동,서울특별시 은평구 수색로 336 (수색동),근린생활2,제2종근린생활시설,101311620,지번
1138010700100880011,서울특별시 은평구 응암동,서울특별시 은평구 응암로 337 (응암동),근린생활2,제2종근린생활시설,1013123161,지번
1138010700101010007,서울특별시 은평구 응암동,서울특별시 은평구 은평로10길 28 (응암동),근린생활2,제2종근린생활시설,1013123420,지번
1138010700101950071,서울특별시 은평구 응암동,서울특별시 은평구 백련산로 135-1 (응암동),근린생활1,제1종근린생활시설,1013124210,지번
1138010400103960004,서울특별시 은평구 갈현동,서울특별시 은평구 통일로 857 (갈현동),근린생활1,제1종근린생활시설,1013114382,지번
1138010700100850040,서울특별시 은평구 응암동,서울특별시 은평구 은평로11길 12-18 (응암동),근린생활2,제2종근린생활시설,1013123105,지번
1138010500101980002,서울특별시 은평구 구산동,서울특별시 은평구 서오릉로 173 (구산동),근린생활2,제2종근린생활시설,1013118491,지번
1138010900100170012,서울특별시 은평구 신사동,서울특별시 은평구 갈현로 7-4 (신사동),근린생활1,제1종근린생활시설,1013134283,지번
1138010200100940003,서울특별시 은평구 녹번동,서울특별시 은평구 녹번로 46 (녹번동),근린생활2,제2종근린생활시설,101313988,지번
1138010200102620000,서울특별시 은평구 녹번동,서울특별시 은평구 은평로 233-1 (녹번동),근린생활1,제1종근린생활시설,101315247,지번
1138010400103990009,서울특별시 은평구 갈현동,서울특별시 은평구 연서로29길 14-8 (갈현동),근린생활2,제2종근린생활시설,1013114411,지번
1138010300102950014,서울특별시 은평구 불광동,서울특별시 은평구 통일로72길 17 (불광동),근린생활2,제2종근린생활시설,101318083,지번
1138010400104300004,서울특별시 은평구 갈현동,서울특별시 은평구 연서로29길 32 (갈현동),근린생활2,제2종근린생활시설,1013114937,지번
1138010400104520014,서울특별시 은평구 갈현동,서울특별시 은평구 연서로27길 24-1 (갈현동),근린생활2,제2종근린생활시설,1013115231,지번
1138010100103680021,서울특별시 은평구 수색동,서울특별시 은평구 수색로16길 3 (수색동),근린생활,근린생활시설,101312204,지번
1138010100103680021,서울특별시 은평구 수색동,서울특별시 은평구 수색로16길 3 (수색동),근린생활,근린생활시설,101312205,지번
1138010200100290060,서울특별시 은평구 녹번동,서울특별시 은평구 녹번로6길 7-1 (녹번동),근린생활2,제2종근린생활시설,101313444,지번
1138010700100810208,서울특별시 은평구 응암동,서울특별시 은평구 은평로 188 (응암동),근린생활2,제2종근린생활시설,1013123052,지번
1138010700101030029,서울특별시 은평구 응암동,서울특별시 은평구 은평로10길 4 (응암동),근린생활1,제1종근린생활시설,1013123563,지번
1138010200100830054,서울특별시 은평구 녹번동,서울특별시 은평구 은평로21길 63 (녹번동),근린생활2,제2종근린생활시설,101313906,지번
1138010700105760044,서울특별시 은평구 응암동,서울특별시 은평구 응암로 206 (응암동),근린생활2,제2종근린생활시설,1013126294,지번
1138010400104510023,서울특별시 은평구 갈현동,서울특별시 은평구 연서로27길 36 (갈현동),근린생활1,제1종근린생활시설,1013115221,지번
1138010900100260045,서울특별시 은평구 신사동,서울특별시 은평구 증산로23길 27 (신사동),근린생활2,제2종근린생활시설,1013134593,지번
1138010700101020015,서울특별시 은평구 응암동,서울특별시 은평구 응암로34나길 17 (응암동),근린생활1,제1종근린생활시설,1013123493,지번
1138010400104610018,서울특별시 은평구 갈현동,서울특별시 은평구 연서로25길 7-13 (갈현동),근린생활2,제2종근린생활시설,1013115378,지번
1138010200101270002,서울특별시 은평구 녹번동,서울특별시 은평구 진흥로12가길 23 (녹번동),근린생활2,제2종근린생활시설,101314450,지번
1138010200101180048,서울특별시 은평구 녹번동,서울특별시 은평구 진흥로 182 (녹번동),근린생활2,제2종근린생활시설,101314366,지번
1138010800100190028,서울특별시 은평구 역촌동,서울특별시 은평구 역말로 76-1 (역촌동),근린생활1,제1종근린생활시설,1013130860,지번
1138010600100140134,서울특별시 은평구 대조동,서울특별시 은평구 불광로 16-10 (대조동),근린생활2,제2종근린생활시설,1013119360,지번
1138010700102720113,서울특별시 은평구 응암동,서울특별시 은평구 가좌로5길 5 (응암동),근린생활2,교육연구시설,1000000000000005419613,지번
1138010700102720113,서울특별시 은평구 응암동,서울특별시 은평구 가좌로5길 5 (응암동),근린생활2,교육연구시설,1000000000000005419614,지번
1138010700102720113,서울특별시 은평구 응암동,서울특별시 은평구 가좌로5길 5 (응암동),근린생활2,교육연구시설,1000000000000005419615,지번
1138010700102720113,서울특별시 은평구 응암동,서울특별시 은평구 가좌로5길 5 (응암동),근린생활2,교육연구시설,1000000000000005419616,지번
1138010700102720113,서울특별시 은평구 응암동,서울특별시 은평구 가좌로5길 5 (응암동),근린생활2,교육연구시설,1000000000000005419617,지번
1138010700102720113,서울특별시 은평구 응암동,서울특별시 은평구 가좌로5길 5 (응암동),근린생활2,교육연구시설,1000000000000005419618,지번
1138010700102720113,서울특별시 은평구 응암동,서울특별시 은평구 가좌로5길 5 (응암동),근린생활2,교육연구시설,1000000000000005419619,지번
1138010700102720113,서울특별시 은평구 응암동,서울특별시 은평구 가좌로5길 5 (응암동),근린생활2,교육연구시설,1000000000000005419620,지번
1138010300103100179,서울특별시 은평구 불광동,서울특별시 은평구 연서로 249 (불광동),근린생활1,제1종근린생활시설,101318344,지번
1138010600102220011,서울특별시 은평구 대조동,서울특별시 은평구 연서로 168 (대조동),근린생활1,제1종근린생활시설,1013121643,지번
1138010700106780006,서울특별시 은평구 응암동,서울특별시 은평구 가좌로5길 8 (응암동),근린생활1,제1종근린생활시설,1013127638,지번
1138010200100860049,서울특별시 은평구 녹번동,서울특별시 은평구 은평로21가길 22-1 (녹번동),근린생활1,제1종근린생활시설,101313937,지번
1138010600100140005,서울특별시 은평구 대조동,서울특별시 은평구 불광로 14 (대조동),근린생활1,제1종근린생활시설,1013119335,지번
1138010600100150037,서울특별시 은평구 대조동,서울특별시 은평구 통일로 715-9 (대조동),근린생활1,제1종근린생활시설,1013119390,지번
1138010300102810095,서울특별시 은평구 불광동,서울특별시 은평구 불광로 40-2 (불광동),근린생활1,제1종근린생활시설,101317661,지번
1138010300102680005,서울특별시 은평구 불광동,서울특별시 은평구 통일로68길 4 (불광동),근린생활2,제2종근린생활시설,101317466,지번
1138010700103970278,서울특별시 은평구 응암동,서울특별시 은평구 응암로 230 (응암동),근린생활,근린생활시설,1013125761,지번
1138010800100430077,서울특별시 은평구 역촌동,서울특별시 은평구 진흥로 29 (역촌동),근린생활,근린생활시설,1013131668,지번
1138010300103040005,서울특별시 은평구 불광동,서울특별시 은평구 통일로 830 (불광동),근린생활1,제1종근린생활시설,1013111515,본번
1138010300102810060,서울특별시 은평구 불광동,서울특별시 은평구 불광로 44 (불광동),근린생활2,제2종근린생활시설,101317633,지번
1138010700102390015,서울특별시 은평구 응암동,서울특별시 은평구 응암로22길 29-1 (응암동),근린생활2,제2종근린생활시설,1013124644,지번
1138010400104680003,서울특별시 은평구 갈현동,서울특별시 은평구 서오릉로 160 (갈현동),근린생활1,제1종근린생활시설,1013115454,지번
1138010900101910003,서울특별시 은평구 신사동,서울특별시 은평구 은평터널로 145 (신사동),근린생활2,제2종근린생활시설,1013135292,지번
1138010200101170096,서울특별시 은평구 녹번동,서울특별시 은평구 통일로 693 (녹번동),근린생활2,제2종근린생활시설,101314320,지번
1138010800100850028,서울특별시 은평구 역촌동,서울특별시 은평구 연서로 5-2 (역촌동),근린생활2,제2종근린생활시설,1013132805,지번
1138010400104490003,서울특별시 은평구 갈현동,서울특별시 은평구 갈현로 257 (갈현동),근린생활1,제1종근린생활시설,1013115157,지번
1138010600101710060,서울특별시 은평구 대조동,서울특별시 은평구 역말로9길 1 (대조동),근린생활1,제1종근린생활시설,1013120579,지번
1138010700105900043,서울특별시 은평구 응암동,서울특별시 은평구 가좌로9길 7-1 (응암동),근린생활2,제2종근린생활시설,10131100206957,지번
1138010900103370003,서울특별시 은평구 신사동,서울특별시 은평구 증산로 393 (신사동),근린생활2,제2종근린생활시설,1013136323,지번
1138010900100200002,서울특별시 은평구 신사동,서울특별시 은평구 은평로 33-7 (신사동),근린생활1,제1종근린생활시설,1013134411,지번
1138010400103940021,서울특별시 은평구 갈현동,서울특별시 은평구 통일로83길 6 (갈현동),근린생활1,제1종근린생활시설,1013114362,지번
1138010400103920007,서울특별시 은평구 갈현동,서울특별시 은평구 통일로 903 (갈현동),근린생활,근린생활시설,1013114301,지번
1138010700100720010,서울특별시 은평구 응암동,서울특별시 은평구 은평로16길 4 (응암동),근린생활1,제1종근린생활시설,1013122974,지번
1138010700106950011,서울특별시 은평구 응암동,서울특별시 은평구 가좌로7길 28-1 (응암동),근린생활,근린생활시설,1013127650,지번
1138010400104020008,서울특별시 은평구 갈현동,서울특별시 은평구 통일로 863-17 (갈현동),근린생활1,제1종근린생활시설,1013114461,지번
1138010300200420019,서울특별시 은평구 불광동,서울특별시 은평구 진흥로 255 (불광동),근린생활1,제1종근린생활시설,1013112117,지번
1138010500101960003,서울특별시 은평구 구산동,서울특별시 은평구 서오릉로 157 (구산동),근린생활,근린생활시설,1013118489,지번
1138010600102240020,서울특별시 은평구 대조동,서울특별시 은평구 연서로18길 2 (대조동),근린생활2,제2종근린생활시설,1013121689,지번
1138010600100150015,서울특별시 은평구 대조동,서울특별시 은평구 통일로 715-4 (대조동),근린생활2,제2종근린생활시설,10131100188954,지번
1138010300100810003,서울특별시 은평구 불광동,서울특별시 은평구 연서로41길 14 (불광동),근린생활1,제1종근린생활시설,101316410,지번
1138010700101170042,서울특별시 은평구 응암동,서울특별시 은평구 은평로8길 41 (응암동),근린생활2,제2종근린생활시설,10131100215090,지번
1138010700105840037,서울특별시 은평구 응암동,서울특별시 은평구 가좌로 244 (응암동),근린생활1,제1종근린생활시설,1013126570,지번
1138010700100860014,서울특별시 은평구 응암동,서울특별시 은평구 은평로 145 (응암동),근린생활2,제2종근린생활시설,1013123118,지번
1138010700102390002,서울특별시 은평구 응암동,서울특별시 은평구 응암로22길 33 (응암동),근린생활2,제2종근린생활시설,1013124638,지번
1138010700102390002,서울특별시 은평구 응암동,서울특별시 은평구 응암로22길 33 (응암동),근린생활2,단독주택,1013124639,지번
1138010700102360028,서울특별시 은평구 응암동,서울특별시 은평구 백련산로 87 (응암동),근린생활2,제2종근린생활시설,1013124618,지번
1138010700102350001,서울특별시 은평구 응암동,서울특별시 은평구 응암로22길 31-8 (응암동),근린생활2,단독주택,1013124606,지번
1138010400104830001,서울특별시 은평구 갈현동,서울특별시 은평구 연서로27길 17 (갈현동),근린생활2,제2종근린생활시설,1013115675,지번
1138010700104190111,서울특별시 은평구 응암동,서울특별시 은평구 응암로22길 19 (응암동),근린생활1,제1종근린생활시설,1013126004,지번
1138010700106010058,서울특별시 은평구 응암동,서울특별시 은평구 응암로12길 5-1 (응암동),근린생활1,제1종근린생활시설,1013127116,지번
1138011400102660003,서울특별시 은평구 진관동,서울특별시 은평구 대서문길 43-6 (진관동),근린생활1,제1종근린생활시설,10131100221481,지번
1138010600102020015,서울특별시 은평구 대조동,서울특별시 은평구 연서로24길 9-1 (대조동),근린생활2,제2종근린생활시설,1013121152,지번
1138011400100780000,서울특별시 은평구 진관동,서울특별시 은평구 진관2로 31 (진관동),근린생활1,제1종근린생활시설,10131100204987,지번
1138011400100780000,서울특별시 은평구 진관동,서울특별시 은평구 진관2로 31 (진관동),근린생활1,업무시설,10131100204988,지번
1138010600101960019,서울특별시 은평구 대조동,서울특별시 은평구 연서로26길 9-4 (대조동),근린생활2,제2종근린생활시설,1013121034,지번
1138010300102380092,서울특별시 은평구 불광동,서울특별시 은평구 불광로9길 10 (불광동),근린생활2,제2종근린생활시설,101317171,지번
1138010800100830015,서울특별시 은평구 역촌동,서울특별시 은평구 은평로3길 34-2 (역촌동),근린생활2,제2종근린생활시설,1013132724,지번
1138010300103190021,서울특별시 은평구 불광동,서울특별시 은평구 연서로 254-7 (불광동),근린생활2,제2종근린생활시설,101318550,지번
1138010300100900067,서울특별시 은평구 불광동,서울특별시 은평구 연서로41길 1 (불광동),근린생활2,제2종근린생활시설,101316471,지번
1138010400104890011,서울특별시 은평구 갈현동,서울특별시 은평구 연서로17길 45 (갈현동),근린생활1,제1종근린생활시설,1013115759,지번
1138010700104270125,서울특별시 은평구 응암동,서울특별시 은평구 응암로22길 1 (응암동),근린생활2,제2종근린생활시설,1013126145,지번
1138010700104020005,서울특별시 은평구 응암동,서울특별시 은평구 응암로22길 22-1 (응암동),근린생활1,제1종근린생활시설,1013125770,지번
1138010300104840141,서울특별시 은평구 불광동,서울특별시 은평구 통일로82길 17 (불광동),근린생활2,제2종근린생활시설,1013110479,지번
1138010500103390004,서울특별시 은평구 구산동,서울특별시 은평구 서오릉로17길 2 (구산동),근린생활2,제2종근린생활시설,1013114029,지번
1138010400104230016,서울특별시 은평구 갈현동,서울특별시 은평구 갈현로 312 (갈현동),근린생활1,제1종근린생활시설,1013114835,지번
1138010900100200026,서울특별시 은평구 신사동,서울특별시 은평구 은평로 33 (신사동),근린생활2,제2종근린생활시설,1013134427,지번
1138011000101870019,서울특별시 은평구 증산동,서울특별시 은평구 증산서길 89 (증산동),근린생활1,제1종근린생활시설,1013138186,지번
1138011000101680002,서울특별시 은평구 증산동,서울특별시 은평구 증산로 305 (증산동),근린생활1,제1종근린생활시설,1013137936,지번
1138010200101440011,서울특별시 은평구 녹번동,서울특별시 은평구 진흥로 124 (녹번동),근린생활2,제2종근린생활시설,101314759,지번
1138010700100040007,서울특별시 은평구 응암동,서울특별시 은평구 은평로20길 6 (응암동),근린생활2,제2종근린생활시설,1013122400,지번
1138011400102660005,서울특별시 은평구 진관동,서울특별시 은평구 대서문길 45-7 (진관동),근린생활2,제2종근린생활시설,10131100213554,지번
1138010800100700042,서울특별시 은평구 역촌동,서울특별시 은평구 갈현로 67 (역촌동),근린생활2,제2종근린생활시설,10131100254678,지번
1138010400104480037,서울특별시 은평구 갈현동,서울특별시 은평구 갈현로29길 8-3 (갈현동),근린생활2,제2종근린생활시설,1013115150,지번
1138010800100070023,서울특별시 은평구 역촌동,서울특별시 은평구 연서로 114 (역촌동),근린생활1,제1종근린생활시설,1013130406,지번
1138010300102900020,서울특별시 은평구 불광동,서울특별시 은평구 통일로 814 (불광동),근린생활1,제1종근린생활시설,101317812,지번
1138011000101840001,서울특별시 은평구 증산동,서울특별시 은평구 증산서길 64-8 (증산동),근린생활,근린생활시설,1013138135,지번
1138010600100890108,서울특별시 은평구 대조동,서울특별시 은평구 역말로 137 (대조동),근린생활1,제1종근린생활시설,1013120325,지번
1138011400102940008,서울특별시 은평구 진관동,서울특별시 은평구 북한산로 281-12 (진관동),근린생활2,제2종근린생활시설,10131100278614,지번
1138010700100880033,서울특별시 은평구 응암동,서울특별시 은평구 응암로 333 (응암동),근린생활2,제2종근린생활시설,1013123170,지번
1138010400104120005,서울특별시 은평구 갈현동,서울특별시 은평구 통일로87길 8-1 (갈현동),근린생활2,제2종근린생활시설,1013114665,지번
1138010500100020010,서울특별시 은평구 구산동,서울특별시 은평구 서오릉로 149-22 (구산동),근린생활2,제2종근린생활시설,1013117626,지번
1138010300103140020,서울특별시 은평구 불광동,서울특별시 은평구 연서로 261-5 (불광동),근린생활2,제2종근린생활시설,101318515,지번
1138010700100740003,서울특별시 은평구 응암동,서울특별시 은평구 은평로 206 (응암동),근린생활1,제1종근린생활시설,1013122988,지번
1138010700100880028,서울특별시 은평구 응암동,서울특별시 은평구 은평로9길 8 (응암동),근린생활2,제2종근린생활시설,1013123168,지번
1138010400103950028,서울특별시 은평구 갈현동,서울특별시 은평구 통일로 863-8 (갈현동),근린생활1,제1종근린생활시설,1013114380,지번
1138010400104440009,서울특별시 은평구 갈현동,서울특별시 은평구 갈현로35길 12-13 (갈현동),근린생활2,제2종근린생활시설,1013115098,지번
1138010400104340010,서울특별시 은평구 갈현동,서울특별시 은평구 갈현로 271 (갈현동),근린생활2,제2종근린생활시설,1013115010,지번
1138010700100990019,서울특별시 은평구 응암동,서울특별시 은평구 은평로12길 8-9 (응암동),근린생활2,제2종근린생활시설,1013123342,지번
1138010700100870040,서울특별시 은평구 응암동,서울특별시 은평구 은평로 141 (응암동),근린생활2,제2종근린생활시설,1013123153,지번
1138010200101570001,서울특별시 은평구 녹번동,서울특별시 은평구 은평로13길 25 (녹번동),근린생활1,제1종근린생활시설,101314979,지번
1138011400102990009,서울특별시 은평구 진관동,서울특별시 은평구 북한산로 300 (진관동),근린생활2,제2종근린생활시설,10131100317995,지번
1138010900100170001,서울특별시 은평구 신사동,서울특별시 은평구 갈현로 11 (신사동),근린생활2,제2종근린생활시설,1013134273,지번
1138010800100370003,서울특별시 은평구 역촌동,서울특별시 은평구 연서로4길 16 (역촌동),근린생활1,제1종근린생활시설,1013131485,지번
1138010400104540020,서울특별시 은평구 갈현동,서울특별시 은평구 연서로27길 16-14 (갈현동),근린생활2,제2종근린생활시설,10131100237785,지번
1138010700100610006,서울특별시 은평구 응암동,서울특별시 은평구 은평로 226 (응암동),근린생활2,제2종근린생활시설,1013122898,지번
1138010300103660005,서울특별시 은평구 불광동,서울특별시 은평구 연서로33길 3-1 (불광동),근린생활2,제2종근린생활시설,101319133,지번
1138010300102900008,서울특별시 은평구 불광동,서울특별시 은평구 통일로 806 (불광동),근린생활2,제2종근린생활시설,101317801,지번
1138010300102900008,서울특별시 은평구 불광동,서울특별시 은평구 통일로 806 (불광동),근린생활2,제1종근린생활시설,101317802,지번
1138010400104630006,서울특별시 은평구 갈현동,서울특별시 은평구 연서로21길 5 (갈현동),근린생활2,제2종근린생활시설,1013115415,지번
1138010600102180026,서울특별시 은평구 대조동,서울특별시 은평구 연서로24길 10 (대조동),근린생활1,제1종근린생활시설,1013121536,지번
1138010200101170111,서울특별시 은평구 녹번동,서울특별시 은평구 진흥로 196 (녹번동),근린생활1,제1종근린생활시설,101314322,지번
1138010400103910003,서울특별시 은평구 갈현동,서울특별시 은평구 통일로 929-5 (갈현동),근린생활1,제1종근린생활시설,1013114275,지번
1138010900100140018,서울특별시 은평구 신사동,서울특별시 은평구 갈현로3길 15 (신사동),근린생활1,제1종근린생활시설,1013134201,지번
1138010100103690003,서울특별시 은평구 수색동,서울특별시 은평구 수색로16길 4 (수색동),근린생활2,제2종근린생활시설,101312215,지번
1138010600101650035,서울특별시 은평구 대조동,서울특별시 은평구 역말로9길 17 (대조동),근린생활1,제1종근린생활시설,1013120522,지번
1138010800100410001,서울특별시 은평구 역촌동,서울특별시 은평구 진흥로 57 (역촌동),근린생활1,제1종근린생활시설,1013131581,지번
1138010700104090036,서울특별시 은평구 응암동,서울특별시 은평구 응암로22길 27 (응암동),근린생활2,제2종근린생활시설,1013125855,지번
1138010900100290013,서울특별시 은평구 신사동,서울특별시 은평구 은평로 22 (신사동),근린생활1,제1종근린생활시설,1013134664,지번
1138010300102810075,서울특별시 은평구 불광동,서울특별시 은평구 불광로 40 (불광동),근린생활1,제1종근린생활시설,101317648,지번
1138010700105960016,서울특별시 은평구 응암동,서울특별시 은평구 응암로9길 10-1 (응암동),근린생활2,제2종근린생활시설,1013126958,지번
1138010400101100012,서울특별시 은평구 갈현동,서울특별시 은평구 연서로27길 25-1 (갈현동),근린생활2,제2종근린생활시설,1013112708,지번
1138011000101760015,서울특별시 은평구 증산동,서울특별시 은평구 증산서길 64-14 (증산동),근린생활1,제1종근린생활시설,1013138050,지번
1138010300103570015,서울특별시 은평구 불광동,서울특별시 은평구 연서로 273 (불광동),근린생활,근린생활시설,101319089,지번
1138010600101930017,서울특별시 은평구 대조동,서울특별시 은평구 통일로75길 6-3 (대조동),근린생활1,단독주택,1013120969,지번
1138010600101930017,서울특별시 은평구 대조동,서울특별시 은평구 통일로75길 6-3 (대조동),근린생활1,제1종근린생활시설,1013120970,지번
1138010700107360003,서울특별시 은평구 응암동,서울특별시 은평구 가좌로7라길 10-2 (응암동),근린생활1,제1종근린생활시설,1013127993,지번
1138010600100120029,서울특별시 은평구 대조동,서울특별시 은평구 불광로 25 (대조동),근린생활1,제1종근린생활시설,1013119325,지번
1138010200101170060,서울특별시 은평구 녹번동,서울특별시 은평구 녹번로 69 (녹번동),근린생활1,제1종근린생활시설,101314294,지번
1138010600101910003,서울특별시 은평구 대조동,서울특별시 은평구 통일로73길 9 (대조동),근린생활2,제2종근린생활시설,1013120906,지번
1138010600101920025,서울특별시 은평구 대조동,서울특별시 은평구 통일로73길 12 (대조동),근린생활2,제2종근린생활시설,1013120952,지번
1138010300103900005,서울특별시 은평구 불광동,서울특별시 은평구 연서로33길 20 (불광동),근린생활1,제1종근린생활시설,101319332,지번
1138010200101000024,서울특별시 은평구 녹번동,서울특별시 은평구 녹번로 29-2 (녹번동),근린생활2,제2종근린생활시설,101314082,지번
1138010600101920030,서울특별시 은평구 대조동,서울특별시 은평구 통일로75길 15-1 (대조동),근린생활1,제1종근린생활시설,1013120954,지번
1138010400105050006,서울특별시 은평구 갈현동,서울특별시 은평구 갈현로 213 (갈현동),근린생활2,제2종근린생활시설,1013116045,지번
1138010600101850011,서울특별시 은평구 대조동,서울특별시 은평구 통일로 835 (대조동),근린생활2,제2종근린생활시설,1013120707,지번
1138010200102080000,서울특별시 은평구 녹번동,서울특별시 은평구 은평로 191-1 (녹번동),근린생활2,제2종근린생활시설,101315222,지번
1138010900100370017,서울특별시 은평구 신사동,서울특별시 은평구 가좌로 286 (신사동),근린생활1,제1종근린생활시설,1013134913,지번
1138010800100160031,서울특별시 은평구 역촌동,서울특별시 은평구 서오릉로7길 9-15 (역촌동),근린생활2,제2종근린생활시설,10131100190485,지번
1138010700101240005,서울특별시 은평구 응암동,서울특별시 은평구 응암로 251 (응암동),근린생활2,제2종근린생활시설,1013123972,지번
1138010700101240005,서울특별시 은평구 응암동,서울특별시 은평구 응암로 251-1 (응암동),근린생활2,단독주택,1013123973,지번
1138010900100290023,서울특별시 은평구 신사동,서울특별시 은평구 은평로 18 (신사동),근린생활,근린생활시설,1013134670,지번
1138010400104300019,서울특별시 은평구 갈현동,서울특별시 은평구 연서로29길 34-14 (갈현동),근린생활2,제2종근린생활시설,1013114948,지번
1138010400104110020,서울특별시 은평구 갈현동,서울특별시 은평구 통일로87길 18 (갈현동),근린생활1,제1종근린생활시설,1013114656,지번
1138010700106020029,서울특별시 은평구 응암동,서울특별시 은평구 응암로 174-2 (응암동),근린생활1,제1종근린생활시설,1013127158,지번
1138010300103280001,서울특별시 은평구 불광동,서울특별시 은평구 연서로32길 19 (불광동),근린생활2,제1종근린생활시설,101318606,지번
1138010700100960014,서울특별시 은평구 응암동,서울특별시 은평구 은평로 166 (응암동),근린생활2,제2종근린생활시설,1013123245,지번
1138010600101710027,서울특별시 은평구 대조동,서울특별시 은평구 역말로9길 5 (대조동),근린생활1,제1종근린생활시설,1013120559,지번
1138010700100840013,서울특별시 은평구 응암동,서울특별시 은평구 은평로 165 (응암동),근린생활2,제2종근린생활시설,10131100190484,지번
1138010300102810172,서울특별시 은평구 불광동,서울특별시 은평구 통일로 720 (불광동),근린생활1,제1종근린생활시설,101317727,지번
1138010600100840036,서울특별시 은평구 대조동,서울특별시 은평구 통일로71가길 1 (대조동),근린생활2,제2종근린생활시설,1013120122,지번
1138010700107320025,서울특별시 은평구 응암동,서울특별시 은평구 가좌로7길 23 (응암동),근린생활,근린생활시설,1013127937,지번
1138011000101680003,서울특별시 은평구 증산동,서울특별시 은평구 증산로9길 3 (증산동),근린생활1,제1종근린생활시설,1013138830,지번
1138010900102000097,서울특별시 은평구 신사동,서울특별시 은평구 은평터널로 186 (신사동),근린생활,근린생활시설,1013135345,지번
1138010800100350068,서울특별시 은평구 역촌동,서울특별시 은평구 연서로4길 5 (역촌동),근린생활1,제1종근린생활시설,1013131455,지번
1138010600102190020,서울특별시 은평구 대조동,서울특별시 은평구 연서로 194 (대조동),근린생활2,제2종근린생활시설,1013121553,지번
1138010600101870045,서울특별시 은평구 대조동,서울특별시 은평구 통일로 807-1 (대조동),근린생활2,단독주택,1013120811,지번
1138010600101870045,서울특별시 은평구 대조동,서울특별시 은평구 통일로 807-1 (대조동),근린생활2,제2종근린생활시설,1013120812,지번
1138010700107490013,서울특별시 은평구 응암동,서울특별시 은평구 가좌로 195 (응암동),근린생활1,제1종근린생활시설,10131100246544,지번
1138010200100790042,서울특별시 은평구 녹번동,서울특별시 은평구 은평로 201 (녹번동),근린생활,근린생활시설,101313813,지번
1138010100103640002,서울특별시 은평구 수색동,서울특별시 은평구 수색로18길 4 (수색동),근린생활1,제1종근린생활시설,101312131,지번
1138010300102670000,서울특별시 은평구 불광동,서울특별시 은평구 통일로 746 (불광동),근린생활1,제1종근린생활시설,1000000000000002443189,지번
1138010700101190023,서울특별시 은평구 응암동,서울특별시 은평구 응암로 259 (응암동),근린생활1,제1종근린생활시설,1013123879,지번
1138010700105900004,서울특별시 은평구 응암동,서울특별시 은평구 응암로 201 (응암동),근린생활1,제1종근린생활시설,1013126717,지번
1138010100104150001,서울특별시 은평구 수색동,서울특별시 은평구 은평터널로 65 (수색동),근린생활,공동주택,101312624,지번
1138010100104150001,서울특별시 은평구 수색동,서울특별시 은평구 은평터널로 65 (수색동),근린생활,공동주택,101312625,지번
1138010100104150001,서울특별시 은평구 수색동,서울특별시 은평구 은평터널로 65 (수색동),근린생활,공동주택,101312626,지번
1138010100104150001,서울특별시 은평구 수색동,서울특별시 은평구 은평터널로 65 (수색동),근린생활,공동주택,101312627,지번
1138010100104150001,서울특별시 은평구 수색동,서울특별시 은평구 은평터널로 65 (수색동),근린생활,공동주택,101312636,지번
1138010100104150001,서울특별시 은평구 수색동,서울특별시 은평구 은평터널로 65 (수색동),근린생활,공동주택,101312637,지번
1138010100104150001,서울특별시 은평구 수색동,서울특별시 은평구 은평터널로 65 (수색동),근린생활,공동주택,101312638,지번
1138010100104150001,서울특별시 은평구 수색동,서울특별시 은평구 은평터널로 65 (수색동),근린생활,공동주택,101312639,지번
1138010100104150001,서울특별시 은평구 수색동,서울특별시 은평구 은평터널로 65 (수색동),근린생활,공동주택,101312640,지번
1138010100104150001,서울특별시 은평구 수색동,서울특별시 은평구 은평터널로 65 (수색동),근린생활,공동주택,101312641,지번
1138010100104150001,서울특별시 은평구 수색동,서울특별시 은평구 은평터널로 65 (수색동),근린생활,공동주택,101312642,지번
1138010100104150001,서울특별시 은평구 수색동,서울특별시 은평구 은평터널로 65 (수색동),근린생활,노유자시설,101312643,지번
1138010100104150001,서울특별시 은평구 수색동,서울특별시 은평구 은평터널로 65 (수색동),근린생활,공동주택,101312644,지번
1138010100104150001,서울특별시 은평구 수색동,서울특별시 은평구 은평터널로 65 (수색동),근린생활,근린생활시설,101312645,지번
1138010900101620002,서울특별시 은평구 신사동,서울특별시 은평구 증산로15길 73 (신사동),근린생활2,제2종근린생활시설,1013135072,지번
1138010600101910004,서울특별시 은평구 대조동,서울특별시 은평구 통일로73길 11 (대조동),근린생활1,제1종근린생활시설,1013120907,지번
1138010500100030048,서울특별시 은평구 구산동,서울특별시 은평구 서오릉로11길 3 (구산동),근린생활2,제2종근린생활시설,1013117664,지번
1138010400102550003,서울특별시 은평구 갈현동,서울특별시 은평구 갈현로33길 25 (갈현동),근린생활1,제1종근린생활시설,1013112935,지번
1138010400104340009,서울특별시 은평구 갈현동,서울특별시 은평구 갈현로 271-1 (갈현동),근린생활1,제1종근린생활시설,1013115009,지번
1138010800100160007,서울특별시 은평구 역촌동,서울특별시 은평구 진흥로 105 (역촌동),근린생활2,제2종근린생활시설,1013130762,지번
1138010300102900005,서울특별시 은평구 불광동,서울특별시 은평구 통일로 814-1 (불광동),근린생활2,제2종근린생활시설,101317799,지번
1138010300106360000,서울특별시 은평구 불광동,서울특별시 은평구 불광로 170 (불광동),근린생활2,공동주택,1013112095,지번
1138010300106360000,서울특별시 은평구 불광동,서울특별시 은평구 불광로 170 (불광동),근린생활2,제2종근린생활시설,1013112096,지번
1138010300106360000,서울특별시 은평구 불광동,서울특별시 은평구 불광로 170 (불광동),근린생활2,공동주택,1013112097,지번
1138010300104320010,서울특별시 은평구 불광동,서울특별시 은평구 연서로 303-12 (불광동),근린생활1,제1종근린생활시설,101319612,지번
1138011000101890028,서울특별시 은평구 증산동,서울특별시 은평구 증산서길 95 (증산동),근린생활1,제1종근린생활시설,1013138228,지번
1138010400104520007,서울특별시 은평구 갈현동,서울특별시 은평구 연서로27길 20-11 (갈현동),근린생활2,제2종근린생활시설,1013115227,지번
1138010300103560029,서울특별시 은평구 불광동,서울특별시 은평구 연서로 277-1 (불광동),근린생활1,제1종근린생활시설,101319078,지번
1138010500103810000,서울특별시 은평구 구산동,서울특별시 은평구 서오릉로21길 34 (구산동),근린생활,근린생활시설,1013114255,지번
1138010300104100002,서울특별시 은평구 불광동,서울특별시 은평구 연서로33길 12 (불광동),근린생활1,제1종근린생활시설,101319505,지번
1138010400101100041,서울특별시 은평구 갈현동,서울특별시 은평구 연서로27길 21 (갈현동),근린생활2,제2종근린생활시설,1013112722,지번
1138010400105040015,서울특별시 은평구 갈현동,서울특별시 은평구 갈현로 227-1 (갈현동),근린생활2,제2종근린생활시설,1013116007,지번
1138010600100020001,서울특별시 은평구 대조동,서울특별시 은평구 통일로71길 28 (대조동),근린생활1,제1종근린생활시설,1013119156,지번
1138010300102810162,서울특별시 은평구 불광동,서울특별시 은평구 통일로66길 4-17 (불광동),근린생활1,제1종근린생활시설,101317717,지번
1138010400104300002,서울특별시 은평구 갈현동,서울특별시 은평구 통일로83길 21 (갈현동),근린생활2,제2종근린생활시설,1013114935,지번
1138010200101540004,서울특별시 은평구 녹번동,서울특별시 은평구 서오릉로 41-17 (녹번동),근린생활1,제1종근린생활시설,101314898,지번
1138010400105020002,서울특별시 은평구 갈현동,서울특별시 은평구 연서로27길 33 (갈현동),근린생활2,제2종근린생활시설,1013115947,지번
1138010700100890010,서울특별시 은평구 응암동,서울특별시 은평구 진흥로 50 (응암동),근린생활2,제2종근린생활시설,1013123179,지번
1138010800100830003,서울특별시 은평구 역촌동,서울특별시 은평구 연서로3길 3 (역촌동),근린생활1,제1종근린생활시설,1013132713,지번
1138010300102740011,서울특별시 은평구 불광동,서울특별시 은평구 통일로 738-1 (불광동),근린생활1,제1종근린생활시설,101317534,지번
1138010300102740011,서울특별시 은평구 불광동,서울특별시 은평구 통일로 738 (불광동),근린생활1,제2종근린생활시설,101317535,지번
1138010300102740011,서울특별시 은평구 불광동,서울특별시 은평구 통일로 738 (불광동),근린생활1,제2종근린생활시설,101317536,지번
1138010300102740011,서울특별시 은평구 불광동,서울특별시 은평구 통일로 738 (불광동),근린생활1,제1종근린생활시설,101317537,지번
1138010300102740011,서울특별시 은평구 불광동,서울특별시 은평구 통일로 738 (불광동),근린생활1,제2종근린생활시설,101317538,지번
1138010300102740011,서울특별시 은평구 불광동,서울특별시 은평구 통일로 738 (불광동),근린생활1,제1종근린생활시설,101317539,지번
1138010300102740011,서울특별시 은평구 불광동,서울특별시 은평구 통일로 738 (불광동),근린생활1,제1종근린생활시설,101317540,지번
1138010300102740011,서울특별시 은평구 불광동,서울특별시 은평구 통일로 738 (불광동),근린생활1,제1종근린생활시설,101317541,지번
1138010300102740011,서울특별시 은평구 불광동,서울특별시 은평구 통일로 738 (불광동),근린생활1,제1종근린생활시설,101317542,지번
1138010300102740011,서울특별시 은평구 불광동,서울특별시 은평구 통일로 738 (불광동),근린생활1,제1종근린생활시설,101317543,지번
1138010300102740011,서울특별시 은평구 불광동,서울특별시 은평구 통일로 738 (불광동),근린생활1,제2종근린생활시설,101317544,지번
1138010300102740011,서울특별시 은평구 불광동,서울특별시 은평구 통일로 738 (불광동),근린생활1,제1종근린생활시설,101317545,지번
1138010300102740011,서울특별시 은평구 불광동,서울특별시 은평구 통일로 738 (불광동),근린생활1,제1종근린생활시설,101317546,지번
1138010300102740011,서울특별시 은평구 불광동,서울특별시 은평구 통일로 738 (불광동),근린생활1,제1종근린생활시설,101317547,지번
1138010300102740011,서울특별시 은평구 불광동,서울특별시 은평구 통일로 738 (불광동),근린생활1,제1종근린생활시설,101317548,지번
1138010300102740011,서울특별시 은평구 불광동,서울특별시 은평구 통일로 738 (불광동),근린생활1,제2종근린생활시설,101317549,지번
1138010300102740011,서울특별시 은평구 불광동,서울특별시 은평구 통일로 738 (불광동),근린생활1,제1종근린생활시설,101317550,지번
1138010300102740011,서울특별시 은평구 불광동,서울특별시 은평구 통일로 738 (불광동),근린생활1,제1종근린생활시설,101317551,지번
1138010300102740011,서울특별시 은평구 불광동,서울특별시 은평구 통일로 738 (불광동),근린생활1,제1종근린생활시설,101317552,지번
1138010300102740011,서울특별시 은평구 불광동,서울특별시 은평구 통일로 738 (불광동),근린생활1,제2종근린생활시설,101317553,지번
1138010800100090059,서울특별시 은평구 역촌동,서울특별시 은평구 연서로 80 (역촌동),근린생활1,제1종근린생활시설,1013130489,지번
1138011400102780012,서울특별시 은평구 진관동,서울특별시 은평구 대서문길 43-9 (진관동),근린생활1,제1종근린생활시설,10131100218682,지번
1138010400104030005,서울특별시 은평구 갈현동,서울특별시 은평구 통일로83길 9-1 (갈현동),근린생활1,제1종근린생활시설,1013114497,지번
1138010300102400004,서울특별시 은평구 불광동,서울특별시 은평구 불광로 93 (불광동),근린생활2,제2종근린생활시설,101317257,지번
1138010300103160001,서울특별시 은평구 불광동,서울특별시 은평구 연서로 270-1 (불광동),근린생활1,제1종근린생활시설,101318526,지번
1138010200101440001,서울특별시 은평구 녹번동,서울특별시 은평구 진흥로 112 (녹번동),근린생활2,제2종근린생활시설,101314757,지번
1138010400104020028,서울특별시 은평구 갈현동,서울특별시 은평구 연서로29길 20-23 (갈현동),근린생활1,제1종근린생활시설,1013114479,지번
1138010400102520004,서울특별시 은평구 갈현동,서울특별시 은평구 갈현로33길 19 (갈현동),근린생활2,제2종근린생활시설,1013112924,지번
1138010400104030010,서울특별시 은평구 갈현동,서울특별시 은평구 통일로83길 5-8 (갈현동),근린생활2,제2종근린생활시설,1013114502,지번
1138010400104240005,서울특별시 은평구 갈현동,서울특별시 은평구 갈현로 302-4 (갈현동),근린생활1,제1종근린생활시설,1013114846,지번
1138010400104240012,서울특별시 은평구 갈현동,서울특별시 은평구 갈현로 302-5 (갈현동),근린생활1,제1종근린생활시설,1013114852,지번
1138010800100140067,서울특별시 은평구 역촌동,서울특별시 은평구 역말로 92-9 (역촌동),근린생활2,제2종근린생활시설,1013130713,지번
1138010400102400001,서울특별시 은평구 갈현동,서울특별시 은평구 갈현로29길 27 (갈현동),근린생활1,교육연구시설,10131100294174,지번
1138010400102400001,서울특별시 은평구 갈현동,서울특별시 은평구 갈현로29길 27 (갈현동),근린생활1,교육연구시설,1013112856,지번
1138010400102400001,서울특별시 은평구 갈현동,서울특별시 은평구 갈현로29길 27 (갈현동),근린생활1,교육연구시설,1013112857,지번
1138010400102400001,서울특별시 은평구 갈현동,서울특별시 은평구 갈현로29길 27 (갈현동),근린생활1,교육연구시설,1013112863,지번
1138010400102400001,서울특별시 은평구 갈현동,서울특별시 은평구 갈현로29길 27 (갈현동),근린생활1,교육연구시설,1013112864,지번
1138010400102400001,서울특별시 은평구 갈현동,서울특별시 은평구 갈현로29길 27 (갈현동),근린생활1,교육연구시설,1013112865,지번
1138010400102400001,서울특별시 은평구 갈현동,서울특별시 은평구 갈현로29길 27 (갈현동),근린생활1,교육연구시설,1013112866,지번
1138010800100350029,서울특별시 은평구 역촌동,서울특별시 은평구 연서로 40 (역촌동),근린생활2,제2종근린생활시설,1013131431,지번
1138011000102230002,서울특별시 은평구 증산동,서울특별시 은평구 수색로 205 (증산동),근린생활2,제2종근린생활시설,1013138733,지번
1138010600101910005,서울특별시 은평구 대조동,서울특별시 은평구 통일로73길 11-1 (대조동),근린생활2,제2종근린생활시설,1013120908,지번
1138010300104840136,서울특별시 은평구 불광동,서울특별시 은평구 통일로 900 (불광동),근린생활1,제1종근린생활시설,1013110476,지번
1138010600100120004,서울특별시 은평구 대조동,서울특별시 은평구 불광로 11 (대조동),근린생활2,제2종근린생활시설,1013119311,지번
1138010600101880032,서울특별시 은평구 대조동,서울특별시 은평구 통일로73길 3 (대조동),근린생활1,제1종근린생활시설,1013120849,지번
1138010300102970002,서울특별시 은평구 불광동,서울특별시 은평구 통일로78길 12-9 (불광동),근린생활2,제2종근린생활시설,101318117,지번
1138010300102670001,서울특별시 은평구 불광동,서울특별시 은평구 통일로 750 (불광동),근린생활1,제1종근린생활시설,101317463,지번
1138011400102190002,서울특별시 은평구 진관동,서울특별시 은평구 연서로 530 (진관동),근린생활2,제2종근린생활시설,10131100289014,지번
1138010600101960025,서울특별시 은평구 대조동,서울특별시 은평구 연서로26길 11 (대조동),근린생활2,제2종근린생활시설,1013121037,지번
1138010700105990024,서울특별시 은평구 응암동,서울특별시 은평구 응암로 183 (응암동),근린생활1,제1종근린생활시설,1013127039,지번
1138010700105990024,서울특별시 은평구 응암동,서울특별시 은평구 응암로 183 (응암동),근린생활1,제1종근린생활시설,1013127040,지번
1138011400101140000,서울특별시 은평구 진관동,서울특별시 은평구 연서로 415 (진관동),근린생활2,제2종근린생활시설,10131100213309,지번
1138011400101140000,서울특별시 은평구 진관동,서울특별시 은평구 연서로 415 (진관동),근린생활2,노유자시설,10131100213320,지번
1138011400101140000,서울특별시 은평구 진관동,서울특별시 은평구 연서로 415 (진관동),근린생활2,노유자시설,1013139251,지번
1138010800100790036,서울특별시 은평구 역촌동,서울특별시 은평구 갈현로 50 (역촌동),근린생활1,제1종근린생활시설,1013132587,지번
1138010400105200037,서울특별시 은평구 갈현동,서울특별시 은평구 갈현로23길 21-1 (갈현동),근린생활,근린생활시설,1013116370,지번
1138010300103990004,서울특별시 은평구 불광동,서울특별시 은평구 연서로33길 20-15 (불광동),근린생활2,제2종근린생활시설,101319460,지번
1138010500100010007,서울특별시 은평구 구산동,서울특별시 은평구 연서로 135 (구산동),근린생활2,제2종근린생활시설,1013117605,지번
1138010600100150194,서울특별시 은평구 대조동,서울특별시 은평구 진흥로 167 (대조동),근린생활2,제2종근린생활시설,1013119460,지번
1138010600102120048,서울특별시 은평구 대조동,서울특별시 은평구 연서로18길 9-18 (대조동),근린생활1,제1종근린생활시설,1013121397,지번
1138010600101870001,서울특별시 은평구 대조동,서울특별시 은평구 통일로 821 (대조동),근린생활2,제2종근린생활시설,1013120787,지번
1138010600101880017,서울특별시 은평구 대조동,서울특별시 은평구 통일로73길 3-4 (대조동),근린생활1,제1종근린생활시설,1013120835,지번
1138010600101880028,서울특별시 은평구 대조동,서울특별시 은평구 통일로73길 5 (대조동),근린생활2,제2종근린생활시설,1013120845,지번
1138010400104020042,서울특별시 은평구 갈현동,서울특별시 은평구 연서로29길 22-38 (갈현동),근린생활2,제2종근린생활시설,1013114492,지번
1138010400104340038,서울특별시 은평구 갈현동,서울특별시 은평구 갈현로35길 12-8 (갈현동),근린생활1,제1종근린생활시설,1013115029,지번
1138010400104340004,서울특별시 은평구 갈현동,서울특별시 은평구 갈현로 277 (갈현동),근린생활2,제2종근린생활시설,1013115005,지번
1138010900103400004,서울특별시 은평구 신사동,서울특별시 은평구 증산로15가길 1 (신사동),근린생활1,제1종근린생활시설,1013136415,지번
1138011400103230018,서울특별시 은평구 진관동,서울특별시 은평구 북한산로 248-8 (진관동),근린생활2,제2종근린생활시설,1000000000000001211564,지번
1138010600101930009,서울특별시 은평구 대조동,서울특별시 은평구 연서로26길 27 (대조동),근린생활2,제2종근린생활시설,10131100213592,지번
1138010300102870001,서울특별시 은평구 불광동,서울특별시 은평구 통일로 804 (불광동),근린생활2,제2종근린생활시설,101317790,지번
1138010700106020031,서울특별시 은평구 응암동,서울특별시 은평구 응암로 174-1 (응암동),근린생활1,제1종근린생활시설,1013127160,지번
1138010400103930008,서울특별시 은평구 갈현동,서울특별시 은평구 통일로85길 6-14 (갈현동),근린생활2,제2종근린생활시설,1013114335,지번
1138010400103920008,서울특별시 은평구 갈현동,서울특별시 은평구 통일로 901 (갈현동),근린생활,근린생활시설,1013114302,지번
1138010400104110006,서울특별시 은평구 갈현동,서울특별시 은평구 통일로87길 18-8 (갈현동),근린생활,근린생활시설,1013114646,지번
1138010800100390047,서울특별시 은평구 역촌동,서울특별시 은평구 연서로2길 15-3 (역촌동),근린생활2,제2종근린생활시설,10131100218070,지번
1138010600102190007,서울특별시 은평구 대조동,서울특별시 은평구 연서로 196-1 (대조동),근린생활2,제2종근린생활시설,1013121542,지번
1138010800100020055,서울특별시 은평구 역촌동,서울특별시 은평구 역말로 101 (역촌동),근린생활1,제1종근린생활시설,1013130205,지번
1138010300100230011,서울특별시 은평구 불광동,서울특별시 은평구 불광로16길 29 (불광동),근린생활2,제2종근린생활시설,101316283,지번
1138010400104330036,서울특별시 은평구 갈현동,서울특별시 은평구 갈현로33길 10-1 (갈현동),근린생활2,제2종근린생활시설,1013115000,지번
1138010400104100001,서울특별시 은평구 갈현동,서울특별시 은평구 통일로87길 9 (갈현동),근린생활2,제2종근린생활시설,1013114622,지번
1138010200101200017,서울특별시 은평구 녹번동,서울특별시 은평구 녹번로9길 19 (녹번동),근린생활,근린생활시설,101314386,지번
1138010400103950013,서울특별시 은평구 갈현동,서울특별시 은평구 통일로 863-16 (갈현동),근린생활1,제1종근린생활시설,1013114374,지번
1138010400105160001,서울특별시 은평구 갈현동,서울특별시 은평구 갈현로29길 9 (갈현동),근린생활2,제2종근린생활시설,1013116249,지번
1138010700100960030,서울특별시 은평구 응암동,서울특별시 은평구 은평로12길 3 (응암동),근린생활2,제2종근린생활시설,10131100226321,지번
1138010900100120015,서울특별시 은평구 신사동,서울특별시 은평구 갈현로1길 24-1 (신사동),근린생활2,제2종근린생활시설,1013134167,지번
1138010200101360021,서울특별시 은평구 녹번동,서울특별시 은평구 녹번로3길 24-1 (녹번동),근린생활1,제1종근린생활시설,101314600,지번
1138010600100060009,서울특별시 은평구 대조동,서울특별시 은평구 통일로 739 (대조동),근린생활,근린생활시설,1013121735,지번
1138010400104250010,서울특별시 은평구 갈현동,서울특별시 은평구 통일로87길 17-8 (갈현동),근린생활1,제1종근린생활시설,1013114862,지번
1138010300104840079,서울특별시 은평구 불광동,서울특별시 은평구 통일로82길 21 (불광동),근린생활1,제1종근린생활시설,1013110452,지번
1138010800100100096,서울특별시 은평구 역촌동,서울특별시 은평구 역말로 57 (역촌동),근린생활1,제1종근린생활시설,1013130539,지번
1138010200101290015,서울특별시 은평구 녹번동,서울특별시 은평구 진흥로 172 (녹번동),근린생활2,제2종근린생활시설,101314454,지번
1138010400105030017,서울특별시 은평구 갈현동,서울특별시 은평구 갈현로 241 (갈현동),근린생활1,제1종근린생활시설,1013115981,지번
1138010300102810136,서울특별시 은평구 불광동,서울특별시 은평구 통일로66길 8 (불광동),근린생활1,제1종근린생활시설,101317696,지번
1138010300101890008,서울특별시 은평구 불광동,서울특별시 은평구 불광로18길 4 (불광동),근린생활1,제1종근린생활시설,101316967,지번
1138010400104600008,서울특별시 은평구 갈현동,서울특별시 은평구 연서로 209 (갈현동),근린생활1,제1종근린생활시설,1013115341,지번
1138010600102060012,서울특별시 은평구 대조동,서울특별시 은평구 통일로73길 31 (대조동),근린생활,근린생활시설,1013121244,지번
1138010900100380027,서울특별시 은평구 신사동,서울특별시 은평구 가좌로 300 (신사동),근린생활1,제1종근린생활시설,1013134933,지번
1138010400104600022,서울특별시 은평구 갈현동,서울특별시 은평구 연서로 201 (갈현동),근린생활1,제1종근린생활시설,1013115349,지번
1138010400101100022,서울특별시 은평구 갈현동,서울특별시 은평구 연서로27길 27-4 (갈현동),근린생활2,제2종근린생활시설,1013112714,지번
1138010900103350008,서울특별시 은평구 신사동,서울특별시 은평구 증산로 403 (신사동),근린생활2,제2종근린생활시설,1013136281,지번
1138010300102900016,서울특별시 은평구 불광동,서울특별시 은평구 통일로 808 (불광동),근린생활1,제1종근린생활시설,101317808,지번
1138010700100720003,서울특별시 은평구 응암동,서울특별시 은평구 은평로16길 8 (응암동),근린생활1,제1종근린생활시설,1013122966,지번
1138010400103940019,서울특별시 은평구 갈현동,서울특별시 은평구 통일로 879 (갈현동),근린생활1,제1종근린생활시설,1013117088,지번
1138010400104270026,서울특별시 은평구 갈현동,서울특별시 은평구 갈현로 290-1 (갈현동),근린생활1,제1종근린생활시설,1013114898,지번
1138010500100010017,서울특별시 은평구 구산동,서울특별시 은평구 연서로15길 4 (구산동),근린생활2,제2종근린생활시설,1013117613,지번
1138010400104280008,서울특별시 은평구 갈현동,서울특별시 은평구 갈현로 276 (갈현동),근린생활2,제2종근린생활시설,1013114910,지번
1138010700107510027,서울특별시 은평구 응암동,서울특별시 은평구 응암로12길 26-8 (응암동),근린생활1,제1종근린생활시설,1013128147,지번
1138010700104190100,서울특별시 은평구 응암동,서울특별시 은평구 응암로22길 21 (응암동),근린생활1,제1종근린생활시설,1013125996,지번
1138010200100350001,서울특별시 은평구 녹번동,서울특별시 은평구 통일로 641 (녹번동),근린생활1,제1종근린생활시설,101313507,지번
1138010400103260033,서울특별시 은평구 갈현동,서울특별시 은평구 서오릉로24길 5 (갈현동),근린생활2,제2종근린생활시설,10131100313714,지번
1138010400104350004,서울특별시 은평구 갈현동,서울특별시 은평구 갈현로 291 (갈현동),근린생활,근린생활시설,1013115035,지번
1138010600101920023,서울특별시 은평구 대조동,서울특별시 은평구 통일로73길 8 (대조동),근린생활1,제1종근린생활시설,1013120950,지번
1138010400104220006,서울특별시 은평구 갈현동,서울특별시 은평구 갈현로 309 (갈현동),근린생활1,제1종근린생활시설,1013114796,지번
1138010400104010004,서울특별시 은평구 갈현동,서울특별시 은평구 연서로29길 20-15 (갈현동),근린생활2,제2종근린생활시설,1013114448,지번
1138010400104090005,서울특별시 은평구 갈현동,서울특별시 은평구 통일로87길 5-10 (갈현동),근린생활2,제2종근린생활시설,1013114618,지번
1138010600100010006,서울특별시 은평구 대조동,서울특별시 은평구 통일로71길 26 (대조동),근린생활1,제1종근린생활시설,1013119155,지번
1138010400104890010,서울특별시 은평구 갈현동,서울특별시 은평구 연서로17길 43 (갈현동),근린생활1,제1종근린생활시설,1013115758,지번
1138010300103990001,서울특별시 은평구 불광동,서울특별시 은평구 연서로33길 30 (불광동),근린생활2,제2종근린생활시설,101319458,지번
1138010600100060005,서울특별시 은평구 대조동,서울특별시 은평구 통일로 741 (대조동),근린생활1,제1종근린생활시설,1013119229,지번
1138010400103930012,서울특별시 은평구 갈현동,서울특별시 은평구 통일로85길 6-4 (갈현동),근린생활2,제2종근린생활시설,1013114339,지번
1138010400104230010,서울특별시 은평구 갈현동,서울특별시 은평구 통일로89길 19 (갈현동),근린생활1,제1종근린생활시설,1013114830,지번
1138010700101150003,서울특별시 은평구 응암동,서울특별시 은평구 은평로8길 18 (응암동),근린생활2,제2종근린생활시설,1013123776,지번
1138010500100170001,서울특별시 은평구 구산동,서울특별시 은평구 연서로13길 19 (구산동),근린생활1,제1종근린생활시설,1013117911,지번
1138010600101900001,서울특별시 은평구 대조동,서울특별시 은평구 통일로73길 5-12 (대조동),근린생활1,제1종근린생활시설,1013120850,지번
1138010400104330001,서울특별시 은평구 갈현동,서울특별시 은평구 갈현로 269 (갈현동),근린생활2,제2종근린생활시설,1013114975,지번
1138010100103680025,서울특별시 은평구 수색동,서울특별시 은평구 수색로16길 5 (수색동),근린생활1,제1종근린생활시설,101312207,지번
1138010700105760033,서울특별시 은평구 응암동,서울특별시 은평구 응암로 218 (응암동),근린생활1,제1종근린생활시설,1013126291,지번
1138010900103440011,서울특별시 은평구 신사동,서울특별시 은평구 증산로15길 33-1 (신사동),근린생활1,제1종근린생활시설,1013136547,지번
1138010400104990019,서울특별시 은평구 갈현동,서울특별시 은평구 갈현로 230 (갈현동),근린생활1,제1종근린생활시설,1013115929,지번
1138010400104130011,서울특별시 은평구 갈현동,서울특별시 은평구 통일로87길 6-16 (갈현동),근린생활2,제2종근린생활시설,1013114682,지번
1138010900100400005,서울특별시 은평구 신사동,서울특별시 은평구 가좌로 313-1 (신사동),근린생활1,제1종근린생활시설,1013134961,지번
1138010400104220032,서울특별시 은평구 갈현동,서울특별시 은평구 갈현로41길 6 (갈현동),근린생활2,제2종근린생활시설,1013114821,지번
1138010400104000017,서울특별시 은평구 갈현동,서울특별시 은평구 연서로29길 20-16 (갈현동),근린생활2,제2종근린생활시설,1013114442,지번
1138010300104300005,서울특별시 은평구 불광동,서울특별시 은평구 연서로 297 (불광동),근린생활1,제1종근린생활시설,101319600,지번
1138010500100200042,서울특별시 은평구 구산동,서울특별시 은평구 연서로13길 9 (구산동),근린생활1,제1종근린생활시설,1013118033,지번
1138010300103140034,서울특별시 은평구 불광동,서울특별시 은평구 연서로 257 (불광동),근린생활1,제1종근린생활시설,101318524,지번
1138010600101870046,서울특별시 은평구 대조동,서울특별시 은평구 통일로 807 (대조동),근린생활2,제2종근린생활시설,1013120814,지번
1138011000101770009,서울특별시 은평구 증산동,서울특별시 은평구 증산로3길 6 (증산동),근린생활2,제2종근린생활시설,1013138059,지번
1138010700100980010,서울특별시 은평구 응암동,서울특별시 은평구 은평로12길 8-8 (응암동),근린생활,근린생활시설,1013123301,지번
1138010300104840012,서울특별시 은평구 불광동,서울특별시 은평구 통일로 890 (불광동),근린생활2,제2종근린생활시설,1013110418,지번
1138010400105050022,서울특별시 은평구 갈현동,서울특별시 은평구 갈현로 219 (갈현동),근린생활1,제1종근린생활시설,1013116056,지번
1138010400104270030,서울특별시 은평구 갈현동,서울특별시 은평구 갈현로 288-1 (갈현동),근린생활1,제1종근린생활시설,1013114902,지번
1138010400104110024,서울특별시 은평구 갈현동,서울특별시 은평구 통일로87길 12 (갈현동),근린생활1,제1종근린생활시설,1013114660,지번
1138010600101880026,서울특별시 은평구 대조동,서울특별시 은평구 통일로73길 5-13 (대조동),근린생활1,제1종근린생활시설,1013120843,지번
1138010300103010080,서울특별시 은평구 불광동,서울특별시 은평구 통일로78길 10 (불광동),근린생활2,제2종근린생활시설,101318180,지번
1138010800100090008,서울특별시 은평구 역촌동,서울특별시 은평구 연서로 90 (역촌동),근린생활1,제1종근린생활시설,1013130460,지번
1138010700100930005,서울특별시 은평구 응암동,서울특별시 은평구 은평로 182 (응암동),근린생활1,제1종근린생활시설,1013123213,지번
1138010300103140022,서울특별시 은평구 불광동,서울특별시 은평구 연서로 261-1 (불광동),근린생활1,제1종근린생활시설,101318517,지번
1138010600101850022,서울특별시 은평구 대조동,서울특별시 은평구 연서로 228 (대조동),근린생활1,제1종근린생활시설,1013120714,지번
1138010700104090039,서울특별시 은평구 응암동,서울특별시 은평구 응암로22길 23-1 (응암동),근린생활2,제2종근린생활시설,1013125857,지번
1138010300102810131,서울특별시 은평구 불광동,서울특별시 은평구 통일로66길 10-10 (불광동),근린생활2,제2종근린생활시설,10131100233011,지번
1138010300106130001,서울특별시 은평구 불광동,서울특별시 은평구 진흥로15길 10 (불광동),근린생활1,제1종근린생활시설,1013110810,지번
1138010300102810133,서울특별시 은평구 불광동,서울특별시 은평구 통일로66길 10-6 (불광동),근린생활2,제2종근린생활시설,10131100234725,지번
1138010800100510075,서울특별시 은평구 역촌동,서울특별시 은평구 갈현로12길 4 (역촌동),근린생활,근린생활시설,1013131893,지번
1138010600101930007,서울특별시 은평구 대조동,서울특별시 은평구 연서로26길 25-6 (대조동),근린생활2,제2종근린생활시설,10131100276654,지번
1138010900100390003,서울특별시 은평구 신사동,서울특별시 은평구 가좌로 299 (신사동),근린생활2,제2종근린생활시설,1013134939,지번
1138010400104550008,서울특별시 은평구 갈현동,서울특별시 은평구 연서로27길 8-5 (갈현동),근린생활1,제1종근린생활시설,1013115301,지번
1138010400104540005,서울특별시 은평구 갈현동,서울특별시 은평구 연서로29길 11 (갈현동),근린생활1,제1종근린생활시설,1013115272,지번
1138010400104010014,서울특별시 은평구 갈현동,서울특별시 은평구 연서로29길 20-5 (갈현동),근린생활2,제2종근린생활시설,1013114452,지번
1138010600100800002,서울특별시 은평구 대조동,서울특별시 은평구 통일로69길 16 (대조동),근린생활1,제1종근린생활시설,1013120074,지번
1138010200100010065,서울특별시 은평구 녹번동,서울특별시 은평구 진흥로 272-15 (녹번동),근린생활2,제2종근린생활시설,101312686,지번
1138010700100840007,서울특별시 은평구 응암동,서울특별시 은평구 은평로 173 (응암동),근린생활,근린생활시설,1013123063,지번
1138010700107470010,서울특별시 은평구 응암동,서울특별시 은평구 가좌로 175 (응암동),근린생활2,제2종근린생활시설,1013128069,지번
1138010800100140010,서울특별시 은평구 역촌동,서울특별시 은평구 역말로 100 (역촌동),근린생활1,제1종근린생활시설,1013130672,지번
1138010600100290020,서울특별시 은평구 대조동,서울특별시 은평구 진흥로13가길 2 (대조동),근린생활1,제1종근린생활시설,1013119510,지번
1138010600102010008,서울특별시 은평구 대조동,서울특별시 은평구 연서로26길 16-1 (대조동),근린생활1,단독주택,1000000000000006613134,지번
1138010800100370016,서울특별시 은평구 역촌동,서울특별시 은평구 연서로4길 10 (역촌동),근린생활2,제2종근린생활시설,1013131490,지번
1138010400103990014,서울특별시 은평구 갈현동,서울특별시 은평구 연서로29길 12 (갈현동),근린생활2,제2종근린생활시설,1013114417,지번
1138010800100330001,서울특별시 은평구 역촌동,서울특별시 은평구 진흥로1길 37 (역촌동),근린생활1,제1종근린생활시설,1013131359,지번
1138010400104530025,서울특별시 은평구 갈현동,서울특별시 은평구 연서로27길 16-11 (갈현동),근린생활2,제2종근린생활시설,1013115268,지번
1138010400104530018,서울특별시 은평구 갈현동,서울특별시 은평구 연서로27길 20-6 (갈현동),근린생활2,제2종근린생활시설,10131100217769,지번
1138010200101620004,서울특별시 은평구 녹번동,서울특별시 은평구 진흥로 84 (녹번동),근린생활2,제2종근린생활시설,101315089,지번
1138010400105060043,서울특별시 은평구 갈현동,서울특별시 은평구 갈현로 207 (갈현동),근린생활1,제1종근린생활시설,1013116089,지번
1138010400104530003,서울특별시 은평구 갈현동,서울특별시 은평구 연서로29길 17 (갈현동),근린생활2,제2종근린생활시설,1013115249,지번
1138010400104030038,서울특별시 은평구 갈현동,서울특별시 은평구 통일로83길 11-6 (갈현동),근린생활2,제2종근린생활시설,1013114524,지번
1138010700105930024,서울특별시 은평구 응암동,서울특별시 은평구 불광천길 300 (응암동),근린생활2,제2종근린생활시설,1013126842,지번
1138010700105930024,서울특별시 은평구 응암동,서울특별시 은평구 불광천길 300 (응암동),근린생활2,종교시설,1013126843,지번
1138010400103990004,서울특별시 은평구 갈현동,서울특별시 은평구 연서로29길 14-10 (갈현동),근린생활1,제1종근린생활시설,1013114404,지번
1138010400103990003,서울특별시 은평구 갈현동,서울특별시 은평구 연서로29길 8-5 (갈현동),근린생활1,제1종근린생활시설,1013114403,지번
1138010400104000009,서울특별시 은평구 갈현동,서울특별시 은평구 연서로29길 14-5 (갈현동),근린생활2,제2종근린생활시설,1013114435,지번
1138010400104950007,서울특별시 은평구 갈현동,서울특별시 은평구 갈현로 210 (갈현동),근린생활2,제2종근린생활시설,1013115865,지번
1138011000102230009,서울특별시 은평구 증산동,서울특별시 은평구 수색로 199 (증산동),근린생활2,제2종근린생활시설,1013138742,지번
1138010700105940002,서울특별시 은평구 응암동,서울특별시 은평구 응암로 161 (응암동),근린생활2,제2종근린생활시설,1013126854,지번
1138010200101170066,서울특별시 은평구 녹번동,서울특별시 은평구 녹번로 70 (녹번동),근린생활1,제1종근린생활시설,101314298,지번
1138010600101850040,서울특별시 은평구 대조동,서울특별시 은평구 연서로 230-4 (대조동),근린생활,근린생활시설,1013120726,지번
1138010100103670004,서울특별시 은평구 수색동,서울특별시 은평구 수색로16길 7-2 (수색동),근린생활1,제1종근린생활시설,101312165,지번
1138010200101310157,서울특별시 은평구 녹번동,서울특별시 은평구 진흥로 158 (녹번동),근린생활2,제2종근린생활시설,101314513,지번
1138010400105050004,서울특별시 은평구 갈현동,서울특별시 은평구 갈현로 215 (갈현동),근린생활2,제2종근린생활시설,1013116043,지번
1138010600102010019,서울특별시 은평구 대조동,서울특별시 은평구 연서로26길 14 (대조동),근린생활2,제2종근린생활시설,1013121133,지번
1138010400104520023,서울특별시 은평구 갈현동,서울특별시 은평구 연서로29길 21-4 (갈현동),근린생활2,제2종근린생활시설,1013115237,지번
1138010400103940009,서울특별시 은평구 갈현동,서울특별시 은평구 통일로85길 3 (갈현동),근린생활2,제2종근린생활시설,1013114353,지번
1138010300104810088,서울특별시 은평구 불광동,서울특별시 은평구 통일로 914 (불광동),근린생활1,제1종근린생활시설,1013110404,지번
1138010700101190012,서울특별시 은평구 응암동,서울특별시 은평구 응암로 265 (응암동),근린생활1,제1종근린생활시설,1013123872,지번
1138010400105130001,서울특별시 은평구 갈현동,서울특별시 은평구 갈현로25길 11-8 (갈현동),근린생활1,제1종근린생활시설,1013116204,지번
1138011000101910017,서울특별시 은평구 증산동,서울특별시 은평구 증산로9길 18 (증산동),근린생활2,제2종근린생활시설,1013138279,지번
1138010400104020010,서울특별시 은평구 갈현동,서울특별시 은평구 통일로83길 17-26 (갈현동),근린생활2,제2종근린생활시설,1013114463,지번
1138010400104000011,서울특별시 은평구 갈현동,서울특별시 은평구 통일로 863-11 (갈현동),근린생활1,제1종근린생활시설,1013114436,지번
1138010900100180044,서울특별시 은평구 신사동,서울특별시 은평구 가좌로12길 20-29 (신사동),근린생활1,제1종근린생활시설,1013134318,지번
1138010300104840157,서울특별시 은평구 불광동,서울특별시 은평구 통일로88길 8 (불광동),근린생활,근린생활시설,1013110486,지번
1138010600102090001,서울특별시 은평구 대조동,서울특별시 은평구 역말로9길 37-23 (대조동),근린생활1,제1종근린생활시설,1013121278,지번
1138010800100130040,서울특별시 은평구 역촌동,서울특별시 은평구 역말로 77 (역촌동),근린생활2,제2종근린생활시설,1013130650,지번
1138010300103530051,서울특별시 은평구 불광동,서울특별시 은평구 연서로 276 (불광동),근린생활2,제2종근린생활시설,101319022,지번
1138010800100010049,서울특별시 은평구 역촌동,서울특별시 은평구 연서로16길 3 (역촌동),근린생활2,제2종근린생활시설,1013132962,지번
1138010400104020013,서울특별시 은평구 갈현동,서울특별시 은평구 통일로83길 17-24 (갈현동),근린생활2,제2종근린생활시설,1013114466,지번
1138010400104520031,서울특별시 은평구 갈현동,서울특별시 은평구 연서로29길 23 (갈현동),근린생활2,제2종근린생활시설,1013115245,지번
1138010600102120053,서울특별시 은평구 대조동,서울특별시 은평구 연서로18길 9-1 (대조동),근린생활2,제2종근린생활시설,1013121401,지번
1138010600100480001,서울특별시 은평구 대조동,서울특별시 은평구 서오릉로10길 21 (대조동),근린생활1,제1종근린생활시설,1013119710,지번
1138010700101100009,서울특별시 은평구 응암동,서울특별시 은평구 은평로 108 (응암동),근린생활1,제1종근린생활시설,1013128696,지번
1138010400104980007,서울특별시 은평구 갈현동,서울특별시 은평구 연서로17길 45-1 (갈현동),근린생활1,제1종근린생활시설,1013115914,지번
1138010400104990021,서울특별시 은평구 갈현동,서울특별시 은평구 갈현로 228-1 (갈현동),근린생활1,제1종근린생활시설,1013115930,지번
1138010900103490020,서울특별시 은평구 신사동,서울특별시 은평구 증산로17가길 1 (신사동),근린생활2,제2종근린생활시설,1013136584,지번
1138010500102020012,서울특별시 은평구 구산동,서울특별시 은평구 서오릉로 207 (구산동),근린생활2,제2종근린생활시설,1013118537,지번
1138010900102280005,서울특별시 은평구 신사동,서울특별시 은평구 가좌로 331 (신사동),근린생활1,제1종근린생활시설,1013135446,지번
1138010900100400023,서울특별시 은평구 신사동,서울특별시 은평구 은평터널로 194 (신사동),근린생활1,제1종근린생활시설,1013134968,지번
1138010900101910004,서울특별시 은평구 신사동,서울특별시 은평구 은평터널로 143-2 (신사동),근린생활1,제1종근린생활시설,1013135293,지번
1138010400105120015,서울특별시 은평구 갈현동,서울특별시 은평구 갈현로23길 8-1 (갈현동),근린생활2,제2종근린생활시설,1013116192,지번
1138010600101850013,서울특별시 은평구 대조동,서울특별시 은평구 통일로 839-3 (대조동),근린생활2,제2종근린생활시설,1013120708,지번
1138010600102080007,서울특별시 은평구 대조동,서울특별시 은평구 역말로9길 29-1 (대조동),근린생활2,제2종근린생활시설,1013121262,지번
1138010800100350013,서울특별시 은평구 역촌동,서울특별시 은평구 연서로 52 (역촌동),근린생활2,제2종근린생활시설,1013131419,지번
1138010200101620032,서울특별시 은평구 녹번동,서울특별시 은평구 진흥로 74 (녹번동),근린생활2,제2종근린생활시설,101315111,지번
1138010500100170026,서울특별시 은평구 구산동,서울특별시 은평구 연서로13길 27-1 (구산동),근린생활1,제1종근린생활시설,1013117936,지번
1138010800100840026,서울특별시 은평구 역촌동,서울특별시 은평구 은평로3길 13 (역촌동),근린생활2,제2종근린생활시설,1013132773,지번
1138010700100780002,서울특별시 은평구 응암동,서울특별시 은평구 은평로 198 (응암동),근린생활,근린생활시설,1013123001,지번
1138010300103140023,서울특별시 은평구 불광동,서울특별시 은평구 연서로31길 4 (불광동),근린생활1,제1종근린생활시설,101318518,지번
1138010700106950020,서울특별시 은평구 응암동,서울특별시 은평구 가좌로7길 38-1 (응암동),근린생활,근린생활시설,1013127658,지번
1138010600100010003,서울특별시 은평구 대조동,서울특별시 은평구 통일로71길 24 (대조동),근린생활,근린생활시설,1013119154,지번
1138010700105890012,서울특별시 은평구 응암동,서울특별시 은평구 가좌로 239 (응암동),근린생활1,제1종근린생활시설,1013126698,지번
1138010700105980018,서울특별시 은평구 응암동,서울특별시 은평구 응암로11길 3 (응암동),근린생활2,제2종근린생활시설,1013127011,지번
1138010600101850021,서울특별시 은평구 대조동,서울특별시 은평구 연서로 230 (대조동),근린생활2,제2종근린생활시설,1013120713,지번
1138010400104610030,서울특별시 은평구 갈현동,서울특별시 은평구 연서로 191 (갈현동),근린생활2,제2종근린생활시설,1013115387,지번
1138010600100380014,서울특별시 은평구 대조동,서울특별시 은평구 진흥로 127 (대조동),근린생활1,제1종근린생활시설,1013119619,지번
1138010800100170016,서울특별시 은평구 역촌동,서울특별시 은평구 진흥로 99 (역촌동),근린생활2,제2종근린생활시설,1013130785,지번
1138010800100170324,서울특별시 은평구 역촌동,서울특별시 은평구 진흥로9길 8-17 (역촌동),근린생활2,제2종근린생활시설,1013130812,지번
1138010600100270003,서울특별시 은평구 대조동,서울특별시 은평구 진흥로13가길 8-11 (대조동),근린생활2,제2종근린생활시설,10131100229743,지번
1138010500100180032,서울특별시 은평구 구산동,서울특별시 은평구 연서로11길 30-2 (구산동),근린생활2,제2종근린생활시설,1013117976,지번
1138010700100890037,서울특별시 은평구 응암동,서울특별시 은평구 은평로9길 3-3 (응암동),근린생활,근린생활시설,1013123191,지번
1138010600102200032,서울특별시 은평구 대조동,서울특별시 은평구 연서로 176-1 (대조동),근린생활1,제1종근린생활시설,1013121589,지번
1138010600101920005,서울특별시 은평구 대조동,서울특별시 은평구 통일로75길 17 (대조동),근린생활2,제2종근린생활시설,1013120936,지번
1138010800100140042,서울특별시 은평구 역촌동,서울특별시 은평구 역말로 96 (역촌동),근린생활1,제1종근린생활시설,1013130690,지번
1138010500100210049,서울특별시 은평구 구산동,서울특별시 은평구 연서로 95-1 (구산동),근린생활1,제1종근린생활시설,1013118062,지번
1138010600100150134,서울특별시 은평구 대조동,서울특별시 은평구 진흥로 175 (대조동),근린생활2,제2종근린생활시설,1013119453,지번
1138011400102660029,서울특별시 은평구 진관동,서울특별시 은평구 대서문길 53 (진관동),근린생활2,제2종근린생활시설,10131100205184,지번
1138010800100620026,서울특별시 은평구 역촌동,서울특별시 은평구 연서로 59 (역촌동),근린생활1,창고시설,1013132143,지번
1138010800100620026,서울특별시 은평구 역촌동,서울특별시 은평구 연서로 59 (역촌동),근린생활1,제1종근린생활시설,1013132144,지번
1138010800100140048,서울특별시 은평구 역촌동,서울특별시 은평구 서오릉로9길 8 (역촌동),근린생활1,제2종근린생활시설,1000000000000006971530,지번
1138010800100140048,서울특별시 은평구 역촌동,서울특별시 은평구 서오릉로9길 8 (역촌동),근린생활1,제2종근린생활시설,1000000000000006971531,지번
1138010700103970213,서울특별시 은평구 응암동,서울특별시 은평구 응암로22길 12-1 (응암동),근린생활1,제1종근린생활시설,1013125731,지번
1138010700101190025,서울특별시 은평구 응암동,서울특별시 은평구 응암로 257 (응암동),근린생활2,제2종근린생활시설,1013123880,지번
1138010400104960014,서울특별시 은평구 갈현동,서울특별시 은평구 연서로21길 35-1 (갈현동),근린생활1,제1종근린생활시설,1013115892,지번
1138010600100480040,서울특별시 은평구 대조동,서울특별시 은평구 서오릉로 122 (대조동),근린생활2,제2종근린생활시설,1013119738,지번
1138010300102850027,서울특별시 은평구 불광동,서울특별시 은평구 통일로 710 (불광동),근린생활1,제1종근린생활시설,101317757,지번
1138010800100050057,서울특별시 은평구 역촌동,서울특별시 은평구 연서로14길 17 (역촌동),근린생활2,제2종근린생활시설,1013130366,지번
1138010500100210048,서울특별시 은평구 구산동,서울특별시 은평구 연서로 97 (구산동),근린생활2,제2종근린생활시설,1013118061,지번
1138010800100010059,서울특별시 은평구 역촌동,서울특별시 은평구 서오릉로 127 (역촌동),근린생활2,제2종근린생활시설,1013130162,지번
1138010400104950015,서울특별시 은평구 갈현동,서울특별시 은평구 연서로21길 34 (갈현동),근린생활2,제2종근린생활시설,1013115871,지번
1138010500100090030,서울특별시 은평구 구산동,서울특별시 은평구 연서로13길 30 (구산동),근린생활2,제2종근린생활시설,1013117744,지번
1138010300102810165,서울특별시 은평구 불광동,서울특별시 은평구 통일로66길 4-12 (불광동),근린생활2,제2종근린생활시설,101317719,지번
1138010400104540011,서울특별시 은평구 갈현동,서울특별시 은평구 연서로29길 11-8 (갈현동),근린생활2,제2종근린생활시설,1013115278,지번
1138010800100420060,서울특별시 은평구 역촌동,서울특별시 은평구 진흥로1길 2 (역촌동),근린생활1,제1종근린생활시설,1013131629,지번
1138010200101570035,서울특별시 은평구 녹번동,서울특별시 은평구 은평로11길 26 (녹번동),근린생활1,제1종근린생활시설,101315007,지번
1138010200101550003,서울특별시 은평구 녹번동,서울특별시 은평구 서오릉로 29-7 (녹번동),근린생활2,제2종근린생활시설,101314923,지번
1138011400103000006,서울특별시 은평구 진관동,서울특별시 은평구 북한산로 276 (진관동),근린생활2,제2종근린생활시설,1013139858,지번
1138011400102780026,서울특별시 은평구 진관동,서울특별시 은평구 대서문길 25-12 (진관동),근린생활2,제2종근린생활시설,10131100213591,지번
1138010400104930017,서울특별시 은평구 갈현동,서울특별시 은평구 연서로21길 32-14 (갈현동),근린생활2,제2종근린생활시설,1013115838,지번
1138010600101900030,서울특별시 은평구 대조동,서울특별시 은평구 역말로9길 22 (대조동),근린생활1,제1종근린생활시설,1013120870,지번
1138010800100080041,서울특별시 은평구 역촌동,서울특별시 은평구 연서로 96 (역촌동),근린생활1,제1종근린생활시설,1013130436,지번
1138010400104920026,서울특별시 은평구 갈현동,서울특별시 은평구 연서로21길 29 (갈현동),근린생활2,제2종근린생활시설,1013115819,지번
1138010300102390007,서울특별시 은평구 불광동,서울특별시 은평구 불광로 109 (불광동),근린생활2,제2종근린생활시설,101317228,지번
1138010600101980025,서울특별시 은평구 대조동,서울특별시 은평구 연서로26길 3 (대조동),근린생활2,제2종근린생활시설,1013121066,지번
1138010300101410002,서울특별시 은평구 불광동,서울특별시 은평구 연서로34길 23 (불광동),근린생활2,제2종근린생활시설,101316726,지번
1138010300103100157,서울특별시 은평구 불광동,,근린생활1,제1종근린생활시설,101318324,지번
1138010300103100157,서울특별시 은평구 불광동,,근린생활1,제1종근린생활시설,101318325,지번
1138010300103100157,서울특별시 은평구 불광동,,근린생활1,제1종근린생활시설,101318326,지번
1138010600102090026,서울특별시 은평구 대조동,서울특별시 은평구 역말로9가길 2 (대조동),근린생활1,제1종근린생활시설,1013121292,지번
1138010100103180002,서울특별시 은평구 수색동,서울특별시 은평구 수색로 328 (수색동),근린생활2,제2종근린생활시설,101311630,지번
1138010900100190117,서울특별시 은평구 신사동,서울특별시 은평구 가좌로 342 (신사동),근린생활2,공동주택,1013136868,지번
1138010900100190117,서울특별시 은평구 신사동,서울특별시 은평구 가좌로 342 (신사동),근린생활2,제2종근린생활시설,1013136869,지번
1138010800100010045,서울특별시 은평구 역촌동,서울특별시 은평구 연서로 132 (역촌동),근린생활2,제2종근린생활시설,1013130158,지번
1138010400104610034,서울특별시 은평구 갈현동,서울특별시 은평구 연서로 187-1 (갈현동),근린생활2,제2종근린생활시설,1013115388,지번
1138010300102990003,서울특별시 은평구 불광동,서울특별시 은평구 통일로78길 13 (불광동),근린생활2,제2종근린생활시설,101318138,지번
1138010700100850029,서울특별시 은평구 응암동,서울특별시 은평구 은평로11길 12-24 (응암동),근린생활,근린생활시설,1013123096,지번
1138010900101850005,서울특별시 은평구 신사동,서울특별시 은평구 은평터널로 132 (신사동),근린생활1,제1종근린생활시설,1013135266,지번
1138010800100170012,서울특별시 은평구 역촌동,서울특별시 은평구 진흥로 99-4 (역촌동),근린생활2,제2종근린생활시설,1013130783,지번
1138010900103380072,서울특별시 은평구 신사동,서울특별시 은평구 증산로17길 9 (신사동),근린생활1,제1종근린생활시설,1013136389,지번
1138010800100450029,서울특별시 은평구 역촌동,서울특별시 은평구 역말로 43 (역촌동),근린생활,근린생활시설,1013131708,지번
1138010200100800010,서울특별시 은평구 녹번동,서울특별시 은평구 서오릉로 56 (녹번동),근린생활1,제1종근린생활시설,101313824,지번
1138010600100430006,서울특별시 은평구 대조동,서울특별시 은평구 진흥로 121-3 (대조동),근린생활1,제1종근린생활시설,1013119672,지번
1138010400105010003,서울특별시 은평구 갈현동,서울특별시 은평구 연서로27길 29 (갈현동),근린생활2,제2종근린생활시설,1013115939,지번
1138010800100420047,서울특별시 은평구 역촌동,서울특별시 은평구 진흥로 43 (역촌동),근린생활2,제2종근린생활시설,1013131625,지번
1138010500100260050,서울특별시 은평구 구산동,서울특별시 은평구 갈현로 123 (구산동),근린생활1,제1종근린생활시설,1013118201,지번
1138010400104910022,서울특별시 은평구 갈현동,서울특별시 은평구 연서로17길 38 (갈현동),근린생활,근린생활시설,1013115801,지번
1138010600101720079,서울특별시 은평구 대조동,서울특별시 은평구 역말로 113 (대조동),근린생활2,제2종근린생활시설,1013120627,지번
1138010700105770004,서울특별시 은평구 응암동,서울특별시 은평구 응암로 219 (응암동),근린생활1,제1종근린생활시설,1013126300,지번
1138010800100440020,서울특별시 은평구 역촌동,서울특별시 은평구 연서로2길 4 (역촌동),근린생활2,제2종근린생활시설,10131100222690,지번
1138010600100890007,서울특별시 은평구 대조동,서울특별시 은평구 역말로 141 (대조동),근린생활1,제1종근린생활시설,1013120290,지번
1138010400104300007,서울특별시 은평구 갈현동,서울특별시 은평구 연서로29길 30-19 (갈현동),근린생활2,제2종근린생활시설,1013114939,지번
1138010600102190027,서울특별시 은평구 대조동,서울특별시 은평구 연서로 190-1 (대조동),근린생활1,제1종근린생활시설,1013121558,지번
1138010400104610035,서울특별시 은평구 갈현동,서울특별시 은평구 연서로 187 (갈현동),근린생활2,제2종근린생활시설,10131100188956,지번
1138010300103140001,서울특별시 은평구 불광동,서울특별시 은평구 연서로 267 (불광동),근린생활2,제2종근린생활시설,101318508,지번
1138010700100870037,서울특별시 은평구 응암동,서울특별시 은평구 은평로11길 3 (응암동),근린생활2,제2종근린생활시설,1013123152,지번
1138010300102810116,서울특별시 은평구 불광동,서울특별시 은평구 진흥로15길 13-1 (불광동),근린생활2,제2종근린생활시설,10131100228385,지번
1138010200100980026,서울특별시 은평구 녹번동,서울특별시 은평구 녹번로 41 (녹번동),근린생활1,제1종근린생활시설,101314049,지번
1138010200101410039,서울특별시 은평구 녹번동,서울특별시 은평구 진흥로 130 (녹번동),근린생활,근린생활시설,101314660,지번
1138010800100130054,서울특별시 은평구 역촌동,서울특별시 은평구 역말로 71 (역촌동),근린생활2,제2종근린생활시설,1013130664,지번
1138010600101960018,서울특별시 은평구 대조동,서울특별시 은평구 연서로26길 9-6 (대조동),근린생활2,제2종근린생활시설,1013121033,지번
1138010400104490021,서울특별시 은평구 갈현동,서울특별시 은평구 갈현로33길 7-1 (갈현동),근린생활1,제1종근린생활시설,1013115172,지번
1138010400104510006,서울특별시 은평구 갈현동,서울특별시 은평구 갈현로 256 (갈현동),근린생활1,제1종근린생활시설,1013115200,지번
1138010400104510022,서울특별시 은평구 갈현동,서울특별시 은평구 연서로29길 37 (갈현동),근린생활,근린생활시설,1013115220,지번
1138010200101620005,서울특별시 은평구 녹번동,서울특별시 은평구 응암로 369 (녹번동),근린생활1,제1종근린생활시설,101315090,지번
1138010400102590012,서울특별시 은평구 갈현동,서울특별시 은평구 갈현로33길 31 (갈현동),근린생활2,제2종근린생활시설,1013112962,지번
1138010800100080029,서울특별시 은평구 역촌동,서울특별시 은평구 연서로 108 (역촌동),근린생활2,제2종근린생활시설,1013130429,지번
1138010700105780097,서울특별시 은평구 응암동,서울특별시 은평구 응암로21길 1-3 (응암동),근린생활2,제2종근린생활시설,1013126400,지번
1138010700100870030,서울특별시 은평구 응암동,서울특별시 은평구 응암로 340 (응암동),근린생활2,제2종근린생활시설,1013123149,지번
1138010400104890006,서울특별시 은평구 갈현동,서울특별시 은평구 연서로17길 41 (갈현동),근린생활1,제1종근린생활시설,1013115754,지번
1138010700100980048,서울특별시 은평구 응암동,서울특별시 은평구 은평로 144 (응암동),근린생활2,제2종근린생활시설,1013123319,지번
1138010300103170001,서울특별시 은평구 불광동,서울특별시 은평구 연서로 266-1 (불광동),근린생활1,제1종근린생활시설,101318530,지번
1138010900100200011,서울특별시 은평구 신사동,서울특별시 은평구 은평로 23 (신사동),근린생활2,제2종근린생활시설,1013134419,지번
1138010300102390021,서울특별시 은평구 불광동,서울특별시 은평구 불광로 103 (불광동),근린생활1,제1종근린생활시설,101317234,지번
1138010400105060033,서울특별시 은평구 갈현동,서울특별시 은평구 갈현로 199 (갈현동),근린생활2,제2종근린생활시설,1013116082,지번
1138010400105060003,서울특별시 은평구 갈현동,서울특별시 은평구 갈현로23길 5-1 (갈현동),근린생활1,제1종근린생활시설,1013116059,지번
1138010300104300004,서울특별시 은평구 불광동,서울특별시 은평구 연서로 297-1 (불광동),근린생활2,제2종근린생활시설,10131100263178,지번
1138010300103260010,서울특별시 은평구 불광동,서울특별시 은평구 통일로78길 19 (불광동),근린생활2,제2종근린생활시설,101318596,지번
1138010300103650002,서울특별시 은평구 불광동,서울특별시 은평구 연서로33길 8 (불광동),근린생활2,제2종근린생활시설,101319129,지번
1138010800100560003,서울특별시 은평구 역촌동,서울특별시 은평구 역말로4길 4-1 (역촌동),근린생활1,제1종근린생활시설,1013131984,지번
1138010800100430003,서울특별시 은평구 역촌동,서울특별시 은평구 연서로2길 20 (역촌동),근린생활1,제1종근린생활시설,1013131634,지번
1138010700100980004,서울특별시 은평구 응암동,서울특별시 은평구 은평로12길 4 (응암동),근린생활1,제1종근린생활시설,1013123296,지번
1138010900100130027,서울특별시 은평구 신사동,서울특별시 은평구 갈현로3길 10 (신사동),근린생활1,제1종근린생활시설,1013134186,지번
1138010500101990004,서울특별시 은평구 구산동,서울특별시 은평구 서오릉로 189 (구산동),근린생활1,제1종근린생활시설,1013118509,지번
1138010400104640014,서울특별시 은평구 갈현동,서울특별시 은평구 연서로 157 (갈현동),근린생활1,제1종근린생활시설,1013115427,지번
1138010400104990029,서울특별시 은평구 갈현동,서울특별시 은평구 갈현로 224 (갈현동),근린생활1,제1종근린생활시설,1013115933,지번
1138010400105120011,서울특별시 은평구 갈현동,서울특별시 은평구 갈현로23길 10 (갈현동),근린생활1,제1종근린생활시설,1013116188,지번
1138010600101970012,서울특별시 은평구 대조동,서울특별시 은평구 연서로26길 7 (대조동),근린생활2,제2종근린생활시설,1013121047,지번
1138010800100510006,서울특별시 은평구 역촌동,서울특별시 은평구 역말로 19 (역촌동),근린생활2,제2종근린생활시설,1013131868,지번
1138011400103220006,서울특별시 은평구 진관동,서울특별시 은평구 북한산로 245 (진관동),근린생활2,제2종근린생활시설,1013139908,지번
1138010700105760011,서울특별시 은평구 응암동,서울특별시 은평구 응암로 238 (응암동),근린생활,근린생활시설,1013126283,지번
1138010700100860037,서울특별시 은평구 응암동,서울특별시 은평구 은평로 155 (응암동),근린생활1,제1종근린생활시설,1013123129,지번
1138010300103190001,서울특별시 은평구 불광동,서울특별시 은평구 연서로 264 (불광동),근린생활1,제1종근린생활시설,101318534,지번
1138010300103190001,서울특별시 은평구 불광동,서울특별시 은평구 연서로 264 (불광동),근린생활1,제1종근린생활시설,101318535,지번
1138010300103670019,서울특별시 은평구 불광동,서울특별시 은평구 연서로 269-13 (불광동),근린생활,근린생활시설,101319150,지번
1138010500100090010,서울특별시 은평구 구산동,서울특별시 은평구 서오릉로11길 28 (구산동),근린생활2,제2종근린생활시설,1013117730,지번
1138010400103900001,서울특별시 은평구 갈현동,서울특별시 은평구 통일로 937 (갈현동),근린생활2,제2종근린생활시설,1013114260,지번
1138010400103990017,서울특별시 은평구 갈현동,서울특별시 은평구 연서로29길 10-2 (갈현동),근린생활,근린생활시설,1013114419,지번
1138010400104560007,서울특별시 은평구 갈현동,서울특별시 은평구 연서로29길 7-3 (갈현동),근린생활1,제1종근린생활시설,1013115318,지번
1138010700101110066,서울특별시 은평구 응암동,서울특별시 은평구 은평로 90-1 (응암동),근린생활2,제2종근린생활시설,10131100215712,지번
1138010800100350015,서울특별시 은평구 역촌동,서울특별시 은평구 연서로 50 (역촌동),근린생활1,제1종근린생활시설,1013131421,지번
1138010600101990001,서울특별시 은평구 대조동,서울특별시 은평구 연서로26길 4 (대조동),근린생활2,제2종근린생활시설,1013121070,지번
1138010700100980015,서울특별시 은평구 응암동,서울특별시 은평구 은평로 154 (응암동),근린생활2,제2종근린생활시설,1013123304,지번
1138010500100020024,서울특별시 은평구 구산동,서울특별시 은평구 서오릉로 149-20 (구산동),근린생활1,제1종근린생활시설,1013117635,지번
1138010600101970015,서울특별시 은평구 대조동,서울특별시 은평구 연서로26길 3-6 (대조동),근린생활1,제1종근린생활시설,1013121049,지번
1138010600100680001,서울특별시 은평구 대조동,서울특별시 은평구 역말로10길 30 (대조동),근린생활2,제2종근린생활시설,1013119945,지번
1138010400104530007,서울특별시 은평구 갈현동,서울특별시 은평구 연서로29길 17-6 (갈현동),근린생활2,제2종근린생활시설,1013115252,지번
1138010400105070015,서울특별시 은평구 갈현동,서울특별시 은평구 갈현로19길 5-13 (갈현동),근린생활1,제1종근린생활시설,1013116105,지번
1138010400105060015,서울특별시 은평구 갈현동,서울특별시 은평구 갈현로 205 (갈현동),근린생활1,제1종근린생활시설,1013116066,지번
1138010300104840113,서울특별시 은평구 불광동,서울특별시 은평구 통일로 896-1 (불광동),근린생활2,제2종근린생활시설,1013110470,지번
1138010700100980025,서울특별시 은평구 응암동,서울특별시 은평구 은평로 152 (응암동),근린생활1,제1종근린생활시설,1013123307,지번
1138010300102790003,서울특별시 은평구 불광동,서울특별시 은평구 불광로 65 (불광동),근린생활1,제1종근린생활시설,1013111451,지번
1138010200101590029,서울특별시 은평구 녹번동,서울특별시 은평구 은평로11길 25-16 (녹번동),근린생활1,제1종근린생활시설,101315052,지번
1138010300103050009,서울특별시 은평구 불광동,서울특별시 은평구 통일로78길 11-7 (불광동),근린생활2,업무시설,10131100278594,본번
1138010600102220010,서울특별시 은평구 대조동,서울특별시 은평구 연서로 170 (대조동),근린생활1,제1종근린생활시설,1013121642,지번
1138010700105890038,서울특별시 은평구 응암동,서울특별시 은평구 가좌로 235 (응암동),근린생활1,제1종근린생활시설,1013126712,지번
1138010500100210028,서울특별시 은평구 구산동,서울특별시 은평구 연서로 101 (구산동),근린생활2,제2종근린생활시설,1013118051,지번
1138010600101970013,서울특별시 은평구 대조동,서울특별시 은평구 연서로26길 5 (대조동),근린생활1,제1종근린생활시설,1013121048,지번
1138010800100090007,서울특별시 은평구 역촌동,서울특별시 은평구 연서로 92 (역촌동),근린생활2,제2종근린생활시설,1013130459,지번
1138010400104530014,서울특별시 은평구 갈현동,서울특별시 은평구 연서로29길 17-4 (갈현동),근린생활1,제1종근린생활시설,1013115259,지번
1138010400104510003,서울특별시 은평구 갈현동,서울특별시 은평구 갈현로 256-1 (갈현동),근린생활2,제2종근린생활시설,1013115197,지번
1138010500100170011,서울특별시 은평구 구산동,서울특별시 은평구 연서로13길 23 (구산동),근린생활2,제2종근린생활시설,1013117922,지번
1138010400104120003,서울특별시 은평구 갈현동,서울특별시 은평구 통일로87길 6-5 (갈현동),근린생활2,제2종근린생활시설,1013114664,지번
1138010700106020032,서울특별시 은평구 응암동,서울특별시 은평구 응암로 174 (응암동),근린생활,근린생활시설,1013127161,지번
1138010900103390014,서울특별시 은평구 신사동,서울특별시 은평구 증산로15길 10 (신사동),근린생활,근린생활시설,1013136402,지번
1138010900100230049,서울특별시 은평구 신사동,서울특별시 은평구 증산로 463-5 (신사동),근린생활2,제2종근린생활시설,10131100214889,지번
1138010600100830013,서울특별시 은평구 대조동,서울특별시 은평구 통일로71길 26-3 (대조동),근린생활2,제2종근린생활시설,1013120084,지번
1138010200101610001,서울특별시 은평구 녹번동,서울특별시 은평구 응암로 379 (녹번동),근린생활1,제1종근린생활시설,101315083,지번
1138010800100170019,서울특별시 은평구 역촌동,서울특별시 은평구 진흥로 95 (역촌동),근린생활2,제2종근린생활시설,1013130788,지번
1138010600100890149,서울특별시 은평구 대조동,서울특별시 은평구 역말로9길 8-1 (대조동),근린생활1,제1종근린생활시설,1013120347,지번
1138010600101910039,서울특별시 은평구 대조동,서울특별시 은평구 역말로9길 40 (대조동),근린생활1,제1종근린생활시설,1013120928,지번
1138010600101920007,서울특별시 은평구 대조동,서울특별시 은평구 연서로26길 35 (대조동),근린생활1,제1종근린생활시설,1013120938,지번
1138010700100850026,서울특별시 은평구 응암동,서울특별시 은평구 은평로11길 12-26 (응암동),근린생활1,제1종근린생활시설,1013123093,지번
1138010300103660004,서울특별시 은평구 불광동,서울특별시 은평구 연서로 271-1 (불광동),근린생활1,제1종근린생활시설,101319132,지번
1138010500100100034,서울특별시 은평구 구산동,서울특별시 은평구 서오릉로13길 30 (구산동),근린생활1,제1종근린생활시설,1013117779,지번
1138010700105770040,서울특별시 은평구 응암동,서울특별시 은평구 응암로 213 (응암동),근린생활1,제1종근린생활시설,1013126314,지번
1138011400102950005,서울특별시 은평구 진관동,서울특별시 은평구 북한산로 257 (진관동),근린생활2,제2종근린생활시설,10131100237414,지번
1138010800100480023,서울특별시 은평구 역촌동,서울특별시 은평구 역말로 31 (역촌동),근린생활,근린생활시설,1013131786,지번
1138010700105990060,서울특별시 은평구 응암동,서울특별시 은평구 응암로11길 12-1 (응암동),근린생활2,제2종근린생활시설,1013127062,지번
1138010600101880003,서울특별시 은평구 대조동,서울특별시 은평구 통일로 801 (대조동),근린생활1,제1종근린생활시설,1013120828,지번
1138010200101000011,서울특별시 은평구 녹번동,서울특별시 은평구 녹번로 37 (녹번동),근린생활2,제2종근린생활시설,101314071,지번
1138010300106380001,서울특별시 은평구 불광동,서울특별시 은평구 진흥로 267-16 (불광동),근린생활2,제2종근린생활시설,10131100219995,지번
1138010400104100005,서울특별시 은평구 갈현동,서울특별시 은평구 통일로87길 15 (갈현동),근린생활2,제2종근린생활시설,1013114626,지번
1138010400104100006,서울특별시 은평구 갈현동,서울특별시 은평구 통일로87길 15-1 (갈현동),근린생활1,제1종근린생활시설,1013114627,지번
1138010500103210051,서울특별시 은평구 구산동,서울특별시 은평구 서오릉로21길 1 (구산동),근린생활1,제1종근린생활시설,1013113885,지번
1138010400104080005,서울특별시 은평구 갈현동,서울특별시 은평구 통일로85길 8 (갈현동),근린생활2,제2종근린생활시설,1013114608,지번
1138010800100630008,서울특별시 은평구 역촌동,서울특별시 은평구 연서로3가길 10 (역촌동),근린생활1,제1종근린생활시설,1013132152,지번
1138010800100640048,서울특별시 은평구 역촌동,서울특별시 은평구 연서로5길 15 (역촌동),근린생활1,제1종근린생활시설,1013132204,지번
1138010700105850010,서울특별시 은평구 응암동,서울특별시 은평구 가좌로 251 (응암동),근린생활1,제1종근린생활시설,1013126593,지번
1138010800100100055,서울특별시 은평구 역촌동,서울특별시 은평구 역말로 67 (역촌동),근린생활1,제1종근린생활시설,1013130517,지번
1138010600100480080,서울특별시 은평구 대조동,서울특별시 은평구 서오릉로 130 (대조동),근린생활1,제1종근린생활시설,1013119757,지번
1138010600100450000,서울특별시 은평구 대조동,서울특별시 은평구 진흥로11길 1 (대조동),근린생활2,제2종근린생활시설,1013119676,지번
1138010300102810104,서울특별시 은평구 불광동,서울특별시 은평구 통일로 728 (불광동),근린생활1,제1종근린생활시설,101317668,지번
1138010700103250004,서울특별시 은평구 응암동,서울특별시 은평구 가좌로 212-12 (응암동),근린생활2,제2종근린생활시설,1013125242,지번
1138010900100190168,서울특별시 은평구 신사동,서울특별시 은평구 은평로 15 (신사동),근린생활,근린생활시설,1013134405,지번
1138010400104220031,서울특별시 은평구 갈현동,서울특별시 은평구 갈현로 305-1 (갈현동),근린생활2,제2종근린생활시설,1013114820,지번
1138010500100010031,서울특별시 은평구 구산동,서울특별시 은평구 연서로15길 8 (구산동),근린생활1,제1종근린생활시설,1013117616,지번
1138010600101850043,서울특별시 은평구 대조동,서울특별시 은평구 연서로 230-10 (대조동),근린생활2,제2종근린생활시설,1013120729,지번
1138010400104760012,서울특별시 은평구 갈현동,서울특별시 은평구 연서로21길 12 (갈현동),근린생활1,제1종근린생활시설,1013115549,지번
1138010800100250121,서울특별시 은평구 역촌동,서울특별시 은평구 진흥로7길 16 (역촌동),근린생활1,제1종근린생활시설,1013131152,지번
1138010500100140016,서울특별시 은평구 구산동,서울특별시 은평구 갈현로 149 (구산동),근린생활1,제1종근린생활시설,1013117830,지번
1138010800100070019,서울특별시 은평구 역촌동,서울특별시 은평구 연서로 118-1 (역촌동),근린생활2,제2종근린생활시설,1013130402,지번
1138010500103410002,서울특별시 은평구 구산동,서울특별시 은평구 서오릉로17길 13-11 (구산동),근린생활2,제2종근린생활시설,1013114041,지번
1138010300103100016,서울특별시 은평구 불광동,서울특별시 은평구 통일로 854 (불광동),근린생활1,제1종근린생활시설,101318249,지번
1138010800100150022,서울특별시 은평구 역촌동,서울특별시 은평구 서오릉로9길 11-1 (역촌동),근린생활1,제1종근린생활시설,1013130743,지번
1138010700105940034,서울특별시 은평구 응암동,서울특별시 은평구 응암로 159 (응암동),근린생활1,제1종근린생활시설,1013126878,지번
1138010400104890015,서울특별시 은평구 갈현동,서울특별시 은평구 연서로17길 33 (갈현동),근린생활1,제1종근린생활시설,1013115761,지번
1138010800100130033,서울특별시 은평구 역촌동,서울특별시 은평구 역말로 83-5 (역촌동),근린생활2,제2종근린생활시설,1013130644,지번
1138010200100820024,서울특별시 은평구 녹번동,서울특별시 은평구 녹번로 3 (녹번동),근린생활1,제1종근린생활시설,101313866,지번
1138010300101050001,서울특별시 은평구 불광동,서울특별시 은평구 연서로 328 (불광동),근린생활2,제2종근린생활시설,101316419,지번
1138010400104530004,서울특별시 은평구 갈현동,서울특별시 은평구 연서로29길 21-7 (갈현동),근린생활2,제2종근린생활시설,1013115250,지번
1138010200100280001,서울특별시 은평구 녹번동,서울특별시 은평구 통일로 665 (녹번동),근린생활2,제2종근린생활시설,101313385,지번
1138010800100480063,서울특별시 은평구 역촌동,서울특별시 은평구 역말로 27 (역촌동),근린생활2,제2종근린생활시설,1013131803,지번
1138010700107520001,서울특별시 은평구 응암동,서울특별시 은평구 응암로12길 28 (응암동),근린생활2,제2종근린생활시설,1013128152,지번
1138010800100480036,서울특별시 은평구 역촌동,서울특별시 은평구 역말로 27-1 (역촌동),근린생활2,제2종근린생활시설,1013131794,지번
1138010700100960021,서울특별시 은평구 응암동,서울특별시 은평구 은평로 162 (응암동),근린생활2,제2종근린생활시설,1013123247,지번
1138010700100900013,서울특별시 은평구 응암동,서울특별시 은평구 은평로 107 (응암동),근린생활1,제1종근린생활시설,1013123197,지번
1138010700100900013,서울특별시 은평구 응암동,서울특별시 은평구 은평로 107 (응암동),근린생활1,제1종근린생활시설,1013123198,지번
1138010700100900013,서울특별시 은평구 응암동,서울특별시 은평구 은평로 107 (응암동),근린생활1,제1종근린생활시설,1013123199,지번
1138010700107450011,서울특별시 은평구 응암동,서울특별시 은평구 응암로12길 27 (응암동),근린생활2,제2종근린생활시설,1013128047,지번
1138010600102220018,서울특별시 은평구 대조동,서울특별시 은평구 연서로 166 (대조동),근린생활2,제2종근린생활시설,1013121650,지번
1138010700105780095,서울특별시 은평구 응암동,서울특별시 은평구 응암로21길 3 (응암동),근린생활2,제2종근린생활시설,1013126398,지번
1138010800100590025,서울특별시 은평구 역촌동,서울특별시 은평구 역말로6길 2 (역촌동),근린생활1,제1종근린생활시설,1013132049,지번
1138010500100030007,서울특별시 은평구 구산동,서울특별시 은평구 서오릉로11길 7 (구산동),근린생활1,제1종근린생활시설,1013117649,지번
1138010800100130028,서울특별시 은평구 역촌동,서울특별시 은평구 역말로 79-6 (역촌동),근린생활2,제2종근린생활시설,1013130639,지번
1138010700105790004,서울특별시 은평구 응암동,서울특별시 은평구 가좌로10길 33-1 (응암동),근린생활2,제2종근린생활시설,1013126403,지번
1138010700102400070,서울특별시 은평구 응암동,서울특별시 은평구 응암로20길 30 (응암동),근린생활1,제1종근린생활시설,1013124675,지번
1138011000101690008,서울특별시 은평구 증산동,서울특별시 은평구 증산로 295 (증산동),근린생활1,제1종근린생활시설,1013137943,지번
1138011400101980007,서울특별시 은평구 진관동,서울특별시 은평구 진관길 10 (진관동),근린생활1,제1종근린생활시설,10131100252470,지번
1138010800100370002,서울특별시 은평구 역촌동,서울특별시 은평구 연서로4길 20 (역촌동),근린생활1,제1종근린생활시설,1013131484,지번
1138010600102200021,서울특별시 은평구 대조동,서울특별시 은평구 연서로20길 3-1 (대조동),근린생활1,제1종근린생활시설,1013121580,지번
1138010400104660019,서울특별시 은평구 갈현동,서울특별시 은평구 연서로19길 12 (갈현동),근린생활,근린생활시설,1013115451,지번
1138010400104630004,서울특별시 은평구 갈현동,서울특별시 은평구 연서로19길 8 (갈현동),근린생활2,제2종근린생활시설,1013115414,지번
1138010300103080010,서울특별시 은평구 불광동,서울특별시 은평구 연서로 246 (불광동),근린생활1,제1종근린생활시설,1013111517,지번
1138010200101760009,서울특별시 은평구 녹번동,서울특별시 은평구 은평로9길 22-13 (녹번동),근린생활1,제1종근린생활시설,101315168,지번
1138011000101740001,서울특별시 은평구 증산동,서울특별시 은평구 증산로 275 (증산동),근린생활2,제2종근린생활시설,10131100266842,지번
1138010700100850041,서울특별시 은평구 응암동,서울특별시 은평구 은평로11길 10 (응암동),근린생활1,제1종근린생활시설,1013123106,지번
1138010700100890019,서울특별시 은평구 응암동,서울특별시 은평구 은평로 121 (응암동),근린생활1,제1종근린생활시설,10131100275874,지번
1138010100102960035,서울특별시 은평구 수색동,서울특별시 은평구 수색로24길 30-4 (수색동),근린생활2,제2종근린생활시설,101311534,지번
1138010600101850030,서울특별시 은평구 대조동,서울특별시 은평구 연서로28길 5 (대조동),근린생활1,제1종근린생활시설,1013122154,지번
1138010800100400012,서울특별시 은평구 역촌동,서울특별시 은평구 진흥로5길 19 (역촌동),근린생활,근린생활시설,1013131558,지번
1138010600101790027,서울특별시 은평구 대조동,서울특별시 은평구 서오릉로 78-4 (대조동),근린생활2,제2종근린생활시설,1013120672,지번
1138010800100130058,서울특별시 은평구 역촌동,서울특별시 은평구 역말로 81 (역촌동),근린생활1,제1종근린생활시설,1013130666,지번
1138010800100660034,서울특별시 은평구 역촌동,서울특별시 은평구 연서로3길 20 (역촌동),근린생활2,제2종근린생활시설,10131100218589,지번
1138010600100480041,서울특별시 은평구 대조동,서울특별시 은평구 서오릉로 124 (대조동),근린생활2,제2종근린생활시설,1013119739,지번
1138010200101620006,서울특별시 은평구 녹번동,서울특별시 은평구 응암로 367 (녹번동),근린생활2,제2종근린생활시설,101315091,지번
1138010800100070017,서울특별시 은평구 역촌동,서울특별시 은평구 연서로 120-1 (역촌동),근린생활2,제2종근린생활시설,1013130400,지번
1138010800100100004,서울특별시 은평구 역촌동,서울특별시 은평구 역말로7길 3-2 (역촌동),근린생활1,제1종근린생활시설,1013130495,지번
1138010800100630021,서울특별시 은평구 역촌동,서울특별시 은평구 연서로 41-1 (역촌동),근린생활2,제2종근린생활시설,1013132157,지번
1138010800100420039,서울특별시 은평구 역촌동,서울특별시 은평구 진흥로 45-1 (역촌동),근린생활2,제2종근린생활시설,1013131622,지번
1138010400104970005,서울특별시 은평구 갈현동,서울특별시 은평구 갈현로 186 (갈현동),근린생활2,제2종근린생활시설,1013115901,지번
1138010800100220007,서울특별시 은평구 역촌동,서울특별시 은평구 연서로 70 (역촌동),근린생활1,제1종근린생활시설,1013130977,지번
1138010400104890022,서울특별시 은평구 갈현동,서울특별시 은평구 서오릉로 186 (갈현동),근린생활2,제2종근린생활시설,1013115765,지번
1138010600100480081,서울특별시 은평구 대조동,서울특별시 은평구 서오릉로 132 (대조동),근린생활1,제1종근린생활시설,1013119758,지번
1138010600102200022,서울특별시 은평구 대조동,서울특별시 은평구 연서로20길 3 (대조동),근린생활2,제2종근린생활시설,1013121581,지번
1138010400103260011,서울특별시 은평구 갈현동,서울특별시 은평구 서오릉로 254 (갈현동),근린생활2,제2종근린생활시설,1013113916,지번
1138010800100430002,서울특별시 은평구 역촌동,서울특별시 은평구 진흥로1길 3 (역촌동),근린생활2,제2종근린생활시설,1013131633,지번
1138010400105070001,서울특별시 은평구 갈현동,서울특별시 은평구 갈현로 193 (갈현동),근린생활,근린생활시설,1013116093,지번
1138010600102200034,서울특별시 은평구 대조동,서울특별시 은평구 연서로 174 (대조동),근린생활2,제2종근린생활시설,1013121591,지번
1138010800100030016,서울특별시 은평구 역촌동,서울특별시 은평구 역말로 83-8 (역촌동),근린생활2,제2종근린생활시설,1013130264,지번
1138010800100080043,서울특별시 은평구 역촌동,서울특별시 은평구 연서로10길 3 (역촌동),근린생활1,제1종근린생활시설,1013130438,지번
1138010800100080064,서울특별시 은평구 역촌동,서울특별시 은평구 연서로 104 (역촌동),근린생활2,제2종근린생활시설,1013130445,지번
1138010800100780002,서울특별시 은평구 역촌동,서울특별시 은평구 갈현로 57 (역촌동),근린생활,근린생활시설,1013132524,지번
1138010400104010006,서울특별시 은평구 갈현동,서울특별시 은평구 연서로29길 20-13 (갈현동),근린생활1,제1종근린생활시설,1013114449,지번
1138010400104750004,서울특별시 은평구 갈현동,서울특별시 은평구 연서로19길 14-3 (갈현동),근린생활1,제1종근린생활시설,1013115528,지번
1138010400104700004,서울특별시 은평구 갈현동,서울특별시 은평구 연서로17길 18-7 (갈현동),근린생활1,제1종근린생활시설,1013115470,지번
1138010800100280075,서울특별시 은평구 역촌동,서울특별시 은평구 진흥로 69 (역촌동),근린생활1,제1종근린생활시설,1013131285,지번
1138010600102010003,서울특별시 은평구 대조동,서울특별시 은평구 연서로26길 20 (대조동),근린생활1,제1종근린생활시설,1013121120,지번
1138010800100270018,서울특별시 은평구 역촌동,서울특별시 은평구 진흥로7길 8-12 (역촌동),근린생활2,제2종근린생활시설,10131100196341,지번
1138010600101790008,서울특별시 은평구 대조동,서울특별시 은평구 서오릉로 86 (대조동),근린생활2,제2종근린생활시설,1013120660,지번
1138011400102940007,서울특별시 은평구 진관동,서울특별시 은평구 북한산로 283 (진관동),근린생활1,제1종근린생활시설,1013139840,지번
1138010200101620039,서울특별시 은평구 녹번동,서울특별시 은평구 진흥로 70 (녹번동),근린생활1,제1종근린생활시설,101315115,지번
1138010200101570018,서울특별시 은평구 녹번동,서울특별시 은평구 은평로13길 25-19 (녹번동),근린생활1,제1종근린생활시설,101314993,지번
1138010700100890018,서울특별시 은평구 응암동,서울특별시 은평구 은평로9길 5 (응암동),근린생활2,제2종근린생활시설,1013123182,지번
1138010500102000002,서울특별시 은평구 구산동,서울특별시 은평구 서오릉로 193 (구산동),근린생활1,제1종근린생활시설,1013118523,지번
1138010600100260017,서울특별시 은평구 대조동,서울특별시 은평구 진흥로13길 2 (대조동),근린생활1,제1종근린생활시설,1013119482,지번
1138010300104860001,서울특별시 은평구 불광동,서울특별시 은평구 통일로80길 6 (불광동),근린생활2,제2종근린생활시설,1013110534,지번
1138010600101790051,서울특별시 은평구 대조동,서울특별시 은평구 진흥로11길 1-9 (대조동),근린생활2,제2종근린생활시설,1013120684,지번
1138010800100130004,서울특별시 은평구 역촌동,서울특별시 은평구 역말로 83-25 (역촌동),근린생활2,제2종근린생활시설,1013130615,지번
1138010200101770003,서울특별시 은평구 녹번동,서울특별시 은평구 진흥로 66 (녹번동),근린생활2,제2종근린생활시설,101315182,지번
1138010600102120036,서울특별시 은평구 대조동,서울특별시 은평구 연서로18길 5 (대조동),근린생활1,제1종근린생활시설,1013121386,지번
1138010700105780090,서울특별시 은평구 응암동,서울특별시 은평구 응암로21길 5-1 (응암동),근린생활2,제2종근린생활시설,1013126394,지번
1138010300100080004,서울특별시 은평구 불광동,서울특별시 은평구 불광로 104 (불광동),근린생활2,제2종근린생활시설,101316054,지번
1138010700106030063,서울특별시 은평구 응암동,서울특별시 은평구 응암로 168-1 (응암동),근린생활1,제1종근린생활시설,1013127214,지번
1138010200101560041,서울특별시 은평구 녹번동,서울특별시 은평구 은평로11길 12-5 (녹번동),근린생활1,제1종근린생활시설,101314968,지번
1138010700100880001,서울특별시 은평구 응암동,서울특별시 은평구 응암로 339 (응암동),근린생활2,제2종근린생활시설,1013123154,지번
1138010900100290122,서울특별시 은평구 신사동,서울특별시 은평구 은평로 6 (신사동),근린생활2,제2종근린생활시설,1013134716,지번
1138010300102810167,서울특별시 은평구 불광동,서울특별시 은평구 통일로66길 4-8 (불광동),근린생활1,제1종근린생활시설,101317721,지번
1138010800100080030,서울특별시 은평구 역촌동,서울특별시 은평구 연서로 102 (역촌동),근린생활1,제1종근린생활시설,1013130430,지번
1138010300103110003,서울특별시 은평구 불광동,서울특별시 은평구 통일로 858 (불광동),근린생활,근린생활시설,101318433,지번
1138010500100230028,서울특별시 은평구 구산동,서울특별시 은평구 갈현로16길 16-1 (구산동),근린생활1,제1종근린생활시설,1013118100,지번
1138010400104690015,서울특별시 은평구 갈현동,서울특별시 은평구 서오릉로 162-2 (갈현동),근린생활1,제1종근린생활시설,1013115463,지번
1138010400105080005,서울특별시 은평구 갈현동,서울특별시 은평구 서오릉로 202 (갈현동),근린생활2,제2종근린생활시설,1013116122,지번
1138010300101700185,서울특별시 은평구 불광동,서울특별시 은평구 불광로 202 (불광동),근린생활,근린생활시설,101316906,지번
1138010800100020046,서울특별시 은평구 역촌동,서울특별시 은평구 서오릉로 101 (역촌동),근린생활2,제2종근린생활시설,1013130201,지번
1138010500100090031,서울특별시 은평구 구산동,서울특별시 은평구 연서로13길 30-1 (구산동),근린생활,근린생활시설,1013117745,지번
1138010600100430008,서울특별시 은평구 대조동,서울특별시 은평구 진흥로 121 (대조동),근린생활1,제1종근린생활시설,1013119674,지번
1138010800100130005,서울특별시 은평구 역촌동,서울특별시 은평구 연서로10길 30-1 (역촌동),근린생활2,제2종근린생활시설,1013130617,지번
1138010800100410020,서울특별시 은평구 역촌동,서울특별시 은평구 진흥로1길 18-1 (역촌동),근린생활2,제2종근린생활시설,1013131590,지번
1138010700104270038,서울특별시 은평구 응암동,서울특별시 은평구 응암로 264 (응암동),근린생활1,제1종근린생활시설,1013126077,지번
1138010400102780001,서울특별시 은평구 갈현동,서울특별시 은평구 갈현로33길 18 (갈현동),근린생활2,제2종근린생활시설,1013113214,지번
1138010700101260037,서울특별시 은평구 응암동,서울특별시 은평구 응암로21길 18-1 (응암동),근린생활1,제1종근린생활시설,1013124026,지번
1138010500100220026,서울특별시 은평구 구산동,서울특별시 은평구 연서로9길 10 (구산동),근린생활1,제1종근린생활시설,1013118080,지번
1138010400104540021,서울특별시 은평구 갈현동,서울특별시 은평구 연서로27길 16-12 (갈현동),근린생활1,제1종근린생활시설,1013115287,지번
1138010400103990011,서울특별시 은평구 갈현동,서울특별시 은평구 연서로29길 10 (갈현동),근린생활1,제1종근린생활시설,1013114414,지번
1138010800100400008,서울특별시 은평구 역촌동,서울특별시 은평구 진흥로5길 17 (역촌동),근린생활2,제2종근린생활시설,1013131556,지번
1138010800100360039,서울특별시 은평구 역촌동,서울특별시 은평구 연서로 26 (역촌동),근린생활1,제1종근린생활시설,1013131475,지번
1138010800100160019,서울특별시 은평구 역촌동,서울특별시 은평구 진흥로 105-6 (역촌동),근린생활2,제2종근린생활시설,1013130767,지번
1138010800100660044,서울특별시 은평구 역촌동,서울특별시 은평구 연서로3길 8 (역촌동),근린생활1,제1종근린생활시설,1013132261,지번
1138010500101980015,서울특별시 은평구 구산동,서울특별시 은평구 서오릉로 171 (구산동),근린생활2,제2종근린생활시설,1013118503,지번
1138010500100060017,서울특별시 은평구 구산동,서울특별시 은평구 서오릉로11길 14 (구산동),근린생활1,제1종근린생활시설,1013117682,지번
1138010400104450015,서울특별시 은평구 갈현동,서울특별시 은평구 갈현로33길 14-1 (갈현동),근린생활2,제2종근린생활시설,1013115118,지번
1138010700101190011,서울특별시 은평구 응암동,서울특별시 은평구 응암로 265-1 (응암동),근린생활2,제2종근린생활시설,10131100237698,지번
1138010300104800007,서울특별시 은평구 불광동,서울특별시 은평구 통일로92길 29 (불광동),근린생활2,제2종근린생활시설,1013110186,지번
1138010400104020034,서울특별시 은평구 갈현동,서울특별시 은평구 연서로29길 20-17 (갈현동),근린생활2,제2종근린생활시설,1013114484,지번
1138010800100310028,서울특별시 은평구 역촌동,서울특별시 은평구 진흥로5길 14-1 (역촌동),근린생활,근린생활시설,1013131344,지번
1138010600100430007,서울특별시 은평구 대조동,서울특별시 은평구 진흥로 121-1 (대조동),근린생활2,제2종근린생활시설,1013119673,지번
1138010600100890106,서울특별시 은평구 대조동,서울특별시 은평구 역말로9길 6-1 (대조동),근린생활1,제1종근린생활시설,1013120322,지번
1138010800100410052,서울특별시 은평구 역촌동,서울특별시 은평구 진흥로 51 (역촌동),근린생활2,제2종근린생활시설,1013131602,지번
1138010500100140015,서울특별시 은평구 구산동,서울특별시 은평구 갈현로 149-1 (구산동),근린생활2,제2종근린생활시설,1013117829,지번
1138010400103980002,서울특별시 은평구 갈현동,서울특별시 은평구 통일로 855-13 (갈현동),근린생활1,제1종근린생활시설,1013114391,지번
1138010800100360047,서울특별시 은평구 역촌동,서울특별시 은평구 연서로 20 (역촌동),근린생활2,제2종근린생활시설,1013131477,지번
1138010400104650003,서울특별시 은평구 갈현동,서울특별시 은평구 연서로 143 (갈현동),근린생활1,제1종근린생활시설,1013115431,지번
1138010700101110009,서울특별시 은평구 응암동,서울특별시 은평구 은평로6길 8-2 (응암동),근린생활2,제2종근린생활시설,10131100240685,지번
1138010200101620042,서울특별시 은평구 녹번동,서울특별시 은평구 응암로 357 (녹번동),근린생활2,제2종근린생활시설,101315116,지번
1138010200101600016,서울특별시 은평구 녹번동,서울특별시 은평구 은평로11길 11 (녹번동),근린생활1,제1종근린생활시설,101315069,지번
1138010700100980063,서울특별시 은평구 응암동,서울특별시 은평구 은평로10길 5-4 (응암동),근린생활2,제2종근린생활시설,1013123326,지번
1138010800100090012,서울특별시 은평구 역촌동,서울특별시 은평구 연서로 88-1 (역촌동),근린생활1,제1종근린생활시설,1013130463,지번
1138010400104030003,서울특별시 은평구 갈현동,서울특별시 은평구 통일로83길 5-14 (갈현동),근린생활2,제2종근린생활시설,1013114495,지번
1138010400103950012,서울특별시 은평구 갈현동,서울특별시 은평구 통일로 863-18 (갈현동),근린생활2,제2종근린생활시설,1013114373,지번
1138010700101040040,서울특별시 은평구 응암동,서울특별시 은평구 응암로 296 (응암동),근린생활2,제2종근린생활시설,1013123602,지번
1138010400104560006,서울특별시 은평구 갈현동,서울특별시 은평구 연서로29길 7 (갈현동),근린생활1,제1종근린생활시설,1013115317,지번
1138010800100490005,서울특별시 은평구 역촌동,서울특별시 은평구 연서로9길 25 (역촌동),근린생활1,제1종근린생활시설,1013131810,지번
1138010800100140016,서울특별시 은평구 역촌동,서울특별시 은평구 서오릉로 91-1 (역촌동),근린생활2,제2종근린생활시설,1013130676,지번
1138010700100870012,서울특별시 은평구 응암동,서울특별시 은평구 은평로 135 (응암동),근린생활2,제2종근린생활시설,1013123139,지번
1138010200101410004,서울특별시 은평구 녹번동,서울특별시 은평구 진흥로 126 (녹번동),근린생활2,제2종근린생활시설,101314651,지번
1138010800100170001,서울특별시 은평구 역촌동,서울특별시 은평구 진흥로 103 (역촌동),근린생활1,제1종근린생활시설,1013130776,지번
1138010600100330003,서울특별시 은평구 대조동,서울특별시 은평구 서오릉로8길 24 (대조동),근린생활2,제2종근린생활시설,1013119533,지번
1138010400104020002,서울특별시 은평구 갈현동,서울특별시 은평구 통일로 863-23 (갈현동),근린생활2,제2종근린생활시설,1013114456,지번
1138010500100010015,서울특별시 은평구 구산동,서울특별시 은평구 연서로 129 (구산동),근린생활1,제1종근린생활시설,1013117611,지번
1138010200101520041,서울특별시 은평구 녹번동,서울특별시 은평구 서오릉로4길 7 (녹번동),근린생활2,제2종근린생활시설,101314858,지번
1138010400104690016,서울특별시 은평구 갈현동,서울특별시 은평구 서오릉로 162-1 (갈현동),근린생활1,제1종근린생활시설,1013115464,지번
1138010900101560002,서울특별시 은평구 신사동,서울특별시 은평구 은평터널로 122 (신사동),근린생활,근린생활시설,1013135062,지번
1138010400104990033,서울특별시 은평구 갈현동,서울특별시 은평구 갈현로 222 (갈현동),근린생활1,제1종근린생활시설,1013115936,지번
1138010800100210002,서울특별시 은평구 역촌동,서울특별시 은평구 진흥로1길 55 (역촌동),근린생활1,제1종근린생활시설,1013130943,지번
1138010600100890140,서울특별시 은평구 대조동,서울특별시 은평구 역말로9길 18 (대조동),근린생활1,제1종근린생활시설,1013120338,지번
1138010600100890140,서울특별시 은평구 대조동,서울특별시 은평구 역말로9길 18 (대조동),근린생활1,단독주택,1013120339,지번
1138010100103180001,서울특별시 은평구 수색동,서울특별시 은평구 수색로 326 (수색동),근린생활2,제2종근린생활시설,101311629,지번
1138010400103940027,서울특별시 은평구 갈현동,서울특별시 은평구 통일로 885 (갈현동),근린생활1,제1종근린생활시설,1013114366,지번
1138010600100490054,서울특별시 은평구 대조동,서울특별시 은평구 서오릉로 118-1 (대조동),근린생활2,제2종근린생활시설,10131100195833,지번
1138010800100080038,서울특별시 은평구 역촌동,서울특별시 은평구 연서로 98-1 (역촌동),근린생활2,제2종근린생활시설,1013130432,지번
1138010300103690017,서울특별시 은평구 불광동,서울특별시 은평구 연서로31길 12-1 (불광동),근린생활1,공동주택,1000000000000001292674,지번
1138010300103140021,서울특별시 은평구 불광동,서울특별시 은평구 연서로 261-3 (불광동),근린생활1,제1종근린생활시설,101318516,지번
1138010500103620001,서울특별시 은평구 구산동,서울특별시 은평구 서오릉로17길 13-5 (구산동),근린생활1,제1종근린생활시설,1013114166,지번
1138010600100330002,서울특별시 은평구 대조동,서울특별시 은평구 진흥로13길 13-4 (대조동),근린생활2,제2종근린생활시설,1013119532,지번
1138010900100350019,서울특별시 은평구 신사동,서울특별시 은평구 가좌로 274 (신사동),근린생활2,제2종근린생활시설,1013134859,지번
1138010800100450021,서울특별시 은평구 역촌동,서울특별시 은평구 연서로 83 (역촌동),근린생활2,제2종근린생활시설,1013131701,지번
1138010600102230001,서울특별시 은평구 대조동,서울특별시 은평구 연서로18길 3-23 (대조동),근린생활1,제1종근린생활시설,1013121653,지번
1138010400104620054,서울특별시 은평구 갈현동,서울특별시 은평구 연서로 175 (갈현동),근린생활1,제1종근린생활시설,1013115411,지번
1138010400105070009,서울특별시 은평구 갈현동,서울특별시 은평구 갈현로 191 (갈현동),근린생활1,제1종근린생활시설,1013116100,지번
1138010900100180024,서울특별시 은평구 신사동,서울특별시 은평구 갈현로1길 21 (신사동),근린생활2,제2종근린생활시설,1013134303,지번
1138011000101570011,서울특별시 은평구 증산동,서울특별시 은평구 증산로15길 17-1 (증산동),근린생활1,제1종근린생활시설,1013137789,지번
1138010700103340020,서울특별시 은평구 응암동,서울특별시 은평구 응암로14길 14-1 (응암동),근린생활2,제2종근린생활시설,10131100255038,지번
1138010800100780018,서울특별시 은평구 역촌동,서울특별시 은평구 갈현로5길 4 (역촌동),근린생활2,제2종근린생활시설,10131100189273,지번
1138010800100780018,서울특별시 은평구 역촌동,서울특별시 은평구 갈현로5길 4 (역촌동),근린생활2,단독주택,1013132536,지번
1138010600100450002,서울특별시 은평구 대조동,서울특별시 은평구 진흥로 119 (대조동),근린생활1,제1종근린생활시설,1013119677,지번
1138010800100020131,서울특별시 은평구 역촌동,서울특별시 은평구 서오릉로 103 (역촌동),근린생활1,제1종근린생활시설,1013130251,지번
1138010800100630072,서울특별시 은평구 역촌동,서울특별시 은평구 연서로 39 (역촌동),근린생활2,제2종근린생활시설,1013132185,지번
1138010800100620015,서울특별시 은평구 역촌동,서울특별시 은평구 역말로6길 9 (역촌동),근린생활1,제1종근린생활시설,1013132138,지번
1138010700106020001,서울특별시 은평구 응암동,서울특별시 은평구 응암로12길 8 (응암동),근린생활1,제1종근린생활시설,1013127142,지번
1138010200101620001,서울특별시 은평구 녹번동,서울특별시 은평구 응암로 369-1 (녹번동),근린생활2,제2종근린생활시설,101315088,지번
1138010800100330002,서울특별시 은평구 역촌동,서울특별시 은평구 진흥로1나길 2 (역촌동),근린생활,근린생활시설,1013131360,지번
1138010400104230028,서울특별시 은평구 갈현동,서울특별시 은평구 갈현로 306 (갈현동),근린생활2,제2종근린생활시설,1013114842,지번
1138010900100070015,서울특별시 은평구 신사동,서울특별시 은평구 갈현로 30 (신사동),근린생활2,제2종근린생활시설,1013134072,지번
1138011400102660030,서울특별시 은평구 진관동,서울특별시 은평구 대서문길 55 (진관동),근린생활2,제2종근린생활시설,10131100205204,지번
1138010900103420019,서울특별시 은평구 신사동,서울특별시 은평구 증산로15길 28 (신사동),근린생활1,제1종근린생활시설,1013136488,지번
1138010800100030007,서울특별시 은평구 역촌동,서울특별시 은평구 역말로 93-1 (역촌동),근린생활2,제2종근린생활시설,1013130257,지번
1138010700105780048,서울특별시 은평구 응암동,서울특별시 은평구 응암로 225 (응암동),근린생활1,제1종근린생활시설,1013126364,지번
1138010600101710033,서울특별시 은평구 대조동,서울특별시 은평구 역말로 133-1 (대조동),근린생활1,제1종근린생활시설,1013120565,지번
1138010400104550017,서울특별시 은평구 갈현동,서울특별시 은평구 연서로29길 7-4 (갈현동),근린생활1,제1종근린생활시설,1013115307,지번
1138010700107500006,서울특별시 은평구 응암동,서울특별시 은평구 응암로4길 30-1 (응암동),근린생활1,제1종근린생활시설,1013128124,지번
1138010900100340005,서울특별시 은평구 신사동,서울특별시 은평구 증산로 437 (신사동),근린생활1,제1종근린생활시설,1013134825,지번
1138010800100020133,서울특별시 은평구 역촌동,서울특별시 은평구 서오릉로 113 (역촌동),근린생활1,제1종근린생활시설,1013130252,지번
1138010300101460002,서울특별시 은평구 불광동,서울특별시 은평구 연서로34길 35 (불광동),근린생활2,제2종근린생활시설,101316745,지번
1138010300103200031,서울특별시 은평구 불광동,서울특별시 은평구 연서로32길 16-8 (불광동),근린생활1,제1종근린생활시설,101318568,지번
1138010600100140025,서울특별시 은평구 대조동,서울특별시 은평구 불광로 16-3 (대조동),근린생활1,제1종근린생활시설,1013119349,지번
1138010200101550001,서울특별시 은평구 녹번동,서울특별시 은평구 서오릉로 29 (녹번동),근린생활2,제2종근린생활시설,101314921,지번
1138010800100020054,서울특별시 은평구 역촌동,서울특별시 은평구 역말로 103 (역촌동),근린생활1,제1종근린생활시설,1013130204,지번
1138010700107310032,서울특별시 은평구 응암동,서울특별시 은평구 가좌로7가길 26 (응암동),근린생활2,제2종근린생활시설,1013127901,지번
1138010800100140003,서울특별시 은평구 역촌동,서울특별시 은평구 서오릉로 93 (역촌동),근린생활2,제2종근린생활시설,1013130669,지번
1138010600101850001,서울특별시 은평구 대조동,서울특별시 은평구 통일로 845 (대조동),근린생활1,제1종근린생활시설,1013120694,지번
1138010300103170002,서울특별시 은평구 불광동,서울특별시 은평구 연서로 266-2 (불광동),근린생활2,제2종근린생활시설,101318531,지번
1138010800100350065,서울특별시 은평구 역촌동,서울특별시 은평구 연서로 40-1 (역촌동),근린생활2,제2종근린생활시설,1013131452,지번
1138010800102190005,서울특별시 은평구 역촌동,서울특별시 은평구 갈현로11길 41 (역촌동),근린생활,근린생활시설,1013132936,지번
1138011000101860026,서울특별시 은평구 증산동,서울특별시 은평구 증산서길 90 (증산동),근린생활1,제1종근린생활시설,1013138177,지번
1138011000101910015,서울특별시 은평구 증산동,서울특별시 은평구 증산서길 111 (증산동),근린생활1,제1종근린생활시설,1013138278,지번
1138010700102400036,서울특별시 은평구 응암동,서울특별시 은평구 응암로20길 23 (응암동),근린생활2,제2종근린생활시설,1013124661,지번
1138010600100380001,서울특별시 은평구 대조동,서울특별시 은평구 진흥로 147-1 (대조동),근린생활1,제1종근린생활시설,1013119613,지번
1138010200100830020,서울특별시 은평구 녹번동,서울특별시 은평구 녹번로 6 (녹번동),근린생활1,제1종근린생활시설,101313890,지번
1138010900102960003,서울특별시 은평구 신사동,서울특별시 은평구 가좌로 386 (신사동),근린생활2,제2종근린생활시설,1013136169,지번
1138010600102140001,서울특별시 은평구 대조동,서울특별시 은평구 연서로20길 28 (대조동),근린생활1,제1종근린생활시설,1013121436,지번
1138010600101860001,서울특별시 은평구 대조동,서울특별시 은평구 통일로 833 (대조동),근린생활1,제1종근린생활시설,1013120764,지번
1138010900100300010,서울특별시 은평구 신사동,서울특별시 은평구 가좌로 318 (신사동),근린생활1,제1종근린생활시설,1013134751,지번
1138010900100190153,서울특별시 은평구 신사동,서울특별시 은평구 은평로 5 (신사동),근린생활2,제2종근린생활시설,1013134399,지번
1138010700106030051,서울특별시 은평구 응암동,서울특별시 은평구 응암로4길 11 (응암동),근린생활1,제1종근린생활시설,1013127203,지번
1138010300103130008,서울특별시 은평구 불광동,서울특별시 은평구 통일로80길 26 (불광동),근린생활1,제1종근린생활시설,101318503,지번
1138010300103040017,서울특별시 은평구 불광동,서울특별시 은평구 통일로 830 (불광동),근린생활1,제1종근린생활시설,1013111515,본번
1138011000101630013,서울특별시 은평구 증산동,서울특별시 은평구 증산로 327-1 (증산동),근린생활1,제1종근린생활시설,1013137862,지번
1138010400105030018,서울특별시 은평구 갈현동,서울특별시 은평구 갈현로 239-1 (갈현동),근린생활1,제1종근린생활시설,1013115982,지번
1138010400105030027,서울특별시 은평구 갈현동,서울특별시 은평구 갈현로 235 (갈현동),근린생활2,제2종근린생활시설,1013115990,지번
1138010400103990024,서울특별시 은평구 갈현동,서울특별시 은평구 연서로29길 14-16 (갈현동),근린생활2,제2종근린생활시설,1013114424,지번
1138010400104000019,서울특별시 은평구 갈현동,서울특별시 은평구 연서로29길 20-8 (갈현동),근린생활2,제2종근린생활시설,1013114444,지번
1138010700105970002,서울특별시 은평구 응암동,서울특별시 은평구 응암로9길 6-15 (응암동),근린생활2,제2종근린생활시설,1013126976,지번
1138010700105990057,서울특별시 은평구 응암동,서울특별시 은평구 응암로11길 12 (응암동),근린생활2,제2종근린생활시설,1013127061,지번
1138010700101240004,서울특별시 은평구 응암동,서울특별시 은평구 응암로 253 (응암동),근린생활1,제1종근린생활시설,1013123971,지번
1138011000101870018,서울특별시 은평구 증산동,서울특별시 은평구 증산서길 91 (증산동),근린생활2,제2종근린생활시설,1013138185,지번
1138010700101230001,서울특별시 은평구 응암동,서울특별시 은평구 응암로25길 9 (응암동),근린생활2,제2종근린생활시설,1013123947,지번
1138010800100270007,서울특별시 은평구 역촌동,서울특별시 은평구 진흥로 87 (역촌동),근린생활2,제2종근린생활시설,10131100229806,지번
1138010800100550037,서울특별시 은평구 역촌동,서울특별시 은평구 갈현로 80 (역촌동),근린생활1,제1종근린생활시설,1013131977,지번
1138010700100850024,서울특별시 은평구 응암동,서울특별시 은평구 은평로13길 5-14 (응암동),근린생활2,제2종근린생활시설,10131100217589,지번
1138011400200300005,서울특별시 은평구 진관동,서울특별시 은평구 연서로54길 33 (진관동),근린생활1,제1종근린생활시설,1013140060,지번
1138010400104600023,서울특별시 은평구 갈현동,서울특별시 은평구 연서로 199 (갈현동),근린생활2,제2종근린생활시설,1013115350,지번
1138010700105920061,서울특별시 은평구 응암동,서울특별시 은평구 응암로9길 24 (응암동),근린생활2,제2종근린생활시설,1013126816,지번
1138010300103650004,서울특별시 은평구 불광동,서울특별시 은평구 연서로33길 10 (불광동),근린생활1,제1종근린생활시설,101319130,지번
1138010400104540019,서울특별시 은평구 갈현동,서울특별시 은평구 연서로27길 16-16 (갈현동),근린생활1,제1종근린생활시설,1013115285,지번
1138010400104220033,서울특별시 은평구 갈현동,서울특별시 은평구 갈현로41길 4-1 (갈현동),근린생활2,제2종근린생활시설,10131100223089,지번
1138010400104550020,서울특별시 은평구 갈현동,서울특별시 은평구 연서로29길 7-2 (갈현동),근린생활,근린생활시설,1013115310,지번
1138010400104540025,서울특별시 은평구 갈현동,서울특별시 은평구 연서로27길 12-5 (갈현동),근린생활2,제2종근린생활시설,10131100206994,지번
1138010600101900021,서울특별시 은평구 대조동,서울특별시 은평구 역말로9길 30-1 (대조동),근린생활1,제1종근린생활시설,1013120861,지번
1138010700101110006,서울특별시 은평구 응암동,서울특별시 은평구 은평로6길 6 (응암동),근린생활2,제2종근린생활시설,1013128716,지번
1138010700105990067,서울특별시 은평구 응암동,서울특별시 은평구 응암로11길 14-2 (응암동),근린생활2,제2종근린생활시설,10131100242605,지번
1138010300103100218,서울특별시 은평구 불광동,,근린생활1,제1종근린생활시설,101318368,지번
1138010600102010001,서울특별시 은평구 대조동,서울특별시 은평구 연서로26길 10 (대조동),근린생활2,제2종근린생활시설,10131100196953,지번
1138010400104110023,서울특별시 은평구 갈현동,서울특별시 은평구 통일로87길 12-1 (갈현동),근린생활2,제2종근린생활시설,1013114659,지번
1138010600101790012,서울특별시 은평구 대조동,서울특별시 은평구 서오릉로 82 (대조동),근린생활1,제1종근린생활시설,1013120663,지번
1138010100103780001,서울특별시 은평구 수색동,서울특별시 은평구 수색로 287 (수색동),근린생활1,제1종근린생활시설,101312278,지번
1138010700105850050,서울특별시 은평구 응암동,서울특별시 은평구 가좌로 255 (응암동),근린생활2,제2종근린생활시설,1013126624,지번
1138010700107480015,서울특별시 은평구 응암동,서울특별시 은평구 가좌로 190-1 (응암동),근린생활1,제1종근린생활시설,1013128079,지번
1138010400104280005,서울특별시 은평구 갈현동,서울특별시 은평구 갈현로 272 (갈현동),근린생활2,제2종근린생활시설,1013114909,지번
1138010400103930002,서울특별시 은평구 갈현동,서울특별시 은평구 통일로87길 5 (갈현동),근린생활2,제2종근린생활시설,1013114330,지번
1138010600102150022,서울특별시 은평구 대조동,서울특별시 은평구 연서로20길 19-1 (대조동),근린생활,근린생활시설,1013121487,지번
1138010400101100011,서울특별시 은평구 갈현동,서울특별시 은평구 연서로27길 25 (갈현동),근린생활2,제2종근린생활시설,1013112707,지번
1138010200101310077,서울특별시 은평구 녹번동,서울특별시 은평구 진흥로 168 (녹번동),근린생활2,제2종근린생활시설,101314492,지번
1138010400102280029,서울특별시 은평구 갈현동,서울특별시 은평구 갈현로23길 44-1 (갈현동),근린생활1,제1종근린생활시설,1013112811,지번
1138010700101260009,서울특별시 은평구 응암동,서울특별시 은평구 불광천길 470-14 (응암동),근린생활2,제2종근린생활시설,10131100204984,지번
1138010800100410054,서울특별시 은평구 역촌동,서울특별시 은평구 진흥로 55 (역촌동),근린생활1,제1종근린생활시설,1013131604,지번
1138010400103920026,서울특별시 은평구 갈현동,서울특별시 은평구 통일로87길 2 (갈현동),근린생활1,제1종근린생활시설,1013114318,지번
1138010300103010092,서울특별시 은평구 불광동,서울특별시 은평구 통일로78길 12-4 (불광동),근린생활1,제1종근린생활시설,101318181,지번
1138010400104890013,서울특별시 은평구 갈현동,서울특별시 은평구 연서로17길 35-1 (갈현동),근린생활2,제2종근린생활시설,1013115760,지번
1138010800100830070,서울특별시 은평구 역촌동,서울특별시 은평구 연서로 21 (역촌동),근린생활,근린생활시설,1013132755,지번
1138010200101410001,서울특별시 은평구 녹번동,서울특별시 은평구 진흥로 148 (녹번동),근린생활2,제2종근린생활시설,101314649,지번
1138010400104530024,서울특별시 은평구 갈현동,서울특별시 은평구 연서로27길 16-13 (갈현동),근린생활2,제2종근린생활시설,1013115267,지번
1138010100103650007,서울특별시 은평구 수색동,서울특별시 은평구 수색로16길 15-17 (수색동),근린생활2,제2종근린생활시설,101312144,지번
1138010700100960033,서울특별시 은평구 응암동,서울특별시 은평구 은평로12길 5 (응암동),근린생활2,제2종근린생활시설,1013123250,지번
1138010800100320001,서울특별시 은평구 역촌동,서울특별시 은평구 연서로6길 22 (역촌동),근린생활1,제1종근린생활시설,1013131346,지번
1138010900100210006,서울특별시 은평구 신사동,서울특별시 은평구 은평로 52-16 (신사동),근린생활1,제1종근린생활시설,1013134436,지번
1138010700105970026,서울특별시 은평구 응암동,서울특별시 은평구 응암로11길 11 (응암동),근린생활2,제2종근린생활시설,1013126999,지번
1138010400103930015,서울특별시 은평구 갈현동,서울특별시 은평구 통일로85길 6-12 (갈현동),근린생활1,제1종근린생활시설,1013114342,지번
1138010400104540001,서울특별시 은평구 갈현동,서울특별시 은평구 연서로29길 13 (갈현동),근린생활2,제2종근린생활시설,1013115269,지번
1138010400104950018,서울특별시 은평구 갈현동,서울특별시 은평구 갈현로 214 (갈현동),근린생활2,제2종근린생활시설,1013115873,지번
1138010800100150010,서울특별시 은평구 역촌동,서울특별시 은평구 서오릉로 79 (역촌동),근린생활1,제1종근린생활시설,1013130735,지번
1138010300101020017,서울특별시 은평구 불광동,서울특별시 은평구 연서로 323 (불광동),근린생활2,제2종근린생활시설,101316502,지번
1138010700101030001,서울특별시 은평구 응암동,서울특별시 은평구 응암로 328 (응암동),근린생활1,제1종근린생활시설,1013123543,지번
1138010400105080003,서울특별시 은평구 갈현동,서울특별시 은평구 갈현로 181 (갈현동),근린생활2,제2종근린생활시설,1013116120,지번
1138010400103920009,서울특별시 은평구 갈현동,서울특별시 은평구 통일로87길 4 (갈현동),근린생활1,제1종근린생활시설,1013114304,지번
1138010200101760016,서울특별시 은평구 녹번동,서울특별시 은평구 은평로9길 22-12 (녹번동),근린생활2,제2종근린생활시설,101315173,지번
1138010400104830004,서울특별시 은평구 갈현동,서울특별시 은평구 연서로27길 13-8 (갈현동),근린생활2,제2종근린생활시설,1013115678,지번
1138010700101020060,서울특별시 은평구 응암동,서울특별시 은평구 응암로34길 13 (응암동),근린생활1,제1종근린생활시설,1013123523,지번
1138010600102030031,서울특별시 은평구 대조동,서울특별시 은평구 연서로26길 26 (대조동),근린생활1,제1종근린생활시설,1013121185,지번
1138010600100890270,서울특별시 은평구 대조동,서울특별시 은평구 역말로 135 (대조동),근린생활2,제2종근린생활시설,1013120398,지번
1138010800100400035,서울특별시 은평구 역촌동,서울특별시 은평구 진흥로1길 20-15 (역촌동),근린생활2,제2종근린생활시설,1013131567,지번
1138010400104940014,서울특별시 은평구 갈현동,서울특별시 은평구 갈현로 218 (갈현동),근린생활2,제2종근린생활시설,1013115855,지번
1138010800100600005,서울특별시 은평구 역촌동,서울특별시 은평구 역말로6길 8-1 (역촌동),근린생활1,제1종근린생활시설,1013132063,지번
1138010400104550007,서울특별시 은평구 갈현동,서울특별시 은평구 연서로27길 8 (갈현동),근린생활2,제2종근린생활시설,1013115300,지번
1138011400103270002,서울특별시 은평구 진관동,서울특별시 은평구 북한산로 234 (진관동),근린생활2,제2종근린생활시설,10131100238485,지번
1138010600101900023,서울특별시 은평구 대조동,서울특별시 은평구 역말로9길 30 (대조동),근린생활1,제1종근린생활시설,1013120863,지번
1138010800100320036,서울특별시 은평구 역촌동,서울특별시 은평구 연서로6길 8-1 (역촌동),근린생활1,제1종근린생활시설,1013131358,지번
1138010800100390002,서울특별시 은평구 역촌동,서울특별시 은평구 진흥로1길 9 (역촌동),근린생활1,제1종근린생활시설,10131100203604,지번
1138010200101620010,서울특별시 은평구 녹번동,서울특별시 은평구 응암로 363 (녹번동),근린생활2,제2종근린생활시설,101315095,지번
1138010400104530013,서울특별시 은평구 갈현동,서울특별시 은평구 연서로27길 20-4 (갈현동),근린생활1,제1종근린생활시설,1013115258,지번
1138010400104290010,서울특별시 은평구 갈현동,서울특별시 은평구 통일로83길 20 (갈현동),근린생활2,제2종근린생활시설,1013114920,지번
1138010800100020050,서울특별시 은평구 역촌동,서울특별시 은평구 역말로 105 (역촌동),근린생활2,제2종근린생활시설,1013130202,지번
1138010800100810048,서울특별시 은평구 역촌동,서울특별시 은평구 갈현로4길 25-9 (역촌동),근린생활2,제2종근린생활시설,10131100234785,지번
1138010300105280000,서울특별시 은평구 불광동,서울특별시 은평구 통일로 944 (불광동),근린생활1,제1종근린생활시설,1013110570,지번
1138010800100350066,서울특별시 은평구 역촌동,서울특별시 은평구 연서로4길 3 (역촌동),근린생활2,제2종근린생활시설,1013131453,지번
1138011000101880015,서울특별시 은평구 증산동,서울특별시 은평구 증산서길 104 (증산동),근린생활1,제1종근린생활시설,1013138206,지번
1138010700105990005,서울특별시 은평구 응암동,서울특별시 은평구 응암로13길 11-10 (응암동),근린생활2,제2종근린생활시설,1013127018,지번
1138010200101620036,서울특별시 은평구 녹번동,서울특별시 은평구 진흥로 72 (녹번동),근린생활2,제2종근린생활시설,101315114,지번
1138010400104550004,서울특별시 은평구 갈현동,서울특별시 은평구 연서로29길 11-11 (갈현동),근린생활2,제2종근린생활시설,1013115298,지번
1138010900100280011,서울특별시 은평구 신사동,서울특별시 은평구 증산로21길 22 (신사동),근린생활2,제2종근린생활시설,1013134638,지번
1138011000101630001,서울특별시 은평구 증산동,서울특별시 은평구 증산로 337 (증산동),근린생활2,제2종근린생활시설,1013137858,지번
1138010800100640001,서울특별시 은평구 역촌동,서울특별시 은평구 연서로5길 7 (역촌동),근린생활1,제1종근린생활시설,1013132186,지번
1138010700107330023,서울특별시 은평구 응암동,서울특별시 은평구 가좌로7나길 25 (응암동),근린생활,근린생활시설,1013127962,지번
1138010200101560039,서울특별시 은평구 녹번동,서울특별시 은평구 은평로11길 12-11 (녹번동),근린생활1,제1종근린생활시설,101314966,지번
1138010400104630018,서울특별시 은평구 갈현동,서울특별시 은평구 연서로21길 3 (갈현동),근린생활2,제2종근린생활시설,1013115417,지번
1138010700105770030,서울특별시 은평구 응암동,서울특별시 은평구 가좌로 236 (응암동),근린생활2,제2종근린생활시설,1013129362,지번
1138010900100290144,서울특별시 은평구 신사동,서울특별시 은평구 은평로2길 6-18 (신사동),근린생활2,제2종근린생활시설,10131100213289,지번
1138010600102240006,서울특별시 은평구 대조동,서울특별시 은평구 연서로18길 4 (대조동),근린생활2,제2종근린생활시설,1013121677,지번
1138010600100430003,서울특별시 은평구 대조동,서울특별시 은평구 진흥로 121-9 (대조동),근린생활1,제1종근린생활시설,1013119669,지번
1138010800100280039,서울특별시 은평구 역촌동,서울특별시 은평구 진흥로 75 (역촌동),근린생활2,제2종근린생활시설,1013131270,지번
1138010700105920066,서울특별시 은평구 응암동,서울특별시 은평구 불광천길 326 (응암동),근린생활2,제2종근린생활시설,1013126820,지번
1138010800100020005,서울특별시 은평구 역촌동,서울특별시 은평구 연서로16길 15-4 (역촌동),근린생활2,제2종근린생활시설,1013130167,지번
1138010800100450002,서울특별시 은평구 역촌동,서울특별시 은평구 연서로 89-1 (역촌동),근린생활1,제1종근린생활시설,1013131685,지번
1138010300102900024,서울특별시 은평구 불광동,서울특별시 은평구 통일로72길 3 (불광동),근린생활2,제2종근린생활시설,101317815,지번
1138010800100830017,서울특별시 은평구 역촌동,서울특별시 은평구 연서로 31 (역촌동),근린생활1,제1종근린생활시설,1013132726,지번
1138010800100840020,서울특별시 은평구 역촌동,서울특별시 은평구 은평로3길 17 (역촌동),근린생활,근린생활시설,1013132769,지번
1138010600100890152,서울특별시 은평구 대조동,서울특별시 은평구 역말로9길 8 (대조동),근린생활1,제1종근린생활시설,1013120348,지번
1138010200101620031,서울특별시 은평구 녹번동,서울특별시 은평구 진흥로 74-1 (녹번동),근린생활1,제1종근린생활시설,101315110,지번
1138010800100180001,서울특별시 은평구 역촌동,서울특별시 은평구 서오릉로7길 12 (역촌동),근린생활1,제1종근린생활시설,1013130816,지번
1138010600102140010,서울특별시 은평구 대조동,서울특별시 은평구 연서로20길 22-3 (대조동),근린생활1,제1종근린생활시설,1013121445,지번
1138010900100160022,서울특별시 은평구 신사동,서울특별시 은평구 갈현로 15 (신사동),근린생활1,제1종근린생활시설,10131100270315,지번
1138010600100590070,서울특별시 은평구 대조동,서울특별시 은평구 진흥로11길 1-3 (대조동),근린생활2,제2종근린생활시설,1013119891,지번
1138010800100310012,서울특별시 은평구 역촌동,서울특별시 은평구 진흥로5길 8 (역촌동),근린생활2,제2종근린생활시설,1013131337,지번
1138010500100240071,서울특별시 은평구 구산동,서울특별시 은평구 연서로11길 21 (구산동),근린생활1,제1종근린생활시설,1013118143,지번
1138010800100730003,서울특별시 은평구 역촌동,서울특별시 은평구 갈현로7길 16 (역촌동),근린생활2,제2종근린생활시설,1013132411,지번
1138010700101720001,서울특별시 은평구 응암동,서울특별시 은평구 백련산로14길 20-15 (응암동),근린생활2,제2종근린생활시설,10131100289328,지번
1138010100103700005,서울특별시 은평구 수색동,서울특별시 은평구 수색로 275 (수색동),근린생활1,제1종근린생활시설,101312227,지번
1138010400104690014,서울특별시 은평구 갈현동,서울특별시 은평구 연서로17길 17 (갈현동),근린생활1,제1종근린생활시설,1013115462,지번
1138010800100270050,서울특별시 은평구 역촌동,서울특별시 은평구 진흥로7길 8-4 (역촌동),근린생활2,제2종근린생활시설,1013131247,지번
1138010300101880002,서울특별시 은평구 불광동,서울특별시 은평구 불광로18길 12 (불광동),근린생활2,제2종근린생활시설,101316963,지번
1138010800100630037,서울특별시 은평구 역촌동,서울특별시 은평구 연서로3가길 2 (역촌동),근린생활1,단독주택,1013132165,지번
1138010800100840046,서울특별시 은평구 역촌동,서울특별시 은평구 갈현로4길 31-2 (역촌동),근린생활2,제2종근린생활시설,1013132786,지번
1138010400103940020,서울특별시 은평구 갈현동,서울특별시 은평구 통일로83길 6-6 (갈현동),근린생활2,제2종근린생활시설,1013114361,지번
1138010800100240020,서울특별시 은평구 역촌동,서울특별시 은평구 진흥로7길 26 (역촌동),근린생활1,제1종근린생활시설,1013131061,지번
1138010700107510034,서울특별시 은평구 응암동,서울특별시 은평구 응암로12길 26-14 (응암동),근린생활1,제1종근린생활시설,1013128150,지번
1138010800100080042,서울특별시 은평구 역촌동,서울특별시 은평구 연서로 96-1 (역촌동),근린생활1,제1종근린생활시설,1013130437,지번
1138010600100480100,서울특별시 은평구 대조동,서울특별시 은평구 서오릉로 128 (대조동),근린생활2,제2종근린생활시설,1013119765,지번
1138010800100340049,서울특별시 은평구 역촌동,서울특별시 은평구 연서로4길 19 (역촌동),근린생활2,제2종근린생활시설,1013131406,지번
1138010400104990028,서울특별시 은평구 갈현동,서울특별시 은평구 갈현로 226 (갈현동),근린생활1,제1종근린생활시설,1013115932,지번
1138010800100100082,서울특별시 은평구 역촌동,서울특별시 은평구 역말로 53 (역촌동),근린생활1,제1종근린생활시설,1013130533,지번
1138010800100830013,서울특별시 은평구 역촌동,서울특별시 은평구 은평로3길 36 (역촌동),근린생활2,제2종근린생활시설,1013132722,지번
1138010800100360049,서울특별시 은평구 역촌동,서울특별시 은평구 연서로 32 (역촌동),근린생활1,제1종근린생활시설,1013131479,지번
1138010300100130018,서울특별시 은평구 불광동,서울특별시 은평구 불광로 130-1 (불광동),근린생활1,제1종근린생활시설,10131100307334,지번
1138010100103640008,서울특별시 은평구 수색동,서울특별시 은평구 수색로 276-3 (수색동),근린생활2,제2종근린생활시설,101312136,지번
1138010400104740018,서울특별시 은평구 갈현동,서울특별시 은평구 연서로19길 16-11 (갈현동),근린생활1,제1종근린생활시설,1013115523,지번
1138010400104740018,서울특별시 은평구 갈현동,서울특별시 은평구 연서로19길 16-11 (갈현동),근린생활1,제2종근린생활시설,1013115524,지번
1138010600102240026,서울특별시 은평구 대조동,서울특별시 은평구 서오릉로 138 (대조동),판매시설,판매시설,1013121696,지번
1138010200101620011,서울특별시 은평구 녹번동,서울특별시 은평구 응암로 361 (녹번동),근린생활2,제2종근린생활시설,101315096,지번
1138010800100850016,서울특별시 은평구 역촌동,서울특별시 은평구 은평로3길 14 (역촌동),근린생활1,제1종근린생활시설,1013132799,지번
1138010600102200003,서울특별시 은평구 대조동,서울특별시 은평구 연서로 186 (대조동),근린생활2,제2종근린생활시설,1013121566,지번
1138010600100890276,서울특별시 은평구 대조동,서울특별시 은평구 역말로 110 (대조동),근린생활1,제1종근린생활시설,1013120400,지번
1138010800100010002,서울특별시 은평구 역촌동,서울특별시 은평구 서오릉로 137 (역촌동),근린생활2,제1종근린생활시설,1013130134,지번
1138010800100400021,서울특별시 은평구 역촌동,서울특별시 은평구 진흥로1길 22 (역촌동),근린생활1,제1종근린생활시설,1013131562,지번
1138010700100810011,서울특별시 은평구 응암동,서울특별시 은평구 은평로14길 5-5 (응암동),근린생활2,제2종근린생활시설,10131100182564,지번
1138010800100450043,서울특별시 은평구 역촌동,서울특별시 은평구 연서로 81 (역촌동),근린생활1,제1종근린생활시설,1013131711,지번
1138010800100420009,서울특별시 은평구 역촌동,서울특별시 은평구 진흥로1길 6-4 (역촌동),근린생활2,제2종근린생활시설,10131100233585,지번
1138010800100630049,서울특별시 은평구 역촌동,서울특별시 은평구 연서로 53 (역촌동),근린생활1,제1종근린생활시설,1013132174,지번
1138010300102970028,서울특별시 은평구 불광동,서울특별시 은평구 통일로78길 12-23 (불광동),근린생활2,제2종근린생활시설,101318123,지번
1138010800100370040,서울특별시 은평구 역촌동,서울특별시 은평구 진흥로1길 21 (역촌동),근린생활,근린생활시설,1013131501,지번
1138010800100180017,서울특별시 은평구 역촌동,서울특별시 은평구 서오릉로7길 14 (역촌동),근린생활1,제1종근린생활시설,1013130828,지번
1138010600101990003,서울특별시 은평구 대조동,서울특별시 은평구 연서로 202 (대조동),근린생활1,근린생활시설,1013121072,지번
1138010700103350028,서울특별시 은평구 응암동,서울특별시 은평구 응암로14길 15-22 (응암동),근린생활1,제1종근린생활시설,1013125287,지번
1138010800100350035,서울특별시 은평구 역촌동,서울특별시 은평구 연서로4길 5-3 (역촌동),근린생활2,공동주택,1000000000000004435047,지번
1138010600102190002,서울특별시 은평구 대조동,서울특별시 은평구 연서로 198-1 (대조동),근린생활1,제1종근린생활시설,1013121538,지번
1138010400104620047,서울특별시 은평구 갈현동,서울특별시 은평구 연서로23길 3 (갈현동),근린생활2,제2종근린생활시설,1013115406,지번
1138010800100080031,서울특별시 은평구 역촌동,서울특별시 은평구 연서로 100 (역촌동),근린생활2,제2종근린생활시설,1013130431,지번
1138010800100590020,서울특별시 은평구 역촌동,서울특별시 은평구 역말로 24 (역촌동),근린생활1,제1종근린생활시설,1013132045,지번
1138010700105970001,서울특별시 은평구 응암동,서울특별시 은평구 응암로11길 5 (응암동),근린생활2,제2종근린생활시설,1013126975,지번
1138010800100430026,서울특별시 은평구 역촌동,서울특별시 은평구 진흥로 21-11 (역촌동),근린생활2,제2종근린생활시설,10131100209285,지번
1138010400104740001,서울특별시 은평구 갈현동,서울특별시 은평구 은평로 195 (갈현동),근린생활1,제1종근린생활시설,1000000000000003896471,지번
1138010800100640026,서울특별시 은평구 역촌동,서울특별시 은평구 연서로5길 21 (역촌동),근린생활1,제1종근린생활시설,1013132196,지번
1138010800100130037,서울특별시 은평구 역촌동,서울특별시 은평구 역말로 81-1 (역촌동),근린생활,단독주택,1013130646,지번
1138010800100370051,서울특별시 은평구 역촌동,서울특별시 은평구 연서로4길 18 (역촌동),근린생활1,제1종근린생활시설,1013131506,지번
1138010300100130014,서울특별시 은평구 불광동,서울특별시 은평구 불광로 134 (불광동),근린생활2,제2종근린생활시설,101316144,지번
1138010800100420048,서울특별시 은평구 역촌동,서울특별시 은평구 진흥로 41 (역촌동),근린생활2,제2종근린생활시설,10131100191653,지번
1138010800100450061,서울특별시 은평구 역촌동,서울특별시 은평구 연서로 87 (역촌동),근린생활2,제2종근린생활시설,1013131722,지번
1138010800100660043,서울특별시 은평구 역촌동,서울특별시 은평구 연서로3길 10 (역촌동),근린생활2,제2종근린생활시설,1013132260,지번
1138010800100010007,서울특별시 은평구 역촌동,서울특별시 은평구 서오릉로 133 (역촌동),근린생활1,제1종근린생활시설,1013130139,지번
1138010200101760002,서울특별시 은평구 녹번동,서울특별시 은평구 응암로 351-1 (녹번동),근린생활2,제2종근린생활시설,101315165,지번
1138010900103370002,서울특별시 은평구 신사동,서울특별시 은평구 증산로 393-1 (신사동),근린생활1,제1종근린생활시설,1013136322,지번
1138010400103940010,서울특별시 은평구 갈현동,서울특별시 은평구 통일로85길 5 (갈현동),근린생활2,제2종근린생활시설,1013114354,지번
1138010800100270014,서울특별시 은평구 역촌동,서울특별시 은평구 진흥로 81 (역촌동),근린생활1,제1종근린생활시설,1013131224,지번
1138010800100250122,서울특별시 은평구 역촌동,서울특별시 은평구 진흥로7길 18 (역촌동),근린생활1,제1종근린생활시설,1013131154,지번
1138010800100280007,서울특별시 은평구 역촌동,서울특별시 은평구 진흥로 77 (역촌동),근린생활2,제2종근린생활시설,10131100291094,지번
1138010400104620025,서울특별시 은평구 갈현동,서울특별시 은평구 연서로 185 (갈현동),근린생활2,제2종근린생활시설,1013115399,지번
1138010600101790048,서울특별시 은평구 대조동,서울특별시 은평구 서오릉로 74 (대조동),근린생활1,제1종근린생활시설,1013120682,지번
1138010800100160014,서울특별시 은평구 역촌동,서울특별시 은평구 서오릉로7길 7-1 (역촌동),근린생활,근린생활시설,1013130763,지번
1138010100103700001,서울특별시 은평구 수색동,서울특별시 은평구 수색로 271 (수색동),근린생활2,제2종근린생활시설,101312221,지번
1138010800100340034,서울특별시 은평구 역촌동,서울특별시 은평구 연서로4길 17 (역촌동),근린생활1,제1종근린생활시설,1013131401,지번
1138010800100450060,서울특별시 은평구 역촌동,서울특별시 은평구 연서로 89 (역촌동),근린생활,근린생활시설,1013131721,지번
1138010600100330047,서울특별시 은평구 대조동,서울특별시 은평구 서오릉로8길 32 (대조동),근린생활1,제1종근린생활시설,1013119571,지번
1138010800100830046,서울특별시 은평구 역촌동,서울특별시 은평구 연서로 23-1 (역촌동),근린생활1,제1종근린생활시설,1013132745,지번
1138010100103210002,서울특별시 은평구 수색동,서울특별시 은평구 수색로22가길 9-1 (수색동),근린생활1,제1종근린생활시설,10131100308774,지번
1138010100103210002,서울특별시 은평구 수색동,서울특별시 은평구 수색로22가길 9-1 (수색동),근린생활1,단독주택,101311655,지번
1138010400104620041,서울특별시 은평구 갈현동,서울특별시 은평구 연서로 183-4 (갈현동),근린생활2,제2종근린생활시설,1013115401,지번
1138010300103140013,서울특별시 은평구 불광동,서울특별시 은평구 연서로 263 (불광동),근린생활1,제1종근린생활시설,101318511,지번
1138010300103420002,서울특별시 은평구 불광동,서울특별시 은평구 연서로32길 5-4 (불광동),근린생활2,제2종근린생활시설,101318821,지번
1138010200101560007,서울특별시 은평구 녹번동,서울특별시 은평구 은평로13길 11-6 (녹번동),근린생활2,제2종근린생활시설,101314950,지번
1138010800100510022,서울특별시 은평구 역촌동,서울특별시 은평구 역말로 7 (역촌동),근린생활2,제2종근린생활시설,1013131877,지번
1138010800100510022,서울특별시 은평구 역촌동,서울특별시 은평구 역말로 7 (역촌동),근린생활2,노유자시설,1013131878,지번
1138010800100680034,서울특별시 은평구 역촌동,서울특별시 은평구 연서로3길 38 (역촌동),근린생활1,제1종근린생활시설,1013132301,지번
1138010900100130018,서울특별시 은평구 신사동,서울특별시 은평구 갈현로3길 14 (신사동),근린생활1,제1종근린생활시설,1013134184,지번
1138010900100090013,서울특별시 은평구 신사동,서울특별시 은평구 갈현로 41 (신사동),근린생활2,제2종근린생활시설,1013134122,지번
1138010800100690010,서울특별시 은평구 역촌동,서울특별시 은평구 연서로3길 46 (역촌동),근린생활2,제2종근린생활시설,1013132320,지번
1138010400105270003,서울특별시 은평구 갈현동,서울특별시 은평구 서오릉로 210 (갈현동),근린생활,근린생활시설,1013116476,지번
1138010700101110016,서울특별시 은평구 응암동,서울특별시 은평구 은평로4길 3 (응암동),근린생활2,제2종근린생활시설,10131100265862,지번
1138010500100120006,서울특별시 은평구 구산동,서울특별시 은평구 갈현로 154-1 (구산동),근린생활2,제2종근린생활시설,1013117819,지번
1138010400105070017,서울특별시 은평구 갈현동,서울특별시 은평구 갈현로19길 5-17 (갈현동),근린생활2,제2종근린생활시설,1013116106,지번
1138010200101440055,서울특별시 은평구 녹번동,서울특별시 은평구 진흥로 122 (녹번동),근린생활1,제1종근린생활시설,101314779,지번
1138010900103390006,서울특별시 은평구 신사동,서울특별시 은평구 증산로15길 6-1 (신사동),근린생활2,제2종근린생활시설,1013136395,지번
1138010900103390006,서울특별시 은평구 신사동,서울특별시 은평구 증산로15길 6-1 (신사동),근린생활2,제1종근린생활시설,1013136396,지번
1138010700105900012,서울특별시 은평구 응암동,서울특별시 은평구 응암로13길 8 (응암동),근린생활2,제2종근린생활시설,1013126722,지번
1138010500103390023,서울특별시 은평구 구산동,서울특별시 은평구 서오릉로17길 2-6 (구산동),근린생활2,제2종근린생활시설,1013114036,지번
1138010400104000001,서울특별시 은평구 갈현동,서울특별시 은평구 통일로 863-13 (갈현동),근린생활2,제2종근린생활시설,1013114426,지번
1138010700106020010,서울특별시 은평구 응암동,서울특별시 은평구 응암로4길 29 (응암동),근린생활2,제2종근린생활시설,1013127148,지번
1138010900100250031,서울특별시 은평구 신사동,서울특별시 은평구 증산로23길 11-3 (신사동),근린생활2,제2종근린생활시설,10131100212269,지번
1138010500100140037,서울특별시 은평구 구산동,서울특별시 은평구 갈현로 153-1 (구산동),근린생활2,제2종근린생활시설,1013117841,지번
1138010900101910039,서울특별시 은평구 신사동,서울특별시 은평구 은평터널로7길 19 (신사동),근린생활2,제2종근린생활시설,1013135310,지번
1138010900102780033,서울특별시 은평구 신사동,서울특별시 은평구 갈현로3길 33-8 (신사동),근린생활1,제1종근린생활시설,1013136142,지번
1138010800100620044,서울특별시 은평구 역촌동,서울특별시 은평구 연서로 67 (역촌동),근린생활2,제2종근린생활시설,10131100288634,지번
1138010900100080004,서울특별시 은평구 신사동,서울특별시 은평구 갈현로 28 (신사동),근린생활1,제1종근린생활시설,1013134082,지번
1138010400105290035,서울특별시 은평구 갈현동,서울특별시 은평구 서오릉로18길 6-17 (갈현동),근린생활1,제1종근린생활시설,1013116497,지번
1138010800100780008,서울특별시 은평구 역촌동,서울특별시 은평구 갈현로 55-2 (역촌동),근린생활1,단독주택,1013132527,지번
1138010800100780008,서울특별시 은평구 역촌동,서울특별시 은평구 갈현로 55-1 (역촌동),근린생활1,제1종근린생활시설,1013132528,지번
1138010800100690019,서울특별시 은평구 역촌동,서울특별시 은평구 갈현로 62 (역촌동),근린생활2,제2종근린생활시설,1013132326,지번
1138010800100550019,서울특별시 은평구 역촌동,서울특별시 은평구 연서로5길 42-1 (역촌동),근린생활1,제1종근린생활시설,1013131968,지번
1138010600100030023,서울특별시 은평구 대조동,서울특별시 은평구 통일로71길 32-8 (대조동),근린생활1,제1종근린생활시설,1013119177,지번
1138010500102100020,서울특별시 은평구 구산동,서울특별시 은평구 서오릉로15길 15-4 (구산동),근린생활2,제2종근린생활시설,1013118589,지번
1138010300101940001,서울특별시 은평구 불광동,서울특별시 은평구 불광로 177 (불광동),근린생활1,제1종근린생활시설,101316981,지번
1138010200101650001,서울특별시 은평구 녹번동,서울특별시 은평구 서오릉로4길 6 (녹번동),근린생활2,제2종근린생활시설,101315118,지번
1138010400104310001,서울특별시 은평구 갈현동,서울특별시 은평구 연서로29길 30-18 (갈현동),근린생활2,제2종근린생활시설,1013114953,지번
1138010900100160030,서울특별시 은평구 신사동,서울특별시 은평구 갈현로 27 (신사동),근린생활1,제1종근린생활시설,1013134270,지번
1138010700101040042,서울특별시 은평구 응암동,서울특별시 은평구 응암로 294 (응암동),근린생활1,제1종근린생활시설,1013123603,지번
1138010400103950009,서울특별시 은평구 갈현동,서울특별시 은평구 통일로 863-14 (갈현동),근린생활2,제2종근린생활시설,1013114372,지번
1138010800100750014,서울특별시 은평구 역촌동,서울특별시 은평구 갈현로7가길 6 (역촌동),근린생활1,단독주택,1013132474,본번
1138010300104220004,서울특별시 은평구 불광동,서울특별시 은평구 연서로 289 (불광동),근린생활1,제1종근린생활시설,101319570,지번
1138010400105290034,서울특별시 은평구 갈현동,서울특별시 은평구 갈현로19길 13-1 (갈현동),근린생활1,제1종근린생활시설,1013116496,지번
1138010400104360016,서울특별시 은평구 갈현동,서울특별시 은평구 갈현로 297 (갈현동),근린생활2,제2종근린생활시설,1013115070,지번
1138010300105080000,서울특별시 은평구 불광동,서울특별시 은평구 통일로 936 (불광동),근린생활1,제1종근린생활시설,1013110559,지번
1138010400103250005,서울특별시 은평구 갈현동,서울특별시 은평구 서오릉로 242 (갈현동),근린생활1,제1종근린생활시설,1013113913,지번
1138010400105270006,서울특별시 은평구 갈현동,서울특별시 은평구 서오릉로18길 6-4 (갈현동),근린생활1,제1종근린생활시설,1013116478,지번
1138010400104530011,서울특별시 은평구 갈현동,서울특별시 은평구 연서로27길 16 (갈현동),근린생활1,제1종근린생활시설,1013115256,지번
1138010700101070012,서울특별시 은평구 응암동,서울특별시 은평구 응암로 286 (응암동),근린생활2,제2종근린생활시설,1013123659,지번
1138010400105080009,서울특별시 은평구 갈현동,서울특별시 은평구 갈현로 181-11 (갈현동),근린생활2,제2종근린생활시설,1013116125,지번
1138010700107000001,서울특별시 은평구 응암동,서울특별시 은평구 가좌로7라길 13-4 (응암동),근린생활1,제1종근린생활시설,1013127756,지번
1138010400105080011,서울특별시 은평구 갈현동,서울특별시 은평구 서오릉로 204 (갈현동),근린생활2,제2종근린생활시설,1013116127,지번
1138010300103530066,서울특별시 은평구 불광동,서울특별시 은평구 연서로32길 3 (불광동),근린생활1,제1종근린생활시설,101319032,지번
1138010400105290033,서울특별시 은평구 갈현동,서울특별시 은평구 갈현로19길 9-8 (갈현동),근린생활2,제2종근린생활시설,1013116495,지번
1138010400100060003,서울특별시 은평구 갈현동,서울특별시 은평구 갈현로45길 2 (갈현동),근린생활2,제2종근린생활시설,1013112135,지번
1138010500100260007,서울특별시 은평구 구산동,서울특별시 은평구 갈현로 121 (구산동),근린생활2,제2종근린생활시설,1013118178,지번
1138010800100760016,서울특별시 은평구 역촌동,서울특별시 은평구 갈현로7길 9 (역촌동),근린생활2,제2종근린생활시설,1013132489,지번
1138010800100720011,서울특별시 은평구 역촌동,서울특별시 은평구 갈현로7길 14 (역촌동),근린생활2,제2종근린생활시설,1013132394,지번
1138010400104560033,서울특별시 은평구 갈현동,서울특별시 은평구 연서로 221 (갈현동),근린생활,근린생활시설,1013115334,지번
1138010400103330009,서울특별시 은평구 갈현동,서울특별시 은평구 서오릉로 226 (갈현동),근린생활1,제1종근린생활시설,1013114023,지번
1138010500103230007,서울특별시 은평구 구산동,서울특별시 은평구 서오릉로21길 5 (구산동),근린생활2,제2종근린생활시설,1013113904,지번
1138010400105080002,서울특별시 은평구 갈현동,서울특별시 은평구 갈현로 181-7 (갈현동),근린생활2,제2종근린생활시설,1013116119,지번
1138010500103390017,서울특별시 은평구 구산동,서울특별시 은평구 서오릉로 217-4 (구산동),근린생활,근린생활시설,1013114034,지번
1138010600100600018,서울특별시 은평구 대조동,서울특별시 은평구 서오릉로8길 14 (대조동),근린생활2,제2종근린생활시설,1013119908,지번
1138010500102020003,서울특별시 은평구 구산동,서울특별시 은평구 서오릉로 201 (구산동),근린생활1,제1종근린생활시설,1013118530,지번
1138010800101910002,서울특별시 은평구 역촌동,서울특별시 은평구 갈현로7가길 11 (역촌동),근린생활,근린생활시설,1013132926,지번
1138010800100750016,서울특별시 은평구 역촌동,서울특별시 은평구 갈현로7가길 6 (역촌동),근린생활1,단독주택,1013132474,본번
1138010400105020028,서울특별시 은평구 갈현동,서울특별시 은평구 연서로27길 35 (갈현동),근린생활1,제1종근린생활시설,1013115968,지번
1138010400105020027,서울특별시 은평구 갈현동,서울특별시 은평구 연서로27길 37 (갈현동),근린생활2,제2종근린생활시설,1013115967,지번
1138010300101040023,서울특별시 은평구 불광동,서울특별시 은평구 연서로 311 (불광동),근린생활2,제2종근린생활시설,10131100290474,지번
1138010400105090003,서울특별시 은평구 갈현동,서울특별시 은평구 갈현로 181-24 (갈현동),근린생활1,제1종근린생활시설,1013116132,지번
1138010400104710016,서울특별시 은평구 갈현동,서울특별시 은평구 연서로17길 24 (갈현동),근린생활2,제2종근린생활시설,1013115480,지번
1138010800100540024,서울특별시 은평구 역촌동,서울특별시 은평구 갈현로 87 (역촌동),근린생활2,제2종근린생활시설,1013131953,지번
1138010400104520003,서울특별시 은평구 갈현동,서울특별시 은평구 연서로27길 20-17 (갈현동),근린생활2,제2종근린생활시설,1013115224,지번
1138010200101550030,서울특별시 은평구 녹번동,서울특별시 은평구 서오릉로 23 (녹번동),근린생활2,제2종근린생활시설,101315917,지번
1138010500102020001,서울특별시 은평구 구산동,서울특별시 은평구 서오릉로 211 (구산동),근린생활2,제2종근린생활시설,1013118528,지번
1138010700107520048,서울특별시 은평구 응암동,서울특별시 은평구 응암로12길 26-37 (응암동),근린생활,근린생활시설,1013128171,지번
1138010300102810083,서울특별시 은평구 불광동,서울특별시 은평구 통일로66길 5 (불광동),근린생활2,제2종근린생활시설,101317652,지번
1138010300104440070,서울특별시 은평구 불광동,서울특별시 은평구 연서로37길 29 (불광동),근린생활1,제1종근린생활시설,101319813,지번
1138010700103700002,서울특별시 은평구 응암동,서울특별시 은평구 응암로14길 1-3 (응암동),근린생활,근린생활시설,1013125575,지번
1138010700101250001,서울특별시 은평구 응암동,서울특별시 은평구 응암로21가길 8 (응암동),근린생활1,제1종근린생활시설,1013123993,지번
1138010800100770008,서울특별시 은평구 역촌동,서울특별시 은평구 갈현로5길 16-1 (역촌동),근린생활1,공동주택,1013133740,지번
1138010800100770008,서울특별시 은평구 역촌동,서울특별시 은평구 갈현로5길 16-1 (역촌동),근린생활1,공동주택,1013133741,지번
1138010800100770008,서울특별시 은평구 역촌동,서울특별시 은평구 갈현로5길 16-1 (역촌동),근린생활1,제1종근린생활시설,1013133742,지번
1138010900100120018,서울특별시 은평구 신사동,서울특별시 은평구 갈현로3길 22 (신사동),근린생활1,제1종근린생활시설,1013134170,지번
1138011400200340000,서울특별시 은평구 진관동,서울특별시 은평구 진관길 36 (진관동),판매시설,종교시설,10131100182821,지번
1138010200101360025,서울특별시 은평구 녹번동,서울특별시 은평구 녹번로3길 24 (녹번동),근린생활1,제1종근린생활시설,101314602,지번
1138010700104020006,서울특별시 은평구 응암동,서울특별시 은평구 응암로22길 22 (응암동),근린생활2,제2종근린생활시설,1013125771,지번
1138010400105170033,서울특별시 은평구 갈현동,,근린생활1,제1종근린생활시설,10131100182156,지번
1138010300102810102,서울특별시 은평구 불광동,서울특별시 은평구 통일로 726 (불광동),근린생활2,제2종근린생활시설,10131100243085,지번
1138010400103340002,서울특별시 은평구 갈현동,서울특별시 은평구 서오릉로18길 5-1 (갈현동),근린생활1,제1종근린생활시설,1013114025,지번
1138010800100700045,서울특별시 은평구 역촌동,서울특별시 은평구 갈현로7길 6 (역촌동),근린생활1,제1종근린생활시설,1013132365,지번
1138010500103220003,서울특별시 은평구 구산동,서울특별시 은평구 서오릉로 247 (구산동),근린생활2,제2종근린생활시설,1013113901,지번
1138010500101900006,서울특별시 은평구 구산동,서울특별시 은평구 갈현로11길 10 (구산동),근린생활,근린생활시설,1013118461,지번
1138010800100710015,서울특별시 은평구 역촌동,서울특별시 은평구 갈현로11길 9 (역촌동),근린생활,근린생활시설,1013132380,지번
1138010800102010008,서울특별시 은평구 역촌동,서울특별시 은평구 갈현로11길 29 (역촌동),근린생활1,제1종근린생활시설,1013132928,지번
1138010500103210094,서울특별시 은평구 구산동,서울특별시 은평구 서오릉로21길 6-18 (구산동),근린생활2,제2종근린생활시설,1013113895,지번
1138010900103420043,서울특별시 은평구 신사동,서울특별시 은평구 증산로17길 21-1 (신사동),근린생활1,제1종근린생활시설,1013136507,지번
1138010800100300008,서울특별시 은평구 역촌동,서울특별시 은평구 진흥로1길 36 (역촌동),근린생활2,제2종근린생활시설,1013131310,지번
1138010500103660003,서울특별시 은평구 구산동,서울특별시 은평구 서오릉로 217-5 (구산동),근린생활1,제1종근린생활시설,1013114180,지번
1138010400104010015,서울특별시 은평구 갈현동,서울특별시 은평구 연서로29길 22 (갈현동),근린생활2,제2종근린생활시설,1013114453,지번
1138010600102230013,서울특별시 은평구 대조동,서울특별시 은평구 연서로 162 (대조동),근린생활2,제2종근린생활시설,1013121660,지번
1138010300100010349,서울특별시 은평구 불광동,서울특별시 은평구 진흥로 215 (불광동),근린생활1,제1종근린생활시설,101316043,지번
1138010900102680009,서울특별시 은평구 신사동,서울특별시 은평구 갈현로3나길 7 (신사동),근린생활1,제1종근린생활시설,1013136083,지번
1138010400104490032,서울특별시 은평구 갈현동,서울특별시 은평구 갈현로31길 8-1 (갈현동),근린생활2,제2종근린생활시설,1013115181,지번
1138010500102100013,서울특별시 은평구 구산동,서울특별시 은평구 갈현로 169-7 (구산동),근린생활2,제2종근린생활시설,1013118584,지번
1138010400104540006,서울특별시 은평구 갈현동,서울특별시 은평구 연서로29길 11-2 (갈현동),근린생활1,제1종근린생활시설,1013115273,지번
1138010500103680040,서울특별시 은평구 구산동,서울특별시 은평구 서오릉로17길 18-3 (구산동),근린생활2,제2종근린생활시설,1013114215,지번
1138010500103220011,서울특별시 은평구 구산동,서울특별시 은평구 서오릉로23길 5 (구산동),근린생활2,제2종근린생활시설,1013113902,지번
1138010700101110037,서울특별시 은평구 응암동,서울특별시 은평구 은평로 94-1 (응암동),근린생활2,제2종근린생활시설,10131100204964,지번
1138010400104770037,서울특별시 은평구 갈현동,서울특별시 은평구 연서로21길 16-1 (갈현동),근린생활1,제1종근린생활시설,1013115583,지번
1138010400104720014,서울특별시 은평구 갈현동,서울특별시 은평구 연서로17길 26-9 (갈현동),근린생활2,제2종근린생활시설,1013115486,지번
1138010700103350051,서울특별시 은평구 응암동,서울특별시 은평구 가좌로 210 (응암동),근린생활1,제1종근린생활시설,1013125300,지번
1138010800100520001,서울특별시 은평구 역촌동,서울특별시 은평구 갈현로 107 (역촌동),근린생활1,제1종근린생활시설,1013131900,지번
1138010800100710017,서울특별시 은평구 역촌동,서울특별시 은평구 갈현로11길 13 (역촌동),근린생활2,제2종근린생활시설,1013132381,지번
1138010900103360003,서울특별시 은평구 신사동,서울특별시 은평구 증산로 397 (신사동),근린생활2,제2종근린생활시설,10131100194533,지번
1138010500101770178,서울특별시 은평구 구산동,서울특별시 은평구 갈현로11길 16 (구산동),근린생활2,단독주택,1013118412,지번
1138010500101770178,서울특별시 은평구 구산동,서울특별시 은평구 갈현로11길 16 (구산동),근린생활2,제2종근린생활시설,1013118413,지번
1138010800100510073,서울특별시 은평구 역촌동,서울특별시 은평구 역말로 5 (역촌동),근린생활2,제2종근린생활시설,1013131892,지번
1138010700107520004,서울특별시 은평구 응암동,서울특별시 은평구 응암로12길 32 (응암동),근린생활,근린생활시설,1013128154,지번
1138010600100250002,서울특별시 은평구 대조동,서울특별시 은평구 불광로1길 11-5 (대조동),근린생활1,제1종근린생활시설,10131100320515,지번
1138010900102610001,서울특별시 은평구 신사동,서울특별시 은평구 갈현로3가길 5 (신사동),근린생활2,제2종근린생활시설,1013136052,지번
1138010900102620001,서울특별시 은평구 신사동,서울특별시 은평구 갈현로3다길 11 (신사동),근린생활2,제2종근린생활시설,10131100198382,지번
1138010900102620001,서울특별시 은평구 신사동,서울특별시 은평구 갈현로3다길 13 (신사동),근린생활2,제2종근린생활시설,1013136059,지번
1138010400105450000,서울특별시 은평구 갈현동,서울특별시 은평구 갈현로29길 62 (갈현동),근린생활,공동주택,1013117559,지번
1138010400105450000,서울특별시 은평구 갈현동,서울특별시 은평구 갈현로29길 62 (갈현동),근린생활,근린생활시설,1013117560,지번
1138010400105450000,서울특별시 은평구 갈현동,서울특별시 은평구 갈현로29길 62 (갈현동),근린생활,공동주택,1013117562,지번
1138010400105450000,서울특별시 은평구 갈현동,서울특별시 은평구 갈현로29길 62 (갈현동),근린생활,공동주택,1013117563,지번
1138010900100360039,서울특별시 은평구 신사동,서울특별시 은평구 가좌로 276-9 (신사동),근린생활,근린생활시설,1013134896,지번
1138010900100360039,서울특별시 은평구 신사동,서울특별시 은평구 가좌로 276-9 (신사동),근린생활,근린생활시설,1013134897,지번
1138010800100550005,서울특별시 은평구 역촌동,서울특별시 은평구 갈현로 74 (역촌동),근린생활1,제1종근린생활시설,1013131959,지번
1138011000102550000,서울특별시 은평구 증산동,서울특별시 은평구 증산서길 79 (증산동),근린생활1,공동주택,1013139096,지번
1138011000102550000,서울특별시 은평구 증산동,서울특별시 은평구 증산서길 79 (증산동),근린생활1,제1종근린생활시설,1013139098,지번
1138011000102550000,서울특별시 은평구 증산동,서울특별시 은평구 증산서길 79 (증산동),근린생활1,공동주택,1013139102,지번
1138010500102060009,서울특별시 은평구 구산동,서울특별시 은평구 서오릉로15길 6-3 (구산동),근린생활2,제2종근린생활시설,1013118559,지번
1138010800100540001,서울특별시 은평구 역촌동,서울특별시 은평구 갈현로 89 (역촌동),근린생활1,제1종근린생활시설,1013131941,지번
1138010900102970000,서울특별시 은평구 신사동,서울특별시 은평구 가좌로 391 (신사동),근린생활2,공동주택,1013137342,지번
1138010900102970000,서울특별시 은평구 신사동,서울특별시 은평구 가좌로 391 (신사동),근린생활2,제2종근린생활시설,1013137344,지번
1138010900102970000,서울특별시 은평구 신사동,서울특별시 은평구 가좌로 391 (신사동),근린생활2,공동주택,1013137346,지번
1138010500102020020,서울특별시 은평구 구산동,서울특별시 은평구 갈현로 169-6 (구산동),근린생활2,제2종근린생활시설,1013118541,지번
1138010500101750001,서울특별시 은평구 구산동,서울특별시 은평구 갈현로15길 22 (구산동),근린생활1,제1종근린생활시설,1013118307,지번
1138010500103630007,서울특별시 은평구 구산동,서울특별시 은평구 서오릉로17길 13-12 (구산동),근린생활2,제2종근린생활시설,1013114171,지번
1138010800101870035,서울특별시 은평구 역촌동,서울특별시 은평구 갈현로3가길 16 (역촌동),근린생활1,공동주택,1013133823,지번
1138010800101870035,서울특별시 은평구 역촌동,서울특별시 은평구 갈현로3가길 16 (역촌동),근린생활1,공동주택,1013133825,지번
1138010800101870035,서울특별시 은평구 역촌동,서울특별시 은평구 갈현로3가길 16 (역촌동),근린생활1,제1종근린생활시설,1013133826,지번
1138010500103500009,서울특별시 은평구 구산동,서울특별시 은평구 서오릉로17길 18-6 (구산동),근린생활1,제1종근린생활시설,1013114077,지번
1138010900102820001,서울특별시 은평구 신사동,서울특별시 은평구 갈현로3길 42 (신사동),근린생활1,제1종근린생활시설,1013136151,지번
1138010400105180014,서울특별시 은평구 갈현동,서울특별시 은평구 갈현로23길 34 (갈현동),근린생활,근린생활시설,1013116309,지번
1138010500101820022,서울특별시 은평구 구산동,서울특별시 은평구 갈현로17나길 36-6 (구산동),근린생활1,제1종근린생활시설,1013118447,지번
1138010500100250017,서울특별시 은평구 구산동,서울특별시 은평구 갈현로 114 (구산동),근린생활2,제2종근린생활시설,1013118152,지번
1138010500103040030,서울특별시 은평구 구산동,서울특별시 은평구 서오릉로 271-8 (구산동),근린생활2,제2종근린생활시설,1013113724,지번
1138011000101760007,서울특별시 은평구 증산동,서울특별시 은평구 증산로3길 8 (증산동),근린생활1,제1종근린생활시설,1013138042,지번
1138011000101760007,서울특별시 은평구 증산동,서울특별시 은평구 증산로3길 8 (증산동),근린생활1,제1종근린생활시설,1013138043,지번
1138011000101760007,서울특별시 은평구 증산동,서울특별시 은평구 증산로3길 8 (증산동),근린생활1,제1종근린생활시설,1013138044,지번
1138010800100740002,서울특별시 은평구 역촌동,서울특별시 은평구 갈현로11길 19 (역촌동),근린생활2,제2종근린생활시설,1013132433,지번
1138010700105760056,서울특별시 은평구 응암동,서울특별시 은평구 가좌로 218 (응암동),근린생활2,제2종근린생활시설,1013126297,지번
1138010500103550005,서울특별시 은평구 구산동,서울특별시 은평구 서오릉로21가길 4-6 (구산동),근린생활2,제2종근린생활시설,1013114093,지번
1138010800100750006,서울특별시 은평구 역촌동,서울특별시 은평구 갈현로7가길 6 (역촌동),근린생활1,단독주택,1013132474,본번
1138010500102020013,서울특별시 은평구 구산동,서울특별시 은평구 서오릉로 205 (구산동),근린생활2,제2종근린생활시설,1013118538,지번
1138010800100850048,서울특별시 은평구 역촌동,서울특별시 은평구 은평로 65 (역촌동),근린생활1,제1종근린생활시설,1013132819,지번
1138010600101850025,서울특별시 은평구 대조동,서울특별시 은평구 연서로28길 11 (대조동),근린생활2,제2종근린생활시설,1013120717,지번
1138010600102230004,서울특별시 은평구 대조동,서울특별시 은평구 연서로 154 (대조동),근린생활2,제2종근린생활시설,1013121655,지번
1138010300105420001,서울특별시 은평구 불광동,서울특별시 은평구 불광로 80 (불광동),근린생활1,제1종근린생활시설,1013110576,지번
1138010700101970078,서울특별시 은평구 응암동,서울특별시 은평구 백련산로 127 (응암동),근린생활1,공동주택,1013128959,지번
1138010700101970078,서울특별시 은평구 응암동,서울특별시 은평구 백련산로 127 (응암동),근린생활1,공동주택,1013128960,지번
1138010700101970078,서울특별시 은평구 응암동,서울특별시 은평구 백련산로 127 (응암동),근린생활1,제1종근린생활시설,1013128961,지번
1138010900100320030,서울특별시 은평구 신사동,서울특별시 은평구 증산로21길 15 (신사동),근린생활1,제1종근린생활시설,1013134816,지번
1138010300102810086,서울특별시 은평구 불광동,서울특별시 은평구 불광로 40-7 (불광동),근린생활1,제1종근린생활시설,101317654,지번
1138011400200800004,서울특별시 은평구 진관동,서울특별시 은평구 진관4로 18-21 (진관동),근린생활2,제2종근린생활시설,1013140076,지번
1138010900103430038,서울특별시 은평구 신사동,서울특별시 은평구 증산로17길 35-1 (신사동),근린생활1,제1종근린생활시설,1013136533,지번
1138010300100980006,서울특별시 은평구 불광동,서울특별시 은평구 연서로37길 49 (불광동),근린생활2,제2종근린생활시설,101316482,지번
1138010300100900001,서울특별시 은평구 불광동,서울특별시 은평구 연서로41길 4 (불광동),근린생활1,제1종근린생활시설,101316422,지번
1138010300100890003,서울특별시 은평구 불광동,서울특별시 은평구 연서로 337 (불광동),근린생활2,제2종근린생활시설,101316421,지번
1138010300100920005,서울특별시 은평구 불광동,서울특별시 은평구 연서로41길 13-3 (불광동),근린생활1,제1종근린생활시설,101316479,지번
1138010300100920005,서울특별시 은평구 불광동,서울특별시 은평구 연서로41길 13-3 (불광동),근린생활1,제1종근린생활시설,101316480,지번
1138010700104020094,서울특별시 은평구 응암동,서울특별시 은평구 응암로22길 24 (응암동),근린생활1,단독주택,1013125802,지번
1138010700104020094,서울특별시 은평구 응암동,서울특별시 은평구 응암로22길 24 (응암동),근린생활1,제1종근린생활시설,1013125803,지번
1138010200100790036,서울특별시 은평구 녹번동,서울특별시 은평구 은평로 201-9 (녹번동),근린생활1,제1종근린생활시설,101313810,지번
1138010300102810101,서울특별시 은평구 불광동,서울특별시 은평구 통일로 724-1 (불광동),근린생활,근린생활시설,101317665,지번
1138010300102810101,서울특별시 은평구 불광동,서울특별시 은평구 통일로 724-1 (불광동),근린생활,제2종근린생활시설,101317666,지번
1138010300100130031,서울특별시 은평구 불광동,서울특별시 은평구 불광로 131 (불광동),근린생활2,제2종근린생활시설,101316158,지번
1138010400104030008,서울특별시 은평구 갈현동,서울특별시 은평구 통일로83길 5-4 (갈현동),근린생활2,제2종근린생활시설,1013114500,지번
1138010400104620048,서울특별시 은평구 갈현동,서울특별시 은평구 연서로 183 (갈현동),근린생활1,제1종근린생활시설,1013115407,지번
1138010400103940025,서울특별시 은평구 갈현동,서울특별시 은평구 통일로83길 6-4 (갈현동),근린생활2,제2종근린생활시설,1013114365,지번
1138010800100340001,서울특별시 은평구 역촌동,서울특별시 은평구 진흥로1길 29 (역촌동),근린생활,근린생활시설,1013131387,지번
1138010400103950015,서울특별시 은평구 갈현동,서울특별시 은평구 통일로 863-20 (갈현동),근린생활2,제2종근린생활시설,1013114376,지번
1138010200101550040,서울특별시 은평구 녹번동,서울특별시 은평구 서오릉로 17 (녹번동),근린생활1,제1종근린생활시설,101314942,지번
1138010500101470017,서울특별시 은평구 구산동,서울특별시 은평구 서오릉로17길 15-28 (구산동),근린생활2,제2종근린생활시설,1013118284,지번
1138011400102770011,서울특별시 은평구 진관동,서울특별시 은평구 대서문길 24-11 (진관동),근린생활2,제2종근린생활시설,10131100320795,지번
1138010100102960015,서울특별시 은평구 수색동,서울특별시 은평구 수색로 390-25 (수색동),근린생활2,제2종근린생활시설,101311512,지번
1138010300102850013,서울특별시 은평구 불광동,서울특별시 은평구 통일로 708-6 (불광동),근린생활2,제2종근린생활시설,101317747,지번
1138010700103250011,서울특별시 은평구 응암동,서울특별시 은평구 가좌로 212-6 (응암동),근린생활2,제2종근린생활시설,1013125246,지번
1138010200100830059,서울특별시 은평구 녹번동,서울특별시 은평구 서오릉로2길 17-5 (녹번동),근린생활1,제1종근린생활시설,101313908,지번
1138010300104300008,서울특별시 은평구 불광동,서울특별시 은평구 연서로 295 (불광동),근린생활2,제2종근린생활시설,101319603,지번
1138010200102180000,서울특별시 은평구 녹번동,서울특별시 은평구 은평로 215 (녹번동),근린생활2,제2종근린생활시설,101315226,지번
1138010600102220020,서울특별시 은평구 대조동,서울특별시 은평구 연서로 164 (대조동),근린생활2,제2종근린생활시설,1013121652,지번
1138010800100620003,서울특별시 은평구 역촌동,서울특별시 은평구 역말로 40 (역촌동),근린생활1,제1종근린생활시설,1013132129,지번
1138010900103360001,서울특별시 은평구 신사동,서울특별시 은평구 증산로 401 (신사동),근린생활,근린생활시설,1013136303,지번
1138010300100900010,서울특별시 은평구 불광동,서울특별시 은평구 연서로41길 7 (불광동),근린생활1,제1종근린생활시설,101316434,지번
1138011000101740007,서울특별시 은평구 증산동,서울특별시 은평구 증산로 265 (증산동),근린생활2,제2종근린생활시설,1013138013,지번
1138010700105780049,서울특별시 은평구 응암동,서울특별시 은평구 응암로 223 (응암동),근린생활1,제1종근린생활시설,1013126365,지번
1138010600101860039,서울특별시 은평구 대조동,서울특별시 은평구 통일로 825 (대조동),근린생활2,제2종근린생활시설,1013120780,지번
1138010600101860046,서울특별시 은평구 대조동,서울특별시 은평구 통일로 823 (대조동),근린생활1,제1종근린생활시설,1013120783,지번
1138010900101420001,서울특별시 은평구 신사동,서울특별시 은평구 증산로15길 51 (신사동),근린생활,근린생활시설,1013135030,지번
1138010400104540010,서울특별시 은평구 갈현동,서울특별시 은평구 연서로29길 11-6 (갈현동),근린생활2,제2종근린생활시설,10131100284254,지번
1138010600102080018,서울특별시 은평구 대조동,서울특별시 은평구 역말로9길 19 (대조동),근린생활1,제1종근린생활시설,1013121271,지번
1138010700102290013,서울특별시 은평구 응암동,서울특별시 은평구 백련산로 100 (응암동),근린생활1,제1종근린생활시설,1013124556,지번
1138010300104490003,서울특별시 은평구 불광동,서울특별시 은평구 연서로41가길 5 (불광동),근린생활2,제2종근린생활시설,1013110087,지번
1138010300104810090,서울특별시 은평구 불광동,서울특별시 은평구 통일로 912 (불광동),근린생활1,제1종근린생활시설,1013110405,지번
1138010300103100196,서울특별시 은평구 불광동,서울특별시 은평구 통일로 850 (불광동),근린생활1,제1종근린생활시설,101318348,지번
1138010800100280011,서울특별시 은평구 역촌동,서울특별시 은평구 진흥로 73 (역촌동),근린생활,근린생활시설,1013131258,지번
1138010300104510004,서울특별시 은평구 불광동,서울특별시 은평구 연서로41가길 6 (불광동),근린생활1,제1종근린생활시설,1013110091,지번
1138010300104440001,서울특별시 은평구 불광동,서울특별시 은평구 연서로37가길 10-12 (불광동),근린생활1,제1종근린생활시설,101319780,지번
1138010800100620001,서울특별시 은평구 역촌동,서울특별시 은평구 연서로 73 (역촌동),근린생활,근린생활시설,1013132127,지번
1138010400104040024,서울특별시 은평구 갈현동,서울특별시 은평구 통일로83길 18 (갈현동),근린생활2,제2종근린생활시설,1013114539,지번
1138010100101110001,서울특별시 은평구 수색동,서울특별시 은평구 은평터널로 7 (수색동),근린생활2,제2종근린생활시설,101311092,지번
1138010200101180035,서울특별시 은평구 녹번동,서울특별시 은평구 진흥로 184-1 (녹번동),근린생활2,제2종근린생활시설,101314356,지번
1138010200101310006,서울특별시 은평구 녹번동,서울특별시 은평구 진흥로 160 (녹번동),근린생활1,제1종근린생활시설,101314463,지번
1138010600102000002,서울특별시 은평구 대조동,서울특별시 은평구 연서로26길 8 (대조동),근린생활1,제1종근린생활시설,1013122207,지번
1138010300104800095,서울특별시 은평구 불광동,서울특별시 은평구 통일로90길 31 (불광동),근린생활1,제1종근린생활시설,1013110231,지번
1138010600100620001,서울특별시 은평구 대조동,서울특별시 은평구 서오릉로8길 13 (대조동),근린생활2,제2종근린생활시설,1013119909,지번
1138010600101850046,서울특별시 은평구 대조동,서울특별시 은평구 연서로28길 1-1 (대조동),근린생활,근린생활시설,1013120730,지번
1138010700101150007,서울특별시 은평구 응암동,서울특별시 은평구 은평로8길 24 (응암동),근린생활2,제2종근린생활시설,1013123778,지번
1138010300104510022,서울특별시 은평구 불광동,서울특별시 은평구 연서로41가길 10-1 (불광동),근린생활1,제1종근린생활시설,1013110095,지번
1138010200100440006,서울특별시 은평구 녹번동,서울특별시 은평구 은평로21길 3-8 (녹번동),근린생활2,제2종근린생활시설,101313612,지번
1138010600100870074,서울특별시 은평구 대조동,서울특별시 은평구 역말로 157 (대조동),근린생활2,제2종근린생활시설,1013120174,지번
1138011000102090018,서울특별시 은평구 증산동,서울특별시 은평구 증산서길 65 (증산동),근린생활2,제2종근린생활시설,1013138581,지번
1138010300104800042,서울특별시 은평구 불광동,서울특별시 은평구 통일로92길 18 (불광동),근린생활1,제1종근린생활시설,1013110205,지번
1138010900100030019,서울특별시 은평구 신사동,서울특별시 은평구 은평로 45-1 (신사동),근린생활2,제2종근린생활시설,10131100301874,지번
1138010400104650023,서울특별시 은평구 갈현동,서울특별시 은평구 서오릉로 150 (갈현동),근린생활2,제2종근린생활시설,1013115433,지번
1138011000101670016,서울특별시 은평구 증산동,서울특별시 은평구 증산서길 108 (증산동),근린생활2,제2종근린생활시설,1013137932,지번
1138010400103980008,서울특별시 은평구 갈현동,서울특별시 은평구 연서로 227 (갈현동),근린생활1,제1종근린생활시설,1013114396,지번
1138010400104150001,서울특별시 은평구 갈현동,서울특별시 은평구 통일로89길 6-7 (갈현동),근린생활2,제2종근린생활시설,1013114710,지번
1138010700101100012,서울특별시 은평구 응암동,서울특별시 은평구 은평로 102 (응암동),근린생활2,제2종근린생활시설,1013123706,지번
1138010800100010001,서울특별시 은평구 역촌동,서울특별시 은평구 서오릉로 139 (역촌동),근린생활1,제1종근린생활시설,1013132955,지번
1138010400105080007,서울특별시 은평구 갈현동,서울특별시 은평구 서오릉로 208 (갈현동),근린생활2,제2종근린생활시설,1013116123,지번
1138010400105080007,서울특별시 은평구 갈현동,서울특별시 은평구 서오릉로 208 (갈현동),근린생활2,제2종근린생활시설,1013116124,지번
1138010100103760002,서울특별시 은평구 수색동,서울특별시 은평구 수색로 281-1 (수색동),근린생활1,제1종근린생활시설,101312258,지번
1138010200101440059,서울특별시 은평구 녹번동,서울특별시 은평구 진흥로 120 (녹번동),근린생활1,제1종근린생활시설,101314782,지번
1138010100104160001,서울특별시 은평구 수색동,서울특별시 은평구 은평터널로 60 (수색동),근린생활2,공동주택,101312650,지번
1138010100104160001,서울특별시 은평구 수색동,서울특별시 은평구 은평터널로 60 (수색동),근린생활2,공동주택,101312651,지번
1138010100104160001,서울특별시 은평구 수색동,서울특별시 은평구 은평터널로 60 (수색동),근린생활2,공동주택,101312652,지번
1138010100104160001,서울특별시 은평구 수색동,서울특별시 은평구 은평터널로 60 (수색동),근린생활2,제2종근린생활시설,101312653,지번
1138010100104160001,서울특별시 은평구 수색동,서울특별시 은평구 은평터널로 60 (수색동),근린생활2,공동주택,101312655,지번
1138010100104160001,서울특별시 은평구 수색동,서울특별시 은평구 은평터널로 60 (수색동),근린생활2,공동주택,101312656,지번
1138010100104160001,서울특별시 은평구 수색동,서울특별시 은평구 은평터널로 60 (수색동),근린생활2,공동주택,101312659,지번
1138010800100540020,서울특별시 은평구 역촌동,서울특별시 은평구 갈현로11길 5 (역촌동),근린생활2,제2종근린생활시설,1013131949,지번
1138010800100070013,서울특별시 은평구 역촌동,서울특별시 은평구 연서로 124 (역촌동),근린생활2,제2종근린생활시설,1013130396,지번
1138010800100520017,서울특별시 은평구 역촌동,서울특별시 은평구 갈현로 95 (역촌동),근린생활1,제1종근린생활시설,1013131910,지번
1138010700101260039,서울특별시 은평구 응암동,서울특별시 은평구 응암로21길 22-1 (응암동),근린생활2,제2종근린생활시설,1013124028,지번
1138010400101100005,서울특별시 은평구 갈현동,서울특별시 은평구 연서로27길 19 (갈현동),근린생활2,제2종근린생활시설,1013112705,지번
1138010900100210001,서울특별시 은평구 신사동,서울특별시 은평구 은평로 52 (신사동),근린생활1,제1종근린생활시설,1013134432,지번
1138010600100140065,서울특별시 은평구 대조동,서울특별시 은평구 불광로 6 (대조동),근린생활1,제1종근린생활시설,1013119356,지번
1138010300102760032,서울특별시 은평구 불광동,서울특별시 은평구 불광로 59 (불광동),근린생활,제2종근린생활시설,101317569,지번
1138010300102760032,서울특별시 은평구 불광동,서울특별시 은평구 불광로 59 (불광동),근린생활,근린생활시설,101317570,지번
1138010600100800007,서울특별시 은평구 대조동,서울특별시 은평구 통일로69길 15 (대조동),근린생활1,제1종근린생활시설,1013120075,지번
1138010900100400016,서울특별시 은평구 신사동,서울특별시 은평구 가좌로 315 (신사동),근린생활1,제1종근린생활시설,1013134965,지번
1138010700101110034,서울특별시 은평구 응암동,서울특별시 은평구 은평로6길 8-22 (응암동),근린생활2,제2종근린생활시설,1000000000000006805034,지번
1138010700105970010,서울특별시 은평구 응암동,서울특별시 은평구 응암로11길 9-1 (응암동),근린생활2,제2종근린생활시설,1013126984,지번
1138010800100620017,서울특별시 은평구 역촌동,서울특별시 은평구 연서로 65 (역촌동),근린생활2,제2종근린생활시설,1013132139,지번
1138010600101960020,서울특별시 은평구 대조동,서울특별시 은평구 연서로26길 9-1 (대조동),근린생활2,제2종근린생활시설,1013121035,지번
1138011400200350004,서울특별시 은평구 진관동,서울특별시 은평구 진관길 57 (진관동),근린생활2,제2종근린생활시설,1013140067,지번
1138011400103520002,서울특별시 은평구 진관동,,근린생활2,제2종근린생활시설,1013139937,지번
1138010700105770045,서울특별시 은평구 응암동,서울특별시 은평구 응암로 207 (응암동),근린생활2,제2종근린생활시설,1013126316,지번
1138010800100090025,서울특별시 은평구 역촌동,서울특별시 은평구 연서로 86 (역촌동),근린생활2,제2종근린생활시설,10131100203718,지번
1138010700101100025,서울특별시 은평구 응암동,서울특별시 은평구 은평로8길 12 (응암동),근린생활2,제2종근린생활시설,1013123710,지번
1138010700101110015,서울특별시 은평구 응암동,서울특별시 은평구 은평로 86 (응암동),근린생활1,제1종근린생활시설,1013123719,지번
1138010700101090025,서울특별시 은평구 응암동,서울특별시 은평구 은평로8길 15-1 (응암동),근린생활2,제2종근린생활시설,1013123694,지번
1138010300103210007,서울특별시 은평구 불광동,서울특별시 은평구 연서로 252 (불광동),근린생활2,제2종근린생활시설,101318571,지번
1138010800100630051,서울특별시 은평구 역촌동,서울특별시 은평구 연서로 51 (역촌동),근린생활,근린생활시설,1013132175,지번
1138010300100900065,서울특별시 은평구 불광동,서울특별시 은평구 연서로41길 3 (불광동),근린생활2,제2종근린생활시설,101316470,지번
1138010800100690006,서울특별시 은평구 역촌동,서울특별시 은평구 연서로3길 48 (역촌동),근린생활1,제1종근린생활시설,1013132317,지번
1138011400200340001,서울특별시 은평구 진관동,서울특별시 은평구 연서로54길 117 (진관동),근린생활1,제1종근린생활시설,1013140061,지번
1138010700105890008,서울특별시 은평구 응암동,서울특별시 은평구 가좌로 239-7 (응암동),근린생활2,제2종근린생활시설,10131100222489,지번
1138010700106020025,서울특별시 은평구 응암동,서울특별시 은평구 응암로12길 6-6 (응암동),근린생활2,제2종근린생활시설,1013127154,지번
1138010700101100004,서울특별시 은평구 응암동,서울특별시 은평구 은평로8길 8 (응암동),근린생활1,제1종근린생활시설,1013123701,지번
1138010700101090014,서울특별시 은평구 응암동,서울특별시 은평구 은평로8길 9 (응암동),근린생활2,제2종근린생활시설,1013123682,지번
1138010400104000020,서울특별시 은평구 갈현동,서울특별시 은평구 연서로29길 14-7 (갈현동),근린생활2,제2종근린생활시설,1013114445,지번
1138011000101880013,서울특별시 은평구 증산동,서울특별시 은평구 증산서길 100 (증산동),근린생활1,제1종근린생활시설,1013138204,지번
1138011000101930019,서울특별시 은평구 증산동,서울특별시 은평구 증산서길 129 (증산동),근린생활,근린생활시설,1013138338,지번
1138010500103820005,서울특별시 은평구 구산동,서울특별시 은평구 서오릉로21길 34-11 (구산동),근린생활2,제2종근린생활시설,1013114257,지번
1138010700105980011,서울특별시 은평구 응암동,서울특별시 은평구 응암로 173-1 (응암동),근린생활1,제1종근린생활시설,1013127008,지번
1138010400104300001,서울특별시 은평구 갈현동,서울특별시 은평구 통일로83길 19 (갈현동),근린생활2,제2종근린생활시설,1013114934,지번
1138010400105080010,서울특별시 은평구 갈현동,서울특별시 은평구 갈현로 181-19 (갈현동),근린생활2,제2종근린생활시설,1013116126,지번
1138010200100820025,서울특별시 은평구 녹번동,서울특별시 은평구 서오릉로 14 (녹번동),근린생활2,제2종근린생활시설,101313867,지번
1138010200100140003,서울특별시 은평구 녹번동,서울특별시 은평구 통일로61길 1 (녹번동),근린생활1,제1종근린생활시설,101312986,지번
1138010600100770013,서울특별시 은평구 대조동,서울특별시 은평구 통일로69길 19-1 (대조동),근린생활1,제1종근린생활시설,1013120067,지번
1138010600100120032,서울특별시 은평구 대조동,서울특별시 은평구 통일로67길 3 (대조동),근린생활1,제1종근린생활시설,1013119326,지번
1138010200101170041,서울특별시 은평구 녹번동,서울특별시 은평구 통일로 689-14 (녹번동),근린생활2,제2종근린생활시설,10131100211022,지번
1138010300102440091,서울특별시 은평구 불광동,서울특별시 은평구 통일로68가길 26 (불광동),근린생활1,공동주택,1013111314,지번
1138010300102440091,서울특별시 은평구 불광동,서울특별시 은평구 통일로68가길 26 (불광동),근린생활1,제1종근린생활시설,1013111315,지번
1138010200101170044,서울특별시 은평구 녹번동,서울특별시 은평구 통일로 689-3 (녹번동),근린생활2,단독주택,101314282,지번
1138010200101170044,서울특별시 은평구 녹번동,서울특별시 은평구 통일로 687 (녹번동),근린생활2,제2종근린생활시설,101314283,지번
1138011400101440000,서울특별시 은평구 진관동,서울특별시 은평구 연서로46길 8 (진관동),근린생활2,공동주택,1000000000000005855390,지번
1138011400101440000,서울특별시 은평구 진관동,서울특별시 은평구 연서로46길 8 (진관동),근린생활2,공동주택,1000000000000005855464,지번
1138011400101440000,서울특별시 은평구 진관동,서울특별시 은평구 연서로46길 8 (진관동),근린생활2,공동주택,1000000000000005855538,지번
1138011400101440000,서울특별시 은평구 진관동,서울특별시 은평구 연서로46길 8 (진관동),근린생활2,공동주택,1000000000000005855583,지번
1138011400101440000,서울특별시 은평구 진관동,서울특별시 은평구 연서로46길 8 (진관동),근린생활2,제2종근린생활시설,1000000000000005855600,지번
1138011400101440000,서울특별시 은평구 진관동,서울특별시 은평구 연서로46길 8 (진관동),근린생활2,공동주택,1000000000000005855638,지번
1138011400101440000,서울특별시 은평구 진관동,서울특별시 은평구 연서로46길 8 (진관동),근린생활2,제2종근린생활시설,1000000000000005855683,지번
1138011400101440000,서울특별시 은평구 진관동,서울특별시 은평구 연서로46길 8 (진관동),근린생활2,공동주택,1000000000000005855685,지번
1138011400101440000,서울특별시 은평구 진관동,서울특별시 은평구 연서로46길 8 (진관동),근린생활2,공동주택,1000000000000005855730,지번
1138011400101440000,서울특별시 은평구 진관동,서울특별시 은평구 연서로46길 8 (진관동),근린생활2,공동주택,1000000000000005855735,지번
1138011400101440000,서울특별시 은평구 진관동,서울특별시 은평구 연서로46길 8 (진관동),근린생활2,공동주택,1000000000000005855740,지번
1138011400101440000,서울특별시 은평구 진관동,서울특별시 은평구 연서로46길 8 (진관동),근린생활2,공동주택,1000000000000005855814,지번
1138011400101440000,서울특별시 은평구 진관동,서울특별시 은평구 연서로46길 8 (진관동),근린생활2,공동주택,1000000000000005855852,지번
1138011400101440000,서울특별시 은평구 진관동,서울특별시 은평구 연서로46길 8 (진관동),근린생활2,공동주택,1000000000000005855858,지번
1138011400101440000,서울특별시 은평구 진관동,서울특별시 은평구 연서로46길 8 (진관동),근린생활2,공동주택,1000000000000005855864,지번
1138011400101440000,서울특별시 은평구 진관동,서울특별시 은평구 연서로46길 8 (진관동),근린생활2,공동주택,1000000000000005855870,지번
1138011400101440000,서울특별시 은평구 진관동,서울특별시 은평구 연서로46길 8 (진관동),근린생활2,공동주택,1000000000000005855892,지번
1138011400101440000,서울특별시 은평구 진관동,서울특별시 은평구 연서로48길 22 (진관동),근린생활2,제2종근린생활시설,10131100230227,지번
1138010500102050003,서울특별시 은평구 구산동,서울특별시 은평구 서오릉로15길 6 (구산동),근린생활1,제1종근린생활시설,1013118552,지번
1138010900100160020,서울특별시 은평구 신사동,서울특별시 은평구 갈현로1길 6 (신사동),근린생활1,제1종근린생활시설,1013134263,지번
1138010700101110029,서울특별시 은평구 응암동,서울특별시 은평구 은평로4길 7-17 (응암동),근린생활2,제2종근린생활시설,10131100211958,지번
1138010200100280076,서울특별시 은평구 녹번동,서울특별시 은평구 통일로 657 (녹번동),근린생활1,제1종근린생활시설,101313410,지번
1138011400102790037,서울특별시 은평구 진관동,서울특별시 은평구 대서문길 15-7 (진관동),근린생활2,제2종근린생활시설,10131100204464,지번
1138010800100190057,서울특별시 은평구 역촌동,서울특별시 은평구 진흥로1길 60-5 (역촌동),근린생활2,제2종근린생활시설,10131100235485,지번
1138010400104620043,서울특별시 은평구 갈현동,서울특별시 은평구 연서로 183-8 (갈현동),근린생활2,제2종근린생활시설,10131100209425,지번
1138010300104530000,서울특별시 은평구 불광동,서울특별시 은평구 연서로41길 20-13 (불광동),근린생활2,제2종근린생활시설,1013110099,지번
1138010400104520013,서울특별시 은평구 갈현동,서울특별시 은평구 연서로27길 20-3 (갈현동),근린생활2,제2종근린생활시설,1013115230,지번
1138010700107320019,서울특별시 은평구 응암동,서울특별시 은평구 가좌로7나길 8 (응암동),근린생활,근린생활시설,1013127933,지번
1138010700106010096,서울특별시 은평구 응암동,서울특별시 은평구 가좌로 215 (응암동),근린생활2,제2종근린생활시설,1013127139,지번
1138010400105080004,서울특별시 은평구 갈현동,서울특별시 은평구 서오릉로 200 (갈현동),근린생활2,제2종근린생활시설,1013116121,지번
1138010300100900003,서울특별시 은평구 불광동,서울특별시 은평구 연서로 333 (불광동),근린생활2,제2종근린생활시설,101316424,지번
1138010300100900003,서울특별시 은평구 불광동,서울특별시 은평구 연서로 333 (불광동),근린생활2,단독주택,101316425,지번
1138010300100900003,서울특별시 은평구 불광동,서울특별시 은평구 연서로 333 (불광동),근린생활2,단독주택,101316426,지번
1138010300100900003,서울특별시 은평구 불광동,서울특별시 은평구 연서로 333 (불광동),근린생활2,제2종근린생활시설,101316427,지번
1138010300100900003,서울특별시 은평구 불광동,서울특별시 은평구 연서로 333 (불광동),근린생활2,제2종근린생활시설,101316428,지번
1138010300100900003,서울특별시 은평구 불광동,서울특별시 은평구 연서로 333 (불광동),근린생활2,제2종근린생활시설,101316429,지번
1138010300100900003,서울특별시 은평구 불광동,서울특별시 은평구 연서로 333 (불광동),근린생활2,제2종근린생활시설,101316430,지번
1138010300100900003,서울특별시 은평구 불광동,서울특별시 은평구 연서로 333 (불광동),근린생활2,제2종근린생활시설,101316431,지번
1138010400103970000,서울특별시 은평구 갈현동,서울특별시 은평구 통일로 지하849 (갈현동),근린생활1,제1종근린생활시설,1013114389,지번
1138010200101000010,서울특별시 은평구 녹번동,서울특별시 은평구 녹번로 38 (녹번동),근린생활1,제1종근린생활시설,101314070,지번
1138010300102420026,서울특별시 은평구 불광동,서울특별시 은평구 불광로 69 (불광동),근린생활2,제2종근린생활시설,101317278,지번
1138011400103220003,서울특별시 은평구 진관동,서울특별시 은평구 북한산로 249 (진관동),근린생활2,제2종근린생활시설,1013139906,지번
1138011400102960008,서울특별시 은평구 진관동,서울특별시 은평구 북한산로 281-3 (진관동),근린생활2,제2종근린생활시설,1013139846,지번
1138011400102960008,서울특별시 은평구 진관동,서울특별시 은평구 북한산로 281-3 (진관동),근린생활2,제2종근린생활시설,1013139847,지번
1138010200100710019,서울특별시 은평구 녹번동,서울특별시 은평구 통일로 578-27 (녹번동),근린생활1,제1종근린생활시설,10131100271154,지번
1138011400103050004,서울특별시 은평구 진관동,서울특별시 은평구 의상봉길 39 (진관동),근린생활2,제2종근린생활시설,10131100196413,지번
1138011400103220001,서울특별시 은평구 진관동,서울특별시 은평구 북한산로 253 (진관동),근린생활2,제2종근린생활시설,1013139904,지번
1138010900102400001,서울특별시 은평구 신사동,서울특별시 은평구 가좌로11가길 12-11 (신사동),근린생활2,제2종근린생활시설,1013136014,지번
1138011400102780034,서울특별시 은평구 진관동,서울특별시 은평구 대서문길 43-8 (진관동),근린생활2,제2종근린생활시설,10131100220241,지번
1138010500100240001,서울특별시 은평구 구산동,서울특별시 은평구 연서로11길 19-2 (구산동),근린생활1,제1종근린생활시설,1013118104,지번
1138010600101960001,서울특별시 은평구 대조동,서울특별시 은평구 연서로28길 16 (대조동),근린생활,근린생활시설,1013121018,지번
1138011400102660018,서울특별시 은평구 진관동,서울특별시 은평구 대서문길 45-14 (진관동),근린생활2,제2종근린생활시설,10131100217209,지번
1138010100100320002,서울특별시 은평구 수색동,서울특별시 은평구 수색로12길 4 (수색동),근린생활2,공동주택,101312386,본번
1138010300102810013,서울특별시 은평구 불광동,서울특별시 은평구 불광로 52 (불광동),근린생활2,제2종근린생활시설,101317586,지번
1138010300102810013,서울특별시 은평구 불광동,서울특별시 은평구 불광로 52 (불광동),근린생활2,제2종근린생활시설,101317589,지번
1138010300100130034,서울특별시 은평구 불광동,서울특별시 은평구 불광로13길 3 (불광동),근린생활1,제1종근린생활시설,101316160,지번
1138010400104350001,서울특별시 은평구 갈현동,서울특별시 은평구 갈현로 293 (갈현동),근린생활2,제2종근린생활시설,1013115032,지번
1138010400104360002,서울특별시 은평구 갈현동,서울특별시 은평구 갈현로41길 11 (갈현동),근린생활2,제2종근린생활시설,1013115056,지번
1138010400104500007,서울특별시 은평구 갈현동,서울특별시 은평구 갈현로 253 (갈현동),근린생활1,제1종근린생활시설,1013115186,지번
1138010500100170033,서울특별시 은평구 구산동,서울특별시 은평구 연서로13길 29-7 (구산동),근린생활1,제1종근린생활시설,10131100240545,지번
1138010700101940024,서울특별시 은평구 응암동,서울특별시 은평구 백련산로 143-1 (응암동),근린생활1,제1종근린생활시설,1013124177,지번
1138010400103980009,서울특별시 은평구 갈현동,서울특별시 은평구 연서로29길 4-1 (갈현동),근린생활2,제2종근린생활시설,1013114397,지번
1138011400102190000,서울특별시 은평구 진관동,서울특별시 은평구 연서로 534 (진관동),근린생활2,제2종근린생활시설,10131100268065,지번
1138010300102810046,서울특별시 은평구 불광동,서울특별시 은평구 불광로 48-2 (불광동),근린생활2,제2종근린생활시설,10131100220220,지번
1138010700107460004,서울특별시 은평구 응암동,서울특별시 은평구 가좌로5길 21 (응암동),근린생활2,제2종근린생활시설,1013128055,지번
1138011000101760006,서울특별시 은평구 증산동,서울특별시 은평구 증산로3길 8-15 (증산동),근린생활1,제1종근린생활시설,1013138041,지번
1138010300100900033,서울특별시 은평구 불광동,서울특별시 은평구 연서로 329 (불광동),근린생활1,제1종근린생활시설,101316452,지번
1138010700100850005,서울특별시 은평구 응암동,서울특별시 은평구 은평로13길 11-11 (응암동),근린생활1,제1종근린생활시설,1013123079,지번
1138010300104940000,서울특별시 은평구 불광동,서울특별시 은평구 통일로 928 (불광동),근린생활2,제2종근린생활시설,1013110555,지번
1138011400103080000,서울특별시 은평구 진관동,서울특별시 은평구 의상봉길 48 (진관동),근린생활2,제2종근린생활시설,10131100239146,지번
1138010800100350067,서울특별시 은평구 역촌동,서울특별시 은평구 연서로 38 (역촌동),근린생활,근린생활시설,1013131454,지번
1138010900100390015,서울특별시 은평구 신사동,서울특별시 은평구 가좌로 281 (신사동),근린생활2,제2종근린생활시설,1013134945,지번
1138010700105990065,서울특별시 은평구 응암동,서울특별시 은평구 응암로11길 12-3 (응암동),근린생활2,제2종근린생활시설,10131100221036,지번
1138011400102640000,서울특별시 은평구 진관동,,근린생활1,제1종근린생활시설,1013139830,지번
1138010900100190160,서울특별시 은평구 신사동,서울특별시 은평구 은평로 3 (신사동),근린생활1,제1종근린생활시설,1013134403,지번
1138011400103020003,서울특별시 은평구 진관동,서울특별시 은평구 의상봉길 8 (진관동),근린생활1,제1종근린생활시설,1013139868,지번
1138010800100190009,서울특별시 은평구 역촌동,서울특별시 은평구 역말로 80 (역촌동),근린생활1,제1종근린생활시설,1013130847,지번
1138010400104300012,서울특별시 은평구 갈현동,서울특별시 은평구 연서로29길 34 (갈현동),근린생활2,제2종근린생활시설,1013114944,지번
1138010800100150007,서울특별시 은평구 역촌동,서울특별시 은평구 서오릉로 81 (역촌동),근린생활1,제1종근린생활시설,1013130734,지번
1138010400104290020,서울특별시 은평구 갈현동,서울특별시 은평구 통일로83길 20-13 (갈현동),근린생활2,제2종근린생활시설,10131100211478,지번
1138011400102660009,서울특별시 은평구 진관동,서울특별시 은평구 대서문길 45-11 (진관동),근린생활2,제2종근린생활시설,10131100209640,지번
1138010300102810039,서울특별시 은평구 불광동,서울특별시 은평구 불광로 48-9 (불광동),근린생활2,제2종근린생활시설,10131100226282,지번
1138010300103080001,서울특별시 은평구 불광동,서울특별시 은평구 통일로 842 (불광동),근린생활1,제1종근린생활시설,101318214,지번
1138010400104270020,서울특별시 은평구 갈현동,서울특별시 은평구 갈현로 282 (갈현동),근린생활,근린생활시설,1013114895,지번
1138011400102790023,서울특별시 은평구 진관동,서울특별시 은평구 대서문길 25-8 (진관동),근린생활2,제2종근린생활시설,10131100220242,지번
1138011400102790039,서울특별시 은평구 진관동,서울특별시 은평구 대서문길 15-11 (진관동),근린생활2,제2종근린생활시설,10131100215437,지번
1138011400102790098,서울특별시 은평구 진관동,서울특별시 은평구 대서문길 13-11 (진관동),근린생활2,제2종근린생활시설,10131100222829,지번
1138010600102240015,서울특별시 은평구 대조동,서울특별시 은평구 연서로 146 (대조동),근린생활1,제1종근린생활시설,10131100227869,지번
1138010700103480007,서울특별시 은평구 응암동,서울특별시 은평구 응암로16가길 2 (응암동),근린생활1,제1종근린생활시설,1013125406,지번
1138010900103490023,서울특별시 은평구 신사동,서울특별시 은평구 증산로17길 18 (신사동),근린생활2,제2종근린생활시설,1013136586,지번
1138010900103430047,서울특별시 은평구 신사동,서울특별시 은평구 증산로17길 33 (신사동),근린생활1,제1종근린생활시설,1013136539,지번
1138010900100260018,서울특별시 은평구 신사동,서울특별시 은평구 은평로 38 (신사동),근린생활1,제1종근린생활시설,1013134577,지번
1138011400103010014,서울특별시 은평구 진관동,서울특별시 은평구 의상봉길 11-1 (진관동),근린생활2,제2종근린생활시설,10131100317815,지번
1138011400102190008,서울특별시 은평구 진관동,서울특별시 은평구 연서로 520 (진관동),근린생활2,제2종근린생활시설,10131100300794,지번
1138010300104230000,서울특별시 은평구 불광동,서울특별시 은평구 연서로 292 (불광동),근린생활2,제2종근린생활시설,101319584,지번
1138010300100870003,서울특별시 은평구 불광동,서울특별시 은평구 연서로 332 (불광동),근린생활2,제2종근린생활시설,101316417,지번
1138010300100870003,서울특별시 은평구 불광동,서울특별시 은평구 연서로 332 (불광동),근린생활2,제2종근린생활시설,101316418,지번
1138010300101230012,서울특별시 은평구 불광동,서울특별시 은평구 연서로 304-1 (불광동),근린생활1,제1종근린생활시설,101316660,지번
1138011400102780006,서울특별시 은평구 진관동,서울특별시 은평구 대서문길 27 (진관동),근린생활1,제1종근린생활시설,10131100217621,지번
1138010300102850010,서울특별시 은평구 불광동,서울특별시 은평구 통일로 712 (불광동),근린생활1,제1종근린생활시설,101317744,지번
1138010600101880007,서울특별시 은평구 대조동,서울특별시 은평구 통일로 797 (대조동),근린생활1,제1종근린생활시설,1013120829,지번
1138010300102900073,서울특별시 은평구 불광동,서울특별시 은평구 통일로72길 7 (불광동),근린생활1,제1종근린생활시설,101317830,지번
1138010300103420004,서울특별시 은평구 불광동,서울특별시 은평구 연서로32길 5-6 (불광동),근린생활,근린생활시설,101318822,지번
1138010800100630063,서울특별시 은평구 역촌동,서울특별시 은평구 연서로3가길 4 (역촌동),근린생활2,제2종근린생활시설,1013132183,지번
1138010900102060000,서울특별시 은평구 신사동,서울특별시 은평구 은평터널로 187 (신사동),근린생활,근린생활시설,1013135407,지번
1138011400102790084,서울특별시 은평구 진관동,서울특별시 은평구 대서문길 11 (진관동),근린생활2,제2종근린생활시설,10131100209685,지번
1138011400102780030,서울특별시 은평구 진관동,서울특별시 은평구 대서문길 43-16 (진관동),근린생활2,제2종근린생활시설,10131100206657,지번
1138011400102790070,서울특별시 은평구 진관동,서울특별시 은평구 대서문길 17 (진관동),근린생활2,제2종근린생활시설,10131100209493,지번
1138010300101040022,서울특별시 은평구 불광동,서울특별시 은평구 연서로 309 (불광동),근린생활1,제1종근린생활시설,101316526,지번
1138010600100330001,서울특별시 은평구 대조동,서울특별시 은평구 진흥로13길 13 (대조동),근린생활1,제1종근린생활시설,1013119531,지번
1138010900100380029,서울특별시 은평구 신사동,서울특별시 은평구 가좌로 296 (신사동),근린생활1,제1종근린생활시설,1013134934,지번
1138011400102780014,서울특별시 은평구 진관동,서울특별시 은평구 대서문길 43 (진관동),근린생활1,제1종근린생활시설,10131100208965,지번
1138010700105830022,서울특별시 은평구 응암동,서울특별시 은평구 불광천길 410-17 (응암동),근린생활1,제1종근린생활시설,1013126527,지번
1138011400102970003,서울특별시 은평구 진관동,서울특별시 은평구 북한산로 271 (진관동),근린생활2,제2종근린생활시설,1013139852,지번
1138011400103220000,서울특별시 은평구 진관동,서울특별시 은평구 북한산로 255 (진관동),근린생활2,제2종근린생활시설,1013139903,지번
1138010400105040003,서울특별시 은평구 갈현동,서울특별시 은평구 갈현로 231-1 (갈현동),근린생활2,제2종근린생활시설,10131100252540,지번
1138010400104550003,서울특별시 은평구 갈현동,서울특별시 은평구 연서로29길 11-9 (갈현동),근린생활2,제2종근린생활시설,10131100232622,지번
1138010300102960013,서울특별시 은평구 불광동,서울특별시 은평구 통일로72길 17-6 (불광동),근린생활1,제1종근린생활시설,101318116,지번
1138010400103900003,서울특별시 은평구 갈현동,서울특별시 은평구 통일로 931 (갈현동),근린생활1,제1종근린생활시설,1013114263,지번
1138010300105370000,서울특별시 은평구 불광동,서울특별시 은평구 통일로 946 (불광동),근린생활2,제2종근린생활시설,1013110573,지번
1138010400104510007,서울특별시 은평구 갈현동,서울특별시 은평구 갈현로 254-1 (갈현동),근린생활1,제1종근린생활시설,1013115201,지번
1138010400104500010,서울특별시 은평구 갈현동,서울특별시 은평구 갈현로 251 (갈현동),근린생활1,제1종근린생활시설,1013115189,지번
1138010200100940022,서울특별시 은평구 녹번동,서울특별시 은평구 녹번로4길 6-12 (녹번동),근린생활2,제2종근린생활시설,101313994,지번
1138010300105400000,서울특별시 은평구 불광동,서울특별시 은평구 통일로 948 (불광동),근린생활2,제2종근린생활시설,1013110574,지번
1138011400103880005,서울특별시 은평구 진관동,서울특별시 은평구 통일로 1079-37 (진관동),근린생활2,제2종근린생활시설,1013139990,지번
1138011400102780031,서울특별시 은평구 진관동,서울특별시 은평구 대서문길 43-14 (진관동),근린생활2,제2종근린생활시설,10131100214049,지번
1138011400102660012,서울특별시 은평구 진관동,서울특별시 은평구 대서문길 49 (진관동),근린생활2,제2종근린생활시설,10131100213269,지번
1138010400104030009,서울특별시 은평구 갈현동,서울특별시 은평구 통일로83길 5-6 (갈현동),근린생활2,제2종근린생활시설,1013114501,지번
1138010300101050123,서울특별시 은평구 불광동,서울특별시 은평구 연서로 322 (불광동),근린생활1,제1종근린생활시설,10131100209025,지번
1138010700100890038,서울특별시 은평구 응암동,서울특별시 은평구 은평로9길 3 (응암동),근린생활1,제1종근린생활시설,1013123192,지번
1138010700104270119,서울특별시 은평구 응암동,서울특별시 은평구 응암로 250-1 (응암동),근린생활2,제2종근린생활시설,1013126143,지번
1138011400102970000,서울특별시 은평구 진관동,서울특별시 은평구 북한산로 271 (진관동),근린생활2,제2종근린생활시설,1013139851,지번
1138011400102960006,서울특별시 은평구 진관동,서울특별시 은평구 북한산로 281-5 (진관동),근린생활2,단독주택,1013139844,지번
1138011400102960006,서울특별시 은평구 진관동,서울특별시 은평구 북한산로 281-5 (진관동),근린생활2,제2종근린생활시설,1013139845,지번
1138011400103220005,서울특별시 은평구 진관동,서울특별시 은평구 북한산로 247 (진관동),근린생활2,제2종근린생활시설,1013139907,지번
1138010800100830001,서울특별시 은평구 역촌동,서울특별시 은평구 연서로 35 (역촌동),근린생활1,제1종근린생활시설,1013132712,지번
1138010300103290015,서울특별시 은평구 불광동,서울특별시 은평구 통일로72길 35 (불광동),근린생활2,제2종근린생활시설,101318610,지번
1138010600100150062,서울특별시 은평구 대조동,서울특별시 은평구 통일로65길 12-2 (대조동),근린생활2,제2종근린생활시설,10131100201104,지번
1138010600102050001,서울특별시 은평구 대조동,서울특별시 은평구 통일로75길 19 (대조동),근린생활1,제1종근린생활시설,1013121206,지번
1138010800100130042,서울특별시 은평구 역촌동,서울특별시 은평구 역말로 73 (역촌동),근린생활1,제1종근린생활시설,1013130653,지번
1138010500100010016,서울특별시 은평구 구산동,서울특별시 은평구 연서로15길 2 (구산동),근린생활1,제1종근린생활시설,1013117612,지번
1138010400103900005,서울특별시 은평구 갈현동,서울특별시 은평구 갈현로 340-7 (갈현동),근린생활1,제1종근린생활시설,1013114265,지번
1138010600100150125,서울특별시 은평구 대조동,서울특별시 은평구 진흥로 193 (대조동),근린생활1,제1종근린생활시설,1013119444,지번
1138010400100080037,서울특별시 은평구 갈현동,서울특별시 은평구 갈현로45길 14-1 (갈현동),근린생활1,제1종근린생활시설,1013112239,지번
1138010700100740004,서울특별시 은평구 응암동,서울특별시 은평구 은평로 202 (응암동),근린생활1,제1종근린생활시설,1013122989,지번
1138010200102090000,서울특별시 은평구 녹번동,서울특별시 은평구 은평로 191-2 (녹번동),근린생활2,제2종근린생활시설,101315223,지번
1138010400103910040,서울특별시 은평구 갈현동,서울특별시 은평구 통일로 923 (갈현동),근린생활1,제1종근린생활시설,1013114298,지번
1138010400104160007,서울특별시 은평구 갈현동,서울특별시 은평구 통일로89길 6-11 (갈현동),근린생활1,제1종근린생활시설,1013114731,지번
1138010400104540018,서울특별시 은평구 갈현동,서울특별시 은평구 연서로29길 11-12 (갈현동),근린생활2,제2종근린생활시설,1013115284,지번
1138010500100160085,서울특별시 은평구 구산동,서울특별시 은평구 갈현로 132 (구산동),근린생활2,제2종근린생활시설,1013117906,지번
1138010700101170032,서울특별시 은평구 응암동,서울특별시 은평구 응암로 275-1 (응암동),근린생활2,제2종근린생활시설,1013123822,지번
1138010700106030073,서울특별시 은평구 응암동,서울특별시 은평구 응암로 170 (응암동),근린생활1,제1종근린생활시설,1013127216,지번
1138010100101100001,서울특별시 은평구 수색동,서울특별시 은평구 은평터널로 5 (수색동),근린생활1,제1종근린생활시설,101311091,지번
1138010700105830031,서울특별시 은평구 응암동,서울특별시 은평구 불광천길 410 (응암동),근린생활2,제2종근린생활시설,1013126531,지번
1138010700101170010,서울특별시 은평구 응암동,서울특별시 은평구 응암로 285 (응암동),근린생활2,제2종근린생활시설,1013123810,지번
1138010700101160009,서울특별시 은평구 응암동,서울특별시 은평구 응암로 301-1 (응암동),근린생활2,제2종근린생활시설,1013123798,지번
1138010400103990008,서울특별시 은평구 갈현동,서울특별시 은평구 연서로29길 8-9 (갈현동),근린생활1,제1종근린생활시설,1013114410,지번
1138010300102810034,서울특별시 은평구 불광동,서울특별시 은평구 불광로 50-14 (불광동),근린생활1,제1종근린생활시설,101317609,지번
1138010400104950022,서울특별시 은평구 갈현동,서울특별시 은평구 갈현로 208 (갈현동),근린생활1,제1종근린생활시설,1013115876,지번
1138010400104160003,서울특별시 은평구 갈현동,서울특별시 은평구 통일로89길 18-14 (갈현동),근린생활1,제1종근린생활시설,1013114727,지번
1138010200101760026,서울특별시 은평구 녹번동,서울특별시 은평구 응암로 343 (녹번동),근린생활2,제2종근린생활시설,101315178,지번
1138010600100090007,서울특별시 은평구 대조동,서울특별시 은평구 통일로67길 3-1 (대조동),근린생활2,제2종근린생활시설,1013119268,지번
1138010700103380100,서울특별시 은평구 응암동,서울특별시 은평구 응암로14길 30 (응암동),근린생활2,제2종근린생활시설,1013125381,지번
1138010300104830001,서울특별시 은평구 불광동,서울특별시 은평구 통일로 908 (불광동),근린생활1,제1종근린생활시설,1013110409,지번
1138010200100140001,서울특별시 은평구 녹번동,서울특별시 은평구 통일로 675 (녹번동),근린생활1,제1종근린생활시설,101312985,지번
1138010400100010004,서울특별시 은평구 갈현동,서울특별시 은평구 통일로 953 (갈현동),근린생활2,제2종근린생활시설,1013112130,지번
1138010400104190001,서울특별시 은평구 갈현동,서울특별시 은평구 갈현로 328 (갈현동),근린생활1,제1종근린생활시설,1013114761,지번
1138010700107490065,서울특별시 은평구 응암동,서울특별시 은평구 응암로12길 23-1 (응암동),근린생활2,제2종근린생활시설,1013128118,지번
1138010600100140014,서울특별시 은평구 대조동,서울특별시 은평구 통일로 721 (대조동),근린생활2,제2종근린생활시설,1013119344,지번
1138011400100720026,서울특별시 은평구 진관동,서울특별시 은평구 통일로 1152 (진관동),근린생활2,제2종근린생활시설,10131100238247,지번
1138010900103000107,서울특별시 은평구 신사동,서울특별시 은평구 은평터널로7길 39-17 (신사동),근린생활2,제2종근린생활시설,1013136249,지번
1138010900100070004,서울특별시 은평구 신사동,서울특별시 은평구 갈현로 44 (신사동),근린생활1,제1종근린생활시설,1013134069,지번
1138010800100550001,서울특별시 은평구 역촌동,서울특별시 은평구 역말로 8 (역촌동),근린생활2,제2종근린생활시설,1013131955,지번
1138010800100670023,서울특별시 은평구 역촌동,서울특별시 은평구 연서로3나길 13 (역촌동),근린생활2,제2종근린생활시설,10131100217646,지번
1138010600100030051,서울특별시 은평구 대조동,서울특별시 은평구 통일로69길 9 (대조동),근린생활2,제2종근린생활시설,1013119188,지번
1138010400104240008,서울특별시 은평구 갈현동,서울특별시 은평구 갈현로 302 (갈현동),근린생활2,제2종근린생활시설,1013114849,지번
1138011400201000044,서울특별시 은평구 진관동,서울특별시 은평구 통일로 1059 (진관동),근린생활1,제1종근린생활시설,10131100213685,지번
1138010700106780001,서울특별시 은평구 응암동,서울특별시 은평구 가좌로 167 (응암동),근린생활2,제2종근린생활시설,1013127636,지번
1138010900100410001,서울특별시 은평구 신사동,서울특별시 은평구 가좌로 325 (신사동),근린생활1,제1종근린생활시설,1013134974,지번
1138010200100760043,서울특별시 은평구 녹번동,서울특별시 은평구 은평로21길 14-8 (녹번동),근린생활2,제2종근린생활시설,101313773,지번
1138010200101760028,서울특별시 은평구 녹번동,서울특별시 은평구 은평로9길 30 (녹번동),근린생활1,제1종근린생활시설,101315180,지번
1138010300105330000,서울특별시 은평구 불광동,서울특별시 은평구 통일로 944-1 (불광동),근린생활2,제2종근린생활시설,1013110571,지번
1138010400200130013,서울특별시 은평구 갈현동,서울특별시 은평구 갈현로41길 50-32 (갈현동),근린생활2,제2종근린생활시설,1013117594,지번
1138010700101150022,서울특별시 은평구 응암동,서울특별시 은평구 은평로6길 13-1 (응암동),근린생활1,제1종근린생활시설,1013123788,지번
1138010900102650005,서울특별시 은평구 신사동,서울특별시 은평구 갈현로3길 46-26 (신사동),근린생활2,제2종근린생활시설,10131100217331,지번
1138010400103930017,서울특별시 은평구 갈현동,서울특별시 은평구 통일로85길 6-6 (갈현동),근린생활2,제2종근린생활시설,1013114344,지번
1138010400104170003,서울특별시 은평구 갈현동,서울특별시 은평구 통일로89길 6-21 (갈현동),근린생활1,제1종근린생활시설,1013114738,지번
1138010200100790022,서울특별시 은평구 녹번동,서울특별시 은평구 은평로 203-6 (녹번동),근린생활2,제2종근린생활시설,101313803,지번
1138010400104540009,서울특별시 은평구 갈현동,서울특별시 은평구 연서로29길 17-5 (갈현동),근린생활1,제1종근린생활시설,1013115276,지번
1138010400104180018,서울특별시 은평구 갈현동,서울특별시 은평구 갈현로 332 (갈현동),근린생활2,제2종근린생활시설,1013114757,지번
1138010300102430017,서울특별시 은평구 불광동,서울특별시 은평구 불광로5길 4-1 (불광동),근린생활2,제2종근린생활시설,101317296,지번
1138010800100450059,서울특별시 은평구 역촌동,서울특별시 은평구 역말로 41 (역촌동),근린생활2,제2종근린생활시설,1013131720,지번
1138010700101160006,서울특별시 은평구 응암동,서울특별시 은평구 은평로8길 15-2 (응암동),근린생활1,제1종근린생활시설,1013123797,지번
1138011000101880011,서울특별시 은평구 증산동,서울특별시 은평구 증산로7길 16 (증산동),근린생활2,제2종근린생활시설,1013138203,지번
1138010900101710064,서울특별시 은평구 신사동,서울특별시 은평구 증산로17길 47-11 (신사동),근린생활2,제2종근린생활시설,1013135187,지번
1138010800100700032,서울특별시 은평구 역촌동,서울특별시 은평구 갈현로 63 (역촌동),근린생활1,제1종근린생활시설,1013132354,지번
1138010300102810052,서울특별시 은평구 불광동,서울특별시 은평구 통일로66길 11 (불광동),근린생활1,제1종근린생활시설,101317625,지번
1138010700100860036,서울특별시 은평구 응암동,서울특별시 은평구 은평로 151 (응암동),근린생활1,제1종근린생활시설,1013123128,지번
1138010900103420031,서울특별시 은평구 신사동,서울특별시 은평구 증산로15길 36 (신사동),근린생활1,제1종근린생활시설,1013136498,지번
1138010200100310035,서울특별시 은평구 녹번동,서울특별시 은평구 통일로 645 (녹번동),근린생활1,제1종근린생활시설,101313501,지번
1138010400104000016,서울특별시 은평구 갈현동,서울특별시 은평구 연서로29길 20-18 (갈현동),근린생활2,제2종근린생활시설,1013114441,지번
1138010600102210030,서울특별시 은평구 대조동,서울특별시 은평구 연서로20길 15 (대조동),근린생활1,제1종근린생활시설,1013121609,지번
1138010900102280007,서울특별시 은평구 신사동,서울특별시 은평구 가좌로 329 (신사동),근린생활1,제1종근린생활시설,1013135447,지번
1138010700105990006,서울특별시 은평구 응암동,서울특별시 은평구 응암로 189 (응암동),근린생활1,제1종근린생활시설,1013127019,지번
1138010700106960021,서울특별시 은평구 응암동,서울특별시 은평구 가좌로7다길 8-30 (응암동),근린생활1,제1종근린생활시설,1013127672,지번
1138010700105850015,서울특별시 은평구 응암동,서울특별시 은평구 가좌로 245-1 (응암동),근린생활1,제1종근린생활시설,1013126596,지번
1138010200100800009,서울특별시 은평구 녹번동,서울특별시 은평구 서오릉로 58 (녹번동),근린생활1,제1종근린생활시설,101313820,지번
1138010200100800009,서울특별시 은평구 녹번동,서울특별시 은평구 서오릉로 58 (녹번동),근린생활1,제1종근린생활시설,101313821,지번
1138010200100800009,서울특별시 은평구 녹번동,서울특별시 은평구 서오릉로 58 (녹번동),근린생활1,제1종근린생활시설,101313822,지번
1138010200100800009,서울특별시 은평구 녹번동,서울특별시 은평구 서오릉로 58 (녹번동),근린생활1,제1종근린생활시설,101313823,지번
1138010400104550001,서울특별시 은평구 갈현동,서울특별시 은평구 연서로29길 9 (갈현동),근린생활2,단독주택,1013115294,지번
1138010400104550001,서울특별시 은평구 갈현동,서울특별시 은평구 연서로29길 9 (갈현동),근린생활2,제2종근린생활시설,1013115295,지번
1138010900103540000,서울특별시 은평구 신사동,서울특별시 은평구 갈현로3다길 15 (신사동),근린생활1,공동주택,1013137433,지번
1138010900103540000,서울특별시 은평구 신사동,서울특별시 은평구 갈현로3다길 15 (신사동),근린생활1,제1종근린생활시설,1013137435,지번
1138010900103540000,서울특별시 은평구 신사동,서울특별시 은평구 갈현로3다길 15 (신사동),근린생활1,공동주택,1013137437,지번
1138010300103140004,서울특별시 은평구 불광동,서울특별시 은평구 연서로 267-1 (불광동),근린생활2,제2종근린생활시설,101318509,지번
1138010700105920004,서울특별시 은평구 응암동,서울특별시 은평구 응암로11길 13 (응암동),근린생활2,제2종근린생활시설,1013126779,지번
1138010700107520005,서울특별시 은평구 응암동,서울특별시 은평구 응암로12길 32-1 (응암동),근린생활2,제2종근린생활시설,1013128155,지번
1138010600100380012,서울특별시 은평구 대조동,서울특별시 은평구 진흥로 139 (대조동),근린생활2,제2종근린생활시설,10131100196253,지번
1138010400104320019,서울특별시 은평구 갈현동,서울특별시 은평구 연서로29길 38 (갈현동),근린생활1,제1종근린생활시설,1013114973,지번
1138010400104490004,서울특별시 은평구 갈현동,서울특별시 은평구 갈현로 255 (갈현동),근린생활1,제1종근린생활시설,1013115158,지번
1138010900103380071,서울특별시 은평구 신사동,서울특별시 은평구 증산로17길 11 (신사동),근린생활1,제1종근린생활시설,1013136388,지번
1138010900101870001,서울특별시 은평구 신사동,서울특별시 은평구 은평터널로 129 (신사동),근린생활1,제1종근린생활시설,1013135271,지번
1138010800100420061,서울특별시 은평구 역촌동,서울특별시 은평구 진흥로 33-1 (역촌동),근린생활2,제2종근린생활시설,10131100209505,지번
1138010800100640067,서울특별시 은평구 역촌동,서울특별시 은평구 연서로3가길 13-22 (역촌동),근린생활2,제2종근린생활시설,1013132215,지번
1138010700101940025,서울특별시 은평구 응암동,서울특별시 은평구 백련산로 143 (응암동),근린생활2,제2종근린생활시설,1013124178,지번
1138010700105920076,서울특별시 은평구 응암동,서울특별시 은평구 응암로13길 25 (응암동),근린생활1,제1종근린생활시설,1013126824,지번
1138010200101540017,서울특별시 은평구 녹번동,서울특별시 은평구 서오릉로 39 (녹번동),근린생활1,제1종근린생활시설,101314909,지번
1138010700104270121,서울특별시 은평구 응암동,서울특별시 은평구 응암로 250 (응암동),근린생활1,제1종근린생활시설,1013126144,지번
1138010700107530011,서울특별시 은평구 응암동,서울특별시 은평구 가좌로7길 22-2 (응암동),근린생활,근린생활시설,1013128184,지번
1138010100103750003,서울특별시 은평구 수색동,서울특별시 은평구 수색로 279 (수색동),근린생활2,제2종근린생활시설,101312250,지번
1138010200100130001,서울특별시 은평구 녹번동,서울특별시 은평구 통일로61길 4 (녹번동),근린생활2,단독주택,101312984,본번
1138010300102810170,서울특별시 은평구 불광동,서울특별시 은평구 통일로66길 2 (불광동),근린생활1,제1종근린생활시설,101317725,지번
1138010700107490061,서울특별시 은평구 응암동,서울특별시 은평구 응암로12길 21 (응암동),근린생활1,제1종근린생활시설,1013128115,지번
1138010600100150039,서울특별시 은평구 대조동,서울특별시 은평구 통일로65길 12-10 (대조동),근린생활1,제1종근린생활시설,1013119392,지번
1138010300104470009,서울특별시 은평구 불광동,서울특별시 은평구 연서로41가길 3 (불광동),근린생활,근린생활시설,1013110010,지번
1138010400103920015,서울특별시 은평구 갈현동,서울특별시 은평구 통일로87길 6-10 (갈현동),근린생활2,제2종근린생활시설,1013114309,지번
1138010300103560025,서울특별시 은평구 불광동,서울특별시 은평구 연서로 281 (불광동),근린생활1,제1종근린생활시설,101319075,지번
1138011000101660009,서울특별시 은평구 증산동,서울특별시 은평구 증산로9길 14-1 (증산동),근린생활2,제2종근린생활시설,1013137906,지번
1138010400104520029,서울특별시 은평구 갈현동,서울특별시 은평구 연서로29길 21 (갈현동),근린생활2,제2종근린생활시설,1013115242,지번
1138010300103040018,서울특별시 은평구 불광동,서울특별시 은평구 통일로 830 (불광동),근린생활1,제1종근린생활시설,1013111515,본번
1138010700100890046,서울특별시 은평구 응암동,서울특별시 은평구 은평로 119 (응암동),근린생활1,제1종근린생활시설,1013123194,지번
1138011400102930008,서울특별시 은평구 진관동,서울특별시 은평구 북한산로 281-16 (진관동),근린생활2,제2종근린생활시설,1000000000000002532581,지번
1138010700105890034,서울특별시 은평구 응암동,서울특별시 은평구 가좌로 241 (응암동),근린생활1,제1종근린생활시설,1013126709,지번
1138010500100010014,서울특별시 은평구 구산동,서울특별시 은평구 연서로 131 (구산동),근린생활2,제2종근린생활시설,1013117610,지번
1138010400104310009,서울특별시 은평구 갈현동,서울특별시 은평구 연서로29길 30 (갈현동),근린생활2,제2종근린생활시설,1013114960,지번
1138010700100870010,서울특별시 은평구 응암동,서울특별시 은평구 은평로 137 (응암동),근린생활1,제1종근린생활시설,1013123138,지번
1138010600101720055,서울특별시 은평구 대조동,서울특별시 은평구 서오릉로 112 (대조동),근린생활2,제2종근린생활시설,1013120610,지번
1138010900100170002,서울특별시 은평구 신사동,서울특별시 은평구 갈현로1길 3 (신사동),근린생활2,제2종근린생활시설,1013134274,지번
1138010900103480002,서울특별시 은평구 신사동,서울특별시 은평구 증산로17길 22-1 (신사동),근린생활2,제2종근린생활시설,1013136567,지번
1138010600101990016,서울특별시 은평구 대조동,서울특별시 은평구 연서로 206 (대조동),근린생활2,제2종근린생활시설,1013121084,지번
1138010600102220015,서울특별시 은평구 대조동,서울특별시 은평구 연서로20길 2 (대조동),근린생활1,제1종근린생활시설,1013121647,지번
1138010600100590042,서울특별시 은평구 대조동,서울특별시 은평구 진흥로11길 9 (대조동),근린생활2,제2종근린생활시설,10131100214569,지번
1138010500103630008,서울특별시 은평구 구산동,서울특별시 은평구 서오릉로17길 13-14 (구산동),근린생활1,제1종근린생활시설,1013114172,지번
1138010700100870021,서울특별시 은평구 응암동,서울특별시 은평구 응암로 334-3 (응암동),근린생활2,제2종근린생활시설,1013123145,지번
1138010600101850069,서울특별시 은평구 대조동,서울특별시 은평구 통일로 843 (대조동),근린생활,근린생활시설,1013120752,지번
1138010600101850069,서울특별시 은평구 대조동,서울특별시 은평구 통일로 843 (대조동),근린생활,근린생활시설,1013120753,지번
1138010600101850069,서울특별시 은평구 대조동,서울특별시 은평구 통일로 843 (대조동),근린생활,근린생활시설,1013120754,지번
1138010600101850069,서울특별시 은평구 대조동,서울특별시 은평구 통일로 843 (대조동),근린생활,근린생활시설,1013120755,지번
1138010400104620045,서울특별시 은평구 갈현동,서울특별시 은평구 연서로 183-12 (갈현동),근린생활1,제1종근린생활시설,1013115404,지번
1138010300103530059,서울특별시 은평구 불광동,서울특별시 은평구 연서로 274 (불광동),근린생활2,제2종근린생활시설,101319028,지번
1138010400104520016,서울특별시 은평구 갈현동,서울특별시 은평구 연서로27길 26 (갈현동),근린생활2,제2종근린생활시설,1013115233,지번
1138010700107470001,서울특별시 은평구 응암동,서울특별시 은평구 가좌로 179 (응암동),근린생활2,제2종근린생활시설,1013128066,지번
1138010900100040022,서울특별시 은평구 신사동,서울특별시 은평구 은평로 41 (신사동),근린생활,근린생활시설,1013134007,지번
1138010800100280008,서울특별시 은평구 역촌동,서울특별시 은평구 진흥로 75-1 (역촌동),근린생활1,제1종근린생활시설,1013131256,지번
1138010800100360004,서울특별시 은평구 역촌동,서울특별시 은평구 연서로4길 2 (역촌동),근린생활1,제1종근린생활시설,1013131459,지번
1138010200102150000,서울특별시 은평구 녹번동,서울특별시 은평구 은평로 213 (녹번동),근린생활2,제2종근린생활시설,101315224,지번
1138010700105920074,서울특별시 은평구 응암동,서울특별시 은평구 응암로13길 25-1 (응암동),근린생활,근린생활시설,1013126823,지번
1138010700107210015,서울특별시 은평구 응암동,서울특별시 은평구 응암로12길 14-1 (응암동),근린생활2,제2종근린생활시설,10131100213590,지번
1138010700107540011,서울특별시 은평구 응암동,서울특별시 은평구 응암로12길 12-30 (응암동),근린생활1,제1종근린생활시설,1013128204,지번
1138010400104770036,서울특별시 은평구 갈현동,서울특별시 은평구 연서로21길 16 (갈현동),근린생활1,제1종근린생활시설,1013115582,지번
1138010800100190049,서울특별시 은평구 역촌동,서울특별시 은평구 역말로 72-5 (역촌동),근린생활2,제2종근린생활시설,1013130874,지번
1138010200101570030,서울특별시 은평구 녹번동,서울특별시 은평구 은평로11길 26-10 (녹번동),근린생활1,제1종근린생활시설,101315003,지번
1138010400104270025,서울특별시 은평구 갈현동,서울특별시 은평구 갈현로 286 (갈현동),근린생활2,제2종근린생활시설,1013114896,지번
1138010400104270025,서울특별시 은평구 갈현동,서울특별시 은평구 갈현로 286 (갈현동),근린생활2,제2종근린생활시설,1013114897,지번
1138010500103390026,서울특별시 은평구 구산동,서울특별시 은평구 서오릉로 217 (구산동),근린생활1,제1종근린생활시설,1013114039,지번
1138010100101540017,서울특별시 은평구 수색동,서울특별시 은평구 수색로 238 (수색동),근린생활1,제1종근린생활시설,101311320,지번
1138010100101540017,서울특별시 은평구 수색동,서울특별시 은평구 수색로 242-2 (수색동),근린생활1,공장,101311321,지번
1138010800100430045,서울특별시 은평구 역촌동,서울특별시 은평구 진흥로 15-4 (역촌동),근린생활2,제2종근린생활시설,10131100220542,지번
1138010800100450001,서울특별시 은평구 역촌동,서울특별시 은평구 연서로 91 (역촌동),근린생활2,제2종근린생활시설,1013131683,지번
1138010800100450001,서울특별시 은평구 역촌동,서울특별시 은평구 연서로9길 3-3 (역촌동),근린생활2,단독주택,1013131684,지번
1138010600101850067,서울특별시 은평구 대조동,서울특별시 은평구 연서로 230-2 (대조동),근린생활,근린생활시설,1013120749,지번
1138010600100030038,서울특별시 은평구 대조동,서울특별시 은평구 통일로69길 6 (대조동),근린생활1,제1종근린생활시설,1013119181,지번
1138010300103590001,서울특별시 은평구 불광동,서울특별시 은평구 연서로35길 5 (불광동),근린생활1,제1종근린생활시설,101319090,지번
1138011400103270007,서울특별시 은평구 진관동,서울특별시 은평구 북한산로 232 (진관동),근린생활2,제2종근린생활시설,10131100244840,지번
1138010700102870006,서울특별시 은평구 응암동,서울특별시 은평구 가좌로 198-1 (응암동),근린생활1,제1종근린생활시설,1013125170,지번
1138010600100150128,서울특별시 은평구 대조동,서울특별시 은평구 진흥로 185 (대조동),근린생활,근린생활시설,1013119448,지번
1138010600100380002,서울특별시 은평구 대조동,서울특별시 은평구 진흥로 145 (대조동),근린생활2,제2종근린생활시설,1013119614,지번
1138010400101100002,서울특별시 은평구 갈현동,서울특별시 은평구 연서로27길 23 (갈현동),근린생활2,교육연구시설,1013112703,지번
1138010400101100002,서울특별시 은평구 갈현동,서울특별시 은평구 연서로27길 23 (갈현동),근린생활2,제2종근린생활시설,1013112704,지번
1138010600100120009,서울특별시 은평구 대조동,서울특별시 은평구 불광로 7-3 (대조동),근린생활2,제2종근린생활시설,1013119315,지번
1138010600100150107,서울특별시 은평구 대조동,서울특별시 은평구 통일로65길 19 (대조동),근린생활2,제2종근린생활시설,10131100191027,지번
1138010100103640001,서울특별시 은평구 수색동,서울특별시 은평구 수색로18길 2 (수색동),근린생활1,제1종근린생활시설,101312130,지번
1138010700100840006,서울특별시 은평구 응암동,서울특별시 은평구 서오릉로 3 (응암동),근린생활1,제1종근린생활시설,1013123062,지번
1138010700100740009,서울특별시 은평구 응암동,서울특별시 은평구 은평로16길 5 (응암동),근린생활2,제2종근린생활시설,10131100215249,지번
1138010700101100003,서울특별시 은평구 응암동,서울특별시 은평구 은평로8길 8-2 (응암동),근린생활2,제2종근린생활시설,10131100222869,지번
1138010700101200022,서울특별시 은평구 응암동,서울특별시 은평구 응암로25길 8 (응암동),근린생활1,제1종근린생활시설,1013123903,지번
1138010300101250010,서울특별시 은평구 불광동,서울특별시 은평구 연서로38길 3 (불광동),근린생활1,제1종근린생활시설,101316667,지번
1138010800100310014,서울특별시 은평구 역촌동,서울특별시 은평구 진흥로5길 10 (역촌동),근린생활2,제2종근린생활시설,10131100212220,지번
1138010900100210013,서울특별시 은평구 신사동,서울특별시 은평구 은평로 44 (신사동),근린생활2,제2종근린생활시설,10131100235325,지번
1138010900100250059,서울특별시 은평구 신사동,서울특별시 은평구 증산로21길 12 (신사동),근린생활1,제1종근린생활시설,1013134565,지번
1138010600101980026,서울특별시 은평구 대조동,서울특별시 은평구 연서로28길 4-1 (대조동),근린생활2,제2종근린생활시설,1013121067,지번
1138010600101860041,서울특별시 은평구 대조동,서울특별시 은평구 연서로28길 25-1 (대조동),근린생활2,제2종근린생활시설,10131100221261,지번
1138011400102790088,서울특별시 은평구 진관동,서울특별시 은평구 대서문길 7 (진관동),근린생활2,제2종근린생활시설,10131100242125,지번
1138010700107460001,서울특별시 은평구 응암동,서울특별시 은평구 가좌로7길 9 (응암동),근린생활1,제1종근린생활시설,1013128052,지번
1138010700107460001,서울특별시 은평구 응암동,서울특별시 은평구 가좌로7길 9 (응암동),근린생활1,제1종근린생활시설,1013128053,지번
1138010600100840045,서울특별시 은평구 대조동,서울특별시 은평구 통일로71가길 13-5 (대조동),근린생활2,제2종근린생활시설,1013120124,지번
1138010600100060016,서울특별시 은평구 대조동,서울특별시 은평구 통일로67길 8-4 (대조동),근린생활2,제2종근린생활시설,10131100190889,지번
1138010600100290024,서울특별시 은평구 대조동,서울특별시 은평구 진흥로13가길 8-8 (대조동),근린생활2,제2종근린생활시설,10131100228129,지번
1138010300103190011,서울특별시 은평구 불광동,서울특별시 은평구 연서로 254-34 (불광동),근린생활2,제2종근린생활시설,10131100230065,지번
1138010200100790039,서울특별시 은평구 녹번동,서울특별시 은평구 은평로 201-6 (녹번동),근린생활2,제2종근린생활시설,10131100236125,지번
1138010600100050008,서울특별시 은평구 대조동,서울특별시 은평구 통일로 745-1 (대조동),근린생활2,제2종근린생활시설,10131100235525,지번
1138010700101110053,서울특별시 은평구 응암동,서울특별시 은평구 은평로6길 8-12 (응암동),근린생활2,제2종근린생활시설,10131100219129,지번
1138010400104290009,서울특별시 은평구 갈현동,서울특별시 은평구 통일로83길 22 (갈현동),근린생활1,제1종근린생활시설,1013114919,지번
1138011400103030021,서울특별시 은평구 진관동,서울특별시 은평구 의상봉길 31 (진관동),근린생활2,제2종근린생활시설,10131100223860,지번
1138011400103030021,서울특별시 은평구 진관동,서울특별시 은평구 의상봉길 31 (진관동),근린생활2,제2종근린생활시설,10131100229586,지번
1138010400105050013,서울특별시 은평구 갈현동,서울특별시 은평구 갈현로 209 (갈현동),근린생활2,제2종근린생활시설,1013116050,지번
1138010300102850021,서울특별시 은평구 불광동,서울특별시 은평구 통일로 708-5 (불광동),근린생활1,제1종근린생활시설,101317753,지번
1138010300102810151,서울특별시 은평구 불광동,서울특별시 은평구 통일로66길 6 (불광동),근린생활2,제2종근린생활시설,10131100188993,지번
1138010700200060048,서울특별시 은평구 응암동,,근린생활1,제1종근린생활시설,10131100203784,지번
1138010700200060048,서울특별시 은평구 응암동,서울특별시 은평구 백련산로4길 26 (응암동),근린생활1,운동시설,10131100240818,지번
1138010200100800011,서울특별시 은평구 녹번동,서울특별시 은평구 서오릉로 54-3 (녹번동),근린생활2,제2종근린생활시설,10131100215369,지번
1138010600100140027,서울특별시 은평구 대조동,서울특별시 은평구 통일로 727-5 (대조동),근린생활2,제2종근린생활시설,1013121754,지번
1138010600100280014,서울특별시 은평구 대조동,서울특별시 은평구 불광로1길 11-15 (대조동),근린생활2,제2종근린생활시설,10131100235265,지번
1138010700100880032,서울특별시 은평구 응암동,서울특별시 은평구 은평로9길 14 (응암동),근린생활2,제2종근린생활시설,1013128569,지번
1138010500100210062,서울특별시 은평구 구산동,서울특별시 은평구 연서로 99 (구산동),근린생활2,제2종근린생활시설,1013118068,지번
1138010200100790033,서울특별시 은평구 녹번동,서울특별시 은평구 은평로 197-1 (녹번동),근린생활1,제1종근린생활시설,101313808,지번
1138010200101510005,서울특별시 은평구 녹번동,서울특별시 은평구 서오릉로6가길 12-1 (녹번동),근린생활2,제2종근린생활시설,10131100225529,지번
1138010700100810009,서울특별시 은평구 응암동,서울특별시 은평구 은평로14길 5-9 (응암동),근린생활2,제2종근린생활시설,10131100225549,지번
1138010300102860019,서울특별시 은평구 불광동,서울특별시 은평구 통일로 790 (불광동),근린생활2,제2종근린생활시설,10131100230725,지번
1138010200101760021,서울특별시 은평구 녹번동,서울특별시 은평구 은평로9길 26 (녹번동),근린생활2,제2종근린생활시설,101315176,지번
1138010300102170017,서울특별시 은평구 불광동,서울특별시 은평구 불광로 155 (불광동),근린생활2,제2종근린생활시설,10131100211586,지번
1138010300102760033,서울특별시 은평구 불광동,서울특별시 은평구 통일로 764 (불광동),근린생활2,제2종근린생활시설,10131100186403,지번
1138010800100280076,서울특별시 은평구 역촌동,서울특별시 은평구 진흥로 67 (역촌동),근린생활2,제2종근린생활시설,10131100232417,지번
1138010300103100018,서울특별시 은평구 불광동,서울특별시 은평구 연서로 253-12 (불광동),근린생활1,제1종근린생활시설,101318251,지번
1138010800102190008,서울특별시 은평구 역촌동,서울특별시 은평구 갈현로7길 36 (역촌동),근린생활2,제2종근린생활시설,1013132937,지번
1138010800100340019,서울특별시 은평구 역촌동,서울특별시 은평구 연서로4길 7 (역촌동),근린생활1,제1종근린생활시설,1013131391,지번
1138010400104830016,서울특별시 은평구 갈현동,서울특별시 은평구 연서로27길 17-1 (갈현동),근린생활2,제2종근린생활시설,1013115687,지번
1138010400100080009,서울특별시 은평구 갈현동,서울특별시 은평구 갈현로45길 16 (갈현동),근린생활2,제2종근린생활시설,1013112211,지번
1138010200100020000,서울특별시 은평구 녹번동,서울특별시 은평구 진흥로16길 2 (녹번동),근린생활2,제2종근린생활시설,101312694,지번
1138010500103630005,서울특별시 은평구 구산동,서울특별시 은평구 서오릉로17길 13-16 (구산동),근린생활2,제2종근린생활시설,1013114170,지번
1138010700106950006,서울특별시 은평구 응암동,서울특별시 은평구 응암로4길 18-14 (응암동),근린생활1,제1종근린생활시설,1013127645,지번
1138010900103360025,서울특별시 은평구 신사동,서울특별시 은평구 증산로 395-14 (신사동),근린생활2,제2종근린생활시설,1013136320,지번
1138010900103420032,서울특별시 은평구 신사동,서울특별시 은평구 증산로15길 38 (신사동),근린생활1,제1종근린생활시설,1013136499,지번
1138010500102020002,서울특별시 은평구 구산동,서울특별시 은평구 서오릉로 203 (구산동),근린생활1,제1종근린생활시설,1013118529,지번
1138010900103380060,서울특별시 은평구 신사동,서울특별시 은평구 증산로 367-20 (신사동),근린생활1,제1종근린생활시설,1013136382,지번
1138010400104490010,서울특별시 은평구 갈현동,서울특별시 은평구 갈현로33길 3 (갈현동),근린생활2,제2종근린생활시설,1013115163,지번
1138011400100170032,서울특별시 은평구 진관동,서울특별시 은평구 진관4로 78-49 (진관동),근린생활2,제2종근린생활시설,1013140014,지번
1138010300102760025,서울특별시 은평구 불광동,서울특별시 은평구 불광로 61 (불광동),근린생활2,제2종근린생활시설,101317567,지번
1138010500101990005,서울특별시 은평구 구산동,서울특별시 은평구 서오릉로 189-2 (구산동),근린생활1,단독주택,1013118510,지번
1138010900100030011,서울특별시 은평구 신사동,서울특별시 은평구 은평로 51 (신사동),근린생활2,제2종근린생활시설,1013133988,지번
1138010700100850002,서울특별시 은평구 응암동,서울특별시 은평구 은평로13길 11-3 (응암동),근린생활1,제1종근린생활시설,1013123076,지번
1138010100102960037,서울특별시 은평구 수색동,서울특별시 은평구 수색로24길 30-8 (수색동),근린생활1,제1종근린생활시설,101311536,지번
1138010700105770043,서울특별시 은평구 응암동,서울특별시 은평구 응암로 209 (응암동),근린생활1,제1종근린생활시설,1013126315,지번
1138010700105990010,서울특별시 은평구 응암동,서울특별시 은평구 응암로 189-27 (응암동),근린생활2,제2종근린생활시설,1013127021,지번
1138010500100010030,서울특별시 은평구 구산동,서울특별시 은평구 서오릉로 149-17 (구산동),근린생활1,제1종근린생활시설,1013117615,지번
1138010800100080014,서울특별시 은평구 역촌동,서울특별시 은평구 연서로 112 (역촌동),근린생활1,제1종근린생활시설,1013130423,지번
1138010300103050007,서울특별시 은평구 불광동,서울특별시 은평구 통일로78길 11-7 (불광동),근린생활1,업무시설,10131100278594,본번
1138010300102810175,서울특별시 은평구 불광동,서울특별시 은평구 통일로 716 (불광동),근린생활1,제1종근린생활시설,101317731,지번
1138010700100980050,서울특별시 은평구 응암동,서울특별시 은평구 은평로 142 (응암동),근린생활2,제2종근린생활시설,1013123320,지번
1138010400104890017,서울특별시 은평구 갈현동,서울특별시 은평구 연서로17길 29 (갈현동),근린생활2,제2종근린생활시설,1013115764,지번
1138011400101250022,서울특별시 은평구 진관동,서울특별시 은평구 진관길 39 (진관동),근린생활1,제1종근린생활시설,10131100238248,지번
1138011400102790050,서울특별시 은평구 진관동,서울특별시 은평구 대서문길 23 (진관동),근린생활2,제2종근린생활시설,10131100211131,지번
1138011000101720010,서울특별시 은평구 증산동,서울특별시 은평구 증산로5길 8 (증산동),근린생활2,제2종근린생활시설,1013137987,지번
1138010700105910008,서울특별시 은평구 응암동,서울특별시 은평구 응암로13길 22 (응암동),근린생활1,제1종근린생활시설,1013126754,지번
1138010700104270108,서울특별시 은평구 응암동,서울특별시 은평구 응암로22길 5-6 (응암동),근린생활1,제1종근린생활시설,1013126134,지번
1138010600101870037,서울특별시 은평구 대조동,서울특별시 은평구 통일로75길 6-18 (대조동),근린생활1,제1종근린생활시설,1013120806,지번
1138010700100740015,서울특별시 은평구 응암동,서울특별시 은평구 은평로18길 6-20 (응암동),근린생활1,제1종근린생활시설,1013122996,지번
1138010200101340015,서울특별시 은평구 녹번동,서울특별시 은평구 진흥로12길 17-1 (녹번동),근린생활2,제2종근린생활시설,101314571,지번
1138010700105890003,서울특별시 은평구 응암동,서울특별시 은평구 가좌로9길 4-1 (응암동),근린생활1,제1종근린생활시설,10131100229725,지번
1138010600102040011,서울특별시 은평구 대조동,서울특별시 은평구 연서로26길 30 (대조동),근린생활1,제1종근린생활시설,1013121196,지번
1138011400103040001,서울특별시 은평구 진관동,서울특별시 은평구 의상봉길 24 (진관동),근린생활2,제2종근린생활시설,1013139879,지번
1138010200101560057,서울특별시 은평구 녹번동,서울특별시 은평구 은평로11길 12-23 (녹번동),근린생활1,제1종근린생활시설,101314975,지번
1138010500100240068,서울특별시 은평구 구산동,서울특별시 은평구 갈현로 126 (구산동),근린생활,근린생활시설,1013118140,지번
1138010800100700034,서울특별시 은평구 역촌동,서울특별시 은평구 갈현로 61 (역촌동),근린생활1,제1종근린생활시설,1013132356,지번
1138010400104190010,서울특별시 은평구 갈현동,서울특별시 은평구 갈현로 324 (갈현동),근린생활2,제2종근린생활시설,1013114768,지번
1138010200100010039,서울특별시 은평구 녹번동,서울특별시 은평구 진흥로16길 3 (녹번동),근린생활2,제2종근린생활시설,101312674,지번
1138011000101680011,서울특별시 은평구 증산동,서울특별시 은평구 증산로9길 5-9 (증산동),근린생활1,제1종근린생활시설,1013137941,지번
1138010900102290027,서울특별시 은평구 신사동,서울특별시 은평구 가좌로11길 4 (신사동),근린생활1,제1종근린생활시설,1013135485,지번
1138010900101430009,서울특별시 은평구 신사동,,근린생활1,단독주택,1013135036,본번
1138010900100240059,서울특별시 은평구 신사동,서울특별시 은평구 증산로 453 (신사동),근린생활2,제2종근린생활시설,1013134526,지번
1138010300102810051,서울특별시 은평구 불광동,서울특별시 은평구 불광로 48-12 (불광동),근린생활2,제2종근린생활시설,10131100232705,지번
1138010700104270071,서울특별시 은평구 응암동,서울특별시 은평구 응암로22길 13 (응암동),근린생활2,제2종근린생활시설,1013126105,지번
1138010400104520015,서울특별시 은평구 갈현동,서울특별시 은평구 연서로27길 24 (갈현동),근린생활1,제1종근린생활시설,1013115232,지번
1138010300106050002,서울특별시 은평구 불광동,서울특별시 은평구 진흥로15길 16 (불광동),근린생활1,제1종근린생활시설,1013110770,지번
1138010600100250006,서울특별시 은평구 대조동,서울특별시 은평구 불광로 7 (대조동),근린생활1,제1종근린생활시설,10131100237085,지번
1138010700101030025,서울특별시 은평구 응암동,서울특별시 은평구 응암로 308 (응암동),근린생활2,제2종근린생활시설,1013123560,지번
1138010600100290007,서울특별시 은평구 대조동,서울특별시 은평구 진흥로13가길 8-6 (대조동),근린생활2,제2종근린생활시설,10131100223209,지번
1138010400103990006,서울특별시 은평구 갈현동,서울특별시 은평구 연서로29길 8-3 (갈현동),근린생활1,제1종근린생활시설,1013114406,지번
1138010200101000055,서울특별시 은평구 녹번동,서울특별시 은평구 녹번로 40 (녹번동),근린생활1,공동주택,101315745,지번
1138010200101000055,서울특별시 은평구 녹번동,서울특별시 은평구 녹번로 40 (녹번동),근린생활1,제1종근린생활시설,101315749,지번
1138010600100840003,서울특별시 은평구 대조동,서울특별시 은평구 통일로71길 2-1 (대조동),근린생활2,제2종근린생활시설,1013120103,지번
1138010100103180007,서울특별시 은평구 수색동,서울특별시 은평구 수색로 332 (수색동),근린생활2,제2종근린생활시설,101311634,지번
1138010600101870039,서울특별시 은평구 대조동,서울특별시 은평구 통일로 813 (대조동),근린생활2,제2종근린생활시설,1013120808,지번
1138010700105890007,서울특별시 은평구 응암동,서울특별시 은평구 가좌로 239-9 (응암동),근린생활2,제2종근린생활시설,10131100220509,지번
1138010200101830000,서울특별시 은평구 녹번동,서울특별시 은평구 서오릉로2길 10 (녹번동),근린생활2,제2종근린생활시설,101315200,지번
1138010600100150144,서울특별시 은평구 대조동,서울특별시 은평구 통일로65길 26-21 (대조동),근린생활1,제1종근린생활시설,1013119458,지번
1138010300102210012,서울특별시 은평구 불광동,서울특별시 은평구 불광로 139 (불광동),근린생활1,제1종근린생활시설,101317044,지번
1138010300101040094,서울특별시 은평구 불광동,서울특별시 은평구 연서로 317 (불광동),근린생활1,제1종근린생활시설,101316563,지번
1138010400104560022,서울특별시 은평구 갈현동,서울특별시 은평구 연서로27길 8-8 (갈현동),근린생활1,제1종근린생활시설,1013115326,지번
1138010600100120012,서울특별시 은평구 대조동,서울특별시 은평구 불광로 27 (대조동),근린생활2,제2종근린생활시설,1013119318,지번
1138010300103230010,서울특별시 은평구 불광동,서울특별시 은평구 통일로78길 11-11 (불광동),근린생활2,제2종근린생활시설,10131100190009,지번
1138010900101710004,서울특별시 은평구 신사동,서울특별시 은평구 증산로17길 41 (신사동),근린생활1,제1종근린생활시설,1013135153,지번
1138010900101710057,서울특별시 은평구 신사동,서울특별시 은평구 증산로17길 43-1 (신사동),근린생활2,제2종근린생활시설,10131100196854,지번
1138010900100400024,서울특별시 은평구 신사동,서울특별시 은평구 은평터널로 192-3 (신사동),근린생활2,제2종근린생활시설,10131100211849,지번
1138010700101220029,서울특별시 은평구 응암동,서울특별시 은평구 불광천길 494 (응암동),근린생활2,제2종근린생활시설,10131100214189,지번
1138010800100430022,서울특별시 은평구 역촌동,서울특별시 은평구 진흥로 19 (역촌동),근린생활2,제2종근린생활시설,1013131642,지번
1138010700100930004,서울특별시 은평구 응암동,서울특별시 은평구 은평로 180 (응암동),근린생활1,제1종근린생활시설,10131100239137,지번
1138010300103540007,서울특별시 은평구 불광동,서울특별시 은평구 연서로34길 2 (불광동),근린생활,근린생활시설,101319042,지번
1138010700101180010,서울특별시 은평구 응암동,서울특별시 은평구 은평로8길 48 (응암동),근린생활2,제2종근린생활시설,1013123837,지번
1138010700105900035,서울특별시 은평구 응암동,서울특별시 은평구 가좌로9길 9 (응암동),근린생활2,공동주택,10131100211265,지번
1138010700105900035,서울특별시 은평구 응암동,서울특별시 은평구 가좌로9길 9 (응암동),근린생활2,제2종근린생활시설,10131100211281,지번
1138010800100010005,서울특별시 은평구 역촌동,서울특별시 은평구 연서로 134 (역촌동),근린생활2,제2종근린생활시설,1013130138,지번
1138010400104010007,서울특별시 은평구 갈현동,서울특별시 은평구 연서로29길 20-11 (갈현동),근린생활2,제2종근린생활시설,1013114450,지번
1138010600100640007,서울특별시 은평구 대조동,서울특별시 은평구 서오릉로8길 7 (대조동),근린생활1,제1종근린생활시설,1013119916,지번
1138010900100290196,서울특별시 은평구 신사동,서울특별시 은평구 은평로 4 (신사동),근린생활2,제2종근린생활시설,1013134746,지번
1138010500101990002,서울특별시 은평구 구산동,서울특별시 은평구 서오릉로 183 (구산동),근린생활1,제1종근린생활시설,1013118507,지번
1138010500103040053,서울특별시 은평구 구산동,서울특별시 은평구 서오릉로 271 (구산동),근린생활2,제2종근린생활시설,1013113726,지번
1138010800100700001,서울특별시 은평구 역촌동,서울특별시 은평구 갈현로 77 (역촌동),근린생활2,제2종근린생활시설,1013132331,지번
1138010600101870060,서울특별시 은평구 대조동,서울특별시 은평구 통일로75길 6 (대조동),근린생활2,제2종근린생활시설,10131100204524,지번
1138010600102010018,서울특별시 은평구 대조동,서울특별시 은평구 연서로26길 12 (대조동),근린생활2,제2종근린생활시설,1013121132,지번
1138010700105980001,서울특별시 은평구 응암동,서울특별시 은평구 응암로 181 (응암동),근린생활1,제1종근린생활시설,1013127001,지번
1138010400104460001,서울특별시 은평구 갈현동,서울특별시 은평구 갈현로33길 13-1 (갈현동),근린생활2,제2종근린생활시설,1013115121,지번
1138010300103190009,서울특별시 은평구 불광동,서울특별시 은평구 연서로 254-21 (불광동),근린생활2,제2종근린생활시설,101318539,지번
1138010300103190033,서울특별시 은평구 불광동,서울특별시 은평구 연서로 260 (불광동),근린생활2,제2종근린생활시설,101318559,지번
1138010800100080013,서울특별시 은평구 역촌동,서울특별시 은평구 연서로14길 4 (역촌동),근린생활1,제1종근린생활시설,1013130422,지번
1138010800100790033,서울특별시 은평구 역촌동,서울특별시 은평구 갈현로 48 (역촌동),근린생활2,제2종근린생활시설,1013132586,지번
1138010800100690004,서울특별시 은평구 역촌동,서울특별시 은평구 갈현로 64 (역촌동),근린생활2,제2종근린생활시설,10131100224170,지번
1138011400102780010,서울특별시 은평구 진관동,서울특별시 은평구 대서문길 43-13 (진관동),근린생활2,제2종근린생활시설,10131100213989,지번
1138010900103350002,서울특별시 은평구 신사동,서울특별시 은평구 증산로 405 (신사동),근린생활1,제1종근린생활시설,1013136275,지번
1138010500105470000,서울특별시 은평구 구산동,서울특별시 은평구 서오릉로21길 47 (구산동),근린생활2,제2종근린생활시설,1013117582,지번
1138010500105470000,서울특별시 은평구 구산동,서울특별시 은평구 서오릉로21길 47 (구산동),근린생활2,공동주택,1013117589,지번
1138010500105470000,서울특별시 은평구 구산동,서울특별시 은평구 서오릉로21길 47 (구산동),근린생활2,공동주택,1013117590,지번
1138010500105470000,서울특별시 은평구 구산동,서울특별시 은평구 서오릉로21길 47 (구산동),근린생활2,공동주택,1013117591,지번
1138010400102530004,서울특별시 은평구 갈현동,서울특별시 은평구 갈현로33길 21-1 (갈현동),근린생활2,제2종근린생활시설,1013112932,지번
1138010800100400009,서울특별시 은평구 역촌동,서울특별시 은평구 진흥로1길 24 (역촌동),근린생활,근린생활시설,1013131557,지번
1138011000102090016,서울특별시 은평구 증산동,서울특별시 은평구 증산서길 63-6 (증산동),근린생활1,제1종근린생활시설,1013138578,지번
1138010400105070004,서울특별시 은평구 갈현동,서울특별시 은평구 갈현로 187 (갈현동),근린생활1,제1종근린생활시설,1013116095,지번
1138010200100810032,서울특별시 은평구 녹번동,서울특별시 은평구 서오릉로 38 (녹번동),근린생활1,제1종근린생활시설,101313849,지번
1138010700102850001,서울특별시 은평구 응암동,서울특별시 은평구 가좌로6길 21-1 (응암동),근린생활2,제2종근린생활시설,1013125155,지번
1138010400104870005,서울특별시 은평구 갈현동,서울특별시 은평구 연서로19길 28 (갈현동),근린생활1,제1종근린생활시설,1013115725,지번
1138011000100010021,서울특별시 은평구 증산동,서울특별시 은평구 증산로13가길 6-1 (증산동),근린생활2,제2종근린생활시설,1013137555,지번
1138010500100030005,서울특별시 은평구 구산동,서울특별시 은평구 서오릉로11길 5 (구산동),근린생활2,제2종근린생활시설,1013117648,지번
1138010300104710055,서울특별시 은평구 불광동,서울특별시 은평구 연서로41길 43-1 (불광동),근린생활1,제1종근린생활시설,1013110118,지번
1138011000101630035,서울특별시 은평구 증산동,서울특별시 은평구 증산로11길 3 (증산동),근린생활2,제2종근린생활시설,1013137864,지번
1138010700103230005,서울특별시 은평구 응암동,서울특별시 은평구 응암로14길 6 (응암동),근린생활1,제1종근린생활시설,1013125234,지번
1138010300103100020,서울특별시 은평구 불광동,서울특별시 은평구 연서로 253-11 (불광동),근린생활2,제2종근린생활시설,101318252,지번
1138010400104600014,서울특별시 은평구 갈현동,서울특별시 은평구 연서로 207 (갈현동),근린생활2,제2종근린생활시설,1013115344,지번
1138010600102110010,서울특별시 은평구 대조동,서울특별시 은평구 역말로9가길 15 (대조동),근린생활1,제1종근린생활시설,1013121350,지번
1138010800100150001,서울특별시 은평구 역촌동,서울특별시 은평구 서오릉로 83 (역촌동),근린생활1,공동주택,1000000000000004813359,지번
1138010600101790006,서울특별시 은평구 대조동,서울특별시 은평구 서오릉로 88 (대조동),근린생활,근린생활시설,1013120659,지번
1138010500100010010,서울특별시 은평구 구산동,서울특별시 은평구 연서로 133 (구산동),근린생활2,제2종근린생활시설,1013117608,지번
1138010700100850030,서울특별시 은평구 응암동,서울특별시 은평구 은평로11길 12-20 (응암동),근린생활2,제2종근린생활시설,1013123097,지번
1138010600100040010,서울특별시 은평구 대조동,서울특별시 은평구 통일로 745-8 (대조동),근린생활2,제2종근린생활시설,10131100232365,지번
1138011000101770019,서울특별시 은평구 증산동,서울특별시 은평구 증산로3길 8-20 (증산동),근린생활2,제2종근린생활시설,1013138065,지번
1138011400102790036,서울특별시 은평구 진관동,서울특별시 은평구 대서문길 15-5 (진관동),근린생활2,제2종근린생활시설,10131100220649,지번
1138011400103010004,서울특별시 은평구 진관동,서울특별시 은평구 북한산로 264 (진관동),근린생활2,제2종근린생활시설,1013139861,지번
1138011400102780005,서울특별시 은평구 진관동,서울특별시 은평구 대서문길 25 (진관동),근린생활2,제2종근린생활시설,10131100209105,지번
1138010600100380010,서울특별시 은평구 대조동,서울특별시 은평구 진흥로 137 (대조동),근린생활1,제1종근린생활시설,10131100182157,지번
1138010200101410060,서울특별시 은평구 녹번동,서울특별시 은평구 진흥로 134 (녹번동),근린생활2,제2종근린생활시설,10131100206746,지번
1138010800100160002,서울특별시 은평구 역촌동,서울특별시 은평구 서오릉로 71 (역촌동),근린생활1,제1종근린생활시설,1013130760,지번
1138010900100090016,서울특별시 은평구 신사동,서울특별시 은평구 갈현로 39-1 (신사동),근린생활2,제2종근린생활시설,1013134123,지번
1138010300102810120,서울특별시 은평구 불광동,서울특별시 은평구 통일로66길 10-7 (불광동),근린생활2,제2종근린생활시설,10131100218571,지번
1138010300102810090,서울특별시 은평구 불광동,서울특별시 은평구 불광로 40 (불광동),근린생활,근린생활시설,101317658,지번
1138010600101870053,서울특별시 은평구 대조동,서울특별시 은평구 통일로 805 (대조동),근린생활2,제2종근린생활시설,1013120819,지번
1138010800100540005,서울특별시 은평구 역촌동,서울특별시 은평구 갈현로11길 2 (역촌동),근린생활2,제2종근린생활시설,1013131943,지번
1138010600101980002,서울특별시 은평구 대조동,서울특별시 은평구 연서로28길 2 (대조동),근린생활,근린생활시설,1013121053,지번
1138010600101900067,서울특별시 은평구 대조동,서울특별시 은평구 역말로9길 24 (대조동),근린생활1,제1종근린생활시설,1013120901,지번
1138011000101910018,서울특별시 은평구 증산동,서울특별시 은평구 증산로9길 20 (증산동),근린생활2,제2종근린생활시설,1013138280,지번
1138011000101750019,서울특별시 은평구 증산동,서울특별시 은평구 증산로5길 5-8 (증산동),근린생활2,제2종근린생활시설,1013138034,지번
1138010200101170088,서울특별시 은평구 녹번동,서울특별시 은평구 통일로 691 (녹번동),근린생활2,제2종근린생활시설,101314315,지번
1138010600100140013,서울특별시 은평구 대조동,서울특별시 은평구 통일로 719 (대조동),근린생활2,제2종근린생활시설,1013119341,지번
1138010600100140013,서울특별시 은평구 대조동,서울특별시 은평구 통일로 719 (대조동),근린생활2,단독주택,1013119342,지번
1138010600100140013,서울특별시 은평구 대조동,서울특별시 은평구 통일로 719 (대조동),근린생활2,제1종근린생활시설,1013119343,지번
1138010700102500004,서울특별시 은평구 응암동,서울특별시 은평구 가좌로7나길 34 (응암동),근린생활1,제1종근린생활시설,1013124979,지번
1138011000101690009,서울특별시 은평구 증산동,서울특별시 은평구 증산로7길 2 (증산동),근린생활2,제2종근린생활시설,1013137944,지번
1138010300103020016,서울특별시 은평구 불광동,서울특별시 은평구 통일로 822 (불광동),근린생활1,제1종근린생활시설,101318189,지번
1138010600100380030,서울특별시 은평구 대조동,서울특별시 은평구 진흥로 147 (대조동),근린생활2,제2종근린생활시설,1013119628,지번
1138010700105760053,서울특별시 은평구 응암동,서울특별시 은평구 가좌로 222 (응암동),근린생활2,제2종근린생활시설,1013126296,지번
1138010700107520010,서울특별시 은평구 응암동,서울특별시 은평구 응암로12길 26-7 (응암동),근린생활1,제1종근린생활시설,1013128162,지번
1138010800100440009,서울특별시 은평구 역촌동,서울특별시 은평구 진흥로 13 (역촌동),근린생활2,제2종근린생활시설,1013131672,지번
1138010700105770046,서울특별시 은평구 응암동,서울특별시 은평구 가좌로 232 (응암동),근린생활1,제1종근린생활시설,1013126317,지번
1138010400104880014,서울특별시 은평구 갈현동,서울특별시 은평구 연서로17길 32 (갈현동),근린생활2,제2종근린생활시설,1013115746,지번
1138010300100130032,서울특별시 은평구 불광동,서울특별시 은평구 불광로 137-13 (불광동),근린생활2,제2종근린생활시설,10131100218389,지번
1138010600102230024,서울특별시 은평구 대조동,서울특별시 은평구 연서로18길 3 (대조동),근린생활2,제2종근린생활시설,1013121669,지번
1138010600100490024,서울특별시 은평구 대조동,서울특별시 은평구 서오릉로 118 (대조동),근린생활2,제2종근린생활시설,10131100195834,지번
1138010200100280049,서울특별시 은평구 녹번동,서울특별시 은평구 통일로59길 4-1 (녹번동),근린생활2,제2종근린생활시설,10131100218191,지번
1138010700105950059,서울특별시 은평구 응암동,서울특별시 은평구 응암로9길 5-1 (응암동),근린생활2,제2종근린생활시설,1013126938,지번
1138010300104840108,서울특별시 은평구 불광동,서울특별시 은평구 통일로 900-6 (불광동),근린생활2,제2종근린생활시설,1013110466,지번
1138010200101620026,서울특별시 은평구 녹번동,서울특별시 은평구 진흥로 80 (녹번동),근린생활2,제2종근린생활시설,101315106,지번
1138010400104480042,서울특별시 은평구 갈현동,서울특별시 은평구 갈현로29길 12-1 (갈현동),근린생활2,제2종근린생활시설,1013117193,지번
1138010200100830024,서울특별시 은평구 녹번동,서울특별시 은평구 녹번로 4-1 (녹번동),근린생활2,제2종근린생활시설,10131100226049,지번
1138010200100800033,서울특별시 은평구 녹번동,서울특별시 은평구 서오릉로 50 (녹번동),근린생활1,제1종근린생활시설,101313833,지번
1138010800100140088,서울특별시 은평구 역촌동,서울특별시 은평구 역말로 92-8 (역촌동),근린생활1,제1종근린생활시설,1013130722,지번
1138010500100090050,서울특별시 은평구 구산동,서울특별시 은평구 연서로13길 20 (구산동),근린생활1,제1종근린생활시설,1013117754,지번
1138010300102810087,서울특별시 은평구 불광동,서울특별시 은평구 불광로 40-5 (불광동),근린생활1,제1종근린생활시설,101317655,지번
1138010700100880010,서울특별시 은평구 응암동,서울특별시 은평구 은평로 127 (응암동),근린생활1,제1종근린생활시설,1013123160,지번
1138010300102640025,서울특별시 은평구 불광동,서울특별시 은평구 통일로68길 9 (불광동),근린생활1,제1종근린생활시설,1013111417,지번
1138010300103560024,서울특별시 은평구 불광동,서울특별시 은평구 연서로35길 3-15 (불광동),근린생활2,제2종근린생활시설,101319074,지번
1138011000101840011,서울특별시 은평구 증산동,서울특별시 은평구 증산서길 62 (증산동),근린생활2,제2종근린생활시설,1013138142,지번
1138010800100200049,서울특별시 은평구 역촌동,서울특별시 은평구 역말로 54 (역촌동),근린생활1,제1종근린생활시설,1013130939,지번
1138010400103930011,서울특별시 은평구 갈현동,서울특별시 은평구 통일로85길 4 (갈현동),근린생활2,제2종근린생활시설,10131100203444,지번
1138010700106730004,서울특별시 은평구 응암동,서울특별시 은평구 가좌로6길 17-1 (응암동),근린생활2,제2종근린생활시설,10131100307394,지번
1138010700106010067,서울특별시 은평구 응암동,서울특별시 은평구 응암로 190 (응암동),근린생활1,제1종근린생활시설,1013127124,지번
1138010700107530004,서울특별시 은평구 응암동,서울특별시 은평구 응암로4길 18-26 (응암동),근린생활1,제1종근린생활시설,1013128181,지번
1138010800100010040,서울특별시 은평구 역촌동,서울특별시 은평구 연서로 130 (역촌동),근린생활2,제2종근린생활시설,1013130156,지번
1138010700105950034,서울특별시 은평구 응암동,서울특별시 은평구 응암로9길 15 (응암동),근린생활2,제2종근린생활시설,1013126929,지번
1138010200100310030,서울특별시 은평구 녹번동,서울특별시 은평구 통일로 653 (녹번동),근린생활2,제2종근린생활시설,101313499,지번
1138010600101960002,서울특별시 은평구 대조동,서울특별시 은평구 연서로28길 18 (대조동),근린생활2,제2종근린생활시설,1013121019,지번
1138010500100160038,서울특별시 은평구 구산동,서울특별시 은평구 갈현로 136 (구산동),근린생활2,제2종근린생활시설,1013117889,지번
1138010300101020018,서울특별시 은평구 불광동,서울특별시 은평구 연서로 321 (불광동),근린생활1,제1종근린생활시설,101316503,지번
1138010800100220014,서울특별시 은평구 역촌동,서울특별시 은평구 연서로 64 (역촌동),근린생활2,제2종근린생활시설,10131100213189,지번
1138010700107190015,서울특별시 은평구 응암동,서울특별시 은평구 응암로12길 9-10 (응암동),근린생활,근린생활시설,1013127843,지번
1138010300103130003,서울특별시 은평구 불광동,서울특별시 은평구 통일로80길 20 (불광동),근린생활1,제1종근린생활시설,10131100182524,지번
1138010600102010020,서울특별시 은평구 대조동,서울특별시 은평구 연서로26길 16 (대조동),근린생활2,제2종근린생활시설,1013121134,지번
1138010500100190025,서울특별시 은평구 구산동,서울특별시 은평구 연서로11길 20-4 (구산동),근린생활1,제1종근린생활시설,1013117996,지번
1138010600101790049,서울특별시 은평구 대조동,서울특별시 은평구 서오릉로 72 (대조동),근린생활1,제1종근린생활시설,1013120683,지번
1138010600101970019,서울특별시 은평구 대조동,서울특별시 은평구 연서로26길 9 (대조동),근린생활2,제2종근린생활시설,1013121051,지번
1138010400104040005,서울특별시 은평구 갈현동,서울특별시 은평구 통일로83길 6-5 (갈현동),근린생활2,제2종근린생활시설,1013114527,지번
1138010700106030053,서울특별시 은평구 응암동,서울특별시 은평구 응암로 154 (응암동),근린생활2,제2종근린생활시설,1013127204,지번
1138010700106030053,서울특별시 은평구 응암동,서울특별시 은평구 응암로 154 (응암동),근린생활2,단독주택,1013127205,지번
1138010600100840006,서울특별시 은평구 대조동,서울특별시 은평구 통일로71길 6 (대조동),근린생활2,제2종근린생활시설,1013120105,지번
1138010600100380015,서울특별시 은평구 대조동,서울특별시 은평구 진흥로 125 (대조동),근린생활2,제2종근린생활시설,1013119620,지번
1138010400104310004,서울특별시 은평구 갈현동,서울특별시 은평구 연서로29길 22-13 (갈현동),근린생활2,제2종근린생활시설,1013114956,지번
1138010400104600005,서울특별시 은평구 갈현동,서울특별시 은평구 연서로 211 (갈현동),근린생활1,제1종근린생활시설,1013115340,지번
1138010600102240019,서울특별시 은평구 대조동,서울특별시 은평구 연서로 142 (대조동),근린생활1,제1종근린생활시설,1013121688,지번
1138010700106010074,서울특별시 은평구 응암동,서울특별시 은평구 응암로 200 (응암동),근린생활2,제2종근린생활시설,1013127128,지번
1138010500103620003,서울특별시 은평구 구산동,서울특별시 은평구 서오릉로17길 14 (구산동),근린생활1,제1종근린생활시설,1013114167,지번
1138010400103990025,서울특별시 은평구 갈현동,서울특별시 은평구 연서로29길 14-14 (갈현동),근린생활1,제1종근린생활시설,1013114425,지번
1138010800100010009,서울특별시 은평구 역촌동,서울특별시 은평구 서오릉로 131 (역촌동),근린생활1,제1종근린생활시설,1013130140,지번
1138010600100020002,서울특별시 은평구 대조동,서울특별시 은평구 통일로71길 30-4 (대조동),근린생활2,제2종근린생활시설,1013119157,지번
1138010600102230016,서울특별시 은평구 대조동,서울특별시 은평구 연서로 158 (대조동),근린생활2,제2종근린생활시설,1013121662,지번
1138010700106740001,서울특별시 은평구 응암동,서울특별시 은평구 가좌로 180 (응암동),근린생활2,제2종근린생활시설,1013127592,지번
1138010500101910012,서울특별시 은평구 구산동,서울특별시 은평구 갈현로11길 26 (구산동),근린생활2,제2종근린생활시설,1013118483,지번
1138010600101980001,서울특별시 은평구 대조동,서울특별시 은평구 연서로 226 (대조동),근린생활1,제1종근린생활시설,1013121052,지번
1138010300102810154,서울특별시 은평구 불광동,서울특별시 은평구 통일로66길 4-1 (불광동),근린생활1,제1종근린생활시설,101317710,지번
1138010300102390011,서울특별시 은평구 불광동,서울특별시 은평구 불광로 105 (불광동),근린생활,근린생활시설,101317231,지번
1138010600102240018,서울특별시 은평구 대조동,서울특별시 은평구 연서로 144 (대조동),근린생활1,제1종근린생활시설,1013121687,지번
1138010300104450338,서울특별시 은평구 불광동,서울특별시 은평구 통일로92길 38 (불광동),근린생활1,제1종근린생활시설,101319947,지번
1138010700107500002,서울특별시 은평구 응암동,서울특별시 은평구 응암로12길 12 (응암동),근린생활1,제1종근린생활시설,1013128120,지번
1138010400104050001,서울특별시 은평구 갈현동,서울특별시 은평구 갈현로36길 20 (갈현동),근린생활2,제2종근린생활시설,1013114542,지번
1138010800100490006,서울특별시 은평구 역촌동,서울특별시 은평구 연서로9길 29 (역촌동),근린생활2,제2종근린생활시설,1013131811,지번
1138010700107330014,서울특별시 은평구 응암동,서울특별시 은평구 가좌로7나길 19 (응암동),근린생활,근린생활시설,1013127952,지번
1138010200100810021,서울특별시 은평구 녹번동,서울특별시 은평구 서오릉로 30-17 (녹번동),근린생활2,제2종근린생활시설,101313846,지번
1138010400104660009,서울특별시 은평구 갈현동,서울특별시 은평구 연서로19길 10 (갈현동),근린생활2,제2종근린생활시설,1013115441,지번
1138010900103370004,서울특별시 은평구 신사동,서울특별시 은평구 증산로 391 (신사동),근린생활1,제1종근린생활시설,10131100308914,지번
1138011400100740000,서울특별시 은평구 진관동,서울특별시 은평구 진관2로 19 (진관동),근린생활2,제2종근린생활시설,10131100267285,지번
1138010400103990015,서울특별시 은평구 갈현동,서울특별시 은평구 연서로29길 14-4 (갈현동),근린생활1,제1종근린생활시설,1013114418,지번
1138011000101850023,서울특별시 은평구 증산동,서울특별시 은평구 증산로5길 15 (증산동),근린생활2,제2종근린생활시설,1013138157,지번
1138010700107490064,서울특별시 은평구 응암동,서울특별시 은평구 응암로12길 23-9 (응암동),근린생활2,제2종근린생활시설,1013128117,지번
1138010900100250055,서울특별시 은평구 신사동,서울특별시 은평구 증산로21길 10 (신사동),근린생활1,제1종근린생활시설,1013134561,지번
1138010200101440071,서울특별시 은평구 녹번동,서울특별시 은평구 진흥로 110 (녹번동),근린생활1,제1종근린생활시설,101314786,지번
1138010500100130005,서울특별시 은평구 구산동,서울특별시 은평구 갈현로 157 (구산동),근린생활2,제2종근린생활시설,1013117822,지번
1138010600100140002,서울특별시 은평구 대조동,서울특별시 은평구 통일로 727 (대조동),근린생활1,제1종근린생활시설,1013119333,지번
1138010400103940030,서울특별시 은평구 갈현동,서울특별시 은평구 통일로 881 (갈현동),근린생활2,제2종근린생활시설,1013114347,지번
1138010900100170009,서울특별시 은평구 신사동,서울특별시 은평구 갈현로 9 (신사동),근린생활2,제2종근린생활시설,1013134280,지번
1138010400103920031,서울특별시 은평구 갈현동,서울특별시 은평구 통일로 911 (갈현동),근린생활1,제1종근린생활시설,10131100274754,지번
1138011000101770008,서울특별시 은평구 증산동,서울특별시 은평구 증산로3길 4 (증산동),근린생활2,제2종근린생활시설,1013138057,지번
1138011400100260000,서울특별시 은평구 진관동,서울특별시 은평구 진관3로 15-59 (진관동),근린생활2,제2종근린생활시설,10131100238246,지번
1138010900100340046,서울특별시 은평구 신사동,서울특별시 은평구 증산로19길 4 (신사동),근린생활2,제2종근린생활시설,1013134841,지번
1138010800100780017,서울특별시 은평구 역촌동,서울특별시 은평구 갈현로5길 6 (역촌동),근린생활1,제1종근린생활시설,1013132535,지번
1138010300102760027,서울특별시 은평구 불광동,서울특별시 은평구 불광로 55 (불광동),근린생활2,제2종근린생활시설,10131100286035,지번
1138010300102810027,서울특별시 은평구 불광동,서울특별시 은평구 불광로 50 (불광동),근린생활1,제1종근린생활시설,101317602,지번
1138010400104560002,서울특별시 은평구 갈현동,서울특별시 은평구 연서로 217 (갈현동),근린생활2,제2종근린생활시설,1013115312,지번
1138010400103270077,서울특별시 은평구 갈현동,서울특별시 은평구 서오릉로20길 8-1 (갈현동),근린생활2,제2종근린생활시설,1013113987,지번
1138010400103990007,서울특별시 은평구 갈현동,서울특별시 은평구 연서로29길 8 (갈현동),근린생활2,제2종근린생활시설,1013114408,지번
1138010400103990007,서울특별시 은평구 갈현동,서울특별시 은평구 연서로29길 8 (갈현동),근린생활2,제2종근린생활시설,1013114409,지번
1138010500103380001,서울특별시 은평구 구산동,서울특별시 은평구 서오릉로 225 (구산동),근린생활1,제1종근린생활시설,1013114028,지번
1138010900100180017,서울특별시 은평구 신사동,서울특별시 은평구 갈현로1길 19 (신사동),근린생활1,제1종근린생활시설,1013134299,지번
1138010400104000002,서울특별시 은평구 갈현동,서울특별시 은평구 연서로29길 14-13 (갈현동),근린생활2,제2종근린생활시설,1013114427,지번
1138010700106950000,서울특별시 은평구 응암동,서울특별시 은평구 응암로4길 18 (응암동),근린생활1,제1종근린생활시설,1013127639,지번
1138010600101710034,서울특별시 은평구 대조동,서울특별시 은평구 역말로 133 (대조동),근린생활2,제2종근린생활시설,1013120566,지번
1138011400102190005,서울특별시 은평구 진관동,서울특별시 은평구 연서로 524 (진관동),근린생활2,제2종근린생활시설,10131100281263,지번
1138010400104810004,서울특별시 은평구 갈현동,서울특별시 은평구 연서로27길 7-1 (갈현동),근린생활2,제2종근린생활시설,1013115650,지번
1138010400104610016,서울특별시 은평구 갈현동,서울특별시 은평구 연서로25길 5 (갈현동),근린생활2,제2종근린생활시설,1013115376,지번
1138011400101820001,서울특별시 은평구 진관동,서울특별시 은평구 연서로48길 72 (진관동),근린생활1,단독주택,10131100299154,지번
1138011400101820001,서울특별시 은평구 진관동,서울특별시 은평구 연서로48길 72 (진관동),근린생활1,제1종근린생활시설,10131100299155,지번
1138010800100010046,서울특별시 은평구 역촌동,서울특별시 은평구 연서로 130-1 (역촌동),근린생활1,제1종근린생활시설,1013130159,지번
1138010800100360009,서울특별시 은평구 역촌동,서울특별시 은평구 연서로 30 (역촌동),근린생활2,제2종근린생활시설,1013131462,지번
1138010400105130005,서울특별시 은평구 갈현동,서울특별시 은평구 갈현로23길 10-1 (갈현동),근린생활2,제2종근린생활시설,10131100189249,지번
1138010400104640008,서울특별시 은평구 갈현동,서울특별시 은평구 연서로 155 (갈현동),근린생활2,제2종근린생활시설,1013115424,지번
1138010400104640008,서울특별시 은평구 갈현동,서울특별시 은평구 연서로 155 (갈현동),근린생활2,단독주택,1013115425,지번
1138010400104330019,서울특별시 은평구 갈현동,서울특별시 은평구 갈현로33길 4 (갈현동),근린생활2,제2종근린생활시설,1013114988,지번
1138011400102190011,서울특별시 은평구 진관동,서울특별시 은평구 연서로 514 (진관동),근린생활2,제2종근린생활시설,10131100320815,지번
1138010600100140064,서울특별시 은평구 대조동,서울특별시 은평구 불광로 8 (대조동),근린생활2,제2종근린생활시설,1013119355,지번
1138010500103210096,서울특별시 은평구 구산동,서울특별시 은평구 서오릉로 231 (구산동),근린생활1,제1종근린생활시설,1013113897,지번
1138010800100450047,서울특별시 은평구 역촌동,서울특별시 은평구 역말로 39 (역촌동),근린생활2,제2종근린생활시설,1013131712,지번
1138010600100150034,서울특별시 은평구 대조동,서울특별시 은평구 통일로 709 (대조동),근린생활2,제2종근린생활시설,1013119388,지번
1138010200101310154,서울특별시 은평구 녹번동,서울특별시 은평구 진흥로 150 (녹번동),근린생활1,제1종근린생활시설,101314512,지번
1138010600101850005,서울특별시 은평구 대조동,서울특별시 은평구 통일로 841 (대조동),근린생활1,단독주택,1013120701,지번
1138010600101850005,서울특별시 은평구 대조동,서울특별시 은평구 통일로 841 (대조동),근린생활1,제1종근린생활시설,1013120702,지번
1138010400104250008,서울특별시 은평구 갈현동,서울특별시 은평구 통일로87길 17-4 (갈현동),근린생활2,제2종근린생활시설,1013114861,지번
1138010200101090022,서울특별시 은평구 녹번동,서울특별시 은평구 녹번로 53 (녹번동),근린생활2,제2종근린생활시설,101314214,지번
1138010700101240044,서울특별시 은평구 응암동,서울특별시 은평구 응암로21길 6-1 (응암동),근린생활1,제1종근린생활시설,1013123989,지번
1138010100103760006,서울특별시 은평구 수색동,서울특별시 은평구 수색로 285 (수색동),근린생활2,제2종근린생활시설,101312264,지번
1138010700101240017,서울특별시 은평구 응암동,서울특별시 은평구 응암로 247 (응암동),근린생활2,제2종근린생활시설,1013123981,지번
1138011400103180002,서울특별시 은평구 진관동,서울특별시 은평구 의상봉길 70-7 (진관동),근린생활2,종교시설,1000000000000002856104,지번
1138011400103180002,서울특별시 은평구 진관동,서울특별시 은평구 의상봉길 70-7 (진관동),근린생활2,종교시설,1013139894,지번
1138011400103180002,서울특별시 은평구 진관동,서울특별시 은평구 의상봉길 70-7 (진관동),근린생활2,제2종근린생활시설,1013139895,지번
1138010700105920086,서울특별시 은평구 응암동,서울특별시 은평구 불광천길 322 (응암동),근린생활1,제1종근린생활시설,1013126826,지번
1138010700106030114,서울특별시 은평구 응암동,서울특별시 은평구 응암로4길 15-1 (응암동),근린생활1,제1종근린생활시설,1013127188,지번
1138010300100110017,서울특별시 은평구 불광동,서울특별시 은평구 불광로 108 (불광동),근린생활2,제2종근린생활시설,101316132,지번
1138010700106950012,서울특별시 은평구 응암동,서울특별시 은평구 가좌로7길 30 (응암동),근린생활1,제1종근린생활시설,1013127651,지번
1138010600100120002,서울특별시 은평구 대조동,서울특별시 은평구 불광로 17 (대조동),근린생활1,제1종근린생활시설,1013119310,지번
1138010900103370006,서울특별시 은평구 신사동,서울특별시 은평구 증산로 387-1 (신사동),근린생활2,제2종근린생활시설,10131100273014,지번
1138010200100730013,서울특별시 은평구 녹번동,서울특별시 은평구 은평로 205-3 (녹번동),근린생활2,제2종근린생활시설,101313728,지번
1138010100101010007,서울특별시 은평구 수색동,서울특별시 은평구 수색로 248 (수색동),근린생활1,제1종근린생활시설,101311074,지번
1138010100103680001,서울특별시 은평구 수색동,서울특별시 은평구 수색로 262 (수색동),근린생활2,제2종근린생활시설,101312189,지번
1138010900100190189,서울특별시 은평구 신사동,서울특별시 은평구 은평로 11 (신사동),근린생활2,제2종근린생활시설,1013134409,지번
1138010300105420003,서울특별시 은평구 불광동,서울특별시 은평구 불광로 76 (불광동),근린생활1,제1종근린생활시설,1013110578,지번
1138010300101230001,서울특별시 은평구 불광동,서울특별시 은평구 연서로 306 (불광동),근린생활1,제1종근린생활시설,101316651,지번
1138010400104890005,서울특별시 은평구 갈현동,서울특별시 은평구 서오릉로 190 (갈현동),근린생활1,제1종근린생활시설,1000000000000003725892,지번
1138010800100190027,서울특별시 은평구 역촌동,서울특별시 은평구 역말로 78 (역촌동),근린생활2,제2종근린생활시설,1013130859,지번
1138011400102770000,서울특별시 은평구 진관동,서울특별시 은평구 대서문길 34 (진관동),근린생활2,제2종근린생활시설,1013139835,지번
1138011400102790090,서울특별시 은평구 진관동,서울특별시 은평구 대서문길 5 (진관동),근린생활2,제2종근린생활시설,10131100242745,지번
1138010600100140138,서울특별시 은평구 대조동,서울특별시 은평구 불광로 16-6 (대조동),근린생활2,제2종근린생활시설,1013119363,지번
1138010700105900008,서울특별시 은평구 응암동,서울특별시 은평구 응암로13길 2-1 (응암동),근린생활1,제1종근린생활시설,1013126719,지번
1138010400103950005,서울특별시 은평구 갈현동,서울특별시 은평구 통일로 869 (갈현동),근린생활1,제1종근린생활시설,1013114370,지번
1138010400104810005,서울특별시 은평구 갈현동,서울특별시 은평구 연서로25길 6-15 (갈현동),근린생활2,제2종근린생활시설,1013115651,지번
1138010400102720000,서울특별시 은평구 갈현동,서울특별시 은평구 갈현로33길 28 (갈현동),근린생활1,제1종근린생활시설,1013113065,지번
1138010400104050022,서울특별시 은평구 갈현동,서울특별시 은평구 통일로83길 6-29 (갈현동),근린생활2,제2종근린생활시설,1013114553,지번
1138010400104610001,서울특별시 은평구 갈현동,서울특별시 은평구 연서로 195 (갈현동),근린생활2,제2종근린생활시설,1013115362,지번
1138010700100740006,서울특별시 은평구 응암동,서울특별시 은평구 은평로 204 (응암동),근린생활2,제2종근린생활시설,1013122990,지번
1138010400104520028,서울특별시 은평구 갈현동,서울특별시 은평구 연서로27길 22 (갈현동),근린생활2,제2종근린생활시설,1013115241,지번
1138010700102870022,서울특별시 은평구 응암동,서울특별시 은평구 가좌로 192 (응암동),근린생활2,제2종근린생활시설,1013125177,지번
1138010700105780021,서울특별시 은평구 응암동,서울특별시 은평구 응암로 231 (응암동),근린생활,근린생활시설,1013126346,지번
1138010200101620028,서울특별시 은평구 녹번동,서울특별시 은평구 진흥로 76 (녹번동),근린생활2,제2종근린생활시설,101315108,지번
1138010200101170112,서울특별시 은평구 녹번동,서울특별시 은평구 통일로 697 (녹번동),근린생활2,제2종근린생활시설,101314323,지번
1138010700103380078,서울특별시 은평구 응암동,서울특별시 은평구 가좌로 204 (응암동),근린생활2,제2종근린생활시설,1013125371,지번
1138010400104560028,서울특별시 은평구 갈현동,서울특별시 은평구 연서로 213 (갈현동),근린생활2,제1종근린생활시설,1013115331,지번
1138010200101410043,서울특별시 은평구 녹번동,서울특별시 은평구 진흥로 142 (녹번동),근린생활1,제1종근린생활시설,101314662,지번
1138010600100030080,서울특별시 은평구 대조동,서울특별시 은평구 통일로69길 12-6 (대조동),근린생활2,제2종근린생활시설,1013119200,지번
1138010200100790034,서울특별시 은평구 녹번동,서울특별시 은평구 은평로 201-5 (녹번동),근린생활2,제2종근린생활시설,101313809,지번
1138010400104330002,서울특별시 은평구 갈현동,서울특별시 은평구 갈현로 267 (갈현동),근린생활2,제2종근린생활시설,1013114976,지번
1138010700100980065,서울특별시 은평구 응암동,서울특별시 은평구 은평로 136 (응암동),근린생활1,제1종근린생활시설,1013123327,지번
1138010300104320023,서울특별시 은평구 불광동,서울특별시 은평구 연서로 301 (불광동),근린생활2,제2종근린생활시설,101319616,지번
1138010600101980005,서울특별시 은평구 대조동,서울특별시 은평구 연서로 220 (대조동),근린생활1,제1종근린생활시설,1013121057,지번
1138010600102400000,서울특별시 은평구 대조동,서울특별시 은평구 불광로 20 (대조동),판매영업,판매및영업시설,1013122337,지번
1138010900101630000,서울특별시 은평구 신사동,서울특별시 은평구 증산로15길 70 (신사동),근린생활2,제2종근린생활시설,1013135073,지번
1138010500103410004,서울특별시 은평구 구산동,서울특별시 은평구 서오릉로17길 5 (구산동),근린생활2,제2종근린생활시설,1013114042,지번
1138010700100760002,서울특별시 은평구 응암동,서울특별시 은평구 은평로 200-1 (응암동),근린생활1,제1종근린생활시설,10131100209566,지번
1138010700100760002,서울특별시 은평구 응암동,서울특별시 은평구 은평로 200-1 (응암동),근린생활1,공동주택,10131100209574,지번
1138011000101750003,서울특별시 은평구 증산동,서울특별시 은평구 증산로5길 5-12 (증산동),근린생활2,제2종근린생활시설,1013138021,지번
1138010400104540028,서울특별시 은평구 갈현동,서울특별시 은평구 연서로27길 12 (갈현동),근린생활1,제1종근린생활시설,1013115293,지번
1138010400103990019,서울특별시 은평구 갈현동,서울특별시 은평구 연서로29길 8-15 (갈현동),근린생활2,제2종근린생활시설,1013114420,지번
1138010500100020001,서울특별시 은평구 구산동,서울특별시 은평구 서오릉로 151 (구산동),근린생활2,제2종근린생활시설,10131100211225,지번
1138010800100540006,서울특별시 은평구 역촌동,서울특별시 은평구 갈현로 85 (역촌동),근린생활2,제2종근린생활시설,1013131944,지번
1138010500100010001,서울특별시 은평구 구산동,서울특별시 은평구 연서로 137 (구산동),근린생활1,제1종근린생활시설,1013117603,지번
1138011400102780008,서울특별시 은평구 진관동,서울특별시 은평구 대서문길 31 (진관동),근린생활2,제2종근린생활시설,10131100208925,지번
1138010300104840076,서울특별시 은평구 불광동,서울특별시 은평구 통일로 874 (불광동),근린생활2,제2종근린생활시설,1013110450,지번
1138010500100100030,서울특별시 은평구 구산동,서울특별시 은평구 서오릉로13길 28 (구산동),근린생활1,제1종근린생활시설,1013117778,지번
1138010400104510002,서울특별시 은평구 갈현동,서울특별시 은평구 갈현로 258 (갈현동),근린생활2,제2종근린생활시설,1013115196,지번
1138010400103940015,서울특별시 은평구 갈현동,서울특별시 은평구 통일로83길 6-16 (갈현동),근린생활1,제1종근린생활시설,1013114359,지번
1138010400103910002,서울특별시 은평구 갈현동,서울특별시 은평구 통일로 929-3 (갈현동),근린생활1,제1종근린생활시설,1013114274,지번
1138010500101900008,서울특별시 은평구 구산동,서울특별시 은평구 갈현로11길 12 (구산동),근린생활1,제1종근린생활시설,1013118462,지번
1138010900100400001,서울특별시 은평구 신사동,서울특별시 은평구 가좌로 321 (신사동),근린생활2,제2종근린생활시설,1013134957,지번
1138010700106010066,서울특별시 은평구 응암동,서울특별시 은평구 응암로 188-1 (응암동),근린생활2,제2종근린생활시설,1013127123,지번
1138010600102130003,서울특별시 은평구 대조동,서울특별시 은평구 연서로20길 10-1 (대조동),근린생활2,제2종근린생활시설,1013122278,지번
1138010900100160024,서울특별시 은평구 신사동,서울특별시 은평구 갈현로 21 (신사동),근린생활,근린생활시설,1013134267,지번
1138010700105850012,서울특별시 은평구 응암동,서울특별시 은평구 가좌로 249 (응암동),근린생활2,제2종근린생활시설,1013126594,지번
1138010200101390001,서울특별시 은평구 녹번동,서울특별시 은평구 진흥로12길 10 (녹번동),근린생활1,제1종근린생활시설,101314627,지번
1138010600100150091,서울특별시 은평구 대조동,서울특별시 은평구 통일로65길 11 (대조동),근린생활2,제2종근린생활시설,1013119419,지번
1138010400104310015,서울특별시 은평구 갈현동,서울특별시 은평구 연서로29길 30-16 (갈현동),근린생활2,제2종근린생활시설,1013114965,지번
1138010700107490005,서울특별시 은평구 응암동,서울특별시 은평구 가좌로 201 (응암동),근린생활2,제2종근린생활시설,1013128086,지번
1138010700100930003,서울특별시 은평구 응암동,서울특별시 은평구 은평로 178 (응암동),근린생활1,제1종근린생활시설,1013123211,지번
1138010700101070005,서울특별시 은평구 응암동,서울특별시 은평구 응암로 288 (응암동),근린생활2,제2종근린생활시설,10131100221890,지번
1138010900102940024,서울특별시 은평구 신사동,서울특별시 은평구 가좌로 377 (신사동),근린생활2,제2종근린생활시설,10131100229825,지번
1138010700105900002,서울특별시 은평구 응암동,서울특별시 은평구 가좌로 229 (응암동),근린생활2,제2종근린생활시설,1013126715,지번
1138010300102750001,서울특별시 은평구 불광동,서울특별시 은평구 불광로 41 (불광동),판매시설,판매시설,10131100253350,지번
1138010400104090001,서울특별시 은평구 갈현동,서울특별시 은평구 통일로87길 7 (갈현동),근린생활1,제1종근린생활시설,1013114614,지번
1138010400104080007,서울특별시 은평구 갈현동,서울특별시 은평구 통일로85길 8-1 (갈현동),근린생활2,제2종근린생활시설,1013114609,지번
1138010400105260015,서울특별시 은평구 갈현동,서울특별시 은평구 서오릉로18길 6-9 (갈현동),근린생활1,제1종근린생활시설,1013116473,지번
1138010600100150006,서울특별시 은평구 대조동,서울특별시 은평구 통일로 715-8 (대조동),근린생활2,제2종근린생활시설,1013119373,지번
1138010500103210097,서울특별시 은평구 구산동,서울특별시 은평구 서오릉로 229 (구산동),근린생활2,제2종근린생활시설,1013113898,지번
1138010400103940007,서울특별시 은평구 갈현동,서울특별시 은평구 통일로83길 6-8 (갈현동),근린생활2,제2종근린생활시설,1013114351,지번
1138010400104000014,서울특별시 은평구 갈현동,서울특별시 은평구 통일로 863-9 (갈현동),근린생활2,제2종근린생활시설,1013114439,지번
1138010400103990013,서울특별시 은평구 갈현동,서울특별시 은평구 연서로29길 14-6 (갈현동),근린생활1,제1종근린생활시설,1013114416,지번
1138010900100200008,서울특별시 은평구 신사동,서울특별시 은평구 갈현로 8 (신사동),근린생활1,제1종근린생활시설,1013134417,지번
1138010900103350027,서울특별시 은평구 신사동,서울특별시 은평구 가좌로 271 (신사동),근린생활1,제1종근린생활시설,10131100228465,지번
1138010700105980012,서울특별시 은평구 응암동,서울특별시 은평구 응암로 173 (응암동),근린생활1,제1종근린생활시설,1013127009,지번
1138010100101010005,서울특별시 은평구 수색동,서울특별시 은평구 수색로14길 5-3 (수색동),근린생활1,제1종근린생활시설,101311073,지번
1138010700101030034,서울특별시 은평구 응암동,서울특별시 은평구 응암로 322-5 (응암동),근린생활2,제2종근린생활시설,1013123568,지번
1138010600100150222,서울특별시 은평구 대조동,서울특별시 은평구 진흥로 161 (대조동),근린생활2,제2종근린생활시설,1013119462,지번
1138010400104490001,서울특별시 은평구 갈현동,서울특별시 은평구 갈현로 259 (갈현동),근린생활2,제2종근린생활시설,1013115155,지번
1138010600100150020,서울특별시 은평구 대조동,서울특별시 은평구 통일로 715-10 (대조동),근린생활2,제2종근린생활시설,1013119382,지번
1138010800100830040,서울특별시 은평구 역촌동,서울특별시 은평구 연서로 21-5 (역촌동),근린생활1,제1종근린생활시설,1013132743,지번
1138010900102280022,서울특별시 은평구 신사동,서울특별시 은평구 가좌로 333 (신사동),근린생활1,제1종근린생활시설,1013135465,지번
1138010900100250057,서울특별시 은평구 신사동,서울특별시 은평구 증산로21길 14 (신사동),근린생활1,제1종근린생활시설,1013134563,지번
1138010400104640019,서울특별시 은평구 갈현동,서울특별시 은평구 연서로17길 8 (갈현동),근린생활2,제2종근린생활시설,1013115428,지번
1138010700103970192,서울특별시 은평구 응암동,서울특별시 은평구 응암로16길 20-6 (응암동),근린생활1,제1종근린생활시설,1013125717,지번
1138010700103480010,서울특별시 은평구 응암동,서울특별시 은평구 응암로16길 24 (응암동),근린생활1,제1종근린생활시설,1013125407,지번
1138010200101760027,서울특별시 은평구 녹번동,서울특별시 은평구 응암로 343-1 (녹번동),근린생활2,제2종근린생활시설,101315179,지번
1138010800100740020,서울특별시 은평구 역촌동,서울특별시 은평구 갈현로7길 26 (역촌동),근린생활2,제2종근린생활시설,10131100321455,지번
1138010300105540001,서울특별시 은평구 불광동,서울특별시 은평구 불광로 60 (불광동),근린생활2,제2종근린생활시설,1013110667,지번
1138010400104560003,서울특별시 은평구 갈현동,서울특별시 은평구 연서로 215-1 (갈현동),근린생활2,제2종근린생활시설,1013115313,지번
1138010500101880064,서울특별시 은평구 구산동,서울특별시 은평구 갈현로15길 10 (구산동),근린생활1,제1종근린생활시설,1013118460,지번
1138010500101720002,서울특별시 은평구 구산동,서울특별시 은평구 갈현로15길 27-1 (구산동),근린생활1,노유자시설,10131100182305,지번
1138010500101720002,서울특별시 은평구 구산동,서울특별시 은평구 갈현로15길 27-1 (구산동),근린생활1,노유자시설,10131100195913,지번
1138010500101720002,서울특별시 은평구 구산동,서울특별시 은평구 갈현로15길 27-1 (구산동),근린생활1,노유자시설,10131100282394,지번
1138010500101720002,서울특별시 은평구 구산동,서울특별시 은평구 갈현로15길 27-1 (구산동),근린생활1,노유자시설,1013118305,지번
1138010500101720002,서울특별시 은평구 구산동,서울특별시 은평구 갈현로15길 27-1 (구산동),근린생활1,노유자시설,1013118306,지번
1138010500101720002,서울특별시 은평구 구산동,서울특별시 은평구 갈현로15길 27-1 (구산동),근린생활1,노유자시설,1013119132,지번
1138010500101720002,서울특별시 은평구 구산동,서울특별시 은평구 갈현로15길 27-1 (구산동),근린생활1,노유자시설,1013119134,지번
1138010500101720002,서울특별시 은평구 구산동,서울특별시 은평구 갈현로15길 27-1 (구산동),근린생활1,제1종근린생활시설,1013119140,지번
1138010700100890003,서울특별시 은평구 응암동,서울특별시 은평구 진흥로 52-1 (응암동),근린생활1,제1종근린생활시설,1013123174,지번
1138010700105950002,서울특별시 은평구 응암동,서울특별시 은평구 응암로 165 (응암동),판매시설,판매시설,1013126915,지번
1138010400104020026,서울특별시 은평구 갈현동,서울특별시 은평구 연서로29길 20-21 (갈현동),근린생활2,제2종근린생활시설,1013114478,지번
1138010900100340008,서울특별시 은평구 신사동,서울특별시 은평구 증산로 429 (신사동),근린생활2,제2종근린생활시설,1013134826,지번
1138010700101190017,서울특별시 은평구 응암동,서울특별시 은평구 응암로 261 (응암동),근린생활2,제2종근린생활시설,1013123874,지번
1138010700101260050,서울특별시 은평구 응암동,서울특별시 은평구 응암로21길 16 (응암동),근린생활1,제1종근린생활시설,1013124034,지번
1138010800100710011,서울특별시 은평구 역촌동,서울특별시 은평구 갈현로11길 15 (역촌동),근린생활2,제2종근린생활시설,1013132374,지번
1138010700100810012,서울특별시 은평구 응암동,서울특별시 은평구 은평로14길 5-3 (응암동),근린생활2,제2종근린생활시설,10131100295694,지번
1138010400104450013,서울특별시 은평구 갈현동,서울특별시 은평구 갈현로33길 12 (갈현동),근린생활2,제2종근린생활시설,1013115116,지번
1138010500100010024,서울특별시 은평구 구산동,서울특별시 은평구 서오릉로 145 (구산동),근린생활1,제1종근린생활시설,1013117614,지번
1138010700107500007,서울특별시 은평구 응암동,서울특별시 은평구 응암로4길 30 (응암동),근린생활1,제1종근린생활시설,1000000000000000252533,지번
1138010700101110042,서울특별시 은평구 응암동,서울특별시 은평구 은평로 90 (응암동),근린생활2,제2종근린생활시설,10131100243177,지번
1138010800100430019,서울특별시 은평구 역촌동,서울특별시 은평구 진흥로 17-1 (역촌동),근린생활2,제2종근린생활시설,1013131641,지번
1138010700106030046,서울특별시 은평구 응암동,서울특별시 은평구 응암로 162-8 (응암동),근린생활2,제2종근린생활시설,1013127195,지번
1138010900100350020,서울특별시 은평구 신사동,서울특별시 은평구 증산로 413 (신사동),근린생활1,제1종근린생활시설,1013134860,지번
1138010100102930020,서울특별시 은평구 수색동,서울특별시 은평구 수색로 390-13 (수색동),근린생활2,제2종근린생활시설,10131100308574,지번
1138010800100550017,서울특별시 은평구 역촌동,서울특별시 은평구 연서로5길 44 (역촌동),근린생활1,제1종근린생활시설,1013131967,지번
1138010400103950025,서울특별시 은평구 갈현동,서울특별시 은평구 통일로 863-4 (갈현동),근린생활2,제2종근린생활시설,1013114379,지번
1138011400101700001,서울특별시 은평구 진관동,서울특별시 은평구 연서로48길 52 (진관동),근린생활2,제2종근린생활시설,10131100279794,지번
