PNU,지번주소,도로명주소,용도군_tier1,대장_주용도,mgmBldrgstPk,매칭
1156011800100820015,서울특별시 영등포구 도림동,서울특별시 영등포구 도신로33길 10-1 (도림동),근린생활2,제2종근린생활시설,1020111152,지번
1156011000100530011,서울특별시 영등포구 여의도동,서울특별시 영등포구 국제금융로 112 (여의도동),근린생활2,제2종근린생활시설,102017273,지번
1156010100106020005,서울특별시 영등포구 영등포동,서울특별시 영등포구 신길로 245 (영등포동),근린생활2,제2종근린생활시설,102012478,지번
1156013300107210014,서울특별시 영등포구 대림동,서울특별시 영등포구 대림로27나길 16 (대림동),근린생활2,제2종근린생활시설,1020130851,지번
1156013200149340005,서울특별시 영등포구 신길동,서울특별시 영등포구 가마산로 530 (신길동),근린생활2,교육연구시설,1000000000000005456047,지번
1156013200149340005,서울특별시 영등포구 신길동,서울특별시 영등포구 가마산로 530 (신길동),근린생활2,제2종근린생활시설,1020129078,지번
1156011100100790002,서울특별시 영등포구 당산동1가,서울특별시 영등포구 영신로37길 15 (당산동1가),근린생활1,제1종근린생활시설,102017441,지번
1156012800100080002,서울특별시 영등포구 양평동4가,서울특별시 영등포구 선유로45길 5 (양평동4가),근린생활2,제2종근린생활시설,1020117038,지번
1156013300107830002,서울특별시 영등포구 대림동,서울특별시 영등포구 대림로 245 (대림동),근린생활1,제1종근린생활시설,1020131456,지번
1156013300110240011,서울특별시 영등포구 대림동,서울특별시 영등포구 디지털로54가길 2 (대림동),근린생활2,제2종근린생활시설,1020133791,지번
1156010100106180607,서울특별시 영등포구 영등포동,서울특별시 영등포구 영신로19길 24-1 (영등포동),근린생활1,제1종근린생활시설,10201100214223,지번
1156011800101070004,서울특별시 영등포구 도림동,서울특별시 영등포구 도신로29가길 15 (도림동),근린생활1,제1종근린생활시설,1020111256,지번
1156012800102360001,서울특별시 영등포구 양평동4가,서울특별시 영등포구 양평로20길 16-1 (양평동4가),근린생활1,제1종근린생활시설,1020117419,지번
1156012500102170020,서울특별시 영등포구 양평동1가,서울특별시 영등포구 영등포로11길 16 (양평동1가),근린생활1,제1종근린생활시설,1020115940,지번
1156011300102950002,서울특별시 영등포구 당산동3가,서울특별시 영등포구 당산로 114 (당산동3가),근린생활1,제1종근린생활시설,102019041,지번
1156013300109520019,서울특별시 영등포구 대림동,서울특별시 영등포구 시흥대로 675 (대림동),근린생활1,제1종근린생활시설,10201100215816,지번
1156013300109520019,서울특별시 영등포구 대림동,서울특별시 영등포구 시흥대로 681 (대림동),근린생활1,제1종근린생활시설,1020133154,지번
1156011300103960008,서울특별시 영등포구 당산동3가,서울특별시 영등포구 양산로19길 19 (당산동3가),근린생활2,제2종근린생활시설,102018921,지번
1156013200146720000,서울특별시 영등포구 신길동,서울특별시 영등포구 신길로 34 (신길동),근린생활1,제1종근린생활시설,1020128807,지번
1156013300106030034,서울특별시 영등포구 대림동,서울특별시 영등포구 도신로 42 (대림동),근린생활2,제2종근린생활시설,1020130059,지번
1156012600100230000,서울특별시 영등포구 양평동2가,서울특별시 영등포구 선유서로21길 19 (양평동2가),판매시설,공동주택,1020116655,지번
1156012600100230000,서울특별시 영등포구 양평동2가,서울특별시 영등포구 선유서로21길 15 (양평동2가),판매시설,판매시설,1020116656,지번
1156012600100230000,서울특별시 영등포구 양평동2가,서울특별시 영등포구 선유서로21길 19 (양평동2가),판매시설,공동주택,1020116657,지번
1156012600100230000,서울특별시 영등포구 양평동2가,서울특별시 영등포구 선유서로21길 19 (양평동2가),판매시설,공동주택,1020116658,지번
1156013200145330010,서울특별시 영등포구 신길동,서울특별시 영등포구 대방천로 186 (신길동),근린생활1,제1종근린생활시설,1020128726,지번
1156011300102280002,서울특별시 영등포구 당산동3가,서울특별시 영등포구 당산로32길 8-2 (당산동3가),근린생활2,제2종근린생활시설,102018720,지번
1156013300107750005,서울특별시 영등포구 대림동,서울특별시 영등포구 가마산로 342 (대림동),근린생활2,제2종근린생활시설,1020131357,지번
1156011000100530003,서울특별시 영등포구 여의도동,서울특별시 영등포구 국제금융로 108 (여의도동),근린생활2,제2종근린생활시설,102017082,지번
1156010800100430007,서울특별시 영등포구 영등포동7가,서울특별시 영등포구 영중로 75 (영등포동7가),근린생활2,제2종근린생활시설,102015919,지번
1156011600103210000,서울특별시 영등포구 당산동6가,서울특별시 영등포구 당산로 247-1 (당산동6가),근린생활1,제1종근린생활시설,1020110072,지번
1156010400100030004,서울특별시 영등포구 영등포동3가,서울특별시 영등포구 영등포로 248 (영등포동3가),근린생활2,제2종근린생활시설,102014583,지번
1156013200101820008,서울특별시 영등포구 신길동,서울특별시 영등포구 신길로62나길 15 (신길동),근린생활1,제1종근린생활시설,1020120274,지번
1156010500104110011,서울특별시 영등포구 영등포동4가,서울특별시 영등포구 영신로24길 2-1 (영등포동4가),근린생활1,제1종근린생활시설,102014819,지번
1156011400100740003,서울특별시 영등포구 당산동4가,,근린생활2,제2종근린생활시설,102019471,지번
1156011400100740003,서울특별시 영등포구 당산동4가,,근린생활2,단독주택,102019472,지번
1156011400100740003,서울특별시 영등포구 당산동4가,,근린생활2,단독주택,102019473,지번
1156011400100740003,서울특별시 영등포구 당산동4가,,근린생활2,단독주택,102019474,지번
1156011400100740003,서울특별시 영등포구 당산동4가,,근린생활2,단독주택,102019475,지번
1156011400100740003,서울특별시 영등포구 당산동4가,,근린생활2,제1종근린생활시설,102019476,지번
1156011400100740003,서울특별시 영등포구 당산동4가,,근린생활2,제2종근린생활시설,102019477,지번
1156011400100740003,서울특별시 영등포구 당산동4가,,근린생활2,단독주택,102019478,지번
1156011400100740003,서울특별시 영등포구 당산동4가,서울특별시 영등포구 당산로37길 8-9 (당산동4가),근린생활2,제2종근린생활시설,102019479,지번
1156011400100740003,서울특별시 영등포구 당산동4가,,근린생활2,제1종근린생활시설,102019481,지번
1156011400100740003,서울특별시 영등포구 당산동4가,,근린생활2,단독주택,102019482,지번
1156011400100740003,서울특별시 영등포구 당산동4가,,근린생활2,제1종근린생활시설,102019483,지번
1156011400100740003,서울특별시 영등포구 당산동4가,,근린생활2,제2종근린생활시설,102019484,지번
1156011400100740003,서울특별시 영등포구 당산동4가,,근린생활2,단독주택,102019485,지번
1156011400100740003,서울특별시 영등포구 당산동4가,,근린생활2,제2종근린생활시설,102019486,지번
1156011400100740003,서울특별시 영등포구 당산동4가,,근린생활2,단독주택,102019487,지번
1156011400100740003,서울특별시 영등포구 당산동4가,,근린생활2,단독주택,102019488,지번
1156011400100740003,서울특별시 영등포구 당산동4가,,근린생활2,단독주택,102019489,지번
1156011400100740003,서울특별시 영등포구 당산동4가,,근린생활2,단독주택,102019490,지번
1156011400100740003,서울특별시 영등포구 당산동4가,,근린생활2,단독주택,102019491,지번
1156011400100740003,서울특별시 영등포구 당산동4가,,근린생활2,단독주택,102019492,지번
1156011400100740003,서울특별시 영등포구 당산동4가,,근린생활2,단독주택,102019493,지번
1156011400100740003,서울특별시 영등포구 당산동4가,,근린생활2,단독주택,102019494,지번
1156011400100740003,서울특별시 영등포구 당산동4가,,근린생활2,단독주택,102019495,지번
1156011400100740003,서울특별시 영등포구 당산동4가,,근린생활2,제2종근린생활시설,102019496,지번
1156011400100740003,서울특별시 영등포구 당산동4가,,근린생활2,제1종근린생활시설,102019497,지번
1156011400100740003,서울특별시 영등포구 당산동4가,,근린생활2,제2종근린생활시설,102019498,지번
1156011400100740003,서울특별시 영등포구 당산동4가,,근린생활2,단독주택,102019499,지번
1156010400100100061,서울특별시 영등포구 영등포동3가,서울특별시 영등포구 경인로 857-1 (영등포동3가),근린생활2,제2종근린생활시설,102014394,지번
1156011800100800020,서울특별시 영등포구 도림동,서울특별시 영등포구 도신로 125 (도림동),근린생활1,제1종근린생활시설,1020111120,지번
1156013200101900109,서울특별시 영등포구 신길동,서울특별시 영등포구 신길로 232-1 (신길동),근린생활2,제2종근린생활시설,1020120840,지번
1156010500101510013,서울특별시 영등포구 영등포동4가,서울특별시 영등포구 영등포로 182-2 (영등포동4가),근린생활1,제1종근린생활시설,102014921,지번
1156012800101830000,서울특별시 영등포구 양평동4가,서울특별시 영등포구 양평로18길 7 (양평동4가),근린생활2,제2종근린생활시설,1020117332,지번
1156011300101400000,서울특별시 영등포구 당산동3가,서울특별시 영등포구 국회대로 576 (당산동3가),근린생활1,제1종근린생활시설,102018633,지번
1156013200101880285,서울특별시 영등포구 신길동,서울특별시 영등포구 신길로60다길 2-6 (신길동),근린생활1,단독주택,1020120637,지번
1156013200101880285,서울특별시 영등포구 신길동,서울특별시 영등포구 신길로60다길 2-2 (신길동),근린생활1,제1종근린생활시설,1020120638,지번
1156013200101880285,서울특별시 영등포구 신길동,서울특별시 영등포구 신길로60다길 2-4 (신길동),근린생활1,단독주택,1020120639,지번
1156011300102140000,서울특별시 영등포구 당산동3가,서울특별시 영등포구 당산로 136 (당산동3가),근린생활2,제2종근린생활시설,102018697,지번
1156013200138970005,서울특별시 영등포구 신길동,서울특별시 영등포구 신풍로12길 3 (신길동),근린생활2,제2종근린생활시설,1020129647,지번
1156010400100060004,서울특별시 영등포구 영등포동3가,서울특별시 영등포구 영중로10길 3 (영등포동3가),근린생활2,단독주택,102014321,지번
1156010400100060004,서울특별시 영등포구 영등포동3가,서울특별시 영등포구 영중로10길 3 (영등포동3가),근린생활2,제2종근린생활시설,102014322,지번
1156010800100660004,서울특별시 영등포구 영등포동7가,서울특별시 영등포구 국회대로46길 3 (영등포동7가),근린생활1,제1종근린생활시설,102016621,지번
1156010400100070000,서울특별시 영등포구 영등포동3가,서울특별시 영등포구 영중로 28 (영등포동3가),판매시설,판매시설,102014589,지번
1156012200100130014,서울특별시 영등포구 문래동4가,서울특별시 영등포구 도림로141나길 24 (문래동4가),근린생활2,제2종근린생활시설,1020114735,지번
1156013300107090009,서울특별시 영등포구 대림동,서울특별시 영등포구 대림로23길 8 (대림동),근린생활2,제2종근린생활시설,1020130763,지번
1156013300107130008,서울특별시 영등포구 대림동,서울특별시 영등포구 도림로39길 19 (대림동),근린생활1,제1종근린생활시설,1020130793,지번
1156012200100110010,서울특별시 영등포구 문래동4가,서울특별시 영등포구 도림로147길 7 (문래동4가),근린생활2,제2종근린생활시설,1020114660,지번
1156012500100130025,서울특별시 영등포구 양평동1가,서울특별시 영등포구 문래북로 31 (양평동1가),근린생활1,제1종근린생활시설,1020115564,지번
1156010800100940037,서울특별시 영등포구 영등포동7가,서울특별시 영등포구 버드나루로14길 15 (영등포동7가),근린생활2,제2종근린생활시설,102016202,지번
1156013200112280000,서울특별시 영등포구 신길동,서울특별시 영등포구 여의대방로53가길 12 (신길동),근린생활2,제2종근린생활시설,1020126432,지번
1156012100100770045,서울특별시 영등포구 문래동3가,서울특별시 영등포구 선유로 52 (문래동3가),근린생활1,제1종근린생활시설,1020114352,지번
1156010300100940023,서울특별시 영등포구 영등포동2가,서울특별시 영등포구 버드나루로 51 (영등포동2가),근린생활1,제1종근린생활시설,102013738,지번
1156010400100200006,서울특별시 영등포구 영등포동3가,서울특별시 영등포구 영등포로42길 21-2 (영등포동3가),근린생활2,제2종근린생활시설,10201100196295,지번
1156011800102540006,서울특별시 영등포구 도림동,서울특별시 영등포구 도신로 55 (도림동),근린생활2,제2종근린생활시설,1020112941,지번
1156010900100740004,서울특별시 영등포구 영등포동8가,서울특별시 영등포구 영중로 139 (영등포동8가),근린생활2,제1종근린생활시설,102016884,본번
1156012300100200016,서울특별시 영등포구 문래동5가,서울특별시 영등포구 선유로9나길 24-3 (문래동5가),근린생활2,제2종근린생활시설,10201100202014,지번
1156012500102100002,서울특별시 영등포구 양평동1가,서울특별시 영등포구 선유서로26길 22-1 (양평동1가),근린생활2,제2종근린생활시설,1020115896,지번
1156011600100050000,서울특별시 영등포구 당산동6가,서울특별시 영등포구 양평로 6 (당산동6가),근린생활2,제2종근린생활시설,102019796,지번
1156011200100300013,서울특별시 영등포구 당산동2가,서울특별시 영등포구 영등포로 89 (당산동2가),근린생활1,제1종근린생활시설,102018249,지번
1156013300110720034,서울특별시 영등포구 대림동,서울특별시 영등포구 디지털로37나길 13 (대림동),근린생활1,제1종근린생활시설,1020134551,지번
1156012200100090001,서울특별시 영등포구 문래동4가,서울특별시 영등포구 선유로 34 (문래동4가),근린생활2,제2종근린생활시설,1020114623,지번
1156013200103240026,서울특별시 영등포구 신길동,서울특별시 영등포구 가마산로61가길 12 (신길동),근린생활1,제1종근린생활시설,1020123158,지번
1156011400100320010,서울특별시 영등포구 당산동4가,서울특별시 영등포구 국회대로37길 21 (당산동4가),근린생활2,제2종근린생활시설,102019266,지번
1156010400100170011,서울특별시 영등포구 영등포동3가,서울특별시 영등포구 영등포로42길 9-1 (영등포동3가),근린생활2,제2종근린생활시설,102014487,지번
1156011500100320002,서울특별시 영등포구 당산동5가,서울특별시 영등포구 양평로 53 (당산동5가),근린생활1,제1종근린생활시설,102019697,지번
1156013200105090001,서울특별시 영등포구 신길동,서울특별시 영등포구 신풍로23길 3 (신길동),근린생활2,제2종근린생활시설,1020125961,지번
1156010800100630049,서울특별시 영등포구 영등포동7가,서울특별시 영등포구 영중로27길 8 (영등포동7가),근린생활2,제2종근린생활시설,102015995,지번
1156011800101170027,서울특별시 영등포구 도림동,서울특별시 영등포구 도신로29길 10 (도림동),근린생활1,제1종근린생활시설,1020111326,지번
1156011800101130012,서울특별시 영등포구 도림동,서울특별시 영등포구 도신로29길 8-1 (도림동),근린생활1,제1종근린생활시설,1020111289,지번
1156013200101160001,서울특별시 영등포구 신길동,서울특별시 영등포구 도신로60길 1 (신길동),근린생활2,제2종근린생활시설,1020119379,지번
1156013200108490000,서울특별시 영등포구 신길동,서울특별시 영등포구 가마산로89길 8 (신길동),근린생활2,제2종근린생활시설,10201100257808,지번
1156013300106040124,서울특별시 영등포구 대림동,서울특별시 영등포구 대방천로 24 (대림동),근린생활1,제1종근린생활시설,1020130115,지번
1156013300106040147,서울특별시 영등포구 대림동,서울특별시 영등포구 도신로9길 2-1 (대림동),근린생활1,제1종근린생활시설,1020130130,지번
1156011400100320075,서울특별시 영등포구 당산동4가,서울특별시 영등포구 당산로 164-8 (당산동4가),근린생활2,제2종근린생활시설,10201100225762,지번
1156011400100320147,서울특별시 영등포구 당산동4가,서울특별시 영등포구 당산로38길 13-9 (당산동4가),근린생활2,제2종근린생활시설,10201100257388,지번
1156011600102370037,서울특별시 영등포구 당산동6가,서울특별시 영등포구 당산로48길 8 (당산동6가),근린생활2,제2종근린생활시설,1020110004,지번
1156012000100120008,서울특별시 영등포구 문래동2가,서울특별시 영등포구 도림로129길 5-1 (문래동2가),근린생활1,제1종근린생활시설,1020113579,지번
1156010500100560003,서울특별시 영등포구 영등포동4가,서울특별시 영등포구 영중로 23 (영등포동4가),근린생활1,제1종근린생활시설,102014619,지번
1156012000100140061,서울특별시 영등포구 문래동2가,서울특별시 영등포구 도림로129길 2-1 (문래동2가),근린생활2,제2종근린생활시설,1020113639,지번
1156013300107200005,서울특별시 영등포구 대림동,서울특별시 영등포구 대림로27가길 10 (대림동),근린생활2,제2종근린생활시설,1020130833,지번
1156013200103550135,서울특별시 영등포구 신길동,서울특별시 영등포구 도림로 283 (신길동),근린생활1,제1종근린생활시설,1020124230,지번
1156013200104200050,서울특별시 영등포구 신길동,서울특별시 영등포구 도림로77길 3-1 (신길동),근린생활2,제2종근린생활시설,1020125144,지번
1156013300110580030,서울특별시 영등포구 대림동,서울특별시 영등포구 디지털로37길 30-1 (대림동),근린생활2,제2종근린생활시설,10201100217686,지번
1156013300110580021,서울특별시 영등포구 대림동,서울특별시 영등포구 디지털로37길 30 (대림동),근린생활2,제2종근린생활시설,10201100242493,지번
1156012900100740001,서울특별시 영등포구 양평동5가,서울특별시 영등포구 양평로22길 7 (양평동5가),근린생활1,제1종근린생활시설,1020117716,지번
1156013200101100002,서울특별시 영등포구 신길동,서울특별시 영등포구 도신로65길 2 (신길동),근린생활2,제2종근린생활시설,1020119230,지번
1156013200101150033,서울특별시 영등포구 신길동,서울특별시 영등포구 도신로58길 15 (신길동),근린생활1,제1종근린생활시설,1020119378,지번
1156013200101230007,서울특별시 영등포구 신길동,서울특별시 영등포구 여의대방로43라길 20 (신길동),근린생활2,제2종근린생활시설,1020119503,지번
1156013200101540009,서울특별시 영등포구 신길동,서울특별시 영등포구 도신로56길 12 (신길동),근린생활2,제2종근린생활시설,1020119997,지번
1156013200101960037,서울특별시 영등포구 신길동,서울특별시 영등포구 도신로48길 9 (신길동),근린생활1,제1종근린생활시설,1020121104,지번
1156013200102200009,서울특별시 영등포구 신길동,서울특별시 영등포구 신길로52길 7 (신길동),근린생활1,제1종근린생활시설,1020121673,지번
1156013200102780121,서울특별시 영등포구 신길동,서울특별시 영등포구 신길로41길 21 (신길동),근린생활1,제1종근린생활시설,1020122691,지번
1156013200103050002,서울특별시 영등포구 신길동,서울특별시 영등포구 가마산로65길 25 (신길동),근린생활1,제1종근린생활시설,1020122881,지번
1156013300107100003,서울특별시 영등포구 대림동,서울특별시 영등포구 대림로27길 11 (대림동),근린생활1,제1종근린생활시설,1020130767,지번
1156013200103420104,서울특별시 영등포구 신길동,서울특별시 영등포구 도림로80가길 11 (신길동),근린생활2,제2종근린생활시설,1020123907,지번
1156013300107130000,서울특별시 영등포구 대림동,서울특별시 영등포구 도림로39길 11-8 (대림동),근린생활1,제1종근린생활시설,1020130785,지번
1156012100100540002,서울특별시 영등포구 문래동3가,,근린생활1,제1종근린생활시설,1020114141,지번
1156012100100540002,서울특별시 영등포구 문래동3가,서울특별시 영등포구 경인로 759 (문래동3가),근린생활1,제1종근린생활시설,1020114142,지번
1156013200149160025,서울특별시 영등포구 신길동,서울특별시 영등포구 가마산로77길 5 (신길동),근린생활1,제1종근린생활시설,1020129027,지번
1156013300107140009,서울특별시 영등포구 대림동,서울특별시 영등포구 도림로41길 11-10 (대림동),근린생활2,제2종근린생활시설,1020130804,지번
1156013300107660007,서울특별시 영등포구 대림동,서울특별시 영등포구 도림로47길 20 (대림동),근린생활1,제1종근린생활시설,1020131334,지번
1156013300110500030,서울특별시 영등포구 대림동,서울특별시 영등포구 도림로 128-1 (대림동),근린생활2,제2종근린생활시설,1020134093,지번
1156011100100530004,서울특별시 영등포구 당산동1가,서울특별시 영등포구 영등포로 143 (당산동1가),근린생활2,제2종근린생활시설,102017411,지번
1156011300101710000,서울특별시 영등포구 당산동3가,서울특별시 영등포구 국회대로34길 12 (당산동3가),근린생활1,제1종근린생활시설,102018663,지번
1156013200146770000,서울특별시 영등포구 신길동,서울특별시 영등포구 신길로 36 (신길동),근린생활2,제2종근린생활시설,1020128810,지번
1156013200100730015,서울특별시 영등포구 신길동,,근린생활1,제1종근린생활시설,10201100257490,지번
1156013200102330174,서울특별시 영등포구 신길동,서울특별시 영등포구 신길로 163 (신길동),근린생활1,제1종근린생활시설,1020129327,지번
1156011800100760024,서울특별시 영등포구 도림동,서울특별시 영등포구 도신로 145 (도림동),근린생활1,제1종근린생활시설,1020111095,지번
1156013300106930003,서울특별시 영등포구 대림동,서울특별시 영등포구 대림로 174 (대림동),근린생활1,제1종근린생활시설,1020130659,지번
1156013300107770001,서울특별시 영등포구 대림동,서울특별시 영등포구 가마산로 312 (대림동),근린생활2,공동주택,1020135192,지번
1156013300107770001,서울특별시 영등포구 대림동,서울특별시 영등포구 대림로31길 39 (대림동),근린생활2,공동주택,1020135193,지번
1156013300107770001,서울특별시 영등포구 대림동,서울특별시 영등포구 가마산로 312 (대림동),근린생활2,공동주택,1020135194,지번
1156013300107770001,서울특별시 영등포구 대림동,서울특별시 영등포구 가마산로 312 (대림동),근린생활2,공동주택,1020135195,지번
1156013300107770001,서울특별시 영등포구 대림동,서울특별시 영등포구 대림로31길 40 (대림동),근린생활2,제2종근린생활시설,1020135196,지번
1156011900100600006,서울특별시 영등포구 문래동1가,서울특별시 영등포구 경인로78길 7-9 (문래동1가),근린생활2,제2종근린생활시설,1020113399,지번
1156012000100140084,서울특별시 영등포구 문래동2가,서울특별시 영등포구 도림로133길 9 (문래동2가),근린생활1,제1종근린생활시설,1020113662,지번
1156013300108070001,서울특별시 영등포구 대림동,서울특별시 영등포구 도림로31길 26-1 (대림동),근린생활1,제1종근린생활시설,1020131651,지번
1156010100106180264,서울특별시 영등포구 영등포동,서울특별시 영등포구 영신로19길 18 (영등포동),근린생활1,제1종근린생활시설,102012806,지번
1156013300107130007,서울특별시 영등포구 대림동,서울특별시 영등포구 도림로39길 21 (대림동),근린생활2,제2종근린생활시설,1020130792,지번
1156011000100430001,서울특별시 영등포구 여의도동,서울특별시 영등포구 여의대방로69길 28 (여의도동),근린생활2,제2종근린생활시설,102017211,지번
1156013200102220001,서울특별시 영등포구 신길동,서울특별시 영등포구 신길로 183 (신길동),근린생활1,제1종근린생활시설,1020121704,지번
1156011800102500019,서울특별시 영등포구 도림동,서울특별시 영등포구 도신로 63 (도림동),근린생활1,제1종근린생활시설,1020112887,지번
1156013300106700002,서울특별시 영등포구 대림동,서울특별시 영등포구 가마산로 386 (대림동),근린생활1,제1종근린생활시설,1020130376,지번
1156012000100610001,서울특별시 영등포구 문래동2가,서울특별시 영등포구 도림로141길 1 (문래동2가),근린생활1,제1종근린생활시설,1020113912,지번
1156013300109910007,서울특별시 영등포구 대림동,서울특별시 영등포구 대림로7가길 2 (대림동),근린생활1,제1종근린생활시설,1020133471,지번
1156013200101920188,서울특별시 영등포구 신길동,서울특별시 영등포구 도신로49길 3 (신길동),근린생활2,제2종근린생활시설,1020121028,지번
1156012500101480008,서울특별시 영등포구 양평동1가,서울특별시 영등포구 영등포로13길 14 (양평동1가),근린생활1,제1종근린생활시설,1020115809,지번
1156011000100340002,서울특별시 영등포구 여의도동,서울특별시 영등포구 국제금융로6길 17 (여의도동),근린생활2,제2종근린생활시설,102017173,지번
1156011000100230000,서울특별시 영등포구 여의도동,서울특별시 영등포구 국제금융로 10 (여의도동),판매시설,업무시설,10201100203846,지번
1156011000100230000,서울특별시 영등포구 여의도동,서울특별시 영등포구 국제금융로 10 (여의도동),판매시설,업무시설,10201100203849,지번
1156011000100230000,서울특별시 영등포구 여의도동,서울특별시 영등포구 국제금융로 10 (여의도동),판매시설,업무시설,10201100203852,지번
1156011000100230000,서울특별시 영등포구 여의도동,서울특별시 영등포구 국제금융로 10 (여의도동),판매시설,숙박시설,10201100203855,지번
1156011000100230000,서울특별시 영등포구 여의도동,서울특별시 영등포구 국제금융로 10 (여의도동),판매시설,판매시설,10201100203857,지번
1156011500100220001,서울특별시 영등포구 당산동5가,서울특별시 영등포구 당산로45길 4 (당산동5가),근린생활2,제2종근린생활시설,102019688,지번
1156011600103340001,서울특별시 영등포구 당산동6가,서울특별시 영등포구 당산로49길 7 (당산동6가),근린생활2,제2종근린생활시설,1020110103,지번
1156010500101210000,서울특별시 영등포구 영등포동4가,서울특별시 영등포구 영등포로34길 15 (영등포동4가),근린생활2,제2종근린생활시설,102014713,지번
1156011800101500005,서울특별시 영등포구 도림동,서울특별시 영등포구 도신로 89 (도림동),근린생활1,제1종근린생활시설,1020113048,지번
1156013200102360002,서울특별시 영등포구 신길동,서울특별시 영등포구 신길로34길 1 (신길동),근린생활2,제2종근린생활시설,1020122026,지번
1156013200102620003,서울특별시 영등포구 신길동,서울특별시 영등포구 가마산로69가길 1-1 (신길동),근린생활1,제1종근린생활시설,1020122345,지번
1156013200149330000,서울특별시 영등포구 신길동,서울특별시 영등포구 도신로 100 (신길동),근린생활1,공동주택,1020129795,지번
1156013200149330000,서울특별시 영등포구 신길동,서울특별시 영등포구 도신로 100 (신길동),근린생활1,공동주택,1020129796,지번
1156013200149330000,서울특별시 영등포구 신길동,서울특별시 영등포구 도신로 98 (신길동),근린생활1,제1종근린생활시설,1020129797,지번
1156013200149330000,서울특별시 영등포구 신길동,서울특별시 영등포구 도신로 100 (신길동),근린생활1,공동주택,1020129798,지번
1156013200103550224,서울특별시 영등포구 신길동,서울특별시 영등포구 도림로87길 1 (신길동),근린생활1,제1종근린생활시설,1020124284,지번
1156011300102810000,서울특별시 영등포구 당산동3가,서울특별시 영등포구 양산로23길 7 (당산동3가),근린생활2,제2종근린생활시설,102018779,지번
1156011800102650004,서울특별시 영등포구 도림동,서울특별시 영등포구 도영로 20 (도림동),근린생활2,제2종근린생활시설,1020112950,지번
1156013200103550056,서울특별시 영등포구 신길동,서울특별시 영등포구 도림로 285 (신길동),근린생활1,제1종근린생활시설,1020124187,지번
1156011400100480001,서울특별시 영등포구 당산동4가,서울특별시 영등포구 당산로37길 1 (당산동4가),근린생활1,제1종근린생활시설,102019440,지번
1156012200100350008,서울특별시 영등포구 문래동4가,서울특별시 영등포구 도림로141라길 15 (문래동4가),근린생활2,제2종근린생활시설,1020115127,지번
1156011800101390006,서울특별시 영등포구 도림동,서울특별시 영등포구 도신로27길 3 (도림동),근린생활2,제2종근린생활시설,1020111527,지번
1156010500101760000,서울특별시 영등포구 영등포동4가,서울특별시 영등포구 영등포로34길 16 (영등포동4가),근린생활1,단독주택,102014798,지번
1156010500101760000,서울특별시 영등포구 영등포동4가,서울특별시 영등포구 영등포로34길 16 (영등포동4가),근린생활1,제1종근린생활시설,102014799,지번
1156013200104480003,서울특별시 영등포구 신길동,서울특별시 영등포구 신길로 63 (신길동),근린생활1,제1종근린생활시설,1020125627,지번
1156013300107140001,서울특별시 영등포구 대림동,서울특별시 영등포구 대림로29길 19 (대림동),근린생활2,제2종근린생활시설,1020130798,지번
1156013300107010001,서울특별시 영등포구 대림동,서울특별시 영등포구 대림로21길 7 (대림동),근린생활2,제2종근린생활시설,1020130707,지번
1156012900100200003,서울특별시 영등포구 양평동5가,서울특별시 영등포구 양평로21다길 22 (양평동5가),근린생활2,제2종근린생활시설,10201100216996,지번
1156013200146690000,서울특별시 영등포구 신길동,서울특별시 영등포구 신길로 38 (신길동),근린생활2,제2종근린생활시설,1020128802,지번
1156010400100060007,서울특별시 영등포구 영등포동3가,서울특별시 영등포구 영중로10길 1 (영등포동3가),근린생활1,제1종근린생활시설,102014323,지번
1156010400100100015,서울특별시 영등포구 영등포동3가,서울특별시 영등포구 영중로2길 1 (영등포동3가),근린생활1,제1종근린생활시설,10201100206016,지번
1156011600103390003,서울특별시 영등포구 당산동6가,서울특별시 영등포구 양평로14길 4 (당산동6가),근린생활2,제2종근린생활시설,1020110131,지번
1156012500100090021,서울특별시 영등포구 양평동1가,서울특별시 영등포구 영등포로18길 8 (양평동1가),근린생활2,제2종근린생활시설,1020116366,지번
1156010600100340133,서울특별시 영등포구 영등포동5가,서울특별시 영등포구 영등포로43가길 8 (영등포동5가),근린생활1,제1종근린생활시설,102015157,지번
1156013300110250094,서울특별시 영등포구 대림동,서울특별시 영등포구 디지털로 366 (대림동),근린생활2,제2종근린생활시설,1020133860,지번
1156012900100260008,서울특별시 영등포구 양평동5가,서울특별시 영등포구 양평로 127 (양평동5가),근린생활1,제1종근린생활시설,10201100194454,지번
1156012100100160072,서울특별시 영등포구 문래동3가,서울특별시 영등포구 영신로25길 14 (문래동3가),근린생활2,제2종근린생활시설,1020114055,지번
1156010900100750006,서울특별시 영등포구 영등포동8가,서울특별시 영등포구 영중로 138 (영등포동8가),근린생활1,제1종근린생활시설,102016858,지번
1156011600103470001,서울특별시 영등포구 당산동6가,서울특별시 영등포구 당산로49길 25 (당산동6가),근린생활2,제2종근린생활시설,10201100187084,지번
1156013300110590045,서울특별시 영등포구 대림동,서울특별시 영등포구 도림천로11길 5 (대림동),근린생활1,제1종근린생활시설,1020134304,지번
1156011300101260000,서울특별시 영등포구 당산동3가,서울특별시 영등포구 국회대로36길 7-3 (당산동3가),근린생활1,제1종근린생활시설,102018618,지번
1156013200101100071,서울특별시 영등포구 신길동,서울특별시 영등포구 도신로65길 1 (신길동),근린생활2,제2종근린생활시설,1020119255,지번
1156012300100120000,서울특별시 영등포구 문래동5가,서울특별시 영등포구 선유로9나길 17 (문래동5가),근린생활1,제1종근린생활시설,1020115283,지번
1156010300102220002,서울특별시 영등포구 영등포동2가,서울특별시 영등포구 영등포로53길 22 (영등포동2가),근린생활1,제1종근린생활시설,102013952,지번
1156013200102960057,서울특별시 영등포구 신길동,서울특별시 영등포구 도신로 116 (신길동),근린생활1,제1종근린생활시설,1020122797,지번
1156010100106310013,서울특별시 영등포구 영등포동,서울특별시 영등포구 영신로9라길 16 (영등포동),근린생활1,제1종근린생활시설,102013089,지번
1156012100100540043,서울특별시 영등포구 문래동3가,서울특별시 영등포구 경인로 755 (문래동3가),근린생활1,제1종근린생활시설,1020114205,지번
1156012100100540043,서울특별시 영등포구 문래동3가,서울특별시 영등포구 경인로 755 (문래동3가),근린생활1,제1종근린생활시설,1020114206,지번
1156012100100540043,서울특별시 영등포구 문래동3가,서울특별시 영등포구 경인로 755 (문래동3가),근린생활1,제1종근린생활시설,1020114207,지번
1156012100100540043,서울특별시 영등포구 문래동3가,서울특별시 영등포구 경인로 755 (문래동3가),근린생활1,제1종근린생활시설,1020114208,지번
1156012100100540043,서울특별시 영등포구 문래동3가,서울특별시 영등포구 경인로 755 (문래동3가),근린생활1,제1종근린생활시설,1020114209,지번
1156012100100540043,서울특별시 영등포구 문래동3가,서울특별시 영등포구 경인로 755 (문래동3가),근린생활1,제1종근린생활시설,1020114210,지번
1156012100100540043,서울특별시 영등포구 문래동3가,서울특별시 영등포구 경인로 755 (문래동3가),근린생활1,제1종근린생활시설,1020114211,지번
1156010400100130000,서울특별시 영등포구 영등포동3가,서울특별시 영등포구 영등포로50길 5 (영등포동3가),근린생활2,제2종근린생활시설,102014433,지번
1156013300110570013,서울특별시 영등포구 대림동,서울특별시 영등포구 도림천로11길 15 (대림동),근린생활1,제1종근린생활시설,1020134220,지번
1156010600100380001,서울특별시 영등포구 영등포동5가,서울특별시 영등포구 영중로24길 4 (영등포동5가),근린생활1,제1종근린생활시설,102015166,지번
1156013200101110013,서울특별시 영등포구 신길동,서울특별시 영등포구 도신로64길 9 (신길동),근린생활2,제2종근린생활시설,1020119263,지번
1156011300103070000,서울특별시 영등포구 당산동3가,서울특별시 영등포구 당산로26길 8-1 (당산동3가),근린생활2,제2종근린생활시설,102018794,지번
1156013300107230000,서울특별시 영등포구 대림동,서울특별시 영등포구 대림로31길 19 (대림동),근린생활2,제2종근린생활시설,10201100200265,지번
1156013300107560006,서울특별시 영등포구 대림동,서울특별시 영등포구 도림로 196 (대림동),근린생활1,제1종근린생활시설,1020131272,지번
1156012000100340006,서울특별시 영등포구 문래동2가,서울특별시 영등포구 경인로77가길 20 (문래동2가),근린생활2,제2종근린생활시설,1020113751,지번
1156012000100170002,서울특별시 영등포구 문래동2가,서울특별시 영등포구 도림로125길 14 (문래동2가),근린생활2,제2종근린생활시설,1020113684,지번
1156013300107060001,서울특별시 영등포구 대림동,서울특별시 영등포구 도림로 144 (대림동),근린생활1,제1종근린생활시설,10201100264588,지번
1156012800101080000,서울특별시 영등포구 양평동4가,서울특별시 영등포구 선유로49길 34-1 (양평동4가),근린생활2,제2종근린생활시설,1020117197,지번
1156013200101660004,서울특별시 영등포구 신길동,서울특별시 영등포구 도신로 223-6 (신길동),근린생활1,제1종근린생활시설,1020120220,지번
1156011300100440000,서울특별시 영등포구 당산동3가,서울특별시 영등포구 당산로28길 18-1 (당산동3가),근린생활2,제2종근린생활시설,102018536,지번
1156010800100700003,서울특별시 영등포구 영등포동7가,서울특별시 영등포구 영중로 95-1 (영등포동7가),근린생활1,제1종근린생활시설,102016623,지번
1156011300100420000,서울특별시 영등포구 당산동3가,서울특별시 영등포구 양산로25길 5 (당산동3가),근린생활1,제1종근린생활시설,102018535,지번
1156011400100730010,서울특별시 영등포구 당산동4가,서울특별시 영등포구 당산로35길 4-3 (당산동4가),근린생활2,제2종근린생활시설,102019466,지번
1156010500100650002,서울특별시 영등포구 영등포동4가,서울특별시 영등포구 영중로 31 (영등포동4가),근린생활2,제2종근린생활시설,102014624,지번
1156011600103400002,서울특별시 영등포구 당산동6가,서울특별시 영등포구 선유로52길 17 (당산동6가),근린생활1,제1종근린생활시설,1020110137,지번
1156012900100590000,서울특별시 영등포구 양평동5가,서울특별시 영등포구 양평로22가길 3 (양평동5가),근린생활2,제2종근린생활시설,1020117690,지번
1156010100106180063,서울특별시 영등포구 영등포동,서울특별시 영등포구 영신로20길 6-1 (영등포동),근린생활2,제2종근린생활시설,102012719,지번
1156011000100350002,서울특별시 영등포구 여의도동,서울특별시 영등포구 국제금융로6길 30 (여의도동),근린생활2,제2종근린생활시설,102017175,지번
1156013300110570059,서울특별시 영등포구 대림동,서울특별시 영등포구 도림로38길 12 (대림동),근린생활2,제2종근린생활시설,1020134232,지번
1156011800100320011,서울특별시 영등포구 도림동,서울특별시 영등포구 신길로 215 (도림동),근린생활2,제2종근린생활시설,1020110991,지번
1156012700100780002,서울특별시 영등포구 양평동3가,서울특별시 영등포구 선유동2로 15 (양평동3가),근린생활2,제2종근린생활시설,1020116903,지번
1156013300110800030,서울특별시 영등포구 대림동,서울특별시 영등포구 디지털로 355 (대림동),근린생활2,제2종근린생활시설,1020134755,지번
1156013300106820002,서울특별시 영등포구 대림동,서울특별시 영등포구 가마산로 364 (대림동),근린생활2,제2종근린생활시설,1020130484,지번
1156013200101670008,서울특별시 영등포구 신길동,서울특별시 영등포구 도신로53길 23 (신길동),근린생활2,제2종근린생활시설,1020120242,지번
1156012000100490017,서울특별시 영등포구 문래동2가,서울특별시 영등포구 도림로139가길 18-1 (문래동2가),근린생활2,제2종근린생활시설,1020113865,지번
1156012200100100013,서울특별시 영등포구 문래동4가,서울특별시 영등포구 도림로147길 12 (문래동4가),근린생활2,제2종근린생활시설,1020114645,지번
1156010100106180279,서울특별시 영등포구 영등포동,서울특별시 영등포구 영신로19길  (영등포동),근린생활1,제1종근린생활시설,102013197,지번
1156013200104420105,서울특별시 영등포구 신길동,서울특별시 영등포구 대방천로 150 (신길동),근린생활1,제1종근린생활시설,1020125561,지번
1156013300107180001,서울특별시 영등포구 대림동,서울특별시 영등포구 대림로27가길 5 (대림동),근린생활1,제1종근린생활시설,1020130814,지번
1156010500104350001,서울특별시 영등포구 영등포동4가,서울특별시 영등포구 영중로3길 12-1 (영등포동4가),근린생활2,제2종근린생활시설,102014900,지번
1156013200101100047,서울특별시 영등포구 신길동,서울특별시 영등포구 도신로 236 (신길동),근린생활1,제1종근린생활시설,1020119254,지번
1156013300108070009,서울특별시 영등포구 대림동,서울특별시 영등포구 도림로31길 22 (대림동),근린생활2,제2종근린생활시설,1020135242,지번
1156012100100030001,서울특별시 영등포구 문래동3가,서울특별시 영등포구 경인로 795 (문래동3가),근린생활2,제2종근린생활시설,1020113920,지번
1156011300105220002,서울특별시 영등포구 당산동3가,서울특별시 영등포구 양산로 97 (당산동3가),근린생활2,제2종근린생활시설,102018995,지번
1156013200102200012,서울특별시 영등포구 신길동,서울특별시 영등포구 신길로 220 (신길동),근린생활2,제2종근린생활시설,1020121676,지번
1156011400100390005,서울특별시 영등포구 당산동4가,서울특별시 영등포구 당산로 159 (당산동4가),근린생활2,제2종근린생활시설,10201100191494,지번
1156013300110550001,서울특별시 영등포구 대림동,서울특별시 영등포구 도림로 126 (대림동),근린생활2,제2종근린생활시설,1020134141,지번
1156013300110390013,서울특별시 영등포구 대림동,서울특별시 영등포구 디지털로53길 23 (대림동),근린생활1,제1종근린생활시설,1020134059,지번
1156012800101160000,서울특별시 영등포구 양평동4가,서울특별시 영등포구 양평로 118 (양평동4가),근린생활2,제2종근린생활시설,10201100212076,지번
1156011800100880001,서울특별시 영등포구 도림동,서울특별시 영등포구 도신로29다길 16 (도림동),근린생활1,제1종근린생활시설,1020111165,지번
1156011800102020050,서울특별시 영등포구 도림동,서울특별시 영등포구 도영로7길 14-4 (도림동),근린생활2,제2종근린생활시설,10201100236286,지번
1156012100100770044,서울특별시 영등포구 문래동3가,서울특별시 영등포구 선유로 58 (문래동3가),근린생활1,제1종근린생활시설,1020114351,지번
1156011400100320047,서울특별시 영등포구 당산동4가,서울특별시 영등포구 당산로 176 (당산동4가),근린생활1,제1종근린생활시설,102019297,지번
1156010400100200001,서울특별시 영등포구 영등포동3가,서울특별시 영등포구 영중로4길 7-1 (영등포동3가),근린생활2,제2종근린생활시설,102014500,지번
1156012500100500000,서울특별시 영등포구 양평동1가,서울특별시 영등포구 선유동1로 9-6 (양평동1가),근린생활2,제2종근린생활시설,1020115621,지번
1156013200138000000,서울특별시 영등포구 신길동,서울특별시 영등포구 신풍로12가길 4 (신길동),근린생활2,제2종근린생활시설,1020128228,지번
1156013200104420103,서울특별시 영등포구 신길동,서울특별시 영등포구 대방천로 146 (신길동),근린생활2,제2종근린생활시설,1020125560,지번
1156013300106880010,서울특별시 영등포구 대림동,서울특별시 영등포구 대림로34가길 20 (대림동),근린생활1,제1종근린생활시설,1020130590,지번
1156011800101140006,서울특별시 영등포구 도림동,서울특별시 영등포구 도신로29길 12 (도림동),근린생활2,제2종근린생활시설,1020111304,지번
1156013200101100021,서울특별시 영등포구 신길동,서울특별시 영등포구 도신로 238 (신길동),근린생활2,제2종근린생활시설,1020129173,지번
1156010700100250003,서울특별시 영등포구 영등포동6가,서울특별시 영등포구 양산로 192 (영등포동6가),근린생활1,제1종근린생활시설,102015489,지번
1156013300107180004,서울특별시 영등포구 대림동,서울특별시 영등포구 대림로27가길 3 (대림동),근린생활2,제2종근린생활시설,10201100188519,지번
1156012000100350000,서울특별시 영등포구 문래동2가,,근린생활1,교육연구시설,1020113757,지번
1156012000100350000,서울특별시 영등포구 문래동2가,서울특별시 영등포구 경인로77길 19 (문래동2가),근린생활1,제1종근린생활시설,1020113913,지번
1156012000100350000,서울특별시 영등포구 문래동2가,서울특별시 영등포구 경인로77길 21 (문래동2가),근린생활1,공동주택,1020113914,지번
1156012000100350000,서울특별시 영등포구 문래동2가,서울특별시 영등포구 경인로77길 21 (문래동2가),근린생활1,공동주택,1020113915,지번
1156010500100680002,서울특별시 영등포구 영등포동4가,서울특별시 영등포구 영등포로 208 (영등포동4가),근린생활2,제2종근린생활시설,102014629,지번
1156011100103890000,서울특별시 영등포구 당산동1가,서울특별시 영등포구 당산로16길 11 (당산동1가),근린생활2,제2종근린생활시설,102018102,지번
1156011300100050002,서울특별시 영등포구 당산동3가,서울특별시 영등포구 양산로25길 4 (당산동3가),근린생활1,제1종근린생활시설,102018496,지번
1156011300102290001,서울특별시 영등포구 당산동3가,서울특별시 영등포구 국회대로34길 15-1 (당산동3가),근린생활1,제1종근린생활시설,102018738,지번
1156013200100950086,서울특별시 영등포구 신길동,서울특별시 영등포구 영등포로 372 (신길동),근린생활1,제1종근린생활시설,1020119023,지번
1156011700101210260,서울특별시 영등포구 당산동,서울특별시 영등포구 버드나루로 96 (당산동),근린생활2,제2종근린생활시설,1020110384,지번
1156012100100770013,서울특별시 영등포구 문래동3가,서울특별시 영등포구 문래로 92 (문래동3가),근린생활1,제1종근린생활시설,1020114448,지번
1156011400100400000,서울특별시 영등포구 당산동4가,서울특별시 영등포구 당산로 163 (당산동4가),근린생활1,제1종근린생활시설,102019438,지번
1156010600100280000,서울특별시 영등포구 영등포동5가,서울특별시 영등포구 영등포로37길 8 (영등포동5가),근린생활2,제2종근린생활시설,102015033,지번
1156012600100350006,서울특별시 영등포구 양평동2가,서울특별시 영등포구 양산로 16 (양평동2가),근린생활2,제2종근린생활시설,1020116568,지번
1156013200138480000,서울특별시 영등포구 신길동,서울특별시 영등포구 신풍로 54 (신길동),근린생활2,제2종근린생활시설,1020128267,지번
1156010900100850012,서울특별시 영등포구 영등포동8가,서울특별시 영등포구 영중로 157-11 (영등포동8가),근린생활2,제2종근린생활시설,102016874,지번
1156011300102080000,서울특별시 영등포구 당산동3가,서울특별시 영등포구 당산로32길 1-15 (당산동3가),근린생활2,제2종근린생활시설,102018691,지번
1156010600100340021,서울특별시 영등포구 영등포동5가,서울특별시 영등포구 영등포로43가길 10 (영등포동5가),근린생활2,제2종근린생활시설,102015125,지번
1156012000100430013,서울특별시 영등포구 문래동2가,서울특별시 영등포구 경인로79길 14 (문래동2가),근린생활1,제1종근린생활시설,1020113812,지번
1156012800101010001,서울특별시 영등포구 양평동4가,서울특별시 영등포구 양평로 117-1 (양평동4가),근린생활2,제2종근린생활시설,1020117187,지번
1156011400100320090,서울특별시 영등포구 당산동4가,서울특별시 영등포구 당산로38길 14 (당산동4가),근린생활1,제1종근린생활시설,102019334,지번
1156013200143270000,서울특별시 영등포구 신길동,서울특별시 영등포구 여의대방로 89 (신길동),근린생활2,제2종근린생활시설,1020129680,지번
1156010300100290064,서울특별시 영등포구 영등포동2가,서울특별시 영등포구 국회대로54길 39 (영등포동2가),근린생활2,제2종근린생활시설,102013623,지번
1156011300103860001,서울특별시 영등포구 당산동3가,서울특별시 영등포구 당산로 133 (당산동3가),근린생활2,제2종근린생활시설,102018867,지번
1156010900100850011,서울특별시 영등포구 영등포동8가,서울특별시 영등포구 영중로 155-8 (영등포동8가),근린생활2,제2종근린생활시설,102016873,지번
1156013200144920006,서울특별시 영등포구 신길동,서울특별시 영등포구 여의대방로 55 (신길동),근린생활1,제1종근린생활시설,1020128714,지번
1156013200102570040,서울특별시 영등포구 신길동,서울특별시 영등포구 가마산로71길 5 (신길동),근린생활2,제2종근린생활시설,1020122307,지번
1156011200100270003,서울특별시 영등포구 당산동2가,서울특별시 영등포구 영등포로 99-1 (당산동2가),근린생활1,제1종근린생활시설,102018231,지번
1156011000100380003,서울특별시 영등포구 여의도동,서울특별시 영등포구 여의동로 43 (여의도동),근린생활2,제2종근린생활시설,102017050,지번
1156013000100990000,서울특별시 영등포구 양평동6가,서울특별시 영등포구 양평로30길 51 (양평동6가),근린생활2,공동주택,1020117962,지번
1156013000100990000,서울특별시 영등포구 양평동6가,서울특별시 영등포구 양평로30길 51 (양평동6가),근린생활2,제2종근린생활시설,1020117963,지번
1156013000100990000,서울특별시 영등포구 양평동6가,서울특별시 영등포구 양평로30길 51 (양평동6가),근린생활2,공동주택,1020117964,지번
1156010900100720000,서울특별시 영등포구 영등포동8가,서울특별시 영등포구 영신로 238 (영등포동8가),근린생활1,제1종근린생활시설,102016883,지번
1156010500100680008,서울특별시 영등포구 영등포동4가,서울특별시 영등포구 영등포로 202 (영등포동4가),근린생활1,제1종근린생활시설,102014632,지번
1156010400100040000,서울특별시 영등포구 영등포동3가,서울특별시 영등포구 영등포로 232 (영등포동3가),근린생활2,제2종근린생활시설,102014287,지번
1156010400100040000,서울특별시 영등포구 영등포동3가,서울특별시 영등포구 영등포로 232 (영등포동3가),근린생활2,제2종근린생활시설,102014584,지번
1156013300106920000,서울특별시 영등포구 대림동,서울특별시 영등포구 대림로 192 (대림동),근린생활2,제2종근린생활시설,1020130652,지번
1156011400100320085,서울특별시 영등포구 당산동4가,서울특별시 영등포구 당산로36길 13-1 (당산동4가),근린생활2,제2종근린생활시설,102019328,지번
1156013200103550294,서울특별시 영등포구 신길동,서울특별시 영등포구 도림로 310-1 (신길동),근린생활2,제2종근린생활시설,1020124332,지번
1156013200102150008,서울특별시 영등포구 신길동,서울특별시 영등포구 도신로 185 (신길동),근린생활1,제1종근린생활시설,1020121635,지번
1156011000100440022,서울특별시 영등포구 여의도동,서울특별시 영등포구 여의대방로65길 24 (여의도동),근린생활2,제2종근린생활시설,102017063,지번
1156011800102460035,서울특별시 영등포구 도림동,서울특별시 영등포구 도림로 333-4 (도림동),근린생활2,제2종근린생활시설,1020112824,지번
1156012600100370002,서울특별시 영등포구 양평동2가,서울특별시 영등포구 영등포로 21 (양평동2가),근린생활2,제2종근린생활시설,1020116677,지번
1156012800102350002,서울특별시 영등포구 양평동4가,서울특별시 영등포구 양평로20길 18 (양평동4가),근린생활1,제1종근린생활시설,1020117418,지번
1156011000100370000,서울특별시 영등포구 여의도동,서울특별시 영등포구 의사당대로 108 (여의도동),판매시설,판매시설,102017180,지번
1156011000100370000,서울특별시 영등포구 여의도동,서울특별시 영등포구 의사당대로 110 (여의도동),판매시설,공동주택,102017183,지번
1156011000100370000,서울특별시 영등포구 여의도동,서울특별시 영등포구 의사당대로 110 (여의도동),판매시설,공동주택,102017184,지번
1156012800101510001,서울특별시 영등포구 양평동4가,서울특별시 영등포구 양평로 98 (양평동4가),근린생활2,제2종근린생활시설,10201100209456,지번
1156013300109290005,서울특별시 영등포구 대림동,서울특별시 영등포구 디지털로 421 (대림동),근린생활1,제1종근린생활시설,1020133005,지번
1156010400100040012,서울특별시 영등포구 영등포동3가,,판매시설,제1종근린생활시설,102014292,지번
1156010400100040012,서울특별시 영등포구 영등포동3가,,판매시설,제1종근린생활시설,102014293,지번
1156010400100040012,서울특별시 영등포구 영등포동3가,,판매시설,제2종근린생활시설,102014294,지번
1156010400100040012,서울특별시 영등포구 영등포동3가,,판매시설,제1종근린생활시설,102014295,지번
1156010400100040012,서울특별시 영등포구 영등포동3가,,판매시설,제1종근린생활시설,102014296,지번
1156010400100040012,서울특별시 영등포구 영등포동3가,,판매시설,제2종근린생활시설,102014297,지번
1156010400100040012,서울특별시 영등포구 영등포동3가,,판매시설,판매시설,102014298,지번
1156013300109900104,서울특별시 영등포구 대림동,서울특별시 영등포구 대림로7길 13 (대림동),근린생활1,제1종근린생활시설,1020133437,지번
1156013200141950000,서울특별시 영등포구 신길동,서울특별시 영등포구 대방천로 239 (신길동),근린생활1,제1종근린생활시설,1020128528,지번
1156013300107780042,서울특별시 영등포구 대림동,서울특별시 영등포구 가마산로 317 (대림동),근린생활1,제1종근린생활시설,10201100187713,지번
1156013200112130001,서울특별시 영등포구 신길동,서울특별시 영등포구 여의대방로47길 14 (신길동),근린생활2,제2종근린생활시설,1020126417,지번
1156010900100310008,서울특별시 영등포구 영등포동8가,서울특별시 영등포구 영신로54길 2 (영등포동8가),근린생활1,단독주택,102016725,지번
1156010900100310008,서울특별시 영등포구 영등포동8가,서울특별시 영등포구 영신로54길 2 (영등포동8가),근린생활1,제1종근린생활시설,102016744,지번
1156011600103380001,서울특별시 영등포구 당산동6가,서울특별시 영등포구 양평로 64 (당산동6가),근린생활1,제1종근린생활시설,1020110122,지번
1156013300110600057,서울특별시 영등포구 대림동,서울특별시 영등포구 디지털로37가길 2 (대림동),근린생활2,제2종근린생활시설,1020134358,지번
1156011000100340009,서울특별시 영등포구 여의도동,서울특별시 영등포구 국제금융로8길 10 (여의도동),근린생활2,제2종근린생활시설,102017035,지번
1156013300109090002,서울특별시 영등포구 대림동,서울특별시 영등포구 신길로 39 (대림동),판매시설,판매시설,1020132776,지번
1156013300109090002,서울특별시 영등포구 대림동,서울특별시 영등포구 신길로 41 (대림동),판매시설,판매시설,1020132777,지번
1156011100102990000,서울특별시 영등포구 당산동1가,서울특별시 영등포구 당산로20길 13 (당산동1가),근린생활2,제2종근린생활시설,102017998,지번
1156011400100320100,서울특별시 영등포구 당산동4가,서울특별시 영등포구 당산로38길 16 (당산동4가),근린생활2,제2종근린생활시설,102019341,지번
1156012100100100000,서울특별시 영등포구 문래동3가,서울특별시 영등포구 문래로30길 27 (문래동3가),판매시설,판매시설,1020113990,지번
1156012000100140047,서울특별시 영등포구 문래동2가,서울특별시 영등포구 도림로 431 (문래동2가),근린생활2,제2종근린생활시설,1020113626,지번
1156010100105760009,서울특별시 영등포구 영등포동,서울특별시 영등포구 영등포로62길 34 (영등포동),근린생활1,제1종근린생활시설,102012377,지번
1156013300108790001,서울특별시 영등포구 대림동,서울특별시 영등포구 디지털로 413 (대림동),근린생활2,제2종근린생활시설,1020132321,지번
1156010400100040007,서울특별시 영등포구 영등포동3가,서울특별시 영등포구 영등포로46길 4 (영등포동3가),근린생활2,제2종근린생활시설,102014291,지번
1156011700101210063,서울특별시 영등포구 당산동,서울특별시 영등포구 버드나루로23길 17-1 (당산동),근린생활2,제2종근린생활시설,10201100197074,지번
1156013200106770000,서울특별시 영등포구 신길동,서울특별시 영등포구 여의대방로 173-1 (신길동),근린생활2,제2종근린생활시설,1020126132,지번
1156012100100940000,서울특별시 영등포구 문래동3가,서울특별시 영등포구 문래로 84 (문래동3가),근린생활2,제2종근린생활시설,1020114462,지번
1156012100100940000,서울특별시 영등포구 문래동3가,서울특별시 영등포구 문래로 82 (문래동3가),근린생활2,공동주택,1020114468,지번
1156012100100940000,서울특별시 영등포구 문래동3가,서울특별시 영등포구 문래로 82 (문래동3가),근린생활2,공동주택,1020114469,지번
1156012100100940000,서울특별시 영등포구 문래동3가,서울특별시 영등포구 문래로 82 (문래동3가),근린생활2,공동주택,1020114470,지번
1156012100100940000,서울특별시 영등포구 문래동3가,서울특별시 영등포구 문래로 82 (문래동3가),근린생활2,공동주택,1020114471,지번
1156012100100940000,서울특별시 영등포구 문래동3가,서울특별시 영등포구 문래로 82 (문래동3가),근린생활2,공동주택,1020114472,지번
1156012100100940000,서울특별시 영등포구 문래동3가,서울특별시 영등포구 문래로 82 (문래동3가),근린생활2,공동주택,1020114473,지번
1156012100100940000,서울특별시 영등포구 문래동3가,서울특별시 영등포구 문래로 82 (문래동3가),근린생활2,공동주택,1020114475,지번
1156012100100940000,서울특별시 영등포구 문래동3가,서울특별시 영등포구 문래로 82 (문래동3가),근린생활2,공동주택,1020114476,지번
1156012100100940000,서울특별시 영등포구 문래동3가,서울특별시 영등포구 문래로 82 (문래동3가),근린생활2,공동주택,1020114477,지번
1156012100100940000,서울특별시 영등포구 문래동3가,서울특별시 영등포구 문래로 82 (문래동3가),근린생활2,공동주택,1020114478,지번
1156012100100940000,서울특별시 영등포구 문래동3가,서울특별시 영등포구 문래로 82 (문래동3가),근린생활2,공동주택,1020114479,지번
1156012100100940000,서울특별시 영등포구 문래동3가,서울특별시 영등포구 문래로 82 (문래동3가),근린생활2,공동주택,1020114480,지번
1156012100100940000,서울특별시 영등포구 문래동3가,서울특별시 영등포구 문래로 82 (문래동3가),근린생활2,공동주택,1020114481,지번
1156012100100940000,서울특별시 영등포구 문래동3가,서울특별시 영등포구 문래로 82 (문래동3가),근린생활2,공동주택,1020114482,지번
1156011000100360002,서울특별시 영등포구 여의도동,서울특별시 영등포구 국제금융로6길 33 (여의도동),판매시설,판매시설,102017178,지번
1156011000100460000,서울특별시 영등포구 여의도동,서울특별시 영등포구 여의대방로 359 (여의도동),근린생활1,제1종근린생활시설,102017073,지번
1156011000100460000,서울특별시 영등포구 여의도동,서울특별시 영등포구 여의대방로 359 (여의도동),근린생활1,방송통신시설,102017074,지번
1156010400100100017,서울특별시 영등포구 영등포동3가,서울특별시 영등포구 영중로4길 4 (영등포동3가),근린생활2,제2종근린생활시설,102014374,지번
1156011200100060000,서울특별시 영등포구 당산동2가,서울특별시 영등포구 영등포로 118 (당산동2가),근린생활1,제1종근린생활시설,102018215,지번
1156012800102030002,서울특별시 영등포구 양평동4가,서울특별시 영등포구 양평로22길 12 (양평동4가),근린생활2,제2종근린생활시설,10201100201994,지번
1156012700100300031,서울특별시 영등포구 양평동3가,서울특별시 영등포구 양산로3길 7 (양평동3가),근린생활2,제2종근린생활시설,10201100242499,지번
1156012800100030004,서울특별시 영등포구 양평동4가,서울특별시 영등포구 선유동2로 61 (양평동4가),근린생활1,제1종근린생활시설,10201100248821,지번
1156011200100450000,서울특별시 영등포구 당산동2가,서울특별시 영등포구 영등포로 115 (당산동2가),근린생활1,제1종근린생활시설,10201100251108,지번
1156011300102830000,서울특별시 영등포구 당산동3가,서울특별시 영등포구 당산로28길 8 (당산동3가),근린생활2,제2종근린생활시설,102018780,지번
1156012800101430001,서울특별시 영등포구 양평동4가,서울특별시 영등포구 선유로51길 21 (양평동4가),근린생활1,제1종근린생활시설,1020117240,지번
1156012800102780004,서울특별시 영등포구 양평동4가,서울특별시 영등포구 선유로54길 7 (양평동4가),근린생활1,제1종근린생활시설,1020117503,지번
1156012900100550001,서울특별시 영등포구 양평동5가,서울특별시 영등포구 양평로 148 (양평동5가),근린생활2,제2종근린생활시설,1020117682,지번
1156011400100320019,서울특별시 영등포구 당산동4가,서울특별시 영등포구 당산로38길 13-8 (당산동4가),근린생활2,제2종근린생활시설,102019274,지번
1156011300100720003,서울특별시 영등포구 당산동3가,서울특별시 영등포구 당산로28길 15 (당산동3가),근린생활2,제2종근린생활시설,102018561,지번
1156011600101080018,서울특별시 영등포구 당산동6가,서울특별시 영등포구 당산로54길 26 (당산동6가),근린생활1,제1종근린생활시설,102019865,지번
1156010300100940020,서울특별시 영등포구 영등포동2가,서울특별시 영등포구 버드나루로8길 12 (영등포동2가),근린생활2,제2종근린생활시설,102013736,지번
1156013300106930001,서울특별시 영등포구 대림동,서울특별시 영등포구 대림로 178 (대림동),근린생활2,제2종근린생활시설,1020130656,지번
1156012900100700002,서울특별시 영등포구 양평동5가,서울특별시 영등포구 양평로22나길 11 (양평동5가),근린생활2,제2종근린생활시설,10201100220758,지번
1156011300103950031,서울특별시 영등포구 당산동3가,서울특별시 영등포구 당산로31길 16-1 (당산동3가),근린생활2,제2종근린생활시설,10201100255348,지번
1156013300107190001,서울특별시 영등포구 대림동,서울특별시 영등포구 대림로 167 (대림동),근린생활2,제2종근린생활시설,1020130823,지번
1156013200101140037,서울특별시 영등포구 신길동,서울특별시 영등포구 도신로62길 9 (신길동),근린생활1,제1종근린생활시설,1020119344,지번
1156010400100030006,서울특별시 영등포구 영등포동3가,서울특별시 영등포구 영등포로 252 (영등포동3가),근린생활2,제2종근린생활시설,102014275,지번
1156010400100030006,서울특별시 영등포구 영등포동3가,서울특별시 영등포구 영등포로 252 (영등포동3가),근린생활2,제1종근린생활시설,102014276,지번
1156011800102160002,서울특별시 영등포구 도림동,서울특별시 영등포구 도영로 31 (도림동),근린생활2,제2종근린생활시설,10201100218616,지번
1156011300102150000,서울특별시 영등포구 당산동3가,서울특별시 영등포구 당산로 134-1 (당산동3가),근린생활2,제2종근린생활시설,102018698,지번
1156013300106860002,서울특별시 영등포구 대림동,서울특별시 영등포구 대림로34다길 6-1 (대림동),근린생활1,제1종근린생활시설,1020130572,지번
1156010700100760000,서울특별시 영등포구 영등포동6가,서울특별시 영등포구 영등포로 189 (영등포동6가),근린생활1,제1종근린생활시설,102015639,지번
1156013300107380002,서울특별시 영등포구 대림동,서울특별시 영등포구 대림로35가길 16 (대림동),근린생활2,제2종근린생활시설,1020130979,지번
1156013200137410039,서울특별시 영등포구 신길동,서울특별시 영등포구 대방천로 177 (신길동),근린생활1,제1종근린생활시설,1020128175,지번
1156012800100640003,서울특별시 영등포구 양평동4가,서울특별시 영등포구 양평로 91 (양평동4가),근린생활2,제2종근린생활시설,1000000000000000096632,지번
1156013300107060017,서울특별시 영등포구 대림동,서울특별시 영등포구 도림로 140 (대림동),근린생활2,제2종근린생활시설,10201100206753,지번
1156011800100810014,서울특별시 영등포구 도림동,서울특별시 영등포구 도신로 137 (도림동),근린생활2,제2종근린생활시설,1020111138,지번
1156013200102520009,서울특별시 영등포구 신길동,서울특별시 영등포구 신길로 137 (신길동),근린생활2,제2종근린생활시설,10201100218260,지번
1156011800100320032,서울특별시 영등포구 도림동,서울특별시 영등포구 신길로 209 (도림동),근린생활1,제1종근린생활시설,1020110994,지번
1156012100100840002,서울특별시 영등포구 문래동3가,서울특별시 영등포구 선유로 76 (문래동3가),근린생활2,제2종근린생활시설,1020114459,지번
1156010400100100004,서울특별시 영등포구 영등포동3가,서울특별시 영등포구 경인로 855 (영등포동3가),근린생활2,제2종근린생활시설,102014363,지번
1156013200101550006,서울특별시 영등포구 신길동,서울특별시 영등포구 도신로56길 5 (신길동),근린생활2,제2종근린생활시설,1020120015,지번
1156011700101210073,서울특별시 영등포구 당산동,서울특별시 영등포구 버드나루로 119 (당산동),근린생활2,제2종근린생활시설,1020110318,지번
1156011700101210073,서울특별시 영등포구 당산동,서울특별시 영등포구 버드나루로 119 (당산동),근린생활2,제2종근린생활시설,1020110319,지번
1156013200142810000,서울특별시 영등포구 신길동,서울특별시 영등포구 여의대방로23길 18 (신길동),근린생활2,제2종근린생활시설,10201100269588,지번
1156010500104420000,서울특별시 영등포구 영등포동4가,서울특별시 영등포구 영중로 15 (영등포동4가),판매시설,판매시설,10201100191143,지번
1156013300107130010,서울특별시 영등포구 대림동,서울특별시 영등포구 도림로39길 17 (대림동),근린생활2,제2종근린생활시설,1020130794,지번
1156011400100370003,서울특별시 영등포구 당산동4가,서울특별시 영등포구 국회대로29길 6 (당산동4가),근린생활1,제1종근린생활시설,10201100251429,지번
1156010100106180265,서울특별시 영등포구 영등포동,,근린생활2,제2종근린생활시설,102012809,지번
1156013300107750003,서울특별시 영등포구 대림동,서울특별시 영등포구 가마산로 336 (대림동),근린생활2,제2종근린생활시설,1020131356,지번
1156010600100340001,서울특별시 영등포구 영등포동5가,서울특별시 영등포구 영중로 58 (영등포동5가),근린생활1,제1종근린생활시설,102015119,지번
1156011000100440014,서울특별시 영등포구 여의도동,서울특별시 영등포구 여의대방로 383 (여의도동),근린생활2,제2종근린생활시설,102017220,지번
1156011200100110000,서울특별시 영등포구 당산동2가,서울특별시 영등포구 영등포로22길 3-1 (당산동2가),근린생활1,제1종근린생활시설,102018218,지번
1156011100100040018,서울특별시 영등포구 당산동1가,서울특별시 영등포구 영신로 139-2 (당산동1가),근린생활1,제1종근린생활시설,102017301,지번
1156011000100080000,서울특별시 영등포구 여의도동,서울특별시 영등포구 여의동로 330 (여의도동),근린생활1,제1종근린생활시설,10201100189115,지번
1156011000100080000,서울특별시 영등포구 여의도동,서울특별시 영등포구 여의동로 330 (여의도동),근린생활1,제1종근린생활시설,10201100189315,지번
1156011000100080000,서울특별시 영등포구 여의도동,서울특별시 영등포구 여의동로 330 (여의도동),근린생활1,제1종근린생활시설,102017097,지번
1156011000100080000,서울특별시 영등포구 여의도동,서울특별시 영등포구 여의동로 330 (여의도동),근린생활1,제1종근린생활시설,102017099,지번
1156013200100950039,서울특별시 영등포구 신길동,서울특별시 영등포구 영등포로76길 1 (신길동),근린생활2,제2종근린생활시설,1020118997,지번
1156013200100950039,서울특별시 영등포구 신길동,서울특별시 영등포구 영등포로 376 (신길동),근린생활2,제2종근린생활시설,1020118998,지번
1156010200101390005,서울특별시 영등포구 영등포동1가,서울특별시 영등포구 경인로 872 (영등포동1가),근린생활2,제2종근린생활시설,102013529,지번
1156011600102270000,서울특별시 영등포구 당산동6가,서울특별시 영등포구 양평로 36 (당산동6가),근린생활2,제2종근린생활시설,102019944,지번
1156010700100800002,서울특별시 영등포구 영등포동6가,서울특별시 영등포구 영등포로 199 (영등포동6가),근린생활2,제2종근린생활시설,102015657,지번
1156010900100560002,서울특별시 영등포구 영등포동8가,서울특별시 영등포구 국회대로53길 23 (영등포동8가),근린생활2,제2종근린생활시설,102016836,지번
1156010700100030001,서울특별시 영등포구 영등포동6가,서울특별시 영등포구 영중로 51-1 (영등포동6가),근린생활1,제1종근린생활시설,102015450,지번
1156012400100050000,서울특별시 영등포구 문래동6가,서울특별시 영등포구 선유로 63 (문래동6가),근린생활2,제2종근린생활시설,10201100195974,지번
1156011800101440123,서울특별시 영등포구 도림동,서울특별시 영등포구 도림로 354 (도림동),근린생활2,제2종근린생활시설,1020111772,지번
1156010100106180496,서울특별시 영등포구 영등포동,서울특별시 영등포구 경인로 846 (영등포동),판매시설,판매시설,102013202,지번
1156011100100400009,서울특별시 영등포구 당산동1가,서울특별시 영등포구 당산로 76 (당산동1가),근린생활2,제2종근린생활시설,102017379,지번
1156010100106180036,서울특별시 영등포구 영등포동,서울특별시 영등포구 영신로 27 (영등포동),근린생활2,제2종근린생활시설,10201100190054,지번
1156010400100030011,서울특별시 영등포구 영등포동3가,서울특별시 영등포구 영중로10길 25 (영등포동3가),근린생활1,제1종근린생활시설,102014281,지번
1156011100102610004,서울특별시 영등포구 당산동1가,서울특별시 영등포구 영등포로25길 28 (당산동1가),근린생활2,제2종근린생활시설,102017954,지번
1156013300106560000,서울특별시 영등포구 대림동,서울특별시 영등포구 도신로12길 14 (대림동),근린생활2,제2종근린생활시설,1020130222,지번
1156011100102640000,서울특별시 영등포구 당산동1가,서울특별시 영등포구 영등포로27길 25-1 (당산동1가),근린생활2,제2종근린생활시설,102017962,지번
1156011100102650000,서울특별시 영등포구 당산동1가,서울특별시 영등포구 영등포로27길 25-1 (당산동1가),근린생활2,제2종근린생활시설,102017963,지번
1156010100105760018,서울특별시 영등포구 영등포동,서울특별시 영등포구 신길로62길 7 (영등포동),근린생활1,제1종근린생활시설,102012381,지번
1156013300107100011,서울특별시 영등포구 대림동,서울특별시 영등포구 도림로 159 (대림동),근린생활2,제2종근린생활시설,1020130774,지번
1156013200100310020,서울특별시 영등포구 신길동,서울특별시 영등포구 영등포로60길 17 (신길동),근린생활1,제1종근린생활시설,1020118259,지번
1156013200102360008,서울특별시 영등포구 신길동,서울특별시 영등포구 가마산로 500 (신길동),근린생활2,제2종근린생활시설,1020122034,지번
1156010400100080000,서울특별시 영등포구 영등포동3가,서울특별시 영등포구 영중로 22 (영등포동3가),근린생활1,제2종근린생활시설,102014340,지번
1156010400100080000,서울특별시 영등포구 영등포동3가,서울특별시 영등포구 영중로 22 (영등포동3가),근린생활1,제1종근린생활시설,102014593,지번
1156011300101080000,서울특별시 영등포구 당산동3가,서울특별시 영등포구 국회대로 580-10 (당산동3가),근린생활1,제1종근린생활시설,102018602,지번
1156012700100450000,서울특별시 영등포구 양평동3가,서울특별시 영등포구 선유로 138 (양평동3가),판매시설,판매시설,10201100233494,지번
1156012500101810000,서울특별시 영등포구 양평동1가,서울특별시 영등포구 영등포로 59-2 (양평동1가),근린생활1,제1종근린생활시설,1020115857,지번
1156012500100280012,서울특별시 영등포구 양평동1가,서울특별시 영등포구 영등포로 81 (양평동1가),근린생활2,제2종근린생활시설,10201100256408,지번
1156010800100650007,서울특별시 영등포구 영등포동7가,서울특별시 영등포구 영중로 99 (영등포동7가),근린생활2,제2종근린생활시설,102016050,지번
1156011400100970000,서울특별시 영등포구 당산동4가,서울특별시 영등포구 당산로 175 (당산동4가),근린생활2,공동주택,10201100210977,지번
1156011400100970000,서울특별시 영등포구 당산동4가,서울특별시 영등포구 당산로 175 (당산동4가),근린생활2,제2종근린생활시설,10201100211032,지번
1156012100100160001,서울특별시 영등포구 문래동3가,,근린생활1,제1종근린생활시설,1020114028,지번
1156013200102340006,서울특별시 영등포구 신길동,서울특별시 영등포구 신길로 157 (신길동),근린생활1,제1종근린생활시설,1020122011,지번
1156011900100370003,서울특별시 영등포구 문래동1가,서울특별시 영등포구 경인로 748 (문래동1가),근린생활,근린생활시설,1020113323,지번
1156011300103880001,서울특별시 영등포구 당산동3가,서울특별시 영등포구 당산로33길 9 (당산동3가),근린생활2,제2종근린생활시설,102018877,지번
1156011200100010000,서울특별시 영등포구 당산동2가,서울특별시 영등포구 당산로 65 (당산동2가),근린생활1,제1종근린생활시설,10201100211496,지번
1156011200100010000,서울특별시 영등포구 당산동2가,서울특별시 영등포구 당산로 63 (당산동2가),근린생활1,운동시설,102018208,지번
1156012100100800001,서울특별시 영등포구 문래동3가,서울특별시 영등포구 문래북로 66 (문래동3가),근린생활1,제1종근린생활시설,1020114361,지번
1156011600103430003,서울특별시 영등포구 당산동6가,서울특별시 영등포구 양평로12길 9 (당산동6가),근린생활2,제2종근린생활시설,10201100201514,지번
1156013300106880001,서울특별시 영등포구 대림동,서울특별시 영등포구 가마산로 352 (대림동),근린생활1,제1종근린생활시설,1020130581,지번
1156013300108010017,서울특별시 영등포구 대림동,서울특별시 영등포구 가마산로31길 22 (대림동),근린생활1,제1종근린생활시설,1020131568,지번
1156013300106650014,서울특별시 영등포구 대림동,서울특별시 영등포구 대림로 224 (대림동),근린생활2,제2종근린생활시설,1020130346,지번
1156013300106650014,서울특별시 영등포구 대림동,서울특별시 영등포구 대림로 224 (대림동),근린생활2,제2종근린생활시설,1020130347,지번
1156013300106640019,서울특별시 영등포구 대림동,서울특별시 영등포구 대림로 234 (대림동),근린생활1,제1종근린생활시설,1020130328,지번
1156013300106640019,서울특별시 영등포구 대림동,서울특별시 영등포구 대림로 234 (대림동),근린생활1,제1종근린생활시설,1020130329,지번
1156011100104560000,서울특별시 영등포구 당산동1가,서울특별시 영등포구 당산로16길 3 (당산동1가),근린생활1,제1종근린생활시설,102018178,지번
1156012100100820005,서울특별시 영등포구 문래동3가,서울특별시 영등포구 문래로 79-16 (문래동3가),근린생활2,제2종근린생활시설,10201100193034,지번
1156012200100100004,서울특별시 영등포구 문래동4가,서울특별시 영등포구 선유로 28 (문래동4가),근린생활2,제2종근린생활시설,10201100196254,지번
1156011800102000012,서울특별시 영등포구 도림동,서울특별시 영등포구 도영로11길 8-11 (도림동),근린생활2,제2종근린생활시설,1020112456,지번
1156013300106030008,서울특별시 영등포구 대림동,서울특별시 영등포구 대방천로 36-13 (대림동),근린생활1,제1종근린생활시설,1020130051,지번
1156011200101010000,서울특별시 영등포구 당산동2가,서울특별시 영등포구 선유동1로 14-20 (당산동2가),근린생활1,제1종근린생활시설,102018333,지번
1156013300107910003,서울특별시 영등포구 대림동,서울특별시 영등포구 대림로43길 16-5 (대림동),근린생활1,제1종근린생활시설,1020131525,지번
1156013300106630001,서울특별시 영등포구 대림동,서울특별시 영등포구 가마산로41길 15 (대림동),근린생활1,제1종근린생활시설,1020130295,지번
1156013300107900000,서울특별시 영등포구 대림동,서울특별시 영등포구 가마산로31길 36-14 (대림동),근린생활1,제1종근린생활시설,1020131515,지번
1156013300107900002,서울특별시 영등포구 대림동,서울특별시 영등포구 대림로43길 14-5 (대림동),근린생활1,제1종근린생활시설,1020131517,지번
1156013300107900001,서울특별시 영등포구 대림동,서울특별시 영등포구 가마산로31길 36-16 (대림동),근린생활1,제1종근린생활시설,1020131516,지번
1156011800101870018,서울특별시 영등포구 도림동,서울특별시 영등포구 도림로 385-6 (도림동),근린생활1,제1종근린생활시설,1020112391,지번
1156013300107860007,서울특별시 영등포구 대림동,서울특별시 영등포구 대림로41길 8-4 (대림동),근린생활1,제1종근린생활시설,1020131476,지번
1156013300106810000,서울특별시 영등포구 대림동,서울특별시 영등포구 가마산로 368 (대림동),근린생활1,제1종근린생활시설,1020130471,지번
1156012800101010008,서울특별시 영등포구 양평동4가,서울특별시 영등포구 양평로 117-4 (양평동4가),근린생활1,제1종근린생활시설,10201100276074,지번
1156013300107870006,서울특별시 영등포구 대림동,서울특별시 영등포구 대림로41길 14-5 (대림동),근린생활1,제1종근린생활시설,1020131486,지번
1156013300107870009,서울특별시 영등포구 대림동,서울특별시 영등포구 대림로41길 16-4 (대림동),근린생활1,제1종근린생활시설,1020131489,지번
1156013300107860011,서울특별시 영등포구 대림동,서울특별시 영등포구 대림로41길 12-9 (대림동),근린생활1,제1종근린생활시설,1020131477,지번
1156013300107870007,서울특별시 영등포구 대림동,서울특별시 영등포구 대림로41길 14-1 (대림동),근린생활1,제1종근린생활시설,1020131487,지번
1156013300108020000,서울특별시 영등포구 대림동,서울특별시 영등포구 대림로41길 26-16 (대림동),근린생활1,제1종근린생활시설,1020131569,지번
1156013300108030010,서울특별시 영등포구 대림동,서울특별시 영등포구 대림로41길 22-6 (대림동),근린생활1,제1종근린생활시설,1020131592,지번
1156013300107880003,서울특별시 영등포구 대림동,서울특별시 영등포구 대림로41길 16-11 (대림동),근린생활1,제1종근린생활시설,1020131497,지번
1156013300107890006,서울특별시 영등포구 대림동,서울특별시 영등포구 대림로43길 14-4 (대림동),근린생활1,제1종근린생활시설,1020131513,지번
1156013300107880009,서울특별시 영등포구 대림동,서울특별시 영등포구 대림로41길 20-6 (대림동),근린생활1,제1종근린생활시설,1020131503,지번
1156013300107870002,서울특별시 영등포구 대림동,서울특별시 영등포구 대림로41길 14-13 (대림동),근린생활1,제1종근린생활시설,1020131482,지번
1156013300107880002,서울특별시 영등포구 대림동,서울특별시 영등포구 대림로41길 16-13 (대림동),근린생활1,제1종근린생활시설,1020131496,지번
1156013300108030013,서울특별시 영등포구 대림동,서울특별시 영등포구 대림로41길 22-14 (대림동),근린생활1,제1종근린생활시설,1020131595,지번
1156013300107880005,서울특별시 영등포구 대림동,서울특별시 영등포구 대림로41길 16-3 (대림동),근린생활1,제1종근린생활시설,1020131499,지번
1156013300106630016,서울특별시 영등포구 대림동,서울특별시 영등포구 대림로40가길 12 (대림동),근린생활1,제1종근린생활시설,1020130309,지번
1156012100100580007,서울특별시 영등포구 문래동3가,서울특별시 영등포구 당산로 8-5 (문래동3가),근린생활2,제2종근린생활시설,1020114248,지번
1156011100100410003,서울특별시 영등포구 당산동1가,서울특별시 영등포구 영등포로 135-3 (당산동1가),근린생활1,제1종근린생활시설,102017387,지번
1156011100100410003,서울특별시 영등포구 당산동1가,서울특별시 영등포구 영등포로 133 (당산동1가),근린생활1,단독주택,102017388,지번
1156010700100220001,서울특별시 영등포구 영등포동6가,서울특별시 영등포구 영중로 69 (영등포동6가),근린생활1,업무시설,10201100232274,지번
1156010700100220001,서울특별시 영등포구 영등포동6가,서울특별시 영등포구 영중로 69 (영등포동6가),근린생활1,제1종근린생활시설,10201100257452,지번
1156013200142430000,서울특별시 영등포구 신길동,서울특별시 영등포구 여의대방로23길 14-1 (신길동),근린생활2,제2종근린생활시설,10201100256768,지번
1156011100103120001,서울특별시 영등포구 당산동1가,서울특별시 영등포구 당산로20길 9-1 (당산동1가),근린생활1,제1종근린생활시설,10201100280661,지번
1156013300108020009,서울특별시 영등포구 대림동,서울특별시 영등포구 대림로41길 26-4 (대림동),근린생활1,제1종근린생활시설,1020131577,지번
1156013300108020004,서울특별시 영등포구 대림동,서울특별시 영등포구 대림로41길 22-9 (대림동),근린생활1,제1종근린생활시설,1020131572,지번
1156013300107920009,서울특별시 영등포구 대림동,서울특별시 영등포구 대림로43길 20 (대림동),근린생활1,제1종근린생활시설,1020131537,지번
1156013300107870004,서울특별시 영등포구 대림동,서울특별시 영등포구 대림로41길 14-9 (대림동),근린생활1,제1종근린생활시설,1020131484,지번
1156013300108030009,서울특별시 영등포구 대림동,서울특별시 영등포구 대림로41길 22-4 (대림동),근린생활1,제1종근린생활시설,1020131591,지번
1156011100100170002,서울특별시 영등포구 당산동1가,서울특별시 영등포구 영등포로 135-2 (당산동1가),근린생활1,제1종근린생활시설,102017334,지번
1156013300107910007,서울특별시 영등포구 대림동,서울특별시 영등포구 대림로43길 20-6 (대림동),근린생활1,제1종근린생활시설,1020131529,지번
1156013300108020010,서울특별시 영등포구 대림동,서울특별시 영등포구 대림로41길 26-6 (대림동),근린생활1,제1종근린생활시설,1020131578,지번
1156013300107920002,서울특별시 영등포구 대림동,서울특별시 영등포구 대림로43길 20-5 (대림동),근린생활1,제1종근린생활시설,1020131532,지번
1156011100103950001,서울특별시 영등포구 당산동1가,서울특별시 영등포구 영등포로25길 17-11 (당산동1가),근린생활2,제2종근린생활시설,102018106,지번
1156011100102550017,서울특별시 영등포구 당산동1가,서울특별시 영등포구 당산로12길 11-4 (당산동1가),근린생활1,제1종근린생활시설,102017830,지번
1156013300107780003,서울특별시 영등포구 대림동,서울특별시 영등포구 대림로39길 31 (대림동),근린생활2,제2종근린생활시설,10201100268908,지번
1156011100100190000,서울특별시 영등포구 당산동1가,서울특별시 영등포구 영등포로 141 (당산동1가),근린생활1,제1종근린생활시설,102017338,지번
1156011100100180002,서울특별시 영등포구 당산동1가,,근린생활1,제1종근린생활시설,102017336,지번
1156011100100180002,서울특별시 영등포구 당산동1가,,근린생활1,제1종근린생활시설,102017337,지번
1156013300107780044,서울특별시 영등포구 대림동,서울특별시 영등포구 가마산로 313 (대림동),근린생활1,제1종근린생활시설,1020131421,지번
1156012100100580085,서울특별시 영등포구 문래동3가,서울특별시 영등포구 도림로 426 (문래동3가),근린생활2,제2종근린생활시설,1020114312,지번
1156011600102170002,서울특별시 영등포구 당산동6가,서울특별시 영등포구 양평로 22 (당산동6가),근린생활1,제1종근린생활시설,10201100244792,지번
1156012500100090013,서울특별시 영등포구 양평동1가,서울특별시 영등포구 영등포로18길 6 (양평동1가),근린생활1,제1종근린생활시설,1020115525,지번
1156011200101300000,서울특별시 영등포구 당산동2가,서울특별시 영등포구 선유동1로 16-10 (당산동2가),근린생활1,제1종근린생활시설,102018364,지번
1156011200101330000,서울특별시 영등포구 당산동2가,서울특별시 영등포구 선유동1로 16-4 (당산동2가),근린생활1,제1종근린생활시설,102018367,지번
1156012200100020023,서울특별시 영등포구 문래동4가,서울특별시 영등포구 도림로141가길 4-1 (문래동4가),근린생활1,제1종근린생활시설,1020114517,지번
1156012000100580001,서울특별시 영등포구 문래동2가,서울특별시 영등포구 도림로139길 4-1 (문래동2가),근린생활1,제1종근린생활시설,1020113893,지번
1156012000100580001,서울특별시 영등포구 문래동2가,서울특별시 영등포구 도림로139길 6 (문래동2가),근린생활1,제1종근린생활시설,1020113894,지번
1156012000100440018,서울특별시 영등포구 문래동2가,서울특별시 영등포구 경인로79길 18 (문래동2가),근린생활1,제1종근린생활시설,1020113825,지번
1156013300107830009,서울특별시 영등포구 대림동,서울특별시 영등포구 도신로4길 21-1 (대림동),근린생활2,제2종근린생활시설,1020131463,지번
1156013300106880000,서울특별시 영등포구 대림동,서울특별시 영등포구 가마산로 354 (대림동),근린생활2,제2종근린생활시설,1020130580,지번
1156011800102650006,서울특별시 영등포구 도림동,서울특별시 영등포구 도영로 18 (도림동),근린생활1,제1종근린생활시설,1020112952,지번
1156011100100140002,서울특별시 영등포구 당산동1가,서울특별시 영등포구 영등포로 146-1 (당산동1가),근린생활1,제1종근린생활시설,102017327,지번
1156012000100210006,서울특별시 영등포구 문래동2가,서울특별시 영등포구 경인로 727 (문래동2가),근린생활1,제1종근린생활시설,1020113712,지번
1156012500100310010,서울특별시 영등포구 양평동1가,서울특별시 영등포구 선유로 102 (양평동1가),근린생활2,제2종근린생활시설,1020115605,지번
1156012000100100006,서울특별시 영등포구 문래동2가,서울특별시 영등포구 도림로125길 6 (문래동2가),근린생활2,제2종근린생활시설,1020113573,지번
1156011200101480000,서울특별시 영등포구 당산동2가,서울특별시 영등포구 선유동1로 18 (당산동2가),근린생활2,제2종근린생활시설,102018394,지번
1156012100100820008,서울특별시 영등포구 문래동3가,서울특별시 영등포구 문래로 79-4 (문래동3가),근린생활2,제2종근린생활시설,1020114369,지번
1156012100100540041,서울특별시 영등포구 문래동3가,서울특별시 영등포구 도림로 418 (문래동3가),근린생활1,제1종근린생활시설,1020114201,지번
1156012100100540041,서울특별시 영등포구 문래동3가,서울특별시 영등포구 도림로 418 (문래동3가),근린생활1,제1종근린생활시설,1020114202,지번
1156011800102270004,서울특별시 영등포구 도림동,서울특별시 영등포구 도신로15길 35 (도림동),근린생활2,제2종근린생활시설,1020112606,지번
1156011800102060004,서울특별시 영등포구 도림동,서울특별시 영등포구 도영로 45-1 (도림동),근린생활1,제1종근린생활시설,1000000000000006376337,지번
1156012100100540042,서울특별시 영등포구 문래동3가,서울특별시 영등포구 도림로 416 (문래동3가),근린생활1,제1종근린생활시설,1020114203,지번
1156012100100540042,서울특별시 영등포구 문래동3가,서울특별시 영등포구 도림로 416 (문래동3가),근린생활1,제1종근린생활시설,1020114204,지번
1156012100100820013,서울특별시 영등포구 문래동3가,서울특별시 영등포구 영등포로20길 22-4 (문래동3가),근린생활2,제2종근린생활시설,1020114374,지번
1156012100100540029,서울특별시 영등포구 문래동3가,서울특별시 영등포구 도림로128길 4 (문래동3가),근린생활1,제1종근린생활시설,1020114170,지번
1156012000100140026,서울특별시 영등포구 문래동2가,서울특별시 영등포구 도림로 433-2 (문래동2가),근린생활1,제1종근린생활시설,1020113609,지번
1156012100100580065,서울특별시 영등포구 문래동3가,서울특별시 영등포구 도림로 440-1 (문래동3가),근린생활1,제1종근린생활시설,1020114299,지번
1156012100100540039,서울특별시 영등포구 문래동3가,서울특별시 영등포구 도림로128가길 13-8 (문래동3가),근린생활1,제1종근린생활시설,1020114198,지번
1156012100100540039,서울특별시 영등포구 문래동3가,서울특별시 영등포구 도림로128가길 13-8 (문래동3가),근린생활1,제1종근린생활시설,1020114199,지번
1156012100100540039,서울특별시 영등포구 문래동3가,서울특별시 영등포구 도림로128가길 13-8 (문래동3가),근린생활1,제1종근린생활시설,1020114200,지번
1156012100100680000,서울특별시 영등포구 문래동3가,서울특별시 영등포구 당산로 45 (문래동3가),근린생활1,운동시설,1020114318,지번
1156012100100680000,서울특별시 영등포구 문래동3가,서울특별시 영등포구 당산로 45 (문래동3가),근린생활1,제1종근린생활시설,1020114319,지번
1156011200100090000,서울특별시 영등포구 당산동2가,서울특별시 영등포구 영등포로 116-1 (당산동2가),근린생활1,제1종근린생활시설,102018216,지번
1156012200100130011,서울특별시 영등포구 문래동4가,서울특별시 영등포구 도림로145길 9 (문래동4가),근린생활1,제1종근린생활시설,1020114732,지번
1156011900100960001,서울특별시 영등포구 문래동1가,서울특별시 영등포구 경인로 708 (문래동1가),근린생활2,제2종근린생활시설,1020113530,지번
1156012200100330008,서울특별시 영등포구 문래동4가,서울특별시 영등포구 경인로77길 30-1 (문래동4가),근린생활2,제2종근린생활시설,1020115085,지번
1156012000100140091,서울특별시 영등포구 문래동2가,서울특별시 영등포구 도림로135길 8 (문래동2가),근린생활1,제1종근린생활시설,1020113665,지번
1156012000100140018,서울특별시 영등포구 문래동2가,서울특별시 영등포구 도림로135길 8-1 (문래동2가),근린생활2,제2종근린생활시설,1020113604,지번
1156012000100140018,서울특별시 영등포구 문래동2가,서울특별시 영등포구 도림로135길 8-1 (문래동2가),근린생활2,제2종근린생활시설,1020113605,지번
1156012000100140029,서울특별시 영등포구 문래동2가,서울특별시 영등포구 도림로131길 15 (문래동2가),근린생활1,제1종근린생활시설,1020113612,지번
1156011100104280000,서울특별시 영등포구 당산동1가,서울특별시 영등포구 당산로18길 10 (당산동1가),근린생활1,제1종근린생활시설,102018149,지번
1156011100103050000,서울특별시 영등포구 당산동1가,서울특별시 영등포구 당산로20길 17-1 (당산동1가),근린생활1,제1종근린생활시설,102018004,지번
1156011100103850000,서울특별시 영등포구 당산동1가,서울특별시 영등포구 당산로18길 17 (당산동1가),근린생활1,제1종근린생활시설,102018097,지번
1156011100102560081,서울특별시 영등포구 당산동1가,서울특별시 영등포구 당산로10길 15 (당산동1가),근린생활2,제2종근린생활시설,102017893,지번
1156011100104230001,서울특별시 영등포구 당산동1가,서울특별시 영등포구 당산로16길 9-1 (당산동1가),근린생활1,제1종근린생활시설,102018140,지번
1156011800101840007,서울특별시 영등포구 도림동,서울특별시 영등포구 도영로 34 (도림동),근린생활2,제2종근린생활시설,1020112342,지번
1156012100100770053,서울특별시 영등포구 문래동3가,서울특별시 영등포구 선유로 54-3 (문래동3가),근린생활1,제1종근린생활시설,1020114450,지번
1156012100100770054,서울특별시 영등포구 문래동3가,서울특별시 영등포구 선유로 54-5 (문래동3가),근린생활1,제1종근린생활시설,1020114451,지번
1156012100100770055,서울특별시 영등포구 문래동3가,서울특별시 영등포구 선유로 58-6 (문래동3가),근린생활1,제1종근린생활시설,1020114452,지번
1156012600100290004,서울특별시 영등포구 양평동2가,서울특별시 영등포구 영등포로 25 (양평동2가),근린생활2,제2종근린생활시설,1020116430,지번
1156011200100480001,서울특별시 영등포구 당산동2가,서울특별시 영등포구 영등포로19길 7-2 (당산동2가),근린생활1,제1종근린생활시설,102018260,지번
1156011200101470014,서울특별시 영등포구 당산동2가,서울특별시 영등포구 선유동1로 20-16 (당산동2가),근린생활1,단독주택,102018390,지번
1156011200101250000,서울특별시 영등포구 당산동2가,서울특별시 영등포구 선유동1로 16-20 (당산동2가),근린생활1,제1종근린생활시설,102018358,지번
1156011200101430000,서울특별시 영등포구 당산동2가,서울특별시 영등포구 선유동1로 14-17 (당산동2가),근린생활1,제1종근린생활시설,102018376,지번
1156011200100110003,서울특별시 영등포구 당산동2가,서울특별시 영등포구 영등포로22길 3-3 (당산동2가),근린생활2,제2종근린생활시설,102018219,지번
1156012500100280003,서울특별시 영등포구 양평동1가,서울특별시 영등포구 영등포로 85-1 (양평동1가),근린생활2,제2종근린생활시설,1020115593,지번
1156012300100200003,서울특별시 영등포구 문래동5가,서울특별시 영등포구 선유로9다길 23 (문래동5가),근린생활2,제2종근린생활시설,1020115252,지번
1156011800102020076,서울특별시 영등포구 도림동,서울특별시 영등포구 도영로7길 15-1 (도림동),근린생활2,제2종근린생활시설,1020113082,지번
1156012100100710000,서울특별시 영등포구 문래동3가,서울특별시 영등포구 문래북로 84 (문래동3가),근린생활1,제1종근린생활시설,1020114324,지번
1156012100100710000,서울특별시 영등포구 문래동3가,서울특별시 영등포구 문래북로 84 (문래동3가),근린생활1,제1종근린생활시설,1020114325,지번
1156012100100820020,서울특별시 영등포구 문래동3가,서울특별시 영등포구 문래로 89 (문래동3가),근린생활1,제1종근린생활시설,10201100189874,지번
1156013300107830001,서울특별시 영등포구 대림동,서울특별시 영등포구 대림로 247 (대림동),근린생활2,제2종근린생활시설,1020135199,지번
1156013300106510007,서울특별시 영등포구 대림동,서울특별시 영등포구 대림로 248 (대림동),근린생활2,제2종근린생활시설,1020130182,지번
1156011200100040003,서울특별시 영등포구 당산동2가,서울특별시 영등포구 영등포로 124 (당산동2가),근린생활1,제1종근린생활시설,102018212,지번
1156012100100770059,서울특별시 영등포구 문래동3가,서울특별시 영등포구 선유로 40 (문래동3가),근린생활1,제1종근린생활시설,1020114356,지번
1156013300107830013,서울특별시 영등포구 대림동,서울특별시 영등포구 도신로4길 17 (대림동),근린생활2,제2종근린생활시설,1020131467,지번
1156011100104230002,서울특별시 영등포구 당산동1가,서울특별시 영등포구 당산로16길 7-2 (당산동1가),근린생활2,제2종근린생활시설,102018141,지번
1156012100100540005,서울특별시 영등포구 문래동3가,서울특별시 영등포구 도림로128가길 1 (문래동3가),근린생활1,제1종근린생활시설,1020114144,지번
1156012100100540005,서울특별시 영등포구 문래동3가,서울특별시 영등포구 도림로128가길 1 (문래동3가),근린생활1,제1종근린생활시설,1020114145,지번
1156011100100400002,서울특별시 영등포구 당산동1가,서울특별시 영등포구 영등포로 129 (당산동1가),근린생활1,제1종근린생활시설,102017375,지번
1156011100104410000,서울특별시 영등포구 당산동1가,서울특별시 영등포구 당산로16길 3-10 (당산동1가),근린생활1,제1종근린생활시설,102018165,지번
1156013300107830014,서울특별시 영등포구 대림동,서울특별시 영등포구 도신로4길 15 (대림동),근린생활1,제1종근린생활시설,1020131468,지번
1156013300107820011,서울특별시 영등포구 대림동,서울특별시 영등포구 대림로 227 (대림동),근린생활1,제1종근린생활시설,1020131454,지번
1156011800102670001,서울특별시 영등포구 도림동,서울특별시 영등포구 도영로 24 (도림동),근린생활2,제2종근린생활시설,1020112957,지번
1156012100100540030,서울특별시 영등포구 문래동3가,서울특별시 영등포구 도림로128가길  (문래동3가),근린생활1,제1종근린생활시설,1020114171,지번
1156012100100540030,서울특별시 영등포구 문래동3가,서울특별시 영등포구 도림로128가길  (문래동3가),근린생활1,제1종근린생활시설,1020114172,지번
1156012100100540030,서울특별시 영등포구 문래동3가,서울특별시 영등포구 도림로128가길  (문래동3가),근린생활1,제1종근린생활시설,1020114173,지번
1156013300107830012,서울특별시 영등포구 대림동,서울특별시 영등포구 도신로4길 17-1 (대림동),근린생활2,제2종근린생활시설,1020131466,지번
1156011800102170002,서울특별시 영등포구 도림동,서울특별시 영등포구 도영로 27 (도림동),근린생활2,제2종근린생활시설,1020112585,지번
1156011100103840000,서울특별시 영등포구 당산동1가,서울특별시 영등포구 당산로18길 15-1 (당산동1가),근린생활1,제1종근린생활시설,102018096,지번
1156011100104260003,서울특별시 영등포구 당산동1가,서울특별시 영등포구 당산로16길 9-7 (당산동1가),근린생활2,제2종근린생활시설,102018148,지번
1156011100103820000,서울특별시 영등포구 당산동1가,서울특별시 영등포구 당산로18길 13-1 (당산동1가),근린생활1,단독주택,102018093,지번
1156011100103150000,서울특별시 영등포구 당산동1가,서울특별시 영등포구 당산로20길 8 (당산동1가),근린생활2,제2종근린생활시설,102018021,지번
1156011100103100003,서울특별시 영등포구 당산동1가,서울특별시 영등포구 당산로20길 5 (당산동1가),근린생활1,제1종근린생활시설,102018011,지번
1156011100102560087,서울특별시 영등포구 당산동1가,서울특별시 영등포구 당산로10길 15-2 (당산동1가),근린생활2,제2종근린생활시설,102017897,지번
1156011100100530003,서울특별시 영등포구 당산동1가,서울특별시 영등포구 영등포로 145 (당산동1가),근린생활2,제2종근린생활시설,102017410,지번
1156011100103860000,서울특별시 영등포구 당산동1가,서울특별시 영등포구 당산로18길 17-1 (당산동1가),근린생활2,제2종근린생활시설,102018098,지번
1156011100103670001,서울특별시 영등포구 당산동1가,서울특별시 영등포구 영등포로25길 23-2 (당산동1가),근린생활1,제1종근린생활시설,102018077,지번
1156011100104250000,서울특별시 영등포구 당산동1가,서울특별시 영등포구 당산로16길 9-3 (당산동1가),근린생활2,제2종근린생활시설,102018145,지번
1156011800102320000,서울특별시 영등포구 도림동,서울특별시 영등포구 도신로15라길 2 (도림동),근린생활1,제1종근린생활시설,1020112648,지번
1156012100100540027,서울특별시 영등포구 문래동3가,서울특별시 영등포구 도림로126길 17 (문래동3가),근린생활1,제1종근린생활시설,1020114166,지번
1156012100100540027,서울특별시 영등포구 문래동3가,서울특별시 영등포구 도림로126길 17 (문래동3가),근린생활1,제1종근린생활시설,1020114167,지번
1156012100100540027,서울특별시 영등포구 문래동3가,서울특별시 영등포구 도림로126길 17 (문래동3가),근린생활1,제1종근린생활시설,1020114168,지번
1156012100100540027,서울특별시 영등포구 문래동3가,서울특별시 영등포구 도림로126길 17 (문래동3가),근린생활1,제1종근린생활시설,1020114169,지번
1156012100100540035,서울특별시 영등포구 문래동3가,,근린생활1,제1종근린생활시설,1020114182,지번
1156012100100540035,서울특별시 영등포구 문래동3가,서울특별시 영등포구 도림로128가길 13-2 (문래동3가),근린생활1,제1종근린생활시설,1020114183,지번
1156012100100540035,서울특별시 영등포구 문래동3가,서울특별시 영등포구 도림로128가길 13-2 (문래동3가),근린생활1,제1종근린생활시설,1020114184,지번
1156012100100540035,서울특별시 영등포구 문래동3가,서울특별시 영등포구 도림로128가길 13-2 (문래동3가),근린생활1,제1종근린생활시설,1020114185,지번
1156012100100540035,서울특별시 영등포구 문래동3가,서울특별시 영등포구 도림로128가길 13-2 (문래동3가),근린생활1,제1종근린생활시설,1020114186,지번
1156012100100540035,서울특별시 영등포구 문래동3가,,근린생활1,제1종근린생활시설,1020114187,지번
1156013300106650006,서울특별시 영등포구 대림동,서울특별시 영등포구 대림로40길 12 (대림동),근린생활1,제1종근린생활시설,1020130338,지번
1156013300106620005,서울특별시 영등포구 대림동,서울특별시 영등포구 대림로40나길 5-1 (대림동),근린생활1,제1종근린생활시설,1020130282,지번
1156013300106630007,서울특별시 영등포구 대림동,서울특별시 영등포구 가마산로41길 7 (대림동),근린생활1,제1종근린생활시설,1020130301,지번
1156013300106630011,서울특별시 영등포구 대림동,서울특별시 영등포구 대림로40가길 2 (대림동),근린생활1,제1종근린생활시설,1020130305,지번
1156013300106520005,서울특별시 영등포구 대림동,서울특별시 영등포구 대림로44길 11 (대림동),근린생활1,제1종근린생활시설,1020130186,지번
1156013300106650000,서울특별시 영등포구 대림동,서울특별시 영등포구 대림로 222 (대림동),근린생활2,제2종근린생활시설,1020130332,지번
1156013300106640021,서울특별시 영등포구 대림동,서울특별시 영등포구 대림로 238 (대림동),근린생활1,제1종근린생활시설,1020130330,지번
1156013300106510004,서울특별시 영등포구 대림동,서울특별시 영등포구 대림로44길 5 (대림동),근린생활1,제1종근린생활시설,1020130180,지번
1156013300107820001,서울특별시 영등포구 대림동,서울특별시 영등포구 대림로 231 (대림동),근린생활1,제1종근린생활시설,1020131444,지번
1156011800108200000,서울특별시 영등포구 도림동,서울특별시 영등포구 도영로7길 15 (도림동),근린생활1,업무시설,1020113143,지번
1156011800108200000,서울특별시 영등포구 도림동,서울특별시 영등포구 도영로7길 15 (도림동),근린생활1,업무시설,1020113144,지번
1156011800108200000,서울특별시 영등포구 도림동,서울특별시 영등포구 도영로7길 15-2 (도림동),근린생활1,제1종근린생활시설,1020113145,지번
1156011800108200000,서울특별시 영등포구 도림동,서울특별시 영등포구 도영로7길 15 (도림동),근린생활1,업무시설,1020113146,지번
1156011800108200000,서울특별시 영등포구 도림동,서울특별시 영등포구 도영로7길 15 (도림동),근린생활1,업무시설,1020113147,지번
1156011800108200000,서울특별시 영등포구 도림동,서울특별시 영등포구 도영로7길 15 (도림동),근린생활1,업무시설,1020113148,지번
1156011800108200000,서울특별시 영등포구 도림동,서울특별시 영등포구 도영로7길 15 (도림동),근린생활1,업무시설,1020113149,지번
1156012100100570003,서울특별시 영등포구 문래동3가,서울특별시 영등포구 당산로 10 (문래동3가),근린생활1,제1종근린생활시설,1020114235,지번
1156013300106040125,서울특별시 영등포구 대림동,서울특별시 영등포구 대방천로 26 (대림동),근린생활1,제1종근린생활시설,1020130116,지번
1156013300107820009,서울특별시 영등포구 대림동,서울특별시 영등포구 도신로4길 31 (대림동),근린생활1,제1종근린생활시설,1020131452,지번
1156011100100400018,서울특별시 영등포구 당산동1가,서울특별시 영등포구 영등포로 131-2 (당산동1가),근린생활2,제2종근린생활시설,102018187,지번
1156013300107830010,서울특별시 영등포구 대림동,서울특별시 영등포구 도신로4길 21 (대림동),근린생활1,제1종근린생활시설,1020131464,지번
1156011100103970001,서울특별시 영등포구 당산동1가,서울특별시 영등포구 당산로16길 17 (당산동1가),근린생활2,제2종근린생활시설,102018110,지번
1156011100104020000,서울특별시 영등포구 당산동1가,서울특별시 영등포구 당산로18길 20 (당산동1가),근린생활1,제1종근린생활시설,102018114,지번
1156011900100590002,서울특별시 영등포구 문래동1가,서울특별시 영등포구 경인로78길 3-14 (문래동1가),근린생활1,제1종근린생활시설,1020113391,지번
1156013300107830007,서울특별시 영등포구 대림동,서울특별시 영등포구 도신로4길 25 (대림동),근린생활1,제1종근린생활시설,1020131461,지번
1156013300106040149,서울특별시 영등포구 대림동,서울특별시 영등포구 도신로 39 (대림동),근린생활1,제1종근린생활시설,1020130132,지번
1156013300106040129,서울특별시 영등포구 대림동,서울특별시 영등포구 대방천로 28-1 (대림동),근린생활1,제1종근린생활시설,1020130117,지번
1156013300106650013,서울특별시 영등포구 대림동,서울특별시 영등포구 대림로40길 10 (대림동),근린생활1,제1종근린생활시설,1020130345,지번
1156012600100200000,서울특별시 영등포구 양평동2가,서울특별시 영등포구 영등포로 20-1 (양평동2가),근린생활2,제2종근린생활시설,1020116418,지번
1156011100102550020,서울특별시 영등포구 당산동1가,서울특별시 영등포구 당산로16길 8 (당산동1가),근린생활2,제2종근린생활시설,102017831,지번
1156013300107830004,서울특별시 영등포구 대림동,서울특별시 영등포구 대림로 241 (대림동),근린생활2,제2종근린생활시설,1020131458,지번
1156011800101860027,서울특별시 영등포구 도림동,서울특별시 영등포구 도영로 40 (도림동),근린생활2,제2종근린생활시설,1020112365,지번
1156011800101830011,서울특별시 영등포구 도림동,서울특별시 영등포구 도영로 36 (도림동),근린생활2,제2종근린생활시설,1020112327,지번
1156011100104450001,서울특별시 영등포구 당산동1가,서울특별시 영등포구 당산로16길 5-1 (당산동1가),근린생활1,제1종근린생활시설,102018169,지번
1156013300107860034,서울특별시 영등포구 대림동,서울특별시 영등포구 대림로41길 8 (대림동),근린생활1,제1종근린생활시설,1020131480,지번
1156012100100540019,서울특별시 영등포구 문래동3가,서울특별시 영등포구 도림로128가길 7 (문래동3가),근린생활1,제1종근린생활시설,1020114149,지번
1156012100100540019,서울특별시 영등포구 문래동3가,서울특별시 영등포구 도림로128가길 7-1 (문래동3가),근린생활1,제1종근린생활시설,1020114150,지번
1156011900100380005,서울특별시 영등포구 문래동1가,,근린생활1,제1종근린생활시설,1020113335,지번
1156011200101460000,서울특별시 영등포구 당산동2가,서울특별시 영등포구 영등포로19길 15-1 (당산동2가),근린생활1,제1종근린생활시설,102018380,지번
1156011100103390000,서울특별시 영등포구 당산동1가,서울특별시 영등포구 당산로18길 9 (당산동1가),근린생활1,제1종근린생활시설,102018045,지번
1156011100102550036,서울특별시 영등포구 당산동1가,서울특별시 영등포구 당산로16길 12 (당산동1가),근린생활2,제2종근린생활시설,102017841,지번
1156012000100230001,서울특별시 영등포구 문래동2가,서울특별시 영등포구 경인로77길 2-1 (문래동2가),근린생활2,제2종근린생활시설,1020113716,지번
1156012200100070006,서울특별시 영등포구 문래동4가,서울특별시 영등포구 도림로 469 (문래동4가),근린생활1,제1종근린생활시설,1020114565,지번
1156013300107830000,서울특별시 영등포구 대림동,서울특별시 영등포구 도신로4길 11 (대림동),근린생활1,제1종근린생활시설,1020131455,지번
1156011800101840011,서울특별시 영등포구 도림동,서울특별시 영등포구 도림로113길 26-1 (도림동),근린생활1,제1종근린생활시설,1020112345,지번
1156013300106050028,서울특별시 영등포구 대림동,서울특별시 영등포구 도신로 36 (대림동),근린생활2,제2종근린생활시설,1020130138,지번
1156012300100200007,서울특별시 영등포구 문래동5가,서울특별시 영등포구 선유로9다길 21-4 (문래동5가),근린생활2,제2종근린생활시설,1020115257,지번
1156012300100190012,서울특별시 영등포구 문래동5가,서울특별시 영등포구 선유로9나길 22 (문래동5가),근린생활2,제2종근린생활시설,1020115248,지번
1156012000100560009,서울특별시 영등포구 문래동2가,서울특별시 영등포구 도림로141길 21 (문래동2가),근린생활2,제2종근린생활시설,1020113883,지번
1156011900100590001,서울특별시 영등포구 문래동1가,서울특별시 영등포구 경인로78길 3-16 (문래동1가),근린생활2,제2종근린생활시설,1020113389,지번
1156011900100590001,서울특별시 영등포구 문래동1가,서울특별시 영등포구 경인로78길 3-16 (문래동1가),근린생활2,단독주택,1020113390,지번
1156013300106110000,서울특별시 영등포구 대림동,서울특별시 영등포구 도신로 19 (대림동),근린생활1,운동시설,1000000000000007238773,지번
1156013300106110000,서울특별시 영등포구 대림동,서울특별시 영등포구 도신로 1 (대림동),근린생활1,제1종근린생활시설,1020130174,지번
1156013300106110000,서울특별시 영등포구 대림동,서울특별시 영등포구 도신로 1 (대림동),근린생활1,제1종근린생활시설,1020130175,지번
1156011800102240000,서울특별시 영등포구 도림동,서울특별시 영등포구 도영로7길 1 (도림동),근린생활1,제1종근린생활시설,1020112597,지번
1156012000100210002,서울특별시 영등포구 문래동2가,서울특별시 영등포구 경인로 731 (문래동2가),근린생활1,제1종근린생활시설,1020113708,지번
1156012000100210002,서울특별시 영등포구 문래동2가,서울특별시 영등포구 경인로 731 (문래동2가),근린생활1,제1종근린생활시설,1020113709,지번
1156012000100210002,서울특별시 영등포구 문래동2가,서울특별시 영등포구 경인로 731 (문래동2가),근린생활1,제1종근린생활시설,1020113710,지번
1156012000100340009,서울특별시 영등포구 문래동2가,서울특별시 영등포구 경인로77가길 16 (문래동2가),근린생활2,제2종근린생활시설,1020113752,지번
1156012000100190004,서울특별시 영등포구 문래동2가,서울특별시 영등포구 경인로79길 10 (문래동2가),근린생활1,제1종근린생활시설,1020113693,지번
1156012000100190004,서울특별시 영등포구 문래동2가,서울특별시 영등포구 경인로79길 10 (문래동2가),근린생활1,단독주택,1020113694,지번
1156012200100330009,서울특별시 영등포구 문래동4가,서울특별시 영등포구 경인로77길 30 (문래동4가),근린생활1,제1종근린생활시설,1020115086,지번
1156012200100080001,서울특별시 영등포구 문래동4가,서울특별시 영등포구 도림로 487-1 (문래동4가),근린생활2,제2종근린생활시설,1020114586,지번
1156012200100280010,서울특별시 영등포구 문래동4가,서울특별시 영등포구 도림로147길 22 (문래동4가),근린생활1,제1종근린생활시설,1020114925,지번
1156013300107920006,서울특별시 영등포구 대림동,서울특별시 영등포구 가마산로31길 32 (대림동),근린생활1,제1종근린생활시설,1020131534,지번
1156013300108030001,서울특별시 영등포구 대림동,서울특별시 영등포구 대림로43길 17 (대림동),근린생활1,제1종근린생활시설,1020131583,지번
1156013300108030000,서울특별시 영등포구 대림동,서울특별시 영등포구 대림로43길 17-1 (대림동),근린생활1,제1종근린생활시설,1020131582,지번
1156013300107920003,서울특별시 영등포구 대림동,서울특별시 영등포구 가마산로31길 32-1 (대림동),근린생활1,제1종근린생활시설,1020131533,지번
1156013300107910004,서울특별시 영등포구 대림동,서울특별시 영등포구 대림로43길 18 (대림동),근린생활1,제1종근린생활시설,1020131526,지번
1156013300108010001,서울특별시 영등포구 대림동,서울특별시 영등포구 대림로41길 26-15 (대림동),근린생활1,제1종근린생활시설,1020131560,지번
1156011100100390000,서울특별시 영등포구 당산동1가,서울특별시 영등포구 당산로10길 4 (당산동1가),근린생활2,제2종근린생활시설,102017363,지번
1156011100102540020,서울특별시 영등포구 당산동1가,서울특별시 영등포구 당산로 84-1 (당산동1가),근린생활2,제2종근린생활시설,102017814,지번
1156011200100710000,서울특별시 영등포구 당산동2가,서울특별시 영등포구 영등포로19길 9 (당산동2가),근린생활1,제1종근린생활시설,102018314,지번
1156011200101560000,서울특별시 영등포구 당산동2가,서울특별시 영등포구 선유동1로 16-17 (당산동2가),근린생활1,제1종근린생활시설,102018402,지번
1156013300106050027,서울특별시 영등포구 대림동,서울특별시 영등포구 도신로 38 (대림동),근린생활2,제2종근린생활시설,1020130137,지번
1156011800101860025,서울특별시 영등포구 도림동,서울특별시 영등포구 도영로 40-1 (도림동),근린생활2,제2종근린생활시설,1020112364,지번
1156011200101000000,서울특별시 영등포구 당산동2가,서울특별시 영등포구 영등포로19길 13 (당산동2가),근린생활1,제1종근린생활시설,102018332,지번
1156011200100600000,서울특별시 영등포구 당산동2가,서울특별시 영등포구 선유동1로 6-7 (당산동2가),근린생활2,제2종근린생활시설,102018301,지번
1156011200101440000,서울특별시 영등포구 당산동2가,서울특별시 영등포구 선유동1로 14-19 (당산동2가),근린생활1,제1종근린생활시설,102018377,지번
1156011300104500000,서울특별시 영등포구 당산동3가,서울특별시 영등포구 양산로17길 12 (당산동3가),근린생활2,제2종근린생활시설,10201100277808,지번
1156012000100280000,서울특별시 영등포구 문래동2가,서울특별시 영등포구 경인로 715 (문래동2가),근린생활2,제2종근린생활시설,1020113720,지번
1156012200100070002,서울특별시 영등포구 문래동4가,서울특별시 영등포구 도림로 473-1 (문래동4가),근린생활2,제2종근린생활시설,1020114555,지번
1156012200100340016,서울특별시 영등포구 문래동4가,서울특별시 영등포구 경인로77길 34 (문래동4가),근린생활2,제2종근린생활시설,1020115114,지번
1156012200100090002,서울특별시 영등포구 문래동4가,서울특별시 영등포구 선유로 32 (문래동4가),근린생활2,제2종근린생활시설,1020114624,지번
1156013300107920000,서울특별시 영등포구 대림동,서울특별시 영등포구 가마산로31길 36-2 (대림동),근린생활1,제1종근린생활시설,1020131530,지번
1156012100100770008,서울특별시 영등포구 문래동3가,서울특별시 영등포구 문래로 98 (문래동3가),근린생활1,제1종근린생활시설,1020114340,지번
1156012100100770034,서울특별시 영등포구 문래동3가,서울특별시 영등포구 선유로 62 (문래동3가),근린생활2,제2종근린생활시설,1020114346,지번
1156011100104550002,서울특별시 영등포구 당산동1가,서울특별시 영등포구 당산로16길 1 (당산동1가),근린생활2,제2종근린생활시설,102018177,지번
1156011200100920000,서울특별시 영등포구 당산동2가,서울특별시 영등포구 선유동1로2길 7 (당산동2가),근린생활1,제1종근린생활시설,102018330,지번
1156011200101340000,서울특별시 영등포구 당산동2가,서울특별시 영등포구 선유동1로 16 (당산동2가),근린생활1,제1종근린생활시설,102018368,지번
1156011100103870000,서울특별시 영등포구 당산동1가,서울특별시 영등포구 당산로18길 19 (당산동1가),근린생활1,제1종근린생활시설,102018100,지번
1156011100102840001,서울특별시 영등포구 당산동1가,서울특별시 영등포구 양산로 138-1 (당산동1가),근린생활1,제1종근린생활시설,102017982,지번
1156011100102560074,서울특별시 영등포구 당산동1가,서울특별시 영등포구 당산로10길 11 (당산동1가),근린생활2,제2종근린생활시설,102017888,지번
1156012200100280003,서울특별시 영등포구 문래동4가,서울특별시 영등포구 선유로 20 (문래동4가),근린생활2,제2종근린생활시설,1020114918,지번
1156012000100600003,서울특별시 영등포구 문래동2가,서울특별시 영등포구 도림로139길 2 (문래동2가),근린생활2,제2종근린생활시설,1020113906,지번
1156012000100600009,서울특별시 영등포구 문래동2가,서울특별시 영등포구 도림로139길 4 (문래동2가),근린생활1,제1종근린생활시설,1020113911,지번
1156012600100080000,서울특별시 영등포구 양평동2가,서울특별시 영등포구 영등포로 26 (양평동2가),근린생활2,제2종근린생활시설,1020116409,지번
1156011200100480025,서울특별시 영등포구 당산동2가,서울특별시 영등포구 선유동1로 6-17 (당산동2가),근린생활1,제1종근린생활시설,102018273,지번
1156012500100040000,서울특별시 영등포구 양평동1가,서울특별시 영등포구 선유로22길 10-1 (양평동1가),근린생활1,제1종근린생활시설,1020115494,지번
1156012500100280006,서울특별시 영등포구 양평동1가,서울특별시 영등포구 선유로24길 2 (양평동1가),근린생활1,제1종근린생활시설,1020115596,지번
1156011200101100000,서울특별시 영등포구 당산동2가,서울특별시 영등포구 선유동1로 14 (당산동2가),근린생활1,제1종근린생활시설,102018344,지번
1156011200100910000,서울특별시 영등포구 당산동2가,서울특별시 영등포구 선유동1로2길 5-1 (당산동2가),근린생활1,제1종근린생활시설,102018329,지번
1156011200100870000,서울특별시 영등포구 당산동2가,서울특별시 영등포구 선유동1로2길 1-1 (당산동2가),근린생활2,제2종근린생활시설,102018325,지번
1156011200100510000,서울특별시 영등포구 당산동2가,서울특별시 영등포구 선유동1로2길 4-1 (당산동2가),근린생활1,제1종근린생활시설,102018289,지번
1156013200102610000,서울특별시 영등포구 신길동,서울특별시 영등포구 가마산로 476 (신길동),판매시설,판매시설,10201100276187,지번
1156012500101380000,서울특별시 영등포구 양평동1가,서울특별시 영등포구 선유로23길 6 (양평동1가),근린생활1,제1종근린생활시설,1020115796,지번
1156012500101500000,서울특별시 영등포구 양평동1가,서울특별시 영등포구 영등포로13길 10 (양평동1가),근린생활2,제2종근린생활시설,1020115813,지번
1156012500100310004,서울특별시 영등포구 양평동1가,서울특별시 영등포구 선유로24길 3-7 (양평동1가),근린생활1,제1종근린생활시설,1020115600,지번
1156012500100360000,서울특별시 영등포구 양평동1가,서울특별시 영등포구 선유로 106 (양평동1가),근린생활1,제1종근린생활시설,1020115598,지번
1156012500100350000,서울특별시 영등포구 양평동1가,서울특별시 영등포구 선유로 106-4 (양평동1가),근린생활1,제1종근린생활시설,1020115608,지번
1156012500101730000,서울특별시 영등포구 양평동1가,서울특별시 영등포구 선유로23길 13 (양평동1가),근린생활1,제1종근린생활시설,1020115853,지번
1156012500101640013,서울특별시 영등포구 양평동1가,서울특별시 영등포구 영등포로13길 4 (양평동1가),근린생활1,제1종근린생활시설,1020115838,지번
1156011100102560027,서울특별시 영등포구 당산동1가,서울특별시 영등포구 당산로 84 (당산동1가),근린생활1,제1종근린생활시설,102017874,지번
1156011800102220007,서울특별시 영등포구 도림동,서울특별시 영등포구 도영로7길 10 (도림동),근린생활1,제1종근린생활시설,1020112594,지번
1156011800102680003,서울특별시 영등포구 도림동,서울특별시 영등포구 도영로 23 (도림동),근린생활2,제2종근린생활시설,1020112960,지번
1156013300106650004,서울특별시 영등포구 대림동,서울특별시 영등포구 대림로40길 8 (대림동),근린생활2,제2종근린생활시설,1020130336,지번
1156011800102260006,서울특별시 영등포구 도림동,서울특별시 영등포구 도림로113길 27 (도림동),근린생활2,제2종근린생활시설,10201100189865,지번
1156011900100500004,서울특별시 영등포구 문래동1가,서울특별시 영등포구 경인로80길 7-3 (문래동1가),근린생활2,제2종근린생활시설,1020113351,지번
1156011100104230003,서울특별시 영등포구 당산동1가,서울특별시 영등포구 당산로16길 9 (당산동1가),근린생활2,제2종근린생활시설,102018142,지번
1156012100100540025,서울특별시 영등포구 문래동3가,서울특별시 영등포구 도림로128가길 13-7 (문래동3가),근린생활1,제1종근린생활시설,1020114160,지번
1156012100100540025,서울특별시 영등포구 문래동3가,서울특별시 영등포구 도림로128가길 13-7 (문래동3가),근린생활1,제1종근린생활시설,1020114161,지번
1156012100100540025,서울특별시 영등포구 문래동3가,서울특별시 영등포구 도림로128가길 13-7 (문래동3가),근린생활1,제1종근린생활시설,1020114162,지번
1156012100100540025,서울특별시 영등포구 문래동3가,서울특별시 영등포구 도림로128가길 13-7 (문래동3가),근린생활1,제1종근린생활시설,1020114163,지번
1156011800102320003,서울특별시 영등포구 도림동,서울특별시 영등포구 도신로15라길 6 (도림동),근린생활1,제1종근린생활시설,1020112650,지번
1156012100100540023,서울특별시 영등포구 문래동3가,서울특별시 영등포구 도림로128가길 13-1 (문래동3가),근린생활1,제1종근린생활시설,1020114154,지번
1156012100100540023,서울특별시 영등포구 문래동3가,서울특별시 영등포구 도림로128가길 13-1 (문래동3가),근린생활1,제1종근린생활시설,1020114155,지번
1156012100100540031,서울특별시 영등포구 문래동3가,서울특별시 영등포구 도림로128가길 8-1 (문래동3가),근린생활1,제1종근린생활시설,1020114174,지번
1156012100100540031,서울특별시 영등포구 문래동3가,서울특별시 영등포구 도림로128가길 8-1 (문래동3가),근린생활1,제1종근린생활시설,1020114175,지번
1156012100100540024,서울특별시 영등포구 문래동3가,서울특별시 영등포구 도림로128가길 13-3 (문래동3가),근린생활1,제1종근린생활시설,1020114156,지번
1156012100100540024,서울특별시 영등포구 문래동3가,서울특별시 영등포구 도림로128가길 13-3 (문래동3가),근린생활1,제1종근린생활시설,1020114157,지번
1156012100100540024,서울특별시 영등포구 문래동3가,서울특별시 영등포구 도림로128가길 13-3 (문래동3가),근린생활1,제1종근린생활시설,1020114158,지번
1156012100100540024,서울특별시 영등포구 문래동3가,서울특별시 영등포구 도림로128가길 13-3 (문래동3가),근린생활1,제1종근린생활시설,1020114159,지번
1156013300106650002,서울특별시 영등포구 대림동,서울특별시 영등포구 대림로40길 4 (대림동),근린생활1,제1종근린생활시설,1020130334,지번
1156013300106520006,서울특별시 영등포구 대림동,서울특별시 영등포구 대림로44길 9 (대림동),근린생활1,제1종근린생활시설,1020130187,지번
1156013300106640001,서울특별시 영등포구 대림동,서울특별시 영등포구 대림로44길 2 (대림동),근린생활1,제1종근린생활시설,1020130312,지번
1156013300106640000,서울특별시 영등포구 대림동,서울특별시 영등포구 대림로 242 (대림동),근린생활1,제1종근린생활시설,1020130311,지번
1156013300106640015,서울특별시 영등포구 대림동,서울특별시 영등포구 대림로40가길 1 (대림동),근린생활1,제1종근린생활시설,1020130324,지번
1156013300106620000,서울특별시 영등포구 대림동,서울특별시 영등포구 대림로44길 8 (대림동),근린생활1,제1종근린생활시설,1020130278,지번
1156013300106620001,서울특별시 영등포구 대림동,서울특별시 영등포구 대림로44길 10 (대림동),근린생활1,제1종근린생활시설,1020130279,지번
1156013300106520007,서울특별시 영등포구 대림동,서울특별시 영등포구 대림로44길 7 (대림동),근린생활1,제1종근린생활시설,1020130188,지번
1156013300106530008,서울특별시 영등포구 대림동,서울특별시 영등포구 대림로44길 13 (대림동),근린생활1,제1종근린생활시설,1020130201,지번
1156013300106050039,서울특별시 영등포구 대림동,서울특별시 영등포구 도신로8길 14-1 (대림동),근린생활1,제1종근린생활시설,1020130147,지번
1156013300106530000,서울특별시 영등포구 대림동,서울특별시 영등포구 도신로10길 25 (대림동),근린생활1,제1종근린생활시설,1020130195,지번
1156013300106050064,서울특별시 영등포구 대림동,서울특별시 영등포구 대림로46길 3 (대림동),근린생활1,제1종근린생활시설,1020130172,지번
1156013300106520011,서울특별시 영등포구 대림동,서울특별시 영등포구 대림로46길 7-1 (대림동),근린생활1,제1종근린생활시설,1020130192,지번
1156013300106050031,서울특별시 영등포구 대림동,서울특별시 영등포구 도신로8가길 2 (대림동),근린생활1,제1종근린생활시설,1020130141,지번
1156012900100260003,서울특별시 영등포구 양평동5가,서울특별시 영등포구 양평로 133 (양평동5가),근린생활1,제1종근린생활시설,1000000000000000085118,지번
1156011800101870044,서울특별시 영등포구 도림동,서울특별시 영등포구 도영로11길 2 (도림동),근린생활1,제1종근린생활시설,1020112405,지번
1156011800101870039,서울특별시 영등포구 도림동,서울특별시 영등포구 도영로 55 (도림동),근린생활2,제2종근린생활시설,1020112400,지번
1156011800101840008,서울특별시 영등포구 도림동,서울특별시 영등포구 도영로 32-1 (도림동),근린생활2,제2종근린생활시설,1020112343,지번
1156011800101840013,서울특별시 영등포구 도림동,서울특별시 영등포구 도영로 32 (도림동),근린생활2,제2종근린생활시설,1020112346,지번
1156011100103130001,서울특별시 영등포구 당산동1가,서울특별시 영등포구 당산로20길 8-2 (당산동1가),근린생활2,제2종근린생활시설,102018018,지번
1156011100103130001,서울특별시 영등포구 당산동1가,서울특별시 영등포구 당산로20길 8-2 (당산동1가),근린생활2,단독주택,102018019,지번
1156011100103130001,서울특별시 영등포구 당산동1가,서울특별시 영등포구 당산로20길 8-2 (당산동1가),근린생활2,공동주택,102018197,지번
1156011800101860006,서울특별시 영등포구 도림동,서울특별시 영등포구 도영로 46 (도림동),근린생활1,제1종근린생활시설,1020112353,지번
1156011800101840015,서울특별시 영등포구 도림동,서울특별시 영등포구 도림로113길 28 (도림동),근린생활2,제2종근린생활시설,1020112347,지번
1156012100100540033,서울특별시 영등포구 문래동3가,서울특별시 영등포구 도림로128가길 16 (문래동3가),근린생활1,제1종근린생활시설,1020114178,지번
1156012100100540033,서울특별시 영등포구 문래동3가,서울특별시 영등포구 도림로128가길 16 (문래동3가),근린생활1,제1종근린생활시설,1020114179,지번
1156012100100540032,서울특별시 영등포구 문래동3가,서울특별시 영등포구 도림로128가길 14 (문래동3가),근린생활1,제1종근린생활시설,1020114176,지번
1156012100100540032,서울특별시 영등포구 문래동3가,서울특별시 영등포구 도림로128가길 14 (문래동3가),근린생활1,제1종근린생활시설,1020114177,지번
1156012100100540079,서울특별시 영등포구 문래동3가,서울특별시 영등포구 도림로126길 18 (문래동3가),근린생활1,제1종근린생활시설,1020114220,지번
1156012100100690002,서울특별시 영등포구 문래동3가,서울특별시 영등포구 당산로 51 (문래동3가),근린생활1,제1종근린생활시설,1020114320,지번
1156012100100700000,서울특별시 영등포구 문래동3가,서울특별시 영등포구 당산로 53 (문래동3가),근린생활1,제1종근린생활시설,1020114322,지번
1156012100100700000,서울특별시 영등포구 문래동3가,서울특별시 영등포구 당산로 53 (문래동3가),근린생활1,제1종근린생활시설,1020114323,지번
1156012100100840007,서울특별시 영등포구 문래동3가,서울특별시 영등포구 문래북로 52 (문래동3가),근린생활2,제2종근린생활시설,1020114395,지번
1156012500101700000,서울특별시 영등포구 양평동1가,서울특별시 영등포구 선유로23길 11 (양평동1가),근린생활2,제2종근린생활시설,1020115850,지번
1156012000100040003,서울특별시 영등포구 문래동2가,서울특별시 영등포구 경인로 741 (문래동2가),근린생활1,제1종근린생활시설,1020113560,지번
1156011900100500007,서울특별시 영등포구 문래동1가,서울특별시 영등포구 경인로80길 3-22 (문래동1가),근린생활1,제1종근린생활시설,1020113354,지번
1156011100104490000,서울특별시 영등포구 당산동1가,서울특별시 영등포구 당산로16길 3-1 (당산동1가),근린생활1,제1종근린생활시설,102018173,지번
1156011100103460001,서울특별시 영등포구 당산동1가,서울특별시 영등포구 당산로 100 (당산동1가),근린생활1,제1종근린생활시설,102018198,지번
1156012000100560012,서울특별시 영등포구 문래동2가,서울특별시 영등포구 경인로77길 22 (문래동2가),근린생활1,제1종근린생활시설,1020113886,지번
1156012000100210005,서울특별시 영등포구 문래동2가,서울특별시 영등포구 경인로 729 (문래동2가),근린생활1,단독주택,1020113711,지번
1156011900100640006,서울특별시 영등포구 문래동1가,서울특별시 영등포구 경인로78길 11 (문래동1가),근린생활1,제1종근린생활시설,1020113419,지번
1156012000100560002,서울특별시 영등포구 문래동2가,서울특별시 영등포구 도림로139길 14 (문래동2가),근린생활2,제2종근린생활시설,1020113874,지번
1156012000100560002,서울특별시 영등포구 문래동2가,서울특별시 영등포구 도림로139길 14 (문래동2가),근린생활2,단독주택,1020113875,지번
1156012100100540000,서울특별시 영등포구 문래동3가,서울특별시 영등포구 당산로4길 12 (문래동3가),근린생활1,공동주택,1020114407,지번
1156012100100540000,서울특별시 영등포구 문래동3가,서울특별시 영등포구 당산로4길 12 (문래동3가),근린생활1,공동주택,1020114408,지번
1156012100100540000,서울특별시 영등포구 문래동3가,서울특별시 영등포구 당산로4길 12 (문래동3가),근린생활1,공동주택,1020114409,지번
1156012100100540000,서울특별시 영등포구 문래동3가,서울특별시 영등포구 당산로4길 12 (문래동3가),근린생활1,공동주택,1020114410,지번
1156012100100540000,서울특별시 영등포구 문래동3가,서울특별시 영등포구 당산로4길 12 (문래동3가),근린생활1,공동주택,1020114411,지번
1156012100100540000,서울특별시 영등포구 문래동3가,서울특별시 영등포구 당산로 26 (문래동3가),근린생활1,제1종근린생활시설,1020114412,지번
1156012100100540000,서울특별시 영등포구 문래동3가,서울특별시 영등포구 당산로4길 12 (문래동3가),근린생활1,공동주택,1020114413,지번
1156012100100540000,서울특별시 영등포구 문래동3가,서울특별시 영등포구 당산로4길 12 (문래동3가),근린생활1,공동주택,1020114414,지번
1156012100100540000,서울특별시 영등포구 문래동3가,서울특별시 영등포구 당산로4길 12 (문래동3가),근린생활1,공동주택,1020114415,지번
1156012100100540000,서울특별시 영등포구 문래동3가,서울특별시 영등포구 당산로4길 12 (문래동3가),근린생활1,공동주택,1020114416,지번
1156012100100540000,서울특별시 영등포구 문래동3가,서울특별시 영등포구 당산로4길 12 (문래동3가),근린생활1,공동주택,1020114417,지번
1156012100100540000,서울특별시 영등포구 문래동3가,서울특별시 영등포구 당산로4길 12 (문래동3가),근린생활1,공동주택,1020114418,지번
1156012100100540000,서울특별시 영등포구 문래동3가,서울특별시 영등포구 당산로4길 12 (문래동3가),근린생활1,공동주택,1020114419,지번
1156012100100540000,서울특별시 영등포구 문래동3가,서울특별시 영등포구 당산로4길 12 (문래동3가),근린생활1,공동주택,1020114420,지번
1156012100100540000,서울특별시 영등포구 문래동3가,서울특별시 영등포구 당산로4길 12 (문래동3가),근린생활1,공동주택,1020114421,지번
1156012100100540000,서울특별시 영등포구 문래동3가,서울특별시 영등포구 당산로4길 12 (문래동3가),근린생활1,공동주택,1020114422,지번
1156012100100540000,서울특별시 영등포구 문래동3가,서울특별시 영등포구 당산로4길 12 (문래동3가),근린생활1,공동주택,1020114423,지번
1156012100100540000,서울특별시 영등포구 문래동3가,서울특별시 영등포구 당산로4길 12 (문래동3가),근린생활1,공동주택,1020114424,지번
1156012100100540000,서울특별시 영등포구 문래동3가,서울특별시 영등포구 당산로4길 12 (문래동3가),근린생활1,공동주택,1020114425,지번
1156012200100080006,서울특별시 영등포구 문래동4가,서울특별시 영등포구 도림로 481 (문래동4가),근린생활2,제2종근린생활시설,1020114591,지번
1156012100100580077,서울특별시 영등포구 문래동3가,서울특별시 영등포구 도림로 432 (문래동3가),근린생활1,근린생활시설,1020114309,지번
1156013300107880008,서울특별시 영등포구 대림동,서울특별시 영등포구 대림로41길 20-4 (대림동),근린생활1,제1종근린생활시설,1020131502,지번
1156013300108030002,서울특별시 영등포구 대림동,서울특별시 영등포구 대림로41길 20-13 (대림동),근린생활1,제1종근린생활시설,1020131584,지번
1156013300107880001,서울특별시 영등포구 대림동,서울특별시 영등포구 대림로43길 13-1 (대림동),근린생활1,제1종근린생활시설,1020131495,지번
1156013300107860028,서울특별시 영등포구 대림동,서울특별시 영등포구 대림로41길 12 (대림동),근린생활1,제1종근린생활시설,1020131479,지번
1156013300107830005,서울특별시 영등포구 대림동,서울특별시 영등포구 대림로 239 (대림동),판매시설,판매시설,1020131459,지번
1156011900100470003,서울특별시 영등포구 문래동1가,서울특별시 영등포구 경인로82길 14 (문래동1가),근린생활1,제1종근린생활시설,1020113341,지번
1156011100102540052,서울특별시 영등포구 당산동1가,서울특별시 영등포구 당산로16길 4 (당산동1가),근린생활1,제1종근린생활시설,102017815,지번
1156011900100380003,서울특별시 영등포구 문래동1가,서울특별시 영등포구 경인로82길 1 (문래동1가),근린생활1,제1종근린생활시설,1020113333,지번
1156011900100440000,서울특별시 영등포구 문래동1가,서울특별시 영등포구 경인로80길 13-1 (문래동1가),근린생활1,제1종근린생활시설,1020113337,지번
1156012600100070000,서울특별시 영등포구 양평동2가,서울특별시 영등포구 영등포로 28 (양평동2가),근린생활2,제2종근린생활시설,1020116406,지번
1156012100100770002,서울특별시 영등포구 문래동3가,서울특별시 영등포구 문래로20길 14 (문래동3가),근린생활1,제1종근린생활시설,1020114443,지번
1156012100100770002,서울특별시 영등포구 문래동3가,서울특별시 영등포구 문래로20길 14 (문래동3가),근린생활1,공동주택,1020114444,지번
1156012100100770002,서울특별시 영등포구 문래동3가,서울특별시 영등포구 문래로20길 14 (문래동3가),근린생활1,공동주택,1020114445,지번
1156012100100580026,서울특별시 영등포구 문래동3가,서울특별시 영등포구 도림로 440-17 (문래동3가),근린생활2,제2종근린생활시설,1020114264,지번
1156012400100450000,서울특별시 영등포구 문래동6가,서울특별시 영등포구 문래로4길 4 (문래동6가),근린생활1,제1종근린생활시설,1020115404,지번
1156012400100450000,서울특별시 영등포구 문래동6가,서울특별시 영등포구 문래로4길 6 (문래동6가),근린생활1,공동주택,1020115405,지번
1156012400100450000,서울특별시 영등포구 문래동6가,서울특별시 영등포구 문래로4길 6 (문래동6가),근린생활1,공동주택,1020115406,지번
1156012100100720000,서울특별시 영등포구 문래동3가,서울특별시 영등포구 당산로 57 (문래동3가),근린생활2,제1종근린생활시설,1000000000000003886048,지번
1156012600100290005,서울특별시 영등포구 양평동2가,서울특별시 영등포구 영등포로 27 (양평동2가),근린생활1,제1종근린생활시설,1020116431,지번
1156012500100030000,서울특별시 영등포구 양평동1가,서울특별시 영등포구 선유로22길 12 (양평동1가),근린생활1,제1종근린생활시설,1020115493,지번
1156012500101640008,서울특별시 영등포구 양평동1가,서울특별시 영등포구 선유로23길 3-1 (양평동1가),근린생활1,제1종근린생활시설,1020115836,지번
1156011200100900000,서울특별시 영등포구 당산동2가,서울특별시 영등포구 선유동1로2길 5 (당산동2가),근린생활2,제2종근린생활시설,102018328,지번
1156011200101470015,서울특별시 영등포구 당산동2가,서울특별시 영등포구 선유동1로 20-12 (당산동2가),근린생활2,제2종근린생활시설,102018391,지번
1156012500101510000,서울특별시 영등포구 양평동1가,서울특별시 영등포구 영등포로13길 8-1 (양평동1가),근린생활1,제1종근린생활시설,1020115814,지번
1156012500101630000,서울특별시 영등포구 양평동1가,서울특별시 영등포구 선유로23길 6-3 (양평동1가),근린생활1,제1종근린생활시설,1020115826,지번
1156012500101630000,서울특별시 영등포구 양평동1가,서울특별시 영등포구 선유로23길 6-3 (양평동1가),근린생활1,단독주택,1020115827,지번
1156012500100590000,서울특별시 영등포구 양평동1가,서울특별시 영등포구 선유동1로 11-12 (양평동1가),근린생활1,제1종근린생활시설,1020115629,지번
1156011900100740000,서울특별시 영등포구 문래동1가,서울특별시 영등포구 경인로76길 6 (문래동1가),근린생활1,공장,1020113481,지번
1156011900100740000,서울특별시 영등포구 문래동1가,서울특별시 영등포구 경인로76길 6 (문래동1가),근린생활1,제1종근린생활시설,1020113482,지번
1156012000100200003,서울특별시 영등포구 문래동2가,서울특별시 영등포구 경인로79길 7 (문래동2가),근린생활1,제1종근린생활시설,1020113699,지번
1156012300100200015,서울특별시 영등포구 문래동5가,서울특별시 영등포구 선유로3길 19-7 (문래동5가),근린생활2,제2종근린생활시설,1020115264,지번
1156012100100580084,서울특별시 영등포구 문래동3가,서울특별시 영등포구 도림로 428-1 (문래동3가),근린생활1,제1종근린생활시설,1020114311,지번
1156012100100580033,서울특별시 영등포구 문래동3가,서울특별시 영등포구 도림로 432-1 (문래동3가),근린생활1,제1종근린생활시설,1020114269,지번
1156012000100400002,서울특별시 영등포구 문래동2가,서울특별시 영등포구 경인로77길 12 (문래동2가),근린생활1,제1종근린생활시설,1020113771,지번
1156012000100430005,서울특별시 영등포구 문래동2가,서울특별시 영등포구 도림로133길 12 (문래동2가),근린생활1,제1종근린생활시설,1020113807,지번
1156012200100040001,서울특별시 영등포구 문래동4가,서울특별시 영등포구 도림로 463 (문래동4가),근린생활1,제1종근린생활시설,1020114524,지번
1156012200100060008,서울특별시 영등포구 문래동4가,서울특별시 영등포구 도림로 467 (문래동4가),근린생활1,제1종근린생활시설,1020114552,지번
1156012200100080002,서울특별시 영등포구 문래동4가,서울특별시 영등포구 도림로 485-1 (문래동4가),근린생활2,제2종근린생활시설,1020114587,지번
1156012200100080009,서울특별시 영등포구 문래동4가,서울특별시 영등포구 도림로 477 (문래동4가),근린생활1,제1종근린생활시설,1020114594,지번
1156012200100080007,서울특별시 영등포구 문래동4가,서울특별시 영등포구 도림로 479 (문래동4가),근린생활2,제2종근린생활시설,1020114592,지번
1156013300107870008,서울특별시 영등포구 대림동,서울특별시 영등포구 대림로41길 16 (대림동),근린생활1,제1종근린생활시설,1020131488,지번
1156013300107860002,서울특별시 영등포구 대림동,서울특별시 영등포구 대림로43길 7 (대림동),근린생활1,제1종근린생활시설,1020131472,지번
1156013300108020008,서울특별시 영등포구 대림동,서울특별시 영등포구 대림로41길 26-2 (대림동),근린생활1,제1종근린생활시설,1020131576,지번
1156013300108020013,서울특별시 영등포구 대림동,서울특별시 영등포구 대림로41길 26-14 (대림동),근린생활1,제1종근린생활시설,1020131581,지번
1156013300107890004,서울특별시 영등포구 대림동,서울특별시 영등포구 대림로43길 12 (대림동),근린생활1,제1종근린생활시설,1020131511,지번
1156013300107900005,서울특별시 영등포구 대림동,서울특별시 영등포구 대림로43길 16 (대림동),근린생활1,제1종근린생활시설,1020131520,지번
1156013300107880006,서울특별시 영등포구 대림동,서울특별시 영등포구 대림로41길 18 (대림동),근린생활1,제1종근린생활시설,1020131500,지번
1156012100100770031,서울특별시 영등포구 문래동3가,서울특별시 영등포구 선유로 46 (문래동3가),근린생활1,제1종근린생활시설,1020114345,지번
1156013300107840000,서울특별시 영등포구 대림동,서울특별시 영등포구 대림로 251 (대림동),근린생활2,제2종근린생활시설,1020131470,지번
1156012000100100002,서울특별시 영등포구 문래동2가,서울특별시 영등포구 도림로125길 4 (문래동2가),근린생활1,제1종근린생활시설,1020113572,지번
1156012500100530000,서울특별시 영등포구 양평동1가,서울특별시 영등포구 선유동1로 11 (양평동1가),근린생활2,제2종근린생활시설,1020115623,지번
1156012500100310001,서울특별시 영등포구 양평동1가,서울특별시 영등포구 선유로 104-1 (양평동1가),근린생활1,제1종근린생활시설,1020115597,지번
1156012500100310002,서울특별시 영등포구 양평동1가,서울특별시 영등포구 선유로24길 3-5 (양평동1가),근린생활1,제1종근린생활시설,1020115599,지번
1156012100100580039,서울특별시 영등포구 문래동3가,서울특별시 영등포구 도림로 436-11 (문래동3가),근린생활2,제2종근린생활시설,1020114276,지번
1156012100100580035,서울특별시 영등포구 문래동3가,서울특별시 영등포구 도림로 434-9 (문래동3가),근린생활1,제1종근린생활시설,1020114271,지번
1156012100100580035,서울특별시 영등포구 문래동3가,서울특별시 영등포구 도림로 434-9 (문래동3가),근린생활1,제1종근린생활시설,1020114272,지번
1156012100100580075,서울특별시 영등포구 문래동3가,서울특별시 영등포구 도림로 434-1 (문래동3가),근린생활1,제1종근린생활시설,1020114307,지번
1156012000100200004,서울특별시 영등포구 문래동2가,서울특별시 영등포구 도림로133길 17 (문래동2가),근린생활1,제1종근린생활시설,1020113700,지번
1156011900100640007,서울특별시 영등포구 문래동1가,서울특별시 영등포구 경인로78길 11-5 (문래동1가),근린생활2,제2종근린생활시설,1020113420,지번
1156013300106750005,서울특별시 영등포구 대림동,서울특별시 영등포구 가마산로46길 21-3 (대림동),근린생활1,제1종근린생활시설,1020130410,지번
1156011100103360000,서울특별시 영등포구 당산동1가,서울특별시 영등포구 당산로18길 5-2 (당산동1가),근린생활1,제1종근린생활시설,102018042,지번
1156011100103360000,서울특별시 영등포구 당산동1가,서울특별시 영등포구 당산로18길 5-2 (당산동1가),근린생활1,단독주택,102018043,지번
1156011100103950002,서울특별시 영등포구 당산동1가,서울특별시 영등포구 당산로16길 15 (당산동1가),근린생활2,제2종근린생활시설,102018107,지번
1156011100100200000,서울특별시 영등포구 당산동1가,서울특별시 영등포구 영등포로 141-1 (당산동1가),근린생활2,제1종근린생활시설,102017339,지번
1156011100100200000,서울특별시 영등포구 당산동1가,서울특별시 영등포구 영등포로 141-1 (당산동1가),근린생활2,제2종근린생활시설,102017340,지번
1156011100103960001,서울특별시 영등포구 당산동1가,,근린생활2,제2종근린생활시설,102018109,지번
1156013300106650001,서울특별시 영등포구 대림동,서울특별시 영등포구 대림로40길 2 (대림동),근린생활1,제1종근린생활시설,1020130333,지번
1156011100100170003,서울특별시 영등포구 당산동1가,서울특별시 영등포구 영등포로 135 (당산동1가),근린생활1,제1종근린생활시설,102017335,지번
1156011100104340000,서울특별시 영등포구 당산동1가,서울특별시 영등포구 당산로16길 7 (당산동1가),근린생활1,제1종근린생활시설,102018156,지번
1156011100100170001,서울특별시 영등포구 당산동1가,서울특별시 영등포구 영등포로 137 (당산동1가),근린생활1,제1종근린생활시설,102017333,지번
1156011100102550034,서울특별시 영등포구 당산동1가,서울특별시 영등포구 당산로16길 12-2 (당산동1가),근린생활2,제2종근린생활시설,102017839,지번
1156012200100020014,서울특별시 영등포구 문래동4가,서울특별시 영등포구 도림로 449 (문래동4가),근린생활1,제1종근린생활시설,1020114509,지번
1156011100101570000,서울특별시 영등포구 당산동1가,서울특별시 영등포구 영신로39길 14 (당산동1가),근린생활2,제2종근린생활시설,10201100258710,지번
1156011800102080001,서울특별시 영등포구 도림동,서울특별시 영등포구 도영로 45 (도림동),근린생활2,제2종근린생활시설,1020112571,지번
1156011800102150002,서울특별시 영등포구 도림동,서울특별시 영등포구 도영로 33 (도림동),근린생활1,제1종근린생활시설,1020112579,지번
1156011900100370013,서울특별시 영등포구 문래동1가,서울특별시 영등포구 경인로 748 (문래동1가),근린생활1,제1종근린생활시설,1020113328,지번
1156011900100370013,서울특별시 영등포구 문래동1가,서울특별시 영등포구 경인로 748 (문래동1가),근린생활1,제1종근린생활시설,1020113329,지번
1156011100102560063,서울특별시 영등포구 당산동1가,서울특별시 영등포구 당산로12길 4 (당산동1가),근린생활2,제2종근린생활시설,1000000000000001357568,지번
1156013300106040177,서울특별시 영등포구 대림동,서울특별시 영등포구 도신로9길 3 (대림동),근린생활2,제2종근린생활시설,1020130135,지번
1156011900100430000,서울특별시 영등포구 문래동1가,서울특별시 영등포구 경인로80길 13 (문래동1가),근린생활1,제1종근린생활시설,1020113336,지번
1156011100100710000,서울특별시 영등포구 당산동1가,서울특별시 영등포구 영등포로25길 6-1 (당산동1가),근린생활1,제1종근린생활시설,102017424,지번
1156013300107820002,서울특별시 영등포구 대림동,서울특별시 영등포구 대림로 229 (대림동),근린생활1,제2종근린생활시설,1020131445,지번
1156013300107820002,서울특별시 영등포구 대림동,서울특별시 영등포구 대림로 229 (대림동),근린생활1,제1종근린생활시설,1020131446,지번
1156013300108330002,서울특별시 영등포구 대림동,서울특별시 영등포구 대림로19길 2 (대림동),근린생활2,제2종근린생활시설,1000000000000001349371,지번
1156011900100500006,서울특별시 영등포구 문래동1가,서울특별시 영등포구 경인로80길 3-18 (문래동1가),근린생활1,제1종근린생활시설,1020113353,지번
1156012400100460000,서울특별시 영등포구 문래동6가,서울특별시 영등포구 문래로4길 14 (문래동6가),근린생활2,공동주택,1020115407,지번
1156012400100460000,서울특별시 영등포구 문래동6가,서울특별시 영등포구 문래로4길 20 (문래동6가),근린생활2,제2종근린생활시설,1020115408,지번
1156012400100460000,서울특별시 영등포구 문래동6가,서울특별시 영등포구 문래로4길 14 (문래동6가),근린생활2,공동주택,1020115409,지번
1156012100100840001,서울특별시 영등포구 문래동3가,서울특별시 영등포구 문래북로 50 (문래동3가),근린생활2,제2종근린생활시설,1020114392,지번
1156012100100770057,서울특별시 영등포구 문래동3가,서울특별시 영등포구 선유로 54 (문래동3가),근린생활2,제2종근린생활시설,1020114354,지번
1156012600100110001,서울특별시 영등포구 양평동2가,서울특별시 영등포구 영등포로6길 3 (양평동2가),근린생활1,제1종근린생활시설,1020116410,지번
1156010800100940097,서울특별시 영등포구 영등포동7가,서울특별시 영등포구 버드나루로 69 (영등포동7가),근린생활1,제1종근린생활시설,10201100257025,지번
1156010800100940097,서울특별시 영등포구 영등포동7가,서울특별시 영등포구 버드나루로 69 (영등포동7가),근린생활1,제1종근린생활시설,102016233,지번
1156011200100470004,서울특별시 영등포구 당산동2가,서울특별시 영등포구 양산로 96 (당산동2가),근린생활1,교육연구시설,10201100212197,지번
1156011200100470004,서울특별시 영등포구 당산동2가,서울특별시 영등포구 양산로 96 (당산동2가),근린생활1,공장,102018259,지번
1156011800102170007,서울특별시 영등포구 도림동,서울특별시 영등포구 도영로7길 4 (도림동),근린생활2,제2종근린생활시설,1020112589,지번
1156011200100270001,서울특별시 영등포구 당산동2가,서울특별시 영등포구 영등포로19길 3 (당산동2가),근린생활1,제1종근린생활시설,102018229,지번
1156012200100070001,서울특별시 영등포구 문래동4가,서울특별시 영등포구 도림로 475 (문래동4가),근린생활1,제1종근린생활시설,1020114554,지번
1156012500100310009,서울특별시 영등포구 양평동1가,서울특별시 영등포구 선유로 104 (양평동1가),근린생활1,제1종근린생활시설,1020115604,지번
1156012500100280022,서울특별시 영등포구 양평동1가,서울특별시 영등포구 선유로24길 8-1 (양평동1가),근린생활2,제2종근린생활시설,1020115585,지번
1156012400100110001,서울특별시 영등포구 문래동6가,서울특별시 영등포구 문래북로 24 (문래동6가),근린생활2,제2종근린생활시설,1020115393,지번
1156012400100110001,서울특별시 영등포구 문래동6가,서울특별시 영등포구 문래북로 22 (문래동6가),근린생활2,공동주택,1020115394,지번
1156012500102040010,서울특별시 영등포구 양평동1가,서울특별시 영등포구 선유로23길 16-1 (양평동1가),근린생활2,제2종근린생활시설,1020115879,지번
1156012100100580032,서울특별시 영등포구 문래동3가,서울특별시 영등포구 도림로128길 15 (문래동3가),근린생활2,제2종근린생활시설,1020114268,지번
1156012000100180001,서울특별시 영등포구 문래동2가,서울특별시 영등포구 도림로125가길 5 (문래동2가),근린생활2,제2종근린생활시설,1020113686,지번
1156012100100580094,서울특별시 영등포구 문래동3가,서울특별시 영등포구 당산로 6 (문래동3가),근린생활1,제1종근린생활시설,1020114314,지번
1156012100100580019,서울특별시 영등포구 문래동3가,서울특별시 영등포구 도림로 442 (문래동3가),근린생활1,제1종근린생활시설,1020114256,지번
1156012000100570004,서울특별시 영등포구 문래동2가,서울특별시 영등포구 도림로139길 12-1 (문래동2가),근린생활1,제1종근린생활시설,1020113890,지번
1156012100100580088,서울특별시 영등포구 문래동3가,서울특별시 영등포구 도림로 440-22 (문래동3가),근린생활2,제2종근린생활시설,1020114313,지번
1156012100100580060,서울특별시 영등포구 문래동3가,서울특별시 영등포구 도림로 438-12 (문래동3가),근린생활2,제2종근린생활시설,1020114296,지번
1156012000100190002,서울특별시 영등포구 문래동2가,서울특별시 영등포구 도림로125가길 7 (문래동2가),근린생활2,제2종근린생활시설,1020113692,지번
1156012100100580021,서울특별시 영등포구 문래동3가,서울특별시 영등포구 도림로 440-7 (문래동3가),근린생활2,제2종근린생활시설,1020114259,지번
1156012100100580050,서울특별시 영등포구 문래동3가,서울특별시 영등포구 도림로 438 (문래동3가),근린생활1,제1종근린생활시설,1020114287,지번
1156012000100140076,서울특별시 영등포구 문래동2가,서울특별시 영등포구 도림로125가길 4-1 (문래동2가),근린생활2,제2종근린생활시설,1020113654,지번
1156012000100180006,서울특별시 영등포구 문래동2가,서울특별시 영등포구 경인로79길 8-1 (문래동2가),근린생활1,제1종근린생활시설,1020113690,지번
1156012000100180004,서울특별시 영등포구 문래동2가,서울특별시 영등포구 도림로125가길 5-1 (문래동2가),근린생활1,제1종근린생활시설,1020113688,지번
1156012000100180004,서울특별시 영등포구 문래동2가,서울특별시 영등포구 도림로125가길 5-1 (문래동2가),근린생활1,제1종근린생활시설,1020113689,지번
1156012100100580064,서울특별시 영등포구 문래동3가,서울특별시 영등포구 도림로 440 (문래동3가),근린생활1,제1종근린생활시설,1020114298,지번
1156012000100140023,서울특별시 영등포구 문래동2가,서울특별시 영등포구 도림로 437 (문래동2가),근린생활1,제1종근린생활시설,1020113607,지번
1156012100100580025,서울특별시 영등포구 문래동3가,서울특별시 영등포구 도림로 440-15 (문래동3가),근린생활1,제1종근린생활시설,1020114263,지번
1156012100100580029,서울특별시 영등포구 문래동3가,서울특별시 영등포구 도림로128길 17-1 (문래동3가),근린생활2,제2종근린생활시설,1020114266,지번
1156012000100140038,서울특별시 영등포구 문래동2가,서울특별시 영등포구 도림로131길 13-2 (문래동2가),근린생활2,제2종근린생활시설,1020113616,지번
1156012200100330020,서울특별시 영등포구 문래동4가,서울특별시 영등포구 도림로141길 22 (문래동4가),근린생활1,제1종근린생활시설,1020115095,지번
1156012200100340011,서울특별시 영등포구 문래동4가,서울특별시 영등포구 경인로77길 36 (문래동4가),근린생활1,제2종근린생활시설,1020115111,지번
1156012200100340011,서울특별시 영등포구 문래동4가,서울특별시 영등포구 경인로77길 36 (문래동4가),근린생활1,제1종근린생활시설,1020115112,지번
1156011900100580002,서울특별시 영등포구 문래동1가,서울특별시 영등포구 경인로78길 3-13 (문래동1가),근린생활2,제2종근린생활시설,1020113375,지번
1156012000100140041,서울특별시 영등포구 문래동2가,서울특별시 영등포구 도림로133길 8 (문래동2가),근린생활1,제1종근린생활시설,1020113619,지번
1156012000100140030,서울특별시 영등포구 문래동2가,서울특별시 영등포구 도림로125가길 14 (문래동2가),근린생활1,제1종근린생활시설,1020113613,지번
1156012000100140030,서울특별시 영등포구 문래동2가,서울특별시 영등포구 도림로125가길 14 (문래동2가),근린생활1,제1종근린생활시설,1020113614,지번
1156013300107000005,서울특별시 영등포구 대림동,서울특별시 영등포구 대림로 142 (대림동),근린생활2,제2종근린생활시설,1020130679,지번
1156012100100580047,서울특별시 영등포구 문래동3가,서울특별시 영등포구 도림로 440-6 (문래동3가),근린생활1,제1종근린생활시설,1020114284,지번
1156012000100140078,서울특별시 영등포구 문래동2가,서울특별시 영등포구 도림로125가길 6 (문래동2가),근린생활1,제1종근린생활시설,1020113655,지번
1156011900100710004,서울특별시 영등포구 문래동1가,서울특별시 영등포구 경인로78길 4 (문래동1가),근린생활2,제2종근린생활시설,1020113459,지번
1156012200100230009,서울특별시 영등포구 문래동4가,서울특별시 영등포구 도림로141다길 18 (문래동4가),근린생활1,제1종근린생활시설,1020114853,지번
1156012000100130005,서울특별시 영등포구 문래동2가,서울특별시 영등포구 도림로125가길 2 (문래동2가),근린생활1,제1종근린생활시설,1020113582,지번
1156011900100580016,서울특별시 영등포구 문래동1가,서울특별시 영등포구 경인로 732 (문래동1가),근린생활1,제1종근린생활시설,1020113386,지번
1156011900100580005,서울특별시 영등포구 문래동1가,서울특별시 영등포구 경인로 730 (문래동1가),근린생활1,제1종근린생활시설,1020113377,지번
1156012000100130001,서울특별시 영등포구 문래동2가,서울특별시 영등포구 도림로125길 8 (문래동2가),근린생활1,제1종근린생활시설,1020113580,지번
1156011900100730000,서울특별시 영등포구 문래동1가,서울특별시 영등포구 경인로74길 1-5 (문래동1가),근린생활1,근린생활시설,1020113480,지번
1156011900100720016,서울특별시 영등포구 문래동1가,서울특별시 영등포구 경인로 710 (문래동1가),근린생활1,제1종근린생활시설,1020113479,지번
1156011900100720011,서울특별시 영등포구 문래동1가,서울특별시 영등포구 경인로 718 (문래동1가),근린생활1,제1종근린생활시설,1020113476,지번
1156011900100710010,서울특별시 영등포구 문래동1가,서울특별시 영등포구 경인로76길 1 (문래동1가),근린생활2,제2종근린생활시설,1020113462,지번
1156012000100210007,서울특별시 영등포구 문래동2가,서울특별시 영등포구 도림로125길 21 (문래동2가),근린생활2,제2종근린생활시설,1020113713,지번
1156010800100640026,서울특별시 영등포구 영등포동7가,서울특별시 영등포구 국회대로44길 5-1 (영등포동7가),근린생활2,제2종근린생활시설,10201100270729,지번
1156012100100580013,서울특별시 영등포구 문래동3가,서울특별시 영등포구 당산로 8-8 (문래동3가),근린생활1,제1종근린생활시설,1020114253,지번
1156012200100070009,서울특별시 영등포구 문래동4가,서울특별시 영등포구 도림로145길 1-12 (문래동4가),근린생활2,제2종근린생활시설,1020114566,지번
1156012000100190006,서울특별시 영등포구 문래동2가,서울특별시 영등포구 도림로133길 13 (문래동2가),근린생활1,제1종근린생활시설,1020113696,지번
1156011900100580014,서울특별시 영등포구 문래동1가,서울특별시 영등포구 경인로78길 3-3 (문래동1가),근린생활1,제1종근린생활시설,1020113383,지번
1156011900100630001,서울특별시 영등포구 문래동1가,서울특별시 영등포구 경인로80길 10 (문래동1가),근린생활1,제1종근린생활시설,1020113406,지번
1156011900100890000,서울특별시 영등포구 문래동1가,서울특별시 영등포구 경인로72길 11 (문래동1가),근린생활2,제2종근린생활시설,1020113517,지번
1156011900100890000,서울특별시 영등포구 문래동1가,서울특별시 영등포구 경인로72길 11 (문래동1가),근린생활2,창고시설,1020113518,지번
1156011900100720013,서울특별시 영등포구 문래동1가,서울특별시 영등포구 경인로 712-2 (문래동1가),근린생활1,제1종근린생활시설,1020113478,지번
1156011900100670002,서울특별시 영등포구 문래동1가,서울특별시 영등포구 경인로78길 14 (문래동1가),근린생활1,제1종근린생활시설,1020113438,지번
1156012000100300001,서울특별시 영등포구 문래동2가,,근린생활2,제2종근린생활시설,1020113728,지번
1156012000100300001,서울특별시 영등포구 문래동2가,,근린생활2,제2종근린생활시설,1020113729,지번
1156012000100300001,서울특별시 영등포구 문래동2가,,근린생활2,단독주택,1020113730,지번
1156012000100300001,서울특별시 영등포구 문래동2가,,근린생활2,제1종근린생활시설,1020113731,지번
1156012000100300001,서울특별시 영등포구 문래동2가,,근린생활2,제2종근린생활시설,1020113732,지번
1156012000100300001,서울특별시 영등포구 문래동2가,,근린생활2,제2종근린생활시설,1020113733,지번
1156012000100300001,서울특별시 영등포구 문래동2가,,근린생활2,제1종근린생활시설,1020113734,지번
1156012000100300001,서울특별시 영등포구 문래동2가,,근린생활2,단독주택,1020113735,지번
1156012000100300001,서울특별시 영등포구 문래동2가,,근린생활2,단독주택,1020113736,지번
1156012000100300001,서울특별시 영등포구 문래동2가,,근린생활2,제2종근린생활시설,1020113737,지번
1156011900101100005,서울특별시 영등포구 문래동1가,서울특별시 영등포구 경인로72길 8-1 (문래동1가),근린생활1,제1종근린생활시설,1020113542,지번
1156011900101100006,서울특별시 영등포구 문래동1가,서울특별시 영등포구 경인로72길 10-2 (문래동1가),근린생활2,제2종근린생활시설,1020113543,지번
1156011900100950002,서울특별시 영등포구 문래동1가,서울특별시 영등포구 경인로72길 3-13 (문래동1가),근린생활2,제2종근린생활시설,1020113528,지번
1156012100100580042,서울특별시 영등포구 문래동3가,서울특별시 영등포구 도림로 440-16 (문래동3가),근린생활2,제2종근린생활시설,1020114279,지번
1156012000100140042,서울특별시 영등포구 문래동2가,서울특별시 영등포구 도림로131길 13 (문래동2가),근린생활1,제1종근린생활시설,1020113620,지번
1156012000100190001,서울특별시 영등포구 문래동2가,서울특별시 영등포구 도림로125가길 7-1 (문래동2가),근린생활1,제1종근린생활시설,1020113691,지번
1156012000100140039,서울특별시 영등포구 문래동2가,서울특별시 영등포구 도림로131길 13-1 (문래동2가),근린생활2,제2종근린생활시설,1020113617,지번
1156012100100580005,서울특별시 영등포구 문래동3가,서울특별시 영등포구 도림로 440-23 (문래동3가),근린생활1,제1종근린생활시설,1020114246,지번
1156012100100580005,서울특별시 영등포구 문래동3가,서울특별시 영등포구 도림로 440-23 (문래동3가),근린생활1,제1종근린생활시설,1020114247,지번
1156012000100140089,서울특별시 영등포구 문래동2가,서울특별시 영등포구 도림로135길 10 (문래동2가),근린생활2,제2종근린생활시설,1020113663,지번
1156012000100410001,서울특별시 영등포구 문래동2가,서울특별시 영등포구 경인로79길 13 (문래동2가),근린생활1,제1종근린생활시설,1020113778,지번
1156012000100160000,서울특별시 영등포구 문래동2가,서울특별시 영등포구 도림로125길 14 (문래동2가),근린생활2,제2종근린생활시설,1020113682,지번
1156012000100180002,서울특별시 영등포구 문래동2가,서울특별시 영등포구 경인로79길 8 (문래동2가),근린생활1,제1종근린생활시설,1020113687,지번
1156012000100450005,서울특별시 영등포구 문래동2가,서울특별시 영등포구 도림로139가길 6 (문래동2가),근린생활1,제1종근린생활시설,1020113832,지번
1156012000100420020,서울특별시 영등포구 문래동2가,서울특별시 영등포구 경인로79길 13-2 (문래동2가),근린생활2,제2종근린생활시설,1020113804,지번
1156012100100580003,서울특별시 영등포구 문래동3가,서울특별시 영등포구 도림로128길 19 (문래동3가),근린생활1,제1종근린생활시설,1020114245,지번
1156012000100600004,서울특별시 영등포구 문래동2가,서울특별시 영등포구 도림로139길 2-2 (문래동2가),근린생활2,제2종근린생활시설,1020113907,지번
1156011100102550003,서울특별시 영등포구 당산동1가,서울특별시 영등포구 영등포로25길 13 (당산동1가),근린생활2,제2종근린생활시설,102017817,지번
1156011100102560088,서울특별시 영등포구 당산동1가,서울특별시 영등포구 당산로10길 17 (당산동1가),근린생활1,제1종근린생활시설,102017898,지번
1156011100100250000,서울특별시 영등포구 당산동1가,서울특별시 영등포구 당산로10길 16-1 (당산동1가),근린생활2,제2종근린생활시설,102017345,지번
1156010200100320003,서울특별시 영등포구 영등포동1가,서울특별시 영등포구 경인로112길 19 (영등포동1가),근린생활2,제2종근린생활시설,10201100265890,지번
1156011900100630007,서울특별시 영등포구 문래동1가,서울특별시 영등포구 경인로78길 11-7 (문래동1가),근린생활1,제1종근린생활시설,1020113411,지번
1156011900100640000,서울특별시 영등포구 문래동1가,서울특별시 영등포구 경인로78길 7-6 (문래동1가),근린생활1,단독주택,1020113417,지번
1156011900100640000,서울특별시 영등포구 문래동1가,서울특별시 영등포구 경인로78길 9 (문래동1가),근린생활1,근린생활시설,1020113418,지번
1156012000100420019,서울특별시 영등포구 문래동2가,서울특별시 영등포구 경인로79길 15 (문래동2가),근린생활1,제1종근린생활시설,1020113803,지번
1156012800101490001,서울특별시 영등포구 양평동4가,서울특별시 영등포구 양평로 104 (양평동4가),근린생활2,제2종근린생활시설,1020117256,지번
1156011900100470001,서울특별시 영등포구 문래동1가,서울특별시 영등포구 경인로82길 14 (문래동1가),근린생활2,제2종근린생활시설,1020113339,지번
1156012800102400000,서울특별시 영등포구 양평동4가,서울특별시 영등포구 선유로53길 24 (양평동4가),근린생활2,제2종근린생활시설,10201100257389,지번
1156012100100540034,서울특별시 영등포구 문래동3가,서울특별시 영등포구 도림로126길 1 (문래동3가),근린생활1,제1종근린생활시설,1020114180,지번
1156012100100540034,서울특별시 영등포구 문래동3가,서울특별시 영등포구 도림로126길 1 (문래동3가),근린생활1,제1종근린생활시설,1020114181,지번
1156011100100400015,서울특별시 영등포구 당산동1가,서울특별시 영등포구 영등포로 131-3 (당산동1가),근린생활1,제1종근린생활시설,102017383,지번
1156011100100320000,서울특별시 영등포구 당산동1가,서울특별시 영등포구 당산로10길 8-1 (당산동1가),근린생활1,제1종근린생활시설,102017354,지번
1156013200115360000,서울특별시 영등포구 신길동,서울특별시 영등포구 신풍로19가길 2-4 (신길동),근린생활2,제2종근린생활시설,10201100278148,지번
1156012000100470004,서울특별시 영등포구 문래동2가,서울특별시 영등포구 도림로139가길 8 (문래동2가),근린생활2,제2종근린생활시설,1020113841,지번
1156012500100050006,서울특별시 영등포구 양평동1가,서울특별시 영등포구 선유로22길 10 (양평동1가),근린생활2,제2종근린생활시설,1020115500,지번
1156012200100080014,서울특별시 영등포구 문래동4가,서울특별시 영등포구 도림로147길 1-10 (문래동4가),근린생활2,제2종근린생활시설,1020114599,지번
1156012000100430002,서울특별시 영등포구 문래동2가,서울특별시 영등포구 도림로125가길 11 (문래동2가),근린생활1,제1종근린생활시설,1020113806,지번
1156011900100650001,서울특별시 영등포구 문래동1가,서울특별시 영등포구 경인로80길 14 (문래동1가),근린생활1,제1종근린생활시설,1020113423,지번
1156011900100650003,서울특별시 영등포구 문래동1가,서울특별시 영등포구 경인로78길 13-7 (문래동1가),근린생활1,제1종근린생활시설,1020113426,지번
1156011200100300009,서울특별시 영등포구 당산동2가,서울특별시 영등포구 영등포로 93-1 (당산동2가),근린생활2,제2종근린생활시설,102018246,지번
1156012500100670000,서울특별시 영등포구 양평동1가,서울특별시 영등포구 선유동1로 13-5 (양평동1가),근린생활1,단독주택,1020115639,지번
1156012500100670000,서울특별시 영등포구 양평동1가,서울특별시 영등포구 선유동1로 13-5 (양평동1가),근린생활1,제1종근린생활시설,1020115640,지번
1156012500100280001,서울특별시 영등포구 양평동1가,서울특별시 영등포구 선유동1로 3 (양평동1가),근린생활1,제1종근린생활시설,1020115582,지번
1156012500101640022,서울특별시 영등포구 양평동1가,서울특별시 영등포구 선유로 95 (양평동1가),근린생활1,제1종근린생활시설,1020115842,지번
1156013300110770005,서울특별시 영등포구 대림동,서울특별시 영등포구 디지털로 363 (대림동),근린생활1,제1종근린생활시설,10201100265968,지번
1156012000100200008,서울특별시 영등포구 문래동2가,서울특별시 영등포구 경인로79길 9-1 (문래동2가),근린생활1,제1종근린생활시설,1020113701,지번
1156011100104460000,서울특별시 영등포구 당산동1가,서울특별시 영등포구 당산로16길 5 (당산동1가),근린생활1,제1종근린생활시설,102018170,지번
1156012000100260000,서울특별시 영등포구 문래동2가,서울특별시 영등포구 경인로 719 (문래동2가),근린생활2,제2종근린생활시설,1020113718,지번
1156012000100260000,서울특별시 영등포구 문래동2가,서울특별시 영등포구 경인로 719 (문래동2가),근린생활2,창고시설,1020113719,지번
1156011900100720012,서울특별시 영등포구 문래동1가,서울특별시 영등포구 경인로 714 (문래동1가),근린생활1,제2종근린생활시설,1020113477,지번
1156012000100140001,서울특별시 영등포구 문래동2가,서울특별시 영등포구 도림로 441 (문래동2가),근린생활2,제2종근린생활시설,1020113592,지번
1156011900100920000,서울특별시 영등포구 문래동1가,서울특별시 영등포구 경인로72길 3-12 (문래동1가),근린생활1,공장,1020113526,지번
1156011900100650002,서울특별시 영등포구 문래동1가,서울특별시 영등포구 경인로78길 11-16 (문래동1가),근린생활2,단독주택,1020113424,지번
1156011900100650002,서울특별시 영등포구 문래동1가,서울특별시 영등포구 경인로78길 11-16 (문래동1가),근린생활2,제2종근린생활시설,1020113425,지번
1156012600100290003,서울특별시 영등포구 양평동2가,서울특별시 영등포구 영등포로 29 (양평동2가),근린생활1,제1종근린생활시설,1020116429,지번
1156012000100300002,서울특별시 영등포구 문래동2가,,근린생활2,제1종근린생활시설,1020113738,지번
1156012000100300002,서울특별시 영등포구 문래동2가,,근린생활2,제2종근린생활시설,1020113739,지번
1156012000100300002,서울특별시 영등포구 문래동2가,,근린생활2,제2종근린생활시설,1020113740,지번
1156012000100130002,서울특별시 영등포구 문래동2가,서울특별시 영등포구 도림로129길 7 (문래동2가),근린생활2,제2종근린생활시설,1020113581,지번
1156012100100580058,서울특별시 영등포구 문래동3가,서울특별시 영등포구 도림로 424 (문래동3가),근린생활1,제1종근린생활시설,1020114295,지번
1156011900101100001,서울특별시 영등포구 문래동1가,,근린생활2,제2종근린생활시설,1020113539,지번
1156012000100140090,서울특별시 영등포구 문래동2가,서울특별시 영등포구 도림로131길 4-2 (문래동2가),근린생활1,제1종근린생활시설,1020113664,지번
1156011900100510002,서울특별시 영등포구 문래동1가,서울특별시 영등포구 경인로80길 7 (문래동1가),근린생활2,제2종근린생활시설,1020113357,지번
1156012200100670000,서울특별시 영등포구 문래동4가,서울특별시 영등포구 도림로145길 28 (문래동4가),근린생활2,공동주택,10201100186565,지번
1156012200100670000,서울특별시 영등포구 문래동4가,서울특별시 영등포구 경인로77길 49 (문래동4가),근린생활2,제2종근린생활시설,10201100186627,지번
1156012200100670000,서울특별시 영등포구 문래동4가,서울특별시 영등포구 도림로145길 28 (문래동4가),근린생활2,공동주택,10201100186638,지번
1156011900100370005,서울특별시 영등포구 문래동1가,서울특별시 영등포구 경인로82길 3-5 (문래동1가),근린생활1,제1종근린생활시설,1020113324,지번
1156011900100370007,서울특별시 영등포구 문래동1가,서울특별시 영등포구 경인로82길 3-3 (문래동1가),근린생활2,제2종근린생활시설,1020113325,지번
1156011900100380004,서울특별시 영등포구 문래동1가,서울특별시 영등포구 경인로82길 3 (문래동1가),근린생활1,제1종근린생활시설,1020113334,지번
1156011800102060001,서울특별시 영등포구 도림동,서울특별시 영등포구 도영로 47 (도림동),근린생활1,제1종근린생활시설,1020112566,지번
1156012100100540026,서울특별시 영등포구 문래동3가,서울특별시 영등포구 도림로128가길 13-9 (문래동3가),근린생활1,제1종근린생활시설,1020114164,지번
1156012100100540026,서울특별시 영등포구 문래동3가,서울특별시 영등포구 도림로128가길 13-9 (문래동3가),근린생활1,제1종근린생활시설,1020114165,지번
1156011900100970007,서울특별시 영등포구 문래동1가,서울특별시 영등포구 경인로 702 (문래동1가),근린생활1,제1종근린생활시설,1020113537,지번
1156011100100330000,서울특별시 영등포구 당산동1가,서울특별시 영등포구 당산로10길 8 (당산동1가),근린생활1,제1종근린생활시설,102017355,지번
1156011100100400016,서울특별시 영등포구 당산동1가,서울특별시 영등포구 영등포로 131 (당산동1가),근린생활1,제1종근린생활시설,102017384,지번
1156011100100340000,서울특별시 영등포구 당산동1가,서울특별시 영등포구 당산로10길 8 (당산동1가),근린생활1,제1종근린생활시설,102017356,지번
1156011100103460003,서울특별시 영등포구 당산동1가,서울특별시 영등포구 당산로20길 2 (당산동1가),근린생활2,제2종근린생활시설,102018053,지번
1156011100102760001,서울특별시 영등포구 당산동1가,서울특별시 영등포구 당산로20길 9-6 (당산동1가),근린생활2,제2종근린생활시설,102017973,지번
1156012600100360041,서울특별시 영등포구 양평동2가,서울특별시 영등포구 선유서로25길 20 (양평동2가),근린생활1,제1종근린생활시설,1020116606,지번
1156012600100330037,서울특별시 영등포구 양평동2가,서울특별시 영등포구 선유서로25길 10 (양평동2가),근린생활2,제2종근린생활시설,1020116541,지번
1156012600100320011,서울특별시 영등포구 양평동2가,서울특별시 영등포구 영등포로5길 12 (양평동2가),근린생활1,제1종근린생활시설,1020116515,지번
1156012600100290006,서울특별시 영등포구 양평동2가,서울특별시 영등포구 선유서로 89 (양평동2가),근린생활2,제2종근린생활시설,1020116432,지번
1156012600100290006,서울특별시 영등포구 양평동2가,서울특별시 영등포구 선유서로 89 (양평동2가),근린생활2,자동차관련시설,1020116433,지번
1156011300104560000,서울특별시 영등포구 당산동3가,서울특별시 영등포구 양산로19길 3 (당산동3가),근린생활2,제2종근린생활시설,102018961,지번
1156012500101320002,서울특별시 영등포구 양평동1가,서울특별시 영등포구 선유로25길 3 (양평동1가),근린생활1,제2종근린생활시설,1020115790,지번
1156012500101320002,서울특별시 영등포구 양평동1가,서울특별시 영등포구 선유로25길 3 (양평동1가),근린생활1,제1종근린생활시설,1020115791,지번
1156012500101320002,서울특별시 영등포구 양평동1가,서울특별시 영등포구 선유로25길 3 (양평동1가),근린생활1,공장,1020115792,지번
1156012500101320002,서울특별시 영등포구 양평동1가,서울특별시 영등포구 선유로25길 3-1 (양평동1가),근린생활1,제2종근린생활시설,1020115793,지번
1156012500101160023,서울특별시 영등포구 양평동1가,서울특별시 영등포구 선유로 121 (양평동1가),근린생활1,제1종근린생활시설,1020115721,지번
1156012500102090002,서울특별시 영등포구 양평동1가,서울특별시 영등포구 선유서로26길 26 (양평동1가),근린생활1,제1종근린생활시설,1020115887,지번
1156012500102170012,서울특별시 영등포구 양평동1가,서울특별시 영등포구 영등포로11길 18 (양평동1가),근린생활2,제2종근린생활시설,1020115933,지번
1156012500102100003,서울특별시 영등포구 양평동1가,서울특별시 영등포구 선유서로26길 22 (양평동1가),근린생활2,제2종근린생활시설,1020115897,지번
1156012500102080002,서울특별시 영등포구 양평동1가,서울특별시 영등포구 영등포로13길 13 (양평동1가),근린생활1,제2종근린생활시설,1000000000000003850577,지번
1156012700100300005,서울특별시 영등포구 양평동3가,서울특별시 영등포구 양산로1길 9-1 (양평동3가),근린생활2,제2종근린생활시설,10201100194317,지번
1156011300100350000,서울특별시 영등포구 당산동3가,서울특별시 영등포구 당산로24길 11 (당산동3가),근린생활2,제2종근린생활시설,102018528,지번
1156012500102170006,서울특별시 영등포구 양평동1가,서울특별시 영등포구 영등포로11길 18-1 (양평동1가),근린생활1,제1종근린생활시설,1020115929,지번
1156011300103570000,서울특별시 영등포구 당산동3가,서울특별시 영등포구 당산로 111-3 (당산동3가),근린생활2,제2종근린생활시설,102018839,지번
1156011300103510000,서울특별시 영등포구 당산동3가,서울특별시 영등포구 당산로 109 (당산동3가),근린생활1,제1종근린생활시설,102018834,지번
1156011300103140000,서울특별시 영등포구 당산동3가,서울특별시 영등포구 당산로26길 2 (당산동3가),근린생활2,제2종근린생활시설,102018801,지번
1156011300103260001,서울특별시 영등포구 당산동3가,서울특별시 영등포구 양산로23길 1-1 (당산동3가),근린생활1,제1종근린생활시설,102018810,지번
1156011300103400000,서울특별시 영등포구 당산동3가,서울특별시 영등포구 양산로 121-1 (당산동3가),근린생활2,단독주택,102018824,지번
1156011300103400000,서울특별시 영등포구 당산동3가,서울특별시 영등포구 양산로 121-1 (당산동3가),근린생활2,제2종근린생활시설,102018825,지번
1156011300103400000,서울특별시 영등포구 당산동3가,서울특별시 영등포구 양산로 121-1 (당산동3가),근린생활2,제2종근린생활시설,102018826,지번
1156012500102090011,서울특별시 영등포구 양평동1가,서울특별시 영등포구 선유서로26길 26-1 (양평동1가),근린생활2,제2종근린생활시설,1020115894,지번
1156011200101620004,서울특별시 영등포구 당산동2가,서울특별시 영등포구 양산로 86 (당산동2가),근린생활2,제2종근린생활시설,102018432,지번
1156011200101620004,서울특별시 영등포구 당산동2가,서울특별시 영등포구 양산로 86 (당산동2가),근린생활2,제2종근린생활시설,102018433,지번
1156011200101610033,서울특별시 영등포구 당산동2가,서울특별시 영등포구 양산로 88-4 (당산동2가),근린생활1,제1종근린생활시설,102018429,지번
1156012500100890016,서울특별시 영등포구 양평동1가,서울특별시 영등포구 선유로28길 6 (양평동1가),근린생활1,제1종근린생활시설,1020116378,지번
1156011300101510002,서울특별시 영등포구 당산동3가,서울특별시 영등포구 국회대로34길 5-1 (당산동3가),근린생활2,제2종근린생활시설,102018643,지번
1156011500100070039,서울특별시 영등포구 당산동5가,서울특별시 영등포구 당산로41길 24 (당산동5가),근린생활1,제1종근린생활시설,102019653,지번
1156012900100050000,서울특별시 영등포구 양평동5가,,근린생활2,제1종근린생활시설,1020117624,지번
1156012900100050000,서울특별시 영등포구 양평동5가,,근린생활2,제2종근린생활시설,1020117625,지번
1156012900100050000,서울특별시 영등포구 양평동5가,,근린생활2,단독주택,1020117628,지번
1156012900100050000,서울특별시 영등포구 양평동5가,,근린생활2,제2종근린생활시설,1020117630,지번
1156012600100330028,서울특별시 영등포구 양평동2가,서울특별시 영등포구 선유서로25길 6-1 (양평동2가),근린생활2,제2종근린생활시설,1020116537,지번
1156012600100330043,서울특별시 영등포구 양평동2가,서울특별시 영등포구 선유서로25길 2 (양평동2가),근린생활1,제1종근린생활시설,1020116545,지번
1156012900100880003,서울특별시 영등포구 양평동5가,서울특별시 영등포구 양평로22나길 2-1 (양평동5가),근린생활2,제2종근린생활시설,10201100277805,지번
1156011300103820000,서울특별시 영등포구 당산동3가,서울특별시 영등포구 당산로27길 5 (당산동3가),근린생활2,제2종근린생활시설,102018860,지번
1156012600100340015,서울특별시 영등포구 양평동2가,서울특별시 영등포구 영등포로5길 31 (양평동2가),근린생활1,제1종근린생활시설,1020116561,지번
1156011200101610013,서울특별시 영등포구 당산동2가,서울특별시 영등포구 양산로 90-4 (당산동2가),근린생활2,제2종근린생활시설,102018418,지번
1156012500101060002,서울특별시 영등포구 양평동1가,서울특별시 영등포구 선유로28길 2 (양평동1가),근린생활2,제2종근린생활시설,1020115695,지번
1156011300102950001,서울특별시 영등포구 당산동3가,서울특별시 영등포구 당산로28길 2 (당산동3가),근린생활2,제2종근린생활시설,102018785,지번
1156011300100240000,서울특별시 영등포구 당산동3가,서울특별시 영등포구 양산로23길 2 (당산동3가),근린생활2,제2종근린생활시설,102018513,지번
1156011300103360000,서울특별시 영등포구 당산동3가,서울특별시 영등포구 당산로 108 (당산동3가),근린생활2,제2종근린생활시설,102019044,지번
1156011200101470012,서울특별시 영등포구 당산동2가,서울특별시 영등포구 선유동1로 20-20 (당산동2가),근린생활1,제1종근린생활시설,102018389,지번
1156011300101810000,서울특별시 영등포구 당산동3가,서울특별시 영등포구 당산로32길 1-8 (당산동3가),근린생활2,제2종근린생활시설,102018673,지번
1156011300101530002,서울특별시 영등포구 당산동3가,서울특별시 영등포구 국회대로36길 4-3 (당산동3가),근린생활1,제1종근린생활시설,102018646,지번
1156012500101160016,서울특별시 영등포구 양평동1가,서울특별시 영등포구 영등포로13길 28-9 (양평동1가),근린생활1,제1종근린생활시설,1020115716,지번
1156012500102090009,서울특별시 영등포구 양평동1가,서울특별시 영등포구 선유서로26길 28-1 (양평동1가),근린생활1,제1종근린생활시설,1020115892,지번
1156011300103540000,서울특별시 영등포구 당산동3가,서울특별시 영등포구 당산로 111 (당산동3가),근린생활1,제1종근린생활시설,102018837,지번
1156011300103540000,서울특별시 영등포구 당산동3가,서울특별시 영등포구 당산로 111-1 (당산동3가),근린생활1,단독주택,102018838,지번
1156011300100560000,서울특별시 영등포구 당산동3가,서울특별시 영등포구 당산로28길 12-1 (당산동3가),근린생활2,제2종근린생활시설,102018548,지번
1156012500100890001,서울특별시 영등포구 양평동1가,서울특별시 영등포구 선유동1로 23 (양평동1가),근린생활2,제2종근린생활시설,1020115661,지번
1156012500102180000,서울특별시 영등포구 양평동1가,서울특별시 영등포구 영등포로13길 21 (양평동1가),근린생활1,공장,1000000000000004269399,지번
1156012500100990000,서울특별시 영등포구 양평동1가,서울특별시 영등포구 선유로 110 (양평동1가),근린생활1,제1종근린생활시설,1020115688,지번
1156012500102090010,서울특별시 영등포구 양평동1가,서울특별시 영등포구 선유서로26길 28-2 (양평동1가),근린생활2,제2종근린생활시설,1020115893,지번
1156012600100300004,서울특별시 영등포구 양평동2가,서울특별시 영등포구 선유서로 93 (양평동2가),근린생활2,제1종근린생활시설,1020116450,지번
1156011300100250003,서울특별시 영등포구 당산동3가,서울특별시 영등포구 양산로 131-1 (당산동3가),근린생활1,제1종근린생활시설,102018517,지번
1156012600100340018,서울특별시 영등포구 양평동2가,서울특별시 영등포구 선유서로25길 14 (양평동2가),근린생활1,제1종근린생활시설,1020116562,지번
1156012600100310016,서울특별시 영등포구 양평동2가,서울특별시 영등포구 영등포로5길 24-1 (양평동2가),근린생활1,제1종근린생활시설,1020116466,지번
1156012500102170003,서울특별시 영등포구 양평동1가,서울특별시 영등포구 선유서로28길 22-1 (양평동1가),근린생활2,제2종근린생활시설,1020115926,지번
1156012500102170005,서울특별시 영등포구 양평동1가,서울특별시 영등포구 영등포로11길 20 (양평동1가),근린생활2,제2종근린생활시설,1020115928,지번
1156011300104530000,서울특별시 영등포구 당산동3가,서울특별시 영등포구 당산로27길 22-2 (당산동3가),근린생활1,제1종근린생활시설,102018958,지번
1156011300104530000,서울특별시 영등포구 당산동3가,서울특별시 영등포구 당산로27길 22-3 (당산동3가),근린생활1,단독주택,102018959,지번
1156012900101250007,서울특별시 영등포구 양평동5가,서울특별시 영등포구 양평로22바길 4-1 (양평동5가),근린생활2,제2종근린생활시설,1020117775,지번
1156013200144330000,서울특별시 영등포구 신길동,서울특별시 영등포구 여의대방로 83 (신길동),근린생활2,제2종근린생활시설,10201100250348,지번
1156012500101160024,서울특별시 영등포구 양평동1가,서울특별시 영등포구 선유로 119 (양평동1가),근린생활2,제2종근린생활시설,1020115722,지번
1156012500101160036,서울특별시 영등포구 양평동1가,서울특별시 영등포구 영등포로13길 26 (양평동1가),근린생활1,제1종근린생활시설,1020115734,지번
1156012500102220019,서울특별시 영등포구 양평동1가,서울특별시 영등포구 선유서로30길 21-1 (양평동1가),근린생활2,제2종근린생활시설,1020115994,지번
1156011800102220009,서울특별시 영등포구 도림동,서울특별시 영등포구 도영로7가길 6 (도림동),근린생활2,제2종근린생활시설,10201100278029,지번
1156011500100280000,서울특별시 영등포구 당산동5가,서울특별시 영등포구 당산로 219 (당산동5가),근린생활2,제2종근린생활시설,102019692,지번
1156012900100720001,서울특별시 영등포구 양평동5가,서울특별시 영등포구 양평로22가길 4-1 (양평동5가),근린생활1,제1종근린생활시설,1020117713,지번
1156012700100410002,서울특별시 영등포구 양평동3가,서울특별시 영등포구 양산로9길 12-1 (양평동3가),근린생활2,제2종근린생활시설,1020116779,지번
1156011300100400000,서울특별시 영등포구 당산동3가,,근린생활2,제2종근린생활시설,102018533,지번
1156011300105380000,서울특별시 영등포구 당산동3가,서울특별시 영등포구 양산로 97-2 (당산동3가),근린생활2,제2종근린생활시설,102018998,지번
1156011200101610022,서울특별시 영등포구 당산동2가,서울특별시 영등포구 양산로 86-3 (당산동2가),근린생활1,제1종근린생활시설,102018426,지번
1156011200101610020,서울특별시 영등포구 당산동2가,서울특별시 영등포구 양산로 88 (당산동2가),근린생활1,제1종근린생활시설,102018424,지번
1156013300110500010,서울특별시 영등포구 대림동,서울특별시 영등포구 도림로 133 (대림동),근린생활1,제1종근린생활시설,1020134085,지번
1156012800100550001,서울특별시 영등포구 양평동4가,서울특별시 영등포구 선유로 259 (양평동4가),근린생활1,제1종근린생활시설,1020117102,지번
1156011300103260003,서울특별시 영등포구 당산동3가,서울특별시 영등포구 양산로 127-1 (당산동3가),근린생활1,제1종근린생활시설,102018812,지번
1156011200101610021,서울특별시 영등포구 당산동2가,서울특별시 영등포구 양산로 86-1 (당산동2가),근린생활1,제1종근린생활시설,102018425,지번
1156012500100890012,서울특별시 영등포구 양평동1가,서울특별시 영등포구 선유동1로 19 (양평동1가),근린생활1,제1종근린생활시설,1020115668,지번
1156012600100310009,서울특별시 영등포구 양평동2가,서울특별시 영등포구 선유서로25길 7-3 (양평동2가),근린생활2,제2종근린생활시설,1020116459,지번
1156012600100340013,서울특별시 영등포구 양평동2가,서울특별시 영등포구 영등포로5길 33 (양평동2가),근린생활1,제1종근린생활시설,1020116559,지번
1156012500101160042,서울특별시 영등포구 양평동1가,서울특별시 영등포구 선유로27길 4-1 (양평동1가),근린생활1,제1종근린생활시설,1020115740,지번
1156011300103960000,서울특별시 영등포구 당산동3가,서울특별시 영등포구 당산로31길 17 (당산동3가),근린생활2,단독주택,102018919,지번
1156011300103960000,서울특별시 영등포구 당산동3가,서울특별시 영등포구 당산로31길 15 (당산동3가),근린생활2,단독주택,102018920,지번
1156011300103960000,서울특별시 영등포구 당산동3가,서울특별시 영등포구 당산로31길 15 (당산동3가),근린생활2,제2종근린생활시설,102019056,지번
1156011300103060000,서울특별시 영등포구 당산동3가,서울특별시 영등포구 양산로23길 3-1 (당산동3가),근린생활1,제1종근린생활시설,102018793,지번
1156012500101200008,서울특별시 영등포구 양평동1가,서울특별시 영등포구 영등포로13길 20-5 (양평동1가),근린생활2,제2종근린생활시설,1020115760,지번
1156012600100330014,서울특별시 영등포구 양평동2가,서울특별시 영등포구 영등포로5길 38 (양평동2가),근린생활1,제1종근린생활시설,1020116526,지번
1156011300103490000,서울특별시 영등포구 당산동3가,서울특별시 영등포구 당산로 109-4 (당산동3가),근린생활1,제1종근린생활시설,102018832,지번
1156011300103500000,서울특별시 영등포구 당산동3가,서울특별시 영등포구 당산로 109-2 (당산동3가),근린생활1,제1종근린생활시설,102018833,지번
1156012500100890006,서울특별시 영등포구 양평동1가,서울특별시 영등포구 선유로28길 8-5 (양평동1가),근린생활1,제1종근린생활시설,1020115663,지번
1156012500100890024,서울특별시 영등포구 양평동1가,서울특별시 영등포구 선유로28길 8-8 (양평동1가),근린생활1,제1종근린생활시설,1020115672,지번
1156012500100890034,서울특별시 영등포구 양평동1가,서울특별시 영등포구 선유동1로 17-9 (양평동1가),근린생활1,제1종근린생활시설,1020115680,지번
1156012500100890033,서울특별시 영등포구 양평동1가,서울특별시 영등포구 선유동1로 17-7 (양평동1가),근린생활2,제2종근린생활시설,1020115679,지번
1156012900101200003,서울특별시 영등포구 양평동5가,서울특별시 영등포구 양평로22길 31-3 (양평동5가),근린생활2,제2종근린생활시설,1020117748,지번
1156011300103040000,서울특별시 영등포구 당산동3가,서울특별시 영등포구 당산로26길 7-1 (당산동3가),근린생활1,제1종근린생활시설,102018791,지번
1156011300102980000,서울특별시 영등포구 당산동3가,서울특별시 영등포구 당산로26길 1 (당산동3가),근린생활1,제1종근린생활시설,102018786,지번
1156011300103000000,서울특별시 영등포구 당산동3가,서울특별시 영등포구 당산로26길 5 (당산동3가),근린생활1,제1종근린생활시설,102018788,지번
1156011300103700005,서울특별시 영등포구 당산동3가,서울특별시 영등포구 양산로 107 (당산동3가),근린생활2,제2종근린생활시설,102019045,지번
1156012600100310045,서울특별시 영등포구 양평동2가,서울특별시 영등포구 영등포로5길 22-1 (양평동2가),근린생활2,제2종근린생활시설,1020116489,지번
1156012600100310047,서울특별시 영등포구 양평동2가,서울특별시 영등포구 영등포로5길 22-4 (양평동2가),근린생활1,제1종근린생활시설,1020116490,지번
1156012600100310047,서울특별시 영등포구 양평동2가,서울특별시 영등포구 영등포로5길 22-4 (양평동2가),근린생활1,제2종근린생활시설,1020116491,지번
1156011300100300000,서울특별시 영등포구 당산동3가,서울특별시 영등포구 양산로 133-1 (당산동3가),근린생활1,제1종근린생활시설,102018524,지번
1156011200101620007,서울특별시 영등포구 당산동2가,서울특별시 영등포구 선유동1로 28 (당산동2가),근린생활2,제2종근린생활시설,102018435,지번
1156011200101610016,서울특별시 영등포구 당산동2가,서울특별시 영등포구 선유동1로 24-13 (당산동2가),근린생활1,제1종근린생활시설,102018421,지번
1156011300103780000,서울특별시 영등포구 당산동3가,서울특별시 영등포구 당산로 113 (당산동3가),근린생활1,제1종근린생활시설,102018857,지번
1156011100103080001,서울특별시 영등포구 당산동1가,서울특별시 영등포구 양산로 124 (당산동1가),근린생활2,제2종근린생활시설,102018008,지번
1156011300103730000,서울특별시 영등포구 당산동3가,서울특별시 영등포구 당산로27길 3 (당산동3가),근린생활1,제1종근린생활시설,102018852,지번
1156011300102780002,서울특별시 영등포구 당산동3가,서울특별시 영등포구 당산로28길 5 (당산동3가),근린생활2,제2종근린생활시설,102018775,지번
1156011100103070000,서울특별시 영등포구 당산동1가,서울특별시 영등포구 양산로 126 (당산동1가),근린생활2,제2종근린생활시설,102018007,지번
1156011300103410000,서울특별시 영등포구 당산동3가,서울특별시 영등포구 양산로 123 (당산동3가),근린생활1,제1종근린생활시설,102018827,지번
1156011200101610019,서울특별시 영등포구 당산동2가,서울특별시 영등포구 양산로 88-1 (당산동2가),근린생활1,제1종근린생활시설,102018423,지번
1156012700100010002,서울특별시 영등포구 양평동3가,서울특별시 영등포구 양산로 77 (양평동3가),근린생활2,제2종근린생활시설,1020116689,지번
1156012500100890025,서울특별시 영등포구 양평동1가,서울특별시 영등포구 선유로28길 6-7 (양평동1가),근린생활1,제1종근린생활시설,1020115673,지번
1156011100103080002,서울특별시 영등포구 당산동1가,서울특별시 영등포구 당산로 104 (당산동1가),근린생활1,제1종근린생활시설,102018009,지번
1156011200101610014,서울특별시 영등포구 당산동2가,서울특별시 영등포구 양산로 90-6 (당산동2가),근린생활1,제1종근린생활시설,102018419,지번
1156011200101620003,서울특별시 영등포구 당산동2가,서울특별시 영등포구 양산로 84 (당산동2가),근린생활2,제2종근린생활시설,102018431,지번
1156011200101620006,서울특별시 영등포구 당산동2가,서울특별시 영등포구 양산로 84-1 (당산동2가),근린생활2,제2종근린생활시설,102018434,지번
1156011200101470001,서울특별시 영등포구 당산동2가,서울특별시 영등포구 선유동1로 20 (당산동2가),근린생활1,숙박시설,102018381,지번
1156011200101470001,서울특별시 영등포구 당산동2가,서울특별시 영등포구 선유동1로 20-6 (당산동2가),근린생활1,제1종근린생활시설,102018382,지번
1156012500102190002,서울특별시 영등포구 양평동1가,서울특별시 영등포구 선유서로30길 24 (양평동1가),근린생활1,제1종근린생활시설,1020115954,지번
1156011200101610007,서울특별시 영등포구 당산동2가,서울특별시 영등포구 양산로 90 (당산동2가),근린생활1,제1종근린생활시설,102018415,지번
1156012600100330024,서울특별시 영등포구 양평동2가,서울특별시 영등포구 영등포로5길 36 (양평동2가),근린생활1,제1종근린생활시설,1020116534,지번
1156012800100810000,서울특별시 영등포구 양평동4가,서울특별시 영등포구 선유로47길 16 (양평동4가),근린생활2,제2종근린생활시설,10201100196194,지번
1156012800100730004,서울특별시 영등포구 양평동4가,서울특별시 영등포구 양평로19길 1-1 (양평동4가),근린생활1,제1종근린생활시설,1020117132,지번
1156012700100320004,서울특별시 영등포구 양평동3가,서울특별시 영등포구 선유서로31길 4-4 (양평동3가),근린생활1,제1종근린생활시설,1020116744,지번
1156011300103150000,서울특별시 영등포구 당산동3가,서울특별시 영등포구 당산로 110 (당산동3가),근린생활2,제2종근린생활시설,102019042,지번
1156011300103790002,서울특별시 영등포구 당산동3가,서울특별시 영등포구 당산로27길 1 (당산동3가),근린생활2,제2종근린생활시설,102018858,지번
1156011100102700000,서울특별시 영등포구 당산동1가,서울특별시 영등포구 양산로 134-1 (당산동1가),근린생활1,제1종근린생활시설,102017967,지번
1156011300100640000,서울특별시 영등포구 당산동3가,서울특별시 영등포구 당산로26길 11 (당산동3가),근린생활1,제1종근린생활시설,102018553,지번
1156011100102750000,서울특별시 영등포구 당산동1가,서울특별시 영등포구 양산로 130 (당산동1가),근린생활1,제1종근린생활시설,102017972,지번
1156011100102730000,서울특별시 영등포구 당산동1가,서울특별시 영등포구 양산로 132 (당산동1가),근린생활1,제1종근린생활시설,102017970,지번
1156011100102710000,서울특별시 영등포구 당산동1가,서울특별시 영등포구 양산로 134 (당산동1가),근린생활2,제2종근린생활시설,102017968,지번
1156011300103130000,서울특별시 영등포구 당산동3가,서울특별시 영등포구 당산로26길 4 (당산동3가),근린생활2,제2종근린생활시설,102018800,지번
1156011300103420007,서울특별시 영등포구 당산동3가,서울특별시 영등포구 양산로 125-1 (당산동3가),근린생활2,제2종근린생활시설,102018831,지번
1156011300100210000,서울특별시 영등포구 당산동3가,서울특별시 영등포구 양산로23길 4 (당산동3가),근린생활1,제1종근린생활시설,102018511,지번
1156011100102670000,서울특별시 영등포구 당산동1가,서울특별시 영등포구 양산로 138 (당산동1가),근린생활1,제1종근린생활시설,102017964,지번
1156011100102680000,서울특별시 영등포구 당산동1가,서울특별시 영등포구 양산로 136-1 (당산동1가),근린생활1,제1종근린생활시설,102017965,지번
1156011100102690000,서울특별시 영등포구 당산동1가,서울특별시 영등포구 양산로 136 (당산동1가),근린생활1,제1종근린생활시설,102017966,지번
1156011300100520000,서울특별시 영등포구 당산동3가,서울특별시 영등포구 당산로28길 14 (당산동3가),근린생활1,제1종근린생활시설,102018544,지번
1156011300100270000,서울특별시 영등포구 당산동3가,서울특별시 영등포구 양산로 137 (당산동3가),근린생활2,제2종근린생활시설,102018522,지번
1156012600100360002,서울특별시 영등포구 양평동2가,서울특별시 영등포구 영등포로3길 16 (양평동2가),근린생활1,제1종근린생활시설,1020116574,지번
1156011200101610024,서울특별시 영등포구 당산동2가,서울특별시 영등포구 양산로 88-6 (당산동2가),근린생활1,제1종근린생활시설,102018427,지번
1156012500100890028,서울특별시 영등포구 양평동1가,서울특별시 영등포구 선유동1로 17-8 (양평동1가),근린생활1,제1종근린생활시설,1020115676,지번
1156011300102990000,서울특별시 영등포구 당산동3가,서울특별시 영등포구 당산로26길 3 (당산동3가),근린생활1,제1종근린생활시설,102018787,지번
1156011300103380000,서울특별시 영등포구 당산동3가,서울특별시 영등포구 양산로 121 (당산동3가),근린생활1,제1종근린생활시설,102018823,지번
1156012600100320007,서울특별시 영등포구 양평동2가,서울특별시 영등포구 영등포로5길 14-2 (양평동2가),근린생활2,제2종근린생활시설,1020116511,지번
1156012600100320007,서울특별시 영등포구 양평동2가,서울특별시 영등포구 영등포로5길 14-2 (양평동2가),근린생활2,제2종근린생활시설,1020116512,지번
1156012600100320007,서울특별시 영등포구 양평동2가,서울특별시 영등포구 영등포로5길 14 (양평동2가),근린생활2,제2종근린생활시설,1020116513,지번
1156011300100290000,서울특별시 영등포구 당산동3가,서울특별시 영등포구 양산로 133-2 (당산동3가),근린생활1,제1종근린생활시설,102018523,지번
1156012600100330048,서울특별시 영등포구 양평동2가,서울특별시 영등포구 선유서로 103-3 (양평동2가),근린생활1,제1종근린생활시설,1020116547,지번
1156011300105580000,서울특별시 영등포구 당산동3가,서울특별시 영등포구 당산로31길 25 (당산동3가),근린생활1,제1종근린생활시설,102019028,지번
1156012800101310000,서울특별시 영등포구 양평동4가,서울특별시 영등포구 양평로22길 2-2 (양평동4가),근린생활2,제2종근린생활시설,1020117228,지번
1156012800101310001,서울특별시 영등포구 양평동4가,,근린생활2,제2종근린생활시설,1020117227,지번
1156012600100400002,서울특별시 영등포구 양평동2가,서울특별시 영등포구 영등포로3길 5 (양평동2가),근린생활2,제2종근린생활시설,1020116611,지번
1156012600100330038,서울특별시 영등포구 양평동2가,서울특별시 영등포구 영등포로5길 32 (양평동2가),근린생활1,제1종근린생활시설,1020116542,지번
1156012600100330036,서울특별시 영등포구 양평동2가,서울특별시 영등포구 영등포로5길 34 (양평동2가),근린생활1,제1종근린생활시설,1020116540,지번
1156012500100890010,서울특별시 영등포구 양평동1가,서울특별시 영등포구 선유로28길 8-9 (양평동1가),근린생활1,제1종근린생활시설,1020115667,지번
1156012500100890022,서울특별시 영등포구 양평동1가,서울특별시 영등포구 선유로28길 6-5 (양평동1가),근린생활1,제1종근린생활시설,1020115671,지번
1156012500100890008,서울특별시 영등포구 양평동1가,서울특별시 영등포구 선유동1로 21 (양평동1가),근린생활1,제1종근린생활시설,1020115665,지번
1156011200101610002,서울특별시 영등포구 당산동2가,서울특별시 영등포구 영등포로19길 25-1 (당산동2가),근린생활2,제2종근린생활시설,102018457,지번
1156011200101610012,서울특별시 영등포구 당산동2가,서울특별시 영등포구 선유동1로 24-17 (당산동2가),근린생활1,제1종근린생활시설,102018417,지번
1156012500101200029,서울특별시 영등포구 양평동1가,서울특별시 영등포구 선유로25길 6-5 (양평동1가),근린생활1,제1종근린생활시설,1020115777,지번
1156012500102160002,서울특별시 영등포구 양평동1가,서울특별시 영등포구 선유서로26길 29 (양평동1가),근린생활2,제2종근린생활시설,1020116380,지번
1156012500100890027,서울특별시 영등포구 양평동1가,서울특별시 영등포구 선유로28길 8-10 (양평동1가),근린생활1,제1종근린생활시설,1020115675,지번
1156012500102110001,서울특별시 영등포구 양평동1가,서울특별시 영등포구 선유서로24길 21 (양평동1가),근린생활1,노유자시설,1020115903,지번
1156012500102110001,서울특별시 영등포구 양평동1가,서울특별시 영등포구 영등포로11길 12 (양평동1가),근린생활1,제1종근린생활시설,1020115904,지번
1156012500101160040,서울특별시 영등포구 양평동1가,서울특별시 영등포구 선유로27길 6-1 (양평동1가),근린생활1,제1종근린생활시설,1020115738,지번
1156012500101160006,서울특별시 영등포구 양평동1가,서울특별시 영등포구 양산로 64 (양평동1가),근린생활1,제1종근린생활시설,1020115707,지번
1156012500101160044,서울특별시 영등포구 양평동1가,서울특별시 영등포구 선유로27길 4 (양평동1가),근린생활1,제1종근린생활시설,1020115742,지번
1156012500102220020,서울특별시 영등포구 양평동1가,서울특별시 영등포구 선유서로30길 21-2 (양평동1가),근린생활1,제1종근린생활시설,1020115995,지번
1156012500102220021,서울특별시 영등포구 양평동1가,서울특별시 영등포구 선유서로30길 23 (양평동1가),근린생활1,제1종근린생활시설,1020115996,지번
1156012600100330025,서울특별시 영등포구 양평동2가,서울특별시 영등포구 선유서로25길 6-9 (양평동2가),근린생활2,제2종근린생활시설,1020116535,지번
1156011400100590000,서울특별시 영등포구 당산동4가,서울특별시 영등포구 당산로35길 4-13 (당산동4가),근린생활1,제1종근린생활시설,102019447,지번
1156011300102900000,서울특별시 영등포구 당산동3가,서울특별시 영등포구 당산로28길 4 (당산동3가),근린생활2,제2종근린생활시설,102018783,지번
1156011100103060000,서울특별시 영등포구 당산동1가,서울특별시 영등포구 양산로 128 (당산동1가),근린생활1,제1종근린생활시설,102018005,지번
1156011200101620008,서울특별시 영등포구 당산동2가,서울특별시 영등포구 선유동1로 26 (당산동2가),근린생활1,제1종근린생활시설,102018436,지번
1156012500100890030,서울특별시 영등포구 양평동1가,서울특별시 영등포구 선유동1로 17 (양평동1가),근린생활2,제2종근린생활시설,1020115678,지번
1156011300100620000,서울특별시 영등포구 당산동3가,서울특별시 영등포구 양산로23길 6-1 (당산동3가),근린생활1,제1종근린생활시설,102018551,지번
1156011300103280000,서울특별시 영등포구 당산동3가,서울특별시 영등포구 양산로 127 (당산동3가),근린생활1,제1종근린생활시설,102018814,지번
1156011400100920000,서울특별시 영등포구 당산동4가,서울특별시 영등포구 국회대로29길 3 (당산동4가),근린생활1,제1종근린생활시설,102019510,지번
1156011400100920000,서울특별시 영등포구 당산동4가,서울특별시 영등포구 국회대로29길 5 (당산동4가),근린생활1,공동주택,102019575,지번
1156012900100070002,서울특별시 영등포구 양평동5가,서울특별시 영등포구 양평로21다길 15-1 (양평동5가),근린생활2,제2종근린생활시설,1020117638,지번
1156012700100300025,서울특별시 영등포구 양평동3가,서울특별시 영등포구 양산로1길 9 (양평동3가),근린생활2,제2종근린생활시설,10201100194474,지번
1156012600100300001,서울특별시 영등포구 양평동2가,서울특별시 영등포구 선유서로25길 1 (양평동2가),근린생활2,종교시설,1020116448,지번
1156012600100300001,서울특별시 영등포구 양평동2가,서울특별시 영등포구 선유서로25길 1 (양평동2가),근린생활2,제2종근린생활시설,1020116449,지번
1156012500100890007,서울특별시 영등포구 양평동1가,서울특별시 영등포구 선유로28길 8-7 (양평동1가),근린생활1,제1종근린생활시설,1020115664,지번
1156012700100010001,서울특별시 영등포구 양평동3가,서울특별시 영등포구 양산로 79 (양평동3가),근린생활2,제2종근린생활시설,1020116688,지번
1156012500101060003,서울특별시 영등포구 양평동1가,서울특별시 영등포구 선유로 118 (양평동1가),근린생활1,제1종근린생활시설,1020115696,지번
1156012500100890013,서울특별시 영등포구 양평동1가,서울특별시 영등포구 선유동1로 17-2 (양평동1가),근린생활1,제1종근린생활시설,1020115669,지번
1156012500102190004,서울특별시 영등포구 양평동1가,서울특별시 영등포구 선유서로30길 22 (양평동1가),근린생활1,제1종근린생활시설,1020115956,지번
1156012500101160003,서울특별시 영등포구 양평동1가,서울특별시 영등포구 양산로 66 (양평동1가),근린생활2,제2종근린생활시설,1020115704,지번
1156012500101160048,서울특별시 영등포구 양평동1가,서울특별시 영등포구 선유로27길 2 (양평동1가),근린생활2,제2종근린생활시설,1020115743,지번
1156012800102190001,서울특별시 영등포구 양평동4가,서울특별시 영등포구 양평로20길 17-1 (양평동4가),근린생활1,제1종근린생활시설,1020117384,지번
1156012700100770042,서울특별시 영등포구 양평동3가,서울특별시 영등포구 선유로40길 12 (양평동3가),근린생활1,제1종근린생활시설,1020116872,지번
1156012600100360019,서울특별시 영등포구 양평동2가,서울특별시 영등포구 선유서로25길 18-12 (양평동2가),근린생활2,제2종근린생활시설,1020116589,지번
1156012800101880000,서울특별시 영등포구 양평동4가,서울특별시 영등포구 선유로53길 33 (양평동4가),근린생활1,제1종근린생활시설,1020117339,지번
1156012600100360014,서울특별시 영등포구 양평동2가,서울특별시 영등포구 선유서로25길 18 (양평동2가),근린생활1,제1종근린생활시설,1020116586,지번
1156012600100330015,서울특별시 영등포구 양평동2가,서울특별시 영등포구 선유서로25길 6-2 (양평동2가),근린생활1,제1종근린생활시설,1020116527,지번
1156011300103750000,서울특별시 영등포구 당산동3가,서울특별시 영등포구 당산로 111-2 (당산동3가),근린생활1,제1종근린생활시설,102018854,지번
1156012500100890002,서울특별시 영등포구 양평동1가,서울특별시 영등포구 선유로28길 8-3 (양평동1가),근린생활2,제2종근린생활시설,1020115662,지번
1156011200101610011,서울특별시 영등포구 당산동2가,서울특별시 영등포구 양산로 90-5 (당산동2가),근린생활1,제1종근린생활시설,102018416,지번
1156011300103700000,서울특별시 영등포구 당산동3가,서울특별시 영등포구 양산로19길 8 (당산동3가),근린생활2,제2종근린생활시설,102018849,지번
1156011300102490000,서울특별시 영등포구 당산동3가,서울특별시 영등포구 당산로28길 9 (당산동3가),근린생활1,제1종근린생활시설,102018757,지번
1156011300102870000,서울특별시 영등포구 당산동3가,서울특별시 영등포구 당산로28길 6 (당산동3가),근린생활2,제2종근린생활시설,102018782,지번
1156011200101610001,서울특별시 영등포구 당산동2가,서울특별시 영등포구 양산로 92 (당산동2가),근린생활1,제1종근린생활시설,102018413,지번
1156011300102780001,서울특별시 영등포구 당산동3가,서울특별시 영등포구 당산로28길 5-1 (당산동3가),근린생활1,제1종근린생활시설,102018774,지번
1156012500100740000,서울특별시 영등포구 양평동1가,서울특별시 영등포구 선유동1로 13-6 (양평동1가),근린생활1,제1종근린생활시설,1020115647,지번
1156012500100710000,서울특별시 영등포구 양평동1가,서울특별시 영등포구 선유동1로 13-12 (양평동1가),근린생활1,제1종근린생활시설,1020115644,지번
1156012200100100007,서울특별시 영등포구 문래동4가,서울특별시 영등포구 선유로 26-1 (문래동4가),근린생활1,제1종근린생활시설,1020114639,지번
1156013300108010009,서울특별시 영등포구 대림동,서울특별시 영등포구 가마산로31길 26-1 (대림동),근린생활1,제1종근린생활시설,1020131565,지번
1156013300106640002,서울특별시 영등포구 대림동,서울특별시 영등포구 대림로44길 4 (대림동),근린생활1,제1종근린생활시설,1020130313,지번
1156013300106530007,서울특별시 영등포구 대림동,서울특별시 영등포구 대림로40다길 11 (대림동),근린생활1,제1종근린생활시설,1020130200,지번
1156013300106510000,서울특별시 영등포구 대림동,서울특별시 영등포구 대림로 252 (대림동),근린생활1,제1종근린생활시설,1020130177,지번
1156013300106050038,서울특별시 영등포구 대림동,서울특별시 영등포구 도신로8길 14 (대림동),근린생활1,제1종근린생활시설,1020130146,지번
1156012200100110036,서울특별시 영등포구 문래동4가,서울특별시 영등포구 도림로145길 6 (문래동4가),근린생활1,제1종근린생활시설,1020114685,지번
1156012200100130001,서울특별시 영등포구 문래동4가,서울특별시 영등포구 도림로145길 5 (문래동4가),근린생활2,제2종근린생활시설,1020114722,지번
1156012200100230005,서울특별시 영등포구 문래동4가,서울특별시 영등포구 도림로141나길 19 (문래동4가),근린생활1,제1종근린생활시설,1020114849,지번
1156012200100120027,서울특별시 영등포구 문래동4가,서울특별시 영등포구 도림로141나길 16-2 (문래동4가),근린생활1,제1종근린생활시설,1020114715,지번
1156012200100120031,서울특별시 영등포구 문래동4가,서울특별시 영등포구 도림로143길 8-1 (문래동4가),근린생활2,제2종근린생활시설,1020114719,지번
1156012200100320007,서울특별시 영등포구 문래동4가,서울특별시 영등포구 도림로143길 17 (문래동4가),근린생활1,제1종근린생활시설,1020115029,지번
1156012200100270001,서울특별시 영등포구 문래동4가,서울특별시 영등포구 도림로141나길 35-1 (문래동4가),근린생활1,제1종근린생활시설,1020114900,지번
1156012200100270001,서울특별시 영등포구 문래동4가,서울특별시 영등포구 도림로141나길 35-1 (문래동4가),근린생활1,제1종근린생활시설,1020114901,지번
1156012200100280006,서울특별시 영등포구 문래동4가,서울특별시 영등포구 도림로147길 18-1 (문래동4가),근린생활1,제1종근린생활시설,1020114921,지번
1156012200100280005,서울특별시 영등포구 문래동4가,서울특별시 영등포구 선유로 18 (문래동4가),근린생활1,제1종근린생활시설,1020114920,지번
1156011800102290027,서울특별시 영등포구 도림동,서울특별시 영등포구 도신로15길 32 (도림동),근린생활1,제1종근린생활시설,1020112630,지번
1156012200100360008,서울특별시 영등포구 문래동4가,서울특별시 영등포구 경인로77길 42-1 (문래동4가),근린생활1,제1종근린생활시설,1020115137,지번
1156012200100360007,서울특별시 영등포구 문래동4가,서울특별시 영등포구 경인로77길 42 (문래동4가),근린생활1,제1종근린생활시설,1020115136,지번
1156012200100170013,서울특별시 영등포구 문래동4가,서울특별시 영등포구 도림로141길 6-3 (문래동4가),근린생활2,제2종근린생활시설,1020114765,지번
1156012100100550005,서울특별시 영등포구 문래동3가,서울특별시 영등포구 당산로 34 (문래동3가),판매시설,판매시설,1020114222,지번
1156011800101870042,서울특별시 영등포구 도림동,서울특별시 영등포구 도영로11길 2 (도림동),근린생활2,제2종근린생활시설,1020112401,지번
1156012500101640024,서울특별시 영등포구 양평동1가,서울특별시 영등포구 영등포로 71 (양평동1가),근린생활2,제2종근린생활시설,1020115844,지번
1156012100100550003,서울특별시 영등포구 문래동3가,서울특별시 영등포구 당산로 42 (문래동3가),판매시설,판매시설,1020114221,지번
1156012000100110008,서울특별시 영등포구 문래동2가,서울특별시 영등포구 도림로 423-1 (문래동2가),근린생활1,제1종근린생활시설,1020113576,지번
1156012100100540060,서울특별시 영등포구 문래동3가,서울특별시 영등포구 도림로126길 13 (문래동3가),근린생활1,제1종근린생활시설,1020114426,지번
1156012100100540060,서울특별시 영등포구 문래동3가,서울특별시 영등포구 도림로126길 15 (문래동3가),근린생활1,제1종근린생활시설,1020114427,지번
1156013300106770003,서울특별시 영등포구 대림동,서울특별시 영등포구 가마산로46길 14 (대림동),근린생활1,제1종근린생활시설,1020130435,지번
1156011900100880000,서울특별시 영등포구 문래동1가,서울특별시 영등포구 경인로74길 8 (문래동1가),근린생활1,제1종근린생활시설,1020113516,지번
1156011200100480039,서울특별시 영등포구 당산동2가,서울특별시 영등포구 선유동1로2길 6-1 (당산동2가),근린생활1,제1종근린생활시설,102018284,지번
1156011200100520000,서울특별시 영등포구 당산동2가,서울특별시 영등포구 선유동1로2길 4 (당산동2가),근린생활1,제1종근린생활시설,102018290,지번
1156012500100130009,서울특별시 영등포구 양평동1가,서울특별시 영등포구 문래북로 33-2 (양평동1가),근린생활2,제2종근린생활시설,1020115558,지번
1156012500100770000,서울특별시 영등포구 양평동1가,서울특별시 영등포구 선유동1로 13-2 (양평동1가),근린생활1,숙박시설,1020115649,지번
1156011200100300007,서울특별시 영등포구 당산동2가,서울특별시 영등포구 영등포로 93-2 (당산동2가),근린생활1,제1종근린생활시설,102018245,지번
1156012500101680000,서울특별시 영등포구 양평동1가,,근린생활2,제2종근린생활시설,1020115848,지번
1156012200100330002,서울특별시 영등포구 문래동4가,서울특별시 영등포구 도림로141라길 5-1 (문래동4가),근린생활2,제2종근린생활시설,1020115079,지번
1156012200100080035,서울특별시 영등포구 문래동4가,서울특별시 영등포구 도림로141가길 28-1 (문래동4가),근린생활2,제2종근린생활시설,1020114620,지번
1156012200100100019,서울특별시 영등포구 문래동4가,서울특별시 영등포구 도림로141다길 38 (문래동4가),근린생활1,제1종근린생활시설,1020114651,지번
1156012500101720000,서울특별시 영등포구 양평동1가,서울특별시 영등포구 선유로23길 11-2 (양평동1가),근린생활1,제1종근린생활시설,1020115852,지번
1156012500100130014,서울특별시 영등포구 양평동1가,서울특별시 영등포구 문래북로 37 (양평동1가),근린생활1,제2종근린생활시설,1000000000000005135571,지번
1156012500100090012,서울특별시 영등포구 양평동1가,서울특별시 영등포구 영등포로18길 2 (양평동1가),근린생활2,제2종근린생활시설,1020115524,지번
1156011200100880000,서울특별시 영등포구 당산동2가,서울특별시 영등포구 선유동1로2길 3 (당산동2가),근린생활1,제1종근린생활시설,102018326,지번
1156011200100890000,서울특별시 영등포구 당산동2가,서울특별시 영등포구 선유동1로2길 3-1 (당산동2가),근린생활2,제2종근린생활시설,102018327,지번
1156012100100540048,서울특별시 영등포구 문래동3가,서울특별시 영등포구 도림로126길 18 (문래동3가),근린생활1,제1종근린생활시설,1020114218,지번
1156012100100540046,서울특별시 영등포구 문래동3가,서울특별시 영등포구 경인로 757 (문래동3가),근린생활1,제1종근린생활시설,1020114212,지번
1156012100100540046,서울특별시 영등포구 문래동3가,서울특별시 영등포구 경인로 757 (문래동3가),근린생활1,제1종근린생활시설,1020114213,지번
1156011900100820002,서울특별시 영등포구 문래동1가,서울특별시 영등포구 경인로74길 7 (문래동1가),근린생활1,제1종근린생활시설,1020113493,지번
1156012000100450009,서울특별시 영등포구 문래동2가,서울특별시 영등포구 도림로139길 9 (문래동2가),근린생활1,제1종근린생활시설,1020113834,지번
1156012000100460005,서울특별시 영등포구 문래동2가,서울특별시 영등포구 도림로139길 11 (문래동2가),근린생활2,제2종근린생활시설,1020113836,지번
1156012000100590001,서울특별시 영등포구 문래동2가,서울특별시 영등포구 도림로141길 5 (문래동2가),근린생활1,제1종근린생활시설,1020113898,지번
1156012000100140015,서울특별시 영등포구 문래동2가,서울특별시 영등포구 도림로131길 17 (문래동2가),근린생활2,제2종근린생활시설,1020113600,지번
1156012000100480004,서울특별시 영등포구 문래동2가,서울특별시 영등포구 경인로79길 23 (문래동2가),근린생활1,제1종근린생활시설,1020113846,지번
1156012000100560007,서울특별시 영등포구 문래동2가,서울특별시 영등포구 도림로141길 19 (문래동2가),근린생활1,제1종근린생활시설,1020113880,지번
1156012000100560007,서울특별시 영등포구 문래동2가,서울특별시 영등포구 도림로141길 19 (문래동2가),근린생활1,제1종근린생활시설,1020113881,지번
1156012200100110033,서울특별시 영등포구 문래동4가,서울특별시 영등포구 도림로141가길 27-2 (문래동4가),근린생활1,제1종근린생활시설,1020114682,지번
1156012200100320006,서울특별시 영등포구 문래동4가,서울특별시 영등포구 도림로141다길 9 (문래동4가),근린생활1,제1종근린생활시설,1020115028,지번
1156011200100030000,서울특별시 영등포구 당산동2가,서울특별시 영등포구 당산로 69 (당산동2가),근린생활1,제1종근린생활시설,102018211,지번
1156012600100290031,서울특별시 영등포구 양평동2가,서울특별시 영등포구 선유서로 85 (양평동2가),근린생활2,제2종근린생활시설,1020116445,지번
1156012500100090020,서울특별시 영등포구 양평동1가,서울특별시 영등포구 영등포로18길 6-1 (양평동1가),근린생활2,제2종근린생활시설,1020115530,지번
1156012500100090034,서울특별시 영등포구 양평동1가,서울특별시 영등포구 선유로 86 (양평동1가),근린생활2,제2종근린생활시설,1020115537,지번
1156012500100090034,서울특별시 영등포구 양평동1가,서울특별시 영등포구 선유로 86 (양평동1가),근린생활2,제2종근린생활시설,1020115538,지번
1156011100103350000,서울특별시 영등포구 당산동1가,서울특별시 영등포구 당산로18길 5 (당산동1가),근린생활2,제2종근린생활시설,102018041,지번
1156011100102560195,서울특별시 영등포구 당산동1가,서울특별시 영등포구 당산로10길 9 (당산동1가),근린생활2,제2종근린생활시설,102017886,지번
1156011100102560195,서울특별시 영등포구 당산동1가,서울특별시 영등포구 당산로12길 10 (당산동1가),근린생활2,단독주택,102017935,지번
1156011900100420002,서울특별시 영등포구 문래동1가,서울특별시 영등포구 경인로80길  (문래동1가),근린생활1,제1종근린생활시설,1020113549,지번
1156012300100050000,서울특별시 영등포구 문래동5가,서울특별시 영등포구 선유로3길 7-3 (문래동5가),근린생활1,제1종근린생활시설,1020115219,지번
1156012000100060002,서울특별시 영등포구 문래동2가,서울특별시 영등포구 경인로79길 4 (문래동2가),근린생활1,제1종근린생활시설,1020113562,지번
1156012000100060002,서울특별시 영등포구 문래동2가,서울특별시 영등포구 경인로79길 4 (문래동2가),근린생활1,단독주택,1020113563,지번
1156012000100140044,서울특별시 영등포구 문래동2가,서울특별시 영등포구 도림로133길 4 (문래동2가),근린생활2,제2종근린생활시설,1020113622,지번
1156012000100140081,서울특별시 영등포구 문래동2가,서울특별시 영등포구 도림로125가길 4-3 (문래동2가),근린생활1,제1종근린생활시설,1020113659,지번
1156012100100580069,서울특별시 영등포구 문래동3가,서울특별시 영등포구 도림로 434-6 (문래동3가),근린생활1,제1종근린생활시설,1020114303,지번
1156012000100140025,서울특별시 영등포구 문래동2가,서울특별시 영등포구 도림로 435 (문래동2가),근린생활2,제2종근린생활시설,1020113608,지번
1156012100100580008,서울특별시 영등포구 문래동3가,서울특별시 영등포구 당산로 8-3 (문래동3가),근린생활1,제1종근린생활시설,1020114249,지번
1156012000100140083,서울특별시 영등포구 문래동2가,서울특별시 영등포구 도림로131길 7-1 (문래동2가),근린생활2,제2종근린생활시설,1020113661,지번
1156012000100140080,서울특별시 영등포구 문래동2가,서울특별시 영등포구 도림로125가길 4-4 (문래동2가),근린생활2,제2종근린생활시설,1020113658,지번
1156012000100140040,서울특별시 영등포구 문래동2가,서울특별시 영등포구 도림로133길 8-1 (문래동2가),근린생활1,제1종근린생활시설,1020113618,지번
1156012000100060001,서울특별시 영등포구 문래동2가,서울특별시 영등포구 도림로125길 11 (문래동2가),근린생활1,제1종근린생활시설,1020113561,지번
1156012500100280002,서울특별시 영등포구 양평동1가,서울특별시 영등포구 영등포로 81-4 (양평동1가),근린생활1,제1종근린생활시설,1020115587,지번
1156012500100280002,서울특별시 영등포구 양평동1가,서울특별시 영등포구 선유로24길 8 (양평동1가),근린생활1,제2종근린생활시설,1020115588,지번
1156012500100280002,서울특별시 영등포구 양평동1가,서울특별시 영등포구 영등포로 81-4 (양평동1가),근린생활1,단독주택,1020115590,지번
1156012500100280002,서울특별시 영등포구 양평동1가,서울특별시 영등포구 영등포로 81-4 (양평동1가),근린생활1,제1종근린생활시설,1020115591,지번
1156012500100280002,서울특별시 영등포구 양평동1가,서울특별시 영등포구 선유로24길 6 (양평동1가),근린생활1,제1종근린생활시설,1020115592,지번
1156012500100280002,서울특별시 영등포구 양평동1가,서울특별시 영등포구 영등포로 81-4 (양평동1가),근린생활1,제1종근린생활시설,1020116375,지번
1156012000100140059,서울특별시 영등포구 문래동2가,서울특별시 영등포구 도림로 425 (문래동2가),근린생활2,제2종근린생활시설,1020113637,지번
1156012000100140022,서울특별시 영등포구 문래동2가,서울특별시 영등포구 도림로137길 3 (문래동2가),근린생활1,제1종근린생활시설,1020113606,지번
1156012100100540047,서울특별시 영등포구 문래동3가,서울특별시 영등포구 도림로126길 14 (문래동3가),근린생활1,제1종근린생활시설,1020114215,지번
1156012100100540047,서울특별시 영등포구 문래동3가,서울특별시 영등포구 도림로126길 14 (문래동3가),근린생활1,제1종근린생활시설,1020114216,지번
1156012100100540047,서울특별시 영등포구 문래동3가,서울특별시 영등포구 도림로126길 14 (문래동3가),근린생활1,제1종근린생활시설,1020114217,지번
1156012500101640012,서울특별시 영등포구 양평동1가,서울특별시 영등포구 선유로23길 7 (양평동1가),근린생활1,제1종근린생활시설,1020115837,지번
1156012500102110002,서울특별시 영등포구 양평동1가,서울특별시 영등포구 선유서로24길 23 (양평동1가),근린생활2,제2종근린생활시설,1020115907,지번
1156012400100270025,서울특별시 영등포구 문래동6가,서울특별시 영등포구 문래로 37 (문래동6가),근린생활2,제2종근린생활시설,1020115364,지번
1156012400100270002,서울특별시 영등포구 문래동6가,서울특별시 영등포구 선유로17길 27 (문래동6가),근린생활2,제2종근린생활시설,1020115348,지번
1156011200100300004,서울특별시 영등포구 당산동2가,서울특별시 영등포구 선유동1로 6-12 (당산동2가),근린생활1,제1종근린생활시설,102018242,지번
1156011200100300004,서울특별시 영등포구 당산동2가,서울특별시 영등포구 선유동1로 6-12 (당산동2가),근린생활1,제1종근린생활시설,102018243,지번
1156012200100330015,서울특별시 영등포구 문래동4가,서울특별시 영등포구 도림로141라길 1-1 (문래동4가),근린생활1,제1종근린생활시설,1020115089,지번
1156012500100920000,서울특별시 영등포구 양평동1가,서울특별시 영등포구 선유로 108-3 (양평동1가),근린생활1,제1종근린생활시설,1020115683,지번
1156011100102560126,서울특별시 영등포구 당산동1가,서울특별시 영등포구 영등포로25길 7 (당산동1가),근린생활1,제1종근린생활시설,102017924,지번
1156011100102560064,서울특별시 영등포구 당산동1가,서울특별시 영등포구 당산로10길 5 (당산동1가),근린생활1,제1종근린생활시설,102017879,지번
1156012300100190013,서울특별시 영등포구 문래동5가,서울특별시 영등포구 선유로9나길 24 (문래동5가),근린생활2,제2종근린생활시설,1020115249,지번
1156012300100190013,서울특별시 영등포구 문래동5가,서울특별시 영등포구 선유로9나길 24 (문래동5가),근린생활2,제2종근린생활시설,1020115250,지번
1156011900100590003,서울특별시 영등포구 문래동1가,서울특별시 영등포구 경인로80길 8 (문래동1가),근린생활1,제1종근린생활시설,1020113392,지번
1156012000100140082,서울특별시 영등포구 문래동2가,서울특별시 영등포구 도림로131길 7 (문래동2가),근린생활2,제2종근린생활시설,1020113660,지번
1156012000100140046,서울특별시 영등포구 문래동2가,서울특별시 영등포구 도림로 433 (문래동2가),근린생활1,제1종근린생활시설,1020113624,지번
1156012000100140046,서울특별시 영등포구 문래동2가,서울특별시 영등포구 도림로 433 (문래동2가),근린생활1,제2종근린생활시설,1020113625,지번
1156012000100140075,서울특별시 영등포구 문래동2가,서울특별시 영등포구 도림로125가길 4-2 (문래동2가),근린생활2,제2종근린생활시설,1020113653,지번
1156012000100140074,서울특별시 영등포구 문래동2가,서울특별시 영등포구 도림로131길 5-1 (문래동2가),근린생활1,제1종근린생활시설,1020113652,지번
1156012000100140013,서울특별시 영등포구 문래동2가,서울특별시 영등포구 도림로137길 4 (문래동2가),근린생활1,제1종근린생활시설,1020113598,지번
1156012000100140014,서울특별시 영등포구 문래동2가,서울특별시 영등포구 도림로131길 18 (문래동2가),근린생활2,제2종근린생활시설,1020113599,지번
1156012000100020000,서울특별시 영등포구 문래동2가,서울특별시 영등포구 경인로 743 (문래동2가),근린생활1,제1종근린생활시설,1020113553,지번
1156012000100140027,서울특별시 영등포구 문래동2가,서울특별시 영등포구 도림로 433-4 (문래동2가),근린생활1,제1종근린생활시설,1020113610,지번
1156012000100140028,서울특별시 영등포구 문래동2가,서울특별시 영등포구 도림로 433-6 (문래동2가),근린생활1,제1종근린생활시설,1020113611,지번
1156012000100140067,서울특별시 영등포구 문래동2가,서울특별시 영등포구 도림로129길 6 (문래동2가),근린생활1,제1종근린생활시설,1020113645,지번
1156012000100140073,서울특별시 영등포구 문래동2가,서울특별시 영등포구 도림로131길 5 (문래동2가),근린생활1,제1종근린생활시설,1020113651,지번
1156012000100140069,서울특별시 영등포구 문래동2가,서울특별시 영등포구 도림로129길 8 (문래동2가),근린생활1,제1종근린생활시설,1020113647,지번
1156011300104640000,서울특별시 영등포구 당산동3가,서울특별시 영등포구 당산로27길 13 (당산동3가),근린생활2,제2종근린생활시설,10201100188735,지번
1156011300104570000,서울특별시 영등포구 당산동3가,서울특별시 영등포구 양산로19길 7 (당산동3가),근린생활2,제2종근린생활시설,102018962,지번
1156012600100330012,서울특별시 영등포구 양평동2가,서울특별시 영등포구 영등포로5길 42 (양평동2가),근린생활1,제1종근린생활시설,1020116524,지번
1156012700100070002,서울특별시 영등포구 양평동3가,서울특별시 영등포구 양산로 71 (양평동3가),근린생활2,제2종근린생활시설,1020116701,지번
1156012600100340003,서울특별시 영등포구 양평동2가,서울특별시 영등포구 영등포로5길 39 (양평동2가),근린생활1,제1종근린생활시설,1020116552,지번
1156011300103630000,서울특별시 영등포구 당산동3가,서울특별시 영등포구 당산로27길 7 (당산동3가),근린생활1,제1종근린생활시설,102018845,지번
1156011300103640000,서울특별시 영등포구 당산동3가,서울특별시 영등포구 당산로27길 9 (당산동3가),근린생활2,제2종근린생활시설,102018846,지번
1156012400100270012,서울특별시 영등포구 문래동6가,서울특별시 영등포구 문래로 39 (문래동6가),근린생활2,제2종근린생활시설,10201100193834,지번
1156011200100310000,서울특별시 영등포구 당산동2가,서울특별시 영등포구 영등포로 95 (당산동2가),근린생활2,업무시설,1000000000000004317559,지번
1156012300100200006,서울특별시 영등포구 문래동5가,서울특별시 영등포구 선유로3길 19-8 (문래동5가),근린생활1,제1종근린생활시설,1020115255,지번
1156012300100200006,서울특별시 영등포구 문래동5가,서울특별시 영등포구 선유로3길 19-8 (문래동5가),근린생활1,제1종근린생활시설,1020115256,지번
1156011900100630004,서울특별시 영등포구 문래동1가,서울특별시 영등포구 경인로78길 7-12 (문래동1가),근린생활2,제2종근린생활시설,1020113409,지번
1156011900100630002,서울특별시 영등포구 문래동1가,서울특별시 영등포구 경인로78길 7-16 (문래동1가),근린생활1,제1종근린생활시설,1020113407,지번
1156011900100630009,서울특별시 영등포구 문래동1가,서울특별시 영등포구 경인로78길 11-11 (문래동1가),근린생활1,제1종근린생활시설,1020113413,지번
1156012200100320049,서울특별시 영등포구 문래동4가,서울특별시 영등포구 도림로141라길 2-1 (문래동4가),근린생활1,제1종근린생활시설,1020115071,지번
1156012200100320042,서울특별시 영등포구 문래동4가,서울특별시 영등포구 도림로141길 18-4 (문래동4가),근린생활2,제2종근린생활시설,1020115063,지번
1156012200100180014,서울특별시 영등포구 문래동4가,서울특별시 영등포구 도림로141나길 12 (문래동4가),근린생활1,제1종근린생활시설,1020114781,지번
1156011900100630010,서울특별시 영등포구 문래동1가,서울특별시 영등포구 경인로78길 11-13 (문래동1가),근린생활2,제2종근린생활시설,1020113414,지번
1156011900100650006,서울특별시 영등포구 문래동1가,서울특별시 영등포구 경인로78길 11-12 (문래동1가),근린생활1,제1종근린생활시설,1020113428,지번
1156011900100610001,서울특별시 영등포구 문래동1가,서울특별시 영등포구 경인로78길 7-13 (문래동1가),근린생활2,제2종근린생활시설,1020113400,지번
1156011900100610001,서울특별시 영등포구 문래동1가,서울특별시 영등포구 경인로78길 7-13 (문래동1가),근린생활2,제2종근린생활시설,1020113401,지번
1156011900100630008,서울특별시 영등포구 문래동1가,서울특별시 영등포구 경인로78길 7-10 (문래동1가),근린생활2,제2종근린생활시설,1020113412,지번
1156012000100220001,서울특별시 영등포구 문래동2가,서울특별시 영등포구 도림로133길 19 (문래동2가),근린생활2,제2종근린생활시설,1020113715,지번
1156011900100710015,서울특별시 영등포구 문래동1가,서울특별시 영등포구 경인로 722-1 (문래동1가),근린생활1,제1종근린생활시설,1020113465,지번
1156011900100670003,서울특별시 영등포구 문래동1가,서울특별시 영등포구 경인로78길 14-1 (문래동1가),근린생활2,제2종근린생활시설,1020113439,지번
1156012500100090001,서울특별시 영등포구 양평동1가,서울특별시 영등포구 영등포로 88-1 (양평동1가),근린생활1,제1종근린생활시설,1020115518,지번
1156012000100140043,서울특별시 영등포구 문래동2가,서울특별시 영등포구 도림로 433-5 (문래동2가),근린생활1,제1종근린생활시설,1020113621,지번
1156012100100580067,서울특별시 영등포구 문래동3가,서울특별시 영등포구 도림로128길 11-2 (문래동3가),근린생활1,제1종근린생활시설,1020114301,지번
1156012100100580052,서울특별시 영등포구 문래동3가,서울특별시 영등포구 도림로 436-3 (문래동3가),근린생활2,제2종근린생활시설,1020114289,지번
1156012000100140079,서울특별시 영등포구 문래동2가,서울특별시 영등포구 도림로125가길 6-1 (문래동2가),근린생활1,제1종근린생활시설,1020113656,지번
1156012000100140079,서울특별시 영등포구 문래동2가,서울특별시 영등포구 도림로125가길 6-1 (문래동2가),근린생활1,단독주택,1020113657,지번
1156012000100140037,서울특별시 영등포구 문래동2가,서울특별시 영등포구 도림로133길 10 (문래동2가),근린생활1,제1종근린생활시설,1020113615,지번
1156011300103350000,서울특별시 영등포구 당산동3가,서울특별시 영등포구 당산로24길 2 (당산동3가),근린생활1,제1종근린생활시설,102018822,지번
1156011300100670000,서울특별시 영등포구 당산동3가,서울특별시 영등포구 당산로26길 13-1 (당산동3가),근린생활1,제1종근린생활시설,102018556,지번
1156011300100650000,서울특별시 영등포구 당산동3가,서울특별시 영등포구 당산로26길 11-1 (당산동3가),근린생활1,제1종근린생활시설,102018554,지번
1156012200100040016,서울특별시 영등포구 문래동4가,서울특별시 영등포구 도림로141가길 12-2 (문래동4가),근린생활1,제1종근린생활시설,1020114537,지번
1156012200100180003,서울특별시 영등포구 문래동4가,서울특별시 영등포구 도림로141가길 13 (문래동4가),근린생활1,제1종근린생활시설,1020114770,지번
1156012200100220029,서울특별시 영등포구 문래동4가,서울특별시 영등포구 도림로143길 11-11 (문래동4가),근린생활2,제2종근린생활시설,1020114847,지번
1156012200100220020,서울특별시 영등포구 문래동4가,서울특별시 영등포구 도림로141나길 7-1 (문래동4가),근린생활1,제1종근린생활시설,1020114840,지번
1156012200100220023,서울특별시 영등포구 문래동4가,서울특별시 영등포구 도림로141나길 9-3 (문래동4가),근린생활1,제1종근린생활시설,1020114842,지번
1156012000100480005,서울특별시 영등포구 문래동2가,서울특별시 영등포구 도림로139가길 12 (문래동2가),근린생활1,제1종근린생활시설,1020113847,지번
1156012200100020026,서울특별시 영등포구 문래동4가,서울특별시 영등포구 도림로141가길 2-1 (문래동4가),근린생활1,제1종근린생활시설,1020114520,지번
1156012000100400003,서울특별시 영등포구 문래동2가,서울특별시 영등포구 경인로77길 10-1 (문래동2가),근린생활1,제1종근린생활시설,1020113772,지번
1156011900100710011,서울특별시 영등포구 문래동1가,서울특별시 영등포구 경인로76길 1-1 (문래동1가),근린생활1,제1종근린생활시설,1020113463,지번
1156011900100580006,서울특별시 영등포구 문래동1가,서울특별시 영등포구 경인로78길 3-11 (문래동1가),근린생활2,제2종근린생활시설,1020113378,지번
1156012000100420014,서울특별시 영등포구 문래동2가,서울특별시 영등포구 경인로79길 15-5 (문래동2가),근린생활2,제2종근린생활시설,1020113802,지번
1156012000100420006,서울특별시 영등포구 문래동2가,서울특별시 영등포구 도림로139가길 11-1 (문래동2가),근린생활1,제1종근린생활시설,1020113795,지번
1156012000100420001,서울특별시 영등포구 문래동2가,서울특별시 영등포구 경인로79길 19-1 (문래동2가),근린생활1,제1종근린생활시설,1020113792,지번
1156012000100410002,서울특별시 영등포구 문래동2가,서울특별시 영등포구 도림로125길 26 (문래동2가),근린생활2,제2종근린생활시설,1020113779,지번
1156012200100020009,서울특별시 영등포구 문래동4가,서울특별시 영등포구 도림로141가길 6-1 (문래동4가),근린생활2,제2종근린생활시설,1020114505,지번
1156012000100140062,서울특별시 영등포구 문래동2가,서울특별시 영등포구 도림로129길 4 (문래동2가),근린생활1,제1종근린생활시설,1020113640,지번
1156012000100140045,서울특별시 영등포구 문래동2가,서울특별시 영등포구 도림로133길 2 (문래동2가),근린생활1,제1종근린생활시설,1020113623,지번
1156012200100280007,서울특별시 영등포구 문래동4가,서울특별시 영등포구 선유로 16 (문래동4가),근린생활2,단독주택,1020114922,지번
1156012000100140071,서울특별시 영등포구 문래동2가,서울특별시 영등포구 도림로129길 10 (문래동2가),근린생활1,제1종근린생활시설,1020113649,지번
1156012000100140063,서울특별시 영등포구 문래동2가,서울특별시 영등포구 도림로129길 4-1 (문래동2가),근린생활1,제1종근린생활시설,1020113641,지번
1156012000100140098,서울특별시 영등포구 문래동2가,서울특별시 영등포구 도림로131길 3 (문래동2가),근린생활2,제2종근린생활시설,1020113642,지번
1156012000100140098,서울특별시 영등포구 문래동2가,서울특별시 영등포구 도림로131길 3 (문래동2가),근린생활2,제2종근린생활시설,1020113643,지번
1156012000100140098,서울특별시 영등포구 문래동2가,서울특별시 영등포구 도림로131길 3 (문래동2가),근린생활2,제2종근린생활시설,1020113666,지번
1156012000100140098,서울특별시 영등포구 문래동2가,서울특별시 영등포구 도림로131길 3 (문래동2가),근린생활2,제2종근린생활시설,1020113667,지번
1156012000100140098,서울특별시 영등포구 문래동2가,서울특별시 영등포구 도림로131길 3 (문래동2가),근린생활2,제2종근린생활시설,1020113668,지번
1156012000100140098,서울특별시 영등포구 문래동2가,서울특별시 영등포구 도림로131길 3 (문래동2가),근린생활2,제1종근린생활시설,1020113669,지번
1156011100100140003,서울특별시 영등포구 당산동1가,서울특별시 영등포구 영등포로 146 (당산동1가),근린생활1,제1종근린생활시설,102017328,지번
1156012100100560001,서울특별시 영등포구 문래동3가,서울특별시 영등포구 경인로 763 (문래동3가),근린생활1,제1종근린생활시설,1020114223,지번
1156012100100560001,서울특별시 영등포구 문래동3가,서울특별시 영등포구 경인로 763 (문래동3가),근린생활1,제1종근린생활시설,1020114224,지번
1156012100100560001,서울특별시 영등포구 문래동3가,서울특별시 영등포구 경인로 763 (문래동3가),근린생활1,제1종근린생활시설,1020114225,지번
1156012100100560001,서울특별시 영등포구 문래동3가,서울특별시 영등포구 경인로 763 (문래동3가),근린생활1,제1종근린생활시설,1020114226,지번
1156012100100560001,서울특별시 영등포구 문래동3가,서울특별시 영등포구 경인로 763 (문래동3가),근린생활1,제1종근린생활시설,1020114227,지번
1156012100100560001,서울특별시 영등포구 문래동3가,서울특별시 영등포구 경인로 763 (문래동3가),근린생활1,근린생활시설,1020114228,지번
1156012100100560001,서울특별시 영등포구 문래동3가,서울특별시 영등포구 경인로 763 (문래동3가),근린생활1,제1종근린생활시설,1020114229,지번
1156012100100560001,서울특별시 영등포구 문래동3가,서울특별시 영등포구 경인로 763 (문래동3가),근린생활1,제1종근린생활시설,1020114230,지번
1156012100100560001,서울특별시 영등포구 문래동3가,서울특별시 영등포구 경인로 763 (문래동3가),근린생활1,제1종근린생활시설,1020114231,지번
1156012100100560001,서울특별시 영등포구 문래동3가,서울특별시 영등포구 경인로 763 (문래동3가),근린생활1,제1종근린생활시설,1020114232,지번
1156012100100540037,서울특별시 영등포구 문래동3가,,근린생활2,제1종근린생활시설,1020114190,지번
1156012100100540037,서울특별시 영등포구 문래동3가,,근린생활2,제1종근린생활시설,1020114191,지번
1156012100100540037,서울특별시 영등포구 문래동3가,,근린생활2,제1종근린생활시설,1020114192,지번
1156012100100540037,서울특별시 영등포구 문래동3가,,근린생활2,제1종근린생활시설,1020114193,지번
1156012100100540037,서울특별시 영등포구 문래동3가,,근린생활2,제1종근린생활시설,1020114194,지번
1156012100100540037,서울특별시 영등포구 문래동3가,,근린생활2,제2종근린생활시설,1020114195,지번
1156012100100540037,서울특별시 영등포구 문래동3가,,근린생활2,제1종근린생활시설,1020114196,지번
1156012100100540037,서울특별시 영등포구 문래동3가,,근린생활2,제1종근린생활시설,1020114197,지번
1156012000100060004,서울특별시 영등포구 문래동2가,서울특별시 영등포구 경인로79길 2-1 (문래동2가),근린생활1,제1종근린생활시설,1020113565,지번
1156012000100060003,서울특별시 영등포구 문래동2가,서울특별시 영등포구 경인로79길 2-2 (문래동2가),근린생활1,제1종근린생활시설,1020113564,지번
1156012100100540016,서울특별시 영등포구 문래동3가,서울특별시 영등포구 도림로128가길 3 (문래동3가),근린생활1,제1종근린생활시설,1020114146,지번
1156012100100540016,서울특별시 영등포구 문래동3가,서울특별시 영등포구 도림로128가길 3 (문래동3가),근린생활1,제1종근린생활시설,1020114147,지번
1156012100100540016,서울특별시 영등포구 문래동3가,서울특별시 영등포구 도림로128가길 3 (문래동3가),근린생활1,제1종근린생활시설,1020114148,지번
1156012000100150009,서울특별시 영등포구 문래동2가,서울특별시 영등포구 도림로139길 3-1 (문래동2가),근린생활1,제1종근린생활시설,1020113680,지번
1156012000100150009,서울특별시 영등포구 문래동2가,서울특별시 영등포구 도림로139길 3-1 (문래동2가),근린생활1,제1종근린생활시설,1020113681,지번
1156011900100840000,서울특별시 영등포구 문래동1가,,근린생활2,단독주택,1020113495,지번
1156011900100840000,서울특별시 영등포구 문래동1가,,근린생활2,단독주택,1020113496,지번
1156011900100840000,서울특별시 영등포구 문래동1가,,근린생활2,단독주택,1020113497,지번
1156011900100840000,서울특별시 영등포구 문래동1가,,근린생활2,단독주택,1020113498,지번
1156011900100840000,서울특별시 영등포구 문래동1가,,근린생활2,단독주택,1020113499,지번
1156011900100840000,서울특별시 영등포구 문래동1가,,근린생활2,제2종근린생활시설,1020113500,지번
1156011900100840000,서울특별시 영등포구 문래동1가,,근린생활2,단독주택,1020113501,지번
1156011900100840000,서울특별시 영등포구 문래동1가,,근린생활2,단독주택,1020113502,지번
1156011900100840000,서울특별시 영등포구 문래동1가,,근린생활2,단독주택,1020113503,지번
1156011900100840000,서울특별시 영등포구 문래동1가,,근린생활2,제2종근린생활시설,1020113504,지번
1156011900100780000,서울특별시 영등포구 문래동1가,서울특별시 영등포구 경인로74길 7-12 (문래동1가),근린생활2,제2종근린생활시설,1020113487,지번
1156011900100690003,서울특별시 영등포구 문래동1가,서울특별시 영등포구 경인로76길 9 (문래동1가),근린생활2,제2종근린생활시설,1020113454,지번
1156012500100460000,서울특별시 영등포구 양평동1가,서울특별시 영등포구 선유로 108 (양평동1가),근린생활1,제1종근린생활시설,1020115617,지번
1156012200100250006,서울특별시 영등포구 문래동4가,서울특별시 영등포구 도림로141나길 27 (문래동4가),근린생활1,제1종근린생활시설,1020114886,지번
1156012200100330023,서울특별시 영등포구 문래동4가,서울특별시 영등포구 경인로77길 28 (문래동4가),근린생활1,제1종근린생활시설,1020115097,지번
1156012200100280009,서울특별시 영등포구 문래동4가,서울특별시 영등포구 선유로 14 (문래동4가),근린생활1,제1종근린생활시설,1020114924,지번
1156012200100280002,서울특별시 영등포구 문래동4가,서울특별시 영등포구 도림로147길 16 (문래동4가),근린생활2,제2종근린생활시설,1020114917,지번
1156011900100610002,서울특별시 영등포구 문래동1가,서울특별시 영등포구 경인로78길 7-11 (문래동1가),근린생활1,제1종근린생활시설,1020113402,지번
1156011900100630006,서울특별시 영등포구 문래동1가,서울특별시 영등포구 경인로78길 11-9 (문래동1가),근린생활1,제1종근린생활시설,1020113410,지번
1156011900100660006,서울특별시 영등포구 문래동1가,서울특별시 영등포구 경인로78길 13-2 (문래동1가),근린생활1,제1종근린생활시설,1020113436,지번
1156012000100400004,서울특별시 영등포구 문래동2가,서울특별시 영등포구 경인로77길 10 (문래동2가),근린생활1,제1종근린생활시설,1020113773,지번
1156012600100270002,서울특별시 영등포구 양평동2가,서울특별시 영등포구 영등포로 14 (양평동2가),근린생활1,공장,1020116426,지번
1156011200100300005,서울특별시 영등포구 당산동2가,서울특별시 영등포구 선유동1로 6-14 (당산동2가),근린생활2,제2종근린생활시설,102018244,지번
1156012000100070005,서울특별시 영등포구 문래동2가,서울특별시 영등포구 경인로 735 (문래동2가),근린생활1,제1종근린생활시설,1020113570,지번
1156012500100830000,서울특별시 영등포구 양평동1가,서울특별시 영등포구 선유동1로 15-12 (양평동1가),근린생활1,제1종근린생활시설,1020115654,지번
1156012300100200002,서울특별시 영등포구 문래동5가,서울특별시 영등포구 선유로9다길 21-2 (문래동5가),근린생활2,제2종근린생활시설,1020115251,지번
1156011900100570002,서울특별시 영등포구 문래동1가,서울특별시 영등포구 경인로80길 4 (문래동1가),근린생활2,제2종근린생활시설,1020113369,지번
1156011900100690002,서울특별시 영등포구 문래동1가,서울특별시 영등포구 경인로76길 9-1 (문래동1가),근린생활2,제2종근린생활시설,1020113453,지번
1156011900100580008,서울특별시 영등포구 문래동1가,서울특별시 영등포구 경인로78길 3-5 (문래동1가),근린생활1,제1종근린생활시설,1020113379,지번
1156012000100450001,서울특별시 영등포구 문래동2가,서울특별시 영등포구 도림로139길 5 (문래동2가),근린생활2,제2종근린생활시설,1020113828,지번
1156012000100420011,서울특별시 영등포구 문래동2가,서울특별시 영등포구 경인로79길 17 (문래동2가),근린생활1,제1종근린생활시설,1020113799,지번
1156012000100420011,서울특별시 영등포구 문래동2가,서울특별시 영등포구 경인로79길 17 (문래동2가),근린생활1,제2종근린생활시설,1020113800,지번
1156013200123320000,서울특별시 영등포구 신길동,서울특별시 영등포구 신풍로17길 12 (신길동),근린생활1,제1종근린생활시설,10201100256848,지번
1156011900100680001,서울특별시 영등포구 문래동1가,서울특별시 영등포구 경인로78길 12 (문래동1가),근린생활2,창고시설,1020113449,지번
1156011900100680001,서울특별시 영등포구 문래동1가,서울특별시 영등포구 경인로78길 12 (문래동1가),근린생활2,창고시설,1020113450,지번
1156011900100680001,서울특별시 영등포구 문래동1가,서울특별시 영등포구 경인로78길 12 (문래동1가),근린생활2,제2종근린생활시설,1020113451,지번
1156011900100650005,서울특별시 영등포구 문래동1가,서울특별시 영등포구 경인로78길 13-6 (문래동1가),근린생활2,제2종근린생활시설,1020113421,지번
1156011900100660007,서울특별시 영등포구 문래동1가,서울특별시 영등포구 경인로78길 13-1 (문래동1가),근린생활2,제2종근린생활시설,1020113437,지번
1156011900100710016,서울특별시 영등포구 문래동1가,서울특별시 영등포구 경인로 722 (문래동1가),근린생활2,제2종근린생활시설,1020113466,지번
1156011900100670007,서울특별시 영등포구 문래동1가,서울특별시 영등포구 경인로78길 14-2 (문래동1가),근린생활2,제2종근린생활시설,1020113441,지번
1156012200100170008,서울특별시 영등포구 문래동4가,서울특별시 영등포구 도림로141가길 5-4 (문래동4가),근린생활2,제2종근린생활시설,1020114762,지번
1156012000100440001,서울특별시 영등포구 문래동2가,서울특별시 영등포구 도림로139가길 7 (문래동2가),근린생활1,제1종근린생활시설,1020113814,지번
1156012200100020002,서울특별시 영등포구 문래동4가,서울특별시 영등포구 도림로 455 (문래동4가),근린생활1,제1종근린생활시설,1020114498,지번
1156012000100580004,서울특별시 영등포구 문래동2가,서울특별시 영등포구 도림로139길 10 (문래동2가),근린생활2,제2종근린생활시설,1020113897,지번
1156012200100040003,서울특별시 영등포구 문래동4가,서울특별시 영등포구 도림로 461 (문래동4가),근린생활1,제1종근린생활시설,1020114526,지번
1156012000100590011,서울특별시 영등포구 문래동2가,서울특별시 영등포구 도림로141길 9-1 (문래동2가),근린생활1,제1종근린생활시설,1020113904,지번
1156012000100490022,서울특별시 영등포구 문래동2가,서울특별시 영등포구 도림로139길 19-1 (문래동2가),근린생활2,제2종근린생활시설,1020113868,지번
1156012000100490024,서울특별시 영등포구 문래동2가,서울특별시 영등포구 도림로139가길 15 (문래동2가),근린생활2,제2종근린생활시설,1020113870,지번
1156012200100110024,서울특별시 영등포구 문래동4가,서울특별시 영등포구 도림로141가길 33-3 (문래동4가),근린생활1,제1종근린생활시설,1020114673,지번
1156012200100230028,서울특별시 영등포구 문래동4가,서울특별시 영등포구 도림로143길 14 (문래동4가),근린생활1,제1종근린생활시설,1020114867,지번
1156012200100340020,서울특별시 영등포구 문래동4가,서울특별시 영등포구 도림로141라길 7-3 (문래동4가),근린생활1,제1종근린생활시설,1020115116,지번
1156012200100110012,서울특별시 영등포구 문래동4가,서울특별시 영등포구 도림로141나길 36 (문래동4가),근린생활1,제1종근린생활시설,1020114662,지번
1156012200100290017,서울특별시 영등포구 문래동4가,서울특별시 영등포구 도림로141다길 25-2 (문래동4가),근린생활1,제1종근린생활시설,1020114944,지번
1156012200100290019,서울특별시 영등포구 문래동4가,서울특별시 영등포구 도림로141다길 25 (문래동4가),근린생활2,제2종근린생활시설,1020114946,지번
1156011300103310000,서울특별시 영등포구 당산동3가,서울특별시 영등포구 당산로24길 6-1 (당산동3가),근린생활1,제1종근린생활시설,102018817,지번
1156012200100160008,서울특별시 영등포구 문래동4가,서울특별시 영등포구 도림로141길 8 (문래동4가),근린생활1,제1종근린생활시설,1020114750,지번
1156012200100160008,서울특별시 영등포구 문래동4가,서울특별시 영등포구 도림로141길 8 (문래동4가),근린생활1,제1종근린생활시설,1020114751,지번
1156012200100030002,서울특별시 영등포구 문래동4가,서울특별시 영등포구 도림로 457-1 (문래동4가),근린생활2,제2종근린생활시설,1020114522,지번
1156012200100320034,서울특별시 영등포구 문래동4가,서울특별시 영등포구 도림로141다길 1 (문래동4가),근린생활1,제1종근린생활시설,1020115055,지번
1156012200100040011,서울특별시 영등포구 문래동4가,서울특별시 영등포구 도림로143길 1 (문래동4가),근린생활1,제1종근린생활시설,1020114532,지번
1156012200100050004,서울특별시 영등포구 문래동4가,서울특별시 영등포구 도림로141가길 8-3 (문래동4가),근린생활1,제1종근린생활시설,1020114542,지번
1156012200100020004,서울특별시 영등포구 문래동4가,서울특별시 영등포구 도림로141길 2-19 (문래동4가),근린생활2,제2종근린생활시설,1020114499,지번
1156012200100020004,서울특별시 영등포구 문래동4가,서울특별시 영등포구 도림로141길 2-19 (문래동4가),근린생활2,제2종근린생활시설,1020114500,지번
1156012200100160005,서울특별시 영등포구 문래동4가,서울특별시 영등포구 도림로141가길 1 (문래동4가),근린생활1,제1종근린생활시설,1020114747,지번
1156012200100210009,서울특별시 영등포구 문래동4가,서울특별시 영등포구 도림로141나길 3-2 (문래동4가),근린생활2,제2종근린생활시설,1020114804,지번
1156012200100190002,서울특별시 영등포구 문래동4가,서울특별시 영등포구 도림로141나길 8 (문래동4가),근린생활1,제1종근린생활시설,1020114786,지번
1156012200100190002,서울특별시 영등포구 문래동4가,서울특별시 영등포구 도림로141나길 8 (문래동4가),근린생활1,제1종근린생활시설,1020114787,지번
1156012200100170005,서울특별시 영등포구 문래동4가,서울특별시 영등포구 도림로141가길 7-1 (문래동4가),근린생활2,제2종근린생활시설,1020114760,지번
1156012200100210027,서울특별시 영등포구 문래동4가,서울특별시 영등포구 도림로141나길 5-3 (문래동4가),근린생활2,제2종근린생활시설,1020114821,지번
1156011900100770000,서울특별시 영등포구 문래동1가,,근린생활2,단독주택,1020113483,지번
1156011900100770000,서울특별시 영등포구 문래동1가,,근린생활2,제2종근린생활시설,1020113484,지번
1156011900100770000,서울특별시 영등포구 문래동1가,,근린생활2,단독주택,1020113485,지번
1156011900100770000,서울특별시 영등포구 문래동1가,서울특별시 영등포구 경인로74길 7-10 (문래동1가),근린생활2,단독주택,1020113486,지번
1156012000100420010,서울특별시 영등포구 문래동2가,서울특별시 영등포구 경인로79길 17-1 (문래동2가),근린생활1,제1종근린생활시설,1020113798,지번
1156012100100770058,서울특별시 영등포구 문래동3가,서울특별시 영등포구 선유로 50 (문래동3가),근린생활2,제2종근린생활시설,1020114355,지번
1156012600100190003,서울특별시 영등포구 양평동2가,서울특별시 영등포구 영등포로6길 6-1 (양평동2가),근린생활1,제1종근린생활시설,1020116416,지번
1156012200100370021,서울특별시 영등포구 문래동4가,서울특별시 영등포구 경인로77길 44 (문래동4가),근린생활1,제1종근린생활시설,1020115158,지번
1156012200100290026,서울특별시 영등포구 문래동4가,서울특별시 영등포구 도림로141라길 26-1 (문래동4가),근린생활2,제2종근린생활시설,1020114952,지번
1156012200100230025,서울특별시 영등포구 문래동4가,서울특별시 영등포구 도림로141다길 14 (문래동4가),근린생활1,제1종근린생활시설,1020114866,지번
1156012200100110037,서울특별시 영등포구 문래동4가,서울특별시 영등포구 도림로145길 8 (문래동4가),근린생활1,제1종근린생활시설,1020114686,지번
1156012500100010002,서울특별시 영등포구 양평동1가,서울특별시 영등포구 영등포로18길 10-2 (양평동1가),근린생활2,제2종근린생활시설,1020115450,지번
1156012000100440004,서울특별시 영등포구 문래동2가,서울특별시 영등포구 도림로139가길 7-1 (문래동2가),근린생활1,제1종근린생활시설,1020113817,지번
1156012200100030003,서울특별시 영등포구 문래동4가,서울특별시 영등포구 도림로 457 (문래동4가),근린생활1,제1종근린생활시설,1020114523,지번
1156012200100020017,서울특별시 영등포구 문래동4가,서울특별시 영등포구 도림로141길 2-1 (문래동4가),근린생활2,제2종근린생활시설,1020114511,지번
1156011200100300000,서울특별시 영등포구 당산동2가,서울특별시 영등포구 선유동1로 4 (당산동2가),근린생활2,제2종근린생활시설,102018239,지번
1156011300104850000,서울특별시 영등포구 당산동3가,서울특별시 영등포구 당산로27길 13-4 (당산동3가),근린생활2,제2종근린생활시설,102018975,지번
1156011300104870000,서울특별시 영등포구 당산동3가,서울특별시 영등포구 당산로27길 13-3 (당산동3가),근린생활1,제1종근린생활시설,102018976,지번
1156012200100340013,서울특별시 영등포구 문래동4가,서울특별시 영등포구 경인로77길 34-1 (문래동4가),근린생활1,제1종근린생활시설,1020115113,지번
1156012700100020006,서울특별시 영등포구 양평동3가,서울특별시 영등포구 선유동1로 31-1 (양평동3가),근린생활2,제2종근린생활시설,1020116693,지번
1156012700100020004,서울특별시 영등포구 양평동3가,서울특별시 영등포구 선유동1로 31 (양평동3가),근린생활1,제1종근린생활시설,1020116692,지번
1156012200100230006,서울특별시 영등포구 문래동4가,서울특별시 영등포구 도림로141다길 20 (문래동4가),근린생활1,제1종근린생활시설,1020114850,지번
1156012200100230014,서울특별시 영등포구 문래동4가,서울특별시 영등포구 도림로141나길 15 (문래동4가),근린생활1,제1종근린생활시설,1020114857,지번
1156012200100290015,서울특별시 영등포구 문래동4가,서울특별시 영등포구 도림로141다길 27-1 (문래동4가),근린생활2,제2종근린생활시설,1020114941,지번
1156012200100070017,서울특별시 영등포구 문래동4가,서울특별시 영등포구 도림로141가길 24-2 (문래동4가),근린생활1,제1종근린생활시설,1020114575,지번
1156012200100320028,서울특별시 영등포구 문래동4가,서울특별시 영등포구 도림로141라길 6 (문래동4가),근린생활2,제2종근린생활시설,1020115049,지번
1156012200100120033,서울특별시 영등포구 문래동4가,서울특별시 영등포구 도림로145길 7-13 (문래동4가),근린생활1,제1종근린생활시설,1020114721,지번
1156012200100340007,서울특별시 영등포구 문래동4가,서울특별시 영등포구 도림로143길 21 (문래동4가),근린생활1,제1종근린생활시설,1020115107,지번
1156012200100340010,서울특별시 영등포구 문래동4가,서울특별시 영등포구 도림로141라길 7-4 (문래동4가),근린생활1,제1종근린생활시설,1020115110,지번
1156011200100580000,서울특별시 영등포구 당산동2가,서울특별시 영등포구 선유동1로 6-5 (당산동2가),근린생활1,제1종근린생활시설,102018300,지번
1156011200101570000,서울특별시 영등포구 당산동2가,서울특별시 영등포구 선유동1로 16-19 (당산동2가),근린생활1,제1종근린생활시설,102018403,지번
1156012500100090039,서울특별시 영등포구 양평동1가,서울특별시 영등포구 선유로22길 7 (양평동1가),근린생활2,제2종근린생활시설,1020115541,지번
1156012500100280020,서울특별시 영등포구 양평동1가,서울특별시 영등포구 선유로24길 10 (양평동1가),근린생활1,제1종근린생활시설,1020115586,지번
1156013400104980000,서울특별시 영등포구 양평동,서울특별시 영등포구 영등포로 2 (양평동),근린생활1,제1종근린생활시설,1020135648,지번
1156012000100590007,서울특별시 영등포구 문래동2가,서울특별시 영등포구 도림로141길 9 (문래동2가),근린생활1,제1종근린생활시설,1020113902,지번
1156012000100590007,서울특별시 영등포구 문래동2가,서울특별시 영등포구 도림로141길 7-1 (문래동2가),근린생활1,제1종근린생활시설,1020113903,지번
1156012000100490023,서울특별시 영등포구 문래동2가,서울특별시 영등포구 도림로139길 19 (문래동2가),근린생활2,제2종근린생활시설,1020113869,지번
1156012200100090006,서울특별시 영등포구 문래동4가,서울특별시 영등포구 도림로 489 (문래동4가),근린생활1,제1종근린생활시설,1020114627,지번
1156012200100120021,서울특별시 영등포구 문래동4가,서울특별시 영등포구 도림로143길 6 (문래동4가),근린생활1,제1종근린생활시설,1020114709,지번
1156012200100110015,서울특별시 영등포구 문래동4가,서울특별시 영등포구 도림로141나길 34-1 (문래동4가),근린생활2,제2종근린생활시설,1020114665,지번
1156012200100290030,서울특별시 영등포구 문래동4가,서울특별시 영등포구 도림로145길 18-1 (문래동4가),근린생활1,제1종근린생활시설,1020114955,지번
1156012200100310047,서울특별시 영등포구 문래동4가,서울특별시 영등포구 도림로143길 18-12 (문래동4가),근린생활1,제1종근린생활시설,1020115021,지번
1156012200100110047,서울특별시 영등포구 문래동4가,서울특별시 영등포구 도림로145길 8-12 (문래동4가),근린생활1,제1종근린생활시설,1020114696,지번
1156012200100080031,서울특별시 영등포구 문래동4가,서울특별시 영등포구 도림로141가길 32 (문래동4가),근린생활2,제2종근린생활시설,1020114616,지번
1156012200100310007,서울특별시 영등포구 문래동4가,서울특별시 영등포구 도림로145길 17 (문래동4가),근린생활2,제2종근린생활시설,1020114981,지번
1156012200100110042,서울특별시 영등포구 문래동4가,서울특별시 영등포구 도림로141나길 28-2 (문래동4가),근린생활1,제1종근린생활시설,1020114691,지번
1156012200100380034,서울특별시 영등포구 문래동4가,서울특별시 영등포구 경인로77길 50-1 (문래동4가),근린생활2,제2종근린생활시설,1020115193,지번
1156012200100380031,서울특별시 영등포구 문래동4가,서울특별시 영등포구 경인로77길 52 (문래동4가),근린생활2,제2종근린생활시설,1020115190,지번
1156012200100100008,서울특별시 영등포구 문래동4가,서울특별시 영등포구 도림로147길 10 (문래동4가),근린생활2,제2종근린생활시설,1020114640,지번
1156012200100090008,서울특별시 영등포구 문래동4가,서울특별시 영등포구 도림로147길 2-1 (문래동4가),근린생활1,제1종근린생활시설,1020114629,지번
1156011300105140000,서울특별시 영등포구 당산동3가,서울특별시 영등포구 양산로17길 6-18 (당산동3가),근린생활2,제2종근린생활시설,102018989,지번
1156012600100330009,서울특별시 영등포구 양평동2가,서울특별시 영등포구 선유서로25길 6-12 (양평동2가),근린생활2,제2종근린생활시설,1020116521,지번
1156012200100240003,서울특별시 영등포구 문래동4가,서울특별시 영등포구 도림로141나길 23-1 (문래동4가),근린생활1,제1종근린생활시설,1020114870,지번
1156012200100110028,서울특별시 영등포구 문래동4가,서울특별시 영등포구 도림로141나길 30-1 (문래동4가),근린생활1,제1종근린생활시설,1020114677,지번
1156012000100470007,서울특별시 영등포구 문래동2가,서울특별시 영등포구 경인로79길 22 (문래동2가),근린생활1,제1종근린생활시설,1020113842,지번
1156012000100470007,서울특별시 영등포구 문래동2가,서울특별시 영등포구 경인로79길 22 (문래동2가),근린생활1,제1종근린생활시설,1020113843,지번
1156012000100490012,서울특별시 영등포구 문래동2가,서울특별시 영등포구 도림로139길 17-1 (문래동2가),근린생활1,제1종근린생활시설,1020113863,지번
1156012200100190013,서울특별시 영등포구 문래동4가,서울특별시 영등포구 도림로141나길 4-1 (문래동4가),근린생활1,제1종근린생활시설,1020114793,지번
1156012200100200006,서울특별시 영등포구 문래동4가,서울특별시 영등포구 도림로141길 10 (문래동4가),근린생활1,제1종근린생활시설,1020114796,지번
1156011100103550000,서울특별시 영등포구 당산동1가,서울특별시 영등포구 당산로20길 12-1 (당산동1가),근린생활2,제2종근린생활시설,102018062,지번
1156011100100700000,서울특별시 영등포구 당산동1가,서울특별시 영등포구 당산로10길 20 (당산동1가),근린생활1,제1종근린생활시설,102017423,지번
1156012000100560011,서울특별시 영등포구 문래동2가,서울특별시 영등포구 도림로141길 21 (문래동2가),근린생활2,제2종근린생활시설,1020113885,지번
1156012200100030001,서울특별시 영등포구 문래동4가,서울특별시 영등포구 도림로 459 (문래동4가),근린생활1,제1종근린생활시설,1020114521,지번
1156012200100430000,서울특별시 영등포구 문래동4가,서울특별시 영등포구 도림로143길 32 (문래동4가),근린생활2,공동주택,1020115212,지번
1156012200100430000,서울특별시 영등포구 문래동4가,서울특별시 영등포구 도림로143길 32 (문래동4가),근린생활2,공동주택,1020115213,지번
1156012200100430000,서울특별시 영등포구 문래동4가,서울특별시 영등포구 도림로143길 32 (문래동4가),근린생활2,공동주택,1020115214,지번
1156012200100430000,서울특별시 영등포구 문래동4가,서울특별시 영등포구 도림로143길 30 (문래동4가),근린생활2,제2종근린생활시설,1020115215,지번
1156012200100430000,서울특별시 영등포구 문래동4가,서울특별시 영등포구 도림로143길 32 (문래동4가),근린생활2,공동주택,1020115216,지번
1156012200100430000,서울특별시 영등포구 문래동4가,서울특별시 영등포구 도림로143길 32 (문래동4가),근린생활2,공동주택,1020115217,지번
1156011900100580015,서울특별시 영등포구 문래동1가,서울특별시 영등포구 경인로 728 (문래동1가),근린생활1,제1종근린생활시설,1020113384,지번
1156011900100580015,서울특별시 영등포구 문래동1가,서울특별시 영등포구 경인로 728 (문래동1가),근린생활1,제1종근린생활시설,1020113385,지번
1156011900100580015,서울특별시 영등포구 문래동1가,서울특별시 영등포구 경인로 728 (문래동1가),근린생활1,제1종근린생활시설,1020113551,지번
1156011900100970005,서울특별시 영등포구 문래동1가,서울특별시 영등포구 경인로72길 3 (문래동1가),근린생활1,제1종근린생활시설,1020113536,지번
1156012200100100002,서울특별시 영등포구 문래동4가,서울특별시 영등포구 도림로141가길 39 (문래동4가),근린생활1,제1종근린생활시설,1020114634,지번
1156012200100280004,서울특별시 영등포구 문래동4가,서울특별시 영등포구 도림로147길 18 (문래동4가),근린생활2,제2종근린생활시설,1020114919,지번
1156012200100290031,서울특별시 영등포구 문래동4가,서울특별시 영등포구 도림로147길 15-10 (문래동4가),근린생활2,제2종근린생활시설,1020114956,지번
1156012200100380013,서울특별시 영등포구 문래동4가,서울특별시 영등포구 경인로77길 56-1 (문래동4가),근린생활1,제1종근린생활시설,1020115172,지번
1156012200100380018,서울특별시 영등포구 문래동4가,서울특별시 영등포구 경인로77길 54 (문래동4가),근린생활1,제1종근린생활시설,1020115177,지번
1156012200100060009,서울특별시 영등포구 문래동4가,서울특별시 영등포구 도림로141가길 16 (문래동4가),근린생활1,제1종근린생활시설,1020114553,지번
1156011900100810002,서울특별시 영등포구 문래동1가,서울특별시 영등포구 경인로74길 7-8 (문래동1가),근린생활1,제1종근린생활시설,1020113491,지번
1156012000100070003,서울특별시 영등포구 문래동2가,서울특별시 영등포구 경인로79길 2 (문래동2가),근린생활2,제2종근린생활시설,1020113567,지번
1156012000100070004,서울특별시 영등포구 문래동2가,서울특별시 영등포구 경인로79길 2-3 (문래동2가),근린생활1,제1종근린생활시설,1020113568,지번
1156012000100070004,서울특별시 영등포구 문래동2가,서울특별시 영등포구 경인로 737 (문래동2가),근린생활1,제1종근린생활시설,1020113569,지번
1156012000100150006,서울특별시 영등포구 문래동2가,서울특별시 영등포구 도림로 439-6 (문래동2가),근린생활1,제1종근린생활시설,1020113677,지번
1156012000100150006,서울특별시 영등포구 문래동2가,서울특별시 영등포구 도림로 439-6 (문래동2가),근린생활1,단독주택,1020113678,지번
1156012000100150004,서울특별시 영등포구 문래동2가,서울특별시 영등포구 도림로139길 3 (문래동2가),근린생활1,제1종근린생활시설,1020113676,지번
1156012000100580003,서울특별시 영등포구 문래동2가,서울특별시 영등포구 도림로139길 8-1 (문래동2가),근린생활2,제2종근린생활시설,1020113896,지번
1156012300100200005,서울특별시 영등포구 문래동5가,서울특별시 영등포구 경인로71길 82 (문래동5가),근린생활1,제1종근린생활시설,1020115254,지번
1156012300100200004,서울특별시 영등포구 문래동5가,서울특별시 영등포구 경인로71길 84 (문래동5가),근린생활1,제1종근린생활시설,1020115253,지번
1156012200100210026,서울특별시 영등포구 문래동4가,서울특별시 영등포구 도림로143길 11-19 (문래동4가),근린생활1,제1종근린생활시설,1020114820,지번
1156012200100210003,서울특별시 영등포구 문래동4가,서울특별시 영등포구 도림로141나길 5-4 (문래동4가),근린생활1,제1종근린생활시설,1020114799,지번
1156012200100170014,서울특별시 영등포구 문래동4가,서울특별시 영등포구 도림로143길 7-11 (문래동4가),근린생활1,제1종근린생활시설,1020114766,지번
1156012200100380023,서울특별시 영등포구 문래동4가,서울특별시 영등포구 도림로141라길 23-1 (문래동4가),근린생활1,제1종근린생활시설,1020115182,지번
1156012200100110018,서울특별시 영등포구 문래동4가,서울특별시 영등포구 도림로141가길 33-1 (문래동4가),근린생활1,제1종근린생활시설,1020114667,지번
1156012200100320014,서울특별시 영등포구 문래동4가,서울특별시 영등포구 도림로141라길 8-3 (문래동4가),근린생활1,제1종근린생활시설,1020115036,지번
1156012200100070026,서울특별시 영등포구 문래동4가,서울특별시 영등포구 도림로141가길 18 (문래동4가),근린생활1,제1종근린생활시설,10201100205337,지번
1156012200100070026,서울특별시 영등포구 문래동4가,서울특별시 영등포구 도림로141가길 18 (문래동4가),근린생활1,제1종근린생활시설,1020114585,지번
1156012200100340003,서울특별시 영등포구 문래동4가,서울특별시 영등포구 도림로141라길 9-2 (문래동4가),근린생활1,제1종근린생활시설,1020115103,지번
1156012200100340009,서울특별시 영등포구 문래동4가,서울특별시 영등포구 도림로143길 21-5 (문래동4가),근린생활1,제1종근린생활시설,1020115109,지번
1156012200100230008,서울특별시 영등포구 문래동4가,서울특별시 영등포구 도림로141나길 17-4 (문래동4가),근린생활1,제1종근린생활시설,1020114852,지번
1156012200100310039,서울특별시 영등포구 문래동4가,서울특별시 영등포구 도림로143길 16-3 (문래동4가),근린생활2,제2종근린생활시설,1020115013,지번
1156012200100310011,서울특별시 영등포구 문래동4가,서울특별시 영등포구 도림로141라길 22-1 (문래동4가),근린생활1,제1종근린생활시설,1020114985,지번
1156012200100310011,서울특별시 영등포구 문래동4가,서울특별시 영등포구 도림로145길 17-2 (문래동4가),근린생활1,제1종근린생활시설,1020114986,지번
1156012200100310028,서울특별시 영등포구 문래동4가,서울특별시 영등포구 도림로141라길 18 (문래동4가),근린생활1,제1종근린생활시설,1020115002,지번
1156012000100310003,서울특별시 영등포구 문래동2가,서울특별시 영등포구 경인로 709-2 (문래동2가),근린생활1,제1종근린생활시설,1020113743,지번
1156012000100580002,서울특별시 영등포구 문래동2가,서울특별시 영등포구 도림로139길 8 (문래동2가),근린생활2,제2종근린생활시설,1020113895,지번
1156012200100070003,서울특별시 영등포구 문래동4가,서울특별시 영등포구 도림로 473 (문래동4가),근린생활1,제1종근린생활시설,1020114556,지번
1156012200100080004,서울특별시 영등포구 문래동4가,서울특별시 영등포구 도림로 483 (문래동4가),근린생활1,제1종근린생활시설,1020114589,지번
1156012200100080003,서울특별시 영등포구 문래동4가,서울특별시 영등포구 도림로 485 (문래동4가),근린생활1,제1종근린생활시설,1020114588,지번
1156011200100300012,서울특별시 영등포구 당산동2가,서울특별시 영등포구 영등포로 91 (당산동2가),근린생활2,제2종근린생활시설,102018248,지번
1156012500101640002,서울특별시 영등포구 양평동1가,서울특별시 영등포구 영등포로 71 (양평동1가),근린생활1,제1종근린생활시설,1020115831,지번
1156012500101640005,서울특별시 영등포구 양평동1가,서울특별시 영등포구 영등포로 69-1 (양평동1가),근린생활1,제1종근린생활시설,1020115833,지번
1156012600100360012,서울특별시 영등포구 양평동2가,서울특별시 영등포구 영등포로3길 18 (양평동2가),근린생활1,제1종근린생활시설,1020116584,지번
1156012200100290032,서울특별시 영등포구 문래동4가,서울특별시 영등포구 도림로141다길 27-4 (문래동4가),근린생활1,제1종근린생활시설,1020114957,지번
1156012200100110023,서울특별시 영등포구 문래동4가,서울특별시 영등포구 도림로141가길 31 (문래동4가),근린생활1,제1종근린생활시설,1020114672,지번
1156012200100110021,서울특별시 영등포구 문래동4가,서울특별시 영등포구 도림로141가길 31-2 (문래동4가),근린생활1,제1종근린생활시설,1020114670,지번
1156012200100100012,서울특별시 영등포구 문래동4가,서울특별시 영등포구 선유로 24 (문래동4가),근린생활1,제1종근린생활시설,1020114644,지번
1156012200100300013,서울특별시 영등포구 문래동4가,서울특별시 영등포구 도림로141라길 32-1 (문래동4가),근린생활1,제1종근린생활시설,1020114970,지번
1156012200100290001,서울특별시 영등포구 문래동4가,서울특별시 영등포구 도림로141다길 31-1 (문래동4가),근린생활2,제2종근린생활시설,1020114928,지번
1156012200100280012,서울특별시 영등포구 문래동4가,서울특별시 영등포구 경인로77길 58 (문래동4가),근린생활1,제1종근린생활시설,1020114927,지번
1156012200100270011,서울특별시 영등포구 문래동4가,서울특별시 영등포구 도림로141다길 32-1 (문래동4가),근린생활2,제2종근린생활시설,1020114911,지번
1156011200101580000,서울특별시 영등포구 당산동2가,서울특별시 영등포구 선유동1로 16-21 (당산동2가),근린생활1,제1종근린생활시설,102018404,지번
1156012500101520000,서울특별시 영등포구 양평동1가,서울특별시 영등포구 영등포로13길 8 (양평동1가),근린생활2,제2종근린생활시설,1020115815,지번
1156012500100650000,서울특별시 영등포구 양평동1가,서울특별시 영등포구 선유동1로 13 (양평동1가),근린생활1,제1종근린생활시설,1020115636,지번
1156012500100650000,서울특별시 영등포구 양평동1가,서울특별시 영등포구 선유동1로 13 (양평동1가),근린생활1,제1종근린생활시설,1020115637,지번
1156012500100130013,서울특별시 영등포구 양평동1가,서울특별시 영등포구 선유로 83 (양평동1가),근린생활1,제1종근린생활시설,1020115559,지번
1156011100104300000,서울특별시 영등포구 당산동1가,서울특별시 영등포구 당산로16길 7-10 (당산동1가),근린생활1,제1종근린생활시설,102018151,지번
1156012000100150001,서울특별시 영등포구 문래동2가,서울특별시 영등포구 도림로 441-1 (문래동2가),근린생활1,제1종근린생활시설,1020113674,지번
1156012000100570001,서울특별시 영등포구 문래동2가,서울특별시 영등포구 도림로141길 11-2 (문래동2가),근린생활1,제1종근린생활시설,1020113887,지번
1156012000100570005,서울특별시 영등포구 문래동2가,서울특별시 영등포구 도림로141길 11-3 (문래동2가),근린생활1,제1종근린생활시설,1020113891,지번
1156012200100060001,서울특별시 영등포구 문래동4가,서울특별시 영등포구 도림로 465 (문래동4가),근린생활1,제1종근린생활시설,1020114548,지번
1156012200100060003,서울특별시 영등포구 문래동4가,서울특별시 영등포구 도림로143길 2 (문래동4가),근린생활1,제1종근린생활시설,1020114549,지번
1156012200100310024,서울특별시 영등포구 문래동4가,서울특별시 영등포구 도림로141다길 19-3 (문래동4가),근린생활1,제1종근린생활시설,1020114998,지번
1156012200100110048,서울특별시 영등포구 문래동4가,서울특별시 영등포구 도림로141가길 29-4 (문래동4가),근린생활2,제2종근린생활시설,1020114697,지번
1156012200100110045,서울특별시 영등포구 문래동4가,서울특별시 영등포구 도림로141나길 26 (문래동4가),근린생활1,제1종근린생활시설,1020114694,지번
1156012200100100010,서울특별시 영등포구 문래동4가,서울특별시 영등포구 도림로147길 10-3 (문래동4가),근린생활1,제1종근린생활시설,1020114642,지번
1156012200100290012,서울특별시 영등포구 문래동4가,서울특별시 영등포구 도림로141라길 28-1 (문래동4가),근린생활1,제1종근린생활시설,1020114939,지번
1156012200100300009,서울특별시 영등포구 문래동4가,서울특별시 영등포구 도림로147길 15-4 (문래동4가),근린생활1,제1종근린생활시설,1020114967,지번
1156012200100380015,서울특별시 영등포구 문래동4가,서울특별시 영등포구 경인로77길 54-1 (문래동4가),근린생활1,제1종근린생활시설,1020115174,지번
1156011900100600002,서울특별시 영등포구 문래동1가,서울특별시 영등포구 경인로78길 3-4 (문래동1가),근린생활2,공장,1020113395,지번
1156011900100600002,서울특별시 영등포구 문래동1가,서울특별시 영등포구 경인로78길 3-4 (문래동1가),근린생활2,제2종근린생활시설,1020113396,지번
1156011900100580022,서울특별시 영등포구 문래동1가,서울특별시 영등포구 경인로78길 1 (문래동1가),근린생활2,제2종근린생활시설,1020113388,지번
1156012100100580002,서울특별시 영등포구 문래동3가,서울특별시 영등포구 도림로128길 21 (문래동3가),근린생활2,제2종근린생활시설,1020114244,지번
1156012200100090003,서울특별시 영등포구 문래동4가,서울특별시 영등포구 도림로 491-2 (문래동4가),근린생활2,제2종근린생활시설,1020114625,지번
1156012200100100009,서울특별시 영등포구 문래동4가,서울특별시 영등포구 선유로 26 (문래동4가),근린생활1,제1종근린생활시설,1020114641,지번
1156013300107830015,서울특별시 영등포구 대림동,서울특별시 영등포구 도신로4길 13 (대림동),근린생활1,제1종근린생활시설,1020131469,지번
1156013300108010006,서울특별시 영등포구 대림동,서울특별시 영등포구 대림로41길 26 (대림동),근린생활1,제1종근린생활시설,1020131563,지번
1156013300108010000,서울특별시 영등포구 대림동,서울특별시 영등포구 가마산로31길 30 (대림동),근린생활1,제1종근린생활시설,1020131559,지번
1156013300106640022,서울특별시 영등포구 대림동,서울특별시 영등포구 대림로 240 (대림동),근린생활1,제1종근린생활시설,1020130331,지번
1156013300106630005,서울특별시 영등포구 대림동,서울특별시 영등포구 가마산로41길 9-1 (대림동),근린생활1,제1종근린생활시설,1020130299,지번
1156012000100480006,서울특별시 영등포구 문래동2가,서울특별시 영등포구 경인로79길 21 (문래동2가),근린생활1,제1종근린생활시설,1020113844,지번
1156011900100900006,서울특별시 영등포구 문래동1가,서울특별시 영등포구 경인로72길 11-5 (문래동1가),근린생활2,제2종근린생활시설,1020113524,지번
1156011900100830000,서울특별시 영등포구 문래동1가,서울특별시 영등포구 경인로74길 9 (문래동1가),근린생활2,공장,1020113494,지번
1156012000100390002,서울특별시 영등포구 문래동2가,서울특별시 영등포구 도림로133길 22 (문래동2가),근린생활1,제1종근린생활시설,1020113765,지번
1156012000100440009,서울특별시 영등포구 문래동2가,,근린생활1,제1종근린생활시설,1020113820,지번
1156011200100720000,서울특별시 영등포구 당산동2가,서울특별시 영등포구 영등포로19길 11 (당산동2가),근린생활1,제1종근린생활시설,102018315,지번
1156011200100560000,서울특별시 영등포구 당산동2가,서울특별시 영등포구 선유동1로 6 (당산동2가),근린생활2,제2종근린생활시설,102018297,지번
1156011200100550000,서울특별시 영등포구 당산동2가,서울특별시 영등포구 선유동1로 8 (당산동2가),근린생활2,제2종근린생활시설,102018293,지번
1156012000100140060,서울특별시 영등포구 문래동2가,서울특별시 영등포구 도림로129길 2 (문래동2가),근린생활1,제1종근린생활시설,1020113638,지번
1156011900100900004,서울특별시 영등포구 문래동1가,서울특별시 영등포구 경인로74길 10 (문래동1가),근린생활2,제2종근린생활시설,1020113523,지번
1156011900100960005,서울특별시 영등포구 문래동1가,서울특별시 영등포구 경인로72길 3-7 (문래동1가),근린생활2,제2종근린생활시설,1020113534,지번
1156012200100310044,서울특별시 영등포구 문래동4가,서울특별시 영등포구 도림로141라길 14-1 (문래동4가),근린생활1,제1종근린생활시설,1020115018,지번
1156012200100310033,서울특별시 영등포구 문래동4가,서울특별시 영등포구 도림로141다길 13-2 (문래동4가),근린생활1,제1종근린생활시설,1020115007,지번
1156012200100110004,서울특별시 영등포구 문래동4가,서울특별시 영등포구 도림로141가길 35-1 (문래동4가),근린생활1,제1종근린생활시설,1020114655,지번
1156012200100100001,서울특별시 영등포구 문래동4가,서울특별시 영등포구 도림로141가길 41 (문래동4가),근린생활1,제1종근린생활시설,1020114633,지번
1156013300107830011,서울특별시 영등포구 대림동,서울특별시 영등포구 도신로4길 19 (대림동),근린생활1,제1종근린생활시설,1020131465,지번
1156013300106540007,서울특별시 영등포구 대림동,서울특별시 영등포구 대림로40다길 12 (대림동),근린생활1,제1종근린생활시설,1020130212,지번
1156013300106520013,서울특별시 영등포구 대림동,서울특별시 영등포구 대림로46길 5 (대림동),근린생활1,제1종근린생활시설,1020130194,지번
1156013300107830003,서울특별시 영등포구 대림동,서울특별시 영등포구 대림로 243 (대림동),근린생활2,제2종근린생활시설,1020131457,지번
1156011800101860005,서울특별시 영등포구 도림동,서울특별시 영등포구 도영로 48 (도림동),근린생활2,제2종근린생활시설,1020112352,지번
1156012100100770060,서울특별시 영등포구 문래동3가,서울특별시 영등포구 문래로 94-5 (문래동3가),근린생활2,제2종근린생활시설,1020114357,지번
1156012000100470002,서울특별시 영등포구 문래동2가,서울특별시 영등포구 도림로139가길 6-1 (문래동2가),근린생활1,제1종근린생활시설,1020113840,지번
1156012000100170001,서울특별시 영등포구 문래동2가,서울특별시 영등포구 도림로125길 16 (문래동2가),근린생활1,단독주택,1020113683,지번
1156012000100440010,서울특별시 영등포구 문래동2가,,근린생활2,제2종근린생활시설,1020113821,지번
1156012000100460006,서울특별시 영등포구 문래동2가,서울특별시 영등포구 도림로139가길 8 (문래동2가),근린생활2,제2종근린생활시설,1020113837,지번
1156012000100450008,서울특별시 영등포구 문래동2가,서울특별시 영등포구 도림로139길  (문래동2가),근린생활1,제1종근린생활시설,1020113833,지번
1156012000100600008,서울특별시 영등포구 문래동2가,서울특별시 영등포구 도림로139길 4-2 (문래동2가),근린생활1,제1종근린생활시설,1020113910,지번
1156012000100600007,서울특별시 영등포구 문래동2가,서울특별시 영등포구 도림로141길 3 (문래동2가),근린생활1,제1종근린생활시설,1020113909,지번
1156012000100450003,서울특별시 영등포구 문래동2가,서울특별시 영등포구 도림로139가길 4-1 (문래동2가),근린생활1,제1종근린생활시설,1020113830,지번
1156012000100560006,서울특별시 영등포구 문래동2가,서울특별시 영등포구 도림로139길 18 (문래동2가),근린생활2,제2종근린생활시설,1020113879,지번
1156012000100490001,서울특별시 영등포구 문래동2가,서울특별시 영등포구 도림로139길 13 (문래동2가),근린생활1,제1종근린생활시설,1020113862,지번
1156012200100210022,서울특별시 영등포구 문래동4가,서울특별시 영등포구 도림로141길 12-1 (문래동4가),근린생활1,제1종근린생활시설,1020114817,지번
1156012200100210020,서울특별시 영등포구 문래동4가,서울특별시 영등포구 도림로141길 12 (문래동4가),근린생활1,제1종근린생활시설,1020114815,지번
1156012000100560001,서울특별시 영등포구 문래동2가,서울특별시 영등포구 도림로141길 15 (문래동2가),근린생활1,공장,1020113871,지번
1156012000100560001,서울특별시 영등포구 문래동2가,서울특별시 영등포구 도림로141길 15 (문래동2가),근린생활1,제1종근린생활시설,1020113872,지번
1156012000100560001,서울특별시 영등포구 문래동2가,서울특별시 영등포구 도림로141길 15 (문래동2가),근린생활1,제1종근린생활시설,1020113873,지번
1156012000100560008,서울특별시 영등포구 문래동2가,서울특별시 영등포구 도림로139길 20 (문래동2가),근린생활2,제2종근린생활시설,1020113882,지번
1156012000100560010,서울특별시 영등포구 문래동2가,서울특별시 영등포구 도림로139길 22 (문래동2가),근린생활1,제1종근린생활시설,1020113884,지번
1156012200100270006,서울특별시 영등포구 문래동4가,서울특별시 영등포구 도림로147길 11-3 (문래동4가),근린생활1,제1종근린생활시설,1020114906,지번
1156012200100100015,서울특별시 영등포구 문래동4가,서울특별시 영등포구 선유로 22 (문래동4가),근린생활1,제1종근린생활시설,1020114647,지번
1156011900100700001,서울특별시 영등포구 문래동1가,서울특별시 영등포구 경인로76길 5 (문래동1가),근린생활2,공장,1020113455,지번
1156011100102560058,서울특별시 영등포구 당산동1가,서울특별시 영등포구 당산로 82 (당산동1가),근린생활2,제2종근린생활시설,102017876,지번
1156012000100360006,서울특별시 영등포구 문래동2가,서울특별시 영등포구 경인로71길 6 (문래동2가),근린생활2,제2종근린생활시설,1020113760,지번
1156012600100290023,서울특별시 영등포구 양평동2가,서울특별시 영등포구 영등포로 33 (양평동2가),근린생활1,제1종근린생활시설,10201100191554,지번
1156011800102020053,서울특별시 영등포구 도림동,서울특별시 영등포구 도영로7길 14 (도림동),근린생활2,제2종근린생활시설,10201100191874,지번
1156012500101320001,서울특별시 영등포구 양평동1가,서울특별시 영등포구 선유로 107 (양평동1가),근린생활1,제1종근린생활시설,1020115789,지번
1156012500101320001,서울특별시 영등포구 양평동1가,서울특별시 영등포구 선유로 103 (양평동1가),근린생활1,공장,1020115794,지번
1156012500100750000,서울특별시 영등포구 양평동1가,서울특별시 영등포구 선유동1로 13-4 (양평동1가),근린생활1,제1종근린생활시설,1020115648,지번
1156013300106820011,서울특별시 영등포구 대림동,서울특별시 영등포구 가마산로46가길 20-1 (대림동),근린생활1,제1종근린생활시설,1020130490,지번
1156013300106840029,서울특별시 영등포구 대림동,서울특별시 영등포구 대림로34마길 14-1 (대림동),근린생활1,제1종근린생활시설,1020130543,지번
1156013300106820013,서울특별시 영등포구 대림동,서울특별시 영등포구 가마산로 356-1 (대림동),근린생활1,제1종근린생활시설,1020130492,지번
1156011000100240001,서울특별시 영등포구 여의도동,서울특별시 영등포구 국제금융로 20 (여의도동),근린생활2,제2종근린생활시설,102017006,지번
1156011800102510008,서울특별시 영등포구 도림동,서울특별시 영등포구 도신로 69 (도림동),근린생활2,제2종근린생활시설,1020112895,지번
1156011000100530012,서울특별시 영등포구 여의도동,서울특별시 영등포구 국제금융로 110 (여의도동),근린생활1,제1종근린생활시설,102017274,지번
1156013200115250001,서울특별시 영등포구 신길동,서울특별시 영등포구 신풍로 104 (신길동),근린생활2,제2종근린생활시설,1020126587,지번
1156013200108320000,서울특별시 영등포구 신길동,서울특별시 영등포구 여의대방로 197 (신길동),근린생활1,제1종근린생활시설,1020126230,지번
1156011000100450018,서울특별시 영등포구 여의도동,서울특별시 영등포구 국제금융로8길 27-3 (여의도동),근린생활2,제2종근린생활시설,102017234,지번
1156011300102230011,서울특별시 영등포구 당산동3가,서울특별시 영등포구 당산로30길 7-2 (당산동3가),근린생활1,제1종근린생활시설,102018710,지번
1156011300100830000,서울특별시 영등포구 당산동3가,서울특별시 영등포구 당산로32길 14 (당산동3가),근린생활1,제1종근린생활시설,102018574,지번
1156012800100320004,서울특별시 영등포구 양평동4가,서울특별시 영등포구 선유로 248-13 (양평동4가),근린생활1,제1종근린생활시설,1020117081,지번
1156011300102240001,서울특별시 영등포구 당산동3가,서울특별시 영등포구 국회대로36길 16-6 (당산동3가),근린생활2,제2종근린생활시설,102018711,지번
1156011300102280003,서울특별시 영등포구 당산동3가,서울특별시 영등포구 당산로32길 2 (당산동3가),근린생활1,제1종근린생활시설,102018721,지번
1156012900101250005,서울특별시 영등포구 양평동5가,서울특별시 영등포구 양평로22바길 2 (양평동5가),근린생활1,제1종근린생활시설,1020117773,지번
1156011300104710000,서울특별시 영등포구 당산동3가,서울특별시 영등포구 당산로27길 21 (당산동3가),근린생활1,제1종근린생활시설,102018968,지번
1156011300102160000,서울특별시 영등포구 당산동3가,서울특별시 영등포구 당산로 134 (당산동3가),근린생활1,제1종근린생활시설,102018699,지번
1156011400100360007,서울특별시 영등포구 당산동4가,서울특별시 영등포구 당산로 153-1 (당산동4가),근린생활2,제2종근린생활시설,102019411,지번
1156011400100650000,서울특별시 영등포구 당산동4가,서울특별시 영등포구 당산로37길 7 (당산동4가),근린생활1,제1종근린생활시설,102019454,지번
1156011400100640000,서울특별시 영등포구 당산동4가,서울특별시 영등포구 당산로37길 5-1 (당산동4가),근린생활1,제1종근린생활시설,102019452,지번
1156011000100350005,서울특별시 영등포구 여의도동,서울특별시 영등포구 여의나루로 42 (여의도동),근린생활1,제1종근린생활시설,102017176,지번
1156011800101560047,서울특별시 영등포구 도림동,서울특별시 영등포구 도림로 349 (도림동),근린생활1,제1종근린생활시설,1020111982,지번
1156011100100740002,서울특별시 영등포구 당산동1가,서울특별시 영등포구 영등포로 165 (당산동1가),근린생활2,제2종근린생활시설,102017431,지번
1156013300106810007,서울특별시 영등포구 대림동,서울특별시 영등포구 가마산로46가길 2 (대림동),근린생활1,제1종근린생활시설,1020130477,지번
1156013300106800014,서울특별시 영등포구 대림동,서울특별시 영등포구 가마산로46길 10-18 (대림동),근린생활1,제1종근린생활시설,1020130470,지번
1156011800102430003,서울특별시 영등포구 도림동,서울특별시 영등포구 도림로 347 (도림동),근린생활1,제1종근린생활시설,1020112798,지번
1156011000100320001,서울특별시 영등포구 여의도동,서울특별시 영등포구 국제금융로7길 3 (여의도동),근린생활1,제1종근린생활시설,102017172,지번
1156011000100480003,서울특별시 영등포구 여의도동,서울특별시 영등포구 의사당대로 162 (여의도동),근린생활1,제1종근린생활시설,102017076,지번
1156011000100530002,서울특별시 영등포구 여의도동,서울특별시 영등포구 여의대방로70길 7 (여의도동),근린생활2,제2종근린생활시설,102017272,지번
1156013200114330003,서울특별시 영등포구 신길동,서울특별시 영등포구 여의대방로 308 (신길동),근린생활2,제2종근린생활시설,1020126514,지번
1156012800101510002,서울특별시 영등포구 양평동4가,서울특별시 영등포구 양평로 100 (양평동4가),근린생활2,제2종근린생활시설,1020117264,지번
1156012800100320017,서울특별시 영등포구 양평동4가,서울특별시 영등포구 선유동2로 65 (양평동4가),근린생활2,제2종근린생활시설,1020117086,지번
1156011500100070002,서울특별시 영등포구 당산동5가,서울특별시 영등포구 선유동2로 56 (당산동5가),판매시설,공동주택,102019717,지번
1156011500100070002,서울특별시 영등포구 당산동5가,서울특별시 영등포구 선유동2로 56 (당산동5가),판매시설,공동주택,102019718,지번
1156011500100070002,서울특별시 영등포구 당산동5가,서울특별시 영등포구 선유동2로 46 (당산동5가),판매시설,판매시설,102019719,지번
1156011500100070002,서울특별시 영등포구 당산동5가,서울특별시 영등포구 선유동2로 56 (당산동5가),판매시설,공동주택,102019720,지번
1156011500100070002,서울특별시 영등포구 당산동5가,서울특별시 영등포구 선유동2로 56 (당산동5가),판매시설,공동주택,102019721,지번
1156011500100070002,서울특별시 영등포구 당산동5가,서울특별시 영등포구 선유동2로 56 (당산동5가),판매시설,공동주택,102019722,지번
1156011400100630000,서울특별시 영등포구 당산동4가,서울특별시 영등포구 당산로37길 5 (당산동4가),근린생활1,제1종근린생활시설,102019451,지번
1156011300102400000,서울특별시 영등포구 당산동3가,서울특별시 영등포구 당산로 130 (당산동3가),근린생활1,제1종근린생활시설,102018750,지번
1156011400100730007,서울특별시 영등포구 당산동4가,서울특별시 영등포구 당산로 161-11 (당산동4가),근린생활1,제1종근린생활시설,102019463,지번
1156011300101590000,서울특별시 영등포구 당산동3가,서울특별시 영등포구 당산로32길 5-1 (당산동3가),근린생활1,제1종근린생활시설,102018654,지번
1156011300101500001,서울특별시 영등포구 당산동3가,서울특별시 영등포구 국회대로34길 3-1 (당산동3가),근린생활2,제2종근린생활시설,102018640,지번
1156011300103870003,서울특별시 영등포구 당산동3가,서울특별시 영등포구 당산로 135 (당산동3가),근린생활2,제2종근린생활시설,102018875,지번
1156011300101950001,서울특별시 영등포구 당산동3가,서울특별시 영등포구 국회대로34길 4 (당산동3가),근린생활2,제2종근린생활시설,102018684,지번
1156012800102370001,서울특별시 영등포구 양평동4가,서울특별시 영등포구 양평로20길 16 (양평동4가),근린생활1,제1종근린생활시설,1020117422,지번
1156012700100670016,서울특별시 영등포구 양평동3가,서울특별시 영등포구 선유로 170 (양평동3가),근린생활2,제2종근린생활시설,1020116832,지번
1156011800102420002,서울특별시 영등포구 도림동,서울특별시 영등포구 도림로 347-2 (도림동),근린생활2,제2종근린생활시설,1020112790,지번
1156011100101500003,서울특별시 영등포구 당산동1가,서울특별시 영등포구 영신로43길 11 (당산동1가),근린생활1,제1종근린생활시설,102017549,지번
1156013300106680013,서울특별시 영등포구 대림동,서울특별시 영등포구 가마산로 383 (대림동),근린생활2,제2종근린생활시설,1020130373,지번
1156011100101510009,서울특별시 영등포구 당산동1가,서울특별시 영등포구 영신로39길 12 (당산동1가),근린생활1,제1종근린생활시설,102017558,지번
1156013200135750000,서울특별시 영등포구 신길동,서울특별시 영등포구 신풍로 33 (신길동),근린생활1,제1종근린생활시설,1020128087,지번
1156013200104190004,서울특별시 영등포구 신길동,,근린생활2,제2종근린생활시설,1020125094,지번
1156013300106820012,서울특별시 영등포구 대림동,서울특별시 영등포구 가마산로46가길 22 (대림동),근린생활1,제1종근린생활시설,1020130491,지번
1156013200113510003,서울특별시 영등포구 신길동,서울특별시 영등포구 여의대방로61길 2 (신길동),근린생활1,제1종근린생활시설,1020126479,지번
1156011000100440031,서울특별시 영등포구 여의도동,서울특별시 영등포구 여의대방로67길 11 (여의도동),근린생활1,제1종근린생활시설,102017065,지번
1156011000100530001,서울특별시 영등포구 여의도동,서울특별시 영등포구 국제금융로 106 (여의도동),근린생활1,제1종근린생활시설,102017081,지번
1156013200114370000,서울특별시 영등포구 신길동,서울특별시 영등포구 여의대방로62길 4 (신길동),근린생활2,제2종근린생활시설,1020126516,지번
1156011000100540006,서울특별시 영등포구 여의도동,서울특별시 영등포구 여의대방로68길 15 (여의도동),근린생활2,제2종근린생활시설,102017279,지번
1156012700100790004,서울특별시 영등포구 양평동3가,서울특별시 영등포구 선유동2로 29 (양평동3가),근린생활1,공동주택,1020116988,지번
1156012700100790004,서울특별시 영등포구 양평동3가,서울특별시 영등포구 선유동2로 29 (양평동3가),근린생활1,공동주택,1020116989,지번
1156012700100790004,서울특별시 영등포구 양평동3가,서울특별시 영등포구 선유동2로 29 (양평동3가),근린생활1,공동주택,1020116990,지번
1156012700100790004,서울특별시 영등포구 양평동3가,서울특별시 영등포구 선유동2로 29 (양평동3가),근린생활1,제1종근린생활시설,1020116991,지번
1156012800101490005,서울특별시 영등포구 양평동4가,서울특별시 영등포구 양평로 104-2 (양평동4가),근린생활1,제1종근린생활시설,1020117259,지번
1156012800100710001,서울특별시 영등포구 양평동4가,서울특별시 영등포구 양평로 103-1 (양평동4가),근린생활2,제2종근린생활시설,1020117127,지번
1156013000100780000,서울특별시 영등포구 양평동6가,서울특별시 영등포구 양평로30길 22 (양평동6가),판매시설,판매시설,1020117913,지번
1156011300103950026,서울특별시 영등포구 당산동3가,서울특별시 영등포구 당산로31길 24 (당산동3가),근린생활2,제2종근린생활시설,102018902,지번
1156011300103950041,서울특별시 영등포구 당산동3가,서울특별시 영등포구 당산로31길 22 (당산동3가),근린생활2,제2종근린생활시설,102018912,지번
1156012800101450003,서울특별시 영등포구 양평동4가,서울특별시 영등포구 양평로20길 4 (양평동4가),근린생활1,제1종근린생활시설,1020117245,지번
1156012800100290001,서울특별시 영등포구 양평동4가,서울특별시 영등포구 선유로 258 (양평동4가),근린생활2,업무시설,1000000000000004994435,지번
1156011300102270002,서울특별시 영등포구 당산동3가,서울특별시 영등포구 국회대로36길 16-1 (당산동3가),근린생활2,제2종근린생활시설,102018717,지번
1156012800100340003,서울특별시 영등포구 양평동4가,서울특별시 영등포구 선유로 247 (양평동4가),근린생활2,제2종근린생활시설,1020117090,지번
1156012800100600000,서울특별시 영등포구 양평동4가,서울특별시 영등포구 선유로49길 2-1 (양평동4가),근린생활2,제2종근린생활시설,1020117104,지번
1156012800101530006,서울특별시 영등포구 양평동4가,서울특별시 영등포구 양평로 90 (양평동4가),근린생활2,제2종근린생활시설,1020117280,지번
1156011100100750001,서울특별시 영등포구 당산동1가,서울특별시 영등포구 영신로37길 9 (당산동1가),근린생활1,제1종근린생활시설,102017432,지번
1156011800102510000,서울특별시 영등포구 도림동,서울특별시 영등포구 도신로17길 4 (도림동),근린생활2,제2종근린생활시설,1020112890,지번
1156011100102070000,서울특별시 영등포구 당산동1가,서울특별시 영등포구 양산로 152-1 (당산동1가),근린생활1,제1종근린생활시설,102017750,지번
1156013300106810008,서울특별시 영등포구 대림동,서울특별시 영등포구 가마산로46가길 4 (대림동),근린생활1,제1종근린생활시설,1020130478,지번
1156011100102060000,서울특별시 영등포구 당산동1가,서울특별시 영등포구 양산로 154 (당산동1가),근린생활1,제1종근린생활시설,102017749,지번
1156013300106800001,서울특별시 영등포구 대림동,서울특별시 영등포구 가마산로46가길 9 (대림동),근린생활2,제2종근린생활시설,1020130459,지번
1156012800101710000,서울특별시 영등포구 양평동4가,서울특별시 영등포구 선유로53길 21-1 (양평동4가),근린생활1,제1종근린생활시설,1020117318,지번
1156011000100440006,서울특별시 영등포구 여의도동,서울특별시 영등포구 여의대방로67길 18 (여의도동),근린생활2,제2종근린생활시설,102017061,지번
1156011000100350004,서울특별시 영등포구 여의도동,서울특별시 영등포구 국제금융로6길 38 (여의도동),근린생활1,제1종근린생활시설,102017042,지번
1156011000100410001,서울특별시 영등포구 여의도동,서울특별시 영등포구 국제금융로7길 22 (여의도동),판매시설,판매시설,102017200,지번
1156012800101470003,서울특별시 영등포구 양평동4가,서울특별시 영등포구 양평로 108 (양평동4가),근린생활1,제1종근린생활시설,1020117250,지번
1156012800100910000,서울특별시 영등포구 양평동4가,서울특별시 영등포구 선유로49길 29 (양평동4가),근린생활2,제2종근린생활시설,1020117172,지번
1156012700100670002,서울특별시 영등포구 양평동3가,서울특별시 영등포구 선유로 166 (양평동3가),근린생활2,제2종근린생활시설,1020116831,지번
1156012900101250004,서울특별시 영등포구 양평동5가,서울특별시 영등포구 양평로22길 29 (양평동5가),근린생활2,제2종근린생활시설,1020117772,지번
1156012700100020001,서울특별시 영등포구 양평동3가,서울특별시 영등포구 선유동1로 33 (양평동3가),근린생활2,제2종근린생활시설,1020116690,지번
1156012800102020000,서울특별시 영등포구 양평동4가,서울특별시 영등포구 양평로22길 14 (양평동4가),근린생활1,제1종근린생활시설,1020117359,지번
1156012800101200000,서울특별시 영등포구 양평동4가,서울특별시 영등포구 양평로 114 (양평동4가),근린생활2,제2종근린생활시설,1020117211,지번
1156012800100160001,서울특별시 영등포구 양평동4가,서울특별시 영등포구 양평로21길 25 (양평동4가),근린생활1,공장,1020117050,지번
1156012800100160001,서울특별시 영등포구 양평동4가,서울특별시 영등포구 양평로21길 25 (양평동4가),근린생활1,노유자시설,1020117051,지번
1156012800100160001,서울특별시 영등포구 양평동4가,서울특별시 영등포구 양평로21길 25 (양평동4가),근린생활1,교육연구시설,1020117052,지번
1156012800100160001,서울특별시 영등포구 양평동4가,서울특별시 영등포구 양평로21길 25 (양평동4가),근린생활1,분뇨.쓰레기처리시설,1020117053,지번
1156012800100160001,서울특별시 영등포구 양평동4가,서울특별시 영등포구 양평로21길 25 (양평동4가),근린생활1,제1종근린생활시설,1020117054,지번
1156012800100160001,서울특별시 영등포구 양평동4가,서울특별시 영등포구 양평로21길 25 (양평동4가),근린생활1,제1종근린생활시설,1020117055,지번
1156011500100070050,서울특별시 영등포구 당산동5가,서울특별시 영등포구 당산로41길 18 (당산동5가),근린생활1,제1종근린생활시설,102019664,지번
1156011300102130000,서울특별시 영등포구 당산동3가,서울특별시 영등포구 당산로 136-1 (당산동3가),근린생활1,제1종근린생활시설,102018696,지번
1156013200105090003,서울특별시 영등포구 신길동,서울특별시 영등포구 신풍로 107-1 (신길동),근린생활2,제2종근린생활시설,1020125963,지번
1156013200105090003,서울특별시 영등포구 신길동,서울특별시 영등포구 신풍로 109 (신길동),근린생활2,제1종근린생활시설,1020125964,지번
1156013200128620000,서울특별시 영등포구 신길동,서울특별시 영등포구 신풍로7길 1 (신길동),근린생활1,제1종근린생활시설,1020127510,지번
1156011800102530116,서울특별시 영등포구 도림동,서울특별시 영등포구 도신로15가길 13 (도림동),근린생활1,제1종근린생활시설,1020112936,지번
1156013200114100000,서울특별시 영등포구 신길동,서울특별시 영등포구 여의대방로61길 5-5 (신길동),근린생활2,제2종근린생활시설,1020126509,지번
1156013200113590000,서울특별시 영등포구 신길동,서울특별시 영등포구 여의대방로61길 5-7 (신길동),근린생활1,제1종근린생활시설,1020126487,지번
1156013200114130000,서울특별시 영등포구 신길동,서울특별시 영등포구 여의대방로59길 2 (신길동),근린생활1,제1종근린생활시설,1020126511,지번
1156013200114230000,서울특별시 영등포구 신길동,서울특별시 영등포구 여의대방로61길 5-6 (신길동),근린생활1,제1종근린생활시설,1020129555,지번
1156011400100730012,서울특별시 영등포구 당산동4가,서울특별시 영등포구 당산로35길 6-1 (당산동4가),근린생활1,제1종근린생활시설,102019468,지번
1156011300103870001,서울특별시 영등포구 당산동3가,서울특별시 영등포구 당산로 139 (당산동3가),근린생활1,제1종근린생활시설,102018873,지번
1156012900100560001,서울특별시 영등포구 양평동5가,서울특별시 영등포구 양평로 138 (양평동5가),근린생활1,제1종근린생활시설,1020117684,지번
1156012800102620001,서울특별시 영등포구 양평동4가,서울특별시 영등포구 양평로18길 15 (양평동4가),근린생활2,자동차관련시설,1000000000000006297274,지번
1156010300100280139,서울특별시 영등포구 영등포동2가,서울특별시 영등포구 버드나루로5길 10 (영등포동2가),근린생활1,제1종근린생활시설,102013608,지번
1156011300102570004,서울특별시 영등포구 당산동3가,서울특별시 영등포구 당산로30길 8 (당산동3가),근린생활2,제2종근린생활시설,102018761,지번
1156011000100550000,서울특별시 영등포구 여의도동,서울특별시 영등포구 여의대방로 380 (여의도동),근린생활1,단독주택,10201100191414,지번
1156011000100550000,서울특별시 영등포구 여의도동,서울특별시 영등포구 여의대방로 380 (여의도동),근린생활1,제1종근린생활시설,102017090,지번
1156011000100540007,서울특별시 영등포구 여의도동,서울특별시 영등포구 여의대방로68길 17 (여의도동),근린생활2,제2종근린생활시설,102017089,지번
1156013200113670001,서울특별시 영등포구 신길동,서울특별시 영등포구 여의대방로61길 1 (신길동),근린생활2,공동주택,1020129549,지번
1156013200113670001,서울특별시 영등포구 신길동,서울특별시 영등포구 여의대방로59길 12-8 (신길동),근린생활2,공동주택,1020129550,지번
1156013200113670001,서울특별시 영등포구 신길동,서울특별시 영등포구 여의대방로59길 12-8 (신길동),근린생활2,공동주택,1020129551,지번
1156013200113670001,서울특별시 영등포구 신길동,서울특별시 영등포구 여의대방로61길 1-1 (신길동),근린생활2,제2종근린생활시설,1020129552,지번
1156012800100660002,서울특별시 영등포구 양평동4가,서울특별시 영등포구 양평로 95 (양평동4가),근린생활2,제2종근린생활시설,1000000000000005763753,지번
1156011300101290000,서울특별시 영등포구 당산동3가,서울특별시 영등포구 국회대로36길 10 (당산동3가),근린생활2,제2종근린생활시설,102018623,지번
1156012800100970000,서울특별시 영등포구 양평동4가,서울특별시 영등포구 양평로19길 4 (양평동4가),근린생활1,제1종근린생활시설,1020117177,지번
1156012800100780004,서울특별시 영등포구 양평동4가,서울특별시 영등포구 선유로49길 15-2 (양평동4가),근린생활1,제1종근린생활시설,1020117152,지번
1156011500100070035,서울특별시 영등포구 당산동5가,서울특별시 영등포구 당산로41길 26 (당산동5가),근린생활2,제2종근린생활시설,10201100193675,지번
1156012800100030001,서울특별시 영등포구 양평동4가,서울특별시 영등포구 선유로 246 (양평동4가),근린생활2,제2종근린생활시설,1020117030,지번
1156012900100880006,서울특별시 영등포구 양평동5가,서울특별시 영등포구 양평로22길 13 (양평동5가),근린생활2,제2종근린생활시설,1020117726,지번
1156012800100070001,서울특별시 영등포구 양평동4가,서울특별시 영등포구 선유로 233 (양평동4가),근린생활2,제2종근린생활시설,1020117034,지번
1156012700100930002,서울특별시 영등포구 양평동3가,서울특별시 영등포구 선유로43나길 16-1 (양평동3가),근린생활2,제2종근린생활시설,10201100194396,지번
1156011300103880000,서울특별시 영등포구 당산동3가,서울특별시 영등포구 당산로33길 7 (당산동3가),근린생활2,제2종근린생활시설,102018876,지번
1156012700100650000,서울특별시 영등포구 양평동3가,서울특별시 영등포구 선유로 156 (양평동3가),근린생활1,제1종근린생활시설,1020116829,지번
1156012700100650000,서울특별시 영등포구 양평동3가,서울특별시 영등포구 선유로 156 (양평동3가),근린생활1,제1종근린생활시설,1020116830,지번
1156011400100930001,서울특별시 영등포구 당산동4가,서울특별시 영등포구 국회대로 543 (당산동4가),근린생활2,제1종근린생활시설,1000000000000007227005,지번
1156013300110320001,서울특별시 영등포구 대림동,서울특별시 영등포구 디지털로 386 (대림동),근린생활2,제2종근린생활시설,1020133958,지번
1156012900100310000,서울특별시 영등포구 양평동5가,서울특별시 영등포구 양평로21가길 8 (양평동5가),근린생활1,제1종근린생활시설,1020117667,지번
1156013300110510003,서울특별시 영등포구 대림동,서울특별시 영등포구 도림로37길 3-1 (대림동),근린생활2,제2종근린생활시설,10201100258728,지번
1156013200135740015,서울특별시 영등포구 신길동,서울특별시 영등포구 신풍로 31-14 (신길동),근린생활1,제1종근린생활시설,1020128085,지번
1156011800102470057,서울특별시 영등포구 도림동,서울특별시 영등포구 도신로15가길 15 (도림동),근린생활1,제1종근린생활시설,1020112872,지번
1156011000100530022,서울특별시 영등포구 여의도동,서울특별시 영등포구 국제금융로 124 (여의도동),근린생활1,제1종근린생활시설,10201100193614,지번
1156013200113730000,서울특별시 영등포구 신길동,서울특별시 영등포구 노량진로 7 (신길동),근린생활1,단독주택,1020126497,지번
1156013200113730000,서울특별시 영등포구 신길동,서울특별시 영등포구 노량진로 7 (신길동),근린생활1,제1종근린생활시설,1020126498,지번
1156011300105580002,서울특별시 영등포구 당산동3가,서울특별시 영등포구 당산로31길 33 (당산동3가),근린생활2,제2종근린생활시설,10201100191834,지번
1156011300105580002,서울특별시 영등포구 당산동3가,서울특별시 영등포구 당산로31길 33 (당산동3가),근린생활2,제2종근린생활시설,102019030,지번
1156012900101200002,서울특별시 영등포구 양평동5가,서울특별시 영등포구 양평로22길 31 (양평동5가),근린생활2,제2종근린생활시설,1020117747,지번
1156011100100040014,서울특별시 영등포구 당산동1가,,근린생활1,제1종근린생활시설,102017299,지번
1156012800102770003,서울특별시 영등포구 양평동4가,서울특별시 영등포구 선유로53길 8-1 (양평동4가),근린생활2,제2종근린생활시설,1020117493,지번
1156012700100930004,서울특별시 영등포구 양평동3가,서울특별시 영등포구 선유로43나길 18-1 (양평동3가),근린생활2,제2종근린생활시설,10201100194399,지번
1156012800100790002,서울특별시 영등포구 양평동4가,서울특별시 영등포구 선유로49길 17 (양평동4가),근린생활2,제2종근린생활시설,1020117158,지번
1156012800102690000,서울특별시 영등포구 양평동4가,서울특별시 영등포구 선유로55길 11 (양평동4가),근린생활2,제2종근린생활시설,1020117468,지번
1156012800101300000,서울특별시 영등포구 양평동4가,서울특별시 영등포구 양평로22길 2 (양평동4가),근린생활2,제2종근린생활시설,1020117226,지번
1156012800101530011,서울특별시 영등포구 양평동4가,서울특별시 영등포구 선유로 265 (양평동4가),근린생활2,제2종근린생활시설,1020117281,지번
1156012700100490001,서울특별시 영등포구 양평동3가,서울특별시 영등포구 선유로 145 (양평동3가),근린생활2,제2종근린생활시설,1020116789,지번
1156013200104190003,서울특별시 영등포구 신길동,서울특별시 영등포구 도림로 249-3 (신길동),근린생활1,제1종근린생활시설,1020125093,지번
1156013300110510023,서울특별시 영등포구 대림동,서울특별시 영등포구 도림로33길 8 (대림동),근린생활2,제2종근린생활시설,10201100259796,지번
1156013300110480011,서울특별시 영등포구 대림동,서울특별시 영등포구 대림로23길 29 (대림동),근린생활2,제2종근린생활시설,10201100271968,지번
1156013200104250034,서울특별시 영등포구 신길동,서울특별시 영등포구 신풍로 17 (신길동),근린생활2,제2종근린생활시설,1020125252,지번
1156013200104210018,서울특별시 영등포구 신길동,서울특별시 영등포구 도림로 251-2 (신길동),근린생활1,제1종근린생활시설,1020125230,지번
1156012500100010039,서울특별시 영등포구 양평동1가,서울특별시 영등포구 문래북로 53-3 (양평동1가),근린생활2,제2종근린생활시설,1020115482,지번
1156010100104260090,서울특별시 영등포구 영등포동,서울특별시 영등포구 경인로 822 (영등포동),근린생활1,제1종근린생활시설,102012310,지번
1156013200104280009,서울특별시 영등포구 신길동,서울특별시 영등포구 신풍로 12 (신길동),근린생활1,제1종근린생활시설,1020125264,지번
1156013200104280012,서울특별시 영등포구 신길동,서울특별시 영등포구 신풍로 20 (신길동),근린생활1,제1종근린생활시설,1020125267,지번
1156013200128230000,서울특별시 영등포구 신길동,서울특별시 영등포구 신풍로 42 (신길동),근린생활2,제2종근린생활시설,1020127491,지번
1156013200104240010,서울특별시 영등포구 신길동,서울특별시 영등포구 신풍로 19 (신길동),근린생활1,제1종근린생활시설,1020125238,지번
1156013300106830007,서울특별시 영등포구 대림동,서울특별시 영등포구 대림로34바길 7-1 (대림동),근린생활1,제1종근린생활시설,1020130500,지번
1156011000100440037,서울특별시 영등포구 여의도동,서울특별시 영등포구 여의대방로 375 (여의도동),근린생활2,제2종근린생활시설,102017229,지번
1156013200128300000,서울특별시 영등포구 신길동,서울특별시 영등포구 신풍로8길 2-4 (신길동),근린생활2,제2종근린생활시설,1020127495,지번
1156013200104280004,서울특별시 영등포구 신길동,서울특별시 영등포구 신풍로 18 (신길동),근린생활1,제1종근린생활시설,1020125261,지번
1156013200104250015,서울특별시 영등포구 신길동,서울특별시 영등포구 신풍로 20-1 (신길동),근린생활1,제1종근린생활시설,1020125244,지번
1156013200128260000,서울특별시 영등포구 신길동,서울특별시 영등포구 신풍로 40-1 (신길동),근린생활1,제1종근린생활시설,1020127493,지번
1156013200123490000,서울특별시 영등포구 신길동,서울특별시 영등포구 신풍로11길 32-1 (신길동),판매시설,판매시설,10201100192974,지번
1156013200105070001,서울특별시 영등포구 신길동,서울특별시 영등포구 여의대방로31길 7 (신길동),근린생활1,공동주택,1020129505,지번
1156013200105100002,서울특별시 영등포구 신길동,서울특별시 영등포구 여의대방로31길 16 (신길동),근린생활2,제2종근린생활시설,1020125968,지번
1156012800101100002,서울특별시 영등포구 양평동4가,서울특별시 영등포구 선유로49길 32-1 (양평동4가),근린생활2,제2종근린생활시설,1020117200,지번
1156011000100340006,서울특별시 영등포구 여의도동,서울특별시 영등포구 여의나루로4길 23 (여의도동),근린생활1,제1종근린생활시설,102017033,지번
1156013200115300000,서울특별시 영등포구 신길동,서울특별시 영등포구 신풍로 103-1 (신길동),근린생활1,제1종근린생활시설,1020126590,지번
1156013200115140006,서울특별시 영등포구 신길동,서울특별시 영등포구 신풍로 107 (신길동),근린생활2,제2종근린생활시설,1020126579,지번
1156011000100250015,서울특별시 영등포구 여의도동,서울특별시 영등포구 여의나루로 61 (여의도동),근린생활1,제1종근린생활시설,102017014,지번
1156011000100360004,서울특별시 영등포구 여의도동,서울특별시 영등포구 국제금융로8길 34 (여의도동),근린생활2,제2종근린생활시설,102017179,지번
1156013200104280011,서울특별시 영등포구 신길동,서울특별시 영등포구 신풍로 18-1 (신길동),근린생활2,제2종근린생활시설,1020125266,지번
1156013200104280008,서울특별시 영등포구 신길동,서울특별시 영등포구 신풍로 14 (신길동),근린생활1,제1종근린생활시설,1020125263,지번
1156013200104290018,서울특별시 영등포구 신길동,서울특별시 영등포구 신풍로 6 (신길동),근린생활1,제1종근린생활시설,1020125283,지번
1156013300106790008,서울특별시 영등포구 대림동,서울특별시 영등포구 대림로34아길 1 (대림동),근린생활1,제1종근린생활시설,1020130456,지번
1156013200104250023,서울특별시 영등포구 신길동,서울특별시 영등포구 신풍로 22 (신길동),근린생활1,제1종근린생활시설,1020125245,지번
1156013200104250001,서울특별시 영등포구 신길동,서울특별시 영등포구 신풍로 13 (신길동),근린생활2,제2종근린생활시설,1020125239,지번
1156013200128630000,서울특별시 영등포구 신길동,서울특별시 영등포구 신풍로 39 (신길동),근린생활1,제1종근린생활시설,1020127511,지번
1156011000100440025,서울특별시 영등포구 여의도동,서울특별시 영등포구 여의대방로67길 21 (여의도동),근린생활2,제2종근린생활시설,102017224,지번
1156011000100440011,서울특별시 영등포구 여의도동,서울특별시 영등포구 의사당대로1길 34 (여의도동),근린생활1,제1종근린생활시설,102017062,지번
1156011000100440012,서울특별시 영등포구 여의도동,서울특별시 영등포구 여의대방로67길 8 (여의도동),근린생활2,제2종근린생활시설,102017218,지번
1156010600100050000,서울특별시 영등포구 영등포동5가,서울특별시 영등포구 영등포로43길 4 (영등포동5가),근린생활2,제2종근린생활시설,102014933,지번
1156013200115150006,서울특별시 영등포구 신길동,서울특별시 영등포구 신풍로 105-2 (신길동),근린생활2,제2종근린생활시설,1020126581,지번
1156013200115270000,서울특별시 영등포구 신길동,서울특별시 영등포구 신풍로 103 (신길동),근린생활1,제1종근린생활시설,1020126588,지번
1156013200105090002,서울특별시 영등포구 신길동,서울특별시 영등포구 신풍로23길 1 (신길동),근린생활2,제2종근린생활시설,1020125962,지번
1156013200105080000,서울특별시 영등포구 신길동,서울특별시 영등포구 신풍로 113 (신길동),근린생활1,제1종근린생활시설,1020129506,지번
1156012600100330077,서울특별시 영등포구 양평동2가,서울특별시 영등포구 영등포로5길 48 (양평동2가),근린생활2,제2종근린생활시설,1020116549,지번
1156012900101130000,서울특별시 영등포구 양평동5가,서울특별시 영등포구 양평로22마길 28 (양평동5가),근린생활2,제1종근린생활시설,1020117745,지번
1156012900101310002,서울특별시 영등포구 양평동5가,서울특별시 영등포구 양평로28길 34 (양평동5가),근린생활2,제2종근린생활시설,1020117776,지번
1156012800100140005,서울특별시 영등포구 양평동4가,서울특별시 영등포구 양평로19길 31 (양평동4가),근린생활1,제1종근린생활시설,1020117042,지번
1156012800100940000,서울특별시 영등포구 양평동4가,서울특별시 영등포구 선유로47길 34 (양평동4가),근린생활2,공동주택,1020117590,지번
1156012800100940000,서울특별시 영등포구 양평동4가,서울특별시 영등포구 선유로47길 34 (양평동4가),근린생활2,공동주택,1020117591,지번
1156012800100940000,서울특별시 영등포구 양평동4가,서울특별시 영등포구 선유로47길 34 (양평동4가),근린생활2,제2종근린생활시설,1020117592,지번
1156013000100690000,서울특별시 영등포구 양평동6가,서울특별시 영등포구 양평로28마길 18 (양평동6가),근린생활1,제1종근린생활시설,1020117899,지번
1156012700100320011,서울특별시 영등포구 양평동3가,서울특별시 영등포구 선유서로 127 (양평동3가),근린생활1,제1종근린생활시설,1020116749,지번
1156013100101530006,서울특별시 영등포구 양화동,서울특별시 영등포구 노들로 11 (양화동),근린생활1,"국방,군사시설",1000000000000004220005,본번
1156012800101610016,서울특별시 영등포구 양평동4가,서울특별시 영등포구 선유로51길 4-7 (양평동4가),근린생활1,제1종근린생활시설,1020117596,지번
1156012800101010002,서울특별시 영등포구 양평동4가,서울특별시 영등포구 양평로 119-1 (양평동4가),근린생활1,제1종근린생활시설,1020117188,지번
1156012800100920001,서울특별시 영등포구 양평동4가,서울특별시 영등포구 선유로49길 29-1 (양평동4가),근린생활2,제2종근린생활시설,1020117173,지번
1156012900100070009,서울특별시 영등포구 양평동5가,서울특별시 영등포구 양평로21다길 15 (양평동5가),근린생활1,제1종근린생활시설,1020117642,지번
1156012500102220005,서울특별시 영등포구 양평동1가,서울특별시 영등포구 양산로 50 (양평동1가),근린생활1,제1종근린생활시설,1020115985,지번
1156012900100020005,서울특별시 영등포구 양평동5가,서울특별시 영등포구 양평로21길 20 (양평동5가),근린생활2,제2종근린생활시설,1020117619,지번
1156012900101070008,서울특별시 영등포구 양평동5가,서울특별시 영등포구 양평로22마길 10-1 (양평동5가),근린생활2,제2종근린생활시설,1020117739,지번
1156012900101200006,서울특별시 영등포구 양평동5가,서울특별시 영등포구 양평로22사길 3 (양평동5가),근린생활1,제1종근린생활시설,1020117751,지번
1156013000100900001,서울특별시 영등포구 양평동6가,서울특별시 영등포구 양평로28가길 43 (양평동6가),근린생활2,공동주택,1000000000000000066269,지번
1156013000100900001,서울특별시 영등포구 양평동6가,서울특별시 영등포구 양평로28가길 43 (양평동6가),근린생활2,공동주택,1000000000000000066336,지번
1156013000100900001,서울특별시 영등포구 양평동6가,서울특별시 영등포구 양평로28가길 43 (양평동6가),근린생활2,공동주택,1000000000000000066352,지번
1156011300101830000,서울특별시 영등포구 당산동3가,서울특별시 영등포구 당산로32길 1-4 (당산동3가),근린생활1,제1종근린생활시설,102018675,지번
1156012800101610014,서울특별시 영등포구 양평동4가,서울특별시 영등포구 선유로53길 3 (양평동4가),근린생활1,제1종근린생활시설,1020117303,지번
1156011300103980008,서울특별시 영등포구 당산동3가,서울특별시 영등포구 양산로19길 13-7 (당산동3가),근린생활2,제2종근린생활시설,102018932,지번
1156012800102300001,서울특별시 영등포구 양평동4가,서울특별시 영등포구 양평로20길 11-2 (양평동4가),근린생활2,제2종근린생활시설,1020117401,지번
1156011400100710000,서울특별시 영등포구 당산동4가,서울특별시 영등포구 국회대로29길 14-1 (당산동4가),근린생활2,제2종근린생활시설,10201100191115,지번
1156013000100020004,서울특별시 영등포구 양평동6가,서울특별시 영등포구 양평로28길 5 (양평동6가),근린생활1,업무시설,10201100279369,지번
1156013000100020004,서울특별시 영등포구 양평동6가,서울특별시 영등포구 양평로28길 5 (양평동6가),근린생활1,업무시설,10201100279424,지번
1156013000100020004,서울특별시 영등포구 양평동6가,서울특별시 영등포구 양평로28길 5 (양평동6가),근린생활1,업무시설,10201100279464,지번
1156013000100020004,서울특별시 영등포구 양평동6가,서울특별시 영등포구 양평로28길 5 (양평동6가),근린생활1,업무시설,10201100279517,지번
1156012500102700000,서울특별시 영등포구 양평동1가,서울특별시 영등포구 양산로 56 (양평동1가),근린생활2,공동주택,1020116397,지번
1156012500102700000,서울특별시 영등포구 양평동1가,서울특별시 영등포구 양산로 56 (양평동1가),근린생활2,제2종근린생활시설,1020116398,지번
1156012900101070005,서울특별시 영등포구 양평동5가,서울특별시 영등포구 양평로22마길 6-1 (양평동5가),근린생활1,제1종근린생활시설,1020117737,지번
1156012600100350009,서울특별시 영등포구 양평동2가,서울특별시 영등포구 영등포로5길 45 (양평동2가),근린생활2,제2종근린생활시설,1020116570,지번
1156011300101670000,서울특별시 영등포구 당산동3가,서울특별시 영등포구 국회대로34길 7-1 (당산동3가),근린생활2,제2종근린생활시설,102018659,지번
1156011300102280008,서울특별시 영등포구 당산동3가,서울특별시 영등포구 국회대로34길 13 (당산동3가),근린생활1,제1종근린생활시설,102018725,지번
1156012800101070000,서울특별시 영등포구 양평동4가,서울특별시 영등포구 선유로49길 34-2 (양평동4가),근린생활1,제1종근린생활시설,1020117196,지번
1156012700100320014,서울특별시 영등포구 양평동3가,서울특별시 영등포구 선유서로31길 2 (양평동3가),근린생활1,제1종근린생활시설,1020116752,지번
1156011300103950010,서울특별시 영등포구 당산동3가,서울특별시 영등포구 당산로31길 18 (당산동3가),근린생활1,제1종근린생활시설,102018894,지번
1156012700100330016,서울특별시 영등포구 양평동3가,서울특별시 영등포구 선유서로31길 8 (양평동3가),근린생활1,제1종근린생활시설,1020116770,지번
1156011300105590000,서울특별시 영등포구 당산동3가,서울특별시 영등포구 당산로31길 32 (당산동3가),판매영업,공동주택,10201100194015,지번
1156011300105590000,서울특별시 영등포구 당산동3가,서울특별시 영등포구 당산로31길 32 (당산동3가),판매영업,공동주택,10201100194112,지번
1156011300105590000,서울특별시 영등포구 당산동3가,서울특별시 영등포구 당산로31길 32 (당산동3가),판매영업,공동주택,10201100194193,지번
1156011300105590000,서울특별시 영등포구 당산동3가,서울특별시 영등포구 당산로31길 34 (당산동3가),판매영업,판매및영업시설,10201100194987,지번
1156012800100730000,서울특별시 영등포구 양평동4가,서울특별시 영등포구 양평로 109 (양평동4가),근린생활1,제1종근린생활시설,1020117129,지번
1156012700100490022,서울특별시 영등포구 양평동3가,서울특별시 영등포구 선유로33길 2-1 (양평동3가),근린생활1,제1종근린생활시설,1020116809,지번
1156013000100820003,서울특별시 영등포구 양평동6가,서울특별시 영등포구 양평로30나길 6 (양평동6가),근린생활2,제2종근린생활시설,1020117917,지번
1156012900100700003,서울특별시 영등포구 양평동5가,서울특별시 영등포구 양평로24길 8 (양평동5가),근린생활1,제1종근린생활시설,1020117708,지번
1156013000100910001,서울특별시 영등포구 양평동6가,서울특별시 영등포구 양평로30길 46 (양평동6가),근린생활2,제2종근린생활시설,1020117925,지번
1156013000100910001,서울특별시 영등포구 양평동6가,서울특별시 영등포구 양평로30길 46 (양평동6가),근린생활2,제2종근린생활시설,1020117926,지번
1156012900100020001,서울특별시 영등포구 양평동5가,서울특별시 영등포구 양평로21나길 7 (양평동5가),근린생활2,제2종근린생활시설,1020117616,지번
1156012900101070010,서울특별시 영등포구 양평동5가,서울특별시 영등포구 양평로22마길 12 (양평동5가),근린생활2,제2종근린생활시설,1020117740,지번
1156012800100770003,서울특별시 영등포구 양평동4가,서울특별시 영등포구 양평로17길 12-2 (양평동4가),근린생활2,제2종근린생활시설,1020117143,지번
1156013000100320000,서울특별시 영등포구 양평동6가,서울특별시 영등포구 양평로28아길 12 (양평동6가),근린생활1,제1종근린생활시설,1020117866,지번
1156011300103950002,서울특별시 영등포구 당산동3가,서울특별시 영등포구 국회대로30길 12 (당산동3가),근린생활2,제2종근린생활시설,102018887,지번
1156013000100290002,서울특별시 영등포구 양평동6가,서울특별시 영등포구 양평로28아길 10 (양평동6가),근린생활2,제2종근린생활시설,1020117862,지번
1156013000100190000,서울특별시 영등포구 양평동6가,서울특별시 영등포구 양평로30가길 22 (양평동6가),근린생활1,제1종근린생활시설,1020117850,지번
1156012800100850001,서울특별시 영등포구 양평동4가,서울특별시 영등포구 양평로19길 10 (양평동4가),근린생활1,제1종근린생활시설,1020117168,지번
1156012900100500000,서울특별시 영등포구 양평동5가,서울특별시 영등포구 양평로 154 (양평동5가),근린생활1,제1종근린생활시설,1020117677,지번
1156011300103980002,서울특별시 영등포구 당산동3가,서울특별시 영등포구 양산로19길 13 (당산동3가),근린생활1,제1종근린생활시설,102018928,지번
1156012800101040001,서울특별시 영등포구 양평동4가,서울특별시 영등포구 선유로49길 36 (양평동4가),근린생활1,제1종근린생활시설,1020117194,지번
1156012800100660008,서울특별시 영등포구 양평동4가,서울특별시 영등포구 양평로17길 1 (양평동4가),근린생활2,제2종근린생활시설,1020117117,지번
1156012800100660003,서울특별시 영등포구 양평동4가,서울특별시 영등포구 양평로 95-1 (양평동4가),근린생활2,제2종근린생활시설,1020117113,지번
1156011300101940000,서울특별시 영등포구 당산동3가,서울특별시 영등포구 국회대로34길 4-1 (당산동3가),근린생활1,제1종근린생활시설,102018682,지번
1156012800101270001,서울특별시 영등포구 양평동4가,서울특별시 영등포구 선유로51길 33-1 (양평동4가),근린생활1,제1종근린생활시설,1020117221,지번
1156011300102280001,서울특별시 영등포구 당산동3가,서울특별시 영등포구 당산로32길 10 (당산동3가),근린생활2,제2종근린생활시설,102018719,지번
1156011400100390002,서울특별시 영등포구 당산동4가,서울특별시 영등포구 당산로 161 (당산동4가),근린생활1,제1종근린생활시설,102019428,지번
1156012900100900003,서울특별시 영등포구 양평동5가,서울특별시 영등포구 양평로22나길 8 (양평동5가),근린생활2,제2종근린생활시설,1020117729,지번
1156011300101500002,서울특별시 영등포구 당산동3가,서울특별시 영등포구 국회대로34길 3-2 (당산동3가),근린생활2,제2종근린생활시설,102018641,지번
1156012800101510004,서울특별시 영등포구 양평동4가,서울특별시 영등포구 양평로18길 3 (양평동4가),근린생활1,제1종근린생활시설,1020117266,지번
1156013000100100002,서울특별시 영등포구 양평동6가,서울특별시 영등포구 양평로28다길 5 (양평동6가),근린생활2,제2종근린생활시설,1020117829,지번
1156013000100100002,서울특별시 영등포구 양평동6가,서울특별시 영등포구 양평로28다길 5 (양평동6가),근린생활2,자동차관련시설,1020117830,지번
1156013000100100002,서울특별시 영등포구 양평동6가,서울특별시 영등포구 양평로28다길 5 (양평동6가),근린생활2,제1종근린생활시설,1020117831,지번
1156012800100830002,서울특별시 영등포구 양평동4가,서울특별시 영등포구 양평로19길 12 (양평동4가),근린생활1,제1종근린생활시설,1020117163,지번
1156013000100300003,서울특별시 영등포구 양평동6가,서울특별시 영등포구 양평로30나길 16 (양평동6가),근린생활1,제1종근린생활시설,1020117865,지번
1156012900101070003,서울특별시 영등포구 양평동5가,서울특별시 영등포구 양평로22마길 4 (양평동5가),근린생활1,제1종근린생활시설,1020117735,지번
1156012900101070004,서울특별시 영등포구 양평동5가,서울특별시 영등포구 양평로22마길 6 (양평동5가),근린생활2,제2종근린생활시설,1020117736,지번
1156012900101070002,서울특별시 영등포구 양평동5가,서울특별시 영등포구 양평로22마길 2 (양평동5가),근린생활1,제1종근린생활시설,1020117734,지번
1156012700100770012,서울특별시 영등포구 양평동3가,서울특별시 영등포구 선유로 190 (양평동3가),근린생활1,제1종근린생활시설,1020116854,지번
1156011300103870002,서울특별시 영등포구 당산동3가,서울특별시 영등포구 당산로 137 (당산동3가),근린생활2,제2종근린생활시설,102018874,지번
1156011300103960021,서울특별시 영등포구 당산동3가,서울특별시 영등포구 당산로31길 13 (당산동3가),근린생활2,제2종근린생활시설,102018925,지번
1156012800100740000,서울특별시 영등포구 양평동4가,서울특별시 영등포구 양평로19길 3 (양평동4가),근린생활2,제2종근린생활시설,1020117134,지번
1156012800102070000,서울특별시 영등포구 양평동4가,서울특별시 영등포구 선유로53길 34-9 (양평동4가),근린생활2,제2종근린생활시설,1020117365,지번
1156012800102770001,서울특별시 영등포구 양평동4가,서울특별시 영등포구 선유로53길 6 (양평동4가),근린생활2,제2종근린생활시설,1020117491,지번
1156011300102180000,서울특별시 영등포구 당산동3가,서울특별시 영등포구 당산로32길 3 (당산동3가),근린생활2,제2종근린생활시설,102018700,지번
1156012700100320003,서울특별시 영등포구 양평동3가,서울특별시 영등포구 선유서로 123 (양평동3가),근린생활2,제2종근린생활시설,10201100195269,지번
1156011300102340002,서울특별시 영등포구 당산동3가,서울특별시 영등포구 국회대로34길 20 (당산동3가),근린생활1,제1종근린생활시설,102018743,지번
1156011300102360001,서울특별시 영등포구 당산동3가,서울특별시 영등포구 국회대로34길 18-1 (당산동3가),근린생활2,제2종근린생활시설,102018745,지번
1156013000100170002,서울특별시 영등포구 양평동6가,서울특별시 영등포구 양평로28바길 9 (양평동6가),근린생활1,제1종근린생활시설,10201100194394,지번
1156013000100100001,서울특별시 영등포구 양평동6가,서울특별시 영등포구 양평로28다길 3 (양평동6가),근린생활2,제2종근린생활시설,10201100211356,지번
1156013000100100001,서울특별시 영등포구 양평동6가,서울특별시 영등포구 양평로28다길 3 (양평동6가),근린생활2,공장,1020117827,지번
1156013000100100001,서울특별시 영등포구 양평동6가,서울특별시 영등포구 양평로28다길 3 (양평동6가),근린생활2,제2종근린생활시설,1020117828,지번
1156011300102280009,서울특별시 영등포구 당산동3가,서울특별시 영등포구 국회대로34길 15 (당산동3가),근린생활1,제1종근린생활시설,102018726,지번
1156011400100920005,서울특별시 영등포구 당산동4가,서울특별시 영등포구 국회대로 547 (당산동4가),근린생활2,제2종근린생활시설,102019513,지번
1156011300102420000,서울특별시 영등포구 당산동3가,서울특별시 영등포구 당산로 128 (당산동3가),근린생활2,제2종근린생활시설,102018752,지번
1156011300100820000,서울특별시 영등포구 당산동3가,서울특별시 영등포구 당산로32길 14-1 (당산동3가),근린생활1,제1종근린생활시설,102018573,지번
1156011400100730011,서울특별시 영등포구 당산동4가,서울특별시 영등포구 당산로35길 6 (당산동4가),근린생활1,제1종근린생활시설,102019467,지번
1156012800101980000,서울특별시 영등포구 양평동4가,서울특별시 영등포구 선유로53길 34-15 (양평동4가),근린생활1,제1종근린생활시설,1020117353,지번
1156012800101930000,서울특별시 영등포구 양평동4가,서울특별시 영등포구 선유로51길 36 (양평동4가),근린생활1,제1종근린생활시설,1020117345,지번
1156011300102450000,서울특별시 영등포구 당산동3가,서울특별시 영등포구 당산로 124 (당산동3가),근린생활1,제2종근린생활시설,102018754,지번
1156011300102570006,서울특별시 영등포구 당산동3가,서울특별시 영등포구 양산로23길 15 (당산동3가),근린생활1,제1종근린생활시설,102018762,지번
1156011300102570008,서울특별시 영등포구 당산동3가,서울특별시 영등포구 당산로30길 6 (당산동3가),근린생활2,제2종근린생활시설,102018764,지번
1156011500100070054,서울특별시 영등포구 당산동5가,서울특별시 영등포구 선유동2로 40 (당산동5가),근린생활1,제1종근린생활시설,102019667,지번
1156011300102230007,서울특별시 영등포구 당산동3가,서울특별시 영등포구 당산로30길 7 (당산동3가),근린생활2,제2종근린생활시설,102018708,지번
1156011300102570012,서울특별시 영등포구 당산동3가,서울특별시 영등포구 양산로23길 17 (당산동3가),근린생활1,제1종근린생활시설,102018767,지번
1156011400100560000,서울특별시 영등포구 당산동4가,서울특별시 영등포구 당산로35길 4-7 (당산동4가),근린생활1,제1종근린생활시설,102019444,지번
1156011300101720000,서울특별시 영등포구 당산동3가,서울특별시 영등포구 국회대로34길 10 (당산동3가),근린생활2,제2종근린생활시설,102018664,지번
1156012700100780001,서울특별시 영등포구 양평동3가,서울특별시 영등포구 선유동2로 17 (양평동3가),근린생활2,제2종근린생활시설,1020116902,지번
1156012700100590000,서울특별시 영등포구 양평동3가,서울특별시 영등포구 선유로 157 (양평동3가),근린생활1,제1종근린생활시설,1020116826,지번
1156011300103950003,서울특별시 영등포구 당산동3가,서울특별시 영등포구 국회대로30길 14 (당산동3가),근린생활2,제2종근린생활시설,102018888,지번
1156012900100680000,서울특별시 영등포구 양평동5가,서울특별시 영등포구 양평로22나길 3 (양평동5가),근린생활2,제2종근린생활시설,1020117700,지번
1156012600100360024,서울특별시 영등포구 양평동2가,서울특별시 영등포구 영등포로3길 20-1 (양평동2가),근린생활1,제1종근린생활시설,1020116593,지번
1156011300101820000,서울특별시 영등포구 당산동3가,서울특별시 영등포구 당산로32길 1-6 (당산동3가),근린생활2,제2종근린생활시설,102018674,지번
1156012900101090000,서울특별시 영등포구 양평동5가,서울특별시 영등포구 양평로24길 33 (양평동5가),근린생활2,제2종근린생활시설,1020117744,지번
1156012800100530002,서울특별시 영등포구 양평동4가,서울특별시 영등포구 선유로 257 (양평동4가),근린생활1,제1종근린생활시설,1020117100,지번
1156012800101730002,서울특별시 영등포구 양평동4가,서울특별시 영등포구 양평로20길 6 (양평동4가),근린생활2,제2종근린생활시설,1020117324,지번
1156012900100540001,서울특별시 영등포구 양평동5가,서울특별시 영등포구 양평로22가길 19-1 (양평동5가),근린생활1,제1종근린생활시설,1020117680,지번
1156012800100520002,서울특별시 영등포구 양평동4가,서울특별시 영등포구 선유로47길 8 (양평동4가),근린생활2,제2종근린생활시설,1020117098,지번
1156011400100370005,서울특별시 영등포구 당산동4가,서울특별시 영등포구 당산로35길 5 (당산동4가),근린생활1,제1종근린생활시설,10201100196716,지번
1156011500100070006,서울특별시 영등포구 당산동5가,서울특별시 영등포구 당산로41길 22-1 (당산동5가),근린생활1,제1종근린생활시설,102019634,지번
1156011500100070006,서울특별시 영등포구 당산동5가,서울특별시 영등포구 당산로41길 22-1 (당산동5가),근린생활1,단독주택,102019635,지번
1156011300102280005,서울특별시 영등포구 당산동3가,서울특별시 영등포구 국회대로34길 13-1 (당산동3가),근린생활2,제2종근린생활시설,102018723,지번
1156011300101910000,서울특별시 영등포구 당산동3가,서울특별시 영등포구 당산로32길 1-13 (당산동3가),근린생활1,제1종근린생활시설,102018680,지번
1156012900101070001,서울특별시 영등포구 양평동5가,서울특별시 영등포구 양평로22길 23 (양평동5가),근린생활1,제1종근린생활시설,1020117733,지번
1156011300102060000,서울특별시 영등포구 당산동3가,서울특별시 영등포구 당산로 142-1 (당산동3가),근린생활1,제1종근린생활시설,102018688,지번
1156012700100230004,서울특별시 영등포구 양평동3가,서울특별시 영등포구 선유서로 117 (양평동3가),근린생활2,제2종근린생활시설,1020116961,지번
1156012800101420001,서울특별시 영등포구 양평동4가,서울특별시 영등포구 선유로51길 19-1 (양평동4가),근린생활2,제2종근린생활시설,1020117238,지번
1156012600100340001,서울특별시 영등포구 양평동2가,서울특별시 영등포구 영등포로5길 41 (양평동2가),근린생활1,제1종근린생활시설,1020116551,지번
1156012700101010000,서울특별시 영등포구 양평동3가,서울특별시 영등포구 선유로 207 (양평동3가),근린생활1,공동주택,1020117001,지번
1156012700101010000,서울특별시 영등포구 양평동3가,서울특별시 영등포구 선유로 207 (양평동3가),근린생활1,공동주택,1020117002,지번
1156012700101010000,서울특별시 영등포구 양평동3가,서울특별시 영등포구 선유로 207 (양평동3가),근린생활1,공동주택,1020117003,지번
1156012700101010000,서울특별시 영등포구 양평동3가,서울특별시 영등포구 선유로 207 (양평동3가),근린생활1,공동주택,1020117004,지번
1156012700101010000,서울특별시 영등포구 양평동3가,서울특별시 영등포구 선유로 207 (양평동3가),근린생활1,공동주택,1020117005,지번
1156012700101010000,서울특별시 영등포구 양평동3가,서울특별시 영등포구 선유로 201 (양평동3가),근린생활1,제1종근린생활시설,1020117006,지번
1156012700101010000,서울특별시 영등포구 양평동3가,서울특별시 영등포구 선유로 207 (양평동3가),근린생활1,공동주택,1020117007,지번
1156012700101010000,서울특별시 영등포구 양평동3가,서울특별시 영등포구 선유로 207 (양평동3가),근린생활1,공동주택,1020117008,지번
1156012700101010000,서울특별시 영등포구 양평동3가,서울특별시 영등포구 선유로 207 (양평동3가),근린생활1,공동주택,1020117009,지번
1156012700101010000,서울특별시 영등포구 양평동3가,서울특별시 영등포구 선유로 207 (양평동3가),근린생활1,공동주택,1020117010,지번
1156012900100020002,서울특별시 영등포구 양평동5가,서울특별시 영등포구 양평로21다길 2 (양평동5가),근린생활1,제1종근린생활시설,1020117617,지번
1156013100101530008,서울특별시 영등포구 양화동,서울특별시 영등포구 노들로 11 (양화동),근린생활1,"국방,군사시설",1000000000000004220005,본번
1156011300103950004,서울특별시 영등포구 당산동3가,서울특별시 영등포구 당산로31길 14 (당산동3가),근린생활2,제2종근린생활시설,102018889,지번
1156012800101150000,서울특별시 영등포구 양평동4가,서울특별시 영등포구 양평로 118-1 (양평동4가),근린생활1,제1종근린생활시설,1020117207,지번
1156011300102570013,서울특별시 영등포구 당산동3가,서울특별시 영등포구 양산로23길 13 (당산동3가),근린생활1,제1종근린생활시설,102018768,지번
1156012800101030000,서울특별시 영등포구 양평동4가,서울특별시 영등포구 양평로21길 3 (양평동4가),근린생활1,제1종근린생활시설,1020117193,지번
1156012700100330013,서울특별시 영등포구 양평동3가,서울특별시 영등포구 선유서로31길 6 (양평동3가),근린생활1,제1종근린생활시설,1020116769,지번
1156011300100850001,서울특별시 영등포구 당산동3가,서울특별시 영등포구 당산로32길 12 (당산동3가),근린생활2,제2종근린생활시설,102018575,지번
1156012800100560000,서울특별시 영등포구 양평동4가,서울특별시 영등포구 양평로 85 (양평동4가),근린생활1,제1종근린생활시설,1020117103,지번
1156011300101770000,서울특별시 영등포구 당산동3가,서울특별시 영등포구 국회대로34길 6 (당산동3가),근린생활2,제2종근린생활시설,102018669,지번
1156011300101610000,서울특별시 영등포구 당산동3가,서울특별시 영등포구 당산로32길 7-7 (당산동3가),근린생활1,제1종근린생활시설,102018656,지번
1156011300102250002,서울특별시 영등포구 당산동3가,서울특별시 영등포구 국회대로36길 16-5 (당산동3가),근린생활1,제1종근린생활시설,102018713,지번
1156012800100780002,서울특별시 영등포구 양평동4가,서울특별시 영등포구 선유로49길 15 (양평동4가),근린생활2,제2종근린생활시설,1020117151,지번
1156011400100370007,서울특별시 영등포구 당산동4가,서울특별시 영등포구 당산로35길 7 (당산동4가),근린생활2,제2종근린생활시설,10201100196720,지번
1156011400100320138,서울특별시 영등포구 당산동4가,서울특별시 영등포구 당산로36길 3-3 (당산동4가),근린생활1,제1종근린생활시설,102019361,지번
1156011400100320138,서울특별시 영등포구 당산동4가,서울특별시 영등포구 당산로36길 3-3 (당산동4가),근린생활1,제1종근린생활시설,102019362,지번
1156011500100090013,서울특별시 영등포구 당산동5가,서울특별시 영등포구 선유동2로 64 (당산동5가),근린생활2,공장,1000000000000006367526,지번
1156011300102280019,서울특별시 영등포구 당산동3가,서울특별시 영등포구 당산로32길 6 (당산동3가),근린생활1,제1종근린생활시설,102018733,지번
1156011400100470000,서울특별시 영등포구 당산동4가,서울특별시 영등포구 당산로 165 (당산동4가),근린생활1,제1종근린생활시설,102019439,지번
1156012800100340009,서울특별시 영등포구 양평동4가,서울특별시 영등포구 선유로47길 6 (양평동4가),근린생활1,제1종근린생활시설,1020117091,지번
1156012900101200004,서울특별시 영등포구 양평동5가,서울특별시 영등포구 양평로22사길 1-1 (양평동5가),근린생활1,제1종근린생활시설,1020117749,지번
1156011300101380000,서울특별시 영등포구 당산동3가,서울특별시 영등포구 국회대로36길 2 (당산동3가),근린생활1,제1종근린생활시설,102018631,지번
1156011300103950015,서울특별시 영등포구 당산동3가,서울특별시 영등포구 국회대로28길 13-1 (당산동3가),근린생활1,제1종근린생활시설,102018895,지번
1156011300101040000,서울특별시 영등포구 당산동3가,서울특별시 영등포구 국회대로36길 7 (당산동3가),근린생활2,제2종근린생활시설,102018599,지번
1156011300101420000,서울특별시 영등포구 당산동3가,서울특별시 영등포구 국회대로 574-2 (당산동3가),근린생활2,제2종근린생활시설,102018634,지번
1156011300101680000,서울특별시 영등포구 당산동3가,서울특별시 영등포구 국회대로34길 7-2 (당산동3가),근린생활2,제2종근린생활시설,102018660,지번
1156012800101530030,서울특별시 영등포구 양평동4가,서울특별시 영등포구 양평로 94 (양평동4가),근린생활1,제1종근린생활시설,1020117285,지번
1156011300102410000,서울특별시 영등포구 당산동3가,서울특별시 영등포구 당산로 128-1 (당산동3가),근린생활2,제2종근린생활시설,102018751,지번
1156011300101430001,서울특별시 영등포구 당산동3가,서울특별시 영등포구 국회대로 572 (당산동3가),근린생활1,제1종근린생활시설,102018635,지번
1156011300102230006,서울특별시 영등포구 당산동3가,서울특별시 영등포구 당산로30길 9 (당산동3가),근린생활1,제1종근린생활시설,102018707,지번
1156011300104720000,서울특별시 영등포구 당산동3가,서울특별시 영등포구 당산로27길 21-1 (당산동3가),근린생활1,제1종근린생활시설,102018969,지번
1156012800100840001,서울특별시 영등포구 양평동4가,서울특별시 영등포구 양평로19길 10-1 (양평동4가),근린생활1,제1종근린생활시설,1020117164,지번
1156013000100660000,서울특별시 영등포구 양평동6가,서울특별시 영등포구 양평로28마길 22 (양평동6가),근린생활1,제1종근린생활시설,1020117896,지번
1156012800100240000,서울특별시 영등포구 양평동4가,서울특별시 영등포구 선유로 243 (양평동4가),근린생활2,업무시설,1000000000000003408339,지번
1156012800100240000,서울특별시 영등포구 양평동4가,서울특별시 영등포구 선유로 243 (양평동4가),근린생활2,업무시설,1000000000000003408340,지번
1156012800100240000,서울특별시 영등포구 양평동4가,서울특별시 영등포구 선유로 243 (양평동4가),근린생활2,노유자시설,1000000000000003408341,지번
1156012900100740002,서울특별시 영등포구 양평동5가,서울특별시 영등포구 양평로22길 5 (양평동5가),근린생활2,제2종근린생활시설,1020117717,지번
1156011300104480000,서울특별시 영등포구 당산동3가,서울특별시 영등포구 양산로17길 14 (당산동3가),근린생활2,제2종근린생활시설,102018955,지번
1156011300103860011,서울특별시 영등포구 당산동3가,서울특별시 영등포구 당산로31길 4 (당산동3가),근린생활2,제2종근린생활시설,102019047,지번
1156013000100150000,서울특별시 영등포구 양평동6가,서울특별시 영등포구 양평로30가길 18 (양평동6가),근린생활2,제2종근린생활시설,10201100187566,지번
1156012600100360026,서울특별시 영등포구 양평동2가,,근린생활1,제1종근린생활시설,1020116595,지번
1156013000100530000,서울특별시 영등포구 양평동6가,서울특별시 영등포구 양평로30가길 23 (양평동6가),근린생활1,제1종근린생활시설,1020117886,지번
1156011400100320126,서울특별시 영등포구 당산동4가,서울특별시 영등포구 당산로36길 1 (당산동4가),근린생활2,제2종근린생활시설,102019352,지번
1156011300102280020,서울특별시 영등포구 당산동3가,서울특별시 영등포구 당산로32길 8 (당산동3가),근린생활1,제1종근린생활시설,102018734,지번
1156011300101900000,서울특별시 영등포구 당산동3가,서울특별시 영등포구 당산로32길 1-11 (당산동3가),근린생활2,단독주택,102018678,지번
1156011300101900000,서울특별시 영등포구 당산동3가,서울특별시 영등포구 당산로32길 1-11 (당산동3가),근린생활2,제2종근린생활시설,102018679,지번
1156011300103950020,서울특별시 영등포구 당산동3가,서울특별시 영등포구 당산로31길 20 (당산동3가),근린생활1,제1종근린생활시설,102019052,지번
1156011300103960012,서울특별시 영등포구 당산동3가,서울특별시 영등포구 양산로19길 23 (당산동3가),근린생활1,제1종근린생활시설,102019058,지번
1156012900101200001,서울특별시 영등포구 양평동5가,서울특별시 영등포구 양평로22사길 1 (양평동5가),근린생활2,제2종근린생활시설,1020117746,지번
1156012800100750000,서울특별시 영등포구 양평동4가,서울특별시 영등포구 선유로49길 22 (양평동4가),근린생활1,업무시설,1000000000000002924386,지번
1156012700100300017,서울특별시 영등포구 양평동3가,서울특별시 영등포구 양산로 3 (양평동3가),근린생활1,제1종근린생활시설,1020116726,지번
1156012700100300017,서울특별시 영등포구 양평동3가,서울특별시 영등포구 양산로 5 (양평동3가),근린생활1,제1종근린생활시설,1020116727,지번
1156012800101190000,서울특별시 영등포구 양평동4가,서울특별시 영등포구 양평로 116 (양평동4가),근린생활1,제1종근린생활시설,1020117210,지번
1156012800101010010,서울특별시 영등포구 양평동4가,서울특별시 영등포구 양평로 121 (양평동4가),근린생활1,제1종근린생활시설,1020117190,지번
1156011300101310000,서울특별시 영등포구 당산동3가,서울특별시 영등포구 국회대로36길 8-1 (당산동3가),근린생활1,제1종근린생활시설,102018624,지번
1156011300101330000,서울특별시 영등포구 당산동3가,서울특별시 영등포구 국회대로36길 6-1 (당산동3가),근린생활1,제1종근린생활시설,102018626,지번
1156011300101320000,서울특별시 영등포구 당산동3가,서울특별시 영등포구 국회대로36길 8 (당산동3가),근린생활1,제1종근린생활시설,102018625,지번
1156011400100360002,서울특별시 영등포구 당산동4가,서울특별시 영등포구 당산로 155 (당산동4가),근린생활1,제1종근린생활시설,102019408,지번
1156011300100980000,서울특별시 영등포구 당산동3가,서울특별시 영등포구 국회대로36길 1-1 (당산동3가),근린생활1,제1종근린생활시설,102018594,지번
1156012700100570000,서울특별시 영등포구 양평동3가,서울특별시 영등포구 선유로35길 22 (양평동3가),근린생활1,제1종근린생활시설,10201100195615,지번
1156012700100570000,서울특별시 영등포구 양평동3가,서울특별시 영등포구 선유로35길 22 (양평동3가),근린생활1,제1종근린생활시설,10201100195617,지번
1156012700100570000,서울특별시 영등포구 양평동3가,서울특별시 영등포구 선유로35길 22 (양평동3가),근린생활1,제1종근린생활시설,10201100255928,지번
1156012700100570000,서울특별시 영등포구 양평동3가,서울특별시 영등포구 선유로35길 22 (양평동3가),근린생활1,제1종근린생활시설,1020116821,지번
1156011300102280004,서울특별시 영등포구 당산동3가,서울특별시 영등포구 당산로32길 8-4 (당산동3가),근린생활2,제2종근린생활시설,102018722,지번
1156011500100070040,서울특별시 영등포구 당산동5가,서울특별시 영등포구 당산로41길 22-3 (당산동5가),근린생활2,제2종근린생활시설,102019654,지번
1156012800101610002,서울특별시 영등포구 양평동4가,서울특별시 영등포구 선유로53길 5 (양평동4가),근린생활2,제2종근린생활시설,1020117293,지번
1156011300102700000,서울특별시 영등포구 당산동3가,서울특별시 영등포구 당산로30길 4 (당산동3가),근린생활2,숙박시설,102018773,지번
1156011300102700000,서울특별시 영등포구 당산동3가,서울특별시 영등포구 당산로 122 (당산동3가),근린생활2,제2종근린생활시설,102019040,지번
1156012900101220000,서울특별시 영등포구 양평동5가,서울특별시 영등포구 양평로24길 30 (양평동5가),근린생활1,제1종근린생활시설,1020117759,지번
1156012700100580001,서울특별시 영등포구 양평동3가,서울특별시 영등포구 선유로 155 (양평동3가),근린생활1,제1종근린생활시설,1020116824,지번
1156012800100850003,서울특별시 영등포구 양평동4가,서울특별시 영등포구 선유로49길 25 (양평동4가),근린생활2,제2종근린생활시설,1020117170,지번
1156012700100760001,서울특별시 영등포구 양평동3가,서울특별시 영등포구 선유로 191 (양평동3가),근린생활1,제1종근린생활시설,1020116848,지번
1156012700100760001,서울특별시 영등포구 양평동3가,서울특별시 영등포구 선유로 191 (양평동3가),근린생활1,제1종근린생활시설,1020116849,지번
1156012900101310003,서울특별시 영등포구 양평동5가,서울특별시 영등포구 양평로28길 32-3 (양평동5가),근린생활2,제2종근린생활시설,1020117777,지번
1156013000101000000,서울특별시 영등포구 양평동6가,서울특별시 영등포구 양평로30가길 19 (양평동6가),근린생활2,제2종근린생활시설,1020117965,지번
1156013000101000000,서울특별시 영등포구 양평동6가,서울특별시 영등포구 양평로30가길 15 (양평동6가),근린생활2,공동주택,1020117966,지번
1156013000101000000,서울특별시 영등포구 양평동6가,서울특별시 영등포구 양평로30가길 15 (양평동6가),근린생활2,공동주택,1020117967,지번
1156013000101000000,서울특별시 영등포구 양평동6가,서울특별시 영등포구 양평로30가길 15 (양평동6가),근린생활2,공동주택,1020117968,지번
1156013000100710000,서울특별시 영등포구 양평동6가,서울특별시 영등포구 양평로28마길 16 (양평동6가),근린생활1,제1종근린생활시설,1020117900,지번
1156012700100770070,서울특별시 영등포구 양평동3가,서울특별시 영등포구 선유동2로 7 (양평동3가),근린생활2,제2종근린생활시설,1020116894,지번
1156012700100770071,서울특별시 영등포구 양평동3가,서울특별시 영등포구 선유동2로 5 (양평동3가),근린생활1,제1종근린생활시설,1020116895,지번
1156012800101000000,서울특별시 영등포구 양평동4가,서울특별시 영등포구 양평로 117 (양평동4가),근린생활2,제2종근린생활시설,1020117185,지번
1156012700100670018,서울특별시 영등포구 양평동3가,서울특별시 영등포구 선유로 164 (양평동3가),근린생활2,제2종근린생활시설,1020116833,지번
1156012800100630003,서울특별시 영등포구 양평동4가,서울특별시 영등포구 양평로 87 (양평동4가),근린생활2,제2종근린생활시설,1020117105,지번
1156011300102280013,서울특별시 영등포구 당산동3가,서울특별시 영등포구 국회대로34길 14 (당산동3가),근린생활1,제1종근린생활시설,102018730,지번
1156011300101700000,서울특별시 영등포구 당산동3가,서울특별시 영등포구 국회대로34길 9 (당산동3가),근린생활1,제1종근린생활시설,102018662,지번
1156012900100260007,서울특별시 영등포구 양평동5가,서울특별시 영등포구 양평로 129 (양평동5가),근린생활2,제2종근린생활시설,10201100190234,지번
1156012800100300000,서울특별시 영등포구 양평동4가,서울특별시 영등포구 선유로 254 (양평동4가),근린생활1,제1종근린생활시설,1020117078,지번
1156012800101460000,서울특별시 영등포구 양평동4가,서울특별시 영등포구 양평로 110 (양평동4가),근린생활2,제2종근린생활시설,10201100194695,지번
1156012900100690006,서울특별시 영등포구 양평동5가,서울특별시 영등포구 양평로22나길 7 (양평동5가),근린생활2,제2종근린생활시설,10201100193736,지번
1156011300101390002,서울특별시 영등포구 당산동3가,서울특별시 영등포구 국회대로 574 (당산동3가),근린생활1,제1종근린생활시설,102018632,지번
1156012800100700000,서울특별시 영등포구 양평동4가,서울특별시 영등포구 양평로 103 (양평동4가),근린생활1,제1종근린생활시설,1020117126,지번
1156012800100080003,서울특별시 영등포구 양평동4가,서울특별시 영등포구 선유로45길 3 (양평동4가),근린생활2,제2종근린생활시설,1020117039,지번
1156012800101720001,서울특별시 영등포구 양평동4가,서울특별시 영등포구 선유로53길 23 (양평동4가),근린생활2,제1종근린생활시설,1020117320,지번
1156012800101720001,서울특별시 영등포구 양평동4가,서울특별시 영등포구 양평로20길 8-1 (양평동4가),근린생활2,제2종근린생활시설,1020117321,지번
1156012900100720002,서울특별시 영등포구 양평동5가,서울특별시 영등포구 양평로22가길 4 (양평동5가),근린생활2,제2종근린생활시설,1020117714,지번
1156011300100990000,서울특별시 영등포구 당산동3가,서울특별시 영등포구 국회대로36길 3 (당산동3가),근린생활1,제1종근린생활시설,102018595,지번
1156012900100670000,서울특별시 영등포구 양평동5가,서울특별시 영등포구 양평로22길 9 (양평동5가),근린생활2,제1종근린생활시설,1000000000000006316560,지번
1156013000100250000,서울특별시 영등포구 양평동6가,서울특별시 영등포구 양평로28바길 10-1 (양평동6가),근린생활1,단독주택,1020117855,지번
1156013000100250000,서울특별시 영등포구 양평동6가,서울특별시 영등포구 양평로28바길 10-1 (양평동6가),근린생활1,제1종근린생활시설,1020117856,지번
1156013000100140000,서울특별시 영등포구 양평동6가,서울특별시 영등포구 양평로28마길 9 (양평동6가),근린생활1,제1종근린생활시설,1020117841,지번
1156011400100320136,서울특별시 영등포구 당산동4가,서울특별시 영등포구 당산로36길 3-2 (당산동4가),근린생활1,제1종근린생활시설,102019360,지번
1156011400100320133,서울특별시 영등포구 당산동4가,서울특별시 영등포구 당산로36길 3 (당산동4가),근린생활1,제1종근린생활시설,102019359,지번
1156011300101890000,서울특별시 영등포구 당산동3가,서울특별시 영등포구 당산로 138 (당산동3가),근린생활1,제1종근린생활시설,102018677,지번
1156012800101120001,서울특별시 영등포구 양평동4가,서울특별시 영등포구 선유로49길 30 (양평동4가),근린생활2,제2종근린생활시설,1020117202,지번
1156012800101010013,서울특별시 영등포구 양평동4가,서울특별시 영등포구 양평로 119 (양평동4가),근린생활1,제1종근린생활시설,1020117192,지번
1156012900100540005,서울특별시 영등포구 양평동5가,서울특별시 영등포구 양평로22가길 19 (양평동5가),근린생활2,제2종근린생활시설,1020117681,지번
1156011300105630000,서울특별시 영등포구 당산동3가,서울특별시 영등포구 양산로17길 22 (당산동3가),근린생활1,공동주택,10201100192035,지번
1156011300105630000,서울특별시 영등포구 당산동3가,서울특별시 영등포구 양산로17길 22 (당산동3가),근린생활1,공동주택,10201100192116,지번
1156011300105630000,서울특별시 영등포구 당산동3가,서울특별시 영등포구 양산로17길 22 (당산동3가),근린생활1,제1종근린생활시설,10201100192162,지번
1156011300102390003,서울특별시 영등포구 당산동3가,서울특별시 영등포구 국회대로34길 16-1 (당산동3가),근린생활1,제1종근린생활시설,102018749,지번
1156012900100070000,서울특별시 영등포구 양평동5가,서울특별시 영등포구 양평로27길 29-1 (양평동5가),근린생활1,제1종근린생활시설,1020117637,지번
1156012800100520001,서울특별시 영등포구 양평동4가,서울특별시 영등포구 선유로47길 8-2 (양평동4가),근린생활2,제2종근린생활시설,1020117097,지번
1156012800100980003,서울특별시 영등포구 양평동4가,서울특별시 영등포구 양평로 113 (양평동4가),근린생활1,제1종근린생활시설,1020117181,지번
1156012800102100005,서울특별시 영등포구 양평동4가,서울특별시 영등포구 선유로55길 35 (양평동4가),근린생활2,제2종근린생활시설,1020117371,지번
1156012800100780001,서울특별시 영등포구 양평동4가,서울특별시 영등포구 양평로17길 6 (양평동4가),근린생활2,제2종근린생활시설,1020117150,지번
1156012800101140002,서울특별시 영등포구 양평동4가,서울특별시 영등포구 양평로 122 (양평동4가),근린생활2,제2종근린생활시설,1020117206,지번
1156012800101220000,서울특별시 영등포구 양평동4가,서울특별시 영등포구 양평로20길 1 (양평동4가),근린생활1,제1종근린생활시설,1020117213,지번
1156011300104020000,서울특별시 영등포구 당산동3가,서울특별시 영등포구 당산로29길 5 (당산동3가),근린생활1,제1종근린생활시설,102018935,지번
1156012800100770010,서울특별시 영등포구 양평동4가,서울특별시 영등포구 선유로47길 14 (양평동4가),근린생활1,제1종근린생활시설,1020117149,지번
1156012800102130000,서울특별시 영등포구 양평동4가,서울특별시 영등포구 선유로53길 34-8 (양평동4가),근린생활1,제1종근린생활시설,1020117375,지번
1156012900100070008,서울특별시 영등포구 양평동5가,서울특별시 영등포구 양평로27길 29-8 (양평동5가),근린생활2,제2종근린생활시설,1020117641,지번
1156013000100280001,서울특별시 영등포구 양평동6가,서울특별시 영등포구 양평로28아길 6 (양평동6가),근린생활2,제2종근린생활시설,1020117858,지번
1156012800100150004,서울특별시 영등포구 양평동4가,서울특별시 영등포구 선유로43길 28-1 (양평동4가),근린생활1,공장,1020117045,지번
1156012800100150004,서울특별시 영등포구 양평동4가,서울특별시 영등포구 선유로43길 28-1 (양평동4가),근린생활1,제1종근린생활시설,1020117046,지번
1156012900100370000,서울특별시 영등포구 양평동5가,서울특별시 영등포구 양평로 141 (양평동5가),근린생활1,위험물저장및처리시설,1020117671,지번
1156012500102220003,서울특별시 영등포구 양평동1가,서울특별시 영등포구 양산로 50-1 (양평동1가),근린생활2,제2종근린생활시설,1020115984,지번
1156012900100040000,서울특별시 영등포구 양평동5가,서울특별시 영등포구 양평로27길 33 (양평동5가),근린생활2,제2종근린생활시설,1020117623,지번
1156012800101920000,서울특별시 영등포구 양평동4가,서울특별시 영등포구 양평로22길 8 (양평동4가),근린생활2,제2종근린생활시설,1020117344,지번
1156012800101240004,서울특별시 영등포구 양평동4가,서울특별시 영등포구 선유로51길 27 (양평동4가),근린생활2,제2종근린생활시설,1020117217,지번
1156011100102470001,서울특별시 영등포구 당산동1가,서울특별시 영등포구 영신로45길 12 (당산동1가),근린생활2,제2종근린생활시설,10201100273148,지번
1156012700100780015,서울특별시 영등포구 양평동3가,서울특별시 영등포구 선유로 202 (양평동3가),근린생활1,제1종근린생활시설,1020116916,지번
1156012800100670002,서울특별시 영등포구 양평동4가,서울특별시 영등포구 선유로49길 18 (양평동4가),근린생활2,제2종근린생활시설,1020117123,지번
1156011300103980020,서울특별시 영등포구 당산동3가,서울특별시 영등포구 당산로29길 3 (당산동3가),근린생활2,제2종근린생활시설,102018933,지번
1156013000100430000,서울특별시 영등포구 양평동6가,서울특별시 영등포구 양평로30나길 14 (양평동6가),근린생활2,제2종근린생활시설,1020117878,지번
1156012800101210000,서울특별시 영등포구 양평동4가,서울특별시 영등포구 양평로 112 (양평동4가),근린생활1,제1종근린생활시설,1020117212,지번
1156011300102320001,서울특별시 영등포구 당산동3가,서울특별시 영등포구 국회대로34길 17 (당산동3가),근린생활2,제2종근린생활시설,102018740,지번
1156011300102480002,서울특별시 영등포구 당산동3가,서울특별시 영등포구 당산로30길 3 (당산동3가),근린생활1,제1종근린생활시설,102018756,지번
1156012800100360000,서울특별시 영등포구 양평동4가,서울특별시 영등포구 선유로 255 (양평동4가),근린생활1,자동차관련시설,10201100191063,지번
1156012800100360000,서울특별시 영등포구 양평동4가,서울특별시 영등포구 선유로 255 (양평동4가),근린생활1,제1종근린생활시설,1020117094,지번
1156012700100240000,서울특별시 영등포구 양평동3가,서울특별시 영등포구 선유서로 115 (양평동3가),근린생활2,공동주택,1020116962,지번
1156012700100240000,서울특별시 영등포구 양평동3가,서울특별시 영등포구 선유서로 115 (양평동3가),근린생활2,공동주택,1020116963,지번
1156012700100240000,서울특별시 영등포구 양평동3가,서울특별시 영등포구 선유서로 115 (양평동3가),근린생활2,제2종근린생활시설,1020116964,지번
1156012700100770014,서울특별시 영등포구 양평동3가,서울특별시 영등포구 선유로40길 4 (양평동3가),근린생활1,제1종근린생활시설,1020116855,지번
1156012800100720000,서울특별시 영등포구 양평동4가,서울특별시 영등포구 선유로49길 20-3 (양평동4가),근린생활2,제2종근린생활시설,10201100255889,지번
1156012800100720000,서울특별시 영등포구 양평동4가,서울특별시 영등포구 양평로 105 (양평동4가),근린생활2,제2종근린생활시설,1020117128,지번
1156012800100770008,서울특별시 영등포구 양평동4가,서울특별시 영등포구 양평로17길 12 (양평동4가),근린생활2,제2종근린생활시설,1020117147,지번
1156012800102000002,서울특별시 영등포구 양평동4가,서울특별시 영등포구 양평로22길 16-1 (양평동4가),근린생활2,제2종근린생활시설,1020117357,지번
1156011300102110003,서울특별시 영등포구 당산동3가,서울특별시 영등포구 당산로 136-2 (당산동3가),근린생활1,제1종근린생활시설,102018695,지번
1156012800100980002,서울특별시 영등포구 양평동4가,서울특별시 영등포구 양평로 111-1 (양평동4가),근린생활2,제2종근린생활시설,10201100189074,지번
1156011300101340000,서울특별시 영등포구 당산동3가,서울특별시 영등포구 국회대로36길 6 (당산동3가),근린생활1,제1종근린생활시설,102018627,지번
1156012800100660005,서울특별시 영등포구 양평동4가,서울특별시 영등포구 선유로49길 10-1 (양평동4가),근린생활1,제1종근린생활시설,1020117115,지번
1156012800100320003,서울특별시 영등포구 양평동4가,서울특별시 영등포구 선유로 248-15 (양평동4가),근린생활2,제2종근린생활시설,1020117582,지번
1156011400100730002,서울특별시 영등포구 당산동4가,서울특별시 영등포구 당산로35길 4-5 (당산동4가),근린생활1,제1종근린생활시설,102019459,지번
1156011300102270001,서울특별시 영등포구 당산동3가,서울특별시 영등포구 국회대로36길 14-2 (당산동3가),근린생활1,제1종근린생활시설,102018716,지번
1156012500102220006,서울특별시 영등포구 양평동1가,서울특별시 영등포구 영등포로11길 26-1 (양평동1가),근린생활2,제2종근린생활시설,1020115986,지번
1156012900100070005,서울특별시 영등포구 양평동5가,서울특별시 영등포구 양평로27길 29 (양평동5가),근린생활1,제1종근린생활시설,1020117639,지번
1156011400100390012,서울특별시 영등포구 당산동4가,서울특별시 영등포구 당산로35길 4-2 (당산동4가),근린생활2,제2종근린생활시설,102019437,지번
1156011300105550002,서울특별시 영등포구 당산동3가,서울특별시 영등포구 선유동1로 42 (당산동3가),근린생활1,제2종근린생활시설,10201100186865,지번
1156011300105550002,서울특별시 영등포구 당산동3가,서울특별시 영등포구 선유동1로 42 (당산동3가),근린생활1,제1종근린생활시설,10201100186866,지번
1156011300105550002,서울특별시 영등포구 당산동3가,서울특별시 영등포구 선유동1로 42 (당산동3가),근린생활1,제1종근린생활시설,10201100186867,지번
1156012800100330001,서울특별시 영등포구 양평동4가,서울특별시 영등포구 선유동2로 69 (양평동4가),근린생활1,제1종근린생활시설,1020117087,지번
1156011300102200000,서울특별시 영등포구 당산동3가,서울특별시 영등포구 당산로32길 5 (당산동3가),근린생활1,제1종근린생활시설,102018702,지번
1156012700100870000,서울특별시 영등포구 양평동3가,서울특별시 영등포구 선유로43가길 10-10 (양평동3가),근린생활2,제2종근린생활시설,1020116944,지번
1156012800100010008,서울특별시 영등포구 양평동4가,서울특별시 영등포구 선유로 226 (양평동4가),근린생활2,제2종근린생활시설,1020117027,지번
1156013000100350000,서울특별시 영등포구 양평동6가,서울특별시 영등포구 양평로28아길 1 (양평동6가),근린생활1,제1종근린생활시설,1020117869,지번
1156012800100310004,서울특별시 영등포구 양평동4가,서울특별시 영등포구 선유동2로 67 (양평동4가),근린생활1,제1종근린생활시설,1020117079,지번
1156011300101740000,서울특별시 영등포구 당산동3가,서울특별시 영등포구 국회대로34길 8 (당산동3가),근린생활2,제2종근린생활시설,102018666,지번
1156011300101880000,서울특별시 영등포구 당산동3가,서울특별시 영등포구 당산로32길 1-9 (당산동3가),근린생활2,제2종근린생활시설,102018676,지번
1156013000100300001,서울특별시 영등포구 양평동6가,서울특별시 영등포구 양평로28사길 23 (양평동6가),근린생활2,제2종근린생활시설,1020117863,지번
1156012900100880004,서울특별시 영등포구 양평동5가,서울특별시 영등포구 양평로22길 11 (양평동5가),근린생활1,제1종근린생활시설,1020117725,지번
1156012800101450001,서울특별시 영등포구 양평동4가,서울특별시 영등포구 양평로20길 4-1 (양평동4가),근린생활1,제1종근린생활시설,1020117243,지번
1156011300103980003,서울특별시 영등포구 당산동3가,서울특별시 영등포구 양산로19길 11 (당산동3가),근린생활2,제2종근린생활시설,102018929,지번
1156012800101240001,서울특별시 영등포구 양평동4가,서울특별시 영등포구 선유로51길 27-1 (양평동4가),근린생활2,단독주택,1020117215,지번
1156012800101240001,서울특별시 영등포구 양평동4가,서울특별시 영등포구 선유로51길 27-1 (양평동4가),근린생활2,제2종근린생활시설,1020117216,지번
1156013000100060000,서울특별시 영등포구 양평동6가,서울특별시 영등포구 양평로30길 6 (양평동6가),근린생활1,제1종근린생활시설,1020117821,지번
1156013000100300002,서울특별시 영등포구 양평동6가,서울특별시 영등포구 양평로30나길 16 (양평동6가),근린생활1,제1종근린생활시설,1020117864,지번
1156012700100770017,서울특별시 영등포구 양평동3가,서울특별시 영등포구 선유로40길 4-1 (양평동3가),근린생활1,제1종근린생활시설,1020116856,지번
1156012700100770074,서울특별시 영등포구 양평동3가,서울특별시 영등포구 선유동2로 5 (양평동3가),근린생활1,제1종근린생활시설,1020116899,지번
1156012700100330022,서울특별시 영등포구 양평동3가,서울특별시 영등포구 양산로3길 10 (양평동3가),근린생활1,제1종근린생활시설,1020116776,지번
1156012700100020003,서울특별시 영등포구 양평동3가,서울특별시 영등포구 선유동1로 31-2 (양평동3가),근린생활2,제2종근린생활시설,1020116691,지번
1156011300102280012,서울특별시 영등포구 당산동3가,서울특별시 영등포구 당산로32길 4 (당산동3가),근린생활1,제1종근린생활시설,102018729,지번
1156011500100070007,서울특별시 영등포구 당산동5가,서울특별시 영등포구 당산로41나길 3 (당산동5가),근린생활1,제1종근린생활시설,102019636,지번
1156011400100620001,서울특별시 영등포구 당산동4가,서울특별시 영등포구 당산로35길 4-19 (당산동4가),근린생활1,제1종근린생활시설,102019450,지번
1156011300101470000,서울특별시 영등포구 당산동3가,서울특별시 영등포구 국회대로34길 1 (당산동3가),근린생활2,제2종근린생활시설,102018637,지번
1156011300101490000,서울특별시 영등포구 당산동3가,서울특별시 영등포구 국회대로34길 3 (당산동3가),근린생활1,제1종근린생활시설,102018639,지번
1156012800101610004,서울특별시 영등포구 양평동4가,서울특별시 영등포구 양평로18길 6-7 (양평동4가),근린생활1,제1종근린생활시설,1020117295,지번
1156011300102020000,서울특별시 영등포구 당산동3가,서울특별시 영등포구 국회대로 568 (당산동3가),근린생활1,제1종근린생활시설,102018687,지번
1156012800102770008,서울특별시 영등포구 양평동4가,서울특별시 영등포구 선유로53길 10 (양평동4가),근린생활1,제1종근린생활시설,1020117498,지번
1156012800101530004,서울특별시 영등포구 양평동4가,서울특별시 영등포구 선유로51길 1 (양평동4가),근린생활1,단독주택,1020117271,지번
1156012800101530004,서울특별시 영등포구 양평동4가,서울특별시 영등포구 양평로 90-14 (양평동4가),근린생활1,제1종근린생활시설,1020117272,지번
1156012800101530004,서울특별시 영등포구 양평동4가,서울특별시 영등포구 양평로 90-10 (양평동4가),근린생활1,제1종근린생활시설,1020117273,지번
1156012800101530004,서울특별시 영등포구 양평동4가,서울특별시 영등포구 양평로 90-16 (양평동4가),근린생활1,단독주택,1020117274,지번
1156012800101530004,서울특별시 영등포구 양평동4가,서울특별시 영등포구 선유로51길 3-1 (양평동4가),근린생활1,제1종근린생활시설,1020117275,지번
1156012800101530004,서울특별시 영등포구 양평동4가,서울특별시 영등포구 선유로51길 3-2 (양평동4가),근린생활1,제1종근린생활시설,1020117276,지번
1156012800101530004,서울특별시 영등포구 양평동4가,서울특별시 영등포구 선유로51길 3 (양평동4가),근린생활1,제2종근린생활시설,1020117277,지번
1156012800101530004,서울특별시 영등포구 양평동4가,서울특별시 영등포구 양평로 90-8 (양평동4가),근린생활1,제1종근린생활시설,1020117278,지번
1156012800101530004,서울특별시 영등포구 양평동4가,서울특별시 영등포구 선유로51길 5 (양평동4가),근린생활1,제1종근린생활시설,1020117279,지번
1156012800101530037,서울특별시 영등포구 양평동4가,서울특별시 영등포구 선유로51길 9 (양평동4가),근린생활2,제2종근린생활시설,1020117269,지번
1156012800101530037,서울특별시 영등포구 양평동4가,,근린생활2,공동주택,1020117594,지번
1156012900101070011,서울특별시 영등포구 양평동5가,서울특별시 영등포구 양평로24길 24 (양평동5가),근린생활2,제2종근린생활시설,1020117741,지번
1156012600100350003,서울특별시 영등포구 양평동2가,서울특별시 영등포구 영등포로5길 49 (양평동2가),근린생활1,공장,1020116565,지번
1156012800100780005,서울특별시 영등포구 양평동4가,서울특별시 영등포구 선유로49길 15-4 (양평동4가),근린생활2,제2종근린생활시설,1020117153,지번
1156011300101660000,서울특별시 영등포구 당산동3가,서울특별시 영등포구 국회대로34길 7 (당산동3가),근린생활1,제1종근린생활시설,102018658,지번
1156012800100530003,서울특별시 영등포구 양평동4가,서울특별시 영등포구 선유로49길 2 (양평동4가),근린생활1,제1종근린생활시설,1020117101,지번
1156012800101500002,서울특별시 영등포구 양평동4가,서울특별시 영등포구 양평로 102 (양평동4가),근린생활2,제2종근린생활시설,1020117261,지번
1156011300104730000,서울특별시 영등포구 당산동3가,서울특별시 영등포구 당산로27길 23 (당산동3가),근린생활2,제2종근린생활시설,102018970,지번
1156012700100320020,서울특별시 영등포구 양평동3가,서울특별시 영등포구 선유서로31길 4-1 (양평동3가),근린생활1,제1종근린생활시설,1020116758,지번
1156012700100840000,서울특별시 영등포구 양평동3가,서울특별시 영등포구 선유로43가길 10 (양평동3가),근린생활1,제1종근린생활시설,1020116941,지번
1156013000100160003,서울특별시 영등포구 양평동6가,서울특별시 영등포구 양평로28마길 10 (양평동6가),근린생활1,제1종근린생활시설,1020117848,지번
1156011300105580005,서울특별시 영등포구 당산동3가,서울특별시 영등포구 양산로17길 23 (당산동3가),근린생활2,제2종근린생활시설,102019031,지번
1156012800100760006,서울특별시 영등포구 양평동4가,서울특별시 영등포구 선유로49길 20-1 (양평동4가),근린생활1,제1종근린생활시설,1020117140,지번
1156011300102280015,서울특별시 영등포구 당산동3가,서울특별시 영등포구 국회대로36길 14-1 (당산동3가),근린생활2,제2종근린생활시설,102018731,지번
1156011300101270005,서울특별시 영등포구 당산동3가,서울특별시 영등포구 당산로32길 9 (당산동3가),근린생활2,제2종근린생활시설,102018622,지번
1156012800101290000,서울특별시 영등포구 양평동4가,서울특별시 영등포구 양평로22길 4 (양평동4가),근린생활1,제1종근린생활시설,1020117225,지번
1156012900100660011,서울특별시 영등포구 양평동5가,서울특별시 영등포구 양평로22나길 2 (양평동5가),근린생활2,제2종근린생활시설,1020117698,지번
1156011400100920004,서울특별시 영등포구 당산동4가,서울특별시 영등포구 국회대로 549 (당산동4가),근린생활2,제2종근린생활시설,102019512,지번
1156012800100780007,서울특별시 영등포구 양평동4가,서울특별시 영등포구 양평로17길 8 (양평동4가),근린생활1,제1종근린생활시설,1020117154,지번
1156011400100700000,서울특별시 영등포구 당산동4가,서울특별시 영등포구 국회대로29길 16 (당산동4가),근린생활1,제1종근린생활시설,102019457,지번
1156012700100770035,서울특별시 영등포구 양평동3가,서울특별시 영등포구 선유로40길 10 (양평동3가),근린생활1,제1종근린생활시설,1020116867,지번
1156012700100770004,서울특별시 영등포구 양평동3가,서울특별시 영등포구 선유로40길  (양평동3가),근린생활2,제2종근린생활시설,1020116850,지번
1156011100100900004,서울특별시 영등포구 당산동1가,서울특별시 영등포구 영신로37길 2-6 (당산동1가),근린생활2,제2종근린생활시설,102017480,지번
1156011100101580007,서울특별시 영등포구 당산동1가,서울특별시 영등포구 영등포로29길 10 (당산동1가),근린생활1,제1종근린생활시설,102017569,지번
1156011800101500015,서울특별시 영등포구 도림동,서울특별시 영등포구 도신로 91-15 (도림동),근린생활1,제1종근린생활시설,1020111849,지번
1156013200101860332,서울특별시 영등포구 신길동,서울특별시 영등포구 도신로51길 12 (신길동),근린생활2,제2종근린생활시설,1020120522,지번
1156010100106020033,서울특별시 영등포구 영등포동,서울특별시 영등포구 영신로8길 5 (영등포동),근린생활1,제1종근린생활시설,102012501,지번
1156011100100040010,서울특별시 영등포구 당산동1가,서울특별시 영등포구 영등포로 172 (당산동1가),근린생활1,제1종근린생활시설,102017296,지번
1156010700100690003,서울특별시 영등포구 영등포동6가,서울특별시 영등포구 영신로38길 21-2 (영등포동6가),근린생활2,제2종근린생활시설,102015627,지번
1156010500104150009,서울특별시 영등포구 영등포동4가,서울특별시 영등포구 경인로 815-1 (영등포동4가),근린생활1,제1종근린생활시설,102014847,지번
1156013200104540001,서울특별시 영등포구 신길동,서울특별시 영등포구 여의대방로51길 15 (신길동),근린생활2,제2종근린생활시설,1020125716,지번
1156012100100160066,서울특별시 영등포구 문래동3가,서울특별시 영등포구 영신로 111-13 (문래동3가),근린생활1,제1종근린생활시설,10201100190377,지번
1156013200104780000,서울특별시 영등포구 신길동,서울특별시 영등포구 여의대방로 135 (신길동),근린생활2,제2종근린생활시설,1020125932,지번
1156011100101860004,서울특별시 영등포구 당산동1가,서울특별시 영등포구 영신로45길 3-1 (당산동1가),근린생활2,제2종근린생활시설,102017641,지번
1156013200100480008,서울특별시 영등포구 신길동,서울특별시 영등포구 영등포로62길 14 (신길동),근린생활1,단독주택,1020118373,지번
1156013200100920184,서울특별시 영등포구 신길동,서울특별시 영등포구 영등포로80길 33 (신길동),근린생활2,제2종근린생활시설,1020118931,지번
1156013200103100003,서울특별시 영등포구 신길동,서울특별시 영등포구 가마산로61길 14-21 (신길동),근린생활1,공동주택,1000000000000002872139,지번
1156010700100810000,서울특별시 영등포구 영등포동6가,서울특별시 영등포구 영등포로  (영등포동6가),근린생활1,제1종근린생활시설,1000000000000004306204,지번
1156010700100810000,서울특별시 영등포구 영등포동6가,서울특별시 영등포구 영등포로  (영등포동6가),근린생활1,제1종근린생활시설,102015658,지번
1156010700100810000,서울특별시 영등포구 영등포동6가,서울특별시 영등포구 영등포로  (영등포동6가),근린생활1,제1종근린생활시설,102015659,지번
1156010700100810000,서울특별시 영등포구 영등포동6가,서울특별시 영등포구 영등포로  (영등포동6가),근린생활1,제1종근린생활시설,102015660,지번
1156010700100810000,서울특별시 영등포구 영등포동6가,서울특별시 영등포구 영등포로  (영등포동6가),근린생활1,제2종근린생활시설,102015661,지번
1156010700100810000,서울특별시 영등포구 영등포동6가,서울특별시 영등포구 영등포로  (영등포동6가),근린생활1,제1종근린생활시설,102015662,지번
1156010700100810000,서울특별시 영등포구 영등포동6가,서울특별시 영등포구 영등포로  (영등포동6가),근린생활1,제1종근린생활시설,102015663,지번
1156010700100810000,서울특별시 영등포구 영등포동6가,서울특별시 영등포구 영등포로  (영등포동6가),근린생활1,제2종근린생활시설,102015664,지번
1156010700100810000,서울특별시 영등포구 영등포동6가,서울특별시 영등포구 영등포로  (영등포동6가),근린생활1,단독주택,102015665,지번
1156010700100810000,서울특별시 영등포구 영등포동6가,서울특별시 영등포구 영등포로  (영등포동6가),근린생활1,단독주택,102015666,지번
1156010700100810000,서울특별시 영등포구 영등포동6가,서울특별시 영등포구 영등포로  (영등포동6가),근린생활1,제1종근린생활시설,102015667,지번
1156010700100810000,서울특별시 영등포구 영등포동6가,서울특별시 영등포구 영등포로  (영등포동6가),근린생활1,제1종근린생활시설,102015668,지번
1156010700100810000,서울특별시 영등포구 영등포동6가,서울특별시 영등포구 영등포로  (영등포동6가),근린생활1,제2종근린생활시설,102015669,지번
1156010700100810000,서울특별시 영등포구 영등포동6가,서울특별시 영등포구 영등포로  (영등포동6가),근린생활1,제2종근린생활시설,102015670,지번
1156010700100810000,서울특별시 영등포구 영등포동6가,서울특별시 영등포구 영등포로  (영등포동6가),근린생활1,제1종근린생활시설,102015671,지번
1156010700100810000,서울특별시 영등포구 영등포동6가,서울특별시 영등포구 영등포로  (영등포동6가),근린생활1,제1종근린생활시설,102015672,지번
1156010700100810000,서울특별시 영등포구 영등포동6가,서울특별시 영등포구 영등포로  (영등포동6가),근린생활1,제1종근린생활시설,102015673,지번
1156010700100810000,서울특별시 영등포구 영등포동6가,서울특별시 영등포구 영등포로  (영등포동6가),근린생활1,제1종근린생활시설,102015674,지번
1156010700100810000,서울특별시 영등포구 영등포동6가,서울특별시 영등포구 영등포로  (영등포동6가),근린생활1,단독주택,102015675,지번
1156010700100810000,서울특별시 영등포구 영등포동6가,서울특별시 영등포구 영등포로  (영등포동6가),근린생활1,제1종근린생활시설,102015676,지번
1156010700100810000,서울특별시 영등포구 영등포동6가,서울특별시 영등포구 영등포로  (영등포동6가),근린생활1,단독주택,102015677,지번
1156010700100810000,서울특별시 영등포구 영등포동6가,서울특별시 영등포구 영등포로  (영등포동6가),근린생활1,단독주택,102015678,지번
1156010700100810000,서울특별시 영등포구 영등포동6가,서울특별시 영등포구 영등포로  (영등포동6가),근린생활1,단독주택,102015679,지번
1156010700100810000,서울특별시 영등포구 영등포동6가,서울특별시 영등포구 영등포로  (영등포동6가),근린생활1,제1종근린생활시설,102015680,지번
1156010700100810000,서울특별시 영등포구 영등포동6가,서울특별시 영등포구 영등포로  (영등포동6가),근린생활1,업무시설,102015681,지번
1156010700100810000,서울특별시 영등포구 영등포동6가,서울특별시 영등포구 영등포로  (영등포동6가),근린생활1,제1종근린생활시설,102015682,지번
1156010700100810000,서울특별시 영등포구 영등포동6가,서울특별시 영등포구 영등포로  (영등포동6가),근린생활1,제1종근린생활시설,102015683,지번
1156010700100810000,서울특별시 영등포구 영등포동6가,서울특별시 영등포구 영등포로  (영등포동6가),근린생활1,단독주택,102015684,지번
1156010700100810000,서울특별시 영등포구 영등포동6가,서울특별시 영등포구 영등포로  (영등포동6가),근린생활1,제2종근린생활시설,102015685,지번
1156010700100810000,서울특별시 영등포구 영등포동6가,서울특별시 영등포구 영등포로  (영등포동6가),근린생활1,제1종근린생활시설,102015686,지번
1156010700100810000,서울특별시 영등포구 영등포동6가,서울특별시 영등포구 영등포로  (영등포동6가),근린생활1,제1종근린생활시설,102015687,지번
1156011900100020006,서울특별시 영등포구 문래동1가,서울특별시 영등포구 경인로94길 9-13 (문래동1가),근린생활1,제1종근린생활시설,1020113213,지번
1156013200100990011,서울특별시 영등포구 신길동,서울특별시 영등포구 영등포로 371-1 (신길동),근린생활1,제1종근린생활시설,1020119205,지번
1156011100100870007,서울특별시 영등포구 당산동1가,서울특별시 영등포구 영신로37길 7 (당산동1가),근린생활1,제1종근린생활시설,102017472,지번
1156010300102350002,서울특별시 영등포구 영등포동2가,서울특별시 영등포구 영등포로53길 36-4 (영등포동2가),근린생활2,제2종근린생활시설,102013975,지번
1156011100100860001,서울특별시 영등포구 당산동1가,서울특별시 영등포구 영신로 149 (당산동1가),근린생활1,제1종근린생활시설,102017463,지번
1156011800101860009,서울특별시 영등포구 도림동,서울특별시 영등포구 도영로 44 (도림동),근린생활2,제2종근린생활시설,10201100255717,지번
1156013200104200025,서울특별시 영등포구 신길동,서울특별시 영등포구 도림로73길 2-1 (신길동),근린생활1,제1종근린생활시설,1020125126,지번
1156013200103470317,서울특별시 영등포구 신길동,,근린생활2,제2종근린생활시설,1020124156,지번
1156010700100820000,서울특별시 영등포구 영등포동6가,서울특별시 영등포구 영등포로33길 3 (영등포동6가),근린생활2,제2종근린생활시설,102015689,지번
1156010700100490010,서울특별시 영등포구 영등포동6가,서울특별시 영등포구 영등포로35길 17-10 (영등포동6가),근린생활1,제1종근린생활시설,102015579,지번
1156011800102530045,서울특별시 영등포구 도림동,서울특별시 영등포구 도림로110길 1 (도림동),근린생활2,단독주택,1020112915,지번
1156011800102530045,서울특별시 영등포구 도림동,서울특별시 영등포구 도림로110길 1 (도림동),근린생활2,제2종근린생활시설,1020112916,지번
1156011100101000002,서울특별시 영등포구 당산동1가,서울특별시 영등포구 영신로37길 6 (당산동1가),근린생활1,제1종근린생활시설,102017496,지번
1156010400100160000,서울특별시 영등포구 영등포동3가,서울특별시 영등포구 영중로10길 16 (영등포동3가),근린생활2,제2종근린생활시설,102014473,지번
1156010900100460000,서울특별시 영등포구 영등포동8가,서울특별시 영등포구 국회대로53길 13-1 (영등포동8가),근린생활2,단독주택,102016786,지번
1156010900100460000,서울특별시 영등포구 영등포동8가,서울특별시 영등포구 영중로34길 9-7 (영등포동8가),근린생활2,단독주택,102016787,지번
1156010900100460000,서울특별시 영등포구 영등포동8가,서울특별시 영등포구 영중로34길 9-3 (영등포동8가),근린생활2,단독주택,102016788,지번
1156010900100460000,서울특별시 영등포구 영등포동8가,서울특별시 영등포구 국회대로53길 15-1 (영등포동8가),근린생활2,단독주택,102016789,지번
1156010900100460000,서울특별시 영등포구 영등포동8가,서울특별시 영등포구 국회대로53길 11 (영등포동8가),근린생활2,단독주택,102016790,지번
1156010900100460000,서울특별시 영등포구 영등포동8가,서울특별시 영등포구 국회대로53길 15-3 (영등포동8가),근린생활2,단독주택,102016791,지번
1156010900100460000,서울특별시 영등포구 영등포동8가,서울특별시 영등포구 영중로36길 5 (영등포동8가),근린생활2,단독주택,102016792,지번
1156010900100460000,서울특별시 영등포구 영등포동8가,서울특별시 영등포구 국회대로53길 13-2 (영등포동8가),근린생활2,단독주택,102016793,지번
1156010900100460000,서울특별시 영등포구 영등포동8가,서울특별시 영등포구 영중로34길 9 (영등포동8가),근린생활2,단독주택,102016794,지번
1156010900100460000,서울특별시 영등포구 영등포동8가,서울특별시 영등포구 영중로34길 11 (영등포동8가),근린생활2,단독주택,102016795,지번
1156010900100460000,서울특별시 영등포구 영등포동8가,서울특별시 영등포구 국회대로53길 13 (영등포동8가),근린생활2,단독주택,102016796,지번
1156010900100460000,서울특별시 영등포구 영등포동8가,서울특별시 영등포구 국회대로53길 15-2 (영등포동8가),근린생활2,제2종근린생활시설,102016797,지번
1156010900100460000,서울특별시 영등포구 영등포동8가,서울특별시 영등포구 영중로36길 6 (영등포동8가),근린생활2,단독주택,102016798,지번
1156010900100460000,서울특별시 영등포구 영등포동8가,서울특별시 영등포구 국회대로53길 13-3 (영등포동8가),근린생활2,단독주택,102016799,지번
1156010900100460000,서울특별시 영등포구 영등포동8가,서울특별시 영등포구 국회대로53길 15-5 (영등포동8가),근린생활2,단독주택,102016800,지번
1156010900100460000,서울특별시 영등포구 영등포동8가,서울특별시 영등포구 영중로34길 9-4 (영등포동8가),근린생활2,단독주택,102016801,지번
1156010900100460000,서울특별시 영등포구 영등포동8가,서울특별시 영등포구 영중로36길 8 (영등포동8가),근린생활2,단독주택,102016802,지번
1156010900100460000,서울특별시 영등포구 영등포동8가,서울특별시 영등포구 국회대로53길 13-1 (영등포동8가),근린생활2,제1종근린생활시설,102016803,지번
1156010900100460000,서울특별시 영등포구 영등포동8가,서울특별시 영등포구 영중로34길 7-1 (영등포동8가),근린생활2,단독주택,102016804,지번
1156011800101560016,서울특별시 영등포구 도림동,서울특별시 영등포구 도림로 352 (도림동),근린생활1,제1종근린생활시설,1020111972,지번
1156013200103550584,서울특별시 영등포구 신길동,서울특별시 영등포구 가마산로 398 (신길동),근린생활1,제1종근린생활시설,1020124476,지번
1156010700100490007,서울특별시 영등포구 영등포동6가,서울특별시 영등포구 영등포로35길 17-8 (영등포동6가),근린생활2,제2종근린생활시설,102015577,지번
1156013200101620007,서울특별시 영등포구 신길동,서울특별시 영등포구 도신로 223-2 (신길동),근린생활1,제1종근린생활시설,1020120176,지번
1156011100100040025,서울특별시 영등포구 당산동1가,서울특별시 영등포구 영신로 139 (당산동1가),근린생활2,제2종근린생활시설,102017304,지번
1156013200103420227,서울특별시 영등포구 신길동,서울특별시 영등포구 도림로80가길 9 (신길동),근린생활2,제2종근린생활시설,1020123930,지번
1156010100104230060,서울특별시 영등포구 영등포동,서울특별시 영등포구 경인로100길 1-8 (영등포동),근린생활1,제1종근린생활시설,102012294,지번
1156010500104350012,서울특별시 영등포구 영등포동4가,서울특별시 영등포구 영중로3길 18 (영등포동4가),근린생활1,단독주택,102014909,지번
1156010500104350012,서울특별시 영등포구 영등포동4가,서울특별시 영등포구 영중로3길 18 (영등포동4가),근린생활1,제1종근린생활시설,102014910,지번
1156013300110820013,서울특별시 영등포구 대림동,서울특별시 영등포구 디지털로 343 (대림동),근린생활1,제1종근린생활시설,10201100259548,지번
1156010400100190005,서울특별시 영등포구 영등포동3가,서울특별시 영등포구 영등포로42길 21-5 (영등포동3가),근린생활2,제2종근린생활시설,102014494,지번
1156010400100190005,서울특별시 영등포구 영등포동3가,서울특별시 영등포구 영등포로42길 21-5 (영등포동3가),근린생활2,단독주택,102014495,지번
1156013200141240000,서울특별시 영등포구 신길동,서울특별시 영등포구 신풍로20길 6 (신길동),근린생활2,제2종근린생활시설,10201100255345,지번
1156011100101860060,서울특별시 영등포구 당산동1가,서울특별시 영등포구 영신로45길 11-1 (당산동1가),근린생활1,제1종근린생활시설,102017662,지번
1156013200106230005,서울특별시 영등포구 신길동,서울특별시 영등포구 여의대방로 153 (신길동),근린생활2,제2종근린생활시설,1020126082,지번
1156011800102430002,서울특별시 영등포구 도림동,서울특별시 영등포구 도림로 343 (도림동),근린생활2,제2종근린생활시설,1020112796,지번
1156013200104520008,서울특별시 영등포구 신길동,서울특별시 영등포구 영등포로84길 19 (신길동),근린생활2,제2종근린생활시설,1020125705,지번
1156013200102530319,서울특별시 영등포구 신길동,서울특별시 영등포구 신길로 105-1 (신길동),근린생활2,제2종근린생활시설,1020122261,지번
1156013200102230028,서울특별시 영등포구 신길동,서울특별시 영등포구 신길로 186 (신길동),근린생활2,공장,1020121719,지번
1156013200102230028,서울특별시 영등포구 신길동,서울특별시 영등포구 신길로 186 (신길동),근린생활2,제2종근린생활시설,1020121720,지번
1156010100106310014,서울특별시 영등포구 영등포동,서울특별시 영등포구 영신로9마길 3 (영등포동),근린생활2,제2종근린생활시설,10201100193357,지번
1156010700100490011,서울특별시 영등포구 영등포동6가,서울특별시 영등포구 영등포로35가길 5 (영등포동6가),근린생활2,제2종근린생활시설,102015580,지번
1156013200100890001,서울특별시 영등포구 신길동,서울특별시 영등포구 여의대방로47다길 17-2 (신길동),근린생활1,제1종근린생활시설,1020118701,지번
1156010100106160004,서울특별시 영등포구 영등포동,서울특별시 영등포구 영신로 22-4 (영등포동),근린생활2,제2종근린생활시설,102012565,지번
1156013200102200010,서울특별시 영등포구 신길동,서울특별시 영등포구 신길로52길 3-2 (신길동),근린생활1,단독주택,1020121674,지번
1156013200102200010,서울특별시 영등포구 신길동,서울특별시 영등포구 신길로52길 3-2 (신길동),근린생활1,제1종근린생활시설,1020121675,지번
1156013200102200010,서울특별시 영등포구 신길동,서울특별시 영등포구 신길로52길 3-2 (신길동),근린생활1,제1종근린생활시설,1020129322,지번
1156010100105920024,서울특별시 영등포구 영등포동,서울특별시 영등포구 영신로 22-2 (영등포동),근린생활2,제2종근린생활시설,102012442,지번
1156013200106700000,서울특별시 영등포구 신길동,서울특별시 영등포구 가마산로90길 14 (신길동),근린생활2,제2종근린생활시설,1020126126,지번
1156010100106200056,서울특별시 영등포구 영등포동,서울특별시 영등포구 영신로9나길 9-5 (영등포동),근린생활2,제2종근린생활시설,102013206,지번
1156013200102010047,서울특별시 영등포구 신길동,서울특별시 영등포구 신길로42가길 32 (신길동),근린생활1,제1종근린생활시설,1020121241,지번
1156013200102230067,서울특별시 영등포구 신길동,서울특별시 영등포구 신길로 179-2 (신길동),근린생활2,제2종근린생활시설,1020121726,지번
1156013200104630001,서울특별시 영등포구 신길동,서울특별시 영등포구 여의대방로47나길 8 (신길동),근린생활1,제1종근린생활시설,1020125841,지번
1156013200104580054,서울특별시 영등포구 신길동,서울특별시 영등포구 여의대방로47라길 13 (신길동),근린생활1,제1종근린생활시설,1020125820,지번
1156013200104490040,서울특별시 영등포구 신길동,서울특별시 영등포구 여의대방로55길 18-1 (신길동),근린생활2,제2종근린생활시설,10201100191794,지번
1156011800101560015,서울특별시 영등포구 도림동,서울특별시 영등포구 도림로112길 4 (도림동),근린생활1,제1종근린생활시설,1020111971,지번
1156011800101410024,서울특별시 영등포구 도림동,서울특별시 영등포구 도림로112길 32 (도림동),근린생활1,제1종근린생활시설,1020111559,지번
1156013200101550004,서울특별시 영등포구 신길동,서울특별시 영등포구 도신로 220-9 (신길동),근린생활1,제1종근린생활시설,1020120013,지번
1156013200114960000,서울특별시 영등포구 신길동,서울특별시 영등포구 신풍로19가길 12 (신길동),근린생활1,제1종근린생활시설,1020126572,지번
1156013200103550385,서울특별시 영등포구 신길동,서울특별시 영등포구 도림로98길 1-1 (신길동),근린생활2,제2종근린생활시설,1020124383,지번
1156013200101570001,서울특별시 영등포구 신길동,서울특별시 영등포구 도신로 220-8 (신길동),근린생활2,제2종근린생활시설,1000000000000001064665,지번
1156011800102470036,서울특별시 영등포구 도림동,서울특별시 영등포구 도신로15나길 13-8 (도림동),근린생활2,제2종근린생활시설,10201100279948,지번
1156013200102300028,서울특별시 영등포구 신길동,서울특별시 영등포구 가마산로71길 22 (신길동),근린생활1,제1종근린생활시설,1020121891,지번
1156013200100090058,서울특별시 영등포구 신길동,서울특별시 영등포구 여의대방로61길 34-6 (신길동),근린생활2,제2종근린생활시설,1020118196,지번
1156013200100950182,서울특별시 영등포구 신길동,서울특별시 영등포구 영등포로78길 8-1 (신길동),근린생활1,제1종근린생활시설,10201100181548,지번
1156011800101470014,서울특별시 영등포구 도림동,서울특별시 영등포구 도신로25길 11-1 (도림동),근린생활1,단독주택,1020111811,지번
1156011800101470014,서울특별시 영등포구 도림동,서울특별시 영등포구 도신로25길 11-1 (도림동),근린생활1,제1종근린생활시설,1020111812,지번
1156011800101520158,서울특별시 영등포구 도림동,서울특별시 영등포구 도신로 91-8 (도림동),근린생활2,제2종근린생활시설,1020111918,지번
1156013300106720003,서울특별시 영등포구 대림동,서울특별시 영등포구 가마산로48길 4-14 (대림동),근린생활1,제1종근린생활시설,1020130391,지번
1156013200101580042,서울특별시 영등포구 신길동,서울특별시 영등포구 도신로48길 10 (신길동),근린생활1,단독주택,1020120107,지번
1156011100101730000,서울특별시 영등포구 당산동1가,서울특별시 영등포구 영신로43길 7-4 (당산동1가),근린생활1,제1종근린생활시설,102017597,지번
1156013300106650012,서울특별시 영등포구 대림동,서울특별시 영등포구 대림로 220 (대림동),근린생활2,제2종근린생활시설,1020130344,지번
1156013200100480007,서울특별시 영등포구 신길동,서울특별시 영등포구 영등포로62가길 4 (신길동),근린생활1,제1종근린생활시설,1020118372,지번
1156011300100020002,서울특별시 영등포구 당산동3가,서울특별시 영등포구 양산로 153 (당산동3가),근린생활2,제2종근린생활시설,102018481,지번
1156013200102120009,서울특별시 영등포구 신길동,서울특별시 영등포구 도신로48길 10-11 (신길동),근린생활1,제1종근린생활시설,1020121584,지번
1156010600100660000,서울특별시 영등포구 영등포동5가,서울특별시 영등포구 영중로24길 7-1 (영등포동5가),근린생활1,제1종근린생활시설,102015281,지번
1156010600100230006,서울특별시 영등포구 영등포동5가,서울특별시 영등포구 영중로16길 6 (영등포동5가),근린생활1,제1종근린생활시설,102015007,지번
1156010100106450023,서울특별시 영등포구 영등포동,서울특별시 영등포구 도림로112길 31-19 (영등포동),근린생활2,제2종근린생활시설,102013118,지번
1156013200102560001,서울특별시 영등포구 신길동,서울특별시 영등포구 가마산로71길 16-6 (신길동),판매시설,근린생활시설,1020122275,지번
1156013200123060000,서울특별시 영등포구 신길동,서울특별시 영등포구 신풍로17길 16-13 (신길동),근린생활1,단독주택,1020127179,지번
1156013200123060000,서울특별시 영등포구 신길동,서울특별시 영등포구 신풍로17길 16-11 (신길동),근린생활1,제1종근린생활시설,1020127180,지번
1156010700101260020,서울특별시 영등포구 영등포동6가,서울특별시 영등포구 영신로42길 6 (영등포동6가),근린생활1,제1종근린생활시설,1000000000000000908454,지번
1156010400100140002,서울특별시 영등포구 영등포동3가,서울특별시 영등포구 영중로10길 34-1 (영등포동3가),근린생활2,위락시설,102014455,지번
1156010400100140002,서울특별시 영등포구 영등포동3가,서울특별시 영등포구 영중로10길 34-1 (영등포동3가),근린생활2,제2종근린생활시설,102014456,지번
1156013200101880352,서울특별시 영등포구 신길동,서울특별시 영등포구 신길로60라길 2-1 (신길동),근린생활1,제1종근린생활시설,1020120689,지번
1156013200101570028,서울특별시 영등포구 신길동,서울특별시 영등포구 도신로54길 11 (신길동),근린생활1,제1종근린생활시설,1020120054,지번
1156010100106180073,서울특별시 영등포구 영등포동,서울특별시 영등포구 영신로17길 14 (영등포동),근린생활2,제2종근린생활시설,10201100193054,지번
1156013200102230055,서울특별시 영등포구 신길동,서울특별시 영등포구 신길로 176-1 (신길동),근린생활1,제1종근린생활시설,1020121727,지번
1156013200100910033,서울특별시 영등포구 신길동,서울특별시 영등포구 영등포로80길 20-2 (신길동),근린생활2,제2종근린생활시설,1020118824,지번
1156013200101920014,서울특별시 영등포구 신길동,서울특별시 영등포구 도신로47길 2 (신길동),근린생활1,제1종근린생활시설,1020120912,지번
1156013200100910032,서울특별시 영등포구 신길동,서울특별시 영등포구 도신로64길 24-8 (신길동),근린생활2,제2종근린생활시설,1020118823,지번
1156011100102560005,서울특별시 영등포구 당산동1가,서울특별시 영등포구 영등포로25길 11-2 (당산동1가),근린생활2,제2종근린생활시설,10201100269128,지번
1156013200100950013,서울특별시 영등포구 신길동,서울특별시 영등포구 영등포로 388-9 (신길동),근린생활2,제2종근린생활시설,1020118993,지번
1156013200100650092,서울특별시 영등포구 신길동,서울특별시 영등포구 영등포로79길 4-3 (신길동),근린생활2,제2종근린생활시설,10201100193994,지번
1156012500101640010,서울특별시 영등포구 양평동1가,서울특별시 영등포구 선유로23길 5 (양평동1가),근린생활2,제2종근린생활시설,10201100273068,지번
1156010300102270000,서울특별시 영등포구 영등포동2가,서울특별시 영등포구 국회대로54길 56-2 (영등포동2가),근린생활1,제1종근린생활시설,102013957,지번
1156010500104280017,서울특별시 영등포구 영등포동4가,,근린생활1,단독주택,102012314,지번
1156010500104280017,서울특별시 영등포구 영등포동4가,서울특별시 영등포구 영신로24길 14-5 (영등포동4가),근린생활1,제1종근린생활시설,102014879,지번
1156010500104280017,서울특별시 영등포구 영등포동4가,서울특별시 영등포구 영신로24길 16-3 (영등포동4가),근린생활1,단독주택,102014880,지번
1156010500104250043,서울특별시 영등포구 영등포동4가,서울특별시 영등포구 경인로 827-8 (영등포동4가),근린생활1,제1종근린생활시설,102014866,지번
1156010300102700000,서울특별시 영등포구 영등포동2가,서울특별시 영등포구 영등포로51길 20 (영등포동2가),근린생활1,제1종근린생활시설,102014018,지번
1156010800100430008,서울특별시 영등포구 영등포동7가,서울특별시 영등포구 영중로 73 (영등포동7가),근린생활2,제2종근린생활시설,102015920,지번
1156010800100430008,서울특별시 영등포구 영등포동7가,서울특별시 영등포구 영중로 73 (영등포동7가),근린생활2,제2종근린생활시설,102015921,지번
1156013200100950051,서울특별시 영등포구 신길동,서울특별시 영등포구 영등포로74길 14 (신길동),근린생활1,제1종근린생활시설,1020119003,지번
1156013200100950051,서울특별시 영등포구 신길동,서울특별시 영등포구 영등포로72길 7-1 (신길동),근린생활1,제2종근린생활시설,1020119004,지번
1156013200100950051,서울특별시 영등포구 신길동,서울특별시 영등포구 영등포로72길 7 (신길동),근린생활1,제1종근린생활시설,1020119005,지번
1156013200100970014,서울특별시 영등포구 신길동,서울특별시 영등포구 영등포로67가길 12-9 (신길동),근린생활1,제1종근린생활시설,1020119151,지번
1156013200101880323,서울특별시 영등포구 신길동,서울특별시 영등포구 신길로60길 13 (신길동),근린생활1,제1종근린생활시설,1020120671,지번
1156010600100410013,서울특별시 영등포구 영등포동5가,서울특별시 영등포구 영중로16길 12 (영등포동5가),근린생활1,제1종근린생활시설,102015186,지번
1156010400100010016,서울특별시 영등포구 영등포동3가,서울특별시 영등포구 영등포로 268 (영등포동3가),근린생활2,제2종근린생활시설,102014254,지번
1156013200100690024,서울특별시 영등포구 신길동,서울특별시 영등포구 영등포로 399-5 (신길동),근린생활2,제2종근린생활시설,1020118582,지번
1156013200100690024,서울특별시 영등포구 신길동,서울특별시 영등포구 영등포로 399-5 (신길동),근린생활2,단독주택,1020118583,지번
1156013200104690012,서울특별시 영등포구 신길동,서울특별시 영등포구 영등포로 396-3 (신길동),근린생활1,제1종근린생활시설,1020125929,지번
1156013200102140055,서울특별시 영등포구 신길동,서울특별시 영등포구 도신로 186 (신길동),근린생활2,제2종근린생활시설,1020121630,지번
1156013200104690004,서울특별시 영등포구 신길동,서울특별시 영등포구 영등포로84길 4-2 (신길동),근린생활1,제1종근린생활시설,1020125925,지번
1156013200100950284,서울특별시 영등포구 신길동,서울특별시 영등포구 영등포로 380-4 (신길동),근린생활2,제2종근린생활시설,1020119124,지번
1156013200102550019,서울특별시 영등포구 신길동,서울특별시 영등포구 신길로39길 6-1 (신길동),근린생활2,제2종근린생활시설,1020122274,지번
1156013200101150027,서울특별시 영등포구 신길동,서울특별시 영등포구 도신로60길 8-2 (신길동),근린생활2,제2종근린생활시설,1020119372,지번
1156013200101560002,서울특별시 영등포구 신길동,서울특별시 영등포구 도신로56길 4 (신길동),근린생활1,제1종근린생활시설,1020120025,지번
1156011800101950001,서울특별시 영등포구 도림동,서울특별시 영등포구 도영로 69 (도림동),근린생활2,제2종근린생활시설,1000000000000001903722,지번
1156013200100390003,서울특별시 영등포구 신길동,서울특별시 영등포구 영등포로62라길 2 (신길동),근린생활1,제1종근린생활시설,1020118293,지번
1156010400100140005,서울특별시 영등포구 영등포동3가,서울특별시 영등포구 영등포로50길 8-4 (영등포동3가),근린생활1,제1종근린생활시설,102014458,지번
1156010300102290000,서울특별시 영등포구 영등포동2가,서울특별시 영등포구 국회대로54길 56 (영등포동2가),근린생활1,제1종근린생활시설,102013959,지번
1156013200102960031,서울특별시 영등포구 신길동,서울특별시 영등포구 가마산로61라길 7 (신길동),근린생활1,제1종근린생활시설,1020122782,지번
1156013200103470171,서울특별시 영등포구 신길동,서울특별시 영등포구 도림로100길 10-1 (신길동),근린생활1,제1종근린생활시설,1020124073,지번
1156013200102620043,서울특별시 영등포구 신길동,서울특별시 영등포구 가마산로 469-4 (신길동),근린생활1,제1종근린생활시설,1020122352,지번
1156013200103240049,서울특별시 영등포구 신길동,서울특별시 영등포구 가마산로 449-1 (신길동),근린생활2,제2종근린생활시설,10201100265148,지번
1156013200103240038,서울특별시 영등포구 신길동,서울특별시 영등포구 가마산로 451 (신길동),근린생활1,제1종근린생활시설,10201100261291,지번
1156013200103190004,서울특별시 영등포구 신길동,서울특별시 영등포구 가마산로67길 10 (신길동),근린생활1,제1종근린생활시설,1020123095,지번
1156013200100920077,서울특별시 영등포구 신길동,서울특별시 영등포구 여의대방로47나길 26-1 (신길동),근린생활1,제1종근린생활시설,1020118877,지번
1156013200102330091,서울특별시 영등포구 신길동,서울특별시 영등포구 신길로40길 1 (신길동),근린생활2,제1종근린생활시설,1020121963,지번
1156013200102330091,서울특별시 영등포구 신길동,서울특별시 영등포구 신길로40길 1 (신길동),근린생활2,제2종근린생활시설,1020121964,지번
1156013200115550000,서울특별시 영등포구 신길동,서울특별시 영등포구 신풍로19길 12 (신길동),근린생활1,제1종근린생활시설,1020126605,지번
1156013200101880213,서울특별시 영등포구 신길동,서울특별시 영등포구 도신로53길 11-8 (신길동),근린생활2,제2종근린생활시설,1020120618,지번
1156013200105220000,서울특별시 영등포구 신길동,서울특별시 영등포구 여의대방로35길 23 (신길동),근린생활2,제2종근린생활시설,10201100263412,지번
1156012800102780001,서울특별시 영등포구 양평동4가,서울특별시 영등포구 양평로14길 13 (양평동4가),근린생활2,제2종근린생활시설,10201100277349,지번
1156013200113170000,서울특별시 영등포구 신길동,서울특별시 영등포구 영등포로 418 (신길동),근린생활1,제1종근린생활시설,10201100255430,지번
1156012400100010002,서울특별시 영등포구 문래동6가,서울특별시 영등포구 선유로9가길 2 (문래동6가),근린생활2,제2종근린생활시설,10201100256629,지번
1156012400100010002,서울특별시 영등포구 문래동6가,서울특별시 영등포구 선유로9가길 2 (문래동6가),근린생활2,자동차관련시설,1020115298,지번
1156011800101540001,서울특별시 영등포구 도림동,서울특별시 영등포구 도림로112길 12-2 (도림동),근린생활1,제1종근린생활시설,1020111939,지번
1156013200101920190,서울특별시 영등포구 신길동,서울특별시 영등포구 도신로 195-3 (신길동),근린생활1,단독주택,1020121030,지번
1156013200101920190,서울특별시 영등포구 신길동,서울특별시 영등포구 도신로 195-3 (신길동),근린생활1,제1종근린생활시설,1020121031,지번
1156013200101960029,서울특별시 영등포구 신길동,서울특별시 영등포구 도신로48길 5-2 (신길동),근린생활2,제2종근린생활시설,1020121098,지번
1156011800101520103,서울특별시 영등포구 도림동,서울특별시 영등포구 도림로108나길 6 (도림동),근린생활1,제1종근린생활시설,1020111897,지번
1156013200100900007,서울특별시 영등포구 신길동,서울특별시 영등포구 여의대방로47다길 27-5 (신길동),근린생활1,제1종근린생활시설,1020118796,지번
1156013200100410012,서울특별시 영등포구 신길동,서울특별시 영등포구 영등포로60길 11-4 (신길동),근린생활1,제1종근린생활시설,1020118322,지번
1156013200100890022,서울특별시 영등포구 신길동,서울특별시 영등포구 여의대방로47나길 20-14 (신길동),근린생활1,제1종근린생활시설,1020118716,지번
1156013200102850007,서울특별시 영등포구 신길동,서울특별시 영등포구 신길로41라길 18-1 (신길동),근린생활1,제1종근린생활시설,1020122734,지번
1156013200102020066,서울특별시 영등포구 신길동,서울특별시 영등포구 신길로42가길 29-1 (신길동),근린생활1,제1종근린생활시설,1020121281,지번
1156013200107290000,서울특별시 영등포구 신길동,서울특별시 영등포구 가마산로88길 5 (신길동),근린생활1,단독주택,1020126180,지번
1156013200107290000,서울특별시 영등포구 신길동,서울특별시 영등포구 가마산로88길 5 (신길동),근린생활1,제1종근린생활시설,1020126181,지번
1156013200101150012,서울특별시 영등포구 신길동,서울특별시 영등포구 도신로 228-5 (신길동),근린생활2,제2종근린생활시설,10201100268808,지번
1156013200102050016,서울특별시 영등포구 신길동,서울특별시 영등포구 도신로48길 36 (신길동),근린생활1,제1종근린생활시설,10201100268648,지번
1156013200101920089,서울특별시 영등포구 신길동,서울특별시 영등포구 신길로54길 13 (신길동),근린생활1,단독주택,1020120974,지번
1156013200102140003,서울특별시 영등포구 신길동,서울특별시 영등포구 도신로 190 (신길동),근린생활1,제1종근린생활시설,1020121596,지번
1156013200139770000,서울특별시 영등포구 신길동,서울특별시 영등포구 신풍로14길 10-1 (신길동),근린생활2,제2종근린생활시설,1020128359,지번
1156010500101440001,서울특별시 영등포구 영등포동4가,서울특별시 영등포구 영등포로 198-1 (영등포동4가),근린생활1,제1종근린생활시설,102014732,지번
1156010400100140007,서울특별시 영등포구 영등포동3가,서울특별시 영등포구 영중로10길 32-1 (영등포동3가),근린생활1,제1종근린생활시설,102014459,지번
1156010400100140001,서울특별시 영등포구 영등포동3가,서울특별시 영등포구 영중로10길 34 (영등포동3가),근린생활2,제2종근린생활시설,102014454,지번
1156012800100320005,서울특별시 영등포구 양평동4가,서울특별시 영등포구 선유로 248-9 (양평동4가),근린생활2,제2종근린생활시설,10201100254531,지번
1156013200101200064,서울특별시 영등포구 신길동,서울특별시 영등포구 도신로62길 23 (신길동),근린생활1,제1종근린생활시설,1020119473,지번
1156013200102320015,서울특별시 영등포구 신길동,서울특별시 영등포구 신길로 168 (신길동),근린생활1,제1종근린생활시설,1020121910,지번
1156013200104570001,서울특별시 영등포구 신길동,서울특별시 영등포구 여의대방로47길 17 (신길동),근린생활1,제1종근린생활시설,1020125760,지번
1156013200110650000,서울특별시 영등포구 신길동,서울특별시 영등포구 여의대방로43가길 17 (신길동),근린생활2,제2종근린생활시설,1020126351,지번
1156012900100560002,서울특별시 영등포구 양평동5가,서울특별시 영등포구 양평로 144 (양평동5가),근린생활2,제2종근린생활시설,1000000000000000382330,지번
1156013200110130000,서울특별시 영등포구 신길동,서울특별시 영등포구 여의대방로47가길 14-6 (신길동),근린생활1,제1종근린생활시설,1020126322,지번
1156013200110020000,서울특별시 영등포구 신길동,서울특별시 영등포구 여의대방로47라길 27 (신길동),근린생활1,제1종근린생활시설,1020126316,지번
1156013200111320000,서울특별시 영등포구 신길동,서울특별시 영등포구 여의대방로43가길 6-1 (신길동),근린생활1,제1종근린생활시설,1020126380,지번
1156013200104620009,서울특별시 영등포구 신길동,서울특별시 영등포구 여의대방로47길 29-1 (신길동),근린생활1,제1종근린생활시설,1020125838,지번
1156013200149200002,서울특별시 영등포구 신길동,서울특별시 영등포구 신길로42길 44 (신길동),근린생활1,제1종근린생활시설,1020129062,지번
1156010100106180425,서울특별시 영등포구 영등포동,서울특별시 영등포구 영신로 30 (영등포동),근린생활2,제2종근린생활시설,102012845,지번
1156013200104560054,서울특별시 영등포구 신길동,서울특별시 영등포구 여의대방로47길 20 (신길동),근린생활1,제1종근린생활시설,1020125746,지번
1156013200102260017,서울특별시 영등포구 신길동,서울특별시 영등포구 신길로 191-1 (신길동),근린생활1,제1종근린생활시설,1020121806,지번
1156013200106660000,서울특별시 영등포구 신길동,서울특별시 영등포구 가마산로88길 17 (신길동),근린생활1,제1종근린생활시설,1020126121,지번
1156010100106020044,서울특별시 영등포구 영등포동,서울특별시 영등포구 영신로8길 8 (영등포동),근린생활1,제1종근린생활시설,102012509,지번
1156013200102250116,서울특별시 영등포구 신길동,서울특별시 영등포구 신길로 201 (신길동),근린생활1,단독주택,1020121799,지번
1156013200102250116,서울특별시 영등포구 신길동,서울특별시 영등포구 신길로 201 (신길동),근린생활1,제1종근린생활시설,1020121800,지번
1156013300110320018,서울특별시 영등포구 대림동,서울특별시 영등포구 디지털로 379 (대림동),근린생활2,제2종근린생활시설,1020133973,지번
1156013200110290000,서울특별시 영등포구 신길동,서울특별시 영등포구 여의대방로47가길 18-3 (신길동),근린생활2,제2종근린생활시설,1020126338,지번
1156013200102780027,서울특별시 영등포구 신길동,서울특별시 영등포구 도신로36길 8 (신길동),근린생활2,제2종근린생활시설,1020122632,지번
1156013200102210044,서울특별시 영등포구 신길동,서울특별시 영등포구 신길로 204 (신길동),근린생활1,제1종근린생활시설,1020121699,지번
1156010100106200293,서울특별시 영등포구 영등포동,서울특별시 영등포구 영신로9라길 6-19 (영등포동),근린생활1,제1종근린생활시설,102013051,지번
1156013200102680030,서울특별시 영등포구 신길동,서울특별시 영등포구 신길로41라길 17 (신길동),근린생활1,제1종근린생활시설,1020122472,지번
1156010400100100025,서울특별시 영등포구 영등포동3가,서울특별시 영등포구 영중로2길 3-1 (영등포동3가),근린생활2,제2종근린생활시설,102014377,지번
1156010400100090022,서울특별시 영등포구 영등포동3가,서울특별시 영등포구 영중로4길 3 (영등포동3가),근린생활2,제2종근린생활시설,102014350,지번
1156010600100330041,서울특별시 영등포구 영등포동5가,서울특별시 영등포구 영중로18길 26 (영등포동5가),근린생활1,제1종근린생활시설,102015075,지번
1156010300100340140,서울특별시 영등포구 영등포동2가,서울특별시 영등포구 영등포로47길 9-1 (영등포동2가),근린생활1,제2종근린생활시설,102013709,지번
1156010300100340140,서울특별시 영등포구 영등포동2가,서울특별시 영등포구 영등포로47길 9-1 (영등포동2가),근린생활1,제1종근린생활시설,102013710,지번
1156010600100450005,서울특별시 영등포구 영등포동5가,서울특별시 영등포구 영중로 70 (영등포동5가),근린생활1,제1종근린생활시설,102015237,지번
1156010600100730000,서울특별시 영등포구 영등포동5가,서울특별시 영등포구 영중로24길 18 (영등포동5가),근린생활1,제1종근린생활시설,102015283,지번
1156010600100230002,서울특별시 영등포구 영등포동5가,서울특별시 영등포구 영중로16길 6-1 (영등포동5가),근린생활1,제1종근린생활시설,102015005,지번
1156010600100100000,서울특별시 영등포구 영등포동5가,서울특별시 영등포구 영등포로45길 7 (영등포동5가),근린생활1,제1종근린생활시설,102014950,지번
1156010400100090005,서울특별시 영등포구 영등포동3가,서울특별시 영등포구 영중로 16 (영등포동3가),근린생활1,제1종근린생활시설,102014344,지번
1156013200102620046,서울특별시 영등포구 신길동,서울특별시 영등포구 가마산로 469-6 (신길동),근린생활1,제1종근린생활시설,1020122355,지번
1156013200102600003,서울특별시 영등포구 신길동,서울특별시 영등포구 가마산로71길 2 (신길동),근린생활1,제1종근린생활시설,1020122331,지번
1156010500101080000,서울특별시 영등포구 영등포동4가,서울특별시 영등포구 영등포로34길 17 (영등포동4가),근린생활1,제1종근린생활시설,102014685,지번
1156011100101580008,서울특별시 영등포구 당산동1가,서울특별시 영등포구 영신로39길 8-1 (당산동1가),근린생활1,제1종근린생활시설,102017570,지번
1156011100101040001,서울특별시 영등포구 당산동1가,서울특별시 영등포구 영등포로29길 7 (당산동1가),근린생활2,제2종근린생활시설,102017502,지번
1156011100100870001,서울특별시 영등포구 당산동1가,서울특별시 영등포구 영신로37길 5 (당산동1가),근린생활1,제1종근린생활시설,102017470,지번
1156010600100140001,서울특별시 영등포구 영등포동5가,,근린생활1,제1종근린생활시설,102014964,지번
1156010600100140001,서울특별시 영등포구 영등포동5가,,근린생활1,제1종근린생활시설,102014965,지번
1156010300101920002,서울특별시 영등포구 영등포동2가,서울특별시 영등포구 영등포로49길 8 (영등포동2가),근린생활1,제1종근린생활시설,102013915,지번
1156010300101920002,서울특별시 영등포구 영등포동2가,서울특별시 영등포구 영등포로49길 8 (영등포동2가),근린생활1,제1종근린생활시설,102014235,지번
1156010600100340042,서울특별시 영등포구 영등포동5가,서울특별시 영등포구 영등포로45길 9-10 (영등포동5가),근린생활2,제2종근린생활시설,102015144,지번
1156010300100340128,서울특별시 영등포구 영등포동2가,서울특별시 영등포구 영등포로45길 12-1 (영등포동2가),근린생활1,제1종근린생활시설,102013702,지번
1156010400100210001,서울특별시 영등포구 영등포동3가,서울특별시 영등포구 영중로4길 11 (영등포동3가),근린생활1,제1종근린생활시설,102014510,지번
1156010400100210001,서울특별시 영등포구 영등포동3가,서울특별시 영등포구 영중로4길 11 (영등포동3가),근린생활1,제1종근린생활시설,102014511,지번
1156010400100210018,서울특별시 영등포구 영등포동3가,,근린생활2,제2종근린생활시설,102014519,지번
1156010300103270001,서울특별시 영등포구 영등포동2가,서울특별시 영등포구 영등포로49길 1 (영등포동2가),근린생활1,제2종근린생활시설,102014095,지번
1156010300103270001,서울특별시 영등포구 영등포동2가,서울특별시 영등포구 영등포로49길 1 (영등포동2가),근린생활1,제1종근린생활시설,102014096,지번
1156010600100130000,서울특별시 영등포구 영등포동5가,,근린생활2,단독주택,102014955,지번
1156010600100130000,서울특별시 영등포구 영등포동5가,,근린생활2,제1종근린생활시설,102014956,지번
1156010600100130000,서울특별시 영등포구 영등포동5가,,근린생활2,제2종근린생활시설,102014957,지번
1156010600100130000,서울특별시 영등포구 영등포동5가,,근린생활2,제1종근린생활시설,102014958,지번
1156010600100130000,서울특별시 영등포구 영등포동5가,,근린생활2,제1종근린생활시설,102014959,지번
1156010600100130000,서울특별시 영등포구 영등포동5가,,근린생활2,제1종근린생활시설,102014960,지번
1156010600100130000,서울특별시 영등포구 영등포동5가,,근린생활2,제1종근린생활시설,102014961,지번
1156010600100340047,서울특별시 영등포구 영등포동5가,서울특별시 영등포구 영등포로43길 10 (영등포동5가),근린생활1,제1종근린생활시설,102015148,지번
1156010400100070016,서울특별시 영등포구 영등포동3가,서울특별시 영등포구 영등포로42길 8-1 (영등포동3가),근린생활1,제1종근린생활시설,102014329,지번
1156010600100250002,서울특별시 영등포구 영등포동5가,서울특별시 영등포구 영중로 48 (영등포동5가),근린생활1,제1종근린생활시설,102015014,지번
1156010300103320002,서울특별시 영등포구 영등포동2가,서울특별시 영등포구 영등포로 251 (영등포동2가),근린생활1,제1종근린생활시설,102014118,지번
1156010300103320002,서울특별시 영등포구 영등포동2가,서울특별시 영등포구 영등포로 251 (영등포동2가),근린생활1,제1종근린생활시설,102014119,지번
1156010300101650000,서울특별시 영등포구 영등포동2가,서울특별시 영등포구 영등포로 271-2 (영등포동2가),근린생활1,제1종근린생활시설,102013871,지번
1156010300102190001,서울특별시 영등포구 영등포동2가,서울특별시 영등포구 영등포로51길 8 (영등포동2가),근린생활1,제1종근린생활시설,102013945,지번
1156010600100120001,서울특별시 영등포구 영등포동5가,서울특별시 영등포구 영중로14길 23-3 (영등포동5가),근린생활2,제2종근린생활시설,102014953,지번
1156010600100120001,서울특별시 영등포구 영등포동5가,서울특별시 영등포구 영중로14길 23-3 (영등포동5가),근린생활2,공동주택,102015418,지번
1156011100101580001,서울특별시 영등포구 당산동1가,서울특별시 영등포구 영신로 157 (당산동1가),근린생활1,제1종근린생활시설,102017568,지번
1156011100101850048,서울특별시 영등포구 당산동1가,서울특별시 영등포구 영신로43길 8-1 (당산동1가),근린생활1,제1종근린생활시설,102017629,지번
1156013200103550478,서울특별시 영등포구 신길동,서울특별시 영등포구 도림로89길 14 (신길동),근린생활1,제1종근린생활시설,1020124427,지번
1156013200103550375,서울특별시 영등포구 신길동,서울특별시 영등포구 가마산로 409 (신길동),근린생활1,제1종근린생활시설,1020124375,지번
1156013300106760009,서울특별시 영등포구 대림동,서울특별시 영등포구 대림로34길 39 (대림동),근린생활1,제1종근린생활시설,1020130421,지번
1156011900100210013,서울특별시 영등포구 문래동1가,서울특별시 영등포구 경인로 786 (문래동1가),근린생활1,제1종근린생활시설,1020113292,지번
1156011800101520176,서울특별시 영등포구 도림동,서울특별시 영등포구 도림로108길 4 (도림동),근린생활1,제1종근린생활시설,1020111924,지번
1156011900100190001,서울특별시 영등포구 문래동1가,서울특별시 영등포구 경인로90길 9-11 (문래동1가),근린생활2,제2종근린생활시설,1020113277,지번
1156010300100340077,서울특별시 영등포구 영등포동2가,서울특별시 영등포구 영등포로47길 7 (영등포동2가),근린생활1,제1종근린생활시설,102013688,지번
1156010400100120007,서울특별시 영등포구 영등포동3가,서울특별시 영등포구 경인로 875 (영등포동3가),근린생활1,제1종근린생활시설,102014420,지번
1156010600100330030,서울특별시 영등포구 영등포동5가,서울특별시 영등포구 영중로18길 30 (영등포동5가),근린생활1,제1종근린생활시설,102015066,지번
1156010600100080000,서울특별시 영등포구 영등포동5가,서울특별시 영등포구 영중로14길 23 (영등포동5가),근린생활1,제1종근린생활시설,102014948,지번
1156010600100080000,서울특별시 영등포구 영등포동5가,서울특별시 영등포구 영중로14길 23 (영등포동5가),근린생활1,제1종근린생활시설,102014949,지번
1156010600100340054,서울특별시 영등포구 영등포동5가,서울특별시 영등포구 영등포로43길 8-1 (영등포동5가),근린생활1,제1종근린생활시설,102015152,지번
1156010600100340054,서울특별시 영등포구 영등포동5가,서울특별시 영등포구 영등포로43길 8-2 (영등포동5가),근린생활1,제1종근린생활시설,102015153,지번
1156010600100140000,서울특별시 영등포구 영등포동5가,,근린생활2,제2종근린생활시설,102014962,지번
1156010600100140000,서울특별시 영등포구 영등포동5가,,근린생활2,제1종근린생활시설,102014963,지번
1156010300100340082,서울특별시 영등포구 영등포동2가,서울특별시 영등포구 영등포로45길 8 (영등포동2가),근린생활1,제1종근린생활시설,102013692,지번
1156010400100220005,서울특별시 영등포구 영등포동3가,서울특별시 영등포구 영중로4길 15 (영등포동3가),근린생활2,제2종근린생활시설,102014527,지번
1156010300102180000,서울특별시 영등포구 영등포동2가,서울특별시 영등포구 영등포로51길 8-1 (영등포동2가),근린생활1,제1종근린생활시설,102013944,지번
1156010300101810003,서울특별시 영등포구 영등포동2가,서울특별시 영등포구 영등포로 261 (영등포동2가),근린생활1,제1종근린생활시설,102013892,지번
1156010300101810003,서울특별시 영등포구 영등포동2가,서울특별시 영등포구 영등포로 261 (영등포동2가),근린생활1,제1종근린생활시설,102013893,지번
1156010300101610000,서울특별시 영등포구 영등포동2가,서울특별시 영등포구 영등포로 269 (영등포동2가),근린생활1,제1종근린생활시설,102013864,지번
1156010300101610000,서울특별시 영등포구 영등포동2가,서울특별시 영등포구 영등포로 269 (영등포동2가),근린생활1,제1종근린생활시설,102013865,지번
1156010300101610000,서울특별시 영등포구 영등포동2가,서울특별시 영등포구 영등포로 269 (영등포동2가),근린생활1,제1종근린생활시설,102013866,지번
1156010500101130001,서울특별시 영등포구 영등포동4가,서울특별시 영등포구 영신로30길 17 (영등포동4가),근린생활1,제1종근린생활시설,102014692,지번
1156010500101270000,서울특별시 영등포구 영등포동4가,서울특별시 영등포구 영신로32길 19 (영등포동4가),근린생활1,제1종근린생활시설,102014719,지번
1156011900100030002,서울특별시 영등포구 문래동1가,서울특별시 영등포구 경인로94길 5 (문래동1가),근린생활2,제2종근린생활시설,1020113217,지번
1156011900100030002,서울특별시 영등포구 문래동1가,서울특별시 영등포구 경인로94길 5 (문래동1가),근린생활2,공장,1020113218,지번
1156010700100780003,서울특별시 영등포구 영등포동6가,서울특별시 영등포구 영등포로 195 (영등포동6가),근린생활1,제1종근린생활시설,102015651,지번
1156010700100780002,서울특별시 영등포구 영등포동6가,서울특별시 영등포구 영등포로 195-1 (영등포동6가),근린생활2,제2종근린생활시설,102015650,지번
1156010700100320005,서울특별시 영등포구 영등포동6가,서울특별시 영등포구 영신로44길 13 (영등포동6가),근린생활2,제2종근린생활시설,102015534,지번
1156010700101280000,서울특별시 영등포구 영등포동6가,서울특별시 영등포구 영신로44길 10-1 (영등포동6가),근린생활1,제1종근린생활시설,102015795,지번
1156010500104120011,서울특별시 영등포구 영등포동4가,서울특별시 영등포구 경인로 811-3 (영등포동4가),근린생활1,제1종근린생활시설,102014835,지번
1156010500104120011,서울특별시 영등포구 영등포동4가,서울특별시 영등포구 경인로 811 (영등포동4가),근린생활1,단독주택,102014836,지번
1156012100100080002,서울특별시 영등포구 문래동3가,서울특별시 영등포구 영신로23길 17 (문래동3가),근린생활1,제1종근린생활시설,1020113969,지번
1156012100100080002,서울특별시 영등포구 문래동3가,서울특별시 영등포구 영신로23길 17 (문래동3가),근린생활1,제1종근린생활시설,1020113970,지번
1156011900100170005,서울특별시 영등포구 문래동1가,서울특별시 영등포구 경인로92길 10 (문래동1가),근린생활2,제2종근린생활시설,1020113259,지번
1156011800101550018,서울특별시 영등포구 도림동,서울특별시 영등포구 도림로 348 (도림동),근린생활1,제1종근린생활시설,1020111960,지번
1156011800101550018,서울특별시 영등포구 도림동,서울특별시 영등포구 도림로 348 (도림동),근린생활1,제1종근린생활시설,1020111961,지번
1156011800101560010,서울특별시 영등포구 도림동,서울특별시 영등포구 도림로 350 (도림동),근린생활2,제2종근린생활시설,1020111970,지번
1156012100100140002,서울특별시 영등포구 문래동3가,서울특별시 영등포구 영신로25길 5 (문래동3가),근린생활1,제1종근린생활시설,1020114004,지번
1156012100100140002,서울특별시 영등포구 문래동3가,서울특별시 영등포구 영신로25길 5 (문래동3가),근린생활1,제1종근린생활시설,1020114005,지번
1156012100100140002,서울특별시 영등포구 문래동3가,서울특별시 영등포구 영신로25길 5 (문래동3가),근린생활1,제1종근린생활시설,1020114006,지번
1156012100100140002,서울특별시 영등포구 문래동3가,서울특별시 영등포구 영신로25길 5 (문래동3가),근린생활1,제1종근린생활시설,1020114007,지번
1156012100100140002,서울특별시 영등포구 문래동3가,서울특별시 영등포구 영신로25길 5 (문래동3가),근린생활1,제1종근린생활시설,1020114008,지번
1156012100100140002,서울특별시 영등포구 문래동3가,서울특별시 영등포구 영신로25길 5 (문래동3가),근린생활1,제1종근린생활시설,1020114009,지번
1156012100100140002,서울특별시 영등포구 문래동3가,서울특별시 영등포구 영신로25길 5 (문래동3가),근린생활1,제1종근린생활시설,1020114010,지번
1156012100100140002,서울특별시 영등포구 문래동3가,서울특별시 영등포구 영신로25길 5 (문래동3가),근린생활1,제1종근린생활시설,1020114011,지번
1156012100100140002,서울특별시 영등포구 문래동3가,서울특별시 영등포구 영신로25길 5 (문래동3가),근린생활1,제1종근린생활시설,1020114012,지번
1156012100100140002,서울특별시 영등포구 문래동3가,서울특별시 영등포구 영신로25길 5 (문래동3가),근린생활1,제1종근린생활시설,1020114013,지번
1156012100100140002,서울특별시 영등포구 문래동3가,서울특별시 영등포구 영신로25길 5 (문래동3가),근린생활1,제1종근린생활시설,1020114014,지번
1156012100100140002,서울특별시 영등포구 문래동3가,서울특별시 영등포구 영신로25길 5 (문래동3가),근린생활1,제1종근린생활시설,1020114015,지번
1156012100100140002,서울특별시 영등포구 문래동3가,서울특별시 영등포구 영신로25길 5 (문래동3가),근린생활1,제1종근린생활시설,1020114016,지번
1156012100100140002,서울특별시 영등포구 문래동3가,서울특별시 영등포구 영신로25길 5 (문래동3가),근린생활1,제1종근린생활시설,1020114017,지번
1156012100100140002,서울특별시 영등포구 문래동3가,서울특별시 영등포구 영신로25길 5 (문래동3가),근린생활1,제1종근린생활시설,1020114018,지번
1156012100100140002,서울특별시 영등포구 문래동3가,서울특별시 영등포구 영신로25길 5 (문래동3가),근린생활1,제1종근린생활시설,1020114019,지번
1156012100100140002,서울특별시 영등포구 문래동3가,서울특별시 영등포구 영신로25길 5 (문래동3가),근린생활1,제1종근린생활시설,1020114020,지번
1156012100100140002,서울특별시 영등포구 문래동3가,서울특별시 영등포구 영신로25길 5 (문래동3가),근린생활1,제1종근린생활시설,1020114021,지번
1156011100100940003,서울특별시 영등포구 당산동1가,서울특별시 영등포구 영신로37길 6-1 (당산동1가),근린생활1,제1종근린생활시설,102017487,지번
1156010700101310002,서울특별시 영등포구 영등포동6가,서울특별시 영등포구 영신로44길 8 (영등포동6가),근린생활2,제2종근린생활시설,102015797,지번
1156013200103140038,서울특별시 영등포구 신길동,서울특별시 영등포구 가마산로61길 12 (신길동),근린생활1,제1종근린생활시설,1020123011,지번
1156010100104140023,서울특별시 영등포구 영등포동,,근린생활1,제1종근린생활시설,102012255,지번
1156013200103470265,서울특별시 영등포구 신길동,서울특별시 영등포구 가마산로 431 (신길동),근린생활1,제1종근린생활시설,1020124132,지번
1156013200103470302,서울특별시 영등포구 신길동,서울특별시 영등포구 가마산로 419 (신길동),근린생활2,제2종근린생활시설,1020124152,지번
1156013200103250003,서울특별시 영등포구 신길동,서울특별시 영등포구 가마산로 445 (신길동),근린생활2,제2종근린생활시설,1020123175,지번
1156010600100560002,서울특별시 영등포구 영등포동5가,서울특별시 영등포구 양산로 206 (영등포동5가),근린생활1,제1종근린생활시설,102015274,지번
1156010700100190000,서울특별시 영등포구 영등포동6가,서울특별시 영등포구 양산로 194 (영등포동6가),근린생활1,제1종근린생활시설,102015479,지번
1156010700100190000,서울특별시 영등포구 영등포동6가,서울특별시 영등포구 양산로 194 (영등포동6가),근린생활1,단독주택,102015480,지번
1156010600100340040,서울특별시 영등포구 영등포동5가,서울특별시 영등포구 영중로14길  (영등포동5가),근린생활1,제1종근린생활시설,102015142,지번
1156010700100950014,서울특별시 영등포구 영등포동6가,서울특별시 영등포구 영등포로 179 (영등포동6가),근린생활2,제2종근린생활시설,102015702,지번
1156012100100030005,서울특별시 영등포구 문래동3가,서울특별시 영등포구 경인로 797 (문래동3가),근린생활1,제1종근린생활시설,1020113922,지번
1156010600100420035,서울특별시 영등포구 영등포동5가,서울특별시 영등포구 영중로18길 9 (영등포동5가),근린생활1,제1종근린생활시설,102015215,지번
1156010300102110000,서울특별시 영등포구 영등포동2가,서울특별시 영등포구 영등포로51길  (영등포동2가),근린생활1,제1종근린생활시설,102013935,지번
1156010300102110000,서울특별시 영등포구 영등포동2가,서울특별시 영등포구 영등포로51길  (영등포동2가),근린생활1,제1종근린생활시설,102013937,지번
1156010300102110000,서울특별시 영등포구 영등포동2가,서울특별시 영등포구 영등포로51길  (영등포동2가),근린생활1,제1종근린생활시설,102013938,지번
1156010700100770009,서울특별시 영등포구 영등포동6가,서울특별시 영등포구 영등포로 191 (영등포동6가),근린생활1,제1종근린생활시설,102015648,지번
1156013300106770009,서울특별시 영등포구 대림동,서울특별시 영등포구 가마산로46길 16-6 (대림동),근린생활1,제1종근린생활시설,1020130438,지번
1156010500104110015,서울특별시 영등포구 영등포동4가,서울특별시 영등포구 영신로24길 4 (영등포동4가),근린생활1,제1종근린생활시설,102014824,지번
1156013200103550086,서울특별시 영등포구 신길동,서울특별시 영등포구 가마산로 403 (신길동),근린생활1,제1종근린생활시설,1020124200,지번
1156012100100140003,서울특별시 영등포구 문래동3가,서울특별시 영등포구 영신로25길 1 (문래동3가),근린생활1,제1종근린생활시설,1020114022,지번
1156012100100140003,서울특별시 영등포구 문래동3가,서울특별시 영등포구 영신로25길 1 (문래동3가),근린생활1,제1종근린생활시설,1020114023,지번
1156012100100140003,서울특별시 영등포구 문래동3가,서울특별시 영등포구 영신로25길 1 (문래동3가),근린생활1,제1종근린생활시설,1020114024,지번
1156012100100140003,서울특별시 영등포구 문래동3가,서울특별시 영등포구 영신로25길 1 (문래동3가),근린생활1,제1종근린생활시설,1020114025,지번
1156012100100140003,서울특별시 영등포구 문래동3가,서울특별시 영등포구 영신로25길 1 (문래동3가),근린생활1,제1종근린생활시설,1020114406,지번
1156013200103550273,서울특별시 영등포구 신길동,서울특별시 영등포구 도림로 312 (신길동),근린생활1,제1종근린생활시설,1020124315,지번
1156010400100070032,서울특별시 영등포구 영등포동3가,서울특별시 영등포구 영등포로42길 6 (영등포동3가),근린생활2,제2종근린생활시설,102014336,지번
1156013200103420105,서울특별시 영등포구 신길동,서울특별시 영등포구 도림로 274-3 (신길동),근린생활2,제2종근린생활시설,1020123908,지번
1156010300100280144,서울특별시 영등포구 영등포동2가,서울특별시 영등포구 버드나루로5길 14 (영등포동2가),근린생활2,제2종근린생활시설,102013611,지번
1156010300102330004,서울특별시 영등포구 영등포동2가,서울특별시 영등포구 영등포로53길 36-10 (영등포동2가),근린생활1,제1종근린생활시설,102013968,지번
1156010500101130002,서울특별시 영등포구 영등포동4가,서울특별시 영등포구 영신로30길 15-1 (영등포동4가),근린생활2,제2종근린생활시설,102014693,지번
1156013200103250078,서울특별시 영등포구 신길동,서울특별시 영등포구 가마산로 441 (신길동),근린생활1,제1종근린생활시설,1020123215,지번
1156013200104200068,서울특별시 영등포구 신길동,서울특별시 영등포구 도림로 250-3 (신길동),근린생활2,제2종근린생활시설,1020125156,지번
1156013200103410003,서울특별시 영등포구 신길동,서울특별시 영등포구 도림로80길 6 (신길동),근린생활1,노유자시설,1020123858,지번
1156013200103410003,서울특별시 영등포구 신길동,서울특별시 영등포구 도림로80길 6 (신길동),근린생활1,제1종근린생활시설,1020123859,지번
1156010500104330030,서울특별시 영등포구 영등포동4가,서울특별시 영등포구 영중로3길 6 (영등포동4가),근린생활1,제1종근린생활시설,102014896,지번
1156010400100200005,서울특별시 영등포구 영등포동3가,서울특별시 영등포구 영등포로42길 23 (영등포동3가),근린생활1,제1종근린생활시설,102014504,지번
1156010300101570002,서울특별시 영등포구 영등포동2가,서울특별시 영등포구 영등포로51길 2 (영등포동2가),근린생활2,제2종근린생활시설,102013859,지번
1156010300101570002,서울특별시 영등포구 영등포동2가,서울특별시 영등포구 영등포로51길 2 (영등포동2가),근린생활2,제2종근린생활시설,102013860,지번
1156010300101570002,서울특별시 영등포구 영등포동2가,서울특별시 영등포구 영등포로51길 2 (영등포동2가),근린생활2,제2종근린생활시설,102013861,지번
1156010300102210001,서울특별시 영등포구 영등포동2가,서울특별시 영등포구 영등포로51길 6 (영등포동2가),근린생활1,제2종근린생활시설,102013947,지번
1156010300102210001,서울특별시 영등포구 영등포동2가,서울특별시 영등포구 영등포로51길 6 (영등포동2가),근린생활1,제2종근린생활시설,102013948,지번
1156010300102210001,서울특별시 영등포구 영등포동2가,서울특별시 영등포구 영등포로51길 6 (영등포동2가),근린생활1,제1종근린생활시설,102013949,지번
1156010300102210001,서울특별시 영등포구 영등포동2가,서울특별시 영등포구 영등포로51길 6 (영등포동2가),근린생활1,제1종근린생활시설,102013950,지번
1156010300102210001,서울특별시 영등포구 영등포동2가,서울특별시 영등포구 영등포로51길 6 (영등포동2가),근린생활1,제1종근린생활시설,102013951,지번
1156013200100700031,서울특별시 영등포구 신길동,,근린생활1,제1종근린생활시설,1020118604,지번
1156010300100340076,서울특별시 영등포구 영등포동2가,서울특별시 영등포구 영등포로45길 8-5 (영등포동2가),근린생활1,제1종근린생활시설,102013687,지번
1156011300100010004,서울특별시 영등포구 당산동3가,서울특별시 영등포구 양산로 157 (당산동3가),근린생활2,제2종근린생활시설,102018469,지번
1156010700101050000,서울특별시 영등포구 영등포동6가,서울특별시 영등포구 영신로40길 8 (영등포동6가),근린생활1,제1종근린생활시설,102015726,지번
1156012100100040029,서울특별시 영등포구 문래동3가,서울특별시 영등포구 경인로 801 (문래동3가),근린생활1,제1종근린생활시설,1020113943,지번
1156011900100170007,서울특별시 영등포구 문래동1가,서울특별시 영등포구 경인로90길 9-15 (문래동1가),근린생활2,제2종근린생활시설,1020113261,지번
1156011900100170007,서울특별시 영등포구 문래동1가,서울특별시 영등포구 경인로90길 9-15 (문래동1가),근린생활2,제2종근린생활시설,1020113262,지번
1156012100100090000,서울특별시 영등포구 문래동3가,서울특별시 영등포구 영신로 87 (문래동3가),근린생활2,공장,10201100248728,지번
1156012100100090000,서울특별시 영등포구 문래동3가,서울특별시 영등포구 영신로 87 (문래동3가),근린생활2,공장,10201100248729,지번
1156012100100090000,서울특별시 영등포구 문래동3가,서울특별시 영등포구 영신로 87 (문래동3가),근린생활2,제2종근린생활시설,10201100248730,지번
1156012100100090000,서울특별시 영등포구 문래동3가,서울특별시 영등포구 영신로 87 (문래동3가),근린생활2,제2종근린생활시설,10201100248731,지번
1156012100100090000,서울특별시 영등포구 문래동3가,서울특별시 영등포구 영신로 87 (문래동3가),근린생활2,공장,10201100248732,지번
1156012100100090000,서울특별시 영등포구 문래동3가,서울특별시 영등포구 영신로 87 (문래동3가),근린생활2,공장,10201100248733,지번
1156012100100090000,서울특별시 영등포구 문래동3가,서울특별시 영등포구 영신로 87 (문래동3가),근린생활2,공장,10201100248734,지번
1156012100100090000,서울특별시 영등포구 문래동3가,서울특별시 영등포구 영신로 87 (문래동3가),근린생활2,공장,10201100248735,지번
1156012100100090000,서울특별시 영등포구 문래동3가,서울특별시 영등포구 영신로 87 (문래동3가),근린생활2,공장,10201100248736,지번
1156012100100090000,서울특별시 영등포구 문래동3가,서울특별시 영등포구 영신로 87 (문래동3가),근린생활2,공장,10201100248737,지번
1156012100100090000,서울특별시 영등포구 문래동3가,서울특별시 영등포구 영신로 87 (문래동3가),근린생활2,제1종근린생활시설,1020113977,지번
1156012100100090000,서울특별시 영등포구 문래동3가,서울특별시 영등포구 영신로 87 (문래동3가),근린생활2,제1종근린생활시설,1020113978,지번
1156012100100090000,서울특별시 영등포구 문래동3가,서울특별시 영등포구 영신로 87 (문래동3가),근린생활2,공장,1020113979,지번
1156012100100090000,서울특별시 영등포구 문래동3가,서울특별시 영등포구 영신로 87 (문래동3가),근린생활2,제1종근린생활시설,1020113980,지번
1156012100100090000,서울특별시 영등포구 문래동3가,서울특별시 영등포구 영신로 87 (문래동3가),근린생활2,제2종근린생활시설,1020113981,지번
1156012100100090000,서울특별시 영등포구 문래동3가,서울특별시 영등포구 영신로 87 (문래동3가),근린생활2,제1종근린생활시설,1020113982,지번
1156012100100090000,서울특별시 영등포구 문래동3가,서울특별시 영등포구 영신로 87 (문래동3가),근린생활2,제1종근린생활시설,1020113983,지번
1156012100100090000,서울특별시 영등포구 문래동3가,서울특별시 영등포구 영신로 87 (문래동3가),근린생활2,공장,1020113984,지번
1156012100100090000,서울특별시 영등포구 문래동3가,서울특별시 영등포구 영신로 87 (문래동3가),근린생활2,공장,1020113985,지번
1156012100100090000,서울특별시 영등포구 문래동3가,서울특별시 영등포구 영신로 87 (문래동3가),근린생활2,제1종근린생활시설,1020113986,지번
1156012100100090000,서울특별시 영등포구 문래동3가,서울특별시 영등포구 영신로 87 (문래동3가),근린생활2,공장,1020113987,지번
1156012100100090000,서울특별시 영등포구 문래동3가,서울특별시 영등포구 영신로 87 (문래동3가),근린생활2,공장,1020113988,지번
1156012100100090000,서울특별시 영등포구 문래동3가,서울특별시 영등포구 영신로 87 (문래동3가),근린생활2,공장,1020113989,지번
1156010500101510028,서울특별시 영등포구 영등포동4가,서울특별시 영등포구 영등포로 178 (영등포동4가),근린생활2,제2종근린생활시설,102014771,지번
1156010500101040021,서울특별시 영등포구 영등포동4가,서울특별시 영등포구 영신로30길 14 (영등포동4가),근린생활1,제1종근린생활시설,102014675,지번
1156010500101040021,서울특별시 영등포구 영등포동4가,서울특별시 영등포구 영신로30길 12-1 (영등포동4가),근린생활1,제1종근린생활시설,102014676,지번
1156010500101040023,서울특별시 영등포구 영등포동4가,서울특별시 영등포구 문래로 185 (영등포동4가),근린생활2,제2종근린생활시설,102014678,지번
1156011900100210004,서울특별시 영등포구 문래동1가,서울특별시 영등포구 경인로90길 5-3 (문래동1가),근린생활1,제1종근린생활시설,1020113287,지번
1156010600100150007,서울특별시 영등포구 영등포동5가,서울특별시 영등포구 영등포로41길 8 (영등포동5가),근린생활2,제2종근린생활시설,102014969,지번
1156010600101050000,서울특별시 영등포구 영등포동5가,서울특별시 영등포구 영등포로43길 23 (영등포동5가),근린생활1,제1종근린생활시설,102015318,지번
1156010600101050000,서울특별시 영등포구 영등포동5가,서울특별시 영등포구 영등포로43길 23 (영등포동5가),근린생활1,제1종근린생활시설,102015319,지번
1156010600101050000,서울특별시 영등포구 영등포동5가,서울특별시 영등포구 영등포로43길 23 (영등포동5가),근린생활1,단독주택,102015320,지번
1156010600101050000,서울특별시 영등포구 영등포동5가,서울특별시 영등포구 영등포로43길 23 (영등포동5가),근린생활1,제1종근린생활시설,102015435,지번
1156010300101930002,서울특별시 영등포구 영등포동2가,서울특별시 영등포구 영등포로49길 6 (영등포동2가),근린생활1,제1종근린생활시설,102013917,지번
1156010400100150009,서울특별시 영등포구 영등포동3가,서울특별시 영등포구 영등포로46길 7-3 (영등포동3가),근린생활2,업무시설,1000000000000005341596,지번
1156013200101060008,서울특별시 영등포구 신길동,서울특별시 영등포구 도신로65길 10 (신길동),근린생활2,공장,1020119225,지번
1156013200101060008,서울특별시 영등포구 신길동,서울특별시 영등포구 도신로65길 10 (신길동),근린생활2,제2종근린생활시설,1020119226,지번
1156013200101060008,서울특별시 영등포구 신길동,서울특별시 영등포구 도신로65길 10 (신길동),근린생활2,제2종근린생활시설,1020119227,지번
1156010400100180001,서울특별시 영등포구 영등포동3가,서울특별시 영등포구 영등포로46길 14 (영등포동3가),근린생활1,제1종근린생활시설,102014488,지번
1156010600100420031,서울특별시 영등포구 영등포동5가,서울특별시 영등포구 영중로18길 10 (영등포동5가),근린생활1,제1종근린생활시설,102015212,지번
1156011300100010003,서울특별시 영등포구 당산동3가,서울특별시 영등포구 양산로 159-1 (당산동3가),근린생활2,제2종근린생활시설,102018468,지번
1156011100101670003,서울특별시 영등포구 당산동1가,서울특별시 영등포구 영등포로29길 12 (당산동1가),근린생활2,제2종근린생활시설,102017590,지번
1156010500101730000,서울특별시 영등포구 영등포동4가,서울특별시 영등포구 영신로30길 3-2 (영등포동4가),근린생활2,제2종근린생활시설,102014795,지번
1156010700100950011,서울특별시 영등포구 영등포동6가,서울특별시 영등포구 영등포로 181 (영등포동6가),근린생활1,제1종근린생활시설,102015700,지번
1156010300102020002,서울특별시 영등포구 영등포동2가,서울특별시 영등포구 영등포로53길 15-1 (영등포동2가),근린생활1,제1종근린생활시설,102013927,지번
1156010300101900002,서울특별시 영등포구 영등포동2가,서울특별시 영등포구 영등포로51길 13-1 (영등포동2가),근린생활1,제1종근린생활시설,102013914,지번
1156010300103140000,서울특별시 영등포구 영등포동2가,서울특별시 영등포구 영등포로49길 9-9 (영등포동2가),근린생활1,제1종근린생활시설,102014076,지번
1156010300103140000,서울특별시 영등포구 영등포동2가,서울특별시 영등포구 영등포로49길 9-11 (영등포동2가),근린생활1,제1종근린생활시설,102014077,지번
1156013200101710011,서울특별시 영등포구 신길동,서울특별시 영등포구 영등포로64길 6 (신길동),근린생활1,제1종근린생활시설,1020120257,지번
1156013200101710011,서울특별시 영등포구 신길동,서울특별시 영등포구 영등포로64길 6 (신길동),근린생활1,공장,1020120258,지번
1156010400100030016,서울특별시 영등포구 영등포동3가,서울특별시 영등포구 영등포로 250 (영등포동3가),판매시설,판매시설,102014285,지번
1156010500104330024,서울특별시 영등포구 영등포동4가,서울특별시 영등포구 영중로3길 8 (영등포동4가),근린생활1,제1종근린생활시설,102014895,지번
1156010300101500002,서울특별시 영등포구 영등포동2가,서울특별시 영등포구 영등포로53길 5 (영등포동2가),근린생활1,제1종근린생활시설,102013850,지번
1156010300102340000,서울특별시 영등포구 영등포동2가,서울특별시 영등포구 영등포로53길 36-6 (영등포동2가),근린생활1,제2종근린생활시설,1000000000000003390537,지번
1156010300100940268,서울특별시 영등포구 영등포동2가,서울특별시 영등포구 국회대로54길 37-11 (영등포동2가),근린생활2,제2종근린생활시설,102013808,지번
1156010500100980004,서울특별시 영등포구 영등포동4가,서울특별시 영등포구 영신로34길 42 (영등포동4가),근린생활1,제1종근린생활시설,102014660,지번
1156010500100980004,서울특별시 영등포구 영등포동4가,서울특별시 영등포구 영신로34길 42 (영등포동4가),근린생활1,제1종근린생활시설,102014662,지번
1156010500101360002,서울특별시 영등포구 영등포동4가,서울특별시 영등포구 영등포로36길 8 (영등포동4가),근린생활1,제1종근린생활시설,102014728,지번
1156010600100060000,서울특별시 영등포구 영등포동5가,서울특별시 영등포구 영등포로43길 3-2 (영등포동5가),근린생활2,제1종근린생활시설,102014934,지번
1156010600100060000,서울특별시 영등포구 영등포동5가,서울특별시 영등포구 영등포로43길 3-2 (영등포동5가),근린생활2,제2종근린생활시설,102014935,지번
1156010600100060000,서울특별시 영등포구 영등포동5가,서울특별시 영등포구 영등포로43길 3-2 (영등포동5가),근린생활2,단독주택,102014936,지번
1156010600100060000,서울특별시 영등포구 영등포동5가,서울특별시 영등포구 영등포로43길 3-2 (영등포동5가),근린생활2,제1종근린생활시설,102014937,지번
1156010600100060000,서울특별시 영등포구 영등포동5가,서울특별시 영등포구 영등포로43길 3-2 (영등포동5가),근린생활2,제1종근린생활시설,102014938,지번
1156010600100060000,서울특별시 영등포구 영등포동5가,서울특별시 영등포구 영등포로43길 3-2 (영등포동5가),근린생활2,제1종근린생활시설,102014939,지번
1156010600100060000,서울특별시 영등포구 영등포동5가,서울특별시 영등포구 영등포로43길 3-2 (영등포동5가),근린생활2,제1종근린생활시설,102014940,지번
1156010600100060000,서울특별시 영등포구 영등포동5가,서울특별시 영등포구 영등포로43길 3-2 (영등포동5가),근린생활2,단독주택,102014941,지번
1156010600100060000,서울특별시 영등포구 영등포동5가,서울특별시 영등포구 영등포로43길 3-2 (영등포동5가),근린생활2,제2종근린생활시설,102015417,지번
1156010400100070014,서울특별시 영등포구 영등포동3가,서울특별시 영등포구 영등포로42길 10-1 (영등포동3가),근린생활1,제1종근린생활시설,102014327,지번
1156010700100790000,서울특별시 영등포구 영등포동6가,서울특별시 영등포구 영등포로 197-1 (영등포동6가),근린생활2,제2종근린생활시설,102015652,지번
1156010700100790000,서울특별시 영등포구 영등포동6가,서울특별시 영등포구 영등포로 197-1 (영등포동6가),근린생활2,제2종근린생활시설,102015653,지번
1156010700100790000,서울특별시 영등포구 영등포동6가,서울특별시 영등포구 영등포로 197-1 (영등포동6가),근린생활2,제1종근린생활시설,102015654,지번
1156013200102570011,서울특별시 영등포구 신길동,서울특별시 영등포구 신길로39길 8-1 (신길동),근린생활1,제1종근린생활시설,1020122289,지번
1156010300100940209,서울특별시 영등포구 영등포동2가,서울특별시 영등포구 국회대로54길 53-9 (영등포동2가),근린생활2,제2종근린생활시설,102013793,지번
1156010300102360000,서울특별시 영등포구 영등포동2가,서울특별시 영등포구 영등포로53길 34 (영등포동2가),근린생활1,제1종근린생활시설,102013976,지번
1156013200102620044,서울특별시 영등포구 신길동,서울특별시 영등포구 가마산로 471-3 (신길동),근린생활2,제2종근린생활시설,1020122353,지번
1156010300100940131,서울특별시 영등포구 영등포동2가,서울특별시 영등포구 버드나루로12나길 40 (영등포동2가),근린생활1,제1종근린생활시설,102013768,지번
1156010500101700000,서울특별시 영등포구 영등포동4가,서울특별시 영등포구 영신로30길 3 (영등포동4가),근린생활2,제2종근린생활시설,102014792,지번
1156010500101790000,서울특별시 영등포구 영등포동4가,서울특별시 영등포구 영신로30길 6-1 (영등포동4가),근린생활1,제1종근린생활시설,102014803,지번
1156010500101220000,서울특별시 영등포구 영등포동4가,서울특별시 영등포구 영신로30길 9 (영등포동4가),근린생활1,제1종근린생활시설,102014714,지번
1156010500101800000,서울특별시 영등포구 영등포동4가,서울특별시 영등포구 영신로30길 6 (영등포동4가),근린생활1,제1종근린생활시설,102014804,지번
1156010500101170003,서울특별시 영등포구 영등포동4가,서울특별시 영등포구 영신로30길 9-1 (영등포동4가),근린생활2,제2종근린생활시설,102014708,지번
1156010200101010000,서울특별시 영등포구 영등포동1가,서울특별시 영등포구 신길로 291 (영등포동1가),근린생활1,제1종근린생활시설,102013491,지번
1156010400100120017,서울특별시 영등포구 영등포동3가,서울특별시 영등포구 영중로4길 30 (영등포동3가),근린생활2,제2종근린생활시설,102014430,지번
1156010600100410018,서울특별시 영등포구 영등포동5가,서울특별시 영등포구 영중로14길 11-5 (영등포동5가),근린생활2,제2종근린생활시설,102015192,지번
1156010100104260086,서울특별시 영등포구 영등포동,서울특별시 영등포구 경인로 826-1 (영등포동),근린생활1,제1종근린생활시설,102012309,지번
1156013200103420306,서울특별시 영등포구 신길동,서울특별시 영등포구 도림로 274-5 (신길동),근린생활2,제2종근린생활시설,1020123963,지번
1156010400100070036,서울특별시 영등포구 영등포동3가,서울특별시 영등포구 영등포로42길 8 (영등포동3가),근린생활1,제1종근린생활시설,102014338,지번
1156010500100880002,서울특별시 영등포구 영등포동4가,서울특별시 영등포구 영신로32길 30 (영등포동4가),근린생활1,제1종근린생활시설,102014647,지번
1156010700100700001,서울특별시 영등포구 영등포동6가,서울특별시 영등포구 영등포로35길 3-1 (영등포동6가),근린생활1,제1종근린생활시설,102015631,지번
1156010600100430026,서울특별시 영등포구 영등포동5가,서울특별시 영등포구 영중로20길 10-1 (영등포동5가),근린생활1,제1종근린생활시설,102015231,지번
1156010600101270000,서울특별시 영등포구 영등포동5가,서울특별시 영등포구 영중로20길 11 (영등포동5가),근린생활1,제1종근린생활시설,102015344,지번
1156010600100370001,서울특별시 영등포구 영등포동5가,서울특별시 영등포구 영등포로37길 17 (영등포동5가),근린생활1,제1종근린생활시설,102015161,지번
1156010600101210000,서울특별시 영등포구 영등포동5가,서울특별시 영등포구 영등포로37길 16-1 (영등포동5가),근린생활1,제1종근린생활시설,102015329,지번
1156010700100260006,서울특별시 영등포구 영등포동6가,서울특별시 영등포구 양산로 184 (영등포동6가),근린생활1,제1종근린생활시설,102015501,지번
1156010300101690002,서울특별시 영등포구 영등포동2가,서울특별시 영등포구 영중로14길 46 (영등포동2가),근린생활1,제1종근린생활시설,102013877,지번
1156010600100620000,서울특별시 영등포구 영등포동5가,서울특별시 영등포구 영중로24길 5 (영등포동5가),근린생활1,제1종근린생활시설,102015279,지번
1156010600100150001,서울특별시 영등포구 영등포동5가,서울특별시 영등포구 영등포로41길 10 (영등포동5가),근린생활1,제1종근린생활시설,102014966,지번
1156013200103490020,서울특별시 영등포구 신길동,서울특별시 영등포구 가마산로 439-1 (신길동),근린생활1,제1종근린생활시설,1020124166,지번
1156010500104250010,서울특별시 영등포구 영등포동4가,서울특별시 영등포구 경인로 833-1 (영등포동4가),근린생활2,제2종근린생활시설,102014862,지번
1156010500104340014,서울특별시 영등포구 영등포동4가,,근린생활1,제1종근린생활시설,102014898,지번
1156010500104340014,서울특별시 영등포구 영등포동4가,,근린생활1,제1종근린생활시설,102014899,지번
1156011300100010015,서울특별시 영등포구 당산동3가,서울특별시 영등포구 양산로 159 (당산동3가),근린생활1,제1종근린생활시설,102018478,지번
1156011100102000018,서울특별시 영등포구 당산동1가,서울특별시 영등포구 양산로 160 (당산동1가),근린생활1,제1종근린생활시설,102017742,지번
1156010500101050001,서울특별시 영등포구 영등포동4가,서울특별시 영등포구 영신로30길 12 (영등포동4가),근린생활1,제1종근린생활시설,102014680,지번
1156010500101050001,서울특별시 영등포구 영등포동4가,서울특별시 영등포구 영신로30길 12 (영등포동4가),근린생활1,제1종근린생활시설,102014681,지번
1156010500101040016,서울특별시 영등포구 영등포동4가,서울특별시 영등포구 영신로30길 16 (영등포동4가),근린생활1,제1종근린생활시설,102014672,지번
1156010700101270013,서울특별시 영등포구 영등포동6가,서울특별시 영등포구 영신로42길 3 (영등포동6가),근린생활1,제1종근린생활시설,102015794,지번
1156010400100070031,서울특별시 영등포구 영등포동3가,서울특별시 영등포구 영중로10길 12-1 (영등포동3가),근린생활1,제1종근린생활시설,102014335,지번
1156010600100340039,서울특별시 영등포구 영등포동5가,서울특별시 영등포구 영등포로45길 9-2 (영등포동5가),근린생활1,제1종근린생활시설,102015141,지번
1156010300103360001,서울특별시 영등포구 영등포동2가,서울특별시 영등포구 영등포로47길 5 (영등포동2가),근린생활1,제1종근린생활시설,102014127,지번
1156010500104350006,서울특별시 영등포구 영등포동4가,서울특별시 영등포구 영신로24길 17-1 (영등포동4가),근린생활1,제1종근린생활시설,102014903,지번
1156010400100100006,서울특별시 영등포구 영등포동3가,,근린생활2,판매시설,102014364,지번
1156010400100100006,서울특별시 영등포구 영등포동3가,,근린생활2,제2종근린생활시설,102014365,지번
1156010500104280013,서울특별시 영등포구 영등포동4가,서울특별시 영등포구 영신로24길 18-1 (영등포동4가),근린생활1,제2종근린생활시설,102014875,지번
1156010500104280013,서울특별시 영등포구 영등포동4가,서울특별시 영등포구 영신로24길 18-1 (영등포동4가),근린생활1,제1종근린생활시설,102014876,지번
1156010400100220004,서울특별시 영등포구 영등포동3가,서울특별시 영등포구 영중로4길 15 (영등포동3가),근린생활1,제1종근린생활시설,102014523,지번
1156010400100220004,서울특별시 영등포구 영등포동3가,서울특별시 영등포구 영중로4길 15 (영등포동3가),근린생활1,제1종근린생활시설,102014524,지번
1156010400100220004,서울특별시 영등포구 영등포동3가,서울특별시 영등포구 영중로4길 15 (영등포동3가),근린생활1,제2종근린생활시설,102014525,지번
1156010400100220004,서울특별시 영등포구 영등포동3가,서울특별시 영등포구 영중로4길 15 (영등포동3가),근린생활1,숙박시설,102014526,지번
1156010400100260003,서울특별시 영등포구 영등포동3가,서울특별시 영등포구 영등포로46길 15 (영등포동3가),근린생활1,제1종근린생활시설,102014550,지번
1156010300102530000,서울특별시 영등포구 영등포동2가,서울특별시 영등포구 영등포로53길 29 (영등포동2가),근린생활1,제1종근린생활시설,102013998,지번
1156010300102530000,서울특별시 영등포구 영등포동2가,서울특별시 영등포구 영등포로53길 29 (영등포동2가),근린생활1,제1종근린생활시설,102013999,지번
1156010300102530000,서울특별시 영등포구 영등포동2가,서울특별시 영등포구 영등포로53길 29 (영등포동2가),근린생활1,제1종근린생활시설,102014000,지번
1156010300101720002,서울특별시 영등포구 영등포동2가,서울특별시 영등포구 영중로14길 44 (영등포동2가),근린생활1,제1종근린생활시설,102013882,지번
1156010300100340002,서울특별시 영등포구 영등포동2가,서울특별시 영등포구 영등포로47길 15 (영등포동2가),근린생활1,제2종근린생활시설,102013675,지번
1156010300100340002,서울특별시 영등포구 영등포동2가,서울특별시 영등포구 영등포로47길 15 (영등포동2가),근린생활1,제1종근린생활시설,102013676,지번
1156010300102930001,서울특별시 영등포구 영등포동2가,서울특별시 영등포구 영등포로51길 27 (영등포동2가),근린생활1,제1종근린생활시설,102014054,지번
1156010100106470000,서울특별시 영등포구 영등포동,서울특별시 영등포구 도신로29길 28 (영등포동),근린생활2,공동주택,102013233,지번
1156010100106470000,서울특별시 영등포구 영등포동,서울특별시 영등포구 도신로29길 28 (영등포동),근린생활2,공동주택,102013234,지번
1156010100106470000,서울특별시 영등포구 영등포동,서울특별시 영등포구 도신로29길 28 (영등포동),근린생활2,공동주택,102013235,지번
1156010100106470000,서울특별시 영등포구 영등포동,서울특별시 영등포구 도신로29길 28 (영등포동),근린생활2,공동주택,102013236,지번
1156010100106470000,서울특별시 영등포구 영등포동,서울특별시 영등포구 도신로29길 28 (영등포동),근린생활2,공동주택,102013237,지번
1156010100106470000,서울특별시 영등포구 영등포동,서울특별시 영등포구 도신로29길 28 (영등포동),근린생활2,공동주택,102013238,지번
1156010100106470000,서울특별시 영등포구 영등포동,서울특별시 영등포구 도신로29길 28 (영등포동),근린생활2,공동주택,102013239,지번
1156010100106470000,서울특별시 영등포구 영등포동,서울특별시 영등포구 도신로29길 28 (영등포동),근린생활2,공동주택,102013240,지번
1156010100106470000,서울특별시 영등포구 영등포동,서울특별시 영등포구 도신로29길 28 (영등포동),근린생활2,공동주택,102013241,지번
1156010100106470000,서울특별시 영등포구 영등포동,서울특별시 영등포구 도신로29길 28 (영등포동),근린생활2,공동주택,102013242,지번
1156010100106470000,서울특별시 영등포구 영등포동,서울특별시 영등포구 도신로29길 28 (영등포동),근린생활2,공동주택,102013243,지번
1156010100106470000,서울특별시 영등포구 영등포동,서울특별시 영등포구 도신로29길 28 (영등포동),근린생활2,공동주택,102013244,지번
1156010100106470000,서울특별시 영등포구 영등포동,서울특별시 영등포구 도신로29길 28 (영등포동),근린생활2,공동주택,102013245,지번
1156010100106470000,서울특별시 영등포구 영등포동,서울특별시 영등포구 도신로29길 28 (영등포동),근린생활2,제2종근린생활시설,102013246,지번
1156010100106470000,서울특별시 영등포구 영등포동,서울특별시 영등포구 도신로29길 28 (영등포동),근린생활2,제2종근린생활시설,102013247,지번
1156010100106470000,서울특별시 영등포구 영등포동,서울특별시 영등포구 도신로29길 28 (영등포동),근린생활2,제2종근린생활시설,102013248,지번
1156010100106470000,서울특별시 영등포구 영등포동,서울특별시 영등포구 도신로29길 28 (영등포동),근린생활2,공동주택,102013249,지번
1156010100106470000,서울특별시 영등포구 영등포동,서울특별시 영등포구 도신로29길 28 (영등포동),근린생활2,공동주택,102013250,지번
1156010100106470000,서울특별시 영등포구 영등포동,서울특별시 영등포구 도신로29길 28 (영등포동),근린생활2,공동주택,102013251,지번
1156010100106470000,서울특별시 영등포구 영등포동,서울특별시 영등포구 도신로29길 28 (영등포동),근린생활2,공동주택,102013252,지번
1156010100106470000,서울특별시 영등포구 영등포동,서울특별시 영등포구 도신로29길 28 (영등포동),근린생활2,공동주택,102013253,지번
1156010100106470000,서울특별시 영등포구 영등포동,서울특별시 영등포구 도신로29길 28 (영등포동),근린생활2,공동주택,102013254,지번
1156010100106470000,서울특별시 영등포구 영등포동,서울특별시 영등포구 도신로29길 28 (영등포동),근린생활2,공동주택,102013255,지번
1156010100106470000,서울특별시 영등포구 영등포동,서울특별시 영등포구 도신로29길 28 (영등포동),근린생활2,공동주택,102013256,지번
1156010100106470000,서울특별시 영등포구 영등포동,서울특별시 영등포구 도신로29길 28 (영등포동),근린생활2,공동주택,102013257,지번
1156010100106470000,서울특별시 영등포구 영등포동,서울특별시 영등포구 도신로29길 28 (영등포동),근린생활2,공동주택,102013258,지번
1156010100106470000,서울특별시 영등포구 영등포동,서울특별시 영등포구 도신로29길 28 (영등포동),근린생활2,공동주택,102013259,지번
1156010100106470000,서울특별시 영등포구 영등포동,서울특별시 영등포구 도신로29길 28 (영등포동),근린생활2,공동주택,102013260,지번
1156010100106470000,서울특별시 영등포구 영등포동,서울특별시 영등포구 도신로29길 28 (영등포동),근린생활2,공동주택,102013261,지번
1156010100106470000,서울특별시 영등포구 영등포동,서울특별시 영등포구 도신로29길 28 (영등포동),근린생활2,공동주택,102013262,지번
1156010100106470000,서울특별시 영등포구 영등포동,서울특별시 영등포구 도신로29길 28 (영등포동),근린생활2,공동주택,102013263,지번
1156010100106470000,서울특별시 영등포구 영등포동,서울특별시 영등포구 도신로29길 28 (영등포동),근린생활2,공동주택,102013264,지번
1156010100106470000,서울특별시 영등포구 영등포동,서울특별시 영등포구 도신로29길 28 (영등포동),근린생활2,공동주택,102013265,지번
1156010100106470000,서울특별시 영등포구 영등포동,서울특별시 영등포구 도신로29길 28 (영등포동),근린생활2,공동주택,102013266,지번
1156010100106470000,서울특별시 영등포구 영등포동,서울특별시 영등포구 도신로29길 28 (영등포동),근린생활2,공동주택,102013267,지번
1156010500104250004,서울특별시 영등포구 영등포동4가,서울특별시 영등포구 경인로 837 (영등포동4가),근린생활1,제1종근린생활시설,102014858,지번
1156013200102620061,서울특별시 영등포구 신길동,서울특별시 영등포구 가마산로 472 (신길동),근린생활2,제2종근린생활시설,1020122369,지번
1156013200102620040,서울특별시 영등포구 신길동,서울특별시 영등포구 가마산로 471-2 (신길동),근린생활1,제1종근린생활시설,1020122351,지번
1156011100101680001,서울특별시 영등포구 당산동1가,서울특별시 영등포구 영신로 159 (당산동1가),근린생활1,제1종근린생활시설,102017591,지번
1156010500101860000,서울특별시 영등포구 영등포동4가,서울특별시 영등포구 영등포로34길 18 (영등포동4가),근린생활1,제1종근린생활시설,102014812,지번
1156010500101060000,서울특별시 영등포구 영등포동4가,서울특별시 영등포구 영신로30길 10 (영등포동4가),근린생활1,제1종근린생활시설,102014683,지번
1156010300101830013,서울특별시 영등포구 영등포동2가,서울특별시 영등포구 영중로14길 43-3 (영등포동2가),근린생활1,제1종근린생활시설,102013907,지번
1156010300102240000,서울특별시 영등포구 영등포동2가,서울특별시 영등포구 국회대로54길 58 (영등포동2가),근린생활1,제1종근린생활시설,102013955,지번
1156010400100110005,서울특별시 영등포구 영등포동3가,서울특별시 영등포구 경인로 865 (영등포동3가),근린생활2,제2종근린생활시설,102014397,지번
1156010400100110005,서울특별시 영등포구 영등포동3가,서울특별시 영등포구 경인로 865 (영등포동3가),근린생활2,제2종근린생활시설,102014398,지번
1156010300101900001,서울특별시 영등포구 영등포동2가,서울특별시 영등포구 영등포로51길 15 (영등포동2가),근린생활1,제1종근린생활시설,102013913,지번
1156010300100340075,서울특별시 영등포구 영등포동2가,서울특별시 영등포구 영등포로45길 8-9 (영등포동2가),근린생활2,단독주택,102013685,지번
1156010300100340075,서울특별시 영등포구 영등포동2가,서울특별시 영등포구 영등포로45길 8-9 (영등포동2가),근린생활2,제2종근린생활시설,102013686,지번
1156013200103420325,서울특별시 영등포구 신길동,서울특별시 영등포구 도림로 274-1 (신길동),근린생활1,제1종근린생활시설,1020123967,지번
1156010800100510006,서울특별시 영등포구 영등포동7가,서울특별시 영등포구 양산로31길 6-1 (영등포동7가),근린생활1,제1종근린생활시설,102015934,지번
1156010700100210001,서울특별시 영등포구 영등포동6가,서울특별시 영등포구 영등포로35길 26-1 (영등포동6가),근린생활1,제1종근린생활시설,102015483,지번
1156010300102280000,서울특별시 영등포구 영등포동2가,서울특별시 영등포구 국회대로54길 56-1 (영등포동2가),근린생활1,제1종근린생활시설,102013958,지번
1156010300102950000,서울특별시 영등포구 영등포동2가,서울특별시 영등포구 영등포로47길  (영등포동2가),근린생활1,제1종근린생활시설,102014058,지번
1156010300102950000,서울특별시 영등포구 영등포동2가,서울특별시 영등포구 영등포로47길  (영등포동2가),근린생활1,제1종근린생활시설,102014059,지번
1156013200102630025,서울특별시 영등포구 신길동,서울특별시 영등포구 가마산로 462-6 (신길동),근린생활2,제2종근린생활시설,1020122388,지번
1156011000100020000,서울특별시 영등포구 여의도동,서울특별시 영등포구 여의공원로 68 (여의도동),근린생활1,제1종근린생활시설,10201100197994,지번
1156011000100020000,서울특별시 영등포구 여의도동,서울특별시 영등포구 여의공원로 68 (여의도동),근린생활1,제1종근린생활시설,102016919,지번
1156011000100020000,서울특별시 영등포구 여의도동,서울특별시 영등포구 여의공원로 68 (여의도동),근린생활1,제1종근린생활시설,102016920,지번
1156011000100020000,서울특별시 영등포구 여의도동,서울특별시 영등포구 여의공원로 68 (여의도동),근린생활1,제1종근린생활시설,102016921,지번
1156011000100020000,서울특별시 영등포구 여의도동,서울특별시 영등포구 여의공원로 68 (여의도동),근린생활1,제1종근린생활시설,102016922,지번
1156011000100020000,서울특별시 영등포구 여의도동,서울특별시 영등포구 여의공원로 68 (여의도동),근린생활1,제1종근린생활시설,102016923,지번
1156011000100020000,서울특별시 영등포구 여의도동,서울특별시 영등포구 여의공원로 68 (여의도동),근린생활1,제1종근린생활시설,102016924,지번
1156011000100020000,서울특별시 영등포구 여의도동,서울특별시 영등포구 여의공원로 68 (여의도동),근린생활1,제1종근린생활시설,102016925,지번
1156011000100020000,서울특별시 영등포구 여의도동,서울특별시 영등포구 여의공원로 68 (여의도동),근린생활1,제1종근린생활시설,102016926,지번
1156010300100940311,서울특별시 영등포구 영등포동2가,서울특별시 영등포구 버드나루로12가길 27 (영등포동2가),근린생활1,제1종근린생활시설,102013818,지번
1156010300100940310,서울특별시 영등포구 영등포동2가,서울특별시 영등포구 버드나루로4길 7 (영등포동2가),근린생활1,제1종근린생활시설,102013817,지번
1156010300100940284,서울특별시 영등포구 영등포동2가,서울특별시 영등포구 버드나루로12가길 38 (영등포동2가),근린생활1,제1종근린생활시설,102013809,지번
1156010300100940138,서울특별시 영등포구 영등포동2가,서울특별시 영등포구 버드나루로12가길 42 (영등포동2가),근린생활1,제1종근린생활시설,102013775,지번
1156010300100940109,서울특별시 영등포구 영등포동2가,서울특별시 영등포구 버드나루로12가길 25 (영등포동2가),근린생활1,제1종근린생활시설,102013753,지번
1156011800102510001,서울특별시 영등포구 도림동,서울특별시 영등포구 도신로15가길 14 (도림동),근린생활2,제2종근린생활시설,1020112891,지번
1156011900100100008,서울특별시 영등포구 문래동1가,서울특별시 영등포구 경인로 804 (문래동1가),근린생활1,제1종근린생활시설,1020113244,지번
1156011900100160005,서울특별시 영등포구 문래동1가,서울특별시 영등포구 경인로92길 9 (문래동1가),근린생활2,제2종근린생활시설,1020113253,지번
1156011900100200009,서울특별시 영등포구 문래동1가,서울특별시 영등포구 경인로 794-1 (문래동1가),근린생활1,제1종근린생활시설,1020113281,지번
1156013200103700012,서울특별시 영등포구 신길동,서울특별시 영등포구 가마산로49길 6 (신길동),근린생활1,제1종근린생활시설,1020129419,지번
1156010700100060006,서울특별시 영등포구 영등포동6가,서울특별시 영등포구 영등포로 201 (영등포동6가),근린생활1,제1종근린생활시설,102015464,지번
1156013200104200057,서울특별시 영등포구 신길동,서울특별시 영등포구 도림로 259 (신길동),근린생활1,제1종근린생활시설,1020125150,지번
1156010300100340143,서울특별시 영등포구 영등포동2가,서울특별시 영등포구 영등포로47길 7 (영등포동2가),근린생활2,단독주택,102013713,지번
1156010300100340143,서울특별시 영등포구 영등포동2가,서울특별시 영등포구 영등포로47길 7 (영등포동2가),근린생활2,제2종근린생활시설,102013714,지번
1156010500104340005,서울특별시 영등포구 영등포동4가,서울특별시 영등포구 영중로 9 (영등포동4가),판매시설,판매시설,102014897,지번
1156013200102960045,서울특별시 영등포구 신길동,서울특별시 영등포구 가마산로61길 28 (신길동),근린생활1,제1종근린생활시설,1020122793,지번
1156010600101230001,서울특별시 영등포구 영등포동5가,서울특별시 영등포구 영중로20길 5 (영등포동5가),근린생활1,제1종근린생활시설,102015332,지번
1156010600101240001,서울특별시 영등포구 영등포동5가,서울특별시 영등포구 영중로20길 7-1 (영등포동5가),근린생활1,제1종근린생활시설,102015338,지번
1156010300102500001,서울특별시 영등포구 영등포동2가,서울특별시 영등포구 영등포로53길 25 (영등포동2가),근린생활1,제1종근린생활시설,102013991,지번
1156010200100750003,서울특별시 영등포구 영등포동1가,서울특별시 영등포구 경인로112길 8 (영등포동1가),근린생활2,제2종근린생활시설,102013424,지번
1156010200100750003,서울특별시 영등포구 영등포동1가,서울특별시 영등포구 경인로112길 8 (영등포동1가),근린생활2,제2종근린생활시설,102013425,지번
1156010300102540000,서울특별시 영등포구 영등포동2가,서울특별시 영등포구 영등포로53길 31 (영등포동2가),근린생활1,제1종근린생활시설,102014001,지번
1156010300102910001,서울특별시 영등포구 영등포동2가,서울특별시 영등포구 영등포로51길 25 (영등포동2가),근린생활1,제1종근린생활시설,102014049,지번
1156010300101800002,서울특별시 영등포구 영등포동2가,서울특별시 영등포구 영등포로 259-1 (영등포동2가),근린생활1,제1종근린생활시설,102013887,지번
1156010300102680001,서울특별시 영등포구 영등포동2가,서울특별시 영등포구 영등포로49길 11 (영등포동2가),근린생활1,단독주택,102014015,지번
1156010300102680001,서울특별시 영등포구 영등포동2가,서울특별시 영등포구 영등포로49길 11 (영등포동2가),근린생활1,제1종근린생활시설,102014236,지번
1156010300102840002,서울특별시 영등포구 영등포동2가,서울특별시 영등포구 영등포로51길 26 (영등포동2가),근린생활1,제1종근린생활시설,102014036,지번
1156010300102510001,서울특별시 영등포구 영등포동2가,서울특별시 영등포구 영등포로53길 27 (영등포동2가),근린생활1,제1종근린생활시설,102013994,지번
1156010300101830005,서울특별시 영등포구 영등포동2가,서울특별시 영등포구 영중로14길 41-1 (영등포동2가),근린생활1,제1종근린생활시설,102013900,지번
1156010300101580001,서울특별시 영등포구 영등포동2가,서울특별시 영등포구 영등포로 263 (영등포동2가),근린생활1,제1종근린생활시설,102013862,지번
1156010300100940028,서울특별시 영등포구 영등포동2가,서울특별시 영등포구 버드나루로6길 6 (영등포동2가),근린생활1,제1종근린생활시설,102013741,지번
1156013200104200023,서울특별시 영등포구 신길동,서울특별시 영등포구 도림로 255 (신길동),근린생활1,제1종근린생활시설,1020125124,지번
1156013200103240022,서울특별시 영등포구 신길동,서울특별시 영등포구 가마산로63길 3 (신길동),근린생활1,제1종근린생활시설,1020123155,지번
1156013200103590030,서울특별시 영등포구 신길동,서울특별시 영등포구 도림로100길 15-1 (신길동),근린생활1,제1종근린생활시설,1020124520,지번
1156013200102620057,서울특별시 영등포구 신길동,서울특별시 영등포구 가마산로 467-5 (신길동),근린생활1,제1종근린생활시설,1020122365,지번
1156010100106180221,서울특별시 영등포구 영등포동,,근린생활1,제1종근린생활시설,102012792,지번
1156010900100470007,서울특별시 영등포구 영등포동8가,서울특별시 영등포구 국회대로53길 17-5 (영등포동8가),근린생활2,제2종근린생활시설,10201100252128,지번
1156011100101020002,서울특별시 영등포구 당산동1가,서울특별시 영등포구 영신로37길 2-1 (당산동1가),근린생활2,제2종근린생활시설,102017499,지번
1156013200115400000,서울특별시 영등포구 신길동,서울특별시 영등포구 신풍로 101 (신길동),근린생활2,제2종근린생활시설,10201100254390,지번
1156011100101700000,서울특별시 영등포구 당산동1가,서울특별시 영등포구 영신로43길 5 (당산동1가),근린생활1,제1종근린생활시설,102017593,지번
1156010400100190007,서울특별시 영등포구 영등포동3가,서울특별시 영등포구 영등포로42길 21 (영등포동3가),근린생활1,제1종근린생활시설,102014497,지번
1156010300100940290,서울특별시 영등포구 영등포동2가,서울특별시 영등포구 버드나루로3길 3 (영등포동2가),근린생활2,제2종근린생활시설,10201100198634,지번
1156010200100030005,서울특별시 영등포구 영등포동1가,서울특별시 영등포구 경인로112길 28 (영등포동1가),근린생활1,제1종근린생활시설,102013312,지번
1156010300100940288,서울특별시 영등포구 영등포동2가,서울특별시 영등포구 버드나루로3길 8-1 (영등포동2가),근린생활1,제1종근린생활시설,102013810,지번
1156010300101710001,서울특별시 영등포구 영등포동2가,서울특별시 영등포구 영중로14길 44-2 (영등포동2가),근린생활1,제1종근린생활시설,102013880,지번
1156010300101710002,서울특별시 영등포구 영등포동2가,서울특별시 영등포구 영중로14길 44-1 (영등포동2가),근린생활1,제2종근린생활시설,102013881,지번
1156010400100030017,서울특별시 영등포구 영등포동3가,서울특별시 영등포구 영등포로 250-1 (영등포동3가),근린생활1,제1종근린생활시설,102014286,지번
1156010300101830010,서울특별시 영등포구 영등포동2가,서울특별시 영등포구 영중로14길 45-1 (영등포동2가),근린생활1,제1종근린생활시설,102013905,지번
1156010400100120009,서울특별시 영등포구 영등포동3가,서울특별시 영등포구 경인로 873-1 (영등포동3가),근린생활2,제2종근린생활시설,102014422,지번
1156010400100100007,서울특별시 영등포구 영등포동3가,서울특별시 영등포구 경인로 851-1 (영등포동3가),근린생활2,제2종근린생활시설,102014366,지번
1156010300100940135,서울특별시 영등포구 영등포동2가,서울특별시 영등포구 버드나루로12가길 39 (영등포동2가),근린생활1,제1종근린생활시설,102013771,지번
1156010300100940135,서울특별시 영등포구 영등포동2가,서울특별시 영등포구 버드나루로12가길 39 (영등포동2가),근린생활1,제1종근린생활시설,102013772,지번
1156010300101410000,서울특별시 영등포구 영등포동2가,서울특별시 영등포구 영등포로53길 6 (영등포동2가),근린생활1,제1종근린생활시설,102013839,지번
1156010300100940115,서울특별시 영등포구 영등포동2가,서울특별시 영등포구 버드나루로6길 3 (영등포동2가),근린생활1,제1종근린생활시설,102013760,지번
1156010300100940366,서울특별시 영등포구 영등포동2가,서울특별시 영등포구 버드나루로12가길 41 (영등포동2가),근린생활1,제1종근린생활시설,102013824,지번
1156010300101420000,서울특별시 영등포구 영등포동2가,서울특별시 영등포구 영등포로53길 4-1 (영등포동2가),근린생활2,제2종근린생활시설,102013840,지번
1156013200100950063,서울특별시 영등포구 신길동,서울특별시 영등포구 영등포로74길 2 (신길동),근린생활1,제1종근린생활시설,1020119014,지번
1156013200101620013,서울특별시 영등포구 신길동,서울특별시 영등포구 도신로 227-1 (신길동),근린생활1,제1종근린생활시설,1020120180,지번
1156013200100960011,서울특별시 영등포구 신길동,서울특별시 영등포구 영등포로 375-1 (신길동),근린생활1,제1종근린생활시설,1020119141,지번
1156010700100500004,서울특별시 영등포구 영등포동6가,서울특별시 영등포구 영신로42길 11 (영등포동6가),근린생활1,제1종근린생활시설,102015587,지번
1156011100100850000,서울특별시 영등포구 당산동1가,,근린생활1,제1종근린생활시설,102017451,지번
1156011100100850000,서울특별시 영등포구 당산동1가,,근린생활1,제1종근린생활시설,102017452,지번
1156011100100850000,서울특별시 영등포구 당산동1가,,근린생활1,제1종근린생활시설,102017453,지번
1156011100100850000,서울특별시 영등포구 당산동1가,,근린생활1,제1종근린생활시설,102017454,지번
1156011100100850000,서울특별시 영등포구 당산동1가,,근린생활1,제1종근린생활시설,102017455,지번
1156011100100850000,서울특별시 영등포구 당산동1가,,근린생활1,단독주택,102017456,지번
1156011100100850000,서울특별시 영등포구 당산동1가,,근린생활1,제1종근린생활시설,102017457,지번
1156011100100850000,서울특별시 영등포구 당산동1가,,근린생활1,제1종근린생활시설,102017458,지번
1156011100100850000,서울특별시 영등포구 당산동1가,,근린생활1,제1종근린생활시설,102017459,지번
1156011100100850000,서울특별시 영등포구 당산동1가,,근린생활1,단독주택,102017460,지번
1156011100100850000,서울특별시 영등포구 당산동1가,,근린생활1,제2종근린생활시설,102017461,지번
1156011100100850000,서울특별시 영등포구 당산동1가,,근린생활1,제1종근린생활시설,102017462,지번
1156011100100850000,서울특별시 영등포구 당산동1가,,근린생활1,공동주택,102018188,지번
1156012100100040008,서울특별시 영등포구 문래동3가,서울특별시 영등포구 영신로23길 7 (문래동3가),근린생활1,제1종근린생활시설,1020113929,지번
1156013200103550635,서울특별시 영등포구 신길동,서울특별시 영등포구 가마산로 406 (신길동),근린생활1,제1종근린생활시설,1020124492,지번
1156012100100080005,서울특별시 영등포구 문래동3가,서울특별시 영등포구 경인로89길 2 (문래동3가),근린생활1,제1종근린생활시설,1020113971,지번
1156013200100990005,서울특별시 영등포구 신길동,서울특별시 영등포구 영등포로 373 (신길동),근린생활1,제1종근린생활시설,1020119202,지번
1156010600100420006,서울특별시 영등포구 영등포동5가,서울특별시 영등포구 영중로18길 9 (영등포동5가),근린생활1,제1종근린생활시설,102015204,지번
1156010600100420006,서울특별시 영등포구 영등포동5가,서울특별시 영등포구 영중로18길 9 (영등포동5가),근린생활1,제1종근린생활시설,102015205,지번
1156010600100330054,서울특별시 영등포구 영등포동5가,서울특별시 영등포구 영등포로43가길 5 (영등포동5가),근린생활1,제1종근린생활시설,102015090,지번
1156010600100340048,서울특별시 영등포구 영등포동5가,서울특별시 영등포구 영등포로45길 7-1 (영등포동5가),근린생활1,제1종근린생활시설,102015149,지번
1156010300100340124,서울특별시 영등포구 영등포동2가,서울특별시 영등포구 영등포로45길 12-2 (영등포동2가),근린생활1,제1종근린생활시설,102013700,지번
1156010300100340004,서울특별시 영등포구 영등포동2가,서울특별시 영등포구 영등포로45길 14-3 (영등포동2가),근린생활1,제1종근린생활시설,102013678,지번
1156013200100660013,서울특별시 영등포구 신길동,서울특별시 영등포구 영등포로 393 (신길동),근린생활2,제2종근린생활시설,1020118569,지번
1156013200100660013,서울특별시 영등포구 신길동,서울특별시 영등포구 영등포로 393 (신길동),근린생활2,제1종근린생활시설,1020118570,지번
1156013200101600013,서울특별시 영등포구 신길동,서울특별시 영등포구 도신로 223-9 (신길동),근린생활2,제2종근린생활시설,1020120158,지번
1156010700101470001,서울특별시 영등포구 영등포동6가,서울특별시 영등포구 양산로 180 (영등포동6가),근린생활1,제1종근린생활시설,102015807,지번
1156010500101770000,서울특별시 영등포구 영등포동4가,서울특별시 영등포구 영신로30길 7 (영등포동4가),근린생활2,제2종근린생활시설,102014800,지번
1156010500101750000,서울특별시 영등포구 영등포동4가,서울특별시 영등포구 영신로30길 5-1 (영등포동4가),근린생활2,제2종근린생활시설,102014797,지번
1156010500101740000,서울특별시 영등포구 영등포동4가,서울특별시 영등포구 영신로30길 5 (영등포동4가),근린생활1,제1종근린생활시설,102014796,지번
1156010500101330000,서울특별시 영등포구 영등포동4가,서울특별시 영등포구 영등포로36길 10-11 (영등포동4가),근린생활2,제2종근린생활시설,102014724,지번
1156010400100060001,서울특별시 영등포구 영등포동3가,서울특별시 영등포구 영등포로 220 (영등포동3가),근린생활2,제1종근린생활시설,102014314,지번
1156010400100060001,서울특별시 영등포구 영등포동3가,서울특별시 영등포구 영등포로 220 (영등포동3가),근린생활2,제1종근린생활시설,102014315,지번
1156010400100060001,서울특별시 영등포구 영등포동3가,서울특별시 영등포구 영등포로 220 (영등포동3가),근린생활2,제2종근린생활시설,102014316,지번
1156010400100060001,서울특별시 영등포구 영등포동3가,서울특별시 영등포구 영등포로 220 (영등포동3가),근린생활2,제2종근린생활시설,102014317,지번
1156010400100060001,서울특별시 영등포구 영등포동3가,서울특별시 영등포구 영등포로 220 (영등포동3가),근린생활2,제1종근린생활시설,102014318,지번
1156010400100060001,서울특별시 영등포구 영등포동3가,서울특별시 영등포구 영등포로 218-1 (영등포동3가),근린생활2,제1종근린생활시설,102014319,지번
1156010400100130014,서울특별시 영등포구 영등포동3가,서울특별시 영등포구 영등포로50길 7 (영등포동3가),근린생활2,제2종근린생활시설,102014447,지번
1156010300101700000,서울특별시 영등포구 영등포동2가,서울특별시 영등포구 영중로14길 46 (영등포동2가),근린생활1,제1종근린생활시설,102013879,지번
1156010300103100000,서울특별시 영등포구 영등포동2가,서울특별시 영등포구 영등포로49길 9-3 (영등포동2가),근린생활1,제1종근린생활시설,102014072,지번
1156010300103100000,서울특별시 영등포구 영등포동2가,서울특별시 영등포구 영등포로49길 9-3 (영등포동2가),근린생활1,제1종근린생활시설,102014073,지번
1156010300102690001,서울특별시 영등포구 영등포동2가,서울특별시 영등포구 영등포로51길 18 (영등포동2가),근린생활1,제1종근린생활시설,102014017,지번
1156010300101800005,서울특별시 영등포구 영등포동2가,서울특별시 영등포구 영등포로 259 (영등포동2가),근린생활1,제1종근린생활시설,102013890,지번
1156010300101830008,서울특별시 영등포구 영등포동2가,서울특별시 영등포구 영중로14길 45-3 (영등포동2가),근린생활1,제1종근린생활시설,102013903,지번
1156010600100220003,서울특별시 영등포구 영등포동5가,서울특별시 영등포구 영중로14길 9-3 (영등포동5가),근린생활1,제1종근린생활시설,102015004,지번
1156010700100020001,서울특별시 영등포구 영등포동6가,서울특별시 영등포구 영중로 51 (영등포동6가),근린생활1,제1종근린생활시설,102015448,지번
1156010600100230009,서울특별시 영등포구 영등포동5가,서울특별시 영등포구 영중로14길 5 (영등포동5가),근린생활1,제1종근린생활시설,102015010,지번
1156010600100120005,서울특별시 영등포구 영등포동5가,서울특별시 영등포구 영중로14길 21 (영등포동5가),근린생활1,제1종근린생활시설,102014954,지번
1156010800100290105,서울특별시 영등포구 영등포동7가,서울특별시 영등포구 버드나루로7길 16 (영등포동7가),근린생활1,제1종근린생활시설,102015872,지번
1156010400100120013,서울특별시 영등포구 영등포동3가,서울특별시 영등포구 경인로 871 (영등포동3가),근린생활1,제1종근린생활시설,102014425,지번
1156010400100120011,서울특별시 영등포구 영등포동3가,서울특별시 영등포구 경인로 873 (영등포동3가),근린생활2,제2종근린생활시설,102014423,지번
1156010400100230005,서울특별시 영등포구 영등포동3가,서울특별시 영등포구 영등포로50길 12 (영등포동3가),근린생활1,제1종근린생활시설,102014533,지번
1156010500100560001,서울특별시 영등포구 영등포동4가,서울특별시 영등포구 영중로 25-1 (영등포동4가),근린생활1,제1종근린생활시설,102014617,지번
1156010600100410001,서울특별시 영등포구 영등포동5가,서울특별시 영등포구 영중로14길 11-17 (영등포동5가),근린생활1,제1종근린생활시설,102015179,지번
1156010400100190008,서울특별시 영등포구 영등포동3가,서울특별시 영등포구 영등포로42길 19-1 (영등포동3가),근린생활2,제2종근린생활시설,102014498,지번
1156010500101480002,서울특별시 영등포구 영등포동4가,서울특별시 영등포구 영등포로 190 (영등포동4가),근린생활2,제2종근린생활시설,102014748,지번
1156011100102000017,서울특별시 영등포구 당산동1가,서울특별시 영등포구 양산로 160-1 (당산동1가),근린생활1,제1종근린생활시설,102017741,지번
1156011100101850008,서울특별시 영등포구 당산동1가,서울특별시 영등포구 영신로43길 4 (당산동1가),근린생활1,제1종근린생활시설,102017615,지번
1156010700101270008,서울특별시 영등포구 영등포동6가,서울특별시 영등포구 영등포로33길 15 (영등포동6가),근린생활1,제1종근린생활시설,102015790,지번
1156012100100160043,서울특별시 영등포구 문래동3가,서울특별시 영등포구 영신로 113 (문래동3가),근린생활2,제2종근린생활시설,1020114036,지번
1156010400100120004,서울특별시 영등포구 영등포동3가,서울특별시 영등포구 경인로 877-1 (영등포동3가),근린생활2,제2종근린생활시설,102014417,지번
1156010600100340134,서울특별시 영등포구 영등포동5가,서울특별시 영등포구 영등포로43가길 2 (영등포동5가),근린생활1,제1종근린생활시설,102015158,지번
1156010600100340053,서울특별시 영등포구 영등포동5가,서울특별시 영등포구 영중로14길 23-6 (영등포동5가),근린생활1,제1종근린생활시설,102015151,지번
1156010500100750001,서울특별시 영등포구 영등포동4가,서울특별시 영등포구 영신로34길 32 (영등포동4가),근린생활2,제2종근린생활시설,102014638,지번
1156010600100250006,서울특별시 영등포구 영등포동5가,,근린생활1,제1종근린생활시설,102015016,지번
1156010600100340044,서울특별시 영등포구 영등포동5가,서울특별시 영등포구 영등포로45길 9-1 (영등포동5가),근린생활1,제1종근린생활시설,102015146,지번
1156010400100150000,서울특별시 영등포구 영등포동3가,서울특별시 영등포구 영등포로46길 5 (영등포동3가),근린생활1,제1종근린생활시설,102014460,지번
1156010600100340011,서울특별시 영등포구 영등포동5가,서울특별시 영등포구 영등포로43가길 9 (영등포동5가),근린생활1,제1종근린생활시설,102015120,지번
1156010600100420010,서울특별시 영등포구 영등포동5가,서울특별시 영등포구 영중로20길 4 (영등포동5가),근린생활1,제1종근린생활시설,102015208,지번
1156010300102020001,서울특별시 영등포구 영등포동2가,서울특별시 영등포구 영등포로53길 15-2 (영등포동2가),근린생활1,제1종근린생활시설,102013926,지번
1156010300101810002,서울특별시 영등포구 영등포동2가,서울특별시 영등포구 영등포로 261-1 (영등포동2가),근린생활1,제1종근린생활시설,102013891,지번
1156010300100340058,서울특별시 영등포구 영등포동2가,서울특별시 영등포구 영등포로45길 14-5 (영등포동2가),근린생활1,제1종근린생활시설,102013681,지번
1156010300100280159,서울특별시 영등포구 영등포동2가,서울특별시 영등포구 국회대로54길 53-1 (영등포동2가),근린생활2,제2종근린생활시설,102013617,지번
1156010700100490006,서울특별시 영등포구 영등포동6가,서울특별시 영등포구 영등포로35가길 3-1 (영등포동6가),근린생활1,제1종근린생활시설,102015576,지번
1156010600100560001,서울특별시 영등포구 영등포동5가,서울특별시 영등포구 양산로 208 (영등포동5가),근린생활1,단독주택,102015272,지번
1156010600100560001,서울특별시 영등포구 영등포동5가,서울특별시 영등포구 양산로 206-1 (영등포동5가),근린생활1,제1종근린생활시설,102015273,지번
1156010600100470001,서울특별시 영등포구 영등포동5가,서울특별시 영등포구 양산로 204 (영등포동5가),근린생활1,제1종근린생활시설,102015242,지번
1156010300101850000,서울특별시 영등포구 영등포동2가,서울특별시 영등포구 영등포로51길 11 (영등포동2가),근린생활1,제1종근린생활시설,102013910,지번
1156010300102850001,서울특별시 영등포구 영등포동2가,서울특별시 영등포구 영등포로49길 9 (영등포동2가),근린생활1,제1종근린생활시설,102014039,지번
1156013200101210000,서울특별시 영등포구 신길동,서울특별시 영등포구 도신로60길 23 (신길동),근린생활1,교육연구시설,10201100268689,지번
1156013200101210000,서울특별시 영등포구 신길동,서울특별시 영등포구 도신로60길 23 (신길동),근린생활1,교육연구시설,10201100268690,지번
1156013200101210000,서울특별시 영등포구 신길동,서울특별시 영등포구 도신로60길 23 (신길동),근린생활1,교육연구시설,10201100268691,지번
1156013200101210000,서울특별시 영등포구 신길동,서울특별시 영등포구 도신로60길 23 (신길동),근린생활1,교육연구시설,10201100268692,지번
1156013200101210000,서울특별시 영등포구 신길동,서울특별시 영등포구 도신로60길 23 (신길동),근린생활1,교육연구시설,10201100268693,지번
1156013200101210000,서울특별시 영등포구 신길동,서울특별시 영등포구 도신로60길 23 (신길동),근린생활1,교육연구시설,10201100268694,지번
1156013200101210000,서울특별시 영등포구 신길동,서울특별시 영등포구 도신로60길 23 (신길동),근린생활1,교육연구시설,10201100268695,지번
1156010500101820000,서울특별시 영등포구 영등포동4가,서울특별시 영등포구 영신로30길 4 (영등포동4가),근린생활1,제1종근린생활시설,102014805,지번
1156010500101780000,서울특별시 영등포구 영등포동4가,서울특별시 영등포구 영신로30길 6-2 (영등포동4가),근린생활1,제1종근린생활시설,102014802,지번
1156012100100050003,서울특별시 영등포구 문래동3가,서울특별시 영등포구 경인로93길 5 (문래동3가),근린생활1,제1종근린생활시설,1020113954,지번
1156011100100050002,서울특별시 영등포구 당산동1가,서울특별시 영등포구 영등포로 170 (당산동1가),근린생활1,제1종근린생활시설,102017316,지번
1156011100100050002,서울특별시 영등포구 당산동1가,서울특별시 영등포구 영등포로 168-1 (당산동1가),근린생활1,제1종근린생활시설,102017317,지번
1156011100100040012,서울특별시 영등포구 당산동1가,서울특별시 영등포구 영등포로 170-2 (당산동1가),근린생활1,제1종근린생활시설,102017297,지번
1156011100101580019,서울특별시 영등포구 당산동1가,서울특별시 영등포구 영신로39길 4 (당산동1가),근린생활1,제1종근린생활시설,102017578,지번
1156010500101090000,서울특별시 영등포구 영등포동4가,서울특별시 영등포구 문래로 181 (영등포동4가),근린생활1,단독주택,102014686,지번
1156010500101090000,서울특별시 영등포구 영등포동4가,서울특별시 영등포구 문래로 181 (영등포동4가),근린생활1,공장,102014687,지번
1156010500101090000,서울특별시 영등포구 영등포동4가,서울특별시 영등포구 문래로 181 (영등포동4가),근린생활1,제1종근린생활시설,102014688,지번
1156010500101090000,서울특별시 영등포구 영등포동4가,서울특별시 영등포구 문래로 181 (영등포동4가),근린생활1,제1종근린생활시설,102014689,지번
1156010700100860000,서울특별시 영등포구 영등포동6가,서울특별시 영등포구 영신로38길 10 (영등포동6가),근린생활1,제1종근린생활시설,102015691,지번
1156010300100280104,서울특별시 영등포구 영등포동2가,서울특별시 영등포구 국회대로54길 53-3 (영등포동2가),근린생활1,제1종근린생활시설,102013581,지번
1156010600100430014,서울특별시 영등포구 영등포동5가,서울특별시 영등포구 영중로20길 8 (영등포동5가),근린생활1,제1종근린생활시설,102015230,지번
1156010600100420008,서울특별시 영등포구 영등포동5가,서울특별시 영등포구 영중로20길 6 (영등포동5가),근린생활1,제1종근린생활시설,102015206,지번
1156010300101830003,서울특별시 영등포구 영등포동2가,서울특별시 영등포구 영중로14길 43-2 (영등포동2가),근린생활1,제1종근린생활시설,102013898,지번
1156010300102040000,서울특별시 영등포구 영등포동2가,서울특별시 영등포구 영등포로53길 17 (영등포동2가),근린생활1,제1종근린생활시설,102013929,지번
1156010400100130012,서울특별시 영등포구 영등포동3가,서울특별시 영등포구 영등포로50길 9 (영등포동3가),근린생활1,제1종근린생활시설,102014445,지번
1156010300100940253,서울특별시 영등포구 영등포동2가,서울특별시 영등포구 버드나루로7길 9 (영등포동2가),근린생활1,제1종근린생활시설,102013799,지번
1156010600100450004,서울특별시 영등포구 영등포동5가,서울특별시 영등포구 영중로 72 (영등포동5가),근린생활1,제1종근린생활시설,102015236,지번
1156010600100670000,서울특별시 영등포구 영등포동5가,서울특별시 영등포구 영중로24길 7 (영등포동5가),근린생활1,제1종근린생활시설,102015282,지번
1156010300100290073,서울특별시 영등포구 영등포동2가,서울특별시 영등포구 국회대로54길 37-8 (영등포동2가),근린생활1,제1종근린생활시설,102013628,지번
1156010300102680002,서울특별시 영등포구 영등포동2가,서울특별시 영등포구 영등포로49길 11 (영등포동2가),근린생활2,제2종근린생활시설,102014016,지번
1156010300102260000,서울특별시 영등포구 영등포동2가,서울특별시 영등포구 국회대로54길 56-3 (영등포동2가),근린생활1,제1종근린생활시설,102013956,지번
1156010300103190000,서울특별시 영등포구 영등포동2가,서울특별시 영등포구 영중로14길 31 (영등포동2가),근린생활1,제1종근린생활시설,102014085,지번
1156010400100070030,서울특별시 영등포구 영등포동3가,서울특별시 영등포구 영등포로42길 8-4 (영등포동3가),근린생활2,제2종근린생활시설,102014334,지번
1156010400100070027,서울특별시 영등포구 영등포동3가,서울특별시 영등포구 영중로10길 12 (영등포동3가),근린생활1,제1종근린생활시설,102014332,지번
1156011800101520170,서울특별시 영등포구 도림동,,근린생활1,제1종근린생활시설,1020111922,지번
1156012100100140001,서울특별시 영등포구 문래동3가,서울특별시 영등포구 영신로25길 7 (문래동3가),근린생활1,제1종근린생활시설,1020113998,지번
1156012100100140001,서울특별시 영등포구 문래동3가,서울특별시 영등포구 영신로25길 7 (문래동3가),근린생활1,제1종근린생활시설,1020113999,지번
1156012100100140001,서울특별시 영등포구 문래동3가,서울특별시 영등포구 영신로25길 7 (문래동3가),근린생활1,제1종근린생활시설,1020114000,지번
1156012100100140001,서울특별시 영등포구 문래동3가,서울특별시 영등포구 영신로25길 7 (문래동3가),근린생활1,제1종근린생활시설,1020114001,지번
1156012100100140001,서울특별시 영등포구 문래동3가,서울특별시 영등포구 영신로25길 7 (문래동3가),근린생활1,제1종근린생활시설,1020114002,지번
1156012100100140001,서울특별시 영등포구 문래동3가,서울특별시 영등포구 영신로25길 7 (문래동3가),근린생활1,제1종근린생활시설,1020114003,지번
1156010700100950020,서울특별시 영등포구 영등포동6가,서울특별시 영등포구 영등포로 177 (영등포동6가),근린생활2,제2종근린생활시설,102015704,지번
1156010500101660000,서울특별시 영등포구 영등포동4가,서울특별시 영등포구 영신로 126 (영등포동4가),근린생활1,제1종근린생활시설,102014789,지번
1156010700101380002,서울특별시 영등포구 영등포동6가,서울특별시 영등포구 영등포로33길 23-1 (영등포동6가),근린생활1,제1종근린생활시설,102015802,지번
1156011900100180001,서울특별시 영등포구 문래동1가,서울특별시 영등포구 경인로90길 5 (문래동1가),근린생활1,제1종근린생활시설,1020113269,지번
1156011900100180001,서울특별시 영등포구 문래동1가,서울특별시 영등포구 경인로90길 5 (문래동1가),근린생활1,공장,1020113270,지번
1156010500101240000,서울특별시 영등포구 영등포동4가,서울특별시 영등포구 영신로32길 17 (영등포동4가),근린생활2,제2종근린생활시설,102014718,지번
1156010300102940000,서울특별시 영등포구 영등포동2가,,근린생활1,제1종근린생활시설,102014055,지번
1156010300102940000,서울특별시 영등포구 영등포동2가,,근린생활1,제1종근린생활시설,102014056,지번
1156010300102940000,서울특별시 영등포구 영등포동2가,서울특별시 영등포구 영등포로47길 14-1 (영등포동2가),근린생활1,단독주택,102014057,지번
1156010300102590000,서울특별시 영등포구 영등포동2가,서울특별시 영등포구 영등포로53길 33-3 (영등포동2가),근린생활1,제1종근린생활시설,102014006,지번
1156010300102590000,서울특별시 영등포구 영등포동2가,서울특별시 영등포구 영등포로53길 33-3 (영등포동2가),근린생활1,단독주택,102014007,지번
1156010300103270003,서울특별시 영등포구 영등포동2가,서울특별시 영등포구 영등포로49길 3-1 (영등포동2가),근린생활2,제2종근린생활시설,102014097,지번
1156010400100110001,서울특별시 영등포구 영등포동3가,서울특별시 영등포구 경인로 869-1 (영등포동3가),근린생활2,제2종근린생활시설,102014395,지번
1156010700100020006,서울특별시 영등포구 영등포동6가,서울특별시 영등포구 영중로 49-1 (영등포동6가),근린생활1,제1종근린생활시설,102015449,지번
1156010600100330095,서울특별시 영등포구 영등포동5가,서울특별시 영등포구 영중로18길 22 (영등포동5가),근린생활1,제1종근린생활시설,102015108,지번
1156010600100030000,서울특별시 영등포구 영등포동5가,서울특별시 영등포구 영등포로45길 3 (영등포동5가),근린생활1,제1종근린생활시설,102014928,지번
1156010600100030000,서울특별시 영등포구 영등포동5가,서울특별시 영등포구 영등포로45길 3 (영등포동5가),근린생활1,제1종근린생활시설,102014929,지번
1156010600100020000,서울특별시 영등포구 영등포동5가,서울특별시 영등포구 영등포로 237-1 (영등포동5가),근린생활2,제2종근린생활시설,102014927,지번
1156010100106180060,서울특별시 영등포구 영등포동,서울특별시 영등포구 영신로 34 (영등포동),근린생활2,제2종근린생활시설,102012718,지번
1156013200108410000,서울특별시 영등포구 신길동,서울특별시 영등포구 가마산로 587 (신길동),근린생활2,제2종근린생활시설,1020126235,지번
1156011800100010052,서울특별시 영등포구 도림동,서울특별시 영등포구 도신로39길 12 (도림동),근린생활1,제1종근린생활시설,1020110857,지번
1156013200101130000,서울특별시 영등포구 신길동,서울특별시 영등포구 도신로64길 18 (신길동),근린생활1,제1종근린생활시설,1020119264,지번
1156013200101130000,서울특별시 영등포구 신길동,서울특별시 영등포구 도신로64길 18 (신길동),근린생활1,단독주택,1020119265,지번
1156013200100950269,서울특별시 영등포구 신길동,서울특별시 영등포구 도신로64길 17-2 (신길동),근린생활2,제2종근린생활시설,1020119114,지번
1156013200104630036,서울특별시 영등포구 신길동,서울특별시 영등포구 여의대방로47길 30 (신길동),근린생활1,제1종근린생활시설,1020125864,지번
1156010600100410023,서울특별시 영등포구 영등포동5가,서울특별시 영등포구 영중로16길 7 (영등포동5가),근린생활1,제1종근린생활시설,102015195,지번
1156013200101900110,서울특별시 영등포구 신길동,서울특별시 영등포구 신길로 232 (신길동),근린생활2,제2종근린생활시설,1020120841,지번
1156010400100100008,서울특별시 영등포구 영등포동3가,서울특별시 영등포구 경인로 851 (영등포동3가),근린생활1,제1종근린생활시설,102014367,지번
1156010400100100008,서울특별시 영등포구 영등포동3가,서울특별시 영등포구 경인로 851 (영등포동3가),근린생활1,단독주택,102014368,지번
1156010800100290128,서울특별시 영등포구 영등포동7가,서울특별시 영등포구 국회대로54길 25 (영등포동7가),근린생활1,제1종근린생활시설,102015882,지번
1156013200104920000,서울특별시 영등포구 신길동,서울특별시 영등포구 신풍로 110 (신길동),근린생활2,제2종근린생활시설,10201100252868,지번
1156010300102070000,서울특별시 영등포구 영등포동2가,서울특별시 영등포구 영등포로53길 19-1 (영등포동2가),근린생활1,제1종근린생활시설,102013932,지번
1156010400100110013,서울특별시 영등포구 영등포동3가,서울특별시 영등포구 영중로4길 22-1 (영등포동3가),근린생활2,제2종근린생활시설,102014406,지번
1156010100105710006,서울특별시 영등포구 영등포동,서울특별시 영등포구 영등포로62길 36-1 (영등포동),근린생활1,제1종근린생활시설,102012358,지번
1156013200103550528,서울특별시 영등포구 신길동,서울특별시 영등포구 가마산로 401 (신길동),근린생활1,제1종근린생활시설,1020124448,지번
1156013200103550178,서울특별시 영등포구 신길동,서울특별시 영등포구 도림로 316 (신길동),근린생활1,제1종근린생활시설,1020124265,지번
1156011900100200013,서울특별시 영등포구 문래동1가,서울특별시 영등포구 경인로 790 (문래동1가),근린생활1,제1종근린생활시설,1020113284,지번
1156012100100140000,서울특별시 영등포구 문래동3가,서울특별시 영등포구 영신로25길 11 (문래동3가),근린생활1,제1종근린생활시설,1020113991,지번
1156012100100140000,서울특별시 영등포구 문래동3가,서울특별시 영등포구 영신로25길 11 (문래동3가),근린생활1,제1종근린생활시설,1020113992,지번
1156012100100140000,서울특별시 영등포구 문래동3가,서울특별시 영등포구 영신로25길 11 (문래동3가),근린생활1,제1종근린생활시설,1020113993,지번
1156012100100140000,서울특별시 영등포구 문래동3가,서울특별시 영등포구 영신로25길 11 (문래동3가),근린생활1,제1종근린생활시설,1020113994,지번
1156012100100140000,서울특별시 영등포구 문래동3가,서울특별시 영등포구 영신로25길 11 (문래동3가),근린생활1,제1종근린생활시설,1020113995,지번
1156012100100140000,서울특별시 영등포구 문래동3가,서울특별시 영등포구 영신로25길 11 (문래동3가),근린생활1,제1종근린생활시설,1020113996,지번
1156012100100140000,서울특별시 영등포구 문래동3가,서울특별시 영등포구 영신로25길 11 (문래동3가),근린생활1,제1종근린생활시설,1020113997,지번
1156013200100480020,서울특별시 영등포구 신길동,서울특별시 영등포구 영등포로62길 10-1 (신길동),근린생활1,제1종근린생활시설,1020118383,지번
1156012100100160060,서울특별시 영등포구 문래동3가,서울특별시 영등포구 영신로 111-11 (문래동3가),근린생활1,제1종근린생활시설,1020114048,지번
1156010300100280156,서울특별시 영등포구 영등포동2가,서울특별시 영등포구 국회대로54길 43 (영등포동2가),근린생활1,제1종근린생활시설,102013615,지번
1156010300100940149,서울특별시 영등포구 영등포동2가,서울특별시 영등포구 국회대로56길 41 (영등포동2가),근린생활1,제1종근린생활시설,102013785,지번
1156010300100940332,서울특별시 영등포구 영등포동2가,서울특별시 영등포구 버드나루로 34 (영등포동2가),근린생활1,제1종근린생활시설,102013823,지번
1156010300102520000,서울특별시 영등포구 영등포동2가,서울특별시 영등포구 영등포로53길 27-1 (영등포동2가),근린생활1,단독주택,102013996,지번
1156010300102520000,서울특별시 영등포구 영등포동2가,서울특별시 영등포구 영등포로53길 27-1 (영등포동2가),근린생활1,제1종근린생활시설,102013997,지번
1156013200109330000,서울특별시 영등포구 신길동,서울특별시 영등포구 여의대방로43나길 4-1 (신길동),근린생활2,제2종근린생활시설,1020126284,지번
1156013200109330000,서울특별시 영등포구 신길동,서울특별시 영등포구 여의대방로43나길 4-1 (신길동),근린생활2,단독주택,1020126285,지번
1156013200108290000,서울특별시 영등포구 신길동,서울특별시 영등포구 여의대방로 199 (신길동),근린생활1,제1종근린생활시설,1020126228,지번
1156013200111360000,서울특별시 영등포구 신길동,서울특별시 영등포구 여의대방로 219 (신길동),근린생활1,제1종근린생활시설,1020126382,지번
1156010700100010001,서울특별시 영등포구 영등포동6가,서울특별시 영등포구 영중로 49 (영등포동6가),근린생활1,제1종근린생활시설,102015442,지번
1156010700100010001,서울특별시 영등포구 영등포동6가,서울특별시 영등포구 영중로 49 (영등포동6가),근린생활1,제1종근린생활시설,102015443,지번
1156010600100340150,서울특별시 영등포구 영등포동5가,서울특별시 영등포구 영중로14길 23-5 (영등포동5가),근린생활2,제2종근린생활시설,102015160,지번
1156010300100340074,서울특별시 영등포구 영등포동2가,서울특별시 영등포구 영등포로47길 9-2 (영등포동2가),근린생활1,제1종근린생활시설,102013684,지번
1156013200112240000,서울특별시 영등포구 신길동,서울특별시 영등포구 영등포로84길 41 (신길동),근린생활2,제2종근린생활시설,1020126428,지번
1156013300106730000,서울특별시 영등포구 대림동,서울특별시 영등포구 가마산로48길 16 (대림동),판매시설,판매시설,10201100186828,지번
1156010400100210011,서울특별시 영등포구 영등포동3가,서울특별시 영등포구 영중로6길 18 (영등포동3가),근린생활1,제1종근린생활시설,102014516,지번
1156013200104680002,서울특별시 영등포구 신길동,서울특별시 영등포구 영등포로84길 8-1 (신길동),근린생활2,제2종근린생활시설,1020125917,지번
1156013200104680002,서울특별시 영등포구 신길동,서울특별시 영등포구 영등포로84길 8 (신길동),근린생활2,제2종근린생활시설,1020125921,지번
1156013200104200049,서울특별시 영등포구 신길동,서울특별시 영등포구 도림로77길 3 (신길동),근린생활1,제1종근린생활시설,1020125143,지번
1156012100100050012,서울특별시 영등포구 문래동3가,서울특별시 영등포구 경인로 803 (문래동3가),근린생활1,제1종근린생활시설,1020113961,지번
1156010700100530003,서울특별시 영등포구 영등포동6가,서울특별시 영등포구 영신로42길 16 (영등포동6가),근린생활1,제1종근린생활시설,102015599,지번
1156010300100290090,서울특별시 영등포구 영등포동2가,서울특별시 영등포구 국회대로54길 41-5 (영등포동2가),근린생활1,제1종근린생활시설,102013635,지번
1156010300102870000,서울특별시 영등포구 영등포동2가,서울특별시 영등포구 영등포로49길 9-4 (영등포동2가),근린생활1,제1종근린생활시설,102014044,지번
1156011900100210009,서울특별시 영등포구 문래동1가,서울특별시 영등포구 경인로90길 3 (문래동1가),근린생활1,근린생활시설,1020113289,지번
1156010300100280115,서울특별시 영등포구 영등포동2가,서울특별시 영등포구 버드나루로3길 9 (영등포동2가),근린생활1,제1종근린생활시설,102013590,지번
1156013200102260113,서울특별시 영등포구 신길동,서울특별시 영등포구 신길로 189 (신길동),근린생활2,제2종근린생활시설,1020121847,지번
1156013200102260113,서울특별시 영등포구 신길동,서울특별시 영등포구 신길로 189 (신길동),근린생활2,단독주택,1020121848,지번
1156010700100010014,서울특별시 영등포구 영등포동6가,서울특별시 영등포구 영중로 45 (영등포동6가),근린생활1,제1종근린생활시설,102015445,지번
1156013200104200012,서울특별시 영등포구 신길동,서울특별시 영등포구 도림로 256-1 (신길동),근린생활1,제1종근린생활시설,1020125113,지번
1156010400100100027,서울특별시 영등포구 영등포동3가,서울특별시 영등포구 영중로4길 6-1 (영등포동3가),근린생활2,제2종근린생활시설,102014379,지번
1156013200103550582,서울특별시 영등포구 신길동,서울특별시 영등포구 가마산로 400 (신길동),근린생활1,제1종근린생활시설,1020124475,지번
1156010300100940146,서울특별시 영등포구 영등포동2가,서울특별시 영등포구 버드나루로3길 6 (영등포동2가),근린생활1,제1종근린생활시설,102013783,지번
1156010300101430000,서울특별시 영등포구 영등포동2가,서울특별시 영등포구 영등포로53길 4 (영등포동2가),근린생활2,제1종근린생활시설,102013842,지번
1156010300101430000,서울특별시 영등포구 영등포동2가,서울특별시 영등포구 영등포로53길 2 (영등포동2가),근린생활2,제2종근린생활시설,102013843,지번
1156010300101430000,서울특별시 영등포구 영등포동2가,서울특별시 영등포구 영등포로53길 4 (영등포동2가),근린생활2,제1종근린생활시설,102013844,지번
1156010300101830007,서울특별시 영등포구 영등포동2가,서울특별시 영등포구 영중로14길 47 (영등포동2가),근린생활1,제1종근린생활시설,102013902,지번
1156010300100940376,서울특별시 영등포구 영등포동2가,서울특별시 영등포구 버드나루로12가길 26 (영등포동2가),근린생활1,제1종근린생활시설,102013825,지번
1156010600100410028,서울특별시 영등포구 영등포동5가,서울특별시 영등포구 영중로14길 11-11 (영등포동5가),근린생활1,제1종근린생활시설,102015199,지번
1156010600101230004,서울특별시 영등포구 영등포동5가,서울특별시 영등포구 영중로20길 3-2 (영등포동5가),근린생활1,제1종근린생활시설,102015335,지번
1156010600101260000,서울특별시 영등포구 영등포동5가,서울특별시 영등포구 영중로20길 9-1 (영등포동5가),근린생활1,제1종근린생활시설,102015342,지번
1156010600101260000,서울특별시 영등포구 영등포동5가,서울특별시 영등포구 영중로20길 9-1 (영등포동5가),근린생활1,제1종근린생활시설,102015343,지번
1156010600100600002,서울특별시 영등포구 영등포동5가,서울특별시 영등포구 영등포로37길 24-1 (영등포동5가),근린생활1,제1종근린생활시설,102015277,지번
1156010700100320008,서울특별시 영등포구 영등포동6가,서울특별시 영등포구 영등포로33길 22 (영등포동6가),근린생활1,제1종근린생활시설,102015535,지번
1156013200108290001,서울특별시 영등포구 신길동,서울특별시 영등포구 여의대방로 201 (신길동),근린생활1,제1종근린생활시설,1020126229,지번
1156010100106180257,서울특별시 영등포구 영등포동,서울특별시 영등포구 영신로19길 32-2 (영등포동),근린생활2,제2종근린생활시설,102012803,지번
1156013200100650046,서울특별시 영등포구 신길동,서울특별시 영등포구 영등포로 379 (신길동),근린생활1,제1종근린생활시설,1020118525,지번
1156011800101360001,서울특별시 영등포구 도림동,서울특별시 영등포구 도신로29길 9 (도림동),근린생활1,제1종근린생활시설,1020111466,지번
1156010700101470007,서울특별시 영등포구 영등포동6가,서울특별시 영등포구 양산로 178-1 (영등포동6가),근린생활1,제1종근린생활시설,102015810,지번
1156010700101380001,서울특별시 영등포구 영등포동6가,서울특별시 영등포구 영등포로33길 23 (영등포동6가),근린생활1,제1종근린생활시설,102015801,지번
1156010600100790000,서울특별시 영등포구 영등포동5가,서울특별시 영등포구 영중로24길 14 (영등포동5가),근린생활1,제1종근린생활시설,102015290,지번
1156010600100790000,서울특별시 영등포구 영등포동5가,서울특별시 영등포구 영중로24길 14 (영등포동5가),근린생활1,제1종근린생활시설,102015291,지번
1156010600101070000,서울특별시 영등포구 영등포동5가,서울특별시 영등포구 영중로22길 12 (영등포동5가),근린생활1,제1종근린생활시설,102015321,지번
1156013200101020008,서울특별시 영등포구 신길동,서울특별시 영등포구 영등포로64길 11 (신길동),판매시설,교육연구시설,1020119219,지번
1156013200101020008,서울특별시 영등포구 신길동,서울특별시 영등포구 영등포로64길 11 (신길동),판매시설,공동주택,1020129168,지번
1156013200101020008,서울특별시 영등포구 신길동,서울특별시 영등포구 영등포로64길 8 (신길동),판매시설,공동주택,1020129169,지번
1156013200101020008,서울특별시 영등포구 신길동,서울특별시 영등포구 영등포로64길 8 (신길동),판매시설,공동주택,1020129170,지번
1156013200101020008,서울특별시 영등포구 신길동,서울특별시 영등포구 영등포로 356 (신길동),판매시설,판매시설,1020129171,지번
1156013200101020008,서울특별시 영등포구 신길동,서울특별시 영등포구 영등포로64길 11 (신길동),판매시설,공동주택,1020129172,지번
1156013200100950190,서울특별시 영등포구 신길동,서울특별시 영등포구 영등포로80길 4-1 (신길동),근린생활2,제2종근린생활시설,1020119078,지번
1156011100101670001,서울특별시 영등포구 당산동1가,서울특별시 영등포구 영신로41길 7 (당산동1가),근린생활2,제2종근린생활시설,102017589,지번
1156011100100930002,서울특별시 영등포구 당산동1가,서울특별시 영등포구 영신로39길 5 (당산동1가),근린생활1,제1종근린생활시설,102017484,지번
1156011100100880002,서울특별시 영등포구 당산동1가,서울특별시 영등포구 영신로37길 2-4 (당산동1가),근린생활1,제1종근린생활시설,102017478,지번
1156010700101190000,서울특별시 영등포구 영등포동6가,서울특별시 영등포구 영신로40길 4-14 (영등포동6가),근린생활2,제2종근린생활시설,102015747,지번
1156010700101190000,서울특별시 영등포구 영등포동6가,서울특별시 영등포구 영신로40길 4-14 (영등포동6가),근린생활2,단독주택,102015748,지번
1156010700100060005,서울특별시 영등포구 영등포동6가,서울특별시 영등포구 영등포로 201-1 (영등포동6가),근린생활1,제1종근린생활시설,102015463,지번
1156010400100110018,서울특별시 영등포구 영등포동3가,서울특별시 영등포구 영중로4길 26 (영등포동3가),근린생활2,제2종근린생활시설,102014411,지번
1156010400100120008,서울특별시 영등포구 영등포동3가,서울특별시 영등포구 경인로 873-1 (영등포동3가),근린생활1,제1종근린생활시설,102014421,지번
1156010200100810000,서울특별시 영등포구 영등포동1가,서울특별시 영등포구 경인로114길 10-1 (영등포동1가),근린생활1,제1종근린생활시설,102013432,지번
1156010200100800000,서울특별시 영등포구 영등포동1가,서울특별시 영등포구 경인로114가길 2-1 (영등포동1가),근린생활2,제2종근린생활시설,102013431,지번
1156010200101020000,서울특별시 영등포구 영등포동1가,서울특별시 영등포구 신길로 289 (영등포동1가),근린생활1,제1종근린생활시설,102013492,지번
1156010500104320021,서울특별시 영등포구 영등포동4가,서울특별시 영등포구 영중로 5-2 (영등포동4가),근린생활1,제1종근린생활시설,102014925,지번
1156011900100130000,서울특별시 영등포구 문래동1가,서울특별시 영등포구 경인로94길 6 (문래동1가),근린생활1,근린생활시설,1020113247,지번
1156011900100130000,서울특별시 영등포구 문래동1가,서울특별시 영등포구 경인로94길 6 (문래동1가),근린생활1,창고시설,1020113248,지번
1156010700100050001,서울특별시 영등포구 영등포동6가,서울특별시 영등포구 영등포로 203-2 (영등포동6가),근린생활1,제1종근린생활시설,102015454,지번
1156013200106790000,서울특별시 영등포구 신길동,서울특별시 영등포구 여의대방로 171 (신길동),근린생활1,제1종근린생활시설,1020126134,지번
1156013200104580005,서울특별시 영등포구 신길동,서울특별시 영등포구 여의대방로47길 27-1 (신길동),근린생활1,제1종근린생활시설,1020125778,지번
1156013200104200021,서울특별시 영등포구 신길동,서울특별시 영등포구 도림로 254 (신길동),근린생활1,제1종근린생활시설,1020125122,지번
1156010500104320007,서울특별시 영등포구 영등포동4가,,근린생활1,제1종근린생활시설,102014923,지번
1156010200100830000,서울특별시 영등포구 영등포동1가,서울특별시 영등포구 경인로114길 10 (영등포동1가),근린생활1,제1종근린생활시설,102013435,지번
1156011100100890001,서울특별시 영등포구 당산동1가,서울특별시 영등포구 영신로 153 (당산동1가),근린생활1,제1종근린생활시설,102017479,지번
1156010600100610000,서울특별시 영등포구 영등포동5가,서울특별시 영등포구 영등포로37길 24 (영등포동5가),근린생활2,제2종근린생활시설,102015278,지번
1156010600100550000,서울특별시 영등포구 영등포동5가,서울특별시 영등포구 양산로 210 (영등포동5가),근린생활2,제2종근린생활시설,102015270,지번
1156010700100290001,서울특별시 영등포구 영등포동6가,서울특별시 영등포구 영등포로35나길 1 (영등포동6가),근린생활1,제1종근린생활시설,102015517,지번
1156010500104110023,서울특별시 영등포구 영등포동4가,서울특별시 영등포구 영신로 82 (영등포동4가),근린생활1,제1종근린생활시설,102014825,지번
1156011900100280000,서울특별시 영등포구 문래동1가,서울특별시 영등포구 경인로88길 5-6 (문래동1가),근린생활1,제1종근린생활시설,1020113309,지번
1156011900100220003,서울특별시 영등포구 문래동1가,서울특별시 영등포구 경인로90길 2 (문래동1가),근린생활2,제2종근린생활시설,1020113295,지번
1156011900100200007,서울특별시 영등포구 문래동1가,서울특별시 영등포구 경인로92길 4 (문래동1가),근린생활1,제1종근린생활시설,1020113280,지번
1156011900100020007,서울특별시 영등포구 문래동1가,서울특별시 영등포구 경인로94길 9-9 (문래동1가),근린생활1,제1종근린생활시설,1020113214,지번
1156011900100020007,서울특별시 영등포구 문래동1가,서울특별시 영등포구 경인로94길 9-9 (문래동1가),근린생활1,공장,1020113215,지번
1156011800101500016,서울특별시 영등포구 도림동,서울특별시 영등포구 도림로 332 (도림동),근린생활2,자동차관련시설,1020111850,지번
1156011800101500016,서울특별시 영등포구 도림동,서울특별시 영등포구 도림로 332 (도림동),근린생활2,제2종근린생활시설,1020111851,지번
1156013200103550356,서울특별시 영등포구 신길동,서울특별시 영등포구 도림로 308 (신길동),근린생활1,제1종근린생활시설,1020124368,지번
1156013200104530006,서울특별시 영등포구 신길동,서울특별시 영등포구 영등포로84길 21 (신길동),근린생활2,제2종근린생활시설,10201100189734,지번
1156010100106180035,서울특별시 영등포구 영등포동,서울특별시 영등포구 영신로13길 3 (영등포동),근린생활1,제1종근린생활시설,102012705,지번
1156010100106180040,서울특별시 영등포구 영등포동,서울특별시 영등포구 영신로15길 5 (영등포동),근린생활2,제2종근린생활시설,102012708,지번
1156010100106180057,서울특별시 영등포구 영등포동,서울특별시 영등포구 영신로 33 (영등포동),근린생활2,제2종근린생활시설,102012717,지번
1156010800100940324,서울특별시 영등포구 영등포동7가,서울특별시 영등포구 버드나루로 56 (영등포동7가),근린생활1,제1종근린생활시설,102016267,지번
1156013200102350007,서울특별시 영등포구 신길동,서울특별시 영등포구 가마산로 505 (신길동),근린생활2,제2종근린생활시설,10201100192596,지번
1156013200102550001,서울특별시 영등포구 신길동,서울특별시 영등포구 신길로39길 4 (신길동),근린생활1,제1종근린생활시설,1020122268,지번
1156010600101230006,서울특별시 영등포구 영등포동5가,서울특별시 영등포구 영등포로37길 14 (영등포동5가),근린생활1,제1종근린생활시설,102015337,지번
1156010500101510010,서울특별시 영등포구 영등포동4가,서울특별시 영등포구 영등포로 184 (영등포동4가),근린생활1,제1종근린생활시설,102014760,지번
1156010700100690002,서울특별시 영등포구 영등포동6가,서울특별시 영등포구 영신로38길 23 (영등포동6가),근린생활1,제1종근린생활시설,102015626,지번
1156010300101950000,서울특별시 영등포구 영등포동2가,서울특별시 영등포구 영등포로53길 9 (영등포동2가),근린생활1,제1종근린생활시설,102013919,지번
1156010700101040003,서울특별시 영등포구 영등포동6가,서울특별시 영등포구 영신로40길 10 (영등포동6가),근린생활1,제1종근린생활시설,102015723,지번
1156010700100960003,서울특별시 영등포구 영등포동6가,서울특별시 영등포구 영신로38길 1 (영등포동6가),근린생활1,제1종근린생활시설,102015708,지번
1156010700101270009,서울특별시 영등포구 영등포동6가,서울특별시 영등포구 영신로42길 9-1 (영등포동6가),근린생활1,제1종근린생활시설,102015791,지번
1156010300103020001,서울특별시 영등포구 영등포동2가,서울특별시 영등포구 영등포로49길 9-6 (영등포동2가),근린생활1,제1종근린생활시설,102014065,지번
1156010600100420005,서울특별시 영등포구 영등포동5가,서울특별시 영등포구 영중로18길 14 (영등포동5가),근린생활1,제1종근린생활시설,102015203,지번
1156010600100590000,서울특별시 영등포구 영등포동5가,서울특별시 영등포구 영등포로37길 26 (영등포동5가),근린생활1,제1종근린생활시설,102015276,지번
1156010700100460001,서울특별시 영등포구 영등포동6가,서울특별시 영등포구 영신로44길 12 (영등포동6가),근린생활1,제1종근린생활시설,102015559,지번
1156011100100880001,서울특별시 영등포구 당산동1가,서울특별시 영등포구 영신로 151 (당산동1가),근린생활1,제1종근린생활시설,102017476,지번
1156011100100880001,서울특별시 영등포구 당산동1가,서울특별시 영등포구 영신로 151 (당산동1가),근린생활1,단독주택,102017477,지번
1156010700100060003,서울특별시 영등포구 영등포동6가,서울특별시 영등포구 영등포로 203 (영등포동6가),근린생활1,제1종근린생활시설,102015462,지번
1156013200100490001,서울특별시 영등포구 신길동,서울특별시 영등포구 영등포로62길 8 (신길동),근린생활1,제1종근린생활시설,1020118400,지번
1156010100106180017,서울특별시 영등포구 영등포동,서울특별시 영등포구 영신로20가길 7 (영등포동),근린생활2,제2종근린생활시설,102012688,지번
1156013200102200056,서울특별시 영등포구 신길동,서울특별시 영등포구 신길로52길 1 (신길동),근린생활2,제2종근린생활시설,1020121689,지번
1156013200102200056,서울특별시 영등포구 신길동,서울특별시 영등포구 신길로52길 3 (신길동),근린생활2,제2종근린생활시설,1020121690,지번
1156013200102200056,서울특별시 영등포구 신길동,서울특별시 영등포구 신길로 218 (신길동),근린생활2,제2종근린생활시설,1020121691,지번
1156013200102260101,서울특별시 영등포구 신길동,서울특별시 영등포구 신길로45길 1 (신길동),근린생활1,제1종근린생활시설,1020121841,지번
1156013200149020006,서울특별시 영등포구 신길동,서울특별시 영등포구 신길로 162 (신길동),근린생활1,제1종근린생활시설,1020128879,지번
1156013200101590035,서울특별시 영등포구 신길동,서울특별시 영등포구 도신로 204 (신길동),근린생활1,제1종근린생활시설,1020120151,지번
1156011800102510012,서울특별시 영등포구 도림동,서울특별시 영등포구 도신로 73 (도림동),근린생활2,제2종근린생활시설,1020113132,지번
1156013200103550535,서울특별시 영등포구 신길동,서울특별시 영등포구 도림로 318 (신길동),근린생활1,제1종근린생활시설,1020124453,지번
1156013200107100000,서울특별시 영등포구 신길동,서울특별시 영등포구 가마산로90길 3-2 (신길동),근린생활1,제1종근린생활시설,1020126164,지번
1156010300100280165,서울특별시 영등포구 영등포동2가,서울특별시 영등포구 국회대로54길 61 (영등포동2가),근린생활1,제1종근린생활시설,102013619,지번
1156010600101230005,서울특별시 영등포구 영등포동5가,서울특별시 영등포구 영중로20길 3 (영등포동5가),근린생활1,제1종근린생활시설,102015336,지번
1156011100102620000,서울특별시 영등포구 당산동1가,서울특별시 영등포구 당산로20길 25 (당산동1가),근린생활2,제2종근린생활시설,10201100255508,지번
1156010700100960002,서울특별시 영등포구 영등포동6가,서울특별시 영등포구 영신로38길 3-1 (영등포동6가),근린생활1,제1종근린생활시설,102015707,지번
1156010300102160000,서울특별시 영등포구 영등포동2가,서울특별시 영등포구 영등포로51길 10-1 (영등포동2가),근린생활1,제1종근린생활시설,102013942,지번
1156010300101770002,서울특별시 영등포구 영등포동2가,서울특별시 영등포구 영등포로 255 (영등포동2가),근린생활2,제2종근린생활시설,102013884,지번
1156010100106180088,서울특별시 영등포구 영등포동,서울특별시 영등포구 경인로102길 4 (영등포동),근린생활1,제1종근린생활시설,102012739,지번
1156013200104220000,서울특별시 영등포구 신길동,서울특별시 영등포구 도림로 264 (신길동),근린생활1,제1종근린생활시설,1020125235,지번
1156010600100420026,서울특별시 영등포구 영등포동5가,서울특별시 영등포구 영중로16길 1 (영등포동5가),근린생활1,제1종근린생활시설,102015211,지번
1156013200103250068,서울특별시 영등포구 신길동,서울특별시 영등포구 가마산로61길 4 (신길동),근린생활1,제1종근린생활시설,1020123206,지번
1156010700100800001,서울특별시 영등포구 영등포동6가,서울특별시 영등포구 영등포로35길 3 (영등포동6가),근린생활1,제1종근린생활시설,102015656,지번
1156013200103470272,서울특별시 영등포구 신길동,서울특별시 영등포구 가마산로 429 (신길동),근린생활1,제1종근린생활시설,1020124137,지번
1156010300100940113,서울특별시 영등포구 영등포동2가,서울특별시 영등포구 버드나루로12가길 28 (영등포동2가),근린생활1,제1종근린생활시설,102013756,지번
1156010300100940113,서울특별시 영등포구 영등포동2가,서울특별시 영등포구 버드나루로12가길 28 (영등포동2가),근린생활1,제2종근린생활시설,102013757,지번
1156010300100940113,서울특별시 영등포구 영등포동2가,서울특별시 영등포구 버드나루로12가길 28 (영등포동2가),근린생활1,제2종근린생활시설,102013758,지번
1156010600100340116,서울특별시 영등포구 영등포동5가,서울특별시 영등포구 영등포로43길 12-1 (영등포동5가),근린생활1,제1종근린생활시설,102015156,지번
1156010600100340043,서울특별시 영등포구 영등포동5가,서울특별시 영등포구 영등포로43길 12 (영등포동5가),근린생활1,제1종근린생활시설,102015145,지번
1156010300100340081,서울특별시 영등포구 영등포동2가,서울특별시 영등포구 영등포로45길 10 (영등포동2가),근린생활1,제1종근린생활시설,102013691,지번
1156010300100340123,서울특별시 영등포구 영등포동2가,서울특별시 영등포구 영등포로45길 14 (영등포동2가),근린생활1,제1종근린생활시설,102013699,지번
1156010300100940159,서울특별시 영등포구 영등포동2가,서울특별시 영등포구 버드나루로3길 5 (영등포동2가),근린생활2,제2종근린생활시설,102013792,지번
1156013200100460004,서울특별시 영등포구 신길동,서울특별시 영등포구 영등포로62가길 6-9 (신길동),근린생활1,제1종근린생활시설,1020118335,지번
1156010500100790000,서울특별시 영등포구 영등포동4가,서울특별시 영등포구 영신로34길 30 (영등포동4가),근린생활1,업무시설,1000000000000004310946,지번
1156013200102230033,서울특별시 영등포구 신길동,서울특별시 영등포구 신길로 184 (신길동),근린생활1,제1종근린생활시설,1020121725,지번
1156013200101200077,서울특별시 영등포구 신길동,서울특별시 영등포구 여의대방로47나길 19-1 (신길동),근린생활1,제1종근린생활시설,1020119475,지번
1156010800100900000,서울특별시 영등포구 영등포동7가,서울특별시 영등포구 국회대로54길 4 (영등포동7가),근린생활2,제2종근린생활시설,10201100252608,지번
1156010700101260001,서울특별시 영등포구 영등포동6가,서울특별시 영등포구 영등포로33길 13 (영등포동6가),근린생활1,제1종근린생활시설,102015768,지번
1156010700100460002,서울특별시 영등포구 영등포동6가,서울특별시 영등포구 영신로44길 12 (영등포동6가),근린생활1,제1종근린생활시설,102015560,지번
1156010700100460002,서울특별시 영등포구 영등포동6가,서울특별시 영등포구 영신로44길 12 (영등포동6가),근린생활1,제1종근린생활시설,102015561,지번
1156010300102050000,서울특별시 영등포구 영등포동2가,서울특별시 영등포구 영등포로53길 17-1 (영등포동2가),근린생활1,제1종근린생활시설,102013930,지번
1156010600100340149,서울특별시 영등포구 영등포동5가,서울특별시 영등포구 영등포로43가길 4 (영등포동5가),근린생활1,제1종근린생활시설,102015159,지번
1156010500100970004,서울특별시 영등포구 영등포동4가,서울특별시 영등포구 영신로34길 40 (영등포동4가),근린생활1,제1종근린생활시설,102014659,지번
1156011800101460014,서울특별시 영등포구 도림동,서울특별시 영등포구 도신로25길 14 (도림동),근린생활1,제1종근린생활시설,1020111804,지번
1156011800101430008,서울특별시 영등포구 도림동,서울특별시 영등포구 도림로112길 20-1 (도림동),근린생활1,제1종근린생활시설,1020111679,지번
1156013200101200043,서울특별시 영등포구 신길동,서울특별시 영등포구 여의대방로47길 34-7 (신길동),근린생활1,제1종근린생활시설,1020119461,지번
1156010700101260025,서울특별시 영등포구 영등포동6가,서울특별시 영등포구 영신로42길 4-1 (영등포동6가),근린생활1,제1종근린생활시설,102015782,지번
1156010700100940002,서울특별시 영등포구 영등포동6가,서울특별시 영등포구 영신로38길 4 (영등포동6가),근린생활1,제1종근린생활시설,102015696,지번
1156010600100380003,서울특별시 영등포구 영등포동5가,서울특별시 영등포구 영등포로37길 19 (영등포동5가),근린생활1,제1종근린생활시설,102015167,지번
1156010700100310003,서울특별시 영등포구 영등포동6가,서울특별시 영등포구 영등포로35나길 7 (영등포동6가),근린생활1,제1종근린생활시설,102015524,지번
1156010500101470003,서울특별시 영등포구 영등포동4가,서울특별시 영등포구 영등포로 192 (영등포동4가),근린생활2,제2종근린생활시설,102014745,지번
1156011100100870012,서울특별시 영등포구 당산동1가,서울특별시 영등포구 영등포로 167-1 (당산동1가),근린생활1,제1종근린생활시설,102017474,지번
1156011100100870016,서울특별시 영등포구 당산동1가,서울특별시 영등포구 영등포로 167 (당산동1가),근린생활1,제1종근린생활시설,102017475,지번
1156013300106800005,서울특별시 영등포구 대림동,서울특별시 영등포구 가마산로46가길 1 (대림동),근린생활1,제1종근린생활시설,1020130462,지번
1156010100105920001,서울특별시 영등포구 영등포동,서울특별시 영등포구 신길로61길 21 (영등포동),근린생활2,단독주택,102012428,지번
1156010100105920001,서울특별시 영등포구 영등포동,서울특별시 영등포구 신길로61길 21 (영등포동),근린생활2,제2종근린생활시설,102012429,지번
1156013200101630016,서울특별시 영등포구 신길동,서울특별시 영등포구 도신로 231 (신길동),근린생활1,제1종근린생활시설,1020120197,지번
1156013200101150005,서울특별시 영등포구 신길동,서울특별시 영등포구 도신로60길 4 (신길동),근린생활2,제2종근린생활시설,1020119352,지번
1156013200101590017,서울특별시 영등포구 신길동,서울특별시 영등포구 도신로54길 5 (신길동),근린생활1,제1종근린생활시설,1020120149,지번
1156010400100080001,서울특별시 영등포구 영등포동3가,서울특별시 영등포구 영중로8길 6 (영등포동3가),근린생활1,제1종근린생활시설,102014341,지번
1156011800101410023,서울특별시 영등포구 도림동,서울특별시 영등포구 도림로112길 34 (도림동),근린생활1,제1종근린생활시설,1020111558,지번
1156013200102210039,서울특별시 영등포구 신길동,서울특별시 영등포구 신길로 203 (신길동),근린생활1,제1종근린생활시설,1020121698,지번
1156013200102230017,서울특별시 영등포구 신길동,서울특별시 영등포구 신길로 176 (신길동),근린생활2,제2종근린생활시설,1020121717,지번
1156013200101200008,서울특별시 영등포구 신길동,서울특별시 영등포구 도신로62길 35-1 (신길동),근린생활1,제1종근린생활시설,10201100187706,지번
1156013200100920089,서울특별시 영등포구 신길동,서울특별시 영등포구 여의대방로47나길 24 (신길동),근린생활1,제1종근린생활시설,1020118880,지번
1156013200106630000,서울특별시 영등포구 신길동,서울특별시 영등포구 가마산로90길 22 (신길동),근린생활2,제2종근린생활시설,1020126118,지번
1156013200113150000,서울특별시 영등포구 신길동,서울특별시 영등포구 영등포로 418-1 (신길동),근린생활1,제1종근린생활시설,1020126464,지번
1156010100106020126,서울특별시 영등포구 영등포동,서울특별시 영등포구 신길로 235 (영등포동),근린생활2,제2종근린생활시설,102012546,지번
1156011800101380043,서울특별시 영등포구 도림동,서울특별시 영등포구 도신로 109 (도림동),근린생활1,제1종근린생활시설,1020111520,지번
1156013200104210016,서울특별시 영등포구 신길동,서울특별시 영등포구 도림로 250 (신길동),근린생활1,제1종근린생활시설,1020125228,지번
1156010400100110007,서울특별시 영등포구 영등포동3가,서울특별시 영등포구 경인로 861-2 (영등포동3가),근린생활2,제2종근린생활시설,102014400,지번
1156013200101620012,서울특별시 영등포구 신길동,서울특별시 영등포구 도신로 225 (신길동),근린생활2,제2종근린생활시설,1020120179,지번
1156010400100010004,서울특별시 영등포구 영등포동3가,서울특별시 영등포구 경인로 887 (영등포동3가),근린생활1,제1종근린생활시설,102014240,지번
1156010500100980012,서울특별시 영등포구 영등포동4가,서울특별시 영등포구 문래로 203 (영등포동4가),근린생활2,제2종근린생활시설,102014664,지번
1156013200103470270,서울특별시 영등포구 신길동,서울특별시 영등포구 가마산로 431-1 (신길동),근린생활1,제1종근린생활시설,1020124136,지번
1156010600100990000,서울특별시 영등포구 영등포동5가,서울특별시 영등포구 영중로22길 9-2 (영등포동5가),근린생활1,제1종근린생활시설,102015311,지번
1156010600100150003,서울특별시 영등포구 영등포동5가,서울특별시 영등포구 영등포로43길 9 (영등포동5가),근린생활1,제1종근린생활시설,102014967,지번
1156010300100340079,서울특별시 영등포구 영등포동2가,서울특별시 영등포구 영등포로45길 10-1 (영등포동2가),근린생활1,제1종근린생활시설,102013690,지번
1156010100106200043,서울특별시 영등포구 영등포동,서울특별시 영등포구 영신로9길 24 (영등포동),근린생활2,제2종근린생활시설,102012919,지번
1156013200103550209,서울특별시 영등포구 신길동,서울특별시 영등포구 가마산로 411 (신길동),근린생활2,제2종근린생활시설,1020124278,지번
1156010100106200311,서울특별시 영등포구 영등포동,서울특별시 영등포구 도신로29사길 1 (영등포동),근린생활2,제2종근린생활시설,102013056,지번
1156010100106180188,서울특별시 영등포구 영등포동,서울특별시 영등포구 영신로20길 6 (영등포동),근린생활2,제2종근린생활시설,102012768,지번
1156010100106200173,서울특별시 영등포구 영등포동,서울특별시 영등포구 영신로9길 6-1 (영등포동),근린생활2,제2종근린생활시설,102012970,지번
1156013200104670003,서울특별시 영등포구 신길동,서울특별시 영등포구 여의대방로53길 28 (신길동),근린생활2,제2종근린생활시설,1020125915,지번
1156010300100940024,서울특별시 영등포구 영등포동2가,서울특별시 영등포구 버드나루로7길 7 (영등포동2가),근린생활2,제2종근린생활시설,102014228,지번
1156010300101540000,서울특별시 영등포구 영등포동2가,서울특별시 영등포구 영중로14길 54 (영등포동2가),근린생활1,제2종근린생활시설,102013854,지번
1156010300101540000,서울특별시 영등포구 영등포동2가,서울특별시 영등포구 영중로14길 54 (영등포동2가),근린생활1,제1종근린생활시설,102013855,지번
1156010700100500003,서울특별시 영등포구 영등포동6가,서울특별시 영등포구 영등포로35가길 11-1 (영등포동6가),근린생활1,제1종근린생활시설,102015586,지번
1156010700100770008,서울특별시 영등포구 영등포동6가,서울특별시 영등포구 영등포로 189-1 (영등포동6가),근린생활2,제2종근린생활시설,102015644,지번
1156010700100770008,서울특별시 영등포구 영등포동6가,서울특별시 영등포구 영등포로 189-1 (영등포동6가),근린생활2,제2종근린생활시설,102015645,지번
1156010700100770008,서울특별시 영등포구 영등포동6가,서울특별시 영등포구 영등포로 189-1 (영등포동6가),근린생활2,제2종근린생활시설,102015646,지번
1156010700100770008,서울특별시 영등포구 영등포동6가,서울특별시 영등포구 영등포로 189-1 (영등포동6가),근린생활2,제2종근린생활시설,102015647,지번
1156012100100040001,서울특별시 영등포구 문래동3가,서울특별시 영등포구 영신로23길 5 (문래동3가),근린생활1,제1종근린생활시설,1020113924,지번
1156010700100090000,서울특별시 영등포구 영등포동6가,서울특별시 영등포구 영중로 63 (영등포동6가),근린생활1,제1종근린생활시설,102015468,지번
1156010500101280000,서울특별시 영등포구 영등포동4가,서울특별시 영등포구 영등포로36길 10 (영등포동4가),근린생활2,제2종근린생활시설,102014720,지번
1156010700100950009,서울특별시 영등포구 영등포동6가,서울특별시 영등포구 영등포로 181-2 (영등포동6가),근린생활1,제1종근린생활시설,102015699,지번
1156010500101160008,서울특별시 영등포구 영등포동4가,서울특별시 영등포구 영신로32길 16-1 (영등포동4가),근린생활2,제2종근린생활시설,102014704,지번
1156013200101150006,서울특별시 영등포구 신길동,서울특별시 영등포구 도신로60길 6 (신길동),근린생활1,제1종근린생활시설,1020119353,지번
1156010300100940035,서울특별시 영등포구 영등포동2가,서울특별시 영등포구 버드나루로 25 (영등포동2가),근린생활2,제2종근린생활시설,102013748,지번
1156013200101860117,서울특별시 영등포구 신길동,서울특별시 영등포구 신길로60마길 11 (신길동),근린생활1,제1종근린생활시설,1020120364,지번
1156013200102520006,서울특별시 영등포구 신길동,서울특별시 영등포구 신길로 141 (신길동),근린생활1,제1종근린생활시설,1020122179,지번
1156013200100070004,서울특별시 영등포구 신길동,,근린생활1,제1종근린생활시설,1020129098,지번
1156010100106180198,서울특별시 영등포구 영등포동,서울특별시 영등포구 영신로17길 7 (영등포동),근린생활2,제2종근린생활시설,102012772,지번
1156013200100920074,서울특별시 영등포구 신길동,서울특별시 영등포구 영등포로80길 32 (신길동),근린생활1,제1종근린생활시설,1020118875,지번
1156013200113210000,서울특별시 영등포구 신길동,서울특별시 영등포구 영등포로 412 (신길동),근린생활1,제1종근린생활시설,1020126468,지번
1156010700100050008,서울특별시 영등포구 영등포동6가,서울특별시 영등포구 영등포로35길 2 (영등포동6가),근린생활1,제1종근린생활시설,102015456,지번
1156010500100670001,서울특별시 영등포구 영등포동4가,서울특별시 영등포구 영등포로 210 (영등포동4가),근린생활2,제2종근린생활시설,102014628,지번
1156010600100420033,서울특별시 영등포구 영등포동5가,서울특별시 영등포구 영중로16길 5-1 (영등포동5가),근린생활1,제1종근린생활시설,102015214,지번
1156010400100040006,서울특별시 영등포구 영등포동3가,서울특별시 영등포구 영등포로 238 (영등포동3가),근린생활2,제2종근린생활시설,102014290,지번
1156010400100040006,서울특별시 영등포구 영등포동3가,서울특별시 영등포구 영등포로 238 (영등포동3가),근린생활2,제2종근린생활시설,102014586,지번
1156010400100130013,서울특별시 영등포구 영등포동3가,서울특별시 영등포구 영등포로50길 7-1 (영등포동3가),근린생활2,제2종근린생활시설,102014446,지번
1156011800101330003,서울특별시 영등포구 도림동,서울특별시 영등포구 도신로29길 13-1 (도림동),근린생활1,제1종근린생활시설,1020111457,지번
1156013200100910040,서울특별시 영등포구 신길동,서울특별시 영등포구 영등포로80길 19 (신길동),근린생활1,제1종근린생활시설,1020118829,지번
1156013200101860142,서울특별시 영등포구 신길동,서울특별시 영등포구 신길로60길 29-2 (신길동),근린생활1,제1종근린생활시설,1020120376,지번
1156013200101150026,서울특별시 영등포구 신길동,서울특별시 영등포구 도신로60길 8-1 (신길동),근린생활2,제2종근린생활시설,1020119371,지번
1156013200101140041,서울특별시 영등포구 신길동,서울특별시 영등포구 도신로62길 11 (신길동),근린생활1,제1종근린생활시설,1020119348,지번
1156010300100280103,서울특별시 영등포구 영등포동2가,서울특별시 영등포구 국회대로54길 51 (영등포동2가),근린생활1,제1종근린생활시설,102013580,지번
1156010100106180218,서울특별시 영등포구 영등포동,서울특별시 영등포구 영신로19길 16 (영등포동),근린생활2,제2종근린생활시설,102012785,지번
1156010100106180218,서울특별시 영등포구 영등포동,서울특별시 영등포구 영신로19길 16 (영등포동),근린생활2,제1종근린생활시설,102012786,지번
1156010100106180218,서울특별시 영등포구 영등포동,서울특별시 영등포구 영신로19길 16 (영등포동),근린생활2,제1종근린생활시설,102012787,지번
1156010100106180218,서울특별시 영등포구 영등포동,서울특별시 영등포구 영신로19길 16 (영등포동),근린생활2,제1종근린생활시설,102012788,지번
1156010100106180271,서울특별시 영등포구 영등포동,서울특별시 영등포구 영신로19길 28 (영등포동),근린생활1,제1종근린생활시설,102012811,지번
1156013200103200013,서울특별시 영등포구 신길동,서울특별시 영등포구 가마산로61가길 13-2 (신길동),근린생활1,제1종근린생활시설,1020123129,지번
1156013200104490001,서울특별시 영등포구 신길동,서울특별시 영등포구 영등포로 410 (신길동),근린생활1,제1종근린생활시설,1020125666,지번
1156010600100060008,서울특별시 영등포구 영등포동5가,서울특별시 영등포구 영등포로 235 (영등포동5가),근린생활1,제1종근린생활시설,102014944,지번
1156010600100060003,서울특별시 영등포구 영등포동5가,서울특별시 영등포구 영등포로 231-1 (영등포동5가),근린생활1,제1종근린생활시설,102014943,지번
1156011800101430019,서울특별시 영등포구 도림동,서울특별시 영등포구 도림로112길 20 (도림동),근린생활1,제1종근린생활시설,1020111682,지번
1156013200101600014,서울특별시 영등포구 신길동,서울특별시 영등포구 도신로 215-1 (신길동),근린생활1,제1종근린생활시설,1020120159,지번
1156010700100740001,서울특별시 영등포구 영등포동6가,서울특별시 영등포구 영신로38길 18 (영등포동6가),근린생활2,제2종근린생활시설,102015816,지번
1156013200101240016,서울특별시 영등포구 신길동,서울특별시 영등포구 도신로62길 40 (신길동),근린생활2,제2종근린생활시설,1020119505,지번
1156013200100010012,서울특별시 영등포구 신길동,서울특별시 영등포구 여의대방로61길 20 (신길동),근린생활2,제2종근린생활시설,1020118020,지번
1156013200104660007,서울특별시 영등포구 신길동,서울특별시 영등포구 영등포로84길 22 (신길동),근린생활2,제2종근린생활시설,1020125911,지번
1156013200104660013,서울특별시 영등포구 신길동,서울특별시 영등포구 영등포로84길 16 (신길동),근린생활2,제2종근린생활시설,10201100190354,지번
1156010300102080000,서울특별시 영등포구 영등포동2가,서울특별시 영등포구 영등포로53길 21 (영등포동2가),근린생활1,제1종근린생활시설,102013933,지번
1156011100100040003,서울특별시 영등포구 당산동1가,서울특별시 영등포구 영등포로 174-2 (당산동1가),근린생활1,제1종근린생활시설,102017294,지번
1156010300102610000,서울특별시 영등포구 영등포동2가,서울특별시 영등포구 영등포로47길 22 (영등포동2가),근린생활1,제1종근린생활시설,102014009,지번
1156010300102610000,서울특별시 영등포구 영등포동2가,서울특별시 영등포구 영등포로47길 22 (영등포동2가),근린생활1,단독주택,102014010,지번
1156010400100230004,서울특별시 영등포구 영등포동3가,서울특별시 영등포구 영등포로50길 8-3 (영등포동3가),근린생활2,제2종근린생활시설,102014532,지번
1156010300102470000,서울특별시 영등포구 영등포동2가,서울특별시 영등포구 영등포로53길 23 (영등포동2가),근린생활1,제1종근린생활시설,102013986,지번
1156011100101580015,서울특별시 영등포구 당산동1가,서울특별시 영등포구 영신로 155 (당산동1가),근린생활1,제1종근린생활시설,102017577,지번
1156010700100320004,서울특별시 영등포구 영등포동6가,서울특별시 영등포구 영신로44길 15 (영등포동6가),근린생활1,제1종근린생활시설,102015533,지번
1156010600100390009,서울특별시 영등포구 영등포동5가,서울특별시 영등포구 영중로 66 (영등포동5가),근린생활2,제2종근린생활시설,102015175,지번
1156010600100420047,서울특별시 영등포구 영등포동5가,서울특별시 영등포구 영중로18길 9 (영등포동5가),근린생활2,제2종근린생활시설,102015219,지번
1156010100106180258,서울특별시 영등포구 영등포동,서울특별시 영등포구 영신로 36 (영등포동),근린생활2,제2종근린생활시설,102012804,지번
1156013200102220004,서울특별시 영등포구 신길동,서울특별시 영등포구 신길로 181-1 (신길동),근린생활1,제1종근린생활시설,1020121705,지번
1156013200102450039,서울특별시 영등포구 신길동,서울특별시 영등포구 가마산로 519-1 (신길동),근린생활2,제2종근린생활시설,1020122162,지번
1156013200101130085,서울특별시 영등포구 신길동,서울특별시 영등포구 도신로64가길 2-1 (신길동),근린생활2,제2종근린생활시설,1020119301,지번
1156013200101920206,서울특별시 영등포구 신길동,서울특별시 영등포구 도신로 193 (신길동),근린생활2,제2종근린생활시설,1020129301,지번
1156010100106180190,서울특별시 영등포구 영등포동,서울특별시 영등포구 영신로20길 2 (영등포동),근린생활2,제2종근린생활시설,102012769,지번
1156010800100430001,서울특별시 영등포구 영등포동7가,서울특별시 영등포구 영중로 75-1 (영등포동7가),근린생활2,제2종근린생활시설,102015917,지번
1156010300100340117,서울특별시 영등포구 영등포동2가,서울특별시 영등포구 영등포로45길 16 (영등포동2가),근린생활1,제1종근린생활시설,102013697,지번
1156010400100200002,서울특별시 영등포구 영등포동3가,서울특별시 영등포구 영중로4길 7 (영등포동3가),근린생활2,제2종근린생활시설,102014501,지번
1156013200103110004,서울특별시 영등포구 신길동,서울특별시 영등포구 가마산로61길 14 (신길동),근린생활1,제1종근린생활시설,1020122959,지번
1156011800101500010,서울특별시 영등포구 도림동,서울특별시 영등포구 도신로 87 (도림동),근린생활1,제1종근린생활시설,1020111846,지번
1156011000100040009,서울특별시 영등포구 여의도동,서울특별시 영등포구 여의동로 48 (여의도동),근린생활1,제1종근린생활시설,10201100195234,지번
1156013200100650015,서울특별시 영등포구 신길동,서울특별시 영등포구 영등포로 392-1 (신길동),근린생활1,근린생활시설,1020118511,지번
1156013200103550632,서울특별시 영등포구 신길동,서울특별시 영등포구 가마산로 410 (신길동),근린생활2,제2종근린생활시설,1020124489,지번
1156010500101510002,서울특별시 영등포구 영등포동4가,서울특별시 영등포구 영등포로 180 (영등포동4가),근린생활2,제2종근린생활시설,102014754,지번
1156010400100050004,서울특별시 영등포구 영등포동3가,서울특별시 영등포구 영등포로 224 (영등포동3가),근린생활2,제2종근린생활시설,102014303,지번
1156010500100660000,서울특별시 영등포구 영등포동4가,서울특별시 영등포구 영중로 37 (영등포동4가),근린생활2,제2종근린생활시설,102014625,지번
1156010500100660000,서울특별시 영등포구 영등포동4가,서울특별시 영등포구 영중로 37 (영등포동4가),근린생활2,제1종근린생활시설,102014626,지번
1156011100100870008,서울특별시 영등포구 당산동1가,서울특별시 영등포구 영등포로29길 4 (당산동1가),근린생활1,제1종근린생활시설,102017473,지번
1156011900100210011,서울특별시 영등포구 문래동1가,서울특별시 영등포구 경인로 788-1 (문래동1가),근린생활1,제1종근린생활시설,1020113290,지번
1156010500101310000,서울특별시 영등포구 영등포동4가,서울특별시 영등포구 영등포로36길 10-7 (영등포동4가),근린생활1,제1종근린생활시설,102014722,지번
1156010800100290056,서울특별시 영등포구 영등포동7가,서울특별시 영등포구 버드나루로7길 12-3 (영등포동7가),근린생활2,제2종근린생활시설,102015870,지번
1156010300100940378,서울특별시 영등포구 영등포동2가,서울특별시 영등포구 버드나루로12나길 42 (영등포동2가),근린생활1,제1종근린생활시설,102013826,지번
1156013200104530005,서울특별시 영등포구 신길동,서울특별시 영등포구 여의대방로51길 22 (신길동),근린생활2,제2종근린생활시설,1020125711,지번
1156013200101370034,서울특별시 영등포구 신길동,서울특별시 영등포구 도신로60길 26 (신길동),근린생활1,제1종근린생활시설,1020119568,지번
1156010100106210000,서울특별시 영등포구 영등포동,서울특별시 영등포구 영신로9라길 2 (영등포동),근린생활1,제1종근린생활시설,102013073,지번
1156013200103200002,서울특별시 영등포구 신길동,서울특별시 영등포구 가마산로65길 5 (신길동),근린생활1,제1종근린생활시설,1020123122,지번
1156013200101860356,서울특별시 영등포구 신길동,서울특별시 영등포구 신길로60다길 19 (신길동),근린생활2,단독주택,1020120533,지번
1156013200101860356,서울특별시 영등포구 신길동,서울특별시 영등포구 신길로60다길 19 (신길동),근린생활2,단독주택,1020120534,지번
1156013200101860356,서울특별시 영등포구 신길동,,근린생활2,단독주택,1020120535,지번
1156013200101860356,서울특별시 영등포구 신길동,,근린생활2,단독주택,1020120536,지번
1156013200101860356,서울특별시 영등포구 신길동,서울특별시 영등포구 신길로60다길 21 (신길동),근린생활2,제2종근린생활시설,1020120537,지번
1156013200101860356,서울특별시 영등포구 신길동,서울특별시 영등포구 신길로60다길 21 (신길동),근린생활2,제2종근린생활시설,1020120538,지번
1156013200101860356,서울특별시 영등포구 신길동,서울특별시 영등포구 신길로60다길 21 (신길동),근린생활2,제2종근린생활시설,1020120539,지번
1156013200101860356,서울특별시 영등포구 신길동,서울특별시 영등포구 신길로60다길 19-1 (신길동),근린생활2,단독주택,1020120540,지번
1156013200123650000,서울특별시 영등포구 신길동,서울특별시 영등포구 신풍로 87 (신길동),판매시설,판매시설,1020129606,지번
1156013200123650000,서울특별시 영등포구 신길동,서울특별시 영등포구 신풍로 87 (신길동),판매시설,공동주택,1020129607,지번
1156013200101130010,서울특별시 영등포구 신길동,서울특별시 영등포구 도신로64길 12 (신길동),근린생활1,제1종근린생활시설,1020119267,지번
1156013200102190002,서울특별시 영등포구 신길동,서울특별시 영등포구 도신로 191-1 (신길동),근린생활1,제1종근린생활시설,1020121651,지번
1156010700100660007,서울특별시 영등포구 영등포동6가,서울특별시 영등포구 영신로40길 22-1 (영등포동6가),근린생활1,제1종근린생활시설,102015611,지번
1156010600100400004,서울특별시 영등포구 영등포동5가,서울특별시 영등포구 영중로 60-1 (영등포동5가),근린생활1,제1종근린생활시설,102015177,지번
1156010600101040000,서울특별시 영등포구 영등포동5가,서울특별시 영등포구 영등포로43길 27 (영등포동5가),근린생활1,제1종근린생활시설,102015317,지번
1156010700100500005,서울특별시 영등포구 영등포동6가,서울특별시 영등포구 영등포로33길 18 (영등포동6가),근린생활2,제2종근린생활시설,102015588,지번
1156013200103210012,서울특별시 영등포구 신길동,서울특별시 영등포구 가마산로65길 2 (신길동),근린생활2,제2종근린생활시설,1020123138,지번
1156010300100260001,서울특별시 영등포구 영등포동2가,서울특별시 영등포구 영등포로47길 20 (영등포동2가),근린생활1,제1종근린생활시설,102013563,지번
1156010500101150000,서울특별시 영등포구 영등포동4가,서울특별시 영등포구 영등포로36길 16 (영등포동4가),근린생활1,제1종근린생활시설,102014697,지번
1156010400100030013,서울특별시 영등포구 영등포동3가,서울특별시 영등포구 영등포로46길 3-1 (영등포동3가),근린생활2,제2종근린생활시설,102014283,지번
1156010700101260008,서울특별시 영등포구 영등포동6가,서울특별시 영등포구 영신로42길 10 (영등포동6가),근린생활1,제1종근린생활시설,102015773,지번
1156011100100860002,서울특별시 영등포구 당산동1가,서울특별시 영등포구 영신로 147 (당산동1가),근린생활1,제1종근린생활시설,102017464,지번
1156012100100160062,서울특별시 영등포구 문래동3가,서울특별시 영등포구 영신로 111 (문래동3가),근린생활1,제1종근린생활시설,1020114049,지번
1156010500101050003,서울특별시 영등포구 영등포동4가,서울특별시 영등포구 문래로 183 (영등포동4가),근린생활1,제1종근린생활시설,102014682,지번
1156010300100940111,서울특별시 영등포구 영등포동2가,서울특별시 영등포구 버드나루로12가길 25 (영등포동2가),근린생활1,제1종근린생활시설,102013754,지번
1156013200100980016,서울특별시 영등포구 신길동,서울특별시 영등포구 영등포로 363-2 (신길동),근린생활2,제2종근린생활시설,1020119185,지번
1156010300101490000,서울특별시 영등포구 영등포동2가,서울특별시 영등포구 영등포로53길 3 (영등포동2가),근린생활1,제1종근린생활시설,102013848,지번
1156010300101490000,서울특별시 영등포구 영등포동2가,서울특별시 영등포구 영등포로53길 3 (영등포동2가),근린생활1,단독주택,102013849,지번
1156010300102600000,서울특별시 영등포구 영등포동2가,서울특별시 영등포구 영등포로47길 22-1 (영등포동2가),근린생활2,제2종근린생활시설,102014008,지번
1156010300102000000,서울특별시 영등포구 영등포동2가,서울특별시 영등포구 영등포로53길 15 (영등포동2가),근린생활1,제1종근린생활시설,102013924,지번
1156010300100280122,서울특별시 영등포구 영등포동2가,서울특별시 영등포구 국회대로54길 67 (영등포동2가),근린생활1,제1종근린생활시설,102013597,지번
1156010300101480000,서울특별시 영등포구 영등포동2가,서울특별시 영등포구 영등포로53길 1-1 (영등포동2가),근린생활1,제1종근린생활시설,102013847,지번
1156013200101140001,서울특별시 영등포구 신길동,서울특별시 영등포구 도신로 234 (신길동),근린생활1,단독주택,1020119321,지번
1156013200101140001,서울특별시 영등포구 신길동,서울특별시 영등포구 도신로 234 (신길동),근린생활1,제1종근린생활시설,1020119322,지번
1156013200149100000,서울특별시 영등포구 신길동,서울특별시 영등포구 신길로38길 13-4 (신길동),근린생활1,단독주택,1020128954,지번
1156013200149100000,서울특별시 영등포구 신길동,서울특별시 영등포구 신길로38길 13-2 (신길동),근린생활1,제1종근린생활시설,1020128955,지번
1156010700100010013,서울특별시 영등포구 영등포동6가,서울특별시 영등포구 영중로 47 (영등포동6가),근린생활1,제1종근린생활시설,102015444,지번
1156010700100010015,서울특별시 영등포구 영등포동6가,서울특별시 영등포구 영중로 43 (영등포동6가),근린생활2,제2종근린생활시설,102015446,지번
1156010700100060001,서울특별시 영등포구 영등포동6가,서울특별시 영등포구 영등포로 203-1 (영등포동6가),근린생활1,제1종근린생활시설,102015461,지번
1156013200102690028,서울특별시 영등포구 신길동,서울특별시 영등포구 가마산로69길 12 (신길동),근린생활1,제1종근린생활시설,1020122498,지번
1156010100105850026,서울특별시 영등포구 영등포동,서울특별시 영등포구 신길로62길 1 (영등포동),근린생활1,제1종근린생활시설,102012418,지번
1156013200102320090,서울특별시 영등포구 신길동,서울특별시 영등포구 신길로 169-1 (신길동),근린생활2,제2종근린생활시설,1020121939,지번
1156013200102090093,서울특별시 영등포구 신길동,서울특별시 영등포구 신길로42길 7-1 (신길동),근린생활2,제2종근린생활시설,1020121533,지번
1156013200101960017,서울특별시 영등포구 신길동,서울특별시 영등포구 도신로48길 3-2 (신길동),근린생활2,제2종근린생활시설,1020121089,지번
1156013200101860148,서울특별시 영등포구 신길동,서울특별시 영등포구 신길로60마길 6-2 (신길동),근린생활1,제1종근린생활시설,1020120382,지번
1156013200102200044,서울특별시 영등포구 신길동,서울특별시 영등포구 신길로52길 5 (신길동),근린생활1,제1종근린생활시설,1020121686,지번
1156013200101970006,서울특별시 영등포구 신길동,서울특별시 영등포구 도신로48길 4-1 (신길동),근린생활1,제1종근린생활시설,1020121111,지번
1156013200108080000,서울특별시 영등포구 신길동,서울특별시 영등포구 가마산로 583 (신길동),근린생활1,제1종근린생활시설,1020126212,지번
1156013200106230007,서울특별시 영등포구 신길동,서울특별시 영등포구 여의대방로 151 (신길동),근린생활1,제1종근린생활시설,1020126083,지번
1156013200100890102,서울특별시 영등포구 신길동,서울특별시 영등포구 여의대방로53길 36 (신길동),근린생활1,제1종근린생활시설,1020118751,지번
1156013200104510001,서울특별시 영등포구 신길동,서울특별시 영등포구 영등포로86길 12 (신길동),근린생활1,제1종근린생활시설,1020125694,지번
1156013200101880314,서울특별시 영등포구 신길동,서울특별시 영등포구 신길로60마길 3-1 (신길동),근린생활1,제1종근린생활시설,1020120662,지번
1156013200103040001,서울특별시 영등포구 신길동,서울특별시 영등포구 가마산로65길 17-2 (신길동),근린생활1,제1종근린생활시설,1020122871,지번
1156013200101880304,서울특별시 영등포구 신길동,서울특별시 영등포구 신길로60길 7 (신길동),근린생활1,제1종근린생활시설,1020120654,지번
1156013200102010045,서울특별시 영등포구 신길동,서울특별시 영등포구 신길로42가길 31 (신길동),근린생활1,제1종근린생활시설,1020121240,지번
1156013200103790005,서울특별시 영등포구 신길동,서울특별시 영등포구 가마산로 394 (신길동),근린생활2,제2종근린생활시설,1020124563,지번
1156011800101410193,서울특별시 영등포구 도림동,서울특별시 영등포구 도림로112길 28-1 (도림동),근린생활1,제1종근린생활시설,1020111671,지번
1156011800101440068,서울특별시 영등포구 도림동,서울특별시 영등포구 도림로112길 29 (도림동),근린생활1,제1종근린생활시설,1020111732,지번
1156011800101410191,서울특별시 영등포구 도림동,서울특별시 영등포구 도림로112길 28 (도림동),근린생활1,제1종근린생활시설,1020111670,지번
1156013200101460030,서울특별시 영등포구 신길동,서울특별시 영등포구 도신로58길 28 (신길동),근린생활1,제1종근린생활시설,1020119813,지번
1156013200101880350,서울특별시 영등포구 신길동,서울특별시 영등포구 신길로60길 10-1 (신길동),근린생활1,제1종근린생활시설,1020120688,지번
1156013200101860121,서울특별시 영등포구 신길동,서울특별시 영등포구 신길로60마길 14 (신길동),근린생활1,제1종근린생활시설,1020120366,지번
1156013200101960039,서울특별시 영등포구 신길동,서울특별시 영등포구 도신로48길 8 (신길동),근린생활1,제1종근린생활시설,1020121105,지번
1156013200101960003,서울특별시 영등포구 신길동,서울특별시 영등포구 도신로 200 (신길동),근린생활1,제1종근린생활시설,1020129304,지번
1156013200101030033,서울특별시 영등포구 신길동,서울특별시 영등포구 영등포로 359 (신길동),근린생활2,제2종근린생활시설,1020119223,지번
1156013200113260000,서울특별시 영등포구 신길동,서울특별시 영등포구 여의대방로55길 8-1 (신길동),근린생활1,단독주택,1020126470,지번
1156013200113260000,서울특별시 영등포구 신길동,서울특별시 영등포구 여의대방로55길 8 (신길동),근린생활1,제1종근린생활시설,1020126471,지번
1156013200101960006,서울특별시 영등포구 신길동,서울특별시 영등포구 도신로 196 (신길동),근린생활1,제1종근린생활시설,1020121078,지번
1156013200100730012,서울특별시 영등포구 신길동,서울특별시 영등포구 영등포로84길 12 (신길동),근린생활2,제2종근린생활시설,1020118628,지번
1156013200100690006,서울특별시 영등포구 신길동,서울특별시 영등포구 영등포로 397-1 (신길동),근린생활2,제2종근린생활시설,1020118576,지번
1156013200100080015,서울특별시 영등포구 신길동,서울특별시 영등포구 여의대방로61길 31 (신길동),근린생활1,제1종근린생활시설,1020118165,지번
1156013200104500016,서울특별시 영등포구 신길동,서울특별시 영등포구 여의대방로55길 25 (신길동),근린생활1,제1종근린생활시설,1020125686,지번
1156010100106310002,서울특별시 영등포구 영등포동,서울특별시 영등포구 영신로9나길 17 (영등포동),근린생활2,제2종근린생활시설,102013085,지번
1156013200108070000,서울특별시 영등포구 신길동,서울특별시 영등포구 가마산로89길 1-1 (신길동),근린생활2,제2종근린생활시설,1020126211,지번
1156013200115720000,서울특별시 영등포구 신길동,서울특별시 영등포구 신풍로19가길 7 (신길동),근린생활2,제2종근린생활시설,1020126617,지번
1156013200100530000,서울특별시 영등포구 신길동,서울특별시 영등포구 영등포로 343-10 (신길동),근린생활1,제1종근린생활시설,10201100187644,지번
1156013200100530000,서울특별시 영등포구 신길동,서울특별시 영등포구 영등포로 343-10 (신길동),근린생활1,제1종근린생활시설,10201100187645,지번
1156013200100530000,서울특별시 영등포구 신길동,서울특별시 영등포구 영등포로 343-10 (신길동),근린생활1,제1종근린생활시설,1020118408,지번
1156013200107200000,서울특별시 영등포구 신길동,서울특별시 영등포구 가마산로 582-1 (신길동),근린생활1,제2종근린생활시설,1020126188,지번
1156013200107010000,서울특별시 영등포구 신길동,서울특별시 영등포구 여의대방로 183-1 (신길동),근린생활2,제2종근린생활시설,1020126156,지번
1156010100106200225,서울특별시 영등포구 영등포동,서울특별시 영등포구 영신로9길 27-1 (영등포동),근린생활1,제1종근린생활시설,102013011,지번
1156013200102360011,서울특별시 영등포구 신길동,서울특별시 영등포구 가마산로 504 (신길동),근린생활1,제1종근린생활시설,1020122036,지번
1156013200102360011,서울특별시 영등포구 신길동,서울특별시 영등포구 가마산로 504-1 (신길동),근린생활1,제1종근린생활시설,1020122037,지번
1156013200101590050,서울특별시 영등포구 신길동,서울특별시 영등포구 도신로53길 10 (신길동),근린생활2,제2종근린생활시설,1020120155,지번
1156013200102320014,서울특별시 영등포구 신길동,서울특별시 영등포구 신길로 172 (신길동),근린생활1,제1종근린생활시설,1020121909,지번
1156013200104630034,서울특별시 영등포구 신길동,서울특별시 영등포구 여의대방로47길 32 (신길동),근린생활2,제2종근린생활시설,1020125863,지번
1156013200102050167,서울특별시 영등포구 신길동,서울특별시 영등포구 도신로48길 30 (신길동),근린생활1,제1종근린생활시설,1020121398,지번
1156013200101920139,서울특별시 영등포구 신길동,서울특별시 영등포구 신길로 222 (신길동),근린생활1,제1종근린생활시설,1020121011,지번
1156010100106200130,서울특별시 영등포구 영등포동,서울특별시 영등포구 영신로 19 (영등포동),근린생활1,제1종근린생활시설,102012946,지번
1156013200102260001,서울특별시 영등포구 신길동,서울특별시 영등포구 신길로45길 6 (신길동),근린생활2,제2종근린생활시설,1020121802,지번
1156013200102050244,서울특별시 영등포구 신길동,서울특별시 영등포구 도신로48길 27 (신길동),근린생활1,제1종근린생활시설,1020121413,지번
1156013200102890006,서울특별시 영등포구 신길동,서울특별시 영등포구 도신로 120 (신길동),근린생활1,제1종근린생활시설,1020122757,지번
1156011800100760001,서울특별시 영등포구 도림동,서울특별시 영등포구 도신로 147 (도림동),근린생활2,제2종근린생활시설,1020111091,지번
1156010100106240020,서울특별시 영등포구 영등포동,서울특별시 영등포구 도영로22길 38 (영등포동),근린생활2,제2종근린생활시설,102013081,지번
1156013200102380039,서울특별시 영등포구 신길동,서울특별시 영등포구 가마산로 509-1 (신길동),근린생활1,제1종근린생활시설,1020122082,지번
1156013200101860347,서울특별시 영등포구 신길동,서울특별시 영등포구 도신로51길 7 (신길동),근린생활1,제1종근린생활시설,1020120529,지번
1156013200100970040,서울특별시 영등포구 신길동,서울특별시 영등포구 영등포로 384 (신길동),근린생활1,제1종근린생활시설,1020119162,지번
1156013200113280000,서울특별시 영등포구 신길동,서울특별시 영등포구 영등포로 420-6 (신길동),근린생활2,단독주택,1020126472,지번
1156013200113280000,서울특별시 영등포구 신길동,서울특별시 영등포구 영등포로 420-6 (신길동),근린생활2,제2종근린생활시설,1020126473,지번
1156013200113280000,서울특별시 영등포구 신길동,서울특별시 영등포구 영등포로 420-6 (신길동),근린생활2,제1종근린생활시설,1020126474,지번
1156013200106340000,서울특별시 영등포구 신길동,서울특별시 영등포구 여의대방로 165 (신길동),근린생활1,제1종근린생활시설,1020126097,지번
1156010700100250005,서울특별시 영등포구 영등포동6가,서울특별시 영등포구 양산로 190 (영등포동6가),근린생활2,제2종근린생활시설,102015492,지번
1156010300103320007,서울특별시 영등포구 영등포동2가,서울특별시 영등포구 영등포로 249-1 (영등포동2가),근린생활1,제1종근린생활시설,102014123,지번
1156013200100960020,서울특별시 영등포구 신길동,서울특별시 영등포구 영등포로 378 (신길동),근린생활1,제1종근린생활시설,1020118978,지번
1156013200102150003,서울특별시 영등포구 신길동,서울특별시 영등포구 신길로 200-20 (신길동),근린생활2,제2종근린생활시설,1020121631,지번
1156013200105670000,서울특별시 영등포구 신길동,서울특별시 영등포구 여의대방로35길 5-1 (신길동),근린생활2,제2종근린생활시설,1020126012,지번
1156013200106310000,서울특별시 영등포구 신길동,서울특별시 영등포구 가마산로90길 23 (신길동),근린생활1,제1종근린생활시설,1020126095,지번
1156013200100690009,서울특별시 영등포구 신길동,서울특별시 영등포구 영등포로 396-1 (신길동),근린생활2,제2종근린생활시설,1020118577,지번
1156013200104490029,서울특별시 영등포구 신길동,서울특별시 영등포구 여의대방로55길 20 (신길동),근린생활1,제1종근린생활시설,1020125678,지번
1156013200100020003,서울특별시 영등포구 신길동,서울특별시 영등포구 여의대방로61길 19 (신길동),근린생활2,공동주택,1020129089,지번
1156013200100020003,서울특별시 영등포구 신길동,서울특별시 영등포구 여의대방로61길 21 (신길동),근린생활2,제2종근린생활시설,1020129090,지번
1156010600100320000,서울특별시 영등포구 영등포동5가,서울특별시 영등포구 영중로 56 (영등포동5가),근린생활1,제1종근린생활시설,102015038,지번
1156010100106180054,서울특별시 영등포구 영등포동,서울특별시 영등포구 영신로17길 5 (영등포동),근린생활2,제2종근린생활시설,102012715,지번
1156011800100760026,서울특별시 영등포구 도림동,서울특별시 영등포구 도신로 143 (도림동),근린생활2,제2종근린생활시설,1020111096,지번
1156013200101900174,서울특별시 영등포구 신길동,서울특별시 영등포구 신길로 228-2 (신길동),근린생활1,제1종근린생활시설,1020120893,지번
1156011800101330004,서울특별시 영등포구 도림동,서울특별시 영등포구 도신로29길 15 (도림동),근린생활1,제1종근린생활시설,1020111458,지번
1156013200107230000,서울특별시 영등포구 신길동,서울특별시 영등포구 가마산로90길 6 (신길동),근린생활1,제1종근린생활시설,1020126176,지번
1156010100105920070,서울특별시 영등포구 영등포동,서울특별시 영등포구 신길로61길 17 (영등포동),근린생활1,제1종근린생활시설,102012467,지번
1156013200102260063,서울특별시 영등포구 신길동,서울특별시 영등포구 신길로45길 3-1 (신길동),근린생활2,제2종근린생활시설,1020121833,지번
1156010100106020107,서울특별시 영등포구 영등포동,서울특별시 영등포구 신길로 233 (영등포동),근린생활2,제2종근린생활시설,102012537,지번
1156011800100450009,서울특별시 영등포구 도림동,서울특별시 영등포구 도신로 165 (도림동),근린생활1,제1종근린생활시설,1020111031,지번
1156013200107120000,서울특별시 영등포구 신길동,서울특별시 영등포구 가마산로90길 3 (신길동),근린생활1,제1종근린생활시설,1000000000000005664615,지번
1156013200103550605,서울특별시 영등포구 신길동,서울특별시 영등포구 가마산로 407 (신길동),근린생활1,제1종근린생활시설,1020124488,지번
1156010100106200101,서울특별시 영등포구 영등포동,서울특별시 영등포구 영신로9길 16 (영등포동),근린생활2,제2종근린생활시설,102012934,지번
1156013200111640000,서울특별시 영등포구 신길동,서울특별시 영등포구 여의대방로 249 (신길동),근린생활1,제1종근린생활시설,10201100190254,지번
1156013200111640000,서울특별시 영등포구 신길동,서울특별시 영등포구 여의대방로 249 (신길동),근린생활1,교정및군사시설,10201100218277,지번
1156013200111640000,서울특별시 영등포구 신길동,서울특별시 영등포구 여의대방로 249 (신길동),근린생활1,교정및군사시설,10201100218278,지번
1156013200111640000,서울특별시 영등포구 신길동,서울특별시 영등포구 여의대방로45길 8 (신길동),근린생활1,교정및군사시설,10201100218279,지번
1156013200111640000,서울특별시 영등포구 신길동,서울특별시 영등포구 여의대방로45길 8 (신길동),근린생활1,교정및군사시설,10201100218280,지번
1156013200111640000,서울특별시 영등포구 신길동,서울특별시 영등포구 여의대방로 249 (신길동),근린생활1,교정및군사시설,10201100218281,지번
1156013200111640000,서울특별시 영등포구 신길동,서울특별시 영등포구 여의대방로 249 (신길동),근린생활1,단독주택,1020126407,지번
1156010100106450020,서울특별시 영등포구 영등포동,서울특별시 영등포구 도영로22길 36 (영등포동),근린생활1,제1종근린생활시설,102013117,지번
1156010400100230008,서울특별시 영등포구 영등포동3가,서울특별시 영등포구 영중로4길 25 (영등포동3가),근린생활2,제2종근린생활시설,102014534,지번
1156010400100100040,서울특별시 영등포구 영등포동3가,서울특별시 영등포구 영중로4길 16-1 (영등포동3가),근린생활1,제1종근린생활시설,102014390,지번
1156010500100690001,서울특별시 영등포구 영등포동4가,서울특별시 영등포구 영등포로36길 3 (영등포동4가),근린생활2,제2종근린생활시설,102014633,지번
1156010400100220002,서울특별시 영등포구 영등포동3가,서울특별시 영등포구 영중로4길 19 (영등포동3가),근린생활2,제2종근린생활시설,102014522,지번
1156013200103140039,서울특별시 영등포구 신길동,서울특별시 영등포구 가마산로61길 9-2 (신길동),근린생활1,제1종근린생활시설,1020123012,지번
1156013200103550058,서울특별시 영등포구 신길동,서울특별시 영등포구 도림로 277 (신길동),근린생활1,제1종근린생활시설,1020124189,지번
1156013200102690025,서울특별시 영등포구 신길동,서울특별시 영등포구 신길로41다길 16 (신길동),근린생활1,제1종근린생활시설,1020122496,지번
1156010100106180081,서울특별시 영등포구 영등포동,서울특별시 영등포구 영신로19길 3 (영등포동),근린생활2,제2종근린생활시설,102012734,지번
1156013200102870001,서울특별시 영등포구 신길동,서울특별시 영등포구 도신로 146 (신길동),근린생활1,제1종근린생활시설,1020122737,지번
1156013200103020016,서울특별시 영등포구 신길동,서울특별시 영등포구 가마산로65길 15-2 (신길동),근린생활1,제1종근린생활시설,1020122839,지번
1156013200100950246,서울특별시 영등포구 신길동,서울특별시 영등포구 도신로64길 15 (신길동),근린생활2,제2종근린생활시설,10201100189718,지번
1156013200102540003,서울특별시 영등포구 신길동,서울특별시 영등포구 신길로 149 (신길동),근린생활1,제1종근린생활시설,1020122263,지번
1156013200102320045,서울특별시 영등포구 신길동,서울특별시 영등포구 신길로 169 (신길동),근린생활2,제2종근린생활시설,1020121929,지번
1156013200100650052,서울특별시 영등포구 신길동,서울특별시 영등포구 영등포로 385 (신길동),근린생활2,제2종근린생활시설,1020118527,지번
1156013200101880340,서울특별시 영등포구 신길동,서울특별시 영등포구 신길로60가길 1 (신길동),근린생활1,제1종근린생활시설,1020120680,지번
1156013200102040024,서울특별시 영등포구 신길동,서울특별시 영등포구 도신로48길 16 (신길동),근린생활1,제1종근린생활시설,1020121327,지번
1156013200103020004,서울특별시 영등포구 신길동,서울특별시 영등포구 가마산로65길 18 (신길동),근린생활1,제1종근린생활시설,1020122828,지번
1156013200104630043,서울특별시 영등포구 신길동,서울특별시 영등포구 여의대방로47길 34 (신길동),근린생활1,제1종근린생활시설,1020125869,지번
1156011800102510005,서울특별시 영등포구 도림동,서울특별시 영등포구 도신로 75 (도림동),근린생활2,제2종근린생활시설,1020112894,지번
1156013200107300000,서울특별시 영등포구 신길동,서울특별시 영등포구 가마산로88길 3-1 (신길동),근린생활2,제2종근린생활시설,1020126182,지번
1156013200106810000,서울특별시 영등포구 신길동,서울특별시 영등포구 여의대방로 169 (신길동),근린생활1,제1종근린생활시설,1020126135,지번
1156013200102320079,서울특별시 영등포구 신길동,서울특별시 영등포구 신길로 179 (신길동),근린생활1,제1종근린생활시설,1020121936,지번
1156013200102050220,서울특별시 영등포구 신길동,서울특별시 영등포구 도신로48길 28 (신길동),근린생활1,제1종근린생활시설,1020121410,지번
1156010100106180025,서울특별시 영등포구 영등포동,서울특별시 영등포구 영신로 25 (영등포동),근린생활2,단독주택,102012692,지번
1156010100106180025,서울특별시 영등포구 영등포동,서울특별시 영등포구 영신로 25 (영등포동),근린생활2,제2종근린생활시설,102012693,지번
1156011800100710000,서울특별시 영등포구 도림동,서울특별시 영등포구 도신로 151 (도림동),근린생활1,제1종근린생활시설,1020111063,지번
1156010400100090000,서울특별시 영등포구 영등포동3가,서울특별시 영등포구 영중로 18 (영등포동3가),근린생활1,제1종근린생활시설,102014342,지번
1156010300100940029,서울특별시 영등포구 영등포동2가,서울특별시 영등포구 버드나루로6길 10 (영등포동2가),근린생활1,제1종근린생활시설,102013742,지번
1156010100106180213,서울특별시 영등포구 영등포동,서울특별시 영등포구 영신로19길 12 (영등포동),근린생활2,제2종근린생활시설,10201100188674,지번
1156010100106180214,서울특별시 영등포구 영등포동,서울특별시 영등포구 영신로19길 12-1 (영등포동),근린생활1,제1종근린생활시설,102012781,지번
1156013200103150044,서울특별시 영등포구 신길동,서울특별시 영등포구 가마산로61나길 9 (신길동),근린생활1,제1종근린생활시설,1020123036,지번
1156013200103140049,서울특별시 영등포구 신길동,서울특별시 영등포구 가마산로61길 9-1 (신길동),근린생활1,제1종근린생활시설,1020123019,지번
1156013200101100026,서울특별시 영등포구 신길동,서울특별시 영등포구 도신로68길 8 (신길동),근린생활1,제1종근린생활시설,1020119246,지번
1156013200149020008,서울특별시 영등포구 신길동,서울특별시 영등포구 신길로 160 (신길동),판매시설,판매시설,1020128880,지번
1156013200100090053,서울특별시 영등포구 신길동,서울특별시 영등포구 여의대방로61길 36 (신길동),근린생활1,제1종근린생활시설,1020118193,지번
1156010100106180067,서울특별시 영등포구 영등포동,서울특별시 영등포구 영신로19길 5-3 (영등포동),근린생활2,제2종근린생활시설,102012723,지번
1156010300101590000,서울특별시 영등포구 영등포동2가,서울특별시 영등포구 영등포로 265 (영등포동2가),근린생활2,제2종근린생활시설,102013863,지번
1156010200101120003,서울특별시 영등포구 영등포동1가,서울특별시 영등포구 경인로 884 (영등포동1가),근린생활1,제1종근린생활시설,102013506,지번
1156013200101130077,서울특별시 영등포구 신길동,서울특별시 영등포구 도신로64길 16 (신길동),근린생활2,제2종근린생활시설,1020119299,지번
1156013200102050069,서울특별시 영등포구 신길동,서울특별시 영등포구 도신로48길 26 (신길동),근린생활1,제1종근린생활시설,1020121357,지번
1156013200107260000,서울특별시 영등포구 신길동,서울특별시 영등포구 가마산로90길 8 (신길동),근린생활1,제1종근린생활시설,1020126177,지번
1156013200101510017,서울특별시 영등포구 신길동,서울특별시 영등포구 도신로56가길 1 (신길동),근린생활1,제1종근린생활시설,1020119961,지번
1156013200106920000,서울특별시 영등포구 신길동,서울특별시 영등포구 가마산로90길 13-1 (신길동),근린생활1,제1종근린생활시설,1020126147,지번
1156013200106990004,서울특별시 영등포구 신길동,서울특별시 영등포구 여의대방로 185 (신길동),근린생활2,제2종근린생활시설,1020126155,지번
1156013200104700008,서울특별시 영등포구 신길동,서울특별시 영등포구 여의대방로43나길 18 (신길동),근린생활2,제2종근린생활시설,1020129500,지번
1156010100106020051,서울특별시 영등포구 영등포동,서울특별시 영등포구 영신로8길 2 (영등포동),근린생활2,제2종근린생활시설,102012514,지번
1156013200102150013,서울특별시 영등포구 신길동,서울특별시 영등포구 도신로 181 (신길동),근린생활2,제2종근린생활시설,1020121636,지번
1156013200101900120,서울특별시 영등포구 신길동,서울특별시 영등포구 신길로56길 7 (신길동),근린생활1,제1종근린생활시설,1020120848,지번
1156010100105800008,서울특별시 영등포구 영등포동,서울특별시 영등포구 신길로 252 (영등포동),근린생활1,제1종근린생활시설,102013173,지번
1156013200102230013,서울특별시 영등포구 신길동,서울특별시 영등포구 신길로42길 8 (신길동),근린생활2,제2종근린생활시설,1020121712,지번
1156013200101860217,서울특별시 영등포구 신길동,서울특별시 영등포구 도신로51길 7-16 (신길동),근린생활1,제1종근린생활시설,1020120426,지번
1156010500101690000,서울특별시 영등포구 영등포동4가,서울특별시 영등포구 영신로30길 3 (영등포동4가),근린생활2,제2종근린생활시설,102014791,지번
1156010400100140004,서울특별시 영등포구 영등포동3가,서울특별시 영등포구 영중로10길 36 (영등포동3가),근린생활1,제1종근린생활시설,102014457,지번
1156013200103080034,서울특별시 영등포구 신길동,서울특별시 영등포구 가마산로61길 20-1 (신길동),근린생활1,제1종근린생활시설,1020122925,지번
1156010100106180236,서울특별시 영등포구 영등포동,서울특별시 영등포구 영신로19길 11-9 (영등포동),근린생활2,제2종근린생활시설,102012800,지번
1156013200103100044,서울특별시 영등포구 신길동,서울특별시 영등포구 가마산로61길 18 (신길동),근린생활1,제1종근린생활시설,1020122956,지번
1156010100106180212,서울특별시 영등포구 영등포동,서울특별시 영등포구 영신로19길 10-1 (영등포동),근린생활2,제2종근린생활시설,10201100188714,지번
1156013200101860284,서울특별시 영등포구 신길동,서울특별시 영등포구 신길로60다길 20 (신길동),근린생활1,제1종근린생활시설,1020120483,지번
1156013200149020000,서울특별시 영등포구 신길동,서울특별시 영등포구 신길로 164 (신길동),근린생활1,제1종근린생활시설,1020128875,지번
1156013200102190028,서울특별시 영등포구 신길동,서울특별시 영등포구 신길로52길 17-1 (신길동),근린생활1,제1종근린생활시설,1020121663,지번
1156013200104500017,서울특별시 영등포구 신길동,서울특별시 영등포구 영등포로84길 9 (신길동),근린생활2,제2종근린생활시설,1020125687,지번
1156013200109360000,서울특별시 영등포구 신길동,서울특별시 영등포구 여의대방로43나길  (신길동),근린생활2,제2종근린생활시설,1020126287,지번
1156013200123440000,서울특별시 영등포구 신길동,서울특별시 영등포구 신풍로17길 8-1 (신길동),근린생활1,제1종근린생활시설,1020127207,지번
1156013200104520001,서울특별시 영등포구 신길동,서울특별시 영등포구 영등포로86길 16 (신길동),근린생활1,제1종근린생활시설,1020125703,지번
1156013200107140000,서울특별시 영등포구 신길동,서울특별시 영등포구 가마산로90길 1 (신길동),근린생활1,제1종근린생활시설,1020126168,지번
1156013200149090003,서울특별시 영등포구 신길동,서울특별시 영등포구 신길로38길 11 (신길동),근린생활1,제1종근린생활시설,1020128950,지번
1156013200149030020,서울특별시 영등포구 신길동,서울특별시 영등포구 신길로40길 10 (신길동),근린생활1,종교시설,10201100228723,지번
1156013200149030020,서울특별시 영등포구 신길동,서울특별시 영등포구 신길로40길 10 (신길동),근린생활1,종교시설,1020128903,지번
1156013200149030020,서울특별시 영등포구 신길동,서울특별시 영등포구 신길로40길 10 (신길동),근린생활1,종교시설,1020128904,지번
1156013200149030020,서울특별시 영등포구 신길동,서울특별시 영등포구 신길로40길 10 (신길동),근린생활1,제1종근린생활시설,1020128905,지번
1156013200101860201,서울특별시 영등포구 신길동,서울특별시 영등포구 도신로51길 7-13 (신길동),근린생활1,제1종근린생활시설,1020120412,지번
1156013200106230009,서울특별시 영등포구 신길동,서울특별시 영등포구 여의대방로 149 (신길동),근린생활1,제1종근린생활시설,1020126084,지번
1156013200103240042,서울특별시 영등포구 신길동,서울특별시 영등포구 가마산로 449-7 (신길동),근린생활1,제1종근린생활시설,1020123167,지번
1156013200102340001,서울특별시 영등포구 신길동,서울특별시 영등포구 신길로37길 6 (신길동),근린생활1,제1종근린생활시설,1020122007,지번
1156013200102340001,서울특별시 영등포구 신길동,서울특별시 영등포구 신길로37길 6 (신길동),근린생활1,제1종근린생활시설,1020122008,지번
1156010100106180079,서울특별시 영등포구 영등포동,서울특별시 영등포구 영신로19길 7 (영등포동),근린생활2,제2종근린생활시설,102012732,지번
1156010100106180195,서울특별시 영등포구 영등포동,서울특별시 영등포구 영신로19길 1 (영등포동),근린생활1,제1종근린생활시설,102012771,지번
1156011800101440067,서울특별시 영등포구 도림동,서울특별시 영등포구 도림로112길 29-1 (도림동),근린생활2,제2종근린생활시설,1020111730,지번
1156011800101440067,서울특별시 영등포구 도림동,서울특별시 영등포구 도림로112길 31-3 (도림동),근린생활2,단독주택,1020111731,지번
1156010500101350002,서울특별시 영등포구 영등포동4가,서울특별시 영등포구 영등포로36길 10-1 (영등포동4가),근린생활2,제2종근린생활시설,102014727,지번
1156013200101880325,서울특별시 영등포구 신길동,서울특별시 영등포구 신길로60길 13-2 (신길동),근린생활1,제1종근린생활시설,1020120673,지번
1156010100106180016,서울특별시 영등포구 영등포동,,근린생활2,제2종근린생활시설,10201100190194,지번
1156013200102350003,서울특별시 영등포구 신길동,서울특별시 영등포구 가마산로 501 (신길동),근린생활1,제1종근린생활시설,1020122014,지번
1156013200106900000,서울특별시 영등포구 신길동,서울특별시 영등포구 가마산로90길 15 (신길동),근린생활1,단독주택,1020126144,지번
1156013200106900000,서울특별시 영등포구 신길동,서울특별시 영등포구 가마산로90길 15 (신길동),근린생활1,제1종근린생활시설,1020126145,지번
1156013200123250000,서울특별시 영등포구 신길동,서울특별시 영등포구 여의대방로35길 39 (신길동),근린생활1,제1종근린생활시설,1020127189,지번
1156011800100440007,서울특별시 영등포구 도림동,서울특별시 영등포구 영신로1길 13 (도림동),근린생활1,제1종근린생활시설,1020111025,지번
1156013200102350005,서울특별시 영등포구 신길동,서울특별시 영등포구 가마산로 503-1 (신길동),근린생활2,제2종근린생활시설,1020122016,지번
1156013200149160010,서울특별시 영등포구 신길동,서울특별시 영등포구 신길로38길 17 (신길동),근린생활1,제1종근린생활시설,1020129015,지번
1156013200106750000,서울특별시 영등포구 신길동,서울특별시 영등포구 여의대방로 175-1 (신길동),근린생활1,제1종근린생활시설,1020126130,지번
1156013200101920142,서울특별시 영등포구 신길동,서울특별시 영등포구 신길로54길 1 (신길동),근린생활1,제1종근린생활시설,1020121012,지번
1156013200101560003,서울특별시 영등포구 신길동,서울특별시 영등포구 도신로 222 (신길동),근린생활2,제2종근린생활시설,1020120026,지번
1156013200100950089,서울특별시 영등포구 신길동,서울특별시 영등포구 도신로64길 13-1 (신길동),근린생활1,제1종근린생활시설,1020119027,지번
1156010300101980000,서울특별시 영등포구 영등포동2가,서울특별시 영등포구 영등포로53길 13 (영등포동2가),근린생활2,제2종근린생활시설,102013923,지번
1156010100105820003,서울특별시 영등포구 영등포동,서울특별시 영등포구 신길로 275 (영등포동),근린생활2,제2종근린생활시설,102012413,지번
1156013200102550015,서울특별시 영등포구 신길동,서울특별시 영등포구 신길로39길 6 (신길동),근린생활1,제1종근린생활시설,1020122271,지번
1156013200101130080,서울특별시 영등포구 신길동,서울특별시 영등포구 도신로64가길 5-1 (신길동),근린생활2,제2종근린생활시설,1020119300,지번
1156013200101510024,서울특별시 영등포구 신길동,서울특별시 영등포구 도신로56가길 4 (신길동),근린생활1,제1종근린생활시설,1020119966,지번
1156013200107150000,서울특별시 영등포구 신길동,서울특별시 영등포구 가마산로 588 (신길동),근린생활2,제2종근린생활시설,1020126169,지번
1156013200100930002,서울특별시 영등포구 신길동,서울특별시 영등포구 도신로64길 22-1 (신길동),근린생활1,제1종근린생활시설,1020118940,지번
1156013200104540011,서울특별시 영등포구 신길동,서울특별시 영등포구 영등포로84길 31 (신길동),근린생활1,제1종근린생활시설,1020125718,지번
1156013200102150026,서울특별시 영등포구 신길동,서울특별시 영등포구 신길로 200-17 (신길동),근린생활1,제1종근린생활시설,1020121640,지번
1156013200102000002,서울특별시 영등포구 신길동,서울특별시 영등포구 도신로54길 19-3 (신길동),근린생활1,제1종근린생활시설,1020121164,지번
1156013200100950261,서울특별시 영등포구 신길동,서울특별시 영등포구 영등포로 374-2 (신길동),근린생활2,제2종근린생활시설,1020119108,지번
1156013200105820000,서울특별시 영등포구 신길동,서울특별시 영등포구 신풍로23길 18 (신길동),근린생활2,제2종근린생활시설,1020126027,지번
1156010100106020116,서울특별시 영등포구 영등포동,,근린생활1,제1종근린생활시설,102012543,지번
1156010100105800100,서울특별시 영등포구 영등포동,서울특별시 영등포구 신길로 250 (영등포동),근린생활2,제2종근린생활시설,102012409,지번
1156013200102150005,서울특별시 영등포구 신길동,서울특별시 영등포구 도신로 189 (신길동),근린생활1,제1종근린생활시설,1020121632,지번
1156010300100940104,서울특별시 영등포구 영등포동2가,서울특별시 영등포구 버드나루로12나길 26-1 (영등포동2가),근린생활2,제2종근린생활시설,102013749,지번
1156013200149090007,서울특별시 영등포구 신길동,서울특별시 영등포구 신길로38길 13 (신길동),근린생활1,제1종근린생활시설,1020128953,지번
1156013200102360014,서울특별시 영등포구 신길동,서울특별시 영등포구 신길로34길 11 (신길동),근린생활1,제1종근린생활시설,1020122040,지번
1156013200101200011,서울특별시 영등포구 신길동,서울특별시 영등포구 도신로62길 35-2 (신길동),근린생활1,제1종근린생활시설,1020119434,지번
1156013200149160016,서울특별시 영등포구 신길동,서울특별시 영등포구 신길로38길 23 (신길동),근린생활1,제1종근린생활시설,1020129019,지번
1156013200108090000,서울특별시 영등포구 신길동,서울특별시 영등포구 가마산로89길 1 (신길동),근린생활2,제1종근린생활시설,1000000000000005335961,지번
1156013200100010013,서울특별시 영등포구 신길동,서울특별시 영등포구 여의대방로61길 22 (신길동),근린생활1,제1종근린생활시설,1020118021,지번
1156013200100890086,서울특별시 영등포구 신길동,서울특별시 영등포구 여의대방로47나길 16 (신길동),근린생활1,제1종근린생활시설,1020118744,지번
1156013200102570026,서울특별시 영등포구 신길동,서울특별시 영등포구 가마산로69가길 11 (신길동),근린생활2,제2종근린생활시설,1020122298,지번
1156013200101150030,서울특별시 영등포구 신길동,서울특별시 영등포구 도신로60길 10 (신길동),근린생활1,제1종근린생활시설,1020119375,지번
1156013200100950144,서울특별시 영등포구 신길동,서울특별시 영등포구 영등포로80길 7 (신길동),근린생활2,제2종근린생활시설,1020119054,지번
1156013200102050051,서울특별시 영등포구 신길동,서울특별시 영등포구 도신로48길 19-4 (신길동),근린생활2,제2종근린생활시설,1020121350,지번
1156013200108460000,서울특별시 영등포구 신길동,서울특별시 영등포구 가마산로89길 4-1 (신길동),근린생활2,제2종근린생활시설,1020126237,지번
1156010700100520009,서울특별시 영등포구 영등포동6가,서울특별시 영등포구 영신로42길 21 (영등포동6가),근린생활1,제1종근린생활시설,102015592,지번
1156010100106020059,서울특별시 영등포구 영등포동,서울특별시 영등포구 영신로 18-1 (영등포동),근린생활1,제1종근린생활시설,102012520,지번
1156013200149370000,서울특별시 영등포구 신길동,서울특별시 영등포구 신길로 119 (신길동),근린생활2,제2종근린생활시설,10201100187245,지번
1156013200149370000,서울특별시 영등포구 신길동,서울특별시 영등포구 신길로 119 (신길동),근린생활2,공동주택,10201100187269,지번
1156013200149370000,서울특별시 영등포구 신길동,서울특별시 영등포구 신길로 119 (신길동),근린생활2,공동주택,10201100187336,지번
1156013200149370000,서울특별시 영등포구 신길동,서울특별시 영등포구 신길로 119 (신길동),근린생활2,공동주택,10201100187408,지번
1156013200149370000,서울특별시 영등포구 신길동,서울특별시 영등포구 신길로 119 (신길동),근린생활2,공동주택,10201100187443,지번
1156013200149370000,서울특별시 영등포구 신길동,서울특별시 영등포구 신길로 119 (신길동),근린생활2,공동주택,10201100187480,지번
1156013200149370000,서울특별시 영등포구 신길동,서울특별시 영등포구 신길로 119 (신길동),근린생활2,공동주택,10201100187514,지번
1156013200107270000,서울특별시 영등포구 신길동,서울특별시 영등포구 여의대방로39길 6 (신길동),근린생활1,제1종근린생활시설,1020126178,지번
1156013200106890000,서울특별시 영등포구 신길동,서울특별시 영등포구 가마산로90길 17 (신길동),근린생활2,제2종근린생활시설,1020126143,지번
1156013200101510044,서울특별시 영등포구 신길동,서울특별시 영등포구 도신로56길 13 (신길동),근린생활1,제1종근린생활시설,1020119974,지번
1156010100105920044,서울특별시 영등포구 영등포동,서울특별시 영등포구 영신로 22-15 (영등포동),근린생활2,제2종근린생활시설,102012457,지번
1156013200102270015,서울특별시 영등포구 신길동,서울특별시 영등포구 신길로41길 10 (신길동),근린생활1,제1종근린생활시설,1020121856,지번
1156013200101900101,서울특별시 영등포구 신길동,서울특별시 영등포구 신길로 234 (신길동),근린생활1,제1종근린생활시설,1020120834,지번
1156013200102150016,서울특별시 영등포구 신길동,서울특별시 영등포구 도신로 177 (신길동),근린생활1,제1종근린생활시설,1020121638,지번
1156013200102320039,서울특별시 영등포구 신길동,서울특별시 영등포구 신길로 170 (신길동),근린생활1,제1종근린생활시설,1020121924,지번
1156013200100890042,서울특별시 영등포구 신길동,서울특별시 영등포구 여의대방로47나길 20 (신길동),근린생활1,제1종근린생활시설,1020118724,지번
1156013200102570027,서울특별시 영등포구 신길동,서울특별시 영등포구 가마산로71길 6 (신길동),근린생활1,제1종근린생활시설,1020122299,지번
1156010800100940289,서울특별시 영등포구 영등포동7가,서울특별시 영등포구 버드나루로8길 5 (영등포동7가),근린생활2,제2종근린생활시설,102016261,지번
1156010700100250001,서울특별시 영등포구 영등포동6가,서울특별시 영등포구 영등포로35길 27-1 (영등포동6가),근린생활2,제2종근린생활시설,102015488,지번
1156013200100950049,서울특별시 영등포구 신길동,서울특별시 영등포구 영등포로72길 5 (신길동),근린생활1,제1종근린생활시설,1020119002,지번
1156013200101620014,서울특별시 영등포구 신길동,서울특별시 영등포구 도신로 227 (신길동),근린생활1,제1종근린생활시설,1020120181,지번
1156013200100950201,서울특별시 영등포구 신길동,서울특별시 영등포구 영등포로80길 13 (신길동),근린생활1,제1종근린생활시설,1020119082,지번
1156013200104490002,서울특별시 영등포구 신길동,서울특별시 영등포구 영등포로 408 (신길동),근린생활2,제2종근린생활시설,1020125667,지번
1156013200101880288,서울특별시 영등포구 신길동,서울특별시 영등포구 신길로60나길 6 (신길동),근린생활1,제1종근린생활시설,1020120640,지번
1156013200101880309,서울특별시 영등포구 신길동,서울특별시 영등포구 신길로60길 7-4 (신길동),근린생활1,제1종근린생활시설,1020120658,지번
1156013200106990003,서울특별시 영등포구 신길동,서울특별시 영등포구 여의대방로 187 (신길동),근린생활1,제1종근린생활시설,1020126154,지번
1156013200102350002,서울특별시 영등포구 신길동,서울특별시 영등포구 신길로 156 (신길동),근린생활1,제1종근린생활시설,1020122013,지번
1156013200102520001,서울특별시 영등포구 신길동,서울특별시 영등포구 신길로 145 (신길동),판매시설,판매시설,1020122178,지번
1156013200102590004,서울특별시 영등포구 신길동,서울특별시 영등포구 가마산로69가길 12 (신길동),근린생활2,제2종근린생활시설,1020122329,지번
1156013200103170001,서울특별시 영등포구 신길동,서울특별시 영등포구 가마산로61나길 13 (신길동),근린생활1,제1종근린생활시설,1020123074,지번
1156013200106650000,서울특별시 영등포구 신길동,서울특별시 영등포구 가마산로88길 19 (신길동),근린생활1,제1종근린생활시설,1020126120,지번
1156013200104650019,서울특별시 영등포구 신길동,서울특별시 영등포구 영등포로84길 34 (신길동),근린생활2,제2종근린생활시설,1020125905,지번
1156013200104660009,서울특별시 영등포구 신길동,서울특별시 영등포구 영등포로84길 22-1 (신길동),근린생활1,제1종근린생활시설,1020125912,지번
1156010100106450009,서울특별시 영등포구 영등포동,서울특별시 영등포구 도림로112길 35 (영등포동),근린생활2,제2종근린생활시설,102013109,지번
1156011800101380019,서울특별시 영등포구 도림동,서울특별시 영등포구 도신로29길 1 (도림동),근린생활1,제1종근린생활시설,1020111503,지번
1156010100106450011,서울특별시 영등포구 영등포동,서울특별시 영등포구 도림로112길 31 (영등포동),근린생활1,제1종근린생활시설,102013111,지번
1156011800101330010,서울특별시 영등포구 도림동,서울특별시 영등포구 도림로112길 38 (도림동),근린생활1,제1종근린생활시설,1020111464,지번
1156010100105800097,서울특별시 영등포구 영등포동,서울특별시 영등포구 신길로 250-1 (영등포동),근린생활2,제2종근린생활시설,102012406,지번
1156010100105920022,서울특별시 영등포구 영등포동,서울특별시 영등포구 영신로 22-1 (영등포동),근린생활1,제1종근린생활시설,102012441,지번
1156013200104520009,서울특별시 영등포구 신길동,서울특별시 영등포구 여의대방로53길 23 (신길동),근린생활2,제2종근린생활시설,1020125706,지번
1156010100106180173,서울특별시 영등포구 영등포동,서울특별시 영등포구 영신로 23 (영등포동),근린생활1,제1종근린생활시설,102012762,지번
1156013200103180001,서울특별시 영등포구 신길동,서울특별시 영등포구 신길로39길 35 (신길동),근린생활2,제2종근린생활시설,1020123077,지번
1156013200102090008,서울특별시 영등포구 신길동,서울특별시 영등포구 신길로42길 9 (신길동),근린생활1,제1종근린생활시설,1020121487,지번
1156010400100100028,서울특별시 영등포구 영등포동3가,서울특별시 영등포구 영중로4길 8 (영등포동3가),근린생활2,제2종근린생활시설,102014380,지번
1156013200102980041,서울특별시 영등포구 신길동,서울특별시 영등포구 가마산로65길 26 (신길동),근린생활1,제1종근린생활시설,1020122816,지번
1156010700100660004,서울특별시 영등포구 영등포동6가,서울특별시 영등포구 영신로40길 24 (영등포동6가),근린생활2,제2종근린생활시설,102015610,지번
1156011800101380048,서울특별시 영등포구 도림동,서울특별시 영등포구 도림로108길 30 (도림동),근린생활1,제1종근린생활시설,1020111521,지번
1156013200106620000,서울특별시 영등포구 신길동,서울특별시 영등포구 가마산로90길 20-1 (신길동),근린생활2,단독주택,1000000000000004409779,지번
1156010100106180021,서울특별시 영등포구 영등포동,서울특별시 영등포구 영신로 32-4 (영등포동),근린생활2,제2종근린생활시설,10201100187604,지번
1156010300103330000,서울특별시 영등포구 영등포동2가,서울특별시 영등포구 영등포로 239 (영등포동2가),판매시설,판매시설,102014237,지번
1156013200110520000,서울특별시 영등포구 신길동,서울특별시 영등포구 여의대방로43길 6 (신길동),근린생활2,제2종근린생활시설,1020126348,지번
1156013200102250012,서울특별시 영등포구 신길동,서울특별시 영등포구 신길로 199 (신길동),근린생활1,제1종근린생활시설,1020121745,지번
1156013200104490022,서울특별시 영등포구 신길동,서울특별시 영등포구 영등포로 400 (신길동),근린생활2,제2종근린생활시설,1020125674,지번
1156013200108020000,서울특별시 영등포구 신길동,서울특별시 영등포구 가마산로89길 3-1 (신길동),근린생활1,제1종근린생활시설,1020126208,지번
1156013200101900175,서울특별시 영등포구 신길동,서울특별시 영등포구 신길로 228 (신길동),근린생활1,제1종근린생활시설,1020120894,지번
1156013200102630077,서울특별시 영등포구 신길동,서울특별시 영등포구 가마산로 465 (신길동),근린생활1,제1종근린생활시설,1020122397,지번
1156010100106180215,서울특별시 영등포구 영등포동,서울특별시 영등포구 영신로19길 12-2 (영등포동),근린생활2,제2종근린생활시설,102012782,지번
1156013200103550111,서울특별시 영등포구 신길동,서울특별시 영등포구 도림로 285-1 (신길동),근린생활2,제2종근린생활시설,1020124215,지번
1156013200103620003,서울특별시 영등포구 신길동,서울특별시 영등포구 도신로 90 (신길동),근린생활1,제1종근린생활시설,1020124527,지번
1156013200102940008,서울특별시 영등포구 신길동,서울특별시 영등포구 도신로 94 (신길동),근린생활2,제2종근린생활시설,1020122765,지번
1156011800101410130,서울특별시 영등포구 도림동,서울특별시 영등포구 도림로112가길 12 (도림동),근린생활1,제1종근린생활시설,1020111625,지번
1156013200103630005,서울특별시 영등포구 신길동,서울특별시 영등포구 도림로 322 (신길동),근린생활2,제2종근린생활시설,1020124542,지번
1156011800101460013,서울특별시 영등포구 도림동,서울특별시 영등포구 도신로25길 16 (도림동),근린생활1,제1종근린생활시설,1020111803,지번
1156013200100910028,서울특별시 영등포구 신길동,서울특별시 영등포구 영등포로80길 22 (신길동),근린생활1,제1종근린생활시설,1020118819,지번
1156010400100060003,서울특별시 영등포구 영등포동3가,서울특별시 영등포구 영중로10길 3-1 (영등포동3가),근린생활1,제1종근린생활시설,102014320,지번
1156010100106020125,서울특별시 영등포구 영등포동,서울특별시 영등포구 신길로 237 (영등포동),근린생활1,제1종근린생활시설,102012545,지번
1156011800100850000,서울특별시 영등포구 도림동,서울특별시 영등포구 도신로33가길 4 (도림동),근린생활1,제1종근린생활시설,1020111155,지번
1156013200102680013,서울특별시 영등포구 신길동,서울특별시 영등포구 신길로39길 28 (신길동),근린생활1,제1종근린생활시설,1020122463,지번
1156010100106180194,서울특별시 영등포구 영등포동,서울특별시 영등포구 영신로 37 (영등포동),근린생활1,제1종근린생활시설,102012770,지번
1156011800100800035,서울특별시 영등포구 도림동,서울특별시 영등포구 도신로 127 (도림동),근린생활1,제1종근린생활시설,1020111127,지번
1156013200102870048,서울특별시 영등포구 신길동,서울특별시 영등포구 도신로 140 (신길동),근린생활1,제1종근린생활시설,1020122756,지번
1156013200111680000,서울특별시 영등포구 신길동,서울특별시 영등포구 여의대방로47길 13 (신길동),근린생활2,제2종근린생활시설,1020126400,지번
1156010100106020090,서울특별시 영등포구 영등포동,서울특별시 영등포구 영신로 11 (영등포동),근린생활1,제1종근린생활시설,102012534,지번
1156013200102200035,서울특별시 영등포구 신길동,서울특별시 영등포구 신길로 205 (신길동),근린생활1,제1종근린생활시설,1020121685,지번
1156013200101900168,서울특별시 영등포구 신길동,서울특별시 영등포구 신길로 230 (신길동),근린생활1,제1종근린생활시설,1020120889,지번
1156011800100320016,서울특별시 영등포구 도림동,서울특별시 영등포구 영신로1길 1 (도림동),근린생활1,제1종근린생활시설,1020110992,지번
1156010100106020088,서울특별시 영등포구 영등포동,서울특별시 영등포구 영신로 11-1 (영등포동),근린생활1,제1종근린생활시설,102012533,지번
1156010100106020065,서울특별시 영등포구 영등포동,서울특별시 영등포구 영신로 13 (영등포동),근린생활1,제1종근린생활시설,102012521,지번
1156011800100020008,서울특별시 영등포구 도림동,서울특별시 영등포구 도신로39길 19-1 (도림동),근린생활1,제1종근린생활시설,1020110863,지번
1156013200102230032,서울특별시 영등포구 신길동,서울특별시 영등포구 신길로 188 (신길동),근린생활1,제1종근린생활시설,1020121724,지번
1156013200102320080,서울특별시 영등포구 신길동,서울특별시 영등포구 신길로 177 (신길동),근린생활2,제2종근린생활시설,1020121937,지번
1156013200106970000,서울특별시 영등포구 신길동,서울특별시 영등포구 여의대방로39길 1 (신길동),근린생활1,제1종근린생활시설,1020126151,지번
1156011100101910002,서울특별시 영등포구 당산동1가,서울특별시 영등포구 영신로47길 3 (당산동1가),근린생활1,제1종근린생활시설,102017711,지번
1156011800101470063,서울특별시 영등포구 도림동,서울특별시 영등포구 도신로25길 14-1 (도림동),근린생활1,제1종근린생활시설,1020111827,지번
1156011800101440189,서울특별시 영등포구 도림동,서울특별시 영등포구 도신로25길 18 (도림동),근린생활1,제1종근린생활시설,1020111788,지번
1156011800101530009,서울특별시 영등포구 도림동,서울특별시 영등포구 도림로110길 10 (도림동),근린생활1,제1종근린생활시설,1020111931,지번
1156011800101440090,서울특별시 영등포구 도림동,서울특별시 영등포구 도림로112길 19 (도림동),근린생활2,제2종근린생활시설,1020111748,지번
1156010200100590000,서울특별시 영등포구 영등포동1가,서울특별시 영등포구 경인로114나길 11 (영등포동1가),근린생활2,제2종근린생활시설,10201100193575,지번
1156013200102850008,서울특별시 영등포구 신길동,서울특별시 영등포구 신길로41라길 20 (신길동),근린생활1,제1종근린생활시설,1020122735,지번
1156013200100950259,서울특별시 영등포구 신길동,서울특별시 영등포구 영등포로 374 (신길동),근린생활1,제1종근린생활시설,1020119106,지번
1156013200100950260,서울특별시 영등포구 신길동,서울특별시 영등포구 영등포로 374-1 (신길동),근린생활2,제2종근린생활시설,1020119107,지번
1156013200102620035,서울특별시 영등포구 신길동,서울특별시 영등포구 가마산로69가길 8 (신길동),근린생활2,제2종근린생활시설,1020122349,지번
1156013200104200060,서울특별시 영등포구 신길동,서울특별시 영등포구 도림로 257 (신길동),근린생활2,제2종근린생활시설,1020125151,지번
1156013200103400001,서울특별시 영등포구 신길동,서울특별시 영등포구 신길로23길 20 (신길동),근린생활,공동주택,1020129383,지번
1156013200103400001,서울특별시 영등포구 신길동,서울특별시 영등포구 신길로23길 20 (신길동),근린생활,공동주택,1020129384,지번
1156013200103400001,서울특별시 영등포구 신길동,서울특별시 영등포구 신길로23길 20 (신길동),근린생활,공동주택,1020129385,지번
1156013200103400001,서울특별시 영등포구 신길동,서울특별시 영등포구 신길로23길 20 (신길동),근린생활,공동주택,1020129386,지번
1156013200103400001,서울특별시 영등포구 신길동,서울특별시 영등포구 신길로23길 32 (신길동),근린생활,근린생활시설,1020129387,지번
1156011800101380021,서울특별시 영등포구 도림동,서울특별시 영등포구 도신로 121 (도림동),근린생활1,제1종근린생활시설,1020111504,지번
1156013200103020007,서울특별시 영등포구 신길동,서울특별시 영등포구 가마산로65길 15 (신길동),근린생활2,제2종근린생활시설,1020122831,지번
1156013200101200004,서울특별시 영등포구 신길동,서울특별시 영등포구 여의대방로47나길 19 (신길동),근린생활1,제1종근린생활시설,1020119429,지번
1156013200102360012,서울특별시 영등포구 신길동,서울특별시 영등포구 가마산로 508 (신길동),근린생활2,제2종근린생활시설,1020122038,지번
1156013200111620000,서울특별시 영등포구 신길동,서울특별시 영등포구 여의대방로43가길 16-1 (신길동),근린생활1,제1종근린생활시설,1020126392,지번
1156010400100060010,서울특별시 영등포구 영등포동3가,서울특별시 영등포구 영등포로 220-1 (영등포동3가),근린생활2,제2종근린생활시설,102014324,지번
1156010500104260002,서울특별시 영등포구 영등포동4가,서울특별시 영등포구 경인로 823-2 (영등포동4가),근린생활2,제2종근린생활시설,102014867,지번
1156011800101380041,서울특별시 영등포구 도림동,서울특별시 영등포구 도신로 119 (도림동),근린생활1,제1종근린생활시설,1020111518,지번
1156010100106180463,서울특별시 영등포구 영등포동,서울특별시 영등포구 영신로9나길 16 (영등포동),근린생활1,단독주택,102012853,지번
1156010100106180463,서울특별시 영등포구 영등포동,서울특별시 영등포구 영신로9나길 16 (영등포동),근린생활1,제1종근린생활시설,102012854,지번
1156011800101440081,서울특별시 영등포구 도림동,서울특별시 영등포구 도림로112길 23 (도림동),근린생활1,제1종근린생활시설,1020111739,지번
1156011800101540021,서울특별시 영등포구 도림동,서울특별시 영등포구 도림로112길 6 (도림동),근린생활1,제1종근린생활시설,1020111950,지번
1156013200102360001,서울특별시 영등포구 신길동,서울특별시 영등포구 신길로 150-1 (신길동),근린생활1,제1종근린생활시설,1020122025,지번
1156013200101540012,서울특별시 영등포구 신길동,서울특별시 영등포구 도신로56길 10 (신길동),근린생활1,제1종근린생활시설,1020119999,지번
1156013200102330004,서울특별시 영등포구 신길동,서울특별시 영등포구 신길로39길 1 (신길동),근린생활1,제1종근린생활시설,1020121941,지번
1156013200101000012,서울특별시 영등포구 신길동,서울특별시 영등포구 도신로 252 (신길동),근린생활2,제2종근린생활시설,1020119211,지번
1156013200101230003,서울특별시 영등포구 신길동,서울특별시 영등포구 여의대방로43라길 6 (신길동),근린생활1,근린생활시설,1020119502,지번
1156013200102320004,서울특별시 영등포구 신길동,서울특별시 영등포구 신길로42길 10 (신길동),근린생활2,제2종근린생활시설,1020121905,지번
1156013200108780000,서울특별시 영등포구 신길동,서울특별시 영등포구 가마산로89길 17 (신길동),근린생활2,제2종근린생활시설,1020126252,지번
1156010100106020093,서울특별시 영등포구 영등포동,서울특별시 영등포구 영신로 9 (영등포동),근린생활1,제1종근린생활시설,102012536,지번
1156013200102090120,서울특별시 영등포구 신길동,서울특별시 영등포구 신길로42길 13 (신길동),근린생활1,제1종근린생활시설,1020121551,지번
1156010100106200300,서울특별시 영등포구 영등포동,서울특별시 영등포구 영신로9길 3 (영등포동),근린생활1,제1종근린생활시설,102013053,지번
1156013200102250026,서울특별시 영등포구 신길동,서울특별시 영등포구 신길로47길 1 (신길동),근린생활1,제1종근린생활시설,1020121750,지번
1156010100106200175,서울특별시 영등포구 영등포동,서울특별시 영등포구 영신로9길 1 (영등포동),근린생활1,제1종근린생활시설,102012971,지번
1156013200102770001,서울특별시 영등포구 신길동,서울특별시 영등포구 신길로41길 19 (신길동),근린생활1,제1종근린생활시설,1020122617,지번
1156013200101900167,서울특별시 영등포구 신길동,서울특별시 영등포구 신길로56길 4 (신길동),근린생활2,근린생활시설,1020120888,지번
1156010500101470001,서울특별시 영등포구 영등포동4가,서울특별시 영등포구 영등포로 194 (영등포동4가),근린생활1,제1종근린생활시설,102014743,지번
1156011800101470031,서울특별시 영등포구 도림동,서울특별시 영등포구 도신로 95 (도림동),근린생활1,제1종근린생활시설,1020111815,지번
1156010700100630000,서울특별시 영등포구 영등포동6가,서울특별시 영등포구 영신로40길 15 (영등포동6가),근린생활1,제1종근린생활시설,102015606,지번
1156013200102140044,서울특별시 영등포구 신길동,서울특별시 영등포구 신길로 200-10 (신길동),근린생활2,제2종근린생활시설,1020121628,지번
1156010100106180268,서울특별시 영등포구 영등포동,서울특별시 영등포구 영신로19길 26-1 (영등포동),근린생활2,제2종근린생활시설,102012810,지번
1156013200106860000,서울특별시 영등포구 신길동,서울특별시 영등포구 가마산로90길 19 (신길동),근린생활2,제2종근린생활시설,1020126141,지번
1156010400100030008,서울특별시 영등포구 영등포동3가,서울특별시 영등포구 영중로10길 33 (영등포동3가),근린생활1,제1종근린생활시설,102014278,지번
1156013200104660005,서울특별시 영등포구 신길동,서울특별시 영등포구 영등포로84길 20 (신길동),근린생활1,제1종근린생활시설,1020125909,지번
1156013200104490006,서울특별시 영등포구 신길동,서울특별시 영등포구 영등포로 406 (신길동),근린생활1,제1종근린생활시설,1020125671,지번
1156013200103470300,서울특별시 영등포구 신길동,서울특별시 영등포구 가마산로 437-2 (신길동),근린생활1,제1종근린생활시설,1020124150,지번
1156011800101380017,서울특별시 영등포구 도림동,서울특별시 영등포구 도신로29길 3 (도림동),근린생활1,제1종근린생활시설,1020111502,지번
1156011800100810018,서울특별시 영등포구 도림동,서울특별시 영등포구 도신로 141 (도림동),근린생활1,제1종근린생활시설,1020111140,지번
1156010100106180019,서울특별시 영등포구 영등포동,서울특별시 영등포구 영신로20가길 8 (영등포동),근린생활2,제2종근린생활시설,102012690,지번
1156013200109640000,서울특별시 영등포구 신길동,서울특별시 영등포구 여의대방로43나길 6 (신길동),근린생활2,제2종근린생활시설,1020126301,지번
1156013200108430000,서울특별시 영등포구 신길동,서울특별시 영등포구 가마산로89길 4 (신길동),근린생활2,제2종근린생활시설,1020126236,지번
1156013200104630029,서울특별시 영등포구 신길동,서울특별시 영등포구 여의대방로47길 26 (신길동),근린생활2,제2종근린생활시설,1020125861,지번
1156013200111140000,서울특별시 영등포구 신길동,서울특별시 영등포구 여의대방로 231 (신길동),근린생활2,제2종근린생활시설,1020126373,지번
1156013200149390000,서울특별시 영등포구 신길동,서울특별시 영등포구 가마산로 540 (신길동),근린생활1,교정및군사시설,10201100196401,지번
1156013200149390000,서울특별시 영등포구 신길동,서울특별시 영등포구 가마산로 540 (신길동),근린생활1,교정및군사시설,10201100196402,지번
1156013200149390000,서울특별시 영등포구 신길동,서울특별시 영등포구 가마산로 540 (신길동),근린생활1,교정및군사시설,10201100196403,지번
1156013200149390000,서울특별시 영등포구 신길동,서울특별시 영등포구 가마산로 540 (신길동),근린생활1,교정및군사시설,10201100196404,지번
1156013200149390000,서울특별시 영등포구 신길동,서울특별시 영등포구 가마산로 540 (신길동),근린생활1,교정및군사시설,10201100196405,지번
1156013200149390000,서울특별시 영등포구 신길동,서울특별시 영등포구 가마산로 540 (신길동),근린생활1,제1종근린생활시설,10201100196406,지번
1156013200149390000,서울특별시 영등포구 신길동,서울특별시 영등포구 가마산로 540 (신길동),근린생활1,교정및군사시설,10201100230174,지번
1156013200102250005,서울특별시 영등포구 신길동,서울특별시 영등포구 도신로 166 (신길동),근린생활1,제1종근린생활시설,1020121742,지번
1156011800100800002,서울특별시 영등포구 도림동,서울특별시 영등포구 도신로29가길 10 (도림동),근린생활1,제1종근린생활시설,1020111108,지번
1156010100106020112,서울특별시 영등포구 영등포동,서울특별시 영등포구 신길로 229 (영등포동),근린생활1,단독주택,102012540,지번
1156013200102230007,서울특별시 영등포구 신길동,서울특별시 영등포구 신길로 182 (신길동),근린생활1,제1종근린생활시설,1020121707,지번
1156010100106200158,서울특별시 영등포구 영등포동,서울특별시 영등포구 영신로9나길 13 (영등포동),근린생활2,제2종근린생활시설,102012961,지번
1156013200105740000,서울특별시 영등포구 신길동,서울특별시 영등포구 여의대방로35길 11-1 (신길동),근린생활1,공동주택,1000000000000004577951,지번
1156010100106180375,서울특별시 영등포구 영등포동,서울특별시 영등포구 영신로20길 10-1 (영등포동),근린생활2,제2종근린생활시설,102012830,지번
1156013200102050139,서울특별시 영등포구 신길동,서울특별시 영등포구 도신로48길 19-3 (신길동),근린생활2,제2종근린생활시설,1020121382,지번
1156011800101170046,서울특별시 영등포구 도림동,서울특별시 영등포구 도신로29길 12-4 (도림동),근린생활1,제1종근린생활시설,1020111330,지번
1156013200102660014,서울특별시 영등포구 신길동,서울특별시 영등포구 신길로39길 29-4 (신길동),근린생활1,제1종근린생활시설,1020122437,지번
1156013200101100034,서울특별시 영등포구 신길동,서울특별시 영등포구 도신로 244 (신길동),근린생활1,제1종근린생활시설,1020119251,지번
1156013200104500038,서울특별시 영등포구 신길동,서울특별시 영등포구 영등포로86길 8 (신길동),근린생활1,제1종근린생활시설,1020125691,지번
1156010200101410006,서울특별시 영등포구 영등포동1가,서울특별시 영등포구 경인로 874 (영등포동1가),근린생활2,제2종근린생활시설,102013531,지번
1156013200106190001,서울특별시 영등포구 신길동,서울특별시 영등포구 신풍로25가길 11 (신길동),근린생활1,제1종근린생활시설,1020126071,지번
1156013200101610003,서울특별시 영등포구 신길동,서울특별시 영등포구 도신로 220 (신길동),근린생활1,제1종근린생활시설,1020120174,지번
1156013200100950151,서울특별시 영등포구 신길동,서울특별시 영등포구 영등포로80길 12 (신길동),근린생활1,제1종근린생활시설,1020119057,지번
1156013200101940095,서울특별시 영등포구 신길동,서울특별시 영등포구 도신로53길 1 (신길동),근린생활1,제1종근린생활시설,1020121073,지번
1156010500101460001,서울특별시 영등포구 영등포동4가,서울특별시 영등포구 영등포로 196 (영등포동4가),근린생활1,제1종근린생활시설,102014737,지번
1156010500101460001,서울특별시 영등포구 영등포동4가,서울특별시 영등포구 영등포로 196 (영등포동4가),근린생활1,제1종근린생활시설,102014920,지번
1156010400100090023,서울특별시 영등포구 영등포동3가,서울특별시 영등포구 영중로4길 3-1 (영등포동3가),근린생활1,제1종근린생활시설,102014351,지번
1156010400100100034,서울특별시 영등포구 영등포동3가,서울특별시 영등포구 영중로4길 10-1 (영등포동3가),근린생활2,제2종근린생활시설,102014596,지번
1156010300100280108,서울특별시 영등포구 영등포동2가,서울특별시 영등포구 국회대로54길 53-6 (영등포동2가),근린생활1,제1종근린생활시설,102013584,지번
1156010600101080000,서울특별시 영등포구 영등포동5가,서울특별시 영등포구 영중로22길 10 (영등포동5가),근린생활1,제1종근린생활시설,102015322,지번
1156013200101100046,서울특별시 영등포구 신길동,서울특별시 영등포구 도신로64길 1 (신길동),근린생활2,제2종근린생활시설,1020119252,지번
1156013200101100046,서울특별시 영등포구 신길동,서울특별시 영등포구 도신로64길 1 (신길동),근린생활2,제1종근린생활시설,1020119253,지번
1156013200100960001,서울특별시 영등포구 신길동,서울특별시 영등포구 영등포로 377 (신길동),근린생활1,제1종근린생활시설,1020119131,지번
1156010800100290054,서울특별시 영등포구 영등포동7가,서울특별시 영등포구 국회대로54길 29 (영등포동7가),근린생활2,제2종근린생활시설,102015868,지번
1156010700100150002,서울특별시 영등포구 영등포동6가,서울특별시 영등포구 영중로 67 (영등포동6가),근린생활1,제1종근린생활시설,102015475,지번
1156010400100020007,서울특별시 영등포구 영등포동3가,서울특별시 영등포구 영등포로 262 (영등포동3가),근린생활1,제1종근린생활시설,102014263,지번
1156010300102450004,서울특별시 영등포구 영등포동2가,서울특별시 영등포구 영등포로53길 24-1 (영등포동2가),근린생활1,제1종근린생활시설,102013982,지번
1156013200103140041,서울특별시 영등포구 신길동,서울특별시 영등포구 가마산로61길 5-2 (신길동),근린생활1,제1종근린생활시설,1020123013,지번
1156013200102610019,서울특별시 영등포구 신길동,서울특별시 영등포구 신길로33길 26-1 (신길동),근린생활1,제1종근린생활시설,1020122340,지번
1156013200102630034,서울특별시 영등포구 신길동,서울특별시 영등포구 가마산로69길 3 (신길동),근린생활2,제2종근린생활시설,1020122390,지번
1156010500104150001,서울특별시 영등포구 영등포동4가,서울특별시 영등포구 영신로24길 8-1 (영등포동4가),근린생활1,제1종근린생활시설,102014846,지번
1156013200103470239,서울특별시 영등포구 신길동,서울특별시 영등포구 가마산로 421 (신길동),근린생활1,제1종근린생활시설,1020124111,지번
1156013200102620054,서울특별시 영등포구 신길동,서울특별시 영등포구 가마산로 467 (신길동),근린생활1,제1종근린생활시설,1020122362,지번
1156013200103470191,서울특별시 영등포구 신길동,서울특별시 영등포구 가마산로 425-1 (신길동),근린생활2,제2종근린생활시설,1020124083,지번
1156013200103470196,서울특별시 영등포구 신길동,서울특별시 영등포구 가마산로 425 (신길동),근린생활2,제2종근린생활시설,1020124088,지번
1156010400100160002,서울특별시 영등포구 영등포동3가,서울특별시 영등포구 영중로10길 20 (영등포동3가),근린생활2,제2종근린생활시설,102014476,지번
1156010400100160002,서울특별시 영등포구 영등포동3가,서울특별시 영등포구 영중로10길 20 (영등포동3가),근린생활2,제2종근린생활시설,102014477,지번
1156011800101470043,서울특별시 영등포구 도림동,서울특별시 영등포구 도신로 99 (도림동),근린생활1,제1종근린생활시설,1020111823,지번
1156013200102980015,서울특별시 영등포구 신길동,서울특별시 영등포구 가마산로65길 32 (신길동),근린생활1,제1종근린생활시설,1020122804,지번
1156010600100250011,서울특별시 영등포구 영등포동5가,서울특별시 영등포구 영중로 46 (영등포동5가),근린생활1,제1종근린생활시설,102015019,지번
1156010500100970003,서울특별시 영등포구 영등포동4가,서울특별시 영등포구 영신로30길 29 (영등포동4가),근린생활2,제2종근린생활시설,102014658,지번
1156010400100050001,서울특별시 영등포구 영등포동3가,서울특별시 영등포구 영중로10길 5 (영등포동3가),근린생활2,제2종근린생활시설,102014301,지번
1156010300101560002,서울특별시 영등포구 영등포동2가,서울특별시 영등포구 영등포로51길 4 (영등포동2가),근린생활1,제1종근린생활시설,102013858,지번
1156013200100960015,서울특별시 영등포구 신길동,서울특별시 영등포구 영등포로 382-1 (신길동),근린생활2,제2종근린생활시설,1020119142,지번
1156010300103180001,서울특별시 영등포구 영등포동2가,서울특별시 영등포구 영등포로47길 8 (영등포동2가),근린생활1,제1종근린생활시설,102014083,지번
1156013200113200000,서울특별시 영등포구 신길동,서울특별시 영등포구 영등포로 412-1 (신길동),근린생활2,제2종근린생활시설,1020126467,지번
1156013200103250095,서울특별시 영등포구 신길동,서울특별시 영등포구 가마산로61길 3 (신길동),근린생활1,제1종근린생활시설,1020123221,지번
1156013200104000005,서울특별시 영등포구 신길동,서울특별시 영등포구 도림로 272 (신길동),근린생활1,제1종근린생활시설,1020124609,지번
1156010100106180216,서울특별시 영등포구 영등포동,서울특별시 영등포구 영신로19길 14 (영등포동),근린생활1,제1종근린생활시설,102012783,지번
1156010300103200002,서울특별시 영등포구 영등포동2가,서울특별시 영등포구 영중로14길 33-1 (영등포동2가),근린생활2,제2종근린생활시설,102014087,지번
1156010300101670001,서울특별시 영등포구 영등포동2가,서울특별시 영등포구 영중로14길 48 (영등포동2가),근린생활1,제1종근린생활시설,102013875,지번
1156010400100130015,서울특별시 영등포구 영등포동3가,서울특별시 영등포구 영등포로50길 5-1 (영등포동3가),근린생활1,제1종근린생활시설,102014448,지번
1156010500100810002,서울특별시 영등포구 영등포동4가,서울특별시 영등포구 영등포로36길 7 (영등포동4가),근린생활2,제2종근린생활시설,102014643,지번
1156010300100940030,서울특별시 영등포구 영등포동2가,서울특별시 영등포구 버드나루로12나길 48 (영등포동2가),근린생활2,제2종근린생활시설,102013743,지번
1156010500104350018,서울특별시 영등포구 영등포동4가,서울특별시 영등포구 영신로24길 15 (영등포동4가),근린생활1,제1종근린생활시설,102014914,지번
1156010500104290011,서울특별시 영등포구 영등포동4가,서울특별시 영등포구 경인로 827-16 (영등포동4가),근린생활2,제2종근린생활시설,102014884,지번
1156010600100060002,서울특별시 영등포구 영등포동5가,서울특별시 영등포구 영등포로 235 (영등포동5가),판매시설,판매시설,102014942,지번
1156010600100810002,서울특별시 영등포구 영등포동5가,서울특별시 영등포구 영등포로37길 22 (영등포동5가),근린생활1,제1종근린생활시설,102015295,지번
1156010500101420000,서울특별시 영등포구 영등포동4가,서울특별시 영등포구 영등포로 200 (영등포동4가),근린생활1,제1종근린생활시설,102014731,지번
1156011800102460020,서울특별시 영등포구 도림동,서울특별시 영등포구 도림로 331 (도림동),근린생활2,제2종근린생활시설,1020112819,지번
1156010400100090051,서울특별시 영등포구 영등포동3가,서울특별시 영등포구 영중로 10 (영등포동3가),근린생활1,제1종근린생활시설,102014358,지번
1156013200106580000,서울특별시 영등포구 신길동,서울특별시 영등포구 가마산로90길 16 (신길동),근린생활2,제2종근린생활시설,1020126113,지번
1156013200101940044,서울특별시 영등포구 신길동,서울특별시 영등포구 도신로53길 7 (신길동),근린생활2,제2종근린생활시설,10201100188774,지번
1156013200104660001,서울특별시 영등포구 신길동,서울특별시 영등포구 여의대방로53길 27 (신길동),근린생활2,제2종근린생활시설,1020125906,지번
1156011800100800006,서울특별시 영등포구 도림동,서울특별시 영등포구 도신로 135 (도림동),근린생활2,제2종근린생활시설,1020111110,지번
1156013200103550052,서울특별시 영등포구 신길동,서울특별시 영등포구 도림로 287 (신길동),근린생활2,제2종근린생활시설,1020124183,지번
1156010500101460005,서울특별시 영등포구 영등포동4가,서울특별시 영등포구 영신로34길 19 (영등포동4가),근린생활1,제1종근린생활시설,102014738,지번
1156013200100500001,서울특별시 영등포구 신길동,서울특별시 영등포구 영등포로 343-2 (신길동),근린생활1,제1종근린생활시설,1020118401,지번
1156013200101100019,서울특별시 영등포구 신길동,서울특별시 영등포구 도신로64길 5 (신길동),근린생활2,제2종근린생활시설,1020119243,지번
1156010100106180078,서울특별시 영등포구 영등포동,서울특별시 영등포구 영신로19길 9 (영등포동),근린생활1,제1종근린생활시설,102012731,지번
1156010300100330017,서울특별시 영등포구 영등포동2가,서울특별시 영등포구 영등포로45길 16-1 (영등포동2가),근린생활2,제2종근린생활시설,102013659,지번
1156013200112990000,서울특별시 영등포구 신길동,서울특별시 영등포구 영등포로 420 (신길동),근린생활2,제2종근린생활시설,1020126458,지번
1156010300100940136,서울특별시 영등포구 영등포동2가,서울특별시 영등포구 버드나루로12가길 37 (영등포동2가),근린생활1,제1종근린생활시설,102013773,지번
1156010300100940136,서울특별시 영등포구 영등포동2가,서울특별시 영등포구 버드나루로12가길 37 (영등포동2가),근린생활1,제2종근린생활시설,102013774,지번
1156013200106300000,서울특별시 영등포구 신길동,서울특별시 영등포구 신풍로25길 14-1 (신길동),근린생활2,제2종근린생활시설,1020126093,지번
1156013200106300000,서울특별시 영등포구 신길동,서울특별시 영등포구 신풍로25길 16 (신길동),근린생활2,제2종근린생활시설,1020126094,지번
1156010800100440001,서울특별시 영등포구 영등포동7가,서울특별시 영등포구 영중로 77 (영등포동7가),근린생활1,제1종근린생활시설,102015922,지번
1156010600100370002,서울특별시 영등포구 영등포동5가,서울특별시 영등포구 영중로 62 (영등포동5가),근린생활1,제1종근린생활시설,102015162,지번
1156010600100770000,서울특별시 영등포구 영등포동5가,서울특별시 영등포구 영중로24길 14-2 (영등포동5가),근린생활1,제1종근린생활시설,102015288,지번
1156010600101200000,서울특별시 영등포구 영등포동5가,서울특별시 영등포구 영중로22길 2 (영등포동5가),근린생활1,제1종근린생활시설,102015328,지번
1156010600101000000,서울특별시 영등포구 영등포동5가,서울특별시 영등포구 영중로22길 11 (영등포동5가),근린생활1,제1종근린생활시설,102015312,지번
1156010600101000000,서울특별시 영등포구 영등포동5가,서울특별시 영등포구 영중로22길 11 (영등포동5가),근린생활1,단독주택,102015313,지번
1156010600101180000,서울특별시 영등포구 영등포동5가,서울특별시 영등포구 영중로22길 4 (영등포동5가),근린생활2,제2종근린생활시설,102015327,지번
1156010300101390004,서울특별시 영등포구 영등포동2가,서울특별시 영등포구 버드나루로 1-1 (영등포동2가),근린생활2,제2종근린생활시설,102013837,지번
1156013200101940025,서울특별시 영등포구 신길동,서울특별시 영등포구 도신로53길 15 (신길동),근린생활1,제1종근린생활시설,1020121047,지번
1156010600101300000,서울특별시 영등포구 영등포동5가,서울특별시 영등포구 영중로20길 13-1 (영등포동5가),근린생활1,제1종근린생활시설,102015436,지번
1156010600101020000,서울특별시 영등포구 영등포동5가,서울특별시 영등포구 영등포로43길 25 (영등포동5가),근린생활1,단독주택,102015315,지번
1156010600101020000,서울특별시 영등포구 영등포동5가,서울특별시 영등포구 영등포로43길 25 (영등포동5가),근린생활1,제1종근린생활시설,102015316,지번
1156010600101290000,서울특별시 영등포구 영등포동5가,서울특별시 영등포구 영중로20길 13 (영등포동5가),근린생활1,제1종근린생활시설,102015347,지번
1156010400100050073,서울특별시 영등포구 영등포동3가,서울특별시 영등포구 영등포로 222 (영등포동3가),근린생활1,제1종근린생활시설,102014309,지번
1156010400100110008,서울특별시 영등포구 영등포동3가,서울특별시 영등포구 영중로4길 18 (영등포동3가),근린생활2,제2종근린생활시설,102014401,지번
1156010400100110008,서울특별시 영등포구 영등포동3가,서울특별시 영등포구 영중로4길 18 (영등포동3가),근린생활2,제2종근린생활시설,102014402,지번
1156010100106180003,서울특별시 영등포구 영등포동,서울특별시 영등포구 경인로 846 (영등포동),근린생활1,제2종근린생활시설,102012655,지번
1156010100106180003,서울특별시 영등포구 영등포동,서울특별시 영등포구 경인로 846 (영등포동),근린생활1,단독주택,102012656,지번
1156010100106180003,서울특별시 영등포구 영등포동,서울특별시 영등포구 경인로 846 (영등포동),근린생활1,단독주택,102012657,지번
1156010100106180003,서울특별시 영등포구 영등포동,서울특별시 영등포구 경인로 846 (영등포동),근린생활1,제1종근린생활시설,102012658,지번
1156010100106180003,서울특별시 영등포구 영등포동,서울특별시 영등포구 경인로 846 (영등포동),근린생활1,단독주택,102012659,지번
1156010100106180003,서울특별시 영등포구 영등포동,서울특별시 영등포구 경인로 846 (영등포동),근린생활1,자동차관련시설,102012660,지번
1156010100106180003,서울특별시 영등포구 영등포동,서울특별시 영등포구 경인로 846 (영등포동),근린생활1,운수시설,102012661,지번
1156010100106180003,서울특별시 영등포구 영등포동,서울특별시 영등포구 경인로 846 (영등포동),근린생활1,단독주택,102012662,지번
1156010100106180003,서울특별시 영등포구 영등포동,서울특별시 영등포구 경인로 846 (영등포동),근린생활1,단독주택,102012664,지번
1156010100106180003,서울특별시 영등포구 영등포동,서울특별시 영등포구 경인로 846 (영등포동),근린생활1,단독주택,102012665,지번
1156010100106180003,서울특별시 영등포구 영등포동,서울특별시 영등포구 경인로 846 (영등포동),근린생활1,단독주택,102012666,지번
1156010100106180003,서울특별시 영등포구 영등포동,서울특별시 영등포구 경인로 846 (영등포동),근린생활1,단독주택,102012667,지번
1156010100106180003,서울특별시 영등포구 영등포동,서울특별시 영등포구 경인로 846 (영등포동),근린생활1,단독주택,102012668,지번
1156010100106180003,서울특별시 영등포구 영등포동,서울특별시 영등포구 경인로 846 (영등포동),근린생활1,단독주택,102012669,지번
1156010100106180003,서울특별시 영등포구 영등포동,서울특별시 영등포구 경인로 846 (영등포동),근린생활1,자동차관련시설,102012671,지번
1156010100106180003,서울특별시 영등포구 영등포동,서울특별시 영등포구 경인로 846 (영등포동),근린생활1,단독주택,102012673,지번
1156010100106180003,서울특별시 영등포구 영등포동,서울특별시 영등포구 경인로 846 (영등포동),근린생활1,단독주택,102012674,지번
1156010100106180003,서울특별시 영등포구 영등포동,서울특별시 영등포구 경인로 846 (영등포동),근린생활1,제1종근린생활시설,102013178,지번
1156013200104200022,서울특별시 영등포구 신길동,서울특별시 영등포구 도림로 256 (신길동),근린생활1,제1종근린생활시설,1020125123,지번
1156010500104250041,서울특별시 영등포구 영등포동4가,서울특별시 영등포구 경인로 831 (영등포동4가),근린생활1,제1종근린생활시설,102014865,지번
1156013200103250080,서울특별시 영등포구 신길동,서울특별시 영등포구 가마산로 443 (신길동),근린생활1,제1종근린생활시설,1020123216,지번
1156010500104350015,서울특별시 영등포구 영등포동4가,서울특별시 영등포구 영신로24길 17 (영등포동4가),근린생활1,제1종근린생활시설,102014911,지번
1156011100102050000,서울특별시 영등포구 당산동1가,서울특별시 영등포구 양산로 154-1 (당산동1가),근린생활1,제1종근린생활시설,102017747,지번
1156013200103550634,서울특별시 영등포구 신길동,서울특별시 영등포구 가마산로 406-1 (신길동),근린생활1,제1종근린생활시설,1020124491,지번
1156013300106720009,서울특별시 영등포구 대림동,서울특별시 영등포구 가마산로46길 5 (대림동),근린생활1,제1종근린생활시설,1020130396,지번
1156013300106720006,서울특별시 영등포구 대림동,서울특별시 영등포구 가마산로46길 9 (대림동),근린생활1,제1종근린생활시설,1020130394,지번
1156011100101740000,서울특별시 영등포구 당산동1가,서울특별시 영등포구 영신로43길 7-2 (당산동1가),근린생활1,단독주택,102017598,지번
1156011100101740000,서울특별시 영등포구 당산동1가,서울특별시 영등포구 영신로43길 7-2 (당산동1가),근린생활1,제1종근린생활시설,102017599,지번
1156010700101040001,서울특별시 영등포구 영등포동6가,서울특별시 영등포구 영등포로33길 9 (영등포동6가),근린생활2,제2종근린생활시설,102015722,지번
1156010700101260014,서울특별시 영등포구 영등포동6가,서울특별시 영등포구 영신로42길 8 (영등포동6가),근린생활2,제2종근린생활시설,102015776,지번
1156011100101630001,서울특별시 영등포구 당산동1가,서울특별시 영등포구 영신로41길 3-2 (당산동1가),근린생활1,제1종근린생활시설,102017583,지번
1156011100101760000,서울특별시 영등포구 당산동1가,서울특별시 영등포구 영등포로29길 16 (당산동1가),근린생활1,제1종근린생활시설,102017601,지번
1156011800101470041,서울특별시 영등포구 도림동,서울특별시 영등포구 도림로108길 10-1 (도림동),근린생활1,제1종근린생활시설,1020111822,지번
1156010500101480001,서울특별시 영등포구 영등포동4가,서울특별시 영등포구 영등포로 190-1 (영등포동4가),근린생활1,제1종근린생활시설,102014747,지번
1156010300100940250,서울특별시 영등포구 영등포동2가,서울특별시 영등포구 버드나루로12나길 28 (영등포동2가),근린생활1,제1종근린생활시설,102013798,지번
1156013200101140013,서울특별시 영등포구 신길동,서울특별시 영등포구 도신로62길 3 (신길동),근린생활2,제2종근린생활시설,1020119324,지번
1156010400100130004,서울특별시 영등포구 영등포동3가,서울특별시 영등포구 영중로10길 44 (영등포동3가),근린생활1,제1종근린생활시설,102014437,지번
1156010600100420041,서울특별시 영등포구 영등포동5가,서울특별시 영등포구 영중로16길 3 (영등포동5가),근린생활1,제1종근린생활시설,102015217,지번
1156010400100090020,서울특별시 영등포구 영등포동3가,서울특별시 영등포구 영중로4길 1-1 (영등포동3가),근린생활1,제1종근린생활시설,102014349,지번
1156010600101110000,서울특별시 영등포구 영등포동5가,서울특별시 영등포구 영중로22길 8 (영등포동5가),근린생활1,제1종근린생활시설,102015323,지번
1156010600100390006,서울특별시 영등포구 영등포동5가,서울특별시 영등포구 영중로 64 (영등포동5가),근린생활2,제2종근린생활시설,102015174,지번
1156010700100100000,서울특별시 영등포구 영등포동6가,서울특별시 영등포구 영중로 65 (영등포동6가),근린생활1,제1종근린생활시설,102015469,지번
1156010700100250006,서울특별시 영등포구 영등포동6가,서울특별시 영등포구 양산로 188-1 (영등포동6가),근린생활2,제2종근린생활시설,102015493,지번
1156013200101370010,서울특별시 영등포구 신길동,서울특별시 영등포구 도신로60길 20-2 (신길동),근린생활2,근린생활시설,1020119549,지번
1156010500104350016,서울특별시 영등포구 영등포동4가,서울특별시 영등포구 영중로3길 14-1 (영등포동4가),근린생활2,제2종근린생활시설,102014912,지번
1156013200102620048,서울특별시 영등포구 신길동,서울특별시 영등포구 가마산로 467-6 (신길동),근린생활1,제1종근린생활시설,1020122357,지번
1156013200103420190,서울특별시 영등포구 신길동,서울특별시 영등포구 도림로 278-2 (신길동),근린생활2,제2종근린생활시설,1020123916,지번
1156010300100940021,서울특별시 영등포구 영등포동2가,서울특별시 영등포구 버드나루로12가길 22 (영등포동2가),근린생활1,제1종근린생활시설,102013737,지번
1156010300100940025,서울특별시 영등포구 영등포동2가,서울특별시 영등포구 버드나루로5길 7 (영등포동2가),근린생활1,제1종근린생활시설,102013739,지번
1156010300100940112,서울특별시 영등포구 영등포동2가,서울특별시 영등포구 버드나루로12가길 24 (영등포동2가),근린생활1,제1종근린생활시설,102013755,지번
1156013200102580009,서울특별시 영등포구 신길동,서울특별시 영등포구 가마산로69가길 5 (신길동),근린생활1,제1종근린생활시설,1020122319,지번
1156013200100050013,서울특별시 영등포구 신길동,서울특별시 영등포구 여의대방로59길 36 (신길동),근린생활1,제1종근린생활시설,1020118122,지번
1156013300106710000,서울특별시 영등포구 대림동,서울특별시 영등포구 가마산로48길 6 (대림동),근린생활2,제2종근린생활시설,1020130377,지번
1156013300106750000,서울특별시 영등포구 대림동,서울특별시 영등포구 가마산로46길 17 (대림동),근린생활2,제2종근린생활시설,1020130405,지번
1156011800101510002,서울특별시 영등포구 도림동,서울특별시 영등포구 도신로 85 (도림동),근린생활2,제2종근린생활시설,1020111852,지번
1156010700100740002,서울특별시 영등포구 영등포동6가,서울특별시 영등포구 영신로38길 16 (영등포동6가),근린생활2,제2종근린생활시설,102015635,지번
1156011100101910012,서울특별시 영등포구 당산동1가,서울특별시 영등포구 영신로45길 4-1 (당산동1가),근린생활1,제1종근린생활시설,102017718,지번
1156013200103650000,서울특별시 영등포구 신길동,서울특별시 영등포구 도신로 68 (신길동),판매시설,교육연구시설,1020124543,지번
1156013200103650000,서울특별시 영등포구 신길동,서울특별시 영등포구 도신로 68 (신길동),판매시설,공동주택,1020129412,지번
1156013200103650000,서울특별시 영등포구 신길동,서울특별시 영등포구 도신로 68 (신길동),판매시설,공동주택,1020129413,지번
1156013200103650000,서울특별시 영등포구 신길동,서울특별시 영등포구 도신로 68 (신길동),판매시설,공동주택,1020129414,지번
1156013200103650000,서울특별시 영등포구 신길동,서울특별시 영등포구 도신로 68 (신길동),판매시설,공동주택,1020129415,지번
1156013200103650000,서울특별시 영등포구 신길동,서울특별시 영등포구 도신로 68 (신길동),판매시설,공동주택,1020129416,지번
1156013200103650000,서울특별시 영등포구 신길동,서울특별시 영등포구 도신로 70 (신길동),판매시설,판매시설,1020129417,지번
1156013200103650000,서울특별시 영등포구 신길동,서울특별시 영등포구 도신로 68 (신길동),판매시설,공동주택,1020129418,지번
1156011900100220013,서울특별시 영등포구 문래동1가,서울특별시 영등포구 경인로88길 5-9 (문래동1가),근린생활1,제1종근린생활시설,1020113301,지번
1156010600101230002,서울특별시 영등포구 영등포동5가,서울특별시 영등포구 영중로20길 1 (영등포동5가),근린생활2,제2종근린생활시설,102015333,지번
1156011100102020000,서울특별시 영등포구 당산동1가,서울특별시 영등포구 양산로 156-1 (당산동1가),근린생활2,제2종근린생활시설,102017745,지번
1156013200112760000,서울특별시 영등포구 신길동,서울특별시 영등포구 영등포로86길 17 (신길동),근린생활1,제1종근린생활시설,1020126453,지번
1156013200101860171,서울특별시 영등포구 신길동,서울특별시 영등포구 신길로60마길 4 (신길동),근린생활1,단독주택,1020120396,지번
1156013200101880284,서울특별시 영등포구 신길동,서울특별시 영등포구 신길로60다길 2 (신길동),근린생활1,제1종근린생활시설,1020120636,지번
1156013200100980046,서울특별시 영등포구 신길동,서울특별시 영등포구 영등포로 363-1 (신길동),근린생활2,제2종근린생활시설,1020119197,지번
1156010200101390008,서울특별시 영등포구 영등포동1가,서울특별시 영등포구 경인로 878 (영등포동1가),근린생활1,창고시설,1000000000000005259516,지번
1156010200101390008,서울특별시 영등포구 영등포동1가,서울특별시 영등포구 경인로 878 (영등포동1가),근린생활1,제1종근린생활시설,102013530,지번
1156010400100190000,서울특별시 영등포구 영등포동3가,서울특별시 영등포구 영등포로42길 17 (영등포동3가),근린생활2,제2종근린생활시설,102014489,지번
1156010400100260000,서울특별시 영등포구 영등포동3가,서울특별시 영등포구 영등포로46길 11 (영등포동3가),근린생활2,업무시설,1000000000000002446544,지번
1156010400100240002,서울특별시 영등포구 영등포동3가,서울특별시 영등포구 영중로10길 32-4 (영등포동3가),근린생활1,제1종근린생활시설,102014539,지번
1156010400100070025,서울특별시 영등포구 영등포동3가,서울특별시 영등포구 영중로10길 6 (영등포동3가),근린생활2,제2종근린생활시설,102014591,지번
1156010600100260011,서울특별시 영등포구 영등포동5가,서울특별시 영등포구 영중로 50 (영등포동5가),근린생활1,제1종근린생활시설,102015029,지번
1156013200102570021,서울특별시 영등포구 신길동,서울특별시 영등포구 신길로39길 11 (신길동),근린생활2,제2종근린생활시설,1020122294,지번
1156013200102300011,서울특별시 영등포구 신길동,서울특별시 영등포구 신길로37길 11-1 (신길동),근린생활1,제1종근린생활시설,1020121882,지번
1156013200102690022,서울특별시 영등포구 신길동,서울특별시 영등포구 가마산로69길 6-1 (신길동),근린생활1,제1종근린생활시설,1020129357,지번
1156010300103110002,서울특별시 영등포구 영등포동2가,서울특별시 영등포구 영중로14길 35-2 (영등포동2가),근린생활1,제1종근린생활시설,102014074,지번
1156013200100960023,서울특별시 영등포구 신길동,서울특별시 영등포구 영등포로 382 (신길동),근린생활2,제2종근린생활시설,1020119143,지번
1156013200103090006,서울특별시 영등포구 신길동,서울특별시 영등포구 가마산로61길 15 (신길동),근린생활2,제2종근린생활시설,1020122934,지번
1156010100104260085,서울특별시 영등포구 영등포동,서울특별시 영등포구 경인로 828 (영등포동),근린생활1,제1종근린생활시설,102012308,지번
1156010600100410004,서울특별시 영등포구 영등포동5가,서울특별시 영등포구 영중로16길 15 (영등포동5가),근린생활1,제1종근린생활시설,102015180,지번
1156010600100410004,서울특별시 영등포구 영등포동5가,서울특별시 영등포구 영중로16길 15 (영등포동5가),근린생활1,단독주택,102015181,지번
1156010400100090004,서울특별시 영등포구 영등포동3가,서울특별시 영등포구 영중로 16-1 (영등포동3가),근린생활1,제1종근린생활시설,102014343,지번
1156010600100200062,서울특별시 영등포구 영등포동5가,서울특별시 영등포구 영등포로 219 (영등포동5가),근린생활2,제2종근린생활시설,102015424,지번
1156010300103350000,서울특별시 영등포구 영등포동2가,서울특별시 영등포구 영중로14길 27 (영등포동2가),근린생활1,제1종근린생활시설,102014126,지번
1156011400100730013,서울특별시 영등포구 당산동4가,서울특별시 영등포구 당산로35길 8 (당산동4가),근린생활2,제2종근린생활시설,10201100251029,지번
1156010700100680004,서울특별시 영등포구 영등포동6가,서울특별시 영등포구 영신로38길 17 (영등포동6가),근린생활2,제2종근린생활시설,102015618,지번
1156013200103550497,서울특별시 영등포구 신길동,서울특별시 영등포구 도림로 289 (신길동),근린생활1,제1종근린생활시설,1020124434,지번
1156013200101370024,서울특별시 영등포구 신길동,서울특별시 영등포구 도신로60길 24 (신길동),근린생활1,제1종근린생활시설,1020119560,지번
1156013200101580104,서울특별시 영등포구 신길동,서울특별시 영등포구 도신로54길 9-1 (신길동),근린생활1,제1종근린생활시설,1020120128,지번
1156013200101140031,서울특별시 영등포구 신길동,서울특별시 영등포구 도신로62길 7-1 (신길동),근린생활1,제1종근린생활시설,1020119339,지번
1156013200101140019,서울특별시 영등포구 신길동,서울특별시 영등포구 도신로64길 4 (신길동),근린생활2,제2종근린생활시설,1020119329,지번
1156013200101140017,서울특별시 영등포구 신길동,서울특별시 영등포구 도신로64길 2 (신길동),근린생활2,제2종근린생활시설,1020119327,지번
1156010600100410026,서울특별시 영등포구 영등포동5가,서울특별시 영등포구 영중로14길 9-5 (영등포동5가),근린생활1,제1종근린생활시설,102015196,지번
1156010400100130002,서울특별시 영등포구 영등포동3가,서울특별시 영등포구 영중로10길 40 (영등포동3가),근린생활1,제1종근린생활시설,102014435,지번
1156010100106180238,서울특별시 영등포구 영등포동,서울특별시 영등포구 영신로19길 11-2 (영등포동),근린생활2,제2종근린생활시설,102012801,지번
1156010100106180080,서울특별시 영등포구 영등포동,서울특별시 영등포구 영신로19길 5 (영등포동),근린생활2,제2종근린생활시설,102012733,지번
1156013200103240034,서울특별시 영등포구 신길동,서울특별시 영등포구 가마산로 453-2 (신길동),근린생활1,제1종근린생활시설,1020123164,지번
1156010300100940114,서울특별시 영등포구 영등포동2가,서울특별시 영등포구 버드나루로12가길 32 (영등포동2가),근린생활2,제2종근린생활시설,102013759,지번
1156010300101970000,서울특별시 영등포구 영등포동2가,서울특별시 영등포구 영등포로53길 11-1 (영등포동2가),근린생활1,제1종근린생활시설,102013922,지번
1156010500101190000,서울특별시 영등포구 영등포동4가,서울특별시 영등포구 영신로32길 10 (영등포동4가),근린생활2,제2종근린생활시설,102014712,지번
1156010400100210003,서울특별시 영등포구 영등포동3가,서울특별시 영등포구 영중로4길 9-4 (영등포동3가),근린생활2,제2종근린생활시설,102014513,지번
1156010400100150001,서울특별시 영등포구 영등포동3가,서울특별시 영등포구 영중로10길 26 (영등포동3가),근린생활1,제1종근린생활시설,102014461,지번
1156013200102620051,서울특별시 영등포구 신길동,서울특별시 영등포구 가마산로 469-1 (신길동),근린생활1,제1종근린생활시설,1020122360,지번
1156011800101410150,서울특별시 영등포구 도림동,서울특별시 영등포구 도신로 103 (도림동),근린생활1,제1종근린생활시설,1020111641,지번
1156013200102620037,서울특별시 영등포구 신길동,서울특별시 영등포구 가마산로 471-4 (신길동),근린생활1,제1종근린생활시설,1020122350,지번
1156010100104230105,서울특별시 영등포구 영등포동,서울특별시 영등포구 경인로 836-2 (영등포동),근린생활2,제2종근린생활시설,102012300,지번
1156013200102620055,서울특별시 영등포구 신길동,서울특별시 영등포구 가마산로69길 2 (신길동),근린생활2,제2종근린생활시설,1020122363,지번
1156013200104200044,서울특별시 영등포구 신길동,서울특별시 영등포구 도림로77길 2 (신길동),근린생활1,제1종근린생활시설,1020125139,지번
1156011100101030003,서울특별시 영등포구 당산동1가,서울특별시 영등포구 영신로37길 2 (당산동1가),근린생활1,제1종근린생활시설,102017501,지번
1156010700101210002,서울특별시 영등포구 영등포동6가,서울특별시 영등포구 영신로40길 3 (영등포동6가),근린생활2,제2종근린생활시설,102015751,지번
1156013300106710001,서울특별시 영등포구 대림동,서울특별시 영등포구 가마산로48길 8 (대림동),근린생활1,제1종근린생활시설,1020130378,지번
1156013300106760001,서울특별시 영등포구 대림동,서울특별시 영등포구 가마산로46길 16-3 (대림동),근린생활1,제1종근린생활시설,1020130413,지번
1156013300106710005,서울특별시 영등포구 대림동,서울특별시 영등포구 가마산로48길 4-19 (대림동),근린생활1,제1종근린생활시설,1020130382,지번
1156013300106770007,서울특별시 영등포구 대림동,서울특별시 영등포구 가마산로46길 16-2 (대림동),근린생활1,제1종근린생활시설,1020130436,지번
1156010300100940247,서울특별시 영등포구 영등포동2가,서울특별시 영등포구 버드나루로12가길 31 (영등포동2가),근린생활1,제1종근린생활시설,102013797,지번
1156013200101370014,서울특별시 영등포구 신길동,서울특별시 영등포구 도신로60길 20 (신길동),근린생활1,제1종근린생활시설,1020119551,지번
1156013200113300000,서울특별시 영등포구 신길동,서울특별시 영등포구 영등포로 416 (신길동),근린생활1,제1종근린생활시설,1020126477,지번
1156013200105650000,서울특별시 영등포구 신길동,서울특별시 영등포구 여의대방로35길 5 (신길동),근린생활1,단독주택,1000000000000002281593,지번
1156013200101540015,서울특별시 영등포구 신길동,서울특별시 영등포구 도신로58길 10 (신길동),근린생활1,제1종근린생활시설,1020120002,지번
1156013200100950096,서울특별시 영등포구 신길동,서울특별시 영등포구 영등포로72길 17 (신길동),근린생활2,제2종근린생활시설,1020119029,지번
1156010600100010000,서울특별시 영등포구 영등포동5가,서울특별시 영등포구 영등포로 237 (영등포동5가),근린생활2,제2종근린생활시설,102014926,지번
1156010400100100033,서울특별시 영등포구 영등포동3가,서울특별시 영등포구 영중로2길 9 (영등포동3가),근린생활1,제1종근린생활시설,102014386,지번
1156010300100940132,서울특별시 영등포구 영등포동2가,서울특별시 영등포구 버드나루로4길 9 (영등포동2가),근린생활1,제1종근린생활시설,102013769,지번
1156010300102200000,서울특별시 영등포구 영등포동2가,서울특별시 영등포구 영등포로51길 6-1 (영등포동2가),근린생활1,제1종근린생활시설,102013946,지번
1156013200100040018,서울특별시 영등포구 신길동,서울특별시 영등포구 여의대방로59나길 2 (신길동),근린생활1,제1종근린생활시설,1020118096,지번
1156010400100040004,서울특별시 영등포구 영등포동3가,서울특별시 영등포구 영등포로 236 (영등포동3가),판매시설,판매시설,102014289,지번
1156010300100340083,서울특별시 영등포구 영등포동2가,서울특별시 영등포구 영등포로45길 8-2 (영등포동2가),근린생활1,제1종근린생활시설,102013693,지번
1156010600100420011,서울특별시 영등포구 영등포동5가,서울특별시 영등포구 영중로18길 8 (영등포동5가),근린생활2,제2종근린생활시설,102015209,지번
1156010700100690001,서울특별시 영등포구 영등포동6가,서울특별시 영등포구 영등포로35길 7 (영등포동6가),근린생활1,제1종근린생활시설,102015625,지번
1156010600100340034,서울특별시 영등포구 영등포동5가,서울특별시 영등포구 영등포로45길 11-1 (영등포동5가),근린생활1,제1종근린생활시설,102015135,지번
1156010400100090038,서울특별시 영등포구 영등포동3가,서울특별시 영등포구 영중로 16 (영등포동3가),근린생활1,제1종근린생활시설,102014354,지번
1156010400100090038,서울특별시 영등포구 영등포동3가,서울특별시 영등포구 영중로 16 (영등포동3가),근린생활1,제2종근린생활시설,102014355,지번
1156010400100090038,서울특별시 영등포구 영등포동3가,서울특별시 영등포구 영중로 16 (영등포동3가),근린생활1,제1종근린생활시설,102014356,지번
1156013200102620053,서울특별시 영등포구 신길동,서울특별시 영등포구 가마산로 467-1 (신길동),근린생활2,제2종근린생활시설,1020122361,지번
1156013300106760003,서울특별시 영등포구 대림동,서울특별시 영등포구 가마산로46길 16 (대림동),근린생활2,제2종근린생활시설,1020130415,지번
1156011900100220018,서울특별시 영등포구 문래동1가,서울특별시 영등포구 경인로 782 (문래동1가),근린생활2,제2종근린생활시설,1020113304,지번
1156011800101440175,서울특별시 영등포구 도림동,서울특별시 영등포구 도림로 356 (도림동),근린생활2,제2종근린생활시설,1020111784,지번
1156010500101630008,서울특별시 영등포구 영등포동4가,서울특별시 영등포구 영신로32길 8-1 (영등포동4가),근린생활1,제1종근린생활시설,102014786,지번
1156010700101470003,서울특별시 영등포구 영등포동6가,서울특별시 영등포구 양산로 178 (영등포동6가),근린생활1,제1종근린생활시설,102015808,지번
1156010500101490000,서울특별시 영등포구 영등포동4가,서울특별시 영등포구 영등포로34길 3 (영등포동4가),근린생활1,제1종근린생활시설,102014749,지번
1156013200103630004,서울특별시 영등포구 신길동,서울특별시 영등포구 도림로 326 (신길동),근린생활1,제1종근린생활시설,1020124541,지번
1156013200103550092,서울특별시 영등포구 신길동,서울특별시 영등포구 가마산로 399 (신길동),근린생활1,제1종근린생활시설,1020124201,지번
1156013300106760015,서울특별시 영등포구 대림동,서울특별시 영등포구 가마산로46길 18-2 (대림동),근린생활1,제1종근린생활시설,1020130427,지번
1156011100102230000,서울특별시 영등포구 당산동1가,서울특별시 영등포구 영신로47길 12-1 (당산동1가),근린생활1,제1종근린생활시설,102017765,지번
1156013200101920009,서울특별시 영등포구 신길동,서울특별시 영등포구 도신로 197 (신길동),근린생활1,제1종근린생활시설,1020120911,지번
1156013200101860147,서울특별시 영등포구 신길동,서울특별시 영등포구 신길로60마길 6 (신길동),근린생활1,단독주택,1020120381,지번
1156013200104690002,서울특별시 영등포구 신길동,서울특별시 영등포구 영등포로84길 4 (신길동),근린생활1,제1종근린생활시설,1020125923,지번
1156010400100130011,서울특별시 영등포구 영등포동3가,서울특별시 영등포구 영등포로50길 11 (영등포동3가),근린생활2,제2종근린생활시설,102014444,지번
1156010300100940134,서울특별시 영등포구 영등포동2가,서울특별시 영등포구 버드나루로12가길 43 (영등포동2가),근린생활1,제1종근린생활시설,102013770,지번
1156010300100940145,서울특별시 영등포구 영등포동2가,서울특별시 영등포구 버드나루로 29 (영등포동2가),근린생활2,제2종근린생활시설,102013782,지번
1156013200101100008,서울특별시 영등포구 신길동,서울특별시 영등포구 도신로 240-1 (신길동),근린생활1,제1종근린생활시설,1020119236,지번
1156013200100950087,서울특별시 영등포구 신길동,서울특별시 영등포구 도신로64길 11 (신길동),근린생활1,제1종근린생활시설,1020119025,지번
1156013200101860119,서울특별시 영등포구 신길동,서울특별시 영등포구 신길로60마길 9 (신길동),근린생활1,단독주택,1020120365,지번
1156013200101970014,서울특별시 영등포구 신길동,서울특별시 영등포구 도신로48길 4 (신길동),근린생활1,제1종근린생활시설,1020121116,지번
1156013200100950121,서울특별시 영등포구 신길동,서울특별시 영등포구 영등포로80길 6 (신길동),근린생활2,제2종근린생활시설,1020129159,지번
1156013200100910018,서울특별시 영등포구 신길동,서울특별시 영등포구 도신로64길 24-2 (신길동),근린생활2,제2종근린생활시설,1020118815,지번
1156013200100440003,서울특별시 영등포구 신길동,서울특별시 영등포구 영등포로60길 11 (신길동),근린생활2,제2종근린생활시설,1020129111,지번
1156013200101170019,서울특별시 영등포구 신길동,서울특별시 영등포구 도신로60길 15-2 (신길동),근린생활1,제1종근린생활시설,1020119388,지번
1156010100106180070,서울특별시 영등포구 영등포동,서울특별시 영등포구 영신로17길 8-1 (영등포동),근린생활2,제2종근린생활시설,102012726,지번
1156013200100950066,서울특별시 영등포구 신길동,서울특별시 영등포구 영등포로72길 3 (신길동),근린생활2,제2종근린생활시설,1020119015,지번
1156013200100950076,서울특별시 영등포구 신길동,서울특별시 영등포구 영등포로72길 13 (신길동),근린생활1,제1종근린생활시설,1020119018,지번
1156013200107180000,서울특별시 영등포구 신길동,서울특별시 영등포구 여의대방로 181-1 (신길동),근린생활1,제1종근린생활시설,1020126171,지번
1156013200104680003,서울특별시 영등포구 신길동,서울특별시 영등포구 영등포로86가길 12 (신길동),근린생활1,제1종근린생활시설,1020125918,지번
1156010400100210002,서울특별시 영등포구 영등포동3가,서울특별시 영등포구 영중로4길 9-2 (영등포동3가),근린생활2,제2종근린생활시설,102014512,지번
1156010700100960004,서울특별시 영등포구 영등포동6가,서울특별시 영등포구 영신로 152 (영등포동6가),근린생활1,제1종근린생활시설,102015709,지번
1156013200103550633,서울특별시 영등포구 신길동,서울특별시 영등포구 가마산로 408 (신길동),근린생활1,제1종근린생활시설,1020124490,지번
1156011900100220016,서울특별시 영등포구 문래동1가,서울특별시 영등포구 경인로 784-1 (문래동1가),근린생활1,제1종근린생활시설,1020113302,지번
1156013300106780000,서울특별시 영등포구 대림동,서울특별시 영등포구 가마산로46길 10-13 (대림동),근린생활1,제1종근린생활시설,1020130440,지번
1156013300106810006,서울특별시 영등포구 대림동,서울특별시 영등포구 가마산로46길 6 (대림동),근린생활1,제1종근린생활시설,1020130476,지번
1156013300106710002,서울특별시 영등포구 대림동,서울특별시 영등포구 가마산로48길 8-1 (대림동),근린생활1,제1종근린생활시설,1020130379,지번
1156010300102450005,서울특별시 영등포구 영등포동2가,서울특별시 영등포구 영등포로53길 24 (영등포동2가),근린생활1,제1종근린생활시설,102013983,지번
1156010600100260007,서울특별시 영등포구 영등포동5가,서울특별시 영등포구 영등포로37길 5 (영등포동5가),근린생활2,제2종근린생활시설,102015027,지번
1156010600100260007,서울특별시 영등포구 영등포동5가,서울특별시 영등포구 영등포로37길 5 (영등포동5가),근린생활2,제1종근린생활시설,102015028,지번
1156010600100410017,서울특별시 영등포구 영등포동5가,서울특별시 영등포구 영중로14길 11-7 (영등포동5가),근린생활1,제1종근린생활시설,102015191,지번
1156010600100260003,서울특별시 영등포구 영등포동5가,서울특별시 영등포구 영중로18길 2 (영등포동5가),근린생활1,제1종근린생활시설,102015023,지번
1156010400100100003,서울특별시 영등포구 영등포동3가,서울특별시 영등포구 경인로 857 (영등포동3가),근린생활2,제2종근린생활시설,102014362,지번
1156010400100100024,서울특별시 영등포구 영등포동3가,서울특별시 영등포구 영중로4길 6 (영등포동3가),근린생활1,제1종근린생활시설,102014376,지번
1156010400100090019,서울특별시 영등포구 영등포동3가,서울특별시 영등포구 영중로4길 1 (영등포동3가),근린생활1,제1종근린생활시설,102014347,지번
1156010400100090019,서울특별시 영등포구 영등포동3가,서울특별시 영등포구 영중로4길 1 (영등포동3가),근린생활1,제1종근린생활시설,102014348,지번
1156010400100230022,서울특별시 영등포구 영등포동3가,서울특별시 영등포구 영중로6길 23-6 (영등포동3가),근린생활1,제1종근린생활시설,102014603,지번
1156010600100290000,서울특별시 영등포구 영등포동5가,서울특별시 영등포구 영등포로37길 10 (영등포동5가),근린생활1,제1종근린생활시설,102015034,지번
1156010600100290000,서울특별시 영등포구 영등포동5가,서울특별시 영등포구 영등포로37길 10 (영등포동5가),근린생활1,제1종근린생활시설,102015035,지번
1156010600100290000,서울특별시 영등포구 영등포동5가,서울특별시 영등포구 영등포로37길 10 (영등포동5가),근린생활1,단독주택,102015036,지번
1156010600100070000,서울특별시 영등포구 영등포동5가,서울특별시 영등포구 영중로14길 22 (영등포동5가),근린생활2,제2종근린생활시설,102014947,지번
1156010400100270004,서울특별시 영등포구 영등포동3가,서울특별시 영등포구 영중로6길 23 (영등포동3가),근린생활1,제1종근린생활시설,102014557,지번
1156010500100680005,서울특별시 영등포구 영등포동4가,서울특별시 영등포구 영등포로 204 (영등포동4가),근린생활1,제1종근린생활시설,102014631,지번
1156010500100980002,서울특별시 영등포구 영등포동4가,서울특별시 영등포구 영신로30길 30 (영등포동4가),근린생활1,제1종근린생활시설,102014661,지번
1156010500100960000,서울특별시 영등포구 영등포동4가,서울특별시 영등포구 영신로30길 27 (영등포동4가),근린생활1,제1종근린생활시설,102014654,지번
1156013200103420337,서울특별시 영등포구 신길동,서울특별시 영등포구 도림로 268-2 (신길동),근린생활2,제2종근린생활시설,1020123973,지번
1156010500104310008,서울특별시 영등포구 영등포동4가,서울특별시 영등포구 영중로3길 11 (영등포동4가),근린생활1,단독주택,102014886,지번
1156010500104310008,서울특별시 영등포구 영등포동4가,서울특별시 영등포구 영중로3길 11 (영등포동4가),근린생활1,단독주택,102014887,지번
1156010500104310008,서울특별시 영등포구 영등포동4가,서울특별시 영등포구 영중로3길 11 (영등포동4가),근린생활1,제1종근린생활시설,102014888,지번
1156010500104310008,서울특별시 영등포구 영등포동4가,서울특별시 영등포구 영중로3길 11 (영등포동4가),근린생활1,단독주택,102014889,지번
1156013200102230024,서울특별시 영등포구 신길동,서울특별시 영등포구 신길로 181 (신길동),근린생활1,제1종근린생활시설,1020121718,지번
1156010300100940117,서울특별시 영등포구 영등포동2가,서울특별시 영등포구 버드나루로 44 (영등포동2가),근린생활2,제2종근린생활시설,102014230,지번
1156010300100940140,서울특별시 영등포구 영등포동2가,서울특별시 영등포구 버드나루로 32 (영등포동2가),근린생활2,제2종근린생활시설,102013777,지번
1156013200101000021,서울특별시 영등포구 신길동,서울특별시 영등포구 도신로 258 (신길동),근린생활1,제2종근린생활시설,1000000000000006949485,지번
1156013200100950062,서울특별시 영등포구 신길동,서울특별시 영등포구 영등포로 370 (신길동),근린생활2,제2종근린생활시설,1020119013,지번
1156013200101190005,서울특별시 영등포구 신길동,서울특별시 영등포구 도신로62길 21 (신길동),근린생활1,제1종근린생활시설,1020119401,지번
1156013200101960005,서울특별시 영등포구 신길동,서울특별시 영등포구 도신로 198 (신길동),근린생활1,제1종근린생활시설,1020121077,지번
1156013200100650082,서울특별시 영등포구 신길동,서울특별시 영등포구 영등포로 383 (신길동),근린생활2,제2종근린생활시설,1020118547,지번
1156010100106180167,서울특별시 영등포구 영등포동,서울특별시 영등포구 영신로20가길 5-4 (영등포동),근린생활2,제2종근린생활시설,10201100190914,지번
1156010100104230103,서울특별시 영등포구 영등포동,서울특별시 영등포구 경인로 838-1 (영등포동),근린생활1,제1종근린생활시설,102012297,지번
1156010100104230103,서울특별시 영등포구 영등포동,서울특별시 영등포구 경인로102길 8 (영등포동),근린생활1,숙박시설,102012298,지번
1156011800101020001,서울특별시 영등포구 도림동,서울특별시 영등포구 도신로29다길 11-2 (도림동),근린생활1,제1종근린생활시설,1020111219,지번
1156013200103050018,서울특별시 영등포구 신길동,서울특별시 영등포구 가마산로61라길 11 (신길동),근린생활1,제1종근린생활시설,1020122893,지번
1156013200102340005,서울특별시 영등포구 신길동,서울특별시 영등포구 신길로37길 4 (신길동),근린생활1,제1종근린생활시설,1020122010,지번
1156010500101620001,서울특별시 영등포구 영등포동4가,서울특별시 영등포구 영등포로34길 12 (영등포동4가),근린생활2,제2종근린생활시설,102014779,지번
1156010500101160007,서울특별시 영등포구 영등포동4가,서울특별시 영등포구 영신로32길 18 (영등포동4가),근린생활2,제2종근린생활시설,102014703,지번
1156011100102240000,서울특별시 영등포구 당산동1가,서울특별시 영등포구 영신로47길 12 (당산동1가),근린생활2,제2종근린생활시설,102017778,지번
1156011100102000019,서울특별시 영등포구 당산동1가,서울특별시 영등포구 영신로47길 10 (당산동1가),근린생활2,제2종근린생활시설,102017743,지번
1156013200103550255,서울특별시 영등포구 신길동,서울특별시 영등포구 도림로 314-1 (신길동),근린생활1,제1종근린생활시설,1020124299,지번
1156011100100940002,서울특별시 영등포구 당산동1가,서울특별시 영등포구 영신로39길 5-1 (당산동1가),근린생활1,업무시설,1000000000000003587542,지번
1156010700101070001,서울특별시 영등포구 영등포동6가,서울특별시 영등포구 영신로40길 4-9 (영등포동6가),근린생활1,제1종근린생활시설,102015730,지번
1156013200103550079,서울특별시 영등포구 신길동,서울특별시 영등포구 가마산로51길 17 (신길동),근린생활2,제2종근린생활시설,1020124196,지번
1156013300106740001,서울특별시 영등포구 대림동,서울특별시 영등포구 가마산로48길 18 (대림동),근린생활1,제1종근린생활시설,1020130398,지번
1156013300106760006,서울특별시 영등포구 대림동,서울특별시 영등포구 가마산로46길 20 (대림동),근린생활1,제1종근린생활시설,1020130418,지번
1156013300106760004,서울특별시 영등포구 대림동,서울특별시 영등포구 가마산로46길 18 (대림동),근린생활1,제1종근린생활시설,1020130416,지번
1156010300100280150,서울특별시 영등포구 영등포동2가,서울특별시 영등포구 국회대로54길 41-16 (영등포동2가),근린생활1,제1종근린생활시설,102013612,지번
1156010600100450001,서울특별시 영등포구 영등포동5가,서울특별시 영등포구 양산로 202 (영등포동5가),근린생활1,제1종근린생활시설,102015235,지번
1156010600101140000,서울특별시 영등포구 영등포동5가,서울특별시 영등포구 영중로22길 6 (영등포동5가),근린생활2,제2종근린생활시설,102015324,지번
1156010300102890000,서울특별시 영등포구 영등포동2가,서울특별시 영등포구 영등포로51길 21 (영등포동2가),근린생활1,제1종근린생활시설,102014046,지번
1156010600100410011,서울특별시 영등포구 영등포동5가,서울특별시 영등포구 영중로14길 11-13 (영등포동5가),근린생활2,제2종근린생활시설,102015185,지번
1156010400100030012,서울특별시 영등포구 영등포동3가,서울특별시 영등포구 영중로10길 23 (영등포동3가),근린생활1,제1종근린생활시설,102014282,지번
1156010700100480002,서울특별시 영등포구 영등포동6가,서울특별시 영등포구 영등포로35길 21 (영등포동6가),근린생활1,제1종근린생활시설,102015566,지번
1156013200101690016,서울특별시 영등포구 신길동,서울특별시 영등포구 도신로65길 9-1 (신길동),근린생활2,제2종근린생활시설,1020120251,지번
1156010300102170000,서울특별시 영등포구 영등포동2가,서울특별시 영등포구 영등포로51길 10 (영등포동2가),근린생활2,제2종근린생활시설,102013943,지번
1156010300103250000,서울특별시 영등포구 영등포동2가,서울특별시 영등포구 영중로14길 5 (영등포동2가),근린생활1,제1종근린생활시설,102014094,지번
1156010400100110011,서울특별시 영등포구 영등포동3가,서울특별시 영등포구 영중로4길 20-1 (영등포동3가),근린생활1,제1종근린생활시설,102014404,지번
1156010200100790001,서울특별시 영등포구 영등포동1가,서울특별시 영등포구 경인로114가길 4 (영등포동1가),근린생활2,제2종근린생활시설,102013428,지번
1156010200100400001,서울특별시 영등포구 영등포동1가,서울특별시 영등포구 경인로114가길 11-1 (영등포동1가),근린생활2,공동주택,102013541,지번
1156010200100400001,서울특별시 영등포구 영등포동1가,서울특별시 영등포구 경인로114가길 11 (영등포동1가),근린생활2,제2종근린생활시설,102013542,지번
1156010400100230009,서울특별시 영등포구 영등포동3가,서울특별시 영등포구 영중로6길 27-1 (영등포동3가),판매시설,판매시설,102014535,지번
1156011800101520232,서울특별시 영등포구 도림동,서울특별시 영등포구 도림로108길 5 (도림동),근린생활2,제2종근린생활시설,1020111925,지번
1156013200101110006,서울특별시 영등포구 신길동,서울특별시 영등포구 영등포로72길 14 (신길동),근린생활2,제2종근린생활시설,1020119257,지번
1156011800102470056,서울특별시 영등포구 도림동,서울특별시 영등포구 도신로15가길 15-1 (도림동),근린생활1,제1종근린생활시설,1020112871,지번
1156013200103550095,서울특별시 영등포구 신길동,서울특별시 영등포구 가마산로 397 (신길동),근린생활1,제1종근린생활시설,1020124203,지번
1156011100101580009,서울특별시 영등포구 당산동1가,서울특별시 영등포구 영신로39길 8 (당산동1가),근린생활2,제2종근린생활시설,102017571,지번
1156013200103550556,서울특별시 영등포구 신길동,서울특별시 영등포구 가마산로51길 6 (신길동),근린생활2,제2종근린생활시설,1020124462,지번
1156013200103550041,서울특별시 영등포구 신길동,서울특별시 영등포구 도림로 291 (신길동),근린생활2,제2종근린생활시설,1020124178,지번
1156013200103700020,서울특별시 영등포구 신길동,서울특별시 영등포구 가마산로51길 1 (신길동),근린생활1,제1종근린생활시설,1020124560,지번
1156011800102430008,서울특별시 영등포구 도림동,서울특별시 영등포구 도림로 345 (도림동),근린생활2,제2종근린생활시설,1020112799,지번
1156013200101880315,서울특별시 영등포구 신길동,서울특별시 영등포구 신길로60마길 3 (신길동),근린생활1,단독주택,1020120663,지번
1156013200101880315,서울특별시 영등포구 신길동,서울특별시 영등포구 신길로60마길 1 (신길동),근린생활1,단독주택,1020120664,지번
1156013300106720005,서울특별시 영등포구 대림동,서울특별시 영등포구 가마산로48길 4-20 (대림동),근린생활1,제1종근린생활시설,1020130393,지번
1156010400100150007,서울특별시 영등포구 영등포동3가,서울특별시 영등포구 영중로10길 28 (영등포동3가),근린생활2,제2종근린생활시설,102014464,지번
1156013200103470294,서울특별시 영등포구 신길동,서울특별시 영등포구 가마산로 439 (신길동),근린생활1,제1종근린생활시설,1020124149,지번
1156013200103420135,서울특별시 영등포구 신길동,서울특별시 영등포구 도림로 280 (신길동),근린생활1,제1종근린생활시설,1020123913,지번
1156013200101940030,서울특별시 영등포구 신길동,서울특별시 영등포구 도신로53길 13 (신길동),근린생활1,제1종근린생활시설,1020121048,지번
1156013200149020014,서울특별시 영등포구 신길동,서울특별시 영등포구 신길로38길 1 (신길동),근린생활1,제1종근린생활시설,1020128885,지번
1156013200101370003,서울특별시 영등포구 신길동,서울특별시 영등포구 도신로56가길 10 (신길동),근린생활1,제1종근린생활시설,1020119544,지번
1156013200101600038,서울특별시 영등포구 신길동,서울특별시 영등포구 도신로 208 (신길동),근린생활2,제2종근린생활시설,1020120173,지번
1156013200100310031,서울특별시 영등포구 신길동,서울특별시 영등포구 영등포로60길 15-4 (신길동),근린생활1,제1종근린생활시설,1020118262,지번
1156013200101150032,서울특별시 영등포구 신길동,서울특별시 영등포구 도신로58길 13 (신길동),근린생활1,제1종근린생활시설,1020119377,지번
1156013200101620010,서울특별시 영등포구 신길동,서울특별시 영등포구 도신로 225-1 (신길동),근린생활2,제2종근린생활시설,1020120178,지번
1156013200101630021,서울특별시 영등포구 신길동,서울특별시 영등포구 도신로 229 (신길동),근린생활1,제1종근린생활시설,1020120198,지번
1156013200101130023,서울특별시 영등포구 신길동,서울특별시 영등포구 도신로64길 8 (신길동),근린생활1,제1종근린생활시설,1020119273,지번
1156013200100880003,서울특별시 영등포구 신길동,서울특별시 영등포구 여의대방로53길 35 (신길동),근린생활1,제1종근린생활시설,1020118665,지번
1156011100102000010,서울특별시 영등포구 당산동1가,서울특별시 영등포구 양산로 162-1 (당산동1가),근린생활1,제1종근린생활시설,102017738,지번
1156013200103550142,서울특별시 영등포구 신길동,서울특별시 영등포구 도림로 279 (신길동),근린생활1,제1종근린생활시설,1020124237,지번
1156011100102270000,서울특별시 영등포구 당산동1가,서울특별시 영등포구 영신로47길 11-1 (당산동1가),근린생활1,제1종근린생활시설,102017782,지번
1156011100101910010,서울특별시 영등포구 당산동1가,서울특별시 영등포구 영신로45길 2 (당산동1가),근린생활1,제1종근린생활시설,102017717,지번
1156013200103550631,서울특별시 영등포구 신길동,서울특별시 영등포구 가마산로 412 (신길동),근린생활1,제1종근린생활시설,1020124457,지번
1156013200103620022,서울특별시 영등포구 신길동,서울특별시 영등포구 도신로 86 (신길동),근린생활1,제1종근린생활시설,1020124539,지번
1156013200103550001,서울특별시 영등포구 신길동,서울특별시 영등포구 도림로 320 (신길동),근린생활2,제2종근린생활시설,1020124168,지번
1156013300106780005,서울특별시 영등포구 대림동,서울특별시 영등포구 대림로34자길 7 (대림동),근린생활1,제1종근린생활시설,1020130444,지번
1156013200103620021,서울특별시 영등포구 신길동,서울특별시 영등포구 도신로 88 (신길동),근린생활1,제1종근린생활시설,1020124538,지번
1156011800102460025,서울특별시 영등포구 도림동,서울특별시 영등포구 도신로19길 6 (도림동),근린생활1,제1종근린생활시설,1020112821,지번
1156013200101370031,서울특별시 영등포구 신길동,서울특별시 영등포구 도신로58길 27-1 (신길동),근린생활1,제1종근린생활시설,1020119566,지번
1156013200101960007,서울특별시 영등포구 신길동,서울특별시 영등포구 도신로48길 3 (신길동),근린생활1,제1종근린생활시설,1020121079,지번
1156010600100340033,서울특별시 영등포구 영등포동5가,서울특별시 영등포구 영등포로43길 14 (영등포동5가),근린생활1,제1종근린생활시설,102015134,지번
1156013200104000003,서울특별시 영등포구 신길동,서울특별시 영등포구 도림로 268 (신길동),근린생활2,제2종근린생활시설,1020124608,지번
1156013200103550149,서울특별시 영등포구 신길동,서울특별시 영등포구 도림로 275 (신길동),근린생활1,제1종근린생활시설,1020124243,지번
1156013200102960012,서울특별시 영등포구 신길동,서울특별시 영등포구 도신로 106 (신길동),근린생활1,제1종근린생활시설,1020122770,지번
1156013200100950078,서울특별시 영등포구 신길동,서울특별시 영등포구 영등포로72길 15 (신길동),근린생활1,제1종근린생활시설,1020119020,지번
1156010300103090000,서울특별시 영등포구 영등포동2가,서울특별시 영등포구 영등포로49길 7 (영등포동2가),근린생활1,제1종근린생활시설,102014071,지번
1156010300103320001,서울특별시 영등포구 영등포동2가,서울특별시 영등포구 영등포로 251-1 (영등포동2가),근린생활1,제1종근린생활시설,102014117,지번
1156010300103240000,서울특별시 영등포구 영등포동2가,서울특별시 영등포구 영중로14길 37 (영등포동2가),근린생활1,단독주택,102014092,지번
1156010300103240000,서울특별시 영등포구 영등포동2가,서울특별시 영등포구 영중로14길 37-1 (영등포동2가),근린생활1,제1종근린생활시설,102014093,지번
1156010300101830002,서울특별시 영등포구 영등포동2가,서울특별시 영등포구 영등포로51길 7 (영등포동2가),근린생활2,제2종근린생활시설,102013897,지번
1156010300101450000,서울특별시 영등포구 영등포동2가,서울특별시 영등포구 버드나루로 1 (영등포동2가),근린생활1,제1종근린생활시설,102013845,지번
1156013200100960024,서울특별시 영등포구 신길동,서울특별시 영등포구 영등포로 380 (신길동),근린생활2,제2종근린생활시설,1020119144,지번
1156010100106180065,서울특별시 영등포구 영등포동,서울특별시 영등포구 영신로 37-1 (영등포동),근린생활1,제1종근린생활시설,102012721,지번
1156010100106180234,서울특별시 영등포구 영등포동,서울특별시 영등포구 영신로20길 4 (영등포동),근린생활2,제2종근린생활시설,102012799,지번
1156013200103080002,서울특별시 영등포구 신길동,서울특별시 영등포구 가마산로61길 19 (신길동),근린생활1,제1종근린생활시설,1020122909,지번
1156013200100950152,서울특별시 영등포구 신길동,서울특별시 영등포구 영등포로80길 12-1 (신길동),근린생활2,제2종근린생활시설,1020119058,지번
1156013200106440000,서울특별시 영등포구 신길동,서울특별시 영등포구 여의대방로 163 (신길동),근린생활2,제2종근린생활시설,1020126101,지번
1156010400100100041,서울특별시 영등포구 영등포동3가,서울특별시 영등포구 경인로 861-3 (영등포동3가),근린생활2,제2종근린생활시설,102014392,지번
1156011800101370013,서울특별시 영등포구 도림동,서울특별시 영등포구 도림로108다길 2 (도림동),근린생활1,제1종근린생활시설,1020111488,지번
1156011800101130018,서울특별시 영등포구 도림동,서울특별시 영등포구 도신로29길 6 (도림동),근린생활1,제1종근린생활시설,1020111295,지번
1156013200102960014,서울특별시 영등포구 신길동,서울특별시 영등포구 도신로 108 (신길동),근린생활1,제1종근린생활시설,1020122772,지번
1156010300100940107,서울특별시 영등포구 영등포동2가,서울특별시 영등포구 버드나루로12가길 33 (영등포동2가),근린생활1,제1종근린생활시설,102013752,지번
1156010800100290101,서울특별시 영등포구 영등포동7가,서울특별시 영등포구 버드나루로7길 12-1 (영등포동7가),근린생활1,제1종근린생활시설,102015871,지번
1156013200102560002,서울특별시 영등포구 신길동,서울특별시 영등포구 신길로39길 8 (신길동),근린생활2,제2종근린생활시설,1020122276,지번
1156011800100800026,서울특별시 영등포구 도림동,서울특별시 영등포구 도신로29길 4 (도림동),근린생활1,제1종근린생활시설,1020111122,지번
1156013200103080036,서울특별시 영등포구 신길동,서울특별시 영등포구 가마산로61길 24 (신길동),근린생활1,제1종근린생활시설,1020122927,지번
1156013200103150080,서울특별시 영등포구 신길동,서울특별시 영등포구 가마산로61나길 9-2 (신길동),근린생활1,제1종근린생활시설,1020123055,지번
1156013200149020016,서울특별시 영등포구 신길동,서울특별시 영등포구 신길로38길 3-1 (신길동),근린생활1,제1종근린생활시설,1020128887,지번
1156013200149030012,서울특별시 영등포구 신길동,서울특별시 영등포구 신길로38길 5 (신길동),근린생활1,제1종근린생활시설,1020128897,지번
1156013200102460015,서울특별시 영등포구 신길동,서울특별시 영등포구 가마산로 515-2 (신길동),근린생활1,제1종근린생활시설,1020122168,지번
1156013200101100005,서울특별시 영등포구 신길동,서울특별시 영등포구 도신로 235 (신길동),근린생활1,제1종근린생활시설,1020119233,지번
1156013200101880318,서울특별시 영등포구 신길동,서울특별시 영등포구 신길로60길 11 (신길동),근린생활1,제1종근린생활시설,1020120667,지번
1156010100105750012,서울특별시 영등포구 영등포동,서울특별시 영등포구 영등포로62길 27 (영등포동),근린생활1,제1종근린생활시설,102012373,지번
1156013200100990007,서울특별시 영등포구 신길동,서울특별시 영등포구 영등포로 369 (신길동),근린생활1,제1종근린생활시설,1020119204,지번
1156010100106180217,서울특별시 영등포구 영등포동,서울특별시 영등포구 영신로19길 14-1 (영등포동),근린생활2,제2종근린생활시설,10201100189317,지번
1156010300100940118,서울특별시 영등포구 영등포동2가,서울특별시 영등포구 버드나루로 48 (영등포동2가),근린생활1,제1종근린생활시설,102013762,지번
1156011100101910001,서울특별시 영등포구 당산동1가,서울특별시 영등포구 영신로 169-1 (당산동1가),근린생활1,제1종근린생활시설,102017710,지번
1156013200100950058,서울특별시 영등포구 신길동,서울특별시 영등포구 영등포로74길 13 (신길동),근린생활1,제1종근린생활시설,1020119012,지번
1156013200101540014,서울특별시 영등포구 신길동,서울특별시 영등포구 도신로56길 9 (신길동),근린생활1,제1종근린생활시설,1020120001,지번
1156013200100950153,서울특별시 영등포구 신길동,서울특별시 영등포구 영등포로80길 14 (신길동),근린생활1,제1종근린생활시설,1020119059,지번
1156013200100950200,서울특별시 영등포구 신길동,서울특별시 영등포구 영등포로80길 11 (신길동),근린생활2,제2종근린생활시설,1020119081,지번
1156010600100630000,서울특별시 영등포구 영등포동5가,서울특별시 영등포구 영중로24길 5-1 (영등포동5가),근린생활2,제2종근린생활시설,102015280,지번
1156010600100870000,서울특별시 영등포구 영등포동5가,서울특별시 영등포구 영중로22길 3 (영등포동5가),근린생활1,제1종근린생활시설,102015304,지번
1156010600100460002,서울특별시 영등포구 영등포동5가,서울특별시 영등포구 영중로24길 3 (영등포동5가),근린생활2,제2종근린생활시설,102015239,지번
1156010200100960004,서울특별시 영등포구 영등포동1가,서울특별시 영등포구 신길로 295-1 (영등포동1가),근린생활2,제2종근린생활시설,102013477,지번
1156011800101410120,서울특별시 영등포구 도림동,서울특별시 영등포구 도림로108나길 12 (도림동),근린생활1,제1종근린생활시설,1020111617,지번
1156011800102470015,서울특별시 영등포구 도림동,서울특별시 영등포구 도신로15가길 15-2 (도림동),근린생활1,제1종근린생활시설,1020112839,지번
1156013300106720007,서울특별시 영등포구 대림동,서울특별시 영등포구 가마산로46길 7 (대림동),근린생활1,제1종근린생활시설,1020130395,지번
1156011800101470039,서울특별시 영등포구 도림동,서울특별시 영등포구 도신로 97 (도림동),근린생활2,제2종근린생활시설,1020111820,지번
1156013200103550637,서울특별시 영등포구 신길동,서울특별시 영등포구 가마산로 404 (신길동),근린생활1,제1종근린생활시설,1020124493,지번
1156013200103080035,서울특별시 영등포구 신길동,서울특별시 영등포구 가마산로61길 22 (신길동),근린생활1,제1종근린생활시설,1020122926,지번
1156013200103250094,서울특별시 영등포구 신길동,서울특별시 영등포구 가마산로61길 1 (신길동),근린생활1,제1종근린생활시설,1020123220,지번
1156013200101140014,서울특별시 영등포구 신길동,서울특별시 영등포구 도신로62길 5 (신길동),근린생활2,제2종근린생활시설,1020119325,지번
1156013200102570041,서울특별시 영등포구 신길동,서울특별시 영등포구 신길로39길 14 (신길동),근린생활1,제1종근린생활시설,1020122308,지번
1156010600100410022,서울특별시 영등포구 영등포동5가,서울특별시 영등포구 영중로18길 12-1 (영등포동5가),근린생활2,제2종근린생활시설,102015194,지번
1156010400100150003,서울특별시 영등포구 영등포동3가,서울특별시 영등포구 영중로10길 28-1 (영등포동3가),근린생활2,제2종근린생활시설,102014466,지번
1156010400100190003,서울특별시 영등포구 영등포동3가,서울특별시 영등포구 영등포로42길 21-9 (영등포동3가),근린생활1,제1종근린생활시설,102014492,지번
1156013200103420338,서울특별시 영등포구 신길동,서울특별시 영등포구 도림로 278-3 (신길동),근린생활2,제2종근린생활시설,1020123974,지번
1156013200149030011,서울특별시 영등포구 신길동,서울특별시 영등포구 신길로38길 3-2 (신길동),근린생활2,제2종근린생활시설,1020128896,지번
1156013200101590004,서울특별시 영등포구 신길동,서울특별시 영등포구 도신로 214-1 (신길동),근린생활1,제1종근린생활시설,1020129199,지번
1156013200101590003,서울특별시 영등포구 신길동,서울특별시 영등포구 도신로 216 (신길동),근린생활1,제1종근린생활시설,1020120138,지번
1156013200107020000,서울특별시 영등포구 신길동,서울특별시 영등포구 여의대방로39길 2 (신길동),근린생활1,단독주택,1020126157,지번
1156013200107020000,서울특별시 영등포구 신길동,서울특별시 영등포구 여의대방로39길 2 (신길동),근린생활1,제1종근린생활시설,1020126158,지번
1156013200101880308,서울특별시 영등포구 신길동,서울특별시 영등포구 신길로60길 7-2 (신길동),근린생활1,제1종근린생활시설,1020120657,지번
1156010100106180153,서울특별시 영등포구 영등포동,서울특별시 영등포구 신길로61길 25 (영등포동),근린생활1,제1종근린생활시설,102012750,지번
1156013200101710009,서울특별시 영등포구 신길동,서울특별시 영등포구 영등포로62길 1 (신길동),근린생활1,제1종근린생활시설,1020120256,지번
1156013200104500034,서울특별시 영등포구 신길동,서울특별시 영등포구 영등포로84길 7 (신길동),근린생활1,제1종근린생활시설,1020125690,지번
1156010500100990000,서울특별시 영등포구 영등포동4가,서울특별시 영등포구 문래로 197 (영등포동4가),근린생활2,업무시설,10201100278008,지번
1156010500100990000,서울특별시 영등포구 영등포동4가,서울특별시 영등포구 문래로 197 (영등포동4가),근린생활2,제2종근린생활시설,102014665,지번
1156013300106720010,서울특별시 영등포구 대림동,서울특별시 영등포구 가마산로46길 3 (대림동),근린생활1,제1종근린생활시설,1020130397,지번
1156011800102460022,서울특별시 영등포구 도림동,서울특별시 영등포구 도신로19길 8 (도림동),근린생활1,제1종근린생활시설,1020112820,지번
1156010500101650000,서울특별시 영등포구 영등포동4가,서울특별시 영등포구 영신로 128 (영등포동4가),근린생활2,제2종근린생활시설,102014788,지번
1156013200102360029,서울특별시 영등포구 신길동,서울특별시 영등포구 신길로34길 13-1 (신길동),근린생활1,제1종근린생활시설,1020122051,지번
1156010600101250001,서울특별시 영등포구 영등포동5가,서울특별시 영등포구 영중로20길 9 (영등포동5가),근린생활2,제2종근린생활시설,102015341,지번
1156013200103420134,서울특별시 영등포구 신길동,서울특별시 영등포구 도림로 282 (신길동),근린생활1,제1종근린생활시설,1020123912,지번
1156013200103550165,서울특별시 영등포구 신길동,서울특별시 영등포구 도림로 273 (신길동),근린생활1,제1종근린생활시설,1020124256,지번
1156013200104000002,서울특별시 영등포구 신길동,서울특별시 영등포구 도림로 274 (신길동),근린생활2,제2종근린생활시설,1020124607,지번
1156013200103420133,서울특별시 영등포구 신길동,서울특별시 영등포구 도림로 278-5 (신길동),근린생활1,제1종근린생활시설,1020123911,지번
1156013200102630005,서울특별시 영등포구 신길동,서울특별시 영등포구 가마산로 460 (신길동),근린생활1,제1종근린생활시설,1020122375,지번
1156013200103190006,서울특별시 영등포구 신길동,서울특별시 영등포구 가마산로65길 6 (신길동),근린생활1,제1종근린생활시설,1020123097,지번
1156010600100270005,서울특별시 영등포구 영등포동5가,서울특별시 영등포구 영중로 54 (영등포동5가),근린생활1,제1종근린생활시설,102015032,지번
1156010400100050006,서울특별시 영등포구 영등포동3가,서울특별시 영등포구 영등포로 226-1 (영등포동3가),근린생활1,제1종근린생활시설,102014305,지번
1156010700100660001,서울특별시 영등포구 영등포동6가,서울특별시 영등포구 영등포로35길 9 (영등포동6가),근린생활1,제1종근린생활시설,102015608,지번
1156010400100100011,서울특별시 영등포구 영등포동3가,서울특별시 영등포구 경인로 849 (영등포동3가),근린생활1,제1종근린생활시설,102014370,지번
1156013200103140051,서울특별시 영등포구 신길동,서울특별시 영등포구 가마산로61길 7 (신길동),근린생활1,제1종근린생활시설,1020123020,지번
1156011800101410119,서울특별시 영등포구 도림동,서울특별시 영등포구 도림로108나길 14 (도림동),근린생활1,제1종근린생활시설,1020111616,지번
1156011800100750003,서울특별시 영등포구 도림동,서울특별시 영등포구 도신로 149 (도림동),근린생활1,제1종근린생활시설,1020111080,지번
1156010400100250000,서울특별시 영등포구 영등포동3가,서울특별시 영등포구 영등포로46길 7 (영등포동3가),근린생활2,제2종근린생활시설,102014545,지번
1156013200103250057,서울특별시 영등포구 신길동,서울특별시 영등포구 가마산로61길 5-1 (신길동),근린생활2,제2종근린생활시설,1020123199,지번
1156013200103080044,서울특별시 영등포구 신길동,서울특별시 영등포구 가마산로61다길 3-3 (신길동),근린생활1,제1종근린생활시설,1020122930,지번
1156010700100040002,서울특별시 영등포구 영등포동6가,서울특별시 영등포구 영등포로35길 6 (영등포동6가),근린생활1,제1종근린생활시설,102015451,지번
1156011900100020004,서울특별시 영등포구 문래동1가,서울특별시 영등포구 경인로96길 4-3 (문래동1가),근린생활2,제2종근린생활시설,1020113210,지번
1156011800101520002,서울특별시 영등포구 도림동,서울특별시 영등포구 도림로 342 (도림동),근린생활2,제2종근린생활시설,1020111854,지번
1156011800100800030,서울특별시 영등포구 도림동,서울특별시 영등포구 도신로 133 (도림동),근린생활1,제1종근린생활시설,1020111125,지번
1156013200101170001,서울특별시 영등포구 신길동,서울특별시 영등포구 도신로60길 15-14 (신길동),근린생활1,제1종근린생활시설,1020119381,지번
1156013200101560011,서울특별시 영등포구 신길동,서울특별시 영등포구 도신로 226 (신길동),근린생활1,제1종근린생활시설,1020120030,지번
1156013200101880378,서울특별시 영등포구 신길동,서울특별시 영등포구 신길로60길 14 (신길동),근린생활2,단독주택,1020120704,지번
1156010400100050010,서울특별시 영등포구 영등포동3가,서울특별시 영등포구 영등포로 228 (영등포동3가),판매시설,판매시설,102014587,지번
1156013200103470267,서울특별시 영등포구 신길동,서울특별시 영등포구 가마산로 435 (신길동),근린생활2,제2종근린생활시설,1020124134,지번
1156010500100670002,서울특별시 영등포구 영등포동4가,서울특별시 영등포구 영등포로 208-1 (영등포동4가),근린생활1,제1종근린생활시설,102014918,지번
1156010200101150001,서울특별시 영등포구 영등포동1가,서울특별시 영등포구 경인로108길 5-1 (영등포동1가),근린생활1,단독주택,102013512,지번
1156010200101150001,서울특별시 영등포구 영등포동1가,서울특별시 영등포구 경인로108길 5-1 (영등포동1가),근린생활1,제1종근린생활시설,102013513,지번
1156010100105700017,서울특별시 영등포구 영등포동,서울특별시 영등포구 영등포로62길 39 (영등포동),근린생활1,제1종근린생활시설,102012353,지번
1156010500104320012,서울특별시 영등포구 영등포동4가,서울특별시 영등포구 영중로3길 5 (영등포동4가),근린생활1,제1종근린생활시설,102014891,지번
1156010300101520000,서울특별시 영등포구 영등포동2가,서울특별시 영등포구 영중로14길 56-1 (영등포동2가),근린생활1,제1종근린생활시설,102013851,지번
1156013200101560008,서울특별시 영등포구 신길동,서울특별시 영등포구 도신로58길 2 (신길동),판매시설,판매시설,1020120029,지번
1156013200101940055,서울특별시 영등포구 신길동,서울특별시 영등포구 도신로53길 3 (신길동),근린생활1,제1종근린생활시설,1020121064,지번
1156013200100920020,서울특별시 영등포구 신길동,서울특별시 영등포구 도신로64길 18-1 (신길동),근린생활1,제1종근린생활시설,1020118849,지번
1156013200100950109,서울특별시 영등포구 신길동,서울특별시 영등포구 도신로64길 21-1 (신길동),근린생활1,제1종근린생활시설,1020119034,지번
1156013200100100015,서울특별시 영등포구 신길동,서울특별시 영등포구 여의대방로61길 42 (신길동),근린생활2,제2종근린생활시설,1020118228,지번
1156013200102330010,서울특별시 영등포구 신길동,서울특별시 영등포구 신길로 161 (신길동),근린생활2,제2종근린생활시설,1020121942,지번
1156013200101190006,서울특별시 영등포구 신길동,서울특별시 영등포구 도신로62길 22 (신길동),근린생활1,제1종근린생활시설,1020119403,지번
1156013200107040000,서울특별시 영등포구 신길동,서울특별시 영등포구 가마산로90길 9 (신길동),근린생활2,제2종근린생활시설,1020126160,지번
1156013200106960000,서울특별시 영등포구 신길동,서울특별시 영등포구 여의대방로39길 3 (신길동),근린생활1,제1종근린생활시설,1020126150,지번
1156013200104690001,서울특별시 영등포구 신길동,서울특별시 영등포구 영등포로 398 (신길동),근린생활1,제1종근린생활시설,1020125922,지번
1156013200100090128,서울특별시 영등포구 신길동,서울특별시 영등포구 여의대방로61길 34-1 (신길동),근린생활2,제2종근린생활시설,1020118208,지번
1156010700101210009,서울특별시 영등포구 영등포동6가,서울특별시 영등포구 영신로40길 5 (영등포동6가),근린생활2,제2종근린생활시설,102015760,지번
1156010600101280000,서울특별시 영등포구 영등포동5가,서울특별시 영등포구 영중로20길 11-1 (영등포동5가),근린생활1,제1종근린생활시설,102015346,지번
1156010500101170004,서울특별시 영등포구 영등포동4가,서울특별시 영등포구 영신로32길 12 (영등포동4가),근린생활1,제1종근린생활시설,102014709,지번
1156010700100750002,서울특별시 영등포구 영등포동6가,서울특별시 영등포구 영신로38길 14 (영등포동6가),근린생활2,제2종근린생활시설,102015636,지번
1156010600100180001,서울특별시 영등포구 영등포동5가,서울특별시 영등포구 영등포로 225 (영등포동5가),근린생활1,제1종근린생활시설,102015420,지번
1156013200103120033,서울특별시 영등포구 신길동,서울특별시 영등포구 가마산로61다길 5 (신길동),근린생활1,제1종근린생활시설,1020122983,지번
1156013200103420194,서울특별시 영등포구 신길동,서울특별시 영등포구 도림로 278-6 (신길동),근린생활1,제1종근린생활시설,1020123919,지번
1156010600100410021,서울특별시 영등포구 영등포동5가,서울특별시 영등포구 영중로16길 8-1 (영등포동5가),근린생활1,제1종근린생활시설,102015193,지번
1156010600100180065,서울특별시 영등포구 영등포동5가,서울특별시 영등포구 영등포로 225 (영등포동5가),판매시설,판매시설,102015421,지번
1156010500104350010,서울특별시 영등포구 영등포동4가,서울특별시 영등포구 영중로3길 14 (영등포동4가),근린생활2,제2종근린생활시설,102014907,지번
1156010400100100012,서울특별시 영등포구 영등포동3가,서울특별시 영등포구 경인로 847 (영등포동3가),근린생활1,제1종근린생활시설,102014371,지번
1156013200102960034,서울특별시 영등포구 신길동,서울특별시 영등포구 도신로 112 (신길동),근린생활1,제1종근린생활시설,1020122785,지번
1156010300103300000,서울특별시 영등포구 영등포동2가,서울특별시 영등포구 영등포로 243 (영등포동2가),근린생활1,업무시설,1000000000000003356683,지번
1156013200103210013,서울특별시 영등포구 신길동,서울특별시 영등포구 가마산로 459 (신길동),근린생활1,제1종근린생활시설,1020123139,지번
1156013200102330001,서울특별시 영등포구 신길동,서울특별시 영등포구 신길로 165 (신길동),근린생활1,제1종근린생활시설,1020121940,지번
1156010800100520010,서울특별시 영등포구 영등포동7가,서울특별시 영등포구 양산로 193 (영등포동7가),근린생활1,업무시설,1000000000000007067476,지번
1156011600101040013,서울특별시 영등포구 당산동6가,서울특별시 영등포구 당산로52길 25 (당산동6가),근린생활1,제1종근린생활시설,102019812,지번
1156011600103260009,서울특별시 영등포구 당산동6가,서울특별시 영등포구 당산로49길 12 (당산동6가),근린생활2,제2종근린생활시설,10201100189645,지번
1156010800100940081,서울특별시 영등포구 영등포동7가,서울특별시 영등포구 버드나루로10길 3 (영등포동7가),근린생활1,제1종근린생활시설,102016223,지번
1156010800100940323,서울특별시 영등포구 영등포동7가,서울특별시 영등포구 버드나루로 60 (영등포동7가),근린생활2,제2종근린생활시설,10201100188994,지번
1156010800100640044,서울특별시 영등포구 영등포동7가,서울특별시 영등포구 국회대로44길 9 (영등포동7가),근린생활1,제1종근린생활시설,102016031,지번
1156010800100940086,서울특별시 영등포구 영등포동7가,서울특별시 영등포구 버드나루로 62 (영등포동7가),근린생활1,제1종근린생활시설,102016226,지번
1156010800100680006,서울특별시 영등포구 영등포동7가,서울특별시 영등포구 국회대로46길 7 (영등포동7가),근린생활1,제1종근린생활시설,102016063,지번
1156010800100290035,서울특별시 영등포구 영등포동7가,서울특별시 영등포구 국회대로54길 5 (영등포동7가),근린생활2,제1종근린생활시설,1000000000000005531391,지번
1156010800100940179,서울특별시 영등포구 영등포동7가,서울특별시 영등포구 국회대로56길 17 (영등포동7가),근린생활2,제2종근린생활시설,102016244,지번
1156010800101050007,서울특별시 영등포구 영등포동7가,서울특별시 영등포구 국회대로52길 5 (영등포동7가),근린생활1,제1종근린생활시설,102016286,지번
1156010800100700012,서울특별시 영등포구 영등포동7가,서울특별시 영등포구 영중로 91-1 (영등포동7가),근린생활1,제1종근린생활시설,102016095,지번
1156010800100940084,서울특별시 영등포구 영등포동7가,서울특별시 영등포구 버드나루로12가길 18 (영등포동7가),근린생활1,제1종근린생활시설,102016225,지번
1156010800100940321,서울특별시 영등포구 영등포동7가,서울특별시 영등포구 버드나루로 68 (영등포동7가),근린생활1,제1종근린생활시설,102016266,지번
1156011600102200000,서울특별시 영등포구 당산동6가,서울특별시 영등포구 양평로 28-1 (당산동6가),근린생활1,제1종근린생활시설,102019939,지번
1156010800100940082,서울특별시 영등포구 영등포동7가,서울특별시 영등포구 버드나루로12가길 12 (영등포동7가),근린생활1,제1종근린생활시설,102016224,지번
1156012500100310008,서울특별시 영등포구 양평동1가,서울특별시 영등포구 선유로24길 1 (양평동1가),근린생활2,제2종근린생활시설,10201100250201,지번
1156010800100940274,서울특별시 영등포구 영등포동7가,서울특별시 영등포구 국회대로 674 (영등포동7가),근린생활2,제2종근린생활시설,102016256,지번
1156011400100320063,서울특별시 영등포구 당산동4가,서울특별시 영등포구 당산로38길 8 (당산동4가),근린생활2,제2종근린생활시설,102019311,지번
1156011300100050003,서울특별시 영등포구 당산동3가,,근린생활1,제1종근린생활시설,102018494,지번
1156011300100050003,서울특별시 영등포구 당산동3가,서울특별시 영등포구 양산로25길 2 (당산동3가),근린생활1,제1종근린생활시설,102018497,지번
1156011300100050003,서울특별시 영등포구 당산동3가,서울특별시 영등포구 양산로25길 2 (당산동3가),근린생활1,제1종근린생활시설,102018498,지번
1156011300100750003,서울특별시 영등포구 당산동3가,서울특별시 영등포구 양산로25길 11-1 (당산동3가),근린생활2,제2종근린생활시설,102018566,지번
1156010800100940071,서울특별시 영등포구 영등포동7가,서울특별시 영등포구 버드나루로8길 7 (영등포동7가),근린생활1,업무시설,1000000000000002513845,지번
1156010800100700008,서울특별시 영등포구 영등포동7가,서울특별시 영등포구 영중로 93-1 (영등포동7가),근린생활2,제2종근린생활시설,102016092,지번
1156010800100940090,서울특별시 영등포구 영등포동7가,서울특별시 영등포구 버드나루로 70 (영등포동7가),근린생활2,제2종근린생활시설,102016228,지번
1156010900100340005,서울특별시 영등포구 영등포동8가,서울특별시 영등포구 영신로54길 5-14 (영등포동8가),근린생활1,제1종근린생활시설,102016751,지번
1156011000100010000,서울특별시 영등포구 여의도동,서울특별시 영등포구 국회대로 741 (여의도동),근린생활1,위험물저장및처리시설,10201100255228,지번
1156011000100010000,서울특별시 영등포구 여의도동,서울특별시 영등포구 의사당대로 1 (여의도동),근린생활1,업무시설,10201100256909,지번
1156011000100010000,서울특별시 영등포구 여의도동,서울특별시 영등포구 의사당대로 1 (여의도동),근린생활1,제1종근린생활시설,10201100268128,지번
1156011000100010000,서울특별시 영등포구 여의도동,서울특별시 영등포구 의사당대로 1 (여의도동),근린생활1,제2종근린생활시설,10201100276269,지번
1156010800100630044,서울특별시 영등포구 영등포동7가,서울특별시 영등포구 영중로27길 8-8 (영등포동7가),근린생활1,제1종근린생활시설,102015991,지번
1156010800100730003,서울특별시 영등포구 영등포동7가,서울특별시 영등포구 국회대로50길 14 (영등포동7가),근린생활2,제2종근린생활시설,102016101,지번
1156010800100640037,서울특별시 영등포구 영등포동7가,서울특별시 영등포구 국회대로44길 11-7 (영등포동7가),근린생활1,제1종근린생활시설,102016026,지번
1156010800100640060,서울특별시 영등포구 영등포동7가,서울특별시 영등포구 국회대로44길 11-6 (영등포동7가),근린생활1,제1종근린생활시설,102016044,지번
1156011600102370042,서울특별시 영등포구 당산동6가,서울특별시 영등포구 당산로48길 4 (당산동6가),근린생활1,제1종근린생활시설,1020110008,지번
1156011600100020001,서울특별시 영등포구 당산동6가,서울특별시 영등포구 당산로54길 50 (당산동6가),근린생활2,제2종근린생활시설,102019783,지번
1156011000100210004,서울특별시 영등포구 여의도동,서울특별시 영등포구 여의나루로 113 (여의도동),판매시설,판매시설,102017140,지번
1156011000100100005,서울특별시 영등포구 여의도동,서울특별시 영등포구 여의공원로 119 (여의도동),근린생활1,제1종근린생활시설,102016934,지번
1156011600101100030,서울특별시 영등포구 당산동6가,서울특별시 영등포구 당산로50가길 3-1 (당산동6가),근린생활2,제2종근린생활시설,102019882,지번
1156011500100200000,서울특별시 영등포구 당산동5가,서울특별시 영등포구 당산로45길 6 (당산동5가),근린생활2,제2종근린생활시설,102019686,지번
1156011500100200000,서울특별시 영등포구 당산동5가,서울특별시 영등포구 당산로45길 2-5 (당산동5가),근린생활2,단독주택,102019687,지번
1156010800100290119,서울특별시 영등포구 영등포동7가,서울특별시 영등포구 버드나루로11길 14 (영등포동7가),근린생활1,제1종근린생활시설,102015878,지번
1156010800100840002,서울특별시 영등포구 영등포동7가,,근린생활1,단독주택,102016175,본번
1156010800100940242,서울특별시 영등포구 영등포동7가,서울특별시 영등포구 버드나루로 66 (영등포동7가),근린생활1,제1종근린생활시설,102016253,지번
1156013300110500028,서울특별시 영등포구 대림동,서울특별시 영등포구 도림로 132 (대림동),근린생활1,제1종근린생활시설,1020134090,지번
1156010800100760004,서울특별시 영등포구 영등포동7가,서울특별시 영등포구 영중로 96 (영등포동7가),근린생활1,제1종근린생활시설,102016116,지번
1156010800100760004,서울특별시 영등포구 영등포동7가,서울특별시 영등포구 영중로 98-3 (영등포동7가),근린생활1,단독주택,102016117,지번
1156010800100760008,서울특별시 영등포구 영등포동7가,서울특별시 영등포구 영중로 98-6 (영등포동7가),근린생활1,제1종근린생활시설,102016120,지번
1156010800100760000,서울특별시 영등포구 영등포동7가,서울특별시 영등포구 영중로 98-1 (영등포동7가),근린생활1,제1종근린생활시설,102016112,지번
1156010800100760000,서울특별시 영등포구 영등포동7가,서울특별시 영등포구 영중로 98 (영등포동7가),근린생활1,단독주택,102016113,지번
1156011000100210003,서울특별시 영등포구 여의도동,서울특별시 영등포구 여의나루로 117 (여의도동),판매시설,판매시설,102017139,지번
1156011600102370064,서울특별시 영등포구 당산동6가,서울특별시 영등포구 당산로46길 11 (당산동6가),근린생활1,제1종근린생활시설,1020110016,지번
1156011600102370064,서울특별시 영등포구 당산동6가,서울특별시 영등포구 당산로46길 11 (당산동6가),근린생활1,단독주택,1020110017,지번
1156012800101910001,서울특별시 영등포구 양평동4가,서울특별시 영등포구 양평로22길 10 (양평동4가),근린생활1,제1종근린생활시설,10201100205456,지번
1156012200100220014,서울특별시 영등포구 문래동4가,서울특별시 영등포구 도림로141다길 10-1 (문래동4가),근린생활2,제2종근린생활시설,1020114835,지번
1156011000100810008,서울특별시 영등포구 여의도동,서울특별시 영등포구 여의서로 160 (여의도동),근린생활2,제2종근린생활시설,10201100197573,지번
1156011700101730039,서울특별시 영등포구 당산동,서울특별시 영등포구 버드나루로17길 16 (당산동),근린생활2,제2종근린생활시설,10201100195494,지번
1156011600100030011,서울특별시 영등포구 당산동6가,서울특별시 영등포구 당산로50가길 4 (당산동6가),근린생활2,제2종근린생활시설,102019792,지번
1156011600102370007,서울특별시 영등포구 당산동6가,서울특별시 영등포구 당산로46가길 6-5 (당산동6가),근린생활1,제1종근린생활시설,102019978,지번
1156010800100940080,서울특별시 영등포구 영등포동7가,서울특별시 영등포구 버드나루로12가길 6 (영등포동7가),근린생활2,제2종근린생활시설,102016222,지번
1156010800100750003,서울특별시 영등포구 영등포동7가,서울특별시 영등포구 영중로 98-7 (영등포동7가),근린생활2,제2종근린생활시설,102016110,지번
1156010800100750006,서울특별시 영등포구 영등포동7가,서울특별시 영등포구 국회대로50길 8-1 (영등포동7가),근린생활2,제2종근린생활시설,102016111,지번
1156011700101210233,서울특별시 영등포구 당산동,서울특별시 영등포구 버드나루로23길 17 (당산동),근린생활1,제1종근린생활시설,1020110378,지번
1156011600103300004,서울특별시 영등포구 당산동6가,서울특별시 영등포구 당산로49길 16 (당산동6가),근린생활2,제2종근린생활시설,1020110091,지번
1156011300105620000,서울특별시 영등포구 당산동3가,서울특별시 영등포구 영신로 183 (당산동3가),근린생활2,공동주택,102019080,지번
1156011300105620000,서울특별시 영등포구 당산동3가,서울특별시 영등포구 영신로 183 (당산동3가),근린생활2,제2종근린생활시설,102019082,지번
1156011300105620000,서울특별시 영등포구 당산동3가,서울특별시 영등포구 영신로 183 (당산동3가),근린생활2,공동주택,102019084,지번
1156010800100940094,서울특별시 영등포구 영등포동7가,서울특별시 영등포구 버드나루로11길 1 (영등포동7가),근린생활1,제1종근린생활시설,102016231,지번
1156010800100480001,서울특별시 영등포구 영등포동7가,서울특별시 영등포구 영중로 85 (영등포동7가),근린생활1,제1종근린생활시설,102015926,지번
1156010800100480001,서울특별시 영등포구 영등포동7가,서울특별시 영등포구 영중로 85 (영등포동7가),근린생활1,제1종근린생활시설,102015927,지번
1156010800100480001,서울특별시 영등포구 영등포동7가,서울특별시 영등포구 영중로 85 (영등포동7가),근린생활1,제1종근린생활시설,102015928,지번
1156011700100010000,서울특별시 영등포구 당산동,서울특별시 영등포구 선유로 343 (당산동),근린생활1,제1종근린생활시설,10201100189335,지번
1156011700100010000,서울특별시 영등포구 당산동,서울특별시 영등포구 선유로 343 (당산동),근린생활1,제1종근린생활시설,10201100189336,지번
1156011700100010000,서울특별시 영등포구 당산동,서울특별시 영등포구 선유로 343 (당산동),근린생활1,제1종근린생활시설,10201100189337,지번
1156011700100010000,서울특별시 영등포구 당산동,서울특별시 영등포구 선유로 343 (당산동),근린생활1,제1종근린생활시설,10201100189338,지번
1156011700100010000,서울특별시 영등포구 당산동,서울특별시 영등포구 선유로 343 (당산동),근린생활1,제1종근린생활시설,1020110215,지번
1156011700100010000,서울특별시 영등포구 당산동,서울특별시 영등포구 선유로 343 (당산동),근린생활1,제1종근린생활시설,1020110216,지번
1156011700100010000,서울특별시 영등포구 당산동,서울특별시 영등포구 선유로 343 (당산동),근린생활1,제1종근린생활시설,1020110217,지번
1156011700100010000,서울특별시 영등포구 당산동,서울특별시 영등포구 선유로 343 (당산동),근린생활1,제1종근린생활시설,1020110219,지번
1156011700100010000,서울특별시 영등포구 당산동,서울특별시 영등포구 선유로 343 (당산동),근린생활1,제1종근린생활시설,1020110220,지번
1156011700100010000,서울특별시 영등포구 당산동,서울특별시 영등포구 선유로 343 (당산동),근린생활1,제1종근린생활시설,1020110221,지번
1156011700100010000,서울특별시 영등포구 당산동,서울특별시 영등포구 선유로 343 (당산동),근린생활1,제1종근린생활시설,1020110222,지번
1156011600101100027,서울특별시 영등포구 당산동6가,서울특별시 영등포구 당산로50가길 3-5 (당산동6가),근린생활1,제1종근린생활시설,10201100187146,지번
1156011600103530005,서울특별시 영등포구 당산동6가,서울특별시 영등포구 양평로14길 20 (당산동6가),근린생활1,제1종근린생활시설,1020110180,지번
1156011600101100083,서울특별시 영등포구 당산동6가,서울특별시 영등포구 당산로54길 28-6 (당산동6가),근린생활1,제1종근린생활시설,102019919,지번
1156011700101210042,서울특별시 영등포구 당산동,서울특별시 영등포구 버드나루로22길 5-3 (당산동),근린생활2,제2종근린생활시설,1020110307,지번
1156011600102340016,서울특별시 영등포구 당산동6가,서울특별시 영등포구 당산로46길 15 (당산동6가),근린생활1,제1종근린생활시설,102019963,지번
1156010800100710003,서울특별시 영등포구 영등포동7가,서울특별시 영등포구 영중로 90 (영등포동7가),근린생활1,제1종근린생활시설,102016097,지번
1156010800100760003,서울특별시 영등포구 영등포동7가,서울특별시 영등포구 영중로 98-2 (영등포동7가),근린생활1,제1종근린생활시설,102016115,지번
1156010800100700011,서울특별시 영등포구 영등포동7가,서울특별시 영등포구 영중로 93 (영등포동7가),근린생활2,제2종근린생활시설,102016094,지번
1156010900100290009,서울특별시 영등포구 영등포동8가,서울특별시 영등포구 영중로 107 (영등포동8가),근린생활1,제1종근린생활시설,102016698,지번
1156010900100290009,서울특별시 영등포구 영등포동8가,서울특별시 영등포구 영중로 107 (영등포동8가),근린생활1,제1종근린생활시설,102016699,지번
1156011500100300000,서울특별시 영등포구 당산동5가,서울특별시 영등포구 당산로45길 2-2 (당산동5가),근린생활2,제2종근린생활시설,102019694,지번
1156010800100940352,서울특별시 영등포구 영등포동7가,서울특별시 영등포구 국회대로56길 15-3 (영등포동7가),근린생활2,제2종근린생활시설,102016270,지번
1156010800100940174,서울특별시 영등포구 영등포동7가,서울특별시 영등포구 국회대로 670-1 (영등포동7가),근린생활1,제1종근린생활시설,102016241,지번
1156010800100940185,서울특별시 영등포구 영등포동7가,서울특별시 영등포구 국회대로56길 10 (영등포동7가),근린생활1,제1종근린생활시설,102016247,지번
1156010800100630035,서울특별시 영등포구 영등포동7가,서울특별시 영등포구 국회대로46길 8 (영등포동7가),근린생활1,제1종근린생활시설,102015983,지번
1156010800100640048,서울특별시 영등포구 영등포동7가,서울특별시 영등포구 영중로27길 10 (영등포동7가),근린생활1,제1종근린생활시설,102016035,지번
1156010800100940282,서울특별시 영등포구 영등포동7가,서울특별시 영등포구 국회대로 672 (영등포동7가),근린생활2,제2종근린생활시설,10201100191518,지번
1156010900100650000,서울특별시 영등포구 영등포동8가,서울특별시 영등포구 영중로 131 (영등포동8가),근린생활2,업무시설,1000000000000003264568,본번
1156011600103450009,서울특별시 영등포구 당산동6가,서울특별시 영등포구 선유로54길 13-4 (당산동6가),근린생활2,제2종근린생활시설,1020110159,지번
1156010800100290113,서울특별시 영등포구 영등포동7가,서울특별시 영등포구 국회대로54길 5-1 (영등포동7가),근린생활1,제1종근린생활시설,102015874,지번
1156010800100290120,서울특별시 영등포구 영등포동7가,서울특별시 영등포구 국회대로54길 7 (영등포동7가),근린생활1,제1종근린생활시설,102015879,지번
1156010800100740002,서울특별시 영등포구 영등포동7가,서울특별시 영등포구 국회대로50길 10-1 (영등포동7가),근린생활1,제1종근린생활시설,102016104,지번
1156010800100750001,서울특별시 영등포구 영등포동7가,서울특별시 영등포구 국회대로50길 8 (영등포동7가),근린생활1,제1종근린생활시설,102016109,지번
1156010800100710005,서울특별시 영등포구 영등포동7가,서울특별시 영등포구 영중로 88-1 (영등포동7가),근린생활1,제1종근린생활시설,102016099,지번
1156012100100420000,서울특별시 영등포구 문래동3가,서울특별시 영등포구 영등포로28길 17 (문래동3가),근린생활1,제1종근린생활시설,1020114132,지번
1156012100100420000,서울특별시 영등포구 문래동3가,서울특별시 영등포구 영등포로28길 17 (문래동3가),근린생활1,제1종근린생활시설,1020114133,지번
1156011100100820000,서울특별시 영등포구 당산동1가,서울특별시 영등포구 영등포로27길 4 (당산동1가),근린생활2,제2종근린생활시설,102017449,지번
1156011100100530002,서울특별시 영등포구 당산동1가,서울특별시 영등포구 영등포로  (당산동1가),근린생활1,제1종근린생활시설,102017401,지번
1156011100100530002,서울특별시 영등포구 당산동1가,서울특별시 영등포구 영등포로  (당산동1가),근린생활1,제2종근린생활시설,102017402,지번
1156011100100530002,서울특별시 영등포구 당산동1가,서울특별시 영등포구 영등포로  (당산동1가),근린생활1,제1종근린생활시설,102017403,지번
1156011100100530002,서울특별시 영등포구 당산동1가,서울특별시 영등포구 영등포로  (당산동1가),근린생활1,제2종근린생활시설,102017404,지번
1156011100100530002,서울특별시 영등포구 당산동1가,서울특별시 영등포구 영등포로  (당산동1가),근린생활1,제2종근린생활시설,102017405,지번
1156011100100530002,서울특별시 영등포구 당산동1가,서울특별시 영등포구 영등포로  (당산동1가),근린생활1,단독주택,102017406,지번
1156011100100530002,서울특별시 영등포구 당산동1가,서울특별시 영등포구 영등포로  (당산동1가),근린생활1,제2종근린생활시설,102017407,지번
1156011100100530002,서울특별시 영등포구 당산동1가,서울특별시 영등포구 영등포로  (당산동1가),근린생활1,단독주택,102017408,지번
1156011100100530002,서울특별시 영등포구 당산동1가,서울특별시 영등포구 영등포로  (당산동1가),근린생활1,제2종근린생활시설,102017409,지번
1156011100102230008,서울특별시 영등포구 당산동1가,서울특별시 영등포구 당산로20길 26 (당산동1가),근린생활2,단독주택,102017769,지번
1156011100102530000,서울특별시 영등포구 당산동1가,서울특별시 영등포구 양산로 148 (당산동1가),근린생활1,제1종근린생활시설,102017807,지번
1156011100102120000,서울특별시 영등포구 당산동1가,서울특별시 영등포구 영등포로27길 26 (당산동1가),근린생활2,제2종근린생활시설,102017754,지번
1156011100101460000,서울특별시 영등포구 당산동1가,서울특별시 영등포구 영신로39길 18 (당산동1가),근린생활1,제1종근린생활시설,102017545,지번
1156010100106200129,서울특별시 영등포구 영등포동,서울특별시 영등포구 영신로 19-1 (영등포동),근린생활1,제1종근린생활시설,102012945,지번
1156010300100940301,서울특별시 영등포구 영등포동2가,서울특별시 영등포구 버드나루로6길 7 (영등포동2가),근린생활1,제1종근린생활시설,102013812,지번
1156011900100240000,서울특별시 영등포구 문래동1가,서울특별시 영등포구 경인로88길 5-12 (문래동1가),근린생활1,제1종근린생활시설,1020113307,지번
1156013200101510022,서울특별시 영등포구 신길동,서울특별시 영등포구 도신로56가길 3 (신길동),근린생활1,제1종근린생활시설,1020119964,지번
1156010100106180547,서울특별시 영등포구 영등포동,서울특별시 영등포구 영신로19길 22-1 (영등포동),근린생활2,제2종근린생활시설,102012857,지번
1156012100100360004,서울특별시 영등포구 문래동3가,서울특별시 영등포구 문래로 149-2 (문래동3가),근린생활2,제2종근린생활시설,1020114124,지번
1156012100100290005,서울특별시 영등포구 문래동3가,서울특별시 영등포구 영등포로30길 22 (문래동3가),근린생활2,제2종근린생활시설,1020114108,지번
1156011100101550002,서울특별시 영등포구 당산동1가,서울특별시 영등포구 영신로39길 14-1 (당산동1가),근린생활2,제2종근린생활시설,102017563,지번
1156013300106830021,서울특별시 영등포구 대림동,서울특별시 영등포구 대림로34사길 16 (대림동),근린생활1,제1종근린생활시설,1020130514,지번
1156011800102500003,서울특별시 영등포구 도림동,서울특별시 영등포구 도신로15나길 6-1 (도림동),근린생활1,제1종근린생활시설,1020112875,지번
1156011800102530087,서울특별시 영등포구 도림동,서울특별시 영등포구 도신로17길 6 (도림동),근린생활1,제1종근린생활시설,1020112930,지번
1156011800102410006,서울특별시 영등포구 도림동,서울특별시 영등포구 도림로113길 3-4 (도림동),근린생활1,제1종근린생활시설,1020112775,지번
1156013300106820006,서울특별시 영등포구 대림동,서울특별시 영등포구 가마산로46가길 14-1 (대림동),근린생활1,제1종근린생활시설,1020130487,지번
1156013300106820005,서울특별시 영등포구 대림동,서울특별시 영등포구 가마산로46가길 14 (대림동),근린생활1,제1종근린생활시설,1020130486,지번
1156013200107360000,서울특별시 영등포구 신길동,서울특별시 영등포구 가마산로 582 (신길동),근린생활2,제2종근린생활시설,1020126187,지번
1156013200102090165,서울특별시 영등포구 신길동,서울특별시 영등포구 신길로42가길 3 (신길동),근린생활2,제2종근린생활시설,1020121567,지번
1156010100106020181,서울특별시 영등포구 영등포동,서울특별시 영등포구 영신로 7 (영등포동),근린생활2,제2종근린생활시설,102013177,지번
1156011800100010059,서울특별시 영등포구 도림동,서울특별시 영등포구 영신로 6 (도림동),근린생활2,제2종근린생활시설,1020110858,지번
1156013200108050000,서울특별시 영등포구 신길동,서울특별시 영등포구 가마산로89길 3 (신길동),근린생활1,제1종근린생활시설,1020126210,지번
1156013200102230030,서울특별시 영등포구 신길동,서울특별시 영등포구 신길로42길 8-2 (신길동),근린생활1,제1종근린생활시설,1020121723,지번
1156011800100320007,서울특별시 영등포구 도림동,서울특별시 영등포구 도신로39길 3 (도림동),근린생활2,제2종근린생활시설,1020110989,지번
1156013200108870000,서울특별시 영등포구 신길동,서울특별시 영등포구 여의대방로43길 5 (신길동),근린생활1,제1종근린생활시설,1020126258,지번
1156013200104000016,서울특별시 영등포구 신길동,서울특별시 영등포구 도림로 266 (신길동),근린생활1,제1종근린생활시설,1020124610,지번
1156010600100260004,서울특별시 영등포구 영등포동5가,서울특별시 영등포구 영중로 52-1 (영등포동5가),근린생활1,제1종근린생활시설,102015024,지번
1156013200106230000,서울특별시 영등포구 신길동,서울특별시 영등포구 여의대방로 159 (신길동),근린생활1,제1종근린생활시설,1020126077,지번
1156013200106230000,서울특별시 영등포구 신길동,서울특별시 영등포구 여의대방로 159 (신길동),근린생활1,제1종근린생활시설,1020126078,지번
1156013200106230000,서울특별시 영등포구 신길동,서울특별시 영등포구 여의대방로 159 (신길동),근린생활1,단독주택,1020126079,지번
1156011800101370021,서울특별시 영등포구 도림동,서울특별시 영등포구 도신로29길 7 (도림동),근린생활1,제1종근린생활시설,1020111493,지번
1156013200103290097,서울특별시 영등포구 신길동,서울특별시 영등포구 신길로33길 6 (신길동),근린생활1,제1종근린생활시설,1020123382,지번
1156013200101660041,서울특별시 영등포구 신길동,서울특별시 영등포구 영등포로64길 21 (신길동),근린생활1,제1종근린생활시설,1020120239,지번
1156013200101920002,서울특별시 영등포구 신길동,서울특별시 영등포구 도신로 195-6 (신길동),근린생활2,단독주택,1020120906,지번
1156013200101920002,서울특별시 영등포구 신길동,서울특별시 영등포구 도신로 195 (신길동),근린생활2,제2종근린생활시설,1020120907,지번
1156013200101920002,서울특별시 영등포구 신길동,서울특별시 영등포구 도신로 195-6 (신길동),근린생활2,단독주택,1020120908,지번
1156011100102560204,서울특별시 영등포구 당산동1가,서울특별시 영등포구 영등포로27길 9-2 (당산동1가),근린생활2,제2종근린생활시설,102017938,지번
1156011000100540002,서울특별시 영등포구 여의도동,서울특별시 영등포구 여의대방로 386 (여의도동),근린생활1,제1종근린생활시설,102017087,지번
1156011000100540002,서울특별시 영등포구 여의도동,서울특별시 영등포구 여의대방로 386 (여의도동),근린생활1,제1종근린생활시설,102017276,지번
1156011100101860041,서울특별시 영등포구 당산동1가,서울특별시 영등포구 당산로16길 23-10 (당산동1가),근린생활1,제1종근린생활시설,102017651,지번
1156011800101930000,서울특별시 영등포구 도림동,서울특별시 영등포구 도영로 63 (도림동),근린생활1,제1종근린생활시설,1020112431,지번
1156012100100290003,서울특별시 영등포구 문래동3가,서울특별시 영등포구 문래로 153 (문래동3가),근린생활2,제2종근린생활시설,1020114106,지번
1156010100106020091,서울특별시 영등포구 영등포동,서울특별시 영등포구 영신로 9-1 (영등포동),근린생활1,제1종근린생활시설,102012535,지번
1156010100106020135,서울특별시 영등포구 영등포동,서울특별시 영등포구 영신로 14 (영등포동),근린생활2,제2종근린생활시설,102012551,지번
1156011800100010028,서울특별시 영등포구 도림동,서울특별시 영등포구 영신로 3 (도림동),근린생활2,제2종근린생활시설,1020110852,지번
1156013200102330056,서울특별시 영등포구 신길동,서울특별시 영등포구 신길로42길 22 (신길동),근린생활1,제1종근린생활시설,1020121951,지번
1156013200149050006,서울특별시 영등포구 신길동,서울특별시 영등포구 신길로42길 26 (신길동),근린생활1,제1종근린생활시설,1020128918,지번
1156013200111280000,서울특별시 영등포구 신길동,서울특별시 영등포구 여의대방로 215 (신길동),근린생활1,제1종근린생활시설,1020126379,지번
1156013200102330077,서울특별시 영등포구 신길동,서울특별시 영등포구 신길로40길 19 (신길동),근린생활1,제1종근린생활시설,1020121957,지번
1156013200102330080,서울특별시 영등포구 신길동,서울특별시 영등포구 신길로42길 14 (신길동),근린생활1,제1종근린생활시설,1020121959,지번
1156010400100100038,서울특별시 영등포구 영등포동3가,서울특별시 영등포구 영중로4길 14 (영등포동3가),근린생활2,제2종근린생활시설,102014387,지번
1156010400100100038,서울특별시 영등포구 영등포동3가,서울특별시 영등포구 경인로 857-1 (영등포동3가),근린생활2,제2종근린생활시설,102014388,지번
1156013200104200048,서울특별시 영등포구 신길동,서울특별시 영등포구 도림로 259-1 (신길동),근린생활1,제1종근린생활시설,1020125142,지번
1156010400100070034,서울특별시 영등포구 영등포동3가,서울특별시 영등포구 영등포로42길 6-2 (영등포동3가),근린생활2,제2종근린생활시설,102014592,지번
1156011900100070002,서울특별시 영등포구 문래동1가,서울특별시 영등포구 경인로96길 4 (문래동1가),근린생활2,제2종근린생활시설,1020113222,지번
1156011900100070002,서울특별시 영등포구 문래동1가,서울특별시 영등포구 경인로96길 4 (문래동1가),근린생활2,제2종근린생활시설,1020113225,지번
1156011100102540000,서울특별시 영등포구 당산동1가,서울특별시 영등포구 양산로 146-2 (당산동1가),근린생활2,제2종근린생활시설,102017808,지번
1156011100102560187,서울특별시 영등포구 당산동1가,서울특별시 영등포구 당산로16길 24 (당산동1가),근린생활2,근린생활시설,102017934,지번
1156011100101080000,서울특별시 영등포구 당산동1가,서울특별시 영등포구 영신로37길 18 (당산동1가),근린생활1,제1종근린생활시설,102017509,지번
1156011100101080000,서울특별시 영등포구 당산동1가,서울특별시 영등포구 영신로37길 18 (당산동1가),근린생활1,제1종근린생활시설,102017510,지번
1156011100100060000,서울특별시 영등포구 당산동1가,서울특별시 영등포구 영등포로 164 (당산동1가),근린생활1,제1종근린생활시설,102017322,지번
1156011100101320000,서울특별시 영등포구 당산동1가,서울특별시 영등포구 영등포로27길 11-1 (당산동1가),근린생활1,제1종근린생활시설,102017531,지번
1156011100102520000,서울특별시 영등포구 당산동1가,서울특별시 영등포구 영등포로27길 27 (당산동1가),근린생활2,제2종근린생활시설,102017806,지번
1156011800100010043,서울특별시 영등포구 도림동,서울특별시 영등포구 영신로 1 (도림동),근린생활1,제1종근린생활시설,1020110855,지번
1156013200111270000,서울특별시 영등포구 신길동,서울특별시 영등포구 여의대방로45길 1 (신길동),근린생활1,제1종근린생활시설,1020126378,지번
1156013200108550000,서울특별시 영등포구 신길동,서울특별시 영등포구 여의대방로 209 (신길동),근린생활1,제1종근린생활시설,1020126243,지번
1156013200102230014,서울특별시 영등포구 신길동,서울특별시 영등포구 신길로 180 (신길동),근린생활1,제1종근린생활시설,1020121713,지번
1156010800100640004,서울특별시 영등포구 영등포동7가,서울특별시 영등포구 국회대로44길 13 (영등포동7가),근린생활2,제2종근린생활시설,102016000,지번
1156011800100010024,서울특별시 영등포구 도림동,서울특별시 영등포구 신길로 225 (도림동),근린생활2,제2종근린생활시설,1020110850,지번
1156011800100010024,서울특별시 영등포구 도림동,서울특별시 영등포구 신길로 225 (도림동),근린생활2,제1종근린생활시설,1020110851,지번
1156011800100010033,서울특별시 영등포구 도림동,서울특별시 영등포구 영신로 1-2 (도림동),근린생활1,제1종근린생활시설,1020110853,지번
1156010100106200028,서울특별시 영등포구 영등포동,서울특별시 영등포구 영신로9길 17-1 (영등포동),근린생활2,제2종근린생활시설,102012909,지번
1156013200102780015,서울특별시 영등포구 신길동,서울특별시 영등포구 도신로 156 (신길동),근린생활1,제1종근린생활시설,1020122625,지번
1156013200108690000,서울특별시 영등포구 신길동,서울특별시 영등포구 여의대방로 211 (신길동),근린생활1,제1종근린생활시설,1020126248,지번
1156010100106200220,서울특별시 영등포구 영등포동,서울특별시 영등포구 영신로9길 5 (영등포동),근린생활1,제1종근린생활시설,102013006,지번
1156010400100100023,서울특별시 영등포구 영등포동3가,서울특별시 영등포구 영중로4길 4-1 (영등포동3가),근린생활1,제1종근린생활시설,102014375,지번
1156010400100060017,서울특별시 영등포구 영등포동3가,서울특별시 영등포구 영중로 34 (영등포동3가),근린생활1,제1종근린생활시설,102014313,지번
1156010400100060011,서울특별시 영등포구 영등포동3가,서울특별시 영등포구 영등포로 216-1 (영등포동3가),근린생활2,제2종근린생활시설,102014310,지번
1156010500101510001,서울특별시 영등포구 영등포동4가,서울특별시 영등포구 영등포로 186 (영등포동4가),근린생활2,제2종근린생활시설,102014753,지번
1156010500101510004,서울특별시 영등포구 영등포동4가,서울특별시 영등포구 영등포로 186-1 (영등포동4가),근린생활2,제1종근린생활시설,102014755,지번
1156010500101510004,서울특별시 영등포구 영등포동4가,서울특별시 영등포구 영등포로 186-1 (영등포동4가),근린생활2,제2종근린생활시설,102014756,지번
1156010300103120000,서울특별시 영등포구 영등포동2가,서울특별시 영등포구 영등포로49길 9-7 (영등포동2가),근린생활1,제1종근린생활시설,102014075,지번
1156011800102410019,서울특별시 영등포구 도림동,서울특별시 영등포구 도림로113길 5 (도림동),근린생활1,제1종근린생활시설,1020112780,지번
1156013300106560003,서울특별시 영등포구 대림동,서울특별시 영등포구 대림로44길 25 (대림동),근린생활1,제1종근린생활시설,1020130223,지번
1156011800102370057,서울특별시 영등포구 도림동,서울특별시 영등포구 도신로15다길 10-1 (도림동),근린생활1,제1종근린생활시설,1020112720,지번
1156011800101680013,서울특별시 영등포구 도림동,서울특별시 영등포구 도림로 371 (도림동),근린생활2,제2종근린생활시설,10201100188762,지번
1156011000100240002,서울특별시 영등포구 여의도동,서울특별시 영등포구 여의나루로 77-1 (여의도동),근린생활2,제2종근린생활시설,102017007,지번
1156010800100740005,서울특별시 영등포구 영등포동7가,,근린생활1,제1종근린생활시설,102016105,지번
1156013200102330078,서울특별시 영등포구 신길동,서울특별시 영등포구 신길로42길 14-1 (신길동),근린생활1,제1종근린생활시설,1020121958,지번
1156011800100070021,서울특별시 영등포구 도림동,서울특별시 영등포구 도신로39길 11 (도림동),근린생활1,제1종근린생활시설,1020110902,지번
1156013200102230015,서울특별시 영등포구 신길동,서울특별시 영등포구 신길로 178 (신길동),근린생활2,창고시설,1020121714,지번
1156013200102230015,서울특별시 영등포구 신길동,서울특별시 영등포구 신길로 178 (신길동),근린생활2,제2종근린생활시설,1020121715,지번
1156011400100320103,서울특별시 영등포구 당산동4가,서울특별시 영등포구 국회대로37길 13 (당산동4가),근린생활2,제2종근린생활시설,102019343,지번
1156011100101850024,서울특별시 영등포구 당산동1가,서울특별시 영등포구 당산로16길 25 (당산동1가),근린생활2,제2종근린생활시설,102017621,지번
1156011800101560008,서울특별시 영등포구 도림동,서울특별시 영등포구 도림로 357-1 (도림동),근린생활1,제1종근린생활시설,1020111968,지번
1156011800101560004,서울특별시 영등포구 도림동,서울특별시 영등포구 도림로 353 (도림동),근린생활1,제1종근린생활시설,1020111967,지번
1156011800101560009,서울특별시 영등포구 도림동,서울특별시 영등포구 도림로113길 2 (도림동),근린생활2,제2종근린생활시설,1020111969,지번
1156011800101560054,서울특별시 영등포구 도림동,서울특별시 영등포구 도림로113길 1 (도림동),근린생활1,제1종근린생활시설,1020111983,지번
1156013300106590007,서울특별시 영등포구 대림동,서울특별시 영등포구 대림로40다길 2 (대림동),근린생활2,제2종근린생활시설,1020130245,지번
1156011100102080000,서울특별시 영등포구 당산동1가,서울특별시 영등포구 양산로 152 (당산동1가),근린생활1,제1종근린생활시설,102017751,지번
1156011100102560135,서울특별시 영등포구 당산동1가,서울특별시 영등포구 당산로16길 28 (당산동1가),근린생활1,제1종근린생활시설,102017926,지번
1156011100101360000,서울특별시 영등포구 당산동1가,서울특별시 영등포구 영신로39길 16 (당산동1가),근린생활1,제1종근린생활시설,102017533,지번
1156011400100320018,서울특별시 영등포구 당산동4가,서울특별시 영등포구 당산로38길 13-6 (당산동4가),근린생활2,제2종근린생활시설,102019273,지번
1156011400100320015,서울특별시 영등포구 당산동4가,서울특별시 영등포구 당산로38길 13-4 (당산동4가),근린생활2,제2종근린생활시설,102019271,지번
1156011600103450003,서울특별시 영등포구 당산동6가,서울특별시 영등포구 선유로54길 13 (당산동6가),근린생활2,제2종근린생활시설,1020110154,지번
1156011500100330008,서울특별시 영등포구 당산동5가,서울특별시 영등포구 양평로 59 (당산동5가),근린생활1,제1종근린생활시설,102019738,지번
1156011400100010154,서울특별시 영등포구 당산동4가,서울특별시 영등포구 국회대로37길 10 (당산동4가),근린생활1,제1종근린생활시설,102019161,지번
1156011400100010154,서울특별시 영등포구 당산동4가,서울특별시 영등포구 국회대로37길 12-3 (당산동4가),근린생활1,단독주택,102019162,지번
1156013200111480000,서울특별시 영등포구 신길동,서울특별시 영등포구 여의대방로43가길 8 (신길동),근린생활1,제1종근린생활시설,1020126388,지번
1156011000100260003,서울특별시 영등포구 여의도동,서울특별시 영등포구 여의나루로 53-2 (여의도동),근린생활2,제2종근린생활시설,102017146,지번
1156013200100500002,서울특별시 영등포구 신길동,서울특별시 영등포구 영등포로 347 (신길동),근린생활2,제2종근린생활시설,1020118402,지번
1156010100105690003,서울특별시 영등포구 영등포동,서울특별시 영등포구 영등포로62길 43 (영등포동),근린생활2,제2종근린생활시설,102012339,지번
1156013200107350000,서울특별시 영등포구 신길동,서울특별시 영등포구 가마산로 580-1 (신길동),근린생활1,제1종근린생활시설,1020126186,지번
1156010400100060000,서울특별시 영등포구 영등포동3가,서울특별시 영등포구 영등포로 216-1 (영등포동3가),근린생활2,제1종근린생활시설,102014312,지번
1156010400100060000,서울특별시 영등포구 영등포동3가,서울특별시 영등포구 영등포로 216-1 (영등포동3가),근린생활2,제2종근린생활시설,102014588,지번
1156011100101240000,서울특별시 영등포구 당산동1가,서울특별시 영등포구 영등포로27길 5-1 (당산동1가),근린생활1,제1종근린생활시설,102017527,지번
1156011100100550000,서울특별시 영등포구 당산동1가,서울특별시 영등포구 당산로10길 28-1 (당산동1가),근린생활1,제1종근린생활시설,102017412,지번
1156011800102530092,서울특별시 영등포구 도림동,서울특별시 영등포구 도신로17길 12 (도림동),근린생활1,제1종근린생활시설,1020112935,지번
1156011800102320039,서울특별시 영등포구 도림동,서울특별시 영등포구 도신로15다길 12 (도림동),근린생활1,제1종근린생활시설,1020112667,지번
1156011800102500015,서울특별시 영등포구 도림동,서울특별시 영등포구 도신로15가길 6-1 (도림동),근린생활1,제1종근린생활시설,1020112883,지번
1156011800101800006,서울특별시 영등포구 도림동,서울특별시 영등포구 도림로 367 (도림동),근린생활1,제1종근린생활시설,1020112313,지번
1156010800100290123,서울특별시 영등포구 영등포동7가,서울특별시 영등포구 버드나루로7길 12-15 (영등포동7가),근린생활2,제2종근린생활시설,10201100193316,지번
1156010800100680014,서울특별시 영등포구 영등포동7가,서울특별시 영등포구 영중로27길 4-7 (영등포동7가),근린생활1,제1종근린생활시설,102016069,지번
1156012100100200010,서울특별시 영등포구 문래동3가,서울특별시 영등포구 영신로 125 (문래동3가),근린생활1,제1종근린생활시설,1020114069,지번
1156010700100950024,서울특별시 영등포구 영등포동6가,서울특별시 영등포구 영등포로 177 (영등포동6가),근린생활1,제1종근린생활시설,102015705,지번
1156013200149020012,서울특별시 영등포구 신길동,서울특별시 영등포구 신길로 158-1 (신길동),근린생활1,제2종근린생활시설,1020128882,지번
1156013200149020012,서울특별시 영등포구 신길동,서울특별시 영등포구 신길로 158-1 (신길동),근린생활1,제1종근린생활시설,1020128883,지번
1156012100100290002,서울특별시 영등포구 문래동3가,서울특별시 영등포구 문래로 151-6 (문래동3가),근린생활2,제2종근린생활시설,1020114105,지번
1156011800101760001,서울특별시 영등포구 도림동,서울특별시 영등포구 도영로 50 (도림동),판매시설,판매시설,1020113070,지번
1156011800101760001,서울특별시 영등포구 도림동,서울특별시 영등포구 도영로 50 (도림동),판매시설,판매시설,1020113071,지번
1156011800101760001,서울특별시 영등포구 도림동,서울특별시 영등포구 도영로 50 (도림동),판매시설,판매시설,1020113072,지번
1156011800101760001,서울특별시 영등포구 도림동,서울특별시 영등포구 도영로 50 (도림동),판매시설,판매시설,1020113073,지번
1156011800101760001,서울특별시 영등포구 도림동,서울특별시 영등포구 도영로 50 (도림동),판매시설,판매시설,1020113074,지번
1156011800101760001,서울특별시 영등포구 도림동,서울특별시 영등포구 도영로 50 (도림동),판매시설,판매시설,1020113075,지번
1156011100101850033,서울특별시 영등포구 당산동1가,서울특별시 영등포구 영신로43길 14 (당산동1가),근린생활1,제1종근린생활시설,102017626,지번
1156011800101560003,서울특별시 영등포구 도림동,서울특별시 영등포구 도림로113길 3 (도림동),근린생활1,제1종근린생활시설,1020111966,지번
1156011800102420008,서울특별시 영등포구 도림동,서울특별시 영등포구 도림로113길 3-14 (도림동),근린생활1,제1종근린생활시설,1020112792,지번
1156013300106610010,서울특별시 영등포구 대림동,서울특별시 영등포구 대림로40나길 2 (대림동),근린생활1,제1종근린생활시설,1020130274,지번
1156013300106590006,서울특별시 영등포구 대림동,서울특별시 영등포구 대림로40길 25-1 (대림동),근린생활1,제1종근린생활시설,1020130244,지번
1156013300106810013,서울특별시 영등포구 대림동,서울특별시 영등포구 가마산로 366-1 (대림동),근린생활1,제1종근린생활시설,1020130481,지번
1156013300106580006,서울특별시 영등포구 대림동,서울특별시 영등포구 대림로40길 27 (대림동),근린생활1,제1종근린생활시설,1020130232,지번
1156013200103190009,서울특별시 영등포구 신길동,서울특별시 영등포구 가마산로65길 8 (신길동),근린생활1,제1종근린생활시설,1020123098,지번
1156010700100350001,서울특별시 영등포구 영등포동6가,서울특별시 영등포구 영등포로35길 23 (영등포동6가),근린생활1,제1종근린생활시설,102015540,지번
1156010700101460001,서울특별시 영등포구 영등포동6가,서울특별시 영등포구 영등포로33길 25 (영등포동6가),근린생활1,제1종근린생활시설,102015804,지번
1156010700100940004,서울특별시 영등포구 영등포동6가,서울특별시 영등포구 영신로38길 2 (영등포동6가),근린생활1,제1종근린생활시설,102015697,지번
1156011800102370031,서울특별시 영등포구 도림동,서울특별시 영등포구 도림로113가길 14-1 (도림동),근린생활1,제1종근린생활시설,1020112708,지번
1156011800102370034,서울특별시 영등포구 도림동,서울특별시 영등포구 도림로113가길 16 (도림동),근린생활1,제1종근린생활시설,1020112709,지번
1156011800102410025,서울특별시 영등포구 도림동,서울특별시 영등포구 도신로19길 19-1 (도림동),근린생활2,제2종근린생활시설,1020112786,지번
1156011100102560105,서울특별시 영등포구 당산동1가,서울특별시 영등포구 영등포로27길 9-5 (당산동1가),근린생활1,제1종근린생활시설,102017910,지번
1156013300106680010,서울특별시 영등포구 대림동,서울특별시 영등포구 가마산로45길 6 (대림동),근린생활1,제1종근린생활시설,1020130370,지번
1156013300106680005,서울특별시 영등포구 대림동,서울특별시 영등포구 가마산로47길 3 (대림동),근린생활1,제1종근린생활시설,1020130365,지번
1156013300106680000,서울특별시 영등포구 대림동,서울특별시 영등포구 가마산로45길 8 (대림동),근린생활1,제1종근린생활시설,1020130360,지번
1156013300106810004,서울특별시 영등포구 대림동,서울특별시 영등포구 가마산로 378 (대림동),근린생활1,제1종근린생활시설,1020130475,지번
1156013300106670006,서울특별시 영등포구 대림동,서울특별시 영등포구 대림로40길 24 (대림동),근린생활1,제1종근린생활시설,1020130352,지번
1156013300106810002,서울특별시 영등포구 대림동,서울특별시 영등포구 가마산로 374 (대림동),근린생활2,제2종근린생활시설,10201100187004,지번
1156013300106820008,서울특별시 영등포구 대림동,서울특별시 영등포구 가마산로46가길 18 (대림동),근린생활1,제1종근린생활시설,1020130489,지번
1156011100101310000,서울특별시 영등포구 당산동1가,서울특별시 영등포구 영등포로27길 11 (당산동1가),근린생활1,제1종근린생활시설,102017530,지번
1156011100101070000,서울특별시 영등포구 당산동1가,서울특별시 영등포구 영등포로27길 8 (당산동1가),근린생활1,제1종근린생활시설,102017508,지번
1156011100102490000,서울특별시 영등포구 당산동1가,서울특별시 영등포구 영등포로27길 23-1 (당산동1가),근린생활2,단독주택,102017801,지번
1156011100102490000,서울특별시 영등포구 당산동1가,서울특별시 영등포구 영등포로27길 23-1 (당산동1가),근린생활2,제2종근린생활시설,102017802,지번
1156011800101780009,서울특별시 영등포구 도림동,서울특별시 영등포구 도림로115길 4 (도림동),근린생활2,제2종근린생활시설,1020112311,지번
1156011800102410017,서울특별시 영등포구 도림동,서울특별시 영등포구 도림로 347-4 (도림동),근린생활2,제2종근린생활시설,1020112779,지번
1156011900100230001,서울특별시 영등포구 문래동1가,서울특별시 영등포구 경인로 778 (문래동1가),근린생활2,업무시설,1020113306,지번
1156013300106670010,서울특별시 영등포구 대림동,서울특별시 영등포구 가마산로 375 (대림동),근린생활1,제1종근린생활시설,1020130356,지번
1156010800100940171,서울특별시 영등포구 영등포동7가,서울특별시 영등포구 국회대로 670 (영등포동7가),근린생활2,제2종근린생활시설,102016240,지번
1156010800100790002,서울특별시 영등포구 영등포동7가,서울특별시 영등포구 국회대로50길 3 (영등포동7가),근린생활2,제2종근린생활시설,102016143,지번
1156010800100680002,서울특별시 영등포구 영등포동7가,서울특별시 영등포구 영중로27길 4-19 (영등포동7가),근린생활1,제1종근린생활시설,102016061,지번
1156013200149200000,서울특별시 영등포구 신길동,서울특별시 영등포구 신길로42길 40-1 (신길동),근린생활1,제1종근린생활시설,1020129060,지번
1156011100102130000,서울특별시 영등포구 당산동1가,서울특별시 영등포구 영신로47길 18-1 (당산동1가),근린생활1,제1종근린생활시설,102017755,지번
1156011100101270000,서울특별시 영등포구 당산동1가,서울특별시 영등포구 영등포로27길 7 (당산동1가),근린생활1,제1종근린생활시설,102017528,지번
1156013300106560004,서울특별시 영등포구 대림동,서울특별시 영등포구 대림로44길 23-2 (대림동),근린생활2,제2종근린생활시설,1020130224,지번
1156011800101800013,서울특별시 영등포구 도림동,서울특별시 영등포구 도림로 369 (도림동),근린생활1,제1종근린생활시설,1020112315,지번
1156013300106820007,서울특별시 영등포구 대림동,서울특별시 영등포구 가마산로46가길 16 (대림동),근린생활1,제1종근린생활시설,1020130488,지번
1156013200106740000,서울특별시 영등포구 신길동,서울특별시 영등포구 여의대방로 177 (신길동),근린생활1,제1종근린생활시설,1020126129,지번
1156013200102190021,서울특별시 영등포구 신길동,서울특별시 영등포구 신길로52길 15-2 (신길동),근린생활2,제2종근린생활시설,1020121661,지번
1156011800101690006,서울특별시 영등포구 도림동,서울특별시 영등포구 도림로 373 (도림동),근린생활2,제2종근린생활시설,10201100193337,지번
1156013300106810003,서울특별시 영등포구 대림동,서울특별시 영등포구 가마산로 376 (대림동),근린생활1,제1종근린생활시설,1020130474,지번
1156012100100360002,서울특별시 영등포구 문래동3가,서울특별시 영등포구 영등포로28길 21 (문래동3가),근린생활1,제1종근린생활시설,1020114123,지번
1156012100100360005,서울특별시 영등포구 문래동3가,서울특별시 영등포구 문래로 149-1 (문래동3가),근린생활2,제2종근린생활시설,1020114125,지번
1156013300106820004,서울특별시 영등포구 대림동,서울특별시 영등포구 가마산로 366-2 (대림동),근린생활1,제1종근린생활시설,1020130485,지번
1156013300106680004,서울특별시 영등포구 대림동,서울특별시 영등포구 가마산로45길 4-14 (대림동),근린생활1,제1종근린생활시설,1020130364,지번
1156013300106800000,서울특별시 영등포구 대림동,서울특별시 영등포구 대림로34바길 18 (대림동),근린생활1,제1종근린생활시설,1020130458,지번
1156013300106670007,서울특별시 영등포구 대림동,서울특별시 영등포구 대림로40길 24-1 (대림동),근린생활1,제1종근린생활시설,1020130353,지번
1156011100101850082,서울특별시 영등포구 당산동1가,서울특별시 영등포구 영신로43길 18 (당산동1가),근린생활2,단독주택,102017632,지번
1156011100101850082,서울특별시 영등포구 당산동1가,서울특별시 영등포구 영신로43길 18 (당산동1가),근린생활2,제2종근린생활시설,102017633,지번
1156011100101850082,서울특별시 영등포구 당산동1가,서울특별시 영등포구 영신로43길 18 (당산동1가),근린생활2,단독주택,102017634,지번
1156011100100830000,서울특별시 영등포구 당산동1가,서울특별시 영등포구 영등포로 157 (당산동1가),근린생활1,제1종근린생활시설,102017450,지번
1156010800100790003,서울특별시 영등포구 영등포동7가,서울특별시 영등포구 국회대로52길 2 (영등포동7가),근린생활1,제1종근린생활시설,102016144,지번
1156010800100680003,서울특별시 영등포구 영등포동7가,서울특별시 영등포구 국회대로46길 5 (영등포동7가),근린생활1,제1종근린생활시설,102016062,지번
1156010800100940079,서울특별시 영등포구 영등포동7가,서울특별시 영등포구 버드나루로12가길 2 (영등포동7가),근린생활1,제1종근린생활시설,102016221,지번
1156010800100940092,서울특별시 영등포구 영등포동7가,서울특별시 영등포구 버드나루로 72-1 (영등포동7가),근린생활1,제1종근린생활시설,102016229,지번
1156011900100120005,서울특별시 영등포구 문래동1가,서울특별시 영등포구 경인로 798 (문래동1가),근린생활2,근린생활시설,1020113245,지번
1156011100102000001,서울특별시 영등포구 당산동1가,서울특별시 영등포구 영신로 171 (당산동1가),근린생활1,제1종근린생활시설,102017731,지번
1156011100102000002,서울특별시 영등포구 당산동1가,서울특별시 영등포구 양산로 166 (당산동1가),근린생활1,제1종근린생활시설,102017732,지번
1156011100102000004,서울특별시 영등포구 당산동1가,서울특별시 영등포구 영신로47길 2 (당산동1가),근린생활1,제1종근린생활시설,102017734,지번
1156010500101830000,서울특별시 영등포구 영등포동4가,서울특별시 영등포구 영신로 124 (영등포동4가),근린생활1,제1종근린생활시설,102014806,지번
1156011900100180009,서울특별시 영등포구 문래동1가,서울특별시 영등포구 경인로90길 9-5 (문래동1가),근린생활2,제2종근린생활시설,1020113274,지번
1156011100100740001,서울특별시 영등포구 당산동1가,서울특별시 영등포구 영등포로 163 (당산동1가),근린생활1,제1종근린생활시설,102017430,지번
1156012100100550016,서울특별시 영등포구 문래동3가,서울특별시 영등포구 문래로 164 (문래동3가),근린생활1,업무시설,1020114437,지번
1156012100100550016,서울특별시 영등포구 문래동3가,서울특별시 영등포구 문래로28길 15 (문래동3가),근린생활1,제1종근린생활시설,1020114438,지번
1156011100102100000,서울특별시 영등포구 당산동1가,서울특별시 영등포구 양산로 150 (당산동1가),근린생활1,제1종근린생활시설,102017753,지번
1156013300106680003,서울특별시 영등포구 대림동,서울특별시 영등포구 가마산로47길 5 (대림동),근린생활1,제1종근린생활시설,1020130363,지번
1156013300106830000,서울특별시 영등포구 대림동,서울특별시 영등포구 대림로34바길 17 (대림동),근린생활1,제1종근린생활시설,1020130494,지번
1156011100100790005,서울특별시 영등포구 당산동1가,서울특별시 영등포구 영등포로 159 (당산동1가),근린생활2,제2종근린생활시설,102017443,지번
1156011100100790005,서울특별시 영등포구 당산동1가,서울특별시 영등포구 영등포로 159 (당산동1가),근린생활2,제2종근린생활시설,102017444,지번
1156011600103450007,서울특별시 영등포구 당산동6가,서울특별시 영등포구 양평로12가길 9 (당산동6가),근린생활2,제2종근린생활시설,1020110157,지번
1156011900100210012,서울특별시 영등포구 문래동1가,서울특별시 영등포구 경인로 788 (문래동1가),근린생활1,제1종근린생활시설,1020113291,지번
1156011100101690000,서울특별시 영등포구 당산동1가,서울특별시 영등포구 영신로 161 (당산동1가),근린생활1,제1종근린생활시설,102017592,지번
1156010400100100039,서울특별시 영등포구 영등포동3가,서울특별시 영등포구 영중로4길 16 (영등포동3가),근린생활2,제2종근린생활시설,102014389,지번
1156010400100020005,서울특별시 영등포구 영등포동3가,서울특별시 영등포구 영등포로 260-1 (영등포동3가),근린생활1,제1종근린생활시설,102014260,지번
1156010100106180288,서울특별시 영등포구 영등포동,서울특별시 영등포구 영신로19길 34 (영등포동),근린생활2,제2종근린생활시설,102012815,지번
1156010100106180222,서울특별시 영등포구 영등포동,서울특별시 영등포구 영신로19길 34-1 (영등포동),근린생활1,제1종근린생활시설,102012793,지번
1156010600100420004,서울특별시 영등포구 영등포동5가,서울특별시 영등포구 영중로20길 8-1 (영등포동5가),근린생활2,제2종근린생활시설,102015202,지번
1156011800102320008,서울특별시 영등포구 도림동,서울특별시 영등포구 도신로15다길 7-1 (도림동),근린생활1,제1종근린생활시설,1020112651,지번
1156011800101560042,서울특별시 영등포구 도림동,서울특별시 영등포구 도림로 351 (도림동),근린생활1,제2종근린생활시설,1020111979,지번
1156011800101560042,서울특별시 영등포구 도림동,서울특별시 영등포구 도림로 351 (도림동),근린생활1,제1종근린생활시설,1020111980,지번
1156011800101560042,서울특별시 영등포구 도림동,서울특별시 영등포구 도림로 351 (도림동),근린생활1,제1종근린생활시설,1020111981,지번
1156013300106810001,서울특별시 영등포구 대림동,서울특별시 영등포구 가마산로 370 (대림동),근린생활1,제1종근린생활시설,1020130472,지번
1156013300106810001,서울특별시 영등포구 대림동,서울특별시 영등포구 가마산로 370 (대림동),근린생활1,제1종근린생활시설,1020130473,지번
1156011800102410005,서울특별시 영등포구 도림동,서울특별시 영등포구 도림로113길 3-2 (도림동),근린생활1,단독주택,1020112773,지번
1156011800102410005,서울특별시 영등포구 도림동,서울특별시 영등포구 도림로113길 3-2 (도림동),근린생활1,제1종근린생활시설,1020112774,지번
1156010300100280111,서울특별시 영등포구 영등포동2가,서울특별시 영등포구 버드나루로3길 10 (영등포동2가),근린생활1,제1종근린생활시설,102013588,지번
1156011300100010006,서울특별시 영등포구 당산동3가,서울특별시 영등포구 영신로 175 (당산동3가),근린생활2,제2종근린생활시설,102018470,지번
1156011300100010006,서울특별시 영등포구 당산동3가,서울특별시 영등포구 영신로 175 (당산동3가),근린생활2,창고시설,102018471,지번
1156012100100160024,서울특별시 영등포구 문래동3가,서울특별시 영등포구 영신로 117 (문래동3가),근린생활2,제2종근린생활시설,1020114031,지번
1156011100102560104,서울특별시 영등포구 당산동1가,서울특별시 영등포구 영등포로27길 9-4 (당산동1가),근린생활2,제2종근린생활시설,102017909,지번
1156011100100790007,서울특별시 영등포구 당산동1가,서울특별시 영등포구 영등포로 161 (당산동1가),근린생활1,제1종근린생활시설,102017445,지번
1156012100100380000,서울특별시 영등포구 문래동3가,서울특별시 영등포구 문래로 151-1 (문래동3가),근린생활2,제2종근린생활시설,1020114129,지번
1156010800100700002,서울특별시 영등포구 영등포동7가,서울특별시 영등포구 영중로27길 4-20 (영등포동7가),근린생활2,제2종근린생활시설,102016089,지번
1156011400100320102,서울특별시 영등포구 당산동4가,서울특별시 영등포구 국회대로37길 15 (당산동4가),근린생활2,제2종근린생활시설,102019342,지번
1156011900100180018,서울특별시 영등포구 문래동1가,서울특별시 영등포구 경인로90길 9-1 (문래동1가),근린생활1,제1종근린생활시설,1020113276,지번
1156011100101850001,서울특별시 영등포구 당산동1가,서울특별시 영등포구 영신로 165 (당산동1가),근린생활1,제1종근린생활시설,102017610,지번
1156011900100170010,서울특별시 영등포구 문래동1가,서울특별시 영등포구 경인로90길 9-7 (문래동1가),근린생활2,제1종근린생활시설,1020113265,지번
1156010400100020004,서울특별시 영등포구 영등포동3가,서울특별시 영등포구 영등포로 260 (영등포동3가),근린생활2,제2종근린생활시설,102014259,지번
1156010300100280102,서울특별시 영등포구 영등포동2가,서울특별시 영등포구 국회대로54길 49 (영등포동2가),근린생활1,제1종근린생활시설,102013579,지번
1156010300101470000,서울특별시 영등포구 영등포동2가,서울특별시 영등포구 영등포로53길 1 (영등포동2가),근린생활1,제1종근린생활시설,102013846,지번
1156011100101850025,서울특별시 영등포구 당산동1가,서울특별시 영등포구 당산로16길 23 (당산동1가),근린생활1,제1종근린생활시설,102017622,지번
1156011000100400000,서울특별시 영등포구 여의도동,서울특별시 영등포구 국제금융로7길 32 (여의도동),근린생활1,공동주택,102017190,지번
1156011000100400000,서울특별시 영등포구 여의도동,서울특별시 영등포구 국제금융로7길 32 (여의도동),근린생활1,제1종근린생활시설,102017191,지번
1156011000100400000,서울특별시 영등포구 여의도동,서울특별시 영등포구 국제금융로7길 32 (여의도동),근린생활1,공동주택,102017192,지번
1156013200102960013,서울특별시 영등포구 신길동,서울특별시 영등포구 도신로 104 (신길동),근린생활1,제1종근린생활시설,1020122771,지번
1156013300109900088,서울특별시 영등포구 대림동,서울특별시 영등포구 시흥대로 621-1 (대림동),근린생활2,제2종근린생활시설,1020133423,지번
1156013300109900089,서울특별시 영등포구 대림동,서울특별시 영등포구 시흥대로 621 (대림동),근린생활1,제1종근린생활시설,1020133424,지번
1156013300109900089,서울특별시 영등포구 대림동,서울특별시 영등포구 시흥대로 621 (대림동),근린생활1,제2종근린생활시설,1020133425,지번
1156013300109900010,서울특별시 영등포구 대림동,서울특별시 영등포구 대림로 73 (대림동),근린생활1,제1종근린생활시설,1020133373,지번
1156013300109900016,서울특별시 영등포구 대림동,서울특별시 영등포구 대림로 75 (대림동),근린생활2,제2종근린생활시설,1020133379,지번
1156013300109900029,서울특별시 영등포구 대림동,서울특별시 영등포구 대림로 79 (대림동),근린생활1,제1종근린생활시설,1020133387,지번
1156013300109900020,서울특별시 영등포구 대림동,서울특별시 영등포구 대림로 77-2 (대림동),근린생활2,제2종근린생활시설,1020133382,지번
1156013300109900009,서울특별시 영등포구 대림동,서울특별시 영등포구 시흥대로177길 6-1 (대림동),근린생활2,제2종근린생활시설,1020133372,지번
1156013300107160003,서울특별시 영등포구 대림동,서울특별시 영등포구 도림로41길 8 (대림동),근린생활1,제1종근린생활시설,1020130809,지번
1156013300107340005,서울특별시 영등포구 대림동,서울특별시 영등포구 대림로31길 18 (대림동),근린생활2,제2종근린생활시설,1020130958,지번
1156013300107230005,서울특별시 영등포구 대림동,서울특별시 영등포구 대림로31가길 19 (대림동),근린생활2,제2종근린생활시설,1020130878,지번
1156013300108040050,서울특별시 영등포구 대림동,서울특별시 영등포구 대림로29길 29 (대림동),근린생활1,근린생활시설,1020131628,지번
1156011800101800002,서울특별시 영등포구 도림동,서울특별시 영등포구 도림로 369-1 (도림동),근린생활2,제2종근린생활시설,10201100238348,지번
1156013300107160002,서울특별시 영등포구 대림동,서울특별시 영등포구 대림로27길 12 (대림동),근린생활2,제2종근린생활시설,1020130808,지번
1156013300107110000,서울특별시 영등포구 대림동,서울특별시 영등포구 도림로 145 (대림동),근린생활1,제1종근린생활시설,1020130778,지번
1156013300107300001,서울특별시 영등포구 대림동,서울특별시 영등포구 대림로31가길 4 (대림동),근린생활2,제2종근린생활시설,1020130924,지번
1156013300107310000,서울특별시 영등포구 대림동,서울특별시 영등포구 대림로31나길 7 (대림동),근린생활1,제1종근린생활시설,1020130927,지번
1156013300107290006,서울특별시 영등포구 대림동,서울특별시 영등포구 대림로31가길 7 (대림동),근린생활2,제2종근린생활시설,1020130920,지번
1156013300108100016,서울특별시 영등포구 대림동,서울특별시 영등포구 대림로29길 34-1 (대림동),근린생활1,제1종근린생활시설,1020131673,지번
1156013300110580009,서울특별시 영등포구 대림동,서울특별시 영등포구 디지털로37라길 14 (대림동),근린생활2,제2종근린생활시설,1020134247,지번
1156013300110570060,서울특별시 영등포구 대림동,서울특별시 영등포구 도림로38길 5 (대림동),근린생활2,제2종근린생활시설,1020134233,지번
1156013300110680006,서울특별시 영등포구 대림동,서울특별시 영등포구 디지털로37길 22-1 (대림동),근린생활1,제1종근린생활시설,1020134482,지번
1156013300108100019,서울특별시 영등포구 대림동,서울특별시 영등포구 대림로29길 37 (대림동),근린생활2,제2종근린생활시설,1020131675,지번
1156013300107790015,서울특별시 영등포구 대림동,서울특별시 영등포구 가마산로 331-2 (대림동),근린생활1,제1종근린생활시설,1020131436,지번
1156013300107790014,서울특별시 영등포구 대림동,서울특별시 영등포구 가마산로 331 (대림동),근린생활2,제2종근린생활시설,1020131435,지번
1156013300107760005,서울특별시 영등포구 대림동,서울특별시 영등포구 가마산로34길 4 (대림동),근린생활1,제1종근린생활시설,1020131373,지번
1156013300107400008,서울특별시 영등포구 대림동,서울특별시 영등포구 대림로35가길 7-1 (대림동),근린생활1,제1종근린생활시설,1020131012,지번
1156013300106880003,서울특별시 영등포구 대림동,서울특별시 영등포구 대림로 208 (대림동),근린생활2,제2종근린생활시설,1020130583,지번
1156013300110510084,서울특별시 영등포구 대림동,서울특별시 영등포구 도림로 128 (대림동),근린생활1,제1종근린생활시설,1020134105,지번
1156013300110510002,서울특별시 영등포구 대림동,서울특별시 영등포구 도림로37길 3-2 (대림동),근린생활2,제2종근린생활시설,1020134097,지번
1156013300108120026,서울특별시 영등포구 대림동,서울특별시 영등포구 대림로29길 35 (대림동),근린생활2,제2종근린생활시설,1020131721,지번
1156013300107130006,서울특별시 영등포구 대림동,서울특별시 영등포구 도림로41길 9 (대림동),근린생활1,제1종근린생활시설,1020130791,지번
1156013300107180000,서울특별시 영등포구 대림동,서울특별시 영등포구 대림로27나길 8 (대림동),근린생활2,제2종근린생활시설,1020130813,지번
1156013300107230001,서울특별시 영등포구 대림동,서울특별시 영등포구 대림로31길 17 (대림동),근린생활1,제1종근린생활시설,1020130874,지번
1156013300107340002,서울특별시 영등포구 대림동,서울특별시 영등포구 가마산로34길 24 (대림동),근린생활2,제2종근린생활시설,1020130955,지번
1156013300107750016,서울특별시 영등포구 대림동,서울특별시 영등포구 가마산로34길 3 (대림동),근린생활2,제2종근린생활시설,1020131366,지번
1156013300107750002,서울특별시 영등포구 대림동,서울특별시 영등포구 가마산로 334 (대림동),근린생활1,제1종근린생활시설,1020131355,지번
1156013300110680008,서울특별시 영등포구 대림동,서울특별시 영등포구 디지털로37길 20-1 (대림동),근린생활2,제2종근린생활시설,1020134484,지번
1156013300110500048,서울특별시 영등포구 대림동,서울특별시 영등포구 도림로38길 3-1 (대림동),근린생활2,제2종근린생활시설,1020134095,지번
1156013300108040028,서울특별시 영등포구 대림동,서울특별시 영등포구 대림로29길 32 (대림동),근린생활1,제1종근린생활시설,1020131614,지번
1156013300107160004,서울특별시 영등포구 대림동,서울특별시 영등포구 도림로41길 10 (대림동),근린생활1,제1종근린생활시설,1020130810,지번
1156013300107750007,서울특별시 영등포구 대림동,서울특별시 영등포구 대림로 209 (대림동),근린생활1,제1종근린생활시설,1020131359,지번
1156013300110680020,서울특별시 영등포구 대림동,서울특별시 영등포구 디지털로37길 23 (대림동),근린생활1,제1종근린생활시설,1020134493,지번
1156013300110680018,서울특별시 영등포구 대림동,서울특별시 영등포구 디지털로37길 25-1 (대림동),근린생활1,제1종근린생활시설,1020134491,지번
1156013300110570021,서울특별시 영등포구 대림동,서울특별시 영등포구 도림로38길 7 (대림동),근린생활1,제1종근린생활시설,1020134226,지번
1156013300110570030,서울특별시 영등포구 대림동,서울특별시 영등포구 도림로38길 6 (대림동),근린생활1,제1종근린생활시설,1020134229,지번
1156013300110680013,서울특별시 영등포구 대림동,서울특별시 영등포구 디지털로41길 15 (대림동),근린생활1,제1종근린생활시설,1020134488,지번
1156013300110560017,서울특별시 영등포구 대림동,서울특별시 영등포구 도림로36길 1 (대림동),근린생활1,제1종근린생활시설,1020134160,지번
1156013300107200000,서울특별시 영등포구 대림동,서울특별시 영등포구 대림로31길 3 (대림동),근린생활1,제1종근린생활시설,1020130827,지번
1156013300107210001,서울특별시 영등포구 대림동,서울특별시 영등포구 대림로27가길 19 (대림동),근린생활1,제1종근린생활시설,1020130840,지번
1156013300107270005,서울특별시 영등포구 대림동,서울특별시 영등포구 대림로29길 24 (대림동),근린생활1,제1종근린생활시설,1020130903,지번
1156013300107320005,서울특별시 영등포구 대림동,서울특별시 영등포구 대림로31길 26 (대림동),근린생활1,제1종근린생활시설,1020130936,지번
1156013300107760003,서울특별시 영등포구 대림동,서울특별시 영등포구 가마산로 328 (대림동),근린생활2,위험물저장및처리시설,1020131372,지번
1156013300107750001,서울특별시 영등포구 대림동,서울특별시 영등포구 가마산로 332 (대림동),근린생활2,제2종근린생활시설,1020131354,지번
1156013300110680019,서울특별시 영등포구 대림동,서울특별시 영등포구 디지털로37길 25 (대림동),근린생활1,제1종근린생활시설,1020134492,지번
1156013300108120016,서울특별시 영등포구 대림동,서울특별시 영등포구 도림로37길 5 (대림동),근린생활2,제2종근린생활시설,1020131711,지번
1156013300110570018,서울특별시 영등포구 대림동,서울특별시 영등포구 도림로38길 14 (대림동),근린생활1,제1종근린생활시설,1020134225,지번
1156013300110500003,서울특별시 영등포구 대림동,서울특별시 영등포구 도림로38길 1 (대림동),근린생활1,제1종근린생활시설,1020134084,지번
1156013300110580028,서울특별시 영등포구 대림동,서울특별시 영등포구 도림천로11길 20 (대림동),근린생활2,제2종근린생활시설,1020134257,지번
1156013300107050000,서울특별시 영등포구 대림동,서울특별시 영등포구 대림로23길 27 (대림동),근린생활2,제2종근린생활시설,1020130735,지번
1156013300107050000,서울특별시 영등포구 대림동,서울특별시 영등포구 대림로23길 25 (대림동),근린생활2,제2종근린생활시설,1020130736,지번
1156012200100370014,서울특별시 영등포구 문래동4가,서울특별시 영등포구 도림로145길 19-6 (문래동4가),근린생활1,제1종근린생활시설,1020115151,지번
1156013300107140012,서울특별시 영등포구 대림동,서울특별시 영등포구 도림로39길 11-16 (대림동),근린생활1,제1종근린생활시설,1020130806,지번
1156013300107270001,서울특별시 영등포구 대림동,서울특별시 영등포구 대림로31가길 16 (대림동),근린생활2,제2종근린생활시설,1020130899,지번
1156013300107340001,서울특별시 영등포구 대림동,서울특별시 영등포구 대림로31나길 20 (대림동),근린생활2,제2종근린생활시설,1020130954,지번
1156013300107280000,서울특별시 영등포구 대림동,서울특별시 영등포구 대림로31가길 10 (대림동),근린생활2,제2종근린생활시설,1020130908,지번
1156013300107370009,서울특별시 영등포구 대림동,서울특별시 영등포구 대림로35나길 24 (대림동),근린생활2,제2종근린생활시설,1020130971,지번
1156013300107380010,서울특별시 영등포구 대림동,서울특별시 영등포구 대림로35가길 24 (대림동),근린생활2,제2종근린생활시설,1020130986,지번
1156013300107330004,서울특별시 영등포구 대림동,서울특별시 영등포구 대림로29가길 15-1 (대림동),근린생활2,제2종근린생활시설,1020130948,지번
1156013300108120039,서울특별시 영등포구 대림동,서울특별시 영등포구 도림로37길 18 (대림동),근린생활1,제1종근린생활시설,1020131731,지번
1156013300107420003,서울특별시 영등포구 대림동,서울특별시 영등포구 대림로33길 8 (대림동),근린생활2,제2종근린생활시설,1020131023,지번
1156013300107400006,서울특별시 영등포구 대림동,서울특별시 영등포구 대림로33길 4 (대림동),근린생활2,제2종근린생활시설,1020131010,지번
1156013300107390001,서울특별시 영등포구 대림동,서울특별시 영등포구 대림로 191 (대림동),근린생활1,제1종근린생활시설,1020130995,지번
1156013300107390011,서울특별시 영등포구 대림동,서울특별시 영등포구 대림로35가길 15 (대림동),근린생활2,제2종근린생활시설,1020131005,지번
1156013300107420016,서울특별시 영등포구 대림동,서울특별시 영등포구 대림로35나길 12 (대림동),근린생활2,제2종근린생활시설,1020131034,지번
1156013300107420001,서울특별시 영등포구 대림동,서울특별시 영등포구 대림로35가길 8 (대림동),근린생활2,제2종근린생활시설,1000000000000005772105,지번
1156013300107390000,서울특별시 영등포구 대림동,서울특별시 영등포구 대림로33길 3 (대림동),근린생활1,제1종근린생활시설,1020130994,지번
1156013300107390010,서울특별시 영등포구 대림동,서울특별시 영등포구 대림로35가길 15-1 (대림동),근린생활2,제2종근린생활시설,1020131004,지번
1156013300107420008,서울특별시 영등포구 대림동,서울특별시 영등포구 대림로35길 11 (대림동),근린생활1,제1종근린생활시설,1020131027,지번
1156013300107380007,서울특별시 영등포구 대림동,서울특별시 영등포구 대림로35가길 20 (대림동),근린생활2,제2종근린생활시설,10201100187224,지번
1156013300111160049,서울특별시 영등포구 대림동,서울특별시 영등포구 도림천로 379 (대림동),근린생활2,제2종근린생활시설,1020135065,지번
1156013300110870037,서울특별시 영등포구 대림동,서울특별시 영등포구 디지털로 334-1 (대림동),근린생활2,제2종근린생활시설,1020134913,지번
1156013300110660068,서울특별시 영등포구 대림동,서울특별시 영등포구 디지털로37길 9-2 (대림동),근린생활2,제2종근린생활시설,1020134409,지번
1156013300107100001,서울특별시 영등포구 대림동,서울특별시 영등포구 대림로27길 13-1 (대림동),근린생활2,제2종근린생활시설,1020130765,지번
1156013300107220013,서울특별시 영등포구 대림동,서울특별시 영등포구 도림로41길 24 (대림동),근린생활2,제2종근린생활시설,1000000000000005419511,지번
1156013300107210000,서울특별시 영등포구 대림동,서울특별시 영등포구 대림로31길 7 (대림동),근린생활2,제2종근린생활시설,1020130855,지번
1156013300107210017,서울특별시 영등포구 대림동,서울특별시 영등포구 대림로27나길 20 (대림동),근린생활2,제2종근린생활시설,10201100194774,지번
1156013300107260000,서울특별시 영등포구 대림동,서울특별시 영등포구 대림로29나길 16 (대림동),근린생활2,제2종근린생활시설,1020130886,지번
1156013300107370008,서울특별시 영등포구 대림동,서울특별시 영등포구 대림로35나길 22 (대림동),근린생활2,제2종근린생활시설,10201100187086,지번
1156013300108040045,서울특별시 영등포구 대림동,서울특별시 영등포구 대림로29다길 4 (대림동),근린생활2,제2종근린생활시설,1020131626,지번
1156013300107220011,서울특별시 영등포구 대림동,서울특별시 영등포구 도림로41길 20-1 (대림동),근린생활2,제2종근린생활시설,1020130866,지번
1156013300107420017,서울특별시 영등포구 대림동,서울특별시 영등포구 가마산로34길 15-1 (대림동),근린생활2,제2종근린생활시설,1020131035,지번
1156013300107390006,서울특별시 영등포구 대림동,서울특별시 영등포구 대림로35가길 21 (대림동),근린생활2,제2종근린생활시설,1020131000,지번
1156013300107420004,서울특별시 영등포구 대림동,서울특별시 영등포구 대림로35나길 11 (대림동),근린생활1,제1종근린생활시설,1020131024,지번
1156013300107420007,서울특별시 영등포구 대림동,서울특별시 영등포구 대림로35길 13 (대림동),근린생활2,제2종근린생활시설,1020131026,지번
1156013300107380001,서울특별시 영등포구 대림동,서울특별시 영등포구 대림로33길 7 (대림동),근린생활1,제1종근린생활시설,1020130978,지번
1156013300107400002,서울특별시 영등포구 대림동,서울특별시 영등포구 대림로 203 (대림동),근린생활2,업무시설,1000000000000003179744,지번
1156013300107400000,서울특별시 영등포구 대림동,서울특별시 영등포구 대림로35가길 1 (대림동),근린생활2,제2종근린생활시설,1020131006,지번
1156013300107790013,서울특별시 영등포구 대림동,서울특별시 영등포구 가마산로 333 (대림동),근린생활1,제1종근린생활시설,1020131434,지번
1156013300107750009,서울특별시 영등포구 대림동,서울특별시 영등포구 대림로35길 6 (대림동),근린생활1,제1종근린생활시설,1020131361,지번
1156013300107750004,서울특별시 영등포구 대림동,서울특별시 영등포구 가마산로 338 (대림동),근린생활,근린생활시설,1020135189,지번
1156013300108040021,서울특별시 영등포구 대림동,서울특별시 영등포구 대림로29다길 1 (대림동),근린생활1,제1종근린생활시설,1020131608,지번
1156013300107340004,서울특별시 영등포구 대림동,서울특별시 영등포구 가마산로34길 26-1 (대림동),근린생활2,제2종근린생활시설,1020130957,지번
1156013300107210012,서울특별시 영등포구 대림동,서울특별시 영등포구 대림로27나길 14 (대림동),근린생활1,제1종근린생활시설,1020130849,지번
1156013300107270007,서울특별시 영등포구 대림동,서울특별시 영등포구 대림로29나길 4 (대림동),근린생활2,제2종근린생활시설,1020130905,지번
1156013300107270006,서울특별시 영등포구 대림동,서울특별시 영등포구 대림로29나길 2 (대림동),근린생활2,제2종근린생활시설,1020130904,지번
1156013300107330006,서울특별시 영등포구 대림동,서울특별시 영등포구 대림로29나길 18 (대림동),근린생활1,제1종근린생활시설,1020130950,지번
1156013300107390005,서울특별시 영등포구 대림동,서울특별시 영등포구 대림로35가길 23 (대림동),근린생활1,제1종근린생활시설,1020130999,지번
1156013300107140011,서울특별시 영등포구 대림동,서울특별시 영등포구 도림로39길 11-12 (대림동),근린생활2,제2종근린생활시설,1020130805,지번
1156013300107220009,서울특별시 영등포구 대림동,서울특별시 영등포구 대림로29길 12 (대림동),근린생활2,제2종근린생활시설,1020130864,지번
1156013300107100000,서울특별시 영등포구 대림동,서울특별시 영등포구 도림로41길 6 (대림동),근린생활1,제1종근린생활시설,1020130764,지번
1156013300107390002,서울특별시 영등포구 대림동,서울특별시 영등포구 대림로 187 (대림동),근린생활2,제2종근린생활시설,1020130996,지번
1156013300107750006,서울특별시 영등포구 대림동,서울특별시 영등포구 대림로 211 (대림동),근린생활2,제2종근린생활시설,1020131358,지번
1156011100102560127,서울특별시 영등포구 당산동1가,서울특별시 영등포구 당산로16길 24-10 (당산동1가),근린생활2,제2종근린생활시설,102017925,지번
1156013300110470002,서울특별시 영등포구 대림동,서울특별시 영등포구 도림로40길 11 (대림동),근린생활1,단독주택,10201100191061,지번
1156013300110470002,서울특별시 영등포구 대림동,서울특별시 영등포구 도림로40길 11 (대림동),근린생활1,제1종근린생활시설,1020134061,지번
1156013300110580045,서울특별시 영등포구 대림동,서울특별시 영등포구 디지털로37길 34 (대림동),근린생활2,제2종근린생활시설,1020134268,지번
1156013300110600056,서울특별시 영등포구 대림동,서울특별시 영등포구 디지털로37가길 1 (대림동),근린생활1,제1종근린생활시설,1020134357,지번
1156013300110590008,서울특별시 영등포구 대림동,서울특별시 영등포구 도림천로11길 9 (대림동),근린생활1,제1종근린생활시설,1020134277,지번
1156013300107120004,서울특별시 영등포구 대림동,서울특별시 영등포구 도림로39길 9 (대림동),근린생활2,제2종근린생활시설,1020130782,지번
1156013300110580005,서울특별시 영등포구 대림동,서울특별시 영등포구 디지털로37길 29 (대림동),근린생활2,제2종근린생활시설,1020134244,지번
1156013300107140000,서울특별시 영등포구 대림동,서울특별시 영등포구 대림로29길 23 (대림동),근린생활1,제1종근린생활시설,1020130797,지번
1156013300107280005,서울특별시 영등포구 대림동,서울특별시 영등포구 대림로29길 27 (대림동),근린생활2,제2종근린생활시설,1020130912,지번
1156013300107210010,서울특별시 영등포구 대림동,서울특별시 영등포구 대림로27나길 10 (대림동),근린생활1,제1종근린생활시설,1020130847,지번
1156013300107270000,서울특별시 영등포구 대림동,서울특별시 영등포구 대림로29나길 6 (대림동),근린생활1,제1종근린생활시설,1020130898,지번
1156013300107260001,서울특별시 영등포구 대림동,서울특별시 영등포구 대림로29가길 13 (대림동),근린생활1,제1종근린생활시설,1020130887,지번
1156013300107950004,서울특별시 영등포구 대림동,서울특별시 영등포구 대림로31다길 11 (대림동),근린생활1,제1종근린생활시설,1020131551,지번
1156013300107750010,서울특별시 영등포구 대림동,서울특별시 영등포구 대림로35길 8 (대림동),근린생활2,제2종근린생활시설,1020131362,지번
1156013300107380000,서울특별시 영등포구 대림동,서울특별시 영등포구 대림로33길 9 (대림동),근린생활2,제2종근린생활시설,1020130977,지번
1156013300106880009,서울특별시 영등포구 대림동,서울특별시 영등포구 대림로34가길 18 (대림동),근린생활1,제1종근린생활시설,1020130589,지번
1156013300107400010,서울특별시 영등포구 대림동,서울특별시 영등포구 대림로35가길 5 (대림동),근린생활1,제1종근린생활시설,1020131014,지번
1156013300106880011,서울특별시 영등포구 대림동,서울특별시 영등포구 대림로34가길 20-1 (대림동),근린생활1,제1종근린생활시설,1020130591,지번
1156013300107790002,서울특별시 영등포구 대림동,서울특별시 영등포구 대림로39길 11-1 (대림동),근린생활1,제1종근린생활시설,1020131424,지번
1156013300107400003,서울특별시 영등포구 대림동,서울특별시 영등포구 대림로 199 (대림동),근린생활1,제1종근린생활시설,1020131009,지번
1156013300107790012,서울특별시 영등포구 대림동,서울특별시 영등포구 가마산로 335 (대림동),근린생활1,제1종근린생활시설,1020131433,지번
1156013300107750000,서울특별시 영등포구 대림동,서울특별시 영등포구 가마산로 330 (대림동),근린생활2,제2종근린생활시설,1020131353,지번
1156013300108120011,서울특별시 영등포구 대림동,서울특별시 영등포구 도림로39길 5 (대림동),근린생활2,제2종근린생활시설,1020131707,지번
1156013300107780039,서울특별시 영등포구 대림동,서울특별시 영등포구 가마산로 321 (대림동),근린생활1,제1종근린생활시설,1020131417,지번
1156013300107780026,서울특별시 영등포구 대림동,서울특별시 영등포구 가마산로 325-7 (대림동),근린생활1,제1종근린생활시설,1020131406,지번
1156013300107760008,서울특별시 영등포구 대림동,서울특별시 영등포구 가마산로32길 11-1 (대림동),근린생활1,제1종근린생활시설,1000000000000007090663,지번
1156013300107760001,서울특별시 영등포구 대림동,서울특별시 영등포구 가마산로 322 (대림동),근린생활1,제1종근린생활시설,1020131368,지번
1156013300107760001,서울특별시 영등포구 대림동,서울특별시 영등포구 가마산로 320 (대림동),근린생활1,제1종근린생활시설,1020131369,지번
1156013300107760001,서울특별시 영등포구 대림동,서울특별시 영등포구 가마산로 320 (대림동),근린생활1,제1종근린생활시설,1020131370,지번
1156013300107760000,서울특별시 영등포구 대림동,서울특별시 영등포구 가마산로 318 (대림동),근린생활1,제1종근린생활시설,1020131367,지번
1156013300107760002,서울특별시 영등포구 대림동,서울특별시 영등포구 가마산로 324 (대림동),근린생활2,제1종근린생활시설,1020131371,지번
1156013300107780006,서울특별시 영등포구 대림동,서울특별시 영등포구 가마산로 325-12 (대림동),근린생활1,제1종근린생활시설,1020131389,지번
1156013300110480002,서울특별시 영등포구 대림동,서울특별시 영등포구 도림로40길 10 (대림동),근린생활2,제2종근린생활시설,1020134070,지번
1156013300110860013,서울특별시 영등포구 대림동,서울특별시 영등포구 디지털로 333 (대림동),근린생활1,제1종근린생활시설,1020134909,지번
1156013300107340006,서울특별시 영등포구 대림동,서울특별시 영등포구 대림로29가길 16 (대림동),근린생활2,제2종근린생활시설,1020130959,지번
1156013300107340000,서울특별시 영등포구 대림동,서울특별시 영등포구 대림로31나길 18 (대림동),근린생활1,제1종근린생활시설,1020130953,지번
1156013300107140005,서울특별시 영등포구 대림동,서울특별시 영등포구 도림로41길 11-2 (대림동),근린생활2,제2종근린생활시설,1020130800,지번
1156013300111090010,서울특별시 영등포구 대림동,서울특별시 영등포구 대림로31길 38 (대림동),근린생활2,제2종근린생활시설,1020135055,지번
1156013300107760011,서울특별시 영등포구 대림동,서울특별시 영등포구 가마산로32길 7 (대림동),근린생활1,제1종근린생활시설,1020131380,지번
1156013300107780017,서울특별시 영등포구 대림동,서울특별시 영등포구 가마산로 325-6 (대림동),근린생활1,제1종근린생활시설,1020131397,지번
1156013300107780013,서울특별시 영등포구 대림동,서울특별시 영등포구 가마산로 331-6 (대림동),근린생활1,제1종근린생활시설,1020131393,지번
1156013300107760012,서울특별시 영등포구 대림동,서울특별시 영등포구 가마산로32길 5 (대림동),근린생활2,제2종근린생활시설,1020131381,지번
1156013300107760006,서울특별시 영등포구 대림동,서울특별시 영등포구 가마산로32길 15 (대림동),근린생활1,제1종근린생활시설,1020131374,지번
1156013300107790000,서울특별시 영등포구 대림동,서울특별시 영등포구 대림로39길 15 (대림동),근린생활1,제1종근린생활시설,1020131423,지번
1156013300110570009,서울특별시 영등포구 대림동,서울특별시 영등포구 도림천로11길 16 (대림동),근린생활2,제2종근린생활시설,1020134216,지번
1156013300110870012,서울특별시 영등포구 대림동,서울특별시 영등포구 디지털로 334 (대림동),근린생활1,제1종근린생활시설,1020134911,지번
1156013300108090000,서울특별시 영등포구 대림동,서울특별시 영등포구 대림로29길 41 (대림동),근린생활2,제2종근린생활시설,10201100190314,지번
1156013300107780032,서울특별시 영등포구 대림동,서울특별시 영등포구 가마산로 329 (대림동),근린생활1,제1종근린생활시설,1020131412,지번
1156013300107130013,서울특별시 영등포구 대림동,서울특별시 영등포구 도림로39길 13 (대림동),근린생활1,제1종근린생활시설,1020130796,지번
1156013300108100057,서울특별시 영등포구 대림동,서울특별시 영등포구 대림로29길 37-2 (대림동),근린생활1,제1종근린생활시설,1020131693,지번
1156013300110370011,서울특별시 영등포구 대림동,서울특별시 영등포구 디지털로37다길 23-2 (대림동),근린생활1,제1종근린생활시설,1020134027,지번
1156013300110570017,서울특별시 영등포구 대림동,서울특별시 영등포구 도림천로11길 15-7 (대림동),근린생활2,제2종근린생활시설,1020134224,지번
1156013300110500002,서울특별시 영등포구 대림동,서울특별시 영등포구 도림로38길 1-1 (대림동),근린생활2,제2종근린생활시설,1020134083,지번
1156013300110520034,서울특별시 영등포구 대림동,서울특별시 영등포구 도림로31길 6-1 (대림동),근린생활2,제2종근린생활시설,1020134133,지번
1156013300110520037,서울특별시 영등포구 대림동,서울특별시 영등포구 도림로31길 4-2 (대림동),근린생활2,제2종근린생활시설,1020134136,지번
1156013300107320009,서울특별시 영등포구 대림동,서울특별시 영등포구 대림로31나길 6 (대림동),근린생활2,제2종근린생활시설,10201100193817,지번
1156013300108070006,서울특별시 영등포구 대림동,서울특별시 영등포구 도림로31길 26 (대림동),근린생활1,제1종근린생활시설,1020131653,지번
1156013300111100005,서울특별시 영등포구 대림동,서울특별시 영등포구 대림로31길 34-1 (대림동),근린생활2,제2종근린생활시설,1020135057,지번
1156013300107800000,서울특별시 영등포구 대림동,서울특별시 영등포구 가마산로31길 16 (대림동),근린생활1,자동차관련시설,10201100189935,지번
1156013300107800000,서울특별시 영등포구 대림동,서울특별시 영등포구 가마산로31길 16 (대림동),근린생활1,제1종근린생활시설,10201100190016,지번
1156013300107780037,서울특별시 영등포구 대림동,서울특별시 영등포구 가마산로 323 (대림동),근린생활1,제1종근린생활시설,1020131415,지번
1156013300107780036,서울특별시 영등포구 대림동,서울특별시 영등포구 가마산로 325 (대림동),근린생활1,제1종근린생활시설,1020131414,지번
1156013300107780038,서울특별시 영등포구 대림동,서울특별시 영등포구 가마산로 321-1 (대림동),근린생활1,제1종근린생활시설,1020131416,지번
1156013300107060027,서울특별시 영등포구 대림동,서울특별시 영등포구 대림로23길 28 (대림동),근린생활1,제1종근린생활시설,1020130753,지번
1156013300110680007,서울특별시 영등포구 대림동,서울특별시 영등포구 디지털로37길 22 (대림동),근린생활2,제2종근린생활시설,1020134483,지번
1156013300107310005,서울특별시 영등포구 대림동,서울특별시 영등포구 대림로31길 32 (대림동),근린생활2,제2종근린생활시설,1020130931,지번
1156013300107950003,서울특별시 영등포구 대림동,서울특별시 영등포구 가마산로32가길 9 (대림동),근린생활1,제1종근린생활시설,1020131550,지번
1156013300107950003,서울특별시 영등포구 대림동,서울특별시 영등포구 가마산로32가길 9-1 (대림동),근린생활1,공동주택,1020135231,지번
1156013300108070013,서울특별시 영등포구 대림동,서울특별시 영등포구 대림로29길 42 (대림동),근린생활2,제2종근린생활시설,1020131654,지번
1156013300110590036,서울특별시 영등포구 대림동,서울특별시 영등포구 도림천로11길 10-1 (대림동),근린생활1,제1종근린생활시설,1020134296,지번
1156013300110520035,서울특별시 영등포구 대림동,서울특별시 영등포구 도림로31길 6 (대림동),근린생활1,제1종근린생활시설,1020134134,지번
1156013300110520038,서울특별시 영등포구 대림동,서울특별시 영등포구 도림로31길 4-1 (대림동),근린생활1,제1종근린생활시설,1020134137,지번
1156013300110520016,서울특별시 영등포구 대림동,서울특별시 영등포구 도림로31길 12 (대림동),근린생활1,제1종근린생활시설,1020134116,지번
1156013300107320001,서울특별시 영등포구 대림동,서울특별시 영등포구 대림로31나길 10 (대림동),근린생활2,제2종근린생활시설,1020130933,지번
1156013300111110001,서울특별시 영등포구 대림동,서울특별시 영등포구 대림로31길 35 (대림동),근린생활2,제2종근린생활시설,1020135059,지번
1156013300108100013,서울특별시 영등포구 대림동,서울특별시 영등포구 대림로29길 38 (대림동),근린생활2,제2종근린생활시설,1020131670,지번
1156013300110360006,서울특별시 영등포구 대림동,서울특별시 영등포구 디지털로53길 19-2 (대림동),근린생활1,제1종근린생활시설,1020134011,지번
1156013300110390015,서울특별시 영등포구 대림동,서울특별시 영등포구 대림로21길 14 (대림동),근린생활2,제2종근린생활시설,1020134060,지번
1156013300109900086,서울특별시 영등포구 대림동,서울특별시 영등포구 시흥대로177길 1 (대림동),근린생활2,제2종근린생활시설,1020133421,지번
1156013300109900006,서울특별시 영등포구 대림동,서울특별시 영등포구 시흥대로177길 2 (대림동),근린생활2,제2종근린생활시설,1020133369,지번
1156013300109900084,서울특별시 영등포구 대림동,서울특별시 영등포구 시흥대로177길 3-1 (대림동),근린생활1,제1종근린생활시설,1020133419,지번
1156013300109900085,서울특별시 영등포구 대림동,서울특별시 영등포구 시흥대로177길 3 (대림동),근린생활1,제1종근린생활시설,1020133420,지번
1156013300109900004,서울특별시 영등포구 대림동,서울특별시 영등포구 시흥대로 629 (대림동),근린생활2,제2종근린생활시설,1020135341,지번
1156013300110680001,서울특별시 영등포구 대림동,서울특별시 영등포구 디지털로37길 28 (대림동),근린생활1,제1종근린생활시설,1020134478,지번
1156013300110580048,서울특별시 영등포구 대림동,서울특별시 영등포구 디지털로37길 27-1 (대림동),근린생활2,제2종근린생활시설,1020134269,지번
1156013300110560009,서울특별시 영등포구 대림동,서울특별시 영등포구 도림천로11길 11 (대림동),근린생활1,제1종근린생활시설,1020134154,지번
1156013300110660002,서울특별시 영등포구 대림동,서울특별시 영등포구 디지털로37길 12 (대림동),근린생활1,제1종근린생활시설,1020134366,지번
1156013300108040008,서울특별시 영등포구 대림동,서울특별시 영등포구 대림로29라길 2 (대림동),근린생활2,제2종근린생활시설,1020131602,지번
1156013300107290003,서울특별시 영등포구 대림동,서울특별시 영등포구 대림로29나길 11 (대림동),근린생활2,제2종근린생활시설,1020130917,지번
1156013300108100018,서울특별시 영등포구 대림동,서울특별시 영등포구 대림로29길 33 (대림동),근린생활1,제1종근린생활시설,1020131674,지번
1156013300107140007,서울특별시 영등포구 대림동,서울특별시 영등포구 도림로41길 11-6 (대림동),근린생활1,제1종근린생활시설,1020130802,지번
1156013300107330001,서울특별시 영등포구 대림동,서울특별시 영등포구 대림로31나길 16 (대림동),근린생활1,제1종근린생활시설,1020130945,지번
1156013300107330003,서울특별시 영등포구 대림동,서울특별시 영등포구 대림로29가길 17 (대림동),근린생활2,제2종근린생활시설,1020130947,지번
1156013300107130011,서울특별시 영등포구 대림동,서울특별시 영등포구 도림로39길 15 (대림동),근린생활2,제2종근린생활시설,1020130795,지번
1156011600103440001,서울특별시 영등포구 당산동6가,서울특별시 영등포구 양평로12가길 5 (당산동6가),근린생활1,제1종근린생활시설,1020110147,지번
1156011600102160002,서울특별시 영등포구 당산동6가,서울특별시 영등포구 양평로 14 (당산동6가),근린생활2,제2종근린생활시설,102019928,지번
1156011700101210146,서울특별시 영등포구 당산동,서울특별시 영등포구 버드나루로14가길 20 (당산동),근린생활2,제2종근린생활시설,1020110353,지번
1156011000100130003,서울특별시 영등포구 여의도동,서울특별시 영등포구 국회대로76길 16 (여의도동),근린생활2,제2종근린생활시설,10201100194534,지번
1156011000100130003,서울특별시 영등포구 여의도동,서울특별시 영등포구 국회대로76길 16 (여의도동),근린생활2,숙박시설,10201100196654,지번
1156011600100010002,서울특별시 영등포구 당산동6가,서울특별시 영등포구 양평로 2 (당산동6가),근린생활2,제2종근린생활시설,10201100190414,지번
1156011600102900000,서울특별시 영등포구 당산동6가,서울특별시 영등포구 당산로50길 3 (당산동6가),근린생활2,제2종근린생활시설,10201100190214,지번
1156011700101210102,서울특별시 영등포구 당산동,서울특별시 영등포구 버드나루로 110 (당산동),근린생활2,제2종근린생활시설,1020110330,지번
1156010800100290022,서울특별시 영등포구 영등포동7가,서울특별시 영등포구 국회대로 661 (영등포동7가),근린생활2,제2종근린생활시설,102015859,지번
1156011300100910001,서울특별시 영등포구 당산동3가,서울특별시 영등포구 국회대로38길 8 (당산동3가),근린생활2,제2종근린생활시설,102018581,지번
1156011400100320041,서울특별시 영등포구 당산동4가,서울특별시 영등포구 당산로38길 9-3 (당산동4가),근린생활2,제2종근린생활시설,102019292,지번
1156011400100320054,서울특별시 영등포구 당산동4가,서울특별시 영등포구 당산로38길 3-3 (당산동4가),근린생활1,제1종근린생활시설,102019302,지번
1156011600103450005,서울특별시 영등포구 당산동6가,서울특별시 영등포구 양평로14길 12 (당산동6가),근린생활2,제2종근린생활시설,1020110156,지번
1156011600103450004,서울특별시 영등포구 당산동6가,서울특별시 영등포구 선유로54길 11 (당산동6가),근린생활1,제1종근린생활시설,1020110155,지번
1156011400100320051,서울특별시 영등포구 당산동4가,서울특별시 영등포구 당산로40길 4-8 (당산동4가),근린생활1,제1종근린생활시설,102019299,지번
1156011600103390002,서울특별시 영등포구 당산동6가,서울특별시 영등포구 양평로 70 (당산동6가),근린생활2,제2종근린생활시설,1020110130,지번
1156012800100270003,서울특별시 영등포구 양평동4가,서울특별시 영등포구 양평로 75 (양평동4가),근린생활2,제2종근린생활시설,1020117073,지번
1156011600103380008,서울특별시 영등포구 당산동6가,서울특별시 영등포구 양평로 64-5 (당산동6가),근린생활1,제1종근린생활시설,1020110128,지번
1156012800102780002,서울특별시 영등포구 양평동4가,서울특별시 영등포구 양평로14길 11 (양평동4가),근린생활2,제2종근린생활시설,1020117501,지번
1156012800102780006,서울특별시 영등포구 양평동4가,서울특별시 영등포구 양평로12가길 13 (양평동4가),근린생활2,제2종근린생활시설,1020117504,지번
1156011600102340001,서울특별시 영등포구 당산동6가,서울특별시 영등포구 당산로46길 25 (당산동6가),근린생활1,제1종근린생활시설,102019951,지번
1156011600102950000,서울특별시 영등포구 당산동6가,서울특별시 영등포구 당산로 244 (당산동6가),근린생활1,제1종근린생활시설,1020110052,지번
1156011600103160001,서울특별시 영등포구 당산동6가,서울특별시 영등포구 당산로47길 6 (당산동6가),근린생활2,제2종근린생활시설,1020110067,지번
1156011500100360000,서울특별시 영등포구 당산동5가,서울특별시 영등포구 당산로45길 9 (당산동5가),근린생활1,제2종근린생활시설,102019705,지번
1156011500100360000,서울특별시 영등포구 당산동5가,서울특별시 영등포구 당산로45길 9 (당산동5가),근린생활1,제2종근린생활시설,102019706,지번
1156010800100650006,서울특별시 영등포구 영등포동7가,서울특별시 영등포구 영중로 101 (영등포동7가),근린생활1,제1종근린생활시설,102016049,지번
1156011600102160020,서울특별시 영등포구 당산동6가,서울특별시 영등포구 양평로 12 (당산동6가),근린생활1,제1종근린생활시설,102019933,지번
1156011600102160009,서울특별시 영등포구 당산동6가,서울특별시 영등포구 양평로 16 (당산동6가),근린생활2,제2종근린생활시설,1020110197,지번
1156010900100830002,서울특별시 영등포구 영등포동8가,서울특별시 영등포구 영중로 159 (영등포동8가),근린생활2,제2종근린생활시설,102016895,지번
1156011400100320107,서울특별시 영등포구 당산동4가,서울특별시 영등포구 국회대로37길 5 (당산동4가),근린생활2,제2종근린생활시설,102019346,지번
1156012800102780007,서울특별시 영등포구 양평동4가,서울특별시 영등포구 선유로54길 5-4 (양평동4가),근린생활2,제2종근린생활시설,1020117505,지번
1156011400100320052,서울특별시 영등포구 당산동4가,서울특별시 영등포구 당산로 172-1 (당산동4가),근린생활1,제1종근린생활시설,102019300,지번
1156011400100320036,서울특별시 영등포구 당산동4가,서울특별시 영등포구 당산로38길 3 (당산동4가),근린생활2,제2종근린생활시설,102019288,지번
1156012800102780008,서울특별시 영등포구 양평동4가,서울특별시 영등포구 선유로54길 5-2 (양평동4가),근린생활1,제1종근린생활시설,1020117506,지번
1156011600103390001,서울특별시 영등포구 당산동6가,서울특별시 영등포구 선유로52길 12 (당산동6가),근린생활1,제1종근린생활시설,1020110129,지번
1156011400100010145,서울특별시 영등포구 당산동4가,서울특별시 영등포구 국회대로37길 6 (당산동4가),근린생활2,제2종근린생활시설,102019156,지번
1156011600103380005,서울특별시 영등포구 당산동6가,서울특별시 영등포구 양평로 66 (당산동6가),근린생활2,제2종근린생활시설,1020110126,지번
1156011400100320059,서울특별시 영등포구 당산동4가,서울특별시 영등포구 당산로 166 (당산동4가),근린생활1,제1종근린생활시설,102019307,지번
1156011600103450008,서울특별시 영등포구 당산동6가,서울특별시 영등포구 선유로54길 13-8 (당산동6가),근린생활2,제2종근린생활시설,1020110158,지번
1156011600103500009,서울특별시 영등포구 당산동6가,서울특별시 영등포구 당산로49길 20-1 (당산동6가),근린생활1,제1종근린생활시설,1020110177,지번
1156011600103260003,서울특별시 영등포구 당산동6가,서울특별시 영등포구 당산로47길 15 (당산동6가),근린생활1,제1종근린생활시설,1020110078,지번
1156010800100940008,서울특별시 영등포구 영등포동7가,서울특별시 영등포구 버드나루로14길 17 (영등포동7가),근린생활1,제1종근린생활시설,102016194,지번
1156011700101210221,서울특별시 영등포구 당산동,서울특별시 영등포구 국회대로55길 7 (당산동),근린생활2,제2종근린생활시설,1020110372,지번
1156011600102370056,서울특별시 영등포구 당산동6가,서울특별시 영등포구 당산로46길 3 (당산동6가),근린생활1,제1종근린생활시설,1020110010,지번
1156011600103300003,서울특별시 영등포구 당산동6가,서울특별시 영등포구 당산로49길 16-1 (당산동6가),근린생활2,제2종근린생활시설,1020110090,지번
1156010900100150000,서울특별시 영등포구 영등포동8가,서울특별시 영등포구 국회대로 655 (영등포동8가),근린생활2,제2종근린생활시설,102016676,지번
1156011600103320001,서울특별시 영등포구 당산동6가,서울특별시 영등포구 당산로47길 7 (당산동6가),근린생활1,제1종근린생활시설,1020110096,지번
1156011700101210059,서울특별시 영등포구 당산동,서울특별시 영등포구 버드나루로 135 (당산동),근린생활1,제1종근린생활시설,1020110795,지번
1156011000100170020,서울특별시 영등포구 여의도동,서울특별시 영등포구 국회대로62길 23 (여의도동),근린생활2,제2종근린생활시설,102017131,지번
1156011000100130019,서울특별시 영등포구 여의도동,서울특별시 영등포구 국회대로74길 12 (여의도동),근린생활1,제1종근린생활시설,102016953,지번
1156011000100150021,서울특별시 영등포구 여의도동,서울특별시 영등포구 의사당대로 3 (여의도동),근린생활1,제1종근린생활시설,102016970,지번
1156010100106180046,서울특별시 영등포구 영등포동,서울특별시 영등포구 영신로9나길 8 (영등포동),근린생활1,제1종근린생활시설,102012712,지번
1156011600102800006,서울특별시 영등포구 당산동6가,서울특별시 영등포구 당산로46가길 10 (당산동6가),근린생활2,제2종근린생활시설,10201100254389,지번
1156011500100310002,서울특별시 영등포구 당산동5가,서울특별시 영등포구 당산로45길 2 (당산동5가),근린생활1,제1종근린생활시설,102019695,지번
1156011600102890003,서울특별시 영등포구 당산동6가,서울특별시 영등포구 당산로48길 13 (당산동6가),근린생활1,제1종근린생활시설,1020110044,지번
1156011600102890003,서울특별시 영등포구 당산동6가,서울특별시 영등포구 당산로48길 13-1 (당산동6가),근린생활1,공동주택,1020110205,지번
1156011600102810000,서울특별시 영등포구 당산동6가,서울특별시 영등포구 당산로48길 8 (당산동6가),근린생활2,제2종근린생활시설,1020110036,지번
1156010900100480001,서울특별시 영등포구 영등포동8가,서울특별시 영등포구 국회대로53길 19 (영등포동8가),근린생활2,제2종근린생활시설,102016812,지번
1156010800100780012,서울특별시 영등포구 영등포동7가,서울특별시 영등포구 국회대로50길 4 (영등포동7가),근린생활2,제2종근린생활시설,102016136,지번
1156011600101100040,서울특별시 영등포구 당산동6가,서울특별시 영등포구 당산로52길 31 (당산동6가),근린생활1,단독주택,102019890,지번
1156011700101210173,서울특별시 영등포구 당산동,서울특별시 영등포구 버드나루로 139 (당산동),근린생활2,제2종근린생활시설,1020110364,지번
1156011600103040001,서울특별시 영등포구 당산동6가,서울특별시 영등포구 당산로 231 (당산동6가),근린생활1,제1종근린생활시설,1020110058,지번
1156011000100130002,서울특별시 영등포구 여의도동,서울특별시 영등포구 국회대로74길 9 (여의도동),근린생활2,제2종근린생활시설,102016944,지번
1156011000100170010,서울특별시 영등포구 여의도동,서울특별시 영등포구 국회대로62길 25 (여의도동),근린생활,근린생활시설,102017129,지번
1156011600103450013,서울특별시 영등포구 당산동6가,서울특별시 영등포구 선유로54길 9 (당산동6가),근린생활2,제2종근린생활시설,1020110162,지번
1156011400100320081,서울특별시 영등포구 당산동4가,서울특별시 영등포구 당산로36길 9-6 (당산동4가),판매시설,판매시설,102019324,지번
1156011400100320083,서울특별시 영등포구 당산동4가,서울특별시 영등포구 당산로36길 9-2 (당산동4가),근린생활2,제2종근린생활시설,102019326,지번
1156012800102780011,서울특별시 영등포구 양평동4가,서울특별시 영등포구 양평로12가길 15 (양평동4가),근린생활1,제1종근린생활시설,1020117508,지번
1156011400100320028,서울특별시 영등포구 당산동4가,서울특별시 영등포구 당산로38길 9-4 (당산동4가),근린생활1,제1종근린생활시설,102019282,지번
1156011600103380004,서울특별시 영등포구 당산동6가,서울특별시 영등포구 양평로 64-1 (당산동6가),근린생활1,제1종근린생활시설,1020110125,지번
1156011400100320049,서울특별시 영등포구 당산동4가,서울특별시 영등포구 당산로 174 (당산동4가),근린생활2,제2종근린생활시설,102019298,지번
1156011400100320027,서울특별시 영등포구 당산동4가,서울특별시 영등포구 당산로38길 13-5 (당산동4가),근린생활1,제1종근린생활시설,102019281,지번
1156011400100320061,서울특별시 영등포구 당산동4가,서울특별시 영등포구 당산로38길 4 (당산동4가),근린생활2,제2종근린생활시설,102019309,지번
1156010800100590002,서울특별시 영등포구 영등포동7가,서울특별시 영등포구 국회대로44길 4 (영등포동7가),근린생활1,제1종근린생활시설,102015951,지번
1156011700101710018,서울특별시 영등포구 당산동,서울특별시 영등포구 버드나루로19길 9 (당산동),근린생활2,제2종근린생활시설,1020110432,지번
1156010900100910000,서울특별시 영등포구 영등포동8가,서울특별시 영등포구 영중로 154 (영등포동8가),근린생활2,공동주택,102016896,지번
1156010900100910000,서울특별시 영등포구 영등포동8가,서울특별시 영등포구 영중로 154 (영등포동8가),근린생활2,공동주택,102016897,지번
1156010900100910000,서울특별시 영등포구 영등포동8가,서울특별시 영등포구 영중로 154 (영등포동8가),근린생활2,공동주택,102016898,지번
1156010900100910000,서울특별시 영등포구 영등포동8가,서울특별시 영등포구 영중로 154 (영등포동8가),근린생활2,제2종근린생활시설,102016899,지번
1156010900100910000,서울특별시 영등포구 영등포동8가,서울특별시 영등포구 영중로 154 (영등포동8가),근린생활2,공동주택,102016900,지번
1156010900100910000,서울특별시 영등포구 영등포동8가,서울특별시 영등포구 영중로 154 (영등포동8가),근린생활2,공동주택,102016901,지번
1156010900100910000,서울특별시 영등포구 영등포동8가,서울특별시 영등포구 영중로 154 (영등포동8가),근린생활2,공동주택,102016902,지번
1156010900100910000,서울특별시 영등포구 영등포동8가,서울특별시 영등포구 영중로 154 (영등포동8가),근린생활2,공동주택,102016903,지번
1156010900100910000,서울특별시 영등포구 영등포동8가,서울특별시 영등포구 영중로 154 (영등포동8가),근린생활2,공동주택,102016904,지번
1156010900100910000,서울특별시 영등포구 영등포동8가,서울특별시 영등포구 영중로 154 (영등포동8가),근린생활2,공동주택,102016905,지번
1156011500100320005,서울특별시 영등포구 당산동5가,서울특별시 영등포구 당산로45길 13 (당산동5가),근린생활2,제2종근린생활시설,102019699,지번
1156011600100030007,서울특별시 영등포구 당산동6가,서울특별시 영등포구 당산로50가길 8 (당산동6가),근린생활2,제2종근린생활시설,102019791,지번
1156013200139190000,서울특별시 영등포구 신길동,서울특별시 영등포구 신풍로 70 (신길동),근린생활2,제2종근린생활시설,1000000000000001278336,지번
1156011700101210152,서울특별시 영등포구 당산동,서울특별시 영등포구 버드나루로14길 21 (당산동),근린생활1,제1종근린생활시설,1020110356,지번
1156011600101040004,서울특별시 영등포구 당산동6가,서울특별시 영등포구 당산로50길 11-1 (당산동6가),근린생활2,제2종근린생활시설,102019808,지번
1156010800100940277,서울특별시 영등포구 영등포동7가,서울특별시 영등포구 버드나루로14가길 4 (영등포동7가),근린생활1,제1종근린생활시설,102016258,지번
1156011400100320183,서울특별시 영등포구 당산동4가,서울특별시 영등포구 당산로40길 18 (당산동4가),근린생활1,제1종근린생활시설,102019379,지번
1156010800100780000,서울특별시 영등포구 영등포동7가,서울특별시 영등포구 국회대로 650-1 (영등포동7가),근린생활2,단독주택,102016129,지번
1156010800100780000,서울특별시 영등포구 영등포동7가,서울특별시 영등포구 국회대로 650-1 (영등포동7가),근린생활2,제2종근린생활시설,102016132,지번
1156011700100960001,서울특별시 영등포구 당산동,서울특별시 영등포구 노들로 221 (당산동),근린생활1,제1종근린생활시설,10201100189316,지번
1156011700101210246,서울특별시 영등포구 당산동,서울특별시 영등포구 버드나루로14길 19 (당산동),근린생활1,제1종근린생활시설,1020110383,지번
1156011800102540005,서울특별시 영등포구 도림동,서울특별시 영등포구 도신로 51 (도림동),근린생활2,제2종근린생활시설,1020112940,지번
1156013300106820014,서울특별시 영등포구 대림동,서울특별시 영등포구 가마산로 358 (대림동),근린생활2,제2종근린생활시설,1020130493,지번
1156011100101150000,서울특별시 영등포구 당산동1가,서울특별시 영등포구 당산로10길 23 (당산동1가),근린생활2,제2종근린생활시설,102017521,지번
1156011100101860069,서울특별시 영등포구 당산동1가,서울특별시 영등포구 영등포로25길 18-1 (당산동1가),근린생활2,제2종근린생활시설,10201100188837,지번
1156010900100300003,서울특별시 영등포구 영등포동8가,서울특별시 영등포구 영중로33길 9 (영등포동8가),근린생활2,제2종근린생활시설,102016880,지번
1156010900100300003,서울특별시 영등포구 영등포동8가,서울특별시 영등포구 영중로33길 9 (영등포동8가),근린생활2,노유자시설,102016881,지번
1156011600101100047,서울특별시 영등포구 당산동6가,서울특별시 영등포구 당산로50길 31 (당산동6가),근린생활1,제1종근린생활시설,102019899,지번
1156011600102340003,서울특별시 영등포구 당산동6가,서울특별시 영등포구 당산로46길 19 (당산동6가),근린생활2,제2종근린생활시설,102019954,지번
1156010800100290114,서울특별시 영등포구 영등포동7가,서울특별시 영등포구 국회대로 657 (영등포동7가),근린생활2,제2종근린생활시설,102015875,지번
1156011400100320206,서울특별시 영등포구 당산동4가,서울특별시 영등포구 당산로40길 14 (당산동4가),근린생활1,제1종근린생활시설,102019395,지번
1156010900100740005,서울특별시 영등포구 영등포동8가,서울특별시 영등포구 영중로 139 (영등포동8가),근린생활1,제1종근린생활시설,102016884,지번
1156011700101210242,서울특별시 영등포구 당산동,서울특별시 영등포구 버드나루로14가길 11 (당산동),근린생활1,제1종근린생활시설,1020110381,지번
1156010900100750008,서울특별시 영등포구 영등포동8가,서울특별시 영등포구 영중로42길 1 (영등포동8가),근린생활2,제2종근린생활시설,102016859,지번
1156011600102910000,서울특별시 영등포구 당산동6가,서울특별시 영등포구 당산로50길 1 (당산동6가),근린생활1,제1종근린생활시설,1020110047,지번
1156011700101210139,서울특별시 영등포구 당산동,서울특별시 영등포구 버드나루로14가길 19 (당산동),근린생활2,제2종근린생활시설,1020110349,지번
1156011600103370001,서울특별시 영등포구 당산동6가,서울특별시 영등포구 양평로12길 16 (당산동6가),근린생활2,창고시설,10201100197495,지번
1156011600103370001,서울특별시 영등포구 당산동6가,서울특별시 영등포구 양평로12길 16 (당산동6가),근린생활2,제2종근린생활시설,1020110114,지번
1156010900100310021,서울특별시 영등포구 영등포동8가,서울특별시 영등포구 국회대로 623 (영등포동8가),근린생활2,제2종근린생활시설,102016741,지번
1156013300106650009,서울특별시 영등포구 대림동,서울특별시 영등포구 가마산로 361 (대림동),근린생활1,제1종근린생활시설,1020130341,지번
1156013300106670000,서울특별시 영등포구 대림동,서울특별시 영등포구 가마산로41길 6 (대림동),근린생활2,제2종근린생활시설,1020130349,지번
1156011800101720000,서울특별시 영등포구 도림동,서울특별시 영등포구 도영로 52-1 (도림동),근린생활2,제2종근린생활시설,1020112304,지번
1156010900100330007,서울특별시 영등포구 영등포동8가,,근린생활1,제1종근린생활시설,10201100188594,지번
1156011700101210170,서울특별시 영등포구 당산동,서울특별시 영등포구 버드나루로 117 (당산동),근린생활1,제1종근린생활시설,1020110362,지번
1156010800100940044,서울특별시 영등포구 영등포동7가,서울특별시 영등포구 버드나루로14가길 3 (영등포동7가),근린생활2,제2종근린생활시설,102016204,지번
1156011400100010168,서울특별시 영등포구 당산동4가,서울특별시 영등포구 국회대로37길 14-1 (당산동4가),근린생활1,제1종근린생활시설,102019171,지번
1156011700101210018,서울특별시 영등포구 당산동,서울특별시 영등포구 버드나루로19길 7 (당산동),근린생활1,제1종근린생활시설,1020110292,지번
1156010800100670004,서울특별시 영등포구 영등포동7가,서울특별시 영등포구 영중로29길 2 (영등포동7가),근린생활1,제1종근린생활시설,102016053,지번
1156011700103760000,서울특별시 영등포구 당산동,서울특별시 영등포구 버드나루로 130 (당산동),근린생활2,공동주택,1020110824,지번
1156011700103760000,서울특별시 영등포구 당산동,서울특별시 영등포구 버드나루로 130 (당산동),근린생활2,공동주택,1020110825,지번
1156011700103760000,서울특별시 영등포구 당산동,서울특별시 영등포구 버드나루로 130 (당산동),근린생활2,공동주택,1020110826,지번
1156011700103760000,서울특별시 영등포구 당산동,서울특별시 영등포구 버드나루로 130 (당산동),근린생활2,공동주택,1020110827,지번
1156011700103760000,서울특별시 영등포구 당산동,서울특별시 영등포구 버드나루로 130 (당산동),근린생활2,공동주택,1020110828,지번
1156011700103760000,서울특별시 영등포구 당산동,서울특별시 영등포구 버드나루로 130 (당산동),근린생활2,제2종근린생활시설,1020110829,지번
1156011700103760000,서울특별시 영등포구 당산동,서울특별시 영등포구 버드나루로 130 (당산동),근린생활2,공동주택,1020110830,지번
1156011700103760000,서울특별시 영등포구 당산동,서울특별시 영등포구 버드나루로 130 (당산동),근린생활2,공동주택,1020110831,지번
1156011700103760000,서울특별시 영등포구 당산동,서울특별시 영등포구 버드나루로 130 (당산동),근린생활2,공동주택,1020110832,지번
1156011700103760000,서울특별시 영등포구 당산동,서울특별시 영등포구 버드나루로 130 (당산동),근린생활2,공동주택,1020110833,지번
1156011700103760000,서울특별시 영등포구 당산동,서울특별시 영등포구 버드나루로 130 (당산동),근린생활2,공동주택,1020110834,지번
1156011700103760000,서울특별시 영등포구 당산동,서울특별시 영등포구 버드나루로 130 (당산동),근린생활2,공동주택,1020110835,지번
1156011700103760000,서울특별시 영등포구 당산동,서울특별시 영등포구 버드나루로 130 (당산동),근린생활2,공동주택,1020110836,지번
1156011700103760000,서울특별시 영등포구 당산동,서울특별시 영등포구 버드나루로 130 (당산동),근린생활2,공동주택,1020110837,지번
1156012800101580000,서울특별시 영등포구 양평동4가,서울특별시 영등포구 선유로 270 (양평동4가),근린생활2,제2종근린생활시설,1020117290,지번
1156011300101190000,서울특별시 영등포구 당산동3가,서울특별시 영등포구 국회대로 580-11 (당산동3가),근린생활2,제2종근린생활시설,102018614,지번
1156010800100490001,서울특별시 영등포구 영등포동7가,서울특별시 영등포구 영중로27길 3 (영등포동7가),근린생활2,제2종근린생활시설,102015932,지번
1156011600103330002,서울특별시 영등포구 당산동6가,서울특별시 영등포구 당산로47길 11 (당산동6가),근린생활1,제1종근린생활시설,1020110099,지번
1156011600103330002,서울특별시 영등포구 당산동6가,서울특별시 영등포구 당산로47길 11 (당산동6가),근린생활1,제1종근린생활시설,1020110100,지번
1156011700101210144,서울특별시 영등포구 당산동,서울특별시 영등포구 버드나루로 104 (당산동),근린생활1,제1종근린생활시설,1020110352,지번
1156011700101210150,서울특별시 영등포구 당산동,서울특별시 영등포구 버드나루로14가길 24 (당산동),근린생활2,제2종근린생활시설,1020110355,지번
1156010900100330010,서울특별시 영등포구 영등포동8가,서울특별시 영등포구 영신로 214-1 (영등포동8가),근린생활1,제1종근린생활시설,102016748,지번
1156010900100330010,서울특별시 영등포구 영등포동8가,서울특별시 영등포구 영신로 214-1 (영등포동8가),근린생활1,제1종근린생활시설,102016749,지번
1156011600102250000,서울특별시 영등포구 당산동6가,서울특별시 영등포구 당산로46길 4 (당산동6가),근린생활1,제1종근린생활시설,102019943,지번
1156010800100940291,서울특별시 영등포구 영등포동7가,서울특별시 영등포구 버드나루로15길 7 (영등포동7가),근린생활2,제2종근린생활시설,102016262,지번
1156011500100140003,서울특별시 영등포구 당산동5가,서울특별시 영등포구 당산로 217 (당산동5가),근린생활1,제1종근린생활시설,102019682,지번
1156010900100480006,서울특별시 영등포구 영등포동8가,서울특별시 영등포구 국회대로53길 17-1 (영등포동8가),근린생활2,제2종근린생활시설,102016816,지번
1156010800100290115,서울특별시 영등포구 영등포동7가,서울특별시 영등포구 국회대로53길 2 (영등포동7가),근린생활1,제1종근린생활시설,102015876,지번
1156010800100940045,서울특별시 영등포구 영등포동7가,서울특별시 영등포구 버드나루로14길 5 (영등포동7가),근린생활1,제1종근린생활시설,102016205,지번
1156011600103050004,서울특별시 영등포구 당산동6가,서울특별시 영등포구 당산로 235 (당산동6가),근린생활1,제1종근린생활시설,1020110059,지번
1156011600100030005,서울특별시 영등포구 당산동6가,서울특별시 영등포구 양평로 8 (당산동6가),근린생활2,업무시설,10201100276108,지번
1156011500100380001,서울특별시 영등포구 당산동5가,서울특별시 영등포구 당산로45길 9-2 (당산동5가),근린생활2,제2종근린생활시설,102019707,지번
1156011800102320023,서울특별시 영등포구 도림동,서울특별시 영등포구 도신로15길 10 (도림동),근린생활1,제1종근린생활시설,1020112661,지번
1156011300101100000,서울특별시 영등포구 당산동3가,서울특별시 영등포구 국회대로 580-6 (당산동3가),근린생활1,제1종근린생활시설,102018604,지번
1156011300101220002,서울특별시 영등포구 당산동3가,서울특별시 영등포구 국회대로36길 7-1 (당산동3가),근린생활1,제2종근린생활시설,1000000000000004476433,지번
1156010900100310016,서울특별시 영등포구 영등포동8가,서울특별시 영등포구 국회대로 627 (영등포동8가),근린생활1,제1종근린생활시설,102016734,지번
1156010900100290008,서울특별시 영등포구 영등포동8가,서울특별시 영등포구 영중로 109 (영등포동8가),근린생활1,제1종근린생활시설,102016697,지번
1156010800100610002,서울특별시 영등포구 영등포동7가,서울특별시 영등포구 국회대로44길 2 (영등포동7가),근린생활2,제2종근린생활시설,102015954,지번
1156010900100310014,서울특별시 영등포구 영등포동8가,서울특별시 영등포구 국회대로 627-1 (영등포동8가),근린생활1,제1종근린생활시설,102016739,지번
1156010900100490000,서울특별시 영등포구 영등포동8가,서울특별시 영등포구 영중로38길 4 (영등포동8가),근린생활1,제1종근린생활시설,102016820,지번
1156011600102330000,서울특별시 영등포구 당산동6가,서울특별시 영등포구 양평로 28 (당산동6가),근린생활2,제2종근린생활시설,102019948,지번
1156011600102370036,서울특별시 영등포구 당산동6가,서울특별시 영등포구 당산로46가길 15 (당산동6가),근린생활2,제2종근린생활시설,1020110003,지번
1156010900100100000,서울특별시 영등포구 영등포동8가,서울특별시 영등포구 영중로34길 8-1 (영등포동8가),근린생활2,제2종근린생활시설,102016661,지번
1156011500100350000,서울특별시 영등포구 당산동5가,서울특별시 영등포구 당산로45길 7-2 (당산동5가),근린생활1,제1종근린생활시설,102019704,지번
1156011600102960000,서울특별시 영등포구 당산동6가,서울특별시 영등포구 당산로 242 (당산동6가),근린생활2,제2종근린생활시설,1020110053,지번
1156011400100320024,서울특별시 영등포구 당산동4가,서울특별시 영등포구 당산로38길 9-6 (당산동4가),근린생활2,제2종근린생활시설,10201100193174,지번
1156011400100320037,서울특별시 영등포구 당산동4가,서울특별시 영등포구 당산로38길 3-4 (당산동4가),근린생활1,제1종근린생활시설,102019289,지번
1156013300110610000,서울특별시 영등포구 대림동,서울특별시 영등포구 도림천로 391 (대림동),근린생활1,공동주택,1020135373,지번
1156013300110610000,서울특별시 영등포구 대림동,서울특별시 영등포구 도림천로 391 (대림동),근린생활1,제1종근린생활시설,1020135374,지번
1156013300110680010,서울특별시 영등포구 대림동,서울특별시 영등포구 디지털로37길 20 (대림동),근린생활1,제1종근린생활시설,1020134486,지번
1156013300110560001,서울특별시 영등포구 대림동,서울특별시 영등포구 도림로38길 4 (대림동),근린생활1,제1종근린생활시설,1020134149,지번
1156013300107120005,서울특별시 영등포구 대림동,서울특별시 영등포구 도림로39길 7-2 (대림동),근린생활2,제2종근린생활시설,1020135162,지번
1156013300110500001,서울특별시 영등포구 대림동,서울특별시 영등포구 도림로 136 (대림동),근린생활1,제1종근린생활시설,1020134082,지번
1156013300110500027,서울특별시 영등포구 대림동,서울특별시 영등포구 도림로 134 (대림동),근린생활1,제1종근린생활시설,1020134089,지번
1156013300110500029,서울특별시 영등포구 대림동,서울특별시 영등포구 도림로 130 (대림동),근린생활2,제2종근린생활시설,1020134091,지번
1156013300110600031,서울특별시 영등포구 대림동,서울특별시 영등포구 도림천로13길 2 (대림동),근린생활2,제2종근린생활시설,1020134334,지번
1156010800100630012,서울특별시 영등포구 영등포동7가,서울특별시 영등포구 국회대로44길 3 (영등포동7가),근린생활1,제1종근린생활시설,102015969,지번
1156010900100750002,서울특별시 영등포구 영등포동8가,서울특별시 영등포구 영중로42길 3-1 (영등포동8가),근린생활2,제2종근린생활시설,102016855,지번
1156010900100290002,서울특별시 영등포구 영등포동8가,서울특별시 영등포구 영중로 114 (영등포동8가),근린생활1,제1종근린생활시설,102016693,지번
1156010800100640025,서울특별시 영등포구 영등포동7가,서울특별시 영등포구 국회대로44길 7 (영등포동7가),근린생활2,제2종근린생활시설,102016014,지번
1156011400100010160,서울특별시 영등포구 당산동4가,서울특별시 영등포구 국회대로37길 12 (당산동4가),근린생활2,제2종근린생활시설,102019165,지번
1156011500100110030,서울특별시 영등포구 당산동5가,서울특별시 영등포구 양평로 5 (당산동5가),근린생활2,제2종근린생활시설,102019679,지번
1156011000100140032,서울특별시 영등포구 여의도동,서울특별시 영등포구 국회대로68길 23 (여의도동),근린생활2,제2종근린생활시설,102017122,지번
1156011600103280001,서울특별시 영등포구 당산동6가,서울특별시 영등포구 당산로51길 11 (당산동6가),근린생활2,제2종근린생활시설,1020110084,지번
1156010900100680000,서울특별시 영등포구 영등포동8가,서울특별시 영등포구 영중로 133 (영등포동8가),근린생활1,제1종근린생활시설,102016848,지번
1156011500100160007,서울특별시 영등포구 당산동5가,서울특별시 영등포구 양평로 47 (당산동5가),판매시설,판매시설,102019736,지번
1156011700101210142,서울특별시 영등포구 당산동,서울특별시 영등포구 버드나루로 98 (당산동),근린생활2,제2종근린생활시설,10201100247888,지번
1156011300101160000,서울특별시 영등포구 당산동3가,서울특별시 영등포구 국회대로 580-5 (당산동3가),근린생활2,제2종근린생활시설,102018610,지번
1156012800102800009,서울특별시 영등포구 양평동4가,서울특별시 영등포구 선유로 278 (양평동4가),근린생활2,제2종근린생활시설,1020117520,지번
1156011400100320084,서울특별시 영등포구 당산동4가,서울특별시 영등포구 당산로36길 11 (당산동4가),근린생활1,제1종근린생활시설,102019327,지번
1156013300106880012,서울특별시 영등포구 대림동,서울특별시 영등포구 대림로34가길 22 (대림동),근린생활1,제1종근린생활시설,1020130592,지번
1156013200105110000,서울특별시 영등포구 신길동,서울특별시 영등포구 신풍로23길 11-1 (신길동),근린생활1,제1종근린생활시설,1020125969,지번
1156010800100920006,서울특별시 영등포구 영등포동7가,서울특별시 영등포구 국회대로 658 (영등포동7가),근린생활1,제1종근린생활시설,102016193,지번
1156010900100450025,서울특별시 영등포구 영등포동8가,서울특별시 영등포구 영중로 114-9 (영등포동8가),근린생활1,제1종근린생활시설,102016784,지번
1156010900100300006,서울특별시 영등포구 영등포동8가,서울특별시 영등포구 영중로33길 11 (영등포동8가),근린생활1,제1종근린생활시설,102016714,지번
1156010800100780008,서울특별시 영등포구 영등포동7가,서울특별시 영등포구 국회대로 650 (영등포동7가),근린생활1,제1종근린생활시설,102016134,지번
1156010900100750005,서울특별시 영등포구 영등포동8가,서울특별시 영등포구 영중로42길 1-1 (영등포동8가),근린생활1,제1종근린생활시설,102016857,지번
1156010900100320010,서울특별시 영등포구 영등포동8가,서울특별시 영등포구 영신로 210 (영등포동8가),근린생활1,제1종근린생활시설,102016745,지번
1156010800100770004,서울특별시 영등포구 영등포동7가,서울특별시 영등포구 국회대로 646 (영등포동7가),근린생활2,제2종근린생활시설,102016126,지번
1156010900100840000,서울특별시 영등포구 영등포동8가,서울특별시 영등포구 영중로 163 (영등포동8가),근린생활2,제2종근린생활시설,102016870,지번
1156010900100840000,서울특별시 영등포구 영등포동8가,서울특별시 영등포구 영중로 163 (영등포동8가),근린생활2,종교시설,102016871,지번
1156011600103470004,서울특별시 영등포구 당산동6가,서울특별시 영등포구 당산로49길 23 (당산동6가),근린생활2,제2종근린생활시설,10201100187087,지번
1156011600102170006,서울특별시 영등포구 당산동6가,서울특별시 영등포구 양평로 24-1 (당산동6가),근린생활2,제2종근린생활시설,102019937,지번
1156011400100270001,서울특별시 영등포구 당산동4가,서울특별시 영등포구 영신로57길 16-3 (당산동4가),근린생활2,제2종근린생활시설,102019254,지번
1156010900100560001,서울특별시 영등포구 영등포동8가,서울특별시 영등포구 국회대로53길 25 (영등포동8가),근린생활1,제1종근린생활시설,102016835,지번
1156011600100060000,서울특별시 영등포구 당산동6가,서울특별시 영등포구 당산로54길 48 (당산동6가),근린생활2,제2종근린생활시설,10201100189514,지번
1156011500100090001,서울특별시 영등포구 당산동5가,서울특별시 영등포구 당산로45길 7 (당산동5가),근린생활2,제2종근린생활시설,102019669,지번
1156011600103330006,서울특별시 영등포구 당산동6가,서울특별시 영등포구 당산로47길 13 (당산동6가),근린생활2,제2종근린생활시설,1020110102,지번
1156011600103460000,서울특별시 영등포구 당산동6가,서울특별시 영등포구 양평로12길 17-1 (당산동6가),근린생활2,제2종근린생활시설,1020110163,지번
1156010900100320022,서울특별시 영등포구 영등포동8가,서울특별시 영등포구 영신로 212-1 (영등포동8가),근린생활2,제2종근린생활시설,10201100181564,지번
1156011600103370019,서울특별시 영등포구 당산동6가,서울특별시 영등포구 양평로 52 (당산동6가),근린생활1,제1종근린생활시설,1020110119,지번
1156012800100270002,서울특별시 영등포구 양평동4가,서울특별시 영등포구 양평로 73 (양평동4가),근린생활1,제1종근린생활시설,1020117072,지번
1156011500100330006,서울특별시 영등포구 당산동5가,서울특별시 영등포구 선유동2로 74 (당산동5가),근린생활1,제1종근린생활시설,1000000000000004053587,지번
1156011300100020006,서울특별시 영등포구 당산동3가,서울특별시 영등포구 영신로 193 (당산동3가),근린생활2,공동주택,102019034,지번
1156011300100020006,서울특별시 영등포구 당산동3가,서울특별시 영등포구 영신로 193 (당산동3가),근린생활2,공동주택,102019035,지번
1156011300100020006,서울특별시 영등포구 당산동3가,서울특별시 영등포구 국회대로38길 15 (당산동3가),근린생활2,제2종근린생활시설,102019036,지번
1156011300100020006,서울특별시 영등포구 당산동3가,서울특별시 영등포구 영신로 193 (당산동3가),근린생활2,공동주택,102019037,지번
1156011400100320070,서울특별시 영등포구 당산동4가,서울특별시 영등포구 당산로 164 (당산동4가),근린생활1,제1종근린생활시설,102019316,지번
1156011300101270001,서울특별시 영등포구 당산동3가,서울특별시 영등포구 당산로32길 13 (당산동3가),근린생활2,제2종근린생활시설,102018619,지번
1156012800102640003,서울특별시 영등포구 양평동4가,서울특별시 영등포구 선유로 277 (양평동4가),근린생활2,제2종근린생활시설,1020117460,지번
1156010900100290010,서울특별시 영등포구 영등포동8가,서울특별시 영등포구 영중로 105 (영등포동8가),근린생활2,단독주택,102016690,지번
1156010900100290010,서울특별시 영등포구 영등포동8가,서울특별시 영등포구 영중로 105 (영등포동8가),근린생활2,제2종근린생활시설,102016700,지번
1156010800100790001,서울특별시 영등포구 영등포동7가,서울특별시 영등포구 국회대로 652 (영등포동7가),근린생활1,제1종근린생활시설,102016141,지번
1156010800100790001,서울특별시 영등포구 영등포동7가,서울특별시 영등포구 국회대로 652 (영등포동7가),근린생활1,제1종근린생활시설,102016142,지번
1156011700101210012,서울특별시 영등포구 당산동,서울특별시 영등포구 버드나루로 137 (당산동),근린생활2,제2종근린생활시설,1020110289,지번
1156011600101100055,서울특별시 영등포구 당산동6가,서울특별시 영등포구 당산로50가길 1-1 (당산동6가),근린생활2,제2종근린생활시설,102019906,지번
1156011400100320002,서울특별시 영등포구 당산동4가,서울특별시 영등포구 국회대로37길 25 (당산동4가),근린생활1,제1종근린생활시설,102019538,지번
1156011400100320123,서울특별시 영등포구 당산동4가,서울특별시 영등포구 당산로 160-11 (당산동4가),근린생활2,단독주택,102019349,지번
1156011400100320123,서울특별시 영등포구 당산동4가,서울특별시 영등포구 당산로 160-9 (당산동4가),근린생활2,제2종근린생활시설,102019350,지번
1156011300101170000,서울특별시 영등포구 당산동3가,서울특별시 영등포구 국회대로 580-7 (당산동3가),근린생활2,제2종근린생활시설,102018611,지번
1156011300101200000,서울특별시 영등포구 당산동3가,서울특별시 영등포구 국회대로 580-13 (당산동3가),근린생활2,제2종근린생활시설,102018615,지번
1156011600103380002,서울특별시 영등포구 당산동6가,서울특별시 영등포구 선유로52길 14-1 (당산동6가),근린생활1,제1종근린생활시설,1020110123,지번
1156011600103390007,서울특별시 영등포구 당산동6가,서울특별시 영등포구 양평로 70-1 (당산동6가),근린생활1,제1종근린생활시설,1020110135,지번
1156010300100940031,서울특별시 영등포구 영등포동2가,서울특별시 영등포구 버드나루로 24 (영등포동2가),근린생활1,노유자시설,102013744,지번
1156011800102460011,서울특별시 영등포구 도림동,서울특별시 영등포구 도림로 339 (도림동),근린생활1,제1종근린생활시설,1020112816,지번
1156010900100300019,서울특별시 영등포구 영등포동8가,서울특별시 영등포구 국회대로 633 (영등포동8가),근린생활1,제1종근린생활시설,102016722,지번
1156011600102300000,서울특별시 영등포구 당산동6가,서울특별시 영등포구 양평로 34 (당산동6가),근린생활1,제1종근린생활시설,102019945,지번
1156010800100290020,서울특별시 영등포구 영등포동7가,서울특별시 영등포구 버드나루로15길 15 (영등포동7가),근린생활1,제1종근린생활시설,102015858,지번
1156011600102170004,서울특별시 영등포구 당산동6가,서울특별시 영등포구 양평로 24 (당산동6가),근린생활1,제1종근린생활시설,102019936,지번
1156011700101210029,서울특별시 영등포구 당산동,서울특별시 영등포구 버드나루로16길 10 (당산동),근린생활2,제2종근린생활시설,1020110302,지번
1156011700101210177,서울특별시 영등포구 당산동,서울특별시 영등포구 버드나루로23길 9 (당산동),근린생활2,제2종근린생활시설,1020110365,지번
1156011500100110047,서울특별시 영등포구 당산동5가,서울특별시 영등포구 영신로 259 (당산동5가),근린생활2,제2종근린생활시설,102019726,지번
1156011600103400001,서울특별시 영등포구 당산동6가,서울특별시 영등포구 양평로12길 7 (당산동6가),근린생활1,제1종근린생활시설,1020110136,지번
1156011600102160005,서울특별시 영등포구 당산동6가,서울특별시 영등포구 양평로 18 (당산동6가),근린생활2,제2종근린생활시설,102019929,지번
1156011600102350001,서울특별시 영등포구 당산동6가,서울특별시 영등포구 당산로48길 2 (당산동6가),근린생활1,제1종근린생활시설,102019968,지번
1156010900100130010,서울특별시 영등포구 영등포동8가,서울특별시 영등포구 국회대로 651-2 (영등포동8가),근린생활2,제2종근린생활시설,102016673,지번
1156011400100320145,서울특별시 영등포구 당산동4가,서울특별시 영등포구 당산로36길 9 (당산동4가),근린생활1,제1종근린생활시설,102019367,지번
1156011300101140000,서울특별시 영등포구 당산동3가,서울특별시 영등포구 국회대로 580 (당산동3가),근린생활1,제1종근린생활시설,102018608,지번
1156011400100010146,서울특별시 영등포구 당산동4가,서울특별시 영등포구 국회대로37길 4 (당산동4가),근린생활1,제1종근린생활시설,102019157,지번
1156010100106180042,서울특별시 영등포구 영등포동,서울특별시 영등포구 영신로13길 8 (영등포동),근린생활2,단독주택,102012710,지번
1156010100106180042,서울특별시 영등포구 영등포동,서울특별시 영등포구 영신로13길 8 (영등포동),근린생활2,제2종근린생활시설,102012711,지번
1156013200102870002,서울특별시 영등포구 신길동,서울특별시 영등포구 도신로 142 (신길동),근린생활1,제1종근린생활시설,1020122738,지번
1156011600103240004,서울특별시 영등포구 당산동6가,서울특별시 영등포구 당산로47길 18 (당산동6가),근린생활1,제1종근린생활시설,1020110074,지번
1156011600101100042,서울특별시 영등포구 당산동6가,서울특별시 영등포구 당산로52길 31-1 (당산동6가),근린생활1,제1종근린생활시설,102019893,지번
1156011700101210224,서울특별시 영등포구 당산동,서울특별시 영등포구 국회대로55길 35 (당산동),근린생활2,제2종근린생활시설,1020110373,지번
1156011700101210114,서울특별시 영등포구 당산동,서울특별시 영등포구 국회대로55길 34 (당산동),근린생활1,단독주택,1020110337,지번
1156011600100010000,서울특별시 영등포구 당산동6가,서울특별시 영등포구 당산로54길 50 (당산동6가),근린생활2,제2종근린생활시설,102019781,지번
1156011700101210129,서울특별시 영등포구 당산동,서울특별시 영등포구 버드나루로 101 (당산동),근린생활1,제1종근린생활시설,1020110343,지번
1156010900100830013,서울특별시 영등포구 영등포동8가,서울특별시 영등포구 영중로 155-4 (영등포동8가),근린생활1,제1종근린생활시설,102016869,지번
1156011600103160002,서울특별시 영등포구 당산동6가,서울특별시 영등포구 당산로47길 4 (당산동6가),근린생활1,제1종근린생활시설,1020110068,지번
1156011700101210115,서울특별시 영등포구 당산동,서울특별시 영등포구 버드나루로19길 5 (당산동),근린생활1,제1종근린생활시설,1020110338,지번
1156011400100320009,서울특별시 영등포구 당산동4가,서울특별시 영등포구 국회대로37길 23 (당산동4가),근린생활1,제1종근린생활시설,102019265,지번
1156010900100290014,서울특별시 영등포구 영등포동8가,서울특별시 영등포구 영중로33길 5-3 (영등포동8가),근린생활2,제2종근린생활시설,102016702,지번
1156011600103400004,서울특별시 영등포구 당산동6가,서울특별시 영등포구 선유로54길 16 (당산동6가),근린생활2,제2종근린생활시설,1020110138,지번
1156011400100320165,서울특별시 영등포구 당산동4가,서울특별시 영등포구 당산로40길 4-3 (당산동4가),근린생활1,제1종근린생활시설,102019375,지번
1156011400100320056,서울특별시 영등포구 당산동4가,서울특별시 영등포구 당산로 170 (당산동4가),근린생활1,제1종근린생활시설,102019304,지번
1156011300100460000,서울특별시 영등포구 당산동3가,서울특별시 영등포구 당산로28길 18 (당산동3가),근린생활1,제1종근린생활시설,102018537,지번
1156011300100110000,서울특별시 영등포구 당산동3가,서울특별시 영등포구 양산로 137-1 (당산동3가),근린생활2,제2종근린생활시설,102018502,지번
1156011300100120002,서울특별시 영등포구 당산동3가,서울특별시 영등포구 양산로25길 3 (당산동3가),근린생활2,제2종근린생활시설,102018503,지번
1156011300101090000,서울특별시 영등포구 당산동3가,서울특별시 영등포구 국회대로 580-8 (당산동3가),근린생활1,제1종근린생활시설,102018603,지번
1156011600103340006,서울특별시 영등포구 당산동6가,서울특별시 영등포구 당산로49길 5 (당산동6가),근린생활1,제1종근린생활시설,1020110105,지번
1156010900100830008,서울특별시 영등포구 영등포동8가,서울특별시 영등포구 영중로 155 (영등포동8가),근린생활2,제2종근린생활시설,102016864,지번
1156010900100010000,서울특별시 영등포구 영등포동8가,서울특별시 영등포구 국회대로53길 1 (영등포동8가),근린생활1,제1종근린생활시설,102016654,지번
1156010900100140006,서울특별시 영등포구 영등포동8가,서울특별시 영등포구 국회대로 651 (영등포동8가),근린생활2,제2종근린생활시설,102016675,지번
1156011700101210156,서울특별시 영등포구 당산동,서울특별시 영등포구 버드나루로14가길 14 (당산동),근린생활2,제2종근린생활시설,1020110358,지번
1156010900100850009,서울특별시 영등포구 영등포동8가,서울특별시 영등포구 영중로 155-6 (영등포동8가),근린생활1,제1종근린생활시설,102016872,지번
1156011600103010000,서울특별시 영등포구 당산동6가,서울특별시 영등포구 당산로 234 (당산동6가),근린생활2,제2종근린생활시설,1020110056,지번
1156010900100810005,서울특별시 영등포구 영등포동8가,서울특별시 영등포구 영중로42길 5 (영등포동8가),근린생활2,제2종근린생활시설,102016860,지번
1156010900100320024,서울특별시 영등포구 영등포동8가,서울특별시 영등포구 영신로 212 (영등포동8가),근린생활2,제2종근린생활시설,102016746,지번
1156011600102940000,서울특별시 영등포구 당산동6가,서울특별시 영등포구 당산로50길 2 (당산동6가),근린생활2,제2종근린생활시설,1020110051,지번
1156011700101210016,서울특별시 영등포구 당산동,서울특별시 영등포구 버드나루로20길 6 (당산동),근린생활1,제1종근린생활시설,1020110290,지번
1156011700101710040,서울특별시 영등포구 당산동,,근린생활1,제1종근린생활시설,1020110441,지번
1156011400100320141,서울특별시 영등포구 당산동4가,서울특별시 영등포구 당산로36길 7 (당산동4가),근린생활2,제2종근린생활시설,102019365,지번
1156011400100320064,서울특별시 영등포구 당산동4가,서울특별시 영등포구 당산로38길 10 (당산동4가),근린생활1,제1종근린생활시설,102019312,지번
1156011400100320030,서울특별시 영등포구 당산동4가,서울특별시 영등포구 당산로38길 13-3 (당산동4가),근린생활1,제1종근린생활시설,102019284,지번
1156011400100320065,서울특별시 영등포구 당산동4가,서울특별시 영등포구 당산로36길 9-7 (당산동4가),근린생활2,제1종근린생활시설,102019313,지번
1156011400100320140,서울특별시 영등포구 당산동4가,서울특별시 영등포구 당산로36길 5-1 (당산동4가),근린생활2,제2종근린생활시설,102019364,지번
1156011400100320014,서울특별시 영등포구 당산동4가,서울특별시 영등포구 당산로38길 13 (당산동4가),근린생활2,제2종근린생활시설,102019270,지번
1156011300100800003,서울특별시 영등포구 당산동3가,서울특별시 영등포구 국회대로38길 18 (당산동3가),근린생활2,제2종근린생활시설,102018570,지번
1156012800102790003,서울특별시 영등포구 양평동4가,서울특별시 영등포구 선유로54길 5 (양평동4가),근린생활1,제1종근린생활시설,1020117510,지번
1156010800100670003,서울특별시 영등포구 영등포동7가,서울특별시 영등포구 영중로29길 4 (영등포동7가),근린생활1,제1종근린생활시설,102016052,지번
1156011600103220000,서울특별시 영등포구 당산동6가,서울특별시 영등포구 당산로51길 1 (당산동6가),근린생활2,제2종근린생활시설,1020110073,지번
1156011600103200000,서울특별시 영등포구 당산동6가,서울특별시 영등포구 당산로 247 (당산동6가),근린생활1,제1종근린생활시설,1020110071,지번
1156011700101730034,서울특별시 영등포구 당산동,서울특별시 영등포구 국회대로53길 28 (당산동),근린생활2,제2종근린생활시설,1020110446,지번
1156011700101210076,서울특별시 영등포구 당산동,서울특별시 영등포구 버드나루로 128 (당산동),근린생활2,제2종근린생활시설,1020110322,지번
1156010900100310003,서울특별시 영등포구 영등포동8가,서울특별시 영등포구 영신로54길 8-4 (영등포동8가),근린생활2,제2종근린생활시설,10201100196255,지번
1156011700103740000,서울특별시 영등포구 당산동,서울특별시 영등포구 당산로54길 11 (당산동),근린생활2,제2종근린생활시설,1020110819,지번
1156011700103740000,서울특별시 영등포구 당산동,서울특별시 영등포구 당산로54길 11 (당산동),근린생활2,공동주택,1020110820,지번
1156011700103740000,서울특별시 영등포구 당산동,서울특별시 영등포구 당산로54길 11 (당산동),근린생활2,공동주택,1020110821,지번
1156011700103740000,서울특별시 영등포구 당산동,서울특별시 영등포구 당산로54길 11 (당산동),근린생활2,공동주택,1020110822,지번
1156011700103740000,서울특별시 영등포구 당산동,서울특별시 영등포구 당산로54길 11 (당산동),근린생활2,공동주택,1020110823,지번
1156011600103500014,서울특별시 영등포구 당산동6가,서울특별시 영등포구 당산로49길 20 (당산동6가),근린생활2,제2종근린생활시설,1020110178,지번
1156011600102210000,서울특별시 영등포구 당산동6가,서울특별시 영등포구 양평로 30 (당산동6가),근린생활2,제2종근린생활시설,102019940,지번
1156011600103330004,서울특별시 영등포구 당산동6가,서울특별시 영등포구 당산로47길 9 (당산동6가),근린생활1,제1종근린생활시설,1020110101,지번
1156011600103240005,서울특별시 영등포구 당산동6가,서울특별시 영등포구 당산로49길 6 (당산동6가),근린생활2,제2종근린생활시설,1020110075,지번
1156011600102340000,서울특별시 영등포구 당산동6가,서울특별시 영등포구 양평로 26 (당산동6가),근린생활1,제1종근린생활시설,102019950,지번
1156011600103530008,서울특별시 영등포구 당산동6가,서울특별시 영등포구 당산로49길 28-1 (당산동6가),근린생활1,제1종근린생활시설,1020110182,지번
1156011400100300001,서울특별시 영등포구 당산동4가,서울특별시 영등포구 당산로42길 16 (당산동4가),근린생활2,제2종근린생활시설,102019523,지번
1156011400100300001,서울특별시 영등포구 당산동4가,서울특별시 영등포구 당산로42길 16 (당산동4가),근린생활2,공동주택,102019524,지번
1156011400100300001,서울특별시 영등포구 당산동4가,서울특별시 영등포구 당산로42길 16 (당산동4가),근린생활2,공동주택,102019525,지번
1156011400100300001,서울특별시 영등포구 당산동4가,서울특별시 영등포구 당산로42길 16 (당산동4가),근린생활2,공동주택,102019526,지번
1156011400100300001,서울특별시 영등포구 당산동4가,서울특별시 영등포구 당산로42길 16 (당산동4가),근린생활2,공동주택,102019527,지번
1156011400100300001,서울특별시 영등포구 당산동4가,서울특별시 영등포구 당산로42길 16 (당산동4가),근린생활2,공동주택,102019528,지번
1156011400100300001,서울특별시 영등포구 당산동4가,서울특별시 영등포구 당산로42길 16 (당산동4가),근린생활2,공동주택,102019529,지번
1156011400100300001,서울특별시 영등포구 당산동4가,서울특별시 영등포구 당산로42길 16 (당산동4가),근린생활2,공동주택,102019530,지번
1156011400100300001,서울특별시 영등포구 당산동4가,서울특별시 영등포구 당산로42길 16 (당산동4가),근린생활2,공동주택,102019531,지번
1156011400100300001,서울특별시 영등포구 당산동4가,서울특별시 영등포구 당산로42길 16 (당산동4가),근린생활2,공동주택,102019532,지번
1156011400100300001,서울특별시 영등포구 당산동4가,서울특별시 영등포구 당산로42길 16 (당산동4가),근린생활2,공동주택,102019533,지번
1156011400100300001,서울특별시 영등포구 당산동4가,서울특별시 영등포구 당산로42길 16 (당산동4가),근린생활2,공동주택,102019534,지번
1156011400100300001,서울특별시 영등포구 당산동4가,서울특별시 영등포구 당산로42길 16 (당산동4가),근린생활2,공동주택,102019535,지번
1156011400100300001,서울특별시 영등포구 당산동4가,서울특별시 영등포구 당산로42길 16 (당산동4가),근린생활2,공동주택,102019536,지번
1156012800102800002,서울특별시 영등포구 양평동4가,서울특별시 영등포구 선유로54길 1 (양평동4가),근린생활2,제2종근린생활시설,1020117514,지번
1156012800102800008,서울특별시 영등포구 양평동4가,서울특별시 영등포구 선유로 274 (양평동4가),근린생활1,제1종근린생활시설,1020117519,지번
1156012800102790001,서울특별시 영등포구 양평동4가,서울특별시 영등포구 양평로12가길 17 (양평동4가),근린생활1,제1종근린생활시설,1020117509,지번
1156011400100960000,서울특별시 영등포구 당산동4가,서울특별시 영등포구 국회대로 597 (당산동4가),근린생활1,공동주택,10201100192655,지번
1156011400100960000,서울특별시 영등포구 당산동4가,서울특별시 영등포구 국회대로 597 (당산동4가),근린생활1,공동주택,10201100192713,지번
1156011400100960000,서울특별시 영등포구 당산동4가,서울특별시 영등포구 국회대로 597 (당산동4가),근린생활1,공동주택,10201100192765,지번
1156011400100960000,서울특별시 영등포구 당산동4가,서울특별시 영등포구 국회대로 597 (당산동4가),근린생활1,공동주택,10201100192824,지번
1156011400100960000,서울특별시 영등포구 당산동4가,서울특별시 영등포구 국회대로 597 (당산동4가),근린생활1,공동주택,10201100192864,지번
1156011400100960000,서울특별시 영등포구 당산동4가,서울특별시 영등포구 국회대로 597 (당산동4가),근린생활1,공동주택,10201100192904,지번
1156011400100960000,서울특별시 영등포구 당산동4가,서울특별시 영등포구 국회대로 597 (당산동4가),근린생활1,제1종근린생활시설,10201100192960,지번
1156010900100830006,서울특별시 영등포구 영등포동8가,서울특별시 영등포구 영중로 155 (영등포동8가),근린생활1,제1종근린생활시설,102016863,지번
1156010800100940061,서울특별시 영등포구 영등포동7가,서울특별시 영등포구 국회대로55길 5 (영등포동7가),근린생활1,업무시설,10201100255748,지번
1156010900100140002,서울특별시 영등포구 영등포동8가,서울특별시 영등포구 국회대로 653 (영등포동8가),근린생활2,제2종근린생활시설,102016674,지번
1156011400100320011,서울특별시 영등포구 당산동4가,서울특별시 영등포구 국회대로37길 19 (당산동4가),근린생활2,제2종근린생활시설,102019267,지번
1156010800100940059,서울특별시 영등포구 영등포동7가,서울특별시 영등포구 국회대로55길 6 (영등포동7가),근린생활1,제1종근린생활시설,102016215,지번
1156010800100650000,서울특별시 영등포구 영등포동7가,서울특별시 영등포구 국회대로 640 (영등포동7가),근린생활1,제1종근린생활시설,102016048,지번
1156011400100320012,서울특별시 영등포구 당산동4가,서울특별시 영등포구 국회대로37길 17 (당산동4가),근린생활2,제2종근린생활시설,102019268,지번
1156013300108930060,서울특별시 영등포구 대림동,서울특별시 영등포구 대림로22길 43-2 (대림동),근린생활1,제1종근린생활시설,1020132454,지번
1156013300109030036,서울특별시 영등포구 대림동,서울특별시 영등포구 디지털로77길 12 (대림동),근린생활2,제2종근린생활시설,1020132613,지번
1156013300109290008,서울특별시 영등포구 대림동,서울특별시 영등포구 디지털로69길 1 (대림동),근린생활2,제2종근린생활시설,1020133006,지번
1156013300107030003,서울특별시 영등포구 대림동,서울특별시 영등포구 디지털로53길 33-1 (대림동),근린생활1,제1종근린생활시설,1020130712,지번
1156013300107030000,서울특별시 영등포구 대림동,서울특별시 영등포구 대림로23길 17 (대림동),근린생활1,제1종근린생활시설,1020130709,지번
1156013300107560000,서울특별시 영등포구 대림동,서울특별시 영등포구 도림로 191 (대림동),근린생활1,제1종근린생활시설,1020131269,지번
1156013300109910012,서울특별시 영등포구 대림동,서울특별시 영등포구 대림로7나길 2 (대림동),근린생활2,제1종근린생활시설,1020133474,지번
1156013300109910015,서울특별시 영등포구 대림동,서울특별시 영등포구 대림로7나길 1 (대림동),근린생활2,제2종근린생활시설,1020133475,지번
1156013300110790001,서울특별시 영등포구 대림동,서울특별시 영등포구 디지털로37나길 10 (대림동),근린생활1,제1종근린생활시설,1020134694,지번
1156013300107030002,서울특별시 영등포구 대림동,서울특별시 영등포구 대림로23길 13 (대림동),근린생활2,제2종근린생활시설,1020130711,지번
1156013300107030005,서울특별시 영등포구 대림동,서울특별시 영등포구 디지털로53길 31 (대림동),근린생활2,제2종근린생활시설,1020130714,지번
1156013300109900090,서울특별시 영등포구 대림동,서울특별시 영등포구 시흥대로175길 2 (대림동),근린생활1,제1종근린생활시설,1020133426,지번
1156013300109930026,서울특별시 영등포구 대림동,서울특별시 영등포구 시흥대로175길 9 (대림동),근린생활2,제2종근린생활시설,1020133507,지번
1156013300109900103,서울특별시 영등포구 대림동,서울특별시 영등포구 대림로7길 11-1 (대림동),근린생활2,제2종근린생활시설,1020133436,지번
1156013300109910019,서울특별시 영등포구 대림동,서울특별시 영등포구 대림로7다길 2 (대림동),근린생활1,제1종근린생활시설,1020133477,지번
1156013300109910021,서울특별시 영등포구 대림동,서울특별시 영등포구 대림로7길 14 (대림동),근린생활1,제1종근린생활시설,1020133478,지번
1156013300110150025,서울특별시 영등포구 대림동,서울특별시 영등포구 대림로 93-1 (대림동),근린생활1,제1종근린생활시설,1020133621,지번
1156013300107030008,서울특별시 영등포구 대림동,서울특별시 영등포구 대림로23가길 3 (대림동),근린생활1,제1종근린생활시설,1020130717,지번
1156013300107040011,서울특별시 영등포구 대림동,서울특별시 영등포구 대림로23나길 11 (대림동),근린생활2,제2종근린생활시설,1020130729,지번
1156013300107580003,서울특별시 영등포구 대림동,서울특별시 영등포구 도림로54길 7 (대림동),근린생활1,제1종근린생활시설,1020131279,지번
1156013300110160022,서울특별시 영등포구 대림동,서울특별시 영등포구 대림로 97 (대림동),근린생활2,제2종근린생활시설,1020133647,지번
1156013300110170012,서울특별시 영등포구 대림동,서울특별시 영등포구 대림로8길 3 (대림동),근린생활1,제1종근린생활시설,1020133652,지번
1156013300109930027,서울특별시 영등포구 대림동,서울특별시 영등포구 시흥대로175길 11-1 (대림동),근린생활1,제1종근린생활시설,1020133508,지번
1156013300109930058,서울특별시 영등포구 대림동,서울특별시 영등포구 시흥대로 605-1 (대림동),근린생활2,제1종근린생활시설,1020133533,지번
1156013300109910011,서울특별시 영등포구 대림동,서울특별시 영등포구 대림로7가길 1 (대림동),근린생활2,제2종근린생활시설,1020133473,지번
1156013300109900123,서울특별시 영등포구 대림동,서울특별시 영등포구 대림로7길 13-1 (대림동),근린생활1,제1종근린생활시설,1020133454,지번
1156013300110810003,서울특별시 영등포구 대림동,서울특별시 영등포구 도림천로15길 16 (대림동),근린생활2,제2종근린생활시설,1020134776,지번
1156013300109930008,서울특별시 영등포구 대림동,서울특별시 영등포구 도림천로21길 26 (대림동),근린생활2,제2종근린생활시설,1020133499,지번
1156013300109930008,서울특별시 영등포구 대림동,서울특별시 영등포구 시흥대로 609 (대림동),근린생활2,공동주택,1020135349,지번
1156013300109930008,서울특별시 영등포구 대림동,서울특별시 영등포구 시흥대로 609 (대림동),근린생활2,공동주택,1020135350,지번
1156013300109930008,서울특별시 영등포구 대림동,서울특별시 영등포구 시흥대로 609 (대림동),근린생활2,공동주택,1020135351,지번
1156013300110190026,서울특별시 영등포구 대림동,서울특별시 영등포구 대림로 101 (대림동),근린생활1,제1종근린생활시설,1020133681,지번
1156013300110150014,서울특별시 영등포구 대림동,서울특별시 영등포구 대림로 93 (대림동),근린생활1,제1종근린생활시설,1020133611,지번
1156013300109930002,서울특별시 영등포구 대림동,서울특별시 영등포구 시흥대로 615 (대림동),근린생활2,제2종근린생활시설,1020133497,지번
1156013300109930056,서울특별시 영등포구 대림동,서울특별시 영등포구 시흥대로 611 (대림동),근린생활2,제2종근린생활시설,1020135353,지번
1156013300110820015,서울특별시 영등포구 대림동,서울특별시 영등포구 디지털로 346 (대림동),근린생활2,제2종근린생활시설,1020134866,지번
1156013200146940000,서울특별시 영등포구 신길동,서울특별시 영등포구 신길로10길 6 (신길동),근린생활2,제2종근린생활시설,1020128824,지번
1156013300109080002,서울특별시 영등포구 대림동,서울특별시 영등포구 신길로 47 (대림동),근린생활1,제1종근린생활시설,1020132774,지번
1156013300109070037,서울특별시 영등포구 대림동,서울특별시 영등포구 디지털로81길 2 (대림동),근린생활1,제1종근린생활시설,1020132763,지번
1156013300109090018,서울특별시 영등포구 대림동,서울특별시 영등포구 디지털로 463 (대림동),근린생활1,제1종근린생활시설,1020132784,지번
1156013300110190020,서울특별시 영등포구 대림동,서울특별시 영등포구 대림로 103 (대림동),근린생활2,제2종근린생활시설,1000000000000003797723,지번
1156013300109920011,서울특별시 영등포구 대림동,서울특별시 영등포구 도림천로21길 29 (대림동),근린생활1,제1종근린생활시설,1020133490,지번
1156012700100320016,서울특별시 영등포구 양평동3가,서울특별시 영등포구 선유서로31길 4-12 (양평동3가),근린생활1,제1종근린생활시설,10201100250289,지번
1156013200144910003,서울특별시 영등포구 신길동,서울특별시 영등포구 여의대방로 75 (신길동),근린생활2,제2종근린생활시설,1020128606,지번
1156013300107540057,서울특별시 영등포구 대림동,서울특별시 영등포구 도림로 193 (대림동),근린생활1,제1종근린생활시설,1020131246,지번
1156013300107540044,서울특별시 영등포구 대림동,서울특별시 영등포구 도림로 195 (대림동),근린생활2,제2종근린생활시설,1020131236,지번
1156013300109930049,서울특별시 영등포구 대림동,서울특별시 영등포구 시흥대로175가길 16 (대림동),근린생활1,제1종근린생활시설,1020133525,지번
1156013300109930015,서울특별시 영등포구 대림동,서울특별시 영등포구 시흥대로 599 (대림동),근린생활2,제2종근린생활시설,1020133503,지번
1156013300109930057,서울특별시 영등포구 대림동,서울특별시 영등포구 시흥대로 607 (대림동),근린생활2,제2종근린생활시설,1020133532,지번
1156013300110180023,서울특별시 영등포구 대림동,서울특별시 영등포구 대림로 100 (대림동),근린생활1,제1종근린생활시설,1020133668,지번
1156013300110820010,서울특별시 영등포구 대림동,서울특별시 영등포구 디지털로 340-1 (대림동),근린생활2,제2종근린생활시설,1020134862,지번
1156013300110810033,서울특별시 영등포구 대림동,서울특별시 영등포구 디지털로 353 (대림동),근린생활1,제1종근린생활시설,1020134797,지번
1156013300109060043,서울특별시 영등포구 대림동,서울특별시 영등포구 신길로15길 16-1 (대림동),근린생활1,제1종근린생활시설,1020132699,지번
1156013300109060079,서울특별시 영등포구 대림동,서울특별시 영등포구 신길로15길 22 (대림동),근린생활1,제1종근린생활시설,1020132734,지번
1156013300109920008,서울특별시 영등포구 대림동,서울특별시 영등포구 도림천로21길 29-1 (대림동),근린생활1,제1종근린생활시설,1020133489,지번
1156013300109920007,서울특별시 영등포구 대림동,서울특별시 영등포구 도림천로21길 31 (대림동),근린생활2,제2종근린생활시설,1020133488,지번
1156013300109920006,서울특별시 영등포구 대림동,서울특별시 영등포구 도림천로21길 33 (대림동),근린생활1,제1종근린생활시설,1020133487,지번
1156013300109930054,서울특별시 영등포구 대림동,서울특별시 영등포구 도림천로21길 34 (대림동),근린생활1,제1종근린생활시설,1020133529,지번
1156013300109910002,서울특별시 영등포구 대림동,서울특별시 영등포구 대림로 89-1 (대림동),근린생활1,제1종근린생활시설,1020133468,지번
1156013300109910004,서울특별시 영등포구 대림동,서울특별시 영등포구 대림로7길 4 (대림동),근린생활2,제2종근린생활시설,10201100188518,지번
1156013300109910001,서울특별시 영등포구 대림동,서울특별시 영등포구 대림로 89 (대림동),근린생활2,제2종근린생활시설,1020133467,지번
1156013300110810010,서울특별시 영등포구 대림동,서울특별시 영등포구 디지털로 351 (대림동),근린생활2,제2종근린생활시설,1020134780,지번
1156013300107090004,서울특별시 영등포구 대림동,서울특별시 영등포구 대림로 153 (대림동),근린생활1,제1종근린생활시설,1020130758,지번
1156013300107000002,서울특별시 영등포구 대림동,서울특별시 영등포구 대림로 152 (대림동),근린생활2,제2종근린생활시설,1020130676,지번
1156013300107000003,서울특별시 영등포구 대림동,서울특별시 영등포구 대림로 148 (대림동),근린생활2,제2종근린생활시설,1020130677,지번
1156013300107090005,서울특별시 영등포구 대림동,서울특별시 영등포구 대림로 149 (대림동),근린생활2,제2종근린생활시설,1020130759,지번
1156013300108450014,서울특별시 영등포구 대림동,서울특별시 영등포구 도림로 188-1 (대림동),근린생활1,제1종근린생활시설,1020131880,지번
1156013200145180000,서울특별시 영등포구 신길동,서울특별시 영등포구 대방천로 180 (신길동),근린생활1,제1종근린생활시설,1020129699,지번
1156013200145180000,서울특별시 영등포구 신길동,서울특별시 영등포구 대방천로 180 (신길동),근린생활1,노유자시설,1020129700,지번
1156013200145180000,서울특별시 영등포구 신길동,서울특별시 영등포구 대방천로 180 (신길동),근린생활1,공동주택,1020129701,지번
1156013200145180000,서울특별시 영등포구 신길동,서울특별시 영등포구 대방천로 180 (신길동),근린생활1,공동주택,1020129702,지번
1156013200145180000,서울특별시 영등포구 신길동,서울특별시 영등포구 대방천로 180 (신길동),근린생활1,공동주택,1020129703,지번
1156013200145180000,서울특별시 영등포구 신길동,서울특별시 영등포구 대방천로 180 (신길동),근린생활1,공동주택,1020129704,지번
1156013200145180000,서울특별시 영등포구 신길동,서울특별시 영등포구 대방천로 180 (신길동),근린생활1,공동주택,1020129705,지번
1156013200145180000,서울특별시 영등포구 신길동,서울특별시 영등포구 대방천로 180 (신길동),근린생활1,공동주택,1020129706,지번
1156013200145180000,서울특별시 영등포구 신길동,서울특별시 영등포구 대방천로 180 (신길동),근린생활1,공동주택,1020129707,지번
1156013200147650000,서울특별시 영등포구 신길동,서울특별시 영등포구 신길로8길 11 (신길동),근린생활2,제2종근린생활시설,1020128851,지번
1156013200146920000,서울특별시 영등포구 신길동,서울특별시 영등포구 신길로8길 9-15 (신길동),근린생활1,단독주택,1020128823,지번
1156013300109920001,서울특별시 영등포구 대림동,서울특별시 영등포구 디지털로54길 28 (대림동),근린생활1,제1종근린생활시설,1020133484,지번
1156013300109900127,서울특별시 영등포구 대림동,서울특별시 영등포구 시흥대로175길 18 (대림동),근린생활1,제1종근린생활시설,1020133456,지번
1156013300109900128,서울특별시 영등포구 대림동,서울특별시 영등포구 대림로7길 15 (대림동),근린생활1,제1종근린생활시설,1020133457,지번
1156013300109910027,서울특별시 영등포구 대림동,서울특별시 영등포구 대림로7길 16-1 (대림동),근린생활1,제1종근린생활시설,1020133482,지번
1156013300109900118,서울특별시 영등포구 대림동,서울특별시 영등포구 시흥대로175길 16 (대림동),근린생활1,제1종근린생활시설,1020133450,지번
1156013300109900143,서울특별시 영등포구 대림동,서울특별시 영등포구 시흥대로175길 14 (대림동),근린생활1,제1종근린생활시설,1020133464,지번
1156013300108820033,서울특별시 영등포구 대림동,서울특별시 영등포구 디지털로69나길 6 (대림동),근린생활1,제1종근린생활시설,1020132367,지번
1156013300110150015,서울특별시 영등포구 대림동,서울특별시 영등포구 대림로 91 (대림동),근린생활1,제1종근린생활시설,1020133612,지번
1156013300107600011,서울특별시 영등포구 대림동,서울특별시 영등포구 도림로 189-1 (대림동),근린생활2,제2종근린생활시설,1020131324,지번
1156013300107000025,서울특별시 영등포구 대림동,서울특별시 영등포구 도림로48길 11 (대림동),근린생활2,제2종근린생활시설,10201100195894,지번
1156013300110660123,서울특별시 영등포구 대림동,서울특별시 영등포구 디지털로37길 10 (대림동),근린생활2,제2종근린생활시설,1020134451,지번
1156013300108770003,서울특별시 영등포구 대림동,서울특별시 영등포구 디지털로 406-10 (대림동),근린생활1,제1종근린생활시설,1020132280,지번
1156013300108640012,서울특별시 영등포구 대림동,서울특별시 영등포구 디지털로 393 (대림동),근린생활1,제1종근린생활시설,1020132145,지번
1156013300108610021,서울특별시 영등포구 대림동,서울특별시 영등포구 디지털로 391 (대림동),근린생활2,제2종근린생활시설,1020132132,지번
1156013300108630010,서울특별시 영등포구 대림동,서울특별시 영등포구 디지털로 396-1 (대림동),근린생활2,제2종근린생활시설,1020132138,지번
1156013300108640011,서울특별시 영등포구 대림동,서울특별시 영등포구 디지털로 395 (대림동),근린생활1,제1종근린생활시설,1020132144,지번
1156013300108640010,서울특별시 영등포구 대림동,서울특별시 영등포구 디지털로 397 (대림동),근린생활1,제1종근린생활시설,1020132143,지번
1156013300108640009,서울특별시 영등포구 대림동,서울특별시 영등포구 디지털로 397-1 (대림동),근린생활2,제2종근린생활시설,1020132142,지번
1156013300108630011,서울특별시 영등포구 대림동,서울특별시 영등포구 디지털로 402 (대림동),근린생활2,제2종근린생활시설,1020132139,지번
1156013300108670003,서울특별시 영등포구 대림동,서울특별시 영등포구 디지털로64길 1 (대림동),근린생활1,제1종근린생활시설,1020132177,지번
1156013300108680015,서울특별시 영등포구 대림동,서울특별시 영등포구 디지털로 404 (대림동),근린생활2,제2종근린생활시설,1020132189,지번
1156013300108780015,서울특별시 영등포구 대림동,서울특별시 영등포구 디지털로66길 4 (대림동),근린생활1,제1종근린생활시설,1020132316,지번
1156013300109930012,서울특별시 영등포구 대림동,서울특별시 영등포구 시흥대로 605 (대림동),근린생활2,제2종근린생활시설,1020133500,지번
1156013300109290019,서울특별시 영등포구 대림동,서울특별시 영등포구 디지털로69길 2 (대림동),근린생활2,제2종근린생활시설,1020133010,지번
1156013300109290024,서울특별시 영등포구 대림동,서울특별시 영등포구 디지털로 423 (대림동),근린생활1,제1종근린생활시설,1020133011,지번
1156013300109930003,서울특별시 영등포구 대림동,서울특별시 영등포구 시흥대로175길 3 (대림동),근린생활1,제1종근린생활시설,1020133498,지번
1156013300109930072,서울특별시 영등포구 대림동,서울특별시 영등포구 시흥대로175길 5 (대림동),근린생활1,제1종근린생활시설,1020133539,지번
1156013300107060008,서울특별시 영등포구 대림동,서울특별시 영등포구 대림로23길 16-1 (대림동),근린생활1,제1종근린생활시설,1020130747,지번
1156013300110810061,서울특별시 영등포구 대림동,서울특별시 영등포구 디지털로38길 3-2 (대림동),근린생활1,제1종근린생활시설,1020134823,지번
1156013300110810052,서울특별시 영등포구 대림동,서울특별시 영등포구 디지털로 354 (대림동),근린생활1,제1종근린생활시설,1020134815,지번
1156013300106940007,서울특별시 영등포구 대림동,서울특별시 영등포구 대림로 170-1 (대림동),근린생활1,제1종근린생활시설,1020130667,지번
1156013300108990002,서울특별시 영등포구 대림동,서울특별시 영등포구 디지털로 441 (대림동),근린생활1,제1종근린생활시설,10201100251548,지번
1156013300108990002,서울특별시 영등포구 대림동,서울특별시 영등포구 디지털로 441 (대림동),근린생활1,제1종근린생활시설,1020132561,지번
1156013300108990002,서울특별시 영등포구 대림동,서울특별시 영등포구 디지털로 441 (대림동),근린생활1,노유자시설,1020132562,지번
1156013300108780019,서울특별시 영등포구 대림동,서울특별시 영등포구 디지털로 410 (대림동),근린생활2,제2종근린생활시설,1020132318,지번
1156013300108780008,서울특별시 영등포구 대림동,서울특별시 영등포구 디지털로 408 (대림동),근린생활1,제1종근린생활시설,1020132314,지번
1156013300109930055,서울특별시 영등포구 대림동,서울특별시 영등포구 도림천로21길 36 (대림동),근린생활1,단독주택,1020133530,지번
1156013300109930055,서울특별시 영등포구 대림동,서울특별시 영등포구 시흥대로175길 17 (대림동),근린생활1,제1종근린생활시설,1020133531,지번
1156013300109930035,서울특별시 영등포구 대림동,서울특별시 영등포구 시흥대로175길 15-1 (대림동),근린생활1,제1종근린생활시설,1020133515,지번
1156013300107560005,서울특별시 영등포구 대림동,서울특별시 영등포구 도림로 192 (대림동),근린생활1,제1종근린생활시설,1020131271,지번
1156013300108240114,서울특별시 영등포구 대림동,서울특별시 영등포구 도림로 176 (대림동),근린생활2,제2종근린생활시설,1020131766,지번
1156013300109030038,서울특별시 영등포구 대림동,서울특별시 영등포구 디지털로77길 9-1 (대림동),근린생활1,제1종근린생활시설,1020132615,지번
1156013300108630002,서울특별시 영등포구 대림동,서울특별시 영등포구 디지털로 400 (대림동),근린생활2,제2종근린생활시설,1020132137,지번
1156013300108670005,서울특별시 영등포구 대림동,서울특별시 영등포구 디지털로 406 (대림동),근린생활2,제2종근린생활시설,1020132178,지번
1156013300108680003,서울특별시 영등포구 대림동,서울특별시 영등포구 디지털로64길 2 (대림동),근린생활1,제1종근린생활시설,1020132179,지번
1156013300108780020,서울특별시 영등포구 대림동,서울특별시 영등포구 디지털로 406-3 (대림동),근린생활1,제1종근린생활시설,1020132319,지번
1156013300110180016,서울특별시 영등포구 대림동,서울특별시 영등포구 대림로10길 2 (대림동),근린생활2,제2종근린생활시설,1020133664,지번
1156013300108440037,서울특별시 영등포구 대림동,서울특별시 영등포구 도림로 184 (대림동),근린생활2,제2종근린생활시설,1020131861,지번
1156013300107580001,서울특별시 영등포구 대림동,서울특별시 영등포구 도림로54길 5 (대림동),근린생활2,제2종근린생활시설,1020131278,지번
1156013300108940030,서울특별시 영등포구 대림동,서울특별시 영등포구 디지털로 431 (대림동),근린생활2,제2종근린생활시설,1020132510,지번
1156013300108650001,서울특별시 영등포구 대림동,서울특별시 영등포구 디지털로 405 (대림동),근린생활1,제1종근린생활시설,1020132164,지번
1156013300108650003,서울특별시 영등포구 대림동,서울특별시 영등포구 대림로22가길 16-1 (대림동),근린생활1,제1종근린생활시설,1020132166,지번
1156013300108630000,서울특별시 영등포구 대림동,서울특별시 영등포구 디지털로 401 (대림동),근린생활2,제2종근린생활시설,1020132136,지번
1156013300108790008,서울특별시 영등포구 대림동,서울특별시 영등포구 디지털로 409 (대림동),근린생활1,제1종근린생활시설,1020132324,지번
1156013300108560008,서울특별시 영등포구 대림동,서울특별시 영등포구 디지털로 407 (대림동),근린생활2,제2종근린생활시설,1020132009,지번
1156013300108810008,서울특별시 영등포구 대림동,서울특별시 영등포구 디지털로67길 4 (대림동),근린생활1,제1종근린생활시설,1020132337,지번
1156013300109930013,서울특별시 영등포구 대림동,서울특별시 영등포구 시흥대로 603 (대림동),근린생활1,제1종근린생활시설,1020133501,지번
1156013300109930014,서울특별시 영등포구 대림동,서울특별시 영등포구 시흥대로 601 (대림동),근린생활2,제2종근린생활시설,1020133502,지번
1156013300109300004,서울특별시 영등포구 대림동,서울특별시 영등포구 디지털로 417 (대림동),근린생활2,제2종근린생활시설,1020133016,지번
1156013300108810007,서울특별시 영등포구 대림동,서울특별시 영등포구 디지털로67길 2-3 (대림동),근린생활2,제2종근린생활시설,1020132336,지번
1156013300110700003,서울특별시 영등포구 대림동,서울특별시 영등포구 디지털로37나길 8-1 (대림동),근린생활2,제2종근린생활시설,1020134514,지번
1156013300108240118,서울특별시 영등포구 대림동,서울특별시 영등포구 도림로 178 (대림동),근린생활1,제1종근린생활시설,1020131767,지번
1156013300109300001,서울특별시 영등포구 대림동,서울특별시 영등포구 디지털로67길 2-6 (대림동),근린생활1,제1종근린생활시설,1020133014,지번
1156013300109310001,서울특별시 영등포구 대림동,서울특별시 영등포구 디지털로 419 (대림동),근린생활1,제1종근린생활시설,1020133020,지번
1156013300109300002,서울특별시 영등포구 대림동,서울특별시 영등포구 디지털로67길 2-4 (대림동),근린생활1,제1종근린생활시설,1020133015,지번
1156013300108810001,서울특별시 영등포구 대림동,서울특별시 영등포구 디지털로67길 2-7 (대림동),근린생활2,제2종근린생활시설,1020132331,지번
1156013300109900044,서울특별시 영등포구 대림동,서울특별시 영등포구 대림로 83 (대림동),근린생활1,제1종근린생활시설,1020133390,지번
1156013300109900046,서울특별시 영등포구 대림동,서울특별시 영등포구 대림로 87 (대림동),근린생활1,제1종근린생활시설,1020133392,지번
1156013300110690006,서울특별시 영등포구 대림동,서울특별시 영등포구 디지털로37다길 2 (대림동),근린생활1,제1종근린생활시설,1020134498,지번
1156013300107060006,서울특별시 영등포구 대림동,서울특별시 영등포구 도림로 152-6 (대림동),근린생활1,제1종근린생활시설,1020130745,지번
1156013300110250048,서울특별시 영등포구 대림동,서울특별시 영등포구 디지털로48가길 6 (대림동),근린생활1,제1종근린생활시설,1020133830,지번
1156011300103930000,서울특별시 영등포구 당산동3가,서울특별시 영등포구 국회대로 558 (당산동3가),근린생활2,제2종근린생활시설,10201100268108,지번
1156013300110200001,서울특별시 영등포구 대림동,서울특별시 영등포구 대림로 109 (대림동),근린생활2,제2종근린생활시설,1020133683,지번
1156013300110320004,서울특별시 영등포구 대림동,서울특별시 영등포구 디지털로 384 (대림동),근린생활1,제1종근린생활시설,1020133961,지번
1156013300110320002,서울특별시 영등포구 대림동,서울특별시 영등포구 디지털로 384-1 (대림동),근린생활2,제2종근린생활시설,1020133959,지번
1156013300110320022,서울특별시 영등포구 대림동,서울특별시 영등포구 디지털로57길 1 (대림동),근린생활1,제1종근린생활시설,1020133975,지번
1156013300110320024,서울특별시 영등포구 대림동,서울특별시 영등포구 디지털로 385 (대림동),근린생활2,제2종근린생활시설,1020133977,지번
1156013300110310002,서울특별시 영등포구 대림동,서울특별시 영등포구 디지털로 375 (대림동),근린생활2,제2종근린생활시설,1020133955,지번
1156013300110330017,서울특별시 영등포구 대림동,서울특별시 영등포구 디지털로53길 2 (대림동),근린생활2,제2종근린생활시설,1020133994,지번
1156013300110330016,서울특별시 영등포구 대림동,서울특별시 영등포구 디지털로53길 4 (대림동),근린생활1,단독주택,1020133993,지번
1156013300110330015,서울특별시 영등포구 대림동,서울특별시 영등포구 디지털로53길 6 (대림동),근린생활1,제1종근린생활시설,1020133992,지번
1156013300110310005,서울특별시 영등포구 대림동,서울특별시 영등포구 디지털로 374 (대림동),근린생활1,제1종근린생활시설,1020133957,지번
1156013300110280004,서울특별시 영등포구 대림동,서울특별시 영등포구 디지털로 372 (대림동),근린생활2,제2종근린생활시설,1020133937,지번
1156013300110920017,서울특별시 영등포구 대림동,서울특별시 영등포구 디지털로38길 10-1 (대림동),근린생활1,제1종근린생활시설,1020134924,지번
1156013300110270026,서울특별시 영등포구 대림동,서울특별시 영등포구 디지털로 367 (대림동),근린생활1,제1종근린생활시설,1020133915,지번
1156013300110780012,서울특별시 영등포구 대림동,서울특별시 영등포구 디지털로 358 (대림동),근린생활1,제1종근린생활시설,1020134677,지번
1156013300110780007,서울특별시 영등포구 대림동,서울특별시 영등포구 디지털로 358-1 (대림동),근린생활1,제1종근린생활시설,1020134673,지번
1156013300110780001,서울특별시 영등포구 대림동,서울특별시 영등포구 디지털로 362-1 (대림동),근린생활2,제2종근린생활시설,1020134670,지번
1156013300110770003,서울특별시 영등포구 대림동,서울특별시 영등포구 디지털로 365 (대림동),근린생활2,제2종근린생활시설,1020134667,지번
1156013300110790023,서울특별시 영등포구 대림동,서울특별시 영등포구 디지털로 361 (대림동),근린생활2,제2종근린생활시설,1020134711,지번
1156013300108620006,서울특별시 영등포구 대림동,서울특별시 영등포구 디지털로 387 (대림동),근린생활1,제1종근린생활시설,1020132135,지번
1156013300108610015,서울특별시 영등포구 대림동,서울특별시 영등포구 대림로 115 (대림동),근린생활1,제1종근린생활시설,1020132128,지번
1156013300108640014,서울특별시 영등포구 대림동,서울특별시 영등포구 대림로 118 (대림동),근린생활1,제1종근린생활시설,1020132146,지번
1156013300109420005,서울특별시 영등포구 대림동,서울특별시 영등포구 대림로8길 40 (대림동),근린생활1,제1종근린생활시설,1020133096,지번
1156013300108760015,서울특별시 영등포구 대림동,서울특별시 영등포구 디지털로66길 16 (대림동),근린생활1,제1종근린생활시설,1020132277,지번
1156013300108760013,서울특별시 영등포구 대림동,서울특별시 영등포구 디지털로66길 14 (대림동),근린생활1,제1종근린생활시설,1020132275,지번
1156013300109600005,서울특별시 영등포구 대림동,서울특별시 영등포구 시흥대로 667-1 (대림동),근린생활2,제2종근린생활시설,1020133179,지번
1156013300109630001,서울특별시 영등포구 대림동,서울특별시 영등포구 시흥대로185길 5 (대림동),근린생활2,제2종근린생활시설,1020133182,지번
1156013200148270000,서울특별시 영등포구 신길동,서울특별시 영등포구 신길로 6 (신길동),근린생활2,제2종근린생활시설,1020128865,지번
1156013200148240000,서울특별시 영등포구 신길동,서울특별시 영등포구 여의대방로 11 (신길동),근린생활2,제2종근린생활시설,1020128863,지번
1156013300109950005,서울특별시 영등포구 대림동,,근린생활2,제2종근린생활시설,1020133547,지번
1156013300110370010,서울특별시 영등포구 대림동,서울특별시 영등포구 디지털로37나길 23 (대림동),근린생활1,제1종근린생활시설,1020134026,지번
1156013300110340002,서울특별시 영등포구 대림동,서울특별시 영등포구 디지털로53가길 2-8 (대림동),근린생활1,제1종근린생활시설,1020133997,지번
1156013300110350013,서울특별시 영등포구 대림동,서울특별시 영등포구 디지털로53길 12 (대림동),근린생활1,제1종근린생활시설,1000000000000003797789,지번
1156013300110320019,서울특별시 영등포구 대림동,서울특별시 영등포구 디지털로 377 (대림동),근린생활1,제1종근린생활시설,1020133974,지번
1156013300108560002,서울특별시 영등포구 대림동,서울특별시 영등포구 디지털로67길 10 (대림동),근린생활2,제2종근린생활시설,1020132005,지번
1156013300109420022,서울특별시 영등포구 대림동,서울특별시 영등포구 시흥대로187길 13 (대림동),근린생활2,제2종근린생활시설,1020133109,지번
1156013300109340051,서울특별시 영등포구 대림동,서울특별시 영등포구 디지털로66길 13-2 (대림동),근린생활1,제1종근린생활시설,1020133051,지번
1156013300108320010,서울특별시 영등포구 대림동,서울특별시 영등포구 대림로21길 3 (대림동),근린생활1,제1종근린생활시설,1020131774,지번
1156013300108320010,서울특별시 영등포구 대림동,서울특별시 영등포구 대림로21길 3-2 (대림동),근린생활1,공동주택,1020135248,지번
1156013300110360001,서울특별시 영등포구 대림동,서울특별시 영등포구 디지털로53길 22 (대림동),근린생활1,제1종근린생활시설,1020134009,지번
1156013300110270025,서울특별시 영등포구 대림동,서울특별시 영등포구 디지털로 369 (대림동),근린생활1,제1종근린생활시설,1020133914,지번
1156013300108610010,서울특별시 영등포구 대림동,서울특별시 영등포구 대림로 117 (대림동),근린생활2,제2종근린생활시설,1020132124,지번
1156011300101180000,서울특별시 영등포구 당산동3가,서울특별시 영등포구 국회대로 580-9 (당산동3가),근린생활2,제2종근린생활시설,102018613,지번
1156013300107260007,서울특별시 영등포구 대림동,서울특별시 영등포구 대림로31가길 13 (대림동),근린생활2,제2종근린생활시설,1000000000000001529194,지번
1156011300104230002,서울특별시 영등포구 당산동3가,서울특별시 영등포구 양산로17길 14-9 (당산동3가),근린생활2,제2종근린생활시설,10201100256219,지번
1156013300109650006,서울특별시 영등포구 대림동,서울특별시 영등포구 시흥대로183길 4 (대림동),근린생활1,제1종근린생활시설,1020133191,지번
1156013300109860007,서울특별시 영등포구 대림동,서울특별시 영등포구 시흥대로181길 5-1 (대림동),근린생활2,제2종근린생활시설,1020133327,지번
1156013300110930036,서울특별시 영등포구 대림동,서울특별시 영등포구 디지털로38길 19 (대림동),근린생활2,제2종근린생활시설,10201100256309,지번
1156013300109760011,서울특별시 영등포구 대림동,서울특별시 영등포구 시흥대로181길 10-4 (대림동),근린생활1,제1종근린생활시설,1020133283,지번
1156013300110360013,서울특별시 영등포구 대림동,서울특별시 영등포구 디지털로53길 19-1 (대림동),근린생활1,제1종근린생활시설,1020134017,지번
1156013300108320032,서울특별시 영등포구 대림동,서울특별시 영등포구 디지털로57길 24 (대림동),근린생활1,제1종근린생활시설,1020131780,지번
1156013300110350001,서울특별시 영등포구 대림동,서울특별시 영등포구 대림로19길 13 (대림동),근린생활1,제1종근린생활시설,1020134001,지번
1156013300110360014,서울특별시 영등포구 대림동,서울특별시 영등포구 디지털로53길 17 (대림동),근린생활1,제1종근린생활시설,1020134018,지번
1156013300110320006,서울특별시 영등포구 대림동,서울특별시 영등포구 디지털로 382 (대림동),근린생활1,제1종근린생활시설,1020133963,지번
1156013300110320017,서울특별시 영등포구 대림동,서울특별시 영등포구 디지털로 379-1 (대림동),근린생활1,제1종근린생활시설,1020133972,지번
1156013300110320026,서울특별시 영등포구 대림동,서울특별시 영등포구 디지털로 381-1 (대림동),근린생활1,제1종근린생활시설,1020133979,지번
1156013300109940004,서울특별시 영등포구 대림동,서울특별시 영등포구 시흥대로 591 (대림동),근린생활2,근린생활시설,1020133544,지번
1156013300109870012,서울특별시 영등포구 대림동,서울특별시 영등포구 대림로12길 18 (대림동),근린생활1,제1종근린생활시설,1020133333,지번
1156013300109750040,서울특별시 영등포구 대림동,서울특별시 영등포구 대림로12길 17 (대림동),근린생활2,제2종근린생활시설,1020133270,지번
1156013300109650005,서울특별시 영등포구 대림동,서울특별시 영등포구 시흥대로183길 10 (대림동),근린생활1,제1종근린생활시설,1020133190,지번
1156013300109760009,서울특별시 영등포구 대림동,서울특별시 영등포구 시흥대로183길 9 (대림동),근린생활2,제2종근린생활시설,1020133281,지번
1156013300110950010,서울특별시 영등포구 대림동,서울특별시 영등포구 디지털로38길 24 (대림동),근린생활1,제1종근린생활시설,1020134999,지번
1156013300108320014,서울특별시 영등포구 대림동,서울특별시 영등포구 대림로 133 (대림동),근린생활1,제1종근린생활시설,1020131775,지번
1156013300110190003,서울특별시 영등포구 대림동,서울특별시 영등포구 대림로 107-2 (대림동),근린생활1,제1종근린생활시설,1020133671,지번
1156013300108620005,서울특별시 영등포구 대림동,서울특별시 영등포구 디지털로 388 (대림동),근린생활1,제1종근린생활시설,1020132134,지번
1156013300110250073,서울특별시 영등포구 대림동,서울특별시 영등포구 디지털로48길 23 (대림동),근린생활2,제2종근린생활시설,1020133848,지번
1156013300108760020,서울특별시 영등포구 대림동,서울특별시 영등포구 디지털로66길 12 (대림동),근린생활1,제1종근린생활시설,1020132279,지번
1156013300110350003,서울특별시 영등포구 대림동,서울특별시 영등포구 디지털로53길 15 (대림동),근린생활1,제1종근린생활시설,1020134002,지번
1156013300110320010,서울특별시 영등포구 대림동,서울특별시 영등포구 디지털로56길 2 (대림동),근린생활2,제2종근린생활시설,1020133967,지번
1156013300110950023,서울특별시 영등포구 대림동,서울특별시 영등포구 디지털로38길 18-1 (대림동),근린생활1,제1종근린생활시설,1020135008,지번
1156013200104140062,서울특별시 영등포구 신길동,서울특별시 영등포구 도림로 218 (신길동),근린생활1,제1종근린생활시설,10201100256228,지번
1156013300110920041,서울특별시 영등포구 대림동,서울특별시 영등포구 디지털로38길 11-1 (대림동),근린생활1,제1종근린생활시설,1020134938,지번
1156013300110250013,서울특별시 영등포구 대림동,서울특별시 영등포구 디지털로48길 19 (대림동),근린생활1,제1종근린생활시설,1020133806,지번
1156013300110220022,서울특별시 영등포구 대림동,서울특별시 영등포구 디지털로54길 15 (대림동),근린생활1,제1종근린생활시설,1020133748,지번
1156013300109730011,서울특별시 영등포구 대림동,서울특별시 영등포구 대림로8길 7-2 (대림동),근린생활2,제2종근린생활시설,1020133208,지번
1156011900100250000,서울특별시 영등포구 문래동1가,서울특별시 영등포구 경인로88길 5-10 (문래동1가),근린생활2,제2종근린생활시설,10201100241828,지번
1156013300110920013,서울특별시 영등포구 대림동,서울특별시 영등포구 디지털로38길 14 (대림동),근린생활1,제1종근린생활시설,1020134920,지번
1156013300110920016,서울특별시 영등포구 대림동,서울특별시 영등포구 디지털로38길 12 (대림동),근린생활1,제1종근린생활시설,1020134923,지번
1156013300110920052,서울특별시 영등포구 대림동,서울특별시 영등포구 디지털로38길 13 (대림동),근린생활2,제2종근린생활시설,1020134948,지번
1156013300110920040,서울특별시 영등포구 대림동,서울특별시 영등포구 디지털로38길 9 (대림동),근린생활1,제1종근린생활시설,1020134937,지번
1156013300110310001,서울특별시 영등포구 대림동,서울특별시 영등포구 디지털로54길 3 (대림동),근린생활2,제2종근린생활시설,1020133954,지번
1156013300108580037,서울특별시 영등포구 대림동,서울특별시 영등포구 대림로 123 (대림동),근린생활1,제1종근린생활시설,1020132060,지번
1156013200100690015,서울특별시 영등포구 신길동,서울특별시 영등포구 영등포로81길 6 (신길동),근린생활2,제2종근린생활시설,10201100244646,지번
1156013300109730047,서울특별시 영등포구 대림동,서울특별시 영등포구 대림로8길 9-6 (대림동),근린생활2,제2종근린생활시설,1020133229,지번
1156013300108580019,서울특별시 영등포구 대림동,서울특별시 영등포구 대림로 120-1 (대림동),근린생활1,제1종근린생활시설,1020132045,지번
1156013300108590011,서울특별시 영등포구 대림동,서울특별시 영등포구 대림로 127 (대림동),근린생활2,제2종근린생활시설,1020132070,지번
1156013300108590023,서울특별시 영등포구 대림동,서울특별시 영등포구 대림로 125 (대림동),근린생활1,제1종근린생활시설,1020132083,지번
1156013300108750004,서울특별시 영등포구 대림동,서울특별시 영등포구 디지털로64길 11-2 (대림동),근린생활1,제1종근린생활시설,1020132253,지번
1156013300107000009,서울특별시 영등포구 대림동,서울특별시 영등포구 대림로 138 (대림동),근린생활1,제1종근린생활시설,1020130681,지번
1156013300107000010,서울특별시 영등포구 대림동,서울특별시 영등포구 대림로 136 (대림동),근린생활1,제1종근린생활시설,1020130682,지번
1156013300107000006,서울특별시 영등포구 대림동,서울특별시 영등포구 대림로 140 (대림동),근린생활2,제2종근린생활시설,1020130680,지번
1156013300107010000,서울특별시 영등포구 대림동,서울특별시 영등포구 대림로21길 5-1 (대림동),근린생활1,제1종근린생활시설,1020130706,지번
1156013300108340009,서울특별시 영등포구 대림동,서울특별시 영등포구 대림로 130 (대림동),근린생활2,제2종근린생활시설,10201100188954,지번
1156013300108360002,서울특별시 영등포구 대림동,서울특별시 영등포구 대림로22길 4 (대림동),근린생활2,제2종근린생활시설,1020131821,지번
1156013300109780017,서울특별시 영등포구 대림동,서울특별시 영등포구 시흥대로 651-1 (대림동),근린생활1,제1종근린생활시설,1020133316,지번
1156013300109760061,서울특별시 영등포구 대림동,서울특별시 영등포구 시흥대로181길 4-8 (대림동),근린생활2,제2종근린생활시설,1020133309,지번
1156013300109800004,서울특별시 영등포구 대림동,,근린생활1,단독주택,1020133322,본번
1156013300109890003,서울특별시 영등포구 대림동,서울특별시 영등포구 시흥대로 639 (대림동),근린생활1,제1종근린생활시설,1020133362,지번
1156013300109890010,서울특별시 영등포구 대림동,서울특별시 영등포구 대림로 76 (대림동),근린생활2,제2종근린생활시설,1020133364,지번
1156013300109870005,서울특별시 영등포구 대림동,서울특별시 영등포구 시흥대로181길 7 (대림동),근린생활2,제2종근린생활시설,1020133330,지번
1156013300109880025,서울특별시 영등포구 대림동,서울특별시 영등포구 대림로 86 (대림동),근린생활1,제1종근린생활시설,1020133358,지번
1156012800102710003,서울특별시 영등포구 양평동4가,서울특별시 영등포구 양평로18길 16-1 (양평동4가),근린생활2,제2종근린생활시설,10201100278168,지번
1156013200104210017,서울특별시 영등포구 신길동,서울특별시 영등포구 도림로 251 (신길동),근린생활1,제1종근린생활시설,10201100249849,지번
1156013300110240002,서울특별시 영등포구 대림동,서울특별시 영등포구 디지털로54길 23 (대림동),근린생활2,제2종근린생활시설,1020133790,지번
1156013300109340033,서울특별시 영등포구 대림동,서울특별시 영등포구 디지털로66길 9 (대림동),근린생활1,제1종근린생활시설,1020133038,지번
1156013300108770027,서울특별시 영등포구 대림동,서울특별시 영등포구 디지털로64길 8-1 (대림동),근린생활1,제1종근린생활시설,1020132294,지번
1156013300110210026,서울특별시 영등포구 대림동,서울특별시 영등포구 디지털로48가길 13 (대림동),근린생활1,제1종근린생활시설,1020133736,지번
1156013300110220003,서울특별시 영등포구 대림동,서울특별시 영등포구 디지털로54길 14 (대림동),근린생활1,근린생활시설,1020133738,지번
1156013300110220025,서울특별시 영등포구 대림동,서울특별시 영등포구 디지털로54길 13-1 (대림동),근린생활1,제1종근린생활시설,1020133751,지번
1156013300109910006,서울특별시 영등포구 대림동,서울특별시 영등포구 대림로7길 4-1 (대림동),근린생활2,제2종근린생활시설,1020133470,지번
1156013300109520013,서울특별시 영등포구 대림동,서울특별시 영등포구 시흥대로187길 1 (대림동),근린생활1,제1종근린생활시설,1020133153,지번
1156013300109770005,서울특별시 영등포구 대림동,서울특별시 영등포구 시흥대로181길 8 (대림동),근린생활1,제1종근린생활시설,1020133311,지번
1156013300109630008,서울특별시 영등포구 대림동,서울특별시 영등포구 시흥대로185길 9 (대림동),판매시설,판매시설,1020133185,지번
1156013300109630009,서울특별시 영등포구 대림동,서울특별시 영등포구 시흥대로185길 11 (대림동),근린생활2,제2종근린생활시설,1020133186,지번
1156013300109620004,서울특별시 영등포구 대림동,서울특별시 영등포구 시흥대로 663 (대림동),근린생활1,제1종근린생활시설,1020135321,지번
1156013300109620005,서울특별시 영등포구 대림동,서울특별시 영등포구 시흥대로 659 (대림동),근린생활1,제1종근린생활시설,1020133181,지번
1156013300110750035,서울특별시 영등포구 대림동,서울특별시 영등포구 디지털로51길 7-1 (대림동),근린생활2,제2종근린생활시설,10201100187704,지번
1156013300109880044,서울특별시 영등포구 대림동,서울특별시 영등포구 대림로 78 (대림동),근린생활2,제2종근린생활시설,1020133360,지번
1156011100100030001,서울특별시 영등포구 당산동1가,서울특별시 영등포구 영등포로30길 9 (당산동1가),근린생활2,제2종근린생활시설,102017290,지번
1156013200100010010,서울특별시 영등포구 신길동,서울특별시 영등포구 여의대방로61길 18-2 (신길동),근린생활1,제1종근린생활시설,1020118018,지번
1156010600100060009,서울특별시 영등포구 영등포동5가,서울특별시 영등포구 영등포로43길 3-1 (영등포동5가),근린생활2,제2종근린생활시설,10201100261308,지번
1156013300110720012,서울특별시 영등포구 대림동,서울특별시 영등포구 디지털로37나길 22 (대림동),근린생활1,제1종근린생활시설,1020134537,지번
1156013300108340002,서울특별시 영등포구 대림동,서울특별시 영등포구 대림로19길 1 (대림동),근린생활2,제2종근린생활시설,1020131799,지번
1156013300110260028,서울특별시 영등포구 대림동,서울특별시 영등포구 디지털로48가길 5 (대림동),근린생활1,제1종근린생활시설,1020133881,지번
1156013300109600004,서울특별시 영등포구 대림동,서울특별시 영등포구 시흥대로 671 (대림동),근린생활1,제1종근린생활시설,1020135320,지번
1156013200148310000,서울특별시 영등포구 신길동,서울특별시 영등포구 신길로 10 (신길동),근린생활1,제1종근린생활시설,1020128868,지번
1156013200148140000,서울특별시 영등포구 신길동,,근린생활1,제1종근린생활시설,1020128858,지번
1156013300110280005,서울특별시 영등포구 대림동,서울특별시 영등포구 디지털로54길 4-2 (대림동),근린생활2,제2종근린생활시설,1020133938,지번
1156013300109570006,서울특별시 영등포구 대림동,서울특별시 영등포구 디지털로70길 16-17 (대림동),근린생활1,제1종근린생활시설,1020133171,지번
1156013300109640003,서울특별시 영등포구 대림동,서울특별시 영등포구 시흥대로183길 6-2 (대림동),근린생활1,제1종근린생활시설,1020133187,지번
1156013300109640005,서울특별시 영등포구 대림동,서울특별시 영등포구 시흥대로183길 6 (대림동),근린생활2,제2종근린생활시설,1020133188,지번
1156013300109650013,서울특별시 영등포구 대림동,서울특별시 영등포구 시흥대로183길 8 (대림동),근린생활1,제1종근린생활시설,1020133194,지번
1156013300109760046,서울특별시 영등포구 대림동,서울특별시 영등포구 시흥대로183길 7-6 (대림동),근린생활1,제1종근린생활시설,1020133303,지번
1156013300109780015,서울특별시 영등포구 대림동,서울특별시 영등포구 시흥대로 655 (대림동),근린생활1,제1종근린생활시설,10201100193875,지번
1156013300108770012,서울특별시 영등포구 대림동,서울특별시 영등포구 디지털로64길 9-2 (대림동),근린생활1,제1종근린생활시설,1020132283,지번
1156013300109670007,서울특별시 영등포구 대림동,서울특별시 영등포구 대림로8길 26 (대림동),근린생활1,제1종근린생활시설,1020135324,지번
1156013300110340003,서울특별시 영등포구 대림동,서울특별시 영등포구 디지털로53길 9 (대림동),근린생활1,제1종근린생활시설,1020133998,지번
1156013300110350011,서울특별시 영등포구 대림동,서울특별시 영등포구 디지털로53길 14-1 (대림동),근린생활1,제1종근린생활시설,1020134006,지번
1156013300110750033,서울특별시 영등포구 대림동,서울특별시 영등포구 디지털로51길 9-1 (대림동),근린생활1,제1종근린생활시설,1020134579,지번
1156013300106880025,서울특별시 영등포구 대림동,서울특별시 영등포구 대림로34나길 16 (대림동),근린생활1,제1종근린생활시설,1020130605,지번
1156013300106860005,서울특별시 영등포구 대림동,서울특별시 영등포구 대림로34라길 3 (대림동),근린생활1,제1종근린생활시설,1020130575,지번
1156013200137410037,서울특별시 영등포구 신길동,서울특별시 영등포구 대방천로 193 (신길동),근린생활2,제2종근린생활시설,1020128173,지번
1156013300107000004,서울특별시 영등포구 대림동,서울특별시 영등포구 대림로 146 (대림동),근린생활1,제1종근린생활시설,1020130678,지번
1156013200105040000,서울특별시 영등포구 신길동,서울특별시 영등포구 신풍로26길 3 (신길동),근린생활1,제1종근린생활시설,1020125955,지번
1156013200149560000,서울특별시 영등포구 신길동,서울특별시 영등포구 가마산로 440 (신길동),근린생활1,제1종근린생활시설,10201100253188,지번
1156013200140350002,서울특별시 영등포구 신길동,서울특별시 영등포구 신풍로 92 (신길동),근린생활1,제1종근린생활시설,1020129665,지번
1156013200140270000,서울특별시 영등포구 신길동,서울특별시 영등포구 신풍로 90 (신길동),근린생활1,제1종근린생활시설,1020128390,지번
1156013200140080000,서울특별시 영등포구 신길동,서울특별시 영등포구 신풍로 86 (신길동),근린생활1,제1종근린생활시설,1020128386,지번
1156013200145790000,서울특별시 영등포구 신길동,서울특별시 영등포구 대방천로12길 1 (신길동),근린생활2,제2종근린생활시설,1020128750,지번
1156013200145790002,서울특별시 영등포구 신길동,서울특별시 영등포구 대방천로12길 3 (신길동),근린생활1,제1종근린생활시설,1020128751,지번
1156013200104480015,서울특별시 영등포구 신길동,서울특별시 영등포구 신길로 61 (신길동),근린생활2,제2종근린생활시설,1020125630,지번
1156013200104420041,서울특별시 영등포구 신길동,서울특별시 영등포구 신길로17길 18 (신길동),근린생활1,제1종근린생활시설,1020125522,지번
1156013200104410002,서울특별시 영등포구 신길동,서울특별시 영등포구 신길로17길 13 (신길동),근린생활1,제1종근린생활시설,1020125481,지번
1156013200137740000,서울특별시 영등포구 신길동,서울특별시 영등포구 대방천로 185-1 (신길동),근린생활1,제1종근린생활시설,1020128214,지번
1156013200137890000,서울특별시 영등포구 신길동,서울특별시 영등포구 대방천로 183-1 (신길동),근린생활1,제1종근린생활시설,1020128222,지번
1156013200104480052,서울특별시 영등포구 신길동,서울특별시 영등포구 신길로15길 7 (신길동),근린생활2,제2종근린생활시설,1020125658,지번
1156013200104480016,서울특별시 영등포구 신길동,서울특별시 영등포구 신길로 59 (신길동),근린생활2,제2종근린생활시설,1020125631,지번
1156013200141780000,서울특별시 영등포구 신길동,서울특별시 영등포구 신풍로22길 6 (신길동),근린생활1,제1종근린생활시설,1020128511,지번
1156013200138970004,서울특별시 영등포구 신길동,서울특별시 영등포구 신풍로 68 (신길동),근린생활2,제2종근린생활시설,1020128295,지번
1156013200137410041,서울특별시 영등포구 신길동,서울특별시 영등포구 대방천로 179 (신길동),근린생활2,제2종근린생활시설,1020128177,지번
1156013200137410053,서울특별시 영등포구 신길동,서울특별시 영등포구 대방천로 175 (신길동),근린생활1,제1종근린생활시설,1020128183,지번
1156013200137120000,서울특별시 영등포구 신길동,서울특별시 영등포구 신풍로8길 3 (신길동),근린생활2,제2종근린생활시설,1020128141,지번
1156013300109070005,서울특별시 영등포구 대림동,서울특별시 영등포구 신길로15길 14 (대림동),근린생활1,제1종근린생활시설,1020132748,지번
1156013200104430016,서울특별시 영등포구 신길동,서울특별시 영등포구 신길로17길 12-2 (신길동),근린생활1,제1종근린생활시설,1020125575,지번
1156013300109070051,서울특별시 영등포구 대림동,서울특별시 영등포구 신길로15길 13 (대림동),근린생활1,제1종근린생활시설,1020132773,지번
1156013200144140000,서울특별시 영등포구 신길동,서울특별시 영등포구 여의대방로9가길 7 (신길동),근린생활1,제1종근린생활시설,1020128659,지번
1156013200136570000,서울특별시 영등포구 신길동,서울특별시 영등포구 신풍로8길 6 (신길동),근린생활1,제1종근린생활시설,1020128106,지번
1156013200104280023,서울특별시 영등포구 신길동,서울특별시 영등포구 신풍로2길 1-3 (신길동),근린생활2,제2종근린생활시설,1020125277,지번
1156013200104250005,서울특별시 영등포구 신길동,서울특별시 영등포구 신길로 81 (신길동),근린생활1,제1종근린생활시설,1020125241,지번
1156013200104440032,서울특별시 영등포구 신길동,서울특별시 영등포구 대방천로 152 (신길동),근린생활1,제1종근린생활시설,1020125603,지번
1156013200145750000,서울특별시 영등포구 신길동,서울특별시 영등포구 대방천로 168 (신길동),근린생활1,제1종근린생활시설,1020128747,지번
1156013200104330063,서울특별시 영등포구 신길동,서울특별시 영등포구 신길로17길 20-1 (신길동),근린생활1,제1종근린생활시설,1020125338,지번
1156013200143460003,서울특별시 영등포구 신길동,서울특별시 영등포구 여의대방로19길 4-1 (신길동),근린생활2,제2종근린생활시설,10201100190474,지번
1156013200137410057,서울특별시 영등포구 신길동,서울특별시 영등포구 대방천로 191 (신길동),근린생활1,제1종근린생활시설,1020128184,지번
1156013300109060070,서울특별시 영등포구 대림동,서울특별시 영등포구 신길로13길 27 (대림동),근린생활2,제2종근린생활시설,1020132725,지번
1156013200143190000,서울특별시 영등포구 신길동,서울특별시 영등포구 여의대방로 101 (신길동),근린생활2,제2종근린생활시설,1020128602,지번
1156013200143000035,서울특별시 영등포구 신길동,서울특별시 영등포구 대방천로 230 (신길동),근린생활2,제2종근린생활시설,10201100194415,지번
1156013200104450011,서울특별시 영등포구 신길동,서울특별시 영등포구 신길로 71 (신길동),근린생활1,제1종근린생활시설,1020125605,지번
1156013200104450016,서울특별시 영등포구 신길동,서울특별시 영등포구 신길로 69 (신길동),근린생활1,제1종근린생활시설,1020125606,지번
1156013200104450002,서울특별시 영등포구 신길동,서울특별시 영등포구 신길로 67 (신길동),근린생활1,제1종근린생활시설,1020125604,지번
1156013200104350017,서울특별시 영등포구 신길동,서울특별시 영등포구 도림로 230 (신길동),근린생활2,제2종근린생활시설,1020125368,지번
1156013200145300000,서울특별시 영등포구 신길동,서울특별시 영등포구 대방천로 190 (신길동),근린생활2,제2종근린생활시설,1020128722,지번
1156013200145250001,서울특별시 영등포구 신길동,서울특별시 영등포구 대방천로 192 (신길동),근린생활1,제1종근린생활시설,1020128719,지번
1156013200138240000,서울특별시 영등포구 신길동,서울특별시 영등포구 신풍로12길 10 (신길동),근린생활2,제2종근린생활시설,1020128247,지번
1156013200138530000,서울특별시 영등포구 신길동,서울특별시 영등포구 신풍로 58 (신길동),근린생활1,제1종근린생활시설,1020128271,지번
1156013300106860003,서울특별시 영등포구 대림동,서울특별시 영등포구 대림로34다길 6 (대림동),근린생활2,제2종근린생활시설,1020130573,지번
1156013200138520000,서울특별시 영등포구 신길동,서울특별시 영등포구 신풍로 60 (신길동),근린생활1,제1종근린생활시설,1020128270,지번
1156013300106890003,서울특별시 영등포구 대림동,서울특별시 영등포구 대림로 196 (대림동),근린생활1,제1종근린생활시설,1020130614,지번
1156013200104350018,서울특별시 영등포구 신길동,서울특별시 영등포구 도림로 228-1 (신길동),근린생활1,제1종근린생활시설,1020125369,지번
1156013200104350020,서울특별시 영등포구 신길동,서울특별시 영등포구 도림로 228 (신길동),근린생활1,제1종근린생활시설,1020125370,지번
1156013200140620000,서울특별시 영등포구 신길동,서울특별시 영등포구 대방천로 233 (신길동),근린생활1,제1종근린생활시설,1020128415,지번
1156013200141070000,서울특별시 영등포구 신길동,서울특별시 영등포구 신풍로20길 11 (신길동),근린생활1,제1종근린생활시설,1020128451,지번
1156013200104820001,서울특별시 영등포구 신길동,서울특별시 영등포구 여의대방로27길 11-1 (신길동),근린생활2,제2종근린생활시설,10201100189274,지번
1156013200104850000,서울특별시 영등포구 신길동,서울특별시 영등포구 신풍로24길 10 (신길동),근린생활2,제2종근린생활시설,1020125943,지번
1156013300107430004,서울특별시 영등포구 대림동,서울특별시 영등포구 대림로34길 12 (대림동),근린생활2,제2종근린생활시설,1020131041,지번
1156013200104310012,서울특별시 영등포구 신길동,서울특별시 영등포구 대방천로 136 (신길동),근린생활2,제2종근린생활시설,1020125292,지번
1156013200104310003,서울특별시 영등포구 신길동,서울특별시 영등포구 대방천로 138 (신길동),근린생활1,제1종근린생활시설,1020125291,지번
1156013200140790000,서울특별시 영등포구 신길동,서울특별시 영등포구 대방천로 225 (신길동),근린생활1,제1종근린생활시설,1020128429,지번
1156013200138510000,서울특별시 영등포구 신길동,서울특별시 영등포구 신풍로 56-1 (신길동),근린생활2,제2종근린생활시설,1020128269,지번
1156013300108930103,서울특별시 영등포구 대림동,서울특별시 영등포구 도림로62가길 1 (대림동),근린생활2,제2종근린생활시설,1020132491,지번
1156013300106880020,서울특별시 영등포구 대림동,서울특별시 영등포구 대림로34나길 10 (대림동),근린생활1,제1종근린생활시설,1020130600,지번
1156013300106880019,서울특별시 영등포구 대림동,서울특별시 영등포구 대림로34나길 9 (대림동),근린생활1,제1종근린생활시설,1020130599,지번
1156013300106880027,서울특별시 영등포구 대림동,서울특별시 영등포구 대림로34다길 13 (대림동),근린생활1,제1종근린생활시설,1020130607,지번
1156013300107660005,서울특별시 영등포구 대림동,서울특별시 영등포구 도림로47길 22 (대림동),근린생활1,제1종근린생활시설,1020131332,지번
1156013300106890019,서울특별시 영등포구 대림동,서울특별시 영등포구 대림로34나길 2 (대림동),근린생활1,제1종근린생활시설,1020130631,지번
1156013300106890025,서울특별시 영등포구 대림동,서울특별시 영등포구 대림로34다길 7 (대림동),근린생활1,제1종근린생활시설,1020130637,지번
1156013300106890028,서울특별시 영등포구 대림동,서울특별시 영등포구 대림로34다길 3 (대림동),근린생활1,제1종근린생활시설,1020130640,지번
1156013200143870000,서울특별시 영등포구 신길동,서울특별시 영등포구 여의대방로 91 (신길동),근린생활2,제2종근린생활시설,1020128639,지번
1156013200144030000,서울특별시 영등포구 신길동,서울특별시 영등포구 여의대방로 93-1 (신길동),근린생활1,제1종근린생활시설,1020128649,지번
1156013200143620000,서울특별시 영등포구 신길동,서울특별시 영등포구 여의대방로 95 (신길동),근린생활2,제2종근린생활시설,1020128626,지번
1156013200143610000,서울특별시 영등포구 신길동,서울특별시 영등포구 여의대방로17길 6 (신길동),근린생활1,제1종근린생활시설,1020128625,지번
1156013200143030000,서울특별시 영등포구 신길동,서울특별시 영등포구 여의대방로 99 (신길동),근린생활2,제2종근린생활시설,1020128598,지번
1156013200142620001,서울특별시 영등포구 신길동,서울특별시 영등포구 여의대방로23길 13 (신길동),근린생활1,공동주택,1020129674,본번
1156013200104840000,서울특별시 영등포구 신길동,서울특별시 영등포구 신풍로24길 6 (신길동),근린생활1,제1종근린생활시설,1020125942,지번
1156013200104400061,서울특별시 영등포구 신길동,서울특별시 영등포구 도림로 212 (신길동),근린생활1,제1종근린생활시설,1020125475,지번
1156013300109060148,서울특별시 영등포구 대림동,서울특별시 영등포구 도림로64길 6 (대림동),근린생활2,제2종근린생활시설,1020132745,지번
1156013200104140038,서울특별시 영등포구 신길동,서울특별시 영등포구 도림로 216 (신길동),근린생활2,제2종근린생활시설,1020124960,지번
1156013200104360026,서울특별시 영등포구 신길동,서울특별시 영등포구 도림로 220 (신길동),근린생활2,제2종근린생활시설,1020125394,지번
1156013300106890013,서울특별시 영등포구 대림동,서울특별시 영등포구 대림로34나길 7 (대림동),근린생활1,제1종근린생활시설,1020130624,지번
1156013300106890012,서울특별시 영등포구 대림동,서울특별시 영등포구 대림로34가길 8-1 (대림동),근린생활1,제1종근린생활시설,1020130623,지번
1156013300106880028,서울특별시 영등포구 대림동,서울특별시 영등포구 대림로34다길 11 (대림동),근린생활1,제1종근린생활시설,1020130608,지번
1156013300106910000,서울특별시 영등포구 대림동,서울특별시 영등포구 도림로47길 35-1 (대림동),근린생활2,제2종근린생활시설,1020130643,지번
1156013300106890026,서울특별시 영등포구 대림동,서울특별시 영등포구 대림로34다길 5 (대림동),근린생활1,제1종근린생활시설,1020130638,지번
1156013300106860004,서울특별시 영등포구 대림동,서울특별시 영등포구 대림로34다길 2 (대림동),근린생활2,제2종근린생활시설,1020130574,지번
1156013300106860011,서울특별시 영등포구 대림동,서울특별시 영등포구 대림로34길 15 (대림동),근린생활2,제2종근린생활시설,1020130579,지번
1156013300106890017,서울특별시 영등포구 대림동,서울특별시 영등포구 대림로34나길 1-1 (대림동),근린생활1,제1종근린생활시설,1020130628,지번
1156013300106880022,서울특별시 영등포구 대림동,서울특별시 영등포구 대림로34나길 12 (대림동),근린생활1,제1종근린생활시설,1020130602,지번
1156013300106890029,서울특별시 영등포구 대림동,서울특별시 영등포구 대림로34다길 1 (대림동),근린생활1,제1종근린생활시설,1020130641,지번
1156013200142180000,서울특별시 영등포구 신길동,서울특별시 영등포구 대방천로 256-1 (신길동),근린생활1,제1종근린생활시설,1020128533,지번
1156013200142380000,서울특별시 영등포구 신길동,서울특별시 영등포구 대방천로 252-1 (신길동),근린생활2,제2종근린생활시설,1020128542,지번
1156013200142390000,서울특별시 영등포구 신길동,서울특별시 영등포구 대방천로 252-2 (신길동),근린생활1,제1종근린생활시설,1020128543,지번
1156013200143000011,서울특별시 영등포구 신길동,서울특별시 영등포구 대방천로 238 (신길동),근린생활2,제2종근린생활시설,1020128582,지번
1156013200143890000,서울특별시 영등포구 신길동,서울특별시 영등포구 대방천로 232 (신길동),근린생활2,제2종근린생활시설,1020128640,지번
1156013200143660000,서울특별시 영등포구 신길동,서울특별시 영등포구 대방천로 232-1 (신길동),근린생활1,제1종근린생활시설,1020128627,지번
1156013200143000014,서울특별시 영등포구 신길동,서울특별시 영등포구 대방천로 228 (신길동),근린생활1,제1종근린생활시설,1020128583,지번
1156013200104380016,서울특별시 영등포구 신길동,서울특별시 영등포구 도림로 226 (신길동),근린생활1,제1종근린생활시설,1020125405,지번
1156013300107510028,서울특별시 영등포구 대림동,서울특별시 영등포구 도림로 207 (대림동),근린생활1,제1종근린생활시설,1020131126,지번
1156013300106880030,서울특별시 영등포구 대림동,서울특별시 영등포구 대림로34다길 9 (대림동),근린생활1,제1종근린생활시설,1020130610,지번
1156013300106920001,서울특별시 영등포구 대림동,서울특별시 영등포구 대림로 188 (대림동),근린생활2,제2종근린생활시설,1020130653,지번
1156013300106920002,서울특별시 영등포구 대림동,서울특별시 영등포구 대림로 186 (대림동),근린생활1,제1종근린생활시설,1020130654,지번
1156013200104280002,서울특별시 영등포구 신길동,서울특별시 영등포구 대방천로 149 (신길동),근린생활1,제1종근린생활시설,1020125260,지번
1156013200138950000,서울특별시 영등포구 신길동,서울특별시 영등포구 신풍로 66 (신길동),근린생활2,제2종근린생활시설,1020128294,지번
1156013200144820004,서울특별시 영등포구 신길동,서울특별시 영등포구 대방천로 218 (신길동),근린생활1,제1종근린생활시설,1020128699,지번
1156013200144820001,서울특별시 영등포구 신길동,서울특별시 영등포구 대방천로 216 (신길동),근린생활1,제1종근린생활시설,1020128698,지번
1156013200139620005,서울특별시 영등포구 신길동,서울특별시 영등포구 대방천로 211 (신길동),근린생활2,제2종근린생활시설,1020128345,지번
1156013200104400088,서울특별시 영등포구 신길동,서울특별시 영등포구 신길로13길 34 (신길동),근린생활1,제1종근린생활시설,1020125479,지번
1156013300107500026,서울특별시 영등포구 대림동,서울특별시 영등포구 도림로61길 5 (대림동),근린생활2,제2종근린생활시설,1020131111,지번
1156013300107500021,서울특별시 영등포구 대림동,서울특별시 영등포구 도림로61길 7 (대림동),근린생활1,제1종근린생활시설,1020131109,지번
1156013300106910006,서울특별시 영등포구 대림동,서울특별시 영등포구 도림로47길 27 (대림동),근린생활1,제1종근린생활시설,1020130648,지번
1156013200140690000,서울특별시 영등포구 신길동,서울특별시 영등포구 대방천로 227-1 (신길동),근린생활1,제1종근린생활시설,1020128421,지번
1156013200140660000,서울특별시 영등포구 신길동,서울특별시 영등포구 대방천로 231 (신길동),근린생활1,제1종근린생활시설,1020128418,지번
1156013200104790000,서울특별시 영등포구 신길동,서울특별시 영등포구 여의대방로27길 5 (신길동),근린생활2,제2종근린생활시설,1020125933,지번
1156013200104790000,서울특별시 영등포구 신길동,서울특별시 영등포구 여의대방로27길 5 (신길동),근린생활2,제2종근린생활시설,1020125934,지번
1156013200104830000,서울특별시 영등포구 신길동,서울특별시 영등포구 대방천로 249 (신길동),근린생활2,제2종근린생활시설,1020125941,지번
1156013200105030001,서울특별시 영등포구 신길동,서울특별시 영등포구 여의대방로 137 (신길동),근린생활1,제1종근린생활시설,1020125954,지번
1156013200105010000,서울특별시 영등포구 신길동,서울특별시 영등포구 여의대방로 141 (신길동),근린생활1,제1종근린생활시설,1020125952,지번
1156013200140000000,서울특별시 영등포구 신길동,서울특별시 영등포구 신풍로 86-9 (신길동),근린생활2,제2종근린생활시설,1020128380,지번
1156013200104400078,서울특별시 영등포구 신길동,서울특별시 영등포구 도림로64길 4 (신길동),근린생활2,제2종근린생활시설,1020125478,지번
1156013200104360023,서울특별시 영등포구 신길동,서울특별시 영등포구 도림로 224 (신길동),근린생활2,제2종근린생활시설,1020125393,지번
1156013200146790000,서울특별시 영등포구 신길동,서울특별시 영등포구 신길로 18 (신길동),근린생활2,제2종근린생활시설,1020128811,지번
1156013300107090007,서울특별시 영등포구 대림동,서울특별시 영등포구 대림로23길 4-1 (대림동),근린생활1,제1종근린생활시설,1020130761,지번
1156013300107060004,서울특별시 영등포구 대림동,서울특별시 영등포구 도림로 150 (대림동),근린생활1,제1종근린생활시설,1020130743,지번
1156013300106880029,서울특별시 영등포구 대림동,서울특별시 영등포구 대림로34다길 9-1 (대림동),근린생활1,제1종근린생활시설,1020130609,지번
1156013200105000000,서울특별시 영등포구 신길동,서울특별시 영등포구 신풍로 122 (신길동),근린생활2,제2종근린생활시설,1020125951,지번
1156013200142250000,서울특별시 영등포구 신길동,서울특별시 영등포구 대방천로 256 (신길동),근린생활2,제2종근린생활시설,1020128535,지번
1156013200143490000,서울특별시 영등포구 신길동,서울특별시 영등포구 여의대방로9가길 7-12 (신길동),근린생활1,제1종근린생활시설,1020128616,지번
1156013300107460024,서울특별시 영등포구 대림동,서울특별시 영등포구 도림로47가길 15 (대림동),근린생활1,제1종근린생활시설,1020131072,지번
1156013300106840014,서울특별시 영등포구 대림동,서울특별시 영등포구 대림로34길 25-2 (대림동),근린생활1,제1종근린생활시설,1020130529,지번
1156013300107490014,서울특별시 영등포구 대림동,서울특별시 영등포구 도림로61길 33 (대림동),근린생활1,제1종근린생활시설,1020131079,지번
1156013200104420011,서울특별시 영등포구 신길동,서울특별시 영등포구 신길로17길 16 (신길동),근린생활1,제1종근린생활시설,1020125493,지번
1156013200142060000,서울특별시 영등포구 신길동,서울특별시 영등포구 여의대방로 115 (신길동),근린생활2,제2종근린생활시설,1020128529,지번
1156013300109000001,서울특별시 영등포구 대림동,서울특별시 영등포구 대림로22길 50 (대림동),근린생활1,제1종근린생활시설,1020132563,지번
1156013300109030037,서울특별시 영등포구 대림동,서울특별시 영등포구 디지털로77길 11 (대림동),근린생활1,제1종근린생활시설,1020132614,지번
1156013300108940040,서울특별시 영등포구 대림동,서울특별시 영등포구 디지털로 437-1 (대림동),근린생활1,단독주택,1000000000000004144670,지번
1156013300107530004,서울특별시 영등포구 대림동,서울특별시 영등포구 도림로55길 18 (대림동),근린생활2,제2종근린생활시설,1020131181,지번
1156013200104400013,서울특별시 영등포구 신길동,서울특별시 영등포구 신길로13가길 8 (신길동),근린생활2,제2종근린생활시설,1020125446,지번
1156013200104400019,서울특별시 영등포구 신길동,서울특별시 영등포구 신길로13길 14 (신길동),근린생활1,제1종근린생활시설,1020125452,지번
1156013300107550024,서울특별시 영등포구 대림동,서울특별시 영등포구 도림로 202 (대림동),근린생활2,제2종근린생활시설,1020131266,지번
1156013300107550002,서울특별시 영등포구 대림동,서울특별시 영등포구 도림로 197 (대림동),근린생활2,제2종근린생활시설,1020135184,지번
1156013300107560004,서울특별시 영등포구 대림동,서울특별시 영등포구 도림로 198 (대림동),근린생활2,제2종근린생활시설,1020131270,지번
1156013300107570011,서울특별시 영등포구 대림동,서울특별시 영등포구 도림로 200 (대림동),근린생활2,제2종근린생활시설,1020131277,지번
1156013300107540006,서울특별시 영등포구 대림동,서울특별시 영등포구 도림로47가길 16-1 (대림동),근린생활1,제1종근린생활시설,1020131208,지번
1156013300107450006,서울특별시 영등포구 대림동,서울특별시 영등포구 도림로53길 18 (대림동),근린생활1,제1종근린생활시설,1020131050,지번
1156013300107700005,서울특별시 영등포구 대림동,서울특별시 영등포구 도림로53길 17 (대림동),근린생활2,제2종근린생활시설,10201100193036,지번
1156013300109040014,서울특별시 영등포구 대림동,서울특별시 영등포구 신길로15길 25 (대림동),근린생활1,제1종근린생활시설,1020132654,지번
1156013300108930058,서울특별시 영등포구 대림동,서울특별시 영등포구 대림로22길 45 (대림동),근린생활2,제2종근린생활시설,1020132452,지번
1156013300107510005,서울특별시 영등포구 대림동,서울특별시 영등포구 도림로 206 (대림동),근린생활1,제1종근린생활시설,1020131113,지번
1156013300107510012,서울특별시 영등포구 대림동,서울특별시 영등포구 도림로 204-4 (대림동),근린생활2,제2종근린생활시설,1020131117,지번
1156013200142240000,서울특별시 영등포구 신길동,서울특별시 영등포구 여의대방로23길 3 (신길동),근린생활2,제2종근린생활시설,1020128534,지번
1156013300109030010,서울특별시 영등포구 대림동,서울특별시 영등포구 디지털로 447 (대림동),근린생활1,제1종근린생활시설,1020132593,지번
1156013300109020007,서울특별시 영등포구 대림동,서울특별시 영등포구 디지털로77길 2-6 (대림동),근린생활1,제1종근린생활시설,1020132586,지번
1156013300107540023,서울특별시 영등포구 대림동,서울특별시 영등포구 도림로53길 12-2 (대림동),근린생활2,제2종근린생활시설,1020131226,지번
1156013200104300016,서울특별시 영등포구 신길동,서울특별시 영등포구 대방천로 140 (신길동),근린생활2,제2종근린생활시설,1020125290,지번
1156013200147590000,서울특별시 영등포구 신길동,서울특별시 영등포구 여의대방로 45 (신길동),판매시설,판매시설,1020129716,지번
1156013200147590000,서울특별시 영등포구 신길동,서울특별시 영등포구 여의대방로 45 (신길동),판매시설,공동주택,1020129717,지번
1156013200147590000,서울특별시 영등포구 신길동,서울특별시 영등포구 여의대방로 45 (신길동),판매시설,공동주택,1020129718,지번
1156013200147290000,서울특별시 영등포구 신길동,서울특별시 영등포구 신길로8길 7 (신길동),근린생활1,제1종근린생활시설,1020128847,지번
1156013200144080001,서울특별시 영등포구 신길동,서울특별시 영등포구 여의대방로9가길 9 (신길동),근린생활2,제2종근린생활시설,1020128654,지번
1156013200143540000,서울특별시 영등포구 신길동,서울특별시 영등포구 여의대방로13길 6 (신길동),근린생활1,제1종근린생활시설,1020128619,지번
1156013200147210000,서울특별시 영등포구 신길동,서울특별시 영등포구 신길로8길 3-1 (신길동),근린생활2,제2종근린생활시설,1020128845,지번
1156013200146760000,서울특별시 영등포구 신길동,서울특별시 영등포구 신길로8길 3-7 (신길동),근린생활1,단독주택,1020128808,지번
1156013200146760000,서울특별시 영등포구 신길동,서울특별시 영등포구 신길로 36-1 (신길동),근린생활1,제1종근린생활시설,1020128809,지번
1156013300109060108,서울특별시 영등포구 대림동,서울특별시 영등포구 도림로 208 (대림동),근린생활2,제2종근린생활시설,1020132743,지번
1156013300108930004,서울특별시 영등포구 대림동,서울특별시 영등포구 대림로22다길 16 (대림동),근린생활1,단독주택,1020132407,지번
1156013300108930004,서울특별시 영등포구 대림동,서울특별시 영등포구 대림로22다길 16 (대림동),근린생활1,제1종근린생활시설,1020132408,지번
1156013300106840012,서울특별시 영등포구 대림동,서울특별시 영등포구 대림로34바길 3 (대림동),근린생활1,제1종근린생활시설,1020130527,지번
1156013300106840019,서울특별시 영등포구 대림동,서울특별시 영등포구 대림로34마길 2 (대림동),근린생활1,제1종근린생활시설,1020130533,지번
1156013200104290004,서울특별시 영등포구 신길동,서울특별시 영등포구 대방천로 147-12 (신길동),근린생활2,제2종근린생활시설,1020125282,지번
1156013200138470000,서울특별시 영등포구 신길동,서울특별시 영등포구 신풍로 50 (신길동),근린생활2,제2종근린생활시설,1020128266,지번
1156013200138440000,서울특별시 영등포구 신길동,서울특별시 영등포구 신풍로 46 (신길동),근린생활2,제2종근린생활시설,1020128264,지번
1156013300109030052,서울특별시 영등포구 대림동,서울특별시 영등포구 디지털로 445 (대림동),근린생활1,제1종근린생활시설,1020132630,지번
1156013300109110052,서울특별시 영등포구 대림동,서울특별시 영등포구 디지털로 449 (대림동),근린생활1,제1종근린생활시설,1020132822,지번
1156013200147370000,서울특별시 영등포구 신길동,서울특별시 영등포구 신길로8길 3 (신길동),근린생활1,제1종근린생활시설,1020128850,지번
1156013300108890001,서울특별시 영등포구 대림동,서울특별시 영등포구 대림로22길 33 (대림동),근린생활2,제2종근린생활시설,1020132381,지번
1156013300107510033,서울특별시 영등포구 대림동,서울특별시 영등포구 도림로 203 (대림동),근린생활2,제2종근린생활시설,1020131130,지번
1156013300108940002,서울특별시 영등포구 대림동,서울특별시 영등포구 대림로22길 40 (대림동),근린생활2,제2종근린생활시설,1020132492,지번
1156013300106850003,서울특별시 영등포구 대림동,서울특별시 영등포구 대림로34마길 7 (대림동),근린생활1,제1종근린생활시설,1020130547,지번
1156013300106850023,서울특별시 영등포구 대림동,서울특별시 영등포구 대림로34길 19-1 (대림동),근린생활1,제1종근린생활시설,1020130565,지번
1156013200104770000,서울특별시 영등포구 신길동,서울특별시 영등포구 여의대방로 131 (신길동),근린생활1,제1종근린생활시설,1020125931,지번
1156013200104800001,서울특별시 영등포구 신길동,서울특별시 영등포구 대방천로 257 (신길동),근린생활2,제2종근린생활시설,1020125935,지번
1156013200145770000,서울특별시 영등포구 신길동,서울특별시 영등포구 대방천로12길 5-2 (신길동),근린생활1,제1종근린생활시설,1020128748,지번
1156013200147160000,서울특별시 영등포구 신길동,서울특별시 영등포구 신길로 40 (신길동),근린생활2,제2종근린생활시설,1020128803,지번
1156013300109070016,서울특별시 영등포구 대림동,서울특별시 영등포구 신길로15길 17 (대림동),근린생활1,제1종근린생활시설,1020132756,지번
1156013300109070015,서울특별시 영등포구 대림동,서울특별시 영등포구 디지털로81길 12-1 (대림동),근린생활1,제1종근린생활시설,1020132755,지번
1156013300109070039,서울특별시 영등포구 대림동,서울특별시 영등포구 신길로13길 5 (대림동),근린생활1,제1종근린생활시설,1020132765,지번
1156013300109090011,서울특별시 영등포구 대림동,서울특별시 영등포구 디지털로 461 (대림동),근린생활1,제1종근린생활시설,1020132780,지번
1156013300109090038,서울특별시 영등포구 대림동,서울특별시 영등포구 디지털로 457 (대림동),근린생활1,제1종근린생활시설,1020132790,지번
1156013300108940011,서울특별시 영등포구 대림동,서울특별시 영등포구 디지털로73길 16 (대림동),근린생활1,제1종근린생활시설,1020132494,지번
1156013300108920005,서울특별시 영등포구 대림동,서울특별시 영등포구 도림로62가길 6 (대림동),근린생활1,제1종근린생활시설,1020132386,지번
1156013300109090063,서울특별시 영등포구 대림동,서울특별시 영등포구 디지털로 455-3 (대림동),근린생활1,제1종근린생활시설,1020132805,지번
1156013300108900001,서울특별시 영등포구 대림동,서울특별시 영등포구 대림로22길 37 (대림동),근린생활1,제1종근린생활시설,1020135275,지번
1156013300107190004,서울특별시 영등포구 대림동,서울특별시 영등포구 대림로27가길 4 (대림동),근린생활1,제1종근린생활시설,1020130826,지번
1156013200138460000,서울특별시 영등포구 신길동,서울특별시 영등포구 신풍로 44 (신길동),근린생활1,제1종근린생활시설,1020128265,지번
1156013200104460006,서울특별시 영등포구 신길동,서울특별시 영등포구 신길로 65-1 (신길동),근린생활1,제1종근린생활시설,1020125609,지번
1156013300109070022,서울특별시 영등포구 대림동,서울특별시 영등포구 디지털로81길 18 (대림동),근린생활1,제1종근린생활시설,1020132759,지번
1156013300109090064,서울특별시 영등포구 대림동,서울특별시 영등포구 디지털로 453 (대림동),근린생활1,제1종근린생활시설,1020132806,지번
1156013300109100007,서울특별시 영등포구 대림동,서울특별시 영등포구 디지털로 451 (대림동),근린생활1,제1종근린생활시설,1020132807,지번
1156013300107200006,서울특별시 영등포구 대림동,서울특별시 영등포구 대림로27가길 12 (대림동),근린생활2,제2종근린생활시설,1020130834,지번
1156013300107200002,서울특별시 영등포구 대림동,서울특별시 영등포구 대림로 175 (대림동),근린생활2,제2종근린생활시설,1020130829,지번
1156013300106930002,서울특별시 영등포구 대림동,서울특별시 영등포구 대림로 174-1 (대림동),근린생활2,제2종근린생활시설,1020130657,지번
1156013300107100009,서울특별시 영등포구 대림동,서울특별시 영등포구 대림로27길 3 (대림동),근린생활1,제1종근린생활시설,1020130772,지번
1156013300106940005,서울특별시 영등포구 대림동,서울특별시 영등포구 도림로47길 13-1 (대림동),근린생활1,제1종근린생활시설,1020130665,지번
1156013200146510006,서울특별시 영등포구 신길동,서울특별시 영등포구 신길로16길 11 (신길동),근린생활1,제1종근린생활시설,1020128794,지번
1156013200145110000,서울특별시 영등포구 신길동,서울특별시 영등포구 여의대방로7길 13 (신길동),근린생활2,제2종근린생활시설,1020128716,지번
1156013200145070000,서울특별시 영등포구 신길동,서울특별시 영등포구 여의대방로7길 9 (신길동),근린생활1,제1종근린생활시설,1020128715,지번
1156013300107530030,서울특별시 영등포구 대림동,서울특별시 영등포구 도림로55길 9-2 (대림동),근린생활2,제2종근린생활시설,1020131205,지번
1156013200137410045,서울특별시 영등포구 신길동,서울특별시 영등포구 대방천로 187-1 (신길동),근린생활2,단독주택,1020128178,지번
1156013200137410045,서울특별시 영등포구 신길동,서울특별시 영등포구 대방천로 187 (신길동),근린생활2,제2종근린생활시설,1020128179,지번
1156013200145280000,서울특별시 영등포구 신길동,서울특별시 영등포구 대방천로 188 (신길동),근린생활2,제2종근린생활시설,1020128721,지번
1156013200145010000,서울특별시 영등포구 신길동,서울특별시 영등포구 여의대방로5길 2 (신길동),근린생활1,제1종근린생활시설,1020129696,지번
1156013200145010000,서울특별시 영등포구 신길동,서울특별시 영등포구 여의대방로5길 6 (신길동),근린생활1,공동주택,1020129697,지번
1156013200145010000,서울특별시 영등포구 신길동,서울특별시 영등포구 여의대방로5길 6 (신길동),근린생활1,공동주택,1020129698,지번
1156013300109070011,서울특별시 영등포구 대림동,서울특별시 영등포구 신길로15길 15 (대림동),근린생활1,제1종근린생활시설,1020132752,지번
1156013300109090040,서울특별시 영등포구 대림동,서울특별시 영등포구 디지털로 459 (대림동),근린생활2,제2종근린생활시설,1020132791,지번
1156013300109090044,서울특별시 영등포구 대림동,서울특별시 영등포구 디지털로 455-2 (대림동),근린생활1,제1종근린생활시설,1020132792,지번
1156013300109090047,서울특별시 영등포구 대림동,서울특별시 영등포구 디지털로 455-6 (대림동),근린생활2,제2종근린생활시설,1020132795,지번
1156013300107200003,서울특별시 영등포구 대림동,서울특별시 영등포구 대림로 173 (대림동),근린생활1,제1종근린생활시설,1020130830,지번
1156013300107200003,서울특별시 영등포구 대림동,서울특별시 영등포구 대림로 173 (대림동),근린생활1,창고시설,1020130831,지번
1156013300107660010,서울특별시 영등포구 대림동,서울특별시 영등포구 도림로47길 18 (대림동),근린생활2,제2종근린생활시설,1020131335,지번
1156013300106940006,서울특별시 영등포구 대림동,서울특별시 영등포구 도림로47길 13 (대림동),근린생활1,제1종근린생활시설,1020130666,지번
1156013300106930006,서울특별시 영등포구 대림동,서울특별시 영등포구 대림로 180 (대림동),근린생활2,제2종근린생활시설,1020130662,지번
1156013300106930005,서울특별시 영등포구 대림동,서울특별시 영등포구 대림로 170 (대림동),근린생활2,제2종근린생활시설,10201100191394,지번
1156013300109080013,서울특별시 영등포구 대림동,서울특별시 영등포구 신길로 49 (대림동),근린생활2,제2종근린생활시설,1020132775,지번
1156013200145250000,서울특별시 영등포구 신길동,서울특별시 영등포구 대방천로 192-1 (신길동),근린생활2,제2종근린생활시설,1020128718,지번
1156013200136110000,서울특별시 영등포구 신길동,서울특별시 영등포구 신길로 70 (신길동),근린생활1,제1종근린생활시설,1020128092,지번
1156013200136110000,서울특별시 영등포구 신길동,서울특별시 영등포구 신길로 70 (신길동),근린생활1,제1종근린생활시설,1020129643,지번
1156013200137410038,서울특별시 영등포구 신길동,서울특별시 영등포구 대방천로 173 (신길동),근린생활1,제1종근린생활시설,1020128174,지번
1156013200138420000,서울특별시 영등포구 신길동,서울특별시 영등포구 신풍로 48-1 (신길동),근린생활2,제2종근린생활시설,1020128262,지번
1156013200137110000,서울특별시 영등포구 신길동,서울특별시 영등포구 신풍로10길 2-16 (신길동),근린생활1,제1종근린생활시설,1020128140,지번
1156013300109060033,서울특별시 영등포구 대림동,서울특별시 영등포구 도림로64길 13-1 (대림동),근린생활1,제1종근린생활시설,1020132691,지번
1156013200143440000,서울특별시 영등포구 신길동,서울특별시 영등포구 여의대방로 79 (신길동),근린생활1,제1종근린생활시설,1020128608,지번
1156013300107440006,서울특별시 영등포구 대림동,서울특별시 영등포구 도림로53길 32-3 (대림동),근린생활1,제1종근린생활시설,1020131045,지번
1156013300107720004,서울특별시 영등포구 대림동,서울특별시 영등포구 도림로53길 23 (대림동),근린생활1,제1종근린생활시설,1020131349,지번
1156013300106850026,서울특별시 영등포구 대림동,서울특별시 영등포구 대림로34라길 4-1 (대림동),근린생활1,제1종근린생활시설,1020130568,지번
1156013300106850025,서울특별시 영등포구 대림동,서울특별시 영등포구 대림로34라길 4 (대림동),근린생활2,제2종근린생활시설,1020130567,지번
1156013200137830000,서울특별시 영등포구 신길동,서울특별시 영등포구 대방천로 181 (신길동),근린생활2,제2종근린생활시설,1020128220,지번
1156013300107540009,서울특별시 영등포구 대림동,서울특별시 영등포구 도림로53길 14-1 (대림동),근린생활1,단독주택,1020131211,지번
1156013300107540009,서울특별시 영등포구 대림동,서울특별시 영등포구 도림로53길 16 (대림동),근린생활1,제1종근린생활시설,1020131212,지번
1156013200142160000,서울특별시 영등포구 신길동,서울특별시 영등포구 대방천로 260 (신길동),근린생활1,제1종근린생활시설,1020128531,지번
1156013300107190003,서울특별시 영등포구 대림동,서울특별시 영등포구 대림로27가길 2 (대림동),근린생활2,제2종근린생활시설,1020130825,지번
1156013300107190000,서울특별시 영등포구 대림동,서울특별시 영등포구 대림로27가길 6 (대림동),근린생활1,제1종근린생활시설,1020130822,지번
1156013300107200004,서울특별시 영등포구 대림동,서울특별시 영등포구 대림로 171 (대림동),근린생활2,제2종근린생활시설,1020130832,지번
1156013300107100010,서울특별시 영등포구 대림동,서울특별시 영등포구 대림로 157 (대림동),근린생활1,제1종근린생활시설,1020130773,지번
1156013200145240000,서울특별시 영등포구 신길동,서울특별시 영등포구 대방천로 196 (신길동),근린생활1,제1종근린생활시설,1020128717,지번
1156013200146560000,서울특별시 영등포구 신길동,서울특별시 영등포구 대방천로14길 32 (신길동),근린생활2,공동주택,1020129710,지번
1156013200146560000,서울특별시 영등포구 신길동,서울특별시 영등포구 대방천로14길 8 (신길동),근린생활2,공동주택,1020129711,지번
1156013200146560000,서울특별시 영등포구 신길동,서울특별시 영등포구 대방천로14길 32 (신길동),근린생활2,공동주택,1020129712,지번
1156013200146560000,서울특별시 영등포구 신길동,서울특별시 영등포구 대방천로 172 (신길동),근린생활2,제2종근린생활시설,1020129713,지번
1156013200146560000,서울특별시 영등포구 신길동,서울특별시 영등포구 대방천로14길 32 (신길동),근린생활2,공동주택,1020129714,지번
1156013200146560000,서울특별시 영등포구 신길동,서울특별시 영등포구 대방천로14길 32 (신길동),근린생활2,공동주택,1020129715,지번
1156013200142820000,서울특별시 영등포구 신길동,서울특별시 영등포구 대방천로 240-1 (신길동),근린생활1,제1종근린생활시설,1020128569,지번
1156013200139730000,서울특별시 영등포구 신길동,서울특별시 영등포구 대방천로 211-1 (신길동),근린생활2,제2종근린생활시설,1020128357,지번
1156013200104300014,서울특별시 영등포구 신길동,서울특별시 영등포구 대방천로 142 (신길동),근린생활1,제1종근린생활시설,1020125288,지번
1156013300108940028,서울특별시 영등포구 대림동,서울특별시 영등포구 디지털로71길 4-2 (대림동),근린생활1,제1종근린생활시설,1020132508,지번
1156013300109240003,서울특별시 영등포구 대림동,서울특별시 영등포구 디지털로 427 (대림동),근린생활1,제1종근린생활시설,1020132992,지번
1156013300107720001,서울특별시 영등포구 대림동,서울특별시 영등포구 도림로53길 25 (대림동),근린생활2,제2종근린생활시설,1020131348,지번
1156013200143000034,서울특별시 영등포구 신길동,서울특별시 영등포구 대방천로 228-1 (신길동),근린생활1,제1종근린생활시설,1020128595,지번
1156013200102250030,서울특별시 영등포구 신길동,서울특별시 영등포구 신길로 197-1 (신길동),근린생활1,제1종근린생활시설,1020121751,지번
1156013200138540000,서울특별시 영등포구 신길동,서울특별시 영등포구 신풍로 48 (신길동),근린생활2,제2종근린생활시설,1020128272,지번
1156013200138430000,서울특별시 영등포구 신길동,서울특별시 영등포구 신풍로 46-1 (신길동),근린생활1,제1종근린생활시설,1020128263,지번
1156013300109060037,서울특별시 영등포구 대림동,서울특별시 영등포구 도림로64길 12-1 (대림동),근린생활1,제1종근린생활시설,1020132693,지번
1156013300107460029,서울특별시 영등포구 대림동,서울특별시 영등포구 도림로53길 32-4 (대림동),근린생활2,제2종근린생활시설,1020131073,지번
1156013300107520028,서울특별시 영등포구 대림동,서울특별시 영등포구 도림로57길 18 (대림동),근린생활2,제2종근린생활시설,1020131155,지번
1156013300107490034,서울특별시 영등포구 대림동,서울특별시 영등포구 도림로61나길 3 (대림동),근린생활2,제2종근린생활시설,1020131097,지번
1156013200139230001,서울특별시 영등포구 신길동,서울특별시 영등포구 대방천로 203 (신길동),근린생활2,제2종근린생활시설,1020128319,지번
1156013200141600000,서울특별시 영등포구 신길동,서울특별시 영등포구 대방천로 243 (신길동),근린생활2,제2종근린생활시설,1020128493,지번
1156013200104880000,서울특별시 영등포구 신길동,서울특별시 영등포구 대방천로 247 (신길동),근린생활2,제2종근린생활시설,1020125945,지번
1156013200140820014,서울특별시 영등포구 신길동,서울특별시 영등포구 대방천로 245 (신길동),근린생활2,제2종근린생활시설,1020128433,지번
1156013200141690000,서울특별시 영등포구 신길동,서울특별시 영등포구 대방천로 241-1 (신길동),근린생활2,제2종근린생활시설,1020128502,지번
1156013200138550000,서울특별시 영등포구 신길동,서울특별시 영등포구 신풍로 60-1 (신길동),근린생활1,제1종근린생활시설,1020128273,지번
1156013300109090061,서울특별시 영등포구 대림동,서울특별시 영등포구 디지털로79길 3 (대림동),근린생활1,제1종근린생활시설,1020132804,지번
1156013300107530035,서울특별시 영등포구 대림동,서울특별시 영등포구 도림로47나길 2 (대림동),근린생활1,제1종근린생활시설,1020131207,지번
1156013300107450004,서울특별시 영등포구 대림동,서울특별시 영등포구 도림로47가길 9 (대림동),근린생활2,제2종근린생활시설,1020131049,지번
1156013200142680000,서울특별시 영등포구 신길동,서울특별시 영등포구 여의대방로 113 (신길동),근린생활2,제2종근린생활시설,10201100227898,지번
1156012700100320010,서울특별시 영등포구 양평동3가,서울특별시 영등포구 선유서로 127-1 (양평동3가),근린생활2,제2종근린생활시설,10201100195854,지번
1156012700100560004,서울특별시 영등포구 양평동3가,서울특별시 영등포구 선유서로34길 13 (양평동3가),근린생활2,제2종근린생활시설,10201100195270,지번
1156012700100930000,서울특별시 영등포구 양평동3가,서울특별시 영등포구 선유로43나길 16 (양평동3가),근린생활2,제2종근린생활시설,10201100194397,지번
1156012700100930003,서울특별시 영등포구 양평동3가,서울특별시 영등포구 선유로43나길 18 (양평동3가),근린생활2,제2종근린생활시설,10201100194398,지번
1156012800102060000,서울특별시 영등포구 양평동4가,서울특별시 영등포구 선유로53길 34-3 (양평동4가),근린생활2,제2종근린생활시설,10201100194714,지번
1156012900100600000,서울특별시 영등포구 양평동5가,서울특별시 영등포구 양평로22가길 5 (양평동5가),근린생활2,제2종근린생활시설,10201100193094,지번
1156013000100100004,서울특별시 영등포구 양평동6가,서울특별시 영등포구 양평로28길 15-1 (양평동6가),근린생활2,제2종근린생활시설,10201100196434,지번
1156012700100490002,서울특별시 영등포구 양평동3가,서울특별시 영등포구 선유로 143 (양평동3가),근린생활2,제2종근린생활시설,1020116790,지번
1156013200100950188,서울특별시 영등포구 신길동,서울특별시 영등포구 영등포로80길 4 (신길동),근린생활2,제2종근린생활시설,1020119076,지번
1156012800101480005,서울특별시 영등포구 양평동4가,서울특별시 영등포구 양평로 106 (양평동4가),근린생활2,제2종근린생활시설,1020117255,지번
1156013200104250012,서울특별시 영등포구 신길동,서울특별시 영등포구 대방천로 151 (신길동),근린생활1,제1종근린생활시설,10201100208676,지번
1156013200104270002,서울특별시 영등포구 신길동,서울특별시 영등포구 신풍로 10 (신길동),근린생활2,제2종근린생활시설,10201100203051,지번
1156013200100890070,서울특별시 영등포구 신길동,서울특별시 영등포구 여의대방로53길 29 (신길동),근린생활2,제2종근린생활시설,10201100194794,지번
1156012700100330019,서울특별시 영등포구 양평동3가,서울특별시 영등포구 선유서로31길 10-8 (양평동3가),근린생활2,제2종근린생활시설,10201100276268,지번
1156013200105030000,서울특별시 영등포구 신길동,서울특별시 영등포구 여의대방로27길 2 (신길동),근린생활2,제2종근린생활시설,10201100193394,지번
1156013200112310000,서울특별시 영등포구 신길동,서울특별시 영등포구 여의대방로53가길 16 (신길동),근린생활2,제2종근린생활시설,10201100192554,지번
1156013300108780016,서울특별시 영등포구 대림동,서울특별시 영등포구 디지털로 412 (대림동),근린생활1,제1종근린생활시설,1020132317,지번
1156013300107780040,서울특별시 영등포구 대림동,서울특별시 영등포구 가마산로 319-1 (대림동),근린생활1,제1종근린생활시설,1020131418,지번
1156012500100010025,서울특별시 영등포구 양평동1가,서울특별시 영등포구 문래북로 51-4 (양평동1가),근린생활1,제1종근린생활시설,10201100223018,지번
1156011200100100000,서울특별시 영등포구 당산동2가,서울특별시 영등포구 영등포로 116 (당산동2가),근린생활1,제1종근린생활시설,102018217,지번
1156013300110220038,서울특별시 영등포구 대림동,서울특별시 영등포구 디지털로54길 17 (대림동),근린생활1,공동주택,1000000000000006737411,지번
1156013200109200000,서울특별시 영등포구 신길동,서울특별시 영등포구 여의대방로47라길 18-3 (신길동),근린생활2,제2종근린생활시설,10201100198956,지번
1156013200113110000,서울특별시 영등포구 신길동,서울특별시 영등포구 영등포로 420-3 (신길동),근린생활2,공동주택,1000000000000001719840,지번
1156013200144820012,서울특별시 영등포구 신길동,서울특별시 영등포구 대방천로 218-12 (신길동),근린생활2,제2종근린생활시설,10201100193654,지번
1156013300110490000,서울특별시 영등포구 대림동,서울특별시 영등포구 대림로23길 30-1 (대림동),근린생활2,제2종근린생활시설,10201100205676,지번
1156010600100340106,서울특별시 영등포구 영등포동5가,서울특별시 영등포구 영등포로45길 9-9 (영등포동5가),근린생활1,제1종근린생활시설,102015154,지번
1156011300103740000,서울특별시 영등포구 당산동3가,서울특별시 영등포구 당산로 111-4 (당산동3가),근린생활1,제1종근린생활시설,102018853,지번
1156013200148190000,서울특별시 영등포구 신길동,서울특별시 영등포구 여의대방로1길 4-5 (신길동),근린생활2,제2종근린생활시설,10201100193154,지번
1156013300107290001,서울특별시 영등포구 대림동,서울특별시 영등포구 대림로31길 25 (대림동),근린생활2,공동주택,1000000000000004972269,지번
1156013200104490026,서울특별시 영등포구 신길동,서울특별시 영등포구 여의대방로55길 24 (신길동),근린생활2,제2종근린생활시설,10201100195814,지번
1156010100106180032,서울특별시 영등포구 영등포동,서울특별시 영등포구 영신로13길 9 (영등포동),근린생활2,제2종근린생활시설,10201100193194,지번
1156013200101600017,서울특별시 영등포구 신길동,서울특별시 영등포구 도신로 206 (신길동),근린생활1,제1종근린생활시설,1020120160,지번
1156013200102220003,서울특별시 영등포구 신길동,서울특별시 영등포구 신길로43길 3 (신길동),근린생활2,제2종근린생활시설,10201100219337,지번
1156012100100830005,서울특별시 영등포구 문래동3가,서울특별시 영등포구 문래로 79-7 (문래동3가),근린생활2,제2종근린생활시설,10201100195807,지번
1156012600100290007,서울특별시 영등포구 양평동2가,서울특별시 영등포구 선유서로 87 (양평동2가),근린생활2,제2종근린생활시설,1020116434,지번
1156013200142170000,서울특별시 영등포구 신길동,서울특별시 영등포구 대방천로 258 (신길동),근린생활2,제2종근린생활시설,10201100201375,지번
1156010800100510001,서울특별시 영등포구 영등포동7가,서울특별시 영등포구 양산로31길 8 (영등포동7가),근린생활2,제2종근린생활시설,102015933,지번
1156013300107000023,서울특별시 영등포구 대림동,서울특별시 영등포구 도림로48길 13 (대림동),근린생활2,제2종근린생활시설,10201100196454,지번
1156012300100190015,서울특별시 영등포구 문래동5가,서울특별시 영등포구 선유로3길 19-3 (문래동5가),근린생활2,제2종근린생활시설,10201100198154,지번
1156011400100360003,서울특별시 영등포구 당산동4가,서울특별시 영등포구 당산로35길 1 (당산동4가),근린생활1,제1종근린생활시설,102019409,지번
1156013300110830023,서울특별시 영등포구 대림동,서울특별시 영등포구 디지털로 341-1 (대림동),근린생활2,제2종근린생활시설,10201100223303,지번
1156013300110790041,서울특별시 영등포구 대림동,서울특별시 영등포구 디지털로 359-1 (대림동),근린생활2,제2종근린생활시설,10201100224158,지번
1156013300110810043,서울특별시 영등포구 대림동,서울특별시 영등포구 디지털로37길 2 (대림동),근린생활1,제1종근린생활시설,10201100223998,지번
1156012200100280011,서울특별시 영등포구 문래동4가,서울특별시 영등포구 선유로 12 (문래동4가),근린생활1,제1종근린생활시설,1020114926,지번
1156013200108040000,서울특별시 영등포구 신길동,서울특별시 영등포구 가마산로 579-10 (신길동),근린생활2,제2종근린생활시설,10201100202334,지번
1156013200142320000,서울특별시 영등포구 신길동,서울특별시 영등포구 여의대방로23길 10 (신길동),근린생활2,제2종근린생활시설,10201100199974,지번
1156012700100320012,서울특별시 영등포구 양평동3가,서울특별시 영등포구 선유서로 123-1 (양평동3가),근린생활2,제2종근린생활시설,10201100196054,지번
1156012700100560008,서울특별시 영등포구 양평동3가,서울특별시 영등포구 선유서로34길 15 (양평동3가),근린생활2,제2종근린생활시설,10201100195271,지번
1156012800100830001,서울특별시 영등포구 양평동4가,서울특별시 영등포구 양평로19길 12-1 (양평동4가),근린생활2,제2종근린생활시설,10201100193672,지번
1156012800102150001,서울특별시 영등포구 양평동4가,서울특별시 영등포구 선유로53길 30-5 (양평동4가),근린생활2,제2종근린생활시설,10201100193554,지번
1156012800102780003,서울특별시 영등포구 양평동4가,서울특별시 영등포구 양평로14길 9 (양평동4가),근린생활2,제2종근린생활시설,10201100193014,지번
1156013200138970012,서울특별시 영등포구 신길동,서울특별시 영등포구 신풍로16길 16 (신길동),근린생활2,제2종근린생활시설,10201100193035,지번
1156010200101160003,서울특별시 영등포구 영등포동1가,서울특별시 영등포구 경인로108길 7 (영등포동1가),근린생활1,제1종근린생활시설,102013515,지번
1156011100100910003,서울특별시 영등포구 당산동1가,서울특별시 영등포구 영신로39길 3 (당산동1가),근린생활2,제2종근린생활시설,10201100265849,지번
1156013300110820017,서울특별시 영등포구 대림동,서울특별시 영등포구 디지털로38길 2 (대림동),근린생활2,제2종근린생활시설,10201100224459,지번
1156012400100240003,서울특별시 영등포구 문래동6가,서울특별시 영등포구 선유로11길 26-1 (문래동6가),근린생활1,제2종근린생활시설,10201100220099,지번
1156012400100240003,서울특별시 영등포구 문래동6가,서울특별시 영등포구 문래로10길 18-25 (문래동6가),근린생활1,단독주택,10201100220100,지번
1156012400100240003,서울특별시 영등포구 문래동6가,서울특별시 영등포구 선유로11길 26 (문래동6가),근린생활1,제1종근린생활시설,10201100220101,지번
1156012400100240003,서울특별시 영등포구 문래동6가,서울특별시 영등포구 문래로10길 18-29 (문래동6가),근린생활1,단독주택,10201100220178,지번
1156012400100240003,서울특별시 영등포구 문래동6가,서울특별시 영등포구 문래로10길 18-21 (문래동6가),근린생활1,단독주택,10201100220179,지번
1156012400100240003,서울특별시 영등포구 문래동6가,서울특별시 영등포구 문래로10길 18-23 (문래동6가),근린생활1,제2종근린생활시설,10201100220380,지번
1156013300110820020,서울특별시 영등포구 대림동,서울특별시 영등포구 디지털로 350 (대림동),근린생활1,제1종근린생활시설,10201100209117,지번
1156012000100560003,서울특별시 영등포구 문래동2가,서울특별시 영등포구 도림로141길 17 (문래동2가),근린생활2,제2종근린생활시설,10201100198074,지번
1156012500100090019,서울특별시 영등포구 양평동1가,서울특별시 영등포구 영등포로18길 6-2 (양평동1가),근린생활2,제2종근린생활시설,1020115529,지번
1156012800101950006,서울특별시 영등포구 양평동4가,서울특별시 영등포구 선유로51길 34-1 (양평동4가),근린생활2,제2종근린생활시설,10201100200174,지번
1156012800101990000,서울특별시 영등포구 양평동4가,서울특별시 영등포구 양평로22길 18 (양평동4가),근린생활2,제2종근린생활시설,10201100202654,지번
1156010400100090064,서울특별시 영등포구 영등포동3가,서울특별시 영등포구 영중로 8-1 (영등포동3가),근린생활1,제1종근린생활시설,102014359,지번
1156010400100090064,서울특별시 영등포구 영등포동3가,서울특별시 영등포구 영중로 8-1 (영등포동3가),근린생활1,제1종근린생활시설,102014360,지번
1156010900100620001,서울특별시 영등포구 영등포동8가,서울특별시 영등포구 영중로 125 (영등포동8가),판매영업,판매및영업시설,102016842,지번
1156011100101290000,서울특별시 영등포구 당산동1가,서울특별시 영등포구 영등포로27길 9 (당산동1가),근린생활2,제2종근린생활시설,102017529,지번
1156011400100010019,서울특별시 영등포구 당산동4가,서울특별시 영등포구 국회대로 595 (당산동4가),근린생활2,제2종근린생활시설,10201100194694,지번
1156011400100320117,서울특별시 영등포구 당산동4가,서울특별시 영등포구 당산로 160-5 (당산동4가),근린생활1,제1종근린생활시설,102019551,지번
1156011800101390002,서울특별시 영등포구 도림동,서울특별시 영등포구 도신로27길 3-1 (도림동),근린생활2,제2종근린생활시설,10201100196275,지번
1156013300110570069,서울특별시 영등포구 대림동,서울특별시 영등포구 도림로38길 11-1 (대림동),근린생활2,제2종근린생활시설,1020134237,지번
1156011100103520000,서울특별시 영등포구 당산동1가,서울특별시 영등포구 당산로20길 16 (당산동1가),근린생활2,제2종근린생활시설,10201100218076,지번
1156010200100530000,서울특별시 영등포구 영등포동1가,서울특별시 영등포구 경인로114나길 5 (영등포동1가),근린생활2,제2종근린생활시설,10201100193974,지번
1156012100100770064,서울특별시 영등포구 문래동3가,서울특별시 영등포구 문래로 92-3 (문래동3가),근린생활1,제1종근린생활시설,10201100201174,지번
1156013300106930004,서울특별시 영등포구 대림동,서울특별시 영등포구 대림로 172 (대림동),근린생활2,제2종근린생활시설,10201100199934,지번
1156012500100010004,서울특별시 영등포구 양평동1가,서울특별시 영등포구 영등포로18길 10 (양평동1가),근린생활1,제1종근린생활시설,1020115451,지번
1156012800100270006,서울특별시 영등포구 양평동4가,서울특별시 영등포구 선유동2로 73 (양평동4가),근린생활2,제2종근린생활시설,10201100193774,지번
1156013200143000026,서울특별시 영등포구 신길동,서울특별시 영등포구 대방천로 224 (신길동),근린생활2,제2종근린생활시설,10201100192374,지번
1156013300108450006,서울특별시 영등포구 대림동,서울특별시 영등포구 도림로54길 6 (대림동),근린생활2,제2종근린생활시설,10201100193594,지번
1156013300110480008,서울특별시 영등포구 대림동,서울특별시 영등포구 도림천로11길 25 (대림동),근린생활1,제1종근린생활시설,10201100191134,지번
1156011800101840002,서울특별시 영등포구 도림동,서울특별시 영등포구 도영로 38 (도림동),근린생활2,제2종근린생활시설,10201100191534,지번
1156011100100280001,서울특별시 영등포구 당산동1가,서울특별시 영등포구 당산로10길 14 (당산동1가),근린생활2,제2종근린생활시설,10201100218656,지번
1156013200104580007,서울특별시 영등포구 신길동,서울특별시 영등포구 여의대방로47길 25 (신길동),근린생활1,제1종근린생활시설,1020125780,지번
1156013200143000037,서울특별시 영등포구 신길동,서울특별시 영등포구 여의대방로13길 13 (신길동),근린생활2,제2종근린생활시설,10201100196494,지번
1156010900100310002,서울특별시 영등포구 영등포동8가,서울특별시 영등포구 영신로54길 8-2 (영등포동8가),근린생활2,제2종근린생활시설,10201100217316,지번
1156013300110490005,서울특별시 영등포구 대림동,서울특별시 영등포구 대림로23길 30 (대림동),근린생활2,제2종근린생활시설,1020134081,지번
1156013300107780041,서울특별시 영등포구 대림동,서울특별시 영등포구 가마산로 319 (대림동),근린생활1,제1종근린생활시설,1020131419,지번
1156013200139180000,서울특별시 영등포구 신길동,서울특별시 영등포구 신풍로 72 (신길동),근린생활2,제2종근린생활시설,10201100279528,지번
1156012100100820023,서울특별시 영등포구 문래동3가,서울특별시 영등포구 문래로 79-11 (문래동3가),근린생활2,제2종근린생활시설,10201100197355,지번
1156011200100300003,서울특별시 영등포구 당산동2가,서울특별시 영등포구 선유동1로 6-10 (당산동2가),근린생활2,제2종근린생활시설,10201100197714,지번
1156011300100660000,서울특별시 영등포구 당산동3가,서울특별시 영등포구 당산로26길 13 (당산동3가),근린생활2,제2종근린생활시설,10201100196514,지번
1156012700100300024,서울특별시 영등포구 양평동3가,서울특별시 영등포구 양산로1길 11-1 (양평동3가),근린생활2,제2종근린생활시설,10201100197034,지번
1156012700100300004,서울특별시 영등포구 양평동3가,서울특별시 영등포구 양산로1길 11 (양평동3가),근린생활2,제2종근린생활시설,10201100200234,지번
1156011300104700002,서울특별시 영등포구 당산동3가,서울특별시 영등포구 당산로27길 19 (당산동3가),근린생활2,제2종근린생활시설,10201100196895,지번
1156012800101610012,서울특별시 영등포구 양평동4가,서울특별시 영등포구 양평로18길 6 (양평동4가),근린생활2,제2종근린생활시설,10201100196614,지번
1156013200100470009,서울특별시 영등포구 신길동,서울특별시 영등포구 영등포로62나길 5-1 (신길동),근린생활1,제1종근린생활시설,10201100199395,지번
1156010100106310024,서울특별시 영등포구 영등포동,서울특별시 영등포구 영신로9마길 3-1 (영등포동),근린생활2,제2종근린생활시설,10201100198741,지번
1156010200100500000,서울특별시 영등포구 영등포동1가,서울특별시 영등포구 경인로114나길 1 (영등포동1가),근린생활2,제2종근린생활시설,10201100196575,지번
1156012700100070003,서울특별시 영등포구 양평동3가,서울특별시 영등포구 선유로 126 (양평동3가),근린생활2,제2종근린생활시설,1000000000000001009232,지번
1156011000100280001,서울특별시 영등포구 여의도동,서울특별시 영등포구 여의대로 24 (여의도동),근린생활1,제1종근린생활시설,10201100211517,지번
1156011000100280001,서울특별시 영등포구 여의도동,서울특별시 영등포구 여의대로 24 (여의도동),근린생활1,업무시설,10201100211518,지번
1156011000100280001,서울특별시 영등포구 여의도동,서울특별시 영등포구 여의대로 24 (여의도동),근린생활1,문화및집회시설,10201100211519,지번
1156013300108730007,서울특별시 영등포구 대림동,서울특별시 영등포구 대림로12가길 5 (대림동),근린생활2,제2종근린생활시설,10201100192534,지번
1156010700100260004,서울특별시 영등포구 영등포동6가,서울특별시 영등포구 영등포로35나길 8 (영등포동6가),근린생활2,제2종근린생활시설,10201100195474,지번
1156012900100350000,서울특별시 영등포구 양평동5가,서울특별시 영등포구 양평로21길 4 (양평동5가),근린생활1,제1종근린생활시설,10201100280968,지번
1156010500100750002,서울특별시 영등포구 영등포동4가,서울특별시 영등포구 영신로34길 34 (영등포동4가),근린생활2,제2종근린생활시설,10201100225658,지번
1156011100100720000,서울특별시 영등포구 당산동1가,서울특별시 영등포구 영등포로25길 6 (당산동1가),근린생활2,제2종근린생활시설,10201100226064,지번
1156010700100410001,서울특별시 영등포구 영등포동6가,서울특별시 영등포구 영신로44길 18 (영등포동6가),근린생활2,제2종근린생활시설,10201100198037,지번
1156010800100520007,서울특별시 영등포구 영등포동7가,서울특별시 영등포구 양산로31길 4 (영등포동7가),근린생활1,제1종근린생활시설,10201100199854,지번
1156013200100660021,서울특별시 영등포구 신길동,서울특별시 영등포구 영등포로81길 7 (신길동),근린생활2,제2종근린생활시설,10201100198274,지번
1156010300100290069,서울특별시 영등포구 영등포동2가,서울특별시 영등포구 국회대로54길 35 (영등포동2가),근린생활2,제2종근린생활시설,10201100196576,지번
1156013200102150009,서울특별시 영등포구 신길동,서울특별시 영등포구 도신로 183 (신길동),근린생활2,제2종근린생활시설,10201100197376,지번
1156011700101710034,서울특별시 영등포구 당산동,서울특별시 영등포구 버드나루로17길 14 (당산동),근린생활2,제2종근린생활시설,10201100196975,지번
1156011400100320097,서울특별시 영등포구 당산동4가,서울특별시 영등포구 당산로36길 15-1 (당산동4가),근린생활2,제2종근린생활시설,10201100198934,지번
1156011400100320038,서울특별시 영등포구 당산동4가,서울특별시 영등포구 당산로38길 3-6 (당산동4가),근린생활2,제2종근린생활시설,10201100196818,지번
1156011400100320092,서울특별시 영등포구 당산동4가,서울특별시 영등포구 당산로36길 13-6 (당산동4가),근린생활2,제2종근린생활시설,10201100199855,지번
1156012300100190011,서울특별시 영등포구 문래동5가,서울특별시 영등포구 선유로3길 19-1 (문래동5가),근린생활2,제2종근린생활시설,10201100198194,지번
1156012700100300007,서울특별시 영등포구 양평동3가,서울특별시 영등포구 양산로1길 5-1 (양평동3가),근린생활2,제2종근린생활시설,10201100201376,지번
1156012700100300027,서울특별시 영등포구 양평동3가,서울특별시 영등포구 양산로1길 3 (양평동3가),근린생활2,제2종근린생활시설,10201100201379,지번
1156010900100800001,서울특별시 영등포구 영등포동8가,서울특별시 영등포구 영중로 140 (영등포동8가),근린생활1,제1종근린생활시설,102016893,지번
1156011300102350001,서울특별시 영등포구 당산동3가,서울특별시 영등포구 국회대로34길 18-2 (당산동3가),근린생활2,제2종근린생활시설,10201100194334,지번
1156011400100010148,서울특별시 영등포구 당산동4가,서울특별시 영등포구 국회대로37길 16 (당산동4가),근린생활2,제2종근린생활시설,10201100192500,지번
1156013200101150001,서울특별시 영등포구 신길동,서울특별시 영등포구 도신로60길 2 (신길동),근린생활1,제1종근린생활시설,1020119351,지번
1156011100101850039,서울특별시 영등포구 당산동1가,서울특별시 영등포구 영등포로27길 16 (당산동1가),근린생활2,제2종근린생활시설,10201100220238,지번
1156011600103300001,서울특별시 영등포구 당산동6가,서울특별시 영등포구 양평로12길 22 (당산동6가),근린생활2,제2종근린생활시설,1020110088,지번
1156013300107100012,서울특별시 영등포구 대림동,서울특별시 영등포구 도림로 157 (대림동),근린생활2,제2종근린생활시설,10201100220678,지번
1156011600102240000,서울특별시 영등포구 당산동6가,서울특별시 영등포구 양평로 32 (당산동6가),근린생활1,제1종근린생활시설,10201100226003,지번
1156013200107280000,서울특별시 영등포구 신길동,서울특별시 영등포구 가마산로88길 7 (신길동),근린생활2,제2종근린생활시설,1020126179,지번
1156013300110660125,서울특별시 영등포구 대림동,서울특별시 영등포구 디지털로37길 8 (대림동),근린생활1,제1종근린생활시설,10201100226098,지번
1156013300107220010,서울특별시 영등포구 대림동,서울특별시 영등포구 도림로41길 20 (대림동),근린생활2,제2종근린생활시설,1020130865,지번
1156010100106450016,서울특별시 영등포구 영등포동,서울특별시 영등포구 도림로112길 31-10 (영등포동),근린생활2,제2종근린생활시설,10201100195214,지번
1156012100100840006,서울특별시 영등포구 문래동3가,서울특별시 영등포구 문래로 79-13 (문래동3가),근린생활2,제2종근린생활시설,10201100195297,지번
1156013200148260000,서울특별시 영등포구 신길동,서울특별시 영등포구 여의대방로 9 (신길동),근린생활2,제2종근린생활시설,1000000000000000137019,지번
1156011800101470057,서울특별시 영등포구 도림동,서울특별시 영등포구 도신로25길 9-1 (도림동),근린생활1,제1종근린생활시설,1020111825,지번
1156011600103480003,서울특별시 영등포구 당산동6가,서울특별시 영등포구 당산로49길 29 (당산동6가),근린생활2,제2종근린생활시설,10201100226547,지번
1156013200101900067,서울특별시 영등포구 신길동,서울특별시 영등포구 신길로60바길 12 (신길동),근린생활1,제1종근린생활시설,1020120804,지번
1156011300104700000,서울특별시 영등포구 당산동3가,서울특별시 영등포구 당산로27길 19-2 (당산동3가),근린생활2,제2종근린생활시설,10201100196834,지번
1156012800102740001,서울특별시 영등포구 양평동4가,서울특별시 영등포구 선유로 277-8 (양평동4가),근린생활2,제2종근린생활시설,10201100197072,지번
1156011300104270001,서울특별시 영등포구 당산동3가,서울특별시 영등포구 양산로17길 16 (당산동3가),근린생활2,제2종근린생활시설,10201100197438,지번
1156010700100310005,서울특별시 영등포구 영등포동6가,서울특별시 영등포구 영등포로35나길 9 (영등포동6가),근린생활2,제2종근린생활시설,10201100198794,지번
1156010100106310028,서울특별시 영등포구 영등포동,서울특별시 영등포구 영신로9마길 5 (영등포동),근린생활2,제2종근린생활시설,10201100200354,지번
1156011800101560032,서울특별시 영등포구 도림동,서울특별시 영등포구 도림로 355 (도림동),근린생활1,제1종근린생활시설,10201100220138,지번
1156011800102500013,서울특별시 영등포구 도림동,서울특별시 영등포구 도신로15가길 4-1 (도림동),근린생활2,제2종근린생활시설,10201100218737,지번
1156012900101080001,서울특별시 영등포구 양평동5가,서울특별시 영등포구 양평로22길 25 (양평동5가),근린생활2,제2종근린생활시설,10201100226952,지번
1156013200145260000,서울특별시 영등포구 신길동,서울특별시 영등포구 대방천로 194 (신길동),근린생활1,제1종근린생활시설,1020128720,지번
1156011100102560077,서울특별시 영등포구 당산동1가,서울특별시 영등포구 당산로12길 14 (당산동1가),근린생활2,제2종근린생활시설,10201100226998,지번
1156010800100630043,서울특별시 영등포구 영등포동7가,서울특별시 영등포구 국회대로46길 12 (영등포동7가),근린생활2,제2종근린생활시설,10201100197734,지번
1156011400100320062,서울특별시 영등포구 당산동4가,서울특별시 영등포구 당산로38길 6 (당산동4가),근린생활2,제2종근린생활시설,10201100198095,지번
1156011400100320074,서울특별시 영등포구 당산동4가,서울특별시 영등포구 당산로 164-6 (당산동4가),근린생활2,제2종근린생활시설,10201100196976,지번
1156013300110750057,서울특별시 영등포구 대림동,서울특별시 영등포구 디지털로37나길 14 (대림동),근린생활1,제1종근린생활시설,10201100200375,지번
1156013300110750057,서울특별시 영등포구 대림동,서울특별시 영등포구 디지털로37나길 14 (대림동),근린생활1,제1종근린생활시설,1020134599,지번
1156011800102660001,서울특별시 영등포구 도림동,서울특별시 영등포구 도영로 22 (도림동),근린생활2,제2종근린생활시설,10201100202774,지번
1156011200100020000,서울특별시 영등포구 당산동2가,서울특별시 영등포구 당산로 67 (당산동2가),근린생활1,제1종근린생활시설,10201100201654,지번
1156011200101620001,서울특별시 영등포구 당산동2가,서울특별시 영등포구 선유동1로 28-1 (당산동2가),근린생활2,제2종근린생활시설,10201100208336,지번
1156010500101160001,서울특별시 영등포구 영등포동4가,서울특별시 영등포구 영신로32길 20 (영등포동4가),근린생활2,제2종근린생활시설,10201100201254,지번
1156011500100070042,서울특별시 영등포구 당산동5가,서울특별시 영등포구 당산로41길 22 (당산동5가),근린생활2,제2종근린생활시설,10201100214436,지번
1156011800100750000,서울특별시 영등포구 도림동,서울특별시 영등포구 도신로33길 4 (도림동),근린생활1,제1종근린생활시설,1020111079,지번
1156011100102560184,서울특별시 영등포구 당산동1가,서울특별시 영등포구 당산로10길 3 (당산동1가),근린생활2,제2종근린생활시설,10201100208696,지번
1156011100104090001,서울특별시 영등포구 당산동1가,서울특별시 영등포구 당산로18길 14 (당산동1가),근린생활2,제2종근린생활시설,10201100211936,지번
1156011100104470000,서울특별시 영등포구 당산동1가,서울특별시 영등포구 당산로16길 5-6 (당산동1가),근린생활2,제2종근린생활시설,10201100216616,지번
1156012800100660006,서울특별시 영등포구 양평동4가,서울특별시 영등포구 양평로17길 3 (양평동4가),근린생활2,제2종근린생활시설,10201100220319,지번
1156011100103140000,서울특별시 영등포구 당산동1가,서울특별시 영등포구 당산로20길 8-1 (당산동1가),근린생활2,제2종근린생활시설,10201100221398,지번
1156010300100940105,서울특별시 영등포구 영등포동2가,서울특별시 영등포구 버드나루로12나길 32 (영등포동2가),근린생활2,제2종근린생활시설,10201100205196,지번
1156013200101940094,서울특별시 영등포구 신길동,서울특별시 영등포구 도신로53길 1-2 (신길동),근린생활1,제1종근린생활시설,10201100202217,지번
1156011800101950010,서울특별시 영등포구 도림동,서울특별시 영등포구 도영로 67 (도림동),근린생활2,제2종근린생활시설,10201100202234,지번
1156011400100320020,서울특별시 영등포구 당산동4가,서울특별시 영등포구 당산로38길 15-5 (당산동4가),근린생활2,제2종근린생활시설,10201100201936,지번
1156011400100010014,서울특별시 영등포구 당산동4가,서울특별시 영등포구 국회대로 587 (당산동4가),근린생활1,제1종근린생활시설,10201100205436,지번
1156011600103290001,서울특별시 영등포구 당산동6가,서울특별시 영등포구 당산로51길 15 (당산동6가),근린생활2,제2종근린생활시설,10201100214596,지번
1156013200100890018,서울특별시 영등포구 신길동,서울특별시 영등포구 여의대방로47다길 23-8 (신길동),근린생활2,제2종근린생활시설,10201100196836,지번
1156012500100130010,서울특별시 영등포구 양평동1가,서울특별시 영등포구 선유로 83-1 (양평동1가),근린생활2,제2종근린생활시설,10201100220338,지번
1156011400100320053,서울특별시 영등포구 당산동4가,서울특별시 영등포구 당산로 172 (당산동4가),근린생활2,제2종근린생활시설,10201100227178,지번
1156012100100540020,서울특별시 영등포구 문래동3가,서울특별시 영등포구 도림로128가길 9 (문래동3가),근린생활1,제1종근린생활시설,1020114151,지번
1156012100100540020,서울특별시 영등포구 문래동3가,서울특별시 영등포구 도림로128가길 9 (문래동3가),근린생활1,제1종근린생활시설,1020114152,지번
1156012800102010000,서울특별시 영등포구 양평동4가,서울특별시 영등포구 양평로22길 16 (양평동4가),근린생활1,제1종근린생활시설,1020117358,지번
1156013200104010007,서울특별시 영등포구 신길동,서울특별시 영등포구 도림로 265 (신길동),근린생활1,제1종근린생활시설,1020124611,지번
1156011500100320004,서울특별시 영등포구 당산동5가,서울특별시 영등포구 당산로45길 11 (당산동5가),근린생활2,제2종근린생활시설,102019698,지번
1156013200100980015,서울특별시 영등포구 신길동,서울특별시 영등포구 영등포로 363 (신길동),근린생활2,제2종근린생활시설,10201100216636,지번
1156013200106250000,서울특별시 영등포구 신길동,서울특별시 영등포구 신풍로25길 14 (신길동),근린생활2,제2종근린생활시설,1020126085,지번
1156013200106250000,서울특별시 영등포구 신길동,서울특별시 영등포구 신풍로25길 14 (신길동),근린생활2,제2종근린생활시설,1020126086,지번
1156011600103310006,서울특별시 영등포구 당산동6가,서울특별시 영등포구 양평로 46 (당산동6가),근린생활2,제2종근린생활시설,1020110093,지번
1156011300102220000,서울특별시 영등포구 당산동3가,서울특별시 영등포구 당산로32길 7 (당산동3가),근린생활2,제2종근린생활시설,102018703,지번
1156011300103950050,서울특별시 영등포구 당산동3가,서울특별시 영등포구 당산로31길 22-6 (당산동3가),근린생활2,제2종근린생활시설,10201100221777,지번
1156013300110570077,서울특별시 영등포구 대림동,서울특별시 영등포구 도림로38길 10 (대림동),근린생활2,제2종근린생활시설,1020134240,지번
1156011400100320111,서울특별시 영등포구 당산동4가,,근린생활2,제2종근린생활시설,102019264,지번
1156011400100320111,서울특별시 영등포구 당산동4가,서울특별시 영등포구 당산로 160 (당산동4가),근린생활2,제2종근린생활시설,102019347,지번
1156011400100320111,서울특별시 영등포구 당산동4가,서울특별시 영등포구 당산로 160 (당산동4가),근린생활2,제1종근린생활시설,102019348,지번
1156011400100320095,서울특별시 영등포구 당산동4가,서울특별시 영등포구 당산로36길 13 (당산동4가),근린생활2,제2종근린생활시설,10201100196674,지번
1156013300108750020,서울특별시 영등포구 대림동,서울특별시 영등포구 대림로10길 17-1 (대림동),근린생활2,제2종근린생활시설,10201100196694,지번
1156013200142870000,서울특별시 영등포구 신길동,서울특별시 영등포구 여의대방로19길 10 (신길동),근린생활2,제2종근린생활시설,10201100196994,지번
1156011300104270003,서울특별시 영등포구 당산동3가,서울특별시 영등포구 양산로17길 14-1 (당산동3가),근린생활2,제2종근린생활시설,10201100201935,지번
1156010700100350003,서울특별시 영등포구 영등포동6가,서울특별시 영등포구 영등포로35길 21-1 (영등포동6가),근린생활2,제2종근린생활시설,10201100202054,지번
1156013300107550037,서울특별시 영등포구 대림동,서울특별시 영등포구 도림로 201 (대림동),근린생활1,제1종근린생활시설,10201100215336,지번
1156011400100320057,서울특별시 영등포구 당산동4가,서울특별시 영등포구 당산로 168 (당산동4가),근린생활2,제2종근린생활시설,10201100221819,지번
1156013300107140004,서울특별시 영등포구 대림동,서울특별시 영등포구 도림로41길 15 (대림동),근린생활2,제2종근린생활시설,1020130799,지번
1156011600103280005,서울특별시 영등포구 당산동6가,서울특별시 영등포구 당산로49길 12-1 (당산동6가),근린생활2,제2종근린생활시설,10201100206096,지번
1156011100101510004,서울특별시 영등포구 당산동1가,서울특별시 영등포구 영등포로29길 11 (당산동1가),근린생활2,제2종근린생활시설,10201100236588,지번
1156011700101210125,서울특별시 영등포구 당산동,서울특별시 영등포구 국회대로55길 25 (당산동),근린생활2,제2종근린생활시설,10201100227996,지번
1156011100100300000,서울특별시 영등포구 당산동1가,서울특별시 영등포구 당산로10길 10-1 (당산동1가),근린생활1,제1종근린생활시설,10201100227878,지번
1156010700100490014,서울특별시 영등포구 영등포동6가,서울특별시 영등포구 영등포로35가길 7 (영등포동6가),근린생활2,제2종근린생활시설,10201100227137,지번
1156011700101210117,서울특별시 영등포구 당산동,서울특별시 영등포구 국회대로53길 28-7 (당산동),근린생활2,제2종근린생활시설,10201100202474,지번
1156013200104010008,서울특별시 영등포구 신길동,서울특별시 영등포구 도림로 263 (신길동),근린생활2,제1종근린생활시설,1020124612,지번
1156010500101840001,서울특별시 영등포구 영등포동4가,서울특별시 영등포구 문래로 175 (영등포동4가),근린생활2,종교시설,10201100203634,지번
1156010500101840001,서울특별시 영등포구 영등포동4가,서울특별시 영등포구 문래로 175 (영등포동4가),근린생활2,단독주택,102014808,지번
1156010500101840001,서울특별시 영등포구 영등포동4가,서울특별시 영등포구 문래로 175 (영등포동4가),근린생활2,제2종근린생활시설,102014809,지번
1156012500100090037,서울특별시 영등포구 양평동1가,서울특별시 영등포구 선유로22길 3 (양평동1가),근린생활2,제2종근린생활시설,10201100216197,지번
1156013300107270004,서울특별시 영등포구 대림동,서울특별시 영등포구 대림로29길 22 (대림동),근린생활2,제2종근린생활시설,1020130902,지번
1156010300100290071,서울특별시 영등포구 영등포동2가,서울특별시 영등포구 국회대로54길 37-9 (영등포동2가),근린생활2,제2종근린생활시설,10201100196294,지번
1156012000100390005,서울특별시 영등포구 문래동2가,서울특별시 영등포구 도림로125길 27 (문래동2가),근린생활1,제1종근린생활시설,10201100273048,지번
1156010400100030014,서울특별시 영등포구 영등포동3가,서울특별시 영등포구 영등포로46길 3 (영등포동3가),근린생활1,제1종근린생활시설,102014284,지번
1156010400100120014,서울특별시 영등포구 영등포동3가,서울특별시 영등포구 영중로4길 28 (영등포동3가),근린생활2,제2종근린생활시설,102014427,지번
1156010700100260003,서울특별시 영등포구 영등포동6가,서울특별시 영등포구 양산로 184-1 (영등포동6가),근린생활1,제1종근린생활시설,10201100193355,지번
1156010800100940010,서울특별시 영등포구 영등포동7가,서울특별시 영등포구 국회대로55길 3 (영등포동7가),근린생활1,제1종근린생활시설,102016195,지번
1156013200100640032,서울특별시 영등포구 신길동,서울특별시 영등포구 영등포로67가길 17-7 (신길동),근린생활2,제2종근린생활시설,10201100270899,지번
1156013200101130017,서울특별시 영등포구 신길동,서울특별시 영등포구 도신로64길 10 (신길동),근린생활1,제1종근린생활시설,10201100265230,지번
1156012300100200012,서울특별시 영등포구 문래동5가,서울특별시 영등포구 경인로71길 80 (문래동5가),근린생활2,제2종근린생활시설,1020115262,지번
1156010400100100016,서울특별시 영등포구 영등포동3가,서울특별시 영등포구 영중로 6 (영등포동3가),근린생활1,제1종근린생활시설,10201100213256,지번
1156010700100520012,서울특별시 영등포구 영등포동6가,서울특별시 영등포구 영신로42길 19 (영등포동6가),근린생활2,제2종근린생활시설,102015593,지번
1156010700100660002,서울특별시 영등포구 영등포동6가,서울특별시 영등포구 영신로40길 24-1 (영등포동6가),근린생활1,제1종근린생활시설,102015609,지번
1156010800100940217,서울특별시 영등포구 영등포동7가,서울특별시 영등포구 버드나루로 61 (영등포동7가),근린생활1,제1종근린생활시설,10201100216596,지번
1156012800100980007,서울특별시 영등포구 양평동4가,서울특별시 영등포구 양평로19길 2 (양평동4가),근린생활1,제1종근린생활시설,10201100216276,지번
1156011000100460001,서울특별시 영등포구 여의도동,서울특별시 영등포구 여의대방로65길 13 (여의도동),근린생활1,제1종근린생활시설,102017236,지번
1156010900100450014,서울특별시 영등포구 영등포동8가,서울특별시 영등포구 영중로 114-7 (영등포동8가),근린생활2,제2종근린생활시설,10201100214376,지번
1156013300107780028,서울특별시 영등포구 대림동,서울특별시 영등포구 가마산로 331-15 (대림동),근린생활1,제1종근린생활시설,1020131408,지번
1156013300107210011,서울특별시 영등포구 대림동,서울특별시 영등포구 대림로27나길 12 (대림동),근린생활2,제2종근린생활시설,1020130848,지번
1156013300109900047,서울특별시 영등포구 대림동,서울특별시 영등포구 대림로7길 3-1 (대림동),근린생활2,제2종근린생활시설,10201100226145,지번
1156013300108830002,서울특별시 영등포구 대림동,서울특별시 영등포구 디지털로69가길 2 (대림동),근린생활2,제2종근린생활시설,1020132375,지번
1156013300110660119,서울특별시 영등포구 대림동,서울특별시 영등포구 디지털로37길 10-1 (대림동),근린생활1,제1종근린생활시설,1020134448,지번
1156013300110220032,서울특별시 영등포구 대림동,서울특별시 영등포구 디지털로54길 18 (대림동),근린생활2,제2종근린생활시설,10201100198615,지번
1156010100105920074,서울특별시 영등포구 영등포동,서울특별시 영등포구 영신로10길 11-12 (영등포동),근린생활2,제2종근린생활시설,10201100233595,지번
1156011100100380000,서울특별시 영등포구 당산동1가,서울특별시 영등포구 당산로10길 4-1 (당산동1가),근린생활2,제2종근린생활시설,10201100233918,지번
1156011100102560078,서울특별시 영등포구 당산동1가,서울특별시 영등포구 당산로12길 14-1 (당산동1가),근린생활2,제2종근린생활시설,10201100233905,지번
1156011300103950040,서울특별시 영등포구 당산동3가,서울특별시 영등포구 당산로33길 15 (당산동3가),근린생활2,제2종근린생활시설,10201100233634,지번
1156011300105550001,서울특별시 영등포구 당산동3가,서울특별시 영등포구 양산로17길 17 (당산동3가),근린생활2,제2종근린생활시설,10201100202354,지번
1156011300105550001,서울특별시 영등포구 당산동3가,서울특별시 영등포구 양산로17길 17 (당산동3가),근린생활2,제2종근린생활시설,102019018,지번
1156013200146620000,서울특별시 영등포구 신길동,서울특별시 영등포구 신길로 42 (신길동),근린생활1,제1종근린생활시설,1020128801,지번
1156013300110350004,서울특별시 영등포구 대림동,서울특별시 영등포구 디지털로53길 13 (대림동),근린생활2,제2종근린생활시설,1020134003,지번
1156013300107050002,서울특별시 영등포구 대림동,서울특별시 영등포구 대림로23나길 6 (대림동),근린생활1,제1종근린생활시설,1020130738,지번
1156013300110830024,서울특별시 영등포구 대림동,서울특별시 영등포구 디지털로 341 (대림동),근린생활2,제2종근린생활시설,1020134886,지번
1156011400100320068,서울특별시 영등포구 당산동4가,서울특별시 영등포구 당산로 164-3 (당산동4가),근린생활2,제2종근린생활시설,10201100198115,지번
1156011200101620013,서울특별시 영등포구 당산동2가,서울특별시 영등포구 선유동1로 24 (당산동2가),근린생활2,제2종근린생활시설,10201100199214,지번
1156011500100160003,서울특별시 영등포구 당산동5가,서울특별시 영등포구 당산로 223 (당산동5가),근린생활1,제1종근린생활시설,10201100200194,지번
1156011600101040003,서울특별시 영등포구 당산동6가,서울특별시 영등포구 당산로52길 23 (당산동6가),근린생활2,제2종근린생활시설,10201100204296,지번
1156011700101210020,서울특별시 영등포구 당산동,서울특별시 영등포구 국회대로55길 27 (당산동),근린생활2,제2종근린생활시설,10201100199515,지번
1156011300105520003,서울특별시 영등포구 당산동3가,서울특별시 영등포구 선유동1로 32 (당산동3가),근린생활1,제1종근린생활시설,10201100233975,지번
1156013300109570014,서울특별시 영등포구 대림동,서울특별시 영등포구 대림로8길 27-2 (대림동),근린생활1,제1종근린생활시설,1020133175,지번
1156013300108770004,서울특별시 영등포구 대림동,서울특별시 영등포구 디지털로 406-4 (대림동),근린생활1,제1종근린생활시설,1020132281,지번
1156011800102290018,서울특별시 영등포구 도림동,서울특별시 영등포구 도신로15길 31 (도림동),근린생활2,제2종근린생활시설,10201100197496,지번
1156013300107210009,서울특별시 영등포구 대림동,서울특별시 영등포구 대림로29길 8 (대림동),근린생활1,제1종근린생활시설,1020130846,지번
1156013300107180009,서울특별시 영등포구 대림동,서울특별시 영등포구 대림로27나길 4 (대림동),근린생활1,제1종근린생활시설,1020130820,지번
1156013300107200010,서울특별시 영등포구 대림동,서울특별시 영등포구 대림로27가길 16-1 (대림동),근린생활1,제1종근린생활시설,1020130838,지번
1156013300106890001,서울특별시 영등포구 대림동,서울특별시 영등포구 대림로 198 (대림동),근린생활1,제1종근린생활시설,1020130613,지번
1156013300107390003,서울특별시 영등포구 대림동,서울특별시 영등포구 대림로 185 (대림동),근린생활1,제1종근린생활시설,1020130997,지번
1156013300106880005,서울특별시 영등포구 대림동,서울특별시 영등포구 대림로34가길 12 (대림동),근린생활1,제1종근린생활시설,1020130585,지번
1156013300106880015,서울특별시 영등포구 대림동,서울특별시 영등포구 대림로34나길 15 (대림동),근린생활2,제2종근린생활시설,1020130595,지번
1156013300106890000,서울특별시 영등포구 대림동,서울특별시 영등포구 대림로 202 (대림동),근린생활2,제2종근린생활시설,1020130611,지번
1156012500100980000,서울특별시 영등포구 양평동1가,서울특별시 영등포구 선유로 110 (양평동1가),근린생활1,제1종근린생활시설,1020115687,지번
1156012800100350000,서울특별시 영등포구 양평동4가,서울특별시 영등포구 선유로 251 (양평동4가),근린생활2,제2종근린생활시설,10201100197377,지번
1156010900100300014,서울특별시 영등포구 영등포동8가,서울특별시 영등포구 영중로33길 5-4 (영등포동8가),근린생활2,제2종근린생활시설,10201100234136,지번
1156013200103470314,서울특별시 영등포구 신길동,서울특별시 영등포구 가마산로 433-1 (신길동),근린생활1,제1종근린생활시설,10201100234295,지번
1156010100106180158,서울특별시 영등포구 영등포동,서울특별시 영등포구 영신로20길 12-3 (영등포동),근린생활2,제2종근린생활시설,10201100234530,지번
1156011100102040000,서울특별시 영등포구 당산동1가,서울특별시 영등포구 양산로 156 (당산동1가),근린생활1,제1종근린생활시설,102017746,지번
1156013300107210007,서울특별시 영등포구 대림동,서울특별시 영등포구 대림로27가길 9 (대림동),근린생활2,제2종근린생활시설,1020130845,지번
1156010100106200076,서울특별시 영등포구 영등포동,서울특별시 영등포구 도신로39가길 2 (영등포동),근린생활1,제1종근린생활시설,102013207,지번
1156010100106200076,서울특별시 영등포구 영등포동,서울특별시 영등포구 도신로39가길 2 (영등포동),근린생활1,공동주택,102013208,지번
1156010100106180034,서울특별시 영등포구 영등포동,서울특별시 영등포구 영신로11길 6 (영등포동),근린생활1,제1종근린생활시설,102012704,지번
1156010100105710003,서울특별시 영등포구 영등포동,서울특별시 영등포구 영등포로62길 35 (영등포동),근린생활2,제2종근린생활시설,102012356,지번
1156013200102780000,서울특별시 영등포구 신길동,서울특별시 영등포구 신길로41길 21-1 (신길동),근린생활2,제2종근린생활시설,1020122618,지번
1156012800101510003,서울특별시 영등포구 양평동4가,서울특별시 영등포구 선유로51길 15 (양평동4가),근린생활2,제2종근린생활시설,10201100206400,지번
1156010400100210010,서울특별시 영등포구 영등포동3가,서울특별시 영등포구 영중로6길 16-1 (영등포동3가),근린생활2,제2종근린생활시설,10201100205276,지번
1156010500101630006,서울특별시 영등포구 영등포동4가,서울특별시 영등포구 영신로32길 4 (영등포동4가),근린생활2,제2종근린생활시설,10201100200235,지번
1156011300103950008,서울특별시 영등포구 당산동3가,서울특별시 영등포구 당산로33길 17 (당산동3가),근린생활2,제2종근린생활시설,10201100204396,지번
1156013300108640028,서울특별시 영등포구 대림동,서울특별시 영등포구 디지털로 396 (대림동),근린생활2,제2종근린생활시설,10201100199374,지번
1156012000100210001,서울특별시 영등포구 문래동2가,서울특별시 영등포구 경인로 733 (문래동2가),근린생활2,제2종근린생활시설,1020113707,지번
1156013300110320014,서울특별시 영등포구 대림동,서울특별시 영등포구 디지털로 378 (대림동),근린생활2,제2종근린생활시설,10201100206116,지번
1156013300110800004,서울특별시 영등포구 대림동,서울특별시 영등포구 디지털로 356-1 (대림동),근린생활2,제2종근린생활시설,10201100204356,지번
1156011400100320004,서울특별시 영등포구 당산동4가,서울특별시 영등포구 당산로 162 (당산동4가),근린생활2,제2종근린생활시설,10201100235023,지번
1156013300110930035,서울특별시 영등포구 대림동,서울특별시 영등포구 디지털로38길 19-2 (대림동),근린생활2,제2종근린생활시설,10201100235109,지번
1156011600103280004,서울특별시 영등포구 당산동6가,서울특별시 영등포구 당산로49길 14 (당산동6가),근린생활2,제2종근린생활시설,1020110085,지번
1156013300107040001,서울특별시 영등포구 대림동,서울특별시 영등포구 대림로23가길 2 (대림동),근린생활2,제2종근린생활시설,1020130721,지번
1156013300107180008,서울특별시 영등포구 대림동,서울특별시 영등포구 대림로27길 10 (대림동),근린생활1,제1종근린생활시설,1020130819,지번
1156013300107100014,서울특별시 영등포구 대림동,서울특별시 영등포구 도림로 153 (대림동),근린생활1,제1종근린생활시설,1020130777,지번
1156013300106880004,서울특별시 영등포구 대림동,서울특별시 영등포구 대림로34가길 10 (대림동),근린생활1,제1종근린생활시설,1020130584,지번
1156013200143180000,서울특별시 영등포구 신길동,서울특별시 영등포구 여의대방로 105 (신길동),근린생활2,제2종근린생활시설,10201100234355,지번
1156010700100770001,서울특별시 영등포구 영등포동6가,서울특별시 영등포구 영등포로 193 (영등포동6가),근린생활1,제1종근린생활시설,10201100235466,지번
1156010500101720000,서울특별시 영등포구 영등포동4가,서울특별시 영등포구 영신로30길 3-1 (영등포동4가),근린생활2,제2종근린생활시설,10201100235246,지번
1156013300107500006,서울특별시 영등포구 대림동,서울특별시 영등포구 도림로61길 19 (대림동),근린생활2,제2종근린생활시설,1020131100,지번
1156013200104490025,서울특별시 영등포구 신길동,서울특별시 영등포구 영등포로84길 3 (신길동),근린생활2,제2종근린생활시설,10201100201234,지번
1156010800100940351,서울특별시 영등포구 영등포동7가,서울특별시 영등포구 국회대로56길 15-1 (영등포동7가),근린생활2,제2종근린생활시설,10201100202595,지번
1156011300100930001,서울특별시 영등포구 당산동3가,서울특별시 영등포구 국회대로 584 (당산동3가),근린생활2,제2종근린생활시설,10201100202074,지번
1156011800102220008,서울특별시 영등포구 도림동,서울특별시 영등포구 도영로7길 8 (도림동),근린생활2,제2종근린생활시설,10201100198955,지번
1156013300107130002,서울특별시 영등포구 대림동,서울특별시 영등포구 도림로41길 11-11 (대림동),근린생활2,제2종근린생활시설,10201100230008,지번
1156012100100770051,서울특별시 영등포구 문래동3가,서울특별시 영등포구 문래로 92-5 (문래동3가),근린생활2,제2종근린생활시설,1020114353,지번
1156013200104200009,서울특별시 영등포구 신길동,서울특별시 영등포구 대방천로 119 (신길동),근린생활1,제1종근린생활시설,10201100233014,지번
1156013300109180050,서울특별시 영등포구 대림동,서울특별시 영등포구 신길로1길 2 (대림동),근린생활2,제2종근린생활시설,1020132929,지번
1156012100100820019,서울특별시 영등포구 문래동3가,서울특별시 영등포구 문래로 87 (문래동3가),근린생활2,제2종근린생활시설,10201100199594,지번
1156012100100830001,서울특별시 영등포구 문래동3가,서울특별시 영등포구 문래로 79-9 (문래동3가),근린생활2,제2종근린생활시설,10201100197354,지번
1156011300103850000,서울특별시 영등포구 당산동3가,서울특별시 영등포구 당산로27길 12 (당산동3가),근린생활1,제1종근린생활시설,10201100199115,지번
1156011300103850000,서울특별시 영등포구 당산동3가,서울특별시 영등포구 당산로27길 12 (당산동3가),근린생활1,자동차관련시설,102018862,지번
1156013200103230000,서울특별시 영등포구 신길동,서울특별시 영등포구 가마산로61가길 14 (신길동),근린생활1,제2종근린생활시설,10201100204316,지번
1156013200103230000,서울특별시 영등포구 신길동,서울특별시 영등포구 가마산로61가길 14 (신길동),근린생활1,노유자시설,10201100207216,지번
1156013200103230000,서울특별시 영등포구 신길동,서울특별시 영등포구 가마산로 455 (신길동),근린생활1,제1종근린생활시설,1020123140,지번
1156013300110570063,서울특별시 영등포구 대림동,서울특별시 영등포구 도림로38길 9 (대림동),근린생활2,제2종근린생활시설,10201100229647,지번
1156013300110800017,서울특별시 영등포구 대림동,서울특별시 영등포구 디지털로 357 (대림동),근린생활2,제2종근린생활시설,10201100230045,지번
1156013300110520004,서울특별시 영등포구 대림동,서울특별시 영등포구 도림로33길 5 (대림동),근린생활2,제2종근린생활시설,10201100242428,지번
1156010600100430012,서울특별시 영등포구 영등포동5가,서울특별시 영등포구 영중로20길 10 (영등포동5가),근린생활2,단독주택,102015228,지번
1156010600100430012,서울특별시 영등포구 영등포동5가,서울특별시 영등포구 영중로20길 10 (영등포동5가),근린생활2,제2종근린생활시설,102015229,지번
1156011000100340007,서울특별시 영등포구 여의도동,서울특별시 영등포구 국제금융로8길 2 (여의도동),근린생활1,제1종근린생활시설,102017034,지번
1156013200101860288,서울특별시 영등포구 신길동,서울특별시 영등포구 도신로51길 22 (신길동),근린생활1,제1종근린생활시설,1020120486,지번
1156013200100650099,서울특별시 영등포구 신길동,서울특별시 영등포구 영등포로79길 7-8 (신길동),근린생활2,제2종근린생활시설,10201100244668,지번
1156013200103200016,서울특별시 영등포구 신길동,서울특별시 영등포구 가마산로61가길 9-2 (신길동),근린생활1,제1종근린생활시설,1020123131,지번
1156013300109420016,서울특별시 영등포구 대림동,서울특별시 영등포구 대림로8길 39 (대림동),근린생활2,제2종근린생활시설,1020133103,지번
1156013300109030035,서울특별시 영등포구 대림동,서울특별시 영등포구 신길로15길 27 (대림동),근린생활1,제1종근린생활시설,1020132612,지번
1156010100106180064,서울특별시 영등포구 영등포동,서울특별시 영등포구 영신로 35 (영등포동),근린생활2,제2종근린생활시설,10201100200394,지번
1156010100106180223,서울특별시 영등포구 영등포동,서울특별시 영등포구 영신로9나길 12 (영등포동),근린생활2,제2종근린생활시설,10201100197437,지번
1156010200100490000,서울특별시 영등포구 영등포동1가,서울특별시 영등포구 경인로114가길 12-1 (영등포동1가),근린생활2,제2종근린생활시설,10201100202275,지번
1156010200100650004,서울특별시 영등포구 영등포동1가,서울특별시 영등포구 경인로114길 58-1 (영등포동1가),근린생활2,제2종근린생활시설,10201100200623,지번
1156010200100740000,서울특별시 영등포구 영등포동1가,서울특별시 영등포구 경인로114가길 14-1 (영등포동1가),근린생활2,제2종근린생활시설,10201100201534,지번
1156010300100940263,서울특별시 영등포구 영등포동2가,서울특별시 영등포구 국회대로54길 37-14 (영등포동2가),근린생활2,제2종근린생활시설,10201100197814,지번
1156010800100290037,서울특별시 영등포구 영등포동7가,서울특별시 영등포구 버드나루로11길 8-1 (영등포동7가),근린생활2,제2종근린생활시설,10201100196474,지번
1156010800100940178,서울특별시 영등포구 영등포동7가,서울특별시 영등포구 국회대로56길 15 (영등포동7가),근린생활2,제2종근린생활시설,10201100202274,지번
1156010900100600002,서울특별시 영등포구 영등포동8가,서울특별시 영등포구 영중로 130 (영등포동8가),근린생활2,제2종근린생활시설,10201100197454,지번
1156011300104700001,서울특별시 영등포구 당산동3가,서울특별시 영등포구 당산로27길 19-1 (당산동3가),근린생활2,제2종근린생활시설,10201100196835,지번
1156010800100940089,서울특별시 영등포구 영등포동7가,서울특별시 영등포구 버드나루로 64 (영등포동7가),근린생활2,제2종근린생활시설,102016227,지번
1156013300106760007,서울특별시 영등포구 대림동,서울특별시 영등포구 가마산로46길 22 (대림동),근린생활1,제1종근린생활시설,1020130419,지번
1156010100106310012,서울특별시 영등포구 영등포동,서울특별시 영등포구 영신로19길 23 (영등포동),근린생활1,제1종근린생활시설,102013088,지번
1156010500101340001,서울특별시 영등포구 영등포동4가,서울특별시 영등포구 영등포로34길 20 (영등포동4가),근린생활2,제2종근린생활시설,102014725,지번
1156013200136610000,서울특별시 영등포구 신길동,서울특별시 영등포구 대방천로 165-13 (신길동),근린생활2,제2종근린생활시설,1020128110,지번
1156010700100690010,서울특별시 영등포구 영등포동6가,서울특별시 영등포구 영신로38길 19 (영등포동6가),근린생활2,제2종근린생활시설,10201100221658,지번
1156013300106820001,서울특별시 영등포구 대림동,서울특별시 영등포구 가마산로 360 (대림동),근린생활2,제2종근린생활시설,1020130483,지번
1156011700101210119,서울특별시 영등포구 당산동,서울특별시 영등포구 국회대로55길 29 (당산동),근린생활2,제2종근린생활시설,10201100200674,지번
1156011700101710021,서울특별시 영등포구 당산동,서울특별시 영등포구 국회대로53길 28-5 (당산동),근린생활2,제2종근린생활시설,10201100196854,지번
1156011700101710035,서울특별시 영등포구 당산동,서울특별시 영등포구 버드나루로17길 12-1 (당산동),근린생활2,제2종근린생활시설,10201100198655,지번
1156011800102020052,서울특별시 영등포구 도림동,서울특별시 영등포구 도영로7길 12 (도림동),근린생활2,제2종근린생활시설,10201100203814,지번
1156011300100010011,서울특별시 영등포구 당산동3가,서울특별시 영등포구 양산로 161 (당산동3가),근린생활2,제2종근린생활시설,10201100198214,지번
1156013200100320010,서울특별시 영등포구 신길동,서울특별시 영등포구 영등포로60길 27-15 (신길동),근린생활2,제2종근린생활시설,10201100231256,지번
1156011800100010015,서울특별시 영등포구 도림동,서울특별시 영등포구 영신로 5 (도림동),근린생활1,제1종근린생활시설,1020113006,지번
1156013200101100007,서울특별시 영등포구 신길동,서울특별시 영등포구 도신로 246 (신길동),근린생활1,제1종근린생활시설,1020119235,지번
1156012900100900002,서울특별시 영등포구 양평동5가,서울특별시 영등포구 양평로24길 12 (양평동5가),근린생활1,제1종근린생활시설,1020117728,지번
1156012000100450002,서울특별시 영등포구 문래동2가,서울특별시 영등포구 도림로139길 5-2 (문래동2가),근린생활1,제1종근린생활시설,1020113829,지번
1156013200108560000,서울특별시 영등포구 신길동,서울특별시 영등포구 여의대방로 207 (신길동),근린생활2,제2종근린생활시설,1020126244,지번
1156013200107190000,서울특별시 영등포구 신길동,서울특별시 영등포구 여의대방로 181 (신길동),근린생활1,제1종근린생활시설,1020126172,지번
1156013200104820000,서울특별시 영등포구 신길동,서울특별시 영등포구 신풍로24길 7 (신길동),근린생활2,제2종근린생활시설,1020125936,지번
1156011500100070045,서울특별시 영등포구 당산동5가,서울특별시 영등포구 당산로41길 20-3 (당산동5가),근린생활2,제2종근린생활시설,10201100208416,지번
1156011800102260010,서울특별시 영등포구 도림동,서울특별시 영등포구 도림로113길 25-4 (도림동),근린생활2,제2종근린생활시설,10201100200288,지번
1156010200100510000,서울특별시 영등포구 영등포동1가,서울특별시 영등포구 경인로114나길 3 (영등포동1가),근린생활2,제2종근린생활시설,10201100196574,지번
1156011400100010144,서울특별시 영등포구 당산동4가,서울특별시 영등포구 국회대로37길 8 (당산동4가),근린생활2,제2종근린생활시설,10201100231696,지번
1156013300106890004,서울특별시 영등포구 대림동,서울특별시 영등포구 대림로 194 (대림동),근린생활1,제1종근린생활시설,1020130615,지번
1156010600100060013,서울특별시 영등포구 영등포동5가,서울특별시 영등포구 영등포로43길 3 (영등포동5가),근린생활2,제2종근린생활시설,102014946,지번
1156010400100120006,서울특별시 영등포구 영등포동3가,서울특별시 영등포구 경인로 875-1 (영등포동3가),근린생활2,제2종근린생활시설,102014419,지번
1156011400100320058,서울특별시 영등포구 당산동4가,서울특별시 영등포구 당산로38길 1 (당산동4가),근린생활1,제1종근린생활시설,102019306,지번
1156010300100290070,서울특별시 영등포구 영등포동2가,서울특별시 영등포구 국회대로54길 37-5 (영등포동2가),근린생활2,제2종근린생활시설,10201100199674,지번
1156011400100320080,서울특별시 영등포구 당산동4가,서울특별시 영등포구 당산로36길 9-8 (당산동4가),근린생활2,제2종근린생활시설,10201100197374,지번
1156011700101210216,서울특별시 영등포구 당산동,서울특별시 영등포구 버드나루로23길 11 (당산동),근린생활2,제2종근린생활시설,10201100200514,지번
1156011700101710027,서울특별시 영등포구 당산동,서울특별시 영등포구 국회대로53길 24-3 (당산동),근린생활2,제2종근린생활시설,10201100196577,지번
1156011800102260008,서울특별시 영등포구 도림동,서울특별시 영등포구 도림로113길 25-2 (도림동),근린생활2,제2종근린생활시설,10201100199114,지번
1156011800102260012,서울특별시 영등포구 도림동,서울특별시 영등포구 도신로15길 38 (도림동),근린생활2,제2종근린생활시설,10201100201614,지번
1156011800102470060,서울특별시 영등포구 도림동,서울특별시 영등포구 도신로15나길 13-4 (도림동),근린생활2,제2종근린생활시설,10201100199314,지번
1156011800102500012,서울특별시 영등포구 도림동,서울특별시 영등포구 도신로15가길 4 (도림동),근린생활2,제2종근린생활시설,10201100200154,지번
1156010700100520006,서울특별시 영등포구 영등포동6가,서울특별시 영등포구 영등포로35길 15 (영등포동6가),근린생활1,제1종근린생활시설,102015591,지번
1156011100103090000,서울특별시 영등포구 당산동1가,서울특별시 영등포구 당산로 102 (당산동1가),근린생활2,제2종근린생활시설,102018010,지번
1156010500104250002,서울특별시 영등포구 영등포동4가,서울특별시 영등포구 경인로 841 (영등포동4가),근린생활1,제1종근린생활시설,102014857,지번
1156013300109900045,서울특별시 영등포구 대림동,서울특별시 영등포구 대림로 85 (대림동),근린생활1,제1종근린생활시설,1020133391,지번
1156013300106030037,서울특별시 영등포구 대림동,서울특별시 영등포구 도신로12길 2 (대림동),근린생활2,제2종근린생활시설,1020130060,지번
1156013200104570004,서울특별시 영등포구 신길동,서울특별시 영등포구 여의대방로47길 19 (신길동),근린생활2,단독주택,1020125773,지번
1156013200104570004,서울특별시 영등포구 신길동,서울특별시 영등포구 여의대방로47길 21-1 (신길동),근린생활2,제2종근린생활시설,1020125774,지번
1156013200104570004,서울특별시 영등포구 신길동,서울특별시 영등포구 여의대방로47길 19 (신길동),근린생활2,단독주택,1020125775,지번
1156013200104570004,서울특별시 영등포구 신길동,서울특별시 영등포구 여의대방로47길 19 (신길동),근린생활2,단독주택,1020125776,지번
1156013200104570004,서울특별시 영등포구 신길동,서울특별시 영등포구 여의대방로47가길 5 (신길동),근린생활2,단독주택,1020125777,지번
1156011800101860012,서울특별시 영등포구 도림동,서울특별시 영등포구 도영로 44-2 (도림동),근린생활2,제2종근린생활시설,1020112357,지번
1156011300102330000,서울특별시 영등포구 당산동3가,서울특별시 영등포구 국회대로34길 20-1 (당산동3가),근린생활2,제2종근린생활시설,102018741,지번
1156011300102280011,서울특별시 영등포구 당산동3가,서울특별시 영등포구 국회대로36길 14 (당산동3가),근린생활1,제1종근린생활시설,102018728,지번
1156012300100050008,서울특별시 영등포구 문래동5가,서울특별시 영등포구 선유로 1 (문래동5가),근린생활2,제2종근린생활시설,1020115227,지번
1156013300106700000,서울특별시 영등포구 대림동,서울특별시 영등포구 가마산로 382 (대림동),근린생활2,제2종근린생활시설,1020130374,지번
1156013300110520040,서울특별시 영등포구 대림동,서울특별시 영등포구 도림로31길 4 (대림동),근린생활2,제2종근린생활시설,1020135367,지번
1156011300103950030,서울특별시 영등포구 당산동3가,서울특별시 영등포구 당산로31길 16 (당산동3가),근린생활1,제1종근린생활시설,102018903,지번
1156012100100820003,서울특별시 영등포구 문래동3가,서울특별시 영등포구 문래북로 54 (문래동3가),근린생활2,제2종근린생활시설,10201100198735,지번
1156012100100820004,서울특별시 영등포구 문래동3가,서울특별시 영등포구 문래로 79-20 (문래동3가),근린생활2,제2종근린생활시설,10201100205476,지번
1156012300100200020,서울특별시 영등포구 문래동5가,서울특별시 영등포구 선유로9나길 28 (문래동5가),근린생활2,제2종근린생활시설,10201100202114,지번
1156012800102530000,서울특별시 영등포구 양평동4가,서울특별시 영등포구 선유로53길 16-14 (양평동4가),근린생활2,제2종근린생활시설,10201100203996,지번
1156012800102730000,서울특별시 영등포구 양평동4가,서울특별시 영등포구 선유로 277-12 (양평동4가),근린생활2,제2종근린생활시설,10201100197375,지번
1156011300103960013,서울특별시 영등포구 당산동3가,서울특별시 영등포구 양산로19길 23-2 (당산동3가),근린생활2,제2종근린생활시설,10201100232994,지번
1156013200106380000,서울특별시 영등포구 신길동,서울특별시 영등포구 여의대방로 161 (신길동),근린생활1,제1종근린생활시설,1020126098,지번
1156013200104460003,서울특별시 영등포구 신길동,서울특별시 영등포구 신길로 65 (신길동),근린생활1,제1종근린생활시설,1020125608,지번
1156013200101860359,서울특별시 영등포구 신길동,서울특별시 영등포구 영등포로64길 36 (신길동),근린생활1,제1종근린생활시설,1020120541,지번
1156011300102370002,서울특별시 영등포구 당산동3가,서울특별시 영등포구 국회대로34길 18 (당산동3가),근린생활1,제1종근린생활시설,102018747,지번
1156012800101530031,서울특별시 영등포구 양평동4가,서울특별시 영등포구 양평로 92 (양평동4가),근린생활1,제1종근린생활시설,1020117286,지번
1156012000100140056,서울특별시 영등포구 문래동2가,서울특별시 영등포구 도림로 429 (문래동2가),근린생활1,제1종근린생활시설,1020113634,지번
1156011800100800032,서울특별시 영등포구 도림동,서울특별시 영등포구 도신로 131 (도림동),근린생활1,제1종근린생활시설,10201100188794,지번
1156011800102290002,서울특별시 영등포구 도림동,서울특별시 영등포구 도신로15다길 32 (도림동),근린생활1,업무시설,1000000000000003176747,지번
1156011800102290002,서울특별시 영등포구 도림동,서울특별시 영등포구 도신로15다길 32 (도림동),근린생활1,업무시설,1000000000000003176862,지번
1156012200100310003,서울특별시 영등포구 문래동4가,서울특별시 영등포구 도림로141다길 21-2 (문래동4가),근린생활2,제2종근린생활시설,1020114977,지번
1156012500101540000,서울특별시 영등포구 양평동1가,서울특별시 영등포구 영등포로13길 6 (양평동1가),근린생활1,제1종근린생활시설,1020115816,지번
1156012500100880000,서울특별시 영등포구 양평동1가,서울특별시 영등포구 선유동1로 15-2 (양평동1가),근린생활1,제1종근린생활시설,1020115659,지번
1156013300110570033,서울특별시 영등포구 대림동,서울특별시 영등포구 도림로38길 8 (대림동),근린생활1,제1종근린생활시설,1020134231,지번
1156011500100150000,서울특별시 영등포구 당산동5가,서울특별시 영등포구 당산로 221 (당산동5가),근린생활1,제1종근린생활시설,10201100233174,지번
1156010800100640057,서울특별시 영등포구 영등포동7가,서울특별시 영등포구 영중로27길 12-1 (영등포동7가),근린생활2,제2종근린생활시설,102016041,지번
1156013300109090046,서울특별시 영등포구 대림동,서울특별시 영등포구 디지털로 457-5 (대림동),근린생활1,제1종근린생활시설,1020132794,지번
1156013300108640008,서울특별시 영등포구 대림동,서울특별시 영등포구 디지털로61길 1 (대림동),근린생활1,제1종근린생활시설,1020132141,지번
1156013200108270000,서울특별시 영등포구 신길동,서울특별시 영등포구 가마산로 579-16 (신길동),근린생활2,제2종근린생활시설,10201100199954,지번
1156013200144680000,서울특별시 영등포구 신길동,서울특별시 영등포구 여의대방로9길 8 (신길동),근린생활2,제2종근린생활시설,10201100197394,지번
1156013200139020000,서울특별시 영등포구 신길동,서울특별시 영등포구 신풍로 76 (신길동),근린생활1,제1종근린생활시설,10201100232415,지번
1156013200139060000,서울특별시 영등포구 신길동,서울특별시 영등포구 신풍로 74 (신길동),근린생활1,제1종근린생활시설,10201100232414,지번
1156010400100100000,서울특별시 영등포구 영등포동3가,서울특별시 영등포구 경인로 861 (영등포동3가),근린생활1,제1종근린생활시설,102014361,지번
1156010800100700001,서울특별시 영등포구 영등포동7가,서울특별시 영등포구 영중로 97 (영등포동7가),근린생활1,제1종근린생활시설,102016088,지번
1156010600100320003,서울특별시 영등포구 영등포동5가,서울특별시 영등포구 영중로 56 (영등포동5가),근린생활1,제1종근린생활시설,102015038,본번
1156010600100110000,서울특별시 영등포구 영등포동5가,서울특별시 영등포구 영중로14길 23-4 (영등포동5가),근린생활2,단독주택,102014951,지번
1156010600100110000,서울특별시 영등포구 영등포동5가,서울특별시 영등포구 영중로14길 23-4 (영등포동5가),근린생활2,제2종근린생활시설,102014952,지번
1156010500104120010,서울특별시 영등포구 영등포동4가,서울특별시 영등포구 경인로 811-2 (영등포동4가),근린생활2,제2종근린생활시설,102014833,지번
1156011400100010143,서울특별시 영등포구 당산동4가,서울특별시 영등포구 국회대로37길 8-1 (당산동4가),근린생활1,제1종근린생활시설,10201100231967,지번
1156011800102690004,서울특별시 영등포구 도림동,서울특별시 영등포구 도영로 19 (도림동),근린생활1,제1종근린생활시설,1020112961,지번
1156011700101210155,서울특별시 영등포구 당산동,서울특별시 영등포구 버드나루로14가길 10 (당산동),근린생활1,제1종근린생활시설,1020110357,지번
1156012100100340000,서울특별시 영등포구 문래동3가,서울특별시 영등포구 영등포로28길 19 (문래동3가),근린생활2,제2종근린생활시설,10201100200214,지번
1156012400100030001,서울특별시 영등포구 문래동6가,서울특별시 영등포구 선유로9가길 16 (문래동6가),근린생활2,제2종근린생활시설,10201100206156,지번
1156013300106530010,서울특별시 영등포구 대림동,서울특별시 영등포구 대림로40나길 14 (대림동),근린생활2,제2종근린생활시설,10201100197156,지번
1156010600100370003,서울특별시 영등포구 영등포동5가,서울특별시 영등포구 영등포로37길 15 (영등포동5가),근린생활2,제2종근린생활시설,10201100212852,지번
1156012800102550000,서울특별시 영등포구 양평동4가,서울특별시 영등포구 선유로53길 16-8 (양평동4가),근린생활2,제2종근린생활시설,10201100212756,지번
1156012600100330002,서울특별시 영등포구 양평동2가,서울특별시 영등포구 선유서로 103 (양평동2가),근린생활2,제2종근린생활시설,1020116519,지번
1156012900100270000,서울특별시 영등포구 양평동5가,서울특별시 영등포구 양평로 135 (양평동5가),근린생활2,제2종근린생활시설,10201100193494,지번
1156010100106180068,서울특별시 영등포구 영등포동,서울특별시 영등포구 영신로19길 5-4 (영등포동),근린생활1,제1종근린생활시설,102012724,지번
1156013300107000001,서울특별시 영등포구 대림동,서울특별시 영등포구 대림로 154 (대림동),근린생활2,제2종근린생활시설,1020130675,지번
1156011300102230003,서울특별시 영등포구 당산동3가,서울특별시 영등포구 당산로30길 5 (당산동3가),근린생활2,제2종근린생활시설,102018705,지번
1156013200101150013,서울특별시 영등포구 신길동,서울특별시 영등포구 도신로 228-3 (신길동),근린생활2,제2종근린생활시설,10201100235846,지번
1156013300107160001,서울특별시 영등포구 대림동,서울특별시 영등포구 대림로27나길 1 (대림동),근린생활2,제2종근린생활시설,10201100200534,지번
1156013300107590007,서울특별시 영등포구 대림동,서울특별시 영등포구 도림로 190 (대림동),근린생활1,제1종근린생활시설,10201100198754,지번
1156013300107790011,서울특별시 영등포구 대림동,서울특별시 영등포구 가마산로 337 (대림동),근린생활2,제2종근린생활시설,10201100197154,지번
1156011300103980005,서울특별시 영등포구 당산동3가,서울특별시 영등포구 양산로19길 13-2 (당산동3가),근린생활2,제2종근린생활시설,10201100212776,지번
1156011300103980005,서울특별시 영등포구 당산동3가,서울특별시 영등포구 양산로19길 13-2 (당산동3가),근린생활2,업무시설,102018930,지번
1156011600103530007,서울특별시 영등포구 당산동6가,서울특별시 영등포구 당산로49길 28 (당산동6가),근린생활2,제2종근린생활시설,10201100212036,지번
1156011800102050064,서울특별시 영등포구 도림동,서울특별시 영등포구 도영로7가길 6-4 (도림동),근린생활2,제2종근린생활시설,10201100255429,지번
1156013200104650022,서울특별시 영등포구 신길동,서울특별시 영등포구 영등포로84길 28 (신길동),근린생활2,제2종근린생활시설,1020125893,지번
1156013300110680017,서울특별시 영등포구 대림동,서울특별시 영등포구 디지털로37길 27 (대림동),근린생활2,제2종근린생활시설,1000000000000001253441,지번
1156011300103950035,서울특별시 영등포구 당산동3가,서울특별시 영등포구 당산로31길 18-6 (당산동3가),근린생활2,제2종근린생활시설,10201100248740,지번
1156011900100660005,서울특별시 영등포구 문래동1가,서울특별시 영등포구 경인로78길 13-3 (문래동1가),근린생활2,제2종근린생활시설,1020113435,지번
1156010400100030007,서울특별시 영등포구 영등포동3가,서울특별시 영등포구 영중로10길 35 (영등포동3가),근린생활2,제2종근린생활시설,102014277,지번
1156012800100850002,서울특별시 영등포구 양평동4가,서울특별시 영등포구 양평로19길 8 (양평동4가),근린생활2,제2종근린생활시설,10201100250108,지번
1156011400100320161,서울특별시 영등포구 당산동4가,서울특별시 영등포구 당산로40길 10-21 (당산동4가),근린생활2,제2종근린생활시설,10201100238926,지번
1156011100100400001,서울특별시 영등포구 당산동1가,서울특별시 영등포구 당산로 78 (당산동1가),근린생활2,제2종근린생활시설,10201100252489,지번
1156013300106890036,서울특별시 영등포구 대림동,서울특별시 영등포구 대림로 204 (대림동),근린생활2,제2종근린생활시설,10201100278188,지번
1156011600102800007,서울특별시 영등포구 당산동6가,서울특별시 영등포구 당산로50길 14 (당산동6가),근린생활2,제2종근린생활시설,10201100240609,지번
1156013200105080002,서울특별시 영등포구 신길동,서울특별시 영등포구 신풍로 117 (신길동),근린생활1,제1종근린생활시설,1000000000000007113155,지번
1156013200105190000,서울특별시 영등포구 신길동,서울특별시 영등포구 여의대방로35길 21 (신길동),근린생활2,제2종근린생활시설,10201100263411,지번
1156012000100140016,서울특별시 영등포구 문래동2가,서울특별시 영등포구 도림로139가길 5 (문래동2가),근린생활2,제2종근린생활시설,1020113601,지번
1156012000100140016,서울특별시 영등포구 문래동2가,서울특별시 영등포구 도림로139가길 5 (문래동2가),근린생활2,제1종근린생활시설,1020113602,지번
1156011400100320078,서울특별시 영등포구 당산동4가,서울특별시 영등포구 당산로38길 12 (당산동4가),근린생활1,제1종근린생활시설,10201100235343,지번
1156010900100310007,서울특별시 영등포구 영등포동8가,서울특별시 영등포구 영신로54길 4-1 (영등포동8가),근린생활2,제2종근린생활시설,10201100239048,지번
1156011300105010000,서울특별시 영등포구 당산동3가,서울특별시 영등포구 양산로17길 6-5 (당산동3가),근린생활2,제2종근린생활시설,10201100252509,지번
1156011400100320204,서울특별시 영등포구 당산동4가,서울특별시 영등포구 당산로40길 14-6 (당산동4가),근린생활2,제2종근린생활시설,10201100252508,지번
1156013300108320031,서울특별시 영등포구 대림동,서울특별시 영등포구 대림로21길 11 (대림동),근린생활1,제1종근린생활시설,1020131779,지번
1156010100106020046,서울특별시 영등포구 영등포동,서울특별시 영등포구 영신로8길 6 (영등포동),근린생활2,제2종근린생활시설,10201100256908,지번
1156013200105830000,서울특별시 영등포구 신길동,서울특별시 영등포구 신풍로25길 13 (신길동),근린생활1,제1종근린생활시설,10201100267708,지번
1156011300103220000,서울특별시 영등포구 당산동3가,서울특별시 영등포구 당산로24길 5 (당산동3가),근린생활2,제2종근린생활시설,10201100256589,지번
1156013300110830014,서울특별시 영등포구 대림동,서울특별시 영등포구 디지털로37길 3 (대림동),근린생활2,제2종근린생활시설,10201100257648,지번
1156012500102190006,서울특별시 영등포구 양평동1가,서울특별시 영등포구 영등포로11길 22-1 (양평동1가),근린생활1,제1종근린생활시설,1020115957,지번
1156011400100320160,서울특별시 영등포구 당산동4가,서울특별시 영등포구 당산로40길 10-17 (당산동4가),근린생활2,제2종근린생활시설,10201100239034,지번
1156012700100700001,서울특별시 영등포구 양평동3가,서울특별시 영등포구 선유로 173 (양평동3가),판매시설,판매시설,10201100238226,지번
1156011800101380062,서울특별시 영등포구 도림동,서울특별시 영등포구 도신로27길 4 (도림동),근린생활2,제2종근린생활시설,10201100238217,지번
1156012700100320002,서울특별시 영등포구 양평동3가,서울특별시 영등포구 선유서로 125 (양평동3가),근린생활1,제1종근린생활시설,10201100247909,지번
1156013300107820000,서울특별시 영등포구 대림동,서울특별시 영등포구 도신로4길 27 (대림동),근린생활2,제2종근린생활시설,10201100251988,지번
1156011400100320175,서울특별시 영등포구 당산동4가,서울특별시 영등포구 당산로40길 10-1 (당산동4가),근린생활2,제2종근린생활시설,10201100269288,지번
1156013200102610016,서울특별시 영등포구 신길동,서울특별시 영등포구 신길로33길 26 (신길동),근린생활1,제1종근린생활시설,1020122339,지번
1156011800102120003,서울특별시 영등포구 도림동,서울특별시 영등포구 도영로 33-2 (도림동),근린생활1,제1종근린생활시설,10201100259746,지번
1156011800102380018,서울특별시 영등포구 도림동,서울특별시 영등포구 도신로19길 21-6 (도림동),근린생활2,제2종근린생활시설,10201100258828,지번
1156010800100800004,서울특별시 영등포구 영등포동7가,서울특별시 영등포구 국회대로50길 7 (영등포동7가),근린생활2,제2종근린생활시설,10201100239108,지번
1156010300100340137,서울특별시 영등포구 영등포동2가,서울특별시 영등포구 영등포로47길 13 (영등포동2가),근린생활2,제2종근린생활시설,10201100238227,지번
1156012500101200003,서울특별시 영등포구 양평동1가,서울특별시 영등포구 선유로27길 5 (양평동1가),근린생활2,제2종근린생활시설,10201100240429,지번
1156013200102380037,서울특별시 영등포구 신길동,서울특별시 영등포구 가마산로 511 (신길동),근린생활2,제2종근린생활시설,10201100251568,지번
1156010900100130005,서울특별시 영등포구 영등포동8가,서울특별시 영등포구 국회대로 651-8 (영등포동8가),근린생활2,제2종근린생활시설,10201100242329,지번
1156013300107140006,서울특별시 영등포구 대림동,서울특별시 영등포구 도림로41길 11-4 (대림동),근린생활2,제2종근린생활시설,10201100239231,지번
1156011800102290023,서울특별시 영등포구 도림동,서울특별시 영등포구 도신로15다길 28 (도림동),근린생활2,제2종근린생활시설,10201100262789,지번
1156011300100920015,서울특별시 영등포구 당산동3가,서울특별시 영등포구 국회대로38길 6 (당산동3가),근린생활1,교육연구시설,10201100253488,지번
1156011800101390008,서울특별시 영등포구 도림동,서울특별시 영등포구 도신로27길 1 (도림동),근린생활2,제2종근린생활시설,10201100280608,지번
1156010300100340136,서울특별시 영등포구 영등포동2가,서울특별시 영등포구 영등포로47길 11 (영등포동2가),근린생활2,제2종근린생활시설,10201100238706,지번
1156012900100320000,서울특별시 영등포구 양평동5가,서울특별시 영등포구 양평로21가길 6 (양평동5가),근린생활2,제2종근린생활시설,10201100260508,지번
1156013300109730019,서울특별시 영등포구 대림동,서울특별시 영등포구 대림로8길 13-1 (대림동),근린생활1,제1종근린생활시설,1000000000000001473605,지번
1156013300107100006,서울특별시 영등포구 대림동,서울특별시 영등포구 대림로27길 7 (대림동),근린생활2,제2종근린생활시설,1020130770,지번
1156011600103390004,서울특별시 영등포구 당산동6가,서울특별시 영등포구 양평로 68 (당산동6가),근린생활1,제1종근린생활시설,10201100262768,지번
1156011200100050003,서울특별시 영등포구 당산동2가,서울특별시 영등포구 영등포로22길 3-8 (당산동2가),근린생활1,제1종근린생활시설,10201100236867,지번
1156013300110550002,서울특별시 영등포구 대림동,서울특별시 영등포구 도림로 124-5 (대림동),근린생활2,제2종근린생활시설,10201100241432,지번
1156013300108940042,서울특별시 영등포구 대림동,서울특별시 영등포구 디지털로 435 (대림동),근린생활2,제2종근린생활시설,10201100240641,지번
1156013200144380000,서울특별시 영등포구 신길동,서울특별시 영등포구 여의대방로 81-7 (신길동),근린생활2,제2종근린생활시설,10201100240292,지번
1156011300103950032,서울특별시 영등포구 당산동3가,서울특별시 영등포구 당산로31길 18-9 (당산동3가),근린생활2,제2종근린생활시설,10201100280370,지번
1156011600102170001,서울특별시 영등포구 당산동6가,서울특별시 영등포구 양평로 20 (당산동6가),근린생활1,제1종근린생활시설,10201100250008,지번
1156011200100570000,서울특별시 영등포구 당산동2가,서울특별시 영등포구 선유동1로 6-3 (당산동2가),근린생활2,제2종근린생활시설,10201100255188,지번
1156012700100300010,서울특별시 영등포구 양평동3가,서울특별시 영등포구 양산로1길 14 (양평동3가),근린생활2,제2종근린생활시설,10201100229875,지번
1156011600103480001,서울특별시 영등포구 당산동6가,서울특별시 영등포구 당산로49길 29 (당산동6가),근린생활2,제2종근린생활시설,1020110213,지번
1156012600100360003,서울특별시 영등포구 양평동2가,서울특별시 영등포구 선유서로25길 18-9 (양평동2가),근린생활1,제1종근린생활시설,1020116575,지번
1156011100100140005,서울특별시 영등포구 당산동1가,서울특별시 영등포구 영등포로 148-2 (당산동1가),근린생활2,제1종근린생활시설,102017330,지번
1156011100100140005,서울특별시 영등포구 당산동1가,서울특별시 영등포구 영등포로 148-2 (당산동1가),근린생활2,제2종근린생활시설,102017331,지번
1156013200103550057,서울특별시 영등포구 신길동,서울특별시 영등포구 도림로 281 (신길동),근린생활1,제1종근린생활시설,1020124188,지번
1156010100106180055,서울특별시 영등포구 영등포동,서울특별시 영등포구 영신로17길 3 (영등포동),근린생활2,제2종근린생활시설,102012716,지번
1156013200104950000,서울특별시 영등포구 신길동,서울특별시 영등포구 신풍로24길 4 (신길동),근린생활2,제2종근린생활시설,1020125949,지번
1156012000100140007,서울특별시 영등포구 문래동2가,서울특별시 영등포구 도림로 439 (문래동2가),근린생활2,제2종근린생활시설,1020113595,지번
1156011300102570009,서울특별시 영등포구 당산동3가,서울특별시 영등포구 당산로30길 6-1 (당산동3가),근린생활1,제1종근린생활시설,102018765,지번
1156012400100430000,서울특별시 영등포구 문래동6가,서울특별시 영등포구 선유서로 43 (문래동6가),판매시설,공동주택,1020115401,지번
1156012400100430000,서울특별시 영등포구 문래동6가,서울특별시 영등포구 선유서로 35 (문래동6가),판매시설,판매시설,1020115402,지번
1156012400100430000,서울특별시 영등포구 문래동6가,서울특별시 영등포구 선유서로 43 (문래동6가),판매시설,공동주택,1020115403,지번
1156013300110170003,서울특별시 영등포구 대림동,서울특별시 영등포구 대림로 94 (대림동),근린생활1,제1종근린생활시설,1020133651,지번
1156012100100290008,서울특별시 영등포구 문래동3가,서울특별시 영등포구 문래로 155 (문래동3가),근린생활1,제1종근린생활시설,1020114110,지번
1156010100106180161,서울특별시 영등포구 영등포동,서울특별시 영등포구 영신로20길 12 (영등포동),근린생활2,제2종근린생활시설,102012755,지번
1156011400100320106,서울특별시 영등포구 당산동4가,서울특별시 영등포구 국회대로37길 7 (당산동4가),근린생활2,제2종근린생활시설,102019345,지번
1156011200100110006,서울특별시 영등포구 당산동2가,서울특별시 영등포구 영등포로22길 3-6 (당산동2가),근린생활2,제2종근린생활시설,102018221,지번
1156012500100390000,서울특별시 영등포구 양평동1가,서울특별시 영등포구 선유로 106-3 (양평동1가),근린생활1,제1종근린생활시설,1020115611,지번
1156011200101610006,서울특별시 영등포구 당산동2가,서울특별시 영등포구 양산로 90-1 (당산동2가),근린생활2,제2종근린생활시설,102018414,지번
1156011400100730004,서울특별시 영등포구 당산동4가,서울특별시 영등포구 당산로 161-12 (당산동4가),근린생활2,제2종근린생활시설,102019461,지번
1156011100100860000,서울특별시 영등포구 당산동1가,서울특별시 영등포구 영신로37길 3 (당산동1가),근린생활2,제2종근린생활시설,102018189,지번
1156013200100650040,서울특별시 영등포구 신길동,서울특별시 영등포구 영등포로 384-1 (신길동),근린생활2,제2종근린생활시설,1020118522,지번
1156010100106180085,서울특별시 영등포구 영등포동,서울특별시 영등포구 영신로9나길 18 (영등포동),근린생활1,제1종근린생활시설,102012737,지번
1156013200106780000,서울특별시 영등포구 신길동,서울특별시 영등포구 여의대방로 173 (신길동),근린생활1,제1종근린생활시설,1020126133,지번
1156011900100560002,서울특별시 영등포구 문래동1가,서울특별시 영등포구 경인로80길 3-11 (문래동1가),근린생활2,제2종근린생활시설,1020113365,지번
1156011100101860113,서울특별시 영등포구 당산동1가,서울특별시 영등포구 영등포로27길 21 (당산동1가),근린생활2,제2종근린생활시설,102017696,지번
1156012000100110001,서울특별시 영등포구 문래동2가,서울특별시 영등포구 도림로 423 (문래동2가),근린생활1,제1종근린생활시설,1020113575,지번
1156013300110690014,서울특별시 영등포구 대림동,서울특별시 영등포구 디지털로37나길 5 (대림동),근린생활1,제1종근린생활시설,1020134504,지번
1156013200142030001,서울특별시 영등포구 신길동,서울특별시 영등포구 노량진로 11 (신길동),근린생활1,제1종근린생활시설,10201100280348,지번
1156011300101560000,서울특별시 영등포구 당산동3가,서울특별시 영등포구 당산로32길 7-8 (당산동3가),근린생활2,제2종근린생활시설,102018649,지번
1156010100106180220,서울특별시 영등포구 영등포동,서울특별시 영등포구 영신로19길 26 (영등포동),근린생활2,제2종근린생활시설,102012791,지번
1156010400100170004,서울특별시 영등포구 영등포동3가,서울특별시 영등포구 영등포로46길 8 (영등포동3가),근린생활1,제1종근린생활시설,102014481,지번
1156010400100090013,서울특별시 영등포구 영등포동3가,서울특별시 영등포구 영중로 12 (영등포동3가),판매시설,판매시설,102014594,지번
1156011600100030004,서울특별시 영등포구 당산동6가,서울특별시 영등포구 당산로50가길 10 (당산동6가),근린생활2,제2종근린생활시설,102019788,지번
1156011400100920003,서울특별시 영등포구 당산동4가,서울특별시 영등포구 국회대로 553 (당산동4가),근린생활1,제1종근린생활시설,102019511,지번
1156013300110500013,서울특별시 영등포구 대림동,서울특별시 영등포구 도림로 129 (대림동),근린생활1,제1종근린생활시설,1020134087,지번
1156012500100130001,서울특별시 영등포구 양평동1가,서울특별시 영등포구 선유로 85 (양평동1가),근린생활2,제2종근린생활시설,1020115554,지번
1156011900100960004,서울특별시 영등포구 문래동1가,서울특별시 영등포구 경인로 706 (문래동1가),근린생활2,제2종근린생활시설,1020113533,지번
1156013300111130001,서울특별시 영등포구 대림동,서울특별시 영등포구 대림로31길 33 (대림동),근린생활2,제2종근린생활시설,1020135064,지번
1156013300107500008,서울특별시 영등포구 대림동,서울특별시 영등포구 도림로61길 17 (대림동),근린생활2,제2종근린생활시설,1020131101,지번
1156011200100300002,서울특별시 영등포구 당산동2가,서울특별시 영등포구 영등포로 109 (당산동2가),근린생활2,제2종근린생활시설,102018452,지번
1156010400100120000,서울특별시 영등포구 영등포동3가,서울특별시 영등포구 경인로 883 (영등포동3가),근린생활2,제2종근린생활시설,102014412,지번
1156013200103550022,서울특별시 영등포구 신길동,서울특별시 영등포구 도림로 301 (신길동),근린생활1,제1종근린생활시설,1020124175,지번
1156013300108080026,서울특별시 영등포구 대림동,서울특별시 영등포구 대림로29길 43 (대림동),근린생활2,제2종근린생활시설,1020131657,지번
1156011600103130003,서울특별시 영등포구 당산동6가,서울특별시 영등포구 당산로47길 12 (당산동6가),근린생활2,제2종근린생활시설,1020110064,지번
1156012100100580020,서울특별시 영등포구 문래동3가,서울특별시 영등포구 도림로 442-1 (문래동3가),근린생활2,제2종근린생활시설,1020114257,지번
1156012100100580020,서울특별시 영등포구 문래동3가,서울특별시 영등포구 당산로 2 (문래동3가),근린생활2,단독주택,1020114258,지번
1156011800101920001,서울특별시 영등포구 도림동,서울특별시 영등포구 도림로 382 (도림동),근린생활2,제2종근린생활시설,10201100215356,지번
1156011600103020000,서울특별시 영등포구 당산동6가,서울특별시 영등포구 당산로 232 (당산동6가),근린생활1,제1종근린생활시설,1020110057,지번
1156010700100280002,서울특별시 영등포구 영등포동6가,서울특별시 영등포구 영등포로35나길 2 (영등포동6가),근린생활2,제2종근린생활시설,10201100231220,지번
1156013200100510001,서울특별시 영등포구 신길동,서울특별시 영등포구 영등포로 349 (신길동),근린생활1,제1종근린생활시설,10201100281109,지번
1156011800102260001,서울특별시 영등포구 도림동,서울특별시 영등포구 도신로15길 40 (도림동),근린생활1,제1종근린생활시설,1020112599,지번
1156011600103140000,서울특별시 영등포구 당산동6가,서울특별시 영등포구 당산로47길 8 (당산동6가),근린생활1,제1종근린생활시설,1020110208,지번
1156013200103550064,서울특별시 영등포구 신길동,서울특별시 영등포구 도림로 271 (신길동),근린생활1,제1종근린생활시설,1020124193,지번
1156011800102500018,서울특별시 영등포구 도림동,서울특별시 영등포구 도신로 65 (도림동),근린생활2,제2종근린생활시설,1020112886,지번
1156012100100290009,서울특별시 영등포구 문래동3가,서울특별시 영등포구 문래로 151-4 (문래동3가),근린생활1,제1종근린생활시설,1020114111,지번
1156012500100090045,서울특별시 영등포구 양평동1가,서울특별시 영등포구 선유로22길 11 (양평동1가),근린생활2,제2종근린생활시설,1020115543,지번
1156012500101650000,서울특별시 영등포구 양평동1가,서울특별시 영등포구 영등포로 63 (양평동1가),근린생활1,제1종근린생활시설,1020115845,지번
1156013200102150017,서울특별시 영등포구 신길동,서울특별시 영등포구 도신로 178 (신길동),근린생활2,제2종근린생활시설,1020121639,지번
1156012600100190006,서울특별시 영등포구 양평동2가,서울특별시 영등포구 영등포로6길 6 (양평동2가),근린생활2,제2종근린생활시설,1020116417,지번
1156013200101100020,서울특별시 영등포구 신길동,서울특별시 영등포구 도신로 242 (신길동),근린생활2,제2종근린생활시설,1020119244,지번
1156010500100750003,서울특별시 영등포구 영등포동4가,서울특별시 영등포구 영신로32길 29 (영등포동4가),근린생활2,제2종근린생활시설,102014639,지번
1156013200102140015,서울특별시 영등포구 신길동,서울특별시 영등포구 신길로 200-16 (신길동),근린생활1,제1종근린생활시설,1020121606,지번
1156011200100130000,서울특별시 영등포구 당산동2가,서울특별시 영등포구 문래북로 83 (당산동2가),근린생활2,제2종근린생활시설,10201100272048,지번
1156013200102210006,서울특별시 영등포구 신길동,서울특별시 영등포구 신길로 198 (신길동),근린생활2,제2종근린생활시설,1020121694,지번
1156013200102960044,서울특별시 영등포구 신길동,서울특별시 영등포구 가마산로61길 26 (신길동),근린생활1,제1종근린생활시설,1020122792,지번
1156013300106810012,서울특별시 영등포구 대림동,서울특별시 영등포구 가마산로46가길 10 (대림동),근린생활1,제1종근린생활시설,1020130480,지번
1156013200104240003,서울특별시 영등포구 신길동,서울특별시 영등포구 신풍로 23 (신길동),근린생활1,제1종근린생활시설,1020125236,지번
1156013200104480006,서울특별시 영등포구 신길동,서울특별시 영등포구 신길로15길 1 (신길동),근린생활1,제1종근린생활시설,1020125629,지번
1156013200138130000,서울특별시 영등포구 신길동,서울특별시 영등포구 신풍로 56 (신길동),근린생활2,제2종근린생활시설,1020128239,지번
1156013200143500000,서울특별시 영등포구 신길동,서울특별시 영등포구 대방천로 234 (신길동),근린생활1,제1종근린생활시설,1020128617,지번
1156013300106630010,서울특별시 영등포구 대림동,서울특별시 영등포구 대림로40길 9 (대림동),근린생활1,제1종근린생활시설,1020130304,지번
1156010100106180385,서울특별시 영등포구 영등포동,서울특별시 영등포구 영신로19길 15 (영등포동),근린생활1,제2종근린생활시설,102012833,지번
1156010100106180385,서울특별시 영등포구 영등포동,서울특별시 영등포구 영신로19길 17 (영등포동),근린생활1,제1종근린생활시설,102012834,지번
1156013200143970000,서울특별시 영등포구 신길동,서울특별시 영등포구 여의대방로 93 (신길동),근린생활2,제2종근린생활시설,1020128648,지번
1156013300106910009,서울특별시 영등포구 대림동,서울특별시 영등포구 대림로 182-1 (대림동),근린생활2,제2종근린생활시설,1020130651,지번
1156013300107280001,서울특별시 영등포구 대림동,서울특별시 영등포구 대림로29나길 5 (대림동),근린생활1,제1종근린생활시설,1020130909,지번
1156013300108620003,서울특별시 영등포구 대림동,서울특별시 영등포구 디지털로 392 (대림동),근린생활2,제2종근린생활시설,1020132133,지번
1156013300110360003,서울특별시 영등포구 대림동,서울특별시 영등포구 대림로19길 14 (대림동),근린생활1,제1종근린생활시설,1020134010,지번
1156010800100630047,서울특별시 영등포구 영등포동7가,서울특별시 영등포구 국회대로46길 14 (영등포동7가),근린생활1,제1종근린생활시설,102015994,지번
1156013300109540006,서울특별시 영등포구 대림동,서울특별시 영등포구 대림로8길 33 (대림동),근린생활2,제2종근린생활시설,1020133161,지번
1156013300110170016,서울특별시 영등포구 대림동,서울특별시 영등포구 대림로 90 (대림동),근린생활2,제2종근린생활시설,1020133653,지번
1156013300110220026,서울특별시 영등포구 대림동,서울특별시 영등포구 디지털로54길 11-1 (대림동),근린생활1,제1종근린생활시설,1020133752,지번
1156013300110530012,서울특별시 영등포구 대림동,서울특별시 영등포구 도림천로 367 (대림동),근린생활1,제1종근린생활시설,1020134139,지번
1156011100102380000,서울특별시 영등포구 당산동1가,서울특별시 영등포구 영등포로27길 24 (당산동1가),근린생활2,제2종근린생활시설,102017790,지번
1156011300100720001,서울특별시 영등포구 당산동3가,서울특별시 영등포구 양산로25길 9 (당산동3가),근린생활2,제2종근린생활시설,102018560,지번
1156011200101350000,서울특별시 영등포구 당산동2가,서울특별시 영등포구 선유동1로 14-1 (당산동2가),근린생활2,제2종근린생활시설,102018369,지번
1156011200100830000,서울특별시 영등포구 당산동2가,서울특별시 영등포구 선유동1로 12 (당산동2가),근린생활1,제1종근린생활시설,102018455,지번
1156011300103950025,서울특별시 영등포구 당산동3가,서울특별시 영등포구 국회대로28길 17 (당산동3가),근린생활2,제2종근린생활시설,102018901,지번
1156011400100320040,서울특별시 영등포구 당산동4가,서울특별시 영등포구 당산로38길 9-1 (당산동4가),근린생활2,제2종근린생활시설,102019291,지번
1156013200101010007,서울특별시 영등포구 신길동,서울특별시 영등포구 영등포로 364 (신길동),근린생활1,제1종근린생활시설,1020119216,지번
1156011500100330009,서울특별시 영등포구 당산동5가,서울특별시 영등포구 양평로 61 (당산동5가),근린생활2,제2종근린생활시설,102019702,지번
1156010400100210000,서울특별시 영등포구 영등포동3가,서울특별시 영등포구 영중로4길 13-2 (영등포동3가),근린생활2,제2종근린생활시설,102014509,지번
1156010500104160003,서울특별시 영등포구 영등포동4가,서울특별시 영등포구 영신로24길 8 (영등포동4가),근린생활2,제2종근린생활시설,102014850,지번
1156012300100200019,서울특별시 영등포구 문래동5가,서울특별시 영등포구 선유로9나길 26 (문래동5가),근린생활2,제2종근린생활시설,10201100201655,지번
1156013300107500001,서울특별시 영등포구 대림동,서울특별시 영등포구 도림로61나길 1 (대림동),근린생활1,제1종근린생활시설,1020131098,지번
1156013200101880395,서울특별시 영등포구 신길동,서울특별시 영등포구 신길로60바길 1 (신길동),근린생활1,제1종근린생활시설,1020120717,지번
1156011100100870004,서울특별시 영등포구 당산동1가,서울특별시 영등포구 영신로37길 5-2 (당산동1가),근린생활1,제1종근린생활시설,102017471,지번
1156010100104230019,서울특별시 영등포구 영등포동,서울특별시 영등포구 경인로 832 (영등포동),근린생활1,제1종근린생활시설,102012281,지번
1156011300102280023,서울특별시 영등포구 당산동3가,서울특별시 영등포구 당산로 132 (당산동3가),근린생활1,제1종근린생활시설,102018737,지번
1156011400100730005,서울특별시 영등포구 당산동4가,서울특별시 영등포구 국회대로29길 14 (당산동4가),근린생활1,제1종근린생활시설,102019462,지번
1156013300110600055,서울특별시 영등포구 대림동,서울특별시 영등포구 디지털로37가길 1-1 (대림동),근린생활2,제2종근린생활시설,1020134356,지번
1156013300110660065,서울특별시 영등포구 대림동,서울특별시 영등포구 디지털로37길 9-6 (대림동),근린생활1,제1종근린생활시설,1020134408,지번
1156011500100320001,서울특별시 영등포구 당산동5가,서울특별시 영등포구 양평로 51 (당산동5가),근린생활2,제2종근린생활시설,102019696,지번
1156011100101590001,서울특별시 영등포구 당산동1가,서울특별시 영등포구 영신로41길 1 (당산동1가),근린생활1,제1종근린생활시설,102017579,지번
1156013200104200045,서울특별시 영등포구 신길동,서울특별시 영등포구 도림로77길 4 (신길동),근린생활1,제1종근린생활시설,1020125140,지번
1156013200102330173,서울특별시 영등포구 신길동,서울특별시 영등포구 신길로 163 (신길동),근린생활1,제1종근린생활시설,1020129326,지번
1156013200101940034,서울특별시 영등포구 신길동,서울특별시 영등포구 도신로53길 11-4 (신길동),근린생활1,단독주택,1020121051,지번
1156013200101940034,서울특별시 영등포구 신길동,서울특별시 영등포구 도신로53길 11 (신길동),근린생활1,제1종근린생활시설,1020121052,지번
1156010800101030000,서울특별시 영등포구 영등포동7가,서울특별시 영등포구 국회대로 654 (영등포동7가),근린생활1,제1종근린생활시설,102016278,지번
1156010800101030000,서울특별시 영등포구 영등포동7가,서울특별시 영등포구 국회대로 654 (영등포동7가),근린생활1,단독주택,102016279,지번
1156010300100940331,서울특별시 영등포구 영등포동2가,서울특별시 영등포구 버드나루로 33 (영등포동2가),근린생활1,제1종근린생활시설,10201100228866,지번
1156012500102040006,서울특별시 영등포구 양평동1가,서울특별시 영등포구 선유로23길 16 (양평동1가),근린생활2,제1종근린생활시설,1020115878,지번
1156012100100540022,서울특별시 영등포구 문래동3가,서울특별시 영등포구 도림로128가길 11 (문래동3가),근린생활2,제1종근린생활시설,1020114153,지번
1156013200101920078,서울특별시 영등포구 신길동,서울특별시 영등포구 도신로47길 1 (신길동),근린생활1,제1종근린생활시설,1020120963,지번
1156012500100090032,서울특별시 영등포구 양평동1가,서울특별시 영등포구 선유로 88 (양평동1가),근린생활2,제2종근린생활시설,1020115536,지번
1156012200100080028,서울특별시 영등포구 문래동4가,서울특별시 영등포구 도림로141가길 32-3 (문래동4가),근린생활1,제1종근린생활시설,1020114613,지번
1156012500100200000,서울특별시 영등포구 양평동1가,서울특별시 영등포구 영등포로12길 8 (양평동1가),근린생활1,공동주택,1020116370,지번
1156012500100200000,서울특별시 영등포구 양평동1가,서울특별시 영등포구 영등포로12길 8 (양평동1가),근린생활1,공동주택,1020116371,지번
1156012500100200000,서울특별시 영등포구 양평동1가,서울특별시 영등포구 선유서로 76 (양평동1가),근린생활1,제1종근린생활시설,1020116372,지번
1156012500100200000,서울특별시 영등포구 양평동1가,서울특별시 영등포구 영등포로12길 8 (양평동1가),근린생활1,공동주택,1020116373,지번
1156012500100200000,서울특별시 영등포구 양평동1가,서울특별시 영등포구 영등포로12길 8 (양평동1가),근린생활1,공동주택,1020116374,지번
1156010300100280141,서울특별시 영등포구 영등포동2가,서울특별시 영등포구 국회대로54길 45 (영등포동2가),근린생활1,제1종근린생활시설,102013609,지번
1156011300102430000,서울특별시 영등포구 당산동3가,서울특별시 영등포구 당산로 126 (당산동3가),근린생활2,제2종근린생활시설,102018753,지번
1156011500100330005,서울특별시 영등포구 당산동5가,서울특별시 영등포구 양평로 55 (당산동5가),근린생활2,제2종근린생활시설,102019700,지번
1156011600103300002,서울특별시 영등포구 당산동6가,서울특별시 영등포구 당산로49길 18 (당산동6가),근린생활1,제1종근린생활시설,1020110089,지번
1156011800101380042,서울특별시 영등포구 도림동,서울특별시 영등포구 도신로 115 (도림동),근린생활1,제1종근린생활시설,1020111519,지번
1156011300102280006,서울특별시 영등포구 당산동3가,서울특별시 영등포구 당산로32길 6-1 (당산동3가),근린생활2,제2종근린생활시설,102018724,지번
1156012000100440003,서울특별시 영등포구 문래동2가,서울특별시 영등포구 경인로79길 20 (문래동2가),근린생활1,제1종근린생활시설,1020113815,지번
1156012000100440003,서울특별시 영등포구 문래동2가,서울특별시 영등포구 경인로79길 20 (문래동2가),근린생활1,제1종근린생활시설,1020113816,지번
1156012200100020013,서울특별시 영등포구 문래동4가,서울특별시 영등포구 도림로 451 (문래동4가),근린생활2,제2종근린생활시설,1020114508,지번
1156013200102960026,서울특별시 영등포구 신길동,서울특별시 영등포구 도신로 114 (신길동),근린생활1,제1종근린생활시설,1020122779,지번
1156013200102360013,서울특별시 영등포구 신길동,서울특별시 영등포구 신길로34길 13 (신길동),근린생활1,제1종근린생활시설,1020122039,지번
1156013200104280007,서울특별시 영등포구 신길동,서울특별시 영등포구 신풍로 16 (신길동),근린생활2,제2종근린생활시설,1020125262,지번
1156013200139960000,서울특별시 영등포구 신길동,서울특별시 영등포구 신풍로 88 (신길동),근린생활2,제2종근린생활시설,1020128377,지번
1156010300101840000,서울특별시 영등포구 영등포동2가,서울특별시 영등포구 영등포로51길 9 (영등포동2가),근린생활1,제1종근린생활시설,102013909,지번
1156011000100440021,서울특별시 영등포구 여의도동,서울특별시 영등포구 국제금융로8길 19 (여의도동),근린생활,근린생활시설,102017222,지번
1156013200102320042,서울특별시 영등포구 신길동,서울특별시 영등포구 신길로 167 (신길동),근린생활1,제1종근린생활시설,1020121925,지번
1156013300108450015,서울특별시 영등포구 대림동,서울특별시 영등포구 도림로 188 (대림동),근린생활1,제1종근린생활시설,1020131881,지번
1156010700100650002,서울특별시 영등포구 영등포동6가,서울특별시 영등포구 영신로40길 15-1 (영등포동6가),근린생활2,제2종근린생활시설,102015607,지번
1156011600103130001,서울특별시 영등포구 당산동6가,서울특별시 영등포구 당산로47길 14 (당산동6가),근린생활1,제1종근린생활시설,1020110063,지번
1156012000100190005,서울특별시 영등포구 문래동2가,서울특별시 영등포구 도림로133길 11-1 (문래동2가),근린생활2,제2종근린생활시설,1020113695,지번
1156010500104260046,서울특별시 영등포구 영등포동4가,서울특별시 영등포구 경인로 827-1 (영등포동4가),근린생활2,제2종근린생활시설,102014871,지번
1156013300106850008,서울특별시 영등포구 대림동,서울특별시 영등포구 대림로34마길 1 (대림동),근린생활1,제1종근린생활시설,1020130552,지번
1156011100101230000,서울특별시 영등포구 당산동1가,서울특별시 영등포구 영등포로27길 5 (당산동1가),근린생활2,제2종근린생활시설,102017526,지번
1156013300108240097,서울특별시 영등포구 대림동,서울특별시 영등포구 도림로 180 (대림동),근린생활1,제1종근린생활시설,1020131762,지번
1156010600100470002,서울특별시 영등포구 영등포동5가,서울특별시 영등포구 영등포로37길 23 (영등포동5가),근린생활2,제2종근린생활시설,10201100232596,지번
1156013300107270003,서울특별시 영등포구 대림동,서울특별시 영등포구 대림로29가길 1 (대림동),근린생활1,제1종근린생활시설,1020130901,지번
1156012100100770043,서울특별시 영등포구 문래동3가,서울특별시 영등포구 선유로 58-4 (문래동3가),근린생활1,제1종근린생활시설,1020114350,지번
1156010300103180002,서울특별시 영등포구 영등포동2가,서울특별시 영등포구 영등포로47길 6 (영등포동2가),근린생활1,제1종근린생활시설,102014084,지번
1156013300107400011,서울특별시 영등포구 대림동,서울특별시 영등포구 대림로35가길 3 (대림동),근린생활1,제1종근린생활시설,1020131015,지번
1156011800102160006,서울특별시 영등포구 도림동,서울특별시 영등포구 도영로 29 (도림동),근린생활2,제2종근린생활시설,10201100205996,지번
1156012200100380006,서울특별시 영등포구 문래동4가,서울특별시 영등포구 도림로147길 21-11 (문래동4가),근린생활2,제2종근린생활시설,1020115165,지번
1156010500101470002,서울특별시 영등포구 영등포동4가,서울특별시 영등포구 영등포로 192 (영등포동4가),근린생활1,제1종근린생활시설,102014744,지번
1156011000100410002,서울특별시 영등포구 여의도동,서울특별시 영등포구 여의대방로 417 (여의도동),판매시설,판매시설,102017201,지번
1156010400100060018,서울특별시 영등포구 영등포동3가,서울특별시 영등포구 영중로 36 (영등포동3가),근린생활2,제2종근린생활시설,102014311,지번
1156011000100440035,서울특별시 영등포구 여의도동,서울특별시 영등포구 여의대방로 379 (여의도동),근린생활2,제2종근린생활시설,102017228,지번
1156013300110820001,서울특별시 영등포구 대림동,서울특별시 영등포구 디지털로 349 (대림동),근린생활2,제2종근린생활시설,1020134857,지번
1156012600100330040,서울특별시 영등포구 양평동2가,서울특별시 영등포구 선유서로 99 (양평동2가),근린생활2,제2종근린생활시설,1020116543,지번
1156013200102160010,서울특별시 영등포구 신길동,서울특별시 영등포구 도신로 191 (신길동),근린생활2,제2종근린생활시설,1020121641,지번
1156012200100080005,서울특별시 영등포구 문래동4가,서울특별시 영등포구 도림로 481-1 (문래동4가),근린생활2,제2종근린생활시설,1020114590,지번
1156012200100400000,서울특별시 영등포구 문래동4가,서울특별시 영등포구 경인로71길 50 (문래동4가),판매시설,판매시설,1020115201,지번
1156012200100400000,서울특별시 영등포구 문래동4가,서울특별시 영등포구 경인로71길 50 (문래동4가),판매시설,제2종근린생활시설,1020115202,지번
1156012200100400000,서울특별시 영등포구 문래동4가,서울특별시 영등포구 경인로71길 50 (문래동4가),판매시설,판매시설,1020115205,지번
1156013300106640016,서울특별시 영등포구 대림동,서울특별시 영등포구 대림로40길 5 (대림동),근린생활1,제1종근린생활시설,1020130325,지번
1156010900100310022,서울특별시 영등포구 영등포동8가,서울특별시 영등포구 국회대로 621-1 (영등포동8가),근린생활1,제1종근린생활시설,102016742,지번
1156013200104270012,서울특별시 영등포구 신길동,서울특별시 영등포구 대방천로 147-2 (신길동),근린생활2,제2종근린생활시설,1020125258,지번
1156011500100070046,서울특별시 영등포구 당산동5가,서울특별시 영등포구 당산로41길 20 (당산동5가),근린생활2,업무시설,1000000000000007206926,지번
1156012700100770053,서울특별시 영등포구 양평동3가,서울특별시 영등포구 선유동2로 9 (양평동3가),근린생활1,제1종근린생활시설,10201100255648,지번
1156011100100980002,서울특별시 영등포구 당산동1가,서울특별시 영등포구 영신로37길 8 (당산동1가),근린생활2,제2종근린생활시설,102017492,지번
1156010700100050004,서울특별시 영등포구 영등포동6가,서울특별시 영등포구 영등포로35길 4 (영등포동6가),근린생활1,제1종근린생활시설,102015455,지번
1156011900100180004,서울특별시 영등포구 문래동1가,서울특별시 영등포구 경인로90길 7-1 (문래동1가),근린생활2,단독주택,1020113272,지번
1156011900100180004,서울특별시 영등포구 문래동1가,서울특별시 영등포구 경인로90길 7-1 (문래동1가),근린생활2,단독주택,1020113273,지번
1156013300106780011,서울특별시 영등포구 대림동,서울특별시 영등포구 대림로34아길 2 (대림동),근린생활2,제2종근린생활시설,1020130448,지번
1156010400100110006,서울특별시 영등포구 영등포동3가,서울특별시 영등포구 경인로 863 (영등포동3가),근린생활2,제2종근린생활시설,102014399,지번
1156011000100140013,서울특별시 영등포구 여의도동,서울특별시 영등포구 국회대로72길 22 (여의도동),근린생활2,제2종근린생활시설,102017118,지번
1156013300110160024,서울특별시 영등포구 대림동,서울특별시 영등포구 대림로 88 (대림동),근린생활2,제2종근린생활시설,1020133649,지번
1156010400100230001,서울특별시 영등포구 영등포동3가,서울특별시 영등포구 영등포로50길 8-3 (영등포동3가),근린생활2,제2종근린생활시설,102014602,지번
1156013200100980014,서울특별시 영등포구 신길동,서울특별시 영등포구 영등포로 365 (신길동),판매시설,판매시설,1020119182,지번
1156011100102740000,서울특별시 영등포구 당산동1가,서울특별시 영등포구 양산로 130-1 (당산동1가),근린생활1,제1종근린생활시설,102017971,지번
1156012100100770001,서울특별시 영등포구 문래동3가,서울특별시 영등포구 선유로 64 (문래동3가),근린생활1,제1종근린생활시설,10201100193595,지번
1156011300102600000,서울특별시 영등포구 당산동3가,서울특별시 영등포구 당산로 118 (당산동3가),근린생활1,제1종근린생활시설,102018771,지번
1156010100106180038,서울특별시 영등포구 영등포동,서울특별시 영등포구 영신로 29 (영등포동),근린생활2,제2종근린생활시설,102012706,지번
1156010700101230000,서울특별시 영등포구 영등포동6가,서울특별시 영등포구 영등포로33길 9-1 (영등포동6가),근린생활2,제2종근린생활시설,102015765,지번
1156011800100810003,서울특별시 영등포구 도림동,서울특별시 영등포구 도신로 139-7 (도림동),근린생활1,제1종근린생활시설,1020111129,지번
1156012100100290010,서울특별시 영등포구 문래동3가,서울특별시 영등포구 문래로 153-1 (문래동3가),근린생활1,제1종근린생활시설,1020114112,지번
1156010800100700006,서울특별시 영등포구 영등포동7가,서울특별시 영등포구 영중로 95 (영등포동7가),근린생활2,제2종근린생활시설,102016090,지번
1156011800101120006,서울특별시 영등포구 도림동,서울특별시 영등포구 도신로29가길 5-2 (도림동),근린생활1,제1종근린생활시설,1020111283,지번
1156012100100020000,서울특별시 영등포구 문래동3가,서울특별시 영등포구 영신로 83 (문래동3가),근린생활1,제1종근린생활시설,1020113919,지번
1156013300110520045,서울특별시 영등포구 대림동,서울특별시 영등포구 도림로31길 2 (대림동),근린생활1,제1종근린생활시설,1020134138,지번
1156011600103380006,서울특별시 영등포구 당산동6가,서울특별시 영등포구 양평로 66-1 (당산동6가),근린생활2,제2종근린생활시설,1020110127,지번
1156012700100770007,서울특별시 영등포구 양평동3가,서울특별시 영등포구 선유로 192-1 (양평동3가),근린생활1,제1종근린생활시설,1020116851,지번
1156012300100140000,서울특별시 영등포구 문래동5가,서울특별시 영등포구 선유로9나길 8 (문래동5가),근린생활1,공동주택,1020115284,지번
1156012300100140000,서울특별시 영등포구 문래동5가,서울특별시 영등포구 선유로9나길 8 (문래동5가),근린생활1,공동주택,1020115285,지번
1156012300100140000,서울특별시 영등포구 문래동5가,서울특별시 영등포구 선유로9나길 12 (문래동5가),근린생활1,제1종근린생활시설,1020115286,지번
1156012300100140000,서울특별시 영등포구 문래동5가,서울특별시 영등포구 선유로9나길 8 (문래동5가),근린생활1,공동주택,1020115287,지번
1156013300108100031,서울특별시 영등포구 대림동,서울특별시 영등포구 대림로29길 37-4 (대림동),근린생활2,제2종근린생활시설,1020131686,지번
1156011600103170000,서울특별시 영등포구 당산동6가,서울특별시 영등포구 당산로 243 (당산동6가),근린생활1,제1종근린생활시설,1020110069,지번
1156011400100320082,서울특별시 영등포구 당산동4가,서울특별시 영등포구 당산로36길 9-4 (당산동4가),근린생활2,제2종근린생활시설,10201100196414,지번
1156012800101010003,서울특별시 영등포구 양평동4가,서울특별시 영등포구 양평로21길 1 (양평동4가),근린생활1,제1종근린생활시설,1020117189,지번
1156013200101600007,서울특별시 영등포구 신길동,서울특별시 영등포구 도신로53길 16 (신길동),근린생활2,제2종근린생활시설,1020120157,지번
1156010100106180211,서울특별시 영등포구 영등포동,서울특별시 영등포구 영신로19길 10 (영등포동),근린생활2,제2종근린생활시설,102012777,지번
1156013300107200001,서울특별시 영등포구 대림동,서울특별시 영등포구 대림로 179 (대림동),근린생활2,제2종근린생활시설,1020130828,지번
1156013300107790010,서울특별시 영등포구 대림동,서울특별시 영등포구 가마산로 343 (대림동),근린생활2,제2종근린생활시설,1020131427,지번
1156013300107790010,서울특별시 영등포구 대림동,서울특별시 영등포구 가마산로 343 (대림동),근린생활2,업무시설,1020131431,지번
1156011600103490011,서울특별시 영등포구 당산동6가,서울특별시 영등포구 양평로12가길 8 (당산동6가),근린생활2,제2종근린생활시설,10201100235632,지번
1156012400100540000,서울특별시 영등포구 문래동6가,서울특별시 영등포구 문래로 38 (문래동6가),근린생활2,제2종근린생활시설,1020115413,지번
1156012400100540000,서울특별시 영등포구 문래동6가,서울특별시 영등포구 문래로8길 5 (문래동6가),근린생활2,공동주택,1020115414,지번
1156012400100540000,서울특별시 영등포구 문래동6가,서울특별시 영등포구 문래로8길 5 (문래동6가),근린생활2,공동주택,1020115415,지번
1156013300110570070,서울특별시 영등포구 대림동,서울특별시 영등포구 도림로38길 7-1 (대림동),근린생활2,제2종근린생활시설,10201100217076,지번
1156011200100320004,서울특별시 영등포구 당산동2가,서울특별시 영등포구 영등포로 97 (당산동2가),근린생활2,제2종근린생활시설,102018252,지번
1156012500100130031,서울특별시 영등포구 양평동1가,서울특별시 영등포구 선유로 81 (양평동1가),근린생활1,제1종근린생활시설,1020115566,지번
1156011400100320026,서울특별시 영등포구 당산동4가,서울특별시 영등포구 당산로38길 13-7 (당산동4가),근린생활2,제2종근린생활시설,102019279,지번
1156011900100910000,서울특별시 영등포구 문래동1가,서울특별시 영등포구 경인로74길 6 (문래동1가),근린생활2,제2종근린생활시설,1020113525,지번
1156013300110570031,서울특별시 영등포구 대림동,서울특별시 영등포구 도림로38길 6 (대림동),근린생활2,제2종근린생활시설,1000000000000006496095,지번
1156011600103260002,서울특별시 영등포구 당산동6가,서울특별시 영등포구 당산로49길 8 (당산동6가),근린생활1,제1종근린생활시설,1020110077,지번
1156011800101170036,서울특별시 영등포구 도림동,서울특별시 영등포구 도신로29길 16 (도림동),근린생활1,제1종근린생활시설,1020111329,지번
1156013300107380011,서울특별시 영등포구 대림동,서울특별시 영등포구 대림로35나길 23 (대림동),근린생활2,제2종근린생활시설,1020130987,지번
1156012800100270004,서울특별시 영등포구 양평동4가,서울특별시 영등포구 양평로 77 (양평동4가),근린생활1,제1종근린생활시설,1020117074,지번
1156010100105850029,서울특별시 영등포구 영등포동,서울특별시 영등포구 신길로62길 3-1 (영등포동),근린생활1,제1종근린생활시설,102012420,지번
1156012800100980005,서울특별시 영등포구 양평동4가,서울특별시 영등포구 양평로 115 (양평동4가),근린생활1,제1종근린생활시설,1020117182,지번
1156012500101060001,서울특별시 영등포구 양평동1가,서울특별시 영등포구 선유로28길 4 (양평동1가),근린생활1,제1종근린생활시설,1020115694,지번
1156011900100820001,서울특별시 영등포구 문래동1가,서울특별시 영등포구 경인로74길 7-4 (문래동1가),근린생활2,제2종근린생활시설,1020113492,지번
1156011300104390001,서울특별시 영등포구 당산동3가,서울특별시 영등포구 당산로27길 20 (당산동3가),근린생활1,제2종근린생활시설,1000000000000006851800,본번
1156011500100230000,서울특별시 영등포구 당산동5가,서울특별시 영등포구 당산로45길 2-1 (당산동5가),근린생활2,제2종근린생활시설,102019690,지번
1156012200100070005,서울특별시 영등포구 문래동4가,서울특별시 영등포구 도림로 469-1 (문래동4가),근린생활2,제2종근린생활시설,1020114564,지번
1156011800101330001,서울특별시 영등포구 도림동,서울특별시 영등포구 도신로29길 13 (도림동),근린생활1,제1종근린생활시설,1020111455,지번
1156013200103400011,서울특별시 영등포구 신길동,서울특별시 영등포구 신길로23길 12 (신길동),근린생활1,제1종근린생활시설,1020123856,지번
1156013300110510009,서울특별시 영등포구 대림동,서울특별시 영등포구 도림로 127 (대림동),근린생활2,제2종근린생활시설,1020134099,지번
1156011400100880000,서울특별시 영등포구 당산동4가,서울특별시 영등포구 당산로41길 23 (당산동4가),근린생활1,공동주택,102019562,지번
1156011400100880000,서울특별시 영등포구 당산동4가,서울특별시 영등포구 당산로41길 23 (당산동4가),근린생활1,공동주택,102019563,지번
1156011400100880000,서울특별시 영등포구 당산동4가,서울특별시 영등포구 당산로41길 23 (당산동4가),근린생활1,공동주택,102019564,지번
1156011400100880000,서울특별시 영등포구 당산동4가,서울특별시 영등포구 당산로41길 25 (당산동4가),근린생활1,제1종근린생활시설,102019565,지번
1156011400100880000,서울특별시 영등포구 당산동4가,서울특별시 영등포구 당산로41길 23 (당산동4가),근린생활1,공동주택,102019566,지번
1156011400100880000,서울특별시 영등포구 당산동4가,서울특별시 영등포구 당산로41길 23 (당산동4가),근린생활1,공동주택,102019567,지번
1156011400100880000,서울특별시 영등포구 당산동4가,서울특별시 영등포구 당산로41길 23 (당산동4가),근린생활1,공동주택,102019568,지번
1156012700100780019,서울특별시 영등포구 양평동3가,서울특별시 영등포구 선유동2로 15-1 (양평동3가),근린생활1,제1종근린생활시설,1020116917,지번
1156010100106200133,서울특별시 영등포구 영등포동,서울특별시 영등포구 영신로9길 4 (영등포동),근린생활1,제1종근린생활시설,102012948,지번
1156012800100680001,서울특별시 영등포구 양평동4가,서울특별시 영등포구 양평로 99 (양평동4가),근린생활1,제1종근린생활시설,10201100181546,지번
1156011800100800034,서울특별시 영등포구 도림동,서울특별시 영등포구 도신로 129 (도림동),근린생활1,제1종근린생활시설,1020111126,지번
1156013200140800000,서울특별시 영등포구 신길동,서울특별시 영등포구 대방천로 223 (신길동),근린생활1,제1종근린생활시설,1020128430,지번
1156013200143260000,서울특별시 영등포구 신길동,서울특별시 영등포구 여의대방로 87 (신길동),근린생활2,제2종근린생활시설,1020128604,지번
1156013200108010000,서울특별시 영등포구 신길동,서울특별시 영등포구 가마산로89길 5 (신길동),근린생활2,제2종근린생활시설,1020126207,지번
1156012000100120005,서울특별시 영등포구 문래동2가,서울특별시 영등포구 도림로129길 5 (문래동2가),근린생활1,제1종근린생활시설,1020113578,지번
1156012900100570001,서울특별시 영등포구 양평동5가,서울특별시 영등포구 양평로 126 (양평동5가),근린생활2,제2종근린생활시설,1020117687,지번
1156013200145780000,서울특별시 영등포구 신길동,서울특별시 영등포구 대방천로12길 5 (신길동),근린생활1,제1종근린생활시설,1020128749,지번
1156013300107190002,서울특별시 영등포구 대림동,서울특별시 영등포구 대림로 165 (대림동),근린생활2,제2종근린생활시설,1020130824,지번
1156013200101370020,서울특별시 영등포구 신길동,서울특별시 영등포구 도신로60길 22-3 (신길동),근린생활1,제1종근린생활시설,1020119557,지번
1156010800100940412,서울특별시 영등포구 영등포동7가,서울특별시 영등포구 버드나루로 80 (영등포동7가),근린생활2,제2종근린생활시설,102016274,지번
1156013200144500000,서울특별시 영등포구 신길동,서울특별시 영등포구 여의대방로 81-1 (신길동),근린생활1,제1종근린생활시설,10201100195334,지번
1156013200144500000,서울특별시 영등포구 신길동,서울특별시 영등포구 여의대방로 81-1 (신길동),근린생활1,단독주택,1020128676,지번
1156011400100320105,서울특별시 영등포구 당산동4가,서울특별시 영등포구 국회대로37길 9 (당산동4가),근린생활2,제2종근린생활시설,102019344,지번
1156012000100140050,서울특별시 영등포구 문래동2가,서울특별시 영등포구 도림로133길 5 (문래동2가),근린생활2,제2종근린생활시설,1020113629,지번
1156010500100950000,서울특별시 영등포구 영등포동4가,서울특별시 영등포구 영신로32길 28 (영등포동4가),근린생활1,제1종근린생활시설,102014652,지번
1156010500100950000,서울특별시 영등포구 영등포동4가,서울특별시 영등포구 영신로32길 28 (영등포동4가),근린생활1,제1종근린생활시설,102014653,지번
1156011600103040002,서울특별시 영등포구 당산동6가,서울특별시 영등포구 당산로 233 (당산동6가),근린생활2,제2종근린생활시설,1020110206,지번
1156011100103310000,서울특별시 영등포구 당산동1가,서울특별시 영등포구 당산로18길 3 (당산동1가),근린생활2,제2종근린생활시설,102018038,지번
1156013200102620047,서울특별시 영등포구 신길동,서울특별시 영등포구 가마산로 469-5 (신길동),근린생활1,제1종근린생활시설,1020122356,지번
