PNU,지번주소,도로명주소,용도군_tier1,대장_주용도,mgmBldrgstPk,매칭
1159010200100220113,서울특별시 동작구 상도동,서울특별시 동작구 상도로 247 (상도동),근린생활1,제1종근린생활시설,10211100235737,지번
1159010700101390066,서울특별시 동작구 사당동,서울특별시 동작구 동작대로27길 9 (사당동),근린생활2,제2종근린생활시설,102118927,지번
1159010500101810018,서울특별시 동작구 흑석동,서울특별시 동작구 흑석로 109 (흑석동),근린생활2,제2종근린생활시설,1021119305,지번
1159010800103870024,서울특별시 동작구 대방동,서울특별시 동작구 대방동15길 22 (대방동),근린생활2,제2종근린생활시설,1021122411,지번
1159010200103700002,서울특별시 동작구 상도동,서울특별시 동작구 상도로 181 (상도동),근린생활1,제1종근린생활시설,102118395,지번
1159010200102350037,서울특별시 동작구 상도동,서울특별시 동작구 성대로29길 1 (상도동),근린생활1,제1종근린생활시설,1021118128,지번
1159010200100270012,서울특별시 동작구 상도동,서울특별시 동작구 상도로 214 (상도동),근린생활2,제2종근린생활시설,1021110914,지번
1159010200101290006,서울특별시 동작구 상도동,서울특별시 동작구 상도로 400 (상도동),근린생활2,제2종근린생활시설,1021110010,지번
1159010200100260036,서울특별시 동작구 상도동,서울특별시 동작구 상도로 210 (상도동),근린생활1,제1종근린생활시설,1021113134,지번
1159010200102560043,서울특별시 동작구 상도동,서울특별시 동작구 성대로 46 (상도동),근린생활1,제1종근린생활시설,1021118390,지번
1159010200100260011,서울특별시 동작구 상도동,서울특별시 동작구 상도로 219 (상도동),근린생활2,제2종근린생활시설,1021119898,지번
1159010200100270027,서울특별시 동작구 상도동,서울특별시 동작구 상도로 222 (상도동),근린생활1,제1종근린생활시설,1021124785,지번
1159010200102560042,서울특별시 동작구 상도동,서울특별시 동작구 성대로 42 (상도동),근린생활1,제1종근린생활시설,1021127198,지번
1159010800103850012,서울특별시 동작구 대방동,서울특별시 동작구 여의대방로36길 5 (대방동),근린생활2,제2종근린생활시설,1021114225,지번
1159010900103470031,서울특별시 동작구 신대방동,서울특별시 동작구 여의대방로24길 140 (신대방동),근린생활1,제1종근린생활시설,102119854,지번
1159010500101840005,서울특별시 동작구 흑석동,서울특별시 동작구 흑석로 107 (흑석동),근린생활2,제2종근린생활시설,102111421,지번
1159010300106560000,서울특별시 동작구 상도1동,서울특별시 동작구 상도로41가길 22 (상도1동),근린생활1,단독주택,102111912,지번
1159010300106560000,서울특별시 동작구 상도1동,서울특별시 동작구 상도로41가길 22 (상도1동),근린생활1,제1종근린생활시설,102111913,지번
1159010200103270015,서울특별시 동작구 상도동,서울특별시 동작구 상도로 89 (상도동),근린생활1,제1종근린생활시설,1021115884,지번
1159010700103170001,서울특별시 동작구 사당동,서울특별시 동작구 사당로16길 21 (사당동),근린생활2,제2종근린생활시설,1021113856,지번
1159010200102090023,서울특별시 동작구 상도동,서울특별시 동작구 양녕로25길 2 (상도동),근린생활2,제2종근린생활시설,1021123632,지번
1159010200104670002,서울특별시 동작구 상도동,서울특별시 동작구 상도로37길 62 (상도동),근린생활2,제2종근린생활시설,10211100188151,지번
1159010900103470013,서울특별시 동작구 신대방동,서울특별시 동작구 보라매로 106 (신대방동),근린생활2,제2종근린생활시설,102119267,지번
1159010800104050011,서울특별시 동작구 대방동,서울특별시 동작구 보라매로 113 (대방동),근린생활2,제2종근린생활시설,1021131100,지번
1159010700110200040,서울특별시 동작구 사당동,서울특별시 동작구 사당로30길 90 (사당동),근린생활2,제2종근린생활시설,1021114229,지번
1159010700101410189,서울특별시 동작구 사당동,서울특별시 동작구 사당로29가길 39 (사당동),근린생활2,제2종근린생활시설,1021111692,지번
1159010700103230003,서울특별시 동작구 사당동,서울특별시 동작구 사당로 245 (사당동),근린생활2,제2종근린생활시설,1021114420,지번
1159010200104450000,서울특별시 동작구 상도동,서울특별시 동작구 양녕로23길 9 (상도동),근린생활1,제1종근린생활시설,102111123,지번
1159010200104450000,서울특별시 동작구 상도동,서울특별시 동작구 양녕로23길 9 (상도동),근린생활1,공동주택,102111124,지번
1159010200104450000,서울특별시 동작구 상도동,서울특별시 동작구 양녕로23길 9 (상도동),근린생활1,공동주택,102111125,지번
1159010100101510028,서울특별시 동작구 노량진동,서울특별시 동작구 노량진로 171-2 (노량진동),근린생활2,제2종근린생활시설,1021126692,지번
1159010800103850014,서울특별시 동작구 대방동,서울특별시 동작구 여의대방로 196 (대방동),근린생활1,제1종근린생활시설,1021122725,지번
1159010700102130009,서울특별시 동작구 사당동,서울특별시 동작구 사당로 170 (사당동),근린생활2,제2종근린생활시설,1021115854,지번
1159010700101440005,서울특별시 동작구 사당동,서울특별시 동작구 사당로 301 (사당동),근린생활1,제1종근린생활시설,1021117445,지번
1159010700110510035,서울특별시 동작구 사당동,서울특별시 동작구 남부순환로259길 21 (사당동),근린생활2,제2종근린생활시설,10211100196092,지번
1159010700110310028,서울특별시 동작구 사당동,서울특별시 동작구 동작대로 25 (사당동),근린생활1,제1종근린생활시설,102116791,지번
1159010800103960006,서울특별시 동작구 대방동,서울특별시 동작구 대방동1길 21 (대방동),근린생활2,제2종근린생활시설,10211100197032,지번
1159010900106900001,서울특별시 동작구 신대방동,서울특별시 동작구 대림로 44 (신대방동),근린생활1,제1종근린생활시설,1021121317,지번
1159010100102440054,서울특별시 동작구 노량진동,서울특별시 동작구 노량진로12길 27-12 (노량진동),근린생활2,제2종근린생활시설,1021112037,지번
1159010100101000001,서울특별시 동작구 노량진동,서울특별시 동작구 노량진로 158 (노량진동),근린생활2,제2종근린생활시설,1021118084,지번
1159010200102040017,서울특별시 동작구 상도동,서울특별시 동작구 장승배기로 35 (상도동),근린생활2,제2종근린생활시설,1021121042,지번
1159010100100750002,서울특별시 동작구 노량진동,서울특별시 동작구 노량진로 154-1 (노량진동),근린생활2,제2종근린생활시설,1021127422,지번
1159010700102240026,서울특별시 동작구 사당동,서울특별시 동작구 솔밭로 106 (사당동),근린생활2,제2종근린생활시설,1021127841,지번
1159010200103200013,서울특별시 동작구 상도동,서울특별시 동작구 상도로 87 (상도동),근린생활2,제2종근린생활시설,1021121007,지번
1159010900103610048,서울특별시 동작구 신대방동,서울특별시 동작구 여의대방로22길 74 (신대방동),근린생활1,제1종근린생활시설,1021122011,지번
1159010200103680050,서울특별시 동작구 상도동,서울특별시 동작구 장승배기로 76 (상도동),근린생활1,제1종근린생활시설,1021127094,지번
1159010200104750002,서울특별시 동작구 상도동,서울특별시 동작구 상도로 352 (상도동),근린생활2,제2종근린생활시설,102119100,지번
1159010700102260007,서울특별시 동작구 사당동,서울특별시 동작구 솔밭로 103 (사당동),근린생활2,제2종근린생활시설,1021116905,지번
1159010200104630003,서울특별시 동작구 상도동,서울특별시 동작구 상도로37길 52 (상도동),근린생활2,제2종근린생활시설,10211100189324,지번
1159010100101260006,서울특별시 동작구 노량진동,서울특별시 동작구 만양로14가길 22 (노량진동),근린생활2,제2종근린생활시설,1021117735,지번
1159010200100170061,서울특별시 동작구 상도동,서울특별시 동작구 만양로2길 2 (상도동),근린생활1,제1종근린생활시설,1021123910,지번
1159010700101410032,서울특별시 동작구 사당동,서울특별시 동작구 사당로29가길 41 (사당동),근린생활1,제1종근린생활시설,1021111394,지번
1159010200103240002,서울특별시 동작구 상도동,서울특별시 동작구 상도로 88 (상도동),근린생활2,제2종근린생활시설,1021111825,지번
1159010700100880003,서울특별시 동작구 사당동,서울특별시 동작구 동작대로29길 8 (사당동),근린생활1,제1종근린생활시설,1021118279,지번
1159010700110320049,서울특별시 동작구 사당동,서울특별시 동작구 동작대로3길 28 (사당동),근린생활1,제1종근린생활시설,1021118740,지번
1159010800104070024,서울특별시 동작구 대방동,서울특별시 동작구 여의대방로24길 73 (대방동),근린생활1,제1종근린생활시설,1021111702,지번
1159010700110190045,서울특별시 동작구 사당동,서울특별시 동작구 동작대로 51 (사당동),근린생활2,제2종근린생활시설,1021113843,지번
1159010700100840005,서울특별시 동작구 사당동,서울특별시 동작구 동작대로 151 (사당동),근린생활2,제2종근린생활시설,1021114003,지번
1159010100100700015,서울특별시 동작구 노량진동,서울특별시 동작구 노량진로 152 (노량진동),근린생활1,제1종근린생활시설,1021119541,지번
1159010700110320001,서울특별시 동작구 사당동,서울특별시 동작구 동작대로7길 19 (사당동),근린생활1,제1종근린생활시설,1021123379,지번
1159010200104690000,서울특별시 동작구 상도동,서울특별시 동작구 상도로62길 105 (상도동),근린생활1,제1종근린생활시설,1021123556,지번
1159010300106220000,서울특별시 동작구 상도1동,서울특별시 동작구 양녕로 279 (상도1동),근린생활1,제1종근린생활시설,1021127297,지번
1159010700100590009,서울특별시 동작구 사당동,서울특별시 동작구 동작대로29길 154 (사당동),근린생활1,제1종근린생활시설,10211100198672,지번
1159010700101390071,서울특별시 동작구 사당동,서울특별시 동작구 동작대로27가길 11 (사당동),근린생활2,제2종근린생활시설,1021114898,지번
1159010100101480023,서울특별시 동작구 노량진동,서울특별시 동작구 만양로18길 41 (노량진동),근린생활2,제2종근린생활시설,1021110561,지번
1159010700110320045,서울특별시 동작구 사당동,서울특별시 동작구 동작대로7길 49 (사당동),근린생활2,제2종근린생활시설,1021121350,지번
1159010800100370002,서울특별시 동작구 대방동,서울특별시 동작구 등용로 119 (대방동),근린생활2,제2종근린생활시설,1021112722,지번
1159010100102020001,서울특별시 동작구 노량진동,서울특별시 동작구 만양로14길 60 (노량진동),근린생활2,제2종근린생활시설,1021117933,지번
1159010700110430013,서울특별시 동작구 사당동,서울특별시 동작구 동작대로 7 (사당동),근린생활1,제1종근린생활시설,1021125056,지번
1159010700110450008,서울특별시 동작구 사당동,서울특별시 동작구 남부순환로 2061 (사당동),근린생활2,제2종근린생활시설,1021119064,지번
1159010100100620007,서울특별시 동작구 노량진동,서울특별시 동작구 노량진로 132 (노량진동),근린생활1,제1종근린생활시설,1021121507,지번
1159010900106860002,서울특별시 동작구 신대방동,서울특별시 동작구 대림로 55 (신대방동),근린생활1,제1종근린생활시설,102115698,지번
1159010300107070001,서울특별시 동작구 상도1동,서울특별시 동작구 양녕로 253-8 (상도1동),근린생활2,제2종근린생활시설,1021115982,지번
1159010200103150022,서울특별시 동작구 상도동,서울특별시 동작구 성대로2길 7 (상도동),근린생활2,제2종근린생활시설,1021128860,지번
1159010100100520014,서울특별시 동작구 노량진동,서울특별시 동작구 장승배기로26길 15 (노량진동),근린생활2,제2종근린생활시설,1021114268,지번
1159010200101540022,서울특별시 동작구 상도동,서울특별시 동작구 상도로34나길 18 (상도동),근린생활2,제2종근린생활시설,10211100191691,지번
1159010200103680011,서울특별시 동작구 상도동,서울특별시 동작구 상도로 180 (상도동),근린생활2,제2종근린생활시설,102119759,지번
1159010100101480065,서울특별시 동작구 노량진동,서울특별시 동작구 만양로18길 11 (노량진동),근린생활2,제2종근린생활시설,1021130855,지번
1159010100100850012,서울특별시 동작구 노량진동,서울특별시 동작구 노량진로14가길 10 (노량진동),근린생활2,제2종근린생활시설,1021120698,지번
1159010100101200002,서울특별시 동작구 노량진동,서울특별시 동작구 만양로 85 (노량진동),근린생활1,제1종근린생활시설,1021123155,지번
1159010900103440041,서울특별시 동작구 신대방동,서울특별시 동작구 보라매로 65 (신대방동),근린생활2,제2종근린생활시설,1021129545,지번
1159010400101900003,서울특별시 동작구 본동,서울특별시 동작구 매봉로 173 (본동),근린생활2,제1종근린생활시설,102113195,지번
1159010400101900003,서울특별시 동작구 본동,서울특별시 동작구 노량진로18길 36 (본동),근린생활2,제2종근린생활시설,102113196,지번
1159010100101260014,서울특별시 동작구 노량진동,서울특별시 동작구 만양로18길 14 (노량진동),근린생활1,제1종근린생활시설,102119302,지번
1159010700110460011,서울특별시 동작구 사당동,서울특별시 동작구 남부순환로 2057 (사당동),근린생활1,제1종근린생활시설,10211100215385,지번
1159010900106920009,서울특별시 동작구 신대방동,서울특별시 동작구 대림로 24 (신대방동),근린생활1,제1종근린생활시설,10211100218585,지번
1159010700110380051,서울특별시 동작구 사당동,서울특별시 동작구 동작대로7길 56 (사당동),근린생활2,제2종근린생활시설,1021113808,지번
1159010500101810011,서울특별시 동작구 흑석동,서울특별시 동작구 흑석로 111 (흑석동),근린생활1,제1종근린생활시설,102111419,지번
1159010200103650002,서울특별시 동작구 상도동,서울특별시 동작구 상도로 174 (상도동),근린생활1,제1종근린생활시설,1021114989,지번
1159010700101410047,서울특별시 동작구 사당동,서울특별시 동작구 사당로29가길 8 (사당동),근린생활2,제2종근린생활시설,1021118922,지번
1159010300106380002,서울특별시 동작구 상도1동,서울특별시 동작구 양녕로 282-1 (상도1동),근린생활1,제1종근린생활시설,1021119228,지번
1159010800103360012,서울특별시 동작구 대방동,서울특별시 동작구 상도로 78 (대방동),근린생활1,제1종근린생활시설,102118286,지번
1159010900103500002,서울특별시 동작구 신대방동,서울특별시 동작구 보라매로 101 (신대방동),근린생활2,제2종근린생활시설,1021124825,지번
1159010900103470002,서울특별시 동작구 신대방동,서울특별시 동작구 국사봉길 12 (신대방동),근린생활1,제1종근린생활시설,1021110787,지번
1159010200104630002,서울특별시 동작구 상도동,서울특별시 동작구 상도로47길 4 (상도동),근린생활2,제2종근린생활시설,1021111351,지번
1159010900106020015,서울특별시 동작구 신대방동,서울특별시 동작구 신대방길 88 (신대방동),근린생활2,제2종근린생활시설,1021112234,지번
1159010800103410002,서울특별시 동작구 대방동,서울특별시 동작구 노량진로 4 (대방동),근린생활2,교육연구시설,1021118457,지번
1159010900106180127,서울특별시 동작구 신대방동,서울특별시 동작구 신대방2길 9 (신대방동),근린생활1,제1종근린생활시설,102119846,지번
1159010100101190143,서울특별시 동작구 노량진동,서울특별시 동작구 만양로 98 (노량진동),근린생활2,제2종근린생활시설,10211100238146,지번
1159010100102170043,서울특별시 동작구 노량진동,서울특별시 동작구 만양로 41 (노량진동),근린생활2,제2종근린생활시설,1021110750,지번
1159010100102320142,서울특별시 동작구 노량진동,서울특별시 동작구 장승배기로 142-1 (노량진동),근린생활2,제2종근린생활시설,1021113667,지번
1159010100103100064,서울특별시 동작구 노량진동,서울특별시 동작구 장승배기로 98 (노량진동),근린생활1,제1종근린생활시설,1021115714,지번
1159010100100420011,서울특별시 동작구 노량진동,서울특별시 동작구 노량진로 116 (노량진동),근린생활1,제1종근린생활시설,1021118513,지번
1159010100102660023,서울특별시 동작구 노량진동,서울특별시 동작구 등용로14길 71 (노량진동),근린생활2,제2종근린생활시설,1021118619,지번
1159010100101180005,서울특별시 동작구 노량진동,서울특별시 동작구 만양로 100 (노량진동),근린생활2,제2종근린생활시설,1021119417,지번
1159010100102210044,서울특별시 동작구 노량진동,서울특별시 동작구 만양로 69 (노량진동),근린생활1,제1종근린생활시설,1021121300,지번
1159010100100460006,서울특별시 동작구 노량진동,서울특별시 동작구 노량진로 120 (노량진동),근린생활2,교육연구시설,102112699,지번
1159010100100460006,서울특별시 동작구 노량진동,서울특별시 동작구 노량진로 120 (노량진동),근린생활2,교육연구시설,102112700,지번
1159010100100460006,서울특별시 동작구 노량진동,서울특별시 동작구 노량진로 120 (노량진동),근린생활2,제2종근린생활시설,102112701,지번
1159010100102190057,서울특별시 동작구 노량진동,서울특별시 동작구 만양로 59 (노량진동),근린생활2,제2종근린생활시설,1021129741,지번
1159010500100530005,서울특별시 동작구 흑석동,서울특별시 동작구 서달로14라길 8 (흑석동),근린생활1,제1종근린생활시설,102114922,지번
1159010100103120006,서울특별시 동작구 노량진동,서울특별시 동작구 장승배기로 113 (노량진동),근린생활1,제2종근린생활시설,102113951,지번
1159010100103120006,서울특별시 동작구 노량진동,서울특별시 동작구 장승배기로 113 (노량진동),근린생활1,제1종근린생활시설,102113952,지번
1159010200104940013,서울특별시 동작구 상도동,서울특별시 동작구 상도로60길 2 (상도동),근린생활2,제2종근린생활시설,1021111393,지번
1159010300106770000,서울특별시 동작구 상도1동,서울특별시 동작구 양녕로 271 (상도1동),근린생활1,제1종근린생활시설,1021119942,지번
1159010100102320143,서울특별시 동작구 노량진동,서울특별시 동작구 장승배기로 142 (노량진동),근린생활2,제2종근린생활시설,1021129125,지번
1159010100102350002,서울특별시 동작구 노량진동,서울특별시 동작구 장승배기로 145 (노량진동),근린생활1,제1종근린생활시설,102117223,지번
1159010100102240028,서울특별시 동작구 노량진동,서울특별시 동작구 만양로 71 (노량진동),근린생활2,제2종근린생활시설,102118024,지번
1159010800103440001,서울특별시 동작구 대방동,서울특별시 동작구 여의대방로54길 14 (대방동),근린생활1,제1종근린생활시설,1021126228,지번
1159010900103750001,서울특별시 동작구 신대방동,서울특별시 동작구 여의대방로 122 (신대방동),근린생활1,제1종근린생활시설,1021122456,지번
1159010200105060003,서울특별시 동작구 상도동,서울특별시 동작구 사당로 32-1 (상도동),근린생활1,제1종근린생활시설,10211100239246,지번
1159010200100070087,서울특별시 동작구 상도동,서울특별시 동작구 흑석로 20 (상도동),근린생활2,제2종근린생활시설,1021112204,지번
1159010900103440016,서울특별시 동작구 신대방동,서울특별시 동작구 보라매로 89 (신대방동),근린생활2,제2종근린생활시설,1021129854,지번
1159010200105020004,서울특별시 동작구 상도동,서울특별시 동작구 사당로 18 (상도동),근린생활1,제1종근린생활시설,1021117906,지번
1159010200100070084,서울특별시 동작구 상도동,서울특별시 동작구 흑석로 22 (상도동),근린생활2,제2종근린생활시설,1021125683,지번
1159010200105010009,서울특별시 동작구 상도동,서울특별시 동작구 사당로 4 (상도동),근린생활1,제1종근린생활시설,1021127681,지번
1159010700100880018,서울특별시 동작구 사당동,서울특별시 동작구 동작대로29가길 6 (사당동),근린생활2,제2종근린생활시설,1021130187,지번
1159010700103000008,서울특별시 동작구 사당동,서울특별시 동작구 사당로16아길 6 (사당동),근린생활1,제1종근린생활시설,1021116243,지번
1159010500101820005,서울특별시 동작구 흑석동,서울특별시 동작구 흑석로 112 (흑석동),근린생활2,제2종근린생활시설,1021117052,지번
1159010900106070009,서울특별시 동작구 신대방동,서울특별시 동작구 시흥대로 644 (신대방동),근린생활1,제1종근린생활시설,1021124171,지번
1159010900106070009,서울특별시 동작구 신대방동,서울특별시 동작구 시흥대로 644 (신대방동),근린생활1,제1종근린생활시설,1021129751,지번
1159010100102290102,서울특별시 동작구 노량진동,서울특별시 동작구 장승배기로20길 6 (노량진동),근린생활1,제1종근린생활시설,1021128082,지번
1159010700110020002,서울특별시 동작구 사당동,서울특별시 동작구 사당로 272 (사당동),근린생활1,제1종근린생활시설,10211100181934,지번
1159010200102070005,서울특별시 동작구 상도동,서울특별시 동작구 장승배기로 4 (상도동),근린생활2,제2종근린생활시설,10211100187090,지번
1159010700110190042,서울특별시 동작구 사당동,서울특별시 동작구 동작대로 53 (사당동),근린생활1,제1종근린생활시설,1021110152,지번
1159010700110310037,서울특별시 동작구 사당동,서울특별시 동작구 동작대로7길 5 (사당동),근린생활2,제2종근린생활시설,1021117886,지번
1159010700102060116,서울특별시 동작구 사당동,서울특별시 동작구 사당로2가길 203 (사당동),근린생활2,제2종근린생활시설,10211100193932,지번
1159010700103240002,서울특별시 동작구 사당동,서울특별시 동작구 사당로 261 (사당동),근린생활2,제2종근린생활시설,10211100198572,지번
1159010200100220056,서울특별시 동작구 상도동,서울특별시 동작구 상도로 241 (상도동),판매시설,판매시설,102111263,지번
1159010200100220042,서울특별시 동작구 상도동,서울특별시 동작구 상도로 237 (상도동),근린생활1,제1종근린생활시설,1021113227,지번
1159010700100860008,서울특별시 동작구 사당동,서울특별시 동작구 동작대로 139 (사당동),근린생활1,제1종근린생활시설,10211100189772,지번
1159010700101780016,서울특별시 동작구 사당동,서울특별시 동작구 사당로27길 237 (사당동),근린생활1,제1종근린생활시설,10211100240086,지번
1159010700103230005,서울특별시 동작구 사당동,서울특별시 동작구 사당로 243 (사당동),근린생활1,제1종근린생활시설,10211100217365,지번
1159010200102010073,서울특별시 동작구 상도동,서울특별시 동작구 장승배기로 33 (상도동),근린생활2,제2종근린생활시설,1021111630,지번
1159010200102020256,서울특별시 동작구 상도동,서울특별시 동작구 성대로29길 2 (상도동),근린생활1,제1종근린생활시설,1021113246,지번
1159010700101730028,서울특별시 동작구 사당동,서울특별시 동작구 사당로23길 164 (사당동),근린생활1,제1종근린생활시설,1021115239,지번
1159010200100200014,서울특별시 동작구 상도동,서울특별시 동작구 만양로 16 (상도동),근린생활2,제2종근린생활시설,1021116222,지번
1159010700102490084,서울특별시 동작구 사당동,서울특별시 동작구 사당로 200 (사당동),근린생활2,제2종근린생활시설,1021112640,지번
1159010200102560041,서울특별시 동작구 상도동,서울특별시 동작구 성대로 40 (상도동),근린생활1,제1종근린생활시설,1021115229,지번
1159010200101250009,서울특별시 동작구 상도동,서울특별시 동작구 상도로 406-1 (상도동),근린생활2,제2종근린생활시설,1021114928,지번
1159010200102100124,서울특별시 동작구 상도동,서울특별시 동작구 양녕로 184-1 (상도동),근린생활2,제2종근린생활시설,1021122293,지번
1159010700102130004,서울특별시 동작구 사당동,서울특별시 동작구 사당로 166 (사당동),근린생활2,제2종근린생활시설,1021122488,지번
1159010200101910005,서울특별시 동작구 상도동,서울특별시 동작구 상도로 142 (상도동),근린생활2,제2종근린생활시설,1021123665,지번
1159010200101900003,서울특별시 동작구 상도동,서울특별시 동작구 상도로 136 (상도동),근린생활2,제2종근린생활시설,1021123721,지번
1159010700110490010,서울특별시 동작구 사당동,서울특별시 동작구 남부순환로 2023 (사당동),근린생활1,제1종근린생활시설,1021129715,지번
1159010200101290008,서울특별시 동작구 상도동,서울특별시 동작구 상도로 398 (상도동),근린생활2,제2종근린생활시설,102115605,지번
1159010700102080003,서울특별시 동작구 사당동,서울특별시 동작구 사당로 161 (사당동),근린생활2,제2종근린생활시설,1021119601,지번
1159010200105020005,서울특별시 동작구 상도동,서울특별시 동작구 사당로 16 (상도동),근린생활2,제2종근린생활시설,102118511,지번
1159010700102650059,서울특별시 동작구 사당동,서울특별시 동작구 사당로 230-1 (사당동),근린생활1,제1종근린생활시설,1021125972,지번
1159010200101880005,서울특별시 동작구 상도동,서울특별시 동작구 상도로 145 (상도동),근린생활2,제2종근린생활시설,1021127934,지번
1159010300106780000,서울특별시 동작구 상도1동,서울특별시 동작구 양녕로 269-1 (상도1동),근린생활2,제2종근린생활시설,1021127980,지번
1159010200103630111,서울특별시 동작구 상도동,서울특별시 동작구 등용로 17 (상도동),근린생활2,제2종근린생활시설,1021110902,지번
1159010200102010155,서울특별시 동작구 상도동,서울특별시 동작구 장승배기로 34 (상도동),근린생활2,제2종근린생활시설,1021129920,지번
1159010200101900009,서울특별시 동작구 상도동,서울특별시 동작구 상도로 132 (상도동),근린생활1,제1종근린생활시설,1021130750,지번
1159010200103550007,서울특별시 동작구 상도동,서울특별시 동작구 상도로 124 (상도동),근린생활2,제2종근린생활시설,1021112653,지번
1159010700110490007,서울특별시 동작구 사당동,서울특별시 동작구 남부순환로 2021 (사당동),근린생활2,제2종근린생활시설,1021131195,지번
1159010700107080817,서울특별시 동작구 사당동,서울특별시 동작구 사당로17길 75 (사당동),근린생활2,제2종근린생활시설,102115782,지번
1159010200103550009,서울특별시 동작구 상도동,서울특별시 동작구 상도로 126 (상도동),근린생활2,제2종근린생활시설,1021114779,지번
1159010200104750001,서울특별시 동작구 상도동,서울특별시 동작구 상도로 350 (상도동),근린생활2,제2종근린생활시설,1021115820,지번
1159010200103660005,서울특별시 동작구 상도동,,근린생활1,제1종근린생활시설,102111587,지번
1159010200103660005,서울특별시 동작구 상도동,,근린생활1,제2종근린생활시설,102111588,지번
1159010200103660005,서울특별시 동작구 상도동,,근린생활1,제2종근린생활시설,102111589,지번
1159010200103660005,서울특별시 동작구 상도동,,근린생활1,제1종근린생활시설,102111590,지번
1159010200103540014,서울특별시 동작구 상도동,서울특별시 동작구 상도로 125-1 (상도동),근린생활2,제2종근린생활시설,1021116567,지번
1159010700110060007,서울특별시 동작구 사당동,서울특별시 동작구 동작대로23길 25 (사당동),근린생활1,제1종근린생활시설,102116327,지번
1159010200100320017,서울특별시 동작구 상도동,서울특별시 동작구 상도로 240 (상도동),근린생활2,제2종근린생활시설,1021123723,지번
1159010200103450008,서울특별시 동작구 상도동,서울특별시 동작구 상도로 106 (상도동),근린생활2,제2종근린생활시설,1021121864,지번
1159010200100320040,서울특별시 동작구 상도동,서울특별시 동작구 상도로 242 (상도동),근린생활2,제2종근린생활시설,1021123067,지번
1159010200100290087,서울특별시 동작구 상도동,서울특별시 동작구 상도로 230 (상도동),근린생활1,제1종근린생활시설,1021123749,지번
1159010500101000009,서울특별시 동작구 흑석동,서울특별시 동작구 서달로 163 (흑석동),근린생활1,제1종근린생활시설,1021110137,지번
1159010200104670003,서울특별시 동작구 상도동,서울특별시 동작구 상도로 333 (상도동),근린생활2,제2종근린생활시설,1021125622,지번
1159010200103460007,서울특별시 동작구 상도동,서울특별시 동작구 성대로 3 (상도동),근린생활1,제1종근린생활시설,1021125974,지번
1159010200104760002,서울특별시 동작구 상도동,서울특별시 동작구 상도로 340 (상도동),근린생활2,제2종근린생활시설,1021127471,지번
1159010700103240014,서울특별시 동작구 사당동,서울특별시 동작구 사당로 253-3 (사당동),근린생활1,제1종근린생활시설,102116129,지번
1159010200101250023,서울특별시 동작구 상도동,서울특별시 동작구 상도로 408 (상도동),근린생활2,제2종근린생활시설,102116718,지번
1159010700111330000,서울특별시 동작구 사당동,서울특별시 동작구 사당로23바길 9 (사당동),근린생활1,노유자시설,1021121839,지번
1159010700111330000,서울특별시 동작구 사당동,서울특별시 동작구 사당로23바길 9 (사당동),근린생활1,제1종근린생활시설,102113669,지번
1159010700111330000,서울특별시 동작구 사당동,서울특별시 동작구 사당로23바길 9 (사당동),근린생활1,공동주택,102113670,지번
1159010700111330000,서울특별시 동작구 사당동,서울특별시 동작구 사당로23바길 9 (사당동),근린생활1,공동주택,102113671,지번
1159010700111330000,서울특별시 동작구 사당동,서울특별시 동작구 사당로23바길 9 (사당동),근린생활1,공동주택,102113672,지번
1159010700111330000,서울특별시 동작구 사당동,서울특별시 동작구 사당로23바길 9 (사당동),근린생활1,공동주택,102113673,지번
1159010700111330000,서울특별시 동작구 사당동,서울특별시 동작구 사당로23바길 9 (사당동),근린생활1,공동주택,102113674,지번
1159010700111330000,서울특별시 동작구 사당동,서울특별시 동작구 사당로23바길 9 (사당동),근린생활1,공동주택,102113675,지번
1159010700111330000,서울특별시 동작구 사당동,서울특별시 동작구 사당로23바길 9 (사당동),근린생활1,공동주택,102113676,지번
1159010700111330000,서울특별시 동작구 사당동,서울특별시 동작구 사당로23바길 9 (사당동),근린생활1,공동주택,102113677,지번
1159010700111330000,서울특별시 동작구 사당동,서울특별시 동작구 사당로23바길 9 (사당동),근린생활1,공동주택,102113678,지번
1159010700111330000,서울특별시 동작구 사당동,서울특별시 동작구 사당로23바길 9 (사당동),근린생활1,공동주택,102113679,지번
1159010700111330000,서울특별시 동작구 사당동,서울특별시 동작구 사당로23바길 9 (사당동),근린생활1,공동주택,102113680,지번
1159010700111330000,서울특별시 동작구 사당동,서울특별시 동작구 사당로23바길 9 (사당동),근린생활1,공동주택,102113681,지번
1159010700111330000,서울특별시 동작구 사당동,서울특별시 동작구 사당로23바길 9 (사당동),근린생활1,공동주택,102113682,지번
1159010700111330000,서울특별시 동작구 사당동,서울특별시 동작구 사당로23바길 9 (사당동),근린생활1,공동주택,102113683,지번
1159010700111330000,서울특별시 동작구 사당동,서울특별시 동작구 사당로23바길 9 (사당동),근린생활1,공동주택,102113684,지번
1159010700111330000,서울특별시 동작구 사당동,서울특별시 동작구 사당로23바길 9 (사당동),근린생활1,공동주택,102113685,지번
1159010700111330000,서울특별시 동작구 사당동,서울특별시 동작구 사당로23바길 9 (사당동),근린생활1,공동주택,102113686,지번
1159010700111330000,서울특별시 동작구 사당동,서울특별시 동작구 사당로23바길 9 (사당동),근린생활1,공동주택,102113687,지번
1159010700101470053,서울특별시 동작구 사당동,서울특별시 동작구 동작대로 89 (사당동),근린생활1,제1종근린생활시설,1021129842,지번
1159010800103950018,서울특별시 동작구 대방동,서울특별시 동작구 상도로 47 (대방동),근린생활2,제2종근린생활시설,10211100216966,지번
1159010800103950018,서울특별시 동작구 대방동,서울특별시 동작구 상도로 47 (대방동),근린생활2,제2종근린생활시설,102118102,지번
1159010500101900031,서울특별시 동작구 흑석동,서울특별시 동작구 흑석로 85-9 (흑석동),근린생활2,단독주택,1021110245,지번
1159010500101900031,서울특별시 동작구 흑석동,서울특별시 동작구 흑석로 85-9 (흑석동),근린생활2,제2종근린생활시설,1021110246,지번
1159010700110310027,서울특별시 동작구 사당동,서울특별시 동작구 동작대로 21 (사당동),근린생활2,제2종근린생활시설,1021110795,지번
1159010200103540020,서울특별시 동작구 상도동,서울특별시 동작구 상도로 129 (상도동),근린생활2,제2종근린생활시설,1021128077,지번
1159010200100290004,서울특별시 동작구 상도동,서울특별시 동작구 상도로 226 (상도동),근린생활2,제2종근린생활시설,1021128407,지번
1159010300103730000,서울특별시 동작구 상도1동,서울특별시 동작구 상도로 309 (상도1동),근린생활2,제2종근린생활시설,102118565,지번
1159010100101190064,서울특별시 동작구 노량진동,서울특별시 동작구 노량진로16길 31 (노량진동),근린생활1,제1종근린생활시설,1021111484,지번
1159010200104630005,서울특별시 동작구 상도동,서울특별시 동작구 상도로 325 (상도동),근린생활1,제1종근린생활시설,1021130115,지번
1159010200102020118,서울특별시 동작구 상도동,서울특별시 동작구 성대로 199 (상도동),근린생활1,제1종근린생활시설,102118926,지번
1159010200101830051,서울특별시 동작구 상도동,서울특별시 동작구 상도로26가길 11 (상도동),근린생활2,제2종근린생활시설,10211100181853,지번
1159010200102350036,서울특별시 동작구 상도동,서울특별시 동작구 성대로 169 (상도동),근린생활1,제1종근린생활시설,102119424,지번
1159010200104730001,서울특별시 동작구 상도동,서울특별시 동작구 상도로56길 8-8 (상도동),근린생활2,제2종근린생활시설,10211100208176,지번
1159010400101600000,서울특별시 동작구 본동,서울특별시 동작구 매봉로 182 (본동),근린생활1,제1종근린생활시설,10211100186550,지번
1159010200104270000,서울특별시 동작구 상도동,서울특별시 동작구 상도로53길 65 (상도동),근린생활2,제2종근린생활시설,102119488,지번
1159010200104680002,서울특별시 동작구 상도동,서울특별시 동작구 상도로 336 (상도동),근린생활2,제2종근린생활시설,102118992,지번
1159010900107220000,서울특별시 동작구 신대방동,서울특별시 동작구 여의대방로20길 73 (신대방동),근린생활1,운수시설,1000000000000000066370,지번
1159010900107220000,서울특별시 동작구 신대방동,서울특별시 동작구 여의대방로20나길 16 (신대방동),근린생활1,문화및집회시설,10211100188731,지번
1159010900107220000,서울특별시 동작구 신대방동,서울특별시 동작구 여의대방로20길 23 (신대방동),근린생활1,업무시설,10211100229725,지번
1159010900107220000,서울특별시 동작구 신대방동,서울특별시 동작구 여의대방로20길 61 (신대방동),근린생활1,수련시설,102112621,지번
1159010900107220000,서울특별시 동작구 신대방동,서울특별시 동작구 여의대방로20길 61 (신대방동),근린생활1,수련시설,102112622,지번
1159010900107220000,서울특별시 동작구 신대방동,서울특별시 동작구 여의대방로20마길 43 (신대방동),근린생활1,제1종근린생활시설,102112624,지번
1159010900107220000,서울특별시 동작구 신대방동,서울특별시 동작구 여의대방로20길 33 (신대방동),근린생활1,창고시설,102112626,지번
1159010900107220000,서울특별시 동작구 신대방동,서울특별시 동작구 여의대방로20길 33 (신대방동),근린생활1,제1종근린생활시설,102112627,지번
1159010900107220000,서울특별시 동작구 신대방동,서울특별시 동작구 여의대방로20길 33 (신대방동),근린생활1,제1종근린생활시설,102112628,지번
1159010900107220000,서울특별시 동작구 신대방동,서울특별시 동작구 여의대방로20길 69 (신대방동),근린생활1,제1종근린생활시설,102112630,지번
1159010900107220000,서울특별시 동작구 신대방동,서울특별시 동작구 여의대방로20나길 40 (신대방동),근린생활1,노유자시설,102112632,지번
1159010900107220000,서울특별시 동작구 신대방동,서울특별시 동작구 보라매로5길 28-1 (신대방동),근린생활1,문화및집회시설,102112633,지번
1159010900107220000,서울특별시 동작구 신대방동,서울특별시 동작구 여의대방로20길 33 (신대방동),근린생활1,제1종근린생활시설,102112634,지번
1159010900107220000,서울특별시 동작구 신대방동,서울특별시 동작구 여의대방로20길 33 (신대방동),근린생활1,제1종근린생활시설,102112637,지번
1159010900107220000,서울특별시 동작구 신대방동,서울특별시 동작구 여의대방로20길 33 (신대방동),근린생활1,제1종근린생활시설,102112638,지번
1159010900107220000,서울특별시 동작구 신대방동,서울특별시 동작구 여의대방로20길 33 (신대방동),근린생활1,제1종근린생활시설,102112645,지번
1159010900107220000,서울특별시 동작구 신대방동,서울특별시 동작구 여의대방로20길 33 (신대방동),근린생활1,제1종근린생활시설,102112647,지번
1159010900107220000,서울특별시 동작구 신대방동,서울특별시 동작구 여의대방로20다길 22 (신대방동),근린생활1,제1종근린생활시설,102112650,지번
1159010200100340008,서울특별시 동작구 상도동,서울특별시 동작구 상도로 252 (상도동),근린생활2,제2종근린생활시설,102119561,지번
1159010200103520001,서울특별시 동작구 상도동,서울특별시 동작구 상도로 119 (상도동),근린생활1,제1종근린생활시설,102119777,지번
1159010200104680001,서울특별시 동작구 상도동,서울특별시 동작구 상도로 334 (상도동),근린생활2,제2종근린생활시설,102119951,지번
1159010100101000003,서울특별시 동작구 노량진동,서울특별시 동작구 노량진로16길 10 (노량진동),근린생활2,제2종근린생활시설,1021127536,지번
1159010100101200003,서울특별시 동작구 노량진동,서울특별시 동작구 만양로 83 (노량진동),근린생활2,제2종근린생활시설,1021111347,지번
1159010800103960005,서울특별시 동작구 대방동,서울특별시 동작구 상도로 33 (대방동),근린생활2,제2종근린생활시설,102117652,지번
1159010900103750015,서울특별시 동작구 신대방동,서울특별시 동작구 여의대방로22길 4 (신대방동),근린생활2,제2종근린생활시설,1021112356,지번
1159010100102150140,서울특별시 동작구 노량진동,서울특별시 동작구 만양로 42-1 (노량진동),근린생활2,제2종근린생활시설,1021113492,지번
1159010300106330025,서울특별시 동작구 상도1동,서울특별시 동작구 양녕로 276-20 (상도1동),근린생활1,제1종근린생활시설,1021110427,지번
1159010700102190003,서울특별시 동작구 사당동,서울특별시 동작구 사당로 181-2 (사당동),근린생활2,제2종근린생활시설,10211100189300,지번
1159010100102240003,서울특별시 동작구 노량진동,서울특별시 동작구 만양로13길 17 (노량진동),근린생활2,제2종근린생활시설,1021119646,지번
1159010100101260001,서울특별시 동작구 노량진동,서울특별시 동작구 만양로18길 24 (노량진동),근린생활2,제2종근린생활시설,102116238,지번
1159010100101170012,서울특별시 동작구 노량진동,서울특별시 동작구 만양로 112 (노량진동),근린생활1,제1종근린생활시설,102119103,지번
1159010200102080008,서울특별시 동작구 상도동,서울특별시 동작구 장승배기로 7 (상도동),근린생활2,제2종근린생활시설,102119640,지번
1159010700100390016,서울특별시 동작구 사당동,서울특별시 동작구 동작대로35길 12 (사당동),근린생활1,제1종근린생활시설,1021131405,지번
1159010200102500006,서울특별시 동작구 상도동,서울특별시 동작구 성대로 23 (상도동),근린생활2,제2종근린생활시설,102119487,지번
1159010200102040072,서울특별시 동작구 상도동,서울특별시 동작구 장승배기로 48 (상도동),근린생활1,제1종근린생활시설,102119859,지번
1159010700101440016,서울특별시 동작구 사당동,서울특별시 동작구 동작대로25길 41 (사당동),근린생활1,제1종근린생활시설,1021114375,지번
1159010700102270002,서울특별시 동작구 사당동,서울특별시 동작구 솔밭로 98 (사당동),근린생활1,제1종근린생활시설,1021116588,지번
1159010900107110000,서울특별시 동작구 신대방동,서울특별시 동작구 여의대방로10길 59 (신대방동),근린생활1,공동주택,102112594,지번
1159010900107110000,서울특별시 동작구 신대방동,서울특별시 동작구 여의대방로10길 59 (신대방동),근린생활1,공동주택,102112595,지번
1159010900107110000,서울특별시 동작구 신대방동,서울특별시 동작구 여의대방로10길 59 (신대방동),근린생활1,공동주택,102112596,지번
1159010900107110000,서울특별시 동작구 신대방동,서울특별시 동작구 여의대방로10길 59 (신대방동),근린생활1,공동주택,102112597,지번
1159010900107110000,서울특별시 동작구 신대방동,서울특별시 동작구 여의대방로10길 59 (신대방동),근린생활1,제1종근린생활시설,102112598,지번
1159010900107110000,서울특별시 동작구 신대방동,서울특별시 동작구 여의대방로10길 59 (신대방동),근린생활1,공동주택,102112599,지번
1159010900107110000,서울특별시 동작구 신대방동,서울특별시 동작구 여의대방로10길 59 (신대방동),근린생활1,공동주택,102112600,지번
1159010200103730020,서울특별시 동작구 상도동,서울특별시 동작구 장승배기로10길 17 (상도동),근린생활1,제1종근린생활시설,1021118992,지번
1159010200105020007,서울특별시 동작구 상도동,서울특별시 동작구 사당로 12-1 (상도동),근린생활1,제1종근린생활시설,1021117604,지번
1159010200105050005,서울특별시 동작구 상도동,서울특별시 동작구 사당로 22 (상도동),근린생활2,제2종근린생활시설,1021118628,지번
1159010200105010001,서울특별시 동작구 상도동,서울특별시 동작구 사당로 8 (상도동),근린생활2,제2종근린생활시설,1021119786,지번
1159010200104950007,서울특별시 동작구 상도동,서울특별시 동작구 상도로 386 (상도동),근린생활2,제2종근린생활시설,1021122961,지번
1159010200104860007,서울특별시 동작구 상도동,서울특별시 동작구 상도로 353 (상도동),근린생활1,제1종근린생활시설,1021125495,지번
1159010900103610092,서울특별시 동작구 신대방동,서울특별시 동작구 여의대방로22길 88 (신대방동),근린생활2,제2종근린생활시설,1021110931,지번
1159010900103440034,서울특별시 동작구 신대방동,서울특별시 동작구 보라매로 75 (신대방동),근린생활2,제2종근린생활시설,1021117580,지번
1159010400102210001,서울특별시 동작구 본동,서울특별시 동작구 노량진로 233 (본동),근린생활2,제2종근린생활시설,1021117926,지번
1159010400103590003,서울특별시 동작구 본동,서울특별시 동작구 노량진로 225 (본동),근린생활2,제2종근린생활시설,1021118521,지번
1159010900103490006,서울특별시 동작구 신대방동,서울특별시 동작구 여의대방로22길 138 (신대방동),근린생활1,제1종근린생활시설,1021124769,지번
1159010900103610059,서울특별시 동작구 신대방동,서울특별시 동작구 여의대방로22길 86 (신대방동),근린생활1,제1종근린생활시설,1021125806,지번
1159010400101630008,서울특별시 동작구 본동,서울특별시 동작구 매봉로 178 (본동),근린생활2,제2종근린생활시설,102116231,지번
1159010500101840021,서울특별시 동작구 흑석동,서울특별시 동작구 흑석로 101-5 (흑석동),근린생활2,제2종근린생활시설,1021115367,지번
1159010200103510012,서울특별시 동작구 상도동,서울특별시 동작구 상도로15나길 2 (상도동),근린생활1,제1종근린생활시설,1021124039,지번
1159010700101370018,서울특별시 동작구 사당동,서울특별시 동작구 동작대로27가길 21 (사당동),근린생활2,제2종근린생활시설,102117185,지번
1159010200104360000,서울특별시 동작구 상도동,서울특별시 동작구 상도로53길 13 (상도동),근린생활1,제1종근린생활시설,1021128986,지번
1159010200101560007,서울특별시 동작구 상도동,서울특별시 동작구 상도로30길 72 (상도동),근린생활2,제2종근린생활시설,1021125199,지번
1159010900106860003,서울특별시 동작구 신대방동,서울특별시 동작구 대림로 53 (신대방동),근린생활2,제2종근린생활시설,1021125541,지번
1159010900106920010,서울특별시 동작구 신대방동,서울특별시 동작구 대림로 22 (신대방동),근린생활2,제2종근린생활시설,1021125636,지번
1159010900106900015,서울특별시 동작구 신대방동,서울특별시 동작구 대림로 36 (신대방동),근린생활2,제2종근린생활시설,1021128681,지번
1159010300107420001,서울특별시 동작구 상도1동,서울특별시 동작구 상도로 280 (상도1동),근린생활2,제2종근린생활시설,1021111735,지번
1159010300102600000,서울특별시 동작구 상도1동,서울특별시 동작구 상도로 317 (상도1동),근린생활2,제2종근린생활시설,102117618,지번
1159010900105880002,서울특별시 동작구 신대방동,서울특별시 동작구 시흥대로 668 (신대방동),근린생활2,제2종근린생활시설,102118138,지번
1159010200101980066,서울특별시 동작구 상도동,서울특별시 동작구 성대로29길 57 (상도동),근린생활1,제1종근린생활시설,1021112771,지번
1159010500101840014,서울특별시 동작구 흑석동,서울특별시 동작구 흑석로11길 4 (흑석동),근린생활1,제1종근린생활시설,1021121193,지번
1159010100100850014,서울특별시 동작구 노량진동,서울특별시 동작구 노량진로14나길 6 (노량진동),근린생활2,제2종근린생활시설,1021129696,지번
1159010900106900002,서울특별시 동작구 신대방동,서울특별시 동작구 대림로 42 (신대방동),근린생활1,제1종근린생활시설,1021113938,지번
1159010500101110001,서울특별시 동작구 흑석동,서울특별시 동작구 현충로 80 (흑석동),근린생활2,제2종근린생활시설,1021114111,지번
1159010900106920054,서울특별시 동작구 신대방동,서울특별시 동작구 대림로 10 (신대방동),근린생활2,제2종근린생활시설,1021114211,지번
1159010100100410005,서울특별시 동작구 노량진동,서울특별시 동작구 노량진로 110 (노량진동),근린생활1,제1종근린생활시설,1021115166,지번
1159010900106940012,서울특별시 동작구 신대방동,서울특별시 동작구 대림로 33 (신대방동),근린생활2,제2종근린생활시설,1021122395,지번
1159010100101250015,서울특별시 동작구 노량진동,서울특별시 동작구 만양로14가길 16 (노량진동),근린생활2,제2종근린생활시설,1021123446,지번
1159010100100280008,서울특별시 동작구 노량진동,서울특별시 동작구 노량진로6길 2 (노량진동),근린생활1,제1종근린생활시설,1021128765,지번
1159010800103500008,서울특별시 동작구 대방동,서울특별시 동작구 여의대방로44길 20 (대방동),근린생활1,제1종근린생활시설,1021129866,지번
1159010400101650008,서울특별시 동작구 본동,서울특별시 동작구 노량진로 234 (본동),근린생활1,제1종근린생활시설,1021122855,지번
1159010300104810001,서울특별시 동작구 상도1동,서울특별시 동작구 상도로47길 107 (상도1동),근린생활2,제2종근린생활시설,10211100193881,지번
1159010200103460011,서울특별시 동작구 상도동,서울특별시 동작구 성대로1길 3 (상도동),근린생활2,제2종근린생활시설,1021121464,지번
1159010200105020006,서울특별시 동작구 상도동,서울특별시 동작구 사당로 14 (상도동),근린생활2,제2종근린생활시설,102117564,지번
1159010400103940001,서울특별시 동작구 본동,서울특별시 동작구 노량진로 229 (본동),근린생활2,제2종근린생활시설,10211100217025,지번
1159010800104160003,서울특별시 동작구 대방동,서울특별시 동작구 여의대방로24가길 16 (대방동),근린생활1,제1종근린생활시설,1021117563,지번
1159010800103950021,서울특별시 동작구 대방동,서울특별시 동작구 상도로 49 (대방동),근린생활2,제2종근린생활시설,1021127944,지번
1159010100100440011,서울특별시 동작구 노량진동,서울특별시 동작구 노량진로 124 (노량진동),근린생활1,제1종근린생활시설,102118883,지번
1159010700102270020,서울특별시 동작구 사당동,서울특별시 동작구 솔밭로 101-1 (사당동),근린생활2,제2종근린생활시설,1021117420,지번
1159010800103750040,서울특별시 동작구 대방동,서울특별시 동작구 여의대방로36길 30 (대방동),근린생활2,제2종근린생활시설,1021119673,지번
1159010800100230161,서울특별시 동작구 대방동,서울특별시 동작구 등용로 107 (대방동),근린생활1,제1종근린생활시설,1021120126,지번
1159010200100220107,서울특별시 동작구 상도동,서울특별시 동작구 만양로 7 (상도동),근린생활2,제2종근린생활시설,1021116127,지번
1159010200103250021,서울특별시 동작구 상도동,서울특별시 동작구 상도로 94 (상도동),근린생활1,제1종근린생활시설,1021120424,지번
1159010800103930067,서울특별시 동작구 대방동,서울특별시 동작구 상도로 71 (대방동),근린생활2,제2종근린생활시설,1021120446,지번
1159010300106230000,서울특별시 동작구 상도1동,서울특별시 동작구 양녕로 277-1 (상도1동),근린생활1,제1종근린생활시설,1021121031,지번
1159010800103920001,서울특별시 동작구 대방동,서울특별시 동작구 대방동길 30 (대방동),근린생활2,제2종근린생활시설,1021121232,지번
1159010300107890001,서울특별시 동작구 상도1동,서울특별시 동작구 상도로 289-1 (상도1동),근린생활2,제2종근린생활시설,1021121567,지번
1159010200105070004,서울특별시 동작구 상도동,서울특별시 동작구 상도로61길 72-1 (상도동),근린생활1,제1종근린생활시설,102116583,지번
1159010700103240004,서울특별시 동작구 사당동,서울특별시 동작구 사당로 259 (사당동),근린생활2,제2종근린생활시설,1021122062,지번
1159010700101940007,서울특별시 동작구 사당동,서울특별시 동작구 사당로2가길 151 (사당동),근린생활2,제2종근린생활시설,1021122209,지번
1159010700102060122,서울특별시 동작구 사당동,서울특별시 동작구 사당로 162 (사당동),근린생활2,제2종근린생활시설,1021122333,지번
1159010500101900024,서울특별시 동작구 흑석동,서울특별시 동작구 흑석로13마길 65 (흑석동),근린생활2,제2종근린생활시설,1021125396,지번
1159010800103890023,서울특별시 동작구 대방동,서울특별시 동작구 여의대방로 182-1 (대방동),근린생활2,제2종근린생활시설,1021122458,지번
1159010800103860028,서울특별시 동작구 대방동,서울특별시 동작구 여의대방로36길 10 (대방동),근린생활2,제2종근린생활시설,1021122838,지번
1159010200103470010,서울특별시 동작구 상도동,서울특별시 동작구 상도로 114 (상도동),근린생활2,제2종근린생활시설,1021122922,지번
1159010200105010005,서울특별시 동작구 상도동,서울특별시 동작구 상도로 379 (상도동),근린생활1,제1종근린생활시설,1021123517,지번
1159010300105830000,서울특별시 동작구 상도1동,서울특별시 동작구 흑석로 7-1 (상도1동),근린생활2,제2종근린생활시설,1021124167,지번
1159010200103580001,서울특별시 동작구 상도동,서울특별시 동작구 상도로15길 98 (상도동),근린생활2,제2종근린생활시설,1021127805,지번
1159010200102040077,서울특별시 동작구 상도동,서울특별시 동작구 장승배기로 44 (상도동),근린생활2,제2종근린생활시설,1021124344,지번
1159010700110070047,서울특별시 동작구 사당동,서울특별시 동작구 동작대로 73 (사당동),근린생활,근린생활시설,1021126354,지번
1159010700102190034,서울특별시 동작구 사당동,서울특별시 동작구 사당로 177 (사당동),근린생활2,제2종근린생활시설,1021126617,지번
1159010300107230002,서울특별시 동작구 상도1동,서울특별시 동작구 양녕로 248 (상도1동),근린생활1,제1종근린생활시설,1021126894,지번
1159010800103350016,서울특별시 동작구 대방동,서울특별시 동작구 상도로 83 (대방동),근린생활2,제2종근린생활시설,1021126993,지번
1159010800100170023,서울특별시 동작구 대방동,서울특별시 동작구 등용로 84-1 (대방동),근린생활1,제1종근린생활시설,1021127000,지번
1159010700102650002,서울특별시 동작구 사당동,서울특별시 동작구 사당로 235 (사당동),근린생활1,제1종근린생활시설,1021127257,지번
1159010200103640009,서울특별시 동작구 상도동,서울특별시 동작구 등용로 7 (상도동),근린생활1,제1종근린생활시설,1021128257,지번
1159010700110470031,서울특별시 동작구 사당동,서울특별시 동작구 남부순환로 2043 (사당동),근린생활2,제2종근린생활시설,1021128953,지번
1159010800100170021,서울특별시 동작구 대방동,서울특별시 동작구 등용로 86-1 (대방동),근린생활2,제2종근린생활시설,1021130265,지번
1159010300107990002,서울특별시 동작구 상도1동,서울특별시 동작구 상도로 292 (상도1동),근린생활2,제2종근린생활시설,1021129529,지번
1159010700100860001,서울특별시 동작구 사당동,서울특별시 동작구 동작대로 141 (사당동),근린생활2,제2종근린생활시설,1021129624,지번
1159010300106820000,서울특별시 동작구 상도1동,서울특별시 동작구 양녕로 265 (상도1동),근린생활1,제1종근린생활시설,1021130924,지번
1159010800103350025,서울특별시 동작구 대방동,서울특별시 동작구 상도로 73 (대방동),근린생활2,제2종근린생활시설,102115524,지번
1159010300105370000,서울특별시 동작구 상도1동,서울특별시 동작구 매봉로 42 (상도1동),근린생활2,제2종근린생활시설,102116093,지번
1159010200100200008,서울특별시 동작구 상도동,서울특별시 동작구 만양로 12 (상도동),근린생활2,제2종근린생활시설,102117063,지번
1159010700110300020,서울특별시 동작구 사당동,서울특별시 동작구 동작대로 43 (사당동),근린생활1,제1종근린생활시설,102117307,지번
1159010800103850013,서울특별시 동작구 대방동,서울특별시 동작구 여의대방로36길 1 (대방동),근린생활1,제1종근린생활시설,102117313,지번
1159010300105850000,서울특별시 동작구 상도1동,서울특별시 동작구 흑석로 7 (상도1동),근린생활2,제2종근린생활시설,102117375,지번
1159010800103810039,서울특별시 동작구 대방동,서울특별시 동작구 여의대방로36길 18 (대방동),근린생활2,제2종근린생활시설,102117890,지번
1159010700102570010,서울특별시 동작구 사당동,서울특별시 동작구 사당로17길 35 (사당동),근린생활2,제2종근린생활시설,102118369,지번
1159010700102060121,서울특별시 동작구 사당동,서울특별시 동작구 사당로 160 (사당동),근린생활2,제2종근린생활시설,102119310,지번
1159010700110070046,서울특별시 동작구 사당동,서울특별시 동작구 동작대로 77 (사당동),근린생활1,제1종근린생활시설,102118594,지번
1159010300107530000,서울특별시 동작구 상도1동,서울특별시 동작구 상도로 277 (상도1동),근린생활1,제1종근린생활시설,102119483,지번
1159010800100110009,서울특별시 동작구 대방동,서울특별시 동작구 등용로 60 (대방동),근린생활1,제1종근린생활시설,102119693,지번
1159010800103410003,서울특별시 동작구 대방동,서울특별시 동작구 노량진로 2 (대방동),근린생활2,제2종근린생활시설,102119842,지번
1159010300105360000,서울특별시 동작구 상도1동,서울특별시 동작구 매봉로 40 (상도1동),근린생활2,제2종근린생활시설,102119903,지번
1159010700102080010,서울특별시 동작구 사당동,서울특별시 동작구 사당로 157-2 (사당동),근린생활1,제1종근린생활시설,1021122285,지번
1159010800103970010,서울특별시 동작구 대방동,서울특별시 동작구 상도로 21 (대방동),근린생활2,제2종근린생활시설,10211100188952,지번
1159010800103960023,서울특별시 동작구 대방동,서울특별시 동작구 상도로 37 (대방동),근린생활2,제2종근린생활시설,10211100198862,지번
1159010800104020025,서울특별시 동작구 대방동,서울특별시 동작구 상도로 28-1 (대방동),근린생활2,제2종근린생활시설,10211100221305,지번
1159010800103950003,서울특별시 동작구 대방동,서울특별시 동작구 상도로 45 (대방동),근린생활2,제2종근린생활시설,1021112586,지번
1159010800104050014,서울특별시 동작구 대방동,서울특별시 동작구 상도로 64 (대방동),근린생활2,제2종근린생활시설,1021112937,지번
1159010800104010031,서울특별시 동작구 대방동,서울특별시 동작구 상도로 12 (대방동),근린생활1,제1종근린생활시설,102111532,지번
1159010800104040010,서울특별시 동작구 대방동,서울특별시 동작구 상도로 52 (대방동),근린생활1,제1종근린생활시설,1021119430,지번
1159010800104020008,서울특별시 동작구 대방동,서울특별시 동작구 상도로 24 (대방동),근린생활1,제1종근린생활시설,1021122389,지번
1159010800104030020,서울특별시 동작구 대방동,서울특별시 동작구 상도로 40 (대방동),근린생활2,제2종근린생활시설,1021126395,지번
1159010800104040008,서울특별시 동작구 대방동,서울특별시 동작구 상도로 48 (대방동),근린생활2,제2종근린생활시설,1021126419,지번
1159010800104060006,서울특별시 동작구 대방동,서울특별시 동작구 보라매로 112 (대방동),근린생활1,제1종근린생활시설,102117751,지번
1159010800104170002,서울특별시 동작구 대방동,서울특별시 동작구 여의대방로 134-1 (대방동),근린생활1,제1종근린생활시설,102115414,지번
1159010800104170002,서울특별시 동작구 대방동,서울특별시 동작구 여의대방로 134-1 (대방동),근린생활1,제1종근린생활시설,102115415,지번
1159010800103980002,서울특별시 동작구 대방동,서울특별시 동작구 상도로 13 (대방동),근린생활2,제2종근린생활시설,102119475,지번
1159010700101750025,서울특별시 동작구 사당동,서울특별시 동작구 사당로23길 181 (사당동),근린생활1,제1종근린생활시설,1021131062,지번
1159010700100380004,서울특별시 동작구 사당동,서울특별시 동작구 동작대로 163 (사당동),근린생활2,제2종근린생활시설,102116415,지번
1159010200103280007,서울특별시 동작구 상도동,서울특별시 동작구 상도로 93 (상도동),근린생활1,제1종근린생활시설,10211100211516,지번
1159010700110320017,서울특별시 동작구 사당동,서울특별시 동작구 동작대로5길 13 (사당동),근린생활2,제2종근린생활시설,1021120022,지번
1159010900103490024,서울특별시 동작구 신대방동,서울특별시 동작구 여의대방로22길 132 (신대방동),근린생활2,제2종근린생활시설,1021120475,지번
1159010900106070043,서울특별시 동작구 신대방동,서울특별시 동작구 시흥대로 644-1 (신대방동),근린생활1,제1종근린생활시설,1021120483,지번
1159010900103570026,서울특별시 동작구 신대방동,서울특별시 동작구 여의대방로22길 106 (신대방동),근린생활1,제1종근린생활시설,1021127762,지번
1159010900103610057,서울특별시 동작구 신대방동,서울특별시 동작구 여의대방로22길 80 (신대방동),근린생활2,제2종근린생활시설,102117239,지번
1159010900103610066,서울특별시 동작구 신대방동,서울특별시 동작구 여의대방로22길 73 (신대방동),판매시설,판매시설,102117962,지번
1159010800103890022,서울특별시 동작구 대방동,서울특별시 동작구 여의대방로 184 (대방동),근린생활2,제2종근린생활시설,10211100186771,지번
1159010200103630064,서울특별시 동작구 상도동,서울특별시 동작구 등용로 15 (상도동),근린생활2,제2종근린생활시설,10211100188492,지번
1159010200102040005,서울특별시 동작구 상도동,서울특별시 동작구 장승배기로 21-1 (상도동),근린생활2,제2종근린생활시설,10211100188672,지번
1159010200100200018,서울특별시 동작구 상도동,서울특별시 동작구 만양로 14 (상도동),근린생활2,제2종근린생활시설,10211100189540,지번
1159010800103890021,서울특별시 동작구 대방동,서울특별시 동작구 여의대방로 186 (대방동),근린생활2,제2종근린생활시설,10211100190091,지번
1159010200100270014,서울특별시 동작구 상도동,서울특별시 동작구 상도로 218 (상도동),근린생활1,제1종근린생활시설,10211100193912,지번
1159010200100260027,서울특별시 동작구 상도동,서울특별시 동작구 상도로 217-4 (상도동),근린생활2,제2종근린생활시설,10211100204676,지번
1159010200100270013,서울특별시 동작구 상도동,서울특별시 동작구 상도로 216 (상도동),근린생활1,제1종근린생활시설,10211100205496,지번
1159010800100170050,서울특별시 동작구 대방동,서울특별시 동작구 여의대방로36길 103 (대방동),근린생활2,제2종근린생활시설,10211100209457,지번
1159010800100170032,서울특별시 동작구 대방동,서울특별시 동작구 등용로 89 (대방동),근린생활2,제2종근린생활시설,10211100212147,지번
1159010900106450008,서울특별시 동작구 신대방동,서울특별시 동작구 신대방길 18 (신대방동),근린생활1,제1종근린생활시설,1021118268,지번
1159010700101410177,서울특별시 동작구 사당동,서울특별시 동작구 사당로29가길 47 (사당동),근린생활2,제2종근린생활시설,1021119833,지번
1159010200100220108,서울특별시 동작구 상도동,서울특별시 동작구 만양로 5 (상도동),근린생활1,제1종근린생활시설,10211100213078,지번
1159010200100220108,서울특별시 동작구 상도동,서울특별시 동작구 만양로 5-1 (상도동),근린생활1,제2종근린생활시설,10211100246254,지번
1159010700110010033,서울특별시 동작구 사당동,서울특별시 동작구 사당로 268 (사당동),근린생활2,제2종근린생활시설,1021112676,지번
1159010200100330001,서울특별시 동작구 상도동,서울특별시 동작구 상도로 254 (상도동),근린생활1,제1종근린생활시설,10211100232586,지번
1159010300107710001,서울특별시 동작구 상도1동,서울특별시 동작구 상도로 285 (상도1동),근린생활2,제2종근린생활시설,10211100235446,지번
1159010900106860070,서울특별시 동작구 신대방동,서울특별시 동작구 신대방1가길 77 (신대방동),근린생활1,제1종근린생활시설,10211100183411,지번
1159010200104630001,서울특별시 동작구 상도동,서울특별시 동작구 상도로 323 (상도동),근린생활2,제2종근린생활시설,10211100239988,지번
1159010900106860019,서울특별시 동작구 신대방동,서울특별시 동작구 신대방1나길 44-8 (신대방동),근린생활2,제2종근린생활시설,10211100195912,지번
1159010900106900021,서울특별시 동작구 신대방동,서울특별시 동작구 대림로 32 (신대방동),근린생활2,제2종근린생활시설,10211100199552,지번
1159010200104980000,서울특별시 동작구 상도동,서울특별시 동작구 상도로 396 (상도동),근린생활2,제2종근린생활시설,10211100240306,지번
1159010500102050005,서울특별시 동작구 흑석동,서울특별시 동작구 흑석로 75-1 (흑석동),근린생활2,제2종근린생활시설,10211100229035,지번
1159010300104930000,서울특별시 동작구 상도1동,서울특별시 동작구 흑석로 19 (상도1동),근린생활2,제2종근린생활시설,10211100229767,지번
1159010500100090078,서울특별시 동작구 흑석동,서울특별시 동작구 현충로 99 (흑석동),근린생활2,제2종근린생활시설,10211100235207,지번
1159010900106950013,서울특별시 동작구 신대방동,서울특별시 동작구 신대방1가길 43 (신대방동),근린생활2,제2종근린생활시설,10211100240453,지번
1159010900103420023,서울특별시 동작구 신대방동,서울특별시 동작구 보라매로 80 (신대방동),근린생활2,제2종근린생활시설,1021112506,지번
1159010300103930000,서울특별시 동작구 상도1동,서울특별시 동작구 상도로 299 (상도1동),근린생활1,제1종근린생활시설,1021120390,지번
1159010900105880007,서울특별시 동작구 신대방동,서울특별시 동작구 시흥대로 664-1 (신대방동),근린생활2,제2종근린생활시설,1021115332,지번
1159010800103750002,서울특별시 동작구 대방동,서울특별시 동작구 여의대방로36길 36 (대방동),근린생활2,제2종근린생활시설,1021110168,지번
1159010700102650011,서울특별시 동작구 사당동,서울특별시 동작구 사당로 231 (사당동),근린생활2,제2종근린생활시설,1021110195,지번
1159010500100260002,서울특별시 동작구 흑석동,서울특별시 동작구 현충로 131 (흑석동),근린생활1,제1종근린생활시설,1021116344,지번
1159010900105880003,서울특별시 동작구 신대방동,서울특별시 동작구 시흥대로 664 (신대방동),근린생활1,제1종근린생활시설,1021118733,지번
1159010900106940000,서울특별시 동작구 신대방동,서울특별시 동작구 대림로 43 (신대방동),근린생활2,제2종근린생활시설,1021124355,지번
1159010300102610000,서울특별시 동작구 상도1동,서울특별시 동작구 상도로 315 (상도1동),근린생활2,제2종근린생활시설,1021121892,지번
1159010200103630057,서울특별시 동작구 상도동,서울특별시 동작구 상도로15카길 16 (상도동),근린생활2,제2종근린생활시설,10211100190573,지번
1159010300104890001,서울특별시 동작구 상도1동,서울특별시 동작구 흑석로 14 (상도1동),근린생활2,제2종근린생활시설,1021122064,지번
1159010900106930011,서울특별시 동작구 신대방동,서울특별시 동작구 대림로 23 (신대방동),근린생활,근린생활시설,1021123034,지번
1159010500100090046,서울특별시 동작구 흑석동,서울특별시 동작구 현충로 101 (흑석동),근린생활1,제1종근린생활시설,1021126459,지번
1159010900106930002,서울특별시 동작구 신대방동,서울특별시 동작구 대림로 25 (신대방동),근린생활2,제2종근린생활시설,1021124801,지번
1159010800100230000,서울특별시 동작구 대방동,서울특별시 동작구 등용로 124 (대방동),근린생활2,제2종근린생활시설,1021110625,지번
1159010800100110014,서울특별시 동작구 대방동,서울특별시 동작구 등용로 65 (대방동),근린생활1,제1종근린생활시설,1021110930,지번
1159010700103180008,서울특별시 동작구 사당동,서울특별시 동작구 사당로 244 (사당동),판매시설,판매시설,1021111102,지번
1159010800100170018,서울특별시 동작구 대방동,서울특별시 동작구 등용로 92 (대방동),근린생활1,제1종근린생활시설,1021111417,지번
1159010200104860001,서울특별시 동작구 상도동,서울특별시 동작구 상도로 347 (상도동),근린생활1,제1종근린생활시설,1021111629,지번
1159010700110190046,서울특별시 동작구 사당동,서울특별시 동작구 동작대로 49 (사당동),근린생활2,제2종근린생활시설,1021117316,지번
1159010700107080429,서울특별시 동작구 사당동,서울특별시 동작구 사당로17길 21 (사당동),근린생활2,제2종근린생활시설,1021112390,지번
1159010800103850021,서울특별시 동작구 대방동,서울특별시 동작구 여의대방로 202 (대방동),근린생활2,제2종근린생활시설,1021112561,지번
1159010800103860027,서울특별시 동작구 대방동,서울특별시 동작구 대방동23길 44 (대방동),근린생활2,제2종근린생활시설,1021113218,지번
1159010800100170001,서울특별시 동작구 대방동,서울특별시 동작구 등용로 94 (대방동),근린생활2,제2종근린생활시설,1021113296,지번
1159010700101390084,서울특별시 동작구 사당동,서울특별시 동작구 동작대로27가길 5 (사당동),근린생활2,제2종근린생활시설,1021117508,지번
1159010800100200038,서울특별시 동작구 대방동,서울특별시 동작구 등용로 95-1 (대방동),근린생활2,제2종근린생활시설,1021115039,지번
1159010800100230054,서울특별시 동작구 대방동,서울특별시 동작구 등용로 120 (대방동),근린생활2,제2종근린생활시설,1021115047,지번
1159010200101250008,서울특별시 동작구 상도동,서울특별시 동작구 상도로 406 (상도동),근린생활2,제2종근린생활시설,1021115052,지번
1159010800103530009,서울특별시 동작구 대방동,서울특별시 동작구 알마타길 10 (대방동),근린생활1,제1종근린생활시설,102111525,지번
1159010800103530009,서울특별시 동작구 대방동,서울특별시 동작구 알마타길 10 (대방동),근린생활1,제2종근린생활시설,102111526,지번
1159010800103530009,서울특별시 동작구 대방동,서울특별시 동작구 알마타길 10 (대방동),근린생활1,제1종근린생활시설,102111527,지번
1159010500100430004,서울특별시 동작구 흑석동,서울특별시 동작구 현충로 118 (흑석동),근린생활1,제1종근린생활시설,1021128556,지번
1159010800103890010,서울특별시 동작구 대방동,서울특별시 동작구 여의대방로 186-1 (대방동),근린생활2,제2종근린생활시설,1021116266,지번
1159010300106380001,서울특별시 동작구 상도1동,서울특별시 동작구 양녕로 284 (상도1동),근린생활2,제2종근린생활시설,1021116411,지번
1159010900106860074,서울특별시 동작구 신대방동,서울특별시 동작구 대림로 57 (신대방동),근린생활2,제2종근린생활시설,1021128731,지번
1159010900106940010,서울특별시 동작구 신대방동,서울특별시 동작구 대림로 33-1 (신대방동),근린생활1,제1종근린생활시설,1021130138,지번
1159010900106940005,서울특별시 동작구 신대방동,서울특별시 동작구 대림로 39 (신대방동),근린생활2,제2종근린생활시설,1021130450,지번
1159010900106900008,서울특별시 동작구 신대방동,서울특별시 동작구 대림로 40-1 (신대방동),근린생활2,제2종근린생활시설,1021130771,지번
1159010500101020001,서울특별시 동작구 흑석동,서울특별시 동작구 서달로 167 (흑석동),근린생활2,제2종근린생활시설,1021131015,지번
1159010900103440249,서울특별시 동작구 신대방동,서울특별시 동작구 보라매로 85 (신대방동),근린생활1,제1종근린생활시설,1021131354,지번
1159010700101200000,서울특별시 동작구 사당동,서울특별시 동작구 동작대로29길 77 (사당동),근린생활1,제1종근린생활시설,1021123132,지번
1159010900106870014,서울특별시 동작구 신대방동,서울특별시 동작구 대림로 52 (신대방동),근린생활2,제2종근린생활시설,102113145,지번
1159010900106870014,서울특별시 동작구 신대방동,서울특별시 동작구 대림로 52 (신대방동),근린생활2,제2종근린생활시설,102113146,지번
1159010900106940001,서울특별시 동작구 신대방동,서울특별시 동작구 대림로 41 (신대방동),근린생활2,제2종근린생활시설,102116955,지번
1159010300103180003,서울특별시 동작구 상도1동,서울특별시 동작구 상도로53길 47 (상도1동),근린생활1,제1종근린생활시설,102116430,지번
1159010900106940004,서울특별시 동작구 신대방동,서울특별시 동작구 대림로 39-1 (신대방동),근린생활1,제1종근린생활시설,102118045,지번
1159010300104910001,서울특별시 동작구 상도1동,서울특별시 동작구 흑석로 18 (상도1동),근린생활1,제1종근린생활시설,102118507,지번
1159010900106850012,서울특별시 동작구 신대방동,서울특별시 동작구 대림로 56 (신대방동),근린생활2,제2종근린생활시설,102118662,지번
1159010300103920000,서울특별시 동작구 상도1동,서울특별시 동작구 상도로 297-1 (상도1동),근린생활2,제2종근린생활시설,102119182,지번
1159010500100430096,서울특별시 동작구 흑석동,서울특별시 동작구 현충로 114 (흑석동),근린생활1,제1종근린생활시설,102119289,지번
1159010800104020003,서울특별시 동작구 대방동,서울특별시 동작구 상도로 28 (대방동),근린생활2,제2종근린생활시설,1021111097,지번
1159010200102170010,서울특별시 동작구 상도동,서울특별시 동작구 양녕로 174 (상도동),근린생활2,제2종근린생활시설,1021130872,지번
1159010400101480002,서울특별시 동작구 본동,서울특별시 동작구 매봉로 158 (본동),근린생활1,제1종근린생활시설,102111925,지번
1159010400101480002,서울특별시 동작구 본동,서울특별시 동작구 매봉로 156 (본동),근린생활1,공동주택,102111926,지번
1159010200103670006,서울특별시 동작구 상도동,서울특별시 동작구 상도로26길 19 (상도동),근린생활1,제1종근린생활시설,102114441,지번
1159010200103670006,서울특별시 동작구 상도동,서울특별시 동작구 상도로26길 19 (상도동),근린생활1,제1종근린생활시설,102114442,지번
1159010900104980002,서울특별시 동작구 신대방동,서울특별시 동작구 여의대방로 90 (신대방동),근린생활2,제2종근린생활시설,102113216,지번
1159010700110030040,서울특별시 동작구 사당동,서울특별시 동작구 사당로28길 6 (사당동),근린생활1,제1종근린생활시설,102119807,지번
1159010700110380033,서울특별시 동작구 사당동,서울특별시 동작구 동작대로7길 66 (사당동),근린생활1,제1종근린생활시설,1021120391,지번
1159010100101180017,서울특별시 동작구 노량진동,서울특별시 동작구 만양로14가길 3 (노량진동),근린생활2,제2종근린생활시설,1021121237,지번
1159010100100560024,서울특별시 동작구 노량진동,서울특별시 동작구 장승배기로30길 7 (노량진동),근린생활2,제2종근린생활시설,1021113000,지번
1159010100102580042,서울특별시 동작구 노량진동,서울특별시 동작구 노량진로8길 40 (노량진동),근린생활1,제1종근린생활시설,1021125863,지번
1159010100101530018,서울특별시 동작구 노량진동,서울특별시 동작구 노량진로 187 (노량진동),근린생활1,제1종근린생활시설,1021111433,지번
1159010800103830031,서울특별시 동작구 대방동,서울특별시 동작구 여의대방로 210 (대방동),근린생활2,제2종근린생활시설,1021125028,지번
1159010300106370000,서울특별시 동작구 상도1동,서울특별시 동작구 양녕로 282 (상도1동),근린생활1,제1종근린생활시설,1021113094,지번
1159010800103440002,서울특별시 동작구 대방동,서울특별시 동작구 알마타길 13-15 (대방동),근린생활2,제2종근린생활시설,1021115472,지번
1159010900103440004,서울특별시 동작구 신대방동,서울특별시 동작구 보라매로 87 (신대방동),근린생활2,제2종근린생활시설,1021122336,지번
1159010200100020024,서울특별시 동작구 상도동,서울특별시 동작구 만양로2길 70 (상도동),근린생활2,제2종근린생활시설,1021116020,지번
1159010100100950000,서울특별시 동작구 노량진동,서울특별시 동작구 노량진로16길 16 (노량진동),근린생활2,제2종근린생활시설,102112825,지번
1159010700100820002,서울특별시 동작구 사당동,서울특별시 동작구 동작대로 145 (사당동),근린생활1,제1종근린생활시설,102116205,지번
1159010400103950001,서울특별시 동작구 본동,서울특별시 동작구 노량진로 231 (본동),근린생활2,제2종근린생활시설,1021111057,지번
1159010200100200003,서울특별시 동작구 상도동,서울특별시 동작구 만양로 13 (상도동),근린생활1,제1종근린생활시설,102119783,지번
1159010500100980001,서울특별시 동작구 흑석동,서울특별시 동작구 서달로14가길 20 (흑석동),근린생활1,단독주택,102115001,지번
1159010500100980001,서울특별시 동작구 흑석동,서울특별시 동작구 서달로14가길 20 (흑석동),근린생활1,제1종근린생활시설,102115002,지번
1159010700102850064,서울특별시 동작구 사당동,서울특별시 동작구 사당로16라길 54-8 (사당동),근린생활2,제2종근린생활시설,10211100233729,지번
1159010400100470000,서울특별시 동작구 본동,서울특별시 동작구 노량진로 256 (본동),근린생활1,단독주택,102111964,지번
1159010400100470000,서울특별시 동작구 본동,서울특별시 동작구 노량진로 256 (본동),근린생활1,단독주택,102111965,지번
1159010400100470000,서울특별시 동작구 본동,서울특별시 동작구 노량진로 256 (본동),근린생활1,단독주택,102111966,지번
1159010400100470000,서울특별시 동작구 본동,서울특별시 동작구 노량진로 256 (본동),근린생활1,제1종근린생활시설,1021123915,지번
1159010700100720030,서울특별시 동작구 사당동,서울특별시 동작구 동작대로35길 5 (사당동),근린생활2,제2종근린생활시설,1021126782,지번
1159010100102700003,서울특별시 동작구 노량진동,서울특별시 동작구 등용로4길 148 (노량진동),근린생활2,제2종근린생활시설,102112717,지번
1159010100102700003,서울특별시 동작구 노량진동,서울특별시 동작구 등용로4길 142 (노량진동),근린생활2,제2종근린생활시설,102112718,지번
1159010100102700003,서울특별시 동작구 노량진동,서울특별시 동작구 등용로4길 142 (노량진동),근린생활2,제2종근린생활시설,102112719,지번
1159010100102700003,서울특별시 동작구 노량진동,서울특별시 동작구 등용로4길 142 (노량진동),근린생활2,제2종근린생활시설,102115691,지번
1159010200103730034,서울특별시 동작구 상도동,서울특별시 동작구 장승배기로10길 21 (상도동),근린생활1,제1종근린생활시설,1021115473,지번
1159010200103730034,서울특별시 동작구 상도동,서울특별시 동작구 장승배기로10길 23 (상도동),근린생활1,제1종근린생활시설,1021121023,지번
1159010200103730034,서울특별시 동작구 상도동,서울특별시 동작구 장승배기로10길 23 (상도동),근린생활1,제1종근린생활시설,1021131245,지번
1159010200102140107,서울특별시 동작구 상도동,서울특별시 동작구 양녕로20길 111 (상도동),근린생활1,제1종근린생활시설,1021127525,지번
1159010100101960003,서울특별시 동작구 노량진동,서울특별시 동작구 노량진로 204 (노량진동),근린생활1,제1종근린생활시설,102116852,지번
1159010700101640012,서울특별시 동작구 사당동,서울특별시 동작구 사당로27길 지하103 (사당동),근린생활2,제2종근린생활시설,1021113457,본번
1159010700100890010,서울특별시 동작구 사당동,서울특별시 동작구 동작대로29가길 20 (사당동),근린생활1,제1종근린생활시설,1021125957,지번
1159010200103150037,서울특별시 동작구 상도동,서울특별시 동작구 성대로2길 11 (상도동),근린생활1,제1종근린생활시설,1021117662,지번
1159010300107080001,서울특별시 동작구 상도1동,서울특별시 동작구 양녕로 257 (상도1동),근린생활2,제2종근린생활시설,1021114204,지번
1159010200102620002,서울특별시 동작구 상도동,서울특별시 동작구 성대로12길 8 (상도동),근린생활2,제2종근린생활시설,1021126515,지번
1159010400104550005,서울특별시 동작구 본동,서울특별시 동작구 매봉로 139 (본동),근린생활2,제2종근린생활시설,1021110894,지번
1159010100101460007,서울특별시 동작구 노량진동,서울특별시 동작구 노량진로 192-1 (노량진동),근린생활2,제2종근린생활시설,102117824,지번
1159010700100890021,서울특별시 동작구 사당동,서울특별시 동작구 동작대로29가길 26 (사당동),근린생활1,제1종근린생활시설,102116193,지번
1159010500100690157,서울특별시 동작구 흑석동,서울특별시 동작구 서달로10길 107-21 (흑석동),근린생활2,제2종근린생활시설,10211100192032,지번
1159010900106920060,서울특별시 동작구 신대방동,서울특별시 동작구 신대방길 9 (신대방동),근린생활2,제2종근린생활시설,1021110899,지번
1159010100102140130,서울특별시 동작구 노량진동,서울특별시 동작구 만양로8길 7 (노량진동),근린생활2,제2종근린생활시설,1021130521,지번
1159010900106010079,서울특별시 동작구 신대방동,서울특별시 동작구 신대방14길 5-1 (신대방동),근린생활1,제1종근린생활시설,102118623,지번
1159010900103440038,서울특별시 동작구 신대방동,서울특별시 동작구 보라매로 69-1 (신대방동),근린생활1,제1종근린생활시설,102115847,지번
1159010700101280005,서울특별시 동작구 사당동,서울특별시 동작구 동작대로29길 36 (사당동),근린생활1,제1종근린생활시설,10211100249873,지번
1159010700101280040,서울특별시 동작구 사당동,서울특별시 동작구 동작대로29길 49 (사당동),근린생활1,제1종근린생활시설,102119393,지번
1159010100102140144,서울특별시 동작구 노량진동,서울특별시 동작구 만양로4길 7 (노량진동),근린생활1,제1종근린생활시설,1021127022,지번
1159010100100390005,서울특별시 동작구 노량진동,서울특별시 동작구 노량진로12길 11-4 (노량진동),근린생활1,제1종근린생활시설,1021112271,지번
1159010100102300018,서울특별시 동작구 노량진동,서울특별시 동작구 장승배기로20가길 8-3 (노량진동),근린생활2,제2종근린생활시설,1021112420,지번
1159010200103280010,서울특별시 동작구 상도동,서울특별시 동작구 국사봉1길 4 (상도동),근린생활2,제2종근린생활시설,1021120598,지번
1159010300103560004,서울특별시 동작구 상도1동,서울특별시 동작구 상도로47길 7 (상도1동),근린생활1,제1종근린생활시설,1021113668,지번
1159010200102100008,서울특별시 동작구 상도동,서울특별시 동작구 양녕로26길 28 (상도동),근린생활2,제2종근린생활시설,1021112705,지번
1159010700102650018,서울특별시 동작구 사당동,서울특별시 동작구 사당로 229-1 (사당동),근린생활1,제1종근린생활시설,1021120971,지번
1159010700102520006,서울특별시 동작구 사당동,서울특별시 동작구 사당로13길 18 (사당동),근린생활2,제2종근린생활시설,1021116873,지번
1159010200103610039,서울특별시 동작구 상도동,서울특별시 동작구 상도로15길 59 (상도동),근린생활1,제1종근린생활시설,1021112179,지번
1159010200102480004,서울특별시 동작구 상도동,서울특별시 동작구 성대로 11 (상도동),근린생활1,제1종근린생활시설,1021124093,지번
1159010700110120034,서울특별시 동작구 사당동,서울특별시 동작구 동작대로17길 35 (사당동),근린생활1,제1종근린생활시설,1021120150,지번
1159010500102690002,서울특별시 동작구 흑석동,,근린생활1,제1종근린생활시설,1021128340,지번
1159010200102610012,서울특별시 동작구 상도동,서울특별시 동작구 성대로 76 (상도동),근린생활2,제2종근린생활시설,1021112702,지번
1159010700102060012,서울특별시 동작구 사당동,서울특별시 동작구 사당로4길 13 (사당동),근린생활1,제1종근린생활시설,1021124148,지번
1159010700102670026,서울특별시 동작구 사당동,서울특별시 동작구 사당로16가길 9 (사당동),근린생활2,제2종근린생활시설,1021125331,지번
1159010900103460010,서울특별시 동작구 신대방동,서울특별시 동작구 보라매로 98-1 (신대방동),근린생활1,제2종근린생활시설,1000000000000002130859,지번
1159010700103210020,서울특별시 동작구 사당동,서울특별시 동작구 사당로22가길 11 (사당동),근린생활1,제1종근린생활시설,1021114760,지번
1159010100102320052,서울특별시 동작구 노량진동,서울특별시 동작구 장승배기로24가길 39 (노량진동),근린생활2,제2종근린생활시설,102114066,지번
1159010300106410003,서울특별시 동작구 상도1동,서울특별시 동작구 상도로41마길 5 (상도1동),근린생활2,제2종근린생활시설,102117649,지번
1159010700101410175,서울특별시 동작구 사당동,서울특별시 동작구 사당로29다길 2 (사당동),근린생활1,제1종근린생활시설,1021115575,지번
1159010200103350056,서울특별시 동작구 상도동,서울특별시 동작구 대방동6길 19 (상도동),근린생활1,제1종근린생활시설,102111287,지번
1159010200103350056,서울특별시 동작구 상도동,서울특별시 동작구 대방동6길 19 (상도동),근린생활1,단독주택,102111288,지번
1159010200101900010,서울특별시 동작구 상도동,서울특별시 동작구 상도로 134 (상도동),근린생활1,제1종근린생활시설,1021118237,지번
1159010200103060004,서울특별시 동작구 상도동,서울특별시 동작구 국사봉7길 23 (상도동),근린생활2,제2종근린생활시설,1021110389,지번
1159010300104830001,서울특별시 동작구 상도1동,서울특별시 동작구 상도로47길 102 (상도1동),근린생활2,제2종근린생활시설,1021128744,지번
1159010400101900011,서울특별시 동작구 본동,서울특별시 동작구 매봉로 161 (본동),근린생활2,제2종근린생활시설,1021129495,지번
1159010200103240021,서울특별시 동작구 상도동,서울특별시 동작구 국사봉1길 17 (상도동),근린생활1,제1종근린생활시설,1021122863,지번
1159010700100910195,서울특별시 동작구 사당동,서울특별시 동작구 동작대로29나길 9 (사당동),근린생활1,제1종근린생활시설,102117362,지번
1159010200104910000,서울특별시 동작구 상도동,서울특별시 동작구 상도로56길 5 (상도동),근린생활1,제1종근린생활시설,1021127714,지번
1159010100100370008,서울특별시 동작구 노량진동,서울특별시 동작구 노량진로8길 53 (노량진동),근린생활2,제2종근린생활시설,1021122630,지번
1159010200102940020,서울특별시 동작구 상도동,서울특별시 동작구 국사봉길 97 (상도동),근린생활1,제1종근린생활시설,1021118800,지번
1159010200102020117,서울특별시 동작구 상도동,서울특별시 동작구 성대로 205 (상도동),근린생활2,제2종근린생활시설,1021129202,지번
1159010700101320014,서울특별시 동작구 사당동,서울특별시 동작구 동작대로27길 20-4 (사당동),근린생활1,제1종근린생활시설,1021112901,지번
1159010700101800052,서울특별시 동작구 사당동,서울특별시 동작구 사당로23길 274 (사당동),근린생활2,제2종근린생활시설,1021117104,지번
1159010700110060031,서울특별시 동작구 사당동,서울특별시 동작구 동작대로19길 16 (사당동),근린생활2,제2종근린생활시설,1021118625,지번
1159010800100230166,서울특별시 동작구 대방동,서울특별시 동작구 등용로14길 24 (대방동),근린생활1,제1종근린생활시설,102115336,지번
1159010800100230166,서울특별시 동작구 대방동,서울특별시 동작구 등용로12길 56 (대방동),근린생활1,제1종근린생활시설,102115337,지번
1159010800100230166,서울특별시 동작구 대방동,서울특별시 동작구 등용로12길 64 (대방동),근린생활1,제1종근린생활시설,102115338,지번
1159010800100230166,서울특별시 동작구 대방동,서울특별시 동작구 등용로12길 52 (대방동),근린생활1,종교시설,102115339,지번
1159010200100320010,서울특별시 동작구 상도동,서울특별시 동작구 상도로 246 (상도동),근린생활1,제1종근린생활시설,10211100249655,지번
1159010700103000072,서울특별시 동작구 사당동,서울특별시 동작구 사당로16아길 3 (사당동),근린생활1,제1종근린생활시설,1021129762,지번
1159010300106330001,서울특별시 동작구 상도1동,서울특별시 동작구 상도로41가길 21-1 (상도1동),근린생활1,제1종근린생활시설,102118636,지번
1159010100102150165,서울특별시 동작구 노량진동,서울특별시 동작구 만양로10길 2-1 (노량진동),근린생활1,제1종근린생활시설,1021128571,지번
1159010700100770057,서울특별시 동작구 사당동,서울특별시 동작구 동작대로33길 36 (사당동),근린생활1,제1종근린생활시설,1021117718,지번
1159010100102640002,서울특별시 동작구 노량진동,서울특별시 동작구 노량진로8길 18 (노량진동),근린생활2,제2종근린생활시설,102113067,지번
1159010100102640002,서울특별시 동작구 노량진동,서울특별시 동작구 노량진로8길 18 (노량진동),근린생활2,단독주택,102113068,지번
1159010100102640002,서울특별시 동작구 노량진동,서울특별시 동작구 노량진로8길 18 (노량진동),근린생활2,단독주택,102113069,지번
1159010100102640002,서울특별시 동작구 노량진동,서울특별시 동작구 노량진로8길 18 (노량진동),근린생활2,단독주택,102113070,지번
1159010100102640002,서울특별시 동작구 노량진동,서울특별시 동작구 노량진로8길 18 (노량진동),근린생활2,단독주택,102113071,지번
1159010700102480004,서울특별시 동작구 사당동,서울특별시 동작구 사당로10길 18 (사당동),근린생활1,제1종근린생활시설,1021121923,지번
1159010700102240038,서울특별시 동작구 사당동,서울특별시 동작구 솔밭로 104 (사당동),근린생활1,제1종근린생활시설,1021129017,지번
1159010200103230017,서울특별시 동작구 상도동,서울특별시 동작구 국사봉1길 12 (상도동),근린생활1,제1종근린생활시설,102119771,지번
1159010700101410051,서울특별시 동작구 사당동,서울특별시 동작구 사당로29가길 9 (사당동),근린생활1,제1종근린생활시설,1021112708,지번
1159010100103070009,서울특별시 동작구 노량진동,서울특별시 동작구 장승배기로 123-6 (노량진동),근린생활1,제1종근린생활시설,1021130094,지번
1159010100102050358,서울특별시 동작구 노량진동,서울특별시 동작구 만양로14바길 16 (노량진동),근린생활2,제2종근린생활시설,1021129517,지번
1159010900103440015,서울특별시 동작구 신대방동,서울특별시 동작구 보라매로 91 (신대방동),근린생활1,제1종근린생활시설,1021130870,지번
1159010700110190017,서울특별시 동작구 사당동,서울특별시 동작구 사당로30길 91 (사당동),근린생활1,제1종근린생활시설,1021115841,지번
1159010100100540004,서울특별시 동작구 노량진동,서울특별시 동작구 장승배기로 174 (노량진동),근린생활1,공동주택,1000000000000003459275,지번
1159010800103360005,서울특별시 동작구 대방동,서울특별시 동작구 상도로 84 (대방동),판매시설,제1종근린생활시설,1000000000000006797098,지번
1159010100102750001,서울특별시 동작구 노량진동,서울특별시 동작구 노량진로6길 21 (노량진동),근린생활2,제2종근린생활시설,1021126321,지번
1159010200104640007,서울특별시 동작구 상도동,서울특별시 동작구 상도로47나길 2 (상도동),근린생활1,단독주택,10211100258835,지번
1159010700102240052,서울특별시 동작구 사당동,서울특별시 동작구 사당로16가길 91 (사당동),근린생활1,제1종근린생활시설,1021114832,지번
1159010100100520040,서울특별시 동작구 노량진동,서울특별시 동작구 장승배기로28길 24 (노량진동),근린생활1,제2종근린생활시설,1000000000000001500844,지번
1159010300104550001,서울특별시 동작구 상도1동,서울특별시 동작구 상도로39가길 10 (상도1동),근린생활1,공동주택,1000000000000001722576,지번
1159010300106440000,서울특별시 동작구 상도1동,서울특별시 동작구 흑석로 2 (상도1동),근린생활2,제2종근린생활시설,1021113367,지번
1159010100102750002,서울특별시 동작구 노량진동,서울특별시 동작구 노량진로6길 23 (노량진동),근린생활1,제1종근린생활시설,1021123086,지번
1159010800103830018,서울특별시 동작구 대방동,서울특별시 동작구 여의대방로 216 (대방동),근린생활2,제2종근린생활시설,1021120986,지번
1159010700110330034,서울특별시 동작구 사당동,서울특별시 동작구 동작대로7길 28 (사당동),근린생활1,제1종근린생활시설,1021112505,지번
1159010100101260019,서울특별시 동작구 노량진동,서울특별시 동작구 만양로14가길 30-10 (노량진동),근린생활2,제2종근린생활시설,1021120902,지번
1159010200103660020,서울특별시 동작구 상도동,서울특별시 동작구 상도로 161 (상도동),근린생활1,제1종근린생활시설,102112337,지번
1159010200103660020,서울특별시 동작구 상도동,서울특별시 동작구 상도로 161 (상도동),근린생활1,제1종근린생활시설,102112338,지번
1159010200101990027,서울특별시 동작구 상도동,서울특별시 동작구 성대로29길 48 (상도동),근린생활1,단독주택,10211100245494,지번
1159010100100390026,서울특별시 동작구 노량진동,서울특별시 동작구 노량진로8길 49 (노량진동),근린생활2,제2종근린생활시설,1021112427,지번
1159010100102220017,서울특별시 동작구 노량진동,서울특별시 동작구 만양로8길 63 (노량진동),근린생활2,제2종근린생활시설,1021116682,지번
1159010200100330014,서울특별시 동작구 상도동,서울특별시 동작구 상도로 258-1 (상도동),근린생활2,제2종근린생활시설,1021120870,지번
1159010500101830021,서울특별시 동작구 흑석동,서울특별시 동작구 흑석로 108 (흑석동),근린생활2,제2종근린생활시설,102117172,지번
1159010800100820010,서울특별시 동작구 대방동,서울특별시 동작구 노들로 618 (대방동),근린생활1,제1종근린생활시설,102115356,지번
1159010800100820010,서울특별시 동작구 대방동,서울특별시 동작구 노들로 618 (대방동),근린생활1,제1종근린생활시설,102115357,지번
1159010200105070021,서울특별시 동작구 상도동,서울특별시 동작구 상도로61가길 14 (상도동),근린생활2,제2종근린생활시설,1021116425,지번
1159010100101190112,서울특별시 동작구 노량진동,서울특별시 동작구 노량진로14나길 19 (노량진동),근린생활2,제2종근린생활시설,1021122697,지번
1159010700110470036,서울특별시 동작구 사당동,서울특별시 동작구 남부순환로 2047-3 (사당동),근린생활2,제2종근린생활시설,1021122925,지번
1159010700103230016,서울특별시 동작구 사당동,서울특별시 동작구 사당로 251 (사당동),근린생활2,제2종근린생활시설,102119637,지번
1159010900103640050,서울특별시 동작구 신대방동,서울특별시 동작구 여의대방로22길 44-8 (신대방동),근린생활2,종교시설,10211100245373,지번
1159010200103470001,서울특별시 동작구 상도동,서울특별시 동작구 상도로 117 (상도동),근린생활1,제1종근린생활시설,102119135,지번
1159010300106330045,서울특별시 동작구 상도1동,서울특별시 동작구 양녕로 278-6 (상도1동),근린생활2,제2종근린생활시설,1021123288,지번
1159010100102350010,서울특별시 동작구 노량진동,서울특별시 동작구 장승배기로 141 (노량진동),근린생활1,제1종근린생활시설,1021125262,지번
1159010200103540009,서울특별시 동작구 상도동,서울특별시 동작구 상도로 123-1 (상도동),근린생활2,제2종근린생활시설,1021113073,지번
1159010900106070047,서울특별시 동작구 신대방동,서울특별시 동작구 신대방3길 92 (신대방동),근린생활1,제1종근린생활시설,1021110986,지번
1159010200101260015,서울특별시 동작구 상도동,서울특별시 동작구 상도로68길 1-16 (상도동),근린생활,근린생활시설,10211100185690,지번
1159010800105030000,서울특별시 동작구 대방동,서울특별시 동작구 여의대방로44길 47 (대방동),판매시설,공동주택,102115283,지번
1159010800105030000,서울특별시 동작구 대방동,서울특별시 동작구 여의대방로44길 47 (대방동),판매시설,판매시설,102115284,지번
1159010800105030000,서울특별시 동작구 대방동,서울특별시 동작구 여의대방로44길 47 (대방동),판매시설,공동주택,102115285,지번
1159010800105030000,서울특별시 동작구 대방동,서울특별시 동작구 여의대방로44길 47 (대방동),판매시설,공동주택,102115286,지번
1159010800105030000,서울특별시 동작구 대방동,서울특별시 동작구 여의대방로44길 47 (대방동),판매시설,공동주택,102115287,지번
1159010800105030000,서울특별시 동작구 대방동,서울특별시 동작구 여의대방로44길 47 (대방동),판매시설,공동주택,102115288,지번
1159010800105030000,서울특별시 동작구 대방동,서울특별시 동작구 여의대방로44길 47 (대방동),판매시설,공동주택,102115289,지번
1159010800105030000,서울특별시 동작구 대방동,서울특별시 동작구 여의대방로44길 47 (대방동),판매시설,공동주택,102115290,지번
1159010800105030000,서울특별시 동작구 대방동,서울특별시 동작구 여의대방로44길 47 (대방동),판매시설,공동주택,102115291,지번
1159010800105030000,서울특별시 동작구 대방동,서울특별시 동작구 여의대방로44길 47 (대방동),판매시설,공동주택,102115292,지번
1159010800105030000,서울특별시 동작구 대방동,서울특별시 동작구 여의대방로44길 47 (대방동),판매시설,공동주택,102115293,지번
1159010800105030000,서울특별시 동작구 대방동,서울특별시 동작구 여의대방로44길 47 (대방동),판매시설,공동주택,102115294,지번
1159010800105030000,서울특별시 동작구 대방동,서울특별시 동작구 여의대방로44길 47 (대방동),판매시설,공동주택,102115295,지번
1159010800105030000,서울특별시 동작구 대방동,서울특별시 동작구 여의대방로44길 47 (대방동),판매시설,공동주택,102115296,지번
1159010800105030000,서울특별시 동작구 대방동,서울특별시 동작구 여의대방로44길 47 (대방동),판매시설,공동주택,102115297,지번
1159010800105030000,서울특별시 동작구 대방동,서울특별시 동작구 여의대방로44길 47 (대방동),판매시설,공동주택,102115298,지번
1159010800105030000,서울특별시 동작구 대방동,서울특별시 동작구 여의대방로44길 47 (대방동),판매시설,노유자시설,102115979,지번
1159010800105030000,서울특별시 동작구 대방동,서울특별시 동작구 여의대방로44길 47 (대방동),판매시설,노유자시설,102115980,지번
1159010700101410057,서울특별시 동작구 사당동,서울특별시 동작구 사당로29가길 21 (사당동),근린생활1,제1종근린생활시설,1021120217,지번
1159010500101890002,서울특별시 동작구 흑석동,서울특별시 동작구 흑석로11길 3 (흑석동),근린생활2,제2종근린생활시설,1021127729,지번
1159010100103090038,서울특별시 동작구 노량진동,서울특별시 동작구 장승배기로20길 2 (노량진동),근린생활2,제2종근린생활시설,1021127164,지번
1159010200101060000,서울특별시 동작구 상도동,서울특별시 동작구 사당로 63 (상도동),근린생활1,제1종근린생활시설,1021116901,지번
1159010500100540147,서울특별시 동작구 흑석동,서울특별시 동작구 서달로14나길 30 (흑석동),근린생활1,제1종근린생활시설,1021110228,지번
1159010700110390007,서울특별시 동작구 사당동,서울특별시 동작구 동작대로7길 71 (사당동),근린생활2,제2종근린생활시설,102116040,지번
1159010100102660004,서울특별시 동작구 노량진동,서울특별시 동작구 노량진로 82 (노량진동),근린생활2,업무시설,10211100254613,지번
1159010500101000020,서울특별시 동작구 흑석동,서울특별시 동작구 서달로 159 (흑석동),근린생활1,제1종근린생활시설,102113304,지번
1159010500101000020,서울특별시 동작구 흑석동,서울특별시 동작구 서달로 159 (흑석동),근린생활1,제1종근린생활시설,102113305,지번
1159010700110290022,서울특별시 동작구 사당동,서울특별시 동작구 동작대로7길 22 (사당동),근린생활1,제1종근린생활시설,1021127580,지번
1159010700103000084,서울특별시 동작구 사당동,서울특별시 동작구 사당로16자길 15-7 (사당동),근린생활2,제2종근린생활시설,1021121906,지번
1159010700102560000,서울특별시 동작구 사당동,서울특별시 동작구 사당로17다길 5 (사당동),근린생활1,제1종근린생활시설,102115843,지번
1159010700103210003,서울특별시 동작구 사당동,서울특별시 동작구 사당로20길 5-6 (사당동),근린생활2,제2종근린생활시설,102116924,지번
1159010100100270010,서울특별시 동작구 노량진동,서울특별시 동작구 노량진로 96 (노량진동),근린생활2,제2종근린생활시설,1021118155,지번
1159010200102110386,서울특별시 동작구 상도동,서울특별시 동작구 양녕로30길 4 (상도동),근린생활1,제1종근린생활시설,1021125474,지번
1159010900105840013,서울특별시 동작구 신대방동,서울특별시 동작구 신대방16다길 30 (신대방동),근린생활1,제1종근린생활시설,1021113929,지번
1159010500101860067,서울특별시 동작구 흑석동,서울특별시 동작구 흑석로13길 29 (흑석동),근린생활2,제2종근린생활시설,1021123893,지번
1159010300103720000,서울특별시 동작구 상도1동,서울특별시 동작구 상도로 307 (상도1동),근린생활1,제1종근린생활시설,102117793,지번
1159010800100670001,서울특별시 동작구 대방동,서울특별시 동작구 노량진로 47 (대방동),근린생활1,제1종근린생활시설,102111517,지번
1159010800100670001,서울특별시 동작구 대방동,서울특별시 동작구 노량진로 47 (대방동),근린생활1,자동차관련시설,102111518,지번
1159010200104100000,서울특별시 동작구 상도동,서울특별시 동작구 사당로2가길 10-3 (상도동),근린생활1,제1종근린생활시설,102111341,지번
1159010200104100000,서울특별시 동작구 상도동,서울특별시 동작구 사당로2가길 10-5 (상도동),근린생활1,공동주택,102111342,지번
1159010200103160005,서울특별시 동작구 상도동,서울특별시 동작구 성대로2길 3 (상도동),근린생활1,제1종근린생활시설,102115975,지번
1159010200103690006,서울특별시 동작구 상도동,서울특별시 동작구 장승배기로10길 9 (상도동),근린생활1,제1종근린생활시설,102116145,지번
1159010800104160016,서울특별시 동작구 대방동,서울특별시 동작구 여의대방로26길 36 (대방동),근린생활2,제2종근린생활시설,1021129516,지번
1159010200102480027,서울특별시 동작구 상도동,서울특별시 동작구 성대로1길 8 (상도동),근린생활1,제1종근린생활시설,1021111286,지번
1159010100101170031,서울특별시 동작구 노량진동,서울특별시 동작구 만양로14가길 30-3 (노량진동),근린생활1,제1종근린생활시설,102117037,지번
1159010800100680035,서울특별시 동작구 대방동,서울특별시 동작구 등용로 80 (대방동),근린생활1,공동주택,10211100252295,지번
1159010100101190068,서울특별시 동작구 노량진동,서울특별시 동작구 만양로 93 (노량진동),근린생활1,제1종근린생활시설,1000000000000004709079,지번
1159010300106660005,서울특별시 동작구 상도1동,서울특별시 동작구 상도로37길 1 (상도1동),근린생활2,제2종근린생활시설,10211100247633,지번
1159010700110290044,서울특별시 동작구 사당동,서울특별시 동작구 사당로30길 108 (사당동),근린생활2,제2종근린생활시설,1021121463,지번
1159010200102010055,서울특별시 동작구 상도동,서울특별시 동작구 장승배기로 31 (상도동),근린생활1,제1종근린생활시설,1021116445,지번
1159010700110010037,서울특별시 동작구 사당동,서울특별시 동작구 사당로24길 4 (사당동),근린생활2,제2종근린생활시설,1021128466,지번
1159010800100390002,서울특별시 동작구 대방동,서울특별시 동작구 등용로 123 (대방동),근린생활1,제1종근린생활시설,1021118105,지번
1159010100102150186,서울특별시 동작구 노량진동,서울특별시 동작구 만양로 56 (노량진동),근린생활1,제1종근린생활시설,1021130232,지번
1159010100102150139,서울특별시 동작구 노량진동,서울특별시 동작구 만양로 42 (노량진동),근린생활1,제1종근린생활시설,1021124224,지번
1159010900103600230,서울특별시 동작구 신대방동,서울특별시 동작구 여의대방로22길 60 (신대방동),근린생활2,제2종근린생활시설,1021125723,지번
1159010700110030027,서울특별시 동작구 사당동,서울특별시 동작구 사당로 284 (사당동),근린생활2,제2종근린생활시설,1021122068,지번
1159010100102050035,서울특별시 동작구 노량진동,서울특별시 동작구 만양로12가길 2 (노량진동),근린생활2,제2종근린생활시설,1021118582,지번
1159010700101390043,서울특별시 동작구 사당동,서울특별시 동작구 동작대로27길 11 (사당동),근린생활1,제1종근린생활시설,1021127509,지번
1159010400100470014,서울특별시 동작구 본동,서울특별시 동작구 노량진로30길 22 (본동),근린생활1,제1종근린생활시설,1021119139,지번
1159010800104120019,서울특별시 동작구 대방동,서울특별시 동작구 여의대방로24마길 5 (대방동),근린생활2,제2종근린생활시설,102117820,지번
1159010200104950002,서울특별시 동작구 상도동,서울특별시 동작구 상도로60길 1 (상도동),근린생활2,제2종근린생활시설,1021113049,지번
1159010200104640035,서울특별시 동작구 상도동,서울특별시 동작구 상도로37길 51 (상도동),근린생활2,제2종근린생활시설,1021130829,지번
1159010100101230014,서울특별시 동작구 노량진동,서울특별시 동작구 만양로8길 60 (노량진동),근린생활2,제2종근린생활시설,1021122382,지번
1159010700103190025,서울특별시 동작구 사당동,서울특별시 동작구 사당로20나길 2 (사당동),근린생활2,제2종근린생활시설,1021125324,지번
1159010200103610019,서울특별시 동작구 상도동,서울특별시 동작구 상도로15길 55 (상도동),근린생활2,단독주택,1000000000000000537692,지번
1159010900106070014,서울특별시 동작구 신대방동,서울특별시 동작구 신대방길 107 (신대방동),근린생활1,제1종근린생활시설,1021112293,지번
1159010800104070037,서울특별시 동작구 대방동,서울특별시 동작구 여의대방로24길 131 (대방동),근린생활1,제1종근린생활시설,1021125292,지번
1159010800104090003,서울특별시 동작구 대방동,서울특별시 동작구 여의대방로24길 93 (대방동),근린생활1,제1종근린생활시설,1021115869,지번
1159010400100090034,서울특별시 동작구 본동,서울특별시 동작구 노량진로32길 31 (본동),근린생활2,제2종근린생활시설,1021125837,지번
1159010200103410000,서울특별시 동작구 상도동,서울특별시 동작구 상도로 101-1 (상도동),근린생활1,종교시설,1000000000000003477108,지번
1159010200103650018,서울특별시 동작구 상도동,서울특별시 동작구 상도로26길 11 (상도동),근린생활2,제2종근린생활시설,1021125617,지번
1159010300104970000,서울특별시 동작구 상도1동,서울특별시 동작구 흑석로 13 (상도1동),근린생활2,제2종근린생활시설,1021119077,지번
1159010700102200010,서울특별시 동작구 사당동,서울특별시 동작구 사당로 191 (사당동),근린생활1,제1종근린생활시설,1021121639,지번
1159010400100480011,서울특별시 동작구 본동,,근린생활1,제1종근린생활시설,1021118136,지번
1159010700101360001,서울특별시 동작구 사당동,서울특별시 동작구 동작대로 115 (사당동),판매시설,판매시설,1021120850,지번
1159010200103350151,서울특별시 동작구 상도동,서울특별시 동작구 상도로13나길 4 (상도동),근린생활2,제2종근린생활시설,1021123394,지번
1159010700100660028,서울특별시 동작구 사당동,서울특별시 동작구 동작대로35길 57 (사당동),근린생활1,제1종근린생활시설,102117211,지번
1159010100102050057,서울특별시 동작구 노량진동,서울특별시 동작구 만양로14아길 8-5 (노량진동),근린생활2,제2종근린생활시설,10211100181794,지번
1159010700110050025,서울특별시 동작구 사당동,서울특별시 동작구 사당로30길 38 (사당동),근린생활1,제1종근린생활시설,1021111955,지번
1159010400101260044,서울특별시 동작구 본동,서울특별시 동작구 노량진로 250-1 (본동),근린생활1,제1종근린생활시설,1021129557,지번
1159010700110310025,서울특별시 동작구 사당동,서울특별시 동작구 동작대로3길 8 (사당동),근린생활2,제2종근린생활시설,102117068,지번
1159010800103840007,서울특별시 동작구 대방동,서울특별시 동작구 여의대방로 206-1 (대방동),근린생활1,제1종근린생활시설,1000000000000006309604,지번
1159010700101450023,서울특별시 동작구 사당동,서울특별시 동작구 동작대로25길 9-8 (사당동),근린생활2,제2종근린생활시설,1021117442,지번
1159010700101390021,서울특별시 동작구 사당동,서울특별시 동작구 동작대로27길 15 (사당동),근린생활2,제2종근린생활시설,1021117670,지번
1159010200102420073,서울특별시 동작구 상도동,서울특별시 동작구 성대로1가길 4 (상도동),근린생활1,제1종근린생활시설,1021119634,지번
1159010100103110020,서울특별시 동작구 노량진동,서울특별시 동작구 장승배기로 110-1 (노량진동),근린생활1,제1종근린생활시설,1021115343,지번
1159010700101620061,서울특별시 동작구 사당동,서울특별시 동작구 사당로23나길 34 (사당동),근린생활2,제2종근린생활시설,1021122795,지번
1159010700100840001,서울특별시 동작구 사당동,서울특별시 동작구 동작대로 149 (사당동),근린생활2,제2종근린생활시설,102116133,지번
1159010100102460001,서울특별시 동작구 노량진동,서울특별시 동작구 장승배기로27길 18 (노량진동),근린생활2,제2종근린생활시설,102117996,지번
1159010700110150050,서울특별시 동작구 사당동,서울특별시 동작구 동작대로13길 34 (사당동),근린생활1,제1종근린생활시설,1021118955,지번
1159010200104740015,서울특별시 동작구 상도동,서울특별시 동작구 상도로56길 2 (상도동),근린생활2,제2종근린생활시설,1021111560,지번
1159010900106910003,서울특별시 동작구 신대방동,서울특별시 동작구 신대방3길 28 (신대방동),근린생활1,제1종근린생활시설,1021122739,지번
1159010700101470099,서울특별시 동작구 사당동,서울특별시 동작구 동작대로 105 (사당동),근린생활1,제1종근린생활시설,1021113599,지번
1159010100100290003,서울특별시 동작구 노량진동,서울특별시 동작구 노량진로 88 (노량진동),근린생활2,제2종근린생활시설,1021115626,지번
1159010700110320018,서울특별시 동작구 사당동,서울특별시 동작구 사당로30길 134 (사당동),근린생활1,제1종근린생활시설,1021111898,지번
1159010700101450014,서울특별시 동작구 사당동,서울특별시 동작구 동작대로25길 25 (사당동),근린생활2,제2종근린생활시설,1021119038,지번
1159010200101260055,서울특별시 동작구 상도동,서울특별시 동작구 상도로60길 23 (상도동),근린생활1,제1종근린생활시설,1021119589,지번
1159010800103360013,서울특별시 동작구 대방동,서울특별시 동작구 상도로 80 (대방동),근린생활1,제1종근린생활시설,102119976,지번
1159010900106180026,서울특별시 동작구 신대방동,서울특별시 동작구 신대방길 8 (신대방동),근린생활1,제1종근린생활시설,1021115112,지번
1159010900105840016,서울특별시 동작구 신대방동,서울특별시 동작구 신대방16나길 15 (신대방동),근린생활1,제1종근린생활시설,1021131451,지번
1159010100102050152,서울특별시 동작구 노량진동,서울특별시 동작구 만양로12길 21 (노량진동),근린생활2,제2종근린생활시설,102116948,지번
1159010200103160006,서울특별시 동작구 상도동,서울특별시 동작구 성대로2길 1-1 (상도동),근린생활1,제1종근린생활시설,1021111678,지번
1159010700110030044,서울특별시 동작구 사당동,서울특별시 동작구 사당로28길 10-1 (사당동),근린생활2,제2종근린생활시설,1021129471,지번
1159010800104030004,서울특별시 동작구 대방동,서울특별시 동작구 여의대방로26길 85 (대방동),근린생활1,제1종근린생활시설,1021125225,지번
1159010100102050014,서울특별시 동작구 노량진동,서울특별시 동작구 만양로12가길 64 (노량진동),근린생활2,제2종근린생활시설,102119458,지번
1159010700110150016,서울특별시 동작구 사당동,서울특별시 동작구 동작대로13길 36 (사당동),근린생활1,제1종근린생활시설,1021128831,지번
1159010700110190001,서울특별시 동작구 사당동,서울특별시 동작구 동작대로13길 7 (사당동),근린생활2,제2종근린생활시설,1021117236,지번
1159010200102010066,서울특별시 동작구 상도동,서울특별시 동작구 성대로39길 2 (상도동),근린생활1,제1종근린생활시설,1021123045,지번
1159010200102100018,서울특별시 동작구 상도동,서울특별시 동작구 양녕로 192 (상도동),근린생활1,제1종근린생활시설,102117575,지번
1159010800104150006,서울특별시 동작구 대방동,서울특별시 동작구 여의대방로24가길 10 (대방동),근린생활2,제2종근린생활시설,1021120713,지번
1159010200102100036,서울특별시 동작구 상도동,서울특별시 동작구 양녕로26길 24 (상도동),근린생활2,제2종근린생활시설,1021114655,지번
1159010200101590217,서울특별시 동작구 상도동,서울특별시 동작구 양녕로36길 12 (상도동),근린생활2,제2종근린생활시설,1021124789,지번
1159010100103100056,서울특별시 동작구 노량진동,서울특별시 동작구 장승배기로16길 12 (노량진동),근린생활2,제2종근린생활시설,1021114374,지번
1159010200103130036,서울특별시 동작구 상도동,서울특별시 동작구 성대로6길 32 (상도동),근린생활1,제1종근린생활시설,1021126893,지번
1159010700102150001,서울특별시 동작구 사당동,서울특별시 동작구 사당로6길 13 (사당동),근린생활1,제1종근린생활시설,1021119345,지번
1159010100101190046,서울특별시 동작구 노량진동,서울특별시 동작구 노량진로14나길 37 (노량진동),근린생활1,제1종근린생활시설,1021113821,지번
1159010700103180074,서울특별시 동작구 사당동,서울특별시 동작구 사당로16길 15 (사당동),근린생활1,제1종근린생활시설,1021116424,지번
1159010200102100386,서울특별시 동작구 상도동,서울특별시 동작구 양녕로 190 (상도동),근린생활1,제1종근린생활시설,1021112313,지번
1159010200103650007,서울특별시 동작구 상도동,서울특별시 동작구 상도로15길 120 (상도동),근린생활2,제2종근린생활시설,102118193,지번
1159010500100510006,서울특별시 동작구 흑석동,서울특별시 동작구 서달로14나길 9 (흑석동),근린생활1,제1종근린생활시설,1021123285,지번
1159010700103160025,서울특별시 동작구 사당동,서울특별시 동작구 동작대로11길 103 (사당동),근린생활2,제2종근린생활시설,1021111530,지번
1159010100102400071,서울특별시 동작구 노량진동,서울특별시 동작구 장승배기로27길 3 (노량진동),근린생활1,제1종근린생활시설,1021119167,지번
1159010900103420047,서울특별시 동작구 신대방동,서울특별시 동작구 보라매로 82-1 (신대방동),근린생활1,제1종근린생활시설,1021113964,지번
1159010200102210008,서울특별시 동작구 상도동,서울특별시 동작구 양녕로 167 (상도동),근린생활2,제2종근린생활시설,1021128941,지번
1159010800103960004,서울특별시 동작구 대방동,서울특별시 동작구 대방동27길 111 (대방동),근린생활2,제2종근린생활시설,1021110799,지번
1159010200103240007,서울특별시 동작구 상도동,서울특별시 동작구 성대로2길 12 (상도동),근린생활1,제1종근린생활시설,1021121404,지번
1159010800103890025,서울특별시 동작구 대방동,서울특별시 동작구 대방동15길 32 (대방동),근린생활1,제1종근린생활시설,1021112280,지번
1159010500100540145,서울특별시 동작구 흑석동,서울특별시 동작구 서달로14나길 24-1 (흑석동),근린생활1,제1종근린생활시설,1021115113,지번
1159010800103760028,서울특별시 동작구 대방동,서울특별시 동작구 대방동23길 18 (대방동),근린생활1,제1종근린생활시설,1021119665,지번
1159010200102040067,서울특별시 동작구 상도동,서울특별시 동작구 장승배기로5길 8 (상도동),근린생활2,제2종근린생활시설,1021129484,지번
1159010200103630190,서울특별시 동작구 상도동,서울특별시 동작구 등용로 20 (상도동),근린생활2,제2종근린생활시설,10211100183894,지번
1159010200102460001,서울특별시 동작구 상도동,서울특별시 동작구 성대로1길 10 (상도동),근린생활1,제1종근린생활시설,102116521,지번
1159010100102440072,서울특별시 동작구 노량진동,서울특별시 동작구 노량진로8길 70 (노량진동),근린생활2,제2종근린생활시설,1021111070,지번
1159010800104020001,서울특별시 동작구 대방동,서울특별시 동작구 여의대방로24라길 40 (대방동),근린생활1,제1종근린생활시설,102116294,지번
1159010100100580010,서울특별시 동작구 노량진동,서울특별시 동작구 노량진로14길 14 (노량진동),근린생활2,제2종근린생활시설,1021124805,지번
1159010700110060012,서울특별시 동작구 사당동,서울특별시 동작구 동작대로21길 16 (사당동),근린생활2,제2종근린생활시설,1021124729,지번
1159010900103660256,서울특별시 동작구 신대방동,,근린생활2,제2종근린생활시설,1021123496,지번
1159010200103240016,서울특별시 동작구 상도동,서울특별시 동작구 국사봉1길 45 (상도동),근린생활1,제1종근린생활시설,1021127633,지번
1159010200103450007,서울특별시 동작구 상도동,서울특별시 동작구 상도로 110 (상도동),근린생활2,제2종근린생활시설,102117302,지번
1159010200105040003,서울특별시 동작구 상도동,서울특별시 동작구 상도로61길 40 (상도동),근린생활2,제2종근린생활시설,1021128671,지번
1159010100101190072,서울특별시 동작구 노량진동,서울특별시 동작구 만양로 91 (노량진동),근린생활1,제2종근린생활시설,10211100246973,지번
1159010300106420001,서울특별시 동작구 상도1동,서울특별시 동작구 양녕로 286-1 (상도1동),근린생활1,제1종근린생활시설,1021112373,지번
1159010500101060031,서울특별시 동작구 흑석동,서울특별시 동작구 서달로15길 14 (흑석동),근린생활1,제1종근린생활시설,1021114653,지번
1159010400101260450,서울특별시 동작구 본동,서울특별시 동작구 매봉로6길 16 (본동),근린생활1,제1종근린생활시설,1021123585,지번
1159010400101260450,서울특별시 동작구 본동,서울특별시 동작구 매봉로6길 16 (본동),근린생활1,제1종근린생활시설,1021123586,지번
1159010400101260450,서울특별시 동작구 본동,서울특별시 동작구 매봉로6길 16 (본동),근린생활1,제1종근린생활시설,1021123587,지번
1159010400101260450,서울특별시 동작구 본동,서울특별시 동작구 매봉로6길 16 (본동),근린생활1,제1종근린생활시설,1021123588,지번
1159010700110260039,서울특별시 동작구 사당동,서울특별시 동작구 사당로28길 48 (사당동),근린생활1,제1종근린생활시설,102117268,지번
1159010700110440001,서울특별시 동작구 사당동,서울특별시 동작구 남부순환로269길 8 (사당동),근린생활2,공동주택,1000000000000003167737,지번
1159010900103450010,서울특별시 동작구 신대방동,서울특별시 동작구 보라매로 88 (신대방동),근린생활2,제2종근린생활시설,1021129077,지번
1159010300104580002,서울특별시 동작구 상도1동,서울특별시 동작구 상도로39가길 1 (상도1동),근린생활1,제1종근린생활시설,1021111452,지번
1159010200102010001,서울특별시 동작구 상도동,서울특별시 동작구 장승배기로 37 (상도동),근린생활2,제2종근린생활시설,1021131108,지번
1159010700110440007,서울특별시 동작구 사당동,서울특별시 동작구 동작대로1길 49 (사당동),근린생활2,제2종근린생활시설,10211100184087,지번
1159010500101020038,서울특별시 동작구 흑석동,서울특별시 동작구 서달로13길 11-9 (흑석동),근린생활1,제1종근린생활시설,1021113417,지번
1159010200101590103,서울특별시 동작구 상도동,서울특별시 동작구 상도로34길 62-5 (상도동),근린생활1,제1종근린생활시설,1021126575,지번
1159010500100430016,서울특별시 동작구 흑석동,서울특별시 동작구 현충로6길 10 (흑석동),근린생활1,제1종근린생활시설,1021130639,지번
1159010500102230013,서울특별시 동작구 흑석동,,근린생활2,제2종근린생활시설,1021117199,지번
1159010700110410025,서울특별시 동작구 사당동,서울특별시 동작구 사당로30길 158-2 (사당동),근린생활2,제2종근린생활시설,1021115577,지번
1159010700110190016,서울특별시 동작구 사당동,서울특별시 동작구 동작대로9길 8-5 (사당동),근린생활2,제2종근린생활시설,1021129665,지번
1159010100103020215,서울특별시 동작구 노량진동,서울특별시 동작구 노량진로6길 92 (노량진동),근린생활1,제1종근린생활시설,1021117893,지번
1159010700101280047,서울특별시 동작구 사당동,서울특별시 동작구 동작대로29길 35 (사당동),근린생활1,제1종근린생활시설,1021121620,지번
1159010400103600009,서울특별시 동작구 본동,,근린생활1,단독주택,1021126725,본번
1159010500101090001,서울특별시 동작구 흑석동,서울특별시 동작구 흑석로 126 (흑석동),근린생활2,제2종근린생활시설,1021126531,지번
1159010700102200054,서울특별시 동작구 사당동,서울특별시 동작구 사당로 189 (사당동),근린생활2,제2종근린생활시설,1021130876,지번
1159010100103070167,서울특별시 동작구 노량진동,서울특별시 동작구 장승배기로 121-1 (노량진동),근린생활2,제2종근린생활시설,102114325,지번
1159010100103070167,서울특별시 동작구 노량진동,서울특별시 동작구 장승배기로 121-1 (노량진동),근린생활2,제2종근린생활시설,102114326,지번
1159010300103900000,서울특별시 동작구 상도1동,서울특별시 동작구 상도로 295 (상도1동),근린생활1,제1종근린생활시설,102111732,지번
1159010300103900000,서울특별시 동작구 상도1동,서울특별시 동작구 상도로 295 (상도1동),근린생활1,제1종근린생활시설,102111733,지번
1159010200104900005,서울특별시 동작구 상도동,서울특별시 동작구 상도로58길 2 (상도동),근린생활2,제2종근린생활시설,1021118745,지번
1159010700100720001,서울특별시 동작구 사당동,서울특별시 동작구 동작대로 157 (사당동),근린생활1,제1종근린생활시설,102118111,지번
1159010500101900035,서울특별시 동작구 흑석동,서울특별시 동작구 흑석로9길 7 (흑석동),근린생활1,제1종근린생활시설,1021110069,지번
1159010200102350009,서울특별시 동작구 상도동,서울특별시 동작구 양녕로25바길 47 (상도동),근린생활1,제1종근린생활시설,1021126343,지번
1159010200101260141,서울특별시 동작구 상도동,서울특별시 동작구 상도로68길 19 (상도동),근린생활1,제1종근린생활시설,1021123399,지번
1159010700107080437,서울특별시 동작구 사당동,서울특별시 동작구 동작대로25길 44 (사당동),근린생활2,제2종근린생활시설,1021118053,지번
1159010900106920063,서울특별시 동작구 신대방동,서울특별시 동작구 대림로 8 (신대방동),근린생활2,근린생활시설,1021131197,지번
1159010200103580014,서울특별시 동작구 상도동,서울특별시 동작구 상도로15길 80 (상도동),근린생활1,단독주택,10211100251433,지번
1159010900103420017,서울특별시 동작구 신대방동,서울특별시 동작구 보라매로 84 (신대방동),근린생활,근린생활시설,1021115676,지번
1159010700102750033,서울특별시 동작구 사당동,서울특별시 동작구 사당로16길 38 (사당동),근린생활1,제1종근린생활시설,1021119321,지번
1159010100102250003,서울특별시 동작구 노량진동,서울특별시 동작구 장승배기로22길 29 (노량진동),근린생활1,제1종근린생활시설,102116784,지번
1159010800103860005,서울특별시 동작구 대방동,서울특별시 동작구 여의대방로36길 12 (대방동),근린생활1,제1종근린생활시설,1021110974,지번
1159010700102720035,서울특별시 동작구 사당동,서울특별시 동작구 사당로16다길 56 (사당동),근린생활1,제1종근린생활시설,1021125754,지번
1159010900103460007,서울특별시 동작구 신대방동,서울특별시 동작구 보라매로 98-4 (신대방동),근린생활2,제2종근린생활시설,1021127854,지번
1159010800103370004,서울특별시 동작구 대방동,서울특별시 동작구 국사봉1길 7 (대방동),근린생활2,제2종근린생활시설,1021131463,지번
1159010500101840019,서울특별시 동작구 흑석동,서울특별시 동작구 흑석로 101-7 (흑석동),근린생활1,제1종근린생활시설,102112429,지번
1159010500101840019,서울특별시 동작구 흑석동,서울특별시 동작구 흑석로 101-7 (흑석동),근린생활1,제1종근린생활시설,102112430,지번
1159010700110010017,서울특별시 동작구 사당동,서울특별시 동작구 사당로 262 (사당동),근린생활1,제1종근린생활시설,1021110335,지번
1159010900103620029,서울특별시 동작구 신대방동,서울특별시 동작구 여의대방로24길 24 (신대방동),근린생활2,제2종근린생활시설,1021129416,지번
1159010700110180001,서울특별시 동작구 사당동,서울특별시 동작구 동작대로13길 17 (사당동),근린생활2,제2종근린생활시설,102115236,지번
1159010700110180001,서울특별시 동작구 사당동,서울특별시 동작구 동작대로13길 17 (사당동),근린생활2,창고시설,102115237,지번
1159010700110180001,서울특별시 동작구 사당동,서울특별시 동작구 동작대로13길 17 (사당동),근린생활2,창고시설,102115238,지번
1159010200102960001,서울특별시 동작구 상도동,서울특별시 동작구 국사봉1길 101 (상도동),근린생활2,제2종근린생활시설,1021121088,지번
1159010100102740015,서울특별시 동작구 노량진동,서울특별시 동작구 노량진로6길 44 (노량진동),근린생활1,제1종근린생활시설,1021120058,지번
1159010200105010008,서울특별시 동작구 상도동,서울특별시 동작구 사당로 6 (상도동),근린생활1,제1종근린생활시설,1021118004,지번
1159010100102200032,서울특별시 동작구 노량진동,서울특별시 동작구 만양로 67-10 (노량진동),근린생활2,제2종근린생활시설,1021119200,지번
1159010100101340000,서울특별시 동작구 노량진동,서울특별시 동작구 만양로14길 55-1 (노량진동),근린생활2,제2종근린생활시설,102118351,지번
1159010800104040001,서울특별시 동작구 대방동,서울특별시 동작구 상도로 56 (대방동),근린생활1,제1종근린생활시설,1021122746,지번
1159010300103890001,서울특별시 동작구 상도1동,서울특별시 동작구 상도로 296-1 (상도1동),근린생활1,제1종근린생활시설,102117437,지번
1159010100100400039,서울특별시 동작구 노량진동,서울특별시 동작구 노량진로12길 12-6 (노량진동),근린생활2,제2종근린생활시설,1021129676,지번
1159010700110410007,서울특별시 동작구 사당동,서울특별시 동작구 남부순환로271길 20 (사당동),근린생활2,제2종근린생활시설,1021116776,지번
1159010700101320004,서울특별시 동작구 사당동,서울특별시 동작구 동작대로27길 16-6 (사당동),근린생활2,제2종근린생활시설,102117162,지번
1159010700110100029,서울특별시 동작구 사당동,서울특별시 동작구 동작대로13길 10 (사당동),근린생활2,제2종근린생활시설,1021122892,지번
1159010700102320012,서울특별시 동작구 사당동,서울특별시 동작구 사당로8길 22 (사당동),근린생활1,제1종근린생활시설,1021125726,지번
1159010300104990001,서울특별시 동작구 상도1동,서울특별시 동작구 강남초등길 23-1 (상도1동),근린생활2,제2종근린생활시설,1021125748,지번
1159010500101820007,서울특별시 동작구 흑석동,서울특별시 동작구 흑석로 110-1 (흑석동),근린생활2,단독주택,102113322,지번
1159010500101820007,서울특별시 동작구 흑석동,서울특별시 동작구 흑석로 110-1 (흑석동),근린생활2,제2종근린생활시설,102113323,지번
1159010100100600015,서울특별시 동작구 노량진동,서울특별시 동작구 노량진로 125 (노량진동),근린생활1,제1종근린생활시설,1021131556,지번
1159010200103500020,서울특별시 동작구 상도동,서울특별시 동작구 상도로15길 11 (상도동),근린생활1,제1종근린생활시설,1021120527,지번
1159010200104770008,서울특별시 동작구 상도동,,근린생활2,제2종근린생활시설,1021114292,지번
1159010700101270027,서울특별시 동작구 사당동,서울특별시 동작구 동작대로27길 59-16 (사당동),근린생활1,제1종근린생활시설,1021120842,지번
1159010200102610001,서울특별시 동작구 상도동,서울특별시 동작구 성대로 75 (상도동),근린생활,근린생활시설,1021124889,지번
1159010700102750039,서울특별시 동작구 사당동,서울특별시 동작구 사당로16길 44 (사당동),근린생활2,제2종근린생활시설,1021115312,지번
1159010700101670012,서울특별시 동작구 사당동,서울특별시 동작구 사당로27길 103 (사당동),근린생활2,단독주택,1021114876,본번
1159010900103640002,서울특별시 동작구 신대방동,서울특별시 동작구 여의대방로22길 40 (신대방동),근린생활1,제2종근린생활시설,10211100249553,지번
1159010200100320039,서울특별시 동작구 상도동,서울특별시 동작구 상도로 244 (상도동),근린생활1,제1종근린생활시설,1021113088,지번
1159010100102180033,서울특별시 동작구 노량진동,서울특별시 동작구 만양로11길 2 (노량진동),근린생활1,제1종근린생활시설,1021120117,지번
1159010200100670006,서울특별시 동작구 상도동,서울특별시 동작구 상도로37길 63 (상도동),근린생활2,제2종근린생활시설,1021123382,지번
1159010500100520008,서울특별시 동작구 흑석동,서울특별시 동작구 서달로14나길 19 (흑석동),근린생활1,제1종근린생활시설,1021110967,지번
1159010200104770011,서울특별시 동작구 상도동,서울특별시 동작구 상도로37길 68-1 (상도동),근린생활1,제1종근린생활시설,102116407,지번
1159010100103100099,서울특별시 동작구 노량진동,서울특별시 동작구 장승배기로 96 (노량진동),근린생활1,제1종근린생활시설,102115742,지번
1159010700102720038,서울특별시 동작구 사당동,서울특별시 동작구 사당로14길 32 (사당동),근린생활1,제1종근린생활시설,1021119935,지번
1159010700103830034,서울특별시 동작구 사당동,서울특별시 동작구 동작대로11길 95 (사당동),근린생활1,제1종근린생활시설,102116725,지번
1159010100102320195,서울특별시 동작구 노량진동,서울특별시 동작구 장승배기로24길 25 (노량진동),근린생활1,제1종근린생활시설,1021127267,지번
1159010900103610003,서울특별시 동작구 신대방동,서울특별시 동작구 여의대방로24길 52 (신대방동),근린생활1,제1종근린생활시설,1021110061,지번
1159010700102570012,서울특별시 동작구 사당동,서울특별시 동작구 사당로17다길 12 (사당동),근린생활1,제1종근린생활시설,1021128821,지번
1159010700102520019,서울특별시 동작구 사당동,서울특별시 동작구 사당로13길 13 (사당동),근린생활2,제2종근린생활시설,102115682,지번
1159010800103760016,서울특별시 동작구 대방동,서울특별시 동작구 대방동23길 4 (대방동),근린생활2,제2종근린생활시설,1021113225,지번
1159010200102610035,서울특별시 동작구 상도동,서울특별시 동작구 성대로 80 (상도동),근린생활1,제1종근린생활시설,1021123671,지번
1159010700110370012,서울특별시 동작구 사당동,서울특별시 동작구 사당로26길 134 (사당동),근린생활2,제2종근린생활시설,1021112156,지번
1159010200103480148,서울특별시 동작구 상도동,서울특별시 동작구 상도로 111 (상도동),근린생활2,제2종근린생활시설,1021125610,지번
1159010700101470068,서울특별시 동작구 사당동,서울특별시 동작구 사당로 307-14 (사당동),근린생활2,제2종근린생활시설,1021130156,지번
1159010700110180032,서울특별시 동작구 사당동,서울특별시 동작구 사당로30길 74 (사당동),근린생활1,제1종근린생활시설,102118325,지번
1159010700110210005,서울특별시 동작구 사당동,서울특별시 동작구 사당로26길 67 (사당동),근린생활1,제1종근린생활시설,1021112832,지번
1159010200102910001,서울특별시 동작구 상도동,서울특별시 동작구 국사봉1길 140 (상도동),근린생활1,제1종근린생활시설,102117129,지번
1159010700102300016,서울특별시 동작구 사당동,서울특별시 동작구 사당로8길 30 (사당동),근린생활1,제1종근린생활시설,1021119536,지번
1159010700110370016,서울특별시 동작구 사당동,서울특별시 동작구 남부순환로269길 22 (사당동),근린생활1,제1종근린생활시설,1021128853,지번
1159010700110310001,서울특별시 동작구 사당동,서울특별시 동작구 동작대로7길 11 (사당동),근린생활1,제1종근린생활시설,1021114180,지번
1159010700101480009,서울특별시 동작구 사당동,서울특별시 동작구 사당로 289 (사당동),근린생활2,제2종근린생활시설,102117083,지번
1159010200101210000,서울특별시 동작구 상도동,서울특별시 동작구 상도로67길 12-7 (상도동),근린생활2,제2종근린생활시설,10211100252833,지번
1159010700102240024,서울특별시 동작구 사당동,서울특별시 동작구 사당로 180 (사당동),근린생활1,제1종근린생활시설,1021115996,지번
1159010700101320006,서울특별시 동작구 사당동,서울특별시 동작구 동작대로27길 18 (사당동),근린생활1,제1종근린생활시설,1021115680,지번
1159010700102280011,서울특별시 동작구 사당동,서울특별시 동작구 사당로2가길 219 (사당동),근린생활1,제1종근린생활시설,102118071,지번
1159010500102040012,서울특별시 동작구 흑석동,서울특별시 동작구 흑석로5길 12 (흑석동),근린생활1,제1종근린생활시설,102119445,지번
1159010700100910175,서울특별시 동작구 사당동,서울특별시 동작구 동작대로29나길 14 (사당동),근린생활1,제1종근린생활시설,1021113542,지번
1159010400104550179,서울특별시 동작구 본동,서울특별시 동작구 매봉로 141 (본동),근린생활1,제1종근린생활시설,1021119109,지번
1159010700100790015,서울특별시 동작구 사당동,서울특별시 동작구 동작대로 157-9 (사당동),근린생활1,제1종근린생활시설,1021113886,지번
1159010200103240026,서울특별시 동작구 상도동,서울특별시 동작구 상도로12길 5-4 (상도동),근린생활2,제2종근린생활시설,1021114679,지번
1159010100101250007,서울특별시 동작구 노량진동,서울특별시 동작구 만양로14나길 4 (노량진동),근린생활2,제2종근린생활시설,1021129668,지번
1159010500100540149,서울특별시 동작구 흑석동,서울특별시 동작구 서달로12나길 2 (흑석동),근린생활1,제1종근린생활시설,1021124939,지번
1159010500100090027,서울특별시 동작구 흑석동,서울특별시 동작구 현충로 104 (흑석동),근린생활1,제1종근린생활시설,1021129652,지번
1159010300106640001,서울특별시 동작구 상도1동,서울특별시 동작구 양녕로 272 (상도1동),근린생활2,제2종근린생활시설,1021123085,지번
1159010700103180013,서울특별시 동작구 사당동,서울특별시 동작구 사당로16길 7 (사당동),근린생활2,제2종근린생활시설,1021131368,지번
1159010200103240068,서울특별시 동작구 상도동,서울특별시 동작구 국사봉1길 41 (상도동),근린생활1,제1종근린생활시설,1021121211,지번
1159010300106970000,서울특별시 동작구 상도1동,서울특별시 동작구 상도로 265-11 (상도1동),근린생활,근린생활시설,1021114330,지번
1159010700110030046,서울특별시 동작구 사당동,서울특별시 동작구 사당로28길 14 (사당동),근린생활1,제1종근린생활시설,1021121691,지번
1159010100100890002,서울특별시 동작구 노량진동,,근린생활1,제1종근린생활시설,1021116594,지번
1159010300106330009,서울특별시 동작구 상도1동,서울특별시 동작구 상도로41가길 21 (상도1동),근린생활2,제2종근린생활시설,1021130766,지번
1159010200103650001,서울특별시 동작구 상도동,,근린생활1,제2종근린생활시설,102113000,지번
1159010200103650001,서울특별시 동작구 상도동,,근린생활1,제1종근린생활시설,102113001,지번
1159010200101830005,서울특별시 동작구 상도동,서울특별시 동작구 상도로26길 24 (상도동),근린생활1,제1종근린생활시설,1021117779,지번
1159010200102830067,서울특별시 동작구 상도동,,근린생활2,단독주택,102114300,지번
1159010200102830067,서울특별시 동작구 상도동,,근린생활2,단독주택,102114301,지번
1159010200102830067,서울특별시 동작구 상도동,,근린생활2,제2종근린생활시설,102114302,지번
1159010200105050007,서울특별시 동작구 상도동,서울특별시 동작구 상도로67길 32 (상도동),근린생활2,제2종근린생활시설,1021130892,지번
1159010100102860005,서울특별시 동작구 노량진동,서울특별시 동작구 노량진로6길 52 (노량진동),근린생활2,제2종근린생활시설,1021121119,지번
1159010900103500009,서울특별시 동작구 신대방동,서울특별시 동작구 보라매로 99 (신대방동),근린생활2,제2종근린생활시설,1021127168,지번
1159010500100430008,서울특별시 동작구 흑석동,서울특별시 동작구 서달로14길 44 (흑석동),근린생활2,제2종근린생활시설,1021130021,지번
1159010100101000002,서울특별시 동작구 노량진동,서울특별시 동작구 노량진로16길 8 (노량진동),근린생활2,제2종근린생활시설,1021112484,지번
1159010900103630002,서울특별시 동작구 신대방동,서울특별시 동작구 여의대방로22길 50-6 (신대방동),근린생활2,제2종근린생활시설,1021129534,지번
1159010700110340001,서울특별시 동작구 사당동,서울특별시 동작구 사당로26길 97 (사당동),근린생활1,제1종근린생활시설,1021113199,지번
1159010200105060004,서울특별시 동작구 상도동,서울특별시 동작구 사당로 32 (상도동),근린생활1,제1종근린생활시설,1021123337,지번
1159010900106160038,서울특별시 동작구 신대방동,서울특별시 동작구 신대방길 56 (신대방동),근린생활2,단독주택,1021121902,지번
1159010100102400062,서울특별시 동작구 노량진동,서울특별시 동작구 장승배기로27길 1 (노량진동),근린생활1,제1종근린생활시설,102113066,지번
1159010200103560224,서울특별시 동작구 상도동,서울특별시 동작구 상도로15길 51 (상도동),근린생활2,제2종근린생활시설,1021122217,지번
1159010700102160009,서울특별시 동작구 사당동,서울특별시 동작구 사당로2차길 66 (사당동),근린생활1,단독주택,1000000000000006367156,지번
1159010300106930000,서울특별시 동작구 상도1동,서울특별시 동작구 상도로 265-25 (상도1동),근린생활2,제2종근린생활시설,10211100183628,지번
1159010500101020130,서울특별시 동작구 흑석동,서울특별시 동작구 서달로 165-1 (흑석동),근린생활2,제2종근린생활시설,1021118231,지번
1159010700100860009,서울특별시 동작구 사당동,서울특별시 동작구 동작대로 129 (사당동),근린생활1,제1종근린생활시설,1021127009,지번
1159010700110380011,서울특별시 동작구 사당동,서울특별시 동작구 사당로26길 125 (사당동),근린생활1,제1종근린생활시설,1021128878,지번
1159010700110470033,서울특별시 동작구 사당동,서울특별시 동작구 남부순환로 2047 (사당동),근린생활1,제1종근린생활시설,102116906,지번
1159010100103070070,서울특별시 동작구 노량진동,서울특별시 동작구 장승배기로 123-5 (노량진동),근린생활1,제1종근린생활시설,102113559,지번
1159010100103070070,서울특별시 동작구 노량진동,서울특별시 동작구 장승배기로 123-4 (노량진동),근린생활1,제1종근린생활시설,102113560,지번
1159010100103070070,서울특별시 동작구 노량진동,서울특별시 동작구 장승배기로 123-3 (노량진동),근린생활1,제1종근린생활시설,102113561,지번
1159010100103070070,서울특별시 동작구 노량진동,서울특별시 동작구 장승배기로 123-2 (노량진동),근린생활1,제1종근린생활시설,102113562,지번
1159010200101950025,서울특별시 동작구 상도동,서울특별시 동작구 상도로22길 8 (상도동),근린생활1,제1종근린생활시설,1021130730,지번
1159010200100290007,서울특별시 동작구 상도동,서울특별시 동작구 상도로34길 7 (상도동),근린생활2,제2종근린생활시설,102117584,지번
1159010500100970006,서울특별시 동작구 흑석동,서울특별시 동작구 서달로12길 13 (흑석동),근린생활1,제1종근린생활시설,1021113908,지번
1159010200102550003,서울특별시 동작구 상도동,서울특별시 동작구 성대로 35 (상도동),근린생활2,제2종근린생활시설,1021122357,지번
1159010100101190018,서울특별시 동작구 노량진동,서울특별시 동작구 노량진로14다길 16 (노량진동),근린생활2,제2종근린생활시설,1021128545,지번
1159010700101900200,서울특별시 동작구 사당동,서울특별시 동작구 사당로2가길 107 (사당동),근린생활2,제2종근린생활시설,1021122593,지번
1159010200103480147,서울특별시 동작구 상도동,서울특별시 동작구 상도로15길 3 (상도동),근린생활2,제2종근린생활시설,1021127140,지번
1159010700103210114,서울특별시 동작구 사당동,서울특별시 동작구 사당로 252 (사당동),근린생활2,제2종근린생활시설,102119589,지번
1159010200103560211,서울특별시 동작구 상도동,서울특별시 동작구 상도로15길 39 (상도동),근린생활2,제2종근린생활시설,1021110428,지번
1159010700100890020,서울특별시 동작구 사당동,서울특별시 동작구 동작대로29가길 27 (사당동),근린생활2,제2종근린생활시설,1021125939,지번
1159010700101880011,서울특별시 동작구 사당동,서울특별시 동작구 사당로2자길 2-13 (사당동),근린생활1,제1종근린생활시설,1021117940,지번
1159010200102960012,서울특별시 동작구 상도동,서울특별시 동작구 국사봉1길 103 (상도동),근린생활2,제2종근린생활시설,1021110589,지번
1159010900106920002,서울특별시 동작구 신대방동,서울특별시 동작구 대림로 28 (신대방동),근린생활2,제2종근린생활시설,1021113830,지번
1159010900107100000,서울특별시 동작구 신대방동,서울특별시 동작구 여의대방로10길 14 (신대방동),근린생활1,제1종근린생활시설,102112589,지번
1159010900107100000,서울특별시 동작구 신대방동,서울특별시 동작구 여의대방로10길 14 (신대방동),근린생활1,공동주택,102112590,지번
1159010900107100000,서울특별시 동작구 신대방동,서울특별시 동작구 여의대방로10길 14 (신대방동),근린생활1,공동주택,102112591,지번
1159010900107100000,서울특별시 동작구 신대방동,서울특별시 동작구 여의대방로10길 14 (신대방동),근린생활1,공동주택,102112592,지번
1159010900107100000,서울특별시 동작구 신대방동,서울특별시 동작구 여의대방로10길 14 (신대방동),근린생활1,공동주택,102112593,지번
1159010100100400032,서울특별시 동작구 노량진동,서울특별시 동작구 노량진로12길 8 (노량진동),근린생활1,제1종근린생활시설,1021118520,지번
1159010900103490025,서울특별시 동작구 신대방동,서울특별시 동작구 보라매로19길 16-1 (신대방동),근린생활2,단독주택,1021112049,지번
1159010700100890023,서울특별시 동작구 사당동,서울특별시 동작구 동작대로29가길 23-2 (사당동),근린생활2,제2종근린생활시설,1021129644,지번
1159010100100560020,서울특별시 동작구 노량진동,서울특별시 동작구 장승배기로30길 11 (노량진동),근린생활2,제2종근린생활시설,10211100216826,지번
1159010700102850044,서울특별시 동작구 사당동,서울특별시 동작구 사당로16라길 68-1 (사당동),근린생활2,제2종근린생활시설,102119022,지번
1159010100101170021,서울특별시 동작구 노량진동,서울특별시 동작구 만양로14가길 27 (노량진동),근린생활1,제1종근린생활시설,1021123546,지번
1159010700110320004,서울특별시 동작구 사당동,서울특별시 동작구 사당로30길 122 (사당동),근린생활2,제2종근린생활시설,1021127485,지번
1159010800103850024,서울특별시 동작구 대방동,서울특별시 동작구 여의대방로 194 (대방동),근린생활1,제1종근린생활시설,1021126231,지번
1159010100102970005,서울특별시 동작구 노량진동,서울특별시 동작구 노량진로6길 88 (노량진동),근린생활2,제2종근린생활시설,102116938,지번
1159010900103440259,서울특별시 동작구 신대방동,서울특별시 동작구 보라매로7가길 1 (신대방동),근린생활2,제2종근린생활시설,102116967,지번
1159010200104700008,서울특별시 동작구 상도동,서울특별시 동작구 상도로50길 33 (상도동),근린생활1,제1종근린생활시설,1021120724,지번
1159010700102520010,서울특별시 동작구 사당동,서울특별시 동작구 사당로13길 8 (사당동),근린생활1,제1종근린생활시설,1021122044,지번
1159010500100640003,서울특별시 동작구 흑석동,,근린생활2,단독주택,1021119143,본번
1159010400101900012,서울특별시 동작구 본동,서울특별시 동작구 매봉로 159 (본동),근린생활1,제1종근린생활시설,1021113933,지번
1159010100100720010,서울특별시 동작구 노량진동,서울특별시 동작구 노량진로16길 12-14 (노량진동),근린생활1,제1종근린생활시설,102113452,지번
1159010100100720010,서울특별시 동작구 노량진동,서울특별시 동작구 노량진로16길 12-14 (노량진동),근린생활1,숙박시설,102113453,지번
1159010200102020113,서울특별시 동작구 상도동,서울특별시 동작구 성대로29길 44 (상도동),근린생활1,제1종근린생활시설,1021131299,지번
1159010700110090006,서울특별시 동작구 사당동,서울특별시 동작구 동작대로15길 34 (사당동),근린생활1,제1종근린생활시설,1021130973,지번
1159010500100500024,서울특별시 동작구 흑석동,서울특별시 동작구 서달로14길 16 (흑석동),근린생활2,제2종근린생활시설,1021125860,지번
1159010700102270008,서울특별시 동작구 사당동,서울특별시 동작구 솔밭로 99 (사당동),근린생활1,제1종근린생활시설,1021128400,지번
1159010700107080595,서울특별시 동작구 사당동,서울특별시 동작구 동작대로25길 6 (사당동),근린생활1,제1종근린생활시설,1021127344,지번
1159010800103810015,서울특별시 동작구 대방동,서울특별시 동작구 여의대방로36길 22 (대방동),근린생활2,제2종근린생활시설,1021116660,지번
1159010100102640005,서울특별시 동작구 노량진동,서울특별시 동작구 노량진로8길 16 (노량진동),근린생활1,제1종근린생활시설,1021121225,지번
1159010900103600185,서울특별시 동작구 신대방동,서울특별시 동작구 여의대방로22카길 43 (신대방동),근린생활2,제2종근린생활시설,1021117728,지번
1159010200103610106,서울특별시 동작구 상도동,서울특별시 동작구 상도로15길 97 (상도동),근린생활2,제2종근린생활시설,1021112808,지번
1159010700101970002,서울특별시 동작구 사당동,서울특별시 동작구 사당로 136 (사당동),근린생활1,제1종근린생활시설,1021129985,지번
1159010200104670004,서울특별시 동작구 상도동,서울특별시 동작구 상도로 335 (상도동),근린생활1,제1종근린생활시설,1021123305,지번
1159010100102050019,서울특별시 동작구 노량진동,서울특별시 동작구 만양로12가길 19 (노량진동),근린생활2,제2종근린생활시설,1021120569,지번
1159010300105480001,서울특별시 동작구 상도1동,서울특별시 동작구 강남초등2길 5 (상도1동),근린생활2,제2종근린생활시설,10211100181980,지번
1159010200100220086,서울특별시 동작구 상도동,서울특별시 동작구 상도로31길 83 (상도동),근린생활2,제2종근린생활시설,1021114492,지번
1159010700110380007,서울특별시 동작구 사당동,서울특별시 동작구 사당로26길 117 (사당동),근린생활1,제1종근린생활시설,1021113283,지번
1159010300107120000,서울특별시 동작구 상도1동,서울특별시 동작구 상도로34나길 33 (상도1동),근린생활1,제1종근린생활시설,1021128057,지번
1159010100100540023,서울특별시 동작구 노량진동,서울특별시 동작구 장승배기로28길 13 (노량진동),근린생활1,제1종근린생활시설,1021118994,지번
1159010700102060030,서울특별시 동작구 사당동,서울특별시 동작구 사당로2차길 41 (사당동),근린생활1,제1종근린생활시설,1021116085,지번
1159010300103590004,서울특별시 동작구 상도1동,서울특별시 동작구 상도로37길 43 (상도1동),근린생활2,제2종근린생활시설,1021124289,지번
1159010700102650047,서울특별시 동작구 사당동,서울특별시 동작구 사당로16길 18 (사당동),근린생활1,제1종근린생활시설,1021127409,지번
1159010500100500036,서울특별시 동작구 흑석동,서울특별시 동작구 서달로14길 18 (흑석동),근린생활1,제1종근린생활시설,1021122056,지번
1159010100101260011,서울특별시 동작구 노량진동,서울특별시 동작구 만양로18길 18 (노량진동),근린생활2,제2종근린생활시설,1021128493,지번
1159010200103370015,서울특별시 동작구 상도동,서울특별시 동작구 상도로 101 (상도동),근린생활2,제2종근린생활시설,1021131437,지번
1159010200102590041,서울특별시 동작구 상도동,서울특별시 동작구 성대로10가길 5 (상도동),근린생활2,제2종근린생활시설,1021128690,지번
1159010200103210032,서울특별시 동작구 상도동,서울특별시 동작구 국사봉길 33 (상도동),근린생활2,제2종근린생활시설,1021120889,지번
1159010100102180019,서울특별시 동작구 노량진동,서울특별시 동작구 만양로11길 8 (노량진동),근린생활2,제2종근린생활시설,1021121653,지번
1159010700101410002,서울특별시 동작구 사당동,서울특별시 동작구 동작대로27바길 10 (사당동),근린생활1,제1종근린생활시설,102118250,지번
1159010800103940007,서울특별시 동작구 대방동,서울특별시 동작구 상도로 65 (대방동),근린생활1,제1종근린생활시설,1021110303,지번
1159010700101690032,서울특별시 동작구 사당동,서울특별시 동작구 사당로17길 111 (사당동),판매시설,노유자시설,1021114107,지번
1159010700101690032,서울특별시 동작구 사당동,서울특별시 동작구 사당로17길 111 (사당동),판매시설,공동주택,102115138,지번
1159010700101690032,서울특별시 동작구 사당동,서울특별시 동작구 사당로17길 111 (사당동),판매시설,공동주택,102115139,지번
1159010700101690032,서울특별시 동작구 사당동,서울특별시 동작구 사당로13길 86 (사당동),판매시설,판매시설,102115140,지번
1159010500100080034,서울특별시 동작구 흑석동,서울특별시 동작구 서달로14길 25 (흑석동),근린생활1,제1종근린생활시설,1021124807,지번
1159010200102080019,서울특별시 동작구 상도동,서울특별시 동작구 양녕로29길 4 (상도동),근린생활1,제1종근린생활시설,1021114407,지번
1159010200103150008,서울특별시 동작구 상도동,서울특별시 동작구 성대로2길 9 (상도동),근린생활1,제1종근린생활시설,102117655,지번
1159010100101200006,서울특별시 동작구 노량진동,서울특별시 동작구 만양로 81 (노량진동),근린생활1,제1종근린생활시설,102119059,지번
1159010200103160012,서울특별시 동작구 상도동,서울특별시 동작구 성대로2길 3-2 (상도동),근린생활1,제1종근린생활시설,1021122862,지번
1159010700110410033,서울특별시 동작구 사당동,서울특별시 동작구 동작대로3길 19 (사당동),근린생활1,제1종근린생활시설,1021123970,지번
1159010700101750059,서울특별시 동작구 사당동,서울특별시 동작구 사당로23길 175 (사당동),근린생활1,제1종근린생활시설,1021117279,지번
1159010100102570002,서울특별시 동작구 노량진동,서울특별시 동작구 노량진로8길 46 (노량진동),근린생활1,제1종근린생활시설,1021111136,지번
1159010500100540140,서울특별시 동작구 흑석동,서울특별시 동작구 서달로14나길 25 (흑석동),근린생활1,제1종근린생활시설,1021129025,지번
1159010900103450003,서울특별시 동작구 신대방동,서울특별시 동작구 보라매로 93 (신대방동),근린생활1,제1종근린생활시설,1021111612,지번
1159010700101270050,서울특별시 동작구 사당동,서울특별시 동작구 동작대로29길 59 (사당동),근린생활2,제2종근린생활시설,1021119643,지번
1159010700100880011,서울특별시 동작구 사당동,서울특별시 동작구 동작대로31길 2 (사당동),근린생활2,제2종근린생활시설,1021115995,지번
1159010700110070038,서울특별시 동작구 사당동,서울특별시 동작구 동작대로23길 3 (사당동),근린생활2,제2종근린생활시설,1021111359,지번
1159010200100290035,서울특별시 동작구 상도동,서울특별시 동작구 상도로34길 16 (상도동),근린생활2,제2종근린생활시설,102118051,지번
1159010200103210030,서울특별시 동작구 상도동,서울특별시 동작구 국사봉길 41 (상도동),근린생활2,제2종근린생활시설,1021123859,지번
1159010200101820016,서울특별시 동작구 상도동,서울특별시 동작구 장승배기로 58 (상도동),근린생활2,제2종근린생활시설,1021127334,지번
1159010100102400018,서울특별시 동작구 노량진동,서울특별시 동작구 장승배기로 153 (노량진동),근린생활1,제2종근린생활시설,102114072,지번
1159010100102400018,서울특별시 동작구 노량진동,서울특별시 동작구 장승배기로 153-2 (노량진동),근린생활1,제1종근린생활시설,102114073,지번
1159010100102400027,서울특별시 동작구 노량진동,서울특별시 동작구 장승배기로 151 (노량진동),근린생활1,제1종근린생활시설,102111187,지번
1159010100102730007,서울특별시 동작구 노량진동,서울특별시 동작구 노량진로6길 38-1 (노량진동),근린생활2,제2종근린생활시설,102112720,지번
1159010100102730007,서울특별시 동작구 노량진동,서울특별시 동작구 노량진로6길 38 (노량진동),근린생활2,제2종근린생활시설,102112721,지번
1159010100102730007,서울특별시 동작구 노량진동,서울특별시 동작구 노량진로6길 32-1 (노량진동),근린생활2,종교시설,102112722,지번
1159010100102730007,서울특별시 동작구 노량진동,서울특별시 동작구 노량진로6길 32-1 (노량진동),근린생활2,종교시설,102112723,지번
1159010100102730007,서울특별시 동작구 노량진동,서울특별시 동작구 노량진로6길 32-1 (노량진동),근린생활2,종교시설,102112724,지번
1159010100102730007,서울특별시 동작구 노량진동,서울특별시 동작구 노량진로6길 32-1 (노량진동),근린생활2,종교시설,102112725,지번
1159010100102730007,서울특별시 동작구 노량진동,서울특별시 동작구 노량진로6길 32-1 (노량진동),근린생활2,종교시설,102112726,지번
1159010100102730007,서울특별시 동작구 노량진동,서울특별시 동작구 노량진로6길 32-1 (노량진동),근린생활2,종교시설,102112727,지번
1159010100102730007,서울특별시 동작구 노량진동,서울특별시 동작구 노량진로6길 32-1 (노량진동),근린생활2,종교시설,102112728,지번
1159010100101180002,서울특별시 동작구 노량진동,서울특별시 동작구 만양로 102-6 (노량진동),근린생활2,제2종근린생활시설,1021115377,지번
1159010700107080454,서울특별시 동작구 사당동,서울특별시 동작구 동작대로25길 24 (사당동),근린생활2,제2종근린생활시설,1021122242,지번
1159010700102520014,서울특별시 동작구 사당동,서울특별시 동작구 사당로13길 6 (사당동),근린생활2,제2종근린생활시설,1021124938,지번
1159010200100020001,서울특별시 동작구 상도동,서울특별시 동작구 매봉로 61 (상도동),근린생활2,제2종근린생활시설,1021128782,지번
1159010100101390000,서울특별시 동작구 노량진동,서울특별시 동작구 만양로14길 65 (노량진동),근린생활,근린생활시설,1021116352,지번
1159010200100670001,서울특별시 동작구 상도동,서울특별시 동작구 상도로37길 65 (상도동),근린생활2,제2종근린생활시설,1021112675,지번
1159010900106070059,서울특별시 동작구 신대방동,서울특별시 동작구 신대방길 111 (신대방동),근린생활2,제2종근린생활시설,102117849,지번
1159010200104690001,서울특별시 동작구 상도동,서울특별시 동작구 상도로50길 9 (상도동),근린생활2,제2종근린생활시설,102115965,지번
1159010300106520000,서울특별시 동작구 상도1동,서울특별시 동작구 상도로41마길 12 (상도1동),근린생활2,제2종근린생활시설,1021124313,지번
1159010100100720068,서울특별시 동작구 노량진동,서울특별시 동작구 노량진로14가길 15 (노량진동),근린생활2,제2종근린생활시설,102117576,지번
1159010400104020001,서울특별시 동작구 본동,서울특별시 동작구 노량진로 226 (본동),근린생활1,교육연구시설,102112303,지번
1159010400104020001,서울특별시 동작구 본동,서울특별시 동작구 노량진로 226 (본동),근린생활1,제1종근린생활시설,102112304,지번
1159010300106250000,서울특별시 동작구 상도1동,서울특별시 동작구 양녕로 273 (상도1동),근린생활2,제2종근린생활시설,102117464,지번
1159010800104000005,서울특별시 동작구 대방동,서울특별시 동작구 상도로 4 (대방동),근린생활2,제2종근린생활시설,102115406,지번
1159010800104000005,서울특별시 동작구 대방동,서울특별시 동작구 상도로 4 (대방동),근린생활2,제2종근린생활시설,102115407,지번
1159010700101470081,서울특별시 동작구 사당동,서울특별시 동작구 동작대로27가길 44 (사당동),근린생활2,제2종근린생활시설,102119892,지번
1159010700101800054,서울특별시 동작구 사당동,서울특별시 동작구 사당로23길 274 (사당동),근린생활1,제1종근린생활시설,102115077,지번
1159010700101800054,서울특별시 동작구 사당동,서울특별시 동작구 사당로23길 274 (사당동),근린생활1,제2종근린생활시설,102115078,지번
1159010700102130027,서울특별시 동작구 사당동,서울특별시 동작구 사당로 174 (사당동),근린생활1,제1종근린생활시설,1021127737,지번
1159010100102300010,서울특별시 동작구 노량진동,서울특별시 동작구 장승배기로 114 (노량진동),근린생활2,제2종근린생활시설,1021112261,지번
1159010900105910010,서울특별시 동작구 신대방동,서울특별시 동작구 신대방길 98 (신대방동),근린생활1,제1종근린생활시설,1021121038,지번
1159010200105070024,서울특별시 동작구 상도동,서울특별시 동작구 상도로61가길 6 (상도동),근린생활1,제1종근린생활시설,1021127459,지번
1159010100100270011,서울특별시 동작구 노량진동,서울특별시 동작구 노량진로 92 (노량진동),근린생활1,제1종근린생활시설,1021124421,지번
1159010400103830001,서울특별시 동작구 본동,서울특별시 동작구 노량진로20길 4 (본동),근린생활1,제1종근린생활시설,102118081,지번
1159010700103000073,서울특별시 동작구 사당동,서울특별시 동작구 사당로16길 68 (사당동),근린생활1,제1종근린생활시설,102118338,지번
1159010700110280001,서울특별시 동작구 사당동,서울특별시 동작구 동작대로9길 35 (사당동),근린생활1,제1종근린생활시설,1021115088,지번
1159010700103210060,서울특별시 동작구 사당동,서울특별시 동작구 동작대로15길 112 (사당동),근린생활1,제1종근린생활시설,1021124446,지번
1159010700102270011,서울특별시 동작구 사당동,서울특별시 동작구 사당로2차길 74 (사당동),근린생활1,제1종근린생활시설,1021113232,지번
1159010100103070042,서울특별시 동작구 노량진동,서울특별시 동작구 장승배기로21길 13 (노량진동),근린생활1,제1종근린생활시설,1021118411,지번
1159010800104160004,서울특별시 동작구 대방동,서울특별시 동작구 여의대방로24가길 22 (대방동),근린생활1,제1종근린생활시설,102115412,지번
1159010100101480064,서울특별시 동작구 노량진동,서울특별시 동작구 만양로18길 19-1 (노량진동),근린생활2,제2종근린생활시설,1021117215,지번
1159010800103440035,서울특별시 동작구 대방동,서울특별시 동작구 여의대방로46길 28 (대방동),근린생활1,제1종근린생활시설,102115810,지번
1159010500101800015,서울특별시 동작구 흑석동,서울특별시 동작구 서달로15길 25 (흑석동),근린생활2,제2종근린생활시설,1021114826,지번
1159010700101300014,서울특별시 동작구 사당동,서울특별시 동작구 동작대로29길 17 (사당동),근린생활1,제1종근린생활시설,1021121258,지번
1159010700110400001,서울특별시 동작구 사당동,서울특별시 동작구 동작대로3길 35 (사당동),근린생활1,제1종근린생활시설,102117783,지번
1159010200103590020,서울특별시 동작구 상도동,서울특별시 동작구 상도로15길 106 (상도동),근린생활2,제2종근린생활시설,102115572,지번
1159010200105070011,서울특별시 동작구 상도동,서울특별시 동작구 상도로61길 54 (상도동),근린생활1,제1종근린생활시설,102119492,지번
1159010800105200000,서울특별시 동작구 대방동,서울특별시 동작구 여의대방로36길 51 (대방동),근린생활1,수련시설,1000000000000000120517,지번
1159010800105200000,서울특별시 동작구 대방동,서울특별시 동작구 여의대방로36길 71 (대방동),근린생활1,제1종근린생활시설,1021117657,지번
1159010800105200000,서울특별시 동작구 대방동,서울특별시 동작구 여의대방로36길 71 (대방동),근린생활1,제2종근린생활시설,1021123875,지번
1159010800105200000,서울특별시 동작구 대방동,서울특별시 동작구 여의대방로36길 71 (대방동),근린생활1,제1종근린생활시설,1021129973,지번
1159010700101300020,서울특별시 동작구 사당동,서울특별시 동작구 동작대로27길 28 (사당동),근린생활2,제2종근린생활시설,1021129231,지번
1159010700110080001,서울특별시 동작구 사당동,서울특별시 동작구 동작대로17길 5 (사당동),근린생활2,공동주택,1000000000000007052281,지번
1159010200100330005,서울특별시 동작구 상도동,서울특별시 동작구 상도로 258-2 (상도동),근린생활1,제1종근린생활시설,102116699,지번
1159010300107800002,서울특별시 동작구 상도1동,서울특별시 동작구 상도로 284 (상도1동),근린생활2,제2종근린생활시설,1021120523,지번
1159010200100200012,서울특별시 동작구 상도동,서울특별시 동작구 만양로 10 (상도동),근린생활2,제2종근린생활시설,102115611,지번
1159010800100660001,서울특별시 동작구 대방동,서울특별시 동작구 노량진로 47 (대방동),근린생활2,제2종근린생활시설,1021113961,지번
1159010500101960019,서울특별시 동작구 흑석동,서울특별시 동작구 흑석로13바길 15 (흑석동),근린생활1,제1종근린생활시설,1021117807,지번
1159010100102220015,서울특별시 동작구 노량진동,서울특별시 동작구 만양로8길 59 (노량진동),근린생활2,제2종근린생활시설,1021129415,지번
1159010800103510008,서울특별시 동작구 대방동,서울특별시 동작구 알마타길 28 (대방동),근린생활2,제2종근린생활시설,1021110743,지번
1159010300102580003,서울특별시 동작구 상도1동,서울특별시 동작구 상도로 319 (상도1동),근린생활1,제1종근린생활시설,1021127560,지번
1159010200103650023,서울특별시 동작구 상도동,서울특별시 동작구 상도로 174-4 (상도동),근린생활2,제2종근린생활시설,102119057,지번
1159010200102560151,서울특별시 동작구 상도동,서울특별시 동작구 국사봉1길 87 (상도동),근린생활2,제2종근린생활시설,1021119317,지번
1159010500101900039,서울특별시 동작구 흑석동,서울특별시 동작구 흑석로 85-10 (흑석동),근린생활2,제2종근린생활시설,1021126859,지번
1159010700101880050,서울특별시 동작구 사당동,서울특별시 동작구 사당로2아길 1 (사당동),근린생활1,단독주택,10211100245313,지번
1159010200102040021,서울특별시 동작구 상도동,서울특별시 동작구 장승배기로 25-2 (상도동),근린생활2,제2종근린생활시설,1021124394,지번
1159010200102640035,서울특별시 동작구 상도동,서울특별시 동작구 성대로 87 (상도동),근린생활2,제2종근린생활시설,102117165,지번
1159010700110290045,서울특별시 동작구 사당동,서울특별시 동작구 동작대로7길 16 (사당동),근린생활1,제1종근린생활시설,1021130358,지번
1159010700101500014,서울특별시 동작구 사당동,서울특별시 동작구 사당로27길 19 (사당동),근린생활2,제2종근린생활시설,1021121918,지번
1159010800100200008,서울특별시 동작구 대방동,서울특별시 동작구 등용로 93 (대방동),근린생활2,단독주택,102115335,지번
1159010200103240072,서울특별시 동작구 상도동,서울특별시 동작구 국사봉1길 11 (상도동),근린생활2,제2종근린생활시설,1021113749,지번
1159010200103170007,서울특별시 동작구 상도동,서울특별시 동작구 국사봉1길 60-9 (상도동),근린생활1,제1종근린생활시설,1021130392,지번
1159010800103970016,서울특별시 동작구 대방동,서울특별시 동작구 대방동1길 39 (대방동),근린생활1,제1종근린생활시설,1021126567,지번
1159010300107980001,서울특별시 동작구 상도1동,서울특별시 동작구 상도로 290 (상도1동),근린생활2,제2종근린생활시설,102119688,지번
1159010800103970019,서울특별시 동작구 대방동,서울특별시 동작구 대방동27길 114 (대방동),근린생활2,제2종근린생활시설,1021121919,지번
1159010700110310017,서울특별시 동작구 사당동,서울특별시 동작구 동작대로5길 7 (사당동),근린생활1,제1종근린생활시설,1021112411,지번
1159010700107080640,서울특별시 동작구 사당동,서울특별시 동작구 사당로17길 47 (사당동),근린생활1,제1종근린생활시설,102116045,지번
1159010700101270009,서울특별시 동작구 사당동,서울특별시 동작구 동작대로29길 63-6 (사당동),근린생활2,제2종근린생활시설,1021131427,지번
1159010200101590014,서울특별시 동작구 상도동,서울특별시 동작구 상도로34길 70 (상도동),근린생활2,제2종근린생활시설,1021119972,지번
1159010700102650012,서울특별시 동작구 사당동,서울특별시 동작구 사당로 229 (사당동),근린생활1,제1종근린생활시설,1021116009,지번
1159010500101620003,서울특별시 동작구 흑석동,서울특별시 동작구 흑석로 120 (흑석동),근린생활1,제2종근린생활시설,102113314,지번
1159010100101260010,서울특별시 동작구 노량진동,서울특별시 동작구 만양로18길 22 (노량진동),근린생활1,제1종근린생활시설,1021115550,지번
1159010700101690008,서울특별시 동작구 사당동,서울특별시 동작구 사당로23길 137 (사당동),근린생활1,제1종근린생활시설,102115124,지번
1159010700101690008,서울특별시 동작구 사당동,서울특별시 동작구 사당로17길 8 (사당동),근린생활1,판매시설,102115125,지번
1159010700101690008,서울특별시 동작구 사당동,서울특별시 동작구 사당로17길 52 (사당동),근린생활1,공동주택,102115126,지번
1159010700101690008,서울특별시 동작구 사당동,서울특별시 동작구 사당로17길 52 (사당동),근린생활1,공동주택,102115127,지번
1159010700101690008,서울특별시 동작구 사당동,서울특별시 동작구 사당로17길 52 (사당동),근린생활1,공동주택,102115128,지번
1159010700101690008,서울특별시 동작구 사당동,서울특별시 동작구 사당로17길 52 (사당동),근린생활1,공동주택,102115129,지번
1159010700101690008,서울특별시 동작구 사당동,서울특별시 동작구 사당로17길 52 (사당동),근린생활1,공동주택,102115130,지번
1159010700101690008,서울특별시 동작구 사당동,서울특별시 동작구 사당로17길 52 (사당동),근린생활1,공동주택,102115131,지번
1159010700101690008,서울특별시 동작구 사당동,서울특별시 동작구 사당로17길 52 (사당동),근린생활1,공동주택,102115132,지번
1159010700101690008,서울특별시 동작구 사당동,서울특별시 동작구 사당로17길 52 (사당동),근린생활1,공동주택,102115133,지번
1159010700101690008,서울특별시 동작구 사당동,서울특별시 동작구 사당로17길 52 (사당동),근린생활1,공동주택,102115134,지번
1159010700101690008,서울특별시 동작구 사당동,서울특별시 동작구 사당로17길 52 (사당동),근린생활1,공동주택,102115135,지번
1159010700101690008,서울특별시 동작구 사당동,서울특별시 동작구 사당로17길 52 (사당동),근린생활1,공동주택,102115136,지번
1159010700101690008,서울특별시 동작구 사당동,서울특별시 동작구 사당로17길 52 (사당동),근린생활1,공동주택,102115137,지번
1159010700101440011,서울특별시 동작구 사당동,서울특별시 동작구 사당로 297 (사당동),근린생활1,제1종근린생활시설,1021113391,지번
1159010800100040000,서울특별시 동작구 대방동,서울특별시 동작구 등용로 46 (대방동),근린생활1,제1종근린생활시설,1021115494,지번
1159010200104770016,서울특별시 동작구 상도동,서울특별시 동작구 상도로37길 72 (상도동),근린생활2,제2종근린생활시설,1021111325,지번
1159010700101540017,서울특별시 동작구 사당동,서울특별시 동작구 사당로 277 (사당동),근린생활1,제1종근린생활시설,102118388,지번
1159010500100540138,서울특별시 동작구 흑석동,서울특별시 동작구 서달로14나길 23 (흑석동),근린생활1,제1종근린생활시설,1021128588,지번
1159010400104850000,서울특별시 동작구 본동,서울특별시 동작구 노량진로26길 62 (본동),근린생활1,제1종근린생활시설,1021113496,지번
1159010500101000045,서울특별시 동작구 흑석동,서울특별시 동작구 서달로 157 (흑석동),근린생활1,제1종근린생활시설,1021117799,지번
1159010200101700026,서울특별시 동작구 상도동,서울특별시 동작구 상도로30길 8 (상도동),근린생활1,제1종근린생활시설,1021117989,지번
1159010700101480012,서울특별시 동작구 사당동,서울특별시 동작구 사당로 293 (사당동),근린생활2,제2종근린생활시설,1021112277,지번
1159010700101330009,서울특별시 동작구 사당동,서울특별시 동작구 동작대로29길 5 (사당동),근린생활1,제1종근린생활시설,1021127859,지번
1159010200103430001,서울특별시 동작구 상도동,서울특별시 동작구 상도로 103 (상도동),근린생활2,제1종근린생활시설,102114445,지번
1159010200103430001,서울특별시 동작구 상도동,서울특별시 동작구 상도로 103 (상도동),근린생활2,제2종근린생활시설,102114446,지번
1159010200103650004,서울특별시 동작구 상도동,서울특별시 동작구 등용로 2 (상도동),근린생활1,제1종근린생활시설,1021120587,지번
1159010200102030036,서울특별시 동작구 상도동,서울특별시 동작구 장승배기로 13 (상도동),근린생활1,제1종근린생활시설,1021128752,지번
1159010800100200010,서울특별시 동작구 대방동,서울특별시 동작구 등용로 96 (대방동),근린생활1,제1종근린생활시설,1021110824,지번
1159010700100770002,서울특별시 동작구 사당동,서울특별시 동작구 동작대로33길 28 (사당동),근린생활1,제1종근린생활시설,1021111471,지번
1159010700110030002,서울특별시 동작구 사당동,서울특별시 동작구 사당로 276 (사당동),근린생활1,제1종근린생활시설,1021118982,지번
1159010900103440096,서울특별시 동작구 신대방동,서울특별시 동작구 보라매로 61 (신대방동),근린생활1,제1종근린생활시설,1021114658,지번
1159010700101340002,서울특별시 동작구 사당동,서울특별시 동작구 동작대로 127 (사당동),근린생활1,제1종근린생활시설,1021128444,지번
1159010100102720010,서울특별시 동작구 노량진동,서울특별시 동작구 노량진로6길 28 (노량진동),근린생활1,제1종근린생활시설,102117940,지번
1159010800100170022,서울특별시 동작구 대방동,서울특별시 동작구 등용로 86 (대방동),근린생활1,제1종근린생활시설,1021122595,지번
1159010200102700000,서울특별시 동작구 상도동,서울특별시 동작구 성대로10길 23 (상도동),근린생활1,제1종근린생활시설,1021115044,지번
1159010700102530001,서울특별시 동작구 사당동,서울특별시 동작구 사당로17가길 22 (사당동),근린생활1,제1종근린생활시설,1021110465,지번
1159010100101170017,서울특별시 동작구 노량진동,서울특별시 동작구 만양로 106 (노량진동),근린생활1,제1종근린생활시설,1021126351,지번
1159010200104940000,서울특별시 동작구 상도동,서울특별시 동작구 상도로 372 (상도동),근린생활2,제2종근린생활시설,1021114156,지번
1159010700110060030,서울특별시 동작구 사당동,서울특별시 동작구 사당로30길 28 (사당동),근린생활1,제1종근린생활시설,1021124395,지번
1159010800103840001,서울특별시 동작구 대방동,서울특별시 동작구 여의대방로36길 21-11 (대방동),근린생활2,공동주택,10211100260473,지번
1159010500101020095,서울특별시 동작구 흑석동,서울특별시 동작구 서달로13길 4 (흑석동),근린생활2,제2종근린생활시설,1021118061,지번
1159010700100680002,서울특별시 동작구 사당동,서울특별시 동작구 동작대로35길 43 (사당동),근린생활2,제2종근린생활시설,1021110334,지번
1159010700100680002,서울특별시 동작구 사당동,서울특별시 동작구 동작대로35길 43 (사당동),근린생활2,운동시설,1021122969,지번
1159010700110090034,서울특별시 동작구 사당동,서울특별시 동작구 동작대로17길 7 (사당동),근린생활1,제1종근린생활시설,102119797,지번
1159010200102150003,서울특별시 동작구 상도동,서울특별시 동작구 양녕로26길 56 (상도동),근린생활1,제1종근린생활시설,102113009,지번
1159010200102150003,서울특별시 동작구 상도동,서울특별시 동작구 양녕로26길 56 (상도동),근린생활1,제1종근린생활시설,102113010,지번
1159010700103030030,서울특별시 동작구 사당동,서울특별시 동작구 남부순환로255다길 40 (사당동),근린생활1,제1종근린생활시설,1021121950,지번
1159010100103100164,서울특별시 동작구 노량진동,서울특별시 동작구 장승배기로 102 (노량진동),근린생활2,제2종근린생활시설,1021117917,지번
1159010100102700002,서울특별시 동작구 노량진동,서울특별시 동작구 등용로14길 64 (노량진동),근린생활1,제1종근린생활시설,102112715,지번
1159010100102700002,서울특별시 동작구 노량진동,서울특별시 동작구 등용로14길 60 (노량진동),근린생활1,제1종근린생활시설,102112716,지번
1159010700101440018,서울특별시 동작구 사당동,서울특별시 동작구 사당로 295 (사당동),근린생활1,제1종근린생활시설,1021114366,지번
1159010700102520015,서울특별시 동작구 사당동,서울특별시 동작구 사당로 219 (사당동),근린생활1,제1종근린생활시설,1021118103,지번
1159010700101350003,서울특별시 동작구 사당동,서울특별시 동작구 동작대로 121 (사당동),근린생활1,제1종근린생활시설,1021111169,지번
1159010700102490020,서울특별시 동작구 사당동,서울특별시 동작구 사당로12길 18 (사당동),근린생활2,제2종근린생활시설,1021128615,지번
1159010700110190038,서울특별시 동작구 사당동,서울특별시 동작구 동작대로 55 (사당동),근린생활2,제2종근린생활시설,1021123161,지번
1159010700110380056,서울특별시 동작구 사당동,서울특별시 동작구 동작대로7길 58 (사당동),근린생활1,제1종근린생활시설,1021121131,지번
1159010500100430005,서울특별시 동작구 흑석동,서울특별시 동작구 서달로14길 40 (흑석동),근린생활2,제2종근린생활시설,1021129174,지번
1159010500102050006,서울특별시 동작구 흑석동,서울특별시 동작구 흑석로 75-4 (흑석동),근린생활1,제2종근린생활시설,10211100259613,지번
1159010700101540009,서울특별시 동작구 사당동,서울특별시 동작구 사당로 273-1 (사당동),근린생활2,제2종근린생활시설,1021121209,지번
1159010700102660001,서울특별시 동작구 사당동,서울특별시 동작구 사당로 237 (사당동),근린생활1,제1종근린생활시설,102117006,지번
1159010700110440024,서울특별시 동작구 사당동,서울특별시 동작구 남부순환로 2073 (사당동),근린생활1,제1종근린생활시설,1021123662,지번
1159010700102490091,서울특별시 동작구 사당동,서울특별시 동작구 사당로 198 (사당동),근린생활1,제1종근린생활시설,1021110438,지번
1159010800100170039,서울특별시 동작구 대방동,서울특별시 동작구 등용로9길 1-3 (대방동),근린생활2,제2종근린생활시설,10211100189560,지번
1159010900103750014,서울특별시 동작구 신대방동,서울특별시 동작구 여의대방로22가길 10 (신대방동),근린생활2,제2종근린생활시설,1021113736,지번
1159010700101390046,서울특별시 동작구 사당동,서울특별시 동작구 동작대로27길 19 (사당동),근린생활2,제2종근린생활시설,102116772,지번
1159010700110170011,서울특별시 동작구 사당동,서울특별시 동작구 동작대로13길 27 (사당동),근린생활1,제1종근린생활시설,1021127436,지번
1159010200100190017,서울특별시 동작구 상도동,서울특별시 동작구 만양로 17 (상도동),근린생활2,제1종근린생활시설,10211100245013,지번
1159010700110010001,서울특별시 동작구 사당동,서울특별시 동작구 사당로 260 (사당동),근린생활2,제2종근린생활시설,1021112836,지번
1159010400102580001,서울특별시 동작구 본동,서울특별시 동작구 노량진로 247 (본동),근린생활1,제1종근린생활시설,1000000000000001278642,지번
1159010400102580001,서울특별시 동작구 본동,서울특별시 동작구 노량진로 247 (본동),근린생활1,제1종근린생활시설,102111921,지번
1159010400102580001,서울특별시 동작구 본동,서울특별시 동작구 노량진로 247 (본동),근린생활1,제1종근린생활시설,102111922,지번
1159010400102580001,서울특별시 동작구 본동,서울특별시 동작구 노량진로 247 (본동),근린생활1,제1종근린생활시설,102111923,지번
1159010400102580001,서울특별시 동작구 본동,서울특별시 동작구 노량진로 247 (본동),근린생활1,제1종근린생활시설,102111924,지번
1159010200101940003,서울특별시 동작구 상도동,서울특별시 동작구 상도로22나길 2 (상도동),근린생활1,제1종근린생활시설,1021127893,지번
1159010800105190000,서울특별시 동작구 대방동,서울특별시 동작구 여의대방로44길 39 (대방동),근린생활2,제2종근린생활시설,1021110153,지번
1159010700101620096,서울특별시 동작구 사당동,서울특별시 동작구 사당로23나길 30 (사당동),근린생활1,제1종근린생활시설,1021110418,지번
1159010900106180003,서울특별시 동작구 신대방동,서울특별시 동작구 신대방2길 13 (신대방동),근린생활2,제2종근린생활시설,1021119886,지번
1159010700111360001,서울특별시 동작구 사당동,서울특별시 동작구 동작대로29길 63-26 (사당동),근린생활1,제1종근린생활시설,1021120106,지번
1159010700101370030,서울특별시 동작구 사당동,서울특별시 동작구 동작대로27가길 6-3 (사당동),근린생활2,제2종근린생활시설,102116089,지번
1159010700103190044,서울특별시 동작구 사당동,서울특별시 동작구 동작대로11길 104 (사당동),근린생활2,제2종근린생활시설,1021117390,지번
1159010200102080032,서울특별시 동작구 상도동,서울특별시 동작구 양녕로 195 (상도동),근린생활1,제1종근린생활시설,1021128973,지번
1159010700102320014,서울특별시 동작구 사당동,서울특별시 동작구 사당로8길 18 (사당동),근린생활1,제1종근린생활시설,102115845,지번
1159010700110390060,서울특별시 동작구 사당동,서울특별시 동작구 남부순환로271길 13 (사당동),근린생활2,제2종근린생활시설,1021110097,지번
1159010100102710007,서울특별시 동작구 노량진동,서울특별시 동작구 노량진로6길 18 (노량진동),근린생활1,제1종근린생활시설,1021126532,지번
1159010900106940013,서울특별시 동작구 신대방동,서울특별시 동작구 대림로 31 (신대방동),근린생활2,제2종근린생활시설,1021128408,지번
1159010200104990008,서울특별시 동작구 상도동,서울특별시 동작구 상도로 391 (상도동),근린생활1,제1종근린생활시설,1021124380,지번
1159010700100730028,서울특별시 동작구 사당동,서울특별시 동작구 동작대로33다길 9 (사당동),근린생활1,제1종근린생활시설,102116556,지번
1159010700100390008,서울특별시 동작구 사당동,서울특별시 동작구 동작대로37길 7 (사당동),근린생활1,제1종근린생활시설,1021125121,지번
1159010100102190045,서울특별시 동작구 노량진동,서울특별시 동작구 만양로11길 3-4 (노량진동),근린생활2,제2종근린생활시설,1021119947,지번
1159010700100430000,서울특별시 동작구 사당동,서울특별시 동작구 동작대로35자길 3 (사당동),근린생활1,제1종근린생활시설,102115181,지번
1159010700100430000,서울특별시 동작구 사당동,서울특별시 동작구 동작대로35자길 3 (사당동),근린생활1,단독주택,102115182,지번
1159010100102800025,서울특별시 동작구 노량진동,서울특별시 동작구 노량진로10길 44 (노량진동),근린생활1,제1종근린생활시설,1021129611,지번
1159010500100500035,서울특별시 동작구 흑석동,서울특별시 동작구 서달로14길 20 (흑석동),근린생활1,제1종근린생활시설,1021131121,지번
1159010100102150162,서울특별시 동작구 노량진동,서울특별시 동작구 만양로10길 5 (노량진동),근린생활2,제2종근린생활시설,1021111624,지번
1159010900106920038,서울특별시 동작구 신대방동,서울특별시 동작구 대림로 16-1 (신대방동),근린생활1,제1종근린생활시설,1021128964,지번
1159010700101750022,서울특별시 동작구 사당동,서울특별시 동작구 사당로23길 193 (사당동),근린생활2,제2종근린생활시설,102119064,지번
1159010700101390027,서울특별시 동작구 사당동,서울특별시 동작구 동작대로27다길 8 (사당동),근린생활2,제2종근린생활시설,1021116668,지번
1159010700110390006,서울특별시 동작구 사당동,서울특별시 동작구 동작대로7길 73 (사당동),근린생활1,제1종근린생활시설,102117392,지번
1159010900103420010,서울특별시 동작구 신대방동,서울특별시 동작구 보라매로 86 (신대방동),근린생활1,공동주택,1000000000000001878179,지번
1159010700100910174,서울특별시 동작구 사당동,서울특별시 동작구 동작대로29나길 16 (사당동),근린생활1,제1종근린생활시설,102115889,지번
1159010700101450005,서울특별시 동작구 사당동,서울특별시 동작구 동작대로27가길 32 (사당동),근린생활2,제2종근린생활시설,1021124335,지번
1159010400101900010,서울특별시 동작구 본동,서울특별시 동작구 매봉로 163 (본동),근린생활1,제1종근린생활시설,1021129384,지번
1159010100100590034,서울특별시 동작구 노량진동,,근린생활1,제1종근린생활시설,1021128539,지번
1159010900103580004,서울특별시 동작구 신대방동,서울특별시 동작구 여의대방로22사길 37 (신대방동),근린생활1,제1종근린생활시설,1021118564,지번
1159010700100890030,서울특별시 동작구 사당동,서울특별시 동작구 동작대로33길 17 (사당동),근린생활1,제1종근린생활시설,1021113160,지번
1159010100101510001,서울특별시 동작구 노량진동,서울특별시 동작구 노량진로 177 (노량진동),근린생활1,제1종근린생활시설,1021112318,지번
1159010100101180026,서울특별시 동작구 노량진동,서울특별시 동작구 만양로14가길 9 (노량진동),근린생활2,제2종근린생활시설,1021117010,지번
1159010700110170016,서울특별시 동작구 사당동,서울특별시 동작구 동작대로13길 25 (사당동),근린생활1,제1종근린생활시설,10211100183246,지번
1159010200103610038,서울특별시 동작구 상도동,서울특별시 동작구 상도로15길 85 (상도동),근린생활2,제2종근린생활시설,1021114382,지번
1159010200102360010,서울특별시 동작구 상도동,서울특별시 동작구 성대로 151 (상도동),근린생활2,제2종근린생활시설,1000000000000004893505,지번
1159010700101450029,서울특별시 동작구 사당동,서울특별시 동작구 동작대로27가길 35 (사당동),근린생활2,제2종근린생활시설,1021112496,지번
1159010200102640115,서울특별시 동작구 상도동,서울특별시 동작구 성대로11길 18 (상도동),근린생활1,제1종근린생활시설,1021122137,지번
1159010100102330010,서울특별시 동작구 노량진동,서울특별시 동작구 장승배기로23길 4 (노량진동),근린생활1,제1종근린생활시설,1021125518,지번
1159010700102590015,서울특별시 동작구 사당동,서울특별시 동작구 사당로17라길 11 (사당동),근린생활1,제1종근린생활시설,1021124846,지번
1159010700102750020,서울특별시 동작구 사당동,서울특별시 동작구 사당로16길 34 (사당동),근린생활1,제1종근린생활시설,102116218,지번
1159010700101410160,서울특별시 동작구 사당동,서울특별시 동작구 사당로27길 12 (사당동),근린생활1,제1종근린생활시설,1021129455,지번
1159010700102570011,서울특별시 동작구 사당동,서울특별시 동작구 사당로17다길 8 (사당동),근린생활1,제1종근린생활시설,102118321,지번
1159010100101260036,서울특별시 동작구 노량진동,서울특별시 동작구 만양로14나길 15 (노량진동),근린생활1,제1종근린생활시설,102117597,지번
1159010200105050008,서울특별시 동작구 상도동,서울특별시 동작구 상도로61길 35 (상도동),근린생활2,제2종근린생활시설,1021112402,지번
1159010700100910177,서울특별시 동작구 사당동,서울특별시 동작구 동작대로29나길 10 (사당동),근린생활1,제1종근린생활시설,102119877,지번
1159010700102780002,서울특별시 동작구 사당동,서울특별시 동작구 사당로14길 58 (사당동),근린생활2,제2종근린생활시설,1021120046,지번
1159010700110320032,서울특별시 동작구 사당동,서울특별시 동작구 동작대로3길 16 (사당동),근린생활2,제2종근린생활시설,1021118033,지번
1159010700101390086,서울특별시 동작구 사당동,서울특별시 동작구 동작대로27나길 15 (사당동),근린생활1,제1종근린생활시설,1021113735,지번
1159010700103160004,서울특별시 동작구 사당동,서울특별시 동작구 사당로16길 35 (사당동),근린생활1,제1종근린생활시설,102117062,지번
1159010100102670026,서울특별시 동작구 노량진동,서울특별시 동작구 등용로14길 61 (노량진동),근린생활1,제1종근린생활시설,1021129725,지번
1159010200101960056,서울특별시 동작구 상도동,서울특별시 동작구 상도로22길 34 (상도동),근린생활1,제1종근린생활시설,1021129357,지번
1159010700103120005,서울특별시 동작구 사당동,서울특별시 동작구 사당로16길 53 (사당동),근린생활1,제1종근린생활시설,1021122423,지번
1159010200101210015,서울특별시 동작구 상도동,서울특별시 동작구 상도로67길 5 (상도동),근린생활1,제1종근린생활시설,102116015,지번
1159010700101900197,서울특별시 동작구 사당동,서울특별시 동작구 사당로2가길 103 (사당동),근린생활2,제2종근린생활시설,1021122202,지번
1159010300104280002,서울특별시 동작구 상도1동,서울특별시 동작구 상도로41길 32 (상도1동),근린생활1,제1종근린생활시설,1021120066,지번
1159010100101190089,서울특별시 동작구 노량진동,서울특별시 동작구 만양로 87-1 (노량진동),근린생활1,제1종근린생활시설,1021118885,지번
1159010700103210064,서울특별시 동작구 사당동,서울특별시 동작구 동작대로15길 115 (사당동),근린생활1,공동주택,1000000000000000085347,지번
1159010700101620009,서울특별시 동작구 사당동,서울특별시 동작구 사당로29길 75 (사당동),근린생활1,제1종근린생활시설,1021127840,지번
1159010100101170015,서울특별시 동작구 노량진동,서울특별시 동작구 만양로 110 (노량진동),근린생활2,제2종근린생활시설,1021111398,지번
1159010800104070010,서울특별시 동작구 대방동,서울특별시 동작구 여의대방로24길 7 (대방동),근린생활1,제1종근린생활시설,1021124459,지번
1159010700110310026,서울특별시 동작구 사당동,서울특별시 동작구 동작대로3길 6 (사당동),근린생활2,제2종근린생활시설,1021128298,지번
1159010100100590030,서울특별시 동작구 노량진동,서울특별시 동작구 노량진로 142 (노량진동),근린생활1,제1종근린생활시설,1021124863,지번
1159010900103420021,서울특별시 동작구 신대방동,서울특별시 동작구 보라매로 82 (신대방동),근린생활1,제1종근린생활시설,102119484,지번
1159010700110060043,서울특별시 동작구 사당동,서울특별시 동작구 동작대로19길 36 (사당동),근린생활1,제1종근린생활시설,1021111473,지번
1159010200100230045,서울특별시 동작구 상도동,,근린생활1,제1종근린생활시설,1021120500,본번
1159010700102650029,서울특별시 동작구 사당동,서울특별시 동작구 사당로 222 (사당동),근린생활1,제1종근린생활시설,102117077,지번
1159010100102220016,서울특별시 동작구 노량진동,서울특별시 동작구 만양로8길 61 (노량진동),근린생활2,제2종근린생활시설,1021126173,지번
1159010100100850022,서울특별시 동작구 노량진동,서울특별시 동작구 노량진로14길 35-7 (노량진동),근린생활1,제1종근린생활시설,1021130368,지번
1159010700101330002,서울특별시 동작구 사당동,서울특별시 동작구 동작대로29길 3 (사당동),근린생활2,제2종근린생활시설,1021112477,지번
1159010100102320013,서울특별시 동작구 노량진동,서울특별시 동작구 장승배기로24길 35 (노량진동),근린생활1,제1종근린생활시설,102116816,지번
1159010700101640065,서울특별시 동작구 사당동,서울특별시 동작구 사당로27길 지하103 (사당동),근린생활2,제2종근린생활시설,1021113457,본번
1159010100100730003,서울특별시 동작구 노량진동,서울특별시 동작구 노량진로 152-1 (노량진동),근린생활1,제1종근린생활시설,102118736,지번
1159010100102870001,서울특별시 동작구 노량진동,서울특별시 동작구 노량진로6길 54 (노량진동),근린생활1,제1종근린생활시설,1021117482,지번
1159010300104520003,서울특별시 동작구 상도1동,서울특별시 동작구 상도로41가길 1 (상도1동),근린생활2,제2종근린생활시설,10211100181654,지번
1159010300105070001,서울특별시 동작구 상도1동,서울특별시 동작구 매봉로 72 (상도1동),근린생활2,제2종근린생활시설,1021119916,지번
1159010700104190129,서울특별시 동작구 사당동,서울특별시 동작구 남부순환로269길 44 (사당동),근린생활1,제1종근린생활시설,1021110544,지번
1159010900106870007,서울특별시 동작구 신대방동,서울특별시 동작구 신대방3길 61 (신대방동),근린생활2,제2종근린생활시설,1021118877,지번
1159010100102150148,서울특별시 동작구 노량진동,서울특별시 동작구 만양로6길 28 (노량진동),근린생활2,제2종근린생활시설,1021120165,지번
1159010500102230001,서울특별시 동작구 흑석동,서울특별시 동작구 흑석로 94 (흑석동),근린생활2,제2종근린생활시설,102117339,지번
1159010400104910000,서울특별시 동작구 본동,서울특별시 동작구 노량진로22길 44 (본동),근린생활1,제1종근린생활시설,1021129672,지번
1159010100101120010,서울특별시 동작구 노량진동,서울특별시 동작구 노량진로 159 (노량진동),근린생활1,제1종근린생활시설,102117074,지번
1159010700101500013,서울특별시 동작구 사당동,서울특별시 동작구 사당로27길 17 (사당동),근린생활1,제1종근린생활시설,1021113119,지번
1159010100102050262,서울특별시 동작구 노량진동,서울특별시 동작구 만양로12가길 16-5 (노량진동),근린생활2,제2종근린생활시설,10211100182340,지번
1159010200102100035,서울특별시 동작구 상도동,서울특별시 동작구 양녕로26길 22 (상도동),근린생활1,제1종근린생활시설,102118123,지번
1159010900104980010,서울특별시 동작구 신대방동,서울특별시 동작구 여의대방로 86 (신대방동),근린생활1,제1종근린생활시설,1021114875,지번
1159010700101280041,서울특별시 동작구 사당동,서울특별시 동작구 동작대로29길 47 (사당동),근린생활1,제1종근린생활시설,1021123218,지번
1159010500101900034,서울특별시 동작구 흑석동,서울특별시 동작구 흑석로 85 (흑석동),근린생활1,제1종근린생활시설,1021120908,지번
1159010900104980023,서울특별시 동작구 신대방동,서울특별시 동작구 여의대방로16길 8 (신대방동),근린생활1,제1종근린생활시설,1021119383,지번
1159010100102630003,서울특별시 동작구 노량진동,서울특별시 동작구 노량진로6길 15 (노량진동),근린생활1,제1종근린생활시설,1021120720,지번
1159010200100220008,서울특별시 동작구 상도동,서울특별시 동작구 만양로1길 3 (상도동),근린생활2,제2종근린생활시설,102115960,지번
1159010100102060055,서울특별시 동작구 노량진동,서울특별시 동작구 만양로14마길 6-6 (노량진동),근린생활2,제2종근린생활시설,1021110381,지번
1159010700101390087,서울특별시 동작구 사당동,서울특별시 동작구 동작대로27가길 6-4 (사당동),근린생활1,제1종근린생활시설,1021125255,지번
1159010700100730027,서울특별시 동작구 사당동,서울특별시 동작구 동작대로35가길 13 (사당동),근린생활1,제1종근린생활시설,1021125987,지번
1159010200103150038,서울특별시 동작구 상도동,서울특별시 동작구 성대로2길 5-5 (상도동),근린생활1,제2종근린생활시설,10211100249061,지번
1159010500101890004,서울특별시 동작구 흑석동,서울특별시 동작구 흑석로 97-4 (흑석동),근린생활2,제2종근린생활시설,102116322,지번
1159010400103790006,서울특별시 동작구 본동,서울특별시 동작구 노량진로 218 (본동),근린생활1,제1종근린생활시설,1021120763,지번
1159010800103930062,서울특별시 동작구 대방동,서울특별시 동작구 대방동길 6 (대방동),근린생활1,제1종근린생활시설,1021113725,지번
1159010700101500003,서울특별시 동작구 사당동,서울특별시 동작구 사당로 285 (사당동),근린생활1,제1종근린생활시설,1021114954,지번
1159010200102100208,서울특별시 동작구 상도동,서울특별시 동작구 양녕로 189 (상도동),근린생활2,제2종근린생활시설,1021119251,지번
1159010500100510001,서울특별시 동작구 흑석동,서울특별시 동작구 서달로14나길 8 (흑석동),근린생활1,제1종근린생활시설,1021124599,지번
1159010500101900003,서울특별시 동작구 흑석동,서울특별시 동작구 흑석로 95-1 (흑석동),근린생활2,제2종근린생활시설,1021115217,지번
1159010100102150161,서울특별시 동작구 노량진동,서울특별시 동작구 만양로10길 9 (노량진동),근린생활2,제2종근린생활시설,102117604,지번
1159010700102660007,서울특별시 동작구 사당동,서울특별시 동작구 사당로 236 (사당동),근린생활1,제1종근린생활시설,1021118055,지번
1159010200101260051,서울특별시 동작구 상도동,서울특별시 동작구 상도로60가길 13 (상도동),근린생활2,제2종근린생활시설,1021122735,지번
1159010600100660024,서울특별시 동작구 동작동,서울특별시 동작구 동작대로 205-1 (동작동),근린생활2,제2종근린생활시설,1021111936,지번
1159010700101400022,서울특별시 동작구 사당동,서울특별시 동작구 동작대로27다길 12 (사당동),근린생활2,제2종근린생활시설,1021130478,지번
1159010100100580039,서울특별시 동작구 노량진동,서울특별시 동작구 노량진로14길 9 (노량진동),근린생활1,제1종근린생활시설,1021113067,지번
1159010700101310011,서울특별시 동작구 사당동,서울특별시 동작구 동작대로29길 13 (사당동),근린생활1,제1종근린생활시설,1021115102,지번
1159010300103370005,서울특별시 동작구 상도1동,서울특별시 동작구 상도로45길 31 (상도1동),근린생활2,제2종근린생활시설,1021129613,지번
1159010200102100299,서울특별시 동작구 상도동,서울특별시 동작구 양녕로 186 (상도동),근린생활1,제1종근린생활시설,1021110565,지번
1159010700110500018,서울특별시 동작구 사당동,서울특별시 동작구 남부순환로259가길 15 (사당동),근린생활2,제2종근린생활시설,1021125690,지번
1159010200104890010,서울특별시 동작구 상도동,서울특별시 동작구 상도로 370 (상도동),근린생활2,제2종근린생활시설,102113752,지번
1159010200104890010,서울특별시 동작구 상도동,서울특별시 동작구 상도로 370 (상도동),근린생활2,제1종근린생활시설,102113753,지번
1159010900104980005,서울특별시 동작구 신대방동,서울특별시 동작구 여의대방로 88 (신대방동),근린생활2,제2종근린생활시설,1021121761,지번
1159010700110060041,서울특별시 동작구 사당동,서울특별시 동작구 동작대로19길 32 (사당동),근린생활1,제1종근린생활시설,102116644,지번
1159010500101020087,서울특별시 동작구 흑석동,서울특별시 동작구 서달로13길 11-11 (흑석동),근린생활1,제1종근린생활시설,102116010,지번
1159010700110180036,서울특별시 동작구 사당동,서울특별시 동작구 사당로30길 80 (사당동),근린생활2,제2종근린생활시설,1021121899,지번
1159010700101410028,서울특별시 동작구 사당동,서울특별시 동작구 동작대로25길 52-13 (사당동),근린생활1,제1종근린생활시설,1021114991,지번
1159010200103560008,서울특별시 동작구 상도동,서울특별시 동작구 상도로15길 48 (상도동),근린생활1,제1종근린생활시설,1021121294,지번
1159010100100270016,서울특별시 동작구 노량진동,서울특별시 동작구 노량진로8길 10 (노량진동),근린생활2,제2종근린생활시설,1021124999,지번
1159010300107700001,서울특별시 동작구 상도1동,서울특별시 동작구 상도로 287 (상도1동),근린생활1,제1종근린생활시설,1021122295,지번
1159010900106910034,서울특별시 동작구 신대방동,서울특별시 동작구 신대방길 21 (신대방동),근린생활1,제1종근린생활시설,1021110080,지번
1159010300107010003,서울특별시 동작구 상도1동,서울특별시 동작구 상도로 267 (상도1동),근린생활2,제2종근린생활시설,102119731,지번
1159010100102060060,서울특별시 동작구 노량진동,서울특별시 동작구 만양로14마길 6-4 (노량진동),근린생활2,제2종근린생활시설,1021117693,지번
1159010900103380019,서울특별시 동작구 신대방동,서울특별시 동작구 국사봉길 26 (신대방동),근린생활2,제2종근린생활시설,1021127771,지번
1159010500102070026,서울특별시 동작구 흑석동,서울특별시 동작구 흑석로6길 23 (흑석동),근린생활1,제1종근린생활시설,1021121493,지번
1159010800100030006,서울특별시 동작구 대방동,서울특별시 동작구 등용로6길 10 (대방동),근린생활1,제1종근린생활시설,1021128500,지번
1159010200103560141,서울특별시 동작구 상도동,서울특별시 동작구 상도로19길 7 (상도동),근린생활1,제1종근린생활시설,1021114489,지번
1159010200101290020,서울특별시 동작구 상도동,서울특별시 동작구 상도로 402 (상도동),근린생활2,제2종근린생활시설,1021112620,지번
1159010800104070029,서울특별시 동작구 대방동,서울특별시 동작구 여의대방로24길 141 (대방동),근린생활2,제2종근린생활시설,1021124057,지번
1159010400100080010,서울특별시 동작구 본동,서울특별시 동작구 노량진로32길 29-6 (본동),근린생활2,제2종근린생활시설,1021123435,지번
1159010400100490000,서울특별시 동작구 본동,,근린생활2,단독주택,102111969,지번
1159010400100490000,서울특별시 동작구 본동,,근린생활2,단독주택,102111970,지번
1159010400100490000,서울특별시 동작구 본동,,근린생활2,제2종근린생활시설,102111971,지번
1159010700102970002,서울특별시 동작구 사당동,서울특별시 동작구 사당로16길 52-1 (사당동),근린생활1,제1종근린생활시설,1021115613,지번
1159010400100480016,서울특별시 동작구 본동,서울특별시 동작구 노량진로26길 3-2 (본동),근린생활1,제1종근린생활시설,102119704,지번
1159010300107830001,서울특별시 동작구 상도1동,서울특별시 동작구 상도로 286 (상도1동),근린생활2,제2종근린생활시설,1021116976,지번
1159010700103120006,서울특별시 동작구 사당동,서울특별시 동작구 사당로16길 55 (사당동),근린생활1,제1종근린생활시설,1021112879,지번
1159010100100280007,서울특별시 동작구 노량진동,서울특별시 동작구 노량진로 90 (노량진동),근린생활2,제2종근린생활시설,1021117456,지번
1159010200104540000,서울특별시 동작구 상도동,서울특별시 동작구 등용로 24-5 (상도동),근린생활2,제2종근린생활시설,102118402,지번
1159010700101390026,서울특별시 동작구 사당동,서울특별시 동작구 동작대로27다길 6 (사당동),근린생활2,제2종근린생활시설,1021110295,지번
1159010700100880019,서울특별시 동작구 사당동,서울특별시 동작구 동작대로31길 5 (사당동),근린생활2,제2종근린생활시설,1021118620,지번
1159010700110440011,서울특별시 동작구 사당동,서울특별시 동작구 동작대로1길 45-1 (사당동),근린생활2,공동주택,10211100217225,지번
1159010700110470045,서울특별시 동작구 사당동,서울특별시 동작구 남부순환로 2053 (사당동),근린생활2,제2종근린생활시설,1021122567,지번
1159010200102570017,서울특별시 동작구 상도동,서울특별시 동작구 성대로11길 29-5 (상도동),근린생활2,제2종근린생활시설,1021122307,지번
1159010700110410016,서울특별시 동작구 사당동,서울특별시 동작구 사당로30길 164 (사당동),근린생활2,제2종근린생활시설,1021111096,지번
1159010700110460040,서울특별시 동작구 사당동,서울특별시 동작구 동작대로7길 102 (사당동),근린생활1,제1종근린생활시설,1021112777,지번
1159010100102310075,서울특별시 동작구 노량진동,서울특별시 동작구 장승배기로 129 (노량진동),근린생활1,제1종근린생활시설,102113867,지번
1159010100102310075,서울특별시 동작구 노량진동,서울특별시 동작구 장승배기로 129 (노량진동),근린생활1,제1종근린생활시설,102113868,지번
1159010100102310075,서울특별시 동작구 노량진동,서울특별시 동작구 장승배기로 129 (노량진동),근린생활1,단독주택,102113869,지번
1159010900103610040,서울특별시 동작구 신대방동,서울특별시 동작구 여의대방로24길 54 (신대방동),근린생활1,제1종근린생활시설,1021110788,지번
1159010800100110029,서울특별시 동작구 대방동,서울특별시 동작구 등용로 66 (대방동),근린생활1,제1종근린생활시설,1021117433,지번
1159010700103180002,서울특별시 동작구 사당동,서울특별시 동작구 사당로16길 17 (사당동),근린생활1,제1종근린생활시설,1000000000000003146388,지번
1159010300107550000,서울특별시 동작구 상도1동,서울특별시 동작구 상도로 275 (상도1동),근린생활1,제1종근린생활시설,1021127377,지번
1159010300104680001,서울특별시 동작구 상도1동,서울특별시 동작구 상도로41가길 12 (상도1동),근린생활1,제1종근린생활시설,1021124256,지번
1159010700110300011,서울특별시 동작구 사당동,서울특별시 동작구 동작대로7길 10 (사당동),근린생활2,제2종근린생활시설,1021118617,지번
1159010900103660146,서울특별시 동작구 신대방동,서울특별시 동작구 여의대방로22나길 86 (신대방동),근린생활2,제2종근린생활시설,1021115650,지번
1159010200102880026,서울특별시 동작구 상도동,서울특별시 동작구 국사봉길 137 (상도동),근린생활1,제1종근린생활시설,1021120464,지번
1159010500101020033,서울특별시 동작구 흑석동,서울특별시 동작구 서달로13길 11-13 (흑석동),근린생활1,제1종근린생활시설,1021111883,지번
1159010900103440036,서울특별시 동작구 신대방동,서울특별시 동작구 보라매로 73 (신대방동),근린생활2,제2종근린생활시설,1021121015,지번
1159010400101960001,서울특별시 동작구 본동,서울특별시 동작구 노량진로22길 17 (본동),근린생활1,제1종근린생활시설,1021118081,지번
1159010300102430007,서울특별시 동작구 상도1동,서울특별시 동작구 상도로50길 2-9 (상도1동),근린생활2,제2종근린생활시설,10211100186390,지번
1159010800103910357,서울특별시 동작구 대방동,서울특별시 동작구 대방동1길 12 (대방동),근린생활1,제1종근린생활시설,102116872,지번
1159010700102020009,서울특별시 동작구 사당동,서울특별시 동작구 사당로2차길 3 (사당동),근린생활1,제1종근린생활시설,1021124936,지번
1159010100100440016,서울특별시 동작구 노량진동,서울특별시 동작구 노량진로 126 (노량진동),근린생활2,제2종근린생활시설,102115501,지번
1159010100103050007,서울특별시 동작구 노량진동,서울특별시 동작구 장승배기로27길 73-11 (노량진동),근린생활1,제1종근린생활시설,1021110046,지번
1159010200103650013,서울특별시 동작구 상도동,서울특별시 동작구 상도로15길 116 (상도동),근린생활1,단독주택,10211100247653,지번
1159010700101410063,서울특별시 동작구 사당동,서울특별시 동작구 사당로29가길 13 (사당동),근린생활2,제2종근린생활시설,102117768,지번
1159010700110320031,서울특별시 동작구 사당동,서울특별시 동작구 동작대로3길 14 (사당동),근린생활2,제2종근린생활시설,1021128542,지번
1159010100102220054,서울특별시 동작구 노량진동,서울특별시 동작구 만양로 60 (노량진동),근린생활1,제1종근린생활시설,102118616,지번
1159010900106960050,서울특별시 동작구 신대방동,서울특별시 동작구 신대방1길 44 (신대방동),근린생활2,제2종근린생활시설,1021111387,지번
1159010700101470108,서울특별시 동작구 사당동,서울특별시 동작구 동작대로27가길 41 (사당동),근린생활1,제1종근린생활시설,102114657,지번
1159010700101470108,서울특별시 동작구 사당동,서울특별시 동작구 동작대로27가길 41 (사당동),근린생활1,제1종근린생활시설,102114658,지번
1159010700101470108,서울특별시 동작구 사당동,서울특별시 동작구 동작대로27가길 41 (사당동),근린생활1,제1종근린생활시설,102114660,지번
1159010700101470108,서울특별시 동작구 사당동,서울특별시 동작구 동작대로27가길 41 (사당동),근린생활1,제1종근린생활시설,102114661,지번
1159010200103540013,서울특별시 동작구 상도동,서울특별시 동작구 상도로15길 28 (상도동),근린생활1,단독주택,10211100246833,지번
1159010400101260023,서울특별시 동작구 본동,서울특별시 동작구 노량진로26길 16 (본동),근린생활1,제1종근린생활시설,1021120904,지번
1159010900105880009,서울특별시 동작구 신대방동,서울특별시 동작구 신대방길 114 (신대방동),근린생활2,제2종근린생활시설,1021110487,지번
1159010500101900041,서울특별시 동작구 흑석동,서울특별시 동작구 흑석로 87 (흑석동),근린생활1,제2종근린생활시설,102112433,지번
1159010500101900041,서울특별시 동작구 흑석동,서울특별시 동작구 흑석로 87 (흑석동),근린생활1,제1종근린생활시설,102112434,지번
1159010200101590324,서울특별시 동작구 상도동,서울특별시 동작구 상도로34다길 36 (상도동),근린생활2,제2종근린생활시설,102116626,지번
1159010200104950000,서울특별시 동작구 상도동,서울특별시 동작구 상도로 380 (상도동),근린생활2,제2종근린생활시설,1021114786,지번
1159010200101920019,서울특별시 동작구 상도동,서울특별시 동작구 성대로1가길 13 (상도동),근린생활1,제1종근린생활시설,1021111568,지번
1159010300106660003,서울특별시 동작구 상도1동,서울특별시 동작구 상도로37길 3 (상도1동),근린생활2,제2종근린생활시설,1021129627,지번
1159010700110300003,서울특별시 동작구 사당동,서울특별시 동작구 동작대로9길 7 (사당동),근린생활1,제1종근린생활시설,1021113441,지번
1159010800104160011,서울특별시 동작구 대방동,서울특별시 동작구 여의대방로24다길 15-2 (대방동),근린생활2,제2종근린생활시설,1021117478,지번
1159010900105910004,서울특별시 동작구 신대방동,서울특별시 동작구 시흥대로 662 (신대방동),근린생활1,제1종근린생활시설,102118309,지번
1159010700110460039,서울특별시 동작구 사당동,서울특별시 동작구 동작대로7길 100 (사당동),근린생활1,제1종근린생활시설,10211100184476,지번
1159010900103770001,서울특별시 동작구 신대방동,서울특별시 동작구 여의대방로24길 10-4 (신대방동),근린생활1,공동주택,1000000000000007496252,지번
1159010100103090039,서울특별시 동작구 노량진동,서울특별시 동작구 장승배기로 120 (노량진동),근린생활2,제2종근린생활시설,102118449,지번
1159010500101840018,서울특별시 동작구 흑석동,서울특별시 동작구 흑석로 105-1 (흑석동),근린생활1,제1종근린생활시설,102113326,지번
1159010500101840018,서울특별시 동작구 흑석동,서울특별시 동작구 흑석로 105-1 (흑석동),근린생활1,제1종근린생활시설,102113327,지번
1159010700102620009,서울특별시 동작구 사당동,서울특별시 동작구 사당로17길 65 (사당동),근린생활2,제2종근린생활시설,1021127287,지번
1159010100102220035,서울특별시 동작구 노량진동,서울특별시 동작구 만양로12길 16 (노량진동),근린생활1,제1종근린생활시설,1021114223,지번
1159010700101450016,서울특별시 동작구 사당동,서울특별시 동작구 동작대로25길 27 (사당동),근린생활2,제2종근린생활시설,1021117086,지번
1159010300104010002,서울특별시 동작구 상도1동,서울특별시 동작구 상도로41길 12 (상도1동),근린생활2,제2종근린생활시설,1021122127,지번
1159010200103220022,서울특별시 동작구 상도동,서울특별시 동작구 국사봉1길 38 (상도동),근린생활1,제1종근린생활시설,102117005,지번
1159010700111380000,서울특별시 동작구 사당동,서울특별시 동작구 사당로2가길 188 (사당동),근린생활1,공동주택,102115164,지번
1159010700101410168,서울특별시 동작구 사당동,서울특별시 동작구 사당로29가길 50 (사당동),근린생활2,제2종근린생활시설,1021124940,지번
1159010900106040005,서울특별시 동작구 신대방동,서울특별시 동작구 신대방길 74 (신대방동),근린생활1,제1종근린생활시설,1021115028,지번
1159010700102970000,서울특별시 동작구 사당동,서울특별시 동작구 사당로16바길 13 (사당동),근린생활1,제1종근린생활시설,1021124185,지번
1159010700102970000,서울특별시 동작구 사당동,서울특별시 동작구 사당로16바길 9 (사당동),근린생활1,제1종근린생활시설,102119039,지번
1159010100102020015,서울특별시 동작구 노량진동,서울특별시 동작구 만양로14길 62 (노량진동),근린생활2,제2종근린생활시설,1021124364,지번
1159010200103290004,서울특별시 동작구 상도동,서울특별시 동작구 상도로 99 (상도동),근린생활1,제1종근린생활시설,1021116318,지번
1159010100102330006,서울특별시 동작구 노량진동,서울특별시 동작구 장승배기로 138 (노량진동),근린생활2,제2종근린생활시설,1021120069,지번
1159010200102560195,서울특별시 동작구 상도동,서울특별시 동작구 성대로6라길 1 (상도동),근린생활2,제2종근린생활시설,1021127384,지번
1159010700101500012,서울특별시 동작구 사당동,서울특별시 동작구 사당로27길 15 (사당동),근린생활1,제1종근린생활시설,102115835,지번
1159010200103460008,서울특별시 동작구 상도동,서울특별시 동작구 성대로 5 (상도동),근린생활1,제1종근린생활시설,102117892,지번
1159010900106870011,서울특별시 동작구 신대방동,서울특별시 동작구 신대방3길 57 (신대방동),근린생활1,제1종근린생활시설,1021111478,지번
1159010500101030001,서울특별시 동작구 흑석동,서울특별시 동작구 서달로 175 (흑석동),근린생활1,제1종근린생활시설,1021113898,지번
1159010700102180014,서울특별시 동작구 사당동,서울특별시 동작구 사당로 175 (사당동),근린생활2,제2종근린생활시설,1021114891,지번
1159010100100500002,서울특별시 동작구 노량진동,서울특별시 동작구 장승배기로 164 (노량진동),근린생활2,제2종근린생활시설,102112806,지번
1159010100100500002,서울특별시 동작구 노량진동,서울특별시 동작구 장승배기로 164 (노량진동),근린생활2,제1종근린생활시설,102112807,지번
1159010900103760001,서울특별시 동작구 신대방동,서울특별시 동작구 여의대방로22길 27 (신대방동),근린생활1,제1종근린생활시설,1021110356,지번
1159010400100160001,서울특별시 동작구 본동,서울특별시 동작구 노량진로32길 67 (본동),근린생활1,제1종근린생활시설,1021128512,지번
1159010700104310010,서울특별시 동작구 사당동,서울특별시 동작구 사당로20길 66 (사당동),근린생활1,제1종근린생활시설,1021118932,지번
1159010800103810038,서울특별시 동작구 대방동,서울특별시 동작구 여의대방로36길 20 (대방동),근린생활1,단독주택,10211100244805,지번
1159010300107020000,서울특별시 동작구 상도1동,서울특별시 동작구 상도로 264 (상도1동),근린생활1,제1종근린생활시설,102117378,지번
1159010300105630000,서울특별시 동작구 상도1동,서울특별시 동작구 강남초등4길 5 (상도1동),근린생활2,제2종근린생활시설,10211100187950,지번
1159010500101060032,서울특별시 동작구 흑석동,서울특별시 동작구 서달로15길 12 (흑석동),근린생활1,제1종근린생활시설,1021117596,지번
1159010200103370014,서울특별시 동작구 상도동,서울특별시 동작구 상도로 99-6 (상도동),근린생활2,제2종근린생활시설,1021126673,지번
1159010500101990010,서울특별시 동작구 흑석동,서울특별시 동작구 흑석로9길 37-6 (흑석동),근린생활2,제2종근린생활시설,1021125619,지번
1159010700110410009,서울특별시 동작구 사당동,서울특별시 동작구 남부순환로271길 18 (사당동),근린생활2,제2종근린생활시설,102116406,지번
1159010700110410014,서울특별시 동작구 사당동,서울특별시 동작구 동작대로1길 16 (사당동),근린생활1,제1종근린생활시설,102118657,지번
1159010700100390007,서울특별시 동작구 사당동,서울특별시 동작구 동작대로35길 6 (사당동),근린생활1,제1종근린생활시설,1021126771,지번
1159010200100230046,서울특별시 동작구 상도동,,근린생활2,제1종근린생활시설,1021120500,본번
1159010300108020001,서울특별시 동작구 상도1동,서울특별시 동작구 상도로38길 3-24 (상도1동),근린생활1,제1종근린생활시설,1021126318,지번
1159010500101020027,서울특별시 동작구 흑석동,서울특별시 동작구 흑석로 106-7 (흑석동),근린생활1,제1종근린생활시설,1021126401,지번
1159010100100670012,서울특별시 동작구 노량진동,서울특별시 동작구 노량진로 145 (노량진동),근린생활2,제2종근린생활시설,1021119403,지번
1159010100101170005,서울특별시 동작구 노량진동,서울특별시 동작구 만양로14가길 23 (노량진동),근린생활2,제2종근린생활시설,1021111321,지번
1159010300107440001,서울특별시 동작구 상도1동,서울특별시 동작구 상도로 278 (상도1동),근린생활1,제1종근린생활시설,1021124109,지번
1159010700100890056,서울특별시 동작구 사당동,서울특별시 동작구 동작대로31길 21 (사당동),근린생활1,제1종근린생활시설,1021111731,지번
1159010700110410034,서울특별시 동작구 사당동,서울특별시 동작구 동작대로3길 17 (사당동),근린생활1,제1종근린생활시설,1021130290,지번
1159010400100470001,서울특별시 동작구 본동,서울특별시 동작구 노량진로28길 7 (본동),근린생활1,제1종근린생활시설,1021130277,지번
1159010700100910156,서울특별시 동작구 사당동,서울특별시 동작구 동작대로29다길 15 (사당동),근린생활2,제2종근린생활시설,1021130836,지번
1159010500101000027,서울특별시 동작구 흑석동,서울특별시 동작구 서달로 162 (흑석동),근린생활1,제1종근린생활시설,1021113713,지번
1159010700100890051,서울특별시 동작구 사당동,서울특별시 동작구 동작대로31길 13 (사당동),근린생활1,제1종근린생활시설,102118137,지번
1159010900106850002,서울특별시 동작구 신대방동,서울특별시 동작구 신대방3길 91 (신대방동),근린생활1,공동주택,10211100244233,지번
1159010700102070003,서울특별시 동작구 사당동,서울특별시 동작구 사당로 155 (사당동),근린생활2,업무시설,10211100251293,지번
1159010300106200000,서울특별시 동작구 상도1동,서울특별시 동작구 상도로 265-40 (상도1동),근린생활1,제1종근린생활시설,1021123268,지번
1159010700102690002,서울특별시 동작구 사당동,서울특별시 동작구 사당로16가길 54 (사당동),근린생활1,제1종근린생활시설,1021121109,지번
1159010700110030018,서울특별시 동작구 사당동,서울특별시 동작구 동작대로19길 60 (사당동),근린생활1,제1종근린생활시설,1021117238,지번
1159010400101870001,서울특별시 동작구 본동,서울특별시 동작구 매봉로 177 (본동),근린생활1,제1종근린생활시설,102116282,지번
1159010100102290101,서울특별시 동작구 노량진동,서울특별시 동작구 장승배기로20길 8 (노량진동),근린생활1,제1종근린생활시설,1021115836,지번
1159010100101300000,서울특별시 동작구 노량진동,서울특별시 동작구 만양로14길 47 (노량진동),근린생활2,제2종근린생활시설,102117975,지번
1159010200104900004,서울특별시 동작구 상도동,서울특별시 동작구 상도로62길 43 (상도동),근린생활2,제2종근린생활시설,1021125599,지번
1159010100101190147,서울특별시 동작구 노량진동,,근린생활1,제1종근린생활시설,102113750,지번
1159010100101190147,서울특별시 동작구 노량진동,,근린생활1,제1종근린생활시설,102113751,지번
1159010200102420087,서울특별시 동작구 상도동,서울특별시 동작구 성대로1길 18 (상도동),근린생활2,제2종근린생활시설,10211100239479,지번
1159010300107460001,서울특별시 동작구 상도1동,서울특별시 동작구 상도로 274-1 (상도1동),근린생활1,제1종근린생활시설,1021128136,지번
1159010200104690002,서울특별시 동작구 상도동,서울특별시 동작구 상도로62길 101 (상도동),근린생활2,제2종근린생활시설,102118949,지번
1159010700101900220,서울특별시 동작구 사당동,서울특별시 동작구 사당로2가길 91 (사당동),근린생활1,제1종근린생활시설,1021116599,지번
1159010700110090001,서울특별시 동작구 사당동,서울특별시 동작구 사당로28길 23 (사당동),근린생활1,제1종근린생활시설,1021125029,지번
1159010500100080037,서울특별시 동작구 흑석동,서울특별시 동작구 현충로 96 (흑석동),근린생활2,제2종근린생활시설,1021112155,지번
1159010400101950000,서울특별시 동작구 본동,서울특별시 동작구 노량진로22길 19-5 (본동),근린생활1,단독주택,102112019,지번
1159010400101950000,서울특별시 동작구 본동,서울특별시 동작구 노량진로22길 19-1 (본동),근린생활1,단독주택,102112020,지번
1159010400101950000,서울특별시 동작구 본동,서울특별시 동작구 노량진로22길 19-5 (본동),근린생활1,제1종근린생활시설,102112021,지번
1159010700102400017,서울특별시 동작구 사당동,서울특별시 동작구 사당로16다길 43 (사당동),근린생활,근린생활시설,102118968,지번
1159010700101410053,서울특별시 동작구 사당동,서울특별시 동작구 사당로29가길 3 (사당동),근린생활1,제1종근린생활시설,1021123984,지번
1159010200102470004,서울특별시 동작구 상도동,서울특별시 동작구 성대로11길 67 (상도동),근린생활1,제1종근린생활시설,1021115224,지번
1159010200104670001,서울특별시 동작구 상도동,서울특별시 동작구 상도로37길 60 (상도동),근린생활2,제2종근린생활시설,1021125089,지번
1159010300103550002,서울특별시 동작구 상도1동,서울특별시 동작구 상도로47길 17 (상도1동),근린생활2,제2종근린생활시설,1021122552,지번
1159010700110280013,서울특별시 동작구 사당동,서울특별시 동작구 사당로28길 51 (사당동),근린생활1,제1종근린생활시설,1021116744,지번
1159010200101920045,서울특별시 동작구 상도동,서울특별시 동작구 상도로 140 (상도동),근린생활1,제1종근린생활시설,1021115355,지번
1159010100102250040,서울특별시 동작구 노량진동,서울특별시 동작구 장승배기로22길 34 (노량진동),근린생활2,제2종근린생활시설,1021122450,지번
1159010700100890015,서울특별시 동작구 사당동,서울특별시 동작구 동작대로33가길 4 (사당동),근린생활2,제2종근린생활시설,1021116558,지번
1159010200103010040,서울특별시 동작구 상도동,서울특별시 동작구 국사봉8길 77 (상도동),근린생활1,제1종근린생활시설,102119115,지번
1159010700101440007,서울특별시 동작구 사당동,서울특별시 동작구 동작대로25길 37 (사당동),근린생활2,제2종근린생활시설,1021127532,지번
1159010700100890059,서울특별시 동작구 사당동,서울특별시 동작구 동작대로29가길 9 (사당동),근린생활2,제2종근린생활시설,1021114720,지번
1159010700103000098,서울특별시 동작구 사당동,서울특별시 동작구 사당로16길 84 (사당동),근린생활2,제2종근린생활시설,102119724,지번
1159010200101890007,서울특별시 동작구 상도동,서울특별시 동작구 상도로19길 14 (상도동),근린생활1,제1종근린생활시설,1021124537,지번
1159010900106180025,서울특별시 동작구 신대방동,서울특별시 동작구 신대방길 12 (신대방동),근린생활2,제2종근린생활시설,1021125019,지번
1159010500100500002,서울특별시 동작구 흑석동,서울특별시 동작구 서달로14길 32 (흑석동),근린생활2,제2종근린생활시설,102119300,지번
1159010200103640007,서울특별시 동작구 상도동,서울특별시 동작구 상도로15길 111-4 (상도동),근린생활1,제1종근린생활시설,1021114631,지번
1159010100102400064,서울특별시 동작구 노량진동,서울특별시 동작구 장승배기로 157-2 (노량진동),근린생활1,제1종근린생활시설,102117654,지번
1159010100102310013,서울특별시 동작구 노량진동,,근린생활1,제1종근린생활시설,1021126234,지번
1159010500100510003,서울특별시 동작구 흑석동,서울특별시 동작구 서달로14나길 10 (흑석동),근린생활2,제2종근린생활시설,1021126138,지번
1159010700102650067,서울특별시 동작구 사당동,서울특별시 동작구 사당로16가길 10 (사당동),근린생활2,제2종근린생활시설,102116782,지번
1159010700101430004,서울특별시 동작구 사당동,서울특별시 동작구 동작대로25길 52-4 (사당동),근린생활2,제2종근린생활시설,1021130548,지번
1159010700110400003,서울특별시 동작구 사당동,서울특별시 동작구 동작대로7길 59 (사당동),근린생활2,제2종근린생활시설,1021127253,지번
1159010100100590044,서울특별시 동작구 노량진동,서울특별시 동작구 노량진로14길 4 (노량진동),근린생활1,제1종근린생활시설,1021130384,지번
1159010100102150137,서울특별시 동작구 노량진동,서울특별시 동작구 만양로 40-1 (노량진동),근린생활2,제2종근린생활시설,1021119580,지번
1159010700101390053,서울특별시 동작구 사당동,서울특별시 동작구 동작대로27나길 8 (사당동),근린생활2,제2종근린생활시설,1021116134,지번
1159010200103240015,서울특별시 동작구 상도동,서울특별시 동작구 국사봉1길 43-2 (상도동),근린생활2,제2종근린생활시설,10211100237266,지번
1159010700102080006,서울특별시 동작구 사당동,서울특별시 동작구 사당로 159 (사당동),근린생활1,제1종근린생활시설,1021110221,지번
1159010700100910129,서울특별시 동작구 사당동,서울특별시 동작구 동작대로29나길 15 (사당동),근린생활2,제2종근린생활시설,102119121,지번
1159010800103910241,서울특별시 동작구 대방동,서울특별시 동작구 대방동15길 1 (대방동),근린생활2,공동주택,1000000000000002216167,지번
1159010300105930001,서울특별시 동작구 상도1동,서울특별시 동작구 양녕로38길 2 (상도1동),근린생활,근린생활시설,1021128509,지번
1159010700102060032,서울특별시 동작구 사당동,서울특별시 동작구 사당로2차길 38 (사당동),근린생활1,제1종근린생활시설,1021129083,지번
1159010500100500016,서울특별시 동작구 흑석동,서울특별시 동작구 서달로14길 28 (흑석동),근린생활1,제1종근린생활시설,1021113443,지번
1159010200100560006,서울특별시 동작구 상도동,서울특별시 동작구 상도로53길 45 (상도동),근린생활2,제2종근린생활시설,1021128469,지번
1159010400103740005,서울특별시 동작구 본동,서울특별시 동작구 노량진로 220 (본동),근린생활2,제2종근린생활시설,1021119267,지번
1159010100102480076,서울특별시 동작구 노량진동,서울특별시 동작구 장승배기로27길 52 (노량진동),근린생활1,제1종근린생활시설,1021123532,지번
1159010200104620009,서울특별시 동작구 상도동,서울특별시 동작구 상도로50길 8 (상도동),근린생활1,제1종근린생활시설,1021113342,지번
1159010700101470067,서울특별시 동작구 사당동,서울특별시 동작구 사당로 307-12 (사당동),근린생활1,제1종근린생활시설,1021124034,지번
1159010200103670004,서울특별시 동작구 상도동,서울특별시 동작구 상도로 170 (상도동),근린생활1,제1종근린생활시설,102118133,지번
1159010100101260015,서울특별시 동작구 노량진동,서울특별시 동작구 만양로18길 10 (노량진동),근린생활2,제2종근린생활시설,1021120444,지번
1159010100102920013,서울특별시 동작구 노량진동,서울특별시 동작구 노량진로6길 76 (노량진동),근린생활1,제1종근린생활시설,1021113018,지번
1159010100102060051,서울특별시 동작구 노량진동,서울특별시 동작구 만양로14마길 13-1 (노량진동),근린생활2,제2종근린생활시설,102118235,지번
1159010900106050009,서울특별시 동작구 신대방동,서울특별시 동작구 신대방길 79 (신대방동),근린생활1,제1종근린생활시설,1021117840,지번
1159010100102320020,서울특별시 동작구 노량진동,서울특별시 동작구 장승배기로24길 12 (노량진동),근린생활2,제2종근린생활시설,1021113758,지번
1159010200103140007,서울특별시 동작구 상도동,서울특별시 동작구 성대로 20 (상도동),근린생활1,제1종근린생활시설,1021131073,지번
1159010100102890023,서울특별시 동작구 노량진동,서울특별시 동작구 노량진로6길 71 (노량진동),근린생활1,제1종근린생활시설,1021118134,지번
1159010200102160016,서울특별시 동작구 상도동,서울특별시 동작구 양녕로 159 (상도동),근린생활2,제2종근린생활시설,1021123814,지번
1159010300105730000,서울특별시 동작구 상도1동,서울특별시 동작구 강남초등8길 16 (상도1동),근린생활1,제1종근린생활시설,1021118241,지번
1159010300103710002,서울특별시 동작구 상도1동,서울특별시 동작구 상도로37길 36 (상도1동),근린생활1,제1종근린생활시설,102119804,지번
1159010700100390018,서울특별시 동작구 사당동,서울특별시 동작구 동작대로35길 18 (사당동),근린생활1,제1종근린생활시설,1021131429,지번
1159010700101410228,서울특별시 동작구 사당동,서울특별시 동작구 사당로29가길 12 (사당동),근린생활2,제2종근린생활시설,102118202,지번
1159010100102050013,서울특별시 동작구 노량진동,서울특별시 동작구 만양로12가길 24 (노량진동),근린생활2,제2종근린생활시설,1021126453,지번
1159010200102120036,서울특별시 동작구 상도동,서울특별시 동작구 양녕로28길 28 (상도동),근린생활1,제1종근린생활시설,1021124099,지번
1159010100101190015,서울특별시 동작구 노량진동,서울특별시 동작구 노량진로16길 30 (노량진동),근린생활1,제1종근린생활시설,102118489,지번
1159010500101840027,서울특별시 동작구 흑석동,서울특별시 동작구 흑석로 101 (흑석동),근린생활1,제1종근린생활시설,1021112339,지번
1159010500101900051,서울특별시 동작구 흑석동,서울특별시 동작구 흑석로 91 (흑석동),근린생활1,제1종근린생활시설,1021122660,지번
1159010500101960007,서울특별시 동작구 흑석동,서울특별시 동작구 흑석로7길 14 (흑석동),근린생활1,제1종근린생활시설,1021119009,지번
1159010100100600014,서울특별시 동작구 노량진동,,근린생활1,제1종근린생활시설,1021131103,지번
1159010100102050022,서울특별시 동작구 노량진동,서울특별시 동작구 만양로14아길 8-6 (노량진동),근린생활2,제2종근린생활시설,102119243,지번
1159010700102660020,서울특별시 동작구 사당동,서울특별시 동작구 사당로16가길 4 (사당동),근린생활1,제1종근린생활시설,1021118311,지번
1159010100102310112,서울특별시 동작구 노량진동,서울특별시 동작구 장승배기로 122 (노량진동),근린생활1,제1종근린생활시설,1021126120,지번
1159010200102140292,서울특별시 동작구 상도동,서울특별시 동작구 양녕로26길 39 (상도동),근린생활1,제1종근린생활시설,1021131308,지번
1159010200104870011,서울특별시 동작구 상도동,서울특별시 동작구 상도로55길 4 (상도동),근린생활1,제1종근린생활시설,1021119594,지번
1159010300106330047,서울특별시 동작구 상도1동,서울특별시 동작구 양녕로 278-1 (상도1동),근린생활1,제1종근린생활시설,1021114945,지번
1159010100101480056,서울특별시 동작구 노량진동,서울특별시 동작구 만양로18길 19 (노량진동),근린생활2,제2종근린생활시설,1021117699,지번
1159010100103070015,서울특별시 동작구 노량진동,서울특별시 동작구 장승배기로 119 (노량진동),근린생활1,제1종근린생활시설,1021112132,지번
1159010700110450001,서울특별시 동작구 사당동,서울특별시 동작구 동작대로7길 87 (사당동),근린생활1,제1종근린생활시설,1021128651,지번
1159010100102250161,서울특별시 동작구 노량진동,서울특별시 동작구 장승배기로16길 98 (노량진동),근린생활1,제1종근린생활시설,1021128996,지번
1159010900106900020,서울특별시 동작구 신대방동,서울특별시 동작구 대림로 34 (신대방동),근린생활2,제2종근린생활시설,1021126172,지번
1159010100102310106,서울특별시 동작구 노량진동,서울특별시 동작구 장승배기로 130 (노량진동),근린생활1,제1종근린생활시설,1021125905,지번
1159010800104070043,서울특별시 동작구 대방동,서울특별시 동작구 여의대방로24길 97 (대방동),근린생활1,제1종근린생활시설,1021114122,지번
1159010700111410000,서울특별시 동작구 사당동,서울특별시 동작구 사당로20길 119 (사당동),근린생활2,공동주택,102115177,지번
1159010700111410000,서울특별시 동작구 사당동,서울특별시 동작구 사당로20길 126 (사당동),근린생활2,제2종근린생활시설,102115178,지번
1159010100101190166,서울특별시 동작구 노량진동,서울특별시 동작구 노량진로16길 29 (노량진동),근린생활2,제2종근린생활시설,1021118531,지번
1159010700110450017,서울특별시 동작구 사당동,서울특별시 동작구 남부순환로 2065 (사당동),근린생활1,제1종근린생활시설,1021119753,지번
1159010700110030006,서울특별시 동작구 사당동,서울특별시 동작구 사당로 280 (사당동),근린생활1,제1종근린생활시설,1021116893,지번
1159010100100400034,서울특별시 동작구 노량진동,서울특별시 동작구 노량진로 106-5 (노량진동),근린생활2,제2종근린생활시설,1021119070,지번
1159010200103550015,서울특별시 동작구 상도동,서울특별시 동작구 상도로 128 (상도동),근린생활2,제2종근린생활시설,1021117550,지번
1159010500100540146,서울특별시 동작구 흑석동,서울특별시 동작구 서달로14나길 28 (흑석동),근린생활1,제1종근린생활시설,1021129076,지번
1159010800104170001,서울특별시 동작구 대방동,서울특별시 동작구 여의대방로 136 (대방동),근린생활2,제2종근린생활시설,1021124170,지번
1159010700101290005,서울특별시 동작구 사당동,서울특별시 동작구 동작대로29길 30 (사당동),근린생활1,제1종근린생활시설,1021123278,지번
1159010900106880018,서울특별시 동작구 신대방동,서울특별시 동작구 신대방11길 13 (신대방동),근린생활2,제2종근린생활시설,1021118326,지번
1159010500100500041,서울특별시 동작구 흑석동,서울특별시 동작구 서달로14나길 5-1 (흑석동),근린생활1,제1종근린생활시설,1021117139,지번
1159010100101190144,서울특별시 동작구 노량진동,서울특별시 동작구 만양로 90-1 (노량진동),근린생활1,제1종근린생활시설,102117669,지번
1159010200102100021,서울특별시 동작구 상도동,서울특별시 동작구 양녕로 184 (상도동),근린생활1,제1종근린생활시설,102116942,지번
1159010200103540008,서울특별시 동작구 상도동,서울특별시 동작구 상도로 123 (상도동),근린생활1,제1종근린생활시설,1021113269,지번
1159010300104540000,서울특별시 동작구 상도1동,서울특별시 동작구 상도로39가길 11 (상도1동),근린생활1,제1종근린생활시설,102118021,지번
1159010100102180009,서울특별시 동작구 노량진동,서울특별시 동작구 만양로 55 (노량진동),근린생활1,제1종근린생활시설,1021117819,지번
1159010200102640047,서울특별시 동작구 상도동,서울특별시 동작구 성대로16길 14-2 (상도동),근린생활1,제1종근린생활시설,1021111289,지번
1159010500101830005,서울특별시 동작구 흑석동,서울특별시 동작구 흑석로 105 (흑석동),근린생활1,제1종근린생활시설,102113324,지번
1159010500101830005,서울특별시 동작구 흑석동,서울특별시 동작구 흑석로 105 (흑석동),근린생활1,제1종근린생활시설,102113325,지번
1159010100101190021,서울특별시 동작구 노량진동,서울특별시 동작구 노량진로16길 38 (노량진동),근린생활2,제2종근린생활시설,102117161,지번
1159010300106640002,서울특별시 동작구 상도1동,서울특별시 동작구 양녕로 270 (상도1동),근린생활1,제2종근린생활시설,1000000000000002091150,지번
1159010300102640001,서울특별시 동작구 상도1동,서울특별시 동작구 상도로37길 40 (상도1동),근린생활2,제2종근린생활시설,1021127435,지번
1159010400101900006,서울특별시 동작구 본동,서울특별시 동작구 매봉로 169 (본동),근린생활1,제1종근린생활시설,1021115557,지번
1159010700110450003,서울특별시 동작구 사당동,서울특별시 동작구 동작대로7길 91 (사당동),근린생활1,제1종근린생활시설,1021125991,지번
1159010100102060001,서울특별시 동작구 노량진동,서울특별시 동작구 만양로14길 44 (노량진동),근린생활1,제1종근린생활시설,1021122916,지번
1159010200100010005,서울특별시 동작구 상도동,서울특별시 동작구 매봉로4길 15 (상도동),근린생활2,제2종근린생활시설,1021122818,지번
1159010200103680008,서울특별시 동작구 상도동,서울특별시 동작구 장승배기로 75 (상도동),근린생활2,제2종근린생활시설,1021121748,지번
1159010200101940010,서울특별시 동작구 상도동,서울특별시 동작구 상도로22길 36 (상도동),근린생활1,제1종근린생활시설,1021130628,지번
1159010900103510005,서울특별시 동작구 신대방동,서울특별시 동작구 보라매로 105 (신대방동),근린생활2,공동주택,1000000000000005171620,지번
1159010300102630002,서울특별시 동작구 상도1동,서울특별시 동작구 상도로45길 4 (상도1동),근린생활1,제1종근린생활시설,1021131172,지번
1159010400104550006,서울특별시 동작구 본동,서울특별시 동작구 매봉로 137 (본동),근린생활2,제2종근린생활시설,1021111084,지번
1159010700101310003,서울특별시 동작구 사당동,서울특별시 동작구 동작대로29길 9 (사당동),근린생활2,제2종근린생활시설,102116700,지번
1159010700101350008,서울특별시 동작구 사당동,서울특별시 동작구 동작대로 119 (사당동),근린생활2,제1종근린생활시설,1000000000000003753477,지번
1159010200103240029,서울특별시 동작구 상도동,서울특별시 동작구 국사봉1길 23 (상도동),근린생활2,제2종근린생활시설,1021117175,지번
1159010800104020012,서울특별시 동작구 대방동,서울특별시 동작구 상도로 30 (대방동),근린생활2,제2종근린생활시설,1021122448,지번
1159010100102400050,서울특별시 동작구 노량진동,서울특별시 동작구 장승배기로 157 (노량진동),근린생활2,제2종근린생활시설,1021117014,지번
1159010900106900016,서울특별시 동작구 신대방동,서울특별시 동작구 대림로 36-1 (신대방동),근린생활1,제1종근린생활시설,1021111260,지번
1159010300106660008,서울특별시 동작구 상도1동,서울특별시 동작구 양녕로 266 (상도1동),근린생활2,제2종근린생활시설,1021116520,지번
1159010100102430015,서울특별시 동작구 노량진동,서울특별시 동작구 장승배기로27길 13 (노량진동),근린생활2,제2종근린생활시설,1021116296,지번
1159010700110120001,서울특별시 동작구 사당동,서울특별시 동작구 사당로22길 15 (사당동),근린생활1,제1종근린생활시설,102118152,지번
1159010800103790027,서울특별시 동작구 대방동,서울특별시 동작구 대방동15길 2 (대방동),근린생활2,제2종근린생활시설,1021119482,지번
1159010800103890003,서울특별시 동작구 대방동,서울특별시 동작구 여의대방로36길 4 (대방동),근린생활1,제1종근린생활시설,102117379,지번
1159010500101940015,서울특별시 동작구 흑석동,서울특별시 동작구 흑석로13마길 62 (흑석동),근린생활2,제2종근린생활시설,1021112144,지번
1159010700110410035,서울특별시 동작구 사당동,서울특별시 동작구 동작대로3길 15 (사당동),근린생활1,제1종근린생활시설,1021130150,지번
1159010200101880040,서울특별시 동작구 상도동,서울특별시 동작구 상도로 148 (상도동),근린생활2,제2종근린생활시설,102118394,지번
1159010200104770012,서울특별시 동작구 상도동,서울특별시 동작구 상도로37길 70 (상도동),근린생활1,제1종근린생활시설,1021110477,지번
1159010700102570026,서울특별시 동작구 사당동,서울특별시 동작구 사당로17나길 2 (사당동),근린생활2,제2종근린생활시설,102115529,지번
1159010900106180017,서울특별시 동작구 신대방동,서울특별시 동작구 신대방2길 1 (신대방동),근린생활,근린생활시설,1021119687,지번
1159010700101640063,서울특별시 동작구 사당동,서울특별시 동작구 사당로27길 지하103 (사당동),근린생활1,제2종근린생활시설,1021113457,본번
1159010500101980008,서울특별시 동작구 흑석동,서울특별시 동작구 흑석로9길 50 (흑석동),근린생활2,제2종근린생활시설,1021129302,지번
1159010900103460014,서울특별시 동작구 신대방동,서울특별시 동작구 보라매로 94-1 (신대방동),근린생활2,제2종근린생활시설,1021123884,지번
1159010200104730010,서울특별시 동작구 상도동,서울특별시 동작구 상도로56길 8-5 (상도동),근린생활1,제1종근린생활시설,1021123918,지번
1159010300108080000,서울특별시 동작구 상도1동,서울특별시 동작구 상도로38길 3-6 (상도1동),근린생활2,제2종근린생활시설,1021117488,지번
1159010700110330037,서울특별시 동작구 사당동,서울특별시 동작구 동작대로7길 44 (사당동),근린생활2,제2종근린생활시설,1021119796,지번
1159010700102680030,서울특별시 동작구 사당동,서울특별시 동작구 사당로16가길 24 (사당동),근린생활1,제1종근린생활시설,1021129442,지번
1159010700110460038,서울특별시 동작구 사당동,서울특별시 동작구 동작대로7길 98 (사당동),근린생활2,제2종근린생활시설,102115241,지번
1159010700110460038,서울특별시 동작구 사당동,서울특별시 동작구 동작대로7길 98 (사당동),근린생활2,제1종근린생활시설,102115242,지번
1159010800103860026,서울특별시 동작구 대방동,서울특별시 동작구 대방동23길 42 (대방동),근린생활1,제1종근린생활시설,1021131252,지번
1159010700101390001,서울특별시 동작구 사당동,서울특별시 동작구 동작대로27가길 6 (사당동),근린생활2,제2종근린생활시설,10211100186070,지번
1159010700100730022,서울특별시 동작구 사당동,서울특별시 동작구 동작대로33다길 12-4 (사당동),근린생활1,제1종근린생활시설,1021119940,지번
1159010700100910118,서울특별시 동작구 사당동,서울특별시 동작구 동작대로29라길 6 (사당동),근린생활2,제2종근린생활시설,1021122515,지번
1159010200103130022,서울특별시 동작구 상도동,서울특별시 동작구 성대로 28 (상도동),근린생활2,제2종근린생활시설,102114422,지번
1159010200103130022,서울특별시 동작구 상도동,서울특별시 동작구 성대로 28 (상도동),근린생활2,단독주택,102114423,지번
1159010100102360004,서울특별시 동작구 노량진동,서울특별시 동작구 장승배기로 144 (노량진동),근린생활1,제1종근린생활시설,1021131256,지번
1159010700102670055,서울특별시 동작구 사당동,서울특별시 동작구 사당로16길 22 (사당동),근린생활1,제1종근린생활시설,1021111864,지번
1159010100101190004,서울특별시 동작구 노량진동,서울특별시 동작구 노량진로16길 35 (노량진동),근린생활1,제1종근린생활시설,102118050,지번
1159010800103890018,서울특별시 동작구 대방동,서울특별시 동작구 대방동15길 30 (대방동),근린생활1,제1종근린생활시설,1021116139,지번
1159010700107080453,서울특별시 동작구 사당동,서울특별시 동작구 동작대로25길 22 (사당동),근린생활2,제2종근린생활시설,1021131369,지번
1159010200102990046,서울특별시 동작구 상도동,서울특별시 동작구 국사봉2나길 25 (상도동),근린생활2,제2종근린생활시설,102118062,지번
1159010700110040052,서울특별시 동작구 사당동,서울특별시 동작구 동작대로17길 28 (사당동),근린생활1,제1종근린생활시설,10211100186530,지번
1159010700101330017,서울특별시 동작구 사당동,서울특별시 동작구 동작대로27길 6 (사당동),근린생활1,제1종근린생활시설,1021110277,지번
1159010700110400010,서울특별시 동작구 사당동,서울특별시 동작구 동작대로3길 31 (사당동),근린생활1,제1종근린생활시설,1021113318,지번
1159010300107930001,서울특별시 동작구 상도1동,서울특별시 동작구 상도로 293 (상도1동),근린생활2,제2종근린생활시설,1021130745,지번
1159010700102660013,서울특별시 동작구 사당동,서울특별시 동작구 사당로16길 12 (사당동),근린생활1,제1종근린생활시설,1021118772,지번
1159010200100340018,서울특별시 동작구 상도동,서울특별시 동작구 상도로 262 (상도동),근린생활2,제2종근린생활시설,1021120852,지번
1159010200103350035,서울특별시 동작구 상도동,서울특별시 동작구 상도로13라길 9 (상도동),근린생활2,제2종근린생활시설,1021116972,지번
1159010300106900000,서울특별시 동작구 상도1동,서울특별시 동작구 상도로 265-28 (상도1동),근린생활2,제2종근린생활시설,10211100184300,지번
1159010700102670027,서울특별시 동작구 사당동,서울특별시 동작구 사당로14길 6 (사당동),근린생활1,제1종근린생활시설,1021110110,지번
1159010700101370012,서울특별시 동작구 사당동,서울특별시 동작구 동작대로27가길 24 (사당동),근린생활1,제1종근린생활시설,1021128121,지번
1159010400100090041,서울특별시 동작구 본동,서울특별시 동작구 노량진로32길 17 (본동),근린생활2,제2종근린생활시설,1021121527,지번
1159010900106910031,서울특별시 동작구 신대방동,서울특별시 동작구 신대방3길 8 (신대방동),근린생활1,제1종근린생활시설,1021124284,지번
1159010200100340032,서울특별시 동작구 상도동,서울특별시 동작구 상도로36길 2 (상도동),근린생활2,제2종근린생활시설,1021126653,지번
1159010100102310152,서울특별시 동작구 노량진동,서울특별시 동작구 장승배기로 133-2 (노량진동),근린생활1,제1종근린생활시설,102117556,지번
1159010700107080458,서울특별시 동작구 사당동,서울특별시 동작구 동작대로25길 30 (사당동),근린생활1,제1종근린생활시설,102116620,지번
1159010400104350000,서울특별시 동작구 본동,서울특별시 동작구 노량진로22길 31 (본동),근린생활2,제2종근린생활시설,1021122159,지번
1159010700101390051,서울특별시 동작구 사당동,서울특별시 동작구 동작대로27다길 5 (사당동),근린생활1,제1종근린생활시설,1021110848,지번
1159010100102320234,서울특별시 동작구 노량진동,서울특별시 동작구 장승배기로 147 (노량진동),근린생활1,제1종근린생활시설,1021121205,지번
1159010900103440058,서울특별시 동작구 신대방동,서울특별시 동작구 보라매로9가길 9 (신대방동),근린생활1,제1종근린생활시설,1021122657,지번
1159010200102010043,서울특별시 동작구 상도동,서울특별시 동작구 성대로 216 (상도동),근린생활2,제2종근린생활시설,102118824,지번
1159010200102350039,서울특별시 동작구 상도동,서울특별시 동작구 성대로 166 (상도동),근린생활1,제1종근린생활시설,1021130720,지번
1159010700107080400,서울특별시 동작구 사당동,서울특별시 동작구 사당로17길 5 (사당동),근린생활2,제2종근린생활시설,1021130789,지번
1159010100101270004,서울특별시 동작구 노량진동,서울특별시 동작구 만양로14길 43 (노량진동),근린생활1,제1종근린생활시설,1021126236,지번
1159010400104550002,서울특별시 동작구 본동,서울특별시 동작구 매봉로 143 (본동),근린생활1,제1종근린생활시설,1021129955,지번
1159010700110410001,서울특별시 동작구 사당동,서울특별시 동작구 동작대로3길 21 (사당동),근린생활2,제2종근린생활시설,102119072,지번
1159010700102520001,서울특별시 동작구 사당동,서울특별시 동작구 사당로13길 20 (사당동),근린생활2,제2종근린생활시설,1021116621,지번
1159010200102480011,서울특별시 동작구 상도동,서울특별시 동작구 성대로 13 (상도동),근린생활1,제1종근린생활시설,102118452,지번
1159010700102130007,서울특별시 동작구 사당동,서울특별시 동작구 사당로 168 (사당동),근린생활2,제2종근린생활시설,1021114513,지번
1159010200104920013,서울특별시 동작구 상도동,서울특별시 동작구 상도로62길 37 (상도동),근린생활1,제1종근린생활시설,1021110308,지번
1159010200104750006,서울특별시 동작구 상도동,서울특별시 동작구 상도로 356 (상도동),근린생활1,제1종근린생활시설,102119590,지번
1159010200103210037,서울특별시 동작구 상도동,서울특별시 동작구 국사봉길 27 (상도동),근린생활1,제1종근린생활시설,1021113954,지번
1159010800103890034,서울특별시 동작구 대방동,서울특별시 동작구 여의대방로 188-1 (대방동),근린생활1,제1종근린생활시설,1021120436,지번
1159010100102970001,서울특별시 동작구 노량진동,서울특별시 동작구 노량진로6길 86 (노량진동),근린생활1,제1종근린생활시설,1021116917,지번
1159010500101020025,서울특별시 동작구 흑석동,서울특별시 동작구 흑석로 106-5 (흑석동),근린생활1,제1종근린생활시설,1021118826,지번
1159010100102250050,서울특별시 동작구 노량진동,서울특별시 동작구 장승배기로20길 10 (노량진동),근린생활2,제2종근린생활시설,1021120276,지번
1159010200103550019,서울특별시 동작구 상도동,서울특별시 동작구 성대로1길 17-3 (상도동),근린생활2,제2종근린생활시설,102118955,지번
1159010100100840100,서울특별시 동작구 노량진동,서울특별시 동작구 장승배기로28길 30 (노량진동),근린생활2,제2종근린생활시설,1021131481,지번
1159010100101230006,서울특별시 동작구 노량진동,서울특별시 동작구 만양로14길 10 (노량진동),근린생활2,제2종근린생활시설,1021119973,지번
1159010100100970001,서울특별시 동작구 노량진동,서울특별시 동작구 노량진로16길 14 (노량진동),근린생활1,제1종근린생활시설,1021115123,지번
1159010100103100062,서울특별시 동작구 노량진동,서울특별시 동작구 장승배기로16길 6 (노량진동),근린생활2,제2종근린생활시설,10211100237006,지번
1159010700107080459,서울특별시 동작구 사당동,서울특별시 동작구 동작대로25길 40 (사당동),근린생활1,제1종근린생활시설,102116320,지번
1159010700100670002,서울특별시 동작구 사당동,서울특별시 동작구 동작대로35길 67 (사당동),근린생활1,제1종근린생활시설,1021126442,지번
1159010700102460011,서울특별시 동작구 사당동,서울특별시 동작구 사당로8길 4 (사당동),근린생활1,제1종근린생활시설,1021117043,지번
1159010800104120020,서울특별시 동작구 대방동,서울특별시 동작구 여의대방로24길 65 (대방동),근린생활1,제1종근린생활시설,102117475,지번
1159010200100340030,서울특별시 동작구 상도동,서울특별시 동작구 상도로 257 (상도동),근린생활2,제2종근린생활시설,102116778,지번
1159010700110030007,서울특별시 동작구 사당동,서울특별시 동작구 사당로 282 (사당동),근린생활2,제2종근린생활시설,1021114849,지번
1159010100102440080,서울특별시 동작구 노량진동,서울특별시 동작구 노량진로8길 50 (노량진동),근린생활2,제2종근린생활시설,1021116819,지번
1159010700107080403,서울특별시 동작구 사당동,서울특별시 동작구 사당로17가길 8 (사당동),근린생활1,제1종근린생활시설,1021121265,지번
1159010300104410001,서울특별시 동작구 상도1동,서울특별시 동작구 상도로47길 79 (상도1동),근린생활1,제1종근린생활시설,1021117200,지번
1159010200103540001,서울특별시 동작구 상도동,서울특별시 동작구 상도로 131 (상도동),근린생활1,제2종근린생활시설,1021130978,지번
1159010100102400023,서울특별시 동작구 노량진동,서울특별시 동작구 장승배기로27길 7 (노량진동),근린생활1,제1종근린생활시설,102119236,지번
1159010400101260125,서울특별시 동작구 본동,서울특별시 동작구 노량진로24길 36 (본동),근린생활1,제1종근린생활시설,1021111934,지번
1159010800103860003,서울특별시 동작구 대방동,서울특별시 동작구 여의대방로36길 10-9 (대방동),근린생활1,제1종근린생활시설,1021126929,지번
1159010200104650015,서울특별시 동작구 상도동,서울특별시 동작구 상도로49길 11 (상도동),근린생활2,제2종근린생활시설,1021113203,지번
1159010200102500016,서울특별시 동작구 상도동,서울특별시 동작구 성대로5길 2 (상도동),근린생활1,제1종근린생활시설,1021119571,지번
1159010100102110047,서울특별시 동작구 노량진동,서울특별시 동작구 만양로14길 20 (노량진동),근린생활2,제2종근린생활시설,1021110740,지번
1159010300103680000,서울특별시 동작구 상도1동,서울특별시 동작구 상도로 303 (상도1동),근린생활2,제2종근린생활시설,1021126992,지번
1159010300106850000,서울특별시 동작구 상도1동,서울특별시 동작구 상도로 265-14 (상도1동),근린생활1,제1종근린생활시설,1021125486,지번
1159010100102400001,서울특별시 동작구 노량진동,서울특별시 동작구 장승배기로 159 (노량진동),근린생활1,제1종근린생활시설,1021120872,지번
1159010800100110021,서울특별시 동작구 대방동,서울특별시 동작구 등용로 64-1 (대방동),근린생활2,제2종근린생활시설,1021127661,지번
1159010900106920065,서울특별시 동작구 신대방동,서울특별시 동작구 신대방길 5 (신대방동),근린생활2,제2종근린생활시설,1021110274,지번
1159010700101470110,서울특별시 동작구 사당동,서울특별시 동작구 사당로 305 (사당동),근린생활1,제1종근린생활시설,1021117154,지번
1159010800104040004,서울특별시 동작구 대방동,서울특별시 동작구 여의대방로24길 101 (대방동),근린생활2,제2종근린생활시설,10211100183465,지번
1159010100102560037,서울특별시 동작구 노량진동,서울특별시 동작구 노량진로10길 38 (노량진동),근린생활2,제2종근린생활시설,1021115785,지번
1159010100102320251,서울특별시 동작구 노량진동,서울특별시 동작구 장승배기로20길 25 (노량진동),근린생활2,제2종근린생활시설,1021116718,지번
1159010300104410006,서울특별시 동작구 상도1동,서울특별시 동작구 상도로41길 39 (상도1동),근린생활1,제1종근린생활시설,1021118842,지번
1159010700110310011,서울특별시 동작구 사당동,서울특별시 동작구 사당로30길 127 (사당동),근린생활2,제2종근린생활시설,1021119280,지번
1159010700103000003,서울특별시 동작구 사당동,서울특별시 동작구 사당로16길 90 (사당동),근린생활1,제1종근린생활시설,1021120110,지번
1159010800100130004,서울특별시 동작구 대방동,서울특별시 동작구 등용로4길 43 (대방동),근린생활1,제1종근린생활시설,1021115752,지번
1159010700102310007,서울특별시 동작구 사당동,서울특별시 동작구 사당로16다길 94 (사당동),근린생활1,제1종근린생활시설,1021131479,지번
1159010700100770066,서울특별시 동작구 사당동,서울특별시 동작구 동작대로29나길 34 (사당동),근린생활1,제1종근린생활시설,1021111982,지번
1159010100103060014,서울특별시 동작구 노량진동,서울특별시 동작구 장승배기로19길 18 (노량진동),근린생활1,제1종근린생활시설,1021112762,지번
1159010200103560156,서울특별시 동작구 상도동,서울특별시 동작구 상도로15길 64 (상도동),근린생활1,제1종근린생활시설,102117031,지번
1159010500100500037,서울특별시 동작구 흑석동,서울특별시 동작구 서달로14나길 3 (흑석동),근린생활1,제1종근린생활시설,1021119617,지번
1159010800103860002,서울특별시 동작구 대방동,서울특별시 동작구 여의대방로36길 10-11 (대방동),근린생활1,제1종근린생활시설,1021117048,지번
1159010200104850000,서울특별시 동작구 상도동,서울특별시 동작구 상도로37길 79 (상도동),근린생활2,제2종근린생활시설,1021129351,지번
1159010200105060010,서울특별시 동작구 상도동,서울특별시 동작구 사당로 38 (상도동),근린생활1,제1종근린생활시설,1021116885,지번
1159010700102490087,서울특별시 동작구 사당동,서울특별시 동작구 사당로 202 (사당동),근린생활2,제2종근린생활시설,1021120875,지번
1159010500101900049,서울특별시 동작구 흑석동,서울특별시 동작구 흑석로13가길 43 (흑석동),근린생활1,제1종근린생활시설,102113330,지번
1159010500101900049,서울특별시 동작구 흑석동,서울특별시 동작구 흑석로13가길 43 (흑석동),근린생활1,제2종근린생활시설,102113331,지번
1159010800103800020,서울특별시 동작구 대방동,서울특별시 동작구 대방동27길 40 (대방동),근린생활2,제2종근린생활시설,102116976,지번
1159010100102050328,서울특별시 동작구 노량진동,서울특별시 동작구 만양로12가길 60 (노량진동),근린생활2,제2종근린생활시설,102116088,지번
1159010700110220030,서울특별시 동작구 사당동,서울특별시 동작구 동작대로9길 72-12 (사당동),근린생활1,제1종근린생활시설,1021113554,지번
1159010700110410003,서울특별시 동작구 사당동,서울특별시 동작구 남부순환로271길 28-1 (사당동),근린생활2,제2종근린생활시설,102117187,지번
1159010100102440069,서울특별시 동작구 노량진동,서울특별시 동작구 노량진로8길 60 (노량진동),근린생활1,제1종근린생활시설,102118613,지번
1159010100102320049,서울특별시 동작구 노량진동,서울특별시 동작구 장승배기로24가길 34 (노량진동),근린생활2,제2종근린생활시설,1021122843,지번
1159010700100770019,서울특별시 동작구 사당동,서울특별시 동작구 동작대로29나길 33 (사당동),근린생활2,제2종근린생활시설,1021114080,지번
1159010700103180016,서울특별시 동작구 사당동,서울특별시 동작구 사당로18길 16 (사당동),근린생활1,제1종근린생활시설,1021121460,지번
1159010200104990022,서울특별시 동작구 상도동,서울특별시 동작구 상도로65길 2 (상도동),근린생활2,제2종근린생활시설,1021120697,지번
1159010300107470003,서울특별시 동작구 상도1동,서울특별시 동작구 상도로 274 (상도1동),근린생활1,제1종근린생활시설,1021110509,지번
1159010700101750019,서울특별시 동작구 사당동,서울특별시 동작구 사당로23아길 1 (사당동),근린생활1,제1종근린생활시설,102118886,지번
1159010200102020237,서울특별시 동작구 상도동,서울특별시 동작구 성대로 180 (상도동),근린생활2,제1종근린생활시설,10211100243073,지번
1159010700101880029,서울특별시 동작구 사당동,서울특별시 동작구 사당로2자길 2-3 (사당동),근린생활2,제2종근린생활시설,102115617,지번
1159010700102490011,서울특별시 동작구 사당동,서울특별시 동작구 사당로12길 22 (사당동),근린생활,근린생활시설,102119012,지번
1159010100100600019,서울특별시 동작구 노량진동,,근린생활1,제1종근린생활시설,1021126854,지번
1159010200105090003,서울특별시 동작구 상도동,서울특별시 동작구 사당로2길 2-10 (상도동),근린생활1,제1종근린생활시설,1021111595,지번
1159010200103470004,서울특별시 동작구 상도동,서울특별시 동작구 상도로 118 (상도동),근린생활1,단독주택,10211100260673,지번
1159010100102050010,서울특별시 동작구 노량진동,서울특별시 동작구 만양로12가길 28 (노량진동),근린생활2,제2종근린생활시설,1021120714,지번
1159010500101630007,서울특별시 동작구 흑석동,서울특별시 동작구 흑석로 118 (흑석동),근린생활1,제1종근린생활시설,1021117128,지번
1159010200103660022,서울특별시 동작구 상도동,서울특별시 동작구 상도로 176 (상도동),근린생활,근린생활시설,1021123826,지번
1159010700102650010,서울특별시 동작구 사당동,서울특별시 동작구 사당로 220 (사당동),근린생활2,제2종근린생활시설,1021129120,지번
1159010400100480000,서울특별시 동작구 본동,서울특별시 동작구 노량진로 252 (본동),근린생활2,제2종근린생활시설,1021123341,지번
1159010700101620017,서울특별시 동작구 사당동,서울특별시 동작구 사당로27길 74 (사당동),근린생활2,제2종근린생활시설,1021112328,지번
1159010100102350007,서울특별시 동작구 노량진동,서울특별시 동작구 장승배기로 145-2 (노량진동),근린생활1,제1종근린생활시설,1021126417,지번
1159010200103560209,서울특별시 동작구 상도동,서울특별시 동작구 상도로15길 47 (상도동),근린생활1,제1종근린생활시설,1021113998,지번
1159010300104000001,서울특별시 동작구 상도1동,서울특별시 동작구 상도로37길 22 (상도1동),근린생활1,제1종근린생활시설,1021126099,지번
1159010700110450004,서울특별시 동작구 사당동,서울특별시 동작구 동작대로7길 93 (사당동),근린생활1,제1종근린생활시설,1021112377,지번
1159010200100320022,서울특별시 동작구 상도동,서울특별시 동작구 상도로 238 (상도동),근린생활2,제2종근린생활시설,1021124720,지번
1159010100100040001,서울특별시 동작구 노량진동,서울특별시 동작구 노량진로 151 (노량진동),근린생활1,운수시설,1000000000000002191788,지번
1159010300108010001,서울특별시 동작구 상도1동,서울특별시 동작구 상도로 294 (상도1동),근린생활1,제1종근린생활시설,1021126705,지번
1159010200103570003,서울특별시 동작구 상도동,서울특별시 동작구 상도로15길 54-1 (상도동),근린생활1,제1종근린생활시설,102116435,지번
1159010700110490016,서울특별시 동작구 사당동,서울특별시 동작구 남부순환로 2029 (사당동),근린생활1,제1종근린생활시설,1021117739,지번
1159010200102480005,서울특별시 동작구 상도동,서울특별시 동작구 성대로 15 (상도동),근린생활1,제1종근린생활시설,1021129490,지번
1159010200104950003,서울특별시 동작구 상도동,서울특별시 동작구 상도로62길 5 (상도동),근린생활1,제1종근린생활시설,1021110232,지번
1159010900103450007,서울특별시 동작구 신대방동,서울특별시 동작구 보라매로 94 (신대방동),근린생활2,제2종근린생활시설,1021128091,지번
1159010900106070026,서울특별시 동작구 신대방동,서울특별시 동작구 시흥대로 654 (신대방동),근린생활1,제1종근린생활시설,1021111350,지번
1159010200101340247,서울특별시 동작구 상도동,서울특별시 동작구 상도로60길 16 (상도동),근린생활2,제2종근린생활시설,1021122871,지번
1159010900105910013,서울특별시 동작구 신대방동,서울특별시 동작구 신대방길 108 (신대방동),근린생활1,제1종근린생활시설,1021127488,지번
1159010900106920026,서울특별시 동작구 신대방동,서울특별시 동작구 대림로 20 (신대방동),근린생활2,제2종근린생활시설,1021117678,지번
1159010100102890041,서울특별시 동작구 노량진동,서울특별시 동작구 노량진로6길 81 (노량진동),근린생활2,제2종근린생활시설,1021129863,지번
1159010700102670005,서울특별시 동작구 사당동,서울특별시 동작구 사당로16가길 7 (사당동),근린생활2,제2종근린생활시설,1021130761,지번
1159010200102040011,서울특별시 동작구 상도동,서울특별시 동작구 장승배기로 23 (상도동),근린생활2,제2종근린생활시설,1021126749,지번
1159010100101190196,서울특별시 동작구 노량진동,서울특별시 동작구 만양로16길 8 (노량진동),근린생활1,제2종근린생활시설,1021123946,지번
1159010700110410015,서울특별시 동작구 사당동,서울특별시 동작구 사당로30길 166 (사당동),근린생활2,제2종근린생활시설,1021115797,지번
1159010700103050001,서울특별시 동작구 사당동,서울특별시 동작구 사당로16길 93 (사당동),근린생활1,제1종근린생활시설,1021117228,지번
1159010700110300010,서울특별시 동작구 사당동,서울특별시 동작구 동작대로7길 12 (사당동),근린생활1,제1종근린생활시설,1021110552,지번
1159010100102110035,서울특별시 동작구 노량진동,서울특별시 동작구 만양로14다길 17 (노량진동),근린생활1,제1종근린생활시설,1021127133,지번
1159010900103460011,서울특별시 동작구 신대방동,서울특별시 동작구 보라매로 98 (신대방동),근린생활1,제1종근린생활시설,1021130308,지번
1159010100101190213,서울특별시 동작구 노량진동,서울특별시 동작구 만양로14길 11 (노량진동),근린생활1,제1종근린생활시설,1021123153,지번
1159010700102690030,서울특별시 동작구 사당동,서울특별시 동작구 사당로16가길 42 (사당동),근린생활1,제1종근린생활시설,1021129600,지번
1159010500102270003,서울특별시 동작구 흑석동,,근린생활1,단독주택,1021111808,본번
1159010700110390027,서울특별시 동작구 사당동,서울특별시 동작구 동작대로1길 48 (사당동),근린생활2,제2종근린생활시설,1021118666,지번
1159010700100640149,서울특별시 동작구 사당동,서울특별시 동작구 동작대로33길 39 (사당동),근린생활1,제1종근린생활시설,1021120801,지번
1159010200102140319,서울특별시 동작구 상도동,서울특별시 동작구 양녕로22가길 68 (상도동),근린생활2,제2종근린생활시설,102116387,지번
1159010200103630142,서울특별시 동작구 상도동,서울특별시 동작구 상도로15길 143 (상도동),근린생활2,제2종근린생활시설,1021110746,지번
1159010200103480170,서울특별시 동작구 상도동,서울특별시 동작구 상도로 105 (상도동),근린생활1,제1종근린생활시설,1021122723,지번
1159010100101260012,서울특별시 동작구 노량진동,서울특별시 동작구 만양로14가길 30-9 (노량진동),근린생활2,제2종근린생활시설,1021126161,지번
1159010100102050006,서울특별시 동작구 노량진동,서울특별시 동작구 만양로14아길 11 (노량진동),근린생활2,제2종근린생활시설,10211100184609,지번
1159010800103960011,서울특별시 동작구 대방동,서울특별시 동작구 상도로 35 (대방동),근린생활1,제1종근린생활시설,1021122445,지번
1159010300103690000,서울특별시 동작구 상도1동,서울특별시 동작구 상도로 305 (상도1동),근린생활2,제2종근린생활시설,10211100242653,지번
1159010500100080032,서울특별시 동작구 흑석동,서울특별시 동작구 현충로 100 (흑석동),근린생활1,제2종근린생활시설,102114886,지번
1159010500100080032,서울특별시 동작구 흑석동,서울특별시 동작구 현충로 100 (흑석동),근린생활1,제1종근린생활시설,102114887,지번
1159010200102040253,서울특별시 동작구 상도동,서울특별시 동작구 장승배기로1길 4 (상도동),근린생활2,제2종근린생활시설,1021121027,지번
1159010500100540161,서울특별시 동작구 흑석동,서울특별시 동작구 서달로14나길 24-5 (흑석동),근린생활1,제1종근린생활시설,1021110683,지번
1159010100100310015,서울특별시 동작구 노량진동,서울특별시 동작구 노량진로8길 3 (노량진동),근린생활2,제2종근린생활시설,1021127268,지번
1159010800104010014,서울특별시 동작구 대방동,서울특별시 동작구 여의대방로26길 23 (대방동),근린생활1,제1종근린생활시설,1021115931,지번
1159010800100140014,서울특별시 동작구 대방동,서울특별시 동작구 등용로 79-1 (대방동),근린생활1,제1종근린생활시설,1021117494,지번
1159010200104890008,서울특별시 동작구 상도동,서울특별시 동작구 상도로 368-1 (상도동),근린생활1,제1종근린생활시설,1021113222,지번
1159010800103910001,서울특별시 동작구 대방동,서울특별시 동작구 대방동길 7 (대방동),근린생활1,제1종근린생활시설,1021113272,지번
1159010500100280000,서울특별시 동작구 흑석동,서울특별시 동작구 현충로 151 (흑석동),근린생활1,제1종근린생활시설,1021125739,지번
1159010500100280000,서울특별시 동작구 흑석동,서울특별시 동작구 현충로 151 (흑석동),근린생활1,공동주택,102114851,지번
1159010500100280000,서울특별시 동작구 흑석동,서울특별시 동작구 현충로 151 (흑석동),근린생활1,공동주택,102114852,지번
1159010500100280000,서울특별시 동작구 흑석동,서울특별시 동작구 현충로 151 (흑석동),근린생활1,공동주택,102114853,지번
1159010500100280000,서울특별시 동작구 흑석동,서울특별시 동작구 현충로 151 (흑석동),근린생활1,공동주택,102114854,지번
1159010500100280000,서울특별시 동작구 흑석동,서울특별시 동작구 현충로 151 (흑석동),근린생활1,공동주택,102114855,지번
1159010500100280000,서울특별시 동작구 흑석동,서울특별시 동작구 현충로 151 (흑석동),근린생활1,공동주택,102114856,지번
1159010500100280000,서울특별시 동작구 흑석동,서울특별시 동작구 현충로 151 (흑석동),근린생활1,공동주택,102114857,지번
1159010500100280000,서울특별시 동작구 흑석동,서울특별시 동작구 현충로 151 (흑석동),근린생활1,공동주택,102114858,지번
1159010500100280000,서울특별시 동작구 흑석동,서울특별시 동작구 현충로 151 (흑석동),근린생활1,공동주택,102114859,지번
1159010500100280000,서울특별시 동작구 흑석동,서울특별시 동작구 현충로 151 (흑석동),근린생활1,공동주택,102114860,지번
1159010500100280000,서울특별시 동작구 흑석동,서울특별시 동작구 현충로 153 (흑석동),근린생활1,판매시설,102114861,지번
1159010500100280000,서울특별시 동작구 흑석동,서울특별시 동작구 현충로 151 (흑석동),근린생활1,공동주택,102114870,지번
1159010500100280000,서울특별시 동작구 흑석동,서울특별시 동작구 현충로 151 (흑석동),근린생활1,공동주택,102114871,지번
1159010500100280000,서울특별시 동작구 흑석동,서울특별시 동작구 현충로 151 (흑석동),근린생활1,공동주택,102114872,지번
1159010200103240019,서울특별시 동작구 상도동,서울특별시 동작구 성대로2길 14 (상도동),근린생활,업무시설,10211100244073,지번
1159010800104160001,서울특별시 동작구 대방동,서울특별시 동작구 여의대방로26길 32 (대방동),근린생활1,공동주택,10211100260793,지번
1159010700107080430,서울특별시 동작구 사당동,서울특별시 동작구 사당로17길 19 (사당동),근린생활1,제1종근린생활시설,1021112474,지번
1159010500101900002,서울특별시 동작구 흑석동,서울특별시 동작구 흑석로 99 (흑석동),근린생활2,제2종근린생활시설,1021118283,지번
1159010200104680000,서울특별시 동작구 상도동,서울특별시 동작구 상도로 332 (상도동),근린생활2,제2종근린생활시설,1021124155,지번
1159010700110060004,서울특별시 동작구 사당동,서울특별시 동작구 동작대로23길 31 (사당동),근린생활2,제2종근린생활시설,1021112335,지번
1159010700102280005,서울특별시 동작구 사당동,서울특별시 동작구 사당로2차길 70 (사당동),근린생활2,제2종근린생활시설,102118707,지번
1159010200101930077,서울특별시 동작구 상도동,서울특별시 동작구 상도로22나길 31 (상도동),근린생활1,제1종근린생활시설,1021127306,지번
1159010700110210001,서울특별시 동작구 사당동,서울특별시 동작구 사당로26길 57 (사당동),근린생활1,제1종근린생활시설,1021122221,지번
1159010700100710002,서울특별시 동작구 사당동,서울특별시 동작구 동작대로35길 25 (사당동),근린생활2,제2종근린생활시설,1021115161,지번
1159010800103350017,서울특별시 동작구 대방동,서울특별시 동작구 상도로 81 (대방동),근린생활1,제1종근린생활시설,10211100184409,지번
1159010200102980013,서울특별시 동작구 상도동,서울특별시 동작구 국사봉길 71 (상도동),근린생활1,제1종근린생활시설,1021116371,지번
1159010700101620098,서울특별시 동작구 사당동,서울특별시 동작구 사당로23나길 22 (사당동),근린생활1,제1종근린생활시설,1021125240,지번
1159010700101390063,서울특별시 동작구 사당동,서울특별시 동작구 동작대로27나길 22 (사당동),근린생활1,제1종근린생활시설,102117367,지번
1159010400103840011,서울특별시 동작구 본동,서울특별시 동작구 노량진로18길 17 (본동),근린생활1,제1종근린생활시설,1021130057,지번
1159010700102500027,서울특별시 동작구 사당동,서울특별시 동작구 사당로12길 10-1 (사당동),근린생활2,제2종근린생활시설,1021127719,지번
1159010300103240007,서울특별시 동작구 상도1동,서울특별시 동작구 상도로45길 80 (상도1동),근린생활2,제2종근린생활시설,1021115427,지번
1159010200103280013,서울특별시 동작구 상도동,서울특별시 동작구 상도로 95-1 (상도동),근린생활1,제1종근린생활시설,1021118192,지번
1159010200102420079,서울특별시 동작구 상도동,서울특별시 동작구 성대로1길 18-5 (상도동),근린생활2,제2종근린생활시설,10211100242353,지번
1159010700100910179,서울특별시 동작구 사당동,서울특별시 동작구 동작대로29길 50 (사당동),근린생활1,제1종근린생활시설,102117354,지번
1159010700110400011,서울특별시 동작구 사당동,서울특별시 동작구 동작대로3길 29 (사당동),근린생활2,제2종근린생활시설,1021110444,지번
1159010100102070004,서울특별시 동작구 노량진동,서울특별시 동작구 만양로14길 30 (노량진동),근린생활1,공동주택,1000000000000001980235,지번
1159010700101390052,서울특별시 동작구 사당동,서울특별시 동작구 동작대로27다길 9 (사당동),근린생활1,제1종근린생활시설,1021123082,지번
1159010700101410067,서울특별시 동작구 사당동,서울특별시 동작구 사당로29가길 29 (사당동),근린생활1,제1종근린생활시설,1021123645,지번
1159010500100100000,서울특별시 동작구 흑석동,서울특별시 동작구 현충로 105 (흑석동),판매시설,노유자시설,1021123316,지번
1159010500100100000,서울특별시 동작구 흑석동,서울특별시 동작구 현충로 119 (흑석동),판매시설,공동주택,102114841,지번
1159010500100100000,서울특별시 동작구 흑석동,서울특별시 동작구 현충로 119 (흑석동),판매시설,공동주택,102114842,지번
1159010500100100000,서울특별시 동작구 흑석동,서울특별시 동작구 현충로 119 (흑석동),판매시설,공동주택,102114843,지번
1159010500100100000,서울특별시 동작구 흑석동,서울특별시 동작구 현충로 119 (흑석동),판매시설,공동주택,102114844,지번
1159010500100100000,서울특별시 동작구 흑석동,서울특별시 동작구 현충로 119 (흑석동),판매시설,공동주택,102114845,지번
1159010500100100000,서울특별시 동작구 흑석동,서울특별시 동작구 현충로 119 (흑석동),판매시설,공동주택,102114846,지번
1159010500100100000,서울특별시 동작구 흑석동,서울특별시 동작구 현충로 119 (흑석동),판매시설,공동주택,102114847,지번
1159010500100100000,서울특별시 동작구 흑석동,서울특별시 동작구 현충로 119 (흑석동),판매시설,공동주택,102114848,지번
1159010500100100000,서울특별시 동작구 흑석동,서울특별시 동작구 현충로 111 (흑석동),판매시설,제1종근린생활시설,102114849,지번
1159010500100100000,서울특별시 동작구 흑석동,서울특별시 동작구 현충로 115 (흑석동),판매시설,판매시설,102114850,지번
1159010700110370008,서울특별시 동작구 사당동,서울특별시 동작구 사당로26길 128 (사당동),근린생활2,제2종근린생활시설,102116972,지번
1159010100102310105,서울특별시 동작구 노량진동,서울특별시 동작구 장승배기로 132-4 (노량진동),근린생활2,제2종근린생활시설,1021128756,지번
1159010700102030016,서울특별시 동작구 사당동,서울특별시 동작구 사당로 150 (사당동),근린생활1,제1종근린생활시설,1021125703,지번
1159010800104020002,서울특별시 동작구 대방동,서울특별시 동작구 상도로 26 (대방동),근린생활1,공동주택,10211100259633,지번
1159010100102290135,서울특별시 동작구 노량진동,서울특별시 동작구 장승배기로20길 4 (노량진동),근린생활1,제1종근린생활시설,1021129806,지번
1159010800103880021,서울특별시 동작구 대방동,서울특별시 동작구 대방동15길 28-1 (대방동),근린생활1,제1종근린생활시설,1021120363,지번
1159010700110440037,서울특별시 동작구 사당동,서울특별시 동작구 동작대로1길 27 (사당동),근린생활2,제2종근린생활시설,1021129584,지번
1159010800103990007,서울특별시 동작구 대방동,서울특별시 동작구 상도로 3 (대방동),근린생활1,제1종근린생활시설,1021112931,지번
1159010300106450002,서울특별시 동작구 상도1동,서울특별시 동작구 흑석로 8 (상도1동),근린생활,근린생활시설,1021128011,지번
1159010700110390013,서울특별시 동작구 사당동,서울특별시 동작구 남부순환로269길 16 (사당동),근린생활1,제1종근린생활시설,1021111459,지번
1159010900106900009,서울특별시 동작구 신대방동,서울특별시 동작구 대림로 40 (신대방동),근린생활1,제1종근린생활시설,1021128276,지번
1159010100102580037,서울특별시 동작구 노량진동,서울특별시 동작구 노량진로10길 23 (노량진동),근린생활1,제1종근린생활시설,1021124031,지번
1159010200104750005,서울특별시 동작구 상도동,서울특별시 동작구 상도로 354 (상도동),근린생활2,제2종근린생활시설,1021118186,지번
1159010100102330005,서울특별시 동작구 노량진동,서울특별시 동작구 장승배기로 139-1 (노량진동),근린생활1,제1종근린생활시설,1021123998,지번
1159010200101970025,서울특별시 동작구 상도동,서울특별시 동작구 성대로29길 60 (상도동),근린생활1,제1종근린생활시설,1021123543,지번
1159010200103720001,서울특별시 동작구 상도동,서울특별시 동작구 상도로 192 (상도동),근린생활2,제2종근린생활시설,1021130213,지번
1159010700110130014,서울특별시 동작구 사당동,서울특별시 동작구 사당로22길 12 (사당동),근린생활1,단독주택,1000000000000001834640,지번
1159010700100710023,서울특별시 동작구 사당동,서울특별시 동작구 동작대로35가길 10 (사당동),근린생활1,제1종근린생활시설,1021110086,지번
1159010500101770018,서울특별시 동작구 흑석동,서울특별시 동작구 흑석로 115 (흑석동),근린생활1,제1종근린생활시설,102119822,지번
1159010900106850003,서울특별시 동작구 신대방동,서울특별시 동작구 신대방3길 87 (신대방동),근린생활1,제1종근린생활시설,1021111871,지번
1159010700102060001,서울특별시 동작구 사당동,서울특별시 동작구 사당로4길 27 (사당동),근린생활1,제1종근린생활시설,1021118677,지번
1159010300103760001,서울특별시 동작구 상도1동,서울특별시 동작구 상도로45길 7 (상도1동),근린생활2,제2종근린생활시설,1021114314,지번
1159010200102100031,서울특별시 동작구 상도동,서울특별시 동작구 양녕로24길 6-1 (상도동),근린생활1,제1종근린생활시설,1021116704,지번
1159010700110510008,서울특별시 동작구 사당동,서울특별시 동작구 남부순환로 2007 (사당동),근린생활2,제2종근린생활시설,1021116559,지번
1159010700101520002,서울특별시 동작구 사당동,서울특별시 동작구 사당로 279 (사당동),근린생활2,제2종근린생활시설,1021114958,지번
1159010300103330002,서울특별시 동작구 상도1동,서울특별시 동작구 상도로45길 57 (상도1동),근린생활2,제2종근린생활시설,1021119546,지번
1159010700102200085,서울특별시 동작구 사당동,서울특별시 동작구 사당로 193 (사당동),근린생활2,제2종근린생활시설,1021118761,지번
1159010500101950019,서울특별시 동작구 흑석동,서울특별시 동작구 흑석로 79 (흑석동),근린생활2,제2종근린생활시설,1021125623,지번
1159010200105210000,서울특별시 동작구 상도동,서울특별시 동작구 장승배기로10길 130 (상도동),근린생활1,제1종근린생활시설,102114785,지번
1159010200105210000,서울특별시 동작구 상도동,서울특별시 동작구 장승배기로4길 9 (상도동),근린생활1,제1종근린생활시설,102114786,지번
1159010200105210000,서울특별시 동작구 상도동,서울특별시 동작구 장승배기로4길 9 (상도동),근린생활1,공동주택,102114787,지번
1159010200105210000,서울특별시 동작구 상도동,서울특별시 동작구 장승배기로4길 9 (상도동),근린생활1,공동주택,102114788,지번
1159010200105210000,서울특별시 동작구 상도동,서울특별시 동작구 장승배기로4길 9 (상도동),근린생활1,공동주택,102114789,지번
1159010200105210000,서울특별시 동작구 상도동,서울특별시 동작구 장승배기로4길 9 (상도동),근린생활1,공동주택,102114790,지번
1159010200105210000,서울특별시 동작구 상도동,서울특별시 동작구 장승배기로4길 9 (상도동),근린생활1,공동주택,102114791,지번
1159010200105210000,서울특별시 동작구 상도동,서울특별시 동작구 장승배기로4길 9 (상도동),근린생활1,공동주택,102114792,지번
1159010200105210000,서울특별시 동작구 상도동,서울특별시 동작구 장승배기로4길 9 (상도동),근린생활1,공동주택,102114793,지번
1159010200105210000,서울특별시 동작구 상도동,서울특별시 동작구 장승배기로4길 9 (상도동),근린생활1,공동주택,102114794,지번
1159010200105210000,서울특별시 동작구 상도동,서울특별시 동작구 장승배기로4길 9 (상도동),근린생활1,공동주택,102114795,지번
1159010200105210000,서울특별시 동작구 상도동,서울특별시 동작구 장승배기로4길 9 (상도동),근린생활1,공동주택,102114796,지번
1159010200105210000,서울특별시 동작구 상도동,서울특별시 동작구 장승배기로4길 9 (상도동),근린생활1,공동주택,102114797,지번
1159010200105210000,서울특별시 동작구 상도동,서울특별시 동작구 장승배기로4길 9 (상도동),근린생활1,공동주택,102114798,지번
1159010200105210000,서울특별시 동작구 상도동,서울특별시 동작구 장승배기로4길 9 (상도동),근린생활1,공동주택,102114799,지번
1159010200105210000,서울특별시 동작구 상도동,서울특별시 동작구 장승배기로4길 9 (상도동),근린생활1,공동주택,102114800,지번
1159010200105210000,서울특별시 동작구 상도동,서울특별시 동작구 장승배기로4길 9 (상도동),근린생활1,공동주택,102114801,지번
1159010200105210000,서울특별시 동작구 상도동,서울특별시 동작구 장승배기로4길 9 (상도동),근린생활1,공동주택,102114802,지번
1159010200105210000,서울특별시 동작구 상도동,서울특별시 동작구 장승배기로4길 9 (상도동),근린생활1,공동주택,102114803,지번
1159010200105210000,서울특별시 동작구 상도동,서울특별시 동작구 장승배기로4길 9 (상도동),근린생활1,공동주택,102114804,지번
1159010200105210000,서울특별시 동작구 상도동,서울특별시 동작구 장승배기로4길 9 (상도동),근린생활1,공동주택,102114805,지번
1159010200105210000,서울특별시 동작구 상도동,서울특별시 동작구 장승배기로4길 9 (상도동),근린생활1,공동주택,102114806,지번
1159010200105210000,서울특별시 동작구 상도동,서울특별시 동작구 장승배기로4길 9 (상도동),근린생활1,공동주택,102114807,지번
1159010200105210000,서울특별시 동작구 상도동,서울특별시 동작구 장승배기로4길 9 (상도동),근린생활1,공동주택,102114808,지번
1159010200105090002,서울특별시 동작구 상도동,서울특별시 동작구 사당로 56 (상도동),근린생활1,제1종근린생활시설,1021114885,지번
1159010700110310002,서울특별시 동작구 사당동,서울특별시 동작구 사당로30길 115 (사당동),근린생활1,제1종근린생활시설,1021120161,지번
1159010500101900022,서울특별시 동작구 흑석동,서울특별시 동작구 흑석로13마길 65-3 (흑석동),근린생활1,제1종근린생활시설,1021110091,지번
1159010700102660002,서울특별시 동작구 사당동,서울특별시 동작구 사당로16길 14 (사당동),근린생활2,제2종근린생활시설,1021130531,지번
1159010100100370011,서울특별시 동작구 노량진동,서울특별시 동작구 노량진로12길 16-1 (노량진동),근린생활2,업무시설,1000000000000003480474,지번
1159010500101020014,서울특별시 동작구 흑석동,서울특별시 동작구 서달로13길 11-6 (흑석동),근린생활1,제1종근린생활시설,1021126043,지번
1159010900103470009,서울특별시 동작구 신대방동,서울특별시 동작구 국사봉길 4 (신대방동),근린생활2,제2종근린생활시설,102119697,지번
1159010200103550012,서울특별시 동작구 상도동,,근린생활1,제1종근린생활시설,102111842,지번
1159010200103550012,서울특별시 동작구 상도동,,근린생활1,제1종근린생활시설,102111843,지번
1159010100103080024,서울특별시 동작구 노량진동,서울특별시 동작구 장승배기로 121-2 (노량진동),근린생활2,제2종근린생활시설,1021116091,지번
1159010200105040006,서울특별시 동작구 상도동,서울특별시 동작구 상도로61길 34 (상도동),근린생활1,제1종근린생활시설,1021114936,지번
1159010800103370005,서울특별시 동작구 대방동,서울특별시 동작구 상도로12길 20 (대방동),근린생활1,제1종근린생활시설,1021118415,지번
1159010700103160030,서울특별시 동작구 사당동,서울특별시 동작구 사당로22나길 71 (사당동),근린생활2,제2종근린생활시설,1021110620,지번
1159010700110330004,서울특별시 동작구 사당동,서울특별시 동작구 동작대로3길 38 (사당동),근린생활1,제1종근린생활시설,1021120427,지번
1159010700101470075,서울특별시 동작구 사당동,서울특별시 동작구 동작대로27가길 45 (사당동),근린생활2,제2종근린생활시설,1021127803,지번
1159010100102430016,서울특별시 동작구 노량진동,서울특별시 동작구 장승배기로27길 9 (노량진동),근린생활1,제1종근린생활시설,1021124703,지번
1159010700110050024,서울특별시 동작구 사당동,서울특별시 동작구 사당로30길 36 (사당동),근린생활1,제1종근린생활시설,1021111357,지번
1159010900106920050,서울특별시 동작구 신대방동,서울특별시 동작구 신대방3길 1 (신대방동),근린생활1,제1종근린생활시설,1021114040,지번
1159010300107110000,서울특별시 동작구 상도1동,서울특별시 동작구 양녕로 249 (상도1동),근린생활2,제2종근린생활시설,1021123932,지번
1159010900103470022,서울특별시 동작구 신대방동,서울특별시 동작구 국사봉길 8 (신대방동),근린생활1,제1종근린생활시설,1021130448,지번
1159010900103440035,서울특별시 동작구 신대방동,서울특별시 동작구 보라매로 73-1 (신대방동),근린생활1,제1종근린생활시설,1021129893,지번
1159010100103070049,서울특별시 동작구 노량진동,서울특별시 동작구 장승배기로21길 11-5 (노량진동),근린생활2,제2종근린생활시설,1021118359,지번
1159010400102210004,서울특별시 동작구 본동,서울특별시 동작구 노량진로 235 (본동),근린생활1,제1종근린생활시설,1021126576,지번
1159010100102310115,서울특별시 동작구 노량진동,서울특별시 동작구 장승배기로 135 (노량진동),근린생활1,제1종근린생활시설,1021118825,지번
1159010100100400011,서울특별시 동작구 노량진동,서울특별시 동작구 노량진로 123 (노량진동),근린생활2,제2종근린생활시설,1021128484,지번
1159010200104970001,서울특별시 동작구 상도동,서울특별시 동작구 상도로 392 (상도동),근린생활1,제1종근린생활시설,1021122109,지번
1159010200104130000,서울특별시 동작구 상도동,서울특별시 동작구 양녕로26길 27 (상도동),판매시설,판매시설,102111344,지번
1159010200104130000,서울특별시 동작구 상도동,서울특별시 동작구 양녕로26나길 8 (상도동),판매시설,공동주택,102111345,지번
1159010700101300013,서울특별시 동작구 사당동,서울특별시 동작구 동작대로27길 16-7 (사당동),근린생활1,제1종근린생활시설,1021129507,지번
1159010700101280038,서울특별시 동작구 사당동,서울특별시 동작구 동작대로27길 60 (사당동),근린생활2,제2종근린생활시설,1021128173,지번
1159010700101500009,서울특별시 동작구 사당동,서울특별시 동작구 사당로29길 1 (사당동),근린생활1,제1종근린생활시설,1021129901,지번
1159010100102330012,서울특별시 동작구 노량진동,서울특별시 동작구 장승배기로 139 (노량진동),근린생활2,제2종근린생활시설,1021125630,지번
1159010200103560148,서울특별시 동작구 상도동,서울특별시 동작구 상도로15다길 8 (상도동),근린생활2,제2종근린생활시설,1021114305,지번
1159010400101260018,서울특별시 동작구 본동,,근린생활1,제1종근린생활시설,102113184,지번
1159010400101260018,서울특별시 동작구 본동,,근린생활1,제1종근린생활시설,102113185,지번
1159010500100500022,서울특별시 동작구 흑석동,서울특별시 동작구 서달로14길 24 (흑석동),근린생활2,제2종근린생활시설,1021123286,지번
1159010400101900008,서울특별시 동작구 본동,서울특별시 동작구 매봉로 165 (본동),근린생활1,제1종근린생활시설,1021115461,지번
1159010200105060002,서울특별시 동작구 상도동,서울특별시 동작구 사당로 34 (상도동),근린생활2,제2종근린생활시설,1021116403,지번
1159010200103680014,서울특별시 동작구 상도동,서울특별시 동작구 상도로 178 (상도동),근린생활1,제1종근린생활시설,1021128881,지번
1159010200103240064,서울특별시 동작구 상도동,서울특별시 동작구 국사봉1길 43-1 (상도동),근린생활2,제2종근린생활시설,10211100183644,지번
1159010200104640009,서울특별시 동작구 상도동,서울특별시 동작구 상도로47길 22 (상도동),근린생활2,제2종근린생활시설,1021124189,지번
1159010700110410026,서울특별시 동작구 사당동,서울특별시 동작구 사당로30길 158-4 (사당동),근린생활2,제2종근린생활시설,1021120133,지번
1159010100100130017,서울특별시 동작구 노량진동,서울특별시 동작구 노량진로17길 44 (노량진동),근린생활1,제1종근린생활시설,102112774,지번
1159010100100130017,서울특별시 동작구 노량진동,서울특별시 동작구 노량진로17길 42 (노량진동),근린생활1,제1종근린생활시설,102112775,지번
1159010700110490004,서울특별시 동작구 사당동,서울특별시 동작구 남부순환로 2019 (사당동),근린생활2,제2종근린생활시설,1021129688,지번
1159010700101370025,서울특별시 동작구 사당동,서울특별시 동작구 동작대로27가길 15 (사당동),근린생활1,제1종근린생활시설,1021131428,지번
1159010500101900045,서울특별시 동작구 흑석동,서울특별시 동작구 흑석로 93 (흑석동),근린생활1,제1종근린생활시설,1021110399,지번
1159010100102710005,서울특별시 동작구 노량진동,서울특별시 동작구 등용로14길 72 (노량진동),근린생활1,제1종근린생활시설,1021114586,지번
1159010700102540012,서울특별시 동작구 사당동,서울특별시 동작구 사당로14가길 12 (사당동),근린생활2,제2종근린생활시설,1021121167,지번
1159010700103160018,서울특별시 동작구 사당동,서울특별시 동작구 사당로20나길 40 (사당동),근린생활1,제1종근린생활시설,1021126891,지번
1159010100101190153,서울특별시 동작구 노량진동,서울특별시 동작구 만양로16길 9 (노량진동),근린생활1,제1종근린생활시설,1021119522,지번
1159010400100500018,서울특별시 동작구 본동,서울특별시 동작구 노량진로26길 16-1 (본동),근린생활1,제1종근린생활시설,1021126397,지번
1159010400100500018,서울특별시 동작구 본동,서울특별시 동작구 노량진로26길 16-1 (본동),근린생활1,제1종근린생활시설,102116628,지번
1159010800103510004,서울특별시 동작구 대방동,서울특별시 동작구 알마타길 20-3 (대방동),근린생활1,제1종근린생활시설,1021128608,지번
1159010300104500007,서울특별시 동작구 상도1동,서울특별시 동작구 상도로41길 27 (상도1동),근린생활1,공동주택,1000000000000001494450,지번
1159010200104890000,서울특별시 동작구 상도동,서울특별시 동작구 상도로 362 (상도동),근린생활1,제1종근린생활시설,1021130883,지번
1159010700101300001,서울특별시 동작구 사당동,서울특별시 동작구 동작대로27길 20-6 (사당동),근린생활2,제2종근린생활시설,1021111615,지번
1159010800103980008,서울특별시 동작구 대방동,서울특별시 동작구 상도로 15 (대방동),근린생활1,제2종근린생활시설,10211100255073,지번
1159010700102760001,서울특별시 동작구 사당동,서울특별시 동작구 사당로16마길 2 (사당동),근린생활1,제1종근린생활시설,1021122805,지번
1159010700100910128,서울특별시 동작구 사당동,서울특별시 동작구 동작대로29라길 22 (사당동),근린생활2,제2종근린생활시설,1021114351,지번
1159010700101470078,서울특별시 동작구 사당동,서울특별시 동작구 사당로 301-1 (사당동),근린생활1,제1종근린생활시설,1021126770,지번
1159010100102060014,서울특별시 동작구 노량진동,서울특별시 동작구 만양로14사길 5 (노량진동),근린생활2,제2종근린생활시설,1021126133,지번
1159010100102310173,서울특별시 동작구 노량진동,서울특별시 동작구 장승배기로 136 (노량진동),근린생활1,제1종근린생활시설,1021117888,지번
1159010200102100399,서울특별시 동작구 상도동,서울특별시 동작구 양녕로23길 40 (상도동),근린생활1,제1종근린생활시설,102119009,지번
1159010100102220013,서울특별시 동작구 노량진동,서울특별시 동작구 만양로12길 11 (노량진동),근린생활2,제2종근린생활시설,10211100181914,지번
1159010300104650000,서울특별시 동작구 상도1동,서울특별시 동작구 상도로41가길 6 (상도1동),근린생활2,제2종근린생활시설,10211100244693,지번
1159010100101170020,서울특별시 동작구 노량진동,서울특별시 동작구 만양로14가길 26 (노량진동),근린생활2,제2종근린생활시설,102116094,지번
1159010100102670049,서울특별시 동작구 노량진동,서울특별시 동작구 등용로14길 57 (노량진동),근린생활1,제1종근린생활시설,1021123540,지번
1159010200102040069,서울특별시 동작구 상도동,서울특별시 동작구 장승배기로5길 10 (상도동),근린생활2,제2종근린생활시설,10211100181585,지번
1159010200102100032,서울특별시 동작구 상도동,서울특별시 동작구 양녕로26길 16 (상도동),근린생활1,제1종근린생활시설,1021115686,지번
1159010200102990048,서울특별시 동작구 상도동,서울특별시 동작구 국사봉길 60 (상도동),근린생활2,제2종근린생활시설,1021113567,지번
1159010400100240040,서울특별시 동작구 본동,서울특별시 동작구 노량진로32길 112 (본동),근린생활1,제1종근린생활시설,10211100182453,지번
1159010700110450002,서울특별시 동작구 사당동,서울특별시 동작구 동작대로7길 89 (사당동),근린생활1,제1종근린생활시설,1021129127,지번
1159010100103110015,서울특별시 동작구 노량진동,서울특별시 동작구 장승배기로18길 12 (노량진동),근린생활2,제2종근린생활시설,1021129631,지번
1159010700110100001,서울특별시 동작구 사당동,서울특별시 동작구 동작대로13길 18 (사당동),근린생활2,제2종근린생활시설,1021120566,지번
1159010900106930008,서울특별시 동작구 신대방동,서울특별시 동작구 신대방1길 24 (신대방동),근린생활2,제2종근린생활시설,1021130343,지번
1159010200103510005,서울특별시 동작구 상도동,서울특별시 동작구 상도로15길 23 (상도동),근린생활2,제2종근린생활시설,1021115830,지번
1159010100102890056,서울특별시 동작구 노량진동,서울특별시 동작구 노량진로6길 65 (노량진동),근린생활1,제1종근린생활시설,1021120353,지번
1159010700107080402,서울특별시 동작구 사당동,서울특별시 동작구 사당로17길 17 (사당동),근린생활1,제1종근린생활시설,1021115762,지번
1159010200104860009,서울특별시 동작구 상도동,서울특별시 동작구 상도로55길 1 (상도동),근린생활2,제2종근린생활시설,102118080,지번
1159010900106900026,서울특별시 동작구 신대방동,서울특별시 동작구 대림로 30 (신대방동),근린생활2,제2종근린생활시설,1021122938,지번
1159010700101270048,서울특별시 동작구 사당동,서울특별시 동작구 동작대로29길 53 (사당동),근린생활2,제2종근린생활시설,1021113792,지번
1159010500101020041,서울특별시 동작구 흑석동,서울특별시 동작구 서달로13길 11-19 (흑석동),근린생활1,제1종근린생활시설,102118642,지번
1159010800103410001,서울특별시 동작구 대방동,서울특별시 동작구 여의대방로54길 5 (대방동),근린생활1,제1종근린생활시설,1021112236,지번
1159010700110260038,서울특별시 동작구 사당동,서울특별시 동작구 동작대로9길 39 (사당동),근린생활1,제1종근린생활시설,102117718,지번
1159010900103640003,서울특별시 동작구 신대방동,서울특별시 동작구 여의대방로22길 54 (신대방동),근린생활1,제1종근린생활시설,1021118445,지번
1159010100102720004,서울특별시 동작구 노량진동,서울특별시 동작구 노량진로6길 26 (노량진동),근린생활2,제2종근린생활시설,1021130919,지번
1159010200101590026,서울특별시 동작구 상도동,서울특별시 동작구 상도로 306 (상도동),근린생활2,제2종근린생활시설,1021129156,지번
1159010900103430007,서울특별시 동작구 신대방동,서울특별시 동작구 보라매로 59 (신대방동),근린생활1,제1종근린생활시설,102118109,지번
1159010700110100033,서울특별시 동작구 사당동,서울특별시 동작구 사당로30길 62 (사당동),근린생활2,제2종근린생활시설,1021123703,지번
1159010200103630011,서울특별시 동작구 상도동,서울특별시 동작구 등용로 9 (상도동),근린생활2,제2종근린생활시설,1021118336,지번
1159010200102560036,서울특별시 동작구 상도동,서울특별시 동작구 성대로 36 (상도동),근린생활1,제1종근린생활시설,1021110466,지번
1159010700110190021,서울특별시 동작구 사당동,서울특별시 동작구 동작대로9길 8-10 (사당동),근린생활2,제2종근린생활시설,1021119155,지번
1159010500100830008,서울특별시 동작구 흑석동,,근린생활1,단독주택,1021117401,본번
1159010700101370017,서울특별시 동작구 사당동,서울특별시 동작구 동작대로27가길 22 (사당동),근린생활1,제1종근린생활시설,1021112546,지번
1159010900105860013,서울특별시 동작구 신대방동,서울특별시 동작구 시흥대로 670 (신대방동),근린생활1,제1종근린생활시설,1021130475,지번
1159010100100280006,서울특별시 동작구 노량진동,서울특별시 동작구 노량진로 90-1 (노량진동),근린생활2,제2종근린생활시설,1021126687,지번
1159010700101520001,서울특별시 동작구 사당동,서울특별시 동작구 사당로 281 (사당동),근린생활1,제1종근린생활시설,102119070,지번
1159010700103160136,서울특별시 동작구 사당동,서울특별시 동작구 사당로20길 54 (사당동),근린생활2,제2종근린생활시설,1021127830,지번
1159010100100590029,서울특별시 동작구 노량진동,서울특별시 동작구 노량진로 144 (노량진동),근린생활2,제2종근린생활시설,1021121823,지번
1159010500101020110,서울특별시 동작구 흑석동,서울특별시 동작구 서달로13길 4-4 (흑석동),근린생활1,제1종근린생활시설,102119635,지번
1159010700100770065,서울특별시 동작구 사당동,서울특별시 동작구 동작대로29나길 38 (사당동),근린생활2,제2종근린생활시설,1021130960,지번
1159010500101880015,서울특별시 동작구 흑석동,서울특별시 동작구 흑석로13가길 29 (흑석동),근린생활1,제1종근린생활시설,102115609,지번
1159010800103890012,서울특별시 동작구 대방동,서울특별시 동작구 여의대방로 188-1 (대방동),근린생활1,제1종근린생활시설,1021116604,지번
1159010800103890012,서울특별시 동작구 대방동,서울특별시 동작구 여의대방로 188-1 (대방동),근린생활1,제1종근린생활시설,1021117121,지번
1159010700103180100,서울특별시 동작구 사당동,서울특별시 동작구 사당로 244 (사당동),근린생활1,제1종근린생활시설,102113485,지번
1159010700103180100,서울특별시 동작구 사당동,서울특별시 동작구 사당로 244 (사당동),근린생활1,제1종근린생활시설,102113486,지번
1159010500101810014,서울특별시 동작구 흑석동,서울특별시 동작구 흑석로 111-6 (흑석동),근린생활2,제2종근린생활시설,1021123417,지번
1159010500100520005,서울특별시 동작구 흑석동,서울특별시 동작구 서달로14나길 20 (흑석동),근린생활1,제1종근린생활시설,1021128381,지번
1159010800103970026,서울특별시 동작구 대방동,서울특별시 동작구 상도로 17-8 (대방동),근린생활2,제2종근린생활시설,102119916,지번
1159010200101700010,서울특별시 동작구 상도동,서울특별시 동작구 상도로 206 (상도동),근린생활1,제1종근린생활시설,1021114409,지번
1159010700101640001,서울특별시 동작구 사당동,서울특별시 동작구 사당로27길 지하103 (사당동),근린생활2,제2종근린생활시설,1021113457,지번
1159010700110060011,서울특별시 동작구 사당동,서울특별시 동작구 동작대로23길 15 (사당동),근린생활2,제2종근린생활시설,1021119782,지번
1159010900104980009,서울특별시 동작구 신대방동,서울특별시 동작구 여의대방로 86-1 (신대방동),근린생활1,제1종근린생활시설,1021130462,지번
1159010200103120001,서울특별시 동작구 상도동,서울특별시 동작구 성대로 32 (상도동),근린생활2,제2종근린생활시설,102116492,지번
1159010200102080002,서울특별시 동작구 상도동,서울특별시 동작구 장승배기로 10 (상도동),근린생활2,제2종근린생활시설,1021112084,지번
1159010700101450011,서울특별시 동작구 사당동,서울특별시 동작구 동작대로27가길 36 (사당동),근린생활2,제2종근린생활시설,102115576,지번
1159010800103400011,서울특별시 동작구 대방동,서울특별시 동작구 여의대방로54길 27 (대방동),근린생활1,제1종근린생활시설,1021119367,지번
1159010700110080024,서울특별시 동작구 사당동,서울특별시 동작구 동작대로13길 6-3 (사당동),근린생활2,제2종근린생활시설,1021128318,지번
1159010100101190016,서울특별시 동작구 노량진동,서울특별시 동작구 노량진로16길 34 (노량진동),근린생활1,제1종근린생활시설,102116686,지번
1159010900103440037,서울특별시 동작구 신대방동,서울특별시 동작구 보라매로 71 (신대방동),근린생활1,제1종근린생활시설,1021129004,지번
1159010700107080435,서울특별시 동작구 사당동,서울특별시 동작구 동작대로25길 16 (사당동),근린생활1,제1종근린생활시설,10211100186500,지번
1159010500102550021,서울특별시 동작구 흑석동,서울특별시 동작구 서달로4길 24 (흑석동),근린생활1,단독주택,1021124956,본번
1159010100101480057,서울특별시 동작구 노량진동,서울특별시 동작구 만양로18길 15 (노량진동),근린생활1,제1종근린생활시설,1021125513,지번
1159010700102330003,서울특별시 동작구 사당동,서울특별시 동작구 사당로8길 29 (사당동),근린생활2,제2종근린생활시설,1021125853,지번
1159010800103870020,서울특별시 동작구 대방동,서울특별시 동작구 대방동15길 20 (대방동),근린생활1,제1종근린생활시설,1021121999,지번
1159010700110470044,서울특별시 동작구 사당동,서울특별시 동작구 남부순환로 2051 (사당동),근린생활1,제1종근린생활시설,1021116380,지번
1159010900106870015,서울특별시 동작구 신대방동,서울특별시 동작구 대림로 54 (신대방동),근린생활2,제2종근린생활시설,1021124799,지번
1159010200104770004,서울특별시 동작구 상도동,서울특별시 동작구 상도로 337-1 (상도동),근린생활2,제2종근린생활시설,1021119797,지번
1159010900103660165,서울특별시 동작구 신대방동,서울특별시 동작구 여의대방로22나길 106 (신대방동),근린생활2,단독주택,10211100258893,지번
1159010700107080404,서울특별시 동작구 사당동,서울특별시 동작구 사당로17가길 12 (사당동),근린생활1,제1종근린생활시설,1021129799,지번
1159010200105050011,서울특별시 동작구 상도동,서울특별시 동작구 상도로61길 43 (상도동),근린생활1,제1종근린생활시설,1021115341,지번
1159010700110420004,서울특별시 동작구 사당동,서울특별시 동작구 사당로30길 159 (사당동),근린생활2,제2종근린생활시설,102119211,지번
1159010200101930091,서울특별시 동작구 상도동,서울특별시 동작구 성대로29길 80 (상도동),근린생활2,제2종근린생활시설,102118875,지번
1159010500100500005,서울특별시 동작구 흑석동,서울특별시 동작구 서달로14마길 6 (흑석동),근린생활2,제2종근린생활시설,102111158,지번
1159010500100500005,서울특별시 동작구 흑석동,서울특별시 동작구 서달로14마길 6 (흑석동),근린생활2,단독주택,102111159,지번
1159010500100860117,서울특별시 동작구 흑석동,서울특별시 동작구 서달로 144 (흑석동),근린생활1,제1종근린생활시설,102115667,지번
1159010900103640075,서울특별시 동작구 신대방동,서울특별시 동작구 여의대방로22바길 2 (신대방동),근린생활2,제2종근린생활시설,1021121231,지번
1159010300107870000,서울특별시 동작구 상도1동,서울특별시 동작구 상도로37길 16 (상도1동),근린생활2,제2종근린생활시설,10211100216625,지번
1159010100102630005,서울특별시 동작구 노량진동,서울특별시 동작구 노량진로6길 17 (노량진동),근린생활1,제1종근린생활시설,102119244,지번
1159010700103120009,서울특별시 동작구 사당동,서울특별시 동작구 사당로16길 47 (사당동),근린생활1,제1종근린생활시설,1021128868,지번
1159010700101450015,서울특별시 동작구 사당동,서울특별시 동작구 동작대로27가길 42 (사당동),근린생활2,제2종근린생활시설,1021118252,지번
1159010200103130014,서울특별시 동작구 상도동,서울특별시 동작구 성대로 26-1 (상도동),근린생활2,제2종근린생활시설,102111574,지번
1159010200103130014,서울특별시 동작구 상도동,서울특별시 동작구 성대로 26-1 (상도동),근린생활2,단독주택,102111575,지번
1159010500101810001,서울특별시 동작구 흑석동,서울특별시 동작구 서달로15길 23 (흑석동),근린생활2,제2종근린생활시설,1021124535,지번
1159010700110200039,서울특별시 동작구 사당동,서울특별시 동작구 동작대로9길 16 (사당동),근린생활1,제1종근린생활시설,1021115045,지번
1159010700102650016,서울특별시 동작구 사당동,서울특별시 동작구 사당로 227 (사당동),근린생활1,제1종근린생활시설,1021111327,지번
1159010300105770000,서울특별시 동작구 상도1동,서울특별시 동작구 강남초등길 22 (상도1동),근린생활2,제2종근린생활시설,1021127926,지번
1159010700110250003,서울특별시 동작구 사당동,서울특별시 동작구 사당로26길 72 (사당동),근린생활2,제2종근린생활시설,1021125644,지번
1159010300106990000,서울특별시 동작구 상도1동,서울특별시 동작구 상도로 265 (상도1동),근린생활2,제2종근린생활시설,1021117924,지번
1159010300105460000,서울특별시 동작구 상도1동,서울특별시 동작구 강남초등길 12 (상도1동),근린생활2,제2종근린생활시설,10211100181505,지번
1159010700102030006,서울특별시 동작구 사당동,서울특별시 동작구 사당로 152-1 (사당동),근린생활1,제1종근린생활시설,102117711,지번
1159010900106070058,서울특별시 동작구 신대방동,서울특별시 동작구 신대방길 113 (신대방동),근린생활1,제1종근린생활시설,1021120888,지번
1159010500100520017,서울특별시 동작구 흑석동,서울특별시 동작구 서달로14나길 17 (흑석동),근린생활1,제1종근린생활시설,1021111616,지번
1159010700102460015,서울특별시 동작구 사당동,서울특별시 동작구 사당로8길 12 (사당동),근린생활2,제2종근린생활시설,1021111396,지번
1159010200100730001,서울특별시 동작구 상도동,서울특별시 동작구 상도로37길 69 (상도동),근린생활2,제2종근린생활시설,1021119975,지번
1159010700110450007,서울특별시 동작구 사당동,서울특별시 동작구 동작대로7길 97 (사당동),근린생활1,제1종근린생활시설,1021114440,지번
1159010100102440065,서울특별시 동작구 노량진동,서울특별시 동작구 노량진로8길 58 (노량진동),근린생활2,제2종근린생활시설,1021112638,지번
1159010100102300013,서울특별시 동작구 노량진동,서울특별시 동작구 장승배기로 114 (노량진동),근린생활1,제1종근린생활시설,1021118594,지번
1159010200103560158,서울특별시 동작구 상도동,서울특별시 동작구 상도로15길 60 (상도동),근린생활1,제1종근린생활시설,102119441,지번
1159010200103060011,서울특별시 동작구 상도동,서울특별시 동작구 국사봉5길 19 (상도동),근린생활1,제1종근린생활시설,1021120626,지번
1159010200103560157,서울특별시 동작구 상도동,서울특별시 동작구 상도로15길 62 (상도동),근린생활1,제1종근린생활시설,1021112918,지번
1159010200104770017,서울특별시 동작구 상도동,서울특별시 동작구 상도로37길 74 (상도동),근린생활1,제1종근린생활시설,1021122174,지번
1159010300106910000,서울특별시 동작구 상도1동,서울특별시 동작구 상도로 265-30 (상도1동),근린생활2,제2종근린생활시설,1021112655,지번
1159010100102060018,서울특별시 동작구 노량진동,서울특별시 동작구 만양로14길 40-1 (노량진동),근린생활2,제2종근린생활시설,1021123060,지번
1159010100102560061,서울특별시 동작구 노량진동,서울특별시 동작구 노량진로10길 27 (노량진동),근린생활1,제1종근린생활시설,1021124861,지번
1159010200102230019,서울특별시 동작구 상도동,서울특별시 동작구 양녕로 183-7 (상도동),근린생활2,제2종근린생활시설,1021121287,지번
1159010200102910006,서울특별시 동작구 상도동,서울특별시 동작구 국사봉1길 146 (상도동),근린생활2,제2종근린생활시설,1021112029,지번
1159010200104890005,서울특별시 동작구 상도동,서울특별시 동작구 상도로 364-1 (상도동),근린생활1,제1종근린생활시설,1021112194,지번
1159010400104550004,서울특별시 동작구 본동,서울특별시 동작구 매봉로 139-1 (본동),근린생활1,제1종근린생활시설,1021129009,지번
1159010300103600003,서울특별시 동작구 상도1동,서울특별시 동작구 상도로45길 10 (상도1동),근린생활2,제2종근린생활시설,1021113084,지번
1159010300102440001,서울특별시 동작구 상도1동,서울특별시 동작구 상도로50길 2-15 (상도1동),근린생활2,제2종근린생활시설,102119518,지번
1159010300106210000,서울특별시 동작구 상도1동,서울특별시 동작구 양녕로 281 (상도1동),근린생활1,제1종근린생활시설,102115849,지번
1159010100101190178,서울특별시 동작구 노량진동,서울특별시 동작구 만양로 90 (노량진동),근린생활2,제2종근린생활시설,1021129265,지번
1159010700102300023,서울특별시 동작구 사당동,서울특별시 동작구 사당로8가길 9-9 (사당동),근린생활2,제2종근린생활시설,1021111547,지번
1159010900106070055,서울특별시 동작구 신대방동,서울특별시 동작구 신대방길 105 (신대방동),근린생활1,제1종근린생활시설,1021110174,지번
1159010100101190185,서울특별시 동작구 노량진동,서울특별시 동작구 만양로16길 14 (노량진동),근린생활1,제1종근린생활시설,1021113087,지번
1159010200104940015,서울특별시 동작구 상도동,서울특별시 동작구 상도로62길 10 (상도동),근린생활1,제1종근린생활시설,1021124860,지번
1159010200102990042,서울특별시 동작구 상도동,서울특별시 동작구 국사봉길 54 (상도동),근린생활1,공동주택,1000000000000000078949,지번
1159010500102050003,서울특별시 동작구 흑석동,서울특별시 동작구 흑석로 77 (흑석동),근린생활1,제2종근린생활시설,10211100258774,지번
1159010700110320002,서울특별시 동작구 사당동,서울특별시 동작구 동작대로7길 21 (사당동),근린생활1,제1종근린생활시설,1021119640,지번
1159010700107080406,서울특별시 동작구 사당동,서울특별시 동작구 사당로17가길 1 (사당동),근린생활1,제1종근린생활시설,102116350,지번
1159010900103470017,서울특별시 동작구 신대방동,서울특별시 동작구 보라매로 100-4 (신대방동),근린생활2,제2종근린생활시설,1021110693,지번
1159010200103610020,서울특별시 동작구 상도동,서울특별시 동작구 상도로15길 87 (상도동),근린생활,근린생활시설,1021127300,지번
1159010700110320042,서울특별시 동작구 사당동,서울특별시 동작구 동작대로7길 39 (사당동),근린생활1,제1종근린생활시설,1021131394,지번
1159010700101410227,서울특별시 동작구 사당동,서울특별시 동작구 사당로29가길 46 (사당동),근린생활1,제1종근린생활시설,1021111035,지번
1159010700110060006,서울특별시 동작구 사당동,서울특별시 동작구 동작대로23길 27 (사당동),근린생활1,제1종근린생활시설,1021128462,지번
1159010700110350045,서울특별시 동작구 사당동,서울특별시 동작구 사당로26길 106 (사당동),근린생활2,제2종근린생활시설,1021117005,지번
1159010100102310122,서울특별시 동작구 노량진동,서울특별시 동작구 장승배기로 131 (노량진동),근린생활1,제1종근린생활시설,1021122592,지번
1159010100102000002,서울특별시 동작구 노량진동,서울특별시 동작구 만양로14길 68 (노량진동),근린생활2,제2종근린생활시설,1021115620,지번
1159010200102140291,서울특별시 동작구 상도동,서울특별시 동작구 양녕로22가길 67 (상도동),근린생활1,제1종근린생활시설,1021131276,지번
1159010700110470035,서울특별시 동작구 사당동,서울특별시 동작구 남부순환로 2047-1 (사당동),근린생활1,제1종근린생활시설,1021111288,지번
1159010500101990012,서울특별시 동작구 흑석동,서울특별시 동작구 흑석로7길 18 (흑석동),근린생활1,제1종근린생활시설,102115777,지번
1159010700110410012,서울특별시 동작구 사당동,서울특별시 동작구 동작대로1길 18 (사당동),근린생활2,제2종근린생활시설,1021129805,지번
1159010100102310153,서울특별시 동작구 노량진동,서울특별시 동작구 장승배기로 134-2 (노량진동),근린생활1,제1종근린생활시설,1021120227,지번
1159010200105010012,서울특별시 동작구 상도동,서울특별시 동작구 사당로 2 (상도동),근린생활1,제1종근린생활시설,102117483,지번
1159010700102630016,서울특별시 동작구 사당동,서울특별시 동작구 사당로13길 48-7 (사당동),근린생활1,제1종근린생활시설,102117122,지번
1159010100101170007,서울특별시 동작구 노량진동,서울특별시 동작구 만양로 102 (노량진동),근린생활1,제1종근린생활시설,1021127145,지번
1159010700110390055,서울특별시 동작구 사당동,서울특별시 동작구 동작대로1길 28 (사당동),근린생활2,제2종근린생활시설,1021114694,지번
1159010700100790013,서울특별시 동작구 사당동,서울특별시 동작구 동작대로 153-1 (사당동),근린생활2,제2종근린생활시설,1021117634,지번
1159010800104090016,서울특별시 동작구 대방동,서울특별시 동작구 여의대방로24길 85-1 (대방동),근린생활2,제2종근린생활시설,102116966,지번
1159010800103810023,서울특별시 동작구 대방동,서울특별시 동작구 대방동23길 22 (대방동),근린생활2,제2종근린생활시설,1021120519,지번
1159010600101020034,서울특별시 동작구 동작동,서울특별시 동작구 동작대로43길 1-3 (동작동),근린생활2,제2종근린생활시설,1021127060,지번
1159010900103600025,서울특별시 동작구 신대방동,서울특별시 동작구 여의대방로22아길 12 (신대방동),근린생활1,제1종근린생활시설,1021116596,지번
1159010300103620004,서울특별시 동작구 상도1동,서울특별시 동작구 상도로37길 39 (상도1동),근린생활1,단독주택,10211100259273,지번
1159010700110380030,서울특별시 동작구 사당동,서울특별시 동작구 동작대로7길 70 (사당동),근린생활2,제2종근린생활시설,1021117334,지번
1159010100103100055,서울특별시 동작구 노량진동,서울특별시 동작구 장승배기로16가길 11 (노량진동),근린생활2,제2종근린생활시설,1021127952,지번
1159010200105030000,서울특별시 동작구 상도동,서울특별시 동작구 상도로63길 15 (상도동),근린생활2,제2종근린생활시설,1021127216,지번
1159010900103620021,서울특별시 동작구 신대방동,서울특별시 동작구 여의대방로24길 70 (신대방동),근린생활2,제2종근린생활시설,1021130770,지번
1159010700103180005,서울특별시 동작구 사당동,서울특별시 동작구 사당로 248 (사당동),근린생활1,제1종근린생활시설,1021122003,지번
1159010200104970017,서울특별시 동작구 상도동,서울특별시 동작구 상도로66길 10 (상도동),근린생활2,제2종근린생활시설,1021123102,지번
1159010200102040073,서울특별시 동작구 상도동,서울특별시 동작구 장승배기로 46 (상도동),근린생활1,제1종근린생활시설,1021130278,지번
1159010500101900018,서울특별시 동작구 흑석동,서울특별시 동작구 흑석로9길 2 (흑석동),근린생활1,제1종근린생활시설,1021115988,지번
1159010100101190159,서울특별시 동작구 노량진동,서울특별시 동작구 만양로16길 4 (노량진동),근린생활1,제1종근린생활시설,1021130355,지번
1159010300100620008,서울특별시 동작구 상도1동,,근린생활2,제2종근린생활시설,1021119955,지번
1159010700103070006,서울특별시 동작구 사당동,서울특별시 동작구 사당로16길 79-7 (사당동),근린생활1,제1종근린생활시설,1021130036,지번
1159010200102600014,서울특별시 동작구 상도동,서울특별시 동작구 성대로 69 (상도동),근린생활1,제1종근린생활시설,1021114664,지번
1159010200103730025,서울특별시 동작구 상도동,서울특별시 동작구 장승배기로10길 19 (상도동),근린생활1,제1종근린생활시설,1021125219,지번
1159010100100530007,서울특별시 동작구 노량진동,서울특별시 동작구 장승배기로28길 2-7 (노량진동),근린생활2,제2종근린생활시설,1021129569,지번
1159010200104970005,서울특별시 동작구 상도동,서울특별시 동작구 상도로66길 8-5 (상도동),근린생활2,제2종근린생활시설,102117872,지번
1159010500101010001,서울특별시 동작구 흑석동,서울특별시 동작구 서달로15길 7 (흑석동),근린생활2,제2종근린생활시설,1021118558,지번
1159010300103640004,서울특별시 동작구 상도1동,서울특별시 동작구 상도로37길 35 (상도1동),근린생활2,제2종근린생활시설,1021118562,지번
1159010700110290038,서울특별시 동작구 사당동,서울특별시 동작구 사당로30길 100 (사당동),근린생활1,제1종근린생활시설,1021115441,지번
1159010100101190161,서울특별시 동작구 노량진동,서울특별시 동작구 만양로14길 5 (노량진동),근린생활2,제2종근린생활시설,1021125088,지번
1159010100102840005,서울특별시 동작구 노량진동,서울특별시 동작구 노량진로6길 53 (노량진동),근린생활,근린생활시설,1021111448,지번
1159010200102320006,서울특별시 동작구 상도동,서울특별시 동작구 양녕로25바길 48 (상도동),근린생활1,제1종근린생활시설,1021112060,지번
1159010200105030001,서울특별시 동작구 상도동,서울특별시 동작구 상도로67길 27 (상도동),근린생활2,제2종근린생활시설,1021131469,지번
1159010100102110070,서울특별시 동작구 노량진동,서울특별시 동작구 만양로14다길 3 (노량진동),근린생활2,제2종근린생활시설,1021111775,지번
1159010700103180069,서울특별시 동작구 사당동,서울특별시 동작구 사당로20가길 23 (사당동),근린생활2,제2종근린생활시설,102119899,지번
1159010200102380000,서울특별시 동작구 상도동,서울특별시 동작구 성대로29길 79 (상도동),근린생활2,제2종근린생활시설,1021116673,지번
1159010700107080396,서울특별시 동작구 사당동,서울특별시 동작구 사당로17길 11 (사당동),근린생활2,제2종근린생활시설,1021112075,지번
1159010300103770000,서울특별시 동작구 상도1동,서울특별시 동작구 상도로 311 (상도1동),근린생활1,제1종근린생활시설,1021128662,지번
1159010200103040006,서울특별시 동작구 상도동,서울특별시 동작구 국사봉5길 1 (상도동),근린생활1,제1종근린생활시설,1021119845,지번
1159010900106180013,서울특별시 동작구 신대방동,서울특별시 동작구 신대방2가길 1 (신대방동),근린생활1,제1종근린생활시설,1021130183,지번
1159010100102200008,서울특별시 동작구 노량진동,서울특별시 동작구 만양로 61-6 (노량진동),근린생활2,제2종근린생활시설,1021129689,지번
1159010100103100160,서울특별시 동작구 노량진동,서울특별시 동작구 장승배기로 100 (노량진동),근린생활2,제2종근린생활시설,1021129566,지번
1159010800104040026,서울특별시 동작구 대방동,서울특별시 동작구 상도로 54 (대방동),근린생활2,제2종근린생활시설,102117807,지번
1159010700101750055,서울특별시 동작구 사당동,서울특별시 동작구 사당로23길 177 (사당동),근린생활1,제1종근린생활시설,102116237,지번
1159010700110070030,서울특별시 동작구 사당동,서울특별시 동작구 동작대로17길 6-4 (사당동),근린생활2,제2종근린생활시설,1021126571,지번
1159010700101930019,서울특별시 동작구 사당동,서울특별시 동작구 사당로2가길 139 (사당동),근린생활1,제1종근린생활시설,1021119861,지번
1159010300104830014,서울특별시 동작구 상도1동,서울특별시 동작구 상도로47바길 3 (상도1동),근린생활2,제2종근린생활시설,102115934,지번
1159010100102050025,서울특별시 동작구 노량진동,서울특별시 동작구 만양로14사길 22 (노량진동),근린생활2,제2종근린생활시설,1021124528,지번
1159010100102610010,서울특별시 동작구 노량진동,서울특별시 동작구 노량진로8길 28 (노량진동),근린생활1,제1종근린생활시설,1021128061,지번
1159010500101860006,서울특별시 동작구 흑석동,서울특별시 동작구 흑석로13길 3 (흑석동),근린생활2,제2종근린생활시설,102116024,지번
1159010700101320020,서울특별시 동작구 사당동,서울특별시 동작구 동작대로27길 16-5 (사당동),근린생활2,제2종근린생활시설,1021111583,지번
1159010700107080428,서울특별시 동작구 사당동,서울특별시 동작구 사당로17길 25 (사당동),근린생활1,제1종근린생활시설,1021125049,지번
1159010800103360006,서울특별시 동작구 대방동,서울특별시 동작구 상도로 82 (대방동),근린생활1,제1종근린생활시설,102116933,지번
1159010700101300022,서울특별시 동작구 사당동,서울특별시 동작구 동작대로27길 34 (사당동),근린생활1,제1종근린생활시설,1021117816,지번
1159010700102740012,서울특별시 동작구 사당동,서울특별시 동작구 사당로16길 28 (사당동),근린생활1,제1종근린생활시설,1021112151,지번
1159010500101630016,서울특별시 동작구 흑석동,서울특별시 동작구 서달로15길 24 (흑석동),근린생활1,제1종근린생활시설,102117220,지번
1159010400101930001,서울특별시 동작구 본동,서울특별시 동작구 노량진로22길 23 (본동),근린생활1,제1종근린생활시설,102116935,지번
1159010700110070001,서울특별시 동작구 사당동,서울특별시 동작구 동작대로23길 13 (사당동),근린생활1,제1종근린생활시설,1021110839,지번
1159010400101900041,서울특별시 동작구 본동,서울특별시 동작구 매봉로 155 (본동),근린생활1,제1종근린생활시설,1021129853,지번
1159010100100830012,서울특별시 동작구 노량진동,서울특별시 동작구 노량진로14길 35-3 (노량진동),근린생활1,제1종근린생활시설,102117893,지번
1159010300107050000,서울특별시 동작구 상도1동,서울특별시 동작구 상도로 266 (상도1동),근린생활1,제1종근린생활시설,1021129606,지번
1159010700110040045,서울특별시 동작구 사당동,서울특별시 동작구 동작대로17길 20 (사당동),근린생활1,제1종근린생활시설,1021111213,지번
1159010200103150005,서울특별시 동작구 상도동,서울특별시 동작구 성대로2길 5-1 (상도동),근린생활2,제2종근린생활시설,1021128436,지번
1159010100102310111,서울특별시 동작구 노량진동,서울특별시 동작구 장승배기로 124 (노량진동),근린생활2,제2종근린생활시설,1021116806,지번
1159010700100880020,서울특별시 동작구 사당동,서울특별시 동작구 동작대로29가길 10 (사당동),근린생활1,제1종근린생활시설,1021126291,지번
1159010200101880029,서울특별시 동작구 상도동,서울특별시 동작구 성대로29길 63 (상도동),근린생활1,제1종근린생활시설,1000000000000005800150,지번
1159010200103450009,서울특별시 동작구 상도동,서울특별시 동작구 상도로 104 (상도동),근린생활1,제1종근린생활시설,1021121324,지번
1159010900106070005,서울특별시 동작구 신대방동,서울특별시 동작구 시흥대로 658 (신대방동),근린생활2,제2종근린생활시설,1021122792,지번
1159010200101910002,서울특별시 동작구 상도동,서울특별시 동작구 상도로 141 (상도동),근린생활2,제2종근린생활시설,1021125635,지번
1159010700100730014,서울특별시 동작구 사당동,서울특별시 동작구 동작대로33다길 11 (사당동),근린생활1,제1종근린생활시설,1021110942,지번
1159010800104070027,서울특별시 동작구 대방동,서울특별시 동작구 여의대방로24길 107 (대방동),근린생활1,제1종근린생활시설,1021126122,지번
1159010500100430009,서울특별시 동작구 흑석동,서울특별시 동작구 서달로14길 46 (흑석동),근린생활2,제2종근린생활시설,1021127336,지번
1159010100101240005,서울특별시 동작구 노량진동,서울특별시 동작구 만양로14길 27 (노량진동),근린생활2,제2종근린생활시설,102118721,지번
1159010800104010019,서울특별시 동작구 대방동,서울특별시 동작구 여의대방로24라길 35 (대방동),근린생활2,제2종근린생활시설,1021119560,지번
1159010700102650068,서울특별시 동작구 사당동,서울특별시 동작구 사당로16가길 6 (사당동),근린생활1,제2종근린생활시설,10211100245518,지번
1159010100102320233,서울특별시 동작구 노량진동,서울특별시 동작구 장승배기로 149-1 (노량진동),근린생활1,제1종근린생활시설,1021114676,지번
1159010800103790031,서울특별시 동작구 대방동,서울특별시 동작구 대방동15길 8 (대방동),근린생활2,제2종근린생활시설,102115388,지번
1159010200102100207,서울특별시 동작구 상도동,서울특별시 동작구 양녕로 187 (상도동),근린생활1,제1종근린생활시설,1021128380,지번
1159010200101970010,서울특별시 동작구 상도동,서울특별시 동작구 성대로31길 71 (상도동),근린생활2,제2종근린생활시설,102119292,지번
1159010200104940001,서울특별시 동작구 상도동,서울특별시 동작구 상도로 372-3 (상도동),근린생활2,제2종근린생활시설,1021114767,지번
1159010100103020097,서울특별시 동작구 노량진동,서울특별시 동작구 장승배기로19길 48 (노량진동),근린생활2,제2종근린생활시설,1021125847,지번
1159010300107400001,서울특별시 동작구 상도1동,서울특별시 동작구 상도로38가길 3 (상도1동),근린생활2,제2종근린생활시설,1021127960,지번
1159010200102350029,서울특별시 동작구 상도동,서울특별시 동작구 성대로29길 11 (상도동),근린생활1,제1종근린생활시설,102118143,지번
1159010200104890001,서울특별시 동작구 상도동,서울특별시 동작구 상도로 362-1 (상도동),근린생활2,제2종근린생활시설,1021126093,지번
1159010500101950018,서울특별시 동작구 흑석동,서울특별시 동작구 흑석로7길 6 (흑석동),근린생활1,제1종근린생활시설,1021110488,지번
1159010700101610062,서울특별시 동작구 사당동,서울특별시 동작구 사당로27길 42 (사당동),근린생활2,제2종근린생활시설,102117138,지번
1159010700101560004,서울특별시 동작구 사당동,서울특별시 동작구 사당로 273 (사당동),근린생활1,제1종근린생활시설,1021130594,지번
1159010200104630000,서울특별시 동작구 상도동,서울특별시 동작구 상도로 321 (상도동),근린생활1,제1종근린생활시설,1021127103,지번
1159010100100150026,서울특별시 동작구 노량진동,서울특별시 동작구 노들로2길 9-4 (노량진동),근린생활2,제2종근린생활시설,1021127305,지번
1159010900103440274,서울특별시 동작구 신대방동,서울특별시 동작구 보라매로9길 3-3 (신대방동),근린생활2,제2종근린생활시설,1021111593,지번
1159010100100400028,서울특별시 동작구 노량진동,서울특별시 동작구 노량진로12길 6 (노량진동),근린생활2,제2종근린생활시설,1021121525,지번
1159010700101390009,서울특별시 동작구 사당동,서울특별시 동작구 동작대로29길 27 (사당동),근린생활1,제1종근린생활시설,1021124202,지번
1159010200103210004,서울특별시 동작구 상도동,서울특별시 동작구 국사봉길 21 (상도동),근린생활2,제2종근린생활시설,1021126878,지번
1159010700101500006,서울특별시 동작구 사당동,서울특별시 동작구 사당로29길 5 (사당동),근린생활2,제2종근린생활시설,102116940,지번
1159010100101190170,서울특별시 동작구 노량진동,서울특별시 동작구 만양로16길 29 (노량진동),근린생활1,제1종근린생활시설,102116086,지번
1159010800100150017,서울특별시 동작구 대방동,서울특별시 동작구 여의대방로36길 100-1 (대방동),근린생활2,제2종근린생활시설,1021112920,지번
1159010500100430092,서울특별시 동작구 흑석동,서울특별시 동작구 서달로14바길 7 (흑석동),근린생활1,제1종근린생활시설,102118414,지번
1159010100103050017,서울특별시 동작구 노량진동,서울특별시 동작구 장승배기로21길 22 (노량진동),근린생활1,제1종근린생활시설,102118640,지번
1159010500100080030,서울특별시 동작구 흑석동,서울특별시 동작구 현충로 96-1 (흑석동),근린생활1,제1종근린생활시설,1021129271,지번
1159010500101840024,서울특별시 동작구 흑석동,서울특별시 동작구 흑석로 101-3 (흑석동),근린생활1,제1종근린생활시설,1021131432,지번
1159010100101320000,서울특별시 동작구 노량진동,서울특별시 동작구 만양로14길 51 (노량진동),근린생활2,제2종근린생활시설,1021113008,지번
1159010700101750024,서울특별시 동작구 사당동,서울특별시 동작구 사당로23길 185 (사당동),근린생활1,제1종근린생활시설,102116651,지번
1159010200100020004,서울특별시 동작구 상도동,서울특별시 동작구 만양로2길 72-5 (상도동),근린생활2,제2종근린생활시설,102119799,지번
1159010700102570027,서울특별시 동작구 사당동,서울특별시 동작구 사당로17가길 16 (사당동),근린생활1,제1종근린생활시설,1021124457,지번
1159010100102150114,서울특별시 동작구 노량진동,서울특별시 동작구 만양로6길 13 (노량진동),근린생활2,단독주택,10211100251373,지번
1159010300106830000,서울특별시 동작구 상도1동,서울특별시 동작구 양녕로 263 (상도1동),근린생활1,제1종근린생활시설,1021115585,지번
1159010100102320286,서울특별시 동작구 노량진동,서울특별시 동작구 장승배기로24길 20 (노량진동),근린생활1,제1종근린생활시설,102115548,지번
1159010700102350041,서울특별시 동작구 사당동,서울특별시 동작구 사당로8길 43 (사당동),근린생활1,제1종근린생활시설,102115989,지번
1159010300106840000,서울특별시 동작구 상도1동,서울특별시 동작구 상도로 265-12 (상도1동),근린생활2,제2종근린생활시설,10211100183233,지번
1159010500101950017,서울특별시 동작구 흑석동,서울특별시 동작구 흑석로 81 (흑석동),근린생활1,제1종근린생활시설,1021119016,지번
1159010200101980043,서울특별시 동작구 상도동,서울특별시 동작구 성대로29길 61 (상도동),근린생활1,공동주택,1000000000000005800200,지번
1159010100101480089,서울특별시 동작구 노량진동,서울특별시 동작구 노량진로 176 (노량진동),근린생활2,제2종근린생활시설,1021128384,지번
1159010800103880016,서울특별시 동작구 대방동,서울특별시 동작구 대방동15다길 10 (대방동),근린생활2,교육연구시설,1000000000000004765065,지번
1159010800103880016,서울특별시 동작구 대방동,서울특별시 동작구 대방동15다길 10 (대방동),근린생활2,제2종근린생활시설,102118781,지번
1159010200103540015,서울특별시 동작구 상도동,서울특별시 동작구 상도로 125 (상도동),근린생활1,제1종근린생활시설,102116168,지번
1159010700102650071,서울특별시 동작구 사당동,서울특별시 동작구 사당로 230 (사당동),근린생활1,제1종근린생활시설,1021127699,지번
1159010200102420088,서울특별시 동작구 상도동,서울특별시 동작구 성대로5길 44 (상도동),근린생활1,제1종근린생활시설,1021110340,지번
1159010700101420009,서울특별시 동작구 사당동,서울특별시 동작구 동작대로27나길 31 (사당동),근린생활2,제2종근린생활시설,1000000000000004195042,지번
1159010700100880015,서울특별시 동작구 사당동,서울특별시 동작구 동작대로31길 3 (사당동),근린생활1,제1종근린생활시설,1021128985,지번
1159010500101800006,서울특별시 동작구 흑석동,서울특별시 동작구 흑석로 116 (흑석동),근린생활1,제1종근린생활시설,1021128875,지번
1159010100100530003,서울특별시 동작구 노량진동,서울특별시 동작구 장승배기로 166 (노량진동),근린생활1,제1종근린생활시설,1000000000000001044300,지번
1159010900103620028,서울특별시 동작구 신대방동,서울특별시 동작구 여의대방로24길 14 (신대방동),근린생활1,제1종근린생활시설,1021112581,지번
1159010200105070015,서울특별시 동작구 상도동,서울특별시 동작구 상도로61가길 13 (상도동),근린생활1,제1종근린생활시설,1021117882,지번
1159010900103630000,서울특별시 동작구 신대방동,서울특별시 동작구 여의대방로22길 48 (신대방동),근린생활1,제1종근린생활시설,102115580,지번
1159010900105860007,서울특별시 동작구 신대방동,서울특별시 동작구 시흥대로 668-3 (신대방동),근린생활1,제1종근린생활시설,1021130179,지번
1159010500101900025,서울특별시 동작구 흑석동,서울특별시 동작구 흑석로 83-2 (흑석동),근린생활1,제1종근린생활시설,1021115742,지번
1159010700101450027,서울특별시 동작구 사당동,서울특별시 동작구 동작대로25길 13 (사당동),근린생활2,제2종근린생활시설,1021112026,지번
1159010200100340011,서울특별시 동작구 상도동,서울특별시 동작구 상도로 250 (상도동),근린생활2,제2종근린생활시설,102118406,지번
1159010700101470076,서울특별시 동작구 사당동,서울특별시 동작구 사당로 303 (사당동),근린생활1,제1종근린생활시설,1021122260,지번
1159010100100670008,서울특별시 동작구 노량진동,서울특별시 동작구 노량진로 157-1 (노량진동),근린생활1,제1종근린생활시설,1021130001,지번
1159010200103140016,서울특별시 동작구 상도동,서울특별시 동작구 성대로 18 (상도동),근린생활2,제2종근린생활시설,1021123756,지번
1159010700110330022,서울특별시 동작구 사당동,서울특별시 동작구 동작대로7길 36 (사당동),근린생활1,제1종근린생활시설,1021119400,지번
1159010500101070000,서울특별시 동작구 흑석동,서울특별시 동작구 흑석로 124-1 (흑석동),근린생활1,제1종근린생활시설,1021117156,지번
1159010500101020046,서울특별시 동작구 흑석동,서울특별시 동작구 서달로13길 11-1 (흑석동),근린생활1,제1종근린생활시설,1021114192,지번
1159010700102680004,서울특별시 동작구 사당동,서울특별시 동작구 사당로16가길 34 (사당동),근린생활2,제2종근린생활시설,1021119092,지번
1159010100101480061,서울특별시 동작구 노량진동,서울특별시 동작구 만양로18길 19-7 (노량진동),근린생활2,제2종근린생활시설,1021124884,지번
1159010200102390015,서울특별시 동작구 상도동,서울특별시 동작구 성대로21다길 15 (상도동),근린생활1,단독주택,10211100245393,지번
1159010700101850021,서울특별시 동작구 사당동,서울특별시 동작구 사당로2라길 71 (사당동),근린생활1,제1종근린생활시설,1021123817,지번
1159010200103240014,서울특별시 동작구 상도동,서울특별시 동작구 성대로2길 10 (상도동),근린생활1,제1종근린생활시설,102111578,지번
1159010200103240014,서울특별시 동작구 상도동,서울특별시 동작구 성대로2길 10 (상도동),근린생활1,단독주택,102111579,지번
1159010800103910003,서울특별시 동작구 대방동,서울특별시 동작구 대방동1길 4-1 (대방동),근린생활2,제2종근린생활시설,1021127035,지번
1159010700101310004,서울특별시 동작구 사당동,서울특별시 동작구 동작대로29길 11 (사당동),근린생활1,제1종근린생활시설,1021120785,지번
1159010700100670008,서울특별시 동작구 사당동,서울특별시 동작구 동작대로35길 71 (사당동),근린생활1,제1종근린생활시설,1021125708,지번
1159010200100340031,서울특별시 동작구 상도동,서울특별시 동작구 상도로 262-1 (상도동),근린생활1,제1종근린생활시설,102118650,지번
1159010100101190193,서울특별시 동작구 노량진동,서울특별시 동작구 노량진로16길 33 (노량진동),근린생활1,제1종근린생활시설,1021122717,지번
1159010100103090004,서울특별시 동작구 노량진동,서울특별시 동작구 장승배기로 117 (노량진동),근린생활1,제1종근린생활시설,1021131320,지번
1159010100101190148,서울특별시 동작구 노량진동,,근린생활2,제2종근린생활시설,1021123439,지번
1159010700110380025,서울특별시 동작구 사당동,서울특별시 동작구 동작대로7길 80 (사당동),근린생활1,제1종근린생활시설,1021124612,지번
1159010200101990025,서울특별시 동작구 상도동,서울특별시 동작구 성대로29길 50 (상도동),근린생활2,제2종근린생활시설,1021129907,지번
1159010200101940028,서울특별시 동작구 상도동,서울특별시 동작구 상도로22길 38 (상도동),근린생활1,제1종근린생활시설,1021129700,지번
1159010700101400008,서울특별시 동작구 사당동,서울특별시 동작구 동작대로27다길 10 (사당동),근린생활2,제2종근린생활시설,1021111584,지번
1159010900106010026,서울특별시 동작구 신대방동,서울특별시 동작구 신대방14길 4 (신대방동),근린생활1,제1종근린생활시설,102119521,지번
1159010200104920017,서울특별시 동작구 상도동,서울특별시 동작구 상도로62길 33 (상도동),근린생활2,제2종근린생활시설,102118428,지번
1159010200102480016,서울특별시 동작구 상도동,서울특별시 동작구 성대로1길 2 (상도동),근린생활1,제1종근린생활시설,1021121106,지번
1159010500101020029,서울특별시 동작구 흑석동,서울특별시 동작구 흑석로 106-9 (흑석동),근린생활1,제1종근린생활시설,1021122738,지번
1159010300106280000,서울특별시 동작구 상도1동,서울특별시 동작구 양녕로 274 (상도1동),근린생활2,제2종근린생활시설,1021121819,지번
1159010200103240057,서울특별시 동작구 상도동,서울특별시 동작구 국사봉1길 21 (상도동),근린생활,근린생활시설,1021128813,지번
1159010100102060045,서울특별시 동작구 노량진동,서울특별시 동작구 만양로14라길 11-2 (노량진동),근린생활1,제1종근린생활시설,102117265,지번
1159010200102790388,서울특별시 동작구 상도동,서울특별시 동작구 성대로12가길 77 (상도동),근린생활2,종교시설,1000000000000000279134,지번
1159010100100580027,서울특별시 동작구 노량진동,서울특별시 동작구 노량진로14길 20 (노량진동),근린생활,근린생활시설,1021113002,지번
1159010700110420011,서울특별시 동작구 사당동,서울특별시 동작구 동작대로1길 10-10 (사당동),근린생활2,제2종근린생활시설,1000000000000003862952,지번
1159010100100140043,서울특별시 동작구 노량진동,서울특별시 동작구 노량진로 171-4 (노량진동),근린생활2,제2종근린생활시설,1021131314,지번
1159010200100220119,서울특별시 동작구 상도동,서울특별시 동작구 만양로1길 1 (상도동),근린생활2,제2종근린생활시설,1021111323,지번
1159010200105030004,서울특별시 동작구 상도동,서울특별시 동작구 상도로61길 26 (상도동),근린생활1,제1종근린생활시설,1021130668,지번
1159010700110390038,서울특별시 동작구 사당동,서울특별시 동작구 동작대로1길 40 (사당동),근린생활2,제2종근린생활시설,1021118014,지번
1159010100101360000,서울특별시 동작구 노량진동,서울특별시 동작구 만양로14길 59 (노량진동),근린생활1,제1종근린생활시설,102112211,지번
1159010900106850005,서울특별시 동작구 신대방동,서울특별시 동작구 신대방3길 83 (신대방동),근린생활1,제1종근린생활시설,1021117475,지번
1159010500102270005,서울특별시 동작구 흑석동,,근린생활1,단독주택,1021111808,본번
1159010300106570001,서울특별시 동작구 상도1동,서울특별시 동작구 상도로41가길 20 (상도1동),근린생활2,제2종근린생활시설,1021115684,지번
1159010700103160239,서울특별시 동작구 사당동,서울특별시 동작구 사당로20나길 5 (사당동),근린생활2,제2종근린생활시설,1021129755,지번
1159010700100920016,서울특별시 동작구 사당동,서울특별시 동작구 동작대로29나길 5 (사당동),근린생활1,제1종근린생활시설,1021113825,지번
1159010500101950035,서울특별시 동작구 흑석동,서울특별시 동작구 흑석로 83 (흑석동),근린생활2,제2종근린생활시설,1021119258,지번
1159010700110040001,서울특별시 동작구 사당동,서울특별시 동작구 사당로26길 9 (사당동),근린생활1,제1종근린생활시설,1021114326,지번
1159010700110310019,서울특별시 동작구 사당동,서울특별시 동작구 사당로30길 133 (사당동),근린생활2,제2종근린생활시설,1021123538,지번
1159010700101420032,서울특별시 동작구 사당동,서울특별시 동작구 동작대로27마길 18-8 (사당동),근린생활1,제1종근린생활시설,1021123321,지번
1159010700101620015,서울특별시 동작구 사당동,서울특별시 동작구 사당로27길 78 (사당동),근린생활1,단독주택,10211100258873,지번
1159010200102350038,서울특별시 동작구 상도동,서울특별시 동작구 성대로 170 (상도동),근린생활2,제2종근린생활시설,1021128184,지번
1159010700110040039,서울특별시 동작구 사당동,서울특별시 동작구 동작대로19길 41 (사당동),근린생활1,제1종근린생활시설,1021110395,지번
1159010900103470016,서울특별시 동작구 신대방동,서울특별시 동작구 보라매로 100-6 (신대방동),근린생활2,제2종근린생활시설,1021124826,지번
1159010200103580021,서울특별시 동작구 상도동,서울특별시 동작구 상도로15길 68 (상도동),근린생활2,제2종근린생활시설,1021115669,지번
1159010500101830001,서울특별시 동작구 흑석동,서울특별시 동작구 흑석로 110 (흑석동),근린생활2,제2종근린생활시설,1021116519,지번
1159010700101300011,서울특별시 동작구 사당동,서울특별시 동작구 동작대로29길 25 (사당동),근린생활1,제1종근린생활시설,1021114068,지번
1159010100102920007,서울특별시 동작구 노량진동,서울특별시 동작구 노량진로6길 78 (노량진동),근린생활1,제1종근린생활시설,1021111024,지번
1159010700100910088,서울특별시 동작구 사당동,서울특별시 동작구 동작대로29나길 29 (사당동),근린생활2,제2종근린생활시설,1021119456,지번
1159010300102620000,서울특별시 동작구 상도1동,서울특별시 동작구 상도로 313 (상도1동),근린생활1,제1종근린생활시설,102116798,지번
1159010100102730025,서울특별시 동작구 노량진동,서울특별시 동작구 등용로4길 124 (노량진동),근린생활1,제1종근린생활시설,1021117350,지번
1159010100102310121,서울특별시 동작구 노량진동,서울특별시 동작구 장승배기로 131-1 (노량진동),근린생활1,제1종근린생활시설,1021122442,지번
1159010200104860005,서울특별시 동작구 상도동,서울특별시 동작구 상도로37길 78 (상도동),근린생활1,제1종근린생활시설,1021128336,지번
1159010200105030003,서울특별시 동작구 상도동,서울특별시 동작구 상도로61길 28 (상도동),근린생활1,제1종근린생활시설,1021112624,지번
1159010100102440071,서울특별시 동작구 노량진동,서울특별시 동작구 노량진로8길 64 (노량진동),근린생활2,제2종근린생활시설,1021118900,지번
1159010900105910057,서울특별시 동작구 신대방동,서울특별시 동작구 신대방18길 1 (신대방동),근린생활1,제1종근린생활시설,1021110019,지번
1159010100102310010,서울특별시 동작구 노량진동,서울특별시 동작구 장승배기로23길 1 (노량진동),근린생활2,제2종근린생활시설,102113864,지번
1159010100102670012,서울특별시 동작구 노량진동,서울특별시 동작구 노량진로6길 6-13 (노량진동),근린생활1,제1종근린생활시설,1021114804,지번
1159010700110030039,서울특별시 동작구 사당동,서울특별시 동작구 사당로 286 (사당동),근린생활1,제1종근린생활시설,1021119685,지번
1159010900103420031,서울특별시 동작구 신대방동,서울특별시 동작구 보라매로 78 (신대방동),근린생활2,제2종근린생활시설,1021125099,지번
1159010700102170002,서울특별시 동작구 사당동,서울특별시 동작구 사당로 176 (사당동),근린생활1,제1종근린생활시설,102118525,지번
1159010800103810037,서울특별시 동작구 대방동,서울특별시 동작구 여의대방로36길 20-1 (대방동),근린생활2,단독주택,10211100252633,지번
1159010100100310018,서울특별시 동작구 노량진동,서울특별시 동작구 노량진로8길 21 (노량진동),근린생활1,제1종근린생활시설,1021123069,지번
1159010800104060008,서울특별시 동작구 대방동,서울특별시 동작구 보라매로 110 (대방동),근린생활1,제1종근린생활시설,1021118997,지번
1159010800104060008,서울특별시 동작구 대방동,서울특별시 동작구 보라매로 110 (대방동),근린생활1,제1종근린생활시설,1021124023,지번
1159010700110340039,서울특별시 동작구 사당동,서울특별시 동작구 동작대로9나길 1 (사당동),근린생활1,제1종근린생활시설,102119620,지번
1159010700102240001,서울특별시 동작구 사당동,서울특별시 동작구 사당로 182 (사당동),근린생활1,제1종근린생활시설,1021120219,지번
1159010200103470005,서울특별시 동작구 상도동,서울특별시 동작구 상도로 112 (상도동),근린생활1,제1종근린생활시설,102119196,지번
1159010700110380026,서울특별시 동작구 사당동,서울특별시 동작구 동작대로7길 76 (사당동),근린생활1,제1종근린생활시설,1021121551,지번
1159010200104750009,서울특별시 동작구 상도동,서울특별시 동작구 상도로 360 (상도동),근린생활2,제1종근린생활시설,10211100260373,지번
1159010900106910024,서울특별시 동작구 신대방동,서울특별시 동작구 신대방길 33 (신대방동),근린생활1,제1종근린생활시설,1021111131,지번
1159010200103220019,서울특별시 동작구 상도동,서울특별시 동작구 국사봉1길 32 (상도동),근린생활1,제1종근린생활시설,102116399,지번
1159010700110300013,서울특별시 동작구 사당동,서울특별시 동작구 동작대로7길 4 (사당동),근린생활1,제1종근린생활시설,1021130658,지번
1159010200100330011,서울특별시 동작구 상도동,서울특별시 동작구 상도로 258 (상도동),근린생활1,제1종근린생활시설,1021120937,지번
1159010200104940012,서울특별시 동작구 상도동,서울특별시 동작구 상도로 376-1 (상도동),근린생활1,제1종근린생활시설,1021115657,지번
1159010300107750001,서울특별시 동작구 상도1동,서울특별시 동작구 상도로 279 (상도1동),근린생활2,제2종근린생활시설,1021112812,지번
1159010100102440012,서울특별시 동작구 노량진동,서울특별시 동작구 노량진로8길 72 (노량진동),근린생활2,제2종근린생활시설,1021131442,지번
1159010700103210047,서울특별시 동작구 사당동,,근린생활1,제1종근린생활시설,1021118388,지번
1159010200100320016,서울특별시 동작구 상도동,서울특별시 동작구 상도로 248 (상도동),근린생활1,제1종근린생활시설,1021128087,지번
1159010500101900060,서울특별시 동작구 흑석동,서울특별시 동작구 흑석로 93-1 (흑석동),근린생활2,제2종근린생활시설,102116206,지번
1159010200100220151,서울특별시 동작구 상도동,서울특별시 동작구 상도로31길 87 (상도동),근린생활1,제2종근린생활시설,10211100258933,지번
1159010100103020173,서울특별시 동작구 노량진동,서울특별시 동작구 장승배기로19길 42 (노량진동),근린생활1,제1종근린생활시설,102117285,지번
1159010700110450015,서울특별시 동작구 사당동,서울특별시 동작구 남부순환로269길 5 (사당동),근린생활1,제1종근린생활시설,1021110180,지번
1159010500101010004,서울특별시 동작구 흑석동,서울특별시 동작구 서달로15길 17 (흑석동),근린생활1,제1종근린생활시설,1021118060,지번
1159010700110390054,서울특별시 동작구 사당동,서울특별시 동작구 동작대로1길 30 (사당동),근린생활1,제1종근린생활시설,1021126646,지번
1159010200103240027,서울특별시 동작구 상도동,서울특별시 동작구 국사봉1길 25 (상도동),근린생활1,제1종근린생활시설,1021120760,지번
1159010500100520002,서울특별시 동작구 흑석동,서울특별시 동작구 서달로14가길 9 (흑석동),근린생활2,제2종근린생활시설,1021125187,지번
1159010300104490004,서울특별시 동작구 상도1동,서울특별시 동작구 상도로41다길 2 (상도1동),근린생활1,공동주택,1000000000000001431509,지번
1159010700110070034,서울특별시 동작구 사당동,서울특별시 동작구 동작대로17길 6 (사당동),근린생활2,제2종근린생활시설,1021127547,지번
1159010100100390008,서울특별시 동작구 노량진동,서울특별시 동작구 노량진로12길 13 (노량진동),근린생활2,제2종근린생활시설,1021114447,지번
1159010400103840005,서울특별시 동작구 본동,서울특별시 동작구 노량진로18길 19 (본동),근린생활1,제1종근린생활시설,1021128914,지번
1159010800103810048,서울특별시 동작구 대방동,서울특별시 동작구 대방동길 83 (대방동),근린생활2,제2종근린생활시설,102118510,지번
1159010700110350041,서울특별시 동작구 사당동,서울특별시 동작구 동작대로9가길 31 (사당동),근린생활1,제1종근린생활시설,102119330,지번
1159010400104350003,서울특별시 동작구 본동,서울특별시 동작구 노량진로22길 33 (본동),근린생활1,제1종근린생활시설,1021126035,지번
1159010700104190039,서울특별시 동작구 사당동,서울특별시 동작구 남부순환로269길 63 (사당동),근린생활2,제2종근린생활시설,1021116290,지번
1159010700101750001,서울특별시 동작구 사당동,서울특별시 동작구 사당로23아길 6 (사당동),근린생활2,제2종근린생활시설,1021114769,지번
1159010700111400000,서울특별시 동작구 사당동,서울특별시 동작구 동작대로35아길 14 (사당동),근린생활1,제1종근린생활시설,102115175,지번
1159010700111400000,서울특별시 동작구 사당동,서울특별시 동작구 동작대로35아길 14 (사당동),근린생활1,공동주택,102115176,지번
1159010200102590001,서울특별시 동작구 상도동,서울특별시 동작구 성대로 59 (상도동),근린생활2,제2종근린생활시설,102118697,지번
1159010500101900009,서울특별시 동작구 흑석동,서울특별시 동작구 흑석로9길 9 (흑석동),근린생활2,제2종근린생활시설,1021115099,지번
1159010700102060042,서울특별시 동작구 사당동,서울특별시 동작구 사당로4길 12 (사당동),근린생활1,제1종근린생활시설,1021117605,지번
1159010400100480041,서울특별시 동작구 본동,서울특별시 동작구 노량진로26길 11 (본동),근린생활1,제1종근린생활시설,1021110742,지번
1159010800100680044,서울특별시 동작구 대방동,서울특별시 동작구 여의대방로36길 102 (대방동),근린생활2,제2종근린생활시설,1021118312,지번
1159010200104870008,서울특별시 동작구 상도동,서울특별시 동작구 상도로55길 6 (상도동),근린생활1,교육연구시설,10211100255813,지번
1159010100102060042,서울특별시 동작구 노량진동,서울특별시 동작구 만양로14마길 20 (노량진동),근린생활2,제2종근린생활시설,1021130416,지번
1159010700110190025,서울특별시 동작구 사당동,서울특별시 동작구 동작대로 53-1 (사당동),근린생활2,제2종근린생활시설,1021131290,지번
1159010100102050290,서울특별시 동작구 노량진동,서울특별시 동작구 만양로12가길 22 (노량진동),근린생활2,제2종근린생활시설,1021112607,지번
1159010900106440005,서울특별시 동작구 신대방동,서울특별시 동작구 신대방2길 2-1 (신대방동),근린생활1,제1종근린생활시설,102118314,지번
1159010500100540143,서울특별시 동작구 흑석동,서울특별시 동작구 서달로14나길 29 (흑석동),근린생활1,제1종근린생활시설,1021125858,지번
1159010500101950029,서울특별시 동작구 흑석동,서울특별시 동작구 흑석로 81-5 (흑석동),근린생활2,제2종근린생활시설,1021126157,지번
1159010900107120000,서울특별시 동작구 신대방동,서울특별시 동작구 신대방길 85 (신대방동),근린생활,공동주택,102113690,지번
1159010900107120000,서울특별시 동작구 신대방동,서울특별시 동작구 신대방길 85 (신대방동),근린생활,공동주택,102113691,지번
1159010900107120000,서울특별시 동작구 신대방동,서울특별시 동작구 신대방길 85 (신대방동),근린생활,공동주택,102113692,지번
1159010900107120000,서울특별시 동작구 신대방동,서울특별시 동작구 신대방길 85 (신대방동),근린생활,공동주택,102113693,지번
1159010900107120000,서울특별시 동작구 신대방동,서울특별시 동작구 신대방길 85 (신대방동),근린생활,근린생활시설,102113697,지번
1159010900107120000,서울특별시 동작구 신대방동,서울특별시 동작구 신대방길 85 (신대방동),근린생활,공동주택,102113698,지번
1159010200102040003,서울특별시 동작구 상도동,서울특별시 동작구 장승배기로 21 (상도동),근린생활2,제2종근린생활시설,1021130598,지번
1159010500101900042,서울특별시 동작구 흑석동,서울특별시 동작구 흑석로 87-1 (흑석동),근린생활1,제1종근린생활시설,102116858,지번
1159010800103870004,서울특별시 동작구 대방동,서울특별시 동작구 대방동15나길 20-5 (대방동),근린생활2,제2종근린생활시설,10211100183293,지번
1159010100100540009,서울특별시 동작구 노량진동,서울특별시 동작구 장승배기로30길 3 (노량진동),근린생활2,제2종근린생활시설,102116757,지번
1159010100102180128,서울특별시 동작구 노량진동,서울특별시 동작구 만양로13길 45 (노량진동),근린생활2,제2종근린생활시설,102118069,지번
1159010200105040007,서울특별시 동작구 상도동,서울특별시 동작구 상도로61길 32 (상도동),근린생활1,제1종근린생활시설,102116879,지번
1159010300106660001,서울특별시 동작구 상도1동,서울특별시 동작구 양녕로 268 (상도1동),근린생활2,제2종근린생활시설,102118701,지번
1159010700110310013,서울특별시 동작구 사당동,서울특별시 동작구 동작대로5길 8 (사당동),근린생활2,제2종근린생활시설,1021112222,지번
1159010200103510007,서울특별시 동작구 상도동,서울특별시 동작구 상도로15길 13 (상도동),근린생활1,제1종근린생활시설,102117279,지번
1159010200103610141,서울특별시 동작구 상도동,서울특별시 동작구 상도로15바길 26 (상도동),근린생활2,제2종근린생활시설,1021116483,지번
1159010800103910609,서울특별시 동작구 대방동,서울특별시 동작구 대방동3길 29-12 (대방동),근린생활1,제1종근린생활시설,102114743,지번
1159010500101020045,서울특별시 동작구 흑석동,서울특별시 동작구 서달로13길 7-8 (흑석동),근린생활1,제1종근린생활시설,1021113065,지번
1159010800100230031,서울특별시 동작구 대방동,서울특별시 동작구 등용로 103 (대방동),근린생활2,제2종근린생활시설,10211100186450,지번
1159010500100970004,서울특별시 동작구 흑석동,서울특별시 동작구 서달로12길 17 (흑석동),근린생활1,제1종근린생활시설,102113301,지번
1159010500100970004,서울특별시 동작구 흑석동,서울특별시 동작구 서달로12길 17 (흑석동),근린생활1,제1종근린생활시설,102113302,지번
1159010500100970004,서울특별시 동작구 흑석동,서울특별시 동작구 서달로12길 17 (흑석동),근린생활1,제1종근린생활시설,102113303,지번
1159010200101830013,서울특별시 동작구 상도동,서울특별시 동작구 상도로26길 12 (상도동),근린생활2,제2종근린생활시설,1021118757,지번
1159010200102990156,서울특별시 동작구 상도동,서울특별시 동작구 국사봉16길 4 (상도동),근린생활1,제1종근린생활시설,1021118641,지번
1159010200105010002,서울특별시 동작구 상도동,서울특별시 동작구 사당로 6-1 (상도동),근린생활1,제1종근린생활시설,1021129052,지번
1159010700103120001,서울특별시 동작구 사당동,서울특별시 동작구 사당로16길 52 (사당동),근린생활1,제1종근린생활시설,1021118868,지번
1159010100102460066,서울특별시 동작구 노량진동,서울특별시 동작구 장승배기로27길 28 (노량진동),근린생활1,제1종근린생활시설,1021120389,지번
1159010700100390010,서울특별시 동작구 사당동,서울특별시 동작구 동작대로35길 10 (사당동),근린생활1,제1종근린생활시설,102117234,지번
1159010700110420007,서울특별시 동작구 사당동,서울특별시 동작구 동작대로1길 12 (사당동),근린생활2,제2종근린생활시설,1021122505,지번
1159010100100390020,서울특별시 동작구 노량진동,서울특별시 동작구 노량진로10길 15 (노량진동),근린생활2,공동주택,1000000000000007459693,지번
1159010600101020032,서울특별시 동작구 동작동,서울특별시 동작구 동작대로43길 1-1 (동작동),근린생활2,제2종근린생활시설,1021111677,지번
1159010700101300016,서울특별시 동작구 사당동,서울특별시 동작구 동작대로27길 20-7 (사당동),근린생활1,제1종근린생활시설,102112260,지번
1159010700101300016,서울특별시 동작구 사당동,서울특별시 동작구 동작대로27길 20-7 (사당동),근린생활1,단독주택,102112261,지번
1159010700103180075,서울특별시 동작구 사당동,서울특별시 동작구 사당로16길 19 (사당동),근린생활2,제2종근린생활시설,1021115808,지번
1159010700103230012,서울특별시 동작구 사당동,서울특별시 동작구 사당로 247-1 (사당동),근린생활1,제1종근린생활시설,102119189,지번
1159010200103200021,서울특별시 동작구 상도동,서울특별시 동작구 상도로 102 (상도동),판매시설,판매시설,1021123536,지번
1159010100101480088,서울특별시 동작구 노량진동,서울특별시 동작구 노량진로 178 (노량진동),근린생활2,제2종근린생활시설,1021119686,지번
1159010500100530003,서울특별시 동작구 흑석동,서울특별시 동작구 서달로12나길 9 (흑석동),근린생활1,제1종근린생활시설,1021123187,지번
1159010700110410027,서울특별시 동작구 사당동,서울특별시 동작구 사당로30길 152-1 (사당동),근린생활1,제1종근린생활시설,1021117426,지번
1159010700101620063,서울특별시 동작구 사당동,서울특별시 동작구 사당로23나길 24 (사당동),근린생활2,제2종근린생활시설,1021129141,지번
1159010200102260001,서울특별시 동작구 상도동,서울특별시 동작구 양녕로25길 60-11 (상도동),근린생활1,제1종근린생활시설,1021130031,지번
1159010200102100385,서울특별시 동작구 상도동,서울특별시 동작구 양녕로26길 4 (상도동),근린생활1,제1종근린생활시설,1021127227,지번
1159010700102650024,서울특별시 동작구 사당동,,근린생활2,제2종근린생활시설,1021131111,지번
1159010900103640008,서울특별시 동작구 신대방동,서울특별시 동작구 여의대방로22나길 25 (신대방동),근린생활1,제1종근린생활시설,1021118751,지번
1159010200103170002,서울특별시 동작구 상도동,서울특별시 동작구 국사봉1길 58 (상도동),근린생활1,제1종근린생활시설,102119389,지번
1159010700101640017,서울특별시 동작구 사당동,서울특별시 동작구 사당로27길 지하103 (사당동),근린생활1,제2종근린생활시설,1021113457,본번
1159010700101400001,서울특별시 동작구 사당동,서울특별시 동작구 사당로29가길 52 (사당동),근린생활1,제1종근린생활시설,1021121391,지번
1159010100101190173,서울특별시 동작구 노량진동,서울특별시 동작구 만양로16길 24 (노량진동),근린생활1,제1종근린생활시설,1021118546,지번
1159010200105010010,서울특별시 동작구 상도동,서울특별시 동작구 상도로 377 (상도동),근린생활2,제2종근린생활시설,1021130063,지번
1159010700100920002,서울특별시 동작구 사당동,서울특별시 동작구 동작대로29길 24 (사당동),근린생활1,제1종근린생활시설,1021117772,지번
1159010200101210037,서울특별시 동작구 상도동,서울특별시 동작구 상도로67길 7 (상도동),근린생활1,단독주택,10211100242453,지번
1159010100102580032,서울특별시 동작구 노량진동,서울특별시 동작구 노량진로10길 26 (노량진동),근린생활1,제1종근린생활시설,1021118836,지번
1159010800103800025,서울특별시 동작구 대방동,서울특별시 동작구 대방동27길 44 (대방동),근린생활2,제2종근린생활시설,1021124001,지번
1159010100102240014,서울특별시 동작구 노량진동,서울특별시 동작구 만양로 75 (노량진동),근린생활1,제1종근린생활시설,1021127772,지번
1159010500102690001,서울특별시 동작구 흑석동,,근린생활1,제1종근린생활시설,1021128340,본번
1159010100101480060,서울특별시 동작구 노량진동,서울특별시 동작구 만양로18길 19-11 (노량진동),근린생활,근린생활시설,1021115372,지번
1159010700101470069,서울특별시 동작구 사당동,서울특별시 동작구 동작대로27가길 39 (사당동),근린생활1,제1종근린생활시설,1021125865,지번
1159010100102150158,서울특별시 동작구 노량진동,서울특별시 동작구 만양로6길 45 (노량진동),근린생활2,공동주택,1000000000000001984459,지번
1159010200100220118,서울특별시 동작구 상도동,서울특별시 동작구 만양로 3 (상도동),근린생활1,제1종근린생활시설,1021125477,지번
1159010100102870003,서울특별시 동작구 노량진동,서울특별시 동작구 노량진로6길 58 (노량진동),근린생활1,제1종근린생활시설,1021124293,지번
1159010200103160011,서울특별시 동작구 상도동,서울특별시 동작구 성대로2길 5 (상도동),근린생활1,제1종근린생활시설,1021122440,지번
1159010300103910000,서울특별시 동작구 상도1동,서울특별시 동작구 상도로 297 (상도1동),근린생활1,제1종근린생활시설,1021120240,지번
1159010200105060011,서울특별시 동작구 상도동,서울특별시 동작구 사당로 40 (상도동),근린생활1,제1종근린생활시설,1021131287,지번
1159010500101900005,서울특별시 동작구 흑석동,서울특별시 동작구 흑석로9길 6 (흑석동),근린생활2,제2종근린생활시설,102118094,지번
1159010800104150007,서울특별시 동작구 대방동,서울특별시 동작구 여의대방로24가길 8 (대방동),근린생활1,제1종근린생활시설,1021120947,지번
1159010500100090077,서울특별시 동작구 흑석동,서울특별시 동작구 현충로 106 (흑석동),근린생활1,제1종근린생활시설,1021130255,지번
1159010700102300005,서울특별시 동작구 사당동,서울특별시 동작구 사당로16다길 98 (사당동),근린생활1,제1종근린생활시설,1021117102,지번
1159010700102320007,서울특별시 동작구 사당동,서울특별시 동작구 사당로16가길 87 (사당동),근린생활2,제2종근린생활시설,102115625,지번
1159010100100400033,서울특별시 동작구 노량진동,서울특별시 동작구 노량진로 106-3 (노량진동),근린생활1,제1종근린생활시설,1021125374,지번
1159010700110060028,서울특별시 동작구 사당동,서울특별시 동작구 사당로30길 24 (사당동),근린생활1,제1종근린생활시설,1021131398,지번
1159010200105050004,서울특별시 동작구 상도동,서울특별시 동작구 사당로 24 (상도동),근린생활1,제1종근린생활시설,1021113387,지번
1159010500102070024,서울특별시 동작구 흑석동,서울특별시 동작구 흑석로6나길 10 (흑석동),근린생활2,제2종근린생활시설,1021125568,지번
1159010800103850015,서울특별시 동작구 대방동,서울특별시 동작구 여의대방로 198 (대방동),근린생활2,제2종근린생활시설,102117935,지번
1159010700107080401,서울특별시 동작구 사당동,서울특별시 동작구 사당로17길 3 (사당동),근린생활2,제2종근린생활시설,1021117833,지번
1159010100102050260,서울특별시 동작구 노량진동,서울특별시 동작구 만양로14바길 21-9 (노량진동),근린생활2,제2종근린생활시설,10211100183234,지번
1159010400100480029,서울특별시 동작구 본동,서울특별시 동작구 노량진로26길 25 (본동),근린생활1,제1종근린생활시설,1021127753,지번
1159010900106010021,서울특별시 동작구 신대방동,서울특별시 동작구 신대방14길 8 (신대방동),근린생활1,제1종근린생활시설,1021114557,지번
1159010100102050359,서울특별시 동작구 노량진동,서울특별시 동작구 만양로14바길 20 (노량진동),근린생활2,제2종근린생활시설,1021130576,지번
1159010200105050009,서울특별시 동작구 상도동,서울특별시 동작구 상도로61길 37 (상도동),근린생활,근린생활시설,1021131133,지번
1159010300106650004,서울특별시 동작구 상도1동,서울특별시 동작구 상도로39길 27 (상도1동),근린생활2,제2종근린생활시설,1021121894,지번
1159010500101900028,서울특별시 동작구 흑석동,서울특별시 동작구 흑석로 85-11 (흑석동),근린생활2,제2종근린생활시설,1021116327,지번
1159010700102680039,서울특별시 동작구 사당동,서울특별시 동작구 사당로14길 12 (사당동),근린생활1,제1종근린생활시설,1021112890,지번
1159010200101260092,서울특별시 동작구 상도동,서울특별시 동작구 상도로60길 38-1 (상도동),근린생활2,제2종근린생활시설,1021118857,지번
1159010900104920207,서울특별시 동작구 신대방동,서울특별시 동작구 여의대방로 24 (신대방동),근린생활2,제2종근린생활시설,102117227,지번
1159010700110310005,서울특별시 동작구 사당동,서울특별시 동작구 사당로30길 123-3 (사당동),근린생활1,제1종근린생활시설,1021110273,지번
1159010200101610034,서울특별시 동작구 상도동,서울특별시 동작구 상도로34길 60 (상도동),근린생활1,제1종근린생활시설,102118788,지번
1159010100102060058,서울특별시 동작구 노량진동,서울특별시 동작구 만양로14마길 3 (노량진동),근린생활1,제1종근린생활시설,1021128762,지번
1159010200101940022,서울특별시 동작구 상도동,서울특별시 동작구 상도로22길 32 (상도동),근린생활2,제2종근린생활시설,102116741,지번
1159010700110030036,서울특별시 동작구 사당동,서울특별시 동작구 사당로 282-7 (사당동),근린생활2,공동주택,1000000000000007050335,지번
1159010700107080358,서울특별시 동작구 사당동,서울특별시 동작구 사당로 258 (사당동),근린생활1,제1종근린생활시설,1021110864,지번
1159010100102360013,서울특별시 동작구 노량진동,서울특별시 동작구 장승배기로 146 (노량진동),근린생활1,제1종근린생활시설,1021112667,지번
1159010700101420018,서울특별시 동작구 사당동,서울특별시 동작구 동작대로27다길 44 (사당동),근린생활2,제2종근린생활시설,1021122559,지번
1159010700101750058,서울특별시 동작구 사당동,서울특별시 동작구 사당로23바길 10 (사당동),근린생활1,제1종근린생활시설,1021123163,지번
1159010900103610037,서울특별시 동작구 신대방동,서울특별시 동작구 여의대방로24길 66 (신대방동),근린생활2,제2종근린생활시설,1021113234,지번
1159010800103350015,서울특별시 동작구 대방동,서울특별시 동작구 상도로 77 (대방동),근린생활1,제1종근린생활시설,1021129361,지번
1159010200104560000,서울특별시 동작구 상도동,서울특별시 동작구 등용로 38 (상도동),근린생활1,제1종근린생활시설,1021130541,지번
1159010900103570023,서울특별시 동작구 신대방동,서울특별시 동작구 여의대방로22길 110 (신대방동),근린생활2,제2종근린생활시설,1021115600,지번
1159010200103230025,서울특별시 동작구 상도동,서울특별시 동작구 국사봉길 13 (상도동),근린생활1,제1종근린생활시설,1021113063,지번
1159010700110070028,서울특별시 동작구 사당동,서울특별시 동작구 동작대로17길 6-5 (사당동),근린생활2,제2종근린생활시설,1021122183,지번
1159010200102100202,서울특별시 동작구 상도동,서울특별시 동작구 양녕로 191 (상도동),근린생활1,제1종근린생활시설,1021116441,지번
1159010400104550177,서울특별시 동작구 본동,서울특별시 동작구 매봉로 147 (본동),근린생활2,제2종근린생활시설,1021114589,지번
1159010700110100036,서울특별시 동작구 사당동,서울특별시 동작구 사당로30길 68 (사당동),근린생활2,제2종근린생활시설,1021126125,지번
1159010700101850009,서울특별시 동작구 사당동,서울특별시 동작구 사당로2아길 10 (사당동),근린생활1,제1종근린생활시설,102119232,지번
1159010900103620027,서울특별시 동작구 신대방동,서울특별시 동작구 여의대방로24길 16 (신대방동),근린생활2,제2종근린생활시설,102117042,지번
1159010700103240017,서울특별시 동작구 사당동,서울특별시 동작구 사당로 253-4 (사당동),근린생활2,제2종근린생활시설,1021127842,지번
1159010700107120005,서울특별시 동작구 사당동,,근린생활1,제1종근린생활시설,1021118487,지번
1159010300103250004,서울특별시 동작구 상도1동,서울특별시 동작구 상도로47길 84-15 (상도1동),근린생활2,제2종근린생활시설,10211100182513,지번
1159010500100510007,서울특별시 동작구 흑석동,서울특별시 동작구 서달로14나길 14 (흑석동),근린생활2,제2종근린생활시설,102116308,지번
1159010500100540148,서울특별시 동작구 흑석동,서울특별시 동작구 서달로12길 19 (흑석동),근린생활1,제1종근린생활시설,1021116837,지번
1159010200100290006,서울특별시 동작구 상도동,서울특별시 동작구 상도로34길 5 (상도동),근린생활1,제1종근린생활시설,1021127572,지번
1159010200104770015,서울특별시 동작구 상도동,서울특별시 동작구 상도로 343 (상도동),근린생활2,제1종근린생활시설,1000000000000002972617,지번
1159010800104140005,서울특별시 동작구 대방동,서울특별시 동작구 여의대방로24나길 2 (대방동),근린생활1,제1종근린생활시설,1021112027,지번
1159010200103030008,서울특별시 동작구 상도동,서울특별시 동작구 국사봉길 53 (상도동),근린생활2,제2종근린생활시설,102117431,지번
1159010200104740008,서울특별시 동작구 상도동,서울특별시 동작구 상도로62길 61 (상도동),근린생활1,제1종근린생활시설,102116891,지번
1159010700103000079,서울특별시 동작구 사당동,서울특별시 동작구 사당로16길 80 (사당동),근린생활1,제1종근린생활시설,1021118623,지번
1159010700102320024,서울특별시 동작구 사당동,서울특별시 동작구 사당로10길 22 (사당동),근린생활1,제1종근린생활시설,1021120731,지번
1159010500101950034,서울특별시 동작구 흑석동,서울특별시 동작구 흑석로7길 6-1 (흑석동),근린생활1,제1종근린생활시설,1021124290,지번
1159010300108090000,서울특별시 동작구 상도1동,서울특별시 동작구 상도로38길 3-2 (상도1동),근린생활2,제2종근린생활시설,1021123940,지번
1159010100101180018,서울특별시 동작구 노량진동,서울특별시 동작구 만양로14가길 1 (노량진동),근린생활2,제2종근린생활시설,1021120943,지번
1159010100101240007,서울특별시 동작구 노량진동,서울특별시 동작구 만양로14길 35 (노량진동),근린생활1,제1종근린생활시설,1021112674,지번
1159010800100170012,서울특별시 동작구 대방동,서울특별시 동작구 등용로 91 (대방동),근린생활1,제1종근린생활시설,1021115659,지번
1159010100102050052,서울특별시 동작구 노량진동,서울특별시 동작구 만양로14아길 8-4 (노량진동),근린생활2,공동주택,1000000000000001944651,지번
1159010100100580032,서울특별시 동작구 노량진동,서울특별시 동작구 장승배기로28길 39 (노량진동),근린생활2,제2종근린생활시설,1021128948,지번
1159010200102920057,서울특별시 동작구 상도동,서울특별시 동작구 국사봉1길 117 (상도동),근린생활1,제1종근린생활시설,102119953,지번
1159010700110310039,서울특별시 동작구 사당동,서울특별시 동작구 동작대로 39 (사당동),근린생활1,제1종근린생활시설,1021128786,지번
1159010900106180016,서울특별시 동작구 신대방동,서울특별시 동작구 신대방길 2 (신대방동),근린생활1,제1종근린생활시설,1021121248,지번
1159010700101560003,서울특별시 동작구 사당동,서울특별시 동작구 사당로25길 8 (사당동),근린생활1,단독주택,102115208,지번
1159010700101560003,서울특별시 동작구 사당동,서울특별시 동작구 사당로25길 8 (사당동),근린생활1,제1종근린생활시설,102115209,지번
1159010800105080000,서울특별시 동작구 대방동,서울특별시 동작구 알마타길 37 (대방동),근린생활2,공동주택,102111758,지번
1159010800105080000,서울특별시 동작구 대방동,서울특별시 동작구 알마타길 37 (대방동),근린생활2,공동주택,102111759,지번
1159010800105080000,서울특별시 동작구 대방동,서울특별시 동작구 알마타길 37 (대방동),근린생활2,공동주택,102111760,지번
1159010800105080000,서울특별시 동작구 대방동,서울특별시 동작구 알마타길 37 (대방동),근린생활2,제2종근린생활시설,102111761,지번
1159010800105080000,서울특별시 동작구 대방동,서울특별시 동작구 알마타길 37 (대방동),근린생활2,공동주택,102111765,지번
1159010800105080000,서울특별시 동작구 대방동,서울특별시 동작구 알마타길 37 (대방동),근린생활2,공동주택,102111766,지번
1159010800105080000,서울특별시 동작구 대방동,서울특별시 동작구 알마타길 37 (대방동),근린생활2,공동주택,102111767,지번
1159010800105080000,서울특별시 동작구 대방동,서울특별시 동작구 알마타길 37 (대방동),근린생활2,공동주택,102111768,지번
1159010200104980001,서울특별시 동작구 상도동,서울특별시 동작구 상도로68길 8 (상도동),근린생활2,제2종근린생활시설,1021118455,지번
1159010800103890019,서울특별시 동작구 대방동,서울특별시 동작구 여의대방로 188 (대방동),근린생활1,제1종근린생활시설,1021130157,지번
1159010100101240006,서울특별시 동작구 노량진동,서울특별시 동작구 만양로14길 25 (노량진동),근린생활2,제2종근린생활시설,102119195,지번
1159010100102220060,서울특별시 동작구 노량진동,서울특별시 동작구 만양로 62 (노량진동),근린생활1,제1종근린생활시설,1021120373,지번
1159010100102660006,서울특별시 동작구 노량진동,서울특별시 동작구 등용로14길 81 (노량진동),근린생활1,제1종근린생활시설,102111192,지번
1159010100102660006,서울특별시 동작구 노량진동,서울특별시 동작구 등용로14길 77 (노량진동),근린생활1,단독주택,102111193,지번
1159010300107410001,서울특별시 동작구 상도1동,서울특별시 동작구 상도로38가길 1 (상도1동),근린생활1,제1종근린생활시설,1021129646,지번
1159010200101590009,서울특별시 동작구 상도동,서울특별시 동작구 상도로 302 (상도동),근린생활2,제2종근린생활시설,102114363,지번
1159010900103570004,서울특별시 동작구 신대방동,서울특별시 동작구 여의대방로22길 112 (신대방동),근린생활1,제1종근린생활시설,102117091,지번
1159010800103870001,서울특별시 동작구 대방동,서울특별시 동작구 대방동15가길 23 (대방동),근린생활2,제2종근린생활시설,1021117533,지번
1159010100102060041,서울특별시 동작구 노량진동,서울특별시 동작구 만양로14마길 18 (노량진동),근린생활2,제2종근린생활시설,1021129960,지번
1159010300105950000,서울특별시 동작구 상도1동,서울특별시 동작구 양녕로38길 6 (상도1동),근린생활2,제2종근린생활시설,1021115434,지번
1159010200101710001,서울특별시 동작구 상도동,서울특별시 동작구 장승배기로10길 49 (상도동),근린생활2,제2종근린생활시설,102116587,지번
1159010100101180027,서울특별시 동작구 노량진동,서울특별시 동작구 만양로14가길 7 (노량진동),근린생활1,제1종근린생활시설,1021129286,지번
1159010200102480014,서울특별시 동작구 상도동,서울특별시 동작구 성대로1길 4 (상도동),근린생활2,제2종근린생활시설,1021130454,지번
1159010100100830007,서울특별시 동작구 노량진동,서울특별시 동작구 노량진로14길 29 (노량진동),근린생활2,제2종근린생활시설,1021115093,지번
1159010900106940014,서울특별시 동작구 신대방동,서울특별시 동작구 대림로 29 (신대방동),근린생활2,제2종근린생활시설,1021130542,지번
1159010700102670004,서울특별시 동작구 사당동,서울특별시 동작구 사당로16가길 19 (사당동),근린생활1,공동주택,10211100249573,지번
1159010700102200055,서울특별시 동작구 사당동,서울특별시 동작구 사당로 189-1 (사당동),근린생활2,제2종근린생활시설,102118117,지번
1159010500102250026,서울특별시 동작구 흑석동,서울특별시 동작구 서달로 153 (흑석동),근린생활1,제1종근린생활시설,1021129176,지번
1159010900105860012,서울특별시 동작구 신대방동,서울특별시 동작구 시흥대로 670 (신대방동),근린생활1,의료시설,1021125631,지번
1159010800100110022,서울특별시 동작구 대방동,서울특별시 동작구 등용로 64 (대방동),근린생활1,제1종근린생활시설,102118039,지번
1159010900105650000,서울특별시 동작구 신대방동,서울특별시 동작구 여의대방로 22 (신대방동),판매영업,공동주택,102112550,지번
1159010900105650000,서울특별시 동작구 신대방동,서울특별시 동작구 여의대방로 22 (신대방동),판매영업,공동주택,102112551,지번
1159010900105650000,서울특별시 동작구 신대방동,서울특별시 동작구 여의대방로 22 (신대방동),판매영업,공동주택,102112552,지번
1159010900105650000,서울특별시 동작구 신대방동,서울특별시 동작구 여의대방로 22 (신대방동),판매영업,공동주택,102112553,지번
1159010900105650000,서울특별시 동작구 신대방동,서울특별시 동작구 여의대방로 22 (신대방동),판매영업,공동주택,102112554,지번
1159010900105650000,서울특별시 동작구 신대방동,서울특별시 동작구 여의대방로 22 (신대방동),판매영업,공동주택,102112555,지번
1159010900105650000,서울특별시 동작구 신대방동,서울특별시 동작구 여의대방로 22 (신대방동),판매영업,공동주택,102112556,지번
1159010900105650000,서울특별시 동작구 신대방동,서울특별시 동작구 여의대방로 22 (신대방동),판매영업,공동주택,102112557,지번
1159010900105650000,서울특별시 동작구 신대방동,서울특별시 동작구 여의대방로 22 (신대방동),판매영업,공동주택,102112558,지번
1159010900105650000,서울특별시 동작구 신대방동,서울특별시 동작구 여의대방로 22 (신대방동),판매영업,공동주택,102112559,지번
1159010900105650000,서울특별시 동작구 신대방동,서울특별시 동작구 여의대방로 22 (신대방동),판매영업,공동주택,102112560,지번
1159010900105650000,서울특별시 동작구 신대방동,서울특별시 동작구 여의대방로 22 (신대방동),판매영업,공동주택,102112561,지번
1159010900105650000,서울특별시 동작구 신대방동,서울특별시 동작구 여의대방로 22 (신대방동),판매영업,공동주택,102112562,지번
1159010900105650000,서울특별시 동작구 신대방동,서울특별시 동작구 여의대방로 22 (신대방동),판매영업,공동주택,102112563,지번
1159010900105650000,서울특별시 동작구 신대방동,서울특별시 동작구 여의대방로 22 (신대방동),판매영업,판매및영업시설,102112564,지번
1159010900105650000,서울특별시 동작구 신대방동,서울특별시 동작구 여의대방로 22 (신대방동),판매영업,공동주택,102112565,지번
1159010900105650000,서울특별시 동작구 신대방동,서울특별시 동작구 여의대방로 22 (신대방동),판매영업,공동주택,102112566,지번
1159010200103160002,서울특별시 동작구 상도동,서울특별시 동작구 성대로 14 (상도동),근린생활2,제1종근린생활시설,1000000000000003600376,지번
1159010100101250002,서울특별시 동작구 노량진동,서울특별시 동작구 만양로14길 31 (노량진동),근린생활2,제2종근린생활시설,1021115201,지번
1159010700102040007,서울특별시 동작구 사당동,서울특별시 동작구 사당로2차길 25 (사당동),근린생활1,제1종근린생활시설,1021129273,지번
1159010700100570013,서울특별시 동작구 사당동,서울특별시 동작구 동작대로35길 83 (사당동),근린생활1,제1종근린생활시설,1021121642,지번
1159010300106450003,서울특별시 동작구 상도1동,서울특별시 동작구 흑석로 4 (상도1동),근린생활1,단독주택,1021123094,지번
1159010700103160026,서울특별시 동작구 사당동,서울특별시 동작구 사당로20길 42 (사당동),근린생활2,제2종근린생활시설,1021112849,지번
1159010700102260014,서울특별시 동작구 사당동,서울특별시 동작구 솔밭로 107 (사당동),근린생활1,제1종근린생활시설,1021112784,지번
1159010700102540018,서울특별시 동작구 사당동,서울특별시 동작구 사당로14가길 11 (사당동),근린생활1,제1종근린생활시설,1021120505,지번
1159010300104500008,서울특별시 동작구 상도1동,서울특별시 동작구 상도로41길 23 (상도1동),근린생활2,제2종근린생활시설,1021122999,지번
1159010900103420039,서울특별시 동작구 신대방동,서울특별시 동작구 보라매로 76 (신대방동),근린생활2,제2종근린생활시설,1021110131,지번
1159010200104900000,서울특별시 동작구 상도동,서울특별시 동작구 상도로62길 45 (상도동),근린생활2,제2종근린생활시설,1021127054,지번
1159010700110490015,서울특별시 동작구 사당동,서울특별시 동작구 남부순환로 2027 (사당동),근린생활1,제2종근린생활시설,1000000000000007083189,지번
1159010200102040031,서울특별시 동작구 상도동,서울특별시 동작구 장승배기로 38 (상도동),근린생활2,제2종근린생활시설,102118436,지번
1159010100101180003,서울특별시 동작구 노량진동,서울특별시 동작구 만양로14가길 13 (노량진동),근린생활2,제2종근린생활시설,1021113345,지번
1159010800103420005,서울특별시 동작구 대방동,서울특별시 동작구 여의대방로 284 (대방동),근린생활2,제2종근린생활시설,1021122310,지번
1159010200103130023,서울특별시 동작구 상도동,서울특별시 동작구 성대로 30 (상도동),근린생활2,제2종근린생활시설,1021115769,지번
1159010500100430003,서울특별시 동작구 흑석동,서울특별시 동작구 서달로14길 34 (흑석동),근린생활1,제1종근린생활시설,1021114276,지번
1159010300105700000,서울특별시 동작구 상도1동,서울특별시 동작구 양녕로38길 8 (상도1동),근린생활1,제1종근린생활시설,1021123148,지번
1159010500102230005,서울특별시 동작구 흑석동,서울특별시 동작구 흑석로 90 (흑석동),근린생활1,제1종근린생활시설,1021129531,지번
1159010900103440258,서울특별시 동작구 신대방동,서울특별시 동작구 보라매로 61-1 (신대방동),근린생활1,제1종근린생활시설,1021127012,지번
1159010700102060016,서울특별시 동작구 사당동,서울특별시 동작구 사당로2차길 36 (사당동),근린생활1,제1종근린생활시설,1021110700,지번
1159010800103880017,서울특별시 동작구 대방동,서울특별시 동작구 대방동23길 45 (대방동),근린생활1,제1종근린생활시설,102115792,지번
1159010100100420014,서울특별시 동작구 노량진동,서울특별시 동작구 노량진로 116 (노량진동),근린생활2,제1종근린생활시설,1021118513,본번
1159010100102060035,서울특별시 동작구 노량진동,서울특별시 동작구 만양로14마길 10 (노량진동),근린생활2,제2종근린생활시설,1021129500,지번
1159010700110400040,서울특별시 동작구 사당동,서울특별시 동작구 남부순환로271가길 2 (사당동),근린생활2,제2종근린생활시설,102118984,지번
1159010200104750000,서울특별시 동작구 상도동,서울특별시 동작구 상도로 348 (상도동),근린생활2,제2종근린생활시설,1021128223,지번
1159010700103240016,서울특별시 동작구 사당동,서울특별시 동작구 사당로 257 (사당동),근린생활2,제2종근린생활시설,1021125179,지번
1159010700101470048,서울특별시 동작구 사당동,서울특별시 동작구 사당로 308 (사당동),근린생활1,업무시설,1000000000000007539798,지번
1159010200103540002,서울특별시 동작구 상도동,서울특별시 동작구 상도로15길 38 (상도동),근린생활1,제1종근린생활시설,1021112943,지번
1159010100102190060,서울특별시 동작구 노량진동,서울특별시 동작구 만양로 61-5 (노량진동),근린생활1,제2종근린생활시설,10211100260693,지번
1159010900107160000,서울특별시 동작구 신대방동,서울특별시 동작구 신대방1나길 45 (신대방동),근린생활1,제1종근린생활시설,102113623,지번
1159010900107160000,서울특별시 동작구 신대방동,서울특별시 동작구 신대방1나길 45 (신대방동),근린생활1,공동주택,102113624,지번
1159010700101470064,서울특별시 동작구 사당동,서울특별시 동작구 사당로 302 (사당동),근린생활1,제1종근린생활시설,1021119671,지번
1159010200101930076,서울특별시 동작구 상도동,서울특별시 동작구 상도로22길 46 (상도동),근린생활1,제1종근린생활시설,1021113960,지번
1159010200101540009,서울특별시 동작구 상도동,서울특별시 동작구 상도로34길 19 (상도동),근린생활1,제1종근린생활시설,1021129653,지번
1159010800104150013,서울특별시 동작구 대방동,서울특별시 동작구 여의대방로24나길 9 (대방동),근린생활1,제1종근린생활시설,1021110284,지번
1159010300107620000,서울특별시 동작구 상도1동,서울특별시 동작구 상도로37길 6 (상도1동),근린생활2,제2종근린생활시설,1021111816,지번
1159010800103800033,서울특별시 동작구 대방동,서울특별시 동작구 대방동27길 46-1 (대방동),근린생활2,제2종근린생활시설,102115874,지번
1159010800100050000,서울특별시 동작구 대방동,서울특별시 동작구 등용로 50 (대방동),근린생활1,제1종근린생활시설,102119200,지번
1159010700110070032,서울특별시 동작구 사당동,서울특별시 동작구 사당로30길 41 (사당동),근린생활2,제2종근린생활시설,1021124201,지번
1159010200100770042,서울특별시 동작구 상도동,서울특별시 동작구 상도로37길 61 (상도동),근린생활1,제1종근린생활시설,1021124136,지번
1159010800103890024,서울특별시 동작구 대방동,서울특별시 동작구 여의대방로 182 (대방동),근린생활1,제1종근린생활시설,102115674,지번
1159010200103460001,서울특별시 동작구 상도동,서울특별시 동작구 성대로1길 9 (상도동),근린생활2,제2종근린생활시설,1021123487,지번
1159010800103860004,서울특별시 동작구 대방동,서울특별시 동작구 여의대방로36길 10-7 (대방동),근린생활1,제1종근린생활시설,1021116251,지번
1159010800104140008,서울특별시 동작구 대방동,서울특별시 동작구 여의대방로24나길 10 (대방동),근린생활1,제1종근린생활시설,1021121630,지번
1159010700110430003,서울특별시 동작구 사당동,서울특별시 동작구 남부순환로271길 8 (사당동),근린생활2,제2종근린생활시설,102118374,지번
1159010200100070060,서울특별시 동작구 상도동,서울특별시 동작구 흑석로 21 (상도동),근린생활1,공동주택,10211100251453,지번
1159010800104050002,서울특별시 동작구 대방동,서울특별시 동작구 상도로 60 (대방동),근린생활2,제1종근린생활시설,1000000000000002668058,지번
1159010700110320009,서울특별시 동작구 사당동,서울특별시 동작구 동작대로5길 16 (사당동),근린생활1,제1종근린생활시설,1021122693,지번
1159010200102560086,서울특별시 동작구 상도동,서울특별시 동작구 국사봉1길 95 (상도동),근린생활1,제1종근린생활시설,1021122602,지번
1159010800103800010,서울특별시 동작구 대방동,서울특별시 동작구 대방동27길 38 (대방동),근린생활1,제1종근린생활시설,1021128913,지번
1159010700102680033,서울특별시 동작구 사당동,서울특별시 동작구 사당로14길 11 (사당동),근린생활1,제1종근린생활시설,1021112347,지번
1159010900103420015,서울특별시 동작구 신대방동,서울특별시 동작구 보라매로 86-1 (신대방동),근린생활2,업무시설,10211100251150,지번
1159010900105870013,서울특별시 동작구 신대방동,서울특별시 동작구 신대방16길 41 (신대방동),근린생활1,제1종근린생활시설,102117586,지번
1159010200104650000,서울특별시 동작구 상도동,서울특별시 동작구 상도로37길 53 (상도동),근린생활1,공동주택,1000000000000001432131,지번
1159010200100230005,서울특별시 동작구 상도동,,근린생활2,제1종근린생활시설,1021120500,본번
1159010300105430000,서울특별시 동작구 상도1동,서울특별시 동작구 강남초등길 8 (상도1동),근린생활1,제1종근린생활시설,1021118378,지번
1159010700101390022,서울특별시 동작구 사당동,서울특별시 동작구 동작대로27길 31 (사당동),근린생활1,제1종근린생활시설,1021111976,지번
1159010100103110046,서울특별시 동작구 노량진동,서울특별시 동작구 장승배기로 110 (노량진동),근린생활1,제1종근린생활시설,1021124694,지번
1159010200103120005,서울특별시 동작구 상도동,서울특별시 동작구 성대로6길 6 (상도동),근린생활1,제1종근린생활시설,1021126826,지번
1159010500101900027,서울특별시 동작구 흑석동,서울특별시 동작구 흑석로13가길 42 (흑석동),근린생활2,제2종근린생활시설,1021121638,지번
1159010200103220015,서울특별시 동작구 상도동,서울특별시 동작구 국사봉1길 24 (상도동),근린생활2,제2종근린생활시설,1021128523,지번
1159010700100790024,서울특별시 동작구 사당동,서울특별시 동작구 동작대로33가길 18 (사당동),근린생활2,제2종근린생활시설,1021130406,지번
1159010200103230027,서울특별시 동작구 상도동,서울특별시 동작구 국사봉1길 12-5 (상도동),근린생활1,단독주택,1000000000000000549113,지번
1159010400104040001,서울특별시 동작구 본동,서울특별시 동작구 노량진로18길 23 (본동),근린생활1,제1종근린생활시설,102118016,지번
1159010700101470100,서울특별시 동작구 사당동,서울특별시 동작구 동작대로 103 (사당동),근린생활1,제1종근린생활시설,1021125896,지번
1159010700101940004,서울특별시 동작구 사당동,서울특별시 동작구 사당로2자길 46 (사당동),근린생활1,제1종근린생활시설,1021116911,지번
1159010900106890039,서울특별시 동작구 신대방동,서울특별시 동작구 신대방길 49 (신대방동),근린생활1,제1종근린생활시설,1021126812,지번
1159010200105070000,서울특별시 동작구 상도동,서울특별시 동작구 상도로61길 74 (상도동),근린생활2,제2종근린생활시설,1021118148,지번
1159010500100740019,서울특별시 동작구 흑석동,서울특별시 동작구 서달로10사길 24-1 (흑석동),근린생활2,단독주택,102114949,본번
1159010700101310014,서울특별시 동작구 사당동,서울특별시 동작구 동작대로29길 11-1 (사당동),근린생활1,제1종근린생활시설,102119385,지번
1159010100102630011,서울특별시 동작구 노량진동,서울특별시 동작구 노량진로6길 11 (노량진동),근린생활1,제1종근린생활시설,1021111875,지번
1159010100102630011,서울특별시 동작구 노량진동,서울특별시 동작구 노량진로6가길 1 (노량진동),근린생활1,단독주택,102117338,지번
1159010700101470106,서울특별시 동작구 사당동,서울특별시 동작구 사당로 307-8 (사당동),근린생활2,제2종근린생활시설,102116331,지번
1159010100102110043,서울특별시 동작구 노량진동,서울특별시 동작구 만양로14라길 1 (노량진동),근린생활2,제2종근린생활시설,1021117184,지번
1159010200101910001,서울특별시 동작구 상도동,서울특별시 동작구 상도로 143 (상도동),근린생활1,제1종근린생활시설,1021118874,지번
1159010900106180085,서울특별시 동작구 신대방동,서울특별시 동작구 신대방길 6 (신대방동),근린생활2,제2종근린생활시설,102117644,지번
1159010100100290008,서울특별시 동작구 노량진동,서울특별시 동작구 노량진로 86 (노량진동),근린생활2,제2종근린생활시설,1021122436,지번
1159010500100060021,서울특별시 동작구 흑석동,서울특별시 동작구 서달로14길 11 (흑석동),근린생활1,제1종근린생활시설,1021123776,지번
1159010200103730011,서울특별시 동작구 상도동,서울특별시 동작구 상도로 196 (상도동),근린생활1,제1종근린생활시설,102116983,지번
1159010200104770013,서울특별시 동작구 상도동,서울특별시 동작구 상도로 341-2 (상도동),근린생활2,제2종근린생활시설,1021119304,지번
1159010700110410036,서울특별시 동작구 사당동,서울특별시 동작구 사당로30길 148 (사당동),근린생활2,제2종근린생활시설,1021115838,지번
1159010100101170016,서울특별시 동작구 노량진동,서울특별시 동작구 만양로 108 (노량진동),근린생활2,제2종근린생활시설,1021118096,지번
1159010400104130001,서울특별시 동작구 본동,서울특별시 동작구 노량진로22길 22-5 (본동),근린생활2,제2종근린생활시설,10211100186030,지번
1159010700110180038,서울특별시 동작구 사당동,서울특별시 동작구 동작대로11길 16 (사당동),근린생활1,단독주택,10211100249253,지번
1159010700110500007,서울특별시 동작구 사당동,서울특별시 동작구 남부순환로261길 41 (사당동),근린생활2,제2종근린생활시설,1021124811,지번
1159010500100430039,서울특별시 동작구 흑석동,서울특별시 동작구 서달로14바길 7-9 (흑석동),근린생활2,제2종근린생활시설,1021122080,지번
1159010800103890002,서울특별시 동작구 대방동,서울특별시 동작구 여의대방로36길 2 (대방동),근린생활1,제1종근린생활시설,102116340,지번
1159010900103600043,서울특별시 동작구 신대방동,서울특별시 동작구 여의대방로22길 66 (신대방동),근린생활2,제2종근린생활시설,1021121346,지번
1159010700107080594,서울특별시 동작구 사당동,서울특별시 동작구 동작대로25길 10 (사당동),근린생활1,제1종근린생활시설,1021124845,지번
1159010200102020174,서울특별시 동작구 상도동,서울특별시 동작구 성대로31길 1 (상도동),근린생활1,제1종근린생활시설,102116526,지번
1159010200103240045,서울특별시 동작구 상도동,서울특별시 동작구 상도로12길 1 (상도동),근린생활1,제1종근린생활시설,1000000000000004826657,지번
1159010700101500010,서울특별시 동작구 사당동,서울특별시 동작구 사당로 283 (사당동),근린생활1,제1종근린생활시설,1021123380,지번
1159010200103210023,서울특별시 동작구 상도동,서울특별시 동작구 국사봉길 43-4 (상도동),근린생활2,제2종근린생활시설,10211100189771,지번
1159010200101840004,서울특별시 동작구 상도동,서울특별시 동작구 장승배기로 56 (상도동),근린생활2,제2종근린생활시설,102115474,지번
1159010100100360003,서울특별시 동작구 노량진동,서울특별시 동작구 노량진로8길 39 (노량진동),근린생활2,제2종근린생활시설,1021122864,지번
1159010100101330000,서울특별시 동작구 노량진동,서울특별시 동작구 만양로14길 55 (노량진동),근린생활1,제1종근린생활시설,1021131506,지번
1159010100102070005,서울특별시 동작구 노량진동,서울특별시 동작구 만양로14길 28 (노량진동),근린생활2,공동주택,1000000000000006739305,지번
1159010200102480002,서울특별시 동작구 상도동,서울특별시 동작구 성대로1길 6 (상도동),근린생활1,제1종근린생활시설,1021121430,지번
1159010700102680034,서울특별시 동작구 사당동,서울특별시 동작구 사당로14길 13 (사당동),근린생활1,제1종근린생활시설,10211100183523,지번
1159010100102300014,서울특별시 동작구 노량진동,서울특별시 동작구 장승배기로18길 3 (노량진동),근린생활1,제1종근린생활시설,102113056,지번
1159010900104920206,서울특별시 동작구 신대방동,서울특별시 동작구 여의대방로 68 (신대방동),근린생활1,제1종근린생활시설,1021121977,지번
1159010700103210080,서울특별시 동작구 사당동,서울특별시 동작구 사당로20길 3 (사당동),근린생활1,제1종근린생활시설,1021111564,지번
1159010500101810013,서울특별시 동작구 흑석동,서울특별시 동작구 흑석로 109-2 (흑석동),근린생활2,제2종근린생활시설,102119224,지번
1159010700110470032,서울특별시 동작구 사당동,서울특별시 동작구 남부순환로 2045 (사당동),근린생활2,제2종근린생활시설,1021125812,지번
1159010200100220153,서울특별시 동작구 상도동,서울특별시 동작구 상도로31길 49 (상도동),근린생활1,제1종근린생활시설,1021114289,지번
1159010700101480010,서울특별시 동작구 사당동,서울특별시 동작구 사당로 287 (사당동),근린생활1,제1종근린생활시설,1021131383,지번
1159010700102030005,서울특별시 동작구 사당동,서울특별시 동작구 사당로 152 (사당동),근린생활2,제2종근린생활시설,1021130573,지번
1159010500101730039,서울특별시 동작구 흑석동,서울특별시 동작구 흑석로3길 67 (흑석동),근린생활2,단독주택,102115062,지번
1159010500101730039,서울특별시 동작구 흑석동,서울특별시 동작구 흑석로3길 67 (흑석동),근린생활2,제2종근린생활시설,102115063,지번
1159010100102710013,서울특별시 동작구 노량진동,서울특별시 동작구 등용로14길 68 (노량진동),근린생활1,제1종근린생활시설,1021115486,지번
1159010200104920020,서울특별시 동작구 상도동,서울특별시 동작구 상도로54길 51 (상도동),근린생활1,제1종근린생활시설,1021130759,지번
1159010800100170038,서울특별시 동작구 대방동,서울특별시 동작구 등용로 87 (대방동),근린생활1,제1종근린생활시설,1021121716,지번
1159010700101320015,서울특별시 동작구 사당동,서울특별시 동작구 동작대로27길 16-4 (사당동),근린생활2,제2종근린생활시설,1021118672,지번
1159010700107080988,서울특별시 동작구 사당동,서울특별시 동작구 동작대로25길 54 (사당동),근린생활2,제2종근린생활시설,1021117946,지번
1159010700110010032,서울특별시 동작구 사당동,서울특별시 동작구 사당로 266 (사당동),근린생활1,제1종근린생활시설,1021115110,지번
1159010800103980005,서울특별시 동작구 대방동,서울특별시 동작구 상도로 17 (대방동),근린생활2,제2종근린생활시설,102119540,지번
1159010200102990072,서울특별시 동작구 상도동,서울특별시 동작구 국사봉길 86 (상도동),근린생활1,제1종근린생활시설,1021121140,지번
1159010700101450025,서울특별시 동작구 사당동,서울특별시 동작구 동작대로25길 9-6 (사당동),근린생활2,제2종근린생활시설,1021118332,지번
1159010500101900026,서울특별시 동작구 흑석동,서울특별시 동작구 흑석로 83-1 (흑석동),근린생활2,제2종근린생활시설,1021121421,지번
1159010100101260018,서울특별시 동작구 노량진동,서울특별시 동작구 만양로14가길 30-8 (노량진동),근린생활2,제2종근린생활시설,1021126292,지번
1159010700102650033,서울특별시 동작구 사당동,서울특별시 동작구 사당로 226 (사당동),근린생활2,제2종근린생활시설,102117926,지번
1159010100102220014,서울특별시 동작구 노량진동,서울특별시 동작구 만양로6길 58 (노량진동),근린생활2,제2종근린생활시설,10211100181833,지번
1159010700102200000,서울특별시 동작구 사당동,서울특별시 동작구 사당로 185 (사당동),근린생활1,제1종근린생활시설,1021129679,지번
1159010700102650032,서울특별시 동작구 사당동,서울특별시 동작구 사당로 224-1 (사당동),근린생활1,제1종근린생활시설,1021119645,지번
1159010200101800002,서울특별시 동작구 상도동,서울특별시 동작구 장승배기로 71 (상도동),근린생활1,제1종근린생활시설,102112885,지번
1159010700110320044,서울특별시 동작구 사당동,서울특별시 동작구 동작대로7길 45 (사당동),근린생활2,제2종근린생활시설,10211100246695,지번
1159010400100480015,서울특별시 동작구 본동,서울특별시 동작구 노량진로26길 5 (본동),근린생활1,제1종근린생활시설,102117069,지번
1159010900103600042,서울특별시 동작구 신대방동,서울특별시 동작구 여의대방로22길 68 (신대방동),근린생활1,제1종근린생활시설,102115762,지번
1159010500102070065,서울특별시 동작구 흑석동,서울특별시 동작구 흑석로6길 12 (흑석동),근린생활1,단독주택,1021114532,지번
1159010200104650004,서울특별시 동작구 상도동,서울특별시 동작구 상도로49길 15 (상도동),근린생활1,공동주택,102113610,지번
1159010200104650004,서울특별시 동작구 상도동,서울특별시 동작구 상도로49길 15 (상도동),근린생활1,제1종근린생활시설,102113611,지번
1159010100102440081,서울특별시 동작구 노량진동,서울특별시 동작구 노량진로8길 52 (노량진동),근린생활2,제2종근린생활시설,1021111848,지번
1159010200101560009,서울특별시 동작구 상도동,서울특별시 동작구 상도로34길 34 (상도동),근린생활2,제2종근린생활시설,1021127123,지번
1159010100101260028,서울특별시 동작구 노량진동,서울특별시 동작구 만양로14나길 3 (노량진동),근린생활2,제2종근린생활시설,102117869,지번
1159010700100640182,서울특별시 동작구 사당동,서울특별시 동작구 동작대로33마길 27 (사당동),근린생활2,제2종근린생활시설,10211100187150,지번
1159010700101270040,서울특별시 동작구 사당동,서울특별시 동작구 동작대로29길 63-1 (사당동),근린생활2,제2종근린생활시설,1021119984,지번
1159010700102310016,서울특별시 동작구 사당동,서울특별시 동작구 사당로8길 24 (사당동),근린생활1,제1종근린생활시설,1021113224,지번
1159010700101550006,서울특별시 동작구 사당동,서울특별시 동작구 사당로 271 (사당동),근린생활1,제1종근린생활시설,1021121041,지번
1159010700102030011,서울특별시 동작구 사당동,서울특별시 동작구 사당로 154 (사당동),근린생활2,제2종근린생활시설,102116548,지번
1159010200104910001,서울특별시 동작구 상도동,서울특별시 동작구 상도로54길 38 (상도동),근린생활2,제2종근린생활시설,1021121963,지번
1159010700103090028,서울특별시 동작구 사당동,서울특별시 동작구 사당로22나길 87 (사당동),근린생활1,제1종근린생활시설,1021111851,지번
1159010700100670006,서울특별시 동작구 사당동,서울특별시 동작구 동작대로35다길 22 (사당동),근린생활2,제2종근린생활시설,1021116494,지번
1159010200105060001,서울특별시 동작구 상도동,서울특별시 동작구 사당로 36 (상도동),근린생활1,제1종근린생활시설,1021130884,지번
1159010700102460017,서울특별시 동작구 사당동,서울특별시 동작구 사당로 190 (사당동),근린생활2,제2종근린생활시설,102119378,지번
1159010900105970001,서울특별시 동작구 신대방동,서울특별시 동작구 신대방16길 26 (신대방동),근린생활2,제2종근린생활시설,102117056,지번
1159010100102050322,서울특별시 동작구 노량진동,서울특별시 동작구 만양로14라길 21-8 (노량진동),근린생활2,제2종근린생활시설,1021129777,지번
1159010200102640045,서울특별시 동작구 상도동,서울특별시 동작구 성대로16길 8 (상도동),근린생활2,제2종근린생활시설,1021125106,지번
1159010700101640056,서울특별시 동작구 사당동,서울특별시 동작구 사당로27길 지하103 (사당동),근린생활2,제2종근린생활시설,1021113457,본번
1159010700101470101,서울특별시 동작구 사당동,서울특별시 동작구 동작대로 101 (사당동),근린생활2,제2종근린생활시설,1021119174,지번
1159010100102700000,서울특별시 동작구 노량진동,서울특별시 동작구 등용로14길 66 (노량진동),근린생활2,제2종근린생활시설,1021120071,지번
1159010200104930005,서울특별시 동작구 상도동,서울특별시 동작구 상도로62길 13 (상도동),근린생활1,제1종근린생활시설,1021123204,지번
1159010100101270009,서울특별시 동작구 노량진동,서울특별시 동작구 만양로14길 39 (노량진동),근린생활2,제2종근린생활시설,102116154,지번
1159010900103610044,서울특별시 동작구 신대방동,서울특별시 동작구 여의대방로24길 46 (신대방동),근린생활1,제1종근린생활시설,1021129917,지번
1159010200102990058,서울특별시 동작구 상도동,서울특별시 동작구 국사봉길 74 (상도동),근린생활,근린생활시설,102117019,지번
1159010700107080919,서울특별시 동작구 사당동,,근린생활1,제1종근린생활시설,102119136,지번
1159010700102720002,서울특별시 동작구 사당동,서울특별시 동작구 사당로14길 23 (사당동),근린생활1,제1종근린생활시설,102117422,지번
1159010100101190152,서울특별시 동작구 노량진동,서울특별시 동작구 만양로 96 (노량진동),근린생활2,제2종근린생활시설,102115638,지번
1159010700101410197,서울특별시 동작구 사당동,서울특별시 동작구 사당로27길 18 (사당동),근린생활1,제1종근린생활시설,1021121722,지번
1159010200100070115,서울특별시 동작구 상도동,서울특별시 동작구 상도로47아길 26 (상도동),근린생활,근린생활시설,1021110797,지번
1159010200104080000,서울특별시 동작구 상도동,서울특별시 동작구 상도로 399 (상도동),근린생활2,공동주택,102111328,지번
1159010200104080000,서울특별시 동작구 상도동,서울특별시 동작구 상도로 407-5 (상도동),근린생활2,공동주택,102111329,지번
1159010200104080000,서울특별시 동작구 상도동,서울특별시 동작구 상도로 407 (상도동),근린생활2,공동주택,102111330,지번
1159010200104080000,서울특별시 동작구 상도동,서울특별시 동작구 상도로 407 (상도동),근린생활2,공동주택,102111331,지번
1159010200104080000,서울특별시 동작구 상도동,서울특별시 동작구 상도로 407 (상도동),근린생활2,공동주택,102111332,지번
1159010200104080000,서울특별시 동작구 상도동,서울특별시 동작구 상도로 407 (상도동),근린생활2,공동주택,102111333,지번
1159010200104080000,서울특별시 동작구 상도동,서울특별시 동작구 상도로 407 (상도동),근린생활2,공동주택,102111334,지번
1159010500101000016,서울특별시 동작구 흑석동,서울특별시 동작구 서달로 161-1 (흑석동),근린생활2,제2종근린생활시설,1021111669,지번
1159010900106850000,서울특별시 동작구 신대방동,서울특별시 동작구 시흥대로 640 (신대방동),근린생활1,제1종근린생활시설,1021131512,지번
1159010300104600001,서울특별시 동작구 상도1동,서울특별시 동작구 상도로39길 37 (상도1동),근린생활2,제2종근린생활시설,102119152,지번
1159010700100720012,서울특별시 동작구 사당동,서울특별시 동작구 동작대로33가길 27 (사당동),근린생활1,제1종근린생활시설,1021127346,지번
1159010200103280005,서울특별시 동작구 상도동,서울특별시 동작구 상도로 91 (상도동),근린생활2,제2종근린생활시설,102118237,지번
1159010200102100016,서울특별시 동작구 상도동,서울특별시 동작구 양녕로26길 6 (상도동),근린생활2,제2종근린생활시설,1021127479,지번
1159010500100500011,서울특별시 동작구 흑석동,서울특별시 동작구 서달로14라길 11 (흑석동),근린생활1,제1종근린생활시설,1021117438,지번
1159010800100390008,서울특별시 동작구 대방동,서울특별시 동작구 등용로 128 (대방동),근린생활2,제2종근린생활시설,1021113661,지번
1159010700102670028,서울특별시 동작구 사당동,서울특별시 동작구 사당로14길 3 (사당동),근린생활2,제2종근린생활시설,1021112035,지번
1159010500102230037,서울특별시 동작구 흑석동,,근린생활2,제2종근린생활시설,1021129858,지번
1159010700110320043,서울특별시 동작구 사당동,서울특별시 동작구 동작대로7길 43 (사당동),근린생활1,제1종근린생활시설,102118261,지번
1159010100102150143,서울특별시 동작구 노량진동,서울특별시 동작구 만양로8길 45 (노량진동),근린생활1,제1종근린생활시설,1021125587,지번
1159010900103470008,서울특별시 동작구 신대방동,서울특별시 동작구 국사봉길 2 (신대방동),근린생활2,제2종근린생활시설,1021131280,지번
1159010700101300006,서울특별시 동작구 사당동,서울특별시 동작구 동작대로29길 23 (사당동),근린생활1,제1종근린생활시설,1021115339,지번
1159010400101260129,서울특별시 동작구 본동,서울특별시 동작구 노량진로26길 16-6 (본동),근린생활1,제1종근린생활시설,1021129788,지번
1159010900104750017,서울특별시 동작구 신대방동,서울특별시 동작구 여의대방로10길 36 (신대방동),근린생활2,제2종근린생활시설,1021127603,지번
1159010100102890088,서울특별시 동작구 노량진동,서울특별시 동작구 노량진로6길 59 (노량진동),근린생활1,제1종근린생활시설,1021113597,지번
1159010700110300009,서울특별시 동작구 사당동,서울특별시 동작구 사당로30길 103 (사당동),근린생활1,제1종근린생활시설,1021128974,지번
1159010700101390019,서울특별시 동작구 사당동,서울특별시 동작구 동작대로27다길 2 (사당동),근린생활1,제1종근린생활시설,1021128628,지번
1159010700102970018,서울특별시 동작구 사당동,서울특별시 동작구 사당로16길 58 (사당동),근린생활2,제2종근린생활시설,1021123359,지번
1159010800104170009,서울특별시 동작구 대방동,서울특별시 동작구 여의대방로 132 (대방동),근린생활2,제2종근린생활시설,1021127138,지번
1159010900106920044,서울특별시 동작구 신대방동,서울특별시 동작구 대림로 14 (신대방동),근린생활1,제1종근린생활시설,102116330,지번
1159010200104760000,서울특별시 동작구 상도동,서울특별시 동작구 상도로 338 (상도동),근린생활2,제2종근린생활시설,1021112449,지번
1159010100100730001,서울특별시 동작구 노량진동,서울특별시 동작구 노량진로 154 (노량진동),근린생활2,제2종근린생활시설,102119744,지번
1159010100100720003,서울특별시 동작구 노량진동,서울특별시 동작구 노량진로 148-3 (노량진동),근린생활1,제1종근린생활시설,1021120753,지번
1159010700110010007,서울특별시 동작구 사당동,서울특별시 동작구 동작대로17길 40 (사당동),근린생활2,제2종근린생활시설,102117235,지번
1159010700100830002,서울특별시 동작구 사당동,서울특별시 동작구 동작대로33가길 5 (사당동),근린생활2,제2종근린생활시설,1021129236,지번
1159010700100570107,서울특별시 동작구 사당동,서울특별시 동작구 동작대로35길 107 (사당동),근린생활1,제1종근린생활시설,1021116710,지번
1159010800101010015,서울특별시 동작구 대방동,서울특별시 동작구 여의대방로62길 12-7 (대방동),근린생활2,제2종근린생활시설,102117851,지번
1159010600101020030,서울특별시 동작구 동작동,서울특별시 동작구 동작대로43길 3 (동작동),근린생활2,제2종근린생활시설,1021113909,지번
1159010200101840006,서울특별시 동작구 상도동,서울특별시 동작구 장승배기로10가길 38 (상도동),근린생활2,제2종근린생활시설,1021110673,지번
1159010700110150001,서울특별시 동작구 사당동,서울특별시 동작구 사당로22길 25 (사당동),근린생활1,제1종근린생활시설,1021114496,지번
1159010100103090019,서울특별시 동작구 노량진동,서울특별시 동작구 장승배기로 118 (노량진동),근린생활1,제1종근린생활시설,102118313,지번
1159010800104150012,서울특별시 동작구 대방동,서울특별시 동작구 여의대방로24나길 11-1 (대방동),근린생활1,제1종근린생활시설,102116371,지번
1159010300104830022,서울특별시 동작구 상도1동,서울특별시 동작구 상도로47아길 14 (상도1동),근린생활2,제2종근린생활시설,10211100184149,지번
1159010500102830003,서울특별시 동작구 흑석동,,근린생활2,단독주택,102117798,본번
1159010200104950005,서울특별시 동작구 상도동,서울특별시 동작구 상도로 382 (상도동),근린생활1,제1종근린생활시설,1021118768,지번
1159010200102790000,서울특별시 동작구 상도동,서울특별시 동작구 성대로10길 44 (상도동),근린생활2,제2종근린생활시설,1021121530,지번
1159010100102290000,서울특별시 동작구 노량진동,서울특별시 동작구 장승배기로20길 16 (노량진동),근린생활1,제1종근린생활시설,102111257,지번
1159010100100400038,서울특별시 동작구 노량진동,서울특별시 동작구 노량진로12길 12-4 (노량진동),근린생활2,제2종근린생활시설,1021110263,지번
1159010700101550002,서울특별시 동작구 사당동,서울특별시 동작구 사당로23길 2 (사당동),근린생활1,제1종근린생활시설,1021110184,지번
1159010700103210081,서울특별시 동작구 사당동,서울특별시 동작구 사당로20길 5 (사당동),근린생활1,제1종근린생활시설,1021113347,지번
1159010300107450001,서울특별시 동작구 상도1동,서울특별시 동작구 상도로 276 (상도1동),근린생활1,제1종근린생활시설,1021127975,지번
1159010200104780024,서울특별시 동작구 상도동,서울특별시 동작구 상도로53길 6 (상도동),근린생활1,제1종근린생활시설,1021122563,지번
1159010500100640015,서울특별시 동작구 흑석동,,근린생활1,단독주택,1021119143,본번
1159010100102400051,서울특별시 동작구 노량진동,서울특별시 동작구 장승배기로 155 (노량진동),근린생활2,제2종근린생활시설,1021118657,지번
1159010700104290037,서울특별시 동작구 사당동,서울특별시 동작구 사당로20길 53 (사당동),근린생활1,제1종근린생활시설,102119740,지번
1159010900106070056,서울특별시 동작구 신대방동,서울특별시 동작구 신대방길 99 (신대방동),근린생활2,제2종근린생활시설,1021128458,지번
1159010400101260013,서울특별시 동작구 본동,서울특별시 동작구 노량진로 250 (본동),근린생활1,제1종근린생활시설,1021123210,지번
1159010700110190008,서울특별시 동작구 사당동,서울특별시 동작구 사당로30길 79-3 (사당동),근린생활2,제2종근린생활시설,1021123993,지번
1159010200101950020,서울특별시 동작구 상도동,서울특별시 동작구 상도로22가길 1 (상도동),근린생활1,제1종근린생활시설,1021126913,지번
1159010900106960000,서울특별시 동작구 신대방동,서울특별시 동작구 신대방1나길 23 (신대방동),근린생활1,제1종근린생활시설,102119604,지번
1159010800103910237,서울특별시 동작구 대방동,서울특별시 동작구 대방동길 51 (대방동),근린생활1,제1종근린생활시설,1021130513,지번
1159010100101230003,서울특별시 동작구 노량진동,서울특별시 동작구 만양로14다길 4 (노량진동),근린생활1,제1종근린생활시설,1021118130,지번
1159010700101290011,서울특별시 동작구 사당동,서울특별시 동작구 동작대로27길 38 (사당동),근린생활2,제2종근린생활시설,1021126943,지번
1159010100102190061,서울특별시 동작구 노량진동,서울특별시 동작구 만양로11길 4-7 (노량진동),근린생활2,제2종근린생활시설,1021117191,지번
1159010900106860000,서울특별시 동작구 신대방동,서울특별시 동작구 대림로 61 (신대방동),근린생활1,제1종근린생활시설,1021117832,지번
1159010900103480003,서울특별시 동작구 신대방동,서울특별시 동작구 보라매로 104 (신대방동),근린생활1,제1종근린생활시설,102115850,지번
1159010800103910015,서울특별시 동작구 대방동,서울특별시 동작구 대방동길 15 (대방동),근린생활1,제1종근린생활시설,1021112140,지번
1159010100103060005,서울특별시 동작구 노량진동,서울특별시 동작구 장승배기로19길 12 (노량진동),근린생활1,제1종근린생활시설,1021110765,지번
1159010500101020131,서울특별시 동작구 흑석동,서울특별시 동작구 서달로13길 2 (흑석동),근린생활2,제2종근린생활시설,1021111348,지번
1159010700111310012,서울특별시 동작구 사당동,서울특별시 동작구 사당로13길 50 (사당동),근린생활1,제1종근린생활시설,1021129183,지번
1159010700101280007,서울특별시 동작구 사당동,서울특별시 동작구 동작대로29길 42 (사당동),근린생활1,제1종근린생활시설,1021130678,지번
1159010100102630006,서울특별시 동작구 노량진동,서울특별시 동작구 등용로14길 82 (노량진동),근린생활1,제1종근린생활시설,1021128385,지번
1159010700103130002,서울특별시 동작구 사당동,서울특별시 동작구 사당로16길 39 (사당동),근린생활1,제1종근린생활시설,1021128498,지번
1159010800103960024,서울특별시 동작구 대방동,서울특별시 동작구 대방동1길 31 (대방동),근린생활2,제2종근린생활시설,10211100187110,지번
1159010100101230011,서울특별시 동작구 노량진동,서울특별시 동작구 만양로 86 (노량진동),근린생활1,제1종근린생활시설,102117259,지번
1159010900105880006,서울특별시 동작구 신대방동,서울특별시 동작구 신대방길 116 (신대방동),근린생활1,제1종근린생활시설,1021125318,지번
1159010100102150150,서울특별시 동작구 노량진동,서울특별시 동작구 만양로6길 26 (노량진동),근린생활2,제2종근린생활시설,1021122091,지번
1159010200104920023,서울특별시 동작구 상도동,서울특별시 동작구 상도로62길 21 (상도동),근린생활1,제1종근린생활시설,1021127646,지번
1159010900104920201,서울특별시 동작구 신대방동,서울특별시 동작구 여의대방로 56-7 (신대방동),근린생활1,제1종근린생활시설,1021114561,지번
1159010100102650003,서울특별시 동작구 노량진동,서울특별시 동작구 노량진로6길 6-5 (노량진동),근린생활2,제2종근린생활시설,1021111150,지번
1159010200102110481,서울특별시 동작구 상도동,서울특별시 동작구 양녕로22바길 42 (상도동),근린생활2,공동주택,10211100249453,지번
1159010700110010024,서울특별시 동작구 사당동,서울특별시 동작구 사당로 264 (사당동),근린생활2,제2종근린생활시설,1021126841,지번
1159010100102190020,서울특별시 동작구 노량진동,서울특별시 동작구 만양로 53-1 (노량진동),근린생활2,제2종근린생활시설,1021120100,지번
1159010900106010018,서울특별시 동작구 신대방동,서울특별시 동작구 신대방14길 6 (신대방동),근린생활1,제1종근린생활시설,1021119789,지번
1159010700102490070,서울특별시 동작구 사당동,서울특별시 동작구 사당로12길 24 (사당동),근린생활1,제1종근린생활시설,1021131064,지번
1159010200102980001,서울특별시 동작구 상도동,서울특별시 동작구 국사봉7길 20 (상도동),근린생활1,제1종근린생활시설,1021117332,지번
1159010200102170016,서울특별시 동작구 상도동,서울특별시 동작구 양녕로23길 2 (상도동),근린생활2,제2종근린생활시설,1021119755,지번
1159010100102310119,서울특별시 동작구 노량진동,서울특별시 동작구 장승배기로 133 (노량진동),근린생활1,제1종근린생활시설,102117484,지번
1159010700101270041,서울특별시 동작구 사당동,서울특별시 동작구 동작대로29길 63-3 (사당동),근린생활2,제2종근린생활시설,102118390,지번
1159010100102150121,서울특별시 동작구 노량진동,서울특별시 동작구 만양로 48 (노량진동),근린생활2,제2종근린생활시설,1021119650,지번
1159010100102770002,서울특별시 동작구 노량진동,서울특별시 동작구 노량진로8가길 17 (노량진동),근린생활2,제2종근린생활시설,1021112990,지번
1159010100100890009,서울특별시 동작구 노량진동,서울특별시 동작구 노량진로16길 22 (노량진동),근린생활1,제1종근린생활시설,1021129603,지번
1159010400102010001,서울특별시 동작구 본동,서울특별시 동작구 노량진로18길 28-1 (본동),근린생활1,제1종근린생활시설,102112301,지번
1159010700110310004,서울특별시 동작구 사당동,서울특별시 동작구 사당로30길 123-1 (사당동),근린생활2,제2종근린생활시설,1021123463,지번
1159010200102850010,서울특별시 동작구 상도동,서울특별시 동작구 국사봉길 165 (상도동),근린생활1,제1종근린생활시설,1021130500,지번
1159010500200700003,서울특별시 동작구 흑석동,서울특별시 동작구 서달로2길 30 (흑석동),근린생활2,제2종근린생활시설,10211100193372,지번
1159010500200700003,서울특별시 동작구 흑석동,서울특별시 동작구 서달로2길 30 (흑석동),근린생활2,단독주택,1021122571,지번
1159010200105020001,서울특별시 동작구 상도동,서울특별시 동작구 상도로67길 31 (상도동),근린생활2,제2종근린생활시설,102116087,지번
1159010500100520001,서울특별시 동작구 흑석동,서울특별시 동작구 서달로14가길 1 (흑석동),근린생활2,제2종근린생활시설,1021127272,지번
1159010700102480005,서울특별시 동작구 사당동,서울특별시 동작구 사당로 196 (사당동),근린생활1,제1종근린생활시설,102117625,지번
1159010100100390001,서울특별시 동작구 노량진동,서울특별시 동작구 노량진로12길 12 (노량진동),근린생활1,제1종근린생활시설,1021130378,지번
1159010700110330020,서울특별시 동작구 사당동,서울특별시 동작구 남부순환로271길 58 (사당동),근린생활1,제1종근린생활시설,1021116262,지번
1159010100101190157,서울특별시 동작구 노량진동,서울특별시 동작구 만양로 94 (노량진동),근린생활2,제2종근린생활시설,1021120332,지번
1159010700100430018,서울특별시 동작구 사당동,서울특별시 동작구 동작대로35길 80 (사당동),근린생활1,공동주택,10211100255393,지번
1159010700103090021,서울특별시 동작구 사당동,서울특별시 동작구 사당로16길 65 (사당동),근린생활1,제2종근린생활시설,1021114757,지번
1159010200104950004,서울특별시 동작구 상도동,서울특별시 동작구 상도로62길 1 (상도동),근린생활1,제1종근린생활시설,1021115815,지번
1159010200101550007,서울특별시 동작구 상도동,서울특별시 동작구 상도로34길 27 (상도동),근린생활1,제1종근린생활시설,1021126044,지번
1159010700110060005,서울특별시 동작구 사당동,서울특별시 동작구 동작대로23길 29 (사당동),근린생활2,제2종근린생활시설,1021120388,지번
1159010700100700003,서울특별시 동작구 사당동,서울특별시 동작구 동작대로35길 33 (사당동),근린생활1,제1종근린생활시설,1021120900,지번
1159010700102540005,서울특별시 동작구 사당동,서울특별시 동작구 사당로 218-1 (사당동),근린생활2,제2종근린생활시설,1021111954,지번
1159010200104970006,서울특별시 동작구 상도동,서울특별시 동작구 상도로 392-13 (상도동),근린생활2,제2종근린생활시설,1021125772,지번
1159010500101810016,서울특별시 동작구 흑석동,서울특별시 동작구 흑석로 109-1 (흑석동),근린생활1,제1종근린생활시설,1021130976,지번
1159010100100900001,서울특별시 동작구 노량진동,서울특별시 동작구 노량진로16길 25 (노량진동),근린생활1,제1종근린생활시설,1021129971,지번
1159010400100490002,서울특별시 동작구 본동,서울특별시 동작구 노량진로26길 33 (본동),근린생활1,제1종근린생활시설,1021117839,지번
1159010200102100023,서울특별시 동작구 상도동,서울특별시 동작구 양녕로 182 (상도동),근린생활1,제1종근린생활시설,102119504,지번
1159010200102980012,서울특별시 동작구 상도동,서울특별시 동작구 국사봉7길 4 (상도동),근린생활1,제1종근린생활시설,1021120493,지번
1159010900106440008,서울특별시 동작구 신대방동,서울특별시 동작구 신대방2길 8 (신대방동),근린생활2,제2종근린생활시설,1021120296,지번
1159010700110170010,서울특별시 동작구 사당동,서울특별시 동작구 동작대로13길 29 (사당동),근린생활2,제2종근린생활시설,10211100183433,지번
1159010200103230029,서울특별시 동작구 상도동,서울특별시 동작구 국사봉1길 42 (상도동),근린생활1,제1종근린생활시설,1021117997,지번
1159010300104780008,서울특별시 동작구 상도1동,서울특별시 동작구 상도로41라길 14 (상도1동),근린생활2,제2종근린생활시설,10211100187470,지번
1159010100102610004,서울특별시 동작구 노량진동,서울특별시 동작구 노량진로8길 20 (노량진동),근린생활1,제1종근린생활시설,1021124880,지번
1159010100102350005,서울특별시 동작구 노량진동,서울특별시 동작구 장승배기로 143 (노량진동),근린생활1,단독주택,102111174,지번
1159010100102350005,서울특별시 동작구 노량진동,서울특별시 동작구 장승배기로 143 (노량진동),근린생활1,제1종근린생활시설,102111175,지번
1159010700110420008,서울특별시 동작구 사당동,서울특별시 동작구 동작대로1길 8 (사당동),근린생활2,제2종근린생활시설,1021130729,지번
1159010300103120000,서울특별시 동작구 상도1동,서울특별시 동작구 상도로47길 30 (상도1동),근린생활2,제2종근린생활시설,102117594,지번
1159010700102630017,서울특별시 동작구 사당동,서울특별시 동작구 사당로17길 83 (사당동),근린생활1,제1종근린생활시설,1021115811,지번
1159010100101190074,서울특별시 동작구 노량진동,서울특별시 동작구 만양로 89-1 (노량진동),근린생활1,제1종근린생활시설,1021129771,지번
1159010300103940000,서울특별시 동작구 상도1동,서울특별시 동작구 상도로 301 (상도1동),근린생활2,제2종근린생활시설,1021115823,지번
1159010200102140338,서울특별시 동작구 상도동,서울특별시 동작구 양녕로20길 43 (상도동),근린생활2,제2종근린생활시설,102117955,지번
1159010900103460025,서울특별시 동작구 신대방동,서울특별시 동작구 여의대방로24차길 48 (신대방동),근린생활1,제1종근린생활시설,1021112443,지번
1159010700101440014,서울특별시 동작구 사당동,서울특별시 동작구 동작대로25길 39 (사당동),근린생활2,제2종근린생활시설,102115726,지번
1159010100102530018,서울특별시 동작구 노량진동,서울특별시 동작구 노량진로10길 45 (노량진동),근린생활1,제1종근린생활시설,1021124345,지번
1159010800103910033,서울특별시 동작구 대방동,서울특별시 동작구 대방동길 33 (대방동),근린생활2,공동주택,1000000000000000447901,지번
1159010900105920001,서울특별시 동작구 신대방동,서울특별시 동작구 신대방16길 31 (신대방동),근린생활1,제1종근린생활시설,1021117950,지번
1159010700101470050,서울특별시 동작구 사당동,서울특별시 동작구 사당로 304 (사당동),근린생활2,제2종근린생활시설,102115793,지번
1159010300106460001,서울특별시 동작구 상도1동,서울특별시 동작구 흑석로 10 (상도1동),근린생활1,제1종근린생활시설,1021130212,지번
1159010100102300021,서울특별시 동작구 노량진동,서울특별시 동작구 장승배기로 112 (노량진동),근린생활1,제1종근린생활시설,1021112809,지번
1159010200102980031,서울특별시 동작구 상도동,서울특별시 동작구 국사봉길 77 (상도동),근린생활1,제1종근린생활시설,1021120532,지번
1159010700110470025,서울특별시 동작구 사당동,서울특별시 동작구 남부순환로 2041 (사당동),근린생활1,제1종근린생활시설,1021127660,지번
1159010200105040000,서울특별시 동작구 상도동,서울특별시 동작구 상도로61가길 2 (상도동),근린생활2,제2종근린생활시설,1021121363,지번
1159010700110460036,서울특별시 동작구 사당동,서울특별시 동작구 동작대로7길 94 (사당동),근린생활2,제2종근린생활시설,1021117717,지번
1159010700102680019,서울특별시 동작구 사당동,서울특별시 동작구 사당로14길 7 (사당동),근린생활1,제1종근린생활시설,1021118404,지번
1159010100100850006,서울특별시 동작구 노량진동,서울특별시 동작구 노량진로14가길 14 (노량진동),근린생활1,제1종근린생활시설,1021121405,지번
1159010100102180018,서울특별시 동작구 노량진동,서울특별시 동작구 만양로13길 43 (노량진동),근린생활1,제1종근린생활시설,1021128876,지번
1159010100102250005,서울특별시 동작구 노량진동,서울특별시 동작구 장승배기로20길 32 (노량진동),근린생활1,제1종근린생활시설,1021113023,지번
1159010100101200000,서울특별시 동작구 노량진동,서울특별시 동작구 만양로 85-1 (노량진동),근린생활1,제1종근린생활시설,102112838,지번
1159010300107880000,서울특별시 동작구 상도1동,서울특별시 동작구 상도로37길 18 (상도1동),근린생활2,제2종근린생활시설,102115629,지번
1159010100102350004,서울특별시 동작구 노량진동,서울특별시 동작구 장승배기로 143-1 (노량진동),근린생활1,제1종근린생활시설,1021110934,지번
1159010100101250003,서울특별시 동작구 노량진동,서울특별시 동작구 만양로14나길 10 (노량진동),근린생활2,제2종근린생활시설,1021119410,지번
1159010200104760004,서울특별시 동작구 상도동,서울특별시 동작구 상도로 346 (상도동),근린생활2,제2종근린생활시설,10211100184240,지번
1159010800104070047,서울특별시 동작구 대방동,서울특별시 동작구 여의대방로24길 29 (대방동),근린생활1,제1종근린생활시설,1021126082,지번
1159010400100480046,서울특별시 동작구 본동,서울특별시 동작구 노량진로26길 13 (본동),근린생활1,제1종근린생활시설,102115992,지번
1159010200103150017,서울특별시 동작구 상도동,서울특별시 동작구 성대로 16 (상도동),근린생활1,제1종근린생활시설,102111576,지번
1159010200103150017,서울특별시 동작구 상도동,서울특별시 동작구 성대로 16 (상도동),근린생활1,단독주택,102111577,지번
1159010800104030016,서울특별시 동작구 대방동,서울특별시 동작구 상도로 36 (대방동),근린생활1,공동주택,1000000000000002711817,지번
1159010700110050035,서울특별시 동작구 사당동,서울특별시 동작구 동작대로17길 16-1 (사당동),근린생활1,제1종근린생활시설,1021119283,지번
1159010900103600002,서울특별시 동작구 신대방동,서울특별시 동작구 여의대방로22자길 9 (신대방동),근린생활2,제2종근린생활시설,1021112927,지번
1159010800104070031,서울특별시 동작구 대방동,서울특별시 동작구 여의대방로24길 133 (대방동),근린생활2,제2종근린생활시설,1021125108,지번
1159010700102520003,서울특별시 동작구 사당동,서울특별시 동작구 사당로13길 15 (사당동),근린생활2,제2종근린생활시설,1021114643,지번
1159010700110450012,서울특별시 동작구 사당동,서울특별시 동작구 남부순환로269길 7-1 (사당동),근린생활2,단독주택,10211100191692,지번
1159010500100970002,서울특별시 동작구 흑석동,서울특별시 동작구 서달로 158 (흑석동),근린생활1,공동주택,1021121443,지번
1159010500100970002,서울특별시 동작구 흑석동,서울특별시 동작구 서달로 158 (흑석동),근린생활1,제1종근린생활시설,102114999,지번
1159010500100970002,서울특별시 동작구 흑석동,서울특별시 동작구 서달로 158 (흑석동),근린생활1,단독주택,102115000,지번
1159010700110300012,서울특별시 동작구 사당동,서울특별시 동작구 동작대로7길 6 (사당동),근린생활1,제1종근린생활시설,1021111159,지번
1159010700102240084,서울특별시 동작구 사당동,서울특별시 동작구 사당로 184 (사당동),근린생활2,제2종근린생활시설,1021122788,지번
1159010700101550005,서울특별시 동작구 사당동,서울특별시 동작구 사당로23길 6 (사당동),근린생활2,제2종근린생활시설,1021111155,지번
1159010500100570002,서울특별시 동작구 흑석동,,근린생활1,단독주택,1021113834,본번
1159010100101190158,서울특별시 동작구 노량진동,서울특별시 동작구 만양로 92 (노량진동),근린생활1,제1종근린생활시설,1021129330,지번
1159010100101260020,서울특별시 동작구 노량진동,서울특별시 동작구 만양로14나길 5 (노량진동),근린생활2,제2종근린생활시설,1021121069,지번
1159010700102670021,서울특별시 동작구 사당동,서울특별시 동작구 사당로16가길 23 (사당동),근린생활2,단독주택,1000000000000005854507,지번
1159010200103610021,서울특별시 동작구 상도동,서울특별시 동작구 상도로15길 61 (상도동),근린생활1,제1종근린생활시설,1021124245,지번
1159010200100160015,서울특별시 동작구 상도동,서울특별시 동작구 매봉로 31-7 (상도동),근린생활2,제2종근린생활시설,1021118708,지번
1159010500102230046,서울특별시 동작구 흑석동,서울특별시 동작구 흑석로8길 4 (흑석동),근린생활1,제1종근린생활시설,1021118790,지번
1159010900103600224,서울특별시 동작구 신대방동,서울특별시 동작구 여의대방로22사길 4 (신대방동),근린생활1,공동주택,10211100255539,지번
1159010200103590003,서울특별시 동작구 상도동,서울특별시 동작구 상도로15길 104 (상도동),근린생활2,제2종근린생활시설,102115700,지번
1159010700101050012,서울특별시 동작구 사당동,서울특별시 동작구 동작대로29길 52 (사당동),근린생활1,제1종근린생활시설,1021116471,지번
1159010200100290081,서울특별시 동작구 상도동,서울특별시 동작구 상도로34길 15 (상도동),근린생활1,제1종근린생활시설,1021127749,지번
1159010700103210008,서울특별시 동작구 사당동,서울특별시 동작구 사당로 256 (사당동),근린생활1,제1종근린생활시설,1021111747,지번
1159010800104070038,서울특별시 동작구 대방동,서울특별시 동작구 여의대방로24길 137 (대방동),근린생활1,제1종근린생활시설,1021123832,지번
1159010800104070012,서울특별시 동작구 대방동,서울특별시 동작구 여의대방로24길 35 (대방동),근린생활1,제1종근린생활시설,1021112547,지번
1159010100102240015,서울특별시 동작구 노량진동,서울특별시 동작구 만양로 75-1 (노량진동),근린생활2,제2종근린생활시설,1021129823,지번
1159010700101390050,서울특별시 동작구 사당동,서울특별시 동작구 동작대로27길 23 (사당동),근린생활2,제2종근린생활시설,1021121081,지번
1159010500100520026,서울특별시 동작구 흑석동,서울특별시 동작구 서달로14길 8 (흑석동),근린생활1,제1종근린생활시설,1021123743,지번
1159010800103930064,서울특별시 동작구 대방동,서울특별시 동작구 대방동길 4 (대방동),근린생활2,제2종근린생활시설,1021126503,지번
1159010700110430008,서울특별시 동작구 사당동,서울특별시 동작구 동작대로1길 9 (사당동),근린생활1,제1종근린생활시설,102119071,지번
1159010200100280000,서울특별시 동작구 상도동,서울특별시 동작구 상도로34가길 13 (상도동),근린생활2,제2종근린생활시설,10211100190271,지번
1159010500101900040,서울특별시 동작구 흑석동,서울특별시 동작구 흑석로13가길 44 (흑석동),근린생활1,제1종근린생활시설,1021117400,지번
1159010900103610049,서울특별시 동작구 신대방동,서울특별시 동작구 여의대방로24길 58 (신대방동),근린생활1,공동주택,1000000000000004677794,지번
1159010700101440001,서울특별시 동작구 사당동,서울특별시 동작구 동작대로25길 33 (사당동),근린생활2,제2종근린생활시설,1021112753,지번
1159010700110370004,서울특별시 동작구 사당동,서울특별시 동작구 사당로26길 124 (사당동),근린생활1,제1종근린생활시설,1021117140,지번
1159010200103640023,서울특별시 동작구 상도동,서울특별시 동작구 상도로 168 (상도동),근린생활2,제2종근린생활시설,102119150,지번
1159010400103860001,서울특별시 동작구 본동,서울특별시 동작구 노량진로18길 13 (본동),근린생활1,제1종근린생활시설,1021122240,지번
1159010700110290035,서울특별시 동작구 사당동,서울특별시 동작구 동작대로9길 19 (사당동),근린생활1,제1종근린생활시설,1021115771,지번
1159010200102560103,서울특별시 동작구 상도동,서울특별시 동작구 국사봉1길 109 (상도동),근린생활1,제1종근린생활시설,102118979,지번
1159010100103060010,서울특별시 동작구 노량진동,서울특별시 동작구 장승배기로19길 16 (노량진동),근린생활1,제1종근린생활시설,102113096,지번
1159010700103210031,서울특별시 동작구 사당동,서울특별시 동작구 사당로22가길 16 (사당동),근린생활1,제1종근린생활시설,1021128936,지번
1159010500102230041,서울특별시 동작구 흑석동,서울특별시 동작구 흑석로8길 3 (흑석동),근린생활1,제1종근린생활시설,1021118151,지번
1159010700107080446,서울특별시 동작구 사당동,서울특별시 동작구 동작대로25길 46 (사당동),근린생활1,제1종근린생활시설,1021111486,지번
1159010700110240026,서울특별시 동작구 사당동,서울특별시 동작구 동작대로9다길 2 (사당동),근린생활1,제1종근린생활시설,1021116340,지번
1159010500101800001,서울특별시 동작구 흑석동,서울특별시 동작구 서달로15길 22 (흑석동),근린생활1,제1종근린생활시설,1021114169,지번
1159010700110190055,서울특별시 동작구 사당동,서울특별시 동작구 동작대로 45 (사당동),근린생활1,제1종근린생활시설,1021110694,지번
1159010100101480058,서울특별시 동작구 노량진동,서울특별시 동작구 만양로18길 19-15 (노량진동),근린생활1,제1종근린생활시설,1021126713,지번
1159010600101020031,서울특별시 동작구 동작동,서울특별시 동작구 동작대로43길 1 (동작동),근린생활2,제2종근린생활시설,1021115812,지번
1159010500100760138,서울특별시 동작구 흑석동,서울특별시 동작구 서달로6길 75 (흑석동),근린생활2,제2종근린생활시설,1021125007,지번
1159010300105760000,서울특별시 동작구 상도1동,서울특별시 동작구 강남초등8길 2 (상도1동),근린생활1,제1종근린생활시설,1021121179,지번
1159010200101940004,서울특별시 동작구 상도동,서울특별시 동작구 상도로22길 30 (상도동),근린생활1,제1종근린생활시설,1021124156,지번
1159010800103830013,서울특별시 동작구 대방동,서울특별시 동작구 여의대방로36길 21-16 (대방동),근린생활2,제2종근린생활시설,1021129915,지번
1159010700101410046,서울특별시 동작구 사당동,서울특별시 동작구 사당로29가길 26 (사당동),근린생활1,제1종근린생활시설,1021122904,지번
1159010900103610042,서울특별시 동작구 신대방동,서울특별시 동작구 여의대방로24길 50 (신대방동),근린생활1,제1종근린생활시설,1021116963,지번
1159010100100270013,서울특별시 동작구 노량진동,서울특별시 동작구 노량진로8길 8 (노량진동),근린생활1,제1종근린생활시설,1021121767,지번
1159010100103090018,서울특별시 동작구 노량진동,서울특별시 동작구 장승배기로 118-1 (노량진동),근린생활1,제1종근린생활시설,1021114237,지번
1159010700110040004,서울특별시 동작구 사당동,서울특별시 동작구 동작대로17길 30 (사당동),근린생활1,제1종근린생활시설,1021110516,지번
1159010800103950005,서울특별시 동작구 대방동,서울특별시 동작구 상도로 43-2 (대방동),근린생활2,제2종근린생활시설,102118554,지번
1159010300105790000,서울특별시 동작구 상도1동,서울특별시 동작구 흑석로 11 (상도1동),근린생활1,제1종근린생활시설,1021115670,지번
1159010200103510009,서울특별시 동작구 상도동,서울특별시 동작구 상도로15길 27 (상도동),근린생활1,제1종근린생활시설,102116595,지번
1159010100103110033,서울특별시 동작구 노량진동,서울특별시 동작구 장승배기로16길 9 (노량진동),근린생활2,제2종근린생활시설,1021131020,지번
1159010100101410000,서울특별시 동작구 노량진동,서울특별시 동작구 노량진로 200 (노량진동),근린생활2,제2종근린생활시설,1021118325,지번
1159010400100680006,서울특별시 동작구 본동,,근린생활1,제1종근린생활시설,102111974,지번
1159010400100680006,서울특별시 동작구 본동,,근린생활1,제1종근린생활시설,102111975,지번
1159010800104100036,서울특별시 동작구 대방동,서울특별시 동작구 여의대방로26길 82 (대방동),근린생활2,제2종근린생활시설,1021111442,지번
1159010800103390008,서울특별시 동작구 대방동,서울특별시 동작구 여의대방로54길 29 (대방동),근린생활1,단독주택,10211100247673,지번
1159010100102050012,서울특별시 동작구 노량진동,서울특별시 동작구 만양로12가길 56 (노량진동),근린생활2,제2종근린생활시설,1021111893,지번
1159010500100540152,서울특별시 동작구 흑석동,서울특별시 동작구 서달로12길 24 (흑석동),근린생활1,제1종근린생활시설,1021115633,지번
1159010200104770002,서울특별시 동작구 상도동,서울특별시 동작구 상도로 337 (상도동),근린생활2,제2종근린생활시설,1021110175,지번
1159010500101840008,서울특별시 동작구 흑석동,서울특별시 동작구 흑석로 101-10 (흑석동),근린생활2,제2종근린생활시설,1021128392,지번
1159010500101810015,서울특별시 동작구 흑석동,서울특별시 동작구 흑석로 111-5 (흑석동),근린생활1,제1종근린생활시설,1021122823,지번
1159010200101940014,서울특별시 동작구 상도동,서울특별시 동작구 상도로22길 44 (상도동),근린생활1,제1종근린생활시설,1021129163,지번
1159010700102670060,서울특별시 동작구 사당동,서울특별시 동작구 사당로16길 24 (사당동),근린생활2,제2종근린생활시설,1021120405,지번
1159010700103130001,서울특별시 동작구 사당동,서울특별시 동작구 사당로16길 45 (사당동),근린생활1,제1종근린생활시설,1021114821,지번
1159010400100470015,서울특별시 동작구 본동,서울특별시 동작구 노량진로28길 17 (본동),근린생활1,제1종근린생활시설,1021125258,지번
1159010700100640250,서울특별시 동작구 사당동,서울특별시 동작구 동작대로33길 40 (사당동),근린생활1,제1종근린생활시설,1021114813,지번
1159010200100560038,서울특별시 동작구 상도동,서울특별시 동작구 상도로47다길 17 (상도동),근린생활2,제2종근린생활시설,10211100193192,지번
1159010800104070015,서울특별시 동작구 대방동,서울특별시 동작구 여의대방로 128 (대방동),근린생활1,제1종근린생활시설,1021122237,지번
1159010500100970011,서울특별시 동작구 흑석동,서울특별시 동작구 서달로12길 18 (흑석동),근린생활1,제1종근린생활시설,102113239,지번
1159010500100970011,서울특별시 동작구 흑석동,서울특별시 동작구 서달로12길 18 (흑석동),근린생활1,제1종근린생활시설,102113240,지번
1159010500101900033,서울특별시 동작구 흑석동,서울특별시 동작구 흑석로 85-5 (흑석동),근린생활1,제1종근린생활시설,1021118915,지번
1159010700110410011,서울특별시 동작구 사당동,서울특별시 동작구 남부순환로271길 14 (사당동),근린생활2,제2종근린생활시설,1021127970,지번
1159010200104620010,서울특별시 동작구 상도동,서울특별시 동작구 상도로50길 10 (상도동),근린생활1,제1종근린생활시설,1021115419,지번
1159010100100670011,서울특별시 동작구 노량진동,서울특별시 동작구 노량진로 147 (노량진동),근린생활2,제2종근린생활시설,1021113481,지번
1159010300105210000,서울특별시 동작구 상도1동,서울특별시 동작구 매봉로 23 (상도1동),근린생활2,제2종근린생활시설,1021119249,지번
1159010200101970001,서울특별시 동작구 상도동,서울특별시 동작구 상도로22길 37 (상도동),근린생활1,제1종근린생활시설,102119266,지번
1159010700101400019,서울특별시 동작구 사당동,서울특별시 동작구 동작대로27다길 16 (사당동),근린생활2,제2종근린생활시설,1021126570,지번
1159010100101230007,서울특별시 동작구 노량진동,서울특별시 동작구 만양로14길 8 (노량진동),근린생활2,제2종근린생활시설,1021118881,지번
1159010800100030001,서울특별시 동작구 대방동,서울특별시 동작구 등용로 42 (대방동),근린생활1,제1종근린생활시설,1021124978,지번
1159010500101770001,서울특별시 동작구 흑석동,서울특별시 동작구 흑석로13길 9 (흑석동),근린생활1,제1종근린생활시설,1021117229,지번
1159010700110080007,서울특별시 동작구 사당동,서울특별시 동작구 동작대로13길 8 (사당동),근린생활1,제1종근린생활시설,102118315,지번
1159010700101280002,서울특별시 동작구 사당동,서울특별시 동작구 동작대로29길 34 (사당동),근린생활1,제1종근린생활시설,102118606,지번
1159010700102360016,서울특별시 동작구 사당동,서울특별시 동작구 솔밭로 59 (사당동),근린생활2,제2종근린생활시설,102118904,지번
1159010700100710035,서울특별시 동작구 사당동,서울특별시 동작구 동작대로35가길 8 (사당동),근린생활1,제1종근린생활시설,102117292,지번
1159010700100790029,서울특별시 동작구 사당동,서울특별시 동작구 동작대로 157-4 (사당동),근린생활1,제1종근린생활시설,1021127444,지번
1159010200103240030,서울특별시 동작구 상도동,서울특별시 동작구 상도로12길 13 (상도동),근린생활2,제2종근린생활시설,1021123247,지번
1159010500100520030,서울특별시 동작구 흑석동,서울특별시 동작구 서달로14가길 5 (흑석동),근린생활2,제2종근린생활시설,1021125431,지번
1159010800103910327,서울특별시 동작구 대방동,서울특별시 동작구 대방동27길 91 (대방동),근린생활2,제2종근린생활시설,102118828,지번
1159010100103020267,서울특별시 동작구 노량진동,서울특별시 동작구 장승배기로19길 32 (노량진동),근린생활1,제1종근린생활시설,1021115155,지번
1159010700110410031,서울특별시 동작구 사당동,서울특별시 동작구 사당로30길 150 (사당동),근린생활2,제2종근린생활시설,1021120029,지번
1159010700101370015,서울특별시 동작구 사당동,서울특별시 동작구 동작대로27가길 20 (사당동),근린생활1,제1종근린생활시설,1021125041,지번
1159010800103750039,서울특별시 동작구 대방동,서울특별시 동작구 여의대방로36길 32 (대방동),근린생활2,제2종근린생활시설,1021111877,지번
1159010900104980049,서울특별시 동작구 신대방동,서울특별시 동작구 여의대방로 82 (신대방동),근린생활2,제2종근린생활시설,1021111783,지번
1159010200104890002,서울특별시 동작구 상도동,서울특별시 동작구 상도로 364 (상도동),근린생활1,제1종근린생활시설,1021123001,지번
1159010700102240013,서울특별시 동작구 사당동,서울특별시 동작구 사당로16가길 96 (사당동),근린생활1,제1종근린생활시설,1021112375,지번
1159010700110260035,서울특별시 동작구 사당동,서울특별시 동작구 동작대로9길 43 (사당동),근린생활1,제1종근린생활시설,1021126042,지번
1159010500102080005,서울특별시 동작구 흑석동,서울특별시 동작구 흑석로6가길 19 (흑석동),근린생활1,제1종근린생활시설,1021129193,지번
1159010700100710033,서울특별시 동작구 사당동,서울특별시 동작구 동작대로35길 19 (사당동),근린생활1,제1종근린생활시설,1021126494,지번
1159010500100970022,서울특별시 동작구 흑석동,서울특별시 동작구 서달로12가길 5 (흑석동),근린생활2,제2종근린생활시설,1021114981,지번
1159010500101950026,서울특별시 동작구 흑석동,서울특별시 동작구 흑석로7길 8 (흑석동),근린생활2,제2종근린생활시설,1021130895,지번
1159010200104940011,서울특별시 동작구 상도동,서울특별시 동작구 상도로 376 (상도동),근린생활2,제2종근린생활시설,1021120806,지번
1159010700110480033,서울특별시 동작구 사당동,서울특별시 동작구 남부순환로261길 4 (사당동),근린생활1,제1종근린생활시설,1021127033,지번
1159010700101410044,서울특별시 동작구 사당동,서울특별시 동작구 사당로29가길 32 (사당동),근린생활1,제1종근린생활시설,1021120049,지번
1159010100102670010,서울특별시 동작구 노량진동,서울특별시 동작구 등용로14길 67 (노량진동),근린생활2,제2종근린생활시설,1021121515,지번
1159010700101280046,서울특별시 동작구 사당동,서울특별시 동작구 동작대로29길 37 (사당동),근린생활1,제1종근린생활시설,1021113582,지번
1159010700101440013,서울특별시 동작구 사당동,서울특별시 동작구 사당로 297-6 (사당동),근린생활2,제2종근린생활시설,1021119311,지번
1159010700101820006,서울특별시 동작구 사당동,서울특별시 동작구 사당로2사길 17 (사당동),근린생활1,제1종근린생활시설,1021112889,지번
1159010700101450026,서울특별시 동작구 사당동,서울특별시 동작구 동작대로25길 11 (사당동),근린생활2,제2종근린생활시설,1021126611,지번
1159010500100060005,서울특별시 동작구 흑석동,서울특별시 동작구 현충로 92 (흑석동),근린생활1,제1종근린생활시설,102119433,지번
1159010200104860000,서울특별시 동작구 상도동,서울특별시 동작구 상도로37길 76 (상도동),근린생활2,제2종근린생활시설,1021122774,지번
1159010700101390040,서울특별시 동작구 사당동,서울특별시 동작구 동작대로27나길 6 (사당동),근린생활2,제2종근린생활시설,102117118,지번
1159010200104920014,서울특별시 동작구 상도동,서울특별시 동작구 상도로62길 35 (상도동),근린생활1,제1종근린생활시설,1021113288,지번
1159010700102060010,서울특별시 동작구 사당동,서울특별시 동작구 사당로4길 10 (사당동),근린생활1,제1종근린생활시설,1021114634,지번
1159010100100670016,서울특별시 동작구 노량진동,서울특별시 동작구 노량진로 143 (노량진동),근린생활2,제2종근린생활시설,1021111457,지번
1159010300106330002,서울특별시 동작구 상도1동,서울특별시 동작구 양녕로 280-5 (상도1동),근린생활2,제2종근린생활시설,1021130613,지번
1159010100103070159,서울특별시 동작구 노량진동,서울특별시 동작구 장승배기로 123-1 (노량진동),근린생활1,제1종근린생활시설,1021114428,지번
1159010800103940001,서울특별시 동작구 대방동,서울특별시 동작구 대방동길 3 (대방동),근린생활2,제2종근린생활시설,1021117098,지번
1159010200103250008,서울특별시 동작구 상도동,서울특별시 동작구 상도로 92 (상도동),근린생활2,제1종근린생활시설,1000000000000004166267,지번
1159010200103250008,서울특별시 동작구 상도동,서울특별시 동작구 상도로 92 (상도동),근린생활2,제1종근린생활시설,1000000000000004166268,지번
1159010400100480012,서울특별시 동작구 본동,서울특별시 동작구 노량진로 254 (본동),근린생활2,제2종근린생활시설,1021123040,지번
1159010700100840007,서울특별시 동작구 사당동,서울특별시 동작구 동작대로 151-8 (사당동),근린생활1,제1종근린생활시설,1021110575,지번
1159010200103210036,서울특별시 동작구 상도동,서울특별시 동작구 국사봉길 25 (상도동),근린생활,근린생활시설,1021110956,지번
1159010100100840007,서울특별시 동작구 노량진동,서울특별시 동작구 장승배기로26길 47 (노량진동),근린생활2,제2종근린생활시설,1021127371,지번
1159010500101900057,서울특별시 동작구 흑석동,서울특별시 동작구 흑석로 97-1 (흑석동),근린생활1,제1종근린생활시설,1021129523,지번
1159010700102240049,서울특별시 동작구 사당동,서울특별시 동작구 사당로16가길 97 (사당동),근린생활1,제1종근린생활시설,1021130590,지번
1159010700101300025,서울특별시 동작구 사당동,서울특별시 동작구 동작대로27길 32 (사당동),근린생활1,제1종근린생활시설,1021126637,지번
1159010200103240034,서울특별시 동작구 상도동,서울특별시 동작구 국사봉1길 37 (상도동),근린생활1,제1종근린생활시설,1021120520,지번
1159010700110080008,서울특별시 동작구 사당동,서울특별시 동작구 동작대로13길 6 (사당동),근린생활1,제1종근린생활시설,1021118646,지번
1159010300107590000,서울특별시 동작구 상도1동,서울특별시 동작구 양녕로 262 (상도1동),근린생활1,제1종근린생활시설,1021129428,지번
1159010100101520003,서울특별시 동작구 노량진동,서울특별시 동작구 노량진로 191 (노량진동),근린생활2,,10211100193592,지번
1159010100101520003,서울특별시 동작구 노량진동,서울특별시 동작구 노량진로 191 (노량진동),근린생활2,제2종근린생활시설,102117128,지번
1159010300107660000,서울특별시 동작구 상도1동,서울특별시 동작구 상도로37길 10 (상도1동),근린생활1,제1종근린생활시설,1021123079,지번
1159010100100280010,서울특별시 동작구 노량진동,서울특별시 동작구 노량진로6길 6-6 (노량진동),근린생활1,제1종근린생활시설,1021130050,지번
1159010300105720000,서울특별시 동작구 상도1동,서울특별시 동작구 강남초등8길 20 (상도1동),근린생활2,제2종근린생활시설,1021125656,지번
1159010700110450011,서울특별시 동작구 사당동,서울특별시 동작구 남부순환로269길 3 (사당동),근린생활2,제2종근린생활시설,10211100190620,지번
1159010800104160029,서울특별시 동작구 대방동,서울특별시 동작구 여의대방로24다길 11 (대방동),근린생활2,제2종근린생활시설,10211100189971,지번
1159010700102180000,서울특별시 동작구 사당동,서울특별시 동작구 사당로 169 (사당동),근린생활2,제2종근린생활시설,1021126980,지번
1159010500100760073,서울특별시 동작구 흑석동,서울특별시 동작구 서달로6길 75 (흑석동),근린생활1,제1종근린생활시설,102116596,지번
1159010100100400052,서울특별시 동작구 노량진동,서울특별시 동작구 노량진로12길 4-5 (노량진동),근린생활1,제1종근린생활시설,1021129614,지번
1159010200103600006,서울특별시 동작구 상도동,서울특별시 동작구 상도로15길 103 (상도동),근린생활1,제1종근린생활시설,1021124572,지번
1159010200200490036,서울특별시 동작구 상도동,,근린생활2,제2종근린생활시설,102111605,지번
1159010200200490036,서울특별시 동작구 상도동,,근린생활2,제2종근린생활시설,102111606,지번
1159010500102230033,서울특별시 동작구 흑석동,서울특별시 동작구 흑석로8길 5 (흑석동),근린생활1,제1종근린생활시설,102118691,지번
1159010200103650005,서울특별시 동작구 상도동,,근린생활1,제1종근린생활시설,1021113669,지번
1159010700101390036,서울특별시 동작구 사당동,,근린생활1,단독주택,102113931,지번
1159010700101390036,서울특별시 동작구 사당동,,근린생활1,제1종근린생활시설,102113932,지번
1159010200103550006,서울특별시 동작구 상도동,서울특별시 동작구 상도로 130 (상도동),근린생활2,제2종근린생활시설,102117293,지번
1159010700102490056,서울특별시 동작구 사당동,서울특별시 동작구 사당로16가길 71 (사당동),근린생활1,제1종근린생활시설,102117417,지번
1159010700102130025,서울특별시 동작구 사당동,서울특별시 동작구 사당로 172 (사당동),근린생활1,제1종근린생활시설,102119311,지번
1159010100101190075,서울특별시 동작구 노량진동,서울특별시 동작구 만양로 89 (노량진동),근린생활2,제2종근린생활시설,102119223,지번
1159010200104710016,서울특별시 동작구 상도동,서울특별시 동작구 상도로62길 91 (상도동),근린생활2,제2종근린생활시설,10211100181713,지번
1159010300107100001,서울특별시 동작구 상도1동,서울특별시 동작구 양녕로 253 (상도1동),근린생활1,제1종근린생활시설,1021117103,지번
1159010700102680014,서울특별시 동작구 사당동,서울특별시 동작구 사당로16가길 38 (사당동),근린생활1,제1종근린생활시설,1021117818,지번
1159010100101220005,서울특별시 동작구 노량진동,서울특별시 동작구 장승배기로16길 162 (노량진동),근린생활2,제2종근린생활시설,102119651,지번
1159010100102210048,서울특별시 동작구 노량진동,서울특별시 동작구 만양로13길 10 (노량진동),근린생활2,제2종근린생활시설,1021123356,지번
1159010200104370000,서울특별시 동작구 상도동,서울특별시 동작구 상도로53길 9 (상도동),근린생활1,제1종근린생활시설,1021119364,지번
1159010100102570003,서울특별시 동작구 노량진동,서울특별시 동작구 노량진로8길 44 (노량진동),근린생활1,제1종근린생활시설,1021118135,지번
1159010800100150028,서울특별시 동작구 대방동,서울특별시 동작구 여의대방로36길 96 (대방동),근린생활2,제2종근린생활시설,1021115376,지번
1159010500100430108,서울특별시 동작구 흑석동,서울특별시 동작구 현충로 116 (흑석동),근린생활1,제1종근린생활시설,1021131118,지번
1159010900106880000,서울특별시 동작구 신대방동,서울특별시 동작구 신대방11길 25 (신대방동),근린생활1,단독주택,10211100247393,지번
1159010300105140000,서울특별시 동작구 상도1동,서울특별시 동작구 매봉로 37 (상도1동),근린생활1,노유자시설,1000000000000004375153,지번
1159010100101220006,서울특별시 동작구 노량진동,서울특별시 동작구 장승배기로16길 160 (노량진동),근린생활2,제2종근린생활시설,1021122360,지번
1159010200102990094,서울특별시 동작구 상도동,서울특별시 동작구 국사봉10길 12-4 (상도동),근린생활2,제2종근린생활시설,10211100192812,지번
1159010200103210019,서울특별시 동작구 상도동,서울특별시 동작구 국사봉길 43-10 (상도동),근린생활2,제2종근린생활시설,10211100188720,지번
1159010200103210020,서울특별시 동작구 상도동,서울특별시 동작구 국사봉길 43-8 (상도동),근린생활2,제2종근린생활시설,10211100189711,지번
1159010100102310170,서울특별시 동작구 노량진동,서울특별시 동작구 장승배기로 126 (노량진동),근린생활1,제1종근린생활시설,1021126928,지번
1159010700110410024,서울특별시 동작구 사당동,서울특별시 동작구 사당로30길 158 (사당동),근린생활2,제2종근린생활시설,1000000000000000059702,지번
1159010900105860015,서울특별시 동작구 신대방동,서울특별시 동작구 신대방16다길 9 (신대방동),근린생활2,제2종근린생활시설,1021125478,지번
1159010100102150153,서울특별시 동작구 노량진동,서울특별시 동작구 만양로6길 41 (노량진동),근린생활2,제2종근린생활시설,1021128226,지번
1159010700110490019,서울특별시 동작구 사당동,서울특별시 동작구 남부순환로259가길 32 (사당동),근린생활2,제2종근린생활시설,1021115469,지번
1159010900103640090,서울특별시 동작구 신대방동,서울특별시 동작구 여의대방로22길 38 (신대방동),근린생활1,제1종근린생활시설,1021113718,지번
1159010700101470002,서울특별시 동작구 사당동,서울특별시 동작구 동작대로 107 (사당동),근린생활1,제1종근린생활시설,102117917,지번
1159010900103510010,서울특별시 동작구 신대방동,서울특별시 동작구 여의대방로22길 144 (신대방동),근린생활1,제1종근린생활시설,1021114940,지번
1159010700101390008,서울특별시 동작구 사당동,서울특별시 동작구 동작대로29길 29 (사당동),근린생활1,제1종근린생활시설,1021122459,지번
1159010700101280024,서울특별시 동작구 사당동,서울특별시 동작구 동작대로27길 50 (사당동),근린생활1,제1종근린생활시설,10211100194854,지번
1159010100100400030,서울특별시 동작구 노량진동,서울특별시 동작구 노량진로12길 4-1 (노량진동),근린생활2,제2종근린생활시설,1021127320,지번
1159010200104890003,서울특별시 동작구 상도동,서울특별시 동작구 상도로62길 44 (상도동),근린생활1,제1종근린생활시설,1021114507,지번
1159010200102110077,서울특별시 동작구 상도동,서울특별시 동작구 양녕로22바길 64 (상도동),근린생활2,제2종근린생활시설,102118437,지번
1159010100102210101,서울특별시 동작구 노량진동,서울특별시 동작구 만양로13길 14 (노량진동),근린생활1,제1종근린생활시설,1021125404,지번
1159010100101230038,서울특별시 동작구 노량진동,서울특별시 동작구 만양로14다길 21 (노량진동),근린생활2,제2종근린생활시설,10211100196012,지번
1159010700107080333,서울특별시 동작구 사당동,서울특별시 동작구 동작대로23길 8 (사당동),근린생활2,제2종근린생활시설,1021124385,지번
1159010200101820019,서울특별시 동작구 상도동,서울특별시 동작구 장승배기로10가길 28 (상도동),근린생활1,제1종근린생활시설,1021127350,지번
1159010200100290005,서울특별시 동작구 상도동,서울특별시 동작구 상도로 228 (상도동),근린생활1,제1종근린생활시설,1021121271,지번
1159010500101890007,서울특별시 동작구 흑석동,서울특별시 동작구 흑석로13가길 33 (흑석동),근린생활2,제2종근린생활시설,1021129622,지번
1159010700100850001,서울특별시 동작구 사당동,서울특별시 동작구 동작대로33길 3 (사당동),근린생활1,단독주택,10211100187450,본번
1159010300103540001,서울특별시 동작구 상도1동,서울특별시 동작구 상도로47가길 6 (상도1동),근린생활2,제2종근린생활시설,10211100194073,지번
1159010200100230011,서울특별시 동작구 상도동,,근린생활2,제1종근린생활시설,1021120500,본번
1159010200101260012,서울특별시 동작구 상도동,서울특별시 동작구 상도로68길 1-8 (상도동),근린생활2,제2종근린생활시설,10211100192272,지번
1159010900105910077,서울특별시 동작구 신대방동,서울특별시 동작구 신대방길 92 (신대방동),근린생활1,제1종근린생활시설,102116131,지번
1159010700110450014,서울특별시 동작구 사당동,서울특별시 동작구 남부순환로269길 9 (사당동),근린생활2,제2종근린생활시설,1021112631,지번
1159010200102560131,서울특별시 동작구 상도동,서울특별시 동작구 국사봉1길 71 (상도동),근린생활1,제1종근린생활시설,102116016,지번
1159010200104860006,서울특별시 동작구 상도동,서울특별시 동작구 상도로 351 (상도동),근린생활1,제1종근린생활시설,1021113489,지번
1159010900106180015,서울특별시 동작구 신대방동,서울특별시 동작구 신대방2길 3 (신대방동),근린생활2,제2종근린생활시설,1021127757,지번
1159010800104070041,서울특별시 동작구 대방동,서울특별시 동작구 여의대방로24길 105 (대방동),근린생활1,제1종근린생활시설,102117131,지번
1159010200101590301,서울특별시 동작구 상도동,서울특별시 동작구 상도로34길 53 (상도동),근린생활1,제1종근린생활시설,1021118935,지번
1159010100101190162,서울특별시 동작구 노량진동,서울특별시 동작구 만양로 88 (노량진동),근린생활1,제1종근린생활시설,102117430,지번
1159010800103890014,서울특별시 동작구 대방동,서울특별시 동작구 여의대방로 190 (대방동),근린생활1,제1종근린생활시설,1021110369,지번
1159010200102150037,서울특별시 동작구 상도동,서울특별시 동작구 양녕로26길 68 (상도동),근린생활2,제2종근린생활시설,10211100194952,지번
1159010200102470002,서울특별시 동작구 상도동,서울특별시 동작구 성대로11길 69 (상도동),근린생활2,제2종근린생활시설,10211100198332,지번
1159010100100390027,서울특별시 동작구 노량진동,서울특별시 동작구 노량진로8길 43 (노량진동),근린생활2,제2종근린생활시설,1021131444,지번
1159010900103600021,서울특별시 동작구 신대방동,서울특별시 동작구 여의대방로22아길 1 (신대방동),근린생활1,제1종근린생활시설,1021128474,지번
1159010100102710002,서울특별시 동작구 노량진동,서울특별시 동작구 등용로14길 78 (노량진동),근린생활1,제1종근린생활시설,1021119035,지번
1159010200101280003,서울특별시 동작구 상도동,서울특별시 동작구 상도로68길 12 (상도동),근린생활2,제2종근린생활시설,10211100196013,지번
1159010200101830029,서울특별시 동작구 상도동,서울특별시 동작구 상도로26길 22 (상도동),근린생활2,제2종근린생활시설,10211100193852,지번
1159010100102140125,서울특별시 동작구 노량진동,서울특별시 동작구 만양로8길 17 (노량진동),근린생활2,제2종근린생활시설,102119356,지번
1159010200104890007,서울특별시 동작구 상도동,서울특별시 동작구 상도로 368 (상도동),근린생활2,제2종근린생활시설,1021114613,지번
1159010900103600007,서울특별시 동작구 신대방동,서울특별시 동작구 여의대방로22자길 11 (신대방동),근린생활2,제2종근린생활시설,1021126908,지번
1159010700110390023,서울특별시 동작구 사당동,서울특별시 동작구 동작대로1길 42 (사당동),근린생활2,제2종근린생활시설,10211100182713,지번
1159010900103620031,서울특별시 동작구 신대방동,서울특별시 동작구 여의대방로24길 30 (신대방동),근린생활1,제1종근린생활시설,102116061,지번
1159010100102170029,서울특별시 동작구 노량진동,서울특별시 동작구 만양로 47-1 (노량진동),근린생활1,제1종근린생활시설,1021112819,지번
1159010100102310027,서울특별시 동작구 노량진동,서울특별시 동작구 장승배기로 132 (노량진동),근린생활2,제2종근린생활시설,1021115086,지번
1159010700100560026,서울특별시 동작구 사당동,서울특별시 동작구 동작대로35길 108 (사당동),근린생활1,제1종근린생활시설,1021127601,지번
1159010100101170019,서울특별시 동작구 노량진동,서울특별시 동작구 만양로14가길 32 (노량진동),근린생활2,제2종근린생활시설,1021117515,지번
1159010700102740022,서울특별시 동작구 사당동,서울특별시 동작구 사당로16다길 6 (사당동),근린생활2,제2종근린생활시설,1021114134,지번
1159010200104750008,서울특별시 동작구 상도동,서울특별시 동작구 상도로 358 (상도동),근린생활1,제1종근린생활시설,1021127668,지번
1159010700111500000,서울특별시 동작구 사당동,서울특별시 동작구 남부순환로255길 21 (사당동),근린생활1,제1종근린생활시설,102113618,지번
1159010700111500000,서울특별시 동작구 사당동,서울특별시 동작구 남부순환로255길 21 (사당동),근린생활1,공동주택,102113619,지번
1159010700111500000,서울특별시 동작구 사당동,서울특별시 동작구 남부순환로255길 21 (사당동),근린생활1,공동주택,102113620,지번
1159010400104000000,서울특별시 동작구 본동,서울특별시 동작구 노량진로 228 (본동),근린생활1,제1종근린생활시설,102119977,지번
1159010100101420002,서울특별시 동작구 노량진동,서울특별시 동작구 노량진로 198 (노량진동),근린생활1,제1종근린생활시설,1021118011,지번
1159010700110410005,서울특별시 동작구 사당동,서울특별시 동작구 남부순환로271길 24 (사당동),근린생활2,제2종근린생활시설,1021121531,지번
1159010300107860002,서울특별시 동작구 상도1동,서울특별시 동작구 상도로 289 (상도1동),근린생활1,제1종근린생활시설,1021130646,지번
1159010700107080581,서울특별시 동작구 사당동,서울특별시 동작구 사당로17길 61 (사당동),근린생활1,제1종근린생활시설,1021114711,지번
1159010800103970014,서울특별시 동작구 대방동,서울특별시 동작구 대방동27길 114 (대방동),근린생활1,제1종근린생활시설,102119585,지번
1159010700110330036,서울특별시 동작구 사당동,서울특별시 동작구 남부순환로271길 55 (사당동),근린생활2,제2종근린생활시설,1021130272,지번
1159010700102720047,서울특별시 동작구 사당동,서울특별시 동작구 사당로16다길 60 (사당동),근린생활1,제1종근린생활시설,1021118846,지번
1159010700110020016,서울특별시 동작구 사당동,서울특별시 동작구 사당로24길 7 (사당동),근린생활2,제2종근린생활시설,1021122707,지번
1159010300107030002,서울특별시 동작구 상도1동,서울특별시 동작구 상도로36길 5 (상도1동),근린생활2,제2종근린생활시설,1021129483,지번
1159010200103240042,서울특별시 동작구 상도동,서울특별시 동작구 국사봉1길 33 (상도동),근린생활2,제2종근린생활시설,1021114831,지번
1159010700101280013,서울특별시 동작구 사당동,서울특별시 동작구 동작대로29길 40 (사당동),근린생활1,제1종근린생활시설,1021119849,지번
1159010900106070044,서울특별시 동작구 신대방동,서울특별시 동작구 신대방3길 86 (신대방동),근린생활2,제2종근린생활시설,1021114568,지번
1159010200103470003,서울특별시 동작구 상도동,서울특별시 동작구 성대로1길 11 (상도동),근린생활1,제1종근린생활시설,1021116912,지번
1159010700110060010,서울특별시 동작구 사당동,서울특별시 동작구 동작대로23길 17 (사당동),근린생활2,제2종근린생활시설,1021118416,지번
1159010700110010004,서울특별시 동작구 사당동,서울특별시 동작구 사당로22길 5-4 (사당동),근린생활1,제1종근린생활시설,1021121779,지번
1159010700110500021,서울특별시 동작구 사당동,서울특별시 동작구 남부순환로259가길 13 (사당동),근린생활2,제2종근린생활시설,1021119163,지번
1159010200104770000,서울특별시 동작구 상도동,서울특별시 동작구 상도로37길 66 (상도동),근린생활1,제1종근린생활시설,1021117472,지번
1159010800104170011,서울특별시 동작구 대방동,서울특별시 동작구 여의대방로24가길 7 (대방동),근린생활2,제2종근린생활시설,1021122634,지번
1159010200105000016,서울특별시 동작구 상도동,서울특별시 동작구 상도로 383 (상도동),근린생활1,제1종근린생활시설,102118855,지번
1159010700102620016,서울특별시 동작구 사당동,서울특별시 동작구 사당로17길 63 (사당동),근린생활2,제2종근린생활시설,1021127696,지번
1159010700102460008,서울특별시 동작구 사당동,서울특별시 동작구 사당로 194 (사당동),근린생활1,제1종근린생활시설,1021129069,지번
1159010500100430097,서울특별시 동작구 흑석동,서울특별시 동작구 현충로6길 4 (흑석동),근린생활2,제2종근린생활시설,1021129712,지번
1159010200104740016,서울특별시 동작구 상도동,서울특별시 동작구 상도로56길 4 (상도동),근린생활2,제2종근린생활시설,1021120829,지번
1159010200103480149,서울특별시 동작구 상도동,서울특별시 동작구 상도로 109 (상도동),근린생활2,제2종근린생활시설,1021118835,지번
1159010700100770049,서울특별시 동작구 사당동,서울특별시 동작구 동작대로33길 32 (사당동),근린생활2,제2종근린생활시설,102119384,지번
1159010700107080491,서울특별시 동작구 사당동,서울특별시 동작구 동작대로25길 50 (사당동),근린생활1,제1종근린생활시설,1021123576,지번
1159010100102400028,서울특별시 동작구 노량진동,서울특별시 동작구 장승배기로25길 1 (노량진동),근린생활2,제2종근린생활시설,1021116247,지번
1159010700110050030,서울특별시 동작구 사당동,서울특별시 동작구 동작대로17길 18 (사당동),근린생활1,제1종근린생활시설,1021128435,지번
1159010700101620095,서울특별시 동작구 사당동,서울특별시 동작구 사당로23나길 32 (사당동),근린생활2,제2종근린생활시설,1021121860,지번
1159010200101700006,서울특별시 동작구 상도동,서울특별시 동작구 장승배기로10길 43 (상도동),근린생활2,제1종근린생활시설,1021127678,지번
1159010100102250213,서울특별시 동작구 노량진동,서울특별시 동작구 장승배기로20길 34 (노량진동),근린생활2,제2종근린생활시설,102116503,지번
1159010200104640005,서울특별시 동작구 상도동,서울특별시 동작구 상도로47나길 4 (상도동),근린생활2,제2종근린생활시설,1021123688,지번
1159010700110310014,서울특별시 동작구 사당동,서울특별시 동작구 동작대로5길 10 (사당동),근린생활1,제1종근린생활시설,1021115127,지번
1159010500100430094,서울특별시 동작구 흑석동,서울특별시 동작구 현충로 114-1 (흑석동),근린생활2,제2종근린생활시설,102117371,지번
1159010200100190018,서울특별시 동작구 상도동,서울특별시 동작구 만양로 15 (상도동),근린생활2,제2종근린생활시설,102117363,지번
1159010700101690012,서울특별시 동작구 사당동,서울특별시 동작구 사당로17길 86 (사당동),근린생활1,업무시설,1000000000000003761796,지번
1159010100103100116,서울특별시 동작구 노량진동,서울특별시 동작구 장승배기로16가길 4 (노량진동),근린생활2,제2종근린생활시설,1021123224,지번
1159010200103460009,서울특별시 동작구 상도동,서울특별시 동작구 성대로1길 1 (상도동),근린생활1,제1종근린생활시설,1021129288,지번
1159010200104640028,서울특별시 동작구 상도동,서울특별시 동작구 상도로47길 12 (상도동),근린생활2,제2종근린생활시설,1021127412,지번
1159010200103030027,서울특별시 동작구 상도동,서울특별시 동작구 국사봉길 70 (상도동),근린생활2,제2종근린생활시설,1021124022,지번
1159010500101950009,서울특별시 동작구 흑석동,서울특별시 동작구 흑석로 81-4 (흑석동),근린생활1,제1종근린생활시설,102118228,지번
1159010200105020011,서울특별시 동작구 상도동,서울특별시 동작구 상도로61길 21 (상도동),근린생활1,제1종근린생활시설,1021116969,지번
1159010300106190003,서울특별시 동작구 상도1동,서울특별시 동작구 상도로 265-34 (상도1동),근린생활1,제1종근린생활시설,1021121158,지번
1159010100100560017,서울특별시 동작구 노량진동,서울특별시 동작구 장승배기로30길 6 (노량진동),근린생활2,제2종근린생활시설,1021118361,지번
1159010700110090004,서울특별시 동작구 사당동,서울특별시 동작구 동작대로17길 17 (사당동),근린생활1,제1종근린생활시설,1021123674,지번
1159010700102190007,서울특별시 동작구 사당동,서울특별시 동작구 사당로 183 (사당동),근린생활1,제1종근린생활시설,1021124070,지번
1159010700110020017,서울특별시 동작구 사당동,서울특별시 동작구 동작대로17길 38 (사당동),근린생활1,제1종근린생활시설,1021130827,지번
1159010300104690001,서울특별시 동작구 상도1동,서울특별시 동작구 상도로41가길 14 (상도1동),근린생활1,제1종근린생활시설,1021117105,지번
1159010100101200021,서울특별시 동작구 노량진동,서울특별시 동작구 만양로 87 (노량진동),근린생활1,제1종근린생활시설,1021113430,지번
1159010400103840007,서울특별시 동작구 본동,,근린생활2,제2종근린생활시설,1021113872,지번
1159010700110310030,서울특별시 동작구 사당동,서울특별시 동작구 동작대로 29 (사당동),근린생활1,의료시설,1000000000000006964796,지번
1159010200103540012,서울특별시 동작구 상도동,서울특별시 동작구 상도로15길 42 (상도동),근린생활1,제1종근린생활시설,1021127475,지번
1159010500100500040,서울특별시 동작구 흑석동,서울특별시 동작구 서달로14나길 5 (흑석동),근린생활1,제1종근린생활시설,102115895,지번
1159010200103650033,서울특별시 동작구 상도동,서울특별시 동작구 등용로 4 (상도동),근린생활1,제1종근린생활시설,1021118446,지번
1159010700101470006,서울특별시 동작구 사당동,서울특별시 동작구 사당로 307-10 (사당동),근린생활2,제2종근린생활시설,1021114934,지번
1159010300107920000,서울특별시 동작구 상도1동,서울특별시 동작구 상도로41길 7 (상도1동),근린생활2,제2종근린생활시설,1021124667,지번
1159010800103980001,서울특별시 동작구 대방동,서울특별시 동작구 상도로 7 (대방동),근린생활1,제1종근린생활시설,10211100192709,지번
1159010800103980001,서울특별시 동작구 대방동,서울특별시 동작구 상도로 7 (대방동),근린생활1,교육연구시설,102115267,지번
1159010700100890061,서울특별시 동작구 사당동,서울특별시 동작구 동작대로29가길 5 (사당동),근린생활2,제2종근린생활시설,1021112578,지번
1159010200103660010,서울특별시 동작구 상도동,,근린생활1,제1종근린생활시설,1021121871,지번
1159010800103440021,서울특별시 동작구 대방동,서울특별시 동작구 여의대방로46길 34-3 (대방동),근린생활2,제2종근린생활시설,10211100184076,지번
1159010900103620041,서울특별시 동작구 신대방동,서울특별시 동작구 여의대방로24길 72 (신대방동),근린생활2,제2종근린생활시설,1021127474,지번
1159010200102100091,서울특별시 동작구 상도동,서울특별시 동작구 양녕로27길 23 (상도동),근린생활2,제2종근린생활시설,1021131328,지번
1159010600100940002,서울특별시 동작구 동작동,서울특별시 동작구 동작대로 237 (동작동),근린생활1,제1종근린생활시설,1021114088,지번
1159010700102630015,서울특별시 동작구 사당동,서울특별시 동작구 사당로17길 85 (사당동),근린생활1,제1종근린생활시설,1021129730,지번
1159010100101370002,서울특별시 동작구 노량진동,서울특별시 동작구 만양로14길 63 (노량진동),근린생활2,제2종근린생활시설,1021112553,지번
1159010800103970012,서울특별시 동작구 대방동,서울특별시 동작구 상도로 19 (대방동),근린생활1,제1종근린생활시설,1021131072,지번
1159010200101980006,서울특별시 동작구 상도동,서울특별시 동작구 성대로25가길 18 (상도동),근린생활2,제2종근린생활시설,1021111403,지번
1159010300103850003,서울특별시 동작구 상도1동,서울특별시 동작구 상도로 296-2 (상도1동),근린생활1,제1종근린생활시설,1021111650,지번
1159010900103680002,서울특별시 동작구 신대방동,서울특별시 동작구 여의대방로22가길 11 (신대방동),근린생활2,제2종근린생활시설,1021130587,지번
1159010100102940029,서울특별시 동작구 노량진동,서울특별시 동작구 노량진로6다길 26 (노량진동),근린생활2,제2종근린생활시설,1021129499,지번
1159010900103600188,서울특별시 동작구 신대방동,서울특별시 동작구 보라매로13길 24 (신대방동),근린생활2,제2종근린생활시설,1021121267,지번
1159010200102090017,서울특별시 동작구 상도동,서울특별시 동작구 양녕로25길 2-2 (상도동),근린생활2,제2종근린생활시설,1021130501,지번
1159010200101700001,서울특별시 동작구 상도동,서울특별시 동작구 상도로 208 (상도동),근린생활1,제1종근린생활시설,1021119025,지번
1159010700102020017,서울특별시 동작구 사당동,서울특별시 동작구 사당로2차길 5-5 (사당동),근린생활2,제2종근린생활시설,102115735,지번
1159010700107080366,서울특별시 동작구 사당동,서울특별시 동작구 사당로17가길 13 (사당동),근린생활1,제1종근린생활시설,102117995,지번
1159010100100310003,서울특별시 동작구 노량진동,서울특별시 동작구 노량진로8길 12 (노량진동),근린생활2,제2종근린생활시설,1021113900,지번
1159010800101010004,서울특별시 동작구 대방동,서울특별시 동작구 여의대방로62길 16 (대방동),근린생활1,제1종근린생활시설,1021118383,지번
1159010100102650001,서울특별시 동작구 노량진동,서울특별시 동작구 노량진로6길 6-3 (노량진동),근린생활1,제1종근린생활시설,1021125702,지번
1159010700110440036,서울특별시 동작구 사당동,서울특별시 동작구 동작대로1길 31 (사당동),근린생활2,제2종근린생활시설,1021116057,지번
1159010200103470007,서울특별시 동작구 상도동,서울특별시 동작구 상도로 115 (상도동),근린생활2,제2종근린생활시설,102118891,지번
1159010700102670012,서울특별시 동작구 사당동,서울특별시 동작구 사당로16가길 15 (사당동),근린생활1,제1종근린생활시설,1021118334,지번
1159010200103550005,서울특별시 동작구 상도동,서울특별시 동작구 성대로1길 13 (상도동),근린생활1,제1종근린생활시설,1021124346,지번
1159010700102290006,서울특별시 동작구 사당동,서울특별시 동작구 솔밭로 83 (사당동),근린생활2,제2종근린생활시설,10211100227113,지번
1159010700102290006,서울특별시 동작구 사당동,서울특별시 동작구 솔밭로 83 (사당동),근린생활2,제2종근린생활시설,10211100227114,지번
1159010200100070088,서울특별시 동작구 상도동,서울특별시 동작구 흑석로 24-1 (상도동),근린생활1,제1종근린생활시설,102115938,지번
1159010700102630011,서울특별시 동작구 사당동,서울특별시 동작구 사당로17길 87 (사당동),근린생활1,제1종근린생활시설,1021127991,지번
1159010200103010015,서울특별시 동작구 상도동,서울특별시 동작구 국사봉10길 67 (상도동),근린생활1,제1종근린생활시설,102118661,지번
1159010700110460008,서울특별시 동작구 사당동,서울특별시 동작구 남부순환로 2055 (사당동),근린생활1,제1종근린생활시설,1021126548,지번
1159010700102680020,서울특별시 동작구 사당동,서울특별시 동작구 사당로14길 19 (사당동),근린생활1,제1종근린생활시설,1021121016,지번
1159010200101810020,서울특별시 동작구 상도동,서울특별시 동작구 장승배기로 67 (상도동),근린생활2,제2종근린생활시설,1021122514,지번
1159010100102250196,서울특별시 동작구 노량진동,서울특별시 동작구 장승배기로16길 111 (노량진동),근린생활1,제1종근린생활시설,1021122953,지번
1159010200102020249,서울특별시 동작구 상도동,서울특별시 동작구 양녕로27길 58 (상도동),근린생활2,제2종근린생활시설,1021123824,지번
1159010700102060063,서울특별시 동작구 사당동,서울특별시 동작구 사당로4길 23 (사당동),근린생활1,제1종근린생활시설,1021115663,지번
1159010200101700002,서울특별시 동작구 상도동,서울특별시 동작구 상도로 202 (상도동),근린생활1,제1종근린생활시설,102119235,지번
1159010100102780005,서울특별시 동작구 노량진동,서울특별시 동작구 노량진로6가길 16 (노량진동),근린생활1,제1종근린생활시설,102115608,지번
1159010100101230044,서울특별시 동작구 노량진동,서울특별시 동작구 만양로8길 68 (노량진동),근린생활2,제2종근린생활시설,1021112672,지번
1159010700101730007,서울특별시 동작구 사당동,서울특별시 동작구 사당로23길 164 (사당동),판매시설,제1종근린생활시설,1021115239,본번
1159010100100560008,서울특별시 동작구 노량진동,서울특별시 동작구 장승배기로30길 8 (노량진동),근린생활2,제2종근린생활시설,1021112917,지번
1159010500102230008,서울특별시 동작구 흑석동,서울특별시 동작구 흑석로 90 (흑석동),근린생활2,제2종근린생활시설,102116376,지번
1159010200101290007,서울특별시 동작구 상도동,서울특별시 동작구 상도로 398-1 (상도동),근린생활2,제2종근린생활시설,102116137,지번
1159010900106920066,서울특별시 동작구 신대방동,서울특별시 동작구 대림로 6 (신대방동),근린생활1,제1종근린생활시설,1021110433,지번
1159010300107730002,서울특별시 동작구 상도1동,서울특별시 동작구 상도로 283 (상도1동),근린생활2,제2종근린생활시설,1021119086,지번
1159010200101880004,서울특별시 동작구 상도동,,근린생활1,제1종근린생활시설,1021115074,지번
1159010100102740005,서울특별시 동작구 노량진동,서울특별시 동작구 노량진로6길 34 (노량진동),근린생활1,제1종근린생활시설,1021126717,지번
1159010900104980013,서울특별시 동작구 신대방동,서울특별시 동작구 여의대방로 84 (신대방동),근린생활1,제1종근린생활시설,10211100195293,지번
1159010700102650031,서울특별시 동작구 사당동,서울특별시 동작구 사당로 224 (사당동),근린생활1,제1종근린생활시설,10211100214258,지번
1159010800103940003,서울특별시 동작구 대방동,서울특별시 동작구 상도로 55 (대방동),근린생활2,제2종근린생활시설,10211100221185,지번
1159010800104040013,서울특별시 동작구 대방동,서울특별시 동작구 상도로 50 (대방동),근린생활2,제2종근린생활시설,102119000,지번
1159010800103910245,서울특별시 동작구 대방동,서울특별시 동작구 대방동15길 5 (대방동),근린생활2,제2종근린생활시설,1021127507,지번
1159010800103950011,서울특별시 동작구 대방동,서울특별시 동작구 대방동1길 17 (대방동),근린생활2,제2종근린생활시설,10211100188832,지번
1159010800103970021,서울특별시 동작구 대방동,서울특별시 동작구 대방동1길 39-1 (대방동),근린생활2,제2종근린생활시설,10211100195214,지번
1159010700101900163,서울특별시 동작구 사당동,서울특별시 동작구 사당로2다길 85 (사당동),근린생활1,제1종근린생활시설,1021112291,지번
1159010100100560011,서울특별시 동작구 노량진동,서울특별시 동작구 장승배기로30길 6-5 (노량진동),근린생활2,제2종근린생활시설,10211100221426,지번
1159010100102210062,서울특별시 동작구 노량진동,서울특별시 동작구 만양로 65-1 (노량진동),근린생활2,제2종근린생활시설,1021113388,지번
1159010700101270000,서울특별시 동작구 사당동,서울특별시 동작구 동작대로27길 62 (사당동),근린생활2,단독주택,10211100247733,지번
1159010800104000001,서울특별시 동작구 대방동,서울특별시 동작구 여의대방로 142 (대방동),근린생활1,제1종근린생활시설,10211100203318,지번
1159010800104150047,서울특별시 동작구 대방동,서울특별시 동작구 여의대방로24라길 13 (대방동),근린생활2,제2종근린생활시설,10211100196052,지번
1159010700100880021,서울특별시 동작구 사당동,서울특별시 동작구 동작대로29길 12 (사당동),근린생활2,제2종근린생활시설,10211100194172,지번
1159010700100910189,서울특별시 동작구 사당동,서울특별시 동작구 동작대로31길 27-2 (사당동),근린생활2,제2종근린생활시설,10211100195863,지번
1159010700101340003,서울특별시 동작구 사당동,서울특별시 동작구 동작대로 123 (사당동),근린생활,근린생활시설,1021114938,지번
1159010700101470086,서울특별시 동작구 사당동,서울특별시 동작구 사당로30길 9-1 (사당동),근린생활2,제2종근린생활시설,10211100199392,지번
1159010200105050000,서울특별시 동작구 상도동,서울특별시 동작구 사당로 30 (상도동),근린생활2,제2종근린생활시설,1021110458,지번
1159010200105050001,서울특별시 동작구 상도동,서울특별시 동작구 사당로 28 (상도동),근린생활2,제2종근린생활시설,1021115883,지번
1159010200102140094,서울특별시 동작구 상도동,서울특별시 동작구 양녕로20길 43 (상도동),근린생활2,제2종근린생활시설,1021116630,지번
1159010800104020030,서울특별시 동작구 대방동,서울특별시 동작구 상도로 26-1 (대방동),근린생활2,제2종근린생활시설,10211100221552,지번
1159010700102540020,서울특별시 동작구 사당동,서울특별시 동작구 사당로14가길 9 (사당동),근린생활2,제2종근린생활시설,10211100215866,지번
1159010700102240011,서울특별시 동작구 사당동,서울특별시 동작구 솔밭로 108 (사당동),근린생활2,제2종근린생활시설,10211100217998,지번
1159010700102020023,서울특별시 동작구 사당동,서울특별시 동작구 사당로2차길 14 (사당동),근린생활2,제2종근린생활시설,10211100196053,지번
1159010700102200081,서울특별시 동작구 사당동,서울특별시 동작구 사당로 187 (사당동),근린생활2,제2종근린생활시설,10211100193313,지번
1159010700102200092,서울특별시 동작구 사당동,서울특별시 동작구 사당로9길 17 (사당동),근린생활2,제2종근린생활시설,10211100191992,지번
1159010900103440040,서울특별시 동작구 신대방동,서울특별시 동작구 보라매로 67 (신대방동),근린생활1,제1종근린생활시설,1021112483,지번
1159010300107690000,서울특별시 동작구 상도1동,서울특별시 동작구 상도로 287-1 (상도1동),근린생활2,제2종근린생활시설,10211100187252,지번
1159010700102240062,서울특별시 동작구 사당동,서울특별시 동작구 사당로16가길 106-4 (사당동),근린생활2,제2종근린생활시설,10211100188831,지번
1159010700102270022,서울특별시 동작구 사당동,서울특별시 동작구 사당로 180-6 (사당동),근린생활2,제2종근린생활시설,10211100194332,지번
1159010700102500007,서울특별시 동작구 사당동,서울특별시 동작구 사당로12길 2 (사당동),근린생활2,제2종근린생활시설,10211100184320,지번
1159010700102720026,서울특별시 동작구 사당동,서울특별시 동작구 사당로16나길 55 (사당동),근린생활1,공동주택,1000000000000003173590,지번
1159010200105040005,서울특별시 동작구 상도동,서울특별시 동작구 상도로61길 38 (상도동),근린생활1,제1종근린생활시설,1021126090,지번
1159010100101480055,서울특별시 동작구 노량진동,서울특별시 동작구 만양로18길 21 (노량진동),근린생활2,제2종근린생활시설,1021110554,지번
1159010800103910354,서울특별시 동작구 대방동,서울특별시 동작구 대방동1길 32 (대방동),근린생활2,제2종근린생활시설,10211100223045,지번
1159010800104020020,서울특별시 동작구 대방동,서울특별시 동작구 여의대방로28길 54 (대방동),근린생활2,제2종근린생활시설,10211100222305,지번
1159010800104020039,서울특별시 동작구 대방동,서울특별시 동작구 여의대방로28길 56 (대방동),근린생활2,제2종근린생활시설,10211100222365,지번
1159010300106550000,서울특별시 동작구 상도1동,서울특별시 동작구 상도로41마길 6 (상도1동),근린생활2,제2종근린생활시설,10211100222525,지번
1159010700103160240,서울특별시 동작구 사당동,서울특별시 동작구 사당로20나길 3 (사당동),근린생활1,제2종근린생활시설,1000000000000002921937,지번
1159010700110390059,서울특별시 동작구 사당동,서울특별시 동작구 남부순환로271길 17 (사당동),근린생활2,제2종근린생활시설,1021128205,지번
1159010400103930001,서울특별시 동작구 본동,서울특별시 동작구 노량진로 227 (본동),근린생활1,제1종근린생활시설,10211100217746,지번
1159010700104190078,서울특별시 동작구 사당동,서울특별시 동작구 남부순환로263길 12 (사당동),근린생활2,제2종근린생활시설,10211100191871,지번
1159010100102200011,서울특별시 동작구 노량진동,서울특별시 동작구 만양로13길 37 (노량진동),근린생활2,제2종근린생활시설,10211100214425,지번
1159010200104770003,서울특별시 동작구 상도동,서울특별시 동작구 상도로 337-1 (상도동),근린생활1,제1종근린생활시설,1021128233,지번
1159010200103270013,서울특별시 동작구 상도동,서울특별시 동작구 상도로13길 2 (상도동),근린생활1,제1종근린생활시설,1021123511,지번
1159010100102020016,서울특별시 동작구 노량진동,서울특별시 동작구 만양로14길 60-1 (노량진동),근린생활2,제2종근린생활시설,1021129053,지번
1159010700110440010,서울특별시 동작구 사당동,서울특별시 동작구 동작대로1길 43-1 (사당동),근린생활2,제2종근린생활시설,1021124560,지번
1159010700110080016,서울특별시 동작구 사당동,서울특별시 동작구 동작대로 69 (사당동),근린생활1,제1종근린생활시설,1021110278,지번
1159010300106290000,서울특별시 동작구 상도1동,서울특별시 동작구 양녕로 274-3 (상도1동),근린생활2,제2종근린생활시설,10211100203417,지번
1159010300103620001,서울특별시 동작구 상도1동,서울특별시 동작구 상도로47가길 19 (상도1동),근린생활2,제2종근린생활시설,10211100191115,지번
1159010200101570010,서울특별시 동작구 상도동,서울특별시 동작구 상도로34길 40 (상도동),근린생활2,제2종근린생활시설,1021113317,지번
1159010100100830009,서울특별시 동작구 노량진동,서울특별시 동작구 노량진로14길 29-6 (노량진동),근린생활2,제2종근린생활시설,1021113418,지번
1159010100102080000,서울특별시 동작구 노량진동,서울특별시 동작구 만양로14길 24 (노량진동),근린생활1,제1종근린생활시설,1021121818,지번
1159010200101260027,서울특별시 동작구 상도동,서울특별시 동작구 상도로68길 28 (상도동),근린생활1,제1종근린생활시설,1021111569,지번
1159010200101340135,서울특별시 동작구 상도동,서울특별시 동작구 상도로54길 54 (상도동),근린생활2,공동주택,1000000000000001526263,지번
1159010200101340135,서울특별시 동작구 상도동,서울특별시 동작구 상도로54길 54 (상도동),근린생활2,공동주택,1000000000000001526276,지번
1159010200102020031,서울특별시 동작구 상도동,서울특별시 동작구 양녕로29길 56 (상도동),근린생활1,제1종근린생활시설,1021120372,지번
1159010700110430012,서울특별시 동작구 사당동,서울특별시 동작구 동작대로1길 7 (사당동),근린생활2,제2종근린생활시설,10211100216442,지번
1159010200104890014,서울특별시 동작구 상도동,서울특별시 동작구 상도로 372-4 (상도동),근린생활2,제2종근린생활시설,10211100218845,지번
1159010700110120033,서울특별시 동작구 사당동,서울특별시 동작구 동작대로17길 35-1 (사당동),근린생활1,제1종근린생활시설,10211100183245,지번
1159010200102040020,서울특별시 동작구 상도동,서울특별시 동작구 장승배기로 25 (상도동),근린생활1,제1종근린생활시설,1021111104,지번
1159010200104960006,서울특별시 동작구 상도동,서울특별시 동작구 상도로60길 9-1 (상도동),근린생활2,제2종근린생활시설,1021119440,지번
1159010900103380022,서울특별시 동작구 신대방동,서울특별시 동작구 국사봉길 18 (신대방동),근린생활2,제2종근린생활시설,102118632,지번
1159010100101240008,서울특별시 동작구 노량진동,서울특별시 동작구 만양로14가길 8 (노량진동),근린생활2,제2종근린생활시설,1021114609,지번
1159010800103960009,서울특별시 동작구 대방동,서울특별시 동작구 대방동1길 25 (대방동),근린생활2,제2종근린생활시설,10211100195672,지번
1159010100102070003,서울특별시 동작구 노량진동,서울특별시 동작구 만양로14길 34 (노량진동),근린생활1,제1종근린생활시설,1021124102,지번
1159010200102110225,서울특별시 동작구 상도동,서울특별시 동작구 양녕로28길 4 (상도동),근린생활1,제1종근린생활시설,10211100211816,지번
1159010100101260034,서울특별시 동작구 노량진동,서울특별시 동작구 만양로14나길 11 (노량진동),근린생활2,제2종근린생활시설,1021130643,지번
1159010100101480052,서울특별시 동작구 노량진동,서울특별시 동작구 만양로18길 31 (노량진동),근린생활2,제2종근린생활시설,1021114125,지번
1159010100101480062,서울특별시 동작구 노량진동,서울특별시 동작구 만양로18길 19-5 (노량진동),근린생활2,제2종근린생활시설,1021119011,지번
1159010100101480091,서울특별시 동작구 노량진동,서울특별시 동작구 노량진로 180 (노량진동),근린생활2,제2종근린생활시설,1021115407,지번
1159010100102060056,서울특별시 동작구 노량진동,서울특별시 동작구 만양로14마길 5-1 (노량진동),근린생활2,제2종근린생활시설,10211100189932,지번
1159010100102060057,서울특별시 동작구 노량진동,서울특별시 동작구 만양로14마길 7 (노량진동),근린생활2,제2종근린생활시설,10211100188912,지번
1159010800103760005,서울특별시 동작구 대방동,서울특별시 동작구 대방동길 71 (대방동),근린생활2,제2종근린생활시설,10211100195212,지번
1159010800103400001,서울특별시 동작구 대방동,서울특별시 동작구 노량진로 20-2 (대방동),근린생활2,제2종근린생활시설,10211100193612,지번
1159010100101190155,서울특별시 동작구 노량진동,서울특별시 동작구 만양로 94-2 (노량진동),근린생활2,제2종근린생활시설,10211100220345,지번
1159010700110310016,서울특별시 동작구 사당동,서울특별시 동작구 동작대로5길 9 (사당동),근린생활2,제2종근린생활시설,1021121343,지번
1159010100102560044,서울특별시 동작구 노량진동,서울특별시 동작구 노량진로10길 32 (노량진동),근린생활2,제2종근린생활시설,1021120128,지번
1159010700101290014,서울특별시 동작구 사당동,서울특별시 동작구 동작대로29길 33 (사당동),근린생활1,제1종근린생활시설,10211100214798,지번
1159010100100580008,서울특별시 동작구 노량진동,서울특별시 동작구 노량진로14길 10 (노량진동),근린생활1,제1종근린생활시설,1021120331,지번
1159010800103750063,서울특별시 동작구 대방동,서울특별시 동작구 여의대방로36길 36-1 (대방동),근린생활2,제2종근린생활시설,10211100193213,지번
1159010800103760012,서울특별시 동작구 대방동,서울특별시 동작구 대방동27길 15 (대방동),근린생활2,제2종근린생활시설,10211100188752,지번
1159010800103820006,서울특별시 동작구 대방동,서울특별시 동작구 여의대방로36길 17 (대방동),근린생활2,제2종근린생활시설,10211100188411,지번
1159010800103850003,서울특별시 동작구 대방동,서울특별시 동작구 여의대방로 204-8 (대방동),근린생활2,제2종근린생활시설,10211100209471,지번
1159010200104960021,서울특별시 동작구 상도동,서울특별시 동작구 상도로60길 11 (상도동),근린생활2,제2종근린생활시설,10211100212658,지번
1159010200105010004,서울특별시 동작구 상도동,서울특별시 동작구 상도로 381 (상도동),근린생활2,제2종근린생활시설,1021112659,지번
1159010100100850010,서울특별시 동작구 노량진동,서울특별시 동작구 노량진로14가길 8 (노량진동),근린생활2,제2종근린생활시설,1021120263,지번
1159010100102180060,서울특별시 동작구 노량진동,서울특별시 동작구 만양로 51-2 (노량진동),근린생활2,제2종근린생활시설,10211100216626,지번
1159010200105300000,서울특별시 동작구 상도동,서울특별시 동작구 양녕로 170 (상도동),근린생활1,공동주택,10211100191132,지번
1159010200105300000,서울특별시 동작구 상도동,서울특별시 동작구 양녕로 170 (상도동),근린생활1,공동주택,10211100191160,지번
1159010200105300000,서울특별시 동작구 상도동,서울특별시 동작구 양녕로 170 (상도동),근린생활1,공동주택,10211100191189,지번
1159010200105300000,서울특별시 동작구 상도동,서울특별시 동작구 양녕로 170 (상도동),근린생활1,공동주택,10211100191237,지번
1159010200105300000,서울특별시 동작구 상도동,서울특별시 동작구 양녕로 170 (상도동),근린생활1,제1종근린생활시설,10211100191277,지번
1159010800103390014,서울특별시 동작구 대방동,서울특별시 동작구 노량진로 20-5 (대방동),근린생활2,제2종근린생활시설,1021115395,지번
1159010700101450013,서울특별시 동작구 사당동,서울특별시 동작구 동작대로27가길 38 (사당동),근린생활2,제2종근린생활시설,1021111406,지번
1159010700103230004,서울특별시 동작구 사당동,서울특별시 동작구 사당로 243-5 (사당동),근린생활1,제1종근린생활시설,1021115015,지번
1159010700110310036,서울특별시 동작구 사당동,서울특별시 동작구 동작대로 37 (사당동),근린생활2,제2종근린생활시설,1021116116,지번
1159010700110440023,서울특별시 동작구 사당동,서울특별시 동작구 남부순환로 2073-1 (사당동),근린생활2,제2종근린생활시설,10211100195152,지번
1159010200101970003,서울특별시 동작구 상도동,서울특별시 동작구 성대로31길 70 (상도동),근린생활2,제2종근린생활시설,10211100191832,지번
1159010900103480050,서울특별시 동작구 신대방동,서울특별시 동작구 국사봉2나길 14-8 (신대방동),근린생활2,제2종근린생활시설,10211100196073,지번
1159010200104920028,서울특별시 동작구 상도동,서울특별시 동작구 상도로62가길 8 (상도동),근린생활2,제2종근린생활시설,10211100199876,지번
1159010700103230013,서울특별시 동작구 사당동,서울특별시 동작구 사당로 247 (사당동),근린생활1,제1종근린생활시설,10211100199432,지번
1159010900103600085,서울특별시 동작구 신대방동,서울특별시 동작구 여의대방로22바길 41 (신대방동),근린생활2,제2종근린생활시설,10211100199212,지번
1159010100100560014,서울특별시 동작구 노량진동,서울특별시 동작구 장승배기로28길 19 (노량진동),근린생활2,제2종근린생활시설,10211100197092,지번
1159010700103010003,서울특별시 동작구 사당동,서울특별시 동작구 사당로16길 118 (사당동),근린생활1,공동주택,1000000000000000196744,지번
1159010700103010003,서울특별시 동작구 사당동,서울특별시 동작구 사당로16길 118 (사당동),근린생활1,공동주택,1000000000000000196759,지번
1159010700102490090,서울특별시 동작구 사당동,서울특별시 동작구 사당로 204 (사당동),근린생활1,제1종근린생활시설,1021120199,지번
1159010700102500003,서울특별시 동작구 사당동,서울특별시 동작구 사당로 206 (사당동),근린생활2,제2종근린생활시설,1021115131,지번
1159010700103210034,서울특별시 동작구 사당동,서울특별시 동작구 사당로22가길 22 (사당동),근린생활2,제2종근린생활시설,10211100197472,지번
1159010100102060031,서울특별시 동작구 노량진동,서울특별시 동작구 만양로14마길 9-1 (노량진동),근린생활2,제2종근린생활시설,1021128929,지번
1159010200101200010,서울특별시 동작구 상도동,서울특별시 동작구 상도로67길 12 (상도동),근린생활2,제2종근린생활시설,10211100195952,지번
1159010800103830001,서울특별시 동작구 대방동,서울특별시 동작구 여의대방로36길 25 (대방동),근린생활2,제2종근린생활시설,10211100259593,지번
1159010700102650034,서울특별시 동작구 사당동,서울특별시 동작구 사당로 228 (사당동),근린생활1,제1종근린생활시설,102115774,지번
1159010500101020108,서울특별시 동작구 흑석동,서울특별시 동작구 서달로13길 7-4 (흑석동),근린생활1,제1종근린생활시설,102116152,지번
1159010700101410054,서울특별시 동작구 사당동,서울특별시 동작구 사당로29가길 1 (사당동),근린생활1,제1종근린생활시설,10211100183533,지번
1159010700101750023,서울특별시 동작구 사당동,서울특별시 동작구 사당로23길 191 (사당동),근린생활2,제2종근린생활시설,102115890,지번
1159010700103070005,서울특별시 동작구 사당동,서울특별시 동작구 사당로16길 77 (사당동),근린생활1,제1종근린생활시설,1021110017,지번
1159010700103060003,서울특별시 동작구 사당동,서울특별시 동작구 사당로16길 85 (사당동),근린생활1,단독주택,10211100247094,지번
1159010700110350021,서울특별시 동작구 사당동,서울특별시 동작구 남부순환로267가길 38 (사당동),근린생활2,제2종근린생활시설,10211100194361,지번
1159010700110470063,서울특별시 동작구 사당동,서울특별시 동작구 남부순환로 2047-7 (사당동),근린생활2,제2종근린생활시설,10211100197072,지번
1159010700110030043,서울특별시 동작구 사당동,서울특별시 동작구 사당로28길 10 (사당동),근린생활2,제2종근린생활시설,10211100194372,지번
1159010700110170028,서울특별시 동작구 사당동,서울특별시 동작구 동작대로11길 42 (사당동),근린생활1,제1종근린생활시설,10211100183247,지번
1159010100100390012,서울특별시 동작구 노량진동,서울특별시 동작구 노량진로12길 15-8 (노량진동),근린생활2,제2종근린생활시설,10211100204717,지번
1159010700110070004,서울특별시 동작구 사당동,서울특별시 동작구 사당로30길 19-1 (사당동),근린생활2,제2종근린생활시설,10211100189632,지번
1159010100100670009,서울특별시 동작구 노량진동,서울특별시 동작구 노량진로 157 (노량진동),근린생활2,제2종근린생활시설,10211100194100,지번
1159010100101310000,서울특별시 동작구 노량진동,서울특별시 동작구 만양로14길 49 (노량진동),근린생활2,제2종근린생활시설,10211100186851,지번
1159010200101260094,서울특별시 동작구 상도동,서울특별시 동작구 상도로 395-7 (상도동),근린생활2,제2종근린생활시설,1021122528,지번
1159010500100540156,서울특별시 동작구 흑석동,서울특별시 동작구 서달로14가길 19 (흑석동),근린생활1,제1종근린생활시설,1021122161,지번
1159010700101370008,서울특별시 동작구 사당동,서울특별시 동작구 동작대로27가길 26 (사당동),근린생활2,제2종근린생활시설,1021120726,지번
1159010700110420009,서울특별시 동작구 사당동,서울특별시 동작구 동작대로1길 10-4 (사당동),근린생활2,제2종근린생활시설,10211100193432,지번
1159010200103350148,서울특별시 동작구 상도동,서울특별시 동작구 상도로13나길 10 (상도동),근린생활2,제2종근린생활시설,1021114475,지번
1159010500101860004,서울특별시 동작구 흑석동,서울특별시 동작구 흑석로11길 20 (흑석동),근린생활2,공동주택,10211100255874,지번
1159010500101860004,서울특별시 동작구 흑석동,서울특별시 동작구 흑석로11길 20 (흑석동),근린생활2,공동주택,10211100255895,지번
1159010100102060043,서울특별시 동작구 노량진동,서울특별시 동작구 만양로14마길 24 (노량진동),근린생활1,제1종근린생활시설,1021124705,지번
1159010100102110039,서울특별시 동작구 노량진동,서울특별시 동작구 만양로14라길 9 (노량진동),근린생활2,제2종근린생활시설,1021110270,지번
1159010800104150051,서울특별시 동작구 대방동,서울특별시 동작구 여의대방로24가길 12 (대방동),근린생활2,제2종근린생활시설,1021113707,지번
1159010700110060032,서울특별시 동작구 사당동,서울특별시 동작구 동작대로19길 18 (사당동),근린생활2,제2종근린생활시설,10211100194512,지번
1159010700110070033,서울특별시 동작구 사당동,서울특별시 동작구 사당로30길 43 (사당동),근린생활1,제1종근린생활시설,10211100190227,지번
1159010200102040028,서울특별시 동작구 상도동,서울특별시 동작구 장승배기로 40 (상도동),근린생활2,제2종근린생활시설,10211100189117,지번
1159010700101760024,서울특별시 동작구 사당동,서울특별시 동작구 사당로23길 190-13 (사당동),근린생활1,제1종근린생활시설,1021124241,지번
1159010200103600025,서울특별시 동작구 상도동,서울특별시 동작구 상도로15길 105 (상도동),근린생활2,제2종근린생활시설,10211100203576,지번
1159010100102940170,서울특별시 동작구 노량진동,서울특별시 동작구 등용로4길 104 (노량진동),근린생활1,제1종근린생활시설,102115566,지번
1159010700110310024,서울특별시 동작구 사당동,서울특별시 동작구 동작대로3길 10 (사당동),근린생활2,제2종근린생활시설,1021120206,지번
1159010100102150157,서울특별시 동작구 노량진동,서울특별시 동작구 만양로6길 46 (노량진동),근린생활2,공동주택,1000000000000002566631,지번
1159010800103790018,서울특별시 동작구 대방동,서울특별시 동작구 대방동17길 9 (대방동),근린생활2,공동주택,1000000000000001419372,지번
1159010200103350100,서울특별시 동작구 상도동,서울특별시 동작구 상도로13길 15 (상도동),근린생활2,제2종근린생활시설,10211100195493,지번
1159010100103250006,서울특별시 동작구 노량진동,서울특별시 동작구 만양로3길 8 (노량진동),근린생활2,제2종근린생활시설,1021131260,지번
1159010900103680012,서울특별시 동작구 신대방동,서울특별시 동작구 여의대방로22가길 16 (신대방동),근린생활2,제2종근린생활시설,102117373,지번
1159010500102230018,서울특별시 동작구 흑석동,서울특별시 동작구 흑석로 88 (흑석동),근린생활2,제2종근린생활시설,1021125756,지번
1159010600100860005,서울특별시 동작구 동작동,,근린생활1,제1종근린생활시설,1021126757,지번
1159010100100390011,서울특별시 동작구 노량진동,서울특별시 동작구 노량진로12길 15-7 (노량진동),근린생활2,제2종근린생활시설,10211100199166,지번
1159010900106160012,서울특별시 동작구 신대방동,서울특별시 동작구 신대방길 42 (신대방동),근린생활2,제2종근린생활시설,10211100189631,지번
1159010100100850023,서울특별시 동작구 노량진동,서울특별시 동작구 노량진로14길 35-9 (노량진동),근린생활2,제2종근린생활시설,1021127016,지번
1159010200103630271,서울특별시 동작구 상도동,서울특별시 동작구 상도로15길 111-9 (상도동),근린생활2,제2종근린생활시설,10211100189872,지번
1159010200104890006,서울특별시 동작구 상도동,서울특별시 동작구 상도로 366 (상도동),근린생활1,제1종근린생활시설,1021113527,지번
1159010200104980004,서울특별시 동작구 상도동,서울특별시 동작구 상도로66길 9 (상도동),근린생활2,제2종근린생활시설,10211100182293,지번
1159010200104980006,서울특별시 동작구 상도동,서울특별시 동작구 상도로66길 15 (상도동),근린생활2,제2종근린생활시설,10211100191951,지번
1159010300103240006,서울특별시 동작구 상도1동,서울특별시 동작구 상도로45길 80-1 (상도1동),근린생활2,제2종근린생활시설,10211100195272,지번
1159010700110380027,서울특별시 동작구 사당동,서울특별시 동작구 동작대로7길 74 (사당동),근린생활2,제2종근린생활시설,10211100205556,지번
1159010300103610001,서울특별시 동작구 상도1동,서울특별시 동작구 상도로45길 13 (상도1동),근린생활2,제2종근린생활시설,10211100206109,지번
1159010200103580007,서울특별시 동작구 상도동,서울특별시 동작구 상도로19길 39 (상도동),근린생활2,제2종근린생활시설,10211100199804,지번
1159010200103590014,서울특별시 동작구 상도동,서울특별시 동작구 상도로15길 102-1 (상도동),근린생활2,제2종근린생활시설,10211100199856,지번
1159010700101280001,서울특별시 동작구 사당동,서울특별시 동작구 동작대로29길 45 (사당동),근린생활1,제1종근린생활시설,10211100200036,지번
1159010700101280001,서울특별시 동작구 사당동,서울특별시 동작구 동작대로27길 54 (사당동),근린생활1,공동주택,10211100200045,지번
1159010200101210038,서울특별시 동작구 상도동,서울특별시 동작구 상도로 395-9 (상도동),근린생활2,제2종근린생활시설,1021123762,지번
1159010200105060007,서울특별시 동작구 상도동,서울특별시 동작구 상도로61길 57 (상도동),근린생활2,제2종근린생활시설,102118373,지번
1159010200105070008,서울특별시 동작구 상도동,서울특별시 동작구 상도로61길 62 (상도동),근린생활2,제2종근린생활시설,1021125942,지번
1159010800103790005,서울특별시 동작구 대방동,서울특별시 동작구 대방동15길 4-1 (대방동),근린생활2,공동주택,1000000000000001419384,지번
1159010300104190007,서울특별시 동작구 상도1동,서울특별시 동작구 상도로47마길 3 (상도1동),근린생활2,제2종근린생활시설,10211100188954,지번
1159010300105560000,서울특별시 동작구 상도1동,서울특별시 동작구 강남초등4길 18 (상도1동),근린생활2,제2종근린생활시설,10211100193314,지번
1159010300106660009,서울특별시 동작구 상도1동,서울특별시 동작구 상도로39길 21 (상도1동),근린생활2,제2종근린생활시설,10211100188691,지번
1159010300106940000,서울특별시 동작구 상도1동,서울특별시 동작구 상도로 265-23 (상도1동),근린생활2,공동주택,1000000000000001486090,지번
1159010300107900001,서울특별시 동작구 상도1동,서울특별시 동작구 상도로 291-1 (상도1동),근린생활2,제2종근린생활시설,10211100193452,지번
1159010100100840011,서울특별시 동작구 노량진동,서울특별시 동작구 장승배기로26길 39 (노량진동),근린생활2,제2종근린생활시설,1021110998,지번
1159010100101240009,서울특별시 동작구 노량진동,서울특별시 동작구 만양로14길 21 (노량진동),근린생활2,제2종근린생활시설,102113523,지번
1159010100101250016,서울특별시 동작구 노량진동,서울특별시 동작구 만양로14가길 16 (노량진동),근린생활2,제2종근린생활시설,1021119261,지번
1159010900106160011,서울특별시 동작구 신대방동,서울특별시 동작구 신대방길 36 (신대방동),근린생활1,제1종근린생활시설,102114813,지번
1159010900106160011,서울특별시 동작구 신대방동,서울특별시 동작구 신대방길 36 (신대방동),근린생활1,단독주택,102114814,지번
1159010200101210131,서울특별시 동작구 상도동,서울특별시 동작구 상도로67길 13 (상도동),근린생활2,제2종근린생활시설,1021119354,지번
1159010200105070014,서울특별시 동작구 상도동,서울특별시 동작구 상도로61가길 11 (상도동),근린생활2,제2종근린생활시설,1021113947,지번
1159010200105070007,서울특별시 동작구 상도동,서울특별시 동작구 상도로61길 64 (상도동),근린생활2,제2종근린생활시설,1021128807,지번
1159010100102150151,서울특별시 동작구 노량진동,서울특별시 동작구 만양로10길 2 (노량진동),근린생활2,제2종근린생활시설,1021112700,지번
1159010200103610040,서울특별시 동작구 상도동,서울특별시 동작구 상도로15마길 16-12 (상도동),근린생활2,제2종근린생활시설,10211100191831,지번
1159010700102600014,서울특별시 동작구 사당동,서울특별시 동작구 사당로17라길 12 (사당동),근린생활2,제2종근린생활시설,10211100211236,지번
1159010100102050007,서울특별시 동작구 노량진동,서울특별시 동작구 만양로12가길 36 (노량진동),근린생활2,공동주택,1000000000000005849700,지번
1159010100102050016,서울특별시 동작구 노량진동,서울특별시 동작구 만양로12가길 70 (노량진동),근린생활2,제2종근린생활시설,1021122967,지번
1159010100101170011,서울특별시 동작구 노량진동,서울특별시 동작구 만양로 102-3 (노량진동),근린생활2,제2종근린생활시설,10211100195292,지번
1159010200103580041,서울특별시 동작구 상도동,서울특별시 동작구 상도로19길 41 (상도동),근린생활2,제2종근린생활시설,10211100199845,지번
1159010400104020002,서울특별시 동작구 본동,서울특별시 동작구 노량진로 226 (본동),근린생활1,제1종근린생활시설,1021119099,지번
1159010200104960014,서울특별시 동작구 상도동,서울특별시 동작구 상도로 390 (상도동),근린생활2,제2종근린생활시설,10211100191911,지번
1159010300103230001,서울특별시 동작구 상도1동,서울특별시 동작구 상도로45길 78 (상도1동),근린생활2,제2종근린생활시설,10211100189832,지번
1159010300104200005,서울특별시 동작구 상도1동,서울특별시 동작구 상도로47마길 11-2 (상도1동),근린생활2,제2종근린생활시설,10211100195932,지번
1159010300104810005,서울특별시 동작구 상도1동,서울특별시 동작구 상도로47길 105 (상도1동),근린생활2,제2종근린생활시설,10211100193882,지번
1159010200103600081,서울특별시 동작구 상도동,서울특별시 동작구 상도로15카길 8 (상도동),근린생활2,제2종근린생활시설,10211100188671,지번
1159010200104940016,서울특별시 동작구 상도동,서울특별시 동작구 상도로62길 12 (상도동),근린생활2,제2종근린생활시설,10211100197239,지번
1159010300104190001,서울특별시 동작구 상도1동,서울특별시 동작구 상도로47마길 1 (상도1동),근린생활2,제2종근린생활시설,10211100188953,지번
1159010100101000008,서울특별시 동작구 노량진동,서울특별시 동작구 노량진로16길 12-11 (노량진동),근린생활2,제2종근린생활시설,10211100189241,지번
1159010800104150005,서울특별시 동작구 대방동,서울특별시 동작구 여의대방로24가길 14 (대방동),근린생활1,제1종근린생활시설,1021115405,지번
1159010800104020031,서울특별시 동작구 대방동,서울특별시 동작구 여의대방로28길 42 (대방동),근린생활2,제2종근린생활시설,1021121543,지번
1159010900106920039,서울특별시 동작구 신대방동,서울특별시 동작구 대림로 16 (신대방동),근린생활2,제2종근린생활시설,1021113794,지번
1159010600103160003,서울특별시 동작구 동작동,서울특별시 동작구 동작대로 335 (동작동),근린생활2,제2종근린생활시설,10211100186890,지번
1159010300106980000,서울특별시 동작구 상도1동,서울특별시 동작구 상도로 263-6 (상도1동),근린생활2,제2종근린생활시설,10211100197212,지번
1159010700110170020,서울특별시 동작구 사당동,서울특별시 동작구 동작대로11길 46 (사당동),근린생활2,제2종근린생활시설,10211100183248,지번
1159010100100020003,서울특별시 동작구 노량진동,서울특별시 동작구 노들로 734 (노량진동),근린생활1,제1종근린생활시설,10211100188131,지번
1159010100100020003,서울특별시 동작구 노량진동,서울특별시 동작구 노들로 734 (노량진동),근린생활1,제1종근린생활시설,10211100188132,지번
1159010100100020003,서울특별시 동작구 노량진동,서울특별시 동작구 노들로 734 (노량진동),근린생활1,제1종근린생활시설,102112761,지번
1159010100100020003,서울특별시 동작구 노량진동,서울특별시 동작구 노들로 734 (노량진동),근린생활1,제1종근린생활시설,102112762,지번
1159010100100020003,서울특별시 동작구 노량진동,서울특별시 동작구 노들로 734 (노량진동),근린생활1,제1종근린생활시설,102112763,지번
1159010900107200000,서울특별시 동작구 신대방동,서울특별시 동작구 보라매로 70 (신대방동),근린생활1,공동주택,10211100190652,지번
1159010900107200000,서울특별시 동작구 신대방동,서울특별시 동작구 보라매로 70 (신대방동),근린생활1,공동주택,10211100190717,지번
1159010900107200000,서울특별시 동작구 신대방동,서울특별시 동작구 보라매로 70 (신대방동),근린생활1,공동주택,10211100190809,지번
1159010900107200000,서울특별시 동작구 신대방동,서울특별시 동작구 보라매로 70 (신대방동),근린생활1,공동주택,10211100190906,지번
1159010900107200000,서울특별시 동작구 신대방동,서울특별시 동작구 보라매로 70 (신대방동),근린생활1,공동주택,10211100190970,지번
1159010900107200000,서울특별시 동작구 신대방동,서울특별시 동작구 보라매로 70 (신대방동),근린생활1,제1종근린생활시설,10211100191043,지번
1159010900107200000,서울특별시 동작구 신대방동,서울특별시 동작구 보라매로 70 (신대방동),근린생활1,제1종근린생활시설,10211100191046,지번
1159010100100120001,서울특별시 동작구 노량진동,,근린생활1,제1종근린생활시설,1021110328,지번
1159010100101240010,서울특별시 동작구 노량진동,서울특별시 동작구 만양로14가길 4 (노량진동),근린생활2,제2종근린생활시설,1021127340,지번
1159010200102990093,서울특별시 동작구 상도동,서울특별시 동작구 국사봉8길 27 (상도동),근린생활2,제2종근린생활시설,10211100194192,지번
1159010200104150000,서울특별시 동작구 상도동,서울특별시 동작구 상도로 320 (상도동),근린생활1,공동주택,102113637,지번
1159010200104150000,서울특별시 동작구 상도동,서울특별시 동작구 상도로 320 (상도동),근린생활1,공동주택,102113638,지번
1159010200104150000,서울특별시 동작구 상도동,서울특별시 동작구 상도로 320 (상도동),근린생활1,공동주택,102113639,지번
1159010200104150000,서울특별시 동작구 상도동,서울특별시 동작구 상도로 320 (상도동),근린생활1,공동주택,102113640,지번
1159010200104150000,서울특별시 동작구 상도동,서울특별시 동작구 상도로 320 (상도동),근린생활1,공동주택,102113641,지번
1159010200104150000,서울특별시 동작구 상도동,서울특별시 동작구 상도로 320 (상도동),근린생활1,공동주택,102113642,지번
1159010200104150000,서울특별시 동작구 상도동,서울특별시 동작구 상도로 320 (상도동),근린생활1,공동주택,102113643,지번
1159010200104150000,서울특별시 동작구 상도동,서울특별시 동작구 상도로 320 (상도동),근린생활1,공동주택,102113644,지번
1159010200104150000,서울특별시 동작구 상도동,서울특별시 동작구 상도로 320 (상도동),근린생활1,공동주택,102113645,지번
1159010200104150000,서울특별시 동작구 상도동,서울특별시 동작구 상도로 320 (상도동),근린생활1,제1종근린생활시설,102113655,지번
1159010200104150000,서울특별시 동작구 상도동,서울특별시 동작구 상도로 320 (상도동),근린생활1,공동주택,102113656,지번
1159010200103210025,서울특별시 동작구 상도동,서울특별시 동작구 국사봉길 43-2 (상도동),근린생활2,제2종근린생활시설,10211100189871,지번
1159010300102580000,서울특별시 동작구 상도1동,서울특별시 동작구 상도로 317-1 (상도1동),근린생활2,제2종근린생활시설,1021117427,지번
1159010200102110207,서울특별시 동작구 상도동,서울특별시 동작구 양녕로28길 8 (상도동),근린생활1,제1종근린생활시설,1021110665,지번
1159010400102600012,서울특별시 동작구 본동,서울특별시 동작구 노량진로23가길 20 (본동),근린생활1,제1종근린생활시설,1021121577,지번
1159010400104940000,서울특별시 동작구 본동,서울특별시 동작구 노량진로23가길 23 (본동),근린생활2,제2종근린생활시설,10211100196413,지번
1159010400104940000,서울특별시 동작구 본동,서울특별시 동작구 노량진로23가길 23 (본동),근린생활2,공동주택,10211100196425,지번
1159010400104940000,서울특별시 동작구 본동,서울특별시 동작구 노량진로23가길 23 (본동),근린생활2,공동주택,10211100196530,지번
1159010400104940000,서울특별시 동작구 본동,서울특별시 동작구 노량진로23가길 23 (본동),근린생활2,공동주택,10211100196639,지번
1159010400104940000,서울특별시 동작구 본동,서울특별시 동작구 노량진로23가길 23 (본동),근린생활2,공동주택,10211100196748,지번
1159010400104940000,서울특별시 동작구 본동,서울특별시 동작구 노량진로23가길 23 (본동),근린생활2,공동주택,10211100196861,지번
1159010300106320000,서울특별시 동작구 상도1동,서울특별시 동작구 상도로41가길 17 (상도1동),근린생활2,제2종근린생활시설,10211100196172,지번
1159010700110240006,서울특별시 동작구 사당동,서울특별시 동작구 사당로22길 71 (사당동),근린생활2,제2종근린생활시설,10211100189691,지번
1159010900106860047,서울특별시 동작구 신대방동,서울특별시 동작구 신대방1다길 35 (신대방동),근린생활2,제2종근린생활시설,10211100191711,지번
1159010300106870000,서울특별시 동작구 상도1동,서울특별시 동작구 상도로 265-20 (상도1동),근린생활2,제2종근린생활시설,10211100198510,지번
1159010500102040033,서울특별시 동작구 흑석동,서울특별시 동작구 흑석로5길 24-5 (흑석동),근린생활2,제2종근린생활시설,1021114339,지번
1159010300107900002,서울특별시 동작구 상도1동,서울특별시 동작구 상도로 291 (상도1동),근린생활2,제2종근린생활시설,1021123925,지번
1159010300104830005,서울특별시 동작구 상도1동,서울특별시 동작구 상도로47바길 19 (상도1동),근린생활2,제2종근린생활시설,10211100189460,지번
1159010300105420000,서울특별시 동작구 상도1동,서울특별시 동작구 강남초등길 6 (상도1동),근린생활2,제2종근린생활시설,10211100195674,지번
1159010300105550002,서울특별시 동작구 상도1동,서울특별시 동작구 강남초등4길 20 (상도1동),근린생활2,제2종근린생활시설,10211100187638,지번
1159010300107150000,서울특별시 동작구 상도1동,서울특별시 동작구 상도로34나길 31 (상도1동),근린생활2,제2종근린생활시설,10211100188471,지번
1159010200105290000,서울특별시 동작구 상도동,서울특별시 동작구 상도로30길 39 (상도동),근린생활1,공동주택,10211100188173,지번
1159010200105290000,서울특별시 동작구 상도동,서울특별시 동작구 상도로30길 39 (상도동),근린생활1,공동주택,10211100188190,지번
1159010200105290000,서울특별시 동작구 상도동,서울특별시 동작구 상도로30길 39 (상도동),근린생활1,공동주택,10211100188241,지번
1159010200105290000,서울특별시 동작구 상도동,서울특별시 동작구 상도로30길 39 (상도동),근린생활1,제1종근린생활시설,10211100188318,지번
1159010200105290000,서울특별시 동작구 상도동,서울특별시 동작구 상도로30길 39 (상도동),근린생활1,공동주택,10211100188328,지번
1159010800103880020,서울특별시 동작구 대방동,서울특별시 동작구 대방동15길 28 (대방동),근린생활2,제2종근린생활시설,10211100195532,지번
1159010900103480057,서울특별시 동작구 신대방동,서울특별시 동작구 국사봉2나길 8-11 (신대방동),근린생활2,제2종근린생활시설,10211100194572,지번
1159010300103700001,서울특별시 동작구 상도1동,서울특별시 동작구 상도로37길 34 (상도1동),근린생활2,제2종근린생활시설,10211100202859,지번
1159010700107080493,서울특별시 동작구 사당동,,근린생활1,제1종근린생활시설,1021116760,지번
1159010700110010030,서울특별시 동작구 사당동,서울특별시 동작구 사당로 264-1 (사당동),근린생활2,제2종근린생활시설,102119896,지번
1159010700110180030,서울특별시 동작구 사당동,서울특별시 동작구 동작대로11길 26-6 (사당동),근린생활2,제2종근린생활시설,10211100195032,지번
1159010700110180030,서울특별시 동작구 사당동,서울특별시 동작구 동작대로13길 9 (사당동),근린생활2,종교시설,1021116954,지번
1159010700110180030,서울특별시 동작구 사당동,서울특별시 동작구 동작대로11길 20-4 (사당동),근린생활2,단독주택,1021123630,지번
1159010700110430009,서울특별시 동작구 사당동,서울특별시 동작구 동작대로1길 9-1 (사당동),근린생활,근린생활시설,1021115619,지번
1159010800103840008,서울특별시 동작구 대방동,서울특별시 동작구 여의대방로 206 (대방동),근린생활1,제2종근린생활시설,1000000000000002266971,지번
1159010500102250015,서울특별시 동작구 흑석동,서울특별시 동작구 서달로 151 (흑석동),근린생활1,제1종근린생활시설,1021125245,지번
1159010500102250017,서울특별시 동작구 흑석동,서울특별시 동작구 서달로 151 (흑석동),근린생활1,제1종근린생활시설,1021113467,지번
1159010300104880001,서울특별시 동작구 상도1동,서울특별시 동작구 상도로47길 116-9 (상도1동),근린생활2,제2종근린생활시설,10211100190291,지번
1159010300105510001,서울특별시 동작구 상도1동,서울특별시 동작구 강남초등2길 21 (상도1동),근린생활2,제2종근린생활시설,10211100189521,지번
1159010300106960000,서울특별시 동작구 상도1동,서울특별시 동작구 상도로 265-13 (상도1동),근린생활2,제2종근린생활시설,10211100188133,지번
1159010100100010002,서울특별시 동작구 노량진동,서울특별시 동작구 노들로 756 (노량진동),근린생활1,창고시설,10211100244033,지번
1159010100100010002,서울특별시 동작구 노량진동,서울특별시 동작구 노들로 756 (노량진동),근린생활1,제1종근린생활시설,102112758,지번
1159010100100010002,서울특별시 동작구 노량진동,서울특별시 동작구 노들로 756 (노량진동),근린생활1,제1종근린생활시설,102112759,지번
1159010500102690003,서울특별시 동작구 흑석동,,근린생활1,제1종근린생활시설,1021128340,본번
1159010700103050047,서울특별시 동작구 사당동,서울특별시 동작구 사당로16길 91 (사당동),근린생활1,제1종근린생활시설,1021122801,지번
1159010700107080846,서울특별시 동작구 사당동,서울특별시 동작구 사당로23길 172 (사당동),근린생활2,제2종근린생활시설,1021131440,지번
1159010200101590282,서울특별시 동작구 상도동,서울특별시 동작구 상도로38길 86 (상도동),근린생활1,제1종근린생활시설,10211100241174,지번
1159010700104190090,서울특별시 동작구 사당동,서울특별시 동작구 남부순환로263길 32 (사당동),근린생활2,제2종근린생활시설,10211100187650,지번
1159010700102490001,서울특별시 동작구 사당동,서울특별시 동작구 사당로10길 11 (사당동),근린생활2,제2종근린생활시설,10211100189340,지번
1159010300104740003,서울특별시 동작구 상도1동,서울특별시 동작구 상도로41다길 11-4 (상도1동),근린생활2,제2종근린생활시설,10211100189160,지번
1159010700100390014,서울특별시 동작구 사당동,서울특별시 동작구 동작대로35길 14 (사당동),근린생활2,제2종근린생활시설,1021122239,지번
1159010100100540008,서울특별시 동작구 노량진동,서울특별시 동작구 장승배기로 170 (노량진동),근린생활1,제1종근린생활시설,1021128221,지번
1159010900103480052,서울특별시 동작구 신대방동,서울특별시 동작구 국사봉2나길 14-12 (신대방동),근린생활2,제2종근린생활시설,10211100196192,지번
1159010700101270049,서울특별시 동작구 사당동,서울특별시 동작구 동작대로29길 57 (사당동),근린생활2,제2종근린생활시설,1021131413,지번
1159010200103280009,서울특별시 동작구 상도동,서울특별시 동작구 상도로 95 (상도동),근린생활1,제1종근린생활시설,1021115561,지번
1159010200103560012,서울특별시 동작구 상도동,서울특별시 동작구 상도로15길 45 (상도동),근린생활2,제2종근린생활시설,10211100234867,지번
1159010700102020016,서울특별시 동작구 사당동,서울특별시 동작구 사당로2차길 5-7 (사당동),근린생활2,제2종근린생활시설,10211100236628,지번
1159010700103160040,서울특별시 동작구 사당동,서울특별시 동작구 사당로20길 132 (사당동),근린생활1,제1종근린생활시설,10211100238095,지번
1159010200101830061,서울특별시 동작구 상도동,서울특별시 동작구 상도로26길 18 (상도동),근린생활2,제2종근린생활시설,1021122471,지번
1159010200102100007,서울특별시 동작구 상도동,서울특별시 동작구 양녕로26길 26 (상도동),근린생활2,제2종근린생활시설,10211100239486,지번
1159010700110330010,서울특별시 동작구 사당동,서울특별시 동작구 동작대로7길 48 (사당동),근린생활2,제2종근린생활시설,1021125345,지번
1159010700101430006,서울특별시 동작구 사당동,서울특별시 동작구 동작대로25길 52-10 (사당동),근린생활1,제1종근린생활시설,10211100242313,지번
1159010700104190182,서울특별시 동작구 사당동,서울특별시 동작구 남부순환로267가길 62 (사당동),근린생활2,제2종근린생활시설,10211100240914,지번
1159010700101750026,서울특별시 동작구 사당동,서울특별시 동작구 사당로23바길 14 (사당동),근린생활2,제2종근린생활시설,10211100241175,지번
1159010700100880007,서울특별시 동작구 사당동,서울특별시 동작구 동작대로29가길 15 (사당동),근린생활1,제1종근린생활시설,10211100240533,지번
1159010500100090073,서울특별시 동작구 흑석동,서울특별시 동작구 현충로 108 (흑석동),근린생활1,제1종근린생활시설,1021110036,지번
1159010700101450030,서울특별시 동작구 사당동,서울특별시 동작구 동작대로27가길 37 (사당동),근린생활1,제1종근린생활시설,1021117576,지번
1159010100100840101,서울특별시 동작구 노량진동,서울특별시 동작구 장승배기로28길 26 (노량진동),근린생활2,제2종근린생활시설,1021116933,지번
1159010300107600000,서울특별시 동작구 상도1동,서울특별시 동작구 상도로 273 (상도1동),근린생활2,제2종근린생활시설,10211100236327,지번
1159010200103610116,서울특별시 동작구 상도동,서울특별시 동작구 상도로15마길 8 (상도동),근린생활1,제1종근린생활시설,1021118441,지번
1159010500101060002,서울특별시 동작구 흑석동,서울특별시 동작구 서달로15길 8-9 (흑석동),근린생활1,제1종근린생활시설,10211100206656,지번
1159010500100500023,서울특별시 동작구 흑석동,서울특별시 동작구 서달로14길 22 (흑석동),근린생활1,제1종근린생활시설,1021110436,지번
1159010800104010007,서울특별시 동작구 대방동,서울특별시 동작구 상도로 8 (대방동),근린생활2,제2종근린생활시설,102111533,지번
1159010100103100204,서울특별시 동작구 노량진동,서울특별시 동작구 장승배기로16가길 3 (노량진동),근린생활2,제2종근린생활시설,10211100236986,지번
1159010700100790003,서울특별시 동작구 사당동,서울특별시 동작구 동작대로 153 (사당동),근린생활2,제2종근린생활시설,10211100231545,지번
1159010900103440237,서울특별시 동작구 신대방동,서울특별시 동작구 보라매로15길 11 (신대방동),근린생활2,제2종근린생활시설,10211100234146,지번
1159010100100720057,서울특별시 동작구 노량진동,서울특별시 동작구 노량진로 150 (노량진동),근린생활1,제1종근린생활시설,1021125499,지번
1159010800103510002,서울특별시 동작구 대방동,서울특별시 동작구 알마타길 20 (대방동),근린생활2,제2종근린생활시설,102118820,지번
1159010100100520005,서울특별시 동작구 노량진동,서울특별시 동작구 장승배기로28길 18 (노량진동),근린생활2,제2종근린생활시설,10211100233626,지번
1159010100100390004,서울특별시 동작구 노량진동,서울특별시 동작구 노량진로12길 11-6 (노량진동),근린생활2,제2종근린생활시설,10211100236507,지번
1159010300105440000,서울특별시 동작구 상도1동,서울특별시 동작구 강남초등길 8-1 (상도1동),근린생활2,제2종근린생활시설,10211100240307,지번
1159010200104660004,서울특별시 동작구 상도동,서울특별시 동작구 상도로49길 8 (상도동),근린생활1,제1종근린생활시설,1021125016,지번
1159010700101470040,서울특별시 동작구 사당동,서울특별시 동작구 동작대로27가길 40 (사당동),근린생활2,제2종근린생활시설,1021120003,지번
1159010100101260033,서울특별시 동작구 노량진동,서울특별시 동작구 만양로14나길 9 (노량진동),근린생활1,제1종근린생활시설,10211100194772,지번
1159010500100500072,서울특별시 동작구 흑석동,서울특별시 동작구 서달로14마길 18 (흑석동),근린생활1,제1종근린생활시설,102119464,지번
1159010100101400000,서울특별시 동작구 노량진동,서울특별시 동작구 만양로14길 67 (노량진동),근린생활2,제2종근린생활시설,1021130225,지번
1159010300105620000,서울특별시 동작구 상도1동,서울특별시 동작구 강남초등6길 2 (상도1동),근린생활2,제2종근린생활시설,1021113730,지번
1159010900103440104,서울특별시 동작구 신대방동,서울특별시 동작구 보라매로9길 5 (신대방동),근린생활2,제2종근린생활시설,10211100241153,지번
1159010300103890012,서울특별시 동작구 상도1동,서울특별시 동작구 상도로 296-2 (상도1동),근린생활1,제1종근린생활시설,1021117100,지번
1159010500101860025,서울특별시 동작구 흑석동,서울특별시 동작구 흑석로13마길 30 (흑석동),근린생활1,공동주택,1000000000000000101581,지번
1159010500101860025,서울특별시 동작구 흑석동,서울특별시 동작구 흑석로13마길 30 (흑석동),근린생활1,공동주택,1000000000000000101592,지번
1159010700101500026,서울특별시 동작구 사당동,서울특별시 동작구 사당로 285-1 (사당동),근린생활1,제1종근린생활시설,102117742,지번
1159010100100350002,서울특별시 동작구 노량진동,서울특별시 동작구 노량진로8길 31 (노량진동),근린생활1,제1종근린생활시설,1021129621,지번
1159010200102590035,서울특별시 동작구 상도동,서울특별시 동작구 성대로 72 (상도동),근린생활1,제1종근린생활시설,10211100235228,지번
1159010100102050020,서울특별시 동작구 노량진동,서울특별시 동작구 만양로12가길 23 (노량진동),근린생활2,공동주택,1000000000000006354815,지번
1159010100101480054,서울특별시 동작구 노량진동,서울특별시 동작구 만양로18길 23 (노량진동),근린생활,근린생활시설,102117908,지번
1159010300107720001,서울특별시 동작구 상도1동,서울특별시 동작구 상도로 283-2 (상도1동),근린생활2,제2종근린생활시설,10211100239407,지번
1159010200104250000,서울특별시 동작구 상도동,서울특별시 동작구 상도로47아길 44-1 (상도동),근린생활1,제1종근린생활시설,10211100240693,지번
1159010500102640001,서울특별시 동작구 흑석동,서울특별시 동작구 현충로12길 10 (흑석동),근린생활2,단독주택,1021124288,본번
1159010100100560026,서울특별시 동작구 노량진동,서울특별시 동작구 장승배기로30길 5 (노량진동),근린생활2,제2종근린생활시설,10211100235206,지번
1159010200104710004,서울특별시 동작구 상도동,서울특별시 동작구 상도로62길 81-4 (상도동),근린생활2,제2종근린생활시설,10211100239887,지번
1159010200102740019,서울특별시 동작구 상도동,서울특별시 동작구 성대로10길 18 (상도동),근린생활1,제1종근린생활시설,10211100239987,지번
1159010700110190023,서울특별시 동작구 사당동,서울특별시 동작구 동작대로9길 8-12 (사당동),근린생활2,제2종근린생활시설,10211100228065,지번
1159010200104980007,서울특별시 동작구 상도동,서울특별시 동작구 상도로66길 17 (상도동),근린생활2,제2종근린생활시설,10211100229946,지번
1159010700103160001,서울특별시 동작구 사당동,서울특별시 동작구 사당로16길 27 (사당동),근린생활2,제2종근린생활시설,102115230,지번
1159010300108050001,서울특별시 동작구 상도1동,서울특별시 동작구 상도로38길 3-16 (상도1동),근린생활2,제2종근린생활시설,10211100228099,지번
1159010700102310004,서울특별시 동작구 사당동,서울특별시 동작구 사당로16다길 80 (사당동),근린생활2,제2종근린생활시설,10211100215865,지번
1159010100102220066,서울특별시 동작구 노량진동,서울특별시 동작구 만양로12길 5-12 (노량진동),근린생활1,제1종근린생활시설,10211100233966,지번
1159010100102220066,서울특별시 동작구 노량진동,서울특별시 동작구 만양로12길 5-12 (노량진동),근린생활1,노유자시설,1021129831,지번
1159010700110440013,서울특별시 동작구 사당동,서울특별시 동작구 남부순환로 2069 (사당동),근린생활2,제2종근린생활시설,1021114074,지번
1159010500101620010,서울특별시 동작구 흑석동,서울특별시 동작구 흑석로 120-1 (흑석동),근린생활1,제1종근린생활시설,102118159,지번
1159010500102040063,서울특별시 동작구 흑석동,서울특별시 동작구 흑석로3길 18 (흑석동),근린생활2,제2종근린생활시설,10211100235666,지번
1159010200100270002,서울특별시 동작구 상도동,서울특별시 동작구 상도로 212 (상도동),근린생활2,제2종근린생활시설,10211100215965,지번
1159010200102140105,서울특별시 동작구 상도동,서울특별시 동작구 양녕로20길 97 (상도동),근린생활2,제2종근린생활시설,10211100217366,지번
1159010200109010000,서울특별시 동작구 상도동,서울특별시 동작구 등용로 24 (상도동),근린생활1,제1종근린생활시설,10211100231150,지번
1159010500100090089,서울특별시 동작구 흑석동,서울특별시 동작구 현충로 100-1 (흑석동),근린생활2,제2종근린생활시설,1021127523,지번
1159010500100740000,서울특별시 동작구 흑석동,서울특별시 동작구 서달로10사길 24-1 (흑석동),근린생활2,단독주택,102114949,본번
1159010200104780023,서울특별시 동작구 상도동,서울특별시 동작구 상도로37길 77 (상도동),근린생활2,제2종근린생활시설,1021118367,지번
1159010100100140038,서울특별시 동작구 노량진동,서울특별시 동작구 노량진로 171-3 (노량진동),근린생활2,제2종근린생활시설,1021115248,지번
1159010800104170008,서울특별시 동작구 대방동,서울특별시 동작구 여의대방로24가길 9 (대방동),근린생활2,제2종근린생활시설,10211100216058,지번
1159010700102540006,서울특별시 동작구 사당동,서울특별시 동작구 사당로 216 (사당동),근린생활1,제1종근린생활시설,1021114108,지번
1159010700110460013,서울특별시 동작구 사당동,서울특별시 동작구 남부순환로 2059 (사당동),근린생활1,제1종근린생활시설,1021126250,지번
1159010200100770076,서울특별시 동작구 상도동,서울특별시 동작구 상도로37길 63-3 (상도동),근린생활2,제2종근린생활시설,10211100226585,지번
1159010100100520007,서울특별시 동작구 노량진동,서울특별시 동작구 장승배기로26길 13 (노량진동),근린생활2,제2종근린생활시설,10211100228646,지번
1159010200103240043,서울특별시 동작구 상도동,서울특별시 동작구 국사봉1길 31 (상도동),근린생활1,제1종근린생활시설,1021124885,지번
1159010700110270005,서울특별시 동작구 사당동,서울특별시 동작구 동작대로9가길 28 (사당동),근린생활2,제2종근린생활시설,10211100231885,지번
1159010300106350000,서울특별시 동작구 상도1동,서울특별시 동작구 양녕로 280-1 (상도1동),근린생활1,공동주택,10211100228805,지번
1159010800103400012,서울특별시 동작구 대방동,서울특별시 동작구 노량진로 20-4 (대방동),근린생활2,제2종근린생활시설,10211100193652,지번
1159010700101470041,서울특별시 동작구 사당동,서울특별시 동작구 동작대로27가길 48 (사당동),근린생활2,제2종근린생활시설,10211100226426,지번
1159010700110270012,서울특별시 동작구 사당동,서울특별시 동작구 동작대로9가길 24-3 (사당동),근린생활2,제2종근린생활시설,10211100192732,지번
1159010100101260032,서울특별시 동작구 노량진동,서울특별시 동작구 만양로14나길 7 (노량진동),근린생활2,제2종근린생활시설,10211100227285,지번
1159010100100450013,서울특별시 동작구 노량진동,서울특별시 동작구 장승배기로 169 (노량진동),근린생활2,제2종근린생활시설,1021119708,지번
1159010100102050059,서울특별시 동작구 노량진동,서울특별시 동작구 만양로12가길 27 (노량진동),근린생활2,공동주택,1000000000000006459353,지번
1159010100101190151,서울특별시 동작구 노량진동,서울특별시 동작구 만양로14길 7 (노량진동),근린생활2,제2종근린생활시설,1021114332,지번
1159010700110480035,서울특별시 동작구 사당동,서울특별시 동작구 남부순환로 2033 (사당동),근린생활1,제1종근린생활시설,1021110372,지번
1159010200102460002,서울특별시 동작구 상도동,서울특별시 동작구 성대로1길 16 (상도동),근린생활2,제2종근린생활시설,102119294,지번
1159010100100520026,서울특별시 동작구 노량진동,서울특별시 동작구 장승배기로28길 16-1 (노량진동),근린생활2,제2종근린생활시설,10211100220005,지번
1159010100102020003,서울특별시 동작구 노량진동,서울특별시 동작구 만양로14사길 1 (노량진동),근린생활2,제2종근린생활시설,1021120560,지번
1159010200100290013,서울특별시 동작구 상도동,서울특별시 동작구 상도로34길 8-3 (상도동),근린생활1,제1종근린생활시설,1021112451,지번
1159010500102040055,서울특별시 동작구 흑석동,서울특별시 동작구 흑석로5길 7-3 (흑석동),근린생활2,제2종근린생활시설,10211100223385,지번
1159010100100520049,서울특별시 동작구 노량진동,서울특별시 동작구 장승배기로26길 19-1 (노량진동),근린생활2,제2종근린생활시설,10211100231187,지번
1159010100100830001,서울특별시 동작구 노량진동,서울특별시 동작구 노량진로14가길 6 (노량진동),근린생활2,제2종근린생활시설,10211100230342,지번
1159010800103940016,서울특별시 동작구 대방동,서울특별시 동작구 상도로 57 (대방동),근린생활2,제2종근린생활시설,10211100229405,지번
1159010700100880022,서울특별시 동작구 사당동,서울특별시 동작구 동작대로29가길 11 (사당동),근린생활1,제1종근린생활시설,10211100230045,지번
1159010200104960020,서울특별시 동작구 상도동,서울특별시 동작구 상도로 392-18 (상도동),근린생활1,제2종근린생활시설,10211100259014,지번
1159010200104970007,서울특별시 동작구 상도동,서울특별시 동작구 상도로 392-15 (상도동),근린생활2,제2종근린생활시설,10211100229325,지번
1159010300105510003,서울특별시 동작구 상도1동,서울특별시 동작구 강남초등2길 19 (상도1동),근린생활2,제2종근린생활시설,10211100230285,지번
1159010200104730007,서울특별시 동작구 상도동,서울특별시 동작구 상도로56길 6 (상도동),근린생활2,제2종근린생활시설,10211100231186,지번
1159010900103610050,서울특별시 동작구 신대방동,서울특별시 동작구 여의대방로24길 64 (신대방동),근린생활2,제2종근린생활시설,10211100225239,지번
1159010700102960025,서울특별시 동작구 사당동,서울특별시 동작구 사당로16사길 1-4 (사당동),근린생활2,제2종근린생활시설,10211100230125,지번
1159010100102180075,서울특별시 동작구 노량진동,서울특별시 동작구 만양로11길 12 (노량진동),근린생활2,공동주택,1000000000000001584027,지번
1159010200103580033,서울특별시 동작구 상도동,서울특별시 동작구 상도로15길 84-6 (상도동),근린생활2,제2종근린생활시설,10211100231998,지번
1159010700110480038,서울특별시 동작구 사당동,서울특별시 동작구 남부순환로 2039 (사당동),근린생활2,제2종근린생활시설,10211100230425,지번
1159010700101480016,서울특별시 동작구 사당동,서울특별시 동작구 동작대로25길 47 (사당동),근린생활2,제2종근린생활시설,10211100211377,지번
1159010900103440248,서울특별시 동작구 신대방동,서울특별시 동작구 보라매로15길 3 (신대방동),근린생활2,제2종근린생활시설,10211100219645,지번
1159010700100720015,서울특별시 동작구 사당동,서울특별시 동작구 동작대로35가길 3 (사당동),근린생활2,제2종근린생활시설,10211100215826,지번
1159010200101880010,서울특별시 동작구 상도동,서울특별시 동작구 성대로29길 69 (상도동),근린생활2,제2종근린생활시설,10211100229545,지번
1159010800104020015,서울특별시 동작구 대방동,서울특별시 동작구 여의대방로24마길 19 (대방동),근린생활2,제2종근린생활시설,10211100226285,지번
1159010700102620011,서울특별시 동작구 사당동,서울특별시 동작구 사당로13길 38-8 (사당동),근린생활2,제2종근린생활시설,10211100231474,지번
1159010200101600000,서울특별시 동작구 상도동,서울특별시 동작구 상도로34길 62-12 (상도동),근린생활2,제2종근린생활시설,10211100227245,지번
1159010200104930009,서울특별시 동작구 상도동,서울특별시 동작구 상도로60길 6 (상도동),근린생활2,제2종근린생활시설,1021123484,지번
1159010800103950004,서울특별시 동작구 대방동,서울특별시 동작구 상도로 43 (대방동),근린생활2,제2종근린생활시설,10211100227005,지번
1159010800103950008,서울특별시 동작구 대방동,서울특별시 동작구 대방동1길 19 (대방동),근린생활2,제2종근린생활시설,10211100224045,지번
1159010700102240033,서울특별시 동작구 사당동,서울특별시 동작구 솔밭로 102 (사당동),근린생활2,제2종근린생활시설,10211100185051,지번
1159010700110480036,서울특별시 동작구 사당동,서울특별시 동작구 남부순환로 2037 (사당동),근린생활,근린생활시설,1021118376,지번
1159010700101470102,서울특별시 동작구 사당동,서울특별시 동작구 사당로 307 (사당동),근린생활1,제1종근린생활시설,1021110712,지번
1159010900105860002,서울특별시 동작구 신대방동,서울특별시 동작구 시흥대로 676 (신대방동),근린생활1,제1종근린생활시설,1021128203,지번
1159010900103440039,서울특별시 동작구 신대방동,서울특별시 동작구 보라매로 69 (신대방동),근린생활1,제1종근린생활시설,102117760,지번
1159010500101960013,서울특별시 동작구 흑석동,서울특별시 동작구 흑석로13바길 18 (흑석동),근린생활2,제2종근린생활시설,10211100230566,지번
1159010900103430005,서울특별시 동작구 신대방동,서울특별시 동작구 보라매로7길 2 (신대방동),근린생활1,제1종근린생활시설,1021115654,지번
1159010800100170040,서울특별시 동작구 대방동,서울특별시 동작구 등용로 85 (대방동),근린생활2,제2종근린생활시설,10211100186431,지번
1159010800104010021,서울특별시 동작구 대방동,서울특별시 동작구 상도로 16 (대방동),근린생활2,제2종근린생활시설,1021114644,지번
1159010100101480087,서울특별시 동작구 노량진동,서울특별시 동작구 노량진로 174 (노량진동),근린생활2,제2종근린생활시설,1021117406,지번
1159010100100620008,서울특별시 동작구 노량진동,서울특별시 동작구 노량진로 134 (노량진동),근린생활2,제2종근린생활시설,10211100236561,지번
1159010200104630009,서울특별시 동작구 상도동,서울특별시 동작구 상도로37길 58 (상도동),근린생활1,제1종근린생활시설,1021123020,지번
1159010200100220001,서울특별시 동작구 상도동,서울특별시 동작구 만양로 11 (상도동),근린생활2,제2종근린생활시설,1021123618,지번
1159010900103600029,서울특별시 동작구 신대방동,서울특별시 동작구 여의대방로22아길 2 (신대방동),근린생활1,제1종근린생활시설,1021116451,지번
1159010500103350001,서울특별시 동작구 흑석동,서울특별시 동작구 흑석한강로 2 (흑석동),근린생활1,제1종근린생활시설,10211100198171,지번
1159010700110290024,서울특별시 동작구 사당동,서울특별시 동작구 동작대로7길 18 (사당동),근린생활1,제1종근린생활시설,1021130667,지번
1159010200105060009,서울특별시 동작구 상도동,서울특별시 동작구 상도로61길 65 (상도동),근린생활2,제2종근린생활시설,1021111551,지번
1159010900103470025,서울특별시 동작구 신대방동,서울특별시 동작구 여의대방로24길 134 (신대방동),근린생활1,제1종근린생활시설,1021115414,지번
1159010100100900008,서울특별시 동작구 노량진동,서울특별시 동작구 노량진로16길 27 (노량진동),근린생활2,제2종근린생활시설,1021110468,지번
1159010700100880010,서울특별시 동작구 사당동,서울특별시 동작구 동작대로31길 8 (사당동),근린생활2,제2종근린생활시설,1021112376,지번
1159010400103870001,서울특별시 동작구 본동,서울특별시 동작구 노량진로 224 (본동),근린생활1,제1종근린생활시설,102119254,지번
1159010500101010003,서울특별시 동작구 흑석동,서울특별시 동작구 서달로15길 13 (흑석동),근린생활1,제1종근린생활시설,102111411,지번
1159010500101010003,서울특별시 동작구 흑석동,,근린생활1,제1종근린생활시설,102111412,지번
1159010700110070057,서울특별시 동작구 사당동,서울특별시 동작구 동작대로 75 (사당동),근린생활1,제1종근린생활시설,1021130806,지번
1159010200100310007,서울특별시 동작구 상도동,서울특별시 동작구 상도로 236 (상도동),근린생활1,제1종근린생활시설,102117587,지번
1159010700110460032,서울특별시 동작구 사당동,서울특별시 동작구 남부순환로269길 21 (사당동),근린생활,근린생활시설,1021118203,지번
1159010900103440023,서울특별시 동작구 신대방동,서울특별시 동작구 보라매로 77 (신대방동),근린생활1,제1종근린생활시설,102115559,지번
1159010700110400028,서울특별시 동작구 사당동,서울특별시 동작구 동작대로3길 27 (사당동),근린생활2,제2종근린생활시설,1021122024,지번
1159010800104030001,서울특별시 동작구 대방동,서울특별시 동작구 상도로 42 (대방동),근린생활2,제2종근린생활시설,1021129005,지번
1159010700110390033,서울특별시 동작구 사당동,서울특별시 동작구 남부순환로271가길 11 (사당동),근린생활2,제2종근린생활시설,102117479,지번
1159010800104170004,서울특별시 동작구 대방동,서울특별시 동작구 여의대방로 130 (대방동),근린생활1,제1종근린생활시설,10211100233486,지번
1159010700111320000,서울특별시 동작구 사당동,서울특별시 동작구 사당로27길 190 (사당동),근린생활1,공동주택,102114726,지번
1159010700111320000,서울특별시 동작구 사당동,서울특별시 동작구 사당로27길 190 (사당동),근린생활1,공동주택,102114727,지번
1159010700111320000,서울특별시 동작구 사당동,서울특별시 동작구 사당로27길 190 (사당동),근린생활1,공동주택,102114728,지번
1159010700111320000,서울특별시 동작구 사당동,서울특별시 동작구 사당로27길 190 (사당동),근린생활1,공동주택,102114729,지번
1159010700111320000,서울특별시 동작구 사당동,서울특별시 동작구 사당로27길 190 (사당동),근린생활1,공동주택,102114730,지번
1159010700111320000,서울특별시 동작구 사당동,서울특별시 동작구 사당로27길 190 (사당동),근린생활1,공동주택,102114731,지번
1159010700111320000,서울특별시 동작구 사당동,서울특별시 동작구 사당로27길 190 (사당동),근린생활1,공동주택,102114732,지번
1159010700111320000,서울특별시 동작구 사당동,서울특별시 동작구 사당로27길 190 (사당동),근린생활1,제1종근린생활시설,102114733,지번
1159010700111320000,서울특별시 동작구 사당동,서울특별시 동작구 사당로27길 190 (사당동),근린생활1,노유자시설,102118628,지번
1159010200103590032,서울특별시 동작구 상도동,서울특별시 동작구 상도로15길 110 (상도동),근린생활1,제1종근린생활시설,1021125552,지번
1159010800100450014,서울특별시 동작구 대방동,서울특별시 동작구 등용로4길 139 (대방동),근린생활1,단독주택,102113113,지번
1159010800100450014,서울특별시 동작구 대방동,서울특별시 동작구 등용로4길 139 (대방동),근린생활1,창고시설,102113114,지번
1159010800100450014,서울특별시 동작구 대방동,서울특별시 동작구 등용로4길 139 (대방동),근린생활1,제1종근린생활시설,102113115,지번
1159010800100450014,서울특별시 동작구 대방동,서울특별시 동작구 등용로4길 139 (대방동),근린생활1,방송통신시설,102113116,지번
1159010200104850001,서울특별시 동작구 상도동,서울특별시 동작구 상도로37길 81 (상도동),근린생활2,제2종근린생활시설,1021110617,지번
1159010200103140013,서울특별시 동작구 상도동,서울특별시 동작구 성대로 24 (상도동),근린생활2,제2종근린생활시설,1021118991,지번
1159010700110070050,서울특별시 동작구 사당동,서울특별시 동작구 동작대로 71 (사당동),근린생활2,제2종근린생활시설,102116470,지번
1159010200102070003,서울특별시 동작구 상도동,서울특별시 동작구 장승배기로 6 (상도동),근린생활2,제2종근린생활시설,1021113204,지번
1159010200101870003,서울특별시 동작구 상도동,서울특별시 동작구 상도로 152-1 (상도동),근린생활1,제1종근린생활시설,1021119062,지번
1159010700111390000,서울특별시 동작구 사당동,서울특별시 동작구 사당로2가길 102 (사당동),근린생활1,공동주택,102115165,지번
1159010700111390000,서울특별시 동작구 사당동,서울특별시 동작구 사당로2가길 102 (사당동),근린생활1,공동주택,102115166,지번
1159010700111390000,서울특별시 동작구 사당동,서울특별시 동작구 사당로2가길 102 (사당동),근린생활1,제1종근린생활시설,102115167,지번
1159010700111390000,서울특별시 동작구 사당동,서울특별시 동작구 사당로2가길 102 (사당동),근린생활1,공동주택,102115168,지번
1159010700111390000,서울특별시 동작구 사당동,서울특별시 동작구 사당로2가길 102 (사당동),근린생활1,공동주택,102115169,지번
1159010700111390000,서울특별시 동작구 사당동,서울특별시 동작구 사당로2가길 102 (사당동),근린생활1,공동주택,102115170,지번
1159010700111390000,서울특별시 동작구 사당동,서울특별시 동작구 사당로2가길 102 (사당동),근린생활1,공동주택,102115171,지번
1159010700111390000,서울특별시 동작구 사당동,서울특별시 동작구 사당로2가길 102 (사당동),근린생활1,공동주택,102115172,지번
1159010700111390000,서울특별시 동작구 사당동,서울특별시 동작구 사당로2가길 102 (사당동),근린생활1,공동주택,102115173,지번
1159010700111390000,서울특별시 동작구 사당동,서울특별시 동작구 사당로2가길 102 (사당동),근린생활1,공동주택,102115174,지번
1159010700102650021,서울특별시 동작구 사당동,서울특별시 동작구 사당로 233 (사당동),근린생활2,제2종근린생활시설,1021127473,지번
1159010700100890069,서울특별시 동작구 사당동,서울특별시 동작구 동작대로29길 18 (사당동),근린생활1,제1종근린생활시설,1021123322,지번
1159010200103650009,서울특별시 동작구 상도동,서울특별시 동작구 상도로 172 (상도동),근린생활,근린생활시설,1021111362,지번
1159010200101880014,서울특별시 동작구 상도동,서울특별시 동작구 상도로 147 (상도동),근린생활1,제1종근린생활시설,10211100187490,지번
1159010700102300017,서울특별시 동작구 사당동,서울특별시 동작구 사당로8길 32 (사당동),근린생활1,제1종근린생활시설,1021130881,지번
1159010200105020000,서울특별시 동작구 상도동,서울특별시 동작구 사당로 18-1 (상도동),근린생활2,제2종근린생활시설,1021113197,지번
1159010100102710025,서울특별시 동작구 노량진동,서울특별시 동작구 노량진로6길 16 (노량진동),근린생활2,제2종근린생활시설,1021126665,지번
1159010400104100000,서울특별시 동작구 본동,서울특별시 동작구 노량진로22길 22 (본동),근린생활2,제2종근린생활시설,10211100186012,지번
1159010400104150000,서울특별시 동작구 본동,서울특별시 동작구 노량진로22길 22-6 (본동),근린생활2,제2종근린생활시설,10211100186011,지번
1159010400104330000,서울특별시 동작구 본동,서울특별시 동작구 노량진로22길 28 (본동),근린생활1,제1종근린생활시설,1021128235,지번
1159010400104080001,서울특별시 동작구 본동,서울특별시 동작구 노량진로18길 20 (본동),근린생활2,제2종근린생활시설,1021131022,지번
1159010900107130000,서울특별시 동작구 신대방동,서울특별시 동작구 여의대방로10길 38 (신대방동),근린생활1,제1종근린생활시설,102113596,지번
1159010900107130000,서울특별시 동작구 신대방동,서울특별시 동작구 여의대방로10길 38 (신대방동),근린생활1,공동주택,102113601,지번
1159010900107130000,서울특별시 동작구 신대방동,서울특별시 동작구 여의대방로10길 38 (신대방동),근린생활1,공동주택,102113602,지번
1159010900107130000,서울특별시 동작구 신대방동,서울특별시 동작구 여의대방로10길 38 (신대방동),근린생활1,공동주택,102113603,지번
1159010900107130000,서울특별시 동작구 신대방동,서울특별시 동작구 여의대방로10길 38 (신대방동),근린생활1,공동주택,102113604,지번
1159010900107130000,서울특별시 동작구 신대방동,서울특별시 동작구 여의대방로10길 38 (신대방동),근린생활1,공동주택,102113605,지번
1159010900107130000,서울특별시 동작구 신대방동,서울특별시 동작구 여의대방로10길 38 (신대방동),근린생활1,공동주택,102113606,지번
1159010900107130000,서울특별시 동작구 신대방동,서울특별시 동작구 여의대방로10길 38 (신대방동),근린생활1,공동주택,102113607,지번
1159010700102880019,서울특별시 동작구 사당동,서울특별시 동작구 사당로16라길 71 (사당동),근린생활2,제2종근린생활시설,1021113591,지번
1159010700110060002,서울특별시 동작구 사당동,서울특별시 동작구 동작대로23길 33 (사당동),근린생활2,제2종근린생활시설,1021122129,지번
1159010700110430004,서울특별시 동작구 사당동,서울특별시 동작구 동작대로1길 19 (사당동),근린생활2,제2종근린생활시설,102117826,지번
1159010200101870001,서울특별시 동작구 상도동,서울특별시 동작구 상도로 153 (상도동),근린생활1,제1종근린생활시설,102114247,지번
1159010200101870001,서울특별시 동작구 상도동,서울특별시 동작구 상도로19길 40 (상도동),근린생활1,단독주택,102114248,지번
1159010700110290023,서울특별시 동작구 사당동,서울특별시 동작구 동작대로7길 20 (사당동),근린생활2,제2종근린생활시설,1021125418,지번
1159010100101480059,서울특별시 동작구 노량진동,서울특별시 동작구 만양로18길 19-13 (노량진동),근린생활2,제2종근린생활시설,102116975,지번
1159010200102940006,서울특별시 동작구 상도동,서울특별시 동작구 국사봉1길 114 (상도동),근린생활1,제1종근린생활시설,1021118005,지번
1159010200102040045,서울특별시 동작구 상도동,서울특별시 동작구 장승배기로 41 (상도동),근린생활2,제2종근린생활시설,1021119341,지번
1159010700101350006,서울특별시 동작구 사당동,서울특별시 동작구 동작대로 119-1 (사당동),근린생활1,제1종근린생활시설,102117614,지번
1159010800103930065,서울특별시 동작구 대방동,서울특별시 동작구 상도로 69 (대방동),근린생활1,제1종근린생활시설,1021118385,지번
1159010800103960001,서울특별시 동작구 대방동,서울특별시 동작구 상도로 43-1 (대방동),근린생활2,제2종근린생활시설,102116190,지번
1159010700101450028,서울특별시 동작구 사당동,서울특별시 동작구 동작대로27가길 31 (사당동),근린생활1,제1종근린생활시설,1021116591,지번
1159010100100850037,서울특별시 동작구 노량진동,서울특별시 동작구 노량진로14가길 16 (노량진동),근린생활2,제2종근린생활시설,1021124675,지번
1159010700100790012,서울특별시 동작구 사당동,서울특별시 동작구 동작대로 155 (사당동),근린생활2,제2종근린생활시설,1021118199,지번
1159010700110440004,서울특별시 동작구 사당동,서울특별시 동작구 남부순환로 2067 (사당동),근린생활2,제2종근린생활시설,1021128491,지번
1159010900103460012,서울특별시 동작구 신대방동,서울특별시 동작구 보라매로 96-1 (신대방동),근린생활2,제2종근린생활시설,1021115875,지번
1159010100101180006,서울특별시 동작구 노량진동,서울특별시 동작구 만양로14가길 17 (노량진동),근린생활2,제2종근린생활시설,1021128718,지번
1159010100101250017,서울특별시 동작구 노량진동,서울특별시 동작구 만양로14가길 10 (노량진동),근린생활2,제2종근린생활시설,1021110117,지번
1159010900106070028,서울특별시 동작구 신대방동,,근린생활2,제2종근린생활시설,1021122886,지번
1159010200105050006,서울특별시 동작구 상도동,서울특별시 동작구 사당로 20 (상도동),근린생활2,제2종근린생활시설,1021129635,지번
1159010100102060038,서울특별시 동작구 노량진동,서울특별시 동작구 만양로14마길 13 (노량진동),근린생활2,제2종근린생활시설,102116367,지번
1159010500102070017,서울특별시 동작구 흑석동,서울특별시 동작구 흑석로6길 18 (흑석동),근린생활2,제2종근린생활시설,1021120879,지번
1159010700110310021,서울특별시 동작구 사당동,서울특별시 동작구 동작대로 25-1 (사당동),근린생활2,제2종근린생활시설,10211100187190,지번
1159010800100400002,서울특별시 동작구 대방동,서울특별시 동작구 등용로14길 20 (대방동),근린생활2,제2종근린생활시설,1021121001,지번
1159010700110150048,서울특별시 동작구 사당동,서울특별시 동작구 사당로26길 38 (사당동),근린생활2,제2종근린생활시설,1021116449,지번
1159010200102140080,서울특별시 동작구 상도동,서울특별시 동작구 양녕로20길 108 (상도동),근린생활2,제2종근린생활시설,1021121898,지번
1159010100101250001,서울특별시 동작구 노량진동,서울특별시 동작구 만양로14나길 8 (노량진동),근린생활2,제2종근린생활시설,102117121,지번
1159010200104280000,서울특별시 동작구 상도동,서울특별시 동작구 상도로53길 59 (상도동),근린생활1,제1종근린생활시설,1021120516,지번
1159010200104670000,서울특별시 동작구 상도동,서울특별시 동작구 상도로 331 (상도동),근린생활1,제1종근린생활시설,102117830,지번
1159010700110320005,서울특별시 동작구 사당동,서울특별시 동작구 사당로30길 124 (사당동),근린생활2,제2종근린생활시설,1021130075,지번
1159010700107080448,서울특별시 동작구 사당동,서울특별시 동작구 동작대로25길 34 (사당동),근린생활1,제1종근린생활시설,1021131124,지번
1159010200101610020,서울특별시 동작구 상도동,서울특별시 동작구 상도로34길 60-6 (상도동),근린생활2,제2종근린생활시설,10211100182662,지번
1159010800103330003,서울특별시 동작구 대방동,서울특별시 동작구 국사봉1길 3 (대방동),근린생활1,제1종근린생활시설,1021128072,지번
1159010300107010002,서울특별시 동작구 상도1동,서울특별시 동작구 양녕로 259 (상도1동),근린생활2,제2종근린생활시설,1021130415,지번
1159010700101390072,서울특별시 동작구 사당동,서울특별시 동작구 동작대로27가길 12 (사당동),근린생활2,제2종근린생활시설,1021111201,지번
1159010100101480050,서울특별시 동작구 노량진동,서울특별시 동작구 만양로18길 39 (노량진동),근린생활2,제2종근린생활시설,1021130376,지번
1159010200101880081,서울특별시 동작구 상도동,서울특별시 동작구 성대로29길 53 (상도동),근린생활1,제1종근린생활시설,102116072,지번
1159010200103230004,서울특별시 동작구 상도동,서울특별시 동작구 국사봉1길 18 (상도동),근린생활1,제1종근린생활시설,102117109,지번
1159010200104220000,서울특별시 동작구 상도동,서울특별시 동작구 상도로55길 47 (상도동),근린생활2,제2종근린생활시설,1021113325,지번
1159010100101170024,서울특별시 동작구 노량진동,서울특별시 동작구 만양로 104 (노량진동),근린생활2,제2종근린생활시설,1021111748,지번
1159010700110140023,서울특별시 동작구 사당동,서울특별시 동작구 동작대로15길 87 (사당동),근린생활2,제2종근린생활시설,10211100193972,지번
1159010200101810005,서울특별시 동작구 상도동,서울특별시 동작구 장승배기로 62-1 (상도동),근린생활2,제2종근린생활시설,102119802,지번
1159010300107670000,서울특별시 동작구 상도1동,서울특별시 동작구 상도로37길 12 (상도1동),근린생활2,제2종근린생활시설,102118014,지번
1159010100102060036,서울특별시 동작구 노량진동,서울특별시 동작구 만양로14마길 14 (노량진동),근린생활1,제1종근린생활시설,102117838,지번
1159010700102460007,서울특별시 동작구 사당동,서울특별시 동작구 사당로 192 (사당동),근린생활2,제2종근린생활시설,10211100188811,지번
1159010700101390088,서울특별시 동작구 사당동,서울특별시 동작구 동작대로27가길 14 (사당동),근린생활1,제1종근린생활시설,1021127867,지번
1159010100102240001,서울특별시 동작구 노량진동,서울특별시 동작구 만양로 79 (노량진동),근린생활2,제2종근린생활시설,1021128280,지번
1159010700110320029,서울특별시 동작구 사당동,서울특별시 동작구 사당로30길 142 (사당동),근린생활2,제2종근린생활시설,102117845,지번
1159010500101020065,서울특별시 동작구 흑석동,서울특별시 동작구 서달로13길 5-23 (흑석동),근린생활1,제1종근린생활시설,1021112198,지번
1159010300106660002,서울특별시 동작구 상도1동,서울특별시 동작구 양녕로 264 (상도1동),근린생활1,제1종근린생활시설,10211100208279,지번
1159010700110320046,서울특별시 동작구 사당동,서울특별시 동작구 동작대로3길 32 (사당동),근린생활2,제2종근린생활시설,1021114035,지번
1159010500100500019,서울특별시 동작구 흑석동,서울특별시 동작구 서달로14길 26 (흑석동),근린생활2,제2종근린생활시설,1021110826,지번
1159010200103280012,서울특별시 동작구 상도동,서울특별시 동작구 상도로 97 (상도동),근린생활1,제1종근린생활시설,1021121600,지번
1159010700101390030,서울특별시 동작구 사당동,서울특별시 동작구 동작대로27길 5 (사당동),근린생활2,제2종근린생활시설,1021115601,지번
1159010100102310072,서울특별시 동작구 노량진동,서울특별시 동작구 장승배기로21길 2 (노량진동),근린생활1,제1종근린생활시설,1021117055,지번
1159010100101180008,서울특별시 동작구 노량진동,서울특별시 동작구 만양로 102-2 (노량진동),근린생활2,제2종근린생활시설,102119233,지번
1159010800104070046,서울특별시 동작구 대방동,서울특별시 동작구 여의대방로24길 129 (대방동),근린생활2,제2종근린생활시설,1021114118,지번
1159010100103020291,서울특별시 동작구 노량진동,서울특별시 동작구 장승배기로19길 50 (노량진동),근린생활1,제1종근린생활시설,1021120751,지번
1159010200102850013,서울특별시 동작구 상도동,서울특별시 동작구 국사봉길 151 (상도동),근린생활2,제2종근린생활시설,1021122500,지번
1159010100101480063,서울특별시 동작구 노량진동,서울특별시 동작구 만양로18길 19-3 (노량진동),근린생활2,제2종근린생활시설,1021129568,지번
1159010800100170020,서울특별시 동작구 대방동,서울특별시 동작구 등용로 88 (대방동),근린생활2,제2종근린생활시설,1021115301,지번
1159010100102320184,서울특별시 동작구 노량진동,서울특별시 동작구 장승배기로 149 (노량진동),근린생활1,제1종근린생활시설,1021126787,지번
1159010500101900061,서울특별시 동작구 흑석동,서울특별시 동작구 흑석로9길 12 (흑석동),근린생활2,제2종근린생활시설,102116038,지번
1159010700101400002,서울특별시 동작구 사당동,서울특별시 동작구 동작대로27다길 20 (사당동),근린생활2,제2종근린생활시설,1021120042,지번
